,時間軸コード,地域名（従業地・通学地）,従業地・通学地1,従業地・通学地2,都道府県,地域名（常住地）,総数_（人）,総数_男_（人）,総数_女_（人）,15歳以上就業者_総数_（人）,15歳以上就業者_男_（人）,15歳以上就業者_女_（人）,15歳以上通学者_総数_（人）,15歳以上通学者_男_（人）,15歳以上通学者_女_（人）,（別掲）15歳未満通学者を含む通学者_総数_（人）,（別掲）15歳未満通学者を含む通学者_男_（人）,（別掲）15歳未満通学者を含む通学者_女_（人）
,2020000000,さいたま市,総数（従業地・通学地による人口）,総数,総数,総数,652113,341736,310377,501418,264052,237366,53688,28198,25490,150694,77683,73011
,2020000000,さいたま市,自市区町村に常住,総数,総数,総数,279246,128912,150334,193395,84574,108821,13168,7222,5946,85851,44338,41513
,2020000000,さいたま市,自市区町村に常住,自宅で従業,総数,総数,47859,27132,20727,47859,27132,20727,0,0,0,0,0,0
,2020000000,さいたま市,自市区町村に常住,自宅外の自市区町村で従業・通学,総数,総数,231387,101780,129607,145536,57442,88094,13168,7222,5946,85851,44338,41513
,2020000000,さいたま市,他市区町村に常住,総数,総数,総数,330534,189088,141446,285482,165999,119483,37376,19304,18072,45051,23088,21963
,2020000000,さいたま市,他市区町村に常住,総数,北海道,北海道,57,52,5,42,38,4,15,14,1,15,14,1
,2020000000,さいたま市,他市区町村に常住,総数,北海道,札幌市,30,29,1,21,20,1,9,9,0,9,9,0
,2020000000,さいたま市,他市区町村に常住,総数,北海道,札幌市中央区,2,2,0,2,2,0,0,0,0,0,0,0
,2020000000,さいたま市,他市区町村に常住,総数,北海道,札幌市北区,1,1,0,0,0,0,1,1,0,1,1,0
,2020000000,さいたま市,他市区町村に常住,総数,北海道,札幌市東区,5,5,0,4,4,0,1,1,0,1,1,0
,2020000000,さいたま市,他市区町村に常住,総数,北海道,札幌市白石区,2,2,0,2,2,0,0,0,0,0,0,0
,2020000000,さいたま市,他市区町村に常住,総数,北海道,札幌市豊平区,3,3,0,2,2,0,1,1,0,1,1,0
,2020000000,さいたま市,他市区町村に常住,総数,北海道,札幌市南区,3,3,0,1,1,0,2,2,0,2,2,0
,2020000000,さいたま市,他市区町村に常住,総数,北海道,札幌市西区,7,7,0,5,5,0,2,2,0,2,2,0
,2020000000,さいたま市,他市区町村に常住,総数,北海道,札幌市厚別区,3,2,1,2,1,1,1,1,0,1,1,0
,2020000000,さいたま市,他市区町村に常住,総数,北海道,札幌市手稲区,1,1,0,1,1,0,0,0,0,0,0,0
,2020000000,さいたま市,他市区町村に常住,総数,北海道,札幌市清田区,3,3,0,2,2,0,1,1,0,1,1,0
,2020000000,さいたま市,他市区町村に常住,総数,北海道,函館市,1,1,0,1,1,0,0,0,0,0,0,0
,2020000000,さいたま市,他市区町村に常住,総数,北海道,小樽市,0,0,0,0,0,0,0,0,0,0,0,0
,2020000000,さいたま市,他市区町村に常住,総数,北海道,旭川市,4,4,0,2,2,0,2,2,0,2,2,0
,2020000000,さいたま市,他市区町村に常住,総数,北海道,室蘭市,0,0,0,0,0,0,0,0,0,0,0,0
,2020000000,さいたま市,他市区町村に常住,総数,北海道,釧路市,1,1,0,0,0,0,1,1,0,1,1,0
,2020000000,さいたま市,他市区町村に常住,総数,北海道,帯広市,1,1,0,1,1,0,0,0,0,0,0,0
,2020000000,さいたま市,他市区町村に常住,総数,北海道,北見市,1,0,1,1,0,1,0,0,0,0,0,0
,2020000000,さいたま市,他市区町村に常住,総数,北海道,夕張市,0,0,0,0,0,0,0,0,0,0,0,0
,2020000000,さいたま市,他市区町村に常住,総数,北海道,岩見沢市,0,0,0,0,0,0,0,0,0,0,0,0
,2020000000,さいたま市,他市区町村に常住,総数,北海道,網走市,0,0,0,0,0,0,0,0,0,0,0,0
,2020000000,さいたま市,他市区町村に常住,総数,北海道,留萌市,0,0,0,0,0,0,0,0,0,0,0,0
,2020000000,さいたま市,他市区町村に常住,総数,北海道,苫小牧市,2,1,1,2,1,1,0,0,0,0,0,0
,2020000000,さいたま市,他市区町村に常住,総数,北海道,稚内市,0,0,0,0,0,0,0,0,0,0,0,0
,2020000000,さいたま市,他市区町村に常住,総数,北海道,美唄市,0,0,0,0,0,0,0,0,0,0,0,0
,2020000000,さいたま市,他市区町村に常住,総数,北海道,芦別市,0,0,0,0,0,0,0,0,0,0,0,0
,2020000000,さいたま市,他市区町村に常住,総数,北海道,江別市,1,1,0,1,1,0,0,0,0,0,0,0
,2020000000,さいたま市,他市区町村に常住,総数,北海道,赤平市,0,0,0,0,0,0,0,0,0,0,0,0
,2020000000,さいたま市,他市区町村に常住,総数,北海道,紋別市,0,0,0,0,0,0,0,0,0,0,0,0
,2020000000,さいたま市,他市区町村に常住,総数,北海道,士別市,0,0,0,0,0,0,0,0,0,0,0,0
,2020000000,さいたま市,他市区町村に常住,総数,北海道,名寄市,0,0,0,0,0,0,0,0,0,0,0,0
,2020000000,さいたま市,他市区町村に常住,総数,北海道,三笠市,0,0,0,0,0,0,0,0,0,0,0,0
,2020000000,さいたま市,他市区町村に常住,総数,北海道,根室市,0,0,0,0,0,0,0,0,0,0,0,0
,2020000000,さいたま市,他市区町村に常住,総数,北海道,千歳市,3,3,0,2,2,0,1,1,0,1,1,0
,2020000000,さいたま市,他市区町村に常住,総数,北海道,滝川市,0,0,0,0,0,0,0,0,0,0,0,0
,2020000000,さいたま市,他市区町村に常住,総数,北海道,砂川市,0,0,0,0,0,0,0,0,0,0,0,0
,2020000000,さいたま市,他市区町村に常住,総数,北海道,歌志内市,0,0,0,0,0,0,0,0,0,0,0,0
,2020000000,さいたま市,他市区町村に常住,総数,北海道,深川市,0,0,0,0,0,0,0,0,0,0,0,0
,2020000000,さいたま市,他市区町村に常住,総数,北海道,富良野市,0,0,0,0,0,0,0,0,0,0,0,0
,2020000000,さいたま市,他市区町村に常住,総数,北海道,登別市,1,1,0,1,1,0,0,0,0,0,0,0
,2020000000,さいたま市,他市区町村に常住,総数,北海道,恵庭市,0,0,0,0,0,0,0,0,0,0,0,0
,2020000000,さいたま市,他市区町村に常住,総数,北海道,伊達市,0,0,0,0,0,0,0,0,0,0,0,0
,2020000000,さいたま市,他市区町村に常住,総数,北海道,北広島市,1,1,0,1,1,0,0,0,0,0,0,0
,2020000000,さいたま市,他市区町村に常住,総数,北海道,石狩市,0,0,0,0,0,0,0,0,0,0,0,0
,2020000000,さいたま市,他市区町村に常住,総数,北海道,北斗市,0,0,0,0,0,0,0,0,0,0,0,0
,2020000000,さいたま市,他市区町村に常住,総数,北海道,当別町,0,0,0,0,0,0,0,0,0,0,0,0
,2020000000,さいたま市,他市区町村に常住,総数,北海道,新篠津村,0,0,0,0,0,0,0,0,0,0,0,0
,2020000000,さいたま市,他市区町村に常住,総数,北海道,松前町,1,1,0,1,1,0,0,0,0,0,0,0
,2020000000,さいたま市,他市区町村に常住,総数,北海道,福島町,0,0,0,0,0,0,0,0,0,0,0,0
,2020000000,さいたま市,他市区町村に常住,総数,北海道,知内町,1,1,0,1,1,0,0,0,0,0,0,0
,2020000000,さいたま市,他市区町村に常住,総数,北海道,木古内町,0,0,0,0,0,0,0,0,0,0,0,0
,2020000000,さいたま市,他市区町村に常住,総数,北海道,七飯町,0,0,0,0,0,0,0,0,0,0,0,0
,2020000000,さいたま市,他市区町村に常住,総数,北海道,鹿部町,0,0,0,0,0,0,0,0,0,0,0,0
,2020000000,さいたま市,他市区町村に常住,総数,北海道,森町,2,2,0,2,2,0,0,0,0,0,0,0
,2020000000,さいたま市,他市区町村に常住,総数,北海道,八雲町,0,0,0,0,0,0,0,0,0,0,0,0
,2020000000,さいたま市,他市区町村に常住,総数,北海道,長万部町,0,0,0,0,0,0,0,0,0,0,0,0
,2020000000,さいたま市,他市区町村に常住,総数,北海道,江差町,0,0,0,0,0,0,0,0,0,0,0,0
,2020000000,さいたま市,他市区町村に常住,総数,北海道,上ノ国町,2,2,0,2,2,0,0,0,0,0,0,0
,2020000000,さいたま市,他市区町村に常住,総数,北海道,厚沢部町,0,0,0,0,0,0,0,0,0,0,0,0
,2020000000,さいたま市,他市区町村に常住,総数,北海道,乙部町,0,0,0,0,0,0,0,0,0,0,0,0
,2020000000,さいたま市,他市区町村に常住,総数,北海道,奥尻町,0,0,0,0,0,0,0,0,0,0,0,0
,2020000000,さいたま市,他市区町村に常住,総数,北海道,今金町,0,0,0,0,0,0,0,0,0,0,0,0
,2020000000,さいたま市,他市区町村に常住,総数,北海道,せたな町,0,0,0,0,0,0,0,0,0,0,0,0
,2020000000,さいたま市,他市区町村に常住,総数,北海道,島牧村,0,0,0,0,0,0,0,0,0,0,0,0
,2020000000,さいたま市,他市区町村に常住,総数,北海道,寿都町,0,0,0,0,0,0,0,0,0,0,0,0
,2020000000,さいたま市,他市区町村に常住,総数,北海道,黒松内町,0,0,0,0,0,0,0,0,0,0,0,0
,2020000000,さいたま市,他市区町村に常住,総数,北海道,蘭越町,0,0,0,0,0,0,0,0,0,0,0,0
,2020000000,さいたま市,他市区町村に常住,総数,北海道,ニセコ町,0,0,0,0,0,0,0,0,0,0,0,0
,2020000000,さいたま市,他市区町村に常住,総数,北海道,真狩村,0,0,0,0,0,0,0,0,0,0,0,0
,2020000000,さいたま市,他市区町村に常住,総数,北海道,留寿都村,0,0,0,0,0,0,0,0,0,0,0,0
,2020000000,さいたま市,他市区町村に常住,総数,北海道,喜茂別町,0,0,0,0,0,0,0,0,0,0,0,0
,2020000000,さいたま市,他市区町村に常住,総数,北海道,京極町,0,0,0,0,0,0,0,0,0,0,0,0
,2020000000,さいたま市,他市区町村に常住,総数,北海道,倶知安町,0,0,0,0,0,0,0,0,0,0,0,0
,2020000000,さいたま市,他市区町村に常住,総数,北海道,共和町,0,0,0,0,0,0,0,0,0,0,0,0
,2020000000,さいたま市,他市区町村に常住,総数,北海道,岩内町,0,0,0,0,0,0,0,0,0,0,0,0
,2020000000,さいたま市,他市区町村に常住,総数,北海道,泊村,0,0,0,0,0,0,0,0,0,0,0,0
,2020000000,さいたま市,他市区町村に常住,総数,北海道,神恵内村,0,0,0,0,0,0,0,0,0,0,0,0
,2020000000,さいたま市,他市区町村に常住,総数,北海道,積丹町,0,0,0,0,0,0,0,0,0,0,0,0
,2020000000,さいたま市,他市区町村に常住,総数,北海道,古平町,0,0,0,0,0,0,0,0,0,0,0,0
,2020000000,さいたま市,他市区町村に常住,総数,北海道,仁木町,0,0,0,0,0,0,0,0,0,0,0,0
,2020000000,さいたま市,他市区町村に常住,総数,北海道,余市町,0,0,0,0,0,0,0,0,0,0,0,0
,2020000000,さいたま市,他市区町村に常住,総数,北海道,赤井川村,0,0,0,0,0,0,0,0,0,0,0,0
,2020000000,さいたま市,他市区町村に常住,総数,北海道,南幌町,0,0,0,0,0,0,0,0,0,0,0,0
,2020000000,さいたま市,他市区町村に常住,総数,北海道,奈井江町,0,0,0,0,0,0,0,0,0,0,0,0
,2020000000,さいたま市,他市区町村に常住,総数,北海道,上砂川町,0,0,0,0,0,0,0,0,0,0,0,0
,2020000000,さいたま市,他市区町村に常住,総数,北海道,由仁町,0,0,0,0,0,0,0,0,0,0,0,0
,2020000000,さいたま市,他市区町村に常住,総数,北海道,長沼町,0,0,0,0,0,0,0,0,0,0,0,0
,2020000000,さいたま市,他市区町村に常住,総数,北海道,栗山町,0,0,0,0,0,0,0,0,0,0,0,0
,2020000000,さいたま市,他市区町村に常住,総数,北海道,月形町,0,0,0,0,0,0,0,0,0,0,0,0
,2020000000,さいたま市,他市区町村に常住,総数,北海道,浦臼町,0,0,0,0,0,0,0,0,0,0,0,0
,2020000000,さいたま市,他市区町村に常住,総数,北海道,新十津川町,0,0,0,0,0,0,0,0,0,0,0,0
,2020000000,さいたま市,他市区町村に常住,総数,北海道,妹背牛町,0,0,0,0,0,0,0,0,0,0,0,0
,2020000000,さいたま市,他市区町村に常住,総数,北海道,秩父別町,0,0,0,0,0,0,0,0,0,0,0,0
,2020000000,さいたま市,他市区町村に常住,総数,北海道,雨竜町,0,0,0,0,0,0,0,0,0,0,0,0
,2020000000,さいたま市,他市区町村に常住,総数,北海道,北竜町,0,0,0,0,0,0,0,0,0,0,0,0
,2020000000,さいたま市,他市区町村に常住,総数,北海道,沼田町,0,0,0,0,0,0,0,0,0,0,0,0
,2020000000,さいたま市,他市区町村に常住,総数,北海道,鷹栖町,0,0,0,0,0,0,0,0,0,0,0,0
,2020000000,さいたま市,他市区町村に常住,総数,北海道,東神楽町,0,0,0,0,0,0,0,0,0,0,0,0
,2020000000,さいたま市,他市区町村に常住,総数,北海道,当麻町,0,0,0,0,0,0,0,0,0,0,0,0
,2020000000,さいたま市,他市区町村に常住,総数,北海道,比布町,0,0,0,0,0,0,0,0,0,0,0,0
,2020000000,さいたま市,他市区町村に常住,総数,北海道,愛別町,0,0,0,0,0,0,0,0,0,0,0,0
,2020000000,さいたま市,他市区町村に常住,総数,北海道,上川町,0,0,0,0,0,0,0,0,0,0,0,0
,2020000000,さいたま市,他市区町村に常住,総数,北海道,東川町,0,0,0,0,0,0,0,0,0,0,0,0
,2020000000,さいたま市,他市区町村に常住,総数,北海道,美瑛町,0,0,0,0,0,0,0,0,0,0,0,0
,2020000000,さいたま市,他市区町村に常住,総数,北海道,上富良野町,0,0,0,0,0,0,0,0,0,0,0,0
,2020000000,さいたま市,他市区町村に常住,総数,北海道,中富良野町,0,0,0,0,0,0,0,0,0,0,0,0
,2020000000,さいたま市,他市区町村に常住,総数,北海道,南富良野町,0,0,0,0,0,0,0,0,0,0,0,0
,2020000000,さいたま市,他市区町村に常住,総数,北海道,占冠村,0,0,0,0,0,0,0,0,0,0,0,0
,2020000000,さいたま市,他市区町村に常住,総数,北海道,和寒町,0,0,0,0,0,0,0,0,0,0,0,0
,2020000000,さいたま市,他市区町村に常住,総数,北海道,剣淵町,0,0,0,0,0,0,0,0,0,0,0,0
,2020000000,さいたま市,他市区町村に常住,総数,北海道,下川町,0,0,0,0,0,0,0,0,0,0,0,0
,2020000000,さいたま市,他市区町村に常住,総数,北海道,美深町,0,0,0,0,0,0,0,0,0,0,0,0
,2020000000,さいたま市,他市区町村に常住,総数,北海道,音威子府村,0,0,0,0,0,0,0,0,0,0,0,0
,2020000000,さいたま市,他市区町村に常住,総数,北海道,中川町,0,0,0,0,0,0,0,0,0,0,0,0
,2020000000,さいたま市,他市区町村に常住,総数,北海道,幌加内町,0,0,0,0,0,0,0,0,0,0,0,0
,2020000000,さいたま市,他市区町村に常住,総数,北海道,増毛町,0,0,0,0,0,0,0,0,0,0,0,0
,2020000000,さいたま市,他市区町村に常住,総数,北海道,小平町,0,0,0,0,0,0,0,0,0,0,0,0
,2020000000,さいたま市,他市区町村に常住,総数,北海道,苫前町,0,0,0,0,0,0,0,0,0,0,0,0
,2020000000,さいたま市,他市区町村に常住,総数,北海道,羽幌町,0,0,0,0,0,0,0,0,0,0,0,0
,2020000000,さいたま市,他市区町村に常住,総数,北海道,初山別村,0,0,0,0,0,0,0,0,0,0,0,0
,2020000000,さいたま市,他市区町村に常住,総数,北海道,遠別町,0,0,0,0,0,0,0,0,0,0,0,0
,2020000000,さいたま市,他市区町村に常住,総数,北海道,天塩町,0,0,0,0,0,0,0,0,0,0,0,0
,2020000000,さいたま市,他市区町村に常住,総数,北海道,猿払村,0,0,0,0,0,0,0,0,0,0,0,0
,2020000000,さいたま市,他市区町村に常住,総数,北海道,浜頓別町,0,0,0,0,0,0,0,0,0,0,0,0
,2020000000,さいたま市,他市区町村に常住,総数,北海道,中頓別町,0,0,0,0,0,0,0,0,0,0,0,0
,2020000000,さいたま市,他市区町村に常住,総数,北海道,枝幸町,0,0,0,0,0,0,0,0,0,0,0,0
,2020000000,さいたま市,他市区町村に常住,総数,北海道,豊富町,0,0,0,0,0,0,0,0,0,0,0,0
,2020000000,さいたま市,他市区町村に常住,総数,北海道,礼文町,0,0,0,0,0,0,0,0,0,0,0,0
,2020000000,さいたま市,他市区町村に常住,総数,北海道,利尻町,0,0,0,0,0,0,0,0,0,0,0,0
,2020000000,さいたま市,他市区町村に常住,総数,北海道,利尻富士町,0,0,0,0,0,0,0,0,0,0,0,0
,2020000000,さいたま市,他市区町村に常住,総数,北海道,幌延町,0,0,0,0,0,0,0,0,0,0,0,0
,2020000000,さいたま市,他市区町村に常住,総数,北海道,美幌町,0,0,0,0,0,0,0,0,0,0,0,0
,2020000000,さいたま市,他市区町村に常住,総数,北海道,津別町,0,0,0,0,0,0,0,0,0,0,0,0
,2020000000,さいたま市,他市区町村に常住,総数,北海道,斜里町,0,0,0,0,0,0,0,0,0,0,0,0
,2020000000,さいたま市,他市区町村に常住,総数,北海道,清里町,0,0,0,0,0,0,0,0,0,0,0,0
,2020000000,さいたま市,他市区町村に常住,総数,北海道,小清水町,0,0,0,0,0,0,0,0,0,0,0,0
,2020000000,さいたま市,他市区町村に常住,総数,北海道,訓子府町,0,0,0,0,0,0,0,0,0,0,0,0
,2020000000,さいたま市,他市区町村に常住,総数,北海道,置戸町,0,0,0,0,0,0,0,0,0,0,0,0
,2020000000,さいたま市,他市区町村に常住,総数,北海道,佐呂間町,0,0,0,0,0,0,0,0,0,0,0,0
,2020000000,さいたま市,他市区町村に常住,総数,北海道,遠軽町,0,0,0,0,0,0,0,0,0,0,0,0
,2020000000,さいたま市,他市区町村に常住,総数,北海道,湧別町,0,0,0,0,0,0,0,0,0,0,0,0
,2020000000,さいたま市,他市区町村に常住,総数,北海道,滝上町,0,0,0,0,0,0,0,0,0,0,0,0
,2020000000,さいたま市,他市区町村に常住,総数,北海道,興部町,0,0,0,0,0,0,0,0,0,0,0,0
,2020000000,さいたま市,他市区町村に常住,総数,北海道,西興部村,0,0,0,0,0,0,0,0,0,0,0,0
,2020000000,さいたま市,他市区町村に常住,総数,北海道,雄武町,0,0,0,0,0,0,0,0,0,0,0,0
,2020000000,さいたま市,他市区町村に常住,総数,北海道,大空町,0,0,0,0,0,0,0,0,0,0,0,0
,2020000000,さいたま市,他市区町村に常住,総数,北海道,豊浦町,0,0,0,0,0,0,0,0,0,0,0,0
,2020000000,さいたま市,他市区町村に常住,総数,北海道,壮瞥町,0,0,0,0,0,0,0,0,0,0,0,0
,2020000000,さいたま市,他市区町村に常住,総数,北海道,白老町,0,0,0,0,0,0,0,0,0,0,0,0
,2020000000,さいたま市,他市区町村に常住,総数,北海道,厚真町,0,0,0,0,0,0,0,0,0,0,0,0
,2020000000,さいたま市,他市区町村に常住,総数,北海道,洞爺湖町,0,0,0,0,0,0,0,0,0,0,0,0
,2020000000,さいたま市,他市区町村に常住,総数,北海道,安平町,0,0,0,0,0,0,0,0,0,0,0,0
,2020000000,さいたま市,他市区町村に常住,総数,北海道,むかわ町,0,0,0,0,0,0,0,0,0,0,0,0
,2020000000,さいたま市,他市区町村に常住,総数,北海道,日高町,0,0,0,0,0,0,0,0,0,0,0,0
,2020000000,さいたま市,他市区町村に常住,総数,北海道,平取町,0,0,0,0,0,0,0,0,0,0,0,0
,2020000000,さいたま市,他市区町村に常住,総数,北海道,新冠町,2,1,1,2,1,1,0,0,0,0,0,0
,2020000000,さいたま市,他市区町村に常住,総数,北海道,浦河町,0,0,0,0,0,0,0,0,0,0,0,0
,2020000000,さいたま市,他市区町村に常住,総数,北海道,様似町,0,0,0,0,0,0,0,0,0,0,0,0
,2020000000,さいたま市,他市区町村に常住,総数,北海道,えりも町,0,0,0,0,0,0,0,0,0,0,0,0
,2020000000,さいたま市,他市区町村に常住,総数,北海道,新ひだか町,0,0,0,0,0,0,0,0,0,0,0,0
,2020000000,さいたま市,他市区町村に常住,総数,北海道,音更町,2,2,0,1,1,0,1,1,0,1,1,0
,2020000000,さいたま市,他市区町村に常住,総数,北海道,士幌町,0,0,0,0,0,0,0,0,0,0,0,0
,2020000000,さいたま市,他市区町村に常住,総数,北海道,上士幌町,0,0,0,0,0,0,0,0,0,0,0,0
,2020000000,さいたま市,他市区町村に常住,総数,北海道,鹿追町,0,0,0,0,0,0,0,0,0,0,0,0
,2020000000,さいたま市,他市区町村に常住,総数,北海道,新得町,0,0,0,0,0,0,0,0,0,0,0,0
,2020000000,さいたま市,他市区町村に常住,総数,北海道,清水町,0,0,0,0,0,0,0,0,0,0,0,0
,2020000000,さいたま市,他市区町村に常住,総数,北海道,芽室町,0,0,0,0,0,0,0,0,0,0,0,0
,2020000000,さいたま市,他市区町村に常住,総数,北海道,中札内村,0,0,0,0,0,0,0,0,0,0,0,0
,2020000000,さいたま市,他市区町村に常住,総数,北海道,更別村,0,0,0,0,0,0,0,0,0,0,0,0
,2020000000,さいたま市,他市区町村に常住,総数,北海道,大樹町,0,0,0,0,0,0,0,0,0,0,0,0
,2020000000,さいたま市,他市区町村に常住,総数,北海道,広尾町,0,0,0,0,0,0,0,0,0,0,0,0
,2020000000,さいたま市,他市区町村に常住,総数,北海道,幕別町,0,0,0,0,0,0,0,0,0,0,0,0
,2020000000,さいたま市,他市区町村に常住,総数,北海道,池田町,0,0,0,0,0,0,0,0,0,0,0,0
,2020000000,さいたま市,他市区町村に常住,総数,北海道,豊頃町,0,0,0,0,0,0,0,0,0,0,0,0
,2020000000,さいたま市,他市区町村に常住,総数,北海道,本別町,0,0,0,0,0,0,0,0,0,0,0,0
,2020000000,さいたま市,他市区町村に常住,総数,北海道,足寄町,0,0,0,0,0,0,0,0,0,0,0,0
,2020000000,さいたま市,他市区町村に常住,総数,北海道,陸別町,0,0,0,0,0,0,0,0,0,0,0,0
,2020000000,さいたま市,他市区町村に常住,総数,北海道,浦幌町,0,0,0,0,0,0,0,0,0,0,0,0
,2020000000,さいたま市,他市区町村に常住,総数,北海道,釧路町,0,0,0,0,0,0,0,0,0,0,0,0
,2020000000,さいたま市,他市区町村に常住,総数,北海道,厚岸町,0,0,0,0,0,0,0,0,0,0,0,0
,2020000000,さいたま市,他市区町村に常住,総数,北海道,浜中町,0,0,0,0,0,0,0,0,0,0,0,0
,2020000000,さいたま市,他市区町村に常住,総数,北海道,標茶町,0,0,0,0,0,0,0,0,0,0,0,0
,2020000000,さいたま市,他市区町村に常住,総数,北海道,弟子屈町,0,0,0,0,0,0,0,0,0,0,0,0
,2020000000,さいたま市,他市区町村に常住,総数,北海道,鶴居村,1,0,1,0,0,0,1,0,1,1,0,1
,2020000000,さいたま市,他市区町村に常住,総数,北海道,白糠町,0,0,0,0,0,0,0,0,0,0,0,0
,2020000000,さいたま市,他市区町村に常住,総数,北海道,別海町,0,0,0,0,0,0,0,0,0,0,0,0
,2020000000,さいたま市,他市区町村に常住,総数,北海道,中標津町,0,0,0,0,0,0,0,0,0,0,0,0
,2020000000,さいたま市,他市区町村に常住,総数,北海道,標津町,0,0,0,0,0,0,0,0,0,0,0,0
,2020000000,さいたま市,他市区町村に常住,総数,北海道,羅臼町,0,0,0,0,0,0,0,0,0,0,0,0
,2020000000,さいたま市,他市区町村に常住,総数,青森県,青森県,45,38,7,34,31,3,11,7,4,11,7,4
,2020000000,さいたま市,他市区町村に常住,総数,青森県,青森市,8,7,1,6,5,1,2,2,0,2,2,0
,2020000000,さいたま市,他市区町村に常住,総数,青森県,弘前市,6,6,0,4,4,0,2,2,0,2,2,0
,2020000000,さいたま市,他市区町村に常住,総数,青森県,八戸市,8,5,3,5,5,0,3,0,3,3,0,3
,2020000000,さいたま市,他市区町村に常住,総数,青森県,黒石市,1,1,0,1,1,0,0,0,0,0,0,0
,2020000000,さいたま市,他市区町村に常住,総数,青森県,五所川原市,1,1,0,1,1,0,0,0,0,0,0,0
,2020000000,さいたま市,他市区町村に常住,総数,青森県,十和田市,4,4,0,3,3,0,1,1,0,1,1,0
,2020000000,さいたま市,他市区町村に常住,総数,青森県,三沢市,1,1,0,1,1,0,0,0,0,0,0,0
,2020000000,さいたま市,他市区町村に常住,総数,青森県,むつ市,2,1,1,1,0,1,1,1,0,1,1,0
,2020000000,さいたま市,他市区町村に常住,総数,青森県,つがる市,0,0,0,0,0,0,0,0,0,0,0,0
,2020000000,さいたま市,他市区町村に常住,総数,青森県,平川市,1,1,0,1,1,0,0,0,0,0,0,0
,2020000000,さいたま市,他市区町村に常住,総数,青森県,平内町,0,0,0,0,0,0,0,0,0,0,0,0
,2020000000,さいたま市,他市区町村に常住,総数,青森県,今別町,0,0,0,0,0,0,0,0,0,0,0,0
,2020000000,さいたま市,他市区町村に常住,総数,青森県,蓬田村,0,0,0,0,0,0,0,0,0,0,0,0
,2020000000,さいたま市,他市区町村に常住,総数,青森県,外ヶ浜町,0,0,0,0,0,0,0,0,0,0,0,0
,2020000000,さいたま市,他市区町村に常住,総数,青森県,鰺ヶ沢町,2,2,0,2,2,0,0,0,0,0,0,0
,2020000000,さいたま市,他市区町村に常住,総数,青森県,深浦町,0,0,0,0,0,0,0,0,0,0,0,0
,2020000000,さいたま市,他市区町村に常住,総数,青森県,西目屋村,0,0,0,0,0,0,0,0,0,0,0,0
,2020000000,さいたま市,他市区町村に常住,総数,青森県,藤崎町,0,0,0,0,0,0,0,0,0,0,0,0
,2020000000,さいたま市,他市区町村に常住,総数,青森県,大鰐町,0,0,0,0,0,0,0,0,0,0,0,0
,2020000000,さいたま市,他市区町村に常住,総数,青森県,田舎館村,0,0,0,0,0,0,0,0,0,0,0,0
,2020000000,さいたま市,他市区町村に常住,総数,青森県,板柳町,0,0,0,0,0,0,0,0,0,0,0,0
,2020000000,さいたま市,他市区町村に常住,総数,青森県,鶴田町,0,0,0,0,0,0,0,0,0,0,0,0
,2020000000,さいたま市,他市区町村に常住,総数,青森県,中泊町,4,4,0,4,4,0,0,0,0,0,0,0
,2020000000,さいたま市,他市区町村に常住,総数,青森県,野辺地町,0,0,0,0,0,0,0,0,0,0,0,0
,2020000000,さいたま市,他市区町村に常住,総数,青森県,七戸町,0,0,0,0,0,0,0,0,0,0,0,0
,2020000000,さいたま市,他市区町村に常住,総数,青森県,六戸町,0,0,0,0,0,0,0,0,0,0,0,0
,2020000000,さいたま市,他市区町村に常住,総数,青森県,横浜町,0,0,0,0,0,0,0,0,0,0,0,0
,2020000000,さいたま市,他市区町村に常住,総数,青森県,東北町,1,1,0,1,1,0,0,0,0,0,0,0
,2020000000,さいたま市,他市区町村に常住,総数,青森県,六ヶ所村,0,0,0,0,0,0,0,0,0,0,0,0
,2020000000,さいたま市,他市区町村に常住,総数,青森県,おいらせ町,2,2,0,2,2,0,0,0,0,0,0,0
,2020000000,さいたま市,他市区町村に常住,総数,青森県,大間町,1,0,1,1,0,1,0,0,0,0,0,0
,2020000000,さいたま市,他市区町村に常住,総数,青森県,東通村,0,0,0,0,0,0,0,0,0,0,0,0
,2020000000,さいたま市,他市区町村に常住,総数,青森県,風間浦村,0,0,0,0,0,0,0,0,0,0,0,0
,2020000000,さいたま市,他市区町村に常住,総数,青森県,佐井村,2,1,1,0,0,0,2,1,1,2,1,1
,2020000000,さいたま市,他市区町村に常住,総数,青森県,三戸町,0,0,0,0,0,0,0,0,0,0,0,0
,2020000000,さいたま市,他市区町村に常住,総数,青森県,五戸町,0,0,0,0,0,0,0,0,0,0,0,0
,2020000000,さいたま市,他市区町村に常住,総数,青森県,田子町,0,0,0,0,0,0,0,0,0,0,0,0
,2020000000,さいたま市,他市区町村に常住,総数,青森県,南部町,0,0,0,0,0,0,0,0,0,0,0,0
,2020000000,さいたま市,他市区町村に常住,総数,青森県,階上町,1,1,0,1,1,0,0,0,0,0,0,0
,2020000000,さいたま市,他市区町村に常住,総数,青森県,新郷村,0,0,0,0,0,0,0,0,0,0,0,0
,2020000000,さいたま市,他市区町村に常住,総数,岩手県,岩手県,40,29,11,32,26,6,8,3,5,8,3,5
,2020000000,さいたま市,他市区町村に常住,総数,岩手県,盛岡市,8,4,4,7,4,3,1,0,1,1,0,1
,2020000000,さいたま市,他市区町村に常住,総数,岩手県,宮古市,2,2,0,2,2,0,0,0,0,0,0,0
,2020000000,さいたま市,他市区町村に常住,総数,岩手県,大船渡市,2,1,1,0,0,0,2,1,1,2,1,1
,2020000000,さいたま市,他市区町村に常住,総数,岩手県,花巻市,7,5,2,4,4,0,3,1,2,3,1,2
,2020000000,さいたま市,他市区町村に常住,総数,岩手県,北上市,4,3,1,3,2,1,1,1,0,1,1,0
,2020000000,さいたま市,他市区町村に常住,総数,岩手県,久慈市,2,2,0,2,2,0,0,0,0,0,0,0
,2020000000,さいたま市,他市区町村に常住,総数,岩手県,遠野市,0,0,0,0,0,0,0,0,0,0,0,0
,2020000000,さいたま市,他市区町村に常住,総数,岩手県,一関市,6,6,0,6,6,0,0,0,0,0,0,0
,2020000000,さいたま市,他市区町村に常住,総数,岩手県,陸前高田市,0,0,0,0,0,0,0,0,0,0,0,0
,2020000000,さいたま市,他市区町村に常住,総数,岩手県,釜石市,1,0,1,0,0,0,1,0,1,1,0,1
,2020000000,さいたま市,他市区町村に常住,総数,岩手県,二戸市,0,0,0,0,0,0,0,0,0,0,0,0
,2020000000,さいたま市,他市区町村に常住,総数,岩手県,八幡平市,0,0,0,0,0,0,0,0,0,0,0,0
,2020000000,さいたま市,他市区町村に常住,総数,岩手県,奥州市,0,0,0,0,0,0,0,0,0,0,0,0
,2020000000,さいたま市,他市区町村に常住,総数,岩手県,滝沢市,3,2,1,3,2,1,0,0,0,0,0,0
,2020000000,さいたま市,他市区町村に常住,総数,岩手県,雫石町,0,0,0,0,0,0,0,0,0,0,0,0
,2020000000,さいたま市,他市区町村に常住,総数,岩手県,葛巻町,0,0,0,0,0,0,0,0,0,0,0,0
,2020000000,さいたま市,他市区町村に常住,総数,岩手県,岩手町,0,0,0,0,0,0,0,0,0,0,0,0
,2020000000,さいたま市,他市区町村に常住,総数,岩手県,紫波町,1,1,0,1,1,0,0,0,0,0,0,0
,2020000000,さいたま市,他市区町村に常住,総数,岩手県,矢巾町,0,0,0,0,0,0,0,0,0,0,0,0
,2020000000,さいたま市,他市区町村に常住,総数,岩手県,西和賀町,0,0,0,0,0,0,0,0,0,0,0,0
,2020000000,さいたま市,他市区町村に常住,総数,岩手県,金ケ崎町,0,0,0,0,0,0,0,0,0,0,0,0
,2020000000,さいたま市,他市区町村に常住,総数,岩手県,平泉町,1,0,1,1,0,1,0,0,0,0,0,0
,2020000000,さいたま市,他市区町村に常住,総数,岩手県,住田町,0,0,0,0,0,0,0,0,0,0,0,0
,2020000000,さいたま市,他市区町村に常住,総数,岩手県,大槌町,0,0,0,0,0,0,0,0,0,0,0,0
,2020000000,さいたま市,他市区町村に常住,総数,岩手県,山田町,0,0,0,0,0,0,0,0,0,0,0,0
,2020000000,さいたま市,他市区町村に常住,総数,岩手県,岩泉町,0,0,0,0,0,0,0,0,0,0,0,0
,2020000000,さいたま市,他市区町村に常住,総数,岩手県,田野畑村,0,0,0,0,0,0,0,0,0,0,0,0
,2020000000,さいたま市,他市区町村に常住,総数,岩手県,普代村,1,1,0,1,1,0,0,0,0,0,0,0
,2020000000,さいたま市,他市区町村に常住,総数,岩手県,軽米町,0,0,0,0,0,0,0,0,0,0,0,0
,2020000000,さいたま市,他市区町村に常住,総数,岩手県,野田村,0,0,0,0,0,0,0,0,0,0,0,0
,2020000000,さいたま市,他市区町村に常住,総数,岩手県,九戸村,0,0,0,0,0,0,0,0,0,0,0,0
,2020000000,さいたま市,他市区町村に常住,総数,岩手県,洋野町,2,2,0,2,2,0,0,0,0,0,0,0
,2020000000,さいたま市,他市区町村に常住,総数,岩手県,一戸町,0,0,0,0,0,0,0,0,0,0,0,0
,2020000000,さいたま市,他市区町村に常住,総数,宮城県,宮城県,116,95,21,89,77,12,27,18,9,27,18,9
,2020000000,さいたま市,他市区町村に常住,総数,宮城県,仙台市,69,59,10,52,47,5,17,12,5,17,12,5
,2020000000,さいたま市,他市区町村に常住,総数,宮城県,仙台市青葉区,18,17,1,13,13,0,5,4,1,5,4,1
,2020000000,さいたま市,他市区町村に常住,総数,宮城県,仙台市宮城野区,11,9,2,8,7,1,3,2,1,3,2,1
,2020000000,さいたま市,他市区町村に常住,総数,宮城県,仙台市若林区,10,8,2,9,7,2,1,1,0,1,1,0
,2020000000,さいたま市,他市区町村に常住,総数,宮城県,仙台市太白区,14,10,4,10,8,2,4,2,2,4,2,2
,2020000000,さいたま市,他市区町村に常住,総数,宮城県,仙台市泉区,16,15,1,12,12,0,4,3,1,4,3,1
,2020000000,さいたま市,他市区町村に常住,総数,宮城県,石巻市,1,1,0,1,1,0,0,0,0,0,0,0
,2020000000,さいたま市,他市区町村に常住,総数,宮城県,塩竈市,0,0,0,0,0,0,0,0,0,0,0,0
,2020000000,さいたま市,他市区町村に常住,総数,宮城県,気仙沼市,2,1,1,0,0,0,2,1,1,2,1,1
,2020000000,さいたま市,他市区町村に常住,総数,宮城県,白石市,2,2,0,2,2,0,0,0,0,0,0,0
,2020000000,さいたま市,他市区町村に常住,総数,宮城県,名取市,6,6,0,5,5,0,1,1,0,1,1,0
,2020000000,さいたま市,他市区町村に常住,総数,宮城県,角田市,1,1,0,1,1,0,0,0,0,0,0,0
,2020000000,さいたま市,他市区町村に常住,総数,宮城県,多賀城市,1,1,0,1,1,0,0,0,0,0,0,0
,2020000000,さいたま市,他市区町村に常住,総数,宮城県,岩沼市,1,1,0,1,1,0,0,0,0,0,0,0
,2020000000,さいたま市,他市区町村に常住,総数,宮城県,登米市,2,1,1,2,1,1,0,0,0,0,0,0
,2020000000,さいたま市,他市区町村に常住,総数,宮城県,栗原市,3,2,1,1,1,0,2,1,1,2,1,1
,2020000000,さいたま市,他市区町村に常住,総数,宮城県,東松島市,0,0,0,0,0,0,0,0,0,0,0,0
,2020000000,さいたま市,他市区町村に常住,総数,宮城県,大崎市,3,1,2,3,1,2,0,0,0,0,0,0
,2020000000,さいたま市,他市区町村に常住,総数,宮城県,富谷市,8,7,1,5,5,0,3,2,1,3,2,1
,2020000000,さいたま市,他市区町村に常住,総数,宮城県,蔵王町,1,1,0,1,1,0,0,0,0,0,0,0
,2020000000,さいたま市,他市区町村に常住,総数,宮城県,七ヶ宿町,1,1,0,1,1,0,0,0,0,0,0,0
,2020000000,さいたま市,他市区町村に常住,総数,宮城県,大河原町,1,1,0,1,1,0,0,0,0,0,0,0
,2020000000,さいたま市,他市区町村に常住,総数,宮城県,村田町,0,0,0,0,0,0,0,0,0,0,0,0
,2020000000,さいたま市,他市区町村に常住,総数,宮城県,柴田町,2,1,1,2,1,1,0,0,0,0,0,0
,2020000000,さいたま市,他市区町村に常住,総数,宮城県,川崎町,1,1,0,1,1,0,0,0,0,0,0,0
,2020000000,さいたま市,他市区町村に常住,総数,宮城県,丸森町,0,0,0,0,0,0,0,0,0,0,0,0
,2020000000,さいたま市,他市区町村に常住,総数,宮城県,亘理町,1,1,0,1,1,0,0,0,0,0,0,0
,2020000000,さいたま市,他市区町村に常住,総数,宮城県,山元町,1,1,0,1,1,0,0,0,0,0,0,0
,2020000000,さいたま市,他市区町村に常住,総数,宮城県,松島町,0,0,0,0,0,0,0,0,0,0,0,0
,2020000000,さいたま市,他市区町村に常住,総数,宮城県,七ヶ浜町,0,0,0,0,0,0,0,0,0,0,0,0
,2020000000,さいたま市,他市区町村に常住,総数,宮城県,利府町,4,2,2,3,2,1,1,0,1,1,0,1
,2020000000,さいたま市,他市区町村に常住,総数,宮城県,大和町,1,1,0,1,1,0,0,0,0,0,0,0
,2020000000,さいたま市,他市区町村に常住,総数,宮城県,大郷町,0,0,0,0,0,0,0,0,0,0,0,0
,2020000000,さいたま市,他市区町村に常住,総数,宮城県,大衡村,1,0,1,1,0,1,0,0,0,0,0,0
,2020000000,さいたま市,他市区町村に常住,総数,宮城県,色麻町,0,0,0,0,0,0,0,0,0,0,0,0
,2020000000,さいたま市,他市区町村に常住,総数,宮城県,加美町,0,0,0,0,0,0,0,0,0,0,0,0
,2020000000,さいたま市,他市区町村に常住,総数,宮城県,涌谷町,2,1,1,1,0,1,1,1,0,1,1,0
,2020000000,さいたま市,他市区町村に常住,総数,宮城県,美里町,1,1,0,1,1,0,0,0,0,0,0,0
,2020000000,さいたま市,他市区町村に常住,総数,宮城県,女川町,0,0,0,0,0,0,0,0,0,0,0,0
,2020000000,さいたま市,他市区町村に常住,総数,宮城県,南三陸町,0,0,0,0,0,0,0,0,0,0,0,0
,2020000000,さいたま市,他市区町村に常住,総数,秋田県,秋田県,17,14,3,13,10,3,4,4,0,4,4,0
,2020000000,さいたま市,他市区町村に常住,総数,秋田県,秋田市,3,2,1,2,1,1,1,1,0,1,1,0
,2020000000,さいたま市,他市区町村に常住,総数,秋田県,能代市,1,1,0,1,1,0,0,0,0,0,0,0
,2020000000,さいたま市,他市区町村に常住,総数,秋田県,横手市,2,2,0,1,1,0,1,1,0,1,1,0
,2020000000,さいたま市,他市区町村に常住,総数,秋田県,大館市,3,2,1,2,1,1,1,1,0,1,1,0
,2020000000,さいたま市,他市区町村に常住,総数,秋田県,男鹿市,2,2,0,2,2,0,0,0,0,0,0,0
,2020000000,さいたま市,他市区町村に常住,総数,秋田県,湯沢市,0,0,0,0,0,0,0,0,0,0,0,0
,2020000000,さいたま市,他市区町村に常住,総数,秋田県,鹿角市,0,0,0,0,0,0,0,0,0,0,0,0
,2020000000,さいたま市,他市区町村に常住,総数,秋田県,由利本荘市,1,0,1,1,0,1,0,0,0,0,0,0
,2020000000,さいたま市,他市区町村に常住,総数,秋田県,潟上市,0,0,0,0,0,0,0,0,0,0,0,0
,2020000000,さいたま市,他市区町村に常住,総数,秋田県,大仙市,2,2,0,2,2,0,0,0,0,0,0,0
,2020000000,さいたま市,他市区町村に常住,総数,秋田県,北秋田市,0,0,0,0,0,0,0,0,0,0,0,0
,2020000000,さいたま市,他市区町村に常住,総数,秋田県,にかほ市,0,0,0,0,0,0,0,0,0,0,0,0
,2020000000,さいたま市,他市区町村に常住,総数,秋田県,仙北市,1,1,0,0,0,0,1,1,0,1,1,0
,2020000000,さいたま市,他市区町村に常住,総数,秋田県,小坂町,1,1,0,1,1,0,0,0,0,0,0,0
,2020000000,さいたま市,他市区町村に常住,総数,秋田県,上小阿仁村,0,0,0,0,0,0,0,0,0,0,0,0
,2020000000,さいたま市,他市区町村に常住,総数,秋田県,藤里町,0,0,0,0,0,0,0,0,0,0,0,0
,2020000000,さいたま市,他市区町村に常住,総数,秋田県,三種町,1,1,0,1,1,0,0,0,0,0,0,0
,2020000000,さいたま市,他市区町村に常住,総数,秋田県,八峰町,0,0,0,0,0,0,0,0,0,0,0,0
,2020000000,さいたま市,他市区町村に常住,総数,秋田県,五城目町,0,0,0,0,0,0,0,0,0,0,0,0
,2020000000,さいたま市,他市区町村に常住,総数,秋田県,八郎潟町,0,0,0,0,0,0,0,0,0,0,0,0
,2020000000,さいたま市,他市区町村に常住,総数,秋田県,井川町,0,0,0,0,0,0,0,0,0,0,0,0
,2020000000,さいたま市,他市区町村に常住,総数,秋田県,大潟村,0,0,0,0,0,0,0,0,0,0,0,0
,2020000000,さいたま市,他市区町村に常住,総数,秋田県,美郷町,0,0,0,0,0,0,0,0,0,0,0,0
,2020000000,さいたま市,他市区町村に常住,総数,秋田県,羽後町,0,0,0,0,0,0,0,0,0,0,0,0
,2020000000,さいたま市,他市区町村に常住,総数,秋田県,東成瀬村,0,0,0,0,0,0,0,0,0,0,0,0
,2020000000,さいたま市,他市区町村に常住,総数,山形県,山形県,24,17,7,9,8,1,15,9,6,15,9,6
,2020000000,さいたま市,他市区町村に常住,総数,山形県,山形市,4,2,2,2,1,1,2,1,1,2,1,1
,2020000000,さいたま市,他市区町村に常住,総数,山形県,米沢市,2,2,0,1,1,0,1,1,0,1,1,0
,2020000000,さいたま市,他市区町村に常住,総数,山形県,鶴岡市,6,3,3,0,0,0,6,3,3,6,3,3
,2020000000,さいたま市,他市区町村に常住,総数,山形県,酒田市,0,0,0,0,0,0,0,0,0,0,0,0
,2020000000,さいたま市,他市区町村に常住,総数,山形県,新庄市,0,0,0,0,0,0,0,0,0,0,0,0
,2020000000,さいたま市,他市区町村に常住,総数,山形県,寒河江市,0,0,0,0,0,0,0,0,0,0,0,0
,2020000000,さいたま市,他市区町村に常住,総数,山形県,上山市,0,0,0,0,0,0,0,0,0,0,0,0
,2020000000,さいたま市,他市区町村に常住,総数,山形県,村山市,0,0,0,0,0,0,0,0,0,0,0,0
,2020000000,さいたま市,他市区町村に常住,総数,山形県,長井市,2,1,1,1,1,0,1,0,1,1,0,1
,2020000000,さいたま市,他市区町村に常住,総数,山形県,天童市,1,1,0,0,0,0,1,1,0,1,1,0
,2020000000,さいたま市,他市区町村に常住,総数,山形県,東根市,2,2,0,1,1,0,1,1,0,1,1,0
,2020000000,さいたま市,他市区町村に常住,総数,山形県,尾花沢市,0,0,0,0,0,0,0,0,0,0,0,0
,2020000000,さいたま市,他市区町村に常住,総数,山形県,南陽市,1,0,1,0,0,0,1,0,1,1,0,1
,2020000000,さいたま市,他市区町村に常住,総数,山形県,山辺町,1,1,0,0,0,0,1,1,0,1,1,0
,2020000000,さいたま市,他市区町村に常住,総数,山形県,中山町,0,0,0,0,0,0,0,0,0,0,0,0
,2020000000,さいたま市,他市区町村に常住,総数,山形県,河北町,0,0,0,0,0,0,0,0,0,0,0,0
,2020000000,さいたま市,他市区町村に常住,総数,山形県,西川町,0,0,0,0,0,0,0,0,0,0,0,0
,2020000000,さいたま市,他市区町村に常住,総数,山形県,朝日町,0,0,0,0,0,0,0,0,0,0,0,0
,2020000000,さいたま市,他市区町村に常住,総数,山形県,大江町,0,0,0,0,0,0,0,0,0,0,0,0
,2020000000,さいたま市,他市区町村に常住,総数,山形県,大石田町,1,1,0,1,1,0,0,0,0,0,0,0
,2020000000,さいたま市,他市区町村に常住,総数,山形県,金山町,0,0,0,0,0,0,0,0,0,0,0,0
,2020000000,さいたま市,他市区町村に常住,総数,山形県,最上町,0,0,0,0,0,0,0,0,0,0,0,0
,2020000000,さいたま市,他市区町村に常住,総数,山形県,舟形町,0,0,0,0,0,0,0,0,0,0,0,0
,2020000000,さいたま市,他市区町村に常住,総数,山形県,真室川町,0,0,0,0,0,0,0,0,0,0,0,0
,2020000000,さいたま市,他市区町村に常住,総数,山形県,大蔵村,0,0,0,0,0,0,0,0,0,0,0,0
,2020000000,さいたま市,他市区町村に常住,総数,山形県,鮭川村,0,0,0,0,0,0,0,0,0,0,0,0
,2020000000,さいたま市,他市区町村に常住,総数,山形県,戸沢村,1,1,0,1,1,0,0,0,0,0,0,0
,2020000000,さいたま市,他市区町村に常住,総数,山形県,高畠町,0,0,0,0,0,0,0,0,0,0,0,0
,2020000000,さいたま市,他市区町村に常住,総数,山形県,川西町,1,1,0,0,0,0,1,1,0,1,1,0
,2020000000,さいたま市,他市区町村に常住,総数,山形県,小国町,0,0,0,0,0,0,0,0,0,0,0,0
,2020000000,さいたま市,他市区町村に常住,総数,山形県,白鷹町,1,1,0,1,1,0,0,0,0,0,0,0
,2020000000,さいたま市,他市区町村に常住,総数,山形県,飯豊町,0,0,0,0,0,0,0,0,0,0,0,0
,2020000000,さいたま市,他市区町村に常住,総数,山形県,三川町,0,0,0,0,0,0,0,0,0,0,0,0
,2020000000,さいたま市,他市区町村に常住,総数,山形県,庄内町,1,1,0,1,1,0,0,0,0,0,0,0
,2020000000,さいたま市,他市区町村に常住,総数,山形県,遊佐町,0,0,0,0,0,0,0,0,0,0,0,0
,2020000000,さいたま市,他市区町村に常住,総数,福島県,福島県,185,147,38,132,117,15,48,25,23,53,30,23
,2020000000,さいたま市,他市区町村に常住,総数,福島県,福島市,17,14,3,13,13,0,4,1,3,4,1,3
,2020000000,さいたま市,他市区町村に常住,総数,福島県,会津若松市,11,5,6,7,3,4,4,2,2,4,2,2
,2020000000,さいたま市,他市区町村に常住,総数,福島県,郡山市,49,38,11,30,25,5,15,9,6,19,13,6
,2020000000,さいたま市,他市区町村に常住,総数,福島県,いわき市,11,9,2,8,8,0,3,1,2,3,1,2
,2020000000,さいたま市,他市区町村に常住,総数,福島県,白河市,41,37,4,35,34,1,5,2,3,6,3,3
,2020000000,さいたま市,他市区町村に常住,総数,福島県,須賀川市,3,3,0,2,2,0,1,1,0,1,1,0
,2020000000,さいたま市,他市区町村に常住,総数,福島県,喜多方市,1,1,0,1,1,0,0,0,0,0,0,0
,2020000000,さいたま市,他市区町村に常住,総数,福島県,相馬市,2,2,0,0,0,0,2,2,0,2,2,0
,2020000000,さいたま市,他市区町村に常住,総数,福島県,二本松市,3,3,0,2,2,0,1,1,0,1,1,0
,2020000000,さいたま市,他市区町村に常住,総数,福島県,田村市,3,3,0,3,3,0,0,0,0,0,0,0
,2020000000,さいたま市,他市区町村に常住,総数,福島県,南相馬市,5,2,3,1,1,0,4,1,3,4,1,3
,2020000000,さいたま市,他市区町村に常住,総数,福島県,伊達市,4,3,1,2,2,0,2,1,1,2,1,1
,2020000000,さいたま市,他市区町村に常住,総数,福島県,本宮市,1,1,0,1,1,0,0,0,0,0,0,0
,2020000000,さいたま市,他市区町村に常住,総数,福島県,桑折町,0,0,0,0,0,0,0,0,0,0,0,0
,2020000000,さいたま市,他市区町村に常住,総数,福島県,国見町,0,0,0,0,0,0,0,0,0,0,0,0
,2020000000,さいたま市,他市区町村に常住,総数,福島県,川俣町,0,0,0,0,0,0,0,0,0,0,0,0
,2020000000,さいたま市,他市区町村に常住,総数,福島県,大玉村,1,0,1,1,0,1,0,0,0,0,0,0
,2020000000,さいたま市,他市区町村に常住,総数,福島県,鏡石町,0,0,0,0,0,0,0,0,0,0,0,0
,2020000000,さいたま市,他市区町村に常住,総数,福島県,天栄村,1,1,0,1,1,0,0,0,0,0,0,0
,2020000000,さいたま市,他市区町村に常住,総数,福島県,下郷町,0,0,0,0,0,0,0,0,0,0,0,0
,2020000000,さいたま市,他市区町村に常住,総数,福島県,檜枝岐村,0,0,0,0,0,0,0,0,0,0,0,0
,2020000000,さいたま市,他市区町村に常住,総数,福島県,只見町,0,0,0,0,0,0,0,0,0,0,0,0
,2020000000,さいたま市,他市区町村に常住,総数,福島県,南会津町,1,1,0,1,1,0,0,0,0,0,0,0
,2020000000,さいたま市,他市区町村に常住,総数,福島県,北塩原村,0,0,0,0,0,0,0,0,0,0,0,0
,2020000000,さいたま市,他市区町村に常住,総数,福島県,西会津町,0,0,0,0,0,0,0,0,0,0,0,0
,2020000000,さいたま市,他市区町村に常住,総数,福島県,磐梯町,0,0,0,0,0,0,0,0,0,0,0,0
,2020000000,さいたま市,他市区町村に常住,総数,福島県,猪苗代町,3,2,1,3,2,1,0,0,0,0,0,0
,2020000000,さいたま市,他市区町村に常住,総数,福島県,会津坂下町,1,0,1,1,0,1,0,0,0,0,0,0
,2020000000,さいたま市,他市区町村に常住,総数,福島県,湯川村,0,0,0,0,0,0,0,0,0,0,0,0
,2020000000,さいたま市,他市区町村に常住,総数,福島県,柳津町,0,0,0,0,0,0,0,0,0,0,0,0
,2020000000,さいたま市,他市区町村に常住,総数,福島県,三島町,0,0,0,0,0,0,0,0,0,0,0,0
,2020000000,さいたま市,他市区町村に常住,総数,福島県,金山町,0,0,0,0,0,0,0,0,0,0,0,0
,2020000000,さいたま市,他市区町村に常住,総数,福島県,昭和村,0,0,0,0,0,0,0,0,0,0,0,0
,2020000000,さいたま市,他市区町村に常住,総数,福島県,会津美里町,0,0,0,0,0,0,0,0,0,0,0,0
,2020000000,さいたま市,他市区町村に常住,総数,福島県,西郷村,3,2,1,2,1,1,1,1,0,1,1,0
,2020000000,さいたま市,他市区町村に常住,総数,福島県,泉崎村,3,3,0,3,3,0,0,0,0,0,0,0
,2020000000,さいたま市,他市区町村に常住,総数,福島県,中島村,3,3,0,3,3,0,0,0,0,0,0,0
,2020000000,さいたま市,他市区町村に常住,総数,福島県,矢吹町,3,2,1,1,1,0,2,1,1,2,1,1
,2020000000,さいたま市,他市区町村に常住,総数,福島県,棚倉町,3,3,0,2,2,0,1,1,0,1,1,0
,2020000000,さいたま市,他市区町村に常住,総数,福島県,矢祭町,1,1,0,1,1,0,0,0,0,0,0,0
,2020000000,さいたま市,他市区町村に常住,総数,福島県,塙町,1,1,0,1,1,0,0,0,0,0,0,0
,2020000000,さいたま市,他市区町村に常住,総数,福島県,鮫川村,1,0,1,0,0,0,1,0,1,1,0,1
,2020000000,さいたま市,他市区町村に常住,総数,福島県,石川町,1,1,0,1,1,0,0,0,0,0,0,0
,2020000000,さいたま市,他市区町村に常住,総数,福島県,玉川村,0,0,0,0,0,0,0,0,0,0,0,0
,2020000000,さいたま市,他市区町村に常住,総数,福島県,平田村,0,0,0,0,0,0,0,0,0,0,0,0
,2020000000,さいたま市,他市区町村に常住,総数,福島県,浅川町,2,1,1,1,0,1,1,1,0,1,1,0
,2020000000,さいたま市,他市区町村に常住,総数,福島県,古殿町,0,0,0,0,0,0,0,0,0,0,0,0
,2020000000,さいたま市,他市区町村に常住,総数,福島県,三春町,5,5,0,5,5,0,0,0,0,0,0,0
,2020000000,さいたま市,他市区町村に常住,総数,福島県,小野町,0,0,0,0,0,0,0,0,0,0,0,0
,2020000000,さいたま市,他市区町村に常住,総数,福島県,広野町,0,0,0,0,0,0,0,0,0,0,0,0
,2020000000,さいたま市,他市区町村に常住,総数,福島県,楢葉町,0,0,0,0,0,0,0,0,0,0,0,0
,2020000000,さいたま市,他市区町村に常住,総数,福島県,富岡町,0,0,0,0,0,0,0,0,0,0,0,0
,2020000000,さいたま市,他市区町村に常住,総数,福島県,川内村,1,0,1,0,0,0,1,0,1,1,0,1
,2020000000,さいたま市,他市区町村に常住,総数,福島県,大熊町,0,0,0,0,0,0,0,0,0,0,0,0
,2020000000,さいたま市,他市区町村に常住,総数,福島県,双葉町,0,0,0,0,0,0,0,0,0,0,0,0
,2020000000,さいたま市,他市区町村に常住,総数,福島県,浪江町,0,0,0,0,0,0,0,0,0,0,0,0
,2020000000,さいたま市,他市区町村に常住,総数,福島県,葛尾村,0,0,0,0,0,0,0,0,0,0,0,0
,2020000000,さいたま市,他市区町村に常住,総数,福島県,新地町,0,0,0,0,0,0,0,0,0,0,0,0
,2020000000,さいたま市,他市区町村に常住,総数,福島県,飯舘村,0,0,0,0,0,0,0,0,0,0,0,0
,2020000000,さいたま市,他市区町村に常住,総数,茨城県,茨城県,3279,2105,1174,2657,1832,825,586,263,323,622,273,349
,2020000000,さいたま市,他市区町村に常住,総数,茨城県,水戸市,70,57,13,57,49,8,13,8,5,13,8,5
,2020000000,さいたま市,他市区町村に常住,総数,茨城県,日立市,18,15,3,11,9,2,7,6,1,7,6,1
,2020000000,さいたま市,他市区町村に常住,総数,茨城県,土浦市,60,44,16,52,40,12,8,4,4,8,4,4
,2020000000,さいたま市,他市区町村に常住,総数,茨城県,古河市,1421,786,635,1198,701,497,205,81,124,223,85,138
,2020000000,さいたま市,他市区町村に常住,総数,茨城県,石岡市,23,18,5,20,16,4,3,2,1,3,2,1
,2020000000,さいたま市,他市区町村に常住,総数,茨城県,結城市,138,75,63,102,62,40,35,13,22,36,13,23
,2020000000,さいたま市,他市区町村に常住,総数,茨城県,龍ケ崎市,56,50,6,47,43,4,9,7,2,9,7,2
,2020000000,さいたま市,他市区町村に常住,総数,茨城県,下妻市,31,24,7,22,21,1,9,3,6,9,3,6
,2020000000,さいたま市,他市区町村に常住,総数,茨城県,常総市,57,40,17,41,32,9,16,8,8,16,8,8
,2020000000,さいたま市,他市区町村に常住,総数,茨城県,常陸太田市,6,5,1,2,2,0,4,3,1,4,3,1
,2020000000,さいたま市,他市区町村に常住,総数,茨城県,高萩市,1,0,1,1,0,1,0,0,0,0,0,0
,2020000000,さいたま市,他市区町村に常住,総数,茨城県,北茨城市,2,2,0,2,2,0,0,0,0,0,0,0
,2020000000,さいたま市,他市区町村に常住,総数,茨城県,笠間市,23,18,5,22,17,5,1,1,0,1,1,0
,2020000000,さいたま市,他市区町村に常住,総数,茨城県,取手市,130,104,26,117,95,22,13,9,4,13,9,4
,2020000000,さいたま市,他市区町村に常住,総数,茨城県,牛久市,66,51,15,56,46,10,10,5,5,10,5,5
,2020000000,さいたま市,他市区町村に常住,総数,茨城県,つくば市,269,205,64,219,181,38,48,23,25,50,24,26
,2020000000,さいたま市,他市区町村に常住,総数,茨城県,ひたちなか市,18,13,5,13,11,2,5,2,3,5,2,3
,2020000000,さいたま市,他市区町村に常住,総数,茨城県,鹿嶋市,8,5,3,4,3,1,4,2,2,4,2,2
,2020000000,さいたま市,他市区町村に常住,総数,茨城県,潮来市,5,4,1,5,4,1,0,0,0,0,0,0
,2020000000,さいたま市,他市区町村に常住,総数,茨城県,守谷市,169,118,51,141,108,33,17,7,10,28,10,18
,2020000000,さいたま市,他市区町村に常住,総数,茨城県,常陸大宮市,4,2,2,3,1,2,1,1,0,1,1,0
,2020000000,さいたま市,他市区町村に常住,総数,茨城県,那珂市,9,6,3,8,6,2,1,0,1,1,0,1
,2020000000,さいたま市,他市区町村に常住,総数,茨城県,筑西市,110,60,50,63,40,23,47,20,27,47,20,27
,2020000000,さいたま市,他市区町村に常住,総数,茨城県,坂東市,107,68,39,74,55,19,33,13,20,33,13,20
,2020000000,さいたま市,他市区町村に常住,総数,茨城県,稲敷市,6,6,0,5,5,0,1,1,0,1,1,0
,2020000000,さいたま市,他市区町村に常住,総数,茨城県,かすみがうら市,18,14,4,16,13,3,2,1,1,2,1,1
,2020000000,さいたま市,他市区町村に常住,総数,茨城県,桜川市,17,12,5,13,10,3,4,2,2,4,2,2
,2020000000,さいたま市,他市区町村に常住,総数,茨城県,神栖市,12,8,4,7,5,2,5,3,2,5,3,2
,2020000000,さいたま市,他市区町村に常住,総数,茨城県,行方市,7,7,0,5,5,0,2,2,0,2,2,0
,2020000000,さいたま市,他市区町村に常住,総数,茨城県,鉾田市,4,4,0,3,3,0,1,1,0,1,1,0
,2020000000,さいたま市,他市区町村に常住,総数,茨城県,つくばみらい市,73,58,15,66,54,12,5,3,2,7,4,3
,2020000000,さいたま市,他市区町村に常住,総数,茨城県,小美玉市,12,8,4,10,7,3,2,1,1,2,1,1
,2020000000,さいたま市,他市区町村に常住,総数,茨城県,茨城町,8,6,2,5,4,1,3,2,1,3,2,1
,2020000000,さいたま市,他市区町村に常住,総数,茨城県,大洗町,1,1,0,1,1,0,0,0,0,0,0,0
,2020000000,さいたま市,他市区町村に常住,総数,茨城県,城里町,4,3,1,4,3,1,0,0,0,0,0,0
,2020000000,さいたま市,他市区町村に常住,総数,茨城県,東海村,6,5,1,6,5,1,0,0,0,0,0,0
,2020000000,さいたま市,他市区町村に常住,総数,茨城県,大子町,1,0,1,1,0,1,0,0,0,0,0,0
,2020000000,さいたま市,他市区町村に常住,総数,茨城県,美浦村,5,4,1,3,3,0,2,1,1,2,1,1
,2020000000,さいたま市,他市区町村に常住,総数,茨城県,阿見町,19,17,2,14,14,0,5,3,2,5,3,2
,2020000000,さいたま市,他市区町村に常住,総数,茨城県,河内町,1,1,0,0,0,0,1,1,0,1,1,0
,2020000000,さいたま市,他市区町村に常住,総数,茨城県,八千代町,32,21,11,21,15,6,11,6,5,11,6,5
,2020000000,さいたま市,他市区町村に常住,総数,茨城県,五霞町,121,77,44,103,70,33,18,7,11,18,7,11
,2020000000,さいたま市,他市区町村に常住,総数,茨城県,境町,118,72,46,82,61,21,34,10,24,36,11,25
,2020000000,さいたま市,他市区町村に常住,総数,茨城県,利根町,13,11,2,12,10,2,1,1,0,1,1,0
,2020000000,さいたま市,他市区町村に常住,総数,栃木県,栃木県,4130,2782,1348,3272,2400,872,814,359,455,858,382,476
,2020000000,さいたま市,他市区町村に常住,総数,栃木県,宇都宮市,975,688,287,753,579,174,202,99,103,222,109,113
,2020000000,さいたま市,他市区町村に常住,総数,栃木県,足利市,216,143,73,143,104,39,70,37,33,73,39,34
,2020000000,さいたま市,他市区町村に常住,総数,栃木県,栃木市,409,281,128,314,241,73,94,40,54,95,40,55
,2020000000,さいたま市,他市区町村に常住,総数,栃木県,佐野市,209,154,55,167,134,33,42,20,22,42,20,22
,2020000000,さいたま市,他市区町村に常住,総数,栃木県,鹿沼市,104,77,27,75,62,13,28,14,14,29,15,14
,2020000000,さいたま市,他市区町村に常住,総数,栃木県,日光市,45,35,10,37,34,3,8,1,7,8,1,7
,2020000000,さいたま市,他市区町村に常住,総数,栃木県,小山市,0,635,375,866,582,284,134,46,88,144,53,91
,2020000000,さいたま市,他市区町村に常住,総数,栃木県,真岡市,54,29,25,33,25,8,21,4,17,21,4,17
,2020000000,さいたま市,他市区町村に常住,総数,栃木県,大田原市,46,36,10,36,31,5,10,5,5,10,5,5
,2020000000,さいたま市,他市区町村に常住,総数,栃木県,矢板市,31,19,12,22,18,4,9,1,8,9,1,8
,2020000000,さいたま市,他市区町村に常住,総数,栃木県,那須塩原市,99,82,17,86,79,7,11,2,9,13,3,10
,2020000000,さいたま市,他市区町村に常住,総数,栃木県,さくら市,29,21,8,21,17,4,8,4,4,8,4,4
,2020000000,さいたま市,他市区町村に常住,総数,栃木県,那須烏山市,17,12,5,9,8,1,8,4,4,8,4,4
,2020000000,さいたま市,他市区町村に常住,総数,栃木県,下野市,317,217,100,245,176,69,68,40,28,72,41,31
,2020000000,さいたま市,他市区町村に常住,総数,栃木県,上三川町,65,36,29,35,24,11,28,11,17,30,12,18
,2020000000,さいたま市,他市区町村に常住,総数,栃木県,益子町,14,13,1,13,13,0,1,0,1,1,0,1
,2020000000,さいたま市,他市区町村に常住,総数,栃木県,茂木町,3,2,1,2,2,0,1,0,1,1,0,1
,2020000000,さいたま市,他市区町村に常住,総数,栃木県,市貝町,7,7,0,5,5,0,2,2,0,2,2,0
,2020000000,さいたま市,他市区町村に常住,総数,栃木県,芳賀町,10,7,3,5,5,0,5,2,3,5,2,3
,2020000000,さいたま市,他市区町村に常住,総数,栃木県,壬生町,63,40,23,49,36,13,14,4,10,14,4,10
,2020000000,さいたま市,他市区町村に常住,総数,栃木県,野木町,345,212,133,315,198,117,29,14,15,30,14,16
,2020000000,さいたま市,他市区町村に常住,総数,栃木県,塩谷町,5,3,2,3,2,1,2,1,1,2,1,1
,2020000000,さいたま市,他市区町村に常住,総数,栃木県,高根沢町,30,19,11,20,16,4,10,3,7,10,3,7
,2020000000,さいたま市,他市区町村に常住,総数,栃木県,那須町,18,12,6,11,8,3,7,4,3,7,4,3
,2020000000,さいたま市,他市区町村に常住,総数,栃木県,那珂川町,9,2,7,7,1,6,2,1,1,2,1,1
,2020000000,さいたま市,他市区町村に常住,総数,群馬県,群馬県,2960,2137,823,2367,1825,542,570,302,268,593,312,281
,2020000000,さいたま市,他市区町村に常住,総数,群馬県,前橋市,396,307,89,325,271,54,67,35,32,71,36,35
,2020000000,さいたま市,他市区町村に常住,総数,群馬県,高崎市,925,692,233,767,602,165,145,86,59,158,90,68
,2020000000,さいたま市,他市区町村に常住,総数,群馬県,桐生市,48,35,13,37,28,9,11,7,4,11,7,4
,2020000000,さいたま市,他市区町村に常住,総数,群馬県,伊勢崎市,186,138,48,144,117,27,42,21,21,42,21,21
,2020000000,さいたま市,他市区町村に常住,総数,群馬県,太田市,283,211,72,219,170,49,63,41,22,64,41,23
,2020000000,さいたま市,他市区町村に常住,総数,群馬県,沼田市,19,18,1,16,16,0,3,2,1,3,2,1
,2020000000,さいたま市,他市区町村に常住,総数,群馬県,館林市,359,232,127,278,191,87,81,41,40,81,41,40
,2020000000,さいたま市,他市区町村に常住,総数,群馬県,渋川市,58,48,10,45,39,6,13,9,4,13,9,4
,2020000000,さいたま市,他市区町村に常住,総数,群馬県,藤岡市,101,63,38,88,59,29,13,4,9,13,4,9
,2020000000,さいたま市,他市区町村に常住,総数,群馬県,富岡市,24,18,6,17,14,3,7,4,3,7,4,3
,2020000000,さいたま市,他市区町村に常住,総数,群馬県,安中市,57,44,13,43,36,7,14,8,6,14,8,6
,2020000000,さいたま市,他市区町村に常住,総数,群馬県,みどり市,42,31,11,31,25,6,10,5,5,11,6,5
,2020000000,さいたま市,他市区町村に常住,総数,群馬県,榛東村,8,8,0,8,8,0,0,0,0,0,0,0
,2020000000,さいたま市,他市区町村に常住,総数,群馬県,吉岡町,21,17,4,18,16,2,3,1,2,3,1,2
,2020000000,さいたま市,他市区町村に常住,総数,群馬県,上野村,1,1,0,0,0,0,1,1,0,1,1,0
,2020000000,さいたま市,他市区町村に常住,総数,群馬県,神流町,0,0,0,0,0,0,0,0,0,0,0,0
,2020000000,さいたま市,他市区町村に常住,総数,群馬県,下仁田町,0,0,0,0,0,0,0,0,0,0,0,0
,2020000000,さいたま市,他市区町村に常住,総数,群馬県,南牧村,0,0,0,0,0,0,0,0,0,0,0,0
,2020000000,さいたま市,他市区町村に常住,総数,群馬県,甘楽町,7,7,0,5,5,0,2,2,0,2,2,0
,2020000000,さいたま市,他市区町村に常住,総数,群馬県,中之条町,5,3,2,4,3,1,1,0,1,1,0,1
,2020000000,さいたま市,他市区町村に常住,総数,群馬県,長野原町,0,0,0,0,0,0,0,0,0,0,0,0
,2020000000,さいたま市,他市区町村に常住,総数,群馬県,嬬恋村,0,0,0,0,0,0,0,0,0,0,0,0
,2020000000,さいたま市,他市区町村に常住,総数,群馬県,草津町,0,0,0,0,0,0,0,0,0,0,0,0
,2020000000,さいたま市,他市区町村に常住,総数,群馬県,高山村,2,0,2,1,0,1,1,0,1,1,0,1
,2020000000,さいたま市,他市区町村に常住,総数,群馬県,東吾妻町,3,3,0,3,3,0,0,0,0,0,0,0
,2020000000,さいたま市,他市区町村に常住,総数,群馬県,片品村,1,1,0,1,1,0,0,0,0,0,0,0
,2020000000,さいたま市,他市区町村に常住,総数,群馬県,川場村,1,0,1,1,0,1,0,0,0,0,0,0
,2020000000,さいたま市,他市区町村に常住,総数,群馬県,昭和村,4,4,0,4,4,0,0,0,0,0,0,0
,2020000000,さいたま市,他市区町村に常住,総数,群馬県,みなかみ町,13,10,3,11,9,2,2,1,1,2,1,1
,2020000000,さいたま市,他市区町村に常住,総数,群馬県,玉村町,55,38,17,45,33,12,9,4,5,10,5,5
,2020000000,さいたま市,他市区町村に常住,総数,群馬県,板倉町,117,68,49,89,55,34,26,11,15,28,13,15
,2020000000,さいたま市,他市区町村に常住,総数,群馬県,明和町,75,47,28,61,42,19,14,5,9,14,5,9
,2020000000,さいたま市,他市区町村に常住,総数,群馬県,千代田町,32,20,12,22,15,7,10,5,5,10,5,5
,2020000000,さいたま市,他市区町村に常住,総数,群馬県,大泉町,61,38,23,45,34,11,16,4,12,16,4,12
,2020000000,さいたま市,他市区町村に常住,総数,群馬県,邑楽町,56,35,21,39,29,10,16,5,11,17,6,11
,2020000000,さいたま市,他市区町村に常住,総数,埼玉県,埼玉県,278750,152350,126400,240486,132880,107606,31671,16125,15546,38263,19469,18794
,2020000000,さいたま市,他市区町村に常住,総数,埼玉県,さいたま市,116135,56101,60034,100507,48045,52462,10985,5710,5275,15628,8056,7572
,2020000000,さいたま市,他市区町村に常住,総数,埼玉県,さいたま市西区,9703,4860,4843,8741,4397,4344,706,335,371,962,463,499
,2020000000,さいたま市,他市区町村に常住,総数,埼玉県,さいたま市北区,14089,6916,7173,12307,6019,6288,1366,674,692,1782,897,885
,2020000000,さいたま市,他市区町村に常住,総数,埼玉県,さいたま市大宮区,9946,4722,5224,8755,4106,4649,879,465,414,1191,616,575
,2020000000,さいたま市,他市区町村に常住,総数,埼玉県,さいたま市見沼区,18415,9292,9123,16053,8009,8044,1659,908,751,2362,1283,1079
,2020000000,さいたま市,他市区町村に常住,総数,埼玉県,さいたま市中央区,10679,4968,5711,9217,4195,5022,1016,533,483,1462,773,689
,2020000000,さいたま市,他市区町村に常住,総数,埼玉県,さいたま市桜区,9649,4391,5258,8434,3791,4643,885,442,443,1215,600,615
,2020000000,さいたま市,他市区町村に常住,総数,埼玉県,さいたま市浦和区,12751,5879,6872,10659,4832,5827,1315,660,655,2092,1047,1045
,2020000000,さいたま市,他市区町村に常住,総数,埼玉県,さいたま市南区,13116,6093,7023,10961,4953,6008,1386,749,637,2155,1140,1015
,2020000000,さいたま市,他市区町村に常住,総数,埼玉県,さいたま市緑区,10792,5246,5546,9270,4469,4801,1099,584,515,1522,777,745
,2020000000,さいたま市,他市区町村に常住,総数,埼玉県,さいたま市岩槻区,6995,3734,3261,6110,3274,2836,674,360,314,885,460,425
,2020000000,さいたま市,他市区町村に常住,総数,埼玉県,川越市,7651,4872,2779,6715,4415,2300,864,420,444,936,457,479
,2020000000,さいたま市,他市区町村に常住,総数,埼玉県,熊谷市,3870,2427,1443,3259,2149,1110,550,251,299,611,278,333
,2020000000,さいたま市,他市区町村に常住,総数,埼玉県,川口市,21994,11764,10230,18232,9809,8423,3274,1688,1586,3762,1955,1807
,2020000000,さいたま市,他市区町村に常住,総数,埼玉県,行田市,1575,1011,564,1344,908,436,227,101,126,231,103,128
,2020000000,さいたま市,他市区町村に常住,総数,埼玉県,秩父市,89,73,16,74,63,11,15,10,5,15,10,5
,2020000000,さいたま市,他市区町村に常住,総数,埼玉県,所沢市,2758,1923,835,2370,1711,659,364,204,160,388,212,176
,2020000000,さいたま市,他市区町村に常住,総数,埼玉県,飯能市,359,265,94,305,236,69,53,28,25,54,29,25
,2020000000,さいたま市,他市区町村に常住,総数,埼玉県,加須市,2896,1882,1014,2626,1757,869,255,114,141,270,125,145
,2020000000,さいたま市,他市区町村に常住,総数,埼玉県,本庄市,592,392,200,517,353,164,66,35,31,75,39,36
,2020000000,さいたま市,他市区町村に常住,総数,埼玉県,東松山市,955,688,267,825,629,196,120,54,66,130,59,71
,2020000000,さいたま市,他市区町村に常住,総数,埼玉県,春日部市,12507,7093,5414,11217,6496,4721,1184,550,634,1289,596,693
,2020000000,さいたま市,他市区町村に常住,総数,埼玉県,狭山市,985,752,233,876,695,181,106,56,50,109,57,52
,2020000000,さいたま市,他市区町村に常住,総数,埼玉県,羽生市,987,682,305,843,616,227,132,61,71,144,66,78
,2020000000,さいたま市,他市区町村に常住,総数,埼玉県,鴻巣市,5298,3256,2042,4706,2988,1718,575,263,312,592,268,324
,2020000000,さいたま市,他市区町村に常住,総数,埼玉県,深谷市,1740,1134,606,1449,986,463,275,137,138,291,148,143
,2020000000,さいたま市,他市区町村に常住,総数,埼玉県,上尾市,22392,12084,10308,20352,10987,9365,1905,1014,891,2040,1097,943
,2020000000,さいたま市,他市区町村に常住,総数,埼玉県,草加市,3204,2073,1131,2328,1614,714,780,417,363,876,459,417
,2020000000,さいたま市,他市区町村に常住,総数,埼玉県,越谷市,9976,6146,3830,8322,5320,3002,1498,746,752,1654,826,828
,2020000000,さいたま市,他市区町村に常住,総数,埼玉県,蕨市,3387,1794,1593,2838,1502,1336,468,249,219,549,292,257
,2020000000,さいたま市,他市区町村に常住,総数,埼玉県,戸田市,5912,3192,2720,4592,2523,2069,1189,610,579,1320,669,651
,2020000000,さいたま市,他市区町村に常住,総数,埼玉県,入間市,650,490,160,586,447,139,60,41,19,64,43,21
,2020000000,さいたま市,他市区町村に常住,総数,埼玉県,朝霞市,2465,1447,1018,1995,1215,780,430,213,217,470,232,238
,2020000000,さいたま市,他市区町村に常住,総数,埼玉県,志木市,1473,915,558,1206,783,423,246,125,121,267,132,135
,2020000000,さいたま市,他市区町村に常住,総数,埼玉県,和光市,809,485,324,617,405,212,169,72,97,192,80,112
,2020000000,さいたま市,他市区町村に常住,総数,埼玉県,新座市,2085,1299,786,1699,1101,598,355,179,176,386,198,188
,2020000000,さいたま市,他市区町村に常住,総数,埼玉県,桶川市,5190,3052,2138,4586,2759,1827,572,275,297,604,293,311
,2020000000,さいたま市,他市区町村に常住,総数,埼玉県,久喜市,6081,3624,2457,5387,3288,2099,639,302,337,694,336,358
,2020000000,さいたま市,他市区町村に常住,総数,埼玉県,北本市,3485,2064,1421,3057,1857,1200,410,198,212,428,207,221
,2020000000,さいたま市,他市区町村に常住,総数,埼玉県,八潮市,542,392,150,409,322,87,109,60,49,133,70,63
,2020000000,さいたま市,他市区町村に常住,総数,埼玉県,富士見市,1789,1118,671,1484,966,518,275,138,137,305,152,153
,2020000000,さいたま市,他市区町村に常住,総数,埼玉県,三郷市,1437,924,513,1125,764,361,292,151,141,312,160,152
,2020000000,さいたま市,他市区町村に常住,総数,埼玉県,蓮田市,5694,3050,2644,5079,2725,2354,577,306,271,615,325,290
,2020000000,さいたま市,他市区町村に常住,総数,埼玉県,坂戸市,1151,814,337,984,743,241,156,65,91,167,71,96
,2020000000,さいたま市,他市区町村に常住,総数,埼玉県,幸手市,1303,859,444,1140,777,363,152,76,76,163,82,81
,2020000000,さいたま市,他市区町村に常住,総数,埼玉県,鶴ヶ島市,903,641,262,775,578,197,122,60,62,128,63,65
,2020000000,さいたま市,他市区町村に常住,総数,埼玉県,日高市,516,355,161,430,315,115,82,38,44,86,40,46
,2020000000,さいたま市,他市区町村に常住,総数,埼玉県,吉川市,1624,971,653,1292,810,482,303,143,160,332,161,171
,2020000000,さいたま市,他市区町村に常住,総数,埼玉県,ふじみ野市,1994,1338,656,1709,1206,503,255,119,136,285,132,153
,2020000000,さいたま市,他市区町村に常住,総数,埼玉県,白岡市,3889,2188,1701,3532,1989,1543,337,190,147,357,199,158
,2020000000,さいたま市,他市区町村に常住,総数,埼玉県,伊奈町,4286,2546,1740,3802,2276,1526,464,258,206,484,270,214
,2020000000,さいたま市,他市区町村に常住,総数,埼玉県,三芳町,512,361,151,406,304,102,99,56,43,106,57,49
,2020000000,さいたま市,他市区町村に常住,総数,埼玉県,毛呂山町,220,150,70,170,125,45,46,23,23,50,25,25
,2020000000,さいたま市,他市区町村に常住,総数,埼玉県,越生町,71,51,20,62,45,17,9,6,3,9,6,3
,2020000000,さいたま市,他市区町村に常住,総数,埼玉県,滑川町,166,122,44,139,108,31,24,12,12,27,14,13
,2020000000,さいたま市,他市区町村に常住,総数,埼玉県,嵐山町,130,98,32,107,87,20,21,10,11,23,11,12
,2020000000,さいたま市,他市区町村に常住,総数,埼玉県,小川町,189,146,43,161,127,34,26,17,9,28,19,9
,2020000000,さいたま市,他市区町村に常住,総数,埼玉県,川島町,399,280,119,345,252,93,52,26,26,54,28,26
,2020000000,さいたま市,他市区町村に常住,総数,埼玉県,吉見町,383,265,118,343,243,100,40,22,18,40,22,18
,2020000000,さいたま市,他市区町村に常住,総数,埼玉県,鳩山町,92,68,24,81,61,20,11,7,4,11,7,4
,2020000000,さいたま市,他市区町村に常住,総数,埼玉県,ときがわ町,56,42,14,49,37,12,7,5,2,7,5,2
,2020000000,さいたま市,他市区町村に常住,総数,埼玉県,横瀬町,14,12,2,13,11,2,1,1,0,1,1,0
,2020000000,さいたま市,他市区町村に常住,総数,埼玉県,皆野町,20,16,4,17,15,2,3,1,2,3,1,2
,2020000000,さいたま市,他市区町村に常住,総数,埼玉県,長瀞町,22,19,3,20,18,2,2,1,1,2,1,1
,2020000000,さいたま市,他市区町村に常住,総数,埼玉県,小鹿野町,10,7,3,7,6,1,3,1,2,3,1,2
,2020000000,さいたま市,他市区町村に常住,総数,埼玉県,東秩父村,6,5,1,5,5,0,1,0,1,1,0,1
,2020000000,さいたま市,他市区町村に常住,総数,埼玉県,美里町,70,46,24,51,37,14,18,9,9,19,9,10
,2020000000,さいたま市,他市区町村に常住,総数,埼玉県,神川町,42,30,12,35,27,8,7,3,4,7,3,4
,2020000000,さいたま市,他市区町村に常住,総数,埼玉県,上里町,206,146,60,173,128,45,32,17,15,33,18,15
,2020000000,さいたま市,他市区町村に常住,総数,埼玉県,寄居町,164,120,44,127,100,27,36,20,16,37,20,17
,2020000000,さいたま市,他市区町村に常住,総数,埼玉県,宮代町,1315,848,467,1197,792,405,113,54,59,118,56,62
,2020000000,さいたま市,他市区町村に常住,総数,埼玉県,杉戸町,1427,940,487,1278,869,409,139,64,75,149,71,78
,2020000000,さいたま市,他市区町村に常住,総数,埼玉県,松伏町,608,402,206,509,355,154,91,43,48,99,47,52
,2020000000,さいたま市,他市区町村に常住,総数,千葉県,千葉県,8838,6542,2296,7656,5910,1746,943,535,408,1182,632,550
,2020000000,さいたま市,他市区町村に常住,総数,千葉県,千葉市,664,569,95,599,519,80,60,47,13,65,50,15
,2020000000,さいたま市,他市区町村に常住,総数,千葉県,千葉市中央区,127,109,18,115,100,15,9,8,1,12,9,3
,2020000000,さいたま市,他市区町村に常住,総数,千葉県,千葉市花見川区,138,119,19,122,106,16,15,12,3,16,13,3
,2020000000,さいたま市,他市区町村に常住,総数,千葉県,千葉市稲毛区,129,115,14,121,109,12,8,6,2,8,6,2
,2020000000,さいたま市,他市区町村に常住,総数,千葉県,千葉市若葉区,70,62,8,63,56,7,7,6,1,7,6,1
,2020000000,さいたま市,他市区町村に常住,総数,千葉県,千葉市緑区,58,49,9,52,44,8,6,5,1,6,5,1
,2020000000,さいたま市,他市区町村に常住,総数,千葉県,千葉市美浜区,142,115,27,126,104,22,15,10,5,16,11,5
,2020000000,さいたま市,他市区町村に常住,総数,千葉県,銚子市,3,3,0,3,3,0,0,0,0,0,0,0
,2020000000,さいたま市,他市区町村に常住,総数,千葉県,市川市,673,508,165,618,477,141,50,31,19,55,31,24
,2020000000,さいたま市,他市区町村に常住,総数,千葉県,船橋市,826,652,174,745,605,140,72,45,27,81,47,34
,2020000000,さいたま市,他市区町村に常住,総数,千葉県,館山市,2,2,0,2,2,0,0,0,0,0,0,0
,2020000000,さいたま市,他市区町村に常住,総数,千葉県,木更津市,27,24,3,22,20,2,5,4,1,5,4,1
,2020000000,さいたま市,他市区町村に常住,総数,千葉県,松戸市,1460,1074,386,1313,994,319,114,65,49,147,80,67
,2020000000,さいたま市,他市区町村に常住,総数,千葉県,野田市,1534,970,564,1294,866,428,192,83,109,240,104,136
,2020000000,さいたま市,他市区町村に常住,総数,千葉県,茂原市,24,21,3,18,17,1,5,4,1,6,4,2
,2020000000,さいたま市,他市区町村に常住,総数,千葉県,成田市,38,34,4,31,27,4,7,7,0,7,7,0
,2020000000,さいたま市,他市区町村に常住,総数,千葉県,佐倉市,87,76,11,76,66,10,11,10,1,11,10,1
,2020000000,さいたま市,他市区町村に常住,総数,千葉県,東金市,12,10,2,12,10,2,0,0,0,0,0,0
,2020000000,さいたま市,他市区町村に常住,総数,千葉県,旭市,3,3,0,2,2,0,1,1,0,1,1,0
,2020000000,さいたま市,他市区町村に常住,総数,千葉県,習志野市,226,186,40,199,170,29,23,15,8,27,16,11
,2020000000,さいたま市,他市区町村に常住,総数,千葉県,柏市,1186,854,332,976,744,232,149,80,69,210,110,100
,2020000000,さいたま市,他市区町村に常住,総数,千葉県,勝浦市,2,1,1,1,1,0,1,0,1,1,0,1
,2020000000,さいたま市,他市区町村に常住,総数,千葉県,市原市,66,58,8,60,52,8,6,6,0,6,6,0
,2020000000,さいたま市,他市区町村に常住,総数,千葉県,流山市,893,615,278,730,539,191,113,58,55,163,76,87
,2020000000,さいたま市,他市区町村に常住,総数,千葉県,八千代市,168,140,28,155,131,24,13,9,4,13,9,4
,2020000000,さいたま市,他市区町村に常住,総数,千葉県,我孫子市,266,201,65,210,174,36,44,24,20,56,27,29
,2020000000,さいたま市,他市区町村に常住,総数,千葉県,鴨川市,1,1,0,1,1,0,0,0,0,0,0,0
,2020000000,さいたま市,他市区町村に常住,総数,千葉県,鎌ケ谷市,135,107,28,127,104,23,7,3,4,8,3,5
,2020000000,さいたま市,他市区町村に常住,総数,千葉県,君津市,12,12,0,10,10,0,2,2,0,2,2,0
,2020000000,さいたま市,他市区町村に常住,総数,千葉県,富津市,4,4,0,2,2,0,2,2,0,2,2,0
,2020000000,さいたま市,他市区町村に常住,総数,千葉県,浦安市,177,132,45,148,118,30,24,13,11,29,14,15
,2020000000,さいたま市,他市区町村に常住,総数,千葉県,四街道市,50,43,7,47,42,5,3,1,2,3,1,2
,2020000000,さいたま市,他市区町村に常住,総数,千葉県,袖ケ浦市,3,3,0,3,3,0,0,0,0,0,0,0
,2020000000,さいたま市,他市区町村に常住,総数,千葉県,八街市,19,18,1,14,14,0,4,3,1,5,4,1
,2020000000,さいたま市,他市区町村に常住,総数,千葉県,印西市,112,93,19,98,84,14,13,8,5,14,9,5
,2020000000,さいたま市,他市区町村に常住,総数,千葉県,白井市,78,61,17,65,56,9,11,4,7,13,5,8
,2020000000,さいたま市,他市区町村に常住,総数,千葉県,富里市,12,8,4,11,8,3,1,0,1,1,0,1
,2020000000,さいたま市,他市区町村に常住,総数,千葉県,南房総市,7,5,2,6,4,2,1,1,0,1,1,0
,2020000000,さいたま市,他市区町村に常住,総数,千葉県,匝瑳市,2,1,1,1,0,1,1,1,0,1,1,0
,2020000000,さいたま市,他市区町村に常住,総数,千葉県,香取市,12,11,1,10,9,1,2,2,0,2,2,0
,2020000000,さいたま市,他市区町村に常住,総数,千葉県,山武市,9,8,1,9,8,1,0,0,0,0,0,0
,2020000000,さいたま市,他市区町村に常住,総数,千葉県,いすみ市,2,2,0,1,1,0,1,1,0,1,1,0
,2020000000,さいたま市,他市区町村に常住,総数,千葉県,大網白里市,15,11,4,13,10,3,1,1,0,2,1,1
,2020000000,さいたま市,他市区町村に常住,総数,千葉県,酒々井町,7,6,1,6,5,1,1,1,0,1,1,0
,2020000000,さいたま市,他市区町村に常住,総数,千葉県,栄町,8,6,2,8,6,2,0,0,0,0,0,0
,2020000000,さいたま市,他市区町村に常住,総数,千葉県,神崎町,0,0,0,0,0,0,0,0,0,0,0,0
,2020000000,さいたま市,他市区町村に常住,総数,千葉県,多古町,0,0,0,0,0,0,0,0,0,0,0,0
,2020000000,さいたま市,他市区町村に常住,総数,千葉県,東庄町,1,1,0,1,1,0,0,0,0,0,0,0
,2020000000,さいたま市,他市区町村に常住,総数,千葉県,九十九里町,0,0,0,0,0,0,0,0,0,0,0,0
,2020000000,さいたま市,他市区町村に常住,総数,千葉県,芝山町,0,0,0,0,0,0,0,0,0,0,0,0
,2020000000,さいたま市,他市区町村に常住,総数,千葉県,横芝光町,3,3,0,2,2,0,1,1,0,1,1,0
,2020000000,さいたま市,他市区町村に常住,総数,千葉県,一宮町,3,2,1,3,2,1,0,0,0,0,0,0
,2020000000,さいたま市,他市区町村に常住,総数,千葉県,睦沢町,0,0,0,0,0,0,0,0,0,0,0,0
,2020000000,さいたま市,他市区町村に常住,総数,千葉県,長生村,3,1,2,2,0,2,1,1,0,1,1,0
,2020000000,さいたま市,他市区町村に常住,総数,千葉県,白子町,1,1,0,1,1,0,0,0,0,0,0,0
,2020000000,さいたま市,他市区町村に常住,総数,千葉県,長柄町,1,0,1,1,0,1,0,0,0,0,0,0
,2020000000,さいたま市,他市区町村に常住,総数,千葉県,長南町,0,0,0,0,0,0,0,0,0,0,0,0
,2020000000,さいたま市,他市区町村に常住,総数,千葉県,大多喜町,0,0,0,0,0,0,0,0,0,0,0,0
,2020000000,さいたま市,他市区町村に常住,総数,千葉県,御宿町,0,0,0,0,0,0,0,0,0,0,0,0
,2020000000,さいたま市,他市区町村に常住,総数,千葉県,鋸南町,1,1,0,0,0,0,1,1,0,1,1,0
,2020000000,さいたま市,他市区町村に常住,総数,東京都,東京都,26927,18481,8446,24179,17010,7169,2041,1191,850,2748,1471,1277
,2020000000,さいたま市,他市区町村に常住,総数,東京都,特別区部,20746,13765,6981,18566,12602,5964,1552,902,650,2180,1163,1017
,2020000000,さいたま市,他市区町村に常住,総数,東京都,千代田区,111,62,49,97,55,42,9,5,4,14,7,7
,2020000000,さいたま市,他市区町村に常住,総数,東京都,中央区,212,133,79,182,115,67,17,11,6,30,18,12
,2020000000,さいたま市,他市区町村に常住,総数,東京都,港区,230,147,83,208,139,69,10,6,4,22,8,14
,2020000000,さいたま市,他市区町村に常住,総数,東京都,新宿区,517,317,200,475,289,186,34,23,11,42,28,14
,2020000000,さいたま市,他市区町村に常住,総数,東京都,文京区,648,377,271,557,338,219,58,26,32,91,39,52
,2020000000,さいたま市,他市区町村に常住,総数,東京都,台東区,498,301,197,457,275,182,32,20,12,41,26,15
,2020000000,さいたま市,他市区町村に常住,総数,東京都,墨田区,413,279,134,367,251,116,31,20,11,46,28,18
,2020000000,さいたま市,他市区町村に常住,総数,東京都,江東区,663,485,178,580,434,146,58,38,20,83,51,32
,2020000000,さいたま市,他市区町村に常住,総数,東京都,品川区,495,337,158,441,309,132,39,21,18,54,28,26
,2020000000,さいたま市,他市区町村に常住,総数,東京都,目黒区,284,195,89,257,173,84,18,16,2,27,22,5
,2020000000,さいたま市,他市区町村に常住,総数,東京都,大田区,573,437,136,521,408,113,49,27,22,52,29,23
,2020000000,さいたま市,他市区町村に常住,総数,東京都,世田谷区,938,709,229,846,644,202,77,57,20,92,65,27
,2020000000,さいたま市,他市区町村に常住,総数,東京都,渋谷区,285,180,105,264,168,96,15,10,5,21,12,9
,2020000000,さいたま市,他市区町村に常住,総数,東京都,中野区,571,408,163,520,379,141,40,25,15,51,29,22
,2020000000,さいたま市,他市区町村に常住,総数,東京都,杉並区,815,545,270,753,509,244,52,33,19,62,36,26
,2020000000,さいたま市,他市区町村に常住,総数,東京都,豊島区,1086,667,419,988,620,368,70,35,35,98,47,51
,2020000000,さいたま市,他市区町村に常住,総数,東京都,北区,3312,1879,1433,2997,1726,1271,200,97,103,315,153,162
,2020000000,さいたま市,他市区町村に常住,総数,東京都,荒川区,774,492,282,669,439,230,72,39,33,105,53,52
,2020000000,さいたま市,他市区町村に常住,総数,東京都,板橋区,2460,1612,848,2232,1499,733,167,91,76,228,113,115
,2020000000,さいたま市,他市区町村に常住,総数,東京都,練馬区,2212,1575,637,1980,1452,528,174,106,68,232,123,109
,2020000000,さいたま市,他市区町村に常住,総数,東京都,足立区,2012,1392,620,1685,1232,453,208,118,90,327,160,167
,2020000000,さいたま市,他市区町村に常住,総数,東京都,葛飾区,833,604,229,740,553,187,76,46,30,93,51,42
,2020000000,さいたま市,他市区町村に常住,総数,東京都,江戸川区,804,632,172,750,595,155,46,32,14,54,37,17
,2020000000,さいたま市,他市区町村に常住,総数,東京都,八王子市,438,361,77,402,341,61,34,19,15,36,20,16
,2020000000,さいたま市,他市区町村に常住,総数,東京都,立川市,233,184,49,216,175,41,17,9,8,17,9,8
,2020000000,さいたま市,他市区町村に常住,総数,東京都,武蔵野市,211,163,48,193,147,46,14,13,1,18,16,2
,2020000000,さいたま市,他市区町村に常住,総数,東京都,三鷹市,233,190,43,215,175,40,18,15,3,18,15,3
,2020000000,さいたま市,他市区町村に常住,総数,東京都,青梅市,106,83,23,89,70,19,16,12,4,17,13,4
,2020000000,さいたま市,他市区町村に常住,総数,東京都,府中市,463,350,113,421,330,91,31,18,13,42,20,22
,2020000000,さいたま市,他市区町村に常住,総数,東京都,昭島市,147,118,29,139,115,24,7,3,4,8,3,5
,2020000000,さいたま市,他市区町村に常住,総数,東京都,調布市,258,196,62,240,188,52,17,8,9,18,8,10
,2020000000,さいたま市,他市区町村に常住,総数,東京都,町田市,224,198,26,209,187,22,15,11,4,15,11,4
,2020000000,さいたま市,他市区町村に常住,総数,東京都,小金井市,234,167,67,207,153,54,23,14,9,27,14,13
,2020000000,さいたま市,他市区町村に常住,総数,東京都,小平市,450,328,122,401,303,98,43,24,19,49,25,24
,2020000000,さいたま市,他市区町村に常住,総数,東京都,日野市,225,178,47,204,163,41,18,14,4,21,15,6
,2020000000,さいたま市,他市区町村に常住,総数,東京都,東村山市,544,375,169,493,351,142,43,22,21,51,24,27
,2020000000,さいたま市,他市区町村に常住,総数,東京都,国分寺市,381,268,113,341,250,91,30,14,16,40,18,22
,2020000000,さいたま市,他市区町村に常住,総数,東京都,国立市,148,107,41,134,101,33,11,5,6,14,6,8
,2020000000,さいたま市,他市区町村に常住,総数,東京都,福生市,49,40,9,38,35,3,10,5,5,11,5,6
,2020000000,さいたま市,他市区町村に常住,総数,東京都,狛江市,92,76,16,86,72,14,6,4,2,6,4,2
,2020000000,さいたま市,他市区町村に常住,総数,東京都,東大和市,140,112,28,126,104,22,12,8,4,14,8,6
,2020000000,さいたま市,他市区町村に常住,総数,東京都,清瀬市,373,256,117,339,244,95,30,10,20,34,12,22
,2020000000,さいたま市,他市区町村に常住,総数,東京都,東久留米市,337,249,88,302,235,67,27,14,13,35,14,21
,2020000000,さいたま市,他市区町村に常住,総数,東京都,武蔵村山市,65,51,14,60,50,10,5,1,4,5,1,4
,2020000000,さいたま市,他市区町村に常住,総数,東京都,多摩市,119,101,18,112,96,16,6,5,1,7,5,2
,2020000000,さいたま市,他市区町村に常住,総数,東京都,稲城市,121,104,17,112,97,15,8,7,1,9,7,2
,2020000000,さいたま市,他市区町村に常住,総数,東京都,羽村市,34,27,7,32,26,6,2,1,1,2,1,1
,2020000000,さいたま市,他市区町村に常住,総数,東京都,あきる野市,44,37,7,40,36,4,3,1,2,4,1,3
,2020000000,さいたま市,他市区町村に常住,総数,東京都,西東京市,473,365,108,431,338,93,35,26,9,42,27,15
,2020000000,さいたま市,他市区町村に常住,総数,東京都,瑞穂町,25,19,6,21,16,5,4,3,1,4,3,1
,2020000000,さいたま市,他市区町村に常住,総数,東京都,日の出町,10,10,0,8,8,0,2,2,0,2,2,0
,2020000000,さいたま市,他市区町村に常住,総数,東京都,檜原村,1,0,1,0,0,0,1,0,1,1,0,1
,2020000000,さいたま市,他市区町村に常住,総数,東京都,奥多摩町,2,2,0,2,2,0,0,0,0,0,0,0
,2020000000,さいたま市,他市区町村に常住,総数,東京都,大島町,0,0,0,0,0,0,0,0,0,0,0,0
,2020000000,さいたま市,他市区町村に常住,総数,東京都,利島村,0,0,0,0,0,0,0,0,0,0,0,0
,2020000000,さいたま市,他市区町村に常住,総数,東京都,新島村,1,1,0,0,0,0,1,1,0,1,1,0
,2020000000,さいたま市,他市区町村に常住,総数,東京都,神津島村,0,0,0,0,0,0,0,0,0,0,0,0
,2020000000,さいたま市,他市区町村に常住,総数,東京都,三宅村,0,0,0,0,0,0,0,0,0,0,0,0
,2020000000,さいたま市,他市区町村に常住,総数,東京都,御蔵島村,0,0,0,0,0,0,0,0,0,0,0,0
,2020000000,さいたま市,他市区町村に常住,総数,東京都,八丈町,0,0,0,0,0,0,0,0,0,0,0,0
,2020000000,さいたま市,他市区町村に常住,総数,東京都,青ヶ島村,0,0,0,0,0,0,0,0,0,0,0,0
,2020000000,さいたま市,他市区町村に常住,総数,東京都,小笠原村,0,0,0,0,0,0,0,0,0,0,0,0
,2020000000,さいたま市,他市区町村に常住,総数,神奈川県,神奈川県,4105,3451,654,3722,3167,555,361,272,89,383,284,99
,2020000000,さいたま市,他市区町村に常住,総数,神奈川県,横浜市,1899,1621,278,1696,1467,229,195,150,45,203,154,49
,2020000000,さいたま市,他市区町村に常住,総数,神奈川県,横浜市鶴見区,178,151,27,158,135,23,19,15,4,20,16,4
,2020000000,さいたま市,他市区町村に常住,総数,神奈川県,横浜市神奈川区,138,111,27,124,99,25,13,11,2,14,12,2
,2020000000,さいたま市,他市区町村に常住,総数,神奈川県,横浜市西区,77,62,15,66,54,12,10,8,2,11,8,3
,2020000000,さいたま市,他市区町村に常住,総数,神奈川県,横浜市中区,62,48,14,56,44,12,6,4,2,6,4,2
,2020000000,さいたま市,他市区町村に常住,総数,神奈川県,横浜市南区,90,72,18,80,66,14,10,6,4,10,6,4
,2020000000,さいたま市,他市区町村に常住,総数,神奈川県,横浜市保土ケ谷区,116,103,13,103,91,12,13,12,1,13,12,1
,2020000000,さいたま市,他市区町村に常住,総数,神奈川県,横浜市磯子区,65,55,10,60,53,7,3,2,1,5,2,3
,2020000000,さいたま市,他市区町村に常住,総数,神奈川県,横浜市金沢区,75,67,8,60,57,3,15,10,5,15,10,5
,2020000000,さいたま市,他市区町村に常住,総数,神奈川県,横浜市港北区,217,186,31,205,178,27,12,8,4,12,8,4
,2020000000,さいたま市,他市区町村に常住,総数,神奈川県,横浜市戸塚区,146,126,20,130,115,15,15,10,5,16,11,5
,2020000000,さいたま市,他市区町村に常住,総数,神奈川県,横浜市港南区,94,82,12,79,69,10,15,13,2,15,13,2
,2020000000,さいたま市,他市区町村に常住,総数,神奈川県,横浜市旭区,97,88,9,91,85,6,5,3,2,6,3,3
,2020000000,さいたま市,他市区町村に常住,総数,神奈川県,横浜市緑区,70,60,10,63,53,10,7,7,0,7,7,0
,2020000000,さいたま市,他市区町村に常住,総数,神奈川県,横浜市瀬谷区,36,32,4,32,29,3,4,3,1,4,3,1
,2020000000,さいたま市,他市区町村に常住,総数,神奈川県,横浜市栄区,66,54,12,61,51,10,4,2,2,5,3,2
,2020000000,さいたま市,他市区町村に常住,総数,神奈川県,横浜市泉区,63,54,9,55,47,8,8,7,1,8,7,1
,2020000000,さいたま市,他市区町村に常住,総数,神奈川県,横浜市青葉区,188,162,26,170,146,24,18,16,2,18,16,2
,2020000000,さいたま市,他市区町村に常住,総数,神奈川県,横浜市都筑区,121,108,13,103,95,8,18,13,5,18,13,5
,2020000000,さいたま市,他市区町村に常住,総数,神奈川県,川崎市,1117,884,233,1038,827,211,69,52,17,79,57,22
,2020000000,さいたま市,他市区町村に常住,総数,神奈川県,川崎市川崎区,137,110,27,129,104,25,7,5,2,8,6,2
,2020000000,さいたま市,他市区町村に常住,総数,神奈川県,川崎市幸区,146,106,40,135,99,36,9,6,3,11,7,4
,2020000000,さいたま市,他市区町村に常住,総数,神奈川県,川崎市中原区,205,162,43,182,142,40,21,19,2,23,20,3
,2020000000,さいたま市,他市区町村に常住,総数,神奈川県,川崎市高津区,139,102,37,129,97,32,7,5,2,10,5,5
,2020000000,さいたま市,他市区町村に常住,総数,神奈川県,川崎市多摩区,188,147,41,181,145,36,7,2,5,7,2,5
,2020000000,さいたま市,他市区町村に常住,総数,神奈川県,川崎市宮前区,144,125,19,137,118,19,6,6,0,7,7,0
,2020000000,さいたま市,他市区町村に常住,総数,神奈川県,川崎市麻生区,158,132,26,145,122,23,12,9,3,13,10,3
,2020000000,さいたま市,他市区町村に常住,総数,神奈川県,相模原市,247,217,30,227,203,24,20,14,6,20,14,6
,2020000000,さいたま市,他市区町村に常住,総数,神奈川県,相模原市緑区,45,37,8,41,36,5,4,1,3,4,1,3
,2020000000,さいたま市,他市区町村に常住,総数,神奈川県,相模原市中央区,64,55,9,59,51,8,5,4,1,5,4,1
,2020000000,さいたま市,他市区町村に常住,総数,神奈川県,相模原市南区,138,125,13,127,116,11,11,9,2,11,9,2
,2020000000,さいたま市,他市区町村に常住,総数,神奈川県,横須賀市,65,62,3,61,58,3,4,4,0,4,4,0
,2020000000,さいたま市,他市区町村に常住,総数,神奈川県,平塚市,46,40,6,35,32,3,11,8,3,11,8,3
,2020000000,さいたま市,他市区町村に常住,総数,神奈川県,鎌倉市,86,72,14,81,68,13,5,4,1,5,4,1
,2020000000,さいたま市,他市区町村に常住,総数,神奈川県,藤沢市,155,128,27,137,116,21,16,10,6,18,12,6
,2020000000,さいたま市,他市区町村に常住,総数,神奈川県,小田原市,34,31,3,28,27,1,6,4,2,6,4,2
,2020000000,さいたま市,他市区町村に常住,総数,神奈川県,茅ヶ崎市,78,70,8,73,66,7,5,4,1,5,4,1
,2020000000,さいたま市,他市区町村に常住,総数,神奈川県,逗子市,27,21,6,24,19,5,2,1,1,3,2,1
,2020000000,さいたま市,他市区町村に常住,総数,神奈川県,三浦市,2,2,0,2,2,0,0,0,0,0,0,0
,2020000000,さいたま市,他市区町村に常住,総数,神奈川県,秦野市,31,28,3,28,25,3,3,3,0,3,3,0
,2020000000,さいたま市,他市区町村に常住,総数,神奈川県,厚木市,64,58,6,59,56,3,4,2,2,5,2,3
,2020000000,さいたま市,他市区町村に常住,総数,神奈川県,大和市,64,55,9,56,49,7,8,6,2,8,6,2
,2020000000,さいたま市,他市区町村に常住,総数,神奈川県,伊勢原市,27,24,3,25,22,3,2,2,0,2,2,0
,2020000000,さいたま市,他市区町村に常住,総数,神奈川県,海老名市,37,28,9,36,27,9,1,1,0,1,1,0
,2020000000,さいたま市,他市区町村に常住,総数,神奈川県,座間市,43,39,4,42,39,3,1,0,1,1,0,1
,2020000000,さいたま市,他市区町村に常住,総数,神奈川県,南足柄市,7,7,0,6,6,0,1,1,0,1,1,0
,2020000000,さいたま市,他市区町村に常住,総数,神奈川県,綾瀬市,16,15,1,14,13,1,2,2,0,2,2,0
,2020000000,さいたま市,他市区町村に常住,総数,神奈川県,葉山町,13,10,3,10,8,2,3,2,1,3,2,1
,2020000000,さいたま市,他市区町村に常住,総数,神奈川県,寒川町,4,4,0,3,3,0,1,1,0,1,1,0
,2020000000,さいたま市,他市区町村に常住,総数,神奈川県,大磯町,13,10,3,11,9,2,2,1,1,2,1,1
,2020000000,さいたま市,他市区町村に常住,総数,神奈川県,二宮町,6,4,2,6,4,2,0,0,0,0,0,0
,2020000000,さいたま市,他市区町村に常住,総数,神奈川県,中井町,1,1,0,1,1,0,0,0,0,0,0,0
,2020000000,さいたま市,他市区町村に常住,総数,神奈川県,大井町,6,5,1,6,5,1,0,0,0,0,0,0
,2020000000,さいたま市,他市区町村に常住,総数,神奈川県,松田町,0,0,0,0,0,0,0,0,0,0,0,0
,2020000000,さいたま市,他市区町村に常住,総数,神奈川県,山北町,0,0,0,0,0,0,0,0,0,0,0,0
,2020000000,さいたま市,他市区町村に常住,総数,神奈川県,開成町,5,5,0,5,5,0,0,0,0,0,0,0
,2020000000,さいたま市,他市区町村に常住,総数,神奈川県,箱根町,0,0,0,0,0,0,0,0,0,0,0,0
,2020000000,さいたま市,他市区町村に常住,総数,神奈川県,真鶴町,0,0,0,0,0,0,0,0,0,0,0,0
,2020000000,さいたま市,他市区町村に常住,総数,神奈川県,湯河原町,2,2,0,2,2,0,0,0,0,0,0,0
,2020000000,さいたま市,他市区町村に常住,総数,神奈川県,愛川町,10,8,2,10,8,2,0,0,0,0,0,0
,2020000000,さいたま市,他市区町村に常住,総数,神奈川県,清川村,0,0,0,0,0,0,0,0,0,0,0,0
,2020000000,さいたま市,他市区町村に常住,総数,新潟県,新潟県,133,105,28,97,85,12,33,19,14,36,20,16
,2020000000,さいたま市,他市区町村に常住,総数,新潟県,新潟市,63,54,9,49,44,5,14,10,4,14,10,4
,2020000000,さいたま市,他市区町村に常住,総数,新潟県,新潟市北区,7,6,1,5,5,0,2,1,1,2,1,1
,2020000000,さいたま市,他市区町村に常住,総数,新潟県,新潟市東区,7,6,1,7,6,1,0,0,0,0,0,0
,2020000000,さいたま市,他市区町村に常住,総数,新潟県,新潟市中央区,15,13,2,13,12,1,2,1,1,2,1,1
,2020000000,さいたま市,他市区町村に常住,総数,新潟県,新潟市江南区,4,4,0,2,2,0,2,2,0,2,2,0
,2020000000,さいたま市,他市区町村に常住,総数,新潟県,新潟市秋葉区,6,5,1,5,4,1,1,1,0,1,1,0
,2020000000,さいたま市,他市区町村に常住,総数,新潟県,新潟市南区,3,2,1,3,2,1,0,0,0,0,0,0
,2020000000,さいたま市,他市区町村に常住,総数,新潟県,新潟市西区,18,16,2,12,11,1,6,5,1,6,5,1
,2020000000,さいたま市,他市区町村に常住,総数,新潟県,新潟市西蒲区,3,2,1,2,2,0,1,0,1,1,0,1
,2020000000,さいたま市,他市区町村に常住,総数,新潟県,長岡市,16,14,2,12,10,2,4,4,0,4,4,0
,2020000000,さいたま市,他市区町村に常住,総数,新潟県,三条市,2,2,0,2,2,0,0,0,0,0,0,0
,2020000000,さいたま市,他市区町村に常住,総数,新潟県,柏崎市,3,1,2,1,1,0,2,0,2,2,0,2
,2020000000,さいたま市,他市区町村に常住,総数,新潟県,新発田市,3,2,1,3,2,1,0,0,0,0,0,0
,2020000000,さいたま市,他市区町村に常住,総数,新潟県,小千谷市,0,0,0,0,0,0,0,0,0,0,0,0
,2020000000,さいたま市,他市区町村に常住,総数,新潟県,加茂市,0,0,0,0,0,0,0,0,0,0,0,0
,2020000000,さいたま市,他市区町村に常住,総数,新潟県,十日町市,5,4,1,5,4,1,0,0,0,0,0,0
,2020000000,さいたま市,他市区町村に常住,総数,新潟県,見附市,0,0,0,0,0,0,0,0,0,0,0,0
,2020000000,さいたま市,他市区町村に常住,総数,新潟県,村上市,0,0,0,0,0,0,0,0,0,0,0,0
,2020000000,さいたま市,他市区町村に常住,総数,新潟県,燕市,2,2,0,1,1,0,1,1,0,1,1,0
,2020000000,さいたま市,他市区町村に常住,総数,新潟県,糸魚川市,2,0,2,0,0,0,2,0,2,2,0,2
,2020000000,さいたま市,他市区町村に常住,総数,新潟県,妙高市,0,0,0,0,0,0,0,0,0,0,0,0
,2020000000,さいたま市,他市区町村に常住,総数,新潟県,五泉市,1,1,0,1,1,0,0,0,0,0,0,0
,2020000000,さいたま市,他市区町村に常住,総数,新潟県,上越市,14,8,6,6,4,2,6,3,3,8,4,4
,2020000000,さいたま市,他市区町村に常住,総数,新潟県,阿賀野市,6,5,1,5,5,0,1,0,1,1,0,1
,2020000000,さいたま市,他市区町村に常住,総数,新潟県,佐渡市,1,0,1,0,0,0,1,0,1,1,0,1
,2020000000,さいたま市,他市区町村に常住,総数,新潟県,魚沼市,1,1,0,1,1,0,0,0,0,0,0,0
,2020000000,さいたま市,他市区町村に常住,総数,新潟県,南魚沼市,7,6,1,5,5,0,2,1,1,2,1,1
,2020000000,さいたま市,他市区町村に常住,総数,新潟県,胎内市,1,1,0,1,1,0,0,0,0,0,0,0
,2020000000,さいたま市,他市区町村に常住,総数,新潟県,聖籠町,1,1,0,1,1,0,0,0,0,0,0,0
,2020000000,さいたま市,他市区町村に常住,総数,新潟県,弥彦村,0,0,0,0,0,0,0,0,0,0,0,0
,2020000000,さいたま市,他市区町村に常住,総数,新潟県,田上町,0,0,0,0,0,0,0,0,0,0,0,0
,2020000000,さいたま市,他市区町村に常住,総数,新潟県,阿賀町,0,0,0,0,0,0,0,0,0,0,0,0
,2020000000,さいたま市,他市区町村に常住,総数,新潟県,出雲崎町,0,0,0,0,0,0,0,0,0,0,0,0
,2020000000,さいたま市,他市区町村に常住,総数,新潟県,湯沢町,5,3,2,4,3,1,0,0,0,1,0,1
,2020000000,さいたま市,他市区町村に常住,総数,新潟県,津南町,0,0,0,0,0,0,0,0,0,0,0,0
,2020000000,さいたま市,他市区町村に常住,総数,新潟県,刈羽村,0,0,0,0,0,0,0,0,0,0,0,0
,2020000000,さいたま市,他市区町村に常住,総数,新潟県,関川村,0,0,0,0,0,0,0,0,0,0,0,0
,2020000000,さいたま市,他市区町村に常住,総数,新潟県,粟島浦村,0,0,0,0,0,0,0,0,0,0,0,0
,2020000000,さいたま市,他市区町村に常住,総数,富山県,富山県,24,17,7,10,7,3,14,10,4,14,10,4
,2020000000,さいたま市,他市区町村に常住,総数,富山県,富山市,14,12,2,6,5,1,8,7,1,8,7,1
,2020000000,さいたま市,他市区町村に常住,総数,富山県,高岡市,3,0,3,0,0,0,3,0,3,3,0,3
,2020000000,さいたま市,他市区町村に常住,総数,富山県,魚津市,0,0,0,0,0,0,0,0,0,0,0,0
,2020000000,さいたま市,他市区町村に常住,総数,富山県,氷見市,0,0,0,0,0,0,0,0,0,0,0,0
,2020000000,さいたま市,他市区町村に常住,総数,富山県,滑川市,1,1,0,0,0,0,1,1,0,1,1,0
,2020000000,さいたま市,他市区町村に常住,総数,富山県,黒部市,0,0,0,0,0,0,0,0,0,0,0,0
,2020000000,さいたま市,他市区町村に常住,総数,富山県,砺波市,0,0,0,0,0,0,0,0,0,0,0,0
,2020000000,さいたま市,他市区町村に常住,総数,富山県,小矢部市,0,0,0,0,0,0,0,0,0,0,0,0
,2020000000,さいたま市,他市区町村に常住,総数,富山県,南砺市,1,1,0,0,0,0,1,1,0,1,1,0
,2020000000,さいたま市,他市区町村に常住,総数,富山県,射水市,4,3,1,3,2,1,1,1,0,1,1,0
,2020000000,さいたま市,他市区町村に常住,総数,富山県,舟橋村,0,0,0,0,0,0,0,0,0,0,0,0
,2020000000,さいたま市,他市区町村に常住,総数,富山県,上市町,1,0,1,1,0,1,0,0,0,0,0,0
,2020000000,さいたま市,他市区町村に常住,総数,富山県,立山町,0,0,0,0,0,0,0,0,0,0,0,0
,2020000000,さいたま市,他市区町村に常住,総数,富山県,入善町,0,0,0,0,0,0,0,0,0,0,0,0
,2020000000,さいたま市,他市区町村に常住,総数,富山県,朝日町,0,0,0,0,0,0,0,0,0,0,0,0
,2020000000,さいたま市,他市区町村に常住,総数,石川県,石川県,18,14,4,15,12,3,3,2,1,3,2,1
,2020000000,さいたま市,他市区町村に常住,総数,石川県,金沢市,9,8,1,9,8,1,0,0,0,0,0,0
,2020000000,さいたま市,他市区町村に常住,総数,石川県,七尾市,0,0,0,0,0,0,0,0,0,0,0,0
,2020000000,さいたま市,他市区町村に常住,総数,石川県,小松市,2,1,1,1,0,1,1,1,0,1,1,0
,2020000000,さいたま市,他市区町村に常住,総数,石川県,輪島市,0,0,0,0,0,0,0,0,0,0,0,0
,2020000000,さいたま市,他市区町村に常住,総数,石川県,珠洲市,0,0,0,0,0,0,0,0,0,0,0,0
,2020000000,さいたま市,他市区町村に常住,総数,石川県,加賀市,0,0,0,0,0,0,0,0,0,0,0,0
,2020000000,さいたま市,他市区町村に常住,総数,石川県,羽咋市,1,0,1,1,0,1,0,0,0,0,0,0
,2020000000,さいたま市,他市区町村に常住,総数,石川県,かほく市,0,0,0,0,0,0,0,0,0,0,0,0
,2020000000,さいたま市,他市区町村に常住,総数,石川県,白山市,1,1,0,0,0,0,1,1,0,1,1,0
,2020000000,さいたま市,他市区町村に常住,総数,石川県,能美市,0,0,0,0,0,0,0,0,0,0,0,0
,2020000000,さいたま市,他市区町村に常住,総数,石川県,野々市市,2,2,0,2,2,0,0,0,0,0,0,0
,2020000000,さいたま市,他市区町村に常住,総数,石川県,川北町,1,1,0,1,1,0,0,0,0,0,0,0
,2020000000,さいたま市,他市区町村に常住,総数,石川県,津幡町,1,1,0,1,1,0,0,0,0,0,0,0
,2020000000,さいたま市,他市区町村に常住,総数,石川県,内灘町,0,0,0,0,0,0,0,0,0,0,0,0
,2020000000,さいたま市,他市区町村に常住,総数,石川県,志賀町,0,0,0,0,0,0,0,0,0,0,0,0
,2020000000,さいたま市,他市区町村に常住,総数,石川県,宝達志水町,1,0,1,0,0,0,1,0,1,1,0,1
,2020000000,さいたま市,他市区町村に常住,総数,石川県,中能登町,0,0,0,0,0,0,0,0,0,0,0,0
,2020000000,さいたま市,他市区町村に常住,総数,石川県,穴水町,0,0,0,0,0,0,0,0,0,0,0,0
,2020000000,さいたま市,他市区町村に常住,総数,石川県,能登町,0,0,0,0,0,0,0,0,0,0,0,0
,2020000000,さいたま市,他市区町村に常住,総数,福井県,福井県,3,3,0,3,3,0,0,0,0,0,0,0
,2020000000,さいたま市,他市区町村に常住,総数,福井県,福井市,1,1,0,1,1,0,0,0,0,0,0,0
,2020000000,さいたま市,他市区町村に常住,総数,福井県,敦賀市,0,0,0,0,0,0,0,0,0,0,0,0
,2020000000,さいたま市,他市区町村に常住,総数,福井県,小浜市,0,0,0,0,0,0,0,0,0,0,0,0
,2020000000,さいたま市,他市区町村に常住,総数,福井県,大野市,0,0,0,0,0,0,0,0,0,0,0,0
,2020000000,さいたま市,他市区町村に常住,総数,福井県,勝山市,0,0,0,0,0,0,0,0,0,0,0,0
,2020000000,さいたま市,他市区町村に常住,総数,福井県,鯖江市,0,0,0,0,0,0,0,0,0,0,0,0
,2020000000,さいたま市,他市区町村に常住,総数,福井県,あわら市,1,1,0,1,1,0,0,0,0,0,0,0
,2020000000,さいたま市,他市区町村に常住,総数,福井県,越前市,0,0,0,0,0,0,0,0,0,0,0,0
,2020000000,さいたま市,他市区町村に常住,総数,福井県,坂井市,1,1,0,1,1,0,0,0,0,0,0,0
,2020000000,さいたま市,他市区町村に常住,総数,福井県,永平寺町,0,0,0,0,0,0,0,0,0,0,0,0
,2020000000,さいたま市,他市区町村に常住,総数,福井県,池田町,0,0,0,0,0,0,0,0,0,0,0,0
,2020000000,さいたま市,他市区町村に常住,総数,福井県,南越前町,0,0,0,0,0,0,0,0,0,0,0,0
,2020000000,さいたま市,他市区町村に常住,総数,福井県,越前町,0,0,0,0,0,0,0,0,0,0,0,0
,2020000000,さいたま市,他市区町村に常住,総数,福井県,美浜町,0,0,0,0,0,0,0,0,0,0,0,0
,2020000000,さいたま市,他市区町村に常住,総数,福井県,高浜町,0,0,0,0,0,0,0,0,0,0,0,0
,2020000000,さいたま市,他市区町村に常住,総数,福井県,おおい町,0,0,0,0,0,0,0,0,0,0,0,0
,2020000000,さいたま市,他市区町村に常住,総数,福井県,若狭町,0,0,0,0,0,0,0,0,0,0,0,0
,2020000000,さいたま市,他市区町村に常住,総数,山梨県,山梨県,85,68,17,62,50,12,23,18,5,23,18,5
,2020000000,さいたま市,他市区町村に常住,総数,山梨県,甲府市,22,19,3,17,14,3,5,5,0,5,5,0
,2020000000,さいたま市,他市区町村に常住,総数,山梨県,富士吉田市,5,4,1,4,4,0,1,0,1,1,0,1
,2020000000,さいたま市,他市区町村に常住,総数,山梨県,都留市,2,2,0,1,1,0,1,1,0,1,1,0
,2020000000,さいたま市,他市区町村に常住,総数,山梨県,山梨市,3,2,1,3,2,1,0,0,0,0,0,0
,2020000000,さいたま市,他市区町村に常住,総数,山梨県,大月市,3,2,1,1,1,0,2,1,1,2,1,1
,2020000000,さいたま市,他市区町村に常住,総数,山梨県,韮崎市,4,4,0,3,3,0,1,1,0,1,1,0
,2020000000,さいたま市,他市区町村に常住,総数,山梨県,南アルプス市,5,4,1,4,3,1,1,1,0,1,1,0
,2020000000,さいたま市,他市区町村に常住,総数,山梨県,北杜市,3,1,2,2,1,1,1,0,1,1,0,1
,2020000000,さいたま市,他市区町村に常住,総数,山梨県,甲斐市,7,7,0,5,5,0,2,2,0,2,2,0
,2020000000,さいたま市,他市区町村に常住,総数,山梨県,笛吹市,5,3,2,4,3,1,1,0,1,1,0,1
,2020000000,さいたま市,他市区町村に常住,総数,山梨県,上野原市,7,4,3,6,4,2,1,0,1,1,0,1
,2020000000,さいたま市,他市区町村に常住,総数,山梨県,甲州市,0,0,0,0,0,0,0,0,0,0,0,0
,2020000000,さいたま市,他市区町村に常住,総数,山梨県,中央市,8,8,0,5,5,0,3,3,0,3,3,0
,2020000000,さいたま市,他市区町村に常住,総数,山梨県,市川三郷町,2,2,0,2,2,0,0,0,0,0,0,0
,2020000000,さいたま市,他市区町村に常住,総数,山梨県,早川町,0,0,0,0,0,0,0,0,0,0,0,0
,2020000000,さいたま市,他市区町村に常住,総数,山梨県,身延町,0,0,0,0,0,0,0,0,0,0,0,0
,2020000000,さいたま市,他市区町村に常住,総数,山梨県,南部町,0,0,0,0,0,0,0,0,0,0,0,0
,2020000000,さいたま市,他市区町村に常住,総数,山梨県,富士川町,1,1,0,0,0,0,1,1,0,1,1,0
,2020000000,さいたま市,他市区町村に常住,総数,山梨県,昭和町,2,2,0,0,0,0,2,2,0,2,2,0
,2020000000,さいたま市,他市区町村に常住,総数,山梨県,道志村,0,0,0,0,0,0,0,0,0,0,0,0
,2020000000,さいたま市,他市区町村に常住,総数,山梨県,西桂町,0,0,0,0,0,0,0,0,0,0,0,0
,2020000000,さいたま市,他市区町村に常住,総数,山梨県,忍野村,1,1,0,0,0,0,1,1,0,1,1,0
,2020000000,さいたま市,他市区町村に常住,総数,山梨県,山中湖村,0,0,0,0,0,0,0,0,0,0,0,0
,2020000000,さいたま市,他市区町村に常住,総数,山梨県,鳴沢村,0,0,0,0,0,0,0,0,0,0,0,0
,2020000000,さいたま市,他市区町村に常住,総数,山梨県,富士河口湖町,5,2,3,5,2,3,0,0,0,0,0,0
,2020000000,さいたま市,他市区町村に常住,総数,山梨県,小菅村,0,0,0,0,0,0,0,0,0,0,0,0
,2020000000,さいたま市,他市区町村に常住,総数,山梨県,丹波山村,0,0,0,0,0,0,0,0,0,0,0,0
,2020000000,さいたま市,他市区町村に常住,総数,長野県,長野県,370,288,82,273,228,45,95,58,37,97,60,37
,2020000000,さいたま市,他市区町村に常住,総数,長野県,長野市,122,101,21,105,89,16,17,12,5,17,12,5
,2020000000,さいたま市,他市区町村に常住,総数,長野県,松本市,28,23,5,23,19,4,5,4,1,5,4,1
,2020000000,さいたま市,他市区町村に常住,総数,長野県,上田市,39,26,13,27,19,8,11,6,5,12,7,5
,2020000000,さいたま市,他市区町村に常住,総数,長野県,岡谷市,3,3,0,2,2,0,1,1,0,1,1,0
,2020000000,さいたま市,他市区町村に常住,総数,長野県,飯田市,1,1,0,0,0,0,1,1,0,1,1,0
,2020000000,さいたま市,他市区町村に常住,総数,長野県,諏訪市,0,0,0,0,0,0,0,0,0,0,0,0
,2020000000,さいたま市,他市区町村に常住,総数,長野県,須坂市,4,2,2,2,1,1,2,1,1,2,1,1
,2020000000,さいたま市,他市区町村に常住,総数,長野県,小諸市,15,8,7,6,5,1,9,3,6,9,3,6
,2020000000,さいたま市,他市区町村に常住,総数,長野県,伊那市,2,2,0,2,2,0,0,0,0,0,0,0
,2020000000,さいたま市,他市区町村に常住,総数,長野県,駒ヶ根市,4,4,0,3,3,0,1,1,0,1,1,0
,2020000000,さいたま市,他市区町村に常住,総数,長野県,中野市,7,6,1,4,3,1,3,3,0,3,3,0
,2020000000,さいたま市,他市区町村に常住,総数,長野県,大町市,2,2,0,1,1,0,1,1,0,1,1,0
,2020000000,さいたま市,他市区町村に常住,総数,長野県,飯山市,2,2,0,2,2,0,0,0,0,0,0,0
,2020000000,さいたま市,他市区町村に常住,総数,長野県,茅野市,0,0,0,0,0,0,0,0,0,0,0,0
,2020000000,さいたま市,他市区町村に常住,総数,長野県,塩尻市,6,5,1,3,2,1,3,3,0,3,3,0
,2020000000,さいたま市,他市区町村に常住,総数,長野県,佐久市,48,36,12,29,24,5,19,12,7,19,12,7
,2020000000,さいたま市,他市区町村に常住,総数,長野県,千曲市,11,10,1,10,10,0,1,0,1,1,0,1
,2020000000,さいたま市,他市区町村に常住,総数,長野県,東御市,10,8,2,6,6,0,4,2,2,4,2,2
,2020000000,さいたま市,他市区町村に常住,総数,長野県,安曇野市,11,9,2,9,8,1,2,1,1,2,1,1
,2020000000,さいたま市,他市区町村に常住,総数,長野県,小海町,1,1,0,1,1,0,0,0,0,0,0,0
,2020000000,さいたま市,他市区町村に常住,総数,長野県,川上村,0,0,0,0,0,0,0,0,0,0,0,0
,2020000000,さいたま市,他市区町村に常住,総数,長野県,南牧村,0,0,0,0,0,0,0,0,0,0,0,0
,2020000000,さいたま市,他市区町村に常住,総数,長野県,南相木村,0,0,0,0,0,0,0,0,0,0,0,0
,2020000000,さいたま市,他市区町村に常住,総数,長野県,北相木村,0,0,0,0,0,0,0,0,0,0,0,0
,2020000000,さいたま市,他市区町村に常住,総数,長野県,佐久穂町,1,1,0,1,1,0,0,0,0,0,0,0
,2020000000,さいたま市,他市区町村に常住,総数,長野県,軽井沢町,17,11,6,13,11,2,4,0,4,4,0,4
,2020000000,さいたま市,他市区町村に常住,総数,長野県,御代田町,6,5,1,6,5,1,0,0,0,0,0,0
,2020000000,さいたま市,他市区町村に常住,総数,長野県,立科町,1,0,1,1,0,1,0,0,0,0,0,0
,2020000000,さいたま市,他市区町村に常住,総数,長野県,青木村,3,2,1,2,1,1,1,1,0,1,1,0
,2020000000,さいたま市,他市区町村に常住,総数,長野県,長和町,0,0,0,0,0,0,0,0,0,0,0,0
,2020000000,さいたま市,他市区町村に常住,総数,長野県,下諏訪町,3,3,0,2,2,0,0,0,0,1,1,0
,2020000000,さいたま市,他市区町村に常住,総数,長野県,富士見町,3,1,2,1,1,0,2,0,2,2,0,2
,2020000000,さいたま市,他市区町村に常住,総数,長野県,原村,1,1,0,0,0,0,1,1,0,1,1,0
,2020000000,さいたま市,他市区町村に常住,総数,長野県,辰野町,0,0,0,0,0,0,0,0,0,0,0,0
,2020000000,さいたま市,他市区町村に常住,総数,長野県,箕輪町,1,1,0,1,1,0,0,0,0,0,0,0
,2020000000,さいたま市,他市区町村に常住,総数,長野県,飯島町,0,0,0,0,0,0,0,0,0,0,0,0
,2020000000,さいたま市,他市区町村に常住,総数,長野県,南箕輪村,2,2,0,1,1,0,1,1,0,1,1,0
,2020000000,さいたま市,他市区町村に常住,総数,長野県,中川村,0,0,0,0,0,0,0,0,0,0,0,0
,2020000000,さいたま市,他市区町村に常住,総数,長野県,宮田村,0,0,0,0,0,0,0,0,0,0,0,0
,2020000000,さいたま市,他市区町村に常住,総数,長野県,松川町,0,0,0,0,0,0,0,0,0,0,0,0
,2020000000,さいたま市,他市区町村に常住,総数,長野県,高森町,0,0,0,0,0,0,0,0,0,0,0,0
,2020000000,さいたま市,他市区町村に常住,総数,長野県,阿南町,1,0,1,1,0,1,0,0,0,0,0,0
,2020000000,さいたま市,他市区町村に常住,総数,長野県,阿智村,0,0,0,0,0,0,0,0,0,0,0,0
,2020000000,さいたま市,他市区町村に常住,総数,長野県,平谷村,0,0,0,0,0,0,0,0,0,0,0,0
,2020000000,さいたま市,他市区町村に常住,総数,長野県,根羽村,0,0,0,0,0,0,0,0,0,0,0,0
,2020000000,さいたま市,他市区町村に常住,総数,長野県,下條村,0,0,0,0,0,0,0,0,0,0,0,0
,2020000000,さいたま市,他市区町村に常住,総数,長野県,売木村,0,0,0,0,0,0,0,0,0,0,0,0
,2020000000,さいたま市,他市区町村に常住,総数,長野県,天龍村,0,0,0,0,0,0,0,0,0,0,0,0
,2020000000,さいたま市,他市区町村に常住,総数,長野県,泰阜村,0,0,0,0,0,0,0,0,0,0,0,0
,2020000000,さいたま市,他市区町村に常住,総数,長野県,喬木村,0,0,0,0,0,0,0,0,0,0,0,0
,2020000000,さいたま市,他市区町村に常住,総数,長野県,豊丘村,0,0,0,0,0,0,0,0,0,0,0,0
,2020000000,さいたま市,他市区町村に常住,総数,長野県,大鹿村,0,0,0,0,0,0,0,0,0,0,0,0
,2020000000,さいたま市,他市区町村に常住,総数,長野県,上松町,0,0,0,0,0,0,0,0,0,0,0,0
,2020000000,さいたま市,他市区町村に常住,総数,長野県,南木曽町,0,0,0,0,0,0,0,0,0,0,0,0
,2020000000,さいたま市,他市区町村に常住,総数,長野県,木祖村,0,0,0,0,0,0,0,0,0,0,0,0
,2020000000,さいたま市,他市区町村に常住,総数,長野県,王滝村,0,0,0,0,0,0,0,0,0,0,0,0
,2020000000,さいたま市,他市区町村に常住,総数,長野県,大桑村,0,0,0,0,0,0,0,0,0,0,0,0
,2020000000,さいたま市,他市区町村に常住,総数,長野県,木曽町,1,1,0,0,0,0,1,1,0,1,1,0
,2020000000,さいたま市,他市区町村に常住,総数,長野県,麻績村,0,0,0,0,0,0,0,0,0,0,0,0
,2020000000,さいたま市,他市区町村に常住,総数,長野県,生坂村,0,0,0,0,0,0,0,0,0,0,0,0
,2020000000,さいたま市,他市区町村に常住,総数,長野県,山形村,2,2,0,2,2,0,0,0,0,0,0,0
,2020000000,さいたま市,他市区町村に常住,総数,長野県,朝日村,0,0,0,0,0,0,0,0,0,0,0,0
,2020000000,さいたま市,他市区町村に常住,総数,長野県,筑北村,0,0,0,0,0,0,0,0,0,0,0,0
,2020000000,さいたま市,他市区町村に常住,総数,長野県,池田町,0,0,0,0,0,0,0,0,0,0,0,0
,2020000000,さいたま市,他市区町村に常住,総数,長野県,松川村,1,1,0,0,0,0,1,1,0,1,1,0
,2020000000,さいたま市,他市区町村に常住,総数,長野県,白馬村,0,0,0,0,0,0,0,0,0,0,0,0
,2020000000,さいたま市,他市区町村に常住,総数,長野県,小谷村,0,0,0,0,0,0,0,0,0,0,0,0
,2020000000,さいたま市,他市区町村に常住,総数,長野県,坂城町,6,4,2,3,2,1,3,2,1,3,2,1
,2020000000,さいたま市,他市区町村に常住,総数,長野県,小布施町,0,0,0,0,0,0,0,0,0,0,0,0
,2020000000,さいたま市,他市区町村に常住,総数,長野県,高山村,1,1,0,1,1,0,0,0,0,0,0,0
,2020000000,さいたま市,他市区町村に常住,総数,長野県,山ノ内町,0,0,0,0,0,0,0,0,0,0,0,0
,2020000000,さいたま市,他市区町村に常住,総数,長野県,木島平村,0,0,0,0,0,0,0,0,0,0,0,0
,2020000000,さいたま市,他市区町村に常住,総数,長野県,野沢温泉村,0,0,0,0,0,0,0,0,0,0,0,0
,2020000000,さいたま市,他市区町村に常住,総数,長野県,信濃町,1,1,0,1,1,0,0,0,0,0,0,0
,2020000000,さいたま市,他市区町村に常住,総数,長野県,小川村,1,0,1,0,0,0,1,0,1,1,0,1
,2020000000,さいたま市,他市区町村に常住,総数,長野県,飯綱町,2,2,0,2,2,0,0,0,0,0,0,0
,2020000000,さいたま市,他市区町村に常住,総数,長野県,栄村,0,0,0,0,0,0,0,0,0,0,0,0
,2020000000,さいたま市,他市区町村に常住,総数,岐阜県,岐阜県,16,14,2,14,12,2,2,2,0,2,2,0
,2020000000,さいたま市,他市区町村に常住,総数,岐阜県,岐阜市,10,10,0,8,8,0,2,2,0,2,2,0
,2020000000,さいたま市,他市区町村に常住,総数,岐阜県,大垣市,2,1,1,2,1,1,0,0,0,0,0,0
,2020000000,さいたま市,他市区町村に常住,総数,岐阜県,高山市,1,0,1,1,0,1,0,0,0,0,0,0
,2020000000,さいたま市,他市区町村に常住,総数,岐阜県,多治見市,0,0,0,0,0,0,0,0,0,0,0,0
,2020000000,さいたま市,他市区町村に常住,総数,岐阜県,関市,0,0,0,0,0,0,0,0,0,0,0,0
,2020000000,さいたま市,他市区町村に常住,総数,岐阜県,中津川市,1,1,0,1,1,0,0,0,0,0,0,0
,2020000000,さいたま市,他市区町村に常住,総数,岐阜県,美濃市,0,0,0,0,0,0,0,0,0,0,0,0
,2020000000,さいたま市,他市区町村に常住,総数,岐阜県,瑞浪市,0,0,0,0,0,0,0,0,0,0,0,0
,2020000000,さいたま市,他市区町村に常住,総数,岐阜県,羽島市,0,0,0,0,0,0,0,0,0,0,0,0
,2020000000,さいたま市,他市区町村に常住,総数,岐阜県,恵那市,0,0,0,0,0,0,0,0,0,0,0,0
,2020000000,さいたま市,他市区町村に常住,総数,岐阜県,美濃加茂市,0,0,0,0,0,0,0,0,0,0,0,0
,2020000000,さいたま市,他市区町村に常住,総数,岐阜県,土岐市,0,0,0,0,0,0,0,0,0,0,0,0
,2020000000,さいたま市,他市区町村に常住,総数,岐阜県,各務原市,0,0,0,0,0,0,0,0,0,0,0,0
,2020000000,さいたま市,他市区町村に常住,総数,岐阜県,可児市,0,0,0,0,0,0,0,0,0,0,0,0
,2020000000,さいたま市,他市区町村に常住,総数,岐阜県,山県市,0,0,0,0,0,0,0,0,0,0,0,0
,2020000000,さいたま市,他市区町村に常住,総数,岐阜県,瑞穂市,0,0,0,0,0,0,0,0,0,0,0,0
,2020000000,さいたま市,他市区町村に常住,総数,岐阜県,飛騨市,0,0,0,0,0,0,0,0,0,0,0,0
,2020000000,さいたま市,他市区町村に常住,総数,岐阜県,本巣市,0,0,0,0,0,0,0,0,0,0,0,0
,2020000000,さいたま市,他市区町村に常住,総数,岐阜県,郡上市,0,0,0,0,0,0,0,0,0,0,0,0
,2020000000,さいたま市,他市区町村に常住,総数,岐阜県,下呂市,0,0,0,0,0,0,0,0,0,0,0,0
,2020000000,さいたま市,他市区町村に常住,総数,岐阜県,海津市,0,0,0,0,0,0,0,0,0,0,0,0
,2020000000,さいたま市,他市区町村に常住,総数,岐阜県,岐南町,0,0,0,0,0,0,0,0,0,0,0,0
,2020000000,さいたま市,他市区町村に常住,総数,岐阜県,笠松町,0,0,0,0,0,0,0,0,0,0,0,0
,2020000000,さいたま市,他市区町村に常住,総数,岐阜県,養老町,0,0,0,0,0,0,0,0,0,0,0,0
,2020000000,さいたま市,他市区町村に常住,総数,岐阜県,垂井町,1,1,0,1,1,0,0,0,0,0,0,0
,2020000000,さいたま市,他市区町村に常住,総数,岐阜県,関ケ原町,0,0,0,0,0,0,0,0,0,0,0,0
,2020000000,さいたま市,他市区町村に常住,総数,岐阜県,神戸町,0,0,0,0,0,0,0,0,0,0,0,0
,2020000000,さいたま市,他市区町村に常住,総数,岐阜県,輪之内町,0,0,0,0,0,0,0,0,0,0,0,0
,2020000000,さいたま市,他市区町村に常住,総数,岐阜県,安八町,0,0,0,0,0,0,0,0,0,0,0,0
,2020000000,さいたま市,他市区町村に常住,総数,岐阜県,揖斐川町,0,0,0,0,0,0,0,0,0,0,0,0
,2020000000,さいたま市,他市区町村に常住,総数,岐阜県,大野町,1,1,0,1,1,0,0,0,0,0,0,0
,2020000000,さいたま市,他市区町村に常住,総数,岐阜県,池田町,0,0,0,0,0,0,0,0,0,0,0,0
,2020000000,さいたま市,他市区町村に常住,総数,岐阜県,北方町,0,0,0,0,0,0,0,0,0,0,0,0
,2020000000,さいたま市,他市区町村に常住,総数,岐阜県,坂祝町,0,0,0,0,0,0,0,0,0,0,0,0
,2020000000,さいたま市,他市区町村に常住,総数,岐阜県,富加町,0,0,0,0,0,0,0,0,0,0,0,0
,2020000000,さいたま市,他市区町村に常住,総数,岐阜県,川辺町,0,0,0,0,0,0,0,0,0,0,0,0
,2020000000,さいたま市,他市区町村に常住,総数,岐阜県,七宗町,0,0,0,0,0,0,0,0,0,0,0,0
,2020000000,さいたま市,他市区町村に常住,総数,岐阜県,八百津町,0,0,0,0,0,0,0,0,0,0,0,0
,2020000000,さいたま市,他市区町村に常住,総数,岐阜県,白川町,0,0,0,0,0,0,0,0,0,0,0,0
,2020000000,さいたま市,他市区町村に常住,総数,岐阜県,東白川村,0,0,0,0,0,0,0,0,0,0,0,0
,2020000000,さいたま市,他市区町村に常住,総数,岐阜県,御嵩町,0,0,0,0,0,0,0,0,0,0,0,0
,2020000000,さいたま市,他市区町村に常住,総数,岐阜県,白川村,0,0,0,0,0,0,0,0,0,0,0,0
,2020000000,さいたま市,他市区町村に常住,総数,静岡県,静岡県,92,77,15,63,56,7,29,21,8,29,21,8
,2020000000,さいたま市,他市区町村に常住,総数,静岡県,静岡市,20,17,3,14,13,1,6,4,2,6,4,2
,2020000000,さいたま市,他市区町村に常住,総数,静岡県,静岡市葵区,7,6,1,5,5,0,2,1,1,2,1,1
,2020000000,さいたま市,他市区町村に常住,総数,静岡県,静岡市駿河区,8,7,1,7,6,1,1,1,0,1,1,0
,2020000000,さいたま市,他市区町村に常住,総数,静岡県,静岡市清水区,5,4,1,2,2,0,3,2,1,3,2,1
,2020000000,さいたま市,他市区町村に常住,総数,静岡県,浜松市,12,9,3,5,4,1,7,5,2,7,5,2
,2020000000,さいたま市,他市区町村に常住,総数,静岡県,浜松市中区,5,3,2,2,1,1,3,2,1,3,2,1
,2020000000,さいたま市,他市区町村に常住,総数,静岡県,浜松市東区,4,3,1,0,0,0,4,3,1,4,3,1
,2020000000,さいたま市,他市区町村に常住,総数,静岡県,浜松市西区,0,0,0,0,0,0,0,0,0,0,0,0
,2020000000,さいたま市,他市区町村に常住,総数,静岡県,浜松市南区,0,0,0,0,0,0,0,0,0,0,0,0
,2020000000,さいたま市,他市区町村に常住,総数,静岡県,浜松市北区,3,3,0,3,3,0,0,0,0,0,0,0
,2020000000,さいたま市,他市区町村に常住,総数,静岡県,浜松市浜北区,0,0,0,0,0,0,0,0,0,0,0,0
,2020000000,さいたま市,他市区町村に常住,総数,静岡県,浜松市天竜区,0,0,0,0,0,0,0,0,0,0,0,0
,2020000000,さいたま市,他市区町村に常住,総数,静岡県,沼津市,9,8,1,7,7,0,2,1,1,2,1,1
,2020000000,さいたま市,他市区町村に常住,総数,静岡県,熱海市,2,1,1,2,1,1,0,0,0,0,0,0
,2020000000,さいたま市,他市区町村に常住,総数,静岡県,三島市,9,7,2,7,5,2,2,2,0,2,2,0
,2020000000,さいたま市,他市区町村に常住,総数,静岡県,富士宮市,3,3,0,3,3,0,0,0,0,0,0,0
,2020000000,さいたま市,他市区町村に常住,総数,静岡県,伊東市,2,1,1,2,1,1,0,0,0,0,0,0
,2020000000,さいたま市,他市区町村に常住,総数,静岡県,島田市,1,1,0,0,0,0,1,1,0,1,1,0
,2020000000,さいたま市,他市区町村に常住,総数,静岡県,富士市,10,10,0,4,4,0,6,6,0,6,6,0
,2020000000,さいたま市,他市区町村に常住,総数,静岡県,磐田市,1,1,0,1,1,0,0,0,0,0,0,0
,2020000000,さいたま市,他市区町村に常住,総数,静岡県,焼津市,4,4,0,4,4,0,0,0,0,0,0,0
,2020000000,さいたま市,他市区町村に常住,総数,静岡県,掛川市,2,2,0,2,2,0,0,0,0,0,0,0
,2020000000,さいたま市,他市区町村に常住,総数,静岡県,藤枝市,2,0,2,1,0,1,1,0,1,1,0,1
,2020000000,さいたま市,他市区町村に常住,総数,静岡県,御殿場市,1,1,0,1,1,0,0,0,0,0,0,0
,2020000000,さいたま市,他市区町村に常住,総数,静岡県,袋井市,2,2,0,1,1,0,1,1,0,1,1,0
,2020000000,さいたま市,他市区町村に常住,総数,静岡県,下田市,2,0,2,0,0,0,2,0,2,2,0,2
,2020000000,さいたま市,他市区町村に常住,総数,静岡県,裾野市,2,2,0,2,2,0,0,0,0,0,0,0
,2020000000,さいたま市,他市区町村に常住,総数,静岡県,湖西市,0,0,0,0,0,0,0,0,0,0,0,0
,2020000000,さいたま市,他市区町村に常住,総数,静岡県,伊豆市,0,0,0,0,0,0,0,0,0,0,0,0
,2020000000,さいたま市,他市区町村に常住,総数,静岡県,御前崎市,0,0,0,0,0,0,0,0,0,0,0,0
,2020000000,さいたま市,他市区町村に常住,総数,静岡県,菊川市,0,0,0,0,0,0,0,0,0,0,0,0
,2020000000,さいたま市,他市区町村に常住,総数,静岡県,伊豆の国市,0,0,0,0,0,0,0,0,0,0,0,0
,2020000000,さいたま市,他市区町村に常住,総数,静岡県,牧之原市,0,0,0,0,0,0,0,0,0,0,0,0
,2020000000,さいたま市,他市区町村に常住,総数,静岡県,東伊豆町,0,0,0,0,0,0,0,0,0,0,0,0
,2020000000,さいたま市,他市区町村に常住,総数,静岡県,河津町,0,0,0,0,0,0,0,0,0,0,0,0
,2020000000,さいたま市,他市区町村に常住,総数,静岡県,南伊豆町,1,1,0,1,1,0,0,0,0,0,0,0
,2020000000,さいたま市,他市区町村に常住,総数,静岡県,松崎町,0,0,0,0,0,0,0,0,0,0,0,0
,2020000000,さいたま市,他市区町村に常住,総数,静岡県,西伊豆町,0,0,0,0,0,0,0,0,0,0,0,0
,2020000000,さいたま市,他市区町村に常住,総数,静岡県,函南町,0,0,0,0,0,0,0,0,0,0,0,0
,2020000000,さいたま市,他市区町村に常住,総数,静岡県,清水町,3,3,0,3,3,0,0,0,0,0,0,0
,2020000000,さいたま市,他市区町村に常住,総数,静岡県,長泉町,3,3,0,2,2,0,1,1,0,1,1,0
,2020000000,さいたま市,他市区町村に常住,総数,静岡県,小山町,0,0,0,0,0,0,0,0,0,0,0,0
,2020000000,さいたま市,他市区町村に常住,総数,静岡県,吉田町,1,1,0,1,1,0,0,0,0,0,0,0
,2020000000,さいたま市,他市区町村に常住,総数,静岡県,川根本町,0,0,0,0,0,0,0,0,0,0,0,0
,2020000000,さいたま市,他市区町村に常住,総数,静岡県,森町,0,0,0,0,0,0,0,0,0,0,0,0
,2020000000,さいたま市,他市区町村に常住,総数,愛知県,愛知県,61,56,5,53,50,3,7,6,1,8,6,2
,2020000000,さいたま市,他市区町村に常住,総数,愛知県,名古屋市,20,18,2,18,16,2,2,2,0,2,2,0
,2020000000,さいたま市,他市区町村に常住,総数,愛知県,名古屋市千種区,0,0,0,0,0,0,0,0,0,0,0,0
,2020000000,さいたま市,他市区町村に常住,総数,愛知県,名古屋市東区,0,0,0,0,0,0,0,0,0,0,0,0
,2020000000,さいたま市,他市区町村に常住,総数,愛知県,名古屋市北区,2,2,0,2,2,0,0,0,0,0,0,0
,2020000000,さいたま市,他市区町村に常住,総数,愛知県,名古屋市西区,2,2,0,2,2,0,0,0,0,0,0,0
,2020000000,さいたま市,他市区町村に常住,総数,愛知県,名古屋市中村区,1,1,0,1,1,0,0,0,0,0,0,0
,2020000000,さいたま市,他市区町村に常住,総数,愛知県,名古屋市中区,0,0,0,0,0,0,0,0,0,0,0,0
,2020000000,さいたま市,他市区町村に常住,総数,愛知県,名古屋市昭和区,0,0,0,0,0,0,0,0,0,0,0,0
,2020000000,さいたま市,他市区町村に常住,総数,愛知県,名古屋市瑞穂区,1,1,0,1,1,0,0,0,0,0,0,0
,2020000000,さいたま市,他市区町村に常住,総数,愛知県,名古屋市熱田区,0,0,0,0,0,0,0,0,0,0,0,0
,2020000000,さいたま市,他市区町村に常住,総数,愛知県,名古屋市中川区,2,1,1,2,1,1,0,0,0,0,0,0
,2020000000,さいたま市,他市区町村に常住,総数,愛知県,名古屋市港区,1,1,0,1,1,0,0,0,0,0,0,0
,2020000000,さいたま市,他市区町村に常住,総数,愛知県,名古屋市南区,0,0,0,0,0,0,0,0,0,0,0,0
,2020000000,さいたま市,他市区町村に常住,総数,愛知県,名古屋市守山区,3,3,0,2,2,0,1,1,0,1,1,0
,2020000000,さいたま市,他市区町村に常住,総数,愛知県,名古屋市緑区,1,1,0,1,1,0,0,0,0,0,0,0
,2020000000,さいたま市,他市区町村に常住,総数,愛知県,名古屋市名東区,6,5,1,6,5,1,0,0,0,0,0,0
,2020000000,さいたま市,他市区町村に常住,総数,愛知県,名古屋市天白区,1,1,0,0,0,0,1,1,0,1,1,0
,2020000000,さいたま市,他市区町村に常住,総数,愛知県,豊橋市,2,2,0,2,2,0,0,0,0,0,0,0
,2020000000,さいたま市,他市区町村に常住,総数,愛知県,岡崎市,2,2,0,1,1,0,1,1,0,1,1,0
,2020000000,さいたま市,他市区町村に常住,総数,愛知県,一宮市,5,5,0,5,5,0,0,0,0,0,0,0
,2020000000,さいたま市,他市区町村に常住,総数,愛知県,瀬戸市,0,0,0,0,0,0,0,0,0,0,0,0
,2020000000,さいたま市,他市区町村に常住,総数,愛知県,半田市,0,0,0,0,0,0,0,0,0,0,0,0
,2020000000,さいたま市,他市区町村に常住,総数,愛知県,春日井市,2,2,0,2,2,0,0,0,0,0,0,0
,2020000000,さいたま市,他市区町村に常住,総数,愛知県,豊川市,0,0,0,0,0,0,0,0,0,0,0,0
,2020000000,さいたま市,他市区町村に常住,総数,愛知県,津島市,0,0,0,0,0,0,0,0,0,0,0,0
,2020000000,さいたま市,他市区町村に常住,総数,愛知県,碧南市,0,0,0,0,0,0,0,0,0,0,0,0
,2020000000,さいたま市,他市区町村に常住,総数,愛知県,刈谷市,2,1,1,1,1,0,0,0,0,1,0,1
,2020000000,さいたま市,他市区町村に常住,総数,愛知県,豊田市,4,3,1,3,2,1,1,1,0,1,1,0
,2020000000,さいたま市,他市区町村に常住,総数,愛知県,安城市,1,1,0,1,1,0,0,0,0,0,0,0
,2020000000,さいたま市,他市区町村に常住,総数,愛知県,西尾市,0,0,0,0,0,0,0,0,0,0,0,0
,2020000000,さいたま市,他市区町村に常住,総数,愛知県,蒲郡市,0,0,0,0,0,0,0,0,0,0,0,0
,2020000000,さいたま市,他市区町村に常住,総数,愛知県,犬山市,1,1,0,1,1,0,0,0,0,0,0,0
,2020000000,さいたま市,他市区町村に常住,総数,愛知県,常滑市,0,0,0,0,0,0,0,0,0,0,0,0
,2020000000,さいたま市,他市区町村に常住,総数,愛知県,江南市,4,4,0,4,4,0,0,0,0,0,0,0
,2020000000,さいたま市,他市区町村に常住,総数,愛知県,小牧市,0,0,0,0,0,0,0,0,0,0,0,0
,2020000000,さいたま市,他市区町村に常住,総数,愛知県,稲沢市,4,4,0,3,3,0,1,1,0,1,1,0
,2020000000,さいたま市,他市区町村に常住,総数,愛知県,新城市,1,1,0,0,0,0,1,1,0,1,1,0
,2020000000,さいたま市,他市区町村に常住,総数,愛知県,東海市,1,0,1,0,0,0,1,0,1,1,0,1
,2020000000,さいたま市,他市区町村に常住,総数,愛知県,大府市,0,0,0,0,0,0,0,0,0,0,0,0
,2020000000,さいたま市,他市区町村に常住,総数,愛知県,知多市,0,0,0,0,0,0,0,0,0,0,0,0
,2020000000,さいたま市,他市区町村に常住,総数,愛知県,知立市,3,3,0,3,3,0,0,0,0,0,0,0
,2020000000,さいたま市,他市区町村に常住,総数,愛知県,尾張旭市,3,3,0,3,3,0,0,0,0,0,0,0
,2020000000,さいたま市,他市区町村に常住,総数,愛知県,高浜市,0,0,0,0,0,0,0,0,0,0,0,0
,2020000000,さいたま市,他市区町村に常住,総数,愛知県,岩倉市,0,0,0,0,0,0,0,0,0,0,0,0
,2020000000,さいたま市,他市区町村に常住,総数,愛知県,豊明市,0,0,0,0,0,0,0,0,0,0,0,0
,2020000000,さいたま市,他市区町村に常住,総数,愛知県,日進市,0,0,0,0,0,0,0,0,0,0,0,0
,2020000000,さいたま市,他市区町村に常住,総数,愛知県,田原市,0,0,0,0,0,0,0,0,0,0,0,0
,2020000000,さいたま市,他市区町村に常住,総数,愛知県,愛西市,1,1,0,1,1,0,0,0,0,0,0,0
,2020000000,さいたま市,他市区町村に常住,総数,愛知県,清須市,0,0,0,0,0,0,0,0,0,0,0,0
,2020000000,さいたま市,他市区町村に常住,総数,愛知県,北名古屋市,3,3,0,3,3,0,0,0,0,0,0,0
,2020000000,さいたま市,他市区町村に常住,総数,愛知県,弥富市,0,0,0,0,0,0,0,0,0,0,0,0
,2020000000,さいたま市,他市区町村に常住,総数,愛知県,みよし市,1,1,0,1,1,0,0,0,0,0,0,0
,2020000000,さいたま市,他市区町村に常住,総数,愛知県,あま市,0,0,0,0,0,0,0,0,0,0,0,0
,2020000000,さいたま市,他市区町村に常住,総数,愛知県,長久手市,0,0,0,0,0,0,0,0,0,0,0,0
,2020000000,さいたま市,他市区町村に常住,総数,愛知県,東郷町,0,0,0,0,0,0,0,0,0,0,0,0
,2020000000,さいたま市,他市区町村に常住,総数,愛知県,豊山町,0,0,0,0,0,0,0,0,0,0,0,0
,2020000000,さいたま市,他市区町村に常住,総数,愛知県,大口町,0,0,0,0,0,0,0,0,0,0,0,0
,2020000000,さいたま市,他市区町村に常住,総数,愛知県,扶桑町,0,0,0,0,0,0,0,0,0,0,0,0
,2020000000,さいたま市,他市区町村に常住,総数,愛知県,大治町,0,0,0,0,0,0,0,0,0,0,0,0
,2020000000,さいたま市,他市区町村に常住,総数,愛知県,蟹江町,0,0,0,0,0,0,0,0,0,0,0,0
,2020000000,さいたま市,他市区町村に常住,総数,愛知県,飛島村,0,0,0,0,0,0,0,0,0,0,0,0
,2020000000,さいたま市,他市区町村に常住,総数,愛知県,阿久比町,0,0,0,0,0,0,0,0,0,0,0,0
,2020000000,さいたま市,他市区町村に常住,総数,愛知県,東浦町,0,0,0,0,0,0,0,0,0,0,0,0
,2020000000,さいたま市,他市区町村に常住,総数,愛知県,南知多町,0,0,0,0,0,0,0,0,0,0,0,0
,2020000000,さいたま市,他市区町村に常住,総数,愛知県,美浜町,0,0,0,0,0,0,0,0,0,0,0,0
,2020000000,さいたま市,他市区町村に常住,総数,愛知県,武豊町,0,0,0,0,0,0,0,0,0,0,0,0
,2020000000,さいたま市,他市区町村に常住,総数,愛知県,幸田町,1,1,0,1,1,0,0,0,0,0,0,0
,2020000000,さいたま市,他市区町村に常住,総数,愛知県,設楽町,0,0,0,0,0,0,0,0,0,0,0,0
,2020000000,さいたま市,他市区町村に常住,総数,愛知県,東栄町,0,0,0,0,0,0,0,0,0,0,0,0
,2020000000,さいたま市,他市区町村に常住,総数,愛知県,豊根村,0,0,0,0,0,0,0,0,0,0,0,0
,2020000000,さいたま市,他市区町村に常住,総数,三重県,三重県,13,8,5,10,5,5,3,3,0,3,3,0
,2020000000,さいたま市,他市区町村に常住,総数,三重県,津市,2,1,1,2,1,1,0,0,0,0,0,0
,2020000000,さいたま市,他市区町村に常住,総数,三重県,四日市市,2,1,1,1,0,1,1,1,0,1,1,0
,2020000000,さいたま市,他市区町村に常住,総数,三重県,伊勢市,2,1,1,2,1,1,0,0,0,0,0,0
,2020000000,さいたま市,他市区町村に常住,総数,三重県,松阪市,0,0,0,0,0,0,0,0,0,0,0,0
,2020000000,さいたま市,他市区町村に常住,総数,三重県,桑名市,0,0,0,0,0,0,0,0,0,0,0,0
,2020000000,さいたま市,他市区町村に常住,総数,三重県,鈴鹿市,2,1,1,1,0,1,1,1,0,1,1,0
,2020000000,さいたま市,他市区町村に常住,総数,三重県,名張市,1,1,0,1,1,0,0,0,0,0,0,0
,2020000000,さいたま市,他市区町村に常住,総数,三重県,尾鷲市,0,0,0,0,0,0,0,0,0,0,0,0
,2020000000,さいたま市,他市区町村に常住,総数,三重県,亀山市,1,1,0,1,1,0,0,0,0,0,0,0
,2020000000,さいたま市,他市区町村に常住,総数,三重県,鳥羽市,0,0,0,0,0,0,0,0,0,0,0,0
,2020000000,さいたま市,他市区町村に常住,総数,三重県,熊野市,0,0,0,0,0,0,0,0,0,0,0,0
,2020000000,さいたま市,他市区町村に常住,総数,三重県,いなべ市,0,0,0,0,0,0,0,0,0,0,0,0
,2020000000,さいたま市,他市区町村に常住,総数,三重県,志摩市,0,0,0,0,0,0,0,0,0,0,0,0
,2020000000,さいたま市,他市区町村に常住,総数,三重県,伊賀市,1,0,1,1,0,1,0,0,0,0,0,0
,2020000000,さいたま市,他市区町村に常住,総数,三重県,木曽岬町,0,0,0,0,0,0,0,0,0,0,0,0
,2020000000,さいたま市,他市区町村に常住,総数,三重県,東員町,0,0,0,0,0,0,0,0,0,0,0,0
,2020000000,さいたま市,他市区町村に常住,総数,三重県,菰野町,1,1,0,0,0,0,1,1,0,1,1,0
,2020000000,さいたま市,他市区町村に常住,総数,三重県,朝日町,1,1,0,1,1,0,0,0,0,0,0,0
,2020000000,さいたま市,他市区町村に常住,総数,三重県,川越町,0,0,0,0,0,0,0,0,0,0,0,0
,2020000000,さいたま市,他市区町村に常住,総数,三重県,多気町,0,0,0,0,0,0,0,0,0,0,0,0
,2020000000,さいたま市,他市区町村に常住,総数,三重県,明和町,0,0,0,0,0,0,0,0,0,0,0,0
,2020000000,さいたま市,他市区町村に常住,総数,三重県,大台町,0,0,0,0,0,0,0,0,0,0,0,0
,2020000000,さいたま市,他市区町村に常住,総数,三重県,玉城町,0,0,0,0,0,0,0,0,0,0,0,0
,2020000000,さいたま市,他市区町村に常住,総数,三重県,度会町,0,0,0,0,0,0,0,0,0,0,0,0
,2020000000,さいたま市,他市区町村に常住,総数,三重県,大紀町,0,0,0,0,0,0,0,0,0,0,0,0
,2020000000,さいたま市,他市区町村に常住,総数,三重県,南伊勢町,0,0,0,0,0,0,0,0,0,0,0,0
,2020000000,さいたま市,他市区町村に常住,総数,三重県,紀北町,0,0,0,0,0,0,0,0,0,0,0,0
,2020000000,さいたま市,他市区町村に常住,総数,三重県,御浜町,0,0,0,0,0,0,0,0,0,0,0,0
,2020000000,さいたま市,他市区町村に常住,総数,三重県,紀宝町,0,0,0,0,0,0,0,0,0,0,0,0
,2020000000,さいたま市,他市区町村に常住,総数,滋賀県,滋賀県,6,4,2,5,4,1,0,0,0,1,0,1
,2020000000,さいたま市,他市区町村に常住,総数,滋賀県,大津市,2,1,1,1,1,0,0,0,0,1,0,1
,2020000000,さいたま市,他市区町村に常住,総数,滋賀県,彦根市,0,0,0,0,0,0,0,0,0,0,0,0
,2020000000,さいたま市,他市区町村に常住,総数,滋賀県,長浜市,0,0,0,0,0,0,0,0,0,0,0,0
,2020000000,さいたま市,他市区町村に常住,総数,滋賀県,近江八幡市,0,0,0,0,0,0,0,0,0,0,0,0
,2020000000,さいたま市,他市区町村に常住,総数,滋賀県,草津市,2,1,1,2,1,1,0,0,0,0,0,0
,2020000000,さいたま市,他市区町村に常住,総数,滋賀県,守山市,0,0,0,0,0,0,0,0,0,0,0,0
,2020000000,さいたま市,他市区町村に常住,総数,滋賀県,栗東市,0,0,0,0,0,0,0,0,0,0,0,0
,2020000000,さいたま市,他市区町村に常住,総数,滋賀県,甲賀市,0,0,0,0,0,0,0,0,0,0,0,0
,2020000000,さいたま市,他市区町村に常住,総数,滋賀県,野洲市,0,0,0,0,0,0,0,0,0,0,0,0
,2020000000,さいたま市,他市区町村に常住,総数,滋賀県,湖南市,0,0,0,0,0,0,0,0,0,0,0,0
,2020000000,さいたま市,他市区町村に常住,総数,滋賀県,高島市,0,0,0,0,0,0,0,0,0,0,0,0
,2020000000,さいたま市,他市区町村に常住,総数,滋賀県,東近江市,1,1,0,1,1,0,0,0,0,0,0,0
,2020000000,さいたま市,他市区町村に常住,総数,滋賀県,米原市,0,0,0,0,0,0,0,0,0,0,0,0
,2020000000,さいたま市,他市区町村に常住,総数,滋賀県,日野町,1,1,0,1,1,0,0,0,0,0,0,0
,2020000000,さいたま市,他市区町村に常住,総数,滋賀県,竜王町,0,0,0,0,0,0,0,0,0,0,0,0
,2020000000,さいたま市,他市区町村に常住,総数,滋賀県,愛荘町,0,0,0,0,0,0,0,0,0,0,0,0
,2020000000,さいたま市,他市区町村に常住,総数,滋賀県,豊郷町,0,0,0,0,0,0,0,0,0,0,0,0
,2020000000,さいたま市,他市区町村に常住,総数,滋賀県,甲良町,0,0,0,0,0,0,0,0,0,0,0,0
,2020000000,さいたま市,他市区町村に常住,総数,滋賀県,多賀町,0,0,0,0,0,0,0,0,0,0,0,0
,2020000000,さいたま市,他市区町村に常住,総数,京都府,京都府,13,9,4,11,7,4,2,2,0,2,2,0
,2020000000,さいたま市,他市区町村に常住,総数,京都府,京都市,7,5,2,7,5,2,0,0,0,0,0,0
,2020000000,さいたま市,他市区町村に常住,総数,京都府,京都市北区,0,0,0,0,0,0,0,0,0,0,0,0
,2020000000,さいたま市,他市区町村に常住,総数,京都府,京都市上京区,1,1,0,1,1,0,0,0,0,0,0,0
,2020000000,さいたま市,他市区町村に常住,総数,京都府,京都市左京区,1,1,0,1,1,0,0,0,0,0,0,0
,2020000000,さいたま市,他市区町村に常住,総数,京都府,京都市中京区,1,1,0,1,1,0,0,0,0,0,0,0
,2020000000,さいたま市,他市区町村に常住,総数,京都府,京都市東山区,0,0,0,0,0,0,0,0,0,0,0,0
,2020000000,さいたま市,他市区町村に常住,総数,京都府,京都市下京区,0,0,0,0,0,0,0,0,0,0,0,0
,2020000000,さいたま市,他市区町村に常住,総数,京都府,京都市南区,0,0,0,0,0,0,0,0,0,0,0,0
,2020000000,さいたま市,他市区町村に常住,総数,京都府,京都市右京区,1,0,1,1,0,1,0,0,0,0,0,0
,2020000000,さいたま市,他市区町村に常住,総数,京都府,京都市伏見区,1,0,1,1,0,1,0,0,0,0,0,0
,2020000000,さいたま市,他市区町村に常住,総数,京都府,京都市山科区,1,1,0,1,1,0,0,0,0,0,0,0
,2020000000,さいたま市,他市区町村に常住,総数,京都府,京都市西京区,1,1,0,1,1,0,0,0,0,0,0,0
,2020000000,さいたま市,他市区町村に常住,総数,京都府,福知山市,0,0,0,0,0,0,0,0,0,0,0,0
,2020000000,さいたま市,他市区町村に常住,総数,京都府,舞鶴市,0,0,0,0,0,0,0,0,0,0,0,0
,2020000000,さいたま市,他市区町村に常住,総数,京都府,綾部市,0,0,0,0,0,0,0,0,0,0,0,0
,2020000000,さいたま市,他市区町村に常住,総数,京都府,宇治市,2,0,2,2,0,2,0,0,0,0,0,0
,2020000000,さいたま市,他市区町村に常住,総数,京都府,宮津市,0,0,0,0,0,0,0,0,0,0,0,0
,2020000000,さいたま市,他市区町村に常住,総数,京都府,亀岡市,0,0,0,0,0,0,0,0,0,0,0,0
,2020000000,さいたま市,他市区町村に常住,総数,京都府,城陽市,1,1,0,0,0,0,1,1,0,1,1,0
,2020000000,さいたま市,他市区町村に常住,総数,京都府,向日市,0,0,0,0,0,0,0,0,0,0,0,0
,2020000000,さいたま市,他市区町村に常住,総数,京都府,長岡京市,0,0,0,0,0,0,0,0,0,0,0,0
,2020000000,さいたま市,他市区町村に常住,総数,京都府,八幡市,1,1,0,1,1,0,0,0,0,0,0,0
,2020000000,さいたま市,他市区町村に常住,総数,京都府,京田辺市,1,1,0,0,0,0,1,1,0,1,1,0
,2020000000,さいたま市,他市区町村に常住,総数,京都府,京丹後市,0,0,0,0,0,0,0,0,0,0,0,0
,2020000000,さいたま市,他市区町村に常住,総数,京都府,南丹市,0,0,0,0,0,0,0,0,0,0,0,0
,2020000000,さいたま市,他市区町村に常住,総数,京都府,木津川市,1,1,0,1,1,0,0,0,0,0,0,0
,2020000000,さいたま市,他市区町村に常住,総数,京都府,大山崎町,0,0,0,0,0,0,0,0,0,0,0,0
,2020000000,さいたま市,他市区町村に常住,総数,京都府,久御山町,0,0,0,0,0,0,0,0,0,0,0,0
,2020000000,さいたま市,他市区町村に常住,総数,京都府,井手町,0,0,0,0,0,0,0,0,0,0,0,0
,2020000000,さいたま市,他市区町村に常住,総数,京都府,宇治田原町,0,0,0,0,0,0,0,0,0,0,0,0
,2020000000,さいたま市,他市区町村に常住,総数,京都府,笠置町,0,0,0,0,0,0,0,0,0,0,0,0
,2020000000,さいたま市,他市区町村に常住,総数,京都府,和束町,0,0,0,0,0,0,0,0,0,0,0,0
,2020000000,さいたま市,他市区町村に常住,総数,京都府,精華町,0,0,0,0,0,0,0,0,0,0,0,0
,2020000000,さいたま市,他市区町村に常住,総数,京都府,南山城村,0,0,0,0,0,0,0,0,0,0,0,0
,2020000000,さいたま市,他市区町村に常住,総数,京都府,京丹波町,0,0,0,0,0,0,0,0,0,0,0,0
,2020000000,さいたま市,他市区町村に常住,総数,京都府,伊根町,0,0,0,0,0,0,0,0,0,0,0,0
,2020000000,さいたま市,他市区町村に常住,総数,京都府,与謝野町,0,0,0,0,0,0,0,0,0,0,0,0
,2020000000,さいたま市,他市区町村に常住,総数,大阪府,大阪府,68,58,10,58,51,7,10,7,3,10,7,3
,2020000000,さいたま市,他市区町村に常住,総数,大阪府,大阪市,20,13,7,17,12,5,3,1,2,3,1,2
,2020000000,さいたま市,他市区町村に常住,総数,大阪府,大阪市都島区,0,0,0,0,0,0,0,0,0,0,0,0
,2020000000,さいたま市,他市区町村に常住,総数,大阪府,大阪市福島区,1,1,0,1,1,0,0,0,0,0,0,0
,2020000000,さいたま市,他市区町村に常住,総数,大阪府,大阪市此花区,0,0,0,0,0,0,0,0,0,0,0,0
,2020000000,さいたま市,他市区町村に常住,総数,大阪府,大阪市西区,0,0,0,0,0,0,0,0,0,0,0,0
,2020000000,さいたま市,他市区町村に常住,総数,大阪府,大阪市港区,0,0,0,0,0,0,0,0,0,0,0,0
,2020000000,さいたま市,他市区町村に常住,総数,大阪府,大阪市大正区,0,0,0,0,0,0,0,0,0,0,0,0
,2020000000,さいたま市,他市区町村に常住,総数,大阪府,大阪市天王寺区,0,0,0,0,0,0,0,0,0,0,0,0
,2020000000,さいたま市,他市区町村に常住,総数,大阪府,大阪市浪速区,0,0,0,0,0,0,0,0,0,0,0,0
,2020000000,さいたま市,他市区町村に常住,総数,大阪府,大阪市西淀川区,1,0,1,1,0,1,0,0,0,0,0,0
,2020000000,さいたま市,他市区町村に常住,総数,大阪府,大阪市東淀川区,3,3,0,3,3,0,0,0,0,0,0,0
,2020000000,さいたま市,他市区町村に常住,総数,大阪府,大阪市東成区,0,0,0,0,0,0,0,0,0,0,0,0
,2020000000,さいたま市,他市区町村に常住,総数,大阪府,大阪市生野区,0,0,0,0,0,0,0,0,0,0,0,0
,2020000000,さいたま市,他市区町村に常住,総数,大阪府,大阪市旭区,1,1,0,1,1,0,0,0,0,0,0,0
,2020000000,さいたま市,他市区町村に常住,総数,大阪府,大阪市城東区,1,1,0,1,1,0,0,0,0,0,0,0
,2020000000,さいたま市,他市区町村に常住,総数,大阪府,大阪市阿倍野区,2,2,0,2,2,0,0,0,0,0,0,0
,2020000000,さいたま市,他市区町村に常住,総数,大阪府,大阪市住吉区,2,1,1,2,1,1,0,0,0,0,0,0
,2020000000,さいたま市,他市区町村に常住,総数,大阪府,大阪市東住吉区,0,0,0,0,0,0,0,0,0,0,0,0
,2020000000,さいたま市,他市区町村に常住,総数,大阪府,大阪市西成区,0,0,0,0,0,0,0,0,0,0,0,0
,2020000000,さいたま市,他市区町村に常住,総数,大阪府,大阪市淀川区,4,2,2,3,2,1,1,0,1,1,0,1
,2020000000,さいたま市,他市区町村に常住,総数,大阪府,大阪市鶴見区,0,0,0,0,0,0,0,0,0,0,0,0
,2020000000,さいたま市,他市区町村に常住,総数,大阪府,大阪市住之江区,0,0,0,0,0,0,0,0,0,0,0,0
,2020000000,さいたま市,他市区町村に常住,総数,大阪府,大阪市平野区,2,2,0,1,1,0,1,1,0,1,1,0
,2020000000,さいたま市,他市区町村に常住,総数,大阪府,大阪市北区,1,0,1,0,0,0,1,0,1,1,0,1
,2020000000,さいたま市,他市区町村に常住,総数,大阪府,大阪市中央区,2,0,2,2,0,2,0,0,0,0,0,0
,2020000000,さいたま市,他市区町村に常住,総数,大阪府,堺市,11,10,1,9,9,0,2,1,1,2,1,1
,2020000000,さいたま市,他市区町村に常住,総数,大阪府,堺市堺区,0,0,0,0,0,0,0,0,0,0,0,0
,2020000000,さいたま市,他市区町村に常住,総数,大阪府,堺市中区,0,0,0,0,0,0,0,0,0,0,0,0
,2020000000,さいたま市,他市区町村に常住,総数,大阪府,堺市東区,1,1,0,1,1,0,0,0,0,0,0,0
,2020000000,さいたま市,他市区町村に常住,総数,大阪府,堺市西区,3,3,0,3,3,0,0,0,0,0,0,0
,2020000000,さいたま市,他市区町村に常住,総数,大阪府,堺市南区,1,1,0,1,1,0,0,0,0,0,0,0
,2020000000,さいたま市,他市区町村に常住,総数,大阪府,堺市北区,5,4,1,4,4,0,1,0,1,1,0,1
,2020000000,さいたま市,他市区町村に常住,総数,大阪府,堺市美原区,1,1,0,0,0,0,1,1,0,1,1,0
,2020000000,さいたま市,他市区町村に常住,総数,大阪府,岸和田市,2,2,0,1,1,0,1,1,0,1,1,0
,2020000000,さいたま市,他市区町村に常住,総数,大阪府,豊中市,1,1,0,1,1,0,0,0,0,0,0,0
,2020000000,さいたま市,他市区町村に常住,総数,大阪府,池田市,0,0,0,0,0,0,0,0,0,0,0,0
,2020000000,さいたま市,他市区町村に常住,総数,大阪府,吹田市,6,6,0,5,5,0,1,1,0,1,1,0
,2020000000,さいたま市,他市区町村に常住,総数,大阪府,泉大津市,0,0,0,0,0,0,0,0,0,0,0,0
,2020000000,さいたま市,他市区町村に常住,総数,大阪府,高槻市,3,3,0,3,3,0,0,0,0,0,0,0
,2020000000,さいたま市,他市区町村に常住,総数,大阪府,貝塚市,0,0,0,0,0,0,0,0,0,0,0,0
,2020000000,さいたま市,他市区町村に常住,総数,大阪府,守口市,0,0,0,0,0,0,0,0,0,0,0,0
,2020000000,さいたま市,他市区町村に常住,総数,大阪府,枚方市,2,2,0,2,2,0,0,0,0,0,0,0
,2020000000,さいたま市,他市区町村に常住,総数,大阪府,茨木市,4,3,1,4,3,1,0,0,0,0,0,0
,2020000000,さいたま市,他市区町村に常住,総数,大阪府,八尾市,1,1,0,1,1,0,0,0,0,0,0,0
,2020000000,さいたま市,他市区町村に常住,総数,大阪府,泉佐野市,0,0,0,0,0,0,0,0,0,0,0,0
,2020000000,さいたま市,他市区町村に常住,総数,大阪府,富田林市,0,0,0,0,0,0,0,0,0,0,0,0
,2020000000,さいたま市,他市区町村に常住,総数,大阪府,寝屋川市,2,2,0,2,2,0,0,0,0,0,0,0
,2020000000,さいたま市,他市区町村に常住,総数,大阪府,河内長野市,2,2,0,1,1,0,1,1,0,1,1,0
,2020000000,さいたま市,他市区町村に常住,総数,大阪府,松原市,0,0,0,0,0,0,0,0,0,0,0,0
,2020000000,さいたま市,他市区町村に常住,総数,大阪府,大東市,1,1,0,0,0,0,1,1,0,1,1,0
,2020000000,さいたま市,他市区町村に常住,総数,大阪府,和泉市,1,1,0,1,1,0,0,0,0,0,0,0
,2020000000,さいたま市,他市区町村に常住,総数,大阪府,箕面市,3,3,0,3,3,0,0,0,0,0,0,0
,2020000000,さいたま市,他市区町村に常住,総数,大阪府,柏原市,0,0,0,0,0,0,0,0,0,0,0,0
,2020000000,さいたま市,他市区町村に常住,総数,大阪府,羽曳野市,1,1,0,0,0,0,1,1,0,1,1,0
,2020000000,さいたま市,他市区町村に常住,総数,大阪府,門真市,1,1,0,1,1,0,0,0,0,0,0,0
,2020000000,さいたま市,他市区町村に常住,総数,大阪府,摂津市,2,1,1,2,1,1,0,0,0,0,0,0
,2020000000,さいたま市,他市区町村に常住,総数,大阪府,高石市,0,0,0,0,0,0,0,0,0,0,0,0
,2020000000,さいたま市,他市区町村に常住,総数,大阪府,藤井寺市,0,0,0,0,0,0,0,0,0,0,0,0
,2020000000,さいたま市,他市区町村に常住,総数,大阪府,東大阪市,0,0,0,0,0,0,0,0,0,0,0,0
,2020000000,さいたま市,他市区町村に常住,総数,大阪府,泉南市,1,1,0,1,1,0,0,0,0,0,0,0
,2020000000,さいたま市,他市区町村に常住,総数,大阪府,四條畷市,2,2,0,2,2,0,0,0,0,0,0,0
,2020000000,さいたま市,他市区町村に常住,総数,大阪府,交野市,1,1,0,1,1,0,0,0,0,0,0,0
,2020000000,さいたま市,他市区町村に常住,総数,大阪府,大阪狭山市,0,0,0,0,0,0,0,0,0,0,0,0
,2020000000,さいたま市,他市区町村に常住,総数,大阪府,阪南市,0,0,0,0,0,0,0,0,0,0,0,0
,2020000000,さいたま市,他市区町村に常住,総数,大阪府,島本町,0,0,0,0,0,0,0,0,0,0,0,0
,2020000000,さいたま市,他市区町村に常住,総数,大阪府,豊能町,0,0,0,0,0,0,0,0,0,0,0,0
,2020000000,さいたま市,他市区町村に常住,総数,大阪府,能勢町,0,0,0,0,0,0,0,0,0,0,0,0
,2020000000,さいたま市,他市区町村に常住,総数,大阪府,忠岡町,0,0,0,0,0,0,0,0,0,0,0,0
,2020000000,さいたま市,他市区町村に常住,総数,大阪府,熊取町,0,0,0,0,0,0,0,0,0,0,0,0
,2020000000,さいたま市,他市区町村に常住,総数,大阪府,田尻町,0,0,0,0,0,0,0,0,0,0,0,0
,2020000000,さいたま市,他市区町村に常住,総数,大阪府,岬町,0,0,0,0,0,0,0,0,0,0,0,0
,2020000000,さいたま市,他市区町村に常住,総数,大阪府,太子町,0,0,0,0,0,0,0,0,0,0,0,0
,2020000000,さいたま市,他市区町村に常住,総数,大阪府,河南町,1,1,0,1,1,0,0,0,0,0,0,0
,2020000000,さいたま市,他市区町村に常住,総数,大阪府,千早赤阪村,0,0,0,0,0,0,0,0,0,0,0,0
,2020000000,さいたま市,他市区町村に常住,総数,兵庫県,兵庫県,29,26,3,25,22,3,4,4,0,4,4,0
,2020000000,さいたま市,他市区町村に常住,総数,兵庫県,神戸市,8,8,0,7,7,0,1,1,0,1,1,0
,2020000000,さいたま市,他市区町村に常住,総数,兵庫県,神戸市東灘区,4,4,0,4,4,0,0,0,0,0,0,0
,2020000000,さいたま市,他市区町村に常住,総数,兵庫県,神戸市灘区,1,1,0,1,1,0,0,0,0,0,0,0
,2020000000,さいたま市,他市区町村に常住,総数,兵庫県,神戸市兵庫区,0,0,0,0,0,0,0,0,0,0,0,0
,2020000000,さいたま市,他市区町村に常住,総数,兵庫県,神戸市長田区,0,0,0,0,0,0,0,0,0,0,0,0
,2020000000,さいたま市,他市区町村に常住,総数,兵庫県,神戸市須磨区,1,1,0,0,0,0,1,1,0,1,1,0
,2020000000,さいたま市,他市区町村に常住,総数,兵庫県,神戸市垂水区,0,0,0,0,0,0,0,0,0,0,0,0
,2020000000,さいたま市,他市区町村に常住,総数,兵庫県,神戸市北区,0,0,0,0,0,0,0,0,0,0,0,0
,2020000000,さいたま市,他市区町村に常住,総数,兵庫県,神戸市中央区,0,0,0,0,0,0,0,0,0,0,0,0
,2020000000,さいたま市,他市区町村に常住,総数,兵庫県,神戸市西区,2,2,0,2,2,0,0,0,0,0,0,0
,2020000000,さいたま市,他市区町村に常住,総数,兵庫県,姫路市,2,2,0,1,1,0,1,1,0,1,1,0
,2020000000,さいたま市,他市区町村に常住,総数,兵庫県,尼崎市,3,3,0,3,3,0,0,0,0,0,0,0
,2020000000,さいたま市,他市区町村に常住,総数,兵庫県,明石市,0,0,0,0,0,0,0,0,0,0,0,0
,2020000000,さいたま市,他市区町村に常住,総数,兵庫県,西宮市,6,4,2,5,3,2,1,1,0,1,1,0
,2020000000,さいたま市,他市区町村に常住,総数,兵庫県,洲本市,0,0,0,0,0,0,0,0,0,0,0,0
,2020000000,さいたま市,他市区町村に常住,総数,兵庫県,芦屋市,0,0,0,0,0,0,0,0,0,0,0,0
,2020000000,さいたま市,他市区町村に常住,総数,兵庫県,伊丹市,2,1,1,2,1,1,0,0,0,0,0,0
,2020000000,さいたま市,他市区町村に常住,総数,兵庫県,相生市,0,0,0,0,0,0,0,0,0,0,0,0
,2020000000,さいたま市,他市区町村に常住,総数,兵庫県,豊岡市,2,2,0,1,1,0,1,1,0,1,1,0
,2020000000,さいたま市,他市区町村に常住,総数,兵庫県,加古川市,1,1,0,1,1,0,0,0,0,0,0,0
,2020000000,さいたま市,他市区町村に常住,総数,兵庫県,赤穂市,0,0,0,0,0,0,0,0,0,0,0,0
,2020000000,さいたま市,他市区町村に常住,総数,兵庫県,西脇市,0,0,0,0,0,0,0,0,0,0,0,0
,2020000000,さいたま市,他市区町村に常住,総数,兵庫県,宝塚市,2,2,0,2,2,0,0,0,0,0,0,0
,2020000000,さいたま市,他市区町村に常住,総数,兵庫県,三木市,0,0,0,0,0,0,0,0,0,0,0,0
,2020000000,さいたま市,他市区町村に常住,総数,兵庫県,高砂市,0,0,0,0,0,0,0,0,0,0,0,0
,2020000000,さいたま市,他市区町村に常住,総数,兵庫県,川西市,1,1,0,1,1,0,0,0,0,0,0,0
,2020000000,さいたま市,他市区町村に常住,総数,兵庫県,小野市,0,0,0,0,0,0,0,0,0,0,0,0
,2020000000,さいたま市,他市区町村に常住,総数,兵庫県,三田市,0,0,0,0,0,0,0,0,0,0,0,0
,2020000000,さいたま市,他市区町村に常住,総数,兵庫県,加西市,0,0,0,0,0,0,0,0,0,0,0,0
,2020000000,さいたま市,他市区町村に常住,総数,兵庫県,丹波篠山市,0,0,0,0,0,0,0,0,0,0,0,0
,2020000000,さいたま市,他市区町村に常住,総数,兵庫県,養父市,0,0,0,0,0,0,0,0,0,0,0,0
,2020000000,さいたま市,他市区町村に常住,総数,兵庫県,丹波市,0,0,0,0,0,0,0,0,0,0,0,0
,2020000000,さいたま市,他市区町村に常住,総数,兵庫県,南あわじ市,0,0,0,0,0,0,0,0,0,0,0,0
,2020000000,さいたま市,他市区町村に常住,総数,兵庫県,朝来市,0,0,0,0,0,0,0,0,0,0,0,0
,2020000000,さいたま市,他市区町村に常住,総数,兵庫県,淡路市,0,0,0,0,0,0,0,0,0,0,0,0
,2020000000,さいたま市,他市区町村に常住,総数,兵庫県,宍粟市,0,0,0,0,0,0,0,0,0,0,0,0
,2020000000,さいたま市,他市区町村に常住,総数,兵庫県,加東市,0,0,0,0,0,0,0,0,0,0,0,0
,2020000000,さいたま市,他市区町村に常住,総数,兵庫県,たつの市,1,1,0,1,1,0,0,0,0,0,0,0
,2020000000,さいたま市,他市区町村に常住,総数,兵庫県,猪名川町,1,1,0,1,1,0,0,0,0,0,0,0
,2020000000,さいたま市,他市区町村に常住,総数,兵庫県,多可町,0,0,0,0,0,0,0,0,0,0,0,0
,2020000000,さいたま市,他市区町村に常住,総数,兵庫県,稲美町,0,0,0,0,0,0,0,0,0,0,0,0
,2020000000,さいたま市,他市区町村に常住,総数,兵庫県,播磨町,0,0,0,0,0,0,0,0,0,0,0,0
,2020000000,さいたま市,他市区町村に常住,総数,兵庫県,市川町,0,0,0,0,0,0,0,0,0,0,0,0
,2020000000,さいたま市,他市区町村に常住,総数,兵庫県,福崎町,0,0,0,0,0,0,0,0,0,0,0,0
,2020000000,さいたま市,他市区町村に常住,総数,兵庫県,神河町,0,0,0,0,0,0,0,0,0,0,0,0
,2020000000,さいたま市,他市区町村に常住,総数,兵庫県,太子町,0,0,0,0,0,0,0,0,0,0,0,0
,2020000000,さいたま市,他市区町村に常住,総数,兵庫県,上郡町,0,0,0,0,0,0,0,0,0,0,0,0
,2020000000,さいたま市,他市区町村に常住,総数,兵庫県,佐用町,0,0,0,0,0,0,0,0,0,0,0,0
,2020000000,さいたま市,他市区町村に常住,総数,兵庫県,香美町,0,0,0,0,0,0,0,0,0,0,0,0
,2020000000,さいたま市,他市区町村に常住,総数,兵庫県,新温泉町,0,0,0,0,0,0,0,0,0,0,0,0
,2020000000,さいたま市,他市区町村に常住,総数,奈良県,奈良県,7,7,0,7,7,0,0,0,0,0,0,0
,2020000000,さいたま市,他市区町村に常住,総数,奈良県,奈良市,2,2,0,2,2,0,0,0,0,0,0,0
,2020000000,さいたま市,他市区町村に常住,総数,奈良県,大和高田市,1,1,0,1,1,0,0,0,0,0,0,0
,2020000000,さいたま市,他市区町村に常住,総数,奈良県,大和郡山市,0,0,0,0,0,0,0,0,0,0,0,0
,2020000000,さいたま市,他市区町村に常住,総数,奈良県,天理市,0,0,0,0,0,0,0,0,0,0,0,0
,2020000000,さいたま市,他市区町村に常住,総数,奈良県,橿原市,0,0,0,0,0,0,0,0,0,0,0,0
,2020000000,さいたま市,他市区町村に常住,総数,奈良県,桜井市,0,0,0,0,0,0,0,0,0,0,0,0
,2020000000,さいたま市,他市区町村に常住,総数,奈良県,五條市,0,0,0,0,0,0,0,0,0,0,0,0
,2020000000,さいたま市,他市区町村に常住,総数,奈良県,御所市,0,0,0,0,0,0,0,0,0,0,0,0
,2020000000,さいたま市,他市区町村に常住,総数,奈良県,生駒市,0,0,0,0,0,0,0,0,0,0,0,0
,2020000000,さいたま市,他市区町村に常住,総数,奈良県,香芝市,0,0,0,0,0,0,0,0,0,0,0,0
,2020000000,さいたま市,他市区町村に常住,総数,奈良県,葛城市,0,0,0,0,0,0,0,0,0,0,0,0
,2020000000,さいたま市,他市区町村に常住,総数,奈良県,宇陀市,0,0,0,0,0,0,0,0,0,0,0,0
,2020000000,さいたま市,他市区町村に常住,総数,奈良県,山添村,0,0,0,0,0,0,0,0,0,0,0,0
,2020000000,さいたま市,他市区町村に常住,総数,奈良県,平群町,0,0,0,0,0,0,0,0,0,0,0,0
,2020000000,さいたま市,他市区町村に常住,総数,奈良県,三郷町,0,0,0,0,0,0,0,0,0,0,0,0
,2020000000,さいたま市,他市区町村に常住,総数,奈良県,斑鳩町,0,0,0,0,0,0,0,0,0,0,0,0
,2020000000,さいたま市,他市区町村に常住,総数,奈良県,安堵町,0,0,0,0,0,0,0,0,0,0,0,0
,2020000000,さいたま市,他市区町村に常住,総数,奈良県,川西町,0,0,0,0,0,0,0,0,0,0,0,0
,2020000000,さいたま市,他市区町村に常住,総数,奈良県,三宅町,0,0,0,0,0,0,0,0,0,0,0,0
,2020000000,さいたま市,他市区町村に常住,総数,奈良県,田原本町,0,0,0,0,0,0,0,0,0,0,0,0
,2020000000,さいたま市,他市区町村に常住,総数,奈良県,曽爾村,0,0,0,0,0,0,0,0,0,0,0,0
,2020000000,さいたま市,他市区町村に常住,総数,奈良県,御杖村,0,0,0,0,0,0,0,0,0,0,0,0
,2020000000,さいたま市,他市区町村に常住,総数,奈良県,高取町,1,1,0,1,1,0,0,0,0,0,0,0
,2020000000,さいたま市,他市区町村に常住,総数,奈良県,明日香村,0,0,0,0,0,0,0,0,0,0,0,0
,2020000000,さいたま市,他市区町村に常住,総数,奈良県,上牧町,0,0,0,0,0,0,0,0,0,0,0,0
,2020000000,さいたま市,他市区町村に常住,総数,奈良県,王寺町,3,3,0,3,3,0,0,0,0,0,0,0
,2020000000,さいたま市,他市区町村に常住,総数,奈良県,広陵町,0,0,0,0,0,0,0,0,0,0,0,0
,2020000000,さいたま市,他市区町村に常住,総数,奈良県,河合町,0,0,0,0,0,0,0,0,0,0,0,0
,2020000000,さいたま市,他市区町村に常住,総数,奈良県,吉野町,0,0,0,0,0,0,0,0,0,0,0,0
,2020000000,さいたま市,他市区町村に常住,総数,奈良県,大淀町,0,0,0,0,0,0,0,0,0,0,0,0
,2020000000,さいたま市,他市区町村に常住,総数,奈良県,下市町,0,0,0,0,0,0,0,0,0,0,0,0
,2020000000,さいたま市,他市区町村に常住,総数,奈良県,黒滝村,0,0,0,0,0,0,0,0,0,0,0,0
,2020000000,さいたま市,他市区町村に常住,総数,奈良県,天川村,0,0,0,0,0,0,0,0,0,0,0,0
,2020000000,さいたま市,他市区町村に常住,総数,奈良県,野迫川村,0,0,0,0,0,0,0,0,0,0,0,0
,2020000000,さいたま市,他市区町村に常住,総数,奈良県,十津川村,0,0,0,0,0,0,0,0,0,0,0,0
,2020000000,さいたま市,他市区町村に常住,総数,奈良県,下北山村,0,0,0,0,0,0,0,0,0,0,0,0
,2020000000,さいたま市,他市区町村に常住,総数,奈良県,上北山村,0,0,0,0,0,0,0,0,0,0,0,0
,2020000000,さいたま市,他市区町村に常住,総数,奈良県,川上村,0,0,0,0,0,0,0,0,0,0,0,0
,2020000000,さいたま市,他市区町村に常住,総数,奈良県,東吉野村,0,0,0,0,0,0,0,0,0,0,0,0
,2020000000,さいたま市,他市区町村に常住,総数,和歌山県,和歌山県,3,2,1,2,2,0,1,0,1,1,0,1
,2020000000,さいたま市,他市区町村に常住,総数,和歌山県,和歌山市,3,2,1,2,2,0,1,0,1,1,0,1
,2020000000,さいたま市,他市区町村に常住,総数,和歌山県,海南市,0,0,0,0,0,0,0,0,0,0,0,0
,2020000000,さいたま市,他市区町村に常住,総数,和歌山県,橋本市,0,0,0,0,0,0,0,0,0,0,0,0
,2020000000,さいたま市,他市区町村に常住,総数,和歌山県,有田市,0,0,0,0,0,0,0,0,0,0,0,0
,2020000000,さいたま市,他市区町村に常住,総数,和歌山県,御坊市,0,0,0,0,0,0,0,0,0,0,0,0
,2020000000,さいたま市,他市区町村に常住,総数,和歌山県,田辺市,0,0,0,0,0,0,0,0,0,0,0,0
,2020000000,さいたま市,他市区町村に常住,総数,和歌山県,新宮市,0,0,0,0,0,0,0,0,0,0,0,0
,2020000000,さいたま市,他市区町村に常住,総数,和歌山県,紀の川市,0,0,0,0,0,0,0,0,0,0,0,0
,2020000000,さいたま市,他市区町村に常住,総数,和歌山県,岩出市,0,0,0,0,0,0,0,0,0,0,0,0
,2020000000,さいたま市,他市区町村に常住,総数,和歌山県,紀美野町,0,0,0,0,0,0,0,0,0,0,0,0
,2020000000,さいたま市,他市区町村に常住,総数,和歌山県,かつらぎ町,0,0,0,0,0,0,0,0,0,0,0,0
,2020000000,さいたま市,他市区町村に常住,総数,和歌山県,九度山町,0,0,0,0,0,0,0,0,0,0,0,0
,2020000000,さいたま市,他市区町村に常住,総数,和歌山県,高野町,0,0,0,0,0,0,0,0,0,0,0,0
,2020000000,さいたま市,他市区町村に常住,総数,和歌山県,湯浅町,0,0,0,0,0,0,0,0,0,0,0,0
,2020000000,さいたま市,他市区町村に常住,総数,和歌山県,広川町,0,0,0,0,0,0,0,0,0,0,0,0
,2020000000,さいたま市,他市区町村に常住,総数,和歌山県,有田川町,0,0,0,0,0,0,0,0,0,0,0,0
,2020000000,さいたま市,他市区町村に常住,総数,和歌山県,美浜町,0,0,0,0,0,0,0,0,0,0,0,0
,2020000000,さいたま市,他市区町村に常住,総数,和歌山県,日高町,0,0,0,0,0,0,0,0,0,0,0,0
,2020000000,さいたま市,他市区町村に常住,総数,和歌山県,由良町,0,0,0,0,0,0,0,0,0,0,0,0
,2020000000,さいたま市,他市区町村に常住,総数,和歌山県,印南町,0,0,0,0,0,0,0,0,0,0,0,0
,2020000000,さいたま市,他市区町村に常住,総数,和歌山県,みなべ町,0,0,0,0,0,0,0,0,0,0,0,0
,2020000000,さいたま市,他市区町村に常住,総数,和歌山県,日高川町,0,0,0,0,0,0,0,0,0,0,0,0
,2020000000,さいたま市,他市区町村に常住,総数,和歌山県,白浜町,0,0,0,0,0,0,0,0,0,0,0,0
,2020000000,さいたま市,他市区町村に常住,総数,和歌山県,上富田町,0,0,0,0,0,0,0,0,0,0,0,0
,2020000000,さいたま市,他市区町村に常住,総数,和歌山県,すさみ町,0,0,0,0,0,0,0,0,0,0,0,0
,2020000000,さいたま市,他市区町村に常住,総数,和歌山県,那智勝浦町,0,0,0,0,0,0,0,0,0,0,0,0
,2020000000,さいたま市,他市区町村に常住,総数,和歌山県,太地町,0,0,0,0,0,0,0,0,0,0,0,0
,2020000000,さいたま市,他市区町村に常住,総数,和歌山県,古座川町,0,0,0,0,0,0,0,0,0,0,0,0
,2020000000,さいたま市,他市区町村に常住,総数,和歌山県,北山村,0,0,0,0,0,0,0,0,0,0,0,0
,2020000000,さいたま市,他市区町村に常住,総数,和歌山県,串本町,0,0,0,0,0,0,0,0,0,0,0,0
,2020000000,さいたま市,他市区町村に常住,総数,鳥取県,鳥取県,4,1,3,2,0,2,2,1,1,2,1,1
,2020000000,さいたま市,他市区町村に常住,総数,鳥取県,鳥取市,0,0,0,0,0,0,0,0,0,0,0,0
,2020000000,さいたま市,他市区町村に常住,総数,鳥取県,米子市,4,1,3,2,0,2,2,1,1,2,1,1
,2020000000,さいたま市,他市区町村に常住,総数,鳥取県,倉吉市,0,0,0,0,0,0,0,0,0,0,0,0
,2020000000,さいたま市,他市区町村に常住,総数,鳥取県,境港市,0,0,0,0,0,0,0,0,0,0,0,0
,2020000000,さいたま市,他市区町村に常住,総数,鳥取県,岩美町,0,0,0,0,0,0,0,0,0,0,0,0
,2020000000,さいたま市,他市区町村に常住,総数,鳥取県,若桜町,0,0,0,0,0,0,0,0,0,0,0,0
,2020000000,さいたま市,他市区町村に常住,総数,鳥取県,智頭町,0,0,0,0,0,0,0,0,0,0,0,0
,2020000000,さいたま市,他市区町村に常住,総数,鳥取県,八頭町,0,0,0,0,0,0,0,0,0,0,0,0
,2020000000,さいたま市,他市区町村に常住,総数,鳥取県,三朝町,0,0,0,0,0,0,0,0,0,0,0,0
,2020000000,さいたま市,他市区町村に常住,総数,鳥取県,湯梨浜町,0,0,0,0,0,0,0,0,0,0,0,0
,2020000000,さいたま市,他市区町村に常住,総数,鳥取県,琴浦町,0,0,0,0,0,0,0,0,0,0,0,0
,2020000000,さいたま市,他市区町村に常住,総数,鳥取県,北栄町,0,0,0,0,0,0,0,0,0,0,0,0
,2020000000,さいたま市,他市区町村に常住,総数,鳥取県,日吉津村,0,0,0,0,0,0,0,0,0,0,0,0
,2020000000,さいたま市,他市区町村に常住,総数,鳥取県,大山町,0,0,0,0,0,0,0,0,0,0,0,0
,2020000000,さいたま市,他市区町村に常住,総数,鳥取県,南部町,0,0,0,0,0,0,0,0,0,0,0,0
,2020000000,さいたま市,他市区町村に常住,総数,鳥取県,伯耆町,0,0,0,0,0,0,0,0,0,0,0,0
,2020000000,さいたま市,他市区町村に常住,総数,鳥取県,日南町,0,0,0,0,0,0,0,0,0,0,0,0
,2020000000,さいたま市,他市区町村に常住,総数,鳥取県,日野町,0,0,0,0,0,0,0,0,0,0,0,0
,2020000000,さいたま市,他市区町村に常住,総数,鳥取県,江府町,0,0,0,0,0,0,0,0,0,0,0,0
,2020000000,さいたま市,他市区町村に常住,総数,島根県,島根県,0,0,0,0,0,0,0,0,0,0,0,0
,2020000000,さいたま市,他市区町村に常住,総数,島根県,松江市,0,0,0,0,0,0,0,0,0,0,0,0
,2020000000,さいたま市,他市区町村に常住,総数,島根県,浜田市,0,0,0,0,0,0,0,0,0,0,0,0
,2020000000,さいたま市,他市区町村に常住,総数,島根県,出雲市,0,0,0,0,0,0,0,0,0,0,0,0
,2020000000,さいたま市,他市区町村に常住,総数,島根県,益田市,0,0,0,0,0,0,0,0,0,0,0,0
,2020000000,さいたま市,他市区町村に常住,総数,島根県,大田市,0,0,0,0,0,0,0,0,0,0,0,0
,2020000000,さいたま市,他市区町村に常住,総数,島根県,安来市,0,0,0,0,0,0,0,0,0,0,0,0
,2020000000,さいたま市,他市区町村に常住,総数,島根県,江津市,0,0,0,0,0,0,0,0,0,0,0,0
,2020000000,さいたま市,他市区町村に常住,総数,島根県,雲南市,0,0,0,0,0,0,0,0,0,0,0,0
,2020000000,さいたま市,他市区町村に常住,総数,島根県,奥出雲町,0,0,0,0,0,0,0,0,0,0,0,0
,2020000000,さいたま市,他市区町村に常住,総数,島根県,飯南町,0,0,0,0,0,0,0,0,0,0,0,0
,2020000000,さいたま市,他市区町村に常住,総数,島根県,川本町,0,0,0,0,0,0,0,0,0,0,0,0
,2020000000,さいたま市,他市区町村に常住,総数,島根県,美郷町,0,0,0,0,0,0,0,0,0,0,0,0
,2020000000,さいたま市,他市区町村に常住,総数,島根県,邑南町,0,0,0,0,0,0,0,0,0,0,0,0
,2020000000,さいたま市,他市区町村に常住,総数,島根県,津和野町,0,0,0,0,0,0,0,0,0,0,0,0
,2020000000,さいたま市,他市区町村に常住,総数,島根県,吉賀町,0,0,0,0,0,0,0,0,0,0,0,0
,2020000000,さいたま市,他市区町村に常住,総数,島根県,海士町,0,0,0,0,0,0,0,0,0,0,0,0
,2020000000,さいたま市,他市区町村に常住,総数,島根県,西ノ島町,0,0,0,0,0,0,0,0,0,0,0,0
,2020000000,さいたま市,他市区町村に常住,総数,島根県,知夫村,0,0,0,0,0,0,0,0,0,0,0,0
,2020000000,さいたま市,他市区町村に常住,総数,島根県,隠岐の島町,0,0,0,0,0,0,0,0,0,0,0,0
,2020000000,さいたま市,他市区町村に常住,総数,岡山県,岡山県,12,11,1,10,10,0,2,1,1,2,1,1
,2020000000,さいたま市,他市区町村に常住,総数,岡山県,岡山市,2,2,0,1,1,0,1,1,0,1,1,0
,2020000000,さいたま市,他市区町村に常住,総数,岡山県,岡山市北区,1,1,0,0,0,0,1,1,0,1,1,0
,2020000000,さいたま市,他市区町村に常住,総数,岡山県,岡山市中区,0,0,0,0,0,0,0,0,0,0,0,0
,2020000000,さいたま市,他市区町村に常住,総数,岡山県,岡山市東区,0,0,0,0,0,0,0,0,0,0,0,0
,2020000000,さいたま市,他市区町村に常住,総数,岡山県,岡山市南区,1,1,0,1,1,0,0,0,0,0,0,0
,2020000000,さいたま市,他市区町村に常住,総数,岡山県,倉敷市,3,3,0,3,3,0,0,0,0,0,0,0
,2020000000,さいたま市,他市区町村に常住,総数,岡山県,津山市,2,1,1,1,1,0,1,0,1,1,0,1
,2020000000,さいたま市,他市区町村に常住,総数,岡山県,玉野市,0,0,0,0,0,0,0,0,0,0,0,0
,2020000000,さいたま市,他市区町村に常住,総数,岡山県,笠岡市,1,1,0,1,1,0,0,0,0,0,0,0
,2020000000,さいたま市,他市区町村に常住,総数,岡山県,井原市,0,0,0,0,0,0,0,0,0,0,0,0
,2020000000,さいたま市,他市区町村に常住,総数,岡山県,総社市,0,0,0,0,0,0,0,0,0,0,0,0
,2020000000,さいたま市,他市区町村に常住,総数,岡山県,高梁市,0,0,0,0,0,0,0,0,0,0,0,0
,2020000000,さいたま市,他市区町村に常住,総数,岡山県,新見市,1,1,0,1,1,0,0,0,0,0,0,0
,2020000000,さいたま市,他市区町村に常住,総数,岡山県,備前市,0,0,0,0,0,0,0,0,0,0,0,0
,2020000000,さいたま市,他市区町村に常住,総数,岡山県,瀬戸内市,1,1,0,1,1,0,0,0,0,0,0,0
,2020000000,さいたま市,他市区町村に常住,総数,岡山県,赤磐市,0,0,0,0,0,0,0,0,0,0,0,0
,2020000000,さいたま市,他市区町村に常住,総数,岡山県,真庭市,0,0,0,0,0,0,0,0,0,0,0,0
,2020000000,さいたま市,他市区町村に常住,総数,岡山県,美作市,0,0,0,0,0,0,0,0,0,0,0,0
,2020000000,さいたま市,他市区町村に常住,総数,岡山県,浅口市,0,0,0,0,0,0,0,0,0,0,0,0
,2020000000,さいたま市,他市区町村に常住,総数,岡山県,和気町,0,0,0,0,0,0,0,0,0,0,0,0
,2020000000,さいたま市,他市区町村に常住,総数,岡山県,早島町,1,1,0,1,1,0,0,0,0,0,0,0
,2020000000,さいたま市,他市区町村に常住,総数,岡山県,里庄町,0,0,0,0,0,0,0,0,0,0,0,0
,2020000000,さいたま市,他市区町村に常住,総数,岡山県,矢掛町,0,0,0,0,0,0,0,0,0,0,0,0
,2020000000,さいたま市,他市区町村に常住,総数,岡山県,新庄村,0,0,0,0,0,0,0,0,0,0,0,0
,2020000000,さいたま市,他市区町村に常住,総数,岡山県,鏡野町,0,0,0,0,0,0,0,0,0,0,0,0
,2020000000,さいたま市,他市区町村に常住,総数,岡山県,勝央町,0,0,0,0,0,0,0,0,0,0,0,0
,2020000000,さいたま市,他市区町村に常住,総数,岡山県,奈義町,0,0,0,0,0,0,0,0,0,0,0,0
,2020000000,さいたま市,他市区町村に常住,総数,岡山県,西粟倉村,0,0,0,0,0,0,0,0,0,0,0,0
,2020000000,さいたま市,他市区町村に常住,総数,岡山県,久米南町,0,0,0,0,0,0,0,0,0,0,0,0
,2020000000,さいたま市,他市区町村に常住,総数,岡山県,美咲町,1,1,0,1,1,0,0,0,0,0,0,0
,2020000000,さいたま市,他市区町村に常住,総数,岡山県,吉備中央町,0,0,0,0,0,0,0,0,0,0,0,0
,2020000000,さいたま市,他市区町村に常住,総数,広島県,広島県,14,12,2,8,8,0,6,4,2,6,4,2
,2020000000,さいたま市,他市区町村に常住,総数,広島県,広島市,3,3,0,2,2,0,1,1,0,1,1,0
,2020000000,さいたま市,他市区町村に常住,総数,広島県,広島市中区,0,0,0,0,0,0,0,0,0,0,0,0
,2020000000,さいたま市,他市区町村に常住,総数,広島県,広島市東区,1,1,0,0,0,0,1,1,0,1,1,0
,2020000000,さいたま市,他市区町村に常住,総数,広島県,広島市南区,0,0,0,0,0,0,0,0,0,0,0,0
,2020000000,さいたま市,他市区町村に常住,総数,広島県,広島市西区,0,0,0,0,0,0,0,0,0,0,0,0
,2020000000,さいたま市,他市区町村に常住,総数,広島県,広島市安佐南区,2,2,0,2,2,0,0,0,0,0,0,0
,2020000000,さいたま市,他市区町村に常住,総数,広島県,広島市安佐北区,0,0,0,0,0,0,0,0,0,0,0,0
,2020000000,さいたま市,他市区町村に常住,総数,広島県,広島市安芸区,0,0,0,0,0,0,0,0,0,0,0,0
,2020000000,さいたま市,他市区町村に常住,総数,広島県,広島市佐伯区,0,0,0,0,0,0,0,0,0,0,0,0
,2020000000,さいたま市,他市区町村に常住,総数,広島県,呉市,1,1,0,0,0,0,1,1,0,1,1,0
,2020000000,さいたま市,他市区町村に常住,総数,広島県,竹原市,0,0,0,0,0,0,0,0,0,0,0,0
,2020000000,さいたま市,他市区町村に常住,総数,広島県,三原市,0,0,0,0,0,0,0,0,0,0,0,0
,2020000000,さいたま市,他市区町村に常住,総数,広島県,尾道市,0,0,0,0,0,0,0,0,0,0,0,0
,2020000000,さいたま市,他市区町村に常住,総数,広島県,福山市,6,5,1,3,3,0,3,2,1,3,2,1
,2020000000,さいたま市,他市区町村に常住,総数,広島県,府中市,0,0,0,0,0,0,0,0,0,0,0,0
,2020000000,さいたま市,他市区町村に常住,総数,広島県,三次市,0,0,0,0,0,0,0,0,0,0,0,0
,2020000000,さいたま市,他市区町村に常住,総数,広島県,庄原市,1,0,1,0,0,0,1,0,1,1,0,1
,2020000000,さいたま市,他市区町村に常住,総数,広島県,大竹市,1,1,0,1,1,0,0,0,0,0,0,0
,2020000000,さいたま市,他市区町村に常住,総数,広島県,東広島市,1,1,0,1,1,0,0,0,0,0,0,0
,2020000000,さいたま市,他市区町村に常住,総数,広島県,廿日市市,1,1,0,1,1,0,0,0,0,0,0,0
,2020000000,さいたま市,他市区町村に常住,総数,広島県,安芸高田市,0,0,0,0,0,0,0,0,0,0,0,0
,2020000000,さいたま市,他市区町村に常住,総数,広島県,江田島市,0,0,0,0,0,0,0,0,0,0,0,0
,2020000000,さいたま市,他市区町村に常住,総数,広島県,府中町,0,0,0,0,0,0,0,0,0,0,0,0
,2020000000,さいたま市,他市区町村に常住,総数,広島県,海田町,0,0,0,0,0,0,0,0,0,0,0,0
,2020000000,さいたま市,他市区町村に常住,総数,広島県,熊野町,0,0,0,0,0,0,0,0,0,0,0,0
,2020000000,さいたま市,他市区町村に常住,総数,広島県,坂町,0,0,0,0,0,0,0,0,0,0,0,0
,2020000000,さいたま市,他市区町村に常住,総数,広島県,安芸太田町,0,0,0,0,0,0,0,0,0,0,0,0
,2020000000,さいたま市,他市区町村に常住,総数,広島県,北広島町,0,0,0,0,0,0,0,0,0,0,0,0
,2020000000,さいたま市,他市区町村に常住,総数,広島県,大崎上島町,0,0,0,0,0,0,0,0,0,0,0,0
,2020000000,さいたま市,他市区町村に常住,総数,広島県,世羅町,0,0,0,0,0,0,0,0,0,0,0,0
,2020000000,さいたま市,他市区町村に常住,総数,広島県,神石高原町,0,0,0,0,0,0,0,0,0,0,0,0
,2020000000,さいたま市,他市区町村に常住,総数,山口県,山口県,3,3,0,3,3,0,0,0,0,0,0,0
,2020000000,さいたま市,他市区町村に常住,総数,山口県,下関市,0,0,0,0,0,0,0,0,0,0,0,0
,2020000000,さいたま市,他市区町村に常住,総数,山口県,宇部市,1,1,0,1,1,0,0,0,0,0,0,0
,2020000000,さいたま市,他市区町村に常住,総数,山口県,山口市,0,0,0,0,0,0,0,0,0,0,0,0
,2020000000,さいたま市,他市区町村に常住,総数,山口県,萩市,1,1,0,1,1,0,0,0,0,0,0,0
,2020000000,さいたま市,他市区町村に常住,総数,山口県,防府市,0,0,0,0,0,0,0,0,0,0,0,0
,2020000000,さいたま市,他市区町村に常住,総数,山口県,下松市,0,0,0,0,0,0,0,0,0,0,0,0
,2020000000,さいたま市,他市区町村に常住,総数,山口県,岩国市,0,0,0,0,0,0,0,0,0,0,0,0
,2020000000,さいたま市,他市区町村に常住,総数,山口県,光市,0,0,0,0,0,0,0,0,0,0,0,0
,2020000000,さいたま市,他市区町村に常住,総数,山口県,長門市,0,0,0,0,0,0,0,0,0,0,0,0
,2020000000,さいたま市,他市区町村に常住,総数,山口県,柳井市,0,0,0,0,0,0,0,0,0,0,0,0
,2020000000,さいたま市,他市区町村に常住,総数,山口県,美祢市,0,0,0,0,0,0,0,0,0,0,0,0
,2020000000,さいたま市,他市区町村に常住,総数,山口県,周南市,1,1,0,1,1,0,0,0,0,0,0,0
,2020000000,さいたま市,他市区町村に常住,総数,山口県,山陽小野田市,0,0,0,0,0,0,0,0,0,0,0,0
,2020000000,さいたま市,他市区町村に常住,総数,山口県,周防大島町,0,0,0,0,0,0,0,0,0,0,0,0
,2020000000,さいたま市,他市区町村に常住,総数,山口県,和木町,0,0,0,0,0,0,0,0,0,0,0,0
,2020000000,さいたま市,他市区町村に常住,総数,山口県,上関町,0,0,0,0,0,0,0,0,0,0,0,0
,2020000000,さいたま市,他市区町村に常住,総数,山口県,田布施町,0,0,0,0,0,0,0,0,0,0,0,0
,2020000000,さいたま市,他市区町村に常住,総数,山口県,平生町,0,0,0,0,0,0,0,0,0,0,0,0
,2020000000,さいたま市,他市区町村に常住,総数,山口県,阿武町,0,0,0,0,0,0,0,0,0,0,0,0
,2020000000,さいたま市,他市区町村に常住,総数,徳島県,徳島県,1,0,1,0,0,0,1,0,1,1,0,1
,2020000000,さいたま市,他市区町村に常住,総数,徳島県,徳島市,1,0,1,0,0,0,1,0,1,1,0,1
,2020000000,さいたま市,他市区町村に常住,総数,徳島県,鳴門市,0,0,0,0,0,0,0,0,0,0,0,0
,2020000000,さいたま市,他市区町村に常住,総数,徳島県,小松島市,0,0,0,0,0,0,0,0,0,0,0,0
,2020000000,さいたま市,他市区町村に常住,総数,徳島県,阿南市,0,0,0,0,0,0,0,0,0,0,0,0
,2020000000,さいたま市,他市区町村に常住,総数,徳島県,吉野川市,0,0,0,0,0,0,0,0,0,0,0,0
,2020000000,さいたま市,他市区町村に常住,総数,徳島県,阿波市,0,0,0,0,0,0,0,0,0,0,0,0
,2020000000,さいたま市,他市区町村に常住,総数,徳島県,美馬市,0,0,0,0,0,0,0,0,0,0,0,0
,2020000000,さいたま市,他市区町村に常住,総数,徳島県,三好市,0,0,0,0,0,0,0,0,0,0,0,0
,2020000000,さいたま市,他市区町村に常住,総数,徳島県,勝浦町,0,0,0,0,0,0,0,0,0,0,0,0
,2020000000,さいたま市,他市区町村に常住,総数,徳島県,上勝町,0,0,0,0,0,0,0,0,0,0,0,0
,2020000000,さいたま市,他市区町村に常住,総数,徳島県,佐那河内村,0,0,0,0,0,0,0,0,0,0,0,0
,2020000000,さいたま市,他市区町村に常住,総数,徳島県,石井町,0,0,0,0,0,0,0,0,0,0,0,0
,2020000000,さいたま市,他市区町村に常住,総数,徳島県,神山町,0,0,0,0,0,0,0,0,0,0,0,0
,2020000000,さいたま市,他市区町村に常住,総数,徳島県,那賀町,0,0,0,0,0,0,0,0,0,0,0,0
,2020000000,さいたま市,他市区町村に常住,総数,徳島県,牟岐町,0,0,0,0,0,0,0,0,0,0,0,0
,2020000000,さいたま市,他市区町村に常住,総数,徳島県,美波町,0,0,0,0,0,0,0,0,0,0,0,0
,2020000000,さいたま市,他市区町村に常住,総数,徳島県,海陽町,0,0,0,0,0,0,0,0,0,0,0,0
,2020000000,さいたま市,他市区町村に常住,総数,徳島県,松茂町,0,0,0,0,0,0,0,0,0,0,0,0
,2020000000,さいたま市,他市区町村に常住,総数,徳島県,北島町,0,0,0,0,0,0,0,0,0,0,0,0
,2020000000,さいたま市,他市区町村に常住,総数,徳島県,藍住町,0,0,0,0,0,0,0,0,0,0,0,0
,2020000000,さいたま市,他市区町村に常住,総数,徳島県,板野町,0,0,0,0,0,0,0,0,0,0,0,0
,2020000000,さいたま市,他市区町村に常住,総数,徳島県,上板町,0,0,0,0,0,0,0,0,0,0,0,0
,2020000000,さいたま市,他市区町村に常住,総数,徳島県,つるぎ町,0,0,0,0,0,0,0,0,0,0,0,0
,2020000000,さいたま市,他市区町村に常住,総数,徳島県,東みよし町,0,0,0,0,0,0,0,0,0,0,0,0
,2020000000,さいたま市,他市区町村に常住,総数,香川県,香川県,6,5,1,3,2,1,3,3,0,3,3,0
,2020000000,さいたま市,他市区町村に常住,総数,香川県,高松市,5,4,1,3,2,1,2,2,0,2,2,0
,2020000000,さいたま市,他市区町村に常住,総数,香川県,丸亀市,0,0,0,0,0,0,0,0,0,0,0,0
,2020000000,さいたま市,他市区町村に常住,総数,香川県,坂出市,0,0,0,0,0,0,0,0,0,0,0,0
,2020000000,さいたま市,他市区町村に常住,総数,香川県,善通寺市,0,0,0,0,0,0,0,0,0,0,0,0
,2020000000,さいたま市,他市区町村に常住,総数,香川県,観音寺市,1,1,0,0,0,0,1,1,0,1,1,0
,2020000000,さいたま市,他市区町村に常住,総数,香川県,さぬき市,0,0,0,0,0,0,0,0,0,0,0,0
,2020000000,さいたま市,他市区町村に常住,総数,香川県,東かがわ市,0,0,0,0,0,0,0,0,0,0,0,0
,2020000000,さいたま市,他市区町村に常住,総数,香川県,三豊市,0,0,0,0,0,0,0,0,0,0,0,0
,2020000000,さいたま市,他市区町村に常住,総数,香川県,土庄町,0,0,0,0,0,0,0,0,0,0,0,0
,2020000000,さいたま市,他市区町村に常住,総数,香川県,小豆島町,0,0,0,0,0,0,0,0,0,0,0,0
,2020000000,さいたま市,他市区町村に常住,総数,香川県,三木町,0,0,0,0,0,0,0,0,0,0,0,0
,2020000000,さいたま市,他市区町村に常住,総数,香川県,直島町,0,0,0,0,0,0,0,0,0,0,0,0
,2020000000,さいたま市,他市区町村に常住,総数,香川県,宇多津町,0,0,0,0,0,0,0,0,0,0,0,0
,2020000000,さいたま市,他市区町村に常住,総数,香川県,綾川町,0,0,0,0,0,0,0,0,0,0,0,0
,2020000000,さいたま市,他市区町村に常住,総数,香川県,琴平町,0,0,0,0,0,0,0,0,0,0,0,0
,2020000000,さいたま市,他市区町村に常住,総数,香川県,多度津町,0,0,0,0,0,0,0,0,0,0,0,0
,2020000000,さいたま市,他市区町村に常住,総数,香川県,まんのう町,0,0,0,0,0,0,0,0,0,0,0,0
,2020000000,さいたま市,他市区町村に常住,総数,愛媛県,愛媛県,5,5,0,3,3,0,2,2,0,2,2,0
,2020000000,さいたま市,他市区町村に常住,総数,愛媛県,松山市,2,2,0,0,0,0,2,2,0,2,2,0
,2020000000,さいたま市,他市区町村に常住,総数,愛媛県,今治市,0,0,0,0,0,0,0,0,0,0,0,0
,2020000000,さいたま市,他市区町村に常住,総数,愛媛県,宇和島市,0,0,0,0,0,0,0,0,0,0,0,0
,2020000000,さいたま市,他市区町村に常住,総数,愛媛県,八幡浜市,0,0,0,0,0,0,0,0,0,0,0,0
,2020000000,さいたま市,他市区町村に常住,総数,愛媛県,新居浜市,1,1,0,1,1,0,0,0,0,0,0,0
,2020000000,さいたま市,他市区町村に常住,総数,愛媛県,西条市,1,1,0,1,1,0,0,0,0,0,0,0
,2020000000,さいたま市,他市区町村に常住,総数,愛媛県,大洲市,0,0,0,0,0,0,0,0,0,0,0,0
,2020000000,さいたま市,他市区町村に常住,総数,愛媛県,伊予市,0,0,0,0,0,0,0,0,0,0,0,0
,2020000000,さいたま市,他市区町村に常住,総数,愛媛県,四国中央市,1,1,0,1,1,0,0,0,0,0,0,0
,2020000000,さいたま市,他市区町村に常住,総数,愛媛県,西予市,0,0,0,0,0,0,0,0,0,0,0,0
,2020000000,さいたま市,他市区町村に常住,総数,愛媛県,東温市,0,0,0,0,0,0,0,0,0,0,0,0
,2020000000,さいたま市,他市区町村に常住,総数,愛媛県,上島町,0,0,0,0,0,0,0,0,0,0,0,0
,2020000000,さいたま市,他市区町村に常住,総数,愛媛県,久万高原町,0,0,0,0,0,0,0,0,0,0,0,0
,2020000000,さいたま市,他市区町村に常住,総数,愛媛県,松前町,0,0,0,0,0,0,0,0,0,0,0,0
,2020000000,さいたま市,他市区町村に常住,総数,愛媛県,砥部町,0,0,0,0,0,0,0,0,0,0,0,0
,2020000000,さいたま市,他市区町村に常住,総数,愛媛県,内子町,0,0,0,0,0,0,0,0,0,0,0,0
,2020000000,さいたま市,他市区町村に常住,総数,愛媛県,伊方町,0,0,0,0,0,0,0,0,0,0,0,0
,2020000000,さいたま市,他市区町村に常住,総数,愛媛県,松野町,0,0,0,0,0,0,0,0,0,0,0,0
,2020000000,さいたま市,他市区町村に常住,総数,愛媛県,鬼北町,0,0,0,0,0,0,0,0,0,0,0,0
,2020000000,さいたま市,他市区町村に常住,総数,愛媛県,愛南町,0,0,0,0,0,0,0,0,0,0,0,0
,2020000000,さいたま市,他市区町村に常住,総数,高知県,高知県,2,2,0,2,2,0,0,0,0,0,0,0
,2020000000,さいたま市,他市区町村に常住,総数,高知県,高知市,1,1,0,1,1,0,0,0,0,0,0,0
,2020000000,さいたま市,他市区町村に常住,総数,高知県,室戸市,0,0,0,0,0,0,0,0,0,0,0,0
,2020000000,さいたま市,他市区町村に常住,総数,高知県,安芸市,0,0,0,0,0,0,0,0,0,0,0,0
,2020000000,さいたま市,他市区町村に常住,総数,高知県,南国市,0,0,0,0,0,0,0,0,0,0,0,0
,2020000000,さいたま市,他市区町村に常住,総数,高知県,土佐市,0,0,0,0,0,0,0,0,0,0,0,0
,2020000000,さいたま市,他市区町村に常住,総数,高知県,須崎市,0,0,0,0,0,0,0,0,0,0,0,0
,2020000000,さいたま市,他市区町村に常住,総数,高知県,宿毛市,0,0,0,0,0,0,0,0,0,0,0,0
,2020000000,さいたま市,他市区町村に常住,総数,高知県,土佐清水市,0,0,0,0,0,0,0,0,0,0,0,0
,2020000000,さいたま市,他市区町村に常住,総数,高知県,四万十市,1,1,0,1,1,0,0,0,0,0,0,0
,2020000000,さいたま市,他市区町村に常住,総数,高知県,香南市,0,0,0,0,0,0,0,0,0,0,0,0
,2020000000,さいたま市,他市区町村に常住,総数,高知県,香美市,0,0,0,0,0,0,0,0,0,0,0,0
,2020000000,さいたま市,他市区町村に常住,総数,高知県,東洋町,0,0,0,0,0,0,0,0,0,0,0,0
,2020000000,さいたま市,他市区町村に常住,総数,高知県,奈半利町,0,0,0,0,0,0,0,0,0,0,0,0
,2020000000,さいたま市,他市区町村に常住,総数,高知県,田野町,0,0,0,0,0,0,0,0,0,0,0,0
,2020000000,さいたま市,他市区町村に常住,総数,高知県,安田町,0,0,0,0,0,0,0,0,0,0,0,0
,2020000000,さいたま市,他市区町村に常住,総数,高知県,北川村,0,0,0,0,0,0,0,0,0,0,0,0
,2020000000,さいたま市,他市区町村に常住,総数,高知県,馬路村,0,0,0,0,0,0,0,0,0,0,0,0
,2020000000,さいたま市,他市区町村に常住,総数,高知県,芸西村,0,0,0,0,0,0,0,0,0,0,0,0
,2020000000,さいたま市,他市区町村に常住,総数,高知県,本山町,0,0,0,0,0,0,0,0,0,0,0,0
,2020000000,さいたま市,他市区町村に常住,総数,高知県,大豊町,0,0,0,0,0,0,0,0,0,0,0,0
,2020000000,さいたま市,他市区町村に常住,総数,高知県,土佐町,0,0,0,0,0,0,0,0,0,0,0,0
,2020000000,さいたま市,他市区町村に常住,総数,高知県,大川村,0,0,0,0,0,0,0,0,0,0,0,0
,2020000000,さいたま市,他市区町村に常住,総数,高知県,いの町,0,0,0,0,0,0,0,0,0,0,0,0
,2020000000,さいたま市,他市区町村に常住,総数,高知県,仁淀川町,0,0,0,0,0,0,0,0,0,0,0,0
,2020000000,さいたま市,他市区町村に常住,総数,高知県,中土佐町,0,0,0,0,0,0,0,0,0,0,0,0
,2020000000,さいたま市,他市区町村に常住,総数,高知県,佐川町,0,0,0,0,0,0,0,0,0,0,0,0
,2020000000,さいたま市,他市区町村に常住,総数,高知県,越知町,0,0,0,0,0,0,0,0,0,0,0,0
,2020000000,さいたま市,他市区町村に常住,総数,高知県,檮原町,0,0,0,0,0,0,0,0,0,0,0,0
,2020000000,さいたま市,他市区町村に常住,総数,高知県,日高村,0,0,0,0,0,0,0,0,0,0,0,0
,2020000000,さいたま市,他市区町村に常住,総数,高知県,津野町,0,0,0,0,0,0,0,0,0,0,0,0
,2020000000,さいたま市,他市区町村に常住,総数,高知県,四万十町,0,0,0,0,0,0,0,0,0,0,0,0
,2020000000,さいたま市,他市区町村に常住,総数,高知県,大月町,0,0,0,0,0,0,0,0,0,0,0,0
,2020000000,さいたま市,他市区町村に常住,総数,高知県,三原村,0,0,0,0,0,0,0,0,0,0,0,0
,2020000000,さいたま市,他市区町村に常住,総数,高知県,黒潮町,0,0,0,0,0,0,0,0,0,0,0,0
,2020000000,さいたま市,他市区町村に常住,総数,福岡県,福岡県,21,17,4,17,14,3,4,3,1,4,3,1
,2020000000,さいたま市,他市区町村に常住,総数,福岡県,北九州市,7,6,1,7,6,1,0,0,0,0,0,0
,2020000000,さいたま市,他市区町村に常住,総数,福岡県,北九州市門司区,0,0,0,0,0,0,0,0,0,0,0,0
,2020000000,さいたま市,他市区町村に常住,総数,福岡県,北九州市若松区,0,0,0,0,0,0,0,0,0,0,0,0
,2020000000,さいたま市,他市区町村に常住,総数,福岡県,北九州市戸畑区,0,0,0,0,0,0,0,0,0,0,0,0
,2020000000,さいたま市,他市区町村に常住,総数,福岡県,北九州市小倉北区,0,0,0,0,0,0,0,0,0,0,0,0
,2020000000,さいたま市,他市区町村に常住,総数,福岡県,北九州市小倉南区,4,4,0,4,4,0,0,0,0,0,0,0
,2020000000,さいたま市,他市区町村に常住,総数,福岡県,北九州市八幡東区,1,1,0,1,1,0,0,0,0,0,0,0
,2020000000,さいたま市,他市区町村に常住,総数,福岡県,北九州市八幡西区,2,1,1,2,1,1,0,0,0,0,0,0
,2020000000,さいたま市,他市区町村に常住,総数,福岡県,福岡市,6,5,1,4,4,0,2,1,1,2,1,1
,2020000000,さいたま市,他市区町村に常住,総数,福岡県,福岡市東区,1,1,0,1,1,0,0,0,0,0,0,0
,2020000000,さいたま市,他市区町村に常住,総数,福岡県,福岡市博多区,3,3,0,2,2,0,1,1,0,1,1,0
,2020000000,さいたま市,他市区町村に常住,総数,福岡県,福岡市中央区,0,0,0,0,0,0,0,0,0,0,0,0
,2020000000,さいたま市,他市区町村に常住,総数,福岡県,福岡市南区,1,1,0,1,1,0,0,0,0,0,0,0
,2020000000,さいたま市,他市区町村に常住,総数,福岡県,福岡市西区,0,0,0,0,0,0,0,0,0,0,0,0
,2020000000,さいたま市,他市区町村に常住,総数,福岡県,福岡市城南区,0,0,0,0,0,0,0,0,0,0,0,0
,2020000000,さいたま市,他市区町村に常住,総数,福岡県,福岡市早良区,1,0,1,0,0,0,1,0,1,1,0,1
,2020000000,さいたま市,他市区町村に常住,総数,福岡県,大牟田市,0,0,0,0,0,0,0,0,0,0,0,0
,2020000000,さいたま市,他市区町村に常住,総数,福岡県,久留米市,0,0,0,0,0,0,0,0,0,0,0,0
,2020000000,さいたま市,他市区町村に常住,総数,福岡県,直方市,0,0,0,0,0,0,0,0,0,0,0,0
,2020000000,さいたま市,他市区町村に常住,総数,福岡県,飯塚市,1,1,0,1,1,0,0,0,0,0,0,0
,2020000000,さいたま市,他市区町村に常住,総数,福岡県,田川市,0,0,0,0,0,0,0,0,0,0,0,0
,2020000000,さいたま市,他市区町村に常住,総数,福岡県,柳川市,0,0,0,0,0,0,0,0,0,0,0,0
,2020000000,さいたま市,他市区町村に常住,総数,福岡県,八女市,0,0,0,0,0,0,0,0,0,0,0,0
,2020000000,さいたま市,他市区町村に常住,総数,福岡県,筑後市,0,0,0,0,0,0,0,0,0,0,0,0
,2020000000,さいたま市,他市区町村に常住,総数,福岡県,大川市,0,0,0,0,0,0,0,0,0,0,0,0
,2020000000,さいたま市,他市区町村に常住,総数,福岡県,行橋市,0,0,0,0,0,0,0,0,0,0,0,0
,2020000000,さいたま市,他市区町村に常住,総数,福岡県,豊前市,1,1,0,0,0,0,1,1,0,1,1,0
,2020000000,さいたま市,他市区町村に常住,総数,福岡県,中間市,0,0,0,0,0,0,0,0,0,0,0,0
,2020000000,さいたま市,他市区町村に常住,総数,福岡県,小郡市,0,0,0,0,0,0,0,0,0,0,0,0
,2020000000,さいたま市,他市区町村に常住,総数,福岡県,筑紫野市,0,0,0,0,0,0,0,0,0,0,0,0
,2020000000,さいたま市,他市区町村に常住,総数,福岡県,春日市,0,0,0,0,0,0,0,0,0,0,0,0
,2020000000,さいたま市,他市区町村に常住,総数,福岡県,大野城市,2,2,0,2,2,0,0,0,0,0,0,0
,2020000000,さいたま市,他市区町村に常住,総数,福岡県,宗像市,0,0,0,0,0,0,0,0,0,0,0,0
,2020000000,さいたま市,他市区町村に常住,総数,福岡県,太宰府市,0,0,0,0,0,0,0,0,0,0,0,0
,2020000000,さいたま市,他市区町村に常住,総数,福岡県,古賀市,0,0,0,0,0,0,0,0,0,0,0,0
,2020000000,さいたま市,他市区町村に常住,総数,福岡県,福津市,0,0,0,0,0,0,0,0,0,0,0,0
,2020000000,さいたま市,他市区町村に常住,総数,福岡県,うきは市,0,0,0,0,0,0,0,0,0,0,0,0
,2020000000,さいたま市,他市区町村に常住,総数,福岡県,宮若市,0,0,0,0,0,0,0,0,0,0,0,0
,2020000000,さいたま市,他市区町村に常住,総数,福岡県,嘉麻市,0,0,0,0,0,0,0,0,0,0,0,0
,2020000000,さいたま市,他市区町村に常住,総数,福岡県,朝倉市,0,0,0,0,0,0,0,0,0,0,0,0
,2020000000,さいたま市,他市区町村に常住,総数,福岡県,みやま市,0,0,0,0,0,0,0,0,0,0,0,0
,2020000000,さいたま市,他市区町村に常住,総数,福岡県,糸島市,0,0,0,0,0,0,0,0,0,0,0,0
,2020000000,さいたま市,他市区町村に常住,総数,福岡県,那珂川市,0,0,0,0,0,0,0,0,0,0,0,0
,2020000000,さいたま市,他市区町村に常住,総数,福岡県,宇美町,1,1,0,0,0,0,1,1,0,1,1,0
,2020000000,さいたま市,他市区町村に常住,総数,福岡県,篠栗町,1,0,1,1,0,1,0,0,0,0,0,0
,2020000000,さいたま市,他市区町村に常住,総数,福岡県,志免町,0,0,0,0,0,0,0,0,0,0,0,0
,2020000000,さいたま市,他市区町村に常住,総数,福岡県,須恵町,0,0,0,0,0,0,0,0,0,0,0,0
,2020000000,さいたま市,他市区町村に常住,総数,福岡県,新宮町,0,0,0,0,0,0,0,0,0,0,0,0
,2020000000,さいたま市,他市区町村に常住,総数,福岡県,久山町,1,0,1,1,0,1,0,0,0,0,0,0
,2020000000,さいたま市,他市区町村に常住,総数,福岡県,粕屋町,1,1,0,1,1,0,0,0,0,0,0,0
,2020000000,さいたま市,他市区町村に常住,総数,福岡県,芦屋町,0,0,0,0,0,0,0,0,0,0,0,0
,2020000000,さいたま市,他市区町村に常住,総数,福岡県,水巻町,0,0,0,0,0,0,0,0,0,0,0,0
,2020000000,さいたま市,他市区町村に常住,総数,福岡県,岡垣町,0,0,0,0,0,0,0,0,0,0,0,0
,2020000000,さいたま市,他市区町村に常住,総数,福岡県,遠賀町,0,0,0,0,0,0,0,0,0,0,0,0
,2020000000,さいたま市,他市区町村に常住,総数,福岡県,小竹町,0,0,0,0,0,0,0,0,0,0,0,0
,2020000000,さいたま市,他市区町村に常住,総数,福岡県,鞍手町,0,0,0,0,0,0,0,0,0,0,0,0
,2020000000,さいたま市,他市区町村に常住,総数,福岡県,桂川町,0,0,0,0,0,0,0,0,0,0,0,0
,2020000000,さいたま市,他市区町村に常住,総数,福岡県,筑前町,0,0,0,0,0,0,0,0,0,0,0,0
,2020000000,さいたま市,他市区町村に常住,総数,福岡県,東峰村,0,0,0,0,0,0,0,0,0,0,0,0
,2020000000,さいたま市,他市区町村に常住,総数,福岡県,大刀洗町,0,0,0,0,0,0,0,0,0,0,0,0
,2020000000,さいたま市,他市区町村に常住,総数,福岡県,大木町,0,0,0,0,0,0,0,0,0,0,0,0
,2020000000,さいたま市,他市区町村に常住,総数,福岡県,広川町,0,0,0,0,0,0,0,0,0,0,0,0
,2020000000,さいたま市,他市区町村に常住,総数,福岡県,香春町,0,0,0,0,0,0,0,0,0,0,0,0
,2020000000,さいたま市,他市区町村に常住,総数,福岡県,添田町,0,0,0,0,0,0,0,0,0,0,0,0
,2020000000,さいたま市,他市区町村に常住,総数,福岡県,糸田町,0,0,0,0,0,0,0,0,0,0,0,0
,2020000000,さいたま市,他市区町村に常住,総数,福岡県,川崎町,0,0,0,0,0,0,0,0,0,0,0,0
,2020000000,さいたま市,他市区町村に常住,総数,福岡県,大任町,0,0,0,0,0,0,0,0,0,0,0,0
,2020000000,さいたま市,他市区町村に常住,総数,福岡県,赤村,0,0,0,0,0,0,0,0,0,0,0,0
,2020000000,さいたま市,他市区町村に常住,総数,福岡県,福智町,0,0,0,0,0,0,0,0,0,0,0,0
,2020000000,さいたま市,他市区町村に常住,総数,福岡県,苅田町,0,0,0,0,0,0,0,0,0,0,0,0
,2020000000,さいたま市,他市区町村に常住,総数,福岡県,みやこ町,0,0,0,0,0,0,0,0,0,0,0,0
,2020000000,さいたま市,他市区町村に常住,総数,福岡県,吉富町,0,0,0,0,0,0,0,0,0,0,0,0
,2020000000,さいたま市,他市区町村に常住,総数,福岡県,上毛町,0,0,0,0,0,0,0,0,0,0,0,0
,2020000000,さいたま市,他市区町村に常住,総数,福岡県,築上町,0,0,0,0,0,0,0,0,0,0,0,0
,2020000000,さいたま市,他市区町村に常住,総数,佐賀県,佐賀県,4,3,1,3,3,0,1,0,1,1,0,1
,2020000000,さいたま市,他市区町村に常住,総数,佐賀県,佐賀市,2,1,1,1,1,0,1,0,1,1,0,1
,2020000000,さいたま市,他市区町村に常住,総数,佐賀県,唐津市,0,0,0,0,0,0,0,0,0,0,0,0
,2020000000,さいたま市,他市区町村に常住,総数,佐賀県,鳥栖市,0,0,0,0,0,0,0,0,0,0,0,0
,2020000000,さいたま市,他市区町村に常住,総数,佐賀県,多久市,0,0,0,0,0,0,0,0,0,0,0,0
,2020000000,さいたま市,他市区町村に常住,総数,佐賀県,伊万里市,0,0,0,0,0,0,0,0,0,0,0,0
,2020000000,さいたま市,他市区町村に常住,総数,佐賀県,武雄市,1,1,0,1,1,0,0,0,0,0,0,0
,2020000000,さいたま市,他市区町村に常住,総数,佐賀県,鹿島市,0,0,0,0,0,0,0,0,0,0,0,0
,2020000000,さいたま市,他市区町村に常住,総数,佐賀県,小城市,0,0,0,0,0,0,0,0,0,0,0,0
,2020000000,さいたま市,他市区町村に常住,総数,佐賀県,嬉野市,0,0,0,0,0,0,0,0,0,0,0,0
,2020000000,さいたま市,他市区町村に常住,総数,佐賀県,神埼市,0,0,0,0,0,0,0,0,0,0,0,0
,2020000000,さいたま市,他市区町村に常住,総数,佐賀県,吉野ヶ里町,0,0,0,0,0,0,0,0,0,0,0,0
,2020000000,さいたま市,他市区町村に常住,総数,佐賀県,基山町,0,0,0,0,0,0,0,0,0,0,0,0
,2020000000,さいたま市,他市区町村に常住,総数,佐賀県,上峰町,1,1,0,1,1,0,0,0,0,0,0,0
,2020000000,さいたま市,他市区町村に常住,総数,佐賀県,みやき町,0,0,0,0,0,0,0,0,0,0,0,0
,2020000000,さいたま市,他市区町村に常住,総数,佐賀県,玄海町,0,0,0,0,0,0,0,0,0,0,0,0
,2020000000,さいたま市,他市区町村に常住,総数,佐賀県,有田町,0,0,0,0,0,0,0,0,0,0,0,0
,2020000000,さいたま市,他市区町村に常住,総数,佐賀県,大町町,0,0,0,0,0,0,0,0,0,0,0,0
,2020000000,さいたま市,他市区町村に常住,総数,佐賀県,江北町,0,0,0,0,0,0,0,0,0,0,0,0
,2020000000,さいたま市,他市区町村に常住,総数,佐賀県,白石町,0,0,0,0,0,0,0,0,0,0,0,0
,2020000000,さいたま市,他市区町村に常住,総数,佐賀県,太良町,0,0,0,0,0,0,0,0,0,0,0,0
,2020000000,さいたま市,他市区町村に常住,総数,長崎県,長崎県,3,2,1,3,2,1,0,0,0,0,0,0
,2020000000,さいたま市,他市区町村に常住,総数,長崎県,長崎市,0,0,0,0,0,0,0,0,0,0,0,0
,2020000000,さいたま市,他市区町村に常住,総数,長崎県,佐世保市,0,0,0,0,0,0,0,0,0,0,0,0
,2020000000,さいたま市,他市区町村に常住,総数,長崎県,島原市,0,0,0,0,0,0,0,0,0,0,0,0
,2020000000,さいたま市,他市区町村に常住,総数,長崎県,諫早市,2,1,1,2,1,1,0,0,0,0,0,0
,2020000000,さいたま市,他市区町村に常住,総数,長崎県,大村市,0,0,0,0,0,0,0,0,0,0,0,0
,2020000000,さいたま市,他市区町村に常住,総数,長崎県,平戸市,0,0,0,0,0,0,0,0,0,0,0,0
,2020000000,さいたま市,他市区町村に常住,総数,長崎県,松浦市,0,0,0,0,0,0,0,0,0,0,0,0
,2020000000,さいたま市,他市区町村に常住,総数,長崎県,対馬市,0,0,0,0,0,0,0,0,0,0,0,0
,2020000000,さいたま市,他市区町村に常住,総数,長崎県,壱岐市,0,0,0,0,0,0,0,0,0,0,0,0
,2020000000,さいたま市,他市区町村に常住,総数,長崎県,五島市,0,0,0,0,0,0,0,0,0,0,0,0
,2020000000,さいたま市,他市区町村に常住,総数,長崎県,西海市,0,0,0,0,0,0,0,0,0,0,0,0
,2020000000,さいたま市,他市区町村に常住,総数,長崎県,雲仙市,0,0,0,0,0,0,0,0,0,0,0,0
,2020000000,さいたま市,他市区町村に常住,総数,長崎県,南島原市,0,0,0,0,0,0,0,0,0,0,0,0
,2020000000,さいたま市,他市区町村に常住,総数,長崎県,長与町,0,0,0,0,0,0,0,0,0,0,0,0
,2020000000,さいたま市,他市区町村に常住,総数,長崎県,時津町,0,0,0,0,0,0,0,0,0,0,0,0
,2020000000,さいたま市,他市区町村に常住,総数,長崎県,東彼杵町,0,0,0,0,0,0,0,0,0,0,0,0
,2020000000,さいたま市,他市区町村に常住,総数,長崎県,川棚町,1,1,0,1,1,0,0,0,0,0,0,0
,2020000000,さいたま市,他市区町村に常住,総数,長崎県,波佐見町,0,0,0,0,0,0,0,0,0,0,0,0
,2020000000,さいたま市,他市区町村に常住,総数,長崎県,小値賀町,0,0,0,0,0,0,0,0,0,0,0,0
,2020000000,さいたま市,他市区町村に常住,総数,長崎県,佐々町,0,0,0,0,0,0,0,0,0,0,0,0
,2020000000,さいたま市,他市区町村に常住,総数,長崎県,新上五島町,0,0,0,0,0,0,0,0,0,0,0,0
,2020000000,さいたま市,他市区町村に常住,総数,熊本県,熊本県,9,4,5,5,2,3,4,2,2,4,2,2
,2020000000,さいたま市,他市区町村に常住,総数,熊本県,熊本市,4,2,2,3,2,1,1,0,1,1,0,1
,2020000000,さいたま市,他市区町村に常住,総数,熊本県,熊本市中央区,0,0,0,0,0,0,0,0,0,0,0,0
,2020000000,さいたま市,他市区町村に常住,総数,熊本県,熊本市東区,3,2,1,3,2,1,0,0,0,0,0,0
,2020000000,さいたま市,他市区町村に常住,総数,熊本県,熊本市西区,0,0,0,0,0,0,0,0,0,0,0,0
,2020000000,さいたま市,他市区町村に常住,総数,熊本県,熊本市南区,1,0,1,0,0,0,1,0,1,1,0,1
,2020000000,さいたま市,他市区町村に常住,総数,熊本県,熊本市北区,0,0,0,0,0,0,0,0,0,0,0,0
,2020000000,さいたま市,他市区町村に常住,総数,熊本県,八代市,0,0,0,0,0,0,0,0,0,0,0,0
,2020000000,さいたま市,他市区町村に常住,総数,熊本県,人吉市,0,0,0,0,0,0,0,0,0,0,0,0
,2020000000,さいたま市,他市区町村に常住,総数,熊本県,荒尾市,0,0,0,0,0,0,0,0,0,0,0,0
,2020000000,さいたま市,他市区町村に常住,総数,熊本県,水俣市,0,0,0,0,0,0,0,0,0,0,0,0
,2020000000,さいたま市,他市区町村に常住,総数,熊本県,玉名市,0,0,0,0,0,0,0,0,0,0,0,0
,2020000000,さいたま市,他市区町村に常住,総数,熊本県,山鹿市,0,0,0,0,0,0,0,0,0,0,0,0
,2020000000,さいたま市,他市区町村に常住,総数,熊本県,菊池市,0,0,0,0,0,0,0,0,0,0,0,0
,2020000000,さいたま市,他市区町村に常住,総数,熊本県,宇土市,1,0,1,0,0,0,1,0,1,1,0,1
,2020000000,さいたま市,他市区町村に常住,総数,熊本県,上天草市,0,0,0,0,0,0,0,0,0,0,0,0
,2020000000,さいたま市,他市区町村に常住,総数,熊本県,宇城市,0,0,0,0,0,0,0,0,0,0,0,0
,2020000000,さいたま市,他市区町村に常住,総数,熊本県,阿蘇市,0,0,0,0,0,0,0,0,0,0,0,0
,2020000000,さいたま市,他市区町村に常住,総数,熊本県,天草市,1,1,0,0,0,0,1,1,0,1,1,0
,2020000000,さいたま市,他市区町村に常住,総数,熊本県,合志市,0,0,0,0,0,0,0,0,0,0,0,0
,2020000000,さいたま市,他市区町村に常住,総数,熊本県,美里町,0,0,0,0,0,0,0,0,0,0,0,0
,2020000000,さいたま市,他市区町村に常住,総数,熊本県,玉東町,0,0,0,0,0,0,0,0,0,0,0,0
,2020000000,さいたま市,他市区町村に常住,総数,熊本県,南関町,0,0,0,0,0,0,0,0,0,0,0,0
,2020000000,さいたま市,他市区町村に常住,総数,熊本県,長洲町,1,1,0,0,0,0,1,1,0,1,1,0
,2020000000,さいたま市,他市区町村に常住,総数,熊本県,和水町,0,0,0,0,0,0,0,0,0,0,0,0
,2020000000,さいたま市,他市区町村に常住,総数,熊本県,大津町,0,0,0,0,0,0,0,0,0,0,0,0
,2020000000,さいたま市,他市区町村に常住,総数,熊本県,菊陽町,2,0,2,2,0,2,0,0,0,0,0,0
,2020000000,さいたま市,他市区町村に常住,総数,熊本県,南小国町,0,0,0,0,0,0,0,0,0,0,0,0
,2020000000,さいたま市,他市区町村に常住,総数,熊本県,小国町,0,0,0,0,0,0,0,0,0,0,0,0
,2020000000,さいたま市,他市区町村に常住,総数,熊本県,産山村,0,0,0,0,0,0,0,0,0,0,0,0
,2020000000,さいたま市,他市区町村に常住,総数,熊本県,高森町,0,0,0,0,0,0,0,0,0,0,0,0
,2020000000,さいたま市,他市区町村に常住,総数,熊本県,西原村,0,0,0,0,0,0,0,0,0,0,0,0
,2020000000,さいたま市,他市区町村に常住,総数,熊本県,南阿蘇村,0,0,0,0,0,0,0,0,0,0,0,0
,2020000000,さいたま市,他市区町村に常住,総数,熊本県,御船町,0,0,0,0,0,0,0,0,0,0,0,0
,2020000000,さいたま市,他市区町村に常住,総数,熊本県,嘉島町,0,0,0,0,0,0,0,0,0,0,0,0
,2020000000,さいたま市,他市区町村に常住,総数,熊本県,益城町,0,0,0,0,0,0,0,0,0,0,0,0
,2020000000,さいたま市,他市区町村に常住,総数,熊本県,甲佐町,0,0,0,0,0,0,0,0,0,0,0,0
,2020000000,さいたま市,他市区町村に常住,総数,熊本県,山都町,0,0,0,0,0,0,0,0,0,0,0,0
,2020000000,さいたま市,他市区町村に常住,総数,熊本県,氷川町,0,0,0,0,0,0,0,0,0,0,0,0
,2020000000,さいたま市,他市区町村に常住,総数,熊本県,芦北町,0,0,0,0,0,0,0,0,0,0,0,0
,2020000000,さいたま市,他市区町村に常住,総数,熊本県,津奈木町,0,0,0,0,0,0,0,0,0,0,0,0
,2020000000,さいたま市,他市区町村に常住,総数,熊本県,錦町,0,0,0,0,0,0,0,0,0,0,0,0
,2020000000,さいたま市,他市区町村に常住,総数,熊本県,多良木町,0,0,0,0,0,0,0,0,0,0,0,0
,2020000000,さいたま市,他市区町村に常住,総数,熊本県,湯前町,0,0,0,0,0,0,0,0,0,0,0,0
,2020000000,さいたま市,他市区町村に常住,総数,熊本県,水上村,0,0,0,0,0,0,0,0,0,0,0,0
,2020000000,さいたま市,他市区町村に常住,総数,熊本県,相良村,0,0,0,0,0,0,0,0,0,0,0,0
,2020000000,さいたま市,他市区町村に常住,総数,熊本県,五木村,0,0,0,0,0,0,0,0,0,0,0,0
,2020000000,さいたま市,他市区町村に常住,総数,熊本県,山江村,0,0,0,0,0,0,0,0,0,0,0,0
,2020000000,さいたま市,他市区町村に常住,総数,熊本県,球磨村,0,0,0,0,0,0,0,0,0,0,0,0
,2020000000,さいたま市,他市区町村に常住,総数,熊本県,あさぎり町,0,0,0,0,0,0,0,0,0,0,0,0
,2020000000,さいたま市,他市区町村に常住,総数,熊本県,苓北町,0,0,0,0,0,0,0,0,0,0,0,0
,2020000000,さいたま市,他市区町村に常住,総数,大分県,大分県,7,5,2,5,3,2,2,2,0,2,2,0
,2020000000,さいたま市,他市区町村に常住,総数,大分県,大分市,4,3,1,4,3,1,0,0,0,0,0,0
,2020000000,さいたま市,他市区町村に常住,総数,大分県,別府市,0,0,0,0,0,0,0,0,0,0,0,0
,2020000000,さいたま市,他市区町村に常住,総数,大分県,中津市,0,0,0,0,0,0,0,0,0,0,0,0
,2020000000,さいたま市,他市区町村に常住,総数,大分県,日田市,0,0,0,0,0,0,0,0,0,0,0,0
,2020000000,さいたま市,他市区町村に常住,総数,大分県,佐伯市,1,1,0,0,0,0,1,1,0,1,1,0
,2020000000,さいたま市,他市区町村に常住,総数,大分県,臼杵市,1,1,0,0,0,0,1,1,0,1,1,0
,2020000000,さいたま市,他市区町村に常住,総数,大分県,津久見市,0,0,0,0,0,0,0,0,0,0,0,0
,2020000000,さいたま市,他市区町村に常住,総数,大分県,竹田市,0,0,0,0,0,0,0,0,0,0,0,0
,2020000000,さいたま市,他市区町村に常住,総数,大分県,豊後高田市,0,0,0,0,0,0,0,0,0,0,0,0
,2020000000,さいたま市,他市区町村に常住,総数,大分県,杵築市,1,0,1,1,0,1,0,0,0,0,0,0
,2020000000,さいたま市,他市区町村に常住,総数,大分県,宇佐市,0,0,0,0,0,0,0,0,0,0,0,0
,2020000000,さいたま市,他市区町村に常住,総数,大分県,豊後大野市,0,0,0,0,0,0,0,0,0,0,0,0
,2020000000,さいたま市,他市区町村に常住,総数,大分県,由布市,0,0,0,0,0,0,0,0,0,0,0,0
,2020000000,さいたま市,他市区町村に常住,総数,大分県,国東市,0,0,0,0,0,0,0,0,0,0,0,0
,2020000000,さいたま市,他市区町村に常住,総数,大分県,姫島村,0,0,0,0,0,0,0,0,0,0,0,0
,2020000000,さいたま市,他市区町村に常住,総数,大分県,日出町,0,0,0,0,0,0,0,0,0,0,0,0
,2020000000,さいたま市,他市区町村に常住,総数,大分県,九重町,0,0,0,0,0,0,0,0,0,0,0,0
,2020000000,さいたま市,他市区町村に常住,総数,大分県,玖珠町,0,0,0,0,0,0,0,0,0,0,0,0
,2020000000,さいたま市,他市区町村に常住,総数,宮崎県,宮崎県,6,5,1,4,4,0,2,1,1,2,1,1
,2020000000,さいたま市,他市区町村に常住,総数,宮崎県,宮崎市,4,3,1,3,3,0,1,0,1,1,0,1
,2020000000,さいたま市,他市区町村に常住,総数,宮崎県,都城市,0,0,0,0,0,0,0,0,0,0,0,0
,2020000000,さいたま市,他市区町村に常住,総数,宮崎県,延岡市,0,0,0,0,0,0,0,0,0,0,0,0
,2020000000,さいたま市,他市区町村に常住,総数,宮崎県,日南市,0,0,0,0,0,0,0,0,0,0,0,0
,2020000000,さいたま市,他市区町村に常住,総数,宮崎県,小林市,0,0,0,0,0,0,0,0,0,0,0,0
,2020000000,さいたま市,他市区町村に常住,総数,宮崎県,日向市,0,0,0,0,0,0,0,0,0,0,0,0
,2020000000,さいたま市,他市区町村に常住,総数,宮崎県,串間市,0,0,0,0,0,0,0,0,0,0,0,0
,2020000000,さいたま市,他市区町村に常住,総数,宮崎県,西都市,0,0,0,0,0,0,0,0,0,0,0,0
,2020000000,さいたま市,他市区町村に常住,総数,宮崎県,えびの市,1,1,0,0,0,0,1,1,0,1,1,0
,2020000000,さいたま市,他市区町村に常住,総数,宮崎県,三股町,1,1,0,1,1,0,0,0,0,0,0,0
,2020000000,さいたま市,他市区町村に常住,総数,宮崎県,高原町,0,0,0,0,0,0,0,0,0,0,0,0
,2020000000,さいたま市,他市区町村に常住,総数,宮崎県,国富町,0,0,0,0,0,0,0,0,0,0,0,0
,2020000000,さいたま市,他市区町村に常住,総数,宮崎県,綾町,0,0,0,0,0,0,0,0,0,0,0,0
,2020000000,さいたま市,他市区町村に常住,総数,宮崎県,高鍋町,0,0,0,0,0,0,0,0,0,0,0,0
,2020000000,さいたま市,他市区町村に常住,総数,宮崎県,新富町,0,0,0,0,0,0,0,0,0,0,0,0
,2020000000,さいたま市,他市区町村に常住,総数,宮崎県,西米良村,0,0,0,0,0,0,0,0,0,0,0,0
,2020000000,さいたま市,他市区町村に常住,総数,宮崎県,木城町,0,0,0,0,0,0,0,0,0,0,0,0
,2020000000,さいたま市,他市区町村に常住,総数,宮崎県,川南町,0,0,0,0,0,0,0,0,0,0,0,0
,2020000000,さいたま市,他市区町村に常住,総数,宮崎県,都農町,0,0,0,0,0,0,0,0,0,0,0,0
,2020000000,さいたま市,他市区町村に常住,総数,宮崎県,門川町,0,0,0,0,0,0,0,0,0,0,0,0
,2020000000,さいたま市,他市区町村に常住,総数,宮崎県,諸塚村,0,0,0,0,0,0,0,0,0,0,0,0
,2020000000,さいたま市,他市区町村に常住,総数,宮崎県,椎葉村,0,0,0,0,0,0,0,0,0,0,0,0
,2020000000,さいたま市,他市区町村に常住,総数,宮崎県,美郷町,0,0,0,0,0,0,0,0,0,0,0,0
,2020000000,さいたま市,他市区町村に常住,総数,宮崎県,高千穂町,0,0,0,0,0,0,0,0,0,0,0,0
,2020000000,さいたま市,他市区町村に常住,総数,宮崎県,日之影町,0,0,0,0,0,0,0,0,0,0,0,0
,2020000000,さいたま市,他市区町村に常住,総数,宮崎県,五ヶ瀬町,0,0,0,0,0,0,0,0,0,0,0,0
,2020000000,さいたま市,他市区町村に常住,総数,鹿児島県,鹿児島県,7,5,2,6,4,2,1,1,0,1,1,0
,2020000000,さいたま市,他市区町村に常住,総数,鹿児島県,鹿児島市,1,1,0,1,1,0,0,0,0,0,0,0
,2020000000,さいたま市,他市区町村に常住,総数,鹿児島県,鹿屋市,0,0,0,0,0,0,0,0,0,0,0,0
,2020000000,さいたま市,他市区町村に常住,総数,鹿児島県,枕崎市,0,0,0,0,0,0,0,0,0,0,0,0
,2020000000,さいたま市,他市区町村に常住,総数,鹿児島県,阿久根市,1,0,1,1,0,1,0,0,0,0,0,0
,2020000000,さいたま市,他市区町村に常住,総数,鹿児島県,出水市,0,0,0,0,0,0,0,0,0,0,0,0
,2020000000,さいたま市,他市区町村に常住,総数,鹿児島県,指宿市,1,1,0,1,1,0,0,0,0,0,0,0
,2020000000,さいたま市,他市区町村に常住,総数,鹿児島県,西之表市,0,0,0,0,0,0,0,0,0,0,0,0
,2020000000,さいたま市,他市区町村に常住,総数,鹿児島県,垂水市,0,0,0,0,0,0,0,0,0,0,0,0
,2020000000,さいたま市,他市区町村に常住,総数,鹿児島県,薩摩川内市,0,0,0,0,0,0,0,0,0,0,0,0
,2020000000,さいたま市,他市区町村に常住,総数,鹿児島県,日置市,0,0,0,0,0,0,0,0,0,0,0,0
,2020000000,さいたま市,他市区町村に常住,総数,鹿児島県,曽於市,0,0,0,0,0,0,0,0,0,0,0,0
,2020000000,さいたま市,他市区町村に常住,総数,鹿児島県,霧島市,1,1,0,1,1,0,0,0,0,0,0,0
,2020000000,さいたま市,他市区町村に常住,総数,鹿児島県,いちき串木野市,0,0,0,0,0,0,0,0,0,0,0,0
,2020000000,さいたま市,他市区町村に常住,総数,鹿児島県,南さつま市,0,0,0,0,0,0,0,0,0,0,0,0
,2020000000,さいたま市,他市区町村に常住,総数,鹿児島県,志布志市,0,0,0,0,0,0,0,0,0,0,0,0
,2020000000,さいたま市,他市区町村に常住,総数,鹿児島県,奄美市,0,0,0,0,0,0,0,0,0,0,0,0
,2020000000,さいたま市,他市区町村に常住,総数,鹿児島県,南九州市,1,0,1,1,0,1,0,0,0,0,0,0
,2020000000,さいたま市,他市区町村に常住,総数,鹿児島県,伊佐市,0,0,0,0,0,0,0,0,0,0,0,0
,2020000000,さいたま市,他市区町村に常住,総数,鹿児島県,姶良市,1,1,0,0,0,0,1,1,0,1,1,0
,2020000000,さいたま市,他市区町村に常住,総数,鹿児島県,三島村,0,0,0,0,0,0,0,0,0,0,0,0
,2020000000,さいたま市,他市区町村に常住,総数,鹿児島県,十島村,0,0,0,0,0,0,0,0,0,0,0,0
,2020000000,さいたま市,他市区町村に常住,総数,鹿児島県,さつま町,1,1,0,1,1,0,0,0,0,0,0,0
,2020000000,さいたま市,他市区町村に常住,総数,鹿児島県,長島町,0,0,0,0,0,0,0,0,0,0,0,0
,2020000000,さいたま市,他市区町村に常住,総数,鹿児島県,湧水町,0,0,0,0,0,0,0,0,0,0,0,0
,2020000000,さいたま市,他市区町村に常住,総数,鹿児島県,大崎町,0,0,0,0,0,0,0,0,0,0,0,0
,2020000000,さいたま市,他市区町村に常住,総数,鹿児島県,東串良町,0,0,0,0,0,0,0,0,0,0,0,0
,2020000000,さいたま市,他市区町村に常住,総数,鹿児島県,錦江町,0,0,0,0,0,0,0,0,0,0,0,0
,2020000000,さいたま市,他市区町村に常住,総数,鹿児島県,南大隅町,0,0,0,0,0,0,0,0,0,0,0,0
,2020000000,さいたま市,他市区町村に常住,総数,鹿児島県,肝付町,0,0,0,0,0,0,0,0,0,0,0,0
,2020000000,さいたま市,他市区町村に常住,総数,鹿児島県,中種子町,0,0,0,0,0,0,0,0,0,0,0,0
,2020000000,さいたま市,他市区町村に常住,総数,鹿児島県,南種子町,0,0,0,0,0,0,0,0,0,0,0,0
,2020000000,さいたま市,他市区町村に常住,総数,鹿児島県,屋久島町,0,0,0,0,0,0,0,0,0,0,0,0
,2020000000,さいたま市,他市区町村に常住,総数,鹿児島県,大和村,0,0,0,0,0,0,0,0,0,0,0,0
,2020000000,さいたま市,他市区町村に常住,総数,鹿児島県,宇検村,0,0,0,0,0,0,0,0,0,0,0,0
,2020000000,さいたま市,他市区町村に常住,総数,鹿児島県,瀬戸内町,0,0,0,0,0,0,0,0,0,0,0,0
,2020000000,さいたま市,他市区町村に常住,総数,鹿児島県,龍郷町,0,0,0,0,0,0,0,0,0,0,0,0
,2020000000,さいたま市,他市区町村に常住,総数,鹿児島県,喜界町,0,0,0,0,0,0,0,0,0,0,0,0
,2020000000,さいたま市,他市区町村に常住,総数,鹿児島県,徳之島町,0,0,0,0,0,0,0,0,0,0,0,0
,2020000000,さいたま市,他市区町村に常住,総数,鹿児島県,天城町,0,0,0,0,0,0,0,0,0,0,0,0
,2020000000,さいたま市,他市区町村に常住,総数,鹿児島県,伊仙町,0,0,0,0,0,0,0,0,0,0,0,0
,2020000000,さいたま市,他市区町村に常住,総数,鹿児島県,和泊町,0,0,0,0,0,0,0,0,0,0,0,0
,2020000000,さいたま市,他市区町村に常住,総数,鹿児島県,知名町,0,0,0,0,0,0,0,0,0,0,0,0
,2020000000,さいたま市,他市区町村に常住,総数,鹿児島県,与論町,0,0,0,0,0,0,0,0,0,0,0,0
,2020000000,さいたま市,他市区町村に常住,総数,沖縄県,沖縄県,16,12,4,10,7,3,6,5,1,6,5,1
,2020000000,さいたま市,他市区町村に常住,総数,沖縄県,那覇市,5,2,3,5,2,3,0,0,0,0,0,0
,2020000000,さいたま市,他市区町村に常住,総数,沖縄県,宜野湾市,0,0,0,0,0,0,0,0,0,0,0,0
,2020000000,さいたま市,他市区町村に常住,総数,沖縄県,石垣市,1,1,0,1,1,0,0,0,0,0,0,0
,2020000000,さいたま市,他市区町村に常住,総数,沖縄県,浦添市,2,2,0,0,0,0,2,2,0,2,2,0
,2020000000,さいたま市,他市区町村に常住,総数,沖縄県,名護市,0,0,0,0,0,0,0,0,0,0,0,0
,2020000000,さいたま市,他市区町村に常住,総数,沖縄県,糸満市,0,0,0,0,0,0,0,0,0,0,0,0
,2020000000,さいたま市,他市区町村に常住,総数,沖縄県,沖縄市,4,4,0,1,1,0,3,3,0,3,3,0
,2020000000,さいたま市,他市区町村に常住,総数,沖縄県,豊見城市,1,1,0,1,1,0,0,0,0,0,0,0
,2020000000,さいたま市,他市区町村に常住,総数,沖縄県,うるま市,0,0,0,0,0,0,0,0,0,0,0,0
,2020000000,さいたま市,他市区町村に常住,総数,沖縄県,宮古島市,0,0,0,0,0,0,0,0,0,0,0,0
,2020000000,さいたま市,他市区町村に常住,総数,沖縄県,南城市,0,0,0,0,0,0,0,0,0,0,0,0
,2020000000,さいたま市,他市区町村に常住,総数,沖縄県,国頭村,0,0,0,0,0,0,0,0,0,0,0,0
,2020000000,さいたま市,他市区町村に常住,総数,沖縄県,大宜味村,0,0,0,0,0,0,0,0,0,0,0,0
,2020000000,さいたま市,他市区町村に常住,総数,沖縄県,東村,0,0,0,0,0,0,0,0,0,0,0,0
,2020000000,さいたま市,他市区町村に常住,総数,沖縄県,今帰仁村,0,0,0,0,0,0,0,0,0,0,0,0
,2020000000,さいたま市,他市区町村に常住,総数,沖縄県,本部町,0,0,0,0,0,0,0,0,0,0,0,0
,2020000000,さいたま市,他市区町村に常住,総数,沖縄県,恩納村,0,0,0,0,0,0,0,0,0,0,0,0
,2020000000,さいたま市,他市区町村に常住,総数,沖縄県,宜野座村,0,0,0,0,0,0,0,0,0,0,0,0
,2020000000,さいたま市,他市区町村に常住,総数,沖縄県,金武町,0,0,0,0,0,0,0,0,0,0,0,0
,2020000000,さいたま市,他市区町村に常住,総数,沖縄県,伊江村,0,0,0,0,0,0,0,0,0,0,0,0
,2020000000,さいたま市,他市区町村に常住,総数,沖縄県,読谷村,0,0,0,0,0,0,0,0,0,0,0,0
,2020000000,さいたま市,他市区町村に常住,総数,沖縄県,嘉手納町,0,0,0,0,0,0,0,0,0,0,0,0
,2020000000,さいたま市,他市区町村に常住,総数,沖縄県,北谷町,1,0,1,0,0,0,1,0,1,1,0,1
,2020000000,さいたま市,他市区町村に常住,総数,沖縄県,北中城村,0,0,0,0,0,0,0,0,0,0,0,0
,2020000000,さいたま市,他市区町村に常住,総数,沖縄県,中城村,1,1,0,1,1,0,0,0,0,0,0,0
,2020000000,さいたま市,他市区町村に常住,総数,沖縄県,西原町,0,0,0,0,0,0,0,0,0,0,0,0
,2020000000,さいたま市,他市区町村に常住,総数,沖縄県,与那原町,0,0,0,0,0,0,0,0,0,0,0,0
,2020000000,さいたま市,他市区町村に常住,総数,沖縄県,南風原町,1,1,0,1,1,0,0,0,0,0,0,0
,2020000000,さいたま市,他市区町村に常住,総数,沖縄県,渡嘉敷村,0,0,0,0,0,0,0,0,0,0,0,0
,2020000000,さいたま市,他市区町村に常住,総数,沖縄県,座間味村,0,0,0,0,0,0,0,0,0,0,0,0
,2020000000,さいたま市,他市区町村に常住,総数,沖縄県,粟国村,0,0,0,0,0,0,0,0,0,0,0,0
,2020000000,さいたま市,他市区町村に常住,総数,沖縄県,渡名喜村,0,0,0,0,0,0,0,0,0,0,0,0
,2020000000,さいたま市,他市区町村に常住,総数,沖縄県,南大東村,0,0,0,0,0,0,0,0,0,0,0,0
,2020000000,さいたま市,他市区町村に常住,総数,沖縄県,北大東村,0,0,0,0,0,0,0,0,0,0,0,0
,2020000000,さいたま市,他市区町村に常住,総数,沖縄県,伊平屋村,0,0,0,0,0,0,0,0,0,0,0,0
,2020000000,さいたま市,他市区町村に常住,総数,沖縄県,伊是名村,0,0,0,0,0,0,0,0,0,0,0,0
,2020000000,さいたま市,他市区町村に常住,総数,沖縄県,久米島町,0,0,0,0,0,0,0,0,0,0,0,0
,2020000000,さいたま市,他市区町村に常住,総数,沖縄県,八重瀬町,0,0,0,0,0,0,0,0,0,0,0,0
,2020000000,さいたま市,他市区町村に常住,総数,沖縄県,多良間村,0,0,0,0,0,0,0,0,0,0,0,0
,2020000000,さいたま市,他市区町村に常住,総数,沖縄県,竹富町,0,0,0,0,0,0,0,0,0,0,0,0
,2020000000,さいたま市,他市区町村に常住,総数,沖縄県,与那国町,0,0,0,0,0,0,0,0,0,0,0,0
,2020000000,さいたま市,他市区町村に常住,自市内他区に常住,総数,総数,116135,56101,60034,100507,48045,52462,10985,5710,5275,15628,8056,7572
,2020000000,西区,他市区町村に常住,自市内他区に常住,総数,総数,6285,3264,3021,4758,2444,2314,1194,629,565,1527,820,707
,2020000000,北区,他市区町村に常住,自市内他区に常住,総数,総数,10840,5903,4937,9725,5232,4493,653,430,223,1115,671,444
,2020000000,大宮区,他市区町村に常住,自市内他区に常住,総数,総数,27378,12529,14849,24189,10844,13345,2369,1239,1130,3189,1685,1504
,2020000000,見沼区,他市区町村に常住,自市内他区に常住,総数,総数,6895,3538,3357,6047,3076,2971,732,403,329,848,462,386
,2020000000,中央区,他市区町村に常住,自市内他区に常住,総数,総数,14599,6593,8006,13438,6121,7317,877,365,512,1161,472,689
,2020000000,桜区,他市区町村に常住,自市内他区に常住,総数,総数,6888,3731,3157,5866,3153,2713,755,437,318,1022,578,444
,2020000000,浦和区,他市区町村に常住,自市内他区に常住,総数,総数,20929,9241,11688,18135,7835,10300,1808,916,892,2794,1406,1388
,2020000000,南区,他市区町村に常住,自市内他区に常住,総数,総数,9041,4308,4733,7667,3624,4043,857,426,431,1374,684,690
,2020000000,緑区,他市区町村に常住,自市内他区に常住,総数,総数,6967,3213,3754,5494,2542,2952,889,409,480,1473,671,802
,2020000000,岩槻区,他市区町村に常住,自市内他区に常住,総数,総数,6313,3781,2532,5188,3174,2014,851,456,395,1125,607,518
,2020000000,さいたま市,他市区町村に常住,県内他市町村に常住,総数,総数,162615,96249,66366,139979,84835,55144,20686,10415,10271,22635,11413,11222
,2020000000,さいたま市,他市区町村に常住,他県に常住,総数,総数,51784,36738,15046,44996,33119,11877,5705,3179,2526,6788,3619,3169
,2020000000,さいたま市,従業・通学市区町村「不詳・外国」で当地に常住している者,総数,総数,総数,8445,5408,3037,6951,4605,2346,1445,783,662,1494,803,691
,2020000000,さいたま市,従業地・通学地「不詳」で当地に常住している者,総数,総数,総数,33888,18328,15560,15590,8874,6716,1699,889,810,18298,9454,8844
