データ提供：KDDI・技研商事インターナショナル「KDDI Location Analyzer」,,,,,,,,,,,,,,,,,,,,,,,
※auスマートフォンユーザーのうち個別同意を得たユーザーを対象に、個人を特定できない処理を行って集計,,,,,,,,,,,,,,,,,,,,,,,
※個人情報保護観点から、10代以下の人数は未集計,,,,,,,,,,,,,,,,,,,,,,,
※10人未満は切り捨て,,,,,,,,,,,,,,,,,,,,,,,
,,,,,,,,,,,,,,,,,,,,,,,
武蔵浦和,,weekday,,,,,,,,,,,holiday,,,,,,,,,,
年月,時間帯,平均男性,平均女性,平均20代,平均30代,平均40代,平均50代,平均60代,平均70歳以上,平均居住者,平均勤務者,平均来街者,平均男性,平均女性,平均20代,平均30代,平均40代,平均50代,平均60代,平均70歳以上,平均居住者,平均勤務者,平均来街者
2018_01,5時,21390,23680,7210,8910,9870,6700,6680,5690,41830,3790,2730,18760,20560,6150,7950,8600,5890,5880,4830,36250,3080,2780
2018_01,6時,21000,23640,7080,8810,9510,6730,6630,5860,40380,4080,3300,18360,20240,5850,8000,8330,5700,5730,4960,35010,3220,2990
2018_01,7時,19640,23170,6150,8480,9110,6540,6530,5980,35810,5800,4320,18600,20110,5870,8070,8390,5760,6030,4570,33990,4010,3360
2018_01,8時,17820,22530,6010,6730,8540,6640,6390,6030,28130,9660,5920,19040,20170,6140,7950,8640,6030,5860,4580,32330,5090,4490
2018_01,9時,16570,22390,6010,6310,7710,6360,6320,6220,23840,11050,7290,18720,20470,6280,7890,8460,5980,5740,4830,30270,5670,5950
2018_01,10時,15580,22390,5720,5790,7330,6190,6280,6650,21100,10970,8940,18380,20500,5890,7690,8300,5840,5850,5280,27930,5620,7790
2018_01,11時,14940,22220,5610,5610,7170,6030,6400,6310,19770,10860,9460,17940,21030,5790,7590,8250,5790,6080,5440,26510,5690,9230
2018_01,12時,15040,22010,5510,5610,7260,6280,6230,6140,18950,11050,9880,18000,20840,5690,7500,8080,6000,5830,5720,25340,5780,10080
2018_01,13時,15250,21890,5640,5780,7260,6320,5980,6130,18670,11220,10040,17860,20730,5870,7690,8210,5800,5630,5360,24930,5760,10200
2018_01,14時,15130,21640,5400,5900,7240,6190,5970,6050,18830,11060,9720,17740,21100,6000,7780,8250,5700,5700,5390,24830,5900,10420
2018_01,15時,15050,21550,5260,5990,7130,6150,5890,6170,19320,10790,9390,18090,20690,5780,7690,8080,5730,5890,5590,25140,5850,10220
2018_01,16時,15270,21880,5660,6000,7180,6100,6030,6150,20070,10620,9450,18400,20430,5710,7710,8070,5860,5870,5590,25880,5980,9570
2018_01,17時,15600,22320,5790,6010,7560,6020,6180,6320,21980,10100,8930,18430,20940,5890,7750,8250,6160,5990,5310,27740,5950,8520
2018_01,18時,15970,22650,5790,6370,7920,5940,6510,6070,25750,7620,8340,18820,21060,6280,7720,8450,6110,6040,5260,29670,5190,7880
2018_01,19時,17900,23450,6340,7190,8690,6330,6850,5930,30370,6330,7800,19020,21560,6450,7850,8600,6190,6180,5300,31330,4890,7330
2018_01,20時,18920,23370,6380,7740,9020,6540,6720,5870,33490,5020,6900,19090,21500,6370,8140,8770,6090,6090,5110,32750,4140,6530
2018_01,21時,19930,23190,6660,8300,9320,6470,6620,5730,36210,4330,5760,19590,21300,6730,8240,8920,6050,5960,4970,34180,3680,5810
2018_01,22時,20770,23380,7110,8850,9520,6420,6540,5690,38500,3890,4980,19580,21190,6800,8460,8860,5930,5890,4830,35310,3500,4780
2018_01,23時,20280,22890,7010,8680,9270,6370,6380,5430,38800,3740,3870,19200,20940,6590,8290,8680,5890,5790,4880,35740,3280,3940
2018_01,24時,20280,21660,6710,8560,9230,6280,6110,5040,39110,3270,2540,19450,20210,6550,8060,8800,5910,5820,4490,36350,3030,3020
2018_01,25時,20590,21990,6780,8700,9330,6360,6160,5240,39660,3290,2630,19740,20720,6700,8290,8990,6030,5790,4640,37040,3080,3090
2018_01,26時,20340,22320,6740,8630,9340,6350,6140,5450,39910,3290,2470,19630,21130,6750,8250,8970,6040,5860,4860,37220,3140,3200
2018_01,27時,20360,22270,6750,8560,9320,6390,6180,5420,39970,3330,2370,19580,21290,6740,8210,8990,6050,5840,5020,37380,3140,3170
2018_01,28時,20290,21990,6730,8530,9320,6370,6130,5180,39900,3320,2100,19580,20830,6760,8150,9010,6060,5820,4600,37380,3130,2740
2018_02,5時,22210,22020,6690,9510,9780,7120,6250,4880,41950,2920,1800,20840,20610,6230,9020,9320,6600,5820,4450,39020,2820,1990
2018_02,6時,21640,22040,6670,9490,9360,6990,6130,5030,40230,3560,2330,20510,20560,6420,8880,9030,6550,5720,4460,38100,2860,2340
2018_02,7時,20620,21810,5970,9220,9220,6790,6090,5120,35480,5660,3650,20810,20190,6100,8900,8950,6720,6000,4300,36490,3680,2980
2018_02,8時,18250,21640,6400,7270,8560,6790,5890,4960,27070,10250,5160,20760,20810,6240,8810,9280,6930,5810,4470,34540,5110,4160
2018_02,9時,16750,21520,6790,6600,7450,6110,5840,5470,22270,11620,6870,20610,21550,6430,8820,9210,6840,5880,4950,32070,5680,6650
2018_02,10時,15800,21210,6110,6000,7290,5900,5910,5790,19390,11380,8540,20000,21040,5990,8350,9130,6460,5880,5210,28640,5640,8740
2018_02,11時,15200,21290,6050,5750,7100,5750,5910,5920,18380,11370,9080,19400,20710,6100,7850,8720,6410,6030,4980,26480,5590,9980
2018_02,12時,15610,21330,5950,6080,7310,6090,5910,5570,17750,11820,9680,19390,21000,5960,7550,8560,6820,6130,5370,25650,5650,10980
2018_02,13時,15420,21380,6000,6230,7310,6020,5740,5490,17500,12050,9640,19380,20880,6160,7930,8470,6620,5910,5150,24800,5620,11630
2018_02,14時,15450,21640,5950,6530,7320,6020,5740,5510,17620,11950,9880,18730,20680,6090,7800,8250,6500,5800,4940,24340,5630,11270
2018_02,15時,15490,21630,5910,6540,7200,6090,5690,5670,18140,11480,9840,19210,20620,6130,7970,8400,6520,5760,5020,24970,5480,11220
2018_02,16時,15910,21570,6260,6480,7290,6090,5890,5460,18880,11510,9430,18900,20430,5680,8040,8440,6670,5800,4700,25980,5720,9750
2018_02,17時,15730,21300,5840,6490,7410,6090,5810,5370,20240,10570,8610,19480,20540,6020,8050,8750,6630,5780,4760,27720,5490,9010
2018_02,18時,15810,21450,5760,6610,7650,5920,6030,5280,23620,7610,8360,19450,20970,6060,8290,9020,6740,5740,4540,29630,4630,8380
2018_02,19時,17530,22460,6030,7530,8430,6470,6190,5320,28400,6050,7890,20350,21610,6280,8850,9180,6760,5680,5200,31990,4130,8070
2018_02,20時,18700,22030,5750,8020,8930,6670,6130,5220,31660,4530,6930,20590,20970,6160,9100,9150,6620,5870,4640,33300,3550,6960
2018_02,21時,20000,22000,6210,8510,9340,6670,6100,5160,35070,3750,5620,20740,20920,6320,9230,9020,6540,5850,4680,34940,3290,5780
2018_02,22時,20700,22130,6270,9100,9540,6710,6130,5070,37360,3360,4560,20640,20900,6470,9360,8950,6520,5790,4450,36130,3180,4640
2018_02,23時,20280,21690,6150,8990,9280,6660,6020,4850,37870,3030,3520,19990,20230,6200,9110,8720,6400,5660,4120,36250,3020,3390
2018_02,24時,20900,20670,6300,8960,9170,6610,5740,4760,38980,2470,2290,20010,19550,6380,8570,8570,6230,5530,4260,36990,2610,2110
2018_02,25時,21110,20980,6330,9060,9350,6660,5780,4900,39580,2560,2210,20250,19700,6380,8640,8730,6300,5500,4380,37460,2680,2020
2018_02,26時,20860,20880,6220,8990,9290,6630,5820,4790,39640,2570,1810,19960,19720,6360,8610,8650,6290,5520,4240,37410,2620,1830
2018_02,27時,20880,20860,6250,8990,9250,6660,5800,4770,39720,2540,1740,19970,19900,6470,8610,8660,6330,5540,4240,37620,2670,1780
2018_02,28時,20900,20710,6260,8940,9260,6690,5810,4640,39590,2520,1720,20060,19810,6500,8590,8700,6320,5560,4170,37640,2670,1770
2018_03,5時,22690,22920,7340,9170,9800,6910,6680,5690,42930,3600,2220,21290,21340,6900,8560,9310,6380,6140,5320,39870,3170,2350
2018_03,6時,21950,22890,7110,9100,9380,6710,6630,5890,40810,4150,2960,20960,21360,6560,8740,9100,6340,6140,5410,38730,3410,2950
2018_03,7時,20460,23260,6530,8980,9020,6500,6600,6080,36500,6030,4170,20560,21750,6280,8690,9020,6510,6370,5410,37150,4030,3910
2018_03,8時,17990,22980,6500,7000,8350,6570,6410,6120,27890,10210,6050,20280,22290,6420,8570,9330,6590,6210,5430,35060,5380,4950
2018_03,9時,16620,22250,6510,6220,7280,6160,6450,6230,23090,11340,7430,20080,22620,6390,8660,9150,6510,6110,5860,32890,5960,6660
2018_03,10時,15740,21500,5940,5810,7160,5950,6240,6130,20180,11060,8670,19220,21820,5970,8090,8770,6200,6260,5730,29090,5980,8640
2018_03,11時,15270,21480,5880,5760,7050,5910,6170,5960,18990,10970,9370,18560,21230,5720,7670,8270,5980,6460,5670,26750,5820,9710
2018_03,12時,15770,21870,6190,6030,7140,6110,6250,5890,18590,11460,10200,18520,20870,5590,7600,7830,6120,6060,6180,25580,6060,10240
2018_03,13時,15700,21890,6290,6160,6980,6190,6080,5870,18310,11830,10120,18090,20230,5340,7370,7980,6200,5930,5480,24550,6070,10100
2018_03,14時,15550,21930,6160,6370,6910,6130,6070,5820,18300,11790,10020,18060,20110,5220,7500,8050,6010,5710,5660,24240,6090,10240
2018_03,15時,15680,21530,5950,6410,6800,6100,5980,5950,18510,11520,9800,18100,20430,5090,7840,7980,6080,5900,5620,25030,5890,10020
2018_03,16時,15840,21270,6110,6300,6880,5990,6080,5720,19220,11270,9230,18270,20010,4950,7820,8100,6120,5660,5610,25600,5850,9300
2018_03,17時,15930,21210,5770,6170,7110,6010,6310,5740,20900,10530,8410,18860,19830,5330,7960,8160,6310,5640,5270,27360,5600,8310
2018_03,18時,16240,21070,5430,6370,7330,5770,6280,6110,24040,7910,8190,19740,20700,5740,8200,8570,6350,5910,5650,29920,5120,8120
2018_03,19時,17760,22280,5950,7230,8140,6100,6380,6220,28650,6590,7700,20670,21340,6000,8700,8890,6500,6060,5830,32360,4680,7780
2018_03,20時,19230,22360,6070,7700,8730,6320,6500,6250,32280,5250,6960,21190,21420,6290,8820,9100,6410,6140,5830,34010,4280,7150
2018_03,21時,20410,22350,6440,8250,9020,6460,6450,6120,35580,4350,5820,21070,21370,6370,8850,9000,6430,6180,5580,35530,4010,5820
2018_03,22時,20960,22410,6730,8540,9210,6510,6430,5950,37640,4010,4800,21290,21380,6380,9090,9130,6430,6140,5480,37050,3710,4880
2018_03,23時,20570,21970,6670,8550,9040,6340,6310,5610,38080,3650,3830,20660,20680,6200,8910,8930,6230,6100,4960,36910,3520,3830
2018_03,24時,20950,21250,6840,8400,9110,6230,6020,5570,39200,3050,2710,21070,20630,6840,8420,8830,6140,6020,5410,38500,3180,2840
2018_03,25時,21270,21520,6980,8580,9250,6290,6090,5580,39780,3080,2730,21210,20900,6940,8490,8930,6240,6050,5430,39050,3190,2720
2018_03,26時,20910,21500,6810,8500,9220,6280,6100,5490,39900,3060,2260,20970,21050,6930,8460,8870,6180,6060,5510,39190,3190,2490
2018_03,27時,20950,21400,6860,8400,9170,6340,6070,5480,39940,3060,2160,21030,21110,6980,8470,8890,6220,6100,5480,39300,3170,2500
2018_03,28時,20990,21370,6880,8430,9180,6330,6090,5430,40000,3120,2080,21000,21010,6970,8420,8910,6230,6060,5400,39250,3200,2400
2018_04,5時,24290,23730,8270,9070,10700,7130,6550,6290,45700,3580,1940,22590,22100,7700,8220,9800,6740,6140,6060,41700,3260,2670
2018_04,6時,23190,23550,8300,8950,10030,6800,6380,6270,43340,4170,2500,22060,21600,7500,8210,9360,6600,5970,5990,40260,3190,2970
2018_04,7時,21660,24180,8020,8550,9720,6720,6280,6520,38640,6410,4070,22160,21920,7630,8230,9430,6630,5920,6210,38930,4260,3830
2018_04,8時,19240,23820,7360,6920,8740,7130,6000,6900,29120,11130,6050,21950,21930,7590,7970,9490,6690,5830,6300,36630,5360,4740
2018_04,9時,17160,22780,6850,6010,7570,6780,5930,6780,23510,12170,7190,21550,21220,7440,7810,9220,6510,5590,6190,33360,5720,6270
2018_04,10時,16210,22350,6470,5610,7300,6520,5840,6800,20860,12100,8270,20690,20800,6900,7560,8830,6310,5620,6250,30400,5890,7700
2018_04,11時,15660,22180,6350,5280,7180,6390,5790,6830,19520,11880,9010,19880,20500,6440,7380,8640,6090,5560,6260,28370,5810,8620
2018_04,12時,15670,21970,5880,5360,7270,6610,5810,6700,18660,12350,9210,20090,20180,6450,7000,8390,6230,5460,6740,27510,6130,9190
2018_04,13時,16090,22010,6160,5460,7460,6600,5850,6560,18410,12640,9620,19810,20090,6460,7110,8170,6160,5590,6380,26550,6170,9740
2018_04,14時,16310,21590,6220,5390,7420,6520,5980,6360,18480,12610,9510,19520,19760,6460,7080,8080,5980,5580,6080,25930,6060,9750
2018_04,15時,15870,21870,5720,5520,7360,6480,5870,6760,18760,12190,9420,19400,19600,5850,7280,8150,6000,5580,6120,26260,5890,9250
2018_04,16時,16100,22110,5820,5790,7530,6480,5900,6680,19650,12240,9000,19610,19780,5730,7320,8300,6220,5750,6060,27000,5980,8800
2018_04,17時,16110,22290,5600,5950,7710,6490,5970,6650,21390,11570,8210,20060,19950,6200,7350,8450,6350,5650,5990,28890,5600,7950
2018_04,18時,17210,21480,5510,6200,7810,6360,6080,6710,25290,8830,7430,21120,20810,6720,7940,8740,6360,5760,6380,31470,5230,7800
2018_04,19時,19130,22190,6220,6950,8520,6460,6380,6770,30170,7260,6860,22190,21130,7230,8200,9100,6320,5840,6610,33510,4670,7740
2018_04,20時,20170,22350,6540,7390,9050,6590,6380,6550,33650,5800,6010,22520,21320,7090,8580,9350,6360,5790,6650,35370,4430,6710
2018_04,21時,21370,22730,7250,7890,9530,6650,6290,6470,37270,4850,5050,22860,21210,7230,8810,9450,6310,5740,6510,37210,4120,5500
2018_04,22時,22200,22820,7450,8450,9820,6710,6330,6240,40050,4210,3870,22880,21490,7360,8890,9460,6370,5650,6620,38690,4010,4500
2018_04,23時,22030,22570,7450,8640,9650,6670,6170,6000,40700,3920,3080,22180,21360,7410,8650,9150,6260,5570,6470,38930,3760,3660
2018_04,24時,22430,22170,7900,8480,9650,6560,6030,5940,42230,3350,2030,22060,20910,7480,8380,9370,6260,5380,6070,39890,2990,2650
2018_04,25時,22780,22500,8080,8610,9780,6670,6090,6030,42920,3330,2060,22220,21150,7480,8450,9500,6370,5460,6100,40300,2980,2700
2018_04,26時,22670,22420,8090,8520,9780,6640,6070,5970,43050,3270,1790,22010,21010,7430,8380,9410,6340,5440,6000,40390,2940,2280
2018_04,27時,22670,22220,8040,8430,9750,6700,6060,5900,42890,3310,1720,22020,20980,7450,8270,9420,6380,5400,6050,40340,2890,2330
2018_04,28時,22730,22150,8060,8450,9730,6700,6040,5880,42800,3300,1810,22120,20790,7450,8200,9430,6390,5440,5990,40300,2930,2270
2018_05,5時,24420,23290,8000,9990,9830,7150,6410,6310,45320,3550,2150,22640,21690,7630,9250,9250,6590,5780,5810,41160,3220,2930
2018_05,6時,23300,22750,8030,9670,9220,6830,6040,6250,42250,3890,3070,21950,21170,7510,8900,9000,6430,5540,5710,39620,3180,3130
2018_05,7時,21910,23450,7980,9210,8900,6860,5980,6410,37560,6260,4670,22120,21660,7700,9140,8950,6550,5550,5870,38760,4090,3900
2018_05,8時,19140,23350,7230,7410,8170,7110,5900,6650,27990,10840,6690,21710,21680,7260,8690,9020,6710,5460,6220,35970,4990,5170
2018_05,9時,17590,23040,7450,6530,7330,6740,5780,6790,23000,12070,8350,21200,21680,7220,8770,8680,6570,5500,6130,33060,5460,6870
2018_05,10時,16410,22310,7100,5940,6890,6430,5730,6610,20160,12060,9160,20150,20000,6210,8050,8190,6340,5410,5940,29230,5280,7890
2018_05,11時,15550,21990,6830,5580,6950,6400,5690,6080,18660,11760,9670,19220,20100,6190,7760,7930,6010,5630,5790,27240,5040,9130
2018_05,12時,15870,21440,6490,5650,7060,6540,5630,5920,17910,12150,9740,18940,19690,5810,7610,7720,6080,5530,5860,25760,5210,9790
2018_05,13時,16410,21560,6810,5980,7130,6570,5650,5810,17750,12590,10120,19060,19530,5630,7550,7790,5920,5590,6100,25240,5320,10150
2018_05,14時,16270,21370,6610,6020,7170,6490,5650,5670,18090,12630,9620,18690,19560,5750,7230,7840,5970,5350,6090,25020,5130,10060
2018_05,15時,16070,21430,6270,6100,7170,6530,5610,5790,18650,12280,9300,19110,19840,5850,7790,7810,5840,5370,6260,25970,5120,9950
2018_05,16時,16310,21600,5990,6030,7330,6530,5760,6250,19390,12400,8930,19480,19250,5700,7730,7770,6120,5380,6000,26560,5120,9110
2018_05,17時,16510,21850,6220,6150,7360,6660,5720,6230,21350,11690,8150,19790,19920,5930,7910,7820,6230,5470,6340,28240,5040,8820
2018_05,18時,17690,20970,6370,6210,7450,6470,5670,6460,25700,8330,7430,20430,20530,6060,8400,8190,6280,5550,6460,30910,4730,7860
2018_05,19時,19500,21750,6720,7220,8150,6540,6090,6510,30280,6680,7210,21000,20550,6360,8730,8430,6230,5580,6210,32670,4220,7210
2018_05,20時,20320,21870,6690,7820,8580,6550,6120,6410,33380,5290,6440,21430,20990,6650,9010,8670,6210,5550,6320,34340,3900,6780
2018_05,21時,21620,22380,7520,8530,8950,6600,6080,6300,37080,4480,5470,21960,20780,6820,9150,8870,6230,5460,6200,35980,3870,5680
2018_05,22時,22510,22520,7650,9190,9210,6670,6090,6200,39420,4160,4550,22350,20770,7090,9230,8830,6370,5470,6120,37270,3810,4900
2018_05,23時,22320,22030,7500,9180,8980,6640,5970,6060,40130,3710,3550,21720,20530,6850,9040,8610,6230,5440,6060,37550,3570,4010
2018_05,24時,22570,21080,7280,9330,8870,6540,5760,5860,41190,3290,2240,21620,20520,7390,8780,8580,6170,5520,5700,39070,2970,2850
2018_05,25時,22870,21470,7490,9420,9010,6630,5780,6000,41880,3270,2260,21860,20980,7650,8940,8670,6240,5530,5780,39770,2970,2860
2018_05,26時,22650,21550,7700,9260,8980,6570,5780,5880,41870,3240,2150,21740,20950,7840,8790,8660,6230,5500,5640,39780,2980,2700
2018_05,27時,22700,21430,7730,9180,8950,6630,5750,5870,41920,3250,2010,21720,20940,7810,8790,8660,6290,5530,5570,39860,3020,2580
2018_05,28時,22810,21330,7720,9230,8970,6660,5770,5770,41950,3270,1970,21740,20790,7700,8780,8670,6260,5550,5540,39860,3010,2440
2018_06,5時,25030,23180,7590,9680,9840,7290,6550,7240,45300,5190,2400,23440,21310,6590,9090,9350,6840,6240,6610,41890,4710,2480
2018_06,6時,24010,22550,7610,9510,9270,6930,6080,7150,42570,5600,3010,22850,20880,6450,9240,9150,6590,5870,6400,40550,4540,2630
2018_06,7時,22560,23060,7160,9040,8860,6910,6250,7390,37860,7830,4470,22790,21100,6710,9290,8970,6700,5870,6330,39160,5730,3310
2018_06,8時,19440,23170,5890,7590,8410,7120,6080,7510,28740,12550,5860,22530,21210,6040,9270,9110,6920,5880,6510,36560,6290,4790
2018_06,9時,17740,22560,5890,6500,7650,6650,6140,7450,23270,13880,7370,21910,20890,6130,9170,8790,6730,5930,6030,33230,7000,6350
2018_06,10時,16870,21850,5660,6130,7400,6430,6030,7070,20780,13790,8140,20980,19800,5720,8580,8260,6530,6070,5600,29900,7100,7430
2018_06,11時,16050,21820,5330,5950,7350,6390,6000,6810,19520,13430,8750,19950,19330,5390,8270,8030,6520,5780,5270,27880,6640,8140
2018_06,12時,16300,21800,5260,5980,7500,6500,5910,6920,18970,13820,8990,19640,18860,5140,8280,7790,6550,5670,5050,26450,6640,8680
2018_06,13時,16550,21880,5380,6440,7580,6630,5680,6700,18770,14230,9090,19800,18700,5380,7790,7970,6350,5870,5120,25770,6930,9230
2018_06,14時,16730,21490,5300,6540,7560,6500,5680,6630,18880,14130,8940,19380,18060,5090,7570,7850,6190,5590,5120,25070,6810,8800
2018_06,15時,16460,21530,5010,6600,7450,6490,5650,6780,19170,13750,8780,19450,18260,4950,7810,7790,6170,5550,5420,25590,6740,8680
2018_06,16時,16570,21970,5000,6670,7490,6460,5600,7330,19850,13590,8850,19940,18310,4490,8280,7870,6350,5600,5640,26630,6750,8280
2018_06,17時,16580,21690,4880,6390,7570,6540,5730,7160,21610,12580,7970,20610,18760,5060,8300,8150,6540,5520,5790,28710,6510,7700
2018_06,18時,17490,20740,5050,6490,7680,6320,5790,6890,25460,9410,7220,21150,19390,5420,8400,8470,6530,5700,5990,30690,6050,7460
2018_06,19時,19560,21260,5560,7030,8280,6620,6110,7220,30070,7750,6940,22010,19650,5800,8490,8620,6490,5810,6410,32850,5510,6960
2018_06,20時,20940,21370,6040,7740,8750,6680,6040,7040,33560,6510,6290,22530,20220,6070,8720,8870,6500,5950,6610,34900,5160,6460
2018_06,21時,22360,21640,6770,8510,8990,6730,6110,6870,37110,5940,5190,22930,20290,6220,8770,9100,6440,6070,6600,36830,4830,5420
2018_06,22時,23090,21770,6910,8810,9250,6750,6240,6880,39520,5490,4220,22970,20870,6330,9080,9190,6460,6020,6750,38460,4920,4560
2018_06,23時,22820,21440,6900,8750,9040,6660,6140,6750,40160,5180,3290,22490,20380,6100,9070,8890,6360,5920,6500,38590,4680,3600
2018_06,24時,23240,20840,6830,8890,8930,6620,6030,6740,41450,4800,2210,22660,20340,6860,8830,8690,6280,5850,6470,40050,4410,2630
2018_06,25時,23450,21140,6810,9060,9070,6730,6060,6830,42020,4790,2190,22820,20720,7040,8910,8770,6310,5880,6610,40470,4410,2770
2018_06,26時,23280,21060,6910,8960,9050,6700,6040,6670,42010,4760,1990,22650,20400,7020,8750,8700,6360,5850,6350,40240,4390,2520
2018_06,27時,23290,20980,6930,8900,9020,6740,6050,6620,42010,4780,1890,22630,20490,7030,8700,8710,6420,5850,6390,40390,4420,2450
2018_06,28時,23430,21000,7050,8940,9030,6710,6070,6600,42020,4810,2030,22680,20320,7010,8630,8720,6410,5820,6390,40340,4450,2360
2018_07,5時,25000,23330,7970,9130,10090,7440,6150,7520,45970,4640,2060,22910,21650,7110,8520,9510,6820,5750,6830,42100,4050,2230
2018_07,6時,23560,22760,7710,8760,9500,7140,5860,7320,42650,4760,2930,21970,21790,7120,8440,9340,6640,5460,6730,40690,3960,2710
2018_07,7時,21750,23490,7380,8340,8980,7190,5890,7450,38040,7110,4330,21820,21990,7030,8600,9170,6740,5490,6750,39290,5000,3250
2018_07,8時,18610,22920,5980,6830,8330,7170,5640,7550,28410,11270,5910,21650,21900,6720,8530,9350,6920,5540,6460,36710,5840,4520
2018_07,9時,17040,22180,5980,5890,7530,6650,5740,7410,23030,12830,7160,21360,21400,6420,8490,9070,6870,5480,6420,33420,6430,6220
2018_07,10時,16210,21580,5970,5560,7210,6530,5660,6840,20500,12740,8080,20540,20840,6220,8190,8600,6640,5670,6030,30710,6430,7460
2018_07,11時,15770,21940,6180,5450,7190,6430,5630,6810,19280,12620,9070,20100,20880,6140,7960,8460,6510,5570,6310,28990,6250,8740
2018_07,12時,15980,21560,5710,5460,7370,6500,5530,6940,18320,12800,9360,20060,20820,5800,7960,8400,6600,5490,6620,28000,6320,9400
2018_07,13時,16350,21430,5630,5760,7490,6550,5400,6930,17940,13200,9580,19470,20320,5680,7710,8290,6500,5470,6120,26730,6250,9540
2018_07,14時,16160,21440,5520,5910,7510,6570,5420,6640,17960,13130,9470,19150,20380,5570,7460,8320,6360,5530,6270,26340,6090,9790
2018_07,15時,16130,21510,5260,6140,7460,6480,5400,6880,18330,12740,9550,18940,20330,5090,7470,8300,6350,5360,6690,26540,5850,9480
2018_07,16時,16230,21040,5150,5900,7350,6470,5510,6870,19080,12470,8850,19560,20180,5180,7450,8460,6560,5260,6820,27480,5860,9140
2018_07,17時,16310,21000,5020,5670,7480,6530,5550,7040,20960,11600,7900,20040,20340,5520,7440,8630,6700,5300,6770,29140,5570,8470
2018_07,18時,17030,20970,5330,5690,7820,6380,5790,6970,25150,8810,7240,20370,20400,5450,7610,8680,6620,5420,6960,31150,5140,7430
2018_07,19時,19150,21220,5650,6350,8480,6640,5980,7250,29830,6890,6930,21160,20760,6140,7790,8820,6520,5430,7200,33340,4620,7040
2018_07,20時,20360,21600,6060,7130,9000,6740,5960,7050,33440,5980,6030,21410,21040,6480,8070,8890,6490,5520,6980,34810,4310,6430
2018_07,21時,21570,21610,6520,7610,9200,6850,5930,7050,36730,5240,4880,22090,20860,6520,8350,9130,6560,5600,6770,36510,4130,5520
2018_07,22時,22480,21980,6880,8260,9450,6840,5910,7110,39570,5070,3780,22440,20880,6730,8620,9070,6580,5590,6700,38300,4060,4320
2018_07,23時,22210,21670,6850,8160,9240,6770,5790,7050,40380,4610,2840,21910,20620,6630,8530,8850,6440,5500,6560,38650,3940,3390
2018_07,24時,22970,21010,7270,8400,9130,6810,5710,6630,41790,4050,1970,22110,20390,6510,8520,8900,6390,5520,6640,39960,3810,2300
2018_07,25時,23220,21330,7560,8480,9270,6880,5680,6650,42490,4140,1860,22360,20680,6710,8600,9030,6440,5540,6700,40540,3820,2280
2018_07,26時,23100,21290,7600,8410,9230,6830,5670,6630,42710,4170,1500,22300,20770,6840,8560,8970,6500,5490,6690,40700,3840,2170
2018_07,27時,23160,21240,7600,8420,9250,6860,5650,6590,42690,4190,1520,22390,20900,6980,8550,8940,6500,5550,6740,40900,3890,2160
2018_07,28時,23240,21220,7590,8420,9270,6880,5690,6590,42780,4220,1500,22410,20770,6950,8520,8950,6510,5560,6660,40830,3900,2140
2018_08,5時,24040,21710,7650,8540,9560,6980,5880,7140,43150,4410,2260,22380,20290,6860,7630,8970,6510,5800,6880,40110,3980,2310
2018_08,6時,22490,21570,7200,8390,9130,6720,5690,6910,40410,4790,2900,21310,19890,6550,7580,8870,6330,5300,6560,38100,4050,2700
2018_08,7時,20900,21690,6690,7740,8620,6750,5820,6960,35760,6440,4160,20750,20500,6530,7500,8720,6520,5520,6440,36770,4500,3490
2018_08,8時,18820,21420,6050,6490,8210,6870,5770,6830,27840,10520,5600,20570,20500,5880,7590,8960,6690,5500,6440,34220,5310,4940
2018_08,9時,17380,20920,5840,5760,7430,6540,5950,6760,23140,11610,7110,20390,19790,5610,7630,8690,6480,5430,6320,31470,5620,6230
2018_08,10時,16580,20470,5700,5380,7070,6380,5870,6640,20760,11440,8150,19620,19700,5730,7150,8340,6260,5720,6100,29010,5650,7660
2018_08,11時,16230,20250,5530,5240,7060,6240,5810,6590,19390,11310,9040,19230,19450,5380,7120,8100,6310,5600,6160,27380,5500,8670
2018_08,12時,16550,20260,5440,5430,7200,6350,5780,6590,18960,11670,9270,18810,18870,4800,7210,7920,6400,5400,5930,25420,5600,9330
2018_08,13時,16580,19830,5370,5720,7020,6370,5490,6430,18480,11850,9040,18490,18590,4800,7320,7700,6360,5350,5530,24640,5630,9430
2018_08,14時,16170,19680,5200,5570,7060,6240,5430,6340,18490,11660,8650,18350,17680,4650,6940,7610,6150,5100,5550,23800,5380,9300
2018_08,15時,16010,20200,5150,5800,7050,6350,5260,6580,18950,11280,8930,18080,18110,4790,6640,7610,6040,5280,5810,24660,5180,8750
2018_08,16時,16030,20080,5060,5610,6950,6360,5390,6720,19590,10930,8550,18330,18120,4620,6910,7740,6010,5280,5870,25480,5340,8200
2018_08,17時,16510,20260,5280,5540,7190,6350,5520,6880,21480,10500,7940,18830,18170,4660,6950,7760,6090,5390,6120,26740,4990,7880
2018_08,18時,17460,20500,5710,5680,7430,6220,5610,7310,25510,8300,7430,19460,18310,5010,6900,7950,6180,5390,6320,28720,4550,7120
2018_08,19時,18980,20690,6170,6060,8150,6400,5720,7140,29640,6450,6870,20080,18900,5670,6910,7990,6100,5360,6920,30700,4180,6970
2018_08,20時,20260,20910,6740,6890,8480,6390,5660,7010,32820,5430,6290,20540,19220,6090,7210,8160,6170,5400,6710,32630,4180,5970
2018_08,21時,21610,20910,7280,7390,8760,6390,5700,6980,35810,4880,5370,21290,19380,6720,7150,8480,6140,5420,6740,34700,3960,5060
2018_08,22時,22200,21090,7490,7920,8800,6480,5650,6920,38000,4540,4410,21710,19410,6710,7480,8640,6080,5400,6780,36370,4060,4070
2018_08,23時,21930,20680,7330,8000,8610,6390,5530,6720,38610,4230,3410,21080,19150,6610,7420,8420,5960,5330,6470,36620,3880,3110
2018_08,24時,22680,19910,7340,8060,8720,6450,5440,6560,40040,3970,2270,21370,18520,6630,7340,8510,5930,5150,6310,37450,3470,2200
2018_08,25時,22970,20230,7420,8240,8880,6530,5470,6640,40700,4020,2230,21610,18740,6780,7440,8610,6040,5160,6310,38000,3470,2140
2018_08,26時,22820,20240,7350,8210,8870,6510,5450,6660,40800,3950,2030,21490,18700,6660,7420,8520,6040,5170,6370,38120,3520,1850
2018_08,27時,22860,20160,7320,8200,8840,6530,5440,6670,40780,3940,2020,21400,18710,6520,7440,8530,6030,5190,6390,38130,3530,1770
2018_08,28時,22890,20160,7310,8190,8820,6530,5500,6690,40830,3970,1990,21450,18640,6520,7390,8510,6010,5240,6400,38100,3580,1770
2018_09,5時,23270,22910,7550,9190,9470,6820,5820,7300,43530,4130,2040,21880,20690,6470,8720,8940,6440,5540,6440,39780,3480,2510
2018_09,6時,21550,22890,7020,8840,9110,6540,5790,7130,40960,4560,2430,21280,20710,6210,8600,8770,6370,5550,6470,38950,3560,2560
2018_09,7時,19690,23070,6810,8130,8460,6430,5930,6980,36130,6890,3340,20870,21070,6420,8340,8630,6550,5630,6350,37920,4550,2920
2018_09,8時,17290,22510,6000,6400,8030,6620,6070,6650,27440,10870,4790,20550,20610,6020,8160,8520,6550,5700,6190,35110,4870,4100
2018_09,9時,15120,21930,5810,5380,7210,6200,5970,6460,21710,12130,6270,19840,20030,5830,8210,8160,6390,5300,5960,32170,5300,5240
2018_09,10時,14180,21230,5750,5060,6940,5920,5910,5830,19430,12040,6740,18640,18920,5700,7660,7680,5910,5210,5380,29130,5110,5840
2018_09,11時,13610,20600,5620,4690,6810,5770,5610,5690,17940,11980,7010,17670,18490,5360,7240,7370,5730,5150,5280,26940,5090,6530
2018_09,12時,13950,20420,5460,4900,6800,5940,5490,5760,17440,12380,7050,17560,18270,5040,7260,7140,5750,5000,5620,26020,5400,6920
2018_09,13時,14400,20290,5400,5280,6860,5990,5420,5720,17020,12830,7310,17070,17420,4820,7080,6880,5680,4870,5140,24900,5260,6550
2018_09,14時,14560,19650,4800,5460,6850,5920,5470,5690,17330,12670,6660,16740,16860,4570,6740,6840,5600,4810,5020,24340,5220,6290
2018_09,15時,14410,19730,4610,5360,6980,5980,5400,5790,17920,12270,6490,16740,17180,4640,6480,6900,5630,4690,5570,24760,5110,6370
2018_09,16時,14300,19360,4470,5340,6800,5940,5340,5750,18390,11880,5950,17410,17490,4620,6710,7000,5790,4770,5990,25660,5110,6440
2018_09,17時,14580,19400,4310,5490,6830,5880,5420,6040,20050,11030,5500,18450,17950,4930,6900,7210,5900,4960,6490,27780,4800,6160
2018_09,18時,15420,20040,4690,5550,6990,5740,5570,6890,24680,8170,5310,19270,18480,5540,7050,7550,5900,5260,6440,30100,4380,5620
2018_09,19時,17300,20990,5440,6250,7710,6010,5730,7130,29500,6200,5300,20300,19180,6180,7580,7890,6110,5400,6310,32510,4350,5300
2018_09,20時,18930,21160,5870,7000,8260,6180,5730,7030,32760,5150,4930,20950,20200,6560,8080,8170,6200,5550,6570,34730,4000,5160
2018_09,21時,20930,21780,6940,7820,8690,6360,5820,7060,36800,4580,4370,21670,20400,6750,8340,8350,6340,5630,6640,36620,3730,4510
2018_09,22時,22020,22040,7100,8450,9010,6540,5870,7080,39250,4290,3690,22010,20610,6620,8600,8640,6350,5630,6760,38170,3460,3880
2018_09,23時,20680,20850,6650,8000,8380,6150,5540,6800,38180,3830,2550,20780,19480,6140,8190,8110,5990,5330,6490,36870,3270,2930
2018_09,24時,22060,20470,6700,8780,8710,6320,5400,6600,40580,3640,1550,21350,19680,6390,8440,8330,6030,5440,6380,38610,3180,2150
2018_09,25時,22840,21360,6960,9180,9170,6630,5540,6710,42000,3770,1770,22060,20450,6580,8780,8740,6250,5570,6570,39920,3370,2280
2018_09,26時,22740,21310,6970,9130,9120,6540,5530,6730,41900,3740,1700,21860,20480,6500,8700,8760,6210,5570,6590,39980,3320,2080
2018_09,27時,22670,21230,6940,9090,9140,6520,5520,6680,41860,3760,1590,21910,20410,6530,8630,8720,6290,5550,6590,39960,3340,2050
2018_09,28時,22630,21240,6920,9050,9080,6560,5510,6720,41880,3780,1530,21930,20420,6550,8640,8680,6310,5540,6600,39920,3380,2090
2018_10,5時,24870,23730,7680,9580,9990,7300,6550,7490,45850,3480,2490,23740,22340,7600,8830,9390,6910,6280,7050,42870,2970,3030
2018_10,6時,23470,23650,7530,9240,9570,7060,6370,7330,43020,4160,3170,22710,22160,7310,8680,9310,6730,5820,6990,41290,3110,3190
2018_10,7時,22200,24260,7250,9030,9330,6960,6560,7310,38500,6290,4770,22580,22140,7170,8680,9040,6870,6070,6860,39550,3930,3950
2018_10,8時,19940,23010,5920,7240,8980,7280,6680,6830,29160,10850,6230,22770,22240,7350,8420,9100,7070,6260,6780,37400,4860,5380
2018_10,9時,17470,22210,5080,6180,7890,6740,6880,6890,23280,11750,7570,21770,21490,6950,8220,8630,6910,6080,6450,33900,5150,6720
2018_10,10時,16370,21430,4950,5710,7520,6440,6670,6490,20600,11530,8350,20630,21330,7100,7910,8200,6480,6090,6170,31600,4970,7660
2018_10,11時,15440,21140,4690,5480,7450,6310,6450,6180,19040,11350,8830,19410,20200,6050,7600,7850,6130,5960,5990,28370,4820,8550
2018_10,12時,16040,21120,4780,5820,7670,6370,6400,6110,18630,12000,9090,19580,19880,5930,7700,7760,6370,5790,5900,27220,4870,9420
2018_10,13時,16260,20760,4660,6060,7610,6420,6200,6060,18150,12390,8970,19230,19160,5630,7660,7630,6390,5600,5470,26210,4930,9260
2018_10,14時,15950,20120,4180,5940,7530,6260,6090,6070,18160,12090,8270,18790,19110,5620,7310,7660,6220,5640,5430,26040,4820,8970
2018_10,15時,16120,20580,4340,6050,7640,6230,6100,6320,18870,11830,8560,18730,19430,5870,7170,7730,6040,5620,5730,26560,4560,8960
2018_10,16時,16670,20370,4300,6270,7660,6220,6110,6450,19800,11720,8140,19040,19230,5390,7410,7850,6130,5410,6060,27320,4580,8310
2018_10,17時,16950,20780,4200,6270,7890,6280,6340,6730,21850,11080,7470,19980,19860,5650,7640,8030,6480,5460,6580,29640,4580,7750
2018_10,18時,18230,21440,5540,6310,7810,6320,6360,7300,26690,8380,7290,20740,20370,6420,7500,8100,6400,5730,6940,31870,4230,7310
2018_10,19時,19730,22310,6060,7030,8390,6630,6510,7410,31220,6420,7080,22090,21400,7540,7780,8410,6600,5910,7240,34710,3880,7270
2018_10,20時,20880,22310,6320,7680,8710,6770,6470,7220,34390,5090,6350,23060,21700,7730,8470,8710,6670,6050,7100,36660,3560,6840
2018_10,21時,22470,22440,7080,8170,9040,6840,6540,7220,38090,4280,5350,23250,21500,7610,8640,8850,6690,6130,6800,38510,3300,5430
2018_10,22時,23180,23020,7570,8800,9300,6910,6410,7190,40730,3900,4460,23480,21690,7670,8900,9000,6720,6000,6860,40220,3190,4350
2018_10,23時,22720,22460,7020,8820,9120,6900,6260,7050,41270,3450,3370,22760,21360,7340,8720,8800,6530,5890,6800,40250,3050,3480
2018_10,24時,23570,21620,7210,9220,9170,6850,6080,6640,42690,3140,2230,22580,20900,7060,8480,9050,6280,5870,6720,41160,2710,2180
2018_10,25時,23870,21830,7230,9410,9270,6950,6110,6710,43240,3160,2220,22870,21060,7110,8620,9130,6380,5940,6740,41630,2830,2150
2018_10,26時,23690,21820,7190,9330,9290,6910,6080,6700,43330,3160,1970,22830,21040,7110,8630,9130,6400,5930,6650,41700,2780,2030
2018_10,27時,23790,21760,7250,9260,9280,6950,6090,6700,43330,3150,2010,22880,21020,7040,8640,9130,6470,5910,6670,41740,2810,1990
2018_10,28時,23740,21780,7220,9220,9260,6960,6120,6730,43290,3160,2010,22970,20940,7060,8600,9120,6520,5880,6710,41800,2840,1950
2018_11,5時,24520,24840,9200,8970,9800,7470,6580,7330,46610,3900,2440,22940,21870,7340,8310,9150,6950,6100,6930,41920,3400,2700
2018_11,6時,23520,24570,8720,8970,9380,7310,6480,7210,43850,4440,3300,22250,22040,7320,8120,8980,6900,6060,6890,40700,3640,3140
2018_11,7時,22060,25020,7880,8800,9320,7180,6810,7070,39130,6590,4810,22100,22410,7520,8150,8910,6910,6240,6770,39400,4350,3800
2018_11,8時,20010,23800,6570,7190,9290,7330,6650,6760,30030,11110,6060,21690,22290,6930,7910,9000,7130,6200,6790,36190,5310,5330
2018_11,9時,17510,22680,5680,6270,8110,6750,6710,6660,23820,12010,7190,20990,21500,6300,7870,8790,6820,6130,6570,32830,5600,6470
2018_11,10時,16420,21840,5280,5960,7840,6460,6450,6250,21340,11730,7760,20020,21040,6260,7630,8390,6520,6050,6200,30340,5500,7460
2018_11,11時,15720,21240,4940,5730,7630,6340,6410,5890,19460,11660,8260,19410,20410,5960,7170,8050,6420,6140,6060,27800,5210,8830
2018_11,12時,16230,20930,4820,5890,7750,6440,6220,6020,18920,12430,8340,18880,19770,5080,7150,7830,6370,6050,6140,25990,5570,9250
2018_11,13時,16410,20700,4830,6070,7730,6490,5990,5970,18650,12570,8430,18960,19370,5310,7120,7590,6290,5700,6290,25290,5730,9500
2018_11,14時,16270,20460,5030,5890,7600,6390,5860,5960,18630,12250,8390,18750,19250,5670,6920,7430,6210,5570,6190,25230,5600,9340
2018_11,15時,16470,20810,5360,5920,7660,6330,5840,6160,19280,11980,8580,19060,19890,5800,7060,7550,6290,5530,6690,26270,5360,9490
2018_11,16時,16850,20930,5290,6030,7830,6350,5890,6370,20300,11750,8320,19530,20340,5870,7250,7640,6450,5530,7110,27340,5580,9290
2018_11,17時,17190,21360,5310,6090,8090,6440,6080,6520,22370,11400,7530,19900,21080,6230,7140,8130,6660,5570,7240,29580,5480,8410
2018_11,18時,18410,22560,6810,6370,7900,6570,6220,7090,27830,8870,7230,20750,21030,6260,7180,8390,6770,5930,7230,32290,5150,7060
2018_11,19時,19740,23290,7300,7010,8300,6770,6350,7280,32390,6670,6930,21460,21080,6510,7420,8570,6900,6190,6930,34040,4630,6670
2018_11,20時,20590,23270,7580,7310,8620,6940,6280,7110,35380,5430,6090,21660,21400,6740,7540,8640,6920,6260,6950,35560,4200,6120
2018_11,21時,21940,23750,8570,7660,9050,7010,6370,7020,39180,4650,4950,21990,21600,7170,7700,8560,6960,6290,6890,37660,3900,4950
2018_11,22時,22850,24090,8870,8300,9300,7100,6300,7040,41890,4100,4130,22100,21700,6960,8040,8700,7040,6150,6910,39290,3770,3820
2018_11,23時,22470,23570,8550,8210,9150,7060,6200,6850,42400,3690,3100,21790,21270,6670,7890,8610,6840,6120,6910,39660,3450,3020
2018_11,24時,23290,22490,8110,8600,9170,7040,6070,6770,43550,3450,1970,21930,20740,6920,7840,8650,6710,6010,6520,40250,3250,2270
2018_11,25時,23530,22680,8190,8690,9300,7100,6090,6820,44040,3480,1930,22070,20950,6920,7930,8730,6800,6030,6590,40650,3290,2230
2018_11,26時,23340,22690,8050,8640,9330,7070,6130,6800,44080,3480,1720,21950,20950,6840,7930,8780,6750,6020,6560,40680,3270,2110
2018_11,27時,23400,22640,8060,8600,9310,7110,6130,6820,44110,3500,1700,22040,20930,6870,7960,8810,6770,6030,6520,40720,3290,2130
2018_11,28時,23420,22550,8090,8520,9240,7130,6140,6830,44020,3490,1720,22120,20910,6870,7960,8790,6790,6050,6550,40780,3310,2110
2018_12,5時,24290,25300,9030,9060,10170,7390,6910,7010,46550,2970,2650,23160,23990,9000,8550,9410,6970,6380,6820,43780,2710,3070
2018_12,6時,23300,25240,8940,8890,9630,7250,6890,6930,44160,3190,3540,22480,23440,8670,8380,8980,6930,6220,6720,42090,2800,3350
2018_12,7時,21780,25320,8560,8130,9300,7160,7120,6810,39650,4860,4890,22270,23600,8510,8040,9010,7010,6590,6690,40440,3500,4260
2018_12,8時,19880,23750,7040,6640,9060,7200,6910,6780,30900,8680,6460,22160,23370,8060,8050,9270,7240,6480,6410,38090,4480,5280
2018_12,9時,17570,23170,6180,6250,7860,6630,7030,6770,25370,9900,7620,21850,23340,8180,8260,8760,7090,6350,6540,35880,5040,6500
2018_12,10時,16340,21960,5230,5770,7310,6310,6900,6750,22460,9730,8140,20560,22510,7530,7940,8230,6740,6090,6500,32940,4900,7260
2018_12,11時,15610,21610,5010,5860,7180,6100,6620,6430,20880,9760,8600,19840,21780,7160,7640,7990,6520,5920,6370,30310,4690,8480
2018_12,12時,16000,21090,4800,6040,7360,6330,6390,6170,19880,10200,8980,19830,21900,7420,7450,7880,6600,5750,6610,29060,4840,9650
2018_12,13時,16010,20720,4760,6260,7330,6240,6070,6050,19460,10300,8870,19360,21630,7230,7350,7780,6630,5430,6560,27990,4950,9710
2018_12,14時,15810,20640,4860,6070,7190,6140,6090,6080,19470,10060,8780,19090,21520,7460,7220,7720,6400,5400,6390,27610,4810,9770
2018_12,15時,15710,20900,5170,5940,7320,6120,6090,5950,19970,9710,8770,19060,21640,7430,7220,7700,6420,5470,6440,28150,4610,9490
2018_12,16時,16280,21090,5240,5960,7500,6190,6290,6170,21340,9750,8180,19280,21410,7130,6970,7920,6510,5540,6600,28720,4660,8980
2018_12,17時,16800,21430,5650,6090,7590,6320,6420,6170,23390,9280,7480,19910,21560,7280,6980,8220,6710,5590,6670,30530,4550,8200
2018_12,18時,17840,22270,6710,6380,7650,6380,6330,6650,27810,7220,7120,20760,22090,7890,7160,8290,6660,5860,6970,32790,4180,7870
2018_12,19時,19080,23210,7200,6870,8170,6540,6550,6940,31880,5540,6950,21270,23100,8640,7420,8440,6690,6060,7100,34560,3720,8110
2018_12,20時,20010,23590,7670,7150,8520,6690,6510,7030,34790,4470,6420,21930,23340,9080,7580,8600,6670,6220,7100,36190,3530,7670
2018_12,21時,21310,23900,8180,7500,9010,6810,6720,6970,38260,3830,5280,21990,23770,9450,7630,8660,6590,6260,7150,38050,3190,6700
2018_12,22時,22230,24270,8590,8150,9190,6930,6630,7000,41050,3160,4500,22010,23550,9110,7790,8740,6690,6260,6940,39550,2940,5250
2018_12,23時,22050,23700,8160,8220,9040,6900,6550,6860,41770,2800,3410,21630,22830,8710,7640,8570,6600,6090,6810,39940,2730,4000
2018_12,24時,22650,23060,8310,8610,9080,6820,6350,6530,42930,2610,2430,21540,22220,7860,7860,8770,6610,6070,6580,40810,2410,2680
2018_12,25時,23070,23270,8370,8780,9290,6900,6370,6610,43560,2610,2440,21860,22360,7920,7980,8900,6690,6110,6610,41310,2400,2660
2018_12,26時,22870,23340,8350,8750,9250,6850,6360,6640,43670,2580,2220,21650,22500,7950,7890,8920,6640,6120,6610,41410,2360,2510
2018_12,27時,22840,23210,8290,8650,9270,6860,6350,6620,43530,2610,2170,21720,22500,8010,7840,8890,6660,6170,6640,41440,2380,2530
2018_12,28時,22800,23160,8290,8600,9230,6880,6360,6590,43490,2620,2110,21760,22470,7990,7860,8870,6700,6180,6610,41450,2390,2540
2019_01,5時,23520,21490,8160,8360,9300,6810,5840,6540,42340,2650,2080,21750,20210,6970,7860,8880,6670,5590,5970,39410,2170,2230
2019_01,6時,22590,21640,8010,8220,8800,6790,5800,6580,40440,3070,2730,21430,19850,7190,7700,8380,6640,5350,6010,38300,2220,2570
2019_01,7時,21320,21780,7570,7750,8580,6720,5950,6500,36370,4570,4130,21310,19900,6940,7730,8280,6700,5540,6000,36920,2820,3310
2019_01,8時,19140,20970,6270,6450,8510,6740,5880,6240,28680,7950,5640,20880,19500,6290,7480,8390,6720,5580,5900,34170,3580,4440
2019_01,9時,16840,19810,5200,5730,7390,6200,5940,6170,23250,8990,6350,20400,19210,6080,7600,8100,6400,5480,5930,32060,4060,5290
2019_01,10時,16000,19070,4920,5370,6940,5930,5900,6000,20760,8920,7120,19480,18630,5490,7230,7730,6100,5470,6080,29440,3970,6340
2019_01,11時,15280,18640,4840,5200,6850,5680,5740,5590,19260,8720,7650,18810,18060,5390,7040,7540,5850,5350,5680,27410,3800,7180
2019_01,12時,15520,18770,4900,5290,6970,5750,5660,5710,18820,9230,7910,18610,17940,5030,7150,7460,5870,5180,5830,26200,4120,7740
2019_01,13時,15350,18360,4550,5490,7010,5720,5280,5650,18190,9260,7860,18080,17270,4590,7100,7300,5810,5000,5530,24750,4020,7980
2019_01,14時,15170,18220,4680,5260,6920,5590,5240,5690,18020,9170,7730,17840,17180,4850,6940,7140,5770,4940,5360,24420,3850,8030
2019_01,15時,15120,18220,4800,5150,6890,5620,5220,5640,18390,8790,7670,17740,17870,5040,6930,7180,5850,4980,5620,25140,3820,7950
2019_01,16時,15480,18180,4890,5070,7020,5730,5140,5790,19300,8740,7170,18200,17590,4810,6760,7270,6010,5030,5910,25930,3850,7360
2019_01,17時,16150,18340,5080,5250,7120,5870,5140,6020,21410,8210,6480,18680,18150,5060,6950,7390,6260,5070,6080,27950,3670,6600
2019_01,18時,17260,19390,6220,5630,7150,5930,5400,6310,26000,6290,6080,19490,18530,5720,7210,7630,6180,5140,6120,30040,3300,6150
2019_01,19時,18650,20190,6580,6420,7680,6140,5520,6480,29960,4600,6030,19970,18880,6110,7430,7650,6210,5210,6220,31780,2910,5700
2019_01,20時,19880,20300,7100,6800,7970,6380,5510,6410,32900,3720,5290,19990,19210,6250,7560,7890,6220,5160,6090,33190,2630,4900
2019_01,21時,21040,20540,7820,7180,8260,6400,5540,6360,36050,3080,4220,20490,19280,6720,7560,8020,6210,5200,6030,34660,2460,4280
2019_01,22時,21820,20690,7940,7650,8470,6520,5560,6340,38110,2740,3520,20920,18970,6700,7710,8070,6330,5150,5920,35870,2270,3400
2019_01,23時,21460,20380,7650,7580,8390,6460,5480,6270,38540,2620,2550,20610,18650,6510,7510,7960,6250,5150,5860,36020,2200,2690
2019_01,24時,22020,19810,7420,7960,8530,6430,5410,6060,39510,2390,1830,21250,18920,6840,7780,8040,6270,5120,6100,37950,2210,1820
2019_01,25時,22340,20050,7460,8110,8710,6510,5460,6110,40080,2380,1840,21420,19040,6820,7880,8190,6370,5120,6070,38310,2220,1740
2019_01,26時,22200,20040,7490,7980,8720,6490,5480,6070,40130,2380,1650,21360,19090,6880,7760,8180,6350,5120,6130,38480,2200,1590
2019_01,27時,22230,19980,7520,7890,8690,6550,5480,6070,40060,2400,1690,21420,19110,6890,7780,8130,6390,5170,6150,38520,2220,1610
2019_01,28時,22240,19900,7520,7860,8660,6540,5480,6050,40020,2400,1650,21450,19120,6890,7770,8140,6410,5190,6150,38560,2230,1600
2019_02,5時,23230,22470,8250,8330,9390,7220,6180,6310,43440,2770,1830,21980,20340,7250,7680,8910,6820,5900,5740,39900,2390,2150
2019_02,6時,22370,22220,8190,8070,8960,6990,6070,6300,41440,3050,2420,21330,20150,7120,7550,8620,6720,5770,5670,38510,2450,2560
2019_02,7時,20820,22170,7580,7770,8670,6920,5870,6170,36930,4770,3630,20790,20290,6980,7250,8390,6880,5830,5710,37180,2970,2930
2019_02,8時,18200,22260,6800,6600,8620,6730,5810,5900,28750,9330,5000,20490,20470,6670,7290,8600,7030,5770,5580,34810,3980,4150
2019_02,9時,15820,21900,6220,5950,7460,6300,5890,5890,23380,10460,6220,19830,20460,6320,7590,8220,6760,5740,5630,32450,4440,5360
2019_02,10時,15110,21090,5730,5590,7060,6090,5830,5880,21020,10180,6950,18820,19920,5960,7170,7720,6480,5800,5590,29920,4270,6290
2019_02,11時,14510,20780,5570,5450,6910,5810,5690,5840,19400,10150,7650,18360,19350,5930,6900,7580,6310,5560,5410,27570,4150,7570
2019_02,12時,14860,20760,5570,5510,7110,5950,5490,5980,18880,10570,8090,18140,18290,4970,6700,7800,6310,5270,5360,25750,4380,7890
2019_02,13時,14850,20360,5350,5660,7060,5950,5180,5990,18290,10590,8260,17610,18560,4970,6760,7560,6320,5170,5370,24940,4280,8460
2019_02,14時,14380,20020,5220,5520,6930,5820,5150,5740,18090,10390,7830,17260,17980,4810,6490,7230,6020,5180,5490,24250,4010,8300
2019_02,15時,14450,20270,5480,5360,7040,5850,5160,5810,18750,10190,7680,17490,18070,4820,6580,7330,5940,5090,5790,25170,3930,7810
2019_02,16時,14760,19980,5430,5230,7220,5890,5150,5790,19450,10000,7220,17630,18190,4660,6730,7390,6160,5120,5740,25880,3920,7410
2019_02,17時,15310,20130,5340,5210,7560,6000,5390,5920,21270,9310,6770,17800,18870,5190,6640,7640,6260,5230,5700,27970,3700,6470
2019_02,18時,16500,20380,5920,5360,7410,6070,5600,6490,25770,6770,6320,18720,19220,5640,6830,7810,6390,5360,5890,30430,3180,5920
2019_02,19時,17760,20900,6160,6020,7760,6410,5740,6560,29790,5070,5760,19190,19500,6080,6670,8000,6460,5440,6020,32100,2760,5480
2019_02,20時,18990,21150,6630,6680,8100,6540,5790,6380,32850,4220,5050,19650,19920,6420,6990,8130,6470,5510,6050,33780,2550,4890
2019_02,21時,20300,21460,7520,6990,8450,6590,5980,6210,36210,3380,4250,20180,20100,7240,6930,8190,6450,5610,5840,35810,2280,3910
2019_02,22時,21130,21250,7620,7270,8630,6790,5940,6100,38240,2750,3490,20320,20140,7230,7040,8370,6530,5440,5830,36860,2170,3300
2019_02,23時,20810,20890,7340,7340,8520,6720,5840,5930,38830,2500,2460,20090,19840,7270,6930,8250,6370,5320,5760,37110,2070,2590
2019_02,24時,21870,20210,7300,7910,8580,6760,5680,5850,40150,2390,1690,20850,20050,7400,7350,8490,6480,5480,5680,38900,2150,1860
2019_02,25時,22040,20330,7290,8020,8680,6770,5690,5900,40500,2400,1610,21060,20120,7420,7340,8610,6520,5520,5750,39220,2180,1810
2019_02,26時,22020,20340,7310,7940,8720,6760,5710,5890,40640,2440,1450,20960,20060,7420,7310,8570,6480,5520,5690,39270,2200,1610
2019_02,27時,22060,20270,7310,7820,8720,6840,5710,5910,40670,2490,1380,21000,20090,7450,7260,8590,6560,5510,5710,39340,2240,1580
2019_02,28時,22100,20220,7320,7820,8700,6840,5690,5920,40720,2490,1320,21100,20150,7420,7280,8540,6610,5580,5790,39410,2280,1650
2019_03,5時,24100,23190,8920,8840,9690,7230,6040,6540,45040,3140,1850,22790,22260,8740,8230,9010,7160,5690,6190,42230,2850,2570
2019_03,6時,23050,23030,8730,8540,9150,7070,5980,6600,42840,3350,2450,22000,22260,8750,8040,8670,7030,5640,6120,41040,2810,2880
2019_03,7時,21470,22780,8380,7770,8800,6940,6010,6330,38240,4530,3960,21460,22450,8730,7860,8560,6960,5740,6030,39550,3220,3580
2019_03,8時,18780,22580,7160,6620,8920,6500,6070,6070,29760,9180,5250,20940,21730,8070,7670,8520,7010,5670,5710,36340,4150,4600
2019_03,9時,16600,21790,6520,5860,7540,6200,6000,6270,24330,10400,6200,20920,21440,7780,7740,8330,6860,5740,5890,34110,4580,5970
2019_03,10時,15560,21360,6300,5450,7170,5930,5830,6220,21650,10240,7260,20020,20440,7130,7410,7830,6590,5700,5790,31380,4520,6680
2019_03,11時,14810,20600,5820,5390,7120,5690,5560,5810,19760,10210,7590,19040,19830,6610,7280,7410,6360,5470,5720,28800,4410,7560
2019_03,12時,15220,20540,5800,5540,7080,5800,5420,6110,19290,10570,8040,18810,19650,6330,7300,7340,6230,5360,5860,27670,4630,8020
2019_03,13時,15360,20640,5770,5770,7160,5810,5300,6160,18910,10650,8530,18790,19000,5910,7250,7340,6160,5180,5940,26630,4440,8520
2019_03,14時,15180,20490,5710,5750,7060,5710,5350,6070,18610,10420,8690,18140,18640,6130,6970,7110,5900,5040,5600,25860,4190,8470
2019_03,15時,15010,21060,6090,5710,7070,5710,5390,6090,19390,10260,8440,18270,18590,5980,7000,7160,5990,5000,5710,26310,4040,8150
2019_03,16時,15220,20760,6060,5510,7360,5730,5340,5970,20010,10030,7970,18600,18680,5760,6920,7350,6060,5230,5950,27550,4040,7310
2019_03,17時,15730,20570,5680,5500,7640,5760,5550,6150,21730,9330,7340,18940,18890,5670,6930,7590,6320,5390,5910,29110,3790,6540
2019_03,18時,16840,21010,6400,5670,7280,6000,5920,6570,25780,7280,6880,19570,19810,6290,7020,7760,6450,5600,6250,31510,3540,6120
2019_03,19時,18220,21750,6770,6640,7790,6230,5840,6670,30180,5530,6370,20130,20020,6720,7060,8040,6480,5610,6220,33190,3410,5580
2019_03,20時,19580,21760,7370,7050,8140,6420,5690,6650,33390,4590,5510,20520,20500,7040,7410,8150,6670,5580,6150,34710,3110,5190
2019_03,21時,20840,22010,8010,7390,8540,6620,5740,6530,36690,3850,4670,20980,21030,7560,7490,8370,6730,5650,6190,36950,2830,4340
2019_03,22時,21930,22070,8310,7850,8790,6850,5650,6530,39120,3400,3920,21230,21280,7830,7640,8470,6830,5550,6180,38480,2700,3550
2019_03,23時,21530,21490,7870,7760,8640,6750,5600,6400,39640,3090,2710,20960,20980,7770,7610,8320,6710,5470,6040,38730,2670,2830
2019_03,24時,21950,21250,7960,8290,8710,6750,5450,6030,40900,2830,1950,21670,20610,7960,7910,8510,6590,5470,5810,40050,2710,1990
2019_03,25時,22280,21460,8030,8460,8820,6820,5470,6120,41490,2810,1920,21940,20780,7910,8000,8700,6670,5510,5910,40510,2710,2000
2019_03,26時,22240,21360,8030,8340,8820,6820,5480,6090,41600,2780,1720,21900,20800,7960,7930,8730,6660,5500,5900,40760,2750,1730
2019_03,27時,22270,21320,8010,8330,8820,6820,5500,6090,41670,2780,1640,21980,20730,7930,7950,8700,6690,5510,5910,40830,2730,1670
2019_03,28時,22330,21250,8010,8260,8830,6830,5560,6070,41700,2780,1600,22040,20760,7950,7960,8690,6710,5530,5940,40890,2720,1720
2019_04,5時,22590,21790,6170,9610,9290,6930,5970,6380,41960,3100,2110,20800,19980,4810,8940,8450,6650,5720,6180,37830,2940,2640
2019_04,6時,22060,21550,6210,9440,8890,6790,5930,6330,39960,3570,2750,20200,20050,4920,8820,8150,6460,5530,6360,36820,3040,2940
2019_04,7時,21530,21400,6220,8980,8590,6850,5860,6410,35700,5550,4470,19800,19930,4840,8640,7960,6490,5600,6170,35410,3550,3380
2019_04,8時,18910,22100,6120,7900,8220,6730,6020,6000,27480,10270,6060,19500,20350,4710,8750,8030,6590,5710,6050,32970,4950,4440
2019_04,9時,16180,20910,5310,6720,7020,6190,5880,5950,21700,11420,6510,19140,20230,4510,8950,7760,6420,5550,6160,30840,5250,5560
2019_04,10時,14890,20000,4470,6320,6550,5860,5730,5930,18900,11470,6860,18570,19250,4380,8370,7540,6250,5350,5920,27970,5410,6730
2019_04,11時,14560,19690,4390,6270,6410,5610,5710,5840,17720,11450,7460,17990,18730,4430,8140,7040,5960,5350,5780,25960,5180,7660
2019_04,12時,14470,19540,4230,6430,6430,5630,5640,5630,17000,11570,7630,17530,18720,4630,7810,6940,5820,5140,5900,24670,5240,8370
2019_04,13時,14660,19680,4380,6520,6460,5760,5500,5700,16580,11710,8190,17280,18510,4840,7650,6750,5740,4990,5810,23820,5050,8830
2019_04,14時,14750,19270,4320,6560,6410,5570,5310,5830,16520,11510,8120,17290,18210,5020,7440,6840,5600,4980,5600,23800,4970,8610
2019_04,15時,14680,19850,4660,6640,6490,5560,5310,5850,17240,11510,7990,17430,18280,4930,7640,6780,5680,4900,5760,24320,4870,8350
2019_04,16時,14980,20060,4680,6680,6640,5790,5390,5850,18390,11090,7750,17580,18060,4470,7580,6830,5820,5040,5880,24890,4720,7830
2019_04,17時,15320,20130,4460,7010,6660,5840,5530,5930,20410,10090,7180,17790,17940,4340,7440,7070,6020,5110,5720,26230,4270,7060
2019_04,18時,16450,20700,5170,7410,6650,6020,5570,6320,24330,8020,7080,18430,18030,4020,7700,7320,6110,5400,5890,27840,3900,6650
2019_04,19時,17670,21410,6060,7700,7230,6130,5480,6460,28420,6240,6760,18870,18400,4550,7690,7420,6180,5450,5960,29570,3650,6180
2019_04,20時,18930,21060,5970,8060,7750,6190,5590,6410,31580,5050,5770,19250,18520,4600,7790,7690,6190,5550,5930,31030,3490,5520
2019_04,21時,19810,20690,5970,8290,7960,6320,5700,6250,34470,3890,4640,19790,18930,5100,8040,7810,6260,5540,5950,33030,3290,4770
2019_04,22時,20850,20760,6130,8750,8340,6500,5640,6230,37010,3330,3830,19860,19360,5160,8290,7980,6320,5470,5980,34490,3150,4040
2019_04,23時,20580,20200,5570,8830,8260,6400,5560,6140,37610,3020,2710,19540,18900,4860,8220,7870,6170,5410,5890,34630,3000,3260
2019_04,24時,21100,19660,5340,9190,8420,6400,5520,5870,38650,2820,1870,19360,18830,4670,8520,7940,6010,5340,5690,35510,2820,2360
2019_04,25時,21310,19840,5380,9330,8500,6450,5540,5930,39110,2780,1840,19730,18830,4710,8590,8010,6080,5380,5780,36020,2790,2300
2019_04,26時,21220,19830,5350,9220,8560,6450,5520,5930,39280,2730,1610,19850,18740,4790,8580,7940,6100,5350,5820,36230,2740,2180
2019_04,27時,21220,19770,5340,9190,8530,6450,5520,5940,39300,2750,1510,19840,18870,4770,8630,8010,6110,5350,5840,36330,2740,2190
2019_04,28時,21300,19760,5390,9160,8550,6460,5530,5950,39330,2790,1520,19830,18830,4700,8560,8050,6110,5370,5860,36270,2780,2160
2019_05,5時,23230,20850,6210,9460,8770,7150,6130,6350,41700,2180,2010,20910,19260,5480,8590,8100,6510,5520,5950,37370,2020,2570
2019_05,6時,22950,20920,6330,9450,8550,7040,6120,6360,40100,2720,2790,20080,19050,5530,8380,7830,6330,5290,5740,35980,2070,2760
2019_05,7時,22430,21120,6580,9180,8500,6940,5920,6420,35510,5230,4610,20130,19420,5670,8580,7780,6430,5240,5850,35220,2630,3400
2019_05,8時,19190,21670,5340,8480,8030,6760,6100,6120,26780,9600,6290,19840,19710,5630,8410,7820,6510,5420,5740,32860,3850,4520
2019_05,9時,16430,21040,4600,7450,6840,6220,5980,6360,21300,10890,7040,19260,19320,5360,8150,7690,6330,5210,5830,30360,4160,5600
2019_05,10時,15210,19700,3700,7150,6440,5840,5820,5940,18260,10550,7460,18320,18730,5110,7680,7310,6050,5030,5860,27420,4040,6960
2019_05,11時,14910,19470,3750,7050,6450,5560,5710,5840,17140,10460,8110,17650,18150,5250,7450,6760,5680,4910,5730,25460,3840,7710
2019_05,12時,14960,19720,3880,7200,6480,5580,5710,5810,16660,10910,8460,17230,17770,5060,7060,6630,5670,4960,5610,24280,3860,7980
2019_05,13時,15100,19410,3900,7350,6370,5630,5530,5710,16510,10860,8480,17040,17520,4980,7170,6450,5550,4870,5520,23660,3700,8230
2019_05,14時,15230,18920,3890,7270,6270,5580,5280,5840,16390,10690,8380,16840,17100,4500,7350,6330,5430,4840,5480,23260,3610,8060
2019_05,15時,15200,19130,4070,7250,6360,5660,5240,5740,16830,10590,8260,17030,16950,4250,7480,6280,5540,4730,5690,23700,3540,7760
2019_05,16時,15340,19730,4080,7290,6580,5800,5400,5900,17930,10460,8050,17200,17100,4450,7240,6480,5660,4970,5470,24340,3620,7390
2019_05,17時,15780,20200,4320,7350,6830,5870,5470,6120,20210,9530,7690,17750,17120,4460,7320,6510,5850,5100,5610,25910,3230,6750
2019_05,18時,16840,20570,5040,7440,6760,6170,5640,6340,24100,7190,7590,18460,17680,4790,7460,6850,6100,5230,5680,27710,2770,6740
2019_05,19時,18590,21050,5920,7820,7300,6380,5660,6540,28750,5440,7050,19170,18160,5050,7760,7240,6220,5360,5690,29780,2470,6300
2019_05,20時,19870,20580,6010,7920,7850,6620,5730,6310,31730,4370,5990,19680,18130,5200,7880,7490,6190,5340,5680,31080,2360,5670
2019_05,21時,20750,20360,6200,8070,7970,6680,5880,6290,34440,3320,5050,20140,18520,5640,8070,7670,6240,5360,5670,32950,2140,4970
2019_05,22時,21860,20180,6140,8670,8160,6920,5880,6260,36970,2780,4020,20510,18440,5720,8230,7720,6270,5320,5670,34340,1980,4090
2019_05,23時,21360,19670,5790,8530,7900,6800,5820,6170,37460,2410,2890,20080,18030,5440,8110,7580,6140,5240,5590,34600,1880,3130
2019_05,24時,21950,19500,5850,9000,8170,6780,5700,5940,39020,2110,1990,20110,18170,5450,8440,7700,6170,5150,5360,35780,1790,2230
2019_05,25時,22180,19570,5770,9130,8310,6800,5750,5970,39410,2090,1930,20210,18290,5480,8450,7770,6190,5170,5420,36030,1790,2220
2019_05,26時,22020,19500,5660,9040,8250,6820,5740,6000,39520,1980,1720,20110,18210,5420,8380,7760,6170,5160,5410,36100,1750,2000
2019_05,27時,22030,19510,5680,9010,8260,6800,5750,6020,39620,1970,1620,20150,18180,5370,8420,7720,6200,5190,5410,36130,1730,2010
2019_05,28時,22080,19420,5660,8940,8280,6780,5760,6050,39720,1990,1490,20190,18120,5380,8380,7700,6210,5190,5430,36140,1750,1950
2019_06,5時,22530,21010,6810,8680,8910,7340,5820,5970,41210,3520,2050,21290,19310,6220,7960,8210,6990,5490,5700,37770,2990,2680
2019_06,6時,21750,20790,6960,8260,8460,7150,5570,6120,38770,4020,2900,20750,19210,6370,7870,7950,6810,5270,5670,36570,3120,3070
2019_06,7時,21580,20780,6850,7990,8630,7240,5500,6130,34240,6660,4910,21010,19310,6400,8110,8000,6760,5290,5750,35370,3910,3840
2019_06,8時,18830,21730,5970,7610,8360,6980,5700,5920,26140,11100,6680,20660,19590,5850,7890,8410,6960,5410,5710,32720,5040,5150
2019_06,9時,16780,20810,5480,6970,7130,6270,5620,6080,21120,12470,7270,20200,19260,5610,7790,8170,6800,5300,5770,30050,5350,6460
2019_06,10時,15510,19710,4570,6620,6650,5900,5520,5920,18250,12200,7570,19980,18620,5670,7590,7830,6480,5270,5740,27870,5410,7670
2019_06,11時,15050,19480,4580,6640,6580,5660,5390,5670,17330,12090,7890,18840,17910,5290,7310,7360,6110,5160,5500,25470,5200,8270
2019_06,12時,15160,19600,4570,6820,6680,5730,5320,5630,16880,12390,8240,18530,17800,5250,6960,7270,6110,5160,5560,24650,5300,8610
2019_06,13時,15070,19590,4600,6820,6620,5730,5250,5620,16610,12420,8370,18220,17680,5260,6890,7100,6070,5020,5530,24200,5190,8650
2019_06,14時,14920,19030,4580,6760,6430,5620,4960,5590,16310,12270,8080,18430,17530,5320,6990,7150,6030,4950,5500,24460,5200,8520
2019_06,15時,14850,19370,4680,6870,6440,5600,4900,5710,16730,12230,8030,18550,17200,5100,7030,7220,6130,4820,5430,24820,4930,7990
2019_06,16時,15040,19780,4780,6840,6600,5840,4920,5820,17910,11990,7730,18690,17530,5030,7040,7350,6200,4960,5630,25280,5000,8030
2019_06,17時,15520,20180,5160,6770,6820,5950,5220,5750,20010,10940,7550,19080,17750,5230,7250,7400,6430,5010,5490,26700,4660,7630
2019_06,18時,16680,20500,5880,6910,6800,6260,5370,5930,24080,8340,7580,19850,17890,5560,7340,7560,6560,5140,5570,28500,4000,7410
2019_06,19時,17750,20540,6060,7090,7210,6470,5370,6070,27720,6490,6970,20110,18070,5680,7450,7660,6620,5100,5650,30250,3530,6730
2019_06,20時,19160,20390,6670,7220,7800,6570,5410,5860,31150,5570,5850,20140,18440,5930,7590,7730,6580,5130,5600,31870,3500,5720
2019_06,21時,19940,19700,6280,7420,7990,6690,5510,5740,33700,4440,4570,20270,18560,6070,7420,7850,6610,5170,5690,33390,3420,4750
2019_06,22時,20950,19630,6400,7930,8100,6910,5470,5750,35950,3910,3710,20720,18360,6130,7630,7790,6640,5230,5650,34720,3190,3860
2019_06,23時,20580,19090,5920,7890,7910,6840,5400,5700,36510,3480,2600,20240,17940,5980,7420,7570,6480,5160,5560,34780,3090,3040
2019_06,24時,20940,18940,6280,8140,8050,6710,5280,5410,37690,3220,1860,20300,18280,6080,7850,7750,6470,5040,5370,36280,3040,2040
2019_06,25時,21290,19120,6420,8230,8180,6780,5310,5470,38160,3230,1940,20510,18580,6200,7970,7850,6520,5100,5430,36730,3100,2090
2019_06,26時,21160,19120,6290,8230,8220,6750,5320,5450,38340,3160,1760,20440,18540,6110,7900,7870,6550,5100,5430,36870,2970,2000
2019_06,27時,21070,19060,6200,8170,8200,6760,5330,5470,38380,3150,1590,20480,18550,6070,7920,7890,6540,5130,5450,37010,2940,1950
2019_06,28時,21070,18940,6140,8120,8160,6750,5330,5500,38350,3130,1490,20440,18400,6070,7800,7830,6500,5170,5450,36970,2930,1810
2019_07,5時,22270,20930,6200,8880,8570,7510,5710,6300,40610,3240,2260,21040,19620,5800,8440,8210,7160,5410,5600,38090,2880,2310
2019_07,6時,21600,20410,6190,8590,8110,7310,5510,6280,38320,3650,2880,20480,19300,5750,8340,7840,6920,5250,5650,36740,2880,2690
2019_07,7時,21700,20950,6820,8550,7960,7250,5520,6540,34700,6000,4800,20740,19520,6010,8180,7950,6950,5210,5940,35990,3470,3240
2019_07,8時,19520,21850,6200,8110,8070,6990,5700,6290,26730,11060,6590,20030,19690,5740,7970,8090,6930,5290,5690,32870,4950,4490
2019_07,9時,17530,20710,5650,7260,6940,6290,5730,6340,21510,12110,7380,19950,19630,5830,7770,7970,6780,5290,5920,30790,5160,5960
2019_07,10時,16780,20190,5190,7230,6650,5940,5670,6280,19440,12060,8070,19030,18760,4930,7510,7650,6480,5050,6150,27800,5010,7100
2019_07,11時,16460,19740,4980,7230,6570,5710,5590,6090,18390,11930,8400,18290,18130,4790,7410,7240,6200,4960,5810,25720,4870,7740
2019_07,12時,16350,19880,4980,7240,6640,5760,5590,6000,17930,12250,8560,18410,17830,4830,7400,7150,6010,4900,5930,25070,4810,8130
2019_07,13時,16350,19880,5010,7180,6740,5780,5400,6090,17660,12390,8650,18420,17380,4840,7380,7010,5980,4780,5800,24340,4680,8500
2019_07,14時,16160,19230,4780,6940,6650,5720,5180,6100,17270,12180,8370,18000,16790,4570,7220,6760,5830,4800,5590,23620,4650,8280
2019_07,15時,15920,19230,4850,6950,6520,5700,5160,5950,17420,12090,8090,17910,17000,4580,7140,6840,5840,4900,5590,23880,4640,8160
2019_07,16時,15950,19710,4970,6960,6580,5870,5180,6070,18450,11830,7840,18080,16970,4320,7120,7070,6020,4910,5600,24350,4620,7880
2019_07,17時,16040,19730,4860,6840,6600,6040,5320,6090,20210,10890,7170,18260,17280,4270,7200,7270,6290,4940,5550,25450,4520,7560
2019_07,18時,16460,19930,5290,7010,6430,6200,5410,6040,23870,8170,6890,18830,17150,4400,7020,7340,6400,5110,5680,27050,3990,6900
2019_07,19時,17780,20070,5780,7370,6770,6420,5320,6170,27720,6300,6450,19450,17590,4850,7280,7480,6570,5260,5570,29020,3520,6580
2019_07,20時,18610,19860,5590,7560,7280,6680,5310,6020,30380,5310,5420,20090,18300,5460,7650,7660,6680,5290,5640,31200,3510,5910
2019_07,21時,19460,19680,5670,7680,7530,6890,5430,5930,33070,4180,4590,20310,18280,5530,7560,7730,6760,5300,5690,32880,3190,4840
2019_07,22時,20220,19960,5970,8120,7630,7000,5470,5980,35360,3570,3880,20640,18330,5660,7670,7770,6890,5220,5750,34280,3060,4000
2019_07,23時,19930,19400,5560,8150,7510,6890,5350,5840,35930,3210,2770,20070,18030,5370,7520,7650,6690,5130,5720,34570,2840,3040
2019_07,24時,20590,19140,5760,8450,7680,6960,5280,5580,37410,2970,1930,20110,18330,5540,7900,7710,6700,5100,5480,36040,2740,2060
2019_07,25時,20930,19320,5860,8560,7790,7050,5340,5650,37970,3030,1920,20360,18470,5530,8010,7830,6810,5170,5470,36490,2760,2010
2019_07,26時,20830,19250,5720,8490,7830,7020,5330,5660,38060,2910,1770,20270,18380,5460,7880,7820,6800,5180,5490,36570,2650,1860
2019_07,27時,20810,19220,5710,8420,7850,7020,5330,5680,38090,2890,1710,20320,18440,5480,7910,7810,6810,5190,5540,36630,2650,1920
2019_07,28時,20820,19220,5700,8400,7870,7000,5350,5700,38140,2880,1660,20280,18400,5460,7810,7820,6790,5180,5610,36640,2630,1830
2019_08,5時,21810,19120,5550,8180,8300,7170,5450,6260,38040,2450,2560,20410,18160,4910,7840,7730,6950,5140,5980,35800,2190,2520
2019_08,6時,21590,18930,5650,8100,8120,7020,5400,6210,36670,2870,3110,19850,18380,5140,7790,7450,6800,5000,6020,34840,2270,2970
2019_08,7時,21240,19070,5820,7810,7920,7010,5440,6300,33090,4950,4340,19640,18240,5350,7530,7530,6650,5030,5770,33380,2980,3350
2019_08,8時,18850,20050,5160,7340,8150,6660,5530,6050,25850,9430,5870,19640,18380,4980,7700,7740,6830,5100,5670,31040,4210,4670
2019_08,9時,17160,19090,4850,6470,7290,6120,5410,6090,21210,10400,6710,19570,17980,4730,7460,7690,6820,5000,5820,28490,4470,6150
2019_08,10時,16170,18630,4450,6310,6870,5800,5350,6020,19110,10120,7280,19180,17610,4940,7160,7340,6560,4960,5800,26300,4450,7500
2019_08,11時,16000,18220,4250,6360,6750,5600,5290,5940,17690,10150,7990,18690,17030,4540,7060,6860,6430,4870,5940,24470,4180,8350
2019_08,12時,16260,18290,4440,6390,6920,5650,5260,5860,17300,10510,8350,18710,16980,4480,6970,6980,6330,4900,6000,23720,4330,8890
2019_08,13時,16220,18290,4420,6320,6940,5720,5130,5950,17050,10500,8540,18340,16860,4450,6780,7030,6200,4780,5940,23370,4100,8980
2019_08,14時,16040,17740,4230,6270,6580,5620,4980,6090,16980,10350,8100,17880,16510,4220,6680,6910,6050,4750,5750,22990,4020,8600
2019_08,15時,15860,17890,4360,6280,6600,5490,4980,6020,17340,10290,7810,17800,16560,4260,6700,6920,5960,4650,5850,23300,3960,8340
2019_08,16時,16060,17850,4310,6230,6670,5620,4960,6090,17900,10150,7580,18020,16690,4290,6480,7120,6020,4610,6170,23900,4030,8150
2019_08,17時,16260,17990,4190,6320,6820,5750,4980,6170,19520,9260,7210,18020,16760,4220,6660,6880,6120,4750,6140,25030,3780,7380
2019_08,18時,16890,18000,4210,6590,6580,5940,5110,6430,22670,6950,7030,18540,16560,4240,6680,6800,6310,4960,6080,26260,3290,6980
2019_08,19時,18020,18300,4540,7010,7130,6190,5090,6340,26160,5300,6700,18790,16730,4180,6760,6960,6530,5030,6040,27730,2960,6310
2019_08,20時,19020,18530,4670,7260,7710,6550,5190,6160,28980,4460,5990,19250,17340,4640,7030,7160,6670,5030,6050,29350,2900,5920
2019_08,21時,20030,18320,5000,7400,7840,6650,5320,6120,31560,3520,5190,19980,17450,5130,7090,7410,6680,5120,5980,31090,2770,5270
2019_08,22時,20550,18220,5070,7680,7890,6760,5250,6100,33510,3010,4250,19970,17550,5150,7240,7540,6670,4980,5930,32190,2620,4510
2019_08,23時,20140,17920,5010,7540,7710,6650,5140,6000,34000,2760,3310,19230,17410,4880,7260,7310,6470,4820,5880,32330,2470,3650
2019_08,24時,20360,17760,5060,7910,7820,6650,4980,5680,35340,2400,2330,19230,17170,4960,7300,7290,6480,4770,5600,33550,2170,2530
2019_08,25時,20640,17860,5140,7980,7880,6750,5040,5690,35800,2350,2320,19460,17180,4970,7300,7350,6540,4800,5650,33890,2100,2490
2019_08,26時,20540,17790,5050,7850,7890,6730,5040,5740,35930,2200,2160,19390,16970,4750,7300,7350,6520,4810,5620,33890,1940,2330
2019_08,27時,20620,17680,5040,7800,7860,6750,5050,5760,35990,2210,2070,19440,16890,4770,7280,7310,6500,4800,5660,33930,1930,2290
2019_08,28時,20490,17630,5010,7740,7850,6720,5040,5740,35900,2190,1990,19400,16940,4770,7220,7270,6510,4840,5720,33980,1910,2260
2019_09,5時,22830,20440,6140,8230,8910,7690,6180,6110,40720,2530,2070,22120,18730,5440,8020,8550,7450,5650,5730,37780,2320,2720
2019_09,6時,22890,20280,6300,8400,8760,7460,6200,6050,39090,3150,2920,21770,18590,5490,7970,8430,7180,5550,5720,36690,2400,3150
2019_09,7時,22530,20850,6890,8130,8680,7280,6260,6110,35300,5560,4550,21460,18640,5470,7870,8440,7150,5590,5570,35210,3170,3640
2019_09,8時,20000,21700,6270,7700,8530,6680,6480,6030,27120,10760,5870,21020,19150,5130,8020,8570,7220,5640,5570,32660,4360,5050
2019_09,9時,17950,20440,5470,6960,7620,6180,6270,5870,21530,11690,6930,20300,18860,4980,7750,8320,7110,5460,5510,29700,4660,6480
2019_09,10時,16820,19980,5230,6690,7080,5890,6080,5830,18780,11840,7760,19580,18350,4950,7740,7730,6880,5340,5260,27430,4600,7410
2019_09,11時,15930,19320,4720,6520,6810,5630,5920,5620,17180,11620,7900,18650,18190,4940,7470,7340,6510,5230,5320,25350,4380,8470
2019_09,12時,15540,19440,4600,6350,6990,5580,5810,5630,16610,11880,7940,18300,17700,4680,6920,7440,6310,5180,5460,24290,4240,8740
2019_09,13時,15480,19280,4510,6430,6990,5570,5600,5640,16100,12060,8070,18000,17350,4450,6860,7240,6210,5000,5570,23730,4090,8750
2019_09,14時,15450,18910,4460,6430,6690,5500,5530,5730,16020,11870,7950,17850,16950,4130,6980,7220,6170,5020,5280,23500,4020,8510
2019_09,15時,15420,19080,4380,6500,6730,5600,5640,5650,16480,11850,7630,17530,17120,4130,6950,7270,6100,4790,5390,23970,3950,7970
2019_09,16時,15660,19400,4510,6610,7010,5690,5540,5690,17390,11720,7510,17950,17110,4250,6940,7240,6280,5060,5260,24730,4090,7490
2019_09,17時,16200,19790,4840,6660,7260,5860,5590,5770,19250,11110,7240,18960,17330,4560,7040,7520,6460,5270,5420,26570,3940,7100
2019_09,18時,17000,20300,4990,6860,7330,6120,5770,6220,23170,8290,7500,19660,17760,4650,6970,7880,6590,5460,5860,28680,3330,6810
2019_09,19時,18580,20100,5310,7300,7750,6330,5840,6130,27360,5890,7040,20430,18140,5290,6930,8050,6740,5660,5890,30680,3020,6430
2019_09,20時,19750,20030,5440,7360,8290,6780,5890,6000,30440,4840,6190,20970,18520,5470,7240,8250,6930,5780,5800,32450,2940,5750
2019_09,21時,20690,19550,5350,7550,8390,7020,5940,5980,33100,3830,5100,21360,18500,5550,7400,8390,7020,5750,5740,33850,2810,4970
2019_09,22時,21310,19500,5620,7720,8410,7200,5950,5900,35440,3190,4030,21330,18390,5460,7530,8410,7130,5640,5530,35000,2740,3830
2019_09,23時,20970,19220,5440,7700,8280,7060,5910,5790,36110,2840,3110,20930,18100,5490,7360,8250,6930,5530,5450,35210,2630,3090
2019_09,24時,21410,18960,5490,8020,8400,7060,5750,5630,37590,2440,2150,20970,18060,5470,7480,8270,6910,5490,5410,36070,2390,2460
2019_09,25時,21730,19090,5570,8110,8470,7170,5780,5700,38180,2370,2100,21140,18190,5550,7480,8360,7010,5510,5400,36400,2410,2480
2019_09,26時,21600,18960,5510,7970,8440,7130,5780,5710,38290,2210,1890,21110,18160,5520,7500,8320,7000,5500,5410,36490,2270,2460
2019_09,27時,21520,18970,5560,7950,8390,7100,5780,5700,38380,2190,1750,21090,18170,5510,7500,8290,6990,5500,5450,36590,2250,2380
2019_09,28時,21470,18980,5560,7950,8360,7080,5780,5700,38370,2200,1710,21110,18180,5550,7470,8310,6970,5510,5460,36650,2260,2340
2019_10,5時,23320,19440,6030,7780,9650,7350,6200,5730,40480,2350,1900,21100,18220,5210,7430,9030,6960,5690,4990,36790,2090,2300
2019_10,6時,23100,19310,6020,7890,9370,7330,6160,5620,38660,2900,2830,20840,17830,5210,7360,8660,6810,5610,5000,35770,2170,2560
2019_10,7時,22380,19890,6390,7580,9300,7240,6160,5590,34660,5200,4340,20500,17680,5080,7190,8520,6880,5470,5020,34090,2740,3110
2019_10,8時,19360,20830,5670,7360,8710,6700,6200,5530,26130,10700,5460,20390,18400,4870,7460,8830,7030,5490,5090,32230,3880,4400
2019_10,9時,17390,20290,5590,6570,7800,6080,6010,5610,21330,11840,6500,20020,18040,4630,7190,8760,6860,5400,5200,29970,4270,5510
2019_10,10時,16280,19710,5310,6310,7280,5910,5660,5510,18560,11740,7390,19560,17940,4430,7200,8650,6710,5250,5240,28200,4090,6690
2019_10,11時,15750,19140,5140,6120,6970,5680,5650,5320,17240,11550,7750,18930,17690,4550,6930,8310,6580,5010,5240,26380,3940,7690
2019_10,12時,15670,19320,5180,6110,7010,5630,5630,5410,16990,11760,7910,18380,17560,4520,6810,8000,6410,4820,5360,25260,4060,8020
2019_10,13時,15360,19340,5120,6210,6820,5640,5420,5460,16450,11920,8000,18310,17070,4470,6770,7900,6320,4820,5070,24360,3890,8370
2019_10,14時,15290,18830,5030,6180,6770,5560,5260,5310,16310,11650,7850,17880,16940,4230,6710,7720,6150,4970,5020,24060,3780,8220
2019_10,15時,15260,19010,5020,6160,6850,5570,5430,5220,16630,11630,7690,17510,16870,3920,6680,7730,6150,4830,5050,24200,3650,7750
2019_10,16時,15450,19250,4900,6320,7120,5620,5470,5260,17570,11340,7470,17870,16730,3950,6660,7870,6230,4850,5020,25030,3650,7270
2019_10,17時,16010,19600,4900,6400,7360,5760,5730,5440,19430,10750,7100,18840,16960,4090,6770,8240,6400,5100,5180,26660,3570,6950
2019_10,18時,16770,19520,5060,6550,7430,5910,5690,5640,22890,8070,6990,19420,17170,4340,6710,8360,6550,5250,5370,28380,3160,6470
2019_10,19時,18400,19310,5490,6570,8100,6170,5760,5610,27080,5730,6570,19740,16930,4410,6640,8540,6540,5300,5220,29750,2660,5770
2019_10,20時,19780,19450,5740,6810,8700,6620,5850,5500,30550,4280,6150,20040,17340,4530,7030,8710,6600,5380,5110,31190,2490,5280
2019_10,21時,20730,19220,5850,6930,8960,6810,5930,5450,33200,3260,5260,20290,17360,4700,7120,8760,6600,5370,5090,32480,2300,4480
2019_10,22時,21640,18940,5840,7210,9160,6960,5940,5460,35440,2780,4160,20620,17310,4910,7050,8760,6720,5380,5100,33650,2190,3780
2019_10,23時,21150,18430,5610,7090,8830,6820,5830,5380,35990,2470,2920,19960,16830,4690,6730,8580,6570,5260,4950,33590,2060,2790
2019_10,24時,21320,17740,5470,7210,9000,6750,5560,5040,36740,2080,1950,20780,17520,5200,6950,8860,6720,5540,5000,35950,1930,2080
2019_10,25時,21570,17810,5480,7290,9090,6810,5610,5090,37140,2060,1920,21120,17630,5300,7070,8910,6770,5580,5110,36490,1910,2040
2019_10,26時,21430,17810,5510,7210,9030,6740,5620,5100,37230,1980,1770,21030,17580,5200,7030,8880,6780,5570,5130,36550,1860,1900
2019_10,27時,21370,17820,5490,7220,8990,6750,5630,5100,37340,1950,1640,21040,17660,5210,7040,8870,6780,5590,5200,36710,1880,1840
2019_10,28時,21380,17830,5540,7200,8970,6730,5620,5120,37380,1950,1610,21120,17650,5210,7090,8870,6760,5630,5190,36820,1880,1800
2019_11,5時,23380,19990,6820,7460,9390,7340,6060,6280,41100,3520,1850,22300,18590,6290,6860,9110,7000,5740,5870,38240,3220,2320
2019_11,6時,23100,19890,6760,7570,9040,7340,6110,6140,39120,4030,2770,22130,18400,6320,6850,8880,6910,5760,5800,37400,3390,2570
2019_11,7時,22250,20350,6810,7580,8880,7040,6260,6020,35340,6000,4290,21750,18400,6040,6790,8900,6870,5700,5820,35810,3790,3250
2019_11,8時,19460,20920,5610,7400,8440,6810,6200,5910,26970,10750,5790,21250,18490,5440,6850,8870,7010,5700,5850,33160,4780,4410
2019_11,9時,17370,19880,5130,6550,7320,6280,5840,6100,21720,11770,6680,21020,18200,5400,6740,8790,6760,5590,5930,30830,5120,5830
2019_11,10時,16370,19000,4600,6290,6880,6040,5610,5920,18890,11440,7470,20210,17680,5110,6790,8310,6520,5350,5800,27860,4870,7310
2019_11,11時,15850,18850,4400,6270,6760,5850,5660,5740,17440,11430,8100,19670,16990,5290,6620,7820,6110,5220,5570,25770,4620,8220
2019_11,12時,15660,18820,4460,6140,6880,5730,5570,5690,17060,11520,8050,19100,16570,4900,6380,7720,6000,5010,5650,24760,4660,8230
2019_11,13時,15530,18770,4470,6130,6800,5870,5420,5590,16590,11820,8040,18870,16310,4860,6250,7670,5920,5010,5450,24050,4610,8440
2019_11,14時,15310,18560,4400,6120,6780,5770,5040,5720,16340,11610,8060,18430,16110,4470,6430,7500,5700,4970,5440,23570,4400,8420
2019_11,15時,15260,18460,4270,6200,6760,5720,5220,5530,16560,11570,7760,18330,16330,4580,6440,7440,5850,5060,5270,23980,4380,8200
2019_11,16時,15600,18630,4150,6450,7050,5750,5210,5600,17840,11510,7170,18280,16500,4260,6250,7650,6140,4960,5500,24680,4240,7720
2019_11,17時,16410,19140,4560,6560,7170,6000,5540,5710,19930,11000,6990,19490,17270,4480,6430,8100,6590,5400,5750,26670,4310,7790
2019_11,18時,17490,19110,5210,6530,7270,6120,5590,5860,23610,8380,6980,19990,17740,4860,6450,8220,6590,5730,5860,28370,3860,7540
2019_11,19時,19160,19410,5540,6960,7910,6330,5770,6040,27810,6600,6620,20470,17990,5080,6670,8500,6610,5790,5790,30190,3550,6880
2019_11,20時,20570,19850,6180,7120,8620,6570,5900,6020,31420,5570,6030,21150,18380,5430,6940,8910,6590,5850,5800,32240,3510,6130
2019_11,21時,21560,19440,6370,6990,8890,6810,5970,5950,34180,4580,4950,21500,18620,5810,7000,8990,6630,5750,5930,33920,3350,5260
2019_11,22時,22250,19360,6580,7260,8980,6970,5870,5920,36490,4000,3910,21710,18560,6240,7010,8950,6640,5650,5770,35360,3260,4200
2019_11,23時,21940,18890,6380,7130,8740,6920,5760,5880,37210,3510,2910,21200,18240,6160,6800,8710,6530,5500,5710,35520,3040,3410
2019_11,24時,22480,18630,6740,7200,8890,6790,5700,5770,38710,3290,1990,20970,17980,5990,6690,8710,6620,5290,5640,36350,3040,2270
2019_11,25時,22720,18690,6780,7240,8920,6890,5740,5830,39110,3270,1940,21260,18120,6040,6830,8770,6700,5360,5660,36750,3020,2350
2019_11,26時,22610,18650,6760,7150,8870,6840,5760,5850,39180,3210,1770,21160,18100,6100,6680,8800,6650,5340,5670,36790,3020,2200
2019_11,27時,22530,18660,6750,7120,8840,6870,5760,5830,39200,3200,1700,21050,18050,5990,6660,8730,6650,5370,5690,36780,3020,2060
2019_11,28時,22550,18630,6700,7150,8840,6880,5760,5830,39240,3210,1630,21070,18070,5960,6660,8770,6660,5380,5690,36870,3020,2000
2019_12,5時,22690,20800,7020,7990,9200,7180,5880,6210,41180,2520,2030,22320,19910,6350,7600,9160,7260,5610,6240,39610,2490,2380
2019_12,6時,22110,20650,6750,7980,8880,6990,5940,6200,39220,3030,2690,21670,19740,6190,7600,8770,7180,5580,6080,38300,2700,2640
2019_12,7時,21530,21290,6580,8060,8860,6920,6070,6310,35970,5000,4200,21570,19550,6070,7510,8760,7070,5690,6000,36930,3060,3290
2019_12,8時,19510,21110,5610,7320,8610,6710,6220,6140,28480,8800,5740,21910,19770,5900,7870,8800,7280,5750,6060,35130,4020,4800
2019_12,9時,17520,19760,4980,6280,7570,6230,6060,6140,23110,9780,6560,21580,19610,5610,7730,8630,7230,5720,6250,32900,4430,5990
2019_12,10時,16510,18890,4510,5870,7170,5940,5880,6030,20390,9690,7230,20550,18850,5390,7470,8090,6760,5690,5980,30020,4120,6980
2019_12,11時,16130,18690,4460,5780,7070,5670,5800,6020,19100,9720,7910,19750,18100,5080,7220,7830,6470,5390,5850,27390,4160,7940
2019_12,12時,16110,18740,4590,5760,7160,5620,5780,5920,18520,10060,8160,18850,17790,4870,6830,7560,6430,5190,5750,25750,4180,8370
2019_12,13時,16050,18390,4540,5710,7010,5670,5680,5820,17880,10130,8300,19040,17610,5030,6770,7560,6380,4970,5940,25060,4130,9110
2019_12,14時,15590,18290,4400,5600,6880,5630,5470,5880,17620,9910,8200,18730,17560,4900,6690,7380,6280,4950,6070,24830,4010,9070
2019_12,15時,15660,18210,4310,5760,6820,5610,5560,5790,17940,9810,7960,18380,17430,4780,6640,7250,6230,5080,5820,24980,3770,8620
2019_12,16時,15940,18520,4120,6000,7060,5780,5530,5950,18950,9660,7700,18660,17860,4370,6880,7550,6380,5250,6080,26000,3780,8370
2019_12,17時,16580,19280,4620,6180,7350,5920,5700,6070,20940,9110,7720,19620,17880,4630,6820,7850,6580,5420,6180,27110,3620,8360
2019_12,18時,17400,19480,5330,6250,7400,6070,5560,6260,24420,6730,7610,20000,18640,5070,6930,8140,6660,5550,6280,28920,3280,8140
2019_12,19時,18900,19880,5810,6800,7940,6320,5670,6230,28300,5040,7300,20590,18750,5310,6980,8490,6760,5520,6260,30690,2950,7460
2019_12,20時,20140,20130,6230,7120,8380,6540,5800,6180,31470,4110,6580,20980,19170,5570,7250,8660,6810,5680,6170,32410,2720,6800
2019_12,21時,20900,19970,6280,7290,8620,6750,5840,6080,34180,3130,5480,21290,19440,5990,7300,8780,6810,5660,6170,34340,2460,5820
2019_12,22時,21460,20150,6430,7560,8760,6970,5830,6050,36460,2820,4380,21420,19480,6100,7440,8850,6850,5620,6030,35860,2500,4570
2019_12,23時,21060,19760,6370,7410,8520,6830,5700,5970,37150,2490,3230,20780,19100,6030,7060,8670,6720,5460,5930,36220,2370,3370
2019_12,24時,21500,19330,6390,7550,8630,6820,5540,5890,38310,2210,2360,20680,18860,6090,7270,8450,6620,5390,5700,37230,2130,2170
2019_12,25時,21850,19440,6470,7690,8730,6900,5560,5920,38840,2240,2280,20970,19100,6280,7410,8560,6690,5400,5710,37770,2180,2160
2019_12,26時,21830,19380,6490,7630,8730,6870,5540,5920,38990,2230,2080,20810,19090,6260,7290,8560,6720,5350,5710,37750,2170,2030
2019_12,27時,21780,19400,6490,7620,8720,6870,5540,5940,39070,2250,1960,20710,19140,6230,7250,8550,6700,5360,5720,37840,2190,1870
2019_12,28時,21760,19390,6510,7580,8680,6880,5530,5950,39110,2250,1880,20790,19110,6290,7260,8520,6710,5340,5780,37940,2180,1830
2020_01,5時,21660,19630,6330,7760,8320,7020,5650,6190,39160,2400,1720,20380,18380,5550,7210,8110,6610,5400,5850,36110,2010,2390
2020_01,6時,21260,19590,6280,7620,8120,6900,5800,6110,37380,2990,2430,20160,18210,5570,7200,7910,6620,5360,5700,35220,2310,2560
2020_01,7時,20610,20130,6240,7450,8330,6630,5970,6100,33870,5030,3760,19960,18430,5400,7130,8020,6620,5310,5890,34230,2700,3150
2020_01,8時,19070,20130,5620,6920,8090,6340,6090,6110,26780,9460,5060,19750,18580,5200,7070,8140,6690,5360,5860,32320,3590,4130
2020_01,9時,17130,19200,5150,5900,7230,5850,5960,6220,21980,10390,5800,19540,18500,5140,6940,8150,6610,5370,5810,30240,4050,5410
2020_01,10時,16210,18730,4760,5660,7020,5640,5700,6160,19540,10350,6620,19100,18140,5190,6900,7830,6260,5280,5750,28050,4030,6630
2020_01,11時,15940,18510,4860,5540,6870,5440,5710,6010,18120,10440,7400,18480,17770,5160,6670,7540,6030,5230,5600,26220,3950,7480
2020_01,12時,15900,18470,4830,5550,7000,5360,5710,5890,17470,10630,7730,18070,17120,4900,6410,7360,5860,5050,5590,24740,3860,7830
2020_01,13時,15670,18590,4720,5560,7040,5450,5550,5920,17030,10790,7910,17740,16840,4760,6550,7300,5840,4910,5210,23860,3850,8120
2020_01,14時,15300,18180,4560,5390,6830,5410,5300,5970,16740,10630,7620,17270,16480,4490,6450,7080,5750,4700,5260,23330,3710,7980
2020_01,15時,15410,18100,4530,5490,6850,5410,5330,5890,17070,10510,7400,17140,16570,4460,6320,6940,5740,4740,5490,23300,3620,8020
2020_01,16時,15580,18170,4360,5650,7020,5430,5380,5890,18040,10180,7020,17600,16570,4420,6280,7110,5930,4820,5600,24180,3600,7660
2020_01,17時,16110,18640,4690,5800,7140,5730,5440,5940,20110,9500,6660,18190,16830,4700,6350,7150,6160,5040,5590,25650,3520,7170
2020_01,18時,16770,18940,5340,6010,7150,5890,5320,5990,23870,6930,6450,18740,17320,4850,6530,7220,6410,5230,5800,27710,3180,6550
2020_01,19時,17980,19330,5740,6440,7500,6160,5380,6060,27680,5160,6020,19060,17470,5120,6450,7420,6410,5240,5870,29270,2770,5890
2020_01,20時,19130,19370,5930,6720,7890,6400,5520,6010,30620,4090,5390,19190,17930,5460,6600,7520,6360,5290,5870,30690,2570,5330
2020_01,21時,20090,19290,5970,7010,8150,6650,5560,6030,33340,3110,4600,19570,18090,5540,6790,7770,6310,5300,5930,32160,2280,4760
2020_01,22時,20520,19150,6060,7280,8130,6790,5490,5910,35180,2630,3620,19760,18250,5750,6870,7840,6360,5280,5890,33510,2120,3950
2020_01,23時,20240,18780,5970,7150,7940,6670,5420,5850,35640,2330,2810,19330,17700,5450,6720,7650,6240,5230,5720,33570,1980,3040
2020_01,24時,20570,18510,5960,7340,7910,6660,5370,5800,36850,2150,1880,19570,17790,5570,6950,7640,6290,5190,5700,34960,1850,2190
2020_01,25時,20940,18620,6150,7430,8000,6740,5370,5840,37360,2150,1870,19810,17880,5730,6980,7740,6310,5210,5700,35390,1870,2100
2020_01,26時,20870,18550,6140,7390,7990,6700,5360,5830,37380,2140,1720,19780,17840,5760,6920,7700,6340,5200,5680,35430,1870,2010
2020_01,27時,20910,18530,6130,7380,7980,6710,5360,5860,37470,2150,1640,19770,17890,5760,6910,7700,6360,5200,5710,35510,1870,1950
2020_01,28時,20870,18560,6160,7370,7950,6710,5360,5860,37510,2160,1590,19800,17920,5800,6920,7690,6320,5240,5730,35570,1900,1940
2020_02,5時,21030,19580,6210,7340,8470,7040,5340,6180,38450,2770,1650,19770,18590,5940,6730,8030,6720,5190,5730,35820,2570,2130
2020_02,6時,20460,19760,6110,7240,8270,6940,5550,6100,36730,3270,2340,19410,18480,5850,6860,7900,6560,5080,5630,34820,2710,2360
2020_02,7時,19990,20290,6180,6970,8410,6830,5780,6080,32940,5760,3700,19530,18540,5870,6870,7960,6620,5060,5670,33690,3440,2940
2020_02,8時,18650,20420,5690,6580,8220,6460,6010,6090,25840,10630,4930,19410,18800,5610,6970,8150,6610,5210,5650,31970,4410,3870
2020_02,9時,16840,19430,5360,5920,7260,5790,5830,6100,20710,11760,5830,19200,18770,5570,7010,8020,6650,5100,5600,29520,4870,5470
2020_02,10時,15950,19150,5000,5890,6990,5530,5690,5990,18410,11750,6760,18710,18450,5440,6980,7840,6310,5040,5540,27640,4890,6360
2020_02,11時,15620,18830,5030,5810,6860,5400,5540,5790,16900,11870,7460,17980,18130,5230,6840,7540,6070,4850,5580,25610,4860,7290
2020_02,12時,15650,19310,5120,5910,6950,5380,5590,5980,16470,12250,8020,17690,18000,4980,6660,7580,5910,4800,5740,24450,4880,7920
2020_02,13時,15600,19120,5010,5860,6920,5400,5450,6060,16190,12250,8040,17310,17730,4880,6600,7350,5890,4720,5590,23570,4820,8200
2020_02,14時,15220,18860,4820,5610,6870,5330,5320,6110,16130,11850,7830,16860,17340,4670,6500,7120,5680,4630,5590,22980,4700,8040
2020_02,15時,15150,18790,4740,5670,6870,5330,5320,5990,16430,11690,7520,16890,17430,4480,6490,7270,5730,4700,5650,23340,4600,7930
2020_02,16時,15520,18810,4760,5730,7050,5420,5290,6060,17460,11530,7050,17180,17450,4430,6480,7400,5910,4760,5650,24180,4520,7490
2020_02,17時,15960,19180,5090,5670,7140,5640,5390,6190,19520,10770,6640,17640,17830,4370,6630,7690,6120,4940,5710,25770,4270,7090
2020_02,18時,16040,19290,5220,5800,7070,5790,5200,6230,23030,7950,6200,18080,18140,4710,6680,7790,6230,5120,5690,27910,3720,6390
2020_02,19時,17200,19400,5500,6030,7530,6080,5250,6190,26850,5950,5720,18580,18190,5240,6560,7800,6250,5160,5740,29590,3220,5770
2020_02,20時,18330,19140,5510,6280,7860,6370,5330,6110,29740,4560,5130,18860,18210,5400,6680,7870,6320,5090,5710,30990,2960,4930
2020_02,21時,19070,19020,5530,6420,8160,6570,5340,6050,32310,3520,4260,19090,18200,5450,6760,7900,6380,5060,5710,32300,2600,4250
2020_02,22時,19570,18870,5660,6640,8220,6670,5270,5970,34130,2890,3440,19110,18250,5680,6690,7930,6430,5030,5580,33430,2400,3440
2020_02,23時,19340,18500,5580,6540,8050,6600,5170,5890,34770,2560,2550,18620,17960,5490,6550,7730,6280,4960,5550,33560,2300,2650
2020_02,24時,18560,17580,5630,6380,7640,6210,4800,5460,34160,2220,1720,19950,18990,5970,6990,8140,6770,5210,5850,36590,2430,2040
2020_02,25時,18780,17630,5730,6440,7700,6260,4780,5490,34470,2280,1640,20310,19220,6160,7100,8230,6840,5250,5930,37160,2510,2030
2020_02,26時,18730,17600,5700,6460,7680,6240,4760,5480,34490,2300,1540,20280,19300,6130,7090,8270,6860,5260,5960,37250,2510,1990
2020_02,27時,18740,17570,5690,6440,7620,6270,4790,5490,34500,2330,1480,20360,19260,6110,7090,8250,6880,5290,5970,37360,2530,1910
2020_02,28時,18800,17520,5710,6440,7630,6270,4770,5490,34520,2360,1450,20570,19290,6210,7120,8320,6910,5290,6000,37610,2580,1870
2020_03,5時,20690,18950,6210,7010,8190,6820,5220,6180,37800,2520,1620,18810,17110,5520,5940,7690,6400,4800,5550,33670,2210,2060
2020_03,6時,20380,18940,6080,6990,8080,6790,5290,6080,36360,2890,2200,18830,17160,5470,6080,7720,6330,4830,5550,33310,2430,2290
2020_03,7時,19520,19430,6020,6620,7970,6660,5610,6050,32640,5420,3140,18760,17460,5520,6060,7750,6400,4850,5640,32450,3090,2740
2020_03,8時,18190,20550,5800,6510,8040,6540,5910,5920,26710,10210,4300,18900,17800,5510,6170,7970,6410,5020,5610,31050,4100,3660
2020_03,9時,16790,19210,5220,5720,7290,5790,5910,6060,21610,11410,5240,18870,17880,5540,6200,7920,6370,5010,5680,29390,4610,4780
2020_03,10時,15820,18870,4830,5560,6990,5540,5780,5960,19390,11420,5910,18180,17510,5240,6090,7770,6050,4940,5580,27570,4620,5380
2020_03,11時,15550,18650,4840,5590,6910,5410,5720,5720,18200,11520,6450,17680,17450,5040,6170,7510,5930,4870,5590,26140,4660,6150
2020_03,12時,15680,18980,4970,5700,7070,5360,5750,5800,17880,11830,6880,17570,17220,4890,6240,7470,5810,4770,5590,25330,4600,6600
2020_03,13時,15530,18720,4840,5570,6970,5400,5630,5810,17480,11920,6800,17390,17010,4710,6160,7490,5690,4800,5540,24870,4490,6750
2020_03,14時,15320,18380,4760,5360,6840,5330,5520,5880,17280,11720,6680,17330,16720,4550,5990,7300,5800,4790,5610,24570,4340,6840
2020_03,15時,15180,18140,4660,5300,6730,5300,5510,5790,17470,11520,6270,17270,16720,4430,5990,7240,5830,4750,5730,24660,4250,6830
2020_03,16時,15430,18300,4650,5380,6910,5440,5510,5820,18370,11290,6060,17500,16650,4410,5920,7290,5940,4840,5740,25240,4120,6590
2020_03,17時,15950,18730,4980,5410,7170,5590,5470,6050,20470,10460,5770,17680,17130,4410,6060,7420,6080,4980,5850,26360,4000,6270
2020_03,18時,16320,18740,5070,5560,7210,5770,5220,6210,23960,7810,5400,18060,17240,4710,6030,7550,6140,4990,5860,28070,3520,5590
2020_03,19時,17550,18840,5240,5880,7700,6070,5270,6210,27810,5830,4880,18180,17470,4940,6100,7570,6150,4990,5880,29420,3020,5080
2020_03,20時,18720,18790,5660,6340,7920,6330,5270,5980,30810,4470,4360,18510,17450,5130,6140,7740,6190,4960,5770,30670,2740,4410
2020_03,21時,19510,18620,5700,6480,8050,6600,5250,6030,33090,3490,3710,18700,17420,5290,6170,7780,6240,4920,5710,31800,2530,3720
2020_03,22時,19910,18530,5910,6650,8060,6680,5130,5980,34580,3000,3040,18800,17330,5500,6100,7850,6260,4860,5560,32620,2430,3080
2020_03,23時,19580,18200,5810,6570,7870,6560,5040,5910,34940,2640,2370,18260,17150,5360,5940,7660,6150,4760,5510,32620,2300,2480
2020_03,24時,19570,17910,5890,6540,7850,6510,4900,5780,35500,2370,1750,18830,17410,5810,6130,7600,6210,4830,5630,34160,2200,1900
2020_03,25時,19770,18020,5940,6630,7930,6560,4920,5800,35830,2360,1760,19040,17470,5810,6180,7680,6290,4840,5690,34500,2230,1850
2020_03,26時,19710,17980,5890,6610,7910,6540,4900,5810,35920,2330,1590,19000,17440,5820,6170,7690,6260,4800,5680,34610,2230,1680
2020_03,27時,19730,17920,5900,6610,7870,6530,4910,5810,35930,2330,1530,19050,17430,5810,6220,7680,6270,4800,5680,34600,2230,1740
2020_03,28時,19720,17920,5910,6590,7850,6530,4930,5820,35920,2340,1540,19020,17420,5780,6220,7650,6260,4830,5690,34590,2230,1710
2020_04,5時,19310,18320,5800,6690,7480,6350,5390,5890,36040,2560,1260,18580,16310,5110,6380,7050,5980,4980,5370,33310,2250,1310
2020_04,6時,18810,18290,5640,6760,7380,6210,5390,5710,34590,2820,1730,18220,16390,5110,6430,6980,5830,5000,5240,32630,2360,1560
2020_04,7時,18290,18620,5280,6660,7530,6200,5490,5730,31850,4640,2470,18070,16500,4930,6410,7130,5890,4940,5270,31730,2880,1910
2020_04,8時,17440,19210,4640,6710,7740,6190,5660,5690,27020,7810,4020,18340,16610,4640,6610,7380,5930,5060,5310,30550,3550,2780
2020_04,9時,17050,18660,4770,6320,7300,5710,5700,5890,23780,8830,5150,18490,16800,4810,6680,7400,5870,5100,5410,29570,4020,3620
2020_04,10時,16910,18680,4800,6380,7230,5550,5700,5920,22610,9040,5920,18430,16720,4770,6690,7400,5790,5120,5350,28380,4090,4520
2020_04,11時,16900,18660,4800,6390,7290,5510,5690,5850,21940,9070,6490,18470,16850,4750,6690,7450,5720,5240,5450,27850,4120,5190
2020_04,12時,16880,18860,4830,6460,7330,5550,5650,5910,21810,9370,6550,18350,17000,4750,6710,7440,5690,5180,5570,27700,4150,5310
2020_04,13時,16830,18680,4890,6340,7260,5520,5590,5900,21530,9440,6490,18280,16800,4730,6570,7380,5710,5170,5500,27460,4070,5330
2020_04,14時,16650,18500,4850,6150,7230,5460,5480,5960,21350,9320,6430,17930,16570,4650,6370,7210,5660,5060,5540,26960,3960,5340
2020_04,15時,16800,18430,4890,6140,7200,5520,5600,5870,21560,9340,6280,17930,16570,4590,6350,7180,5710,5130,5520,27010,3870,5340
2020_04,16時,17060,18310,4950,6170,7210,5630,5570,5820,22190,9340,5860,18270,16480,4670,6370,7360,5780,5070,5490,27460,3910,5220
2020_04,17時,17450,18370,5130,6200,7330,5730,5560,5860,24010,8460,5410,18540,16550,4700,6510,7320,5980,5090,5460,28410,3710,4830
2020_04,18時,17460,18360,5200,6420,7190,5770,5400,5830,26990,6370,4580,18500,16390,4790,6500,7120,6010,4980,5470,29550,3220,4050
2020_04,19時,18090,18320,5370,6500,7340,5980,5450,5760,30050,4800,3690,18340,16320,4750,6460,7070,5940,5010,5410,30420,2960,3240
2020_04,20時,18770,18290,5650,6680,7500,6080,5490,5640,32390,3850,2960,18380,16290,4920,6480,7030,5850,5040,5340,31200,2710,2690
2020_04,21時,19020,18040,5810,6450,7590,6200,5450,5540,33670,3180,2400,18250,16120,4990,6300,7040,5850,4940,5230,31620,2480,2230
2020_04,22時,19070,17920,5810,6500,7570,6150,5380,5560,34410,2810,1970,18280,16130,5170,6290,6990,5790,4900,5260,32050,2340,1980
2020_04,23時,18760,17720,5730,6440,7400,6060,5310,5530,34440,2610,1610,17910,15900,5020,6220,6860,5660,4840,5190,31850,2240,1640
2020_04,24時,18480,17210,5500,6430,7270,5940,5110,5430,34280,2360,1150,18020,16390,5370,6230,6930,5740,4910,5220,32930,2340,1190
2020_04,25時,18590,17300,5530,6470,7280,6000,5130,5460,34480,2360,1170,18120,16450,5380,6260,6960,5780,4930,5240,33120,2350,1170
2020_04,26時,18520,17300,5530,6470,7230,5980,5110,5480,34500,2330,1100,18030,16410,5350,6230,6940,5760,4920,5210,33070,2300,1100
2020_04,27時,18520,17280,5540,6470,7210,5960,5120,5490,34520,2320,1080,18080,16450,5380,6230,6910,5780,4930,5270,33080,2330,1190
2020_04,28時,18510,17310,5550,6460,7190,5970,5120,5510,34510,2290,1090,18070,16480,5390,6250,6930,5760,4940,5260,33060,2300,1220
2020_05,5時,19860,18580,6150,6750,7830,6290,5390,6020,36820,2240,1370,18750,16900,5590,6400,7170,5750,5020,5710,33920,1990,1540
2020_05,6時,19230,18680,6000,6800,7710,6180,5390,5810,35420,2520,1760,18510,16790,5450,6450,7170,5700,5050,5440,33220,2170,1690
2020_05,7時,18820,18930,5690,6610,7880,6140,5470,5940,32660,4350,2600,18490,16860,5300,6490,7260,5700,4990,5600,32370,2590,2080
2020_05,8時,18340,19340,5100,6910,8000,6060,5580,6020,28230,7410,3960,18700,17390,5180,6890,7500,5870,5020,5610,31540,3490,2820
2020_05,9時,17990,18990,5080,6580,7750,5750,5560,6240,25150,8410,5130,18580,17540,5220,6930,7460,5850,4940,5700,30100,3930,3750
2020_05,10時,17540,18930,5000,6470,7570,5560,5610,6250,23760,8650,5750,18650,17680,5290,7010,7420,5740,5030,5840,29160,4080,4750
2020_05,11時,17500,19130,4960,6590,7610,5530,5670,6260,23260,8730,6310,18390,17580,5140,6960,7400,5630,5060,5760,28100,4020,5430
2020_05,12時,17650,19360,5050,6640,7610,5600,5770,6320,23090,9050,6530,18420,17710,4970,6920,7510,5680,5080,5950,27980,4050,5670
2020_05,13時,17590,19230,4960,6570,7710,5580,5620,6350,22910,9190,6400,18550,17470,4910,6820,7510,5730,5130,5900,27930,4040,5610
2020_05,14時,17410,19050,4970,6450,7650,5510,5480,6380,22670,9150,6340,18150,17310,4730,6740,7370,5680,5020,5900,27460,4020,5560
2020_05,15時,17440,18880,5020,6480,7580,5480,5460,6290,22770,8980,6270,18030,17440,4720,6730,7350,5760,5000,5900,27600,3910,5530
2020_05,16時,17450,18650,5020,6350,7550,5640,5380,6130,23340,8720,5780,18140,17280,4770,6830,7270,5840,4920,5770,27880,3890,5250
2020_05,17時,17740,18600,5070,6220,7620,5800,5390,6210,24880,7850,5410,18210,17330,4920,6680,7360,5870,4920,5780,28640,3650,4900
2020_05,18時,17700,18550,5330,6420,7350,5840,5300,5990,27730,5900,4460,18390,17230,5120,6730,7240,5850,4960,5720,29890,3160,4290
2020_05,19時,18330,18460,5520,6560,7490,5920,5400,5880,30690,4500,3490,18320,17190,5150,6640,7290,5760,5000,5650,30930,2770,3540
2020_05,20時,18820,18420,5780,6610,7560,6060,5440,5780,32890,3430,2820,18280,17080,5270,6550,7220,5710,4960,5630,31730,2470,2900
2020_05,21時,19180,18310,5860,6700,7630,6110,5410,5770,34370,2800,2240,18240,16850,5290,6470,7170,5700,4930,5510,32180,2260,2420
2020_05,22時,19350,18170,5980,6670,7650,6070,5340,5790,35150,2460,1860,18320,16710,5410,6460,7130,5670,4890,5460,32530,2150,2120
2020_05,23時,18990,17930,5920,6500,7510,5970,5260,5730,35020,2280,1540,18080,16560,5430,6360,7020,5530,4830,5450,32470,2040,1890
2020_05,24時,18760,17310,5890,6350,7430,5850,5060,5460,34720,2010,1170,18140,16850,5430,6530,7110,5560,4840,5500,33290,1970,1540
2020_05,25時,18830,17440,5930,6380,7470,5890,5070,5510,34960,1990,1170,18230,16940,5440,6560,7190,5550,4850,5570,33480,1950,1560
2020_05,26時,18840,17380,5910,6400,7450,5860,5070,5520,34960,1960,1140,18220,16910,5410,6540,7180,5520,4890,5580,33500,1930,1500
2020_05,27時,18880,17370,5900,6440,7440,5870,5070,5520,35000,1950,1130,18180,16910,5420,6510,7140,5530,4880,5590,33530,1910,1450
2020_05,28時,18820,17340,5910,6410,7390,5830,5070,5540,34920,1940,1120,18140,16950,5440,6500,7130,5510,4880,5620,33510,1920,1470
2020_06,5時,20560,20050,6760,7290,8420,6450,5580,6090,38860,2610,1430,19460,18950,6320,6890,7950,6140,5350,5750,36340,2290,1850
2020_06,6時,20030,19990,6610,7210,8260,6310,5620,5990,37130,3230,1820,19100,18680,6030,6880,7900,6100,5250,5600,35260,2490,2090
2020_06,7時,19460,20030,6300,6870,8390,6110,5670,6140,33800,5240,2670,19100,18910,5980,6860,8070,6060,5240,5800,34520,2980,2560
2020_06,8時,18140,20360,5340,7030,8390,5870,5610,6250,27810,9120,3890,19070,19040,5910,6970,8140,6140,5300,5640,32770,3990,3450
2020_06,9時,17080,19280,4940,6510,7800,5360,5390,6340,23270,10280,4920,19110,18800,5600,7000,8080,6080,5270,5870,30830,4430,4640
2020_06,10時,16530,18980,4750,6420,7540,5110,5360,6320,21500,10310,5660,18890,18610,5430,7040,7860,5930,5240,5970,29200,4480,5690
2020_06,11時,16340,18740,4580,6390,7410,5040,5380,6250,20480,10490,6070,18530,18180,5360,6950,7450,5720,5290,5930,27670,4330,6470
2020_06,12時,16440,18730,4560,6450,7360,5090,5410,6280,20120,10790,6250,18320,18050,5090,6790,7590,5660,5250,5980,27200,4560,6450
2020_06,13時,16410,18490,4540,6340,7380,5080,5340,6190,19840,10900,6130,18240,17690,4980,6650,7700,5580,5110,5890,26660,4480,6560
2020_06,14時,16250,18460,4550,6250,7290,5040,5270,6290,19870,10790,6020,18050,17540,4880,6650,7530,5620,4900,5990,26240,4390,6730
2020_06,15時,16230,18420,4330,6270,7410,5130,5220,6260,20050,10610,5970,17810,17420,4730,6460,7540,5660,4990,5820,26200,4310,6520
2020_06,16時,16500,18510,4280,6260,7590,5270,5270,6330,20900,10320,5790,17950,17600,4720,6580,7550,5790,5050,5840,26780,4230,6340
2020_06,17時,17010,18690,4610,6170,7720,5470,5310,6400,22870,9420,5480,18240,17720,4850,6610,7550,5950,5110,5870,28090,3990,5730
2020_06,18時,17510,18990,5240,6460,7590,5670,5310,6230,26520,7110,4980,18500,18090,5180,6670,7590,6020,5250,5860,29610,3640,5250
2020_06,19時,18270,19210,5460,6670,7790,5880,5500,6160,30190,5130,4280,18700,18550,5300,6830,7850,6090,5300,5860,31190,3180,4820
2020_06,20時,19100,19280,5580,7010,8010,6100,5650,6000,32960,3920,3650,18880,18740,5480,6950,7850,6140,5320,5860,32550,2880,4160
2020_06,21時,19650,19420,5970,7100,8210,6180,5620,5970,34920,3330,3040,18940,18630,5510,6940,7970,6080,5270,5790,33500,2700,3410
2020_06,22時,19810,19300,6190,7070,8240,6190,5520,5890,36040,2910,2380,18970,18620,5760,6970,7990,5990,5150,5700,34430,2580,2670
2020_06,23時,19320,19050,6140,6920,8010,6060,5420,5800,36170,2680,1730,18620,18430,5800,6850,7760,5860,5090,5670,34540,2430,2170
2020_06,24時,19450,18830,6340,6900,8090,6010,5290,5630,36750,2440,1250,18790,18550,6060,6750,7820,5880,5140,5680,35410,2270,1700
2020_06,25時,19670,18960,6440,6970,8120,6050,5350,5690,37070,2440,1300,18980,18690,6090,6810,7910,5910,5220,5710,35720,2300,1760
2020_06,26時,19630,18940,6430,6990,8070,6010,5340,5720,37100,2400,1260,18930,18610,6060,6790,7880,5880,5210,5710,35710,2230,1690
2020_06,27時,19660,18920,6430,7010,8050,6020,5310,5740,37100,2370,1270,18950,18610,6050,6800,7880,5870,5210,5740,35780,2230,1640
2020_06,28時,19600,18930,6450,7000,8010,5980,5320,5750,37050,2320,1280,18850,18680,6050,6780,7850,5850,5200,5780,35790,2200,1590
2020_07,5時,20710,20230,6510,7490,8450,6340,5620,6520,39140,2580,1450,19290,18630,5910,7010,7860,5880,5330,5900,35730,2250,1900
2020_07,6時,20210,20380,6390,7440,8340,6240,5620,6540,37570,3380,1900,19060,18490,5860,6930,7810,5840,5310,5800,34920,2580,2050
2020_07,7時,19730,20530,6330,7060,8440,6050,5700,6670,34140,5490,2840,19060,18440,5690,6970,7860,5780,5310,5880,33800,3110,2560
2020_07,8時,18670,20700,5620,7080,8400,5940,5740,6560,28030,9630,4120,19110,18570,5550,7020,8070,5930,5400,5700,32100,4200,3390
2020_07,9時,17570,19860,5190,6540,7790,5490,5660,6750,23540,10690,5290,18960,18420,5330,6960,7930,5910,5360,5880,30170,4590,4510
2020_07,10時,17160,19470,4960,6590,7370,5300,5630,6750,21630,10820,6160,18890,18060,5130,7060,7700,5680,5380,5990,28620,4670,5440
2020_07,11時,17000,19310,4790,6530,7280,5350,5590,6750,20750,10900,6560,18440,17690,4850,6830,7480,5560,5440,5960,27090,4640,6100
2020_07,12時,17100,19440,4870,6510,7340,5390,5590,6820,20520,11270,6700,18350,17750,4900,6640,7600,5520,5430,5990,26570,4710,6480
2020_07,13時,16900,19230,4730,6390,7400,5320,5530,6740,20180,11380,6510,18150,17590,4750,6520,7610,5430,5300,6120,26080,4580,6690
2020_07,14時,16570,19020,4580,6240,7300,5240,5430,6780,19940,11220,6350,18000,17280,4470,6590,7510,5350,5170,6170,25640,4510,6760
2020_07,15時,16500,19120,4560,6350,7240,5260,5450,6750,20250,11130,6130,17830,17260,4320,6480,7630,5370,5190,6080,25520,4460,6750
2020_07,16時,16820,19050,4480,6400,7320,5420,5430,6810,21130,10810,5860,17950,17350,4300,6540,7620,5510,5150,6160,26130,4410,6450
2020_07,17時,17380,19180,4690,6530,7330,5630,5460,6920,22930,9970,5660,18150,17460,4350,6530,7530,5650,5330,6210,27260,4240,5920
2020_07,18時,17840,19480,5410,6730,7350,5620,5380,6820,26470,7470,5390,18270,17590,4540,6570,7520,5770,5310,6140,28800,3780,5110
2020_07,19時,18570,19930,5600,7050,7690,5870,5550,6730,30250,5410,4890,18290,18050,4760,6790,7500,5830,5350,6090,30240,3260,4650
2020_07,20時,19280,19910,5800,7230,7900,6050,5640,6550,33000,4160,4090,18580,18250,5050,6880,7650,5840,5400,5990,31550,2890,4200
2020_07,21時,19900,19850,5990,7420,8110,6120,5640,6450,35010,3420,3430,18810,18200,5270,6880,7750,5830,5390,5860,32820,2690,3410
2020_07,22時,20130,19650,6120,7490,8140,6110,5580,6330,36240,2960,2710,19010,18010,5560,6880,7750,5820,5280,5720,33700,2470,2760
2020_07,23時,19720,19390,6030,7330,8010,5970,5490,6250,36530,2690,2010,18580,17800,5440,6800,7580,5680,5190,5660,33770,2320,2190
2020_07,24時,19580,18990,6130,7250,7940,5910,5270,6050,36900,2370,1360,18700,18070,5650,6950,7660,5700,5140,5670,34860,2180,1670
2020_07,25時,19800,19100,6230,7290,7990,5950,5320,6110,37240,2370,1370,18890,18170,5760,6970,7720,5720,5150,5720,35140,2160,1700
2020_07,26時,19760,19100,6240,7250,8000,5900,5310,6150,37250,2370,1340,18880,18140,5810,6930,7720,5660,5160,5710,35190,2160,1620
2020_07,27時,19750,19100,6240,7270,7970,5900,5310,6140,37220,2390,1340,18860,18100,5790,6860,7730,5680,5160,5740,35170,2140,1600
2020_07,28時,19720,19100,6250,7280,7940,5880,5300,6150,37200,2400,1330,18760,18150,5740,6830,7700,5690,5160,5780,35110,2120,1610
2020_08,5時,20710,20090,6300,7590,8580,6240,5790,6280,38810,2180,1630,19790,19030,6000,7150,8090,6010,5430,6130,36600,2030,1900
2020_08,6時,20000,20100,6100,7480,8360,6120,5810,6210,37070,2670,2120,19280,18830,5860,7060,7940,5850,5430,5940,35630,2110,2040
2020_08,7時,19820,20100,6000,7240,8430,6010,5870,6340,33940,4720,3030,19260,18830,5850,7030,8060,5820,5280,6030,34640,2700,2420
2020_08,8時,18890,20440,5470,7180,8480,5940,5940,6300,28880,8210,4140,19290,18960,5620,7180,8190,5920,5350,5980,33180,3460,3270
2020_08,9時,18000,19820,5280,6670,7840,5560,5960,6510,24950,9170,5290,19130,18520,5260,7060,8040,5840,5350,6090,31200,3720,4240
2020_08,10時,17450,19330,4930,6710,7460,5380,5810,6480,22850,9240,6150,18900,18300,5150,7100,7690,5720,5400,6120,29440,3820,5330
2020_08,11時,17260,19050,4720,6720,7400,5310,5710,6440,21850,9400,6520,18560,18350,5140,7100,7470,5600,5390,6190,28140,3830,6260
2020_08,12時,17250,19170,4640,6740,7410,5300,5760,6550,21580,9680,6660,18410,18270,5060,6960,7500,5580,5340,6220,27470,3960,6570
2020_08,13時,17110,19140,4720,6590,7430,5310,5610,6570,21490,9720,6530,18000,17980,4790,6730,7450,5530,5170,6290,26740,3950,6630
2020_08,14時,16870,18820,4640,6440,7310,5220,5510,6560,21300,9590,6280,17770,17750,4610,6620,7390,5490,5110,6270,26500,3850,6530
2020_08,15時,16920,19050,4690,6470,7370,5250,5600,6550,21560,9550,6330,17540,17600,4500,6460,7380,5480,5130,6160,26480,3740,6280
2020_08,16時,17150,19100,4660,6550,7470,5330,5670,6550,22230,9380,6150,17760,17730,4460,6510,7500,5650,5120,6240,27010,3700,6200
2020_08,17時,17590,19260,4860,6620,7640,5530,5630,6540,24150,8560,5760,17980,17880,4620,6600,7470,5760,5200,6180,28120,3460,5800
2020_08,18時,17940,19460,5090,6830,7720,5650,5640,6460,27230,6520,5310,18450,17980,4980,6760,7470,5840,5310,6050,29610,3070,5270
2020_08,19時,18670,19840,5450,7180,7900,5900,5680,6380,30450,4760,4950,18690,18400,5180,6850,7660,5890,5380,6100,31130,2750,4780
2020_08,20時,19290,19820,5500,7440,8190,6020,5690,6250,32980,3600,4170,18910,18650,5390,6910,7820,5950,5400,6080,32520,2490,4150
2020_08,21時,19700,19580,5540,7580,8310,6060,5670,6110,34690,2920,3390,19210,18650,5580,7110,7930,5890,5390,5930,33680,2280,3520
2020_08,22時,19720,19370,5740,7560,8270,6010,5590,5910,35670,2480,2670,19220,18500,5680,7140,7910,5850,5280,5830,34420,2110,2840
2020_08,23時,19280,18970,5680,7380,8060,5830,5500,5780,35590,2210,2160,18640,18210,5550,6970,7720,5730,5160,5700,34260,1930,2300
2020_08,24時,19610,19110,5880,7440,8090,5890,5460,5940,36750,2040,1670,19100,18710,5810,7160,7970,5810,5230,5810,35760,1860,1850
2020_08,25時,19780,19210,5960,7440,8150,5920,5520,5980,37020,2030,1680,19360,18830,5870,7240,8050,5840,5280,5880,36100,1860,1890
2020_08,26時,19730,19170,5980,7390,8130,5870,5520,5990,37030,2020,1600,19200,18750,5810,7140,8010,5820,5290,5860,36030,1850,1740
2020_08,27時,19760,19160,5920,7420,8140,5870,5550,6010,37030,2010,1620,19200,18760,5840,7110,8010,5810,5290,5890,36030,1840,1740
2020_08,28時,19700,19150,5930,7400,8100,5840,5550,6020,37020,1990,1570,19200,18670,5810,7080,7990,5790,5280,5900,36000,1810,1690
2020_09,5時,22810,21560,6620,8410,9440,6740,6100,7060,42430,2360,1600,22070,21250,6230,8110,9130,6680,6070,7080,41060,2280,1910
2020_09,6時,22150,21590,6470,8260,9270,6660,6090,6970,40740,2950,2040,21740,21150,6210,8060,9100,6600,5990,6920,40310,2450,2050
2020_09,7時,21630,21770,6400,8000,9240,6460,6190,7090,36900,5370,3100,21660,21190,6160,8040,9060,6590,5990,6990,39080,3090,2560
2020_09,8時,20550,22280,5870,8010,9110,6370,6220,7230,31310,9490,4260,21630,21570,6100,8160,9290,6610,6020,7000,37440,4020,3640
2020_09,9時,19490,21510,5520,7460,8500,5940,6180,7390,26940,10590,5320,21520,21070,5810,7990,9040,6670,5960,7100,35270,4420,4650
2020_09,10時,18960,20940,5210,7290,8170,5710,6140,7380,24630,10700,6270,21100,20670,5630,7820,8790,6370,5900,7240,33310,4440,5620
2020_09,11時,18720,20670,5020,7210,8170,5640,6070,7280,23500,10850,6710,20640,20120,5490,7690,8420,6190,5760,7190,31370,4400,6520
2020_09,12時,18790,20700,4970,7240,8120,5720,6100,7340,23200,11170,6830,20530,20210,5480,7650,8410,6220,5740,7230,30790,4600,6950
2020_09,13時,18470,20660,4900,7090,8060,5640,6040,7390,22960,11230,6610,20280,19920,5290,7340,8480,6100,5720,7250,30270,4530,6960
2020_09,14時,18320,20440,4780,6990,7970,5630,5960,7400,22850,11110,6460,19960,19710,5060,7250,8360,6090,5660,7230,29970,4360,6890
2020_09,15時,18290,20380,4800,7010,8010,5660,5950,7220,23050,10950,6340,19780,19540,4980,7220,8240,6150,5640,7080,29920,4260,6670
2020_09,16時,18650,20490,4810,7130,8150,5730,6020,7270,24040,10830,6030,19940,19770,5040,7270,8320,6240,5710,7120,30700,4110,6450
2020_09,17時,18790,20560,4900,7190,8200,5900,6020,7130,25810,9840,5520,20330,19980,5120,7490,8430,6380,5780,7090,32230,3750,5940
2020_09,18時,19210,20890,5460,7400,8280,6080,5840,7020,29290,7470,5160,20360,20070,5280,7560,8360,6370,5860,6990,33590,3260,5210
2020_09,19時,19900,21080,5680,7750,8610,6260,5830,6830,32670,5340,4770,20600,20300,5420,7780,8530,6400,5880,6880,34980,2960,4630
2020_09,20時,20640,20870,5690,8030,8860,6390,5860,6660,35250,3920,4090,21060,20530,5750,8040,8710,6490,5860,6710,36320,2640,4260
2020_09,21時,21080,20690,5880,8090,9070,6460,5830,6420,37090,3000,3450,21020,20370,5720,8040,8860,6450,5750,6550,37190,2460,3450
2020_09,22時,20990,20510,6130,8050,8970,6450,5700,6170,38190,2450,2650,20810,20370,6060,7990,8770,6410,5600,6330,37760,2250,2880
2020_09,23時,20280,19760,6070,7810,8700,6200,5450,5790,37680,2140,1970,19890,19680,5980,7750,8440,6110,5340,5930,37010,2080,2210
2020_09,24時,21780,20860,6290,8320,9120,6450,5810,6620,40730,2110,1660,21300,20760,6290,7990,8860,6360,5770,6760,39910,2100,1850
2020_09,25時,21990,20970,6360,8360,9180,6480,5850,6710,41070,2090,1680,21520,20970,6440,8030,8940,6410,5820,6820,40300,2110,1920
2020_09,26時,21860,20860,6340,8310,9090,6440,5820,6720,41010,2060,1520,21420,20850,6410,7960,8880,6380,5810,6820,40290,2090,1750
2020_09,27時,21890,20830,6320,8300,9090,6450,5830,6720,41010,2070,1500,21400,20810,6350,7940,8880,6380,5830,6810,40230,2060,1750
2020_09,28時,21810,20840,6300,8270,9070,6420,5830,6740,40980,2080,1470,21420,20790,6340,7950,8860,6380,5830,6820,40250,2070,1730
2020_10,5時,22520,21600,6400,8320,9820,6750,6030,6780,42250,2350,1500,21820,21350,6260,8100,9440,6590,6050,6710,40960,2260,1840
2020_10,6時,22070,21700,6390,8190,9670,6670,6110,6720,40720,2980,2020,21700,21190,6280,8080,9320,6510,6080,6590,40210,2450,2090
2020_10,7時,21620,21700,6270,7940,9630,6470,6180,6810,36840,5380,3080,21750,21340,6220,8150,9430,6620,5970,6690,39170,3090,2700
2020_10,8時,20580,22190,5730,7920,9580,6340,6190,7000,31020,9520,4460,21740,21630,5940,8400,9670,6600,6060,6670,37640,4050,3610
2020_10,9時,19300,21180,5390,7230,8740,5850,6110,7140,26430,10370,5550,21510,21570,6070,8260,9440,6500,5980,6810,35640,4400,4800
2020_10,10時,18590,20340,4980,7050,8270,5610,5990,7020,23990,10430,6200,21170,21130,6020,8000,9100,6450,5910,6790,33630,4390,5910
2020_10,11時,18330,20260,4830,7060,8210,5530,5920,7020,22930,10530,6750,20760,20570,5640,7840,8890,6160,5750,7020,31890,4470,6570
2020_10,12時,18410,20320,4720,7190,8220,5580,5940,7060,22630,10990,6710,20690,20380,5500,7890,8790,6130,5750,6980,31050,4600,6990
2020_10,13時,18140,20310,4670,6990,8200,5590,5860,7110,22350,11050,6630,20450,20030,5310,7580,8960,6070,5680,6870,30270,4500,7240
2020_10,14時,17900,20200,4690,6880,8200,5480,5800,7030,22280,10840,6570,20130,20060,5370,7430,8850,5970,5660,6890,30040,4300,7380
2020_10,15時,17870,20240,4660,6840,8210,5490,5810,7090,22590,10670,6460,19780,19800,5180,7370,8690,6010,5510,6800,30010,4230,6860
2020_10,16時,18150,20350,4600,6940,8320,5640,5880,7100,23550,10540,6080,20040,19850,5120,7450,8810,6180,5520,6800,30680,4230,6510
2020_10,17時,18490,20410,4660,7130,8410,5810,5870,7010,25360,9650,5600,20310,20040,5230,7600,8720,6370,5660,6750,31920,3930,6150
2020_10,18時,18850,20590,5120,7240,8400,5980,5780,6880,28780,7170,5230,20320,20320,5460,7630,8680,6510,5740,6590,33360,3440,5530
2020_10,19時,19600,21010,5430,7620,8750,6300,5840,6650,32330,5200,4830,20330,20250,5500,7690,8740,6460,5790,6380,34430,3010,4820
2020_10,20時,20230,20900,5560,7850,9070,6390,5850,6390,34780,3930,4190,20610,20440,5670,7940,8920,6430,5830,6230,35840,2740,4190
2020_10,21時,20700,20840,5700,8010,9310,6490,5810,6190,36800,3100,3450,20540,20380,5680,7880,9110,6410,5730,6090,36760,2490,3390
2020_10,22時,20790,20440,5840,7980,9330,6460,5640,5960,37770,2550,2740,20500,20250,5970,7890,9070,6360,5640,5810,37430,2300,2750
2020_10,23時,19900,19610,5690,7710,9000,6170,5360,5580,37190,2180,1920,19730,19470,5860,7630,8790,6130,5370,5410,36660,2110,2130
2020_10,24時,21380,20950,6110,8160,9450,6430,5750,6410,40490,2160,1540,21040,20750,6140,8120,9180,6330,5750,6260,39720,2080,1770
2020_10,25時,21630,20980,6220,8210,9480,6460,5780,6450,40810,2160,1530,21250,20810,6210,8180,9230,6350,5780,6300,40010,2070,1770
2020_10,26時,21560,20930,6200,8190,9430,6430,5760,6480,40850,2110,1420,21140,20730,6190,8100,9160,6300,5800,6310,39970,2050,1660
2020_10,27時,21530,20890,6170,8130,9440,6420,5760,6480,40820,2110,1380,21180,20680,6190,8070,9180,6300,5810,6290,39960,2030,1660
2020_10,28時,21490,20860,6150,8100,9420,6410,5760,6500,40740,2090,1380,21090,20620,6130,8040,9160,6280,5800,6290,39900,2040,1570
2020_11,5時,21890,21870,6630,7910,9690,6620,6200,6690,41840,2560,1680,21590,21630,6490,7910,9510,6550,6160,6590,41040,2440,1930
2020_11,6時,21430,21910,6630,7750,9480,6590,6250,6630,40320,3070,2250,21400,21490,6460,7830,9370,6510,6170,6540,40210,2620,2230
2020_11,7時,21000,21680,6260,7610,9430,6380,6310,6670,36410,5250,3270,21440,21450,6380,7810,9410,6580,6100,6600,39070,3210,2740
2020_11,8時,20030,22250,5670,7760,9250,6360,6410,6820,30750,9440,4550,21700,21730,6200,8110,9590,6620,6170,6710,37600,4160,3810
2020_11,9時,18520,21150,5190,7010,8440,5780,6280,6950,25890,10290,5590,21400,21590,6070,8000,9330,6620,6070,6870,35470,4430,5080
2020_11,10時,17680,20390,4750,6820,7960,5530,6130,6860,23410,10210,6320,21070,21200,6030,7840,9110,6470,5960,6860,33520,4330,6250
2020_11,11時,17410,20230,4750,6770,7860,5480,6010,6750,22370,10300,6770,20660,20910,5890,7800,8860,6230,5930,6840,31980,4200,7130
2020_11,12時,17620,20360,4780,6970,7930,5540,6010,6730,22150,10650,7010,20520,20790,5760,7650,8820,6220,5850,6990,31160,4370,7510
2020_11,13時,17310,20230,4550,6800,7880,5560,5950,6780,21640,10650,7020,20130,20510,5550,7380,8720,6130,5800,7050,30400,4250,7690
2020_11,14時,17040,20050,4390,6690,7930,5430,5870,6760,21350,10420,7060,19850,20200,5450,7200,8590,6050,5700,7050,29930,4100,7720
2020_11,15時,17120,20060,4430,6660,7930,5470,5890,6780,21760,10360,6840,19690,19820,5380,7120,8290,6160,5620,6930,29840,4000,7370
2020_11,16時,17550,20080,4420,6810,8020,5620,5940,6810,22780,10300,6420,19860,19850,5300,7240,8480,6180,5700,6790,30660,3970,6870
2020_11,17時,17790,20200,4560,6900,8060,5710,6030,6720,24730,9360,5810,19960,20020,5310,7350,8500,6330,5720,6750,31960,3790,6120
2020_11,18時,18060,20550,5140,6980,8200,5860,5810,6620,28230,6850,5510,20100,20100,5480,7370,8620,6360,5810,6540,33420,3370,5360
2020_11,19時,18930,21130,5460,7450,8640,6080,5970,6440,31830,5050,5150,20340,20410,5610,7540,8760,6430,5950,6450,34890,3040,4790
2020_11,20時,19690,20870,5490,7540,8990,6250,6050,6220,34360,3850,4360,20500,20660,5730,7640,9040,6490,5990,6250,36140,2800,4240
2020_11,21時,20190,20900,5830,7620,9190,6370,6020,6060,36510,3070,3540,20530,20590,5920,7710,9080,6420,5890,6070,37260,2580,3350
2020_11,22時,20250,20660,5990,7550,9240,6360,5870,5870,37600,2610,2780,20250,20560,6040,7730,9020,6350,5770,5870,37810,2410,2680
2020_11,23時,19460,19790,5790,7280,8960,6160,5540,5510,36940,2310,2000,19550,19860,5970,7500,8760,6130,5500,5550,37060,2240,2150
2020_11,24時,21040,21080,6240,7820,9390,6410,5980,6270,40250,2350,1690,20900,21000,6390,7780,9210,6390,5870,6240,39940,2350,1790
2020_11,25時,21240,21250,6340,7850,9460,6460,6020,6330,40640,2370,1670,21110,21060,6470,7820,9240,6440,5900,6280,40220,2370,1790
2020_11,26時,21160,21150,6370,7820,9390,6380,5980,6340,40630,2330,1540,20930,21050,6440,7750,9200,6390,5900,6290,40210,2340,1650
2020_11,27時,21150,21160,6350,7840,9380,6390,5970,6370,40640,2320,1520,21010,21020,6470,7780,9210,6370,5920,6280,40240,2340,1650
2020_11,28時,21120,21160,6350,7830,9340,6360,5990,6390,40630,2310,1500,20990,21010,6450,7780,9180,6340,5910,6310,40240,2340,1600
2020_12,5時,21830,21730,6780,7800,9650,6760,6150,6390,41520,2440,1750,21550,21310,6590,7770,9340,6610,6120,6410,40880,2470,1690
2020_12,6時,21450,21730,6730,7680,9460,6680,6180,6430,40240,2950,2150,21200,21230,6540,7610,9260,6530,6110,6360,40130,2610,1820
2020_12,7時,21060,21630,6470,7540,9400,6580,6170,6500,36830,4940,3090,21290,21360,6430,7690,9370,6550,6150,6430,39010,3260,2500
2020_12,8時,20450,21980,5830,7720,9370,6590,6240,6670,31750,8670,4510,21390,21810,6320,7890,9580,6670,6250,6480,37570,4070,3650
2020_12,9時,19210,21060,5320,7240,8570,6180,6110,6810,27340,9490,5520,21320,21620,6260,7950,9360,6650,6160,6540,35490,4480,4930
2020_12,10時,18580,20480,5030,7070,8180,5920,5970,6870,25160,9450,6360,21070,21560,6070,8030,8990,6580,6180,6760,33930,4430,6090
2020_12,11時,18320,20290,4860,6930,8060,5900,6020,6820,23970,9450,7010,20780,21180,5990,7840,8790,6420,6230,6680,32330,4340,7070
2020_12,12時,18440,20200,4790,7040,8090,5830,5970,6900,23570,9730,7170,20590,20860,5920,7700,8730,6250,6060,6780,31350,4440,7420
2020_12,13時,18420,20180,4630,7020,8200,5870,5920,6950,23350,9750,7330,20360,20600,5640,7390,8790,6270,6060,6810,30590,4370,7750
2020_12,14時,18140,20060,4560,6930,8160,5820,5860,6840,23070,9580,7370,20180,20450,5520,7410,8740,6200,5950,6810,30060,4210,8060
2020_12,15時,18210,20040,4720,6890,8060,5820,5870,6860,23320,9410,7310,20110,20300,5710,7330,8640,6170,5810,6730,30030,4230,7930
2020_12,16時,18470,19920,4730,6990,8120,5950,5880,6710,24250,9340,6680,20010,20430,5720,7350,8610,6250,5840,6650,30610,4220,7450
2020_12,17時,18570,19940,4830,7010,8150,6020,5930,6550,25740,8520,6140,20310,20570,5900,7460,8620,6460,5840,6590,31970,3920,6890
2020_12,18時,18850,20230,5190,7120,8230,6150,5910,6450,28860,6320,5780,20390,20560,6100,7420,8660,6430,5850,6470,33290,3490,6110
2020_12,19時,19660,20810,5790,7350,8640,6370,5990,6310,32090,4800,5460,20830,20420,6210,7510,8860,6480,5920,6250,34700,3060,5380
2020_12,20時,20200,20830,5910,7560,8980,6410,6010,6150,34530,3710,4690,20920,20450,6200,7650,9020,6510,5890,6080,35950,2870,4460
2020_12,21時,20350,20750,5980,7560,9180,6470,5970,5920,36210,2980,3820,20720,20550,6260,7670,9100,6440,5840,5950,36950,2660,3620
2020_12,22時,20210,20590,6200,7470,9110,6450,5850,5700,37250,2540,2970,20550,20580,6510,7600,9090,6390,5740,5790,37690,2460,2960
2020_12,23時,19420,19780,6090,7180,8850,6180,5550,5330,36610,2270,2230,19720,19710,6310,7390,8740,6110,5400,5470,36990,2290,2150
2020_12,24時,20940,20930,6430,7560,9340,6470,5920,6130,39750,2320,1850,21080,20800,6550,7740,9220,6410,5830,6110,39860,2330,1780
2020_12,25時,21090,21050,6480,7620,9380,6510,5960,6190,40010,2310,1870,21250,20880,6620,7810,9240,6460,5840,6140,40110,2310,1790
2020_12,26時,20990,20990,6470,7590,9330,6450,5920,6210,40020,2270,1760,21120,20740,6520,7740,9230,6400,5830,6130,40080,2280,1600
2020_12,27時,20960,20940,6420,7610,9330,6430,5900,6200,40020,2270,1670,21130,20700,6520,7710,9240,6360,5830,6150,40110,2260,1540
2020_12,28時,21000,20960,6440,7590,9320,6430,5940,6220,40070,2270,1660,21080,20680,6530,7690,9210,6360,5830,6120,40100,2250,1500
2021_01,5時,21620,21710,6610,7870,9710,6640,6210,6280,41480,2460,1610,21460,21440,6640,7590,9510,6650,6220,6270,40480,2360,2170
2021_01,6時,21300,21820,6600,7860,9630,6600,6210,6200,40230,2780,2250,21440,21340,6620,7600,9490,6590,6240,6220,39940,2490,2460
2021_01,7時,20890,21880,6370,7710,9490,6540,6310,6330,36710,5010,3250,21310,21370,6440,7560,9510,6600,6270,6270,39100,2960,2720
2021_01,8時,20520,22340,5940,7870,9460,6640,6430,6500,32000,8940,4420,21520,21470,6420,7700,9590,6730,6270,6270,37990,3730,3390
2021_01,9時,19140,21490,5430,7250,8710,6190,6310,6720,27640,9790,5250,21470,21460,6420,7630,9530,6700,6280,6340,36600,4070,4270
2021_01,10時,18690,20660,5110,6990,8300,5920,6230,6790,25450,9760,6010,21310,21420,6450,7710,9290,6560,6230,6470,35280,4100,5280
2021_01,11時,18470,20640,5090,6920,8170,5850,6240,6820,24630,9790,6530,21020,20850,6270,7430,8990,6470,6230,6460,33860,4020,5870
2021_01,12時,18600,20710,5070,7050,8220,5950,6240,6770,24400,10160,6660,20920,20810,6210,7450,8980,6450,6130,6490,33260,4050,6280
2021_01,13時,18500,20630,5040,6930,8290,5960,6260,6640,24080,10280,6680,20860,20580,6030,7450,8930,6430,6080,6500,32750,3970,6580
2021_01,14時,18280,20510,4960,6880,8190,5890,6210,6620,23890,10110,6720,20460,20520,6060,7250,8790,6320,6000,6540,32180,3890,6830
2021_01,15時,18280,20450,5000,6920,8150,5900,6190,6540,24110,9980,6560,20280,20320,5890,7240,8690,6360,6020,6370,31930,3790,6750
2021_01,16時,18750,20210,5060,6960,8270,5930,6230,6470,24980,9800,6120,20370,20320,5810,7370,8660,6420,6090,6320,32500,3830,6270
2021_01,17時,19050,20440,5220,7010,8400,6040,6320,6470,26880,9010,5550,20490,20500,5840,7500,8810,6420,6120,6280,33630,3660,5670
2021_01,18時,19020,20690,5420,7260,8430,6090,6190,6300,29960,6670,5050,20490,20590,6000,7500,8930,6430,6120,6080,34900,3300,4890
2021_01,19時,19750,20910,5800,7500,8880,6300,6140,6020,33260,4940,4460,20530,20530,5990,7480,9060,6450,6140,5910,35970,3030,4070
2021_01,20時,20140,20910,5910,7500,9270,6400,6110,5850,35800,3730,3520,20590,20770,6250,7600,9130,6460,6080,5830,37190,2830,3380
2021_01,21時,20320,20650,5940,7610,9310,6440,6010,5630,37350,2880,2740,20520,20570,6320,7530,9130,6410,6030,5650,37820,2540,2770
2021_01,22時,20220,20340,6040,7610,9230,6360,5880,5410,37930,2480,2180,20290,20300,6360,7500,9110,6340,5830,5430,37900,2340,2380
2021_01,23時,19540,19700,6020,7330,9020,6170,5590,5100,37180,2260,1790,19510,19650,6180,7250,8810,6150,5580,5190,36940,2210,2030
2021_01,24時,20780,21100,6390,7720,9420,6410,6020,5910,40080,2340,1590,20760,20690,6430,7550,9280,6390,5950,5830,39360,2260,1920
2021_01,25時,20870,21240,6460,7740,9460,6430,6030,5970,40310,2340,1600,20860,20770,6500,7580,9280,6400,5990,5870,39590,2280,1890
2021_01,26時,20910,21200,6490,7760,9440,6420,5990,5990,40340,2310,1580,20820,20770,6480,7570,9280,6350,6010,5880,39620,2270,1830
2021_01,27時,21000,21230,6500,7800,9460,6440,6000,6010,40450,2310,1590,20870,20770,6470,7630,9290,6380,6000,5860,39660,2270,1840
2021_01,28時,20950,21200,6490,7770,9430,6400,6020,6030,40410,2310,1550,20810,20760,6440,7580,9300,6370,5980,5890,39650,2270,1770
2021_02,5時,22040,22190,7060,8030,9810,6670,6250,6390,42420,2500,1560,21770,21950,7060,7780,9760,6460,6200,6440,41900,2520,1580
2021_02,6時,21800,22420,7250,7930,9820,6590,6250,6360,41390,2900,2180,21550,22030,7140,7740,9680,6420,6180,6390,41170,2660,2000
2021_02,7時,21420,22330,6870,7830,9640,6640,6290,6460,37650,5020,3440,21730,21990,7010,7790,9680,6410,6260,6560,40110,3350,2600
2021_02,8時,20780,22860,6360,7850,9690,6690,6350,6680,32280,9410,4560,22050,22290,6950,7970,9980,6540,6340,6550,38780,4290,3540
2021_02,9時,19270,21860,5560,7350,8960,6230,6230,6790,27750,10380,5230,22070,22190,6880,8100,9660,6520,6330,6740,37020,4740,4620
2021_02,10時,18630,20940,5080,7030,8470,6000,6210,6750,25260,10490,5900,21760,21940,6800,8050,9290,6400,6290,6860,35350,4780,5660
2021_02,11時,18350,20920,4990,6940,8360,5880,6200,6870,24330,10430,6500,21120,21310,6530,7680,9000,6260,6130,6830,33360,4630,6390
2021_02,12時,18490,20950,4960,6990,8430,5960,6270,6810,24000,10730,6710,20960,20980,6430,7580,8870,6270,6030,6750,32490,4700,6690
2021_02,13時,18390,21090,5040,7000,8460,6010,6200,6760,23790,10870,6790,20870,20930,6350,7520,9050,6210,6000,6670,32220,4630,6880
2021_02,14時,18070,20800,5000,6950,8300,5910,6010,6680,23500,10640,6670,20490,20570,6070,7320,8780,6180,5870,6820,31540,4480,6980
2021_02,15時,18040,20850,4980,6920,8280,5880,5990,6810,23830,10450,6560,20280,20470,5970,7190,8800,6150,5860,6770,31310,4400,7010
2021_02,16時,18460,20730,5090,6920,8380,6010,6090,6680,24650,10220,6300,20460,20480,5870,7370,8790,6300,5950,6640,32090,4360,6500
2021_02,17時,18700,20830,5170,7010,8490,6080,6250,6520,26430,9400,5730,20460,20520,5810,7420,8920,6350,5990,6470,33330,4030,5670
2021_02,18時,18640,20830,5180,7120,8540,6040,6160,6410,29470,6900,5120,20500,20860,5880,7530,9070,6410,6050,6400,34970,3610,4860
2021_02,19時,19510,20890,5680,7280,8850,6210,6150,6210,32940,5090,4370,20650,20970,6150,7540,9160,6410,6120,6240,36460,3290,4050
2021_02,20時,20090,20850,6050,7330,9230,6320,6030,5960,35780,3840,3340,20640,21030,6410,7510,9250,6310,6100,6070,37760,3070,3080
2021_02,21時,20380,21050,6480,7470,9390,6330,5970,5770,37880,3130,2480,20830,20960,6730,7610,9330,6230,6010,5860,38870,2800,2370
2021_02,22時,20340,20740,6570,7480,9270,6340,5820,5580,38620,2610,1980,20610,20730,6750,7630,9260,6160,5840,5680,39090,2550,1920
2021_02,23時,19730,20000,6540,7270,9020,6120,5550,5210,37850,2350,1630,19910,20000,6530,7420,8990,5960,5560,5430,38120,2350,1600
2021_02,24時,21010,21530,6980,7650,9500,6360,5950,6080,40920,2420,1430,21010,21110,6730,7600,9440,6250,5990,6100,40610,2370,1360
2021_02,25時,21180,21640,7020,7740,9530,6410,5980,6130,41190,2450,1440,21170,21210,6840,7630,9470,6270,6040,6110,40850,2370,1370
2021_02,26時,21170,21570,7040,7760,9500,6340,5960,6130,41200,2410,1380,21220,21170,6840,7660,9470,6250,6030,6130,40910,2360,1340
2021_02,27時,21240,21570,7040,7780,9520,6350,5960,6140,41280,2400,1370,21220,21250,6830,7700,9480,6250,6030,6160,40980,2380,1340
2021_02,28時,21240,21590,7050,7770,9520,6330,5990,6150,41270,2380,1390,21190,21230,6850,7660,9440,6220,6040,6170,40940,2360,1310
2021_03,5時,21880,22120,7170,8190,9750,6370,6140,6360,41780,2530,1780,21570,21610,7010,7990,9500,6300,6110,6250,40730,2440,2020
2021_03,6時,21710,22350,7280,8160,9660,6290,6250,6400,40680,3040,2460,21390,21680,6970,8000,9450,6200,6080,6360,40030,2680,2400
2021_03,7時,21370,22370,7100,8030,9520,6300,6270,6480,37000,5270,3610,21350,21660,6840,7900,9450,6270,6090,6450,38940,3320,2850
2021_03,8時,20860,23220,6640,8340,9720,6480,6310,6570,31650,9670,5170,21670,21850,6860,8060,9690,6320,6190,6390,37650,4040,3860
2021_03,9時,19390,22220,5730,7860,9040,6030,6260,6680,27090,10470,6070,21380,21940,6710,8050,9430,6340,6220,6570,35760,4380,5050
2021_03,10時,18590,21520,5180,7580,8590,5780,6140,6820,24670,10510,6790,20950,21710,6640,7890,9040,6250,6140,6680,34120,4390,5920
2021_03,11時,18160,21170,4950,7330,8390,5670,6200,6760,23400,10480,7260,20420,21060,6370,7540,8750,5950,6140,6710,32130,4410,6570
2021_03,12時,18350,21130,4950,7460,8460,5610,6250,6730,23190,10810,7320,20250,20970,6070,7660,8690,5930,6060,6800,31480,4420,6970
2021_03,13時,18440,21010,4920,7390,8570,5680,6180,6690,23060,10960,7290,20130,20880,6060,7500,8780,5930,6000,6720,30950,4380,7320
2021_03,14時,18290,20870,4880,7300,8480,5620,6070,6780,22930,10700,7380,19900,20540,5670,7390,8640,5940,6010,6770,30340,4180,7510
2021_03,15時,18030,20740,4750,7190,8430,5550,6100,6720,23010,10550,7060,19510,20290,5720,7270,8440,5870,5870,6620,30160,4130,7160
2021_03,16時,18160,20640,4770,7130,8490,5610,6150,6630,23800,10380,6520,19670,20420,5690,7360,8620,5940,5880,6590,30990,4140,6650
2021_03,17時,18520,20700,4920,7160,8620,5740,6270,6500,25690,9530,5910,19780,20110,5450,7400,8630,6070,5920,6400,31880,3730,6000
2021_03,18時,18760,20770,5110,7400,8610,5780,6150,6470,28800,7190,5430,19990,20450,5560,7690,8770,6090,5980,6340,33430,3400,5420
2021_03,19時,19330,20850,5640,7380,8920,5870,6150,6200,32170,5320,4590,20160,20550,5780,7690,8920,6180,6020,6100,34820,3060,4640
2021_03,20時,19860,20710,5930,7450,9200,5960,6060,5960,34730,4060,3680,20370,20720,6100,7730,9250,6110,5910,5960,36470,2850,3570
2021_03,21時,20370,20570,6280,7640,9280,5970,6000,5750,36790,3240,2810,20380,20550,6290,7650,9240,6070,5870,5790,37350,2640,2800
2021_03,22時,20280,20400,6490,7640,9190,5980,5790,5580,37840,2630,2160,20180,20350,6510,7640,9170,6010,5640,5550,37710,2340,2350
2021_03,23時,19560,19800,6450,7430,8950,5770,5490,5250,37240,2230,1740,19450,19650,6330,7410,8870,5800,5400,5280,36790,2130,1970
2021_03,24時,21050,21270,6920,7930,9410,6110,5920,6030,40440,2340,1560,20740,20970,6690,7750,9320,6120,5820,5990,39520,2270,1880
2021_03,25時,21190,21360,6990,7980,9420,6140,5950,6070,40620,2360,1610,20940,21070,6780,7830,9350,6130,5860,6040,39790,2270,1900
2021_03,26時,21230,21340,7010,8030,9410,6100,5930,6070,40690,2370,1550,20980,20980,6800,7820,9320,6120,5840,6040,39760,2260,1860
2021_03,27時,21260,21360,7030,8040,9410,6110,5940,6080,40720,2370,1560,21060,20990,6840,7860,9300,6140,5850,6050,39890,2270,1830
2021_03,28時,21220,21390,7030,8030,9380,6100,5970,6080,40740,2360,1520,21090,20930,6890,7810,9300,6080,5870,6040,39910,2270,1760
2021_04,5時,22780,22800,7880,8370,10070,6840,5860,6550,43340,2550,1730,22680,22720,8080,8150,9910,6840,5830,6580,43020,2400,1970
2021_04,6時,22650,22790,7850,8400,9930,6790,5830,6630,42130,3000,2330,22460,22660,8080,8120,9690,6730,5840,6650,42230,2640,2220
2021_04,7時,22170,22900,7540,8280,9700,6810,6050,6680,38200,5410,3490,22380,22600,7860,8050,9800,6700,5880,6660,41040,3240,2640
2021_04,8時,21260,23360,6920,8300,9560,6990,6100,6730,32380,9300,5010,22400,22930,7850,8120,9810,6790,5980,6750,39560,4000,3660
2021_04,9時,19460,22190,6220,7450,8720,6440,5980,6830,27610,9980,5850,22030,22530,7600,7970,9500,6710,6000,6760,37280,4170,4840
2021_04,10時,18480,21480,5650,7040,8270,6110,5840,7030,25100,9970,6560,21540,22690,7610,7940,9230,6520,6070,6840,35660,4160,6090
2021_04,11時,18130,21080,5470,6810,8320,5960,5790,6830,23780,10170,6910,20880,22140,7320,7630,8990,6280,5900,6870,33650,4200,6760
2021_04,12時,18690,21200,5630,7050,8520,5980,5800,6900,23910,10520,7150,20830,21980,7120,7600,8830,6330,5930,6990,33100,4250,7050
2021_04,13時,18750,21110,5620,7120,8460,5960,5830,6850,23770,10600,7190,20850,21710,7190,7450,8960,6290,5750,6890,32360,4400,7360
2021_04,14時,18550,20930,5550,7050,8270,5880,5840,6870,23600,10450,7160,20760,21200,7120,7180,8900,6230,5700,6830,31800,4180,7510
2021_04,15時,18250,20790,5380,6860,8250,5930,5810,6790,23650,10230,6850,20190,20970,6880,6880,8750,6180,5680,6760,31440,4050,7220
2021_04,16時,18390,20470,5400,6780,8220,6010,5750,6690,24320,9950,6330,20280,20700,6640,6940,8760,6290,5630,6700,32050,3990,6550
2021_04,17時,18760,20980,5580,6930,8510,6130,5880,6700,26490,9320,5720,20610,20740,6420,7360,8980,6260,5680,6630,33420,3770,5870
2021_04,18時,19300,21220,6020,7090,8920,6090,5700,6670,29850,6970,5510,20870,21200,6660,7690,9170,6340,5670,6520,35290,3300,5230
2021_04,19時,19930,21550,6350,7280,9200,6320,5780,6540,33400,5110,4790,21090,21550,6800,7780,9410,6520,5670,6450,36770,3030,4640
2021_04,20時,20680,21390,6450,7590,9470,6500,5740,6290,36230,3850,3810,21570,21630,7090,7870,9700,6600,5640,6290,38430,2780,3800
2021_04,21時,21150,21200,6710,7810,9600,6520,5650,6030,38240,2970,2990,21520,21410,7220,7830,9730,6520,5540,6070,39180,2510,3080
2021_04,22時,21140,21080,7030,7900,9510,6480,5490,5790,39330,2410,2340,21160,21250,7330,7820,9530,6450,5380,5870,39530,2260,2480
2021_04,23時,20350,20430,6970,7660,9250,6250,5170,5470,38650,2180,1780,20370,20490,7270,7400,9290,6230,5160,5500,38560,2100,2000
2021_04,24時,21780,21940,7460,8040,9680,6610,5600,6310,41950,2240,1450,21630,22130,7790,7810,9710,6620,5520,6290,41690,2140,1840
2021_04,25時,21920,22060,7520,8120,9710,6640,5620,6350,42160,2260,1500,21820,22230,7860,7890,9740,6640,5560,6330,41910,2180,1890
2021_04,26時,21990,22080,7570,8130,9720,6640,5610,6370,42270,2260,1490,21850,22210,7900,7930,9720,6630,5540,6320,41950,2160,1860
2021_04,27時,22040,22100,7590,8150,9730,6650,5620,6390,42330,2280,1480,21900,22210,7940,7950,9700,6630,5540,6340,41990,2230,1810
2021_04,28時,22110,22120,7660,8160,9730,6630,5640,6390,42360,2320,1500,21920,22250,7960,7970,9700,6610,5560,6350,42030,2230,1820
2021_05,5時,22690,22140,7360,7970,10200,6950,5760,6570,42600,2640,1890,22640,22250,7450,7950,10150,6960,5770,6590,42220,2490,2380
2021_05,6時,22730,22240,7480,8090,10090,6850,5790,6650,41440,3270,2580,22530,22260,7470,8020,10060,6850,5760,6620,41540,2700,2730
2021_05,7時,22070,22440,7270,8210,9790,6740,5830,6650,37590,5690,3560,22650,22150,7340,8150,10090,6820,5750,6630,40560,3330,3120
2021_05,8時,21560,22780,6880,8230,9720,6870,5860,6770,32250,9820,4900,22460,22500,7260,8100,10150,6870,5850,6710,39080,4120,4010
2021_05,9時,20130,21770,6210,7580,8910,6400,5810,6960,28230,10200,5660,22190,22100,7000,7930,9880,6840,5840,6790,37120,4210,5070
2021_05,10時,19090,20840,5710,7170,8270,6010,5790,6960,25450,10190,6360,21780,22030,6980,7730,9670,6640,5850,6930,35480,4170,6200
2021_05,11時,18700,20780,5540,7000,8320,5910,5800,6890,24610,10190,6700,21380,21480,6790,7490,9310,6470,5880,6910,33740,4150,6920
2021_05,12時,19130,20710,5740,7110,8350,5930,5760,6920,24670,10480,6750,21140,21620,6670,7590,9230,6420,5820,7020,33240,4230,7260
2021_05,13時,19340,20570,5600,7190,8480,6020,5650,6950,24600,10610,6730,21020,21230,6610,7420,9140,6330,5810,6920,32510,4190,7450
2021_05,14時,19020,20340,5530,7130,8360,5870,5570,6890,24410,10370,6610,20780,20950,6350,7320,9150,6240,5680,6970,32090,4040,7500
2021_05,15時,18860,20170,5440,6860,8360,5930,5550,6870,24490,10170,6400,20440,20680,6260,7020,9080,6310,5570,6870,31830,3920,7310
2021_05,16時,19070,20080,5410,6890,8440,6030,5660,6700,25360,9880,5950,20540,20920,6370,7220,9070,6340,5620,6820,32630,3880,6840
2021_05,17時,19230,20610,5570,6820,8850,6170,5680,6730,27440,9140,5360,20610,21030,6470,7230,9170,6420,5710,6630,33880,3690,6060
2021_05,18時,19740,20840,5970,6890,9100,6340,5620,6650,30840,6830,5030,20900,21320,6460,7370,9530,6610,5710,6530,35630,3330,5290
2021_05,19時,20370,20930,6140,7100,9440,6440,5780,6390,34010,5150,4270,21290,21430,6570,7460,9690,6760,5820,6400,37210,3070,4500
2021_05,20時,20840,21040,6300,7410,9650,6530,5730,6240,36520,3980,3510,21670,21450,6880,7610,9850,6800,5720,6250,38590,2900,3750
2021_05,21時,21050,20980,6570,7500,9670,6580,5620,6070,38170,3150,2840,21690,21410,7050,7710,9930,6730,5560,6080,39530,2680,3050
2021_05,22時,20860,20770,6700,7460,9620,6520,5420,5880,38830,2650,2290,21390,21250,7150,7670,9850,6690,5420,5850,39620,2490,2690
2021_05,23時,20120,19920,6480,7280,9350,6240,5150,5520,37860,2420,1850,20580,20630,7050,7480,9540,6400,5170,5550,38650,2360,2320
2021_05,24時,21570,21410,7040,7720,9750,6620,5520,6310,41070,2490,1650,21840,21720,7310,7750,9890,6780,5530,6270,41240,2390,2100
2021_05,25時,21780,21460,7130,7770,9790,6650,5540,6350,41280,2500,1720,22010,21790,7320,7880,9920,6800,5560,6300,41530,2400,2070
2021_05,26時,21760,21410,7140,7750,9780,6620,5520,6340,41300,2490,1630,22030,21770,7340,7850,9920,6790,5560,6310,41570,2400,2030
2021_05,27時,21760,21430,7160,7750,9760,6620,5540,6340,41330,2510,1600,22010,21700,7330,7790,9900,6810,5560,6310,41520,2400,2000
2021_05,28時,21810,21400,7150,7780,9750,6600,5550,6360,41360,2500,1590,22030,21720,7360,7820,9890,6770,5580,6320,41540,2410,2010
2021_06,5時,23020,22990,7900,7900,10370,7130,5970,6710,43890,3100,1640,22790,22700,7990,7820,10190,6910,5870,6700,43160,3010,1930
2021_06,6時,22840,23270,7880,8020,10340,7110,5990,6760,42550,3830,2400,22860,22710,8220,7800,10280,6720,5820,6720,42340,3360,2510
2021_06,7時,22560,23440,7800,8380,10100,6950,5890,6860,38600,6370,3730,23060,22750,8110,7870,10200,6770,5990,6850,41500,4160,2810
2021_06,8時,21950,23780,7500,8280,10060,6970,5940,6970,32890,10540,5060,23020,22810,8100,7890,10270,6660,6030,6870,39530,4950,3970
2021_06,9時,20270,22770,6810,7700,9200,6410,5810,7100,28530,11040,5830,22910,22620,8020,7920,10010,6640,5960,6960,37610,4980,5280
2021_06,10時,19240,21900,6250,7170,8710,6070,5750,7170,25890,10900,6590,22230,22170,7590,7800,9580,6440,5930,7030,35380,4770,6440
2021_06,11時,18950,21670,6140,6990,8670,5940,5750,7120,24720,10930,7130,21610,21530,7170,7510,9240,6220,5890,7080,33400,4640,7130
2021_06,12時,19150,21720,6220,7110,8630,5990,5700,7200,24700,11300,7110,21430,21390,6920,7520,9140,6170,5950,7100,32970,4660,7240
2021_06,13時,19330,21320,6030,7140,8680,6030,5610,7150,24430,11380,7060,21320,21080,6840,7400,9080,6140,5860,7060,32380,4680,7320
2021_06,14時,19150,21060,6100,7110,8500,5930,5570,6990,24330,11070,7010,21110,20610,6460,7020,9190,6090,5770,7160,31810,4530,7340
2021_06,15時,19020,21050,5870,6950,8610,5990,5640,7000,24520,10970,6790,21090,20490,6330,6870,9180,6200,5840,7150,31770,4290,7450
2021_06,16時,19020,20970,5910,6870,8570,6080,5640,6900,25310,10700,6200,21120,20510,6290,6890,9260,6310,5770,7090,32600,4320,6690
2021_06,17時,19470,21460,6210,6820,8980,6200,5850,6860,27600,9920,5710,20870,20630,6170,6960,9320,6360,5790,6880,33780,4000,5780
2021_06,18時,19620,21740,6290,6860,9240,6410,5810,6730,31180,7410,5060,20960,20700,6340,6940,9570,6360,5780,6650,35260,3670,4880
2021_06,19時,20250,21810,6690,6880,9450,6570,5950,6500,34570,5330,4420,21180,21120,6560,7050,9700,6570,5810,6590,37120,3380,4030
2021_06,20時,21000,21840,6860,7100,9840,6730,5950,6340,37400,4220,3490,21600,21470,6890,7350,10000,6560,5800,6470,38750,3200,3380
2021_06,21時,21370,21720,7110,7330,9910,6780,5740,6190,39190,3500,2720,21630,21450,6980,7400,10150,6520,5710,6300,39810,2910,2610
2021_06,22時,21340,21590,7240,7390,9950,6780,5550,6000,40110,2920,2260,21280,21330,7060,7300,10000,6560,5540,6140,40250,2700,2010
2021_06,23時,20610,20900,7180,7110,9650,6520,5320,5700,39450,2680,1710,20560,20600,6970,7090,9640,6340,5300,5790,39250,2540,1660
2021_06,24時,22020,22260,7730,7580,10000,6850,5710,6380,42510,2890,1470,22040,21960,7660,7550,9910,6690,5710,6450,42260,2740,1510
2021_06,25時,22140,22360,7760,7660,10030,6870,5730,6430,42690,2930,1490,22130,22090,7720,7610,10000,6680,5710,6490,42430,2750,1570
2021_06,26時,22190,22360,7800,7630,10060,6860,5740,6450,42800,2930,1420,22130,22030,7670,7590,9990,6690,5720,6470,42430,2780,1470
2021_06,27時,22160,22380,7830,7620,10040,6860,5730,6440,42820,2940,1370,22150,22110,7710,7610,9990,6700,5750,6480,42560,2810,1420
2021_06,28時,22200,22420,7860,7660,10020,6830,5770,6460,42900,2940,1370,22230,22090,7680,7690,9980,6670,5770,6500,42590,2820,1440
2021_07,5時,23120,22950,8350,7780,10360,7030,6030,6500,43980,2790,1680,22550,22670,8020,7640,10100,6870,6100,6480,42880,2690,1970
2021_07,6時,23140,23230,8470,7880,10280,7000,6120,6600,42800,3500,2480,22610,22690,8210,7600,10140,6710,6080,6540,42040,3060,2520
2021_07,7時,22440,23090,8040,7950,10100,6620,6110,6700,38690,5740,3460,22430,22400,7810,7530,10080,6680,6150,6560,40380,3930,2780
2021_07,8時,21930,23520,7750,7970,10220,6620,6030,6840,33310,9830,4950,22300,22670,7840,7430,10110,6660,6280,6620,38540,4960,3710
2021_07,9時,20510,22580,7140,7450,9340,6080,6030,7030,28830,10500,5940,22230,22390,7680,7440,9980,6550,6190,6760,36600,5230,4890
2021_07,10時,19380,21920,6580,7060,8730,5750,6000,7160,26260,10390,6720,21280,22040,7260,7230,9400,6440,6120,6860,34480,5060,5800
2021_07,11時,19020,21640,6390,6800,8750,5710,5970,7020,25110,10540,7060,20990,21680,7090,7170,9180,6270,6010,6940,32940,5100,6580
2021_07,12時,19190,21700,6230,6970,8790,5840,5940,7110,24950,10930,7040,21110,21450,6870,7340,9050,6280,6070,6930,32620,5110,6750
2021_07,13時,19420,21400,6220,7040,8820,5830,5780,7110,24820,11010,6980,21000,21080,6670,7370,9000,6110,5980,6940,32140,5250,6620
2021_07,14時,19250,21010,6200,6880,8720,5720,5760,6960,24650,10760,6830,20840,20760,6640,7060,9060,6000,5980,6840,31760,5110,6680
2021_07,15時,19130,21040,6010,6850,8730,5810,5870,6890,24920,10670,6580,20800,20680,6410,6840,9250,6130,5970,6860,31700,4990,6740
2021_07,16時,19360,21020,6190,6860,8610,5950,5900,6850,25810,10460,6160,20910,20710,6450,6930,9260,6140,6000,6820,32180,4960,6460
2021_07,17時,19660,21540,6500,6890,8960,6070,6040,6730,27920,9690,5670,20990,20900,6400,6830,9430,6340,6180,6700,33310,4530,6080
2021_07,18時,19720,21960,6810,7040,9120,6090,6010,6600,31270,7300,5210,21110,21270,6700,7140,9510,6410,6120,6470,35080,4040,5350
2021_07,19時,20480,21980,7000,7130,9560,6280,6090,6370,34760,5290,4500,21160,21400,6820,7140,9720,6450,6120,6310,36750,3430,4470
2021_07,20時,20990,21850,7130,7200,9760,6460,6040,6230,37270,4090,3570,21250,21740,7190,7340,9840,6430,6000,6170,38320,3110,3620
2021_07,21時,21420,21720,7390,7400,9810,6560,5910,6050,39150,3270,2820,21350,21690,7580,7350,9750,6490,5850,6010,39370,2830,2940
2021_07,22時,21380,21530,7660,7370,9730,6570,5670,5890,40130,2670,2270,21100,21340,7540,7300,9690,6470,5580,5830,39690,2500,2390
2021_07,23時,20800,20810,7570,7190,9470,6380,5380,5600,39570,2440,1770,20530,20690,7470,7140,9440,6240,5330,5580,39070,2310,1920
2021_07,24時,22120,22230,8120,7550,9900,6710,5830,6230,42550,2490,1600,22080,21840,7970,7480,9830,6560,5850,6210,41920,2430,1810
2021_07,25時,22280,22310,8140,7610,9960,6730,5850,6260,42750,2510,1620,22170,22030,8070,7500,9880,6590,5890,6250,42140,2490,1820
2021_07,26時,22280,22300,8160,7600,9990,6710,5840,6270,42840,2520,1510,22170,22000,8060,7510,9890,6550,5870,6270,42200,2460,1740
2021_07,27時,22270,22330,8190,7590,9980,6710,5840,6270,42880,2510,1500,22160,22050,8080,7510,9920,6560,5870,6250,42220,2510,1710
2021_07,28時,22210,22380,8210,7590,9940,6670,5860,6290,42850,2520,1480,22120,22010,8030,7530,9890,6520,5890,6260,42220,2510,1630
2021_08,5時,22600,22750,7880,7870,9930,6750,6230,6670,43030,2510,2040,22450,22360,7840,7760,9780,6610,6240,6560,42390,2370,2130
2021_08,6時,22430,22930,8020,7820,9800,6680,6270,6750,41990,2920,2640,22430,22470,8000,7810,9690,6470,6200,6710,41790,2640,2580
2021_08,7時,21830,22890,7500,7820,9720,6510,6270,6890,38430,4870,3580,22490,22200,7560,7900,9650,6440,6280,6830,40590,3370,2780
2021_08,8時,21450,23000,7070,7800,9740,6620,6190,7010,33800,8100,5010,22260,22510,7350,7960,9740,6530,6400,6790,39190,4110,3530
2021_08,9時,20200,22020,6680,7310,8940,6150,6120,7000,29720,8590,5920,22150,22220,7250,7930,9500,6480,6390,6820,37450,4300,4520
2021_08,10時,19320,21590,6460,6990,8470,5910,6030,7030,27550,8490,6760,21980,21720,7150,7720,9210,6260,6390,6960,35950,4230,5350
2021_08,11時,19110,21470,6280,6880,8490,5850,6020,7050,26590,8560,7280,21600,21210,6930,7550,9100,6150,6170,6890,34330,4190,6030
2021_08,12時,19380,21360,6210,7090,8550,5910,5900,7060,26380,8820,7370,21600,21190,6890,7680,8940,6140,6190,6950,34100,4280,6180
2021_08,13時,19200,20910,5960,6960,8460,5880,5870,6970,26180,8790,6980,21660,20810,6800,7500,8950,6030,6260,6920,33810,4350,6120
2021_08,14時,18950,20580,5920,6800,8330,5730,5890,6840,25930,8530,6920,21300,20510,6750,7210,8850,5970,6210,6810,33150,4260,6160
2021_08,15時,19050,20650,5970,6820,8420,5730,5930,6810,26120,8510,6900,21090,20570,6740,7130,8720,5990,6260,6800,33070,4180,6150
2021_08,16時,19130,20870,6110,6890,8350,5890,5970,6770,26970,8480,6400,20770,20520,6590,7090,8540,5990,6260,6790,33330,4070,5630
2021_08,17時,19320,21150,6110,6980,8520,6010,6080,6760,28860,7740,5760,20930,20690,6440,7170,8770,6160,6330,6730,34610,3750,5020
2021_08,18時,19520,21370,6280,7110,8660,6090,6090,6640,31880,5840,5090,21210,20680,6540,7310,8930,6270,6250,6570,36150,3280,4290
2021_08,19時,20360,21700,6830,7260,8970,6180,6310,6510,35130,4430,4510,21330,21030,6740,7450,9150,6320,6240,6440,37550,2970,3710
2021_08,20時,21060,21770,6990,7510,9420,6310,6230,6340,37480,3690,3660,21350,21300,6920,7650,9310,6280,6180,6300,38840,2750,2980
2021_08,21時,21060,21610,7200,7500,9380,6340,6000,6230,38810,2990,2910,21290,21340,7200,7650,9380,6250,5980,6150,39590,2450,2550
2021_08,22時,21070,21450,7400,7520,9330,6320,5820,6120,39580,2550,2470,20860,21070,7130,7570,9320,6190,5760,5950,39580,2240,2080
2021_08,23時,20510,20870,7320,7360,9140,6140,5580,5820,38980,2300,2130,20270,20480,7010,7440,9060,6010,5500,5710,38750,2140,1810
2021_08,24時,21790,22040,7650,7700,9530,6450,6050,6440,41700,2290,1960,21460,21870,7480,7730,9460,6370,5980,6290,41370,2230,1800
2021_08,25時,21950,22080,7640,7750,9600,6480,6060,6480,41870,2300,1980,21690,21840,7520,7810,9460,6380,6030,6300,41580,2220,1800
2021_08,26時,21910,22120,7680,7710,9630,6450,6060,6480,41990,2300,1880,21680,21830,7530,7750,9490,6370,6020,6330,41690,2220,1670
2021_08,27時,21900,22160,7710,7700,9620,6450,6060,6490,42050,2300,1830,21660,21910,7620,7750,9440,6360,6040,6340,41790,2230,1640
2021_08,28時,21860,22170,7710,7730,9580,6430,6060,6500,42050,2310,1800,21550,21930,7570,7770,9420,6350,6010,6350,41770,2230,1570
2021_09,5時,22730,23160,8310,8240,9730,7010,6040,6560,43700,2680,1920,22750,22940,8480,8090,9550,6940,6140,6470,43290,2600,2170
2021_09,6時,22750,23250,8440,8180,9760,6950,6040,6610,42610,3140,2670,22830,22950,8450,8060,9640,6900,6150,6570,42710,2770,2660
2021_09,7時,22600,23360,8280,8350,9650,6720,6190,6750,38980,5530,3920,23020,22850,8330,8250,9590,6860,6220,6600,41450,3620,3110
2021_09,8時,22060,23520,7800,8250,9570,6870,6150,6920,33700,9770,5000,22900,23250,8310,8160,9680,6910,6370,6690,39910,4640,3990
2021_09,9時,20290,22710,7020,7720,8770,6380,6010,7080,29410,10280,5570,22700,22980,8090,8090,9460,6840,6300,6880,37930,5000,4980
2021_09,10時,19360,21990,6430,7320,8370,6110,5940,7160,26930,10250,6300,21990,22080,7450,8000,9040,6510,6200,6840,35570,4720,5830
2021_09,11時,19020,21560,6250,7160,8360,5920,5830,7040,25650,10250,6650,21520,21520,7030,7920,8710,6400,6120,6840,33810,4820,6400
2021_09,12時,19320,21470,5890,7380,8560,5970,5790,7170,25400,10720,6640,21340,21640,6950,8100,8640,6240,6150,6900,33240,5060,6640
2021_09,13時,19220,21190,5730,7340,8520,6020,5720,7070,25160,10660,6540,21300,21020,6490,7860,8740,6260,6130,6830,32630,5010,6600
2021_09,14時,18800,21090,5610,7270,8290,5970,5790,6950,24950,10400,6500,21030,20550,6390,7760,8460,6000,6080,6870,32020,4840,6630
2021_09,15時,18790,21000,5560,7210,8310,5900,5900,6900,25180,10410,6170,20690,20400,6120,7580,8470,6070,6000,6830,31970,4720,6310
2021_09,16時,19230,21020,5830,7210,8430,6080,5910,6760,26180,10300,5780,20800,20520,6150,7510,8590,6180,6070,6800,32600,4750,5960
2021_09,17時,19510,21420,6170,7220,8480,6200,6090,6750,28270,9470,5230,21040,20980,6240,7610,8680,6430,6280,6760,34000,4520,5570
2021_09,18時,19700,21540,6390,7390,8620,6270,6000,6560,31590,7100,4630,20970,21230,6230,7760,8810,6550,6230,6590,35800,3920,4620
2021_09,19時,20580,21790,6780,7670,8970,6370,6200,6350,35190,5230,4060,21180,21590,6690,7920,8860,6700,6180,6400,37520,3520,3860
2021_09,20時,21270,21950,7290,7780,9290,6530,6090,6220,37800,4230,3350,21320,21980,7050,7970,9180,6720,6070,6300,39060,3340,3120
2021_09,21時,21260,21910,7430,7920,9200,6610,5930,6050,39290,3330,2760,21050,21950,6990,7910,9240,6730,5920,6180,39690,2910,2640
2021_09,22時,21370,21760,7720,7920,9180,6610,5770,5910,40220,2930,2250,20620,21790,7280,7780,9030,6630,5720,5970,39840,2620,2220
2021_09,23時,20730,21040,7690,7530,8970,6420,5530,5610,39540,2530,1900,20030,21010,7110,7490,8830,6390,5540,5670,39010,2410,1830
2021_09,24時,22120,22470,8220,8020,9370,6730,5940,6290,42570,2590,1790,21640,22170,7880,7760,9260,6680,5960,6250,41950,2470,1690
2021_09,25時,22330,22560,8280,8120,9430,6780,5970,6300,42810,2590,1860,21790,22280,7930,7850,9310,6700,5990,6280,42140,2470,1760
2021_09,26時,22320,22540,8300,8100,9420,6760,5940,6320,42870,2570,1780,21800,22280,8000,7810,9310,6690,5970,6280,42220,2450,1720
2021_09,27時,22300,22590,8320,8090,9410,6770,5940,6350,42940,2580,1740,21830,22320,8020,7810,9310,6690,5990,6310,42280,2460,1720
2021_09,28時,22280,22630,8370,8150,9370,6740,5920,6340,42950,2570,1760,21810,22290,8080,7790,9250,6650,5990,6320,42230,2460,1710
2021_10,5時,23370,23090,8340,8500,10170,7050,5830,6550,44290,2270,1870,22930,22780,8280,8290,9980,6820,5800,6540,43320,2250,2110
2021_10,6時,23190,23080,8260,8490,10110,6990,5810,6610,42900,2730,2600,22910,22780,8200,8370,9940,6730,5820,6620,42690,2340,2560
2021_10,7時,22740,23090,7750,8460,10010,6910,5980,6700,38860,4930,3960,22760,22480,7810,8220,9960,6670,5980,6590,41010,3060,3070
2021_10,8時,22250,23710,7550,8600,9940,6950,6110,6800,33380,9560,5250,22160,22940,7590,8060,9990,6680,6050,6710,39060,4110,3780
2021_10,9時,20180,22970,6760,8140,8960,6340,5960,6970,28570,10320,6040,22040,22400,7280,7900,9590,6650,6090,6900,36710,4430,5120
2021_10,10時,19090,21950,6150,7580,8390,5970,5950,6980,25640,10270,6780,21650,21990,7240,7850,9160,6460,5950,6960,34600,4420,6280
2021_10,11時,18740,21520,5800,7320,8400,5890,5870,6960,24290,10340,7190,21320,21350,6740,7720,8710,6290,6000,7170,32650,4430,7190
2021_10,12時,18710,21420,5620,7550,8370,5870,5810,6900,23860,10640,7230,21120,21310,6690,7790,8670,6280,6000,6980,31970,4480,7510
2021_10,13時,18500,21310,5350,7560,8400,5950,5710,6810,23510,10660,7230,20830,20690,6280,7600,8580,6210,5880,6960,31220,4280,7530
2021_10,14時,18450,20970,5360,7500,8320,5890,5620,6700,23460,10460,7100,20490,20320,5890,7480,8520,6120,5850,6920,30610,4130,7540
2021_10,15時,18460,21090,5410,7440,8430,5820,5730,6710,23840,10540,6800,20520,20290,5850,7350,8630,6220,5870,6870,30590,4110,7590
2021_10,16時,18960,21160,5590,7470,8510,6090,5760,6700,24920,10360,6480,20830,20170,5810,7420,8760,6260,5900,6830,31430,4130,6980
2021_10,17時,19350,21740,5880,7660,8700,6280,5910,6650,27160,9530,6080,21210,20270,5790,7620,8940,6470,5930,6710,32800,3800,6450
2021_10,18時,19730,22110,6550,7820,8770,6310,5810,6560,30850,7090,5610,21550,20800,6110,7980,9340,6540,5900,6460,34960,3370,5750
2021_10,19時,20420,22230,6880,7700,9330,6420,5950,6350,34320,5110,4930,21600,21360,6360,8070,9540,6680,5890,6410,36680,3190,4860
2021_10,20時,21140,22030,6960,7840,9600,6590,5920,6240,37100,3860,3940,21960,21620,6780,8190,9640,6750,5820,6380,38440,2990,3930
2021_10,21時,21520,21910,7180,8130,9590,6660,5780,6070,39150,2960,3100,21770,21770,7050,8270,9680,6680,5650,6200,39740,2580,3020
2021_10,22時,21580,21820,7480,8150,9580,6670,5610,5890,40300,2460,2450,21760,21560,7360,8210,9590,6620,5510,6010,40360,2370,2390
2021_10,23時,20700,21120,7380,7730,9320,6410,5360,5600,39600,2180,1810,20850,20900,7230,7830,9300,6380,5300,5700,39560,2140,1810
2021_10,24時,22440,22350,8070,8270,9730,6720,5730,6260,42790,2170,1700,22180,22010,7710,8190,9670,6630,5660,6310,42300,2050,1670
2021_10,25時,22650,22410,8130,8330,9780,6760,5780,6270,43030,2170,1740,22360,22090,7810,8300,9680,6660,5670,6310,42490,2020,1770
2021_10,26時,22700,22420,8180,8320,9810,6750,5770,6280,43180,2120,1680,22370,22080,7870,8270,9650,6620,5680,6330,42600,2000,1680
2021_10,27時,22750,22510,8270,8320,9830,6760,5760,6310,43320,2130,1690,22340,22080,7830,8280,9640,6630,5680,6340,42650,1990,1600
2021_10,28時,22710,22540,8300,8360,9800,6740,5720,6310,43290,2130,1690,22400,22090,7840,8310,9680,6610,5680,6360,42690,2010,1620
2021_11,5時,22800,23160,8270,8530,10160,6810,5760,6420,44050,2360,1590,22400,23080,8080,8390,10000,6750,5820,6410,43310,2280,1840
2021_11,6時,22920,23260,8200,8580,10310,6750,5860,6460,42780,2960,2440,22570,22950,8020,8380,10120,6710,5810,6460,42570,2620,2250
2021_11,7時,22230,22930,7680,8520,9920,6590,5910,6520,38460,5040,3560,22360,22680,7700,8150,10100,6640,5880,6540,40930,3290,2680
2021_11,8時,21770,22900,7050,8540,9760,6580,5990,6730,32200,9630,4940,22150,22800,7560,8110,9970,6680,5980,6630,38820,4310,3600
2021_11,9時,19630,21930,6060,8050,8740,6020,5800,6880,27240,10430,5680,21710,22290,7300,7960,9420,6650,6040,6600,36190,4780,4770
2021_11,10時,18660,21120,5640,7570,8130,5720,5710,7000,24430,10460,6570,21240,21950,7110,7820,9120,6370,5940,6800,34200,4720,5900
2021_11,11時,18270,20690,5400,7210,8150,5690,5700,6790,23020,10550,6990,20320,21060,6370,7470,8670,6210,5840,6800,31650,4660,6580
2021_11,12時,18310,20740,5360,7450,8220,5690,5630,6690,22700,10850,7090,20090,20550,6050,7500,8410,6170,5770,6720,30680,4800,6640
2021_11,13時,18300,20670,5240,7440,8270,5730,5590,6680,22430,10800,7260,19910,20500,6010,7310,8390,6110,5750,6820,29890,4720,7250
2021_11,14時,18110,20350,5190,7450,8060,5640,5570,6540,22350,10580,7120,19750,20330,5930,7060,8540,6050,5710,6770,29680,4590,7320
2021_11,15時,18060,20360,5120,7300,8150,5680,5590,6570,22640,10500,6870,19790,20130,6000,6880,8680,6050,5680,6620,29850,4600,7050
2021_11,16時,18520,20500,5380,7330,8220,5810,5640,6610,23920,10310,6410,19920,19940,5920,6890,8620,6140,5690,6590,30600,4460,6360
2021_11,17時,18850,20610,5400,7350,8380,5980,5760,6570,26030,9420,5700,20390,20170,5920,7250,8880,6270,5750,6470,32410,4100,5640
2021_11,18時,19110,21290,5960,7430,8760,6050,5710,6470,29870,7120,5180,20740,20680,6360,7530,9190,6260,5780,6270,34410,3580,5090
2021_11,19時,19950,22090,6850,7560,9250,6190,5880,6300,33610,5420,4850,20890,21620,6810,7910,9380,6360,5820,6220,36410,3250,4610
2021_11,20時,20710,22150,7180,7760,9560,6390,5800,6140,36630,3970,4070,21240,21910,7120,8000,9610,6470,5770,6160,38080,2950,3900
2021_11,21時,21020,21970,7260,7980,9580,6480,5670,6000,38670,2990,3170,21270,21920,7350,7990,9670,6500,5670,5990,39440,2600,2990
2021_11,22時,21000,21970,7520,8040,9540,6480,5540,5820,39860,2500,2480,20940,22090,7650,8030,9640,6470,5490,5740,40180,2320,2370
2021_11,23時,20320,21290,7470,7740,9320,6270,5280,5510,39350,2260,1880,20310,21410,7430,7800,9370,6270,5270,5570,39480,2140,1960
2021_11,24時,22020,22490,7960,8360,9740,6530,5740,6160,42730,2190,1540,21710,22370,7840,8190,9770,6510,5660,6090,42430,2080,1480
2021_11,25時,22260,22630,8210,8410,9740,6550,5780,6170,43070,2190,1590,21850,22520,7980,8250,9790,6540,5700,6100,42690,2090,1520
2021_11,26時,22230,22620,8190,8400,9780,6540,5750,6180,43180,2180,1450,21890,22500,8080,8210,9790,6520,5680,6100,42750,2090,1480
2021_11,27時,22200,22630,8150,8380,9770,6580,5760,6180,43200,2190,1400,21860,22510,8100,8170,9760,6500,5690,6140,42780,2090,1430
2021_11,28時,22190,22590,8120,8390,9730,6570,5740,6220,43150,2190,1390,21830,22550,8150,8150,9730,6500,5680,6150,42760,2100,1440
2021_12,5時,22090,23600,8120,8490,10060,6630,5880,6490,43420,2080,1900,22180,23230,7990,8630,9930,6540,5850,6450,43020,1970,1990
2021_12,6時,22030,23710,8040,8540,10160,6530,5960,6490,42190,2670,2590,22310,23290,7870,8820,9990,6500,5930,6460,42460,2300,2410
2021_12,7時,21880,23410,7570,8570,10120,6490,5990,6520,38630,4480,3860,22060,23090,7500,8600,10040,6570,6000,6410,41090,2980,2660
2021_12,8時,21490,23280,7060,8620,9850,6460,6050,6710,32730,8500,5340,22060,23000,7310,8460,10160,6530,6090,6500,39180,3980,3490
2021_12,9時,19940,22440,6520,8310,8870,6020,5810,6820,28380,9290,6220,22080,22630,7340,8390,9630,6530,6190,6620,36660,4520,4990
2021_12,10時,19000,21600,5850,7890,8240,5770,5840,6980,25740,9370,6960,21600,21860,7330,7940,9060,6280,6060,6770,34030,4600,6220
2021_12,11時,18430,21310,5480,7620,8170,5720,5820,6900,24190,9310,7650,21300,21210,6910,7910,8600,6140,6090,6840,31890,4610,7350
2021_12,12時,18450,21390,5390,7730,8320,5720,5790,6870,23820,9580,7830,21230,21110,6880,7760,8710,6000,6060,6920,31030,4660,7920
2021_12,13時,18600,20930,5060,7870,8320,5760,5640,6860,23420,9740,7800,20570,21080,6490,7590,8680,5960,5960,6960,30430,4550,7890
2021_12,14時,18490,20620,4920,7830,8150,5660,5650,6870,23300,9440,7780,20350,20630,6500,7460,8440,5770,5820,6980,29840,4430,7950
2021_12,15時,18470,20650,5130,7520,8340,5670,5680,6780,23570,9450,7530,20470,20410,6490,7180,8500,5960,5920,6820,29810,4360,7930
2021_12,16時,18570,20530,5200,7420,8260,5760,5730,6710,24420,9340,6700,20430,20530,6240,7310,8680,5990,6000,6710,30530,4360,7270
2021_12,17時,18880,20810,5300,7510,8470,5900,5880,6590,26480,8600,5990,20800,20660,6190,7470,8960,6090,6130,6590,32110,4090,6540
2021_12,18時,19050,21480,6020,7430,8750,5940,5900,6480,29790,6610,5510,21020,21190,6450,7800,9260,6150,6100,6430,34260,3550,5740
2021_12,19時,19670,22150,6550,7730,9030,6130,5990,6370,33030,4830,5310,21250,22000,7010,8020,9510,6220,6050,6410,36180,2980,5450
2021_12,20時,20120,22220,6850,7790,9290,6220,5960,6210,35540,3530,4650,21410,22370,7340,8210,9660,6390,5930,6230,37890,2760,4490
2021_12,21時,20490,22290,7090,8020,9480,6280,5820,6070,37620,2810,3780,21300,22580,7610,8230,9770,6380,5760,6110,39330,2370,3640
2021_12,22時,20330,22250,7180,8160,9430,6250,5630,5900,38720,2370,2970,20990,22570,7880,8180,9690,6330,5550,5910,39980,2200,2910
2021_12,23時,19600,21650,7160,7810,9230,6050,5390,5590,38420,2020,2310,20220,21950,7860,7910,9350,6100,5260,5660,39540,1930,2200
2021_12,24時,21310,22880,7780,8330,9660,6360,5790,6260,41860,1890,2060,21430,22900,7930,8340,9670,6350,5740,6270,42350,1840,1750
2021_12,25時,21560,22990,7880,8410,9720,6400,5850,6270,42250,1910,2030,21620,23110,8120,8380,9720,6400,5780,6310,42700,1840,1820
2021_12,26時,21560,22980,7940,8400,9690,6400,5820,6280,42380,1880,1920,21600,22960,8120,8300,9680,6410,5740,6290,42770,1790,1600
2021_12,27時,21510,23050,7980,8370,9700,6390,5800,6300,42430,1860,1880,21650,23000,8180,8400,9610,6380,5750,6320,42830,1760,1650
2021_12,28時,21480,23030,7960,8380,9670,6380,5790,6310,42400,1850,1860,21590,22930,8140,8340,9610,6350,5720,6340,42760,1740,1580
2022_01,5時,20980,23650,7780,7820,10020,6730,5890,6370,42240,2100,2000,20780,23050,7610,7550,9800,6530,5900,6430,41370,1860,2170
2022_01,6時,21070,23630,7540,8000,10170,6640,5960,6370,41080,2690,2640,20790,23000,7450,7630,9830,6510,5930,6420,40700,2140,2550
2022_01,7時,20710,23520,7180,8190,9970,6500,5890,6480,37700,4340,3880,20620,22600,7020,7520,9760,6390,6040,6490,39250,2660,2880
2022_01,8時,20240,23360,6480,8370,9640,6550,5910,6630,32120,8160,5070,20530,22550,6750,7450,9680,6530,6050,6610,37450,3520,3620
2022_01,9時,19430,22810,6540,8190,8770,6110,5760,6850,28300,9140,6310,20630,22370,6800,7680,9360,6460,6020,6670,35660,3970,4760
2022_01,10時,18610,22220,6010,7970,8170,5860,5720,7080,26170,9250,6830,20330,22150,6930,7410,9110,6260,5990,6770,33990,3940,5840
2022_01,11時,18350,21860,5730,7870,8060,5830,5690,7010,24730,9390,7460,20130,21520,6450,7340,8850,6170,6030,6790,32110,4070,6730
2022_01,12時,18630,21780,5570,8050,8240,5910,5640,6980,24180,9790,7800,20090,21240,6360,7410,8700,6190,5980,6680,31350,4170,7050
2022_01,13時,18520,21350,5290,7960,8230,6000,5530,6840,23830,9910,7490,20160,21140,6280,7260,8880,6150,5930,6780,30920,4190,7440
2022_01,14時,18320,21040,5230,7920,8070,5910,5510,6700,23800,9620,7300,19920,20640,6110,7140,8620,6160,5810,6700,30260,4030,7520
2022_01,15時,18320,21100,5270,7710,8280,5920,5530,6700,24030,9600,7120,19730,20660,6020,6990,8670,6210,5760,6720,30270,3930,7430
2022_01,16時,18730,21060,5350,7860,8420,6000,5600,6530,25120,9370,6670,19850,20870,6150,7160,8730,6180,5840,6630,30970,3990,7030
2022_01,17時,19120,21450,5600,7890,8630,6140,5760,6530,27320,8770,5950,20300,20860,6180,7420,8900,6260,5850,6530,32390,3900,6230
2022_01,18時,19210,22320,6210,8080,8830,6150,5810,6450,30900,6950,5170,20170,21120,6410,7380,9020,6200,5880,6390,34170,3520,5020
2022_01,19時,20020,22810,6750,8120,9280,6390,5990,6280,34300,5200,4840,20280,21360,6680,7310,9180,6290,5860,6310,35450,3290,4340
2022_01,20時,20180,22770,6970,7810,9620,6470,5930,6120,36310,3880,4260,20240,21580,6820,7320,9330,6380,5780,6180,36560,2990,3760
2022_01,21時,20380,22810,7240,7850,9750,6560,5790,5980,38190,2950,3560,20010,21590,6740,7300,9460,6420,5700,5960,37490,2450,3160
2022_01,22時,19990,22750,7310,7730,9710,6510,5610,5850,39200,2380,2720,19650,21670,7020,7210,9440,6360,5510,5760,38180,2160,2500
2022_01,23時,19180,21990,7180,7290,9470,6250,5380,5580,38460,2040,2200,18830,21280,6860,6940,9230,6220,5340,5500,37600,1910,2110
2022_01,24時,20610,23240,7640,7780,9860,6550,5840,6160,41520,2000,1920,20190,22470,7360,7390,9600,6400,5780,6110,40510,1910,1840
2022_01,25時,20740,23350,7710,7870,9860,6580,5870,6180,41800,2000,1930,20400,22540,7400,7480,9660,6420,5820,6150,40800,1880,1860
2022_01,26時,20690,23380,7770,7840,9840,6550,5860,6200,41930,1940,1830,20320,22490,7360,7480,9590,6400,5790,6170,40790,1860,1760
2022_01,27時,20710,23420,7840,7840,9830,6550,5850,6190,42020,1920,1810,20280,22490,7390,7420,9600,6380,5790,6170,40860,1850,1660
2022_01,28時,20700,23450,7830,7880,9830,6520,5850,6220,42010,1940,1840,20230,22470,7350,7440,9590,6360,5770,6180,40790,1850,1670
2022_02,5時,21420,23810,7440,8030,10520,6850,6010,6360,43210,2610,1550,21570,23320,7450,7860,10400,6830,5990,6330,42720,2610,1680
2022_02,6時,21330,23810,7230,8040,10600,6840,6040,6370,42000,3030,2230,21630,23190,7340,7880,10510,6780,5950,6340,41990,2820,2150
2022_02,7時,20930,23820,7190,8050,10350,6690,6010,6440,38210,4880,3710,21470,23230,7260,7790,10430,6860,5930,6420,40700,3270,2850
2022_02,8時,20610,23730,6340,8500,10050,6750,6130,6560,32370,9260,4960,21490,23460,7060,7890,10500,6960,6000,6510,39090,4200,3710
2022_02,9時,19500,22930,6210,8100,9250,6090,5940,6810,28380,9990,5940,21500,22930,7040,8000,10020,6780,5940,6630,36800,4550,5040
2022_02,10時,19270,22370,5960,8040,8710,5850,5980,7070,26440,10130,6860,21320,22670,7030,7760,9900,6490,5940,6850,35300,4510,5990
2022_02,11時,18980,22150,5830,7800,8570,5950,5970,6990,25180,10280,7430,20920,22080,6650,7440,9570,6540,5980,6800,33400,4580,6770
2022_02,12時,19270,22080,5720,8010,8690,6040,6020,6860,24900,10720,7480,20920,22360,6740,7710,9680,6480,5940,6730,32930,4730,7360
2022_02,13時,19010,21490,5200,7930,8670,6120,5820,6750,24250,10780,7200,20870,21730,6550,7550,9590,6380,5820,6680,32440,4750,7160
2022_02,14時,18850,21210,5200,7900,8520,5980,5730,6700,24290,10520,6970,20540,20970,6190,7380,9380,6260,5700,6570,31920,4690,6710
2022_02,15時,18840,21270,5240,7780,8660,6010,5820,6590,24690,10500,6680,20690,20580,5980,7560,9290,6230,5650,6550,31640,4660,6790
2022_02,16時,19170,21300,5350,7880,8810,6050,5930,6430,25670,10290,6270,20720,20680,6000,7640,9280,6220,5760,6480,32040,4670,6480
2022_02,17時,19650,21480,5630,7920,8970,6190,5980,6420,27740,9540,5640,21010,20760,5930,7860,9440,6240,5870,6400,33590,4310,5690
2022_02,18時,20080,22110,6310,8010,9310,6170,5990,6380,31340,7650,5000,20980,20970,5950,7910,9600,6250,5920,6310,35640,3800,4400
2022_02,19時,20590,22610,6820,8040,9550,6380,6140,6260,34900,5790,4360,21190,21770,6500,8020,9880,6440,5880,6210,37410,3600,3840
2022_02,20時,20760,22670,7040,7890,9860,6500,5990,6130,37280,4260,3760,21240,21990,6770,8010,9970,6540,5840,6080,38650,3210,3250
2022_02,21時,20870,22770,7060,7940,10140,6580,5920,5970,39350,3320,2900,21090,22160,6910,8020,10110,6550,5740,5900,39760,2910,2550
2022_02,22時,20570,22660,7020,7850,10220,6560,5730,5830,40210,2940,2100,20510,22200,7060,7760,10070,6530,5550,5740,40200,2630,1840
2022_02,23時,19750,21890,6930,7420,9870,6350,5480,5570,39330,2590,1690,19840,21570,7010,7440,9770,6340,5320,5500,39390,2390,1510
2022_02,24時,21090,23170,7220,7890,10290,6670,5980,6190,42320,2600,1430,21020,22920,7370,7770,10170,6600,5810,6190,42140,2440,1450
2022_02,25時,21220,23220,7300,7910,10290,6720,6000,6210,42520,2590,1440,21070,23020,7390,7860,10170,6600,5840,6220,42350,2410,1430
2022_02,26時,21160,23240,7340,7910,10280,6680,5970,6200,42640,2540,1340,21110,22970,7400,7850,10200,6560,5830,6210,42360,2410,1380
2022_02,27時,21150,23270,7380,7920,10300,6660,5960,6200,42690,2530,1320,21100,22970,7460,7820,10190,6550,5830,6210,42390,2410,1360
2022_02,28時,21150,23260,7370,7940,10280,6640,5960,6200,42690,2520,1320,21040,22980,7450,7820,10170,6540,5820,6210,42340,2410,1360
2022_03,5時,21190,23400,7340,7630,10230,6850,5800,6720,42400,2330,1730,20810,23070,7030,7580,9940,6760,5790,6770,41370,2400,2010
2022_03,6時,21000,23450,7290,7600,10340,6660,5810,6730,41270,2790,2290,20580,22760,6840,7440,9890,6660,5790,6710,40510,2350,2350
2022_03,7時,20710,23610,7300,7660,10170,6540,5740,6890,37820,4900,3540,20330,22560,6630,7280,9770,6590,5720,6880,39110,2900,2750
2022_03,8時,20550,23810,6690,8010,10000,6670,6010,6960,32500,8930,4920,20510,22790,6650,7250,9950,6730,5810,6900,37410,3890,3790
2022_03,9時,19460,22770,6380,7440,9200,6080,5890,7210,28080,10080,5810,20250,22590,6860,7120,9520,6540,5770,7020,35090,4340,5020
2022_03,10時,18920,22240,5870,7540,8750,5860,5730,7390,25890,10100,6770,20000,21920,6420,7020,9090,6440,5830,7110,33000,4320,6050
2022_03,11時,18380,21850,5580,7260,8460,5900,5780,7230,24310,10160,7330,19870,20800,6120,6810,8680,6210,5830,7000,30840,4240,6920
2022_03,12時,18700,21720,5570,7450,8500,5950,5860,7080,23850,10580,7570,20070,20950,6360,6980,8670,6260,5820,6920,30450,4420,7520
2022_03,13時,18760,21290,5260,7420,8610,6040,5690,7010,23410,10810,7410,19900,20610,6460,6860,8520,6070,5590,7000,29580,4670,7690
2022_03,14時,18600,21080,5220,7410,8570,5940,5580,6960,23550,10650,7060,19620,20300,6230,6750,8440,5990,5560,6940,29310,4590,7440
2022_03,15時,18650,21100,5290,7360,8660,5920,5560,6940,23910,10660,6770,19670,20540,6490,6740,8320,6020,5640,6990,29610,4540,7540
2022_03,16時,19000,21160,5370,7460,8740,6020,5700,6850,24930,10540,6320,19940,20490,6410,6890,8350,6100,5650,7000,30250,4490,7200
2022_03,17時,19480,21250,5670,7740,8730,6100,5730,6740,26980,9730,5640,20030,20150,6040,7040,8510,6110,5700,6760,31390,4210,6150
2022_03,18時,19960,21850,6330,7940,9000,6090,5730,6690,30690,7850,4900,20390,20770,6370,7430,8830,6130,5670,6710,33550,3900,5330
2022_03,19時,20390,22380,6780,8130,9240,6270,5770,6560,34000,6050,4360,20340,21280,6620,7540,8960,6220,5690,6570,34920,3520,4860
2022_03,20時,20430,22260,6790,7800,9500,6390,5720,6470,36180,4520,3660,20470,21910,6770,7680,9290,6380,5720,6530,36640,3190,4280
2022_03,21時,20590,22280,6800,7900,9690,6450,5700,6300,38100,3450,3020,20440,22020,6670,7820,9500,6400,5690,6360,37860,2860,3480
2022_03,22時,20170,22220,6920,7780,9580,6430,5560,6110,39030,2810,2350,19930,22030,6710,7720,9500,6390,5480,6140,38470,2550,2700
2022_03,23時,19320,21580,6760,7330,9330,6250,5340,5870,38370,2300,1950,18940,21160,6470,7210,9170,6180,5210,5840,37620,2190,2020
2022_03,24時,20710,22900,7190,7710,9900,6580,5720,6490,41460,2230,1750,20220,22520,6950,7450,9630,6530,5560,6600,40660,2120,1780
2022_03,25時,20810,23020,7260,7770,9920,6620,5730,6510,41680,2220,1770,20340,22590,6990,7520,9640,6550,5580,6630,40840,2120,1790
2022_03,26時,20790,23020,7300,7710,9940,6630,5690,6530,41820,2180,1660,20270,22580,6950,7470,9680,6540,5570,6630,40920,2070,1680
2022_03,27時,20760,23020,7320,7680,9940,6610,5680,6540,41830,2150,1640,20280,22530,6960,7470,9640,6510,5570,6630,40900,2050,1670
2022_03,28時,20820,23050,7380,7700,9930,6590,5690,6540,41850,2160,1680,20230,22510,6950,7410,9630,6500,5600,6640,40860,2060,1620
2022_04,5時,21540,23420,7040,8330,9970,7040,5720,6840,42800,2510,1640,21430,22760,6880,8220,9620,7040,5740,6680,41720,2440,1990
2022_04,6時,21670,23450,7190,8270,10100,6930,5720,6900,41650,3110,2330,21530,22800,7050,8190,9660,6960,5690,6760,41200,2600,2430
2022_04,7時,21290,23490,6870,8390,9910,6840,5770,6970,37580,5510,3570,21180,22680,6720,8040,9610,6870,5690,6910,39750,3170,2770
2022_04,8時,20800,24230,6220,9050,9870,6960,5920,6990,32090,10160,4920,21240,22720,6590,8050,9660,6950,5750,6950,38150,4050,3600
2022_04,9時,19500,22970,6050,8030,9160,6320,5620,7270,27420,10870,5890,21060,22610,6870,7690,9400,6820,5850,7030,35630,4710,5060
2022_04,10時,18880,22140,5380,7800,8650,6170,5530,7460,24890,11010,6720,20560,22340,6660,7690,9060,6530,5800,7130,33630,4790,6110
2022_04,11時,18400,21830,5150,7600,8550,6120,5540,7270,23680,11000,7140,20260,21600,6500,7530,8600,6490,5730,7000,31860,4830,6760
2022_04,12時,18560,21770,5100,7680,8630,6120,5570,7220,23330,11330,7260,20270,21110,6440,7320,8620,6390,5690,6900,30750,4900,7280
2022_04,13時,18590,21590,4920,7750,8630,6240,5490,7120,23130,11410,7190,20260,20700,5870,7460,8770,6280,5620,6960,30310,4980,7220
2022_04,14時,18500,21290,4880,7720,8550,6110,5420,7090,23110,11290,6930,20100,20120,5470,7440,8780,6140,5460,6920,30140,4780,6870
2022_04,15時,18640,21170,4840,7750,8670,6050,5450,7030,23460,11220,6680,20030,20160,5530,7370,8750,6070,5450,7000,30430,4740,6550
2022_04,16時,19120,21310,5010,8120,8630,6080,5580,6990,24700,11160,6180,20470,20290,5870,7410,8810,6190,5560,6910,31350,4770,6260
2022_04,17時,19660,21590,5080,8550,8730,6260,5600,7010,26830,10480,5660,20880,20470,6050,7370,8860,6410,5650,6980,32540,4420,6060
2022_04,18時,19930,22010,5760,8680,8870,6260,5500,6840,30360,8260,5060,20940,21060,6300,7790,8950,6470,5620,6840,34340,3940,5400
2022_04,19時,20380,22640,6230,8730,9210,6390,5690,6750,33830,6110,4830,21110,21600,6530,8030,9100,6600,5690,6750,36040,3450,4960
2022_04,20時,20710,22600,6540,8540,9360,6480,5770,6590,36190,4620,4250,21160,21640,6630,8170,9130,6650,5600,6600,36990,3200,4360
2022_04,21時,20880,22490,6650,8550,9450,6590,5720,6400,38030,3630,3510,21030,21910,6680,8220,9330,6670,5540,6470,38110,2950,3680
2022_04,22時,20720,22430,6910,8420,9320,6590,5630,6270,39370,2920,2700,20600,21840,6680,8120,9250,6690,5410,6270,38870,2600,2800
2022_04,23時,19830,21750,6770,7940,8980,6460,5410,6000,38870,2480,2010,19830,21150,6620,7890,8840,6490,5160,5960,38160,2350,2250
2022_04,24時,21250,22880,7070,8330,9570,6840,5680,6630,42020,2360,1650,21190,22490,6970,8240,9450,6840,5540,6630,41480,2240,1870
2022_04,25時,21390,22960,7080,8400,9640,6870,5710,6640,42250,2310,1690,21310,22550,7060,8280,9470,6810,5590,6640,41680,2200,1890
2022_04,26時,21240,22880,7020,8310,9630,6850,5660,6640,42210,2260,1560,21150,22470,7020,8170,9370,6830,5570,6630,41600,2130,1740
2022_04,27時,21170,22940,7050,8300,9600,6850,5650,6640,42240,2250,1510,21100,22460,6970,8130,9400,6830,5550,6660,41600,2130,1690
2022_04,28時,21130,23010,7070,8310,9610,6840,5630,6650,42260,2270,1510,21140,22490,6970,8140,9450,6820,5560,6680,41650,2190,1660
2022_05,5時,21360,23550,6470,8420,10470,6630,5710,7190,42680,2760,1770,20830,22930,6100,8100,10150,6540,5690,7160,41230,2560,2150
2022_05,6時,21420,23630,6740,8310,10520,6450,5770,7240,41590,3270,2480,20870,22990,6210,8010,10210,6500,5750,7160,40730,2850,2480
2022_05,7時,20740,23810,6590,8490,10240,6160,5720,7330,37490,5550,3790,20320,22670,5810,7860,9960,6380,5720,7240,39080,3320,2740
2022_05,8時,20200,24550,5930,9090,10180,6360,5870,7300,32110,10580,4910,19970,22780,5560,7830,9840,6350,5810,7350,37450,3950,3500
2022_05,9時,18930,23050,5750,8250,9120,5830,5500,7510,27430,11010,5700,19880,22480,5820,7570,9520,6210,5850,7370,35460,4160,4740
2022_05,10時,18270,22260,5260,8050,8630,5560,5390,7630,24940,10900,6720,19540,22210,5790,7450,9230,6010,5810,7450,33490,4220,5920
2022_05,11時,17840,21990,4840,7990,8490,5580,5350,7550,23690,10910,7240,19190,21430,5410,7420,8870,5820,5740,7350,31480,4380,6620
2022_05,12時,18110,21690,4740,8090,8530,5550,5350,7520,23510,11260,7010,19280,21030,5350,7330,8810,5790,5730,7280,30780,4460,6890
2022_05,13時,18020,21210,4470,7950,8590,5660,5220,7320,23200,11290,6700,19370,20590,5220,7340,8760,5660,5710,7240,30190,4420,7120
2022_05,14時,17780,21120,4450,7790,8630,5600,5190,7230,23330,11040,6480,19280,20210,5080,7340,8550,5650,5580,7260,30070,4340,6880
2022_05,15時,18050,20980,4500,7830,8700,5630,5160,7190,23580,11070,6350,19590,20330,5150,7450,8740,5720,5570,7270,30520,4420,6890
2022_05,16時,18670,21150,4690,8140,8730,5640,5370,7230,24730,10910,6190,19470,20280,4950,7410,8720,5780,5580,7280,30920,4300,6450
2022_05,17時,19080,21550,4730,8600,8860,5670,5410,7350,26940,10180,5560,19560,20740,5080,7520,9000,5840,5580,7260,32130,4080,6060
2022_05,18時,19510,21790,5350,8680,9010,5670,5350,7220,30270,7850,5240,19950,21260,5330,7790,9230,5980,5670,7200,33930,3540,5700
2022_05,19時,20140,22400,6060,8530,9350,5960,5540,7080,33750,5900,4950,20050,21720,5610,7820,9440,6110,5680,7100,35420,3320,5020
2022_05,20時,20330,22520,6150,8540,9570,6120,5540,6910,36060,4500,4340,20210,21910,5870,7870,9600,6220,5570,6960,36540,3130,4430
2022_05,21時,20430,22370,6180,8330,9770,6280,5510,6710,37690,3590,3620,20310,22030,6040,7960,9770,6250,5500,6800,37580,2860,3930
2022_05,22時,20340,22030,6150,8270,9700,6190,5490,6560,38640,3020,2870,20040,21770,5920,8010,9710,6170,5370,6610,38280,2570,3010
2022_05,23時,19690,21420,6100,7940,9460,6000,5300,6290,38310,2690,2230,19380,21260,5920,7840,9390,6010,5150,6300,37880,2460,2320
2022_05,24時,21060,22880,6530,8220,10120,6420,5670,6970,41710,2610,1840,20660,22380,6150,8080,9920,6360,5530,6980,40600,2480,2120
2022_05,25時,21180,22990,6580,8270,10170,6450,5700,6980,41960,2610,1840,20790,22480,6210,8150,9960,6370,5580,6990,40840,2480,2130
2022_05,26時,21010,22930,6510,8240,10120,6410,5670,6970,41970,2580,1630,20620,22550,6220,8120,9930,6310,5560,7010,40980,2400,1930
2022_05,27時,21010,22920,6490,8240,10150,6410,5650,6970,42020,2550,1580,20510,22550,6170,8100,9880,6310,5560,7020,40960,2380,1840
2022_05,28時,21060,22960,6530,8280,10170,6410,5640,6970,42030,2570,1630,20480,22520,6150,8120,9870,6270,5550,7020,40900,2420,1820
2022_06,5時,21620,22890,6470,8380,10140,6720,5960,6820,42630,2620,1440,21780,22810,6410,8680,10000,6600,5970,6910,42260,2570,1960
2022_06,6時,21990,23280,6820,8470,10450,6590,6010,6920,41750,3530,2190,21840,22890,6550,8640,10030,6530,5930,7020,41860,2810,2240
2022_06,7時,21260,23240,6840,8520,10040,6210,5850,7030,37440,5790,3380,21210,22630,6170,8320,9820,6450,6000,7070,40290,3120,2520
2022_06,8時,20290,23540,5660,8820,9940,6360,5930,7110,31420,10410,4480,20910,22420,5850,8220,9690,6440,6030,7070,38460,3880,3110
2022_06,9時,18900,21810,5430,7660,9010,5800,5490,7300,26520,10890,5250,20430,22430,5930,7720,9500,6390,6100,7210,36060,4210,4390
2022_06,10時,18120,21170,5060,7510,8600,5470,5300,7330,24150,10840,6130,20560,22030,6310,7820,9270,6090,5910,7170,34020,4360,5930
2022_06,11時,17780,20970,4780,7450,8490,5470,5340,7210,23080,10800,6680,20300,21320,5800,7820,9060,5920,5890,7120,31930,4270,7050
2022_06,12時,18000,20770,4660,7560,8490,5490,5300,7250,22880,11260,6440,20190,21480,5840,7810,9130,5790,5880,7200,31530,4470,7250
2022_06,13時,18120,20500,4600,7450,8580,5620,5230,7120,22590,11290,6500,20170,20850,5650,7690,9080,5710,5740,7120,31090,4440,7090
2022_06,14時,18110,20170,4560,7380,8460,5560,5160,7140,22650,10950,6410,20000,20360,5450,7590,8960,5650,5680,7010,30870,4280,6830
2022_06,15時,18490,20230,4780,7390,8560,5560,5260,7150,23040,10870,6540,20110,20630,5780,7540,9090,5720,5650,6920,31230,4220,6960
2022_06,16時,18760,20460,4860,7720,8480,5620,5440,7080,24050,10660,6310,20180,20660,5860,7570,8980,5830,5640,6930,31750,4170,6680
2022_06,17時,19260,20800,4790,8300,8650,5770,5450,7080,26240,9900,5780,20380,21010,5590,7940,8980,6140,5750,6960,32750,3990,6430
2022_06,18時,19740,21420,5540,8510,8860,5850,5480,6900,30180,7760,5130,20610,21070,5570,8100,9230,6050,5810,6890,34330,3630,5590
2022_06,19時,20320,22120,6120,8560,9200,6080,5670,6800,33650,5930,4820,20860,21740,6120,8210,9440,6150,5880,6780,35940,3500,5120
2022_06,20時,20510,22270,6380,8360,9460,6190,5750,6620,35980,4580,4210,20940,21890,6040,8390,9610,6330,5750,6700,37270,3190,4390
2022_06,21時,20800,22060,6320,8410,9640,6290,5750,6430,37930,3680,3270,20840,21860,6110,8230,9740,6340,5680,6570,38450,2910,3430
2022_06,22時,20600,21720,6320,8280,9480,6270,5670,6280,38980,3080,2460,20640,21780,6300,8320,9590,6260,5590,6330,39040,2620,2870
2022_06,23時,20010,21010,6250,7910,9220,6160,5450,6010,38520,2730,1880,19770,21180,6120,8050,9260,6100,5360,6040,38390,2400,2170
2022_06,24時,21360,22360,6600,8310,9800,6480,5850,6650,41860,2590,1480,21220,22400,6550,8530,9680,6440,5750,6650,41590,2340,1810
2022_06,25時,21520,22490,6710,8360,9880,6510,5860,6660,42190,2560,1480,21300,22390,6580,8530,9700,6440,5780,6640,41780,2240,1760
2022_06,26時,21470,22440,6700,8310,9910,6480,5840,6660,42290,2510,1310,21180,22360,6470,8550,9690,6420,5760,6640,41810,2240,1600
2022_06,27時,21390,22410,6690,8260,9870,6450,5850,6660,42310,2480,1210,21090,22380,6470,8460,9670,6420,5770,6660,41880,2240,1450
2022_06,28時,21480,22460,6720,8320,9900,6460,5860,6660,42320,2520,1290,21130,22380,6440,8520,9660,6410,5780,6670,41860,2300,1460
2022_07,5時,21690,22830,6710,8360,9930,6710,5870,6930,42650,2750,1370,21690,22570,6720,8470,9520,6640,5950,6960,41800,2770,1940
2022_07,6時,22000,23110,6930,8490,10110,6620,5980,6970,41540,3390,2310,21640,22340,6680,8260,9550,6510,5950,7010,41230,2840,2110
2022_07,7時,21260,23580,6970,8410,10190,6250,5880,7120,37990,5580,3440,21340,22590,6560,8260,9490,6460,5980,7150,40010,3480,2650
2022_07,8時,19960,23300,5170,8410,10080,6430,5990,7150,31460,9740,4590,21170,22680,6320,8320,9480,6500,6030,7180,38240,4280,3560
2022_07,9時,18520,21670,4700,7620,9060,5780,5620,7400,26580,9970,5640,20820,22590,6710,7920,9060,6300,6140,7260,36020,4410,4980
2022_07,10時,18010,21150,4540,7400,8710,5490,5480,7510,24530,9890,6590,20710,22470,6870,7880,8870,6130,6030,7370,34480,4460,6140
2022_07,11時,17750,20850,4420,7190,8640,5510,5460,7350,23560,10010,6850,20480,21870,6470,7930,8690,5980,5980,7290,32830,4610,6770
2022_07,12時,18050,20930,4490,7280,8720,5590,5510,7370,23490,10530,6830,20440,21630,6330,7840,8720,5890,6040,7240,32260,4810,6870
2022_07,13時,17990,20540,4380,7180,8790,5630,5390,7140,23170,10630,6580,20410,20810,5880,7580,8770,5840,5930,7200,31050,4910,7100
2022_07,14時,17770,20480,4310,7090,8710,5610,5330,7170,23330,10350,6430,20160,20560,5920,7400,8660,5830,5800,7100,30690,4710,7120
2022_07,15時,18130,20480,4590,7110,8760,5650,5400,7080,23570,10360,6550,20040,20710,5910,7450,8560,5850,5860,7090,31030,4670,6850
2022_07,16時,18370,20740,4530,7410,8860,5710,5490,7090,24540,10330,6110,20140,20970,5950,7580,8640,5910,5870,7150,31800,4690,6440
2022_07,17時,19060,20770,4680,7960,8830,5850,5540,6940,26870,9440,5400,20230,21100,5840,7790,8800,6010,5790,7090,33080,4290,5860
2022_07,18時,19690,21590,5390,8440,8900,6020,5630,6880,30610,7530,5110,20490,21210,5840,7990,8960,6170,5790,6940,34810,3900,4920
2022_07,19時,20230,22540,6250,8510,9230,6270,5720,6770,34080,6000,4690,20810,21600,5910,8310,9110,6290,5850,6930,36090,3730,4620
2022_07,20時,20500,22520,6610,8260,9380,6360,5790,6600,36230,4820,3980,20950,21580,6260,8310,9180,6250,5770,6750,37000,3600,4020
2022_07,21時,20820,22100,6610,8240,9420,6400,5770,6470,37900,3740,3320,20840,21510,6210,8230,9270,6290,5730,6600,37950,3140,3340
2022_07,22時,20590,21730,6520,8200,9310,6360,5620,6290,38890,3110,2420,20460,21260,6140,8210,9090,6310,5560,6400,38530,2830,2460
2022_07,23時,20030,21220,6450,7930,9090,6210,5470,6070,38590,2700,1990,19870,20600,5940,8010,8840,6180,5380,6090,38000,2600,1920
2022_07,24時,21460,22370,6810,8370,9660,6510,5810,6650,41800,2710,1530,21160,21860,6440,8230,9320,6450,5840,6710,40920,2560,1720
2022_07,25時,21590,22440,6860,8410,9710,6520,5840,6670,42050,2680,1520,21280,22040,6510,8310,9400,6480,5850,6750,41180,2570,1770
2022_07,26時,21520,22440,6810,8410,9720,6500,5830,6670,42130,2680,1380,21140,22030,6480,8250,9390,6450,5830,6750,41280,2550,1550
2022_07,27時,21490,22510,6880,8430,9690,6490,5830,6660,42180,2670,1370,21070,22000,6500,8210,9320,6430,5830,6780,41270,2520,1480
2022_07,28時,21470,22550,6900,8440,9680,6490,5810,6670,42250,2690,1300,21170,22000,6530,8220,9330,6450,5840,6790,41300,2570,1510
2022_08,5時,21340,22840,6230,8270,10090,6800,5830,6940,42340,2190,1560,21060,22210,5710,8170,9840,6790,5830,6900,41240,2130,1720
2022_08,6時,21500,23000,6190,8370,10190,6810,5880,7050,41490,2650,2310,21140,22240,5850,8130,9870,6670,5850,6980,41050,2260,1910
2022_08,7時,20850,23140,6160,7960,10310,6550,5770,7220,38120,4410,3460,20970,22440,6070,7930,9870,6600,5870,7050,39820,2950,2540
2022_08,8時,19790,22750,5150,7840,9980,6560,5850,7140,32630,7270,4850,20880,22550,5720,8000,9900,6730,5930,7140,38450,3550,3390
2022_08,9時,18520,21560,4950,7140,8960,6020,5590,7400,28420,7730,5770,20860,22010,5700,7740,9600,6650,5960,7210,36240,3900,4490
2022_08,10時,18050,20990,4620,7110,8600,5780,5420,7500,26600,7620,6490,20740,22100,5780,8020,9370,6360,5890,7410,34960,4070,5490
2022_08,11時,17680,20680,4570,6790,8540,5690,5390,7360,25460,7630,6950,20440,21210,5700,7570,9130,6110,5890,7240,33110,4050,6130
2022_08,12時,18100,20620,4640,6920,8640,5790,5380,7340,25320,8060,7030,20390,20940,5620,7410,9070,6150,5840,7220,32470,4090,6380
2022_08,13時,18130,20410,4530,7070,8690,5810,5280,7140,25060,8190,6920,20170,20320,5250,7390,8890,6090,5700,7160,31610,4050,6420
2022_08,14時,18050,20100,4410,6940,8640,5740,5290,7100,24950,8030,6730,19990,19910,5030,7270,8860,6030,5590,7100,31310,3920,6240
2022_08,15時,18120,19950,4160,7060,8730,5690,5280,7130,25240,7870,6480,19920,19990,5060,7150,8950,6050,5600,7070,31420,3770,6260
2022_08,16時,18100,20040,3970,7130,8650,5790,5420,7150,25960,7700,6080,19830,20120,5090,7100,8960,6160,5560,7060,31800,3710,5990
2022_08,17時,18670,20250,4130,7620,8610,5960,5570,7010,27990,7030,5540,20220,20000,5030,7200,8940,6320,5670,7050,32740,3450,5610
2022_08,18時,19460,20940,4880,8010,8850,6110,5550,6980,31360,5440,5250,20320,20430,5090,7470,9150,6340,5700,6990,34200,3190,5020
2022_08,19時,20150,21830,5480,8390,9220,6310,5690,6870,34350,4340,4950,20200,20930,5220,7690,9260,6410,5630,6900,35320,2990,4490
2022_08,20時,20390,21960,5730,8380,9370,6430,5740,6670,36410,3590,4020,20170,21130,5400,7650,9400,6440,5620,6770,36450,2870,3760
2022_08,21時,20540,21770,5840,8320,9470,6500,5670,6490,38010,2910,3140,20440,21230,5710,7690,9540,6530,5580,6600,37620,2640,3240
2022_08,22時,20210,21680,5930,8200,9420,6440,5510,6370,38790,2480,2410,20500,20940,5620,7830,9610,6520,5440,6410,38220,2400,2670
2022_08,23時,19690,21120,5880,7960,9160,6290,5330,6160,38470,2210,1890,19640,20410,5290,7610,9360,6400,5220,6150,37660,2240,1960
2022_08,24時,21190,22400,6270,8370,9780,6610,5780,6760,41770,2140,1570,20860,21920,5750,8020,9850,6720,5680,6740,40610,2180,1930
2022_08,25時,21280,22530,6310,8410,9850,6630,5810,6780,42070,2120,1530,20970,22050,5830,8060,9930,6720,5710,6750,40920,2170,1900
2022_08,26時,21200,22530,6300,8390,9830,6630,5790,6770,42150,2110,1390,20850,22020,5810,7940,9930,6710,5710,6750,40960,2160,1710
2022_08,27時,21140,22530,6280,8400,9790,6620,5780,6780,42120,2060,1360,20760,22050,5820,7920,9870,6700,5720,6770,41010,2130,1600
2022_08,28時,21170,22570,6300,8440,9800,6630,5780,6780,42160,2060,1380,20770,22120,5850,7960,9850,6700,5720,6780,41060,2110,1630
2022_09,5時,21720,23230,6270,8550,10440,6830,5820,7020,42830,2400,1740,21660,22800,6110,8450,10340,6810,5770,6960,42330,2200,1820
2022_09,6時,21820,23510,6230,8730,10500,6830,5970,7060,41960,2950,2430,21750,22870,6170,8450,10420,6750,5830,6990,41970,2410,2140
2022_09,7時,20780,24010,6300,8310,10640,6570,5810,7140,38100,5170,3690,21370,23190,6090,8270,10470,6700,5850,7170,40780,3120,2600
2022_09,8時,20210,23830,5430,8300,10480,6660,5960,7190,32360,9360,4790,21150,23080,5820,8410,10270,6640,5880,7190,38920,3780,3500
2022_09,9時,18550,22200,4920,7390,9330,6000,5690,7400,27350,9950,5460,20810,22970,5880,8230,9960,6570,5910,7220,36890,4220,4490
2022_09,10時,17970,21490,4680,7080,8860,5810,5530,7480,25260,9770,6260,20110,22710,5780,8060,9530,6440,5750,7240,35010,4160,5380
2022_09,11時,17530,21020,4510,6730,8700,5730,5510,7350,24080,9780,6520,19780,22100,5620,7840,9340,6140,5750,7180,32980,4220,6380
2022_09,12時,17740,21090,4510,6950,8780,5820,5450,7290,24000,10200,6460,19540,21870,5530,7700,9220,6050,5710,7190,32080,4300,6710
2022_09,13時,17550,20780,4280,6930,8730,5760,5400,7210,23530,10160,6430,19460,21220,5150,7580,9180,6070,5590,7100,31380,4380,6580
2022_09,14時,17200,20470,4180,6770,8590,5730,5240,7150,23400,9810,6170,19110,21000,4950,7500,9050,5920,5550,7130,30880,4300,6520
2022_09,15時,17270,20500,4090,6760,8650,5780,5280,7190,23830,9770,5870,18930,21010,4780,7370,9120,5900,5540,7210,31080,4160,6310
2022_09,16時,17720,20530,3990,6950,8810,5930,5380,7180,24720,9690,5660,19240,20900,4720,7520,9060,6100,5570,7140,31840,4060,5910
2022_09,17時,18360,20690,4170,7340,8810,6150,5480,7080,26680,8980,5230,19750,21310,5110,7690,9190,6270,5620,7160,33370,3800,5600
2022_09,18時,19390,21210,5000,7840,9020,6160,5610,6950,30210,7000,5230,20460,21490,5310,7970,9610,6310,5580,7150,34970,3560,5180
2022_09,19時,20070,21940,5390,8330,9410,6370,5630,6870,33480,5310,5070,20690,21860,5440,8170,9840,6400,5690,6990,36290,3310,4760
2022_09,20時,20480,22280,5710,8400,9740,6410,5720,6760,36070,4200,4370,20620,22080,5630,8180,9930,6440,5660,6840,37440,2990,4130
2022_09,21時,20600,22130,5830,8360,9770,6450,5730,6560,37760,3300,3590,20760,22050,5840,8230,10060,6470,5560,6630,38630,2760,3300
2022_09,22時,20580,21920,5810,8380,9820,6420,5610,6440,38910,2810,2760,20520,21870,5700,8280,9990,6440,5490,6470,39090,2490,2720
2022_09,23時,20100,21480,5850,8170,9650,6280,5410,6200,38870,2520,2150,19860,21430,5730,8120,9740,6210,5280,6190,38790,2270,2150
2022_09,24時,21450,22840,6230,8530,10260,6700,5800,6760,42020,2460,1880,21450,22520,6190,8420,10260,6590,5720,6770,41890,2250,1820
2022_09,25時,21600,22950,6330,8600,10300,6720,5800,6770,42310,2420,1880,21580,22560,6190,8450,10330,6610,5750,6800,42100,2230,1810
2022_09,26時,21490,22920,6320,8570,10270,6700,5780,6770,42340,2380,1720,21440,22560,6130,8440,10310,6580,5710,6810,42100,2180,1690
2022_09,27時,21440,22920,6330,8570,10200,6680,5780,6780,42380,2370,1610,21410,22570,6100,8430,10340,6560,5720,6820,42140,2170,1630
2022_09,28時,21500,22870,6280,8590,10220,6690,5780,6790,42370,2350,1640,21410,22650,6130,8450,10340,6560,5720,6840,42180,2150,1660
2022_10,5時,22300,22850,6130,8990,10710,6760,5760,6790,43390,2310,1470,21630,22720,5700,9020,10400,6680,5750,6780,42280,2230,1820
2022_10,6時,22180,22990,6050,9000,10720,6790,5810,6790,42370,2780,2070,21580,22800,5690,8880,10470,6630,5780,6910,42000,2390,2000
2022_10,7時,21080,23330,5790,8680,10770,6470,5730,6950,38480,4710,3410,21210,22880,5500,8720,10590,6590,5780,6890,40660,2990,2470
2022_10,8時,20160,22940,4780,8680,10230,6440,5880,7070,31950,9020,4660,21060,22620,5350,8750,10200,6550,5870,6960,38690,3680,3380
2022_10,9時,18560,21340,4660,7630,9040,5710,5590,7250,26870,9470,5490,20710,22250,5460,8400,9680,6470,5900,7040,36270,3850,4710
2022_10,10時,18040,20680,4470,7340,8650,5450,5470,7320,24930,9460,6160,20310,22140,5520,8390,9390,6210,5800,7110,34270,3940,5990
2022_10,11時,17650,20290,4330,7070,8520,5370,5420,7210,23790,9430,6550,19530,21460,5180,7960,9170,5980,5650,7040,32210,3820,6630
2022_10,12時,17720,20440,4400,7150,8570,5440,5340,7250,23660,9640,6670,19540,20930,5250,7780,8960,5910,5610,6930,31430,4040,6720
2022_10,13時,17520,20310,4230,7080,8610,5430,5280,7180,23340,9780,6510,19650,20660,5150,7830,8950,5900,5530,6930,30950,4060,6940
2022_10,14時,17350,20010,4130,6990,8510,5390,5150,7170,23370,9660,6060,19400,20420,5090,7690,8880,5820,5410,6920,30230,3930,7240
2022_10,15時,17420,19830,4050,6900,8520,5500,5150,7120,23630,9500,5850,19260,20210,4830,7600,8800,5930,5340,6960,30410,3890,6790
2022_10,16時,17860,20060,4050,7110,8730,5610,5290,7100,24700,9600,5480,19500,20070,4700,7700,8760,6020,5420,6950,31020,3870,6320
2022_10,17時,19060,20330,4450,7800,8980,5760,5400,6970,27110,9130,5040,20110,20250,4900,7680,9140,6200,5440,6970,32620,3670,5800
2022_10,18時,20390,21280,5480,8350,9400,6000,5550,6870,30970,7410,5170,20470,20970,5250,8030,9480,6280,5550,6830,34370,3450,5410
2022_10,19時,20700,22080,5700,8620,9750,6320,5650,6720,34270,5380,4980,20580,21540,5360,8190,9830,6350,5640,6740,35840,3270,4830
2022_10,20時,20820,22160,5720,8740,9890,6420,5600,6590,36450,4080,4290,20490,21640,5300,8310,9950,6360,5570,6610,36980,3010,4010
2022_10,21時,21010,22070,5840,8650,10100,6460,5580,6430,38360,3160,3460,20570,21830,5430,8530,10150,6350,5480,6450,38350,2760,3220
2022_10,22時,21090,21770,5790,8780,10120,6430,5470,6250,39600,2750,2470,20580,21740,5410,8810,10030,6350,5420,6280,39250,2480,2530
2022_10,23時,20570,21250,5730,8630,9960,6250,5260,5970,39290,2430,2010,20060,21190,5330,8670,9740,6210,5220,6070,38910,2260,2010
2022_10,24時,22140,22480,6080,9000,10600,6670,5710,6550,42640,2390,1650,21500,22410,5850,8980,10270,6520,5680,6590,41950,2270,1740
2022_10,25時,22320,22580,6130,9050,10670,6700,5740,6570,42950,2360,1640,21720,22530,5920,9030,10380,6570,5700,6630,42300,2240,1750
2022_10,26時,22110,22620,6140,9000,10600,6680,5710,6580,43010,2280,1460,21470,22470,5860,8930,10270,6530,5700,6630,42280,2170,1510
2022_10,27時,22080,22620,6150,9020,10560,6660,5690,6600,43080,2230,1390,21550,22440,5880,8950,10270,6550,5690,6630,42330,2150,1520
2022_10,28時,22110,22540,6130,9020,10510,6660,5700,6620,42980,2210,1450,21610,22390,5820,8970,10270,6580,5690,6640,42270,2160,1560
2022_11,5時,22180,21620,6020,8680,10050,6830,5630,6570,42000,2320,1520,22120,21530,6030,8880,9860,6570,5700,6600,41830,2280,1570
2022_11,6時,22210,21840,6090,8590,10160,6860,5760,6580,41150,2770,2160,21890,21710,6010,8680,9900,6580,5740,6670,41370,2410,1850
2022_11,7時,21470,22480,6060,8450,10420,6580,5720,6700,37660,4860,3490,21790,21980,5940,8640,10070,6590,5780,6740,40250,3050,2440
2022_11,8時,20250,21930,4830,8440,9700,6450,5880,6870,30940,8740,4800,21310,21870,5780,8660,9660,6500,5750,6820,38240,3690,3160
2022_11,9時,18370,20530,4560,7460,8610,5750,5490,7020,25870,9090,5670,20950,21380,5810,8310,9260,6480,5600,6850,35820,3950,4310
2022_11,10時,17660,20040,4530,7110,8180,5480,5370,7030,23820,9010,6520,20400,21270,5900,8070,8940,6400,5510,6840,33760,4040,5530
2022_11,11時,17190,19750,4330,6830,8010,5380,5390,6990,22730,9020,6880,19930,20590,5580,7750,8730,6140,5480,6830,31700,4020,6420
2022_11,12時,17390,19740,4510,6870,8140,5370,5250,6980,22500,9470,6810,19750,20150,5390,7500,8670,6040,5410,6880,30880,4170,6450
2022_11,13時,17300,19500,4320,6970,8080,5370,5210,6830,22260,9540,6610,19970,19510,5160,7460,8670,5910,5390,6870,30320,4160,6580
2022_11,14時,16960,19200,4190,6830,7870,5340,5090,6820,22210,9320,6210,19880,19680,5240,7630,8510,5850,5330,6980,30180,4000,6940
2022_11,15時,16980,19310,4170,6900,7820,5420,5100,6860,22600,9090,6130,19880,19870,5280,7780,8470,5900,5310,6990,30580,3980,6810
2022_11,16時,17660,19650,4100,7240,8220,5590,5260,6890,23780,9350,5850,20000,19740,5330,7840,8270,6030,5320,6930,31080,3980,6350
2022_11,17時,18660,19970,4550,7760,8400,5820,5270,6810,26210,8700,5460,20550,20060,5130,8070,8670,6340,5480,6900,32560,3700,6080
2022_11,18時,19830,21040,5810,8050,8960,5970,5320,6740,30150,6920,5620,20880,20380,5200,8180,9230,6360,5500,6780,34060,3450,5570
2022_11,19時,20710,21560,5990,8470,9290,6410,5540,6570,33440,5260,5420,20940,20600,5230,8200,9500,6440,5510,6630,35310,3220,4870
2022_11,20時,20700,20980,5620,8320,9320,6420,5550,6440,35230,3810,4430,20880,20820,5370,8230,9580,6530,5520,6450,36300,2930,4350
2022_11,21時,21000,20900,5710,8450,9510,6440,5540,6220,37170,3080,3540,20910,20970,5700,8330,9640,6470,5440,6280,37570,2610,3630
2022_11,22時,20880,20650,5640,8500,9520,6410,5420,6010,38260,2650,2570,20690,20780,5620,8390,9640,6430,5330,6050,38330,2390,2740
2022_11,23時,20350,20100,5520,8350,9320,6220,5240,5770,38030,2410,1930,20110,20030,5480,8290,9280,6170,5140,5760,37750,2260,2100
2022_11,24時,21910,21430,5970,8770,9920,6640,5640,6380,41470,2400,1530,21670,21170,5820,8700,9810,6540,5550,6410,41010,2300,1610
2022_11,25時,22180,21530,6070,8810,10040,6690,5660,6410,41820,2380,1570,21960,21260,5970,8740,9890,6580,5590,6430,41430,2300,1580
2022_11,26時,21970,21520,6050,8760,9950,6660,5640,6420,41770,2310,1440,21790,21240,5980,8650,9850,6530,5570,6440,41450,2170,1430
2022_11,27時,21940,21470,6020,8740,9910,6660,5630,6420,41710,2290,1420,21720,21200,5930,8620,9770,6550,5580,6450,41380,2140,1380
2022_11,28時,22040,21450,6020,8800,9870,6660,5650,6450,41750,2310,1430,21790,21210,5920,8630,9790,6590,5600,6460,41410,2180,1420
2022_12,5時,21350,22000,5700,8550,9940,6840,5550,6760,41280,2350,1590,20710,22090,5470,8480,9840,6640,5590,6760,40640,2260,1790
2022_12,6時,21350,22390,5710,8650,10040,6840,5690,6790,40640,2720,2260,20560,22210,5480,8300,9870,6650,5660,6800,40250,2450,2000
2022_12,7時,21000,22720,5650,8530,10310,6500,5760,6950,37850,4170,3700,20490,22540,5590,8190,9870,6630,5850,6890,39660,2830,2530
2022_12,8時,20080,22920,4950,8490,9980,6630,5890,7040,32580,7620,5280,20570,22430,5500,8210,9780,6680,5850,6960,38010,3380,3610
2022_12,9時,18910,21710,4980,7660,9120,6110,5520,7210,28230,8030,6250,20330,22290,5640,8090,9560,6500,5750,7050,35910,3570,4950
2022_12,10時,18280,21110,4790,7380,8690,5800,5410,7300,26260,7900,7000,20010,21770,5380,8210,9150,6330,5570,7130,34000,3610,5920
2022_12,11時,17970,20750,4770,7100,8500,5720,5430,7200,24990,7950,7550,19580,21170,5250,7800,8820,6130,5510,7230,32020,3630,6850
2022_12,12時,18160,20690,4770,7080,8640,5740,5410,7200,24750,8240,7580,19570,20950,5350,7420,8830,6130,5560,7200,31390,3730,7090
2022_12,13時,18170,20440,4650,7210,8630,5700,5300,7100,24660,8360,7290,19130,20330,5000,7080,8750,6050,5440,7130,30310,3700,7100
2022_12,14時,17840,20450,4750,7130,8510,5680,5120,7080,24540,8120,7270,18460,20290,4850,7080,8570,5930,5350,6950,29930,3530,6900
2022_12,15時,17680,20190,4520,7080,8420,5650,5120,7060,24580,7900,7030,18570,20440,4960,7160,8490,6050,5350,6980,30190,3480,6990
2022_12,16時,17860,20280,4380,7170,8560,5750,5260,7010,25430,7900,6480,18980,20290,5080,7270,8420,6170,5340,6970,30840,3560,6590
2022_12,17時,18380,20320,4330,7550,8680,6010,5190,6920,27070,7610,5750,19780,20380,5120,7610,8760,6420,5290,6950,32180,3520,6220
2022_12,18時,19190,21060,5150,7750,9110,6140,5250,6830,30160,6050,5780,20120,20530,5140,7770,9100,6420,5300,6890,33560,3230,5640
2022_12,19時,19690,21500,5300,8060,9420,6370,5370,6660,32820,4580,5500,20070,20780,5120,7950,9270,6440,5270,6780,34260,3070,5280
2022_12,20時,19840,21430,5260,8300,9370,6450,5350,6520,34690,3620,4670,19990,21010,4970,8140,9430,6580,5230,6630,35230,2950,4630
2022_12,21時,20050,21450,5320,8430,9540,6500,5340,6350,36400,2970,3890,19860,20970,4860,8260,9560,6470,5220,6440,36360,2680,3610
2022_12,22時,19900,21150,5250,8430,9430,6430,5310,6180,37430,2580,2810,19400,20940,4720,8340,9450,6400,5190,6230,36930,2400,2830
2022_12,23時,19280,20570,5170,8240,9140,6280,5130,5870,37100,2300,2210,18760,20240,4580,8150,9160,6180,5020,5890,36240,2200,2320
2022_12,24時,20960,21810,5640,8530,9820,6680,5520,6560,40630,2310,1720,20480,21470,5260,8420,9710,6570,5450,6530,39870,2310,1720
2022_12,25時,21190,21930,5720,8610,9930,6710,5530,6600,41000,2290,1730,20700,21590,5340,8400,9830,6620,5490,6580,40240,2280,1730
2022_12,26時,21080,21910,5690,8580,9880,6680,5520,6610,41050,2240,1550,20640,21650,5390,8370,9800,6620,5510,6580,40340,2240,1640
2022_12,27時,21100,21960,5720,8600,9880,6690,5510,6640,41130,2260,1530,20680,21710,5390,8410,9800,6650,5520,6600,40400,2260,1670
2022_12,28時,21070,21920,5720,8610,9790,6690,5520,6650,41030,2270,1540,20670,21650,5340,8380,9790,6620,5550,6610,40370,2240,1640
2023_01,5時,23030,22680,6320,8290,9230,7960,5450,8430,43750,2780,1570,22450,22430,6160,8230,9140,7660,5390,8260,42520,2640,2080
2023_01,6時,23190,23090,6480,8260,9470,7960,5550,8540,43170,3320,2200,22430,22580,6210,8110,9280,7650,5440,8320,42180,2860,2370
2023_01,7時,22510,23580,6500,8210,9630,7560,5550,8630,40330,4760,3540,22480,22950,6340,8080,9300,7670,5490,8540,41620,3230,2990
2023_01,8時,21540,23660,5670,8270,9220,7710,5520,8790,34850,8410,4840,22420,23320,6210,8180,9220,7840,5550,8720,40300,4140,3760
2023_01,9時,20000,22540,5510,7360,8540,7010,5080,9030,30180,8910,5740,21770,23240,6230,7750,9030,7730,5500,8760,38180,4470,4660
2023_01,10時,19310,21930,5290,7030,8100,6670,4950,9170,28050,8770,6640,21560,23100,6270,7910,8690,7410,5350,9010,36460,4390,6030
2023_01,11時,18900,21500,5060,6800,7830,6630,5000,9060,26780,8840,7030,21320,22370,5960,7740,8440,7130,5290,9110,34650,4390,6880
2023_01,12時,19030,21480,5060,6810,7880,6710,5020,9020,26560,9280,6950,20890,21960,5790,7680,8240,6910,5330,8870,33310,4410,7300
2023_01,13時,18940,21280,4990,6930,7820,6680,4970,8810,26360,9350,6730,20690,21700,5800,7450,8110,6900,5280,8840,32790,4320,7410
2023_01,14時,18870,21200,5110,6810,7780,6660,4910,8790,26450,9170,6660,20210,21450,5670,7320,8010,6750,5110,8770,32130,4110,7440
2023_01,15時,18930,21020,4980,6750,7800,6670,4860,8870,26710,8920,6430,20290,21300,5540,7340,8100,6870,5020,8700,32180,4070,7400
2023_01,16時,19240,21130,4920,6920,8070,6720,4950,8760,27580,8900,6090,20300,21340,5420,7290,8030,7000,5230,8650,32760,3980,6920
2023_01,17時,19950,21170,4880,7320,8200,7070,5020,8620,29560,8580,5240,20990,21350,5530,7500,8210,7290,5220,8590,34330,4000,6150
2023_01,18時,21000,21790,5590,7740,8610,7290,5040,8500,32960,6920,5190,21270,21490,5610,7510,8590,7310,5260,8460,35630,3690,5600
2023_01,19時,21630,22050,5990,7890,8810,7540,5120,8310,35550,5270,5130,21260,21550,5450,7680,8700,7480,5210,8270,36730,3320,4920
2023_01,20時,22090,22090,6030,8100,9050,7660,5170,8150,37790,4190,4480,21450,21580,5430,7900,8920,7500,5170,8090,37740,3120,4420
2023_01,21時,22130,22200,6150,8240,9100,7730,5190,7910,39460,3520,3650,21430,22030,5790,8010,9110,7490,5110,7930,38780,3020,3950
2023_01,22時,21920,21860,6090,8300,8910,7710,5130,7640,40310,3080,2710,21190,21650,5750,8060,9030,7400,4990,7600,39260,2830,3090
2023_01,23時,21250,21180,5990,8070,8660,7490,4940,7250,39790,2850,2080,20350,20950,5480,7870,8630,7190,4840,7270,38600,2710,2290
2023_01,24時,22840,22510,6280,8370,9240,7910,5390,8140,43270,2910,1610,22240,22300,6110,8240,9110,7590,5270,8210,42190,2730,2070
2023_01,25時,23120,22590,6410,8460,9300,7950,5410,8170,43680,2870,1600,22450,22440,6250,8300,9170,7610,5280,8260,42570,2700,2060
2023_01,26時,23010,22550,6400,8420,9230,7920,5390,8180,43690,2770,1500,22340,22440,6260,8230,9110,7580,5300,8280,42610,2630,1950
2023_01,27時,22950,22560,6380,8380,9210,7930,5390,8200,43700,2760,1440,22350,22470,6240,8230,9110,7620,5310,8310,42680,2620,1920
2023_01,28時,22930,22510,6310,8370,9160,7920,5390,8270,43650,2760,1420,22370,22420,6200,8220,9080,7640,5320,8320,42680,2630,1890
2023_02,5時,23070,22780,6580,8270,9580,7900,5160,8340,43550,3420,1560,23240,22600,6740,8210,9550,7790,5160,8370,43440,3210,1790
2023_02,6時,23440,23070,6600,8370,9890,7900,5290,8430,43010,4030,2170,23240,22870,6730,8160,9680,7800,5190,8520,43290,3480,2060
2023_02,7時,22800,23780,6500,8430,10060,7610,5330,8630,39990,6010,3460,23100,23060,6740,8110,9680,7680,5230,8710,42200,3930,2650
2023_02,8時,21610,23690,5410,8610,9680,7510,5270,8810,34220,9800,4600,22940,23400,6760,8190,9550,7810,5240,8750,40730,4830,3450
2023_02,9時,20070,22480,5230,7850,8740,6740,4880,9090,29450,10040,5610,22440,23230,6460,8010,9460,7710,5150,8870,38690,4930,4440
2023_02,10時,19550,22050,5150,7690,8100,6540,4740,9350,27500,10030,6540,21970,22880,6110,8010,8950,7520,5080,9150,36660,4890,5680
2023_02,11時,19290,21510,5010,7410,7960,6460,4760,9180,26170,10000,7040,21520,22090,5980,7740,8440,7270,5090,9080,34440,4860,6630
2023_02,12時,19420,21600,5390,7340,7990,6510,4770,8980,26000,10440,6950,21210,21950,6180,7700,8390,7080,4980,8810,33540,5000,6900
2023_02,13時,19230,21220,5160,7410,7890,6450,4730,8780,25620,10530,6680,21020,21520,6130,7430,8310,7000,4920,8740,32480,5050,7290
2023_02,14時,18940,21050,4890,7310,7940,6360,4680,8790,25530,10330,6490,20700,20910,5740,7260,8180,6850,4850,8710,31670,4850,7270
2023_02,15時,18970,20900,4800,7240,7890,6400,4610,8900,25730,10170,6270,20570,20890,5710,7250,8080,6880,4820,8710,31910,4830,6910
2023_02,16時,19430,20790,4640,7310,8130,6560,4720,8840,26680,10280,5660,20640,21050,5380,7220,8280,7150,4880,8760,32660,4820,6420
2023_02,17時,20190,21310,5110,7650,8400,6900,4720,8690,28710,9720,5460,21460,21320,5660,7530,8500,7430,4970,8670,34340,4610,6070
2023_02,18時,20660,21950,5670,7780,8800,7050,4790,8490,31870,7790,5380,21830,21740,5930,7770,8920,7400,5020,8520,35900,4200,5670
2023_02,19時,21260,22420,6100,8070,8910,7360,4940,8280,35090,5980,5040,21930,21940,6140,7820,9130,7440,5010,8300,36930,4040,5190
2023_02,20時,21880,22270,6290,8060,9110,7580,5030,8060,37450,4850,4290,21930,22100,6120,7980,9360,7450,4970,8130,38040,3750,4520
2023_02,21時,22120,22420,6540,8160,9240,7630,5090,7860,39500,4010,3500,22150,22240,6340,8100,9490,7450,5010,7980,39460,3490,3840
2023_02,22時,22010,21980,6360,8260,9190,7540,5000,7620,40320,3530,2670,21890,21810,6280,8230,9380,7370,4840,7580,39960,3310,2910
2023_02,23時,21390,21320,6290,8070,9040,7320,4720,7240,39850,3210,2120,21220,20980,6060,8070,9150,7150,4630,7130,39190,3040,2360
2023_02,24時,23000,22880,6740,8360,9630,7840,5160,8130,43520,3300,1770,22690,22730,6420,8410,9740,7600,5040,8180,43030,3140,1830
2023_02,25時,23290,22910,6860,8430,9670,7870,5170,8160,43910,3290,1720,22990,22720,6590,8420,9810,7590,5070,8210,43390,3120,1820
2023_02,26時,23180,22810,6800,8360,9620,7830,5180,8180,43840,3230,1610,22910,22710,6580,8400,9750,7570,5100,8210,43380,3110,1730
2023_02,27時,23190,22760,6790,8360,9580,7830,5170,8210,43810,3210,1600,22850,22730,6530,8390,9720,7590,5100,8230,43390,3130,1670
2023_02,28時,23200,22730,6810,8370,9520,7800,5180,8240,43770,3220,1620,22810,22690,6530,8340,9630,7600,5100,8280,43320,3130,1650
2023_03,5時,23660,22580,6540,8650,9410,7960,5180,8480,44050,3230,1560,23410,22190,6120,8680,9260,7800,5190,8520,43310,3080,1880
2023_03,6時,24330,22900,6630,8790,9820,8140,5320,8510,43550,4010,2350,23470,22290,6140,8580,9430,7820,5230,8540,42850,3460,2190
2023_03,7時,24030,23290,6630,8850,10060,7790,5290,8680,40380,6040,3650,23770,22400,6590,8280,9600,7710,5270,8690,41930,3890,3060
2023_03,8時,22770,23610,5830,8940,9810,7730,5210,8850,34950,9940,4810,23910,22690,6640,8440,9630,7850,5220,8790,40780,4830,3840
2023_03,9時,21100,22750,6160,7830,8770,7050,4920,9100,30120,10340,5920,23750,22730,6750,8390,9460,7740,5200,8920,38700,5260,5100
2023_03,10時,20190,22210,5870,7620,8240,6770,4730,9160,27850,10240,6760,22760,22590,6430,8420,9060,7420,5070,8930,36490,5200,6140
2023_03,11時,19840,21800,5660,7470,8140,6700,4650,9000,26600,10300,7260,22130,21810,6120,8200,8500,7250,5000,8850,33950,5100,7280
2023_03,12時,19930,21670,5800,7500,8140,6700,4560,8880,26170,10730,7170,22030,21460,6130,8120,8310,7160,4960,8810,33110,5210,7530
2023_03,13時,19620,21150,5360,7440,8140,6650,4540,8620,25760,10810,6660,21900,20830,5920,7800,8310,7010,4910,8770,32750,5100,7180
2023_03,14時,19290,20910,5210,7230,7960,6540,4530,8710,25680,10480,6390,21570,20140,5740,7510,8090,6780,4820,8750,31930,4780,7120
2023_03,15時,19040,20850,5090,7190,7840,6570,4410,8780,25770,10230,6130,21740,20570,5630,7790,8290,6910,4890,8760,32510,4720,7220
2023_03,16時,19380,20860,4990,7300,7960,6660,4570,8750,26530,10320,5750,21610,20940,5570,7740,8290,7090,5000,8840,33060,4720,6970
2023_03,17時,20270,21140,5200,7850,8130,6880,4630,8690,28600,9630,5560,21880,20940,5240,7830,8450,7370,5060,8860,34460,4460,6230
2023_03,18時,20990,21530,5530,8160,8410,7140,4730,8540,31600,7700,5620,22180,21380,5510,8120,8590,7570,5160,8610,35940,3970,5980
2023_03,19時,21770,21890,5910,8530,8580,7430,4830,8370,34820,5950,5340,21990,21320,5220,8070,8880,7600,5100,8420,36790,3740,5080
2023_03,20時,22170,21750,6020,8470,8790,7540,4930,8160,37020,4770,4580,22160,21730,5440,8240,9250,7620,5030,8280,38140,3580,4580
2023_03,21時,22540,21820,6190,8630,8910,7670,4980,7960,39160,4000,3670,22260,21610,5520,8390,9180,7600,5020,8140,39330,3430,3610
2023_03,22時,22300,21780,6260,8670,8900,7600,4920,7720,40400,3390,2770,21960,21140,5380,8320,9200,7480,4900,7810,39900,3110,2610
2023_03,23時,21540,21110,6090,8440,8650,7360,4750,7340,39930,3100,2070,21400,20390,5330,8270,8940,7180,4710,7350,39420,2910,1930
2023_03,24時,23480,22550,6600,8800,9360,7920,5110,8220,43860,3140,1670,23100,22010,5990,8670,9320,7630,5160,8320,42980,3080,1710
2023_03,25時,23790,22630,6690,8840,9500,7970,5140,8270,44220,3110,1730,23470,22130,6170,8710,9460,7700,5200,8340,43450,3060,1760
2023_03,26時,23710,22590,6670,8810,9460,7950,5120,8270,44220,3050,1640,23240,22110,6160,8590,9370,7670,5210,8350,43370,3030,1580
2023_03,27時,23650,22580,6660,8790,9420,7930,5120,8290,44250,3040,1540,23340,22130,6200,8590,9390,7680,5200,8390,43440,3040,1620
2023_03,28時,23600,22570,6650,8770,9380,7880,5130,8330,44190,3040,1530,23340,22130,6220,8590,9330,7680,5220,8410,43380,3040,1670
2023_04,5時,24460,21720,7460,8260,9100,8160,5130,8040,43930,2490,1780,23840,21850,7120,8530,8860,8000,5010,8160,43370,2420,2000
2023_04,6時,24880,22110,7430,8310,9540,8240,5240,8210,43440,3180,2530,23770,21980,6960,8370,9090,7990,5000,8320,43020,2540,2310
2023_04,7時,24800,22980,7920,8350,9790,8160,5240,8310,40450,5190,4290,23710,22260,7130,8180,9220,8000,4950,8470,42250,3050,2720
2023_04,8時,23120,23510,6760,8230,9650,8320,5280,8390,34250,9710,5430,23460,22640,7410,8200,8970,8040,5000,8470,40380,4180,3690
2023_04,9時,20810,22410,6380,7240,8820,7450,4730,8580,29210,10260,5850,23240,22510,7550,8020,8840,7850,4930,8540,38300,4630,4820
2023_04,10時,19800,21670,6150,6830,8330,6850,4570,8720,26820,10210,6470,22700,22280,7390,7970,8560,7570,4830,8640,36260,4670,6000
2023_04,11時,19440,21450,6100,6710,8210,6800,4560,8500,25610,10150,7120,22120,21830,7170,7860,8140,7440,4810,8510,34560,4550,6720
2023_04,12時,19440,21400,5970,6840,8210,6840,4560,8390,25020,10490,7280,21500,21200,6940,7410,7960,7210,4710,8460,33060,4610,6840
2023_04,13時,19350,21030,5600,6910,8280,6780,4560,8240,24640,10700,6990,21360,20790,6800,7260,7920,7130,4690,8340,32620,4540,6730
2023_04,14時,18910,20660,5370,6690,8210,6640,4390,8250,24570,10280,6510,21290,20280,6730,6990,7900,7020,4610,8300,31880,4370,7020
2023_04,15時,18500,20680,5200,6750,7940,6730,4350,8190,24440,10230,6290,21280,20440,6520,7200,7830,7120,4680,8350,32110,4200,7050
2023_04,16時,18790,20560,5180,6740,8000,6840,4440,8150,25210,10180,5800,21350,20460,6220,7350,7960,7200,4710,8340,32720,4180,6610
2023_04,17時,19710,20670,5320,6940,8310,7100,4480,8210,27500,9230,5530,21670,20560,6250,7350,7940,7540,4840,8290,33860,3820,6310
2023_04,18時,20730,20790,5600,7400,8640,7100,4570,8200,30570,7180,5680,22240,20630,6240,7660,8360,7650,4800,8130,35320,3470,5930
2023_04,19時,21950,20730,6100,7760,8850,7380,4610,7960,34370,5040,5150,22380,20870,6370,7690,8660,7680,4830,8000,36610,3150,5370
2023_04,20時,22690,20790,6280,7990,8950,7620,4850,7770,37190,3830,4310,22630,21090,6600,7900,8800,7760,4840,7800,38020,2910,4650
2023_04,21時,23190,20870,6740,8100,8940,7780,4910,7580,39160,3060,3710,22810,21130,6780,8050,8880,7790,4820,7620,39380,2690,3760
2023_04,22時,23090,20740,6890,8110,8890,7700,4860,7360,40200,2620,2900,22740,20700,6800,8100,8770,7700,4710,7350,40140,2360,2820
2023_04,23時,22330,20110,6730,8000,8620,7440,4630,7000,39720,2330,2230,22210,19990,6820,7950,8500,7390,4530,6980,39560,2180,2280
2023_04,24時,24200,21540,7410,8310,9080,8040,5030,7850,43590,2440,1820,23640,21640,7460,8320,8870,7860,4930,7820,43190,2330,1800
2023_04,25時,24540,21650,7530,8430,9170,8090,5050,7900,44050,2410,1870,23840,21750,7520,8350,8970,7910,4970,7860,43530,2300,1820
2023_04,26時,24380,21580,7500,8360,9110,8070,5030,7890,43990,2320,1710,23790,21620,7470,8280,8920,7910,4960,7850,43420,2240,1740
2023_04,27時,24370,21580,7510,8340,9090,8070,5030,7890,43980,2300,1710,23760,21670,7470,8260,8910,7960,4970,7840,43470,2240,1720
2023_04,28時,24380,21600,7540,8340,9040,8060,5040,7930,43940,2330,1750,23800,21650,7450,8260,8850,7940,5010,7920,43460,2240,1730
2023_05,5時,23600,22330,7900,8260,9020,8200,4610,7920,43760,2890,1750,23190,21860,7240,8310,8790,7950,4660,8090,42670,2620,2160
2023_05,6時,24020,22780,8050,8350,9460,8250,4610,8070,43320,3550,2450,22990,22020,6980,8170,8930,7980,4690,8240,42430,2750,2220
2023_05,7時,24080,23850,8590,8420,9760,8250,4780,8100,40760,5290,4410,23080,22090,7180,7990,9030,7940,4650,8360,41420,3180,2980
2023_05,8時,22760,23520,6720,8350,9780,8250,4880,8290,34160,9460,5800,23040,22170,7200,7910,8950,7980,4640,8510,39840,3880,4000
2023_05,9時,20790,22420,6270,7560,8960,7490,4490,8420,29150,10170,6390,22710,22080,7170,7800,8690,7860,4610,8650,37230,4240,5650
2023_05,10時,20000,21550,5990,7230,8350,6960,4410,8590,26910,9950,7040,22120,21670,7030,7480,8370,7430,4600,8880,35150,4190,6610
2023_05,11時,19920,21290,5970,7100,8370,6840,4490,8430,25940,9970,7640,21420,20920,6520,7240,8130,7260,4670,8510,33220,4200,7050
2023_05,12時,19980,21340,6210,7210,8250,6810,4370,8440,25610,10310,7690,20760,20720,6210,7040,8020,7150,4470,8570,32140,4250,7150
2023_05,13時,19660,20860,5910,7250,8140,6670,4320,8220,25140,10490,7170,20860,20110,6240,7010,7950,6990,4450,8320,31490,4270,7270
2023_05,14時,19260,20500,5720,7050,7940,6590,4250,8200,25040,10240,6680,20840,19810,6330,7060,7720,6810,4450,8260,31180,4050,7390
2023_05,15時,18960,20370,5400,7000,7800,6700,4170,8230,25080,9900,6460,20920,19850,6040,7210,7800,6840,4430,8430,31570,3950,7190
2023_05,16時,19310,20540,5520,7000,7960,6870,4320,8160,25870,9850,6350,21010,20050,5970,7340,7860,6950,4510,8410,32160,3900,7010
2023_05,17時,19810,20880,5510,7180,8390,7090,4320,8180,27760,9340,5830,21240,20190,5720,7440,8090,7290,4550,8320,33230,3900,6350
2023_05,18時,20030,21310,5710,7290,8730,7220,4200,8180,30430,7410,5720,21490,20650,5790,7760,8570,7320,4540,8150,34750,3470,5980
2023_05,19時,21510,21530,6590,7770,8960,7590,4250,7870,34340,5440,5480,21450,20570,5730,7850,8550,7410,4560,7920,35850,3280,5000
2023_05,20時,22360,21260,6880,7980,8950,7680,4410,7700,36780,4320,4740,21860,20580,5890,8130,8670,7510,4490,7730,37110,3070,4410
2023_05,21時,22540,21270,7060,8200,8960,7680,4420,7480,38670,3460,3970,22180,20650,6020,8400,8700,7600,4520,7580,38490,2780,3770
2023_05,22時,22460,21200,7360,8180,8760,7750,4390,7200,39890,3030,3050,22100,20490,6330,8430,8590,7520,4380,7310,39330,2730,2860
2023_05,23時,21660,20400,6950,8030,8500,7530,4240,6780,39360,2710,2220,21330,19870,6230,8210,8300,7280,4210,6940,38710,2580,2190
2023_05,24時,23660,22200,7830,8550,9080,8110,4560,7700,43640,2810,1890,23110,21730,7180,8500,8880,7900,4610,7770,42580,2650,2080
2023_05,25時,23900,22380,8040,8560,9150,8170,4590,7750,44000,2800,1990,23240,21960,7330,8490,8980,7960,4630,7790,42950,2640,2110
2023_05,26時,23780,22400,8080,8500,9100,8150,4550,7770,44060,2730,1850,23130,21910,7290,8420,8890,8000,4610,7810,42960,2610,1940
2023_05,27時,23790,22380,8030,8510,9110,8160,4560,7780,44060,2720,1810,23160,21870,7220,8410,8890,8020,4630,7840,42960,2600,1920
2023_05,28時,23780,22360,8040,8500,9040,8160,4590,7790,43990,2740,1830,23050,21820,7200,8400,8750,8000,4650,7850,42820,2580,1900
2023_06,5時,23040,22400,8250,8170,8990,8090,4540,7390,42990,2810,1990,22620,21790,7690,8050,8840,7840,4470,7500,41940,2570,2070
2023_06,6時,23640,22730,8250,8330,9340,8240,4590,7590,42490,3550,2710,22540,21970,7560,7920,8960,7880,4520,7650,41700,2760,2250
2023_06,7時,23580,23660,8420,8370,9750,8250,4770,7660,39770,5040,4770,22600,22160,7830,7750,8980,7890,4470,7840,40660,3140,3160
2023_06,8時,22300,22950,6660,8110,9660,8160,4770,7870,33030,8730,6340,22650,22130,7650,7540,9130,7980,4490,7970,38710,3860,4410
2023_06,9時,20510,21640,6180,7460,8910,7270,4350,7960,28080,9400,6970,22110,22480,7490,7740,8900,7930,4370,8140,36760,4310,5680
2023_06,10時,19540,21230,5900,7250,8350,6750,4270,8230,25840,9310,7830,21770,22090,7600,7430,8770,7310,4460,8270,34690,4280,6930
2023_06,11時,19280,20660,5870,7020,8190,6590,4250,8010,24850,9180,8070,21600,21370,7600,7210,8400,7190,4400,8160,32870,4040,7940
2023_06,12時,19480,20360,5740,7090,8280,6570,4190,7950,24450,9410,8110,20950,20520,6990,6830,8260,7010,4420,7940,31630,4090,7610
2023_06,13時,19070,20050,5600,7090,8120,6510,4150,7640,24110,9510,7640,20660,19860,6560,6880,7890,6840,4310,8020,31130,4090,7190
2023_06,14時,18900,19670,5560,6940,7860,6430,4110,7660,23990,9220,7430,20340,19900,6720,6760,7890,6690,4190,7980,30600,3820,7570
2023_06,15時,18880,19710,5330,7050,7870,6530,4120,7680,24160,9100,7380,20470,19870,6480,6700,8050,6820,4230,8040,30940,3720,7460
2023_06,16時,19290,19740,5400,7100,7950,6730,4230,7610,24950,9080,7100,20550,20030,6480,6950,7880,6920,4330,8010,31370,3750,7310
2023_06,17時,19730,20060,5510,7370,8180,6990,4150,7570,26860,8560,6490,20830,20790,7250,6990,8000,7090,4390,7870,33120,3560,6800
2023_06,18時,19970,20420,5860,7340,8400,7230,4000,7550,29650,6650,6250,20990,21070,6970,7270,8290,7360,4440,7710,34300,3330,6350
2023_06,19時,21170,21110,6860,7750,8590,7590,4190,7280,33650,4900,5880,20870,21130,6850,7260,8480,7510,4470,7400,35280,3160,5490
2023_06,20時,21720,20770,6990,7660,8680,7730,4340,7070,35890,3970,4800,21000,21050,6860,7450,8560,7580,4360,7210,36450,2930,4570
2023_06,21時,22200,20850,7180,8010,8680,7760,4450,6950,37920,3220,4110,21110,21150,6990,7760,8600,7510,4370,7010,37710,2700,3820
2023_06,22時,21790,20670,7190,7810,8620,7690,4370,6770,38680,2870,3150,20890,20930,7000,7740,8490,7460,4250,6850,38200,2560,3090
2023_06,23時,21090,20120,7220,7630,8300,7400,4180,6450,38280,2640,2490,20230,20090,6660,7700,8100,7250,4110,6490,37340,2450,2540
2023_06,24時,22770,21760,7970,8070,8850,7940,4500,7180,42040,2670,2170,21910,21440,7360,7910,8720,7780,4430,7140,41020,2460,1990
2023_06,25時,23040,22090,8310,8200,8900,7990,4510,7200,42590,2660,2240,22190,21720,7620,7970,8850,7820,4450,7190,41570,2470,2010
2023_06,26時,22940,22100,8270,8200,8860,7990,4490,7220,42620,2590,2130,22110,21800,7690,7940,8790,7810,4440,7220,41720,2480,1850
2023_06,27時,22950,22160,8310,8190,8880,7970,4480,7250,42700,2580,2120,22170,21870,7760,7970,8800,7780,4450,7250,41860,2500,1840
2023_06,28時,22930,22200,8310,8230,8890,7940,4490,7250,42720,2610,2090,22160,21810,7690,7950,8790,7780,4470,7270,41760,2460,1870
2023_07,5時,23260,23450,7500,8020,9550,8200,4990,8420,44520,2830,1710,23240,22630,7510,7950,9200,7880,4850,8450,43590,2710,1940
2023_07,6時,23800,23750,7470,8240,9810,8350,5020,8650,43870,3510,2550,23380,22950,7670,7920,9350,7900,4850,8630,43620,2900,2200
2023_07,7時,23700,24660,7920,8320,10130,8180,5070,8720,40860,5790,4100,23290,23180,7560,7840,9540,8020,4850,8650,42600,3490,2720
2023_07,8時,22420,23940,6770,7840,9840,8030,4990,8880,34580,9100,5380,23410,23380,7720,7930,9540,7980,4900,8700,40860,4370,3880
2023_07,9時,20900,22730,6520,7030,9080,7290,4590,9090,29610,9780,6520,22910,23660,7830,7960,9240,7810,4860,8870,38470,4960,5410
2023_07,10時,20000,22260,6370,6790,8440,6890,4480,9280,27390,9770,7370,22660,23230,7770,7750,9060,7490,4770,9020,36220,4880,6980
2023_07,11時,19900,21580,6090,6700,8260,6820,4460,9120,26100,9720,7830,22380,22570,7260,7720,8980,7390,4700,8870,34440,4790,7800
2023_07,12時,20040,21350,6030,6890,8180,6830,4470,8980,25870,10190,7500,22210,22260,7200,7550,8910,7340,4650,8810,33800,4900,7840
2023_07,13時,19970,20930,5800,6910,8210,6730,4440,8810,25430,10370,7260,21840,21820,6880,7410,8770,7220,4600,8770,33090,4770,7800
2023_07,14時,19600,20580,5830,6610,7880,6700,4390,8750,25170,9980,7070,20990,21100,6280,7120,8500,6950,4560,8660,32030,4520,7490
2023_07,15時,19540,20660,5730,6660,7890,6820,4330,8750,25460,9810,6980,21110,21500,6480,7230,8560,7040,4650,8640,32690,4410,7410
2023_07,16時,19670,20600,5530,6630,8140,6910,4430,8600,26170,9770,6480,21300,21610,6750,7180,8490,7200,4720,8560,33380,4400,7100
2023_07,17時,19840,20950,5410,6870,8510,6910,4430,8640,27970,9050,5990,21410,21350,6460,6990,8590,7430,4710,8560,34180,4060,6570
2023_07,18時,20190,21500,5720,7220,8840,6980,4390,8520,30970,6970,5980,21600,21510,6390,7170,8780,7570,4700,8490,35380,3640,6140
2023_07,19時,21470,21950,6370,7730,9100,7320,4560,8320,34820,5280,5520,21490,21440,6170,7380,8890,7510,4710,8260,36410,3370,5290
2023_07,20時,21790,22060,6660,7830,9080,7570,4670,8030,37100,4240,4710,21420,21230,6340,7340,8770,7480,4600,8090,37340,3120,4360
2023_07,21時,22120,21920,6760,7880,9110,7690,4740,7850,38880,3560,3840,21450,21080,6520,7380,8820,7450,4520,7820,38460,2810,3480
2023_07,22時,21740,21620,6800,7780,8950,7590,4630,7580,39500,3060,3060,21560,21090,6860,7480,8770,7500,4450,7560,39170,2700,3060
2023_07,23時,21090,20920,6730,7590,8680,7400,4410,7170,39080,2760,2400,20760,20350,6720,7340,8420,7210,4250,7150,38520,2500,2300
2023_07,24時,23040,22820,7360,7990,9470,7970,4830,8220,43540,2790,1940,22690,22110,7280,7720,9150,7760,4660,8200,42560,2490,2060
2023_07,25時,23260,23010,7460,8080,9520,8040,4870,8270,43980,2790,1920,22900,22460,7390,7820,9310,7840,4680,8290,43160,2530,2020
2023_07,26時,23070,23040,7410,8060,9470,8020,4860,8290,44020,2730,1730,22860,22450,7410,7800,9240,7830,4690,8320,43340,2500,1820
2023_07,27時,23190,23100,7480,8080,9500,8060,4850,8300,44240,2770,1670,22870,22440,7400,7790,9250,7840,4700,8320,43380,2500,1760
2023_07,28時,23230,23220,7550,8100,9520,8050,4880,8330,44390,2810,1620,22970,22480,7380,7820,9290,7870,4730,8340,43530,2530,1720
2023_08,5時,21790,19950,6150,7530,8190,7340,4660,7850,39570,2620,1730,21320,19460,5720,7450,8100,7240,4520,7730,38590,2440,1860
2023_08,6時,22170,20000,6240,7640,8370,7380,4580,7940,38830,3180,2370,21430,19550,5830,7470,8180,7130,4490,7850,38550,2560,1960
2023_08,7時,22040,20740,6270,7710,8830,7240,4580,8130,36360,5110,3610,21280,19780,5830,7310,8330,7150,4470,7950,37620,3230,2380
2023_08,8時,21310,20350,5870,7340,8350,7220,4700,8160,31860,7230,5050,21140,20080,5730,7370,8390,7160,4570,7980,36040,3850,3490
2023_08,9時,20030,19420,5870,6550,7600,6690,4340,8370,28130,7450,6010,21060,20050,6080,7390,7830,7080,4470,8230,34120,4420,4650
2023_08,10時,19450,18990,5860,6260,7130,6380,4250,8550,26120,7520,6920,20910,19730,5940,7530,7720,6880,4410,8150,32390,4420,5890
2023_08,11時,19190,18580,5670,6180,6940,6310,4200,8460,24960,7670,7270,20480,18840,5190,7300,7450,6750,4350,8260,30420,4260,6600
2023_08,12時,19200,18520,5610,6300,6810,6320,4210,8460,24750,8020,7050,20200,18730,5560,6970,7350,6540,4350,8140,29700,4320,6750
2023_08,13時,19150,18070,5480,6270,6820,6260,4150,8230,24410,8120,6780,20100,18460,5580,6830,7310,6460,4350,8020,29350,4290,6760
2023_08,14時,18800,17750,5380,6070,6650,6150,4040,8230,24220,7890,6490,20030,18150,5660,6660,7320,6330,4280,7920,28980,4140,6870
2023_08,15時,18700,17740,5260,6050,6770,6150,4070,8130,24330,7750,6380,19840,18200,5650,6510,7340,6340,4250,7930,29080,4040,6700
2023_08,16時,18870,17780,5120,6050,7010,6220,4210,8030,24920,7850,6020,19800,18450,5450,6720,7400,6440,4300,7910,29650,4010,6410
2023_08,17時,19250,17920,4960,6230,7400,6390,4140,8030,26310,7240,5820,19840,18280,5370,6520,7500,6620,4310,7790,30300,3640,6000
2023_08,18時,19250,18400,4940,6420,7730,6560,4080,7900,28690,5560,5520,20010,18180,5240,6500,7690,6750,4340,7650,31250,3430,5410
2023_08,19時,20370,18680,5470,6740,8010,6850,4290,7660,31530,4510,5100,19820,17990,5000,6500,7640,6750,4340,7560,31940,3040,4710
2023_08,20時,20640,18450,5440,6840,7950,7000,4430,7400,33390,3680,4130,19940,17820,4910,6650,7700,6840,4320,7330,32760,2700,4230
2023_08,21時,20950,18310,5430,7140,8020,7040,4430,7180,34590,3270,3520,20170,17910,4920,6960,7820,6940,4360,7080,33860,2520,3690
2023_08,22時,20430,18290,5370,7190,7910,6980,4330,6920,35190,2890,2770,19990,17830,5060,7150,7640,6830,4290,6830,34420,2430,3020
2023_08,23時,19870,17720,5260,7070,7630,6820,4180,6610,34790,2680,2220,19370,17110,4890,7060,7290,6590,4120,6510,34000,2260,2240
2023_08,24時,21470,19410,6030,7480,8090,7200,4510,7550,38550,2650,1910,20720,18600,5450,7230,7840,6940,4430,7420,37450,2270,1700
2023_08,25時,21720,19580,6150,7570,8150,7250,4540,7630,39000,2650,1910,20940,18670,5540,7270,7890,6980,4440,7470,37760,2250,1700
2023_08,26時,21580,19610,6130,7510,8100,7260,4520,7650,39000,2560,1810,20830,18720,5520,7190,7900,6970,4420,7520,37840,2210,1600
2023_08,27時,21660,19610,6160,7520,8120,7280,4530,7660,39100,2570,1790,20890,18820,5540,7250,7940,6990,4420,7560,37990,2240,1590
2023_08,28時,21660,19650,6150,7530,8110,7270,4550,7690,39100,2590,1800,20790,18840,5540,7260,7860,6980,4420,7550,37970,2220,1510
2023_09,5時,24020,21570,7230,8000,9190,7810,4900,8450,43640,2890,1390,23790,21270,7040,8120,9010,7780,4750,8340,43110,2770,1590
2023_09,6時,24320,21770,7160,8290,9260,7970,4820,8570,42830,3730,1990,24050,21560,7190,8190,9220,7800,4810,8390,43100,3060,1890
2023_09,7時,24260,22240,7310,8360,9700,7740,4840,8530,39670,5950,3350,23990,21770,7180,8100,9260,7840,4780,8560,42280,3470,2430
2023_09,8時,23250,22540,6440,8040,9810,7850,5050,8580,33810,9910,4940,24030,22130,7230,8190,9540,7800,4800,8580,40480,4270,3840
2023_09,9時,21480,21620,6820,6930,8530,7160,4690,8950,29240,10140,5980,23780,21940,7590,7940,8980,7600,4730,8850,38050,4900,5000
2023_09,10時,20940,20870,6540,6640,8130,6710,4590,9180,27210,10170,6700,22990,21500,7100,7730,8610,7360,4680,8990,35540,4980,6110
2023_09,11時,20600,20340,6280,6520,7920,6660,4580,8960,26010,10280,6940,22360,20880,6670,7490,8370,7190,4620,8890,33480,4890,6910
2023_09,12時,20870,20160,6280,6560,8020,6660,4590,8900,25560,10600,7080,22210,20860,6740,7260,8460,7220,4580,8780,32940,4920,7220
2023_09,13時,20740,19820,6140,6470,8010,6630,4510,8790,25070,10740,6980,22050,20590,6600,7320,8360,7170,4490,8690,32560,4860,7190
2023_09,14時,20470,19590,6260,6400,7750,6570,4380,8680,24870,10490,6850,21520,19780,6420,6950,8120,6880,4320,8600,31610,4740,6860
2023_09,15時,20410,19620,6070,6320,7870,6660,4400,8690,25340,10250,6560,21520,19630,6090,6900,8330,6830,4350,8630,31870,4630,6560
2023_09,16時,20170,19710,5890,6300,8000,6770,4470,8430,26060,9970,5980,21280,20010,6100,6810,8450,6990,4350,8570,31960,4620,6620
2023_09,17時,20740,19960,5760,6480,8510,6840,4590,8510,27770,9480,5630,21800,19770,6100,6790,8400,7200,4500,8560,33120,4380,6000
2023_09,18時,21060,20530,5920,6820,8860,6950,4530,8500,30750,7390,5610,22220,19710,5920,7010,8700,7290,4520,8460,34500,3910,5450
2023_09,19時,21950,20860,6310,7210,9130,7240,4590,8310,34340,5460,5160,22780,19790,6330,7160,8790,7420,4590,8260,36090,3680,4870
2023_09,20時,22190,20620,6350,7410,8890,7420,4680,8040,36490,4350,4130,22820,19800,6340,7460,8720,7460,4620,8000,37530,3180,3970
2023_09,21時,22390,20450,6460,7590,8880,7430,4660,7800,38110,3630,3270,22780,19710,6570,7400,8770,7400,4630,7690,38570,2890,3180
2023_09,22時,22450,20140,6560,7750,8750,7450,4560,7500,39180,3090,2480,22450,19600,6470,7490,8660,7390,4570,7450,39090,2680,2450
2023_09,23時,21670,19410,6260,7610,8470,7220,4380,7130,38650,2760,1780,21770,19050,6500,7330,8380,7180,4390,7010,38600,2530,1780
2023_09,24時,23530,21220,7020,8130,8970,7660,4710,8240,42780,2790,1510,23500,20650,7000,7750,8920,7570,4760,8120,42320,2630,1540
2023_09,25時,23740,21300,7100,8210,8990,7710,4730,8280,43130,2800,1470,23680,20870,7180,7760,8970,7660,4780,8180,42750,2610,1540
2023_09,26時,23610,21270,7030,8160,8930,7720,4730,8290,43110,2680,1370,23540,20950,7170,7720,8930,7670,4760,8220,42810,2550,1430
2023_09,27時,23630,21310,7060,8140,8920,7740,4750,8310,43210,2670,1340,23540,20930,7110,7740,8950,7670,4750,8230,42810,2530,1410
2023_09,28時,23710,21350,7110,8140,8960,7740,4760,8320,43280,2690,1370,23600,20970,7150,7740,8940,7690,4790,8230,42860,2580,1440
2023_10,5時,23730,21650,7210,7480,9540,7920,5020,8190,43370,2560,1620,23240,21220,6640,7380,9390,7870,4950,8210,42290,2500,1830
2023_10,6時,24290,21910,7390,7660,9660,8060,5080,8330,42670,3430,2300,23420,21250,6520,7360,9500,7860,5080,8340,41960,2680,2180
2023_10,7時,24630,22360,7410,7870,10210,7810,5180,8490,39400,5910,3950,23500,21630,6500,7470,9740,7990,4990,8430,41080,3280,2930
2023_10,8時,23040,22120,5610,7890,10100,7580,5380,8590,32710,9570,5360,23260,21880,6340,7490,9760,7940,5040,8550,39490,4080,3750
2023_10,9時,21550,20860,5680,6840,9040,6760,5050,9030,28230,9650,6520,22900,22150,6600,7340,9580,7710,4950,8860,37190,4530,5320
2023_10,10時,20530,20030,5450,6210,8400,6450,4900,9140,25860,9480,7130,22760,21610,6500,7100,9530,7410,4840,8970,35120,4580,6600
2023_10,11時,20390,19610,5400,6040,8210,6360,4920,9050,24830,9620,7440,22180,20600,5670,6900,9440,7260,4730,8770,32690,4560,7370
2023_10,12時,20760,19540,5520,6150,8310,6350,4930,9030,24410,10050,7730,21940,20340,5760,6800,9290,7170,4730,8520,31870,4610,7590
2023_10,13時,20290,19220,5200,6150,8210,6340,4850,8740,23980,10060,7350,21740,20500,5990,6690,9230,7010,4730,8570,31930,4510,7560
2023_10,14時,19770,18920,5010,5940,8040,6310,4660,8710,23790,9670,7040,21180,19970,5920,6260,8830,7060,4530,8530,31340,4300,7150
2023_10,15時,19770,18700,4800,6050,8070,6270,4650,8610,24210,9410,6670,21000,20030,5790,6290,8750,7100,4500,8580,31660,4180,6810
2023_10,16時,19820,18760,4640,5980,8360,6400,4700,8480,24990,9340,6140,20890,19790,5120,6340,8730,7200,4650,8620,31650,4240,6500
2023_10,17時,20470,19240,4870,6210,8830,6670,4800,8330,26860,8790,5960,20970,20090,5110,6340,8850,7320,4830,8580,32660,4080,6060
2023_10,18時,20740,19670,5210,6110,9150,6800,4730,8390,29910,6420,5970,21430,20530,5630,6350,9300,7450,4870,8360,34400,3570,5780
2023_10,19時,21960,20570,6270,6520,9440,7320,4820,8150,34090,4780,5590,21810,20240,5650,6490,9340,7590,4800,8150,35950,3020,4970
2023_10,20時,22100,20680,6530,6640,9290,7500,4910,7920,36420,3650,4640,21800,20230,5760,6740,9250,7590,4760,7900,37160,2740,4060
2023_10,21時,22510,20800,6930,7000,9280,7550,4870,7660,38400,3130,3740,21850,19870,5740,6890,9210,7530,4730,7620,37980,2620,3070
2023_10,22時,22150,20440,6770,7110,9140,7490,4730,7320,39150,2750,2700,21540,19780,5920,6860,9210,7400,4660,7250,38430,2510,2350
2023_10,23時,21430,19710,6430,6940,8880,7350,4540,6980,38560,2500,2030,20850,19120,5800,6730,8850,7200,4490,6890,37790,2340,1780
2023_10,24時,23260,21430,7050,7520,9420,7810,4900,7980,42680,2500,1640,22600,20820,6350,7370,9220,7630,4830,7990,41650,2330,1540
2023_10,25時,23470,21510,7160,7520,9480,7870,4920,8020,43030,2450,1640,22760,21070,6450,7460,9280,7690,4850,8080,42010,2300,1600
2023_10,26時,23400,21480,7170,7490,9370,7890,4900,8040,43090,2360,1530,22720,21010,6470,7350,9280,7710,4820,8080,42050,2280,1480
2023_10,27時,23490,21480,7240,7480,9380,7890,4900,8060,43200,2370,1510,22760,20970,6490,7330,9270,7710,4820,8080,42090,2240,1440
2023_10,28時,23500,21570,7250,7480,9450,7870,4930,8070,43210,2390,1600,22760,21040,6500,7360,9290,7710,4830,8100,42120,2320,1470
2023_11,5時,20190,18820,5350,6170,8390,7190,4300,7590,37260,2190,1510,20260,18930,5380,6260,8330,7180,4350,7680,36890,2180,2020
2023_11,6時,20510,18950,5280,6260,8480,7360,4350,7700,36510,2660,2220,20190,19160,5280,6250,8470,7180,4380,7770,36630,2370,2240
2023_11,7時,20900,19160,5380,6310,8990,7090,4440,7820,33490,4820,3750,20420,19420,5410,6200,8770,7260,4310,7870,35960,2890,2860
2023_11,8時,20190,19360,4180,6910,8820,6870,4800,7950,28530,8130,5000,20350,19340,4900,6100,8850,7340,4440,8040,34240,3540,3740
2023_11,9時,18960,18370,4330,6000,7750,6360,4510,8370,24750,8260,6070,19730,19560,5080,5820,8470,7060,4450,8390,32200,3770,5030
2023_11,10時,18340,17620,4060,5610,7460,5900,4470,8430,22840,8120,6730,19250,19530,4860,5820,8380,6840,4350,8500,30410,3810,6170
2023_11,11時,18110,17290,3980,5650,7280,5820,4480,8180,21720,8220,7170,18790,18890,4580,5810,8020,6740,4270,8240,28680,3750,6830
2023_11,12時,18430,17040,4070,5620,7390,5810,4430,8140,21670,8460,7040,18560,18630,4600,5630,8020,6580,4290,8070,28120,3880,6750
2023_11,13時,17950,16720,3730,5500,7260,5820,4360,7980,21250,8520,6640,18170,18430,4720,5220,7970,6480,4210,7980,27470,3790,6900
2023_11,14時,17500,16580,3570,5290,7230,5850,4190,7930,21010,8230,6540,18210,17920,4670,5260,7690,6410,4090,7980,27140,3660,6850
2023_11,15時,17450,16600,3490,5360,7360,5760,4160,7910,21340,8090,6330,18420,17910,4640,5350,7660,6570,4100,8000,27600,3560,6670
2023_11,16時,17620,16840,3460,5400,7540,5920,4290,7840,22210,7940,6010,18660,17930,4320,5610,7740,6730,4180,7990,28260,3640,6210
2023_11,17時,17890,17350,3570,5630,7890,6130,4240,7750,23710,7540,5690,19120,18350,4620,5840,7930,6900,4210,7960,29500,3580,5950
2023_11,18時,17840,17690,3860,5400,8110,6260,4100,7790,26220,5700,5350,19440,18260,4880,5810,8070,6790,4260,7880,30740,3190,5350
2023_11,19時,18500,18150,4400,5700,8400,6530,4030,7570,29330,4230,4880,19230,18440,4970,5940,7990,6950,4140,7660,31890,2650,4720
2023_11,20時,18870,18090,4860,5680,8430,6600,4080,7290,31360,3320,4050,19140,18560,5330,5870,8120,6960,4040,7350,32880,2390,4080
2023_11,21時,18920,18090,4980,5820,8410,6650,4080,7050,32640,2880,3300,19040,18550,5270,5970,8220,6930,4040,7140,33540,2330,3440
2023_11,22時,18830,17620,5040,5740,8180,6650,4010,6820,33340,2410,2500,18820,17950,5090,5870,8130,6860,3960,6840,33600,2260,2630
2023_11,23時,18460,17090,4860,5760,7910,6570,3920,6520,33100,2300,1970,18300,17160,4960,5610,7880,6660,3870,6470,33010,2080,2070
2023_11,24時,19990,18520,5120,6390,8350,7010,4210,7420,36590,2250,1620,19670,18830,5240,6240,8160,7050,4260,7530,36400,2090,1840
2023_11,25時,20190,18580,5250,6390,8370,7060,4230,7450,36860,2230,1650,19800,18890,5310,6200,8230,7090,4290,7550,36550,2050,1920
2023_11,26時,20150,18520,5210,6310,8350,7090,4210,7490,36900,2160,1560,19620,18880,5270,6110,8240,7070,4240,7550,36550,2010,1770
2023_11,27時,20080,18500,5160,6280,8350,7080,4200,7490,36920,2130,1460,19530,18850,5290,6050,8200,7030,4230,7550,36550,1990,1660
2023_11,28時,20050,18530,5150,6240,8360,7090,4210,7500,36880,2130,1510,19640,18880,5270,6140,8250,7020,4270,7550,36570,2010,1770
2023_12,5時,21290,20890,4690,6700,9190,8340,4940,8300,40050,2770,1510,20720,20770,4790,6620,8520,8070,5010,8460,38860,2720,1940
2023_12,6時,21760,21050,4550,6970,9380,8550,4890,8450,39470,3450,2100,20650,21110,4770,6600,8720,8000,5050,8590,38870,2940,2140
2023_12,7時,22140,21450,4730,7080,10120,8060,5010,8570,36680,6020,3340,21040,21060,4910,6460,8970,8100,4990,8640,37930,3460,2730
2023_12,8時,21850,21870,4530,7350,9840,7930,5380,8680,31290,9370,5350,20900,21460,5020,6400,8830,8250,5100,8760,36710,4040,3520
2023_12,9時,20540,21050,4350,6750,8940,7360,5100,9070,27470,10040,6080,20400,21810,4600,6680,8780,8130,5130,8870,34740,4600,4700
2023_12,10時,19960,20350,4480,6210,8530,6860,5060,9150,25620,9750,6910,20270,21740,4510,6720,8800,7810,5030,9120,33110,4650,6010
2023_12,11時,19700,20190,4160,6260,8540,6820,5040,9060,24590,9690,7570,20110,21620,4620,6480,8590,7860,5080,9070,31660,4580,7180
2023_12,12時,19710,19930,3980,6300,8690,6750,5040,8860,24340,9950,7300,19870,21020,4620,6340,8540,7620,4970,8790,30980,4730,6960
2023_12,13時,19450,19760,3850,6200,8650,6780,4960,8750,24040,10110,7040,19810,20770,4550,6070,8490,7610,4930,8910,30790,4730,6910
2023_12,14時,19150,19630,3670,6240,8480,6850,4760,8760,23870,9980,6870,19660,20090,4330,5970,8300,7510,4780,8830,30050,4440,6970
2023_12,15時,19060,19580,3620,6230,8510,6820,4710,8740,24320,9650,6640,19910,20090,4370,6010,8340,7560,4820,8890,30400,4340,6980
2023_12,16時,19260,19950,3750,6470,8610,6950,4750,8650,25330,9580,6300,19870,20570,4330,6480,8360,7640,4770,8840,31080,4340,6760
2023_12,17時,19350,20020,3600,6490,8750,7210,4790,8520,26530,8920,5940,20120,20840,4450,6390,8680,7740,4890,8800,31760,4140,6850
2023_12,18時,19570,19500,3390,6220,8810,7250,4660,8720,28770,6470,5850,20070,20290,4220,6200,8810,7680,4880,8550,32310,3630,6240
2023_12,19時,19950,20150,4360,6470,8820,7500,4550,8380,31610,4920,5580,20080,20050,4260,6170,8760,7750,4820,8360,33480,3070,5380
2023_12,20時,19910,20060,4570,6370,8720,7590,4610,8080,33360,3910,4650,19910,20000,4360,6280,8570,7750,4800,8140,34280,2850,4610
2023_12,21時,19970,19810,4280,6570,8920,7550,4620,7820,34940,3110,3730,19510,19950,4280,6210,8640,7620,4790,7910,35030,2570,3710
2023_12,22時,19900,19460,4410,6420,8800,7540,4610,7560,35760,2630,2970,19430,19710,4270,6310,8710,7540,4690,7590,35490,2440,3040
2023_12,23時,19210,18860,4200,6350,8520,7330,4470,7180,35260,2520,2300,18660,18980,4040,6180,8380,7260,4520,7240,34780,2320,2370
2023_12,24時,20880,20340,4440,6770,8940,8030,4890,8140,39130,2370,1790,20140,20390,4320,6610,8660,7850,4920,8150,38150,2220,2070
2023_12,25時,21080,20360,4430,6780,9020,8110,4930,8160,39440,2350,1730,20490,20470,4550,6600,8720,7950,4940,8190,38610,2190,2080
2023_12,26時,21010,20380,4370,6790,8980,8140,4900,8190,39580,2290,1600,20350,20450,4520,6530,8680,7940,4910,8210,38660,2160,1900
2023_12,27時,20970,20410,4380,6780,8960,8130,4910,8210,39620,2290,1560,20300,20500,4470,6570,8720,7940,4910,8190,38770,2190,1810
2023_12,28時,21070,20410,4320,6810,9000,8130,4960,8250,39680,2340,1560,20350,20500,4480,6540,8710,7940,4930,8230,38840,2220,1770
2024_01,5時,22070,21570,6530,7030,8840,7910,5110,8220,41370,3060,1690,21450,21510,6310,7110,8500,7680,5060,8270,40120,2880,2230
2024_01,6時,22500,21800,6390,7300,9040,8120,5070,8360,40900,3690,2210,21490,21580,6280,7150,8710,7580,5060,8260,39920,3050,2400
2024_01,7時,22930,22290,6420,7530,9580,8040,5170,8450,38440,5640,3910,21810,21510,6180,7130,8810,7740,5060,8370,39030,3470,3020
2024_01,8時,22300,22270,5710,7500,9650,7670,5470,8560,33400,8140,5700,21810,21840,6230,7030,8840,7870,5250,8420,37900,3960,3960
2024_01,9時,20760,20940,5200,6720,8660,7150,5180,8770,29500,8280,6270,21660,21900,6020,7060,8720,7780,5260,8690,36180,4250,5240
2024_01,10時,20300,20490,4990,6520,8460,6690,5190,8910,27700,8170,7210,21320,21680,5730,7130,8780,7470,5150,8720,34590,4330,6190
2024_01,11時,20060,20430,5000,6350,8450,6630,5250,8800,26680,8150,7830,21030,21370,5640,6970,8640,7320,5150,8650,33310,4220,6840
2024_01,12時,20580,20190,4900,6500,8650,6660,5320,8720,26350,8540,8200,20930,21020,5750,6880,8460,7230,5240,8380,32670,4210,7150
2024_01,13時,19910,20050,4570,6530,8490,6640,5220,8490,25820,8490,7960,20590,20850,5400,6890,8560,7060,5080,8440,32080,4020,7340
2024_01,14時,19590,19870,4460,6400,8340,6630,4980,8630,25640,8270,7770,20390,20550,5520,6770,8140,7070,4840,8580,31650,3740,7430
2024_01,15時,19610,20040,4600,6340,8480,6670,4930,8620,26060,8190,7600,20390,20610,5390,6910,8120,7030,4870,8640,31900,3620,7340
2024_01,16時,19690,20370,4440,6380,8670,6830,5070,8650,27030,7990,7270,20960,20560,5430,6940,8290,7150,4950,8750,32760,3680,7010
2024_01,17時,19730,20390,4310,6390,8840,6980,5030,8560,28180,7510,6710,20690,20890,5350,6640,8480,7500,5040,8550,33480,3510,6510
2024_01,18時,19870,20610,4490,6600,8750,7060,4960,8600,30790,5880,6120,20930,20780,5480,6770,8470,7540,5010,8400,34360,3220,6050
2024_01,19時,20290,20840,5260,6830,8580,7130,4950,8350,33590,4670,5190,20920,20990,5940,6920,8300,7520,4950,8260,35430,3070,5440
2024_01,20時,20250,20900,5630,6700,8530,7220,4980,8080,35380,3850,4190,20900,21090,6280,6990,8430,7390,4800,8080,36480,2930,4690
2024_01,21時,20550,20520,5400,6900,8800,7230,4920,7810,36800,3310,3280,20740,20570,6050,6930,8390,7350,4760,7810,37060,2690,3750
2024_01,22時,20450,20020,5440,6840,8680,7190,4850,7460,37230,2870,2670,20670,19990,6130,6870,8360,7240,4620,7420,37340,2530,2950
2024_01,23時,19800,19340,5370,6700,8340,6980,4700,7030,36560,2720,2100,19820,19150,5870,6600,8110,6900,4500,6970,36440,2380,2220
2024_01,24時,22030,21500,6160,7370,9030,7790,5140,8020,41340,2780,1860,21800,20970,6460,7180,8480,7640,5030,7970,40580,2480,2000
2024_01,25時,22230,21630,6280,7350,9060,7850,5190,8110,41760,2740,1840,21950,21160,6570,7180,8530,7710,5050,8050,40910,2460,2040
2024_01,26時,22160,21590,6210,7310,9020,7880,5170,8130,41740,2730,1760,21850,21200,6580,7080,8540,7720,5030,8080,40970,2460,1930
2024_01,27時,22160,21560,6180,7280,9030,7850,5210,8150,41790,2700,1700,21880,21200,6580,7110,8590,7680,5040,8070,41040,2460,1900
2024_01,28時,22200,21540,6210,7270,9020,7860,5190,8160,41780,2720,1710,21960,21150,6530,7160,8610,7660,5030,8100,41000,2490,1920
2024_02,5時,22180,21660,7470,6000,9280,8020,4890,8160,41350,3630,1680,21850,21780,7320,6070,9120,7920,4980,8210,40870,3770,2050
2024_02,6時,22900,22110,7330,6440,9560,8290,4930,8440,41050,4630,2360,22390,22190,7560,6170,9340,7950,5140,8390,41140,4230,2370
2024_02,7時,23200,22740,7910,6530,10170,8020,4940,8360,38630,6390,4030,22530,22460,7560,6240,9570,8110,4980,8510,40450,4760,2970
2024_02,8時,22310,22340,6620,6630,10110,7670,5060,8550,33100,9210,5480,22540,21830,7040,6280,9280,8090,5100,8560,38170,5370,3960
2024_02,9時,20940,21510,6380,5780,9420,7200,4810,8830,29220,9780,6440,22130,22180,6850,6150,9300,7900,5120,8970,36170,5780,5440
2024_02,10時,20580,21010,6370,5610,9130,6840,4690,8930,27510,9850,7280,21530,22070,6440,6180,9250,7600,5120,8990,34300,5800,6550
2024_02,11時,20160,20680,6320,5370,8960,6830,4690,8660,26200,9750,7680,21620,21740,6380,5980,9210,7670,5080,9020,33140,5520,7530
2024_02,12時,20470,21000,6490,5690,9200,6720,4830,8520,26040,10330,7940,21660,21470,6860,5960,9200,7350,5120,8630,32260,5750,7960
2024_02,13時,19830,20610,6100,5610,9090,6570,4770,8290,25410,10360,7480,21310,21130,6720,5920,8940,7300,5010,8540,31730,5520,7970
2024_02,14時,19400,20490,5810,5520,9110,6590,4640,8200,25130,9960,7380,20830,20960,6510,5910,8970,7230,4830,8320,31250,5110,8020
2024_02,15時,19410,20530,5770,5420,9110,6670,4610,8330,25450,9840,7170,20840,21520,6500,6060,8900,7470,4870,8550,32060,5150,7780
2024_02,16時,19780,20550,5750,5410,9240,6850,4780,8280,26170,9860,6920,21010,21120,6410,6110,8680,7480,4850,8570,32510,5130,7160
2024_02,17時,19940,20620,5700,5550,9280,6990,4760,8260,27430,9430,6420,21440,21540,6680,6300,8730,7810,5000,8430,33980,5050,6690
2024_02,18時,20460,20710,5890,5820,9370,7100,4780,8180,30090,7530,6320,21880,21490,6530,6610,9010,7750,5030,8430,35100,4760,6230
2024_02,19時,20880,21000,6520,6170,9210,7170,4740,8050,32850,6150,5580,21430,21170,6380,6470,8900,7710,4890,8240,35830,4340,5170
2024_02,20時,20990,21130,6970,6000,9160,7290,4830,7850,34980,5060,4720,20870,21130,6340,6170,8990,7630,4860,7990,36360,4040,4410
2024_02,21時,20980,20840,6830,5970,9240,7220,4840,7710,36570,4130,3790,21180,20880,6480,6450,9020,7530,4760,7790,37340,3740,3860
2024_02,22時,20700,20550,6920,5860,9050,7220,4790,7390,37260,3590,3070,20810,20550,6560,6350,9090,7260,4650,7430,37710,3420,3090
2024_02,23時,20020,19710,6770,5730,8630,6970,4630,6980,36690,3390,2280,20170,19550,6480,6060,8810,6880,4430,7050,36810,3220,2420
2024_02,24時,21810,21460,7240,6050,9310,7720,4990,7940,40990,3370,1800,21920,21500,6890,6590,9190,7710,4990,8030,40910,3390,2120
2024_02,25時,22030,21640,7370,6060,9370,7820,5020,8010,41530,3340,1700,22310,21620,7030,6690,9300,7780,5000,8120,41430,3440,2150
2024_02,26時,22060,21620,7320,6070,9340,7850,5040,8040,41590,3270,1700,22270,21570,7020,6570,9300,7820,4990,8120,41460,3420,2060
2024_02,27時,22040,21540,7250,6040,9330,7840,5030,8070,41640,3280,1560,22240,21490,7020,6510,9230,7830,4990,8120,41390,3380,2020
2024_02,28時,22090,21600,7240,6050,9420,7850,5020,8090,41700,3320,1560,22300,21500,7020,6520,9250,7840,5020,8140,41450,3440,1990
2024_03,5時,22070,22240,6820,6280,9650,8480,5190,7870,41870,3320,1910,21930,22070,6850,6150,9690,8230,5250,7810,41420,3170,2140
2024_03,6時,22610,22710,6670,6580,9930,8650,5330,8140,41350,4090,2870,22420,22290,6650,6480,9840,8280,5370,8080,41510,3640,2470
2024_03,7時,22850,23510,7210,6810,10550,8450,5200,8110,39310,5710,4380,22470,22610,7020,6460,9860,8270,5240,8200,40560,4170,3140
2024_03,8時,22040,23150,5960,7150,10300,8110,5360,8290,33410,8740,6110,22280,22360,6450,6660,9740,8270,5260,8250,38210,4890,4270
2024_03,9時,20590,22350,5860,6180,9700,7560,5040,8590,29200,9310,7210,21490,23130,6290,6620,9960,8000,5280,8450,35840,5480,6030
2024_03,10時,20140,21780,5590,6050,9510,7180,4930,8640,27150,9410,8070,21390,22660,5900,6620,9960,7760,5280,8500,33850,5540,7290
2024_03,11時,19890,21300,5580,5920,9340,7030,4900,8410,25930,9490,8400,20610,22210,5690,6170,9770,7650,5180,8350,32220,5330,7760
2024_03,12時,20070,21470,5640,5990,9580,7000,5030,8280,25900,9870,8420,20970,21760,5720,6430,9610,7610,5190,8150,31730,5480,8070
2024_03,13時,19440,21350,5250,5920,9660,6830,4980,8120,25420,9830,8210,20700,21040,5660,6300,9180,7530,4980,8070,30920,5340,7970
2024_03,14時,19180,20960,5170,5850,9630,6680,4770,8020,25230,9500,7950,20610,21160,5790,6280,9150,7470,4830,8220,30810,5210,8170
2024_03,15時,18900,20880,5040,5730,9480,6740,4750,8020,25220,9450,7630,20730,20910,5870,6140,8940,7590,4860,8220,31030,4950,8000
2024_03,16時,19110,20890,4790,5750,9540,6930,5100,7880,25970,9350,7220,21130,21020,5790,6330,9080,7810,4960,8160,31810,4900,7810
2024_03,17時,19750,20930,4940,5910,9660,7100,5160,7890,27290,9020,6920,21210,21090,5560,6280,9220,8100,5080,8040,32820,4840,7050
2024_03,18時,20190,20920,5340,5750,9730,7250,5100,7910,29810,7010,6890,21580,21250,6010,6280,9310,8020,5280,7930,34130,4510,6650
2024_03,19時,20290,21470,5730,6190,9600,7310,5130,7790,32350,5870,6140,21370,20900,6030,6190,8950,8110,5200,7780,34890,4150,5790
2024_03,20時,20090,21250,5870,6120,9290,7370,5130,7540,34220,4730,4970,21040,21030,5980,6320,9080,8030,5070,7570,35960,3820,4840
2024_03,21時,20680,21230,6000,6300,9520,7590,5150,7340,36180,4100,4260,21080,20910,6170,6190,9250,7880,5080,7390,37060,3570,3970
2024_03,22時,20540,20920,6220,6140,9380,7620,5050,7030,37180,3500,3390,20680,20460,6430,5920,9170,7690,4920,6990,37520,3130,3090
2024_03,23時,19840,20100,6060,6040,8930,7460,4870,6580,36680,3190,2630,19940,19870,6440,5740,8890,7370,4750,6600,36980,2970,2420
2024_03,24時,21700,22240,6660,6490,9600,8260,5220,7710,41170,3250,2310,21890,21640,7010,6310,9410,8030,5170,7580,41130,3010,2120
2024_03,25時,21920,22270,6620,6540,9670,8360,5240,7730,41550,3250,2210,22020,21710,6990,6270,9480,8110,5210,7660,41450,3010,2030
2024_03,26時,21810,22190,6520,6460,9610,8380,5260,7750,41580,3210,2020,21960,21690,6960,6220,9440,8110,5230,7670,41500,2980,1920
2024_03,27時,21840,22190,6550,6450,9620,8360,5260,7770,41660,3210,1980,21860,21620,6920,6190,9380,8070,5230,7680,41480,2980,1770
2024_03,28時,21940,22220,6610,6460,9630,8400,5230,7810,41760,3240,1990,22080,21630,7000,6250,9400,8100,5230,7710,41610,3030,1830
2024_04,5時,22110,23300,6490,7480,9030,8750,5300,8340,43460,2730,1490,21930,23370,6640,7460,8920,8430,5310,8520,42910,2690,1950
2024_04,6時,22680,23550,6530,7650,9200,8960,5300,8560,43100,3340,2210,22140,24000,6780,7570,9150,8450,5430,8740,42880,3280,2240
2024_04,7時,22750,24610,7010,7820,9690,8890,5260,8670,40730,5600,3670,22070,24290,6650,7720,9240,8540,5280,8910,41760,4190,2810
2024_04,8時,21280,24170,5660,7370,9860,8500,5310,8740,34140,8710,5190,21900,23650,6200,7390,9100,8470,5410,8960,39410,4560,3760
2024_04,9時,19360,23260,5600,6450,9120,7690,4930,8820,29300,9560,6090,20990,23980,5810,7180,9120,8370,5320,9160,37230,5100,4820
2024_04,10時,18730,22860,5380,6280,8710,7420,4790,8990,27140,9560,7120,20340,23430,5390,7100,8750,8050,5330,9130,34760,4930,6190
2024_04,11時,18290,22180,5070,6020,8550,7200,4820,8780,25640,9700,7210,20030,23140,5120,6940,8710,7940,5280,9160,33170,4810,7170
2024_04,12時,18480,22260,5320,6060,8570,7160,4900,8710,25380,10280,7230,19550,22850,5130,6760,8660,7720,5180,8930,32120,4960,7260
2024_04,13時,17930,21980,5180,5940,8490,7010,4770,8500,25040,10170,6840,19330,22780,5120,6850,8660,7520,5070,8860,31660,4990,7370
2024_04,14時,17830,21860,5210,5780,8470,7020,4650,8530,25000,9990,6820,18920,22510,5190,6690,8450,7460,4970,8660,30850,4820,7590
2024_04,15時,17690,21960,5170,5720,8380,7140,4750,8480,25090,9900,6770,19090,22730,5420,6870,8330,7640,4940,8590,31360,4850,7480
2024_04,16時,17820,21840,4820,5730,8430,7300,4890,8480,25770,9520,6450,19310,22710,5460,6860,8570,7680,4900,8530,32150,4810,7030
2024_04,17時,18180,22130,4830,5930,8600,7390,5100,8440,27470,8870,6070,20000,22870,5700,6910,8810,7850,4980,8590,33630,4620,6610
2024_04,18時,19290,22040,5430,6240,8670,7510,5050,8420,30720,6700,6010,20580,22940,6100,7070,8780,8040,5060,8450,35330,4190,6030
2024_04,19時,20260,22880,6030,6900,9020,7690,5120,8350,34580,5070,5620,20820,22860,6180,7140,8710,8130,5190,8330,36810,3560,5390
2024_04,20時,20570,22790,6290,6940,8960,7820,5180,8160,36750,4130,4620,20860,23010,6160,7540,8640,8240,5130,8120,38000,3320,4660
2024_04,21時,21050,22690,6510,7080,9010,7960,5230,7930,38610,3500,3750,21030,22650,6300,7510,8750,8020,5180,7910,39000,3070,3750
2024_04,22時,20960,22770,6780,7200,8930,8060,5130,7620,39770,3040,3080,20950,22490,6620,7460,8750,7920,5060,7620,39740,2760,3080
2024_04,23時,20210,21830,6400,7170,8530,7800,4910,7230,39310,2540,2320,20170,21860,6520,7210,8430,7650,4900,7310,39130,2530,2460
2024_04,24時,21880,23260,6790,7450,8960,8520,5250,8160,43080,2610,1770,21430,23410,6580,7540,8950,8210,5290,8260,42550,2540,2010
2024_04,25時,22080,23320,6750,7530,9020,8590,5290,8190,43430,2620,1680,21590,23510,6610,7560,9000,8290,5320,8320,42890,2550,1940
2024_04,26時,21980,23260,6650,7490,8990,8580,5310,8210,43490,2630,1460,21460,23450,6560,7460,8910,8300,5350,8320,42850,2540,1780
2024_04,27時,21910,23250,6610,7480,8920,8590,5300,8230,43480,2650,1380,21460,23470,6590,7420,8890,8320,5370,8320,42910,2550,1730
2024_04,28時,22050,23280,6620,7580,8950,8610,5290,8260,43540,2670,1460,21620,23420,6510,7520,8890,8350,5360,8380,42940,2590,1760
2024_05,5時,22320,22590,5920,7520,9180,8630,5190,8450,42630,3340,1840,21700,22220,5640,7390,8990,8260,5220,8400,41090,3070,2530
2024_05,6時,22920,23080,6130,7670,9310,8900,5310,8660,42360,4060,2570,21880,23020,5870,7680,9170,8290,5240,8640,41160,3700,2840
2024_05,7時,23190,23600,6670,7670,9770,8680,5340,8640,39680,6180,4170,22030,23320,6000,7710,9230,8340,5270,8790,40490,4110,3510
2024_05,8時,21740,23880,5590,7650,9590,8280,5540,8950,33570,9520,5520,21440,23380,5700,7610,9170,8260,5270,8790,38570,4550,4270
2024_05,9時,20170,23170,5600,6840,9060,7510,5220,9100,29390,10370,6340,20960,24010,5660,7620,9150,8140,5360,9020,36620,4930,5840
2024_05,10時,19310,22310,5270,6370,8600,7220,5010,9140,26820,10190,7230,20550,23050,5400,7280,8930,7700,5170,9100,34170,4860,6910
2024_05,11時,18940,22010,5140,6270,8570,7060,5000,8890,25600,10390,7560,19840,22870,5230,7160,8700,7550,5120,8940,32560,4690,7630
2024_05,12時,19010,21970,5060,6350,8560,7000,5120,8880,25270,10910,7470,19480,22480,5230,6600,8790,7390,5160,8770,31550,4890,7760
2024_05,13時,18330,21460,4800,6190,8380,6840,5050,8520,24610,10700,7090,19440,22030,5100,6640,8730,7270,5040,8680,31160,4880,7690
2024_05,14時,18310,21380,4960,6070,8410,6820,4870,8530,24840,10340,7040,19100,21540,5050,6460,8360,7210,4910,8630,30990,4630,7190
2024_05,15時,18330,21470,4880,6080,8360,6930,4860,8670,25080,10300,7040,19350,21880,5360,6620,8330,7350,4940,8600,31390,4720,7320
2024_05,16時,18380,21290,4620,6050,8290,7070,5030,8600,25660,9860,6770,19720,22180,5580,6560,8580,7580,5050,8530,32160,4810,7260
2024_05,17時,18610,21640,4540,6140,8640,7290,5090,8520,27240,9260,6400,20290,22210,5310,6820,8850,7870,5060,8580,33290,4800,6870
2024_05,18時,19960,21550,5340,6280,8930,7440,5070,8430,30420,6990,6750,20570,22300,5660,6970,8800,7840,5160,8420,34420,4290,6570
2024_05,19時,20770,22340,6160,6640,9240,7720,5100,8240,34060,5200,6570,20810,22320,5730,7210,8850,7830,5180,8320,35850,3530,6120
2024_05,20時,21060,22150,6180,6770,9200,7900,5100,8040,36290,4380,5270,20450,22230,5590,7380,8670,7780,5110,8140,36580,3310,5270
2024_05,21時,21460,22010,6210,6970,9280,8070,5120,7780,38060,3860,4240,20760,21990,5670,7480,8870,7760,5020,7930,37810,3140,4330
2024_05,22時,21200,21900,6220,7050,9140,8080,5040,7560,39170,3340,3300,20740,21950,6060,7450,8850,7710,4900,7700,38810,2920,3500
2024_05,23時,20470,21230,6020,6980,8730,7820,4860,7260,38770,3000,2590,20070,21280,6030,7260,8420,7510,4790,7310,38200,2720,2940
2024_05,24時,22030,22540,6260,7280,9200,8400,5160,8260,42080,3120,2280,21750,22710,6310,7500,9110,8070,5100,8360,41690,2830,2630
2024_05,25時,22220,22660,6280,7330,9230,8510,5190,8310,42450,3130,2210,21840,22750,6330,7510,9110,8120,5120,8390,41930,2860,2510
2024_05,26時,22020,22610,6130,7300,9160,8470,5220,8330,42460,3120,1950,21810,22610,6190,7510,9040,8110,5150,8400,41930,2880,2350
2024_05,27時,22000,22580,6080,7300,9170,8450,5230,8330,42510,3150,1830,21850,22640,6220,7530,9050,8080,5160,8440,42060,2920,2270
2024_05,28時,22100,22600,6080,7390,9170,8460,5230,8360,42580,3200,1840,21930,22600,6180,7590,9030,8060,5180,8460,42100,2940,2260
2024_06,5時,21760,22260,5660,7800,8610,8680,5180,8080,41430,3610,2050,21350,22130,5330,7820,8500,8380,5260,8180,40790,3430,2320
2024_06,6時,22270,22750,5810,8050,8820,8770,5240,8320,41200,4180,2800,21480,22670,5660,7800,8550,8470,5270,8380,40740,4040,2510
2024_06,7時,22670,23740,6810,7960,9240,8640,5280,8450,38890,6110,4770,21620,23200,5690,7940,8840,8590,5320,8430,40090,4590,3300
2024_06,8時,21180,24150,6150,7570,9350,8120,5400,8720,33110,9160,6150,21290,22900,5220,7590,8810,8540,5480,8530,37780,4880,4450
2024_06,9時,19680,23180,6000,7070,8510,7280,5170,8810,28920,9860,6900,21000,22970,5080,7470,8820,8330,5480,8760,35870,5300,5640
2024_06,10時,18920,23000,6010,6840,8280,6930,4970,8870,26700,9770,8160,20390,22330,4700,7340,8490,8010,5390,8790,33480,5140,6790
2024_06,11時,18510,22210,5500,6660,8110,6820,4910,8690,25290,9850,8200,20220,22320,4620,7210,8580,7900,5390,8830,32230,5030,7810
2024_06,12時,18790,22000,5280,6890,8290,6820,5000,8500,24820,10280,8250,20140,22010,4780,7060,8460,7800,5380,8660,31510,5140,8070
2024_06,13時,18190,21840,5240,6840,8170,6580,4950,8230,24490,10150,8010,19950,21250,4380,7050,8210,7740,5180,8610,30870,4920,7910
2024_06,14時,17800,21320,5140,6710,7980,6440,4720,8120,24270,9700,7640,19700,20870,4500,6940,8120,7590,4990,8420,30400,4710,7870
2024_06,15時,18060,21440,5160,6680,8040,6530,4830,8240,24750,9740,7550,19900,20910,4670,6900,8000,7640,5080,8510,31030,4580,7570
2024_06,16時,17950,21440,4830,6650,8090,6740,4890,8160,25480,9330,7180,20010,21180,4870,6870,8020,7700,5200,8520,31880,4590,7160
2024_06,17時,18230,21440,4640,6540,8410,7020,4930,8110,26820,8620,6850,20000,21630,4960,7090,8060,7840,5280,8400,32800,4440,6830
2024_06,18時,19190,21320,5000,6660,8490,7250,4940,8160,29750,6670,6790,20360,21340,4890,7340,8150,7840,5270,8200,34200,3940,6110
2024_06,19時,20100,21720,5550,7120,8750,7480,5020,7890,33120,5000,6440,20490,21210,4940,7390,8200,7970,5150,8030,35340,3560,5360
2024_06,20時,20480,21760,5740,7280,8720,7690,5090,7700,35260,4200,5480,20340,20850,4930,7430,8100,7950,4970,7800,35970,3260,4510
2024_06,21時,20710,21680,5450,7440,8880,7970,5150,7470,37040,3790,4280,20500,21060,5190,7600,8200,7940,4980,7640,37060,3220,3950
2024_06,22時,20450,21540,5640,7440,8610,8010,5020,7260,37950,3350,3410,20410,20880,5310,7590,8210,7880,4890,7390,37720,3090,3210
2024_06,23時,19650,20880,5460,7290,8220,7770,4840,6930,37450,3110,2670,19630,20210,5100,7500,7930,7630,4720,6950,36940,2980,2590
2024_06,24時,21370,22200,5880,7660,8580,8420,5120,7900,40770,3280,2490,21340,21860,5590,7840,8400,8230,5110,8020,40530,3140,2460
2024_06,25時,21540,22260,5930,7660,8610,8510,5120,7940,41060,3320,2430,21430,21880,5560,7860,8420,8290,5110,8060,40760,3140,2320
2024_06,26時,21320,22200,5760,7600,8600,8470,5140,7940,41060,3310,2140,21280,21810,5460,7760,8360,8280,5130,8100,40750,3150,2100
2024_06,27時,21300,22240,5710,7630,8640,8460,5130,7950,41130,3340,2070,21230,21820,5470,7760,8350,8240,5120,8110,40740,3150,2070
2024_06,28時,21400,22240,5680,7700,8640,8470,5120,8000,41190,3370,2080,21270,21830,5470,7760,8330,8230,5110,8170,40730,3190,2080
2024_07,5時,21040,22200,5270,7830,8270,8300,5200,8360,40900,3740,1870,20670,21520,5210,7790,8020,7960,5060,8140,39780,3570,2060
2024_07,6時,21750,22710,5490,7910,8540,8500,5400,8600,40620,4380,2820,20850,21830,5160,7750,8120,8080,5230,8320,39720,3820,2360
2024_07,7時,21970,23420,6190,7970,8800,8450,5370,8600,37980,6390,4400,20880,22470,5360,7880,8250,8070,5360,8420,39260,4590,2760
2024_07,8時,20630,24060,5740,7670,8990,8100,5360,8820,32530,9640,5870,20760,22200,5120,7570,8210,8150,5430,8450,36910,5010,4110
2024_07,9時,19250,23250,5670,7020,8230,7480,5040,9050,28560,10150,6900,20000,22700,4950,7200,8310,8010,5520,8690,35010,5160,5460
2024_07,10時,18420,22590,5340,6560,7980,7110,4870,9120,26170,10000,7750,19790,22450,4750,6940,8460,7810,5480,8790,33250,5100,6730
2024_07,11時,18060,22360,5100,6450,7990,6980,4850,9030,24990,10200,8150,19350,21680,4470,6660,8060,7700,5370,8740,31420,4900,7330
2024_07,12時,18260,22320,4930,6680,8270,6920,4890,8880,24790,10530,8120,19350,21210,4460,6620,8000,7530,5360,8570,30800,4870,7420
2024_07,13時,17740,21810,4860,6540,8190,6590,4730,8630,24430,10470,7510,19120,20820,4140,6690,8090,7300,5160,8540,30470,4750,7250
2024_07,14時,17220,21240,4610,6190,8080,6480,4600,8490,24070,10080,7070,18850,19910,4250,6410,7770,7170,4820,8350,29820,4590,6880
2024_07,15時,17350,21200,4610,6230,8000,6580,4580,8530,24500,9980,6830,19100,20330,4500,6590,7680,7240,4880,8530,30630,4690,6750
2024_07,16時,17380,20830,4210,6060,8020,6810,4600,8490,25190,9550,6280,19080,20360,4280,6790,7540,7380,4930,8490,31050,4580,6450
2024_07,17時,17900,21200,4200,6290,8350,7070,4730,8440,26700,8990,6290,19450,20430,4340,6880,7770,7580,4920,8370,32040,4510,6030
2024_07,18時,18510,21350,4870,6330,8440,7090,4750,8370,29220,7280,6290,19520,20640,4600,6900,7820,7650,4970,8200,33160,4210,5540
2024_07,19時,19210,21750,5300,6870,8460,7310,4860,8150,32560,5570,5780,19620,20870,5180,7130,7610,7680,4930,7960,34350,3850,5050
2024_07,20時,19640,21950,5440,7240,8450,7480,4970,7990,34750,4790,5060,19890,20650,4960,7470,7680,7680,4930,7810,35390,3420,4500
2024_07,21時,19840,21850,5390,7380,8440,7690,5040,7730,36460,4160,4050,19850,20900,5240,7590,7730,7590,4960,7620,36210,3370,4000
2024_07,22時,19630,21400,5390,7400,8180,7750,4880,7410,37250,3610,3160,19420,20530,5100,7590,7630,7460,4850,7300,36570,3120,3040
2024_07,23時,18940,20690,5160,7400,7690,7510,4740,7110,36770,3370,2430,18860,20110,5010,7570,7520,7170,4740,6950,36220,2980,2500
2024_07,24時,19850,20970,5200,7440,7830,7680,4880,7770,38380,3370,2080,20350,21530,5290,7720,7830,7820,5110,8090,39520,3260,2140
2024_07,25時,19980,21010,5210,7450,7860,7760,4880,7800,38630,3420,2000,20460,21590,5360,7720,7870,7840,5120,8130,39700,3260,2120
2024_07,26時,19780,21040,5150,7420,7830,7730,4860,7820,38640,3390,1830,20400,21550,5360,7670,7870,7810,5100,8120,39760,3280,1930
2024_07,27時,19750,21030,5060,7420,7850,7750,4860,7830,38670,3400,1740,20360,21540,5360,7660,7830,7800,5100,8120,39800,3290,1830
2024_07,28時,19770,21090,5100,7430,7850,7730,4870,7870,38730,3440,1750,20460,21540,5360,7700,7840,7810,5120,8150,39790,3330,1910
2024_08,5時,18990,21370,5080,6590,7970,7800,5030,7860,38440,2470,1690,18390,20810,5030,6250,7700,7490,4970,7750,37280,2380,1680
2024_08,6時,19590,21850,5140,6840,8240,7910,5230,8060,38300,3080,2350,18620,21270,5160,6280,7920,7550,5090,7870,37410,2750,1870
2024_08,7時,20010,22520,5580,7000,8410,7920,5320,8270,36170,5300,3500,19010,21670,5350,6520,8020,7640,5220,7920,36820,3560,2490
2024_08,8時,19030,22240,5120,6490,8420,7550,5240,8420,31170,7880,4710,19160,21580,5210,6300,8050,7790,5310,8060,35200,4240,3440
2024_08,9時,17820,21130,4770,5800,7720,7060,4960,8620,27130,8400,5580,19000,21550,4920,6230,8000,7710,5400,8270,33140,4480,4940
2024_08,10時,17330,20540,4650,5450,7420,6710,4920,8700,25020,8430,6480,19020,21130,4770,6240,7930,7480,5290,8420,31390,4550,6180
2024_08,11時,17230,20400,4640,5400,7390,6640,4880,8650,24090,8570,6990,18530,20490,4560,6050,7580,7230,5230,8350,29680,4410,6790
2024_08,12時,17420,20450,4910,5480,7460,6630,4940,8440,24030,8870,7010,18500,19740,4430,5830,7490,7120,5190,8150,28860,4500,6710
2024_08,13時,17140,19920,4760,5420,7320,6390,4850,8300,23620,8820,6670,18330,19470,4390,5750,7350,7100,5030,8170,28430,4440,6750
2024_08,14時,16770,19700,4680,5210,7300,6310,4730,8200,23500,8640,6300,17920,19260,4250,5770,7150,7010,4920,8070,28130,4300,6480
2024_08,15時,16740,19750,4780,5090,7190,6370,4790,8260,23710,8560,6180,17950,19380,4370,5710,7170,7020,4950,8090,28470,4290,6320
2024_08,16時,16820,19760,4660,5060,7290,6540,4830,8190,24260,8240,6010,18110,19630,4440,5940,7410,6950,4960,8020,29210,4290,5970
2024_08,17時,17040,19820,4320,5350,7590,6720,4840,8030,25610,7570,5680,18230,19820,4420,6030,7600,7050,5000,7920,30090,4040,5680
2024_08,18時,17590,20080,4690,5660,7690,6840,4900,7870,28090,5870,5740,18450,19540,4630,6050,7530,7150,4920,7690,30860,3620,5300
2024_08,19時,18210,20480,5060,5930,7840,7140,5020,7690,31100,4350,5200,18360,19690,4800,6190,7410,7160,4870,7600,32130,3170,4580
2024_08,20時,18430,20470,5290,6160,7900,7180,4890,7460,32910,3550,4400,18110,19610,4690,6260,7450,7140,4810,7340,32940,2750,3900
2024_08,21時,18580,20410,5170,6220,8070,7340,4920,7260,34390,2990,3610,18270,19970,5010,6390,7560,7130,4890,7240,34290,2570,3330
2024_08,22時,18340,20300,5130,6250,8040,7380,4830,7000,35220,2530,2920,18090,19920,5170,6380,7600,7120,4790,6930,34890,2410,2740
2024_08,23時,17740,19660,4970,6260,7670,7140,4680,6680,34830,2290,2270,17320,19280,4910,6220,7380,6820,4650,6600,34290,2240,2050
2024_08,24時,19020,21150,5150,6620,8100,7630,5030,7620,38230,2350,1750,18680,21000,5200,6460,7800,7440,5050,7730,37900,2250,1640
2024_08,25時,19230,21200,5180,6670,8120,7720,5060,7670,38530,2380,1730,18940,21170,5340,6510,7880,7530,5070,7760,38290,2310,1680
2024_08,26時,19100,21180,5150,6630,8070,7680,5040,7700,38550,2350,1590,18810,21170,5300,6470,7850,7480,5080,7790,38340,2290,1520
2024_08,27時,19080,21240,5160,6640,8100,7660,5030,7710,38630,2360,1530,18740,21170,5220,6450,7890,7460,5070,7800,38290,2270,1480
2024_08,28時,19120,21300,5180,6650,8090,7690,5030,7760,38690,2380,1570,18830,21210,5230,6480,7870,7520,5070,7850,38380,2290,1510
2024_09,5時,21260,23720,6670,7290,8810,8400,5410,8380,42480,2360,2230,21030,23310,6500,7320,8600,8170,5360,8380,41660,2360,2380
2024_09,6時,22000,24270,6780,7430,9080,8680,5690,8590,42380,2970,3100,21330,23590,6620,7250,8710,8270,5480,8570,41710,2640,2680
2024_09,7時,22610,24810,7280,7760,9380,8630,5680,8670,39730,5200,4790,21530,24040,6540,7460,8860,8470,5620,8600,41150,3250,3320
2024_09,8時,20900,24260,5980,7010,9370,8360,5550,8880,33320,8000,6270,21150,23850,6300,7080,8910,8450,5570,8680,38860,3760,4410
2024_09,9時,19070,23040,5590,6130,8450,7630,5190,9100,28870,8440,6810,20950,23440,5810,6960,8740,8410,5560,8880,36490,4110,5690
2024_09,10時,18590,22490,5380,5730,8150,7390,5160,9230,26730,8490,7840,20510,23000,5460,6780,8530,8200,5450,9070,34420,4170,6760
2024_09,11時,18480,22340,5250,5730,8130,7320,5170,9210,25830,8620,8310,20300,22390,5230,6700,8440,7920,5310,9060,32880,4180,7430
2024_09,12時,18840,22080,5150,5880,8310,7220,5230,9110,25500,9070,8300,20330,22080,5300,6590,8440,7790,5370,8910,32000,4240,7960
2024_09,13時,18550,21650,4990,5800,8080,7120,5180,9010,24970,9090,8080,20160,21610,5160,6530,8220,7700,5290,8860,31440,4240,7880
2024_09,14時,18040,21460,4910,5540,8070,7020,5030,8900,24740,8840,7730,19650,21230,4960,6240,8020,7690,5170,8770,31020,4040,7520
2024_09,15時,18070,21540,4970,5550,8130,6980,5060,8890,25090,8700,7630,19850,21120,5000,6210,7980,7700,5280,8770,31250,4030,7410
2024_09,16時,18110,21720,4880,5460,8230,7140,5190,8910,25830,8420,7420,19900,21610,5190,6410,7910,7880,5360,8730,32070,4060,7130
2024_09,17時,18430,21720,4830,5650,8540,7230,5180,8700,27130,7830,7060,20170,21820,5350,6510,8220,7930,5320,8650,33040,3940,6830
2024_09,18時,19000,21890,5160,6060,8570,7410,5210,8470,30030,5950,6750,20600,21860,5670,6720,8330,7940,5350,8430,34740,3580,5960
2024_09,19時,19790,22430,5920,6570,8500,7660,5320,8240,33360,4560,6150,20250,21710,5620,6800,8290,7870,5190,8180,35620,3160,5020
2024_09,20時,20320,22590,6270,6880,8630,7770,5280,8050,35810,3700,5240,20360,21870,5960,7030,8330,7870,5090,7940,36830,2840,4430
2024_09,21時,20600,22480,6410,7030,8620,7880,5300,7820,37570,3040,4310,20530,21990,6190,7170,8510,7780,5130,7720,37790,2640,3980
2024_09,22時,20540,22240,6450,7100,8620,7930,5190,7470,38570,2550,3510,20250,21860,6280,7210,8480,7690,5020,7410,38390,2440,3220
2024_09,23時,19740,21480,6370,6960,8230,7610,4960,7060,38060,2220,2750,19490,21090,6160,7000,8090,7410,4820,7080,37690,2220,2550
2024_09,24時,21200,23460,6730,7320,8760,8280,5370,8180,42010,2260,2380,21010,22880,6570,7280,8600,8050,5270,8100,41370,2300,2300
2024_09,25時,21300,23590,6760,7360,8810,8340,5380,8220,42360,2280,2270,21070,23040,6630,7250,8650,8100,5300,8170,41670,2320,2240
2024_09,26時,21220,23650,6770,7330,8820,8320,5380,8240,42480,2260,2150,20940,23030,6530,7220,8600,8110,5310,8180,41690,2300,2090
2024_09,27時,21210,23670,6710,7330,8860,8320,5370,8270,42540,2260,2100,21010,22990,6500,7220,8620,8100,5310,8230,41720,2310,2090
2024_09,28時,21270,23700,6690,7360,8890,8340,5360,8320,42580,2290,2160,21100,23070,6480,7250,8680,8110,5330,8290,41770,2310,2200
2024_10,5時,22020,25000,6970,7660,9160,9060,5490,8650,44570,2920,2050,21200,24330,6280,7710,8840,8770,5320,8590,43090,2910,2030
2024_10,6時,22630,25430,7010,7880,9330,9240,5760,8820,44130,3660,2850,21370,24740,6440,7770,8910,8810,5430,8740,43090,3190,2360
2024_10,7時,22630,26200,7090,8260,9540,9200,5850,8870,41440,5680,4400,21490,24750,6240,7800,9110,8880,5500,8690,42080,3760,3000
2024_10,8時,21160,25640,6220,7340,9520,8750,5800,9150,34900,8670,6020,21250,24640,5920,7450,9090,8970,5490,8940,40010,4230,4100
2024_10,9時,19680,24380,5980,6560,8660,8110,5380,9370,30300,9120,7030,20690,24380,5480,7400,8880,8800,5370,9120,37150,4280,5870
2024_10,10時,18870,23880,5410,6210,8290,7860,5360,9610,27990,9150,7910,20470,23890,5330,7070,8640,8810,5360,9140,35000,4200,7240
2024_10,11時,18670,23400,5180,6110,8140,7770,5380,9470,26820,9250,8280,20250,23450,4930,7180,8400,8630,5270,9260,33310,4150,8280
2024_10,12時,18800,23360,5000,6340,8310,7660,5400,9430,26460,9470,8480,20050,23280,4960,7130,8380,8520,5220,9100,32590,4370,8510
2024_10,13時,18640,22870,4950,6320,8160,7450,5370,9240,26040,9460,8220,19940,22900,5120,6800,8270,8410,5190,9030,31970,4240,8610
2024_10,14時,18170,22670,4830,6060,8010,7310,5340,9280,25800,9200,7970,19420,22300,4810,6660,8120,8240,5030,8840,31480,4160,8040
2024_10,15時,18090,22680,4830,6080,7960,7320,5340,9210,26120,9040,7710,19480,22070,4580,6590,8080,8240,5070,8970,31780,4110,7630
2024_10,16時,18270,22700,4960,6040,7980,7520,5350,9100,26770,8840,7500,19730,22670,4780,6570,8430,8480,5220,8910,32740,4230,7460
2024_10,17時,18560,22880,4900,6270,8240,7700,5380,8920,28230,8250,7210,20320,22800,4990,6930,8610,8580,5240,8760,34030,4130,7090
2024_10,18時,19080,22930,5100,6560,8390,7790,5360,8790,31090,6440,6810,20650,22410,5210,7050,8480,8440,5260,8600,35210,3620,6340
2024_10,19時,19890,23580,5820,7050,8510,8150,5380,8550,34730,4930,6180,20720,22420,5340,7230,8370,8480,5210,8510,36800,3330,5230
2024_10,20時,20400,23480,5950,7300,8610,8320,5340,8330,37200,4090,4920,20750,22530,5570,7340,8460,8440,5130,8310,38000,3130,4410
2024_10,21時,20820,23460,6200,7460,8790,8430,5300,8060,39280,3420,3920,20670,22520,5820,7230,8630,8300,5160,8030,39030,2990,3440
2024_10,22時,20750,23300,6280,7620,8710,8490,5160,7770,40310,2950,3140,20510,22310,5940,7300,8670,8130,5030,7740,39550,2790,2820
2024_10,23時,20010,22680,6250,7490,8400,8170,4950,7400,39840,2740,2430,19820,21700,5870,7240,8350,7860,4830,7340,38950,2610,2240
2024_10,24時,21560,24630,6710,7810,8930,8860,5450,8420,43850,2810,2010,21190,23720,6170,7650,8830,8500,5310,8440,42680,2750,1940
2024_10,25時,21720,24790,6750,7860,8980,8980,5450,8480,44210,2820,1990,21360,23880,6220,7650,8910,8610,5320,8500,43000,2780,1950
2024_10,26時,21660,24800,6750,7800,8970,8970,5450,8500,44330,2810,1830,21340,23920,6220,7630,8920,8600,5320,8540,43130,2760,1870
2024_10,27時,21710,24840,6810,7790,8990,8960,5450,8530,44450,2820,1810,21300,23980,6220,7630,8980,8580,5330,8530,43180,2780,1840
2024_10,28時,21850,24910,6820,7860,9020,9000,5450,8580,44570,2850,1880,21300,24150,6300,7640,8990,8580,5330,8600,43280,2790,1900
2024_11,5時,21920,24490,6710,7480,9470,8710,5680,8330,44190,2830,1730,21520,24010,6470,7320,9330,8530,5590,8260,43110,2800,1980
2024_11,6時,22470,24880,6810,7700,9580,8880,5870,8490,43770,3540,2430,21720,24370,6630,7430,9370,8580,5750,8310,43070,3110,2300
2024_11,7時,22300,25720,7050,7630,9940,8920,5940,8510,40910,5860,3840,22020,24850,6780,7630,9470,8710,5860,8410,42350,3740,3190
2024_11,8時,20960,25750,6690,7030,9770,8670,5820,8710,34960,9190,5230,21750,24690,6530,7360,9240,8880,5900,8510,39940,4390,4430
2024_11,9時,19170,24430,6030,6220,8910,8020,5490,8910,30030,9740,6100,21400,24560,6270,7290,9260,8760,5840,8520,37590,4960,5620
2024_11,10時,18590,23920,5820,5940,8410,7780,5410,9120,27650,9740,7260,20760,23930,5860,7030,9000,8550,5630,8590,35160,4950,6740
2024_11,11時,18280,23480,5640,5960,8180,7610,5320,9030,26330,9760,7760,20300,23330,5480,6970,8620,8340,5540,8660,33260,4850,7530
2024_11,12時,18600,23540,5540,6210,8320,7580,5450,9020,26050,10370,7900,20050,23320,5580,6820,8650,8150,5510,8640,32490,5000,7930
2024_11,13時,18300,23110,5450,6130,8200,7390,5370,8860,25470,10510,7620,20020,22650,5510,6530,8370,8150,5480,8600,31600,4820,8160
2024_11,14時,17680,23060,5210,6020,8190,7340,5200,8750,25270,10200,7360,19990,22370,5440,6440,8390,8060,5390,8620,31300,4690,8220
2024_11,15時,17690,23140,5200,5990,8240,7370,5310,8710,25730,10120,7080,19810,22300,5310,6480,8340,8090,5380,8490,31350,4700,7990
2024_11,16時,17810,23230,5270,5970,8310,7480,5390,8600,26470,9880,6780,20160,22640,5260,6660,8510,8290,5560,8510,32490,4680,7560
2024_11,17時,18370,23170,5290,6120,8520,7670,5440,8470,28210,9040,6410,20480,22960,5550,6810,8710,8390,5620,8350,33900,4500,7000
2024_11,18時,18970,23000,5560,6290,8520,7670,5510,8400,31120,6890,6130,21000,22910,5760,7110,8870,8360,5570,8210,35450,4120,6390
2024_11,19時,20150,23300,5990,6730,8790,8070,5640,8220,34780,5300,5580,20970,22620,5760,7170,8820,8240,5480,8110,36690,3520,5500
2024_11,20時,20830,23450,6210,7200,8930,8240,5670,8000,37450,4330,4750,21060,22670,5920,7300,8930,8250,5450,7860,38020,3150,4710
2024_11,21時,21370,23430,6400,7430,9110,8320,5740,7780,39500,3530,4060,21050,23140,6430,7270,9080,8150,5500,7750,39340,2970,4120
2024_11,22時,21310,23300,6520,7470,9090,8320,5600,7590,40630,3030,3250,20760,22980,6470,7300,8970,8010,5400,7560,39870,2760,3360
2024_11,23時,20500,22710,6430,7290,8760,8050,5370,7290,40250,2760,2480,20120,22090,6170,7170,8640,7740,5250,7220,39310,2690,2470
2024_11,24時,21910,24240,6700,7640,9250,8610,5720,8200,43880,2790,1910,21350,23670,6480,7370,9200,8340,5550,8050,42720,2650,1950
2024_11,25時,22150,24400,6750,7680,9380,8730,5750,8260,44340,2840,1840,21460,23860,6520,7350,9300,8420,5590,8130,43130,2670,1860
2024_11,26時,22060,24370,6720,7580,9410,8700,5720,8270,44400,2810,1690,21380,23820,6460,7290,9330,8430,5570,8110,43160,2660,1730
2024_11,27時,22050,24410,6720,7570,9450,8720,5730,8270,44450,2800,1670,21410,23910,6480,7290,9390,8430,5570,8150,43300,2660,1710
2024_11,28時,22160,24460,6750,7570,9460,8740,5740,8330,44580,2820,1690,21520,23930,6480,7350,9420,8430,5570,8180,43380,2700,1730
2024_12,5時,21590,23560,6240,7190,9170,8500,5620,8410,42890,1950,1890,21520,23180,6170,6930,9170,8350,5620,8450,42390,1900,2070
2024_12,6時,22110,24020,6470,7410,9290,8600,5800,8540,42350,2700,2710,21800,23520,6390,7000,9230,8360,5750,8580,42350,2260,2410
2024_12,7時,21790,24780,6620,7480,9340,8620,5920,8580,39790,4710,3860,21730,24210,6310,7130,9310,8650,5860,8660,41740,3010,3000
2024_12,8時,20610,24890,6130,6920,9140,8680,5810,8800,34180,7820,5440,21620,23950,6030,6890,9240,8860,5870,8660,39740,3570,3930
2024_12,9時,19210,24150,5820,6440,8490,8060,5480,9060,30120,8310,6570,21310,23950,5730,7020,9030,8690,5890,8890,37500,4130,5190
2024_12,10時,18910,23780,5720,6150,8260,7810,5450,9280,28050,8460,7790,21130,23320,5570,6770,8800,8550,5740,9000,35200,4020,6700
2024_12,11時,18570,23410,5530,6100,8160,7680,5370,9130,26860,8560,8150,20970,23140,5310,6790,8930,8460,5690,8920,33800,3980,7810
2024_12,12時,18840,23310,5420,6320,8160,7630,5450,9160,26680,8920,8140,20820,22280,5070,6610,8630,8190,5650,8920,32570,4070,7920
2024_12,13時,18670,22800,5310,6230,8000,7430,5370,9120,26150,8800,8060,20610,21780,4890,6560,8460,8040,5590,8840,31700,3970,8160
2024_12,14時,18170,22670,5280,6060,7900,7280,5260,9040,25780,8620,7920,20150,21700,4790,6390,8200,7980,5600,8860,31140,3880,8220
2024_12,15時,18140,22740,5250,6120,7820,7360,5320,8980,26160,8560,7630,20150,21770,4780,6370,8160,8050,5770,8770,31340,3860,8120
2024_12,16時,18330,22860,5340,6190,7930,7510,5380,8820,26860,8380,7470,20420,22220,4970,6530,8300,8190,5790,8840,32380,3900,7830
2024_12,17時,18550,22700,5130,6270,8070,7690,5410,8660,28180,7660,6930,20820,22460,5130,6740,8600,8240,5820,8730,33740,3760,7230
2024_12,18時,19260,22440,5410,6410,8260,7570,5450,8580,31010,5740,6450,21320,22270,5270,6910,8800,8200,5800,8580,35030,3220,6720
2024_12,19時,20180,22600,5780,6810,8370,7900,5530,8360,34090,4260,5940,21370,22110,5470,7030,8800,8100,5620,8450,36140,2750,6030
2024_12,20時,20720,22680,6110,7090,8560,7990,5530,8110,36460,3300,5150,21240,22170,5570,7220,8820,8080,5450,8250,37260,2380,5210
2024_12,21時,21190,22720,6190,7330,8820,8060,5540,7950,38570,2590,4290,21320,22250,5960,7130,8980,8010,5430,8040,38530,2180,4380
2024_12,22時,20970,22660,6330,7300,8660,8160,5450,7710,39600,2170,3430,21130,22170,6030,7170,9050,7900,5360,7770,39300,1990,3540
2024_12,23時,20210,21950,6080,7100,8390,7930,5250,7400,39180,1910,2640,20260,21490,5920,6880,8720,7580,5160,7450,38770,1830,2690
2024_12,24時,21500,23460,6280,7360,8950,8410,5640,8290,42700,1880,2040,21300,23030,6200,7020,9040,8120,5550,8380,41990,1770,2130
2024_12,25時,21630,23590,6310,7360,9060,8500,5660,8320,43010,1890,1970,21520,23160,6230,7080,9130,8240,5590,8400,42420,1780,2050
2024_12,26時,21580,23600,6300,7320,9090,8450,5650,8350,43090,1850,1860,21460,23170,6150,7060,9140,8230,5590,8440,42540,1770,1870
2024_12,27時,21600,23640,6280,7320,9110,8500,5650,8360,43210,1860,1810,21430,23210,6210,7030,9140,8190,5600,8430,42600,1760,1830
2024_12,28時,21700,23710,6280,7320,9170,8540,5670,8400,43300,1890,1860,21570,23210,6180,7100,9160,8250,5610,8460,42670,1790,1890
2025_01,5時,21730,24300,6630,7190,9400,8980,5480,8330,43690,2560,1940,21240,23730,6530,6920,8940,8810,5450,8300,42520,2300,2180
2025_01,6時,22200,24590,6760,7400,9490,9060,5620,8440,43090,3170,2760,21440,24010,6740,6950,9020,8860,5530,8340,42470,2470,2530
2025_01,7時,21790,25270,6840,7390,9540,9070,5720,8480,40270,5120,4030,21550,24300,6660,7080,9070,9020,5610,8390,41660,3140,3110
2025_01,8時,20910,25270,6250,7090,9400,8940,5830,8630,34900,8440,5290,21480,24380,6380,7000,9030,9190,5680,8550,40170,3680,4030
2025_01,9時,19420,24320,5930,6400,8660,8350,5540,8840,30690,9130,6080,21360,24230,6200,7020,8890,9130,5650,8680,38450,4090,5010
2025_01,10時,19120,23970,5850,6190,8380,8090,5490,9070,28810,9210,7170,21190,23870,5900,6970,8670,9070,5660,8780,36510,4090,6370
2025_01,11時,18800,23580,5600,6250,8240,7910,5380,8980,27470,9290,7630,20830,23440,5590,6930,8460,9010,5570,8700,34970,4040,7150
2025_01,12時,18730,23530,5550,6340,8240,7810,5470,8830,26950,9840,7530,20390,22860,5450,6740,8160,8580,5500,8800,33720,4160,7260
2025_01,13時,18380,23350,5490,6340,8030,7630,5390,8820,26470,9840,7430,20090,22170,5160,6630,7880,8340,5420,8810,32820,4060,7220
2025_01,14時,18110,23300,5530,6240,8110,7450,5260,8800,26190,9640,7510,19810,22020,5120,6310,7990,8270,5360,8760,32320,3910,7340
2025_01,15時,18240,23300,5500,6140,8150,7620,5300,8800,26590,9590,7380,19810,22120,5150,6190,8060,8380,5410,8730,32620,3930,7200
2025_01,16時,18440,23330,5540,6160,8150,7800,5370,8740,27480,9340,6970,19930,22330,5220,6160,8310,8410,5440,8710,33190,3890,7000
2025_01,17時,19060,23290,5430,6360,8380,8120,5480,8550,29140,8700,6570,20440,22330,5430,6440,8370,8480,5440,8600,34620,3770,6230
2025_01,18時,19510,22850,5540,6320,8460,8040,5510,8470,31830,6510,6110,20740,22570,5720,6730,8480,8440,5420,8490,36000,3310,5870
2025_01,19時,20260,22960,5890,6680,8600,8290,5540,8200,34930,4860,5520,20770,22550,5730,6850,8650,8410,5420,8240,36990,2950,5280
2025_01,20時,20700,22970,6270,6900,8550,8430,5480,8010,37190,3880,4660,20730,22320,5840,6820,8690,8420,5280,7980,37750,2710,4510
2025_01,21時,20990,23030,6400,7150,8750,8450,5470,7780,39120,3180,3820,20750,22820,6230,6920,8870,8390,5300,7860,39160,2510,3880
2025_01,22時,21000,23090,6510,7280,8880,8480,5330,7610,40310,2700,3180,20690,22750,6280,7030,8890,8340,5190,7690,39910,2310,3190
2025_01,23時,20370,22550,6510,7050,8580,8280,5160,7320,40000,2460,2530,19940,22200,6140,6860,8630,8070,5030,7390,39500,2210,2390
2025_01,24時,21660,24120,6720,7280,9170,8890,5530,8180,43560,2430,1960,21290,23740,6450,7130,9070,8720,5470,8180,42780,2270,2080
2025_01,25時,21860,24280,6790,7290,9270,8970,5570,8230,43970,2450,1900,21430,23850,6410,7150,9130,8840,5500,8230,43060,2310,2020
2025_01,26時,21850,24320,6820,7250,9320,8950,5560,8260,44070,2450,1830,21400,23930,6460,7100,9200,8830,5480,8240,43190,2310,1930
2025_01,27時,21860,24350,6810,7230,9370,8970,5550,8260,44140,2460,1790,21370,24010,6500,7110,9190,8830,5490,8260,43290,2320,1880
2025_01,28時,21990,24400,6810,7300,9390,9020,5560,8300,44280,2470,1830,21480,24080,6530,7150,9230,8820,5500,8310,43430,2330,1920
2025_02,5時,21820,24000,6410,7250,9230,9130,5400,8370,43790,2840,1610,21480,23610,6310,7290,8890,9060,5260,8260,42930,2680,1850
2025_02,6時,22010,24400,6570,7500,9330,9050,5500,8440,43040,3440,2400,21760,23850,6510,7360,8910,9040,5390,8380,42860,2870,2230
2025_02,7時,21840,25600,7020,7740,9480,9030,5630,8530,40560,5860,3760,21960,24380,6470,7490,9020,9320,5540,8490,42340,3670,2860
2025_02,8時,20910,25580,6720,7150,9540,8700,5720,8640,34870,9480,4910,21790,24390,6250,7330,8860,9550,5590,8590,40500,4390,3690
2025_02,9時,19220,24370,6440,6290,8730,7880,5380,8860,30080,9910,5980,21630,24260,6110,7300,8660,9480,5590,8730,38340,4630,5150
2025_02,10時,18950,23910,6510,5960,8390,7570,5370,9030,28100,10010,7080,21280,23560,5740,7080,8490,9240,5380,8880,36190,4600,6210
2025_02,11時,18690,23620,6280,5980,8270,7510,5390,8850,26870,10230,7520,20880,23170,5550,6790,8420,9090,5340,8840,34640,4570,6950
2025_02,12時,18700,23430,6170,5980,8220,7470,5470,8800,26690,10580,7210,20620,22680,5380,6840,8190,8840,5380,8660,33530,4690,7180
2025_02,13時,18350,22870,5890,5960,8090,7240,5320,8700,26040,10570,6890,20460,22040,5040,6630,7990,8650,5350,8810,32560,4680,7360
2025_02,14時,17870,22700,5810,5900,7900,7110,5160,8660,25740,10280,6750,20040,21940,5000,6450,7870,8500,5340,8790,32000,4550,7510
2025_02,15時,18040,22790,5730,5890,8030,7210,5230,8710,26140,10100,6800,20170,22140,4990,6660,7800,8580,5420,8850,32570,4530,7320
2025_02,16時,18210,23100,5590,6080,8110,7460,5300,8760,26940,10000,6640,20450,22260,4960,6720,8080,8710,5430,8790,33370,4500,6950
2025_02,17時,18650,23280,5490,6290,8300,7790,5390,8650,28670,9400,6200,20970,22410,5040,7020,8360,8850,5450,8640,34720,4370,6430
2025_02,18時,19420,22760,5510,6350,8360,7940,5440,8560,31360,7030,6160,21140,22690,5520,7010,8570,8840,5380,8500,36210,3970,5880
2025_02,19時,20340,22750,5820,6680,8500,8260,5510,8330,34610,5250,5580,21380,22790,5830,7240,8560,8840,5370,8310,37560,3520,5310
2025_02,20時,20650,22860,5960,6930,8600,8360,5460,8180,37040,4260,4560,21150,22770,5930,7260,8650,8700,5310,8050,38510,3080,4510
2025_02,21時,20990,22720,6040,7140,8710,8440,5440,7920,38950,3420,3680,20940,22660,6000,7290,8670,8460,5230,7930,39450,2890,3470
2025_02,22時,20990,22950,6230,7230,8840,8580,5310,7730,40380,2870,3020,20760,22740,6140,7310,8710,8460,5150,7710,40070,2670,2990
2025_02,23時,20290,22380,6050,7020,8650,8360,5110,7470,40090,2660,2230,20150,21980,6010,7140,8410,8210,4940,7400,39410,2550,2360
2025_02,24時,21820,23950,6390,7450,9160,9020,5470,8260,43750,2690,1740,21440,23320,6260,7390,8800,8840,5280,8180,42710,2600,1800
2025_02,25時,21950,24140,6530,7420,9210,9110,5500,8300,44140,2720,1660,21590,23550,6300,7390,8980,8910,5320,8230,43140,2640,1730
2025_02,26時,21910,24130,6480,7390,9230,9080,5500,8340,44180,2720,1580,21560,23570,6350,7310,9010,8910,5290,8240,43220,2600,1660
2025_02,27時,21920,24170,6440,7370,9290,9090,5510,8370,44240,2750,1560,21570,23610,6320,7320,9040,8920,5320,8240,43300,2620,1640
2025_02,28時,22000,24240,6490,7390,9330,9090,5530,8390,44330,2780,1610,21630,23660,6310,7330,9060,8980,5320,8270,43380,2650,1650
2025_03,5時,21020,24030,6380,6920,9060,8790,5620,8260,42960,2750,1640,20890,23900,6510,6820,8830,8670,5610,8330,42510,2530,2010
2025_03,6時,21360,24340,6540,7050,9080,8910,5700,8420,42410,3230,2440,21070,24010,6590,6900,8810,8690,5640,8440,42290,2740,2340
2025_03,7時,21250,25290,6650,7180,9470,8930,5800,8490,39910,5490,3730,21170,24650,6670,6970,8960,8830,5790,8560,41920,3400,2900
2025_03,8時,20380,25620,6560,7110,9380,8570,5780,8590,34530,9100,4970,20850,24760,6330,6940,8810,9050,5840,8620,39940,4000,3910
2025_03,9時,18870,24390,6140,6350,8560,7850,5620,8710,29860,9660,5950,20750,24830,6420,6850,8740,9020,5760,8770,38090,4550,5120
2025_03,10時,18300,23880,5970,6170,8110,7590,5480,8830,27920,9610,6820,20470,24320,6360,6660,8410,8880,5610,8850,35920,4490,6500
2025_03,11時,17980,23510,5800,6150,7810,7440,5440,8830,26650,9680,7240,20340,23810,6260,6570,8170,8890,5480,8770,34310,4410,7490
2025_03,12時,18220,23580,5950,6390,7860,7370,5490,8710,26510,10130,7270,20160,23230,6220,6390,7960,8600,5500,8690,33210,4400,7780
2025_03,13時,18000,23260,5880,6300,7820,7140,5360,8740,26060,10280,7030,19650,22640,5680,6290,7670,8500,5410,8720,32060,4400,7840
2025_03,14時,17640,23070,5790,6220,7750,7000,5270,8660,25810,10050,6880,19430,22400,5410,6280,7630,8390,5420,8680,31440,4300,8060
2025_03,15時,17710,23190,5820,6250,7790,7050,5290,8680,26180,10010,6770,19360,22400,5460,6370,7430,8320,5410,8760,31590,4330,7810
2025_03,16時,17880,23230,5710,6250,7810,7290,5340,8700,26960,9800,6470,19870,22520,5410,6560,7580,8450,5600,8770,32570,4330,7460
2025_03,17時,18370,23420,5620,6430,8070,7660,5420,8570,28530,9230,6200,20040,22670,5370,6730,7960,8460,5580,8590,33940,4180,6590
2025_03,18時,18930,23020,5660,6340,8210,7740,5520,8460,31260,6960,5940,20310,22870,5640,6750,8270,8390,5640,8480,35450,3660,6050
2025_03,19時,19680,23120,5850,6640,8260,8080,5620,8330,34340,5260,5380,20630,22960,5950,6780,8350,8520,5650,8330,36880,3210,5530
2025_03,20時,20120,23220,6160,6820,8300,8290,5580,8160,36670,4140,4690,20650,23010,5790,6930,8680,8540,5530,8170,38160,2870,4700
2025_03,21時,20580,23290,6240,7020,8590,8420,5590,8000,38750,3410,3890,20460,22960,5850,6870,8770,8460,5500,7970,39050,2650,3830
2025_03,22時,20570,23320,6380,6960,8750,8540,5470,7780,39930,2840,3320,20200,22910,6060,6760,8810,8330,5380,7750,39620,2520,3100
2025_03,23時,19860,22680,6270,6680,8530,8270,5280,7500,39700,2530,2480,19430,22290,5950,6570,8500,7980,5220,7480,39190,2380,2260
2025_03,24時,21220,23930,6330,7040,8990,8870,5630,8270,42910,2630,1940,20710,23700,6470,6770,8880,8590,5540,8150,42300,2460,1900
2025_03,25時,21410,24160,6440,7120,9090,8950,5660,8290,43390,2640,1880,20890,23910,6600,6810,8950,8690,5560,8180,42740,2470,1850
2025_03,26時,21300,24170,6370,7090,9110,8930,5660,8290,43430,2650,1750,20850,23910,6570,6800,8930,8680,5560,8210,42780,2430,1770
2025_03,27時,21250,24210,6360,7080,9120,8920,5660,8310,43480,2640,1680,20910,23920,6590,6820,8970,8670,5570,8200,42870,2450,1750
2025_03,28時,21350,24260,6400,7100,9150,8930,5680,8340,43600,2660,1710,21040,23980,6630,6860,8980,8680,5600,8250,42980,2500,1800
2025_04,5時,21520,23490,5420,7680,8920,9000,5650,8320,42960,2680,1710,21140,23830,5520,7740,9000,8660,5660,8380,42670,2530,2000
2025_04,6時,21970,24190,5730,8040,9130,9060,5710,8480,42470,3510,2560,21470,24020,5570,7880,9080,8670,5730,8540,42690,2740,2360
2025_04,7時,21440,25220,6100,7970,9360,8920,5800,8500,39760,5580,3900,21470,24440,5630,7910,9060,8940,5800,8560,42060,3460,2820
2025_04,8時,20780,25330,6470,7420,9120,8560,5820,8690,34300,9260,5190,21270,24390,5520,7630,8960,9080,5740,8710,40130,3860,3870
2025_04,9時,19060,24570,6080,6690,8540,7950,5540,8820,29810,9960,6140,21000,24460,5660,7490,8840,8910,5640,8910,38070,4130,5360
2025_04,10時,18470,23500,5600,6390,8010,7610,5390,8960,27400,9970,6810,20840,24070,5530,7450,8610,8790,5580,8940,35950,4150,6880
2025_04,11時,17990,23230,5600,6320,7690,7400,5300,8890,26180,10060,7120,20480,23840,5340,7270,8480,8800,5570,8840,34360,4070,7840
2025_04,12時,18430,23470,5930,6630,7800,7410,5260,8850,25930,10810,7400,20390,23140,5110,7120,8390,8570,5520,8800,33120,4320,8060
2025_04,13時,18020,23050,5810,6380,7590,7190,5210,8880,25100,10820,7350,19960,22660,5110,6810,8120,8340,5440,8770,32010,4410,8230
2025_04,14時,17700,22770,5720,6250,7520,7050,5130,8770,24970,10590,7030,19530,22490,5130,6800,7880,8190,5320,8680,31690,4220,8060
2025_04,15時,17790,22810,5720,6320,7610,7010,5060,8850,25310,10580,6850,19790,22180,5090,6780,7940,8050,5390,8700,32020,4200,7690
2025_04,16時,18050,22990,5970,6180,7750,7200,5210,8730,26200,10360,6650,19920,22290,4990,6910,8120,8030,5450,8680,32710,4180,7350
2025_04,17時,18520,23080,5900,6350,7920,7410,5430,8560,27700,9760,6350,20240,22910,5270,7150,8350,8130,5510,8710,33960,4040,7250
2025_04,18時,19010,23140,5670,6500,8260,7730,5480,8490,30500,7210,6630,20470,22680,5270,7260,8540,8140,5480,8440,35170,3490,6560
2025_04,19時,19930,23070,5670,6990,8240,8180,5540,8380,33760,5470,5970,20880,22760,5470,7370,8580,8350,5570,8280,36800,3190,5750
2025_04,20時,20340,22710,5440,7330,8250,8230,5590,8200,36180,4130,4910,20940,22470,5380,7470,8580,8290,5560,8110,37960,2910,4650
2025_04,21時,20840,22860,5500,7660,8540,8350,5640,7990,38380,3460,4050,20980,22630,5360,7630,8800,8300,5460,8030,39170,2820,3820
2025_04,22時,20700,22800,5430,7700,8540,8510,5540,7750,39620,2830,3260,20740,22640,5240,7750,8850,8280,5460,7780,39900,2580,3100
2025_04,23時,20070,22000,5120,7510,8330,8240,5360,7480,39420,2520,2310,20090,22260,5290,7630,8600,8070,5290,7450,39590,2430,2500
2025_04,24時,21350,23520,5500,7670,8910,8930,5670,8180,42710,2620,1870,21540,23530,5590,7870,9170,8630,5580,8210,42710,2550,2120
2025_04,25時,21490,23580,5480,7680,8980,8990,5710,8210,43050,2610,1730,21660,23650,5550,7880,9260,8740,5600,8260,43100,2560,1980
2025_04,26時,21460,23520,5420,7710,8940,8960,5710,8220,43080,2580,1640,21530,23640,5520,7820,9270,8700,5560,8290,43060,2530,1920
2025_04,27時,21490,23540,5410,7710,8960,9000,5690,8240,43180,2590,1590,21520,23670,5500,7900,9220,8690,5570,8300,43150,2520,1850
2025_04,28時,21580,23560,5430,7720,8990,8990,5720,8280,43250,2610,1620,21610,23670,5500,7860,9220,8720,5620,8340,43210,2540,1870
2025_05,5時,21210,23650,5500,7360,9220,8910,5580,8270,42660,2920,1610,20660,23440,5570,7110,9030,8580,5530,8270,41470,2640,2210
2025_05,6時,21760,24240,5830,7680,9340,9070,5650,8420,42360,3740,2290,20650,23790,5750,7250,8870,8550,5550,8440,41310,2870,2460
2025_05,7時,21250,25380,6370,7850,9380,8870,5670,8470,39420,5830,4050,20840,24240,5760,7450,8980,8760,5630,8490,40880,3480,3090
2025_05,8時,20680,25630,6430,7410,9470,8600,5780,8590,34350,9530,5240,20860,24550,5900,7440,8840,8880,5760,8580,39480,4000,4130
2025_05,9時,19060,24650,5860,6540,8810,7970,5700,8800,29920,9950,6220,20500,24540,5590,7450,8870,8780,5700,8630,37550,4270,5270
2025_05,10時,18470,23780,5580,6260,8400,7660,5500,8850,27570,9860,7130,19980,24110,5400,7350,8550,8530,5560,8690,35420,4110,6550
2025_05,11時,18080,23340,5570,6160,8080,7440,5370,8780,26350,9890,7420,19840,23840,5380,7340,8310,8430,5550,8630,34000,4100,7540
2025_05,12時,18450,23460,5690,6390,8250,7540,5350,8670,25960,10570,7630,19440,23330,5240,7170,8160,8250,5410,8540,32510,4200,7970
2025_05,13時,18240,23090,5650,6230,8140,7280,5320,8690,25300,10590,7630,19190,22580,5120,6820,7850,8180,5330,8440,31790,4180,7730
2025_05,14時,17780,23000,5570,6100,8020,7120,5290,8670,25350,10390,7200,19170,21960,4870,6630,7770,8130,5330,8370,31460,4090,7470
2025_05,15時,17780,23200,5670,6060,8180,7150,5180,8740,25730,10340,7080,19300,22090,4880,6630,7780,8160,5460,8470,31700,4060,7480
2025_05,16時,18020,23310,5780,5990,8200,7380,5300,8660,26660,10010,6870,19680,22090,4970,6640,8040,8180,5580,8350,32380,4020,7290
2025_05,17時,18330,23570,5820,6060,8420,7610,5460,8510,28050,9300,6730,20110,22530,5300,6670,8300,8350,5650,8340,33780,3880,6970
2025_05,18時,18720,23290,5760,6070,8600,7770,5440,8360,30640,6990,6600,20500,22450,5360,6840,8560,8410,5580,8180,35160,3410,6380
2025_05,19時,19800,23040,5810,6440,8570,8170,5470,8360,33890,5210,5940,20730,22460,5530,6950,8680,8310,5570,8130,36310,3010,5870
2025_05,20時,20390,22910,5700,6980,8730,8210,5490,8160,36390,4230,4930,20680,22310,5530,7090,8540,8290,5550,7980,37370,2770,4860
2025_05,21時,20770,22970,5720,7280,8890,8350,5570,7910,38360,3530,4090,20490,22340,5660,7040,8490,8310,5440,7870,38150,2660,4030
2025_05,22時,20700,22820,5670,7310,8890,8490,5440,7690,39420,2990,3370,20090,22210,5350,7110,8490,8310,5390,7620,38600,2530,3220
2025_05,23時,19970,21970,5350,7080,8620,8240,5240,7400,39050,2620,2490,19490,21440,5060,6940,8270,8050,5230,7360,38090,2400,2470
2025_05,24時,21290,23420,5620,7350,9160,8820,5590,8140,42500,2750,1820,20760,23010,5410,7220,8870,8570,5510,8180,41410,2490,2070
2025_05,25時,21530,23570,5670,7450,9270,8890,5630,8170,42920,2780,1800,20880,23240,5520,7290,8910,8630,5550,8190,41820,2490,2000
2025_05,26時,21420,23600,5630,7460,9270,8830,5620,8200,42960,2750,1690,20790,23260,5470,7290,8900,8610,5540,8220,41900,2460,1870
2025_05,27時,21420,23750,5660,7430,9320,8900,5620,8210,43080,2780,1690,20840,23300,5480,7310,8930,8650,5520,8220,42030,2480,1820
2025_05,28時,21480,23790,5640,7440,9370,8920,5620,8250,43150,2830,1690,20920,23330,5480,7340,8950,8660,5540,8250,42110,2530,1810
2025_06,5時,20790,23090,4760,7670,8960,8870,5500,8100,41690,2660,1700,20550,23190,5240,7420,8790,8690,5440,8140,41380,2400,2060
2025_06,6時,21310,23710,5110,7960,9170,8890,5570,8290,41270,3430,2530,20670,23310,5210,7510,8830,8620,5510,8280,41110,2570,2390
2025_06,7時,20980,24950,5850,8030,9390,8720,5610,8310,38490,5500,4330,20800,23800,5240,7510,9060,8830,5580,8370,40630,3180,2960
2025_06,8時,20390,24790,5710,7370,9520,8480,5610,8470,33040,9050,5630,20970,23920,5390,7570,8870,8970,5640,8440,38980,3870,4150
2025_06,9時,18750,23800,5290,6460,8900,7800,5480,8620,28840,9360,6480,20650,24240,5240,7580,8970,8800,5620,8660,36970,4010,5860
2025_06,10時,18300,22850,5010,6150,8520,7540,5270,8630,26630,9290,7290,20660,24020,5240,7640,8840,8760,5480,8700,35240,4010,7370
2025_06,11時,17870,22430,4900,6000,8200,7320,5200,8670,25350,9340,7620,20090,23210,4890,7180,8630,8530,5400,8650,33500,3910,7780
2025_06,12時,18140,22180,4860,6110,8270,7380,5200,8490,24850,9800,7700,19990,22620,4980,6930,8370,8530,5310,8460,32470,3960,8010
2025_06,13時,17940,21900,4790,5940,8280,7110,5150,8540,24290,9810,7710,19680,22080,4820,6650,8150,8410,5260,8450,31770,3910,7860
2025_06,14時,17320,22320,5030,5830,8220,6940,5060,8540,24280,9600,7670,19220,21350,4480,6400,8020,8150,5200,8310,31110,3840,7420
2025_06,15時,17350,22570,4960,5940,8270,7020,5120,8590,24770,9580,7480,19420,21390,4390,6550,8020,8120,5260,8430,31510,3750,7280
2025_06,16時,17590,22640,5000,5950,8360,7210,5230,8470,25660,9320,7160,19700,22090,4400,6710,8260,8460,5400,8550,32340,3890,7400
2025_06,17時,17950,22800,4920,6000,8620,7440,5430,8340,27200,8690,6780,19790,22020,4430,6790,8470,8240,5470,8390,33320,3620,6730
2025_06,18時,18590,22870,5030,6270,8860,7640,5420,8220,30010,6660,6750,20210,22140,4900,6990,8520,8320,5420,8170,34600,3100,6480
2025_06,19時,19520,22580,5060,6550,8850,8050,5480,8090,33050,4940,6090,20320,22180,4970,7180,8580,8360,5410,7980,35870,2890,5720
2025_06,20時,20030,22320,4780,7090,8840,8220,5470,7940,35460,3880,4990,20480,21880,4920,7240,8680,8370,5330,7800,36960,2740,4680
2025_06,21時,20350,22260,4720,7420,8880,8350,5500,7720,37280,3300,4070,20380,22050,5030,7310,8780,8310,5290,7710,37940,2610,3940
2025_06,22時,20300,22080,4690,7600,8780,8450,5350,7500,38460,2750,3270,19910,21870,4940,7360,8530,8290,5170,7470,38350,2430,3070
2025_06,23時,19590,21440,4620,7410,8380,8210,5160,7230,38110,2460,2520,19330,21270,4720,7310,8210,8050,5030,7250,37980,2360,2350
2025_06,24時,20830,22960,4890,7840,8880,8750,5470,7950,41660,2460,1800,20420,22680,5080,7490,8730,8540,5340,7890,41000,2400,1820
2025_06,25時,21030,23100,4940,7880,8970,8810,5530,7990,42030,2480,1780,20730,22830,5140,7570,8850,8640,5390,7960,41500,2400,1800
2025_06,26時,20970,23170,4890,7890,8990,8820,5530,8010,42110,2440,1730,20740,22890,5170,7540,8890,8630,5390,7990,41670,2400,1700
2025_06,27時,20990,23200,4870,7880,9000,8860,5530,8030,42220,2470,1660,20730,22860,5120,7520,8880,8660,5400,8000,41670,2390,1650
2025_06,28時,21050,23270,4910,7870,9020,8890,5550,8070,42310,2490,1700,20810,22850,5030,7580,8910,8690,5410,8030,41690,2410,1690
2025_07,5時,21240,23280,4990,7730,8830,9120,5500,8330,42400,2450,1680,20970,22790,4870,7620,8670,8750,5460,8370,41620,2370,1780
2025_07,6時,21710,23780,5190,8050,9170,9040,5570,8450,41810,3140,2540,21110,23180,5110,7710,8730,8700,5490,8530,41490,2600,2170
2025_07,7時,21410,24590,5790,8000,9280,8840,5590,8480,38970,5090,4080,21110,23740,5010,7700,8810,9060,5570,8680,40920,3190,2760
2025_07,8時,20700,24400,5810,7180,9180,8640,5620,8650,33470,8510,5370,21110,23600,4930,7540,8690,9130,5600,8810,39170,3860,3650
2025_07,9時,19040,23260,5030,6250,8730,7910,5490,8860,29210,8870,6140,20830,23920,4800,7540,8800,8980,5630,8980,37300,3900,5370
2025_07,10時,18480,22530,4780,6030,8360,7600,5350,8870,27070,8840,6990,20820,23670,4830,7500,8610,8860,5590,9090,35580,3870,6830
2025_07,11時,18220,22120,4700,5920,8200,7440,5260,8800,25880,8950,7370,20530,23480,4830,7520,8410,8790,5420,9020,34000,3920,7800
2025_07,12時,18500,22250,4800,6150,8320,7490,5260,8710,25450,9440,7720,20330,22860,4790,7280,8190,8680,5340,8900,32940,4120,7840
2025_07,13時,18360,22260,5010,6090,8280,7240,5150,8830,25040,9430,8010,19650,22260,4450,6720,8170,8510,5290,8750,32020,4060,7460
2025_07,14時,17760,22130,4940,5950,8070,7110,5030,8770,25000,9010,7670,19410,21720,4460,6480,7930,8390,5160,8680,31520,3820,7330
2025_07,15時,17690,22230,5100,5880,8090,7080,5000,8740,25330,9030,7400,19640,21580,4430,6340,7900,8450,5280,8790,31730,3800,7300
2025_07,16時,17900,22410,5110,5800,8180,7270,5180,8750,26160,8840,7150,19590,21530,4220,6360,8040,8320,5390,8780,32120,3840,6800
2025_07,17時,18390,22590,5070,5920,8330,7570,5360,8700,27570,8290,7000,20010,21680,4330,6680,8050,8400,5470,8740,33170,3650,6620
2025_07,18時,19110,22780,5120,6300,8610,7930,5330,8570,30420,6490,6900,19990,21920,4620,6740,8120,8400,5410,8600,34140,3230,6270
2025_07,19時,20140,22540,5220,6650,8730,8280,5350,8420,33700,4990,5920,20050,22180,4920,6950,8230,8340,5340,8430,35470,2960,5560
2025_07,20時,20540,22430,4980,7110,8840,8430,5350,8250,36150,4010,4740,20140,22140,4710,7230,8440,8360,5290,8230,36480,2810,4780
2025_07,21時,21100,22830,5210,7560,8960,8680,5460,8050,38400,3430,4070,19910,22140,4560,7400,8470,8370,5250,7990,37480,2690,3760
2025_07,22時,20770,22760,5110,7630,8850,8720,5370,7840,39520,2840,3140,19590,22140,4580,7500,8290,8380,5160,7800,38180,2440,3000
2025_07,23時,20060,22080,5010,7490,8430,8460,5170,7560,39260,2490,2370,19060,21640,4650,7410,8020,8070,5010,7520,37850,2350,2410
2025_07,24時,21430,23230,5230,7750,8840,9090,5480,8240,42490,2450,1790,20410,22690,4750,7600,8390,8690,5350,8320,40990,2360,1770
2025_07,25時,21600,23450,5280,7860,8920,9150,5530,8290,42920,2450,1760,20680,22840,4800,7650,8540,8760,5380,8350,41400,2370,1780
2025_07,26時,21550,23480,5240,7860,8920,9160,5530,8310,43030,2420,1650,20670,22860,4850,7620,8550,8730,5390,8390,41550,2340,1700
2025_07,27時,21490,23510,5170,7860,8910,9200,5520,8330,43060,2440,1570,20580,22840,4800,7560,8540,8720,5370,8410,41610,2310,1540
2025_07,28時,21600,23590,5180,7850,8950,9240,5550,8380,43210,2490,1610,20660,22860,4790,7600,8560,8730,5400,8420,41650,2370,1550
2025_08,5時,19750,22600,4910,7200,8370,8570,5170,8100,39650,2640,2210,19540,22170,4720,6870,8260,8560,5210,8070,38780,2580,2460
2025_08,6時,20050,23070,5190,7450,8480,8460,5280,8230,39070,3280,2960,19550,22410,4810,6980,8250,8490,5200,8210,38520,2780,2750
2025_08,7時,19770,23650,5600,7250,8570,8410,5340,8220,36740,4860,4110,19740,22880,4880,7070,8280,8800,5310,8260,38080,3350,3280
2025_08,8時,19070,23840,5600,6510,8730,8300,5440,8320,32280,7920,5160,19750,22930,4850,7040,8180,8850,5370,8360,36630,4020,4140
2025_08,9時,17680,22700,5080,5680,8290,7500,5330,8480,28290,8190,6110,19400,22820,4830,6720,8110,8670,5370,8500,34610,4120,5460
2025_08,10時,17290,21890,4880,5560,7840,7160,5230,8490,26350,7910,6990,19250,22330,4660,6460,8030,8600,5250,8570,32940,4040,6490
2025_08,11時,17160,21640,4890,5480,7840,6980,5100,8500,25430,7950,7410,18840,22040,4690,6300,7790,8420,5150,8510,31660,4050,7070
2025_08,12時,17270,21590,4840,5540,7860,7060,5160,8390,24900,8330,7550,18810,21490,4570,6230,7710,8300,5090,8380,30580,4170,7390
2025_08,13時,16950,21350,4800,5500,7690,6800,5040,8440,24500,8290,7460,18450,21100,4300,6170,7590,8220,4990,8270,29960,4110,7250
2025_08,14時,16690,21120,4850,5460,7470,6710,4940,8360,24420,8060,7240,18350,20900,4450,6050,7520,8170,5010,8040,29880,4020,7120
2025_08,15時,16760,21050,4840,5370,7570,6690,4960,8360,24560,8040,7190,18350,20860,4520,5870,7520,8030,5060,8200,29970,4060,6990
2025_08,16時,16760,21390,4880,5240,7610,6940,5050,8420,25210,8020,6960,18490,21040,4370,5880,7630,8130,5210,8290,30600,4020,6750
2025_08,17時,16930,21720,4810,5430,7700,7290,5130,8270,26340,7500,6840,18860,21200,4480,6060,7790,8280,5210,8240,31500,3860,6580
2025_08,18時,17320,22050,4890,5600,7960,7650,5110,8150,28830,5840,6680,19080,21230,4730,6250,8000,8160,5040,8120,32300,3570,6330
2025_08,19時,18090,22050,4800,6150,8080,7910,5110,8080,31570,4550,5990,18920,21240,4980,6370,7890,7970,5020,7920,33260,3220,5610
2025_08,20時,18390,22040,4840,6560,8080,7880,5130,7930,33660,3800,4940,18920,21180,4790,6500,7950,8020,5030,7800,34220,2960,4850
2025_08,21時,18740,22100,4920,6750,8220,8000,5170,7770,35430,3260,4180,19070,21160,4870,6650,7990,8090,4980,7620,35020,2880,4310
2025_08,22時,18900,21920,4920,6930,8310,8040,5080,7520,36490,2860,3530,18830,21160,4660,6700,8100,8160,4930,7420,35730,2590,3660
2025_08,23時,18420,21170,4780,6850,7920,7890,4880,7250,36230,2590,2830,18330,20440,4440,6570,7830,7880,4820,7220,35450,2410,2830
2025_08,24時,19410,22460,4950,7100,8350,8410,5160,7900,39130,2640,2280,19280,21900,4780,6770,8240,8380,5150,7840,38350,2490,2430
2025_08,25時,19590,22570,4950,7170,8430,8470,5180,7950,39460,2670,2230,19420,22020,4790,6820,8300,8440,5170,7890,38580,2490,2480
2025_08,26時,19540,22520,4910,7140,8420,8450,5160,7960,39490,2610,2120,19280,21970,4730,6800,8280,8380,5140,7910,38590,2460,2310
2025_08,27時,19600,22580,4930,7160,8410,8520,5160,7990,39620,2630,2110,19250,22050,4730,6830,8280,8390,5140,7930,38690,2470,2250
2025_08,28時,19720,22590,4880,7210,8410,8550,5190,8050,39690,2670,2140,19310,22030,4670,6840,8260,8450,5150,7960,38740,2490,2220
