データ提供：KDDI・技研商事インターナショナル「KDDI Location Analyzer」,,,,,,,,,,,,,,,,,,,,,,,
※auスマートフォンユーザーのうち個別同意を得たユーザーを対象に、個人を特定できない処理を行って集計,,,,,,,,,,,,,,,,,,,,,,,
※個人情報保護観点から、10代以下の人数は未集計,,,,,,,,,,,,,,,,,,,,,,,
※10人未満は切り捨て,,,,,,,,,,,,,,,,,,,,,,,
,,,,,,,,,,,,,,,,,,,,,,,
大宮駅,,weekday,,,,,,,,,,,holiday,,,,,,,,,,
年月,時間帯,平均男性,平均女性,平均20代,平均30代,平均40代,平均50代,平均60代,平均70歳以上,平均居住者,平均勤務者,平均来街者,平均男性,平均女性,平均20代,平均30代,平均40代,平均50代,平均60代,平均70歳以上,平均居住者,平均勤務者,平均来街者
2018_01,5時,17100,13630,3170,5060,5740,5080,5000,6660,25180,2680,4400,16160,12770,3610,4960,5220,4290,4440,6390,21910,2040,6080
2018_01,6時,18050,13410,3310,5250,5970,5430,5360,6120,23950,3130,5870,16480,12630,3690,4920,5250,4430,4640,6160,21260,2350,6620
2018_01,7時,21890,16120,3880,6220,7380,6700,6540,7280,21940,7160,10460,17190,14350,3780,5510,5610,4630,5000,7000,20460,3150,9050
2018_01,8時,29650,24350,5800,8960,11990,9600,8840,8790,18210,22500,14890,19990,17750,4520,6470,7180,5680,5900,7970,19590,5940,13340
2018_01,9時,32070,31830,7300,11130,13870,10910,10840,9830,15340,28890,21010,22770,23480,5940,7960,8590,6900,7280,9570,18500,8730,20090
2018_01,10時,33610,35440,8020,12190,14740,11630,11710,10750,14250,29920,26240,25550,27550,7060,9810,9850,7930,8320,10120,17270,10210,26680
2018_01,11時,35770,39170,9160,12980,15490,12290,12610,12390,13530,31140,31700,28230,32370,8850,11170,10900,9060,9350,11260,16620,11080,33880
2018_01,12時,37160,42140,10040,13550,16110,12830,13090,13670,13090,32250,35460,30440,35040,9750,12310,11820,9870,10050,11650,16060,11560,38860
2018_01,13時,38160,43450,10510,13790,16230,13150,13210,14710,12880,32340,37850,32020,37860,10920,13060,12570,10090,10340,12880,16160,12150,42550
2018_01,14時,38370,42330,10910,13820,16010,13150,12790,14000,12700,31800,37610,32850,38250,11540,13360,12880,10230,10310,12760,16000,12200,43910
2018_01,15時,38650,40920,11220,13770,15610,13050,12380,13520,13130,31740,36130,32440,37530,11990,13190,12500,10110,9860,12300,15880,12280,42860
2018_01,16時,37770,39270,11310,13330,15220,12860,11850,12460,13740,30690,34050,33120,36330,12770,12690,12220,9920,9780,12050,16540,12020,42010
2018_01,17時,39040,37040,11660,13500,15120,12670,11430,11700,15210,29010,33370,33210,35030,13250,12350,12170,9710,9430,11320,17510,11610,40310
2018_01,18時,38840,34060,11960,13570,14690,11820,10000,10820,17870,22810,33720,33500,31640,13400,12200,11820,9190,8550,9960,18720,10170,37460
2018_01,19時,37220,30450,11770,13000,13590,10650,8820,9820,20000,16820,32380,32070,29170,12800,11730,10940,8410,7920,9430,19950,8260,34160
2018_01,20時,34500,26740,10800,11880,12190,9390,7720,9240,21750,12560,28490,30020,25440,11860,10530,10180,7430,7140,8300,20920,6710,29010
2018_01,21時,30750,23140,9530,10330,10620,8260,6940,8190,23220,8750,23500,27360,22170,10300,9330,9140,6570,6510,7650,21960,4950,23800
2018_01,22時,26520,19320,7620,8480,8970,7120,6240,7400,24080,6300,17040,24890,18780,8480,8200,8080,5950,5960,6990,22770,3930,18160
2018_01,23時,22130,16360,5930,6800,7530,5940,5550,6730,24070,4460,11500,21090,15710,6230,6580,6800,5030,5340,6810,22700,3010,12300
2018_01,24時,18520,13830,4010,5470,6100,5110,4980,6670,24620,2680,6480,16810,13400,4080,5120,5690,4540,4640,6120,22870,2050,6530
2018_01,25時,18460,13940,3890,5570,6100,5120,5020,6690,24960,2570,6310,16710,13430,3960,5300,5730,4480,4590,6060,23090,2100,6220
2018_01,26時,18130,13730,3680,5400,5890,5030,4990,6840,25000,2470,5820,16330,13110,3640,5130,5600,4420,4560,6070,23190,2040,5480
2018_01,27時,17580,13520,3460,5170,5680,4940,4950,6890,24960,2400,5190,16140,13020,3600,4940,5510,4330,4590,6170,23240,1980,5190
2018_01,28時,17250,13470,3340,5050,5630,4880,4970,6840,24910,2420,4840,15900,12900,3460,4890,5440,4280,4590,6120,23050,2050,4960
2018_02,5時,17340,14820,3240,5440,6490,5450,5140,6390,26060,3570,4580,16800,14400,3720,5450,6030,4940,4840,6200,24070,3350,5550
2018_02,6時,18360,14730,3360,5520,6890,5750,5600,5950,24580,4110,6420,17040,14150,3510,5480,6010,5020,4910,6240,23410,3660,5800
2018_02,7時,21940,17130,3820,6260,8010,7160,6650,7150,22020,8290,10830,18070,16100,4040,5970,6600,5390,5490,6650,22310,4610,8870
2018_02,8時,30510,25890,6070,9380,12620,10620,8760,8920,18300,25590,14870,21180,19100,5050,7020,8120,6340,6270,7470,21160,8290,12580
2018_02,9時,33410,33880,7540,11600,14850,12010,10750,10530,14700,32970,21500,23830,23570,6890,8290,9530,7570,7250,7850,19450,11180,18370
2018_02,10時,35300,37630,8230,12560,15690,12590,11600,12230,13720,34230,26730,26780,27870,8020,9890,10920,8420,8430,8960,18370,12230,25610
2018_02,11時,37290,41210,9100,13400,16090,13160,12450,14270,13340,35330,31740,29650,33030,9030,11530,11980,9630,9520,10980,17240,13740,33190
2018_02,12時,38160,43400,9840,13930,16380,13630,12880,14890,13060,36110,34360,31700,35410,10100,12770,12730,10120,9900,11470,16610,14490,37420
2018_02,13時,39000,43590,10090,13930,16500,13840,12850,15360,12770,36210,35530,33300,37150,11090,13370,13610,10450,10240,11660,16580,14930,40370
2018_02,14時,39010,43200,10560,13860,16540,13830,12720,14670,12570,35750,35740,34150,37630,12420,13360,13990,10510,9940,11550,16570,14680,42000
2018_02,15時,38620,42140,10670,13840,16070,13770,12510,13880,12920,35590,34160,33830,37330,12420,12920,13780,10410,10120,11490,16500,14270,41880
2018_02,16時,38630,40110,10630,13630,15920,13770,12000,12770,13330,35260,32030,33330,34740,12690,12240,13360,10400,9510,9850,17070,14040,38470
2018_02,17時,39600,38700,11090,13720,15900,13790,11700,12080,14930,33750,31570,34370,33480,12790,12530,13130,10250,9210,9910,18270,13540,37560
2018_02,18時,39800,35220,11600,13610,15390,13100,10490,10820,17260,27270,32450,33790,31730,12950,12540,13000,9880,8570,8560,19360,11860,35850
2018_02,19時,37900,32390,11720,12930,14580,11780,9130,10130,19360,20340,32600,32130,29560,12820,11620,12260,9400,7800,7790,20290,10360,32670
2018_02,20時,34980,29450,11300,12020,13220,10340,8170,9360,21420,15350,29690,29840,27290,12340,10490,11150,8440,6830,7870,21620,8330,28860
2018_02,21時,31220,24520,9790,10780,11370,8940,7110,7740,23010,11060,23730,27300,23240,10670,9200,9730,7500,6230,7210,22480,6320,23490
2018_02,22時,27060,20740,7840,9210,9740,7660,6220,7110,24360,8240,17310,24350,19940,9250,8000,8610,6610,5710,6100,23240,5390,17440
2018_02,23時,22310,17790,5960,7350,8270,6270,5590,6650,24290,5920,11990,20170,16950,6920,6520,7260,5550,5040,5810,23090,4150,11630
2018_02,24時,17950,14830,3750,5760,6720,5280,5000,6260,24820,3430,6480,16580,14360,4490,5360,6000,4850,4480,5740,23530,2990,6100
2018_02,25時,18170,14880,3710,5870,6750,5330,5040,6330,25320,3360,6340,16820,14340,4530,5460,6010,4860,4600,5690,23930,2920,6020
2018_02,26時,17760,14650,3400,5670,6590,5260,5100,6380,25410,3330,5640,16610,14270,4350,5300,5900,4830,4650,5830,24100,2810,5690
2018_02,27時,17120,14470,3180,5400,6420,5180,5090,6310,25240,3250,5070,16240,14160,4200,5180,5790,4780,4590,5840,23960,2860,5290
2018_02,28時,16770,14380,3040,5270,6320,5120,5020,6370,25140,3220,4750,15910,13890,3890,5090,5690,4700,4600,5800,23950,2790,4770
2018_03,5時,16970,14990,3190,5380,6180,5060,5140,6990,26670,2600,4580,17040,14860,3580,5890,6070,4950,5010,6370,24950,2600,6200
2018_03,6時,18030,14930,3380,5530,6600,5470,5690,6270,25210,3400,6310,17270,14370,3430,5870,5910,5190,5120,6100,24110,2870,6550
2018_03,7時,21520,17760,3790,6360,8010,6770,6910,7430,22870,7750,10560,18190,16400,3590,6410,6390,5530,5510,7130,23310,3630,9320
2018_03,8時,30350,26660,6510,9470,12410,10250,9280,9070,18920,25150,15050,21010,18600,4440,7590,7630,6430,6260,7260,21510,6930,12850
2018_03,9時,32660,34300,7760,11450,14420,11650,11240,10440,15660,32460,20580,23760,23500,5880,8890,9350,7890,7070,8150,19780,9920,19110
2018_03,10時,34200,37990,8710,12420,15170,12300,11890,11680,14360,33370,26130,27190,28280,7350,10300,10760,8830,8220,10000,18710,11020,27170
2018_03,11時,35900,41230,9240,13160,15610,12930,12640,13520,13970,33930,30910,29490,32990,8410,11800,11890,9820,9310,11230,17440,12340,34110
2018_03,12時,36800,42590,9550,13340,16230,13300,13020,13940,13730,34270,33120,31150,35530,9230,12800,12850,10520,9990,11260,16500,12980,38540
2018_03,13時,36940,43280,9820,13380,16320,13510,13030,14160,13380,34450,34110,32350,37470,9830,13610,13470,10830,9860,12200,15730,13310,42100
2018_03,14時,37330,43050,10200,13570,16230,13490,12900,13970,13510,34090,34490,32960,38470,10910,13940,13560,10930,9740,12330,15610,13250,43850
2018_03,15時,37590,42630,10410,13450,16050,13460,12770,14070,13970,33790,34190,33610,38060,11720,13610,13220,10770,9500,12820,16300,13060,43570
2018_03,16時,37690,40680,10520,13290,15820,13490,12250,12990,14580,33550,31990,33820,36200,12110,13090,13150,10840,8940,11870,17690,12590,41030
2018_03,17時,38970,39250,11500,13570,15650,13410,12080,12000,16190,32470,31350,34180,35650,12650,13020,12940,10630,8950,11630,18630,12070,40420
2018_03,18時,39830,36360,11960,13600,15320,12920,11020,11350,18210,25820,34000,34310,33840,13280,13030,12760,10130,8680,10240,20030,10470,39020
2018_03,19時,38600,33280,12230,13170,14350,11740,9610,10760,20170,19230,34350,33110,31850,13650,12440,12140,9280,7880,9550,21110,9140,36140
2018_03,20時,35650,30210,11710,12290,13070,10400,8640,9720,22390,14360,31060,31190,28300,12820,11440,11000,8340,7030,8840,22650,8090,30480
2018_03,21時,32060,25910,10250,11150,11390,9030,7810,8320,23930,10470,25550,28390,24450,11090,10520,9870,7330,6450,7560,23510,6380,24740
2018_03,22時,27890,21840,8380,9830,9930,7590,6600,7390,25160,7480,19060,25470,21340,9450,9160,8770,6510,5820,7090,24430,4970,19260
2018_03,23時,23190,18440,6700,7810,8310,6090,5820,6880,25380,5180,13050,21540,17990,7410,7460,7400,5390,5170,6670,24270,3880,13180
2018_03,24時,18140,15000,4160,5960,6500,5000,5060,6430,25400,2840,6730,17670,15590,4900,5980,6150,4720,4700,6790,25120,2630,7140
2018_03,25時,18000,15070,4010,6050,6480,5000,5030,6490,25730,2710,6460,17700,15440,4770,5990,6180,4730,4720,6720,25310,2570,6950
2018_03,26時,17420,14650,3670,5820,6300,4910,5020,6320,25700,2540,5660,17090,15030,4360,5850,5980,4640,4730,6560,25290,2340,6180
2018_03,27時,16990,14480,3510,5470,6130,4850,5020,6480,25690,2450,5170,16790,14650,4090,5640,5850,4570,4750,6500,25320,2230,5580
2018_03,28時,16520,14400,3240,5380,6020,4770,5000,6490,25440,2410,4880,16480,14500,3900,5390,5820,4530,4750,6580,25240,2210,5220
2018_04,5時,16880,15440,3500,5310,6520,5060,5370,6560,27010,3000,4550,17150,16370,4910,5740,6190,4880,5010,6790,25040,2660,7710
2018_04,6時,17860,15470,3570,5540,6870,5520,5780,6040,25300,3820,6460,16610,15560,4570,5340,6160,4930,4950,6200,23360,2940,7690
2018_04,7時,22040,17700,3980,6370,8250,6930,7000,7190,22930,7860,11190,17170,17110,4680,5720,6420,5340,5430,6690,22640,3640,9790
2018_04,8時,30680,26400,7020,9400,12170,10140,9700,8630,18390,25580,15470,20250,19530,5530,6890,7770,5990,6190,7400,21420,6280,13850
2018_04,9時,33140,33910,8810,11200,14100,11510,11540,9870,15260,32500,21170,23730,24310,6880,8400,9760,7290,7150,8550,19900,9140,20660
2018_04,10時,34090,36930,9340,12090,14590,11880,12370,10720,13870,33290,25730,27260,28120,8350,9920,11100,8410,8120,9470,18490,10360,28040
2018_04,11時,35740,40130,9830,13140,15080,12350,12980,12470,13200,34210,30370,29610,33050,9890,11510,12030,9320,9130,10770,17440,11400,35310
2018_04,12時,36700,42280,10330,13700,15690,12810,13260,13180,12910,34690,33210,31110,35880,10700,12290,12810,9910,9360,11910,16460,11870,40070
2018_04,13時,37740,42740,11080,13800,15660,12980,13250,13700,12710,34970,34670,32330,37870,11310,13080,13290,10090,9710,12720,16040,12230,43310
2018_04,14時,37970,42370,11160,13980,15580,12970,13060,13570,12630,34510,35040,32630,37890,11830,12990,13480,10160,9640,12410,15960,12040,43890
2018_04,15時,37530,41470,11320,13780,15320,13000,12840,12720,12920,34260,33690,32590,36740,12030,12640,13310,10100,9530,11710,16760,11900,42060
2018_04,16時,37780,39650,11640,13480,15050,13060,12290,11900,13740,33770,31830,32930,35690,12580,12680,12850,9990,9210,11290,17690,11790,40610
2018_04,17時,38510,37940,11840,13690,14910,12930,12040,11020,15230,32460,30710,33380,34150,13190,12430,12300,10070,8900,10610,18690,11170,39180
2018_04,18時,38930,34890,12000,14130,14570,12130,10760,10210,17500,25780,32480,34040,32740,13500,12520,12350,9650,8500,10250,20010,10210,38220
2018_04,19時,36980,31870,11230,13600,13920,11010,9420,9650,19440,18990,32440,32550,29830,12930,12280,11790,8940,7750,8660,20870,8960,34300
2018_04,20時,34550,28180,10370,12470,12830,9770,8450,8820,21600,13810,29430,30200,27580,12400,11440,10910,7930,6990,8100,21900,7580,30090
2018_04,21時,30660,24360,9080,10970,11300,8330,7430,7900,23390,9930,23800,27240,24600,10940,10340,9650,6920,6460,7510,22980,5810,24810
2018_04,22時,26230,21540,7720,9340,9740,7190,6540,7230,24740,7100,18070,24320,21790,9820,8950,8540,6200,5800,6770,23660,4770,19500
2018_04,23時,21600,18430,6080,7510,8020,5880,5740,6790,25030,4960,12170,20810,18290,7720,7230,7380,5310,5390,6040,23640,3740,13530
2018_04,24時,17430,15710,4320,5810,6650,4940,5140,6260,25500,2910,6710,16820,16170,5180,6030,6210,4580,4820,6170,24460,2910,7550
2018_04,25時,17390,15420,4120,5730,6670,4940,5140,6200,25800,2800,6250,16690,16040,5010,5960,6280,4490,4750,6220,24610,2790,7230
2018_04,26時,16730,15190,3880,5450,6440,4840,5110,6180,25830,2690,5450,16070,15930,4910,5640,6090,4450,4720,6180,24600,2640,6710
2018_04,27時,16420,14890,3710,5220,6300,4790,5130,6140,25770,2640,4950,15760,15750,4570,5460,6000,4420,4740,6290,24480,2520,6410
2018_04,28時,16180,14730,3520,5130,6220,4730,5150,6150,25630,2610,4720,15620,15540,4380,5340,5970,4420,4770,6270,24600,2560,5930
2018_05,5時,16780,14640,3460,5290,6560,4950,5510,5630,25780,3080,4670,16170,15260,4310,5300,6420,4500,5190,5680,23950,2650,6700
2018_05,6時,17640,14750,3500,5490,6860,5480,5960,5080,24350,3740,6330,15990,15090,4160,5220,6300,4620,5230,5540,22670,2690,7420
2018_05,7時,21820,17550,3970,6480,8380,7010,7290,6230,22240,8320,10850,16800,16500,4210,5610,6690,4920,5740,6130,21750,3500,9750
2018_05,8時,31370,26730,7230,9710,13000,10540,9790,7800,18090,26880,15470,19670,20060,5190,6710,7970,5760,6970,7110,20640,6700,13970
2018_05,9時,34190,34700,9190,11960,15000,11710,11720,9280,14870,34390,21460,22950,24500,6790,8140,9500,7160,7720,8130,18970,9550,20430
2018_05,10時,35390,38880,9810,13010,15580,12230,12660,10970,13850,35390,26870,25760,29050,8340,9530,11100,8100,8520,9210,17680,10890,27670
2018_05,11時,36880,42350,10050,14080,15990,12920,13150,13020,13350,36240,31550,28980,33320,9650,11230,12310,9070,9270,10760,16250,11940,35440
2018_05,12時,37480,44500,10660,14640,16240,13290,13160,13970,12740,36550,34510,31240,36000,10530,12240,13150,9710,9950,11650,15730,12530,40270
2018_05,13時,38370,44880,11390,14880,16220,13390,13280,14080,12590,36540,35890,32850,37420,11460,13110,13580,10170,10010,11920,15680,12660,43230
2018_05,14時,38180,44370,11450,14760,16100,13430,13080,13720,12680,35790,35850,33310,38210,11780,13300,13660,10490,10140,12140,15870,12530,44520
2018_05,15時,38570,43030,11920,14420,15840,13470,12890,13040,13240,35500,34700,32400,37440,12210,13080,13310,10310,9930,10980,16310,12320,42640
2018_05,16時,38790,41000,12420,14130,15670,13480,12440,11640,13890,34980,32770,31900,36530,12500,12790,12940,10200,9680,10290,17130,12150,40610
2018_05,17時,39260,38460,12620,14040,15200,13360,12110,10360,15040,33300,31230,32470,35000,13090,12520,12600,10060,9140,10040,18060,11310,39590
2018_05,18時,39900,35380,12910,14250,14900,12490,10800,9910,17080,26490,33530,33310,33090,13680,12520,12520,9640,8860,9160,19580,9980,38320
2018_05,19時,37180,31960,12240,13480,13810,11200,9360,9040,19330,19080,32720,32250,30670,13580,11900,11770,8970,7980,8690,20580,8540,35390
2018_05,20時,34260,27570,10820,12230,12700,9730,8350,7980,21410,13660,28740,30210,27700,12720,10930,10850,8110,7170,8100,21610,7030,30990
2018_05,21時,30500,23560,9470,10720,11150,8310,7450,6940,22910,9710,23430,27150,24200,10860,9780,9850,7060,6650,7130,22500,5450,25140
2018_05,22時,26560,20680,8320,9040,9760,7070,6700,6340,23990,6930,18310,24030,21560,9410,8650,8850,6190,6220,6250,23100,4300,19900
2018_05,23時,21900,17950,6550,7260,8140,5830,6020,6030,24210,4850,12770,20280,18130,7300,7010,7510,5240,5570,5770,23130,3340,13670
2018_05,24時,17280,15000,4290,5860,6680,4900,5240,5310,24490,3000,6740,16310,15440,4960,5460,6300,4420,4830,5750,23640,2680,7310
2018_05,25時,17180,14890,4100,5770,6750,4930,5160,5340,24780,2940,6350,16140,15220,4560,5490,6280,4410,4780,5840,23880,2590,6780
2018_05,26時,16740,14640,3880,5550,6560,4840,5090,5430,24860,2800,5730,15580,14970,4340,5270,6140,4340,4750,5680,23800,2480,6110
2018_05,27時,16360,14380,3760,5380,6380,4740,5090,5370,24770,2760,5200,15170,14640,4010,5020,6060,4320,4700,5690,23820,2440,5430
2018_05,28時,16130,14170,3570,5230,6320,4650,5160,5350,24640,2740,4940,15230,14390,3820,5030,6030,4310,4770,5650,23820,2410,5260
2018_06,5時,16140,15110,3720,4920,6530,4900,5230,5940,25980,3080,4360,17000,16080,5490,5300,6390,4700,4770,6420,25210,3010,6860
2018_06,6時,17480,15440,3870,5190,6820,5460,5580,5980,24780,3880,6390,16760,15690,4790,5190,6380,4810,4890,6370,23800,3320,7300
2018_06,7時,22020,18870,4740,6220,8330,7110,6950,7530,22600,8720,11710,18100,17570,4790,5440,6880,5240,5520,7790,22710,4490,10420
2018_06,8時,31960,27580,8030,9500,12650,10560,9470,9310,18250,27550,16160,21410,20920,5960,6580,8370,6160,6400,8850,21160,7770,15220
2018_06,9時,34780,35340,9660,12120,14520,11790,11130,10880,15100,34670,22380,24920,26510,7490,8410,9910,7660,7860,10070,19750,10760,22620
2018_06,10時,35840,39770,10660,13030,15070,12280,12100,12440,13980,35720,27750,27930,31060,8940,10090,11220,8670,8840,11220,18310,12190,30120
2018_06,11時,37360,43480,11470,13760,15610,12840,12810,14340,13210,36510,32950,30550,34950,10650,11250,12260,9550,9440,12340,17260,13330,36520
2018_06,12時,38460,46020,11890,14220,15980,13210,13240,15910,13150,37040,36170,32700,37210,11380,12100,13130,10350,9820,13100,16690,13910,40870
2018_06,13時,39290,45660,12570,14360,15960,13510,13220,15320,12910,37310,36650,33820,39060,11900,12610,13820,10580,9950,14010,16320,14500,43620
2018_06,14時,39510,44920,12670,14380,15930,13540,13100,14790,12960,36810,36560,34130,39480,12270,12710,14070,10680,10270,13580,16340,14450,44350
2018_06,15時,39430,44110,13210,14000,15810,13570,12920,14010,13450,36700,35270,33050,39220,12860,12350,13850,10630,10190,12370,16630,13900,43240
2018_06,16時,39500,42600,13510,13910,15480,13380,12520,13270,14110,36200,33670,32990,37780,12910,12410,13330,10530,9900,11680,17050,13800,41450
2018_06,17時,39800,41080,14080,13760,15070,13250,12160,12550,15460,34480,32880,34540,37570,14340,12650,13130,10820,9780,11360,18410,13000,42320
2018_06,18時,39870,38770,14430,14090,14890,12420,11000,11800,17600,27460,35580,35390,36570,15400,13120,12880,10610,9250,10680,20150,11480,42020
2018_06,19時,38040,34390,14070,12970,13830,11430,9750,10360,19790,19940,34720,33320,33670,14300,12780,12100,9790,8640,9360,21270,10130,37410
2018_06,20時,35180,30030,12660,11960,12750,9900,8580,9340,22130,14300,30840,30880,29890,13030,11780,11120,8800,7530,8490,22150,8580,31870
2018_06,21時,31160,25680,11050,10530,11190,8260,7450,8340,23480,10270,25160,28090,25830,11860,10590,9970,7530,6580,7390,23010,6660,26150
2018_06,22時,26840,22200,9450,8950,9650,6990,6480,7500,24720,7360,19090,25220,22110,10430,8960,8920,6340,5930,6730,23870,5170,20250
2018_06,23時,21890,19100,7400,7070,8110,5760,5740,6890,24740,5000,13370,21120,18600,8220,7180,7470,5190,5280,6350,23770,3830,14060
2018_06,24時,17390,15620,5120,5450,6700,4870,4830,6020,25080,3090,6920,16470,15670,5610,5330,6210,4440,4730,5800,24140,2970,6950
2018_06,25時,17180,15400,4840,5330,6690,4860,4860,5970,25310,2990,6370,16470,15680,5540,5340,6240,4430,4700,5890,24310,2920,6840
2018_06,26時,16670,15080,4450,5220,6530,4740,4880,5910,25290,2860,5690,15950,15500,5210,5250,6100,4360,4620,5900,24450,2690,6240
2018_06,27時,16300,14860,4330,5030,6380,4650,4850,5900,25270,2800,5190,15600,15380,5060,5110,6090,4340,4630,5740,24430,2630,5840
2018_06,28時,16020,14730,4240,4900,6290,4550,4890,5860,25190,2790,4850,15490,15280,5100,4950,6110,4300,4630,5660,24480,2610,5610
2018_07,5時,16400,15110,3690,5210,6870,4840,5430,5450,26280,3370,4280,15710,16310,5180,5290,6540,4400,5100,5480,24470,2860,6680
2018_07,6時,17700,15560,3830,5700,7170,5420,5890,5240,25140,4440,6070,15660,15670,4560,5260,6580,4640,5090,5190,23000,3260,7000
2018_07,7時,22410,17740,4470,6560,8580,6960,7100,6460,22780,9040,10730,16640,16910,4650,5400,7090,5140,5680,5570,22210,4210,9120
2018_07,8時,31640,27020,8050,9760,12520,10290,9930,8100,18050,27910,15260,19420,20750,5990,6420,8760,6150,6390,6450,21000,8060,12990
2018_07,9時,34960,35190,10290,12100,14300,11600,11910,9940,15370,35400,21630,23140,25970,8320,7770,10160,7300,7560,7990,19550,11050,20280
2018_07,10時,36200,38950,10710,13270,14980,12070,12780,11330,13980,36350,26820,26710,30850,9740,9340,11530,8410,8650,9890,18690,12490,28050
2018_07,11時,37710,42520,11350,14180,15670,12590,13600,12810,13740,37150,31360,29410,34600,10460,10940,12720,9530,9650,10690,17500,13620,34490
2018_07,12時,38880,44210,12080,14610,16120,13100,13710,13450,13410,37870,33830,30850,37270,11210,11830,13240,10300,10250,11270,17150,14370,38300
2018_07,13時,39500,44570,12390,14770,16280,13410,13700,13510,13400,38170,34580,32480,38560,12210,12550,13730,10770,10300,11470,16840,14780,41110
2018_07,14時,39580,44370,12630,14720,16390,13630,13480,13090,13410,37630,35000,32600,38520,12500,12750,13850,10780,10020,11210,16780,14560,41480
2018_07,15時,39590,43200,12770,14540,16210,13560,13130,12570,13580,37150,34140,32790,38000,13320,12730,13750,10600,9540,10830,17140,14250,41090
2018_07,16時,39620,41630,12950,14370,16090,13430,12730,11670,14230,36720,32390,32610,37240,14020,12520,13230,10390,9230,10440,17660,13910,39950
2018_07,17時,40560,40150,13580,14120,15580,13350,12690,11380,15660,35380,31820,32550,36040,14680,11880,13180,10020,9260,9550,18570,13420,38390
2018_07,18時,39730,36980,13640,14000,14890,12490,11180,10510,17620,27740,33550,32550,33900,14660,12180,12480,9380,8720,9010,19880,12240,36200
2018_07,19時,37430,33650,12830,13590,14020,11270,9820,9520,19940,20010,33330,31670,31060,14700,11470,11490,8690,7920,8430,20900,10250,33460
2018_07,20時,34610,29860,11930,12240,12900,9870,8780,8720,22150,15070,29500,29570,27610,13310,10480,10770,7960,7380,7280,21810,8740,28530
2018_07,21時,30630,25670,10360,10800,11510,8380,7760,7470,23710,10760,24090,26640,24380,11840,9380,9890,6920,6510,6460,22680,6580,23760
2018_07,22時,26010,21740,8520,9170,9970,6900,6720,6440,24690,7730,17630,23320,21050,9440,8160,8950,5960,6000,5840,23510,5530,17370
2018_07,23時,21220,18880,6880,7350,8330,5680,5950,5890,24840,5380,12150,19430,18450,7680,6570,7720,4980,5510,5400,23510,4430,11950
2018_07,24時,17120,15230,4640,5690,6830,4790,5060,5320,24940,3240,6360,15810,15730,5030,5500,6600,4350,4800,5240,24180,2960,6470
2018_07,25時,17000,15340,4600,5720,6890,4800,5080,5240,25250,3160,6140,15740,15840,4930,5450,6590,4350,4900,5330,24440,2860,6390
2018_07,26時,16450,15100,4260,5530,6740,4710,5080,5210,25230,2990,5550,15260,15730,4630,5350,6480,4290,4910,5320,24490,2760,5860
2018_07,27時,15950,14810,4040,5350,6610,4590,5040,5110,25180,2900,4910,14930,15380,4440,5120,6450,4230,4850,5200,24430,2730,5290
2018_07,28時,15680,14670,3920,5190,6480,4520,5100,5130,25120,2860,4590,14800,15280,4320,4990,6390,4200,4850,5310,24560,2790,4890
2018_08,5時,15890,14430,3730,4850,6530,4510,5050,5620,24730,3580,4800,16630,15410,5530,5270,6300,4400,4840,5670,23940,3580,7270
2018_08,6時,17010,14900,3840,5130,6930,4950,5500,5540,23900,4510,6300,16630,15020,4990,5200,6450,4510,5010,5460,22820,3980,7510
2018_08,7時,21360,17490,4970,5940,8220,6430,6590,6680,22220,9000,10570,17520,16250,5210,5210,6920,4980,5510,5930,21770,4920,9750
2018_08,8時,29600,26540,8470,9150,11760,9590,9070,8090,18150,25790,15160,20690,20240,6400,6350,8400,5880,6490,7400,21010,8430,14160
2018_08,9時,32100,34430,10570,10800,13310,10810,10900,10130,15760,31950,21550,24090,25580,8230,7970,9970,7200,7670,8600,19720,11240,21280
2018_08,10時,33660,38750,11420,11820,13930,11410,12010,11810,14740,33060,27160,26950,31140,9680,9720,11200,8310,8880,10290,18660,12570,29380
2018_08,11時,35100,42130,12020,12740,14660,11950,12700,13150,14310,34200,31390,29620,35370,10760,11420,12340,9290,9430,11720,17870,13720,36000
2018_08,12時,36110,43460,12210,13190,15200,12140,13010,13810,13740,34650,33850,31430,37180,12030,11970,13180,9970,9740,11700,16790,14440,39840
2018_08,13時,36690,44350,12960,13390,15620,12420,12940,13700,13800,34660,35180,33080,37040,12770,12590,13790,9960,9870,11140,16670,14600,41260
2018_08,14時,37120,44030,13440,13360,15600,12600,12750,13380,13790,34650,35380,33800,38350,13820,13030,14110,9970,9880,11320,17020,14460,43090
2018_08,15時,37440,43320,13800,13370,15520,12690,12510,12850,14230,34560,34720,32970,37520,14220,12610,13390,10150,9370,10730,16940,14330,41630
2018_08,16時,37580,41380,14340,13250,15190,12630,11960,11580,14650,34090,32900,32550,35540,14130,12070,12610,9980,9090,10180,17170,13630,39610
2018_08,17時,37900,39980,14690,13000,14880,12470,11740,11090,15700,32710,32180,33050,34600,14300,11620,12380,9850,8980,10500,17750,13080,39290
2018_08,18時,37510,36660,14710,13030,14420,11490,10470,10050,17530,25870,33340,32530,32510,13470,11980,12270,9390,8230,9690,18450,11310,37640
2018_08,19時,35910,33010,14090,12500,13370,10480,9210,9250,19740,18640,33150,31340,29420,12970,11510,11750,8370,7800,8350,19530,9440,34140
2018_08,20時,33510,29170,13090,11220,12440,9350,8170,8400,21800,13880,29660,29400,26520,12640,10480,10920,7460,6930,7470,20580,8020,29680
2018_08,21時,29590,24760,11120,9740,11130,7920,7080,7340,23060,9940,24020,27230,23260,11230,9610,10100,6630,6280,6620,21720,6660,24560
2018_08,22時,25200,21270,9400,8070,9680,6530,6120,6660,23760,7490,17900,24680,20470,9690,8350,9080,5780,6010,6220,22530,5390,19700
2018_08,23時,20430,18170,6950,6500,8110,5360,5520,6130,23890,5370,12050,20020,17100,6930,6760,7600,4930,5410,5460,22510,4040,13010
2018_08,24時,16160,15090,4810,5200,6550,4490,4690,5500,23850,3590,6470,16280,14870,5220,5430,6260,4430,4490,5310,22940,3210,7570
2018_08,25時,16230,15150,4710,5210,6600,4490,4750,5610,24270,3530,6270,16350,14740,5150,5360,6270,4440,4500,5360,23190,3220,7260
2018_08,26時,15790,14820,4460,5070,6470,4400,4730,5460,24290,3420,5580,16020,14560,5050,5320,6090,4350,4440,5310,23130,3160,6890
2018_08,27時,15390,14480,4230,4950,6290,4280,4720,5370,24090,3410,5050,15620,14450,4940,5190,5930,4240,4420,5330,23110,3180,6390
2018_08,28時,15240,14240,4110,4750,6240,4220,4730,5410,23960,3420,4780,15370,14350,4800,4980,5910,4200,4470,5350,23170,3210,5970
2018_09,5時,15850,15350,4070,5690,6850,4690,4780,5110,26070,4220,4530,15560,16430,5940,5370,6440,4350,4670,5190,24190,3940,7120
2018_09,6時,17160,16100,4240,5890,7340,5190,5350,5240,24930,5330,6570,15460,16020,5240,5350,6560,4460,4690,5160,23050,4260,7360
2018_09,7時,21930,18950,5460,6700,9020,6780,6650,6250,22710,10690,11170,16920,17560,5640,5740,7100,4930,5280,5780,22230,5890,9650
2018_09,8時,31640,28890,9240,10800,13040,10300,9300,7830,18480,30000,15990,19920,21500,6850,7130,8670,5780,6120,6850,21350,9520,14030
2018_09,9時,35160,36570,11490,12800,15030,11990,11170,9220,15700,37270,22290,23010,26680,8760,8660,10360,7210,7290,7390,19810,12050,21020
2018_09,10時,36470,41270,12270,13950,15950,12510,12260,10800,14470,38100,28400,25800,31640,10110,9650,11800,8310,8590,8960,18290,13060,28990
2018_09,11時,38220,44560,12380,15050,16440,12780,13220,12890,13810,38940,33410,28510,36350,11690,10820,13010,9120,9780,10420,17660,14420,35830
2018_09,12時,39370,46600,13320,15720,16780,13220,13610,13310,13590,39750,35880,30280,39110,13100,11730,13610,9690,10110,11140,16640,14930,40640
2018_09,13時,39970,47400,14460,15550,17020,13280,13620,13430,13510,39950,37140,31890,39590,13300,12270,14330,9750,10330,11480,16400,15330,42540
2018_09,14時,40430,47230,14800,15310,17020,13250,13530,13750,13670,39570,37630,32470,40660,14140,12420,14630,10100,10240,11580,16710,15410,43860
2018_09,15時,39830,45690,14990,14660,16530,13270,13060,12990,13820,39160,35780,32470,39400,14680,12210,14320,9980,9720,10940,16730,15300,42650
2018_09,16時,40160,43900,15630,14710,16390,13160,12750,11410,14150,38970,34150,32120,38340,14900,12310,13990,9980,9410,9870,17470,14980,40860
2018_09,17時,40720,41970,15990,14270,16120,13060,12160,11070,15320,36680,33920,31910,36220,14800,12300,13310,9610,8760,9340,18590,13970,38560
2018_09,18時,39690,38470,15740,14230,15100,12280,10960,9840,17370,28970,35000,32330,34630,15570,12230,12590,9030,8270,9250,19690,11980,38260
2018_09,19時,37570,34180,14680,13510,14120,11080,9560,8790,19580,20910,34530,31460,31800,15410,11720,11520,8360,7760,8460,20810,10240,35170
2018_09,20時,34850,30600,13700,12460,13160,9840,8410,7860,21970,16030,30740,28770,29050,14420,10850,10740,7600,6750,7440,21770,8970,30150
2018_09,21時,30510,26220,11950,10870,11560,8230,7200,6890,23680,11670,24690,25640,25260,12630,9770,9680,6420,6050,6330,22550,7150,24250
2018_09,22時,25530,22760,9920,9200,10020,6770,6320,6040,24680,8780,18180,22880,22020,10920,8280,8660,5620,5410,5990,23160,6070,18790
2018_09,23時,20420,19830,8030,7310,8300,5430,5480,5680,24890,6590,12120,18650,19200,8530,6850,7490,4680,4910,5350,23120,5040,12830
2018_09,24時,16190,16110,5300,6040,6820,4600,4530,4980,25030,4120,6460,15690,16410,6090,5910,6440,4280,4270,5090,23640,3670,7910
2018_09,25時,16150,16140,5270,6100,6850,4610,4570,4870,25390,4000,6250,15660,16290,5840,5910,6460,4260,4370,5100,23950,3620,7530
2018_09,26時,15820,15850,4900,5940,6720,4570,4600,4920,25450,3890,5700,15190,15870,5490,5710,6350,4180,4330,4990,23860,3500,6860
2018_09,27時,15540,15550,4730,5800,6600,4480,4610,4860,25380,3870,5220,14810,15790,5470,5510,6210,4100,4320,4990,23990,3480,6300
2018_09,28時,15270,15280,4630,5590,6510,4380,4580,4840,25170,3870,4900,14520,15600,5240,5270,6220,4060,4330,4980,24020,3490,5770
2018_10,5時,16350,16000,4630,4860,6760,4860,5520,5700,26160,4370,5230,15560,15310,5180,4920,6240,4430,4980,5110,23490,3820,6630
2018_10,6時,18100,16530,4710,5170,7190,5450,6350,5730,25290,5600,7320,16100,15130,4820,4990,6360,4700,5200,5150,22850,4230,7330
2018_10,7時,23280,18860,5810,6090,9060,7140,7460,6560,23020,10510,12170,17800,17030,5020,5290,7060,5310,5910,6230,21540,5290,10980
2018_10,8時,32720,28480,9470,10290,12830,10860,9920,7810,18860,29390,16980,21330,21290,6090,6420,8600,6550,7170,7790,20640,8940,16200
2018_10,9時,35990,35920,11300,12200,14420,12380,11810,9780,16050,36390,22870,24270,25670,7740,7400,10250,7700,8360,8470,19180,11630,22020
2018_10,10時,37840,39990,11740,13320,15360,12910,12850,11630,14450,37600,28900,26880,30140,9400,8590,11770,8880,9470,8900,17810,13040,28920
2018_10,11時,38990,43520,12480,14170,15920,13390,13490,13030,13980,38720,32970,29550,34080,10800,9800,13120,9600,10310,9990,16540,14010,35770
2018_10,12時,40080,45520,13330,14690,16270,13850,13900,13530,13600,39440,35600,31020,37160,11160,10820,13710,10390,10850,11230,15890,14690,40060
2018_10,13時,40510,46520,13890,14930,16510,13860,14030,13800,13510,39410,37080,32760,39930,12710,11490,14230,10580,11530,12140,15840,15240,44120
2018_10,14時,40760,46180,14270,14810,16320,13840,13870,13810,13600,39170,37110,33360,39870,13410,12030,14590,10580,11470,11140,15550,15230,44920
2018_10,15時,40230,43970,13950,14220,15870,13790,13330,13020,13640,38840,34650,32940,38850,13330,11940,14150,10540,10970,10860,15650,14810,43810
2018_10,16時,40110,42620,14140,13890,15870,13730,12850,12230,14290,38700,32750,32250,38780,13840,11550,13840,10560,10540,10690,16500,14650,42440
2018_10,17時,40240,40360,14370,13540,15480,13380,12640,11180,15500,36640,31550,33230,37070,15090,11530,13540,10440,10160,9520,17630,14010,41310
2018_10,18時,39120,36890,14470,13050,14690,12380,11520,9880,17390,28920,32810,33160,34730,14500,11590,13130,10110,9370,9170,18850,12570,39200
2018_10,19時,37170,33170,13510,12370,13810,11090,10270,9280,19700,21120,32710,31570,32140,14230,10710,12420,9340,8490,8500,20180,11170,35110
2018_10,20時,34770,29650,12750,11680,12640,9870,8920,8530,22230,16010,29390,28910,28420,12950,9900,11210,8510,7410,7340,21320,9360,29440
2018_10,21時,30560,25840,11400,10180,11070,8460,7720,7550,24110,11730,23780,25830,25120,11940,8960,9950,7320,6600,6150,22530,7520,23760
2018_10,22時,25860,22090,9580,8260,9650,6940,6700,6810,25030,8770,17410,22640,22130,10290,7910,8730,6250,5890,5670,23170,6160,18360
2018_10,23時,20910,19550,7580,6540,8100,5670,6010,6550,25180,6340,12180,18810,18770,8160,6400,7310,5170,5370,5150,23340,5090,12090
2018_10,24時,16860,16320,5570,5310,6830,4790,5200,5470,25270,4370,6810,15570,16230,6130,5110,6140,4600,4630,5180,24150,3840,6830
2018_10,25時,16720,16280,5400,5320,6830,4750,5260,5430,25470,4280,6530,15540,16230,6090,5100,6150,4560,4710,5140,24390,3860,6600
2018_10,26時,16370,15970,5090,5230,6690,4690,5220,5410,25410,4180,6030,15020,15830,5590,4980,6020,4490,4700,5050,24290,3700,5940
2018_10,27時,16070,15700,4970,5090,6570,4580,5160,5370,25310,4120,5620,14800,15660,5450,4900,5980,4420,4700,5010,24290,3720,5540
2018_10,28時,15930,15420,4820,4950,6470,4480,5200,5420,25120,4110,5410,14710,15290,5230,4760,5960,4370,4680,4980,24270,3690,5120
2018_11,5時,16200,15560,4440,5100,6610,4890,5400,5310,25950,3620,4750,15930,15860,5010,5380,6180,4490,5230,5470,24000,2970,6950
2018_11,6時,17540,15900,4460,5240,7020,5370,5960,5370,24420,4750,6820,16040,15530,4700,5120,6320,4560,5470,5400,22800,3430,7460
2018_11,7時,23020,18430,5390,6610,8930,7010,7340,6170,22670,10110,11320,17310,16780,5100,5440,6840,5130,5980,5590,21900,4700,9610
2018_11,8時,32690,27710,8680,10390,13110,10670,9760,7760,18780,28810,15950,20140,20600,6190,6880,8350,5930,6940,6440,20810,8600,13670
2018_11,9時,35850,34880,10100,12040,14830,12250,11650,9850,15770,35410,21960,23250,25090,7160,8190,9820,7290,8230,7620,19070,10810,20410
2018_11,10時,37420,38760,10850,13180,15530,12680,12730,11190,14420,36830,27160,27200,30780,9080,9880,11470,8770,9600,9160,18140,12450,29160
2018_11,11時,38730,41860,11220,14120,15950,13070,13490,12710,13450,37330,31930,30210,35630,10730,11180,12640,9740,10500,11020,17070,13480,37020
2018_11,12時,39660,44220,11850,14590,16190,13510,13990,13730,13320,38060,34530,32590,39310,12370,12270,13510,10380,11120,12240,16580,14540,42470
2018_11,13時,40220,45050,12730,14730,16310,13640,13980,13860,13340,38050,35910,34300,40630,12750,13330,14100,10630,11330,12770,16230,14990,45450
2018_11,14時,40210,45020,13430,14430,16330,13480,13820,13720,13300,37630,36300,34450,39830,13220,13210,14480,10690,11180,11490,15350,14860,45680
2018_11,15時,40150,43730,13520,14200,16150,13590,13530,12870,13670,37550,34730,33620,39330,13720,13170,14070,10500,10610,10860,15620,14790,44110
2018_11,16時,39990,41550,13540,14000,16100,13720,12930,11230,14380,37450,31880,33460,37810,13660,12690,13970,10060,10420,10460,16430,14560,42060
2018_11,17時,40060,40350,13800,13670,15940,13400,12930,10650,15360,35780,31460,33390,36580,13640,12250,13930,9890,10000,10240,17830,13620,40350
2018_11,18時,39210,37650,14170,13370,15140,12490,11760,9910,17320,27750,33960,32850,34930,13800,11950,13650,9490,9200,9680,19020,11830,38740
2018_11,19時,37280,33930,13840,12770,14040,11230,10310,9010,19480,20360,33570,31730,33040,13930,11460,12970,8950,8600,8840,20130,10210,36300
2018_11,20時,34440,29870,12570,12140,12850,10120,8920,7700,21720,15430,29380,29290,28980,12630,10800,11400,8140,7540,7740,21270,8400,30580
2018_11,21時,30180,25960,10960,10460,11160,8640,7830,7060,23460,11060,23880,25880,25610,10860,9780,9960,7110,6800,6950,22430,6350,24780
2018_11,22時,25510,21990,9190,8690,9540,6910,6750,6390,24300,8060,17450,23090,22600,9810,8550,8680,6060,6020,6550,23090,5160,19510
2018_11,23時,20790,19160,7420,6980,7930,5610,5980,6010,24570,5720,12010,19480,19630,8020,6910,7430,5190,5460,6070,23310,3990,13890
2018_11,24時,16690,16180,5580,5640,6540,4810,4980,5300,24720,3570,7000,15720,15840,5270,5460,6140,4430,4760,5490,23240,2820,7530
2018_11,25時,16620,16010,5360,5710,6550,4750,4980,5250,25060,3420,6560,15630,16040,5300,5520,6140,4400,4740,5540,23720,2720,7270
2018_11,26時,16230,15670,5080,5460,6420,4670,5020,5220,25140,3290,5880,15050,15850,5060,5330,5970,4340,4700,5490,23770,2580,6580
2018_11,27時,15770,15290,4790,5300,6250,4590,5000,5120,24990,3250,5240,14660,15370,4790,5060,5860,4260,4680,5370,23680,2560,5840
2018_11,28時,15510,14950,4570,5120,6170,4470,5050,5060,24750,3250,4890,14510,15170,4680,4880,5810,4270,4670,5350,23610,2580,5530
2018_12,5時,16560,15550,4760,5270,6790,5130,5190,4950,25390,3370,5860,16340,15410,5040,5500,6240,4920,5000,5040,23630,2990,7470
2018_12,6時,17700,16110,4820,5460,7060,5590,5680,5190,24220,4600,7550,16610,15420,5060,5350,6480,4990,5210,4910,22390,3600,8320
2018_12,7時,22650,18020,5770,6510,8620,7000,6840,5910,22390,9610,11250,17870,16580,5020,5760,6980,5590,5700,5390,21580,4940,10290
2018_12,8時,31530,27340,9330,10090,12480,10500,9060,7380,18900,26710,16300,20530,19590,5930,6990,8250,6400,6520,6030,20390,7900,14180
2018_12,9時,34170,33400,10110,11860,13960,11900,10820,8910,15750,32390,21900,23530,24210,6670,8610,10010,7810,7800,6820,19040,10100,20870
2018_12,10時,35530,37640,10820,12690,14860,12260,11800,10730,14430,33440,27580,27330,29590,8690,10160,11600,8940,9220,8310,18040,11860,29230
2018_12,11時,37460,41130,11430,13580,15640,12860,12700,12360,13640,34290,32950,30890,34580,10040,11930,13130,9980,9900,10470,16950,13030,37700
2018_12,12時,38770,43810,12250,14170,16050,13220,13350,13540,13320,35300,36200,32140,38000,11150,12640,14040,10610,10420,11260,16240,13700,42330
2018_12,13時,39150,45310,12870,14570,15960,13430,13610,14010,13170,35440,38060,33260,39160,11980,12890,14710,10800,10680,11340,15840,14010,44610
2018_12,14時,39290,45260,13260,14750,15920,13420,13490,13680,13200,35020,38540,34230,39250,12420,13210,14820,10930,10620,11460,15680,14110,45620
2018_12,15時,39270,43870,13580,14190,15730,13380,13220,13010,13340,34890,37180,34160,38180,13290,13060,14300,10760,10150,10780,15460,13670,45050
2018_12,16時,40120,42510,14560,14090,15930,13320,12860,11840,14020,34920,36030,34830,37580,13870,12890,14510,10630,9710,10780,16420,13570,44380
2018_12,17時,40180,39650,14010,13760,15660,13300,12560,10520,15330,32680,34180,36110,36150,13990,12670,14780,10690,9780,10320,17450,12640,44160
2018_12,18時,40640,36640,14090,13950,15440,12680,11550,9560,16980,25910,36780,37000,34050,14510,12880,14790,10350,9130,9370,18410,11300,43350
2018_12,19時,39470,33590,13900,13770,14850,11740,10270,8520,18960,19330,37170,35180,31210,14220,12180,13650,9720,8310,8290,19140,9660,39640
2018_12,20時,37270,29610,13020,12810,13770,10500,9140,7620,20880,14940,33470,32780,28410,13630,11410,12350,8790,7470,7520,20020,8240,35000
2018_12,21時,32870,25870,11680,11420,12070,8760,7920,6880,22590,10910,27700,29990,25310,12800,10440,11090,7710,6820,6420,21630,6650,29180
2018_12,22時,27460,21970,9550,9320,10200,7360,6740,6230,23700,7990,20200,26090,22180,10710,9080,9660,6690,6050,6060,22710,5490,22350
2018_12,23時,22000,19170,7810,7410,8420,6000,5790,5720,23970,5670,13960,21460,19070,9040,7270,7930,5540,5340,5380,22660,4380,15770
2018_12,24時,17210,15440,5320,5720,6710,5160,4880,4840,24150,3350,7510,16880,15890,6190,5670,6320,4670,4670,5230,23330,2830,8800
2018_12,25時,17080,15520,5260,5870,6730,5110,4850,4760,24500,3210,7250,16940,16040,6200,5810,6380,4660,4720,5190,23630,2780,8780
2018_12,26時,16490,15160,4920,5650,6530,5000,4800,4730,24430,3150,6460,16220,15580,5700,5550,6210,4560,4630,5120,23520,2720,7770
2018_12,27時,16050,14880,4650,5470,6390,4890,4830,4680,24270,3080,5960,15850,15440,5580,5350,6100,4510,4610,5130,23360,2660,7490
2018_12,28時,15760,14630,4470,5290,6270,4800,4840,4700,24010,3060,5700,15490,15060,5400,5160,5930,4420,4590,5040,23210,2640,6930
2019_01,5時,14600,13450,3770,4790,5930,4750,4610,4170,23150,3120,4350,14550,14320,5140,5070,5720,4300,4350,4270,21350,2560,7050
2019_01,6時,15820,13730,3930,5010,6300,5150,5000,4150,22000,4240,5840,14890,13680,5020,4930,5810,4390,4310,4100,20390,3210,7140
2019_01,7時,20290,15490,4970,6050,7540,6460,5960,4780,20330,8110,9870,16140,14740,5070,5270,6510,4790,4840,4380,19660,4140,9140
2019_01,8時,28700,23450,8060,9330,11170,9680,7980,5920,17020,23370,14700,18640,17640,5870,6360,7820,5710,5620,4880,18640,6670,13070
2019_01,9時,30780,28950,8800,10800,12540,10610,9520,7430,14370,28100,19630,21330,20790,7050,7380,8800,6760,6400,5710,17700,8600,17880
2019_01,10時,32490,32760,9590,11950,13360,10990,10500,8830,13440,28890,25150,24260,24580,7980,8510,10390,7760,7430,6770,16790,9640,24340
2019_01,11時,33950,35430,10050,12620,13970,11590,11230,9910,12570,29710,29280,27010,28830,9480,9920,11670,8660,8040,8040,15390,10250,32040
2019_01,12時,35370,37820,10750,13180,14510,12180,11740,10820,12330,30280,32780,28810,31630,9700,10800,12540,9350,9080,8950,14750,11000,36440
2019_01,13時,36150,38840,11170,13440,14730,12430,11810,11390,12090,30330,34670,30040,32900,10230,11320,13070,9550,9590,9160,14330,11330,39050
2019_01,14時,36430,39090,11350,13520,14860,12490,11860,11420,12070,30040,35520,30650,33170,11050,11230,13170,9600,9500,9250,14250,11340,39930
2019_01,15時,36400,38130,11610,13250,14580,12510,11640,10910,12290,29910,34490,30160,33010,11650,11030,12950,9600,9210,8720,14740,11090,39140
2019_01,16時,36240,36240,11750,13110,14690,12380,11150,9380,12940,29910,31900,29760,31930,11650,10840,12720,9610,8810,8050,14970,10830,37670
2019_01,17時,36500,34060,12010,12600,14440,11990,10880,8620,14160,28260,30490,30110,31000,12210,10880,12790,9400,8430,7380,16130,10390,36410
2019_01,18時,35600,30280,11990,11940,13590,10850,9860,7630,15790,22320,30120,30110,28860,12610,10370,12260,8850,7740,7140,17050,9250,34570
2019_01,19時,33340,26650,11550,10910,12480,9760,8270,7000,17640,16000,28690,28470,26370,12210,9820,11170,8150,6830,6630,17750,7720,31270
2019_01,20時,30460,23390,10210,9950,11520,8660,7260,6230,19570,11960,24670,26330,23570,11540,8920,10180,7450,6080,5720,18630,6540,26690
2019_01,21時,26550,20180,9040,8540,10150,7410,6350,5220,21080,8570,19480,23670,20440,10110,7930,9140,6600,5340,4980,19600,5320,21230
2019_01,22時,22610,17820,7400,7570,8710,6270,5600,4860,21980,6130,14710,20800,17790,8700,7040,7870,5560,4750,4660,20290,4390,16090
2019_01,23時,18400,15830,6030,6170,7180,5210,5030,4590,22110,4560,9940,17270,15090,6810,5920,6550,4710,4250,4090,20230,3410,10870
2019_01,24時,15160,13670,4510,5120,6000,4550,4330,4310,22610,2970,5590,14150,13350,5010,4740,5530,4220,3880,4110,21160,2490,6020
2019_01,25時,15100,13790,4490,5190,6010,4540,4320,4320,22920,2940,5400,14070,13560,4860,4940,5560,4190,3900,4160,21490,2490,5850
2019_01,26時,14680,13560,4280,5010,5910,4460,4350,4220,22860,2870,4890,13700,13400,4740,4780,5470,4130,3860,4110,21460,2440,5380
2019_01,27時,14400,13320,4130,4900,5800,4380,4350,4140,22720,2830,4550,13370,13350,4570,4710,5390,4090,3840,4110,21430,2400,5090
2019_01,28時,14100,13060,3910,4810,5660,4320,4400,4050,22490,2830,4210,13100,13120,4440,4580,5290,4020,3840,4030,21200,2370,4830
2019_02,5時,15390,14280,4210,5290,6120,4620,4920,4480,24210,2780,4830,15050,14090,4800,5140,5950,4200,4570,4460,22520,2300,5970
2019_02,6時,16660,14620,4230,5240,6560,5270,5400,4570,23130,4070,6240,15240,13820,4550,5000,6010,4350,4670,4470,21300,2710,6690
2019_02,7時,21990,16110,5310,6320,8220,6770,6650,4820,21430,8860,10030,16510,14580,4540,5420,6510,5060,5140,4410,20480,3920,8330
2019_02,8時,30790,24960,8430,9850,12360,10200,8670,6210,18000,25450,14930,18970,17940,5680,6420,8090,5960,5890,4850,19860,6730,12090
2019_02,9時,32970,30920,9090,11630,13890,11310,10310,7640,14910,31280,19780,22310,22200,6990,7840,9400,7230,7140,5890,18380,9120,18790
2019_02,10時,34700,34400,9760,12650,14600,11650,11370,9050,13710,32300,25080,24720,26920,8570,9060,10710,8060,7990,7230,17220,10290,25770
2019_02,11時,36100,37540,10490,13330,15070,12160,12140,10430,12970,33310,29310,27430,31800,10700,10270,11850,9000,8870,8520,16660,11440,32760
2019_02,12時,37040,39770,11170,13650,15570,12600,12450,11340,12660,34030,32020,29060,35100,11680,11040,12610,9760,9680,9380,15990,11830,37800
2019_02,13時,37360,40360,11500,13630,15900,12840,12410,11420,12490,33960,33150,29700,36290,11950,11200,13160,9970,9790,9890,15530,11800,40040
2019_02,14時,37600,40150,12020,13700,15870,12840,12430,10880,12270,33400,33880,30660,35280,12010,11080,13450,9960,9750,9680,15140,11800,40380
2019_02,15時,37480,39250,12320,13500,15590,12590,12110,10610,12430,33260,32800,30500,35250,12430,11220,13000,9830,9510,9740,15230,11690,40250
2019_02,16時,37220,38250,12490,13340,15710,12520,11790,9600,13070,33010,31230,30360,34050,13060,11130,12680,9800,8960,8750,15730,11390,38690
2019_02,17時,37160,36230,12600,12930,15300,12180,11530,8830,14100,30890,30240,29830,32190,12320,10810,12510,9690,8730,7930,16620,10690,36170
2019_02,18時,36330,32910,12390,12960,14140,11390,10320,8030,15870,24530,30750,28780,30070,12250,10300,11890,8960,7980,7440,17450,9220,33650
2019_02,19時,34680,29740,12310,12140,13240,10210,8980,7510,18000,17610,30770,27520,27480,12160,9670,11040,8250,7160,6690,18430,7670,30450
2019_02,20時,32080,26090,11340,11250,12220,9110,7690,6540,20200,13400,26570,25240,25090,11430,9030,10080,7310,6470,5980,19430,6550,25960
2019_02,21時,28390,22990,10330,9860,10760,7730,6760,5920,22050,9530,21800,22750,21530,10090,8070,8860,6290,5650,5290,20440,4940,20530
2019_02,22時,23850,19560,8280,8310,9210,6360,5920,5310,22840,6680,15930,20670,19090,8760,7130,7920,5600,5320,5000,21230,4060,16180
2019_02,23時,18950,16860,6520,6550,7330,5200,5220,4980,23030,4350,10460,17740,16030,7020,5870,6720,4830,4870,4450,21390,2910,11170
2019_02,24時,15510,14370,4830,5400,6130,4470,4510,4520,23500,2470,5890,14960,14060,5080,5030,5880,4280,4410,4320,22250,2240,6270
2019_02,25時,15670,14450,4900,5550,6200,4470,4510,4460,23850,2470,5810,14930,14150,5000,5140,5920,4240,4380,4370,22550,2210,6070
2019_02,26時,15290,14240,4750,5470,6040,4390,4490,4380,23840,2420,5290,14560,14010,4940,5020,5730,4200,4370,4280,22570,2190,5560
2019_02,27時,14930,14090,4610,5350,5890,4280,4530,4330,23790,2380,4880,14360,13870,4900,4930,5620,4120,4360,4290,22520,2150,5330
2019_02,28時,14710,13800,4370,5270,5770,4220,4540,4330,23500,2370,4670,14030,13600,4690,4790,5550,4060,4380,4140,22260,2100,5030
2019_03,5時,15490,14980,4660,5080,6100,4740,5030,4840,24710,2870,4960,14890,14640,5020,4930,5740,4470,4540,4820,22700,2290,6230
2019_03,6時,16910,15200,4550,5130,6570,5300,5480,5070,23470,3940,6780,14970,14250,4660,4710,5850,4660,4540,4780,21560,2790,6570
2019_03,7時,21840,17020,5400,6390,8200,6650,6600,5600,21930,8570,10530,16330,14960,4420,5170,6410,5220,5040,5000,20900,3900,8140
2019_03,8時,30050,24970,7650,9970,12070,10120,8370,6820,17840,24950,14650,19430,18170,5410,6570,8090,6100,5770,5650,19720,7060,12480
2019_03,9時,32070,31160,8760,11330,13490,11040,9990,8600,15240,31200,18780,22260,22790,7050,7660,9810,7210,6940,6350,18170,9550,18930
2019_03,10時,33500,34900,9090,12530,14270,11540,11060,9890,13510,32410,24280,25230,27430,8430,9090,11400,8180,7940,7600,16990,10860,26320
2019_03,11時,35500,37750,10030,13350,14940,12110,11960,10830,12560,33130,29300,27940,31720,9790,10040,12790,9080,9000,8950,15780,11960,33420
2019_03,12時,36120,39250,10110,13490,15650,12630,12110,11370,12300,33460,31330,29750,34460,10980,10740,13440,9910,9420,9700,15060,12530,38030
2019_03,13時,36600,40020,10990,13400,15870,12810,12060,11450,12290,33390,32660,30700,35820,12090,11260,13850,10020,9390,9900,14580,12390,40900
2019_03,14時,36560,40320,11400,13510,15820,12760,11970,11400,12230,32810,33550,30600,35830,12080,11420,13980,10000,9440,9500,14360,12400,41030
2019_03,15時,36620,39880,11770,13450,15660,12780,11790,11030,12560,32660,33000,30300,35240,12130,11210,13650,9920,9380,9240,14440,12250,40150
2019_03,16時,36460,38910,12110,13010,15490,12620,11540,10600,13020,32510,31600,30910,34310,13010,11270,13470,9770,8800,8880,15140,12150,39320
2019_03,17時,36860,37000,12260,12840,15180,12310,11460,9790,14100,30810,30770,31620,33040,13080,11430,13300,9690,8620,8530,16260,11410,38410
2019_03,18時,36850,34130,12730,12540,14580,11630,10530,8950,15800,24580,32470,30860,31320,12860,11320,12750,9270,8080,7880,17360,10160,36140
2019_03,19時,35680,31250,13090,11840,14010,10560,9220,8190,17890,18590,32360,29510,29300,13030,10840,11920,8520,7440,7040,18570,8420,33380
2019_03,20時,33430,27370,12010,11070,12870,9440,8090,7300,19950,14060,28690,27090,25640,11800,9830,10680,7620,6540,6230,19560,6990,27800
2019_03,21時,29060,24020,10540,9630,11150,8020,7100,6630,21610,10330,23070,24150,22350,10520,8740,9310,6680,5710,5530,20470,5670,22000
2019_03,22時,24710,20650,9150,8080,9380,6640,6190,5910,22820,7190,17300,20940,19250,8780,7440,7870,5810,5170,5110,21240,4590,16050
2019_03,23時,20100,17800,7590,6390,7580,5480,5480,5360,22990,4890,11950,17520,16430,6880,6010,6580,5000,4760,4710,21340,3460,10850
2019_03,24時,16030,14850,5310,5080,6180,4640,4710,4950,23570,2770,6440,14630,14070,5100,4890,5540,4340,4300,4500,22140,2310,5940
2019_03,25時,16100,14910,5320,5210,6160,4650,4680,4960,24020,2690,6200,14710,14190,5160,4990,5580,4300,4300,4550,22530,2270,5790
2019_03,26時,15600,14770,5160,5040,5990,4570,4700,4890,24000,2620,5660,14420,14030,5000,4900,5480,4260,4290,4500,22500,2220,5430
2019_03,27時,15240,14530,4970,4910,5890,4470,4720,4790,23890,2570,5210,14070,13890,4880,4800,5390,4180,4240,4440,22420,2210,5030
2019_03,28時,14840,14400,4800,4790,5790,4370,4700,4770,23750,2540,4860,13940,13660,4800,4700,5330,4130,4250,4360,22270,2200,4830
2019_04,5時,14710,15410,5710,4510,5750,4750,4690,4690,24710,3090,4540,14530,15400,6460,5170,5350,4240,4300,4370,22560,2420,6750
2019_04,6時,16380,15590,5920,4500,6250,5390,5140,4750,23490,4150,6420,15290,14940,6690,4850,5510,4450,4460,4240,21600,3070,7290
2019_04,7時,22230,18120,6920,5840,8270,6890,6650,5750,22040,9240,11310,16700,16250,6710,5280,6030,4930,5070,4900,20820,4230,9580
2019_04,8時,30760,26950,9840,9200,12600,9760,9120,7160,17860,26900,15630,20070,19530,7890,6540,7840,5790,6010,5500,19810,7690,13830
2019_04,9時,33610,32050,11030,10610,14350,10670,10420,8570,15000,32720,19940,22660,23330,8790,7420,9320,6890,7160,6390,18090,9790,19760
2019_04,10時,34750,34680,11150,11510,14940,10940,11080,9790,13170,33340,24720,25910,27450,9960,9080,10630,7890,8240,7530,16780,10980,26970
2019_04,11時,36370,37280,12080,12250,15540,11360,11750,10660,12600,34150,28670,28700,31940,11960,10260,12030,8940,9000,8430,15640,11980,34380
2019_04,12時,37520,38610,12640,12590,16100,11920,12230,10640,12140,34850,30870,30420,33570,12090,11130,12990,9290,9540,8930,14980,12560,37720
2019_04,13時,37640,38790,12930,12480,16270,12120,12120,10510,12200,34590,31420,31080,35530,12760,11520,13630,9430,9930,9330,14710,12480,40660
2019_04,14時,37600,39230,13500,12480,16340,11990,12130,10350,11970,34120,32440,31400,35970,13140,11780,13850,9520,9800,9260,14460,12510,41660
2019_04,15時,37490,38660,13820,12560,15930,11990,11720,10110,12010,34190,31670,30430,34750,12870,11920,13320,9300,9240,8510,14380,12490,39680
2019_04,16時,37820,37320,14140,12550,15740,11950,11430,9310,12700,34290,29950,30670,33770,13550,11540,13010,9250,9040,8020,14790,12400,38640
2019_04,17時,38240,35730,14410,12150,15430,11650,11210,9100,13630,32350,29800,30530,32970,13560,11530,12760,9140,8750,7750,15640,11730,37610
2019_04,18時,37680,32510,13660,12350,14790,11140,10240,8000,15300,25540,31320,30120,31340,13800,11820,12310,8680,7920,6910,16550,10400,35970
2019_04,19時,35520,30060,13360,11860,13710,10410,8830,7390,17710,18690,31210,28240,28590,13170,11010,11260,7930,7050,6390,17700,8390,32300
2019_04,20時,32310,26850,12050,11040,12360,9470,7710,6510,20010,14100,27060,26150,25870,12330,9870,10230,7230,6340,6000,19020,6970,27710
2019_04,21時,27980,23970,10920,9620,10860,7920,6690,5920,21860,10250,21870,23550,23090,11090,8960,9090,6510,5510,5470,20470,5610,22280
2019_04,22時,23140,21390,9530,8050,9050,6540,5760,5580,23220,7300,16040,20780,20780,10080,7900,7810,5650,4920,5180,21410,4520,17360
2019_04,23時,18500,18550,7990,6320,7220,5330,5060,5120,23300,4900,10900,17180,17860,8160,6460,6540,4760,4500,4600,21560,3370,11870
2019_04,24時,14780,15490,6450,4780,5730,4480,4380,4430,23710,2920,5710,14020,15340,6670,5020,5260,4110,4130,4170,22010,2300,6790
2019_04,25時,14710,15500,6410,4870,5660,4470,4390,4390,24060,2830,5400,14040,15600,6800,5170,5290,4050,4120,4190,22300,2200,6890
2019_04,26時,14450,15200,6180,4710,5520,4440,4390,4380,24090,2750,4890,13640,15150,6560,5050,5120,3950,4090,4010,22200,2140,6200
2019_04,27時,14120,14900,5970,4570,5400,4360,4390,4310,23940,2710,4450,13340,14890,6390,4880,5010,3860,4080,3980,22180,2150,5650
2019_04,28時,14010,14750,5910,4480,5330,4340,4390,4300,23790,2710,4350,13150,14610,6140,4790,4950,3850,4090,3910,21960,2120,5430
2019_05,5時,15070,15330,5470,4400,5920,4730,4670,5180,24810,3040,4910,14210,14000,5250,4480,5470,4240,4370,4390,21510,2420,6120
2019_05,6時,16990,15820,5780,4700,6310,5490,5210,5300,23570,4240,7320,14270,13690,5070,4370,5450,4360,4410,4270,20520,2690,6540
2019_05,7時,23490,18680,6540,6460,8610,7210,7020,6310,22100,9470,13020,15840,14940,5280,4780,5970,4860,4910,4960,20000,3620,8920
2019_05,8時,31900,27280,9300,9450,13300,10440,9320,7360,17990,26720,17270,18600,17910,5820,5880,7650,5680,5770,5700,19170,6680,12490
2019_05,9時,34490,32710,10680,10840,14940,11160,10490,9070,15080,32800,21570,21120,21700,6770,6830,9020,6680,6940,6590,17650,8460,18320
2019_05,10時,35400,35840,10580,11940,15520,11560,11140,10490,13140,33740,26480,24580,25370,8080,8480,10600,7460,7770,7540,16440,9560,25490
2019_05,11時,36660,38830,11570,12470,16180,11970,11890,11390,12580,34850,30200,26910,29200,8910,10010,11700,8280,8520,8670,15250,10510,31850
2019_05,12時,37830,39910,11970,12820,16880,12420,12100,11530,12330,35280,32200,28560,31930,10390,10730,12490,8910,8960,8980,14560,11000,36390
2019_05,13時,37850,40150,12210,12900,16950,12420,12250,11260,12130,35210,32610,29390,32210,11110,10980,12720,9030,9090,8640,14200,11010,37840
2019_05,14時,38000,40300,12630,12840,16860,12280,12340,11330,12200,34910,33170,29700,32920,11560,11280,12810,9010,9100,8850,13980,10820,39260
2019_05,15時,37530,39620,12600,12660,16490,12120,12010,11240,12530,34520,32090,29620,32200,11910,11000,12550,9040,8810,8490,14260,10640,38400
2019_05,16時,37780,37880,12840,12540,16290,12040,11470,10460,12880,34150,30530,29540,30840,12020,10520,12330,9050,8510,7930,15100,10610,36210
2019_05,17時,37950,35440,12830,12140,15730,11800,11120,9750,13800,32160,29380,29850,30020,12420,10290,12320,8930,8150,7740,15720,9850,35820
2019_05,18時,37540,32640,12640,12350,14900,11310,10290,8680,15720,25390,31040,29600,29020,12650,10330,11990,8640,7690,7300,16610,8820,34760
2019_05,19時,35780,29570,12190,11840,13890,10580,9040,7790,18070,18640,30720,27620,26650,11900,9990,11100,7940,6800,6510,17610,7180,31130
2019_05,20時,32330,26530,11410,11040,12270,9310,7830,6980,20090,13960,27030,25420,23670,11170,9070,9860,7130,6060,5780,18570,6020,26200
2019_05,21時,28070,23250,10390,9490,10630,7780,6670,6330,21800,10300,21490,22710,21590,10500,8160,8590,6240,5440,5350,19800,4990,21280
2019_05,22時,23590,20280,9020,8100,8670,6560,5680,5820,22900,7420,15840,20060,18740,9280,6950,7330,5450,4840,4940,20500,4160,15970
2019_05,23時,19160,17590,7430,6350,7020,5470,5050,5410,23120,5260,10650,16440,16030,7070,5670,6210,4640,4380,4500,20620,3190,10470
2019_05,24時,15350,15040,5860,4720,5820,4680,4500,4790,23680,3030,5880,13710,14030,5520,4530,5190,4140,4020,4320,21180,2270,6070
2019_05,25時,15280,15030,5760,4710,5830,4680,4530,4780,23990,2910,5640,13640,14130,5490,4630,5200,4130,3960,4340,21500,2190,5880
2019_05,26時,14860,14790,5590,4540,5740,4590,4480,4700,24040,2860,4980,13330,13870,5300,4430,5120,4080,3950,4300,21520,2180,5310
2019_05,27時,14590,14600,5450,4420,5590,4530,4460,4720,23970,2830,4620,13130,13700,5210,4320,5000,4050,3940,4290,21470,2160,5020
2019_05,28時,14380,14480,5350,4310,5530,4430,4480,4760,23820,2810,4450,12990,13640,5100,4330,4970,4030,3930,4240,21340,2160,4970
2019_06,5時,14650,15290,5580,4500,5730,4720,4680,4720,24820,3750,4220,15220,15150,6290,4950,5800,4460,4450,4400,23150,3260,6490
2019_06,6時,16850,16010,6050,4810,6140,5500,5390,4940,23690,5040,6940,15340,15200,6260,4840,5730,4670,4680,4330,22330,3530,7140
2019_06,7時,22980,18810,7050,6250,8430,7030,7080,5930,22200,9890,12560,16720,16420,6140,5160,6360,5180,5350,4940,21740,4590,9260
2019_06,8時,31860,27030,9340,9840,13000,10030,9280,7390,18480,26480,17130,19540,19670,6810,5960,7930,6130,6400,5970,20570,7310,13730
2019_06,9時,34580,32350,10310,11310,14670,10920,10500,9210,15290,32040,22220,23000,24240,8110,7430,9570,7200,7770,7150,19430,9350,20820
2019_06,10時,35940,36230,10510,12560,15350,11400,11430,10900,13700,33440,27620,26180,28410,9120,9370,11010,8190,8560,8330,18030,10510,28210
2019_06,11時,37170,39050,11310,13400,15890,11860,12050,11690,12760,34090,31840,28160,32670,10530,10470,12080,9080,9320,9330,16380,11390,35130
2019_06,12時,37780,40300,12180,13530,16150,12260,12350,11610,12490,34460,33490,30680,36320,12360,11390,12940,9730,10020,10540,16020,12020,41040
2019_06,13時,37500,40660,12670,13350,16030,12240,12500,11350,12290,34330,33860,31630,37890,13070,12110,13490,10040,10090,10710,15510,12150,43930
2019_06,14時,37470,40640,13160,13140,16010,12190,12360,11240,12380,34160,33920,32130,37980,13440,12350,13700,10130,9970,10490,15400,12210,44520
2019_06,15時,37420,40390,13370,13190,15810,12040,12220,11160,12590,33920,33690,31850,37360,13090,12530,13600,9950,9700,10330,15420,11980,43780
2019_06,16時,37260,38770,13190,12970,15700,11930,11950,10280,12890,33630,31880,31580,35790,13570,11640,13270,9750,9560,9560,15730,11620,41970
2019_06,17時,38110,36440,13470,12860,15310,11820,11600,9480,13770,32050,31030,32230,34260,14370,11920,12790,9290,9300,8800,16800,11190,40550
2019_06,18時,38020,33540,13440,13000,14640,11490,10530,8440,15550,25540,32920,31580,32170,13950,11780,12160,8880,8960,8000,17580,10170,38170
2019_06,19時,36230,30600,13500,12330,13550,10650,9250,7540,17830,18920,32690,29860,29840,13540,11190,11420,8480,8000,7050,18320,8730,34940
2019_06,20時,32750,26910,12110,11240,12170,9380,8030,6690,19810,13980,28510,28120,27060,13280,10420,10230,7810,6910,6520,19230,7400,30870
2019_06,21時,27840,23230,10600,9590,10310,7870,6760,5910,21320,10190,22260,25370,23670,12400,9350,8990,6710,5990,5580,20570,6000,24890
2019_06,22時,22960,20310,9040,7970,8640,6550,5770,5290,22490,7400,16100,22160,20020,10350,8090,7790,5810,5150,4970,21300,5240,18130
2019_06,23時,18490,17260,6990,6380,6970,5390,5070,4920,22700,5250,10490,18030,16670,7910,6360,6420,4930,4560,4510,21510,3930,11760
2019_06,24時,14870,14920,5690,4960,5690,4670,4480,4270,23390,3440,5600,14670,14460,6200,4700,5630,4330,4140,4110,22130,3170,6300
2019_06,25時,14870,15020,5860,4960,5630,4690,4460,4270,23780,3410,5390,14460,14620,6080,4740,5660,4270,4160,4140,22540,3010,6020
2019_06,26時,14420,14790,5650,4820,5510,4570,4420,4220,23760,3310,4830,14200,14290,5820,4700,5470,4190,4130,4170,22450,2970,5570
2019_06,27時,14130,14610,5580,4740,5370,4430,4430,4170,23710,3270,4460,13900,14150,5810,4510,5360,4120,4130,4110,22500,2950,5090
2019_06,28時,13900,14530,5530,4650,5300,4350,4400,4190,23620,3230,4270,13590,14030,5690,4410,5270,4080,4070,4060,22370,2940,4810
2019_07,5時,14420,14540,5240,4420,5930,4680,4240,4430,23980,4060,4120,15010,14800,6250,5010,5770,4480,4140,4150,22230,3390,6870
2019_07,6時,16970,15120,5720,4690,6570,5490,4890,4710,22930,5370,6880,15700,14820,6160,5190,6030,4770,4290,4060,21520,3930,7660
2019_07,7時,23020,17440,6380,6270,8700,7150,6490,5460,21320,10100,12250,17110,15670,5970,5560,6980,5170,4590,4490,20740,4950,9620
2019_07,8時,31530,25590,8600,10010,13230,10100,8590,6560,17940,25840,16910,20350,18650,6820,6720,8390,6080,5590,5390,20060,7680,13860
2019_07,9時,34580,30550,10010,11640,14770,11060,9780,7860,14470,31980,21530,23340,22810,8390,7990,9900,7010,6860,5980,18320,10000,20180
2019_07,10時,36020,34350,10590,12680,15390,11590,10690,9420,12990,32980,27120,26830,26930,9340,9690,11350,8040,8140,7180,17100,11070,27800
2019_07,11時,37470,36880,11180,13280,16010,11920,11340,10610,12260,33560,31180,29320,31870,10610,11360,12720,9070,8980,8430,16310,11990,35070
2019_07,12時,38120,38620,12100,13400,16420,12320,11670,10810,12100,33770,33460,31400,34670,12150,11690,13750,9630,9380,9440,15620,12620,39950
2019_07,13時,38250,38650,12280,13470,16470,12490,11720,10450,12070,33640,33720,32140,36010,12820,12260,14030,9760,9560,9700,15500,12730,41990
2019_07,14時,38270,38720,13020,13610,16300,12240,11600,10200,12110,32980,34320,32810,35680,12740,12450,14090,9890,9560,9740,15220,12540,42740
2019_07,15時,38400,37840,13200,13670,16100,12110,11340,9810,12390,33190,33170,32480,34440,12700,12100,13810,9710,9180,9400,14910,12510,41480
2019_07,16時,38480,36380,12990,13630,15940,12020,11150,9120,12760,32890,31750,32850,33750,13240,12040,13770,9690,8860,8990,15360,12280,41020
2019_07,17時,39240,35130,13320,13530,15930,11910,11070,8590,13610,31590,31750,32640,32180,13280,11940,13490,9500,8740,7840,16250,11410,39250
2019_07,18時,38970,31790,12660,13310,15170,11770,10170,7670,15240,24580,33560,32070,30010,13440,11810,12600,9040,8020,7150,16870,10180,37200
2019_07,19時,37620,29170,13120,13060,13870,11020,8840,6860,17370,18610,33550,30450,27420,12850,11210,11710,8470,7170,6430,17530,8590,33920
2019_07,20時,34090,26490,12320,12200,12400,9670,7620,6350,19310,14200,29870,27760,24850,11730,10160,10600,7700,6440,5960,18660,7530,28710
2019_07,21時,29360,22900,10880,10390,10670,8140,6450,5710,20960,10440,23710,24770,21840,10580,8910,9450,6860,5450,5330,19840,6150,22980
2019_07,22時,24490,19410,9290,8590,8920,6690,5350,5030,22010,7860,16890,21670,18760,8830,7740,8170,5960,4790,4920,20660,5180,17080
2019_07,23時,19350,16620,7250,6810,7110,5570,4620,4580,22280,5850,10720,17450,16330,7060,6260,6660,5100,4320,4360,20710,4330,11250
2019_07,24時,15140,14170,5440,5050,5930,4640,4050,4190,22850,3930,5460,14510,14570,5990,5010,5780,4460,3800,4010,21470,3320,6860
2019_07,25時,15010,14090,5480,4950,5910,4580,4040,4120,23040,3740,5270,14450,14530,5930,5010,5740,4440,3790,4060,21690,3150,6730
2019_07,26時,14400,13750,5240,4710,5740,4490,3970,4000,22900,3600,4600,13940,14340,5670,4860,5620,4330,3780,4010,21610,3010,6220
2019_07,27時,14120,13550,5130,4560,5620,4390,3980,3970,22840,3570,4200,13590,14200,5570,4730,5460,4280,3800,3930,21620,3010,5770
2019_07,28時,13810,13560,5130,4450,5520,4320,3970,3970,22810,3530,3990,13420,14140,5590,4660,5360,4220,3800,3910,21550,3000,5600
2019_08,5時,14660,15420,6100,4520,5940,4500,4240,4770,24400,3630,4850,14810,15220,6280,4790,5830,4370,3980,4750,22980,2930,6450
2019_08,6時,16440,15840,6060,4820,6410,5200,4750,5030,23380,4940,6790,15350,14980,6110,4780,5940,4630,4230,4610,21980,3400,7260
2019_08,7時,21560,17800,6490,6120,8190,6650,6120,5780,21820,9410,10960,16550,16240,5980,5250,6570,5190,4760,5020,21260,4460,9340
2019_08,8時,28980,25560,8460,9850,12210,9300,7820,6870,18520,23440,15570,19910,18600,6840,6360,7990,6020,5500,5790,20210,7270,13330
2019_08,9時,31780,30560,9930,11500,13730,10100,9100,7960,15740,28770,20460,22970,23380,8590,8270,9270,6920,6620,6670,19260,9510,19850
2019_08,10時,33870,34170,10740,12610,14660,10590,9960,9460,14270,29770,26320,26640,28090,9550,10000,10890,8080,7790,8400,18110,10510,28170
2019_08,11時,35280,37030,11340,13310,15300,11190,10500,10660,13510,30710,30430,29010,31910,10840,11470,12070,8860,8510,9150,16830,11230,34770
2019_08,12時,36130,38400,12450,13390,15520,11410,10900,10850,13090,31390,32290,30830,34380,12170,12260,12990,9440,8840,9500,16070,11850,39130
2019_08,13時,36700,38860,12720,13830,15640,11580,11090,10680,13190,31250,33400,31700,34710,12900,12120,13320,9460,9110,9480,15760,11770,40700
2019_08,14時,37100,38790,13240,13900,15870,11480,11040,10340,13210,31130,33840,32280,34730,13540,12450,13520,9480,9110,8890,15500,11890,41470
2019_08,15時,37230,37770,13460,13720,15780,11340,10560,10130,13330,31000,32960,32170,33500,13490,12050,13370,9400,8770,8570,15510,11830,40180
2019_08,16時,37300,36790,13830,13420,15740,11350,10280,9450,13730,30780,31890,32150,32320,13710,11760,12900,9150,8450,8470,15850,11530,38910
2019_08,17時,37630,35310,13710,13350,15710,11120,10140,8880,14450,29220,31630,32160,31800,14020,11940,12340,8990,8600,8050,16560,11170,38190
2019_08,18時,37120,32350,13120,13090,14830,11020,9360,8030,15790,22780,33330,32330,30660,14060,12060,12230,8810,8270,7550,17440,10260,37390
2019_08,19時,35950,29420,13350,12350,13530,10410,8180,7530,17340,16680,33810,30740,28360,13790,11290,11520,8230,7360,6900,18190,8670,34350
2019_08,20時,33230,26800,12990,11450,12190,9410,7070,6900,19300,12840,30410,28480,26230,13810,10290,10560,7600,6510,5920,19140,7150,30550
2019_08,21時,28570,23080,11540,9720,10470,7740,6120,6060,20910,9390,23900,25380,23520,12670,8970,9310,6730,5640,5570,20230,5960,24880
2019_08,22時,23580,20080,9780,7950,8770,6420,5270,5440,21930,7120,17210,22780,20570,11290,8060,8030,5740,4990,5220,21150,5070,19400
2019_08,23時,18760,17310,7840,6150,7120,5290,4570,5070,22140,5200,11320,19080,17650,9060,6470,6830,4910,4470,4970,21470,4040,13490
2019_08,24時,15000,15100,6510,4740,5850,4420,3940,4610,23080,3540,6060,15070,15260,7060,5030,5720,4300,3890,4320,22190,2970,7430
2019_08,25時,14970,15070,6530,4670,5840,4380,3990,4590,23410,3450,5760,15150,15230,7110,5030,5690,4300,3870,4350,22510,2840,7300
2019_08,26時,14450,14730,6220,4540,5680,4290,3960,4470,23330,3300,5140,14660,15020,6930,4820,5530,4240,3840,4300,22520,2790,6640
2019_08,27時,14170,14610,6150,4460,5560,4180,3950,4460,23270,3290,4830,14190,14870,6660,4790,5360,4180,3820,4230,22360,2720,6220
2019_08,28時,13940,14460,6020,4410,5430,4170,3950,4410,23130,3250,4640,13950,14790,6630,4590,5290,4140,3790,4280,22270,2690,6040
2019_09,5時,15250,16550,6480,5220,6130,4700,4100,5150,26440,3770,4600,15620,15930,7670,5430,5500,4500,3870,4560,23940,2960,7140
2019_09,6時,17420,17310,6670,5510,6740,5540,4800,5460,25610,4960,7090,16060,16230,7470,5360,5740,4810,4250,4640,23340,3570,7870
2019_09,7時,23040,19610,7290,7130,8440,7270,6340,6160,23810,10370,11490,17330,17100,7400,5710,6330,5220,4740,5010,22680,4700,9460
2019_09,8時,31990,28360,10580,11080,12380,10240,8470,7590,19720,27600,16210,20800,19440,8360,6810,7860,6040,5520,5630,21910,7550,13240
2019_09,9時,35390,34140,12160,12800,14280,11220,9800,9250,16550,34410,21220,24380,24010,9940,8330,9520,6900,6550,7120,20430,10310,19950
2019_09,10時,37490,37990,13120,13750,15280,11610,10740,10970,14950,35650,27390,27150,28440,11260,9900,11070,7760,7660,7930,18670,11480,27670
2019_09,11時,38460,40450,13540,14140,15860,12000,11410,11960,14080,36490,30840,29460,32410,11960,11450,12490,8580,8480,8890,17280,12530,34220
2019_09,12時,39100,41770,14120,14580,16130,12180,11510,12330,13500,36960,32820,32010,35020,13390,12530,13200,9300,8920,9670,16980,13310,38820
2019_09,13時,39880,42250,14910,14850,16090,12340,11670,12250,13560,36960,34090,33210,36060,13820,13100,13720,9470,9080,10060,16560,13590,41230
2019_09,14時,40260,41710,15340,14750,15960,12260,11610,12020,13470,36550,34450,33910,36120,14610,13370,13780,9750,8820,9690,16330,13390,42450
2019_09,15時,39920,40740,15530,14660,15640,12100,11340,11360,13600,36680,32870,33590,35910,15170,13070,13570,9720,8770,9190,16380,13140,42080
2019_09,16時,39380,39940,15550,14580,15830,11900,11050,10400,14220,36180,31470,33200,35590,15290,12830,13360,9550,8700,9040,17020,12800,41070
2019_09,17時,39670,38640,15770,14480,15540,11660,10750,10100,15270,34200,31440,32770,34530,15120,12850,12960,9290,8270,8790,17670,12070,39690
2019_09,18時,39440,34860,14940,14100,14910,11460,9870,9000,17230,26370,33310,32240,32750,15280,12440,12630,8940,7750,7920,18570,10740,37860
2019_09,19時,38140,31210,14540,13070,14050,10890,8800,7990,19170,18920,33920,30790,30100,14870,11920,11810,8280,6870,7110,19500,9270,34390
2019_09,20時,34520,28530,13590,12260,12580,9760,7500,7360,21160,14020,30600,28210,26910,13680,10830,10670,7560,5880,6480,20450,7700,29300
2019_09,21時,29540,25030,12200,10710,10680,8170,6230,6560,22870,10040,24430,25500,23290,12560,9540,9240,6720,5150,5560,21690,6080,23460
2019_09,22時,24760,21820,10630,8870,8940,6890,5230,5990,24460,7540,17370,22590,20400,11340,8220,7770,5970,4570,5100,22710,4910,17800
2019_09,23時,19710,18880,8290,7200,7240,5590,4610,5640,24710,5510,11150,18840,17740,9290,6800,6520,5040,4160,4730,22820,3920,12280
2019_09,24時,15490,16320,6800,5470,5990,4690,3940,4890,24980,3690,5910,15130,15600,7330,5450,5500,4410,3540,4480,23490,3060,6610
2019_09,25時,15450,16340,6860,5510,5970,4630,3920,4890,25390,3600,5610,15000,15570,7250,5380,5450,4360,3540,4570,23680,2990,6370
2019_09,26時,15010,16000,6680,5260,5850,4520,3850,4830,25410,3500,4920,14580,15340,6890,5180,5380,4320,3560,4580,23670,2840,5880
2019_09,27時,14640,15780,6500,5200,5680,4430,3860,4740,25330,3440,4460,14260,15170,6720,5050,5310,4210,3560,4560,23590,2860,5440
2019_09,28時,14380,15670,6420,5140,5510,4390,3850,4710,25220,3420,4220,14150,15140,6670,5010,5210,4200,3580,4600,23640,2860,5260
2019_10,5時,15960,16610,6100,6040,6170,4750,4110,5370,27510,4030,4460,15730,16360,6860,6280,5680,4560,3730,4960,25260,3540,6310
2019_10,6時,17930,17380,6480,6250,6610,5670,4730,5550,26720,5260,6840,15890,16480,6610,6360,5760,4760,3920,4930,24790,4070,6600
2019_10,7時,23710,19560,7680,7630,8350,7390,6160,6040,24640,10240,11950,17160,17270,6630,6510,6300,5170,4500,5290,24180,4930,8350
2019_10,8時,33030,28620,11100,11710,12610,10570,7960,7690,20380,28290,16750,19900,19380,7260,7190,7760,5960,5010,6090,22920,7440,11980
2019_10,9時,35930,34290,12470,13190,14350,11470,9340,9390,17040,34870,21480,23060,22700,8860,8280,8960,6710,6010,6920,21680,9280,17760
2019_10,10時,37910,37600,13150,14280,15050,11790,10410,10800,15320,36130,27090,25780,26160,9930,9630,10160,7250,6900,8060,20190,9930,24690
2019_10,11時,39120,40140,13980,14650,15620,12150,11010,11840,14500,36410,31340,28030,29880,11120,11040,11200,8010,7690,8830,18900,10720,31010
2019_10,12時,40060,41470,14650,15010,16210,12420,11180,12030,14230,36980,33260,29930,33100,12490,12360,12240,8610,8130,9190,18520,11570,35570
2019_10,13時,40230,41350,14970,14960,16130,12470,11400,11640,14130,36900,33510,31260,33980,13360,12650,12830,8960,8270,9150,18180,11740,38010
2019_10,14時,40440,40900,15410,14950,15910,12430,11190,11440,14130,36340,33770,31280,34310,13670,12620,13050,9130,8000,9100,17780,11600,38830
2019_10,15時,40000,39930,15310,14970,15630,12230,10650,11130,14200,36170,32400,30820,34300,13980,12570,12670,9100,7720,9060,17660,11490,38510
2019_10,16時,39780,38890,15310,14850,15670,12010,10460,10360,14620,36210,30820,31340,33700,14440,12490,12390,9150,7650,8890,18190,11200,38260
2019_10,17時,40250,37100,15470,14720,15490,11840,10130,9690,15610,34270,30560,31520,32460,14630,12540,12080,8860,7570,8280,19130,10450,37050
2019_10,18時,40130,33900,14810,14400,14780,11490,9380,9150,17440,26650,33050,31160,29840,14430,12130,11410,8400,6900,7720,20050,9570,34180
2019_10,19時,38820,30540,14790,13730,13600,10870,8230,8130,19740,19310,33460,29620,27860,14240,11420,10520,7910,6090,7290,21050,8200,31070
2019_10,20時,35200,27440,13600,12780,12190,9720,7070,7280,21810,14190,29850,27650,25160,13640,10580,9560,7190,5170,6650,21850,7080,26810
2019_10,21時,30100,24070,12130,11170,10270,8070,5940,6580,23480,10520,23460,24650,22480,11830,9780,8540,6330,4620,6000,22690,6030,21350
2019_10,22時,25340,21640,10890,9540,8640,6770,5040,6080,24960,8040,17290,21770,20240,10250,8620,7590,5780,4240,5520,23630,4980,16370
2019_10,23時,20190,19000,8590,7900,6910,5490,4530,5760,25270,5820,11400,18120,17670,7960,7200,6460,5020,3810,5330,23770,4250,10720
2019_10,24時,16100,16540,6740,6410,5910,4680,3830,5060,25530,4000,6290,15250,16450,6690,6020,5830,4460,3590,5090,25340,3520,5870
2019_10,25時,15950,16500,6790,6320,5880,4670,3780,4990,25840,3850,5970,15400,16500,6780,6040,5890,4460,3630,5080,25630,3500,5860
2019_10,26時,15390,16140,6530,6060,5720,4540,3740,4930,25830,3730,5200,15120,16360,6700,5930,5760,4390,3640,5050,25630,3430,5510
2019_10,27時,15050,15970,6370,5920,5610,4480,3750,4880,25880,3690,4690,14830,16290,6580,5830,5650,4330,3650,5060,25670,3380,5160
2019_10,28時,14900,15760,6240,5840,5510,4450,3760,4830,25860,3690,4350,14680,16180,6520,5780,5540,4310,3630,5070,25630,3370,4950
2019_11,5時,15810,17170,6500,5730,6200,4870,4310,5350,27040,4110,5110,15740,18040,7240,5990,5860,4930,4270,5480,25800,3680,7290
2019_11,6時,18000,17880,6630,6120,6770,5810,4940,5590,26090,5320,7790,15910,17910,6970,5910,6040,5120,4500,5270,25050,4190,7580
2019_11,7時,23520,19880,7960,7230,8410,7260,6420,6100,24260,9730,12760,17810,18930,7270,6320,6710,5660,5150,5600,24610,5220,9900
2019_11,8時,32570,28400,10910,11080,12720,10340,8060,7840,20250,26450,17780,20400,21780,8050,7330,8140,6450,5970,6220,23180,7920,13990
2019_11,9時,36030,34130,12060,12640,14640,11680,9620,9510,16840,33360,23000,23790,26760,9440,8930,9860,7510,7360,7430,21600,10400,21360
2019_11,10時,37980,37490,12690,13750,15510,12090,10590,10820,15060,34640,28530,26870,30940,10680,10600,11320,8400,8190,8600,19910,11390,29020
2019_11,11時,39310,40080,13090,14240,16220,12390,11260,12160,14090,35360,32640,30200,34950,12110,12080,12750,9160,9080,9950,18410,12360,36770
2019_11,12時,40080,41920,13950,14770,16690,12760,11330,12480,13880,35960,34850,32590,37920,13450,13240,13700,9870,9770,10460,17720,13120,41980
2019_11,13時,40470,42050,14630,14880,16470,13030,11330,12170,13910,35970,35300,33550,39740,14330,13900,14260,10190,9780,10810,17270,13480,44810
2019_11,14時,40370,41630,15100,14890,16190,12810,11200,11800,13800,35820,35030,34130,39970,15140,13880,14440,10280,9660,10680,17030,13410,45880
2019_11,15時,39810,40830,14960,14730,16060,12530,10830,11520,13840,35890,33600,34410,39500,15530,13740,14190,10220,9450,10770,17260,13270,45660
2019_11,16時,39750,39420,15010,14510,16100,12220,10550,10750,14160,35730,31990,35070,37860,15790,13490,13720,10080,9070,10770,17800,13030,44490
2019_11,17時,40490,37510,14950,14370,16030,12210,10270,10160,15480,34150,31200,34880,35960,15520,13050,13560,9920,8740,10050,18990,12450,42000
2019_11,18時,40060,34860,14640,14210,15280,11780,9570,9410,16980,27170,33590,34480,34590,15500,13230,12830,9890,8170,9440,20220,11240,40300
2019_11,19時,38920,32420,14600,14110,14230,11230,8540,8620,19560,20040,34640,32750,32020,15260,12390,12070,9190,7460,8380,21500,9590,36410
2019_11,20時,35490,29120,13520,13120,12810,10030,7430,7690,21700,14970,30940,29900,29530,14370,11740,10790,8460,6670,7380,22590,8210,31440
2019_11,21時,30360,25580,11860,11440,10990,8440,6280,6910,23260,11030,24660,26770,26400,13440,10710,9400,7330,5710,6560,23850,7080,25090
2019_11,22時,25240,22460,10410,9560,9060,7030,5240,6390,24670,8050,18010,23050,23500,11970,8990,8000,6480,4930,6160,24690,5830,18880
2019_11,23時,20100,19860,8520,7820,7270,5760,4580,5990,25200,6000,11790,18900,20260,9480,7500,6690,5480,4440,5550,24700,4680,12580
2019_11,24時,16180,17440,6870,6220,6170,4980,4040,5310,25780,4200,6670,15420,18030,7320,6070,6000,4790,3900,5350,25130,3780,7430
2019_11,25時,16260,17320,7060,6160,6170,4930,4060,5170,26120,4040,6480,15460,18080,7520,6080,6010,4730,3880,5300,25430,3640,7370
2019_11,26時,15700,16900,6910,5900,5950,4810,4000,5020,26020,3860,5790,14870,17800,7300,5810,5880,4630,3820,5200,25430,3470,6660
2019_11,27時,15260,16710,6740,5760,5810,4690,3980,4980,25900,3810,5340,14520,17510,7080,5690,5730,4570,3830,5110,25410,3440,6100
2019_11,28時,15020,16510,6600,5600,5700,4650,4000,4960,25740,3790,5090,14250,17380,6990,5520,5640,4540,3860,5060,25320,3430,5800
2019_12,5時,16530,16230,5990,5390,5950,5240,4500,5670,26350,3700,5530,17710,17110,7370,5650,6120,5430,4630,5600,26070,3350,8010
2019_12,6時,17980,16750,6160,5510,6480,5800,4970,5790,25290,4900,7410,17560,17030,6950,5650,6230,5420,4790,5530,25220,4170,7860
2019_12,7時,22960,18710,7150,6780,8070,7230,6160,6250,23680,9370,11500,18480,17550,6770,5980,6560,5790,5220,5690,24540,4980,9090
2019_12,8時,30570,26470,9240,10530,12190,10160,7630,7290,20050,24230,15890,20960,20340,7450,7360,7840,6540,5920,6170,23360,7770,12710
2019_12,9時,33690,31860,10730,12280,13730,11340,8880,8570,16930,30630,20690,24370,24840,8940,8890,9720,7320,7080,7240,22050,10320,19280
2019_12,10時,35810,35660,11640,13320,14580,11890,9800,10230,15260,31870,26770,27950,29810,10630,10730,11200,8270,8330,8570,20350,11790,27980
2019_12,11時,37820,39180,12450,14310,15420,12220,10630,11960,14610,32580,32260,31280,33960,12070,12230,12830,9180,9040,9860,18960,12440,36110
2019_12,12時,39010,41360,13130,14920,15790,12630,11150,12730,14400,33150,35150,33890,36360,13420,13480,13700,9900,9390,10330,18060,13170,41110
2019_12,13時,39780,41450,13710,14960,15770,12780,11290,12700,14590,33170,35860,35520,37150,14380,14020,14340,10140,9510,10260,17560,13260,43900
2019_12,14時,39780,41420,14060,15000,15770,12740,11280,12340,14400,33110,36060,36210,38750,15130,14600,14600,10280,9710,10610,17360,13250,46440
2019_12,15時,39470,40050,14170,14920,15500,12590,10710,11610,14390,32900,34530,36040,38940,15870,14690,14490,10170,9420,10310,17430,13070,46520
2019_12,16時,39690,38430,14620,14640,15420,12530,10140,10760,14940,32620,32860,36750,37930,16210,14550,14600,10140,9290,9860,18200,12870,45720
2019_12,17時,40590,36820,14790,14600,15420,12460,9970,10140,15830,31310,32600,38240,37290,16990,14800,14780,10270,9060,9620,18980,12230,46490
2019_12,18時,41100,34870,14960,14760,14940,12310,9460,9510,17550,24870,35940,39000,36030,17400,14680,14750,10260,8650,9270,19970,11130,46170
2019_12,19時,40580,32440,15200,14410,14090,11760,8710,8820,19550,19010,36860,37500,33600,16940,13910,14030,9940,7860,8410,20700,9560,43100
2019_12,20時,37640,29210,14250,13460,12730,10710,7640,8040,21490,13920,33910,35180,30080,16450,12860,12520,9020,6840,7550,21720,7950,37880
2019_12,21時,33020,25490,13000,11820,10820,9150,6460,7240,22920,10280,27830,31480,26290,15080,11240,10860,8020,5950,6610,22830,6260,31010
2019_12,22時,27680,21860,11220,9840,8870,7620,5480,6480,24220,7590,20310,27330,23120,12910,9790,9090,7110,5460,6070,23950,5250,23610
2019_12,23時,22100,18810,8830,7960,7150,6220,4860,5870,24500,5370,13630,22320,19420,9840,8110,7280,6080,4880,5530,23960,4120,16030
2019_12,24時,17380,16290,6560,6140,5990,5240,4210,5500,25060,3600,7580,17460,16250,6930,6130,6000,5130,4240,5260,24590,3240,8350
2019_12,25時,17210,16140,6460,5980,6010,5200,4180,5490,25420,3470,7060,17350,16180,6890,6040,5970,5090,4230,5300,24840,3180,8000
2019_12,26時,16800,15760,6320,5760,5890,5070,4170,5330,25440,3360,6370,16730,15870,6620,5750,5770,4980,4240,5220,24750,3090,7270
2019_12,27時,16300,15680,6150,5580,5780,5020,4160,5270,25390,3320,5880,16230,15730,6460,5550,5610,4920,4220,5200,24680,3040,6740
2019_12,28時,16060,15590,6100,5400,5650,4990,4190,5300,25340,3310,5620,15820,15770,6390,5380,5510,4920,4200,5170,24670,3020,6390
2020_01,5時,16330,16290,5850,5390,5720,5280,4640,5730,26370,3750,5390,16490,16500,7080,5860,5550,4950,4450,5070,24240,3390,8030
2020_01,6時,17840,16880,6000,5620,6260,5720,5060,6050,25530,4930,7130,16400,16590,6590,5790,5700,5070,4600,5240,23630,3760,8170
2020_01,7時,22350,18700,7170,6450,7640,7040,6390,6340,23830,9550,10600,17380,17660,7060,5860,6110,5390,5050,5560,23120,4670,9750
2020_01,8時,30590,27600,9870,10560,12060,10110,8070,7490,19880,26500,14930,19930,19800,7700,7060,7430,6040,5540,5930,22170,7180,12820
2020_01,9時,34190,33440,12000,12230,13920,11240,9290,8930,16900,33550,19840,22620,24280,9220,8480,8860,6890,6610,6830,20910,9620,18740
2020_01,10時,36530,36860,12970,13290,14830,11730,10180,10360,15490,34870,25580,26390,28060,10830,9960,10440,7900,7550,7750,19510,10820,26420
2020_01,11時,38100,40080,13520,14010,15540,12310,10840,11930,14640,35350,30660,29820,32490,12380,11420,11970,8740,8540,9230,18600,11780,34150
2020_01,12時,39310,42040,14420,14580,15960,12710,11300,12360,14250,35680,33860,32400,35330,13730,12680,12760,9430,9190,9910,17840,12250,39720
2020_01,13時,39670,42630,14990,14650,16020,12720,11490,12410,14090,35580,35080,33460,37310,14930,12980,13370,9760,9510,10200,17520,12320,42950
2020_01,14時,40000,42370,15250,14750,15870,12600,11450,12430,14080,35230,35450,34280,37680,15380,13440,13720,9890,9430,10090,17180,12400,44370
2020_01,15時,39990,41200,15470,14490,15660,12460,11040,12040,14410,35010,34150,33890,36690,15390,13360,13520,9730,8980,9570,17360,12110,43130
2020_01,16時,40010,39480,15480,14360,15660,12390,10600,10970,14840,34800,32250,34180,35300,15860,13330,13030,9510,8560,9180,17830,11740,41960
2020_01,17時,40110,37620,15520,14340,15460,12250,10090,10060,15880,33020,31310,34410,33810,16390,13110,12660,9450,8130,8480,18720,11210,40430
2020_01,18時,39480,34040,15350,13850,14360,11770,9080,9090,17820,25590,32600,33880,31940,16290,12650,12110,9300,7580,7870,19490,9870,38650
2020_01,19時,38110,30700,14880,13390,13150,10910,8240,8200,19950,18840,32590,32080,29810,16060,11800,11110,8680,6940,7290,20470,8430,35270
2020_01,20時,34990,27310,13860,12300,11720,9690,7270,7440,21940,13820,29200,30000,26950,15140,10890,10010,7990,6210,6680,21420,7090,30780
2020_01,21時,30460,23890,12050,10890,9980,8340,6260,6820,23550,10080,23410,26920,23530,13330,9850,8690,6970,5640,5960,22280,5700,24890
2020_01,22時,25700,20840,10330,9140,8250,7110,5440,6250,24690,7340,17220,23770,20800,11660,8750,7410,6250,5050,5440,22840,4590,19570
2020_01,23時,20710,18160,8090,7380,6700,5910,4880,5900,24970,5240,11380,19670,18140,9250,7290,6190,5350,4630,5070,22810,3780,13630
2020_01,24時,16710,16090,6260,5820,5700,5190,4340,5470,25250,3590,6680,16450,15690,6840,5920,5340,4790,4200,5030,23480,3110,7990
2020_01,25時,16720,16010,6380,5770,5740,5140,4330,5350,25580,3510,6380,16490,15730,6940,5920,5380,4760,4240,4960,23810,3100,7780
2020_01,26時,16200,15670,6140,5490,5590,5040,4310,5280,25600,3390,5610,15910,15490,6630,5660,5210,4710,4230,4940,23760,3010,7100
2020_01,27時,15850,15490,5910,5340,5460,5010,4300,5280,25540,3340,5180,15670,15330,6490,5580,5140,4650,4210,4920,23720,3000,6760
2020_01,28時,15660,15420,5840,5260,5390,4970,4310,5290,25510,3350,4960,15420,15290,6420,5460,5100,4630,4180,4900,23700,3000,6480
2020_02,5時,16690,16850,5840,5610,6210,5290,4590,5990,27460,3440,5060,16670,17020,7240,5590,5910,5100,4280,5560,25680,3100,7130
2020_02,6時,18080,17530,6130,5880,6660,5760,4970,6200,26390,4600,7010,16720,17190,6930,5550,5970,5150,4560,5720,25020,3660,7380
2020_02,7時,22560,19330,7180,6720,8100,7060,6220,6590,24430,9660,10330,17940,18070,7230,5750,6510,5470,5020,6000,24300,4800,9070
2020_02,8時,31140,28480,10360,10670,12800,10160,7960,7650,20160,27910,14310,20190,20870,7840,7010,8030,6230,5720,6210,23170,7830,12180
2020_02,9時,34620,34710,12050,12670,14860,11280,9380,9080,17130,35110,19480,23400,25220,9310,8570,9680,7140,6820,7090,21820,10550,18290
2020_02,10時,36860,38000,12770,13600,15650,11810,10340,10690,15600,36280,25250,26780,29320,10760,10020,11190,8110,7770,8240,20350,11810,25920
2020_02,11時,38070,40490,13200,14140,16180,12190,10900,11940,14620,36990,29090,29870,33570,12290,11320,12560,9080,8520,9640,19060,13110,33190
2020_02,12時,39010,41960,14230,14580,16470,12490,11140,12040,14400,37400,31250,31400,36480,13980,12310,13110,9580,8940,9930,18360,13560,37710
2020_02,13時,39380,42270,15010,14570,16360,12550,11230,11900,14330,37240,32150,32530,38360,15020,13060,13710,9980,9170,9920,18280,13760,40630
2020_02,14時,39620,42010,15390,14570,16360,12500,11130,11660,14260,36980,32440,32950,38630,15570,13290,13640,9870,9320,9880,18000,13690,41690
2020_02,15時,39410,41050,15470,14430,16090,12270,10850,11320,14440,36700,31360,32980,37720,15390,13060,13500,9660,9230,9850,18100,13350,40980
2020_02,16時,39690,39580,15550,14500,15950,12230,10410,10610,15040,36430,29870,33230,36270,15850,12780,12990,9610,8920,9320,18700,12980,39520
2020_02,17時,39930,37840,15650,14290,15730,12070,9970,10040,16150,34610,29140,33200,34790,15910,12500,12920,9510,8290,8850,19550,12300,37900
2020_02,18時,39900,34660,15730,14050,14800,11690,8890,9390,18370,26910,31400,32400,32860,15650,12270,12360,9180,7540,8250,20340,10860,35870
2020_02,19時,38540,31530,15370,13640,13570,10880,7980,8600,20550,19610,32040,31340,30340,15110,11790,11330,8750,6860,7820,21400,9180,32950
2020_02,20時,35390,28530,14470,12690,12230,9820,7010,7680,22700,14240,29180,29330,27580,14540,11040,10140,7900,6170,7100,22450,7570,28850
2020_02,21時,30850,24270,12660,11100,10300,8280,5950,6830,24410,9960,22990,26100,23800,12550,9680,8850,6980,5390,6430,23370,5840,22670
2020_02,22時,26270,21380,10650,9530,8590,7180,5250,6420,25490,7150,17270,23030,21240,10840,8610,7640,6240,4970,5960,24220,4610,17470
2020_02,23時,21530,18810,8580,7900,7010,6020,4750,6060,25610,5080,11920,19060,18700,8550,7060,6420,5500,4560,5650,24080,3540,12160
2020_02,24時,16350,15290,5890,5800,5630,4910,3980,5410,24570,3000,6190,16850,17790,6970,6320,5920,5220,4350,5850,26320,2860,7630
2020_02,25時,16300,15260,5910,5730,5670,4900,3970,5370,24930,2940,5840,16860,17650,6990,6180,5950,5240,4350,5770,26620,2820,7280
2020_02,26時,15740,14970,5620,5480,5510,4830,3960,5290,24850,2850,5170,16440,17460,6840,5940,5850,5190,4350,5720,26630,2760,6700
2020_02,27時,15500,14880,5570,5350,5420,4790,3980,5260,24840,2820,4880,16180,17420,6770,5800,5770,5170,4340,5730,26700,2740,6380
2020_02,28時,15340,14860,5530,5280,5350,4740,3970,5310,24880,2810,4670,15930,17370,6700,5680,5730,5130,4340,5700,26700,2760,6060
2020_03,5時,16300,15730,5670,5710,5770,5020,4340,5500,26810,3630,4370,15110,14760,6040,5280,5320,4600,3900,4710,23850,2960,5380
2020_03,6時,17410,16230,5820,5890,6070,5440,4710,5690,25490,4740,6130,15480,14790,5950,5300,5430,4640,4040,4880,23260,3480,5840
2020_03,7時,21640,18200,6660,7040,7380,6910,5800,6030,23820,10110,8750,16590,15640,6000,5590,5790,4930,4510,5380,23050,4420,7130
2020_03,8時,29700,25960,9600,10340,11650,9670,7350,7040,20390,26010,12340,18740,18130,6690,6500,7260,5610,5200,5600,22360,7070,9810
2020_03,9時,32340,31140,11470,11760,13610,10630,8230,7770,17290,32610,16240,21140,20930,8100,7510,8400,6460,5670,5910,21340,9290,13810
2020_03,10時,34080,33360,11980,12550,14310,11170,8770,8640,16090,33710,20210,23890,24040,9280,8960,9670,7300,6340,6360,20180,10730,19270
2020_03,11時,34920,34850,12170,13040,14830,11450,9240,9010,15100,33960,23170,25750,26720,10470,9950,10600,7920,6770,6740,19300,11240,24090
2020_03,12時,35580,35850,12840,13520,15230,11700,9300,8810,15020,34060,24760,27060,28500,11580,10520,11190,8290,7000,6960,18990,11640,27080
2020_03,13時,35990,35970,13410,13670,15200,11730,9260,8660,14790,34040,25510,27500,28970,12390,10480,11240,8450,7050,6850,18490,11660,28420
2020_03,14時,35970,35980,13900,13470,15170,11680,9190,8520,14720,33880,25700,28100,29010,12600,10790,11120,8430,7120,7040,18350,11630,29220
2020_03,15時,36150,35650,14210,13390,15160,11570,9040,8430,14960,33810,25390,28170,28380,12780,10840,10920,8290,6980,6700,18430,11460,28740
2020_03,16時,36410,34500,14310,13320,14870,11370,8820,8220,15360,33690,24260,28190,27790,12980,10810,10650,8140,6670,6710,19030,11160,27910
2020_03,17時,36490,32910,14500,12920,14430,11090,8550,7890,16450,32000,23370,28110,27370,13320,10700,10560,7930,6300,6650,19720,10640,27230
2020_03,18時,35580,29750,14000,12630,13150,10430,7600,7510,18760,25090,23970,27510,25820,13230,10220,10150,7570,5820,6320,20650,9640,25200
2020_03,19時,33420,26680,13270,11960,11830,9460,6760,6800,20950,18170,23490,26250,23830,12860,9560,9170,7120,5360,5990,21320,8110,22810
2020_03,20時,30120,23370,11990,10860,10300,8180,5900,6250,22740,12610,20680,24850,21410,11960,9060,8170,6520,4900,5640,22140,6420,19910
2020_03,21時,26430,20980,10570,9590,8870,7110,5390,5860,24150,9010,16840,22560,19280,10660,8050,7280,5940,4510,5390,22810,4890,16380
2020_03,22時,23070,19150,9260,8570,7530,6330,4890,5630,25120,6570,13160,20490,17480,9140,7210,6610,5380,4340,5280,23480,4010,12770
2020_03,23時,19600,17190,7470,7380,6400,5520,4580,5420,25290,4820,9310,17870,15950,7590,6320,5830,4840,4140,5080,23370,3410,9300
2020_03,24時,16430,15050,5650,6100,5540,4890,4100,5170,25420,3340,5250,15620,14520,6000,5720,5250,4520,3930,4700,24010,2840,5570
2020_03,25時,16450,15040,5730,6020,5560,4890,4130,5130,25770,3270,5010,15690,14570,6100,5700,5310,4530,3950,4660,24250,2810,5500
2020_03,26時,16030,14770,5600,5810,5410,4800,4110,5060,25730,3170,4480,15350,14410,5960,5500,5210,4490,3930,4650,24190,2810,5070
2020_03,27時,15710,14630,5480,5600,5300,4760,4120,5070,25650,3160,4100,15110,14320,5930,5360,5150,4450,3920,4610,24180,2810,4770
2020_03,28時,15460,14530,5360,5470,5200,4720,4090,5120,25540,3170,3870,14930,14300,5930,5280,5060,4400,3900,4650,24110,2820,4640
2020_04,5時,14390,13870,4550,5070,5110,4800,4290,4430,24770,2210,3080,13400,13190,4410,4880,4730,4390,4080,4080,23120,1810,3260
2020_04,6時,15130,14100,4620,5300,5320,4950,4440,4580,23700,3110,4170,13640,13210,4400,4980,4770,4370,4140,4170,22660,2230,3510
2020_04,7時,18790,15820,5710,6090,6470,6010,5380,4940,22470,7360,6570,14460,13770,4780,5110,5030,4500,4340,4440,22140,2990,4630
2020_04,8時,24190,20920,7570,8280,9310,7880,6470,5580,20100,15270,11540,16290,14880,5270,5710,5930,4980,4700,4560,21690,4350,6590
2020_04,9時,26250,23970,8400,9500,10710,8460,6900,6250,18130,18410,15360,17290,16440,5820,6160,6570,5310,4970,4880,20710,5410,9060
2020_04,10時,27410,25170,8910,10140,11070,8710,7150,6590,17240,18970,17910,18320,17430,6170,6670,7020,5560,5100,5220,19970,5910,11350
2020_04,11時,27910,25650,8990,10460,11210,8840,7380,6660,16650,19230,19110,19100,17810,6400,7020,7290,5720,5230,5230,19360,6080,12850
2020_04,12時,28200,26010,9190,10710,11520,8900,7490,6370,16730,19580,19330,19200,18480,6660,7200,7390,5830,5320,5260,19370,6310,13420
2020_04,13時,28300,25950,9270,10720,11560,8900,7460,6330,16620,19570,19480,19190,18500,6840,7250,7280,5830,5280,5200,19430,6240,13460
2020_04,14時,28230,25820,9390,10580,11480,8840,7350,6390,16440,19360,19670,19370,18270,7010,7360,7250,5740,5110,5150,19220,6170,13660
2020_04,15時,28020,25420,9420,10490,11330,8700,7200,6270,16500,19400,18980,19170,17940,6910,7310,7210,5650,5000,5010,19340,6070,13120
2020_04,16時,27790,24490,9250,10210,11170,8550,6970,6110,16920,19000,17820,18760,17650,6730,7120,7020,5610,5020,4890,19480,5820,12540
2020_04,17時,26840,23250,9070,9740,10550,8320,6590,5790,17630,17420,16530,18300,17190,6570,6870,6750,5500,4900,4870,19900,5420,11590
2020_04,18時,24650,20570,8230,8970,9370,7540,5770,5320,19250,12910,14560,17330,16420,6430,6380,6440,5270,4540,4670,20510,4750,9920
2020_04,19時,21910,18350,7310,7970,8200,6640,5130,4990,20890,8740,12220,16340,15340,6060,5970,5900,5000,4280,4450,21120,3690,8310
2020_04,20時,19500,16310,6520,7010,6920,5960,4720,4660,21960,5790,9640,15510,14390,5610,5620,5400,4810,4200,4230,21390,2970,7000
2020_04,21時,17590,15050,5740,6350,6010,5510,4500,4510,22750,3940,7540,14710,13960,5220,5400,5100,4620,4130,4190,21710,2420,6000
2020_04,22時,16230,14480,5310,5940,5530,5240,4300,4370,23300,2970,6060,14100,13570,4860,5220,4900,4490,4080,4110,21970,2060,5120
2020_04,23時,14930,13780,4770,5410,5190,4890,4160,4270,23230,2430,4640,13230,12890,4380,4850,4620,4320,3970,3960,21720,1820,4040
2020_04,24時,13630,13270,4370,5090,4860,4500,3990,4080,23450,1900,3140,12720,12410,4120,4630,4450,4260,3830,3820,22030,1650,2910
2020_04,25時,13780,13280,4450,5110,4880,4510,4020,4080,23670,1890,3090,12880,12470,4210,4710,4470,4290,3830,3820,22240,1670,2920
2020_04,26時,13610,13160,4410,5000,4820,4480,3990,4050,23690,1860,2810,12730,12390,4180,4650,4430,4260,3810,3780,22220,1650,2730
2020_04,27時,13490,13170,4410,4940,4790,4470,3990,4040,23700,1860,2700,12650,12350,4130,4600,4420,4250,3800,3780,22250,1650,2580
2020_04,28時,13420,13150,4410,4870,4730,4450,3990,4090,23660,1880,2620,12590,12290,4070,4550,4370,4250,3820,3800,22190,1650,2510
2020_05,5時,14390,14780,4950,4800,5290,4740,4420,4940,26240,2440,2430,13670,13570,4560,4820,4850,4420,4030,4540,24020,2160,2870
2020_05,6時,15430,15140,5040,5200,5450,4920,4730,5220,25390,3470,3660,13660,13660,4510,4900,4820,4410,4120,4520,23500,2470,3160
2020_05,7時,18720,16260,5590,5810,6670,5780,5660,5470,24020,6970,5960,14520,13970,4700,4970,5150,4510,4300,4850,23100,3160,4020
2020_05,8時,23550,20900,7270,7750,9260,7510,6490,6150,21730,14470,10360,16080,15100,5030,5480,5960,4950,4720,5010,22640,4550,5820
2020_05,9時,25700,24100,8380,9180,10430,8090,7060,6650,19660,17750,14340,16900,16600,5520,6040,6550,5230,4970,5180,21480,5600,8210
2020_05,10時,27030,25560,8880,9850,10960,8340,7380,7170,18740,18830,16910,18160,18160,6410,6730,7030,5540,5210,5400,20760,6370,11000
2020_05,11時,27900,26450,9100,10230,11310,8600,7580,7510,18230,19230,18660,19350,19320,6910,7330,7380,5870,5410,5760,20270,6640,13420
2020_05,12時,28470,26490,9290,10580,11440,8680,7730,7220,18000,19630,19100,19790,19800,7170,7660,7620,5920,5400,5800,20230,6820,14240
2020_05,13時,28330,26440,9320,10570,11410,8660,7710,7090,17950,19600,18960,19770,19750,7330,7610,7530,5940,5400,5700,19890,6780,14500
2020_05,14時,28370,26120,9560,10490,11290,8560,7530,7050,17800,19370,19010,20070,19670,7550,7710,7580,5830,5330,5720,19810,6780,14810
2020_05,15時,28230,25570,9460,10400,11240,8480,7300,6900,17820,19380,18290,20130,19200,7560,7710,7380,5810,5280,5570,19880,6640,14430
2020_05,16時,27930,24720,9280,10230,11010,8290,7160,6660,18200,18960,17200,19720,18660,7440,7410,7160,5760,5160,5430,20080,6400,13530
2020_05,17時,26800,23610,9120,9800,10450,7980,6770,6260,19100,17270,15750,19320,17960,7300,7180,7030,5520,4970,5270,20450,5980,12490
2020_05,18時,24640,20810,8270,8990,9310,7080,5860,5920,20670,13060,13440,18220,16950,6880,6750,6530,5200,4670,5120,21020,5290,10510
2020_05,19時,22100,18560,7520,7950,8080,6250,5320,5520,22320,9390,10740,16990,15850,6510,6210,5860,4960,4360,4920,21680,4270,8560
2020_05,20時,20010,16790,6590,7210,7040,5770,4910,5270,23610,6380,8630,15970,14920,5800,5790,5470,4810,4250,4740,22200,3390,7010
2020_05,21時,18100,15700,5910,6420,6270,5350,4720,5110,24520,4500,6630,15110,14150,5130,5510,5170,4640,4150,4650,22620,2740,5600
2020_05,22時,16680,15130,5480,5860,5850,5050,4530,5030,25000,3400,5260,14370,13720,4830,5180,4910,4530,4050,4570,22870,2440,4550
2020_05,23時,15300,14630,5120,5430,5400,4760,4340,4860,24910,2810,4040,13600,13320,4600,4880,4670,4360,3970,4420,22750,2230,3670
2020_05,24時,13880,13900,4630,4930,5070,4450,4110,4570,24730,2200,2660,12990,13140,4410,4790,4660,4200,3840,4220,23170,2040,2660
2020_05,25時,14030,14020,4740,4970,5110,4490,4140,4590,25000,2210,2680,13110,13290,4520,4820,4670,4230,3890,4250,23400,2030,2720
2020_05,26時,13920,13930,4760,4830,5050,4490,4130,4580,25010,2180,2500,13010,13250,4540,4730,4620,4230,3870,4250,23400,2000,2610
2020_05,27時,13820,13880,4720,4790,4990,4480,4140,4560,24980,2170,2390,12940,13190,4490,4690,4580,4220,3850,4270,23400,1990,2500
2020_05,28時,13690,13830,4680,4720,4910,4440,4130,4630,24900,2160,2290,12880,13170,4460,4630,4560,4210,3870,4290,23380,1990,2440
2020_06,5時,14980,14960,5080,5000,5370,4900,4690,4870,26130,2960,3190,15380,14850,5700,5360,5410,4720,4350,4680,24850,2600,4840
2020_06,6時,16260,15420,5240,5340,5690,5170,5030,5190,25140,4160,4720,15350,14810,5390,5370,5460,4660,4500,4760,24140,3160,4890
2020_06,7時,20330,17190,5950,6300,7200,6330,6100,5620,23490,9220,7220,16460,15780,5850,5650,5940,4920,4790,5080,23710,4290,6250
2020_06,8時,27660,23540,8650,8840,10750,8770,7720,6450,20290,21620,11750,18720,17820,6630,6400,7100,5650,5400,5340,22810,6690,9060
2020_06,9時,31170,28820,10870,10910,12650,9560,8550,7430,17740,27650,16880,21350,20980,7720,7550,8460,6450,6140,6000,21790,8920,13610
2020_06,10時,33130,31850,11490,12150,13580,10070,9260,8420,16520,29140,21510,24310,24450,9070,9110,9840,7320,6860,6550,20530,10330,19810
2020_06,11時,34060,33960,11900,12730,14060,10420,9720,9160,15700,29700,24690,27160,27500,10880,10510,10720,7790,7530,7220,19600,11290,25580
2020_06,12時,34930,34490,12340,13030,14290,10750,9930,9070,15470,30070,25930,28170,29060,11780,11130,11270,8180,7680,7170,19100,11550,28410
2020_06,13時,34670,34520,12580,13020,14090,10790,9870,8840,15290,30140,25790,29260,29840,12770,11420,11550,8460,7780,7110,18700,11570,30610
2020_06,14時,34460,33900,12620,12860,13810,10690,9750,8620,15130,29930,25360,29650,30540,13220,11740,11750,8480,7890,7090,18820,11420,31770
2020_06,15時,34420,33050,12780,12760,13650,10520,9510,8240,15400,29620,24500,29560,29850,13670,11500,11420,8400,7640,6760,18820,11380,31020
2020_06,16時,34450,31810,12870,12630,13460,10220,9300,7770,15740,29130,23490,29090,28470,13670,10920,10900,8170,7340,6540,18980,11010,29400
2020_06,17時,33700,30040,12810,12170,12980,9770,8900,7100,16960,26900,22010,28300,27100,13450,10470,10360,7890,6910,6300,19770,10320,27150
2020_06,18時,32040,26920,12400,11770,11710,8970,7690,6390,18950,20630,21530,27260,25520,13120,10170,9820,7320,6510,5810,20610,9320,24680
2020_06,19時,29290,23980,11490,10760,10490,7980,6690,5840,21050,14610,19780,26020,22540,12350,9210,8900,6710,5870,5510,21370,7690,21420
2020_06,20時,26200,21040,10230,9550,9020,7000,5960,5460,22660,10230,16540,23870,19910,10920,8340,7890,6100,5390,5120,22120,6060,17540
2020_06,21時,23080,18580,8840,8230,7700,6180,5470,5230,23740,7200,12950,21590,18190,9770,7560,6930,5590,4970,4930,22740,4740,14250
2020_06,22時,20080,17030,7430,7170,6720,5610,5030,5140,24710,5110,9530,19310,16780,8230,6880,6230,5220,4730,4780,23400,3890,10790
2020_06,23時,17220,15670,6150,6150,5840,5100,4690,4940,24750,3890,6480,16970,15270,6770,6100,5540,4820,4420,4570,23260,3190,7770
2020_06,24時,14880,14550,5150,5340,5270,4670,4380,4610,24910,2770,3940,14670,14470,5510,5400,5130,4470,4120,4500,23910,2600,4640
2020_06,25時,15030,14600,5210,5350,5300,4700,4420,4620,25220,2740,3860,14760,14480,5580,5400,5130,4480,4170,4450,24220,2570,4460
2020_06,26時,14780,14420,5120,5220,5170,4660,4410,4600,25180,2690,3530,14520,14370,5550,5260,5040,4450,4150,4420,24170,2510,4230
2020_06,27時,14630,14300,5080,5090,5100,4650,4380,4610,25150,2650,3330,14250,14220,5310,5190,4970,4420,4140,4430,24120,2460,3910
2020_06,28時,14440,14250,5020,4960,5040,4630,4390,4630,25050,2650,3190,14060,14200,5240,5090,4930,4430,4140,4420,24060,2490,3740
2020_07,5時,15320,15720,5520,5070,5340,5090,4810,5200,26810,3240,3480,14850,14720,5540,4970,4980,4630,4460,4970,24700,3080,4190
2020_07,6時,16690,16340,5630,5410,5770,5410,5070,5710,25870,4670,5020,15000,14850,5280,4970,5170,4720,4530,5150,24130,3660,4390
2020_07,7時,20780,18280,6560,6390,7180,6650,6220,6060,24170,10120,7360,16190,15670,5660,5400,5580,4960,4850,5400,23630,4900,5630
2020_07,8時,28410,25290,9350,9260,11080,9320,7890,6780,20510,24370,11430,18690,17660,6590,6320,6830,5640,5360,5600,22640,7830,8230
2020_07,9時,32240,31100,12090,11210,13160,10110,8690,8060,18050,31160,16650,21460,20820,7950,7550,7980,6480,5990,6310,21400,10410,12740
2020_07,10時,34440,34160,13110,12190,14040,10740,9420,9080,16750,32770,21480,24220,24600,9470,8700,9420,7290,6740,7170,20480,11840,18800
2020_07,11時,35540,35920,13640,12810,14470,11010,9890,9620,15920,33300,24470,26650,27380,11010,10130,10350,7790,7250,7470,19480,12620,24070
2020_07,12時,36150,36650,13970,13210,14700,11350,10060,9500,15730,33740,25590,27970,28530,12130,10500,10840,8140,7420,7450,18840,13110,26670
2020_07,13時,35910,36220,13720,13250,14430,11390,9940,9370,15520,33860,25000,28810,29110,12860,10870,11100,8290,7470,7300,18500,13110,28420
2020_07,14時,35940,35810,13860,13300,14180,11380,9860,9160,15350,33620,24970,29060,28930,13120,10920,11080,8330,7280,7250,18450,12990,28700
2020_07,15時,35790,34940,13800,13160,14030,11200,9620,8900,15520,33390,24050,29240,28310,13050,10970,10850,8240,7240,7170,18570,12760,28320
2020_07,16時,35570,33420,13530,12930,13820,10950,9410,8330,15930,32670,22640,28890,27480,13210,10740,10520,8010,7070,6800,18850,12370,27260
2020_07,17時,34650,31310,13190,12570,13280,10510,8870,7520,17240,29530,21430,28140,26030,13210,10420,9780,7760,6660,6340,19340,11540,25370
2020_07,18時,33210,27830,12890,11950,11990,9630,7780,6790,19330,22480,21470,26930,24620,12660,9990,9290,7290,6340,5970,20360,10000,23250
2020_07,19時,30370,24750,12120,10710,10660,8510,6830,6270,21430,15880,20070,25380,22400,11770,9170,8630,6660,5860,5660,21130,8150,20610
2020_07,20時,26990,21840,10640,9530,9160,7570,6040,5870,23020,11040,17090,23530,20150,10680,8320,7800,6150,5310,5400,21910,6630,17310
2020_07,21時,23740,19300,9160,8270,7810,6660,5520,5600,24280,7720,13380,21060,17800,9100,7390,6780,5470,4910,5200,22760,4920,13420
2020_07,22時,20660,17650,7970,7150,6730,5900,5160,5380,25290,5530,9870,19110,16580,8180,6550,6070,5110,4660,5100,23460,4090,10430
2020_07,23時,17720,16300,6700,6180,5790,5330,4850,5150,25410,4150,6830,16700,15100,6460,5870,5300,4780,4460,4920,23410,3450,7190
2020_07,24時,15260,14840,5350,5320,5150,4880,4490,4900,25340,3000,4090,14700,14540,5490,5190,4930,4490,4300,4830,24090,2850,4580
2020_07,25時,15340,14910,5430,5340,5160,4870,4530,4910,25670,2970,3970,14840,14550,5510,5230,4910,4530,4350,4840,24350,2820,4490
2020_07,26時,15030,14800,5350,5160,5060,4830,4510,4900,25700,2890,3600,14420,14480,5440,5030,4790,4470,4300,4850,24360,2770,4050
2020_07,27時,14810,14700,5260,5050,5010,4810,4480,4870,25620,2870,3370,14230,14390,5310,4970,4780,4440,4290,4820,24300,2770,3840
2020_07,28時,14540,14690,5200,4900,4970,4750,4470,4910,25520,2880,3190,14070,14390,5270,4830,4780,4430,4290,4830,24230,2830,3680
2020_08,5時,15630,15330,5530,5090,5330,5060,4600,5320,26510,3280,3710,15480,14740,5880,5120,5090,4790,4210,5120,24910,3020,4670
2020_08,6時,16690,15840,5550,5300,5660,5370,4920,5700,25590,4460,5060,15510,14910,5650,5140,5200,4890,4250,5270,24310,3630,4870
2020_08,7時,20660,17590,6370,6360,6900,6610,6060,5940,24110,9300,7410,16570,15520,6030,5450,5640,5010,4510,5450,23750,4750,5970
2020_08,8時,27010,24210,8500,8960,10430,9090,7610,6610,20970,21160,11740,18660,17680,7010,6300,6750,5660,5030,5580,22700,7260,8720
2020_08,9時,30170,29110,10340,10680,12140,9800,8360,7940,18770,26440,16640,20990,20990,8300,7310,8130,6510,5570,6140,21540,9510,13260
2020_08,10時,32240,32090,11160,11670,12980,10360,9150,8970,17460,27770,21470,24170,24400,9650,8720,9490,7390,6370,6940,20400,10890,19510
2020_08,11時,33500,34110,11920,12360,13460,10810,9640,9400,16630,28620,24610,26410,27350,10950,9990,10370,8010,6880,7550,19670,11630,24560
2020_08,12時,34140,35020,12600,12770,13720,11080,9680,9300,16450,29070,25920,27610,28500,11960,10670,10740,8180,7170,7370,19060,12060,27110
2020_08,13時,34070,34760,12700,12810,13640,11140,9580,8930,16080,29250,25710,28500,28900,12750,10860,10770,8420,7290,7280,19020,12040,28440
2020_08,14時,34240,34540,12880,12890,13590,11120,9550,8730,15950,29030,26000,28720,29160,13020,11150,10820,8420,7290,7160,18910,11980,29060
2020_08,15時,34080,33610,12920,12700,13390,10870,9280,8520,16210,28740,24970,28680,28520,12950,11150,10690,8310,7120,6960,18780,11860,28610
2020_08,16時,33860,32470,12930,12410,13200,10630,9010,8130,16630,28070,23870,28360,27600,13140,10850,10360,8110,6890,6590,19060,11400,27500
2020_08,17時,33090,30890,12950,12280,12740,10280,8280,7430,17840,25740,22710,27760,26130,12810,10450,9840,7720,6610,6440,19670,10650,25620
2020_08,18時,31470,27640,12840,11450,11470,9370,7230,6730,19580,19860,21960,26550,24220,12180,9800,9240,7290,6160,6080,20390,9440,23010
2020_08,19時,28900,24510,11950,10420,10060,8270,6350,6340,21520,14170,20050,25090,22000,11680,8930,8460,6760,5420,5830,21210,7820,20210
2020_08,20時,26150,21610,10600,9340,8710,7410,5710,5970,22970,10200,16930,23350,19690,10450,8240,7460,6340,4990,5540,22120,6300,16780
2020_08,21時,23200,18700,9030,8200,7390,6500,5180,5580,24090,6880,13300,21300,17190,8910,7380,6620,5640,4560,5370,22880,4690,13090
2020_08,22時,20280,17260,7810,7170,6540,5860,4830,5300,24910,4990,10040,19150,15870,7660,6700,5970,5180,4390,5120,23520,3900,9820
2020_08,23時,17390,15770,6520,6090,5660,5280,4490,5090,24810,3850,6870,16720,14620,6320,5900,5260,4810,4150,4890,23390,3290,6840
2020_08,24時,15450,14740,5430,5320,5130,4890,4300,5100,25350,3070,4150,15030,14240,5550,5270,5020,4590,3960,4850,24350,2870,4300
2020_08,25時,15510,14790,5440,5360,5150,4870,4350,5090,25620,2980,4070,15090,14350,5590,5290,5000,4630,4010,4910,24550,2840,4310
2020_08,26時,15170,14670,5360,5200,5050,4820,4340,5050,25610,2870,3740,14840,14250,5510,5160,4920,4590,4010,4880,24520,2770,4060
2020_08,27時,15020,14580,5280,5130,4990,4790,4330,5040,25570,2880,3550,14700,14200,5450,5110,4860,4570,4020,4870,24520,2760,3900
2020_08,28時,14850,14560,5260,5030,4970,4750,4300,5080,25480,2870,3480,14580,14190,5430,5010,4840,4550,4010,4900,24490,2760,3810
2020_09,5時,16730,17090,5580,5530,5900,5490,5090,6200,29120,3360,3880,17190,16830,6000,5910,5710,5340,4920,6130,28000,2980,5310
2020_09,6時,18250,17800,5760,5840,6340,5980,5550,6560,28120,4730,5740,17430,17160,5820,6070,5860,5490,5080,6260,27510,3640,5740
2020_09,7時,22850,19760,6730,7070,7950,7260,6720,6870,26460,10080,8660,18850,17950,6270,6340,6430,5680,5470,6590,26930,4790,7330
2020_09,8時,29910,27050,9930,9250,11800,9840,8460,7660,22850,23840,12940,21480,20110,7560,7160,7580,6440,6070,6760,25880,7630,10370
2020_09,9時,33010,32630,11890,10870,13930,10640,9340,8950,20210,29990,17930,24250,24020,9320,8430,8820,7330,6770,7580,24720,10380,15500
2020_09,10時,35000,35770,12690,12000,14830,11220,9980,10030,18850,31460,22820,27110,27480,10440,9600,10210,8120,7730,8470,23310,11470,22000
2020_09,11時,36080,38080,13520,12730,15340,11600,10380,10570,17940,32270,26210,29550,30730,11770,10930,11260,8760,8330,9210,22420,12400,27580
2020_09,12時,36860,39150,14030,13260,15540,11950,10590,10630,17810,32730,27720,30850,32600,12870,11720,11920,9100,8560,9250,21720,12850,30940
2020_09,13時,36800,38930,13930,13370,15450,12010,10580,10360,17600,32730,27580,31780,33480,13710,12110,12070,9230,8740,9380,21360,12770,33160
2020_09,14時,36790,38470,13980,13410,15230,11980,10560,10090,17520,32530,27370,32310,33630,14300,12320,12250,9250,8690,9110,21390,12680,33860
2020_09,15時,36550,37260,13870,13170,14950,11780,10260,9770,17650,32160,26200,32110,32760,14380,12100,12100,9030,8440,8800,21450,12420,33000
2020_09,16時,36200,35880,13870,12940,14580,11520,9920,9230,18070,31610,24640,31530,31860,14810,11680,11650,8850,8140,8240,21950,12130,31340
2020_09,17時,35520,33850,13880,12730,13880,11150,9340,8370,19300,28940,23390,30970,30160,14420,11250,11320,8470,7760,7880,22740,11330,29120
2020_09,18時,34140,30550,13470,12380,12630,10320,8190,7680,21340,22090,23550,29800,27840,13650,10910,10450,8120,7150,7330,23590,9920,26210
2020_09,19時,31570,27340,12480,11480,11400,9160,7170,7220,23390,16000,21840,27980,25440,13040,10220,9470,7420,6390,6860,24450,8260,22820
2020_09,20時,27900,23710,10650,10160,9680,8110,6310,6670,24700,11020,18180,25650,22860,11680,9220,8460,6750,5870,6500,25120,6590,18910
2020_09,21時,24670,20620,9110,8940,8260,7090,5660,6210,25880,7570,14120,23130,20060,10140,8110,7430,6030,5300,6160,25660,5070,14620
2020_09,22時,21420,18800,7920,7740,7220,6280,5160,5880,26540,5440,10540,20720,17990,8400,7310,6560,5660,4950,5800,25870,3910,11110
2020_09,23時,17950,16810,6480,6580,6070,5590,4690,5320,25980,3910,7120,17710,16390,6950,6340,5660,5210,4550,5370,25340,3190,7710
2020_09,24時,16720,16650,5560,5850,5800,5360,4770,6010,28110,3070,4550,16800,16350,6050,5950,5470,5120,4660,5880,27240,2690,5390
2020_09,25時,16820,16730,5620,5880,5820,5370,4840,5990,28450,3040,4460,16940,16460,6110,5990,5530,5140,4740,5880,27520,2690,5390
2020_09,26時,16480,16620,5530,5700,5710,5340,4830,5970,28430,2950,4110,16620,16390,6040,5830,5400,5110,4750,5870,27530,2680,5040
2020_09,27時,16230,16540,5450,5610,5640,5310,4800,5930,28350,2930,3890,16370,16300,5920,5710,5360,5060,4710,5890,27470,2690,4740
2020_09,28時,16120,16420,5380,5510,5620,5270,4800,5950,28240,2930,3780,16140,16320,5850,5640,5340,5060,4680,5880,27430,2720,4570
2020_10,5時,16430,16960,5170,5640,6020,5360,5050,6130,28560,3200,3980,16970,17080,6070,5810,6060,5290,4810,5980,27640,2750,5700
2020_10,6時,17920,17510,5260,5960,6510,5800,5490,6390,27510,4490,5760,17180,17490,5930,5960,6230,5420,4940,6170,27010,3410,6300
2020_10,7時,22980,19700,6440,7190,8150,7230,6780,6890,25990,10110,8990,18370,18390,6230,6340,6760,5600,5350,6460,26380,4620,7740
2020_10,8時,31030,27660,10110,9900,12400,9850,8630,7790,22560,25090,13430,21500,21390,7760,7270,8230,6490,6140,6980,25730,7680,11540
2020_10,9時,34380,33670,12340,11740,14370,10850,9450,9280,19990,31880,18430,24600,25190,9550,8530,9680,7360,6890,7760,24350,10350,17110
2020_10,10時,35990,36980,13140,12830,15100,11400,10160,10320,18510,33410,23180,27810,29250,11000,10060,11110,8250,7760,8860,23180,11780,24040
2020_10,11時,37050,39440,13840,13400,15660,11870,10690,11010,17620,34190,26700,29950,32390,12360,11330,12080,8950,8340,9260,22050,12710,29410
2020_10,12時,37770,40310,14370,13860,16030,12090,10820,10900,17480,34500,28080,31300,34370,13580,11910,12580,9310,8720,9550,21660,12970,32820
2020_10,13時,37900,40070,14220,13920,15950,12120,10920,10810,17330,34260,28310,32150,34790,14060,12290,12870,9560,8670,9450,21230,12930,34500
2020_10,14時,37560,39460,14310,13680,15670,12090,10800,10460,17240,34010,27720,32530,34750,14380,12420,13080,9510,8630,9230,20990,12730,35270
2020_10,15時,37510,38170,14320,13600,15430,11890,10380,10030,17300,33810,26520,32260,34280,14510,12330,12940,9350,8510,8880,21130,12620,34560
2020_10,16時,36980,36500,14150,13360,15020,11630,9940,9360,17660,33060,24750,32230,32760,14820,11980,12490,9190,8220,8280,21750,12310,32710
2020_10,17時,36340,34240,13930,13070,14380,11270,9420,8500,18800,30100,23680,31810,31110,14940,11670,12000,8730,7790,7770,22400,11670,30670
2020_10,18時,35010,30610,13440,12770,13110,10480,8120,7690,20780,23010,23870,30660,29170,14520,11270,11220,8290,7180,7330,23260,10260,28170
2020_10,19時,32400,27610,12880,11810,11760,9330,7140,7070,22630,16390,23050,28710,26470,13440,10580,10160,7640,6450,6890,23940,8550,24530
2020_10,20時,28900,24040,11340,10470,10260,8080,6230,6540,24010,11280,19690,26290,23470,12120,9580,8960,6810,5810,6450,24630,6640,20350
2020_10,21時,25110,20690,9470,9070,8660,6980,5520,6070,25000,7650,15220,23440,20840,10540,8410,7930,6090,5240,6050,25260,5130,15840
2020_10,22時,21460,18550,7930,7800,7430,6130,5050,5660,25630,5330,11120,20590,18770,8760,7540,6930,5590,4870,5660,25540,3860,11920
2020_10,23時,17990,16550,6460,6600,6310,5370,4630,5150,25220,3850,7540,17660,17010,7280,6490,5970,5110,4500,5300,24940,3140,8520
2020_10,24時,16550,16440,5530,5920,5900,5140,4710,5760,27360,2960,4820,16360,16640,5950,5900,5680,5070,4570,5810,26860,2580,5560
2020_10,25時,16630,16460,5530,5950,5900,5120,4780,5780,27640,2880,4730,16460,16670,5990,5920,5720,5070,4600,5820,27130,2560,5470
2020_10,26時,16280,16280,5360,5790,5790,5090,4750,5760,27610,2780,4320,16150,16590,5880,5760,5650,5050,4580,5810,27100,2490,5160
2020_10,27時,16040,16170,5240,5670,5750,5060,4730,5740,27570,2760,4030,15860,16540,5760,5680,5590,5010,4560,5790,27130,2480,4810
2020_10,28時,15910,16110,5140,5600,5710,5040,4730,5780,27500,2770,3900,15750,16520,5690,5600,5570,5020,4570,5810,27080,2500,4710
2020_11,5時,16320,17030,5400,5470,6160,5390,5030,5880,28280,3130,4310,17030,17370,6290,5650,6250,5250,5040,5890,27750,2970,5930
2020_11,6時,17780,17890,5450,5780,6760,5910,5580,6160,27400,4410,6240,17110,17730,6090,5700,6440,5390,5240,5960,27240,3500,6350
2020_11,7時,22860,19850,6480,6890,8320,7390,6960,6660,25550,10210,9430,18530,18580,6560,6090,6890,5630,5610,6320,26480,4880,7980
2020_11,8時,30660,27870,10130,9690,12420,9910,8760,7590,22240,24530,14250,21450,21130,7830,7050,8190,6470,6270,6760,25460,7780,11550
2020_11,9時,34030,33790,12310,11770,14180,10960,9650,8940,19580,31620,18980,24420,24760,9340,8300,9480,7480,6920,7650,24150,10510,16750
2020_11,10時,35660,36790,13210,12650,14790,11480,10300,10000,17940,33030,23670,27200,28360,10690,9470,10680,8320,7850,8550,22640,11900,23090
2020_11,11時,36870,39310,13910,13350,15270,11870,10830,10920,17140,33800,27390,29560,31530,11950,10610,11830,9030,8460,9180,21670,12720,28690
2020_11,12時,37560,40460,14300,13770,15550,12230,11040,11120,16950,34230,28960,30970,33280,12950,11490,12400,9470,8570,9350,21110,13070,31990
2020_11,13時,37430,39980,14180,13770,15440,12220,11000,10790,16640,34100,28740,31820,33980,13810,11980,12590,9640,8690,9060,20680,13210,33830
2020_11,14時,37380,39210,14370,13620,15260,12160,10840,10320,16480,33970,28230,32570,34130,14460,12150,12770,9660,8640,9000,20640,13210,34820
2020_11,15時,37180,37740,14200,13340,15050,12010,10460,9840,16650,33760,26620,32400,33260,14210,12160,12610,9570,8400,8700,20770,13120,33750
2020_11,16時,36360,36340,13960,13010,14730,11760,9990,9240,17230,33050,24540,32090,32250,14350,11870,12400,9330,8260,8110,21360,12590,32340
2020_11,17時,35410,34170,13540,12670,14150,11410,9520,8270,18500,29930,23320,31350,30460,14190,11330,11860,9010,7850,7550,22030,11750,30010
2020_11,18時,34270,30840,13060,12270,13230,10690,8310,7530,20500,22990,23820,30380,28280,13710,10710,11320,8580,7260,7070,23020,10470,27240
2020_11,19時,32100,27820,12570,11570,12000,9380,7430,6960,22410,16690,23070,28320,26080,12900,10000,10420,7840,6600,6620,23920,8950,23640
2020_11,20時,28840,24190,11280,10260,10370,8170,6550,6390,23850,11680,19720,26400,23240,11780,9240,9300,7070,5980,6250,24830,7200,19740
2020_11,21時,25110,21220,9590,9020,8970,7020,5780,5920,24970,8020,15580,23650,20490,10070,8280,8280,6210,5450,5840,25360,5450,15500
2020_11,22時,21720,19000,8290,7780,7760,6150,5190,5540,25560,5720,11670,20650,18460,8350,7180,7320,5690,5010,5540,25620,4250,11420
2020_11,23時,18050,16870,6530,6490,6620,5430,4670,5160,25210,4000,7880,17610,16650,6750,6280,6370,5150,4580,5120,25050,3370,7980
2020_11,24時,16560,16620,5580,5760,6190,5210,4780,5630,27290,2970,5160,16280,16430,5620,5700,5940,5050,4720,5660,26850,2810,5260
2020_11,25時,16670,16630,5690,5790,6160,5200,4840,5620,27630,2920,5030,16320,16460,5710,5680,5950,5050,4750,5620,27110,2750,5130
2020_11,26時,16280,16540,5590,5560,6050,5150,4850,5600,27560,2800,4730,16060,16380,5680,5500,5920,5020,4730,5570,27090,2710,4850
2020_11,27時,16020,16460,5510,5420,5960,5140,4840,5600,27550,2780,4410,15870,16360,5620,5440,5830,5020,4740,5570,27070,2700,4690
2020_11,28時,15920,16380,5440,5360,5930,5090,4830,5640,27540,2800,4230,15750,16370,5590,5430,5780,4990,4720,5590,27090,2700,4530
2020_12,5時,16890,17280,5380,5590,6380,5510,5100,6200,28850,3000,4340,17320,17480,5760,5840,6540,5430,5050,6150,28520,2670,5470
2020_12,6時,18010,17850,5390,5830,6850,5830,5490,6460,27870,4190,5800,17660,17770,5760,5940,6710,5480,5230,6280,27940,3330,5970
2020_12,7時,22470,19590,6430,6850,8160,7060,6670,6880,26310,9190,8640,18900,18520,6140,6320,7250,5740,5600,6360,27310,4720,7260
2020_12,8時,28920,26330,9460,9270,11490,9220,8200,7600,23360,20840,13170,21380,21160,7480,7070,8530,6460,6310,6680,26220,7470,10720
2020_12,9時,32150,32000,11630,11270,13160,10220,9050,8800,21000,26650,18500,24530,25540,9370,8470,9970,7490,7110,7640,25140,10380,16450
2020_12,10時,34170,35380,12770,12290,13930,10880,9860,9810,19660,28270,23480,27530,29290,10810,9860,11310,8430,7990,8400,23520,11990,23020
2020_12,11時,35440,37770,13700,12940,14520,11190,10300,10550,18830,29050,27100,30170,32490,12400,11130,12370,9230,8520,8990,22580,12970,28740
2020_12,12時,36370,38980,14300,13400,14880,11430,10630,10690,18600,29630,28850,31920,33930,13720,11970,12610,9590,8790,9150,22040,13440,31960
2020_12,13時,36380,38990,14530,13480,14840,11550,10500,10450,18330,29610,29130,33090,34650,14270,12590,12880,9930,8860,9190,21880,13500,33980
2020_12,14時,36260,38480,14750,13360,14650,11490,10320,10140,18150,29340,28920,33540,34800,14820,12670,12950,9900,8830,9150,21740,13330,34860
2020_12,15時,36020,37260,14570,13190,14380,11350,10060,9720,18340,29120,27520,33360,34140,15300,12500,12750,9480,8680,8780,21820,13290,34000
2020_12,16時,35470,35810,14330,12920,14130,11180,9580,9130,18840,28600,25560,32600,33270,15680,11920,12270,9360,8360,8270,22310,12930,32270
2020_12,17時,34680,33590,14040,12450,13540,10860,9030,8340,19930,26250,23790,31720,32000,15460,11630,11840,8900,7900,7990,23010,12150,30230
2020_12,18時,33190,30640,13700,11940,12490,10040,7930,7710,21600,20740,23200,30490,29700,14590,11070,11260,8430,7370,7450,23910,10800,27180
2020_12,19時,30970,27360,12820,11070,11290,8920,7050,7160,23230,15050,21790,29100,27100,13920,10290,10450,7770,6680,7080,24620,9180,24080
2020_12,20時,28260,23980,11280,10060,10020,7900,6310,6660,24700,10710,18610,26780,24170,12620,9320,9350,7040,5980,6640,25500,7250,19920
2020_12,21時,24910,21090,9570,8860,8750,6870,5640,6290,25830,7240,14700,24190,21370,10780,8410,8360,6300,5400,6290,25950,5240,16100
2020_12,22時,21340,18910,7820,7620,7710,6050,5110,5920,26290,5070,10680,21160,19200,8810,7360,7500,5780,4960,5940,26320,3980,11810
2020_12,23時,17730,16820,6230,6400,6510,5380,4630,5390,25730,3450,7130,17900,17330,7040,6450,6540,5230,4500,5450,25660,3030,8300
2020_12,24時,16730,16880,5440,5890,6220,5280,4800,5970,27790,2690,4970,16790,17180,5760,5940,6260,5260,4660,6070,27720,2440,5640
2020_12,25時,16890,16910,5490,5890,6270,5300,4860,5990,28120,2660,4870,16840,17110,5760,5910,6290,5250,4690,6040,27930,2380,5460
2020_12,26時,16580,16720,5390,5680,6160,5260,4830,5960,28050,2580,4510,16460,17010,5650,5720,6200,5220,4660,6010,27850,2350,5090
2020_12,27時,16330,16630,5310,5540,6070,5230,4840,5950,28020,2560,4220,16300,16980,5570,5650,6160,5230,4650,6010,27820,2360,4930
2020_12,28時,16220,16570,5280,5480,6060,5190,4830,5950,27940,2580,4100,16200,16880,5500,5570,6150,5190,4670,5980,27750,2380,4790
2021_01,5時,16230,16860,4990,5310,6310,5430,4970,6070,28980,2760,3300,16160,16740,5370,5300,6120,5170,4930,6010,28270,2380,4000
2021_01,6時,17520,17640,5230,5620,6750,5690,5480,6370,28260,3960,4870,16290,16880,5330,5280,6160,5210,5060,6120,27760,2830,4310
2021_01,7時,22060,19250,6120,6730,8020,7060,6640,6720,26750,9000,7600,17590,17700,5640,5740,6640,5470,5420,6370,27480,4000,5590
2021_01,8時,28410,25880,8640,9510,11520,9240,8100,7270,23920,20220,12260,19710,19540,6410,6540,7790,6060,5940,6500,26600,6100,8270
2021_01,9時,31850,31130,10920,11540,13200,10280,8780,8250,21470,26020,17440,22020,22430,7710,7570,8870,6880,6480,6920,25640,8510,12020
2021_01,10時,33700,33740,11960,12430,13900,10820,9320,8980,20170,27240,21830,24690,25250,9030,8640,10020,7610,7110,7520,24750,9770,17060
2021_01,11時,35010,35810,12740,12970,14360,11220,9870,9660,19650,28260,24660,26550,27780,10330,9580,10690,8140,7660,7910,24060,10480,21400
2021_01,12時,35550,36660,13250,13270,14550,11500,9980,9640,19450,28810,25740,27770,28920,11310,10120,11060,8400,7890,7910,23580,10820,23840
2021_01,13時,35600,36350,13130,13250,14550,11590,10040,9380,19240,28850,25580,28430,29400,11730,10370,11290,8610,7890,7920,23310,10740,25290
2021_01,14時,35330,35880,13170,13110,14410,11550,9860,9090,19110,28560,25250,29000,29720,12200,10660,11410,8640,7830,7960,23060,10650,26490
2021_01,15時,35210,35120,13250,13050,14210,11340,9700,8750,19160,28460,24430,29140,29230,12460,10740,11330,8500,7610,7720,22950,10580,26350
2021_01,16時,34680,33840,13130,12720,13870,11200,9340,8240,19560,27740,22970,28720,28120,12520,10560,10840,8260,7260,7390,23110,10220,25010
2021_01,17時,33620,31890,12680,12180,13380,10850,8710,7690,20610,24940,21730,27870,26960,12360,10230,10440,7860,6890,7030,23790,9610,22950
2021_01,18時,31260,28280,11920,11320,11950,9730,7580,7030,22370,18830,20140,26230,24930,11460,9460,9710,7410,6420,6680,24560,8320,19850
2021_01,19時,27930,25070,10860,10170,10450,8350,6610,6550,24220,13410,17210,24040,22650,10280,8490,8820,6750,5920,6420,25420,6800,16070
2021_01,20時,23940,21340,9050,8620,8720,7010,5770,6100,25450,8700,12960,21390,19760,8680,7430,7720,6010,5290,6020,26040,4810,11950
2021_01,21時,20660,18850,7310,7460,7570,6170,5210,5780,26290,5650,9390,19030,17900,7160,6540,6950,5500,4940,5820,26490,3440,8670
2021_01,22時,18240,17300,6250,6540,6720,5680,4820,5500,26560,4080,6730,17370,16700,6190,5980,6380,5260,4700,5540,26370,2800,6550
2021_01,23時,15950,15870,5320,5690,5960,5200,4500,5140,25890,2950,4760,15560,15630,5550,5350,5790,4920,4400,5160,25620,2270,4900
2021_01,24時,15840,16310,4960,5540,5890,5210,4730,5810,28030,2500,3470,15480,16100,5100,5250,5760,4990,4640,5830,27570,2030,3670
2021_01,25時,15900,16400,5030,5510,5910,5240,4760,5840,28280,2470,3400,15590,16250,5150,5270,5850,5000,4700,5860,27810,2030,3700
2021_01,26時,15630,16250,4940,5360,5830,5200,4730,5800,28240,2430,3080,15410,16180,5080,5150,5820,4980,4680,5860,27770,2020,3500
2021_01,27時,15510,16230,4910,5300,5780,5180,4730,5810,28240,2440,2910,15290,16130,4990,5120,5790,4960,4680,5870,27800,2030,3280
2021_01,28時,15510,16190,4910,5270,5790,5160,4750,5810,28240,2480,2840,15330,16090,5000,5070,5790,4960,4700,5880,27760,2050,3300
2021_02,5時,16290,16360,5350,5150,6150,5240,4890,5840,28560,2580,3390,16080,16290,5700,5020,5980,5080,4720,5850,27760,2390,3970
2021_02,6時,17790,17170,5600,5400,6680,5630,5460,6160,27780,4020,4990,16570,16700,5910,5150,6100,5160,4940,5990,27330,3210,4510
2021_02,7時,22510,18960,6640,6430,8020,7060,6670,6630,26110,9480,7790,18310,17830,6400,5610,6920,5580,5280,6330,27060,4740,6070
2021_02,8時,29170,25440,8710,9340,11670,9340,8310,7230,23530,20870,12360,20670,20010,7400,6460,8200,6310,5840,6450,26010,7360,9070
2021_02,9時,32410,30740,10680,11350,13340,10420,9040,8290,21110,26900,17110,23290,23540,8870,7860,9470,7160,6460,6990,24950,10220,13460
2021_02,10時,34110,33730,11510,12430,14210,11000,9580,9080,19840,28040,21730,26290,26680,10180,9060,10830,7960,7280,7650,23610,11260,19740
2021_02,11時,35500,36110,12610,13050,14770,11310,10180,9670,19210,28980,25120,28430,29780,11650,10320,11690,8620,7790,8110,22740,12370,24730
2021_02,12時,36190,37010,13090,13430,14950,11600,10420,9690,18830,29540,26510,30170,31200,12760,11040,12170,8970,8080,8330,22200,12690,28060
2021_02,13時,36150,36830,13210,13430,14940,11610,10410,9380,18610,29690,26390,30510,31930,13470,11210,12240,9100,8110,8290,21810,12650,29540
2021_02,14時,36100,36220,13200,13220,14820,11590,10310,9160,18460,29430,26100,30690,32610,14090,11510,12260,9090,8000,8330,21600,12350,30880
2021_02,15時,36140,35310,13340,13100,14610,11420,10140,8830,18580,29410,25130,30620,32000,14300,11410,12090,8940,7850,8020,21700,12250,30210
2021_02,16時,35520,33890,13220,12770,14240,11230,9570,8360,18920,28430,23750,29970,31140,14050,11210,11660,8780,7620,7770,22290,11760,28610
2021_02,17時,34480,31640,12780,12270,13620,10800,8970,7670,19860,25320,22650,29080,29610,13900,10500,11280,8380,7270,7350,23070,10880,26360
2021_02,18時,32310,28400,12340,11510,12360,9800,7710,6970,21810,19030,21620,27480,26910,12890,9860,10420,7840,6630,6740,23890,9330,22820
2021_02,19時,29040,24820,10990,10490,10820,8490,6580,6460,23630,13670,18320,25010,23870,11480,8890,9220,7000,6000,6270,24670,7600,18250
2021_02,20時,24750,21060,9270,8780,9070,7060,5640,5970,25090,9110,13360,21720,20440,9500,7480,7930,6030,5270,5930,25570,5630,12630
2021_02,21時,21100,18570,7590,7430,7810,6060,5090,5670,26020,5820,9590,19320,18000,7810,6510,6970,5470,4850,5680,25940,3950,9090
2021_02,22時,18640,16840,6310,6590,6910,5590,4740,5330,26210,4020,6990,17510,16450,6570,5840,6410,5160,4630,5340,25820,2910,6900
2021_02,23時,16160,15580,5580,5610,6070,5040,4470,4950,25690,2700,5000,15450,15400,5880,5090,5750,4780,4360,4980,25130,2240,5070
2021_02,24時,16040,15980,5440,5320,5970,5070,4640,5550,27700,2320,3780,15520,15720,5580,5000,5640,4830,4550,5610,26990,2080,3860
2021_02,25時,16180,16080,5560,5310,6010,5100,4660,5600,27990,2310,3750,15710,15710,5570,5040,5690,4870,4570,5650,27230,2070,3820
2021_02,26時,16000,15970,5510,5190,5930,5080,4650,5610,27960,2300,3510,15540,15620,5530,4960,5630,4820,4550,5650,27240,2080,3560
2021_02,27時,15830,15930,5400,5140,5870,5060,4640,5630,27960,2310,3280,15430,15580,5430,4930,5600,4800,4550,5690,27240,2090,3400
2021_02,28時,15680,15880,5340,5070,5850,5010,4650,5630,27870,2340,3150,15340,15520,5380,4870,5590,4790,4540,5680,27130,2120,3330
2021_03,5時,16550,16180,5270,5360,6150,5230,4910,5790,28410,2770,3580,16420,16340,5650,5420,5990,5050,4990,5650,27550,2510,4520
2021_03,6時,18220,17030,5760,5680,6490,5670,5450,6170,27680,4370,5200,16660,16540,5610,5550,5990,5110,5140,5790,27050,3100,4870
2021_03,7時,23380,18660,6490,6900,8220,7160,6800,6450,25880,9930,8280,18190,17420,5990,6060,6610,5430,5410,6090,26660,4410,6320
2021_03,8時,30350,25040,8520,10010,11910,9430,8530,6970,22730,22240,12520,20960,19820,7280,7030,7780,6380,6010,6280,25540,7200,9820
2021_03,9時,33460,30320,10270,11960,13630,10430,9250,8220,20450,28610,16730,24200,23010,8560,8450,9390,7210,6800,6800,24440,10070,14500
2021_03,10時,35320,33290,10970,13080,14440,10970,10010,9130,19090,29910,21410,27420,26400,10080,9590,10870,8190,7510,7540,23280,11510,20690
2021_03,11時,36700,35730,12090,13680,14890,11400,10650,9710,18270,30750,25150,30130,29710,11950,10890,12180,8950,7980,7880,22210,12440,26790
2021_03,12時,37520,36800,12760,13950,15120,11700,10980,9800,18100,31150,26760,31710,31380,12920,11640,12920,9300,8350,7940,21700,12770,30130
2021_03,13時,37550,36770,12940,13890,15160,11700,10880,9740,17900,31020,27060,32610,32090,13970,11850,13100,9340,8380,8040,21390,12730,32040
2021_03,14時,37820,36500,13360,13830,15100,11720,10700,9580,17780,30740,27430,33100,32510,14560,12260,13180,9400,8280,7910,21210,12610,33240
2021_03,15時,37610,35820,13590,13580,14980,11590,10540,9130,17950,30540,26580,32850,31860,14580,12180,12820,9300,8090,7720,21160,12210,32790
2021_03,16時,36850,34370,13430,13220,14580,11380,10030,8550,18280,29780,24850,32160,30590,14550,11450,12170,9130,7920,7520,21640,11830,30780
2021_03,17時,36010,32330,13460,12680,14050,10990,9320,7820,19140,27370,23540,31280,29320,14500,11030,11750,8710,7470,7120,22630,11210,28270
2021_03,18時,34080,29020,13070,12010,12670,10060,8170,7100,21210,20830,22770,29320,27050,13470,10320,10980,8150,6900,6520,23510,9920,24450
2021_03,19時,30850,25560,11850,11120,11190,8800,6980,6460,23090,15160,19910,26700,24070,11950,9140,9740,7380,6290,6260,24390,8320,19670
2021_03,20時,26440,21610,10040,9290,9450,7340,5870,6050,24590,10260,14950,23330,20380,9930,7820,8210,6410,5520,5800,25160,6050,14120
2021_03,21時,22570,18850,8210,7950,7970,6300,5280,5700,25810,6670,10710,20490,17940,8210,6950,7040,5590,5060,5550,25690,4070,10310
2021_03,22時,19450,17020,6870,6840,6900,5660,4840,5350,26320,4460,7520,18160,16660,6900,6220,6370,5220,4750,5340,25820,2920,7780
2021_03,23時,16740,15560,5980,5760,6070,5040,4490,4950,25740,3190,5170,15990,15510,6060,5500,5640,4820,4480,4980,25170,2430,5560
2021_03,24時,16200,15920,5400,5510,5910,5060,4740,5480,27660,2540,3810,15780,15810,5730,5240,5600,4830,4670,5500,26750,2270,4290
2021_03,25時,16310,15980,5470,5510,5920,5070,4780,5500,27880,2500,3800,15830,15900,5750,5260,5610,4850,4700,5530,27000,2260,4220
2021_03,26時,16070,15870,5360,5410,5810,5070,4770,5510,27830,2460,3560,15620,15820,5650,5180,5550,4860,4680,5510,26960,2230,4010
2021_03,27時,15950,15770,5230,5360,5790,5060,4750,5510,27830,2460,3340,15520,15700,5490,5150,5540,4840,4660,5520,26920,2210,3840
2021_03,28時,15910,15670,5160,5340,5810,4990,4750,5510,27760,2480,3250,15520,15710,5510,5150,5560,4830,4650,5510,26970,2260,3760
2021_04,5時,16970,16520,5920,5350,5890,5410,4860,6060,28920,2720,3840,16790,16230,6130,5430,5490,5280,4630,6040,28100,2240,4420
2021_04,6時,18960,17370,6350,5830,6470,5830,5440,6400,28090,4510,5700,17580,16720,6390,5770,5840,5270,4790,6230,27730,3210,5100
2021_04,7時,24460,19220,7430,7010,8380,7190,6940,6710,26130,10520,9080,19430,17720,7020,6340,6550,5670,5150,6400,27210,4860,6810
2021_04,8時,31790,26170,9730,9870,12230,9730,8880,7500,22650,23960,13480,21810,19910,8060,7020,7620,6530,5870,6610,26040,7540,9870
2021_04,9時,35120,31890,12070,11870,14230,10580,9580,8650,20220,30660,18070,24900,24300,10090,8350,9160,7430,6740,7430,25040,10240,15560
2021_04,10時,37320,34530,13110,12720,14920,11190,10320,9560,18910,31880,22760,28350,27160,11520,9500,10630,8290,7520,8040,23510,11480,22040
2021_04,11時,38440,36690,13890,13210,15440,11560,10760,10260,18130,32550,26140,31150,30610,13480,10870,11720,9030,8060,8590,22620,12280,28290
2021_04,12時,38890,37470,14470,13430,15420,11740,11070,10220,17830,32960,27210,32630,32530,14850,11430,12210,9410,8570,8660,22150,12590,31800
2021_04,13時,38890,37610,14600,13430,15460,11740,11080,10180,17560,32780,27790,33260,32930,15420,11780,12520,9420,8510,8530,21750,12410,33390
2021_04,14時,39040,37100,14710,13390,15310,11810,11010,9890,17430,32650,27660,33780,32670,15800,12190,12430,9440,8400,8180,21450,12360,34000
2021_04,15時,38850,36100,14560,13390,14960,11740,10770,9520,17530,32340,26690,33300,32300,15800,12060,12240,9300,8230,7950,21440,12420,33150
2021_04,16時,38410,35130,14700,13270,14720,11500,10400,8920,18000,31820,25370,32870,31340,15760,11910,11790,9090,7880,7770,22020,11980,31600
2021_04,17時,37670,33570,14790,12870,14310,11360,9650,8260,19130,29120,24650,32160,30140,15590,11560,11340,8740,7550,7490,22750,11130,29850
2021_04,18時,35490,30480,14560,12310,12850,10580,8260,7400,21390,22000,24260,30370,27990,14580,11110,10520,8270,6820,7050,23690,9650,26460
2021_04,19時,32250,26860,13210,11260,11520,9210,7000,6880,23350,15420,22040,27950,25570,13190,10330,9530,7660,6180,6600,24570,7830,22560
2021_04,20時,27850,23200,11440,9620,9700,7870,5990,6410,24810,10540,17400,24850,21870,10780,9040,8350,6760,5480,6300,25400,5900,16940
2021_04,21時,23530,19680,9260,8180,7860,6640,5260,5990,26160,6420,12380,21500,18960,8750,7840,7020,5930,4880,6030,26170,4140,11780
2021_04,22時,20190,17410,7690,6940,6710,5850,4780,5620,26680,4200,8510,19080,16980,7310,6750,6210,5420,4580,5770,26250,2900,8530
2021_04,23時,17000,15760,6190,5920,5750,5230,4430,5230,26160,2860,5480,16420,15600,6190,5750,5480,5010,4230,5340,25590,2240,5820
2021_04,24時,16530,16270,6090,5590,5540,5230,4550,5770,28230,2380,4030,16140,15910,5930,5500,5410,5010,4320,5880,27450,1980,4310
2021_04,25時,16690,16240,6050,5600,5560,5270,4620,5820,28490,2360,3940,16170,15910,5910,5460,5410,5000,4360,5930,27630,1950,4180
2021_04,26時,16480,16080,5930,5480,5470,5240,4610,5820,28390,2310,3720,16020,15840,5930,5310,5360,4990,4330,5930,27650,1940,3960
2021_04,27時,16380,16000,5890,5390,5440,5210,4620,5820,28370,2300,3570,15870,15810,5850,5240,5350,4980,4310,5930,27630,1950,3790
2021_04,28時,16310,15950,5910,5340,5420,5190,4580,5800,28280,2350,3490,15840,15770,5750,5220,5360,5010,4330,5930,27570,1980,3750
2021_05,5時,16220,17400,6240,5530,5700,5390,4740,5990,29340,2980,3360,16570,17030,6400,5480,5630,5290,4740,6040,28780,2560,4120
2021_05,6時,17990,18130,6380,5920,6310,5770,5290,6440,28430,4480,5280,17070,17390,6530,5590,5830,5330,4900,6260,28240,3270,4830
2021_05,7時,22840,19580,7350,6690,7860,6890,6910,6710,26590,9790,8210,18670,18370,7160,5950,6550,5590,5310,6470,27830,4660,6400
2021_05,8時,30060,26540,9710,9680,11590,9300,8830,7470,23180,22790,12790,20900,20250,7750,6680,7760,6380,5850,6710,26690,6930,9380
2021_05,9時,33200,31820,11800,11080,13660,10290,9600,8570,20900,29120,17180,23730,23520,9540,7870,8890,7230,6520,7180,25240,9350,14410
2021_05,10時,34760,34740,12450,11800,14500,10950,10250,9530,19530,30160,21730,27130,26730,11010,9260,10340,8200,7210,7830,23950,10690,20930
2021_05,11時,35720,36600,13200,12300,14900,11300,10630,9970,18800,30830,24590,29820,30220,13110,10580,11520,8990,7690,8130,23070,11330,27260
2021_05,12時,36440,37270,13780,12630,15130,11430,10880,9850,18510,31240,25790,31290,31920,14170,11470,12050,9190,8050,8260,22690,11580,30510
2021_05,13時,36240,37030,13840,12700,15050,11440,10730,9500,18250,31110,25680,32010,32430,14680,11700,12340,9310,8190,8200,22450,11610,31930
2021_05,14時,36420,36490,13930,12690,14930,11430,10710,9210,18360,30810,25510,31980,32200,14610,11820,12200,9360,8200,7970,22270,11580,31870
2021_05,15時,36000,35630,13880,12490,14540,11260,10510,8930,18620,30600,24250,31980,31900,14770,11750,12160,9240,8040,7920,22350,11550,31550
2021_05,16時,35630,34620,13990,12280,14210,11110,10080,8560,18920,30110,23070,31530,30900,14860,11660,11710,8910,7690,7590,22810,11300,29910
2021_05,17時,34560,32800,13830,11830,13760,10680,9330,7910,19840,26930,22430,30640,29330,14580,11260,11050,8570,7220,7280,23600,10560,27450
2021_05,18時,31830,29440,13290,11060,12240,9810,7750,7100,22100,19420,21600,28730,27670,13840,10750,10230,8070,6650,6830,24740,9150,24200
2021_05,19時,28780,26120,12010,10120,10750,8660,6660,6670,24130,13770,18850,26070,25220,12490,9760,9200,7320,5930,6560,25720,7390,19890
2021_05,20時,24700,22390,10080,8720,8920,7450,5610,6280,25610,8920,14440,22840,21620,10270,8420,7810,6510,5230,6210,26460,5380,14390
2021_05,21時,21270,19430,8430,7680,7390,6350,4950,5880,26780,5470,10380,20200,18910,8600,7360,6690,5780,4720,5940,26990,3710,10190
2021_05,22時,18580,17780,7420,6650,6260,5720,4660,5630,27100,3780,7410,18120,17600,7600,6440,6000,5400,4560,5700,27110,2880,7550
2021_05,23時,15900,16390,6280,5690,5490,5220,4360,5250,26600,2830,4720,15940,16470,6810,5580,5400,4960,4330,5310,26460,2420,5320
2021_05,24時,15820,16810,6140,5510,5550,5130,4530,5740,28490,2550,3570,15780,16600,6330,5410,5450,4960,4470,5740,28070,2240,3910
2021_05,25時,15900,16790,6150,5490,5570,5150,4560,5760,28650,2540,3480,15810,16600,6300,5380,5470,4970,4510,5760,28230,2240,3780
2021_05,26時,15730,16740,6160,5380,5430,5170,4560,5760,28560,2540,3350,15590,16580,6230,5300,5400,4960,4490,5770,28190,2230,3600
2021_05,27時,15640,16680,6060,5350,5390,5180,4550,5760,28540,2550,3200,15470,16520,6170,5230,5350,4970,4480,5780,28160,2230,3450
2021_05,28時,15620,16650,6070,5320,5380,5170,4540,5770,28500,2560,3180,15480,16500,6160,5190,5350,4980,4470,5810,28120,2230,3470
2021_06,5時,16580,17270,6540,5390,5800,5350,4750,6000,29540,2710,3670,16680,17380,7080,5490,5570,5260,4610,6030,28860,2340,4650
2021_06,6時,18500,18120,6960,5840,6310,5770,5330,6400,28780,4370,5580,17070,17930,7460,5560,5690,5340,4700,6240,28490,2950,5320
2021_06,7時,23570,19320,7510,6890,7910,7080,6810,6670,26590,9880,8590,18750,18700,7960,6020,6290,5560,5160,6430,27990,4530,6690
2021_06,8時,30600,25500,9450,9690,11460,9570,8600,7310,23060,22980,12270,21520,20860,9040,6760,7530,6520,5860,6650,26710,6960,10450
2021_06,9時,33710,31440,11810,11330,13620,10470,9530,8360,20240,29920,17130,24200,24800,10760,7950,8940,7390,6640,7300,25120,9630,15920
2021_06,10時,35280,34530,12610,12080,14440,11080,10300,9280,18850,31170,21700,27320,29150,12460,9320,10700,8530,7530,7920,23900,11270,23050
2021_06,11時,36390,36500,13260,12460,15080,11460,10740,9870,18050,31700,24980,30170,32000,13890,10820,11820,9190,8080,8350,22920,11860,29010
2021_06,12時,36990,37510,13850,12680,15250,11670,11050,9980,17970,31980,26360,31510,33630,14850,11700,12320,9510,8180,8560,22520,12150,31990
2021_06,13時,37070,37500,14040,12950,15020,11590,11100,9840,17740,31810,26760,31930,34580,15580,12000,12320,9660,8420,8510,22010,12210,33830
2021_06,14時,37070,36820,14180,12810,14690,11590,11020,9570,17750,31530,26370,32610,34860,16010,12520,12290,9700,8540,8390,21830,12050,35090
2021_06,15時,36660,36240,14370,12740,14220,11420,10840,9290,18140,31330,25240,32780,34670,16500,12130,12310,9770,8350,8360,21890,12050,35040
2021_06,16時,36220,35060,14290,12510,14050,11350,10370,8690,18500,30820,23780,32200,33890,16850,11860,11890,9590,7990,7900,22450,11860,33330
2021_06,17時,35070,32850,13750,12190,13660,10930,9490,7880,19520,27680,22560,30840,32500,16610,11340,11360,9090,7500,7420,23210,11020,30700
2021_06,18時,32410,29610,13330,11390,12210,9930,7960,7180,21800,20230,21840,29050,29770,15720,10550,10280,8430,6920,6910,24400,9520,26500
2021_06,19時,29440,26660,12590,10400,10840,8780,6750,6730,24180,14240,19570,26750,26690,14110,9720,9190,7610,6240,6540,25390,7720,21980
2021_06,20時,25480,22910,10630,8940,9250,7550,5680,6310,25820,9480,14960,23180,22840,11180,8670,8030,6680,5310,6140,26140,5840,15740
2021_06,21時,22000,19990,9060,7900,7640,6480,4990,5910,27160,5670,11070,20400,19460,9230,7400,6780,5860,4690,5880,26960,3690,10950
2021_06,22時,19300,18210,8090,6960,6470,5740,4640,5590,27560,3780,8080,18260,17850,8110,6530,6070,5390,4410,5590,27170,2810,7920
2021_06,23時,16700,16750,7030,5980,5720,5150,4320,5230,27200,2780,5380,15940,16600,7060,5670,5450,4960,4150,5230,26610,2340,5380
2021_06,24時,16280,16860,6630,5660,5680,5060,4410,5690,28760,2430,3880,15830,16860,6860,5370,5410,5010,4330,5690,28200,2140,4160
2021_06,25時,16460,16920,6720,5650,5710,5110,4440,5740,29040,2410,3860,15980,16810,6840,5310,5430,5050,4370,5760,28350,2170,4080
2021_06,26時,16270,16780,6620,5510,5600,5120,4440,5740,29020,2380,3600,15760,16680,6670,5220,5390,5050,4330,5760,28300,2130,3830
2021_06,27時,16060,16690,6480,5450,5500,5110,4430,5750,28970,2370,3350,15610,16690,6710,5160,5310,5030,4320,5760,28340,2110,3660
2021_06,28時,15960,16630,6450,5390,5460,5070,4430,5780,28870,2360,3300,15580,16700,6670,5180,5310,5010,4320,5770,28350,2130,3630
2021_07,5時,16550,17340,6210,5630,5870,5350,4830,5990,28790,3010,4090,16390,17310,6420,5790,5630,5260,4630,5950,28080,2510,4890
2021_07,6時,18330,18160,6360,5980,6450,5790,5390,6500,27910,4540,6020,16840,17790,6480,5950,5860,5330,4920,6070,27430,3320,5690
2021_07,7時,23990,19720,7170,7400,8330,7120,6980,6700,26250,10580,9050,18840,18700,6910,6580,6620,5680,5420,6310,27030,4920,7390
2021_07,8時,31590,26180,9680,10380,12020,9600,8770,7310,23200,23710,12940,21200,20980,7690,7280,8030,6720,5930,6510,25660,7380,10840
2021_07,9時,34470,32130,11860,12020,14110,10570,9620,8410,20390,30650,17600,24060,24920,9200,8630,9350,7710,6840,7220,24420,10060,16250
2021_07,10時,36030,35050,12440,12520,14970,11210,10470,9460,18990,31720,22160,27530,28960,11060,10030,10880,8690,7900,7900,23210,11550,23360
2021_07,11時,37210,37070,13040,13100,15680,11570,10890,9980,18360,32290,25390,29920,32350,12770,11370,12000,9330,8330,8440,22500,12370,29050
2021_07,12時,37690,37770,13440,13370,15860,11770,11100,9900,18130,32610,26500,31090,33520,13670,11810,12460,9700,8450,8500,22020,12440,31680
2021_07,13時,37700,37550,13500,13490,15740,11660,11140,9700,17990,32430,26600,32130,33990,14430,12090,12700,9850,8510,8520,21570,12450,33600
2021_07,14時,37770,37630,14000,13440,15610,11580,11120,9630,18050,32180,26920,32750,33960,14810,12410,12570,9870,8540,8500,21490,12380,34340
2021_07,15時,37880,36720,14210,13380,15210,11500,11010,9280,18250,31870,26220,32520,33750,14980,12570,12500,9730,8330,8140,21590,12210,33940
2021_07,16時,37570,35330,13920,13240,15090,11410,10500,8740,18560,31300,24800,31650,32620,14950,12220,11960,9390,7970,7760,22100,11670,31980
2021_07,17時,36100,33530,13800,12730,14430,11060,9600,7980,19840,27880,23730,30690,31180,14740,11940,11340,9010,7470,7360,22740,10860,29770
2021_07,18時,33540,30680,14010,11880,12890,10170,8030,7210,21950,20860,23260,28900,29110,14250,11280,10430,8360,6830,6840,23580,9380,26610
2021_07,19時,30450,27030,13050,10640,11280,8810,6960,6730,24010,14840,20510,26840,26290,13190,10370,9560,7470,6190,6350,24640,7770,22300
2021_07,20時,25910,23010,10790,9150,9370,7460,5860,6260,25220,9850,15670,23250,22730,10760,9090,8190,6510,5390,6030,25440,5780,16390
2021_07,21時,22220,20020,9230,7950,7740,6350,5070,5880,26490,6120,11460,20600,19630,9090,7800,6940,5810,4820,5750,26160,3800,11880
2021_07,22時,19530,18110,7970,7060,6640,5770,4610,5580,27150,4040,8300,18580,18170,8040,7130,6130,5450,4480,5490,26430,2850,9130
2021_07,23時,16670,16710,6910,6050,5750,5160,4300,5200,26680,3060,5450,16100,16830,7000,6120,5540,4960,4140,5140,25820,2440,6330
2021_07,24時,16280,16990,6430,5840,5720,5110,4460,5680,28320,2700,4130,15930,16890,6400,5920,5560,4940,4330,5660,27530,2230,4800
2021_07,25時,16410,17020,6410,5880,5750,5150,4490,5730,28520,2660,4140,16060,16950,6460,5910,5610,4960,4350,5700,27690,2220,4830
2021_07,26時,16100,16820,6230,5690,5650,5100,4510,5720,28360,2600,3840,15830,16880,6360,5770,5560,4940,4380,5690,27550,2160,4730
2021_07,27時,15970,16730,6200,5620,5560,5100,4490,5720,28310,2620,3670,15600,16870,6290,5680,5480,4950,4370,5690,27540,2160,4500
2021_07,28時,15890,16660,6130,5540,5540,5080,4500,5750,28200,2630,3600,15360,16830,6180,5580,5420,4930,4360,5700,27450,2170,4300
2021_08,5時,16090,17660,6170,5470,6060,5280,4850,5910,28810,2890,4100,15650,17320,6090,5470,5780,5030,4720,5850,27760,2440,4630
2021_08,6時,17670,18440,6520,5810,6450,5690,5250,6370,28170,4150,5830,16440,17790,6430,5550,5950,5190,4960,6130,27520,3210,5360
2021_08,7時,22180,19600,6970,6720,7960,6840,6580,6690,26480,8960,8550,18160,18470,6700,6200,6640,5450,5360,6260,27100,4580,6840
2021_08,8時,28990,25440,8960,9950,11210,8970,8100,7210,24080,19420,13130,20430,20640,7540,6940,7860,6320,5930,6460,26060,6750,10030
2021_08,9時,31540,30030,10800,11260,12790,9750,8970,7980,21510,24530,17580,22890,24090,9060,8180,9200,7100,6550,6880,24880,8970,14930
2021_08,10時,33020,32680,11300,11870,13500,10470,9710,8830,20110,25700,21700,25530,26770,10070,9190,10390,7970,7310,7340,23610,10130,20240
2021_08,11時,34110,34680,12260,12480,13960,10760,10080,9220,19460,26600,24510,27310,29190,11310,10160,11130,8330,7810,7740,22840,10900,24460
2021_08,12時,34750,35180,12480,12830,14230,10860,10190,9330,19200,26880,25660,28290,30150,11890,10800,11470,8550,7970,7740,22580,11120,26360
2021_08,13時,34800,35210,12940,12810,14220,10850,10040,9140,19140,26840,25790,29140,30980,13170,11130,11410,8730,7990,7680,22550,11220,27980
2021_08,14時,34780,34790,13140,12630,13940,10800,10060,8990,18970,26800,25570,29510,31140,13610,11180,11630,8680,7850,7690,22460,11030,28730
2021_08,15時,34680,34330,13330,12530,13820,10610,10040,8670,19110,26620,25020,29250,30730,13500,11190,11400,8620,7690,7570,22340,10900,28350
2021_08,16時,34410,33290,13400,12300,13570,10530,9660,8220,19520,26260,23700,28610,30290,13890,10850,11020,8430,7390,7300,22840,10580,27080
2021_08,17時,33150,31700,13470,11830,12890,10090,8850,7700,20470,23750,22450,27710,29000,13410,10480,10620,8070,7120,7000,23430,9780,25120
2021_08,18時,30730,28890,13220,10870,11720,9270,7460,7060,22590,17980,20880,26380,27170,12890,10090,9870,7600,6510,6570,23980,8690,22540
2021_08,19時,27480,25680,11990,9680,10080,8140,6540,6710,24370,12620,18030,24200,24640,11810,9090,8840,6920,5920,6250,24820,7030,18730
2021_08,20時,23470,22260,10160,8130,8620,6980,5570,6250,25670,8310,13620,21330,21460,9890,7890,7790,6110,5180,5890,25570,5240,13690
2021_08,21時,20570,19670,8740,7280,7240,6170,4970,5820,26590,5260,10300,19460,19470,8860,7210,7010,5460,4740,5650,26350,3760,10580
2021_08,22時,18070,18400,7710,6530,6460,5630,4610,5510,26940,3670,7790,17400,18110,7820,6340,6300,5180,4510,5340,26420,2810,8080
2021_08,23時,15740,17010,6710,5650,5730,5130,4320,5190,26410,2790,5440,15230,16860,6810,5520,5630,4800,4250,5050,25730,2490,5630
2021_08,24時,15800,17070,6280,5570,5760,5090,4530,5620,28150,2510,4170,15060,17000,6090,5490,5630,4880,4420,5530,27360,2320,4220
2021_08,25時,15970,17130,6340,5590,5810,5120,4540,5670,28400,2510,4150,15120,17100,6170,5460,5630,4930,4450,5560,27560,2310,4180
2021_08,26時,15800,17040,6250,5530,5720,5120,4540,5660,28350,2520,3950,14850,17000,5990,5340,5550,4900,4460,5580,27500,2290,3890
2021_08,27時,15620,17050,6240,5440,5660,5100,4530,5680,28320,2540,3780,14690,16930,5950,5270,5480,4870,4460,5580,27450,2280,3730
2021_08,28時,15560,17040,6230,5360,5660,5080,4570,5680,28270,2570,3730,14600,16900,5900,5190,5500,4870,4450,5570,27380,2300,3670
2021_09,5時,15660,17040,5400,5570,5800,5140,4820,5960,28400,2760,3560,15490,17220,5800,5700,5600,5030,4630,5930,28070,2340,4040
2021_09,6時,17420,18000,5730,6030,6290,5600,5270,6480,27770,4150,5520,15940,17580,5820,5820,5730,5130,4850,6160,27680,2990,4600
2021_09,7時,22130,19470,6380,7130,7810,6810,6690,6750,26170,9410,8200,17980,18340,6180,6590,6500,5460,5230,6330,27070,4620,6340
2021_09,8時,29400,25620,8550,10150,11510,9060,8480,7260,23240,21680,12330,20430,20540,7150,7420,7680,6330,5810,6570,25890,7060,9690
2021_09,9時,32320,30470,10620,11530,13190,9850,9430,8150,20860,27200,16810,22700,23920,8320,8710,8940,7290,6430,6920,24570,9700,13960
2021_09,10時,33800,33190,11130,12180,13940,10440,10120,9140,19400,28250,21210,26040,27440,9810,9840,10520,8260,7470,7560,23460,11100,20430
2021_09,11時,34960,35460,12020,12670,14690,10660,10570,9780,18810,29210,24240,28100,30170,11140,11170,11340,8830,7830,7950,22440,12020,25250
2021_09,12時,35450,36230,12560,13030,14810,10760,10720,9790,18670,29580,25320,29140,31630,12150,11350,11840,9100,8070,8250,21850,12190,28110
2021_09,13時,35810,36460,12890,13440,14710,10800,10720,9690,18450,29400,26210,30000,32430,12820,11760,12100,9170,8230,8330,21730,12170,29880
2021_09,14時,35710,36330,13200,13300,14540,10740,10710,9520,18580,29000,26250,30220,32490,13080,11990,12180,9130,8160,8160,21530,11980,30540
2021_09,15時,35350,35280,13050,13170,14180,10630,10450,9140,18760,28660,25000,30200,31880,13200,12050,11950,9050,7930,7890,22020,11760,29660
2021_09,16時,35030,34170,13180,13060,13820,10530,10020,8590,19160,28200,23620,29620,31170,13600,11930,11490,8780,7580,7400,22440,11530,28260
2021_09,17時,33910,32210,13090,12480,13360,10020,9320,7830,20230,25680,22030,28510,29720,13660,11340,10850,8210,7170,6980,23030,10750,25910
2021_09,18時,32140,29430,13210,11820,12260,9410,7730,7120,22330,19580,21500,26770,28090,13330,10790,9950,7690,6550,6540,24010,9290,23050
2021_09,19時,29090,26040,12100,10770,10460,8300,6720,6750,24220,13820,18960,24080,24940,11530,9600,8690,6920,6040,6230,24810,7340,18380
2021_09,20時,24750,22420,9880,9130,8880,7230,5690,6330,25600,9100,14330,21310,21910,9550,8480,7690,6240,5310,5930,25660,5370,13760
2021_09,21時,20970,19730,8360,7790,7450,6190,5060,5830,26340,5530,10710,19120,19640,8330,7610,6790,5550,4780,5680,26240,3470,10670
2021_09,22時,18280,18100,7230,7030,6390,5530,4700,5490,26700,3700,7840,17320,17910,7100,6990,6090,5140,4450,5450,26290,2610,7970
2021_09,23時,15560,16550,6060,6040,5620,4900,4380,5090,26010,2680,5190,15210,16720,6210,6100,5560,4760,4170,5110,25640,2250,5650
2021_09,24時,15490,16710,5690,5860,5530,4930,4510,5660,27960,2510,3660,15090,16730,5710,5840,5450,4790,4360,5650,27360,2140,4030
2021_09,25時,15670,16730,5680,5870,5580,4990,4540,5710,28180,2530,3650,15190,16820,5770,5830,5500,4790,4410,5690,27540,2170,4040
2021_09,26時,15500,16520,5570,5740,5480,4960,4540,5720,28110,2510,3340,14950,16730,5580,5760,5430,4780,4410,5690,27410,2160,3840
2021_09,27時,15330,16550,5550,5690,5410,4950,4530,5730,28080,2520,3220,14720,16660,5520,5670,5340,4770,4380,5690,27320,2170,3620
2021_09,28時,15220,16470,5490,5620,5370,4900,4560,5740,28010,2520,3100,14610,16600,5450,5560,5350,4740,4400,5690,27280,2140,3510
2021_10,5時,16090,17220,5590,6010,5610,5110,4950,6030,28540,3030,3920,16430,17510,6520,6010,5560,4960,4880,5990,27960,2700,5190
2021_10,6時,18040,17990,5850,6280,6210,5680,5450,6530,27740,4280,6110,16800,17790,6330,6050,5670,5110,5090,6310,27500,3140,5820
2021_10,7時,23180,19720,6500,7450,7740,7210,7070,6910,26030,9510,9560,18040,18720,6560,6570,6190,5410,5570,6450,26760,4560,7290
2021_10,8時,30930,26340,8920,10500,11860,9630,8770,7570,23020,22760,13770,20790,21190,7470,7650,7430,6440,6180,6800,25650,7000,11170
2021_10,9時,33880,31380,10550,11920,13780,10510,9840,8640,20530,28840,18090,23520,25440,9030,9270,8860,7610,6810,7370,24210,9860,16640
2021_10,10時,35130,34630,11230,12610,14560,10990,10580,9780,18790,29950,22900,26650,30070,10930,10590,10530,8690,7810,8150,22800,11280,24280
2021_10,11時,36430,37130,12000,13160,15210,11380,11220,10580,18140,30780,26490,29080,34000,12650,12120,11780,9410,8280,8820,21690,12130,30790
2021_10,12時,37030,37900,12340,13540,15470,11520,11420,10620,18200,31180,27420,30490,35650,13690,12840,12170,9750,8650,9030,21190,12500,33930
2021_10,13時,37180,38210,12700,13740,15280,11630,11440,10570,18050,31210,27970,31710,36160,14540,13240,12350,9960,8860,8910,21170,12470,35760
2021_10,14時,37230,38000,13050,13780,15100,11580,11370,10340,18050,30940,28060,32320,36580,14920,13450,12710,10000,8830,8980,21160,12380,36840
2021_10,15時,37100,36780,12920,13810,14770,11340,11130,9880,18180,30690,26840,32230,35730,15020,13170,12360,9720,8790,8870,21390,12210,35840
2021_10,16時,36820,35500,13170,13800,14320,11150,10720,9140,18790,30150,25220,32280,34070,15130,12980,12100,9470,8410,8240,21700,11990,34160
2021_10,17時,36190,33730,13350,13500,13810,10840,10080,8330,19770,27840,24200,31330,32720,15010,12770,11510,8980,7920,7840,22220,11260,32070
2021_10,18時,34370,30810,13420,12940,12720,10060,8500,7520,21770,21430,23860,29890,30460,14490,12360,10660,8350,7240,7230,23210,9830,28920
2021_10,19時,31660,27910,13170,11920,11100,8890,7450,7020,23600,15340,22510,27690,27510,13340,11400,9380,7630,6620,6810,24320,8060,24480
2021_10,20時,27210,24450,11210,10270,9310,7830,6440,6570,25090,10280,18230,25050,24330,11620,10450,8330,6730,5840,6390,25220,6110,19730
2021_10,21時,23090,21320,9700,8670,7710,6770,5480,6070,26130,6600,13680,21880,20970,9600,9040,7170,5980,5100,5940,25720,4370,14490
2021_10,22時,19910,19390,8500,7700,6640,5880,4940,5620,26690,4420,10210,19180,18840,8400,7760,6250,5390,4670,5530,25900,3440,10440
2021_10,23時,16780,17560,7260,6580,5670,5100,4480,5240,26100,3220,6990,16330,17310,7180,6700,5440,4840,4270,5190,25270,2810,7290
2021_10,24時,16270,17400,6500,6290,5470,5050,4680,5670,27940,2830,4970,15650,17130,6290,6170,5240,4870,4500,5700,27070,2500,5020
2021_10,25時,16340,17430,6400,6300,5530,5090,4710,5720,28170,2760,4890,15650,17240,6260,6160,5290,4900,4530,5750,27280,2510,4930
2021_10,26時,16020,16990,6040,6080,5430,5040,4690,5710,28130,2730,4210,15390,17050,6110,6040,5200,4830,4510,5740,27330,2470,4480
2021_10,27時,15840,16850,5910,6010,5340,5000,4690,5720,28100,2730,3930,15220,16940,6030,5950,5110,4800,4510,5750,27240,2460,4300
2021_10,28時,15750,16750,5790,5940,5320,4940,4740,5750,28020,2730,3830,15160,16870,5940,5890,5100,4750,4530,5800,27210,2470,4190
2021_11,5時,16020,17030,6000,5760,5500,5140,4960,5670,27950,3010,4220,16240,16730,6170,5920,5200,5110,4860,5690,27030,2620,5140
2021_11,6時,17850,17820,6120,6040,6040,5660,5560,6230,27170,4280,6260,16560,17250,6470,5830,5410,5200,5040,5840,26720,3150,5750
2021_11,7時,22380,19470,6660,7000,7450,7140,7040,6540,25070,9450,9550,18060,18280,6940,6410,5890,5540,5440,6100,26100,4640,7430
2021_11,8時,30230,26680,9190,10170,11780,9670,8830,7250,22270,23210,13700,20540,20920,7780,7250,7290,6460,6190,6470,25010,7230,10980
2021_11,9時,33730,32210,11660,11690,13630,10630,9930,8380,20150,29890,18080,22410,25100,9040,8410,8700,7560,6770,7010,23270,10050,15910
2021_11,10時,35150,35020,12120,12210,14400,11020,10750,9650,18310,31000,22800,25750,29680,10890,9500,10150,8660,8040,8160,22020,11190,23890
2021_11,11時,36050,37460,12510,12640,14870,11460,11320,10700,17410,31530,26520,28990,33950,12620,11120,11630,9530,8900,9110,21180,12270,31170
2021_11,12時,36530,38380,12540,13320,14980,11610,11650,10790,17420,31620,27780,30460,35420,13410,11990,12110,9820,9360,9160,20610,12500,34370
2021_11,13時,36570,38880,12970,13340,15000,11550,11840,10740,17390,31520,28470,31380,35570,13520,12220,12540,10080,9370,9200,20410,12470,35600
2021_11,14時,36820,38390,13380,13250,14800,11660,11690,10410,17340,31230,28550,31640,36120,14000,12570,12670,10140,9310,9050,20480,12410,36410
2021_11,15時,36280,37430,13620,13090,14340,11440,11470,9740,17450,31090,27070,31310,34850,13620,12560,12400,9840,9180,8550,20490,12230,35010
2021_11,16時,36340,35620,13470,13150,14110,11320,10860,9030,18030,30510,25350,31300,33570,13970,12680,11940,9620,8510,8120,21080,11850,33470
2021_11,17時,35880,33830,13710,12770,13920,11010,10080,8220,19340,28200,24130,30690,31870,14010,12380,11460,9160,7980,7540,22060,11160,30920
2021_11,18時,34880,31110,14020,12340,12810,10460,8860,7470,21510,22020,24410,29870,30030,14100,12150,10440,8780,7400,7020,23170,9890,28420
2021_11,19時,31910,28100,13130,11610,11100,9450,7740,6950,23440,15480,23020,28200,27750,13560,11490,9410,8070,6850,6560,23910,8140,25450
2021_11,20時,28290,24930,11630,10310,9740,8450,6650,6440,25030,10610,19530,25660,24940,12150,10600,8440,7280,6040,6080,25010,6380,20800
2021_11,21時,24630,21750,10140,9100,8260,7240,5710,5920,26000,7040,15290,23080,21900,10650,9370,7310,6490,5330,5790,25550,4500,16520
2021_11,22時,21040,19280,8860,7990,6840,6190,5000,5410,26400,4810,11070,20090,19280,9050,8030,6310,5730,4840,5390,25530,3530,11950
2021_11,23時,17230,17230,7210,6770,5710,5310,4430,5010,25800,3500,7080,16820,17020,7130,6900,5360,5110,4320,5010,24910,2930,7630
2021_11,24時,16100,17040,6560,6040,5400,5110,4550,5460,27770,2650,4700,16090,16690,6410,6310,5170,4980,4540,5370,26770,2490,5270
2021_11,25時,16230,17070,6620,6060,5420,5110,4590,5480,28030,2620,4660,16030,16860,6460,6230,5240,4980,4540,5410,26970,2470,5200
2021_11,26時,15770,16770,6350,5840,5260,5030,4590,5450,27900,2550,4110,15690,16610,6290,6020,5110,4920,4540,5410,26840,2440,4780
2021_11,27時,15590,16600,6170,5760,5170,5040,4590,5440,27730,2550,3920,15410,16550,6240,5870,4990,4890,4540,5430,26720,2430,4560
2021_11,28時,15490,16460,5990,5680,5160,4980,4650,5470,27570,2600,3800,15440,16440,6140,5840,4980,4880,4570,5460,26570,2450,4600
2021_12,5時,16180,17600,6440,5870,5690,5140,4900,5730,27910,3110,5010,16880,18190,7350,6100,5830,5130,4860,5780,27420,2950,6860
2021_12,6時,17820,18460,6660,6290,6120,5680,5410,6120,27290,4330,6870,16990,18610,7350,6160,5800,5200,5010,6060,26940,3540,7240
2021_12,7時,21610,19700,6810,6830,7520,6930,6830,6380,25330,8770,9570,18260,19460,7650,6520,6300,5590,5430,6200,26340,4990,8470
2021_12,8時,28510,26270,9050,9360,11600,9340,8430,6970,23010,20520,13680,20690,22590,8610,7400,7970,6670,6090,6520,25470,7440,12490
2021_12,9時,31880,31260,11010,11050,13260,10260,9430,8100,20670,26550,18250,23820,26620,10120,8650,9530,7940,6860,7330,23720,10320,18370
2021_12,10時,33660,34960,12100,11860,14210,10840,10240,9350,19420,27760,23490,27190,30840,11690,10120,10830,9060,8000,8330,22430,11440,25920
2021_12,11時,35220,37960,12830,12570,14860,11350,11030,10520,18560,28360,28230,30130,34730,13010,11710,12130,9870,8850,9270,21700,12480,32430
2021_12,12時,36210,39420,13450,13240,15160,11570,11360,10840,18520,28590,30470,32250,36110,14210,12610,12800,10380,8990,9350,21310,12930,35840
2021_12,13時,36580,40010,13980,13350,15290,11630,11440,10900,18140,28600,31740,33530,37000,15140,13190,13130,10410,9150,9470,20860,12990,38400
2021_12,14時,37050,39390,14180,13390,15060,11740,11400,10660,18140,28510,31660,33740,37660,15620,13370,13270,10550,9160,9420,20820,12840,39470
2021_12,15時,36610,38290,14450,13260,14530,11510,11160,9970,18210,28410,30150,33830,38210,16500,13770,13040,10490,9110,9130,20860,12570,40240
2021_12,16時,36220,36700,14450,13120,14280,11250,10590,9220,18710,27900,28190,33430,36590,16780,13450,12290,10250,8730,8510,21230,12470,38030
2021_12,17時,36170,34940,14600,12970,14160,11050,9920,8390,19820,26170,27020,33270,35130,16410,13360,12030,9930,8490,8150,22210,11870,35960
2021_12,18時,35300,32030,14610,12760,13230,10450,8780,7490,21820,20470,26930,32030,32050,15620,12410,11410,9490,7810,7330,22800,10370,32620
2021_12,19時,32710,29140,14090,12150,11630,9450,7640,6880,23390,14540,25820,30040,29100,14480,11940,10400,8440,7030,6820,23800,8370,28760
2021_12,20時,29240,26070,12980,10850,10130,8340,6580,6410,24610,10510,22100,27620,25780,12900,11230,9230,7520,6220,6270,24670,6560,24030
2021_12,21時,25850,23210,11760,9670,8750,7140,5720,6010,25620,7340,18000,24600,23260,11860,9980,7940,6650,5470,5930,25560,4990,19190
2021_12,22時,22260,20790,10330,8420,7450,6210,5070,5550,26230,5140,13650,21610,20540,10200,8490,6870,6080,4980,5500,25640,4000,14440
2021_12,23時,18080,18240,8190,7100,6070,5290,4520,5150,25710,3710,8840,18130,18020,8070,7280,5850,5360,4440,5130,25110,3210,9810
2021_12,24時,16550,17910,7170,6370,5680,5060,4610,5550,27570,2920,6020,16520,17870,7150,6520,5400,5080,4590,5620,27170,2810,6480
2021_12,25時,16450,17980,7100,6340,5710,5100,4610,5560,27780,2850,5890,16480,18060,7140,6460,5550,5130,4600,5640,27430,2810,6400
2021_12,26時,16000,17660,6880,6090,5520,5010,4600,5540,27680,2810,5270,16110,17790,6910,6300,5400,5050,4580,5650,27290,2770,5960
2021_12,27時,15650,17480,6710,5940,5410,4960,4570,5530,27550,2800,4880,15780,17680,6880,6060,5330,4990,4530,5640,27220,2760,5590
2021_12,28時,15630,17410,6760,5830,5390,4900,4590,5560,27440,2820,4870,15740,17560,6760,5990,5310,4960,4580,5680,27090,2780,5530
2022_01,5時,16350,17620,6120,6060,5880,5310,4850,5730,28630,2880,4230,15910,17530,6300,6000,5630,5070,4710,5720,27330,2490,5200
2022_01,6時,17880,18070,6180,6310,6170,5770,5350,6160,28010,4140,5590,16200,17800,6130,6010,5720,5170,5020,5930,26990,2940,5640
2022_01,7時,21730,19600,6790,6670,7690,6960,6650,6540,26180,8410,8590,17300,18800,6650,6390,6190,5400,5300,6150,26620,3920,7100
2022_01,8時,28750,25860,8980,9340,11790,9310,8120,7060,23610,20060,12920,19450,20950,7390,7020,7580,6230,5700,6460,25630,6340,9960
2022_01,9時,31910,30970,11280,10820,13420,10180,9230,7930,21400,25850,17470,22280,24360,8910,8130,9000,7350,6340,6890,24420,8940,14780
2022_01,10時,33610,33890,12240,11570,14240,10770,9820,8850,20080,27160,21940,25080,28220,10690,9490,10210,8300,7120,7470,23370,10220,21090
2022_01,11時,34970,36190,13060,12010,14830,11250,10400,9590,19490,27780,25510,27150,31350,12040,10380,11120,9030,7850,8080,22320,10790,26570
2022_01,12時,36040,37300,13670,12620,15060,11420,10720,9840,19390,28280,27290,28610,32740,13020,11160,11320,9430,8110,8290,21760,11210,29530
2022_01,13時,36560,37960,14400,12950,15150,11520,10780,9700,19120,28370,28620,29500,33520,13330,11770,11590,9580,8300,8430,21410,11170,31560
2022_01,14時,36710,37720,14550,13130,15050,11510,10780,9400,19090,28470,28520,30250,33510,13540,11880,11960,9700,8270,8410,21350,11110,32450
2022_01,15時,36250,36890,14620,12970,14600,11400,10580,8970,19230,28200,27310,30630,32940,14120,11970,11820,9380,8180,8090,21440,11060,32290
2022_01,16時,36060,35640,14630,12850,14360,11200,10130,8510,19620,27780,25940,29590,32160,14120,11730,11220,9250,7850,7570,21790,10840,30350
2022_01,17時,35380,33840,14630,12530,13920,10850,9390,7880,20860,25710,24310,29190,30840,14410,11400,10770,8850,7400,7190,22700,10420,28240
2022_01,18時,33820,30660,14200,12050,12870,10100,8170,7080,22990,19700,23430,28280,28140,13620,10840,9950,8330,6900,6760,23500,9140,25120
2022_01,19時,30530,27470,12920,11180,10940,8970,7320,6640,24740,13820,21010,26500,25720,12650,10160,9090,7580,6280,6420,24100,7430,22060
2022_01,20時,26960,23970,11210,9950,9460,7880,6230,6180,25920,9430,17150,23830,22650,10720,9170,8130,6790,5590,6070,24710,5680,17480
2022_01,21時,23540,21290,9810,8780,8110,6830,5500,5790,26910,6200,13330,21200,20610,9240,8380,7180,6160,5070,5760,25470,4190,13570
2022_01,22時,20480,19080,8520,7710,6970,6010,4930,5400,27140,4330,9720,18830,18610,8000,7320,6450,5560,4660,5430,25690,3100,10080
2022_01,23時,17090,17260,6900,6640,5970,5330,4490,5010,26610,3130,6250,16140,16930,6710,6410,5650,5050,4220,5020,25260,2490,6740
2022_01,24時,16160,17330,6290,6210,5610,5200,4590,5570,28460,2600,4140,15460,17230,6150,6010,5500,4980,4460,5580,27130,2300,4760
2022_01,25時,16200,17420,6280,6200,5660,5260,4620,5600,28710,2580,4040,15490,17320,6170,6010,5520,4990,4480,5610,27310,2250,4740
2022_01,26時,15950,17290,6180,6090,5550,5250,4570,5580,28660,2500,3770,15310,17240,6190,5870,5460,4980,4430,5610,27300,2230,4510
2022_01,27時,15830,17260,6210,6030,5480,5210,4550,5600,28640,2530,3630,15160,17180,6100,5810,5380,4960,4450,5610,27320,2220,4270
2022_01,28時,15840,17240,6240,5980,5510,5130,4600,5610,28560,2550,3680,15150,17180,6130,5790,5380,4930,4460,5630,27350,2210,4270
2022_02,5時,16320,17010,5870,5720,5690,5320,4940,5770,28710,2870,3790,16310,17110,6460,5900,5480,5110,4780,5680,27940,2640,4790
2022_02,6時,17680,17950,6010,6070,6150,5710,5460,6220,28330,4150,5200,17040,17520,6510,6060,5740,5260,4990,5980,27600,3200,5710
2022_02,7時,21340,19800,6610,6540,7700,6940,6840,6490,26470,8890,7960,18270,18560,7000,6550,6270,5500,5390,6090,27120,4650,7000
2022_02,8時,28210,25500,8450,8800,11590,9250,8510,7100,23760,20230,12050,20530,20500,7650,7130,7560,6440,5880,6360,26170,7090,9660
2022_02,9時,30880,30570,10650,10120,13280,10020,9480,7870,21320,26280,15960,23200,23880,9350,8060,8980,7390,6520,6770,24670,10090,14150
2022_02,10時,32920,33390,11510,11060,14090,10660,10130,8820,20110,27630,20560,25840,27230,10880,8960,10130,8420,7220,7450,23840,11380,19610
2022_02,11時,34280,35280,12480,11460,14510,11010,10560,9530,19390,28140,23920,27770,29580,11900,9870,11090,9080,7650,7740,22780,11950,24280
2022_02,12時,34960,36060,12920,11860,14670,11200,10810,9560,19300,28740,24910,29150,31220,13410,10180,11430,9330,7980,8010,22560,12450,27040
2022_02,13時,35120,36520,13300,12060,14590,11190,11010,9470,19290,28530,25630,30190,32190,14190,10690,11730,9460,8110,8180,22370,12410,29220
2022_02,14時,35060,35720,13160,11850,14370,11230,10840,9330,19030,28200,25370,30340,32260,14050,10850,11880,9580,8090,8130,22370,12350,29520
2022_02,15時,34830,34900,13310,11780,13900,11080,10670,8970,19090,28140,24290,30200,31790,14180,10730,11780,9460,8000,7830,22480,12060,29150
2022_02,16時,34330,33540,13320,11410,13610,10920,10260,8330,19320,27590,22780,29720,30610,14560,10320,11340,9000,7660,7440,22610,11660,27770
2022_02,17時,33770,31720,13220,11240,13410,10440,9410,7760,20540,25380,21410,29060,30010,14770,10320,10790,8630,7440,7090,23660,10930,26200
2022_02,18時,32180,29140,13220,10950,12360,9720,8030,7020,22910,19960,20270,27950,27440,13860,9810,10160,8070,6900,6580,24240,9590,23240
2022_02,19時,29760,25690,12080,10420,10580,8620,7150,6570,24440,14000,18840,25720,24960,12520,9330,9020,7330,6250,6220,25060,7930,19350
2022_02,20時,26130,22350,10460,9150,9050,7480,6190,6130,25560,9710,15030,23350,21840,10540,8320,8030,6660,5630,5990,25860,5890,15130
2022_02,21時,22310,19470,8830,7640,7760,6410,5380,5740,26480,6040,11070,20800,19400,8880,7610,6940,6010,5030,5700,26310,4130,11490
2022_02,22時,19170,17970,7600,6940,6580,5730,4840,5420,26900,4120,7960,18480,17860,7810,6770,6230,5570,4610,5350,26400,3170,8550
2022_02,23時,16360,16550,6460,6070,5720,5150,4470,5030,26420,2960,5360,16140,16700,6810,6020,5620,5120,4270,4980,25900,2510,6150
2022_02,24時,15830,16820,6090,5800,5390,5170,4650,5530,28180,2560,3830,16010,16610,6230,5870,5390,5040,4500,5570,27590,2410,4480
2022_02,25時,15890,16880,6050,5870,5390,5230,4660,5560,28340,2560,3790,15990,16620,6240,5840,5360,5050,4510,5590,27730,2410,4330
2022_02,26時,15700,16770,6020,5770,5310,5200,4610,5540,28320,2540,3550,15820,16560,6210,5770,5290,5000,4500,5580,27710,2380,4140
2022_02,27時,15540,16690,5910,5700,5280,5170,4600,5560,28210,2580,3380,15660,16490,6060,5750,5220,5010,4490,5600,27720,2400,3900
2022_02,28時,15530,16630,5950,5620,5260,5110,4640,5570,28160,2590,3360,15640,16430,6050,5720,5210,4970,4490,5620,27630,2410,3900
2022_03,5時,16560,17080,5850,6480,5480,5220,4870,5730,28370,3470,4320,16910,16960,6440,6550,5360,5160,4690,5660,27620,3150,5520
2022_03,6時,18100,17940,5900,6910,5970,5650,5480,6110,27750,4750,6070,17170,17500,6310,6580,5610,5270,4960,5930,27110,3610,6370
2022_03,7時,22080,19390,6430,7550,7480,6780,6860,6360,26060,9430,8520,18630,18420,6910,7130,6100,5540,5230,6120,26510,4920,7960
2022_03,8時,29250,25240,8630,9870,11470,9100,8450,6950,23160,21190,12780,21040,21030,7750,7810,7730,6500,5850,6420,26060,7350,10980
2022_03,9時,32340,30260,11030,11030,13270,9980,9410,7850,20880,27300,17000,24090,24670,9260,8990,9460,7640,6450,6940,24610,10390,16070
2022_03,10時,33910,33030,11630,11710,14110,10520,10090,8860,19640,28420,21170,27060,28320,10450,9980,10940,8710,7460,7830,23430,11650,22480
2022_03,11時,35240,35380,12360,12310,14600,10990,10650,9680,18810,29100,24990,29180,31680,11710,11340,12130,9380,7980,8310,22300,12300,28390
2022_03,12時,35830,36910,13220,12610,14760,11230,10970,9940,18840,29330,26940,30760,32820,13170,11770,12510,9550,8160,8400,21900,12860,30980
2022_03,13時,36130,37580,13800,12840,14790,11260,11000,10010,18600,29430,28010,31720,34140,14290,12330,12700,9890,8310,8320,21640,12850,33430
2022_03,14時,36070,37020,13850,12670,14690,11260,10810,9810,18540,29260,27560,31450,33860,14000,12260,12840,9650,8120,8420,21400,12460,33470
2022_03,15時,35800,35720,13630,12600,14280,11090,10640,9260,18730,29110,25980,31230,33820,14250,12250,12820,9600,8030,8080,21640,12320,33200
2022_03,16時,35490,34260,13690,12410,14070,10930,10140,8480,19130,28840,24080,31050,32590,14690,11940,12050,9330,7980,7630,22160,12020,31600
2022_03,17時,35160,32730,13980,12250,13850,10550,9460,7780,20190,27030,22980,30200,31190,14570,11300,11660,8800,7740,7310,22840,11400,29270
2022_03,18時,33560,29720,13360,12030,12760,9840,8240,7040,22180,21060,22330,29400,28990,14140,11230,10920,8250,7050,6780,23640,10320,26580
2022_03,19時,30810,26670,12440,11460,11110,8620,7260,6570,24110,14950,20710,27760,26060,13090,10620,9840,7500,6330,6420,24410,8600,22960
2022_03,20時,27560,23330,10840,10510,9560,7630,6230,6090,25230,10840,17100,24790,22880,11090,9800,8550,6690,5600,5920,25120,6930,17860
2022_03,21時,23530,20750,9550,8920,8080,6570,5480,5660,26060,7490,13050,21750,19950,9200,8480,7410,6060,4920,5600,25490,5120,13330
2022_03,22時,20040,18680,8040,7920,6840,5790,4870,5250,26330,5100,9610,19250,18140,7860,7750,6430,5520,4590,5230,25750,3740,10110
2022_03,23時,16850,16930,6640,6880,5770,5150,4440,4880,25940,3650,6490,16430,16540,6510,6810,5570,5020,4160,4890,25090,2940,7150
2022_03,24時,16360,16710,5990,6550,5360,5100,4590,5450,27820,3110,4520,16280,16620,6200,6550,5260,4990,4410,5480,27100,2780,5290
2022_03,25時,16390,16790,6040,6530,5370,5150,4590,5480,28000,3120,4440,16370,16760,6350,6630,5240,5000,4400,5500,27290,2790,5330
2022_03,26時,16160,16660,5940,6430,5240,5130,4580,5480,27980,3080,4140,16170,16610,6290,6520,5110,4940,4410,5490,27290,2760,5000
2022_03,27時,16090,16520,5860,6350,5180,5140,4580,5490,27910,3120,3970,16000,16580,6230,6450,5010,4950,4410,5500,27310,2750,4770
2022_03,28時,16110,16540,6000,6310,5130,5070,4610,5510,27830,3120,4080,15990,16530,6260,6410,4970,4950,4410,5510,27230,2780,4770
2022_04,5時,16180,16280,4980,6120,5550,5040,4950,5810,27470,3480,4310,16790,16720,5700,6600,5660,5020,4850,5660,27170,3220,5680
2022_04,6時,17930,16880,4880,6560,6060,5600,5510,6190,26850,4610,5980,16980,17090,5560,6460,5840,5110,5160,5920,26630,3720,6190
2022_04,7時,22470,18600,5610,7470,7620,6940,6990,6420,24930,9420,9380,18010,17900,5650,6860,6360,5480,5520,6010,25880,4870,7540
2022_04,8時,29530,25600,7880,9710,11890,9640,8720,7270,21900,22860,13360,20610,20840,6790,7910,7720,6450,6080,6480,25260,7590,11220
2022_04,9時,32230,31240,10580,10510,13750,10690,9480,8440,19520,28680,18120,23320,24730,8330,8770,9230,7700,6920,7070,23760,10320,16330
2022_04,10時,33980,34470,11380,11530,14370,11240,10230,9680,18240,29990,22710,26130,28920,10000,10030,10520,8730,7660,8110,22630,11510,23100
2022_04,11時,35080,36540,11910,12100,14780,11660,10810,10350,17440,30540,26030,28130,32120,11160,11410,11430,9420,8340,8480,21350,12050,28890
2022_04,12時,35510,37580,12040,12570,15140,11800,11160,10370,17310,30950,27200,29790,33910,12430,12060,11830,9890,8680,8780,21120,12520,32160
2022_04,13時,35320,38220,12650,12710,15020,11750,11070,10320,17170,31100,27630,31140,34800,13340,12780,12090,10060,8710,8960,20760,12620,34610
2022_04,14時,35450,37610,12750,12650,14880,11530,11110,10130,17090,30840,27380,31210,34700,13600,12980,12040,9960,8520,8790,20650,12420,34850
2022_04,15時,35200,36600,12760,12610,14610,11340,10860,9610,17280,30640,26180,31220,34760,14060,13140,12080,9800,8380,8510,20560,12360,35130
2022_04,16時,35040,35370,12810,12630,14300,11360,10410,8880,17880,30140,24700,31270,33490,14070,13200,11900,9400,8070,8090,20980,12080,33780
2022_04,17時,35160,33190,12810,12240,14170,11160,9840,8120,18940,28010,23770,31270,31900,13950,12950,11630,9010,7910,7710,21830,11580,31860
2022_04,18時,34070,30170,12190,12030,13190,10340,8970,7500,20770,21740,24100,30560,29850,13930,12430,11060,8480,7500,7010,22420,10500,29660
2022_04,19時,31920,27240,11770,11520,11570,9420,7890,6960,22760,15660,23130,28920,27470,13390,11750,10170,7800,6810,6470,23360,8860,26280
2022_04,20時,28810,23650,10790,10390,9950,8270,6750,6290,24250,11060,19580,26620,23930,11690,10760,8920,7120,6000,6040,24030,7130,21620
2022_04,21時,24920,20920,9440,9010,8530,7080,5910,5850,25390,7330,15550,24110,21370,10350,9800,7760,6310,5450,5800,24700,5280,17710
2022_04,22時,21190,18740,7590,8120,7250,6140,5330,5480,25970,5190,11220,21190,18790,8280,8730,6850,5720,4940,5430,24950,4160,13110
2022_04,23時,17360,16640,5800,7080,6040,5210,4770,5080,25470,3720,7240,17560,16600,6130,7510,6000,5000,4470,5040,24460,3230,8680
2022_04,24時,16400,16370,5170,6680,5650,4970,4770,5520,27490,3130,4690,16320,16500,5530,6750,5530,4850,4590,5550,26340,2810,6020
2022_04,25時,16410,16410,5200,6620,5640,5020,4780,5540,27670,3120,4580,16420,16550,5580,6710,5600,4910,4590,5570,26490,2870,5990
2022_04,26時,16100,16230,5130,6470,5480,4960,4750,5530,27650,3120,4150,16070,16300,5380,6560,5380,4880,4560,5590,26550,2840,5380
2022_04,27時,15940,16030,5030,6330,5370,4950,4740,5530,27500,3150,3910,15970,16240,5400,6430,5350,4830,4590,5590,26480,2870,5260
2022_04,28時,15880,15950,5090,6220,5310,4870,4760,5550,27370,3150,3900,15890,16140,5310,6350,5330,4800,4600,5620,26370,2920,5150
2022_05,5時,16390,15530,4830,6010,5420,4980,5080,5590,26670,3290,4480,16460,15660,4880,6290,5350,4950,5050,5590,25840,2780,5770
2022_05,6時,18150,16410,5060,6350,5960,5560,5640,5970,26200,4650,6210,16560,16180,4930,6170,5470,5040,5250,5870,25420,3470,6100
2022_05,7時,22440,18230,5760,7090,7500,6950,7150,6210,24120,9310,9730,17550,17150,5380,6770,5820,5210,5590,5910,24710,4800,7360
2022_05,8時,29650,25980,8440,9610,12130,9510,8850,7060,21390,23070,13740,20050,19620,5970,7870,7320,6190,6000,6310,24010,7280,10600
2022_05,9時,32410,31250,10190,11100,14010,10470,9730,8140,19060,29360,17730,23180,23160,7280,9200,8860,7210,6760,7020,22890,9820,15720
2022_05,10時,34280,34610,11100,12030,14890,10890,10610,9340,17930,30600,22630,25800,27100,8420,10530,10300,8260,7450,7910,21490,11080,22290
2022_05,11時,35110,37440,11860,12670,15280,11350,11100,10270,17120,31090,26510,28490,30950,10680,11690,11290,9000,8280,8490,20700,11920,28740
2022_05,12時,35410,38100,11920,13010,15550,11490,11250,10280,17020,31710,26930,30140,32300,11480,12300,11820,9430,8610,8780,20210,12150,31890
2022_05,13時,35790,38300,12250,13230,15700,11580,11170,10130,17000,32070,27160,31000,33140,12240,12790,12070,9420,8730,8870,20140,12360,33430
2022_05,14時,35460,37830,12490,13130,15450,11390,10990,9830,16980,31620,26810,31490,33310,12470,13160,12090,9590,8780,8690,20290,12250,34120
2022_05,15時,35150,37010,12870,13030,15010,11080,10940,9210,17170,31350,25800,31450,33120,12870,13090,11910,9560,8670,8470,20330,12100,34030
2022_05,16時,35190,35690,12900,13180,14630,10940,10510,8700,17670,30780,24580,31130,31940,13080,12910,11600,9220,8280,7960,20670,11760,32510
2022_05,17時,35160,33400,12820,12570,14510,10890,9800,7960,18770,28180,23890,30900,30700,13220,12650,11350,8910,7980,7480,21210,11070,31170
2022_05,18時,33770,30030,12000,12380,13240,10050,8880,7230,20460,21510,24090,30430,29080,13430,12410,10850,8430,7480,6910,22270,10080,29150
2022_05,19時,31650,26900,11490,11670,11600,9170,7840,6760,22430,15230,23140,28960,26410,13130,11350,10110,7500,6840,6400,23000,8420,25960
2022_05,20時,28380,23780,10960,10350,9980,8020,6700,6140,23450,10760,20200,26440,23530,11890,10400,8870,6710,6130,5960,23420,6700,21900
2022_05,21時,24350,20700,9470,8980,8320,6810,5790,5670,24460,7150,15700,23830,21180,10520,9450,7770,6000,5560,5680,24020,5190,17880
2022_05,22時,21050,18340,7930,7930,7000,5860,5290,5360,24970,5180,11470,20700,18830,8550,8270,6700,5550,5120,5330,24250,4060,13330
2022_05,23時,17440,16180,6080,6780,5880,5040,4800,5020,24620,3780,7430,17010,16340,6050,7120,5730,4850,4660,4910,23730,3010,8650
2022_05,24時,16590,15710,5380,6290,5480,4890,4830,5420,26500,3030,5110,16170,15640,5280,6340,5360,4690,4760,5370,25540,2550,5860
2022_05,25時,16630,15670,5370,6260,5450,4940,4800,5460,26650,3000,5010,16290,15640,5300,6320,5390,4750,4760,5390,25720,2560,5810
2022_05,26時,16240,15360,5070,6140,5300,4890,4770,5430,26550,2940,4470,15910,15380,5100,6170,5190,4710,4730,5360,25660,2510,5270
2022_05,27時,16020,15160,4880,6040,5200,4870,4760,5420,26520,2950,4080,15710,15300,5010,6070,5130,4690,4730,5380,25640,2520,5020
2022_05,28時,16050,15100,4900,5960,5190,4810,4840,5440,26390,2960,4160,15740,15270,5080,6010,5110,4630,4740,5410,25590,2570,5020
2022_06,5時,15680,15470,4530,5980,5320,4930,5000,5380,25660,2960,4700,16510,15590,5120,6170,5320,5040,5030,5400,25050,2470,6540
2022_06,6時,17440,16570,4980,6240,5810,5550,5600,5810,25100,4310,6750,16530,16460,5310,6160,5430,5160,5280,5630,24710,3170,7070
2022_06,7時,21690,18720,5510,7270,7380,6870,7150,6210,23420,9210,10020,17570,17600,5500,6890,6000,5420,5530,5800,24040,4740,8310
2022_06,8時,28890,26300,7820,10100,11960,9410,8990,6890,20340,22880,14280,20720,20500,6490,7870,7650,6430,6350,6410,23490,7610,12100
2022_06,9時,31930,31540,9790,11360,13950,10380,9900,8080,18070,28850,18760,23680,24930,8030,9000,9620,7560,7150,7230,22180,10240,18050
2022_06,10時,33330,35260,10680,12290,14530,10930,10710,9440,16720,29890,23970,26390,28760,9190,10440,10800,8480,8050,8170,20790,11210,24860
2022_06,11時,34550,37730,11440,13030,14910,11380,11190,10300,16020,30490,27690,28970,32530,11460,11730,11500,9400,8800,8610,19880,11900,31350
2022_06,12時,34940,38440,11790,13330,15030,11610,11310,10280,15990,31030,28300,31110,34530,12610,12840,11990,10090,9170,8910,19650,12190,35420
2022_06,13時,34870,38790,12100,13500,15040,11670,11220,10120,15840,30970,28750,31910,35860,13010,13600,12570,10320,9140,9120,19640,12140,37550
2022_06,14時,34620,38590,12480,13480,14910,11580,11040,9710,15780,30850,28430,32420,35420,13320,13660,12500,10460,8990,8890,19670,11780,37960
2022_06,15時,34560,37390,12450,13470,14560,11400,10950,9100,16160,30580,27120,32280,34360,13480,13220,12300,10230,8960,8430,19500,11790,37020
2022_06,16時,34290,35100,11650,13190,14350,11150,10610,8430,16620,29580,25090,31780,33070,13420,12870,12190,9690,8660,7990,19760,11260,35450
2022_06,17時,34270,32810,11610,12810,13960,10970,10020,7690,17580,27270,24130,31980,31690,13760,12760,11630,9480,8540,7480,20330,10870,34190
2022_06,18時,33400,29830,11430,12770,12830,10090,9110,6950,19380,20610,25150,31600,29700,13940,12400,10950,9220,8080,6690,21310,9610,32130
2022_06,19時,31370,26550,10960,12190,11120,9170,7960,6510,21270,14390,24150,29990,27010,13230,11590,9990,8380,7470,6330,22100,7990,28660
2022_06,20時,28180,23130,9920,10630,9880,8030,6910,5930,22380,10070,20800,27350,23890,12030,10280,8820,7500,6730,5860,22660,6210,24140
2022_06,21時,24230,20240,8660,9060,8430,6890,5930,5480,23270,6630,16480,24030,21080,10370,9250,7650,6580,5810,5430,23320,4900,18670
2022_06,22時,20530,18310,7380,8080,7020,5960,5260,5120,23870,4570,12330,20630,18650,8610,7910,6540,5860,5230,5130,23580,4060,13470
2022_06,23時,16870,16200,5860,6850,5810,5060,4700,4780,23520,3120,8320,16920,16650,6680,6860,5530,5040,4730,4720,23010,3140,9230
2022_06,24時,15810,15620,5040,6190,5460,4850,4690,5180,25420,2560,5470,15920,15700,5320,6130,5280,4910,4740,5220,24930,2550,6070
2022_06,25時,15840,15540,4980,6190,5420,4900,4690,5190,25570,2500,5350,15970,15740,5390,6120,5230,4960,4720,5270,25150,2500,6010
2022_06,26時,15600,15210,4790,6060,5250,4860,4660,5180,25540,2480,4830,15790,15430,5360,5940,5090,4870,4720,5230,25120,2480,5590
2022_06,27時,15410,15080,4690,5930,5180,4810,4670,5180,25480,2520,4530,15530,15330,5190,5820,5000,4840,4720,5270,25050,2510,5280
2022_06,28時,15330,14920,4580,5850,5110,4740,4730,5220,25290,2540,4470,15550,15210,5170,5760,4950,4790,4760,5310,25000,2530,5200
2022_07,5時,15300,15460,4360,5540,5070,5180,5090,5500,25510,2860,4520,15830,15770,5160,5860,5050,5080,5040,5400,24730,2640,6080
2022_07,6時,16980,16630,4770,5930,5580,5780,5640,5870,25020,4470,6230,16030,16280,5240,5690,5280,5210,5340,5530,24360,3320,6490
2022_07,7時,21710,18810,5390,7170,7360,7150,7230,6210,23530,9750,9400,17110,17630,5720,6520,5750,5380,5650,5700,23850,4830,7860
2022_07,8時,28910,26680,8210,9710,11850,9750,9110,6930,20680,22840,14390,19870,21000,7200,7450,7200,6560,6250,6190,23150,7630,11880
2022_07,9時,31410,31570,9970,11010,13700,10520,9850,7920,18490,28370,18330,22830,24680,8270,8750,9150,7590,6990,6740,22200,9730,17340
2022_07,10時,33400,34920,11370,12010,14170,11080,10610,9070,17140,29430,23680,26080,28450,10550,10040,10410,8400,7570,7550,21090,10530,24490
2022_07,11時,34400,36660,11920,12440,14540,11400,10940,9820,16570,29820,26570,28650,31310,11750,11140,11250,9310,8210,8280,20540,11240,29720
2022_07,12時,35060,37170,12060,12840,14650,11650,11150,9870,16420,30040,27650,30060,32760,12460,11850,11810,9790,8510,8380,20220,11360,32750
2022_07,13時,34930,37610,12450,12820,14800,11670,11090,9680,16480,30060,27850,30670,33550,13000,12340,12220,9820,8710,8110,20070,11350,34270
2022_07,14時,34950,37610,12700,13030,14620,11610,11140,9440,16460,29990,27970,31210,33110,13130,12680,12130,9780,8720,7860,19980,11280,34550
2022_07,15時,34820,36820,13020,13050,14180,11300,10980,9090,16600,29790,27130,31160,32340,13000,12730,11810,9660,8590,7700,20100,11220,33730
2022_07,16時,34320,34630,12150,12810,13810,11040,10610,8510,17000,28880,24950,30640,31350,13110,12260,11460,9370,8400,7370,20270,11020,32280
2022_07,17時,33600,31900,11170,12460,13470,10810,9920,7650,18010,26480,22900,30650,29700,13090,11850,11220,9130,8060,6990,20750,10120,31020
2022_07,18時,32530,29410,11100,12420,12360,10210,8900,6930,19760,20230,23850,29610,27800,12910,11360,10380,8670,7640,6440,21380,9000,28610
2022_07,19時,30310,25590,10280,11520,10600,9320,7690,6460,21370,13900,22480,27800,24670,11600,10540,9500,7770,6910,6130,21770,7450,24850
2022_07,20時,27390,21870,9010,9990,9310,8190,6750,5990,22450,9500,19180,25410,21880,10650,9370,8270,6970,6270,5730,22390,5890,20680
2022_07,21時,23420,19180,7940,8360,7800,7020,5940,5520,23400,6260,14870,22920,19530,9280,8370,7250,6390,5720,5420,22860,4530,16760
2022_07,22時,19980,17400,6760,7470,6530,6100,5330,5170,23850,4400,11040,20120,17400,7970,7100,6320,5820,5220,5070,23130,3410,12670
2022_07,23時,16490,15670,5380,6370,5470,5270,4860,4790,23480,3260,7290,16680,15490,6120,6130,5360,5040,4740,4760,22670,2580,8560
2022_07,24時,15650,15470,4940,5970,5030,5080,4830,5240,25280,2680,5180,15940,15240,5250,5780,5180,4910,4790,5250,24510,2340,6110
2022_07,25時,15700,15590,5000,6010,5030,5140,4850,5250,25570,2650,5120,15970,15380,5340,5770,5200,4980,4800,5250,24690,2310,6140
2022_07,26時,15370,15290,4770,5840,4880,5090,4820,5250,25440,2620,4630,15710,15180,5220,5640,5060,4920,4780,5250,24630,2310,5740
2022_07,27時,15190,14990,4460,5760,4840,5060,4790,5250,25290,2620,4290,15440,15040,5040,5570,4940,4920,4730,5260,24470,2310,5460
2022_07,28時,15100,14840,4360,5660,4770,5000,4840,5290,25130,2640,4210,15300,14960,4990,5460,4860,4850,4780,5300,24370,2300,5350
2022_08,5時,15520,14680,4350,5520,4890,5030,4920,5450,24880,3090,4620,16240,14720,5020,5870,4770,5000,4890,5400,24420,2770,6070
2022_08,6時,16990,15700,4660,5860,5360,5620,5410,5770,24440,4330,6320,16480,15420,5160,5780,5150,5110,5200,5470,24120,3390,6710
2022_08,7時,20990,17660,5300,6930,6760,6660,6910,6070,23160,8530,9520,17890,16770,5640,6670,5850,5390,5510,5600,23680,4600,8650
2022_08,8時,27820,24350,7340,9730,11070,9040,8370,6610,20630,19920,14310,20710,19580,6620,7910,7190,6350,6130,6070,22910,7260,12350
2022_08,9時,30580,28350,8570,10940,12930,9900,9050,7520,18440,24110,18760,23460,23780,8050,9590,8850,7270,6850,6610,21990,9430,18000
2022_08,10時,32500,31890,9870,11970,13580,10390,9990,8570,17520,25020,24020,26500,27080,9850,10860,10000,8070,7540,7250,20900,10470,24210
2022_08,11時,33760,34230,10850,12550,14180,10710,10450,9240,16990,25600,27540,28680,30180,11370,12190,10590,8790,8140,7750,20420,11010,29450
2022_08,12時,34100,34910,11320,12730,14270,10950,10500,9210,16930,26000,28220,30640,31590,12980,12760,11150,9310,8260,7750,20090,11380,32740
2022_08,13時,34230,34290,11200,12530,14360,11090,10350,8970,16830,26220,27640,31550,32180,13480,13140,11550,9560,8300,7680,19970,11740,34000
2022_08,14時,33940,33960,11420,12450,14110,11030,10160,8720,16710,25870,27480,31350,32020,13370,13110,11520,9520,8290,7530,19870,11640,33900
2022_08,15時,33970,33280,11790,12480,13770,10900,9920,8370,16940,25700,26850,30560,31110,13100,12850,11070,9310,8140,7170,19830,11460,32360
2022_08,16時,33660,32010,11600,12340,13470,10770,9590,7890,17420,25230,25240,29980,29890,12930,12400,10710,9020,7900,6890,20020,10980,30840
2022_08,17時,33180,30330,11530,12080,13110,10480,9020,7270,18340,23600,23770,29830,28670,13040,12400,10170,8600,7510,6760,20570,10290,29550
2022_08,18時,31210,28210,11300,11910,11800,9830,7990,6570,20070,18290,23270,28940,26550,12960,11600,9560,8070,6980,6310,21370,9560,26550
2022_08,19時,28660,24660,10510,10780,10050,8900,6990,6080,21560,12620,21320,27440,24020,12290,10680,8710,7390,6400,5970,21900,7850,23780
2022_08,20時,26010,21190,9540,9280,8680,7720,6230,5730,22530,8740,18140,25020,21090,10460,9640,7780,6780,5830,5610,22040,6040,20080
2022_08,21時,22770,18360,8050,7960,7400,6750,5540,5410,23200,6160,14010,23090,18500,9230,8450,6960,6260,5310,5360,22560,4570,16510
2022_08,22時,19460,16800,6940,6980,6120,5990,5080,5120,23570,4560,10380,20590,17000,7710,7590,6270,5830,5050,5110,22900,3860,12920
2022_08,23時,16540,15120,5610,6190,5090,5240,4670,4840,23350,3390,7160,17430,14990,6200,6480,5290,5040,4620,4770,22600,3070,8890
2022_08,24時,15780,14710,4770,5790,4830,5070,4780,5230,25020,2860,4950,16080,14500,4890,6070,4980,4860,4600,5170,24150,2620,6030
2022_08,25時,15830,14780,4920,5730,4860,5070,4790,5240,25160,2850,4960,16170,14620,5000,6080,4980,4910,4610,5190,24310,2620,6100
2022_08,26時,15570,14630,4780,5660,4760,5000,4750,5230,25060,2830,4660,15890,14360,4840,5950,4850,4850,4550,5190,24230,2580,5670
2022_08,27時,15310,14430,4570,5570,4720,4930,4720,5210,24920,2830,4360,15680,14320,4800,5800,4790,4850,4560,5170,24300,2610,5350
2022_08,28時,15360,14330,4560,5520,4650,4930,4740,5270,24830,2830,4370,15650,14280,4810,5780,4710,4800,4560,5240,24260,2600,5330
2022_09,5時,15900,14730,4710,5620,4950,4930,4790,5600,25660,2790,4480,16310,15160,5420,5890,4880,4790,4870,5620,24690,2610,6280
2022_09,6時,17770,15530,4990,5900,5440,5630,5440,5890,25190,4090,6300,16510,15470,5300,5730,5050,4950,5180,5740,24170,3140,6720
2022_09,7時,22200,17710,5530,7190,6940,6930,7120,6190,23650,8790,9840,17790,16860,5820,6480,5680,5260,5510,5880,23680,4490,8510
2022_09,8時,29090,25550,7870,10520,11370,9410,8660,6790,20280,22970,13820,20620,19890,6980,7620,7050,6290,6170,6390,22660,7070,12790
2022_09,9時,31870,30890,9840,11710,13580,10270,9370,7980,18010,28880,18180,23470,24080,7910,9540,8660,7250,7010,7160,21700,9910,17890
2022_09,10時,33500,34220,11030,12710,14230,10660,10030,9040,16670,29670,23410,26320,27880,9790,11080,9890,8100,7620,7710,20390,10930,24660
2022_09,11時,34680,36510,11900,13350,14710,10960,10530,9720,16120,30270,26840,28580,31350,11190,12690,11080,8820,7900,8240,19770,11690,30280
2022_09,12時,34940,37320,12020,13390,14930,11230,10770,9900,16030,30280,27940,29530,32850,11960,13000,11620,9110,8180,8480,19230,11840,32970
2022_09,13時,34800,37340,12220,13490,14870,11310,10530,9710,16070,30650,27420,30180,33410,12540,13240,11940,9180,8250,8410,18890,12100,34270
2022_09,14時,34940,37070,12750,13600,14560,11290,10360,9420,15940,30580,27480,30640,33150,12760,13530,11810,9350,8220,8090,18820,12090,34530
2022_09,15時,34840,35980,12690,13500,14230,11160,10250,8970,16220,30370,26210,30700,32540,13150,13380,11400,9300,8180,7820,19040,12110,33750
2022_09,16時,34840,34420,12310,13370,14090,10990,10060,8420,16820,29690,24720,30590,31960,13690,13180,10960,9180,7980,7540,19430,11840,32960
2022_09,17時,34620,31980,12110,12960,13680,10810,9410,7620,17750,27600,23240,30280,30420,13690,12910,10680,8710,7610,7070,20200,11390,30780
2022_09,18時,33130,29370,12010,12630,12530,10200,8300,6810,19500,21410,23620,29420,28020,12870,12540,10060,8140,7120,6680,21080,10270,27820
2022_09,19時,31150,25750,11410,11720,10750,9290,7340,6370,21360,14900,22650,27760,25250,11820,11600,9200,7490,6450,6440,21830,8450,24510
2022_09,20時,27860,22020,9870,10200,9130,8120,6480,6050,22590,10060,19260,25360,22470,10520,10400,8060,6890,5910,6020,22460,6330,20810
2022_09,21時,24280,18720,8450,8750,7590,6870,5650,5670,23470,6600,14960,22670,19110,8620,8920,6920,6150,5430,5710,23010,4700,15870
2022_09,22時,20650,16810,7130,7590,6350,5920,5090,5360,23970,4640,10910,19910,17040,7350,7650,6030,5520,5000,5380,23090,3770,11880
2022_09,23時,17370,14960,5750,6380,5300,5140,4660,5070,23750,3340,7290,17440,15110,5900,6710,5250,4840,4710,5130,22890,3010,8470
2022_09,24時,16200,14660,5120,5920,4940,4880,4610,5370,25370,2660,4970,16130,15060,5300,6040,4940,4730,4660,5500,24540,2430,6130
2022_09,25時,16250,14740,5180,5930,4920,4920,4650,5370,25550,2650,4950,16170,15100,5320,6010,4990,4750,4670,5510,24650,2440,6120
2022_09,26時,16030,14690,5210,5840,4830,4850,4630,5350,25500,2600,4780,15900,14950,5230,5870,4880,4700,4640,5510,24660,2400,5730
2022_09,27時,15920,14610,5100,5820,4790,4840,4600,5360,25450,2620,4630,15740,14940,5270,5780,4810,4700,4620,5490,24650,2370,5600
2022_09,28時,15840,14480,5060,5730,4690,4810,4610,5380,25310,2640,4540,15650,14870,5140,5770,4730,4670,4640,5540,24520,2360,5550
2022_10,5時,14740,14650,3990,5010,4910,4900,4890,5670,24270,2510,4480,15570,14980,4650,5640,5040,4700,4880,5630,23620,2160,6430
2022_10,6時,16700,15660,4470,5460,5410,5510,5490,6010,23770,3770,6690,16310,15810,5140,5700,5250,5010,5250,5740,23350,2800,7650
2022_10,7時,21150,18160,5230,6800,6830,6870,7180,6390,22190,8690,10370,17480,17140,5410,6350,5880,5320,5600,6020,22820,4080,9370
2022_10,8時,28660,25970,8080,9910,11350,9410,8920,6940,18720,23160,14750,20030,20220,6710,7180,7250,6270,6240,6580,21640,6750,13440
2022_10,9時,31770,31870,10370,11390,13350,10480,9800,8230,16780,29380,19380,23110,24840,8420,8700,8810,7370,7190,7440,20690,9600,19260
2022_10,10時,33660,35170,11520,12330,14220,10910,10390,9450,15650,30250,24580,26090,28220,9610,10230,9950,8310,7870,8320,19400,10540,25830
2022_10,11時,34690,37850,12300,13160,14620,11200,10870,10380,15200,30930,28090,28400,31720,10910,11830,10970,9010,8410,8980,18860,11700,31020
2022_10,12時,35140,38570,12470,13440,14750,11470,11090,10480,15100,31170,29060,29890,33670,12170,12540,11330,9430,8770,9290,18510,11970,34460
2022_10,13時,35080,38800,12830,13440,14800,11510,11070,10200,15090,31700,28710,30760,34140,12890,12870,11620,9590,8730,9180,18300,11980,35990
2022_10,14時,34900,38150,12840,13390,14660,11370,11060,9720,15180,31430,28060,31420,34630,13430,13350,11630,9750,8830,9040,18220,11820,37390
2022_10,15時,34710,37260,13100,13380,14290,11210,10870,9100,15450,31160,26960,31510,33660,13750,13140,11440,9520,8770,8530,18200,11740,36620
2022_10,16時,34550,35550,12740,13330,13970,11070,10500,8480,16000,30610,25130,31390,32560,13860,12810,11240,9330,8600,8100,18640,11590,35150
2022_10,17時,34010,32810,11810,13040,13690,10800,9800,7660,16960,28100,23440,30850,30880,13800,12450,10710,8970,8160,7630,19460,11120,32580
2022_10,18時,32440,29930,11640,12520,12570,10080,8570,6980,18590,21800,23670,29850,28750,13530,11990,10000,8510,7430,7120,20210,9980,29880
2022_10,19時,30150,26400,10800,11530,11050,9080,7490,6580,20300,15370,22580,28250,25520,12470,11000,8960,7730,6840,6750,20960,7940,26380
2022_10,20時,27100,22310,9320,9940,9510,7960,6530,6130,21460,10360,19250,25450,22350,10510,10150,7800,6900,6140,6280,21710,6150,21470
2022_10,21時,23830,19240,8000,8630,7910,6980,5740,5780,22500,6600,15600,22620,19530,8950,8700,6790,6260,5500,5930,22370,4450,16860
2022_10,22時,19720,16950,6210,7330,6530,5990,5170,5420,22900,4360,11050,19740,16830,6900,7300,6060,5630,5100,5560,22430,3310,12370
2022_10,23時,16310,14890,4670,6190,5410,5140,4740,5040,22500,2960,7350,16810,14820,5550,6140,5180,4890,4620,5220,22040,2410,8670
2022_10,24時,15200,14570,4140,5550,5040,4900,4720,5410,24090,2290,5150,15550,14700,4750,5650,4980,4670,4610,5570,23710,2070,6050
2022_10,25時,15220,14660,4190,5570,5030,4900,4720,5440,24270,2280,5100,15730,14800,4880,5670,5040,4710,4600,5600,23890,2090,6190
2022_10,26時,14870,14490,4090,5430,4910,4810,4700,5420,24210,2240,4690,15450,14680,4850,5510,4910,4660,4590,5600,23810,2060,5900
2022_10,27時,14670,14490,4090,5380,4800,4760,4690,5420,24130,2230,4570,15290,14640,4830,5440,4860,4600,4590,5580,23760,2040,5750
2022_10,28時,14640,14360,4010,5310,4740,4760,4710,5450,24010,2250,4510,15280,14550,4820,5350,4810,4610,4610,5610,23660,2080,5720
2022_11,5時,15000,13870,3550,5170,5130,4920,4770,5320,23770,2360,4410,15670,14420,4360,5580,5300,4870,4790,5180,23470,2050,6130
2022_11,6時,17060,14880,3920,5640,5700,5450,5530,5690,23240,3820,6560,16080,14960,4320,5660,5500,5130,5090,5320,22940,2770,6870
2022_11,7時,21800,17460,4950,6980,7210,6850,7170,6070,21900,9040,10100,17640,16320,4800,6350,6060,5610,5500,5610,22680,4230,8630
2022_11,8時,28870,25300,7760,10070,11180,9420,8870,6850,18690,22960,14460,20330,19410,6150,7240,7360,6590,6280,6120,21920,7060,12310
2022_11,9時,31710,30560,10000,11130,12980,10440,9520,8200,16360,28670,18950,23450,23620,7770,8640,9060,7560,7190,6830,20670,9560,18300
2022_11,10時,33920,33870,11150,12000,13780,10960,10440,9440,15080,29780,24460,26720,28000,9520,10270,10420,8540,8000,7950,19750,10760,25550
2022_11,11時,34860,36630,11570,12880,14240,11350,11050,10370,14630,30240,28120,29130,31980,10750,12310,11550,9280,8570,8620,19010,11790,31610
2022_11,12時,35150,37860,12140,13180,14440,11630,11150,10440,14570,30640,29300,30590,33910,11690,13090,12100,9800,8910,8890,18720,12160,34960
2022_11,13時,35090,38020,12420,13320,14400,11590,11010,10340,14630,30840,29080,31370,34710,12670,13330,12200,10030,8990,8840,18540,12340,36520
2022_11,14時,34920,37360,12620,13250,14070,11570,10910,9840,14480,30450,28760,32000,33950,12920,13450,12100,9980,8840,8640,18150,12440,36750
2022_11,15時,35000,36290,13190,13060,13780,11270,10750,9220,14650,30370,27720,32270,33120,13510,13460,11750,9840,8660,8160,18270,12240,36250
2022_11,16時,34380,34720,12600,13050,13590,11020,10330,8490,15230,29580,25750,31910,32020,13810,13070,11350,9440,8420,7820,18890,11870,34550
2022_11,17時,34320,32260,12080,13010,13470,10760,9700,7530,16370,27480,24250,31240,30460,13860,12590,10890,9100,7990,7250,19780,11390,31960
2022_11,18時,33140,29590,11850,12590,12460,10240,8720,6860,17870,21350,25050,29710,28130,12900,12110,10310,8660,7280,6570,20400,10100,28780
2022_11,19時,30820,26640,11340,11740,11010,9250,7670,6430,19630,15050,24270,28080,25270,12080,11090,9580,7760,6600,6220,21110,8370,25350
2022_11,20時,27560,22330,9440,10290,9520,8010,6680,5930,20870,9840,20660,25430,22590,10900,9990,8420,7000,5970,5720,21530,6670,21340
2022_11,21時,23630,18830,7680,8640,8020,6920,5720,5460,21740,6200,16000,22370,19630,8640,8700,7480,6400,5390,5380,22220,4670,16630
2022_11,22時,19930,16460,6110,7400,6740,5970,5080,5070,22330,4180,11370,19470,17250,6950,7430,6540,5810,4930,5030,22390,3410,12450
2022_11,23時,16660,14490,4680,6350,5640,5130,4620,4710,22020,2840,7740,16670,15000,5440,6220,5650,5090,4510,4740,22050,2470,8700
2022_11,24時,15400,13920,3880,5610,5210,4880,4640,5080,23640,2090,5180,15730,14430,4450,5710,5350,4910,4550,5170,23490,2070,6180
2022_11,25時,15480,14010,3940,5580,5250,4930,4670,5110,23800,2070,5210,15830,14570,4580,5750,5340,4940,4570,5200,23660,2080,6260
2022_11,26時,15230,13860,3900,5440,5140,4860,4630,5100,23700,2010,4960,15580,14370,4480,5630,5240,4860,4520,5190,23640,2060,5850
2022_11,27時,15020,13840,3840,5430,5070,4790,4610,5110,23680,2010,4770,15300,14260,4330,5550,5180,4790,4490,5210,23590,2080,5510
2022_11,28時,14960,13760,3750,5360,5000,4800,4630,5150,23600,2060,4660,15290,14160,4250,5500,5110,4800,4530,5250,23540,2120,5410
2022_12,5時,15450,14200,3600,5660,5490,4940,4610,5340,24000,2520,4980,16440,14620,4470,6190,5570,4790,4710,5310,23690,2400,6780
2022_12,6時,17200,14950,3790,5980,5990,5480,5250,5650,23450,3890,6650,16500,15210,4590,6110,5750,4980,4850,5430,23240,3020,7180
2022_12,7時,21250,17340,4840,7210,7400,6650,6590,5890,22190,8350,9990,17890,16200,4950,6600,6330,5290,5280,5620,22960,4130,8720
2022_12,8時,28150,24280,7950,9740,11090,8940,8110,6570,19200,20800,14380,20520,19210,6480,7410,7670,6170,5940,6040,21770,7030,12580
2022_12,9時,30840,29640,9870,11100,12790,9960,8970,7770,17070,25800,19490,23720,23470,8210,8800,9150,7200,6940,6870,20700,9190,18920
2022_12,10時,32700,32930,10910,12070,13430,10560,9750,8890,15800,26810,24660,27170,27790,10020,10710,10370,8290,7720,7830,19790,10330,26350
2022_12,11時,34020,36020,11490,13160,14080,11030,10360,9900,15300,27660,28730,30060,31900,11310,12700,11640,9190,8540,8560,19130,11210,33080
2022_12,12時,34740,37330,11810,13760,14280,11340,10780,10080,15080,27750,30850,31480,34340,12760,13400,12450,9610,8760,8830,18630,11620,37010
2022_12,13時,34920,38090,12490,13920,14510,11390,10660,10010,15090,27920,31580,32440,35000,13470,13810,12890,9550,8800,8910,18610,11820,38450
2022_12,14時,34590,37560,12730,13890,14340,11170,10380,9630,14970,27690,31100,32470,35090,13600,14300,12690,9610,8710,8640,18360,11720,38950
2022_12,15時,34380,36910,13120,13930,14090,10980,10130,9040,15080,27540,30230,32380,34780,13830,14580,12340,9460,8650,8280,18310,11600,38720
2022_12,16時,34460,35110,12990,13960,13790,10780,9780,8250,15830,27160,28200,31940,33280,13710,14010,11950,9230,8550,7740,18810,11450,36430
2022_12,17時,34490,33310,12530,14160,13650,10570,9390,7480,16870,25680,26930,31260,31560,13740,13450,11450,8830,8070,7260,19640,10920,33790
2022_12,18時,33520,30960,12560,13900,12660,10060,8410,6870,18310,19930,27860,30360,29610,13500,13010,10850,8330,7440,6830,20240,9870,31430
2022_12,19時,31500,27440,11700,12850,11530,9060,7380,6410,19750,14000,26800,28920,26280,12720,12020,9700,7640,6640,6460,20910,7510,28310
2022_12,20時,28210,23540,10030,11350,10110,7960,6350,5940,20800,9700,22850,26420,23320,11330,10730,8880,6820,5940,6020,21490,6090,23720
2022_12,21時,24430,19730,7990,9580,8740,6850,5520,5470,21770,6370,17650,23780,20260,9190,9570,8050,6210,5380,5620,22020,4440,19200
2022_12,22時,20620,17360,6340,8240,7390,5970,4950,5070,22200,4440,13010,21340,17610,7730,8290,7140,5600,4930,5230,22090,3300,15180
2022_12,23時,17030,15000,4810,6880,6080,5100,4450,4710,21870,3140,8640,17780,15500,5940,6960,6130,4910,4480,4840,21640,2610,10630
2022_12,24時,15880,14180,3790,6130,5610,4870,4470,5160,23670,2300,5800,16220,14710,4670,6110,5780,4640,4490,5230,23270,2140,7190
2022_12,25時,16000,14280,3910,6140,5610,4920,4500,5190,23870,2270,5870,16540,14690,4800,6190,5830,4660,4490,5240,23420,2090,7400
2022_12,26時,15630,14130,3840,5980,5410,4840,4480,5190,23820,2240,5430,16160,14510,4670,6010,5660,4600,4480,5230,23400,2030,6900
2022_12,27時,15400,14070,3750,5970,5300,4800,4460,5170,23790,2250,5170,15940,14360,4630,5840,5570,4550,4450,5240,23380,2060,6540
2022_12,28時,15360,13930,3690,5930,5210,4810,4460,5180,23760,2260,5030,15910,14270,4510,5830,5520,4570,4450,5280,23310,2060,6480
2023_01,5時,15760,14890,3370,6040,5690,5550,3920,6050,25780,2590,4240,16300,15260,4150,6320,5840,5310,3910,6020,24710,2320,6230
2023_01,6時,17450,15780,3540,6340,6170,6230,4450,6480,25280,3880,6080,16620,15810,4420,6330,5930,5500,4060,6170,24340,2860,6970
2023_01,7時,21240,17960,4440,7410,7330,7600,5590,6820,23810,8100,9400,17820,16840,4760,6870,6310,5910,4420,6370,24040,3880,8470
2023_01,8時,27800,25550,7750,9800,11060,10170,7050,7490,20610,21200,13840,20150,19240,5830,7530,7630,6780,4940,6660,23000,6470,11620
2023_01,9時,30310,30630,9560,10960,12760,11240,7600,8800,18140,26700,18050,22620,23170,7170,8670,8960,7720,5740,7510,22030,8670,16730
2023_01,10時,32000,33830,10610,11720,13460,11860,8200,9970,16850,27830,22870,25550,26990,8930,10190,9910,8770,6320,8410,20950,9730,23340
2023_01,11時,33430,36900,11280,12610,14210,12340,8780,11080,16330,28470,27200,28030,30930,10710,11790,10850,9490,6900,9200,20050,10590,29720
2023_01,12時,34190,38360,11870,13090,14400,12590,9130,11460,16280,28900,29070,29790,33000,11820,12790,11230,10010,7320,9610,19600,11070,33540
2023_01,13時,34620,38560,12570,13100,14390,12670,9050,11370,16200,29070,29610,30900,34190,13020,13150,11480,10340,7410,9670,19590,11030,35870
2023_01,14時,34900,38190,13130,13290,14300,12590,8900,10860,16110,28990,29690,31420,34480,13070,13590,11780,10570,7410,9450,19360,10910,37050
2023_01,15時,34770,37420,13510,13260,14020,12390,8670,10320,16280,28770,28830,31050,33630,13030,13460,11520,10430,7150,9070,19200,10690,36200
2023_01,16時,34930,35910,13240,13290,13980,12290,8430,9600,17070,28280,27280,30690,32540,12920,13320,11400,10180,6930,8460,19690,10640,34350
2023_01,17時,34390,33950,12420,13490,13800,11960,8050,8590,18090,26460,25610,29900,31180,12720,13060,11120,9530,6620,8000,20480,10070,32010
2023_01,18時,32640,31090,11890,13220,12640,11130,7050,7780,19800,20580,25160,28840,29620,12910,12780,10440,8920,5960,7430,21190,9170,29670
2023_01,19時,30390,26990,10800,12100,11150,10070,6050,7180,21500,14100,23590,26830,26530,11510,11560,9560,8320,5370,7030,21930,7240,25760
2023_01,20時,27020,23410,9460,10560,9790,8750,5210,6640,22570,9450,20220,24700,23140,9770,10450,8700,7530,4870,6500,22550,5750,21130
2023_01,21時,23600,20010,7750,9090,8570,7580,4510,6090,23590,6090,15760,22230,20400,8260,9230,7870,6760,4380,6120,23270,4130,16900
2023_01,22時,20380,17760,6360,7990,7280,6650,4110,5720,24170,4410,11440,19830,18450,7150,8190,7020,6140,4020,5740,23550,3350,13060
2023_01,23時,17130,15460,4780,6820,6130,5710,3790,5340,23770,3170,7490,17020,15950,5410,7070,6050,5410,3640,5390,23020,2660,8910
2023_01,24時,16270,14970,3910,6370,5800,5520,3800,5820,25710,2550,4950,15850,15470,4080,6360,5880,5350,3750,5880,24840,2170,5980
2023_01,25時,16410,15060,4000,6380,5830,5570,3820,5860,25920,2510,5020,15910,15440,4020,6380,5880,5370,3770,5930,25040,2160,5850
2023_01,26時,16000,14920,3910,6240,5650,5460,3800,5840,25890,2450,4560,15740,15350,3980,6320,5780,5280,3740,5980,25090,2120,5580
2023_01,27時,15830,14880,3820,6240,5570,5440,3780,5850,25840,2470,4390,15660,15320,4000,6270,5710,5240,3740,6000,25080,2070,5500
2023_01,28時,15770,14740,3670,6220,5480,5460,3780,5880,25810,2530,4150,15540,15300,3940,6230,5640,5230,3750,6030,25020,2160,5340
2023_02,5時,15650,14650,3580,5560,5630,5710,3980,5820,25500,3090,4070,16090,15140,4000,6080,5720,5690,3860,5860,24970,2850,5590
2023_02,6時,17530,15810,3970,5920,6040,6430,4600,6360,24950,4410,6330,16450,15790,4160,6100,5920,5900,4060,6080,24650,3440,6350
2023_02,7時,21730,18490,5140,7070,7470,7920,5870,6720,23490,8990,10210,17790,16950,4650,6660,6470,6270,4440,6210,24500,4460,8030
2023_02,8時,28800,26790,8700,9570,11560,10910,7390,7450,20080,23830,14310,20090,19690,6320,7100,7560,7140,5010,6640,23170,7230,11500
2023_02,9時,31310,31950,10790,10770,13140,11980,7880,8690,17320,29860,18320,22950,23960,7940,8680,8900,8230,5830,7300,21870,9850,17230
2023_02,10時,32640,35440,11620,11540,13750,12490,8530,10140,16000,30550,23500,26410,28350,9650,10380,10180,9320,6660,8550,20810,10910,25040
2023_02,11時,34140,38450,12620,12350,14340,12810,9130,11330,15600,31020,27910,29120,32700,11460,11990,11290,10070,7390,9600,19960,11880,31830
2023_02,12時,34860,39450,12900,12790,14500,13150,9370,11600,15560,31320,29360,30830,35400,13100,12770,11760,10760,7810,10000,19220,12560,36310
2023_02,13時,35030,39770,13280,12820,14440,13190,9460,11590,15550,31570,29620,31650,36970,14180,13080,12120,11010,7980,10250,19450,12600,38420
2023_02,14時,35150,39380,13520,12870,14290,13150,9340,11330,15530,31520,29410,31840,37370,14680,13080,12040,11120,8040,10240,19310,12520,39220
2023_02,15時,34640,38410,13450,12780,14040,13080,8950,10730,15600,31170,28220,31760,36220,14430,13140,11950,10910,7680,9850,19260,12370,38190
2023_02,16時,34460,36860,13100,12840,13890,12860,8760,9870,16260,30590,26480,31640,34790,14630,12870,11710,10650,7480,9070,19820,12170,36310
2023_02,17時,34220,34260,12790,12830,13560,12300,8290,8700,17550,28280,24710,31190,33670,14970,12920,11080,10310,7160,8400,20600,11650,34520
2023_02,18時,32590,31310,11830,12720,12750,11580,7180,7830,19300,21980,24700,29790,31380,13990,12410,10770,9750,6530,7700,21400,10330,31390
2023_02,19時,30380,27830,10610,11970,11430,10480,6430,7270,20890,15360,24020,27840,28030,12120,11450,10000,8960,5950,7370,22120,8520,27210
2023_02,20時,27310,23760,9410,10620,9810,9090,5530,6600,21970,10620,20580,25520,24270,10620,10210,8970,7940,5250,6790,22720,6780,22300
2023_02,21時,23950,20240,7920,9240,8500,7800,4790,5930,23090,7100,16180,22860,20710,8770,8980,7930,7010,4630,6220,23210,4750,17570
2023_02,22時,20720,17890,6570,8030,7310,6890,4270,5530,23840,5110,11850,19980,18380,7150,7820,7080,6330,4200,5770,23600,3790,12970
2023_02,23時,17040,15620,4960,6690,6040,5940,3870,5140,23440,3690,7660,16960,15740,5540,6490,6040,5480,3800,5330,23110,3050,8540
2023_02,24時,16290,14860,4060,6030,5790,5690,3870,5690,25560,2940,4980,15850,15220,4530,5900,5790,5360,3740,5730,24990,2630,5600
2023_02,25時,16380,14880,4030,6090,5800,5750,3860,5710,25820,2890,4880,15920,15230,4420,5920,5880,5440,3740,5740,25230,2590,5480
2023_02,26時,16010,14680,3940,5960,5580,5680,3840,5670,25780,2840,4400,15740,15070,4320,5820,5740,5420,3730,5750,25310,2590,5080
2023_02,27時,15830,14590,3820,5910,5520,5630,3850,5670,25750,2840,4160,15610,14820,4120,5740,5690,5370,3720,5780,25240,2570,4800
2023_02,28時,15730,14550,3730,5900,5410,5660,3850,5700,25680,2910,4020,15410,14780,3990,5680,5590,5380,3710,5800,25050,2620,4680
2023_03,5時,15840,15030,3670,5700,6190,5520,3960,5820,25710,2750,4300,16370,15380,4620,5730,6120,5470,3940,5850,25310,2300,5730
2023_03,6時,17770,15960,3840,6160,6700,6230,4500,6280,24950,4160,6440,17120,16190,4940,5910,6410,5850,4120,6050,24920,3060,6910
2023_03,7時,22060,18010,4480,7240,8040,7790,5870,6630,23410,8760,9850,18500,17350,5450,6430,7180,6130,4350,6300,24360,4270,8690
2023_03,8時,28500,26550,8170,9790,11800,10500,7500,7260,20020,23170,13880,20910,20110,6200,7310,8310,7140,5140,6890,23230,7130,12070
2023_03,9時,30780,32120,10680,10830,13290,11520,8050,8520,17370,29070,18280,23610,24960,7810,8990,9770,8340,6040,7610,21860,10030,18130
2023_03,10時,32560,35040,11560,11710,13910,11990,8680,9730,15800,29840,23490,27050,28910,9880,10270,11120,9390,6720,8550,20530,10950,25830
2023_03,11時,33850,38210,12550,12320,14630,12460,9190,10890,15210,30500,27900,29280,33170,11590,11730,12340,10070,7200,9500,19670,11740,32290
2023_03,12時,34500,39910,12980,12960,15000,12750,9370,11320,15130,31110,29680,31080,35130,13180,12730,12640,10390,7470,9790,19280,12280,35900
2023_03,13時,34620,40420,13550,13020,14990,12720,9370,11380,15010,31190,30330,31680,35430,13650,13190,12410,10650,7360,9840,18920,12130,37240
2023_03,14時,34640,40040,13750,13120,14780,12750,9250,11020,14970,30820,30370,31350,35460,13600,13340,12290,10770,7320,9470,18630,12040,37310
2023_03,15時,34610,38790,13470,13090,14560,12830,9010,10430,15330,30570,29050,31310,35620,14060,13430,12320,10670,7330,9110,18810,11890,37440
2023_03,16時,34240,37080,13110,12930,14580,12420,8670,9590,16120,30020,26740,31250,35000,14470,13350,12240,10290,7340,8540,19360,11800,36350
2023_03,17時,33780,34760,12870,12980,14180,11920,8050,8520,17100,27900,25120,31090,33750,15090,13390,11570,9830,7140,7810,20460,11310,34410
2023_03,18時,32580,31630,12280,12770,13420,11120,7020,7580,18820,21470,25520,30440,31630,14990,12750,11080,9320,6610,7300,21140,10170,32130
2023_03,19時,30930,28200,11390,12170,12110,10100,6240,7090,20590,15310,24850,29310,28100,13520,12100,10250,8630,5920,6970,21860,8170,28710
2023_03,20時,28070,24570,10020,10920,10730,8900,5510,6540,22080,10830,21380,26570,24710,11730,10850,9170,7780,5230,6500,22650,6060,23900
2023_03,21時,24750,20710,8140,9330,9390,7710,4850,6020,23080,7030,16960,23400,20830,9610,9170,8110,6840,4620,5860,23340,4300,18010
2023_03,22時,21480,18300,6740,8230,8230,6710,4310,5540,23710,5040,12670,20420,18540,7660,8070,7300,6220,4180,5510,23560,3340,13530
2023_03,23時,17890,15950,5260,7000,6860,5710,3890,5100,23400,3420,8620,17350,16060,5830,6820,6530,5440,3680,5100,23190,2560,9130
2023_03,24時,16530,15120,4220,6040,6390,5450,3880,5660,25460,2440,5500,16290,15260,4610,5940,6210,5220,3820,5740,25070,2220,5850
2023_03,25時,16630,15140,4250,6080,6390,5490,3880,5680,25720,2410,5400,16450,15270,4600,5990,6240,5310,3810,5750,25310,2150,5860
2023_03,26時,16120,14940,4090,5930,6170,5400,3820,5620,25690,2370,4780,15960,15200,4550,5780,6100,5200,3750,5750,25200,2140,5410
2023_03,27時,15860,14830,3940,5890,6040,5370,3810,5620,25600,2360,4500,15750,15140,4480,5760,6020,5140,3750,5720,25210,2130,5140
2023_03,28時,15820,14780,3890,5840,5950,5420,3810,5670,25490,2410,4480,15650,15040,4350,5720,5980,5160,3750,5720,25130,2180,4980
2023_04,5時,15150,14550,3140,5450,6100,5230,3940,5800,24670,2620,4210,16130,15430,4350,6140,6120,5260,3880,5790,24230,2550,6600
2023_04,6時,17180,15540,3200,5980,6740,6050,4580,6170,24040,4060,6450,16490,15730,4180,6240,6170,5600,3990,6030,23900,3240,6900
2023_04,7時,21990,18000,4030,7370,8170,7840,6020,6550,22430,8980,10480,17730,16770,4490,6670,6750,6080,4280,6200,23530,4460,8290
2023_04,8時,30650,26400,8590,10510,12190,10290,7950,7510,19000,25070,15030,20050,19890,5670,7520,7950,6920,5000,6860,22440,7350,11920
2023_04,9時,32750,31470,10990,11400,13290,11050,8560,8890,16050,31320,18620,22470,24150,7090,8780,9350,7890,5870,7620,21410,10170,16790
2023_04,10時,34360,34470,11760,12050,13930,11620,9150,10310,14830,32300,23250,25630,27980,8560,10340,10770,8830,6560,8540,20120,11260,23860
2023_04,11時,35420,37440,12630,12860,14410,12080,9570,11290,14320,33070,26980,27670,32610,10190,11800,11940,9670,7230,9440,19080,12150,30600
2023_04,12時,35810,39070,13480,13230,14630,12220,9650,11660,14330,33760,28290,29220,34990,11440,12710,12310,10300,7690,9750,18620,12740,34390
2023_04,13時,35790,39300,13990,13270,14530,12130,9600,11550,14300,33700,28560,30090,35530,11940,13310,12260,10610,7700,9790,18560,12890,35650
2023_04,14時,35840,38690,13980,13340,14370,12230,9480,11110,14350,33310,28330,30710,35790,12570,13660,12260,10650,7710,9620,18060,12830,37060
2023_04,15時,35520,37580,13740,13280,14250,12070,9260,10470,14570,32900,27120,30710,35340,13020,13540,12360,10360,7560,9190,18270,12640,36590
2023_04,16時,35230,36020,13120,13310,14240,11770,9060,9730,15150,32050,25520,30650,34710,13490,13320,12150,10320,7430,8630,18990,12550,35280
2023_04,17時,34590,34350,12850,13350,13960,11440,8660,8660,16310,29780,24390,29280,33790,13350,13240,11570,9870,6950,8080,19680,11960,32910
2023_04,18時,32750,30650,10930,13110,12910,10960,7640,7820,18080,22190,24710,28750,31290,12870,12810,10990,9320,6540,7490,20200,10430,30860
2023_04,19時,30840,27720,10170,12450,11980,10020,6690,7210,20130,15690,24370,27480,28680,12330,11830,10570,8510,5950,6940,20980,8800,27830
2023_04,20時,27790,23980,9020,11030,10470,8830,5860,6540,21370,10670,21380,25350,25740,11320,10610,9550,7790,5250,6550,21560,6830,24200
2023_04,21時,23970,20630,7330,9390,9180,7660,5030,5990,22320,7160,16760,23180,22180,9410,9460,8750,6980,4710,6040,22420,5040,19460
2023_04,22時,20640,17880,5960,8140,8000,6460,4390,5540,22970,5050,12200,20610,19140,7730,8320,7690,6220,4160,5620,22660,3990,14700
2023_04,23時,16980,15590,4490,6760,6690,5510,3920,5170,22610,3620,8020,17260,16490,6140,6890,6470,5300,3740,5200,22150,3040,10160
2023_04,24時,15850,14940,3760,5900,6350,5250,3890,5610,24540,2660,5400,15700,15290,4280,6140,6050,5080,3750,5660,24020,2360,6310
2023_04,25時,15970,14950,3740,6000,6340,5330,3890,5610,24860,2580,5300,15870,15300,4320,6180,6060,5140,3760,5700,24300,2290,6280
2023_04,26時,15600,14830,3710,5850,6170,5240,3850,5590,24880,2530,4860,15440,15260,4180,6080,5980,5030,3720,5690,24380,2280,5750
2023_04,27時,15370,14650,3570,5760,6080,5190,3820,5600,24810,2530,4540,15250,15340,4270,6020,5890,5000,3700,5680,24290,2320,5730
2023_04,28時,15260,14570,3500,5680,6020,5200,3800,5610,24700,2600,4390,15210,15380,4200,6000,5940,5000,3720,5700,24210,2310,5810
2023_05,5時,14800,14830,2950,5360,5880,5440,3840,6130,24700,2620,4140,15330,15830,4020,5830,6160,5210,3830,6080,24420,2370,6120
2023_05,6時,16870,15950,3200,5910,6580,6170,4470,6470,24070,4140,6400,15940,15810,3660,5960,6330,5490,4050,6240,23800,2830,6800
2023_05,7時,21780,18280,4220,7270,7920,7720,5990,6920,22510,8930,10420,17520,16960,4110,6630,6920,5810,4350,6640,23490,4010,8620
2023_05,8時,30040,26330,8430,10170,11860,10330,7860,7710,19590,23770,15030,20100,19770,5480,7190,8050,6770,5050,7300,22440,6030,13030
2023_05,9時,32560,31670,10660,11600,13320,11200,8330,9110,16470,30080,19550,22910,24090,7490,8350,9120,7860,5980,8180,21100,8630,18930
2023_05,10時,34310,34630,11170,12290,14090,11900,9000,10480,15160,30830,24500,26520,28370,8680,10290,10990,9110,6810,9000,20090,9570,26790
2023_05,11時,35420,37360,11900,13010,14550,12370,9480,11450,14680,31540,28090,29320,32520,10550,11930,12030,9940,7520,9860,18970,10260,34040
2023_05,12時,35810,38910,12810,13160,14870,12490,9640,11730,14510,32270,29440,30400,34560,11280,12550,12520,10480,7800,10300,18740,10570,37050
2023_05,13時,35940,39540,13410,13510,14890,12380,9630,11640,14470,32210,30260,30610,35130,11560,12850,12490,10660,7850,10310,18560,10570,37980
2023_05,14時,36260,39360,13550,13830,14850,12480,9550,11350,14660,32030,30400,31030,35110,12210,12890,12320,10590,7860,10250,18350,10550,38650
2023_05,15時,36280,38300,13730,13720,14600,12230,9340,10940,14890,31820,29360,31170,34430,12450,13050,12190,10540,7690,9660,18370,10540,38150
2023_05,16時,35860,36280,12910,13590,14440,11980,9150,10050,15470,30830,27380,31380,33410,12690,13170,11920,10330,7500,9160,18810,10300,37110
2023_05,17時,35060,34220,12470,13340,14180,11600,8660,9000,16560,28410,25960,30830,33090,12780,13330,11720,10080,7190,8810,19810,9670,35840
2023_05,18時,33440,30630,10580,13240,13230,11150,7620,8240,18390,20750,26620,30290,30980,12680,13080,11150,9740,6470,8130,20730,8800,33220
2023_05,19時,31200,27710,10100,12390,11910,10180,6630,7690,20080,14560,25890,28710,28290,12070,12030,10580,8930,5830,7540,21300,7420,29800
2023_05,20時,27700,23660,8650,10800,10200,8910,5730,7050,21330,10160,21530,26460,24180,10280,10660,9480,8000,5170,7030,21920,5800,24470
2023_05,21時,24100,20460,6950,9500,9000,7760,4880,6440,22310,6940,16990,23530,20990,8260,9640,8570,7030,4650,6350,22710,4290,19120
2023_05,22時,20170,18000,5520,8110,7800,6600,4240,5890,23040,4720,12100,20340,18490,6780,8220,7420,6250,4280,5850,22900,3360,14170
2023_05,23時,16360,15760,4300,6530,6490,5570,3750,5460,22680,3260,7820,16850,16020,5180,6710,6290,5390,3830,5450,22450,2590,9390
2023_05,24時,15490,15370,3580,5860,6170,5450,3750,6030,24770,2540,5320,15650,15340,3970,5950,6140,5190,3760,5970,24220,2140,6330
2023_05,25時,15580,15450,3550,5920,6210,5550,3740,6050,25080,2530,5230,15720,15480,4060,5970,6140,5270,3760,5970,24570,2100,6260
2023_05,26時,15170,15210,3430,5810,5980,5440,3710,6000,25020,2490,4690,15220,15330,3850,5800,6030,5170,3740,5950,24500,2130,5660
2023_05,27時,14920,15200,3410,5730,5910,5370,3690,5990,25030,2480,4430,15050,15230,3710,5760,6010,5110,3730,5950,24470,2130,5440
2023_05,28時,14880,15050,3330,5640,5880,5360,3690,6010,24940,2500,4300,14990,15200,3630,5720,6000,5110,3750,5970,24420,2110,5380
2023_06,5時,13920,14790,2600,5160,5720,5400,3950,5870,23210,2450,4710,14720,15180,3100,5670,5870,5390,3950,5890,23130,2150,6100
2023_06,6時,16000,15820,2870,5810,6280,6140,4590,6100,22720,3700,7000,15320,15710,3400,5670,6110,5700,4140,5990,22810,2620,7020
2023_06,7時,21240,18140,3930,7030,7740,7770,6260,6630,21400,7830,11820,16910,16850,4120,6030,6600,6070,4560,6370,22370,3720,9090
2023_06,8時,29630,25790,8290,9620,11450,10380,8210,7450,18410,21660,17220,19400,19720,5510,6450,7660,7110,5280,7100,21380,5760,13400
2023_06,9時,31730,31010,10250,10990,12920,11130,8710,8720,15850,27150,21440,22150,24090,7030,7860,9090,8150,6090,8000,19870,8440,19360
2023_06,10時,33570,34170,11350,11630,13850,11680,9190,10010,14840,28050,26290,25420,28210,8290,9570,10640,9270,6840,9010,18680,9100,27160
2023_06,11時,34440,36680,12060,12230,14390,12030,9590,10790,14100,28510,29860,28100,32310,10240,11490,11630,9880,7460,9690,18070,9790,33770
2023_06,12時,34990,37960,12790,12570,14740,12240,9670,10930,14100,29180,31000,29220,34990,11770,12430,11970,10360,7670,9980,17960,10360,37160
2023_06,13時,35160,38260,13520,12730,14470,12250,9760,10670,14050,28980,31760,30320,36240,12640,13030,12170,10650,7970,10080,17640,10350,39760
2023_06,14時,35350,37770,13910,12720,14280,12290,9580,10330,14110,28550,31780,31300,36100,13090,13370,12140,10950,7870,9970,17560,10210,40860
2023_06,15時,35150,36650,13600,12560,14090,12150,9440,9950,14350,28350,30430,31690,35720,13800,13610,11910,10840,7780,9450,17670,10240,40730
2023_06,16時,34740,35090,13170,12390,13900,11980,9150,9220,14860,27630,28730,31230,34320,13390,13370,11550,10570,7570,9070,17920,10200,38660
2023_06,17時,34110,33650,12670,12390,13660,11930,8610,8490,15880,25450,27910,30630,32970,13070,13440,11150,10290,7060,8560,18900,9750,36250
2023_06,18時,32880,30450,10970,12680,12780,11600,7560,7720,17600,18900,28340,29550,31050,12900,12760,10790,9810,6360,7960,19520,9100,33360
2023_06,19時,30500,27720,10540,11800,11670,10400,6640,7160,19100,13320,27330,28320,27710,12410,11680,9930,8770,5910,7310,19860,7550,29970
2023_06,20時,27020,23930,9190,10270,10090,9110,5710,6550,19880,9190,23370,25770,24580,10580,10450,9190,7980,5350,6770,20310,5730,25670
2023_06,21時,23730,20870,7630,9150,8960,7910,4930,6000,20680,6150,19240,22790,21440,8680,9170,8140,7150,4710,6360,21080,4240,20290
2023_06,22時,19700,18160,5860,7860,7720,6610,4290,5500,21270,4310,13740,19320,18860,6900,7790,6960,6370,4290,5870,21350,3250,14980
2023_06,23時,15880,15980,4540,6450,6370,5520,3870,5100,20930,3070,9270,15690,16340,4900,6410,5920,5440,3910,5440,20910,2420,9980
2023_06,24時,14420,15110,3190,5570,5940,5360,3820,5620,22780,2400,5930,14450,15510,3500,5820,5580,5280,3840,5920,22880,2070,6560
2023_06,25時,14460,15110,3090,5670,5950,5380,3830,5640,22940,2330,5880,14650,15380,3500,5810,5620,5340,3850,5910,23080,2080,6430
2023_06,26時,14140,14820,2870,5520,5800,5310,3810,5630,22970,2230,5350,14150,15320,3320,5640,5530,5260,3820,5890,23100,2050,5840
2023_06,27時,13930,14740,2820,5490,5670,5240,3810,5620,22940,2210,5100,14050,15200,3220,5570,5520,5200,3810,5900,23130,2100,5570
2023_06,28時,13860,14580,2730,5390,5580,5250,3820,5650,22850,2230,4940,13960,15140,3170,5480,5510,5200,3820,5910,23060,2070,5500
2023_07,5時,14950,14470,3180,5160,5770,5220,4000,6080,24280,2270,4510,15610,15330,4180,5720,6000,5090,3840,6090,24070,2230,6220
2023_07,6時,17250,15580,3440,5700,6400,6210,4790,6290,23800,3750,6990,16070,15890,4160,5730,6320,5350,4100,6270,23750,2940,6850
2023_07,7時,22690,18090,4700,7020,7830,8010,6410,6790,22480,8890,11150,17840,17370,4750,6340,7000,5830,4630,6640,23400,4620,8730
2023_07,8時,30770,26020,8220,10210,11650,10830,8240,7640,19780,23580,15330,20470,19660,5770,6840,8000,6960,5270,7260,22240,6760,12640
2023_07,9時,33000,30980,10340,11200,12960,11780,8650,9030,17230,28970,19480,23490,24790,8340,8300,9280,8170,6030,8150,21110,9860,18840
2023_07,10時,35260,34340,11760,12010,13970,12360,9210,10270,16040,30500,24530,27190,28630,9900,10020,10850,9280,6760,9000,19950,10810,26460
2023_07,11時,36390,36980,12330,12720,14550,12780,9700,11270,15360,31150,28320,30020,32820,11770,11920,11950,10140,7290,9760,18910,11670,33620
2023_07,12時,36850,38710,12910,13200,14920,13130,9850,11540,15300,31810,29920,31450,35650,13330,12950,12620,10650,7510,10040,18750,12370,37340
2023_07,13時,37180,38930,13750,13130,14710,13330,9850,11330,15140,31840,30600,31580,36440,13770,13280,12880,10840,7500,9740,18580,12480,38190
2023_07,14時,37000,38740,13660,13220,14620,13440,9680,11100,15210,31500,30500,32310,36490,14120,13500,12970,10900,7510,9780,18690,12320,39040
2023_07,15時,36560,38230,13720,13180,14440,13210,9490,10720,15260,31340,29640,33140,35460,14500,13500,12940,10930,7280,9440,18450,12200,39150
2023_07,16時,36700,36700,13190,13210,14320,12980,9420,10250,15810,30570,28490,33070,34240,14130,13360,12790,10760,7200,9060,18590,11770,38110
2023_07,17時,36410,34630,12720,13090,14060,12910,8860,9370,16740,28500,27330,32730,33580,14410,13470,12340,10340,6970,8760,19270,11280,36970
2023_07,18時,35050,31360,11820,12800,13320,12120,7880,8460,18050,21580,28320,31270,31830,14020,13150,11720,9720,6510,7970,19930,9950,34490
2023_07,19時,32600,28560,11500,12140,12230,10680,6790,7810,19580,15240,27850,29600,28730,13040,12080,11060,8730,5950,7450,20370,8250,30950
2023_07,20時,28870,24520,9650,11000,10520,9280,5890,7030,20620,10360,23950,27090,24960,11380,10810,9860,7780,5370,6840,20930,6430,25920
2023_07,21時,24730,21100,7780,9530,9340,7830,5050,6280,21530,6780,19040,23900,21280,9030,9430,8890,6820,4650,6330,21680,4540,20180
2023_07,22時,20900,18120,6140,8090,7930,6600,4450,5800,22060,4690,13810,20650,18490,7070,8160,7620,6210,4150,5920,22090,3540,14840
2023_07,23時,16980,15690,4680,6570,6540,5560,3910,5390,21700,3160,9300,16810,15960,5220,6690,6360,5240,3790,5450,21800,2660,9610
2023_07,24時,15570,14940,3640,5660,6070,5380,3820,5940,24140,2390,5670,15840,15730,4760,6040,5950,5030,3790,5980,24080,2120,6830
2023_07,25時,15580,14990,3570,5640,6110,5440,3830,5960,24440,2320,5500,15950,15800,4780,5960,6080,5120,3790,5990,24390,2090,6750
2023_07,26時,15260,14890,3450,5570,6000,5330,3800,5980,24470,2250,5110,15460,15660,4570,5810,5930,5040,3760,6000,24400,2020,6200
2023_07,27時,14990,14660,3280,5470,5840,5300,3770,5970,24390,2190,4740,15140,15520,4430,5740,5800,4970,3740,5960,24270,1980,5900
2023_07,28時,14960,14510,3310,5400,5750,5230,3780,5980,24310,2200,4640,15160,15470,4550,5650,5720,4970,3750,5970,24280,1990,5860
2023_08,5時,12940,12770,2610,4530,5060,4620,3280,5600,20550,1910,4560,14500,13590,4080,5100,5310,4550,3350,5680,20390,1800,7110
2023_08,6時,15070,13550,2680,4950,5600,5500,3980,5880,20240,3110,6630,15130,14420,4340,5350,5660,4860,3560,5750,20010,2500,8260
2023_08,7時,19550,15610,3510,6430,6830,6930,5250,6190,19360,7280,9940,16400,15800,4680,5910,6310,5150,3970,6170,19780,3580,10060
2023_08,8時,26590,22390,6240,9070,10470,9400,6830,6950,17260,18540,14660,19090,18160,5810,6460,7370,6080,4670,6830,18690,5500,14230
2023_08,9時,28910,26690,8150,10070,11620,10300,7250,8200,15390,22830,18770,21410,22500,7390,7660,8680,7400,5270,7480,17690,8030,19390
2023_08,10時,30870,29590,9020,10950,12600,10980,7750,9150,14330,23830,23490,24120,26290,8690,9030,10000,8500,5950,8220,16640,8990,25930
2023_08,11時,32280,32380,10140,11760,13040,11430,8150,10130,13950,24590,27290,26490,30190,10250,10890,10930,8980,6660,8950,15940,9890,31940
2023_08,12時,32840,33340,10500,12370,13350,11460,8310,10150,13880,25020,28430,28240,32140,11220,11840,11760,9590,6950,9010,15820,10340,35300
2023_08,13時,33000,33610,11270,12330,13210,11510,8190,10090,13750,25070,28930,29240,32770,11710,12230,12030,9940,6920,9160,15760,10430,36860
2023_08,14時,33090,33560,11640,12410,13170,11570,8020,9830,13810,24900,29060,29610,32210,11760,12400,11890,10030,6670,9060,15640,10240,36910
2023_08,15時,32940,32970,11580,12410,13060,11470,7830,9540,13920,24700,28430,28590,31060,11470,12000,11440,9910,6360,8450,15700,9910,34970
2023_08,16時,32710,31710,10960,12310,13030,11330,7590,9180,14250,24190,27130,28420,29940,11940,11490,11030,9560,6100,8220,15880,9720,33710
2023_08,17時,32220,30650,10810,12060,12990,11160,7240,8580,15100,22550,26420,28750,29950,13100,11500,10810,9490,5840,7930,16420,9410,33850
2023_08,18時,30860,27600,9880,11720,12290,10550,6290,7700,16080,17000,26610,27860,28330,12510,11410,10330,9110,5460,7370,16690,8570,31970
2023_08,19時,28620,24640,9500,10980,11050,9210,5460,7040,17110,11940,25450,26630,25200,11340,10950,9500,8210,5000,6820,16980,7030,28830
2023_08,20時,25370,21660,8600,9740,9430,8030,4720,6490,17960,8380,21920,24320,21560,9460,9590,8540,7410,4530,6330,17530,5270,24120
2023_08,21時,22120,18710,7150,8500,8230,6930,4120,5880,18840,5660,17560,22630,18660,8400,8710,7880,6390,4000,5900,18340,3840,20160
2023_08,22時,18900,15970,5730,7210,6890,6000,3610,5410,19070,3970,13080,20030,16350,7260,7440,6960,5700,3600,5410,18450,2930,16090
2023_08,23時,15110,13810,4130,5830,5690,5040,3180,5030,18670,2770,8720,16150,14270,5430,6190,5760,4840,3130,5050,18190,2070,11220
2023_08,24時,13660,13400,3280,5000,5330,4700,3210,5530,20490,2010,5900,14390,13730,4160,5490,5270,4500,3200,5490,19860,1690,7710
2023_08,25時,13680,13450,3290,4980,5330,4730,3240,5550,20690,1950,5830,14390,13620,4120,5430,5250,4460,3230,5500,20030,1690,7440
2023_08,26時,13410,13250,3220,4850,5190,4650,3180,5550,20670,1870,5440,14030,13230,3840,5220,5120,4380,3190,5480,20010,1570,6830
2023_08,27時,13180,13020,3060,4810,5040,4580,3160,5530,20610,1850,5080,13860,13100,3800,5110,5000,4350,3190,5500,20000,1550,6550
2023_08,28時,13100,12910,3030,4740,4990,4540,3160,5530,20520,1850,4970,13650,13060,3780,5000,4890,4330,3170,5520,19920,1570,6360
2023_09,5時,14490,14110,2790,5460,5480,5260,3760,5850,23360,2090,4400,15070,14920,3600,5800,5670,5180,3790,5930,23100,2030,6060
2023_09,6時,16660,15160,2980,5850,6060,6260,4490,6170,22740,3500,6820,15590,15380,3590,5930,6000,5560,3980,5890,22620,2420,7100
2023_09,7時,21780,17230,3760,7090,7570,8020,6030,6540,21390,8040,10920,17320,16270,3570,6650,6620,5910,4380,6450,22220,3610,8930
2023_09,8時,29320,25010,6540,10200,11600,11160,7550,7260,18380,22230,15020,20000,19180,4600,7530,7510,7120,5180,7240,21150,5910,13280
2023_09,9時,31890,30010,8200,11680,13020,12310,8010,8670,16460,27690,19050,22620,23940,6600,8890,8530,8390,5920,8210,19880,8440,19410
2023_09,10時,33810,33500,9330,12600,13970,12840,8490,10070,15270,28980,24170,26450,28180,8600,10600,9930,9530,6680,9260,19170,9390,27160
2023_09,11時,34880,36220,10080,13370,14390,13230,8920,11090,14720,29310,28130,28840,31790,10480,11860,10940,10370,7150,9810,18230,10120,33330
2023_09,12時,35710,37730,11040,13940,14690,13360,9100,11280,14710,30360,29440,29820,33900,11340,12220,11820,10800,7500,10010,17810,10630,36270
2023_09,13時,35840,38250,11730,14060,14710,13320,9030,11220,14620,30510,30000,30660,35840,12350,12840,12270,11170,7610,10240,17510,10770,39160
2023_09,14時,35390,38070,11910,14140,14390,13440,8760,10790,14590,30240,29660,31020,36080,12860,13120,12360,11380,7550,9810,17500,10560,39950
2023_09,15時,35260,37050,11890,14120,14050,13250,8550,10440,14790,30170,28390,31280,35020,13150,12860,12310,11050,7390,9520,17530,10400,39290
2023_09,16時,34840,35930,11550,13920,14110,12980,8400,9790,15320,29320,27150,31930,33790,13110,12880,12200,11040,7240,9240,17830,10220,38620
2023_09,17時,34400,34100,11330,13720,14040,12730,7830,8830,16430,26920,26260,31600,32460,12870,13200,11760,10730,6870,8620,18430,9800,36780
2023_09,18時,33840,30610,10630,13550,13350,12080,6870,7950,17710,20740,27100,30700,30860,13210,13050,11160,10120,6230,7770,18950,9020,34630
2023_09,19時,31550,26880,9800,12410,12300,10550,6130,7220,19220,14440,25890,28830,27660,12550,11920,10060,9170,5730,7050,19690,7370,30470
2023_09,20時,28060,23670,8770,11020,10790,9260,5320,6560,20250,9980,22600,26580,23780,10830,10660,9010,8240,5110,6490,20380,5600,25420
2023_09,21時,24450,20400,7430,9630,9250,7840,4670,6000,21160,6540,18220,23670,20310,8610,9460,8150,7200,4580,5960,21160,4000,19930
2023_09,22時,20850,17400,5920,8250,7700,6660,4160,5540,21460,4650,13250,20450,17610,6900,8130,7160,6210,4050,5590,21490,2940,14740
2023_09,23時,16570,15020,4140,6780,6300,5510,3660,5170,21200,2900,8580,17130,15400,5280,6950,6110,5220,3660,5280,21280,2370,10000
2023_09,24時,15190,14540,3360,5930,5800,5240,3650,5740,23300,1980,5630,15760,14810,3980,6140,5730,5050,3740,5920,23000,1910,6830
2023_09,25時,15210,14540,3370,5890,5790,5240,3660,5770,23500,1950,5490,15550,14910,3930,6140,5650,5090,3730,5900,23160,1890,6570
2023_09,26時,14900,14340,3190,5810,5660,5170,3630,5770,23500,1930,5020,14960,14790,3780,5930,5470,4990,3690,5870,23120,1870,5910
2023_09,27時,14580,14140,3010,5690,5510,5150,3600,5750,23420,1910,4590,14710,14630,3580,5800,5420,4950,3690,5870,23110,1900,5480
2023_09,28時,14540,14010,3010,5640,5400,5110,3620,5750,23330,1940,4480,14620,14630,3530,5800,5380,4980,3680,5870,23070,1940,5410
2023_10,5時,12940,11690,1930,4510,4550,4620,3480,5520,19990,1910,3940,13700,13150,3160,5070,4720,4690,3420,5780,20160,1890,5870
2023_10,6時,14970,12560,1930,4980,5200,5470,4130,5800,19520,2960,6290,14090,13510,2910,5110,5120,4910,3610,5920,19820,2310,6560
2023_10,7時,20060,14340,2650,6180,6590,7200,5440,6330,18480,6960,10310,15590,14670,3130,5690,5770,5360,4040,6260,19490,3520,8360
2023_10,8時,27440,21610,5520,9090,10240,10030,7050,7120,15710,19310,15310,18080,16580,3580,6480,6590,6340,4680,6970,18360,5210,12150
2023_10,9時,30060,26690,7520,10670,11480,11010,7450,8610,13950,23900,20100,21070,21180,5960,7670,7780,7490,5460,7870,17520,7800,18060
2023_10,10時,32020,29690,8470,11420,12190,11550,8000,10070,12900,25200,24600,24220,24970,6870,9320,9320,8410,6290,8960,16840,8690,24670
2023_10,11時,33120,32460,9010,12040,12740,12100,8540,11130,12500,25630,28420,26340,28330,8100,10580,10300,9210,6800,9670,15870,9360,30420
2023_10,12時,33790,34040,9730,12610,13330,12370,8610,11150,12390,26150,30230,27610,29930,8710,11400,10840,9560,7070,9940,15660,9800,33060
2023_10,13時,33830,34180,10380,12500,13250,12200,8520,11150,12230,25920,30770,28630,30510,9080,11830,11040,10020,7100,10030,15610,9880,34590
2023_10,14時,33640,33950,10600,12380,13140,12170,8420,10850,12350,25930,30210,29220,31180,9950,12420,11010,10120,7090,9790,15510,9770,36090
2023_10,15時,33330,33170,10810,12370,12700,12020,8260,10320,12520,25820,29080,29280,30090,10130,12040,11040,10150,6800,9190,15470,9630,35210
2023_10,16時,32980,31780,10260,12330,12490,11890,8250,9520,13070,25080,27540,29070,29100,10220,11770,10760,10150,6600,8650,15860,9460,33770
2023_10,17時,32540,29880,9980,12070,12370,11600,7830,8560,14030,23290,26040,28210,27440,10070,11420,10280,9650,6220,8000,16480,9070,31050
2023_10,18時,31100,26620,9250,11660,11420,10940,6840,7590,15260,17670,25790,26530,24600,9140,10760,9380,8860,5720,7250,16810,7880,27370
2023_10,19時,28770,23580,8870,10660,10220,9520,6070,6990,16500,12330,24540,25100,21930,8310,10020,8700,7920,5290,6760,17300,6480,24160
2023_10,20時,25670,20210,7950,9210,8890,8150,5270,6410,17250,8660,20990,22490,19930,7480,9130,7890,6920,4710,6280,17840,4940,20590
2023_10,21時,22240,17340,6480,7940,7830,6890,4500,5920,18060,5680,16880,19910,16920,5890,8150,6890,5940,4200,5750,18300,3370,16130
2023_10,22時,18640,14930,5130,6730,6540,5810,3920,5420,18340,4040,12270,17380,14760,4770,6950,5990,5320,3770,5340,18470,2550,12130
2023_10,23時,14700,12960,3810,5520,5120,4780,3410,5000,18050,2560,8110,14090,12950,3450,5840,4840,4540,3330,5020,18120,2020,7910
2023_10,24時,13400,12200,2540,4810,4820,4590,3300,5520,19860,1790,5120,13050,12250,2580,5000,4570,4330,3280,5520,19550,1620,5230
2023_10,25時,13420,12180,2530,4830,4790,4590,3290,5550,20050,1780,4950,13180,12230,2620,4940,4570,4410,3290,5560,19660,1660,5180
2023_10,26時,13020,11950,2340,4700,4650,4460,3260,5550,20000,1770,4390,12950,12100,2490,4840,4530,4350,3290,5550,19720,1660,4770
2023_10,27時,12840,11800,2260,4660,4520,4430,3220,5530,19970,1770,4080,12750,12070,2400,4800,4490,4290,3300,5520,19730,1660,4520
2023_10,28時,12670,11680,2210,4520,4410,4420,3230,5530,19870,1800,3860,12700,11980,2320,4780,4420,4330,3310,5510,19690,1680,4410
2023_11,5時,14040,14020,3490,5250,4900,4930,3700,5760,23170,2150,4140,14720,15220,4420,5820,5010,4980,3860,5830,23360,2010,5990
2023_11,6時,16040,14830,3540,5650,5540,5820,4250,6050,22530,3340,6390,15090,15230,3960,5900,5280,5220,3970,5960,22470,2460,6790
2023_11,7時,21330,16580,4100,6800,6970,7830,5720,6470,21590,7910,9880,16690,16440,4060,6490,5970,5730,4460,6410,22090,3880,8590
2023_11,8時,28150,24840,6310,10310,10950,10670,7420,7310,18140,22500,13780,19250,19430,5000,7470,6940,7000,5220,7030,21030,6140,13020
2023_11,9時,30740,30050,7660,12040,12170,11980,8020,8900,16030,27520,18730,21790,24460,6560,9190,8250,8140,6010,8090,20080,8080,19700
2023_11,10時,32970,33670,9020,12910,12890,12700,8620,10480,14820,28860,24280,25720,28480,8550,11000,9500,9360,6640,9120,18860,8910,27820
2023_11,11時,34070,36620,9650,13720,13500,13220,9130,11450,14350,29530,28150,28690,32910,10040,12460,11200,10450,7290,10140,17820,9580,35520
2023_11,12時,34750,38300,10640,14380,13810,13250,9340,11610,14290,29900,30190,30920,35450,11370,13500,11730,10950,7810,10990,17380,9910,40270
2023_11,13時,34920,38640,11390,14440,13780,13080,9280,11580,14110,29520,31180,31350,36430,11970,13830,11830,10940,7800,11400,17360,9870,41720
2023_11,14時,34820,38700,11740,14410,13800,13020,9210,11330,14100,29400,31260,31410,36290,12410,13760,11750,11020,7680,11060,17250,9640,41910
2023_11,15時,34650,37630,11810,14280,13460,13120,8880,10720,14260,29060,30250,32150,35110,13410,13650,11400,10950,7390,10440,17320,9640,41400
2023_11,16時,34440,36020,11250,14120,13310,13020,8750,9980,14960,27940,28850,32130,33200,13280,13600,10850,10930,7100,9560,17970,9490,39010
2023_11,17時,34640,33910,11300,13970,13090,12880,8360,8930,16210,25670,27970,31350,31360,12950,13290,10370,10510,6770,8800,18900,8810,36150
2023_11,18時,33590,30620,11180,13520,11980,12180,7360,7970,17780,19070,28690,30590,29560,13520,12600,10040,9840,6210,7910,19600,7500,34220
2023_11,19時,31720,27290,10950,12580,10880,10690,6530,7370,19280,13010,28040,28740,27130,12600,11870,9270,8850,5850,7410,20360,5890,30800
2023_11,20時,28490,23750,10260,10830,9450,9310,5670,6700,20290,8800,24430,26190,24030,10960,10700,8350,8070,5150,6960,20920,4710,25740
2023_11,21時,25030,20070,8700,9310,8300,7740,4830,6200,21350,5770,19280,23150,20000,8920,9270,7330,6840,4500,6270,21420,3460,19440
2023_11,22時,21060,17130,6940,8010,6820,6430,4230,5730,21610,4080,13800,19840,17290,7190,7890,6190,5940,4110,5800,21600,2570,14180
2023_11,23時,16720,15030,5230,6600,5470,5300,3750,5380,21360,2750,8910,16080,15240,5400,6570,5170,5090,3630,5450,21290,1870,9340
2023_11,24時,14920,14590,4290,5900,4970,4970,3600,5770,23480,2000,5400,14870,14860,4600,5950,4770,4930,3610,5860,23230,1660,6160
2023_11,25時,14860,14660,4260,5890,4980,4980,3610,5770,23660,1970,5250,14900,14950,4580,5920,4820,5000,3640,5880,23520,1660,6010
2023_11,26時,14530,14590,4240,5750,4920,4860,3600,5740,23660,1980,4890,14580,14810,4450,5800,4800,4860,3640,5830,23510,1630,5570
2023_11,27時,14140,14370,4010,5610,4790,4780,3580,5720,23550,1940,4430,14390,14640,4360,5670,4710,4810,3650,5820,23450,1620,5300
2023_11,28時,13890,14270,3880,5500,4730,4740,3570,5720,23390,1960,4230,14250,14350,4100,5550,4650,4830,3630,5820,23310,1650,4970
2023_12,5時,14110,14920,3940,5740,5160,4650,3700,5830,23210,2590,4810,15700,15220,5050,6320,5190,4660,3710,5980,22950,2280,7180
2023_12,6時,15890,15630,3760,6130,5680,5490,4220,6220,22560,4020,6520,15800,15170,4500,6290,5320,4810,3920,6100,22100,2910,7380
2023_12,7時,20720,17870,4680,7280,7240,7360,5510,6500,21710,8350,10200,16960,16400,4910,6430,5930,5300,4430,6340,21590,4040,9160
2023_12,8時,27590,25250,6730,10280,11110,10250,7170,7290,18420,21490,14550,19290,18660,5250,7360,7020,6370,5060,6870,20660,5790,12940
2023_12,9時,29830,30030,7910,11920,12360,11400,7690,8560,16410,26310,18800,22470,23170,7190,9030,8320,7590,5700,7790,19800,7850,19390
2023_12,10時,32170,33730,9310,12840,13310,11920,8290,10200,15420,27610,24290,26010,27630,8480,11040,9500,8880,6660,9070,18930,8700,27290
2023_12,11時,33550,37360,10210,13580,14040,12630,8920,11490,14740,28130,29410,28880,31270,9420,12400,11230,9770,7170,10140,17870,9490,34060
2023_12,12時,34380,39390,11130,14120,14410,13080,9180,11840,14530,28660,31940,30780,32940,9860,13290,12060,10330,7440,10720,17800,10000,37130
2023_12,13時,35020,39480,11610,14510,14460,13060,9180,11660,14560,28730,32570,31790,34180,10830,13930,12530,10510,7500,10630,17580,10100,39490
2023_12,14時,34740,39220,11640,14540,14330,13000,8960,11480,14630,28630,32060,32070,35200,11910,14040,12390,10660,7430,10820,17500,10090,40920
2023_12,15時,34830,38030,12030,14180,13930,12970,8650,11090,14970,28510,30780,32520,34290,11950,14150,12330,10730,7330,10300,17750,9760,40590
2023_12,16時,34770,36130,11950,13950,13650,12680,8440,10210,15410,27570,29330,32520,33920,13100,13940,12060,10650,7140,9520,17650,9390,40600
2023_12,17時,35210,34080,11990,13930,13160,12800,8220,9180,16400,25310,29030,32530,32310,13550,13290,11570,10680,6890,8840,18350,8910,38880
2023_12,18時,35230,30660,11550,13640,12920,12250,7440,8070,17950,18640,30800,31760,29560,13050,13010,10980,9830,6230,8220,18770,7850,36030
2023_12,19時,33720,28210,11790,13300,11940,10900,6520,7470,19490,13220,30720,30460,26890,12830,12190,10040,8910,5790,7570,19380,6550,32780
2023_12,20時,29970,24530,10600,11580,10450,9450,5570,6830,20340,8920,26660,27500,23440,11310,10760,8930,7730,5240,6940,19990,4650,27660
2023_12,21時,25750,21360,9230,10060,8960,7770,4810,6270,21160,6210,21130,24900,20250,9700,9450,8130,6700,4790,6360,20720,3650,22150
2023_12,22時,21490,18540,7910,8540,7360,6340,4150,5710,21540,4440,15460,21300,17730,8080,8190,6940,5810,4160,5810,20990,2790,16560
2023_12,23時,17050,16130,6160,7010,5930,5220,3620,5220,21110,3180,10270,17400,15500,6310,6880,5860,4790,3650,5380,20680,2180,11320
2023_12,24時,15050,15540,5080,6200,5260,4770,3520,5750,23290,2410,6430,15880,15020,5160,6320,5340,4550,3580,5930,22630,1980,7750
2023_12,25時,14960,15470,4950,6090,5290,4800,3530,5750,23470,2380,6140,15810,14930,5030,6310,5270,4570,3560,5970,22740,1950,7490
2023_12,26時,14610,15220,4840,5900,5170,4670,3510,5720,23380,2300,5680,15350,14810,4860,6270,5070,4470,3550,5920,22720,1910,6950
2023_12,27時,14290,15020,4660,5790,5030,4600,3500,5710,23320,2250,5270,15140,14770,4810,6150,4990,4470,3570,5890,22780,1900,6670
2023_12,28時,14090,15060,4600,5820,4950,4570,3500,5690,23260,2270,5160,14960,14650,4710,6000,4900,4460,3580,5950,22700,1910,6430
2024_01,5時,13810,13450,3000,4540,5310,5070,3650,5670,21470,2310,5200,14450,14650,4440,5070,5100,5100,3750,5620,21400,2040,7310
2024_01,6時,15380,14400,3050,5210,5590,5820,4220,5870,21010,3470,7030,15200,14610,4290,5250,5390,5280,3820,5770,21090,2500,7900
2024_01,7時,20260,17020,4050,6860,7160,7380,5390,6420,20740,7620,10840,16510,15820,4920,5610,5760,5750,4150,6110,21030,3760,9410
2024_01,8時,26370,23680,5910,9360,10980,9970,6760,7060,17850,19190,15050,18370,17470,4940,6360,6620,6620,4660,6630,19590,5240,12770
2024_01,9時,28790,28020,6750,11020,12330,11200,7200,8290,15880,23470,19330,20540,21320,6180,7630,7930,7580,5210,7320,18640,6960,17960
2024_01,10時,30880,31210,7700,11730,13260,11950,7850,9590,14790,24220,24680,23630,26000,8140,9570,8880,8620,6040,8360,17740,8050,25330
2024_01,11時,32780,34650,8690,12580,14000,12630,8580,10930,14300,24870,29790,26350,30400,9470,11180,10350,9680,6860,9190,17190,8590,32380
2024_01,12時,34020,36670,9690,13140,14690,13030,8860,11260,14240,25780,32200,28550,33130,10870,12190,11350,10220,7250,9780,16870,9060,37160
2024_01,13時,34640,37340,10730,13440,14580,13140,8880,11200,14250,26090,33160,29380,33510,11390,12340,11530,10610,7150,9850,16540,8770,38890
2024_01,14時,34170,37110,10910,13450,14270,13110,8790,10750,14120,25760,32830,30140,33800,11980,12640,11920,10870,6980,9530,16370,8640,40230
2024_01,15時,34130,36230,11290,13220,14260,12980,8520,10080,14160,25570,32070,30420,33430,12490,13000,11680,10850,6720,9090,16300,8620,40200
2024_01,16時,33460,34560,10820,12980,14080,12570,8200,9360,14460,24480,30540,30530,31970,12500,12900,11200,10800,6580,8510,16810,8150,38830
2024_01,17時,33420,32370,10600,12910,13640,12450,7740,8420,15480,22270,29490,29380,30300,12550,12190,10600,10140,6360,7830,17280,7550,36090
2024_01,18時,32430,29340,10720,12290,12730,11720,6840,7450,16920,16480,29880,28130,27590,12270,11160,9860,9460,5860,7090,17720,6740,32460
2024_01,19時,30600,26360,10600,11320,11720,10320,6090,6890,18530,11460,28600,26140,24350,10920,10140,9090,8460,5280,6580,18370,5490,27880
2024_01,20時,27310,22380,9430,9840,10120,8840,5160,6280,19320,7620,24380,23570,21820,10210,9000,7940,7450,4610,6170,18800,4090,23890
2024_01,21時,23800,19140,7960,8280,8850,7450,4500,5880,20200,5030,19270,20930,19390,8640,7900,7180,6510,4190,5890,19720,3080,18980
2024_01,22時,19950,16660,6310,7050,7320,6430,4040,5450,20510,3670,14010,17830,17050,7040,6780,6260,5690,3680,5410,19970,2490,13880
2024_01,23時,16170,14220,4730,5800,5940,5300,3580,5030,19910,2610,9390,14720,14640,5510,5550,5090,4880,3300,5030,19410,2080,9310
2024_01,24時,14950,14260,3940,5190,5630,5230,3630,5570,22120,2250,6620,14070,14780,4920,5150,4900,4870,3460,5540,21660,2060,6900
2024_01,25時,14940,14220,3920,5110,5680,5230,3620,5570,22310,2250,6400,14070,14840,4920,5130,4890,4910,3480,5560,21830,2030,6830
2024_01,26時,14610,13970,3760,4970,5590,5110,3570,5560,22360,2230,5850,13730,14690,4730,5050,4850,4810,3450,5520,21740,2010,6450
2024_01,27時,14410,13790,3610,4880,5510,5060,3580,5550,22300,2200,5550,13520,14570,4610,4920,4800,4760,3470,5510,21700,2000,6160
2024_01,28時,14390,13730,3560,4790,5530,5100,3580,5550,22300,2220,5460,13430,14600,4580,4870,4760,4780,3490,5530,21700,2010,6100
2024_02,5時,15110,13820,4180,4800,5710,4890,3680,5650,22040,2820,5640,15280,13760,4200,5060,5860,4660,3580,5660,21560,2280,6540
2024_02,6時,17450,15120,4720,5470,6170,5840,4510,5850,21790,4380,8110,16310,14480,4880,5520,5850,4910,3800,5810,21260,2820,8010
2024_02,7時,22800,17870,5630,7190,7780,7670,6010,6370,21350,9030,12210,18440,15860,5770,6100,6490,5580,4200,6150,21160,4080,10490
2024_02,8時,29790,26100,8830,10150,11910,10480,7480,7020,18640,22740,16500,20890,17980,6490,6660,7450,6720,4780,6750,20230,6100,14030
2024_02,9時,32120,30900,10520,11290,13230,11510,7960,8470,16310,27750,20730,23390,21960,8120,7830,8740,7860,5510,7280,19290,8450,18920
2024_02,10時,33820,33860,11070,12330,13980,11940,8550,9800,15450,28900,24960,26840,26680,9620,9380,10490,9060,6450,8500,18670,9630,26490
2024_02,11時,35020,36990,11430,13180,14680,12640,9190,10870,14880,29270,29340,29970,31790,11940,10910,12310,9950,7290,9340,18010,10500,34480
2024_02,12時,35850,38720,11820,14090,15220,12990,9360,11070,14570,29890,31540,32280,34330,13380,12160,12920,10650,7730,9750,17620,10740,39320
2024_02,13時,36000,39480,12720,14270,15040,13050,9270,11120,14350,29740,32740,33060,36130,14100,12940,13080,11050,7890,10120,17580,10890,41830
2024_02,14時,35420,39300,13050,14150,14890,12800,9060,10750,14330,29250,32500,33490,35500,13810,13070,13200,11120,7750,10020,17070,10690,42340
2024_02,15時,35320,38190,12790,14110,14680,12740,8940,10220,14530,29010,31350,33120,34790,13650,13410,12950,11000,7420,9460,16770,10500,41740
2024_02,16時,34920,36740,12690,13800,14540,12480,8680,9460,14950,28280,29880,33090,33400,13870,13260,12220,11010,7270,8840,17060,10300,40220
2024_02,17時,34730,34390,12350,13280,14340,12460,8240,8440,15830,26040,28710,32320,32540,14020,13010,12020,10680,6920,8180,18070,9670,38270
2024_02,18時,33880,30560,11480,12670,13660,11780,7250,7580,17560,19210,29090,30770,30670,13810,12250,11440,10030,6350,7530,18600,8470,35520
2024_02,19時,31540,27010,11090,11600,12460,10210,6260,6930,18840,13610,27560,28830,27020,13010,11430,10190,8690,5640,6870,18870,6880,31330
2024_02,20時,27500,23190,9570,9800,10830,8710,5320,6440,19680,9130,23420,25730,23260,10310,10170,9360,7830,4910,6400,19480,4990,25740
2024_02,21時,24240,19680,8290,8050,9590,7520,4530,5930,20540,6110,18840,22670,20230,8650,8520,8710,6710,4300,6000,20410,3690,20060
2024_02,22時,21110,17300,7490,7070,7900,6360,4010,5560,21040,4570,14370,20030,17370,7640,7110,7450,5770,3820,5610,20370,3200,15210
2024_02,23時,17620,14740,5810,6010,6560,5250,3540,5180,20490,3420,9970,16640,15200,6280,5650,6250,4900,3400,5340,19990,2590,10610
2024_02,24時,16230,14430,4840,5490,6140,4990,3630,5550,22900,2820,6680,15330,15380,5750,5380,5870,4730,3470,5490,21950,2100,8110
2024_02,25時,16370,14500,4990,5540,6130,4980,3640,5570,23150,2820,6660,15500,15460,5800,5490,5880,4760,3470,5550,22140,2190,8080
2024_02,26時,15940,14230,4720,5410,6000,4830,3630,5560,23090,2750,6110,15220,15160,5450,5480,5730,4670,3460,5570,22140,2180,7520
2024_02,27時,15690,14200,4620,5310,5970,4820,3600,5560,23080,2720,5860,14990,15100,5360,5430,5700,4540,3470,5560,22180,2180,7190
2024_02,28時,15620,14080,4490,5270,5930,4840,3600,5560,23110,2710,5630,14910,15120,5330,5390,5660,4570,3480,5580,22210,2170,7110
2024_03,5時,15200,13860,4550,5020,5720,4710,3540,5500,21400,2330,6640,16410,14550,6060,5030,6050,4740,3640,5420,20970,2330,8920
2024_03,6時,17500,14780,4880,5630,5990,5770,4220,5770,21140,3610,8990,17080,15390,6510,5420,6200,5040,3750,5530,20920,2900,9970
2024_03,7時,23020,18100,6030,7520,7880,7660,5820,6190,20810,8380,13600,18830,16560,6970,5830,7070,5470,4220,5810,20630,4060,12100
2024_03,8時,29800,26510,9090,10350,12160,10230,7580,6880,17840,22080,18100,21020,19570,8130,6510,8380,6340,4790,6420,19680,5930,16400
2024_03,9時,32740,31620,11320,12060,13770,11040,8050,8100,15630,27370,22920,23850,23990,9720,8200,9580,7700,5420,7200,18600,8420,22190
2024_03,10時,34490,35190,12090,13090,14720,11760,8560,9440,14680,28160,28320,27860,29300,12110,10020,11130,9050,6420,8410,18110,9480,30900
2024_03,11時,35560,38440,12660,13930,15560,12320,9080,10420,14020,28490,32760,30240,33450,13190,11620,12620,10020,6930,9280,17470,10270,37160
2024_03,12時,36430,40420,13150,14760,16270,12810,9180,10660,13860,28960,35290,32120,35850,13870,13320,13300,10480,7070,9900,17150,10820,41280
2024_03,13時,36090,40650,13310,14780,16030,12720,9160,10710,13620,28930,35390,33190,36690,14430,13980,13140,10660,7340,10310,16990,10530,43550
2024_03,14時,35530,40710,13390,14870,15800,12710,9040,10420,13480,28740,35140,32990,37080,14720,14010,13230,10680,7270,10150,16400,10470,44350
2024_03,15時,35700,39950,13490,15000,15570,12680,8900,10000,13620,28500,34660,32600,36390,14510,13900,13100,10810,7200,9450,16420,10380,43310
2024_03,16時,35650,37990,13240,14650,15280,12420,8790,9230,13930,28190,32670,32360,35260,14570,13750,12730,10820,7010,8720,16630,10180,41940
2024_03,17時,35620,35960,13380,14330,14910,12200,8350,8390,14710,26570,31490,31850,34030,14930,13130,12640,10400,6800,7960,16960,9530,40510
2024_03,18時,35460,31930,13730,13240,13900,11580,7460,7460,16210,19800,32580,31750,31960,15410,12920,12050,9860,6230,7230,17500,8480,38790
2024_03,19時,33060,28450,12900,12250,12750,10280,6540,6770,17370,14150,31200,30550,29730,15490,12300,11070,8990,5780,6630,18330,7120,35910
2024_03,20時,29660,24880,11650,11040,11080,9070,5510,6190,18380,10160,27290,28020,25290,13610,10630,9610,8010,5170,6260,19060,5260,30120
2024_03,21時,25900,21240,9890,9320,9790,7650,4660,5810,19240,6490,22700,25110,21020,11090,9030,8630,6920,4490,5960,19480,3630,24230
2024_03,22時,22220,18180,8270,8050,8110,6390,4140,5430,19690,4460,17520,22170,17640,9220,7550,7660,5860,3930,5570,19740,2970,18300
2024_03,23時,18360,15230,6460,6460,6750,5220,3620,5050,19210,3250,12360,18240,15100,7260,5980,6480,5000,3380,5220,19280,2400,12840
2024_03,24時,16240,14690,5260,5550,6340,4830,3560,5380,21300,2270,8710,16470,14590,6270,5380,5810,4630,3430,5530,21070,2040,9220
2024_03,25時,16150,14680,5280,5520,6320,4810,3530,5360,21440,2230,8520,16500,14520,6290,5280,5850,4620,3460,5500,21220,2120,8990
2024_03,26時,15740,14330,5080,5280,6180,4680,3510,5340,21350,2150,7920,16030,14430,6080,5140,5730,4550,3440,5490,21170,2050,8490
2024_03,27時,15540,14280,5010,5210,6080,4650,3510,5340,21420,2120,7630,15830,14360,6060,5070,5640,4510,3430,5460,21170,2040,8210
2024_03,28時,15400,14170,4930,5170,6020,4650,3470,5310,21430,2080,7400,15740,14310,6030,5070,5550,4490,3420,5480,21120,2030,8130
2024_04,5時,15990,13990,5060,4970,5720,4680,3670,5850,24570,2760,4330,16790,15120,6300,5220,5830,4620,3820,6100,24240,2580,6660
2024_04,6時,17980,14880,5190,5520,6070,5630,4370,6050,24000,3900,6630,17490,15440,6150,5700,6210,4820,3890,6140,23890,3150,7410
2024_04,7時,23490,18130,6020,6970,8120,7830,6090,6580,23220,8980,11230,19310,16880,6380,6130,7300,5500,4400,6450,23530,4190,10010
2024_04,8時,30640,25830,8600,9980,12140,10990,7390,7340,19550,23560,15320,21870,19550,7630,7000,8200,6470,5030,7080,22070,6680,14250
2024_04,9時,32850,30900,10190,11660,13390,11940,7700,8860,17100,29440,19120,24420,24240,9540,8390,9470,7660,5850,7740,20710,9720,19780
2024_04,10時,34220,34980,11130,12630,14380,12570,8200,10280,15820,30970,24140,28590,29650,11970,10540,11030,8840,6830,9020,19930,10930,28840
2024_04,11時,35470,38160,11860,13420,15070,13190,8720,11360,14910,31400,28790,31210,33930,13170,12170,12390,9780,7340,10280,19200,11610,35790
2024_04,12時,36440,39910,12400,14260,15460,13670,9080,11470,14960,32270,30600,32640,36460,14450,13290,13250,10370,7400,10320,18670,12090,39720
2024_04,13時,36490,40370,12690,14440,15430,13800,8990,11490,14630,32480,31250,33180,37400,14800,13790,13410,10880,7450,10230,18170,12060,41740
2024_04,14時,36350,40010,12940,14180,15340,13800,8890,11210,14350,32200,31300,33610,37920,15610,13560,13880,11050,7390,10030,18120,11550,43200
2024_04,15時,36020,38880,12960,13900,15130,13640,8650,10610,14410,31560,30390,33900,37460,15520,13810,13920,11250,7250,9610,18090,11070,43390
2024_04,16時,36160,36970,12860,13700,14850,13290,8480,9930,14860,30540,29220,32790,36270,15210,13530,13270,10880,6950,9210,18540,10660,41150
2024_04,17時,36000,35250,13180,13580,14200,12920,8380,8990,15710,28610,28510,32650,35300,15570,13680,12800,10370,6700,8810,18850,10480,39940
2024_04,18時,35310,31460,12640,13160,13230,12080,7650,7990,17300,21860,29220,31860,32800,15620,12800,12050,9740,6330,8110,19820,9070,37120
2024_04,19時,33200,28030,12210,12220,12270,10520,6790,7200,19450,15450,27960,30740,28800,14700,11960,11030,8720,5730,7380,21030,7140,32740
2024_04,20時,30360,24360,11470,10930,10700,9060,5710,6830,21160,10950,24260,28340,25920,13430,11050,9780,8010,5180,6800,21930,5850,27970
2024_04,21時,26590,20880,9890,9120,9480,7750,4880,6320,22270,7580,19270,25870,21950,11600,9460,8690,7180,4510,6370,22710,4630,22000
2024_04,22時,22670,18020,8300,7720,7960,6540,4320,5830,22950,5490,13870,22760,18540,9420,8210,7470,6150,4050,5980,23080,3660,16080
2024_04,23時,18850,15310,7090,6020,6540,5240,3820,5430,22790,3810,9120,19220,15790,7590,6820,6310,5020,3680,5560,22610,2630,11210
2024_04,24時,17200,15030,6150,5300,6330,4840,3750,5860,25080,2690,6210,17440,15340,6420,5920,6030,4700,3680,6010,24750,2060,7510
2024_04,25時,17140,15090,6160,5300,6330,4850,3710,5860,25330,2720,5960,17230,15490,6450,5850,6020,4690,3690,6010,24840,2050,7370
2024_04,26時,16700,14620,5810,5100,6150,4710,3710,5830,25260,2600,5240,16950,15260,6410,5750,5830,4560,3660,5980,24770,2030,6960
2024_04,27時,16520,14440,5670,5020,6040,4660,3700,5850,25240,2510,4960,16700,15020,6290,5640,5700,4460,3640,5960,24720,2010,6520
2024_04,28時,16390,14370,5650,5010,5960,4620,3700,5800,25190,2540,4790,16520,14930,6100,5590,5680,4420,3630,6020,24680,2020,6290
2024_05,5時,15860,13260,4350,4650,5350,4980,3880,5890,23190,2540,4980,16500,13630,5010,4580,5640,4940,4050,5870,22000,2340,7230
2024_05,6時,17900,14120,4510,5230,5700,6000,4580,5990,22730,3680,7200,17270,14080,5250,4860,5920,5080,4190,6040,21660,2970,8160
2024_05,7時,23160,17400,5700,6400,7870,7890,6120,6560,21760,8730,11780,18660,15270,5410,5310,6650,5650,4520,6370,21380,3970,10050
2024_05,8時,29960,26000,9020,9230,12100,10930,7320,7350,18580,23960,15460,20850,17860,6620,5990,7860,6340,5010,6870,20330,6430,13510
2024_05,9時,32290,31610,11100,10820,13490,11980,7730,8760,16330,29800,19490,23340,22850,9010,6980,9060,7530,5860,7720,19260,9380,19070
2024_05,10時,33870,35980,12540,11800,14500,12530,8470,10000,15040,31270,25050,26930,28430,11330,9220,10710,8680,6670,8740,18330,10440,27990
2024_05,11時,34660,39140,12970,12520,15050,13160,8970,11120,14450,31940,28730,29720,32760,12650,11030,12180,9780,7240,9580,17680,11360,34680
2024_05,12時,35000,40600,13170,13160,15360,13480,9100,11300,14150,33050,29720,30840,35470,13700,11900,12700,10260,7590,10130,17350,11660,38490
2024_05,13時,34830,40740,13530,13330,14970,13620,8920,11180,13780,33300,29770,31550,35980,14410,11970,12940,10510,7570,10110,16810,11660,40120
2024_05,14時,34490,40610,13600,13370,14800,13610,8940,10770,13580,32790,30060,31830,36010,14880,12210,12780,10640,7590,9710,16650,11390,40810
2024_05,15時,34260,39390,13750,13180,14540,13250,8770,10160,13510,32240,29200,32100,35320,15170,12320,12770,10460,7490,9200,16580,11200,40640
2024_05,16時,34610,37810,13790,13140,14390,13090,8500,9500,14010,31120,28590,32240,34740,15540,12270,12750,10380,7360,8660,17230,11260,39620
2024_05,17時,34750,35990,13960,12790,14030,12960,8310,8680,14760,28810,28470,31660,34080,16000,11990,12480,9960,7220,8070,17690,10820,38360
2024_05,18時,34580,32560,13640,12570,13320,12060,7580,7950,16580,22330,29530,31140,30980,14560,11970,11600,9620,6740,7610,18390,9590,35310
2024_05,19時,32090,29100,12970,11630,12110,10580,6660,7230,18660,16030,27840,30150,27770,13760,11310,10610,8920,6260,7040,19290,7830,32060
2024_05,20時,29100,25230,11750,10550,10320,9120,5690,6880,20130,11490,24180,28490,24530,13190,10270,9440,8060,5530,6520,20280,6450,27660
2024_05,21時,25390,21660,10010,8960,8970,7740,4980,6370,21270,7530,19720,25920,20460,10970,8690,8400,7160,4920,6210,20830,4560,22410
2024_05,22時,22080,18250,8300,7550,7490,6590,4430,5950,21700,5230,14890,22900,17620,9230,7340,7390,6250,4520,5760,20920,3340,17640
2024_05,23時,18360,15280,6570,6010,6170,5410,3910,5530,21350,3550,10160,18890,14750,7040,5810,6090,5290,4010,5380,20520,2310,12140
2024_05,24時,16980,14250,5260,5080,5950,5090,3950,5880,23570,2660,6600,16920,14040,5400,4980,5790,5040,3940,5810,22460,2130,7890
2024_05,25時,17020,14180,5250,5080,5980,5080,3930,5870,23780,2620,6450,16800,14040,5400,4850,5820,5020,3910,5810,22660,2090,7590
2024_05,26時,16600,13860,4980,4950,5800,4970,3900,5840,23710,2490,5900,16560,13820,5270,4780,5740,4870,3890,5800,22750,2080,7060
2024_05,27時,16340,13790,4850,4870,5700,4930,3910,5840,23690,2450,5640,16370,13680,5170,4670,5670,4850,3880,5790,22780,2070,6720
2024_05,28時,16170,13680,4770,4780,5600,4910,3890,5880,23610,2440,5460,16240,13610,5110,4580,5640,4790,3870,5840,22640,2070,6660
2024_06,5時,14980,13050,3560,4850,5020,4900,3880,5800,21680,2480,5440,16080,13620,4850,4990,5250,4850,3790,5940,21310,2400,7460
2024_06,6時,17100,14220,4020,5390,5520,5900,4550,5920,21230,3540,8090,16560,14160,4700,5390,5630,5000,3960,6010,21080,3090,8040
2024_06,7時,22380,17450,5070,6600,7700,7810,6040,6600,20400,8380,12710,17810,15450,5070,5610,6240,5590,4390,6350,20640,4260,9890
2024_06,8時,29520,26010,8450,9670,11850,10820,7390,7340,17820,22470,17120,20190,18740,6380,6570,7370,6560,5110,6930,19950,6400,14120
2024_06,9時,31640,31950,10450,11200,13340,12010,7790,8790,15690,28370,21210,23530,23930,8680,7880,9010,8020,5990,7870,19010,9350,20640
2024_06,10時,33210,36130,11620,12170,14340,12580,8330,10270,14600,29650,26510,26970,28740,10350,9890,10700,9160,6650,8940,18000,10480,28570
2024_06,11時,34020,38770,12050,13100,14840,12950,8850,10990,13780,30080,30200,29310,32670,11700,11100,11940,10110,7360,9750,17570,11120,34510
2024_06,12時,34280,40520,12870,13760,15120,13050,8960,11020,13370,30520,32120,30810,35030,12730,12500,12550,10590,7550,9910,17160,11570,38350
2024_06,13時,34270,40550,13100,13920,15080,13000,8840,10860,13100,30510,32360,31600,35900,13510,12970,12560,10940,7670,9830,16960,11430,40350
2024_06,14時,34160,40250,13470,13850,14760,13140,8760,10420,13010,30200,32360,32190,36630,14570,13620,12840,10870,7460,9440,16770,11510,41720
2024_06,15時,33730,39340,13390,13610,14400,13100,8610,9940,13130,29630,31440,31970,36370,14870,13660,12810,10640,7320,9010,16740,11310,41410
2024_06,16時,33470,37760,13310,13480,14160,12760,8420,9070,13540,28640,30160,31710,34900,13940,13420,12590,10700,7420,8530,17080,11050,39650
2024_06,17時,33350,35540,12860,13210,13530,12660,8290,8330,14200,26240,29560,31830,34030,14400,13050,12350,10530,7250,8260,17480,10630,38940
2024_06,18時,33060,32100,12370,12900,12600,12130,7500,7630,15750,20120,30470,31560,32400,14660,12860,11880,10030,6730,7770,18170,9560,37440
2024_06,19時,31070,28240,11650,11970,11320,10730,6580,7050,17350,14130,29020,29160,28290,12710,12240,10280,8980,6190,7040,18540,7470,32640
2024_06,20時,27750,24400,10580,10740,9500,9050,5690,6570,18490,9940,25000,26880,24500,11230,11090,8930,8100,5470,6540,19100,5940,27580
2024_06,21時,24390,20870,8990,9260,8260,7760,4940,6040,19450,6560,20580,24800,21120,10450,9520,7960,7110,4750,6110,19580,4250,23420
2024_06,22時,21120,17670,7440,8020,6900,6500,4350,5560,19930,4880,15410,21760,17610,8440,8000,6800,6300,4190,5610,19810,3240,17760
2024_06,23時,17290,14550,5570,6370,5600,5240,3860,5170,19590,3470,10190,17880,15200,6730,6270,5720,5310,3780,5240,19480,2500,12470
2024_06,24時,16070,13950,4430,5410,5510,5040,3840,5760,21750,2560,7250,16010,13970,4820,5160,5350,5050,3780,5800,21270,2110,8090
2024_06,25時,15960,13890,4360,5320,5540,5010,3820,5770,21940,2500,6950,16010,14060,4840,5230,5370,5060,3720,5820,21550,2110,7910
2024_06,26時,15560,13510,4210,5140,5310,4860,3800,5730,21920,2450,6290,15590,13790,4650,5020,5270,4940,3700,5780,21500,2050,7290
2024_06,27時,15330,13270,4050,5020,5230,4790,3780,5720,21860,2370,5940,15370,13760,4610,4980,5190,4850,3710,5770,21510,2040,7060
2024_06,28時,15210,13230,4010,4960,5130,4760,3780,5790,21760,2420,5840,15400,13750,4610,5010,5170,4810,3710,5820,21490,2060,7110
2024_07,5時,15510,12770,4160,5140,4950,4740,3470,5800,22320,2340,5220,16060,12930,4530,5380,5110,4770,3370,5820,21530,1940,6900
2024_07,6時,17580,13510,4370,5590,5410,5620,4110,5980,21860,3360,7470,16620,13590,4650,5710,5340,5060,3560,5870,21360,2480,7810
2024_07,7時,22410,16000,5160,6700,7390,7410,5350,6390,20970,7510,11640,18110,14870,5120,5990,6180,5700,3780,6180,21080,3810,9520
2024_07,8時,29130,24520,9310,9140,11390,10220,6540,7020,18540,21570,15430,20790,18000,6420,7020,7600,6720,4510,6510,20570,6230,13550
2024_07,9時,31750,29960,11030,10940,12940,11290,7200,8300,16420,27250,19780,23550,23270,8570,8260,9080,8230,5330,7340,19430,8860,20000
2024_07,10時,33160,34330,12410,11940,13960,11860,7880,9420,15170,28790,24950,26800,27300,9650,10210,10850,9130,6060,8180,18280,10570,26570
2024_07,11時,34280,37190,13070,12650,14590,12360,8410,10370,14590,29260,28890,28700,30970,10950,11400,11940,9870,6610,8880,17780,11040,32070
2024_07,12時,34570,38950,13770,13290,15000,12590,8500,10340,14340,29870,30550,30430,32840,12090,12330,12540,10380,6920,8990,17330,11430,35690
2024_07,13時,34420,39030,13950,13600,14650,12590,8430,10220,14110,29790,30790,31260,33850,13110,12880,12480,10710,6900,9020,17170,11480,37630
2024_07,14時,33920,38550,13810,13580,14320,12560,8340,9830,13900,29550,30250,31850,34520,14110,13130,12760,10710,6860,8780,16990,11180,39410
2024_07,15時,33900,38120,14020,13460,14170,12510,8230,9600,14190,28980,30090,31830,34300,14410,12930,12720,10670,6860,8520,17120,10850,39370
2024_07,16時,33920,36780,14170,13510,13700,12250,8060,8980,14450,28090,29420,31700,32810,14310,12920,11930,10400,6710,8220,17340,10750,37680
2024_07,17時,34490,34900,14660,13250,13180,12180,7930,8160,15090,25980,29670,31340,31890,14490,12480,11800,10110,6590,7730,17780,10180,36560
2024_07,18時,34330,31290,13950,12660,12640,11540,7290,7520,16470,20190,30360,30700,29710,14040,12240,11080,9640,6120,7280,18140,8900,34630
2024_07,19時,31770,27120,12150,11860,11280,10270,6360,6960,18100,13450,28760,28660,26300,12900,11440,9820,8600,5440,6740,18770,6800,30600
2024_07,20時,28520,23950,10980,10820,9890,8910,5410,6450,19310,9530,25110,26400,23570,11680,10490,8960,7600,4920,6310,19370,5780,26170
2024_07,21時,25220,20000,9130,9630,8440,7490,4540,5960,20120,6350,20250,23610,19950,9740,8900,7890,6820,4300,5890,19980,4230,20730
2024_07,22時,21830,16920,7810,8230,6870,6360,3940,5520,20500,4540,15210,21030,16990,8190,7710,6710,6110,3820,5460,20110,3260,16090
2024_07,23時,17970,14160,5940,6670,5630,5180,3520,5170,20060,3230,10270,17760,14070,6000,6520,5560,5150,3400,5190,19860,2270,11100
2024_07,24時,15690,12750,4510,5360,5080,4710,3350,5420,21210,2230,6530,16340,13520,5350,5380,5140,4910,3330,5720,21870,1960,7560
2024_07,25時,15700,12690,4500,5340,5120,4670,3330,5420,21360,2200,6370,16250,13370,5170,5390,5170,4860,3280,5730,22000,1960,7210
2024_07,26時,15190,12420,4320,5130,4970,4480,3290,5400,21330,2120,5690,15900,13200,5030,5310,5010,4760,3260,5710,21990,1960,6710
2024_07,27時,14990,12270,4210,5070,4880,4400,3270,5410,21340,2080,5390,15830,13020,4990,5260,4940,4690,3240,5710,22020,1950,6450
2024_07,28時,14920,12150,4110,5030,4820,4400,3250,5440,21290,2100,5240,15750,12900,4960,5150,4930,4640,3220,5730,21940,1920,6330
2024_08,5時,14320,14820,4870,5710,5090,4410,3620,5410,23290,2890,4960,14790,15270,5400,5870,5230,4480,3530,5530,22790,2880,6340
2024_08,6時,16050,15590,4940,6080,5620,5250,4100,5630,22760,3870,7020,15460,15680,5320,6110,5640,4750,3730,5580,22620,3330,7130
2024_08,7時,20660,18120,5790,7200,7250,7090,5280,6150,22070,8000,10820,16870,17190,5650,6480,6460,5420,4120,5910,22340,4530,9220
2024_08,8時,26560,25150,8220,9480,10980,9710,6490,6820,19510,19110,15370,18960,20140,6450,7600,7690,6180,4730,6410,21550,6450,13090
2024_08,9時,29210,29400,9740,10620,12520,10700,6970,8040,17490,23620,19660,21720,24890,8600,9050,9120,7280,5520,7010,20390,8840,19430
2024_08,10時,30440,32880,10620,11450,13320,11400,7620,8890,16330,24470,24400,24600,29330,10250,10740,10560,8330,6310,7720,19410,9650,26770
2024_08,11時,31520,35540,11580,12140,13910,11790,8100,9530,15660,25240,27990,26800,32950,11330,12110,11780,9330,6890,8300,18710,10430,32490
2024_08,12時,32110,36770,12220,12740,14270,11990,8260,9370,15410,26260,29090,28600,35200,12820,13030,12250,9870,7220,8600,18250,10920,36520
2024_08,13時,32020,36520,12490,12790,13990,12040,8120,9080,15110,26180,29120,29090,35160,13090,13140,12060,10070,7250,8620,18130,10840,37140
2024_08,14時,31870,36280,12560,12760,13890,12080,8000,8840,15070,25840,29100,29170,34860,13260,13260,11900,10130,7150,8320,17910,10790,37110
2024_08,15時,31880,35490,12750,12640,13730,11930,7840,8470,15140,25380,28660,29100,34230,13590,12960,11780,10030,6980,7980,17990,10580,36590
2024_08,16時,31870,34220,12780,12620,13330,11710,7600,8050,15520,24790,27670,28970,33760,14100,13140,11180,10020,6770,7500,18150,10290,36100
2024_08,17時,32100,33130,13240,12560,12850,11550,7520,7490,16370,22980,27810,28820,32480,14170,12820,10940,9810,6520,7020,18200,9630,35170
2024_08,18時,31530,31060,13340,12430,12170,10660,7000,6980,17890,17820,28780,28340,30650,13950,12130,10680,9200,6220,6780,18920,8640,33100
2024_08,19時,29360,27940,12700,11580,10990,9330,6150,6540,19440,12410,27380,26710,27900,13090,11510,9710,8380,5590,6310,19810,6970,29600
2024_08,20時,26750,24730,11830,10450,9640,8030,5350,6170,20730,8960,23680,24880,25220,12190,10830,8650,7480,5050,5880,20710,5850,25360
2024_08,21時,23670,21700,10430,9310,8280,6930,4690,5710,21680,6580,19020,22930,21930,10460,9840,7790,6710,4520,5520,21320,4740,20660
2024_08,22時,20540,18910,8800,8190,7060,5910,4150,5320,22200,4710,14440,20040,19030,8900,8350,6730,5790,4080,5210,21560,3600,15770
2024_08,23時,16800,16400,7030,6860,5840,4870,3690,4900,21830,3400,9820,16700,16420,6940,7180,5670,4840,3610,4860,21090,2800,11000
2024_08,24時,15160,15900,5630,6230,5500,4600,3660,5430,23780,2830,6480,15440,16050,5730,6350,5410,4750,3650,5570,23410,2690,7410
2024_08,25時,15180,15850,5540,6250,5560,4590,3650,5410,23980,2810,6270,15550,16060,5790,6390,5430,4760,3670,5560,23710,2670,7290
2024_08,26時,14780,15630,5390,6120,5370,4490,3650,5380,23940,2770,5740,15210,15850,5660,6270,5300,4630,3660,5530,23670,2650,6790
2024_08,27時,14610,15460,5270,6030,5290,4440,3650,5380,23910,2770,5450,15010,15650,5550,6090,5240,4580,3640,5540,23590,2610,6500
2024_08,28時,14520,15350,5210,5980,5260,4410,3610,5380,23820,2810,5300,14940,15560,5500,6060,5230,4550,3610,5540,23520,2650,6370
2024_09,5時,15300,16040,5180,6160,5860,4870,3850,5400,24840,3080,5670,16230,16940,6020,6830,5970,4980,3830,5520,24330,2970,8070
2024_09,6時,17540,16960,5230,6630,6530,5830,4550,5710,24430,4230,8100,16900,17290,5900,7020,6410,5160,4040,5640,24040,3580,8810
2024_09,7時,22960,19610,6320,7950,8290,7770,5850,6370,23540,8590,12890,18410,18890,6670,7390,7080,5760,4410,5960,23730,4830,11060
2024_09,8時,30060,27210,8930,10690,12300,10900,7380,7070,20710,20240,18920,20550,22030,7630,8540,8200,6630,5040,6530,22720,6770,15310
2024_09,9時,32100,32630,10740,11790,13990,11850,7890,8460,17990,25020,24070,23450,26510,9610,9640,9510,7890,5950,7350,21960,9170,21140
2024_09,10時,32930,36520,11360,12560,14820,12330,8590,9790,17060,26050,28570,26650,31090,11510,11340,11090,8950,6640,8190,20730,10070,29100
2024_09,11時,34120,39130,11940,13350,15400,12930,9090,10520,16270,26860,32320,28780,34720,12600,12930,12380,9710,7070,8790,20020,10750,34820
2024_09,12時,34630,40710,12630,13780,15790,13180,9290,10650,16020,27690,33850,30150,36180,13120,13360,13070,10210,7370,9190,19580,11210,37620
2024_09,13時,34140,40570,12650,14040,15570,13160,9070,10210,15540,27800,33540,31010,36800,13650,14130,12940,10380,7470,9210,19410,11220,39270
2024_09,14時,33900,40300,12940,14070,15300,13080,8900,9900,15590,27450,33340,30890,36710,13760,14160,12700,10570,7490,8910,19230,10830,39580
2024_09,15時,34030,38940,12950,13980,14970,12930,8680,9430,15670,27140,32310,30940,36700,14500,13950,12550,10600,7520,8510,19250,10640,39740
2024_09,16時,34190,37540,12910,14040,14570,12840,8520,8820,16010,26450,31430,30690,35740,14610,13930,11780,10470,7400,8230,19560,10310,38580
2024_09,17時,34560,36160,13190,14000,14270,12680,8450,8110,17150,25050,30790,29940,34210,14540,13550,11430,10000,7180,7430,19980,9940,36230
2024_09,18時,34440,33600,13730,13770,13500,11860,7820,7340,18680,19980,31590,30020,32880,14930,13360,11330,9430,6670,7150,20750,8870,35310
2024_09,19時,31450,30560,13190,12860,12010,10400,6780,6750,20610,14080,29500,28600,30170,14080,12780,10470,8690,5950,6780,21400,7370,32040
2024_09,20時,28410,26810,11770,11630,10650,9010,5900,6250,21820,10080,25450,25900,26730,12690,11540,9320,7680,5190,6190,21730,5950,26950
2024_09,21時,25160,23320,10190,10280,9480,7780,5010,5710,22860,7300,20430,23310,23000,10360,10210,8480,6870,4710,5680,22400,4860,21150
2024_09,22時,21550,20140,8530,9070,7920,6560,4340,5250,23330,5270,15190,20730,20180,9190,8940,7400,5900,4210,5260,22390,3880,16680
2024_09,23時,17860,17320,6890,7580,6580,5380,3850,4880,22870,3630,10700,17540,17520,7760,7410,6220,5070,3760,4820,21850,3030,12150
2024_09,24時,16390,17050,5930,6920,6230,5100,3840,5400,25190,3090,7430,16090,16940,6390,6530,5950,4960,3770,5400,23930,2790,8450
2024_09,25時,16330,16980,5810,6910,6240,5120,3850,5370,25390,3070,7120,16140,16830,6190,6600,6020,4980,3750,5420,24240,2760,8140
2024_09,26時,15950,16610,5550,6710,6060,5030,3820,5360,25310,2990,6540,15710,16650,5950,6520,5850,4870,3730,5410,24250,2680,7590
2024_09,27時,15760,16440,5460,6620,5970,4940,3800,5380,25260,2930,6280,15490,16630,5880,6490,5750,4830,3720,5420,24250,2690,7340
2024_09,28時,15610,16390,5450,6560,5940,4860,3790,5380,25140,2960,6150,15540,16590,5890,6520,5760,4810,3690,5440,24220,2770,7290
2024_10,5時,15700,16460,5380,6110,6000,4970,4160,5510,25740,3570,5380,16110,16790,5860,6170,6210,4920,4070,5650,25070,3470,6840
2024_10,6時,18030,17450,5510,6610,6680,5940,4780,5930,25360,4620,8020,16820,17370,5830,6290,6620,5250,4330,5840,24770,3920,7980
2024_10,7時,23490,20300,6630,8040,8320,7880,6300,6600,24310,8980,13140,18840,19040,6580,6600,7280,6100,4910,6370,24340,5110,10950
2024_10,8時,30560,27760,9200,10590,12200,10890,7950,7480,21120,21350,18680,21170,23080,7650,7820,8600,7350,5780,7030,23330,7270,16150
2024_10,9時,32370,33000,10560,11830,13570,11910,8490,9000,18040,26830,22970,23890,28160,9670,9050,10120,8490,6680,8020,22000,9250,23090
2024_10,10時,33550,37070,11520,12730,14440,12480,9110,10330,16890,28060,27990,27370,32670,11110,11110,11710,9490,7600,9000,20780,10360,31080
2024_10,11時,34340,40440,12230,13540,15180,13060,9610,11150,16090,28810,32080,29590,36920,12870,12850,12480,10260,8140,9890,19880,11120,37540
2024_10,12時,35050,41800,12890,14190,15460,13300,9750,11260,15850,29720,33510,31080,38590,14000,13450,13000,10720,8340,10140,19360,11750,40520
2024_10,13時,35270,41730,13340,14280,15290,13540,9580,10940,15710,29660,33830,31360,38310,13750,13720,13060,10920,8320,9880,19080,11480,41060
2024_10,14時,35130,41330,13430,14150,15320,13510,9400,10630,15580,29090,34000,31910,38730,14510,14120,13180,11030,8180,9610,18870,11120,42620
2024_10,15時,34930,40430,13260,14070,15140,13400,9280,10200,15880,28440,33210,31990,38690,15560,13990,12840,11060,8040,9170,19240,10720,42680
2024_10,16時,34900,38860,13220,14150,14620,13160,9110,9470,16280,27470,32190,31400,37630,15510,13740,12430,10870,7800,8650,19690,10370,40950
2024_10,17時,35440,36770,13400,13870,14350,12910,8960,8700,17330,25130,31990,31230,35590,15300,13410,12170,10480,7560,7910,20040,9840,38940
2024_10,18時,35030,34410,13790,13590,13690,12110,8300,7940,19380,19870,32480,30640,33230,14970,13090,11580,9770,7110,7340,20860,8690,36410
2024_10,19時,32400,30970,13240,12760,12320,10650,7180,7210,21490,13670,30560,28510,30160,13460,12380,10960,8900,6200,6750,21800,7020,31940
2024_10,20時,29050,27300,12090,11610,11020,9090,6050,6480,22830,9710,26140,25960,27130,12090,11470,9740,8000,5570,6180,22500,5810,26890
2024_10,21時,25710,23630,10660,10210,9590,7800,5210,5850,23730,7120,20810,23670,23760,10550,10100,8800,7300,5060,5600,23050,4590,21960
2024_10,22時,22060,20470,9030,8780,8200,6620,4530,5350,24160,5440,15250,20840,20690,9210,8850,7570,6190,4470,5230,23180,3970,16580
2024_10,23時,18140,17570,7150,7270,6840,5470,4020,4930,23560,4150,10250,17460,17650,7140,7380,6450,5220,4070,4830,22590,3370,11290
2024_10,24時,16510,17300,6240,6350,6430,5180,4130,5470,25840,3460,6940,16040,17340,6110,6390,6190,5080,4040,5550,25070,3180,7560
2024_10,25時,16610,17260,6220,6380,6450,5170,4160,5470,26130,3460,6750,16130,17300,6060,6440,6200,5090,4070,5540,25390,3210,7260
2024_10,26時,16320,16940,6020,6270,6270,5070,4130,5470,26100,3440,6220,15790,17020,5920,6320,6010,4970,4060,5510,25380,3160,6730
2024_10,27時,16070,16810,5910,6160,6200,4990,4120,5480,26060,3420,5900,15610,16830,5780,6200,5970,4920,4050,5510,25300,3150,6450
2024_10,28時,15910,16760,5850,6180,6100,4930,4100,5490,25970,3510,5700,15540,16750,5680,6230,5920,4900,4030,5500,25180,3250,6310
2024_11,5時,15740,16020,5770,6230,5730,4940,3810,5260,26450,2820,4560,16670,16940,6630,6710,5890,5120,3790,5460,26180,2840,6630
2024_11,6時,17780,16920,6000,6520,6310,5750,4430,5680,25960,4010,6800,17030,17500,6560,6850,6090,5360,4020,5630,25940,3210,7390
2024_11,7時,22810,19890,6930,7950,7890,7710,5850,6350,24790,8810,11240,18680,19210,7140,7420,6790,6080,4440,6000,25550,4580,9860
2024_11,8時,30090,27290,8710,10830,12200,10900,7400,7320,21740,21970,16090,21240,22660,8250,8610,7990,7290,5190,6570,24470,6890,14600
2024_11,9時,32380,32870,10270,12240,13700,12170,8100,8760,19020,27920,20500,23900,27240,10110,9790,9340,8500,6180,7200,23230,8950,20990
2024_11,10時,33760,36710,11270,13020,14570,12770,8650,10190,17650,29370,25470,27350,32400,11700,11720,11110,9750,7070,8380,22190,10430,29090
2024_11,11時,34950,39850,12170,13800,15040,13180,9260,11330,16820,30290,29650,29490,36510,12960,13140,12490,10570,7650,9200,20940,11240,35660
2024_11,12時,35460,41560,12700,14540,15470,13350,9410,11530,16380,31280,31260,31040,38980,14260,13880,13230,11060,7880,9680,20390,11690,39730
2024_11,13時,35430,41700,12930,14740,15430,13470,9250,11290,16030,31340,31610,31770,39750,14260,14490,13300,11460,8060,9920,20100,11790,41360
2024_11,14時,35280,40880,12770,14610,15240,13520,9100,10900,15910,30700,31370,32000,39820,14710,14830,13410,11340,7880,9650,20050,11680,41910
2024_11,15時,35120,40110,13000,14520,14920,13440,8990,10360,16190,30340,30560,31970,39100,15020,14800,13350,11200,7500,9180,20200,11480,41130
2024_11,16時,35090,38510,12910,14480,14800,13240,8740,9410,16730,29390,29400,31640,37890,15160,14530,12980,11020,7220,8600,20300,11230,39730
2024_11,17時,35140,36430,12990,14330,14470,12930,8490,8340,17770,27240,28520,31530,36650,15400,14410,12580,10740,7120,7910,20940,10840,38150
2024_11,18時,35010,33650,13360,13720,13920,12270,7810,7560,19830,21310,29540,30630,34280,15270,13550,12110,10080,6670,7220,21690,9720,35210
2024_11,19時,32560,30420,13050,12670,12530,10910,6830,6980,21950,14540,28490,29800,30860,14660,12750,11260,9180,6070,6730,22550,7830,32000
2024_11,20時,29670,27130,12450,11690,11020,9510,5800,6310,23480,10440,24850,27690,27930,13740,11800,10070,8320,5490,6180,23490,6390,27490
2024_11,21時,26320,23950,11240,10400,9590,8310,4950,5760,24550,7490,20200,24870,24070,11870,10270,8930,7470,4750,5640,24220,5100,21380
2024_11,22時,22690,20740,9550,9070,8190,6930,4360,5300,25110,5440,14870,21640,20850,9950,9030,7670,6390,4210,5220,24500,3840,15900
2024_11,23時,18830,17730,7580,7810,6840,5620,3780,4910,24650,3930,9910,18220,17770,7580,7840,6490,5470,3720,4880,24010,3110,10620
2024_11,24時,17200,17320,6570,7080,6260,5320,3870,5410,27240,2930,6460,17170,17400,7030,6950,6230,5160,3790,5390,26380,2630,7540
2024_11,25時,17240,17230,6520,7030,6260,5330,3910,5400,27470,2910,6220,17150,17330,6860,7000,6190,5190,3810,5410,26660,2610,7220
2024_11,26時,16810,16940,6330,6810,6100,5190,3900,5390,27430,2830,5650,16750,17160,6720,6890,6040,5050,3810,5380,26640,2610,6710
2024_11,27時,16590,16770,6250,6700,5990,5120,3880,5400,27420,2780,5300,16570,17060,6680,6740,6010,4990,3810,5380,26580,2570,6530
2024_11,28時,16410,16720,6210,6670,5940,5050,3840,5400,27330,2820,5120,16440,16990,6560,6730,5940,4980,3800,5400,26470,2660,6360
2024_12,5時,16380,16090,5910,6240,5700,5100,4110,5390,26630,2550,5130,17550,16890,6970,6630,5860,5330,4040,5590,26140,2440,7630
2024_12,6時,18100,17090,6050,6700,6200,5830,4680,5710,26220,3720,7120,18050,17290,6780,6780,6280,5400,4340,5740,25860,3080,8210
2024_12,7時,22430,19600,6880,7870,7690,7430,5840,6310,25020,7920,11070,19180,18400,7140,7030,6700,6030,4600,6060,25260,4120,10060
2024_12,8時,29310,25890,8270,10510,11570,10640,7080,7110,21900,19470,15880,21630,21670,8310,8220,7870,7050,5210,6630,24370,6110,14630
2024_12,9時,31530,30930,9840,11960,13040,11740,7700,8160,19390,24420,20490,24660,26460,10660,9430,9400,8300,5940,7360,23500,8290,21170
2024_12,10時,33120,34770,10880,12880,13970,12240,8340,9560,18030,25670,25940,28050,31500,12450,11470,11060,9510,6750,8290,22570,9490,29190
2024_12,11時,34750,38090,11740,13620,14790,12900,8990,10770,17410,26430,30700,30620,36090,14130,12990,12520,10320,7510,9230,21610,9970,36740
2024_12,12時,35430,39790,12220,14430,15090,13200,9220,11040,16890,27200,32840,32720,38830,15280,14560,13150,10960,7830,9760,20920,10300,41900
2024_12,13時,35440,40280,12820,14250,15170,13260,9120,11080,16670,27080,33610,33470,38880,15310,14950,13330,10980,7980,9790,20420,10400,43100
2024_12,14時,35460,39740,12980,14250,15200,13240,8960,10560,16540,26520,33740,33590,38780,15360,14660,13520,11170,8090,9550,20170,10100,43600
2024_12,15時,35470,38750,13080,14170,14880,13120,8840,10110,16570,26120,33120,34180,38200,15630,14930,13620,11350,7920,8910,20350,9940,43590
2024_12,16時,35480,37000,13250,13930,14470,12890,8660,9260,17040,25470,31590,34240,37530,16430,14660,13000,11370,7680,8610,20860,9700,42720
2024_12,17時,35970,35050,13430,13650,14180,12800,8510,8430,18040,23760,30900,34940,36330,17410,14550,12640,11150,7550,7950,21410,9190,42210
2024_12,18時,36060,32460,14000,13160,13640,12100,7890,7700,19940,18670,31640,34840,34870,17880,14350,12430,10540,7070,7430,22180,8140,40930
2024_12,19時,34060,29550,13670,12510,12290,10920,7100,7100,22070,13010,30260,33430,31240,16620,13340,11560,9770,6380,6980,22890,6530,36800
2024_12,20時,31170,26330,12550,11630,11140,9530,6170,6460,23540,9210,26440,30900,27770,14670,12480,10360,8850,5830,6470,23590,5180,31440
2024_12,21時,27650,22990,11220,10430,9620,8140,5330,5880,24470,6620,21260,28340,24390,13070,11270,9490,7800,5160,5910,24320,4300,25690
2024_12,22時,23790,20200,9540,9260,8100,6970,4700,5390,24950,4880,15830,24800,21280,11250,9640,8240,6830,4590,5520,24660,3520,19440
2024_12,23時,19730,17480,7710,7900,6740,5800,4130,4920,24580,3600,10690,20750,17940,8920,8080,6840,5680,4090,5060,24160,2780,13280
2024_12,24時,17810,16880,6570,6970,6200,5350,4140,5440,26940,2520,6990,18420,17470,7540,7180,6150,5380,4090,5530,26730,2300,8570
2024_12,25時,17840,16870,6560,6970,6200,5350,4160,5450,27270,2480,6770,18340,17250,7370,7000,6180,5400,4080,5540,26900,2260,8160
2024_12,26時,17350,16570,6430,6700,5990,5210,4160,5420,27250,2440,6080,17890,16970,7190,6800,5960,5290,4080,5530,26910,2220,7510
2024_12,27時,17020,16380,6220,6650,5860,5120,4150,5380,27230,2410,5620,17610,16930,7140,6740,5810,5230,4080,5520,26940,2260,7110
2024_12,28時,16820,16370,6250,6540,5810,5090,4110,5390,27120,2440,5490,17370,16960,7110,6700,5740,5210,4050,5500,26840,2310,6960
2025_01,5時,15670,15230,5180,6080,5510,4880,4070,5160,25800,2550,4450,16700,16430,6330,6510,6060,4900,4010,5310,25170,2530,7170
2025_01,6時,17500,16090,5310,6570,5970,5570,4630,5510,25590,3580,6360,16990,16940,6330,6630,6230,5070,4220,5430,24930,3000,7780
2025_01,7時,21970,18240,6240,7490,7420,7200,5740,6100,24400,7580,10240,18170,18200,7040,6900,6650,5480,4540,5740,24550,3940,9650
2025_01,8時,28720,25210,7670,10420,11380,10430,7100,6910,21560,19830,14650,19640,20510,7330,7850,7580,6350,4910,6100,23470,5900,12530
2025_01,9時,30850,30470,9330,11820,12810,11610,7590,8150,19220,24820,19190,22020,25410,9310,8920,8930,7780,5650,6820,22690,7580,18910
2025_01,10時,32350,34170,10420,12780,13730,12130,8140,9300,17980,25970,24250,25430,29810,11260,10350,10470,8930,6410,7810,21970,8780,26150
2025_01,11時,33840,37400,11390,13520,14530,12650,8790,10350,17190,26460,29180,28390,33520,12680,11750,11840,9960,6950,8710,21060,9060,33280
2025_01,12時,35100,39050,12300,14050,14980,13140,9080,10580,16780,27150,31830,30340,36110,13720,12800,12820,10450,7440,9210,20500,9510,37930
2025_01,13時,35150,39220,12360,13980,15080,13300,9000,10640,16350,27010,32640,31540,37050,14320,13330,13280,10850,7560,9240,20290,9470,40350
2025_01,14時,35040,38840,12460,13880,15000,13190,8970,10360,16290,26720,32480,32250,36840,14590,13620,13350,10900,7590,9030,20110,9300,41140
2025_01,15時,35080,37760,12750,13780,14650,13010,8850,9780,16510,26400,31550,32250,36640,15060,13730,13280,10820,7430,8540,20100,9240,41030
2025_01,16時,34990,36060,12800,13630,14150,12890,8640,8920,17060,25460,30190,31900,35210,15030,13670,12890,10590,7170,7750,20510,8670,39470
2025_01,17時,35400,34370,13110,13730,13930,12690,8400,7890,18300,23600,29630,32080,34510,16010,13550,12580,10270,6930,7240,21310,8300,38530
2025_01,18時,34820,31410,13440,13070,13150,11770,7620,7170,19920,18140,29970,30960,31650,15340,12890,11920,9350,6360,6740,22090,7180,34930
2025_01,19時,32630,28410,13100,12260,11850,10460,6780,6560,21820,12380,28680,29290,28370,14450,11760,10940,8560,5640,6300,22740,5640,30900
2025_01,20時,29660,25240,11970,11380,10490,9200,5870,5970,23050,8810,24880,26990,24950,12870,10730,9670,7700,5110,5830,23340,4760,25460
2025_01,21時,26030,21860,10210,10100,8990,7910,5160,5500,23930,6240,19550,24470,21970,11550,9530,8570,6790,4640,5340,24090,3890,20190
2025_01,22時,22440,19240,8790,8770,7680,6680,4630,5100,24510,4540,14470,21530,19400,9940,8390,7360,5960,4270,4980,24160,3160,15320
2025_01,23時,18730,16700,7050,7490,6430,5560,4140,4740,24300,3300,9670,18100,16910,7680,7370,6200,5160,3870,4710,23650,2610,10460
2025_01,24時,17300,16250,6200,6680,6080,5260,4140,5180,26440,2590,6470,16560,16810,6710,6630,5900,4910,3980,5230,25830,2330,7060
2025_01,25時,17320,16190,6140,6660,6070,5270,4150,5200,26730,2570,6160,16770,16780,6710,6690,5920,4940,4000,5260,26160,2340,6910
2025_01,26時,16990,15910,5910,6510,5920,5190,4160,5190,26760,2540,5570,16390,16470,6360,6630,5780,4840,3980,5250,26230,2320,6210
2025_01,27時,16750,15690,5770,6420,5800,5110,4150,5170,26680,2520,5220,16150,16350,6260,6540,5720,4770,3970,5220,26220,2260,5910
2025_01,28時,16500,15620,5650,6350,5750,5040,4120,5180,26560,2560,4980,16140,16370,6300,6540,5710,4750,3980,5220,26150,2320,5930
2025_02,5時,16170,15780,5540,6260,6040,4790,4010,5290,26320,2980,4880,16690,16070,5840,6690,6060,4900,3940,5320,25640,2760,6410
2025_02,6時,18370,16710,5660,6860,6700,5620,4550,5670,25990,4060,7190,17510,16710,6060,6920,6400,5130,4200,5500,25520,3250,7500
2025_02,7時,22560,19140,6600,7660,8080,7410,5730,6200,24680,8230,11050,18780,17870,6360,7160,6960,5810,4520,5820,24970,4250,9430
2025_02,8時,29850,26520,8400,10570,12370,11000,7000,7020,21630,22000,15100,21580,20950,7560,8370,8410,6870,5000,6310,24270,6830,13470
2025_02,9時,32390,31910,10570,11960,13700,12240,7500,8320,19090,27530,19880,24220,25900,9320,10000,9740,8100,5820,7120,23080,9010,20150
2025_02,10時,33590,35740,11600,12760,14630,12700,8170,9450,17750,28830,24740,27340,30730,11100,11550,11460,9330,6620,7990,21950,10140,28000
2025_02,11時,34730,38710,12480,13450,15140,13200,8690,10470,17080,29370,28850,29790,34600,12600,12870,12800,10130,7220,8750,21000,10680,34550
2025_02,12時,35340,40510,13050,13970,15610,13460,8950,10810,16650,29900,31200,31690,36820,13860,13830,13390,10690,7460,9270,20590,11090,38580
2025_02,13時,35370,40680,13590,13960,15330,13570,8910,10670,16400,29960,31580,32300,37360,14610,13730,13550,11000,7500,9250,20300,11010,40070
2025_02,14時,35050,40440,13660,13750,15130,13620,8810,10500,16270,29460,31670,32570,37580,15210,13910,13610,10930,7550,8920,20070,10850,40920
2025_02,15時,35410,39330,13870,13590,14930,13550,8780,9990,16490,29220,30920,32640,37060,15620,13950,13460,10760,7430,8470,20070,10610,40640
2025_02,16時,35550,37320,13530,13470,14750,13310,8580,9210,17020,28460,29330,32340,36230,15880,13760,12920,10620,7290,8090,20590,10230,39430
2025_02,17時,35710,35690,13870,13460,14210,13080,8400,8360,18050,26330,29030,32110,35040,16150,13590,12520,10220,7100,7570,21330,9880,37720
2025_02,18時,35050,33350,14120,13190,13590,12080,7780,7620,19730,20860,29880,31740,32800,16280,13360,11760,9580,6470,7060,22180,8660,35470
2025_02,19時,33210,30480,14060,12570,12550,10620,6860,7000,21670,14330,29810,29920,29010,15100,12110,10670,8650,5820,6570,22710,6980,31150
2025_02,20時,30360,26950,13040,11530,11180,9300,5970,6280,22860,10220,26280,27290,26040,13560,11110,9580,7830,5230,6010,23310,5670,26220
2025_02,21時,26530,23160,10940,10230,9820,7940,5130,5620,23920,7200,20630,24690,22770,11980,9860,8450,6950,4690,5510,23970,4520,20880
2025_02,22時,22840,20140,9120,8990,8370,6710,4610,5160,24550,5350,15150,21640,19760,10020,8560,7350,6100,4210,5140,24120,3690,15470
2025_02,23時,18940,17370,7400,7550,6990,5570,4070,4720,24250,3890,10190,18560,17050,7880,7430,6340,5310,3830,4790,23700,3040,10700
2025_02,24時,17240,17080,6430,6790,6510,5120,4160,5280,26720,2930,6780,17220,16560,6520,6800,6220,4980,3910,5330,25980,2630,7180
2025_02,25時,17270,16920,6330,6750,6510,5120,4180,5290,27020,2890,6430,17270,16460,6360,6840,6260,4980,3930,5340,26310,2610,6830
2025_02,26時,16860,16470,6050,6540,6310,5020,4150,5250,27010,2780,5720,17040,16280,6250,6740,6140,4870,3960,5350,26340,2600,6450
2025_02,27時,16680,16200,5880,6470,6180,4970,4130,5230,26980,2730,5350,16810,16110,6170,6610,6060,4780,3980,5310,26290,2560,6140
2025_02,28時,16550,16140,5820,6470,6140,4910,4100,5240,26940,2770,5170,16750,16100,6180,6560,6010,4810,3950,5320,26240,2630,6040
2025_03,5時,16210,15870,6080,6270,5570,4800,3990,5360,26000,2970,5250,16650,16630,6540,6580,5810,4870,4090,5370,25690,2700,6900
2025_03,6時,18520,17020,6320,6850,6270,5740,4550,5790,25760,4230,7660,17290,17370,6770,6870,6050,5080,4310,5540,25540,3320,7850
2025_03,7時,23250,19140,7090,7950,7740,7400,5820,6370,24520,8460,11670,18600,18540,7150,7220,6750,5600,4570,5850,24990,4390,9860
2025_03,8時,30020,26480,8870,10760,11860,10700,7090,7200,21660,21020,16250,20990,21390,7820,8210,8050,6710,5150,6410,23900,6590,13960
2025_03,9時,31970,31950,10870,12100,13040,11870,7630,8390,19140,25970,20980,24290,26510,10140,9750,9450,8060,6010,7370,22830,9080,20970
2025_03,10時,33060,35820,12030,12850,13860,12290,8280,9540,17760,27240,25830,27640,31130,11810,11510,11300,9240,6700,8200,21700,10250,28740
2025_03,11時,34310,38840,12870,13460,14510,12860,8880,10550,16980,28130,29890,30270,35280,13510,12830,12940,10050,7170,9040,20690,10980,35630
2025_03,12時,35140,39950,13380,13800,14900,13170,9100,10720,16620,28950,31400,31900,37530,14320,14060,13630,10570,7440,9400,20150,11400,39580
2025_03,13時,35110,40030,13710,13820,14800,13230,9010,10560,16380,29050,31580,32860,38220,15270,14430,13840,10880,7430,9220,19990,11570,41210
2025_03,14時,34860,40020,14020,13920,14730,13170,8890,10120,16270,28660,31810,32940,38090,15700,14320,13870,10780,7450,8890,19680,11110,41840
2025_03,15時,35010,38980,14210,13610,14530,13050,8840,9740,16340,28250,31270,33070,37860,16310,14280,13710,10620,7450,8540,19810,11030,41720
2025_03,16時,35170,37530,14290,13640,14140,12890,8620,9110,16880,27490,30230,32550,37050,16390,14130,13100,10430,7400,8130,20250,10690,40340
2025_03,17時,35630,35490,14520,13290,13980,12690,8430,8190,17750,25600,29710,32720,35430,16880,13920,12410,10150,7280,7480,21030,10280,38590
2025_03,18時,35520,33420,14850,13040,13630,12150,7770,7490,19300,20690,30930,32030,32930,16630,13350,11710,9650,6620,6980,21640,9040,36070
2025_03,19時,33520,30300,14570,12340,12270,10790,6970,6870,21330,14630,29840,30120,29840,15730,12440,10690,8730,5890,6470,22430,7420,32000
2025_03,20時,30480,26540,13220,11240,10860,9380,6070,6240,22740,10250,25960,28060,26720,14690,11390,9600,7800,5340,5930,23250,6020,27400
2025_03,21時,26930,23420,11890,10100,9280,8130,5230,5700,23810,7330,21130,25500,23480,12900,10190,8580,6940,4780,5560,23900,4750,22200
2025_03,22時,23090,20680,9960,8960,7970,6850,4670,5340,24590,5320,15790,22290,20350,10700,8810,7310,6130,4400,5270,24180,3820,16570
2025_03,23時,19040,18130,8170,7640,6570,5640,4140,4980,24400,3910,10760,18570,17770,8570,7530,6070,5270,3980,4900,23890,3020,11320
2025_03,24時,17380,17290,7070,6850,6070,5160,4120,5380,26640,2890,7190,17170,16980,7180,6850,5730,4980,4030,5360,26180,2630,7400
2025_03,25時,17400,17150,6930,6830,6110,5150,4160,5360,26870,2850,6900,17270,16940,7140,6850,5750,5010,4060,5380,26440,2640,7240
2025_03,26時,17030,16730,6720,6600,5900,5010,4140,5370,26850,2780,6230,16920,16500,6860,6700,5580,4870,4060,5340,26440,2580,6540
2025_03,27時,16830,16510,6540,6520,5830,4970,4090,5370,26830,2760,5860,16630,16400,6850,6530,5480,4790,4050,5320,26400,2530,6240
2025_03,28時,16650,16360,6380,6490,5740,4940,4080,5360,26730,2760,5630,16580,16290,6730,6490,5470,4780,4040,5330,26360,2570,6060
2025_04,5時,17540,15970,6300,6680,5710,4970,4140,5690,26830,3020,5750,18150,16550,6840,7240,5750,5080,4070,5700,26540,3070,7100
2025_04,6時,19600,17030,6560,7230,6270,5790,4670,6100,26430,4250,8050,18440,17440,7150,7360,5990,5240,4270,5850,26170,3640,8100
2025_04,7時,24380,19310,7490,8310,7800,7410,6050,6600,25190,8320,12350,19750,18400,7310,7640,6470,5890,4520,6300,25730,4330,10100
2025_04,8時,31150,27480,9790,11100,11790,10760,7610,7560,22210,21790,16980,22430,21560,8210,9130,7660,6950,5140,6880,24740,6870,14430
2025_04,9時,33120,33020,11860,12400,13030,11860,8020,8940,19660,27380,21290,25940,26220,10430,10660,9020,8240,5940,7870,23790,8990,21420
2025_04,10時,34100,37070,12870,13270,13700,12490,8650,10170,18100,28690,26360,29200,30560,11950,12400,10510,9590,6720,8570,22350,10420,28930
2025_04,11時,35500,40080,13530,13980,14480,13100,9170,11300,17450,29660,30350,31860,34530,13580,13570,11920,10430,7400,9480,21540,11290,35370
2025_04,12時,36200,40750,13910,14310,14560,13290,9280,11580,16920,30240,31660,33800,36930,15020,14580,12680,11010,7760,9650,21000,11880,39620
2025_04,13時,36090,41220,14380,14440,14350,13360,9290,11480,16800,30280,32090,34560,38030,16210,14590,12990,11060,7920,9790,20590,12040,41710
2025_04,14時,35790,40610,14440,14320,14030,13200,9250,11150,16690,29920,31650,34780,38350,16880,14790,13110,10900,7800,9640,20290,11790,42730
2025_04,15時,35570,39570,14500,14060,13870,13110,9060,10520,16850,29660,30440,34520,37900,16830,14780,13190,10860,7580,9150,20400,11510,42200
2025_04,16時,35900,37680,14420,13980,13750,12850,8850,9710,17290,28660,29470,34170,36570,16830,14430,12640,10650,7550,8630,20780,11100,40620
2025_04,17時,36290,35720,14580,13830,13550,12660,8670,8700,18100,26820,29010,33920,34710,16130,14500,12150,10330,7430,8080,21420,10520,38510
2025_04,18時,35930,33590,14850,13600,13210,11930,8030,7870,19930,21490,30070,33510,32650,16460,14020,11530,9740,6870,7540,22160,9230,36540
2025_04,19時,34090,29680,13950,12930,12040,10650,7060,7130,21930,15080,28690,32140,29750,16080,13090,10620,8890,6290,6910,23160,7730,32800
2025_04,20時,31130,26080,12500,11780,10740,9520,6120,6530,23510,10650,24990,29660,26810,15130,11810,9440,8020,5710,6340,23960,6070,28240
2025_04,21時,27990,22890,11180,10610,9560,8180,5320,6010,24680,7530,20620,26900,24710,13900,10680,8780,7220,5110,5910,24860,4980,23640
2025_04,22時,24190,20210,9670,9130,8220,7010,4730,5620,25420,5260,15660,23160,21540,11260,9340,7600,6400,4540,5530,24990,3780,17790
2025_04,23時,20200,17830,8060,7870,6780,5850,4210,5240,25250,3870,10840,19380,18900,8870,8120,6460,5570,4070,5170,24770,2950,12430
2025_04,24時,18570,16980,6960,7050,6210,5430,4190,5700,27490,2990,7130,17930,17700,7320,7500,5920,5170,4050,5660,26800,2630,8180
2025_04,25時,18680,16870,6940,7100,6180,5430,4200,5680,27810,2940,6880,17950,17570,7330,7430,5940,5140,4050,5620,27090,2580,7860
2025_04,26時,18330,16450,6730,6970,5980,5270,4180,5650,27890,2910,6110,17690,17160,7060,7380,5760,5000,4030,5610,27130,2530,7230
2025_04,27時,18160,16200,6560,6890,5890,5190,4160,5650,27820,2870,5810,17540,16830,6930,7240,5670,4920,4010,5580,27130,2490,6800
2025_04,28時,18070,16130,6500,6900,5880,5110,4150,5650,27680,2910,5750,17520,16770,6890,7230,5680,4880,3980,5620,27060,2580,6710
2025_05,5時,17410,15950,6000,6400,5900,5050,4240,5760,27170,3080,5400,17910,16160,6490,6830,5770,5270,3990,5700,26400,2890,6880
2025_05,6時,19490,17160,6390,6850,6560,5940,4740,6140,26940,4110,7900,18420,16800,6350,7010,6200,5520,4250,5870,26110,3290,7870
2025_05,7時,24090,19310,7200,7700,8210,7590,6020,6660,25820,7890,12120,19750,17850,6610,7320,6810,6110,4500,6230,25730,4150,9780
2025_05,8時,31630,27230,10130,10540,11900,11040,7640,7580,22670,22060,16710,22180,20600,7500,8310,7870,7100,5120,6870,24660,6260,13920
2025_05,9時,33790,33000,12030,12120,13150,12180,8340,8950,20150,27680,21180,24970,24570,8820,9800,8890,8350,5850,7800,23440,8020,20030
2025_05,10時,34860,36850,13130,12880,13940,12810,8860,10070,18630,29080,26030,28020,29290,10940,11190,10440,9540,6580,8610,22380,9290,27480
2025_05,11時,35850,40200,13880,13660,14630,13250,9470,11140,17740,30050,30230,30350,33700,12580,12730,11870,10340,7100,9400,21300,10170,34290
2025_05,12時,36540,41490,14460,14190,14760,13510,9660,11430,17260,30790,31950,31980,36150,13600,14130,12470,10790,7350,9780,20890,10560,38340
2025_05,13時,36470,41930,14840,14280,14570,13770,9560,11350,16940,30810,32570,33030,37260,14380,14380,12730,11300,7550,9930,20680,10670,40590
2025_05,14時,36370,41610,15240,14230,14330,13620,9490,11050,16860,30360,32660,33880,37970,15090,14800,12940,11510,7650,9840,20640,10560,42290
2025_05,15時,36450,40490,15310,14040,14150,13430,9360,10640,16910,29940,31970,34480,37400,15780,14850,12920,11370,7490,9450,20660,10480,42390
2025_05,16時,36420,38160,14520,14050,13920,13170,9150,9750,17490,28820,30170,33890,36980,16060,14350,12550,11520,7410,8970,21100,10380,41080
2025_05,17時,36920,36260,14520,13850,14010,12970,9020,8800,18500,26860,29800,34110,35340,16350,13940,12170,11180,7350,8440,21630,9850,39720
2025_05,18時,36440,34740,15190,13910,13640,12440,8150,7840,20270,21690,31320,33670,33420,16240,13670,11650,10610,6910,8000,22340,9050,37500
2025_05,19時,33900,30780,14190,13060,12170,11090,7030,7120,22160,14810,29810,32270,30880,15550,13160,10960,9840,6390,7240,23160,7730,34150
2025_05,20時,30530,26850,12770,11550,10770,9660,6070,6540,23480,10330,25630,29160,27360,14080,11790,9590,8730,5700,6600,23900,6150,28340
2025_05,21時,27470,23760,11500,10320,9650,8390,5350,5990,24870,7390,21080,27020,23810,13050,10430,8670,7730,4920,6000,24620,4900,23230
2025_05,22時,23780,20910,9800,9000,8230,7230,4790,5630,25560,5390,15880,23860,21290,11370,9190,7740,6780,4460,5600,25150,3940,18070
2025_05,23時,19950,18070,7800,7760,6920,5990,4260,5280,25250,3920,10930,20010,18960,9400,8040,6550,5670,4030,5260,24820,3060,13050
2025_05,24時,18230,17010,6720,6830,6390,5400,4270,5610,27540,3060,6800,18330,17300,7260,7240,6120,5250,4040,5700,26950,2740,8100
2025_05,25時,18280,16920,6730,6810,6390,5380,4270,5610,27770,3010,6600,18250,17190,7240,7130,6100,5230,4030,5680,27180,2710,7710
2025_05,26時,17960,16450,6470,6700,6140,5240,4230,5600,27750,2970,5910,17870,16790,6900,7000,5900,5140,4060,5640,27160,2650,7020
2025_05,27時,17820,16190,6390,6590,5980,5200,4230,5600,27690,2960,5580,17740,16530,6780,6920,5780,5100,4050,5640,27100,2650,6700
2025_05,28時,17750,16100,6290,6570,5960,5170,4210,5640,27630,3020,5440,17670,16540,6770,6860,5730,5120,4030,5690,27060,2670,6660
2025_06,5時,16980,16350,6390,6130,5730,5230,4280,5540,27810,2890,4710,17770,16680,7070,6650,5820,5300,4080,5510,27140,2650,6530
2025_06,6時,19110,17580,6780,6650,6300,6140,4830,5980,27420,4000,7370,18380,17590,7380,6740,6150,5560,4350,5770,27060,3210,7590
2025_06,7時,23640,19940,7330,7560,7980,7940,6160,6600,26360,7900,11520,19490,18530,7260,7080,6600,6190,4620,6250,26600,4050,9270
2025_06,8時,31370,28050,10690,10510,11910,11160,7620,7510,22790,22640,16340,22290,20980,7960,7920,7640,7370,5410,6940,25440,6350,13370
2025_06,9時,34360,33920,13050,12150,13360,12340,8310,9060,20130,28330,21820,25650,26370,9880,9670,9200,8940,6290,8020,24480,8540,20910
2025_06,10時,35490,37820,13950,12970,14170,12910,8930,10370,18700,29590,26930,28970,30860,11300,11210,10990,10090,7090,9140,23420,9470,28740
2025_06,11時,36460,40650,14370,13640,14750,13400,9530,11400,18070,30280,30640,31870,34800,12400,13200,12540,10840,7790,9890,22710,10000,35610
2025_06,12時,36990,42300,14910,14000,15310,13620,9800,11640,17620,31060,32520,33640,37460,14030,14260,13300,11290,8120,10080,22280,10460,40110
2025_06,13時,36740,42390,15020,14020,15080,13710,9730,11550,17420,30900,32720,34590,38840,15390,14530,13500,11570,8340,10090,22100,10400,42620
2025_06,14時,36460,41850,15220,13910,14740,13570,9670,11180,17280,30360,32560,34240,39790,16010,14570,13770,11510,8340,9810,21890,10210,43530
2025_06,15時,36320,41010,15190,13990,14630,13360,9430,10730,17320,29840,32070,34210,38840,15520,14660,13560,11440,8430,9400,21660,9970,42990
2025_06,16時,36540,39140,15110,13900,14460,13220,9130,9840,17840,28990,30780,34170,37520,15680,14020,13170,11410,8320,9080,22100,9590,41600
2025_06,17時,36790,36530,14960,13400,14090,13130,8900,8830,18850,26810,29630,33430,36420,15620,13980,12800,10940,8040,8450,22680,9310,39510
2025_06,18時,36350,34400,15170,13320,13570,12490,8220,7960,20590,20990,31160,32440,34740,15700,13620,12150,10530,7380,7770,23010,8580,37300
2025_06,19時,33920,30920,14310,12450,12340,11180,7270,7290,22710,14280,29890,30510,31490,14910,12840,10980,9600,6680,6960,24030,7050,32670
2025_06,20時,30120,27160,12910,11250,10790,9550,6250,6500,24170,9900,25250,27970,27650,13330,11950,9700,8320,5950,6340,24660,5360,27420
2025_06,21時,26820,23660,11550,9920,9560,8160,5460,5830,25410,7090,20030,25570,24180,12050,10530,8910,7310,5120,5800,25450,4320,21800
2025_06,22時,23120,20930,10080,8640,8140,6950,4850,5380,26090,4980,15000,22090,21520,10850,8970,7540,6350,4560,5320,25850,3510,16090
2025_06,23時,19400,18060,8110,7340,6790,5800,4330,5060,25840,3610,9980,18560,18840,8640,7690,6460,5460,4140,4990,25430,2910,10900
2025_06,24時,18070,17160,7070,6640,6300,5450,4330,5430,28250,2780,6280,17450,17540,7510,6870,5850,5190,4180,5360,27720,2440,6800
2025_06,25時,18150,17150,7060,6630,6350,5440,4360,5450,28570,2770,6040,17440,17490,7390,6890,5910,5190,4180,5360,28030,2420,6450
2025_06,26時,17880,16710,6820,6480,6140,5310,4370,5460,28580,2690,5390,17070,17210,7190,6680,5810,5050,4160,5370,27990,2410,5840
2025_06,27時,17610,16500,6620,6370,6020,5300,4360,5430,28520,2660,5000,16880,17130,7140,6600,5750,4980,4150,5360,27950,2380,5640
2025_06,28時,17460,16460,6570,6320,5920,5300,4330,5470,28380,2720,4880,16890,17070,7110,6560,5690,5020,4160,5400,27970,2440,5520
2025_07,5時,17160,15510,5640,6200,6070,5210,4140,5400,26730,2770,5060,17840,16190,6450,6890,6190,5250,3940,5280,26500,2670,6790
2025_07,6時,19120,16590,5870,6610,6640,6090,4660,5820,26430,3660,7510,18250,16960,6370,6990,6590,5540,4260,5460,26280,2940,7850
2025_07,7時,23590,18660,6340,7590,8210,7830,5940,6320,25180,7360,11670,19740,18090,6870,7220,7110,6110,4560,5930,25780,3970,9900
2025_07,8時,30950,26390,9180,10300,12010,11170,7430,7230,21920,21100,16400,22140,20830,7760,8130,8110,7240,5180,6520,24720,6250,13700
2025_07,9時,33790,32260,11700,12070,13370,12220,8050,8620,19640,26940,21340,25080,25980,9750,9740,9530,8620,6060,7350,23690,8370,20710
2025_07,10時,34560,36050,12300,12970,14070,12830,8740,9690,18320,27910,26060,28850,30840,11550,11590,11240,10040,6980,8270,22520,9340,29400
2025_07,11時,35620,38960,13140,13520,14670,13450,9270,10510,17850,28850,29520,31960,34580,13330,13370,12560,10810,7630,8830,21930,10280,35810
2025_07,12時,35930,40540,13830,14040,15020,13700,9380,10470,17480,29760,30910,33160,36320,14270,14050,13150,11160,7820,9010,21180,10730,39020
2025_07,13時,35750,40830,13980,14170,14780,13930,9300,10400,17250,29830,31200,34070,37220,15080,14330,13390,11510,7870,9080,20800,11010,40980
2025_07,14時,35250,40280,13820,14010,14570,13780,9300,10040,17150,29160,30920,34510,37850,15650,14610,13670,11680,7820,8920,20780,10910,42180
2025_07,15時,35270,39330,14050,13770,14320,13510,9210,9730,17250,28900,30140,34050,37790,15610,14720,13560,11530,7820,8580,20680,10780,41850
2025_07,16時,35440,37660,14150,13700,14090,13330,8890,8920,17680,28280,28830,33880,36640,15410,14520,13270,11320,7770,8210,21010,10520,40400
2025_07,17時,35970,35880,14330,13550,13860,13190,8740,8170,18610,26580,28440,33770,35370,15590,14500,12780,10830,7580,7830,21460,9940,39230
2025_07,18時,35740,34120,14760,13440,13690,12440,8090,7420,20180,21220,30300,33190,33120,15920,14130,12100,10080,6870,7190,22180,8890,36790
2025_07,19時,33400,30770,13990,12600,12610,11040,7120,6790,22060,14490,29520,31510,29730,14530,13620,11250,9130,6120,6580,22690,7510,32620
2025_07,20時,30570,26640,12600,11530,11180,9660,6090,6140,23460,10160,25420,29340,26540,13490,12510,10110,8230,5520,6000,23360,6210,27870
2025_07,21時,27180,23430,11270,10110,10010,8310,5280,5620,24550,7110,20770,27050,23610,12340,11150,9150,7610,4850,5540,24200,4950,23240
2025_07,22時,23680,20540,9720,8870,8660,7050,4720,5180,25250,4910,15880,24010,20500,10810,9410,8200,6650,4370,5050,24590,3880,17830
2025_07,23時,19840,17970,8100,7540,7250,5900,4180,4830,25120,3470,11030,20020,18020,8900,7960,6850,5620,3930,4760,24260,3000,12540
2025_07,24時,18180,17100,6780,6790,6770,5510,4140,5270,27430,2650,7150,18220,16700,7000,7250,6340,5310,3890,5100,26390,2250,8140
2025_07,25時,18340,16890,6650,6800,6820,5510,4150,5270,27710,2630,6860,18240,16700,6940,7210,6450,5300,3910,5110,26760,2260,7780
2025_07,26時,17970,16480,6400,6640,6590,5410,4150,5250,27690,2590,6130,17880,16480,6760,7040,6290,5210,3940,5110,26740,2220,7240
2025_07,27時,17730,16230,6210,6590,6410,5330,4150,5240,27670,2580,5680,17640,16310,6590,6930,6220,5130,3930,5110,26730,2220,6840
2025_07,28時,17610,16120,6180,6510,6310,5340,4110,5260,27590,2680,5410,17460,16220,6570,6860,6110,5100,3920,5110,26720,2310,6510
2025_08,5時,15950,14330,5720,5590,5530,4800,3640,4980,23670,2300,5850,16760,15030,6680,6320,5440,4780,3590,4960,23540,2160,7530
2025_08,6時,17460,15310,5960,5870,5970,5500,4150,5300,23350,3110,7840,17460,15720,6760,6440,5940,5120,3850,5060,23680,2630,8350
2025_08,7時,21440,17130,6540,6770,7450,6820,5210,5750,22330,6150,11650,18640,16430,6530,6610,6640,5720,4160,5390,23120,3350,10070
2025_08,8時,28430,23370,8750,9360,10880,9740,6550,6520,20120,17310,16090,21200,19330,7660,7510,7780,6810,4830,5930,22240,5690,14100
2025_08,9時,30410,29350,10910,11050,12180,10690,7280,7620,18090,22260,20870,23940,24070,9880,8950,8880,7870,5620,6800,21310,7880,20220
2025_08,10時,31750,32680,11420,12070,12810,11390,8070,8660,16880,23020,25950,27060,28550,11350,10790,10560,8990,6410,7500,20460,8880,27640
2025_08,11時,32800,35030,11790,12680,13590,11910,8560,9290,16210,23810,29240,29540,32420,12650,12300,11870,9930,7120,8080,19900,9730,33670
2025_08,12時,33500,36690,12790,13180,13930,12160,8680,9420,15970,24750,30910,30420,34170,13320,13260,12160,10220,7430,8190,19440,10310,36250
2025_08,13時,33470,37060,13230,13330,13890,12240,8610,9220,15870,24620,31510,31280,34220,13680,13870,12260,10200,7430,8040,19260,10310,37310
2025_08,14時,33610,36250,13110,13420,13700,12230,8510,8870,15830,24070,31410,31810,34550,14180,14130,12330,10410,7360,7940,19130,10090,38500
2025_08,15時,33350,35460,13280,13210,13500,12040,8260,8500,15870,23820,30580,31630,33980,13900,14090,12330,10180,7290,7800,18950,10030,37910
2025_08,16時,33660,34440,13750,13080,13340,11860,8080,7970,16240,23580,29780,31130,32980,14030,13550,11960,9990,7160,7400,19070,9700,36590
2025_08,17時,33910,33210,13970,12980,13150,11600,7920,7500,17150,22210,29350,31300,32690,14190,13630,12130,9930,7040,7050,19770,9420,36180
2025_08,18時,33130,31030,14000,12670,12640,10820,7180,6830,18440,17550,29800,30210,30760,14040,13340,11510,9190,6340,6530,20160,8260,33980
2025_08,19時,31190,27610,13340,11880,11360,9700,6220,6270,19720,11910,28790,28850,27840,13670,12280,10590,8360,5780,6000,20620,6680,30780
2025_08,20時,28090,24020,12190,10510,9830,8450,5340,5780,20800,8360,24540,26980,24620,12820,11200,9480,7510,5060,5520,21110,5410,26510
2025_08,21時,25230,21070,11010,9260,8820,7310,4590,5290,21790,5920,20190,24850,21510,11520,9850,8590,6850,4380,5160,21740,4280,21820
2025_08,22時,21880,18750,9770,8090,7540,6210,4110,4900,22220,4150,15820,22330,18530,10060,8530,7400,6020,4010,4820,21930,3240,17110
2025_08,23時,18150,16210,7830,6830,6320,5160,3640,4570,21900,2810,11130,18660,16290,8120,7360,6310,5070,3610,4450,21630,2410,12330
2025_08,24時,16880,15650,6790,6190,6010,5000,3660,4860,23790,2120,8130,16910,15430,6960,6450,5790,4740,3590,4790,23170,1890,8700
2025_08,25時,17010,15470,6730,6210,6010,5010,3660,4840,24040,2130,7840,16850,15250,6700,6420,5790,4770,3620,4780,23340,1890,8300
2025_08,26時,16710,15010,6480,6060,5760,4910,3650,4830,24020,2080,7130,16430,15010,6590,6220,5550,4670,3640,4760,23300,1920,7660
2025_08,27時,16370,14770,6220,5980,5630,4850,3640,4820,23940,2060,6670,16110,14810,6440,6100,5430,4590,3620,4730,23220,1880,7250
2025_08,28時,16310,14650,6150,5920,5590,4830,3610,4840,23940,2170,6380,16020,14780,6390,6050,5370,4610,3600,4760,23180,1930,7110
