データ提供：KDDI・技研商事インターナショナル「KDDI Location Analyzer」,,,,,,,,,,,,,,,,,,,,,,,
※auスマートフォンユーザーのうち個別同意を得たユーザーを対象に、個人を特定できない処理を行って集計,,,,,,,,,,,,,,,,,,,,,,,
※個人情報保護観点から、10代以下の人数は未集計,,,,,,,,,,,,,,,,,,,,,,,
※10人未満は切り捨て,,,,,,,,,,,,,,,,,,,,,,,
,,,,,,,,,,,,,,,,,,,,,,,
さいたま新都心,,weekday,,,,,,,,,,,holiday,,,,,,,,,,
年月,時間帯,平均男性,平均女性,平均20代,平均30代,平均40代,平均50代,平均60代,平均70歳以上,平均居住者,平均勤務者,平均来街者,平均男性,平均女性,平均20代,平均30代,平均40代,平均50代,平均60代,平均70歳以上,平均居住者,平均勤務者,平均来街者
2018_01,5時,15470,16150,3430,5100,6670,5000,5020,6370,27590,2290,3740,13640,14100,3360,4480,5960,4350,4460,5110,24010,1770,3500
2018_01,6時,15580,15050,3280,4980,6730,5040,5230,5360,25690,2570,4080,13650,13920,3430,4570,5940,4260,4600,4760,23280,2050,3880
2018_01,7時,17800,16680,3990,5340,7500,5980,5850,5810,24000,5950,6370,14590,14410,3440,4790,6180,4520,4960,5090,22870,2680,5000
2018_01,8時,23320,20890,4060,6570,10430,8390,7920,6820,19560,17090,9590,15970,15750,3730,5170,7070,5190,5100,5450,21410,4080,7800
2018_01,9時,25620,24310,4410,7790,11310,9420,8870,8110,16680,21200,13670,17150,17960,4590,5680,7470,5660,5380,6320,20170,5320,11000
2018_01,10時,25850,25600,4420,7990,11440,9730,9240,8610,15160,21540,16240,18620,19940,5030,6270,8030,6340,5770,7100,19360,5540,14960
2018_01,11時,26330,26750,4670,8400,11750,10090,9720,8430,14130,21980,18430,19590,22490,5330,7030,8820,6810,6540,7540,18110,5840,19260
2018_01,12時,26890,27860,4950,8690,12210,10350,10080,8450,13820,22440,20080,20910,24190,5510,7880,9650,7410,6830,7810,18110,6030,22250
2018_01,13時,27650,28390,5100,8910,12430,10510,10060,9020,13860,22730,21030,21750,25540,5650,8280,10640,7570,7030,8110,17350,6250,25050
2018_01,14時,27220,27880,5240,8880,12260,10370,9660,8670,13880,22470,20250,22300,26350,6080,8430,11370,7730,7400,7620,17190,6030,26670
2018_01,15時,26920,27430,5370,8660,12280,10340,9490,8190,13900,22330,19680,22790,27550,6820,8900,12030,8180,7040,7360,17370,6080,28180
2018_01,16時,26580,26010,5460,8200,11890,10100,9280,7630,14460,21420,18240,23260,29070,7230,9630,12560,8130,7010,7760,18330,5980,29370
2018_01,17時,25770,24910,5800,7740,11490,9770,8690,7170,15810,19900,16560,22750,28050,6970,9550,12270,7940,6940,7120,19040,5760,27360
2018_01,18時,23100,22300,5360,6940,10310,8360,7100,7310,18220,14050,14760,21780,26940,6880,9270,11650,7620,6470,6810,20670,5150,24350
2018_01,19時,20730,19910,4940,6500,9220,7150,6010,6800,20580,8930,12770,21290,25000,6820,8730,10940,7040,5820,6910,21830,4110,21830
2018_01,20時,18780,18470,4420,6320,8510,6400,5370,6200,22070,6040,10780,18790,20410,5430,7280,8870,6110,5300,6190,22400,3280,15020
2018_01,21時,17350,17720,4220,5920,7840,5900,5040,6150,23510,4390,8860,17120,18360,4390,6480,7860,5650,4940,6150,23290,2680,11060
2018_01,22時,16370,16500,3820,5440,7180,5380,4950,6070,24830,3180,6560,15700,16800,3840,5640,7000,5180,4840,5990,24140,2240,7680
2018_01,23時,15070,15580,3550,5030,6610,5000,4730,5710,25090,2470,4810,14490,15270,3180,4960,6480,4740,4570,5810,24050,2000,5290
2018_01,24時,14160,14890,3200,4740,6250,4650,4600,5580,25550,1920,3270,13660,14320,3020,4720,6070,4330,4310,5520,24270,1790,3530
2018_01,25時,14510,14960,3230,4890,6320,4680,4710,5620,25970,1910,3290,13820,14430,3150,4760,6150,4360,4380,5440,24650,1810,3410
2018_01,26時,14540,14980,3170,4910,6320,4680,4760,5670,25970,1920,3320,13840,14190,3000,4730,6150,4360,4390,5380,24560,1820,3260
2018_01,27時,14600,15180,3280,4860,6350,4690,4790,5780,26150,1910,3380,13840,14420,3090,4740,6170,4370,4410,5460,24770,1830,3260
2018_01,28時,14710,15200,3350,4900,6370,4700,4830,5740,26280,1950,3380,13970,14540,3180,4780,6210,4380,4420,5520,24900,1840,3380
2018_02,5時,15550,15950,3020,5060,6940,5150,5540,5780,27570,3260,3490,14390,15560,2870,4780,6610,4890,5140,5650,25990,3170,3480
2018_02,6時,15610,15260,2920,5130,7020,5220,5650,4910,25780,3870,3930,14530,14930,2980,5010,6510,4840,5060,5040,24810,3130,3980
2018_02,7時,18180,17000,3440,5600,7710,6350,6450,5600,24050,7830,6080,15830,15270,3240,5200,6840,5280,5370,5150,24420,3820,5200
2018_02,8時,24970,22510,4510,7020,10990,9360,8730,6840,19800,20780,9940,17350,16790,3660,5520,7700,5980,5560,5700,23230,5810,7610
2018_02,9時,27670,26060,5160,8380,11960,10500,9900,7810,16820,25580,13900,19290,18760,4530,6220,8190,6320,6010,6760,21930,7360,11160
2018_02,10時,28370,27460,5320,8590,12330,10900,10260,8400,15350,25850,16990,20480,20710,5140,6680,8730,7080,6600,6950,19850,7430,15990
2018_02,11時,28630,29040,5460,8790,12520,11150,10800,8930,14470,26360,19190,22140,22860,5940,7500,9540,7670,7300,7030,18740,7870,20450
2018_02,12時,28860,29990,5500,8780,12720,11390,11220,9230,14170,26730,20350,22740,23970,6220,7880,9730,8120,7490,7250,18230,8190,22280
2018_02,13時,29020,30170,5750,8930,12990,11380,11140,8980,13990,27130,20500,22830,25440,6490,7970,10090,8200,7500,8000,18190,8590,23590
2018_02,14時,28860,29400,5660,9000,12840,11200,10940,8610,13930,26980,19730,22890,25810,6950,8160,10140,7930,7340,8170,18020,8180,24460
2018_02,15時,28020,28240,5620,8770,12510,11120,10340,7880,13780,26660,18200,22700,26080,7420,8400,10050,7970,7020,7910,17910,7980,24830
2018_02,16時,27600,27830,5850,8520,12290,10850,10260,7620,14710,26220,16960,22510,25540,8050,8020,9880,7620,6870,7600,18900,8160,23250
2018_02,17時,26490,26400,5760,8010,11700,10470,9500,7420,15800,24500,15060,22670,25800,8630,8590,9790,7450,6730,7270,19960,7720,23020
2018_02,18時,23760,22670,4940,7330,10470,8900,7880,6880,18250,18030,12700,21740,24160,7940,8440,9540,7240,6200,6520,20850,6930,20500
2018_02,19時,21000,20450,4500,6770,9410,7660,6540,6550,20430,12410,11210,20530,22540,7490,7760,9250,6560,5720,6270,21890,5690,17800
2018_02,20時,19140,19560,4100,6460,8720,6880,6050,6470,22320,9230,9750,19360,21760,6840,7630,8810,6170,5560,6090,22950,5050,15480
2018_02,21時,17820,18370,3810,6140,8140,6170,5590,6330,23650,6940,8270,17920,19800,5790,6860,7890,5540,5410,6220,23990,4430,11720
2018_02,22時,16700,16780,3500,5580,7400,5550,5320,6120,24820,5260,6080,16250,17200,4110,5870,7170,5120,5290,5870,24540,3780,7560
2018_02,23時,15040,15780,3020,5060,6760,5140,5030,5780,24920,4010,4550,15040,15680,3330,5300,6640,4870,5000,5560,24560,3270,5300
2018_02,24時,14300,14630,2680,4850,6330,4750,4860,5440,25460,3020,2980,13460,14280,2500,4730,6290,4510,4900,4790,24280,2700,3020
2018_02,25時,14630,14870,2740,5000,6440,4810,4920,5570,25950,3010,3100,13740,14500,2730,4800,6350,4520,4970,4850,24750,2690,3070
2018_02,26時,14680,14760,2730,4970,6430,4830,4950,5520,25980,3020,3010,13680,14480,2720,4770,6360,4510,5020,4780,24720,2690,3020
2018_02,27時,14650,14720,2700,4900,6440,4850,4990,5470,26000,3020,2920,13760,14560,2730,4800,6390,4530,5010,4830,24910,2660,2990
2018_02,28時,14710,14800,2770,4860,6440,4830,5070,5510,26040,3010,3020,13720,14670,2810,4770,6400,4560,5040,4800,25010,2680,2970
2018_03,5時,15300,15900,2770,5010,6610,5180,5830,5770,27520,3250,3140,14820,15580,2640,4900,6290,4970,5780,5800,26260,2950,3790
2018_03,6時,15780,15990,2820,5190,6750,5300,6130,5580,26150,3950,4330,14730,15020,2690,4950,6210,4980,5640,5270,24980,3060,4240
2018_03,7時,18480,17550,3340,5690,7640,6270,6880,6190,24300,7630,6830,16360,15650,2980,5220,6680,5280,5850,6000,24530,3910,6180
2018_03,8時,25220,22160,4670,7240,10500,9120,9350,6490,19820,20490,9860,17750,17120,3490,5680,7380,6130,6290,5880,22830,5470,9010
2018_03,9時,27470,26010,5040,8330,11710,10130,10460,7790,16820,25360,13770,19180,18620,4590,6080,7940,6590,6290,6290,21610,7570,11140
2018_03,10時,27550,27380,5200,8600,11930,10320,10590,8280,15230,25300,16660,20400,20770,5050,6860,9030,7130,6630,6440,20060,7890,15550
2018_03,11時,28050,28990,5470,9030,11840,10530,11100,9050,14830,25670,18770,21740,22470,5780,7620,9850,7550,7070,6310,18350,7930,20000
2018_03,12時,28100,30000,5670,9200,11910,10800,11460,9040,14450,26130,19760,22630,24030,6390,8200,10280,8040,7430,6300,17780,8000,22840
2018_03,13時,28360,30330,6160,9320,12100,10700,11380,9020,14190,26370,20420,23770,25310,6800,8780,10750,7960,7630,7140,17620,7920,25380
2018_03,14時,28190,29720,6250,9270,12020,10650,10980,8730,14210,25940,19990,23630,24940,6700,8880,10740,7890,7200,7140,17110,7490,25580
2018_03,15時,27720,29070,6290,9110,11880,10640,10740,8120,14500,25920,18670,23050,25310,6590,8650,10980,8070,7180,6880,17530,7430,25090
2018_03,16時,27450,27210,6180,8760,11460,10320,10320,7610,14950,25350,16640,23390,26090,6960,9120,11160,8340,7290,6580,18340,7540,25390
2018_03,17時,26390,26270,6300,8520,10940,9900,9920,7070,15970,23990,15120,23310,24890,7060,8780,10980,8090,6850,6430,19240,7380,23450
2018_03,18時,23960,23020,5860,7900,9900,8370,8110,6820,17770,17850,13860,22290,24730,6990,8570,10430,7730,6740,6540,20550,6710,21820
2018_03,19時,21470,20990,5170,7150,9100,7350,6930,6740,19950,12110,12850,21410,23670,6730,8200,9940,7120,6500,6590,21850,5690,19640
2018_03,20時,19800,19810,4740,6910,8410,6670,6490,6370,21860,8800,11390,20010,21440,5550,7510,9220,6830,6120,6210,22730,4720,16140
2018_03,21時,18370,18480,4170,6600,7680,6070,6060,6260,23200,6660,9450,18440,19030,4840,6490,8170,6180,5720,6050,23480,3930,12150
2018_03,22時,17000,17090,3700,5850,7120,5550,5920,5940,24600,5030,6930,16290,16920,3700,5470,7100,5270,5540,6120,24430,3400,7590
2018_03,23時,15040,15890,3020,5160,6390,5160,5500,5690,24860,3770,4790,14670,15640,2870,4900,6410,4850,5320,5950,24450,3050,5020
2018_03,24時,14110,14450,2360,4750,5930,4760,5310,5430,25030,2850,3030,13650,14590,2420,4540,5970,4410,5190,5680,24560,2700,3230
2018_03,25時,14540,14680,2500,4950,6070,4810,5400,5470,25550,2840,3210,13920,14620,2520,4630,6050,4480,5240,5590,24930,2670,3200
2018_03,26時,14550,14710,2590,4980,6070,4800,5410,5390,25700,2780,3170,13890,14550,2620,4610,6060,4440,5230,5470,25090,2600,3020
2018_03,27時,14530,14820,2720,4900,6020,4820,5430,5440,25800,2820,3150,13930,14680,2650,4650,6080,4480,5170,5570,25190,2610,3080
2018_03,28時,14520,14830,2700,4880,6010,4820,5490,5430,25850,2870,3070,13890,14610,2580,4580,6110,4490,5210,5510,25230,2620,2920
2018_04,5時,15960,17130,3970,4970,6590,5030,5840,6680,29430,3500,3230,15560,16060,3670,4920,6370,4940,5470,6240,27560,2710,3690
2018_04,6時,16440,17210,3800,5240,6730,5050,6140,6670,27940,4330,4370,15420,15750,3830,5040,6200,4820,5530,5720,26200,3070,4430
2018_04,7時,18830,18650,4480,5560,7390,5950,7000,7090,25630,8210,6600,16590,16040,3810,5480,6580,5030,5750,5960,25730,3700,5640
2018_04,8時,25110,23370,5110,7470,9910,8720,9400,7860,21250,21040,9350,18260,17680,4440,6320,7360,5660,6150,5990,23970,5900,8470
2018_04,9時,27210,26430,5440,8560,10960,9990,10470,8200,17650,25970,12960,19660,20150,5020,6990,7880,6380,6210,7310,22760,7370,12090
2018_04,10時,27470,28240,5610,8970,11020,10320,10720,9050,16140,25950,16260,20920,22380,5700,7720,8540,6960,6650,7720,21040,7510,16980
2018_04,11時,27600,29630,5640,9450,11080,10590,11310,9120,15430,26180,18180,22180,25310,6370,8640,9250,7630,7460,8110,19940,7740,21910
2018_04,12時,28100,29880,5870,9460,11210,10760,11550,9120,15060,26370,19060,23580,27160,6730,9680,9960,8140,7670,8540,19520,7740,25530
2018_04,13時,28560,30630,6280,9580,11630,10710,11170,9800,15320,26630,19860,24300,28770,7950,10180,10300,8410,7680,8530,19040,8200,27790
2018_04,14時,28350,30030,6390,9600,11530,10510,10840,9500,14960,26570,19390,25150,29870,8750,10750,10850,8530,7820,8310,19090,8100,29730
2018_04,15時,27680,29240,6310,9250,11280,10370,10860,8840,14900,26490,18060,24550,31770,9530,10880,11040,8370,7610,8870,19190,7840,31200
2018_04,16時,27030,27460,6290,8750,10890,10140,10440,7980,15060,25760,16240,24170,32130,9760,11130,11120,8110,7710,8450,19810,7560,30880
2018_04,17時,26200,26310,6540,8300,10490,9740,9800,7610,16470,24460,14280,24620,32070,10160,11380,10940,8060,7440,8690,20560,7480,30660
2018_04,18時,23870,23670,6060,7620,9770,8480,8210,7380,18860,18000,13410,24040,30500,9800,11000,10650,7960,7040,8080,21560,6620,28300
2018_04,19時,21790,21610,5510,7060,9040,7450,7060,7260,21320,12330,12560,22960,28210,9220,10410,10060,7320,6620,7540,22690,5550,24940
2018_04,20時,20200,20810,5600,6830,8230,6610,6530,7190,23270,9010,11550,21430,24930,8300,9010,8990,6510,6170,7360,23860,4890,19720
2018_04,21時,18610,19220,5280,6120,7400,5890,6180,6940,24940,6570,9140,19830,21780,6680,7880,8270,5930,5870,6960,24630,4250,14990
2018_04,22時,17090,18020,4850,5410,6910,5390,5880,6650,26350,4990,6670,17580,18530,5060,6310,7280,5220,5610,6610,25390,3620,9460
2018_04,23時,15490,16860,4230,4830,6360,4860,5600,6450,26590,3840,4770,15480,16960,4200,5350,6480,4780,5410,6210,25620,3040,6120
2018_04,24時,14700,15840,3620,4540,6190,4620,5430,6120,27100,3180,3050,14250,15760,3610,4690,6140,4460,4990,6100,26000,2670,3770
2018_04,25時,15040,15990,3750,4630,6280,4700,5430,6230,27470,3190,3190,14430,15920,3690,4790,6180,4470,5000,6190,26450,2730,3680
2018_04,26時,14970,15900,3670,4620,6200,4690,5430,6240,27520,3180,3010,14510,15750,3630,4830,6140,4480,5010,6140,26610,2670,3470
2018_04,27時,14920,15840,3640,4580,6190,4700,5410,6220,27550,3200,2860,14550,15620,3550,4830,6170,4470,5040,6100,26600,2630,3390
2018_04,28時,14900,15870,3670,4590,6150,4710,5430,6200,27600,3230,2800,14560,15810,3680,4800,6210,4470,5020,6160,26690,2680,3480
2018_05,5時,16400,16880,3560,5120,7170,4810,5640,6950,30090,3630,2690,15360,16490,3310,5180,6800,4690,5250,6610,27420,3430,3990
2018_05,6時,16910,16880,3690,5220,7250,4960,5810,6850,28290,4470,4050,15060,15830,3290,5320,6510,4570,5150,6030,25750,3240,4620
2018_05,7時,19100,18920,4400,5620,7900,5840,7010,7230,26260,8650,6100,16240,16520,3420,5680,6900,4780,5600,6370,25570,3980,5900
2018_05,8時,24960,22560,5290,7140,10360,8410,9150,7150,21310,20400,8920,17950,17660,3990,6260,7630,5360,5920,6430,23790,5550,8790
2018_05,9時,26530,25230,5240,8280,11250,9440,10120,7420,17430,24610,12510,19070,19930,5240,7030,8170,5930,6070,6540,22030,6500,12970
2018_05,10時,26790,26940,5350,8720,11360,9770,10420,8110,15900,24780,15770,21520,23790,6980,8450,9180,6680,6510,7500,20790,6660,20180
2018_05,11時,27180,28370,5600,9210,11570,10030,10680,8430,15160,24920,18090,23100,26320,7940,9600,10000,7420,7170,7280,19560,6980,25180
2018_05,12時,27780,29110,5860,9390,11750,10330,10980,8560,15000,25070,19360,23820,28960,9020,10450,10530,7850,7400,7510,18430,7020,29450
2018_05,13時,28300,29210,6040,9570,11870,10450,10740,8830,15060,25130,19840,25000,29920,9280,11020,11020,8250,7490,7850,18540,6910,31460
2018_05,14時,27710,28610,5910,9340,11860,10240,10310,8640,14880,24850,19050,25520,30660,10310,11420,11280,8160,7480,7510,18460,6670,32970
2018_05,15時,27270,27450,6020,8830,11580,10130,10110,8030,15140,24260,17610,25360,32210,11250,11560,11550,8170,7470,7550,18820,6770,33930
2018_05,16時,27440,26210,6270,8630,11260,9750,10070,7650,15780,23770,16370,25130,31540,11100,11460,11520,8050,7340,7190,19460,6650,32600
2018_05,17時,26630,25220,6580,8240,10820,9240,9500,7450,17150,22280,14790,24860,32010,11860,11420,11430,7840,7060,7250,20450,6470,32040
2018_05,18時,23810,22700,5970,7660,9850,7800,7840,7380,19600,16130,13190,23250,30170,10720,10680,11060,7470,6570,6900,21440,5730,28470
2018_05,19時,21890,21230,5500,7320,9100,6870,6800,7520,22250,11090,12330,22200,28400,10070,10100,10470,7060,6310,6580,22590,4930,25340
2018_05,20時,20180,20320,5190,6890,8580,6100,6370,7350,24200,8040,10810,20680,25830,9250,8990,9440,6310,6040,6460,23320,4340,21080
2018_05,21時,18680,19010,4780,6400,8040,5560,6000,6890,25700,6070,8560,17980,21630,6540,7510,8140,5550,5550,6310,24180,3700,13970
2018_05,22時,17630,17880,4490,5860,7480,5230,5770,6670,27120,4590,6550,16860,18820,5320,6480,7410,5050,5380,6020,25230,3300,9560
2018_05,23時,15980,16750,3880,5140,6890,4820,5480,6510,27290,3760,4400,15390,16620,4000,5490,6880,4640,5150,5830,25230,2990,6130
2018_05,24時,15050,15590,3260,4730,6580,4550,5230,6270,27490,3220,2700,14580,15220,3240,4860,6480,4240,4920,6040,26030,2990,3340
2018_05,25時,15320,15740,3370,4830,6670,4590,5290,6280,27840,3270,2760,14670,15230,3160,4880,6510,4240,4990,6110,26310,2970,3210
2018_05,26時,15260,15750,3400,4800,6640,4570,5260,6330,27850,3260,2720,14610,15230,3100,4930,6450,4260,4980,6110,26440,2980,3010
2018_05,27時,15250,15790,3360,4790,6650,4580,5240,6400,27960,3280,2660,14470,15180,3010,4870,6470,4230,4920,6130,26370,2930,2910
2018_05,28時,15300,15710,3340,4850,6650,4560,5220,6380,28010,3270,2590,14590,15290,3150,4910,6490,4260,4950,6090,26510,2930,3010
2018_06,5時,16280,16730,3770,4760,7370,4890,5240,6970,29960,3950,2670,16780,16560,4320,4560,7020,4760,5090,7580,28580,3910,4420
2018_06,6時,16820,16480,3940,4770,7450,4940,5370,6820,28260,4670,3880,16400,16250,4330,4560,6940,4740,4860,7220,27260,4080,4800
2018_06,7時,19420,18030,4630,5230,8140,5860,6400,7170,26100,8890,6020,17110,16790,4650,4870,7280,4820,5140,7130,25990,4980,6320
2018_06,8時,25510,22100,5560,6890,10710,8300,8770,7350,21360,20950,9130,18660,17980,5450,5490,7890,5380,5670,6740,24190,6540,9040
2018_06,9時,27130,25150,5290,8200,11780,9520,9690,7790,17860,25350,12460,19900,19590,5950,6140,8380,6110,6040,6860,22710,8060,11910
2018_06,10時,27260,27200,5250,8540,11810,9730,10010,9110,16300,25480,15900,20640,21540,6250,6860,8730,6360,6820,7130,20620,8060,16420
2018_06,11時,27340,28560,5330,8820,11730,9890,10300,9810,15690,25490,17920,22020,23660,6940,7870,9320,6880,7250,7400,19490,8140,20790
2018_06,12時,27950,29250,5580,9040,12000,10270,10530,9780,15410,25890,19140,22740,25450,7310,8700,9600,7420,7330,7820,19350,8480,23110
2018_06,13時,28430,29250,5850,9160,12190,10300,10430,9730,15570,26050,19310,23210,26960,7950,8850,10030,7650,7330,8340,18770,8280,25670
2018_06,14時,28120,28630,5830,9060,12160,10280,10000,9410,15400,25970,18590,24520,28520,9180,9170,10340,7930,7230,9170,19160,8470,28000
2018_06,15時,27930,27910,6000,8600,11940,10120,10030,9130,15680,25660,17620,24930,29900,9920,9510,10750,8240,7740,8660,19410,8140,29710
2018_06,16時,27680,26730,6080,8300,11410,9790,9920,8900,16020,25010,16470,26010,31160,11060,10190,11130,8280,7810,8670,20170,8240,31370
2018_06,17時,26860,25700,6410,7840,10800,9570,9480,8450,17520,23200,14910,25830,30800,11390,10240,10700,8250,7730,8310,21120,7890,30260
2018_06,18時,24310,23400,6370,6880,9950,8520,7880,8100,19520,17070,14230,25600,29350,10980,9920,10400,8100,7190,8350,22120,7150,28420
2018_06,19時,22310,21720,5740,6350,9220,7670,7000,8030,21970,11730,13410,24790,27000,10620,9300,10120,7060,6440,8240,23310,6130,25100
2018_06,20時,20890,21300,5460,6050,8690,7060,6690,8230,24200,8620,12480,23290,23590,9200,8340,9090,6440,5820,7960,24410,5170,20170
2018_06,21時,19040,19900,4950,5530,8010,6370,6280,7800,25650,6510,9990,21230,21090,7970,7350,8310,5870,5410,7390,25270,4690,15320
2018_06,22時,17450,18150,4730,5150,7440,5440,5600,7210,27110,5190,6640,17920,18560,5740,5590,7630,5210,5290,7000,26170,4170,9180
2018_06,23時,15930,16960,4110,4710,6930,4920,5280,6910,27330,4220,4640,15890,16960,4500,4700,6960,4850,5050,6780,26170,3720,6010
2018_06,24時,15120,15730,3600,4260,6890,4570,4940,6580,27580,3580,2900,14550,15200,3670,4130,6640,4380,4750,6170,26230,3400,3230
2018_06,25時,15410,15820,3690,4340,6950,4600,4990,6650,27920,3600,2940,14720,15270,3710,4210,6650,4380,4770,6250,26500,3370,3200
2018_06,26時,15440,15810,3650,4410,6890,4590,4980,6700,27940,3620,2950,14790,15190,3780,4190,6640,4410,4740,6210,26520,3270,3180
2018_06,27時,15430,15750,3610,4380,6880,4590,4990,6720,27960,3620,2870,14720,15180,3780,4150,6640,4420,4720,6170,26520,3280,3120
2018_06,28時,15480,15680,3600,4390,6900,4580,5000,6680,28010,3650,2790,14680,15250,3750,4150,6650,4420,4670,6270,26650,3320,3000
2018_07,5時,16660,16640,3760,4740,7580,4790,5590,6820,29630,3580,3230,16040,16290,4080,4510,7090,4580,5410,6640,28130,3310,3810
2018_07,6時,17150,16450,3800,4790,7550,4830,5750,6870,27870,4170,4540,15700,15850,3860,4650,7080,4660,5190,6090,26530,3180,4490
2018_07,7時,19920,17880,4420,5370,8020,5890,6650,7430,25830,8270,6710,16720,16270,4030,4860,7450,4850,5450,6330,25750,3940,5920
2018_07,8時,26080,21290,4910,7350,10400,8280,8870,7540,20860,20140,9520,18850,18350,5250,5510,8460,5430,6070,6460,24480,5750,9540
2018_07,9時,28020,24890,4970,8580,11630,9540,9910,8250,17560,25170,13150,20260,19690,5910,6110,8950,6200,6240,6520,22660,7100,12600
2018_07,10時,28200,26820,5040,9150,11710,9670,10030,9400,15840,25250,16650,22080,22810,6580,7120,9730,7020,6990,7430,21410,7360,18500
2018_07,11時,28260,27930,5150,9430,11770,9760,10320,9750,15260,25150,18490,23710,25980,7540,8200,10740,7630,7330,8240,20430,7470,24000
2018_07,12時,28740,28460,5420,9650,12080,9950,10550,9530,15250,25520,19140,24590,28580,8360,8720,11200,8280,7900,8690,20270,7850,27240
2018_07,13時,29020,28940,5510,9820,12470,10070,10720,9350,15200,25800,19680,25320,30160,8770,9240,11640,8730,8300,8780,19950,7770,29920
2018_07,14時,28580,28890,5630,9540,12340,10050,10570,9330,15150,25560,19390,25440,31070,9150,9500,11830,8870,8310,8830,19700,7700,31190
2018_07,15時,28270,28090,5700,9320,12090,9940,10340,8940,15360,25250,18330,25180,32150,9870,9650,11740,9050,8420,8570,20000,7620,31780
2018_07,16時,27990,27180,6090,9180,11600,9720,10170,8400,15470,24590,17600,25010,32440,9890,9850,11640,8910,8280,8850,20640,7760,31340
2018_07,17時,27180,25650,6510,8490,11000,9460,9510,7850,16960,22800,15620,23750,30670,9500,9170,10980,8570,7690,8490,21340,7510,27870
2018_07,18時,24800,23200,6460,7700,9960,8290,7720,7860,19160,16780,14610,22320,28200,8760,8470,10080,7860,7240,8100,22210,6900,23890
2018_07,19時,22390,21980,6160,7070,9290,7180,6870,7780,21500,11810,13690,21320,25960,7900,7940,9580,7410,6710,7700,23150,5670,20920
2018_07,20時,20400,21000,5930,6360,8690,6360,6290,7750,23400,8430,12290,19760,22710,6740,6970,8830,6660,6350,6910,24020,4910,16130
2018_07,21時,18440,19460,5330,5750,8120,5730,5810,7150,24990,6250,9420,18410,20100,5860,6200,8060,5800,6020,6560,24730,4170,12240
2018_07,22時,17340,18020,4950,4990,7640,5200,5730,6850,26360,4990,6840,16810,17280,4530,5440,7250,5030,5660,6170,25660,3670,7450
2018_07,23時,15690,16830,4110,4460,7150,4750,5510,6500,26640,3930,4760,15240,15870,3720,4640,6820,4680,5360,5850,25800,3310,4720
2018_07,24時,15090,15200,3580,4300,6820,4400,5220,5940,26820,3160,3050,14580,14980,3520,4150,6770,4380,5070,5650,26410,2830,2900
2018_07,25時,15420,15310,3660,4350,6950,4470,5260,6020,27190,3210,3140,14800,15090,3590,4270,6870,4370,5090,5680,26640,2890,2990
2018_07,26時,15530,15270,3660,4410,6970,4460,5250,6050,27300,3210,3130,14860,15090,3780,4180,6850,4360,5040,5730,26740,2860,2970
2018_07,27時,15470,15160,3580,4400,6950,4450,5230,6000,27300,3210,2930,14890,15260,3830,4190,6870,4380,5060,5790,26910,2900,2990
2018_07,28時,15440,15240,3560,4380,6980,4440,5250,6060,27340,3210,2940,14840,15150,3750,4210,6890,4390,4980,5750,26890,2870,2870
2018_08,5時,15780,15270,3860,4000,7400,4680,4850,6240,27210,2980,3230,15750,14770,3920,3890,7110,4630,4700,6250,26180,2810,3630
2018_08,6時,16210,15470,3830,4270,7360,4680,5050,6470,25850,3480,4560,15600,14390,3910,4250,6800,4550,4740,5730,24610,2870,4450
2018_08,7時,18360,16880,4660,4650,7800,5510,5790,6800,23880,7400,6160,16610,14910,4420,4250,7150,4710,4860,6110,24180,3710,5540
2018_08,8時,23930,20850,5910,6650,9890,7590,7650,7050,20060,18010,9020,17790,16610,5220,4990,7840,5140,5020,6180,22580,5230,8380
2018_08,9時,25730,23390,6060,7740,10800,8570,8460,7470,16930,21810,12440,19440,18790,6310,6120,8330,5780,5250,6430,21270,6640,11990
2018_08,10時,25870,25410,6420,8030,10980,8810,8550,8460,15550,21890,15700,21710,22000,7160,8290,9300,6170,5770,7000,19740,6890,18600
2018_08,11時,26480,26940,6710,8570,11280,9010,8910,8920,15090,22220,17890,23450,25240,8400,9520,10090,6550,6250,7850,19150,7220,23680
2018_08,12時,27080,27560,7140,8560,11490,9290,9110,9040,15020,22610,18930,24550,26410,9070,10220,10440,6960,6410,7850,18550,7530,26320
2018_08,13時,27230,28170,7160,8760,11790,9340,9210,9130,14880,22720,19650,25630,27030,10020,10490,10720,7070,6560,7790,17870,7470,28700
2018_08,14時,27440,27970,7370,8810,11830,9260,9140,8980,14900,22520,19790,26940,28150,11310,11000,11290,7030,6580,7860,18270,7480,30810
2018_08,15時,27400,27240,7680,8600,11690,9300,9050,8310,14920,22360,19110,28610,28630,12700,11750,11590,7100,6430,7640,18110,7380,33150
2018_08,16時,27290,26160,7830,8420,11340,8910,8920,8000,15640,22060,17570,28550,27920,12680,11510,11260,6920,6530,7560,18570,7220,32090
2018_08,17時,26500,24900,8130,8060,11100,8430,8260,7390,16920,20450,15770,28220,27840,12740,11260,10680,6860,6500,8020,19100,7190,31300
2018_08,18時,23920,22330,8030,7350,10080,7320,6530,6930,18850,14740,14410,27500,25920,12160,10810,9940,6520,5920,8050,20050,6310,28590
2018_08,19時,21940,20460,7110,6750,9190,6490,5770,7070,21170,9970,13110,25570,23430,10940,9380,9350,6130,5390,7780,20750,5200,24520
2018_08,20時,20090,19380,6440,6060,8620,5950,5370,7010,22500,6990,11820,24030,21320,9650,8600,8950,5570,5140,7420,21390,4110,21360
2018_08,21時,18280,18020,5790,5340,8010,5420,5140,6580,23880,5160,9180,22400,18250,8560,7320,8210,5330,4830,6360,22540,3440,16260
2018_08,22時,16690,16870,5140,4570,7460,4990,4950,6430,25080,4040,6480,17070,16620,5050,5410,7380,4970,4750,6110,23580,3040,8770
2018_08,23時,15390,15890,4430,4070,7050,4650,4800,6270,25360,3120,4840,15200,15240,3870,4550,6880,4560,4510,6060,23700,2670,5870
2018_08,24時,14570,14040,3660,3640,6770,4360,4460,5700,25370,2470,2760,13920,13650,3510,3500,6640,4240,4200,5480,23490,2460,3530
2018_08,25時,14840,14230,3750,3710,6880,4410,4540,5760,25740,2530,2840,14080,13780,3660,3520,6710,4300,4200,5450,23900,2470,3390
2018_08,26時,14870,14280,3770,3780,6840,4400,4550,5790,25780,2570,2840,14180,13850,3740,3530,6680,4270,4230,5560,23970,2480,3490
2018_08,27時,14830,14140,3650,3770,6800,4380,4560,5790,25710,2620,2710,14190,13710,3640,3650,6620,4230,4210,5530,23960,2430,3400
2018_08,28時,14810,14220,3670,3740,6810,4380,4530,5880,25750,2600,2730,14230,13730,3650,3630,6650,4270,4170,5580,23960,2470,3430
2018_09,5時,15520,15520,3610,4450,7940,4780,4650,5590,27990,2470,2680,14960,14740,3790,4010,7430,4580,4200,5680,26340,2040,3100
2018_09,6時,15950,15140,3680,4630,7710,4750,4830,5470,26150,3110,3830,14680,14460,3570,4120,7440,4460,4130,5410,25060,2140,3650
2018_09,7時,18870,17010,4340,5400,8400,5820,5740,6160,24160,7600,6180,15940,14920,3870,4450,7710,4670,4390,5740,24550,3010,4930
2018_09,8時,25320,21370,5660,7550,10830,8180,7830,6610,19590,19470,9750,17130,16550,4340,5300,8300,5230,4750,5740,22830,4690,7730
2018_09,9時,27480,24890,6100,8940,12100,9330,8730,7150,15980,24460,13870,18380,18710,5080,6110,8880,6020,5130,5840,21140,5990,11460
2018_09,10時,27790,26820,5980,9420,12590,9690,9020,7890,14410,24390,17490,19790,21420,5700,7060,9650,6590,6050,6160,19680,6230,16660
2018_09,11時,28230,28370,6190,9790,12830,10000,9460,8300,13810,24700,19750,21140,24300,6490,8000,10410,7260,6570,6700,18870,6560,21330
2018_09,12時,28460,29570,6340,10210,12850,10320,9760,8540,13860,25060,20820,21960,26710,7210,8640,10810,7550,6860,7580,18500,6750,24740
2018_09,13時,28760,29490,6460,10320,13050,10390,9720,8290,13810,25290,20820,22190,27550,7520,8590,11110,7890,7030,7570,17770,6750,26490
2018_09,14時,28470,29030,6330,10210,12970,10320,9640,8010,13870,25190,20100,22810,27960,7720,9090,11520,7850,7000,7570,17980,6680,27420
2018_09,15時,27690,28420,6400,9740,12530,10260,9500,7670,13890,24690,19180,22300,27600,7880,8990,11530,7680,6780,7030,18120,6520,26520
2018_09,16時,27340,27270,6450,9530,12050,9950,9300,7320,14420,24160,17650,22250,26650,8080,8730,11400,7560,6280,6830,18840,6400,25020
2018_09,17時,26320,25940,7000,8790,11860,9600,8310,6680,15880,22520,15470,21830,25720,8290,8300,11090,7360,5940,6550,19820,6240,22980
2018_09,18時,23670,23590,6620,8150,11090,8410,6660,6320,18050,16100,14730,21450,24660,8410,8330,10640,6920,5450,6330,21120,5420,21070
2018_09,19時,21310,22030,6140,7410,10090,7550,5820,6320,20710,10780,13500,20510,22920,7870,7670,9970,6330,5080,6490,21970,4350,18620
2018_09,20時,19890,20820,5820,6720,9400,6820,5470,6440,22460,7450,12460,18540,20050,6120,6690,9050,5710,4730,6290,22790,3430,13930
2018_09,21時,18120,19840,5360,6110,8740,6250,5130,6350,23900,5370,10410,16800,17590,5060,5770,8180,5130,4280,5950,23610,2930,9420
2018_09,22時,16620,17370,4340,5330,8000,5350,4720,6240,25130,3820,6780,15920,15910,4470,5120,7700,4790,4120,5620,24370,2460,6580
2018_09,23時,15150,15810,3940,4600,7340,4740,4370,5950,25380,2660,4640,14550,14860,3720,4440,7320,4490,4000,5420,24520,1970,4480
2018_09,24時,14500,14200,3540,4230,7170,4430,4150,5170,25580,2140,2800,13910,13820,3550,3860,7200,4160,3930,5010,24750,1830,2800
2018_09,25時,14820,14280,3620,4330,7270,4440,4180,5250,25930,2150,2870,14190,13960,3660,3870,7240,4270,4010,5090,25230,1850,2740
2018_09,26時,14930,14340,3730,4360,7280,4460,4210,5220,26010,2170,2960,14100,13930,3680,3860,7170,4270,3950,5080,25280,1860,2590
2018_09,27時,14840,14290,3650,4260,7270,4480,4210,5240,26090,2160,2750,14060,13960,3660,3850,7140,4250,3980,5110,25350,1860,2520
2018_09,28時,14780,14220,3530,4240,7290,4450,4200,5280,26100,2190,2610,13960,13990,3610,3820,7180,4270,3940,5110,25340,1860,2470
2018_10,5時,15800,15120,3590,3960,7720,4890,4600,6150,27200,3140,3220,14750,14440,3630,3710,7240,4790,4170,5620,25140,2890,3600
2018_10,6時,16190,14950,3690,4190,7720,4810,4820,5900,25470,3880,4310,14900,14130,3660,3760,7190,4740,4210,5440,24200,3080,4150
2018_10,7時,19010,16900,4410,4890,8330,5860,5780,6630,23710,8120,6780,16140,14730,3870,4270,7580,4940,4490,5720,23780,4130,5450
2018_10,8時,24900,21010,4990,6870,10600,8510,7770,7160,19100,19640,9900,17350,17020,4740,5040,8460,5510,4750,5850,22060,6020,8780
2018_10,9時,27120,23900,5080,8440,11710,9650,8610,7520,16060,24070,13420,18480,19510,5300,5670,9060,6340,4940,6650,20940,7050,12410
2018_10,10時,27010,24850,4710,8910,11910,9920,8740,7660,14230,24080,15740,19670,22100,6110,6550,9650,6790,5610,7050,19300,7220,17440
2018_10,11時,27060,26250,4850,9030,11940,10000,9050,8430,13830,24140,17540,20710,24930,6450,7430,10300,7360,6250,7840,18280,6940,22300
2018_10,12時,27770,27170,5190,9290,12030,10200,9250,8960,13570,24400,19200,21830,27020,7050,8040,10910,7680,6670,8480,17620,7180,25950
2018_10,13時,28170,27390,5460,9220,12270,10320,9260,9010,13490,24490,19710,22740,27570,7390,8590,11320,7820,6820,8350,17110,7350,27640
2018_10,14時,28330,26820,5420,9160,12250,10310,9140,8850,13700,24410,19160,22740,27740,7010,8690,11450,8070,6910,8330,16990,7360,27970
2018_10,15時,27930,25850,5340,8820,11870,10140,9070,8520,13840,24030,18020,22580,27860,7070,8430,11860,8070,6970,8020,17190,7290,27800
2018_10,16時,27430,24930,5500,8570,11500,9800,8830,8150,14240,23680,16560,22330,27050,7090,8240,11750,7810,6560,7900,17910,7130,26210
2018_10,17時,26200,23940,5710,8030,11310,9300,8150,7630,15940,22230,14310,21970,25660,7120,7800,11320,7680,6200,7480,19120,6820,23640
2018_10,18時,23430,21560,5690,7120,10310,7930,6650,7290,18080,16100,13160,21290,24780,7040,7770,10810,7440,5770,7230,20180,5900,22010
2018_10,19時,21160,20000,5570,6440,9430,6890,5590,7240,20500,11310,11740,20330,22690,6450,6980,10170,6960,5490,6960,21150,5000,18850
2018_10,20時,19330,18610,5170,5880,8680,6200,5180,6810,22450,8050,9900,18620,20000,5490,6010,9210,6250,5030,6620,22220,4290,14140
2018_10,21時,17630,17440,4840,5140,8040,5750,4830,6450,23840,5850,7800,17190,18280,4960,5420,8430,5620,4660,6360,22990,3890,10720
2018_10,22時,16520,16480,4540,4610,7580,5270,4630,6340,25070,4360,6040,16130,16500,4660,4730,7790,5060,4450,5930,23690,3420,7730
2018_10,23時,15230,15610,4000,4140,7130,4890,4440,6220,25240,3270,4660,14370,15260,3640,4070,7240,4640,4180,5830,23820,2850,5160
2018_10,24時,14530,14110,3610,3660,7080,4610,4120,5540,24980,2830,3230,13720,13720,3330,3420,6760,4380,3960,5560,23990,2670,3050
2018_10,25時,14860,14270,3640,3810,7150,4650,4250,5620,25410,2870,3310,14000,13760,3440,3530,6810,4460,4000,5500,24300,2730,3050
2018_10,26時,14810,14240,3570,3810,7180,4650,4220,5600,25420,2890,3200,14140,13700,3450,3490,6840,4460,4060,5520,24360,2760,3060
2018_10,27時,14790,14260,3580,3810,7180,4660,4230,5580,25470,2900,3160,14180,13600,3420,3540,6900,4380,4010,5520,24340,2790,3010
2018_10,28時,14790,14290,3510,3860,7190,4650,4220,5630,25590,2940,3060,14060,13530,3320,3510,6860,4390,3990,5490,24360,2790,2790
2018_11,5時,15540,14950,3480,4210,7600,5030,4630,5520,27110,2730,2830,14390,14270,3510,3680,7160,4690,4260,5340,25100,2140,3210
2018_11,6時,15970,14550,3500,4220,7540,4940,4810,5490,25320,3440,3870,14480,14020,3440,3930,7030,4590,4260,5220,23940,2410,3950
2018_11,7時,18600,16310,4380,5070,7970,5810,5640,6020,23500,7670,6090,15450,14480,3760,4280,7250,4870,4470,5280,23140,3550,5080
2018_11,8時,25140,20770,5380,7320,10330,8400,7810,6670,19000,19650,9480,16990,16110,4280,5000,8210,5400,4790,5410,21500,5220,8130
2018_11,9時,27440,23470,5460,8540,11520,9480,8720,7160,15910,24210,12870,18850,18160,4920,5930,9040,5990,5170,5940,20170,6530,12050
2018_11,10時,27930,24500,5500,9060,11830,9700,8920,7400,14180,24610,15540,20130,20630,5630,6760,9540,6260,5710,6850,18370,6900,17020
2018_11,11時,27720,25110,5290,9160,11870,9670,8990,7830,13300,24440,16940,21520,23030,6300,7770,10120,6810,6160,7370,17390,7120,21460
2018_11,12時,28230,25810,5910,9360,11920,9820,8990,8020,13020,24880,18010,22580,25120,6730,8380,10690,7410,6460,8030,16770,7320,24910
2018_11,13時,28500,26670,6100,9590,12140,9910,9200,8230,12940,24950,19140,23340,26520,6680,9270,11030,7660,6700,8510,16340,7650,27290
2018_11,14時,28450,26720,6440,9550,11980,9870,9090,8230,13270,24880,18840,23650,27000,6970,9530,11260,7630,6970,8270,15920,7340,28750
2018_11,15時,27910,25960,6310,9120,11690,9770,8850,8110,13480,24810,17380,23590,28190,7600,9880,11560,7840,6810,8070,16170,7270,29620
2018_11,16時,27260,24770,6270,8830,11420,9490,8530,7460,13980,24470,15350,23790,28260,8260,9780,11830,7830,6790,7550,17410,7220,28760
2018_11,17時,26200,23820,6710,8240,11260,9000,7870,6920,15280,22650,13960,22910,27310,8330,9130,11630,7380,6310,7420,18710,6870,26150
2018_11,18時,23470,21810,6330,7620,10330,7840,6520,6630,17600,16360,13180,21840,25720,8230,8820,11020,6880,5750,6860,19740,5780,23570
2018_11,19時,21410,20310,5830,7020,9510,7030,5590,6710,20080,11120,12390,20090,23910,7580,7980,10010,6050,5470,6890,21090,4770,19720
2018_11,20時,19810,19150,5390,6490,9010,6430,5080,6540,21840,7960,11070,18510,20890,6780,6300,9040,5710,4950,6610,22090,3870,15090
2018_11,21時,18180,18050,5220,5710,8380,5850,4770,6270,23240,5710,9200,16850,18520,5530,5420,8090,5260,4830,6230,22890,3320,10890
2018_11,22時,16650,16410,4490,4850,7770,5290,4560,6080,24540,3950,6510,15880,17000,4610,4610,7830,5080,4620,6120,23910,2860,7920
2018_11,23時,14860,15350,3710,4260,7130,4890,4360,5840,24600,3020,4520,14660,15450,3820,4030,7360,4770,4380,5720,24050,2430,5480
2018_11,24時,14210,13780,3310,3750,7040,4550,4130,5180,24670,2360,2780,13610,13600,3050,3700,6950,4350,3970,5170,24050,2160,2870
2018_11,25時,14480,13960,3330,3890,7150,4600,4210,5240,25090,2390,2830,13840,13730,3180,3790,7060,4360,4000,5170,24400,2160,2870
2018_11,26時,14490,13970,3320,3870,7150,4600,4220,5270,25150,2390,2800,13890,13640,3240,3820,6970,4410,3980,5100,24340,2170,2860
2018_11,27時,14480,13930,3320,3870,7090,4590,4240,5290,25250,2390,2670,13870,13610,3260,3770,6980,4380,3970,5100,24400,2160,2760
2018_11,28時,14470,13950,3310,3900,7070,4600,4230,5290,25310,2400,2620,13840,13700,3310,3710,6950,4380,3990,5180,24450,2180,2750
2018_12,5時,16300,14380,3010,4980,7630,4980,4720,5340,26770,2390,3390,15550,14410,3360,4550,7340,4930,4390,5370,25590,2200,3930
2018_12,6時,16740,14330,3180,5210,7550,4860,4850,5400,25430,3220,4220,15840,14460,3670,4790,7240,4860,4350,5360,24690,2570,4710
2018_12,7時,19410,16050,4000,6170,7990,5680,5610,6000,23400,7600,6400,17300,14840,3830,5420,7690,5110,4480,5600,23920,3540,6360
2018_12,8時,25250,20420,5330,7700,9880,8250,7640,6860,19050,19380,9230,19430,16440,4520,6250,8780,5760,4940,5610,22600,5400,9490
2018_12,9時,27480,23210,5810,8790,11110,9360,8540,7060,16150,23590,12730,21340,18000,5180,7170,9490,6440,5230,5820,21300,6400,13230
2018_12,10時,28030,24820,5970,9370,11360,9560,8920,7660,14230,24060,16250,22200,20530,5740,7840,9850,6950,6220,6100,19850,6770,17570
2018_12,11時,28940,26540,6300,9740,11650,9590,9330,8850,13820,24240,19020,23050,22910,6600,8620,10350,7320,6690,6360,18900,6790,21670
2018_12,12時,29200,27100,6530,9850,11840,9820,9240,9020,13060,24660,20160,23630,25330,7470,9230,10850,7630,6460,7300,18280,7180,24860
2018_12,13時,29250,27700,6290,10180,11990,9930,9300,9250,13010,24820,20700,24290,26910,8040,9830,11430,7930,6620,7330,17860,7350,27310
2018_12,14時,29200,27600,6800,10070,11910,9890,9190,8920,13170,24340,20810,24730,27410,8410,10240,11490,8030,6830,7120,17650,7150,28610
2018_12,15時,28750,26810,7090,9570,11740,9800,8980,8370,13250,24010,19800,24740,28000,8390,10520,11850,8050,6950,6960,17980,7000,29080
2018_12,16時,28280,25860,7370,9380,11520,9610,8730,7500,13830,23610,18190,24390,27800,8140,10790,12010,7840,6450,6930,18200,6780,28530
2018_12,17時,27770,25250,7730,9130,11390,9440,8310,7020,15130,21500,17940,23550,27350,8170,10310,11790,7700,6210,6690,19010,6290,26950
2018_12,18時,25520,22900,7350,8350,10620,8400,7120,6530,17060,15500,17400,22730,25370,8010,9560,11240,7260,5480,6510,19810,5250,24360
2018_12,19時,23440,21070,6360,7980,9950,7530,6230,6430,19380,10230,16400,21330,23230,7410,8620,10580,6680,5050,6200,20670,4150,21060
2018_12,20時,22190,20250,6070,7530,9420,7010,5890,6490,21490,7320,15170,19790,20410,6370,7330,9640,6170,4790,5890,21520,3520,16520
2018_12,21時,20170,18550,5310,6690,8730,6380,5490,6090,22820,5090,12360,17400,17800,5030,6190,8390,5430,4490,5650,22360,2980,11310
2018_12,22時,17810,16410,4230,5610,7940,5590,5050,5780,23860,3650,8340,15750,16110,4080,5280,7700,5040,4300,5440,23080,2540,7750
2018_12,23時,15930,14680,3290,4960,7160,5040,4570,5570,24150,2610,5420,14740,14660,3420,4620,7190,4760,4140,5260,23430,2180,5310
2018_12,24時,14820,13360,2780,4560,6900,4570,4300,5070,24560,2050,3200,13900,13310,2770,4320,6930,4390,4000,4790,23640,1830,3240
2018_12,25時,15220,13530,2890,4730,7000,4640,4370,5090,25100,2060,3280,14270,13420,2890,4440,7000,4480,4030,4820,23950,1810,3440
2018_12,26時,15360,13500,3020,4700,7000,4670,4360,5080,25200,2040,3330,14310,13330,2830,4480,6980,4470,4030,4840,24080,1820,3280
2018_12,27時,15370,13620,3040,4730,6960,4670,4400,5170,25280,2030,3380,14430,13290,2920,4470,6980,4460,4050,4810,24270,1810,3180
2018_12,28時,15310,13570,2950,4720,6930,4660,4380,5210,25280,2040,3270,14430,13220,2920,4490,6950,4440,4030,4800,24240,1830,3130
2019_01,5時,15000,13090,3050,5020,6970,4610,4190,4220,24930,3080,2620,14320,12650,3060,4870,6610,4350,3840,4220,22790,2410,3860
2019_01,6時,15220,12930,3250,5060,6900,4560,4270,4090,23550,3670,3390,14470,12580,3270,5150,6470,4360,3720,4060,21920,2700,4550
2019_01,7時,17910,14480,4230,5960,7370,5340,4840,4640,22040,7310,5750,15760,13130,3760,5510,6760,4570,3990,4280,21490,3680,5870
2019_01,8時,23350,18510,5050,7590,9550,7450,6830,5370,18240,17170,9080,17170,14550,4480,6250,7330,4990,4240,4410,20280,5040,8470
2019_01,9時,24990,20560,4830,8360,10580,8420,7600,5740,15160,20640,12100,17950,15810,4890,6790,7840,5460,4340,4440,18880,5940,10950
2019_01,10時,25510,21790,4830,8860,10800,8650,7770,6370,13740,20990,14780,18960,17380,5280,7540,8030,5950,4960,4560,17340,6220,14480
2019_01,11時,25500,22860,5110,9090,10870,8700,7970,6600,12740,20970,16750,20480,19030,6100,8280,8400,6360,5290,5060,16380,6330,18460
2019_01,12時,25950,23720,5360,9210,11050,8860,8110,7070,12520,21310,18050,21970,20800,7020,8750,8940,6770,5550,5720,15860,6590,21940
2019_01,13時,26270,23820,5490,9290,11220,9010,8070,6990,12210,21410,18650,22610,22550,7360,9290,9370,7150,5950,6030,15600,6710,24450
2019_01,14時,26240,23960,5860,9300,11170,8970,7960,6930,12450,21190,18770,23420,23350,7790,9920,9800,7230,5910,6110,15630,6620,26110
2019_01,15時,26000,23070,5770,9000,10910,8840,7660,6880,12730,20870,17660,24740,23360,8460,10610,10170,7190,5820,5830,16100,6510,27070
2019_01,16時,25490,21840,5880,8770,10710,8580,7340,6050,13030,20540,15900,24490,22510,8530,10320,10230,6960,5580,5360,16550,6600,25580
2019_01,17時,24740,19950,5810,8250,10230,8320,6690,5360,14080,19170,13660,24130,21780,8660,10120,9990,6680,5320,5120,17500,6210,24110
2019_01,18時,22340,17520,5610,7680,9130,6990,5580,4850,16220,14370,11560,23260,20540,8370,9830,9540,6290,4910,4840,18360,5430,21940
2019_01,19時,20260,15600,4900,7060,8440,5990,4700,4750,18540,9930,9680,21580,19060,7900,8930,8840,5620,4460,4880,19260,4570,18760
2019_01,20時,18640,15010,4530,6560,7950,5450,4380,4750,20310,7500,8180,18900,16870,6600,7200,8050,5120,4070,4710,19990,3970,13800
2019_01,21時,16880,14210,4120,5740,7370,5050,4180,4600,21520,5410,6510,17350,15060,5660,6220,7500,4810,3880,4320,20950,3480,10150
2019_01,22時,15780,13520,3600,5160,6920,4790,4170,4640,22480,4190,5030,15340,13670,4260,5240,6940,4560,3810,4190,21580,2960,6650
2019_01,23時,14370,12790,3030,4670,6440,4480,3980,4530,22560,3240,3690,13780,12860,3470,4640,6550,4250,3630,4070,21450,2500,4800
2019_01,24時,13900,12230,2810,4590,6370,4280,3800,4260,23130,2810,2540,13080,12030,3030,4270,6290,4020,3600,3860,22010,2320,2890
2019_01,25時,14150,12330,2810,4720,6430,4340,3880,4270,23470,2830,2560,13420,12080,3050,4470,6310,4100,3650,3900,22320,2360,2960
2019_01,26時,14160,12260,2770,4730,6410,4360,3860,4270,23520,2830,2460,13460,12050,3020,4510,6320,4140,3620,3880,22390,2350,2900
2019_01,27時,14170,12270,2780,4790,6400,4340,3860,4260,23570,2830,2440,13510,12070,3020,4530,6330,4130,3670,3890,22450,2370,2910
2019_01,28時,14180,12230,2800,4760,6410,4330,3860,4240,23570,2810,2420,13490,12110,3020,4520,6370,4100,3660,3900,22550,2370,2820
2019_02,5時,15320,13750,2810,5300,7220,4530,4240,4960,25410,2790,3230,14200,12460,2470,4690,6810,4350,3710,4610,23010,2230,3310
2019_02,6時,15670,13920,3190,5400,7140,4550,4360,4940,23950,3640,4320,14270,12360,2640,4770,6740,4220,3680,4550,22150,2510,3900
2019_02,7時,18850,15630,4190,6420,7820,5450,5070,5510,22220,7830,6840,15700,12820,3110,5230,7040,4480,3930,4700,21450,3500,5440
2019_02,8時,24800,19750,5250,7880,10240,7900,7040,6210,17750,19060,10100,17290,14490,3770,5950,7750,4910,4370,5010,20100,5290,8250
2019_02,9時,27040,22610,5480,8930,11260,9050,8250,6660,14770,23010,14010,17990,16080,3870,6620,8040,5640,4750,5130,18600,6010,11160
2019_02,10時,27630,24630,5750,9750,11550,9410,8530,7260,13520,23270,17460,19120,17740,4440,7230,8490,6240,5330,5120,17330,6320,14880
2019_02,11時,27580,25690,5440,9620,11630,9620,8910,8030,12840,23220,19160,19890,19840,4780,7580,8980,6690,5790,5900,16480,6440,18320
2019_02,12時,27970,26020,5630,9720,11530,9780,9030,8290,12550,23470,19930,20900,21440,5480,7940,9430,6710,6250,6520,16100,6630,21080
2019_02,13時,27950,26280,5640,9800,11680,9890,8930,8260,12180,23350,20570,21040,22410,5820,8350,9380,6910,6380,6590,15760,6530,22630
2019_02,14時,28030,25980,5900,9770,11580,9780,8710,8240,12450,23060,20400,20860,21980,5920,8210,9520,6820,6330,6030,14950,6360,22950
2019_02,15時,27520,24820,6000,9390,11220,9570,8530,7620,12480,22700,19030,20770,22660,6150,8520,9510,6810,6060,6340,15540,6250,23090
2019_02,16時,26770,22680,5920,8880,10900,9110,8020,6610,12710,22100,16460,20190,22240,6380,8100,9560,6730,5720,5920,16160,6020,21770
2019_02,17時,25660,20610,5900,8380,10410,8570,7140,5850,13750,20910,13540,19430,21650,6430,8110,9180,6550,5270,5520,16930,5710,20070
2019_02,18時,23090,17630,5300,7650,9480,7210,5900,5160,15550,15210,11900,19190,20550,6000,8140,8830,6120,5130,5510,18020,4800,18630
2019_02,19時,20970,15900,4700,7000,8910,6140,5000,5110,18020,10360,10460,18210,19450,5890,7610,8250,5730,4880,5290,18780,4010,16610
2019_02,20時,19330,15180,4220,6650,8350,5630,4550,5100,20000,7550,8990,17430,18030,5160,7200,7930,5330,4430,5390,19680,3370,14140
2019_02,21時,17510,14790,3920,5880,7920,5190,4260,5110,21500,5330,7540,16360,16000,4670,6390,7500,4870,3910,5000,20460,3010,10700
2019_02,22時,16170,13860,3270,5300,7340,4870,4130,5100,22660,3820,5670,14720,13760,3440,5280,6840,4510,3760,4640,21090,2690,6570
2019_02,23時,14870,13030,2730,4950,6820,4520,3950,4920,23000,2920,4120,13830,12930,3030,4760,6510,4280,3630,4530,21300,2360,4990
2019_02,24時,14290,12250,2530,4750,6690,4220,3750,4590,23380,2420,2790,13040,12600,2550,4260,6430,4040,3540,4800,22230,2250,3100
2019_02,25時,14580,12300,2560,4870,6780,4240,3810,4590,23700,2430,2810,13230,12730,2600,4340,6490,4050,3620,4840,22460,2260,3190
2019_02,26時,14540,12300,2560,4840,6760,4240,3810,4610,23770,2390,2740,13230,12680,2650,4380,6430,4030,3600,4800,22480,2230,3110
2019_02,27時,14500,12280,2550,4870,6690,4240,3800,4630,23740,2360,2740,13340,12690,2620,4340,6490,4070,3600,4890,22620,2280,3080
2019_02,28時,14530,12370,2550,4900,6700,4250,3790,4700,23810,2390,2770,13390,12870,2670,4390,6500,4090,3610,4990,22740,2280,3190
2019_03,5時,15390,12750,2600,4990,7030,4720,4100,4680,24890,2260,2810,14710,12860,2810,4890,6720,4600,3970,4560,23620,1990,3500
2019_03,6時,15780,12930,3020,4870,7010,4690,4300,4810,23330,2950,4220,14630,13090,2950,5080,6700,4540,3920,4520,22700,2290,4300
2019_03,7時,18460,14700,3780,5870,7810,5440,4950,5300,21460,7320,6320,15480,13420,2990,5460,6890,4750,4050,4740,21900,3190,5360
2019_03,8時,24810,18790,4830,7750,10300,7940,6880,5880,17110,19040,9260,16930,15340,3570,6230,7680,5220,4490,5070,20560,5120,8080
2019_03,9時,27280,21580,5660,8710,11220,8950,8020,6280,14470,23430,12630,17840,17020,4270,6970,8120,5760,4760,4960,18720,6320,11240
2019_03,10時,27860,23420,5920,9370,11470,9340,8240,6900,13140,23860,15880,19140,19730,4880,7760,9020,6350,5470,5360,17720,6760,15740
2019_03,11時,28170,24940,6130,9600,11810,9570,8620,7370,12390,24100,18220,19910,21820,5460,8390,9480,6850,5850,5680,16610,7000,19410
2019_03,12時,28420,25900,6240,9570,11920,9880,8730,7970,12130,24310,19450,20830,23380,5920,8770,9840,7270,6180,6220,16160,7070,22280
2019_03,13時,29070,26280,6490,9570,12070,10020,8780,8400,11910,24380,20590,21080,24780,6260,9130,10110,7470,6520,6350,15490,7050,24530
2019_03,14時,28630,26150,6590,9490,11950,9900,8710,8110,12010,23890,20330,21410,25010,6460,9420,10320,7330,6540,6330,15510,6880,25250
2019_03,15時,28450,25860,6910,9300,11700,9800,8470,8110,12250,23590,19950,21090,25940,6310,9560,10630,7380,6420,6710,15610,6750,25800
2019_03,16時,27680,24570,7030,8890,11220,9450,8050,7590,12430,23080,18220,21120,25230,6510,9100,10480,7340,6400,6520,16260,6510,24780
2019_03,17時,26760,23100,7030,8530,10950,9220,7250,6870,13540,21860,15960,20840,23940,6400,8670,10220,7270,6130,6070,17320,6190,22470
2019_03,18時,24430,20410,6720,7910,9930,7910,6280,6080,15240,16320,14750,20070,22500,5920,8170,9790,6990,5890,5790,18290,5330,20180
2019_03,19時,22530,18160,6080,7260,9240,6990,5470,5650,17370,11420,13430,19110,20350,5660,7690,9090,6290,5370,5330,19150,4380,17220
2019_03,20時,20840,16970,5360,6790,8700,6420,5060,5460,19190,8330,11890,17910,18760,5110,7100,8520,5930,4970,5030,20050,3610,14320
2019_03,21時,18390,15590,4410,5840,8000,5710,4690,5310,20370,5790,9460,16440,16820,4520,6120,7840,5530,4490,4730,20930,3040,10660
2019_03,22時,16770,13800,3950,5010,7280,5060,4200,5070,21490,4050,6710,14990,14210,3480,5170,7040,4880,4080,4540,21530,2440,6690
2019_03,23時,14840,12800,2960,4610,6640,4600,3920,4900,21880,2940,4510,14020,12790,2740,4760,6650,4510,3840,4310,21710,2120,4480
2019_03,24時,14160,11810,2440,4520,6450,4350,3680,4510,22690,2120,2770,13430,12060,2690,4400,6310,4200,3580,4300,22120,1790,3030
2019_03,25時,14390,11830,2410,4670,6520,4360,3740,4510,23030,2130,2700,13600,12100,2710,4470,6330,4220,3600,4350,22420,1830,2940
2019_03,26時,14340,11860,2410,4640,6510,4350,3700,4560,23050,2090,2690,13630,12060,2650,4470,6350,4230,3620,4350,22490,1830,2860
2019_03,27時,14350,11850,2440,4650,6490,4360,3690,4560,23150,2080,2610,13630,12100,2650,4500,6360,4240,3620,4340,22570,1830,2810
2019_03,28時,14260,11860,2460,4590,6480,4330,3700,4550,23150,2070,2540,13590,12120,2630,4480,6380,4240,3570,4380,22590,1840,2780
2019_04,5時,14580,12700,2030,4740,6840,4940,4110,4600,23920,2140,2860,13950,12230,2420,4140,6650,4670,3900,4390,22400,1780,3440
2019_04,6時,15050,13030,2460,4700,6870,5030,4170,4830,22390,3090,4210,13950,12280,2740,4330,6400,4510,3850,4360,21270,2270,4110
2019_04,7時,17660,15030,3590,5360,7640,5600,4930,5560,20670,7280,6530,14730,13100,3060,4650,6550,4800,4170,4590,20460,3170,5560
2019_04,8時,24310,19820,4660,7830,10240,7550,7570,6260,16410,20380,9130,15940,14580,3490,5290,7250,5030,4440,5000,19150,4760,7970
2019_04,9時,26870,23030,5220,9190,11350,8710,8620,6790,13980,24720,12870,17250,16200,4310,5930,7810,5420,4830,5120,17620,6180,10920
2019_04,10時,27580,24440,5500,9670,11700,8970,8880,7290,12480,25130,15930,18660,18060,4770,6690,8470,5850,5420,5500,16240,6550,15040
2019_04,11時,27580,25480,5660,9650,11760,9130,9040,7800,11540,25130,17800,19610,20310,5310,7540,9050,6230,5780,5990,15170,6630,19120
2019_04,12時,27760,25970,5820,9780,11780,9280,9150,7910,11340,25450,18380,19870,22050,5710,8360,9250,6610,5860,6120,14360,6960,21610
2019_04,13時,27990,26280,6160,10010,11870,9300,9270,7650,11280,25670,18790,20310,23010,6140,8920,9570,6850,5720,6100,13850,6920,23490
2019_04,14時,27680,25860,6280,9770,11690,9190,9260,7330,11400,25270,18290,20360,23480,6260,9090,9810,6970,5700,5990,13910,6790,24140
2019_04,15時,27440,25230,6410,9410,11420,9070,9120,7220,11560,24880,17640,20580,23460,6690,9650,9790,6730,5530,5620,13930,6700,24370
2019_04,16時,26850,23860,6190,9230,11010,8650,8720,6890,11830,24310,15990,20720,23470,7240,9770,9650,6590,5330,5590,14470,6570,24190
2019_04,17時,25790,22800,6390,8800,10760,8320,7930,6370,13050,22730,14250,20950,22220,7280,9300,9440,6270,5220,5630,15430,6240,22530
2019_04,18時,22910,20310,5740,8340,9960,7250,6250,5660,14900,16400,13420,20270,20470,7200,8720,8940,5990,4730,5150,16650,5520,19660
2019_04,19時,20580,18100,4890,7750,9010,6500,5140,5360,16970,10910,12300,19150,18990,6360,8180,8710,5610,4380,4860,17600,4320,17320
2019_04,20時,18910,16880,4480,6890,8440,5970,4710,5290,18670,7780,10900,17730,17380,5370,7270,8070,5340,4230,4820,18440,3370,14440
2019_04,21時,17050,15670,3990,5900,7820,5640,4310,5050,20010,5520,8780,16020,15420,4960,5780,7200,4900,4020,4550,19510,2790,10340
2019_04,22時,15460,13850,3210,5020,7210,5050,4040,4750,21050,3760,6090,14770,13410,3630,4960,6700,4630,3780,4460,20270,2150,7010
2019_04,23時,13920,12660,2280,4510,6590,4750,3770,4660,21340,2760,4100,13260,12210,2660,4170,6270,4370,3680,4300,20230,1770,4750
2019_04,24時,13390,11730,1860,4270,6320,4560,3620,4470,22030,2000,2600,12500,11680,2270,3820,5970,4220,3510,4380,20840,1520,3120
2019_04,25時,13650,11750,1880,4390,6410,4590,3660,4450,22320,2010,2610,12710,11800,2320,3870,6060,4260,3530,4450,21070,1530,3210
2019_04,26時,13590,11740,1860,4370,6430,4570,3670,4410,22380,2000,2500,12760,11740,2340,3870,6050,4260,3530,4430,21120,1500,3170
2019_04,27時,13510,11740,1880,4320,6390,4570,3660,4400,22410,2000,2380,12680,11630,2310,3830,6000,4270,3520,4360,21140,1470,2980
2019_04,28時,13530,11740,1890,4350,6390,4570,3640,4410,22410,1990,2410,12810,11710,2350,3850,6080,4260,3580,4390,21270,1510,3040
2019_05,5時,14500,13770,2140,4630,7060,4870,4460,5090,24860,2920,2820,12930,12360,2130,4030,6570,4320,4020,4210,21970,2260,2970
2019_05,6時,15070,13690,2350,4610,6950,5050,4580,5210,23220,3730,4080,13090,12370,2480,4200,6440,4310,3780,4230,21020,2310,3910
2019_05,7時,17750,15450,3080,5510,7490,5650,5560,5890,21200,7870,6500,13940,12940,2940,4550,6510,4420,4080,4370,20280,3250,5200
2019_05,8時,24300,20430,4160,8300,10130,7950,7680,6500,16830,21050,9220,15360,14720,3350,5380,7260,4990,4350,4740,18970,4920,7960
2019_05,9時,26400,23010,4560,9160,11040,9050,8680,6910,14260,25130,12200,17080,16450,4470,6380,7890,5350,4540,4880,17670,5820,11750
2019_05,10時,26970,24200,4610,9430,11120,9380,8800,7820,12820,25280,15040,18570,19070,5760,7360,8320,5940,4980,5250,16290,6310,16730
2019_05,11時,27240,24820,4620,9530,11290,9580,8990,8050,11920,25600,16470,19260,21210,6160,8160,8820,6270,5310,5720,15120,6500,20480
2019_05,12時,28030,25370,5090,9850,11390,9660,9130,8260,11540,25890,17880,20360,23270,7320,8910,9180,6700,5510,5990,14270,6810,24100
2019_05,13時,28180,25570,4840,10180,11650,9680,9240,8140,11420,26000,18220,20720,24780,8010,9360,9590,6910,5610,6000,13980,6780,26270
2019_05,14時,27920,25540,5100,10110,11490,9600,9020,8120,11680,25730,17970,21020,25560,8660,9650,9610,7010,5690,5930,13920,6620,27600
2019_05,15時,27700,24680,5300,9660,11270,9340,8790,8000,11820,25510,16950,21070,25730,8980,9910,9550,7020,5610,5720,14300,6520,27540
2019_05,16時,27420,23420,5300,9480,11030,8950,8460,7590,12320,25120,15360,20790,24840,9050,9420,9340,6730,5380,5700,14960,6400,25820
2019_05,17時,26160,21890,5070,8730,10770,8630,7800,7030,13470,23050,13470,20400,24540,9090,9280,9500,6600,5060,5400,15920,6090,24500
2019_05,18時,23280,19430,4560,8230,9900,7440,6390,6160,15360,17060,12320,20030,23390,9330,8910,9130,6370,4730,4930,16840,5340,22800
2019_05,19時,20940,17460,4270,7390,9000,6520,5470,5730,17730,11510,11260,18780,21370,8480,8040,8610,5960,4380,4650,17820,4300,19610
2019_05,20時,19000,16190,3920,6650,8260,5930,5020,5390,19640,8210,9510,17580,19620,7510,7360,8100,5640,4170,4420,18670,3650,16510
2019_05,21時,17150,15200,3530,5730,7640,5480,4690,5260,21060,5990,7510,15800,16270,5510,5980,7260,4950,3950,4390,19490,3170,11060
2019_05,22時,15740,14110,2980,5110,7170,5070,4430,5060,22020,4480,5540,14360,13990,3940,4830,6890,4640,3810,4220,20180,2770,7180
2019_05,23時,14050,13150,2200,4530,6620,4760,4120,4960,22110,3390,3850,12920,12490,2870,4110,6420,4240,3590,4170,20060,2460,4700
2019_05,24時,13440,12540,1880,4240,6400,4550,3990,4890,22820,2620,2650,12330,11570,2210,3880,6130,4010,3570,4060,20740,2220,2830
2019_05,25時,13690,12700,1950,4350,6510,4640,4010,4900,23170,2670,2710,12470,11740,2230,3930,6270,4100,3600,4060,21040,2290,2830
2019_05,26時,13640,12720,1930,4330,6520,4600,4050,4910,23230,2630,2650,12510,11700,2220,3950,6240,4090,3610,4090,21140,2300,2720
2019_05,27時,13540,12710,1910,4320,6480,4580,4040,4900,23260,2640,2520,12410,11720,2180,3990,6200,4090,3600,4060,21140,2260,2680
2019_05,28時,13570,12760,1940,4330,6490,4550,4050,4940,23340,2660,2500,12400,11710,2180,3950,6230,4080,3630,4040,21150,2260,2640
2019_06,5時,14680,14260,2750,5090,6840,5060,4270,4910,25460,2540,2950,13770,14110,2770,4500,7040,4850,4020,4700,24180,2090,3340
2019_06,6時,15230,14250,2920,5160,6900,5180,4340,4960,23940,3350,4180,13810,13910,3030,4780,6660,4710,3990,4540,22960,2370,4140
2019_06,7時,17930,15830,3690,5920,7460,5800,5240,5630,21810,7360,6630,14680,14480,3460,5110,6650,4910,4250,4770,22260,3240,5320
2019_06,8時,24440,20770,5120,8440,10240,8040,7250,6100,17350,20470,9580,16280,16090,4110,5670,7470,5440,4620,5020,20910,5300,7760
2019_06,9時,26500,23360,5100,9520,11630,9030,8290,6280,13990,24810,13050,17980,17350,4750,6240,8250,6060,4830,5180,19280,6620,11010
2019_06,10時,27200,24560,5040,9990,11770,9310,8690,6950,12410,25010,16170,19820,19590,5550,7300,8850,6560,5490,5640,17960,6910,16080
2019_06,11時,27300,25740,5110,10080,11980,9590,8810,7450,11660,25070,18090,21060,21490,6240,8470,9490,6950,5710,5680,16860,6990,20150
2019_06,12時,27750,26250,5540,10190,12140,9600,8970,7540,11310,25530,18890,21750,23690,6820,8960,10160,7360,5790,6330,16080,7440,23400
2019_06,13時,27870,26660,5790,10490,12100,9710,9010,7410,11370,25790,19130,22370,25840,7470,9300,10830,7990,6150,6460,15930,7510,26180
2019_06,14時,28130,26830,6300,10460,12020,9650,8980,7530,11620,25610,19480,22970,27660,8450,9650,10990,8550,6530,6470,15920,7600,28550
2019_06,15時,27840,25890,6560,10160,11580,9530,8790,7090,11680,25370,18410,23370,29500,8940,10170,11290,9280,6890,6290,15580,7230,31470
2019_06,16時,27420,24760,6200,10050,11330,9440,8450,6710,12020,24680,17230,23720,29720,9390,10060,11540,9630,6720,6080,15950,7070,31820
2019_06,17時,26410,23530,5920,9380,11150,9140,8000,6320,13380,22950,15380,24220,29570,9780,9920,11800,9800,6650,5830,16800,6710,31650
2019_06,18時,24000,21040,5390,8860,10180,8010,6640,5930,15450,16430,15010,23350,28570,9540,9480,11540,9570,6200,5570,18190,6040,29060
2019_06,19時,21640,19140,5030,8030,9240,7300,5610,5540,17670,11360,13620,21730,25500,8340,8820,10820,8480,5500,5250,19150,5060,24460
2019_06,20時,19610,18140,4770,7020,8560,6680,5350,5350,19730,8160,11750,19490,22150,6890,7520,9470,7560,4910,5270,20120,4210,18780
2019_06,21時,17960,16950,4520,6260,7890,6080,5010,5130,21090,5910,9820,17190,18330,5560,6280,8120,6210,4330,5000,21120,3590,12290
2019_06,22時,16110,14900,3630,5420,7350,5240,4430,4920,22320,4320,6310,15700,15460,4500,5280,7300,5340,3970,4740,22010,3000,7730
2019_06,23時,14480,13640,2930,4820,6710,4830,4070,4740,22500,3140,4350,14130,13790,3290,4760,6720,4830,3790,4510,22180,2460,4890
2019_06,24時,13630,12900,2660,4580,6330,4660,3810,4480,23250,2350,2760,13020,12840,2740,4400,6340,4500,3490,4370,22440,2000,2990
2019_06,25時,13820,13130,2710,4740,6420,4700,3840,4530,23610,2360,2840,13130,12920,2760,4410,6380,4510,3520,4440,22710,1980,2970
2019_06,26時,13680,13110,2670,4690,6370,4670,3820,4550,23630,2290,2700,13030,12950,2710,4410,6410,4480,3530,4420,22780,1950,2850
2019_06,27時,13640,13090,2640,4680,6380,4660,3830,4520,23710,2300,2570,13020,12870,2700,4400,6380,4480,3540,4380,22850,1950,2700
2019_06,28時,13570,13110,2620,4690,6360,4640,3850,4510,23650,2280,2600,12990,12970,2710,4420,6370,4450,3570,4420,22860,1940,2760
2019_07,5時,14970,14470,3650,4720,6920,5090,4330,4700,25860,2210,3180,14110,14040,3700,4150,6770,4720,4000,4780,24150,1880,3640
2019_07,6時,15640,14490,3820,4800,7010,5240,4460,4780,24290,3060,4490,14040,14110,3880,4200,6700,4680,4040,4640,23170,2030,4450
2019_07,7時,18540,16850,4950,5720,7880,6020,5470,5360,22200,7250,7710,14590,14670,3800,4640,6880,4800,4350,4760,22450,2540,5720
2019_07,8時,25570,22120,6750,8590,10870,8030,7420,6020,17920,20550,11120,16460,16320,4680,5680,7580,5240,4680,4910,20950,4590,8670
2019_07,9時,27420,25020,7180,9630,11950,9040,8210,6410,14920,25100,14140,17720,18200,5380,6540,8360,5690,4870,5070,19580,5750,11900
2019_07,10時,28190,26160,7480,9920,12060,9320,8490,7070,13460,25450,17040,19060,20720,5590,7490,9220,6300,5570,5600,17960,6070,16960
2019_07,11時,28240,26840,7340,10110,12140,9410,8710,7340,12830,25470,18280,20100,23210,5680,8420,10430,6670,6040,6040,17080,6250,21060
2019_07,12時,28100,27940,7470,10320,12310,9500,8880,7540,12600,25590,19310,20690,24400,5790,8910,11090,7050,6140,6100,16420,6420,23290
2019_07,13時,28480,28090,7430,10530,12480,9660,8910,7540,12360,25510,20150,21820,25900,6520,9510,11670,7510,6200,6290,16260,6450,25940
2019_07,14時,28600,27670,7500,10600,12440,9570,8980,7160,12430,25300,20000,22700,27550,6930,10320,12570,7620,6330,6460,16010,6420,28860
2019_07,15時,28800,27140,7870,10540,12520,9400,8850,6730,12560,25250,19580,23100,28770,7490,10760,13190,7940,6170,6310,16180,6320,30390
2019_07,16時,28280,26450,7830,10450,12280,9220,8420,6510,12930,25050,18250,23210,28570,7710,10560,13250,8020,6130,6090,16420,6400,30090
2019_07,17時,27390,25090,7710,9810,12140,8760,7780,6260,14080,23050,16860,22250,27200,7640,9740,12340,7900,5770,6030,17240,6160,27220
2019_07,18時,24320,21820,6800,9070,10760,7650,6130,5710,16070,16070,15530,21380,25390,7570,8980,11830,7550,5340,5480,18040,5460,24520
2019_07,19時,21660,20390,6500,8440,9690,6820,5170,5420,17960,11240,14400,20080,23760,7330,8220,11270,6940,4870,5190,18980,4360,21790
2019_07,20時,19470,19110,5780,7520,8840,6220,4940,5250,19770,7660,12720,18010,19570,6260,7030,9150,5720,4330,5070,19940,3700,15290
2019_07,21時,17860,17570,5270,6560,8270,5660,4630,5020,21380,5280,10320,16300,17090,5540,5720,7950,5210,4120,4830,21090,3140,10530
2019_07,22時,16120,15210,4520,5360,7370,5040,4280,4750,22710,3530,6680,14880,15570,4960,4830,7240,4860,3970,4560,22100,2450,7310
2019_07,23時,14580,14270,3930,4690,6670,4820,4080,4650,23140,2650,4640,13730,14180,4110,4350,6670,4490,3890,4390,22230,1890,5230
2019_07,24時,13890,13260,3630,4320,6380,4630,3890,4280,23860,1910,2920,13240,13360,3780,4100,6310,4360,3740,4290,22780,1670,3580
2019_07,25時,14070,13420,3660,4430,6440,4740,3920,4290,24220,1920,2910,13460,13450,3820,4140,6370,4450,3760,4350,23060,1650,3650
2019_07,26時,13970,13420,3600,4430,6420,4740,3920,4270,24240,1910,2820,13240,13400,3830,4060,6240,4420,3770,4320,23020,1620,3440
2019_07,27時,13960,13360,3520,4460,6360,4740,3920,4300,24210,1920,2780,13340,13340,3730,4110,6250,4440,3790,4350,23070,1620,3440
2019_07,28時,13980,13340,3540,4450,6390,4690,3930,4290,24160,1910,2830,13300,13370,3750,4140,6260,4380,3790,4340,23040,1630,3450
2019_08,5時,14510,14140,3640,5160,6580,4890,4100,4270,25220,1930,3090,13990,13540,3410,4880,6240,4750,3840,4400,23850,1720,3380
2019_08,6時,14970,14390,3810,4960,6770,4930,4310,4560,23840,3090,4070,14150,13410,3580,4940,6130,4660,3950,4290,22970,2030,3950
2019_08,7時,17160,16240,4810,5630,7340,5740,4980,4900,21730,6800,6540,14910,13840,3820,5190,6320,4850,4050,4490,22080,2790,5250
2019_08,8時,23450,21120,6710,8050,9660,7530,6920,5690,17840,18590,10010,16160,15440,4740,5850,6850,5150,4320,4670,20690,4530,7700
2019_08,9時,25500,23720,6920,9360,10620,8290,7820,6200,15020,22360,13440,17240,17200,5200,6940,7490,5520,4510,4770,19000,5440,11230
2019_08,10時,26390,24650,7010,9950,10850,8570,8050,6600,13710,22690,16180,19350,20090,6000,8480,8520,5950,5010,5460,18000,5810,16850
2019_08,11時,26700,25820,7350,10310,10850,8770,8230,6990,12990,22860,18130,20750,21670,6470,9310,9410,6290,5320,5600,16510,6220,20820
2019_08,12時,27050,26420,7750,10440,11140,8890,8310,6910,12580,23130,19180,21940,23360,7110,10030,10180,6660,5560,5750,15910,6790,23780
2019_08,13時,27900,27000,8210,10870,11340,9010,8230,7220,12640,23350,20330,23140,24920,8150,10540,10750,6970,5740,5890,15810,6930,26430
2019_08,14時,28350,26730,8650,10880,11460,8920,8250,6900,12650,23150,20700,23970,26030,8430,11210,11200,7340,5900,5910,15270,6750,29070
2019_08,15時,28450,25690,8880,10810,11460,8680,7890,6410,12770,22770,20020,25020,26700,8880,11540,11880,7730,5900,5780,15510,6600,30710
2019_08,16時,28030,24480,8790,10480,11120,8410,7390,6300,13230,22310,18400,25000,25770,9080,11170,11900,7600,5630,5360,15970,6520,29440
2019_08,17時,26830,22960,8780,9830,10580,8060,6740,5770,14360,20710,16210,24440,25370,8810,10950,11620,7410,5510,5500,16670,6390,27900
2019_08,18時,23840,20160,8040,9060,9370,6960,5400,5140,15930,15040,14570,23580,24020,8340,10460,11040,7230,5180,5340,17520,5670,25540
2019_08,19時,21350,18290,7090,8070,8440,6390,4760,4870,17810,10190,13120,22100,22100,7900,9400,10290,6970,4650,4960,18500,4770,22080
2019_08,20時,19740,17130,6510,7410,7740,5840,4580,4780,19710,6980,11690,20280,18860,7160,8690,8450,5880,4270,4660,19480,3820,17020
2019_08,21時,18270,16280,6220,6780,7230,5360,4290,4650,21190,4980,9890,18180,17420,6600,7460,7470,5320,4160,4580,20560,3110,13150
2019_08,22時,16330,14960,5010,5890,6720,5050,4030,4580,22460,3420,7000,15470,15230,4840,6030,6730,4850,3940,4290,21500,2330,8170
2019_08,23時,14610,13940,4010,5160,6290,4750,3820,4490,22860,2550,4720,13970,14110,4080,5240,6240,4510,3740,4260,21800,1920,5670
2019_08,24時,13460,12880,3400,4650,6020,4530,3630,4110,23250,1740,2750,13440,12840,3520,4850,6010,4310,3550,4010,22470,1690,3440
2019_08,25時,13710,13010,3520,4690,6120,4600,3670,4110,23630,1800,2770,13520,13000,3550,4890,6050,4400,3590,4020,22730,1690,3460
2019_08,26時,13620,12970,3470,4680,6070,4590,3660,4090,23650,1790,2640,13330,12940,3530,4810,5960,4360,3580,4000,22670,1650,3300
2019_08,27時,13550,12960,3430,4650,6040,4580,3680,4110,23660,1750,2560,13270,12890,3490,4760,5930,4360,3580,4020,22680,1570,3230
2019_08,28時,13520,12970,3420,4680,6010,4540,3690,4120,23610,1770,2590,13180,12950,3440,4780,5940,4340,3570,4040,22670,1570,3200
2019_09,5時,14530,15230,3260,5500,6820,5250,4080,4830,26420,2860,2830,14230,14610,3640,5040,6750,4930,3740,4730,24760,2530,3660
2019_09,6時,15070,15020,3390,5460,6760,5290,4220,4950,24670,3610,4070,14200,14750,3690,5090,6720,4950,3740,4730,24080,2600,4300
2019_09,7時,17080,16690,3800,5990,7420,6010,5010,5510,22620,7010,6500,14680,15000,3810,5430,6670,5040,3870,4840,22870,3360,5440
2019_09,8時,23890,22490,6760,8440,9940,7990,7080,6150,18990,20130,9880,16370,16800,4920,6000,7340,5420,4260,5220,21730,5280,8150
2019_09,9時,26210,25500,7330,9600,11050,8840,7950,6920,15680,24620,13590,18460,18880,5840,7120,8260,5980,4530,5600,20390,6690,12160
2019_09,10時,27100,27060,7680,10010,11460,9090,8340,7570,14030,25190,16920,20300,21040,6750,8000,8710,6560,5140,6160,18720,7210,17300
2019_09,11時,27500,28050,7820,10390,11480,9420,8570,7850,13010,25410,19090,21720,23570,7160,9110,9520,7090,5800,6580,17440,7310,22280
2019_09,12時,27690,28630,7850,10660,11630,9650,8610,7900,12630,25730,19910,23380,25080,8140,9900,10150,7350,5870,7030,16750,7830,25640
2019_09,13時,28110,28470,8100,10510,11760,9730,8570,7900,12650,25660,20190,24490,26190,8700,10700,10500,7370,6140,7250,16230,7680,28420
2019_09,14時,28310,28210,8330,10390,11650,9650,8560,7930,12780,25630,20060,25790,26660,10070,11170,10880,7350,5920,7030,16140,7600,30330
2019_09,15時,28340,27150,8330,10290,11490,9500,8240,7620,12990,25490,18970,26840,25860,11130,11260,11010,7340,5700,6250,16100,7540,30740
2019_09,16時,27890,25730,8310,10320,11030,9140,7870,6950,13570,24770,17310,27800,25470,11960,11530,10900,7220,5490,6150,16910,7340,30690
2019_09,17時,26990,24150,8360,9790,10680,8860,7150,6270,14490,23280,15440,27030,24140,12050,10800,10370,6880,5160,5880,17580,7030,28210
2019_09,18時,24070,21280,7600,8990,9560,7910,5540,5730,16250,17060,14110,26550,22850,11950,10310,9880,6810,4780,5650,18800,6220,26120
2019_09,19時,21510,19030,6250,8300,8830,7080,4690,5380,18360,11640,12630,25250,21380,11530,9640,9330,6440,4280,5400,19970,5160,23320
2019_09,20時,19910,17800,5700,7820,8300,6440,4360,5090,20220,8200,11400,23500,19850,10490,8910,8570,6150,4030,5200,20940,4150,20110
2019_09,21時,17990,16800,5190,6930,7720,5900,4110,4920,21830,5740,9370,21640,18170,9550,7960,7800,5710,3880,4900,21910,3550,16230
2019_09,22時,16110,15590,4430,5960,7110,5380,3930,4890,23160,4100,6590,16940,15720,5780,6260,7050,5160,3670,4720,22750,3060,8800
2019_09,23時,14420,14540,3630,5310,6510,4990,3750,4750,23380,3110,4610,14670,14540,4540,5310,6480,4850,3540,4470,22800,2540,5810
2019_09,24時,13320,13800,3050,4960,6100,4870,3570,4550,24040,2530,2650,12950,13590,3250,4720,6180,4610,3390,4370,23050,2360,3150
2019_09,25時,13580,13930,3100,5050,6260,4910,3620,4560,24430,2590,2640,13070,13690,3290,4770,6250,4640,3410,4390,23270,2370,3160
2019_09,26時,13420,13940,2980,5050,6250,4870,3620,4570,24470,2590,2450,12980,13720,3220,4770,6230,4620,3440,4410,23320,2360,3040
2019_09,27時,13390,13930,2970,5040,6220,4850,3640,4580,24470,2540,2420,13020,13810,3270,4840,6220,4640,3440,4400,23480,2380,3000
2019_09,28時,13350,13900,2990,5010,6190,4830,3640,4580,24470,2570,2330,13030,13840,3300,4850,6270,4630,3430,4360,23460,2370,3050
2019_10,5時,14380,14290,3350,5150,6230,5320,4050,4560,25640,2890,2430,13520,14050,3210,4780,6300,4970,3810,4480,23780,2740,2940
2019_10,6時,14590,14450,3490,4970,6230,5440,4180,4710,24080,3720,3410,13320,14090,3320,4890,6030,4980,3780,4400,23110,2700,3380
2019_10,7時,17420,15740,4320,5800,6820,6150,4810,5230,21800,7830,5860,14310,14530,3580,5240,6280,5190,3880,4660,22240,3720,4610
2019_10,8時,24940,20940,7040,8340,9560,8150,6830,5940,17580,21730,9090,15800,15890,4230,5820,6860,5580,4250,4930,20970,5660,6800
2019_10,9時,28090,23650,7930,9660,10810,9020,7870,6440,14280,26440,13010,17010,17380,4830,6290,7620,5980,4380,5280,19920,6460,9700
2019_10,10時,28870,25420,7880,10220,11250,9200,8310,7410,12990,26870,16370,18260,19700,5180,7020,8280,6360,5060,6030,18470,6550,14490
2019_10,11時,29060,26240,7970,10400,11320,9500,8450,7630,12050,26890,18280,19700,21450,5730,7950,8880,6820,5530,6220,17230,6770,18650
2019_10,12時,29160,26770,8200,10580,11430,9660,8460,7580,11730,27130,18970,20700,22520,6090,8650,9410,6970,5780,6290,16570,6940,21190
2019_10,13時,29270,26490,8270,10420,11410,9670,8590,7390,11680,26810,19150,21270,23650,6710,8870,9730,7410,5900,6270,16320,6850,23110
2019_10,14時,29520,26010,8530,10360,11480,9420,8590,7130,11650,26490,19260,21400,24150,6950,9040,10060,7660,5820,6010,15910,6710,24210
2019_10,15時,29200,25240,8760,10230,11310,9150,8120,6840,11810,26450,18080,22130,24590,7680,9340,10320,7760,5790,5800,16110,6580,25310
2019_10,16時,28880,23720,8670,10110,10910,8850,7700,6340,12420,25810,16340,22220,24010,7850,9310,10260,7570,5380,5850,16570,6650,24440
2019_10,17時,28070,22380,8590,9690,10580,8440,7100,6030,13540,24160,14740,21700,23070,7470,9050,9790,7390,5300,5760,17620,6600,22190
2019_10,18時,24600,19130,7270,8910,9040,7360,5590,5550,15550,17100,13060,20750,21830,7220,8590,9560,7140,4750,5300,18430,5740,19980
2019_10,19時,21470,17520,6000,7930,8160,6760,4730,5400,17850,11510,11680,19100,20240,6340,7670,9010,6780,4290,5220,19310,4500,17130
2019_10,20時,19230,16310,5450,7170,7380,6250,4350,4910,19760,8110,9730,16680,18070,5330,6490,7830,6080,3980,5020,19930,3880,12620
2019_10,21時,17360,15470,4980,6250,6800,5810,4160,4820,21280,5790,7850,15120,16040,4570,5710,6840,5440,3840,4740,20690,3290,8900
2019_10,22時,16070,14610,4530,5720,6310,5410,4020,4670,22850,4190,5730,14050,14540,3960,5050,6360,5030,3740,4430,21330,2840,6130
2019_10,23時,14450,13890,3860,5190,5810,5070,3850,4530,23120,3270,4020,13060,13340,3280,4590,5910,4740,3620,4240,21390,2470,4250
2019_10,24時,13250,13110,3200,4750,5690,4900,3640,4170,23350,2680,2380,12630,13100,3200,4410,5770,4610,3610,4120,22590,2330,2610
2019_10,25時,13430,13260,3250,4820,5740,4940,3680,4240,23690,2690,2360,12770,13300,3240,4500,5850,4640,3650,4180,22940,2330,2630
2019_10,26時,13310,13260,3220,4790,5710,4920,3690,4220,23730,2660,2220,12760,13220,3160,4500,5840,4630,3630,4200,23010,2330,2470
2019_10,27時,13310,13300,3230,4820,5700,4930,3690,4220,23790,2660,2210,12800,13150,3120,4530,5820,4640,3640,4170,22970,2360,2450
2019_10,28時,13260,13290,3260,4790,5680,4930,3670,4200,23820,2660,2120,12800,13180,3110,4510,5860,4630,3650,4200,22980,2360,2480
2019_11,5時,14010,15160,3690,5100,6010,5100,4500,4760,25270,3620,3010,13230,15030,3400,4660,6110,4870,4420,4780,24100,2960,3530
2019_11,6時,14650,15440,3940,5120,6020,5230,4630,5120,24080,4720,4030,13220,14960,3470,4820,6020,4740,4410,4700,23230,3170,4090
2019_11,7時,17340,16450,4230,5880,6940,5990,5300,5430,21690,8550,6190,14040,15420,3430,5240,6240,5020,4620,4890,22500,4050,5210
2019_11,8時,24970,21100,6480,8480,9830,8060,7120,6070,17860,21920,9230,15890,17210,4410,5980,7000,5510,5100,5080,21100,6380,7990
2019_11,9時,27460,24120,7020,9630,11050,8930,8220,6720,14520,26180,13230,17520,18990,5500,6530,7830,5980,5230,5420,19630,7270,11820
2019_11,10時,28360,25570,7170,10380,11280,9050,8640,7400,13070,26970,16180,18830,20560,5750,7500,8440,6340,5610,5740,17930,7520,15900
2019_11,11時,28130,26400,6830,10660,11300,9110,8680,7940,11940,26830,17960,20100,22310,5770,8520,9080,6740,6060,6220,16470,7700,19960
2019_11,12時,28330,26490,7020,10520,11310,9190,8550,8220,11670,27110,18240,20690,24570,6030,9240,9890,7130,6420,6550,15800,8000,23250
2019_11,13時,28440,26540,7250,10400,11410,9240,8690,7980,11490,27280,18370,21700,26490,7000,9740,10460,7510,6590,6860,15400,8060,26480
2019_11,14時,28340,25650,7330,10140,11480,9080,8510,7430,11230,26920,17920,22310,27400,7840,9860,10770,7930,6480,6830,15270,8010,28160
2019_11,15時,28270,24990,7600,10130,11410,8870,8240,6990,11390,26700,17310,22860,28600,8230,10370,11400,8500,6360,6570,15350,7800,30040
2019_11,16時,27850,23800,7520,10020,11070,8640,7780,6610,12040,26090,15750,23330,29130,8970,10620,11570,8490,6460,6330,16120,7780,30350
2019_11,17時,27260,22660,7760,9620,10740,8190,7300,6280,13550,24530,14150,23580,29080,9020,10550,11630,8590,6560,6300,17200,7650,29740
2019_11,18時,24170,19460,6660,9070,9240,7050,5890,5690,15340,17890,12720,22850,28710,8850,10580,11220,8500,6380,6020,18480,7130,28060
2019_11,19時,21100,18280,5980,8050,8240,6460,5210,5420,17720,12690,11330,21190,25630,7890,9400,10320,7930,5790,5480,19380,5960,23620
2019_11,20時,19390,17060,5400,7160,7650,6070,5000,5160,19720,9170,9950,18850,22140,6720,7930,9150,6890,5080,5210,20350,5080,17730
2019_11,21時,17260,16030,4740,6330,7010,5570,4670,4940,21260,6510,7900,16380,19300,5610,6450,7910,6010,4770,4910,21280,4110,12410
2019_11,22時,15780,15410,4520,5740,6550,5190,4410,4760,22650,4880,6090,14740,17460,4940,5680,7020,5400,4380,4760,22180,3490,8720
2019_11,23時,14040,14580,3990,5080,5820,4870,4240,4600,22930,3760,4350,13240,15280,3820,4930,6100,4920,4140,4600,22290,2970,5480
2019_11,24時,12940,13850,3470,4670,5580,4650,4130,4290,23350,3090,2820,12340,14360,3340,4550,5720,4590,3980,4510,22690,2780,3480
2019_11,25時,13090,13990,3520,4760,5620,4690,4170,4310,23610,3170,2790,12390,14450,3340,4620,5770,4610,3990,4490,22850,2780,3480
2019_11,26時,12960,13960,3450,4720,5600,4660,4160,4310,23580,3160,2670,12300,14450,3340,4550,5710,4600,4000,4520,22930,2790,3320
2019_11,27時,12920,13930,3460,4700,5560,4650,4160,4310,23620,3140,2580,12350,14410,3350,4570,5710,4600,3990,4520,22970,2830,3270
2019_11,28時,12920,14000,3470,4680,5540,4660,4170,4370,23680,3170,2570,12350,14410,3400,4510,5720,4590,3970,4550,23050,2830,3200
2019_12,5時,14410,15850,3540,5340,6390,5070,4370,5530,26210,3260,3280,14250,16040,3600,5170,6550,4850,4410,5680,25750,3120,3810
2019_12,6時,14880,15960,3790,5350,6370,5160,4600,5560,25090,4160,4070,14030,15910,3410,5270,6450,4770,4380,5630,24940,3310,4060
2019_12,7時,17100,17080,3980,6020,7080,5960,5240,5890,23170,7670,5870,15010,16430,3670,5590,6690,5020,4790,5650,24080,4290,5450
2019_12,8時,23620,21570,5560,8540,9820,7760,6910,6580,19500,18610,9770,17220,18490,4500,6520,7610,5740,5360,5970,22960,5820,9230
2019_12,9時,26090,23890,6280,9410,10910,8670,7630,7070,16040,22720,13420,18970,20550,5580,7430,8330,6110,5610,6440,21590,6880,13190
2019_12,10時,26890,25500,6570,9720,11310,8860,8050,7870,14410,23310,16750,20040,22790,5940,8280,8940,6600,6130,6930,20050,6980,17780
2019_12,11時,27060,26700,6590,9890,11470,9020,8300,8460,13500,23390,18850,21330,24480,6230,9050,9720,6900,6660,7220,18430,7150,22070
2019_12,12時,27590,27260,6920,10200,11560,9220,8370,8570,13120,23660,20050,22710,25680,6630,9640,10380,7140,6920,7650,17820,7440,24930
2019_12,13時,27800,27550,7100,10170,11770,9260,8600,8430,12900,23810,20600,23360,27060,7280,10190,10700,7280,7250,7690,17520,7650,27000
2019_12,14時,27950,27020,7280,10260,11770,9260,8500,7870,12870,23570,20500,23720,27240,7600,10490,10790,7460,7190,7420,16950,7480,28210
2019_12,15時,27990,26420,7460,10220,11690,9160,8220,7630,13160,23530,19650,23590,26760,7620,10150,10990,7430,6850,7280,16830,7370,27850
2019_12,16時,27710,25200,7200,10080,11430,8810,7940,7430,13910,22950,18060,23470,26230,8020,9840,11010,7210,6420,7180,17460,7460,26650
2019_12,17時,27110,24310,7270,9830,11160,8600,7430,7110,15070,21370,17080,22810,25900,8280,9600,10640,7020,6100,7050,18450,7160,24990
2019_12,18時,24610,22030,6600,9430,10070,7790,6300,6430,16920,15600,16260,22180,25060,8040,9590,10270,6740,5710,6870,19630,6430,23110
2019_12,19時,22390,20650,5960,8780,9210,7260,5660,6150,18870,11250,15080,20490,23480,7530,8700,9740,6310,5340,6330,20520,5580,19910
2019_12,20時,20440,19280,5390,7910,8540,6710,5310,5840,20660,8220,13020,18680,20930,6300,7610,8880,5780,4920,6100,21650,4680,15410
2019_12,21時,18540,17950,4940,6980,7920,6170,4930,5530,22100,5950,10670,16310,18660,5080,6540,7620,5290,4690,5730,22570,3990,10540
2019_12,22時,16910,16700,4520,6260,7250,5670,4600,5280,23330,4580,7960,14960,16950,4170,5780,6970,4950,4540,5480,23290,3590,7220
2019_12,23時,14580,15330,3820,5330,6300,5010,4330,5100,23570,3440,5130,13790,15840,3730,5260,6260,4670,4350,5330,23340,3090,5400
2019_12,24時,13430,14590,3380,4960,5930,4690,4070,4970,24240,2890,3150,13070,14940,3240,4910,5900,4530,4130,5280,24030,2670,3470
2019_12,25時,13590,14810,3480,5070,5960,4720,4120,5030,24600,2900,3200,13240,15010,3270,4970,5960,4560,4130,5350,24210,2700,3550
2019_12,26時,13490,14730,3470,5040,5920,4720,4100,4950,24570,2870,3060,13170,15010,3260,4950,5950,4560,4120,5320,24210,2680,3490
2019_12,27時,13530,14680,3450,5050,5910,4740,4070,4980,24660,2880,2970,13040,14970,3190,4950,5890,4570,4100,5300,24280,2660,3270
2019_12,28時,13450,14760,3460,5010,5940,4710,4070,5000,24690,2900,2900,13080,14970,3210,4910,5910,4560,4090,5350,24310,2740,3210
2020_01,5時,15150,15760,4330,4960,6260,5130,4750,5470,27230,2970,3090,14630,15500,4580,4660,6320,4760,4740,5040,25620,2460,4170
2020_01,6時,15600,15810,4350,5040,6330,5220,4940,5510,26160,3860,3770,14890,15560,4670,4920,6240,4750,4670,5180,25040,2730,4750
2020_01,7時,17810,17080,4860,5700,6960,5870,5660,5810,24150,7610,5490,15940,16150,5280,5420,6450,4880,4960,5070,24400,3570,6200
2020_01,8時,24390,21140,6360,7970,9680,7900,7200,6410,19780,19580,8660,17720,17750,6160,6320,7290,5410,5170,5090,23250,5240,8950
2020_01,9時,27100,23870,7090,9210,11010,8940,7980,6710,16580,24220,12290,19380,19440,7420,7120,7730,5910,5250,5380,21840,6280,12600
2020_01,10時,27840,25410,7330,9720,11320,9150,8300,7410,14940,24700,15590,20970,21200,8140,7820,8380,6470,5590,5750,20070,6410,17410
2020_01,11時,27880,26380,7380,9920,11500,9290,8360,7790,13920,24580,17660,22530,23400,8700,8790,9100,6980,6160,6180,18920,6580,22030
2020_01,12時,28380,26800,7570,9930,11690,9400,8380,8200,13580,24870,18630,24120,25300,9770,9430,9790,7470,6440,6490,18210,6740,26030
2020_01,13時,28790,26720,7970,9960,11740,9480,8480,7870,13180,24980,19240,25300,26460,10450,10350,10160,7750,6530,6490,17830,6820,28690
2020_01,14時,28620,26290,8070,9950,11550,9520,8480,7320,13140,24580,19050,26120,27330,11350,10790,10390,7760,6690,6450,17680,6730,30700
2020_01,15時,28150,25570,7920,9850,11400,9270,8320,6950,13330,24300,18030,27290,27960,12400,11240,10730,7920,6660,6290,17760,6650,32440
2020_01,16時,27400,24490,7710,9700,10830,8940,7990,6710,14010,23690,16180,27400,27840,12580,11250,10430,8110,6690,6170,18250,6610,31990
2020_01,17時,26570,23340,7410,9340,10520,8570,7390,6670,15480,22440,14050,27330,27900,12720,11460,10410,8160,6500,5970,19470,6370,31050
2020_01,18時,23340,20340,6660,8300,9190,7170,6190,6150,17520,16080,12180,26420,26870,12400,11200,10060,7920,6160,5530,20500,5540,28950
2020_01,19時,20540,18540,5910,7210,8010,6430,5630,5870,19600,11030,10520,25070,25080,11720,10190,9550,7490,5900,5280,21330,4660,25920
2020_01,20時,18560,17320,5450,6390,7270,5860,5280,5620,21490,7620,8830,21670,22860,9810,9010,8550,6580,5450,5110,22230,3810,20330
2020_01,21時,16970,16310,5030,5700,6780,5420,4970,5360,23100,5540,6740,19500,19880,8410,7720,7660,5660,5010,4910,23090,3270,14910
2020_01,22時,15840,15640,4680,5230,6410,5110,4760,5280,24360,4150,5150,16080,17190,5910,5880,6710,5090,4770,4890,23790,2800,8550
2020_01,23時,14690,14880,4250,4740,5950,4920,4540,5140,24650,3190,3890,14370,15670,4840,4950,6100,4780,4520,4840,23870,2470,5610
2020_01,24時,14040,14510,4040,4600,5800,4800,4400,4890,25270,2660,2790,13430,14650,4230,4540,5780,4550,4350,4610,24310,2350,3470
2020_01,25時,14290,14670,4120,4720,5860,4840,4430,4970,25660,2700,2820,13630,14740,4250,4610,5860,4600,4410,4620,24660,2370,3400
2020_01,26時,14240,14630,4080,4720,5810,4840,4460,4950,25710,2660,2720,13510,14750,4200,4570,5810,4590,4390,4680,24710,2350,3270
2020_01,27時,14270,14700,4100,4720,5830,4830,4470,5010,25870,2660,2650,13480,14800,4230,4570,5790,4600,4380,4690,24810,2330,3210
2020_01,28時,14290,14740,4130,4720,5870,4820,4460,5020,25920,2650,2680,13540,14860,4320,4530,5790,4600,4400,4730,24890,2310,3260
2020_02,5時,15580,15850,4350,5590,6440,5160,4520,5350,28130,2530,2700,14880,15250,4210,5230,6490,4880,4220,5080,26310,2190,3310
2020_02,6時,16100,16150,4440,5640,6550,5310,4760,5520,27260,3400,3520,14910,15430,4400,5350,6410,4910,4180,5080,25900,2520,3630
2020_02,7時,18450,17420,4960,6400,7080,6160,5420,5850,24720,7710,5440,15620,16270,4770,5760,6510,5110,4530,5190,25300,3420,4900
2020_02,8時,25270,22480,6620,8740,10310,8350,7150,6570,20340,20780,8820,17290,17820,5410,6510,7390,5630,4900,5250,23920,5430,7430
2020_02,9時,27820,25820,7010,9970,11750,9540,8020,7320,16710,25620,13050,18570,19350,5990,7310,7900,6050,5130,5530,22230,6870,10380
2020_02,10時,28630,27380,7240,10260,12100,9770,8650,7980,15020,26380,16310,19830,21410,6620,8090,8540,6410,5390,6170,20490,7230,14920
2020_02,11時,28540,28060,7120,10230,12260,9920,8850,8200,14110,26330,17800,20930,23590,7020,9080,9190,6960,5980,6260,19330,7470,19020
2020_02,12時,29010,28370,7430,10410,12280,10050,8820,8390,13950,26630,18460,21810,24970,7720,9660,9490,7170,6400,6320,18410,7690,21940
2020_02,13時,29420,28540,7690,10520,12370,10070,8960,8340,13730,26670,19160,22330,26010,8390,10200,9680,7280,6360,6410,18090,7750,23730
2020_02,14時,29090,27880,7730,10320,12210,10000,8790,7890,13500,26370,18680,22280,26220,8820,10430,9570,7210,6220,6240,17610,7550,24580
2020_02,15時,28630,26910,7740,10130,11900,9790,8420,7540,13710,26180,17270,22100,26650,9170,10590,9840,7100,5880,6140,17740,7380,24870
2020_02,16時,28260,25410,7700,10060,11460,9370,8010,7050,14320,25530,15480,22540,26890,9780,10610,9910,7190,5850,6080,18560,7350,24810
2020_02,17時,27310,23610,7320,9510,11000,8940,7330,6810,15620,23830,13170,22350,26390,9910,10430,9790,6990,5670,5950,19870,7140,23140
2020_02,18時,24030,20770,6530,8930,9490,7470,6110,6250,17760,17270,11480,21270,25220,9530,9910,9630,6610,5210,5590,21120,6200,20600
2020_02,19時,21430,18990,5940,7960,8470,6650,5480,5900,20020,12040,10040,19990,23410,8810,9070,9120,6110,4840,5430,22140,5140,17560
2020_02,20時,19260,18050,5560,7270,7610,6070,5100,5670,22090,7990,8880,18290,21100,7770,7920,8260,5660,4500,5250,22990,3940,13910
2020_02,21時,17680,17170,5200,6510,7160,5580,4840,5550,23770,5540,7230,16960,19210,6920,7000,7520,5340,4340,5040,23960,3220,10500
2020_02,22時,16330,16240,4820,5830,6710,5200,4610,5390,25160,4060,5110,15430,16940,5500,5980,6750,4980,4170,4980,24840,2610,6470
2020_02,23時,14980,15460,4290,5360,6200,4970,4400,5210,25470,2910,3810,14310,15400,4410,5280,6230,4830,4030,4920,24820,2170,4270
2020_02,24時,13720,13940,3960,4930,5640,4570,3960,4580,24770,2070,2490,14620,15460,4150,5390,6310,4920,4240,5060,26790,1970,2980
2020_02,25時,13910,14050,4010,5030,5700,4610,3980,4610,25130,2080,2450,14790,15610,4230,5490,6330,4980,4250,5100,27050,1990,3020
2020_02,26時,13810,13990,3960,5010,5660,4580,3960,4610,25110,2060,2320,14810,15660,4260,5480,6350,4970,4270,5130,27180,2000,2960
2020_02,27時,13880,13990,3960,5050,5670,4600,3980,4580,25130,2080,2340,14890,15700,4260,5510,6410,5020,4260,5120,27320,2000,2930
2020_02,28時,13900,14000,4010,5030,5700,4570,3970,4600,25170,2110,2300,14920,15750,4310,5540,6420,4980,4260,5140,27460,2050,2890
2020_03,5時,15020,16030,4410,5480,6460,5040,4390,5260,27640,2420,2700,13660,14730,3950,4810,6140,4570,4050,4850,25160,1930,2740
2020_03,6時,15610,16250,4570,5500,6600,5120,4590,5460,26620,3390,3530,13710,14700,4070,4860,6040,4520,4150,4760,24650,2190,3060
2020_03,7時,18460,17270,4800,6380,7420,5990,5360,5760,24460,8090,4940,14380,15280,4220,5150,6200,4710,4350,5010,24400,3030,3750
2020_03,8時,24320,21100,6180,8200,9940,7990,7010,6090,20240,18980,7990,15610,16490,4610,5820,6840,5240,4530,5050,23550,4800,5320
2020_03,9時,26600,23780,6530,9160,11480,8900,7750,6550,16960,24040,10910,16910,17140,5090,6190,7380,5620,4610,5150,22340,5820,7340
2020_03,10時,27290,24770,6900,9420,11750,9100,8090,6770,15400,24970,13130,17670,18030,5370,6500,7730,5840,4790,5450,21030,6230,9790
2020_03,11時,27290,25110,6900,9500,11770,9190,8120,6890,14570,25040,14170,18230,18930,5590,6750,8090,6120,4890,5700,20120,6340,11930
2020_03,12時,27560,25440,7170,9660,11850,9240,8110,6960,14280,25270,14800,18560,19510,5770,7050,8230,6170,5000,5830,19520,6520,13200
2020_03,13時,27570,25520,7180,9680,12080,9270,8090,6770,14100,25490,14880,18840,19950,6150,7290,8130,6170,5190,5840,19440,6740,13800
2020_03,14時,27430,25360,7290,9670,11930,9270,7970,6640,14080,25490,14610,19000,19530,6240,7180,8160,6050,5170,5720,19070,6530,14100
2020_03,15時,27130,24680,7310,9400,11710,9110,7740,6520,14190,25210,13770,18750,19340,6360,7040,8160,6060,5020,5430,19040,6460,13760
2020_03,16時,26580,23710,7170,9370,11170,8720,7460,6380,14880,24560,12260,18460,18980,6330,6820,7970,5940,4840,5530,19460,6470,12720
2020_03,17時,25470,22340,6820,8980,10620,8220,6910,6240,15990,22550,10690,18100,18590,5970,6760,7930,5800,4710,5500,20420,6210,11310
2020_03,18時,22390,19740,6120,8270,9300,6980,5680,5770,18330,16330,8890,17490,17880,5680,6500,7820,5530,4490,5330,21370,5580,9710
2020_03,19時,19700,18130,5700,7220,8100,6220,4970,5590,20510,11180,7590,16240,17000,5260,6060,7300,5180,4230,5190,22100,4540,7930
2020_03,20時,17880,17090,5380,6530,7300,5580,4640,5520,22580,7650,6190,15510,16060,4830,5810,6840,4970,4120,4990,22810,3610,6530
2020_03,21時,16300,16300,4670,5890,6860,5280,4460,5420,24070,5100,4910,14580,15410,4390,5340,6430,4780,4050,4980,23590,2830,4990
2020_03,22時,15360,15870,4460,5580,6510,5020,4320,5310,25250,3470,4000,13930,14870,4130,5060,6200,4580,3940,4880,24070,2290,3850
2020_03,23時,14410,15370,4230,5210,6150,4800,4180,5190,25490,2630,3150,13330,14450,3880,4860,5910,4470,3880,4750,24010,2050,3150
2020_03,24時,13880,14860,4110,5090,5960,4690,4050,4820,25780,2080,2420,13320,14330,3940,4820,5800,4500,3830,4740,24780,1790,2510
2020_03,25時,14070,14970,4190,5180,6000,4720,4080,4850,26090,2080,2420,13440,14420,3980,4860,5860,4530,3870,4750,25020,1820,2490
2020_03,26時,14070,14980,4200,5210,5990,4720,4080,4820,26160,2070,2380,13450,14480,4000,4860,5850,4540,3880,4770,25060,1810,2510
2020_03,27時,14100,14960,4200,5200,5980,4740,4080,4840,26190,2090,2350,13470,14480,3990,4890,5870,4540,3880,4770,25090,1810,2500
2020_03,28時,14070,14960,4180,5210,5990,4730,4060,4840,26200,2110,2310,13430,14520,4040,4860,5870,4520,3860,4790,25070,1820,2520
2020_04,5時,13930,14540,3640,5130,5960,4670,4260,4790,25780,1770,2180,12930,13300,3370,4620,5360,4360,3990,4490,23940,1420,1940
2020_04,6時,14340,14470,3610,5070,5980,4780,4390,4960,24910,2340,2830,13000,13320,3480,4660,5400,4350,3960,4450,23660,1530,2190
2020_04,7時,16690,15550,4030,5630,6540,5680,5090,5250,23680,5590,4280,13530,13500,3580,4810,5380,4430,4250,4560,23120,2220,2780
2020_04,8時,20790,18850,4970,7010,8410,7400,6430,5410,20650,12130,8190,14660,14510,4180,5070,5930,4780,4540,4640,22410,3560,4220
2020_04,9時,22150,20230,4970,7650,9080,8030,6800,5830,18210,14340,10990,15370,14870,4340,5410,6220,5030,4520,4700,21670,4320,5300
2020_04,10時,22550,20810,5000,7870,9200,8180,7060,6040,17200,14620,12640,15960,15110,4540,5540,6490,5140,4540,4790,20990,4480,6600
2020_04,11時,22440,20710,4940,7880,9150,8200,7030,5930,16420,14690,13090,15880,15240,4500,5620,6580,5230,4430,4740,20390,4540,7160
2020_04,12時,23100,20600,5200,8020,9190,8310,7010,5950,16560,15030,13180,16290,15320,4610,5810,6630,5240,4560,4730,20360,4740,7490
2020_04,13時,23060,20520,5320,7960,9160,8260,6990,5880,16540,15170,12940,16250,15300,4440,5870,6630,5240,4620,4730,20250,4750,7570
2020_04,14時,22880,20370,5350,7910,9200,8130,6880,5760,16450,15120,12760,16140,15340,4510,5720,6570,5210,4610,4840,20110,4680,7690
2020_04,15時,22610,20320,5320,7840,9050,8080,6860,5760,16620,15040,12350,15910,15260,4470,5650,6590,5210,4530,4710,20030,4550,7560
2020_04,16時,22260,19770,5290,7820,8810,7870,6760,5460,17030,14750,11370,15850,15340,4570,5500,6540,5190,4600,4780,20410,4560,7200
2020_04,17時,21610,19140,5280,7660,8430,7490,6360,5510,18200,13770,9920,15600,15200,4520,5590,6420,5070,4430,4760,21040,4340,6430
2020_04,18時,19210,17400,4810,7220,7700,6360,5260,5250,20010,10020,7730,14710,14860,4240,5450,6180,4800,4180,4700,21840,3560,5180
2020_04,19時,17200,15780,4330,6350,7000,5610,4620,5050,21580,6770,5780,14210,14060,4010,5130,5790,4610,4060,4660,22430,2830,4030
2020_04,20時,15860,15010,4170,5840,6400,5160,4330,4950,22990,4570,4450,13610,13780,3780,4950,5640,4450,3970,4580,22950,2270,3240
2020_04,21時,14730,14570,3890,5390,6040,4880,4210,4870,23800,3190,3460,13180,13540,3650,4790,5480,4290,3930,4570,23300,1770,2720
2020_04,22時,14110,14290,3650,5200,5950,4680,4120,4770,24400,2310,2870,12880,13390,3500,4750,5400,4150,3900,4560,23480,1540,2340
2020_04,23時,13530,14030,3570,4990,5730,4550,4030,4660,24410,1890,2450,12660,13100,3410,4620,5300,4110,3840,4460,23280,1430,2120
2020_04,24時,12950,13560,3490,4800,5470,4390,3930,4410,24160,1450,2010,12270,12900,3260,4510,5280,4150,3730,4230,23320,1320,1640
2020_04,25時,13140,13640,3530,4880,5520,4430,3970,4430,24400,1450,2060,12370,13020,3270,4560,5330,4210,3750,4250,23480,1330,1690
2020_04,26時,13130,13620,3500,4870,5530,4430,3980,4430,24450,1430,1990,12320,12960,3230,4560,5300,4190,3740,4250,23430,1330,1650
2020_04,27時,13100,13590,3480,4860,5490,4430,3980,4440,24420,1450,1940,12290,12970,3250,4530,5270,4180,3740,4270,23440,1330,1610
2020_04,28時,13080,13580,3500,4810,5490,4410,3970,4460,24420,1460,1910,12270,12980,3260,4530,5250,4180,3750,4260,23440,1320,1600
2020_05,5時,14730,14550,3970,5050,6090,4770,4240,5140,26770,2010,1830,13620,13550,3440,4710,5710,4460,3920,4910,25030,1630,1730
2020_05,6時,15360,14480,3890,5100,6170,4980,4410,5270,26090,2620,2450,13650,13390,3450,4690,5700,4450,3860,4870,24610,1740,1900
2020_05,7時,17520,15410,4240,5720,6810,5650,5010,5480,24830,5760,3720,14160,13680,3500,4900,5820,4520,4120,4980,24290,2340,2410
2020_05,8時,21130,18210,4790,7240,8380,7000,6250,5670,21780,11860,7140,15160,14500,3840,5400,6210,4840,4300,5050,23700,3360,3770
2020_05,9時,22110,19180,4860,7760,8800,7460,6530,5860,19260,13650,9690,15570,14890,3970,5650,6480,4970,4370,5000,22760,3890,4960
2020_05,10時,22170,19750,4830,7900,8930,7650,6690,5900,18190,13810,11130,15830,15320,4190,5780,6660,5080,4370,5050,21840,3970,6400
2020_05,11時,22280,19900,4770,7940,8960,7670,6700,6120,17490,13900,11890,16200,15630,4150,5930,6840,5320,4450,5130,21390,4090,7370
2020_05,12時,22820,19610,4910,8050,8910,7700,6750,6090,17430,14350,11790,16400,15570,4160,6050,6840,5300,4400,5210,21030,4210,7760
2020_05,13時,22730,19500,5020,8010,8880,7520,6700,6080,17170,14500,11720,16410,15670,4290,6070,6840,5180,4460,5210,20790,4280,8060
2020_05,14時,22550,19620,4950,8080,8920,7510,6650,6040,17300,14390,11650,16300,15670,4300,5870,6840,5200,4460,5300,20730,4260,8020
2020_05,15時,22400,19530,5050,7960,8890,7500,6600,5900,17500,14280,11290,16280,15810,4520,5740,6920,5170,4500,5230,20950,4170,7970
2020_05,16時,22190,18880,4950,7830,8630,7280,6570,5780,17870,14100,10270,16220,15690,4450,5880,6780,5120,4470,5190,21130,4150,7650
2020_05,17時,21470,18160,4930,7610,8390,6920,6140,5610,18920,13050,8840,15830,15670,4390,5820,6760,5020,4380,5120,21680,3980,6880
2020_05,18時,19010,16700,4380,6960,7590,6090,5140,5530,20710,9350,6840,15140,14910,4140,5490,6330,4780,4210,5100,22330,3360,5420
2020_05,19時,17180,15450,4060,6180,6870,5540,4630,5330,22500,6440,4880,14380,14280,3730,5190,6050,4640,4020,5030,22980,2730,4040
2020_05,20時,15850,14890,3990,5800,6290,5090,4330,5230,24030,4340,3570,13960,13890,3640,4890,5900,4530,3960,4910,23460,2300,3220
2020_05,21時,15140,14510,3820,5470,6070,4850,4250,5170,24930,3130,2820,13690,13600,3510,4760,5740,4400,3950,4910,23840,1910,2630
2020_05,22時,14740,14430,3790,5260,6060,4730,4230,5090,25520,2460,2430,13400,13510,3450,4700,5640,4360,3910,4830,24020,1750,2250
2020_05,23時,14290,14120,3710,5030,5870,4650,4140,5000,25480,2070,2070,13190,13320,3530,4610,5540,4300,3800,4730,23950,1660,2010
2020_05,24時,13800,13620,3610,4910,5670,4490,3960,4770,25300,1720,1590,13080,13140,3540,4600,5510,4270,3710,4580,24260,1520,1590
2020_05,25時,13930,13670,3630,4950,5720,4520,3980,4770,25480,1730,1580,13170,13190,3560,4630,5540,4310,3730,4590,24450,1510,1560
2020_05,26時,13930,13650,3620,4930,5730,4520,3990,4780,25530,1720,1540,13150,13230,3530,4630,5530,4310,3740,4620,24510,1510,1540
2020_05,27時,13910,13670,3630,4910,5720,4520,3970,4800,25520,1720,1540,13180,13240,3550,4600,5530,4310,3750,4660,24580,1520,1510
2020_05,28時,13870,13640,3610,4860,5720,4510,3960,4820,25490,1720,1520,13150,13260,3540,4590,5540,4300,3750,4660,24580,1530,1500
2020_06,5時,15380,15180,4360,5290,6190,4830,4340,5530,28000,2360,2110,14410,13900,3760,4930,5750,4570,4080,5220,25830,1930,2190
2020_06,6時,15740,15110,4220,5240,6240,5000,4490,5660,26920,3030,2820,14340,13910,3880,4910,5760,4510,4040,5130,25410,2100,2400
2020_06,7時,18500,16320,4640,6050,7030,5980,5250,5860,25110,7520,4160,14840,14130,3730,5090,6020,4610,4260,5250,24650,2910,3080
2020_06,8時,24140,20380,6130,8180,9390,7900,6770,6140,21660,17790,7170,16240,15360,4370,5560,6600,5200,4480,5360,23760,4530,4890
2020_06,9時,25730,22140,6190,8820,10040,8730,7410,6650,18330,21010,10290,17040,16620,4560,6200,7030,5570,4670,5610,22480,5540,7160
2020_06,10時,26080,23150,6300,9120,10270,8970,7720,6840,16840,21410,12630,17830,17900,4970,6660,7560,5920,4930,5670,21060,5750,10330
2020_06,11時,26130,23500,6110,9250,10340,9000,7870,7050,15960,21390,13870,18770,18880,5220,6910,8000,6170,5390,5940,20250,5790,13010
2020_06,12時,26440,23570,6270,9310,10250,9090,7860,7210,16000,21450,14140,19360,19600,5650,7110,8330,6300,5490,6060,19920,6030,14400
2020_06,13時,26410,23530,6460,9390,10290,8920,7800,7070,15760,21580,14170,19800,20120,5840,7630,8380,6380,5510,6160,19780,6020,15480
2020_06,14時,26270,23170,6420,9340,10380,8880,7570,6850,15600,21550,13900,19750,20190,5900,7790,8510,6210,5440,6070,19650,6020,15650
2020_06,15時,26080,22640,6500,9130,10250,8850,7430,6540,15760,21400,13150,19770,19860,6240,7690,8330,6110,5320,5920,19560,5820,15540
2020_06,16時,25620,21730,6310,9130,9810,8540,7220,6320,16370,20720,11850,19510,19300,6150,7430,8160,6030,5190,5840,19970,5610,14550
2020_06,17時,24550,20830,6270,8690,9400,8010,6730,6260,17780,18790,10410,18850,18520,5760,7220,7890,5770,4910,5790,20830,5310,12550
2020_06,18時,21440,18220,5510,7760,8300,6730,5460,5880,19870,12790,8650,17820,17450,5570,6600,7370,5470,4580,5660,21630,4650,10380
2020_06,19時,18960,16650,4950,6940,7280,5960,4740,5720,22070,8450,6760,16880,16210,5200,6090,6790,5170,4300,5520,22490,3900,8160
2020_06,20時,17280,15760,4710,6260,6680,5320,4450,5600,23740,5810,5200,15710,15190,4600,5560,6290,4900,4170,5350,23430,3160,5830
2020_06,21時,16050,15150,4360,5720,6310,4980,4300,5510,24870,4100,3960,14970,14540,4190,5270,6020,4680,4090,5250,24110,2610,4330
2020_06,22時,15490,14910,4250,5460,6190,4800,4230,5460,25870,3180,3150,14300,14250,3890,5180,5850,4500,3990,5120,24550,2290,3290
2020_06,23時,14740,14550,4060,5150,5940,4650,4110,5370,25990,2610,2480,13870,13840,3840,4850,5700,4360,3920,5030,24550,2130,2620
2020_06,24時,14050,14060,3880,4910,5730,4550,4000,5010,25960,2020,1840,13620,13870,3860,4780,5650,4340,3860,4970,25290,1860,1950
2020_06,25時,14250,14120,3940,4970,5800,4560,4020,5050,26280,2040,1810,13720,13850,3820,4840,5660,4360,3890,4980,25420,1860,1910
2020_06,26時,14260,14080,3950,4990,5780,4550,4020,5040,26320,2030,1750,13730,13810,3840,4820,5630,4370,3890,4990,25440,1840,1890
2020_06,27時,14210,14060,3910,4950,5760,4560,4020,5060,26270,2020,1740,13720,13840,3830,4800,5650,4390,3890,4990,25470,1850,1870
2020_06,28時,14280,14080,3950,4930,5770,4570,4020,5100,26310,2040,1760,13750,13790,3830,4810,5620,4370,3900,4990,25430,1870,1870
2020_07,5時,15100,15460,4560,5030,6170,4760,4440,5590,27820,2340,2160,14330,14330,4240,4710,5700,4450,4290,5250,26170,1970,2090
2020_07,6時,15630,15610,4600,5070,6170,4980,4670,5730,27090,3090,2820,14380,14060,4210,4710,5650,4420,4250,5180,25400,2110,2410
2020_07,7時,18300,16920,5150,5860,6970,5920,5360,5940,25090,7520,4390,15030,14460,4540,4870,5850,4500,4420,5300,24780,3010,3150
2020_07,8時,24080,21270,6290,8150,9480,8130,6990,6310,21430,18440,7370,16440,15750,5080,5590,6480,4940,4670,5420,23850,4880,4910
2020_07,9時,26060,23660,6460,9210,10390,8970,7700,6990,18210,22470,10660,17560,16910,5390,6230,7030,5340,4790,5660,22730,6100,7050
2020_07,10時,26510,24500,6570,9400,10720,9150,7920,7240,16770,22900,12830,18240,17830,5580,6690,7430,5660,5030,5660,21210,6360,9820
2020_07,11時,26330,25100,6460,9540,10800,9330,7900,7380,15870,23130,13920,19130,18770,5860,7210,7890,5880,5200,5840,20390,6410,12350
2020_07,12時,26620,25450,6670,9790,10800,9440,7930,7420,15830,23450,14300,19450,19350,6200,7340,8150,5940,5280,5870,20120,6670,13290
2020_07,13時,26650,25150,6940,9710,10790,9290,7810,7250,15630,23690,13970,19920,19370,6430,7430,8290,6010,5300,5830,19780,6670,14090
2020_07,14時,26490,24490,6860,9670,10700,9190,7640,6910,15470,23530,13440,20080,19640,6590,7620,8510,5970,5270,5740,19790,6620,14570
2020_07,15時,26320,24180,7030,9570,10600,9060,7510,6730,15850,23470,12680,20140,20200,6980,7850,8580,5830,5260,5830,20100,6660,14860
2020_07,16時,25930,23190,6910,9380,10140,8880,7320,6490,16390,22740,11480,19770,19450,6760,7560,8200,5750,5130,5810,20370,6590,13580
2020_07,17時,25190,22030,6830,9080,9720,8370,6780,6420,17760,20740,10230,19180,18690,6680,7250,7920,5560,4860,5600,20930,6250,12010
2020_07,18時,22430,19250,6200,8360,8640,6980,5510,5970,19820,14530,8860,18590,17610,6430,6750,7550,5390,4560,5500,21840,5430,10240
2020_07,19時,19900,17510,5800,7350,7650,6030,4850,5720,21870,9760,7340,17460,16760,5990,6370,6980,5120,4350,5390,22600,4640,8370
2020_07,20時,18150,16630,5630,6630,6960,5440,4550,5540,23610,6610,6130,16240,15740,5290,5770,6500,4910,4200,5270,23380,3580,6370
2020_07,21時,16780,15890,5110,5980,6560,5080,4400,5530,24930,4590,4730,15350,15170,5020,5330,6110,4660,4190,5180,24120,3040,4770
2020_07,22時,15710,15390,4760,5550,6230,4820,4280,5450,25870,3240,3630,14410,14410,4540,4950,5820,4400,4060,5040,24480,2300,3460
2020_07,23時,14720,14940,4400,5130,5930,4650,4160,5370,25990,2570,2710,13670,13930,4220,4550,5590,4280,3980,4970,24430,2020,2560
2020_07,24時,14070,14270,4250,4780,5690,4460,4060,5070,25920,2030,1940,13510,14070,4260,4540,5530,4300,3930,5010,25340,1830,1860
2020_07,25時,14250,14360,4300,4840,5720,4510,4110,5110,26210,2060,1940,13680,14090,4250,4580,5580,4340,3980,5010,25540,1850,1860
2020_07,26時,14200,14320,4260,4810,5680,4500,4120,5130,26240,2020,1850,13710,14080,4230,4590,5570,4350,4010,5030,25640,1820,1830
2020_07,27時,14160,14320,4250,4800,5670,4490,4110,5140,26220,2010,1840,13680,14060,4220,4590,5530,4340,4010,5040,25600,1810,1820
2020_07,28時,14160,14300,4240,4770,5660,4500,4120,5160,26230,2020,1800,13690,14080,4250,4590,5520,4330,4010,5050,25630,1800,1830
2020_08,5時,15220,15250,4150,5120,6200,4610,4550,5830,27670,2130,2220,14530,14580,3920,4900,5970,4470,4360,5460,26340,1910,2350
2020_08,6時,15740,15500,4200,5180,6240,4780,4730,6090,27070,2810,2980,14560,14430,3960,4840,5830,4490,4300,5550,25870,1960,2560
2020_08,7時,18050,16700,4670,5940,6980,5550,5320,6270,25120,6700,4450,15080,14910,4190,5070,6030,4540,4520,5630,25300,2750,3320
2020_08,8時,23060,21000,6180,7830,9160,7490,6780,6600,21900,15810,7910,16360,15830,4650,5550,6620,4910,4760,5690,24280,4110,5150
2020_08,9時,24750,23090,6390,8620,10010,8350,7320,7130,19130,18900,11150,17440,16840,5210,6050,7050,5250,4840,5870,23040,5020,7510
2020_08,10時,25130,24120,6520,8840,10350,8550,7520,7450,17810,19180,13480,18280,18040,5380,6690,7530,5580,5050,6070,21710,5230,10570
2020_08,11時,25310,24460,6440,8890,10510,8670,7630,7610,16860,19310,14800,18950,18960,5650,7220,7890,5770,5140,6210,20890,5360,12800
2020_08,12時,25690,24690,6640,9150,10480,8750,7640,7700,16770,19540,15270,19300,19190,5840,7330,7990,5730,5310,6260,20410,5500,13700
2020_08,13時,25830,24470,6850,9120,10610,8690,7570,7450,16630,19670,15190,19700,19540,6150,7510,8190,5770,5350,6260,20270,5550,14540
2020_08,14時,25610,24070,6860,9040,10540,8570,7440,7210,16650,19460,14770,19460,19900,6300,7600,8210,5710,5350,6180,20150,5440,14850
2020_08,15時,25450,23480,6950,8920,10350,8460,7280,6950,16730,19350,14020,19640,19470,6500,7570,8070,5610,5210,6130,20120,5400,14710
2020_08,16時,25030,22680,6850,8730,9920,8310,7150,6730,17140,18800,12930,19470,19180,6570,7580,7850,5610,5010,6010,20390,5320,14060
2020_08,17時,24210,21430,6730,8440,9490,7790,6600,6570,18470,17080,11330,19040,18730,6350,7320,7710,5470,4830,6080,21130,5120,12700
2020_08,18時,21690,18920,5960,7740,8520,6640,5480,6260,20380,12010,9550,18410,17570,5890,6960,7480,5140,4550,5950,21960,4390,10820
2020_08,19時,19460,17320,5350,7040,7680,5720,4920,6030,22300,8040,7760,17480,16610,5420,6460,7090,4910,4400,5800,22810,3700,8860
2020_08,20時,17710,16540,5170,6410,6970,5180,4620,5860,23810,5450,6350,16470,15830,5050,5960,6660,4700,4300,5610,23640,2970,7000
2020_08,21時,16520,15830,4910,5830,6510,4880,4500,5700,24950,3910,4890,15730,15100,4740,5610,6240,4540,4210,5480,24470,2520,5210
2020_08,22時,15500,15190,4360,5480,6250,4690,4330,5560,25570,2860,3650,14790,14450,4270,5200,5960,4360,4150,5280,24790,2100,3730
2020_08,23時,14440,14630,3950,5100,6010,4480,4120,5400,25460,2270,2710,14030,13990,3970,4870,5780,4200,4010,5180,24600,1890,2900
2020_08,24時,14390,14430,3860,4940,5890,4420,4250,5450,26220,1930,2070,13800,14040,3840,4790,5730,4240,4110,5090,25410,1740,2070
2020_08,25時,14530,14510,3890,4960,5940,4440,4290,5500,26490,1930,2020,13910,14150,3870,4840,5770,4280,4130,5140,25660,1750,2060
2020_08,26時,14460,14500,3880,4920,5910,4450,4290,5500,26520,1890,1950,13880,14180,3910,4830,5760,4280,4120,5150,25680,1730,2050
2020_08,27時,14500,14490,3900,4900,5910,4450,4290,5530,26560,1890,1950,13870,14200,3890,4810,5750,4280,4130,5180,25720,1730,2040
2020_08,28時,14490,14510,3910,4900,5920,4440,4290,5520,26540,1900,1970,13860,14230,3890,4810,5760,4280,4120,5200,25730,1710,2060
2020_09,5時,16080,16890,4620,5040,6850,4960,5040,6460,30290,2370,2120,15960,16230,4350,5000,6620,4860,5060,6280,29260,2200,2460
2020_09,6時,16760,17290,4640,5140,7070,5180,5250,6760,29760,3230,2930,16080,16210,4360,5060,6480,4870,5070,6440,28850,2380,2810
2020_09,7時,19760,18490,5220,6050,7950,6090,5900,7020,27640,7760,4720,16920,16650,4620,5290,6800,4990,5240,6600,28270,3130,3820
2020_09,8時,25270,23030,7280,8010,10090,8180,7400,7320,23780,18110,8230,18450,17970,5050,6100,7500,5480,5550,6730,27020,4670,6400
2020_09,9時,27310,25670,7580,9130,11090,9100,8070,7990,20560,22020,12040,19580,19280,5560,6740,8100,5940,5660,6860,25500,5760,9200
2020_09,10時,27780,26670,7620,9460,11380,9330,8340,8300,19020,22190,14790,20380,20650,5800,7080,8560,6400,5940,7240,24000,6040,12550
2020_09,11時,27790,27180,7650,9500,11400,9430,8390,8580,18220,22280,16050,21260,21940,6250,7700,8960,6650,6220,7410,22960,6220,15540
2020_09,12時,28050,27520,7900,9690,11410,9530,8380,8640,18050,22580,16490,21580,22210,6760,7900,9030,6670,6090,7320,22210,6210,16800
2020_09,13時,27940,27290,7970,9620,11440,9400,8300,8480,17760,22770,16190,22090,22790,6970,8130,9320,6730,6280,7440,22190,6220,17910
2020_09,14時,27750,26700,7900,9600,11330,9330,8140,8130,17780,22540,15650,22330,22860,7050,8310,9430,6770,6310,7280,22110,6220,18320
2020_09,15時,27490,26110,7830,9460,11260,9220,7930,7870,17990,22340,14770,22120,22690,7200,8340,9360,6630,6150,7100,22340,6170,17740
2020_09,16時,27060,24870,7610,9260,10690,9020,7730,7600,18520,21800,13130,21820,21890,6960,8180,9190,6460,5990,6920,22680,6010,16480
2020_09,17時,26060,22960,7580,8580,10070,8430,7160,7180,19710,19590,11290,21420,20970,6870,7860,8820,6270,5750,6800,23490,5560,14860
2020_09,18時,23470,20260,6710,7940,9170,7270,5850,6780,21750,13860,9720,20310,20060,6620,7420,8340,5810,5470,6690,24510,4860,12530
2020_09,19時,20830,18730,6060,7170,8310,6250,5300,6460,23920,9260,8000,19160,18960,6230,6970,7870,5470,5160,6420,25350,4050,10300
2020_09,20時,18810,17670,5690,6450,7410,5640,5020,6250,25350,6220,6550,17940,17920,5660,6510,7340,5240,4930,6160,26180,3400,7890
2020_09,21時,17330,16980,5290,5810,7020,5250,4850,6070,26530,4430,5020,16730,16750,5130,5750,6870,4990,4820,5910,26580,2960,5580
2020_09,22時,16050,16210,4750,5330,6730,4900,4650,5880,27070,3300,3560,15510,15950,4530,5230,6620,4720,4630,5720,26670,2500,3920
2020_09,23時,14650,15340,4460,4790,6350,4650,4290,5450,26500,2550,2580,14460,15030,4310,4720,6310,4450,4300,5380,26010,2190,2870
2020_09,24時,15230,16090,4470,4790,6510,4770,4730,6030,28810,2230,2020,14980,15670,4190,4750,6370,4650,4640,6020,28050,2060,2200
2020_09,25時,15430,16190,4500,4840,6560,4820,4800,6070,29120,2250,2030,15210,15800,4270,4820,6430,4700,4690,6080,28380,2080,2230
2020_09,26時,15370,16180,4480,4800,6550,4810,4800,6100,29190,2230,1910,15190,15840,4230,4830,6430,4700,4710,6110,28440,2050,2210
2020_09,27時,15380,16140,4470,4800,6520,4810,4790,6120,29190,2210,1900,15230,15820,4260,4840,6410,4680,4730,6130,28490,2070,2170
2020_09,28時,15370,16130,4460,4810,6530,4800,4780,6120,29150,2230,1880,15180,15800,4240,4840,6390,4670,4700,6120,28430,2080,2150
2020_10,5時,15850,16990,4450,4870,7010,5040,5070,6380,30260,2340,2090,15980,17160,4690,5040,7020,4960,5020,6400,30060,2150,2650
2020_10,6時,16560,17200,4570,4990,7160,5200,5350,6470,29590,3030,2980,15960,17020,4550,5030,6950,5030,5020,6370,29270,2350,3030
2020_10,7時,19330,18460,5120,5880,7930,6110,5910,6830,27390,7600,4640,16850,17510,4910,5350,7150,5150,5160,6610,28600,3350,4000
2020_10,8時,25120,23250,7160,8280,10360,8090,7300,7160,23650,18730,7880,18640,19000,5740,6080,7960,5620,5480,6730,27620,5010,6620
2020_10,9時,27420,25400,7360,9330,11430,9040,7930,7710,20260,22840,11300,20150,20130,6090,6930,8600,6070,5650,6920,26070,6230,9500
2020_10,10時,27910,26500,7510,9640,11630,9270,8250,8100,18620,23210,14080,21160,21700,6370,7590,9000,6490,6090,7320,24660,6490,13160
2020_10,11時,27770,27400,7600,9750,11700,9420,8390,8310,17710,23140,15770,21800,22790,6650,7970,9330,6860,6220,7530,23450,6530,15960
2020_10,12時,27890,27610,7580,9930,11680,9540,8420,8330,17620,23440,15880,22400,23150,6780,8470,9510,6920,6330,7520,22840,6700,17370
2020_10,13時,28080,27390,7720,9940,11730,9520,8390,8140,17580,23470,15820,22550,23610,7110,8550,9740,6930,6510,7300,22650,6900,18010
2020_10,14時,27680,26910,7700,9660,11670,9360,8200,7990,17540,23260,15200,22520,23490,7470,8630,9580,6900,6320,7090,22110,6870,18380
2020_10,15時,27320,26180,7680,9450,11390,9210,8000,7770,17740,23130,14050,22220,23440,7550,8650,9520,6780,6230,6910,22280,6820,17910
2020_10,16時,26900,24970,7520,9230,10890,9080,7730,7400,18240,22580,12520,21730,22690,7290,8380,9470,6510,5970,6780,22930,6660,16230
2020_10,17時,26080,23740,7600,8820,10390,8490,7310,7200,19710,20640,11010,21020,21450,6940,7730,9060,6210,5710,6800,23870,6270,13770
2020_10,18時,23090,20730,6500,7980,9240,7240,6150,6690,21630,14340,9420,20080,20370,6640,7300,8670,5950,5420,6470,24650,5450,11820
2020_10,19時,20640,19170,5880,7280,8330,6320,5570,6400,23700,9540,8090,18880,19330,6120,6730,8130,5720,5130,6360,25530,4370,9790
2020_10,20時,18710,18220,5580,6540,7600,5740,5250,6200,25300,6490,6700,17680,18340,5520,6240,7730,5470,4880,6170,26370,3520,7640
2020_10,21時,17210,17430,5230,5870,7210,5310,4970,6030,26530,4500,5170,16460,17470,5210,5660,7270,5110,4740,5940,26920,3020,5520
2020_10,22時,15970,16620,4840,5300,6980,4970,4720,5770,27140,3180,3850,15350,16520,4660,5170,6920,4820,4580,5710,27040,2440,3910
2020_10,23時,14730,15580,4470,4800,6540,4650,4380,5440,26660,2430,2780,14510,15540,4390,4710,6550,4600,4330,5440,26470,2150,2930
2020_10,24時,15240,16180,4400,4630,6700,4840,4800,6040,28870,2110,2090,14920,16090,4250,4720,6660,4790,4620,5950,28340,1930,2280
2020_10,25時,15380,16300,4400,4680,6790,4870,4820,6100,29140,2120,2070,15140,16140,4260,4770,6710,4860,4670,5990,28610,1940,2300
2020_10,26時,15320,16290,4380,4680,6770,4860,4820,6090,29160,2120,2010,15150,16110,4270,4740,6680,4870,4680,6000,28650,1910,2270
2020_10,27時,15310,16240,4360,4680,6740,4850,4820,6090,29160,2100,1960,15170,16120,4280,4750,6680,4850,4700,6010,28700,1900,2270
2020_10,28時,15260,16250,4340,4680,6700,4840,4820,6110,29140,2110,1950,15140,16140,4280,4760,6650,4840,4690,6040,28710,1900,2260
2020_11,5時,15990,16790,4280,4880,7120,5010,5050,6430,30020,2120,2240,16030,16510,4260,4920,6900,5050,5070,6320,29220,1940,2940
2020_11,6時,16630,17030,4320,5060,7200,5150,5360,6560,29330,2830,3160,16060,16730,4160,5020,6920,5070,5140,6450,28850,2130,3380
2020_11,7時,19190,18430,4970,5870,7990,6050,5800,6910,27240,7000,5000,16900,17430,4490,5310,7120,5240,5390,6760,28270,3070,4510
2020_11,8時,24590,23470,6810,8060,10550,8060,7260,7310,23640,17840,8240,18680,18700,4980,6180,7960,5760,5680,6800,27010,4690,7190
2020_11,9時,26540,25540,6870,8880,11490,8990,8060,7770,20250,21760,11550,19840,20000,5480,6770,8540,6190,5850,6990,25550,5960,9740
2020_11,10時,26870,26880,7080,9300,11770,9270,8340,7970,18580,22210,14360,20630,21530,5850,7470,9000,6500,6110,7210,24060,6300,13120
2020_11,11時,26870,27680,7070,9440,11790,9410,8550,8270,17740,22340,15860,21550,22540,6110,7890,9480,6850,6420,7330,22750,6460,16190
2020_11,12時,27090,27830,6980,9560,11790,9590,8620,8370,17650,22530,16130,22130,23140,6270,8320,9450,6940,6660,7600,22400,6550,17570
2020_11,13時,27040,27610,7100,9500,11710,9490,8560,8280,17510,22580,15910,22210,23110,6400,8420,9480,6890,6650,7460,21910,6610,18050
2020_11,14時,26890,27100,7130,9430,11600,9390,8240,8180,17490,22590,15270,22250,23320,6380,8560,9680,6880,6560,7500,21660,6500,18620
2020_11,15時,26720,26590,7340,9350,11340,9230,8110,7930,17770,22410,14460,21960,23110,6640,8380,9480,6810,6460,7290,21740,6330,18190
2020_11,16時,26060,25390,7100,9060,10880,9070,7790,7530,18490,21480,12820,21510,22130,6470,8080,9230,6600,6160,7070,22410,6270,16210
2020_11,17時,25190,23790,6950,8540,10360,8600,7280,7250,19770,19430,11150,20940,21310,6420,7770,9000,6350,5830,6860,23400,5810,14320
2020_11,18時,22480,20780,6020,7850,9220,7360,6100,6690,21520,13670,9450,19910,20210,6130,7360,8470,6080,5410,6650,24520,5130,11800
2020_11,19時,20290,19210,5530,7360,8190,6390,5560,6460,23550,9060,8250,18650,18990,5590,6840,7870,5760,5130,6430,25270,4070,9630
2020_11,20時,18550,18100,5280,6710,7490,5760,5150,6250,25210,6050,6770,17570,17870,5030,6300,7500,5500,4890,6200,25970,3180,7610
2020_11,21時,17010,17200,4850,5920,7230,5310,4880,6010,26370,4180,5060,16550,16910,4650,5670,7160,5180,4760,6040,26690,2630,5510
2020_11,22時,15940,16510,4500,5400,6980,5050,4680,5830,27070,2980,3810,15620,16080,4330,5170,6850,4920,4570,5850,26790,2160,4130
2020_11,23時,14740,15630,4210,4890,6590,4750,4380,5520,26640,2230,2840,14640,15220,4120,4810,6440,4690,4300,5480,26180,1850,3170
2020_11,24時,15190,16110,4110,4710,6800,4870,4750,6040,28650,1880,2230,15090,15740,3990,4630,6620,4820,4690,6060,28110,1750,2410
2020_11,25時,15350,16200,4200,4750,6830,4890,4790,6080,28920,1910,2220,15220,15830,4020,4700,6640,4860,4720,6100,28330,1790,2410
2020_11,26時,15270,16190,4190,4690,6790,4890,4790,6090,28930,1900,2120,15170,15860,4020,4690,6610,4850,4730,6110,28310,1790,2400
2020_11,27時,15300,16140,4200,4690,6790,4870,4790,6090,28940,1900,2090,15170,15870,3990,4700,6620,4830,4740,6140,28340,1790,2370
2020_11,28時,15350,16160,4190,4720,6780,4870,4840,6090,28950,1910,2140,15160,15850,4000,4700,6600,4810,4770,6120,28340,1780,2360
2020_12,5時,16120,17270,4140,5050,7200,5140,5150,6700,30670,2370,2260,16190,17430,4400,5070,7190,5090,5030,6810,30540,2200,2680
2020_12,6時,16760,17580,4220,5220,7380,5240,5270,6980,30120,2940,3160,16210,17460,4400,5080,7160,5100,5070,6840,30120,2360,2960
2020_12,7時,18800,18760,4710,5820,8040,5970,5720,7290,28180,6410,4830,16910,17930,4650,5350,7310,5210,5290,7010,29530,3260,3780
2020_12,8時,23310,23210,6310,7720,10030,7810,7010,7630,25010,15170,8280,18350,19290,5070,6140,8030,5680,5510,7180,28380,4760,6200
2020_12,9時,25430,25470,6650,8730,11050,8630,7770,8070,22260,18390,11920,19500,20560,5270,6910,8710,6090,5680,7390,26790,5560,9270
2020_12,10時,25920,26210,6810,8980,11200,8840,8020,8260,20710,18590,14370,20360,21960,5670,7450,9080,6540,6030,7520,25220,5910,12640
2020_12,11時,25930,26730,6860,9050,11300,8890,8120,8410,19550,18550,16060,20970,23190,6020,8040,9370,6800,6210,7710,23920,5950,15650
2020_12,12時,26250,27130,6870,9200,11360,9080,8320,8520,19390,18830,16690,21730,23990,6540,8270,9810,6940,6310,7840,23520,6220,17360
2020_12,13時,26350,27360,7190,9180,11400,9100,8320,8500,19370,18800,17000,22170,24680,7210,8490,9990,7020,6400,7730,23330,6400,18540
2020_12,14時,26050,27030,7240,9130,11380,9040,8090,8180,19250,18610,16630,22270,25160,7290,8700,10420,7140,6340,7520,23040,6320,19490
2020_12,15時,25870,26750,7440,9110,11200,8930,7910,8010,19480,18530,15970,22290,25720,7570,9170,10460,7110,6340,7330,22920,6090,20340
2020_12,16時,25500,25770,7290,8920,10770,8770,7660,7830,20130,18120,14420,22370,25830,7800,9270,10390,7030,6380,7320,23920,6050,19540
2020_12,17時,24550,24260,6900,8530,10230,8280,7180,7680,21130,16650,12530,22080,24880,7490,9190,10050,6860,6020,7320,24610,5780,17960
2020_12,18時,22200,21450,5980,7950,9170,7140,6220,7180,22770,11700,10720,21470,23590,6980,8910,9760,6580,5730,7080,25380,4940,16150
2020_12,19時,20140,19650,5400,7220,8250,6310,5700,6900,24410,7810,9090,20080,21620,6290,7820,9050,6180,5440,6900,26170,4010,12950
2020_12,20時,18510,18550,5050,6600,7570,5790,5300,6720,25970,5350,7300,18590,19770,5720,6880,8140,5850,5160,6590,26960,3250,9670
2020_12,21時,17080,17550,4610,5930,7260,5370,5000,6440,27150,3840,5240,17100,18280,5110,6010,7610,5410,4870,6340,27650,2840,6490
2020_12,22時,16020,16750,4270,5380,7100,5100,4760,6150,27700,2940,3760,15850,16890,4500,5370,7210,5060,4630,5960,27740,2450,4170
2020_12,23時,14760,15770,3970,4870,6740,4770,4380,5780,27110,2290,2700,14700,15920,4090,4990,6780,4790,4330,5630,27100,2090,3020
2020_12,24時,15310,16550,4060,4840,6850,4910,4780,6410,29320,2090,2140,15250,16680,4040,4960,6940,4930,4670,6390,29180,2010,2430
2020_12,25時,15470,16650,4090,4870,6920,4950,4830,6450,29570,2110,2150,15330,16740,4060,4970,6970,4950,4700,6410,29350,2040,2410
2020_12,26時,15440,16640,4080,4850,6900,4930,4830,6460,29610,2120,2080,15290,16700,4040,4920,6930,4960,4700,6440,29330,2050,2350
2020_12,27時,15440,16610,4060,4850,6880,4940,4840,6460,29620,2110,2050,15290,16740,4040,4920,6940,4960,4700,6440,29410,2040,2310
2020_12,28時,15420,16580,4060,4870,6850,4920,4830,6450,29570,2090,2050,15300,16740,4040,4950,6920,4930,4720,6460,29410,2030,2330
2021_01,5時,15980,16920,4280,4900,7170,4990,5040,6510,30500,2170,2020,15850,16640,4120,4900,7030,4910,5030,6480,29690,1950,2470
2021_01,6時,16610,17120,4330,4990,7320,5110,5240,6720,29890,2880,2760,16040,16640,4180,4920,6970,4910,5140,6540,29380,2110,2770
2021_01,7時,18680,18210,4420,5790,7990,5880,5750,7030,27860,6150,4650,16600,17260,4440,5180,7040,5080,5370,6740,28960,2920,3560
2021_01,8時,23220,22760,5810,8060,9970,7690,7030,7400,25030,14170,8690,17830,18170,4800,5800,7650,5430,5540,6760,28040,4040,5470
2021_01,9時,25110,24990,6160,8970,10960,8560,7640,7780,22030,17400,12370,18730,19030,5060,6380,8150,5780,5520,6840,27080,4660,7520
2021_01,10時,25610,25890,6330,9180,11110,8730,7950,8180,20710,17800,14580,19480,19830,5200,6830,8490,6110,5680,6980,26000,4950,9810
2021_01,11時,25500,26390,6370,9340,11100,8790,8060,8190,19800,18000,15620,19950,20740,5650,7260,8790,6250,5750,6970,25110,4970,11980
2021_01,12時,25980,26570,6510,9550,11280,8880,8080,8230,19710,18370,16060,20650,21030,5970,7460,8890,6390,5840,7100,24640,5210,13250
2021_01,13時,26100,26430,6720,9550,11280,8930,7990,8030,19690,18560,15830,20680,21470,6200,7520,8890,6370,5910,7240,24280,5280,13950
2021_01,14時,25900,25910,6780,9370,11120,8830,7860,7850,19550,18320,15470,20620,21640,6310,7510,8880,6470,5810,7260,23910,5070,14570
2021_01,15時,25810,25530,6890,9250,11040,8730,7680,7730,19710,18250,14890,20650,21810,6680,7580,8770,6350,5900,7160,24120,5050,14620
2021_01,16時,25220,24430,6570,9140,10600,8460,7410,7460,20160,17480,13570,20330,21190,6530,7370,8570,6230,5780,7030,24400,4910,13550
2021_01,17時,24060,23150,6250,8650,10050,8010,7040,7190,21230,15910,11660,19730,20540,6380,6950,8500,6010,5570,6840,25200,4700,11760
2021_01,18時,21610,20120,5580,7650,8960,6840,6000,6680,22920,11030,9410,18880,19110,5700,6570,8250,5630,5270,6550,25850,4040,9510
2021_01,19時,19520,18310,5050,6890,8030,6040,5400,6410,24810,7500,7130,17800,17980,5200,6060,7760,5340,5020,6370,26640,3390,7150
2021_01,20時,17680,17270,4680,6240,7410,5370,5000,6220,26500,5080,5010,16670,17110,4770,5670,7270,5040,4850,6170,27320,2870,5050
2021_01,21時,16340,16720,4530,5600,7080,5010,4820,6010,27580,3500,3620,15820,16460,4440,5250,7030,4870,4710,5960,27840,2430,3490
2021_01,22時,15700,16040,4390,5120,6980,4810,4630,5790,27900,2700,2790,15230,15940,4300,4990,6820,4700,4590,5760,27700,2000,2940
2021_01,23時,14760,15280,4240,4790,6630,4620,4310,5430,27240,2180,2220,14470,15250,4140,4720,6540,4530,4350,5420,26910,1780,2460
2021_01,24時,15320,16170,4250,4750,6800,4810,4700,6160,29260,2040,1860,15170,16160,4150,4780,6730,4740,4740,6170,28870,1770,2180
2021_01,25時,15420,16280,4280,4770,6860,4840,4730,6210,29460,2030,1880,15260,16250,4160,4820,6770,4770,4760,6200,29030,1810,2180
2021_01,26時,15360,16250,4270,4730,6860,4820,4720,6200,29430,2020,1840,15280,16250,4170,4780,6790,4790,4750,6240,29060,1810,2180
2021_01,27時,15330,16220,4250,4710,6830,4810,4720,6200,29400,2000,1820,15280,16280,4140,4810,6790,4780,4760,6260,29100,1810,2180
2021_01,28時,15320,16230,4220,4720,6840,4800,4710,6230,29420,2000,1800,15230,16280,4150,4800,6770,4760,4770,6260,29040,1810,2190
2021_02,5時,15520,16330,4080,4850,6780,4890,5000,6220,29500,1950,2000,15260,15970,4160,4620,6590,4820,4890,6130,28850,1810,2050
2021_02,6時,16170,16490,4120,4850,6960,5040,5200,6460,28820,2760,2690,15490,15970,4180,4690,6550,4830,4950,6230,28440,1980,2480
2021_02,7時,18030,17860,4320,5770,7590,5760,5670,6770,26760,6090,4590,16060,16490,4220,4980,6710,4990,5150,6480,27720,2900,3310
2021_02,8時,22660,22400,5370,8230,9580,7680,7030,7150,24040,14460,8240,17660,17290,4390,5710,7400,5490,5470,6470,26460,4540,5390
2021_02,9時,24560,24290,5510,8880,10650,8460,7650,7670,20950,18050,11340,18590,18230,4600,6350,8010,5760,5550,6530,25100,5520,7550
2021_02,10時,25100,25280,5710,9230,10860,8670,7860,8020,19590,18340,13820,19490,19560,5100,6980,8280,6110,5730,6830,23900,5960,10580
2021_02,11時,25120,26040,5960,9300,10940,8790,8050,8110,18740,18610,15170,19960,20710,5560,7270,8620,6280,5920,7000,23060,6130,12820
2021_02,12時,25460,26140,6030,9300,10900,8980,8190,8180,18590,19000,15380,20380,20780,5730,7310,8880,6300,5970,6960,22300,6310,13830
2021_02,13時,25420,26490,6440,9370,10870,8870,8160,8170,18600,19040,15650,20630,20820,5820,7420,8880,6330,6110,6880,22060,6300,14300
2021_02,14時,25160,26240,6530,9290,10780,8760,8020,8020,18620,18870,15340,20540,21110,5950,7540,8900,6330,5970,6960,21700,6270,14960
2021_02,15時,24920,25600,6580,9120,10480,8660,7900,7750,18750,18590,14580,20540,21030,6330,7370,8740,6330,5910,6870,21820,6210,14820
2021_02,16時,24420,24140,6190,8880,10210,8340,7560,7370,19110,17960,12910,20150,20550,6260,7240,8510,6190,5730,6740,22510,5970,13490
2021_02,17時,23600,22550,5890,8530,9680,7840,7180,7000,20060,16320,11190,19540,19950,6020,6970,8340,5990,5570,6570,23310,5670,11840
2021_02,18時,21360,19450,5360,7520,8660,6780,6020,6450,21660,11460,9150,18710,18500,5380,6530,8070,5650,5250,6310,24320,4930,9300
2021_02,19時,19440,17690,4870,6940,7750,6030,5350,6170,23510,7830,7240,17690,17340,4950,6160,7350,5330,5040,6180,25340,3940,7090
2021_02,20時,17610,16560,4560,6200,7060,5410,4950,5990,25200,5220,5180,16360,16270,4340,5610,6800,5010,4870,5980,26170,3100,4710
2021_02,21時,16190,15870,4180,5560,6840,4980,4740,5740,26440,3460,3560,15320,15690,4110,5050,6570,4810,4730,5710,26720,2460,3170
2021_02,22時,15290,15220,4010,5080,6650,4770,4540,5450,26610,2520,2770,14620,15070,3930,4700,6370,4630,4550,5490,26590,2020,2410
2021_02,23時,14300,14550,3900,4780,6260,4520,4280,5080,25990,1940,2230,13860,14310,3830,4430,6020,4480,4280,5120,25750,1670,2030
2021_02,24時,14800,15610,4010,4660,6450,4710,4650,5910,28210,1760,1860,14490,15210,3870,4490,6200,4620,4620,5890,27650,1690,1770
2021_02,25時,14920,15650,4030,4660,6480,4740,4690,5940,28340,1760,1900,14620,15270,3850,4520,6260,4660,4660,5940,27820,1700,1790
2021_02,26時,14940,15620,4020,4650,6500,4720,4700,5950,28380,1770,1860,14610,15300,3890,4500,6270,4650,4650,5940,27850,1700,1780
2021_02,27時,14940,15630,4020,4690,6460,4710,4690,5970,28430,1790,1820,14610,15320,3890,4490,6260,4660,4650,5970,27880,1710,1780
2021_02,28時,14890,15620,4000,4650,6450,4710,4700,5970,28380,1770,1820,14570,15290,3910,4470,6230,4650,4650,5940,27840,1700,1750
2021_03,5時,15640,16000,3850,4820,6730,4750,5260,6220,28990,2380,2280,15380,16290,4020,4710,6720,4730,5220,6260,28690,2310,2610
2021_03,6時,16590,16350,3980,4960,6890,5000,5530,6560,28640,3170,3130,15700,16090,3930,4680,6760,4700,5280,6430,28150,2460,3050
2021_03,7時,18550,17630,4140,5770,7510,5830,6070,6850,26400,7020,4800,16370,16660,4290,4940,6820,4840,5470,6660,27670,3310,3960
2021_03,8時,23870,22530,5810,8290,9630,7850,7420,7380,23430,16530,8520,17990,17600,4610,5710,7570,5390,5670,6610,26560,4900,5940
2021_03,9時,25610,24830,6100,9190,10570,8740,8040,7790,20310,20260,11720,19320,18640,4920,6400,8360,5720,5780,6750,25350,6000,8460
2021_03,10時,26260,26260,6400,9550,10860,9030,8320,8340,19040,20630,14630,20150,20320,5360,7180,8890,6070,5930,7030,23970,6330,11850
2021_03,11時,26230,26660,6490,9630,10820,9130,8430,8370,17920,20700,15970,20920,21650,5820,7840,9310,6300,6160,7120,23060,6630,14590
2021_03,12時,26540,27060,6760,9640,10850,9300,8610,8410,17880,21110,16360,21450,22030,5960,8160,9300,6510,6370,7160,22260,6830,16050
2021_03,13時,26480,27130,6970,9640,10900,9270,8480,8320,17820,21100,16410,21650,22180,6270,8140,9400,6490,6410,7100,21770,6770,16860
2021_03,14時,26180,26860,7060,9560,10780,9190,8330,8100,17710,21000,16020,21400,22950,6670,8190,9490,6490,6380,7110,21640,6730,17550
2021_03,15時,26030,26160,7180,9440,10570,8980,8180,7820,17930,20770,15160,21540,22860,6620,8390,9710,6460,6250,6950,21730,6600,17600
2021_03,16時,25470,24930,6890,9180,10310,8620,7960,7440,18440,20210,13470,21610,22630,6760,8500,9480,6420,6180,6880,22450,6610,16790
2021_03,17時,24570,23320,6550,8730,9810,8110,7480,7190,19400,18580,11640,20870,21620,6540,8020,9010,6220,5970,6700,23080,6390,14680
2021_03,18時,22120,20360,5890,7730,8810,7070,6340,6620,21090,13500,9640,19770,20510,5990,7460,8850,5870,5650,6450,23990,5570,12430
2021_03,19時,20010,18480,5400,7040,7880,6190,5690,6270,22930,9570,7750,18820,18970,5390,6920,8290,5530,5360,6280,24900,4490,10070
2021_03,20時,18000,16750,4550,6190,7180,5510,5270,6020,24630,6430,5470,17090,17360,4750,6150,7380,5010,5120,6020,25750,3560,6840
2021_03,21時,16520,15910,4170,5580,6810,5020,5020,5800,26060,4320,3840,15890,15960,4200,5310,6800,4760,4970,5800,26420,2940,4240
2021_03,22時,15620,15230,3910,5150,6630,4750,4830,5560,26420,3180,3020,14980,15130,3920,4770,6420,4590,4810,5580,26250,2460,3140
2021_03,23時,14610,14400,3710,4770,6260,4500,4520,5230,25770,2450,2490,14060,14470,3710,4530,6140,4400,4470,5250,25520,2120,2550
2021_03,24時,15170,15420,3800,4750,6450,4640,4970,5950,27960,2270,2230,14720,15370,3720,4580,6420,4530,4910,5900,27490,2080,2350
2021_03,25時,15200,15460,3810,4740,6500,4640,4990,5970,28050,2240,2240,14780,15410,3730,4590,6420,4550,4950,5950,27590,2070,2370
2021_03,26時,15200,15450,3790,4730,6500,4620,4990,5990,28090,2230,2210,14770,15410,3710,4580,6400,4550,4930,5990,27660,2080,2280
2021_03,27時,15150,15430,3780,4710,6470,4630,4980,5980,28080,2230,2170,14770,15380,3700,4560,6400,4550,4940,5990,27690,2090,2230
2021_03,28時,15130,15430,3800,4680,6470,4620,4970,5990,28090,2220,2120,14730,15400,3730,4520,6380,4530,4950,5990,27680,2090,2210
2021_04,5時,15280,16380,3870,4570,6710,4910,5070,6490,29140,2340,2150,15340,16260,3960,4580,6610,4970,5020,6430,28670,2280,2550
2021_04,6時,16090,16750,4030,4760,6820,5070,5350,6780,28680,3260,2900,15540,16140,3920,4640,6640,4870,5070,6510,28290,2490,2750
2021_04,7時,18330,18260,4450,5530,7700,5980,5880,7030,26430,7440,4730,16070,16960,4440,4890,6710,5040,5280,6650,27670,3570,3660
2021_04,8時,23470,22990,5530,7880,10020,8060,7440,7510,23240,17500,7860,17680,18060,5190,5400,7360,5550,5490,6720,26560,5320,5800
2021_04,9時,25640,25420,5850,8800,11050,9050,8170,8120,20040,21610,11210,18800,19200,5230,6080,7930,6010,5650,7080,25130,6420,8230
2021_04,10時,26290,26910,6030,9280,11400,9300,8640,8540,18720,22130,14070,20020,20530,5360,6840,8450,6410,6120,7340,23560,6730,11970
2021_04,11時,26430,27770,6160,9500,11440,9390,8890,8790,17810,22240,15840,20790,21950,5990,7460,8680,6640,6440,7510,22510,6870,15040
2021_04,12時,26640,27900,6260,9550,11430,9440,9010,8840,17580,22510,16160,21320,22400,6400,7710,8850,6610,6550,7580,21830,7020,16500
2021_04,13時,26800,27950,6590,9630,11420,9520,9000,8580,17430,22690,16310,21580,23090,6750,8020,9040,6700,6620,7520,21610,7080,17540
2021_04,14時,26660,27620,6650,9560,11330,9470,8870,8370,17410,22470,16060,21680,23240,6710,8150,9140,6860,6470,7580,21350,6990,18080
2021_04,15時,26330,27020,6770,9330,11020,9290,8720,8200,17600,22210,15180,21480,23140,7010,7840,9280,6930,6330,7210,21360,6870,17880
2021_04,16時,25970,25680,6690,9140,10730,9010,8330,7720,18040,21740,13540,21550,22750,7420,7780,9070,6810,6180,7000,21960,6720,17160
2021_04,17時,24910,24000,6230,8780,10270,8570,7700,7340,19060,20110,11450,21080,21740,7080,7710,8610,6540,6060,6800,22820,6410,15120
2021_04,18時,22260,21090,5900,7840,9060,7420,6350,6770,20710,14680,9690,20070,20470,6490,7270,8390,6210,5650,6510,23720,5760,12670
2021_04,19時,19630,19390,5340,7040,7960,6430,5740,6490,22690,10040,8050,18660,19140,5960,6750,7800,5740,5240,6300,24600,4790,10050
2021_04,20時,17650,17960,4980,6190,7240,5670,5250,6260,24380,6750,6250,17130,17550,5080,5980,7180,5310,5010,6100,25370,3820,7160
2021_04,21時,16150,16740,4400,5440,6840,5200,4900,6080,25770,4480,4400,15730,16230,4430,5110,6760,4910,4760,5970,26100,3160,4430
2021_04,22時,15090,15810,4030,4890,6570,4860,4750,5780,26290,3160,3200,14930,15490,4180,4680,6480,4720,4610,5740,26290,2590,3290
2021_04,23時,14060,14870,3670,4570,6220,4580,4420,5450,25720,2440,2460,14000,14620,3840,4410,6160,4500,4350,5340,25550,2250,2510
2021_04,24時,14680,15730,3720,4520,6390,4770,4820,6180,27930,2160,2120,14450,15600,3880,4430,6310,4660,4670,6080,27610,2150,2080
2021_04,25時,14780,15780,3730,4520,6450,4790,4840,6220,28130,2140,2120,14530,15660,3900,4430,6370,4680,4690,6090,27730,2150,2110
2021_04,26時,14790,15760,3740,4470,6450,4800,4840,6230,28160,2120,2080,14530,15670,3900,4420,6380,4690,4690,6100,27760,2140,2110
2021_04,27時,14740,15730,3730,4450,6420,4790,4840,6230,28150,2120,2020,14520,15670,3860,4420,6380,4670,4700,6130,27800,2130,2060
2021_04,28時,14740,15710,3740,4470,6400,4780,4820,6230,28140,2120,2020,14510,15630,3840,4430,6390,4670,4680,6110,27750,2110,2070
2021_05,5時,15120,16000,3760,4500,6680,4820,5120,6230,28900,2390,1800,15300,16480,3980,4750,6570,4930,5110,6430,28850,2250,2610
2021_05,6時,15760,16330,3800,4750,6790,4930,5350,6450,28420,3060,2570,15350,16590,3980,4880,6590,4880,5180,6430,28530,2370,2900
2021_05,7時,17690,17810,4100,5400,7580,5730,5910,6770,26320,6860,4320,16280,17310,4530,5120,6770,5160,5300,6680,28090,3330,4080
2021_05,8時,23020,21640,5130,7600,9600,7700,7430,7180,23040,16410,7350,17800,18370,5100,5870,7410,5570,5550,6660,27070,4790,6220
2021_05,9時,24510,24410,5390,8390,10680,8620,8100,7710,20120,20060,10570,18910,19480,5300,6580,8060,5960,5650,6830,25540,5870,8810
2021_05,10時,24900,26030,5580,8830,11080,8900,8460,8050,18870,20500,13290,20030,20950,5820,7470,8490,6250,5870,7060,24150,6000,12520
2021_05,11時,24980,26630,5610,9000,11230,8930,8590,8240,18000,20560,14720,20860,22340,6420,7920,9060,6470,6110,7200,23100,6020,15670
2021_05,12時,25160,26640,5600,9140,11070,9010,8650,8310,17890,20870,14710,21580,22870,6640,8290,9340,6650,6330,7180,22550,6120,17290
2021_05,13時,25220,26600,5900,9130,11020,9020,8630,8100,17820,20880,14790,22000,23870,7290,8570,9510,6790,6430,7270,22550,6180,18670
2021_05,14時,25220,26380,6040,9110,10980,8930,8550,7970,17940,20780,14520,22290,24080,7610,8660,9520,6840,6380,7340,22470,6130,19280
2021_05,15時,24900,25900,6140,8870,10810,8790,8380,7790,18000,20700,13720,22080,24170,7890,8730,9440,6750,6260,7170,22660,6030,19090
2021_05,16時,24590,25040,6200,8770,10540,8600,8190,7310,18410,20200,12660,21970,23550,7830,8620,9440,6640,6050,6910,23150,5970,17950
2021_05,17時,23820,23290,5990,8520,9960,8090,7580,6950,19340,18630,10850,21280,22920,7710,8320,9190,6400,5910,6670,23750,5770,16260
2021_05,18時,21170,20540,5670,7430,8810,7060,6280,6450,20940,13500,9020,20150,21540,7160,7910,8530,6040,5640,6400,24490,5160,13650
2021_05,19時,18880,18770,5020,6610,7800,6250,5740,6220,23000,9310,7130,18970,20100,6580,7230,7920,5740,5360,6240,25490,4260,11010
2021_05,20時,17020,17220,4630,5730,7170,5460,5170,6060,24890,6090,5030,17160,18130,5420,6180,7230,5330,5040,6070,26390,3400,7210
2021_05,21時,15710,15990,4170,5030,6800,4970,4880,5830,25930,4110,3420,15690,16480,4470,5290,6740,4940,4830,5880,26770,2740,4380
2021_05,22時,14920,15310,3890,4650,6600,4730,4710,5640,26220,3140,2630,14950,15800,4220,4980,6470,4740,4680,5650,26690,2310,3450
2021_05,23時,13920,14410,3580,4370,6250,4500,4350,5270,25520,2430,2060,14000,14800,3880,4640,6150,4510,4340,5260,25840,1970,2590
2021_05,24時,14390,15330,3570,4300,6390,4660,4800,5980,27610,2250,1710,14460,15760,3840,4600,6300,4710,4720,6040,27770,2030,2210
2021_05,25時,14500,15400,3580,4320,6430,4710,4820,6020,27800,2250,1710,14600,15880,3870,4650,6350,4740,4760,6080,27940,2040,2290
2021_05,26時,14480,15400,3600,4310,6370,4700,4830,6040,27820,2230,1700,14590,15890,3900,4640,6320,4750,4760,6090,27980,2030,2270
2021_05,27時,14450,15390,3590,4300,6350,4690,4840,6040,27780,2230,1690,14600,15910,3900,4640,6330,4740,4760,6110,28000,2020,2280
2021_05,28時,14460,15370,3600,4300,6340,4670,4860,6040,27770,2230,1680,14600,15910,3920,4620,6340,4740,4760,6110,28010,2020,2280
2021_06,5時,15220,17160,4160,4670,7010,4710,5280,6540,30120,2440,1930,15430,17130,4420,4700,6930,4680,5260,6540,29600,2270,2580
2021_06,6時,15880,17580,4230,4960,7170,4770,5530,6790,29570,3180,2790,15460,17160,4410,4770,6920,4640,5250,6620,29050,2440,2900
2021_06,7時,18120,19270,4820,5660,8160,5640,6050,7030,27510,7400,4630,16250,18050,4870,5150,7180,4890,5460,6740,28720,3570,3830
2021_06,8時,23950,23170,6010,8000,10380,7690,7630,7390,24090,17460,7920,18240,18960,5340,5900,8090,5330,5750,6770,27840,5280,5960
2021_06,9時,25420,25600,6120,8670,11350,8550,8380,7930,20930,20890,11220,19260,19870,5340,6410,8740,5720,5940,6960,26520,6000,8310
2021_06,10時,25740,27050,6240,9100,11600,8780,8760,8280,19560,21180,13930,20200,21210,5590,7130,9050,5980,6300,7350,25130,6210,11750
2021_06,11時,25590,27540,6170,9210,11660,8820,8910,8350,18470,21010,15390,20960,22340,5960,7660,9390,6260,6490,7510,23770,6170,14910
2021_06,12時,25850,27810,6400,9330,11550,9000,8890,8470,18430,21160,15810,21680,23000,6640,8010,9400,6400,6640,7580,23490,6240,16450
2021_06,13時,26010,27630,6760,9240,11540,8950,8880,8250,18320,21230,15820,21970,23440,6710,8100,9650,6620,6820,7490,23220,6240,17340
2021_06,14時,25820,27340,6860,9020,11500,8870,8730,8160,18300,21140,15470,21780,23770,6780,8110,9720,6780,6790,7350,22890,6220,17790
2021_06,15時,25570,26750,6900,8880,11290,8690,8600,7940,18450,20830,14780,21370,24510,7310,8020,9640,6890,6760,7240,22790,6130,18330
2021_06,16時,25130,25620,6750,8730,11010,8420,8330,7480,18870,20460,13200,20930,23740,6900,7960,9510,6770,6480,7030,23410,6070,16660
2021_06,17時,24220,24010,6470,8460,10500,7840,7720,7220,19980,18820,11270,20900,22770,7110,7570,9120,6630,6310,6910,24220,5950,15050
2021_06,18時,21560,21170,6100,7350,9250,6800,6570,6640,21640,13570,9340,20370,21190,6760,7090,8870,6370,5870,6570,24940,5080,13100
2021_06,19時,19190,19560,5480,6830,8040,6010,5960,6410,24060,9010,7530,18880,19240,6030,6510,8010,5660,5490,6400,26040,4140,9620
2021_06,20時,17350,18170,5180,5930,7440,5290,5420,6240,25840,5990,5560,17060,17740,5150,5620,7430,5100,5240,6260,26930,3360,6200
2021_06,21時,15990,17400,4830,5320,7190,4880,5110,6040,27050,4110,4100,15820,16940,4710,5080,7150,4760,4960,6080,27470,2800,4220
2021_06,22時,15080,16480,4350,4900,6950,4600,4930,5800,27310,3120,3010,14590,16270,4200,4670,6770,4490,4800,5910,27420,2370,2800
2021_06,23時,14080,15610,4020,4650,6600,4390,4530,5470,26690,2530,2310,13760,15550,4050,4420,6490,4290,4460,5580,26700,2140,2170
2021_06,24時,14550,16460,4100,4470,6720,4530,4960,6210,28800,2230,1920,14420,16400,4050,4440,6640,4530,4900,6250,28570,2070,1990
2021_06,25時,14710,16560,4180,4530,6750,4540,4990,6250,29030,2240,1960,14480,16470,4100,4430,6670,4540,4910,6280,28720,2040,1980
2021_06,26時,14670,16530,4150,4530,6720,4540,4990,6260,29040,2230,1900,14540,16410,4060,4450,6680,4550,4920,6290,28740,2030,1980
2021_06,27時,14660,16550,4140,4540,6720,4530,5000,6270,29070,2240,1880,14490,16440,4060,4470,6640,4550,4910,6280,28690,2030,2000
2021_06,28時,14620,16550,4140,4530,6710,4510,5000,6270,29000,2240,1900,14410,16490,4040,4470,6660,4540,4890,6280,28700,2050,1950
2021_07,5時,15790,16720,4200,4670,6910,4780,5400,6540,29960,2500,2140,15700,16280,4080,4670,6680,4760,5330,6440,29390,2390,2140
2021_07,6時,16470,17130,4350,4840,7090,4890,5620,6790,29530,3310,2920,15860,16260,4060,4620,6780,4750,5410,6500,28940,2550,2540
2021_07,7時,18500,18910,5040,5600,8060,5580,6110,7020,27360,7470,4740,16640,17420,4850,5030,6980,4960,5560,6660,28320,3730,3970
2021_07,8時,23930,23100,6380,7800,10230,7550,7650,7400,24060,16990,8210,18190,18700,5330,5890,7750,5430,5800,6660,27300,5350,6200
2021_07,9時,25510,25420,6630,8340,11240,8400,8340,7960,21150,20260,11530,19350,19490,5380,6460,8290,5800,5990,6900,25910,6240,8520
2021_07,10時,25840,26890,6740,8790,11550,8580,8720,8330,19850,20560,14300,20330,20790,5860,6930,8770,6120,6270,7150,24410,6460,12010
2021_07,11時,25950,27550,6840,8890,11640,8610,8950,8560,19030,20590,15720,21070,21950,6070,7470,9100,6380,6570,7400,23320,6620,14720
2021_07,12時,26130,27590,6950,8930,11630,8710,8960,8540,18870,20700,15930,21260,22280,6310,7660,9080,6370,6640,7460,22940,6740,15450
2021_07,13時,26110,27630,7120,8990,11700,8760,8910,8240,18740,20840,15900,21580,22860,6990,7770,9060,6470,6780,7350,22740,6740,16510
2021_07,14時,25960,27120,7050,8950,11610,8650,8810,8000,18650,20670,15480,21540,23420,7300,7960,9170,6490,6760,7280,22810,6680,17020
2021_07,15時,25880,26570,7120,8730,11460,8550,8720,7850,18860,20690,14620,21520,23230,7260,7940,9190,6430,6660,7250,23000,6600,16690
2021_07,16時,25610,25450,6980,8570,11140,8450,8430,7480,19170,20370,13260,20930,22630,7020,7770,8970,6270,6480,7040,23320,6580,15190
2021_07,17時,24640,23680,6600,8150,10590,7890,7820,7250,20130,18760,11240,20250,21830,6880,7450,8550,6120,6200,6860,23860,6370,13470
2021_07,18時,22060,20970,6370,7110,9360,6860,6630,6670,21770,13530,9530,19440,20630,6520,7170,8040,5890,5880,6550,24660,5600,11470
2021_07,19時,19730,19360,5920,6480,8130,6010,6070,6470,24100,9020,7760,18600,18870,5900,6550,7490,5550,5590,6380,25610,4350,9230
2021_07,20時,17810,17880,5360,5650,7590,5280,5520,6260,25920,5920,5710,17070,17090,4970,5710,6970,5010,5310,6170,26340,3320,6210
2021_07,21時,16360,16630,4550,5010,7220,4960,5200,6040,26910,3990,3980,16000,16060,4410,5110,6710,4790,5070,5950,26850,2870,4100
2021_07,22時,15460,15880,4320,4640,6850,4700,4990,5830,27300,3110,2870,15020,15310,4150,4630,6400,4550,4850,5730,26740,2510,2860
2021_07,23時,14560,14960,4020,4380,6480,4470,4670,5480,26680,2560,2150,14010,14550,3870,4340,6090,4360,4500,5380,25960,2240,2130
2021_07,24時,15090,15900,4080,4380,6650,4610,5100,6150,28780,2350,1820,14580,15600,3800,4390,6330,4510,5000,6140,28010,2160,1850
2021_07,25時,15260,15970,4100,4450,6700,4640,5120,6200,28990,2360,1860,14690,15610,3870,4430,6320,4500,4990,6170,28150,2140,1870
2021_07,26時,15250,16010,4100,4470,6700,4640,5110,6220,29050,2360,1830,14770,15640,3870,4480,6360,4510,4990,6190,28200,2120,1930
2021_07,27時,15210,15980,4100,4470,6670,4630,5090,6230,29050,2340,1790,14760,15660,3870,4460,6370,4520,5000,6190,28220,2130,1920
2021_07,28時,15220,16010,4120,4490,6670,4600,5100,6240,29020,2350,1850,14780,15630,3860,4460,6380,4510,5000,6190,28210,2140,1920
2021_08,5時,14840,16480,3750,4180,6740,4680,5180,6760,28690,2100,2240,14860,16550,4220,4260,6660,4660,5050,6540,28460,2160,2500
2021_08,6時,15340,16780,3940,4310,6770,4750,5390,6940,28150,2800,2890,15040,16560,4210,4300,6670,4660,5130,6600,28140,2250,2850
2021_08,7時,17220,18900,4860,5040,7490,5590,5850,7250,26640,6490,4830,15950,17700,5040,4760,6890,4820,5310,6810,27810,3210,4330
2021_08,8時,22380,22930,6240,7060,9760,7390,7270,7580,23960,14330,8730,17310,18660,5480,5310,7600,5220,5540,6790,27090,4200,6290
2021_08,9時,23660,24760,6590,7450,10470,8020,7780,8100,21350,16890,11780,18130,19470,5320,5830,8320,5560,5540,7010,25680,4820,8650
2021_08,10時,24070,25970,6840,7760,10620,8210,8180,8410,20090,17100,14360,18860,20550,5640,6270,8520,5810,5840,7310,24610,5050,11230
2021_08,11時,24300,26040,6700,7960,10660,8210,8290,8500,19210,17200,15400,19550,21380,6040,6690,8800,5950,6070,7360,23670,5180,13490
2021_08,12時,24460,26180,6750,7930,10840,8290,8220,8580,19150,17400,15500,20000,21520,6370,6850,8930,5940,6110,7310,23280,5270,14340
2021_08,13時,24580,26230,7030,8010,10930,8290,8190,8350,19140,17460,15630,20630,22020,6820,7230,9040,6090,6080,7370,23260,5240,15500
2021_08,14時,24340,25950,6970,8010,10830,8190,8130,8140,19010,17230,15470,21100,22270,7260,7600,9210,5980,6100,7200,23150,5250,16350
2021_08,15時,24250,25520,7090,7920,10630,8070,8100,7930,19240,17010,14930,21200,22120,7470,7580,9060,5950,6070,7170,23070,5110,16460
2021_08,16時,24100,24740,7200,7900,10380,7900,7900,7530,19750,16760,13780,20980,22000,7650,7500,8970,5870,5900,7060,23620,5060,15650
2021_08,17時,22980,23530,7180,7590,9870,7360,7220,7270,20550,15370,12050,20270,21230,7560,7060,8650,5660,5750,6810,24030,4920,13980
2021_08,18時,20670,20540,6580,6700,8550,6480,6070,6810,22280,10550,9910,19570,20480,7170,6880,8270,5520,5530,6660,24740,4340,12430
2021_08,19時,18350,18940,5680,5980,7620,5710,5620,6660,24100,7030,7710,18610,19030,6720,6350,7650,5180,5250,6480,25590,3670,9890
2021_08,20時,16480,17400,4640,5210,7180,5120,5220,6490,25300,4690,5480,17210,17590,5870,5640,7110,4870,4990,6300,26050,3080,7170
2021_08,21時,15280,16480,4170,4570,6960,4780,4960,6310,26210,3240,3890,15390,16450,4800,4660,6780,4610,4870,6110,26440,2500,4440
2021_08,22時,14650,15730,3950,4260,6720,4610,4800,6020,26420,2520,2990,14240,15730,4230,4140,6560,4410,4700,5920,26330,2190,2950
2021_08,23時,13810,14950,3740,4080,6350,4430,4440,5700,25800,2090,2350,13420,15030,4030,3930,6310,4220,4360,5570,25590,1990,2320
2021_08,24時,14380,15840,3740,4100,6500,4520,4890,6450,27810,1980,2040,13800,15830,3800,3970,6420,4390,4780,6240,27360,1900,1920
2021_08,25時,14490,15890,3800,4150,6500,4540,4910,6470,27950,1990,2070,13890,15900,3820,3950,6470,4400,4820,6300,27500,1890,1950
2021_08,26時,14450,15920,3790,4150,6500,4540,4900,6470,27960,1980,2050,13930,15950,3830,4000,6460,4420,4830,6320,27590,1890,1960
2021_08,27時,14390,15920,3780,4110,6510,4530,4890,6470,27940,1980,2010,13920,15960,3810,3980,6450,4440,4840,6340,27590,1870,1980
2021_08,28時,14360,15960,3780,4090,6510,4520,4920,6480,27930,1970,2030,13900,15980,3820,3960,6460,4420,4840,6360,27550,1880,2010
2021_09,5時,15360,16280,3730,4330,6710,4790,5270,6790,29090,2450,2080,15630,16050,4020,4340,6740,4910,4950,6690,28890,2170,2420
2021_09,6時,15840,16520,3870,4540,6730,4870,5410,6930,28420,3030,2850,15760,16130,4160,4340,6610,4840,5130,6780,28560,2390,2730
2021_09,7時,17640,18400,4640,5330,7340,5670,5800,7230,26660,6940,4330,16260,17310,4820,4660,6740,5040,5370,6910,28180,3460,3710
2021_09,8時,22910,22460,6370,6960,9680,7500,7240,7600,23850,16050,7530,18160,18210,5370,5320,7530,5500,5680,6950,27250,4980,5970
2021_09,9時,24580,24410,6850,7190,10520,8260,7930,8230,20950,19100,10780,19410,19100,5400,5960,8160,5850,5900,7220,25660,6090,8480
2021_09,10時,25080,25700,6850,7710,10800,8410,8320,8670,19640,19390,13540,20480,20320,5620,6600,8530,6090,6340,7590,24270,6350,11890
2021_09,11時,25400,26000,6620,7980,10950,8470,8580,8790,18780,19430,14900,21050,21570,5860,7230,8850,6280,6690,7700,23340,6400,14480
2021_09,12時,25540,26230,6860,7970,10960,8580,8520,8870,18720,19590,15140,21380,22200,5930,7510,9130,6520,6690,7780,22820,6400,15920
2021_09,13時,25530,25860,7050,7970,10820,8610,8410,8490,18400,19600,14990,21560,22470,6080,7430,9330,6580,6870,7730,22590,6460,16540
2021_09,14時,25180,25650,6970,7910,10720,8530,8370,8320,18370,19530,14510,21860,22610,6320,7650,9450,6570,6840,7620,22560,6260,17150
2021_09,15時,24710,25220,7120,7550,10540,8350,8360,7990,18600,19320,13620,21660,22860,6520,7630,9410,6760,6700,7490,22650,6210,17180
2021_09,16時,24280,24330,7120,7450,10230,8160,8000,7640,19010,18930,12270,21760,22260,6430,7570,9510,6720,6550,7220,22890,6020,16590
2021_09,17時,23300,22710,6640,7240,9690,7630,7510,7290,19880,17320,10390,21440,21470,6540,7430,9080,6440,6420,6980,23580,5760,15120
2021_09,18時,20910,20150,6190,6420,8600,6730,6280,6800,21680,12320,8670,20690,20360,6240,7070,8690,6180,6090,6760,24550,5030,13080
2021_09,19時,18240,18330,5020,5810,7430,5880,5800,6600,23620,7820,6810,19290,18900,5580,6460,8080,5890,5650,6510,25640,3890,10360
2021_09,20時,16800,16700,4320,5160,7120,5210,5220,6450,25180,5330,4750,16990,17070,4600,5240,7260,5280,5220,6440,26580,3130,6090
2021_09,21時,15660,15860,3930,4670,6930,4830,4930,6220,26090,3700,3490,15640,15960,4180,4680,6820,4840,4890,6180,26810,2740,3820
2021_09,22時,14960,15340,3820,4350,6710,4680,4740,5980,26450,2900,2720,14820,15310,4000,4460,6510,4600,4620,5910,26480,2380,3050
2021_09,23時,14190,14540,3690,4210,6320,4420,4410,5660,25870,2420,2160,14120,14460,3830,4200,6150,4450,4350,5590,25690,2170,2460
2021_09,24時,14870,15500,3660,4230,6550,4620,4900,6400,28080,2200,1890,14770,15470,3910,4120,6420,4660,4780,6330,27870,2070,2100
2021_09,25時,15010,15610,3730,4240,6560,4670,4950,6440,28300,2190,1940,14880,15610,3940,4170,6470,4700,4820,6380,28010,2080,2210
2021_09,26時,14950,15630,3700,4250,6530,4670,4950,6460,28310,2170,1910,14830,15560,3880,4140,6440,4700,4830,6380,27980,2090,2140
2021_09,27時,14970,15610,3680,4290,6540,4670,4930,6460,28300,2170,1910,14850,15600,3890,4140,6430,4720,4840,6410,28060,2100,2110
2021_09,28時,14930,15600,3690,4270,6530,4640,4900,6470,28250,2190,1900,14820,15610,3900,4130,6430,4710,4820,6430,28010,2080,2150
2021_10,5時,15660,16280,3510,4660,6730,4980,5190,6870,29120,2600,2130,15900,16370,3780,4650,6760,5140,5150,6770,28850,2430,2760
2021_10,6時,16330,16500,3660,4770,6820,5040,5490,7020,28490,3210,3010,16050,16420,3890,4680,6740,5100,5200,6840,28440,2590,3200
2021_10,7時,18240,18620,4640,5520,7560,5860,5900,7370,26530,7570,4640,16810,17300,4500,5010,7020,5190,5380,7000,28110,3610,4130
2021_10,8時,23530,22860,6650,6860,9910,7780,7380,7790,23450,17260,7680,18250,18820,5130,5670,7840,5690,5740,6990,26850,5500,6490
2021_10,9時,25320,24760,7090,7020,10710,8670,8110,8470,20380,20250,11200,20010,19900,5630,6390,8430,6090,5940,7420,25300,6670,9630
2021_10,10時,26070,26090,7240,7660,11110,8730,8520,8880,18970,20840,14090,20770,21160,5770,7000,8930,6250,6190,7760,23430,6840,13290
2021_10,11時,25920,26690,7120,7780,11120,8850,8660,9070,18070,20660,15520,21690,22430,5760,7710,9360,6550,6650,8070,22380,6900,16360
2021_10,12時,25880,26810,6890,7770,11330,9000,8700,8990,17980,20710,15640,22090,23150,6080,8010,9630,6730,6820,7960,21940,7020,17730
2021_10,13時,25870,26690,7090,7800,11300,9060,8670,8630,17740,20930,15500,22170,23560,6390,7800,9840,6980,6810,7870,21660,6930,18480
2021_10,14時,25750,26430,7220,7800,11160,8970,8600,8430,17710,20910,15120,22510,24310,7100,8050,9980,7170,6670,7830,21350,6940,19900
2021_10,15時,25610,25780,7400,7510,11000,8870,8420,8170,18020,20720,14180,23140,25260,7660,8350,10430,7310,6840,7790,21830,6830,21040
2021_10,16時,25060,24810,7460,7350,10520,8580,8100,7840,18420,20230,12760,23580,25840,8220,8770,10720,7490,6670,7530,22370,6760,21650
2021_10,17時,24210,23340,7250,7280,9980,8010,7590,7430,19390,18710,11000,23100,25290,8320,8590,10450,7290,6490,7230,22930,6520,20430
2021_10,18時,22010,21020,6910,6690,8950,7030,6420,7010,21340,13610,9640,21950,23890,7690,7970,9970,7150,6090,6950,23920,5480,17950
2021_10,19時,19440,19170,5850,6300,7610,6130,5870,6830,22950,9070,8170,20860,22360,6850,7530,9270,6860,5850,6840,25010,4500,15300
2021_10,20時,17730,17400,4980,5610,7050,5460,5350,6660,24430,6010,6340,18380,18770,5280,6080,7980,5860,5330,6600,25510,3510,9730
2021_10,21時,16290,16590,4450,5080,6820,5040,5040,6440,25570,4260,4690,16570,16610,4350,5100,7140,5220,5000,6350,26140,2930,5730
2021_10,22時,15470,15830,3800,4790,6750,4890,4830,6220,26250,3310,3410,15460,15460,3630,4660,6840,4980,4700,6090,26160,2520,3870
2021_10,23時,14460,14780,3390,4530,6330,4650,4460,5870,25690,2690,2500,14340,14510,3270,4430,6380,4640,4390,5710,25500,2240,2670
2021_10,24時,15190,15480,3370,4520,6480,4790,4920,6560,27950,2340,2120,14890,15370,3300,4340,6540,4820,4820,6430,27550,2180,2220
2021_10,25時,15330,15590,3410,4560,6530,4830,4970,6600,28200,2330,2150,15010,15470,3390,4350,6560,4830,4850,6480,27840,2150,2190
2021_10,26時,15330,15620,3430,4560,6530,4840,4950,6630,28280,2330,2100,15050,15480,3460,4340,6580,4820,4830,6480,27900,2140,2180
2021_10,27時,15300,15710,3490,4580,6500,4820,4970,6630,28260,2400,2110,14970,15470,3430,4290,6570,4820,4840,6470,27890,2100,2150
2021_10,28時,15270,15680,3500,4580,6470,4790,4940,6650,28190,2420,2100,14950,15500,3440,4290,6550,4830,4820,6490,27890,2120,2140
2021_11,5時,15620,15740,3030,4270,7330,5090,4910,6700,28460,2380,2350,15720,15710,3380,4320,7080,5150,4850,6620,28270,2040,2690
2021_11,6時,16220,16170,3300,4350,7360,5160,5270,6920,28020,3150,3120,15910,15920,3400,4370,7150,5110,5030,6760,28000,2220,3180
2021_11,7時,18270,18100,4360,5090,8060,6090,5640,7110,25980,7510,4760,16580,16870,4190,4590,7260,5250,5220,6930,27440,3280,4300
2021_11,8時,23780,22780,6690,6740,10460,8040,7090,7520,22990,17670,7890,18170,17670,4360,5180,8210,5700,5440,6930,26340,4960,6160
2021_11,9時,25490,24860,7540,6880,11060,8870,7810,8180,19690,21140,11280,19330,18770,4880,5810,8830,6000,5570,7000,24660,6260,8710
2021_11,10時,25890,26560,7620,7430,11350,9070,8270,8700,18390,21390,14370,20570,20230,5260,6590,9210,6300,6010,7400,22950,6570,12690
2021_11,11時,25840,27080,7330,7430,11620,9170,8430,8920,17280,21140,16090,21430,21760,5770,7070,9540,6610,6470,7710,21740,6510,16220
2021_11,12時,25890,27090,7390,7370,11660,9290,8520,8730,17030,21200,16330,22050,22600,6300,7460,9720,6790,6630,7730,21260,6840,17840
2021_11,13時,26060,27010,7510,7540,11700,9270,8500,8530,16930,21340,16360,22530,23610,7060,7760,9940,7020,6670,7670,20750,6720,19900
2021_11,14時,25840,26910,7590,7610,11550,9280,8340,8360,16870,21480,15930,22420,24340,7230,7890,10290,7250,6510,7570,20650,6610,20700
2021_11,15時,25420,26300,7590,7470,11280,9170,8150,8050,17220,21190,14870,22620,24820,7450,8000,10470,7570,6530,7390,21060,6500,21110
2021_11,16時,24890,25060,7390,7280,10960,8920,7790,7590,17820,20670,13000,22880,25710,7890,8590,10480,7690,6710,7210,21880,6310,21640
2021_11,17時,24030,23830,7340,7140,10390,8490,7300,7180,18860,19150,11380,22440,25440,7870,8450,10420,7580,6590,6950,22610,6060,20550
2021_11,18時,21700,20930,6490,6630,9230,7410,6060,6800,20630,13690,9890,21870,23930,7630,8070,9790,7320,6200,6770,23720,5310,18150
2021_11,19時,19470,19220,5650,6080,8180,6560,5590,6620,22420,9180,8670,20630,21750,6580,7360,9140,6910,5800,6580,24460,4170,15170
2021_11,20時,17700,17570,4740,5450,7610,5850,5120,6490,23890,5940,7040,18190,18600,5180,5980,8040,6020,5170,6390,25050,3240,9970
2021_11,21時,16400,16360,3970,4860,7330,5470,4850,6260,25040,4100,5210,16750,16690,4090,5380,7500,5490,4830,6140,25730,2870,6350
2021_11,22時,15590,15300,3470,4500,7140,5210,4590,5970,25470,3130,3900,15780,15230,3450,4910,7150,5140,4480,5860,25720,2560,4240
2021_11,23時,14540,14250,3100,4160,6750,4860,4260,5650,25060,2390,2900,14520,14060,2890,4440,6740,4840,4150,5510,24920,2220,2890
2021_11,24時,15260,15010,3020,4150,7010,4990,4670,6410,27550,2130,2280,15100,14980,2890,4300,6930,4940,4640,6370,27250,2130,2300
2021_11,25時,15370,15120,3050,4170,7080,5040,4710,6440,27820,2110,2270,15200,15110,2950,4360,6950,4980,4630,6410,27500,2130,2270
2021_11,26時,15280,15150,3050,4170,7050,5010,4700,6440,27850,2090,2200,15060,15080,2980,4270,6910,4940,4620,6410,27540,2080,2100
2021_11,27時,15220,15220,3060,4170,7050,4990,4700,6450,27790,2110,2240,15050,15090,2960,4230,6940,4920,4650,6410,27530,2040,2150
2021_11,28時,15180,15270,3140,4150,7050,4940,4690,6460,27760,2130,2270,15040,15100,2960,4240,6930,4920,4640,6430,27480,2040,2190
2021_12,5時,15820,16170,3800,4380,7120,4940,5090,6630,28980,1980,2240,16360,15910,3860,4450,7040,5100,5090,6700,28800,1790,2880
2021_12,6時,16580,16440,4030,4510,7170,5060,5450,6790,28600,2590,3030,16510,16060,4000,4560,6930,5030,5210,6830,28550,1870,3280
2021_12,7時,18290,18300,5050,5290,7820,5750,5600,7060,26890,6290,4650,17240,17110,4890,4900,7060,5190,5380,6910,28290,2980,4250
2021_12,8時,23110,22750,7270,6540,10070,7680,6930,7360,23910,15150,8190,19000,18310,5330,5660,8120,5660,5480,7040,27100,4730,6670
2021_12,9時,24870,24810,7970,6750,10830,8490,7670,7960,20940,18180,11710,20280,19370,5610,6110,8680,6110,5740,7380,25420,5720,9590
2021_12,10時,25460,26220,8010,7300,11090,8670,8040,8550,19570,18670,14560,21310,21290,5910,6830,9300,6580,6190,7770,23730,6010,13850
2021_12,11時,25650,26860,7870,7410,11260,8770,8310,8870,18430,18600,16530,22300,23720,6500,7500,9870,7030,6840,8270,22580,6250,18210
2021_12,12時,25750,27660,8110,7580,11430,9010,8370,8880,18200,18760,17510,22920,25400,7170,7950,10300,7340,7260,8290,22510,6390,20400
2021_12,13時,25840,27910,8290,7780,11440,9120,8460,8650,18180,18890,17720,23470,26160,7490,8320,10430,7800,7330,8240,22160,6430,22000
2021_12,14時,25590,28080,8350,7850,11360,9180,8470,8440,18040,18760,17860,23800,27610,7940,8890,10930,8100,7380,8150,21930,6290,24080
2021_12,15時,25560,27870,8590,7800,11270,9050,8360,8360,18240,18450,17720,24000,28210,8450,9370,11010,8150,7270,7940,21860,6240,25090
2021_12,16時,25300,26710,8360,7730,10880,8940,8090,8000,18720,17920,16370,23770,28430,8680,9560,11190,7980,7160,7620,22370,6120,24700
2021_12,17時,24530,25350,8060,7490,10490,8560,7670,7590,19880,16510,14510,23110,27700,8550,9070,10930,7870,7000,7360,23130,5720,22970
2021_12,18時,22550,22540,7200,7120,9580,7550,6550,7080,21640,11720,12760,21950,26510,7970,8670,10500,7540,6680,7090,23820,4820,20820
2021_12,19時,20570,20820,6610,6610,8560,6600,6100,6890,23210,7930,11260,20810,23930,7070,7820,9400,7130,6430,6870,24890,4010,16920
2021_12,20時,19060,19170,5910,6030,7910,5970,5670,6720,24420,5210,9610,19210,21580,6110,6490,8540,6670,6130,6820,25490,3310,13070
2021_12,21時,17580,17360,5100,5410,7490,5440,5110,6360,25370,3670,6930,17530,19940,5140,5700,7990,6250,5810,6570,26210,2680,9730
2021_12,22時,16540,15980,4440,5000,7210,5090,4730,6020,25990,2620,4940,16190,16510,4450,5040,7050,5260,4870,6000,26320,2210,5300
2021_12,23時,14910,14540,3820,4340,6630,4670,4330,5630,25370,2020,3080,14950,14570,3830,4430,6570,4780,4280,5620,25640,1870,3120
2021_12,24時,15420,15350,3620,4330,6760,4810,4800,6430,27900,1690,2260,15500,15360,3810,4360,6530,4930,4790,6420,27820,1720,2470
2021_12,25時,15580,15430,3680,4400,6790,4850,4820,6460,28160,1710,2230,15610,15410,3810,4360,6600,4940,4820,6470,27970,1700,2510
2021_12,26時,15570,15450,3710,4370,6790,4830,4840,6450,28220,1700,2190,15490,15430,3780,4280,6640,4920,4820,6460,28040,1680,2360
2021_12,27時,15530,15450,3730,4320,6790,4800,4860,6470,28200,1700,2170,15480,15480,3790,4260,6670,4910,4850,6460,28110,1670,2350
2021_12,28時,15490,15480,3730,4330,6800,4780,4840,6480,28140,1730,2180,15410,15530,3750,4260,6680,4910,4820,6500,28080,1680,2340
2022_01,5時,15480,16220,3760,4340,7090,4740,5070,6690,28920,2270,2240,15300,15890,3730,4180,6900,4760,4900,6700,27940,1920,2780
2022_01,6時,16310,16620,3980,4480,7250,4860,5420,6920,28710,3040,2910,15490,15840,3650,4260,6790,4750,5060,6800,27620,2010,3130
2022_01,7時,17930,18310,4850,5050,7760,5580,5870,7110,26850,6710,4410,16040,16850,4390,4510,6920,4930,5200,6920,27370,2840,4150
2022_01,8時,22970,22890,6620,6700,10200,7520,7310,7500,24090,15600,8000,17760,17550,4620,5190,7710,5480,5380,6910,26520,4090,6130
2022_01,9時,25000,24950,7280,6890,11020,8470,8160,8100,21390,18500,11610,18790,18370,4690,5700,8220,5850,5610,7080,25350,5110,8040
2022_01,10時,25310,26020,7470,7040,11310,8660,8280,8560,20040,18840,13940,19550,19660,5060,6230,8520,6130,5930,7310,24010,5190,11260
2022_01,11時,25420,26600,7610,7090,11450,8760,8440,8640,19080,18770,15590,20100,21540,5570,7000,8920,6340,6120,7670,23250,5340,14310
2022_01,12時,25230,27180,7710,7300,11540,8900,8380,8560,18940,18990,15920,20150,22230,5690,7440,9090,6340,6180,7620,22480,5310,15790
2022_01,13時,25630,27470,8030,7680,11710,8990,8310,8360,18820,19340,16360,20690,23340,6260,7790,9280,6590,6430,7650,22280,5380,17540
2022_01,14時,25590,27410,8110,7800,11640,8960,8270,8200,18700,19330,16390,20980,24170,6840,8280,9490,6640,6310,7560,22110,5310,18860
2022_01,15時,25450,26690,8150,7670,11350,8760,8210,7990,18840,18960,15840,20960,25480,8110,8520,9480,6550,6320,7450,22010,5210,20340
2022_01,16時,25610,25480,8120,7960,10970,8520,7870,7640,19380,18400,14780,20750,26240,8580,8970,9540,6470,6090,7320,22760,5100,20330
2022_01,17時,24560,23590,7720,7730,10290,7960,7190,7240,20480,16710,12440,20130,26020,8770,8840,9160,6440,5920,7010,23410,5030,18960
2022_01,18時,22010,21170,7160,7030,9160,6890,6030,6900,22310,11850,10510,19280,24510,8180,8340,8900,6060,5630,6680,24000,4330,16680
2022_01,19時,19750,19470,6480,6270,8140,5980,5640,6690,23930,7820,8940,18120,21770,6980,7300,8130,5710,5240,6520,24680,3740,12760
2022_01,20時,18060,18080,5900,5730,7390,5390,5180,6530,25150,5230,7280,17050,20040,6310,6430,7690,5310,5000,6340,25250,3090,10080
2022_01,21時,16300,16630,4780,4880,7110,4920,4920,6310,26140,3720,4640,16010,17030,4760,5210,7250,4930,4760,6120,25690,2610,6140
2022_01,22時,15240,15680,4040,4630,6890,4680,4630,6040,26420,2870,3220,14960,15360,3830,4590,6850,4660,4540,5830,25570,2260,3910
2022_01,23時,14380,14630,3720,4320,6590,4430,4320,5620,25820,2270,2480,13970,14240,3420,4150,6470,4460,4230,5470,24760,2010,2840
2022_01,24時,15120,15630,3740,4340,6730,4600,4820,6500,28240,2110,2010,14600,15230,3390,4100,6560,4620,4730,6410,27210,1880,2210
2022_01,25時,15250,15720,3770,4380,6780,4640,4840,6540,28430,2090,2060,14680,15370,3500,4110,6540,4650,4760,6460,27360,1860,2280
2022_01,26時,15200,15700,3770,4340,6770,4620,4850,6520,28430,2070,2010,14700,15390,3570,4060,6570,4650,4780,6450,27380,1880,2300
2022_01,27時,15220,15730,3800,4330,6790,4610,4850,6540,28410,2090,2060,14680,15360,3540,4020,6580,4650,4770,6450,27390,1870,2250
2022_01,28時,15190,15750,3820,4310,6810,4590,4840,6540,28380,2110,2060,14610,15380,3540,4000,6580,4640,4750,6460,27350,1860,2240
2022_02,5時,15190,15690,3530,4310,6850,4520,5180,6460,28490,2060,1830,15040,15780,3810,4370,6780,4520,4980,6360,28090,1740,2310
2022_02,6時,15910,16130,3680,4420,6980,4600,5570,6760,28210,2780,2530,15440,16040,3930,4550,6870,4500,5130,6480,28090,2050,2740
2022_02,7時,17880,17900,4500,5140,7580,5370,6150,7020,26480,6730,4070,16050,16930,4530,4830,6950,4710,5320,6620,27680,3010,3590
2022_02,8時,23100,21960,6290,6660,10090,7110,7440,7450,23580,15600,7470,17780,17780,4810,5520,7850,5200,5460,6690,26970,4410,5480
2022_02,9時,24670,23870,6850,6660,10990,7910,8110,8010,20950,18500,10520,18900,18820,4950,6000,8430,5650,5630,7030,25730,5490,7810
2022_02,10時,25070,25170,6860,7230,11150,8110,8380,8490,19600,18920,13070,19740,20090,5380,6550,8630,5850,6080,7330,24610,5770,10700
2022_02,11時,24910,26020,7030,7330,11270,8240,8450,8580,18820,18900,14540,20250,21270,5540,7350,8880,6120,6230,7390,23570,5770,13330
2022_02,12時,24890,26460,7210,7370,11290,8490,8490,8480,18580,19080,14990,21090,22210,6260,7820,9160,6260,6300,7480,23270,5860,15250
2022_02,13時,25110,26330,7430,7410,11360,8520,8410,8310,18450,19360,14920,21660,22480,6450,7970,9520,6390,6320,7470,22900,6040,16350
2022_02,14時,24780,26300,7470,7510,11200,8480,8300,8120,18490,19240,14650,21670,23430,6760,8190,9840,6540,6360,7390,22680,5920,17650
2022_02,15時,24370,25510,7310,7240,10970,8340,8140,7860,18710,18810,13650,21810,24200,7130,8300,10130,6710,6500,7210,22770,5850,18600
2022_02,16時,23640,24390,6990,7140,10410,8190,7870,7410,19200,18060,12050,21520,24320,7050,8650,10090,6690,6340,7010,23120,5680,18170
2022_02,17時,22980,22770,6920,7140,9810,7550,7260,7050,20030,16650,10360,21050,23330,7030,8310,9650,6440,6140,6790,23960,5460,16140
2022_02,18時,20420,20150,6220,6470,8770,6380,6090,6620,21780,11550,8520,20160,22070,6570,7890,9240,6030,5880,6610,24650,4750,14050
2022_02,19時,18370,18600,5580,5840,7810,5630,5590,6500,23420,7760,7080,18640,19570,5780,6950,8160,5520,5380,6400,25230,3810,10400
2022_02,20時,16840,17070,4860,5390,7120,5070,5140,6320,24680,5140,5390,16820,17420,5100,5770,7280,4900,4970,6210,25780,3030,6700
2022_02,21時,15890,15900,4210,4940,6870,4670,4920,6170,25760,3500,3800,16020,16030,4420,5250,6950,4580,4790,6050,26230,2380,4690
2022_02,22時,14960,15050,3540,4610,6680,4500,4720,5950,26200,2570,2550,14970,15220,3940,4840,6660,4410,4570,5770,26130,2080,3290
2022_02,23時,14140,14300,3420,4260,6400,4310,4430,5610,25590,2060,2090,14050,14440,3720,4430,6340,4210,4300,5490,25500,1750,2540
2022_02,24時,14810,15150,3580,4230,6550,4410,4910,6270,27700,1860,1710,14660,15460,3800,4360,6470,4440,4830,6200,27620,1690,2130
2022_02,25時,14910,15200,3590,4290,6570,4440,4920,6280,27850,1870,1710,14730,15460,3830,4290,6540,4460,4840,6220,27720,1700,2110
2022_02,26時,14890,15170,3570,4280,6550,4420,4930,6280,27850,1830,1700,14730,15470,3890,4270,6540,4420,4840,6220,27700,1680,2140
2022_02,27時,14880,15170,3540,4280,6570,4420,4940,6280,27830,1840,1700,14720,15440,3850,4270,6530,4410,4850,6230,27690,1670,2130
2022_02,28時,14850,15170,3530,4270,6590,4420,4900,6300,27810,1840,1680,14730,15460,3880,4270,6550,4420,4820,6230,27690,1670,2160
2022_03,5時,15130,15850,3490,4300,7120,4590,5110,6360,28260,2040,2280,15530,15610,4100,4390,6750,4600,4950,6340,27380,1910,3380
2022_03,6時,15720,16200,3620,4340,7230,4650,5480,6580,27820,2800,2930,15720,15720,4130,4390,6790,4580,5080,6460,27300,2070,3610
2022_03,7時,17700,17660,4260,5130,7890,5390,5990,6680,26130,6520,4320,16360,16350,4590,4640,7020,4730,5250,6460,26860,2760,4550
2022_03,8時,23060,22030,6290,6530,10580,7270,7310,7090,22960,15770,8130,18120,17570,4830,5480,8210,5190,5470,6490,26010,4360,6900
2022_03,9時,24980,24530,7320,6530,11620,8170,8110,7740,20150,19110,11750,19700,18630,5160,6180,9010,5620,5690,6650,24460,5600,9720
2022_03,10時,25280,25950,7520,7060,11750,8290,8450,8140,18750,19580,14340,20330,20090,5350,7040,9160,5940,6000,6920,22920,6020,12870
2022_03,11時,25340,26540,7550,7270,11840,8410,8550,8240,17760,19670,15840,20940,21720,6020,7480,9610,6220,6400,6910,21780,6100,16080
2022_03,12時,25430,26840,7440,7510,11910,8650,8510,8230,17580,19960,16080,21520,22430,6510,7850,9810,6260,6540,6950,21080,6420,17760
2022_03,13時,25670,27220,7880,7660,11960,8810,8440,8110,17480,20150,16610,22120,22900,6720,8130,10090,6410,6580,7070,20900,6370,18920
2022_03,14時,25400,26970,7870,7610,11880,8790,8380,7820,17470,20090,16180,21980,23330,6720,8250,10220,6570,6430,7090,20560,6250,19640
2022_03,15時,24650,26610,7700,7330,11640,8700,8260,7620,17780,19760,15150,22030,24480,7510,8340,10470,6750,6300,7120,20960,6250,20560
2022_03,16時,24380,25500,7560,7210,11210,8620,7930,7330,18330,19080,13870,22010,25300,7750,8620,10730,7000,6280,6910,21520,6130,20910
2022_03,17時,23730,24330,7810,7170,10530,8090,7410,7030,19250,17630,12640,21590,24490,7620,8300,10390,6860,6210,6680,22150,5910,19240
2022_03,18時,21310,21980,6920,6720,9460,7200,6340,6630,20990,12690,11080,20360,22840,6860,7720,9840,6460,5830,6470,22980,5130,16320
2022_03,19時,19040,20200,6150,6100,8460,6340,5790,6390,22650,8780,9220,18670,20530,5830,6810,8800,6020,5460,6270,23690,4220,12590
2022_03,20時,17160,18720,5340,5460,7840,5630,5320,6280,23840,5810,7630,17060,17900,5140,5630,7710,5190,5090,6190,24450,3520,8350
2022_03,21時,16190,17220,4710,5010,7490,5110,5000,6080,25050,4120,5690,16100,16020,4440,5040,7160,4710,4780,5970,25050,2820,5610
2022_03,22時,15050,15510,3830,4570,7070,4600,4680,5800,25660,2920,3450,15040,14880,3890,4630,6710,4440,4480,5740,24950,2220,4130
2022_03,23時,14110,14350,3550,4150,6610,4330,4340,5470,25120,2110,2660,14080,14210,3730,4190,6380,4270,4260,5440,24410,1900,3360
2022_03,24時,14820,15210,3540,4220,6800,4480,4850,6130,27340,1890,2280,14650,15250,3980,4160,6490,4420,4730,6100,26560,1860,2910
2022_03,25時,14950,15230,3590,4220,6840,4500,4870,6150,27570,1880,2230,14730,15330,4010,4150,6550,4460,4770,6110,26740,1830,2920
2022_03,26時,14820,15260,3630,4160,6820,4460,4870,6140,27550,1840,2180,14760,15310,3980,4160,6600,4430,4780,6110,26830,1830,2860
2022_03,27時,14770,15290,3640,4160,6790,4440,4860,6150,27530,1840,2190,14750,15320,3950,4150,6620,4430,4780,6120,26830,1810,2860
2022_03,28時,14790,15290,3630,4190,6790,4450,4850,6150,27520,1860,2190,14700,15310,3930,4170,6580,4410,4760,6130,26770,1790,2870
2022_04,5時,15090,15540,3780,4620,6500,4690,4910,6110,28060,2540,2070,15120,15270,3850,4480,6390,4620,4870,6160,27560,2160,2350
2022_04,6時,15830,15810,3740,4820,6670,4820,5260,6310,27570,3320,2730,15340,15460,3880,4580,6560,4600,4890,6280,27440,2420,2620
2022_04,7時,17750,17680,4390,5840,7460,5270,5880,6570,25980,7410,4170,16130,16140,4170,5100,6710,4740,5100,6430,27100,3310,3570
2022_04,8時,22800,22560,6480,7240,9980,7460,7210,6970,22520,17860,7130,17710,17570,4520,5930,7780,5370,5260,6410,25910,4820,6160
2022_04,9時,24640,24810,7370,7280,10930,8350,7910,7590,19720,21430,10370,19000,18920,4740,6680,8410,5810,5480,6790,24420,5910,9180
2022_04,10時,25300,26390,7650,7790,11290,8550,8240,8150,18360,22070,13200,20040,20230,5090,7460,8820,6020,5710,7140,22540,6120,13050
2022_04,11時,25110,27080,7480,7870,11390,8640,8450,8340,17580,22000,14490,21040,22290,5800,8130,9210,6460,6210,7500,21600,6260,16850
2022_04,12時,25160,27020,7480,7860,11470,8730,8430,8200,17360,22090,14660,21800,23080,6330,8790,9420,6710,6170,7450,20900,6420,18880
2022_04,13時,25360,27150,7870,8020,11470,8730,8410,7990,17050,22450,14900,22360,23620,6530,9130,9860,6850,6240,7360,20630,6540,20090
2022_04,14時,25410,26960,7780,8200,11480,8760,8390,7740,17160,22540,14540,22390,23920,6750,9570,9840,6840,6170,7120,20340,6250,20880
2022_04,15時,24820,26230,7760,7820,11150,8580,8150,7560,17490,21960,13540,23490,24530,7840,10210,10000,6970,6120,6840,20660,6420,22220
2022_04,16時,24280,25260,7610,7600,10780,8410,7900,7210,17900,21160,12360,23910,25170,8760,10470,10010,6970,6140,6710,21270,6300,22910
2022_04,17時,23760,23360,7200,7730,10050,7990,7270,6870,18950,19410,10620,23940,24220,8990,10110,9590,6880,5960,6620,22080,6080,21410
2022_04,18時,21000,20250,5760,7200,8770,6880,6200,6430,20520,13560,9050,23410,22940,8970,9610,8970,6480,5860,6440,22940,5130,19740
2022_04,19時,18850,18760,5440,6410,7730,6060,5760,6200,22360,9280,7850,22450,20690,8410,8650,8370,6060,5450,6170,23710,4190,16700
2022_04,20時,17510,17090,4810,5880,7180,5410,5280,6020,23760,6420,6290,20170,18310,6920,7250,7690,5400,5080,6120,24160,3400,12350
2022_04,21時,16070,15740,4210,5150,6790,4970,4870,5800,24760,4490,4450,17290,16560,5240,6010,7070,4930,4680,5910,24700,3020,7690
2022_04,22時,15080,14980,3810,4850,6540,4700,4630,5500,25390,3210,3310,15260,15180,4160,5230,6320,4690,4420,5600,24790,2460,4750
2022_04,23時,14010,13970,3460,4500,6130,4430,4270,5160,24930,2550,2300,13860,14020,3770,4560,5790,4430,4090,5230,24230,2150,3070
2022_04,24時,14710,14840,3610,4410,6330,4540,4740,5900,27370,2280,1740,14250,14860,3600,4400,6010,4510,4590,5970,26710,2020,2000
2022_04,25時,14790,14900,3610,4430,6370,4570,4770,5930,27520,2280,1750,14390,14930,3620,4450,6100,4540,4610,5980,26900,2040,2020
2022_04,26時,14760,14920,3640,4410,6340,4560,4770,5940,27510,2260,1770,14400,14940,3630,4430,6160,4510,4610,5990,26990,2010,1980
2022_04,27時,14760,14970,3680,4450,6310,4570,4770,5930,27530,2260,1800,14500,14970,3690,4450,6140,4530,4630,6000,27030,2030,2040
2022_04,28時,14790,15020,3770,4480,6300,4540,4750,5950,27560,2270,1840,14510,14970,3670,4490,6170,4520,4610,6010,26990,2080,2060
2022_05,5時,15280,15510,3680,4490,6670,4660,5040,6230,28170,2600,2120,14980,15230,3600,4570,6320,4650,4850,6210,27460,2200,2440
2022_05,6時,16040,15800,3730,4600,6990,4860,5230,6420,27670,3330,2830,15090,15400,3530,4710,6450,4610,4900,6270,27220,2400,2740
2022_05,7時,17580,17810,4290,5660,7600,5380,5830,6610,25700,7190,4500,15880,15990,3890,5050,6610,4710,5100,6500,26860,2960,3850
2022_05,8時,23170,22910,6920,7440,10000,7490,7280,6940,22520,18300,7620,17420,17420,4500,5780,7580,5290,5270,6400,25770,4650,6290
2022_05,9時,24850,25250,7510,8000,10740,8340,7910,7570,19480,22020,10580,19020,18780,4820,6580,8410,5750,5470,6730,24320,5680,9480
2022_05,10時,25260,26440,7560,8340,11140,8440,8230,7960,17980,22400,13110,20440,20230,5380,7310,9020,5990,5870,7080,22910,5950,13470
2022_05,11時,25300,27090,7750,8330,11330,8510,8350,8100,17220,22150,14780,21240,21980,5960,7990,9410,6350,6220,7270,21800,6040,16940
2022_05,12時,25480,27120,7630,8420,11370,8670,8430,8060,17100,22460,14850,21480,22810,6230,8310,9720,6510,6320,7190,20990,6210,18630
2022_05,13時,25760,27400,8020,8480,11440,8720,8590,7880,17210,22750,15040,21860,23930,6840,8560,10040,6730,6380,7210,20920,6270,20140
2022_05,14時,25470,27090,8040,8440,11140,8660,8570,7680,17170,22690,14530,21860,24810,7420,8850,10030,6990,6250,7120,20680,6300,21260
2022_05,15時,24830,26480,7930,8030,10920,8530,8330,7550,17380,22320,13440,21940,25280,7750,9160,10040,6960,6200,7090,20830,6180,21770
2022_05,16時,24480,25190,7630,7840,10620,8270,8060,7230,17920,21780,11790,21860,25970,8410,9140,10050,7140,6200,6870,21370,6040,22010
2022_05,17時,23930,23310,7170,8020,9850,7820,7440,6920,19020,19930,10120,21780,25890,8750,9190,9930,7140,6040,6600,22080,5960,21300
2022_05,18時,21280,19990,5680,7380,8700,6680,6280,6540,20790,13590,8750,21480,24930,9010,8670,9510,6910,5780,6520,22920,5320,19880
2022_05,19時,18840,18430,5420,6320,7760,5720,5730,6290,22480,9190,7470,20410,23370,8500,7810,9020,6560,5530,6350,23650,4370,17530
2022_05,20時,17190,16840,4600,5640,7220,5190,5270,6100,23830,6170,5900,18720,21360,7610,6980,8090,5950,5250,6180,24310,3480,14020
2022_05,21時,16160,15720,4210,4930,6840,4990,4950,5940,24850,4340,4580,16790,18570,5990,5900,7210,5280,4930,6020,25010,3080,9070
2022_05,22時,15190,14770,3700,4640,6530,4650,4730,5680,25410,3290,3150,15120,16000,4480,5060,6460,4720,4650,5730,25110,2730,5100
2022_05,23時,14200,13940,3440,4350,6220,4350,4460,5290,25090,2510,2370,13960,14300,3670,4610,5920,4390,4310,5340,24560,2220,3200
2022_05,24時,14800,14880,3620,4280,6490,4480,4800,6000,27380,2310,1900,14640,14920,3640,4470,6200,4500,4680,6050,26900,2110,2370
2022_05,25時,14910,14940,3610,4350,6520,4520,4810,6020,27530,2340,1910,14710,15050,3660,4510,6250,4540,4720,6070,27080,2120,2410
2022_05,26時,14910,14980,3610,4390,6490,4530,4820,6020,27570,2320,1920,14690,15040,3670,4520,6220,4510,4710,6070,27150,2080,2340
2022_05,27時,14900,14970,3610,4390,6450,4540,4840,6030,27550,2310,1940,14680,15040,3660,4520,6230,4530,4700,6060,27130,2080,2360
2022_05,28時,14870,14960,3610,4370,6450,4530,4820,6040,27500,2320,1920,14740,15010,3660,4530,6240,4510,4690,6100,27130,2100,2350
2022_06,5時,15050,15640,3570,4630,6880,4540,4890,6160,28250,2740,1970,15420,15560,4050,4710,6780,4490,4910,6040,27900,2430,2700
2022_06,6時,15620,15990,3590,4720,7090,4840,5020,6320,27710,3420,2610,15510,15700,4030,4800,6750,4500,4920,6180,27570,2620,3040
2022_06,7時,17300,17840,4100,5730,7630,5420,5690,6560,25910,7100,4290,16270,16320,4130,5360,7020,4680,5100,6280,27020,3280,4220
2022_06,8時,22890,22840,6320,7400,10260,7610,7220,6900,22530,18540,7220,17750,18110,4790,6430,7970,5220,5170,6260,26060,5130,6720
2022_06,9時,24960,24820,7240,7660,10970,8390,7920,7590,19150,22320,10380,19270,19070,5060,6690,8860,5730,5360,6620,24430,6350,9470
2022_06,10時,25210,26010,7530,8000,10990,8510,8310,7860,17610,22720,12880,20790,19940,6070,7080,8970,6100,5680,6820,22670,6350,13500
2022_06,11時,25190,26720,7380,8140,11240,8530,8510,8090,16890,22470,14430,22240,21820,6920,7840,9400,6740,6170,6970,21690,6380,17600
2022_06,12時,25350,26570,7290,8160,11180,8680,8590,8000,16680,22500,14640,22720,23360,7290,8040,9870,7400,6510,6960,21160,6650,19910
2022_06,13時,25640,26760,7870,8200,11240,8740,8600,7750,16520,22930,14850,23230,24860,7560,8560,10240,7890,6750,7080,20930,6590,22120
2022_06,14時,25280,26390,7800,8190,11090,8660,8390,7530,16550,22940,14110,22950,25880,7740,8680,10290,8310,6910,6890,20710,6450,23260
2022_06,15時,24620,25890,7740,7820,10810,8520,8170,7430,16860,22260,13350,23430,27100,8370,8870,10460,8790,7170,6850,20830,6480,24820
2022_06,16時,24300,25080,7690,7770,10540,8390,7900,7070,17280,21780,12250,23560,26630,8130,8840,10490,8770,7080,6870,21070,6390,24320
2022_06,17時,23860,23410,7320,7750,10020,8000,7330,6840,18520,20190,10540,23080,25390,7880,8350,10080,8570,6920,6650,21890,6140,22120
2022_06,18時,21380,20390,6200,7130,8890,6820,6240,6460,20240,14070,9430,21470,23850,6830,7720,9470,8100,6750,6430,22780,5410,18840
2022_06,19時,18990,18710,5450,6360,7970,5830,5850,6220,22110,9250,8320,19900,20520,6380,6550,8520,6680,6000,6270,23630,4380,14110
2022_06,20時,17620,17020,4780,5760,7380,5330,5330,6040,23510,6300,6840,17950,18140,5550,5930,7700,5520,5260,6120,24510,3540,9810
2022_06,21時,16290,15900,4050,5250,7010,5010,5000,5860,24560,4410,5250,16630,16720,5080,5440,7070,4920,4850,5960,25060,3180,6970
2022_06,22時,14970,14920,3720,4810,6620,4540,4620,5570,25120,3480,3300,15330,15330,4410,4930,6660,4500,4580,5560,25230,2710,4560
2022_06,23時,13830,13970,3360,4440,6230,4240,4330,5180,24810,2670,2280,14050,14340,3710,4530,6340,4300,4310,5180,24740,2310,3140
2022_06,24時,14470,14910,3460,4420,6580,4360,4660,5880,27170,2430,1790,14580,15100,3670,4490,6560,4390,4670,5880,27000,2210,2350
2022_06,25時,14610,15050,3520,4460,6670,4380,4680,5930,27440,2430,1820,14750,15200,3730,4580,6580,4420,4690,5920,27270,2240,2360
2022_06,26時,14590,15030,3540,4460,6620,4370,4680,5930,27450,2410,1800,14720,15200,3710,4550,6590,4440,4700,5910,27280,2200,2350
2022_06,27時,14620,15060,3530,4470,6630,4390,4710,5940,27460,2430,1830,14740,15280,3740,4560,6600,4490,4690,5930,27330,2220,2380
2022_06,28時,14630,15090,3570,4490,6620,4400,4690,5940,27430,2440,1890,14730,15310,3760,4620,6600,4450,4660,5930,27370,2240,2340
2022_07,5時,15150,15900,4070,4710,6540,4610,4970,6150,28100,2470,2370,14880,15730,4260,4580,6360,4440,4890,6070,27510,2400,2540
2022_07,6時,15710,16180,4020,4890,6640,4900,5090,6330,27470,3290,2970,15120,15810,4110,4750,6520,4470,4940,6120,27310,2570,2850
2022_07,7時,17820,18210,4600,6270,7290,5540,5730,6580,25690,7440,4750,15880,16620,4370,5400,6690,4640,5110,6270,26870,3390,4070
2022_07,8時,22930,23220,6720,7720,9790,7690,7230,6980,22380,17780,8160,17380,18080,4600,6220,7600,5290,5390,6340,25770,4970,6450
2022_07,9時,24710,25420,7580,7970,10540,8410,7890,7730,19430,21260,11280,18760,18560,4710,6580,8200,5700,5510,6600,23970,6010,8940
2022_07,10時,25170,26310,7600,8390,10690,8600,8230,7950,18140,21570,13430,19690,20180,5280,7080,8610,6070,5830,6990,22730,6210,12450
2022_07,11時,25080,26670,7330,8460,10810,8650,8400,8090,17380,21440,14620,20560,21410,5420,7790,8980,6420,6180,7160,21840,6270,15350
2022_07,12時,25570,26950,7380,8610,11050,8810,8600,8050,17150,21850,15210,20810,21860,5010,8320,9240,6580,6340,7160,21060,6280,16730
2022_07,13時,26110,27310,8080,8950,11050,8820,8650,7850,17150,22310,15620,21160,22550,5350,8670,9540,6640,6410,7080,21010,6310,17770
2022_07,14時,25570,27090,7940,8800,10900,8800,8510,7710,17120,22000,15160,21110,23060,5980,8710,9540,6640,6310,6970,20870,6270,18450
2022_07,15時,24880,26620,8020,8460,10560,8690,8230,7520,17290,21620,14250,21180,23650,6290,9060,9670,6690,6270,6820,21020,6060,19150
2022_07,16時,24570,25860,8050,8320,10280,8520,8000,7240,17750,21190,13170,21190,24130,6750,9320,9770,6650,6160,6660,21380,6040,19350
2022_07,17時,23910,24370,7720,8320,9660,8140,7470,6950,18720,19460,11720,21000,23150,6880,8840,9520,6450,5930,6500,21990,6020,17700
2022_07,18時,21470,21580,6800,7570,8520,6910,6550,6690,20480,13470,10720,20420,22020,6600,8420,9280,6080,5770,6280,22680,5280,16010
2022_07,19時,19290,19710,5970,6810,7750,5890,6090,6470,22210,8950,9480,19150,20640,6260,7460,8610,5790,5500,6150,23580,4240,13510
2022_07,20時,17720,18280,5380,6200,7250,5290,5550,6310,23690,6040,7920,17680,19110,6010,6480,7790,5310,5160,6020,24410,3540,10480
2022_07,21時,16490,16990,4970,5760,6870,4890,4960,6010,24810,4340,6000,16090,16820,5070,5650,6860,4670,4830,5820,24880,3200,6500
2022_07,22時,15300,15990,4360,5410,6550,4630,4670,5650,25240,3340,4390,14840,15530,4490,4950,6430,4400,4590,5490,24830,2730,4470
2022_07,23時,14160,14370,3890,4790,5970,4310,4370,5190,24880,2570,2720,13850,14270,3970,4460,6030,4210,4360,5060,24350,2290,3110
2022_07,24時,14600,15260,3900,4660,6240,4390,4710,5940,27150,2310,2150,14270,14990,4000,4290,6100,4310,4700,5850,26640,2100,2240
2022_07,25時,14710,15350,3910,4710,6310,4420,4730,5960,27320,2320,2180,14350,15150,4070,4330,6150,4350,4700,5880,26850,2100,2270
2022_07,26時,14730,15320,3930,4680,6310,4430,4730,5960,27370,2280,2150,14340,15150,4070,4300,6150,4360,4690,5890,26890,2080,2240
2022_07,27時,14820,15310,4000,4680,6290,4460,4730,5960,27400,2300,2190,14350,15180,4060,4320,6170,4380,4700,5880,26900,2100,2260
2022_07,28時,14840,15390,4040,4720,6280,4460,4740,5980,27400,2320,2250,14250,15200,4010,4320,6190,4350,4690,5880,26860,2130,2220
2022_08,5時,14550,15300,3700,4210,6330,4670,4880,6040,27170,1750,2180,14440,14880,3790,4140,6010,4700,4740,5910,26610,1590,2320
2022_08,6時,15260,15730,3830,4370,6500,4900,5100,6270,26800,2540,2900,14850,15290,3910,4440,6260,4740,4840,5940,26690,1780,2860
2022_08,7時,17000,17440,4300,5540,6890,5400,5750,6540,25120,6090,4520,15260,16080,3900,4950,6480,4890,5000,6090,26010,2370,4090
2022_08,8時,21900,21820,5940,7010,9140,7520,7240,6860,22210,15020,7890,16370,17450,4410,5510,7180,5270,5370,6060,24850,3650,6480
2022_08,9時,23320,23640,6350,7350,9900,8160,7770,7420,19500,17570,11040,17540,18170,4690,6000,7750,5460,5470,6310,23590,4370,8870
2022_08,10時,23700,24730,6760,7580,9960,8250,8060,7800,18270,17940,13340,18780,19800,5360,6840,8330,5820,5740,6470,22300,4450,12900
2022_08,11時,23450,25160,6560,7650,10150,8290,8130,7820,17400,17640,14650,19680,20860,5810,7740,8570,5940,5910,6570,21130,4560,15900
2022_08,12時,23670,25390,6700,7930,10110,8350,8220,7740,17170,17860,15130,20530,21690,6420,8440,8570,6080,6180,6510,20610,4510,18080
2022_08,13時,24130,25160,6810,7910,10230,8420,8330,7570,17070,18090,15220,21770,22690,6930,9310,8860,6430,6280,6630,20560,4510,20340
2022_08,14時,24020,25050,6940,7970,10130,8410,8180,7420,17020,18030,15090,23020,23310,7620,10010,9280,6530,6250,6630,20390,4450,22450
2022_08,15時,23930,24610,7100,7810,10070,8340,8040,7170,17190,17760,14650,25640,24410,9070,11210,10080,6680,6310,6660,20630,4380,25990
2022_08,16時,23920,23900,7210,7780,9990,8170,7820,6830,17690,17580,13630,26400,24240,9810,11540,10190,6700,6060,6310,20720,4300,26580
2022_08,17時,23060,22480,7180,7520,9380,7680,7210,6570,18510,16080,12030,26840,23620,10140,11500,9910,6630,5940,6320,21360,4210,25890
2022_08,18時,20540,19840,6280,6840,8220,6580,6080,6350,20320,10620,10560,26320,22350,9930,11190,9240,6290,5820,6190,22120,3530,24020
2022_08,19時,18440,18130,5590,6020,7450,5720,5630,6150,21970,6740,9010,25030,19860,8950,10150,8560,5760,5450,6000,22900,2830,20200
2022_08,20時,17300,16490,5100,5410,6960,5200,5110,6000,22980,4320,7620,23010,18000,8020,8790,7890,5350,5080,5870,23490,2480,16130
2022_08,21時,16050,15510,4460,4910,6620,4890,4830,5820,24210,3050,5450,19600,16160,6400,6770,7050,4940,4850,5730,24280,2050,10520
2022_08,22時,14970,14780,4060,4550,6230,4670,4640,5580,24850,2320,3730,15670,14600,4370,5100,6260,4560,4550,5400,24410,1780,5190
2022_08,23時,13850,13900,3890,4170,5770,4380,4310,5210,24490,1800,2590,13850,13840,3910,4370,5690,4340,4290,5070,23940,1540,3300
2022_08,24時,14290,14810,3870,4090,6120,4510,4670,5830,26680,1620,2000,13930,14750,3710,4140,5930,4520,4570,5790,26210,1450,2210
2022_08,25時,14420,14870,3850,4160,6170,4540,4690,5870,26870,1620,2000,14090,14880,3730,4270,6030,4520,4580,5810,26460,1440,2260
2022_08,26時,14470,14820,3850,4160,6160,4540,4690,5870,26890,1630,1980,14050,14780,3660,4210,6040,4530,4570,5800,26410,1430,2180
2022_08,27時,14450,14850,3860,4160,6170,4540,4690,5860,26920,1620,1950,14080,14770,3660,4200,6040,4550,4580,5800,26420,1450,2170
2022_08,28時,14490,14820,3810,4170,6230,4540,4670,5870,26900,1650,1960,14040,14810,3660,4220,6030,4550,4560,5810,26390,1470,2190
2022_09,5時,14570,15710,3990,4260,6640,4610,4810,5960,27840,2110,1960,14530,15420,4230,4190,6410,4440,4630,6020,27290,1890,2220
2022_09,6時,15210,16160,4090,4420,6850,4860,4970,6150,27430,2900,2630,14710,15500,4340,4140,6600,4450,4610,6060,27010,2100,2570
2022_09,7時,17010,17620,4450,5330,7340,5460,5720,6320,25190,6740,4310,15240,16330,4580,4580,6700,4570,4970,6140,26510,3000,3470
2022_09,8時,21970,21820,5950,6620,9670,7450,7290,6790,21790,16810,7150,16470,17460,4810,5280,7510,5090,5160,6080,25360,4730,5360
2022_09,9時,23750,24130,6700,7240,10500,8180,7910,7320,18810,20510,10110,17660,18600,5070,5950,8170,5400,5230,6420,23760,5650,8250
2022_09,10時,24170,25280,7090,7440,10580,8390,8220,7710,17400,21000,12580,18760,20700,5770,6770,8630,5730,5780,6760,22520,5880,12440
2022_09,11時,24180,25750,6990,7440,10750,8470,8450,7810,16660,20810,13920,19640,23440,6530,7990,9250,6290,6170,6830,21670,5890,16770
2022_09,12時,24170,25780,6810,7570,10790,8640,8370,7740,16350,20940,14060,20220,24550,6610,8580,9640,6590,6340,6990,21020,5990,18990
2022_09,13時,24400,25900,7090,7720,10900,8610,8420,7550,16130,21340,14270,20650,24800,6870,8740,9720,6620,6490,7000,20690,6020,19960
2022_09,14時,24110,25540,7060,7740,10650,8430,8390,7360,16060,21170,13840,20570,25490,7230,8820,10030,6640,6430,6900,20510,5910,20850
2022_09,15時,23560,24810,6780,7470,10490,8310,8160,7140,16350,20810,12640,20400,25160,7270,8860,9970,6420,6290,6740,20670,5860,20290
2022_09,16時,23610,24010,7000,7370,10370,8100,7920,6850,16950,20570,11530,20190,25230,7170,8990,10000,6590,6090,6560,21100,5850,19740
2022_09,17時,23130,22120,7010,6980,9680,7670,7300,6580,17930,18720,9990,19700,24780,7310,8550,9610,6580,5960,6450,21950,5520,18240
2022_09,18時,20780,19430,6060,6480,8630,6660,6140,6220,19630,13150,8840,19080,23130,6860,7900,9160,6170,5820,6290,22540,4880,16040
2022_09,19時,18440,18210,5440,6000,7800,5660,5710,6010,21580,8520,7990,17800,21680,6100,7280,8630,5740,5560,6140,23400,3900,13550
2022_09,20時,16820,16680,4790,5400,7090,5170,5150,5870,22850,5410,6680,16390,19500,5320,6340,7950,5200,5110,5950,23980,3150,10130
2022_09,21時,15980,15890,4590,4870,6840,4940,4880,5730,24190,3910,5240,15310,16850,4550,5050,7250,4700,4820,5760,24500,2750,6300
2022_09,22時,14800,14960,4090,4350,6540,4660,4620,5480,25040,2820,3380,14430,15230,3990,4550,6640,4400,4560,5510,24810,2350,3930
2022_09,23時,13710,14050,3850,4030,6080,4360,4290,5150,24730,2150,2330,13560,14100,3760,4170,6060,4230,4220,5200,24380,1930,2730
2022_09,24時,14250,14890,3940,4060,6370,4450,4550,5760,26930,1880,1840,13960,15060,3910,4080,6350,4370,4490,5810,26610,1880,2000
2022_09,25時,14490,14970,4070,4120,6420,4470,4570,5780,27250,1870,1840,14080,15150,3950,4120,6410,4400,4510,5840,26780,1900,2050
2022_09,26時,14430,15000,4020,4130,6440,4470,4570,5790,27290,1850,1800,14060,15180,3950,4130,6430,4370,4510,5840,26820,1890,2030
2022_09,27時,14500,15020,4060,4150,6450,4480,4580,5780,27340,1870,1820,14100,15170,3970,4130,6420,4390,4500,5840,26920,1880,1960
2022_09,28時,14380,15100,3970,4220,6450,4470,4560,5790,27240,1890,1860,14080,15190,3950,4180,6410,4380,4480,5850,26910,1900,1940
2022_10,5時,14430,15620,3680,4160,6950,4570,4990,5680,27800,2020,1820,14590,15420,3900,4220,6740,4560,4860,5710,27400,1950,2270
2022_10,6時,15180,16050,3830,4260,7130,4900,5220,5860,27340,2810,2660,14780,15650,4000,4320,6820,4630,4860,5770,27080,2090,2790
2022_10,7時,16870,17520,4340,4840,7600,5480,5980,6140,25060,6460,4440,15210,16500,4300,4610,7050,4710,5140,5880,26480,2750,3940
2022_10,8時,21950,22140,6470,6130,9730,7520,7660,6570,21710,17150,7170,16490,17470,4490,5260,7790,5160,5350,5880,25320,4250,5910
2022_10,9時,23870,25030,7130,7060,10810,8270,8310,7300,18620,21090,10770,17750,18560,4970,6000,8380,5490,5350,6100,23510,5320,8850
2022_10,10時,24000,26340,7520,7420,10900,8420,8580,7490,17220,21450,13170,18490,19920,5330,6710,8560,5780,5670,6340,22140,5410,12210
2022_10,11時,23880,26650,7470,7280,10930,8590,8680,7560,16440,21280,14280,19420,21210,5700,7370,8730,6180,6120,6520,20930,5450,15460
2022_10,12時,23830,26420,7290,7330,10890,8670,8670,7390,16060,21350,14270,20170,22200,6250,7770,8980,6430,6380,6540,20280,5530,17740
2022_10,13時,23830,26880,7550,7540,10930,8620,8750,7310,15960,21670,14500,20690,23040,6510,8190,9400,6620,6390,6590,20070,5400,19370
2022_10,14時,23750,26660,7550,7670,10790,8560,8710,7100,15890,21520,14390,20930,23510,6810,8690,9360,6640,6380,6550,19860,5390,20320
2022_10,15時,23530,26110,7670,7400,10500,8480,8630,6930,16200,20960,13870,21230,23960,7410,8710,9510,6620,6370,6550,20240,5410,20680
2022_10,16時,23500,25550,7640,7300,10450,8390,8510,6720,16920,20520,13010,21710,24370,8210,8780,9750,6650,6270,6410,20590,5260,21380
2022_10,17時,23210,24020,7360,7190,9890,8150,8180,6430,17930,18560,12150,21620,23240,8380,8240,9520,6550,6040,6110,21250,5140,19700
2022_10,18時,21040,21560,6710,6490,8940,7250,7090,6110,19790,12620,11600,21090,21780,8040,7630,9090,6290,5880,5930,22160,4410,17580
2022_10,19時,18670,19850,5760,5890,8050,6310,6570,5920,21520,8160,10310,19900,20130,7260,6940,8550,5770,5720,5770,23160,3490,14710
2022_10,20時,17410,18450,5240,5430,7450,5880,6090,5740,23110,5330,8940,18040,18470,6250,6040,7940,5310,5370,5590,23930,2770,11120
2022_10,21時,16050,17060,4590,4840,7050,5340,5690,5570,24280,3940,6420,16600,16620,5250,5260,7360,4910,4990,5440,24610,2570,7410
2022_10,22時,14760,15290,3870,4470,6750,4720,4970,5260,25090,2860,3630,15220,15440,4270,4840,6910,4660,4750,5210,24970,2270,4780
2022_10,23時,13660,14200,3570,4120,6310,4330,4570,4940,24640,2170,2540,13820,14180,3530,4260,6440,4360,4460,4940,24670,1920,2760
2022_10,24時,14220,15050,3760,4020,6710,4470,4790,5510,26970,1900,1960,13930,15080,3650,4120,6580,4430,4690,5520,26820,1790,1880
2022_10,25時,14400,15160,3860,4130,6750,4490,4780,5530,27220,1910,1990,14060,15160,3710,4150,6630,4470,4690,5540,27050,1790,1870
2022_10,26時,14380,15150,3870,4130,6730,4470,4770,5540,27250,1900,1950,14070,15170,3720,4150,6640,4460,4700,5560,27060,1800,1880
2022_10,27時,14380,15170,3860,4090,6740,4490,4800,5550,27280,1910,1940,14030,15110,3650,4140,6590,4480,4700,5570,27050,1780,1800
2022_10,28時,14350,15190,3820,4110,6770,4470,4800,5550,27280,1930,1900,14110,15120,3680,4200,6620,4470,4690,5560,27100,1810,1810
2022_11,5時,14580,15890,4180,4040,6710,4660,4990,5880,28360,2030,1790,14730,15850,4450,3980,6690,4640,4960,5840,27960,1970,2290
2022_11,6時,15180,16390,4350,4100,6960,4940,5210,5980,27850,2920,2520,14940,16030,4550,4050,6800,4660,5000,5890,27590,2180,2860
2022_11,7時,17270,18140,5090,4930,7540,5620,5950,6260,26040,6760,4460,15230,16980,4740,4350,7060,4840,5240,5960,27000,2850,4110
2022_11,8時,21870,22620,6910,6110,9600,7670,7500,6690,22150,17080,7260,16440,18230,5200,4970,7760,5250,5460,6010,25620,4290,6470
2022_11,9時,23350,25160,7300,6860,10440,8340,8250,7300,19140,20790,10250,17780,19590,5450,5870,8430,5720,5640,6240,23900,5120,9910
2022_11,10時,23530,26270,7620,7150,10470,8520,8470,7550,17510,21370,12530,19000,20660,5490,6910,8750,6120,5850,6520,22180,5400,13660
2022_11,11時,23290,26820,7560,7280,10540,8520,8580,7610,16590,21220,13840,19890,21830,5790,7730,9100,6360,6120,6610,21100,5520,16530
2022_11,12時,23510,26800,7450,7360,10630,8660,8680,7510,16360,21330,14120,20330,22820,5970,8190,9390,6590,6360,6640,20280,5570,18720
2022_11,13時,23680,26990,7610,7620,10550,8660,8800,7410,16310,21600,14250,20890,23460,6020,8570,9830,6690,6610,6630,20090,5510,20110
2022_11,14時,23520,26720,7550,7670,10400,8590,8740,7260,16150,21560,14020,20830,24350,6260,8910,10050,6810,6500,6620,20180,5440,20950
2022_11,15時,23180,26000,7610,7360,10170,8420,8590,7020,16450,21250,12980,21490,24580,6520,8980,10250,7080,6540,6670,20240,5350,21850
2022_11,16時,23330,25020,7880,7160,10010,8210,8340,6740,17220,20820,11790,21630,24370,6660,8860,10140,7220,6590,6530,20900,5210,21250
2022_11,17時,22960,22940,7650,6990,9360,7760,7710,6410,18490,18740,10160,21810,23750,6860,8530,10120,7260,6440,6330,21760,5040,20150
2022_11,18時,20680,19700,6410,6280,8490,6600,6500,6080,20050,12890,8950,21240,22960,6840,8290,9620,7030,6240,6150,22860,4370,18420
2022_11,19時,18350,18120,5450,5720,7730,5650,5940,5960,21940,8060,7980,19900,20870,5910,7580,8930,6470,5910,5950,23590,3440,15210
2022_11,20時,16780,16930,5050,5140,7070,5230,5440,5770,23330,5310,6620,18500,19660,5530,6600,8560,6090,5620,5740,24650,2960,12060
2022_11,21時,15760,16010,4520,4640,6890,4970,5160,5580,24500,3770,5060,16430,17590,4920,5220,7620,5400,5230,5610,25050,2670,7850
2022_11,22時,14930,15270,4220,4390,6630,4730,4880,5330,25360,2870,3530,14670,16010,4270,4650,6750,4790,4830,5360,25530,2320,4440
2022_11,23時,13860,14260,3970,4070,6120,4390,4560,5000,24940,2210,2530,13720,14940,4110,4270,6240,4460,4540,5020,25250,2110,2940
2022_11,24時,14350,15370,4180,3960,6550,4530,4810,5660,27530,1980,1890,14140,15820,4280,4140,6450,4580,4820,5670,27530,2000,2140
2022_11,25時,14480,15460,4230,3990,6620,4570,4830,5680,27750,1950,1930,14200,15930,4290,4190,6520,4600,4820,5690,27740,2000,2090
2022_11,26時,14420,15490,4230,3950,6620,4570,4830,5700,27810,1940,1860,14200,15900,4260,4150,6510,4610,4820,5720,27800,1960,2020
2022_11,27時,14420,15480,4220,3950,6600,4570,4830,5710,27800,1940,1840,14170,15860,4270,4080,6500,4610,4830,5710,27780,1950,1980
2022_11,28時,14400,15540,4200,3990,6630,4570,4830,5710,27820,1970,1840,14180,15910,4260,4120,6550,4610,4820,5710,27820,1930,2010
2022_12,5時,14470,16310,3930,4150,7020,4670,4950,6050,28340,2290,2060,14740,15850,3920,4260,6920,4690,4860,5930,28010,2050,2300
2022_12,6時,15110,16780,4040,4230,7160,5020,5210,6220,27940,3010,2880,14860,16140,3940,4210,7100,4760,4900,6070,27840,2280,2650
2022_12,7時,16680,18410,4550,5000,7620,5610,5900,6390,26020,6430,4580,15390,17240,4370,4600,7290,4950,5170,6230,27430,3040,3890
2022_12,8時,21430,22620,6310,6280,9760,7600,7320,6760,22770,15760,7700,16680,18570,4900,5240,8180,5320,5330,6270,26360,4400,6200
2022_12,9時,23160,25030,6850,7190,10590,8160,7950,7420,19930,19210,10850,17760,19530,5090,6060,8570,5570,5460,6520,24950,5220,8730
2022_12,10時,23620,26240,7350,7450,10670,8330,8340,7710,18530,19640,13350,18750,20870,5490,6640,8950,6000,5710,6800,23360,5480,12360
2022_12,11時,23730,26540,6920,7680,10760,8470,8520,7910,17460,19530,14910,19770,22560,5900,7520,9380,6390,6090,7030,22060,5620,16200
2022_12,12時,23900,27010,7070,7970,10850,8590,8590,7810,17300,19640,15640,20380,24210,6350,8430,9680,6570,6510,7020,21510,5670,18920
2022_12,13時,24060,27390,7320,8100,10940,8650,8730,7680,17140,19840,16080,20900,25030,6820,8830,10050,6740,6520,6960,21490,5610,20310
2022_12,14時,23830,27330,7340,8210,10860,8640,8590,7500,17110,19690,15950,21400,25530,7010,9080,10410,6940,6500,6970,21130,5480,21720
2022_12,15時,23740,26760,7570,7990,10580,8520,8400,7420,17420,19530,15160,22230,26380,7370,9820,11150,6980,6400,6870,21380,5310,23350
2022_12,16時,23930,26060,7870,7840,10380,8350,8280,7240,18020,19140,14430,23060,26670,7550,9980,11650,7240,6540,6750,21790,5190,24170
2022_12,17時,23260,24280,7640,7510,9870,7910,7710,6870,18880,17310,12970,23100,27290,8390,10040,11840,7180,6390,6530,22350,5070,24460
2022_12,18時,21290,21480,6880,6850,9020,6900,6580,6520,20380,12430,11610,22250,26030,8270,9280,11260,6950,6160,6350,23070,4490,22300
2022_12,19時,19200,19650,6120,6100,8270,5930,6090,6330,22050,8090,10400,21090,23680,7700,8230,10430,6450,5840,6100,23980,3780,18650
2022_12,20時,17510,18140,5300,5400,7650,5500,5630,6150,23210,5470,8700,19620,21610,6960,7010,9830,6050,5450,5910,24800,3150,15010
2022_12,21時,16090,17120,4640,5000,7300,5180,5250,5820,24450,3990,6520,16540,18040,5010,5630,8120,5120,5030,5660,25090,2740,8480
2022_12,22時,14810,15760,3890,4490,6920,4840,4890,5520,25180,2970,4170,15100,16600,4200,5110,7380,4810,4770,5420,25520,2420,5490
2022_12,23時,13590,14710,3620,4100,6390,4480,4550,5160,24900,2340,2780,13810,15140,3670,4590,6720,4430,4380,5140,25080,2160,3410
2022_12,24時,14090,15660,3760,4020,6750,4590,4780,5840,27380,2160,2030,13930,15950,3880,4310,6710,4530,4630,5810,27250,2060,2390
2022_12,25時,14240,15740,3820,4080,6800,4620,4800,5860,27620,2150,2030,14090,15970,3880,4380,6760,4560,4640,5820,27440,2070,2380
2022_12,26時,14170,15750,3760,4090,6780,4610,4800,5870,27660,2130,1940,14120,15940,3900,4340,6760,4540,4660,5850,27510,2060,2310
2022_12,27時,14180,15750,3760,4060,6780,4620,4810,5880,27680,2130,1940,14080,15900,3860,4300,6750,4550,4670,5830,27530,2070,2200
2022_12,28時,14160,15800,3790,4080,6790,4610,4790,5880,27690,2130,1950,14100,15880,3860,4290,6790,4540,4660,5830,27530,2080,2200
2023_01,5時,14870,17600,4340,4500,6930,5290,4610,6770,29980,2170,2200,14640,17130,4340,4410,6720,5110,4560,6610,29050,1920,2540
2023_01,6時,15580,18080,4380,4630,7130,5690,4760,7050,29600,2970,3020,15040,17280,4560,4370,6820,5170,4600,6780,28960,2220,2910
2023_01,7時,17370,20040,5320,5410,7650,6420,5330,7250,27780,6760,4770,15220,17930,4580,4610,6880,5340,4810,6910,28240,3040,3610
2023_01,8時,23020,24260,7780,6710,9930,8620,6530,7700,24450,17300,7780,16420,19040,5150,5090,7620,5720,4900,6960,27130,4500,5630
2023_01,9時,24820,26200,8130,7340,10680,9410,7040,8400,21160,20880,10800,17550,19530,4960,5590,8000,6260,4990,7280,25740,5120,7810
2023_01,10時,25270,27580,8760,7450,10780,9620,7350,8880,20180,21220,13180,18310,20960,5470,6120,8260,6590,5400,7410,24220,5200,11350
2023_01,11時,25240,28000,8550,7670,10780,9690,7460,9080,19070,21040,14810,19270,22240,6070,6590,8610,6930,5540,7750,23230,5130,14570
2023_01,12時,25410,28110,8500,7780,10870,9800,7460,9090,18650,21280,15230,19770,22850,6300,6990,8700,7180,5660,7770,22470,5250,16300
2023_01,13時,25650,28280,8700,8020,10990,9770,7500,8940,18700,21550,15340,20120,23500,6730,7180,8960,7310,5640,7790,22350,5170,17420
2023_01,14時,25570,27730,8480,8080,10800,9720,7460,8750,18480,21250,15220,20540,24360,6950,7790,9090,7550,5680,7820,21900,5050,19260
2023_01,15時,25020,27090,8590,7730,10510,9540,7270,8450,18740,20900,14150,21520,25120,7660,8430,9240,7740,5700,7850,22280,4990,20700
2023_01,16時,24690,26050,8590,7350,10350,9360,7140,7920,19310,20340,12790,23030,25910,8470,9200,9680,8060,5870,7640,22800,5080,22440
2023_01,17時,23640,24090,8080,6990,9720,8740,6660,7510,20240,18550,10650,23890,25380,8910,9550,9750,7990,5800,7240,23330,4900,22490
2023_01,18時,21090,21210,7120,6430,8470,7400,5740,7110,21710,13240,9120,23400,24720,8790,9420,9500,7670,5690,7040,23950,4250,21390
2023_01,19時,18530,19430,6040,5860,7560,6370,5280,6830,23660,8250,7840,22390,22750,8110,8700,9060,6980,5400,6880,24880,3400,18390
2023_01,20時,16930,18300,5310,5370,7220,5820,4900,6590,25230,5410,6400,20590,20600,7100,7740,8380,6290,4990,6680,25750,2780,14210
2023_01,21時,15960,17580,4780,5020,7120,5550,4670,6400,26610,3770,5020,18080,18470,5630,6560,7550,5700,4660,6440,26330,2380,9400
2023_01,22時,15050,16620,4300,4700,6850,5290,4430,6080,27240,2820,3430,15480,16690,4380,5030,6880,5260,4440,6160,26760,2010,4980
2023_01,23時,14050,15670,3940,4420,6440,5010,4160,5720,26690,2320,2500,14050,15650,3900,4450,6390,4960,4160,5830,26120,1800,3300
2023_01,24時,14580,17060,4270,4400,6720,5210,4450,6570,29370,2140,2040,14240,17020,4100,4420,6640,5100,4420,6570,28570,1840,2490
2023_01,25時,14700,17220,4330,4470,6770,5260,4480,6590,29620,2140,2070,14470,17050,4190,4450,6680,5150,4420,6610,28810,1840,2520
2023_01,26時,14670,17230,4360,4430,6750,5260,4480,6600,29670,2130,2020,14440,17000,4180,4400,6650,5150,4410,6620,28760,1850,2480
2023_01,27時,14670,17220,4360,4400,6750,5260,4490,6610,29670,2130,2010,14450,17000,4180,4410,6640,5170,4420,6620,28800,1850,2460
2023_01,28時,14710,17290,4400,4480,6760,5260,4480,6610,29720,2120,2070,14460,16990,4180,4400,6650,5170,4410,6620,28780,1860,2470
2023_02,5時,15070,17550,4960,4460,6510,5490,4620,6560,30280,2920,1920,14890,17810,5170,4550,6410,5360,4580,6600,30030,2630,2350
2023_02,6時,15940,18150,5040,4730,6770,5940,4800,6800,30100,3840,2760,15330,18160,5260,4640,6600,5450,4680,6830,30120,3040,2750
2023_02,7時,17630,19980,5880,5370,7300,6630,5430,6990,27930,7650,4720,15740,18880,5580,4920,6830,5500,4810,6980,29430,3880,3710
2023_02,8時,22890,24260,7880,6260,9730,9140,6580,7540,24350,18320,7500,17420,20270,6510,5450,7710,5970,5060,6980,28460,5650,6130
2023_02,9時,25140,26360,8280,7020,10630,9930,7260,8360,21060,22370,10450,18740,20880,6440,6100,8200,6540,5140,7170,26380,6390,9070
2023_02,10時,25300,27530,8680,7070,10720,10130,7480,8740,19660,22760,12700,19850,22350,6570,6700,8760,7110,5400,7640,24990,6420,12940
2023_02,11時,25090,28040,8400,7090,10880,10230,7560,8950,18590,22720,14040,20290,23970,7050,7390,8880,7380,5540,8000,23710,6460,16180
2023_02,12時,25300,28200,8290,7410,10970,10320,7600,8890,18490,22690,14520,20650,24790,7230,7600,9170,7620,5830,7970,22990,6610,17940
2023_02,13時,25870,28500,8730,7770,11190,10270,7780,8600,18470,23050,15010,20930,25810,7590,8030,9600,7790,5830,7900,22850,6660,19350
2023_02,14時,25790,27850,8700,7700,10920,10190,7680,8430,18400,22930,14510,20760,25640,7590,8180,9370,7670,5830,7750,22620,6400,19490
2023_02,15時,25410,27190,8890,7380,10670,10090,7430,8130,18730,22630,13530,20680,25340,7730,8100,9240,7720,5710,7500,23100,6500,18570
2023_02,16時,25150,25990,8800,7220,10530,9790,7230,7550,19410,22140,11930,20280,25560,8080,8160,9240,7630,5500,7220,23340,6350,18170
2023_02,17時,24210,24020,8370,6860,9840,9110,6770,7260,20450,20400,9780,19840,24010,7880,7510,8750,7250,5360,7090,24060,6290,15580
2023_02,18時,21620,21260,7420,6460,8640,7720,5720,6910,21920,14830,8540,19180,22360,7220,7010,8290,6860,5280,6870,24800,5790,13180
2023_02,19時,19210,19250,6530,5830,7660,6560,5230,6630,23780,9730,7400,18070,21480,6960,6560,7940,6380,5000,6700,25700,4860,11230
2023_02,20時,17550,18460,6000,5640,7090,5970,4860,6430,25450,6710,6250,17170,20160,6610,6040,7510,5940,4750,6470,26580,3990,8960
2023_02,21時,16460,17770,5390,5320,6970,5690,4640,6190,26860,4800,4980,16400,18020,5630,5290,7000,5560,4650,6270,27410,3440,5760
2023_02,22時,15490,16960,4930,4960,6610,5510,4510,5910,27570,3730,3550,15290,16800,4970,4850,6500,5340,4430,5990,27780,2880,3640
2023_02,23時,14410,16080,4720,4640,6190,5260,4180,5490,27070,3150,2670,14370,15830,4730,4610,5980,5060,4180,5610,27250,2520,2600
2023_02,24時,14920,17280,4870,4500,6550,5420,4500,6350,29760,2910,2010,14930,17220,4980,4660,6380,5260,4450,6400,29770,2580,2110
2023_02,25時,15030,17370,4930,4510,6580,5440,4510,6400,30030,2890,1960,14980,17390,5080,4680,6410,5280,4460,6440,29930,2600,2180
2023_02,26時,14890,17360,4910,4490,6520,5400,4510,6400,30030,2860,1850,14960,17350,5070,4620,6380,5300,4460,6460,29940,2590,2120
2023_02,27時,14890,17370,4900,4480,6510,5420,4530,6400,30030,2860,1860,14980,17300,5080,4600,6340,5320,4470,6460,29950,2590,2090
2023_02,28時,14890,17410,4940,4480,6510,5410,4540,6400,30050,2860,1880,14910,17300,5040,4580,6330,5310,4490,6430,29910,2580,2070
2023_03,5時,14690,17590,4620,4360,6870,5390,4420,6600,29790,2590,2180,14850,18010,5000,4430,6950,5400,4410,6660,29920,2390,2750
2023_03,6時,15370,18260,4830,4430,6990,5820,4680,6860,29490,3470,2990,15210,18390,5140,4450,7180,5580,4510,6730,29800,2720,3290
2023_03,7時,16920,19730,5380,4960,7470,6540,5280,7010,27270,6910,4830,15350,18970,5180,4630,7260,5710,4740,6790,28980,3340,4250
2023_03,8時,22200,24980,7820,6250,9970,9120,6510,7490,24220,17950,7810,16480,20230,5590,5160,8080,6280,4770,6810,27970,4630,6340
2023_03,9時,24530,26870,8400,7060,10590,9930,7170,8230,20870,22140,10710,17770,20500,5760,5680,8190,6760,4740,7130,26030,5800,8400
2023_03,10時,24830,28570,9090,7350,10720,10150,7380,8690,19570,22520,13490,18230,21450,5930,6000,8360,7080,4870,7440,24480,6140,11020
2023_03,11時,24620,29150,9030,7420,10820,10320,7460,8700,18370,22410,15120,18590,22710,6200,6590,8590,7310,5170,7420,22940,6090,14010
2023_03,12時,24690,29320,8960,7750,10820,10350,7520,8590,18090,22680,15300,18790,23260,6080,6580,8820,7600,5420,7530,21980,6110,15600
2023_03,13時,24940,29500,9030,7940,11000,10480,7620,8350,17910,22930,15580,19220,24250,6340,6940,9180,7960,5480,7550,21810,6130,17090
2023_03,14時,24790,29130,8880,7960,10830,10410,7590,8220,17860,22790,15300,19110,24990,6510,7160,9330,7970,5580,7540,21630,6140,17940
2023_03,15時,24400,28580,9040,7690,10530,10290,7410,8000,18330,22320,14400,19260,25280,6490,7380,9450,8030,5540,7620,22230,6010,17890
2023_03,16時,24310,27530,9290,7410,10430,10000,7230,7470,18960,21960,12980,19510,24690,6620,7070,9490,8060,5410,7540,22790,5910,17110
2023_03,17時,23740,25660,9020,7170,9870,9360,6800,7170,19810,20520,11160,19360,23770,6570,6730,9050,8010,5400,7340,23550,5690,15510
2023_03,18時,21320,22560,7500,6710,8820,8020,5850,6960,21290,14710,9910,18640,23050,6790,6490,8460,7620,5300,7000,24300,5060,13930
2023_03,19時,19060,21110,6800,6120,8010,7000,5430,6790,23190,10330,8740,17570,21400,6500,5770,8050,6920,4950,6760,25060,4440,11150
2023_03,20時,17480,20010,6290,5730,7480,6350,4990,6620,24590,7410,7550,16870,20360,6020,5550,7780,6530,4710,6620,26000,3660,9390
2023_03,21時,16140,18540,5330,5390,7160,5820,4640,6330,26030,5100,5650,16350,19470,5650,5340,7540,6280,4560,6430,27040,3140,7580
2023_03,22時,14890,17220,4610,4860,6810,5480,4330,6000,26740,3570,3910,14900,17240,5050,4630,6840,5440,4130,6030,27210,2710,4200
2023_03,23時,13630,16170,4220,4400,6340,5160,4040,5630,26400,2710,2780,14010,16110,4690,4330,6380,5130,3870,5690,26780,2350,2980
2023_03,24時,14190,17270,4540,4250,6680,5280,4310,6380,29130,2390,2120,14410,17640,5000,4300,6820,5280,4190,6440,29320,2410,2500
2023_03,25時,14330,17430,4610,4320,6720,5330,4350,6420,29380,2390,2160,14560,17750,5080,4340,6860,5310,4260,6450,29620,2430,2480
2023_03,26時,14360,17440,4610,4310,6730,5330,4360,6440,29480,2370,2120,14650,17740,5080,4350,6890,5320,4270,6470,29680,2410,2520
2023_03,27時,14400,17400,4610,4300,6730,5330,4360,6450,29500,2380,2100,14620,17670,5040,4370,6840,5310,4260,6460,29650,2410,2460
2023_03,28時,14420,17410,4630,4310,6740,5330,4350,6450,29530,2390,2100,14640,17690,5060,4390,6860,5300,4230,6470,29670,2430,2460
2023_04,5時,13650,16780,3170,4230,6400,5590,4410,6610,27880,2340,2280,13550,17450,3870,4430,6230,5510,4360,6580,27680,2200,3150
2023_04,6時,14540,17580,3480,4380,6590,6140,4640,6870,27590,3390,3260,13960,17630,3840,4560,6370,5680,4400,6730,27580,2420,3610
2023_04,7時,16230,19090,4080,4930,7050,6850,5340,7040,25450,6990,4980,14380,18910,4410,4880,6660,5850,4580,6880,27200,3030,5060
2023_04,8時,21680,24540,6840,6720,9490,9020,6780,7350,22200,18660,7790,15670,20160,4850,5450,7490,6460,4710,6870,26000,4290,7500
2023_04,9時,23470,26610,7530,7590,10050,9510,7440,7930,18940,22750,10490,17280,22070,6030,6210,8140,6880,4950,7130,24920,5580,10650
2023_04,10時,24100,27980,8110,7850,10190,9690,7620,8590,17530,23240,13080,18580,24090,6700,6950,8970,7320,5140,7570,23290,5830,15260
2023_04,11時,24340,28660,8240,7930,10370,9870,7860,8720,16660,23380,14740,19860,26700,7990,7640,9810,7820,5440,7830,22190,5970,20030
2023_04,12時,24650,29410,8420,8390,10760,9900,7880,8700,16360,23800,15630,20360,28200,8960,8020,10030,8070,5740,7730,21190,6060,22930
2023_04,13時,24800,29770,8890,8480,10930,9970,7810,8480,16350,24100,15830,20850,29700,10160,8410,10330,8350,5690,7590,20890,6210,25050
2023_04,14時,24620,29880,9140,8410,10850,9990,7790,8300,16460,24170,15600,21570,30970,10740,9120,10590,8690,5720,7660,20620,6120,27350
2023_04,15時,24200,29470,9380,8250,10560,9850,7600,8010,16720,24030,14680,22140,32260,11770,9380,10690,9150,5780,7630,20830,6120,29000
2023_04,16時,23880,28090,9300,7920,10110,9680,7450,7490,17250,23210,13260,23020,32500,12550,9580,10880,9380,5670,7430,21450,6010,29680
2023_04,17時,23170,25910,8700,7500,9550,9100,6980,7240,18040,21610,11240,23860,32250,13300,9480,10990,9370,5650,7310,22210,5890,29680
2023_04,18時,20520,22690,7090,7070,8630,7690,5770,6940,19800,15130,10120,23060,31370,13150,9180,10450,9040,5520,7080,22890,5320,27940
2023_04,19時,18320,21080,6410,6350,7880,6830,5120,6800,21620,10470,9130,22100,29120,12430,8630,9720,8400,5180,6830,23600,4580,24820
2023_04,20時,16700,19590,5530,5850,7280,6290,4700,6630,23180,7130,7860,20310,24380,9800,7430,8570,7340,4860,6660,24390,3700,18420
2023_04,21時,15380,18540,4650,5320,7070,5980,4480,6410,24600,4890,6330,18720,20390,7500,6640,7620,6460,4470,6400,25090,2960,12930
2023_04,22時,14330,17550,4020,4970,6750,5690,4260,6180,25360,3560,4920,14820,17670,4800,5140,6660,5600,4140,6130,25470,2470,6430
2023_04,23時,13010,15750,3330,4250,6080,5270,4010,5800,25110,2590,3020,13160,16570,4130,4460,6160,5240,3910,5820,25090,2230,4300
2023_04,24時,13330,16610,3340,4070,6340,5460,4290,6430,27370,2280,2310,13350,17230,4050,4330,6290,5350,4160,6390,27270,2140,3120
2023_04,25時,13470,16780,3360,4130,6420,5520,4310,6470,27640,2280,2370,13370,17410,4170,4340,6290,5350,4190,6420,27420,2150,3190
2023_04,26時,13510,16720,3370,4130,6410,5500,4310,6490,27680,2270,2320,13310,17370,4100,4330,6270,5330,4180,6440,27470,2140,3060
2023_04,27時,13580,16720,3390,4150,6410,5520,4310,6490,27730,2280,2340,13310,17350,4110,4330,6250,5340,4170,6440,27470,2130,3050
2023_04,28時,13560,16720,3400,4150,6380,5520,4320,6500,27730,2270,2320,13250,17370,4010,4390,6220,5350,4170,6460,27490,2140,2980
2023_05,5時,13960,16940,3470,4260,6180,5850,4540,6590,28460,2620,2040,14230,17060,3640,4390,6390,5690,4510,6650,28400,2380,2640
2023_05,6時,14580,17740,3800,4400,6440,6260,4660,6730,28070,3740,2830,14340,17400,3710,4510,6540,5690,4530,6740,28090,2560,3240
2023_05,7時,16130,18970,4280,4750,6910,6810,5360,6980,25820,7090,4670,14970,18630,4220,5000,6900,5940,4650,6880,27510,3370,4930
2023_05,8時,21220,25140,7290,6960,9240,8820,6680,7350,22040,19280,7720,16630,19900,4890,5700,7810,6550,4680,6870,26530,4910,7230
2023_05,9時,22860,26840,7420,7980,9860,9370,7210,7840,18530,23430,9960,18370,21750,5930,6690,8320,7030,5000,7140,24890,5710,11580
2023_05,10時,23350,28100,7910,8250,10110,9440,7300,8410,17220,23950,12410,19770,23730,6620,7560,9020,7400,5330,7550,23380,6080,16100
2023_05,11時,23300,28600,7750,8280,10260,9560,7480,8560,16630,23640,13760,20950,25770,7320,8710,9800,7820,5590,7470,21760,6250,20720
2023_05,12時,23420,28890,7960,8320,10480,9550,7580,8410,16290,24240,13900,21570,27520,8340,9410,10260,8000,5680,7380,21000,6250,23790
2023_05,13時,23740,29470,8580,8570,10540,9600,7650,8240,16230,24610,14420,22170,28630,8890,9900,10390,8410,5800,7390,20810,6360,25600
2023_05,14時,23590,29230,8790,8460,10420,9600,7560,7980,16170,24760,13970,22590,29960,9020,10330,10730,8880,5950,7610,20640,6040,27700
2023_05,15時,23320,28520,8840,8370,10020,9480,7370,7750,16450,24340,13180,22900,30740,9210,10510,11120,9130,6130,7520,20820,5800,28760
2023_05,16時,23050,27620,8660,8270,9860,9410,7210,7240,17090,23410,12270,22910,30340,9020,10480,10880,9220,6190,7440,21070,5690,28170
2023_05,17時,22720,25670,8300,7870,9400,8980,6800,7030,18060,21610,10850,23290,30890,9570,10420,10830,9420,6590,7320,21620,5700,28690
2023_05,18時,20260,22440,6780,7250,8400,7750,5710,6790,19740,14780,10290,22510,29470,9330,9810,10260,9020,6410,7130,22400,5060,26450
2023_05,19時,18200,20480,6040,6540,7580,6760,5040,6710,21770,10010,9050,21440,27230,8560,9170,9580,8340,6100,6900,23130,4230,23210
2023_05,20時,16490,19460,5310,6090,7060,6330,4600,6540,23370,6950,7740,20180,25180,7570,8530,8940,7770,5780,6740,24100,3550,19640
2023_05,21時,15750,18380,4790,5600,6920,6050,4430,6330,24940,5110,6220,17290,20310,5620,6520,7710,6360,4910,6450,25260,3160,11190
2023_05,22時,14650,16790,4030,5030,6450,5680,4230,6000,25810,3910,3880,14930,17400,4080,5370,6700,5700,4420,6060,25650,2610,6140
2023_05,23時,13350,15610,3430,4400,5990,5390,4040,5680,25550,2840,2700,13590,15900,3640,4620,6110,5380,4060,5660,25360,2340,3850
2023_05,24時,13690,16780,3580,4240,6260,5620,4390,6370,28130,2620,1960,13700,16800,3530,4420,6270,5480,4360,6420,27740,2330,2530
2023_05,25時,13820,16890,3600,4300,6310,5690,4400,6410,28400,2610,1940,13790,16940,3570,4450,6300,5550,4370,6470,27930,2350,2550
2023_05,26時,13780,16890,3580,4280,6290,5680,4390,6440,28470,2600,1840,13820,16880,3580,4380,6310,5560,4360,6490,27990,2350,2470
2023_05,27時,13810,16890,3580,4290,6270,5710,4390,6450,28480,2590,1860,13890,16920,3620,4390,6330,5570,4370,6510,28020,2340,2550
2023_05,28時,13840,16870,3580,4300,6230,5700,4410,6460,28430,2580,1930,13960,16900,3630,4400,6340,5560,4390,6520,28030,2330,2600
2023_06,5時,13570,17040,3340,4040,6260,5930,4460,6560,27790,2730,2440,13540,16290,2920,4020,6360,5700,4280,6530,27130,2440,2520
2023_06,6時,14300,17720,3640,4220,6520,6350,4590,6690,27430,3770,3290,13830,16570,3080,4190,6490,5790,4280,6550,26980,2680,3040
2023_06,7時,15680,19320,4280,4530,7070,6870,5270,6960,25420,7010,5150,14270,17490,3250,4460,6890,6030,4350,6750,26550,3300,4290
2023_06,8時,21050,25150,7210,6810,9330,8970,6520,7330,21950,18210,8820,15750,18190,3710,4670,7560,6750,4560,6670,25420,4540,6250
2023_06,9時,22800,27420,7970,7980,9890,9380,7090,7890,18870,21910,11760,17070,19270,4070,5340,7960,7090,4940,6930,24320,5430,8860
2023_06,10時,23010,28550,8330,8180,10000,9420,7200,8400,17430,22260,14110,17910,20280,4170,6030,8100,7430,5070,7380,22370,5700,12400
2023_06,11時,23000,28810,8170,8240,10010,9560,7320,8500,16480,22110,15410,18320,21660,4400,6840,8330,7770,5270,7350,21100,5960,15080
2023_06,12時,23250,29070,8430,8350,10240,9570,7300,8400,16210,22590,15670,18930,22790,5000,7140,8720,8010,5470,7360,20550,5970,17330
2023_06,13時,23350,29640,8850,8470,10290,9700,7420,8250,16050,22930,16140,19650,23860,5880,7270,8950,8120,5680,7590,20520,5970,19060
2023_06,14時,23340,29740,8980,8440,10330,9770,7440,8080,16200,23100,15940,19720,24290,5890,7390,8980,8190,6000,7540,20290,5810,19920
2023_06,15時,23190,29150,9320,8240,10050,9680,7270,7760,16380,22820,15360,20050,25380,6140,7480,8650,8780,6490,7890,20430,5680,21390
2023_06,16時,22940,28330,9270,8060,9870,9580,7170,7300,17030,22030,14420,20530,26260,7040,7370,8660,9080,6640,7980,20880,5580,22360
2023_06,17時,22430,26580,8680,7800,9450,9050,6940,7070,18130,20080,13020,20650,25700,7200,7320,8580,8820,6550,7860,21250,5240,21780
2023_06,18時,19620,23250,7140,6990,8460,7620,5820,6830,19730,13850,11570,20320,24650,6630,7060,8650,8530,6470,7630,21760,4840,20350
2023_06,19時,17510,20970,6080,6300,7570,6810,5140,6560,21220,9230,10320,18530,22370,5480,6300,8150,7590,5950,7420,22320,4240,16410
2023_06,20時,15900,19610,5340,5640,7140,6370,4660,6340,22540,6550,8670,17030,21030,5170,5420,7680,6960,5670,7150,22940,3790,13460
2023_06,21時,14740,18210,4650,4960,6860,5950,4390,6130,24050,4850,6300,15180,18540,4120,4860,7080,6360,4700,6580,24010,3160,8720
2023_06,22時,13910,16450,3770,4520,6350,5700,4090,5920,24880,3610,4130,14100,16320,3550,4250,6620,5730,4180,6070,24460,2670,5450
2023_06,23時,12640,15320,3140,4030,5910,5420,3890,5560,24440,2780,2940,12990,15060,3010,3860,6310,5400,3820,5630,24090,2380,3700
2023_06,24時,13190,16530,3320,3930,6280,5640,4260,6260,27080,2680,2280,13240,16170,3060,3960,6420,5490,4130,6320,26470,2310,2790
2023_06,25時,13270,16640,3330,4010,6320,5680,4270,6290,27290,2660,2290,13280,16250,3060,3970,6400,5550,4150,6380,26660,2330,2730
2023_06,26時,13210,16680,3320,3990,6280,5700,4270,6310,27380,2640,2220,13330,16320,3090,4030,6390,5550,4150,6410,26780,2330,2720
2023_06,27時,13270,16710,3330,4020,6270,5720,4280,6340,27450,2650,2210,13360,16330,3030,4070,6410,5590,4150,6410,26860,2380,2660
2023_06,28時,13350,16730,3350,4040,6270,5700,4320,6370,27450,2660,2300,13310,16280,3000,4020,6400,5580,4150,6410,26820,2370,2610
2023_07,5時,15060,15470,2260,4740,6580,5700,4350,6870,27980,2370,2130,14710,15610,2390,4910,6530,5540,4190,6750,27540,2200,2470
2023_07,6時,15840,16320,2620,4900,6750,6200,4570,7100,27580,3590,3030,14870,15840,2470,4930,6600,5610,4260,6830,27380,2400,2850
2023_07,7時,17300,17740,3180,5610,6990,6780,5130,7340,25290,7150,4720,15710,17010,2780,5340,6990,6020,4480,7090,27250,3170,4280
2023_07,8時,22270,23910,5690,7960,9430,9030,6480,7570,21940,19090,7460,16920,18240,3480,5800,7700,6470,4650,7050,25740,4770,6540
2023_07,9時,24300,26570,7090,8680,10060,9820,7070,8130,18770,23350,10580,18520,20050,4260,6650,8300,6900,4960,7470,24370,5810,10100
2023_07,10時,24690,27590,7450,8860,10210,9770,7230,8760,17300,23710,13050,19660,22090,5030,7170,8970,7350,5230,7980,22800,5930,14670
2023_07,11時,24810,28210,7710,9190,10090,9760,7380,8880,16410,23820,14510,20140,23970,5810,7690,9350,7630,5320,8300,21630,6090,17970
2023_07,12時,25150,28870,8020,9620,10340,9820,7480,8710,16270,24440,15080,20490,24740,6280,8120,9530,7720,5430,8120,21170,6460,19200
2023_07,13時,25400,28980,8350,9720,10460,9900,7450,8480,16360,24390,15380,20820,25400,7110,8150,9810,7850,5430,7840,20950,6530,20330
2023_07,14時,25260,28890,8450,9700,10490,9910,7310,8260,16370,24310,15230,20780,25770,7130,8370,9780,7940,5470,7840,20690,6450,21010
2023_07,15時,24940,28120,8780,9250,10130,9780,7150,7970,16500,23860,14490,21070,26690,7900,8620,9880,8140,5370,7820,20940,6290,22070
2023_07,16時,24270,27140,8550,8970,9810,9470,7100,7490,17030,23090,13100,20500,26580,8110,8470,9590,8130,5180,7570,21360,6080,21170
2023_07,17時,23100,25420,8090,8500,9130,8880,6680,7220,17960,20890,11460,19930,26240,8180,8300,9360,7780,5020,7510,21810,5940,19990
2023_07,18時,20220,22140,6890,7550,7980,7390,5500,7020,19280,14330,10470,19490,25090,7910,8220,8830,7400,4900,7300,22610,5250,18350
2023_07,19時,18200,19710,5730,6730,7270,6390,4880,6880,21090,9390,9170,18810,23580,7470,7670,8560,6960,4650,7070,23020,4280,16710
2023_07,20時,16870,18290,5020,5970,6960,5990,4540,6660,22500,6720,7700,17750,20690,6090,6620,8010,6580,4390,6740,23690,3780,12620
2023_07,21時,15660,17210,4380,5520,6640,5610,4260,6430,23750,4790,6080,16350,18700,5000,6140,7230,5890,4280,6490,24390,3190,9190
2023_07,22時,14910,15710,3380,5200,6430,5380,4070,6140,24750,3380,4240,15140,16190,3580,5380,6700,5410,4050,6200,24880,2490,5660
2023_07,23時,13870,14160,2470,4650,6080,5150,3850,5810,24400,2450,2920,13950,14640,2840,4820,6210,5040,3800,5870,24340,2100,3810
2023_07,24時,14790,15220,2430,4830,6450,5480,4200,6600,27430,2340,2170,14390,15260,2470,4820,6430,5270,4080,6560,26820,2180,2480
2023_07,25時,14830,15320,2350,4850,6530,5520,4240,6640,27680,2340,2070,14510,15370,2460,4820,6550,5330,4100,6600,27060,2160,2480
2023_07,26時,14840,15320,2370,4820,6510,5550,4230,6660,27770,2330,2000,14430,15360,2430,4770,6540,5340,4090,6610,27070,2160,2390
2023_07,27時,14870,15300,2400,4780,6540,5560,4210,6670,27740,2320,2050,14480,15360,2450,4800,6550,5340,4100,6590,27150,2160,2350
2023_07,28時,14900,15340,2410,4800,6530,5560,4230,6690,27730,2330,2130,14460,15350,2440,4800,6540,5320,4110,6590,27120,2160,2350
2023_08,5時,13630,14840,2900,4360,5920,5240,3890,6160,25560,2270,2510,13200,14350,2730,4190,5840,5050,3770,5950,24630,1920,2640
2023_08,6時,14580,15350,3120,4530,6100,5640,4120,6400,25350,3190,3330,13410,14550,2810,4340,5880,5110,3850,5960,24350,2170,3150
2023_08,7時,15730,16690,3740,5170,6280,6100,4630,6480,23490,6100,4820,14000,15370,3090,4800,6080,5310,3990,6060,24010,2830,4190
2023_08,8時,19840,21850,5900,7240,8210,7850,5790,6680,20420,15810,7650,15360,16450,3680,5320,6730,5880,4170,6010,23080,4090,6290
2023_08,9時,21650,24050,7520,7790,8750,8390,6110,7120,17700,19480,10370,16880,17940,4710,5970,7140,6270,4380,6340,21730,5190,9400
2023_08,10時,21870,24880,7700,7890,8800,8420,6230,7700,16420,19610,12410,18020,19850,5370,7040,7780,6340,4660,6650,20230,5220,13830
2023_08,11時,21820,25160,7640,8000,8880,8370,6330,7750,15620,19500,13510,18710,21880,6020,8060,8080,6530,5010,6880,19470,5160,17370
2023_08,12時,22420,25210,7390,8440,9170,8420,6500,7670,15310,19890,14070,19450,23640,6900,8980,8460,6830,5100,6800,19020,5450,20100
2023_08,13時,22630,25150,7600,8630,9130,8440,6510,7450,15310,19810,14270,20120,24420,7630,9260,8680,7270,4930,6760,19000,5420,21620
2023_08,14時,22870,25210,8020,8630,9120,8520,6420,7360,15400,19950,14340,21320,25590,8310,10010,9200,7510,5070,6800,18860,5430,24090
2023_08,15時,22790,24840,8290,8530,8960,8500,6310,7020,15430,19760,14060,23470,26500,10040,10710,9520,7830,5030,6840,19070,5410,26950
2023_08,16時,22500,24080,8180,8460,8750,8340,6220,6620,15830,19220,13160,23650,25310,9990,10340,9350,7800,4840,6630,19340,5360,25770
2023_08,17時,21780,22740,8060,8030,8230,7970,5770,6440,16690,17570,11870,23100,25310,9980,10340,9260,7570,4680,6560,19840,5150,24940
2023_08,18時,19520,19640,6510,6990,7620,6810,4880,6340,18210,11890,10700,22330,23460,9360,10010,8600,6980,4540,6280,20090,4530,22710
2023_08,19時,17930,17800,5940,6250,6850,5960,4440,6270,19650,7900,9790,21240,20770,8900,8830,7740,6230,4220,6080,20740,3950,18930
2023_08,20時,16360,16540,5040,5680,6390,5590,4160,6040,20970,5560,7990,19970,19460,8510,7920,7310,5780,3960,5940,21480,3220,16320
2023_08,21時,15480,15630,4410,5320,6230,5330,3930,5850,22310,4030,6430,18860,18380,7930,7590,6730,5480,3800,5700,22100,2810,13970
2023_08,22時,13860,14530,3300,4780,5900,5080,3730,5590,22920,2930,4210,14490,14860,4500,5090,5770,4910,3570,5500,22430,2330,6250
2023_08,23時,12680,13530,2730,4320,5520,4830,3510,5280,22580,2250,3010,12910,13720,3390,4390,5570,4640,3410,5220,22280,2000,3970
2023_08,24時,13150,14250,2670,4240,5750,5040,3800,5880,24760,2170,2250,12810,14300,2900,4290,5590,4770,3720,5830,24090,2010,2760
2023_08,25時,13230,14310,2700,4230,5810,5060,3820,5910,24920,2170,2240,12890,14430,2990,4300,5660,4770,3730,5850,24330,2020,2710
2023_08,26時,13240,14310,2710,4180,5860,5050,3800,5930,24980,2170,2200,12870,14380,2930,4260,5670,4790,3720,5860,24330,2000,2650
2023_08,27時,13230,14320,2700,4160,5870,5090,3800,5930,24980,2150,2230,12860,14350,2940,4180,5660,4820,3720,5870,24330,2000,2620
2023_08,28時,13250,14360,2730,4150,5860,5080,3810,5960,25010,2130,2270,12900,14270,2910,4170,5670,4790,3730,5870,24290,2000,2610
2023_09,5時,14790,16470,3630,4560,6560,5610,4110,6770,28510,2500,2270,14630,16440,4050,4460,6380,5500,4020,6630,28450,2290,2310
2023_09,6時,15720,17310,3990,4900,6840,6030,4270,6980,28310,3690,3180,14910,16890,4180,4590,6590,5560,4120,6740,28400,2640,2790
2023_09,7時,16970,19000,4490,5660,7140,6650,4810,7190,26150,7300,4730,15400,17580,4310,4970,6780,5670,4330,6900,27660,3330,4040
2023_09,8時,21560,24580,6680,7680,9410,8690,6100,7560,21970,18980,7510,16780,18890,5250,5380,7330,6260,4490,6940,26440,4810,6450
2023_09,9時,23580,27670,8560,8620,9930,9210,6620,8290,19030,23990,10260,18140,19890,5370,6070,7800,6790,4810,7180,24360,6080,9550
2023_09,10時,23960,28900,9080,8950,10000,9260,6790,8760,17600,24620,12550,19080,21950,5680,6900,8330,7210,5250,7640,22930,6430,13630
2023_09,11時,23980,29590,9110,9150,10110,9380,6940,8850,16970,24510,13900,19810,23440,6080,7500,8780,7490,5460,7930,21720,6470,16820
2023_09,12時,24120,29550,9020,9480,10200,9300,6900,8770,16730,24600,14160,20150,24640,6550,7940,8990,7630,5710,7950,21190,6590,18760
2023_09,13時,24310,29770,9430,9610,10210,9330,6890,8590,16670,25130,14080,20590,25200,6630,8220,9500,7910,5530,7970,21000,6670,19790
2023_09,14時,24070,29800,9750,9560,10110,9260,6770,8410,16750,25120,13850,20630,25690,6870,8380,9530,8030,5530,7970,20850,6780,20420
2023_09,15時,24050,29120,10130,9370,9770,9140,6720,8020,16990,24780,13280,20740,26060,7130,8610,9730,7970,5460,7870,21090,6550,20900
2023_09,16時,23910,27890,9870,9260,9530,8910,6640,7560,17710,24090,11870,20370,26070,7440,8470,9490,7950,5530,7540,21480,6380,20250
2023_09,17時,23460,26040,9770,8700,9070,8530,6160,7240,18680,22040,10680,19610,25550,7290,8320,9000,7730,5330,7460,22010,6030,18820
2023_09,18時,21200,22870,8200,7710,8220,7430,5250,7240,20200,15190,10560,19160,24560,7070,8130,8660,7520,5160,7170,22770,5290,17460
2023_09,19時,19720,20970,7460,7030,7760,6650,4700,7070,22210,10440,9930,18160,22940,6670,7560,8120,7070,4670,6990,23430,4230,15180
2023_09,20時,18130,18800,6050,6270,7170,6270,4400,6750,23650,6920,8220,16770,21250,5810,6830,7520,6590,4480,6770,24400,3540,11880
2023_09,21時,17060,17680,5390,6030,6920,5810,4090,6480,25350,5160,6110,15820,18800,5190,6020,6900,5800,4170,6530,25510,3260,7750
2023_09,22時,15620,16530,4500,5530,6540,5460,3890,6210,26200,3700,4160,14930,16520,4180,5240,6480,5400,3950,6190,26000,2630,4780
2023_09,23時,14110,15420,3850,4860,6080,5210,3710,5810,25950,2690,2790,13910,15110,3570,4840,6150,4990,3690,5780,25510,2300,3120
2023_09,24時,14300,16510,3790,4700,6430,5440,3950,6490,28210,2420,2150,14140,16330,3780,4710,6350,5180,3890,6540,27850,2330,2320
2023_09,25時,14380,16510,3750,4680,6480,5450,3980,6530,28350,2390,2120,14210,16330,3780,4690,6350,5230,3900,6570,28010,2360,2240
2023_09,26時,14340,16510,3770,4570,6510,5430,3980,6560,28370,2370,2080,14220,16220,3800,4570,6350,5210,3900,6580,28040,2330,2130
2023_09,27時,14480,16530,3880,4560,6520,5480,3990,6570,28400,2370,2220,14200,16270,3800,4550,6380,5230,3900,6590,28030,2310,2190
2023_09,28時,14590,16520,3940,4550,6510,5470,4010,6600,28400,2380,2300,14240,16290,3800,4520,6390,5270,3930,6600,28060,2320,2210
2023_10,5時,13340,14630,2740,4530,6030,4710,3530,6420,24900,2210,2670,13120,14780,2960,4450,6040,4670,3460,6290,24730,2190,2890
2023_10,6時,14400,15530,3450,4700,6370,5060,3730,6600,24780,3400,3620,13370,14950,3100,4430,6170,4640,3590,6370,24540,2430,3290
2023_10,7時,15900,16970,3770,5330,6810,5700,4400,6850,23170,6450,5270,14100,15740,3210,4910,6480,4770,3920,6530,24430,3150,4280
2023_10,8時,19700,22240,5680,7230,8460,7900,5540,7130,19310,16450,8300,14940,16860,3570,5220,6820,5470,4160,6560,23060,4430,6290
2023_10,9時,21060,24690,6950,8020,9050,8260,5920,7540,16310,20580,10640,15990,18220,4040,5910,7140,5900,4400,6800,21740,5510,8830
2023_10,10時,21370,25920,7320,8310,9150,8330,6080,8100,15140,21120,12720,16600,19720,4350,6490,7370,6280,4610,7200,20670,5640,11800
2023_10,11時,21310,26610,7370,8470,9180,8440,6140,8300,14430,21160,13960,17340,20880,5160,6770,7680,6480,4770,7340,19450,5770,14660
2023_10,12時,21520,26790,7260,8790,9150,8450,6290,8350,14330,21170,14380,18070,21960,5690,7370,8070,6650,5050,7180,18910,5820,16900
2023_10,13時,21540,27300,7950,8760,9240,8370,6340,8150,14230,21480,14720,18120,22450,5480,7500,8320,6910,5200,7160,18490,5700,17840
2023_10,14時,21700,27140,8170,8740,9230,8360,6350,7980,14170,21570,14750,18220,22360,5130,7600,8490,6860,5170,7310,18150,5580,18240
2023_10,15時,21430,26500,8300,8560,8880,8260,6210,7700,14430,21290,13900,18590,22440,5340,7890,8680,6860,5050,7180,18450,5440,18490
2023_10,16時,21310,25310,8170,8340,8650,8030,6180,7230,14950,20580,12800,18510,22030,5330,7780,8540,6890,4860,7110,19100,5540,17390
2023_10,17時,20450,23210,7520,7770,8140,7570,5640,7000,15720,18350,11320,18080,21090,5460,7260,8370,6570,4460,7040,19490,5080,16090
2023_10,18時,18310,20340,6420,7100,7220,6490,4690,6720,17180,12740,10420,17360,20040,5010,7190,7920,6250,4330,6690,19960,4230,14790
2023_10,19時,16760,18730,5920,6430,6720,5710,4140,6550,18850,8880,9490,16390,18550,4540,6840,7480,5670,3970,6420,20700,3560,12260
2023_10,20時,15640,17030,5120,5790,6330,5270,3840,6300,20220,6030,8070,14980,16900,3970,5880,6700,5220,3840,6250,21300,2970,9210
2023_10,21時,14810,15970,4610,5500,6140,4910,3570,6030,21490,4480,6490,14360,15530,3620,5430,6230,4910,3640,6050,21850,2670,7000
2023_10,22時,13850,14310,3400,5080,5890,4610,3390,5770,22340,3220,4280,13210,13870,2610,4970,5890,4460,3330,5800,22340,2090,4330
2023_10,23時,12550,13270,2670,4540,5560,4440,3180,5410,22220,2350,2920,12420,13150,2630,4520,5640,4220,3080,5470,22030,1870,3320
2023_10,24時,12920,14240,2810,4360,5930,4600,3360,6080,24330,2110,2520,12840,13850,2580,4510,5800,4340,3320,6120,23960,2010,2520
2023_10,25時,13030,14340,2820,4420,6000,4620,3380,6130,24530,2080,2560,12850,14000,2570,4480,5880,4380,3340,6180,24110,2010,2550
2023_10,26時,12950,14330,2810,4340,6000,4590,3380,6130,24490,2070,2520,12800,13980,2520,4430,5900,4390,3320,6200,24070,1990,2530
2023_10,27時,12970,14320,2810,4350,5980,4620,3370,6130,24450,2070,2560,12790,13960,2480,4440,5870,4410,3320,6200,24020,1970,2550
2023_10,28時,12990,14330,2810,4350,5950,4610,3410,6160,24460,2080,2580,12830,13980,2510,4430,5900,4380,3340,6230,24090,1990,2530
2023_11,5時,12920,15200,2990,4190,5740,4830,3690,6660,25120,2750,2530,12760,15870,3240,4490,5850,4880,3600,6550,25190,2520,3180
2023_11,6時,13970,15860,3390,4490,5960,5200,3940,6830,25010,3660,3500,13240,15960,3430,4580,5960,4850,3710,6650,24840,2750,3870
2023_11,7時,15490,17390,4030,4660,6630,5820,4580,7150,23460,6700,5170,13760,17220,3800,4740,6510,5050,3980,6880,24290,3580,5370
2023_11,8時,18880,21590,4960,6070,8230,7900,5750,7540,19580,15990,7620,15190,18330,4490,5110,7250,5570,4240,6830,23310,5240,7280
2023_11,9時,20420,24130,5990,7190,8870,8370,6170,7940,16520,19540,10710,16610,19890,5480,6090,7340,5930,4540,7110,21840,5990,10860
2023_11,10時,20980,25220,6560,7700,8880,8410,6340,8280,15320,20000,12980,17170,20870,5560,6520,7720,6250,4620,7350,20170,5930,13970
2023_11,11時,20990,25710,6710,7980,8780,8540,6490,8190,14600,20010,14120,18260,22350,5960,7010,8260,6580,5030,7740,19180,5910,17480
2023_11,12時,21200,25620,6520,8210,8890,8440,6470,8260,14430,20170,14240,18650,23410,6020,7450,8500,6810,5290,7960,18700,5920,19290
2023_11,13時,21540,25780,7050,8260,8970,8410,6500,8120,14450,20200,14700,19510,24870,6870,7850,8790,7290,5540,8020,18410,5870,21890
2023_11,14時,21390,26160,7390,8380,8980,8370,6480,7940,14550,20370,14660,19910,26070,7410,8020,9330,7490,5710,8020,18320,5660,23800
2023_11,15時,20900,25620,7370,8250,8570,8250,6450,7600,14690,20000,13850,20380,27990,7680,8580,9970,8040,5960,8120,18420,5590,26210
2023_11,16時,20610,24350,6980,7830,8470,8110,6330,7220,15370,19350,12290,19990,28560,7340,8840,10140,8270,6100,7840,18900,5380,26180
2023_11,17時,19710,22630,6540,7280,8100,7520,5810,7070,16100,17290,10990,19170,27920,7160,8620,9900,7920,5800,7680,19380,5170,24520
2023_11,18時,17400,20080,5690,6590,6870,6560,4890,6870,17380,12130,10010,18320,27090,6850,8410,9530,7660,5490,7450,20020,4680,22720
2023_11,19時,16070,18540,5060,6040,6540,5900,4310,6740,19160,8000,9470,17110,22800,5700,7450,8420,6590,4750,6970,20930,3460,17500
2023_11,20時,15200,17110,4640,5480,6180,5490,3930,6570,20770,5760,7860,15340,19460,5440,5980,7210,5500,4110,6530,21730,3020,12070
2023_11,21時,14350,16090,4360,5140,5910,5070,3630,6310,22020,4430,6070,14250,17800,4810,5440,6690,5050,3750,6280,22460,2820,8820
2023_11,22時,13500,14690,3580,4810,5660,4700,3430,5990,22540,3640,4120,13080,15390,3510,4880,5880,4640,3520,6020,22730,2590,5260
2023_11,23時,12420,13800,3080,4480,5270,4450,3240,5670,22260,2960,3080,12200,14270,3180,4440,5490,4380,3230,5730,22280,2390,3910
2023_11,24時,12610,14670,2960,4240,5550,4640,3500,6370,24430,2680,2410,12530,15400,3380,4420,5630,4620,3500,6370,24450,2360,3360
2023_11,25時,12590,14830,2930,4240,5620,4680,3530,6400,24630,2620,2430,12510,15470,3290,4440,5670,4640,3500,6420,24590,2360,3270
2023_11,26時,12460,14890,2940,4200,5610,4670,3520,6410,24680,2600,2340,12520,15420,3320,4380,5620,4650,3500,6450,24640,2380,3160
2023_11,27時,12470,14940,2960,4170,5630,4680,3520,6420,24690,2590,2380,12480,15430,3290,4340,5610,4700,3510,6460,24620,2380,3170
2023_11,28時,12530,14950,2990,4160,5660,4690,3550,6410,24700,2600,2420,12500,15520,3290,4380,5650,4690,3510,6480,24720,2400,3170
2023_12,5時,15220,17730,3490,5290,6880,5680,4330,7260,29650,2970,2660,15120,17010,3430,5170,6680,5460,4170,7190,29340,2660,2400
2023_12,6時,16320,18270,3850,5650,6910,6090,4560,7500,29370,3940,3630,15450,17130,3510,5330,6720,5400,4260,7340,29050,2860,2950
2023_12,7時,17430,20000,4610,5770,7220,6830,5240,7750,27380,7180,5290,16130,18130,3890,5650,7020,5640,4520,7530,28400,3590,4590
2023_12,8時,21450,24930,5760,7730,9120,8810,6760,8190,23230,17320,8590,17470,19130,4430,5950,7590,6220,4790,7620,27200,5000,6730
2023_12,9時,23310,27960,7740,8900,9580,9140,7160,8740,19830,21990,11670,19120,20590,5270,6610,8040,6680,5170,7920,26070,6130,9760
2023_12,10時,23820,29210,8200,9290,9750,9210,7300,9260,18570,22510,14020,20230,22430,5970,7250,8620,6990,5440,8380,25060,6450,13310
2023_12,11時,24020,29440,8280,9420,9520,9290,7560,9370,17810,22450,15210,20980,24830,6800,7970,9100,7340,5860,8730,23620,6590,17670
2023_12,12時,24310,29980,8360,9840,9770,9310,7640,9350,17610,22730,15930,21940,25510,7440,8360,9480,7550,5960,8640,22670,6520,20230
2023_12,13時,24730,30380,8760,10150,10070,9320,7670,9120,17730,22960,16430,22870,26590,8530,8760,9730,7830,6080,8510,22530,6490,22320
2023_12,14時,24610,30570,9120,10220,10120,9240,7550,8920,17730,22960,16470,23620,27030,8860,9230,9880,8110,6040,8510,22690,6340,23580
2023_12,15時,24210,29830,9200,10040,9810,9030,7490,8450,17860,22610,15570,24280,27710,9180,9730,10140,8600,6050,8280,22720,6190,24930
2023_12,16時,23650,28630,9120,9690,9350,8770,7320,8010,18460,21790,14010,24600,27930,9170,9790,10000,8930,6380,8240,23170,5940,25240
2023_12,17時,22880,26990,8710,9210,8890,8420,6790,7840,19430,19610,12850,24380,28120,8650,9620,10000,9300,6810,8120,23160,5780,25450
2023_12,18時,20480,24450,7550,8580,8280,7420,5630,7450,21030,13700,12240,23660,26730,7860,9520,9450,8990,6570,7980,23680,5110,23500
2023_12,19時,18810,22140,6460,7830,7870,6570,4900,7290,22770,8900,11320,22260,23820,6580,8780,8810,8110,6060,7710,24570,4240,19220
2023_12,20時,17750,20410,5920,7040,7360,6240,4540,7050,24340,6200,9650,20140,21940,5380,7970,8120,7330,5780,7480,25370,3570,15140
2023_12,21時,16810,19150,5300,6540,7080,6020,4230,6760,25760,4610,7670,17420,19110,4530,6720,7280,6120,4830,7030,26170,3040,9410
2023_12,22時,15630,17060,4260,5870,6540,5550,4000,6460,26520,3540,4760,15780,17280,3750,6090,6680,5510,4310,6710,26500,2710,5960
2023_12,23時,14400,15830,3590,5410,6110,5210,3770,6130,26110,2950,3300,14320,15830,3120,5390,6380,4990,3930,6320,26140,2370,3710
2023_12,24時,14760,16990,3430,5220,6570,5420,4110,6980,28780,2640,2570,14580,16700,3260,5100,6460,5200,4180,7060,28500,2410,2570
2023_12,25時,14930,17150,3530,5220,6640,5470,4130,7050,29030,2640,2640,14660,16780,3300,5050,6510,5260,4170,7140,28720,2430,2520
2023_12,26時,14800,17180,3430,5210,6660,5450,4140,7060,29060,2630,2530,14600,16750,3190,5100,6500,5240,4170,7140,28800,2430,2360
2023_12,27時,14770,17190,3400,5190,6670,5500,4140,7050,29050,2630,2540,14550,16810,3230,5020,6510,5280,4190,7130,28730,2430,2450
2023_12,28時,14770,17250,3440,5190,6690,5510,4130,7060,29140,2640,2500,14540,16840,3300,4990,6480,5270,4190,7120,28670,2430,2510
2024_01,5時,15010,17200,3090,5080,7240,5710,3850,7230,28620,2280,3110,14830,17860,3790,4960,7210,5610,3960,7140,28720,2070,3730
2024_01,6時,15790,17730,3250,5350,7390,6070,4030,7420,28550,2830,4000,15190,18040,4060,5050,7340,5510,3960,7290,28380,2240,4470
2024_01,7時,17530,19470,4430,5650,7810,6530,4770,7780,27130,5960,5840,15450,18980,4450,5160,7450,5740,4150,7450,27760,3150,5330
2024_01,8時,22000,24090,6000,7860,9470,8590,5960,8200,23700,15130,9490,16780,20230,5160,5850,7930,6190,4270,7600,26860,4190,7910
2024_01,9時,23820,26500,7540,8840,9640,8940,6530,8820,20920,18680,12480,18130,21400,5600,6580,8220,6710,4510,7890,25670,4890,10750
2024_01,10時,24270,28140,8420,9070,9880,9060,6690,9270,19810,19160,15080,19270,23380,6130,7740,8660,7080,4670,8350,24900,5120,14290
2024_01,11時,24530,28710,8370,9520,9880,9220,6810,9430,18830,19210,16760,19970,25000,6540,8730,9050,7370,4740,8520,23720,5250,17610
2024_01,12時,25320,28750,8420,10200,9990,9210,6930,9290,18470,19960,17200,20410,25930,6980,8740,9450,7550,5160,8430,23000,5280,19690
2024_01,13時,25880,29470,9420,10410,10120,9260,7040,9080,18450,20240,18210,21150,26380,7390,9020,9930,7660,5210,8310,22720,5160,21300
2024_01,14時,25620,29520,9460,10350,10200,9150,6990,8970,18480,20120,18070,21240,28110,8560,9120,9880,8050,5300,8430,22700,5030,23220
2024_01,15時,25110,29390,9650,10170,9950,9170,6850,8690,18610,19900,17560,21070,28370,8660,9210,9670,8350,5160,8370,22410,4780,23700
2024_01,16時,24450,28200,8960,9810,9750,9020,6780,8310,19230,18730,16260,21230,28700,8660,9390,9650,8790,5290,8120,22860,4750,23800
2024_01,17時,23830,25630,7820,9410,9400,8510,6390,7900,20150,16900,13980,21020,27860,8300,9180,9560,8690,5160,7970,23460,4400,22490
2024_01,18時,21550,23400,7020,8560,8750,7710,5400,7480,21800,12220,12520,19950,26050,7450,8400,9120,8320,5050,7640,23840,3910,19790
2024_01,19時,19780,21250,6080,7650,8540,6720,4720,7290,23560,8160,10900,19340,24430,7010,7950,8790,7710,4850,7450,24660,3420,17220
2024_01,20時,18220,19810,5670,6750,7830,6280,4360,7120,24810,5790,9030,18320,22050,6060,6980,8380,7190,4540,7210,25280,2760,13890
2024_01,21時,17040,18680,5160,6050,7490,6090,4030,6880,25800,4350,7190,16690,19300,4710,6270,7780,6180,4030,6990,26170,2530,8980
2024_01,22時,15820,17380,4320,5660,7250,5710,3690,6570,26540,3540,4820,15350,17650,3900,5760,7360,5620,3720,6630,26550,2260,5960
2024_01,23時,14480,16250,3770,5230,6770,5410,3430,6100,25950,2680,3780,14270,16400,3570,5280,6830,5330,3410,6240,25790,2010,4590
2024_01,24時,15000,17170,3380,5140,7210,5640,3810,6970,28650,2130,3150,14700,17250,3430,5100,7090,5500,3780,7040,28310,1970,3440
2024_01,25時,15080,17300,3390,5180,7280,5680,3840,6990,28860,2130,3180,14770,17380,3450,5140,7130,5530,3790,7090,28490,1980,3460
2024_01,26時,14950,17350,3390,5100,7290,5670,3840,7000,28920,2110,3060,14700,17510,3480,5200,7150,5500,3770,7090,28540,1990,3460
2024_01,27時,14910,17310,3340,5050,7260,5700,3830,7020,28900,2110,3020,14620,17660,3500,5200,7180,5520,3770,7090,28570,1970,3520
2024_01,28時,14940,17320,3340,5040,7260,5720,3850,7020,28920,2120,3020,14660,17830,3610,5210,7210,5580,3770,7100,28730,1990,3560
2024_02,5時,15290,16790,3380,5190,6440,5620,3970,7450,28350,3110,3060,15000,16400,3570,4870,6400,5360,3910,7270,27490,2610,3610
2024_02,6時,16410,17280,3580,5420,6540,6080,4300,7750,28280,3740,4270,15330,16710,3590,5080,6460,5400,3970,7530,27510,2700,4120
2024_02,7時,17940,19090,4470,5780,6880,6630,5210,8030,26430,7360,5830,15950,17580,3960,5340,6710,5560,4320,7630,26810,3490,5540
2024_02,8時,22120,23690,6060,7970,8440,8520,6410,8390,22980,16700,9050,17550,18490,4520,5940,7100,6070,4520,7870,25760,4790,7860
2024_02,9時,24010,26170,7650,8720,8720,9020,6970,9080,20040,20330,12270,18420,20650,5500,6810,7430,6470,4730,8120,24720,6000,10560
2024_02,10時,24590,27380,8160,9240,9010,9020,7090,9430,18770,20920,14620,19550,23130,6060,7930,8060,6900,5110,8600,23690,6260,14880
2024_02,11時,24990,28030,8280,9410,9170,9220,7270,9640,18270,21130,15930,20730,25190,6850,8860,8600,7330,5320,8940,22960,6560,18490
2024_02,12時,25530,28150,8210,9700,9490,9330,7420,9510,17680,21690,16610,21420,26190,7420,8810,9260,7600,5520,8970,22420,6770,20520
2024_02,13時,26000,28750,8900,9940,9690,9380,7490,9340,17710,21910,17390,21910,27320,7860,9760,9550,7810,5490,8750,22180,6810,22260
2024_02,14時,25630,28560,8840,9930,9580,9240,7460,9110,17750,21970,16720,21870,28540,8300,10310,9720,7860,5560,8640,22250,6570,23600
2024_02,15時,25280,27750,9010,9780,9270,9040,7310,8600,17900,21740,15630,21680,29330,9000,10360,9630,7850,5590,8560,22440,6370,24190
2024_02,16時,24880,26730,9000,9530,9280,8590,7090,8100,18570,21070,14280,21310,28900,9060,10240,9520,7790,5280,8320,22870,6240,23120
2024_02,17時,24270,24990,8730,9180,8750,8140,6570,7870,19590,19220,12730,20820,27660,8850,10040,8890,7580,5120,7970,23070,6100,21370
2024_02,18時,22220,23030,7850,8720,8270,7310,5490,7590,21560,14680,11300,19810,26110,7950,9670,8500,7140,4790,7850,23770,5460,18790
2024_02,19時,20260,20940,7060,7790,7750,6320,4770,7500,23120,10350,10040,18800,23790,7200,8750,7920,6600,4430,7650,24340,4760,15630
2024_02,20時,18640,19620,6570,7060,7220,5720,4310,7350,24750,7300,8520,17620,20430,5910,7250,7310,6060,4170,7340,24920,3550,11720
2024_02,21時,17450,18520,5890,6490,6880,5580,3980,7140,25890,5410,6950,16600,18580,5390,6190,6810,5640,3990,7160,25690,3240,8460
2024_02,22時,16140,17130,4580,6140,6390,5500,3810,6840,26230,4340,5080,15250,17130,4550,5530,6360,5320,3720,6870,25910,2830,5880
2024_02,23時,14790,16070,3990,5600,6050,5220,3590,6390,25650,3540,3980,14030,15860,3930,5070,5970,4980,3480,6450,25160,2490,4400
2024_02,24時,15220,16800,3480,5510,6390,5460,3940,7210,28310,3120,3110,14650,16430,3670,5020,6210,5160,3830,7170,27560,2590,3240
2024_02,25時,15360,16940,3530,5520,6510,5490,3960,7270,28520,3130,3190,14850,16600,3830,5040,6260,5210,3860,7240,27750,2580,3460
2024_02,26時,15320,16870,3490,5440,6510,5500,3960,7270,28500,3090,3150,14910,16620,3820,5030,6330,5230,3840,7260,27850,2580,3440
2024_02,27時,15260,16940,3470,5440,6530,5540,3940,7270,28520,3070,3160,14860,16630,3800,5010,6350,5280,3790,7240,27830,2580,3420
2024_02,28時,15220,16920,3400,5410,6570,5540,3940,7260,28530,3030,3120,14880,16700,3840,5010,6360,5300,3790,7260,27920,2590,3400
2024_03,5時,15720,17600,4360,5060,6730,5470,4440,7240,29750,2670,3000,15490,17080,4320,4910,6480,5460,4280,7100,29340,2560,2800
2024_03,6時,16600,17730,4170,5430,6830,5810,4590,7470,29220,3190,4070,16140,17340,4620,5020,6670,5500,4410,7250,29420,2680,3520
2024_03,7時,18070,19450,5110,5660,7210,6270,5500,7750,27160,6640,5870,16870,18110,4790,5320,7060,5610,4720,7460,28940,3400,4730
2024_03,8時,22780,23430,6180,7680,8840,8540,6750,8200,23160,16650,8990,18580,19110,5380,6030,7700,6110,4840,7620,27840,4560,7450
2024_03,9時,24520,25420,7300,8460,9030,9020,7170,8950,19770,19910,12380,20450,21090,6400,6920,8430,6670,5200,7900,26850,5670,11050
2024_03,10時,25290,27090,8180,9220,9230,9110,7260,9370,18500,20820,15130,22080,24040,7690,8190,9150,7150,5590,8320,25780,6290,16140
2024_03,11時,25310,27830,8300,9590,9180,9150,7390,9510,17770,20960,16410,22880,25630,8320,8830,9660,7720,5700,8250,24540,6270,19700
2024_03,12時,26000,27980,8750,9830,9400,9340,7430,9210,17410,21780,16700,23820,26440,8590,9540,9940,8020,5880,8280,23820,6500,21940
2024_03,13時,25890,28360,9310,9800,9490,9170,7510,8940,17440,21870,16870,24200,26720,9040,9310,10360,7910,6020,8260,23380,6440,23030
2024_03,14時,25520,28440,9020,9730,9580,9120,7560,8940,17600,21700,16600,24120,26860,9220,9420,10170,8020,5920,8210,22810,6320,23700
2024_03,15時,25360,27890,9110,9620,9470,9080,7360,8600,17880,21760,15590,24230,27300,9310,9720,10190,8190,5880,8230,22870,6220,24260
2024_03,16時,25190,26670,9020,9280,9360,8930,7300,7950,18500,20780,14520,24260,26800,8910,9620,10500,8190,5800,8030,22960,6030,23880
2024_03,17時,24930,25530,9120,9120,8980,8610,6830,7780,19770,19190,13420,24220,26340,9050,9600,10170,8090,5750,7900,23680,5940,22780
2024_03,18時,23030,23660,8410,8470,8610,7700,5930,7560,21780,14590,12290,23340,24830,8670,9160,9430,7810,5380,7700,24710,5390,19950
2024_03,19時,20890,21880,7730,7580,8080,6610,5360,7390,23570,10310,10880,22110,23790,8260,8740,8620,7430,5180,7650,25420,4760,17660
2024_03,20時,19480,20190,6720,6820,7690,6180,5020,7210,25270,7190,9210,19870,20960,7040,7280,7690,6610,4900,7300,26320,3930,12520
2024_03,21時,17980,19030,6240,6130,7270,5740,4650,6950,26620,5300,7110,17840,19560,6330,6410,7190,5940,4580,6930,26960,3350,9030
2024_03,22時,16460,17650,5350,5570,6750,5450,4320,6650,27380,3830,4990,15910,18240,5290,5720,6670,5580,4220,6660,27610,2600,5950
2024_03,23時,15190,16470,4600,5100,6340,5250,4090,6260,26840,3010,3860,14800,16860,4590,5250,6340,5280,3900,6290,27030,2380,4230
2024_03,24時,15450,17410,4470,5000,6540,5390,4420,7020,29440,2580,3020,15310,17780,4790,5130,6500,5370,4160,7130,29600,2460,3170
2024_03,25時,15570,17470,4470,5010,6590,5430,4460,7070,29720,2550,2950,15370,17810,4740,5130,6540,5410,4170,7170,29830,2450,3050
2024_03,26時,15560,17470,4470,5030,6580,5420,4440,7080,29730,2560,2920,15450,17910,4780,5210,6530,5450,4180,7200,29900,2470,3140
2024_03,27時,15480,17570,4500,5020,6610,5450,4380,7080,29800,2540,2880,15510,17910,4840,5200,6520,5510,4140,7190,29910,2490,3160
2024_03,28時,15460,17570,4470,5020,6620,5450,4380,7070,29820,2570,2820,15490,17960,4820,5220,6530,5520,4170,7160,29950,2490,3160
2024_04,5時,15310,18330,5760,5310,5220,5720,4270,7330,30170,2460,2730,15660,17300,5650,5160,5170,5580,4200,7190,28920,2210,3460
2024_04,6時,16290,18410,5410,5680,5360,6120,4430,7680,29650,2950,3860,16120,17750,5890,5470,5200,5600,4260,7420,29120,2370,4010
2024_04,7時,17910,19220,5620,6010,5660,6550,5370,7890,27460,5780,5670,16490,18550,6230,5630,5490,5840,4390,7440,28550,3010,5090
2024_04,8時,22880,23710,8030,7560,7530,8760,6440,8250,23140,17050,8560,18400,19530,6930,6150,6120,6450,4640,7630,27390,4500,7710
2024_04,9時,24150,24880,8200,8130,7800,9250,6830,8800,19060,20200,11380,20170,21940,8290,7190,6670,6850,5100,8000,26360,5760,11580
2024_04,10時,24450,25910,8400,8420,8080,9230,7030,9200,17740,20770,13450,21370,23880,9250,7790,7150,7350,5380,8310,24820,6190,15810
2024_04,11時,24350,26630,8480,8570,8190,9250,7100,9370,16780,20910,14860,21940,25760,9660,8510,7610,7880,5480,8540,23340,6390,19500
2024_04,12時,25060,27150,8850,9050,8320,9450,7310,9220,16860,21710,15250,22480,27840,10360,9160,8220,8280,5720,8560,22880,6850,22130
2024_04,13時,25040,27510,9190,9070,8330,9460,7310,9180,16920,21790,15410,22800,29900,11190,9730,8740,8440,5840,8740,22570,6820,24800
2024_04,14時,24900,27590,9200,9230,8360,9460,7220,8990,16980,21730,15330,23560,31820,12550,10620,9190,8590,5880,8550,22270,6510,28020
2024_04,15時,24460,26710,9130,8790,8210,9210,7160,8650,17010,21470,14220,24260,33640,13440,11600,9720,9050,5860,8210,21960,6420,31010
2024_04,16時,24380,26050,9550,8590,8050,9170,6990,8070,17820,20900,13240,23930,34020,13300,11830,10190,9120,5790,7700,22100,6390,30980
2024_04,17時,24200,24980,9350,8670,7790,8950,6590,7800,19080,19560,12130,23930,33060,12870,11710,10210,8810,5670,7690,22670,6330,29560
2024_04,18時,21700,23100,8100,8180,7120,8020,5730,7640,21020,14300,11100,23230,31080,12260,11200,9380,8300,5460,7690,23730,5610,26500
2024_04,19時,19310,21430,7250,7230,6780,6870,5080,7520,23040,9300,10010,21440,28410,11140,10350,8670,7320,4930,7420,24600,4530,22290
2024_04,20時,17750,19900,6590,6350,6280,6360,4780,7280,24600,6390,8260,19180,24030,9180,8630,7050,6570,4700,7060,25440,3740,15670
2024_04,21時,16890,18640,6130,5970,5930,6000,4460,7010,26280,4650,6220,17880,20970,7670,7510,6210,6050,4520,6870,26170,3220,11130
2024_04,22時,15930,17590,5570,5740,5510,5770,4260,6660,27280,3400,4490,16060,18240,5940,6290,5630,5610,4290,6540,26830,2690,6510
2024_04,23時,14910,16630,5300,5390,5040,5510,4020,6260,27000,2700,3450,14720,16560,5110,5610,5070,5240,4020,6210,26390,2290,4290
2024_04,24時,15380,17830,5640,5410,5160,5600,4240,7140,29690,2370,2850,15200,17910,5620,5490,5330,5460,4170,7030,29250,2190,3440
2024_04,25時,15470,17940,5700,5410,5190,5670,4240,7180,29930,2370,2830,15250,17910,5580,5500,5330,5500,4200,7040,29360,2150,3420
2024_04,26時,15460,17950,5810,5340,5160,5670,4240,7190,29990,2340,2770,15290,17870,5630,5510,5250,5530,4200,7030,29520,2140,3280
2024_04,27時,15440,17930,5780,5350,5170,5670,4200,7180,29960,2330,2770,15260,17870,5610,5510,5220,5540,4200,7040,29530,2140,3230
2024_04,28時,15420,17930,5740,5360,5180,5680,4220,7160,29920,2350,2770,15300,17840,5610,5490,5280,5520,4180,7030,29440,2140,3330
2024_05,5時,16250,17110,5230,5530,5400,5740,4130,7310,30290,2880,2400,16000,15720,4300,5350,5420,5530,4020,7080,28300,2510,2780
2024_05,6時,17330,17190,4950,5810,5640,6190,4370,7550,29850,3500,3460,16400,16200,4540,5430,5530,5680,4170,7220,28230,2710,3530
2024_05,7時,18960,18620,5490,6200,6010,6880,5190,7800,28020,6860,5090,16810,16990,4570,5720,5830,5930,4340,7380,27390,3430,4860
2024_05,8時,23570,23120,7710,8050,7860,8620,6270,8160,23910,18090,7670,18500,18240,5590,6180,6650,6580,4360,7360,26270,4810,7580
2024_05,9時,24600,24730,8050,8770,8100,9160,6650,8580,19660,21540,10400,20770,20490,6890,7310,7270,7360,4790,7610,25060,6020,12000
2024_05,10時,24810,25820,8100,9250,8310,9240,6840,8870,18340,22170,12380,22020,22920,8210,7980,7700,7970,5180,7880,23760,6210,16750
2024_05,11時,24550,26510,8110,9270,8300,9310,7080,8980,17600,22230,13450,22890,25410,8740,9000,8410,8510,5530,8100,23020,6620,20590
2024_05,12時,24900,26930,8410,9560,8420,9480,7110,8830,17440,22990,13540,23650,26880,9110,9710,9090,8830,5700,8070,22360,6880,23110
2024_05,13時,25190,26930,8670,9560,8410,9470,7170,8810,17290,23150,13760,24080,27470,9390,9950,9420,8940,5760,8060,21520,7120,24700
2024_05,14時,24560,26970,8640,9340,8210,9490,7090,8740,17120,22950,13520,24750,27950,9890,10270,9520,9240,5740,8020,21620,6990,25890
2024_05,15時,24040,26460,8800,9170,8010,9210,6810,8480,17360,22510,12640,25220,26920,9580,10000,9780,9320,5490,7950,21630,6710,25500
2024_05,16時,24010,25940,9000,9130,8100,9060,6620,8020,18100,22080,11790,24960,25980,8870,10140,9640,8990,5370,7900,21620,6540,24480
2024_05,17時,23870,24930,9000,8990,7930,8860,6270,7730,19530,20820,10580,24530,25250,8670,9770,9210,8840,5320,7950,22060,6330,23060
2024_05,18時,22250,22140,7860,8500,7410,7930,5240,7430,21280,15310,9890,23880,24130,8580,9240,8700,8580,5150,7730,23030,5550,21090
2024_05,19時,20290,20200,6780,7660,7060,6920,4680,7380,23500,10130,8850,22690,22930,7910,8860,8210,8150,4890,7600,24130,4530,18670
2024_05,20時,18550,18330,5840,6760,6440,6200,4450,7180,24840,6740,7260,20780,20770,7240,7680,7460,7280,4600,7280,25170,3860,14450
2024_05,21時,17710,17480,5630,6410,5960,5880,4260,7030,26560,5100,5590,18050,18310,6040,6410,6230,6260,4360,7050,25940,3390,8990
2024_05,22時,16760,16600,5190,5990,5580,5710,4090,6780,27470,3880,4120,16700,16310,4970,5920,5550,5770,4120,6670,26420,2700,5820
2024_05,23時,15710,15760,4920,5530,5270,5450,3870,6400,27210,3100,3230,15400,15080,4380,5320,5200,5410,3870,6280,26130,2400,3890
2024_05,24時,16130,16710,4990,5550,5470,5630,4070,7120,29830,2800,2420,15610,16100,4610,5330,5270,5490,3960,7030,28690,2460,2650
2024_05,25時,16260,16820,5070,5600,5470,5690,4080,7160,30100,2810,2400,15860,16360,4860,5450,5330,5550,3950,7070,29120,2490,2710
2024_05,26時,16180,16850,5090,5590,5430,5680,4060,7160,30110,2840,2320,15830,16360,4880,5440,5310,5540,3940,7070,29170,2440,2650
2024_05,27時,16170,16840,5100,5570,5400,5690,4040,7190,30100,2840,2320,15830,16390,4850,5400,5340,5610,3910,7090,29130,2440,2710
2024_05,28時,16150,16820,5060,5560,5420,5700,4050,7160,30090,2810,2310,15880,16410,4910,5400,5370,5590,3920,7080,29140,2510,2710
2024_06,5時,15730,16290,4250,5550,5200,5710,4250,7030,28850,2580,2590,15240,15690,3870,5480,5150,5490,4040,6890,27720,2290,2760
2024_06,6時,16710,16360,3900,5950,5400,6080,4480,7240,28300,3090,3750,15940,16020,4140,5710,5290,5600,4180,7020,27740,2480,3600
2024_06,7時,18410,17620,4370,6320,5910,6690,5230,7490,26230,6360,5640,16260,16400,4140,5810,5560,5710,4330,7100,27020,3230,4260
2024_06,8時,23240,22330,7130,7900,7730,8520,6390,7880,22390,17460,8360,17890,17850,5210,6270,6260,6220,4460,7310,26300,4900,6460
2024_06,9時,24000,23920,7720,8470,7750,8830,6800,8330,18160,20300,11350,19890,19940,6380,7120,6980,6890,4980,7460,25470,6450,9800
2024_06,10時,24450,24560,7700,8900,7840,8850,7100,8600,16740,20860,13250,20640,21910,7240,7870,7400,7240,5120,7660,23990,6620,13770
2024_06,11時,24230,25770,7930,9120,7870,8840,7280,8940,16250,20970,14640,21460,24480,8250,8660,8040,7670,5340,7960,23010,6900,17810
2024_06,12時,24640,25920,7970,9390,8070,9070,7280,8760,16100,21460,14830,21980,26160,9530,9300,8230,7790,5360,7910,22180,7330,20310
2024_06,13時,24630,26360,8260,9420,8210,9130,7220,8740,16130,21540,15060,22000,27620,9790,9910,8430,7960,5470,8040,21860,7240,22200
2024_06,14時,23920,26440,8040,9460,8060,9200,7140,8440,15820,21340,14950,21760,29130,10440,10410,8270,8110,5700,7940,21480,6990,24060
2024_06,15時,23530,26300,8520,9130,7850,8970,7050,8300,16340,20910,14350,22110,31660,11520,10970,8930,8740,5750,7840,21650,6760,26980
2024_06,16時,23410,25580,8630,9000,7880,8810,6860,7790,17210,20490,13100,22020,32330,11930,11060,9060,8800,5850,7630,21680,6640,27580
2024_06,17時,23040,24950,8570,8920,7750,8700,6470,7570,18410,19190,12230,21750,32970,12570,11210,8920,8570,5760,7660,21760,6510,27950
2024_06,18時,20940,22310,7210,8160,7180,7860,5490,7330,19930,14020,11100,21040,32300,12810,10880,8360,8250,5580,7430,22460,5920,26540
2024_06,19時,18780,20440,5940,7400,6940,6750,5010,7150,21870,9090,10070,19990,30100,11690,10560,7860,7650,5110,7200,23420,4620,23680
2024_06,20時,17740,19020,5720,6790,6340,6240,4730,6930,23500,6490,8660,18630,27280,10150,9700,7250,7030,4760,7010,24250,3860,19460
2024_06,21時,17030,17680,5230,6410,5860,6010,4490,6700,24910,4750,6950,17330,22760,7500,8370,6530,6400,4530,6740,25020,3240,13530
2024_06,22時,16170,16030,4600,5960,5350,5660,4210,6410,25810,3600,4710,16320,17490,5400,6700,5570,5640,4120,6360,25760,2830,6960
2024_06,23時,14870,15000,3960,5530,4970,5390,3940,6050,25610,2800,3350,15130,15360,4270,5980,5170,5220,3830,6020,25540,2270,4430
2024_06,24時,15270,15720,3860,5550,5170,5490,4110,6800,28010,2460,2480,15240,16360,4450,5770,5170,5400,3940,6860,27970,2160,3280
2024_06,25時,15440,15810,3980,5590,5170,5540,4110,6840,28260,2470,2510,15280,16490,4410,5830,5230,5430,3950,6900,28170,2190,3240
2024_06,26時,15380,15830,4020,5580,5120,5530,4080,6860,28260,2470,2460,15280,16480,4440,5800,5240,5380,3970,6910,28230,2200,3180
2024_06,27時,15360,15890,4070,5570,5100,5560,4070,6860,28320,2430,2460,15270,16420,4440,5750,5230,5400,3940,6910,28190,2230,3100
2024_06,28時,15290,15960,4060,5570,5080,5570,4100,6850,28320,2470,2410,15260,16390,4420,5710,5220,5420,3940,6920,28200,2290,3010
2024_07,5時,16710,16540,4790,5710,5510,5620,4310,7290,29910,2910,2800,16030,16040,4700,5550,5200,5300,4060,7230,28890,2420,2800
2024_07,6時,17640,16870,4640,6150,5740,5900,4480,7580,29500,3490,3970,16320,16400,4680,5820,5240,5440,4230,7270,28790,2650,3300
2024_07,7時,19230,17770,4900,6070,6310,6630,5270,7790,27320,6840,5360,16640,16630,4450,5950,5340,5620,4420,7470,27860,3140,4240
2024_07,8時,23680,22040,6910,7860,7960,8190,6640,8150,23130,17080,8510,18590,17420,5170,6770,5880,6280,4500,7390,27070,4480,6560
2024_07,9時,24800,24400,7520,8720,8180,8920,7260,8570,19350,20630,11640,20380,19760,6030,7760,6710,6910,5040,7660,25920,5750,10510
2024_07,10時,24960,25430,7640,8840,8470,8990,7360,9090,18170,21130,13580,21000,21450,6330,8250,7250,7200,5350,8040,24520,6060,14010
2024_07,11時,24750,25830,7620,9010,8440,8920,7470,9100,17240,21130,14550,21640,22860,6910,8380,7640,7650,5590,8310,23470,6040,16960
2024_07,12時,25280,26220,7880,9380,8550,9110,7460,9110,17180,21900,14770,22170,23920,7710,8740,7980,7790,5750,8100,22840,6440,18780
2024_07,13時,25400,26550,8250,9470,8620,9130,7430,9030,17310,22100,14890,22630,24030,7810,8770,8420,7790,5770,8080,22640,6490,19430
2024_07,14時,24700,26690,8190,9480,8490,9150,7340,8720,17110,21760,14870,22490,24080,7820,8930,8330,7920,5650,7890,22290,6230,19800
2024_07,15時,24460,26080,8350,9270,8270,9000,7140,8490,17320,21130,14410,22250,24110,8370,8540,8490,7790,5480,7680,22140,6140,19830
2024_07,16時,24560,25100,8380,9280,8280,8750,6970,7980,18110,20480,13430,22060,23340,8190,8330,8290,7580,5330,7660,22160,5990,18910
2024_07,17時,24100,23980,8110,9120,8270,8450,6420,7700,19100,19190,12210,21710,21970,7950,7970,7810,7250,5110,7590,22640,5590,17080
2024_07,18時,21750,21380,6600,8600,7510,7480,5460,7450,21040,13370,11110,20750,21010,7790,7410,7360,6900,4870,7410,23240,5080,15170
2024_07,19時,19960,19750,5770,7870,7260,6490,4910,7400,23250,9010,9790,19270,19160,6720,6930,6620,6290,4590,7270,23980,4140,12020
2024_07,20時,18920,18330,5570,7040,6750,6020,4620,7220,24950,6330,8290,18420,17540,6040,6460,6290,5800,4260,7090,24820,3600,9260
2024_07,21時,17810,17450,5130,6780,6230,5770,4350,6970,26360,4690,6480,17480,16650,5480,5970,5950,5620,4140,6950,25890,3260,6750
2024_07,22時,16930,16490,4970,6290,5720,5530,4160,6730,27460,3730,4570,16290,15900,5090,5700,5440,5280,4030,6640,26550,2600,4810
2024_07,23時,15630,15590,4480,5770,5370,5290,3950,6350,27140,3070,3290,15170,15240,4720,5300,5100,5110,3830,6340,26550,2200,3440
2024_07,24時,16550,16360,4670,5850,5560,5460,4200,7160,29770,2870,2700,15840,15730,4790,5400,5110,5270,3970,7020,28630,2250,2630
2024_07,25時,16730,16390,4750,5870,5580,5520,4190,7190,29990,2860,2710,15880,15910,4830,5470,5100,5290,3990,7100,28880,2250,2620
2024_07,26時,16530,16460,4800,5750,5540,5500,4170,7210,29980,2840,2610,15870,15830,4810,5470,5070,5240,3990,7100,28860,2260,2530
2024_07,27時,16460,16480,4820,5720,5500,5500,4160,7220,29940,2860,2580,15960,15910,4940,5490,5050,5280,3960,7120,28970,2320,2580
2024_07,28時,16490,16480,4820,5740,5500,5500,4180,7210,29990,2880,2550,15960,16020,5050,5460,5050,5310,3990,7110,29050,2300,2620
2024_08,5時,14700,15130,3400,5540,5570,4820,4000,6470,26600,2060,2710,13800,14560,3200,5150,5130,4680,3850,6340,25400,1770,2560
2024_08,6時,15410,15560,3560,5800,5690,5120,4150,6640,26440,2490,3610,14260,14740,3190,5360,5230,4810,3990,6410,25300,1880,3120
2024_08,7時,17220,16650,4050,5870,6250,5880,4950,6860,24910,5490,5070,14880,15320,3400,5440,5460,5110,4200,6560,24830,2410,4270
2024_08,8時,21150,21150,6070,7230,8040,7640,6090,7200,21760,14350,7970,16290,16400,3970,6010,6000,5630,4430,6640,24170,3380,6480
2024_08,9時,22390,23210,6480,7830,8510,8390,6510,7850,19220,17130,10850,17770,17810,4370,6580,6450,6340,4760,7060,23060,4130,9710
2024_08,10時,22380,24270,6610,8100,8580,8530,6720,8110,18060,17260,12800,18690,19140,4570,7280,7020,6770,4930,7240,21560,4120,13400
2024_08,11時,22350,24850,6590,8160,8880,8580,6820,8150,17290,17320,14000,19220,20880,5200,7730,7560,7060,5200,7330,20260,4180,16910
2024_08,12時,22980,24920,6830,8330,9100,8730,6870,8030,17010,17960,14380,20070,21760,5700,8120,7870,7400,5470,7260,19910,4290,18770
2024_08,13時,23280,24820,7000,8390,9130,8780,6860,7920,16980,18000,14570,20880,23010,6360,8420,8330,7840,5660,7260,19700,4460,20870
2024_08,14時,23110,24710,6980,8380,8940,8790,6920,7790,16750,17750,14700,21680,24570,6810,9160,8830,8260,5980,7200,19620,4450,23320
2024_08,15時,22960,24200,6980,8410,8750,8550,6810,7650,16820,17450,14250,22620,26490,7270,9870,9420,8910,6380,7230,19730,4420,26080
2024_08,16時,22880,22910,6710,8330,8530,8280,6560,7360,17270,16690,13230,22730,26900,7610,9980,9440,9050,6350,7170,20050,4340,26390
2024_08,17時,22330,21580,6350,8090,8410,8040,5970,7040,18050,15490,11830,22530,25960,7580,9530,9370,8820,6120,7060,20270,4120,25280
2024_08,18時,20120,19050,5400,7630,7500,6870,4940,6820,19550,10540,10540,21460,24930,7390,9230,8710,8310,5810,6920,20790,3650,23170
2024_08,19時,18210,17230,4690,6790,6980,5970,4460,6540,21070,6640,9140,19590,22790,6680,8570,7940,7180,5200,6790,21650,3080,18840
2024_08,20時,17350,16110,4400,6360,6560,5530,4220,6370,22720,4670,7510,18090,19620,5750,7470,7120,6220,4660,6460,22320,2650,13940
2024_08,21時,16290,15650,4360,5980,6100,5290,4010,6190,23890,3590,5930,17230,17630,5560,6850,6470,5610,4200,6150,23040,2430,10620
2024_08,22時,15070,14930,3870,5560,5670,5040,3910,5930,24520,2890,4120,14820,15120,4110,5580,5540,4970,3890,5830,23480,2140,5580
2024_08,23時,13900,14120,3400,5240,5250,4750,3720,5660,24190,2250,3100,13460,13870,3420,5060,5040,4620,3660,5510,23150,1730,3700
2024_08,24時,14480,14830,3310,5490,5460,4840,3920,6270,26220,2000,2670,14060,14830,3370,5320,5260,4770,3820,6320,25570,1640,3020
2024_08,25時,14640,14900,3360,5520,5510,4900,3920,6310,26440,2030,2680,14210,14930,3440,5390,5300,4780,3830,6370,25840,1640,3000
2024_08,26時,14600,14940,3360,5530,5500,4890,3920,6320,26470,2020,2630,14190,14900,3410,5380,5350,4730,3820,6380,25840,1610,2950
2024_08,27時,14570,14980,3400,5550,5480,4880,3910,6320,26450,2050,2630,14180,14900,3440,5400,5330,4730,3790,6380,25830,1630,2920
2024_08,28時,14600,14990,3410,5540,5480,4870,3920,6340,26490,2060,2620,14190,14940,3480,5410,5320,4720,3780,6410,25830,1680,2930
2024_09,5時,15750,15970,3370,5900,6120,5420,4180,6710,28070,1990,3090,15590,15460,3280,5930,5940,5240,4000,6630,27430,1630,3230
2024_09,6時,16400,16280,3350,6110,6320,5610,4350,6930,27630,2420,4080,15960,15790,3400,6060,6120,5330,4120,6710,27470,1820,3740
2024_09,7時,18420,17290,3850,6260,6970,6230,5200,7180,25980,5120,6090,16590,16250,3580,6220,6290,5540,4330,6850,27060,2300,4720
2024_09,8時,22290,21610,5270,7650,8930,8060,6480,7480,22250,13980,9370,18320,17210,4220,6700,6940,6200,4480,6980,26260,3160,7360
2024_09,9時,23480,23180,5730,8130,9060,8690,6940,8090,19060,16810,12300,19760,18840,4910,7300,7340,6890,4870,7270,25000,4120,10780
2024_09,10時,23350,24360,5720,8440,9110,8730,7130,8560,17820,16940,14330,20610,20470,5310,8080,7570,7290,5170,7640,23430,4090,14740
2024_09,11時,23330,24940,5730,8660,9190,8830,7230,8600,17100,16990,15540,21630,21880,5940,8810,8080,7540,5360,7760,22220,4100,18320
2024_09,12時,23940,25280,5990,8880,9380,9110,7330,8510,16940,17600,16030,22550,22890,6390,9190,8640,7820,5650,7730,21650,4390,20540
2024_09,13時,24230,25280,6170,8930,9480,9090,7410,8410,16920,17780,16100,23480,23810,7030,9740,9000,8030,5730,7740,21550,4500,22360
2024_09,14時,23990,25100,6190,8920,9300,9050,7350,8260,16820,17620,15960,23950,24630,7300,10020,9470,8240,5770,7770,21290,4450,23960
2024_09,15時,23780,24510,6180,8630,9210,9010,7170,8060,17040,17380,15180,24840,25360,8070,10270,9850,8460,5760,7770,21500,4190,25530
2024_09,16時,23770,23680,6110,8720,9230,8850,6990,7530,17560,16930,14280,24740,25320,8160,10120,9850,8570,5690,7660,21690,4010,25330
2024_09,17時,23460,22840,5930,8560,9320,8710,6490,7270,18420,15830,13370,24110,24040,7850,9620,9470,8240,5530,7420,22160,3850,23170
2024_09,18時,21560,20790,5170,8240,8530,7840,5440,7110,20240,11230,12200,23180,23130,7560,9160,9200,7990,5200,7190,22880,3530,21020
2024_09,19時,19580,19230,4460,7460,8160,6900,4820,6980,22170,7190,10770,22180,21740,6960,8760,8610,7650,4870,7050,23560,2900,18580
2024_09,20時,18250,17900,3930,6860,7770,6260,4580,6720,23670,4890,8900,20280,18990,5820,7870,7620,6660,4500,6780,23920,2330,14140
2024_09,21時,17360,16920,3730,6570,7210,5960,4340,6450,24930,3560,7080,18920,17610,5570,7220,7010,6040,4230,6450,24740,2200,10750
2024_09,22時,16130,15740,3530,6210,6330,5500,4100,6180,25530,2750,4960,16340,15750,4010,6200,6300,5440,3970,6140,25070,1850,6380
2024_09,23時,14900,14660,3090,5810,5760,5150,3880,5850,25000,2140,3730,14770,14400,3150,5640,5740,5100,3740,5780,24490,1480,4340
2024_09,24時,15630,15600,3230,6020,5980,5360,4090,6530,27610,1990,3090,15200,15270,3100,5790,5950,5180,3890,6540,26880,1580,3280
2024_09,25時,15780,15700,3320,6050,6020,5420,4100,6560,27820,1980,3150,15290,15370,3180,5790,5990,5210,3890,6580,27120,1590,3230
2024_09,26時,15710,15720,3330,6010,6000,5410,4080,6590,27860,1930,3080,15270,15480,3220,5780,6030,5220,3910,6570,27220,1620,3190
2024_09,27時,15630,15750,3320,5990,5980,5420,4060,6590,27870,1920,3010,15290,15520,3280,5770,6010,5270,3910,6550,27300,1620,3180
2024_09,28時,15680,15830,3360,5990,6020,5430,4090,6600,27920,1950,3070,15330,15530,3280,5790,6030,5270,3910,6570,27350,1640,3160
2024_10,5時,16150,16170,4130,5970,5990,5450,4190,6570,28930,2140,2840,15760,15700,3710,5930,5890,5190,4120,6600,27980,1830,3020
2024_10,6時,16860,16340,4110,6160,6140,5640,4350,6790,28290,2660,3880,16070,16000,3860,6040,6070,5290,4180,6610,27790,2150,3530
2024_10,7時,18710,17500,4630,6460,6560,6340,5150,7040,26460,5270,6130,16760,16450,4140,6120,6230,5530,4360,6800,27320,2590,4670
2024_10,8時,22880,22310,6370,8010,8730,8280,6410,7360,22690,14970,9640,18110,17370,4610,6750,6780,6020,4430,6880,26270,3790,6850
2024_10,9時,23910,23550,6530,8410,8940,8930,6680,7950,19160,17710,12290,19430,18940,5280,7240,7190,6590,4910,7140,25120,4500,10050
2024_10,10時,23820,24850,6610,8840,9040,8960,6880,8310,17850,18040,14390,19920,20650,5470,7710,7690,6950,5220,7500,23490,4660,13630
2024_10,11時,23840,25380,6680,8930,9240,8970,7020,8360,17170,17970,15640,20450,21890,5850,8210,8030,7230,5330,7680,22100,4690,16670
2024_10,12時,24330,25630,6610,9190,9480,9170,7160,8340,16860,18410,16180,21270,23020,6580,8440,8440,7550,5510,7760,21600,4960,18800
2024_10,13時,24400,25930,6840,9320,9350,9100,7340,8360,16820,18540,16450,21420,23290,6770,8530,8600,7660,5500,7630,21000,5040,19720
2024_10,14時,24100,25510,6770,9130,9130,9020,7310,8230,16620,18190,16270,21370,23870,7080,8630,8530,7830,5550,7610,21010,4770,20480
2024_10,15時,23680,24770,6700,8850,8840,8940,7120,7980,16940,17710,15210,21440,24430,7740,8710,8560,7810,5440,7600,21450,4650,20810
2024_10,16時,23490,23930,6570,8760,8800,8780,6960,7530,17550,17180,14090,21280,24340,7830,8790,8490,7800,5280,7420,21560,4540,20570
2024_10,17時,23190,22800,6540,8690,8610,8490,6460,7180,18500,16020,12920,20950,24490,8020,8540,8430,7860,5300,7280,22350,4360,19800
2024_10,18時,21240,20620,5630,8180,8010,7540,5450,7020,20480,11440,11440,20200,23760,7850,8230,8350,7540,5020,6970,23360,3830,17860
2024_10,19時,19490,19290,5220,7420,7600,6730,4960,6830,22520,7640,10130,19090,22840,7330,7930,7930,7080,4730,6920,23920,3250,15860
2024_10,20時,18220,17750,4660,6710,7230,6090,4650,6610,24060,5340,8040,18020,21290,6490,7420,7470,6630,4560,6720,24570,2740,13130
2024_10,21時,17100,16830,4470,6380,6620,5700,4380,6360,25230,3720,6430,17210,19450,5930,6820,6860,6190,4370,6460,25370,2390,10060
2024_10,22時,16190,15910,4160,6090,6110,5480,4160,6070,25830,2660,5080,15720,16270,4510,5970,5930,5420,4000,6130,25500,1980,5760
2024_10,23時,15080,14860,3740,5750,5660,5180,3860,5720,25430,2080,3870,14480,14990,3730,5570,5560,5050,3700,5850,25050,1680,4000
2024_10,24時,16080,15760,3910,6040,5900,5420,4090,6460,28330,1990,3110,15330,15600,3920,5750,5630,5230,3940,6460,27550,1670,3120
2024_10,25時,16160,15870,4000,6040,5930,5460,4090,6500,28550,2030,3060,15430,15690,3970,5760,5670,5250,3950,6500,27780,1690,3060
2024_10,26時,16140,15980,4090,6020,5930,5450,4080,6520,28670,2030,3030,15350,15710,3960,5720,5670,5230,3950,6520,27800,1720,2950
2024_10,27時,16150,15990,4080,6030,5940,5460,4070,6540,28740,2020,2990,15260,15650,3900,5690,5650,5210,3930,6510,27770,1740,2820
2024_10,28時,16170,16000,4090,6030,5950,5450,4090,6530,28780,2060,2940,15310,15650,3870,5730,5700,5210,3940,6500,27810,1750,2800
2024_11,5時,16580,15600,4210,5480,6190,5560,4050,6670,29260,1710,2550,16070,15400,4150,5610,5910,5200,3870,6720,28370,1400,2890
2024_11,6時,17160,15970,4200,5620,6330,5770,4250,6950,28790,2240,3460,16500,15690,4310,5730,6040,5290,3980,6830,28340,1580,3440
2024_11,7時,18780,17280,4700,6030,6770,6340,5020,7190,26970,5240,5290,17160,16170,4520,5800,6380,5460,4210,6950,27840,2110,4590
2024_11,8時,22950,22200,6070,7870,9170,8230,6240,7550,23140,15250,8550,18660,17040,4950,6370,6930,6060,4380,6990,26710,3350,6870
2024_11,9時,24300,24170,6540,8420,9570,8900,6800,8230,19640,18910,11390,20600,18870,6110,7050,7460,6700,4780,7360,25920,4900,9920
2024_11,10時,24340,25420,6680,8760,9780,8890,7040,8590,18160,19350,13630,21380,20440,6280,7650,7990,6970,5100,7810,24320,5090,13580
2024_11,11時,24350,25930,6790,8940,9710,9020,7120,8680,17310,19360,14960,22000,22110,6550,8250,8550,7390,5360,7990,23170,5210,16890
2024_11,12時,24980,26600,7050,9180,10040,9300,7240,8750,17100,20130,15740,22580,22970,6680,8550,8950,7780,5450,8120,22370,5360,18960
2024_11,13時,25230,26740,7180,9290,10050,9350,7290,8780,17010,20150,16170,22900,24260,7410,8810,9370,8020,5600,7930,22000,5430,20820
2024_11,14時,25120,26450,7120,9300,9910,9330,7270,8630,16960,19890,16090,23210,24750,7650,9110,9550,8120,5660,7860,21670,5310,22050
2024_11,15時,24910,25890,7350,9170,9620,9160,7150,8330,17420,19520,15200,23100,25600,7930,9030,9820,8390,5690,7820,21840,5240,22660
2024_11,16時,24930,24960,7240,9210,9600,8980,6890,7940,18030,18950,14260,22840,25170,7780,9010,9730,8230,5580,7650,21880,5040,22100
2024_11,17時,24650,23610,6980,9070,9650,8650,6420,7460,19030,17280,13310,22510,25330,7930,9140,9650,8130,5560,7410,22520,4900,21500
2024_11,18時,22760,21380,6370,8240,8960,7840,5570,7130,20870,12170,12470,21610,24120,7260,8810,9250,7830,5320,7240,23380,4370,19080
2024_11,19時,20820,19890,5910,7410,8380,6990,5020,6990,23080,7940,11030,20440,22060,6570,8260,8630,7190,4840,7000,24210,3540,15830
2024_11,20時,19610,18600,5610,6850,7850,6480,4680,6720,24670,5310,9520,18870,19740,5710,7510,7700,6400,4470,6800,24920,2730,12010
2024_11,21時,18200,17240,4920,6370,7140,6130,4380,6480,25970,3650,7150,17380,17230,5080,6140,6830,5860,4130,6560,25860,2170,7660
2024_11,22時,17060,15850,4560,5880,6480,5750,4050,6160,26610,2720,4880,16080,15380,4390,5510,6130,5330,3860,6230,26030,1750,4810
2024_11,23時,15760,14860,4150,5520,5950,5340,3780,5860,26190,2010,3690,15000,14270,3810,5200,5640,5080,3630,5880,25550,1420,3420
2024_11,24時,16440,15500,4120,5600,6180,5460,4010,6550,28850,1680,2800,15640,15430,4130,5300,5930,5250,3830,6620,28200,1310,2720
2024_11,25時,16660,15670,4250,5670,6220,5520,4030,6610,29200,1670,2840,15900,15560,4270,5340,5960,5330,3850,6690,28540,1350,2740
2024_11,26時,16610,15750,4260,5680,6200,5520,4030,6640,29270,1640,2800,15880,15570,4290,5380,5970,5280,3840,6670,28590,1350,2700
2024_11,27時,16650,15740,4310,5690,6180,5530,4050,6620,29340,1640,2770,15880,15610,4290,5410,6000,5280,3840,6650,28650,1350,2670
2024_11,28時,16600,15750,4290,5680,6170,5530,4050,6610,29360,1640,2700,15970,15630,4320,5430,6040,5280,3840,6680,28750,1360,2690
2024_12,5時,16360,15570,3840,5360,6270,5430,4290,6720,29060,1850,2470,16380,15380,4080,5100,6170,5380,4230,6770,28330,1650,3080
2024_12,6時,16940,15760,3770,5500,6410,5620,4440,6960,28380,2410,3370,16650,15610,4190,5260,6250,5380,4280,6880,28140,1970,3490
2024_12,7時,18440,16860,4110,5850,6850,6140,5080,7250,26820,4960,5040,17280,16320,4300,5390,6660,5690,4480,7070,27930,2590,4430
2024_12,8時,22170,21040,5540,7360,8870,7770,5980,7660,23370,13270,8360,18650,17590,4920,5750,7370,6310,4650,7220,27260,3680,6650
2024_12,9時,23630,22710,5830,7890,9360,8400,6520,8320,20200,16180,11480,20300,19090,5620,6270,7740,7050,5050,7630,26130,4460,10030
2024_12,10時,23690,24010,5930,8160,9520,8520,6810,8740,18960,16400,13760,21110,21350,6100,7060,8100,7600,5430,8140,24720,4700,14240
2024_12,11時,23850,24910,5880,8420,9740,8700,6990,9010,18050,16490,15580,22200,23660,6750,7810,8920,7990,5860,8530,23940,4930,18230
2024_12,12時,24390,25870,6240,8830,10030,8970,7180,9000,17620,17000,17000,22900,25200,7200,8270,9330,8430,6150,8700,23330,5020,20870
2024_12,13時,24610,26130,6370,8940,10120,8970,7360,8970,17400,16980,17760,23550,25990,7470,8670,9680,8790,6330,8570,22840,5030,22750
2024_12,14時,24480,26040,6290,8990,10070,9030,7400,8730,17390,16810,17730,24300,27120,8020,9020,10290,9090,6540,8450,22740,4800,24940
2024_12,15時,24270,26170,6770,8810,9880,9030,7330,8600,17710,16570,17500,25100,27870,8620,9180,10660,9420,6670,8400,23020,4710,26340
2024_12,16時,23920,25540,6850,8750,9640,8920,7110,8170,18280,16010,16500,25070,27520,8970,8640,10670,9520,6490,8280,23320,4620,25790
2024_12,17時,23710,24610,6880,8620,9690,8690,6700,7720,18970,15030,15680,24640,26910,8850,8400,10630,9380,6310,7960,23640,4490,24540
2024_12,18時,21820,22250,5900,8110,9020,7800,5870,7350,20580,10800,14060,23760,25440,8090,7920,10260,9090,6160,7660,24060,4070,22230
2024_12,19時,20360,20580,5410,7530,8550,7020,5290,7120,22740,7110,12440,22300,22990,7260,7450,9440,8180,5600,7340,24900,3090,18440
2024_12,20時,19240,18840,5140,6720,8000,6360,4960,6880,24310,4850,10280,20000,20520,6670,6580,8310,6950,5040,6950,25510,2550,13640
2024_12,21時,18020,17160,4700,6180,7200,5880,4650,6570,25750,3430,7340,18070,17700,5190,5850,7390,6160,4590,6580,26090,2270,8640
2024_12,22時,17010,15800,4420,5750,6520,5550,4350,6210,26430,2600,5130,16800,16130,4570,5500,6660,5630,4290,6240,26550,1990,5660
2024_12,23時,15710,14660,3840,5320,6050,5230,4050,5860,26030,1940,3700,15570,14800,3970,5060,6170,5290,3980,5880,25900,1710,4000
2024_12,24時,16280,15420,3830,5390,6220,5420,4260,6570,28590,1760,2790,16100,15200,3700,5140,6230,5370,4200,6640,28240,1670,2790
2024_12,25時,16450,15570,3960,5400,6250,5490,4280,6620,28930,1760,2780,16350,15340,3850,5190,6310,5430,4210,6670,28600,1710,2800
2024_12,26時,16380,15610,3940,5390,6260,5460,4280,6640,29010,1760,2670,16340,15330,3850,5150,6330,5410,4220,6690,28660,1680,2740
2024_12,27時,16380,15590,3890,5410,6260,5460,4280,6650,29040,1760,2630,16260,15420,3860,5130,6370,5400,4210,6690,28670,1710,2720
2024_12,28時,16390,15580,3890,5400,6280,5460,4280,6640,29050,1770,2600,16350,15460,3880,5150,6400,5420,4220,6710,28760,1720,2750
2025_01,5時,16540,16120,4300,5360,6360,5520,4240,6860,29180,1850,2870,15850,15660,4170,5210,6060,5260,4030,6760,27940,1300,3270
2025_01,6時,17350,16450,4360,5550,6580,5780,4470,7040,28740,2440,3840,16080,16150,4380,5320,6220,5300,4150,6840,27900,1590,3730
2025_01,7時,18770,17420,4720,5750,6950,6420,5060,7290,27100,5070,5330,16710,16700,4540,5460,6500,5570,4290,7030,27680,2160,4590
2025_01,8時,22540,22250,6500,7300,9060,8160,6050,7700,23610,14750,8080,18440,17760,5240,6070,7010,6220,4440,7200,27070,3490,6740
2025_01,9時,24190,23740,6790,7710,9670,8830,6620,8280,20350,17940,10980,20000,19270,6150,6530,7540,6800,4790,7430,26250,4340,9750
2025_01,10時,24270,24760,6780,8140,9730,8860,6810,8700,19100,18180,13040,20740,21460,7240,7080,8040,7170,4990,7660,24920,4580,13800
2025_01,11時,24330,25540,6880,8400,9800,8940,6920,8910,18260,18230,14630,21950,23760,8310,7760,8910,7600,5160,7950,24030,4880,17890
2025_01,12時,24900,25780,7050,8590,10110,9060,7070,8780,17970,18620,15360,22660,25080,9190,7910,9340,7960,5250,8070,23280,5060,20460
2025_01,13時,25100,25630,7000,8650,10150,9030,7160,8710,17760,18760,15500,22810,26020,9580,8150,9720,8060,5360,7940,22850,5080,21940
2025_01,14時,24850,25160,6810,8540,9900,8940,7170,8630,17670,18410,15200,23270,26770,9970,8570,10030,8130,5380,7930,22740,4990,23320
2025_01,15時,24570,24990,7170,8440,9650,8810,7060,8420,17890,18220,14720,23100,26460,9780,8720,9930,8010,5380,7730,22760,4830,22970
2025_01,16時,24290,24290,7120,8380,9600,8740,6780,7930,18620,17630,13630,23270,25860,9980,8520,9910,7890,5240,7570,23150,4800,22270
2025_01,17時,23730,22580,6860,8070,9250,8300,6240,7570,19260,16230,12060,22890,24570,9630,8240,9450,7630,5160,7320,23470,4400,20610
2025_01,18時,21850,20310,6060,7540,8590,7260,5380,7300,21080,11470,10810,22100,23130,9170,7730,8880,7310,5040,7080,24230,3890,18120
2025_01,19時,20160,19110,5550,7010,8020,6730,4880,7060,23140,7530,9750,20780,21380,8360,6990,8260,6850,4690,6980,24930,3280,15030
2025_01,20時,18860,17860,5320,6210,7500,6170,4660,6850,24830,5070,7990,19500,19520,7330,6420,7570,6350,4590,6740,25430,2640,12010
2025_01,21時,17720,17120,5150,5800,6960,5790,4500,6630,26200,3590,6230,17710,17340,5600,5790,6930,5840,4340,6530,26000,2360,7860
2025_01,22時,16780,16370,4890,5560,6500,5560,4320,6310,26920,2550,4860,16130,15730,4640,5320,6170,5360,4120,6230,26140,1930,4930
2025_01,23時,15700,15250,4320,5170,6090,5300,4080,5980,26420,1870,3810,15060,14520,3840,5120,5790,4990,3900,5930,25490,1490,3700
2025_01,24時,16520,16140,4430,5430,6270,5530,4250,6730,29030,1690,3160,15610,15540,4090,5200,5890,5230,4020,6710,27930,1480,2910
2025_01,25時,16660,16290,4500,5470,6340,5570,4260,6800,29360,1690,3120,15790,15710,4130,5300,5940,5280,4070,6770,28290,1500,2890
2025_01,26時,16590,16320,4440,5410,6360,5590,4270,6810,29430,1710,2990,15780,15760,4150,5310,5950,5270,4070,6770,28410,1500,2810
2025_01,27時,16570,16320,4460,5390,6340,5600,4280,6800,29450,1700,2970,15830,15740,4130,5290,6000,5290,4080,6770,28430,1520,2800
2025_01,28時,16630,16340,4520,5400,6360,5590,4290,6800,29510,1720,2970,15850,15780,4150,5290,6040,5290,4090,6750,28490,1510,2820
2025_02,5時,16390,16440,4790,5230,6340,5440,4310,6700,29550,1880,2740,16110,15880,4400,5170,6140,5460,4140,6670,28870,1660,2710
2025_02,6時,17190,16590,4720,5320,6530,5710,4510,6980,28980,2580,3560,16500,16070,4430,5330,6260,5590,4270,6670,28690,1850,3270
2025_02,7時,19070,18060,5410,5630,7180,6410,5230,7250,27550,5810,5210,17360,16880,4890,5500,6680,5820,4390,6940,28560,2560,4380
2025_02,8時,23060,23270,7310,7480,9430,8100,6350,7630,23600,15980,8470,19030,18250,5660,6120,7420,6440,4580,7040,27850,4010,6780
2025_02,9時,24880,25260,7560,8290,9980,8970,6940,8400,20160,19460,11910,20940,19700,6650,6730,7830,7160,4940,7320,26480,5240,10210
2025_02,10時,25030,26270,7630,8660,10170,8930,7110,8790,18850,19800,13970,21780,21480,7350,7290,8190,7450,5330,7630,24980,5590,13930
2025_02,11時,24990,26940,7920,8750,10170,8960,7210,8910,18010,19940,15300,22910,23300,8170,8170,8720,7770,5470,7890,24040,5720,17630
2025_02,12時,25560,27290,8190,8940,10450,9140,7330,8780,17530,20510,16090,23800,24370,9090,8330,8990,8050,5730,7980,23570,5980,19750
2025_02,13時,25560,27080,8070,8960,10410,9170,7380,8630,17350,20450,16130,23990,24660,9110,8310,9330,8210,5900,7770,22950,5940,20910
2025_02,14時,25290,26500,8070,8860,10050,9030,7320,8440,17240,20140,15720,24300,24890,9070,8550,9440,8320,6040,7750,22720,5860,21760
2025_02,15時,25140,25930,8130,8670,9750,8910,7310,8280,17610,19710,15060,24870,25040,9160,8540,9520,8760,6150,7760,22900,5760,22400
2025_02,16時,25010,24930,8030,8480,9780,8800,7000,7840,18170,19170,13890,25300,24660,8920,8570,9560,8950,6300,7650,23380,5670,22030
2025_02,17時,24420,23400,7890,8230,9380,8380,6430,7490,19060,17810,12280,25020,23670,8780,8250,9530,8520,6070,7520,23920,5320,20580
2025_02,18時,22420,20710,6940,7500,8730,7290,5510,7150,20880,12580,11000,24140,22630,8550,7690,9220,8130,5920,7240,24890,4700,18320
2025_02,19時,20560,19030,6280,6870,8070,6470,4980,6910,22770,8280,9870,22550,21450,7940,7120,8650,7640,5570,7070,25400,3940,15800
2025_02,20時,19520,17700,5860,6230,7690,6000,4670,6750,24490,5680,8370,20210,18970,7020,6410,7770,6360,4850,6740,25830,3130,11370
2025_02,21時,18180,16880,5490,5790,7090,5670,4490,6510,26190,3910,6280,18270,17280,5980,5800,6920,5840,4460,6530,26460,2560,7700
2025_02,22時,17100,16000,5050,5500,6560,5510,4300,6160,26870,2750,4770,16760,16150,5270,5320,6440,5480,4190,6200,26820,1960,5290
2025_02,23時,15800,14900,4420,5130,6000,5240,4070,5830,26360,1970,3600,15580,15160,4710,4970,6040,5190,3900,5910,26430,1600,3790
2025_02,24時,16550,16100,4560,5420,6330,5480,4230,6610,29270,1780,2940,16020,15980,4660,5150,6150,5270,4150,6600,28930,1540,2750
2025_02,25時,16680,16290,4650,5470,6360,5560,4250,6660,29530,1770,3020,16170,16140,4690,5150,6240,5330,4190,6690,29230,1560,2760
2025_02,26時,16620,16290,4630,5400,6360,5570,4250,6680,29620,1760,2900,16210,16180,4710,5130,6280,5330,4210,6710,29370,1570,2700
2025_02,27時,16660,16290,4650,5400,6370,5570,4270,6690,29700,1750,2860,16190,16150,4700,5170,6240,5320,4220,6680,29420,1580,2620
2025_02,28時,16620,16380,4670,5390,6350,5590,4290,6700,29800,1780,2800,16240,16180,4770,5200,6240,5320,4210,6670,29500,1580,2610
2025_03,5時,16270,15850,4490,5170,6100,5540,4120,6690,28610,2480,2540,15610,15420,4250,5050,5900,5280,3920,6620,27670,2130,2560
2025_03,6時,17030,16030,4420,5250,6320,5800,4370,6880,28010,3050,3470,16050,15700,4410,5170,6010,5450,4040,6660,27440,2400,3230
2025_03,7時,18880,17320,5050,5600,6730,6500,5160,7140,26320,6170,5320,17080,16450,4690,5390,6470,5850,4270,6850,27070,3060,4700
2025_03,8時,22830,21700,6290,7320,8840,8220,6210,7630,22560,15700,8210,19040,17530,5190,5940,7200,6650,4560,7010,26330,4400,7170
2025_03,9時,24650,23530,6710,8010,9310,8960,6730,8440,19280,19110,11310,20990,19510,6400,6640,7830,7320,5030,7260,25360,5640,10820
2025_03,10時,24560,24550,6890,8320,9350,8880,6870,8780,17740,19510,13360,21780,21540,7110,7380,8260,7680,5290,7580,24030,5960,14680
2025_03,11時,24490,25170,6890,8450,9470,8970,6990,8880,17060,19500,14540,22830,23120,7860,8100,8800,7950,5410,7810,22960,6050,18180
2025_03,12時,25110,25430,7180,8560,9710,9170,7090,8820,16730,19860,15360,23390,24280,8310,8500,9230,8220,5520,7880,22240,6220,20410
2025_03,13時,25160,25510,7230,8650,9660,9280,7060,8760,16620,19990,15490,24100,24670,8750,8670,9540,8260,5580,7950,21940,6190,21810
2025_03,14時,24860,25250,7110,8680,9410,9190,7090,8610,16510,19760,15270,24210,25000,9140,8800,9490,8220,5580,7950,21670,6110,22560
2025_03,15時,24460,24800,7370,8340,9400,8930,6880,8330,16650,19370,14670,24670,24910,9720,9010,9530,8040,5430,7820,21810,6000,22940
2025_03,16時,24190,23860,7160,8280,9300,8750,6640,7910,17240,18880,13410,25590,23990,9980,9290,9540,8020,5270,7460,22310,5850,22650
2025_03,17時,23620,22230,6960,8060,8950,8230,6180,7450,17960,17510,11820,25630,23200,10370,9080,9250,7710,5100,7290,22860,5560,21630
2025_03,18時,21870,19660,6050,7340,8370,7290,5360,7100,19730,12790,10390,24450,22240,9980,8690,8870,7260,4850,7030,23560,5010,19360
2025_03,19時,20050,18270,5420,6740,7790,6540,4890,6910,21880,8690,9140,23190,21000,9340,8250,8280,6920,4640,6750,24250,3980,17160
2025_03,20時,18890,17080,4950,6210,7490,6000,4580,6730,23710,6100,7540,21860,19490,8550,7720,7720,6380,4440,6530,24920,3210,14450
2025_03,21時,17880,16230,4820,5840,6830,5680,4390,6520,25230,4280,5950,20150,17590,7500,6830,7020,5850,4260,6270,25580,2700,10710
2025_03,22時,16910,15510,4620,5510,6330,5500,4200,6240,26190,3170,4410,16940,15990,5470,5670,6250,5480,4030,6020,25970,2260,5980
2025_03,23時,15660,14580,4220,5080,5860,5220,3940,5900,25820,2440,3320,15330,14900,4610,5050,5750,5200,3820,5770,25560,1810,4060
2025_03,24時,16080,15540,4230,5240,6060,5440,4080,6550,28310,2230,2520,15590,15690,4610,5050,5940,5340,3920,6410,27720,1960,2960
2025_03,25時,16190,15730,4310,5260,6080,5540,4110,6590,28560,2230,2580,15690,15850,4650,5080,5990,5380,3950,6470,27990,1980,2930
2025_03,26時,16240,15740,4330,5250,6090,5540,4120,6630,28680,2220,2530,15650,15770,4570,5020,5960,5390,3960,6510,27980,1990,2830
2025_03,27時,16300,15790,4340,5260,6110,5560,4140,6650,28790,2250,2510,15610,15780,4520,5000,5930,5420,3990,6500,28040,2010,2720
2025_03,28時,16290,15830,4330,5270,6120,5560,4160,6660,28860,2260,2470,15670,15780,4550,5000,5960,5430,4000,6500,28120,2030,2680
2025_04,5時,16430,14360,4110,4580,5370,5840,4270,6590,27380,1830,2730,15810,14070,3830,4720,5240,5580,4110,6390,26450,1500,3050
2025_04,6時,17260,14510,3990,4700,5530,6170,4580,6780,26680,2450,3780,16190,14420,3960,4780,5320,5720,4270,6530,26410,1710,3570
2025_04,7時,19110,16000,4440,5220,6240,6820,5430,6940,24820,5820,5690,17100,15200,4420,5180,5690,5950,4460,6590,26050,2480,4900
2025_04,8時,22850,20820,5530,7320,8090,8750,6630,7340,21050,15580,8400,18550,16840,5150,5760,6360,6630,4640,6820,25330,3920,7240
2025_04,9時,24580,22470,5810,7880,8450,9630,7100,8150,17960,18920,11350,20460,18870,6150,6430,7070,7420,5100,7130,24230,5010,11150
2025_04,10時,24650,23950,5920,8320,8810,9650,7280,8610,16380,19300,13990,21500,21640,7010,7270,8060,7780,5450,7550,22930,5340,15860
2025_04,11時,24780,24780,6100,8550,9010,9690,7350,8840,15800,19460,15360,22700,24310,8210,8140,9000,8180,5710,7750,21740,5530,20690
2025_04,12時,25410,25170,6340,8700,9380,9920,7480,8740,15570,19980,16090,23670,26190,9140,8740,9680,8500,5870,7920,20960,5820,24010
2025_04,13時,25410,25170,6360,8750,9430,9790,7530,8700,15360,20010,16260,24310,28330,10470,9390,10140,8940,5880,7800,20470,5840,27260
2025_04,14時,25040,24730,6160,8710,9210,9720,7490,8460,15350,19740,15720,24960,29870,11420,9910,10310,9390,6030,7760,20150,5700,29840
2025_04,15時,24670,23970,6170,8330,8960,9640,7290,8230,15710,19450,14510,26070,31120,12780,10220,10640,9680,6120,7730,20300,5570,32200
2025_04,16時,24290,23060,6440,8050,8710,9390,7020,7710,16220,19000,13170,27050,32470,13910,10630,11310,9870,6270,7510,20930,5550,33950
2025_04,17時,23690,21820,6440,7980,8250,9030,6480,7320,17070,17440,12060,26260,31650,13500,10060,11140,9760,6050,7380,21280,5230,32320
2025_04,18時,21810,19290,5640,7140,7710,8110,5530,6950,18700,12390,11070,25250,30400,13300,9430,10620,9440,5810,7020,22120,4510,29920
2025_04,19時,20090,17380,5100,6390,7200,7060,4980,6730,20790,8000,9730,23040,27580,11780,8450,9610,8600,5310,6850,22580,3490,25450
2025_04,20時,18980,16090,4790,5780,6800,6480,4640,6560,22600,5380,8110,20910,23900,10030,7510,8360,7510,4850,6530,23350,2870,19530
2025_04,21時,18010,15200,4580,5380,6290,6110,4470,6370,24300,3630,6340,18830,19400,7640,6250,6990,6620,4500,6220,24170,2350,12690
2025_04,22時,17150,14200,4180,5000,5830,5910,4320,6100,25130,2560,4740,17130,15520,5570,5220,5910,5820,4200,5930,24560,1740,7340
2025_04,23時,16000,13350,3900,4560,5360,5630,4090,5800,24870,1880,3630,15710,13770,4360,4830,5250,5470,3920,5640,24160,1400,4910
2025_04,24時,16360,14000,3860,4600,5440,5830,4220,6400,27090,1630,2790,16090,14010,4080,4900,5210,5480,4050,6360,26260,1320,3590
2025_04,25時,16590,14150,3980,4670,5480,5890,4230,6470,27420,1660,2820,16220,14130,4190,4900,5250,5520,4060,6420,26520,1350,3570
2025_04,26時,16620,14160,4000,4670,5460,5910,4230,6500,27520,1690,2740,16140,14170,4160,4880,5220,5540,4060,6440,26600,1350,3440
2025_04,27時,16630,14150,4030,4660,5430,5900,4240,6510,27560,1670,2720,16120,14290,4190,4890,5220,5580,4070,6450,26760,1350,3370
2025_04,28時,16550,14150,3980,4650,5430,5870,4250,6500,27580,1690,2620,16190,14330,4220,4910,5260,5580,4060,6460,26800,1360,3430
2025_05,5時,15920,14530,4080,4710,5460,5710,4120,6340,27300,1720,2670,15770,13970,4050,4650,5340,5380,4000,6310,26310,1670,3040
2025_05,6時,16720,14680,4010,4790,5760,5970,4380,6470,26600,2380,3650,16100,14270,4200,4760,5560,5420,4060,6360,26110,1930,3610
2025_05,7時,18630,16100,4630,5160,6390,6610,5210,6710,24740,5650,5660,17260,15220,4810,5120,6080,5770,4230,6440,25880,2710,5210
2025_05,8時,22420,21000,5780,7110,8330,8580,6430,7170,20970,15220,8620,18740,16630,5770,5640,6510,6390,4460,6570,24980,4030,7710
2025_05,9時,23930,23150,6360,7750,8640,9260,6990,8050,17990,18710,11660,20740,18950,6880,6740,7300,7100,4680,6960,23900,4950,12130
2025_05,10時,23980,24260,6670,8070,8760,9230,7040,8470,16430,19070,13950,22100,21310,7790,7780,7970,7660,4950,7250,22720,4990,16910
2025_05,11時,24170,25110,6940,8230,9060,9390,7070,8560,15810,19170,15490,23300,23820,9080,8610,8970,7920,5120,7410,21790,5100,21410
2025_05,12時,24690,25570,6870,8650,9430,9660,7190,8430,15500,19740,16180,24490,25130,9830,9400,9390,8360,5200,7420,20840,5250,24640
2025_05,13時,24690,25260,6830,8580,9400,9650,7170,8300,15220,19640,16240,25480,25780,10290,9890,9830,8570,5330,7330,20430,5260,26680
2025_05,14時,24540,24850,6670,8500,9280,9490,7270,8170,15150,19390,16000,25990,26820,10950,10260,10200,8640,5380,7370,20240,5200,28440
2025_05,15時,24190,24060,6790,8180,8920,9310,7110,7920,15420,18990,14990,26620,27590,11820,10560,10250,8940,5420,7210,20470,5120,29730
2025_05,16時,23970,23210,6940,7910,8810,9200,6870,7420,16040,18460,13820,27030,27610,12330,10770,10220,8840,5470,6990,21060,4930,29780
2025_05,17時,23700,22010,7030,7810,8410,8900,6440,7100,16760,17120,12960,27220,27350,12740,10780,10190,8600,5330,6920,21630,4660,29420
2025_05,18時,21940,19630,6190,7100,7780,8040,5690,6750,18630,11860,12170,26250,25990,12200,9970,9880,8240,5230,6700,22180,3950,27230
2025_05,19時,20330,17680,5130,6500,7400,7160,5230,6570,20900,7430,10780,25040,24450,11400,9510,9250,7760,5000,6540,23030,3190,24430
2025_05,20時,19160,16660,5070,6010,6860,6640,4830,6390,22730,4980,9230,23110,21350,10000,8280,8090,7050,4690,6330,23560,2560,19440
2025_05,21時,18170,15800,4960,5670,6400,6190,4580,6150,24230,3400,7490,19380,18460,7530,6480,6980,6370,4440,6020,24270,2060,12630
2025_05,22時,16770,14390,4340,5200,5750,5780,4180,5900,25020,2340,4950,17210,15330,5580,5520,5930,5560,4190,5750,24560,1590,7510
2025_05,23時,15510,13710,4020,4820,5360,5450,3940,5610,24780,1780,3760,15640,13870,4630,4990,5360,5170,3910,5450,24170,1360,5050
2025_05,24時,15910,14220,3930,4860,5440,5600,4040,6230,27020,1580,2700,15800,14120,4240,4770,5420,5330,3980,6160,26280,1360,3410
2025_05,25時,16110,14360,4070,4890,5520,5650,4050,6280,27320,1620,2740,15980,14200,4360,4750,5480,5390,3990,6200,26560,1420,3390
2025_05,26時,16100,14420,4090,4890,5490,5650,4060,6320,27450,1640,2660,15950,14280,4320,4760,5480,5420,4020,6210,26630,1450,3340
2025_05,27時,16140,14500,4100,4900,5500,5670,4100,6360,27540,1690,2660,15910,14340,4330,4720,5470,5430,4060,6230,26690,1490,3290
2025_05,28時,16150,14510,4090,4880,5510,5670,4120,6370,27600,1720,2600,15920,14480,4440,4720,5460,5450,4070,6240,26820,1550,3280
2025_06,5時,16160,14370,3740,5080,5690,5710,4040,6250,27470,1270,2680,15590,14200,3450,5080,5560,5480,3990,6210,26670,1220,2880
2025_06,6時,16880,14470,3640,5120,5850,6000,4340,6380,26650,1960,3640,15980,14400,3630,5190,5650,5540,4090,6260,26480,1550,3340
2025_06,7時,19050,15710,4060,5580,6470,6740,5250,6650,24890,5560,5280,16980,15290,3950,5550,6140,5780,4400,6440,26550,2170,4540
2025_06,8時,22820,20330,5310,7180,8340,8710,6530,7060,20910,15300,8080,18390,16380,4440,5950,6780,6430,4570,6590,25520,3530,6690
2025_06,9時,24450,22580,5910,7970,8670,9480,7000,7990,18030,18740,11260,20180,18100,5200,6620,7400,7110,4990,6960,24610,4660,9980
2025_06,10時,24470,23720,5820,8350,8930,9450,7200,8410,16450,19090,13590,21370,20090,5890,7380,7940,7600,5220,7420,23500,4890,14020
2025_06,11時,24630,24700,6080,8510,9220,9500,7370,8620,16100,19200,14950,21880,22200,6720,7980,8510,7870,5430,7540,22680,5050,17250
2025_06,12時,25140,25040,6240,8850,9490,9780,7450,8350,15740,19830,15560,22350,23580,7360,8380,9110,8080,5570,7410,22000,5280,19550
2025_06,13時,25230,24890,6420,8920,9320,9780,7460,8210,15440,19820,15820,23020,24510,7920,8770,9470,8290,5660,7400,21530,5300,21630
2025_06,14時,24930,24390,6250,8790,9160,9640,7380,8080,15360,19470,15430,23600,25300,8580,8990,9700,8520,5750,7340,21170,5410,23240
2025_06,15時,24560,23920,6530,8620,8760,9540,7160,7850,15800,19140,14460,24460,25900,9280,9290,9610,8770,6090,7300,21340,5310,24600
2025_06,16時,24600,22730,6690,8280,8700,9270,6890,7480,16280,18770,13220,24820,25600,9360,9310,9720,8890,5990,7140,21850,5250,24270
2025_06,17時,24000,21400,6850,8040,8340,8830,6270,7060,17020,17240,12090,24470,25290,9620,9180,9350,8800,5790,7010,22440,4820,23410
2025_06,18時,22130,19130,6300,7290,7900,7740,5300,6700,18990,11860,11320,23480,24020,9140,8710,8860,8370,5550,6850,22870,4080,21410
2025_06,19時,20380,17290,5280,6640,7510,6950,4790,6490,20920,7190,10450,22050,21370,8250,8200,8000,7500,4880,6570,23700,3180,17400
2025_06,20時,19090,16400,5070,6200,7100,6260,4510,6330,22700,4640,8990,20190,19430,7230,7360,7400,6790,4600,6210,24270,2510,13710
2025_06,21時,17990,15500,4710,5920,6570,5930,4260,6080,24140,2980,7210,18100,16810,5620,6340,6620,6080,4290,5930,24940,1780,9040
2025_06,22時,16920,14570,4180,5570,6010,5720,4110,5890,25050,2140,5150,16650,14860,4590,5650,5970,5560,4010,5700,25210,1530,5630
2025_06,23時,15590,13630,3720,5120,5530,5410,3870,5550,24740,1450,3860,15510,13780,4130,5180,5550,5240,3800,5380,24760,1210,4150
2025_06,24時,15960,13930,3460,5180,5590,5590,3950,6110,26810,1200,2770,15790,13940,3720,5120,5520,5370,3880,6110,26590,1060,2960
2025_06,25時,16140,14100,3560,5230,5640,5660,3970,6160,27150,1220,2770,16070,14070,3890,5130,5600,5440,3920,6140,26990,1090,2930
2025_06,26時,16180,14200,3600,5220,5660,5710,3990,6180,27310,1250,2740,16140,14040,3880,5120,5620,5460,3930,6150,27100,1090,2850
2025_06,27時,16150,14200,3580,5190,5650,5710,4020,6190,27310,1230,2720,16240,14060,3920,5150,5620,5470,3960,6170,27200,1100,2890
2025_06,28時,16150,14290,3590,5190,5670,5720,4040,6210,27480,1250,2640,16130,14100,3890,5130,5590,5510,3930,6160,27270,1090,2760
2025_07,5時,16010,13180,3230,4900,5700,5300,3900,6150,26220,1710,2610,15540,13330,3330,5050,5680,5020,3690,6090,25660,1580,2960
2025_07,6時,16920,13640,3340,4990,5950,5720,4220,6310,25720,2470,3730,16090,13690,3490,5240,5920,5200,3810,6100,25490,1870,3740
2025_07,7時,18940,14820,3580,5410,6680,6440,5120,6510,24080,5670,5480,17020,14430,3910,5680,6120,5410,4050,6260,25190,2480,5100
2025_07,8時,22080,19240,4910,6770,8080,8310,6380,6840,20160,14220,8550,18830,15540,4580,6070,6780,6090,4360,6460,24270,3620,7810
2025_07,9時,23900,21950,5790,7710,8380,9340,6880,7720,17540,18100,11710,21150,17880,5670,6820,7760,7100,4800,6870,23470,4790,12120
2025_07,10時,24110,23330,5870,8160,8680,9410,7080,8210,16360,18410,14110,22600,20530,6640,7720,8810,7610,4930,7400,22440,4970,17080
2025_07,11時,24170,24210,6100,8280,8910,9480,7190,8390,15830,18540,15390,24120,23060,7750,8840,9640,8020,5100,7790,21900,5100,21520
2025_07,12時,24700,24490,6340,8520,9160,9700,7280,8170,15580,19220,15770,25210,24000,8360,9380,10150,8290,5310,7680,21440,5250,23760
2025_07,13時,24810,24590,6470,8590,9250,9760,7350,7970,15450,19290,16040,26310,24150,8930,9810,10540,8450,5270,7450,20690,5240,25760
2025_07,14時,24380,24650,6420,8420,9200,9680,7390,7900,15510,18940,15940,26950,25040,9640,10320,10640,8620,5430,7330,20610,5180,27430
2025_07,15時,23960,24330,6600,8240,8910,9590,7310,7620,15600,18610,15440,27610,25520,10560,10750,10640,8560,5410,7180,20330,5070,28930
2025_07,16時,23840,23750,6610,7950,8960,9430,7330,7280,16110,18110,14720,27870,25030,11030,10740,10310,8390,5380,7030,20640,5000,28510
2025_07,17時,23530,22900,6570,7800,8620,9290,7010,7120,16810,16620,14340,27440,24450,11110,10720,9990,8050,5190,6810,21250,4650,27160
2025_07,18時,22200,20970,6200,7280,8300,8270,6240,6860,18560,11770,14140,26540,23040,10930,10070,9380,7630,4960,6600,21490,3960,25280
2025_07,19時,20580,18960,5250,6770,7840,7370,5640,6660,20550,7420,12840,25030,20290,9590,9280,8670,6960,4430,6370,22090,3110,21220
2025_07,20時,19250,17550,4740,6270,7320,6710,5270,6470,22040,4920,11070,22360,18010,7950,7910,7920,6440,4080,6050,22510,2570,16390
2025_07,21時,17800,15740,4170,6000,6730,5980,4590,6060,23320,3400,8080,18990,15980,5850,6480,7100,5820,3860,5830,23290,2150,10710
2025_07,22時,16750,14280,3670,5690,6230,5650,4010,5760,24270,2570,5470,16990,14320,4750,5770,6300,5250,3650,5570,23640,1770,7060
2025_07,23時,15620,13090,3360,5210,5770,5240,3730,5380,23990,1930,4040,15520,12980,3800,5230,5780,4940,3470,5270,23220,1450,4940
2025_07,24時,15850,13130,3100,5110,5660,5310,3810,5970,25970,1590,2700,15480,13230,3440,5090,5640,5000,3560,5960,25430,1310,3080
2025_07,25時,16140,13250,3230,5160,5720,5400,3840,6020,26340,1630,2710,15720,13180,3460,5120,5680,5040,3590,5990,25750,1330,2970
2025_07,26時,16120,13250,3160,5130,5780,5420,3840,6030,26430,1610,2630,15840,13190,3560,5120,5690,5030,3580,6040,25840,1330,3030
2025_07,27時,16180,13270,3170,5140,5780,5420,3860,6060,26520,1620,2630,15790,13250,3560,5110,5670,5030,3580,6060,25900,1380,2980
2025_07,28時,16130,13290,3200,5070,5800,5390,3870,6070,26580,1660,2550,15710,13340,3600,5060,5690,5020,3580,6090,26010,1470,2850
2025_08,5時,14610,12360,2670,4440,5290,5070,3530,5960,23870,1750,2710,14350,12600,2940,4710,5190,4820,3360,5920,23480,1540,3170
2025_08,6時,15410,12730,2880,4560,5480,5380,3770,6050,23600,2350,3550,14560,12830,3030,4760,5320,4940,3390,5950,23390,1730,3510
2025_08,7時,17420,13630,3120,5080,6030,6020,4500,6270,22010,5160,5310,15440,13640,3440,5110,5680,5170,3680,5980,23080,2490,4780
2025_08,8時,20560,17990,4410,6360,7620,7900,5690,6540,18950,12780,8470,16860,14770,4080,5630,6200,5750,3900,6060,22360,3480,7090
2025_08,9時,21930,20210,5090,6980,7950,8760,6100,7240,16670,15720,11200,18950,16910,5170,6660,7030,6350,4180,6460,21590,4510,11090
2025_08,10時,22110,21480,5350,7360,8190,8770,6320,7570,15480,15950,13600,20330,19230,6050,7560,7800,6930,4390,6810,20750,4650,15450
2025_08,11時,22200,22490,5660,7560,8440,8900,6400,7720,14860,16000,15200,21370,20950,7010,8310,8180,7290,4610,6900,20010,4780,18720
2025_08,12時,22860,22950,6060,7910,8720,8990,6530,7560,14660,16520,15970,22610,21840,7720,8940,8640,7410,4830,6890,19630,5100,20900
2025_08,13時,23120,23210,6270,8210,8930,8900,6560,7440,14660,16550,16460,23150,22130,7800,9290,8990,7370,4980,6840,19290,5110,22050
2025_08,14時,22960,23360,6440,8250,8950,8880,6500,7280,14570,16170,16900,24300,22490,8200,10110,9110,7520,4990,6830,19150,4940,23850
2025_08,15時,23010,23130,6820,8330,8590,8880,6350,7140,14710,15920,16820,26110,23360,9750,10750,9550,7590,5060,6750,19250,4850,26520
2025_08,16時,23140,22290,7050,8050,8500,8780,6130,6890,15260,15590,15890,26330,22990,10300,10540,9430,7470,4930,6620,19300,4780,26420
2025_08,17時,22410,21320,7040,7940,8140,8370,5630,6600,15870,14170,15000,25790,22440,10330,10280,9140,7250,4800,6420,19650,4530,25230
2025_08,18時,20370,18880,6430,7070,7470,7320,4660,6280,17050,9790,13660,25070,21430,9910,10130,8810,6870,4510,6250,20070,3760,23810
2025_08,19時,18750,16720,5530,6380,7020,6260,4150,6110,18770,6100,11810,23750,19490,9030,9380,8100,6470,4150,6090,20370,3000,20940
2025_08,20時,17590,15770,5000,6040,6660,5780,3920,5940,20240,4000,10330,22000,17690,8020,8490,7410,5920,3970,5870,20880,2610,17340
2025_08,21時,16780,14960,4560,5910,6260,5560,3740,5690,21210,2880,8860,20200,15810,6630,7850,6760,5430,3700,5620,21510,2120,13530
2025_08,22時,15200,13140,3320,5160,5570,5270,3520,5480,21840,2130,5550,15800,13690,4230,5820,5800,4850,3410,5350,21770,1790,7050
2025_08,23時,14050,11950,2840,4620,5130,4890,3300,5200,21540,1680,3940,14100,12280,3350,4970,5270,4550,3190,5030,21410,1510,4570
2025_08,24時,14530,12350,2750,4620,5210,5040,3420,5820,23550,1590,2960,14080,12360,2900,4740,5100,4700,3340,5640,23080,1430,3120
2025_08,25時,14750,12440,2850,4660,5260,5120,3430,5850,23800,1600,3020,14250,12380,2980,4710,5170,4720,3350,5680,23320,1450,3070
2025_08,26時,14750,12440,2870,4670,5240,5100,3430,5850,23860,1620,2980,14180,12330,2900,4690,5140,4700,3360,5710,23360,1440,2930
2025_08,27時,14760,12390,2840,4660,5240,5080,3450,5870,23880,1630,2920,14240,12360,2920,4660,5160,4710,3400,5720,23440,1470,2930
2025_08,28時,14770,12450,2890,4620,5260,5090,3460,5880,23960,1650,2910,14200,12430,2900,4670,5210,4720,3380,5730,23530,1490,2870
