データ提供：KDDI・技研商事インターナショナル「KDDI Location Analyzer」,,,,,,,,,,,,,,,,,,,,,,,
※auスマートフォンユーザーのうち個別同意を得たユーザーを対象に、個人を特定できない処理を行って集計,,,,,,,,,,,,,,,,,,,,,,,
※個人情報保護観点から、10代以下の人数は未集計,,,,,,,,,,,,,,,,,,,,,,,
※10人未満は切り捨て,,,,,,,,,,,,,,,,,,,,,,,
,,,,,,,,,,,,,,,,,,,,,,,
浦和駅周辺,,weekday,,,,,,,,,,,holiday,,,,,,,,,,
年月,時間帯,平均男性,平均女性,平均20代,平均30代,平均40代,平均50代,平均60代,平均70歳以上,平均居住者,平均勤務者,平均来街者,平均男性,平均女性,平均20代,平均30代,平均40代,平均50代,平均60代,平均70歳以上,平均居住者,平均勤務者,平均来街者
2018_01,5時,19370,27240,5600,8190,10340,7080,6390,8990,42560,2170,3690,17120,23530,4890,7010,8980,6150,5700,7900,37190,1820,3250
2018_01,6時,19450,26620,5380,8240,10070,7090,6270,9010,41240,2520,4150,17330,22910,4650,7140,8760,6140,5730,7810,36410,1890,3520
2018_01,7時,19970,27570,5890,8380,10290,7430,6560,8970,38580,5380,5500,17800,23320,5020,7250,9050,6210,5940,7630,35920,2510,4240
2018_01,8時,20950,30600,5980,8340,11240,8570,7930,9470,32680,12340,8440,19020,24270,5360,7410,9470,6560,6300,8180,34930,3850,6080
2018_01,9時,21770,31420,5390,8060,11380,8810,8780,10750,27110,15420,12450,20080,26390,5580,7850,9860,6990,6870,9310,33450,5480,9030
2018_01,10時,21810,33740,5120,8400,11380,9130,9600,11900,24380,16290,16440,21190,28790,5910,8250,10440,7460,7630,10270,31300,6600,13510
2018_01,11時,22130,35630,5240,8390,11690,9420,10040,12970,23440,16720,19170,22200,30380,6230,8660,10920,7760,8120,10870,29390,7110,17430
2018_01,12時,22170,36490,5530,8570,11710,9500,10210,13130,22720,17220,20290,22060,32220,6380,8670,11180,8200,8670,11140,28860,7190,19560
2018_01,13時,22360,36530,5640,8590,11740,9480,10380,13050,22330,17230,20820,22200,32840,6790,8860,11260,8280,8890,10930,28340,7400,20560
2018_01,14時,22230,36720,5950,8490,11660,9500,10080,13250,22410,17230,20760,21940,32140,6750,8670,11140,8340,8820,10330,27810,7250,20290
2018_01,15時,21890,35550,6050,8380,11530,9420,9700,12350,22930,17200,18840,21640,32020,7000,8680,11130,8270,8540,10030,28230,7120,19590
2018_01,16時,21770,34140,6330,8040,11370,9330,9280,11540,23780,16990,16720,21620,32490,7910,8650,11110,8260,8350,9810,29510,7080,18830
2018_01,17時,22070,32790,6580,8050,10970,9290,8950,11010,25850,15980,14670,22270,32240,7950,8810,11110,8270,8190,10170,31820,6580,17420
2018_01,18時,21380,32270,6840,7980,10800,8920,8660,10430,29130,12160,13990,22370,32230,8230,8750,11260,8250,8190,9900,33400,5940,16590
2018_01,19時,21330,31280,6990,7990,10980,8630,8290,9710,32820,8660,12760,22000,30970,7810,8760,11030,8030,7860,9460,34950,4860,14500
2018_01,20時,21290,29550,6970,8170,10870,8200,7380,9240,35330,6220,10980,21320,29600,7690,8450,10800,7650,7210,9110,36270,3940,12140
2018_01,21時,21090,28330,6460,8400,10740,7880,7040,8890,37550,4560,9020,20690,27980,7160,8270,10620,7260,6780,8580,37040,3330,9820
2018_01,22時,20250,27310,5930,8150,10510,7570,6760,8610,38990,3440,6870,20120,26560,6600,8010,10200,6920,6480,8450,38060,2820,7380
2018_01,23時,19380,26440,5690,7880,10180,7160,6440,8460,39450,2850,5310,19140,25640,6110,7740,9740,6520,6180,8470,38230,2260,5890
2018_01,24時,18310,25780,5280,7550,9840,6850,6140,8420,40060,2140,3640,18350,24430,5260,7390,9490,6430,5810,8380,38880,1920,3640
2018_01,25時,18490,25810,5300,7690,9930,6830,6150,8380,40370,2110,3570,18490,24640,5290,7540,9530,6470,5840,8450,39260,1880,3670
2018_01,26時,18390,25900,5260,7680,9880,6800,6150,8500,40600,2100,3340,18550,24710,5330,7560,9540,6500,5860,8450,39420,1890,3650
2018_01,27時,18340,25820,5280,7660,9890,6790,6080,8450,40610,2120,3190,18310,24780,5340,7510,9490,6470,5800,8450,39430,1890,3470
2018_01,28時,18300,25770,5360,7610,9900,6790,6060,8330,40580,2120,3130,18240,24630,5190,7460,9510,6470,5770,8450,39350,1880,3340
2018_02,5時,19690,24960,4740,8400,10930,7240,6420,6890,42020,2890,2340,18620,24170,4760,8130,10340,6890,6300,6360,39710,2800,2780
2018_02,6時,19640,24780,4800,8310,10430,7170,6540,7150,40600,3260,3140,18540,23360,4540,8110,10130,6820,6120,6170,38640,2860,2820
2018_02,7時,20470,25750,5250,8620,10840,7620,6800,7070,37500,6560,4830,19270,23980,4890,8380,10580,7020,6080,6290,38110,3790,3830
2018_02,8時,22040,29730,5840,9080,12080,9010,8030,7720,31480,15240,7850,20420,25900,5940,8720,10940,7320,6520,6870,36950,5590,6250
2018_02,9時,22720,31350,5360,9140,12180,9180,8670,9530,25500,18740,12440,21540,28710,6150,9200,11600,7780,7310,8200,34730,7510,10530
2018_02,10時,23000,33760,5190,9280,12060,9500,9440,11270,22920,19520,16580,22520,29970,6150,9780,12000,8400,7900,8250,32410,8390,14070
2018_02,11時,23080,35360,5440,9310,12290,9680,9700,12010,21580,19830,19230,23100,31910,6510,9950,12100,8890,8580,8960,30120,8910,18170
2018_02,12時,23120,36260,5650,9340,12380,9700,9830,12460,21030,19850,20580,23610,33560,6610,10110,12280,9190,9060,9910,29060,9010,21250
2018_02,13時,23160,36000,5690,9210,12470,9510,10030,12240,20590,19660,20980,23640,34960,6850,10130,12350,9270,9160,10820,28570,8750,23290
2018_02,14時,22940,36000,5950,8940,12500,9320,9860,12350,20570,19360,20930,23310,34860,6750,9710,12210,9330,9050,11100,27930,8300,23750
2018_02,15時,22470,34960,6190,8880,12340,9260,9520,11230,21130,19150,19080,23430,34390,7150,9650,12270,9420,8830,10470,28160,8230,23230
2018_02,16時,22270,34240,6750,8810,12060,9180,9390,10300,22120,19110,17360,23490,34420,8050,9690,12290,9360,8620,9880,29810,8260,21760
2018_02,17時,22310,32500,6620,8590,11670,9290,9060,9550,23630,18310,15140,23580,33970,8310,9810,12310,9180,8310,9620,31670,8030,20040
2018_02,18時,21980,31630,6400,8600,11440,9150,8680,9320,27100,14290,14540,23330,32840,7750,9620,12300,9090,8210,9190,33530,7400,17570
2018_02,19時,21980,31420,6800,8770,11750,8600,8180,9280,31220,10860,13680,22910,30700,7820,9480,11820,8610,7540,8320,34860,6630,14500
2018_02,20時,21880,29220,6880,8760,11410,8140,7470,8410,33890,7830,11770,22090,28250,7520,9080,11590,7970,7020,7140,35940,5530,11240
2018_02,21時,21640,27140,6110,8950,11300,7860,7080,7460,36430,5860,8910,21710,26770,6960,8920,11400,7510,6840,6840,37210,4610,9000
2018_02,22時,20930,26100,5650,8790,11030,7610,6780,7150,37900,4760,6840,21060,25700,6580,8650,11020,7150,6600,6730,38070,3940,7110
2018_02,23時,19780,24950,5190,8260,10740,7160,6540,6820,38420,3780,4990,19790,24450,5790,8210,10620,6840,6290,6470,38240,3210,5200
2018_02,24時,18580,24260,4650,7730,10510,6920,6180,6830,39160,2990,3150,18610,22790,4560,7790,9990,6680,5940,6420,38110,2650,3050
2018_02,25時,18790,24410,4730,7890,10610,6920,6190,6840,39620,2910,3130,18700,22950,4450,7920,10060,6690,5980,6520,38620,2600,2840
2018_02,26時,18590,24340,4650,7830,10570,6910,6150,6800,39690,2870,2840,18560,22820,4380,7970,9990,6660,5950,6410,38560,2610,2640
2018_02,27時,18440,24320,4580,7760,10530,6910,6150,6820,39700,2860,2680,18360,22730,4300,7940,9880,6660,5890,6410,38460,2610,2470
2018_02,28時,18370,24200,4480,7770,10490,6920,6140,6740,39650,2860,2530,18410,22900,4270,8010,9890,6660,5880,6590,38550,2590,2580
2018_03,5時,19760,24790,4110,8710,10420,7210,6410,7670,41110,3400,2520,19320,24010,3950,8710,10340,6860,6520,6920,39640,3210,2920
2018_03,6時,19680,24370,4140,8520,10090,7140,6610,7540,39120,4080,3320,18970,23680,3880,8530,10230,6740,6370,6890,38460,3410,3140
2018_03,7時,20780,25660,5030,8870,10530,7620,7040,7310,36460,7460,5050,19630,23800,4020,8700,10560,6880,6330,6920,37430,4450,3870
2018_03,8時,22860,29080,5980,9260,11710,8940,8200,7830,30530,16220,7920,20600,24910,4790,8810,10960,7150,6600,7180,35330,5810,6580
2018_03,9時,23280,30830,5730,9090,11530,9210,8860,9670,24960,19260,12330,22020,27500,5740,9170,11260,7570,7400,8350,33600,8070,10110
2018_03,10時,23090,33380,5910,9250,11660,9310,9730,10600,22360,20300,15950,23090,30100,6080,9840,11800,8330,8020,9100,31360,9590,14310
2018_03,11時,23100,35220,5850,9310,11800,9560,10050,11730,20680,20860,18870,23480,31420,6430,9950,12000,8810,8660,9030,28480,10380,18070
2018_03,12時,23050,35800,6340,9190,11800,9620,10240,11640,20030,20830,19980,23570,33690,6740,10020,11880,9070,9130,10410,27380,10760,21130
2018_03,13時,23120,36150,6490,9080,11910,9600,10250,11920,19910,20880,20470,23790,34110,7130,9850,11940,9170,9140,10660,26750,10380,22720
2018_03,14時,22880,36030,6810,8930,11760,9590,10210,11600,19750,20890,20130,23410,33850,7340,9650,11730,9220,9100,10200,26580,10140,22360
2018_03,15時,22600,35650,7040,8810,11680,9700,9960,11040,20270,20780,19090,23420,33760,7720,9760,11580,9220,9280,9600,26850,9880,22180
2018_03,16時,22770,34750,7300,8710,11610,9490,9870,10530,21420,20670,17360,23450,33290,8200,9620,11650,9140,9110,9000,27690,9570,21200
2018_03,17時,23370,33440,7220,8790,11470,9510,9660,10140,23640,19690,15640,23560,32610,7950,9720,11730,9150,8690,8900,29500,9300,19190
2018_03,18時,22900,32650,7200,8730,11180,9480,9050,9890,27080,15670,14980,23600,32030,7700,9750,11820,9160,8410,8770,31810,8610,17140
2018_03,19時,22950,31320,7450,8750,11330,9090,8450,9170,30680,12210,13620,23280,30430,7320,9550,11660,8990,8000,8180,33180,7690,14840
2018_03,20時,22690,29490,7450,8880,11260,8500,7690,8380,33560,9240,11650,22430,28920,7180,9320,11310,8400,7300,7830,34920,6630,11930
2018_03,21時,22330,27340,6790,8910,11060,7960,7250,7670,35830,7060,9060,21720,27370,6520,9080,10900,7960,7070,7540,36450,5570,9230
2018_03,22時,21520,26170,5720,8970,10930,7560,6960,7530,37580,5420,7000,20990,26070,6260,8930,10610,7370,6770,7100,37400,4640,7200
2018_03,23時,20210,24940,5190,8450,10540,7080,6670,7200,37920,4350,5160,19720,24780,5550,8530,10280,6950,6410,6770,37480,3870,5300
2018_03,24時,18940,23680,4220,8310,10140,6780,6070,7070,38690,3360,2860,18860,22830,4200,8000,9760,6650,6300,6760,37830,2990,3150
2018_03,25時,19180,23880,4160,8440,10250,6800,6090,7290,39290,3270,2810,19090,23070,4210,8160,9780,6700,6400,6900,38420,2960,3110
2018_03,26時,18930,23830,4070,8380,10180,6780,6130,7200,39350,3100,2610,18810,23050,3950,8090,9780,6690,6430,6900,38340,2990,2860
2018_03,27時,18850,23670,3980,8330,10150,6800,6110,7150,39390,3140,2340,18630,23090,3890,8050,9730,6680,6380,6980,38390,3030,2630
2018_03,28時,18790,23680,3930,8250,10140,6820,6110,7210,39240,3160,2420,18520,23000,3810,8050,9710,6680,6290,6970,38330,3050,2480
2018_04,5時,20540,26100,4790,9180,10410,7510,6640,8090,43200,3960,2630,19770,24000,4510,8420,9880,7220,6510,7210,39460,3670,3600
2018_04,6時,20020,25500,5060,8780,10130,7080,6580,7880,41070,4550,2940,19830,23630,4550,8400,9850,6990,6370,7280,38600,3740,3890
2018_04,7時,21990,26320,5760,9410,10530,7930,6830,7830,37850,8490,5070,20350,23900,4720,8660,10270,7140,6400,7050,37330,5010,4630
2018_04,8時,23410,29830,6830,9440,11480,9050,8000,8430,31120,17270,8100,21620,25110,5660,8630,10900,7460,6570,7490,36010,7060,6440
2018_04,9時,23560,31400,6360,9220,11320,9350,8560,10120,25560,20850,11740,22270,27300,6510,8530,10860,7850,7410,8400,33360,9240,9690
2018_04,10時,23260,34290,6870,9220,11290,9450,9340,11370,23310,21820,15170,22890,30370,6900,9040,11120,8410,8210,9560,31210,10710,13960
2018_04,11時,23360,35300,6840,8980,11620,9780,9860,11560,21600,22300,17430,23340,32120,7320,8950,11400,8640,8810,10330,29010,11230,17690
2018_04,12時,22760,36040,6870,9130,11770,9640,9910,11460,20940,22520,17850,23570,33230,7750,9190,11480,8700,9150,10520,27680,11560,19970
2018_04,13時,23040,35880,6860,9120,11790,9580,10050,11500,20630,22490,18260,23440,34120,7660,9240,11810,8780,9460,10610,27000,11350,21410
2018_04,14時,23280,36160,7500,8950,11730,9530,9940,11780,20810,22480,18520,23130,33490,7620,9200,11530,8860,9320,10060,26370,11090,21150
2018_04,15時,23450,35780,7690,9030,11520,9550,10070,11340,21550,22320,17700,23250,32690,7970,9080,11270,8690,9170,9750,26790,11080,20120
2018_04,16時,23290,34930,7910,8890,11330,9360,9930,10780,22580,22130,16050,23390,32320,8220,8960,11420,8700,9100,9290,28030,10800,19010
2018_04,17時,23250,33800,7380,8820,11270,9450,9590,10520,24950,20820,14020,23320,31780,8050,9310,11430,8670,8590,9030,29600,10330,17420
2018_04,18時,22260,32240,6730,8450,11170,9060,8920,10160,27780,16050,13510,23400,30820,8050,9220,11380,8520,8280,8760,31910,9560,15230
2018_04,19時,22450,31230,7160,8470,11390,8690,8500,9450,31530,12650,12380,23480,30510,8020,9540,11220,8480,7860,8850,33960,8690,13920
2018_04,20時,22240,29810,7320,8550,11280,8360,7790,8730,34380,9910,10690,22940,29250,7940,9220,10990,8130,7440,8450,35430,7310,12130
2018_04,21時,21690,28140,6440,8790,11030,7880,7370,8300,36830,7390,8520,22220,27930,7140,9070,10750,7800,7120,8260,37000,6070,9770
2018_04,22時,21040,26980,5600,8770,10820,7580,7040,8190,38660,5670,6590,21730,26330,6590,8880,10580,7400,6790,7810,37690,5240,7860
2018_04,23時,20050,25660,5250,8310,10440,7240,6710,7740,39090,4740,4810,20440,24940,5900,8410,10150,6960,6460,7480,37600,4450,6050
2018_04,24時,19290,24490,4670,8360,10050,7000,6280,7400,40200,3710,2770,18970,23260,4260,8140,9650,6890,6080,7190,37710,3540,3780
2018_04,25時,19660,24630,4740,8580,10080,7060,6320,7500,40810,3700,2700,19210,23440,4240,8290,9670,6970,6130,7330,38150,3500,3790
2018_04,26時,19540,24500,4670,8560,9940,7020,6340,7490,40840,3640,2490,19050,23380,4150,8340,9520,6930,6110,7360,38300,3380,3530
2018_04,27時,19470,24450,4590,8500,9860,7090,6390,7460,40860,3630,2360,19010,23280,4160,8340,9490,6900,6110,7280,38310,3430,3390
2018_04,28時,19340,24280,4460,8400,9890,7070,6350,7440,40610,3670,2280,18890,22960,3900,8260,9460,6910,6100,7190,38050,3440,3200
2018_05,5時,20280,25500,4510,9170,10370,7500,6660,7550,42880,3910,2330,19290,23970,4300,8470,9570,6850,6620,7430,39780,3520,3020
2018_05,6時,19930,25310,4670,8900,10080,7160,6750,7660,40820,4720,3000,19280,23280,4210,8370,9450,6830,6540,7140,38520,3720,3270
2018_05,7時,22250,26210,5720,9350,10780,7860,7090,7640,37980,8780,5230,20040,23630,4440,8510,9820,6960,6480,7460,37540,4720,4320
2018_05,8時,24250,29760,6170,9990,11920,8880,8540,8490,31210,18010,8300,20890,24730,4980,8690,10250,7270,6770,7650,35510,6350,6680
2018_05,9時,24350,30660,5520,9700,11880,9110,9020,9770,25260,20640,12250,21840,26880,5580,8900,10600,7710,7280,8630,33610,8080,9930
2018_05,10時,23920,33190,5560,9890,11750,9410,9720,10760,23090,21260,15620,22390,29460,6160,9020,10910,8500,8000,9240,31620,8880,13960
2018_05,11時,23950,35220,5790,9710,12010,9700,10110,11830,21710,21540,18670,22900,30770,6270,8900,11290,8820,8480,9890,29620,9230,17350
2018_05,12時,24060,35650,6150,9850,12100,9720,10200,11670,20850,21770,19790,22510,31940,6330,8870,11220,9010,8860,10140,28170,9340,19300
2018_05,13時,24190,36030,6210,9670,12280,9800,10520,11710,20600,21680,20520,22240,31790,6520,8870,11110,9040,9060,9410,26880,9290,20120
2018_05,14時,24130,35760,6420,9610,12350,9680,10400,11410,20820,21460,20210,21810,32850,6880,8780,11040,8920,8960,10060,26510,9110,21240
2018_05,15時,23740,34920,6610,9450,12000,9610,10400,10580,21520,21230,18480,21580,32680,6860,8700,11170,8800,8940,9770,26860,9180,20530
2018_05,16時,23320,33900,6590,9250,11800,9280,10120,10150,22500,20890,16630,20990,32460,7040,8650,11060,8840,8650,9190,28070,8850,18970
2018_05,17時,22910,32650,6290,9260,11440,9140,9640,9780,24580,19550,14420,21470,31690,6670,8740,11200,8790,8470,9280,30190,8610,17020
2018_05,18時,21950,31300,6040,8820,11270,8930,8860,9300,27650,14760,13920,21480,31620,6350,8850,11160,8800,8610,9300,32020,7840,15930
2018_05,19時,22070,30600,6240,8700,11560,8670,8370,9120,31570,11030,13170,21810,30420,6710,8950,11050,8480,8110,8910,33630,7180,14200
2018_05,20時,21840,28980,6320,8820,11400,8220,7620,8420,34410,8550,11000,21130,28630,6610,8940,10780,7880,7400,8140,34860,6250,11540
2018_05,21時,21470,27860,6000,8930,11260,7840,7240,8040,36940,6780,8770,20860,27370,6500,8830,10640,7440,7060,7740,36370,5620,9120
2018_05,22時,21190,26570,5440,9010,11020,7590,7060,7620,38940,5600,6440,20600,25970,5800,8770,10430,7230,6750,7570,37740,4930,6850
2018_05,23時,20210,25490,5320,8590,10520,7210,6680,7360,39750,4660,4510,19510,24830,5240,8350,9970,6940,6460,7360,38020,4060,5150
2018_05,24時,19420,24320,4720,8380,10110,7070,6400,7040,40570,3800,2580,18490,23810,4430,8210,9450,6730,6210,7240,38560,3470,3210
2018_05,25時,19590,24430,4660,8510,10190,7120,6450,7060,40900,3750,2570,18630,23910,4460,8330,9500,6710,6230,7300,38800,3430,3220
2018_05,26時,19380,24280,4470,8480,10070,7090,6450,7090,40910,3670,2290,18570,23820,4440,8270,9460,6680,6270,7240,38950,3380,2980
2018_05,27時,19240,24090,4340,8420,9960,7050,6440,7100,40830,3660,2070,18440,23690,4270,8260,9430,6660,6290,7220,38970,3350,2720
2018_05,28時,19220,23920,4200,8380,9930,7040,6450,7110,40680,3680,2030,18370,23370,3940,8190,9390,6660,6290,7250,38800,3320,2530
2018_06,5時,20870,25290,5620,8830,10870,7520,6780,6530,43570,3610,2140,20160,23740,5160,8490,10320,6990,6750,6160,40910,3310,2720
2018_06,6時,20380,25240,5640,8570,10550,7200,6740,6910,41570,4270,2890,20060,23600,5490,8290,10200,6960,6530,6180,39980,3680,3080
2018_06,7時,22420,26320,6860,8670,11330,7800,7050,7020,39040,8020,4990,21090,23740,5820,8770,10650,6990,6450,6130,38920,4810,4110
2018_06,8時,23950,30020,6830,9310,12710,8960,8510,7630,31790,17790,7910,22470,25150,6370,8670,11480,7370,7020,6710,37110,6680,6890
2018_06,9時,24410,31190,6430,9260,12680,9150,9140,8920,26320,20660,11730,23680,27400,6610,8850,11830,8010,7910,7850,34710,8220,11090
2018_06,10時,24190,33620,6390,9570,12550,9490,9980,9800,23810,21280,15410,23970,30340,6940,9170,12110,8490,8410,9160,32560,8900,15610
2018_06,11時,24060,35440,6590,9440,12740,9650,10440,10640,22020,21700,18430,24760,31810,6730,9370,12460,9050,9180,9750,30580,9300,19340
2018_06,12時,24250,36190,6890,9640,12960,9580,10480,10870,21320,21880,19770,24680,32830,7340,9310,12260,9170,9230,10180,29110,9430,21410
2018_06,13時,24250,36690,7200,9490,12990,9610,10640,10990,20920,21740,20700,24710,33560,7480,9560,12010,9330,9380,10500,28340,9410,22860
2018_06,14時,24080,36360,7490,9320,12900,9550,10480,10690,20720,21380,20660,23880,33760,7570,9360,12010,9310,9050,10310,27810,9280,22810
2018_06,15時,23940,35880,7680,9450,12560,9530,10340,10240,21340,21160,19630,23660,33370,7390,9300,12070,9200,9000,10050,28250,9310,21770
2018_06,16時,23760,34700,7780,9360,12380,9330,10210,9380,22520,20940,17540,23800,32460,7910,8960,11940,9210,8930,9290,29090,9130,20450
2018_06,17時,23350,33250,7430,9150,12120,9300,9860,8720,24560,19600,15160,23700,32000,7920,9000,11900,8840,8900,9120,30590,8720,18880
2018_06,18時,22490,31340,6540,8830,12180,8960,9040,8260,27750,14370,14500,23800,30830,7410,9020,11960,8830,8620,8790,32240,7930,17110
2018_06,19時,22530,30160,6440,8750,12310,8680,8610,7880,31530,10510,13450,23750,29560,6990,9040,12080,8660,8310,8210,33830,6980,15210
2018_06,20時,22230,28110,6420,8630,11900,8250,7900,7210,34280,7870,10990,22900,27440,6450,8960,11630,8110,7740,7430,35030,5890,12170
2018_06,21時,22090,26950,6190,8750,11560,7910,7580,7040,37050,6080,8760,22390,25880,6490,8740,11300,7680,7360,6670,36660,4950,9440
2018_06,22時,21630,26130,5740,8830,11350,7650,7230,6940,38860,4820,6970,21920,24510,6080,8620,11090,7340,6970,6310,37930,4180,7170
2018_06,23時,20770,25080,5610,8320,10900,7330,6930,6740,39710,4020,5040,20950,22900,5390,8140,10710,6890,6610,6090,37990,3560,5150
2018_06,24時,19940,24050,5330,8180,10520,7150,6520,6270,40800,3360,2760,19700,22220,4870,7980,10200,6770,6290,5790,38610,3090,3040
2018_06,25時,20050,24180,5340,8320,10560,7190,6530,6280,41240,3320,2620,19710,22400,4880,8040,10240,6750,6290,5890,38870,3080,2990
2018_06,26時,19940,23960,5280,8290,10460,7150,6500,6210,41280,3350,2270,19570,22320,4840,8030,10100,6700,6300,5910,38940,3110,2700
2018_06,27時,19820,23900,5240,8290,10350,7140,6470,6220,41260,3320,2140,19300,22360,4780,7950,9980,6680,6290,5960,39040,3070,2390
2018_06,28時,19790,23960,5250,8230,10360,7150,6420,6320,41260,3370,2120,19270,22280,4760,7890,9980,6640,6250,6010,38900,3040,2440
2018_07,5時,20210,23850,5130,8140,10600,7420,6400,6350,41000,5240,2430,19370,22480,5420,7590,10080,6890,6230,5620,38190,4680,3090
2018_07,6時,19660,23340,5160,7820,10270,7060,6520,6150,38970,5460,2870,19330,21930,5620,7460,9900,6780,6150,5340,37180,4880,3260
2018_07,7時,21330,24690,6050,8120,10960,7700,6750,6420,36350,9300,5060,19690,22460,5890,7560,10370,6800,6040,5470,36220,6070,3870
2018_07,8時,22570,28680,6150,8820,12510,8700,7910,7140,29550,18260,8110,20760,24020,6370,7860,10840,7160,6420,6120,34710,7720,6230
2018_07,9時,22980,30910,6280,8920,12690,8850,8710,8430,24700,21680,11790,21990,26500,7030,8130,11320,7680,7000,7310,32640,9680,9990
2018_07,10時,22930,33370,6450,9230,12550,9140,9310,9600,22220,22390,15550,22190,29120,7020,8580,11700,8070,7520,8420,30600,10580,14010
2018_07,11時,22780,35650,6730,9330,12660,9350,9780,10560,20910,22640,18660,22870,31640,7790,8890,11840,8460,8150,9380,28770,11020,18380
2018_07,12時,22870,36420,6680,9350,12700,9400,10300,10830,20730,22780,19430,23260,32920,8110,8910,11940,8730,8610,9860,27860,11040,20770
2018_07,13時,22960,36610,6810,9300,12700,9550,10240,10960,20350,22420,20340,23710,33320,8450,9120,12080,8920,8930,9510,27260,10980,22180
2018_07,14時,22740,36450,7390,9060,12420,9420,10080,10800,20290,22190,20180,23170,33330,8540,8950,12170,8970,8700,9150,27080,10910,21840
2018_07,15時,22490,35430,7560,8900,12270,9450,9800,9900,20790,22040,18610,23030,32780,8350,8870,12170,8780,8520,9090,27320,10860,20970
2018_07,16時,22160,34810,7720,8830,12090,9290,9560,9460,22020,21650,16990,22800,32440,8970,8770,12080,8710,8240,8440,28050,10460,20080
2018_07,17時,22250,33300,7470,8810,11950,9120,9090,9080,23860,20550,15130,22940,31430,8710,8710,12040,8660,8100,8130,29780,10160,18120
2018_07,18時,21470,31750,7490,8140,11790,8840,8580,8360,26730,16020,14580,22960,30550,8630,8840,11900,8430,7880,7800,31190,9740,16490
2018_07,19時,21760,29930,7390,7970,11720,8670,8130,7790,30470,12110,13190,22520,29250,8380,8580,11930,8320,7540,6990,32590,8840,14310
2018_07,20時,21830,28000,7070,8150,11540,8120,7640,7300,33340,9660,10980,21750,27010,7940,8240,11510,7740,7040,6280,33710,7660,11310
2018_07,21時,21340,26370,6520,8130,11340,7780,7110,6810,35700,8030,8260,21140,25220,7330,7810,11200,7470,6590,5930,34940,6590,8780
2018_07,22時,21010,25130,6190,7840,11090,7560,6880,6570,37410,6690,6370,20880,23900,7150,7720,10730,7250,6270,5630,36040,6050,6660
2018_07,23時,20110,23860,5910,7370,10570,7120,6530,6470,37930,5620,4720,19860,22660,6530,7270,10390,6830,6030,5470,36140,5290,5040
2018_07,24時,19330,22320,5330,7320,10180,6910,6130,5750,38280,4710,2750,19000,21780,5360,7220,9890,6830,5940,5520,37000,4570,3130
2018_07,25時,19490,22350,5200,7480,10220,6970,6130,5820,38700,4590,2690,18970,21940,5330,7390,9860,6820,5960,5520,37340,4580,2910
2018_07,26時,19360,22270,5150,7500,10070,6960,6130,5810,38680,4560,2530,18860,22030,5350,7400,9780,6790,5960,5590,37540,4520,2770
2018_07,27時,19240,22240,5100,7490,10040,6930,6120,5780,38670,4540,2390,18860,21910,5300,7360,9710,6770,5970,5640,37480,4560,2700
2018_07,28時,19180,22190,5040,7430,10050,6940,6110,5790,38580,4550,2360,18830,21710,5170,7350,9690,6760,5950,5600,37360,4510,2630
2018_08,5時,20110,23070,4850,7470,10280,7260,6470,6820,39860,4020,2780,19220,22040,4800,7180,9820,6800,6270,6380,37590,3580,3280
2018_08,6時,19500,22740,5030,7030,9820,6920,6470,6960,37830,4450,3340,19040,21600,4990,6960,9690,6680,6170,6130,36760,3800,3380
2018_08,7時,21030,23480,5700,7500,10100,7590,6670,6930,35310,7590,5250,19210,21970,4850,7000,10060,6700,6100,6460,35240,4670,4520
2018_08,8時,22390,27400,6420,8190,11380,8430,7730,7620,29540,15810,8010,20210,23750,5350,7160,10550,7280,6370,7240,33560,6610,7090
2018_08,9時,22660,29680,6770,8480,11580,8520,8340,8620,25330,18840,11440,21180,26030,6520,7350,11090,7610,6810,7830,31330,8510,10450
2018_08,10時,22850,32010,6990,8780,11610,8830,8870,9770,22960,19710,15270,22160,28350,6430,8320,11430,7970,7480,8860,29280,9510,14690
2018_08,11時,22620,34120,7190,8840,11640,9160,9260,10620,21570,19940,18020,22490,30770,6870,8200,11410,8660,8150,9950,27610,9960,18470
2018_08,12時,22410,34750,7300,8810,11690,9080,9460,10800,20750,20080,19170,22810,32140,7210,8490,11460,8850,8530,10390,26370,10300,21090
2018_08,13時,22680,35070,7410,8810,11650,9070,9670,11130,20620,19940,19920,22620,32680,7560,8420,11730,9010,8300,10270,25650,10320,21980
2018_08,14時,22750,34800,7750,8700,11600,9060,9610,10810,20820,19860,19600,22280,32870,7720,8550,11570,8810,8540,9940,25700,10140,21960
2018_08,15時,22240,33500,7760,8580,11450,8950,9560,9420,20840,19720,17950,21460,32840,7650,8170,11690,8430,8520,9820,26380,9880,20650
2018_08,16時,22530,32810,7940,8480,11280,8780,9380,9470,22050,19540,16700,21640,32150,7630,8300,11640,8400,8370,9440,27370,9700,19450
2018_08,17時,22590,31330,7840,8150,11160,8710,8980,9070,23950,18470,14650,22370,31010,7680,8590,11610,8300,8020,9170,28640,9460,18190
2018_08,18時,21670,29700,7740,7610,10790,8320,8460,8430,26930,13670,13960,22830,30270,7520,8630,11620,8390,7680,9240,30360,8750,16910
2018_08,19時,22040,28520,7890,7580,10910,8220,8050,7890,30270,10400,13180,21950,28630,7040,8260,11350,8180,7360,8380,31840,7640,14070
2018_08,20時,21840,26820,7350,7640,10800,7850,7490,7520,32970,7910,11010,21120,26580,6620,7830,11030,7710,6990,7490,33050,6500,11190
2018_08,21時,21820,25240,6840,7660,10760,7550,7080,7150,35100,6540,8730,20990,25480,6550,7730,10980,7350,6660,7190,34500,5750,9350
2018_08,22時,21510,24340,6500,7440,10700,7380,6780,7040,36700,5480,6940,20480,24520,6190,7440,10810,7080,6440,7030,35870,4910,7310
2018_08,23時,20320,23090,5770,7120,10260,7020,6460,6770,37010,4700,4960,19750,22810,5580,7030,10250,6730,6230,6720,35980,4310,5460
2018_08,24時,19230,22150,4950,7000,9870,6820,6210,6510,37630,3790,3180,18380,20580,4340,6460,9710,6600,5900,5930,35300,3440,3270
2018_08,25時,19450,22310,5020,7180,9950,6840,6210,6550,38120,3690,3170,18500,20790,4360,6680,9670,6600,5920,6030,35910,3450,3030
2018_08,26時,19180,22160,4900,7070,9850,6810,6130,6560,38080,3640,2860,18320,20730,4270,6670,9650,6560,5930,5950,36010,3400,2720
2018_08,27時,19150,22080,4830,7070,9790,6810,6120,6580,38050,3620,2770,18210,20750,4280,6600,9600,6570,5900,6000,35980,3380,2680
2018_08,28時,19130,21940,4730,7030,9790,6810,6090,6600,37950,3650,2700,18220,20640,4280,6510,9590,6540,5900,6030,36010,3430,2540
2018_09,5時,20680,23540,5450,8000,10480,7380,6830,6050,41590,3460,2170,20230,22460,5440,7980,10140,6890,6560,5660,39260,3490,2830
2018_09,6時,19540,23720,5580,7730,9940,6950,6820,6230,39380,4290,2540,20050,22030,5510,7910,9810,6720,6420,5690,38130,3620,3190
2018_09,7時,21690,24490,6530,8210,10510,7560,7140,6220,36620,7610,5070,20880,22370,5950,8010,10280,6910,6280,5800,37000,4700,4400
2018_09,8時,23570,27780,6760,8630,12260,8550,8150,6980,29470,17000,8220,22120,23950,6500,7950,10830,7310,6740,6730,35110,6720,7220
2018_09,9時,23960,30690,6690,9170,12660,8500,8830,8770,24340,21000,12150,23150,26660,7530,8090,11590,7830,7120,7630,32570,9000,10970
2018_09,10時,23550,33640,6660,9450,12660,8850,9590,9960,21780,21960,16180,23300,29420,7770,8590,11850,8140,7840,8500,30340,10030,15050
2018_09,11時,23670,35510,6990,9440,12770,9290,10160,10520,20540,22340,18800,23990,31060,8180,8750,12090,8640,8330,9050,28820,10280,18470
2018_09,12時,23640,36540,7110,9390,12770,9330,10440,11130,19680,22510,20480,23930,31570,7870,8600,12210,8830,8820,9150,27760,10250,19870
2018_09,13時,23860,37160,7630,9260,12710,9380,10660,11360,19640,22420,21320,23670,31620,7730,8460,12380,9060,8640,8990,26660,10220,20670
2018_09,14時,23910,37160,8110,8970,12690,9370,10620,11290,19940,22080,21390,23200,31770,7640,8370,12350,8890,8720,8980,26100,9960,21070
2018_09,15時,23650,35890,7980,8870,12470,9240,10550,10410,20420,22070,19440,23180,31990,7800,8530,12450,8720,8590,9060,26810,9950,20630
2018_09,16時,23730,34710,8320,8720,12180,8970,10290,9930,21570,21550,17860,23200,31840,8490,8550,12250,8460,8590,8680,28100,9590,19630
2018_09,17時,23650,32120,8280,8600,11840,8810,9660,8560,23360,19830,15280,23750,30860,8900,8390,12270,8520,8350,8170,29910,9460,17750
2018_09,18時,22400,30560,8190,8080,11410,8470,9070,7730,26820,14700,14160,23810,30160,8920,8660,12170,8590,8150,7460,31750,8380,16370
2018_09,19時,22880,28810,8200,7930,11260,8290,8720,7280,30600,10890,12920,23660,29280,9150,8670,11870,8230,7840,7180,33280,7390,14800
2018_09,20時,22910,26710,7720,7860,11220,8070,8020,6720,33520,8000,10870,22790,26920,8420,8230,11450,7710,7340,6530,34410,6070,11760
2018_09,21時,22660,25480,7340,7860,11150,7730,7560,6490,35800,6210,8930,22200,25280,7810,8060,11100,7510,6890,6090,35930,5170,8940
2018_09,22時,22000,24550,6670,7850,10960,7550,7250,6250,37660,5050,6720,21800,24450,7390,7900,10960,7260,6730,5990,37370,4540,6970
2018_09,23時,20930,23290,6040,7560,10530,7180,6860,6040,38200,4110,4780,20590,23210,6530,7680,10490,6890,6450,5750,37490,3910,5060
2018_09,24時,19980,22480,5610,7540,10080,7020,6540,5650,39290,3220,2760,19650,21760,5410,7560,9950,6680,6250,5540,38030,3130,2890
2018_09,25時,20040,22680,5580,7620,10190,7090,6520,5700,39660,3210,2700,19670,22130,5450,7780,9980,6720,6240,5620,38510,3220,2780
2018_09,26時,19830,22710,5500,7550,10110,7060,6530,5790,39740,3130,2520,19520,21980,5310,7740,9880,6740,6250,5570,38530,3160,2520
2018_09,27時,19570,22630,5380,7550,10000,7000,6500,5760,39680,3120,2240,19420,21880,5240,7710,9810,6700,6240,5580,38520,3120,2370
2018_09,28時,19610,22640,5360,7530,9980,7000,6500,5850,39740,3150,2220,19410,21700,5140,7710,9780,6680,6230,5560,38370,3130,2330
2018_10,5時,21020,23030,5120,8010,10710,7300,6760,6130,41140,4190,2060,20760,22020,5270,7660,10410,6940,6810,5680,39000,3630,3190
2018_10,6時,20380,23260,5210,7870,10340,7030,6790,6390,39580,4690,2690,20510,22010,5270,7740,10170,6710,6640,5990,38240,3910,3480
2018_10,7時,22680,23690,5900,8380,10970,7460,6990,6650,36720,7890,5250,21210,22220,5550,7810,10540,6690,6740,6080,37240,4560,4680
2018_10,8時,23520,27030,6090,8540,12200,8710,7870,7120,29420,16330,8300,22000,23520,6100,7400,11260,7070,6910,6760,35150,6080,7210
2018_10,9時,23420,29400,6040,8630,12280,8760,8430,8660,23950,19770,12080,22840,25400,6290,7780,11630,7420,7170,7930,32390,7790,11010
2018_10,10時,23410,32410,6040,8930,12490,9120,9130,10100,21240,20820,16580,23100,27580,6780,8090,11870,7870,7700,8360,29540,8960,15030
2018_10,11時,23270,34200,5980,9000,12610,9400,9630,10820,19950,20940,19220,23510,30190,7190,8240,11960,8300,8420,9560,27560,9250,19390
2018_10,12時,23600,34270,6060,8950,12580,9470,9800,11010,19380,21010,20090,23400,31240,7060,8170,12150,8530,8580,10140,26650,9680,20850
2018_10,13時,23440,34140,6200,8700,12330,9490,9980,10870,19070,20520,20470,23260,31190,6390,8430,12200,8770,8780,9860,25870,9480,21450
2018_10,14時,23210,34400,6570,8590,12330,9460,9920,10720,19160,20370,20470,22800,32080,6550,8450,12030,8760,8680,10380,25670,9420,22180
2018_10,15時,22950,33760,6500,8590,12200,9420,10090,9910,19830,20200,19120,22610,31990,6520,8640,12110,8580,8560,10170,26230,9270,21460
2018_10,16時,23350,32240,6730,8690,12060,9140,9810,9140,20910,19920,17390,22930,30820,6960,8530,12060,8430,8450,9280,27150,8910,20060
2018_10,17時,23300,30760,6740,8730,11710,8950,9380,8530,22950,18960,15010,23390,30370,7350,8450,11980,8470,8550,8950,29040,8820,18470
2018_10,18時,22740,29340,6870,8430,11340,8540,8970,7900,26520,14390,14160,23790,29020,7630,8290,11980,8420,8140,8340,30880,8200,16540
2018_10,19時,23340,28180,7350,8380,11300,8490,8540,7440,30410,10990,13110,23080,27300,7320,8210,11500,8150,7760,7410,32230,7110,13850
2018_10,20時,23340,26340,7210,8280,11170,8200,7870,6930,33510,8250,10990,22340,25360,6880,8010,11020,7870,7150,6750,33560,5860,11060
2018_10,21時,22990,24960,6850,8250,11110,7820,7340,6570,36010,6510,8510,21860,24010,6460,7840,10780,7630,6900,6240,34890,4920,8930
2018_10,22時,22230,24000,6280,8000,11050,7550,7080,6250,37710,5330,6330,21810,22540,6150,7720,10720,7300,6740,5700,36370,4420,6480
2018_10,23時,21140,23050,5750,7710,10670,7190,6780,6070,38280,4370,4660,20980,21560,5680,7420,10380,6920,6590,5540,36480,3940,5110
2018_10,24時,20580,21950,5130,7700,10330,6980,6590,5770,39230,3780,2640,20210,20730,5040,7330,10080,6700,6140,5640,37130,3440,3270
2018_10,25時,20530,22220,5150,7740,10400,7080,6580,5790,39630,3820,2470,20320,20760,5070,7300,10080,6770,6160,5670,37460,3450,3100
2018_10,26時,20360,22040,5060,7650,10280,7030,6530,5830,39640,3800,2130,20140,20860,5040,7360,10020,6730,6180,5650,37650,3460,2870
2018_10,27時,20170,21990,4950,7650,10160,6970,6520,5890,39590,3750,1990,20100,20910,5030,7410,10040,6710,6140,5660,37760,3430,2780
2018_10,28時,20180,21910,4870,7640,10160,6980,6520,5910,39590,3770,1900,20080,20880,4940,7430,10060,6740,6150,5620,37760,3410,2700
2018_11,5時,22350,22830,4690,8330,10770,7400,7270,6700,42330,3500,2420,21620,22640,5000,8140,10530,6960,7120,6490,40520,3810,3180
2018_11,6時,21590,22630,4680,8060,10420,6980,7310,6750,40540,4120,2700,21260,22100,4690,7890,10480,6650,7100,6530,39220,3780,3430
2018_11,7時,23440,22910,5170,8460,10930,7300,7480,7000,37050,7230,5300,21500,22290,4770,7880,10770,6720,7030,6600,37640,4600,4570
2018_11,8時,24170,27000,5570,7970,12440,8770,8560,7850,29790,16150,8560,22710,24530,6140,7920,11320,7220,7380,7250,36300,6560,7450
2018_11,9時,24460,29670,5650,8530,12610,8940,9130,9240,25090,19690,12350,23610,27320,6840,8370,11970,7650,7800,8280,34060,8300,11510
2018_11,10時,24380,32530,5890,8820,12860,9240,9470,10610,22500,20740,16550,23970,30110,7090,8810,12220,8260,8220,9470,31630,9550,15980
2018_11,11時,24260,35010,6190,8860,13010,9650,10040,11510,21130,21040,19790,24690,31430,7010,9030,12310,8830,8940,9990,29490,9530,19660
2018_11,12時,24730,35740,6350,8970,12920,9720,10410,12100,20780,21020,21380,24900,32100,7240,8840,12400,8940,9230,10320,27960,9620,21950
2018_11,13時,24420,35640,6420,8570,12780,9600,10550,12120,20320,20930,21450,24360,32380,7110,9030,12200,8810,9130,10440,26810,9500,22710
2018_11,14時,24230,35100,6290,8680,12670,9380,10430,11860,20180,20540,21170,24430,31700,6990,8970,12150,8670,8860,10480,26310,9440,22740
2018_11,15時,24090,33820,6280,8770,12400,9280,10310,10850,20910,20290,19280,24140,31350,7090,8940,12240,8520,8650,10020,26980,9320,21620
2018_11,16時,24200,32320,6550,8970,12180,9140,9960,9700,22110,19880,17170,24510,30960,7350,9090,12490,8460,8580,9480,28410,9200,20360
2018_11,17時,24130,30910,6460,8820,12080,8990,9630,9040,23870,18660,15300,24900,30400,7840,9310,12450,8550,8150,8980,30470,8940,18580
2018_11,18時,23500,29940,7150,8460,11430,8780,9190,8420,27620,14220,14420,24900,29540,8100,9060,12420,8400,8150,8300,32130,8030,16940
2018_11,19時,24130,28860,7390,8420,11450,8780,8890,8040,31510,11150,13190,24540,27950,7800,8640,12080,8370,8000,7580,33680,7190,14310
2018_11,20時,24330,27000,7290,8370,11500,8440,8160,7560,34560,8620,11070,24090,26200,7490,8510,11630,8040,7440,7170,35320,6120,11630
2018_11,21時,24170,25210,6740,8300,11480,8010,7690,7150,36790,6710,8840,23770,24830,6870,8390,11350,7830,7190,6950,36910,5290,9150
2018_11,22時,23670,24180,6240,8120,11360,7640,7520,6960,38540,5360,6950,23340,23840,6530,8240,11160,7440,7050,6730,38420,4820,6880
2018_11,23時,22570,23220,5810,7820,10950,7250,7170,6760,39390,4280,5030,21720,22520,5700,7860,10500,7010,6760,6400,38210,4120,4830
2018_11,24時,21640,21530,4870,7550,10580,6940,6860,6350,39720,3270,3050,20970,21580,4970,8000,10200,6650,6550,6150,38970,3400,3110
2018_11,25時,21660,21720,4830,7610,10610,7050,6830,6450,40150,3300,2870,21050,21630,4890,7990,10190,6790,6580,6220,39250,3330,3070
2018_11,26時,21450,21660,4730,7650,10460,7030,6810,6420,40140,3280,2590,20800,21490,4670,7950,10140,6740,6550,6220,39130,3300,2830
2018_11,27時,21300,21590,4700,7600,10380,6990,6810,6410,40120,3310,2410,20560,21630,4740,7850,10060,6740,6580,6200,39190,3280,2680
2018_11,28時,21220,21600,4600,7590,10380,6980,6820,6420,40170,3310,2290,20560,21780,4740,7860,10120,6740,6600,6250,39320,3320,2660
2018_12,5時,22030,23540,4880,7660,10830,7450,7320,7400,42400,4250,2520,21450,22760,5050,7580,10710,7160,6820,6870,40420,4140,3220
2018_12,6時,21350,23490,4900,7530,10440,7120,7320,7520,40750,4780,2940,21300,22220,5100,7490,10480,7020,6760,6660,39220,4220,3530
2018_12,7時,23010,23950,5470,7950,10940,7350,7190,8040,38140,7420,5100,21430,22660,5070,7570,10610,7020,6680,7120,38060,4880,4680
2018_12,8時,24060,27370,5750,7890,12270,8640,8180,8690,31360,15520,8310,22470,24130,5830,7630,11180,7250,6970,7730,36200,6780,6950
2018_12,9時,23960,29950,5770,8270,12340,8620,8790,10080,26750,18890,11780,23680,26760,6780,7870,11720,7780,7420,8850,34730,8850,10310
2018_12,10時,23860,33240,6040,8730,12620,8970,9240,11490,24290,19990,16110,24370,29990,6740,8310,12360,8320,8260,10350,32560,10120,15090
2018_12,11時,23630,35990,6320,8910,12790,9330,9660,12590,23290,20310,19090,25150,32300,6680,8480,12800,8750,8980,11740,30470,10330,19840
2018_12,12時,24040,35980,6320,8720,12730,9470,9890,12870,22450,20370,20170,25080,33620,6920,8810,12870,9140,9260,11680,29120,10570,22130
2018_12,13時,24160,36480,6580,8360,12770,9440,10190,13290,22400,20240,20910,24610,33990,6980,8900,12800,9140,9150,11610,28270,10230,22990
2018_12,14時,24170,35990,6460,8370,12730,9440,10020,13120,22230,20130,20660,24560,32760,6820,8750,13100,9060,9030,10550,27620,10000,22420
2018_12,15時,23970,34910,6550,8490,12510,9210,10060,12040,22610,20050,19130,24400,31660,6980,8400,13070,8810,8860,9930,27700,9720,21310
2018_12,16時,24140,33640,6880,8600,12250,9140,9870,11030,23750,20020,16970,24730,31390,7380,8770,13030,8720,8610,9590,29260,9470,20060
2018_12,17時,24100,32060,6790,8480,12150,9110,9490,10130,25390,18810,15060,25040,30770,7620,8600,12930,8760,8530,9350,30510,9250,18820
2018_12,18時,24000,31150,7200,8190,12000,8960,9250,9520,28550,14770,14970,25580,30210,7840,8680,12800,8830,8460,9160,32060,8800,17890
2018_12,19時,24840,30020,7750,8350,11880,8880,8990,9000,31790,11620,14690,25410,28650,7010,8750,12610,8650,8360,8660,33480,7780,15800
2018_12,20時,24690,28000,7490,8140,11780,8480,8320,8480,34430,9210,12380,24420,27050,6590,8500,12210,8240,7770,8150,34800,6680,13130
2018_12,21時,24310,26190,7050,8270,11490,8060,7630,7980,36750,7240,9810,23980,25070,6320,8120,11870,7790,7290,7650,36250,5680,10390
2018_12,22時,23570,24950,6270,8050,11320,7730,7320,7810,38600,6090,7190,23470,24250,6200,7940,11640,7630,7060,7230,37730,5240,8090
2018_12,23時,22520,23800,5900,7590,10880,7330,7020,7590,39150,5030,5500,22240,23150,5780,7490,11060,7140,6850,7060,37910,4730,6140
2018_12,24時,21230,22450,5220,7160,10450,7010,6740,7090,39790,4140,3090,20910,21540,4930,7180,10490,6800,6520,6510,38040,4050,3770
2018_12,25時,21200,22520,5070,7200,10440,7110,6750,7130,40160,4030,2880,20930,21590,4930,7160,10530,6830,6530,6510,38450,3940,3550
2018_12,26時,20970,22400,4880,7240,10290,7090,6750,7100,40250,3960,2540,20690,21460,4720,7130,10410,6790,6530,6550,38440,3810,3310
2018_12,27時,20920,22350,4880,7250,10200,7050,6750,7120,40280,3960,2420,20560,21290,4570,7120,10340,6750,6530,6520,38330,3820,3110
2018_12,28時,20940,22340,4890,7210,10170,7050,6760,7180,40340,3970,2370,20560,21290,4520,7160,10340,6770,6530,6520,38370,3840,3070
2019_01,5時,20180,20480,4980,7100,9380,6830,6260,6080,38040,3560,2110,19730,19910,4710,7060,9010,6630,6080,6140,36530,3410,2570
2019_01,6時,19670,20410,5030,6820,8930,6620,6380,6280,36480,4080,2560,19170,19670,4660,6680,8770,6450,6050,6220,35290,3710,2720
2019_01,7時,21300,20960,5410,7330,9420,7010,6470,6600,34240,6650,4660,19820,19950,5010,6540,9120,6430,5980,6680,34470,4200,3850
2019_01,8時,21980,24200,5520,7290,10720,7960,7360,7310,28340,13120,7990,20760,21640,5840,6600,9850,6820,6160,7100,33410,5630,6170
2019_01,9時,22010,26590,5460,7450,11150,8180,7930,8410,24140,16060,11510,21510,23710,5940,7080,10450,7280,6580,7870,31780,7200,8970
2019_01,10時,21930,29020,5410,7890,11260,8460,8380,9520,21930,16920,15010,21800,26370,6480,7320,10790,7630,7090,8860,29930,8250,12720
2019_01,11時,21910,31260,5640,7860,11490,8740,8880,10540,20580,17220,18040,22670,28070,6800,7700,11040,7920,7800,9460,28290,8440,16570
2019_01,12時,21920,31630,5450,8010,11430,8850,9090,10710,19890,17390,18950,23060,28740,6760,7710,11350,8150,7960,9850,27000,8600,18740
2019_01,13時,22380,32170,6010,7990,11420,8910,9350,10860,19680,17450,20100,23110,28830,6460,7900,11450,8150,8230,9740,26260,8480,19630
2019_01,14時,22600,32150,6170,7970,11500,8880,9350,10860,19440,17360,20560,22840,29340,6470,7980,11480,8150,8190,9890,25840,8380,20350
2019_01,15時,22440,31150,6420,7740,11280,8790,9160,10190,19930,17240,18980,22560,28850,6840,7880,11400,7780,8010,9480,26190,8420,19210
2019_01,16時,22440,30080,6650,7900,11040,8690,9110,9110,21110,17020,17010,22260,27740,6390,7710,11190,7660,7960,9080,27170,8100,17110
2019_01,17時,22490,28830,6740,8000,10920,8590,8550,8500,22990,15990,15030,22360,27240,6650,7910,11160,7740,7560,8560,29080,8040,15110
2019_01,18時,21890,27100,6580,7530,10630,8240,8130,7870,25920,12490,13310,22860,26320,6860,7890,11030,7770,7350,8260,30560,7610,13680
2019_01,19時,22470,25360,6940,7330,10580,8020,7750,7200,29080,9780,11790,22590,24880,6900,7810,10600,7490,7220,7430,31530,6740,11870
2019_01,20時,22280,23590,6940,7250,10310,7600,6990,6760,31650,7440,9630,21950,23360,6810,7580,10160,7120,6630,6990,32710,5540,9780
2019_01,21時,22050,22180,6430,7400,10060,7350,6560,6420,33700,6020,7390,21280,21990,6330,7180,9840,6920,6400,6580,33630,4830,7630
2019_01,22時,21460,21340,6060,7280,9830,7030,6390,6190,35200,4980,5540,20950,20980,5910,7070,9580,6700,6210,6440,34520,4370,5870
2019_01,23時,20460,20330,5650,6880,9380,6700,6200,5960,35560,4140,3980,19740,19880,5090,6720,9270,6400,5980,6140,34320,3800,4290
2019_01,24時,19550,19510,5100,6580,9060,6590,5950,5770,36190,3380,2370,18800,18920,4480,6680,8770,6240,5830,5700,34780,3330,2430
2019_01,25時,19640,19590,5090,6620,9060,6670,5940,5830,36440,3400,2270,18800,19030,4550,6610,8800,6230,5840,5790,35100,3290,2290
2019_01,26時,19490,19600,5070,6610,8970,6630,5940,5850,36510,3350,2120,18670,19050,4480,6620,8720,6210,5850,5830,35160,3270,2120
2019_01,27時,19390,19600,5010,6610,8920,6610,5960,5860,36590,3290,2000,18640,19070,4500,6620,8680,6190,5840,5860,35170,3310,2050
2019_01,28時,19400,19580,4960,6600,8930,6610,5960,5900,36630,3320,1920,18670,19010,4500,6610,8690,6180,5830,5840,35190,3330,2000
2019_02,5時,20560,21740,5540,7510,9240,6960,6470,6560,39800,3670,1960,19610,21020,6070,7720,8780,6450,5970,5630,37250,3690,2960
2019_02,6時,20070,21550,5530,7250,8900,6750,6460,6710,38020,4220,2450,19200,20640,6120,7250,8630,6290,5820,5710,36200,3760,2990
2019_02,7時,21560,22500,5980,7780,9460,7200,6570,7050,35470,7400,4650,20090,21170,6570,7120,9150,6460,6030,5920,35690,4650,4060
2019_02,8時,22980,25690,5970,8080,10980,8400,7460,7760,28670,15220,8050,20930,22200,7040,6950,9990,6700,6230,6200,34160,5980,6160
2019_02,9時,22740,28250,5860,8370,11050,8510,8100,9080,23390,18590,11920,21400,24950,7670,7520,10600,6990,6600,6960,32140,7640,9540
2019_02,10時,22690,30480,5680,8560,11320,8880,8560,10150,20930,20120,15000,21830,27240,7220,7990,11250,7450,7100,8050,30080,8870,13070
2019_02,11時,22680,32590,5940,8680,11440,9130,8960,11120,19710,20710,17630,22400,28680,7630,8250,11210,7820,7690,8460,28300,9390,16210
2019_02,12時,22720,33200,5970,8690,11490,9240,9220,11290,19080,20660,18850,22280,29800,7290,8520,11430,8230,7610,8980,26960,9410,18290
2019_02,13時,23240,33680,6270,8710,11650,9200,9410,11650,19240,20770,19550,22650,31160,7750,8680,11740,8430,7850,9350,26520,9750,20090
2019_02,14時,23120,33420,6370,8740,11550,9090,9290,11470,19080,20680,19390,23310,30980,7760,8900,11730,8250,8080,9550,26490,9720,20540
2019_02,15時,23060,32550,6640,8720,11330,9050,9200,10650,19630,20410,18230,22960,30170,8030,8780,11520,7870,7930,8980,27150,9520,18930
2019_02,16時,22870,30960,6360,8810,11080,8840,9050,9680,20730,19860,15920,22860,28940,7970,8710,11380,7610,7840,8260,28050,9330,17080
2019_02,17時,22410,28930,6170,8610,10770,8730,8360,8660,22170,18420,13400,22540,28420,7720,8650,11350,7580,7710,7930,29200,8800,15630
2019_02,18時,21960,28110,6570,7960,10590,8350,8320,8260,25390,14360,12970,22640,28190,7910,8690,11080,7760,7740,7640,30770,8380,14510
2019_02,19時,22830,26610,7180,8040,10370,8160,7930,7750,28950,11330,11890,22380,26450,7320,8620,10730,7700,7370,7070,32040,7330,12340
2019_02,20時,22660,24680,7120,7980,10070,7700,7260,7190,31830,8810,9520,21570,24730,7350,8360,10030,7210,6720,6620,33470,6000,9780
2019_02,21時,22790,23470,7010,8080,9940,7430,6760,7030,34620,6840,7630,21110,23030,6860,8040,9740,6990,6250,6240,34530,5130,7450
2019_02,22時,22160,22360,6440,7890,9660,7170,6530,6800,36210,5400,5740,20740,21610,6340,7800,9500,6770,6050,5870,35540,4510,5290
2019_02,23時,20960,21170,5600,7490,9220,6850,6330,6630,36430,4470,4110,19550,20700,5790,7480,8970,6430,5850,5700,35370,4050,3800
2019_02,24時,19890,20450,5640,7000,8900,6590,6050,6150,37320,3520,2440,19360,20610,5750,7390,8700,6380,5690,6030,36800,3540,2620
2019_02,25時,19880,20710,5650,7100,8970,6640,6030,6180,37700,3480,2360,19410,20740,5910,7360,8710,6480,5690,5990,37090,3570,2520
2019_02,26時,19720,20670,5580,7020,8890,6620,6050,6210,37750,3390,2200,19220,20610,5790,7340,8620,6420,5700,5950,37010,3490,2320
2019_02,27時,19600,20580,5490,6990,8810,6600,6060,6210,37680,3360,2100,19200,20610,5790,7350,8630,6370,5690,5960,37060,3480,2260
2019_02,28時,19580,20560,5490,6960,8800,6590,6040,6230,37720,3400,2000,19240,20620,5820,7300,8650,6350,5700,6000,37110,3480,2270
2019_03,5時,20310,21000,5360,7000,9210,6830,6590,6300,38810,3290,2050,19570,20300,5470,7010,8860,6330,6210,5960,36750,3270,2580
2019_03,6時,20020,20990,5370,6940,9000,6670,6710,6290,37450,3940,2520,19270,20200,5530,6770,8690,6140,6240,6070,35960,3480,2770
2019_03,7時,21520,21930,5880,7310,9590,7060,6770,6830,34660,6970,4740,19990,20270,5700,6990,8890,6230,6300,6120,34950,4240,3770
2019_03,8時,22710,24610,5460,7660,11040,8350,7480,7310,28050,15060,7130,20800,21500,6150,6980,9650,6580,6570,6360,33370,5450,6240
2019_03,9時,22340,27110,5120,8220,10970,8360,8040,8710,22620,18670,10830,21660,24620,7150,7860,10350,7090,6740,7080,31620,7840,9430
2019_03,10時,22490,29900,5450,8440,10910,8730,8590,10240,20370,20110,14520,22070,27420,7430,7990,10900,7490,7520,8150,29590,9100,13380
2019_03,11時,22580,32090,5800,8820,11010,9010,8990,11010,19030,20470,17630,22650,29140,7520,8480,11200,7950,7830,8800,27690,9590,16890
2019_03,12時,22600,32760,5880,8570,11160,8970,9240,11520,18610,20630,18600,22690,30200,7480,8860,11150,8030,7960,9380,26490,9670,18980
2019_03,13時,22740,32800,5780,8480,11150,8970,9370,11770,18460,20690,18760,22660,30760,7940,8720,11290,8200,8150,9110,25550,9740,20410
2019_03,14時,22510,32790,5910,8530,11220,8900,9310,11400,18360,20510,18770,22600,30400,7620,8600,11390,8140,8170,9070,25080,9650,20450
2019_03,15時,22410,31750,5970,8400,11010,8860,9080,10820,18840,20230,17550,22400,29960,7790,8500,11400,7930,7830,8890,25710,9740,19170
2019_03,16時,22590,30810,6050,8480,10800,8830,9040,10180,19960,19800,16120,22330,29070,7620,8410,11320,7750,7800,8490,26480,9330,17920
2019_03,17時,22750,29270,6230,8530,10680,8780,8570,9210,21500,18590,14520,22480,28250,7640,8490,11060,7880,7770,7870,28330,8920,15950
2019_03,18時,22300,27870,6680,8050,10630,8300,8210,8290,24130,14520,14120,22900,28240,7950,8530,11240,8040,7700,7660,30290,8340,15020
2019_03,19時,22920,26060,6810,7950,10670,8140,7960,7430,27520,11460,12630,22500,27080,7980,8270,10890,7800,7530,7090,31610,7350,13190
2019_03,20時,22830,24060,6730,7910,10250,7740,7350,6900,30540,8760,10260,22140,25170,7480,8030,10420,7500,7060,6790,32870,6180,10810
2019_03,21時,22450,22530,6500,7700,10130,7300,6840,6490,33350,6420,7910,21580,23100,6770,7570,10060,7150,6720,6410,34200,4830,8270
2019_03,22時,21980,21600,6150,7410,9900,7050,6720,6330,35150,5170,6000,20930,21610,6350,7210,9650,6800,6390,6130,35090,4190,5850
2019_03,23時,20610,20660,5720,6930,9310,6620,6490,6180,35510,4130,4300,20020,20480,5730,7010,9190,6540,6160,5840,35190,3690,4190
2019_03,24時,19720,19990,5530,6690,9010,6400,6150,5920,36530,3260,2550,19580,19500,5180,6900,8950,6270,6020,5740,35860,3090,2720
2019_03,25時,19640,20060,5450,6680,9010,6470,6150,5920,36800,3180,2370,19570,19670,5310,6950,8930,6290,6030,5720,36160,3120,2590
2019_03,26時,19410,19960,5350,6600,8870,6450,6160,5930,36810,3150,2090,19420,19630,5320,6830,8830,6300,6020,5740,36180,3130,2370
2019_03,27時,19330,19890,5350,6550,8790,6420,6160,5940,36800,3110,1980,19260,19620,5320,6780,8720,6240,6010,5800,36170,3080,2270
2019_03,28時,19270,19890,5290,6520,8750,6450,6150,5990,36850,3100,1900,19250,19690,5290,6780,8720,6280,6010,5840,36290,3050,2240
2019_04,5時,20310,20800,4470,7730,9260,7240,5900,6490,38580,3220,2000,19220,19300,3710,7330,8860,6610,5800,6200,35440,2720,2700
2019_04,6時,19910,20930,4540,7580,8970,7060,6020,6650,37050,3690,2710,18910,19290,3790,7180,8600,6440,5730,6440,34630,3010,3000
2019_04,7時,22160,22490,5900,8540,9470,7390,6060,7280,34340,7560,5530,19380,19560,3960,7150,8900,6550,5720,6650,33620,3680,3940
2019_04,8時,22510,25120,5310,8720,10720,8630,6740,7490,27690,15010,7800,20370,20770,4520,7480,9430,6910,5880,6900,32080,5140,6280
2019_04,9時,21660,27760,5280,9020,10620,8480,7480,8530,22670,18540,10830,21120,23680,5480,8150,9840,7320,6340,7650,30350,7150,9550
2019_04,10時,21450,30090,5470,9310,10660,8490,8150,9440,20320,19970,13690,21240,25950,5420,8540,10210,7600,7110,8290,27850,8520,12920
2019_04,11時,21540,31890,5620,9450,10800,8720,8610,10200,19160,20370,16280,21930,27470,5610,8670,10500,7840,7820,8960,26220,8580,16450
2019_04,12時,21680,32240,5650,9310,10850,8760,8960,10360,18530,20380,17390,21760,28080,5530,8800,10480,7930,7980,9090,24780,8790,18030
2019_04,13時,21960,32820,6110,9280,10840,8870,9080,10590,18390,20440,18260,21720,28580,6100,8730,10350,7900,7990,9220,24190,8830,19090
2019_04,14時,22070,32570,6130,9150,10830,8850,9000,10660,18260,20110,18540,21760,28300,6230,8630,10350,7840,7790,9200,23740,8810,19280
2019_04,15時,22090,31770,6200,9120,10750,8710,8900,10150,18850,19820,17460,21610,27720,5930,8600,10290,7780,7680,9030,23680,8590,18840
2019_04,16時,21880,29860,5850,9110,10500,8550,8490,9220,19790,19150,15140,21400,27160,5870,8460,10190,7830,7510,8690,24640,8530,17220
2019_04,17時,21480,28570,5970,8850,10360,8460,7970,8420,21330,17910,13210,21160,26020,5870,8230,10200,7750,7200,7910,26010,8050,15150
2019_04,18時,21310,26950,5850,8520,10240,8210,7600,7820,24330,13740,12530,21330,25440,5680,8220,10320,7880,7270,7370,27810,7350,13660
2019_04,19時,22120,26250,6350,8690,10350,8180,7410,7360,28090,10960,11650,21390,24630,5790,8150,10150,7790,6990,7130,29140,6550,12410
2019_04,20時,22660,23720,5740,8690,10150,8020,6790,6970,30890,8020,9810,20620,22080,4700,7700,9750,7350,6470,6710,30110,4750,9990
2019_04,21時,22390,21500,4990,8340,9910,7700,6280,6650,33110,5700,7480,20100,20420,3650,7590,9560,7130,6100,6470,31270,3810,7630
2019_04,22時,21680,20750,4720,7980,9780,7440,6070,6430,35070,4380,5420,19930,19210,3560,7230,9460,6910,5930,6040,32290,3240,5810
2019_04,23時,20360,19900,4190,7630,9360,7030,5760,6270,35390,3570,3720,19220,17870,3230,6880,8940,6570,5650,5810,32280,2870,4150
2019_04,24時,19570,19870,4290,7450,9070,6840,5550,6220,36680,3030,2160,18350,17880,3180,6800,8550,6310,5470,5910,33270,2590,2610
2019_04,25時,19680,20060,4310,7510,9120,6900,5600,6270,37090,3010,2080,18520,18230,3340,6990,8590,6380,5490,5950,33730,2600,2700
2019_04,26時,19470,20070,4310,7410,9020,6890,5610,6290,37120,2970,1910,18460,18170,3300,6980,8540,6350,5460,5980,33830,2580,2510
2019_04,27時,19410,20010,4310,7410,8920,6870,5600,6290,37080,2960,1840,18340,18190,3350,6910,8460,6320,5470,5990,33790,2550,2470
2019_04,28時,19420,20000,4320,7400,8910,6870,5590,6300,37090,2960,1820,18310,18180,3280,6920,8470,6330,5440,6020,33800,2540,2420
2019_05,5時,20710,21490,5630,7450,9290,7340,6230,6240,39570,3780,2360,18820,19440,4690,6980,8760,6510,5670,5650,34590,3100,3480
2019_05,6時,20750,21440,5910,7310,8940,7250,6360,6410,38150,4380,3200,18560,19050,4730,6700,8460,6330,5630,5740,33490,3290,3650
2019_05,7時,22790,22760,6960,7950,9640,7570,6570,6840,35380,7670,6120,19010,19210,4810,6770,8640,6420,5630,5940,32810,3830,4470
2019_05,8時,23650,25630,7150,8220,10830,8450,7410,7210,28640,15220,9030,19980,20380,5320,7180,9180,6680,5830,6150,31690,4970,6590
2019_05,9時,23030,27290,6540,8150,10910,8270,7920,8510,23130,18750,11780,20270,23240,6100,7690,9480,7110,6190,6930,29710,6780,9780
2019_05,10時,22630,29300,6240,8680,11010,8180,8390,9410,20920,19620,14380,20630,25120,6140,7940,9680,7420,6930,7620,27680,7640,13150
2019_05,11時,22490,31100,6260,8850,11090,8340,8870,10160,19870,19750,16880,21150,26160,6060,8050,10070,7690,7370,8050,25990,7860,15980
2019_05,12時,22700,31830,6100,8900,11080,8590,9110,10730,19220,20100,18080,21050,26820,5870,8020,10080,7850,7620,8420,24580,8030,17760
2019_05,13時,22970,32680,6420,8850,11210,8730,9260,11150,19170,20290,19070,21350,27160,6140,8180,10170,7880,7590,8540,23880,7920,19130
2019_05,14時,22910,32430,6420,8770,11220,8640,9270,10990,19000,19990,19240,21310,26790,6390,8030,9960,7820,7530,8340,23510,7810,19140
2019_05,15時,22870,31700,6580,8830,11060,8580,9180,10330,19400,19970,18180,21430,26120,6410,7830,10070,7700,7360,8170,23830,7750,18340
2019_05,16時,22470,30060,6500,8550,10650,8490,8870,9440,20100,19420,16120,21300,25610,6330,7730,10200,7650,7100,7890,24340,7500,17500
2019_05,17時,22110,28880,6430,8560,10470,8400,8460,8660,21930,17910,14330,21850,25220,6630,8000,10350,7800,6900,7380,26250,7390,16100
2019_05,18時,21990,27530,6400,8250,10470,8170,8320,7890,25390,13760,13480,21900,24910,6810,7940,10270,7790,6950,7010,27590,6790,15110
2019_05,19時,22430,26690,6650,8520,10270,8310,7920,7430,29060,10790,12420,21470,23680,6250,7860,9920,7640,6800,6670,28800,6030,12990
2019_05,20時,22490,24240,6270,8210,10000,8130,7190,6890,31980,8020,9860,20830,21910,5810,7530,9470,7350,6290,6270,30240,4960,10340
2019_05,21時,22400,22330,5850,7950,9820,7890,6640,6560,34300,5960,7650,20560,20520,5540,7240,9290,7140,5970,5890,31430,4100,8380
2019_05,22時,21920,21500,5420,7890,9710,7620,6360,6390,36120,5000,5560,20020,19600,5180,7070,9150,6850,5790,5560,32370,3760,6370
2019_05,23時,20990,20800,5250,7460,9390,7290,6130,6250,36510,4340,4220,19140,18820,5040,6630,8780,6560,5580,5360,32540,3460,4810
2019_05,24時,20110,20630,5510,7050,9140,7140,5880,6000,37750,3630,2640,18370,18480,5020,6500,8330,6340,5420,5220,33150,3120,3430
2019_05,25時,20240,20850,5530,7130,9200,7170,5940,6090,38170,3620,2590,18430,18730,5100,6550,8410,6380,5420,5280,33610,3090,3350
2019_05,26時,20090,20800,5510,7060,9120,7120,5950,6100,38160,3550,2470,18300,18660,5080,6530,8320,6350,5400,5260,33580,3050,3220
2019_05,27時,19950,20780,5500,7080,9030,7090,5930,6080,38180,3540,2300,18250,18710,4990,6560,8290,6350,5380,5360,33700,3020,3090
2019_05,28時,19890,20740,5470,7050,9020,7080,5880,6110,38200,3520,2190,18240,18650,4970,6560,8300,6320,5360,5360,33700,3050,3030
2019_06,5時,19960,20580,5060,7030,9270,7150,5840,6160,37970,3420,1960,19320,20030,5110,6850,8860,6900,5560,6040,36090,3330,2640
2019_06,6時,19990,20420,5270,6960,8800,6980,6010,6360,36300,3990,2910,19140,19560,5030,6740,8690,6660,5590,5970,34740,3600,2980
2019_06,7時,21870,21640,5540,7770,9610,7390,6290,6890,33760,7250,5450,19780,19920,5180,6770,9070,6810,5650,6210,34250,4190,3900
2019_06,8時,22900,24020,5610,7740,10780,8290,7190,7290,26970,14610,8230,20670,21090,5880,7050,9630,7020,5780,6380,32660,5570,6150
2019_06,9時,22110,25750,4990,7670,10570,8030,7820,8760,21490,17840,11190,21110,23580,6170,7650,9980,7390,6110,7380,30520,6890,9710
2019_06,10時,21470,28400,5060,7910,10780,8100,8360,9650,19230,18620,14500,21780,26520,6510,7940,10600,7680,6830,8720,28510,7800,14360
2019_06,11時,21530,29890,4970,8140,10930,8190,8880,10310,17930,18750,17150,22160,28420,6890,8250,10710,8050,7370,9290,26640,8030,17950
2019_06,12時,21970,30700,5140,8390,10810,8240,9210,10850,17690,19050,18340,22310,29080,6900,8220,10710,8200,7460,9900,25490,8030,19940
2019_06,13時,22150,31040,5490,8370,10700,8290,9330,10990,17310,19200,19040,22540,28670,7000,8040,10760,8290,7480,9620,25000,8040,20100
2019_06,14時,22270,31060,5730,8410,10730,8270,9310,10850,17430,19100,19180,22540,28690,6990,8190,10840,8280,7340,9560,25030,8060,20060
2019_06,15時,21900,30030,5690,8280,10350,8260,9090,10250,17600,19070,17630,22070,28310,6720,8120,10780,8130,7370,9230,25170,8020,19180
2019_06,16時,21850,29110,5610,8470,10220,8260,8760,9630,18700,18940,15800,21740,27150,6440,8330,10520,7930,7270,8400,25810,7950,17170
2019_06,17時,21270,27690,5410,8380,10180,8230,8240,8500,20210,17410,13850,21910,26520,6450,8110,10660,8140,6980,8070,27140,7590,15810
2019_06,18時,21160,26690,5710,8110,10220,8110,7820,7860,23650,13120,13540,22040,25870,6540,8130,10490,8040,7090,7600,28310,7030,14730
2019_06,19時,21410,25450,5960,8250,9900,8050,7280,7410,27360,9890,12100,21680,24610,6230,7870,10330,7910,6650,7290,29880,6100,12500
2019_06,20時,21070,23210,5520,7860,9570,7760,6670,6900,30000,7150,9640,21130,22680,5660,7580,9930,7550,6180,6890,31220,4910,9960
2019_06,21時,21210,21680,5220,7770,9440,7610,6290,6560,32440,5400,7590,20390,21090,4920,7150,9760,7250,5870,6510,32450,3980,7390
2019_06,22時,21100,20750,5190,7550,9550,7360,5860,6330,34230,4520,5740,20140,20020,4930,7050,9530,7000,5620,6020,33400,3590,5580
2019_06,23時,19900,19790,4690,6990,9190,7020,5630,6160,34510,3840,3970,19240,19360,4610,6770,9190,6780,5430,5790,33470,3430,4150
2019_06,24時,19070,19080,4870,6550,8770,6780,5400,5760,35460,3100,2190,18680,18900,4430,6650,8830,6660,5200,5800,34710,2890,2420
2019_06,25時,19240,19270,4930,6600,8860,6850,5460,5790,35920,3060,2150,18740,19100,4540,6640,8870,6700,5210,5860,35040,2890,2390
2019_06,26時,19100,19240,4920,6610,8760,6770,5460,5800,35940,2980,2010,18620,19110,4490,6640,8830,6660,5260,5840,35160,2850,2210
2019_06,27時,19030,19170,4830,6600,8710,6740,5470,5820,35990,2970,1830,18610,19160,4530,6650,8800,6660,5250,5850,35210,2830,2210
2019_06,28時,18990,19260,4970,6570,8720,6730,5440,5820,36010,3090,1760,18570,19260,4590,6650,8820,6630,5260,5860,35230,2920,2190
2019_07,5時,20350,22090,5520,7540,9210,7270,5990,6900,39990,3290,1950,19390,20240,5230,6660,8680,6960,5850,6240,36830,2750,2490
2019_07,6時,20380,21980,5520,7670,8900,7110,6190,6960,38580,3780,2710,19500,20260,5300,6680,8560,6690,5910,6600,36150,3120,2800
2019_07,7時,22550,22800,5920,8380,9450,7590,6590,7390,36150,6590,5390,20180,20450,5400,6730,9100,6890,5740,6750,35620,3780,3630
2019_07,8時,23220,25210,6290,7740,10490,8590,7300,8010,28570,14700,8060,21070,21550,5960,6810,9670,7350,5950,6850,33990,5150,5920
2019_07,9時,22290,26870,5730,7500,10350,8380,7870,9320,22620,17760,11360,21220,24000,5790,7510,10040,7550,6490,7820,31650,6780,9140
2019_07,10時,21930,29060,5740,7630,10330,8470,8410,10380,20350,18570,14400,21150,26700,6430,7820,10070,7910,7130,8480,29570,7620,12920
2019_07,11時,21870,30330,5700,7750,10510,8580,8840,10810,19140,18820,16560,21840,28060,6420,8050,10570,8240,7660,8950,28120,7890,16000
2019_07,12時,22150,30340,5390,7800,10390,8630,9140,11120,18650,18870,17260,22060,29290,6430,8380,10630,8440,7900,9560,27230,8070,18150
2019_07,13時,22470,30770,5810,7820,10400,8740,9180,11260,18370,19000,18170,22650,29560,6550,8780,10800,8330,7790,9940,26820,7980,19470
2019_07,14時,22380,31290,5960,7880,10390,8750,9200,11480,18430,18940,18680,22880,29370,6720,8600,10950,8520,7770,9670,26480,7840,19960
2019_07,15時,22230,30690,6020,7890,10290,8700,9130,10870,18720,18800,17750,22760,28480,6380,8520,10810,8440,7560,9510,26570,7620,19040
2019_07,16時,22100,29790,6230,8010,10040,8550,8730,10310,19590,18250,16460,22460,27830,6280,8580,10750,8320,7330,9010,26910,7460,17990
2019_07,17時,21640,28330,6040,7980,9960,8520,8270,9200,21260,16580,14530,22750,27170,6670,8540,10820,8340,7360,8180,28280,7020,16700
2019_07,18時,21470,27350,6100,8160,10110,8110,7940,8370,24850,12450,13930,22900,26720,6790,8680,10610,8170,7210,8140,29780,6630,15390
2019_07,19時,21750,26400,6270,8210,10000,8230,7560,7880,28650,9390,12540,22320,25180,6440,8310,10280,8150,6800,7490,31030,5680,13000
2019_07,20時,21460,24410,5970,7930,9750,7890,6910,7400,31440,7030,9820,21990,23930,6510,8130,10000,7840,6300,7130,32850,4650,10710
2019_07,21時,21310,23330,6070,7750,9580,7630,6540,7040,34120,5200,7800,21250,23030,6530,7680,9830,7550,6000,6660,34260,4020,8350
2019_07,22時,20910,22270,5760,7620,9530,7360,6180,6710,35830,4210,5690,20860,21560,6300,7220,9460,7260,5790,6370,35190,3610,6040
2019_07,23時,19870,21580,5360,7310,9160,7070,5970,6570,36330,3710,4030,19870,20550,5890,6820,9020,6880,5630,6160,35080,3300,4440
2019_07,24時,19170,20720,5150,7040,8830,6910,5670,6270,37220,2850,2300,19010,19610,5350,6720,8500,6610,5420,6020,35470,2750,2690
2019_07,25時,19400,20870,5210,7100,8880,6970,5730,6350,37760,2890,2160,19050,19720,5310,6690,8620,6620,5480,6020,35880,2770,2450
2019_07,26時,19240,20700,5070,7080,8800,6930,5690,6360,37940,2840,1750,19020,19680,5400,6700,8530,6590,5430,6030,36020,2700,2330
2019_07,27時,19220,20690,5060,7110,8760,6910,5690,6360,38000,2810,1670,18930,19460,5230,6650,8490,6590,5410,5990,35950,2600,2200
2019_07,28時,19160,20740,5120,7090,8720,6900,5670,6390,37970,2890,1620,18890,19540,5190,6650,8510,6590,5460,6010,35960,2560,2230
2019_08,5時,20110,22160,6000,7030,9150,6940,6100,7040,39070,4220,2650,19110,21140,5720,6650,8630,6830,5820,6590,36820,3840,3030
2019_08,6時,20180,22100,6050,6960,9020,6910,6200,7120,37970,4760,3310,18940,20830,5770,6520,8470,6540,5770,6680,35840,4270,3080
2019_08,7時,21360,22510,6080,7330,9350,7070,6420,7610,35060,7100,5440,19610,20730,5990,6310,8840,6730,5770,6680,35090,4850,3820
2019_08,8時,22090,24130,5820,7120,10180,8060,7040,7990,28150,14060,7970,20090,21780,6080,6540,9170,7030,6010,7010,33110,5900,6330
2019_08,9時,21760,26040,5340,7090,10280,8130,7660,9290,23550,16760,11090,20370,23860,5960,7030,9710,7540,6290,7690,31070,7220,9470
2019_08,10時,21330,27600,5420,7040,10140,8160,8120,10030,20830,17410,14000,20410,26140,6010,7300,9800,7840,6900,8670,28590,7750,13370
2019_08,11時,21420,29190,5890,7150,10130,8310,8480,10640,19740,17520,16540,20880,27650,6260,7570,9940,8070,7300,9380,26550,8190,16720
2019_08,12時,21440,29680,5680,7390,10020,8490,8540,10990,19450,17770,17090,21190,27870,6540,7750,9930,8070,7460,9290,25400,8270,18200
2019_08,13時,21690,30040,5860,7510,10090,8660,8480,11100,19380,17810,17750,21390,28240,6300,7870,9990,8280,7480,9700,25110,8280,19060
2019_08,14時,21630,30310,5940,7760,10230,8700,8440,10850,19260,17640,18170,21550,28440,6290,8030,10140,8310,7480,9720,25320,8150,19260
2019_08,15時,21590,29780,5930,7890,10040,8600,8500,10390,19410,17510,17590,20950,27910,6060,7960,10060,8260,7250,9250,25420,7930,18260
2019_08,16時,21510,29240,6010,7850,10110,8490,8230,10030,20330,17250,16330,20980,27710,6210,7880,10090,8380,7220,8900,25960,7600,17870
2019_08,17時,21160,28090,5920,7690,9920,8390,7840,9480,21830,15980,14680,21590,27190,6750,8120,10100,8340,7060,8390,27300,7410,16900
2019_08,18時,21000,27270,5890,7890,9960,7990,7690,8830,25370,12030,14110,21340,26230,6590,8100,9820,8170,7020,7850,28540,6820,15080
2019_08,19時,21720,25920,6020,8070,9930,7870,7370,8370,28810,9130,12900,21330,25440,6490,8010,9760,8060,6730,7700,30430,6090,13200
2019_08,20時,21640,24510,6120,7910,9840,7630,6720,7910,31790,7010,10580,20770,23830,6290,7760,9440,7680,6240,7170,31590,5190,10810
2019_08,21時,21630,23520,6590,7600,9610,7380,6370,7580,34150,5720,8580,20090,22720,6150,7070,9280,7380,5960,6950,33050,4590,8310
2019_08,22時,21190,22480,6380,7360,9520,7070,6100,7220,35670,5160,6280,19800,21840,5900,6980,9150,7020,5840,6730,34190,4280,6370
2019_08,23時,20150,21640,6050,7020,9110,6770,5870,6950,36120,4500,4620,18960,20980,5580,6660,8880,6690,5660,6460,34530,3760,4810
2019_08,24時,19200,21050,5860,6570,8830,6570,5710,6680,36930,3900,2860,18110,20110,5370,6370,8450,6450,5490,6070,34860,3430,3110
2019_08,25時,19390,21220,5960,6660,8920,6640,5730,6680,37410,3900,2810,18300,20320,5400,6520,8510,6500,5480,6190,35360,3510,3020
2019_08,26時,19270,21060,5920,6610,8800,6630,5690,6660,37350,3820,2650,18080,20140,5190,6470,8370,6490,5500,6180,35270,3430,2750
2019_08,27時,19150,21050,5840,6620,8730,6610,5700,6680,37380,3800,2510,17950,20170,5170,6460,8310,6470,5480,6220,35260,3420,2670
2019_08,28時,19110,21090,5830,6610,8720,6600,5700,6720,37370,3860,2440,17990,20070,5060,6480,8310,6480,5490,6210,35180,3430,2660
2019_09,5時,21420,23880,7000,7540,9820,7560,6520,6850,42630,3910,2230,20500,22200,6540,7120,9090,7390,6060,6490,39250,3600,3070
2019_09,6時,21100,23800,6850,7450,9690,7320,6690,6870,41020,4240,3040,20140,22200,6380,7210,8860,7210,6040,6610,38550,3750,3250
2019_09,7時,22880,24320,7460,7750,9970,7600,7090,7300,37910,7390,5480,20550,21980,6480,7120,9040,7250,5990,6640,37410,4430,3850
2019_09,8時,23650,25790,6680,7580,10880,8720,7700,7850,29500,15870,7980,21330,23400,7040,7440,9520,7590,6230,6890,35820,5750,6320
2019_09,9時,22780,27740,5640,7620,10760,9000,8260,9220,23470,18960,11560,21520,25770,6780,7990,9830,8130,6790,7760,33210,7060,10050
2019_09,10時,22540,29680,5970,7760,10740,9150,8810,9780,20610,19770,15010,21580,27380,7010,8210,10110,8310,7170,8130,30100,7550,14020
2019_09,11時,22300,31660,6280,7850,10790,9350,9100,10570,19190,20310,17490,21750,28780,6970,8390,10110,8540,7850,8660,28070,8040,16960
2019_09,12時,22560,32240,6020,8040,10900,9410,9250,11160,18750,20620,18560,22320,29470,7250,8430,10410,8770,8130,8790,27120,8330,18790
2019_09,13時,22560,32600,6210,7880,10800,9460,9510,11280,18370,20620,19260,22070,29770,7110,8480,10220,8960,7970,9070,26420,8350,19560
2019_09,14時,22530,32410,6370,7950,10830,9450,9340,10970,18250,20430,19290,22320,29740,7280,8540,10270,8830,7930,9190,26240,8340,19900
2019_09,15時,22060,31710,6280,7990,10550,9260,9250,10430,18620,20030,18030,22340,28910,7020,8580,10080,8770,7910,8880,26170,8080,19400
2019_09,16時,22000,30440,6430,7850,10100,9170,8900,9970,19560,19590,16260,22250,28880,7270,8620,10190,8760,7700,8580,27320,7940,18420
2019_09,17時,21750,29230,6310,7880,10000,8980,8580,9220,21400,18240,14420,22540,28200,7350,8810,10380,8640,7550,7970,29220,7650,16450
2019_09,18時,21370,28490,6470,7860,10030,8550,8260,8680,24980,13910,14020,23120,27270,7570,8770,10340,8710,7500,7480,31160,7200,14820
2019_09,19時,22210,27860,7220,8090,10020,8650,7920,8150,29610,10810,12740,23160,26530,7980,8410,10340,8480,7300,7160,33070,6560,12890
2019_09,20時,22370,26390,7070,8200,9890,8370,7330,7880,33260,8240,10360,22550,25210,7620,8140,10080,8250,6810,6840,34660,5760,10290
2019_09,21時,22290,25330,7480,7990,9790,8060,6950,7340,36300,6480,7990,22390,23770,7620,7720,9940,7970,6410,6490,36270,4820,8030
2019_09,22時,22220,24510,7560,7930,9730,7870,6670,6940,38370,5510,6060,21820,22400,7310,7330,9610,7520,6180,6250,37180,4170,5870
2019_09,23時,21230,23340,7000,7570,9370,7470,6470,6680,38800,4630,4340,20730,21800,6920,7140,9250,7280,5980,5940,37350,3840,4340
2019_09,24時,20710,22890,6890,7230,9290,7270,6220,6690,40290,3860,2600,20320,21630,6780,6940,9170,7140,5860,6030,38530,3520,2880
2019_09,25時,20900,23130,6980,7360,9400,7360,6240,6680,40860,3870,2540,20470,21800,6820,7070,9230,7170,5920,6050,38900,3520,2900
2019_09,26時,20600,22960,6750,7270,9290,7320,6210,6700,40780,3710,2280,20240,21730,6680,7000,9120,7190,5880,6090,38950,3420,2670
2019_09,27時,20500,22840,6720,7240,9230,7290,6160,6680,40780,3650,2120,20190,21580,6660,6940,9020,7150,5910,6070,38950,3400,2510
2019_09,28時,20400,22840,6760,7190,9180,7290,6130,6680,40740,3660,2060,20100,21580,6610,6940,9000,7130,5910,6060,38890,3390,2470
2019_10,5時,22110,23790,7460,7930,9600,7610,6460,6830,43140,3690,2110,20280,21030,6440,7270,8640,6940,6170,5830,37900,3150,2860
2019_10,6時,21840,23600,7220,7820,9520,7310,6720,6840,41490,4260,2760,20000,20960,6330,7230,8450,6790,6180,5960,37240,3470,2850
2019_10,7時,23580,23950,7380,8130,10120,7520,7120,7230,38160,7070,5440,20560,20780,6070,7200,8730,6820,6300,6190,36250,4190,3530
2019_10,8時,23800,25860,6720,7660,11260,8510,7590,7910,29540,15570,7980,21200,21760,6350,7390,9150,7030,6570,6450,34370,5200,5970
2019_10,9時,22360,27360,5540,7770,10610,8640,8000,9140,23450,18470,10830,21490,24110,6420,7990,9440,7550,6850,7340,32620,6480,9010
2019_10,10時,22010,29270,5840,7800,10580,8570,8370,10100,20440,19340,14200,21660,25730,6650,8260,9520,7740,7310,7890,30510,7160,12060
2019_10,11時,22060,30990,6000,7950,10740,8700,8740,10910,19160,19670,16860,21890,26580,6650,8160,9470,7760,7730,8670,28290,7490,14910
2019_10,12時,22310,31510,5870,8130,10750,8890,9000,11160,18810,19950,17820,22480,27130,6700,8410,9650,8040,7640,9140,27640,7690,16510
2019_10,13時,22500,31550,5890,8000,10730,8990,9040,11380,18750,19850,18200,22540,27680,6830,8460,9710,8100,7710,9370,26900,7620,17840
2019_10,14時,22330,31380,6260,7810,10620,8940,8830,11220,18650,19670,18100,22030,27610,6890,8400,9610,8020,7420,9270,26490,7600,17700
2019_10,15時,22170,30600,6120,7980,10430,8860,8610,10760,19100,19390,17010,21560,26910,6620,8270,9580,8070,7310,8600,26460,7390,16760
2019_10,16時,21830,29860,6190,7990,10200,8790,8320,10180,20060,18740,15630,21720,26660,6560,8510,9630,8170,7200,8300,27400,7070,16110
2019_10,17時,21510,28820,6310,8060,10180,8670,7930,9160,21890,17490,13770,22010,26630,7180,8420,9670,8100,7360,7890,28840,6950,15140
2019_10,18時,21380,27960,6190,7910,10330,8490,7870,8540,25660,13480,13080,22630,26290,7440,8520,9720,8120,7350,7750,30810,6490,14000
2019_10,19時,22500,27490,7130,8230,10170,8690,7660,8100,30520,10480,11870,22430,25070,7250,8520,9660,7970,6940,7140,32210,5760,11920
2019_10,20時,22840,26010,7400,8250,9810,8520,7230,7620,34110,7830,9810,21940,23870,7390,8270,9350,7700,6570,6530,33580,4880,9780
2019_10,21時,22940,24730,7560,8150,9580,8290,6810,7260,36800,6070,7720,21620,22660,7260,7760,9220,7490,6360,6160,34870,4280,7620
2019_10,22時,22660,23960,7540,7920,9690,7930,6530,6990,38780,4950,5860,21080,21590,7050,7400,9020,7130,6230,5820,35730,3820,5710
2019_10,23時,21940,23040,7240,7700,9380,7520,6400,6720,39290,4150,4470,20150,20750,6700,7120,8660,6810,5980,5620,35790,3300,4360
2019_10,24時,20930,21860,6930,7370,9110,7130,6030,6190,39600,3320,2620,20570,21380,6870,7340,8800,6920,6090,5920,38540,3060,2910
2019_10,25時,21060,22000,6880,7410,9250,7190,6050,6260,40120,3290,2420,20520,21530,6800,7380,8790,6960,6130,5980,38890,3040,2720
2019_10,26時,20820,21850,6750,7370,9120,7150,6020,6250,40100,3220,2120,20370,21480,6730,7380,8710,6960,6110,5960,39050,3020,2390
2019_10,27時,20780,21810,6710,7370,9020,7150,6040,6280,40170,3220,1980,20370,21290,6700,7310,8640,6940,6090,5960,38990,3010,2260
2019_10,28時,20740,21960,6830,7350,9050,7130,6030,6290,40200,3330,1960,20410,21360,6720,7320,8660,6950,6090,5990,39060,3060,2260
2019_11,5時,22090,23690,6450,7920,9620,7900,6900,6970,43730,3940,1870,21330,22470,6400,7750,8950,7310,6720,6640,40600,3630,2970
2019_11,6時,22170,23880,6550,7960,9600,7780,7150,6990,42370,4410,2940,21330,22540,6350,7850,8910,7170,6710,6870,39930,3790,3490
2019_11,7時,23960,24510,6810,8520,10370,7890,7560,7310,39110,7390,5760,21940,22730,6390,7740,9220,7330,6820,7140,39090,4530,4480
2019_11,8時,23520,27240,6430,8200,11190,8940,7940,8040,30680,15800,8370,22280,23870,6410,7840,9360,7640,7110,7760,37080,5760,6590
2019_11,9時,22110,28460,5340,8030,10560,8960,8360,9290,24130,18810,11270,22910,26540,6580,8480,9790,8100,7470,9020,34800,7250,10690
2019_11,10時,22050,30420,5600,8160,10650,8880,8910,10260,21280,19620,14810,23500,28380,6660,8650,10210,8360,8040,9940,32070,7990,14820
2019_11,11時,21860,32340,5780,8190,10840,8960,9250,11160,19870,19920,17540,24000,29860,7260,8550,10500,8510,8530,10490,30010,8220,18370
2019_11,12時,21960,32680,5540,8270,11000,9180,9250,11370,19360,19970,18370,23500,30390,7070,8460,10340,8870,8720,10410,28580,8300,19630
2019_11,13時,22190,32900,5670,8130,10900,9300,9490,11590,18970,19970,19150,23860,30520,7060,8640,10300,9060,8750,10550,27680,8230,20960
2019_11,14時,22100,32570,5780,7970,10960,9340,9530,11070,18760,19690,19130,23570,30030,6810,8650,10340,8920,8540,10330,27200,8230,20640
2019_11,15時,21820,31960,5930,8050,10600,9280,9220,10670,19260,19400,18060,23340,29270,6570,8730,10020,8840,8330,10110,27310,8170,19690
2019_11,16時,21790,30940,6240,8090,10350,9290,8790,9970,20410,19150,16150,23240,29010,6650,8880,10150,8760,8140,9660,28480,7940,18400
2019_11,17時,21560,29980,6250,8380,10130,9200,8350,9210,22590,17940,14180,23770,28970,6950,9170,10550,8850,8100,9090,30800,7670,17000
2019_11,18時,21480,28960,6130,8270,10230,8880,8320,8600,26350,13530,13730,24170,28450,7220,9070,10590,8850,8070,8800,32690,7170,15510
2019_11,19時,22740,28080,6650,8610,10190,8940,8210,8210,31020,10470,12540,23690,27550,7310,8970,10180,8590,7660,8510,34130,6390,13590
2019_11,20時,23130,26540,6910,8450,10110,8610,7700,7880,34650,7890,10370,23060,25850,7240,8550,9930,8170,7150,7840,35670,5420,10730
2019_11,21時,22960,25320,6960,8360,9800,8450,7270,7430,37450,6180,7970,22800,24090,7090,8000,9860,7880,6940,7100,37310,4630,8020
2019_11,22時,22750,24420,6960,8210,9850,8020,7030,7090,39600,5130,5820,22550,22940,6800,7820,9740,7590,6760,6760,38520,4150,5930
2019_11,23時,21640,23270,6350,7860,9370,7610,6790,6920,39950,4250,4090,21400,22070,6410,7540,9240,7270,6500,6490,38440,3680,4470
2019_11,24時,21070,22670,6330,7580,9200,7420,6610,6570,41110,3590,2420,20580,21850,6250,7370,9030,7200,6310,6260,39460,3400,2800
2019_11,25時,21270,22790,6350,7680,9230,7510,6630,6630,41560,3610,2300,20750,22030,6410,7470,9090,7230,6350,6220,39960,3480,2660
2019_11,26時,21080,22630,6160,7640,9160,7460,6640,6640,41560,3600,1990,20690,21910,6360,7440,9030,7190,6310,6250,40040,3430,2430
2019_11,27時,21030,22520,6190,7570,9050,7450,6620,6660,41630,3570,1780,20680,21910,6360,7420,8980,7210,6330,6280,40140,3420,2330
2019_11,28時,21000,22510,6180,7550,9020,7450,6610,6680,41650,3570,1730,20560,21940,6340,7400,8930,7200,6310,6300,40080,3440,2280
2019_12,5時,20600,22650,5460,7980,9110,7290,6390,7010,40520,3340,2260,20270,21640,5300,7910,8880,6930,6300,6560,38690,3270,2740
2019_12,6時,20630,22640,5410,7880,9140,7220,6510,7090,39340,3770,2920,20300,21480,5210,7890,8930,6770,6200,6770,38010,3310,3110
2019_12,7時,22270,23300,5710,8420,9620,7420,6840,7540,36750,6250,5400,20600,21680,5150,7780,9090,6970,6380,6890,37180,3800,3900
2019_12,8時,22860,25750,5810,8340,10610,8300,7510,8020,30010,13780,7980,21290,23140,5740,8160,9340,7290,6480,7390,35500,5150,6300
2019_12,9時,22350,27180,5010,8030,10590,8500,8190,9200,24780,16840,10770,21440,25590,5640,8570,9830,7670,7010,8280,33280,6580,9560
2019_12,10時,22060,28870,4950,8030,10530,8590,8740,10060,21930,17550,13850,21950,27400,5790,8810,10070,7790,7680,9200,30610,7320,13620
2019_12,11時,22200,30920,5220,8140,10880,8690,9070,11110,20690,18010,16780,22620,29400,6150,9130,10360,8270,8140,9950,28660,7660,17750
2019_12,12時,22500,31680,5160,8180,11000,8930,9320,11580,20270,18150,18120,22870,29770,6060,9160,10500,8530,8130,10250,27300,7850,19520
2019_12,13時,22630,31560,5140,8080,11010,9040,9370,11520,19800,18080,18610,23290,30250,6050,9260,10570,8700,8170,10770,26720,7870,20950
2019_12,14時,22830,31110,5250,8170,11070,8950,9190,11300,19790,17900,18500,23660,29770,6170,9250,10670,8700,8050,10570,26440,7740,21180
2019_12,15時,22430,30860,5330,8280,10900,8860,8990,10910,20130,17630,17830,23220,29470,6190,9240,10460,8770,7950,10070,26470,7670,20490
2019_12,16時,22490,29850,5700,8390,10680,8720,8710,10120,21070,17250,16400,23360,28750,6560,9170,10300,8860,7690,9510,27430,7430,19300
2019_12,17時,22140,28910,5870,8440,10450,8680,8330,9270,22750,15950,14850,23730,28280,6590,9410,10410,8940,7580,9070,28900,7020,18130
2019_12,18時,22520,28310,6160,8770,10530,8610,8050,8690,26160,12370,14830,23980,28080,6630,9300,10620,9080,7620,8790,30390,6610,17140
2019_12,19時,22980,27580,6360,9080,10410,8570,7790,8320,29680,9510,13860,23790,26890,6470,9120,10640,8770,7330,8330,31680,5920,15260
2019_12,20時,22690,26320,6430,8960,10200,8280,7230,7890,32520,7290,11740,23490,25760,6790,8920,10520,8370,6940,7700,33170,5150,13190
2019_12,21時,22370,24630,6340,8530,9760,8030,6740,7590,34790,5500,9280,22820,24060,6590,8560,10130,7840,6510,7230,34560,4220,10420
2019_12,22時,21880,23560,6130,8310,9620,7630,6540,7200,36860,4470,6720,22020,22700,5990,8290,9920,7470,6230,6790,35790,3600,7710
2019_12,23時,20620,22550,5590,7960,9130,7210,6320,6920,37330,3710,4750,20630,21420,5350,7820,9420,7040,5940,6480,35900,3140,5450
2019_12,24時,19910,21570,5210,7650,8850,6980,6100,6670,38240,3050,2830,19970,21060,5210,7640,8940,6800,5810,6610,37340,2770,3380
2019_12,25時,20150,21690,5280,7800,8920,7020,6120,6680,38790,3030,2680,19980,21210,5240,7680,8950,6830,5850,6620,37800,2760,3140
2019_12,26時,19850,21600,5170,7730,8810,6960,6110,6650,38750,2970,2390,19650,21010,5080,7550,8810,6790,5840,6570,37800,2720,2660
2019_12,27時,19740,21510,5140,7680,8740,6920,6120,6650,38720,2930,2260,19670,20930,5100,7530,8740,6770,5830,6610,37850,2730,2560
2019_12,28時,19690,21650,5260,7660,8690,6920,6120,6680,38740,3040,2210,19610,20890,5080,7510,8650,6730,5880,6630,37800,2770,2480
2020_01,5時,20950,22140,5590,8310,8730,7230,6360,6850,40230,2660,2440,20030,20700,5760,7750,7880,6900,6140,6280,36880,2460,3490
2020_01,6時,20910,22070,5510,8370,8670,7070,6490,6850,39140,3150,2910,19610,20280,5500,7520,7780,6660,6110,6300,35730,2620,3560
2020_01,7時,22400,22680,5630,8550,9200,7510,6740,7440,36590,5740,5030,20320,20480,5580,7580,8010,6880,6200,6530,35260,3220,4330
2020_01,8時,23590,25700,6370,8390,10430,8670,7330,8070,29820,14280,7800,20980,21550,5940,7780,8530,7220,6280,6770,33850,4530,6150
2020_01,9時,22980,27110,5770,7960,10300,8780,7900,9350,24110,17100,11030,21550,23760,5990,8260,8930,7730,6810,7590,32080,5820,9400
2020_01,10時,22890,29100,5850,8070,10520,8720,8510,10310,21550,18090,14310,21740,25530,6010,8320,9110,7880,7470,8450,29600,6550,12920
2020_01,11時,22890,30670,5890,8050,10770,8860,8810,11160,20030,18450,16980,22260,27200,5990,8660,9400,8190,7880,9320,27690,6940,16600
2020_01,12時,23070,31040,5790,8070,10840,9020,8950,11420,19320,18640,18060,22540,28090,6020,8860,9350,8480,8100,9800,26620,7050,18680
2020_01,13時,23090,31310,5780,7970,10860,9180,9100,11490,18900,18680,18750,22620,28330,6250,8640,9470,8440,8100,10030,26000,7060,19570
2020_01,14時,23140,30980,5800,7850,10890,9080,8980,11500,18690,18510,18820,22700,28120,6330,8550,9660,8260,7950,10050,25490,7000,19940
2020_01,15時,22810,30420,5890,7940,10670,8940,8710,11060,19140,18340,17670,22310,27400,6400,8420,9460,8280,7810,9340,25670,6940,18740
2020_01,16時,22720,29260,6250,7920,10310,8780,8360,10340,20280,17860,15770,22180,26660,6250,8350,9360,8200,7570,9100,26770,6630,17040
2020_01,17時,22390,27650,6410,7840,9920,8620,7930,9310,22180,16370,13520,22290,26050,6690,8410,9220,8180,7290,8540,27990,6410,15570
2020_01,18時,22160,26410,6300,8000,9740,8280,7660,8580,25530,12210,12930,22530,25680,6930,8630,9270,7960,7230,8190,29710,6070,14230
2020_01,19時,22590,25290,6240,8490,9470,8170,7290,8190,29320,9150,11480,22280,24620,6640,8720,9050,7750,6960,7750,31060,5330,12320
2020_01,20時,22640,24500,6470,8580,9450,8060,6800,7750,32740,6880,9660,21710,23690,6850,8430,8840,7440,6580,7250,32550,4580,10100
2020_01,21時,22420,23370,6470,8400,9270,7840,6430,7350,35470,5030,7440,21440,22230,6570,8030,8690,7230,6270,6870,33800,3740,8010
2020_01,22時,21800,22560,6140,8310,9120,7480,6280,7020,37040,3900,5590,20820,21250,6010,7950,8470,6960,6080,6570,34740,3010,6280
2020_01,23時,20850,21780,5700,8100,8730,7050,6150,6880,37480,3090,4210,19830,20390,5410,7680,8120,6710,5930,6360,34800,2470,4890
2020_01,24時,20190,21270,5530,7980,8510,6930,5960,6530,38480,2420,2670,19260,20350,5400,7540,7840,6640,5860,6320,36120,2140,3240
2020_01,25時,20310,21410,5550,8090,8570,6960,5960,6580,38880,2400,2560,19440,20560,5480,7660,7920,6690,5860,6370,36490,2170,3240
2020_01,26時,20090,21210,5380,8050,8430,6910,5940,6570,38760,2380,2300,19320,20390,5410,7590,7860,6650,5810,6380,36380,2150,3090
2020_01,27時,20020,21150,5350,8030,8370,6880,5940,6580,38780,2360,2160,19280,20310,5370,7550,7810,6650,5820,6380,36380,2170,2990
2020_01,28時,19990,21230,5380,8020,8360,6870,5940,6620,38770,2430,2160,19290,20360,5430,7490,7810,6640,5860,6400,36440,2220,2930
2020_02,5時,21600,22350,5500,8690,9310,7370,6310,6750,41190,2850,2310,20430,20340,5310,8000,8620,6790,5790,6240,37690,2650,2720
2020_02,6時,21600,22040,5450,8590,9190,7130,6470,6790,39830,3410,2860,20210,20300,5280,7920,8660,6670,5780,6180,36930,2860,2970
2020_02,7時,23100,22620,5680,8750,9690,7370,6920,7300,36920,6380,4910,20830,20580,5210,8070,8840,6760,6040,6460,36280,3530,3820
2020_02,8時,24510,25720,6220,8670,11140,8690,7570,7930,29670,16190,7210,21990,21630,5790,8240,9250,7080,6340,6900,34900,5040,5820
2020_02,9時,23780,27130,5770,8320,11000,8760,8020,9030,23400,19210,10630,22470,23980,5770,8650,9840,7610,6900,7650,32370,6380,9810
2020_02,10時,23550,28920,5840,8280,11170,8730,8500,9940,20340,20190,14050,22570,26220,5840,8770,10290,7800,7500,8570,30080,7100,13560
2020_02,11時,23560,30300,5860,8330,11380,8790,8760,10710,19240,20310,16310,22970,27680,5960,8780,10680,8100,7810,9300,28370,7360,16820
2020_02,12時,23910,30480,5840,8240,11610,8920,8860,10890,18760,20670,17030,23200,27920,6110,8720,10670,8260,7980,9360,27030,7470,18410
2020_02,13時,24000,30620,5780,8170,11640,9030,8910,11070,18430,20630,17600,23470,28360,6040,8780,10700,8380,8090,9820,26170,7500,19970
2020_02,14時,23970,30340,5840,8190,11470,9030,8760,11010,18350,20200,17810,23410,28200,6200,8640,10620,8390,8030,9710,25600,7370,20390
2020_02,15時,23770,29700,6020,8070,11350,8870,8500,10640,18750,19860,16870,23210,28150,6540,8690,10560,8180,7840,9550,25860,7210,20000
2020_02,16時,23540,29040,6400,8140,10930,8870,8240,9970,19950,19510,15180,23100,27670,6820,8810,10490,8130,7690,8800,26880,6930,18690
2020_02,17時,23170,27750,6600,8170,10600,8700,7930,8910,21820,17750,13500,23280,26940,7100,9090,10360,8230,7460,7960,28710,6640,16690
2020_02,18時,22620,26490,6500,8220,10340,8220,7610,8190,25420,13130,12780,23460,25940,7140,9150,10270,8190,7120,7500,30430,6120,14770
2020_02,19時,23350,25740,6670,8730,10250,8300,7290,7830,29510,9810,11990,23070,24580,6900,9110,9980,7880,6730,7030,31700,5330,12560
2020_02,20時,23450,24710,6840,9010,10110,8130,6780,7270,32970,7380,10060,22530,23620,6890,8820,9790,7600,6300,6730,33240,4480,10420
2020_02,21時,23100,23580,6760,8790,9920,7870,6400,6930,35580,5510,7850,22110,22170,6590,8420,9540,7320,6010,6370,34530,3720,8090
2020_02,22時,22570,22800,6450,8700,9830,7520,6200,6650,37290,4320,6060,21290,20970,5970,8200,9270,6970,5800,6040,35240,3160,5940
2020_02,23時,21490,22000,5910,8490,9380,7160,6070,6460,37800,3470,4470,20480,20220,5560,8030,8840,6710,5670,5890,35450,2780,4570
2020_02,24時,19570,20040,5120,7860,8400,6580,5580,6050,36750,2420,2510,21130,21370,5610,8360,9040,7110,6020,6360,39170,2550,3030
2020_02,25時,19770,20110,5130,7970,8500,6620,5580,6070,37150,2430,2390,21310,21500,5630,8440,9130,7160,6050,6380,39530,2550,2980
2020_02,26時,19570,19960,5020,7900,8440,6570,5550,6020,37100,2400,2140,21210,21410,5510,8410,9120,7160,6000,6390,39590,2510,2770
2020_02,27時,19430,19950,4950,7840,8390,6560,5540,6080,37060,2400,2030,21210,21350,5490,8360,9080,7180,6020,6410,39730,2520,2590
2020_02,28時,19410,20000,5000,7820,8380,6540,5530,6130,37080,2480,1970,21270,21460,5530,8420,9060,7190,6040,6490,39860,2540,2620
2020_03,5時,21020,21060,5170,7990,8700,7330,6330,6540,39810,2370,1870,19080,18810,4930,7230,7860,6660,5530,5650,35160,2160,2400
2020_03,6時,21120,21160,5150,8120,8780,7040,6510,6650,38810,2890,2500,18960,18810,4850,7280,7870,6560,5610,5590,34650,2370,2560
2020_03,7時,22490,21540,5370,8190,9150,7360,6770,7180,36130,6130,3800,19640,19250,5020,7290,8070,6640,5850,5990,34580,3030,3060
2020_03,8時,24200,24480,6090,8390,10550,8530,7420,7690,30170,14570,6220,20490,20240,5340,7680,8390,6910,6110,6290,33790,4310,4450
2020_03,9時,23610,25260,5450,8200,10620,8530,7680,8370,24350,17820,8610,20990,21830,5220,8170,8860,7270,6360,6920,31830,5620,7120
2020_03,10時,23060,26910,5370,8120,10780,8480,8110,9100,21640,18780,11280,20910,23460,5440,8280,9220,7440,6620,7360,29970,6370,9660
2020_03,11時,22880,27850,5610,8210,10710,8550,8220,9420,20470,18990,12940,21080,24470,5660,8360,9430,7640,6890,7550,28340,6660,12110
2020_03,12時,22860,27670,5570,8110,10650,8590,8150,9450,19910,19180,13100,21230,24630,5800,8420,9350,7860,6990,7420,27540,6860,13040
2020_03,13時,22890,27570,5650,8010,10620,8680,8090,9390,19630,19240,13270,21030,24710,5760,8460,9300,7870,6910,7420,27010,6910,13390
2020_03,14時,22840,27310,5690,7950,10620,8660,7970,9250,19460,19010,13380,20960,24660,5820,8360,9220,7830,6930,7430,26630,6830,13670
2020_03,15時,22830,26770,5750,7890,10460,8470,7850,9150,19710,18780,12840,21020,24140,5850,8320,9120,7870,6830,7170,26940,6780,13040
2020_03,16時,22700,26410,5940,7960,10370,8410,7680,8730,20700,18470,11700,21380,24110,6220,8300,9150,7980,6690,7120,28090,6610,12390
2020_03,17時,22710,25550,6110,8060,10190,8260,7460,8160,22470,16830,10670,21590,23500,6210,8290,9210,7880,6550,6930,28930,6240,11510
2020_03,18時,22480,24570,6380,8200,9650,7980,7210,7610,26400,12490,9980,21880,23120,6370,8440,9170,7730,6460,6810,30550,5690,10410
2020_03,19時,22760,23770,6390,8520,9550,7870,6900,7280,30210,9200,8990,21470,22020,6240,8180,8880,7390,6190,6590,31390,4870,8840
2020_03,20時,22670,22640,6310,8360,9350,7780,6560,6930,33300,6610,7260,21330,21330,6240,8060,8780,7290,5980,6280,32880,4070,7370
2020_03,21時,22570,21870,5980,8280,9260,7630,6460,6800,35500,4870,5940,20990,20180,5890,7840,8610,7060,5790,5960,33820,3200,5850
2020_03,22時,22160,21490,5780,8270,9110,7460,6330,6680,36900,3850,4780,20320,19580,5620,7630,8380,6790,5660,5810,34410,2660,4520
2020_03,23時,21110,20890,5450,7940,8680,7210,6190,6510,37240,2970,3630,19570,18880,5120,7440,8080,6570,5520,5700,34350,2290,3490
2020_03,24時,20250,20200,4990,7760,8370,7040,5960,6300,37820,2250,2210,19580,18970,5110,7360,7900,6670,5650,5850,35880,1980,2390
2020_03,25時,20380,20310,5030,7820,8470,7090,5960,6310,38230,2230,2090,19600,19060,5100,7400,7990,6680,5640,5840,36090,1990,2290
2020_03,26時,20190,20180,4940,7800,8380,7010,5920,6310,38210,2180,1820,19440,18950,4970,7380,7910,6650,5620,5830,36080,1990,2040
2020_03,27時,20140,20150,4890,7770,8370,6980,5940,6320,38220,2190,1740,19320,18950,4930,7340,7910,6640,5610,5820,36040,2010,1950
2020_03,28時,20090,20170,4930,7740,8330,6980,5930,6330,38140,2170,1790,19310,19010,4950,7340,7900,6630,5630,5860,36040,2010,1980
2020_04,5時,19650,18970,5270,6760,8080,7070,5660,5760,36830,2340,1480,18430,17110,4910,6540,7490,6320,5030,5230,33710,2080,1620
2020_04,6時,19470,18840,5100,6780,8020,6900,5720,5760,35550,2780,1980,18180,16900,4890,6400,7330,6260,5080,5110,32950,2100,1820
2020_04,7時,21090,19330,5420,6990,8350,7280,6130,6230,33640,5650,3200,18530,17060,4900,6360,7390,6310,5220,5400,32550,2510,2370
2020_04,8時,22450,21080,5740,7110,9230,8170,6800,6460,29470,10280,5940,19230,17710,5120,6420,7800,6650,5350,5590,31990,3440,3330
2020_04,9時,22200,21780,5510,6970,9330,8180,7090,6870,25730,12030,8140,18900,18260,4880,6430,7940,6740,5400,5760,30530,4000,4390
2020_04,10時,21720,22410,5390,7020,9350,8100,7190,7060,23970,12330,9580,18660,18610,5000,6350,7900,6680,5430,5900,29330,4230,5440
2020_04,11時,21630,22530,5600,7020,9350,8030,7180,6960,23380,12520,9960,18440,18510,4900,6240,7870,6730,5350,5820,28570,4170,5860
2020_04,12時,21730,22790,5740,7100,9520,8120,7210,6820,23580,12720,9990,18250,18470,4920,6260,7770,6810,5410,5540,28410,4190,5820
2020_04,13時,21630,22610,5770,7020,9380,8130,7100,6820,23410,12730,9860,18330,18440,4980,6230,7700,6910,5390,5540,28570,4220,5640
2020_04,14時,21460,22130,5640,7000,9190,8050,6890,6800,23090,12560,9690,18190,17940,4810,6260,7610,6760,5230,5430,28110,4150,5530
2020_04,15時,21300,21920,5660,6980,9060,7960,6790,6740,23340,12390,9210,17970,17780,4760,6100,7550,6690,5190,5430,27920,4070,5410
2020_04,16時,21290,21930,5930,7020,9050,7870,6690,6640,24160,12180,8730,18040,17630,4760,6190,7440,6630,5130,5510,28350,3900,5070
2020_04,17時,21310,21430,6000,7010,8870,7830,6580,6440,25680,11080,7870,18260,17720,4780,6310,7500,6620,5210,5550,29150,3760,4790
2020_04,18時,20830,20620,6080,6970,8440,7550,6120,6270,28780,8280,6360,18290,17370,4720,6270,7480,6510,5150,5520,30130,3310,3980
2020_04,19時,20490,19910,5860,6890,8290,7350,5890,6090,31450,5980,4950,18390,17210,4790,6360,7540,6400,5130,5370,31130,2940,3300
2020_04,20時,20130,19350,5770,6740,8160,7190,5690,5910,33340,4410,3710,18140,17030,4760,6290,7510,6370,5060,5180,31790,2600,2550
2020_04,21時,20120,19010,5670,6780,8110,7040,5640,5870,34670,3500,2950,18130,16790,4780,6350,7390,6260,5000,5120,32160,2300,2240
2020_04,22時,19780,18930,5540,6770,8090,6930,5560,5790,35310,2870,2520,18070,16600,4720,6350,7370,6240,4940,5020,32380,2090,1960
2020_04,23時,19200,18620,5330,6590,7910,6780,5490,5700,35230,2480,2070,17670,16340,4570,6220,7280,6150,4910,4880,32130,1980,1640
2020_04,24時,18750,18040,5080,6520,7750,6560,5330,5530,34980,2150,1560,18000,16720,4990,6250,7300,6320,4830,5000,33140,1970,1390
2020_04,25時,18830,18080,5100,6560,7760,6590,5340,5540,35190,2140,1480,18080,16800,5040,6330,7290,6330,4850,5010,33330,1960,1370
2020_04,26時,18710,18010,5040,6520,7740,6550,5310,5530,35150,2120,1370,18010,16800,5020,6300,7280,6310,4860,5040,33330,1950,1310
2020_04,27時,18660,18000,4990,6500,7740,6550,5310,5550,35160,2110,1300,18010,16820,4990,6300,7260,6330,4860,5060,33390,1960,1270
2020_04,28時,18630,17980,4970,6490,7700,6560,5330,5550,35110,2130,1300,18000,16800,4980,6310,7260,6340,4870,5040,33340,1970,1290
2020_05,5時,19800,19110,5670,7020,8180,6780,5760,5500,37410,2130,1210,18790,17280,5370,6640,7590,6320,5180,4950,34550,1840,1290
2020_05,6時,19810,18840,5500,7000,8100,6610,5850,5580,36170,2520,1750,18510,17380,5240,6630,7540,6280,5220,4960,34010,1910,1540
2020_05,7時,21020,19570,5730,7100,8470,6980,6270,6010,34260,5130,3130,18830,17640,5330,6620,7580,6340,5420,5160,33740,2330,2080
2020_05,8時,21910,20770,5620,7110,9040,7860,6860,6160,29920,9250,5500,19060,18300,5470,6710,7830,6520,5530,5280,32770,3160,3040
2020_05,9時,21720,21700,5450,7130,9220,7980,7070,6560,26450,10920,7810,19150,18990,5270,6860,8130,6750,5650,5450,31550,3710,4440
2020_05,10時,21470,22330,5360,7300,9150,7920,7230,6810,24710,11270,9390,19360,19500,5340,6910,8250,6850,5740,5740,30750,3900,5720
2020_05,11時,21160,22410,5310,7160,9150,7990,7280,6670,24100,11320,9690,19150,19460,5250,6740,8150,6930,5780,5740,29740,3930,6420
2020_05,12時,21190,22370,5330,7180,9210,8050,7160,6620,24190,11670,9320,19140,19500,5270,6890,8160,6990,5720,5600,29680,3940,6500
2020_05,13時,21110,21920,5270,7210,9050,7960,6970,6540,23920,11640,9030,18840,19250,5250,6700,8050,7000,5610,5460,29240,3880,6380
2020_05,14時,20950,21870,5350,7140,8940,7920,6880,6560,23760,11430,9140,18540,18770,5030,6570,7970,6810,5520,5410,28570,3790,6370
2020_05,15時,20780,21430,5350,7080,8740,7810,6780,6430,23820,11250,8660,18470,18650,5090,6540,7880,6720,5470,5400,28670,3720,6150
2020_05,16時,20710,21390,5490,6980,8850,7760,6700,6310,24520,10990,8160,18570,18620,5190,6570,7870,6710,5410,5420,29190,3680,5800
2020_05,17時,20890,20900,5650,7080,8710,7670,6560,6100,26090,10030,7310,18810,18410,5020,6650,7910,6700,5470,5450,30000,3390,5300
2020_05,18時,20400,20270,6010,7100,8350,7320,6070,5800,29090,7550,5680,18870,18180,5050,6730,7880,6620,5390,5370,31000,3080,4510
2020_05,19時,20310,19810,6100,7120,8170,7120,5940,5650,31860,5530,4430,18880,17830,5080,6750,7880,6530,5300,5150,31900,2680,3660
2020_05,20時,20120,19300,5890,7020,8130,6940,5810,5610,33650,3980,3480,18800,17680,5260,6730,7750,6440,5230,5050,32830,2380,2820
2020_05,21時,20070,18980,5830,7070,8040,6810,5740,5540,34930,3000,2820,18720,17470,5330,6630,7740,6340,5180,4960,33400,2050,2290
2020_05,22時,19860,18750,5680,7010,8020,6730,5690,5470,35610,2420,2270,18640,17340,5300,6640,7730,6270,5150,4870,33710,1910,1930
2020_05,23時,19470,18540,5640,6900,7870,6620,5600,5360,35660,2180,1870,18350,17080,5220,6550,7570,6160,5110,4810,33530,1790,1660
2020_05,24時,19120,18080,5560,6820,7740,6420,5430,5210,35610,1880,1360,18520,17140,5350,6510,7550,6170,5040,5010,34160,1710,1320
2020_05,25時,19170,18150,5570,6840,7740,6450,5460,5230,35780,1890,1320,18600,17290,5410,6550,7580,6210,5080,5040,34400,1730,1290
2020_05,26時,18990,18100,5510,6790,7710,6400,5460,5210,35710,1880,1160,18500,17220,5370,6500,7570,6180,5060,5030,34380,1740,1160
2020_05,27時,18950,18110,5470,6760,7720,6400,5480,5210,35710,1880,1130,18440,17230,5340,6490,7540,6170,5070,5040,34350,1730,1130
2020_05,28時,18970,18080,5460,6790,7690,6420,5470,5200,35690,1900,1140,18460,17210,5340,6480,7490,6190,5110,5050,34360,1730,1130
2020_06,5時,20580,20700,5860,7770,8390,7260,6050,5920,39410,2720,1500,19760,18990,5620,7590,7950,6780,5580,5210,36520,2610,1790
2020_06,6時,20260,20720,5850,7620,8340,7020,6140,5990,37970,3360,2050,19490,18930,5500,7380,7820,6740,5620,5340,35770,2730,2070
2020_06,7時,21620,21350,6080,7760,8830,7290,6600,6400,35200,6720,3480,19950,19410,5760,7470,7970,6730,5780,5640,35410,3220,2920
2020_06,8時,22940,24310,6740,7970,9900,8450,7380,6790,29930,13970,5950,20550,20350,6030,7740,8350,7080,5990,5680,34160,4600,4290
2020_06,9時,22870,25600,6270,8030,10130,8560,7990,7480,25090,16960,8620,21030,22040,6230,8030,8770,7520,6390,6120,32410,6030,6670
2020_06,10時,22810,27040,6170,8090,10290,8690,8450,8130,22780,17480,11560,21430,23970,6230,8220,9260,7730,7100,6840,30470,6600,10280
2020_06,11時,23050,28120,6310,8210,10410,8780,8750,8690,22040,17870,13220,22010,25220,6430,8480,9590,8040,7320,7350,29310,6780,13060
2020_06,12時,23190,28430,6360,8240,10490,8830,8880,8810,22010,18110,13510,22270,25570,6420,8560,9790,8220,7450,7370,28940,6770,13970
2020_06,13時,23030,28260,6320,8150,10430,8870,8830,8680,21560,18100,13600,21820,25280,6420,8440,9560,8140,7350,7160,28200,6790,13890
2020_06,14時,22910,27970,6230,8180,10410,8820,8710,8510,21450,17920,13460,21820,25220,6650,8530,9510,8140,7250,6950,27980,6740,14090
2020_06,15時,22900,27320,6310,8250,10330,8770,8430,8110,21700,17830,12670,21750,24850,6880,8330,9530,8070,7110,6670,27790,6750,13920
2020_06,16時,22790,26490,6480,8180,10180,8690,8160,7580,22570,17510,11280,21540,24450,6720,8510,9520,7860,6800,6540,28340,6620,12950
2020_06,17時,22520,25580,6560,8200,9890,8600,7670,7170,24100,16120,10060,21500,24160,6760,8460,9510,7760,6720,6440,29620,6380,11660
2020_06,18時,22110,24320,6760,8180,9380,8140,7190,6760,27660,11860,9120,21600,23040,6570,8260,9370,7770,6610,6050,30700,5830,10180
2020_06,19時,21990,23150,6510,8190,9140,7950,6860,6470,31090,8470,7820,21290,22140,6460,8250,9030,7550,6230,5890,32000,5000,8500
2020_06,20時,21680,21940,6330,7960,9030,7660,6450,6170,33880,5880,6100,20740,20880,6270,7900,8660,7300,5920,5550,33030,4160,6550
2020_06,21時,21320,20960,5990,7910,8800,7400,6160,6010,35610,4280,4620,20430,19780,6040,7620,8450,7010,5650,5420,33960,3380,4970
2020_06,22時,21050,20640,6040,7790,8610,7300,6040,5890,36920,3480,3560,20000,19240,5720,7510,8310,6920,5530,5230,34680,2890,3810
2020_06,23時,20400,20230,5830,7600,8330,7130,5950,5770,37190,2950,2750,19230,18740,5480,7200,8000,6690,5450,5120,34620,2600,2910
2020_06,24時,19780,19680,5660,7510,8070,6820,5700,5680,37440,2470,1760,19230,18470,5480,7120,7810,6660,5470,5140,35690,2370,1790
2020_06,25時,19900,19790,5680,7580,8100,6870,5740,5690,37760,2470,1700,19460,18630,5590,7180,7850,6740,5520,5190,36150,2360,1740
2020_06,26時,19720,19750,5640,7530,8060,6820,5740,5660,37760,2450,1510,19350,18520,5500,7150,7860,6710,5480,5160,36080,2310,1610
2020_06,27時,19640,19740,5600,7520,8020,6810,5750,5660,37730,2450,1440,19330,18530,5510,7140,7820,6690,5510,5190,36140,2310,1550
2020_06,28時,19600,19800,5650,7510,7990,6810,5740,5690,37720,2530,1400,19230,18580,5520,7120,7780,6690,5490,5180,36120,2360,1470
2020_07,5時,20460,20700,5620,7940,8790,7010,6010,5770,39250,2860,1500,19220,18820,5480,7560,8040,6510,5530,4900,35760,2440,1960
2020_07,6時,20240,20750,5590,7790,8780,6850,6120,5860,37940,3450,2010,18960,18900,5320,7530,7970,6520,5540,4970,35210,2670,2090
2020_07,7時,21630,21580,5840,7910,9250,7170,6720,6290,35220,7160,3380,19360,19110,5420,7490,8070,6660,5660,5150,34610,3260,2750
2020_07,8時,22750,25020,6790,8200,10260,8220,7630,6640,29780,15130,5620,19870,20180,5780,7680,8400,6910,5890,5390,33480,4550,4210
2020_07,9時,22860,26800,6590,8240,10330,8460,8390,7640,25020,18350,8750,20330,21830,5770,7940,8970,7270,6290,5900,31510,5930,6810
2020_07,10時,22690,28330,6520,8330,10510,8650,8730,8260,22730,19080,11470,21000,23870,6030,8310,9560,7640,6830,6480,29790,6640,10410
2020_07,11時,22690,29420,6490,8460,10620,8760,9200,8560,21870,19390,13070,21450,25120,6030,8550,9940,7890,7210,6930,28620,6940,12890
2020_07,12時,22810,29650,6530,8490,10690,8790,9210,8740,21460,19620,13580,21420,25650,6210,8550,9880,8100,7380,6930,27790,7140,13970
2020_07,13時,22780,29320,6490,8440,10620,8760,9070,8700,21240,19560,13450,21340,25440,6230,8550,9910,8100,7170,6800,27280,7160,14190
2020_07,14時,22750,28950,6560,8470,10590,8750,8750,8560,21200,19340,13320,21460,25210,6250,8680,9700,8000,7130,6890,27020,7020,14430
2020_07,15時,22620,28250,6610,8380,10490,8710,8470,8180,21450,19110,12490,20960,24950,6240,8430,9660,7850,6840,6850,27020,6930,13740
2020_07,16時,22590,27540,6760,8430,10370,8610,8250,7690,22470,18670,11210,21130,24300,6400,8430,9720,7620,6580,6670,27580,6780,12880
2020_07,17時,22510,26390,6690,8530,10240,8440,7730,7250,24040,17110,10010,21190,23650,6330,8380,9680,7650,6500,6290,28770,6340,11560
2020_07,18時,21720,24760,6710,8320,9730,7960,6970,6770,27200,12240,9330,21350,22800,6290,8540,9500,7480,6300,6020,30040,5790,10230
2020_07,19時,22040,23700,6660,8460,9650,7840,6640,6480,30790,8890,8340,21040,22000,6320,8430,9250,7290,5940,5790,31270,5080,8650
2020_07,20時,21830,22560,6460,8350,9590,7540,6260,6180,33350,6420,6930,20660,21020,6180,8180,9060,7060,5690,5480,32460,4180,7030
2020_07,21時,21630,21420,6200,8140,9310,7300,6070,6010,35310,4550,5490,20400,20090,6180,7860,8830,6770,5550,5280,33420,3320,5760
2020_07,22時,21290,20910,6070,8000,9110,7200,5950,5850,36650,3690,4170,19960,19360,5830,7700,8560,6640,5500,5060,34170,2770,4400
2020_07,23時,20420,20340,5650,7740,8800,6990,5810,5750,36880,3100,3070,19190,18730,5390,7550,8200,6450,5360,4950,34210,2450,3300
2020_07,24時,19600,19590,5430,7620,8390,6650,5630,5450,37100,2600,1780,18960,18490,5350,7300,8050,6400,5320,5010,35210,2260,2050
2020_07,25時,19700,19700,5500,7680,8420,6680,5640,5460,37410,2600,1700,19040,18600,5390,7370,8090,6420,5330,5020,35450,2260,2010
2020_07,26時,19500,19620,5410,7600,8360,6640,5650,5440,37360,2550,1510,18980,18460,5360,7310,8050,6390,5300,5000,35420,2230,1870
2020_07,27時,19360,19550,5300,7560,8330,6620,5650,5420,37290,2530,1390,18850,18480,5330,7290,8020,6380,5300,4980,35440,2220,1750
2020_07,28時,19330,19610,5340,7560,8320,6600,5670,5430,37240,2610,1400,18860,18510,5360,7310,8010,6360,5330,4990,35480,2280,1710
2020_08,5時,20240,22140,5860,8270,8550,7330,6000,6360,40260,3180,1680,19110,20630,5660,7830,8040,6880,5570,5730,37490,2840,1920
2020_08,6時,19890,22200,5750,8250,8480,7060,6120,6420,38970,3770,2070,18840,20670,5520,7860,7980,6740,5510,5880,36800,3060,2140
2020_08,7時,21300,22790,5980,8410,8860,7360,6600,6860,36650,6800,3470,19090,20710,5450,7800,7960,6780,5700,6100,36010,3650,2710
2020_08,8時,22650,25920,7140,8710,9790,8330,7390,7190,32000,13810,5840,19660,21740,5780,8030,8460,7030,5900,6180,34840,4690,4310
2020_08,9時,22880,27470,6890,8830,9900,8470,8110,8130,27830,16500,8770,20080,23280,5890,8400,8920,7280,6250,6610,33080,6020,6670
2020_08,10時,23050,28790,6860,9000,10020,8660,8530,8740,25600,17110,11640,20730,25080,6220,8660,9340,7490,6810,7270,31460,6770,9850
2020_08,11時,22960,29830,6900,8970,10090,8760,8920,9130,24580,17320,13320,21150,25770,6240,8610,9560,7780,7230,7500,29840,6970,12220
2020_08,12時,23320,30000,6980,9050,10150,8930,9030,9170,24440,17500,13830,21320,26430,6320,8900,9630,7900,7420,7570,29450,7040,13340
2020_08,13時,23350,29660,7000,8970,10210,8880,8870,9060,24180,17370,13830,21230,26290,6510,8880,9490,7940,7300,7380,28940,7060,13600
2020_08,14時,23350,29490,7080,8980,10280,8850,8800,8820,24100,17170,13930,21270,26360,6670,8960,9500,7970,7120,7390,28810,6910,14000
2020_08,15時,23100,28960,6970,8910,10220,8750,8590,8600,24320,16960,13160,21150,25760,6640,8790,9530,7860,6950,7130,28780,6640,13500
2020_08,16時,22800,28450,7050,8900,10100,8700,8300,8190,25160,16570,11950,21190,25630,6820,8800,9490,7720,6800,7180,29510,6530,12840
2020_08,17時,22430,27800,7030,9030,9930,8620,7740,7860,26780,15160,10810,21090,24960,6710,8690,9410,7640,6670,6920,30310,6230,11640
2020_08,18時,21930,26190,7060,8830,9680,8150,7060,7320,29580,11090,9990,21200,24220,6720,8660,9370,7610,6420,6620,31410,5840,10360
2020_08,19時,21920,24980,6920,8780,9470,8020,6680,7010,32710,8040,8710,20880,23380,6540,8690,9140,7410,6090,6380,32730,5180,8560
2020_08,20時,21640,24090,6750,8690,9340,7830,6420,6690,34980,6140,7200,20580,22550,6460,8480,8990,7300,5810,6070,33910,4450,7050
2020_08,21時,21230,22870,6440,8460,9060,7540,6130,6450,36580,4670,5430,20180,21480,6220,8140,8690,7050,5630,5910,35010,3680,5290
2020_08,22時,20710,22150,6250,8310,8790,7340,5930,6200,37490,3860,4070,19800,20810,5970,8060,8470,6930,5460,5690,35660,3260,4050
2020_08,23時,19810,21370,5890,8090,8440,7090,5740,5920,37420,3270,3040,18990,20100,5570,7790,8110,6740,5340,5510,35460,2920,3080
2020_08,24時,19660,21480,5850,8050,8280,6980,5820,6140,38740,2960,2030,18920,20210,5470,7710,7870,6840,5410,5810,36770,2730,2070
2020_08,25時,19780,21510,5880,8100,8310,7030,5800,6160,38980,2970,1950,18950,20260,5460,7760,7900,6850,5390,5810,36990,2740,1950
2020_08,26時,19580,21430,5790,8050,8240,6980,5790,6120,38940,2900,1790,18810,20250,5450,7730,7860,6810,5380,5810,37050,2680,1800
2020_08,27時,19450,21390,5740,7990,8200,6960,5790,6130,38890,2890,1680,18790,20210,5430,7690,7850,6790,5400,5820,37100,2710,1680
2020_08,28時,19410,21440,5800,7990,8160,6940,5780,6160,38850,2950,1670,18760,20210,5430,7720,7830,6770,5390,5800,37050,2770,1650
2020_09,5時,21840,23890,6300,8940,9130,7740,6400,7190,43810,3200,1570,21630,23310,6280,8830,8940,7540,6310,7040,42310,2910,2260
2020_09,6時,21740,24020,6260,8970,9150,7550,6530,7290,42620,3920,2060,21440,23390,6150,8840,8890,7460,6360,7110,41780,3020,2470
2020_09,7時,23190,24580,6650,9180,9400,7910,7000,7620,39780,7430,3580,21650,23680,6210,8800,8930,7630,6500,7240,40980,3710,3170
2020_09,8時,24620,27960,7740,9340,10610,9040,7850,7980,34590,15310,6050,22220,24680,6410,9050,9340,7830,6720,7520,39780,4820,4870
2020_09,9時,24730,29530,7240,9540,10640,9150,8590,9080,29790,18110,9290,22700,26270,6520,9410,9900,8040,7130,7970,37790,6080,7540
2020_09,10時,24680,30950,6970,9610,10790,9370,9010,9860,27370,18630,12290,22990,27840,6520,9680,10170,8320,7700,8420,35530,6870,10820
2020_09,11時,24720,31990,6950,9630,10890,9510,9420,10290,26240,18820,14180,23460,28890,6650,9600,10440,8550,8230,8860,33900,6940,13710
2020_09,12時,24860,32290,7040,9730,10960,9540,9490,10370,25950,19040,14670,23540,29490,6670,9780,10610,8650,8250,9050,33250,7040,14870
2020_09,13時,24790,32070,7000,9720,10990,9460,9500,10170,25590,19000,14720,23400,29280,6630,9690,10500,8700,8020,9130,32700,7040,15050
2020_09,14時,24720,31770,7120,9730,10930,9450,9270,9970,25430,18830,14630,23310,28930,6630,9710,10490,8600,7950,8850,32390,6890,14980
2020_09,15時,24600,31240,7140,9740,10760,9410,9050,9710,25910,18630,13700,23110,28500,6720,9630,10340,8420,7850,8640,32430,6750,14440
2020_09,16時,24310,30600,7410,9620,10560,9330,8650,9330,26780,18250,12330,23040,28220,6980,9550,10190,8460,7590,8480,33140,6590,13590
2020_09,17時,24000,29440,7580,9500,10390,9200,8090,8680,28440,16670,10850,22980,27620,7140,9400,10260,8410,7360,8020,34180,6330,12240
2020_09,18時,23330,27750,7640,9170,10110,8670,7340,8130,31460,12170,10010,23140,26810,7010,9470,10160,8340,7190,7760,35610,5850,10700
2020_09,19時,23460,26580,7630,9270,9960,8520,6930,7720,34810,8890,8960,22690,25730,6880,9250,9870,8100,6810,7480,36470,5110,9050
2020_09,20時,23030,25520,7550,9220,9750,8190,6520,7300,37090,6530,7530,22220,24870,6930,9140,9600,7910,6390,7080,37590,4350,7410
2020_09,21時,22450,24080,7060,9030,9460,7810,6230,6920,38620,4840,5670,21820,23630,6720,8850,9410,7590,6090,6760,38360,3620,5840
2020_09,22時,21920,23210,6840,8940,9190,7600,5990,6560,39540,3860,4310,21380,22630,6480,8770,9190,7360,5810,6370,38700,3200,4500
2020_09,23時,20540,21930,6300,8640,8650,7170,5640,6050,38680,3240,3090,20320,21480,6200,8490,8680,7030,5530,5850,37790,2800,3530
2020_09,24時,21350,23150,6260,8720,8900,7460,6180,6960,42220,2970,1950,21130,22730,6230,8480,8870,7390,6080,6800,41210,2750,2400
2020_09,25時,21560,23230,6350,8820,8940,7520,6170,6980,42610,2930,1900,21250,22880,6340,8540,8870,7430,6090,6830,41550,2770,2340
2020_09,26時,21320,23170,6290,8790,8860,7460,6130,6950,42530,2880,1730,21110,22820,6300,8490,8830,7390,6090,6800,41540,2730,2170
2020_09,27時,21160,23120,6160,8740,8830,7450,6140,6940,42450,2870,1600,21050,22770,6230,8500,8840,7370,6080,6800,41550,2730,2060
2020_09,28時,21090,23130,6170,8700,8820,7420,6140,6940,42380,2950,1550,21010,22690,6160,8510,8820,7350,6080,6750,41450,2780,2000
2020_10,5時,21840,24070,6290,8830,9560,7760,6420,7030,43960,3300,1510,21640,24080,6740,8800,9450,7570,6350,6800,43090,3260,2180
2020_10,6時,21700,24260,6360,8860,9490,7640,6510,7070,42780,4030,2040,21590,24110,6660,8800,9420,7500,6360,6940,42530,3540,2430
2020_10,7時,23420,25070,6860,9140,9990,8030,7100,7360,39970,7700,3920,21990,24280,6760,8760,9390,7680,6560,7110,41450,4370,3340
2020_10,8時,25260,28350,8150,9540,11000,9100,7990,7810,34810,15850,6240,22880,25400,7100,9110,10020,7910,6820,7290,40100,5650,5440
2020_10,9時,25360,29420,7740,9590,10760,9250,8740,8670,29730,18510,9430,23450,27120,7290,9470,10580,8370,7110,7750,38250,6790,8290
2020_10,10時,25310,31030,7560,9730,10940,9410,9200,9490,27330,19020,12600,23660,28410,7340,9450,10830,8540,7590,8300,35760,7340,11560
2020_10,11時,25170,32330,7490,9810,11160,9570,9460,10000,26120,19210,14690,24010,29360,7480,9350,11080,8940,7920,8580,33940,7440,14420
2020_10,12時,25260,32940,7440,9880,11250,9710,9510,10400,25980,19450,15330,23850,30350,7340,9670,11180,9050,8150,8780,33160,7490,15880
2020_10,13時,25140,32540,7260,9780,11270,9610,9460,10280,25470,19430,15270,24020,30400,7430,9700,11110,9050,8160,8960,32610,7530,16580
2020_10,14時,25080,32070,7280,9770,11200,9630,9260,10000,25400,19160,15030,23700,30490,7400,9770,11070,8940,8110,8880,32270,7430,16760
2020_10,15時,24750,31430,7210,9650,11060,9590,9000,9660,25790,18890,13940,23240,29800,7190,9610,10830,8750,7900,8740,32500,7210,15560
2020_10,16時,24580,30340,7290,9460,10870,9530,8700,9050,26810,18510,12130,23250,28750,7090,9570,10750,8660,7480,8440,33220,6930,14090
2020_10,17時,24300,29470,7640,9400,10620,9470,8210,8410,28580,17070,10720,23380,28070,7380,9450,10710,8650,7200,8040,34450,6650,12670
2020_10,18時,23480,28100,7740,9310,10330,8840,7450,7880,31730,12680,9810,23590,27040,7520,9370,10510,8540,7040,7640,35840,6190,10940
2020_10,19時,23320,26840,7520,9340,10220,8600,7030,7430,34760,9430,8640,23400,26030,7470,9200,10390,8360,6740,7260,36900,5520,9400
2020_10,20時,23010,25720,7450,9220,10080,8340,6600,7020,36980,7060,7340,22860,25160,7340,9070,10150,8090,6380,6980,37910,4760,7760
2020_10,21時,22560,24340,7220,8990,9810,7850,6260,6760,38560,5320,5650,22230,24060,6850,8940,9890,7750,6120,6710,38890,3900,5930
2020_10,22時,21970,23320,6830,8850,9610,7640,5970,6380,39420,4280,4200,21370,23240,6500,8800,9630,7490,5880,6300,39280,3320,4470
2020_10,23時,20650,22130,6400,8490,9080,7200,5670,5920,38830,3540,3010,20240,21910,6180,8450,9100,7050,5530,5820,38270,3030,3300
2020_10,24時,21420,23310,6340,8680,9320,7480,6150,6750,42370,3160,1950,21180,23120,6510,8450,9210,7380,6070,6660,41650,2910,2370
2020_10,25時,21520,23360,6380,8710,9350,7500,6160,6760,42690,3130,1820,21410,23240,6640,8520,9280,7430,6070,6700,42040,2950,2330
2020_10,26時,21370,23260,6350,8670,9290,7440,6140,6740,42650,3070,1670,21200,23130,6520,8460,9220,7380,6060,6670,41960,2920,2120
2020_10,27時,21230,23250,6270,8630,9230,7420,6160,6750,42620,3050,1570,21130,23100,6450,8430,9190,7380,6080,6680,41990,2910,2010
2020_10,28時,21150,23350,6310,8630,9210,7420,6160,6750,42580,3170,1520,21060,23150,6420,8420,9180,7360,6070,6740,41980,2960,1950
2020_11,5時,21710,23690,5950,8840,9380,7580,6340,7300,43500,2740,1470,21670,23160,6200,8570,9150,7440,6320,7140,42120,2660,2240
2020_11,6時,21450,23910,5950,8790,9370,7470,6440,7330,42360,3400,1970,21460,23290,6140,8520,9130,7410,6310,7220,41630,2860,2440
2020_11,7時,23080,24620,6310,9130,9760,7940,6970,7580,39670,6760,3720,21860,23610,6290,8530,9130,7620,6470,7410,40850,3580,3280
2020_11,8時,24780,28260,7600,9580,10880,9080,7870,8010,34820,15210,5770,22380,24580,6450,8790,9560,7800,6660,7680,39460,4690,5020
2020_11,9時,24950,29450,7050,9710,10880,9190,8590,8960,29720,17960,9060,22660,26380,6440,9100,10080,8220,7080,8110,37550,5840,7720
2020_11,10時,24790,31010,6880,9740,11090,9290,9020,9760,27060,18500,12310,23290,28080,6700,9370,10510,8400,7650,8720,35600,6530,11230
2020_11,11時,24840,32160,6920,9670,11140,9530,9430,10290,25980,18800,14260,23650,29210,6870,9540,10640,8750,7960,9090,33890,6800,14120
2020_11,12時,24870,32660,6820,9750,11210,9580,9560,10600,25680,19030,14930,23760,29940,6900,9620,10810,8930,8100,9320,33220,6970,15470
2020_11,13時,24660,32340,6690,9610,11130,9500,9510,10560,25270,18930,14870,23850,29910,6900,9660,10910,8960,7990,9330,32440,6960,16250
2020_11,14時,24590,31960,6720,9650,11120,9510,9280,10250,25040,18730,14790,23550,29790,7050,9430,10790,8880,8020,9150,32120,6860,16220
2020_11,15時,24360,31370,6740,9540,11040,9440,9040,9900,25470,18570,13730,23430,29280,6950,9390,10710,8850,7820,8990,32190,6720,15620
2020_11,16時,24460,30350,7080,9350,10890,9400,8670,9410,26790,18050,12050,23660,28360,7000,9550,10640,8750,7500,8560,32790,6470,14510
2020_11,17時,24160,29240,7280,9340,10770,9190,8070,8750,28500,16560,10460,23740,27870,7050,9690,10640,8700,7270,8240,34360,6140,12920
2020_11,18時,23350,28000,7460,9110,10400,8700,7430,8240,31400,12130,9930,23740,26960,6970,9600,10560,8590,7090,7880,35740,5620,11180
2020_11,19時,23130,26920,7320,9240,10230,8390,7010,7850,34400,8790,8990,22960,25750,6770,9300,10200,8220,6710,7490,36560,4810,9200
2020_11,20時,22670,25690,7090,9100,9980,8150,6590,7440,36600,6440,7450,22260,24860,6640,9090,9840,7980,6410,7140,37520,4030,7480
2020_11,21時,22410,24160,6710,8940,9810,7720,6260,7110,38280,4660,5740,21800,23790,6310,8970,9570,7700,6140,6890,38370,3360,5890
2020_11,22時,21850,23130,6380,8810,9510,7460,6020,6790,39050,3680,4370,21070,22900,6040,8760,9270,7380,5920,6580,38770,2970,4300
2020_11,23時,20510,21790,5910,8460,8950,7030,5640,6290,38270,2970,3160,19940,21470,5660,8360,8730,6930,5580,6120,37780,2600,3050
2020_11,24時,21340,23110,6020,8570,9170,7380,6180,7110,41920,2600,2130,21050,22700,5960,8400,9000,7340,6070,6960,41340,2520,2100
2020_11,25時,21520,23110,6040,8650,9170,7400,6200,7140,42290,2560,1990,21170,22780,6030,8470,9010,7370,6080,6970,41640,2480,2030
2020_11,26時,21290,23010,5950,8600,9110,7350,6160,7120,42220,2520,1760,21040,22720,6000,8430,8980,7320,6070,6940,41620,2450,1900
2020_11,27時,21180,23000,5880,8570,9100,7340,6180,7110,42230,2510,1660,20970,22740,5980,8440,8940,7320,6060,6950,41630,2440,1840
2020_11,28時,21070,23030,5900,8520,9090,7320,6170,7080,42160,2580,1560,20910,22790,5980,8440,8930,7310,6060,6970,41590,2490,1820
2020_12,5時,21140,23720,5870,8430,9350,7710,6480,7000,42680,2910,1800,21050,23600,6150,8500,8970,7610,6520,6870,41910,2930,2250
2020_12,6時,20800,23890,5910,8400,9210,7520,6550,7070,41590,3370,2260,20820,23530,6000,8530,8920,7480,6480,6930,41180,3060,2520
2020_12,7時,22200,24340,6260,8680,9530,7820,6950,7280,39260,6230,3740,21330,24030,6310,8550,8950,7750,6600,7180,40570,3800,3430
2020_12,8時,23970,27560,7530,8980,10670,8890,7830,7610,34880,13380,6080,22290,25280,6900,8800,9490,8110,6850,7400,39490,5140,5410
2020_12,9時,24230,28930,7220,9090,10970,8950,8500,8420,30480,15960,9210,22870,27140,6800,9500,10050,8490,7310,7850,37620,6500,8220
2020_12,10時,24230,30360,7080,9150,11160,9100,8880,9190,28260,16550,12070,23740,28990,7040,9890,10500,8770,7770,8730,35870,7120,11970
2020_12,11時,24210,31560,7060,9220,11250,9220,9290,9710,27000,16750,14300,23800,30110,7140,9840,10880,9010,8190,8830,33800,7360,14910
2020_12,12時,24160,31800,7090,9260,11180,9300,9350,9750,26560,16970,14720,24310,30910,7290,10110,10990,9300,8390,9130,33310,7640,16520
2020_12,13時,24090,31850,7020,9310,11200,9300,9280,9820,26380,16880,14930,23980,30990,7150,10040,10900,9220,8420,9230,32720,7690,16780
2020_12,14時,23940,31530,6960,9330,11200,9280,9110,9570,25920,16720,15020,24090,30890,7240,9940,10930,9100,8450,9310,32360,7480,17250
2020_12,15時,23790,31070,7030,9240,11040,9300,8920,9300,26330,16650,14070,23540,30320,7470,9630,10740,8950,8090,8970,32350,7400,16230
2020_12,16時,23720,29940,7200,9040,10870,9180,8590,8760,27190,16290,12440,23460,29240,7550,9400,10620,8870,7780,8460,32890,7330,14570
2020_12,17時,23460,28900,7380,8890,10680,9030,8110,8270,28730,15120,10840,23400,28550,7590,9340,10550,8840,7560,8050,34320,6870,12890
2020_12,18時,22970,27590,7490,8830,10290,8640,7440,7860,31570,11470,9880,23100,27580,7290,9320,10490,8720,7240,7590,35300,6190,11300
2020_12,19時,22660,26550,7310,8920,10060,8420,7050,7430,34420,8440,8710,22700,26680,7150,9190,10270,8460,6990,7290,36360,5440,9720
2020_12,20時,22190,25490,7020,8830,9810,8230,6650,7130,36420,6240,7360,22080,25440,6730,8950,9920,8230,6630,7030,37310,4560,7820
2020_12,21時,21680,24040,6520,8660,9560,7840,6340,6790,37820,4610,5600,21600,24320,6540,8770,9600,7870,6330,6790,38300,3670,6160
2020_12,22時,21110,23250,6260,8540,9320,7550,6140,6540,38590,3770,4280,20780,23420,6130,8620,9300,7600,6040,6500,38600,3230,4650
2020_12,23時,19930,22040,5870,8180,8850,7200,5800,6060,37880,3090,3230,19570,21950,5720,8140,8780,7180,5690,6000,37610,2790,3300
2020_12,24時,20680,23090,5850,8310,9050,7430,6290,6830,41140,2800,2240,20500,23070,6060,8150,8860,7510,6230,6740,40890,2670,2390
2020_12,25時,20800,23150,5880,8350,9070,7470,6300,6860,41500,2760,2110,20630,23190,6100,8240,8890,7530,6250,6790,41210,2680,2350
2020_12,26時,20640,23070,5850,8310,9010,7430,6270,6830,41430,2730,1960,20520,23160,6130,8150,8870,7480,6240,6780,41210,2670,2200
2020_12,27時,20540,23030,5770,8300,8990,7410,6260,6810,41430,2700,1860,20440,23130,6100,8110,8870,7460,6210,6790,41220,2680,2080
2020_12,28時,20440,23080,5820,8270,8940,7390,6280,6810,41380,2770,1790,20400,23180,6130,8140,8820,7440,6250,6790,41200,2740,2050
2021_01,5時,20730,23590,5910,8540,9170,7710,6180,6800,42650,2650,1370,20650,23040,6000,8380,8940,7590,6070,6690,41370,2460,2060
2021_01,6時,20780,23800,6110,8540,9130,7530,6270,6970,41810,3230,1910,20420,23130,5920,8360,8840,7460,6100,6860,40810,2630,2280
2021_01,7時,21990,24150,6360,8670,9410,7860,6720,7110,39310,6140,3170,20940,23460,6230,8380,8890,7630,6260,6990,40270,3330,3020
2021_01,8時,24150,27340,7520,9180,10800,8870,7670,7440,35130,13340,5760,21740,24300,6540,8650,9320,7830,6440,7230,39480,4510,4310
2021_01,9時,24390,28730,7320,9200,11090,8920,8460,8110,30720,16080,8670,22140,25780,6660,9080,9770,8150,6740,7490,38330,5470,6290
2021_01,10時,24510,29890,7280,9250,11360,9000,8760,8730,28610,16750,11160,22550,27040,6930,9310,10090,8290,7070,7880,36980,6030,8660
2021_01,11時,24380,30750,7330,9170,11450,9130,9080,8950,27720,16900,12590,22570,27510,7020,9220,10290,8490,7220,7820,35420,6180,10500
2021_01,12時,24420,31180,7440,9290,11550,9210,9060,9040,27610,17190,12970,22970,28150,7290,9300,10390,8680,7450,7990,35010,6290,11860
2021_01,13時,24220,30820,7200,9300,11430,9090,9070,8940,27130,17210,12860,22860,28170,7220,9380,10370,8740,7370,7930,34480,6190,12340
2021_01,14時,24090,30460,7130,9320,11270,9150,8910,8750,26810,16990,12850,22700,28110,7230,9240,10310,8590,7460,7950,33900,6110,12740
2021_01,15時,23990,29960,7190,9190,11110,9160,8750,8540,27200,16800,12030,22680,27830,7230,9230,10170,8600,7310,7960,33800,5960,12640
2021_01,16時,23810,29190,7320,9080,10920,8970,8390,8300,27930,16300,10870,22660,27420,7340,9210,10050,8530,7160,7770,34490,5840,11690
2021_01,17時,23680,28300,7410,9100,10700,8870,7900,7990,29730,14780,9660,22370,26680,7170,9170,9880,8430,6870,7510,35620,5470,9980
2021_01,18時,22690,26690,7300,8930,10150,8440,7130,7410,32530,10840,8200,22050,25500,6880,9030,9670,8150,6590,7220,36620,4850,8090
2021_01,19時,21890,25460,6900,8770,9840,8170,6630,7020,35320,7690,6540,21660,24300,6540,8850,9460,7860,6320,6920,37350,4230,6420
2021_01,20時,21170,24130,6310,8630,9510,7950,6180,6690,37720,5320,4450,20840,22950,5960,8400,9120,7630,6050,6610,38090,3320,4470
2021_01,21時,20550,23170,5940,8460,9180,7730,5920,6470,38900,3800,3200,20230,22490,5740,8370,8960,7440,5800,6390,38760,2780,3300
2021_01,22時,20140,22570,5910,8370,9000,7480,5730,6200,39390,3080,2420,19870,21920,5700,8270,8750,7280,5610,6170,38770,2480,2650
2021_01,23時,19150,21500,5700,8080,8590,7080,5400,5780,38410,2610,1780,19080,21020,5550,8030,8400,6960,5330,5810,37720,2290,2160
2021_01,24時,20370,22900,5880,8370,8970,7440,5980,6610,41570,2540,1430,20070,22240,5670,8150,8780,7340,5830,6520,40390,2290,1770
2021_01,25時,20500,22970,5930,8420,8970,7480,6020,6640,41750,2540,1450,20150,22330,5700,8210,8780,7370,5860,6540,40570,2310,1760
2021_01,26時,20350,22890,5890,8400,8920,7420,5980,6610,41640,2530,1330,20110,22310,5730,8170,8780,7340,5850,6540,40610,2320,1660
2021_01,27時,20290,22890,5850,8380,8910,7430,5970,6620,41620,2550,1280,20120,22340,5750,8170,8770,7340,5860,6550,40660,2310,1650
2021_01,28時,20270,22940,5910,8350,8920,7410,5990,6630,41650,2530,1290,20140,22390,5770,8200,8780,7340,5870,6560,40700,2300,1680
2021_02,5時,20670,23300,6000,8140,9320,7800,6160,6520,42290,2850,1310,20500,22880,6180,7910,9040,7710,6020,6480,41390,2670,1650
2021_02,6時,20730,23520,6100,8260,9250,7650,6290,6680,41440,3490,1800,20360,22900,6150,7900,8950,7580,6020,6640,40830,2800,1870
2021_02,7時,22080,23820,6470,8470,9460,7960,6800,6730,38950,6410,3190,21020,23050,6270,7920,9040,7820,6190,6810,40350,3510,2550
2021_02,8時,24540,27060,7820,9000,10920,9020,7690,7130,34600,13820,6010,21850,24060,6730,8190,9540,7900,6420,7090,39330,4860,4030
2021_02,9時,24390,28220,7250,8940,11190,9010,8370,7840,29610,16530,8860,22340,25490,6650,8770,10030,8130,6820,7430,37580,6210,6280
2021_02,10時,24300,29270,7040,8770,11360,9160,8670,8550,27300,17090,11380,22890,26720,6880,8910,10280,8380,7250,7900,35940,6780,9040
2021_02,11時,24360,30390,7070,8960,11510,9260,8940,8990,26290,17480,13180,23060,27660,6870,8990,10610,8550,7620,8060,34240,7000,11630
2021_02,12時,24350,30790,7160,9090,11600,9370,8920,8990,26060,17830,13480,23110,28280,6910,9180,10740,8650,7710,8180,33410,7070,12980
2021_02,13時,24280,30600,7110,9120,11500,9240,8960,8930,25840,17810,13380,23080,28790,7100,9280,10860,8710,7630,8280,33260,7070,13560
2021_02,14時,24260,30120,7190,9060,11330,9290,8810,8690,25610,17540,13350,23010,28430,7230,9140,10700,8580,7580,8200,32570,6880,13940
2021_02,15時,24160,29580,7260,8970,11220,9220,8570,8480,26050,17400,12470,22890,27510,7310,8880,10400,8400,7400,7990,32440,6770,13140
2021_02,16時,23930,28830,7430,8860,11030,9020,8250,8150,26760,17050,11210,22730,27030,7480,8940,10150,8420,7090,7650,33170,6600,11940
2021_02,17時,23700,27700,7360,8790,10750,8870,7830,7790,28310,15380,10000,22290,26700,7190,8820,10050,8400,6960,7540,34350,6160,10520
2021_02,18時,22770,26130,7250,8620,10150,8480,7100,7280,31440,11430,8340,22010,25350,6980,8470,9870,8290,6580,7150,35530,5490,8390
2021_02,19時,22170,24840,6940,8400,9840,8330,6560,6920,34450,8280,6570,21530,24250,6670,8270,9750,7980,6300,6800,36610,4810,6480
2021_02,20時,21430,23380,6260,8230,9580,8110,6090,6520,36870,5750,4510,20700,22950,6180,7920,9410,7640,6050,6440,38030,3550,4240
2021_02,21時,20840,22470,5960,8050,9350,7750,5900,6280,38190,4180,3250,20050,22390,5890,7820,9190,7490,5800,6220,38600,3010,3060
2021_02,22時,20310,21900,5970,7860,9070,7510,5730,6040,38800,3220,2470,19550,21860,5890,7660,8900,7300,5620,6030,38660,2680,2310
2021_02,23時,19320,20860,5710,7600,8650,7110,5440,5660,37920,2680,1800,18820,20940,5680,7440,8550,7000,5410,5650,37680,2420,1840
2021_02,24時,20210,22460,5880,7890,9020,7500,5950,6410,40980,2520,1500,19940,22280,5880,7750,8960,7430,5870,6320,40440,2430,1640
2021_02,25時,20280,22570,5950,7930,9000,7550,5970,6420,41180,2530,1480,20020,22440,5970,7790,9000,7480,5890,6320,40670,2440,1660
2021_02,26時,20140,22490,5920,7880,8960,7510,5920,6410,41080,2500,1380,19960,22350,5920,7790,8960,7450,5870,6310,40640,2430,1540
2021_02,27時,20070,22470,5850,7870,8960,7510,5920,6410,41030,2530,1330,19880,22340,5880,7750,8940,7470,5860,6310,40580,2450,1500
2021_02,28時,20080,22590,5910,7890,8980,7500,5930,6440,41060,2630,1330,19900,22430,5910,7770,8950,7480,5870,6340,40660,2520,1470
2021_03,5時,20530,22210,5420,7950,8840,7620,6150,6740,41000,2790,1390,20250,21660,5420,7730,8610,7440,6010,6680,39640,2720,1860
2021_03,6時,20820,22520,5650,8100,8910,7490,6320,6850,40230,3500,2020,20180,21840,5490,7760,8650,7300,6030,6770,39220,3000,2070
2021_03,7時,22340,22940,5960,8280,9290,7860,6860,7020,37580,6600,3560,20790,22090,5620,7850,8790,7440,6250,6910,38670,3730,2780
2021_03,8時,24810,26260,7370,8620,10650,9040,7850,7510,33260,14220,6320,21870,23340,6210,8240,9300,7860,6510,7060,37980,4970,4510
2021_03,9時,24450,27410,6760,8470,11100,8850,8370,8290,28340,16740,9120,21980,24980,6130,8710,9710,8120,6730,7540,36150,6220,6810
2021_03,10時,24570,28840,6680,8500,11320,9120,8770,9010,26170,17420,11970,22700,26430,6380,8980,10080,8330,7220,8140,34390,6900,9920
2021_03,11時,24660,29910,6720,8670,11360,9240,9050,9520,25100,17620,13920,22950,27300,6690,9020,10190,8580,7370,8390,32710,7120,12520
2021_03,12時,24480,30400,6730,8700,11330,9340,9080,9680,24810,17830,14320,23270,27740,6700,9130,10320,8780,7660,8400,32180,7200,13750
2021_03,13時,24620,30190,6820,8680,11220,9240,9080,9750,24610,17790,14460,23630,28010,6980,9460,10370,8670,7610,8540,31860,7200,14690
2021_03,14時,24530,29640,6810,8680,11060,9280,8930,9390,24320,17480,14350,23300,27810,7070,9140,10280,8640,7590,8360,31090,7040,15030
2021_03,15時,24420,28950,6860,8610,10960,9190,8790,8940,24750,17440,13210,23130,27350,7180,8970,10100,8540,7470,8210,31060,6840,14540
2021_03,16時,24060,27930,6940,8440,10690,8990,8420,8490,25440,17080,11590,22680,26710,7140,8770,9820,8540,7250,7850,31670,6650,12970
2021_03,17時,23750,26850,6800,8470,10500,8800,7980,8040,27030,15590,10170,22710,26160,7020,8800,9840,8490,7090,7610,32480,6180,12160
2021_03,18時,22830,25530,7050,8320,10000,8340,7190,7440,30030,11880,8680,22430,25050,6910,8530,9790,8280,6750,7210,33720,5580,10140
2021_03,19時,21940,24320,6680,7920,9590,8270,6690,7090,32890,8600,6990,21790,23440,6460,8200,9340,7900,6430,6860,34740,4910,7620
2021_03,20時,21100,22690,5920,7720,9240,7980,6190,6720,35170,5910,4900,20750,22060,5870,7730,9070,7600,6040,6490,35920,3830,5170
2021_03,21時,20640,21740,5700,7610,8940,7650,5990,6480,36880,4270,3420,20270,21250,5590,7610,8800,7370,5810,6320,36880,3260,3530
2021_03,22時,20100,21130,5580,7630,8690,7370,5780,6170,37660,3240,2520,19500,20690,5440,7400,8500,7120,5640,6070,36950,2800,2630
2021_03,23時,18980,20120,5290,7310,8330,6940,5480,5720,36720,2620,1900,18620,19800,5150,7150,8210,6780,5390,5730,35950,2460,2110
2021_03,24時,20070,21570,5490,7650,8660,7320,5980,6540,39850,2470,1580,19860,21260,5570,7500,8550,7220,5820,6430,39050,2570,1820
2021_03,25時,20140,21670,5530,7690,8650,7360,6010,6550,40010,2480,1590,19920,21350,5580,7550,8570,7260,5840,6450,39210,2570,1810
2021_03,26時,19960,21640,5450,7670,8620,7330,5970,6530,39900,2460,1500,19890,21270,5530,7530,8540,7240,5840,6450,39220,2570,1670
2021_03,27時,19920,21640,5410,7650,8620,7330,5990,6540,39920,2480,1440,19870,21290,5540,7530,8540,7240,5830,6460,39260,2580,1640
2021_03,28時,19870,21720,5420,7670,8600,7320,6000,6560,39930,2570,1360,19870,21320,5540,7530,8530,7250,5860,6460,39270,2610,1630
2021_04,5時,21050,22170,6090,7590,9300,7100,6170,6960,41480,3300,1370,20860,21850,6070,7510,9260,6930,6110,6820,40560,3120,1770
2021_04,6時,21200,22560,6360,7730,9370,6930,6240,7110,40590,3840,2160,20790,21850,6200,7470,9150,6800,6130,6880,39870,3290,2130
2021_04,7時,22770,22840,6420,8070,9670,7400,6590,7460,37790,6980,3800,21160,22460,6280,7580,9260,7150,6220,7110,39270,3860,3190
2021_04,8時,25170,26020,7400,8910,10600,8810,7550,7900,32640,15430,6270,22180,23460,6670,8010,9620,7530,6520,7270,38270,5330,4830
2021_04,9時,25130,26580,6840,8380,10950,8700,8130,8690,27250,18260,8980,22580,24370,6640,8210,9950,7680,6820,7630,36060,6440,7080
2021_04,10時,25180,28220,6660,8550,11220,8890,8460,9610,25250,18740,12020,23300,25990,6850,8530,10390,7930,7270,8300,34330,7050,10440
2021_04,11時,24960,29350,6840,8630,11110,8980,8740,9990,24350,19040,13440,23440,27350,7190,8680,10550,8210,7460,8680,32760,7440,13110
2021_04,12時,24990,29790,6990,8710,11310,9030,8770,9960,24090,19290,13900,23570,28450,7260,8900,10740,8520,7700,8880,32260,7500,14760
2021_04,13時,25130,29550,6950,8710,11350,9000,8710,9940,23820,19130,14150,23660,28650,7330,9010,10710,8600,7700,8950,31820,7520,15360
2021_04,14時,24980,29040,6920,8650,11270,9090,8660,9410,23530,18950,13920,23460,28430,7390,8920,10670,8500,7620,8760,31390,7500,15370
2021_04,15時,24900,28540,6900,8570,11170,9040,8490,9240,23840,18970,13070,23420,27750,7500,8700,10530,8360,7390,8660,31390,7380,14790
2021_04,16時,24940,27690,7250,8540,10990,8820,8210,8810,24820,18660,11700,23280,27310,7610,8690,10540,8290,7050,8390,32570,7180,13280
2021_04,17時,24540,26460,7060,8530,10790,8510,7800,8300,26290,16980,10310,22980,26650,7480,8500,10420,8110,7010,8090,33200,6640,12180
2021_04,18時,23560,25370,7210,8330,10490,7960,7170,7750,29750,12670,9150,22900,25600,7340,8380,10340,7920,6840,7660,34220,5900,10660
2021_04,19時,22850,24520,7080,8150,10260,7730,6790,7360,33080,9200,7730,22440,24520,7140,8230,10100,7600,6530,7350,35320,5270,8730
2021_04,20時,22050,23230,6520,7840,10040,7460,6440,6960,35330,6780,5830,21720,23450,6650,8090,9880,7350,6280,6900,36690,4730,6270
2021_04,21時,21320,21870,6110,7600,9620,7040,6110,6690,37030,4890,3950,21080,22010,6350,7650,9440,6980,6070,6590,37600,3930,4130
2021_04,22時,20600,21320,6060,7510,9220,6850,5890,6370,37960,3800,2800,20300,21290,6100,7440,9130,6780,5830,6280,38010,3300,2850
2021_04,23時,19610,20320,5940,7190,8760,6480,5560,5970,37350,3190,2010,19430,20190,5870,7190,8680,6430,5560,5870,37090,2960,2100
2021_04,24時,20600,21650,6190,7380,9140,6840,5960,6720,40430,2990,1580,20330,21290,5850,7390,8930,6880,5870,6670,39610,2890,1730
2021_04,25時,20710,21710,6220,7450,9150,6880,5980,6740,40650,3010,1540,20430,21470,5930,7430,8990,6920,5900,6710,39880,2940,1730
2021_04,26時,20580,21670,6180,7380,9110,6870,5960,6730,40560,2990,1470,20410,21350,5940,7360,8980,6880,5880,6690,39840,2920,1650
2021_04,27時,20560,21660,6190,7370,9090,6860,5960,6740,40570,3010,1430,20370,21370,5930,7340,8980,6880,5900,6690,39870,2930,1580
2021_04,28時,20490,21670,6130,7390,9080,6840,5960,6740,40540,3060,1340,20330,21400,5890,7390,8970,6870,5900,6690,39880,2960,1550
2021_05,5時,20350,22200,5690,7600,9330,7030,6180,6710,40890,2850,1260,20420,22070,5930,7340,9080,7070,6280,6770,40400,2730,1820
2021_05,6時,20580,22750,6000,7800,9450,6860,6300,6910,40210,3490,2060,20490,22260,6040,7470,9100,6940,6350,6830,39900,2840,2370
2021_05,7時,22120,23070,6140,8100,9690,7320,6640,7290,37650,6370,3660,20970,22770,6180,7610,9180,7160,6450,7140,39430,3400,3290
2021_05,8時,24300,25370,6850,8550,10500,8720,7430,7610,32400,13860,6080,21790,23690,6300,7950,9610,7560,6700,7340,38300,4480,5110
2021_05,9時,24230,26410,6590,8040,10930,8720,8000,8350,27850,16530,8630,22260,24930,6620,8170,9900,7790,7020,7680,36570,5600,7320
2021_05,10時,24360,27520,6340,8110,11120,8850,8340,9100,25760,17030,11300,23220,26320,7040,8480,10260,8010,7510,8220,34890,6110,10710
2021_05,11時,24290,28400,6470,8210,11160,8920,8610,9310,24970,17310,12560,23490,27400,7270,8750,10330,8250,7760,8510,33450,6420,13140
2021_05,12時,24110,28530,6470,8370,11040,8970,8580,9200,24740,17420,12600,23470,28070,7260,8770,10510,8440,7820,8720,33020,6530,14110
2021_05,13時,24220,28430,6430,8440,11030,8950,8600,9180,24490,17460,12760,23540,28170,7300,8890,10550,8520,7730,8700,32480,6540,14750
2021_05,14時,24280,28170,6450,8460,11000,9040,8560,8930,24350,17240,12870,23260,28010,7230,8890,10580,8440,7700,8400,31990,6330,14950
2021_05,15時,24140,27830,6480,8340,10890,9020,8420,8790,24870,17080,12060,23170,27370,7260,8700,10510,8280,7560,8220,32070,6180,14280
2021_05,16時,23900,26850,6570,8230,10580,8810,8180,8370,25460,16740,10660,22900,27130,7280,8820,10380,8230,7330,7970,32930,6140,13020
2021_05,17時,23640,26130,6630,8340,10560,8630,7720,7870,27060,15300,9600,22650,26340,7200,8680,10280,8030,7060,7720,33950,5610,11480
2021_05,18時,22660,24950,6720,7990,10460,7870,7150,7410,30050,11340,8430,22110,25420,7160,8410,9920,7770,6890,7360,34800,5080,9700
2021_05,19時,21810,23830,6550,7770,10060,7430,6790,7020,33090,8050,6700,21500,24380,6970,8030,9690,7480,6630,7060,35880,4590,7530
2021_05,20時,20940,22620,6040,7500,9770,7190,6380,6660,35340,5650,4750,21170,23150,6780,7720,9410,7240,6440,6720,37430,3790,5290
2021_05,21時,20240,21500,5720,7220,9350,6900,6130,6400,36810,3890,3250,20560,21950,6410,7490,9040,6960,6110,6490,38050,3030,3640
2021_05,22時,19620,21270,5630,7270,9150,6730,5950,6150,37590,3090,2420,19860,21470,6170,7330,8830,6810,5930,6240,38060,2740,2760
2021_05,23時,18650,20200,5320,7070,8720,6400,5630,5690,36560,2670,1790,19050,20420,5840,7130,8480,6540,5660,5810,37060,2510,2110
2021_05,24時,19650,21630,5620,7360,9030,6760,6000,6480,39610,2550,1380,19890,21650,5730,7410,8850,6890,6050,6590,39730,2470,1640
2021_05,25時,19740,21730,5680,7400,9030,6800,6030,6510,39820,2560,1370,20000,21720,5790,7430,8850,6930,6080,6620,39920,2470,1640
2021_05,26時,19640,21720,5690,7380,8980,6760,6020,6500,39760,2550,1320,19960,21670,5840,7400,8830,6880,6080,6590,39890,2470,1570
2021_05,27時,19700,21700,5730,7370,8970,6770,6030,6510,39820,2560,1310,19930,21680,5820,7370,8840,6890,6090,6590,39880,2490,1540
2021_05,28時,19680,21770,5730,7400,8980,6790,6010,6530,39850,2610,1290,19940,21680,5810,7370,8840,6890,6090,6600,39920,2490,1500
2021_06,5時,21200,22090,5920,7610,9440,7270,6250,6790,41590,2620,1310,20850,21690,5920,7270,9280,7130,6270,6650,40610,2640,1460
2021_06,6時,21380,22400,6070,7750,9490,7130,6360,6950,40660,3320,2050,20740,21840,5960,7280,9350,7040,6250,6680,40050,2840,1830
2021_06,7時,23020,22830,6110,8310,9850,7560,6740,7270,38190,6580,3500,21320,22250,6070,7390,9380,7270,6470,6980,39430,3450,2820
2021_06,8時,25320,25150,6780,8770,10750,8970,7450,7730,33060,14160,5730,22060,23500,6110,7750,9870,7640,6810,7360,38420,4680,4690
2021_06,9時,25170,26140,6390,8260,11240,8960,7950,8500,28280,16930,8330,22800,24740,6260,8090,10320,7950,7260,7650,36400,5830,7330
2021_06,10時,25170,27590,6020,8350,11500,9130,8480,9260,25970,17430,11420,23660,26400,6570,8420,10850,8270,7700,8240,34720,6290,10970
2021_06,11時,25350,28600,6190,8470,11540,9190,8780,9760,25160,17820,12980,23930,27720,7170,8540,10860,8470,8010,8570,33070,6790,13720
2021_06,12時,25400,29050,6310,8610,11590,9300,8780,9840,25170,18080,13170,23910,28540,7230,8660,10870,8730,8160,8780,32570,7030,14720
2021_06,13時,25240,29020,6390,8610,11450,9300,8720,9770,24770,17950,13420,23880,28530,7490,8920,10840,8530,7950,8660,31840,6790,15530
2021_06,14時,25130,28550,6430,8590,11300,9320,8570,9450,24570,17800,13170,23780,28470,7340,9010,10870,8490,7870,8660,31620,6720,15680
2021_06,15時,25020,28160,6710,8600,11120,9260,8450,9030,24960,17810,12320,23410,27820,7450,8680,10560,8350,7640,8530,31490,6580,14920
2021_06,16時,24930,27400,6920,8620,11000,9050,8120,8600,25940,17300,11030,23240,27000,7300,8640,10390,8170,7480,8250,32250,6470,13290
2021_06,17時,24710,26670,6910,8730,10920,8950,7780,8080,27670,16070,9670,23010,25860,7110,8620,10260,8070,7140,7650,33210,6240,11260
2021_06,18時,23640,25350,7090,8160,10640,8300,7260,7520,30470,11850,8740,22560,24600,6720,8250,10150,7880,7000,7140,34180,5440,9350
2021_06,19時,22990,24170,6900,8000,10270,7960,6880,7130,33470,8480,7320,21890,23600,6360,8030,9850,7530,6770,6940,35220,4780,7350
2021_06,20時,22220,23010,6520,7760,9960,7620,6550,6800,36010,5910,5400,21540,22490,6380,7720,9540,7230,6470,6670,36870,3950,5170
2021_06,21時,21420,21830,6130,7520,9550,7260,6230,6540,37630,3990,3700,21070,21510,6170,7590,9220,7010,6130,6430,37960,3070,3570
2021_06,22時,20710,21300,6070,7390,9190,7090,6020,6240,38410,3140,2540,20450,21050,6170,7480,8920,6810,5950,6140,38510,2650,2410
2021_06,23時,19760,20340,5890,7170,8830,6700,5710,5790,37610,2740,1830,19680,20170,5870,7270,8680,6580,5640,5800,37540,2460,1900
2021_06,24時,20610,21400,5800,7400,9160,7030,6060,6520,40310,2500,1350,20520,21340,5830,7470,9100,6930,5990,6530,40020,2370,1590
2021_06,25時,20720,21510,5900,7460,9160,7070,6080,6550,40540,2500,1350,20620,21470,5980,7470,9090,6980,6010,6550,40240,2400,1590
2021_06,26時,20640,21530,5930,7420,9130,7060,6070,6540,40520,2500,1300,20600,21510,6040,7470,9020,6980,6040,6540,40270,2390,1570
2021_06,27時,20680,21490,5950,7400,9100,7060,6070,6560,40570,2500,1250,20610,21540,5990,7460,9050,6990,6060,6570,40360,2380,1530
2021_06,28時,20660,21510,5920,7440,9090,7070,6070,6570,40590,2510,1220,20560,21420,5900,7440,9050,6980,6030,6560,40310,2370,1410
2021_07,5時,20860,22260,5470,7760,9370,7320,6270,6910,41320,2520,1390,20420,21830,5570,7220,9160,7310,6200,6790,40330,2320,1570
2021_07,6時,21050,22640,5730,7810,9480,7200,6350,7120,40560,3190,2080,20290,21980,5590,7210,9150,7200,6270,6830,39840,2530,1870
2021_07,7時,22580,23160,6080,8130,9800,7520,6770,7420,37990,6410,3580,20870,22240,5740,7340,9240,7350,6280,7150,39010,3160,2900
2021_07,8時,25030,25170,6740,8610,10490,9000,7520,7830,33080,13700,5780,21600,23560,6040,7610,9650,7870,6590,7390,37960,4510,4700
2021_07,9時,24730,26360,6340,8240,10890,8940,8040,8630,28280,16450,8550,22270,25220,6310,7960,10150,8260,6940,7850,36400,5730,7250
2021_07,10時,25010,27750,6080,8440,11170,9110,8520,9420,26270,16850,11660,22980,26770,6420,8280,10620,8520,7420,8480,34610,6330,10650
2021_07,11時,24760,28700,6150,8350,11090,9200,8840,9820,25330,17080,13040,23350,27750,6630,8510,10660,8640,7810,8840,32800,6740,13370
2021_07,12時,24840,28850,6210,8490,11010,9320,8790,9850,25210,17320,13120,23610,28800,7030,8720,10790,8890,8000,8960,32380,6980,14830
2021_07,13時,24850,28660,6190,8630,10990,9270,8690,9720,24830,17340,13240,23270,28730,6880,8850,10700,8780,7810,8960,31820,6870,15060
2021_07,14時,24750,28300,6290,8560,10910,9240,8550,9480,24670,17130,13080,23340,28630,6980,8910,10730,8640,7810,8880,31570,6740,15420
2021_07,15時,24640,27950,6250,8610,10770,9290,8370,9280,24940,17030,12440,23130,28060,6910,8960,10630,8440,7530,8700,31550,6560,14810
2021_07,16時,24660,27190,6460,8590,10640,9120,8220,8800,25740,16790,11210,22960,26970,6520,8820,10550,8370,7340,8310,32070,6410,13160
2021_07,17時,24490,26420,6640,8760,10500,8940,7880,8180,27380,15650,9830,22820,26070,6370,8680,10400,8350,7160,7920,32900,6110,11590
2021_07,18時,23500,25320,6710,8480,10320,8400,7320,7580,30250,11640,8910,22510,25440,6440,8600,10130,8250,6980,7530,34120,5550,9990
2021_07,19時,22970,24630,6960,8270,10160,8030,6970,7190,33370,8470,7720,21780,24090,6130,8200,9920,7800,6610,7190,35250,4820,7570
2021_07,20時,22110,23220,6380,7900,9920,7690,6600,6820,35760,6080,5470,21270,23000,6010,7780,9710,7510,6420,6810,36830,4100,5200
2021_07,21時,21200,21840,5790,7630,9460,7360,6200,6590,37280,4060,3690,20460,21740,5580,7530,9290,7180,6050,6540,37480,3020,3610
2021_07,22時,20400,21330,5680,7520,9150,7100,5970,6290,38070,3080,2550,19880,21030,5520,7340,8960,6960,5800,6310,37700,2520,2620
2021_07,23時,19520,20310,5360,7240,8830,6800,5670,5910,37340,2580,1860,18960,19930,5280,6950,8590,6650,5520,5880,36630,2270,1890
2021_07,24時,20400,21600,5530,7470,9170,7140,6060,6620,40190,2330,1450,19810,21440,5480,7190,8950,7050,5950,6610,39500,2220,1520
2021_07,25時,20490,21660,5520,7510,9190,7180,6080,6660,40380,2330,1430,20030,21550,5590,7280,8960,7120,5990,6640,39820,2210,1550
2021_07,26時,20370,21650,5520,7490,9120,7170,6070,6640,40300,2330,1370,19910,21520,5570,7200,8880,7100,6010,6640,39750,2200,1470
2021_07,27時,20340,21640,5520,7440,9110,7170,6070,6660,40270,2350,1340,19930,21500,5580,7210,8870,7110,6000,6650,39760,2220,1450
2021_07,28時,20270,21690,5520,7490,9070,7140,6070,6650,40270,2400,1280,19960,21560,5600,7260,8870,7110,6010,6660,39830,2280,1430
2021_08,5時,20220,21960,5430,7380,9220,7030,6130,6970,40420,2230,1570,20290,21640,5590,7070,9250,7110,6120,6780,39880,2230,1880
2021_08,6時,20510,22220,5480,7550,9280,7020,6250,7150,39640,2860,2270,20160,21660,5480,7100,9130,7080,6150,6870,39310,2300,2200
2021_08,7時,21560,22810,5610,7770,9590,7420,6590,7370,37350,5420,3770,20650,22030,5660,7180,9250,7300,6270,7000,38790,2690,3180
2021_08,8時,23860,24930,6320,8330,10360,8730,7350,7680,33670,11200,6180,21560,23100,5980,7540,9680,7750,6440,7260,37880,3870,4940
2021_08,9時,23920,25870,6050,8170,10670,8810,7770,8290,29580,13240,8910,22020,24510,6010,7940,10260,7990,6740,7560,36290,4960,7250
2021_08,10時,24250,27260,6040,8290,11000,9010,8160,9000,27980,13710,11660,22660,25930,6230,8280,10520,8240,7190,8110,35190,5530,9800
2021_08,11時,24280,27950,6140,8440,11050,9040,8320,9230,27030,14080,12940,22770,26230,6230,8200,10600,8270,7450,8220,33650,5780,11400
2021_08,12時,24230,28220,6210,8580,11020,9100,8320,9190,26830,14260,13150,22890,26330,6300,8270,10590,8410,7490,8140,33150,5910,11990
2021_08,13時,24030,28260,6070,8640,11040,9110,8250,9150,26490,14220,13310,22820,26470,6300,8410,10550,8360,7460,8180,32830,5880,12340
2021_08,14時,23710,27930,6100,8620,10870,9060,8150,8830,26320,14100,12920,22350,26330,5860,8400,10550,8320,7370,8160,32290,5690,12350
2021_08,15時,23680,27540,6220,8640,10770,8970,7960,8640,26450,13990,12460,22260,26090,6080,8280,10300,8260,7310,8100,32310,5540,12190
2021_08,16時,23530,26730,6320,8480,10650,8740,7690,8360,27030,13680,11330,22030,25880,6080,8190,10260,8220,7150,8010,32690,5460,11470
2021_08,17時,23390,26230,6450,8520,10470,8630,7460,8070,28800,12840,9840,21810,25240,6040,8070,10120,8090,7020,7700,33260,5450,10170
2021_08,18時,22280,24940,6460,8130,10100,7950,7040,7510,31200,9520,8390,21670,24560,6010,8030,10080,7860,6810,7430,34580,4850,8580
2021_08,19時,21610,23990,6540,7850,9740,7640,6630,7190,33770,6940,6810,21310,23380,6020,7660,9760,7530,6540,7160,35520,4240,6710
2021_08,20時,20990,22810,6120,7580,9500,7390,6330,6850,35750,5080,4900,20830,22550,6010,7380,9460,7270,6350,6900,36790,3540,4890
2021_08,21時,20540,21520,5680,7450,9250,7050,5980,6640,36980,3390,3630,20210,21270,5520,7220,9110,6970,6000,6640,37290,2620,3470
2021_08,22時,20090,21070,5760,7280,9020,6860,5850,6370,37510,2810,2780,19660,20830,5570,7150,8920,6760,5770,6300,37340,2390,2660
2021_08,23時,19000,20090,5390,7010,8660,6490,5570,5960,36480,2380,2160,18820,19890,5410,6820,8590,6520,5500,5840,36290,2150,2140
2021_08,24時,19880,21350,5480,7240,8960,6900,5960,6690,39350,2120,1710,19740,21210,5540,7000,8960,6880,5910,6650,39170,2080,1640
2021_08,25時,19990,21470,5500,7340,9000,6930,5960,6710,39620,2130,1680,19820,21270,5540,7030,8980,6910,5950,6670,39310,2080,1670
2021_08,26時,19870,21430,5470,7300,8950,6920,5950,6690,39530,2120,1610,19790,21250,5560,7030,8930,6890,5950,6670,39330,2090,1580
2021_08,27時,19850,21420,5440,7300,8940,6910,5950,6700,39540,2130,1570,19760,21260,5550,7010,8920,6880,5960,6680,39330,2090,1560
2021_08,28時,19810,21410,5430,7300,8920,6890,5950,6720,39560,2130,1500,19770,21260,5540,7010,8900,6870,5990,6700,39380,2080,1540
2021_09,5時,20590,22070,5790,7160,9690,7390,5780,6840,40920,1890,1500,20730,21920,6170,6860,9710,7320,5830,6760,40770,1820,1650
2021_09,6時,21010,22340,5870,7320,9770,7360,5910,7090,40140,2700,2210,20900,22210,6230,6910,9840,7330,5840,6940,40460,2050,2150
2021_09,7時,22530,23030,6170,7840,10250,7650,6310,7310,37720,5920,3720,21490,22590,6400,7220,9880,7520,5980,7060,39610,2920,3130
2021_09,8時,24530,25120,6550,8550,10900,9010,7100,7530,33350,12160,6050,22200,23910,6710,7620,10280,7920,6340,7220,38770,3900,4990
2021_09,9時,24340,26520,5940,8670,11420,8910,7670,8230,29040,14660,8780,22470,25300,6440,8290,10850,8090,6580,7500,36850,5300,7210
2021_09,10時,24860,27570,5740,8870,11700,9080,8070,8950,27010,15400,11510,22960,26490,6330,8490,11080,8370,7050,8110,34830,5830,10380
2021_09,11時,24760,28690,5980,8820,11720,9180,8450,9290,26210,15780,12970,23070,27170,6170,8560,11230,8460,7390,8410,33030,6080,12620
2021_09,12時,24700,29040,6000,9040,11630,9240,8480,9330,26000,15970,13260,23050,27820,6360,8640,11200,8590,7390,8670,32480,6260,13560
2021_09,13時,24510,28880,5820,9050,11650,9160,8400,9290,25590,15840,13370,22900,28270,6560,8720,11270,8580,7360,8660,32230,6240,14110
2021_09,14時,24290,28350,5690,8970,11490,9190,8280,9010,25300,15620,13110,22650,28170,6620,8830,11040,8600,7230,8480,32130,6120,13970
2021_09,15時,24250,27920,5770,8990,11370,9210,8000,8820,25720,15560,12320,22540,27460,6630,8600,11030,8440,7060,8220,32280,5990,13130
2021_09,16時,24140,27100,6160,8800,11220,8970,7720,8350,26580,15170,10920,22320,26610,6410,8600,10910,8250,6790,7960,32800,5850,11660
2021_09,17時,24030,26480,6350,8870,11090,8950,7290,7920,28500,13770,9710,21820,25490,6170,8410,10440,8140,6550,7570,33220,5460,9980
2021_09,18時,22910,25110,6400,8200,10820,8410,6830,7350,31200,9980,8350,21690,25080,6190,8210,10430,8080,6510,7330,34660,4950,8580
2021_09,19時,22280,24090,6310,8030,10410,8060,6480,7070,33980,7050,6840,21300,23760,5960,7930,10230,7760,6180,6980,35580,4120,6780
2021_09,20時,21620,22930,6130,7600,10090,7760,6160,6790,36130,4850,5060,20910,22610,6130,7350,9840,7500,5940,6730,37050,3160,4720
2021_09,21時,21000,21490,5880,7230,9590,7400,5820,6550,37340,3140,3490,20280,21330,5630,7200,9490,7190,5600,6480,37730,2320,3040
2021_09,22時,20440,20980,5960,6960,9400,7220,5600,6250,37930,2450,2520,19650,20920,5760,6990,9180,7040,5420,6160,37730,2010,2320
2021_09,23時,19380,20070,5630,6670,9000,6950,5290,5890,37110,1930,1880,18970,19960,5560,6760,8860,6800,5160,5760,36760,1820,1860
2021_09,24時,20410,21620,5930,7010,9560,7260,5630,6620,40090,1760,1730,19980,21280,5810,6920,9270,7160,5590,6490,39520,1780,1550
2021_09,25時,20530,21690,6000,7050,9590,7290,5630,6650,40320,1770,1700,20210,21350,5870,6950,9350,7210,5620,6540,39800,1760,1590
2021_09,26時,20430,21630,5950,7020,9540,7270,5630,6630,40280,1770,1580,20070,21310,5880,6870,9300,7180,5620,6510,39780,1750,1430
2021_09,27時,20410,21620,5940,7010,9530,7280,5630,6620,40260,1780,1560,20110,21300,5880,6860,9300,7190,5620,6540,39810,1760,1430
2021_09,28時,20340,21680,5940,7030,9510,7240,5630,6640,40300,1810,1470,20110,21360,5880,6890,9290,7170,5640,6570,39860,1780,1420
2021_10,5時,20500,22640,6110,7190,9810,7510,5900,6610,41400,2580,1480,20120,22360,6120,6960,9510,7420,5910,6540,40350,2470,1890
2021_10,6時,20550,22900,6220,7230,9700,7380,6010,6890,40240,3280,2210,20110,22340,6070,6960,9610,7180,5970,6650,39620,2680,2320
2021_10,7時,22300,23580,6720,7880,10070,7720,6390,7070,37650,6610,3980,20610,23020,6280,7230,9660,7650,6010,6770,38740,3540,3550
2021_10,8時,24260,26070,7010,8490,11120,9100,7240,7360,32950,13530,6410,21330,24240,6430,7400,10140,8070,6550,6960,37740,4630,5490
2021_10,9時,23960,27090,6450,8360,11200,8940,7900,8200,28400,16090,8890,21760,25640,6200,7890,10700,8350,6860,7380,35760,5690,8090
2021_10,10時,24280,28290,6050,8660,11450,9040,8260,9090,25970,16690,11980,22530,27040,6040,8160,11170,8600,7460,8110,33530,6190,11930
2021_10,11時,24400,29640,6300,8750,11620,9220,8580,9560,25010,17120,13970,22530,27950,6100,8110,10960,8840,7820,8630,31410,6330,14740
2021_10,12時,24410,30070,6300,8930,11590,9280,8680,9680,24750,17340,14450,22390,28850,6120,8450,10880,8980,7980,8800,30960,6430,15770
2021_10,13時,24220,30030,6190,9020,11750,9270,8550,9460,24440,17280,14500,22490,29090,5990,8830,11000,8860,8010,8880,30720,6250,16420
2021_10,14時,24190,29520,6330,8880,11620,9270,8350,9240,24230,17140,14290,22680,28360,5800,8850,10990,8840,7780,8760,30360,6140,16350
2021_10,15時,24220,29110,6400,8940,11320,9290,8320,9040,24670,16970,13640,22480,27780,5830,8750,10940,8710,7510,8510,30310,5930,15810
2021_10,16時,24100,28040,6570,8960,11170,9100,7970,8360,25710,16550,11870,22130,26890,5670,8710,10760,8500,7240,8100,30890,5780,14160
2021_10,17時,23880,27260,6620,8950,11130,9100,7530,7800,27580,15280,10380,22050,26120,5940,8520,10580,8550,7040,7520,32230,5470,12350
2021_10,18時,22980,26120,6640,8510,11020,8570,7070,7270,30430,11550,9280,21740,25430,5970,8340,10440,8370,6900,7140,33520,5040,10610
2021_10,19時,22340,25110,6640,8450,10650,8210,6600,6890,33280,8310,8060,21410,24450,5980,8050,10410,8060,6600,6730,34680,4370,8840
2021_10,20時,21830,23780,6400,8060,10370,7960,6280,6520,35320,6030,6460,21160,23460,6050,7760,10140,7830,6340,6470,36080,3700,6860
2021_10,21時,21390,22390,6180,7780,10110,7540,5900,6260,37030,4460,4510,20620,22460,5880,7620,9960,7400,5970,6230,37120,3150,4840
2021_10,22時,20730,21890,6320,7490,9750,7380,5700,5960,38030,3520,3300,19900,21840,6030,7400,9580,7130,5640,5950,37620,2780,3430
2021_10,23時,19390,20730,5940,7040,9150,7030,5380,5560,37170,2750,2360,18830,20840,5830,7050,9000,6830,5330,5620,36760,2390,2590
2021_10,24時,20120,22110,6140,7180,9510,7320,5700,6380,40240,2550,1730,19630,21980,6120,7080,9220,7180,5710,6280,39580,2320,1880
2021_10,25時,20270,22160,6170,7190,9550,7370,5730,6400,40470,2550,1710,19790,22010,6140,7090,9280,7260,5710,6300,39820,2290,1860
2021_10,26時,20130,22100,6170,7100,9500,7330,5730,6380,40400,2540,1580,19700,21920,6100,7000,9260,7260,5700,6280,39780,2290,1730
2021_10,27時,20070,22090,6140,7060,9460,7350,5740,6400,40400,2510,1520,19690,21960,6110,7000,9230,7260,5730,6290,39790,2290,1740
2021_10,28時,20000,22070,6090,7040,9420,7350,5750,6410,40400,2500,1440,19660,22010,6080,7010,9220,7260,5760,6330,39840,2280,1720
2021_11,5時,20180,22550,5900,6930,9530,7450,5970,6930,40740,2520,1600,20210,22570,6200,6750,9390,7530,5990,6900,40100,2460,2280
2021_11,6時,20510,22780,5940,7010,9560,7450,6200,7120,39670,3350,2350,19910,22600,6180,6610,9330,7350,6070,6960,39260,2600,2660
2021_11,7時,21900,23410,6130,7670,9900,7850,6500,7240,37090,6450,3900,20260,23060,6190,6770,9480,7650,6090,7120,38290,3360,3740
2021_11,8時,23920,25890,6480,8340,10820,9180,7400,7580,32460,13850,5960,20880,24090,6310,6970,9730,8090,6520,7320,37040,4630,5400
2021_11,9時,23730,27000,5950,8300,11000,9040,7960,8470,27810,16500,8550,21610,25630,6220,7530,10500,8350,6930,7690,35230,5970,8080
2021_11,10時,23640,28280,5400,8330,11220,9170,8330,9440,25130,16910,11770,22060,27070,5760,7880,10850,8700,7420,8500,33070,6350,11580
2021_11,11時,23680,29780,5560,8320,11340,9330,8750,10150,24090,17340,13900,22150,28290,5670,8080,10760,8990,7910,9030,30840,6640,14810
2021_11,12時,23680,30130,5560,8510,11380,9320,8830,10200,23760,17550,14340,22570,28730,5740,8370,10790,9020,8180,9200,29870,6580,16540
2021_11,13時,23910,30130,5780,8550,11530,9210,8740,10210,23570,17340,14880,23060,29000,6180,8420,11070,8860,8190,9330,29670,6570,17480
2021_11,14時,23840,29800,5920,8450,11500,9260,8690,9800,23490,17080,14800,22900,29020,6460,8520,10990,8730,8060,9130,29410,6410,17740
2021_11,15時,23710,29050,5940,8490,11210,9280,8450,9380,23930,16900,13720,22220,28540,6440,8490,10430,8730,7830,8810,29510,6210,16680
2021_11,16時,23710,27800,6070,8550,10980,9060,8220,8600,24920,16360,12060,22250,27470,6320,8390,10570,8650,7440,8330,30410,6120,14880
2021_11,17時,23540,27150,6060,8550,11210,9050,7690,8100,26800,15100,10710,22000,26520,6050,8340,10540,8710,7100,7770,31600,5860,12790
2021_11,18時,22760,26370,6300,8260,11080,8610,7210,7640,29800,11350,9950,21770,25910,6110,8160,10460,8530,6970,7430,33130,5360,10990
2021_11,19時,22110,25250,6270,8040,10580,8370,6820,7270,32570,8210,8600,21500,25020,6080,7930,10460,8190,6720,7120,34460,4650,9240
2021_11,20時,21710,23940,6120,7690,10270,8200,6390,6940,34800,5840,7020,21250,24040,6440,7410,10260,8060,6360,6750,35720,3980,7500
2021_11,21時,21200,22440,5820,7540,9840,7750,6020,6640,36200,4250,5180,21010,22810,6340,7430,9990,7560,6040,6450,36850,3150,5710
2021_11,22時,20610,21900,5910,7360,9580,7510,5800,6330,37220,3370,3900,20250,22110,6310,7210,9610,7250,5760,6200,37260,2840,4190
2021_11,23時,19330,20590,5580,6910,8950,7090,5460,5920,36370,2690,2800,18980,20870,5900,6820,9060,6900,5340,5810,36370,2460,2930
2021_11,24時,20250,22200,5890,7120,9430,7400,5850,6740,39930,2410,2130,19970,22150,6160,6980,9310,7270,5770,6620,39550,2290,2310
2021_11,25時,20340,22280,5980,7180,9370,7450,5860,6770,40200,2400,2050,20100,22160,6170,7000,9290,7310,5820,6650,39800,2310,2200
2021_11,26時,20210,22190,5970,7110,9300,7430,5850,6720,40160,2400,1900,19970,21960,6160,6870,9180,7270,5810,6620,39780,2320,1910
2021_11,27時,20090,22130,5920,7000,9260,7440,5840,6740,40060,2410,1810,19910,21960,6200,6820,9120,7260,5820,6620,39800,2350,1820
2021_11,28時,19940,22150,5870,6960,9250,7390,5830,6780,40010,2430,1700,19840,22000,6180,6760,9130,7280,5830,6640,39720,2370,1850
2021_12,5時,20250,22240,5710,7320,9490,7310,6050,6600,40430,2690,1690,20150,22430,5920,7300,9300,7280,6190,6570,40080,2530,2200
2021_12,6時,20410,22570,5770,7510,9470,7190,6280,6750,39580,3300,2420,19990,22640,5930,7310,9390,7130,6230,6620,39630,2700,2460
2021_12,7時,21460,23090,5830,7930,9780,7550,6570,6870,37290,5700,3980,20790,23050,6130,7580,9570,7470,6370,6700,38990,3370,3680
2021_12,8時,22950,25430,6090,8620,10360,8790,7340,7170,32920,11850,6200,21310,24510,6360,7800,9790,8020,6810,7030,38050,4430,5560
2021_12,9時,22810,26510,5710,8560,10530,8730,7760,8010,28600,14120,8910,22410,26030,6340,8520,10730,8330,7100,7400,36050,6010,8630
2021_12,10時,22810,27990,5150,8540,10850,8970,8270,9000,26250,14690,11960,22870,27660,6060,8870,11070,8610,7700,8200,33910,6300,12300
2021_12,11時,22940,29550,5410,8560,10870,9200,8720,9710,25050,15140,14350,23250,29100,6130,8920,11420,8920,8280,8670,32090,6520,15670
2021_12,12時,23070,30050,5540,8690,11010,9190,8830,9840,24750,15410,15020,23410,30030,6140,9050,11490,9220,8410,9100,31180,6550,17620
2021_12,13時,23220,29830,5520,8780,11090,9200,8720,9720,24520,15400,15140,23520,30000,6000,9100,11930,9190,8240,9030,30540,6480,18360
2021_12,14時,22950,29720,5690,8730,11090,9170,8550,9430,24360,15200,15070,23220,29640,5680,9280,11670,9110,8100,9000,29910,6290,18460
2021_12,15時,22700,29130,5740,8860,10910,9100,8240,8950,24660,15070,14050,23030,28950,5770,9210,11480,9000,7800,8700,30080,6150,17560
2021_12,16時,22610,27990,5780,8770,10790,8950,8000,8290,25470,14670,12440,22580,27540,5610,9120,11220,8680,7440,8020,30500,6000,15500
2021_12,17時,22660,27070,5900,8870,10650,8890,7620,7770,27070,13590,11110,22830,27380,6240,9050,11100,8760,7420,7620,31930,5870,14380
2021_12,18時,22080,26520,6180,8820,10700,8460,7160,7260,29710,10400,10560,22960,26980,6460,9030,11160,8740,7230,7300,33550,5510,12820
2021_12,19時,21880,25320,6230,8740,10420,8150,6730,6920,32290,7610,9370,22770,25940,6580,8670,10960,8360,7050,7070,34740,4800,11170
2021_12,20時,21660,23730,5960,8450,10100,7910,6350,6610,34170,5730,7570,22420,24210,6600,7960,10690,8030,6620,6710,35980,4000,8670
2021_12,21時,21400,22520,5960,8140,9830,7470,6090,6400,35780,4350,5900,21660,22780,6120,7770,10270,7590,6290,6390,37060,3270,6170
2021_12,22時,20430,21760,5790,7770,9500,7200,5870,6040,36550,3560,4250,20840,21950,6090,7560,9840,7170,6020,6110,37530,2870,4510
2021_12,23時,19240,20590,5590,7250,9030,6850,5430,5660,35840,2950,3140,19440,20740,5700,7190,9240,6770,5570,5680,36700,2580,3030
2021_12,24時,20080,21800,5790,7410,9280,7120,5870,6390,39160,2590,2350,20230,22050,5930,7330,9470,7100,6050,6390,39920,2480,2160
2021_12,25時,20180,21850,5820,7430,9260,7180,5910,6420,39460,2560,2240,20330,22090,5940,7390,9470,7140,6060,6400,40140,2460,2120
2021_12,26時,20000,21790,5780,7360,9190,7130,5900,6410,39420,2550,2050,20130,22080,5940,7290,9370,7130,6090,6380,40130,2440,1940
2021_12,27時,19910,21780,5770,7290,9150,7130,5900,6430,39390,2560,1960,19990,22050,5890,7280,9260,7110,6090,6390,40110,2460,1770
2021_12,28時,19780,21760,5740,7240,9130,7100,5890,6420,39340,2590,1850,19980,22060,5880,7270,9260,7090,6110,6400,40160,2470,1700
2022_01,5時,20910,23380,6060,7970,9670,7670,6160,6740,42070,2470,1800,20340,22580,5720,7520,9430,7450,6120,6660,40530,2360,2030
2022_01,6時,21010,23710,6030,8100,9730,7520,6390,6920,41290,3150,2330,20080,22780,5590,7480,9400,7410,6200,6750,39990,2580,2290
2022_01,7時,21920,24050,6110,8500,9880,7780,6620,7070,38600,5680,3810,20410,23100,5590,7590,9500,7600,6310,6900,39290,3140,3070
2022_01,8時,23250,26530,6400,9270,10440,9020,7270,7370,34650,11760,5700,20910,24040,5690,7950,9700,7930,6560,7090,38350,4020,4590
2022_01,9時,23000,27140,5630,9230,10450,8820,7780,8220,30210,13980,7960,21740,25690,5970,8560,10290,8140,6980,7460,37330,5170,6930
2022_01,10時,23150,28620,5300,9360,10810,9070,8150,9070,28040,14810,10790,22110,26700,5560,8730,10610,8530,7450,7910,35270,5700,9710
2022_01,11時,23520,29670,5550,9460,10920,9210,8480,9560,27060,15060,12880,22170,27750,5760,8830,10640,8820,7630,8240,33770,5890,12070
2022_01,12時,23390,29680,5320,9580,10910,9140,8570,9520,26700,15250,12950,22950,28210,5860,9150,10890,8930,7880,8430,33020,6090,13880
2022_01,13時,23090,29550,5200,9480,11010,9030,8490,9410,26360,15120,12880,22800,28280,6020,9000,10910,8900,7750,8480,32440,6060,14390
2022_01,14時,23010,29290,5330,9450,11020,9060,8360,9070,26030,14990,12970,22560,28330,5910,9090,10850,8900,7710,8410,32270,5880,14510
2022_01,15時,22940,28790,5360,9500,10880,9090,8130,8730,26420,14820,12200,22130,27420,5730,8860,10660,8730,7390,8180,31940,5600,13690
2022_01,16時,22800,27770,5350,9520,10730,8930,7800,8230,27190,14430,10730,21950,26540,5800,8830,10470,8460,7100,7820,32500,5470,12240
2022_01,17時,23010,27390,5690,9440,10910,9010,7530,7800,29040,13280,9900,22070,26090,5960,8870,10520,8490,6910,7400,33820,5360,10800
2022_01,18時,22360,26700,5910,9170,10870,8600,7180,7310,31950,10090,8900,21890,25410,5910,8780,10300,8360,6870,7060,35000,4980,9100
2022_01,19時,22400,25680,6140,9000,10660,8460,6820,6980,34860,7420,7700,21590,24220,5800,8390,10100,8100,6580,6820,35770,4300,7530
2022_01,20時,22070,24300,5930,8740,10340,8160,6490,6690,36900,5380,6000,21310,23570,6090,8090,9880,7920,6340,6540,36930,3620,6160
2022_01,21時,21540,23220,6040,8390,9940,7750,6170,6440,38350,3890,4420,20860,22730,5740,8220,9600,7600,6040,6370,37790,2860,4800
2022_01,22時,20900,22760,6120,8090,9790,7550,5960,6140,39160,3090,3330,20290,22310,5950,7900,9410,7400,5840,6090,38260,2450,3740
2022_01,23時,19800,21480,5720,7570,9360,7170,5660,5790,38220,2540,2410,19400,21230,5860,7440,9000,7010,5570,5720,37320,2120,2970
2022_01,24時,20640,23010,5990,7810,9660,7520,6050,6610,41410,2300,1870,20140,22740,5960,7600,9340,7450,6010,6510,40340,2130,2280
2022_01,25時,20780,23100,6050,7890,9650,7580,6070,6620,41690,2330,1840,20310,22750,5920,7740,9340,7460,6030,6540,40580,2170,2220
2022_01,26時,20680,23060,6080,7870,9580,7540,6050,6600,41660,2320,1720,20220,22660,5940,7700,9260,7420,6030,6530,40550,2150,2100
2022_01,27時,20650,23060,6050,7900,9560,7530,6050,6590,41650,2370,1680,20140,22560,5930,7570,9210,7410,6020,6540,40420,2130,2060
2022_01,28時,20600,23070,6020,7890,9550,7540,6050,6590,41660,2390,1600,20140,22540,5820,7610,9250,7420,6030,6540,40420,2170,2010
2022_02,5時,20860,22580,5880,7160,9920,7340,6300,6830,41660,2200,1520,20870,22330,6110,6960,9750,7360,6170,6840,40850,2260,2020
2022_02,6時,20940,23000,5830,7330,10020,7220,6470,7050,40820,3000,2120,20660,22440,5950,6980,9730,7270,6230,6930,40330,2360,2280
2022_02,7時,21930,23470,5760,7770,10320,7580,6710,7250,38270,5390,3720,21020,22880,5960,7120,9860,7550,6270,7120,39750,2880,3140
2022_02,8時,23510,25840,6020,8690,10910,8900,7330,7480,34100,11500,6040,21550,24030,5980,7590,10170,7870,6660,7290,38710,4080,4840
2022_02,9時,23200,26390,5390,8720,10740,8580,7810,8320,29650,13550,8380,21990,25200,5750,8010,10670,8130,6910,7700,37170,4870,7060
2022_02,10時,23650,27600,4910,8960,11050,8790,8270,9260,27800,14310,10910,22220,26600,5630,8160,10970,8350,7460,8220,35410,5510,9760
2022_02,11時,23720,28280,4950,8990,11070,8970,8410,9590,26780,14700,12290,22520,27400,5590,8340,11010,8670,7840,8450,33860,5750,12090
2022_02,12時,23710,28740,5160,9160,11170,8980,8490,9460,26580,15110,12530,22880,27950,5730,8470,11020,8830,8000,8770,33230,5910,13440
2022_02,13時,23610,28400,5270,8970,11290,8900,8320,9250,26180,15040,12460,22770,28090,5730,8700,11010,8660,7940,8800,32450,5960,14140
2022_02,14時,23560,27910,5220,8930,11240,9010,8120,8930,25860,14790,12420,22610,27840,5570,8710,10980,8580,7750,8840,32020,5850,14250
2022_02,15時,23250,27800,5370,8950,11070,9010,7970,8670,26380,14570,11680,22190,26890,5480,8400,10910,8540,7430,8320,31810,5630,13250
2022_02,16時,23050,26960,5420,8730,11170,8730,7750,8190,27180,14150,10360,21940,26570,5560,8440,10880,8480,7190,7940,32400,5450,12310
2022_02,17時,23210,26160,5530,8800,11160,8730,7390,7740,28650,13130,9320,22060,25800,5610,8400,10900,8350,7080,7500,33470,5220,10880
2022_02,18時,22580,25370,5740,8550,10960,8210,7070,7390,31540,9960,8200,21920,24870,5700,8110,10780,8010,6930,7250,34750,4820,8940
2022_02,19時,22260,24460,5880,8230,10790,8000,6800,7000,34360,7340,6770,21680,23790,5590,7720,10600,7830,6710,7000,35850,4330,7060
2022_02,20時,22060,23430,5920,7960,10510,7860,6520,6700,36500,5530,5280,21800,23260,6250,7400,10460,7700,6490,6740,37510,3770,5590
2022_02,21時,21580,22260,6160,7520,9930,7460,6230,6520,37970,3830,3830,21240,22080,6180,7090,10060,7340,6150,6490,38220,2960,3960
2022_02,22時,20770,21740,6040,7230,9710,7270,6060,6190,38630,2840,2860,20650,21380,6080,6930,9750,7100,5940,6200,38380,2410,3070
2022_02,23時,19750,20780,5810,6890,9320,6900,5750,5840,37760,2330,2240,19630,20240,5630,6700,9270,6780,5670,5800,37290,2060,2300
2022_02,24時,20790,22280,6080,7040,9830,7320,6120,6650,41080,2100,1730,20550,21910,6000,6860,9630,7240,6010,6700,40370,2060,1950
2022_02,25時,20860,22360,6090,7100,9850,7350,6150,6660,41230,2110,1750,20640,21980,5980,6930,9650,7280,6060,6710,40520,2060,1970
2022_02,26時,20760,22280,6090,7060,9800,7290,6150,6640,41170,2090,1640,20500,21880,5900,6890,9620,7220,6040,6680,40460,2020,1790
2022_02,27時,20730,22290,6050,7120,9770,7280,6140,6660,41180,2140,1580,20580,21930,5930,6980,9600,7230,6070,6690,40510,2070,1850
2022_02,28時,20720,22310,6040,7130,9780,7280,6130,6650,41190,2160,1550,20630,21920,5910,6990,9620,7230,6080,6700,40540,2070,1840
2022_03,5時,20910,21950,5500,7100,9930,7330,6210,6760,40810,2240,1600,20280,21800,5330,6910,9660,7300,6180,6700,39860,2110,1760
2022_03,6時,20990,22280,5430,7220,10000,7200,6460,6930,39850,2930,2240,20170,21760,5150,6880,9570,7220,6260,6840,39310,2180,2070
2022_03,7時,22100,23000,5580,7890,10020,7710,6700,7180,37300,5830,3850,20500,22130,5290,6970,9630,7410,6270,7040,38390,2710,3200
2022_03,8時,24280,25480,6300,8920,10890,8930,7280,7410,33460,12210,6130,21190,23170,5360,7400,9950,7750,6590,7290,37300,3930,4880
2022_03,9時,23950,26270,5750,9020,10720,8630,7810,8280,28800,14560,8660,22030,24190,5150,8080,10400,7950,6940,7680,35420,4970,7470
2022_03,10時,24090,27900,5340,9310,10960,8920,8240,9210,26520,15300,11740,21890,26030,4790,8390,10630,8190,7430,8470,33210,5680,10650
2022_03,11時,23990,28750,5470,9200,10960,9000,8550,9550,25450,15560,13240,22380,27070,5020,8750,10560,8360,7990,8760,31530,6050,13470
2022_03,12時,23960,29030,5410,9310,11010,8930,8690,9620,25010,15880,13620,22610,27920,5270,8830,11020,8550,8060,8780,31130,6160,14790
2022_03,13時,23940,28920,5610,9100,11140,8900,8540,9540,24740,15860,13760,22580,27670,5300,8700,10830,8500,7840,9070,30340,6140,15320
2022_03,14時,23870,28520,5750,9020,11080,8920,8420,9200,24560,15640,13670,22560,27510,5350,8740,10640,8440,7730,9150,29850,6010,15670
2022_03,15時,23650,27910,5670,9020,10920,8900,8200,8830,24920,15430,12710,22180,27090,5310,8730,10470,8370,7700,8660,29930,5810,15030
2022_03,16時,23510,27220,5780,9080,10910,8700,7870,8370,25910,14960,11400,21910,26120,5350,8480,10390,8230,7540,8000,30580,5610,13340
2022_03,17時,23520,26190,5800,9140,10810,8720,7470,7760,27240,13850,10170,21970,25400,5420,8260,10450,8270,7290,7670,31470,5280,12060
2022_03,18時,22940,25310,5880,8920,10660,8330,7110,7340,30240,10700,8880,22120,24960,5850,8290,10370,8080,7120,7350,33150,4980,10460
2022_03,19時,22770,24370,6070,8560,10550,8190,6830,6910,33010,7960,7760,21650,23890,5680,8110,10190,7760,6850,6930,34420,4490,8240
2022_03,20時,22180,23320,6000,8100,10360,7930,6480,6600,35150,5770,6160,21000,22970,5590,7480,10070,7670,6500,6650,35670,3620,6230
2022_03,21時,21560,21930,5670,7690,10000,7500,6200,6400,36510,4030,4540,20650,21340,5390,7160,9520,7320,6150,6430,36430,2580,4590
2022_03,22時,20770,21320,5590,7350,9740,7330,5980,6090,37340,2880,3480,20020,20650,5260,6900,9210,7160,5920,6190,36800,2150,3340
2022_03,23時,19690,20090,5120,6840,9420,6950,5690,5760,36520,2410,2450,19160,19330,4930,6440,8840,6820,5610,5840,35770,1940,2380
2022_03,24時,20730,21700,5540,7060,9840,7330,6080,6570,40060,2160,1870,20140,21180,5320,6660,9420,7260,6030,6630,39250,1880,1830
2022_03,25時,20830,21780,5570,7120,9830,7380,6110,6590,40260,2130,1880,20280,21240,5340,6720,9450,7300,6040,6650,39420,1870,1860
2022_03,26時,20720,21690,5600,7090,9750,7310,6070,6560,40180,2110,1800,20170,21180,5330,6690,9410,7210,6050,6620,39400,1870,1730
2022_03,27時,20670,21730,5590,7120,9730,7300,6070,6580,40200,2130,1750,20160,21210,5360,6690,9400,7240,6050,6620,39420,1900,1710
2022_03,28時,20580,21690,5540,7130,9680,7270,6080,6560,40120,2140,1680,20180,21240,5330,6720,9450,7210,6050,6640,39460,1940,1680
2022_04,5時,20440,21450,5070,7490,9310,7240,6110,6650,39680,2610,1790,20130,21600,5520,7050,9230,7250,6050,6610,39210,2320,2280
2022_04,6時,20790,21690,5090,7500,9440,7190,6380,6860,38940,3210,2510,20120,21560,5500,6900,9360,7130,6170,6600,38780,2420,2550
2022_04,7時,22100,22340,5060,8000,9790,7680,6880,7010,36210,6390,4090,20490,21900,5430,6980,9580,7320,6280,6770,38140,2930,3340
2022_04,8時,24600,25090,5580,9640,10670,8850,7680,7250,32470,13860,5930,21250,23050,5580,7520,9760,7650,6810,6970,36890,4480,5180
2022_04,9時,24120,26020,4960,9300,10820,8580,8240,8220,27420,16400,8480,22030,24520,5520,8120,10190,7900,7360,7440,35240,5630,7740
2022_04,10時,24140,27200,4600,9350,10980,8680,8580,9140,24770,16870,11600,22430,25850,5100,8630,10560,8080,7710,8180,33310,6130,10840
2022_04,11時,24100,28340,4820,9230,11060,8820,8940,9570,24090,17150,13070,22470,26780,5140,8690,10560,8340,8000,8500,31130,6670,13390
2022_04,12時,24260,28410,4980,9270,11130,8670,8920,9690,23740,17560,13280,22510,27370,5100,8910,10590,8560,7990,8720,30340,6750,14610
2022_04,13時,23880,28230,4800,9250,11110,8530,8830,9570,23350,17400,13180,22560,27560,5260,8950,10670,8390,8010,8820,29710,6800,15360
2022_04,14時,23730,28050,4920,9270,11050,8600,8700,9220,23280,17290,13040,22350,27240,5350,8880,10500,8160,7880,8800,29070,6670,15620
2022_04,15時,23450,27840,5190,9200,10810,8590,8530,8950,23770,16960,12460,22260,26790,5700,8720,10300,8160,7630,8520,29170,6480,15200
2022_04,16時,23580,26800,5420,9090,10730,8470,8240,8420,24670,16600,11090,22150,26160,5780,8600,10430,8080,7410,7990,29880,6350,13910
2022_04,17時,23580,25810,5530,9080,10630,8500,7690,7940,26070,15500,9900,22350,25920,5700,8760,10650,8010,7540,7600,31150,6110,12850
2022_04,18時,23000,24730,5780,8870,10270,8160,7200,7420,28850,11810,9110,22100,25350,5790,8860,10510,7800,7270,7200,32670,5550,11130
2022_04,19時,22880,23840,5930,8820,10200,7970,6780,7000,31910,8730,8110,21770,24190,5710,8410,10170,7690,6970,6990,33820,5020,9090
2022_04,20時,22240,23010,5990,8520,9910,7610,6500,6690,34250,6450,6600,21440,23010,5950,7840,9930,7490,6550,6660,34820,4060,7490
2022_04,21時,21710,22010,5910,8230,9650,7360,6200,6370,35850,4850,5140,20880,21990,5710,7670,9690,7280,6150,6350,35600,3280,5890
2022_04,22時,20590,21260,5600,7690,9260,7270,5930,6080,36410,3740,3800,19900,21050,5460,7100,9340,7090,5850,6110,35860,2820,4210
2022_04,23時,19510,20110,5360,7120,8820,6870,5630,5790,35750,3030,2930,19040,19760,5260,6740,8810,6690,5520,5770,35160,2350,3220
2022_04,24時,20500,21550,5480,7510,9260,7280,5980,6510,39360,2610,2230,20180,21290,5510,7080,9280,7140,5920,6520,38690,2230,2570
2022_04,25時,20630,21580,5480,7570,9280,7340,5980,6540,39580,2570,2220,20240,21370,5640,7080,9240,7170,5940,6510,38860,2200,2590
2022_04,26時,20460,21450,5370,7540,9230,7270,5990,6500,39550,2540,1970,20000,21280,5540,6960,9170,7140,5940,6500,38820,2180,2320
2022_04,27時,20380,21430,5340,7510,9200,7250,5990,6500,39520,2540,1900,19990,21170,5470,6940,9160,7140,5920,6510,38820,2180,2200
2022_04,28時,20340,21390,5320,7460,9220,7230,5980,6510,39480,2580,1830,19890,21240,5470,6890,9180,7140,5920,6520,38800,2170,2190
2022_05,5時,21230,22000,6100,6980,10040,7320,5900,6860,40950,2060,1790,20830,21570,6390,6440,9730,7220,5850,6740,39740,1810,2410
2022_05,6時,21320,22250,6070,7090,10030,7130,6110,7120,40030,2620,2490,20570,21710,6300,6470,9680,7080,5950,6780,39270,1930,2600
2022_05,7時,22510,22840,6060,7450,10280,7630,6600,7310,37210,5760,4020,20800,21810,6270,6400,9790,7260,5970,6890,38340,2410,3410
2022_05,8時,24790,25130,6300,8900,10720,8930,7340,7710,33120,13010,5680,21580,22920,6390,6800,10200,7500,6410,7170,37120,3720,5220
2022_05,9時,24690,25820,5700,8770,10980,8650,7790,8590,27950,15880,8200,22220,23780,6040,7360,10560,7610,6830,7580,35290,4700,7450
2022_05,10時,24810,27200,5430,9020,11160,8720,8220,9440,25500,16780,11130,22470,24950,5690,7640,10650,7800,7300,8330,33130,5310,10400
2022_05,11時,24840,27850,5600,8930,11100,8720,8470,9850,24260,17180,12650,22570,25850,5580,7970,10550,7860,7820,8620,31300,5700,12810
2022_05,12時,24790,28230,5690,8980,11110,8620,8560,10040,24100,17470,12860,22910,26580,5720,8090,10640,8100,7980,8940,30500,5800,14540
2022_05,13時,24580,28360,5690,8900,11370,8610,8470,9880,23950,17350,13020,23190,26560,5920,8310,10560,8090,7840,9010,29860,5770,15410
2022_05,14時,24440,28030,5970,8750,11280,8540,8350,9570,23840,17040,12940,22960,26770,6300,8230,10550,8010,7730,8890,29530,5740,15750
2022_05,15時,24310,27850,6190,8840,11110,8610,8080,9300,24390,16800,12350,22380,26280,6190,8040,10380,7960,7460,8600,29440,5520,14960
2022_05,16時,24190,26990,6290,8730,10940,8520,7770,8910,25260,16030,11300,22470,25890,6290,8190,10520,7850,7230,8270,30250,5390,14030
2022_05,17時,24010,25820,6350,8550,10830,8440,7360,8290,26850,14570,9800,22340,25450,6190,8310,10670,7770,7080,7740,31470,5250,12470
2022_05,18時,23550,25070,6580,8550,10600,8230,6920,7720,29820,11000,9250,22370,25020,6240,8310,10710,7740,6990,7390,32850,4790,11140
2022_05,19時,23590,24490,6930,8360,10710,8160,6570,7320,33040,8140,8350,22210,24030,6470,7930,10430,7620,6680,7090,34150,4160,9320
2022_05,20時,22890,23610,6930,8110,10440,7810,6220,6980,35120,5820,6990,21820,22980,6500,7600,10330,7310,6290,6760,35480,3410,7360
2022_05,21時,22220,22460,6730,7750,10200,7380,5950,6660,36710,4180,5240,21370,22000,6490,7350,10050,7080,5930,6470,36540,2730,5600
2022_05,22時,21170,21680,6490,7380,9770,7220,5690,6290,37360,3080,3890,20680,21120,6260,7050,9690,7020,5530,6230,36810,2280,4240
2022_05,23時,20200,20480,6220,6860,9370,6840,5410,5990,36830,2330,2960,19660,19920,5850,6640,9200,6690,5250,5930,36200,1940,2970
2022_05,24時,21190,21900,6390,7110,9860,7230,5760,6710,40330,1920,2310,20850,21370,6470,6720,9620,7090,5660,6650,39470,1810,2530
2022_05,25時,21340,22000,6440,7150,9920,7300,5770,6740,40610,1900,2340,20960,21420,6470,6740,9630,7170,5700,6660,39650,1810,2540
2022_05,26時,21130,21830,6320,7060,9860,7240,5780,6700,40570,1900,2020,20860,21250,6360,6660,9580,7120,5710,6660,39710,1830,2200
2022_05,27時,21040,21830,6300,6990,9850,7240,5790,6690,40480,1940,1970,20800,21170,6300,6570,9590,7130,5690,6680,39630,1810,2130
2022_05,28時,20960,21750,6230,6960,9830,7230,5760,6690,40420,1940,1880,20720,21140,6270,6560,9540,7110,5680,6690,39560,1830,2070
2022_06,5時,21090,22070,5880,7290,9860,7440,5950,6710,41000,2290,1790,20980,21750,6030,6830,9820,7460,5890,6690,40070,2170,2370
2022_06,6時,21400,22250,5950,7230,9990,7400,6110,6940,40030,3020,2500,20870,22010,6110,6830,9760,7310,6050,6790,39580,2400,2740
2022_06,7時,22620,22670,5840,7500,10240,7920,6650,7140,37220,5990,4060,21400,22460,6150,7100,9950,7480,6150,7010,39080,2920,3730
2022_06,8時,25210,25170,6340,9190,10830,9010,7510,7470,33340,13420,5960,22250,23720,6390,7740,10160,7640,6740,7270,37700,4310,5840
2022_06,9時,25270,25850,6050,9150,11000,8580,7820,8500,28340,16000,8710,22530,25240,6070,8440,10520,7870,7150,7710,35570,5560,8390
2022_06,10時,25050,27410,5370,9280,11250,8700,8290,9550,25770,16680,11800,23080,26800,5880,8930,11000,8050,7620,8390,33800,6190,11620
2022_06,11時,25090,28360,5430,9380,11260,8750,8700,9920,24580,17110,13490,23690,27500,5780,9300,11040,8330,8050,8670,31980,6560,14290
2022_06,12時,25100,28540,5390,9490,11330,8620,8810,9980,24340,17340,13700,24210,27980,5900,9540,11270,8390,8180,8900,31290,6700,15830
2022_06,13時,25070,28450,5500,9480,11410,8500,8720,9890,24160,17240,13830,24220,27940,5880,9420,11340,8300,8210,8990,30790,6620,16330
2022_06,14時,24740,28470,5650,9310,11490,8500,8600,9640,24120,17120,13650,24040,27880,6100,9380,11290,8230,7980,8920,30890,6400,16180
2022_06,15時,24480,28090,5710,9220,11290,8610,8350,9370,24510,16920,12870,23790,28020,6570,9400,11220,8160,7710,8740,31000,6310,16070
2022_06,16時,24510,26980,5720,9140,11270,8540,7950,8850,25410,16330,11490,23680,27500,6360,9430,11370,8110,7530,8370,31620,6190,14980
2022_06,17時,24510,25900,5960,9210,11080,8480,7420,8240,26830,15030,10300,23410,26940,6200,9450,11410,8060,7340,7870,32460,5830,13690
2022_06,18時,23880,25250,6280,8980,10890,8330,6990,7650,30120,11100,9710,23230,26660,6460,9490,11400,7890,7110,7530,33970,5310,12270
2022_06,19時,23470,24610,6330,8890,10850,8180,6580,7240,33120,8030,8740,22630,25470,6530,8760,10930,7840,6880,7150,35120,4410,10180
2022_06,20時,22730,23430,6300,8360,10510,7890,6210,6870,35080,5670,7180,21870,23920,6310,7950,10620,7600,6430,6850,35870,3770,7870
2022_06,21時,22030,22280,6090,8030,10160,7560,5930,6520,36800,4080,5260,21710,22490,6200,7680,10330,7380,6060,6520,37070,3210,5740
2022_06,22時,21150,21610,5980,7620,9850,7370,5710,6230,37450,3080,4040,21150,21790,6350,7440,10000,7250,5690,6190,37740,2700,4320
2022_06,23時,20110,20560,5800,7130,9360,7010,5440,5910,36970,2430,3020,20260,20680,6350,6870,9550,6940,5390,5830,37240,2260,3250
2022_06,24時,20840,22030,5920,7410,9770,7400,5760,6600,40370,2110,2230,20930,21880,6400,6970,9720,7340,5750,6600,40200,2130,2360
2022_06,25時,21050,22070,5950,7450,9810,7480,5790,6630,40630,2100,2240,21210,21850,6480,6990,9770,7400,5810,6610,40490,2100,2370
2022_06,26時,20890,21930,5840,7370,9790,7420,5800,6590,40540,2070,2040,21120,21650,6340,6920,9720,7370,5810,6590,40390,2090,2180
2022_06,27時,20770,21860,5830,7260,9720,7410,5800,6590,40490,2090,1900,21000,21600,6270,6890,9650,7370,5780,6610,40350,2080,2070
2022_06,28時,20720,21860,5860,7240,9710,7400,5780,6570,40440,2120,1870,21020,21610,6300,6830,9670,7390,5800,6630,40320,2120,2090
2022_07,5時,21260,22150,6080,7030,9780,7620,6090,6790,41020,2300,1930,20870,21700,6090,6350,9690,7540,6080,6800,40110,2150,2110
2022_07,6時,21390,22430,6120,6970,9990,7430,6330,6970,40060,3010,2580,20740,21810,5990,6330,9810,7380,6220,6820,39580,2390,2360
2022_07,7時,22910,22620,6180,7370,10180,7800,6810,7160,37300,5880,4200,20970,22200,6060,6430,9850,7460,6340,7000,39000,2760,3190
2022_07,8時,25050,24410,6260,8470,10700,8920,7590,7500,32830,12480,6220,22150,23260,6410,7050,10170,7770,6740,7270,37710,4000,5460
2022_07,9時,25220,25180,5980,8210,11030,8640,8090,8430,28350,14870,9010,23020,24720,6030,7790,10870,8010,7310,7710,36080,5270,8090
2022_07,10時,24990,26830,5430,8560,11300,8700,8530,9290,26070,15550,11810,23750,26320,6180,8360,11180,8240,7760,8330,34370,5760,11400
2022_07,11時,25160,27980,5750,8590,11490,8720,8890,9670,25190,15960,13500,23890,27240,6080,8600,11290,8350,8170,8620,33000,6260,13310
2022_07,12時,25210,27880,5620,8630,11410,8670,8880,9860,24760,16090,13740,23790,27600,6020,8570,11310,8450,8350,8680,31880,6320,14500
2022_07,13時,24930,27680,5630,8550,11450,8660,8660,9650,24530,16090,13450,23850,27800,5880,8800,11530,8440,8280,8700,31250,6170,15420
2022_07,14時,24800,27400,5780,8460,11290,8620,8600,9430,24380,15840,13380,23650,27910,6220,8780,11360,8550,8080,8550,31180,6010,15580
2022_07,15時,24470,27250,5980,8350,11010,8700,8460,9210,24740,15610,12780,23550,27060,6030,8650,11260,8430,7750,8470,31170,5900,14720
2022_07,16時,24660,26470,6160,8440,11100,8580,8110,8720,25610,15340,11620,23410,26480,5860,8880,11250,8210,7520,8150,31700,5740,13640
2022_07,17時,24530,25280,6040,8380,11060,8580,7490,8240,26970,14060,10250,23210,26010,5770,8820,11300,8240,7230,7850,32650,5490,12260
2022_07,18時,23880,24620,6190,8360,10900,8390,6980,7660,30150,10260,9530,23050,25320,5780,8690,11190,8090,7100,7510,33930,4950,10760
2022_07,19時,23490,23940,6240,8250,10860,8260,6620,7170,33360,7300,8280,22350,24140,5890,8140,10590,7890,6780,7180,34980,4290,8690
2022_07,20時,22710,23320,6430,7870,10600,7920,6370,6820,35590,5280,6750,22160,22880,6170,7480,10180,7820,6450,6910,36190,3780,6710
2022_07,21時,21880,22400,6200,7620,10280,7610,6080,6470,37100,3850,4990,21720,21900,6290,7370,9790,7450,6100,6590,36940,3160,5230
2022_07,22時,21140,21660,6180,7170,9940,7480,5820,6180,37730,3060,3790,20890,21250,6270,6920,9580,7240,5760,6340,37520,2580,3820
2022_07,23時,19960,20780,6010,6710,9420,7130,5550,5900,37210,2530,2760,20050,20310,6110,6530,9120,7070,5480,6020,36870,2260,2960
2022_07,24時,20790,22050,6140,6890,9690,7550,5940,6620,40340,2130,2140,20930,21620,6260,6690,9590,7440,5900,6660,40030,2120,2230
2022_07,25時,21000,22080,6170,6930,9740,7600,5970,6660,40590,2140,2130,21020,21640,6280,6650,9590,7500,5950,6670,40200,2100,2200
2022_07,26時,20880,21940,6110,6840,9700,7540,5970,6630,40540,2130,1940,20840,21520,6210,6550,9530,7450,5940,6660,40130,2100,1980
2022_07,27時,20810,21940,6090,6820,9680,7540,5970,6630,40530,2170,1840,20780,21520,6270,6480,9530,7450,5910,6670,40160,2120,1890
2022_07,28時,20810,21930,6100,6820,9690,7530,5960,6620,40500,2190,1840,20840,21480,6280,6470,9520,7440,5910,6680,40140,2120,1910
2022_08,5時,20950,22180,6110,6970,9800,7550,5860,6830,40850,2120,1900,20780,21670,5880,6760,9640,7460,5800,6880,40130,1980,2100
2022_08,6時,20950,22460,6160,6910,9840,7400,6020,7060,39850,2590,2710,20620,21800,5820,6780,9750,7290,5860,6930,39620,2170,2380
2022_08,7時,22260,23080,6270,7250,10190,7840,6550,7230,37910,5020,4220,20990,22080,5890,6880,9880,7440,5910,7060,39060,2600,3200
2022_08,8時,24280,24400,6070,8280,10550,9020,7200,7550,33630,10470,6610,22010,22810,6190,7210,10040,7820,6290,7260,37960,3420,5230
2022_08,9時,24340,25200,5800,8150,10860,8870,7570,8270,29560,12500,9250,22780,24770,6340,7850,10760,8060,6830,7690,36760,4760,7850
2022_08,10時,24280,26520,5580,8320,11060,9030,7910,8890,27560,13010,11880,23530,26090,6340,8390,11040,8300,7310,8220,35050,5200,11100
2022_08,11時,24350,27340,5820,8310,11120,9090,8150,9180,26470,13420,13410,23730,27280,6840,8600,11310,8270,7570,8400,33760,5440,13360
2022_08,12時,24300,27450,5930,8300,11060,9000,8180,9250,26160,13590,13590,23650,27440,6590,8650,11240,8420,7680,8490,32750,5470,14360
2022_08,13時,23960,27370,5890,8280,11170,8900,8020,9050,25820,13420,13590,23670,27430,6480,8730,11470,8390,7600,8420,32240,5440,14930
2022_08,14時,23940,27150,5890,8400,11090,8860,7940,8890,25850,13340,13380,23510,27340,6640,8610,11550,8310,7420,8310,32350,5300,14690
2022_08,15時,23590,26980,5920,8250,11000,8840,7730,8810,26130,13140,12780,23320,27610,7030,8700,11490,8270,7260,8180,32840,5220,14340
2022_08,16時,23570,26220,5970,8130,11040,8730,7460,8430,26950,12850,11530,22770,26690,6640,8550,11240,8130,7010,7880,32840,5110,12970
2022_08,17時,23510,25370,5990,8280,10920,8630,7160,7890,28440,11850,10170,22880,26260,6940,8450,11020,8080,6960,7670,33620,4970,12050
2022_08,18時,22660,24540,5880,7990,10900,8250,6730,7430,31210,8590,9030,22890,25450,6720,8570,10950,7950,6730,7410,34780,4670,10450
2022_08,19時,22080,23970,6010,7700,10910,8000,6310,7100,33970,6150,7580,22430,24420,6490,8250,10890,7750,6380,7080,35520,4030,8870
2022_08,20時,21820,23380,6220,7730,10710,7730,5990,6800,35940,4650,6240,21900,23410,6710,7700,10530,7550,5990,6800,36380,3460,7040
2022_08,21時,21390,22400,6160,7550,10330,7440,5790,6510,37300,3370,4790,21510,22050,6310,7530,10110,7320,5720,6550,37140,2910,5140
2022_08,22時,20900,21790,6330,7210,9950,7320,5590,6270,37980,2720,3640,20990,21460,6480,7260,9680,7180,5490,6350,37810,2310,3990
2022_08,23時,19940,20950,6230,6890,9330,7080,5350,5990,37520,2230,2780,20250,20670,6350,7040,9230,6990,5220,6060,37380,2030,3160
2022_08,24時,20740,22330,6320,7100,9770,7430,5710,6720,40450,2030,2300,20950,21770,6300,7070,9560,7360,5610,6800,40090,1910,2430
2022_08,25時,20870,22240,6210,7100,9800,7510,5730,6740,40640,2030,2170,21020,21860,6310,7070,9620,7430,5630,6810,40370,1910,2320
2022_08,26時,20670,22130,6170,7010,9720,7460,5730,6710,40570,2010,1950,20840,21760,6290,6880,9560,7420,5650,6780,40350,1890,2080
2022_08,27時,20620,22120,6210,6970,9650,7450,5720,6720,40600,2010,1850,20780,21850,6350,6870,9530,7430,5620,6810,40480,1890,1990
2022_08,28時,20620,22050,6160,6940,9680,7460,5700,6700,40530,2000,1860,20780,21830,6350,6860,9520,7430,5620,6820,40450,1890,2010
2022_09,5時,21090,22170,5890,6490,10180,7580,6090,7010,40990,2440,1790,20870,21820,6370,5880,9830,7520,6010,7060,40050,2180,2330
2022_09,6時,21480,22500,6200,6530,10140,7480,6430,7180,40080,3190,2650,21070,22010,6520,5990,9790,7470,6110,7190,39810,2490,2640
2022_09,7時,22830,23030,6210,6950,10570,7950,6850,7320,37510,6180,4170,21230,22250,6560,6060,10000,7520,6140,7180,39030,3130,3180
2022_09,8時,24360,24810,5710,7780,11480,8980,7540,7660,32260,13120,6140,21900,23200,6580,6350,10260,7850,6610,7430,37790,4500,4710
2022_09,9時,24440,26030,5740,7770,11620,8750,7870,8700,27960,15550,8980,22600,25090,6640,7060,10890,8090,7170,7830,36390,5970,7180
2022_09,10時,24180,27620,5600,7900,11650,8880,8210,9530,25580,16050,11960,23230,26140,6680,7280,11230,8240,7590,8330,34820,6320,9950
2022_09,11時,24260,28560,5800,8080,11620,8960,8530,9830,24630,16350,13610,23490,26710,6780,7540,11090,8410,7750,8620,33000,6760,12080
2022_09,12時,24260,28700,5880,8040,11590,8970,8580,9900,24270,16650,13790,23430,27230,6600,7670,11020,8610,7970,8760,31970,6800,13540
2022_09,13時,23880,28420,5620,7870,11660,8830,8440,9860,24010,16510,13480,23510,26920,6590,7680,11100,8580,7790,8670,31320,6660,13950
2022_09,14時,23810,28180,5640,7940,11590,8840,8290,9670,24030,16410,13230,23180,26780,6640,7530,11150,8490,7580,8550,30830,6560,14060
2022_09,15時,23510,27820,5600,7890,11400,8860,8120,9420,24240,16180,12620,22870,26460,6520,7440,11100,8420,7420,8400,30640,6420,13810
2022_09,16時,23370,26750,5580,7780,11320,8740,7780,8910,25000,15540,11330,22620,26110,6380,7550,11160,8220,7300,8100,31220,6200,12900
2022_09,17時,23430,25610,5550,7690,11440,8630,7500,8220,26620,14290,9930,22670,25620,6460,7540,11060,8280,7180,7770,32490,5920,11490
2022_09,18時,22720,25210,5970,7610,11130,8380,7100,7710,29810,10590,9330,22580,25390,6530,7540,11240,8180,6930,7540,33970,5340,10240
2022_09,19時,22530,24270,6140,7280,11060,8250,6750,7280,32860,7500,8190,22030,24330,6460,7190,10770,7990,6650,7290,34850,4460,8660
2022_09,20時,22180,23520,6390,7020,10800,8090,6410,6970,35150,5520,6840,21680,23230,6570,6710,10560,7830,6270,6950,35940,3700,6910
2022_09,21時,21640,22470,6150,6860,10510,7720,6140,6720,36750,4040,5180,21590,22400,6870,6610,10220,7510,6010,6760,37370,2920,5370
2022_09,22時,21030,21940,6300,6710,10100,7490,5920,6440,37710,3120,3980,21140,21550,6690,6420,9930,7400,5740,6500,37890,2520,4000
2022_09,23時,20140,20970,6150,6350,9610,7150,5640,6180,37400,2470,3000,20330,20400,6450,6010,9430,7120,5510,6180,37300,2210,2920
2022_09,24時,21100,22080,6280,6630,9980,7510,5890,6890,40590,2250,2290,21150,21600,6430,6200,9830,7480,5830,6950,40150,2090,2330
2022_09,25時,21170,22040,6180,6640,9980,7570,5910,6910,40800,2210,2140,21280,21640,6510,6190,9840,7520,5870,6970,40380,2100,2270
2022_09,26時,20990,21840,6050,6560,9920,7500,5920,6860,40660,2170,1890,21180,21560,6480,6160,9800,7480,5870,6930,40330,2090,2160
2022_09,27時,21010,21860,6070,6550,9920,7490,5920,6890,40730,2180,1840,21080,21510,6420,6110,9750,7480,5850,6960,40350,2090,1980
2022_09,28時,21010,21900,6070,6540,10000,7510,5900,6880,40770,2210,1830,21120,21530,6470,6100,9770,7470,5840,6980,40400,2090,1990
2022_10,5時,21700,22100,4890,7240,10970,7600,6100,6990,41620,2930,1740,21520,22390,5670,6750,10840,7540,6070,7010,41060,2750,2530
2022_10,6時,22030,22400,5120,7170,10940,7570,6440,7180,40620,3720,2580,21520,22500,5850,6810,10750,7420,6160,7010,40490,2970,2960
2022_10,7時,24120,22830,5440,7510,11590,8130,6950,7320,38130,7170,4280,22130,22770,6090,7050,10820,7570,6200,7150,39890,3640,3780
2022_10,8時,25800,25140,5450,8350,12500,9260,7640,7720,32990,14530,6450,22950,23440,6110,7150,11100,7920,6630,7460,38530,4970,5370
2022_10,9時,25280,26070,5340,8000,12390,8800,8040,8770,28220,16880,8850,23440,25490,6190,7870,11550,8190,7180,7930,36790,6420,8150
2022_10,10時,24880,27650,5170,8110,12360,8900,8440,9530,26020,17370,11520,23810,26850,6140,8160,11770,8390,7560,8620,34570,6880,11480
2022_10,11時,24920,28770,5490,8210,12270,8980,8690,10040,24990,17700,13290,23530,27540,6150,7860,11670,8530,7860,8980,32150,7170,13880
2022_10,12時,24790,29000,5360,8190,12340,9000,8670,10220,24520,17910,13650,23650,28040,6140,8200,11740,8620,7920,9060,31540,7310,14980
2022_10,13時,24290,28550,5100,7990,12320,8840,8500,10080,24140,17670,13270,23570,27980,5800,8060,11930,8670,7960,9100,30740,7220,15660
2022_10,14時,24190,28200,5080,7990,12260,8920,8310,9810,24030,17590,12990,23490,27710,6080,7810,11890,8600,7800,9010,30020,7010,16130
2022_10,15時,23970,27920,5040,7930,12200,9000,8130,9570,24370,17340,12390,23460,27380,6230,7810,11850,8460,7580,8900,30380,6810,15630
2022_10,16時,23710,26720,5110,7820,12040,8780,7770,8870,25150,16730,10790,23070,26920,6410,7660,11700,8350,7340,8520,31040,6520,14430
2022_10,17時,23680,25800,5100,7880,12070,8770,7430,8220,26970,15280,9540,22860,26250,6220,7840,11650,8290,7150,7940,32300,6250,12680
2022_10,18時,22910,25400,5520,7940,11920,8430,6900,7590,30570,11330,8740,22910,25640,6320,7780,11780,8200,6950,7510,34180,5710,10740
2022_10,19時,22790,24860,5760,7860,11930,8240,6630,7200,33860,8290,7810,22780,24990,6440,7670,11600,8070,6820,7150,35800,5160,8970
2022_10,20時,22680,23850,5870,7790,11630,7970,6350,6890,36070,6190,6540,22340,23770,6220,7360,11260,7930,6430,6890,36900,4280,7140
2022_10,21時,22110,22950,5740,7640,11370,7620,6080,6590,37530,4640,5180,22030,22480,5760,7240,11050,7680,6120,6650,37900,3530,5320
2022_10,22時,21690,21990,5580,7360,11010,7440,5940,6350,38460,3730,3780,21630,21600,5640,7040,10800,7400,5880,6450,38410,3100,3980
2022_10,23時,20650,21090,5360,7100,10440,7110,5670,6040,37950,3100,2920,20730,20730,5440,6800,10330,7160,5610,6100,37890,2790,3030
2022_10,24時,21450,22220,5240,7390,10710,7520,5950,6830,41100,2800,2130,21560,21930,5610,6960,10610,7540,5960,6780,40850,2660,2340
2022_10,25時,21530,22280,5270,7390,10710,7580,5960,6880,41400,2780,2030,21580,21990,5610,6960,10600,7580,5980,6820,41060,2630,2260
2022_10,26時,21400,22130,5210,7300,10690,7520,5960,6830,41350,2770,1840,21470,21810,5540,6860,10590,7510,5980,6780,41000,2630,2060
2022_10,27時,21440,22070,5190,7300,10680,7510,5960,6870,41340,2780,1820,21460,21810,5540,6790,10600,7550,5950,6820,41070,2640,1980
2022_10,28時,21460,22030,5150,7280,10720,7500,5940,6860,41310,2810,1790,21390,21760,5470,6740,10600,7550,5960,6810,41010,2620,1900
2022_11,5時,21960,22270,5700,7030,10850,7620,6070,6930,41910,2700,1850,21680,22090,5920,6690,10660,7420,6140,6920,41330,2530,2170
2022_11,6時,22350,22450,5970,6910,10820,7570,6410,7100,40870,3430,2760,21800,22370,6090,6730,10800,7310,6250,6980,41040,2890,2480
2022_11,7時,24250,23040,6180,7260,11480,8150,6840,7360,38440,6470,4730,22300,22670,6240,6830,10920,7520,6380,7070,40320,3550,3370
2022_11,8時,25780,25750,6080,8360,12440,9300,7640,7690,33480,14000,6930,23340,23660,6540,7210,11040,7900,6830,7470,39130,4640,5460
2022_11,9時,25080,26690,6030,7810,12230,9020,8020,8650,28490,16110,9410,23930,25370,6560,7740,11680,8180,7260,7870,37270,6140,8030
2022_11,10時,24740,28430,5830,7910,12350,9120,8450,9480,26200,16830,12260,24440,27100,6590,8160,11860,8630,7820,8470,35600,6770,11260
2022_11,11時,24550,29580,5920,7880,12400,9150,8790,9970,25140,17260,13800,24700,28310,6790,8420,11790,8890,8220,8880,33700,7120,14160
2022_11,12時,24510,29600,5910,7920,12370,9150,8770,9970,24720,17490,13910,24500,28710,6680,8310,11950,8940,8290,9020,32620,7120,15340
2022_11,13時,24180,29080,5510,7810,12330,9080,8620,9900,24140,17280,13800,24440,28460,6830,8170,11910,8870,8210,8900,31650,7160,15960
2022_11,14時,24230,28460,5300,7900,12190,9060,8500,9730,23950,16990,13640,24380,28280,6940,8100,11910,8690,8080,8920,31410,7070,16020
2022_11,15時,24040,28000,5310,7790,12030,9130,8320,9440,24270,16620,13060,24540,27440,7160,7860,11800,8640,7770,8730,31530,6960,15320
2022_11,16時,23790,27050,5380,7680,12050,9060,7960,8680,25060,16080,11680,24210,26910,7140,7860,11870,8530,7470,8220,32340,6730,13860
2022_11,17時,23710,26300,5510,7910,11910,8960,7600,8110,26920,14730,10380,24120,26220,7030,7880,11810,8500,7290,7810,33600,6320,12310
2022_11,18時,23400,25930,5960,8050,11930,8610,7180,7570,30690,10840,9890,24040,25820,7030,7930,11930,8360,7120,7480,35100,5750,10930
2022_11,19時,23180,25150,6080,7750,11900,8480,6850,7250,33830,7980,8590,23670,25030,6980,7940,11670,8140,6860,7110,36340,5030,9280
2022_11,20時,23010,24110,6240,7580,11640,8190,6530,6920,36090,5820,7290,23110,24080,6990,7490,11310,7940,6570,6870,37270,4090,7790
2022_11,21時,22510,23090,6160,7360,11480,7810,6180,6600,37690,4410,5620,22960,22920,6670,7460,11210,7640,6270,6610,38660,3350,5900
2022_11,22時,22010,22180,6160,7170,11070,7600,5930,6240,38510,3630,4180,22490,21770,6360,7310,10850,7450,5960,6310,39020,2870,4390
2022_11,23時,21100,20910,5930,6840,10340,7230,5700,5950,38040,3010,3050,21430,20620,6060,7010,10160,7160,5680,5970,38320,2600,3180
2022_11,24時,21880,22150,5870,6930,10890,7560,5990,6770,41350,2640,2220,21880,21920,6040,6890,10660,7480,5990,6720,41140,2560,2320
2022_11,25時,21930,22210,5880,6990,10860,7590,6000,6800,41660,2650,2070,21980,21940,6080,6930,10650,7490,6010,6740,41390,2530,2230
2022_11,26時,21780,22110,5850,6960,10770,7520,6010,6770,41600,2620,1910,21890,21840,6150,6860,10600,7420,5990,6690,41410,2510,2060
2022_11,27時,21780,22050,5840,6940,10710,7520,5990,6810,41610,2600,1840,21860,21830,6100,6840,10580,7440,5970,6750,41480,2520,1950
2022_11,28時,21770,22050,5830,6910,10740,7540,5970,6810,41590,2620,1820,21930,21810,6070,6840,10610,7450,5990,6760,41510,2520,1950
2022_12,5時,21730,22020,5380,6670,11040,7380,6230,7030,41610,2820,1730,21500,21900,5630,6620,10580,7290,6180,7080,40860,2560,2240
2022_12,6時,22030,22280,5580,6750,10910,7350,6510,7200,40670,3390,2690,21600,22010,5740,6720,10630,7150,6270,7080,40350,2830,2710
2022_12,7時,23610,22920,5740,7280,11360,7750,6960,7420,38590,6010,4490,22150,22520,5810,7020,10820,7280,6480,7240,39920,3530,3510
2022_12,8時,24620,25710,5550,8010,12350,8930,7760,7720,34150,12540,6740,23060,23490,6050,7310,11110,7640,6870,7540,38740,4940,5240
2022_12,9時,24320,26450,5470,7540,12200,8760,8220,8560,29600,14550,9080,23760,25480,6450,7830,11440,8100,7470,7920,37080,6380,8070
2022_12,10時,24410,27940,5120,7600,12470,8870,8700,9590,27490,15160,12040,24300,27360,6720,8290,11700,8330,8030,8560,35420,6990,11420
2022_12,11時,24470,29470,5590,7800,12350,8970,9000,10200,26560,15510,14120,24660,28670,6840,8640,11740,8580,8440,9060,33580,7210,14640
2022_12,12時,24500,29690,5520,7980,12480,8980,8990,10230,26070,15860,14520,24900,28840,6550,8600,11910,8820,8610,9220,32440,7340,15910
2022_12,13時,24380,29530,5490,8020,12330,8970,8880,10200,25570,15850,14710,24850,28720,6620,8430,12110,8850,8370,9180,31690,7240,16520
2022_12,14時,24230,29000,5340,7990,12260,8980,8710,9930,25330,15570,14510,24890,29060,6890,8620,12190,8800,8320,9110,31430,7170,17210
2022_12,15時,23970,28710,5370,7970,12200,9020,8500,9590,25660,15190,14030,25000,28550,6980,8350,12340,8820,8080,8970,31700,6930,16830
2022_12,16時,23660,27810,5430,7740,12190,8970,8190,8930,26350,14740,12560,24490,27570,6730,8070,12290,8660,7790,8500,32210,6730,14990
2022_12,17時,23540,26880,5390,7940,12130,8860,7770,8300,27890,13670,11130,24410,26700,6480,8270,12290,8440,7570,8040,33260,6580,13250
2022_12,18時,23550,26600,5950,8370,12140,8620,7250,7790,31130,10430,10860,24070,25660,6410,8090,12080,8220,7300,7620,34380,6080,11310
2022_12,19時,23640,25610,6250,8150,12080,8390,6970,7390,33970,7830,9720,23800,24540,6550,8010,11630,7970,6980,7170,35440,5310,9690
2022_12,20時,23440,24200,6380,7800,11780,8080,6600,6980,35870,5910,8110,23120,23340,6370,7510,11280,7760,6620,6900,36460,4350,7820
2022_12,21時,22900,22760,5900,7520,11480,7750,6350,6650,37320,4470,6150,22920,22190,6100,7360,11140,7530,6340,6620,37580,3680,6050
2022_12,22時,22250,21810,5820,7230,11110,7480,6060,6330,38060,3710,4550,22300,21660,6260,7150,10850,7260,6030,6390,38250,3240,4690
2022_12,23時,21170,20620,5670,6890,10360,7110,5770,5970,37520,3080,3420,21300,20460,5910,6760,10300,7010,5750,6030,37750,2840,3380
2022_12,24時,21700,21880,5620,6790,10820,7330,6110,6890,40860,2780,2300,21750,21810,5900,6610,10820,7300,6060,6860,40550,2710,2620
2022_12,25時,21710,21870,5520,6800,10810,7370,6140,6920,41170,2720,2060,21690,21930,5940,6510,10850,7350,6080,6870,40740,2640,2580
2022_12,26時,21610,21790,5480,6780,10790,7290,6150,6890,41210,2660,1870,21520,21720,5830,6470,10760,7250,6090,6830,40740,2580,2230
2022_12,27時,21600,21830,5510,6730,10770,7310,6150,6930,41310,2670,1810,21490,21730,5820,6440,10750,7260,6070,6850,40830,2610,2130
2022_12,28時,21560,21830,5520,6700,10780,7300,6140,6930,41340,2680,1740,21400,21750,5830,6380,10690,7270,6080,6880,40820,2590,2070
2023_01,5時,22050,23290,6160,6900,10140,8130,5820,8170,43090,2590,1880,21720,22810,5950,6600,9970,8020,5880,8110,41820,2280,2510
2023_01,6時,22520,23560,6440,6940,10110,8120,6050,8400,42350,3150,2800,21730,22920,6120,6660,9880,7950,5900,8130,41410,2460,2860
2023_01,7時,23950,23920,6240,7370,10500,8610,6500,8620,39970,5660,4590,22190,23260,6140,6760,10010,8150,6100,8270,40860,2870,3760
2023_01,8時,25150,26580,6290,7790,11550,9980,7200,8900,35370,12410,6760,23170,24120,6500,7060,10180,8540,6400,8590,39780,4000,5630
2023_01,9時,24920,27320,5920,7370,11500,9950,7530,9940,30380,14430,9710,23820,26210,6690,7450,10830,9190,6840,9010,38260,5310,8600
2023_01,10時,24960,28930,5710,7360,11680,10210,7930,10990,28490,14980,12580,24220,27770,6640,7720,11040,9540,7310,9710,36650,5760,11630
2023_01,11時,24970,30530,6150,7420,11600,10460,8270,11580,27420,15430,14730,24740,29250,6960,8230,11200,9760,7580,10260,34970,6020,14920
2023_01,12時,25030,30770,6160,7540,11620,10530,8230,11700,26750,15620,15440,24880,29760,7040,8030,11460,9990,7670,10450,33820,6130,16450
2023_01,13時,25010,30330,5990,7620,11610,10460,8150,11480,26350,15570,15380,25240,30000,7070,8250,11620,10030,7650,10610,32990,6190,17800
2023_01,14時,24900,29880,5800,7680,11550,10460,8060,11230,26200,15440,15110,25200,29560,7080,8210,11500,10010,7470,10480,32650,6140,17700
2023_01,15時,24570,29310,5720,7650,11530,10440,7760,10770,26440,15110,14300,24740,28770,7050,8040,11290,9880,7250,9980,32670,6000,16640
2023_01,16時,24090,28400,5800,7350,11460,10410,7470,9980,27040,14750,12680,24360,27720,6850,7860,11070,9740,6980,9570,33080,5780,15000
2023_01,17時,23770,27590,5820,7590,11310,10180,7170,9280,28640,13710,11070,24540,27070,6970,8020,11010,9510,6880,9190,34720,5640,13130
2023_01,18時,23620,27120,6450,8030,11060,9690,6710,8780,32460,10350,10040,23960,26370,6830,7990,10940,9270,6620,8640,35800,5080,11320
2023_01,19時,23780,26110,6830,7980,11020,9220,6400,8410,35590,7530,8820,23330,25330,6750,7690,10670,8920,6360,8250,36660,4480,9420
2023_01,20時,23590,25120,7130,7780,10780,8830,6110,8080,37850,5700,7240,22790,24180,6970,7170,10340,8550,6050,7860,37640,3750,7490
2023_01,21時,23050,24030,6840,7580,10550,8480,5900,7720,39380,4250,5590,22380,23350,6650,7220,10130,8270,5840,7600,38720,3070,5900
2023_01,22時,22460,23250,6730,7420,10270,8220,5660,7390,40260,3340,4250,21920,22760,6640,7130,10050,7980,5540,7310,39040,2690,4940
2023_01,23時,21440,21920,6340,7160,9620,7840,5410,6970,39550,2810,3130,20850,21580,6320,6810,9490,7630,5280,6900,38440,2370,3580
2023_01,24時,22190,23230,6410,7040,10140,8110,5710,8000,42870,2560,2230,21560,22800,6200,6690,9790,8030,5630,8000,41650,2350,2460
2023_01,25時,22100,23320,6430,6970,10110,8120,5720,8040,43120,2520,2040,21520,22900,6120,6670,9870,8070,5650,8020,41930,2300,2280
2023_01,26時,22030,23220,6390,6950,10100,8060,5740,8000,43180,2490,1820,21490,22900,6140,6690,9900,8000,5660,7990,42050,2260,2180
2023_01,27時,22030,23230,6340,6950,10080,8090,5750,8040,43240,2480,1770,21460,22900,6140,6650,9890,8000,5640,8030,42070,2270,2120
2023_01,28時,21990,23230,6310,6950,10070,8080,5730,8050,43240,2490,1730,21450,22900,6160,6630,9880,8000,5640,8010,42030,2280,2140
2023_02,5時,22640,23230,6230,7100,10500,8440,5850,7740,43780,3250,1770,22690,23400,6890,7210,10240,8250,5760,7710,43390,3130,2450
2023_02,6時,22850,23350,6360,7060,10360,8390,6090,7930,42710,3920,2570,22610,23410,6870,7270,10110,8220,5820,7710,42830,3420,2710
2023_02,7時,24290,23560,6160,7260,10740,8930,6580,8160,40080,6570,4270,23050,23600,6940,7330,10170,8340,6060,7800,42040,3980,3540
2023_02,8時,25710,26960,6590,8000,11940,10580,7140,8390,35540,13980,6790,23890,24780,6980,7850,10570,8770,6320,8160,40790,5480,5450
2023_02,9時,25230,27700,6350,7520,11490,10530,7630,9400,30060,15980,9890,24450,26630,7030,8640,10720,9310,6660,8690,38970,6680,8200
2023_02,10時,25160,29110,5990,7540,11540,10720,7990,10480,27840,16570,12700,25560,28490,7440,9090,10910,9710,7230,9650,37230,7250,12280
2023_02,11時,25210,30880,6410,7790,11490,10890,8280,11220,26850,17070,14940,25760,30220,7530,9350,11030,10100,7670,10290,35180,7790,15600
2023_02,12時,25090,31570,6680,7750,11430,11000,8320,11470,26460,17560,15360,25860,30980,7720,9330,11180,10410,7770,10400,34340,7800,17090
2023_02,13時,25010,31250,6390,7860,11450,10970,8180,11390,26070,17400,15450,25880,30320,7240,9210,11200,10370,7780,10390,33240,7710,17550
2023_02,14時,24770,30330,6120,7830,11300,10880,7920,11050,25650,17100,14900,25660,30180,6890,9350,11540,10400,7500,10150,32790,7670,17680
2023_02,15時,24490,29860,6140,7850,11160,10870,7740,10580,26090,17050,13830,25330,29830,6910,9270,11480,10330,7230,9920,33040,7620,16840
2023_02,16時,24320,28750,6160,7680,11110,10830,7430,9850,26860,16540,12290,24920,29060,6950,8820,11400,10220,7080,9490,33620,7510,15200
2023_02,17時,24080,27710,5890,7840,11190,10660,7180,9000,28430,15440,10620,25280,28420,7080,9150,11540,9970,6980,8950,35080,7220,13800
2023_02,18時,24010,26980,6420,8280,10980,10230,6680,8380,32250,11680,9760,25130,27190,7130,9130,11410,9480,6730,8430,36630,6460,11620
2023_02,19時,24070,26260,6850,8230,11140,9760,6360,7980,35640,8600,8720,24660,26360,7310,8660,11210,9280,6530,8020,37750,5740,9940
2023_02,20時,23730,25340,7260,7920,10970,9240,6120,7550,37730,6520,7430,23810,25390,7350,7950,11030,9030,6240,7580,38740,4890,8050
2023_02,21時,23440,24340,7160,7790,10790,8830,5920,7280,39500,5100,5820,23380,24110,6920,7880,10820,8730,5920,7210,39970,4130,5970
2023_02,22時,22820,23450,6990,7630,10500,8540,5670,6930,40300,4230,4440,22970,22780,6580,7620,10630,8420,5680,6810,40390,3570,4480
2023_02,23時,21830,21890,6530,7200,9890,8100,5460,6510,39840,3360,3190,21900,21310,6160,7190,9990,8010,5430,6410,39450,3160,3270
2023_02,24時,22670,23360,6680,7210,10410,8380,5740,7590,43400,3170,2320,22370,23180,6360,7150,10330,8370,5770,7540,42900,3110,2390
2023_02,25時,22680,23350,6680,7210,10320,8440,5740,7620,43650,3140,2120,22520,23300,6480,7200,10360,8420,5790,7550,43260,3160,2340
2023_02,26時,22490,23240,6500,7230,10290,8340,5750,7600,43600,3130,1890,22520,23320,6570,7220,10390,8340,5780,7530,43450,3150,2160
2023_02,27時,22500,23220,6510,7160,10290,8340,5760,7640,43650,3130,1840,22500,23240,6540,7140,10380,8340,5760,7560,43500,3150,2010
2023_02,28時,22470,23170,6490,7150,10290,8320,5730,7650,43640,3140,1770,22380,23150,6400,7140,10370,8300,5760,7550,43480,3150,1820
2023_03,5時,22530,23290,6160,7250,10240,8560,5910,7690,43600,2990,1710,22410,23260,6350,7150,10040,8540,5840,7740,43540,2750,1900
2023_03,6時,22660,23390,6160,7340,10100,8550,6090,7780,42570,3620,2360,22510,23330,6470,7210,10030,8490,5860,7770,42970,3000,2400
2023_03,7時,24050,23870,6110,7410,10680,9120,6500,8090,40040,6470,4120,22890,23640,6630,7250,10060,8570,5920,8080,42210,3510,3340
2023_03,8時,25430,27010,6520,8160,11590,10830,6990,8330,35340,13470,6730,23620,24750,7040,7710,10350,8780,6220,8240,40940,4870,5190
2023_03,9時,25010,27450,5970,7700,11360,10670,7510,9230,29820,16050,9210,24360,26480,7200,8220,10690,9310,6770,8620,38880,6530,7880
2023_03,10時,24940,28880,6020,7780,11290,10630,7860,10210,27470,16580,12170,25330,28000,7440,8570,10870,9820,7230,9380,37190,7370,11160
2023_03,11時,25190,30180,6480,7740,11350,10790,8180,10810,26320,16890,14520,25600,28900,7280,8850,10980,10110,7490,9770,34730,7720,14240
2023_03,12時,25240,30500,6630,7730,11190,10910,8240,11020,25900,17210,14910,25560,29670,7400,8700,11170,10220,7550,10180,33990,7890,15550
2023_03,13時,25010,30230,6210,7880,11140,10860,8060,11090,25640,17070,14800,25340,29620,7240,8650,11220,10180,7450,10200,33440,7840,15830
2023_03,14時,24920,29590,6010,7860,11170,10770,7830,10840,25490,16970,14300,24930,29080,7320,8300,11190,9830,7240,10120,32750,7650,15660
2023_03,15時,24800,29320,6250,7800,11130,10740,7730,10460,25720,16880,13740,24390,29100,7420,8180,11150,9590,7270,9860,32710,7450,15400
2023_03,16時,24360,28720,6150,7720,11200,10730,7500,9760,26550,16480,12300,24370,28490,7160,8260,11110,9740,7130,9440,33410,7470,14100
2023_03,17時,24070,27930,5910,7900,11300,10560,7290,9030,28380,15290,10680,24280,28160,7080,8150,11470,9740,7030,8940,34750,7200,12680
2023_03,18時,23870,27630,6410,8480,11180,10210,6830,8380,32160,11870,9900,24550,27670,7160,8360,11480,9880,6770,8540,36310,6510,11580
2023_03,19時,24230,26790,6850,8430,11130,9970,6640,7990,35660,9060,8700,24390,26590,7090,8410,11090,9690,6520,8160,37350,5900,9900
2023_03,20時,23730,25810,7100,8130,10830,9560,6250,7660,37590,6850,7460,23400,25420,6920,7930,10770,9280,6110,7790,38250,4880,7930
2023_03,21時,23200,24590,6860,7830,10600,9150,5990,7340,39080,5260,5840,22860,24190,6570,7630,10670,8870,5850,7440,39420,4050,5780
2023_03,22時,22600,23660,6770,7690,10300,8770,5730,6980,40010,4200,4470,22510,23190,6350,7580,10520,8520,5650,7050,40170,3300,4450
2023_03,23時,21520,22160,6310,7330,9670,8290,5510,6560,39580,3200,3280,21600,21820,6190,7220,9740,8180,5420,6660,39510,2850,3250
2023_03,24時,22470,23540,6420,7390,10250,8530,5800,7600,43260,2990,2270,22440,22900,6200,7150,10180,8410,5730,7650,42740,2880,2220
2023_03,25時,22490,23540,6390,7350,10200,8630,5810,7630,43550,2970,2070,22540,23010,6350,7130,10150,8490,5740,7680,43070,2850,2140
2023_03,26時,22320,23470,6350,7290,10210,8540,5800,7580,43570,2930,1850,22460,22930,6400,7150,10100,8390,5710,7630,43120,2820,1960
2023_03,27時,22290,23460,6400,7260,10160,8530,5790,7600,43680,2940,1720,22470,22910,6400,7140,10070,8380,5710,7650,43180,2830,1890
2023_03,28時,22260,23380,6390,7250,10100,8510,5780,7600,43650,2930,1630,22440,22920,6410,7140,10040,8390,5710,7650,43240,2850,1790
2023_04,5時,24140,22910,7450,7560,9570,9050,6080,7340,44820,3190,1570,23840,22740,7440,7380,9420,8960,5990,7370,43640,3110,2420
2023_04,6時,24200,23410,7740,7610,9590,8880,6310,7470,43690,4170,2250,23780,22950,7730,7380,9420,8810,6030,7340,43110,3390,2750
2023_04,7時,25740,23990,7610,7650,10470,9400,6780,7790,40830,7160,4390,24220,23250,7790,7510,9650,8860,6040,7590,42550,4070,3370
2023_04,8時,26880,26650,7750,8190,11180,11070,7270,8060,35610,14560,6480,25120,24480,7940,8170,10000,9360,6310,7790,41520,5520,5160
2023_04,9時,25350,27030,6420,7610,10900,10790,7660,8970,29610,16720,8610,25760,26120,8330,8400,10380,9680,6890,8190,39530,6850,7910
2023_04,10時,25200,28110,6360,7660,10680,10790,7930,9880,27270,17190,11220,26260,27430,8110,8680,10640,10030,7270,8950,37480,7270,11180
2023_04,11時,25140,29390,6650,7610,10760,10870,8110,10510,26170,17630,13080,26340,28260,8050,8900,10650,10070,7460,9460,35420,7510,13870
2023_04,12時,25100,30430,6790,7900,10920,11040,8230,10650,25820,18090,13920,26320,28960,8240,8970,10860,10140,7510,9540,34300,7520,15510
2023_04,13時,24970,30050,6530,7910,10830,10960,8090,10690,25600,17900,13820,25940,28960,8060,8620,10950,10200,7440,9610,33330,7560,16040
2023_04,14時,24820,29380,6420,7930,10730,10890,7920,10290,25480,17410,13560,26070,28520,7980,8350,11180,10030,7450,9580,32940,7390,16310
2023_04,15時,24480,29130,6590,7790,10700,10740,7910,9870,25740,17370,12780,25980,28190,8330,8300,10920,9930,7300,9360,33330,7310,15630
2023_04,16時,24340,28330,6610,7810,10740,10650,7730,9120,26650,16910,11450,25850,27610,8220,8300,11000,9740,7310,8870,34010,7080,14530
2023_04,17時,24310,27830,6570,7930,10870,10800,7400,8550,28400,15510,10600,25480,26860,7590,8270,10940,9920,7170,8430,34790,6670,13050
2023_04,18時,24310,27010,7000,8050,10890,10370,7000,7990,32040,11810,9940,25140,26460,7420,8280,10910,9870,6980,8110,36040,6200,11580
2023_04,19時,24870,26450,7700,8230,10940,10070,6750,7620,35690,8920,9160,24840,25520,7440,8170,10480,9780,6770,7700,37230,5480,9870
2023_04,20時,24660,25850,8200,8340,10680,9700,6350,7230,38190,6700,8020,23970,24560,7350,7720,10270,9540,6300,7330,38340,4550,7890
2023_04,21時,24430,24650,8180,8090,10310,9430,6170,6890,40040,5120,6380,23860,24060,7700,7770,10160,9220,6040,7000,39700,4010,6510
2023_04,22時,23940,23570,8040,7970,9890,9170,5840,6600,41030,4130,4830,23230,23210,7580,7740,9780,8890,5780,6650,40460,3550,4780
2023_04,23時,22820,22080,7550,7540,9300,8650,5640,6200,40450,3420,3420,22420,21630,7130,7520,9190,8490,5480,6210,39740,3200,3420
2023_04,24時,24110,23060,7650,7720,9640,8970,5940,7230,44250,3170,2300,23450,22910,7420,7530,9400,8900,5860,7240,43190,3170,2540
2023_04,25時,24180,23080,7690,7750,9570,9030,5950,7250,44620,3130,2080,23580,23070,7590,7500,9450,8930,5890,7260,43570,3160,2490
2023_04,26時,24040,22850,7590,7690,9510,8960,5910,7210,44600,3110,1760,23540,22950,7640,7460,9420,8840,5900,7210,43690,3140,2240
2023_04,27時,24010,22830,7600,7640,9510,8960,5890,7230,44620,3100,1700,23480,22970,7650,7430,9410,8820,5900,7230,43730,3120,2200
2023_04,28時,24010,22830,7610,7630,9490,8960,5900,7230,44610,3140,1660,23540,22920,7670,7380,9400,8820,5940,7240,43810,3140,2130
2023_05,5時,24080,22540,7110,7570,9740,9090,5900,7200,44340,3480,1730,23870,21870,7020,7320,9420,8780,5930,7260,43120,3310,2240
2023_05,6時,24270,23130,7340,7730,9820,8990,6100,7400,43380,4370,2560,23760,22070,7240,7190,9550,8640,5940,7250,42620,3610,2460
2023_05,7時,25700,23960,7170,7740,10860,9650,6570,7650,40840,7230,4570,24390,22390,7290,7470,9790,8780,5960,7460,42090,4440,3140
2023_05,8時,27090,26970,7210,8690,12060,10920,7190,7970,36170,14690,6600,24930,23660,7510,7890,10070,9150,6270,7700,41040,5570,4950
2023_05,9時,25650,27720,6790,7960,11610,10600,7570,8820,30580,16640,9090,25090,25380,7790,8360,10060,9510,6680,8060,39090,6400,7800
2023_05,10時,25340,29030,6620,7880,11390,10710,7880,9870,28160,17110,11900,25810,27020,8100,8620,10030,9830,7190,9030,37090,6840,11760
2023_05,11時,25510,30150,6620,7950,11580,10840,8130,10510,26980,17540,13910,25710,27680,7830,8730,10090,9830,7390,9520,34580,6890,14590
2023_05,12時,25680,30900,6880,8310,11670,10950,8200,10550,26820,18030,14490,25800,28240,7900,8760,10350,10010,7430,9570,33900,7040,15790
2023_05,13時,25180,30800,6740,8320,11500,10990,7960,10440,26520,18070,14190,25750,28950,8020,8850,10630,10110,7330,9760,33340,7070,16940
2023_05,14時,25030,30120,6460,8280,11440,10930,7810,10210,26200,17780,13900,25320,28790,7820,8760,10790,10060,7100,9580,32780,6880,16970
2023_05,15時,24780,29530,6400,8170,11280,10920,7710,9810,26430,17520,13090,25040,28400,7800,8680,10650,9950,7010,9340,32890,6760,16390
2023_05,16時,24500,28800,6600,7890,11350,10720,7500,9230,27130,16980,11930,24780,27520,7460,8500,10560,9950,6950,8860,33300,6480,15090
2023_05,17時,24420,27510,6170,7970,11510,10620,7180,8470,28850,15630,10190,24950,26670,7280,8550,10700,9850,6810,8420,34190,6280,13780
2023_05,18時,24460,26600,6920,8000,11350,10080,6740,7950,32420,11660,9720,25040,25720,7140,8520,10520,9830,6700,8030,35430,5970,12100
2023_05,19時,24690,25730,7080,8100,11320,9950,6370,7570,35590,8700,8890,24820,24520,7060,8190,10260,9660,6490,7650,36560,5220,10190
2023_05,20時,24440,24860,7340,8130,10930,9500,6120,7260,37860,6600,7560,24460,23360,7120,7860,10110,9380,6100,7230,37540,4590,8380
2023_05,21時,24350,23750,7280,8000,10650,9300,5900,6950,39830,5280,5770,24460,22650,7270,7830,10000,9170,5880,6940,38920,4150,6760
2023_05,22時,23950,22590,7110,7830,10220,9050,5650,6650,40660,4220,4330,23740,21970,7370,7580,9630,8790,5690,6620,39780,3700,5000
2023_05,23時,22880,21440,6880,7510,9630,8670,5340,6260,40230,3590,3140,22760,20710,6980,7320,9070,8500,5370,6220,39170,3280,3640
2023_05,24時,24060,22650,7250,7670,9890,8990,5750,7140,43850,3440,2300,23810,22000,7060,7580,9430,8890,5720,7120,42580,3350,2750
2023_05,25時,24110,22540,7200,7720,9820,9020,5770,7110,44140,3370,2010,23790,22060,7010,7570,9450,8920,5740,7130,42900,3260,2540
2023_05,26時,24000,22440,7150,7670,9800,8960,5770,7080,44160,3360,1800,23670,21980,7110,7510,9400,8820,5720,7080,43030,3250,2240
2023_05,27時,23950,22390,7140,7640,9730,8950,5760,7100,44190,3340,1680,23690,21940,7120,7500,9410,8790,5710,7080,43100,3230,2150
2023_05,28時,23870,22400,7160,7590,9690,8930,5780,7110,44190,3360,1580,23690,21870,7100,7460,9350,8820,5730,7080,43070,3230,2120
2023_06,5時,23420,21440,6970,7900,9200,8700,5600,6470,42310,3020,2070,23930,21210,7540,7760,9240,8610,5460,6510,41970,2900,2740
2023_06,6時,23670,21790,7160,7880,9310,8610,5770,6700,41280,3820,2890,24030,21360,7900,7730,9260,8470,5460,6550,41500,3210,3050
2023_06,7時,25120,22670,6900,7990,10360,9200,6330,7000,38770,6490,5130,24970,21670,7940,8000,9610,8640,5600,6830,41280,3880,3930
2023_06,8時,26650,25780,7790,8900,11240,10220,6940,7330,34220,13080,8090,25450,23060,8600,8310,10010,8830,5780,6970,40000,5080,5960
2023_06,9時,25280,26400,7180,8180,10750,9970,7340,8240,28340,14960,10940,25320,25000,8740,8440,10270,9220,6230,7390,37580,5820,9270
2023_06,10時,24750,27270,6700,7880,10560,10080,7660,9140,25890,15200,13320,25680,26780,8650,8600,10360,9810,6740,8280,36430,6300,12080
2023_06,11時,24920,28240,6740,7990,10670,10180,7820,9740,24880,15460,15120,26030,27640,8480,8890,10380,9890,7100,8910,34540,6630,14720
2023_06,12時,25190,29020,7010,8290,10930,10300,7830,9830,24570,16010,15960,26150,28730,8530,9080,10710,10130,7320,9090,33810,6660,16510
2023_06,13時,24890,28690,6710,8270,10800,10310,7720,9750,24330,16190,15450,26060,28360,8150,9000,10980,9840,7230,9200,33080,6870,16630
2023_06,14時,24520,28180,6440,8240,10870,10230,7520,9390,24370,15940,14750,25750,28230,8080,8810,11070,9890,7150,8970,32720,6720,16700
2023_06,15時,24020,27600,6340,7980,10790,10140,7340,9010,24520,15680,13800,25440,27670,7810,8880,10870,9940,6850,8750,32760,6450,16030
2023_06,16時,23800,26660,6290,7780,10730,10080,7210,8350,25290,15240,12340,24780,26760,7390,8660,10730,9820,6610,8310,32510,6220,14970
2023_06,17時,23920,25680,6170,7920,10760,10100,6890,7740,26970,14050,10990,25200,26440,7790,8420,10990,9890,6640,7900,33740,6040,14020
2023_06,18時,24090,24940,6710,8040,10620,9870,6440,7340,30450,10620,10430,25010,25720,7670,8710,10930,9560,6420,7430,34990,5750,12240
2023_06,19時,24330,24060,6890,8100,10610,9750,6120,6900,33740,7820,9270,24550,23890,7340,8430,10310,9340,6150,6840,35410,4840,10450
2023_06,20時,23980,23430,7260,8370,10150,9250,5760,6600,36060,5800,8010,23750,22540,7120,7880,9950,9020,5770,6510,36080,4060,8420
2023_06,21時,23720,22460,7360,8260,9810,8920,5560,6260,37810,4570,6300,23880,21630,7260,7860,9780,8800,5460,6310,37370,3600,6820
2023_06,22時,23160,21390,7240,8000,9470,8500,5320,6000,38630,3610,4740,23530,21070,7190,8010,9550,8590,5220,6020,38150,3220,5460
2023_06,23時,22260,20190,7020,7700,8890,8090,5040,5680,38190,3010,3570,22490,19820,6980,7540,8870,8240,4970,5700,37600,2820,4030
2023_06,24時,23300,21230,7150,7950,9190,8490,5370,6370,41580,2980,2520,23500,20730,7070,7920,9070,8520,5310,6320,40740,2820,3020
2023_06,25時,23370,21300,7150,7980,9180,8540,5400,6380,41920,2950,2340,23630,20970,7220,7980,9140,8570,5330,6350,41210,2820,2940
2023_06,26時,23270,21280,7150,8010,9150,8490,5370,6360,42010,2940,2150,23400,20960,7170,7980,9020,8530,5320,6330,41250,2770,2660
2023_06,27時,23220,21250,7160,7980,9120,8480,5380,6340,41990,2940,2090,23400,21020,7220,7970,9030,8520,5310,6330,41310,2780,2650
2023_06,28時,23210,21260,7180,7940,9110,8470,5380,6370,41960,2970,2080,23390,20960,7190,7950,9030,8510,5310,6340,41270,2800,2620
2023_07,5時,22880,22360,6480,7580,9160,8950,5920,7130,42700,2600,2070,22610,21390,5860,7050,9270,8790,5910,7110,41500,2320,2250
2023_07,6時,23130,22630,6660,7580,9230,8920,6030,7320,41580,3560,2740,22690,21600,6270,7070,9160,8740,5880,7150,40970,2950,2460
2023_07,7時,24720,23190,6380,7620,10200,9540,6500,7660,38820,6480,4850,23230,22050,6330,7070,9560,8980,5900,7420,40570,3480,3310
2023_07,8時,26560,26430,7190,8530,11210,10890,7060,8090,34470,13860,7270,24080,23290,6980,7460,9780,9300,6230,7590,39310,4760,5410
2023_07,9時,25560,27050,6680,7710,11120,10690,7500,8890,28980,16390,9480,24980,25200,7410,7710,10450,9780,6740,8080,37640,6470,8110
2023_07,10時,25340,28530,6630,7430,11030,10860,7930,9980,26690,16740,12500,25740,27430,7990,7960,10710,10220,7310,8960,36390,6970,11790
2023_07,11時,25380,29210,6640,7390,11020,10920,8110,10480,25410,17110,14090,25930,28510,8260,8020,10850,10400,7430,9450,34860,6970,14490
2023_07,12時,25340,29620,6840,7470,11000,11070,8140,10430,25230,17520,14260,26220,28870,8100,8100,11060,10590,7550,9670,34210,7090,15660
2023_07,13時,24900,29220,6640,7450,10820,10890,7960,10340,24940,17440,13740,26260,28500,7490,8130,11350,10590,7560,9620,33570,7160,15920
2023_07,14時,24700,28760,6740,7420,10710,10810,7780,9980,24820,16990,13630,26490,28600,7920,8240,11560,10500,7340,9510,33740,7150,16070
2023_07,15時,24330,28290,6520,7340,10660,10790,7630,9660,25100,16610,12890,26060,28420,7950,8150,11440,10300,7180,9450,33680,6870,15840
2023_07,16時,24030,27380,6200,7310,10740,10680,7310,9150,25750,16300,11340,25970,27820,7550,7940,11550,10400,7080,9250,34030,6620,15000
2023_07,17時,23900,26620,6070,7270,10820,10660,7150,8530,27380,15070,10030,25740,27220,7350,8000,11450,10350,7010,8790,34690,6140,14010
2023_07,18時,24390,25800,6640,7460,10790,10290,6930,8050,30770,11230,10200,25380,26210,7230,8140,11050,10090,6840,8220,35460,5670,12360
2023_07,19時,24600,25150,6900,7760,10770,9980,6740,7580,34230,8170,9370,25060,25000,7180,8020,10790,9770,6570,7730,36740,4790,10460
2023_07,20時,23850,24410,7240,7730,10430,9460,6210,7180,36380,5900,7980,24070,23350,6970,7500,10120,9390,6110,7300,37460,3930,8030
2023_07,21時,23290,23840,7230,7820,10010,9180,6010,6860,38290,4500,6370,23380,22470,6880,7350,9710,9100,5860,6940,38570,3440,5890
2023_07,22時,22560,22750,7180,7590,9530,8770,5660,6560,39030,3470,4800,22730,21480,6700,7190,9330,8830,5550,6580,39020,2840,4400
2023_07,23時,21340,21030,6410,7250,8890,8320,5330,6160,38240,2620,3420,21640,20250,6240,6900,8790,8420,5250,6280,38380,2470,3070
2023_07,24時,22690,22490,6740,7670,9210,8830,5760,6940,42330,2480,2440,22730,21620,6630,7130,9190,8750,5640,6980,41840,2410,2270
2023_07,25時,22760,22440,6590,7720,9230,8910,5770,6960,42590,2480,2230,22880,21760,6610,7290,9220,8830,5680,6990,42220,2420,2190
2023_07,26時,22690,22400,6610,7700,9180,8890,5740,6960,42660,2450,2070,22740,21750,6620,7250,9150,8780,5690,6980,42200,2410,2060
2023_07,27時,22710,22370,6660,7700,9130,8900,5730,6940,42710,2450,2000,22780,21710,6570,7260,9170,8780,5700,7000,42250,2380,2030
2023_07,28時,22680,22400,6650,7720,9090,8900,5720,6980,42670,2510,1990,22760,21700,6530,7260,9160,8760,5720,7010,42130,2380,2110
2023_08,5時,20880,20460,5910,6380,8480,8430,5380,6740,39100,2550,1890,21050,20390,6260,6300,8490,8180,5460,6740,38640,2540,2510
2023_08,6時,21230,20360,6100,6290,8510,8380,5480,6790,37890,3430,2450,21210,20250,6450,6190,8500,8040,5390,6870,37980,2950,2710
2023_08,7時,22240,20890,5670,6440,9200,8860,5840,7100,35500,5740,4160,21660,20560,6420,6400,8850,8150,5410,6960,37590,3520,3330
2023_08,8時,24030,24100,6300,7790,10000,10070,6540,7420,32030,11820,6850,22340,22000,6930,6890,9160,8440,5660,7240,36670,4610,5260
2023_08,9時,23430,24950,6270,7200,9870,9970,6880,8180,27790,14150,8800,22930,23530,7280,7060,9610,8880,6030,7590,35230,6120,7310
2023_08,10時,23050,25970,6190,6920,9710,9940,7200,9040,25730,14240,11160,23570,24470,7550,6890,9800,9050,6430,8310,33640,6360,10090
2023_08,11時,22980,26410,6000,6940,9620,9970,7400,9440,24470,14380,12590,23950,25160,7620,7050,9840,9200,6550,8820,32010,6520,12590
2023_08,12時,23130,26720,6150,7060,9660,10220,7320,9420,24240,14810,12920,23530,25760,7350,7240,9750,9450,6690,8790,30940,6730,13630
2023_08,13時,22840,26930,6330,7090,9700,10260,7190,9180,24160,14860,12830,23310,25940,7200,7370,9950,9440,6620,8650,30550,6630,14070
2023_08,14時,22780,26860,6450,7120,9760,10120,7070,9110,24250,14720,12750,23010,26150,7310,7280,10010,9320,6650,8570,30490,6500,14150
2023_08,15時,22590,26220,6310,6910,9690,10160,6920,8790,24450,14390,11990,22400,25620,7150,7220,9730,9290,6390,8230,30270,6360,13370
2023_08,16時,22410,25570,6170,6860,9800,10000,6750,8370,25160,13990,10890,22230,25060,6810,7250,9650,9300,6250,8020,30600,6200,12490
2023_08,17時,22530,24860,5940,6970,9910,9990,6610,7960,26570,12920,9950,22230,24800,6660,7170,9700,9240,6240,7990,31240,5860,11940
2023_08,18時,22300,24080,6580,6690,9840,9490,6240,7520,29600,9400,9450,22030,23940,6700,6970,9510,9060,6050,7660,31840,5410,10740
2023_08,19時,22550,23080,7030,6630,9700,9210,5950,7100,32360,6920,8450,21730,23130,6770,6770,9360,8800,5860,7270,33200,4500,9160
2023_08,20時,22190,22410,7290,6770,9440,8890,5560,6640,34190,5120,7380,21030,21640,6410,6320,9090,8510,5570,6750,33860,3740,7130
2023_08,21時,21550,21810,7220,6630,9160,8600,5360,6380,35490,4140,5810,20940,20750,6500,6320,8980,8150,5360,6370,35010,3290,5460
2023_08,22時,21010,20710,6790,6380,8960,8370,5110,6110,36170,3260,4360,20860,20060,6640,6210,8760,8040,5120,6130,35850,2850,4320
2023_08,23時,20050,19560,6440,6120,8370,8010,4890,5780,35770,2620,3240,19960,18990,6230,5930,8310,7780,4900,5790,35310,2460,3240
2023_08,24時,20720,20390,6320,6300,8390,8320,5190,6570,38460,2440,2360,20640,20260,6310,6300,8470,7990,5230,6600,38210,2520,2350
2023_08,25時,20860,20540,6420,6400,8380,8390,5200,6580,38880,2440,2230,20810,20320,6380,6340,8500,8010,5250,6630,38430,2520,2360
2023_08,26時,20720,20390,6250,6380,8340,8370,5180,6570,38830,2430,2010,20690,20140,6220,6250,8440,8000,5270,6640,38230,2510,2270
2023_08,27時,20720,20370,6220,6380,8350,8360,5190,6580,38840,2430,1990,20720,20060,6190,6240,8420,8010,5270,6630,38280,2480,2180
2023_08,28時,20720,20360,6240,6380,8310,8340,5210,6590,38820,2450,1970,20710,19970,6150,6230,8380,8000,5260,6630,38150,2500,2190
2023_09,5時,22850,22850,8110,7070,8760,9100,5570,7080,43850,3550,1460,23210,22910,8570,7150,8810,8990,5440,7140,43690,3640,2060
2023_09,6時,22940,22890,8270,6930,8820,9010,5580,7190,42780,4400,1750,23480,23240,9180,7090,8800,8880,5500,7260,43310,4420,2260
2023_09,7時,22910,22660,7240,6660,9120,9300,5840,7390,38860,7020,2840,23590,23510,9330,7070,8850,8950,5500,7370,42550,4870,2920
2023_09,8時,24030,25730,7770,7690,9910,10270,6430,7680,34300,13870,5140,23970,24460,9480,7440,9050,9250,5650,7540,41120,5970,4630
2023_09,9時,23460,26080,7150,7170,9970,10280,6790,8160,28390,16070,8020,23920,25810,9690,7530,9320,9410,5970,7790,38940,7170,6680
2023_09,10時,23130,26770,6680,7000,10270,10390,7070,8470,25960,16540,10150,24230,26460,9740,7530,9550,9590,6130,8130,36710,7580,9350
2023_09,11時,23130,27010,6180,7020,10280,10440,7170,9030,24620,16680,11560,24130,26930,9260,7740,9630,9660,6180,8570,34630,7630,11560
2023_09,12時,23220,27500,6100,7150,10410,10470,7220,9360,24300,17060,12070,24110,27560,9060,7760,9820,9780,6330,8900,33820,7880,12820
2023_09,13時,22980,27610,5810,7090,10480,10570,7150,9480,24120,17210,11890,24260,27390,8700,7530,10140,9830,6460,8970,33290,7820,13360
2023_09,14時,23180,27540,6260,7130,10400,10520,7040,9360,24090,17300,11980,24260,27370,8640,7520,10480,9720,6320,8930,32830,7680,13840
2023_09,15時,22890,27100,6250,6910,10290,10600,6850,9060,24240,17030,11270,24250,26840,8600,7300,10330,9650,6340,8850,32960,7400,13480
2023_09,16時,22460,26050,6120,6760,10170,10340,6490,8610,24820,16350,9840,24010,26660,8510,7360,10320,9650,6300,8510,33260,7140,13020
2023_09,17時,22640,25270,6050,6900,10270,10200,6270,8200,26960,15130,8520,24220,25630,8510,7220,10170,9680,6090,8160,34470,6620,11540
2023_09,18時,22740,24740,6980,6980,10050,9590,6100,7750,30830,11350,8080,24560,25620,8700,7400,10160,9930,6110,7850,36110,6160,10660
2023_09,19時,23410,24560,7810,7000,10050,9600,6030,7460,34530,8580,7690,24620,25000,8840,7520,10020,9820,5960,7440,37760,5440,9230
2023_09,20時,23660,24230,8390,7430,9820,9400,5710,7120,37370,6520,6880,24250,24330,9190,7130,9810,9610,5680,7140,39210,4590,7720
2023_09,21時,23650,23720,8710,7460,9640,9170,5560,6800,39550,5280,5510,23830,23180,8830,6910,9590,9390,5450,6830,40210,4000,5700
2023_09,22時,23060,23040,8650,7250,9390,9000,5300,6490,40520,4340,4210,23620,22650,9160,6880,9290,9160,5180,6570,40990,3720,4440
2023_09,23時,21370,21650,8220,6780,8600,8430,4910,6070,39150,3580,3130,22170,21220,8750,6450,8600,8610,4860,6100,39550,3290,3310
2023_09,24時,22860,22850,8360,7230,8780,8970,5330,7010,43400,3440,1950,23330,22840,9210,6880,8710,8950,5390,7020,43510,3410,2330
2023_09,25時,23250,23160,8490,7330,8990,9110,5410,7060,44050,3490,1990,23740,23200,9280,7010,8950,9140,5470,7080,44110,3500,2450
2023_09,26時,23120,22900,8310,7290,8880,9090,5390,7040,44050,3450,1650,23510,23000,9040,6970,8860,9070,5480,7060,44110,3490,2030
2023_09,27時,23140,22820,8310,7230,8860,9130,5390,7040,44050,3470,1570,23520,23000,9040,6970,8890,9070,5490,7040,44160,3480,2010
2023_09,28時,23090,22800,8280,7230,8800,9100,5410,7050,44030,3480,1530,23490,22900,8990,6940,8870,9030,5490,7050,44100,3440,1960
2023_10,5時,19830,18770,6170,5540,7830,8010,4770,6270,36910,2790,1530,20830,18570,6960,5360,7820,8150,4820,6270,37040,2650,2260
2023_10,6時,20110,18820,6570,5380,7770,7940,4840,6410,36100,3590,1830,20930,19050,7430,5320,7870,8080,4920,6330,36830,3360,2320
2023_10,7時,20180,19110,5870,5200,8410,8160,4980,6650,32910,5960,3080,21260,19260,7530,5380,8080,8160,4870,6480,36150,3890,3050
2023_10,8時,21200,21410,6020,5740,9290,9040,5620,6890,28170,11920,5310,21660,20350,7880,5460,8520,8410,4970,6750,35040,4790,4750
2023_10,9時,20930,21670,5680,5510,9030,8940,5990,7420,23360,13870,7720,21830,21440,7950,5470,8940,8610,5170,7120,33130,5580,6930
2023_10,10時,20900,22710,5720,5650,9130,8900,6290,7900,21510,14380,9870,21630,22440,7830,5620,9010,8780,5300,7520,31690,5970,8800
2023_10,11時,21010,23380,5640,5630,9300,8950,6390,8460,20610,14600,11330,21540,22660,7620,5860,8850,8680,5440,7730,29730,6220,10540
2023_10,12時,20830,23950,5560,5760,9370,8940,6350,8780,20200,14800,11920,21530,23580,7490,5930,8840,8890,5640,8310,29220,6250,11940
2023_10,13時,20840,23850,5310,5750,9560,8920,6340,8790,19930,14940,11920,21690,23850,7670,5920,8950,8830,5770,8370,28910,6080,12680
2023_10,14時,20950,23650,5360,5770,9640,8970,6240,8610,19770,14960,11970,21560,23450,7520,5820,9120,8700,5720,8100,28490,6040,12630
2023_10,15時,20470,22990,5230,5530,9400,8970,6020,8290,19870,14670,10980,21750,23170,8040,5840,9070,8520,5550,7880,28810,5960,12320
2023_10,16時,20190,22000,5130,5460,9140,8840,5840,7760,20540,14120,9540,21700,22570,7830,5730,8970,8510,5540,7680,29260,5780,11460
2023_10,17時,20360,21640,5350,5700,9210,8740,5570,7410,22740,12990,8420,21750,21920,7530,5890,8820,8530,5480,7410,30460,5140,10240
2023_10,18時,20220,20950,5790,5720,8880,8410,5310,7030,25800,9810,7760,21850,21780,7390,6150,8860,8750,5360,7100,31840,4850,9170
2023_10,19時,20980,20770,6400,6030,8960,8510,5210,6620,29350,7270,7420,21690,20970,7460,6080,8540,8740,5120,6700,32670,4150,8080
2023_10,20時,20750,20370,6800,6030,8730,8320,4940,6300,31550,5280,6660,21040,20320,7340,5890,8330,8490,4950,6330,33380,3500,6730
2023_10,21時,20560,19780,7040,5800,8560,8110,4820,6000,33130,4180,5420,20920,19730,7470,5730,8340,8250,4730,6110,34300,3260,5440
2023_10,22時,20040,18870,6870,5600,8230,7930,4560,5700,33780,3480,4030,20500,19110,7430,5640,8120,8090,4490,5820,34740,2890,4340
2023_10,23時,18540,17710,6460,5290,7530,7440,4250,5260,32470,2840,3210,19210,17890,6890,5370,7530,7690,4250,5360,33470,2620,3300
2023_10,24時,19890,18300,6390,5570,7670,7880,4610,6050,36130,2670,1940,19900,18780,6820,5470,7600,7950,4590,6230,36110,2490,2460
2023_10,25時,20240,18580,6450,5670,7890,8000,4670,6140,36710,2720,1980,20350,19110,7020,5530,7880,8070,4670,6280,36830,2580,2530
2023_10,26時,20170,18390,6340,5610,7810,7970,4670,6130,36740,2690,1710,20380,18850,6940,5490,7830,7980,4690,6290,36910,2530,2250
2023_10,27時,20170,18360,6340,5560,7800,8000,4660,6140,36780,2700,1630,20510,18810,7050,5460,7810,8010,4710,6270,37060,2590,2160
2023_10,28時,20140,18340,6320,5540,7790,7980,4690,6140,36770,2700,1590,20500,18770,7050,5440,7780,8010,4700,6270,37020,2600,2150
2023_11,5時,20470,18600,6160,5650,7730,8390,4720,6390,36810,1980,2040,20530,18660,6570,5450,7840,8300,4750,6270,36600,1820,2440
2023_11,6時,20960,18920,6510,5560,7660,8590,4990,6570,35960,2870,2820,20900,18970,6960,5410,7820,8400,4850,6410,36520,2460,2620
2023_11,7時,21730,19470,6090,5670,8620,8850,5210,6730,32610,5530,4860,21290,19250,7020,5550,8150,8430,4820,6550,35780,3100,3390
2023_11,8時,23400,22600,6730,6670,9840,9720,5870,7160,28500,12070,7450,22130,20680,7850,5720,8660,8670,5080,6820,34790,4350,5430
2023_11,9時,22680,23310,6040,6330,9690,9530,6300,8070,23990,14060,9740,22690,22490,8510,5910,9080,8940,5420,7300,33410,5160,8230
2023_11,10時,22810,24790,5910,6150,9960,9610,6860,9080,22340,14620,12410,23100,23930,8320,5990,9400,9370,5720,8200,31830,5650,11170
2023_11,11時,23090,25640,5850,6330,10130,9670,6920,9810,21310,14690,14430,23500,24950,8710,6260,9440,9280,6030,8730,30300,5780,13870
2023_11,12時,23030,26250,6180,6400,10380,9680,6720,9900,21030,14850,15070,23880,25380,8700,6390,9600,9470,6160,8920,29470,5850,15480
2023_11,13時,22740,26250,6260,6370,10200,9680,6670,9780,21010,14910,14790,24090,25580,8830,6480,9770,9540,6130,8900,28960,6010,16260
2023_11,14時,22460,26470,6360,6280,10190,9760,6620,9710,20920,14770,14920,23300,25500,8750,6320,9480,9340,6100,8810,28380,5890,16030
2023_11,15時,22040,25860,6270,6270,10010,9860,6420,9060,21070,14470,14000,22740,25660,9000,6130,9340,9350,5990,8580,28730,5720,15510
2023_11,16時,21720,24720,6290,6000,9920,9560,6220,8430,21870,13910,12250,22860,24850,9160,6130,9240,9250,5890,8030,29370,5490,14390
2023_11,17時,22060,23410,6360,6120,9750,9370,6070,7790,23790,12710,10590,23280,24080,8740,6520,9370,9230,5840,7660,30390,4890,13570
2023_11,18時,22310,22820,7110,6290,9420,9330,5700,7280,27180,9530,10070,23040,24010,8730,6670,9210,9250,5890,7270,31850,4570,12190
2023_11,19時,22280,22440,7460,6440,9340,9220,5450,6800,30180,6890,9260,22520,22600,8100,6510,8820,9210,5590,6870,32300,3900,10450
2023_11,20時,21520,21460,7430,6440,8750,8900,5070,6360,31670,4770,8140,21710,21230,7880,6220,8410,8820,5300,6310,32870,3090,8510
2023_11,21時,20940,20260,7280,6140,8360,8520,4850,6040,32980,3610,6240,21410,20110,7590,6180,8190,8560,4960,6030,33570,2760,6740
2023_11,22時,20280,19140,6930,6040,7950,8250,4540,5690,33400,2730,4920,20720,19090,7190,5860,7990,8390,4630,5730,33810,2330,5230
2023_11,23時,19460,18240,6970,5730,7500,7910,4290,5280,33080,2200,4030,19530,18110,6680,5620,7680,7950,4380,5310,33310,2020,3860
2023_11,24時,20440,18790,6680,5730,7730,8200,4640,6240,36200,1930,2800,20220,19090,6820,5670,7730,8200,4660,6220,35980,1830,3100
2023_11,25時,20480,18760,6650,5740,7680,8250,4630,6270,36470,1890,2570,20450,19010,6770,5690,7760,8280,4700,6230,36280,1810,2990
2023_11,26時,20410,18440,6400,5700,7640,8210,4600,6280,36480,1890,2190,20330,18630,6590,5580,7730,8200,4640,6220,36280,1770,2530
2023_11,27時,20370,18410,6380,5670,7620,8220,4610,6270,36540,1890,2070,20220,18530,6480,5520,7670,8250,4630,6190,36290,1780,2310
2023_11,28時,20330,18460,6380,5630,7630,8240,4610,6280,36600,1910,2020,20230,18450,6400,5500,7680,8240,4630,6200,36300,1780,2220
2023_12,5時,23670,22390,8340,7040,8970,9340,5130,7220,44140,3620,1540,24210,22210,8600,7130,9130,9180,5190,7170,43840,3320,2230
2023_12,6時,23900,22600,8300,7040,9010,9390,5400,7350,43150,4500,2010,24240,22580,8890,7000,9070,9210,5320,7320,43760,4040,2150
2023_12,7時,24680,23200,7520,7110,10230,9570,5680,7740,39390,7440,4120,24720,22580,8770,6820,9630,9150,5400,7510,42840,4640,2870
2023_12,8時,26540,25880,8100,8000,11330,10550,6340,8070,35030,14260,6390,25350,23560,9280,6990,9810,9420,5600,7800,41830,5670,4510
2023_12,9時,25700,26590,6850,7640,11380,10440,6950,9020,30160,16590,8680,25900,25300,10210,7030,10320,9700,5790,8120,40300,6630,7290
2023_12,10時,25330,28440,6650,7440,11530,10580,7400,10150,28050,16960,11720,25880,27390,10200,7140,10660,10050,6260,8950,38470,6990,10770
2023_12,11時,25710,29870,7110,7670,11710,10570,7600,10900,27000,17450,14000,26310,28440,10370,7190,10910,10310,6590,9350,36820,7300,13520
2023_12,12時,25960,30730,7390,7800,11950,10830,7490,11210,26720,17860,14920,26470,28900,10080,7430,11030,10460,6640,9720,35870,7570,14800
2023_12,13時,25400,30780,7200,7910,11600,10800,7420,11220,26110,17710,15140,26400,28760,9670,7260,11280,10380,6680,9850,34710,7460,15620
2023_12,14時,25150,30760,7520,7770,11600,10740,7280,10970,26130,17600,14980,25970,28710,9440,7350,11160,10190,6750,9780,34270,7500,15520
2023_12,15時,24680,30310,7760,7450,11410,10840,7100,10400,26450,17360,14000,25550,28100,9290,7520,10920,10010,6520,9380,34120,7420,14710
2023_12,16時,24990,28980,7910,7520,11210,10640,7000,9660,27440,16860,12500,25560,28050,9430,7900,10950,9850,6380,9090,34730,7220,14310
2023_12,17時,25070,28040,7960,7610,11100,10580,6930,8920,29260,15620,11090,25330,27530,9300,7780,10870,10030,6210,8670,35750,6620,13170
2023_12,18時,25620,27630,9080,8070,10760,10410,6460,8450,33080,11950,11060,25570,26930,9160,7930,10830,9950,6220,8390,37210,6090,11910
2023_12,19時,25940,26890,9650,8060,10660,10380,6190,7870,36580,8930,10160,25540,25400,9160,7760,10230,9910,6110,7760,38130,5460,10070
2023_12,20時,25030,25700,9570,7810,10150,10010,5810,7380,38300,6700,8580,24650,23880,8690,7280,9830,9660,5720,7340,38450,4630,8110
2023_12,21時,24370,24150,9310,7530,9660,9510,5490,7000,39540,5240,6570,24180,23000,8400,7330,9590,9490,5350,7010,39230,3950,6680
2023_12,22時,23900,23010,9410,7300,9310,9190,5050,6630,40550,4200,4950,23900,21920,8620,7190,9080,9220,4990,6700,39900,3510,5100
2023_12,23時,22660,21570,8820,7050,8810,8720,4720,6100,39860,3530,3510,22530,20700,8090,6810,8660,8700,4660,6300,39150,3180,3530
2023_12,24時,23980,22740,8780,7350,9190,9150,5130,7090,44050,3390,2240,23400,21980,8130,7090,8880,8950,5150,7150,42610,3160,2470
2023_12,25時,24170,22720,8840,7400,9220,9150,5130,7140,44450,3340,2060,23620,22130,8310,7150,8990,8970,5150,7180,43070,3150,2410
2023_12,26時,23950,22320,8580,7250,9100,9100,5090,7130,44240,3280,1710,23540,21920,8240,7050,8980,8880,5110,7190,43070,3120,2150
2023_12,27時,23920,22240,8620,7150,9040,9110,5100,7120,44260,3270,1580,23470,21920,8300,6970,8880,8950,5100,7180,43120,3120,2020
2023_12,28時,23950,22250,8580,7150,9050,9180,5100,7120,44260,3300,1600,23510,21940,8250,6950,8920,9000,5120,7190,43170,3180,2020
2024_01,5時,22120,22520,7040,6780,9210,8930,5300,7360,42230,3380,1970,21860,22660,7490,6690,8950,8680,5190,7510,42070,3530,2200
2024_01,6時,22490,22690,6780,6750,9400,9190,5490,7550,41510,3720,2580,22190,22220,7160,6650,8990,8650,5350,7600,41440,3360,2440
2024_01,7時,23930,23390,6280,7240,10670,9510,5820,7790,38850,6470,4680,22800,22370,7350,6780,9260,8680,5430,7670,41050,4000,3010
2024_01,8時,26070,26220,7400,8440,11600,10410,6280,8150,35220,12490,7480,24000,23500,7720,7100,9930,9090,5670,7960,40490,5150,4820
2024_01,9時,25700,26060,6630,8000,11300,10190,6760,8850,30540,14480,9400,24280,25280,8330,7190,10570,9290,5870,8280,39170,6290,7020
2024_01,10時,25300,27660,6370,7960,11340,10200,7300,9780,28690,14910,12000,24540,27390,8870,7150,11020,9570,6260,9040,37620,6640,10450
2024_01,11時,25450,28720,6610,7990,11560,10240,7470,10280,27660,15160,14000,24620,28210,8990,7150,10960,9720,6550,9460,35630,6880,13120
2024_01,12時,25660,29560,6770,8060,11890,10540,7420,10520,27250,15440,15140,25010,29730,9330,7670,11220,10030,6730,9750,35440,6970,15080
2024_01,13時,24940,29650,6650,7900,11560,10640,7330,10480,26410,15360,15340,25070,29850,9010,7790,11430,10130,6640,9890,34610,6950,16030
2024_01,14時,24850,29570,6920,7820,11580,10660,7180,10250,26500,15150,15260,24880,29150,8240,7630,11610,9940,6740,9850,33980,6610,15770
2024_01,15時,24140,29210,7130,7590,11330,10540,6960,9780,26620,14680,14530,24460,28830,8500,7540,11290,9630,6680,9640,34190,6600,14960
2024_01,16時,23990,28630,7320,7540,11390,10380,6840,9120,27700,14160,13230,24350,28560,8770,7680,11110,9660,6530,9140,35200,6340,13930
2024_01,17時,23890,27990,7400,7620,11330,10310,6600,8610,29650,13060,11630,23820,27840,8460,7750,11090,9370,6380,8600,36240,5900,12110
2024_01,18時,24100,27000,7810,7520,11250,10010,6270,8220,32710,9990,10850,23020,27000,8230,7370,10630,9180,6230,8370,36870,5270,10440
2024_01,19時,24120,26550,8150,7620,11130,9820,6070,7850,35640,7760,9800,23050,25710,8150,7230,10230,9150,5950,8040,37660,4730,8910
2024_01,20時,23230,25170,7920,7460,10550,9320,5710,7430,37500,5880,7680,22720,24130,7870,6990,9820,9050,5530,7570,38070,4030,7280
2024_01,21時,22690,23790,7410,7240,10230,9050,5410,7120,38680,4580,5830,21890,23410,7490,6970,9620,8810,5220,7180,38500,3630,5740
2024_01,22時,22040,22570,7110,7150,9660,8820,5060,6790,39110,3760,4360,21810,22380,7420,7070,9310,8630,4870,6870,38850,3240,4610
2024_01,23時,20940,21640,6950,6910,9140,8330,4870,6370,38410,3250,3510,20540,21230,7110,6670,8780,8200,4620,6370,37920,3030,3360
2024_01,24時,22440,22870,7390,7250,9310,8770,5260,7300,42610,2990,2390,21840,22980,7380,7050,9120,8710,5160,7390,42070,2970,2400
2024_01,25時,22640,22930,7480,7310,9360,8810,5270,7320,42950,3010,2320,22040,22860,7280,7070,9170,8770,5200,7400,42220,2870,2360
2024_01,26時,22540,22530,7290,7230,9220,8750,5240,7330,42640,2980,2140,21990,22520,7190,7000,9040,8670,5180,7410,42100,2880,2120
2024_01,27時,22570,22540,7290,7210,9240,8790,5270,7310,42670,3040,2110,22060,22570,7330,6970,9020,8710,5170,7410,42240,3050,2110
2024_01,28時,22650,22570,7250,7150,9340,8850,5280,7330,42700,3090,2140,22030,22540,7260,6910,9040,8780,5140,7410,42210,2980,2090
2024_02,5時,22760,22690,6690,7240,9520,9690,5240,7070,43080,3600,1870,22180,22370,6860,7050,9200,9170,5190,7060,41710,3300,2380
2024_02,6時,23620,23370,7030,7340,9740,9980,5470,7400,42770,4530,2660,22500,22850,7310,7000,9220,9270,5370,7160,41510,3900,2710
2024_02,7時,24740,24460,7270,7430,10790,10300,5840,7550,40040,7340,4870,23280,22840,7120,7310,9600,9350,5430,7280,40740,4420,3680
2024_02,8時,26400,27730,7770,8750,11680,11540,6500,7880,36260,14030,7340,24500,24240,7310,7780,10380,9930,5750,7570,40450,5330,5690
2024_02,9時,25280,28160,6960,8330,11580,11180,6840,8520,31020,16080,9380,25550,26580,8680,8150,11040,10230,6050,7960,39360,7200,8390
2024_02,10時,25040,29090,6790,8060,11480,11150,7280,9350,28700,16310,11770,25700,28610,8630,8300,11370,10640,6560,8780,37530,7670,11820
2024_02,11時,25190,30250,6850,8250,11620,11280,7460,9960,28010,16630,13400,25760,29620,8590,8400,11560,10720,6840,9260,35990,7730,14290
2024_02,12時,25550,31390,7090,8580,12080,11530,7420,10230,28040,17160,14410,25860,30100,8780,8510,11600,10790,6870,9390,35200,7720,15550
2024_02,13時,25350,31900,7340,8630,11870,11660,7420,10320,27450,17150,15210,25850,30090,8520,8550,11720,10680,6850,9610,34530,7550,16260
2024_02,14時,24920,31390,7350,8370,11650,11550,7260,10100,27260,16770,14820,25790,29780,8310,8580,11810,10640,6730,9470,34170,7550,16370
2024_02,15時,24280,30460,7370,7850,11510,11340,6990,9650,27470,16160,13610,25220,29580,8380,8690,11750,10360,6460,9120,34390,7320,15540
2024_02,16時,24130,29560,7490,7870,11350,11100,6930,8920,28320,15680,12310,24850,29380,8740,8420,11660,10250,6430,8710,34730,7100,14910
2024_02,17時,24010,28410,7260,7950,11280,10860,6670,8370,29880,14500,10780,24860,28810,8270,8560,11760,10250,6350,8470,35770,6390,13960
2024_02,18時,24270,27720,7880,8270,11250,10450,6290,7810,33290,11010,10360,24420,28220,8330,8490,11430,10140,6180,8040,36950,5990,12240
2024_02,19時,24570,27060,8090,8200,11290,10320,6150,7550,36370,8590,9330,24230,27020,8610,8300,10870,9940,5900,7610,37730,5540,10570
2024_02,20時,24050,25380,7870,7850,10820,9950,5720,7210,38220,6340,7570,23220,25180,8060,7810,10300,9420,5580,7200,38100,4780,8140
2024_02,21時,23400,23900,7380,7540,10510,9690,5330,6840,39260,5000,5790,22530,23680,7480,7290,10040,9270,5270,6840,38560,3950,6340
2024_02,22時,22970,22960,7440,7330,10040,9440,5100,6570,40130,4200,4470,21990,22520,7250,7040,9680,8990,4980,6550,38870,3590,4700
2024_02,23時,21680,21730,7040,6930,9410,9020,4830,6160,39300,3600,3310,21090,21360,7020,6690,9180,8660,4770,6100,38290,3360,3490
2024_02,24時,23160,23060,7350,7530,9490,9550,5260,7020,43410,3230,2490,22460,22580,7010,7110,9590,9210,5180,6910,42120,3290,2420
2024_02,25時,23430,23160,7440,7650,9540,9620,5280,7040,43920,3210,2400,22710,22790,7300,7250,9570,9250,5180,6930,42570,3330,2410
2024_02,26時,23270,22850,7200,7610,9430,9560,5270,7050,43620,3190,2260,22680,22590,7280,7200,9470,9240,5160,6900,42500,3300,2270
2024_02,27時,23200,22800,7120,7560,9450,9580,5240,7030,43570,3230,2140,22780,22650,7310,7220,9470,9300,5150,6950,42600,3360,2290
2024_02,28時,23260,22930,7100,7560,9600,9620,5240,7050,43620,3350,2160,22820,22680,7360,7180,9470,9350,5170,6960,42630,3350,2340
2024_03,5時,22630,24250,8520,6810,9750,9970,5040,6780,44180,3540,2190,22640,24040,8720,6680,9670,9630,5090,6870,43510,3310,2820
2024_03,6時,23460,24850,8680,6910,10350,10080,5280,6990,43660,4330,3090,23000,24290,8810,6700,9850,9640,5260,7020,43220,3610,3110
2024_03,7時,24450,26050,9000,7010,11220,10500,5600,7150,40760,7160,5440,23680,24780,9170,6760,10210,9720,5370,7210,42880,4140,4080
2024_03,8時,26340,28920,9250,8290,12190,11710,6390,7420,36890,13520,8110,24910,26490,9920,7230,11060,10120,5630,7420,42050,5400,6610
2024_03,9時,25520,29930,8890,8070,12190,11490,6720,8070,32370,15730,10240,25480,29320,11090,7700,11670,10560,5950,7810,40670,7350,9420
2024_03,10時,25120,31200,8390,7890,12220,11530,7150,9110,29570,16020,13250,26130,31640,11480,8040,12170,10970,6380,8720,38990,8010,13330
2024_03,11時,25390,31800,8150,8140,12400,11530,7350,9610,28360,16150,15110,26390,33060,11420,8500,12540,11120,6640,9200,37100,8080,16650
2024_03,12時,25720,32620,8340,8220,12880,11730,7330,9840,28080,16550,16190,26610,33390,11140,8580,12880,11120,6790,9470,35970,8160,18190
2024_03,13時,25410,32500,8300,8080,12530,11890,7180,9910,27480,16510,16330,26360,33150,10990,8620,12590,11100,6700,9490,35270,8100,18550
2024_03,14時,25140,32170,8310,8010,12370,11730,7030,9840,27250,16240,16220,26160,32930,10760,8830,12520,10970,6710,9280,34970,7850,18620
2024_03,15時,24390,31560,8390,7580,12140,11570,6870,9370,27420,15920,14990,25460,32400,10420,8840,12190,10770,6490,9120,34860,7740,17640
2024_03,16時,23960,31130,8490,7550,11990,11380,6850,8800,28150,15300,14100,25370,32050,10540,8970,12140,10650,6500,8610,35720,7520,16520
2024_03,17時,24250,29870,8560,7760,11790,11140,6630,8220,29770,14020,12880,25230,30690,10250,8630,12240,10320,6290,8160,36490,6850,14850
2024_03,18時,24510,29420,9190,7920,11690,11010,6360,7750,32760,10990,12730,25240,30120,10030,8510,12330,10440,6200,7820,37870,6440,13380
2024_03,19時,25100,28470,9420,8000,11660,10980,6110,7390,36000,8640,11490,24710,28290,9560,8210,11670,10320,5790,7430,38650,5900,10910
2024_03,20時,24430,26970,9480,7640,11100,10410,5680,7060,38020,6520,9390,23790,26500,9060,7680,11160,9920,5430,7010,39070,5040,8630
2024_03,21時,24020,25430,9100,7520,10820,9990,5320,6690,39610,4920,7470,23130,24940,8560,7170,10790,9730,5160,6640,39650,4110,6790
2024_03,22時,23090,23920,8570,7210,10300,9590,5000,6320,40200,4120,5300,22590,23940,8420,7130,10370,9440,4860,6290,40350,3630,5090
2024_03,23時,21560,22390,7860,6720,9510,9190,4730,5910,39480,3350,3690,21720,22440,8120,6740,9710,9100,4600,5860,39410,3340,3940
2024_03,24時,22830,24190,8660,7140,9750,9670,5090,6700,43890,3080,2790,22520,23900,8390,6870,9870,9450,5070,6740,43060,3090,2940
2024_03,25時,23040,24290,8690,7300,9740,9740,5090,6750,44280,3050,2750,22610,23900,8440,6930,9840,9440,5090,6760,43380,3080,2740
2024_03,26時,22850,24080,8570,7160,9650,9740,5080,6730,44150,3030,2490,22600,23670,8370,6850,9750,9450,5070,6750,43350,3060,2530
2024_03,27時,22820,24020,8530,7100,9670,9740,5060,6720,44140,3060,2370,22630,23620,8350,6800,9750,9520,5060,6760,43340,3070,2520
2024_03,28時,22780,24160,8510,7060,9810,9780,5040,6740,44130,3200,2350,22650,23580,8380,6740,9770,9500,5030,6790,43340,3100,2490
2024_04,5時,20920,23930,5900,7290,9880,9290,5360,7110,42870,3430,1450,20540,23310,5680,7230,9550,8990,5180,7200,41350,2800,2200
2024_04,6時,21520,24170,5930,7260,10350,9400,5520,7210,42290,4080,2090,20990,23410,5870,7240,9740,9010,5320,7190,41070,3080,2660
2024_04,7時,22670,25820,6570,7230,11070,10190,5990,7410,39760,7300,4520,21630,23650,6040,7160,10040,9220,5440,7350,40700,3650,3430
2024_04,8時,24080,28360,6940,8530,11860,10740,6600,7740,35020,13560,6740,22520,25050,6120,7560,10620,9700,5880,7660,39700,4820,5460
2024_04,9時,23510,29090,7360,7740,11790,10230,7060,8400,30460,16360,8630,22660,27450,7390,7540,11130,10020,6210,7800,37920,6630,8080
2024_04,10時,23570,29950,7250,7700,11490,10360,7480,9220,28100,16700,11380,23050,29310,7260,8180,11120,10330,6730,8710,36480,7010,11290
2024_04,11時,23220,30970,6860,7880,11760,10480,7580,9620,26790,16970,12970,23350,30280,7130,8710,11230,10500,6860,9180,34430,7080,14320
2024_04,12時,23370,31310,6810,8010,12110,10660,7440,9650,26230,17360,13540,23290,30310,6660,8660,11360,10380,7020,9500,33160,7220,15380
2024_04,13時,23020,31350,6720,7960,12040,10740,7190,9710,25780,17300,13700,23200,30120,6510,8740,11480,10380,6850,9340,32320,7310,15760
2024_04,14時,23020,30950,6440,8050,11960,10700,7050,9750,25580,17230,13560,23380,29970,6790,8670,11660,10280,6580,9340,31980,7210,16200
2024_04,15時,22870,30830,6850,8010,11880,10560,7030,9360,26010,17200,12900,22620,30000,6850,8750,11190,9910,6610,9280,31610,7030,15980
2024_04,16時,22590,30140,6930,8020,11650,10470,6980,8650,26920,16670,11530,22130,29680,6490,8590,11300,9940,6660,8810,32530,6730,14570
2024_04,17時,22690,29140,6710,7930,11610,10400,6800,8360,28500,15430,10330,22000,28750,5890,8540,11250,9960,6680,8410,33560,6430,12760
2024_04,18時,22830,28690,7360,8050,11360,10390,6510,7820,31940,11700,10320,22440,28260,6280,8610,11330,9980,6550,7950,35140,6010,11600
2024_04,19時,22900,27870,7450,8210,11210,10180,6280,7430,35070,8760,9420,22190,27670,6570,8690,10980,9890,6150,7570,36480,5350,10030
2024_04,20時,22500,26590,7320,8120,10890,9720,5860,7160,37260,6810,7550,21690,25820,6360,8380,10470,9340,5660,7280,37430,4560,7590
2024_04,21時,21990,25210,7120,7960,10500,9310,5500,6810,38960,5110,5780,21200,24670,6090,7930,10390,9170,5390,6890,38070,3590,6280
2024_04,22時,21400,24020,6710,7710,10280,9040,5190,6480,39550,4160,4290,20810,23310,5760,7660,10120,8930,5080,6540,38830,3180,4300
2024_04,23時,20540,22800,6380,7460,9720,8730,4940,6100,39140,3550,3220,19720,21970,5480,7250,9500,8530,4770,6140,37890,2850,3160
2024_04,24時,21490,24170,6500,7770,9860,9100,5360,7050,43100,3080,2170,20850,23860,6080,7500,9820,8990,5220,7090,42010,2670,2320
2024_04,25時,21650,24200,6540,7840,9860,9150,5370,7070,43480,3050,2010,20960,23970,6110,7610,9820,9010,5260,7100,42260,2660,2290
2024_04,26時,21480,23990,6480,7710,9790,9100,5320,7060,43310,3040,1810,20830,23650,5940,7480,9670,9020,5250,7100,42140,2660,1970
2024_04,27時,21520,23920,6410,7700,9820,9130,5310,7050,43370,3120,1640,20820,23630,5970,7460,9620,9020,5230,7130,42160,2660,1910
2024_04,28時,21530,23950,6350,7670,9900,9150,5330,7070,43410,3170,1620,20820,23680,5930,7470,9620,9050,5250,7160,42210,2650,1930
2024_05,5時,20420,22570,4850,6910,9790,8750,5650,7020,40870,3040,1740,20030,21900,4770,6860,9250,8380,5570,7090,39340,2990,2330
2024_05,6時,21250,23010,5090,7010,10250,9020,5760,7110,40660,3840,2400,20270,22300,4920,6840,9540,8440,5720,7100,39140,3460,2700
2024_05,7時,22240,24930,5770,7010,10970,9820,6260,7310,38430,6820,4860,20730,22710,4990,6870,9980,8570,5830,7180,38890,4010,3310
2024_05,8時,23770,27030,6280,8110,11480,10360,6840,7700,33110,13720,6850,21790,24260,5440,7400,10480,9010,6190,7510,38150,5030,5570
2024_05,9時,23340,27260,5990,7630,11410,10070,7030,8450,28450,16200,8820,22310,26060,6130,7800,10800,9380,6520,7730,36330,6240,8540
2024_05,10時,22780,28040,5520,7550,11090,10200,7280,9160,26010,16480,10950,22950,27290,6180,7960,10970,9880,6740,8490,34640,6530,11670
2024_05,11時,22840,28980,5480,7730,11230,10190,7420,9750,25130,16710,12590,22690,27800,5870,7890,10930,9920,6920,8950,32420,6440,13930
2024_05,12時,23120,29770,5580,7790,11710,10390,7510,9900,24810,17100,13490,22760,28140,5920,8010,10930,9910,6930,9180,31410,6520,15270
2024_05,13時,22830,29880,5690,7800,11750,10330,7310,9810,24320,17300,13570,22780,28750,6270,8080,10940,10050,7010,9160,31060,6820,15930
2024_05,14時,22770,29610,5680,7870,11630,10330,7250,9610,24230,17150,13470,22530,28500,6210,7820,11150,9800,7020,9010,30710,6770,15800
2024_05,15時,22540,29320,5960,7810,11410,10270,7180,9210,24760,17130,12480,22160,27920,5960,7750,11020,9570,6870,8880,30410,6620,15300
2024_05,16時,22240,28900,6240,7640,11400,10050,7050,8740,25700,16670,11320,22090,27230,5640,7780,11010,9470,6870,8530,31300,6520,13880
2024_05,17時,22250,27860,5910,7660,11570,9990,6840,8140,26990,15540,10180,22200,27090,6090,7800,11040,9490,6790,8060,32270,6280,13190
2024_05,18時,22140,27180,6190,7730,11410,9840,6400,7730,30480,11350,10090,22200,26600,6180,7870,11010,9400,6600,7720,33580,5670,12020
2024_05,19時,22400,26470,6330,7970,11190,9670,6260,7420,33520,8600,9370,21750,25770,6010,7760,10790,9340,6300,7290,34710,5140,10210
2024_05,20時,22120,25200,6140,8160,10820,9130,6030,7040,35800,6720,7490,20880,24340,5350,7610,10360,8930,6000,6940,35340,4520,7830
2024_05,21時,21650,23980,5920,7820,10550,8870,5750,6700,37480,5200,5600,20440,23470,5540,7330,9980,8630,5760,6650,36480,3930,6070
2024_05,22時,21180,22710,5580,7510,10290,8660,5440,6390,38350,4050,4110,20040,22460,5270,7120,9770,8460,5440,6420,37330,3390,4380
2024_05,23時,20240,21830,5410,7220,9760,8390,5170,6110,38060,3460,3140,19070,21400,5010,6800,9250,8130,5190,6080,36700,3130,3180
2024_05,24時,21000,22910,5390,7320,9920,8670,5630,6960,41240,3100,2290,19930,22270,4900,6920,9380,8500,5560,6920,39700,2940,2280
2024_05,25時,21050,22990,5340,7390,9960,8710,5630,7000,41630,3120,2040,20090,22380,5020,6940,9500,8480,5580,6940,40000,2960,2250
2024_05,26時,20950,22920,5290,7370,9890,8690,5610,7000,41560,3110,1960,19960,22260,5020,6870,9370,8440,5560,6940,39910,2950,2110
2024_05,27時,20960,22900,5300,7380,9850,8730,5600,6990,41590,3120,1910,20120,22200,5050,6870,9370,8520,5550,6950,40060,2970,2040
2024_05,28時,21000,22990,5340,7360,9900,8770,5610,7000,41670,3130,1940,20180,22200,5010,6870,9410,8530,5560,6970,40100,2960,2060
2024_06,5時,20070,22210,4280,7080,9730,8550,5610,7010,39880,2830,2070,19830,21880,4470,6650,9480,8380,5640,7070,38810,2720,2550
2024_06,6時,20590,22560,4480,7090,10120,8720,5590,7150,39430,3440,2740,20060,22210,4550,6770,9570,8410,5750,7200,38740,3040,2860
2024_06,7時,22260,24290,5710,7200,10870,9510,6030,7220,37470,6240,5510,20540,22760,4720,6790,10140,8530,5800,7300,38520,3540,3670
2024_06,8時,23780,26850,6730,8170,11400,9980,6730,7600,32470,12870,7860,21270,24480,5160,7230,10640,9080,6080,7530,37670,4630,5840
2024_06,9時,23090,27320,6260,7910,11260,9650,6920,8390,28000,15140,9710,21560,26690,6090,7530,10900,9540,6290,7880,35810,6080,8810
2024_06,10時,22740,28680,6100,7800,11210,9780,7210,9290,25510,15590,12590,21740,28060,5800,7650,10770,10120,6670,8780,33650,6500,11870
2024_06,11時,22600,29610,5980,7970,11310,9810,7280,9860,24290,15990,14290,22220,28650,5610,7970,10770,10270,6930,9300,32250,6710,14080
2024_06,12時,22930,30150,6160,8140,11610,9900,7340,9910,24050,16300,14920,22590,29900,6030,8080,11300,10400,7040,9630,31570,6920,16260
2024_06,13時,22500,30070,6250,8000,11430,9850,7240,9780,23720,16370,14610,22850,30580,6650,8200,11380,10420,7020,9730,31260,7050,17200
2024_06,14時,22330,29510,6090,7960,11300,9780,7110,9590,23480,16170,14320,22370,30160,6590,8120,11450,9980,6790,9580,30700,7030,16870
2024_06,15時,22110,29170,6410,7950,11110,9700,6970,9140,23950,16110,13380,21940,28840,6140,7980,11130,9690,6600,9220,30590,6950,15260
2024_06,16時,22010,28660,6520,7930,11170,9550,6920,8570,24750,15770,12320,22110,28260,6170,7770,11210,9740,6610,8860,31430,6830,14250
2024_06,17時,21980,27920,6400,7870,11210,9550,6800,8060,26330,14620,11170,22200,27680,6400,7670,11270,9590,6610,8330,32240,6550,13280
2024_06,18時,21650,27110,6380,7510,11210,9620,6370,7640,29750,10680,10640,21910,26900,6040,7540,11240,9530,6410,8040,33310,5860,11690
2024_06,19時,21780,26520,6090,7780,11370,9470,6260,7330,33030,8100,9570,21740,25740,5660,7630,10950,9450,6210,7580,34410,5190,9960
2024_06,20時,21430,25140,5770,7950,10840,9050,5960,6980,34840,6110,8000,21020,24080,5570,7420,10130,9010,5870,7070,35290,4320,7630
2024_06,21時,21070,23760,5470,7610,10540,8820,5720,6660,36360,4810,6020,20510,23220,5350,7400,9930,8740,5600,6700,36350,3820,5850
2024_06,22時,20630,22460,5020,7340,10350,8550,5410,6390,37160,3810,4500,20490,22320,5330,7220,9750,8610,5420,6470,37120,3200,4760
2024_06,23時,19550,21260,4620,7030,9690,8240,5120,6090,36550,3170,3410,19350,21160,4750,6860,9270,8280,5180,6140,36490,2910,3360
2024_06,24時,20350,22090,4560,7140,9710,8590,5530,6900,39650,2800,2450,19900,22230,4720,6920,9480,8460,5540,7000,39220,2670,2580
2024_06,25時,20410,22170,4630,7190,9750,8540,5540,6910,39950,2760,2330,20060,22270,4840,6990,9470,8460,5550,7010,39560,2720,2480
2024_06,26時,20210,22140,4590,7170,9710,8480,5510,6880,39940,2770,2120,19950,22280,4810,6930,9430,8440,5560,7030,39520,2690,2420
2024_06,27時,20230,22150,4570,7210,9680,8500,5490,6900,40010,2770,2070,19960,22310,4840,6940,9410,8460,5560,7030,39600,2700,2380
2024_06,28時,20200,22240,4580,7190,9710,8530,5510,6900,39980,2770,2160,20040,22260,4880,6910,9430,8460,5580,7030,39680,2690,2350
2024_07,5時,21760,21190,5450,7020,9120,8310,5880,7150,40180,3010,2230,21060,20020,4740,6710,8810,7880,5740,7190,38370,2670,2400
2024_07,6時,22160,21580,5440,7100,9550,8520,5860,7250,39630,3800,2810,21260,20310,4850,6820,8860,7910,5850,7270,38200,3000,2660
2024_07,7時,23270,23170,6550,7010,10300,9130,6000,7430,37240,6550,5230,21800,20920,4960,6820,9460,8150,5970,7340,37850,3630,3600
2024_07,8時,25110,26300,7530,8270,11190,9780,6820,7800,32840,13450,7730,22830,22360,5710,7120,9800,8650,6380,7510,36870,4760,5790
2024_07,9時,24040,27210,7210,7800,10900,9520,7150,8650,28240,16000,9460,22960,24180,6170,7410,10100,9090,6590,7770,34890,6210,8230
2024_07,10時,23730,28320,6980,7640,10680,9720,7400,9610,26120,16420,11850,23460,26220,6230,7830,10220,9630,7050,8700,34080,6760,11180
2024_07,11時,23600,29380,6880,7850,10730,9840,7650,10010,25070,16800,13410,23770,27080,6350,8050,10470,9760,7150,9050,32480,6850,13670
2024_07,12時,23830,29790,7040,7790,11150,9870,7790,9960,24940,17090,13930,23720,27590,6370,7850,10660,9900,7210,9280,31540,7040,14970
2024_07,13時,23190,29690,7190,7710,11030,9640,7470,9820,24250,16840,14080,24070,27740,6540,7700,11030,10000,7200,9320,31210,6980,15760
2024_07,14時,22840,29430,6900,7820,10920,9650,7310,9660,23950,16640,13880,23920,27070,6270,7730,10870,9890,7060,9160,30700,6900,15480
2024_07,15時,22610,29090,7330,7650,10700,9490,7290,9220,24270,16400,13200,23830,26760,6220,7790,10890,9890,6890,8890,30970,6830,14870
2024_07,16時,22170,28420,7460,7390,10540,9310,7030,8830,24960,15990,11790,23450,26610,6030,7630,11000,9830,6940,8610,31580,6670,13990
2024_07,17時,22110,26790,6700,7340,10410,9360,6810,8250,26270,14760,10120,23110,26260,5930,7360,11000,9820,6900,8350,32230,6270,13010
2024_07,18時,21790,26180,6630,7140,10400,9320,6590,7870,29430,10790,10000,23380,25080,6150,7530,10530,9570,6660,8010,33240,5700,11700
2024_07,19時,22640,25700,7200,7600,10340,9110,6490,7570,32740,8260,9620,23080,23620,5940,7640,10060,9210,6250,7580,33990,5000,9780
2024_07,20時,22510,23980,6760,7780,9790,8730,6230,7180,34640,6060,8090,22350,22020,5680,7320,9340,8830,5960,7220,34510,4100,7860
2024_07,21時,22380,22580,6400,7470,9680,8560,5950,6880,36360,4890,6100,22190,20700,5410,7060,9270,8540,5770,6830,35420,3370,6190
2024_07,22時,21690,21400,5860,7240,9510,8250,5620,6580,37090,3820,4570,21820,19660,5400,6920,8970,8170,5440,6570,35710,2770,5050
2024_07,23時,20680,20280,5400,6990,9050,7970,5330,6200,36680,3300,3340,20330,18950,4860,6700,8450,7780,5220,6260,35090,2530,3710
2024_07,24時,20760,20020,5320,6730,8650,7830,5490,6750,38140,2790,2210,21310,20400,5320,6690,8810,8050,5690,7130,38660,2550,2750
2024_07,25時,20870,20170,5380,6850,8710,7840,5500,6750,38360,2780,2260,21500,20600,5430,6870,8850,8080,5700,7150,39050,2520,2790
2024_07,26時,20730,20030,5310,6810,8620,7810,5460,6730,38290,2790,2060,21490,20460,5470,6770,8830,8030,5670,7170,39080,2500,2620
2024_07,27時,20770,20000,5350,6800,8600,7830,5430,6750,38370,2830,1990,21410,20490,5440,6770,8810,8050,5670,7130,39120,2560,2540
2024_07,28時,20760,20070,5340,6820,8610,7860,5440,6750,38390,2830,2040,21430,20450,5400,6780,8770,8050,5700,7150,39090,2530,2550
2024_08,5時,19670,20320,5170,6600,8300,7500,5340,7060,37610,2350,1980,19120,19690,5100,6400,7820,7190,5240,7040,36540,2170,2000
2024_08,6時,20150,20750,5470,6720,8510,7640,5310,7240,37180,3230,2480,19380,20050,5320,6580,7830,7230,5320,7140,36470,2620,2260
2024_08,7時,20970,22280,5990,6820,9210,8220,5650,7340,35100,5820,4440,19730,20560,5440,6540,8230,7390,5360,7300,35930,3040,3240
2024_08,8時,22470,25130,6330,7810,10170,9080,6380,7800,30980,11650,7150,20250,21930,5730,6820,8670,7810,5540,7600,35050,3990,5080
2024_08,9時,22170,26140,5940,7420,10390,9200,6800,8530,27400,13730,9210,20990,23800,5840,7500,9100,8360,5920,8050,33670,5310,7770
2024_08,10時,21750,27010,5730,7350,10160,9300,6970,9220,25400,13990,11310,21480,25690,5950,7670,9400,8860,6380,8900,32450,5510,11050
2024_08,11時,21680,27980,5670,7600,10190,9370,7200,9600,24260,14300,12990,21750,26820,5930,8030,9750,8900,6750,9190,30970,5930,13550
2024_08,12時,21760,28550,6000,7770,10330,9370,7280,9530,23820,14980,13420,21870,27320,6440,8020,9720,9040,6700,9250,30220,6080,14690
2024_08,13時,21690,28190,6190,7600,10210,9340,7160,9360,23430,15010,13290,21770,27610,6660,8130,9660,9080,6670,9170,29990,6060,15120
2024_08,14時,21360,27840,6080,7510,10130,9310,6990,9160,23210,14720,13090,21700,27080,6500,8120,9780,8830,6440,9080,29440,6090,14990
2024_08,15時,21350,27530,6250,7500,10080,9220,6920,8900,23580,14580,12540,21310,26290,6160,7810,9840,8530,6310,8930,29320,5950,14030
2024_08,16時,21060,27110,6170,7410,10100,9180,6750,8540,24380,14120,11560,21110,25710,5960,7670,9630,8550,6210,8790,29750,5820,13070
2024_08,17時,21100,25810,6080,7250,9860,9110,6470,8130,25680,12910,10230,20840,24720,5750,7560,9380,8550,6020,8280,30310,5450,11590
2024_08,18時,20450,24840,6270,7060,9410,8580,6190,7760,28190,9010,9990,20710,23720,5580,7350,9370,8400,5840,7860,31020,4910,10290
2024_08,19時,20620,23560,5980,7200,9260,8320,5970,7450,30770,6570,8770,20730,22380,5540,7250,8910,8350,5650,7400,31960,4310,8690
2024_08,20時,20220,22290,5960,7020,8680,8060,5650,7130,32520,4940,6970,20180,21260,5750,6940,8400,7820,5390,7110,32880,3630,6810
2024_08,21時,19930,21040,5600,6790,8580,7800,5370,6810,33970,3750,5190,19930,20250,5630,6720,8220,7650,5160,6770,33740,2910,5370
2024_08,22時,19600,20110,5350,6710,8380,7560,5100,6590,34740,2920,3990,19550,19430,5480,6570,8030,7430,4920,6540,34180,2540,4110
2024_08,23時,18740,19300,5120,6530,8010,7290,4790,6300,34430,2540,2990,18350,18650,5090,6270,7600,7100,4650,6260,33490,2220,3080
2024_08,24時,19820,20370,5470,6720,8240,7530,5220,7000,37620,2310,2260,19720,20080,5310,6660,8080,7420,5270,7060,37230,2240,2280
2024_08,25時,19940,20490,5510,6810,8290,7540,5240,7010,37940,2320,2180,19860,20260,5460,6690,8150,7450,5270,7080,37570,2250,2260
2024_08,26時,19750,20480,5490,6770,8240,7490,5230,7010,37970,2290,1970,19680,20230,5360,6690,8110,7410,5240,7090,37570,2240,2060
2024_08,27時,19760,20410,5510,6710,8190,7530,5210,7000,37940,2290,1930,19680,20150,5300,6710,8090,7390,5240,7100,37600,2240,1960
2024_08,28時,19800,20460,5510,6710,8200,7550,5240,7030,37980,2240,1990,19720,20170,5320,6700,8090,7390,5250,7120,37610,2220,2010
2024_09,5時,22170,24040,7220,7600,9580,8570,5700,7520,44050,2670,1730,21790,23410,6740,7320,9340,8430,5820,7540,42770,2670,2070
2024_09,6時,22780,24420,7260,7750,9810,8830,5820,7710,43570,3460,2440,22060,23700,6710,7570,9380,8490,5950,7640,42700,2980,2390
2024_09,7時,23870,25880,7660,7690,10870,9510,6080,7920,40850,6660,4650,22470,24370,6750,7530,9920,8790,6010,7820,42280,3530,3410
2024_09,8時,25200,28890,7760,8580,12090,10340,6930,8370,35040,14100,7580,23450,25440,7140,7960,10240,9230,6260,8040,41400,4600,5330
2024_09,9時,24240,30030,7020,8060,12080,10440,7350,9300,30260,16610,9880,23560,27650,7280,8250,10710,9730,6660,8560,39470,5990,8130
2024_09,10時,24080,30900,6520,7900,12050,10580,7700,10210,28030,16910,12280,23970,28870,6980,8440,10840,10180,7050,9320,37240,6290,11470
2024_09,11時,24090,31780,6370,8150,12110,10580,7960,10690,26900,17180,13950,24170,30170,7240,8620,11060,10280,7340,9790,35790,6520,14150
2024_09,12時,24380,32660,6670,8290,12300,10720,8160,10880,26550,17790,14890,24370,30600,7490,8620,11290,10360,7370,9830,34800,6770,15390
2024_09,13時,24040,32230,6480,8200,11950,10720,8120,10770,26210,17560,14670,24590,30720,7310,8720,11450,10640,7270,9910,34140,6810,16360
2024_09,14時,23830,31720,6500,8190,11860,10620,7870,10490,25860,17440,14390,24420,29980,7110,8550,11200,10530,7200,9790,33640,6660,15990
2024_09,15時,23610,31170,6650,8060,11810,10470,7700,10060,26060,17240,13590,24180,29600,6980,8610,10910,10480,7130,9660,33640,6630,15440
2024_09,16時,23520,30670,6820,8120,11920,10320,7420,9570,26790,16950,12630,24130,28980,6890,8450,10910,10400,7080,9360,34090,6610,14480
2024_09,17時,23460,29570,6910,8100,11660,10220,7110,9030,28330,15800,11130,24020,28320,7190,8390,10890,10120,6920,8810,35120,6200,13080
2024_09,18時,22920,28520,7130,8040,11130,9790,6750,8580,31670,11440,10590,24200,27620,7250,8470,10940,10000,6680,8470,36710,5690,11540
2024_09,19時,23080,27540,7410,8280,10780,9480,6560,8100,35080,8310,9510,23800,26580,7500,8300,10590,9540,6410,8030,37850,4960,9690
2024_09,20時,23060,26350,7560,8340,10510,9140,6190,7650,37660,6240,7760,22970,25250,7350,8020,10090,9040,6090,7610,38760,3970,7580
2024_09,21時,22800,25070,7440,7930,10360,8840,5930,7350,39560,4710,5900,22750,24410,7310,7890,9890,8870,5890,7300,39960,3390,5950
2024_09,22時,22390,24050,7070,7790,10220,8620,5670,7070,40670,3620,4440,22350,23660,7340,7720,9690,8600,5580,7050,40750,2880,4500
2024_09,23時,21070,23080,6700,7540,9570,8260,5340,6710,40170,3080,3140,21190,22670,6890,7430,9200,8280,5310,6730,40240,2570,3130
2024_09,24時,22410,24490,7290,7750,9870,8710,5770,7480,44390,2870,2060,22420,24050,7460,7600,9570,8520,5770,7540,43870,2630,2230
2024_09,25時,22590,24620,7430,7830,9890,8730,5790,7510,44730,2860,2070,22400,24160,7450,7630,9580,8560,5770,7560,44060,2650,2140
2024_09,26時,22500,24500,7390,7800,9850,8680,5750,7510,44650,2820,1940,22190,24040,7360,7570,9510,8490,5720,7570,43880,2630,2000
2024_09,27時,22360,24430,7320,7750,9800,8660,5720,7530,44560,2780,1850,22170,24010,7270,7590,9490,8500,5710,7600,43870,2620,1940
2024_09,28時,22380,24420,7320,7720,9780,8690,5720,7540,44520,2780,1870,22180,24030,7320,7570,9440,8530,5710,7620,43940,2600,1920
2024_10,5時,22110,24280,6930,7830,9680,8520,5760,7650,43810,2860,2110,21930,24040,6950,7680,9580,8180,5920,7640,43140,2920,2330
2024_10,6時,22660,24450,6960,7890,9840,8720,5830,7860,43080,3540,2930,21930,24220,6790,7780,9630,8210,5960,7770,42810,3160,2590
2024_10,7時,23930,26210,7500,8010,10780,9510,6150,8160,40930,6510,5260,22490,24670,6840,7740,9980,8580,5980,8010,42220,3690,3710
2024_10,8時,25280,29170,7970,8960,11730,10150,7030,8600,35460,13640,8170,23430,25990,7230,8050,10470,9110,6280,8260,41390,4990,5660
2024_10,9時,24920,30820,7810,8750,11860,10240,7500,9560,31220,16210,10950,23890,28140,7640,8500,11010,9530,6570,8760,39320,6360,8840
2024_10,10時,24530,31500,7000,8600,11660,10450,7880,10430,28580,16370,13430,24580,29610,7600,8770,11090,10060,7050,9590,37440,6580,12450
2024_10,11時,24350,32330,6890,8560,11720,10440,8090,10960,27320,16530,15100,24590,30950,7390,9130,11240,10290,7340,10130,35630,6950,15290
2024_10,12時,24540,33030,7090,8730,11930,10570,8150,11080,26910,17130,15820,24240,31330,7460,8830,11090,10370,7460,10330,34430,7240,16190
2024_10,13時,24350,32370,6890,8490,11680,10570,8100,10970,26230,17060,15710,24110,31090,7120,8870,11160,10300,7380,10360,33590,7110,16690
2024_10,14時,24170,31790,6710,8540,11540,10490,7980,10680,25990,16790,15400,23990,30560,6950,8910,11090,10100,7240,10250,33060,7110,16470
2024_10,15時,23700,30940,6630,8300,11360,10210,7850,10280,26160,16620,14090,23920,29730,7000,8860,10940,9830,7050,9950,33130,7070,15540
2024_10,16時,23380,30400,6730,8230,11340,10070,7650,9750,26910,16220,12870,23660,29310,7040,8680,10840,9910,7000,9490,33920,6960,14230
2024_10,17時,23310,29550,6700,8430,11250,10020,7250,9190,28760,15230,11150,23680,28870,7300,8660,10840,9850,6880,9000,35050,6610,13040
2024_10,18時,22890,28260,6840,8180,11030,9680,6790,8600,32090,11030,10350,23530,27720,7200,8630,10680,9670,6610,8450,36210,5930,11280
2024_10,19時,23260,27160,7090,8390,10780,9430,6560,8160,35120,8240,9400,23630,26310,7170,8660,10430,9350,6310,8010,37420,5260,9490
2024_10,20時,23150,25890,6990,8500,10550,9080,6190,7710,37630,6010,7700,23050,24950,7020,8190,10120,8930,6040,7690,38450,4170,7590
2024_10,21時,22590,24850,6900,8160,10320,8770,5890,7390,39300,4640,5820,22540,24010,6800,7980,10030,8620,5760,7350,39170,3540,6050
2024_10,22時,22120,23860,6650,8020,9990,8540,5600,7160,40310,3590,4410,22160,23110,6800,7820,9760,8300,5470,7100,39780,2990,4690
2024_10,23時,20920,22860,6370,7780,9430,8120,5310,6750,39760,3090,3230,21050,22330,6500,7570,9330,7930,5240,6800,39300,2750,3470
2024_10,24時,22390,24420,7100,8050,9770,8510,5820,7550,43940,3010,2370,21840,23990,7000,7760,9580,8260,5670,7540,42840,2770,2550
2024_10,25時,22500,24580,7180,8120,9800,8560,5820,7590,44250,3020,2340,21940,24140,7090,7740,9650,8310,5680,7590,43080,2790,2540
2024_10,26時,22390,24510,7170,8050,9790,8480,5790,7600,44260,2990,2160,21730,24130,7030,7710,9640,8200,5670,7600,43090,2750,2350
2024_10,27時,22240,24460,7080,8010,9760,8470,5770,7600,44150,2960,2090,21640,24130,6920,7700,9620,8210,5690,7620,43070,2760,2270
2024_10,28時,22220,24430,7020,8020,9720,8500,5760,7620,44050,2960,2140,21670,24050,6920,7670,9590,8190,5680,7640,43030,2750,2260
2024_11,5時,22060,24410,7180,7410,9880,8510,5630,7850,44370,2560,1750,21460,24020,6940,7090,9590,8240,5690,7910,42900,2450,2340
2024_11,6時,22600,24780,7360,7460,10130,8590,5690,8120,43910,3350,2360,21620,24340,6950,7220,9650,8280,5770,8080,42790,2690,2680
2024_11,7時,23780,26180,7840,7340,10880,9380,6050,8440,41220,6910,4190,22290,24890,6910,7290,10140,8590,5920,8310,42430,3480,3550
2024_11,8時,25440,29190,8130,8510,11920,10260,6990,8790,35860,14350,7080,23280,26230,7480,7560,10600,9080,6160,8620,41470,4670,5640
2024_11,9時,24820,30520,7650,8220,11950,10270,7400,9840,31200,16480,10000,23850,28240,7770,8090,11110,9500,6430,9170,39720,6220,8470
2024_11,10時,24760,31540,7150,8140,11890,10500,7800,10810,28570,17030,12880,24420,29290,7480,8110,11250,9940,6910,10010,37420,6600,11840
2024_11,11時,24710,32480,6790,8220,11950,10540,8110,11570,27150,17330,14790,24690,30360,7590,8310,11250,10190,7260,10430,35610,6830,14770
2024_11,12時,24980,33140,6940,8480,12280,10520,8120,11750,26680,18080,15520,24480,30890,7430,8640,11320,10200,7180,10590,34400,7180,15880
2024_11,13時,24430,32530,6560,8350,11890,10520,7960,11650,25880,17880,15270,24670,31190,7640,8710,11530,10080,7270,10610,33660,7180,16960
2024_11,14時,24290,31930,6370,8300,11820,10460,7920,11330,25500,17600,15100,24180,30580,7260,8490,11470,10040,7130,10340,32950,7160,16580
2024_11,15時,24060,31250,6420,8110,11780,10310,7830,10830,25710,17350,14210,24070,30170,7300,8610,11410,9780,7080,10040,33040,7160,16020
2024_11,16時,23710,30630,6590,8090,11700,10110,7700,10130,26780,17000,12550,23850,29660,7290,8410,11310,9830,6990,9660,33620,6950,15000
2024_11,17時,23350,29390,6600,7960,11430,10050,7360,9330,28270,15730,10810,23790,29180,7400,8310,11430,9850,6820,9130,34810,6690,13600
2024_11,18時,22780,28370,6880,7800,11240,9610,6790,8820,31490,11560,10260,23810,28240,7310,8350,11320,9770,6620,8650,36030,6060,12070
2024_11,19時,23390,27490,7300,7950,11290,9450,6480,8410,34920,8570,9600,23620,26660,7190,8120,10790,9570,6350,8250,37240,5300,9840
2024_11,20時,23350,26410,7480,7870,11000,9120,6210,8060,37720,6340,7970,23010,25350,7040,7860,10420,9070,6020,7920,38390,4280,7800
2024_11,21時,23010,25340,7530,7720,10670,8800,5860,7740,39740,4730,6110,22580,24750,7140,7700,10470,8630,5750,7610,39710,3650,6040
2024_11,22時,22620,24150,7220,7600,10380,8490,5550,7510,40870,3620,4500,22090,23750,7260,7320,10110,8380,5400,7360,40230,2970,4660
2024_11,23時,21310,23090,6860,7270,9730,8090,5240,7190,40550,2900,3110,21060,22600,6780,7060,9620,7950,5190,7040,39750,2470,3410
2024_11,24時,22340,24600,7270,7450,10110,8530,5700,7850,44340,2650,2260,22060,24020,7400,7210,9760,8340,5630,7720,43310,2410,2570
2024_11,25時,22460,24810,7380,7510,10130,8600,5710,7910,44770,2640,2180,22200,24110,7480,7230,9790,8380,5650,7760,43640,2400,2470
2024_11,26時,22330,24760,7290,7510,10150,8510,5680,7930,44750,2650,2010,21950,24100,7380,7190,9760,8310,5610,7790,43560,2350,2310
2024_11,27時,22250,24750,7240,7520,10140,8490,5670,7930,44780,2630,1920,21890,24090,7340,7160,9720,8310,5610,7810,43540,2360,2260
2024_11,28時,22270,24750,7250,7530,10110,8510,5660,7950,44810,2600,1910,21880,24130,7380,7170,9680,8320,5620,7840,43640,2350,2210
2024_12,5時,21360,23470,6090,7070,10070,8190,5760,7630,42880,2510,1640,21160,23690,6240,7000,10110,8140,5690,7640,42480,2560,2090
2024_12,6時,21810,23880,6200,7120,10360,8330,5860,7810,42490,3220,2260,21350,23890,6250,7060,10080,8150,5880,7790,42300,2810,2390
2024_12,7時,22920,25140,6530,7210,11010,8940,6240,8120,40150,6310,3990,21670,24420,6400,6940,10290,8430,6040,7980,41820,3520,3100
2024_12,8時,24820,28080,6900,8360,12000,9960,7090,8570,35840,12820,6890,22300,26110,6670,7240,10950,9020,6220,8280,41080,4580,5090
2024_12,9時,24100,29330,6840,7970,11800,9980,7520,9310,31400,14720,9570,23040,28000,6740,7860,11400,9500,6570,8950,39330,5730,8260
2024_12,10時,24060,30860,6560,8070,11750,10170,8030,10330,29300,15340,12510,23820,29670,6710,8210,11640,9980,7110,9820,37270,6100,12280
2024_12,11時,24210,31810,6360,8270,11850,10190,8300,11040,27860,15490,14810,24130,30860,6780,8480,11750,10260,7370,10340,35640,6250,15240
2024_12,12時,24520,32260,6500,8480,12190,10260,8260,11080,27170,16120,15680,24030,31370,6790,8450,11970,10310,7470,10400,34600,6400,16490
2024_12,13時,24270,31970,6450,8440,11900,10250,8130,11050,26580,16140,15650,23960,31220,6680,8480,11740,10370,7480,10410,33830,6270,16970
2024_12,14時,24020,31500,6380,8350,11700,10220,8040,10810,26160,15900,15500,23700,30840,6650,8570,11510,10210,7280,10300,33040,6180,17190
2024_12,15時,23630,30950,6420,8290,11460,9980,8010,10410,26290,15680,14680,23560,30170,6480,8370,11640,9990,7160,10080,33260,6210,16150
2024_12,16時,23360,30290,6360,8240,11490,9890,7860,9800,27240,15390,13110,23620,29590,6440,8410,11740,10110,7030,9460,33970,5990,15240
2024_12,17時,23260,29210,6420,8170,11300,9830,7530,9190,28620,14190,11790,23980,28700,6610,8510,11400,10070,6960,9110,34870,5830,14000
2024_12,18時,22630,27980,6420,7890,11230,9280,7060,8710,31410,10340,10980,23930,28050,6650,8550,11440,9920,6730,8660,35650,5400,12970
2024_12,19時,22880,27030,6640,7930,11140,9240,6720,8230,34410,7640,9930,23720,26770,6450,8430,11150,9660,6470,8310,36810,4560,11140
2024_12,20時,22930,25670,6740,7870,10860,8960,6330,7830,36790,5760,8190,23270,25440,6630,8080,10740,9160,6210,7880,37830,3930,9010
2024_12,21時,22490,24710,6740,7670,10640,8600,6010,7520,38670,4410,6250,22680,24300,6570,7730,10460,8740,5940,7530,38940,3370,6760
2024_12,22時,22140,23700,6530,7490,10430,8410,5680,7280,39840,3390,4730,22170,23210,6380,7200,10380,8500,5660,7230,39680,2870,4920
2024_12,23時,20940,22550,6130,7110,9910,8030,5390,6900,39470,2800,3320,20830,22270,5980,6860,9830,8030,5430,6950,39330,2440,3370
2024_12,24時,21900,23910,6460,7340,10230,8340,5810,7610,43250,2570,2260,21320,23330,6090,6970,9980,8230,5790,7570,42340,2470,2090
2024_12,25時,22020,24080,6540,7380,10310,8380,5820,7660,43660,2580,2140,21430,23440,6140,7040,10010,8260,5780,7620,42630,2510,1990
2024_12,26時,21830,24050,6520,7350,10270,8300,5770,7660,43650,2550,1960,21370,23510,6180,7040,10020,8180,5790,7660,42800,2520,1850
2024_12,27時,21740,24060,6510,7290,10280,8270,5780,7660,43660,2530,1880,21340,23490,6220,7020,9960,8190,5770,7650,42810,2490,1820
2024_12,28時,21780,23990,6510,7280,10250,8270,5770,7670,43610,2550,1890,21380,23380,6140,7040,9960,8200,5760,7640,42720,2480,1830
2025_01,5時,21090,24080,6850,6920,9880,8100,5820,7570,43250,3040,1580,20860,23540,6810,6610,9510,8040,5840,7570,41800,2950,2250
2025_01,6時,21480,24500,7020,6910,10080,8260,5940,7750,42800,3810,2170,20990,23750,6840,6720,9540,8050,5900,7680,41570,3250,2530
2025_01,7時,22590,25540,7180,7050,10670,8960,6180,8060,40370,6710,3930,21670,24210,7030,6750,9800,8390,6020,7880,41290,3870,3390
2025_01,8時,24740,28760,7370,8640,11770,10060,7130,8510,35640,14570,6540,22270,25480,7180,7050,10190,8930,6220,8160,40520,4820,5080
2025_01,9時,24060,30080,7450,8330,11570,10050,7550,9190,31130,16750,9190,22890,27050,7230,7750,10430,9400,6460,8650,39050,5930,7710
2025_01,10時,24030,31150,6970,8400,11580,10300,8050,9870,28790,17100,12060,23520,28700,7320,8060,10700,9840,6890,9380,37590,6210,11080
2025_01,11時,24130,31950,6770,8630,11610,10320,8190,10540,27520,17360,13960,24020,29320,7150,8380,10840,10030,7120,9810,35660,6410,13920
2025_01,12時,24210,32760,7030,8910,11790,10340,8230,10650,26930,18070,14740,23830,29560,7000,8380,10810,10130,7100,9950,34080,6580,15260
2025_01,13時,24010,32290,6810,8710,11610,10340,8200,10610,26300,17970,14670,23690,29930,7180,8250,10900,10100,7180,10000,33590,6520,15960
2025_01,14時,23920,31720,6650,8800,11590,10200,7950,10420,26090,17800,14370,23630,30010,6990,8230,11090,10210,7100,10010,33250,6600,16220
2025_01,15時,23530,31170,6720,8610,11430,10050,7800,10070,26370,17640,13330,23560,29400,6780,8330,11010,10030,7010,9790,33320,6570,15540
2025_01,16時,23320,30530,6810,8450,11480,9940,7660,9500,27270,17190,12040,23250,28670,6630,8160,10880,9800,7060,9360,33990,6280,14110
2025_01,17時,23460,29810,7020,8570,11450,9970,7360,8890,29180,15950,10800,23190,28300,6930,8120,11040,9640,6920,8820,35220,5980,12790
2025_01,18時,22470,28460,7090,7960,11200,9370,6930,8370,32090,11370,10170,22880,27300,6920,7890,10770,9440,6730,8400,36230,5410,11000
2025_01,19時,22660,27430,7200,7940,11130,9100,6650,8050,35260,8410,9170,22610,25950,6870,7680,10340,9240,6390,8040,37330,4800,8940
2025_01,20時,22420,26060,7180,7870,10630,8760,6300,7710,37580,6290,7380,22110,24890,6900,7550,9960,8750,6100,7720,38220,4020,7240
2025_01,21時,22000,25350,7370,7620,10400,8460,6020,7460,39560,4830,5710,21930,24260,7140,7240,9930,8470,5880,7510,39660,3630,5470
2025_01,22時,21720,24330,7380,7430,10030,8200,5770,7220,40640,3820,4270,21530,23480,7130,6870,9710,8330,5660,7290,40220,3160,4180
2025_01,23時,20860,23330,7030,7210,9570,7900,5530,6930,40510,3290,3020,20470,22540,6710,6510,9340,7950,5480,7010,39740,2890,2910
2025_01,24時,21580,24460,7240,7220,9920,8260,5880,7510,43740,3100,2030,21140,23780,7090,6660,9670,8120,5800,7570,42760,3000,1920
2025_01,25時,21730,24560,7290,7270,9950,8290,5910,7550,44080,3100,1950,21250,23960,7150,6700,9760,8140,5840,7620,43100,2990,1890
2025_01,26時,21550,24570,7240,7240,9950,8230,5890,7550,44000,3090,1850,21220,23940,7100,6680,9740,8140,5850,7640,43100,2970,1870
2025_01,27時,21550,24520,7210,7250,9930,8230,5870,7560,44040,3080,1770,21260,23910,7080,6670,9730,8180,5870,7630,43160,2970,1810
2025_01,28時,21580,24480,7210,7250,9950,8210,5860,7580,44030,3080,1760,21250,23840,7030,6650,9760,8150,5840,7630,43080,2970,1800
2025_02,5時,21090,23370,6670,6920,9590,7970,5690,7610,42480,2750,1640,20770,23430,6710,6840,9410,7900,5680,7650,41800,2800,2080
2025_02,6時,21580,23640,6690,7060,9770,8170,5780,7740,41970,3580,2150,21080,23630,6770,6930,9430,8000,5770,7800,41610,3250,2350
2025_02,7時,22940,24840,6980,7410,10210,8940,6120,8100,39520,6860,3970,21630,24050,6870,7040,9650,8260,5880,7960,41120,3840,3230
2025_02,8時,25140,28300,6960,9100,11600,10150,7190,8430,34130,15370,6810,22600,25410,7160,7370,10290,8880,6080,8210,40420,4910,5230
2025_02,9時,24570,29550,7030,8690,11510,10000,7600,9270,29590,17610,9500,23250,27220,7220,7920,10640,9480,6370,8830,38640,6110,8270
2025_02,10時,24570,30770,6790,8830,11350,10260,8030,10070,27340,18220,12220,24050,28940,7600,8150,10870,9950,6900,9500,37010,6410,11950
2025_02,11時,24620,31560,6580,8910,11400,10400,8090,10770,25960,18450,14080,24140,29840,7450,8500,10950,10040,7090,9930,35020,6650,14640
2025_02,12時,24610,32440,6590,9050,11910,10380,8230,10870,25540,19100,14790,24010,30600,7510,8620,11120,10130,7170,10060,33980,7050,15900
2025_02,13時,24610,32170,6430,8980,11750,10610,8180,10800,25220,19050,14820,24460,30870,7560,8560,11440,10280,7250,10230,33470,7000,17110
2025_02,14時,24410,31520,6250,8880,11710,10510,7950,10610,24920,18650,14550,24200,30540,7210,8530,11410,10110,7190,10270,32770,6890,17210
2025_02,15時,24250,30970,6540,8910,11460,10310,7940,10040,25440,18450,13530,23880,29750,6940,8400,11260,9900,7240,9880,32890,6710,16080
2025_02,16時,24080,30470,6810,8770,11510,10190,7770,9480,26430,18050,12300,23340,29290,7020,8400,11080,9770,7080,9270,33640,6490,14610
2025_02,17時,23980,29350,6950,8660,11290,10160,7320,8920,27910,16510,11140,22920,28470,6880,8060,11180,9650,6930,8670,34640,6160,12750
2025_02,18時,22820,28120,7150,8110,10810,9490,6880,8490,30830,11640,10760,22940,27500,7040,8000,10820,9530,6650,8380,36050,5470,11100
2025_02,19時,22850,27200,7290,8140,10750,9060,6630,8150,34130,8400,9860,22930,26270,6990,8110,10440,9170,6370,8110,37310,4910,9220
2025_02,20時,22440,26160,7320,7950,10450,8730,6310,7820,36830,6220,7920,22380,25130,6990,7860,9990,8770,6110,7760,38270,4260,7230
2025_02,21時,21950,25160,7190,7690,10230,8460,5980,7540,38720,4690,6040,22170,24230,7100,7650,9850,8470,5830,7480,39430,3690,5560
2025_02,22時,21550,24130,7040,7400,9990,8240,5710,7280,39890,3570,4580,21700,23420,7070,7300,9720,8240,5550,7230,40010,2980,4410
2025_02,23時,20500,22940,6600,7090,9450,7860,5470,6960,39540,3060,3150,20680,22320,6680,6990,9070,7900,5400,6940,39310,2670,3220
2025_02,24時,21600,23890,6920,7260,9830,8120,5760,7580,42920,2830,2210,21390,23430,6870,7100,9480,8080,5680,7580,42250,2670,2320
2025_02,25時,21750,23990,7020,7230,9930,8140,5790,7620,43260,2800,2150,21480,23600,6950,7130,9530,8120,5700,7620,42620,2640,2250
2025_02,26時,21550,23840,6920,7170,9840,8060,5770,7620,43090,2770,2000,21340,23540,6860,7100,9450,8090,5720,7650,42500,2650,2160
2025_02,27時,21480,23770,6920,7120,9780,8040,5770,7610,43100,2760,1860,21260,23600,6870,7120,9450,8040,5710,7650,42580,2660,2070
2025_02,28時,21410,23780,6930,7110,9780,8010,5740,7610,43090,2770,1800,21280,23570,6910,7110,9490,8030,5660,7630,42640,2650,2000
2025_03,5時,20520,23600,6740,7080,9410,7610,5770,7490,42140,2310,1590,20300,23250,6490,6850,9420,7580,5750,7450,41240,2280,1910
2025_03,6時,21200,23820,6620,7100,9730,7900,5910,7730,41720,3160,2120,20720,23320,6580,6900,9450,7620,5890,7600,40930,2770,2210
2025_03,7時,22690,24840,7010,7320,10180,8740,6270,7990,39230,6290,4070,21390,23770,6790,6980,9670,7990,6010,7700,40460,3480,3180
2025_03,8時,24920,27980,7090,9230,11300,9750,7180,8340,34230,14050,6890,22120,25240,6980,7580,10190,8410,6200,7970,39460,4680,5180
2025_03,9時,24370,28990,7000,8660,11010,9950,7600,9120,29670,16230,9380,22660,26570,7020,7850,10500,8930,6530,8380,37260,5950,7930
2025_03,10時,24150,30190,6690,8710,10900,10180,7970,9870,27360,16640,12140,23320,28360,7180,8250,10630,9450,7020,9120,35560,6400,11530
2025_03,11時,24410,31080,6780,8970,10940,10280,8100,10400,26160,16970,14090,23570,29250,7040,8630,10570,9750,7160,9650,33700,6640,14260
2025_03,12時,24490,31850,7080,9180,11040,10260,8240,10510,25610,17720,14810,23970,30040,7270,8830,10790,10010,7190,9910,32650,6860,16240
2025_03,13時,24480,31890,7120,9110,11100,10260,8140,10630,25330,17800,15020,24040,30320,7220,8820,10960,9950,7250,10160,31940,6860,17240
2025_03,14時,24050,31260,6690,9020,10970,10260,8060,10290,24750,17600,14660,24020,30270,7040,8940,11290,9760,7220,10020,31920,6810,17180
2025_03,15時,23930,30780,6720,9040,10960,10130,7990,9860,25100,17470,13890,23770,29640,6980,8900,11120,9580,7050,9760,31940,6770,16320
2025_03,16時,23630,30310,6830,8900,11040,10050,7790,9300,26140,17030,12560,23450,29010,6990,8740,11060,9440,7040,9170,32570,6470,15060
2025_03,17時,23280,29140,7100,8660,10730,9810,7390,8710,27680,15670,10880,23210,28380,7090,8460,11050,9260,6970,8750,33840,5980,13430
2025_03,18時,22250,28390,7510,8230,10590,9050,6930,8310,30940,11300,10300,22870,27460,6960,8300,10800,9260,6740,8250,35020,5250,11740
2025_03,19時,22630,27420,7810,8310,10520,8740,6640,8020,34030,8220,9700,22470,26180,7100,7890,10450,8870,6390,7940,36540,4550,9330
2025_03,20時,22170,26450,7710,8270,10220,8410,6320,7670,36660,6160,7720,21790,25000,7070,7720,9950,8340,6100,7600,37530,3730,7280
2025_03,21時,21870,25600,7550,8100,10110,8290,5980,7420,38620,4780,6020,21470,24180,6970,7590,9680,8070,5920,7400,38590,3150,5700
2025_03,22時,21390,24540,7160,7780,10000,8000,5760,7210,39740,3510,4630,21140,23300,6820,7470,9500,7810,5680,7130,39430,2670,4130
2025_03,23時,20310,23380,6810,7330,9520,7590,5560,6870,39520,2790,3310,20100,22520,6440,7150,9220,7430,5510,6850,39110,2320,2920
2025_03,24時,21010,24090,6950,7300,9760,7760,5850,7470,42530,2380,2210,20490,23450,6570,7120,9370,7670,5740,7450,41550,2090,2080
2025_03,25時,21210,24240,7060,7370,9840,7810,5860,7480,42930,2380,2170,20600,23560,6620,7150,9430,7690,5760,7500,41900,2050,2000
2025_03,26時,21030,24120,6990,7310,9790,7730,5830,7490,42920,2370,1910,20510,23550,6710,7120,9360,7600,5740,7500,41960,2050,1840
2025_03,27時,21030,24070,7030,7300,9740,7680,5840,7490,42990,2350,1820,20490,23520,6690,7110,9310,7620,5770,7490,41980,2040,1780
2025_03,28時,21030,24080,7080,7300,9730,7670,5810,7500,43020,2360,1780,20410,23530,6700,7120,9280,7610,5730,7480,41940,2070,1750
2025_04,5時,21200,22930,6600,7130,9240,8010,5520,7610,42130,2540,1560,21500,23020,7140,7030,9080,8110,5460,7680,41880,2460,2300
2025_04,6時,21850,23180,6630,7280,9530,8200,5550,7830,41490,3260,2370,21810,23040,6920,7120,9220,8160,5550,7870,41540,2920,2480
2025_04,7時,23380,24370,6940,7750,10080,9030,5850,8080,38950,6500,4420,22420,23480,6950,7360,9450,8380,5700,8050,41060,3520,3430
2025_04,8時,26010,27470,7370,9640,10950,10140,6820,8530,33800,14740,7430,23110,24680,6890,7680,10090,8920,5820,8370,39940,4610,5380
2025_04,9時,25360,28930,7860,9240,10590,10290,7000,9300,29200,17170,10060,23910,26460,7410,8110,10380,9410,6070,8980,37830,6020,8560
2025_04,10時,25060,29950,7680,9100,10240,10460,7480,10030,26710,17520,12670,24050,28040,7630,8250,10460,9720,6470,9550,35810,6360,11850
2025_04,11時,24980,31020,7790,9200,10210,10580,7630,10580,25670,17850,14370,23950,29400,7710,8480,10480,9950,6790,9920,33990,6580,14700
2025_04,12時,24750,31400,7640,9040,10480,10510,7730,10740,24810,18450,14850,24270,29700,7380,8720,10630,10250,6810,10170,32970,6750,16120
2025_04,13時,24300,31130,7300,8970,10320,10420,7650,10750,24350,18520,14490,24310,29460,6830,8830,10650,10300,6750,10390,32160,6900,16600
2025_04,14時,24010,30680,7190,8890,10270,10310,7490,10530,24040,18230,14290,24050,29210,7010,8730,10500,10060,6650,10280,31590,6790,16680
2025_04,15時,23720,30350,7210,8790,10260,10180,7460,10150,24360,18140,13450,23680,28520,6720,8590,10350,9910,6550,10060,31520,6590,15920
2025_04,16時,23590,29760,7250,8650,10510,10020,7430,9480,25360,17830,12110,23490,28800,6960,8790,10530,9720,6660,9610,32530,6350,15280
2025_04,17時,23420,29090,7490,8550,10500,9860,7160,8940,27110,16730,10730,23420,28070,6790,8600,10650,9820,6550,9060,33440,6040,13910
2025_04,18時,22480,28500,7870,8100,10530,9200,6680,8580,30520,12070,10490,23370,27070,6870,8420,10610,9540,6320,8660,34950,5450,11980
2025_04,19時,22490,27130,7530,8080,10320,9130,6320,8210,33800,8550,9400,23450,26180,7430,8160,10440,9350,6050,8180,36670,4890,10020
2025_04,20時,22430,25440,7240,8090,9970,8770,5960,7830,36410,6160,7430,23090,24700,7510,7910,9920,8890,5740,7810,37890,3880,7990
2025_04,21時,21960,24570,7020,7950,9800,8450,5720,7580,38530,4690,5480,22560,23700,7310,7570,9740,8490,5610,7530,39070,3290,5890
2025_04,22時,21690,23870,7010,7740,9570,8320,5530,7380,39960,3640,4140,22080,23100,7320,7300,9580,8210,5430,7330,39840,2740,4590
2025_04,23時,20660,22660,6680,7230,9090,7920,5320,7070,39550,2920,2950,21020,21930,6970,6760,9060,7870,5210,7060,39300,2340,3200
2025_04,24時,21750,23570,6860,7540,9450,8270,5520,7650,42830,2660,2070,21900,22910,7300,6990,9240,8140,5470,7650,42220,2310,2370
2025_04,25時,21880,23720,6950,7570,9520,8320,5530,7700,43180,2660,2000,22010,23020,7380,7010,9260,8190,5490,7670,42530,2300,2280
2025_04,26時,21640,23670,6890,7540,9450,8240,5490,7690,43090,2600,1870,21760,22950,7230,7000,9140,8190,5470,7670,42370,2220,2180
2025_04,27時,21580,23660,6910,7510,9430,8200,5490,7680,43120,2590,1780,21750,22900,7210,7010,9120,8130,5480,7680,42380,2210,2110
2025_04,28時,21590,23640,6940,7510,9410,8200,5470,7680,43130,2600,1740,21820,22880,7400,6960,9130,8080,5450,7670,42440,2210,2090
2025_05,5時,21790,24250,8070,7640,8960,8230,5520,7600,44090,2120,1520,21520,23780,7820,7440,8760,8110,5470,7680,42820,1950,2100
2025_05,6時,22580,24790,8210,7730,9320,8500,5720,7860,43890,2960,2220,22020,24020,7900,7500,8910,8260,5590,7870,42830,2380,2410
2025_05,7時,23640,25930,8060,8280,9840,9290,5970,8120,40900,6200,4250,22650,24650,8050,7790,9150,8470,5790,8020,42450,2970,3450
2025_05,8時,25600,28930,8090,9900,10840,10090,7010,8580,35400,14300,6920,23050,25600,7530,8020,9820,9010,5950,8310,41050,4240,5080
2025_05,9時,25030,29770,7970,9380,10580,10270,7230,9350,30350,16780,9460,23410,27440,8150,8520,9970,9280,6210,8710,39230,5600,7630
2025_05,10時,24790,31000,8040,9130,10240,10480,7750,10130,28160,17180,12070,23930,28820,8220,8920,9860,9690,6620,9420,37340,6000,10880
2025_05,11時,24970,31760,8330,9040,10320,10520,7900,10610,26910,17370,14000,24170,29700,8340,9060,10050,9850,6780,9780,35700,6170,13420
2025_05,12時,25140,32580,8420,9340,10670,10440,7930,10890,26380,18230,14700,24130,30290,8360,9150,10130,9970,6800,10000,34550,6400,14860
2025_05,13時,24740,32260,7790,9260,10750,10410,7870,10900,25640,18130,14820,23880,30660,8290,9190,10240,9870,6830,10100,33790,6420,15690
2025_05,14時,24390,31840,7800,9190,10470,10280,7770,10690,25390,17900,14490,23700,30230,8000,9270,10090,9920,6740,9900,33180,6390,15670
2025_05,15時,24170,31370,7600,9300,10550,10090,7700,10290,25800,17760,13530,23440,29850,8090,9050,10020,9730,6650,9740,33430,6290,14890
2025_05,16時,23890,31170,7700,9220,10640,10090,7690,9680,26930,17440,12250,23540,29550,8160,9090,10210,9600,6670,9350,34420,6240,13830
2025_05,17時,23810,30540,8000,9270,10720,9910,7390,9040,28860,16300,10790,23620,29100,8120,9110,10330,9580,6590,8970,35350,5980,12840
2025_05,18時,22750,29430,8240,8660,10570,9400,6740,8560,32130,11430,10230,23900,28210,8490,8840,10390,9360,6390,8620,36550,5270,11750
2025_05,19時,23390,28140,8670,8590,10250,9430,6380,8200,35780,8150,9280,23900,26930,8680,8520,10140,9090,6110,8270,37880,4520,9920
2025_05,20時,23340,26790,8390,8600,10140,9070,6060,7850,38440,5900,7540,23320,25310,8260,8160,9680,8800,5860,7860,38780,3600,7780
2025_05,21時,23060,25690,8270,8420,10000,8740,5760,7550,40490,4380,5620,22780,24690,8360,8010,9430,8500,5630,7510,39720,3010,6290
2025_05,22時,22670,24730,8260,8070,9710,8510,5470,7350,41700,3230,4210,22190,23930,8130,7670,9270,8260,5450,7320,40490,2500,4720
2025_05,23時,21610,23660,7900,7700,9200,8110,5260,7080,41410,2590,3000,21370,22880,7910,7350,8870,7880,5180,7050,40100,2140,3590
2025_05,24時,22100,24640,8010,7910,9330,8380,5490,7600,44350,2120,2020,22130,24030,8310,7560,8930,8170,5510,7670,43410,2000,2440
2025_05,25時,22270,24720,8170,7910,9360,8420,5500,7610,44750,2080,1920,22270,24050,8360,7550,8950,8210,5530,7710,43710,1970,2320
2025_05,26時,22150,24650,8140,7880,9270,8380,5490,7620,44770,2030,1750,22130,24110,8420,7550,8860,8150,5520,7720,43810,1900,2200
2025_05,27時,22120,24570,8170,7850,9230,8320,5490,7620,44740,2010,1680,22070,24110,8450,7570,8800,8120,5510,7710,43850,1870,2100
2025_05,28時,22100,24580,8190,7830,9230,8310,5470,7630,44760,2040,1620,22160,24110,8470,7610,8820,8120,5520,7720,43950,1870,2090
2025_06,5時,21920,24090,7970,7200,9500,8520,5420,7380,43980,2390,1550,21540,23560,7960,7030,9040,8320,5360,7380,42760,2100,2100
2025_06,6時,22870,24620,8130,7390,9970,8750,5560,7660,43680,3540,2240,22150,23900,8080,7250,9070,8440,5510,7690,42860,2600,2470
2025_06,7時,24130,26080,8240,7930,10630,9610,5900,7880,41000,6810,4420,22600,24530,8210,7370,9360,8690,5660,7820,42280,3300,3450
2025_06,8時,25930,29240,8360,9440,11730,10410,6900,8310,35570,14980,7040,23500,25820,8370,7710,10000,9230,5890,8100,40980,4700,5600
2025_06,9時,25240,29750,8190,8830,11150,10490,7120,9190,30130,17550,9340,24140,27810,9120,8030,10400,9670,6210,8510,39130,6440,8260
2025_06,10時,25300,30850,8200,8860,10800,10660,7560,10040,27730,18230,12060,24660,29250,9290,8130,10320,10140,6640,9370,37430,6820,11490
2025_06,11時,25290,31990,8310,9010,10930,10720,7650,10630,26790,18690,13600,24790,30280,9290,8240,10520,10260,6930,9820,35600,7150,14070
2025_06,12時,25410,32780,8540,9270,11230,10780,7650,10700,26510,19320,14240,24840,31140,9400,8570,10600,10460,6880,10040,34780,7380,15520
2025_06,13時,25040,32420,8210,9270,10910,10710,7620,10710,25810,19360,14110,25130,31210,9140,8660,10880,10510,7020,10110,34210,7380,16410
2025_06,14時,24730,32050,8190,9240,10720,10560,7530,10500,25620,19030,13900,25150,31200,9230,8580,10990,10400,6940,10200,33860,7340,16810
2025_06,15時,24330,31650,8230,9110,10650,10430,7480,10060,25890,18830,13040,24690,31030,9090,8550,10890,10210,6890,10080,33940,7200,16190
2025_06,16時,24110,31330,8260,8920,10960,10390,7330,9550,26990,18490,11750,24620,30580,9370,8640,10790,10010,6800,9560,34490,7080,15290
2025_06,17時,23970,30810,8510,8930,10990,10240,7210,8890,28810,17070,10740,24690,30020,9520,8450,10770,10190,6740,9030,35550,6590,14250
2025_06,18時,23100,29620,8410,8490,10730,9740,6840,8500,31910,12300,10370,24280,29000,9450,8120,10560,9940,6540,8650,36470,5880,12610
2025_06,19時,23230,28260,8470,8370,10450,9760,6350,8060,35290,8600,9440,24090,27190,9110,8070,10070,9660,6150,8220,37490,5040,10490
2025_06,20時,23270,26450,8290,8290,10140,9330,5980,7680,37960,6050,7580,23190,25150,8270,7820,9660,9160,5750,7660,38320,3910,7900
2025_06,21時,23170,25400,8320,8000,10150,8930,5710,7430,40250,4500,5660,22700,24410,8040,7690,9790,8780,5480,7310,39480,3310,6120
2025_06,22時,22670,24460,8250,7640,9900,8710,5420,7200,41380,3480,4180,22280,23680,8060,7440,9530,8540,5240,7130,40310,2730,4730
2025_06,23時,21520,23350,7910,7260,9390,8250,5160,6890,41110,2690,2950,21400,22240,7520,7110,8990,8150,5060,6790,39740,2250,3420
2025_06,24時,22380,24500,8260,7490,9750,8600,5410,7350,44390,2410,2050,21900,23790,7880,7320,9340,8460,5360,7310,43230,2140,2170
2025_06,25時,22630,24590,8370,7530,9800,8680,5430,7390,44820,2410,1970,22080,23970,8130,7390,9330,8480,5370,7340,43690,2190,2070
2025_06,26時,22470,24540,8320,7480,9770,8610,5410,7400,44740,2400,1840,21820,23970,8170,7190,9300,8450,5340,7320,43800,2160,1730
2025_06,27時,22410,24470,8300,7460,9720,8560,5420,7400,44680,2390,1780,21780,23930,8170,7140,9290,8430,5360,7300,43780,2130,1690
2025_06,28時,22390,24440,8280,7460,9680,8570,5420,7390,44650,2400,1760,21800,23970,8250,7160,9270,8420,5350,7310,43810,2170,1700
2025_07,5時,21620,22820,7470,7300,8650,8410,5270,7320,42200,2430,1560,21490,22220,7640,6810,8420,8240,5250,7340,41020,2310,2230
2025_07,6時,22570,23340,7570,7500,9200,8640,5430,7560,41950,3270,2520,21980,22290,7640,7030,8520,8270,5320,7470,40870,2620,2630
2025_07,7時,23770,24490,7550,7900,9710,9570,5780,7730,39160,6450,4600,22370,22990,7620,7200,8900,8520,5510,7600,40300,3320,3580
2025_07,8時,25550,27550,7930,8980,10720,10610,6720,8120,34070,13720,7520,23390,24490,7980,7460,9610,9160,5830,7830,39510,4570,5660
2025_07,9時,25130,28610,8100,8390,10540,10660,7030,9000,28940,16460,10130,23990,26730,8630,7880,9920,9670,6210,8390,37570,5710,9170
2025_07,10時,25180,29800,8070,8330,10410,10800,7560,9790,26860,17060,12730,24500,27730,8390,8170,10000,10040,6630,8980,35570,6050,12200
2025_07,11時,25030,30870,8290,8260,10500,10810,7680,10350,25800,17450,14270,24700,29110,8580,8360,10180,10390,6800,9470,34220,6400,14750
2025_07,12時,24990,31440,8690,8310,10710,10730,7710,10250,25320,18080,14670,24820,29580,8410,8410,10580,10490,6800,9690,33190,6680,16120
2025_07,13時,24490,31320,8520,8210,10450,10640,7650,10310,24580,18190,14670,24980,30050,8610,8480,10710,10540,6760,9900,32840,6750,17020
2025_07,14時,24230,31010,8480,8170,10330,10600,7570,10080,24360,18040,14500,24860,30090,8810,8300,10650,10510,6700,9950,32500,6750,17280
2025_07,15時,23930,30390,8290,8010,10310,10450,7440,9800,24640,17840,13460,24850,29390,8590,8330,10600,10440,6600,9680,32550,6640,16680
2025_07,16時,23790,30010,8400,7910,10390,10340,7350,9390,25540,17530,12350,24130,28870,8250,8370,10370,10140,6620,9230,32430,6510,15680
2025_07,17時,23680,29360,8490,8070,10360,10270,7060,8780,27150,16140,11380,24160,28630,8390,8300,10620,9960,6520,8990,33530,6210,14670
2025_07,18時,22770,28040,8300,7990,10020,9650,6560,8280,30110,11920,10470,24020,27600,8350,8410,10250,9780,6290,8510,34620,5580,13060
2025_07,19時,23080,26770,8200,8240,9710,9620,6170,7890,33630,8380,9550,23690,26270,8180,8230,9900,9580,5970,8100,35740,4780,11070
2025_07,20時,22850,25200,7950,8270,9310,9160,5780,7560,36250,5940,7560,22690,24620,7970,7640,9330,9040,5620,7690,36460,3810,8660
2025_07,21時,22880,24410,7940,8150,9460,8850,5570,7300,38620,4530,5910,22520,23900,7990,7430,9340,8780,5430,7440,37890,3350,6900
2025_07,22時,22430,23480,7880,7780,9200,8600,5370,7070,39750,3360,4560,21970,23220,7990,7200,9060,8500,5200,7230,38630,2780,5560
2025_07,23時,21500,22310,7500,7420,8700,8240,5120,6800,39630,2700,3240,21090,21670,7370,6760,8580,8100,5030,6890,38210,2330,3980
2025_07,24時,22200,23330,7800,7680,8950,8540,5250,7290,42870,2400,2080,21640,22500,7680,6960,8520,8440,5170,7350,41220,2170,2540
2025_07,25時,22470,23440,7920,7730,9040,8600,5270,7340,43330,2400,2020,21990,22660,7890,7130,8620,8440,5180,7370,41820,2190,2430
2025_07,26時,22200,23450,7870,7670,8980,8530,5250,7340,43280,2370,1830,21920,22640,7950,7050,8580,8400,5150,7400,41900,2190,2280
2025_07,27時,22100,23370,7810,7590,8930,8530,5250,7350,43190,2380,1750,21750,22620,7840,7010,8530,8400,5150,7430,41840,2170,2180
2025_07,28時,22040,23390,7820,7570,8890,8510,5270,7350,43180,2380,1710,21690,22540,7750,7000,8520,8380,5160,7400,41760,2160,2120
2025_08,5時,20040,21720,7560,6740,8320,7340,4850,6930,39350,2190,1990,19830,21680,7450,6730,8110,7380,4860,6950,38750,2070,2440
2025_08,6時,20640,22140,7710,6820,8570,7500,4960,7210,39030,2840,2730,20420,21900,7590,6880,8160,7470,4990,7210,38770,2410,2940
2025_08,7時,21950,23010,7540,7170,8990,8390,5430,7420,36820,5440,4650,21000,22340,7520,7000,8520,7690,5230,7360,38220,3080,3860
2025_08,8時,23780,25350,7770,8090,9890,9330,6260,7770,32080,11620,7590,21680,23650,7630,7370,8970,8360,5470,7510,37350,4190,5580
2025_08,9時,23490,26230,8060,7580,9690,9320,6610,8440,27410,13690,10390,22290,25480,8160,7780,9390,8720,5730,7960,35690,5500,8320
2025_08,10時,23440,27760,8260,7640,9360,9620,7110,9190,25540,14170,13180,22670,26870,8300,7870,9340,9190,6160,8660,34140,5930,11190
2025_08,11時,23460,28850,8460,7820,9430,9690,7170,9720,24610,14440,14890,22940,27380,8290,7780,9630,9370,6270,8970,32730,6190,13120
2025_08,12時,23410,29390,8770,7920,9570,9710,7150,9660,24020,15110,15340,23040,28010,8340,7840,9990,9580,6300,8980,31950,6520,14260
2025_08,13時,22960,29190,8470,7810,9470,9680,7160,9560,23720,15130,14980,22870,28040,8220,7840,9990,9600,6270,8980,31370,6550,14680
2025_08,14時,22700,28570,8340,7710,9230,9540,7080,9360,23550,14880,14490,22690,27550,8050,7630,9930,9500,6270,8840,30920,6350,14570
2025_08,15時,22550,28160,8300,7520,9360,9420,7000,9110,23900,14730,13730,22470,27400,8070,7490,9780,9350,6280,8870,30970,6270,14230
2025_08,16時,22260,27910,8420,7490,9460,9220,6880,8680,24530,14440,12860,22130,27370,8480,7640,9390,9160,6210,8590,31350,6160,13590
2025_08,17時,21780,27350,8330,7460,9350,9110,6660,8190,25890,13500,11410,21870,27110,8350,7690,9500,8990,6040,8380,32150,5940,12550
2025_08,18時,20780,26250,7980,7120,9300,8600,6130,7890,28420,10020,10290,21600,26310,8370,7560,9350,8710,5870,8030,33020,5470,11100
2025_08,19時,20940,25480,8060,7360,9250,8570,5690,7470,31660,7170,9300,21290,25040,8060,7430,9320,8390,5500,7620,33790,4760,9410
2025_08,20時,21060,24200,8030,7570,9060,8160,5340,7090,34140,5240,7600,20900,23710,7870,7250,9060,7930,5260,7210,34680,3790,7780
2025_08,21時,20970,23150,7850,7450,9120,7770,5100,6810,36000,3940,5900,20880,23060,7790,7340,9060,7770,5030,6940,35810,3270,6490
2025_08,22時,20760,22300,7880,7080,8890,7590,4940,6660,37080,3040,4670,20450,22110,7640,6880,8730,7650,4880,6780,36420,2600,5210
2025_08,23時,19750,21160,7390,6710,8380,7240,4770,6410,36780,2470,3370,19640,21040,7230,6560,8300,7300,4710,6550,35950,2190,4160
2025_08,24時,20180,22070,7510,6950,8580,7460,4840,6890,39370,2180,2500,20170,22060,7750,6730,8410,7390,4860,7050,38850,2150,2990
2025_08,25時,20400,22260,7700,7020,8570,7540,4860,6930,39800,2170,2480,20220,22110,7740,6810,8410,7430,4860,7070,39090,2150,2860
2025_08,26時,20250,22200,7690,7000,8500,7490,4840,6920,39800,2150,2310,20070,22180,7750,6830,8340,7400,4850,7060,39110,2150,2770
2025_08,27時,20110,22110,7690,6930,8400,7440,4830,6900,39720,2130,2170,20000,22190,7760,6850,8300,7360,4840,7070,39100,2150,2720
2025_08,28時,20100,22020,7660,6920,8360,7420,4830,6910,39650,2130,2150,20030,22130,7760,6830,8290,7350,4850,7060,39070,2160,2720
