管轄署所,lat,lon
西区,35.8739111,139.5682315
西区,35.8740166,139.5628653
西区,35.8745221,139.5651790
西区,35.8755997,139.5609904
西区,35.8756942,139.5625846
西区,35.8762914,139.5650289
西区,35.8767469,139.5680508
西区,35.8772218,139.5619541
西区,35.8799965,139.5610846
西区,35.8805887,139.5989842
西区,35.8812220,139.6002619
西区,35.8815636,139.5989952
西区,35.8818720,139.6014006
西区,35.8820851,139.5603540
西区,35.8822073,139.5591068
西区,35.8824136,139.6004868
西区,35.8824656,139.5566904
西区,35.8825211,139.5576708
西区,35.8825384,139.5918597
西区,35.8826052,139.5976786
西区,35.8826080,139.5993202
西区,35.8826516,139.5551516
西区,35.8826884,139.5953511
西区,35.8829801,139.5939345
西区,35.8829920,139.5931918
西区,35.8832545,139.5611927
西区,35.8833182,139.5530351
西区,35.8833460,139.5575153
西区,35.8833857,139.5997173
西区,35.8834274,139.6007506
西区,35.8836356,139.5991701
西区,35.8838439,139.5942649
西区,35.8838626,139.5533545
西区,35.8838744,139.5963482
西区,35.8838808,139.5592606
西区,35.8840459,139.5519990
西区,35.8841743,139.5911014
西区,35.8841821,139.5567319
西区,35.8842355,139.5935595
西区,35.8844105,139.5952037
西区,35.8845354,139.5921901
西区,35.8846967,139.6006728
西区,35.8847716,139.5954121
西区,35.8847744,139.5965036
西区,35.8848181,139.5543710
西区,35.8848598,139.5599872
西区,35.8848938,139.5991312
西区,35.8849327,139.5977119
西区,35.8850326,139.5931484
西区,35.8851597,139.5554320
西区,35.8851964,139.5898625
西区,35.8853603,139.5913540
西区,35.8854596,139.5508158
西区,35.8856236,139.5609538
西区,35.8857319,139.5576846
西区,35.8858104,139.6008866
西区,35.8859179,139.5521989
西区,35.8860048,139.5970758
西区,35.8860853,139.5960370
西区,35.8860964,139.5919706
西区,35.8861268,139.5856905
西区,35.8861880,139.5933288
西区,35.8862241,139.5895291
西区,35.8863068,139.5555764
西区,35.8863624,139.5599900
西区,35.8864513,139.5565735
西区,35.8865685,139.5906346
西区,35.8866373,139.5520739
西区,35.8866463,139.5924456
西区,35.8867490,139.5887876
西区,35.8867798,139.6006282
西区,35.8869651,139.5541987
西区,35.8870491,139.5961452
西区,35.8870489,139.5864349
西区,35.8871707,139.5597843
西区,35.8873040,139.5585511
西区,35.8873483,139.5523295
西区,35.8875158,139.6016448
西区,35.8875850,139.5855989
西区,35.8878658,139.5997366
西区,35.8878794,139.5887452
西区,35.8879017,139.5905846
西区,35.8879155,139.5875959
西区,35.8879546,139.5964146
西区,35.8879658,139.6009392
西区,35.8879740,139.5946203
西区,35.8881961,139.5923399
西区,35.8882296,139.6023530
西区,35.8884542,139.5808408
西区,35.8884571,139.5856266
西区,35.8885185,139.6013086
西区,35.8885490,139.6002198
西区,35.8885598,139.5801337
西区,35.8887014,139.5795132
西区,35.8887934,139.5963868
西区,35.8889847,139.5789438
西区,35.8890751,139.5865820
西区,35.8892931,139.5814103
西区,35.8893125,139.5814435
西区,35.8893516,139.5950619
西区,35.8893638,139.5795659
西区,35.8896653,139.5831712
西区,35.8896732,139.5587565
西区,35.8896735,139.5790409
西区,35.8896958,139.5807714
西区,35.8897044,139.5982782
西区,35.8898638,139.5799847
西区,35.8899458,139.5851349
西区,35.8900238,139.5958034
西区,35.8900563,139.5784224
西区,35.8901931,139.5919926
西区,35.8902097,139.5838072
西区,35.8902541,139.5825879
西区,35.8905206,139.5786076
西区,35.8905292,139.5892845
西区,35.8906345,139.5796714
西区,35.8906737,139.5948480
西区,35.8907376,139.5960229
西区,35.8907597,139.5878513
西区,35.8908348,139.5975143
西区,35.8908596,139.5842549
西区,35.8910428,139.5779355
西区,35.8912236,139.5923981
西区,35.8913236,139.5935952
西区,35.8914124,139.5865069
西区,35.8914152,139.5875401
西区,35.8914317,139.5823490
西区,35.8915622,139.5809157
西区,35.8916094,139.5780882
西区,35.8916205,139.5791853
西区,35.8916930,139.5900455
西区,35.8917012,139.5845488
西区,35.8917595,139.5835683
西区,35.8920067,139.5866014
西区,35.8920568,139.5907926
西区,35.8921149,139.5774160
西区,35.8922540,139.5886262
西区,35.8923233,139.5800685
西区,35.8923762,139.5894649
西区,35.8923957,139.5931508
西区,35.8924233,139.5854126
西区,35.8924597,139.5969866
西区,35.8925316,139.5829211
西区,35.8926287,139.5775965
西区,35.8926649,139.5786686
西区,35.8927651,139.5947840
西区,35.8928345,139.5883817
西区,35.8930978,139.5577870
西区,35.8931228,139.5583425
西区,35.8932120,139.5787714
西区,35.8932510,139.5817405
西区,35.8933316,139.5873874
西区,35.8933512,139.5959839
西区,35.8933566,139.5835377
西区,35.8935039,139.5929008
西区,35.8935122,139.5903454
西区,35.8935260,139.5848598
西区,35.8935912,139.5826954
西区,35.8936260,139.5860625
西区,35.8937648,139.5803684
西区,35.8939227,139.5567954
西区,35.8939511,139.5921230
西区,35.8939949,139.5572425
西区,35.8940731,139.5790713
西区,35.8942841,139.5771798
西区,35.8943011,139.5941423
西区,35.8943092,139.5835181
西区,35.8944564,139.5816961
西区,35.8945759,139.5854764
西区,35.8947147,139.5825766
西区,35.8948649,139.5947867
西区,35.8949121,139.5929757
西区,35.8949230,139.5807711
西区,35.8949313,139.5795601
西区,35.8949732,139.5913509
西区,35.8952120,139.5877484
西区,35.8952425,139.5837848
西区,35.8952592,139.5904870
西区,35.8952975,139.5566842
西区,35.8953647,139.5856374
西区,35.8954091,139.5814405
西区,35.8955176,139.5942117
西区,35.8956535,139.5796268
西区,35.8957952,139.5870678
西区,35.8958064,139.5894898
西区,35.8958090,139.5824654
西区,35.8958146,139.5801156
西区,35.8958173,139.5777270
西区,35.8959812,139.5769908
西区,35.8959839,139.5761132
西区,35.8961368,139.5838680
西区,35.8961731,139.5930618
西区,35.8962008,139.5883499
西区,35.8962002,139.5542316
西区,35.8963006,139.5791268
西区,35.8963925,139.5903953
西区,35.8964814,139.5919507
西区,35.8965645,139.5811960
西区,35.8967810,139.5755993
西区,35.8968481,139.5964170
西区,35.8970063,139.5897064
西区,35.8970174,139.5883510
西区,35.8970312,139.5870677
西区,35.8971088,139.5778546
西区,35.8971256,139.5861012
西区,35.8971367,139.5823626
西区,35.8971367,139.5845957
西区,35.8971770,139.5834614
西区,35.8973255,139.5788240
西区,35.8973949,139.5761186
西区,35.8974146,139.5925534
西区,35.8974949,139.5799655
西区,35.8975376,139.5554309
西区,35.8975534,139.5907146
西区,35.8975644,139.5816937
西区,35.8978061,139.5875898
西区,35.8978228,139.5890370
西区,35.8979255,139.5842235
西区,35.8981368,139.5943282
西区,35.8981478,139.5918534
西区,35.8981865,139.5785490
西区,35.8982784,139.5929506
西区,35.8984727,139.5852873
西区,35.8987198,139.5776406
西区,35.8987839,139.5926922
西区,35.8988173,139.5951337
西区,35.8988200,139.5942865
西区,35.8990727,139.5915284
西区,35.8992280,139.5747797
西区,35.8992894,139.5902313
西区,35.8992974,139.5760213
西区,35.8993782,139.5888064
西区,35.8994754,139.5871676
西区,35.8996335,139.5764963
西区,35.8996365,139.5862761
西区,35.8996449,139.5943865
西区,35.8997225,139.5846650
西区,35.8997836,139.5831707
西区,35.8998335,139.5776434
西区,35.8999116,139.5958169
西区,35.9002531,139.5868648
西区,35.9002612,139.5743047
西区,35.9002893,139.5934365
西区,35.9002976,139.5924088
西区,35.9003002,139.5817125
西区,35.9003337,139.5903368
西区,35.9004392,139.5853122
西区,35.9005060,139.5951364
西区,35.9005168,139.5756046
西区,35.9006588,139.5967613
西区,35.9007669,139.5839928
西区,35.9007807,139.5806487
西区,35.9009753,139.5912256
西区,35.9010057,139.5793127
西区,35.9011919,139.5875286
西区,35.9012225,139.5889146
西区,35.9012226,139.5959918
西区,35.9012696,139.5838373
西区,35.9012917,139.5748185
西区,35.9013612,139.5821540
西区,35.9013807,139.5861093
西区,35.9014472,139.5760740
西区,35.9015197,139.5900673
西区,35.9017361,139.5784099
西区,35.9018474,139.5868120
西区,35.9018500,139.5809819
西区,35.9019558,139.5953890
西区,35.9019696,139.5910061
西区,35.9019752,139.5885785
西区,35.9019779,139.5848455
西区,35.9021417,139.5828150
西区,35.9021472,139.5791626
西区,35.9021499,139.5739964
西区,35.9022084,139.5861815
西区,35.9022361,139.5799487
西区,35.9023389,139.5837206
西区,35.9024639,139.5815151
西区,35.9026334,139.5868620
西区,35.9028639,139.5834873
西区,35.9029110,139.5793265
西区,35.9029861,139.5853371
西区,35.9030002,139.5947585
西区,35.9030387,139.5730825
西区,35.9030665,139.5764128
西区,35.9031581,139.5864517
西区,35.9031638,139.5803347
西区,35.9032165,139.5780043
西区,35.9032292,139.5877558
西区,35.9032473,139.5893394
西区,35.9033666,139.5868481
西区,35.9034445,139.5932503
西区,35.9035358,139.5708522
西区,35.9036276,139.5784292
西区,35.9036277,139.5842622
西区,35.9036999,139.5833677
西区,35.9037719,139.5721632
西区,35.9038053,139.5786515
西区,35.9039248,139.5818456
西区,35.9039611,139.5939613
西区,35.9039834,139.5949889
西区,35.9040027,139.5884284
西区,35.9040386,139.5774766
西区,35.9040442,139.5774460
西区,35.9041388,139.5897978
西区,35.9041526,139.5805846
西区,35.9042221,139.5847926
西区,35.9042527,139.5868480
西区,35.9043387,139.5828122
西区,35.9043886,139.5764461
西区,35.9044054,139.5861370
西区,35.9044108,139.5786737
西区,35.9044163,139.5747490
西区,35.9044219,139.5787015
西区,35.9044635,139.5705744
西区,35.9044801,139.5685400
西区,35.9044859,139.5820623
西区,35.9045527,139.5886123
西区,35.9045747,139.5773460
西区,35.9046468,139.5728492
西区,35.9048470,139.5838593
西区,35.9048582,139.5895394
西区,35.9048608,139.5809207
西区,35.9048916,139.5959694
西区,35.9049333,139.5934168
西区,35.9049468,139.5735880
西区,35.9049527,139.5948251
西区,35.9050220,139.5877645
西区,35.9050859,139.5852536
西区,35.9050914,139.5829011
西区,35.9051414,139.5816873
西区,35.9051651,139.5884283
西区,35.9051691,139.5798069
西区,35.9052191,139.5776681
西区,35.9052471,139.5922364
西区,35.9052635,139.5787486
西区,35.9052663,139.5758378
西区,35.9052719,139.5806679
西区,35.9053911,139.5702854
西区,35.9054300,139.5670662
西区,35.9056555,139.5961361
西区,35.9057162,139.5770377
西区,35.9057886,139.5860591
西区,35.9058970,139.5886172
西区,35.9059053,139.5881006
西区,35.9059162,139.5795485
西区,35.9059332,139.5946528
西区,35.9059913,139.5846981
西区,35.9059940,139.5814873
西区,35.9060387,139.5937140
西区,35.9060424,139.5685627
西区,35.9060635,139.5810178
西区,35.9060829,139.5775709
西区,35.9061216,139.5718297
西区,35.9061329,139.5783597
西区,35.9061748,139.5926918
西区,35.9061968,139.5824872
西区,35.9062439,139.5750333
西区,35.9062579,139.5800263
西区,35.9062608,139.5861202
西区,35.9062719,139.5872395
西区,35.9062747,139.5881006
西区,35.9062771,139.5658080
西区,35.9063024,139.5838315
西区,35.9063244,139.5706437
西区,35.9064606,139.5759488
西区,35.9064854,139.5678711
西区,35.9064883,139.5727241
西区,35.9066636,139.5945195
西区,35.9067745,139.5790040
西区,35.9067777,139.5743167
西区,35.9068493,139.5706270
西区,35.9068663,139.5882950
西区,35.9069078,139.5813372
西区,35.9069383,139.5763877
西区,35.9070189,139.5801345
西区,35.9070244,139.5752654
西区,35.9070329,139.5838953
西区,35.9070436,139.5649886
西区,35.9070827,139.5772042
西区,35.9071162,139.5865673
西区,35.9071216,139.5779291
西区,35.9072355,139.5788540
西区,35.9073021,139.5714991
西区,35.9073756,139.5668945
西区,35.9073940,139.5874950
西区,35.9074413,139.5925613
西区,35.9074495,139.5851146
西区,35.9074717,139.5842647
西区,35.9075243,139.5728573
西区,35.9075715,139.5717824
西区,35.9075826,139.5742822
西区,35.9076051,139.5888893
西区,35.9076272,139.5795985
西区,35.9076606,139.5836397
西区,35.9077075,139.5657829
西区,35.9077244,139.5802095
西区,35.9078132,139.5764959
西区,35.9078854,139.5775319
西区,35.9079298,139.5697965
西区,35.9079326,139.5752932
西区,35.9080882,139.5789457
西区,35.9081439,139.5860479
西区,35.9081913,139.5965581
西区,35.9082606,139.5870089
西区,35.9082633,139.5848230
西区,35.9082742,139.5726434
西区,35.9082853,139.5692965
西区,35.9083440,139.5922085
西区,35.9083688,139.5828981
西区,35.9083965,139.5756820
西区,35.9086270,139.5769486
西区,35.9086518,139.5659211
西区,35.9086770,139.5763042
西区,35.9087020,139.5780040
西区,35.9088020,139.5750182
西区,35.9088576,139.5825426
西区,35.9088579,139.5963053
西区,35.9088687,139.5811677
西区,35.9089271,139.5839980
西区,35.9090494,139.5875116
西区,35.9091772,139.5919196
西区,35.9092185,139.5699992
西区,35.9092214,139.5788567
西区,35.9092296,139.5710769
西区,35.9092880,139.5740099
西区,35.9093017,139.5631413
西区,35.9093297,139.5753709
西区,35.9093604,139.5849229
西区,35.9094272,139.5904669
西区,35.9094547,139.5771041
西区,35.9095573,139.5684937
西区,35.9095883,139.5936666
西区,35.9096132,139.5865644
西区,35.9096406,139.5648246
西区,35.9097464,139.5778346
西区,35.9097603,139.5807261
西区,35.9098186,139.5818482
西区,35.9098272,139.5928334
西区,35.9098325,139.5830370
西区,35.9098883,139.5951360
西区,35.9098938,139.5898280
西区,35.9099493,139.5890198
西区,35.9099686,139.5795456
西区,35.9099741,139.5754931
西区,35.9099740,139.5738710
西区,35.9100516,139.5622553
西区,35.9100712,139.5728544
西区,35.9101683,139.5634025
西区,35.9101795,139.5696686
西区,35.9102074,139.5745238
西区,35.9102406,139.5680632
西区,35.9102910,139.5912835
西区,35.9103408,139.5803622
西区,35.9103673,139.5857728
西区,35.9103715,139.5912340
西区,35.9104103,139.5837369
西区,35.9105046,139.5768291
西区,35.9105241,139.5813565
西区,35.9105852,139.5788123
西区,35.9105938,139.5932166
西区,35.9106657,139.5780734
西区,35.9106658,139.5849673
西区,35.9107268,139.5744487
西区,35.9107295,139.5730100
西区,35.9107298,139.5904140
西区,35.9107354,139.5904168
西区,35.9107657,139.5775540
西区,35.9107822,139.5707879
西区,35.9108019,139.5827535
西区,35.9108631,139.5884976
西区,35.9109270,139.5896336
西区,35.9109573,139.5736904
西区,35.9109599,139.5639918
西区,35.9110632,139.5936387
西区,35.9110711,139.5697102
西区,35.9110987,139.5610303
西区,35.9111340,139.5959608
西区,35.9111518,139.5824536
西区,35.9111518,139.5815342
西区,35.9111598,139.5621858
西区,35.9112048,139.5907446
西区,35.9112242,139.5883976
西区,35.9112517,139.5763986
西区,35.9112627,139.5675687
西区,35.9113601,139.5801537
西区,35.9113659,139.5920694
西区,35.9113907,139.5836063
西区,35.9113908,139.5872892
西区,35.9114186,139.5896003
西区,35.9114573,139.5782067
西区,35.9114965,139.5939110
西区,35.9115852,139.5854533
西区,35.9117213,139.5858727
西区,35.9117241,139.5872448
西区,35.9117240,139.5819147
西区,35.9117298,139.5946664
西区,35.9117376,139.5650495
西区,35.9117714,139.5947298
西区,35.9117934,139.5777484
西区,35.9118435,139.5846811
西区,35.9119240,139.5848061
西区,35.9119324,139.5885364
西区,35.9119543,139.5692824
西区,35.9119934,139.5811175
西区,35.9120296,139.5836257
西区,35.9121406,139.5833729
西区,35.9121432,139.5737070
西区,35.9121519,139.5914362
西区,35.9121654,139.5708545
西区,35.9121930,139.5620636
西区,35.9122018,139.5853978
西区,35.9122405,139.5726960
西区,35.9122422,139.5930887
西区,35.9122546,139.5874281
西区,35.9122906,139.5826285
西区,35.9123294,139.5747152
西区,35.9123404,139.5681464
西区,35.9124041,139.5603748
西区,35.9124570,139.5675853
西区,35.9124907,139.5887530
西区,35.9125127,139.5781095
西区,35.9125153,139.5669409
西区,35.9125238,139.5755764
西区,35.9125349,139.5767790
西区,35.9125934,139.5860699
西区,35.9126128,139.5818563
西区,35.9126435,139.5897002
西区,35.9126850,139.5806925
西区,35.9126934,139.5845339
西区,35.9127072,139.5795037
西区,35.9127347,139.5644023
西区,35.9127408,139.5937303
西区,35.9128294,139.5804121
西区,35.9128824,139.5911362
西区,35.9129323,139.5862505
西区,35.9129375,139.5685574
西区,35.9129544,139.5831868
西区,35.9129626,139.5719627
西区,35.9129879,139.5927332
西区,35.9130184,139.5879503
西区,35.9131323,139.5874725
西区,35.9131876,139.5744875
西区,35.9132377,139.5797510
西区,35.9132432,139.5765207
西区,35.9132694,139.5678314
西区,35.9132847,139.5664937
西区,35.9132931,139.5714544
西区,35.9133123,139.5598998
西区,35.9133128,139.5854171
西区,35.9134012,139.5618997
西区,35.9134239,139.5871198
西区,35.9134624,139.5632411
西区,35.9134628,139.5850532
西区,35.9135237,139.5747264
西区,35.9135460,139.5785483
西区,35.9135739,139.5864142
西区,35.9135906,139.5899834
西区,35.9136015,139.5776594
西区,35.9136125,139.5736153
西区,35.9138096,139.5670408
西区,35.9138211,139.5882891
西区,35.9138597,139.5688519
西区,35.9138626,139.5811813
西区,35.9138656,139.5911861
西区,35.9138680,139.5679713
西区,35.9139098,139.5795093
西区,35.9139291,139.5703655
西区,35.9139709,139.5787593
西区,35.9139903,139.5773289
西区,35.9139933,139.5882113
西区,35.9140208,139.5719599
西区,35.9140401,139.5647883
西区,35.9140431,139.5760790
西区,35.9141211,139.5875641
西区,35.9141261,139.5592914
西区,35.9141461,139.5892779
西区,35.9141652,139.5725487
西区,35.9141818,139.5693906
西区,35.9142072,139.5921693
西区,35.9143293,139.5838728
西区,35.9143345,139.5658521
西区,35.9143933,139.5931550
西区,35.9144026,139.5671478
西区,35.9144153,139.5786815
西区,35.9144209,139.5824868
西区,35.9144267,139.5630436
西区,35.9144988,139.5848227
西区,35.9145066,139.5601303
西区,35.9145125,139.5768706
西区,35.9145236,139.5741152
西区,35.9145404,139.5814063
西区,35.9145541,139.5734847
西区,35.9146127,139.5866059
西区,35.9146239,139.5942108
西区,35.9146402,139.5716349
西区,35.9147819,139.5780205
西区,35.9147872,139.5640688
西区,35.9147984,139.5679574
西区,35.9148041,139.5750679
西区,35.9148349,139.5901916
西区,35.9148461,139.5955551
西区,35.9148594,139.5619912
西区,35.9149126,139.5878113
西区,35.9149265,139.5859865
西区,35.9149350,139.5965217
西区,35.9150595,139.5674380
西区,35.9151038,139.5613635
西区,35.9151568,139.5728626
西区,35.9151653,139.5797481
西区,35.9151707,139.5759095
西区,35.9151761,139.5628717
西区,35.9152099,139.5888806
西区,35.9152598,139.5877224
西区,35.9153371,139.5590859
西区,35.9153959,139.5869058
西区,35.9153983,139.5656798
西区,35.9154177,139.5598886
西区,35.9154291,139.5811730
西区,35.9155150,139.5694905
西区,35.9155372,139.5637994
西区,35.9155514,139.5815007
西区,35.9155543,139.5880613
西区,35.9155543,139.5617554
西区,35.9155568,139.5738180
西区,35.9155627,139.5943080
西区,35.9156179,139.5721848
西区,35.9156279,139.5931425
西区,35.9156510,139.5610746
西区,35.9156678,139.5708932
西区,35.9156901,139.5708682
西区,35.9157154,139.5935330
西区,35.9157345,139.5744679
西区,35.9157346,139.5793397
西区,35.9157347,139.5819229
西区,35.9157375,139.5819229
西区,35.9157598,139.5897166
西区,35.9157651,139.5758734
西区,35.9157955,139.5629217
西区,35.9158150,139.5672880
西区,35.9158344,139.5649354
西区,35.9159317,139.5729375
西区,35.9159792,139.5858975
西区,35.9159818,139.5789425
西区,35.9160040,139.5764177
西区,35.9161566,139.5661964
西区,35.9161981,139.5587970
西区,35.9162053,139.5737008
西区,35.9165014,139.5904415
西区,35.9165538,139.5701099
西区,35.9166180,139.5843199
西区,35.9166372,139.5743679
西区,35.9166457,139.5852365
西区,35.9166515,139.5934497
西区,35.9166567,139.5764149
西区,35.9166676,139.5632994
西区,35.9166736,139.5875918
西区,35.9167566,139.5731541
西区,35.9167648,139.5655908
西区,35.9167955,139.5708043
西区,35.9168569,139.5864364
西区,35.9169065,139.5666269
西区,35.9169180,139.5885584
西区,35.9170178,139.5771343
西区,35.9170595,139.5795869
西区,35.9170758,139.5591858
西区,35.9170927,139.5737457
西区,35.9170980,139.5577053
西区,35.9171481,139.5614161
西区,35.9171595,139.5829560
西区,35.9171647,139.5600968
西区,35.9172092,139.5621467
西区,35.9172539,139.5759233
西区,35.9172541,139.5882389
西区,35.9172736,139.5923748
西区,35.9173731,139.5677795
西区,35.9174291,139.5898777
西区,35.9175121,139.5745012
西区,35.9175401,139.5850364
西区,35.9175509,139.5657353
西区,35.9175730,139.5588608
西区,35.9175761,139.5795952
西区,35.9175981,139.5641687
西区,35.9176541,139.5907832
西区,35.9176541,139.5909471
西区,35.9176841,139.5626244
西区,35.9177067,139.5840837
西区,35.9177174,139.5599801
西区,35.9177898,139.5710903
西区,35.9178924,139.5611023
西区,35.9179093,139.5725319
西区,35.9179317,139.5861057
西区,35.9179620,139.5692654
西区,35.9179982,139.5732735
西区,35.9180124,139.5918414
西区,35.9181341,139.5637548
西区,35.9181513,139.5922719
西区,35.9181705,139.5779842
西区,35.9181845,139.5884444
西区,35.9181868,139.5595635
西区,35.9182011,139.5826755
西区,35.9182107,139.5745184
西区,35.9182201,139.5572064
西区,35.9182230,139.5669856
西区,35.9183619,139.5650853
西区,35.9183957,139.5928330
西区,35.9184094,139.5850391
西区,35.9185096,139.5940190
西区,35.9185673,139.5585858
西区,35.9185762,139.5919413
西区,35.9186119,139.5678628
西区,35.9186152,139.5944967
西区,35.9186505,139.5833809
西区,35.9186510,139.5813589
西区,35.9186590,139.5630187
西区,35.9187036,139.5724568
西区,35.9187123,139.5906470
西区,35.9187175,139.5734318
西区,35.9188452,139.5663156
西区,35.9188758,139.5686960
西区,35.9188899,139.5797090
西区,35.9189119,139.5713319
西区,35.9189677,139.5840059
西区,35.9189790,139.5932968
西区,35.9189815,139.5785980
西区,35.9189981,139.5724568
西区,35.9190009,139.5775731
西区,35.9190062,139.5642297
西区,35.9190341,139.5692349
西区,35.9191149,139.5828893
西区,35.9191176,139.5766426
西区,35.9191400,139.5877916
西区,35.9192261,139.5918747
西区,35.9192424,139.5818552
西区,35.9193231,139.5750288
西区,35.9193539,139.5887750
西区,35.9194894,139.5594162
西区,35.9195118,139.5818977
西区,35.9195173,139.5672405
西区,35.9195184,139.5802945
西区,35.9195202,139.5732262
西区,35.9195201,139.5672489
西区,35.9195228,139.5618799
西区,35.9195260,139.5848086
西区,35.9195258,139.5732039
西区,35.9195312,139.5637631
西区,35.9195507,139.5683710
西区,35.9196063,139.5709291
西区,35.9196174,139.5709236
西区,35.9196506,139.5657407
西区,35.9196590,139.5698181
西区,35.9197927,139.5911580
西区,35.9198170,139.5811144
西区,35.9198497,139.5932507
西区,35.9199034,139.5632409
西区,35.9199059,139.5809406
西区,35.9199145,139.5654102
西区,35.9199841,139.5722240
西区,35.9199982,139.5868306
西区,35.9200120,139.5790979
西区,35.9200648,139.5838503
西区,35.9200853,139.5832442
西区,35.9201115,139.5550610
西区,35.9201529,139.5729745
西区,35.9201782,139.5575441
西区,35.9201867,139.5671267
西区,35.9202477,139.5918841
西区,35.9202673,139.5708708
西区,35.9203453,139.5812171
西区,35.9203508,139.5814143
西区,35.9203675,139.5822210
西区,35.9203702,139.5737567
西区,35.9203954,139.5882915
西区,35.9204760,139.5892415
西区,35.9205294,139.5785130
西区,35.9206453,139.5831726
西区,35.9207475,139.5819038
西区,35.9207618,139.5772508
西区,35.9208368,139.5742511
西区,35.9208398,139.5860834
西区,35.9208533,139.5647157
西区,35.9208619,139.5791257
西区,35.9208896,139.5797469
西区,35.9208949,139.5626548
西区,35.9209312,139.5752232
西区,35.9209897,139.5804172
西区,35.9209924,139.5810921
西区,35.9210090,139.5734317
西区,35.9210426,139.5931606
西区,35.9211087,139.5563914
西区,35.9211222,139.5830220
西区,35.9211397,139.5865417
西区,35.9211839,139.5685626
西区,35.9212854,139.5782159
西区,35.9213147,139.5834891
西区,35.9213505,139.5662517
西区,35.9213560,139.5635242
西区,35.9213810,139.5673321
西区,35.9213849,139.5807193
西区,35.9213918,139.5774835
西区,35.9214370,139.5896192
西区,35.9214421,139.5645741
西区,35.9214618,139.5796811
西区,35.9214672,139.5720900
西区,35.9214730,139.5847057
西区,35.9214895,139.5767342
西区,35.9215271,139.5815260
西区,35.9215809,139.5627742
西区,35.9216175,139.5879749
西区,35.9216894,139.5731344
西区,35.9217593,139.5823492
西区,35.9217701,139.5801311
西区,35.9217839,139.5740677
西区,35.9217895,139.5787940
西区,35.9219170,139.5634963
西区,35.9219174,139.5830114
西区,35.9219532,139.5657378
西区,35.9219700,139.5756870
西区,35.9219786,139.5873138
西区,35.9219795,139.5607833
西区,35.9219867,139.5765535
西区,35.9220016,139.5552892
西区,35.9220134,139.5930711
西区,35.9220812,139.5787034
西区,35.9222055,139.5750693
西区,35.9222173,139.5786590
西区,35.9222424,139.5867611
西区,35.9222619,139.5918818
西区,35.9222754,139.5670599
西区,35.9222839,139.5777923
西区,35.9223258,139.5903802
西区,35.9223367,139.5809393
西区,35.9223697,139.5585300
西区,35.9223896,139.5864333
西区,35.9224031,139.5639685
西区,35.9224145,139.5819142
西区,35.9224421,139.5684348
西区,35.9224619,139.5889136
西区,35.9224812,139.5830308
西区,35.9225310,139.5719178
西区,35.9225753,139.5654989
西区,35.9227031,139.5648045
西区,35.9227283,139.5793311
西区,35.9227422,139.5803338
西区,35.9227978,139.5789728
西区,35.9228229,139.5852389
西区,35.9228451,139.5843057
西区,35.9228466,139.5744393
西区,35.9229225,139.5668293
西区,35.9229701,139.5842557
西区,35.9229728,139.5810337
西区,35.9230478,139.5802588
西区,35.9231451,139.5903413
西区,35.9231479,139.5888248
西区,35.9231502,139.5600966
西区,35.9231796,139.5764341
西区,35.9232004,139.5756981
西区,35.9232030,139.5627380
西区,35.9232143,139.5757009
西区,35.9232424,139.5930194
西区,35.9232471,139.5743071
西区,35.9232836,139.5680542
西区,35.9233033,139.5780007
西区,35.9233590,139.5876221
西区,35.9234103,139.5834029
西区,35.9234310,139.5777451
西区,35.9234339,139.5816392
西区,35.9234894,139.5800755
西区,35.9236226,139.5731091
西区,35.9236807,139.5637906
西区,35.9236867,139.5851862
西区,35.9237173,139.5887025
西区,35.9237474,139.5643573
西区,35.9237781,139.5740532
西区,35.9237809,139.5765896
西区,35.9238753,139.5721038
西区,35.9239140,139.5616047
西区,35.9239518,139.5762391
西区,35.9239575,139.5864971
西区,35.9239893,139.5802032
西区,35.9240262,139.5785356
西区,35.9240302,139.5657528
西区,35.9240310,139.5822391
西区,35.9241059,139.5783811
西区,35.9241335,139.5631435
西区,35.9241555,139.5543026
西区,35.9241631,139.5910695
西区,35.9242975,139.5727372
西区,35.9243807,139.5641490
西区,35.9244033,139.5878470
西区,35.9244526,139.5785533
西区,35.9244751,139.5622852
西区,35.9244796,139.5828240
西区,35.9245057,139.5668542
西区,35.9245364,139.5763337
西区,35.9245389,139.5571578
西区,35.9245525,139.5741214
西区,35.9246172,139.5893863
西区,35.9246277,139.5572967
西区,35.9246625,139.5778111
西区,35.9247002,139.5715594
西区,35.9247420,139.5801670
西区,35.9247853,139.5906218
西区,35.9248084,139.5627935
西区,35.9248087,139.5786588
西区,35.9248198,139.5800031
西区,35.9248309,139.5821836
西区,35.9248722,139.5608103
西区,35.9248918,139.5715316
西区,35.9249196,139.5701984
西区,35.9249255,139.5920127
西区,35.9249461,139.5760005
西区,35.9249501,139.5684986
西区,35.9249710,139.5723880
西区,35.9249825,139.5956807
西区,35.9250890,139.5696374
西区,35.9251068,139.5847616
西区,35.9251446,139.5734648
西区,35.9251528,139.5636962
西区,35.9253194,139.5618324
西区,35.9253362,139.5686514
西区,35.9253390,139.5671098
西区,35.9254029,139.5735003
西区,35.9254122,139.5760562
西区,35.9254165,139.5575495
西区,35.9254207,139.5749296
西区,35.9254637,139.5559524
西区,35.9255154,139.5738925
西区,35.9255408,139.5957835
西区,35.9255672,139.5930131
西区,35.9255721,139.5590187
西区,35.9255779,139.5706428
西区,35.9256697,139.5808058
西区,35.9257444,139.5609714
西区,35.9257723,139.5695540
西区,35.9258004,139.5920355
西区,35.9258141,139.5786921
西区,35.9258280,139.5787838
西区,35.9258329,139.5720698
西区,35.9259894,139.5942908
西区,35.9260555,139.5622130
西区,35.9261415,139.5597854
西区,35.9261835,139.5799198
西区,35.9262000,139.5712122
西区,35.9262665,139.5754954
西区,35.9263028,139.5682790
西区,35.9264276,139.5589854
西区,35.9264641,139.5815863
西区,35.9265472,139.5696734
西区,35.9265487,139.5740852
西区,35.9266225,139.5865331
西区,35.9266579,139.5756429
西区,35.9267279,139.5766900
西区,35.9267329,139.5783721
西区,35.9267445,139.5777160
西区,35.9268167,139.5724996
西区,35.9268975,139.5737931
西区,35.9269136,139.5541052
西区,35.9269280,139.5878524
西区,35.9269386,139.5591382
西区,35.9270168,139.5803141
西区,35.9270412,139.5795954
西区,35.9271266,139.5841988
西区,35.9272280,139.5898489
西区,35.9272805,139.5707566
西区,35.9272832,139.5707011
西区,35.9272905,139.5865375
西区,35.9273220,139.5640932
西区,35.9273830,139.5560023
西区,35.9274694,139.5716604
西区,35.9274764,139.5781238
西区,35.9276044,139.5887390
西区,35.9276112,139.5816474
西区,35.9277697,139.5943768
西区,35.9277720,139.5630378
西区,35.9278459,139.5846132
西区,35.9278972,139.5799225
西区,35.9279376,139.5834427
西区,35.9279764,139.5793530
西区,35.9280858,139.5626572
西区,35.9281551,139.5538551
西区,35.9281659,139.5860336
西区,35.9281836,139.5960739
西区,35.9282043,139.5873902
西区,35.9282414,139.5643432
西区,35.9282607,139.5583965
西区,35.9282638,139.5751734
西区,35.9282863,139.5950712
西区,35.9283294,139.5935563
西区,35.9283412,139.5574382
西区,35.9283507,139.5744676
西区,35.9284027,139.5773643
西区,35.9284251,139.5880023
西区,35.9284416,139.5784531
西区,35.9284611,139.5838360
西区,35.9284687,139.5724820
西区,35.9284774,139.5633738
西区,35.9285305,139.5809835
西区,35.9285555,139.5822556
西区,35.9287209,139.5861602
西区,35.9288473,139.5885461
西区,35.9288971,139.5800335
西区,35.9289274,139.5648320
西区,35.9289598,139.5899105
西区,35.9289651,139.5726336
西区,35.9291165,139.5787975
西区,35.9291557,139.5947962
西区,35.9292094,139.5713931
西区,35.9292527,139.5835582
西区,35.9292826,139.5752617
西区,35.9292944,139.5848109
西区,35.9293030,139.5975288
西区,35.9293140,139.5961989
西区,35.9293173,139.5736741
西区,35.9293876,139.5916193
西区,35.9293881,139.5774142
西区,35.9293912,139.5592157
西区,35.9297111,139.5887578
西区,35.9297188,139.5545023
西区,35.9297356,139.5600074
西区,35.9297526,139.5826638
西区,35.9297804,139.5806029
西区,35.9298774,139.5688649
西区,35.9299498,139.5801890
西区,35.9299690,139.5680512
西区,35.9299720,139.5785169
西区,35.9299741,139.5746133
西区,35.9299939,139.5629238
西区,35.9300083,139.5917247
西区,35.9300130,139.5722169
西区,35.9300772,139.5577231
西区,35.9301167,139.5954433
西区,35.9301667,139.5968654
西区,35.9301828,139.5643515
西区,35.9301880,139.5757666
西区,35.9302163,139.5747667
西区,35.9303743,139.5568493
西区,35.9304384,139.5666985
西区,35.9305136,139.5801529
西区,35.9305166,139.5931879
西区,35.9305248,139.5827304
西区,35.9305470,139.5840525
西区,35.9305487,139.5540339
西区,35.9305774,139.5760893
西区,35.9305783,139.5775176
西区,35.9306227,139.5743961
西区,35.9306969,139.5765281
西区,35.9306996,139.5752950
西区,35.9307126,139.5733443
西区,35.9307491,139.5785614
西区,35.9307955,139.5794763
西区,35.9308022,139.5653514
西区,35.9310468,139.5728645
西区,35.9310663,139.5801195
西区,35.9310888,139.5939628
西区,35.9310944,139.5964960
西区,35.9311005,139.5812350
西区,35.9311522,139.5638042
西区,35.9311720,139.5869768
西区,35.9311915,139.5916230
西区,35.9312360,139.5909403
西区,35.9312717,139.5675873
西区,35.9313270,139.5574825
西区,35.9313515,139.5733551
西区,35.9314554,139.5926685
西区,35.9315217,139.5744283
西区,35.9315383,139.5656679
西区,35.9315775,139.5830471
西区,35.9315829,139.5762587
西区,35.9316649,139.5788557
西区,35.9317385,139.5804556
西区,35.9317443,139.5959460
西区,35.9317550,139.5738561
西区,35.9317921,139.5826460
西区,35.9318686,139.5536189
西区,35.9320462,139.5808827
西区,35.9320665,139.5941544
西区,35.9320887,139.5913542
西区,35.9321496,139.5840442
西区,35.9321526,139.5952238
西区,35.9321911,139.5757337
西区,35.9323414,139.5907103
西区,35.9323609,139.5963431
西区,35.9323802,139.5861968
西区,35.9324104,139.5673983
西区,35.9325602,139.5569186
西区,35.9326275,139.5919963
西区,35.9326996,139.5828303
西区,35.9327184,139.5810761
西区,35.9327966,139.5744838
西区,35.9328687,139.5654624
西区,35.9328808,139.5778652
西区,35.9330880,139.5915652
西区,35.9330933,139.5770969
西区,35.9331080,139.5937739
西区,35.9331215,139.5680121
西区,35.9331364,139.5801038
西区,35.9331802,139.5891187
西区,35.9332518,139.5552521
西区,35.9332688,139.5732117
西区,35.9332966,139.5739532
西区,35.9333049,139.5739532
西区,35.9333492,139.5693092
西区,35.9333989,139.5805661
西区,35.9334327,139.5759726
西区,35.9336078,139.5815082
西区,35.9336246,139.5905019
西区,35.9336578,139.5838358
西区,35.9337191,139.5953015
西区,35.9337745,139.5847829
西区,35.9337885,139.5930294
西区,35.9338131,139.5706730
西区,35.9338490,139.5563214
西区,35.9338654,139.5777163
西区,35.9340376,139.5746393
西区,35.9341353,139.5717451
西区,35.9341774,139.5934044
西区,35.9341852,139.5683148
西区,35.9341856,139.5883631
西区,35.9342270,139.5738171
西区,35.9342462,139.5934011
西区,35.9342802,139.5971124
西区,35.9342940,139.5918934
西区,35.9342995,139.5890186
西区,35.9343634,139.5908074
西区,35.9343745,139.5897603
西区,35.9343890,139.5789645
西区,35.9345867,139.5758097
西区,35.9346218,139.5938071
西区,35.9346746,139.5961763
西区,35.9347021,139.5794722
西区,35.9347273,139.5930822
西区,35.9348188,139.5842329
西区,35.9348992,139.5767196
西区,35.9349522,139.5897464
西区,35.9350047,139.5740449
西区,35.9350634,139.5944682
西区,35.9350772,139.5875270
西区,35.9351159,139.5798611
西区,35.9351439,139.5921961
西区,35.9352160,139.5835941
西区,35.9352162,139.5966402
西区,35.9352382,139.5818620
西区,35.9353990,139.5683453
西区,35.9354023,139.5955375
西区,35.9354716,139.5889492
西区,35.9354963,139.5755030
西区,35.9355160,139.5908434
西区,35.9355161,139.5929905
西区,35.9355298,139.5846079
西区,35.9355380,139.5727477
西区,35.9355519,139.5740781
西区,35.9356130,139.5782639
西区,35.9356244,139.5947098
西区,35.9356629,139.5707451
西区,35.9357215,139.5876215
西区,35.9357438,139.5915045
西区,35.9358383,139.5968179
西区,35.9359546,139.5752614
西区,35.9360687,139.5888880
西区,35.9362326,139.5895796
西区,35.9362605,139.5958180
西区,35.9362685,139.5762863
西区,35.9363188,139.5931099
西区,35.9364133,139.5960236
西区,35.9364990,139.5756503
西区,35.9365020,139.5879436
西区,35.9366433,139.5679397
西区,35.9367325,139.5861494
西区,35.9367656,139.5737676
西区,35.9368102,139.5844189
西区,35.9368742,139.5911323
西区,35.9368851,139.5778251
西区,35.9369243,139.5952541
西区,35.9369824,139.5834468
西区,35.9369933,139.5724449
西区,35.9370128,139.5746475
西区,35.9370381,139.5889407
西区,35.9371020,139.5933376
西区,35.9372406,139.5771584
西区,35.9373104,139.5948291
西区,35.9374574,139.5871104
西区,35.9374627,139.5699201
西区,35.9374908,139.5858827
西区,35.9375572,139.5739198
西区,35.9376293,139.5674981
西区,35.9376380,139.5882936
西区,35.9376741,139.5900128
西区,35.9376794,139.5731837
西区,35.9377878,139.5788443
西区,35.9379462,139.5843772
西区,35.9379739,139.5780055
西区,35.9379932,139.5720116
西区,35.9380044,139.5733448
西区,35.9380529,139.5687824
西区,35.9380880,139.5891741
西区,35.9381878,139.5814135
西区,35.9382463,139.5925210
西区,35.9383158,139.5934931
西区,35.9383573,139.5829579
西区,35.9384322,139.5771083
西区,35.9384405,139.5747863
西区,35.9385240,139.5872075
西区,35.9386295,139.5863743
西区,35.9387293,139.5718310
西区,35.9387544,139.5824440
西区,35.9390629,139.5908711
西区,35.9390629,139.5908766
西区,35.9390657,139.5908739
西区,35.9391154,139.5781276
西区,35.9391795,139.5891601
西区,35.9392572,139.5840827
西区,35.9392962,139.5916515
西区,35.9393043,139.5773750
西区,35.9396681,139.5764833
西区,35.9397183,139.5877546
西区,35.9398639,139.5720820
西区,35.9398683,139.5850631
西区,35.9399375,139.5757195
西区,35.9399712,139.5793367
西区,35.9401266,139.5855187
西区,35.9401263,139.5695478
西区,35.9402375,139.5770166
西区,35.9402432,139.5846909
西区,35.9402680,139.5735753
西区,35.9402682,139.5816996
西区,35.9403986,139.5781971
西区,35.9406513,139.5709727
西区,35.9407820,139.5793414
西区,35.9408626,139.5868907
西区,35.9409123,139.5701949
西区,35.9411901,139.5723586
西区,35.9412430,139.5803273
西区,35.9413153,139.5832410
西区,35.9415984,139.5743139
西区,35.9420290,139.5757333
西区,35.9421651,139.5793885
西区,35.9423874,139.5842243
西区,35.9425215,139.5785819
西区,35.9428346,139.5820882
西区,35.9429041,139.5854352
西区,35.9432900,139.5809578
西区,35.9434428,139.5822938
西区,35.9434762,139.5835409
西区,35.9434929,139.5847464
西区,35.9442011,139.5845658
西区,35.9443511,139.5836103
西区,35.9449594,139.5847379
北区,35.8942771,139.6542012
北区,35.8955186,139.6528679
北区,35.8966718,139.6819238
北区,35.8970595,139.6938861
北区,35.8972136,139.6924396
北区,35.8972220,139.6971947
北区,35.8973935,139.6539872
北区,35.8977350,139.6508874
北区,35.8977852,139.6610476
北区,35.8978185,139.6561231
北区,35.8978324,139.6602227
北区,35.8978324,139.6574507
北区,35.8978690,139.6876677
北区,35.8980189,139.6809571
北区,35.8981157,139.6582368
北区,35.8981579,139.6924395
北区,35.8981879,139.6588728
北区,35.8982768,139.6623392
北区,35.8983163,139.6943783
北区,35.8983461,139.6550315
北区,35.8983463,139.6629475
北区,35.8984073,139.6570119
北区,35.8984296,139.6622809
北区,35.8985662,139.6923867
北区,35.8986352,139.6655083
北区,35.8986712,139.6610532
北区,35.8987072,139.6512429
北区,35.8988072,139.6550231
北区,35.8989768,139.6638197
北区,35.8990801,139.6959364
北区,35.8991294,139.6536927
北区,35.8991438,139.6821458
北区,35.8991604,139.6807265
北区,35.8992184,139.6621281
北区,35.8992188,139.6851679
北区,35.8992905,139.6581589
北区,35.8993101,139.6621253
北区,35.8993183,139.6550981
北区,35.8993878,139.6627280
北区,35.8995244,139.6918228
北区,35.8995379,139.6653222
北区,35.8995935,139.6694219
北区,35.8996156,139.6612725
北区,35.8997265,139.6542259
北区,35.8997405,139.6601337
北区,35.8997432,139.6523011
北区,35.8998492,139.6793155
北区,35.8998793,139.6559730
北区,35.8998961,139.6643446
北区,35.8999744,139.6934588
北区,35.9000355,139.6905340
北区,35.9000793,139.6577728
北区,35.9000822,139.6592561
北区,35.9000931,139.6508901
北区,35.9001743,139.6877842
北区,35.9001905,139.6601365
北区,35.9001962,139.6676776
北区,35.9002627,139.6614170
北区,35.9002714,139.6811237
北区,35.9003155,139.6590283
北区,35.9003520,139.6824375
北区,35.9004577,139.6917728
北区,35.9004709,139.6514733
北区,35.9004934,139.6690358
北区,35.9005904,139.6588922
北区,35.9007076,139.6898646
北区,35.9007543,139.6564035
北区,35.9008183,139.6651945
北区,35.9008349,139.6630223
北区,35.9008738,139.6619308
北区,35.9009155,139.6637918
北区,35.9009188,139.6943281
北区,35.9010433,139.6665137
北区,35.9010628,139.6708217
北区,35.9010848,139.6603143
北区,35.9011264,139.6524899
北区,35.9011571,139.6655277
北区,35.9011626,139.6609642
北区,35.9012350,139.6731326
北区,35.9012958,139.6559313
北区,35.9014127,139.6698884
北区,35.9014682,139.6634140
北区,35.9015180,139.6517455
北区,35.9015181,139.6593671
北区,35.9015379,139.6784905
北区,35.9016376,139.6616530
北区,35.9016402,139.6519260
北区,35.9016793,139.6646250
北区,35.9018158,139.6904561
北区,35.9018488,139.6713077
北区,35.9018600,139.6772295
北区,35.9019459,139.6656721
北区,35.9020153,139.6599475
北区,35.9020208,139.6553535
北区,35.9020390,139.6666015
北区,35.9020602,139.6877702
北区,35.9025630,139.6914644
北区,35.9026517,139.6804292
北区,35.9026518,139.6869620
北区,35.9026542,139.6668636
北区,35.9026585,139.6903170
北区,35.9027096,139.6561617
北区,35.9027708,139.6638889
北区,35.9027959,139.6656359
北区,35.9029710,139.6759740
北区,35.9029874,139.6613613
北区,35.9031764,139.6643444
北区,35.9032569,139.6645721
北区,35.9032656,139.6849677
北区,35.9032985,139.6593475
北区,35.9033372,139.6516649
北区,35.9035461,139.6865787
北区,35.9035490,139.6903949
北区,35.9035707,139.6602613
北区,35.9036373,139.6584143
北区,35.9036929,139.6585421
北区,35.9037819,139.6658101
北区,35.9037875,139.6675913
北区,35.9037956,139.6566061
北区,35.9038044,139.6836983
北区,35.9038208,139.6695023
北区,35.9039402,139.6639082
北区,35.9040289,139.6590559
北区,35.9041762,139.6623778
北区,35.9042070,139.6763184
北区,35.9042288,139.6512593
北区,35.9042733,139.6530536
北区,35.9042969,139.6877479
北区,35.9043067,139.6575504
北区,35.9043764,139.6772988
北区,35.9043795,139.6911976
北区,35.9046012,139.6646887
北区,35.9046151,139.6643166
北区,35.9046456,139.6598252
北区,35.9046982,139.6501093
北区,35.9047625,139.6749629
北区,35.9048100,139.6914198
北区,35.9050208,139.6765571
北区,35.9050315,139.6512981
北区,35.9050372,139.6583059
北区,35.9050427,139.6580865
北区,35.9050542,139.6787958
北区,35.9051625,139.6797264
北区,35.9051815,139.6555645
北区,35.9052043,139.6876451
北区,35.9052123,139.6670774
北区,35.9054294,139.6906615
北区,35.9054315,139.6571837
北区,35.9054344,139.6648804
北区,35.9054428,139.6638360
北区,35.9054537,139.6513704
北区,35.9054592,139.6527869
北区,35.9054903,139.6797402
北区,35.9055982,139.6589253
北区,35.9056343,139.6563755
北区,35.9056626,139.6902255
北区,35.9057178,139.6657442
北区,35.9057210,139.6905865
北区,35.9058180,139.6770459
北区,35.9058315,139.6545562
北区,35.9058707,139.6746934
北区,35.9058847,139.6795068
北区,35.9058841,139.6501093
北区,35.9059011,139.6648943
北区,35.9059208,139.6800568
北区,35.9059345,139.6682912
北区,35.9059402,139.6791931
北区,35.9060844,139.6681495
北区,35.9061151,139.6728158
北区,35.9061509,139.6580003
北区,35.9061802,139.6667079
北区,35.9062842,139.6581642
北区,35.9063065,139.6627555
北区,35.9063120,139.6558394
北区,35.9063537,139.6565087
北区,35.9063619,139.6522203
北区,35.9064425,139.6523619
北区,35.9064483,139.6703993
北区,35.9064624,139.6825789
北区,35.9064788,139.6636248
北区,35.9064819,139.6849148
北区,35.9065038,139.6650442
北区,35.9065314,139.6538506
北区,35.9065678,139.6708020
北区,35.9066261,139.6716075
北区,35.9068426,139.6615056
北区,35.9068540,139.6806595
北区,35.9068730,139.6568615
北区,35.9069097,139.6865535
北区,35.9069314,139.6604584
北区,35.9069481,139.6593863
北区,35.9069994,139.6580464
北区,35.9070872,139.6761044
北区,35.9071485,139.6857591
北区,35.9072622,139.6728629
北区,35.9072856,139.6629438
北区,35.9073051,139.6656529
北区,35.9073065,139.6638720
北区,35.9073146,139.6516341
北区,35.9073343,139.6688522
北区,35.9073563,139.6528090
北区,35.9074566,139.6737628
北区,35.9074732,139.6697888
北区,35.9076174,139.6572336
北区,35.9077151,139.6868089
北区,35.9077175,139.6631804
北区,35.9077207,139.6868200
北区,35.9078703,139.6649025
北区,35.9078924,139.6579447
北区,35.9079873,139.6846647
北区,35.9080284,139.6509814
北区,35.9080700,139.6491149
北区,35.9081353,139.6503442
北区,35.9082395,139.6516035
北区,35.9082423,139.6521507
北区,35.9083563,139.6619749
北区,35.9083758,139.6664745
北区,35.9084232,139.6750266
北区,35.9084368,139.6602361
北区,35.9084425,139.6675355
北区,35.9084701,139.6548005
北区,35.9084734,139.6856896
北区,35.9084759,139.6724296
北区,35.9085534,139.6538727
北区,35.9086730,139.6629693
北区,35.9086844,139.6821177
北区,35.9087234,139.6862645
北区,35.9087758,139.6698842
北区,35.9088922,139.6529395
北区,35.9089552,139.6820429
北区,35.9090286,139.6693798
北区,35.9090284,139.6587223
北区,35.9090537,139.6759682
北区,35.9090839,139.6577474
北区,35.9091092,139.6711269
北区,35.9091092,139.6702659
北区,35.9091205,139.6838952
北区,35.9091703,139.6741655
北区,35.9092591,139.6674355
北区,35.9092703,139.6715129
北区,35.9093339,139.6558975
北区,35.9094120,139.6772319
北区,35.9094551,139.6799550
北区,35.9094786,139.6728545
北区,35.9095172,139.6544088
北区,35.9095566,139.6867867
北区,35.9096870,139.6763847
北区,35.9097532,139.6529951
北区,35.9097704,139.6850007
北区,35.9098837,139.6520451
北区,35.9099188,139.6692725
北区,35.9100260,139.6835008
北区,35.9100870,139.6816232
北区,35.9101727,139.6576947
北区,35.9101754,139.6504036
北区,35.9103920,139.6492175
北区,35.9104258,139.6783401
北区,35.9105782,139.6568697
北区,35.9105787,139.6851562
北区,35.9107063,139.6748043
北区,35.9107256,139.6678299
北区,35.9107759,139.6865255
北区,35.9110728,139.6691548
北区,35.9110869,139.6824648
北区,35.9111531,139.6545532
北区,35.9112003,139.6558309
北区,35.9112813,139.6778762
北区,35.9112810,139.6589500
北区,35.9112947,139.6534033
北区,35.9114531,139.6534200
北区,35.9116891,139.6533754
北区,35.9118658,139.6689430
北区,35.9119643,139.6634691
北区,35.9119785,139.6797982
北区,35.9121507,139.6827730
北区,35.9124002,139.6573862
北区,35.9124337,139.6659716
北区,35.9124588,139.6707157
北区,35.9124890,139.6519838
北区,35.9125727,139.6742126
北区,35.9126004,139.6678131
北区,35.9127142,139.6641662
北区,35.9127279,139.6525088
北区,35.9128002,139.6551363
北区,35.9129424,139.6857922
北区,35.9129783,139.6795982
北区,35.9129948,139.6693213
北区,35.9130083,139.6482286
北区,35.9130784,139.6813064
北区,35.9130834,139.6540503
北区,35.9131755,139.6774984
北区,35.9132756,139.6826090
北区,35.9134699,139.6786316
北区,35.9135390,139.6565473
北区,35.9135947,139.6635301
北区,35.9136084,139.6566057
北区,35.9136197,139.6664271
北区,35.9136280,139.6649077
北区,35.9137000,139.6534920
北区,35.9138146,139.6923693
北区,35.9138278,139.6546697
北区,35.9138640,139.6567668
北区,35.9139255,139.6829090
北区,35.9140555,139.6513116
北区,35.9140810,139.6761790
北区,35.9142307,139.6646300
北区,35.9142473,139.6621302
北区,35.9144003,139.6722383
北区,35.9144446,139.6629051
北区,35.9145333,139.6540031
北区,35.9146196,139.6684741
北区,35.9146586,139.6698961
北区,35.9147336,139.6747763
北区,35.9148668,139.6634884
北区,35.9148888,139.6532392
北区,35.9149224,139.6704545
北区,35.9149557,139.6673963
北区,35.9149696,139.6657326
北区,35.9150362,139.6641050
北区,35.9150804,139.6524504
北区,35.9151698,139.6829589
北区,35.9151919,139.6720626
北区,35.9152304,139.6542224
北区,35.9152720,139.6479479
北区,35.9153058,139.6736875
北区,35.9154192,139.6492062
北区,35.9154248,139.6529059
北区,35.9154388,139.6551112
北区,35.9154502,139.6721320
北区,35.9155055,139.6609718
北区,35.9157085,139.6730431
北区,35.9157360,139.6585998
北区,35.9157831,139.6516476
北区,35.9158362,139.6692906
北区,35.9158667,139.6681546
北区,35.9158748,139.6525198
北区,35.9160060,139.6902111
北区,35.9161556,139.6704016
北区,35.9162525,139.6538419
北区,35.9162719,139.6479229
北区,35.9163914,139.6524420
北区,35.9163973,139.6745513
北区,35.9165998,139.6557250
北区,35.9166274,139.6495700
北区,35.9166330,139.6530169
北区,35.9167218,139.6473868
北区,35.9167801,139.6458508
北区,35.9168247,139.6523336
北区,35.9168386,139.6553945
北区,35.9169472,139.6687489
北区,35.9169469,139.6511587
北区,35.9171274,139.6485284
北区,35.9173108,139.6584804
北区,35.9173415,139.6659352
北区,35.9173609,139.6613078
北区,35.9173831,139.6602941
北区,35.9175999,139.6669879
北区,35.9176524,139.6558806
北区,35.9177056,139.6757594
北区,35.9177246,139.6537418
北区,35.9178078,139.6475673
北区,35.9178579,139.6512753
北区,35.9178888,139.6694988
北区,35.9179249,139.6699405
北区,35.9179613,139.6897304
北区,35.9179832,139.6709709
北区,35.9179946,139.6877501
北区,35.9180357,139.6517725
北区,35.9181744,139.6454397
北区,35.9182113,139.6900360
北区,35.9182498,139.6663963
北区,35.9182859,139.6684267
北区,35.9182912,139.6519198
北区,35.9183526,139.6712237
北区,35.9185524,139.6596524
北区,35.9186105,139.6463479
北区,35.9186134,139.6554222
北区,35.9186303,139.6653074
北区,35.9186411,139.6465479
北区,35.9186582,139.6738067
北区,35.9188413,139.6612440
北区,35.9188606,139.6516670
北区,35.9188859,139.6727402
北区,35.9189105,139.6476312
北区,35.9189442,139.6715153
北区,35.9189885,139.6637159
北区,35.9190499,139.6759815
北区,35.9190855,139.6512614
北区,35.9191021,139.6457813
北区,35.9191302,139.6640825
北区,35.9191470,139.6706765
北区,35.9191497,139.6683211
北区,35.9192221,139.6790952
北区,35.9192276,139.6749594
北区,35.9192665,139.6731485
北区,35.9193745,139.6588329
北区,35.9194326,139.6474034
北区,35.9194610,139.6804145
北区,35.9194634,139.6600440
北区,35.9194969,139.6704237
北区,35.9195606,139.6575330
北区,35.9195910,139.6485727
北区,35.9196163,139.6664629
北区,35.9197303,139.6717680
北区,35.9198078,139.6604384
北区,35.9198857,139.6672211
北区,35.9199218,139.6672184
北区,35.9199271,139.6510475
北区,35.9199386,139.6729845
北区,35.9200553,139.6772759
北区,35.9201438,139.6536528
北区,35.9201605,139.6580414
北区,35.9202249,139.6856891
北区,35.9202632,139.6498448
北区,35.9203520,139.6468451
北区,35.9204355,139.6548694
北区,35.9204437,139.6510974
北区,35.9204799,139.6572719
北区,35.9206995,139.6672517
北区,35.9207187,139.6547527
北区,35.9207330,139.6756927
北区,35.9207440,139.6685599
北区,35.9207804,139.6868222
北区,35.9207854,139.6555748
北区,35.9207967,139.6673795
北区,35.9208050,139.6615771
北区,35.9209770,139.6536889
北区,35.9209771,139.6543416
北区,35.9209828,139.6681683
北区,35.9210747,139.6769259
北区,35.9210830,139.6762314
北区,35.9211547,139.6506585
北区,35.9211717,139.6694654
北区,35.9211829,139.6701264
北区,35.9212687,139.6559693
北区,35.9212966,139.6596690
北区,35.9213050,139.6658962
北区,35.9214163,139.6788007
北区,35.9214491,139.6462951
北区,35.9215547,139.6504030
北区,35.9215661,139.6683682
北区,35.9215827,139.6654351
北区,35.9216995,139.6731066
北区,35.9218327,139.6648712
北区,35.9218831,139.6858195
北区,35.9218825,139.6532361
北区,35.9219935,139.6499392
北区,35.9221828,139.6701542
北区,35.9221938,139.6678044
北区,35.9222245,139.6732650
北区,35.9222328,139.6743954
北区,35.9222438,139.6662350
北区,35.9223328,139.6718373
北区,35.9223384,139.6765536
北区,35.9224601,139.6464338
北区,35.9224853,139.6610410
北区,35.9225273,139.6782007
北区,35.9225296,139.6491614
北区,35.9226190,139.6834196
北区,35.9227493,139.6677765
北区,35.9227713,139.6542805
北区,35.9228100,139.6454701
北区,35.9228646,139.6667355
北区,35.9229022,139.6746121
北区,35.9229323,139.6490559
北区,35.9231968,139.6844862
北区,35.9232908,139.6583578
北区,35.9233716,139.6770285
北区,35.9234056,139.6643618
北区,35.9234578,139.6779840
北区,35.9234799,139.6741732
北区,35.9235270,139.6694514
北区,35.9235572,139.6475504
北区,35.9235798,139.6673820
北区,35.9236518,139.6553136
北区,35.9236632,139.6710012
北区,35.9236631,139.6657978
北区,35.9236798,139.6705846
北区,35.9237021,139.6722761
北区,35.9237048,139.6680070
北区,35.9237601,139.6532999
北区,35.9238405,139.6451173
北区,35.9238490,139.6569524
北区,35.9238656,139.6520333
北区,35.9238686,139.6632158
北区,35.9238850,139.6482309
北区,35.9239549,139.6759647
北区,35.9239913,139.6952825
北区,35.9239906,139.6542081
北区,35.9240044,139.6465754
北区,35.9240241,139.6612603
北区,35.9240324,139.6600882
北区,35.9241349,139.6476003
北区,35.9241353,139.6662738
北区,35.9241716,139.6819614
北区,35.9241743,139.6753897
北区,35.9241939,139.6833169
北区,35.9242325,139.6674487
北区,35.9243131,139.6726761
北区,35.9243544,139.6477170
北区,35.9243738,139.6493335
北区,35.9244961,139.6523805
北区,35.9244992,139.6710734
北区,35.9245017,139.6568802
北区,35.9245297,139.6667654
北区,35.9245437,139.6749287
北区,35.9245820,139.6436090
北区,35.9246152,139.6636001
北区,35.9246572,139.6531499
北区,35.9246851,139.6635129
北区,35.9246960,139.6467393
北区,35.9247071,139.6462199
北区,35.9247158,139.6665737
北区,35.9247293,139.6477448
北区,35.9247517,139.6554497
北区,35.9247987,139.6445923
北区,35.9248686,139.6711512
北区,35.9249687,139.6764951
北区,35.9250404,139.6453866
北区,35.9250710,139.6503668
北区,35.9251603,139.6755702
北区,35.9252516,139.6523416
北区,35.9253422,139.6711128
北区,35.9253854,139.6829002
北区,35.9254075,139.6746091
北区,35.9254824,139.6685735
北区,35.9255514,139.6470142
北区,35.9255740,139.6686152
北区,35.9256018,139.6655127
北区,35.9256655,139.6588160
北区,35.9257268,139.6698151
北区,35.9257352,139.6741509
北区,35.9257686,139.6773867
北区,35.9258153,139.6479141
北区,35.9258629,139.6717428
北区,35.9258906,139.6640434
北区,35.9259325,139.6804947
北区,35.9259462,139.6674042
北区,35.9259465,139.6877580
北区,35.9259988,139.6604881
北区,35.9260045,139.6676375
北区,35.9260101,139.6694291
北区,35.9260431,139.6510917
北区,35.9260490,139.6670625
北区,35.9260542,139.6491112
北区,35.9260712,139.6678319
北区,35.9261435,139.6745313
北区,35.9261604,139.6879525
北区,35.9261658,139.6750869
北区,35.9262097,139.6459226
北区,35.9262653,139.6501556
北区,35.9262791,139.6467642
北区,35.9263265,139.6533331
北区,35.9263374,139.6447727
北区,35.9263709,139.6542414
北区,35.9263931,139.6510889
北区,35.9264046,139.6763174
北区,35.9264964,139.6817252
北区,35.9264989,139.6692540
北区,35.9265461,139.6674458
北区,35.9267599,139.6627323
北区,35.9268294,139.6636822
北区,35.9268738,139.6645127
北区,35.9268824,139.6766506
北区,35.9269408,139.6799364
北区,35.9269457,139.6469614
北区,35.9271265,139.6620823
北区,35.9272322,139.6692234
北区,35.9272818,139.6493723
北区,35.9273069,139.6507221
北区,35.9273324,139.6842555
北区,35.9273573,139.6755507
北区,35.9273929,139.6488446
北区,35.9274624,139.6530164
北区,35.9274850,139.6736202
北区,35.9274963,139.6841111
北区,35.9275797,139.6847527
北区,35.9275880,139.6839250
北区,35.9276155,139.6699039
北区,35.9276291,139.6518748
北区,35.9276572,139.6710927
北区,35.9277098,139.6648266
北区,35.9277627,139.6677152
北区,35.9278234,139.6454171
北区,35.9278377,139.6720926
北区,35.9278710,139.6689123
北区,35.9278767,139.6772172
北区,35.9279709,139.6636321
北区,35.9279874,139.6513499
北区,35.9280348,139.6621101
北区,35.9280434,139.6809530
北区,35.9282040,139.6533942
北区,35.9282682,139.6678818
北区,35.9283852,139.6881774
北区,35.9284822,139.6791058
北区,35.9284929,139.6544246
北区,35.9286376,139.6708121
北区,35.9286739,139.6824694
北区,35.9287179,139.6578576
北区,35.9287544,139.6780032
北区,35.9287737,139.6678652
北区,35.9288127,139.6761395
北区,35.9288599,139.6758728
北区,35.9289292,139.6692900
北区,35.9289653,139.6671207
北区,35.9289704,139.6435338
北区,35.9290427,139.6434061
北区,35.9290565,139.6432033
北区,35.9290876,139.6695594
北区,35.9290956,139.6512026
北区,35.9292237,139.6747007
北区,35.9292407,139.6916271
北区,35.9292956,139.6558605
北区,35.9293097,139.6654681
北区,35.9293679,139.6587242
北区,35.9293763,139.6607573
北区,35.9294517,139.6831667
北区,35.9294926,139.6437004
北区,35.9296737,139.6765172
北区,35.9296927,139.6515954
北区,35.9297597,139.6670013
北区,35.9297680,139.6685373
北区,35.9297986,139.6685179
北区,35.9298287,139.6453059
北区,35.9298761,139.6542523
北区,35.9298819,139.6712592
北区,35.9299427,139.6528579
北区,35.9299511,139.6557550
北区,35.9299709,139.6732286
北区,35.9299704,139.6457947
北区,35.9300206,139.6558577
北区,35.9301539,139.6582020
北区,35.9301567,139.6571993
北区,35.9301623,139.6586214
北区,35.9301708,139.6694622
北区,35.9301817,139.6574188
北区,35.9303070,139.6753534
北区,35.9303432,139.6810473
北区,35.9303903,139.6771171
北区,35.9304096,139.6677234
北区,35.9305569,139.6748395
北区,35.9305626,139.6829138
北区,35.9305848,139.6782975
北区,35.9306065,139.6489110
北区,35.9306289,139.6601212
北区,35.9306786,139.6429504
北区,35.9307155,139.6872357
北区,35.9307402,139.6708009
北区,35.9307596,139.6665568
北区,35.9307732,139.6546134
北区,35.9308012,139.6667984
北区,35.9309209,139.6838942
北区,35.9309956,139.6646458
北区,35.9309984,139.6646486
北区,35.9310124,139.6711759
北区,35.9310124,139.6721313
北区,35.9310371,139.6559576
北区,35.9310593,139.6517303
北区,35.9311290,139.6660513
北区,35.9311414,139.6614767
北区,35.9311707,139.6713064
北区,35.9312097,139.6789169
北区,35.9312319,139.6777392
北区,35.9312791,139.6741728
北区,35.9312985,139.6738173
北区,35.9313204,139.6551244
北区,35.9313343,139.6570770
北区,35.9313400,139.6657374
北区,35.9313654,139.6867913
北区,35.9314314,139.6483250
北区,35.9314402,139.6765837
北区,35.9314676,139.6530885
北区,35.9314763,139.6734090
北区,35.9315292,139.6808305
北区,35.9315485,139.6761309
北区,35.9316315,139.6540912
北区,35.9316816,139.6628043
北区,35.9316871,139.6580130
北区,35.9316956,139.6660680
北区,35.9317067,139.6655291
北区,35.9317428,139.6690204
北区,35.9317874,139.6796001
北区,35.9318375,139.6818111
北区,35.9318454,139.6559854
北区,35.9318705,139.6655180
北区,35.9319009,139.6565160
北区,35.9319261,139.6693232
北区,35.9319455,139.6642847
北区,35.9319596,139.6772058
北区,35.9319872,139.6674150
北区,35.9320095,139.6719147
北区,35.9320651,139.6736895
北区,35.9320729,139.6435642
北区,35.9320874,139.6774253
北区,35.9320898,139.6550411
北区,35.9322622,139.6665429
北区,35.9322761,139.6695288
北区,35.9323702,139.6527856
北区,35.9323901,139.6773753
北区,35.9323900,139.6703453
北区,35.9324120,139.6570992
北区,35.9324316,139.6647930
北区,35.9324979,139.6461584
北区,35.9325122,139.6678094
北区,35.9325313,139.6480749
北区,35.9325983,139.6711730
北区,35.9326316,139.6700203
北区,35.9326401,139.6799390
北区,35.9326398,139.6584713
北区,35.9327095,139.6747255
北区,35.9328091,139.6552521
北区,35.9328317,139.6767086
北区,35.9329260,139.6689565
北区,35.9330040,139.6782419
北区,35.9330122,139.6728450
北区,35.9330954,139.6663706
北区,35.9331062,139.6460446
北区,35.9331177,139.6717146
北区,35.9331284,139.6488887
北区,35.9333120,139.6643957
北区,35.9333149,139.6710036
北区,35.9333620,139.6637181
北区,35.9333648,139.6652763
北区,35.9333701,139.6509996
北区,35.9333896,139.6529384
北区,35.9334093,139.6681427
北区,35.9334178,139.6763420
北区,35.9334316,139.6714868
北区,35.9335035,139.6555549
北区,35.9335313,139.6546743
北区,35.9335370,139.6667566
北区,35.9335567,139.6813666
北区,35.9335897,139.6596406
北区,35.9336061,139.6479832
北区,35.9337038,139.6723507
北区,35.9337206,139.6799611
北区,35.9337843,139.6710330
北区,35.9338478,139.6462167
北区,35.9338732,139.6710979
北区,35.9338923,139.6538077
北区,35.9339066,139.6737922
北区,35.9339176,139.6676232
北区,35.9340063,139.6572463
北区,35.9341038,139.6759086
北区,35.9342088,139.6462361
北区,35.9342366,139.6470527
北区,35.9342427,139.6790445
北区,35.9342478,139.6492054
北区,35.9343090,139.6549521
北区,35.9344397,139.6643124
北区,35.9344453,139.6690842
北区,35.9345560,139.6446307
北区,35.9345925,139.6665483
北区,35.9346147,139.6641124
北区,35.9346675,139.6678232
北区,35.9347506,139.6531744
北区,35.9348129,139.6761225
北区,35.9348564,139.6698119
北区,35.9348870,139.6743921
北区,35.9348894,139.6496664
北区,35.9349007,139.6607155
北区,35.9349645,139.6573796
北区,35.9349953,139.6733699
北区,35.9350396,139.6633180
北区,35.9350645,139.6565936
北区,35.9350728,139.6576185
北区,35.9351201,139.6616126
北区,35.9352226,139.6458917
北区,35.9352339,139.6565741
北区,35.9352368,139.6662233
北区,35.9353397,139.6727616
北区,35.9354227,139.6552575
北区,35.9354341,139.6706312
北区,35.9354451,139.6635957
北区,35.9354507,139.6651373
北区,35.9354675,139.6762807
北区,35.9354729,139.6630152
北区,35.9354786,139.6714673
北区,35.9355256,139.6585128
北区,35.9355286,139.6726783
北区,35.9356091,139.6699452
北区,35.9356117,139.6594266
北区,35.9356203,139.6731810
北区,35.9356452,139.6699119
北区,35.9356561,139.6569323
北区,35.9357642,139.6478093
北区,35.9357809,139.6446723
北区,35.9357813,139.6689869
北区,35.9357865,139.6522466
北区,35.9358920,139.6460527
北区,35.9358921,139.6510301
北区,35.9359118,139.6704590
北区,35.9359730,139.6709118
北区,35.9360839,139.6616875
北区,35.9360894,139.6609598
北区,35.9361005,139.6556713
北区,35.9361227,139.6561824
北区,35.9361702,139.6735032
北区,35.9361951,139.6679787
北区,35.9362004,139.6544409
北区,35.9363035,139.6726016
北区,35.9363142,139.6479609
北区,35.9363257,139.6698785
北区,35.9363715,139.6670049
北区,35.9363726,139.6544437
北区,35.9363850,139.6458344
北区,35.9363975,139.6492274
北区,35.9364397,139.6778195
北区,35.9364615,139.6545159
北区,35.9364642,139.6468943
北区,35.9364813,139.6755670
北区,35.9365701,139.6714061
北区,35.9365975,139.6505495
北区,35.9366507,139.6703729
北区,35.9367365,139.6558019
北区,35.9368835,139.6445139
北区,35.9370897,139.6791277
北区,35.9370951,139.6748197
北区,35.9371408,139.6681169
北区,35.9371423,139.6735559
北区,35.9372368,139.6770973
北区,35.9372890,139.6457555
北区,35.9372921,139.6625541
北区,35.9373729,139.6759474
北区,35.9374173,139.6728809
北区,35.9374590,139.6765556
北区,35.9374587,139.6587599
北区,35.9375089,139.6706589
北区,35.9375475,139.6569601
北区,35.9375506,139.6716255
北区,35.9376779,139.6486802
北区,35.9377058,139.6521799
北区,35.9377285,139.6781917
北区,35.9377782,139.6613569
北区,35.9377935,139.6637240
北区,35.9378338,139.6676314
北区,35.9378756,139.6756669
北区,35.9378781,139.6558823
北区,35.9378866,139.6672648
北区,35.9378950,139.6703978
北区,35.9379533,139.6682119
北区,35.9379695,139.6456138
北区,35.9381089,139.6765195
北区,35.9382283,139.6703617
北区,35.9382449,139.6692090
北区,35.9383252,139.6568045
北区,35.9384645,139.6764640
北区,35.9384782,139.6692062
北区,35.9386199,139.6722865
北区,35.9386306,139.6487385
北区,35.9387197,139.6605069
北区,35.9388837,139.6703395
北区,35.9389755,139.6735586
北区,35.9390365,139.6711172
北区,35.9390561,139.6800303
北区,35.9391280,139.6588682
北区,35.9392555,139.6473830
北区,35.9392616,139.6749835
北区,35.9392947,139.6637455
北区,35.9393973,139.6538408
北区,35.9394226,139.6694867
北区,35.9394255,139.6766639
北区,35.9394583,139.6468580
北区,35.9395116,139.6774361
北区,35.9396087,139.6741613
北区,35.9396113,139.6628567
北区,35.9397170,139.6682007
北区,35.9399171,139.6756890
北区,35.9399196,139.6599597
北区,35.9399305,139.6479857
北区,35.9399527,139.6484052
北区,35.9399697,139.6669286
北区,35.9399693,139.6424556
北区,35.9400415,139.6452554
北区,35.9400694,139.6501772
北区,35.9401748,139.6438305
北区,35.9401832,139.6449387
北区,35.9402475,139.6698978
北区,35.9403863,139.6686646
北区,35.9405060,139.6813968
北区,35.9406137,139.6454054
北区,35.9406442,139.6412723
北区,35.9407137,139.6454054
北区,35.9407247,139.6429472
北区,35.9407500,139.6563878
北区,35.9408029,139.6650953
北区,35.9408196,139.6649537
北区,35.9408386,139.6437999
北区,35.9409861,139.6577487
北区,35.9410112,139.6670563
北区,35.9411393,139.6808746
北区,35.9411775,139.6444998
北区,35.9412500,139.6617095
北区,35.9413389,139.6595653
北区,35.9413973,139.6691367
北区,35.9414137,139.6522798
北区,35.9414302,139.6406834
北区,35.9415221,139.6580682
北区,35.9415641,139.6741140
北区,35.9415751,139.6682561
北区,35.9415831,139.6487939
北区,35.9416274,139.6407446
北区,35.9416278,139.6669424
北区,35.9416389,139.6662813
北区,35.9417080,139.6463246
北区,35.9417195,139.6678535
北区,35.9417662,139.6392419
北区,35.9417802,139.6415111
北区,35.9419247,139.6491439
北区,35.9419247,139.6497799
北区,35.9419554,139.6558599
北区,35.9419613,139.6734446
北区,35.9422357,139.6458219
北区,35.9422613,139.6805496
北区,35.9422637,139.6545906
北区,35.9422912,139.6404084
北区,35.9423135,139.6423999
北区,35.9423775,139.6514492
北区,35.9423805,139.6669729
北区,35.9424417,139.6689172
北区,35.9424496,139.6433194
北区,35.9425277,139.6623233
北区,35.9425608,139.6491050
北区,35.9426111,139.6669785
北区,35.9426412,139.6440109
北区,35.9427717,139.6412250
北区,35.9428551,139.6448830
北区,35.9429000,139.6724946
北区,35.9429051,139.6480911
北区,35.9429273,139.6463774
北区,35.9430441,139.6505575
北区,35.9430744,139.6395557
北区,35.9430800,139.6415639
北区,35.9431139,139.6710503
北区,35.9431526,139.6617316
北区,35.9431665,139.6629232
北区,35.9431804,139.6663618
北区,35.9433165,139.6644759
北区,35.9434521,139.6380753
北区,35.9434636,139.6582569
北区,35.9434995,139.6435331
北区,35.9435243,139.6367421
北区,35.9435938,139.6386669
北区,35.9436744,139.6437276
北区,35.9436776,139.6635287
北区,35.9436799,139.6365365
北区,35.9436913,139.6569598
北区,35.9438079,139.6528607
北区,35.9438577,139.6410000
北区,35.9439639,139.6801106
北区,35.9439663,139.6579736
北区,35.9439888,139.6739750
北区,35.9440220,139.6657785
北区,35.9440244,139.6454857
北区,35.9440357,139.6550544
北区,35.9440410,139.6397657
北区,35.9440444,139.6747389
北区,35.9441331,139.6631453
北区,35.9441771,139.6392973
北区,35.9441971,139.6719391
北区,35.9442049,139.6442330
北区,35.9442298,139.6370336
北区,35.9442828,139.6470217
北区,35.9443048,139.6381224
北区,35.9444381,139.6362560
北区,35.9444443,139.6731584
北区,35.9444443,139.6733862
北区,35.9445631,139.6366920
北区,35.9445910,139.6429665
北区,35.9446386,139.6636898
北区,35.9447997,139.6648341
北区,35.9448075,139.6360782
北区,35.9448522,139.6493271
北区,35.9448882,139.6432720
北区,35.9449492,139.6390946
北区,35.9451330,139.6643813
北区,35.9451886,139.6671950
北区,35.9451939,139.6569681
北区,35.9453243,139.6471189
北区,35.9453436,139.6379502
北区,35.9454355,139.6539683
北区,35.9454942,139.6716002
北区,35.9455713,139.6354199
北区,35.9456159,139.6413999
北区,35.9456523,139.6603844
北区,35.9456937,139.6429969
北区,35.9456993,139.6486882
北区,35.9457024,139.6682726
北区,35.9457218,139.6617204
北区,35.9457769,139.6398389
北区,35.9458352,139.6362864
北区,35.9458468,139.6658256
北区,35.9458659,139.6460606
北区,35.9458741,139.6405888
北区,35.9459662,139.6635369
北区,35.9460189,139.6595345
北区,35.9460832,139.6804577
北区,35.9461385,139.6662089
北区,35.9462161,139.6577624
北区,35.9463185,139.6374835
北区,35.9464578,139.6620426
北区,35.9465050,139.6644201
北区,35.9465800,139.6601233
北区,35.9466156,139.6340560
北区,35.9466216,139.6563514
北区,35.9466244,139.6603289
北区,35.9466379,139.6359698
北区,35.9466629,139.6397417
北区,35.9466771,139.6553348
北区,35.9467633,139.6597844
北区,35.9468188,139.6573402
北区,35.9469241,139.6436413
北区,35.9470077,139.6600178
北区,35.9470074,139.6450551
北区,35.9471409,139.6541016
北区,35.9472878,139.6364363
北区,35.9472989,139.6339754
北区,35.9473689,139.6662116
北区,35.9473770,139.6524989
北区,35.9473993,139.6575873
北区,35.9474016,139.6334394
北区,35.9474478,139.6509407
北区,35.9475021,139.6612426
北区,35.9475433,139.6325116
北区,35.9475878,139.6351392
北区,35.9476322,139.6378723
北区,35.9476689,139.6671226
北区,35.9477574,139.6446884
北区,35.9478131,139.6539459
北区,35.9478353,139.6525988
北区,35.9479462,139.6459022
北区,35.9479549,139.6661588
北区,35.9479572,139.6373418
北区,35.9480294,139.6365197
北区,35.9480738,139.6344253
北区,35.9480938,139.6675726
北区,35.9481016,139.6333199
北区,35.9481044,139.6396249
北区,35.9481440,139.6753080
北区,35.9481520,139.6575845
北区,35.9481738,139.6356030
北区,35.9482350,139.6423914
北区,35.9483132,139.6638618
北区,35.9483684,139.6425692
北区,35.9483932,139.6315367
北区,35.9484019,139.6571123
北区,35.9484408,139.6541737
北区,35.9484742,139.6604899
北区,35.9485021,139.6672421
北区,35.9485050,139.6735443
北区,35.9485350,139.6439051
北区,35.9486906,139.6435107
北区,35.9487322,139.6409137
北区,35.9487769,139.6554708
北区,35.9488243,139.6648228
北区,35.9488576,139.6648673
北区,35.9488904,139.6358169
北区,35.9488961,139.6411692
北区,35.9489017,139.6458050
北区,35.9489049,139.6690807
北区,35.9489126,139.6367890
北区,35.9489519,139.6583622
北区,35.9489659,139.6664893
北区,35.9490265,139.6338781
北区,35.9490714,139.6600760
北区,35.9490764,139.6325921
北区,35.9490909,139.6672421
北区,35.9490960,139.6378833
北区,35.9491238,139.6422135
北区,35.9491264,139.6314505
北区,35.9491435,139.6542542
北区,35.9492852,139.6556207
北区,35.9492849,139.6384777
北区,35.9492993,139.6722054
北区,35.9493241,139.6585483
北区,35.9494380,139.6597788
北区,35.9494493,139.6684420
北区,35.9494904,139.6367834
北区,35.9494963,139.6597065
北区,35.9495375,139.6325587
北区,35.9495743,139.6700473
北区,35.9495820,139.6359529
北区,35.9495993,139.6738859
北区,35.9496045,139.6497129
北区,35.9496320,139.6376333
北区,35.9496355,139.6777217
北区,35.9496431,139.6350474
北区,35.9497464,139.6658144
北区,35.9497851,139.6568567
北区,35.9497962,139.6568679
北区,35.9498265,139.6413692
北区,35.9498681,139.6384777
北区,35.9499493,139.6732303
北区,35.9499688,139.6786161
北区,35.9500240,139.6565929
北区,35.9500880,139.6624090
北区,35.9501101,139.6590343
北区,35.9501687,139.6725721
北区,35.9501764,139.6374000
北区,35.9501908,139.6667782
北区,35.9501909,139.6714250
北区,35.9502463,139.6605870
北区,35.9502487,139.6389749
北区,35.9502819,139.6323726
北区,35.9503403,139.6378417
北区,35.9503543,139.6455104
北区,35.9503739,139.6562290
北区,35.9503959,139.6402387
北区,35.9504322,139.6551346
北区,35.9504576,139.6778188
北区,35.9504655,139.6503961
北区,35.9504686,139.6700640
北区,35.9505493,139.6758690
北区,35.9505715,139.6773439
北区,35.9505708,139.6339086
北区,35.9505707,139.6330920
北区,35.9506157,139.6634117
北区,35.9506153,139.6391998
北区,35.9506185,139.6642588
北区,35.9506653,139.6411692
北区,35.9506903,139.6406414
北区,35.9506992,139.6750413
北区,35.9507098,139.6463520
北区,35.9507152,139.6348863
北区,35.9507765,139.6440189
北区,35.9508103,139.6725859
北区,35.9508130,139.6669225
北区,35.9508153,139.6418941
北区,35.9508290,139.6280229
北区,35.9508711,139.6562345
北区,35.9508852,139.6690945
北区,35.9509183,139.6527626
北区,35.9509547,139.6732137
北区,35.9509598,139.6477963
北区,35.9509904,139.6511738
北区,35.9510325,139.6710278
北区,35.9510541,139.6395720
北区,35.9510878,139.6591648
北区,35.9511186,139.6733859
北区,35.9511235,139.6377971
北区,35.9511485,139.6354779
北区,35.9512012,139.6293006
北区,35.9512075,139.6768300
北区,35.9512264,139.6454799
北区,35.9512262,139.6329031
北区,35.9512796,139.6691056
北区,35.9513464,139.6744886
北区,35.9513707,139.6335531
北区,35.9513793,139.6486351
北区,35.9514184,139.6626561
北区,35.9514319,139.6399192
北区,35.9514713,139.6704611
北区,35.9515323,139.6674669
北区,35.9515568,139.6342558
北区,35.9515960,139.6568094
北区,35.9516045,139.6660698
北区,35.9516546,139.6688029
北区,35.9516901,139.6351723
北区,35.9516932,139.6541041
北区,35.9517040,139.6358529
北区,35.9517519,139.6726665
北区,35.9518235,139.6416385
北区,35.9518293,139.6524404
北区,35.9518483,139.6292562
北区,35.9518651,139.6381138
北区,35.9518683,139.6592509
北区,35.9518795,139.6673530
北区,35.9519045,139.6640227
北区,35.9519153,139.6486518
北区,35.9519433,139.6609508
北区,35.9520573,139.6707388
北区,35.9520566,139.6298588
北区,35.9520683,139.6626034
北区,35.9521012,139.6394747
北区,35.9521541,139.6474908
北区,35.9521706,139.6340169
北区,35.9522156,139.6657808
北区,35.9522404,139.6581677
北区,35.9522542,139.6515237
北区,35.9522844,139.6281174
北区,35.9523240,139.6695528
北区,35.9523651,139.6409246
北区,35.9524067,139.6359833
北区,35.9524067,139.6335974
北区,35.9524122,139.6349334
北区,35.9524460,139.6591620
北区,35.9524595,139.6378582
北区,35.9525125,139.6528542
北区,35.9525127,139.6637366
北区,35.9525150,139.6376499
北区,35.9525322,139.6626756
北区,35.9526012,139.6397719
北区,35.9526350,139.6666531
北区,35.9527065,139.6273452
北区,35.9527129,139.6763023
北区,35.9528291,139.6492850
北区,35.9528572,139.6681501
北区,35.9528629,139.6763494
北区,35.9529322,139.6674363
北区,35.9529544,139.6666419
北区,35.9529680,139.6490156
北区,35.9529900,139.6357639
北区,35.9530399,139.6305199
北区,35.9530541,139.6523292
北区,35.9531177,139.6326920
北区,35.9531733,139.6348668
北区,35.9532400,139.6410607
北区,35.9532516,139.6654558
北区,35.9533071,139.6635255
北区,35.9533127,139.6641032
北区,35.9533375,139.6527625
北区,35.9533400,139.6370999
北区,35.9533711,139.6681890
北区,35.9534209,139.6613840
北区,35.9534705,139.6353472
北区,35.9535432,139.6632477
北区,35.9535679,139.6476573
北区,35.9535848,139.6625339
北区,35.9536294,139.6690917
北区,35.9536732,139.6345696
北区,35.9537071,139.6690361
北区,35.9537399,139.6361305
北区,35.9537679,139.6519347
北区,35.9537872,139.6402663
北区,35.9538482,139.6376498
北区,35.9538516,139.6681140
北区,35.9539234,139.6496683
北区,35.9539871,139.6373581
北区,35.9539959,139.6642893
北区,35.9540042,139.6604618
北区,35.9540293,139.6656920
北区,35.9540538,139.6367527
北区,35.9541070,139.6616117
北区,35.9541848,139.6638615
北区,35.9542180,139.6586841
北区,35.9542457,139.6525708
北区,35.9542957,139.6520819
北区,35.9543457,139.6515403
北区,35.9543904,139.6681001
北区,35.9544012,139.6530180
北区,35.9544539,139.6484267
北区,35.9545318,139.6542095
北区,35.9545876,139.6671806
北区,35.9545986,139.6632116
北区,35.9546098,139.6701443
北区,35.9546097,139.6640559
北区,35.9546123,139.6506237
北区,35.9546319,139.6625977
北区,35.9546596,139.6578648
北区,35.9546930,139.6601590
北区,35.9548486,139.6645586
北区,35.9548543,139.6708776
北区,35.9549570,139.6685944
北区,35.9549957,139.6591508
北区,35.9550734,139.6532013
北区,35.9550792,139.6660724
北区,35.9551372,139.6488905
北区,35.9552819,139.6646503
北区,35.9553150,139.6521874
北区,35.9554069,139.6636559
北区,35.9554900,139.6510792
北区,35.9555512,139.6596812
北区,35.9555569,139.6683278
北区,35.9555595,139.6583119
北区,35.9555930,139.6683555
北区,35.9556873,139.6558871
北区,35.9557040,139.6620477
北区,35.9557570,139.6710386
北区,35.9557762,139.6601950
北区,35.9558207,139.6608756
北区,35.9558345,139.6557593
北区,35.9558875,139.6686471
北区,35.9559179,139.6605034
北区,35.9559511,139.6548455
北区,35.9559677,139.6511903
北区,35.9563429,139.6646752
北区,35.9563457,139.6646364
北区,35.9564624,139.6697498
北区,35.9564843,139.6521624
北区,35.9564982,139.6541055
北区,35.9565789,139.6594062
北区,35.9565790,139.6668473
北区,35.9565843,139.6500182
北区,35.9566094,139.6586896
北区,35.9566234,139.6613838
北区,35.9566428,139.6640586
北区,35.9566900,139.6603089
北区,35.9567095,139.6637697
北区,35.9567346,139.6703181
北区,35.9567921,139.6546505
北区,35.9568593,139.6545928
北区,35.9569623,139.6636170
北区,35.9570621,139.6578841
北区,35.9570761,139.6643113
北区,35.9571539,139.6637836
北区,35.9571984,139.6681304
北区,35.9572203,139.6514846
北区,35.9574593,139.6544288
北区,35.9574984,139.6683888
北区,35.9575066,139.6625532
北区,35.9576288,139.6613922
北区,35.9576316,139.6624754
北区,35.9576317,139.6695748
北区,35.9576759,139.6532039
北区,35.9578370,139.6525429
北区,35.9578397,139.6525456
北区,35.9578399,139.6633725
北区,35.9578455,139.6641974
北区,35.9578953,139.6537539
北区,35.9578983,139.6655834
北区,35.9580955,139.6644502
北区,35.9581120,139.6550954
北区,35.9581619,139.6529344
北区,35.9581982,139.6615809
北区,35.9583455,139.6647556
北区,35.9586148,139.6631058
北区,35.9586732,139.6618226
北区,35.9587454,139.6644863
北区,35.9588787,139.6607922
北区,35.9589315,139.6630725
北区,35.9592036,139.6619058
北区,35.9593342,139.6628281
北区,35.9593425,139.6596255
北区,35.9593564,139.6635724
北区,35.9594340,139.6506068
北区,35.9594814,139.6634196
北区,35.9597647,139.6618114
北区,35.9598395,139.6506901
北区,35.9598508,139.6641223
北区,35.9599203,139.6633363
北区,35.9600034,139.6549148
北区,35.9600535,139.6585228
北区,35.9601425,139.6628557
北区,35.9603257,139.6558313
北区,35.9603839,139.6544259
北区,35.9606231,139.6712967
北区,35.9606229,139.6591172
北区,35.9607451,139.6572951
北区,35.9607672,139.6501263
北区,35.9608006,139.6551702
北区,35.9608395,139.6566146
北区,35.9609034,139.6607476
北区,35.9609173,139.6594060
北区,35.9611089,139.6549563
北区,35.9612533,139.6544176
北区,35.9612672,139.6556563
北区,35.9613728,139.6587477
北区,35.9619007,139.6693329
北区,35.9635754,139.6601975
北区,35.9636393,139.6638222
大宮区,35.8980755,139.6622820
大宮区,35.8981101,139.6557259
大宮区,35.8981240,139.6586062
大宮区,35.8982823,139.6567814
大宮区,35.8985267,139.6559230
大宮区,35.8986184,139.6586784
大宮区,35.8988427,139.6834102
大宮区,35.8988545,139.6587312
大宮区,35.8992795,139.6613393
大宮区,35.9001938,139.6889063
大宮区,35.9002049,139.6889063
大宮区,35.9009766,139.6665248
大宮区,35.9013992,139.6887813
大宮区,35.9024792,139.6616344
大宮区,35.9025208,139.6590226
大宮区,35.9025594,139.6596670
大宮区,35.9030269,139.6605285
大宮区,35.9042358,139.6868513
大宮区,35.9045816,139.6867413
大宮区,35.9074217,139.6941673
大宮区,35.9075424,139.6547672
大宮区,35.9079729,139.6539534
大宮区,35.9080345,139.6493992
大宮区,35.9114230,139.6841062
大宮区,35.9118536,139.6564916
大宮区,35.9119308,139.6552503
大宮区,35.9132029,139.6569446
大宮区,35.9141612,139.6574278
大宮区,35.9144306,139.6576411
大宮区,35.9147870,139.6619946
大宮区,35.9159351,139.6074541
大宮区,35.9160378,139.6052125
大宮区,35.9162240,139.6084873
大宮区,35.9163293,139.5975938
大宮区,35.9163360,139.6617162
大宮区,35.9164154,139.5971660
大宮区,35.9164711,139.6068374
大宮区,35.9165127,139.6019490
大宮区,35.9165682,139.5985326
大宮区,35.9166406,139.6094706
大宮区,35.9166684,139.6106594
大宮区,35.9167295,139.6073957
大宮区,35.9167489,139.6078012
大宮区,35.9168265,139.5998130
大宮区,35.9169460,139.6005879
大宮区,35.9169933,139.6059791
大宮区,35.9170543,139.5969382
大宮区,35.9171043,139.5990603
大宮区,35.9171349,139.6057486
大宮区,35.9171987,139.5978131
大宮区,35.9172461,139.6085650
大宮区,35.9172739,139.6105787
大宮区,35.9172769,139.6211640
大宮区,35.9175598,139.5979243
大宮区,35.9176988,139.6063541
大宮区,35.9177598,139.5998518
大宮区,35.9178518,139.6204362
大宮区,35.9179070,139.6011073
大宮区,35.9179208,139.5968355
大宮区,35.9180574,139.6228888
大宮区,35.9180598,139.6022794
大宮区,35.9181337,139.6810609
大宮区,35.9181990,139.6207112
大宮区,35.9182268,139.6237221
大宮区,35.9183108,139.6792661
大宮区,35.9183212,139.6217995
大宮区,35.9183766,139.6113897
大宮区,35.9183987,139.6073623
大宮区,35.9184543,139.6100898
大宮区,35.9184821,139.6096677
大宮区,35.9184819,139.5959688
大宮区,35.9185459,139.6061540
大宮区,35.9185712,139.6249136
大宮区,35.9186599,139.6109869
大宮区,35.9187518,139.6233776
大宮区,35.9187545,139.6234637
大宮区,35.9187601,139.6226833
大宮区,35.9188318,139.5973770
大宮区,35.9188822,139.6211278
大宮区,35.9190346,139.5966798
大宮区,35.9190544,139.6203978
大宮区,35.9191514,139.6052819
大宮区,35.9191792,139.6085177
大宮区,35.9191958,139.6039403
大宮区,35.9192376,139.6099759
大宮区,35.9192876,139.6090955
大宮区,35.9193189,139.6530251
大宮区,35.9193181,139.6104537
大宮区,35.9193656,139.6235082
大宮区,35.9193766,139.6213583
大宮区,35.9194236,139.6073845
大宮区,35.9194859,139.6745566
大宮区,35.9195458,139.6060123
大宮区,35.9195794,139.6233693
大宮区,35.9196598,139.6131979
大宮区,35.9196793,139.6136923
大宮区,35.9197072,139.6243664
大宮区,35.9199572,139.6223137
大宮区,35.9200128,139.6253607
大宮区,35.9200627,139.6247857
大宮区,35.9201650,139.5975436
大宮区,35.9202099,139.6196640
大宮区,35.9202236,139.6085844
大宮区,35.9202349,139.6229498
大宮区,35.9202488,139.6230193
大宮区,35.9203708,139.6113230
大宮区,35.9204039,139.5964631
大宮区,35.9204710,139.6227137
大宮区,35.9205373,139.6041180
大宮区,35.9205708,139.6125562
大宮区,35.9206151,139.6039347
大宮区,35.9206235,139.6060540
大宮区,35.9206346,139.6059846
大宮区,35.9206346,139.6084760
大宮区,35.9206541,139.6093870
大宮区,35.9207066,139.5979685
大宮区,35.9207182,139.6220804
大宮区,35.9207487,139.6197723
大宮区,35.9207957,139.6104203
大宮区,35.9208126,139.6196556
大宮区,35.9208487,139.6205527
大宮区,35.9208816,139.5953770
大宮区,35.9209680,139.6144255
大宮区,35.9209677,139.5960965
大宮区,35.9209737,139.6236803
大宮区,35.9210095,139.6012765
大宮区,35.9212182,139.6241607
大宮区,35.9212651,139.6105619
大宮区,35.9212706,139.6073483
大宮区,35.9213098,139.6248941
大宮区,35.9214371,139.5971297
大宮区,35.9214401,139.6079260
大宮区,35.9214674,139.6624628
大宮区,35.9215177,139.5977824
大宮区,35.9215483,139.6024403
大宮区,35.9215626,139.6254162
大宮区,35.9215955,139.6034430
大宮区,35.9216873,139.6064178
大宮区,35.9217431,139.6218171
大宮区,35.9217845,139.6109452
大宮区,35.9219152,139.6161809
大宮区,35.9219179,139.6123256
大宮区,35.9219542,139.6231414
大宮区,35.9219899,139.5986656
大宮区,35.9220123,139.6112924
大宮区,35.9220177,139.6050846
大宮区,35.9220843,139.5966825
大宮区,35.9220899,139.6020653
大宮区,35.9220956,139.6102591
大宮区,35.9220983,139.6031763
大宮区,35.9221428,139.6085232
大宮区,35.9221456,139.6123840
大宮区,35.9222042,139.6274466
大宮区,35.9222103,139.6586506
大宮区,35.9222208,139.6236302
大宮区,35.9222429,139.6163030
大宮区,35.9223014,139.6225831
大宮区,35.9223233,139.6040846
大宮区,35.9223316,139.6040069
大宮区,35.9223429,139.6151059
大宮区,35.9223539,139.6065816
大宮区,35.9223593,139.5999961
大宮区,35.9223676,139.5967658
大宮区,35.9223705,139.6079982
大宮区,35.9223707,139.6196445
大宮区,35.9223928,139.6125033
大宮区,35.9223982,139.6031652
大宮区,35.9224596,139.6191473
大宮区,35.9224759,139.5972685
大宮区,35.9225236,139.6257939
大宮区,35.9225595,139.6157087
大宮区,35.9225844,139.6085759
大宮区,35.9226290,139.6191473
大宮区,35.9226347,139.6280770
大宮区,35.9226568,139.6201749
大宮区,35.9227179,139.6200833
大宮区,35.9227930,139.6249718
大宮区,35.9229093,139.6032791
大宮区,35.9229624,139.6212887
大宮区,35.9229953,139.5969213
大宮区,35.9230064,139.5971296
大宮区,35.9230153,139.6295325
大宮区,35.9230375,139.6290797
大宮区,35.9230400,139.6146476
大宮区,35.9230706,139.6143004
大宮区,35.9232152,139.6229496
大宮区,35.9233401,139.6188084
大宮区,35.9233844,139.6153281
大宮区,35.9233841,139.5970963
大宮区,35.9234036,139.5992600
大宮区,35.9234235,139.6254800
大宮区,35.9234370,139.6053484
大宮区,35.9234369,139.5983434
大宮区,35.9234429,139.6222553
大宮区,35.9234481,139.6021598
大宮区,35.9234624,139.6272410
大宮区,35.9234623,139.6223053
大宮区,35.9234842,139.6011959
大宮区,35.9234925,139.6020653
大宮区,35.9235204,139.6085175
大宮区,35.9235703,139.6043179
大宮区,35.9235953,139.6042957
大宮区,35.9236291,139.6306907
大宮区,35.9237009,139.6075315
大宮区,35.9237430,139.6282381
大宮区,35.9238234,139.6219303
大宮区,35.9238482,139.6083564
大宮区,35.9238707,139.6276631
大宮区,35.9238816,139.6152530
大宮区,35.9238961,139.6478475
大宮区,35.9239813,139.5975184
大宮区,35.9240373,139.6209359
大宮区,35.9240397,139.6016292
大宮区,35.9240619,139.5982545
大宮区,35.9240845,139.6238134
大宮区,35.9241064,139.6028791
大宮区,35.9241097,139.6320655
大宮区,35.9241786,139.6042400
大宮区,35.9242261,139.6219136
大宮区,35.9242289,139.6197444
大宮区,35.9242343,139.6123283
大宮区,35.9242592,139.6058760
大宮区,35.9242898,139.6105812
大宮区,35.9243954,139.6115505
大宮区,35.9244262,139.6258466
大宮区,35.9244428,139.6225563
大宮区,35.9244735,139.6304574
大宮区,35.9244735,139.6286769
大宮区,35.9244876,139.6438645
大宮区,35.9245290,139.6287047
大宮区,35.9245424,139.5991544
大宮区,35.9245454,139.6155669
大宮区,35.9245650,139.6242579
大宮区,35.9245760,139.6146170
大宮区,35.9246675,139.6081703
大宮区,35.9247490,139.6612964
大宮区,35.9247784,139.5974378
大宮区,35.9248009,139.6126310
大宮区,35.9248119,139.6055538
大宮区,35.9248159,139.5980166
大宮区,35.9248345,139.6293379
大宮区,35.9248618,139.6020402
大宮区,35.9249096,139.6312684
大宮区,35.9249121,139.6193194
大宮区,35.9249368,139.6016208
大宮区,35.9250009,139.6147586
大宮区,35.9250262,139.6330654
大宮区,35.9250706,139.6301657
大宮区,35.9250952,139.6070009
大宮区,35.9250984,139.6297435
大宮区,35.9251068,139.6336626
大宮区,35.9251234,139.6273020
大宮区,35.9251818,139.6325572
大宮区,35.9251900,139.6247522
大宮区,35.9252677,139.6233218
大宮区,35.9252703,139.6135920
大宮区,35.9252739,139.6569662
大宮区,35.9252957,139.6345153
大宮区,35.9252983,139.6275131
大宮区,35.9253165,139.6624136
大宮区,35.9253845,139.6318044
大宮区,35.9254066,139.6256966
大宮区,35.9254758,139.6084063
大宮区,35.9254758,139.6084618
大宮区,35.9254872,139.6277825
大宮区,35.9255035,139.6061315
大宮区,35.9255316,139.6221941
大宮区,35.9255377,139.6548664
大宮区,35.9255982,139.6205275
大宮区,35.9256095,139.6311544
大宮区,35.9256313,139.6095423
大宮区,35.9256539,139.6282436
大宮区,35.9256622,139.6257960
大宮区,35.9256705,139.6266887
大宮区,35.9257065,139.6197748
大宮区,35.9258453,139.6146530
大宮区,35.9259014,139.6472420
大宮区,35.9259149,139.6238217
大宮区,35.9259204,139.6202608
大宮区,35.9259427,139.6242105
大宮区,35.9259511,139.6306600
大宮区,35.9259731,139.6154418
大宮区,35.9259812,139.6033122
大宮区,35.9259924,139.6095145
大宮区,35.9260251,139.6550429
大宮区,35.9261380,139.6751425
大宮区,35.9261650,139.6292824
大宮区,35.9262174,139.6130337
大宮区,35.9262371,139.6230162
大宮区,35.9262454,139.6230356
大宮区,35.9262510,139.6278464
大宮区,35.9262733,139.6327571
大宮区,35.9263033,139.6019318
大宮区,35.9263176,139.6252743
大宮区,35.9263203,139.6212135
大宮区,35.9263314,139.6157251
大宮区,35.9264202,139.6133392
大宮区,35.9264315,139.6265826
大宮区,35.9264510,139.6264131
大宮区,35.9265230,139.6141919
大宮区,35.9265537,139.6218746
大宮区,35.9265618,139.6111616
大宮区,35.9266092,139.6227579
大宮区,35.9266453,139.6214496
大宮区,35.9267061,139.6048760
大宮区,35.9267234,139.6379038
大宮区,35.9267289,139.6379121
大宮区,35.9267983,139.6319460
大宮区,35.9268481,139.6251188
大宮区,35.9269896,139.6150362
大宮区,35.9269923,139.6084507
大宮区,35.9270202,139.6150029
大宮区,35.9270227,139.6019762
大宮区,35.9270703,139.6238244
大宮区,35.9270729,139.6148890
大宮区,35.9271077,139.6160306
大宮区,35.9271792,139.6549024
大宮区,35.9272037,139.6275214
大宮区,35.9272368,139.6128003
大宮区,35.9272393,139.6009041
大宮区,35.9272423,139.6103311
大宮区,35.9272509,139.6288435
大宮区,35.9272510,139.6345458
大宮区,35.9272671,139.5996375
大宮区,35.9272843,139.6326486
大宮区,35.9272841,139.6203886
大宮区,35.9272977,139.6031817
大宮区,35.9273009,139.6278157
大宮区,35.9273439,139.6251099
大宮区,35.9274066,139.6348735
大宮区,35.9274338,139.6056454
大宮区,35.9274979,139.6139447
大宮区,35.9275285,139.6203803
大宮区,35.9275868,139.6147529
大宮区,35.9275866,139.6063342
大宮区,35.9277871,139.6354207
大宮区,35.9278536,139.6285213
大宮区,35.9278587,139.5996875
大宮区,35.9278787,139.6294378
大宮区,35.9278982,139.6369789
大宮区,35.9278979,139.6172333
大宮区,35.9279116,139.6065842
大宮区,35.9279143,139.6010540
大宮区,35.9279203,139.6258520
大宮区,35.9279592,139.6318737
大宮区,35.9279782,139.6029011
大宮区,35.9280152,139.6546691
大宮区,35.9280255,139.6085673
大宮区,35.9280870,139.6309821
大宮区,35.9280980,139.6271214
大宮区,35.9281395,139.6171583
大宮区,35.9281777,139.6425026
大宮区,35.9281951,139.6186748
大宮区,35.9282481,139.6336458
大宮区,35.9283728,139.6125087
大宮区,35.9283951,139.6210635
大宮区,35.9284172,139.6135113
大宮区,35.9284423,139.6192997
大宮区,35.9285118,139.6252909
大宮区,35.9285202,139.6274713
大宮区,35.9285781,139.6001430
大宮区,35.9286059,139.6053093
大宮区,35.9286253,139.6036399
大宮区,35.9286287,139.6357178
大宮区,35.9286536,139.6291517
大宮区,35.9286979,139.6215745
大宮区,35.9287392,139.6019067
大宮区,35.9287506,139.6179526
大宮区,35.9287615,139.6070396
大宮区,35.9287648,139.6362928
大宮区,35.9287670,139.6065396
大宮区,35.9287948,139.6062203
大宮区,35.9288008,139.6282212
大宮区,35.9288255,139.6141724
大宮区,35.9288703,139.6348457
大宮区,35.9289425,139.6326459
大宮区,35.9289980,139.6296822
大宮区,35.9290234,139.6540579
大宮区,35.9290370,139.6364011
大宮区,35.9290674,139.6264936
大宮区,35.9291200,139.6178109
大宮区,35.9291369,139.6314071
大宮区,35.9292837,139.6070674
大宮区,35.9293002,139.6013262
大宮区,35.9293338,139.6169860
大宮区,35.9294561,139.6197552
大宮区,35.9294643,139.6122919
大宮区,35.9294813,139.6316903
大宮区,35.9294946,139.5995708
大宮区,35.9295342,139.6370760
大宮区,35.9295647,139.6352789
大宮区,35.9295757,139.6279878
大宮区,35.9296036,139.6346234
大宮区,35.9296226,139.6129475
大宮区,35.9296562,139.6294794
大宮区,35.9296730,139.6360956
大宮区,35.9297060,139.6172971
大宮区,35.9297116,139.6197635
大宮区,35.9297146,139.6297794
大宮区,35.9297307,139.6792392
大宮区,35.9297311,139.6202635
大宮区,35.9297424,139.6303321
大宮区,35.9297641,139.6050897
大宮区,35.9297729,139.6300183
大宮区,35.9297991,139.6198291
大宮区,35.9298339,139.6228410
大宮区,35.9299503,139.6067341
大宮区,35.9299669,139.6045537
大宮区,35.9300335,139.6005012
大宮区,35.9300895,139.6273046
大宮区,35.9301032,139.6190913
大宮区,35.9301252,139.6014206
大宮区,35.9302063,139.6381954
大宮区,35.9302895,139.6290572
大宮区,35.9303629,139.6517008
大宮区,35.9303868,139.6320958
大宮区,35.9303924,139.6352817
大宮区,35.9304478,139.6263796
大宮区,35.9305394,139.6247576
大宮区,35.9306141,139.6056368
大宮区,35.9306645,139.6309181
大宮区,35.9306922,139.6275628
大宮区,35.9306976,139.6193524
大宮区,35.9307029,139.6015872
大宮区,35.9307089,139.6286905
大宮区,35.9307173,139.6346261
大宮区,35.9307256,139.6331095
大宮区,35.9307445,139.6018260
大宮区,35.9307479,139.6360816
大宮区,35.9307530,139.6110170
大宮区,35.9308945,139.5999679
大宮区,35.9308945,139.5999457
大宮区,35.9309020,139.6337784
大宮区,35.9309922,139.6302210
大宮区,35.9310381,139.6338084
大宮区,35.9311505,139.6262101
大宮区,35.9312003,139.6194330
大宮区,35.9312028,139.6015594
大宮区,35.9312502,139.6120725
大宮区,35.9314556,139.6042092
大宮区,35.9314612,139.6041953
大宮区,35.9314641,139.6131918
大宮区,35.9314784,139.6371842
大宮区,35.9314977,139.6268962
大宮区,35.9315268,139.6272884
大宮区,35.9315505,139.6305959
大宮区,35.9315586,139.6181442
大宮区,35.9315656,139.6210105
大宮区,35.9315670,139.6226216
大宮区,35.9315930,139.6800306
大宮区,35.9317672,139.6318180
大宮区,35.9317749,139.6603492
大宮区,35.9320297,139.6336500
大宮区,35.9320442,139.6248358
大宮区,35.9320638,139.6016177
大宮区,35.9320640,139.6131195
大宮区,35.9320944,139.6022177
大宮区,35.9321200,139.6347039
大宮区,35.9321449,139.6338650
大宮区,35.9321725,139.6228798
大宮区,35.9321725,139.6202495
大宮区,35.9322144,139.6362204
大宮区,35.9322921,139.6299959
大宮区,35.9323115,139.6290515
大宮区,35.9323866,139.6354399
大宮区,35.9324002,139.6180774
大宮区,35.9324197,139.6212244
大宮区,35.9324670,139.6256129
大宮区,35.9324698,139.6268850
大宮区,35.9324726,139.6316763
大宮区,35.9324724,139.6184274
大宮区,35.9325111,139.6044008
大宮区,35.9325363,139.6173220
大宮区,35.9325361,139.6053980
大宮区,35.9325448,139.6299403
大宮区,35.9325807,139.6154609
大宮区,35.9326504,139.6285932
大宮区,35.9326585,139.6185219
大宮区,35.9327211,139.6245908
大宮区,35.9327893,139.6316735
大宮区,35.9328361,139.6072783
大宮区,35.9328587,139.6310041
大宮区,35.9329170,139.6290515
大宮区,35.9329443,139.6012316
大宮区,35.9330332,139.6029508
大宮区,35.9330837,139.6318845
大宮区,35.9330948,139.6294625
大宮区,35.9331558,139.6238491
大宮区,35.9332030,139.6242241
大宮区,35.9332890,139.6199217
大宮区,35.9332921,139.6370758
大宮区,35.9332976,139.6326457
大宮区,35.9333336,139.6264600
大宮区,35.9333418,139.6194190
大宮区,35.9333529,139.6172746
大宮区,35.9333587,139.6340760
大宮区,35.9333640,139.6170886
大宮区,35.9334030,139.6283043
大宮区,35.9334206,139.6769753
大宮区,35.9334363,139.6223881
大宮区,35.9335917,139.6175524
大宮区,35.9335972,139.6149221
大宮区,35.9336946,139.6235908
大宮区,35.9337168,139.6204217
大宮区,35.9337266,139.6758071
大宮区,35.9337722,139.6156943
大宮区,35.9338230,139.6628208
大宮区,35.9338342,139.6628569
大宮区,35.9338669,139.6288098
大宮区,35.9338831,139.6006510
大宮区,35.9340279,139.6217687
大宮区,35.9340359,139.6041980
大宮区,35.9340470,139.6048395
大宮区,35.9340862,139.6225937
大宮区,35.9341000,139.6198328
大宮区,35.9341112,139.6248463
大宮区,35.9341142,139.6338593
大宮区,35.9341947,139.6311430
大宮区,35.9341972,139.6154109
大宮区,35.9342170,139.6708897
大宮区,35.9342198,139.6364591
大宮区,35.9342638,139.6154693
大宮区,35.9342832,139.6118529
大宮区,35.9342892,139.6352842
大宮区,35.9343641,139.6285265
大宮区,35.9344167,139.6230075
大宮区,35.9344248,139.6071865
大宮区,35.9344509,139.6714535
大宮区,35.9344526,139.6089003
大宮区,35.9345221,139.6138305
大宮区,35.9345947,139.6323817
大宮区,35.9346212,139.6718496
大宮区,35.9346308,139.6371340
大宮区,35.9346333,139.6191633
大宮区,35.9346417,139.6216326
大宮区,35.9347419,139.6351481
大宮区,35.9347499,139.6138833
大宮区,35.9347732,139.6599696
大宮区,35.9348110,139.6159664
大宮区,35.9348196,139.6302874
大宮区,35.9348301,139.5986400
大宮区,35.9348443,139.6124000
大宮区,35.9348471,139.6123611
大宮区,35.9349109,139.6123056
大宮区,35.9349195,139.6245657
大宮区,35.9349223,139.6288486
大宮区,35.9349334,139.6253795
大宮区,35.9349364,139.6372035
大宮区,35.9349489,139.6711912
大宮区,35.9349640,139.6278126
大宮区,35.9349724,139.6356369
大宮区,35.9349759,139.6711979
大宮区,35.9350081,139.6068671
大宮区,35.9351030,139.6341593
大宮区,35.9351111,139.6218465
大宮区,35.9351335,139.6314207
大宮区,35.9352031,139.6718795
大宮区,35.9352277,139.6202966
大宮区,35.9352275,139.6073949
大宮区,35.9352442,139.6131110
大宮区,35.9352555,139.6196550
大宮区,35.9352779,139.6287681
大宮区,35.9352982,139.6786306
大宮区,35.9353135,139.6036674
大宮区,35.9353384,139.5995038
大宮区,35.9353499,139.6174412
大宮区,35.9353668,139.6349842
大宮区,35.9353930,139.6211798
大宮区,35.9354553,139.6121334
大宮区,35.9355168,139.6324844
大宮区,35.9355841,139.6699480
大宮区,35.9355833,139.6242879
大宮区,35.9356778,139.6305679
大宮区,35.9357279,139.6345648
大宮区,35.9357581,139.6151720
大宮区,35.9357804,139.6187994
大宮区,35.9357832,139.6171940
大宮区,35.9358057,139.6370646
大宮区,35.9358418,139.6330982
大宮区,35.9358439,139.5981734
大宮区,35.9358523,139.6018036
大宮区,35.9359029,139.6331955
大宮区,35.9359274,139.6069865
大宮区,35.9359717,139.6007565
大宮区,35.9359914,139.6136915
大宮区,35.9360585,139.6360730
大宮区,35.9361888,139.6236046
大宮区,35.9361884,139.6008954
大宮区,35.9362008,139.6737698
大宮区,35.9362028,139.6338204
大宮区,35.9362194,139.6296319
大宮区,35.9362556,139.6320844
大宮区,35.9363050,139.6007620
大宮区,35.9363801,139.6081198
大宮区,35.9363858,139.6159080
大宮区,35.9363887,139.6218297
大宮区,35.9364079,139.6075114
大宮区,35.9364414,139.6179328
大宮区,35.9364691,139.6125027
大宮区,35.9365556,139.6339981
大宮区,35.9365970,139.6196493
大宮区,35.9366023,139.6078587
大宮区,35.9366333,139.6327843
大宮区,35.9366497,139.6178078
大宮区,35.9367166,139.6268987
大宮区,35.9367469,139.6141386
大宮区,35.9367494,139.5992038
大宮区,35.9367889,139.6353091
大宮区,35.9367968,139.6109528
大宮区,35.9368363,139.6464221
大宮区,35.9368496,139.6090308
大宮区,35.9368590,139.6696618
大宮区,35.9369055,139.6310067
大宮区,35.9369056,139.6368257
大宮区,35.9369106,139.6028618
大宮区,35.9369219,139.6151497
大宮区,35.9369278,139.6517922
大宮区,35.9370138,139.6293430
大宮区,35.9371804,139.6281847
大宮区,35.9372263,139.6631007
大宮区,35.9372414,139.6208270
大宮区,35.9373580,139.6177383
大宮区,35.9373888,139.6317872
大宮区,35.9374194,139.6336148
大宮区,35.9374444,139.6359229
大宮区,35.9374441,139.6193299
大宮区,35.9375606,139.6076309
大宮区,35.9375721,139.6326205
大宮区,35.9376554,139.6279820
大宮区,35.9376744,139.6031840
大宮区,35.9376971,139.6345286
大宮区,35.9377080,139.6214908
大宮区,35.9377744,139.6034145
大宮区,35.9377772,139.6091085
大宮区,35.9377857,139.6655149
大宮区,35.9378080,139.6238045
大宮区,35.9378359,139.6291845
大宮区,35.9378690,139.6167162
大宮区,35.9378717,139.6125248
大宮区,35.9378882,139.6001426
大宮区,35.9379217,139.6101528
大宮区,35.9379302,139.6224213
大宮区,35.9379470,139.6278292
大宮区,35.9379552,139.6206381
大宮区,35.9379607,139.6158968
大宮区,35.9379749,139.6357257
大宮区,35.9379860,139.6365089
大宮区,35.9381217,139.6120916
大宮区,35.9382282,139.6499048
大宮区,35.9382468,139.6483141
大宮区,35.9382635,139.6196853
大宮区,35.9382748,139.6340230
大宮区,35.9382894,139.6696674
大宮区,35.9383770,139.6013924
大宮区,35.9384386,139.6592598
大宮区,35.9384800,139.6111499
大宮区,35.9385123,139.6620557
大宮区,35.9385492,139.5992482
大宮区,35.9385689,139.6127109
大宮区,35.9385854,139.6051060
大宮区,35.9385858,139.6258210
大宮区,35.9386553,139.6290957
大宮区,35.9386634,139.6198965
大宮区,35.9386631,139.6007675
大宮区,35.9386803,139.6638905
大宮区,35.9387855,139.6091335
大宮区,35.9388047,139.5997093
大宮区,35.9388358,139.6271709
大宮区,35.9388882,139.6082362
大宮区,35.9389189,139.6160190
大宮区,35.9389381,139.6010202
大宮区,35.9389688,139.6119887
大宮区,35.9390076,139.6061114
大宮区,35.9390327,139.6120054
大宮区,35.9390520,139.6049893
大宮区,35.9390690,139.6218574
大宮区,35.9390856,139.6203130
大宮区,35.9390998,139.6348813
大宮区,35.9391855,139.6106722
大宮区,35.9392020,139.6053171
大宮区,35.9392187,139.6053477
大宮区,35.9392637,139.6367701
大宮区,35.9392636,139.6340764
大宮区,35.9392760,139.6595493
大宮区,35.9393066,139.6629773
大宮区,35.9393438,139.6130970
大宮区,35.9393826,139.6071891
大宮区,35.9393995,139.6529003
大宮区,35.9395049,139.6148024
大宮区,35.9395466,139.6122582
大宮区,35.9396546,139.5991120
大宮区,35.9396981,139.6523614
大宮区,35.9397384,139.6222406
大宮区,35.9397576,139.6085946
大宮区,35.9397580,139.6314621
大宮区,35.9397575,139.6036033
大宮区,35.9397634,139.6248293
大宮区,35.9397743,139.6117971
大宮区,35.9397769,139.6036089
大宮区,35.9398186,139.6042365
大宮区,35.9398716,139.6167161
大宮区,35.9399940,139.6252015
大宮区,35.9399964,139.6087111
大宮区,35.9400742,139.6059642
大宮区,35.9401021,139.6138357
大宮区,35.9401548,139.6132275
大宮区,35.9401662,139.6263459
大宮区,35.9401657,139.6005230
大宮区,35.9401689,139.6211768
大宮区,35.9401995,139.6272902
大宮区,35.9404326,139.6166772
大宮区,35.9404356,139.6290511
大宮区,35.9404824,139.6054670
大宮区,35.9405047,139.6101249
大宮区,35.9405270,139.6111443
大宮区,35.9405522,139.6254014
大宮区,35.9405772,139.6222156
大宮区,35.9406326,139.6146718
大宮区,35.9406743,139.6190826
大宮区,35.9408214,139.6116582
大宮区,35.9408741,139.6084611
大宮区,35.9408825,139.6084500
大宮区,35.9409773,139.6332203
大宮区,35.9409967,139.6312231
大宮区,35.9410021,139.6201879
大宮区,35.9410352,139.6102110
大宮区,35.9410384,139.6311454
大宮区,35.9410436,139.6102249
大宮区,35.9410521,139.6225434
大宮区,35.9410825,139.6133635
大宮区,35.9411409,139.6186576
大宮区,35.9411576,139.6171660
大宮区,35.9411798,139.6153105
大宮区,35.9412157,139.6038365
大宮区,35.9412269,139.6128357
大宮区,35.9412351,139.6038421
大宮区,35.9412548,139.6171243
大宮区,35.9412963,139.6070335
大宮区,35.9414045,139.6026478
大宮区,35.9414073,139.6050587
大宮区,35.9414101,139.6020894
大宮区,35.9414212,139.6021616
大宮区,35.9414741,139.6109943
大宮区,35.9415923,139.6521937
大宮区,35.9416186,139.6132746
大宮区,35.9416824,139.6120386
大宮区,35.9417379,139.6089499
大宮区,35.9417713,139.6101526
大宮区,35.9418378,139.6049198
大宮区,35.9418686,139.6141106
大宮区,35.9419270,139.6190741
大宮区,35.9419379,139.6093360
大宮区,35.9419546,139.6080973
大宮区,35.9420434,139.6069557
大宮区,35.9420743,139.6255931
大宮区,35.9420825,139.6206824
大宮区,35.9421908,139.6165743
大宮区,35.9423047,139.6164160
大宮区,35.9423072,139.6045364
大宮区,35.9423244,139.6320703
大宮区,35.9423684,139.6060669
大宮区,35.9423991,139.6149272
大宮区,35.9424017,139.6045726
大宮区,35.9424241,139.6156467
大宮区,35.9424271,139.6273068
大宮区,35.9426492,139.6264819
大宮区,35.9426991,139.6158243
大宮区,35.9427295,139.6114053
大宮区,35.9427674,139.6327407
大宮区,35.9427739,139.6056725
大宮区,35.9427795,139.6091055
大宮区,35.9427933,139.6050475
大宮区,35.9428076,139.6311898
大宮区,35.9428101,139.6125719
大宮区,35.9428322,139.6055891
大宮区,35.9428741,139.6199768
大宮区,35.9429045,139.6085499
大宮区,35.9429323,139.6117053
大宮区,35.9429573,139.6116858
大宮区,35.9429602,139.6166243
大宮区,35.9429766,139.6043198
大宮区,35.9430127,139.6028060
大宮区,35.9430238,139.6028310
大宮区,35.9430685,139.6513045
大宮区,35.9430799,139.6801490
大宮区,35.9430905,139.6041503
大宮区,35.9430937,139.6275011
大宮区,35.9431426,139.6495046
大宮区,35.9432294,139.6521144
大宮区,35.9432821,139.6019561
大宮区,35.9434991,139.6207045
大宮区,35.9435017,139.6143467
大宮区,35.9435600,139.6120330
大宮区,35.9436185,139.6209128
大宮区,35.9436297,139.6294205
大宮区,35.9436574,139.6247930
大宮区,35.9437265,139.6023088
大宮区,35.9438989,139.6154799
大宮区,35.9439404,139.6038087
大宮区,35.9439630,139.6280483
大宮区,35.9440073,139.6214377
大宮区,35.9440879,139.6214683
大宮区,35.9442128,139.6156854
大宮区,35.9443324,139.6262234
大宮区,35.9444352,139.6263373
大宮区,35.9445241,139.6293926
大宮区,35.9445321,139.6090832
大宮区,35.9445599,139.6146382
大宮区,35.9446878,139.6202212
大宮区,35.9447414,139.6523826
大宮区,35.9447601,139.6219071
大宮区,35.9447821,139.6126495
大宮区,35.9448490,139.6229875
大宮区,35.9448904,139.6112052
大宮区,35.9449073,139.6244069
大宮区,35.9449348,139.6058390
大宮区,35.9449375,139.6039836
大宮区,35.9449431,139.6058557
大宮区,35.9449822,139.6179075
大宮区,35.9450098,139.6067889
大宮区,35.9450125,139.6019782
大宮区,35.9450987,139.6072638
大宮区,35.9452319,139.6011643
大宮区,35.9452652,139.6031253
大宮区,35.9452874,139.6031059
大宮区,35.9453323,139.6284260
大宮区,35.9453347,139.6051307
大宮区,35.9453460,139.6164242
大宮区,35.9453599,139.6144966
大宮区,35.9455320,139.6100192
大宮区,35.9456652,139.6042197
大宮区,35.9457048,139.6624287
大宮区,35.9457209,139.6117968
大宮区,35.9458293,139.6178879
大宮区,35.9458430,139.6091081
大宮区,35.9458709,139.6147188
大宮区,35.9458711,139.6264067
大宮区,35.9458744,139.6526572
大宮区,35.9459709,139.6162408
大宮区,35.9460598,139.6145854
大宮区,35.9460820,139.6115940
大宮区,35.9460985,139.6052390
大宮区,35.9463126,139.6200849
大宮区,35.9463840,139.6509193
大宮区,35.9464655,139.6276288
大宮区,35.9464909,139.6498669
大宮区,35.9465681,139.6161269
大宮区,35.9466095,139.6037225
大宮区,35.9466237,139.6180129
大宮区,35.9466403,139.6159464
大宮区,35.9469458,139.6152437
大宮区,35.9470071,139.6259011
大宮区,35.9470401,139.6070555
大宮区,35.9470486,139.6170157
大宮区,35.9470626,139.6234263
大宮区,35.9470790,139.6094386
大宮区,35.9471321,139.6269899
大宮区,35.9471816,139.5980895
大宮区,35.9471900,139.5994755
大宮区,35.9472150,139.6009199
大宮区,35.9472205,139.6009032
大宮区,35.9472903,139.6213321
大宮区,35.9473318,139.6107301
大宮区,35.9473375,139.6207737
大宮区,35.9474094,139.6006199
大宮区,35.9474679,139.6088414
大宮区,35.9474681,139.6221236
大宮区,35.9475455,139.6032391
大宮区,35.9476568,139.6110134
大宮区,35.9477403,139.6208237
大宮区,35.9477788,139.6016892
大宮区,35.9477931,139.6235958
大宮区,35.9478982,139.5984144
大宮区,35.9478983,139.6062138
大宮区,35.9479652,139.6195794
大宮区,35.9480207,139.6139881
大宮区,35.9480374,139.6176073
大宮区,35.9481346,139.6161991
大宮区,35.9483093,139.5997727
大宮区,35.9483121,139.5997699
大宮区,35.9483178,139.6092469
大宮区,35.9483399,139.6009698
大宮区,35.9484232,139.5998032
大宮区,35.9485315,139.6034362
大宮区,35.9485454,139.6012837
大宮区,35.9485679,139.6176323
大宮区,35.9486175,139.5976645
大宮区,35.9486398,139.6011809
大宮区,35.9486545,139.6447301
大宮区,35.9486791,139.6246344
大宮区,35.9487597,139.6276620
大宮区,35.9487846,139.6185072
大宮区,35.9488403,139.6279314
大宮区,35.9488566,139.6078164
大宮区,35.9489165,139.6212392
大宮区,35.9489319,139.6261205
大宮区,35.9489649,139.6053916
大宮区,35.9489791,139.6261038
大宮区,35.9489819,139.6261093
大宮区,35.9490542,139.6286369
大宮区,35.9491067,139.6182488
大宮区,35.9493897,139.6007476
大宮区,35.9494537,139.6076136
大宮区,35.9494814,139.5996754
大宮区,35.9494815,139.6075831
大宮区,35.9494928,139.6186016
大宮区,35.9497230,139.5976561
大宮区,35.9497985,139.6255482
大宮区,35.9498373,139.6198404
大宮区,35.9498537,139.6077108
大宮区,35.9498759,139.6056943
大宮区,35.9499259,139.6046110
大宮区,35.9499512,139.6214208
大宮区,35.9499676,139.6069442
大宮区,35.9499900,139.6175712
大宮区,35.9500204,139.6103190
大宮区,35.9501352,139.6659893
大宮区,35.9502400,139.6192654
大宮区,35.9503344,139.6204486
大宮区,35.9504455,139.6161296
大宮区,35.9504731,139.6073581
大宮区,35.9505007,139.5969144
大宮区,35.9505564,139.6064082
大宮区,35.9506202,139.6000837
大宮区,35.9506759,139.6114993
大宮区,35.9507117,139.5954396
大宮区,35.9508343,139.6172405
大宮区,35.9508425,139.6077274
大宮区,35.9508704,139.6158518
大宮区,35.9509118,139.6011780
大宮区,35.9510701,139.6014279
大宮区,35.9510785,139.6058637
大宮区,35.9511510,139.6188876
大宮区,35.9512506,139.5958923
大宮区,35.9513285,139.6068942
大宮区,35.9514450,139.5981949
大宮区,35.9515507,139.6052887
大宮区,35.9515619,139.6091134
大宮区,35.9515958,139.6284465
大宮区,35.9517509,139.6148101
大宮区,35.9517561,139.5969644
大宮区,35.9517814,139.6153463
大宮区,35.9517894,139.5969478
大宮区,35.9517953,139.6127520
大宮区,35.9518064,139.6142379
大宮区,35.9518203,139.6173627
大宮区,35.9518592,139.6166988
大宮区,35.9519175,139.6157156
大宮区,35.9519287,139.6182987
大宮区,35.9520119,139.6155045
大宮区,35.9521395,139.6036277
大宮区,35.9521427,139.6276063
大宮区,35.9522451,139.6067580
大宮区,35.9522921,139.5967450
大宮区,35.9523366,139.5983587
大宮区,35.9523367,139.6039972
大宮区,35.9523425,139.6159739
大宮区,35.9523422,139.6009612
大宮区,35.9523783,139.6007807
大宮区,35.9524951,139.6058720
大宮区,35.9525227,139.5974588
大宮区,35.9525981,139.6224594
大宮区,35.9526202,139.6167961
大宮区,35.9526701,139.6088884
大宮区,35.9526811,139.6058358
大宮区,35.9526896,139.6105382
大宮区,35.9527479,139.6105854
大宮区,35.9529035,139.6136518
大宮区,35.9529035,139.6156517
大宮区,35.9529479,139.6141129
大宮区,35.9530452,139.6173432
大宮区,35.9530563,139.6142107
大宮区,35.9531115,139.5958061
大宮区,35.9531533,139.6060858
大宮区,35.9531948,139.5968143
大宮区,35.9531978,139.6071580
大宮区,35.9532615,139.5967449
大宮区,35.9532813,139.6163016
大宮区,35.9533702,139.6170098
大宮区,35.9534840,139.6145267
大宮区,35.9536840,139.6188792
大宮区,35.9538306,139.6319553
大宮区,35.9539225,139.5941590
大宮区,35.9539406,139.6762661
大宮区,35.9539923,139.6147867
大宮区,35.9542117,139.6159544
大宮区,35.9542785,139.6211512
大宮区,35.9543532,139.6064746
大宮区,35.9546311,139.6123547
大宮区,35.9546450,139.6146350
大宮区,35.9546447,139.6000418
大宮区,35.9546669,139.6000668
大宮区,35.9547005,139.6101382
大宮区,35.9547224,139.6555103
大宮区,35.9548968,139.6555208
大宮区,35.9549085,139.5931702
大宮区,35.9550617,139.6180792
大宮区,35.9552200,139.6191819
大宮区,35.9552672,139.6196401
大宮区,35.9553005,139.6192208
大宮区,35.9553002,139.5967698
大宮区,35.9553062,139.6550239
大宮区,35.9554780,139.6011528
大宮区,35.9555061,139.6210511
大宮区,35.9556501,139.5934895
大宮区,35.9558464,139.6543272
大宮区,35.9559538,139.6509819
大宮区,35.9560809,139.6126407
大宮区,35.9561670,139.6105048
大宮区,35.9562338,139.6188763
大宮区,35.9562366,139.6188930
大宮区,35.9562667,139.5981613
大宮区,35.9562890,139.6011999
大宮区,35.9562948,139.6169875
大宮区,35.9563557,139.6049913
大宮区,35.9564890,139.5997945
大宮区,35.9565085,139.6034247
大宮区,35.9566296,139.6535323
大宮区,35.9566722,139.5938366
大宮区,35.9567519,139.6573719
大宮区,35.9567893,139.6209733
大宮区,35.9567972,139.5956254
大宮区,35.9568420,139.6180041
大宮区,35.9569139,139.5962364
大宮区,35.9569416,139.5962781
大宮区,35.9570619,139.6739705
大宮区,35.9570669,139.6111186
大宮区,35.9570999,139.5929840
大宮区,35.9572685,139.6582351
大宮区,35.9572697,139.6166931
大宮区,35.9573389,139.6041191
大宮区,35.9574351,139.6573586
大宮区,35.9574419,139.6167264
大宮区,35.9575559,139.6213816
大宮区,35.9575725,139.6166181
大宮区,35.9576489,139.6523723
大宮区,35.9577940,139.6560920
大宮区,35.9578335,139.6131073
大宮区,35.9578615,139.6570569
大宮区,35.9578934,139.6564837
大宮区,35.9579971,139.5985557
大宮区,35.9580528,139.6090020
大宮区,35.9580613,139.6162486
大宮区,35.9580834,139.6103047
大宮区,35.9581030,139.6162153
大宮区,35.9581939,139.6539605
大宮区,35.9581970,139.5907230
大宮区,35.9582184,139.6590017
大宮区,35.9582387,139.5980196
大宮区,35.9583586,139.6555153
大宮区,35.9584306,139.6070771
大宮区,35.9584434,139.6559137
大宮区,35.9587239,139.6577735
大宮区,35.9587364,139.6584051
大宮区,35.9588072,139.6545154
大宮区,35.9590083,139.6108657
大宮区,35.9590445,139.6117600
大宮区,35.9590470,139.6008582
大宮区,35.9591169,139.6554337
大宮区,35.9591362,139.6182068
大宮区,35.9591609,139.6008526
大宮区,35.9591944,139.6081159
大宮区,35.9591945,139.6153875
大宮区,35.9592466,139.6552728
大宮区,35.9592722,139.6136349
大宮区,35.9592834,139.6187206
大宮区,35.9592890,139.6203427
大宮区,35.9593140,139.6172540
大宮区,35.9593305,139.6086465
大宮区,35.9593416,139.6086187
大宮区,35.9593973,139.6188594
大宮区,35.9594335,139.6575868
大宮区,35.9594999,139.6582025
大宮区,35.9595440,139.5894175
大宮区,35.9595524,139.5919811
大宮区,35.9596001,139.6188733
大宮区,35.9597250,139.6166874
大宮区,35.9598857,139.5928144
大宮区,35.9600221,139.6084519
大宮区,35.9600276,139.6046190
大宮区,35.9600556,139.6186789
大宮区,35.9600749,139.6100185
大宮区,35.9601441,139.5957086
大宮区,35.9604444,139.6189039
大宮区,35.9604746,139.5957863
大宮区,35.9605051,139.5965112
大宮区,35.9606277,139.6152042
大宮区,35.9606803,139.6062216
大宮区,35.9607722,139.6195760
大宮区,35.9608081,139.6081769
大宮区,35.9608721,139.6157541
大宮区,35.9611749,139.6192177
大宮区,35.9611969,139.6051300
大宮区,35.9612971,139.6158569
大宮区,35.9613719,139.6068131
大宮区,35.9614358,139.6051494
大宮区,35.9614692,139.6103906
大宮区,35.9614942,139.6103823
大宮区,35.9615748,139.6175650
大宮区,35.9615886,139.6076936
大宮区,35.9616331,139.6106156
大宮区,35.9617218,139.6059216
大宮区,35.9618913,139.6102684
大宮区,35.9619581,139.6172622
大宮区,35.9619665,139.6172011
大宮区,35.9626914,139.6161512
大宮区,35.9627136,139.6162984
大宮区,35.9627803,139.6183899
大宮区,35.9628468,139.6086574
大宮区,35.9629329,139.6126626
大宮区,35.9630830,139.6174067
大宮区,35.9631218,139.6144735
大宮区,35.9633477,139.6650527
大宮区,35.9638300,139.6098878
大宮区,35.9638829,139.6157540
大宮区,35.9639828,139.6112210
大宮区,35.9640301,139.6153651
大宮区,35.9640329,139.6166039
大宮区,35.9640439,139.6125709
大宮区,35.9644745,139.6132096
大宮区,35.9650189,139.6143068
大宮区,35.9653077,139.6132291
見沼区,35.8889685,139.6036584
見沼区,35.8895184,139.6037778
見沼区,35.8896275,139.6445550
見沼区,35.8897940,139.6372723
見沼区,35.8898323,139.6043666
見沼区,35.8900101,139.6059554
見沼区,35.8900190,139.6381166
見沼区,35.8900829,139.6396082
見沼区,35.8901106,139.6368000
見沼区,35.8902052,139.6455438
見沼区,35.8902080,139.6451521
見沼区,35.8902822,139.6030445
見沼区,35.8903189,139.6385360
見沼区,35.8904052,139.6460992
見沼区,35.8904828,139.6387109
見沼区,35.8904884,139.6408525
見沼区,35.8906107,139.6454938
見沼区,35.8906489,139.6053721
見沼区,35.8908238,139.6040472
見沼区,35.8908689,139.6397331
見沼区,35.8908968,139.6440328
見沼区,35.8909383,139.6378583
見沼区,35.8909744,139.6396970
見沼区,35.8909799,139.6346890
見沼区,35.8910051,139.6440328
見沼区,35.8910071,139.6025612
見沼区,35.8910155,139.6036333
見沼区,35.8911689,139.6436939
見沼区,35.8911994,139.6361361
見沼区,35.8912939,139.6438105
見沼区,35.8913244,139.6386165
見沼区,35.8914383,139.6401747
見沼区,35.8915487,139.6030001
見沼区,35.8915487,139.6030001
見沼区,35.8915495,139.6461159
見沼区,35.8915960,139.6034277
見沼区,35.8916793,139.6045082
見沼区,35.8917439,139.6439993
見沼区,35.8917632,139.6342030
見沼区,35.8917966,139.6398914
見沼区,35.8918848,139.6019917
見沼区,35.8919085,139.6375199
見沼区,35.8919105,139.6414190
見沼区,35.8919876,139.6055803
見沼区,35.8920043,139.6057192
見沼区,35.8921466,139.6455048
見沼区,35.8921710,139.6061442
見沼区,35.8921959,139.6061331
見沼区,35.8922772,139.6442716
見沼区,35.8923853,139.6353667
見沼区,35.8924383,139.6442271
見沼区,35.8924404,139.6386693
見沼区,35.8925681,139.6046137
見沼区,35.8927354,139.6422800
見沼区,35.8927410,139.6424272
見沼区,35.8927910,139.6450548
見沼区,35.8928131,139.6348085
見沼区,35.8928131,139.6389831
見沼区,35.8928875,139.6029916
見沼区,35.8928958,139.6014306
見沼区,35.8930798,139.6434632
見沼区,35.8930875,139.6063219
見沼区,35.8931778,139.6382758
見沼区,35.8932291,139.6004724
見沼区,35.8932295,139.6226621
見沼区,35.8932513,139.5999613
見沼区,35.8932547,139.6361249
見沼区,35.8932922,139.6385942
見沼区,35.8933485,139.6021361
見沼区,35.8933541,139.6042637
見沼区,35.8935658,139.6351500
見沼区,35.8935992,139.6399135
見沼区,35.8936130,139.6386747
見沼区,35.8936679,139.6014973
見沼区,35.8938324,139.6376026
見沼区,35.8938631,139.6425133
見沼区,35.8939089,139.6421105
見沼区,35.8939325,139.6439020
見沼区,35.8939630,139.6362444
見沼区,35.8939707,139.6053385
見沼区,35.8939734,139.6009056
見沼区,35.8940075,139.6421967
見沼区,35.8940101,139.6345584
見沼区,35.8940151,139.6027555
見沼区,35.8940268,139.6353667
見沼区,35.8940706,139.5993918
見沼区,35.8941069,139.6067634
見沼区,35.8941457,139.6033360
見沼区,35.8941492,139.6431021
見沼区,35.8941521,139.6053841
見沼区,35.8943346,139.6042498
見沼区,35.8943796,139.6362360
見沼区,35.8943990,139.6373054
見沼区,35.8944401,139.6006167
見沼区,35.8944602,139.6390774
見沼区,35.8944712,139.6366554
見沼区,35.8944824,139.6409773
見沼区,35.8944904,139.6221566
見沼区,35.8945986,139.6145684
見沼区,35.8946796,139.6398135
見沼区,35.8946853,139.6449380
見沼区,35.8947237,139.6185958
見沼区,35.8947240,139.6383275
見沼区,35.8947319,139.6136351
見沼区,35.8947324,139.6414689
見沼区,35.8947769,139.6444020
見沼区,35.8948375,139.6175542
見沼区,35.8948959,139.6176042
見沼区,35.8949046,139.6380914
見沼区,35.8949205,139.5992529
見沼区,35.8949241,139.6419439
見沼区,35.8949268,139.6419355
見沼区,35.8949344,139.5992835
見沼区,35.8949514,139.6165960
見沼区,35.8949542,139.6197457
見沼区,35.8950014,139.6184624
見沼区,35.8950401,139.6055247
見沼区,35.8950490,139.6404773
見沼区,35.8950569,139.6118547
見沼区,35.8950623,139.6026054
見沼区,35.8950628,139.6332751
見沼区,35.8950681,139.6174764
見沼区,35.8950763,139.6127352
見沼区,35.8950852,139.6416050
見沼区,35.8950906,139.6373886
見沼区,35.8951462,139.6395524
見沼区,35.8951483,139.6017222
見沼区,35.8951622,139.6004806
見沼区,35.8951622,139.6005001
見沼区,35.8951736,139.6156710
見沼区,35.8951763,139.6142684
見沼区,35.8951789,139.6016027
見沼区,35.8951991,139.6431660
見沼区,35.8952185,139.6447047
見沼区,35.8952406,139.6357583
見沼区,35.8952763,139.6156182
見沼区,35.8952817,139.6028110
見沼区,35.8953095,139.6070050
見沼区,35.8953184,139.6359998
見沼区,35.8954017,139.6356166
見沼区,35.8954041,139.6122491
見沼区,35.8954489,139.6333668
見沼区,35.8954736,139.6160321
見沼区,35.8955264,139.6179930
見沼区,35.8955295,139.6357665
見沼区,35.8955430,139.6156488
見沼区,35.8955433,139.6353110
見沼区,35.8955541,139.6146461
見沼区,35.8955851,139.6441520
見沼区,35.8956073,139.6409105
見沼区,35.8956096,139.6135212
見沼区,35.8956101,139.6437520
見沼区,35.8956157,139.6439103
見沼区,35.8956296,139.6438742
見沼区,35.8956791,139.6168542
見沼区,35.8956931,139.6216677
見沼区,35.8957123,139.6121268
見沼区,35.8957207,139.6134823
見沼区,35.8957250,139.6186719
見沼区,35.8957289,139.6038581
見沼区,35.8957345,139.6093770
見沼区,35.8957346,139.6162710
見沼区,35.8957490,139.6405578
見沼区,35.8957761,139.6040136
見沼区,35.8958096,139.6123157
見沼区,35.8958347,139.6187208
見沼区,35.8958906,139.6381302
見沼区,35.8959205,139.6052608
見沼区,35.8959566,139.6004889
見沼区,35.8959572,139.6391884
見沼区,35.8959849,139.6341028
見沼区,35.8959899,139.6023471
見沼区,35.8959899,139.6005112
見沼区,35.8960039,139.6081132
見沼区,35.8960766,139.6333917
見沼区,35.8960874,139.6154710
見沼区,35.8961678,139.6071383
見沼区,35.8961711,139.6416077
見沼区,35.8962212,139.6434492
見沼区,35.8962457,139.6165153
見沼区,35.8962511,139.6063162
見沼区,35.8962600,139.6411244
見沼区,35.8962649,139.6001334
見沼区,35.8962850,139.6411828
見沼区,35.8962899,139.6012777
見沼区,35.8962927,139.6022832
見沼区,35.8962933,139.6366747
見沼区,35.8963430,139.6184957
見沼区,35.8963735,139.6194485
見沼区,35.8963762,139.6115574
見沼区,35.8963788,139.6039581
見沼区,35.8963789,139.6101742
見沼区,35.8963817,139.6110797
見沼区,35.8964290,139.6153015
見沼区,35.8964510,139.6028386
見沼区,35.8964511,139.6089659
見沼区,35.8964510,139.6052718
見沼区,35.8964651,139.6179263
見沼区,35.8964648,139.5977864
見沼区,35.8964648,139.5977836
見沼区,35.8964821,139.6353498
見沼区,35.8964878,139.6400134
見沼区,35.8965072,139.6425020
見沼区,35.8965209,139.6322446
見沼区,35.8966017,139.6443547
見沼区,35.8966401,139.6184540
見沼区,35.8966512,139.6150293
見沼区,35.8966511,139.6100047
見沼区,35.8966789,139.6135266
見沼区,35.8967040,139.6194650
見沼区,35.8967690,139.5991462
見沼区,35.8967900,139.6124351
見沼区,35.8967898,139.6020693
見沼区,35.8968512,139.6192207
見沼区,35.8969066,139.6072967
見沼区,35.8969181,139.6322362
見沼区,35.8969460,139.6379580
見沼区,35.8969474,139.6358376
見沼区,35.8969871,139.6046247
見沼区,35.8969988,139.6371331
見沼区,35.8970093,139.6046580
見沼区,35.8970099,139.6394968
見沼区,35.8970370,139.6003916
見沼区,35.8970564,139.6003833
見沼区,35.8970973,139.6344488
見沼区,35.8971064,139.5998834
見沼区,35.8971140,139.6378691
見沼区,35.8971399,139.6085493
見沼区,35.8971515,139.6341638
見沼区,35.8971596,139.6209010
見沼区,35.8971649,139.6061439
見沼区,35.8972009,139.5998223
見沼区,35.8972178,139.6172458
見沼区,35.8972259,139.6030359
見沼区,35.8972290,139.6207371
見沼区,35.8972653,139.6335639
見沼区,35.8972650,139.6163542
見沼区,35.8972822,139.6423909
見沼区,35.8973008,139.5981418
見沼区,35.8973203,139.5981502
見沼区,35.8973649,139.6070938
見沼区,35.8973789,139.6144376
見沼区,35.8973982,139.6056357
見沼区,35.8974399,139.6119240
見沼区,35.8974425,139.6015110
見沼区,35.8974542,139.6357359
見沼区,35.8974622,139.6171791
見沼区,35.8974653,139.6348026
見沼区,35.8974705,139.6143543
見沼区,35.8974762,139.6180373
見沼区,35.8974787,139.6057190
見沼区,35.8974875,139.6331473
見沼区,35.8975093,139.6056746
見沼区,35.8975233,139.6142988
見沼区,35.8975233,139.6115824
見沼区,35.8975314,139.6004777
見沼区,35.8975481,139.6053079
見沼区,35.8975814,139.6031886
見沼区,35.8976148,139.6030692
見沼区,35.8976149,139.6133100
見沼区,35.8976181,139.6323195
見沼区,35.8977120,139.6050440
見沼区,35.8977176,139.6050523
見沼区,35.8977317,139.6209844
見沼区,35.8977539,139.6175013
見沼区,35.8977703,139.6038080
見沼区,35.8978321,139.6410132
見沼区,35.8978375,139.6313140
見沼区,35.8978648,139.6051523
見沼区,35.8979039,139.6206371
見沼区,35.8979404,139.6425215
見沼区,35.8979453,139.6047801
見沼区,35.8979592,139.6022525
見沼区,35.8979709,139.6370024
見沼区,35.8979731,139.6075355
見沼区,35.8979930,139.6309862
見沼区,35.8980205,139.6161125
見沼区,35.8981064,139.6065911
見沼区,35.8981202,139.6000555
見沼区,35.8981593,139.6130100
見沼区,35.8981765,139.6418159
見沼区,35.8981815,139.6086409
見沼区,35.8982288,139.6176596
見沼区,35.8982454,139.6094630
見沼区,35.8982511,139.6185901
見沼区,35.8982621,139.6129266
見沼区,35.8982677,139.6146265
見沼区,35.8984013,139.6317917
見沼区,35.8984204,139.6134766
見沼区,35.8984264,139.6361497
見沼区,35.8984591,139.6037441
見沼区,35.8984596,139.6332777
見沼区,35.8984653,139.6369719
見沼区,35.8984898,139.6107741
見沼区,35.8985124,139.6347554
見沼区,35.8985260,139.6136432
見沼区,35.8985480,139.6025942
見沼区,35.8986147,139.6053633
見沼区,35.8986507,139.5987667
見沼区,35.8986593,139.6171486
見沼区,35.8986648,139.6133572
見沼区,35.8986732,139.6138432
見沼区,35.8986847,139.6376107
見沼区,35.8987037,139.6136599
見沼区,35.8987232,139.6152709
見沼区,35.8987314,139.6079687
見沼区,35.8987731,139.6121101
見沼区,35.8987736,139.6362970
見沼区,35.8988093,139.6151403
見沼区,35.8988484,139.6290059
見沼区,35.8988510,139.6204066
見沼区,35.8988728,139.5964836
見沼区,35.8988929,139.6324528
見沼区,35.8989204,139.6183345
見沼区,35.8989397,139.6072382
見沼区,35.8989564,139.6091019
見沼区,35.8989873,139.6301919
見沼区,35.8990125,139.6415437
見沼区,35.8990320,139.6415437
見沼区,35.8990926,139.6145764
見沼区,35.8990954,139.6143210
見沼区,35.8991316,139.6200205
見沼区,35.8991369,139.6093242
見沼区,35.8991562,139.5978112
見沼区,35.8992231,139.6106546
見沼区,35.8992843,139.6191678
見沼区,35.8993038,139.6191067
見沼区,35.8993481,139.6124905
見沼区,35.8993730,139.6106657
見沼区,35.8994147,139.6125739
見沼区,35.8994430,139.6426297
見沼区,35.8994486,139.6436296
見沼区,35.8994867,139.5990083
見沼区,35.8994873,139.6326027
見沼区,35.8994978,139.6002721
見沼区,35.8994980,139.6116628
見沼区,35.8995063,139.6081493
見沼区,35.8995233,139.6265310
見沼区,35.8995258,139.6127794
見沼区,35.8995706,139.6311473
見沼区,35.8996037,139.6180150
見沼区,35.8996231,139.6138821
見沼区,35.8996234,139.6298862
見沼区,35.8996452,139.6075437
見沼区,35.8996704,139.6199955
見沼区,35.8997423,139.6034162
見沼区,35.8997624,139.6396771
見沼区,35.8997731,139.6138821
見沼区,35.8997952,139.6091464
見沼区,35.8997979,139.6032635
見沼区,35.8998229,139.6033329
見沼区,35.8999062,139.6046745
見沼区,35.8999064,139.6154374
見沼区,35.8999069,139.6415270
見沼区,35.8999618,139.6046967
見沼区,35.8999817,139.6325805
見沼区,35.9000368,139.6071604
見沼区,35.9000399,139.6262393
見沼区,35.9001367,139.6012803
見沼区,35.9001400,139.6305085
見沼区,35.9001450,139.6012109
見沼区,35.9001677,139.6289002
見沼区,35.9001953,139.6164235
見沼区,35.9002011,139.6302279
見沼区,35.9002314,139.6163207
見沼区,35.9002895,139.6023080
見沼区,35.9003009,139.6194177
見沼区,35.9003205,139.6312500
見沼区,35.9003401,139.6411159
見沼区,35.9003868,139.6108406
見沼区,35.9003902,139.6438490
見沼区,35.9003925,139.6153124
見沼区,35.9004144,139.6000415
見沼区,35.9004371,139.6284975
見沼区,35.9004394,139.6000026
見沼区,35.9004483,139.6316723
見沼区,35.9004673,139.6062077
見沼区,35.9004673,139.6043078
見沼区,35.9004814,139.6162235
見沼区,35.9005201,139.6082297
見沼区,35.9005480,139.6171068
見沼区,35.9005539,139.6346942
見沼区,35.9005595,139.6362691
見沼区,35.9005841,139.6142625
見沼区,35.9005982,139.6286363
見沼区,35.9006096,139.6426046
見沼区,35.9006258,139.6175511
見沼区,35.9006817,139.6345803
見沼区,35.9006894,139.5986861
見沼区,35.9006895,139.6054188
見沼区,35.9007261,139.6376329
見沼区,35.9007342,139.6194538
見沼区,35.9007868,139.6097435
見沼区,35.9008062,139.6071520
見沼区,35.9008068,139.6432851
見沼区,35.9008204,139.6292835
見沼区,35.9008427,139.6306250
見沼区,35.9008813,139.6133793
見沼区,35.9008895,139.6054410
見沼区,35.9009121,139.6295418
見沼区,35.9009232,139.6308861
見沼区,35.9010234,139.6405381
見沼区,35.9010284,139.6087879
見沼区,35.9010339,139.6065743
見沼区,35.9010484,139.6420047
見沼区,35.9010563,139.6169985
見沼区,35.9010704,139.6275753
見沼区,35.9010894,139.6019608
見沼区,35.9011035,139.6169096
見沼区,35.9011038,139.6310000
見沼区,35.9011150,139.6388077
見沼区,35.9011318,139.6440517
見沼区,35.9011343,139.6324999
見沼区,35.9011456,139.6431629
見沼区,35.9011538,139.6330248
見沼区,35.9011590,139.6137125
見沼区,35.9011788,139.6311667
見沼区,35.9012032,139.6014385
見沼区,35.9012428,139.6416658
見沼区,35.9012784,139.6090574
見沼区,35.9012870,139.6274198
見沼区,35.9012926,139.6303361
見沼区,35.9013008,139.6189066
見沼区,35.9013228,139.6114377
見沼区,35.9013817,139.6399742
見沼区,35.9013840,139.6159623
見沼区,35.9014449,139.6040661
見沼区,35.9014506,139.6108822
見沼区,35.9014648,139.6285447
見沼区,35.9014674,139.6180538
見沼区,35.9014784,139.6100628
見沼区,35.9015204,139.6315944
見沼区,35.9015344,139.6360441
見沼区,35.9015371,139.6320944
見沼区,35.9015950,139.6097823
見沼区,35.9016200,139.6088435
見沼区,35.9016206,139.6452516
見沼区,35.9016366,139.6061854
見沼区,35.9016370,139.6286252
見沼区,35.9016371,139.6345525
見沼区,35.9016782,139.6045772
見沼区,35.9016841,139.6201926
見沼区,35.9016891,139.6225413
見沼区,35.9016893,139.6000859
見沼区,35.9016921,139.6053382
見沼区,35.9016949,139.6045967
見沼区,35.9016977,139.6077797
見沼区,35.9017566,139.6390243
見沼区,35.9017589,139.6103962
見沼区,35.9017789,139.6448322
見沼区,35.9017899,139.6369440
見沼区,35.9017952,139.6201120
見沼区,35.9018063,139.6233229
見沼区,35.9018122,139.6417075
見沼区,35.9018340,139.6189066
見沼区,35.9018368,139.6167428
見沼区,35.9018476,139.6019941
見沼区,35.9018509,139.6282086
見沼区,35.9018980,139.6245505
見沼区,35.9019066,139.6373967
見沼区,35.9019091,139.6232506
見沼区,35.9019178,139.6440878
見沼区,35.9019731,139.6275586
見沼区,35.9019782,139.6040911
見沼区,35.9019786,139.6268642
見沼区,35.9019979,139.6168761
見沼区,35.9019983,139.6408602
見沼区,35.9020122,139.6407880
見沼区,35.9020283,139.6068298
見沼区,35.9020476,139.6022968
見沼区,35.9020477,139.6093101
見沼区,35.9020662,139.6299700
見沼区,35.9020809,139.6023107
見沼区,35.9020844,139.6427601
見沼区,35.9021120,139.6307417
見沼区,35.9021255,139.6112544
見沼区,35.9021393,139.6029912
見沼区,35.9021399,139.6400881
見沼区,35.9021508,139.6241061
見沼区,35.9021510,139.6400215
見沼区,35.9021703,139.6281280
見沼区,35.9021814,139.6284475
見沼区,35.9021981,139.6329582
見沼区,35.9022339,139.6155096
見沼区,35.9022635,139.6412789
見沼区,35.9022703,139.6309972
見沼区,35.9023062,139.6198370
見沼区,35.9023257,139.6196287
見沼区,35.9023337,139.6033383
見沼区,35.9023396,139.6222230
見沼区,35.9024199,139.6097740
見沼区,35.9024230,139.6282197
見沼区,35.9024343,139.6385910
見沼区,35.9024427,139.6439073
見沼区,35.9024619,139.6292807
見沼区,35.9025197,139.6005609
見沼区,35.9025421,139.6083796
見沼区,35.9025452,139.6265392
見沼区,35.9025503,139.6028857
見沼区,35.9025674,139.6229756
見沼区,35.9025688,139.6238889
見沼区,35.9026061,139.6162539
見沼区,35.9026115,139.6055548
見沼区,35.9026254,139.6055798
見沼区,35.9026286,139.6315388
見沼区,35.9026337,139.6074325
見沼区,35.9026788,139.6402908
見沼区,35.9026954,139.6371411
見沼区,35.9027007,139.6213896
見沼区,35.9027205,139.6441016
見沼区,35.9027422,139.6141680
見沼区,35.9027509,139.6356829
見沼区,35.9027620,139.6329526
見沼区,35.9027644,139.6109127
見沼区,35.9027676,139.6359468
見沼区,35.9027867,139.6189037
見沼区,35.9027870,139.6363079
見沼区,35.9027895,139.6196093
見沼区,35.9027919,139.5994775
見沼区,35.9028003,139.5991110
見沼区,35.9028170,139.6037328
見沼区,35.9028447,139.5991026
見沼区,35.9028508,139.6293445
見沼区,35.9028811,139.6139430
見沼区,35.9028993,139.6228159
見沼区,35.9029146,139.6242144
見沼区,35.9029379,139.6411791
見沼区,35.9029480,139.6277919
見沼区,35.9029593,139.6389576
見沼区,35.9029616,139.6164622
見沼区,35.9029687,139.6232322
見沼区,35.9029812,139.6201842
見沼区,35.9029951,139.6219674
見沼区,35.9029951,139.6262976
見沼区,35.9030035,139.6262976
見沼区,35.9030423,139.6193426
見沼区,35.9030420,139.6065825
見沼区,35.9030700,139.6205203
見沼区,35.9030787,139.6374911
見沼区,35.9031031,139.6030161
見沼区,35.9031065,139.6431350
見沼区,35.9031170,139.6030745
見沼区,35.9031285,139.6277113
見沼区,35.9031841,139.6300111
見沼区,35.9031841,139.6300917
見沼区,35.9032058,139.5989304
見沼区,35.9032177,139.6440044
見沼区,35.9032224,139.5988999
見沼区,35.9032339,139.6189120
見沼区,35.9032397,139.6356356
見沼区,35.9032425,139.6328414
見沼区,35.9032505,139.6150485
見沼区,35.9032675,139.6337331
見沼区,35.9032808,139.6002635
見沼区,35.9032863,139.6002469
見沼区,35.9032923,139.6216230
見沼区,35.9033058,139.6009830
見沼区,35.9033287,139.6388659
見沼区,35.9033391,139.6000053
見沼区,35.9033533,139.6185093
見沼区,35.9033558,139.6009719
見沼区,35.9033863,139.6016440
見沼区,35.9034259,139.6420351
見沼区,35.9034340,139.6292250
見沼区,35.9034447,139.6055159
見沼区,35.9034451,139.6274919
見沼区,35.9034477,139.6134736
見沼区,35.9034563,139.6284724
見沼区,35.9034614,139.6054743
見沼区,35.9034675,139.6382160
見沼区,35.9034756,139.6209035
見沼区,35.9034866,139.6188898
見沼区,35.9035309,139.6076852
見沼区,35.9036170,139.6098405
見沼区,35.9036315,139.6426073
見沼区,35.9036395,139.6235644
見沼区,35.9036589,139.6240061
見沼区,35.9036648,139.6410435
見沼区,35.9036782,139.6124681
見沼区,35.9037032,139.6146151
見沼区,35.9037308,139.6028717
見沼区,35.9037424,139.6344163
見沼区,35.9037672,139.6199814
見沼区,35.9037921,139.6164706
見沼区,35.9038008,139.6363050
見沼区,35.9038091,139.6336246
見沼区,35.9038284,139.6291017
見沼区,35.9038731,139.6439683
見沼区,35.9038756,139.6260226
見沼区,35.9038784,139.6276307
見沼区,35.9038863,139.6012912
見沼区,35.9038978,139.6238783
見沼区,35.9039087,139.6105211
見沼区,35.9039394,139.6186037
見沼区,35.9039449,139.6197369
見沼区,35.9039893,139.6182204
見沼区,35.9039894,139.6225423
見沼区,35.9040502,139.6038160
見沼区,35.9040561,139.6260948
見沼区,35.9040561,139.6205480
見沼区,35.9040585,139.6017107
見沼区,35.9040951,139.6287611
見沼区,35.9041088,139.6206952
見沼区,35.9041088,139.6173788
見沼区,35.9041171,139.6177898
見沼区,35.9041283,139.6213756
見沼区,35.9041367,139.6288306
見沼区,35.9041394,139.6227478
見沼区,35.9041422,139.6234644
見沼区,35.9041449,139.6214979
見沼区,35.9041645,139.6273696
見沼区,35.9041782,139.6186370
見沼区,35.9041784,139.6273696
見沼区,35.9041840,139.6308944
見沼区,35.9042001,139.5990581
見沼区,35.9042030,139.6058436
見沼区,35.9042061,139.6223534
見沼区,35.9042168,139.5986109
見沼区,35.9042225,139.6116875
見沼区,35.9042286,139.6416463
見沼区,35.9042451,139.6299888
見沼区,35.9042560,139.6190925
見沼区,35.9042589,139.6234005
見沼区,35.9042780,139.6047770
見沼区,35.9042811,139.6234005
見沼区,35.9042952,139.6346995
見沼区,35.9042978,139.6273279
見沼区,35.9043367,139.6274446
見沼区,35.9043390,139.6003247
見沼区,35.9043615,139.6193564
見沼区,35.9043643,139.6196647
見沼区,35.9043807,139.6000635
見沼区,35.9043866,139.6213090
見沼区,35.9044004,139.6183176
見沼区,35.9044061,139.6225616
見沼区,35.9044172,139.6236893
見沼区,35.9044452,139.6359439
見沼区,35.9044502,139.6082406
見沼区,35.9044615,139.6197147
見沼区,35.9044670,139.6153817
見沼区,35.9044670,139.6162595
見沼区,35.9044753,139.6129541
見沼区,35.9044924,139.6371771
見沼区,35.9044922,139.6275029
見沼区,35.9044919,139.6072991
見沼区,35.9045367,139.6271724
見沼区,35.9045480,139.6384715
見沼区,35.9045561,139.6258698
見沼区,35.9045810,139.6180343
見沼区,35.9045918,139.6048159
見沼区,35.9046004,139.6160428
見沼区,35.9046009,139.6443960
見沼区,35.9046228,139.6271030
見沼区,35.9046530,139.6083156
見沼区,35.9046643,139.6205230
見沼区,35.9046809,139.6139290
見沼区,35.9046838,139.6236115
見沼区,35.9046836,139.6100572
見沼区,35.9047008,139.6424962
見沼区,35.9047091,139.6400491
見沼区,35.9047088,139.6231478
見沼区,35.9047172,139.6285917
見沼区,35.9047251,139.6012773
見沼区,35.9047313,139.6409824
見沼区,35.9047643,139.6204757
見沼区,35.9047647,139.6450237
見沼区,35.9047754,139.6192897
見沼区,35.9048115,139.6213479
見沼区,35.9048200,139.6274501
見沼区,35.9048312,139.6335441
見沼区,35.9048450,139.6301027
見沼区,35.9048450,139.6271418
見沼区,35.9048562,139.6327525
見沼区,35.9048616,139.6265225
見沼区,35.9048643,139.6191564
見沼区,35.9048895,139.6305776
見沼区,35.9048895,139.6301166
見沼区,35.9048895,139.6301110
見沼区,35.9048918,139.6047465
見沼区,35.9049141,139.6110265
見沼区,35.9049283,139.6269946
見沼区,35.9049673,139.6352968
見沼区,35.9049862,139.6021995
見沼区,35.9050223,139.6055214
見沼区,35.9050312,139.6343329
見沼区,35.9050436,139.6287295
見沼区,35.9050783,139.6257141
見沼区,35.9050894,139.6274946
見沼区,35.9051197,139.6143068
見沼区,35.9051229,139.6378909
見沼区,35.9051251,139.6066324
見沼区,35.9051614,139.6178482
見沼区,35.9051976,139.6233671
見沼区,35.9052087,139.6222950
見沼区,35.9052278,139.5992997
見沼区,35.9052422,139.6288778
見沼区,35.9052503,139.6193314
見沼区,35.9052779,139.6072379
見沼区,35.9053171,139.6258169
見沼区,35.9053225,139.6177065
見沼区,35.9053227,139.6258308
見沼区,35.9053472,139.5998469
見沼区,35.9053583,139.6003718
見沼区,35.9053695,139.6039909
見沼区,35.9053753,139.6176648
見沼区,35.9053809,139.6220616
見沼区,35.9054088,139.6269974
見沼区,35.9054199,139.6269807
見沼区,35.9054263,139.6269879
見沼区,35.9054337,139.6221089
見沼区,35.9054367,139.6335163
見沼区,35.9054392,139.6159621
見沼区,35.9054447,139.6178593
見沼区,35.9054477,139.6296444
見沼区,35.9054755,139.6300416
見沼区,35.9054808,139.6148511
見沼区,35.9054920,139.6223394
見沼区,35.9055112,139.6054408
見沼区,35.9055200,139.6359272
見沼区,35.9055252,139.6133735
見沼区,35.9055281,139.6176009
見沼区,35.9055420,139.6228394
見沼区,35.9055728,139.6372327
見沼区,35.9055868,139.6391297
見沼区,35.9055971,139.6255297
見沼区,35.9056114,139.6163899
見沼区,35.9056169,139.6150706
見沼区,35.9056365,139.6229477
見沼区,35.9056477,139.6306609
見沼区,35.9056696,139.6125819
見沼区,35.9056782,139.6257113
見沼区,35.9056867,139.6384381
見沼区,35.9056973,139.6080240
見沼区,35.9057226,139.6271529
見沼区,35.9057476,139.6269835
見沼区,35.9057752,139.6171259
見沼区,35.9057835,139.6121986
見沼区,35.9058168,139.6112653
見沼区,35.9058194,139.6012022
見沼区,35.9058255,139.6314692
見沼区,35.9058586,139.6188758
見沼区,35.9059254,139.6275140
見沼区,35.9059254,139.6282723
見沼区,35.9059250,139.6042909
見沼区,35.9059365,139.6268862
見沼区,35.9059475,139.6200118
見沼区,35.9059666,139.6024327
見沼区,35.9059810,139.6268974
見沼区,35.9059839,139.6387880
見沼区,35.9059836,139.6176315
見沼区,35.9059945,139.6070129
見沼区,35.9060056,139.6086905
見沼区,35.9060113,139.6140207
見沼区,35.9060280,139.6182592
見沼区,35.9060281,139.6204867
見沼区,35.9060361,139.6055630
見沼区,35.9060588,139.6342718
見沼区,35.9060610,139.6001218
見沼区,35.9060699,139.6283028
見沼区,35.9060839,139.6362577
見沼区,35.9060867,139.6374520
見沼区,35.9060923,139.6426599
見沼区,35.9061062,139.6400713
見沼区,35.9061141,139.6183286
見沼区,35.9061142,139.6208534
見沼区,35.9061281,139.6211534
見沼区,35.9061392,139.6199980
見沼区,35.9061643,139.6283084
見沼区,35.9061724,139.6130235
見沼区,35.9061892,139.6254002
見沼区,35.9062197,139.6211979
見沼区,35.9062197,139.6191452
見沼区,35.9062255,139.6328913
見沼区,35.9062559,139.6225228
見沼区,35.9062586,139.6218422
見沼区,35.9062611,139.6070573
見沼区,35.9062723,139.6094432
見沼区,35.9062807,139.6157788
見沼区,35.9062917,139.6089127
見沼区,35.9062948,139.6281917
見沼区,35.9063031,139.6268501
見沼区,35.9063033,139.6383408
見沼区,35.9063086,139.6187925
見沼区,35.9063171,139.6282306
見沼区,35.9063174,139.6467679
見沼区,35.9063364,139.6217033
見沼区,35.9063640,139.6129651
見沼区,35.9063641,139.6211034
見沼区,35.9063825,139.6210995
見沼区,35.9063837,139.6270279
見沼区,35.9064029,139.6113125
見沼区,35.9064196,139.6174509
見沼区,35.9064530,139.6173926
見沼区,35.9064611,139.6077740
見沼区,35.9064639,139.6063435
見沼区,35.9065030,139.6187175
見沼区,35.9065112,139.6148900
見沼区,35.9065477,139.6340884
見沼区,35.9065698,139.6274195
見沼区,35.9065784,139.6421988
見沼区,35.9065834,139.6121069
見沼区,35.9066003,139.6223755
見沼区,35.9066030,139.6185758
見沼区,35.9066088,139.6369326
見沼区,35.9066087,139.6281245
見沼区,35.9066140,139.6167482
見沼区,35.9066168,139.6181842
見沼区,35.9066195,139.6142678
見沼区,35.9066333,139.6048353
見沼区,35.9066393,139.6344467
見沼区,35.9066640,139.6120041
見沼区,35.9066641,139.6207729
見沼区,35.9066694,139.6039909
見沼区,35.9066697,139.6248947
見沼区,35.9066804,139.5996301
見沼区,35.9066944,139.6039993
見沼区,35.9067029,139.6171315
見沼区,35.9067061,139.6389297
見沼区,35.9067223,139.6104987
見沼区,35.9067391,139.6224338
見沼区,35.9067558,139.6213200
見沼区,35.9067698,139.6307414
見沼区,35.9067781,139.6253475
見沼区,35.9068059,139.6281223
見沼区,35.9068082,139.6029688
見沼区,35.9068360,139.6033104
見沼区,35.9068503,139.6285999
見沼区,35.9068724,139.6182286
見沼区,35.9069027,139.6039104
見沼区,35.9069282,139.6355466
見沼区,35.9069360,139.6008717
見沼区,35.9069749,139.6056352
見沼区,35.9069920,139.6312997
見沼区,35.9070028,139.6094821
見沼区,35.9070227,139.6376465
見沼区,35.9070421,139.6329995
見沼区,35.9070560,139.6345828
見沼区,35.9071055,139.6076545
見沼区,35.9071560,139.6342189
見沼区,35.9072081,139.5985663
見沼区,35.9072304,139.6028798
見沼区,35.9072335,139.6199840
見沼区,35.9072419,139.6266057
見沼区,35.9072644,139.6391935
見沼区,35.9072779,139.6211616
見沼区,35.9073167,139.6140234
見沼区,35.9073251,139.6204951
見沼区,35.9073420,139.6299915
見沼区,35.9073498,139.6017521
見沼区,35.9073668,139.6208478
見沼区,35.9073809,139.6297582
見沼区,35.9073893,139.6363993
見沼区,35.9073915,139.6014245
見沼区,35.9073945,139.6176786
見沼区,35.9074086,139.6280333
見沼区,35.9074115,139.6350105
見沼区,35.9074303,139.6008856
見沼区,35.9074336,139.6304386
見沼区,35.9075086,139.6308664
見沼区,35.9075140,139.6217894
見沼区,35.9075223,139.6173119
見沼区,35.9075448,139.6339467
見沼区,35.9075555,139.6111208
見沼区,35.9075585,139.6259612
見沼区,35.9075615,139.6339355
見沼区,35.9075750,139.6124790
見沼区,35.9075778,139.6138789
見沼区,35.9075976,139.6353271
見沼区,35.9076196,139.6207394
見沼区,35.9076226,139.6368853
見沼区,35.9076284,139.6475233
見沼区,35.9076584,139.6198284
見沼区,35.9076692,139.6013577
見沼区,35.9076781,139.6322691
見沼区,35.9076806,139.6168370
見沼区,35.9077112,139.6189813
見沼区,35.9077169,139.6304497
見沼区,35.9077308,139.6264529
見沼区,35.9077391,139.6251419
見沼区,35.9077420,139.6357660
見沼区,35.9077502,139.6264807
見沼区,35.9077498,139.6028187
見沼区,35.9077667,139.6150371
見沼区,35.9077807,139.6248863
見沼区,35.9077976,139.6382464
見沼区,35.9077977,139.6426404
見沼区,35.9078058,139.6264112
見沼区,35.9078053,139.5997718
見沼区,35.9078166,139.6135261
見沼区,35.9078448,139.6371770
見沼区,35.9078893,139.6397018
見沼区,35.9078922,139.6477650
見沼区,35.9079140,139.6212728
見沼区,35.9079375,139.6460832
見沼区,35.9079394,139.6429237
見沼区,35.9079669,139.6480047
見沼区,35.9079888,139.6114680
見沼区,35.9079976,139.6395351
見沼区,35.9080084,139.6219143
見沼区,35.9080081,139.6051991
見沼区,35.9080441,139.5985719
見沼区,35.9080640,139.6244558
見沼区,35.9081057,139.6268134
見沼区,35.9081195,139.6209228
見沼区,35.9081192,139.6018021
見沼区,35.9081227,139.5985688
見沼区,35.9081251,139.6209311
見沼区,35.9081474,139.6249891
見沼区,35.9081721,139.6098403
見沼区,35.9082054,139.6072016
見沼区,35.9082143,139.6405378
見沼区,35.9082169,139.6334829
見沼区,35.9082331,139.6034714
見沼区,35.9082613,139.6263917
見沼区,35.9082696,139.6248808
見沼区,35.9082946,139.6293387
見沼区,35.9082974,139.6265278
見沼区,35.9082975,139.6318219
見沼区,35.9083057,139.6276605
見沼区,35.9083197,139.6342689
見沼区,35.9083277,139.6150344
見沼区,35.9083334,139.6246530
見沼区,35.9083531,139.6383546
見沼区,35.9083528,139.6206172
見沼区,35.9083832,139.6126012
見沼区,35.9084221,139.6103264
見沼区,35.9084418,139.6241891
見沼区,35.9084445,139.6247780
見沼区,35.9084497,139.6000550
見沼区,35.9084584,139.6255557
見沼区,35.9084749,139.6112458
見沼区,35.9085000,139.6172675
見沼区,35.9085282,139.6420348
見沼区,35.9085331,139.6086932
見沼区,35.9085837,139.6428960
見沼区,35.9085865,139.6424987
見沼区,35.9086002,139.6296637
見沼区,35.9086027,139.6158343
見沼区,35.9086447,139.6337633
見沼区,35.9086445,139.6210866
見沼区,35.9086833,139.6211200
見沼区,35.9086844,139.6342983
見沼区,35.9086886,139.6063823
見沼区,35.9087666,139.6163482
見沼区,35.9087804,139.6124846
見沼区,35.9088138,139.6141594
見沼区,35.9088360,139.6126040
見沼区,35.9088496,139.6008244
見沼区,35.9088497,139.6036853
見沼区,35.9088669,139.6374325
見沼区,35.9088778,139.6245252
見沼区,35.9088997,139.6048352
見沼区,35.9089476,139.6420848
見沼区,35.9089913,139.6033575
見沼区,35.9090197,139.6360687
見沼区,35.9090333,139.6223920
見沼区,35.9090363,139.6365159
見沼区,35.9090392,139.6385324
見沼区,35.9090391,139.6376075
見沼区,35.9090651,139.6116018
見沼区,35.9090664,139.6069377
見沼区,35.9090697,139.6401712
見沼区,35.9090808,139.6354354
見沼区,35.9090859,139.6120790
見沼区,35.9090945,139.6287971
見沼区,35.9090947,139.6404988
見沼区,35.9091054,139.6153093
見沼区,35.9091195,139.6246751
見沼区,35.9091303,139.6079210
見沼区,35.9091362,139.6287137
見沼区,35.9091364,139.6404738
見沼区,35.9091774,139.6040214
見沼区,35.9092087,139.6428681
見沼区,35.9092084,139.6304053
見沼区,35.9092223,139.6260778
見沼区,35.9092358,139.6047879
見沼区,35.9092468,139.6019937
見沼区,35.9092527,139.6193340
見沼区,35.9092803,139.6091764
見沼区,35.9092804,139.6170814
見沼区,35.9093084,139.6260556
見沼区,35.9093190,139.6009632
見沼区,35.9093279,139.6305691
見沼区,35.9093276,139.6147066
見沼区,35.9093472,139.6250224
見沼区,35.9093472,139.6263028
見沼区,35.9093500,139.6275333
見沼区,35.9093972,139.6242197
見沼区,35.9093974,139.6360992
見沼区,35.9094503,139.6445346
見沼区,35.9094529,139.6349160
見沼区,35.9094972,139.6262334
見沼区,35.9095056,139.6259945
見沼区,35.9095192,139.6103847
見沼区,35.9095222,139.6246057
見沼区,35.9095694,139.6250085
見沼区,35.9095859,139.6114346
見沼区,35.9096250,139.6284387
見沼区,35.9096830,139.6058601
見沼区,35.9097442,139.6117818
見沼区,35.9097833,139.6267499
見沼区,35.9097889,139.6295025
見沼区,35.9098002,139.6367408
見沼区,35.9098024,139.6080821
見沼区,35.9098412,139.6034047
見沼区,35.9098468,139.6014576
見沼区,35.9098471,139.6205755
見沼区,35.9098773,139.6026630
見沼区,35.9099224,139.6393156
見沼区,35.9099278,139.6297553
見沼区,35.9099333,139.6259861
見沼区,35.9099524,139.6060545
見沼区,35.9099748,139.6155232
見沼区,35.9100163,139.6067905
見沼区,35.9100219,139.6131234
見沼区,35.9100387,139.6155232
見沼区,35.9100667,139.6280415
見沼区,35.9100834,139.6309969
見沼区,35.9101139,139.6293525
見沼区,35.9101250,139.6267388
見沼区,35.9101335,139.6398433
見沼区,35.9101472,139.6292692
見沼区,35.9101472,139.6259945
見沼区,35.9101607,139.6042407
見沼区,35.9102111,139.6320745
見沼区,35.9102392,139.6458650
見沼区,35.9102416,139.6270944
見沼区,35.9102470,139.6161786
見沼区,35.9102694,139.6306552
見沼区,35.9102861,139.6294081
見沼区,35.9102863,139.6427153
見沼区,35.9103136,139.6119068
見沼区,35.9103196,139.6402905
見沼区,35.9103555,139.6261334
見沼区,35.9104280,139.6460733
見沼区,35.9104275,139.6172341
見沼区,35.9104357,139.6051045
見沼区,35.9104528,139.6338327
見沼区,35.9104747,139.6155619
見沼区,35.9104833,139.6312134
見沼区,35.9104832,139.6218170
見沼区,35.9104917,139.6316079
見沼区,35.9105363,139.6421153
見沼区,35.9105582,139.6239585
見沼区,35.9105638,139.6247224
見沼区,35.9105721,139.6240279
見沼区,35.9105889,139.6310356
見沼区,35.9106361,139.6320912
見沼区,35.9106441,139.6139816
見沼区,35.9106524,139.6137149
見沼区,35.9106641,139.6461761
見沼区,35.9106860,139.6284859
見沼区,35.9106973,139.6383600
見沼区,35.9107026,139.6199144
見沼区,35.9107051,139.6077626
見沼区,35.9107277,139.6272055
見沼区,35.9107357,139.6119678
見沼区,35.9107611,139.6320412
見沼区,35.9107635,139.6113068
見沼区,35.9107832,139.6286886
見沼区,35.9107968,139.6108401
見沼区,35.9107967,139.6016798
見沼区,35.9108056,139.6349992
見沼区,35.9108055,139.6314412
見沼区,35.9108133,139.6012048
見沼区,35.9108333,139.6318190
見沼区,35.9108361,139.6360047
見沼区,35.9108413,139.6099708
見沼区,35.9108439,139.6017298
見沼区,35.9108669,139.6457956
見沼区,35.9108718,139.6115540
見沼区,35.9108750,139.6324189
見沼区,35.9108833,139.6300469
見沼区,35.9109356,139.6027686
見沼区,35.9109495,139.6066683
見沼区,35.9110000,139.6338188
見沼区,35.9110527,139.6314023
見沼区,35.9110746,139.6129955
見沼区,35.9110945,139.6414571
見沼区,35.9110946,139.6466093
見沼区,35.9110968,139.6092486
見沼区,35.9111086,139.6491647
見沼区,35.9111113,139.6451262
見沼区,35.9111221,139.6274332
見沼区,35.9111440,139.6091097
見沼区,35.9111751,139.6395961
見沼区,35.9111799,139.6009854
見沼区,35.9111999,139.6323272
見沼区,35.9112049,139.6010476
見沼区,35.9112300,139.6044240
見沼区,35.9112500,139.6359269
見沼区,35.9112577,139.6020186
見沼区,35.9112693,139.6256361
見沼区,35.9112722,139.6330910
見沼区,35.9112808,139.6490369
見沼区,35.9112884,139.6088014
見沼区,35.9113166,139.6331466
見沼区,35.9113474,139.6447457
見沼区,35.9113502,139.6464205
見沼区,35.9113585,139.6439373
見沼区,35.9113996,139.6118595
見沼区,35.9114109,139.6237835
見沼区,35.9114194,139.6361075
見沼区,35.9114383,139.6056822
見沼区,35.9114390,139.6437263
見沼区,35.9114501,139.6437124
見沼区,35.9114550,139.6065710
見沼区,35.9114774,139.6141926
見沼区,35.9114884,139.6102012
見沼区,35.9114915,139.6306579
見沼区,35.9115251,139.6427902
見沼区,35.9115303,139.6247806
見沼区,35.9115861,139.6361797
見沼区,35.9115906,139.6107635
見沼区,35.9115944,139.6342937
見沼区,35.9116113,139.6482037
見沼区,35.9116139,139.6376546
見沼区,35.9116549,139.6019603
見沼区,35.9116637,139.6285886
見沼区,35.9116747,139.6209837
見沼区,35.9117000,139.6392711
見沼区,35.9117133,139.6078070
見沼区,35.9117243,139.6010159
見沼区,35.9117418,139.6447012
見沼区,35.9117578,139.6075431
見沼区,35.9117800,139.6095124
見沼区,35.9118026,139.6269221
見沼区,35.9118024,139.6179756
見沼区,35.9118111,139.6388738
見沼区,35.9118609,139.6297552
見沼区,35.9118969,139.6194255
見沼区,35.9119053,139.6255555
見沼区,35.9119132,139.6034741
見沼区,35.9119160,139.6034629
見沼区,35.9119860,139.6359825
見沼区,35.9120126,139.6447650
見沼区,35.9120273,139.6138982
見沼区,35.9120465,139.6010354
見沼区,35.9120499,139.6372713
見沼区,35.9120638,139.6349576
見沼区,35.9121524,139.6186533
見沼区,35.9121691,139.6236335
見沼区,35.9121717,139.6146481
見沼区,35.9121943,139.6354380
見沼区,35.9121941,139.6254055
見沼区,35.9122192,139.6282025
見沼区,35.9122522,139.6101318
見沼区,35.9122638,139.6400210
見沼区,35.9122856,139.6151231
見沼区,35.9122994,139.6067071
見沼区,35.9123298,139.5995744
見沼区,35.9123333,139.6390877
見沼区,35.9123692,139.6285664
見沼区,35.9123993,139.6009937
見沼区,35.9124135,139.6238890
見沼区,35.9124248,139.6304162
見沼区,35.9124331,139.6304856
見沼区,35.9124582,139.6341659
見沼区,35.9125523,139.6159924
見沼区,35.9125938,139.6087069
見沼区,35.9125997,139.6260055
見沼区,35.9126023,139.6169617
見沼区,35.9126106,139.6128621
見沼区,35.9126193,139.6382156
見沼区,35.9126217,139.6177062
見沼区,35.9126271,139.6084263
見沼区,35.9126360,139.6383211
見沼区,35.9126583,139.6455371
見沼区,35.9127193,139.6372906
見沼区,35.9127467,139.6136259
見沼区,35.9127509,139.6026941
見沼区,35.9128077,139.6077764
見沼区,35.9128111,139.6445206
見沼区,35.9128134,139.6188700
見沼区,35.9128693,139.6363435
見沼区,35.9128745,139.6186061
見沼区,35.9128776,139.6362907
見沼区,35.9128771,139.6048211
見沼区,35.9128883,139.6149703
見沼区,35.9129020,139.6015853
見沼区,35.9129941,139.6268415
見沼区,35.9131021,139.6093735
見沼区,35.9131079,139.6247945
見沼区,35.9131299,139.6076292
見沼区,35.9131385,139.6243056
見沼区,35.9131551,139.6230335
見沼区,35.9131748,139.6356435
見沼区,35.9131814,139.6174179
見沼区,35.9131952,139.6135265
見沼区,35.9132048,139.6064988
見沼区,35.9132274,139.6251916
見沼区,35.9132416,139.6451178
見沼区,35.9132662,139.6235223
見沼区,35.9132966,139.6150924
見沼区,35.9132966,139.6130398
見沼区,35.9132971,139.6395237
見沼区,35.9133052,139.6303218
見沼区,35.9133220,139.6352436
見沼区,35.9133246,139.6281220
見沼区,35.9133340,139.6053150
見沼区,35.9133353,139.6024657
見沼区,35.9133631,139.6037017
見沼区,35.9133659,139.6036740
見沼区,35.9133776,139.6402071
見沼区,35.9133883,139.6178811
見沼区,35.9134549,139.6149036
見沼区,35.9134942,139.6387127
見沼区,35.9135023,139.6249138
見沼区,35.9135248,139.6375462
見沼区,35.9135965,139.6117288
見沼区,35.9136241,139.6010130
見沼区,35.9136549,139.6157063
見沼区,35.9136661,139.6168395
見沼区,35.9136799,139.6139814
見沼区,35.9137105,139.6156452
見沼区,35.9137216,139.6148952
見沼区,35.9137631,139.6070459
見沼区,35.9137745,139.6232695
見沼区,35.9137830,139.6307272
見沼区,35.9137831,139.6396654
見沼区,35.9137995,139.6259165
見沼区,35.9138217,139.6249138
見沼区,35.9138635,139.6292245
見沼区,35.9138854,139.6147064
見沼区,35.9139080,139.6344158
見沼区,35.9139993,139.6134176
見沼区,35.9140076,139.6112983
見沼区,35.9140104,139.6149257
見沼区,35.9140242,139.6084236
見沼区,35.9140520,139.6076319
見沼区,35.9140720,139.6385238
見沼区,35.9140940,139.6268442
見沼区,35.9141131,139.6065848
見沼区,35.9141357,139.6302440
見沼区,35.9141497,139.6394987
見沼区,35.9141580,139.6329270
見沼区,35.9141630,139.6038905
見沼区,35.9141773,139.6250333
見沼区,35.9142103,139.6093985
見沼区,35.9142134,139.6249333
見沼区,35.9142688,139.6183227
見沼区,35.9143050,139.6234278
見沼区,35.9143158,139.6034073
見沼区,35.9143330,139.6380155
見沼区,35.9143830,139.6344186
見沼区,35.9143963,139.6048738
見沼区,35.9144159,139.6107872
見沼区,35.9144440,139.6279635
見沼区,35.9144553,139.6390626
見沼区,35.9144772,139.6251166
見沼区,35.9144858,139.6383877
見沼区,35.9145191,139.6357740
見沼区,35.9145410,139.6165034
見沼区,35.9145546,139.6015741
見沼区,35.9145966,139.6237889
見沼区,35.9147606,139.6301800
見沼区,35.9147607,139.6322299
見沼区,35.9147633,139.6267025
見沼区,35.9147689,139.6255387
見沼区,35.9147940,139.6332742
見沼区,35.9147969,139.6376599
見沼区,35.9148297,139.6075208
見沼区,35.9148689,139.6271858
見沼区,35.9148712,139.5981244
見沼区,35.9149160,139.6184254
見沼区,35.9149519,139.6099206
見沼区,35.9149524,139.6357546
見沼区,35.9149826,139.6148841
見沼区,35.9150050,139.6284135
見沼区,35.9150269,139.6071680
見沼区,35.9150520,139.6126315
見沼区,35.9150825,139.6148146
見沼区,35.9150992,139.6138314
見沼区,35.9151104,139.6177060
見沼区,35.9151218,139.6348824
見沼区,35.9151494,139.6231195
見沼区,35.9151688,139.6213279
見沼区,35.9151718,139.6385321
見沼区,35.9152157,139.6053626
見沼区,35.9152382,139.6188531
見沼区,35.9152494,139.6245166
見沼区,35.9152493,139.6188531
見沼区,35.9152548,139.6188614
見沼区,35.9153299,139.6247222
見沼区,35.9153765,139.6223889
見沼区,35.9154384,139.6319659
見沼区,35.9154884,139.6341325
見沼区,35.9155021,139.6243110
見沼区,35.9155242,139.6175421
見沼区,35.9155496,139.6401597
見沼区,35.9155686,139.6163172
見沼区,35.9155854,139.6222112
見沼区,35.9155857,139.6405458
見沼区,35.9155964,139.6186032
見沼区,35.9155995,139.6359156
見沼区,35.9156049,139.6264636
見沼区,35.9156546,139.6108455
見沼区,35.9156800,139.6326215
見沼区,35.9156798,139.6204975
見沼区,35.9156961,139.5989743
見沼区,35.9157270,139.6189031
見沼区,35.9157574,139.6133369
見沼区,35.9157601,139.6063820
見沼区,35.9157629,139.6094345
見沼区,35.9157939,139.6349129
見沼区,35.9158327,139.6274691
見沼区,35.9158466,139.6275996
見沼区,35.9158749,139.6286773
見沼区,35.9158828,139.6323520
見沼区,35.9158935,139.6093984
見沼区,35.9159323,139.6082290
見沼区,35.9159493,139.6269469
見沼区,35.9159573,139.6086040
見沼区,35.9159658,139.6177421
見沼区,35.9159826,139.6217279
見沼区,35.9160127,139.5992186
見沼区,35.9160381,139.6195476
見沼区,35.9160577,139.6320715
見沼区,35.9160604,139.6249609
見沼区,35.9161133,139.6312382
見沼区,35.9161961,139.6004407
見沼区,35.9162217,139.6369738
見沼区,35.9162632,139.6247804
見沼区,35.9162717,139.6382015
見沼区,35.9162883,139.6311632
見沼区,35.9162935,139.6149812
見沼区,35.9163213,139.6125564
見沼区,35.9163269,139.6167061
見沼区,35.9163381,139.6233055
見沼区,35.9163659,139.6207946
見沼区,35.9164352,139.6183864
見沼区,35.9165101,139.6120704
見沼区,35.9165129,139.6138813
見沼区,35.9165407,139.6156201
見沼区,35.9165685,139.6174449
見沼区,35.9165718,139.6448009
見沼区,35.9165714,139.6193975
見沼区,35.9165740,139.6126425
見沼区,35.9166688,139.6356100
見沼区,35.9167161,139.6367933
見沼区,35.9167323,139.6133118
見沼区,35.9167519,139.6218278
見沼区,35.9167546,139.6133341
見沼区,35.9167853,139.6257942
見沼区,35.9168351,139.6127231
見沼区,35.9169296,139.6149562
見沼区,35.9170629,139.6157311
見沼区,35.9170741,139.6183364
見沼区,35.9171075,139.6239109
見沼区,35.9171573,139.6164061
見沼区,35.9171603,139.6241082
見沼区,35.9172657,139.6193197
見沼区,35.9172744,139.6363183
見沼区,35.9173462,139.6172838
見沼区,35.9173744,139.6370237
見沼区,35.9173827,139.6370126
見沼区,35.9174239,139.6120231
見沼区,35.9174545,139.6126231
見沼区,35.9175823,139.6147840
見沼区,35.9176966,139.6400902
見沼区,35.9177518,139.6182503
見沼区,35.9177602,139.6252581
見沼区,35.9177659,139.6320102
見沼区,35.9177712,139.6151533
見沼区,35.9177799,139.6379375
見沼区,35.9177878,139.6163310
見沼区,35.9178300,139.6448176
見沼区,35.9178683,139.6133535
見沼区,35.9179352,139.6261746
見沼区,35.9180878,139.6178670
見沼区,35.9181850,139.6146590
見沼区,35.9181935,139.6255747
見沼区,35.9182767,139.6160088
見沼区,35.9183020,139.6365654
見沼区,35.9183628,139.6171087
見沼区,35.9183655,139.6149144
見沼区,35.9184238,139.6134174
見沼区,35.9184572,139.6179698
見沼区,35.9185545,139.6187697
見沼区,35.9185742,139.6355211
見沼区,35.9185794,139.6144673
見沼区,35.9186325,139.6360488
見沼区,35.9186822,139.6178809
見沼区,35.9186821,139.6131146
見沼区,35.9186964,139.6367043
見沼区,35.9187127,139.6146255
見沼区,35.9190323,139.6260913
見沼区,35.9193130,139.6354461
見沼区,35.9195130,139.6353238
見沼区,35.9196321,139.6148505
見沼区,35.9196571,139.6174503
見沼区,35.9196684,139.6297076
見沼区,35.9197019,139.6355266
見沼区,35.9197039,139.5953327
見沼区,35.9198463,139.6344524
見沼区,35.9198573,139.6281244
見沼区,35.9199543,139.6167198
見沼区,35.9199626,139.6174086
見沼区,35.9199852,139.6373236
見沼区,35.9199880,139.6384041
見沼区,35.9200157,139.6341406
見沼区,35.9202157,139.6362821
見沼区,35.9202296,139.6340017
見沼区,35.9204181,139.6185112
見沼区,35.9205018,139.6389790
見沼区,35.9205711,139.6268522
見沼区,35.9205852,139.6391762
見沼区,35.9206629,139.6401706
見沼区,35.9206764,139.6179641
見沼区,35.9206793,139.6210694
見沼区,35.9207014,139.6150893
見沼区,35.9207042,139.6171197
見沼区,35.9207240,139.6357293
見沼区,35.9207740,139.6353571
見沼区,35.9208101,139.6363431
見沼区,35.9208125,139.6151782
見沼区,35.9208178,139.6007961
見沼区,35.9208542,139.6171252
見沼区,35.9209934,139.6379652
見沼区,35.9211462,139.6392429
見沼区,35.9212212,139.6364181
見沼区,35.9213738,139.6281854
見沼区,35.9213958,139.6162142
見沼区,35.9214599,139.6314601
見沼区,35.9214790,139.6094231
見沼区,35.9215100,139.6377735
見沼区,35.9215100,139.6350210
見沼区,35.9215430,139.6169169
見沼区,35.9217433,139.6336016
見沼区,35.9218072,139.6361375
見沼区,35.9218433,139.6369458
見沼区,35.9219183,139.6345515
見沼区,35.9219266,139.6329462
見沼区,35.9219599,139.6352793
見沼区,35.9219872,139.6052540
見沼区,35.9220044,139.6376680
見沼区,35.9220182,139.6292826
見沼区,35.9221349,139.6351210
見沼区,35.9221457,139.6173363
見沼区,35.9222793,139.6306518
見沼区,35.9222904,139.6327295
見沼区,35.9223320,139.6290076
見沼区,35.9224570,139.6315074
見沼区,35.9225516,139.6368346
見沼区,35.9227151,139.6166419
見沼区,35.9227182,139.6358181
見沼区,35.9228792,139.6307490
見沼区,35.9229015,139.6321545
見沼区,35.9229065,139.6042762
見沼区,35.9229375,139.6309046
見沼区,35.9229375,139.6298880
見沼区,35.9229820,139.6328822
見沼区,35.9230820,139.6320823
見沼区,35.9230931,139.6307129
見沼区,35.9231426,139.6065233
見沼区,35.9232098,139.6327099
見沼区,35.9232264,139.6315184
見沼区,35.9233209,139.6347293
見沼区,35.9233623,139.6166808
見沼区,35.9234399,139.6074009
見沼区,35.9234487,139.6378290
見沼区,35.9234736,139.6327294
見沼区,35.9236792,139.6362958
見沼区,35.9237569,139.6331933
見沼区,35.9237789,139.6199194
見沼区,35.9237792,139.6373040
見沼区,35.9238150,139.6165862
見沼区,35.9239431,139.6377040
見沼区,35.9241841,139.5997960
見沼区,35.9242787,139.6075093
見沼区,35.9242787,139.6091118
見沼区,35.9243037,139.6118172
見沼区,35.9243264,139.6347125
見沼区,35.9244955,139.6189944
見沼区,35.9247263,139.6336487
見沼区,35.9248231,139.6085064
見沼区,35.9248346,139.6348125
見沼区,35.9248685,139.6159346
見沼区,35.9248705,139.6218497
見沼区,35.9248953,139.6083231
見沼区,35.9249010,139.6206748
見沼区,35.9254596,139.6364384
見沼区,35.9255370,139.6182110
見沼区,35.9255619,139.6121643
見沼区,35.9257759,139.6192415
見沼区,35.9257840,139.6070064
見沼区,35.9258651,139.6353335
見沼区,35.9259673,139.6046427
見沼区,35.9259700,139.6007792
見沼区,35.9259700,139.5988849
見沼区,35.9260206,139.6351708
見沼区,35.9260701,139.6083396
見沼区,35.9260901,139.6363068
見沼区,35.9261067,139.6361423
見沼区,35.9261228,139.6019929
見沼区,35.9261506,139.6055593
見沼区,35.9261815,139.6215107
見沼区,35.9264672,139.5998098
見沼区,35.9264757,139.6103255
見沼区,35.9264867,139.6031289
見沼区,35.9265720,139.6356134
見沼区,35.9266178,139.6368511
見沼区,35.9266453,139.6188637
見沼区,35.9266789,139.6354818
見沼区,35.9270675,139.6199442
見沼区,35.9272033,139.6069369
見沼区,35.9273314,139.6267352
見沼区,35.9273617,139.6083368
見沼区,35.9275505,139.6054065
見沼区,35.9277371,139.6376593
見沼区,35.9279671,139.6046926
見沼区,35.9280894,139.6094783
見沼区,35.9281977,139.6068008
見沼区,35.9287284,139.6201830
見沼区,35.9287699,139.6100811
見沼区,35.9288532,139.6083451
見沼区,35.9291198,139.6097339
見沼区,35.9292476,139.6067341
見沼区,35.9292586,139.6009123
見沼区,35.9292948,139.6104282
見沼区,35.9294087,139.6094339
見沼区,35.9296202,139.6329374
見沼区,35.9296671,139.6173804
見沼区,35.9296947,139.6037259
見沼区,35.9299253,139.6114809
見沼区,35.9300419,139.6065563
見沼区,35.9302253,139.6083033
見沼区,35.9302365,139.6183525
見沼区,35.9306393,139.6167721
見沼区,35.9307557,139.6074895
見沼区,35.9308002,139.6093977
見沼区,35.9308751,139.6047814
見沼区,35.9309639,139.6001790
見沼区,35.9311502,139.6077172
見沼区,35.9311529,139.6061952
見沼区,35.9311530,139.6103142
見沼区,35.9311838,139.6285849
見沼区,35.9313585,139.6082811
見沼区,35.9314561,139.6310209
見沼区,35.9315056,139.6020260
見沼区,35.9315278,139.6046369
見沼区,35.9316001,139.6075283
見沼区,35.9316973,139.6098614
見沼区,35.9319277,139.6005428
見沼区,35.9319947,139.6169664
見沼区,35.9321140,139.6093588
見沼区,35.9324724,139.6184441
見沼区,35.9325867,139.6397062
見沼区,35.9327472,139.6067450
見沼区,35.9332087,139.6308846
見沼区,35.9332083,139.6080449
見沼区,35.9333597,139.6125461
見沼区,35.9333778,139.6125528
見沼区,35.9334749,139.6094059
見沼区,35.9335082,139.6083893
見沼区,35.9335943,139.6080643
見沼区,35.9336305,139.6095614
見沼区,35.9336471,139.6091198
見沼区,35.9336559,139.6320762
見沼区,35.9336665,139.6065478
見沼区,35.9338054,139.6094253
見沼区,35.9339888,139.6105558
見沼区,35.9339999,139.6108307
見沼区,35.9340467,139.6022745
見沼区,35.9341081,139.6042980
見沼区,35.9341625,139.6202400
見沼区,35.9345998,139.6116057
見沼区,35.9348551,139.5986511
見沼区,35.9352970,139.6108362
見沼区,35.9353497,139.6083670
見沼区,35.9354997,139.6095725
見沼区,35.9355138,139.6227102
見沼区,35.9355164,139.6084726
見沼区,35.9355329,139.6013037
見沼区,35.9355385,139.6052394
見沼区,35.9357444,139.6272404
見沼区,35.9358247,139.6095280
見沼区,35.9361498,139.6164857
見沼区,35.9361861,139.6309345
見沼区,35.9362913,139.6103474
見沼区,35.9363166,139.6251384
見沼区,35.9365667,139.6340370
見沼区,35.9367857,139.6087947
見沼区,35.9367994,139.5999759
見沼区,35.9368274,139.6131582
見沼区,35.9368332,139.6250655
見沼区,35.9369276,139.6247656
見沼区,35.9370666,139.6299623
見沼区,35.9372494,139.6039117
見沼区,35.9373356,139.6099501
見沼区,35.9375692,139.6252599
見沼区,35.9377160,139.6010953
見沼区,35.9377276,139.6267348
見沼区,35.9377828,139.6108667
見沼区,35.9378109,139.6258337
見沼区,35.9378553,139.6278709
見沼区,35.9382688,139.6079086
見沼区,35.9383220,139.6327426
見沼区,35.9384053,139.6313566
見沼区,35.9385942,139.6285513
見沼区,35.9386163,139.6260376
見沼区,35.9386827,139.6071280
見沼区,35.9388493,139.6075586
見沼区,35.9390608,139.6299872
見沼区,35.9393107,139.6260903
見沼区,35.9394385,139.6274458
見沼区,35.9394802,139.6308510
見沼区,35.9395019,139.6004258
見沼区,35.9396269,139.6029866
見沼区,35.9397858,139.6355617
見沼区,35.9399492,139.6047449
見沼区,35.9399796,139.6015173
見沼区,35.9399969,139.6330397
見沼区,35.9400852,139.6007091
見沼区,35.9401992,139.6065697
見沼区,35.9402580,139.6332619
見沼区,35.9402658,139.6039227
見沼区,35.9403274,139.6308399
見沼区,35.9405130,139.6072807
見沼区,35.9407051,139.6322204
見沼区,35.9407050,139.6235127
見沼区,35.9407911,139.6275069
見沼区,35.9408827,139.6241515
見沼区,35.9409411,139.6294094
見沼区,35.9411773,139.6302260
見沼区,35.9416910,139.6259096
見沼区,35.9417601,139.6059919
見沼区,35.9417852,139.6131857
見沼区,35.9424712,139.6106832
見沼区,35.9425128,139.6066751
見沼区,35.9426326,139.6249125
見沼区,35.9426547,139.6234571
見沼区,35.9428076,139.6303315
見沼区,35.9428713,139.6203600
見沼区,35.9429518,139.6166243
見沼区,35.9430544,139.6061224
見沼区,35.9432187,139.6280956
見沼区,35.9432185,139.6202156
見沼区,35.9432599,139.6019283
見沼区,35.9433516,139.6074223
見沼区,35.9436127,139.6049697
見沼区,35.9436129,139.6179352
見沼区,35.9436907,139.6222711
見沼区,35.9438963,139.6271844
見沼区,35.9440463,139.6238597
見沼区,35.9441491,139.6261457
見沼区,35.9442268,139.6247596
見沼区,35.9443321,139.6074056
見沼区,35.9444630,139.6315090
見沼区,35.9444903,139.6048252
見沼区,35.9444964,139.6315452
見沼区,35.9445322,139.6171436
見沼区,35.9446211,139.6199545
見沼区,35.9446518,139.6235181
見沼区,35.9449378,139.6222821
見沼区,35.9451433,139.6170102
見沼区,35.9451489,139.6217987
見沼区,35.9452433,139.6224710
見沼区,35.9453624,139.5999144
見沼区,35.9453822,139.6238235
見沼区,35.9454323,139.6252595
見沼区,35.9455654,139.6175852
見沼区,35.9457234,139.5989006
見沼区,35.9459684,139.6284231
見沼区,35.9459906,139.6292092
見沼区,35.9461818,139.6063139
見沼区,35.9462209,139.6163908
見沼区,35.9462766,139.6249512
見沼区,35.9463683,139.6295286
見沼区,35.9463734,139.6032725
見沼区,35.9464572,139.6262678
見沼区,35.9465737,139.6179074
見沼区,35.9466011,139.5989534
見沼区,35.9467986,139.6124411
見沼区,35.9468817,139.6020670
見沼区,35.9469291,139.6136910
見沼区,35.9471069,139.6170490
見沼区,35.9471512,139.6054778
見沼区,35.9472289,139.6009060
見沼区,35.9472596,139.6106607
見沼区,35.9472626,139.6253289
見沼区,35.9473096,139.6106968
見沼区,35.9473333,139.6184573
見沼区,35.9473348,139.6207515
見沼区,35.9473429,139.6107079
見沼区,35.9473650,139.6045835
見沼区,35.9474014,139.6172601
見沼区,35.9474374,139.6160325
見沼区,35.9474709,139.6235096
見沼区,35.9476986,139.6186878
見沼区,35.9477151,139.6129688
見沼区,35.9477237,139.6265010
見沼区,35.9477429,139.6147603
見沼区,35.9477737,139.6249511
見沼区,35.9480427,139.6047223
見沼区,35.9480902,139.6217686
見沼区,35.9481123,139.6132410
見沼区,35.9481318,139.6156630
見沼区,35.9481760,139.5988394
見沼区,35.9482928,139.6129493
見沼区,35.9483040,139.6162185
見沼区,35.9483153,139.6262316
見沼区,35.9485596,139.6176267
見沼区,35.9485788,139.6065609
見沼区,35.9487846,139.6185433
見沼区,35.9488233,139.6112439
見沼区,35.9488454,139.6024086
見沼区,35.9492234,139.6171017
見沼区,35.9493955,139.6114383
見沼区,35.9494759,139.6017225
見沼区,35.9495317,139.6164296
見沼区,35.9497149,139.6139965
見沼区,35.9500093,139.6103329
見沼区,35.9500315,139.6115494
見沼区,35.9501287,139.6111355
見沼区,35.9501621,139.6111411
見沼区,35.9502399,139.6147825
見沼区,35.9503480,139.6008336
見沼区,35.9506260,139.6138408
見沼区,35.9506483,139.6230568
見沼区,35.9506648,139.6114771
見沼区,35.9507065,139.6119160
見沼区,35.9507538,139.6215235
見沼区,35.9508621,139.6179488
見沼区,35.9509201,139.6005197
見沼区,35.9509787,139.6125520
見沼区,35.9509786,139.6095329
見沼区,35.9513561,139.5943757
見沼区,35.9514343,139.6169266
見沼区,35.9516203,139.6137714
見沼区,35.9516454,139.6219929
見沼区,35.9518561,139.6008002
見沼区,35.9519370,139.6182598
見沼区,35.9519561,139.6010307
見沼区,35.9519756,139.6017807
見沼区,35.9521117,139.5999030
見沼区,35.9521282,139.5951006
見沼区,35.9522285,139.6117548
見沼区,35.9522674,139.6125409
見沼区,35.9523478,139.6009501
見沼区,35.9524229,139.6091772
見沼区,35.9525756,139.6050804
見沼区,35.9527619,139.6173904
見沼区,35.9530143,139.5995086
見沼区,35.9530171,139.5988420
見沼区,35.9530368,139.6142601
見沼区,35.9531561,139.6085301
見沼区,35.9531589,139.6094133
見沼区,35.9532255,139.6011529
見沼区,35.9532508,139.6187681
見沼区,35.9532864,139.5945117
見沼区,35.9533507,139.6163044
見沼区,35.9533673,139.6129741
見沼区,35.9534948,139.5951145
見沼区,35.9536949,139.6022056
見沼区,35.9537591,139.6229149
見沼区,35.9537617,139.6114492
見沼区,35.9537948,139.5996252
見沼区,35.9539257,139.6170571
見沼区,35.9542476,139.6014834
見沼区,35.9542641,139.5954978
見沼区,35.9543088,139.6064830
見沼区,35.9543946,139.5927285
見沼区,35.9544114,139.5973892
見沼区,35.9544170,139.6039554
見沼区,35.9544419,139.5971142
見沼区,35.9544476,139.6070995
見沼区,35.9544921,139.6104965
見沼区,35.9545006,139.6200457
見沼区,35.9545783,139.6147795
見沼区,35.9546114,139.6027833
見沼区,35.9550391,139.5960754
見沼区,35.9550947,139.6015888
見沼区,35.9552033,139.6196095
見沼区,35.9552724,139.6002945
見沼区,35.9554032,139.6110408
見沼区,35.9555170,139.6096966
見沼区,35.9555224,139.6009778
見沼区,35.9555362,139.5963393
見沼区,35.9557474,139.6033109
見沼区,35.9558171,139.6151738
見沼区,35.9559003,139.6070356
見沼区,35.9559782,139.6146461
見沼区,35.9559946,139.6024165
見沼区,35.9560755,139.6211428
見沼区,35.9561475,139.6115380
見沼区,35.9562614,139.6096603
見沼区,35.9562667,139.5953949
見沼区,35.9563058,139.6085743
見沼区,35.9563363,139.6021915
見沼区,35.9566084,139.5991946
見沼区,35.9568612,139.6049413
見沼区,35.9569032,139.6212649
見沼区,35.9569111,139.5958337
見沼区,35.9570111,139.6004389
見沼区,35.9570555,139.5939644
見沼区,35.9570892,139.6178791
見沼区,35.9570973,139.6016554
見沼区,35.9571222,139.5977252
見沼区,35.9575031,139.6193429
見沼区,35.9577692,139.5917395
見沼区,35.9577696,139.6092965
見沼区,35.9577749,139.5987974
見沼区,35.9578750,139.6042524
見沼区,35.9582335,139.6142737
見沼区,35.9583945,139.6115185
見沼区,35.9584583,139.6030886
見沼区,35.9584943,139.6017721
見沼区,35.9585001,139.6157542
見沼区,35.9585609,139.5951003
見沼区,35.9585694,139.6051495
見沼区,35.9587779,139.6137544
見沼区,35.9588137,139.6009526
見沼区,35.9588555,139.6069604
見沼区,35.9589471,139.6029581
見沼区,35.9589970,139.5983223
見沼区,35.9590444,139.6109018
見沼区,35.9590943,139.6003749
見沼区,35.9591806,139.6149764
見沼区,35.9592830,139.5920672
見沼区,35.9593331,139.5995805
見沼区,35.9593887,139.6041856
見沼区,35.9594330,139.5938977
見沼区,35.9594637,139.6008971
見沼区,35.9595000,139.6125183
見沼区,35.9595802,139.5965586
見沼区,35.9596526,139.6070716
見沼区,35.9596829,139.5912312
見沼区,35.9597053,139.6020720
見沼区,35.9597275,139.6020358
見沼区,35.9597790,139.6053278
見沼区,35.9598441,139.5983806
見沼区,35.9598469,139.5947170
見沼区,35.9598778,139.6147320
見沼区,35.9600277,139.6137321
見沼区,35.9600467,139.5896618
見沼区,35.9600802,139.5944837
見沼区,35.9600861,139.6176318
見沼区,35.9601443,139.6079242
見沼区,35.9602525,139.6035745
見沼区,35.9602635,139.5991472
見沼区,35.9603053,139.6068327
見沼区,35.9604134,139.5918200
見沼区,35.9605443,139.6100435
見沼区,35.9606109,139.6062827
見沼区,35.9606300,139.5898007
見沼区,35.9607246,139.5978223
見沼区,35.9608636,139.6051189
見沼区,35.9608692,139.6091214
見沼区,35.9610082,139.6149514
見沼区,35.9610637,139.6137460
見沼区,35.9611387,139.6121294
見沼区,35.9611692,139.6120738
見沼区,35.9611800,139.5932227
見沼区,35.9613636,139.6068603
見沼区,35.9616107,139.6047355
見沼区,35.9618969,139.6117822
見沼区,35.9619109,139.6187371
見沼区,35.9619220,139.6153402
見沼区,35.9621552,139.6097823
見沼区,35.9625525,139.6158762
見沼区,35.9625997,139.6129071
見沼区,35.9627997,139.6171067
見沼区,35.9628315,139.6106788
見沼区,35.9628386,139.6169261
見沼区,35.9641523,139.6175899
見沼区,35.9641828,139.6135180
見沼区,35.9641996,139.6175788
見沼区,35.9644772,139.6132041
中央区,35.8555338,139.6391320
中央区,35.8555810,139.6397042
中央区,35.8567448,139.6389681
中央区,35.8569698,139.6395486
中央区,35.8582946,139.6400568
中央区,35.8589612,139.6388236
中央区,35.8589751,139.6394290
中央区,35.8601361,139.6391957
中央区,35.8603138,139.6385846
中央区,35.8603416,139.6378374
中央区,35.8606555,139.6400261
中央区,35.8609970,139.6365348
中央区,35.8616581,139.6382623
中央区,35.8617720,139.6391289
中央区,35.8619108,139.6360542
中央区,35.8620387,139.6400344
中央区,35.8620414,139.6357181
中央区,35.8622275,139.6374373
中央区,35.8624636,139.6390289
中央区,35.8624858,139.6364708
中央区,35.8625191,139.6381207
中央区,35.8626107,139.6349792
中央区,35.8627746,139.6359874
中央区,35.8634495,139.6358708
中央区,35.8635162,139.6380289
中央区,35.8635663,139.6391649
中央区,35.8635912,139.6370262
中央区,35.8636800,139.6328627
中央区,35.8641384,139.6379261
中央区,35.8643495,139.6389983
中央区,35.8645301,139.6397482
中央区,35.8646160,139.6324793
中央区,35.8647355,139.6355819
中央区,35.8650355,139.6375150
中央区,35.8650494,139.6390677
中央区,35.8653715,139.6336598
中央区,35.8654743,139.6361096
中央区,35.8656160,139.6395148
中央区,35.8656854,139.6321488
中央区,35.8656965,139.6313239
中央区,35.8658938,139.6385177
中央区,35.8659021,139.6376317
中央区,35.8659466,139.6409731
中央区,35.8660104,139.6336792
中央区,35.8660186,139.6273742
中央区,35.8660548,139.6354957
中央区,35.8661327,139.6405453
中央区,35.8661994,139.6425534
中央区,35.8663819,139.6302228
中央区,35.8664159,139.6388870
中央区,35.8664185,139.6279935
中央区,35.8664494,139.6299123
中央区,35.8664769,139.6308989
中央区,35.8665963,139.6269242
中央区,35.8665993,139.6401397
中央区,35.8666214,139.6342152
中央区,35.8666450,139.6308839
中央区,35.8668658,139.6332848
中央区,35.8671186,139.6332070
中央区,35.8671604,139.6425479
中央区,35.8671964,139.6386037
中央区,35.8672075,139.6373899
中央区,35.8672452,139.6299214
中央区,35.8672520,139.6394203
中央区,35.8673325,139.6361567
中央区,35.8674242,139.6412313
中央区,35.8674832,139.6314199
中央区,35.8675548,139.6444865
中央区,35.8675713,139.6329403
中央区,35.8675712,139.6306497
中央区,35.8677076,139.6449115
中央区,35.8678520,139.6431589
中央区,35.8678712,139.6272629
中央区,35.8678712,139.6300100
中央区,35.8678935,139.6372760
中央区,35.8678935,139.6330597
中央区,35.8679297,139.6386815
中央区,35.8679322,139.6262519
中央区,35.8680434,139.6280241
中央区,35.8681436,139.6426950
中央区,35.8681658,139.6411535
中央区,35.8682907,139.6348179
中央区,35.8683242,139.6458531
中央区,35.8683767,139.6323875
中央区,35.8683933,139.6287545
中央区,35.8685544,139.6270935
中央区,35.8685599,139.6256242
中央区,35.8686685,139.6371510
中央区,35.8686933,139.6310238
中央区,35.8687655,139.6276879
中央区,35.8688072,139.6293016
中央区,35.8688155,139.6296905
中央区,35.8688268,139.6400285
中央区,35.8689238,139.6275241
中央区,35.8689573,139.6382954
中央区,35.8689738,139.6285434
中央区,35.8689766,139.6298433
中央区,35.8689962,139.6346957
中央区,35.8690044,139.6281990
中央区,35.8690127,139.6292405
中央区,35.8690907,139.6410645
中央区,35.8691015,139.6246270
中央区,35.8692656,139.6366955
中央区,35.8693293,139.6267102
中央区,35.8693765,139.6267741
中央区,35.8694460,139.6274795
中央区,35.8694904,139.6287877
中央区,35.8695376,139.6281184
中央区,35.8695626,139.6255047
中央区,35.8695877,139.6330097
中央区,35.8696017,139.6368399
中央区,35.8696210,139.6298126
中央区,35.8697266,139.6345984
中央区,35.8697376,139.6280045
中央区,35.8697655,139.6358594
中央区,35.8698737,139.6267046
中央区,35.8699655,139.6329819
中央区,35.8699878,139.6369398
中央区,35.8700571,139.6297154
中央区,35.8701072,139.6381119
中央区,35.8701264,139.6245604
中央区,35.8701542,139.6245519
中央区,35.8702042,139.6279184
中央区,35.8702681,139.6277184
中央区,35.8702707,139.6186024
中央区,35.8702904,139.6305292
中央区,35.8702946,139.6330890
中央区,35.8704016,139.6343895
中央区,35.8704181,139.6293321
中央区,35.8705236,139.6257768
中央区,35.8705235,139.6194219
中央区,35.8705459,139.6271267
中央区,35.8707211,139.6392980
中央区,35.8707735,139.6183080
中央区,35.8708014,139.6260407
中央区,35.8708571,139.6379897
中央区,35.8709015,139.6333568
中央区,35.8709043,139.6344345
中央区,35.8709571,139.6373925
中央区,35.8709571,139.6356705
中央区,35.8709599,139.6374036
中央区,35.8709708,139.6276740
中央区,35.8711262,139.6191330
中央区,35.8711625,139.6292626
中央区,35.8712376,139.6367565
中央区,35.8713762,139.6210217
中央区,35.8714650,139.6178997
中央区,35.8715291,139.6282239
中央区,35.8715347,139.6300209
中央区,35.8715430,139.6309487
中央区,35.8715569,139.6266934
中央区,35.8715820,139.6354760
中央区,35.8716334,139.6335972
中央区,35.8718625,139.6317180
中央区,35.8719067,139.6184219
中央区,35.8719570,139.6379147
中央区,35.8721455,139.6168664
中央区,35.8721706,139.6244380
中央区,35.8721736,139.6353955
中央区,35.8722320,139.6365954
中央区,35.8722484,139.6253157
中央区,35.8722901,139.6271072
中央区,35.8723180,139.6335345
中央区,35.8723373,139.6227048
中央区,35.8724594,139.6194884
中央区,35.8724651,139.6287821
中央区,35.8726845,139.6232075
中央区,35.8727208,139.6372342
中央区,35.8727540,139.6297431
中央区,35.8727761,139.6251935
中央区,35.8727930,139.6359565
中央区,35.8728347,139.6379535
中央区,35.8728455,139.6179913
中央区,35.8729291,139.6365064
中央区,35.8729457,139.6317623
中央区,35.8730095,139.6262767
中央区,35.8730705,139.6206494
中央区,35.8730983,139.6222159
中央区,35.8731206,139.6268183
中央区,35.8731846,139.6335539
中央区,35.8732513,139.6346316
中央区,35.8732927,139.6237825
中央区,35.8733093,139.6170302
中央区,35.8733345,139.6278126
中央区,35.8733374,139.6351176
中央区,35.8733816,139.6212355
中央区,35.8736207,139.6380091
中央区,35.8736483,139.6294375
中央区,35.8736568,139.6373341
中央区,35.8737984,139.6363786
中央区,35.8738011,139.6282738
中央区,35.8738455,139.6249434
中央区,35.8738900,139.6309235
中央区,35.8739234,139.6356620
中央区,35.8739565,139.6221743
中央区,35.8739953,139.6173524
中央区,35.8740426,139.6199745
中央区,35.8741039,139.6324817
中央区,35.8741232,139.6264072
中央区,35.8742373,139.6349343
中央区,35.8742818,139.6380201
中央区,35.8743178,139.6339371
中央区,35.8744233,139.6315651
中央区,35.8744565,139.6254740
中央区,35.8744817,139.6335066
中央区,35.8745759,139.6208688
中央区,35.8746178,139.6359481
中央区,35.8746758,139.6187411
中央区,35.8746955,139.6293013
中央区,35.8747260,139.6272154
中央区,35.8747647,139.6161108
中央区,35.8747706,139.6380479
中央区,35.8747759,139.6222186
中央区,35.8747758,139.6153720
中央区,35.8748178,139.6373146
中央区,35.8748370,139.6241074
中央区,35.8748650,139.6348093
中央区,35.8749121,139.6278599
中央区,35.8749258,139.6168802
中央区,35.8749481,139.6247267
中央区,35.8751841,139.6178690
中央区,35.8752094,139.6362368
中央区,35.8752261,139.6373563
中央区,35.8752537,139.6261933
中央区,35.8753730,139.6195549
中央区,35.8755121,139.6328649
中央区,35.8756091,139.6196716
中央区,35.8756397,139.6250045
中央区,35.8757426,139.6306401
中央区,35.8758315,139.6346120
中央区,35.8758536,139.6228879
中央区,35.8759062,139.6162747
中央区,35.8759091,139.6216103
中央区,35.8759092,139.6262238
中央区,35.8759396,139.6203048
中央区,35.8759479,139.6178411
中央区,35.8760565,139.6366368
中央区,35.8760815,139.6367868
中央区,35.8761037,139.6358035
中央区,35.8761646,139.6239934
中央区,35.8761674,139.6200326
中央区,35.8761954,139.6345369
中央区,35.8762980,139.6286236
中央区,35.8763064,139.6285736
中央区,35.8763092,139.6336176
中央区,35.8763784,139.6149248
中央区,35.8763815,139.6365896
中央区,35.8764201,139.6208076
中央区,35.8764649,139.6377756
中央区,35.8765037,139.6331315
中央区,35.8765202,139.6254294
中央区,35.8765923,139.6198131
中央区,35.8766396,139.6258849
中央区,35.8767813,139.6246377
中央区,35.8767951,139.6234823
中央区,35.8768008,139.6317594
中央区,35.8768089,139.6177661
中央区,35.8768231,139.6371034
中央区,35.8768728,139.6161051
中央区,35.8768841,139.6271459
中央区,35.8769199,139.6137553
中央区,35.8769617,139.6182967
中央区,35.8769838,139.6144553
中央区,35.8770146,139.6281097
中央区,35.8770619,139.6334732
中央区,35.8771286,139.6326149
中央区,35.8772172,139.6172689
中央区,35.8772203,139.6346481
中央区,35.8772897,139.6358285
中央区,35.8774369,139.6358896
中央区,35.8775092,139.6368701
中央区,35.8775450,139.6180466
中央区,35.8775839,139.6191605
中央区,35.8776423,139.6230823
中央区,35.8776423,139.6250766
中央区,35.8776893,139.6151524
中央区,35.8777036,139.6376228
中央区,35.8777559,139.6119582
中央区,35.8777672,139.6184160
中央区,35.8778451,139.6258043
中央区,35.8779532,139.6134636
中央区,35.8779642,139.6075947
中央区,35.8779700,139.6216491
中央区,35.8780144,139.6223796
中央区,35.8780174,139.6353480
中央区,35.8780227,139.6207742
中央区,35.8780310,139.6160440
中央区,35.8780312,139.6265903
中央区,35.8781090,139.6324148
中央区,35.8781395,139.6274708
中央区,35.8782008,139.6368367
中央区,35.8782141,139.6044200
中央区,35.8782841,139.6375839
中央区,35.8783115,139.6177216
中央区,35.8783312,139.6333036
中央区,35.8783590,139.6346146
中央区,35.8783729,139.6352785
中央区,35.8783808,139.6065059
中央区,35.8784116,139.6239433
中央区,35.8785144,139.6235433
中央区,35.8786003,139.6107666
中央区,35.8786114,139.6123971
中央区,35.8786282,139.6182771
中央区,35.8786892,139.6157634
中央区,35.8787118,139.6348924
中央区,35.8787142,139.6145274
中央区,35.8787838,139.6246460
中央区,35.8788785,139.6359201
中央区,35.8788779,139.6066725
中央区,35.8788811,139.6254182
中央区,35.8789698,139.6194381
中央区,35.8790613,139.6074530
中央区,35.8790755,139.6261987
中央区,35.8790921,139.6221628
中央区,35.8791112,139.6053142
中央区,35.8791146,139.6375005
中央区,35.8791422,139.6271430
中央区,35.8791642,139.6167328
中央区,35.8791756,139.6321954
中央区,35.8792114,139.6130998
中央区,35.8792143,139.6232822
中央区,35.8792838,139.6289790
中央区,35.8793365,139.6203825
中央区,35.8793533,139.6290928
中央区,35.8794530,139.6106361
中央区,35.8794670,139.6211935
中央区,35.8794946,139.6122970
中央区,35.8795005,139.6304066
中央区,35.8795062,139.6365894
中央区,35.8795089,139.6357951
中央区,35.8795529,139.6098416
中央区,35.8796089,139.6342980
中央区,35.8796253,139.6179744
中央区,35.8796475,139.6179994
中央区,35.8796780,139.6171716
中央区,35.8797144,139.6343868
中央区,35.8797560,139.6250849
中央区,35.8797644,139.6292400
中央区,35.8797700,139.6350340
中央区,35.8799335,139.6142580
中央区,35.8799616,139.6319787
中央区,35.8799671,139.6272874
中央区,35.8799810,139.6273013
中央区,35.8800195,139.6073640
中央区,35.8800448,139.6229072
中央区,35.8800529,139.6122386
中央区,35.8800639,139.6054448
中央区,35.8800950,139.6339730
中央区,35.8801253,139.6218545
中央区,35.8801308,139.6200103
中央区,35.8801588,139.6329425
中央区,35.8801639,139.6046309
中央区,35.8801642,139.6241265
中央区,35.8801642,139.6257959
中央区,35.8801783,139.6372643
中央区,35.8803143,139.6308566
中央区,35.8804032,139.6296511
中央区,35.8804059,139.6248488
中央区,35.8804418,139.6159411
中央区,35.8804695,139.6092555
中央区,35.8804782,139.6286234
中央区,35.8805255,139.6352090
中央区,35.8805377,139.6207813
中央区,35.8805667,139.6106137
中央区,35.8806251,139.6165632
中央区,35.8806699,139.6337702
中央区,35.8806723,139.6126053
中央区,35.8806949,139.6363478
中央区,35.8808476,139.6285817
中央区,35.8808476,139.6334702
中央区,35.8808643,139.6345895
中央区,35.8808670,139.6303149
中央区,35.8808863,139.6188742
中央区,35.8808947,139.6264486
中央区,35.8809999,139.6072668
中央区,35.8810476,139.6327397
中央区,35.8810920,139.6293705
中央区,35.8811643,139.6358089
中央区,35.8811699,139.6354783
中央区,35.8811777,139.6052058
中央区,35.8812332,139.6044587
中央区,35.8812585,139.6215462
中央区,35.8812781,139.6317703
中央区,35.8812777,139.6064224
中央区,35.8812834,139.6146273
中央区,35.8813947,139.6280928
中央区,35.8814030,139.6229322
中央区,35.8814501,139.6204018
中央区,35.8814530,139.6253042
中央区,35.8814753,139.6330424
中央区,35.8815392,139.6331813
中央区,35.8815419,139.6244098
中央区,35.8815416,139.6102999
中央区,35.8816308,139.6304370
中央区,35.8816504,139.6368088
中央区,35.8816779,139.6235654
中央区,35.8816777,139.6096916
中央区,35.8816808,139.6293371
中央区,35.8816948,139.6342923
中央区,35.8817389,139.6137884
中央区,35.8817472,139.6115636
中央区,35.8817583,139.6154217
中央区,35.8818695,139.6162521
中央区,35.8818836,139.6277734
中央区,35.8820115,139.6367060
中央区,35.8820194,139.6124802
中央区,35.8820610,139.6091500
中央区,35.8821447,139.6315925
中央区,35.8822806,139.6212628
中央区,35.8823586,139.6324563
中央区,35.8823725,139.6326230
中央区,35.8823778,139.6198046
中央区,35.8823834,139.6220655
中央区,35.8824141,139.6284428
中央区,35.8824166,139.6175604
中央区,35.8824557,139.6249237
中央区,35.8824836,139.6348255
中央区,35.8824946,139.6291316
中央区,35.8825003,139.6375892
中央区,35.8825223,139.6227071
中央区,35.8825832,139.6106025
中央区,35.8826943,139.6094276
中央区,35.8827392,139.6364199
中央区,35.8827834,139.6240375
中央区,35.8827860,139.6139800
中央区,35.8827972,139.6188046
中央区,35.8828114,139.6404278
中央区,35.8828110,139.6140661
中央区,35.8828332,139.6156577
中央区,35.8828391,139.6360893
中央区,35.8829168,139.6301093
中央区,35.8829612,139.6256486
中央区,35.8830252,139.6313758
中央区,35.8830720,139.6099749
中央区,35.8830862,139.6264790
中央区,35.8831307,139.6321230
中央区,35.8831613,139.6329480
中央区,35.8831609,139.6121385
中央区,35.8831974,139.6340340
中央区,35.8832416,139.6209294
中央区,35.8833167,139.6269900
中央区,35.8833387,139.6147939
中央区,35.8833446,139.6318118
中央区,35.8833443,139.6185074
中央区,35.8833888,139.6223932
中央区,35.8833975,139.6401056
中央区,35.8834363,139.6384252
中央区,35.8835278,139.6281288
中央区,35.8835749,139.6192491
中央区,35.8835778,139.6247958
中央区,35.8836335,139.6369476
中央区,35.8836470,139.6160298
中央区,35.8836696,139.6359477
中央区,35.8837470,139.6134078
中央区,35.8838275,139.6138911
中央区,35.8838697,139.6406945
中央区,35.8838914,139.6103748
中央区,35.8839945,139.6327284
中央区,35.8839972,139.6293287
中央区,35.8840056,139.6327062
中央区,35.8840223,139.6318118
中央区,35.8840526,139.6166215
中央区,35.8840834,139.6337950
中央区,35.8840858,139.6119052
中央区,35.8841054,139.6205711
中央区,35.8841080,139.6112552
中央区,35.8841221,139.6221571
中央区,35.8841223,139.6338089
中央区,35.8841389,139.6313035
中央区,35.8841414,139.6138717
中央区,35.8841500,139.6301231
中央区,35.8841945,139.6350004
中央区,35.8842525,139.6145271
中央区,35.8842973,139.6350393
中央区,35.8843501,139.6364587
中央区,35.8844334,139.6358782
中央区,35.8844556,139.6353671
中央区,35.8844693,139.6234403
中央区,35.8845694,139.6281149
中央区,35.8845834,139.6376225
中央区,35.8846362,139.6369863
中央区,35.8846386,139.6160548
中央区,35.8846720,139.6201350
中央区,35.8846858,139.6161409
中央区,35.8846887,139.6219099
中央区,35.8847555,139.6297536
中央区,35.8847691,139.6105691
中央区,35.8848472,139.6312396
中央区,35.8848553,139.6190712
中央区,35.8848720,139.6211350
中央区,35.8849303,139.6171047
中央区,35.8849608,139.6170908
中央区,35.8849858,139.6159270
中央区,35.8850442,139.6201683
中央区,35.8850555,139.6317896
中央区,35.8850611,139.6361698
中央区,35.8850663,139.6119079
中央区,35.8851137,139.6262067
中央区,35.8851833,139.6331616
中央区,35.8852552,139.6184713
中央区,35.8853107,139.6127328
中央区,35.8854111,139.6346199
中央区,35.8854500,139.6371141
中央区,35.8854728,139.6209713
中央区,35.8855747,139.6231014
中央区,35.8856025,139.6250623
中央区,35.8856998,139.6251679
中央区,35.8857301,139.6139438
中央区,35.8857694,139.6356309
中央区,35.8858468,139.6159964
中央区,35.8858498,139.6259011
中央区,35.8858884,139.6103830
中央区,35.8859608,139.6214821
中央区,35.8859637,139.6308118
中央区,35.8860718,139.6172546
中央区,35.8860885,139.6196989
中央区,35.8860914,139.6270510
中央区,35.8861443,139.6327561
中央区,35.8861498,139.6287759
中央区,35.8861635,139.6182323
中央区,35.8862387,139.6334172
中央区,35.8862859,139.6309646
中央区,35.8862884,139.6158242
中央区,35.8863191,139.6228847
中央区,35.8863524,139.6205210
中央区,35.8864911,139.6119300
中央区,35.8865022,139.6135716
中央区,35.8865832,139.6350614
中央区,35.8865996,139.6212904
中央区,35.8866077,139.6097385
中央区,35.8866609,139.6327589
中央区,35.8866720,139.6337060
中央区,35.8867551,139.6180851
中央区,35.8867634,139.6157964
中央区,35.8868387,139.6347114
中央区,35.8868554,139.6347698
中央区,35.8868881,139.6352892
中央区,35.8869080,139.6264594
中央区,35.8869748,139.6352698
中央区,35.8869774,139.6226958
中央区,35.8869885,139.6221431
中央区,35.8870077,139.6077137
中央区,35.8870106,139.6193211
中央区,35.8870136,139.6277982
中央区,35.8870243,139.6077304
中央区,35.8870497,139.6296618
中央区,35.8870578,139.6169491
中央区,35.8871553,139.6305591
中央区,35.8871579,139.6254900
中央区,35.8871886,139.6323283
中央区,35.8873495,139.6225819
中央区,35.8873965,139.6094885
中央区,35.8874244,139.6168296
中央区,35.8874438,139.6149603
中央区,35.8875135,139.6268677
中央区,35.8875243,139.6113606
中央区,35.8875411,139.6178295
中央区,35.8875885,139.6301396
中央区,35.8876022,139.6197960
中央区,35.8876357,139.6278120
中央区,35.8877219,139.6358558
中央区,35.8877385,139.6302285
中央区,35.8877744,139.6155603
中央区,35.8877913,139.6286647
中央区,35.8878550,139.6208737
中央区,35.8878992,139.6073249
中央区,35.8878995,139.6219597
中央区,35.8879327,139.6164241
中央区,35.8879878,139.6249384
中央区,35.8880163,139.6309006
中央区,35.8880467,139.6231151
中央区,35.8880661,139.6189294
中央区,35.8882745,139.6265094
中央区,35.8882744,139.6222847
中央区,35.8883050,139.6201515
中央区,35.8884134,139.6281369
中央区,35.8884159,139.6121494
中央区,35.8884852,139.6059860
中央区,35.8885325,139.6089247
中央区,35.8886107,139.6313311
中央区,35.8886162,139.6294674
中央区,35.8886187,139.6144408
中央区,35.8886273,139.6313255
中央区,35.8886603,139.6129632
中央区,35.8887049,139.6214098
中央区,35.8887244,139.6214070
中央区,35.8887354,139.6173295
中央区,35.8887408,139.6106079
中央区,35.8888130,139.6069721
中央区,35.8888273,139.6297952
中央区,35.8888743,139.6193488
中央区,35.8889079,139.6326504
中央区,35.8889383,139.6245650
中央区,35.8890049,139.6224430
中央区,35.8890658,139.6077359
中央区,35.8890714,139.6141242
中央区,35.8890853,139.6149880
中央区,35.8890996,139.6348058
中央区,35.8891050,139.6269454
中央区,35.8891994,139.6257205
中央区,35.8892076,139.6185044
中央区,35.8892244,139.6280342
中央区,35.8892355,139.6286563
中央区,35.8892382,139.6202653
中央区,35.8892605,139.6287507
中央区,35.8892796,139.6083691
中央区,35.8893494,139.6295285
中央区,35.8894771,139.6210569
中央区,35.8895466,139.6261259
中央区,35.8895466,139.6292618
中央区,35.8895574,139.6063832
中央区,35.8895769,139.6119966
中央区,35.8895939,139.6329699
中央区,35.8896632,139.6218624
中央区,35.8897658,139.6165517
中央区,35.8898463,139.6103383
中央区,35.8898853,139.6174044
中央区,35.8899351,139.6098634
中央区,35.8900799,139.6292173
中央区,35.8901406,139.6076219
中央区,35.8901490,139.6064414
中央区,35.8901518,139.6086634
中央区,35.8901798,139.6240178
中央区,35.8902075,139.6188349
中央区,35.8902380,139.6180989
中央区,35.8903216,139.6311894
中央区,35.8903379,139.6114577
中央区,35.8903769,139.6180766
中央区,35.8903800,139.6329837
中央区,35.8904603,139.6197320
中央区,35.8905159,139.6250371
中央区,35.8905215,139.6274647
中央区,35.8905491,139.6170794
中央区,35.8905601,139.6103022
中央区,35.8906102,139.6143130
中央区,35.8906993,139.6289562
中央区,35.8907521,139.6287424
中央区,35.8907742,139.6256732
中央区,35.8908716,139.6347640
中央区,35.8908878,139.6067831
中央区,35.8909213,139.6206180
中央区,35.8909824,139.6189988
中央区,35.8909965,139.6294062
中央区,35.8909962,139.6114049
中央区,35.8910517,139.6076774
中央区,35.8911767,139.6089746
中央区,35.8912131,139.6300228
中央区,35.8913130,139.6219707
中央区,35.8913492,139.6306755
中央区,35.8913685,139.6202263
中央区,35.8913770,139.6306616
中央区,35.8913908,139.6250843
中央区,35.8914575,139.6270619
中央区,35.8915490,139.6193431
中央区,35.8916547,139.6285784
中央区,35.8916853,139.6283367
中央区,35.8916879,139.6169211
中央区,35.8917019,139.6277313
中央区,35.8917211,139.6138074
中央区,35.8917437,139.6343001
中央区,35.8917685,139.6245983
中央区,35.8918156,139.6179071
中央区,35.8918296,139.6238205
中央区,35.8919631,139.6339113
中央区,35.8920045,139.6185792
中央区,35.8920186,139.6296755
中央区,35.8920960,139.6083051
中央区,35.8921019,139.6303894
中央区,35.8921297,139.6304543
中央区,35.8921349,139.6071191
中央区,35.8922435,139.6253398
中央区,35.8923045,139.6197986
中央区,35.8923100,139.6135407
中央区,35.8924408,139.6313754
中央区,35.8924547,139.6315003
中央区,35.8924989,139.6189375
中央区,35.8925044,139.6144352
中央区,35.8925128,139.6158739
中央区,35.8925602,139.6264869
中央区,35.8926241,139.6307727
中央区,35.8926380,139.6323309
中央区,35.8926380,139.6324920
中央区,35.8926738,139.6154545
中央区,35.8926793,139.6119715
中央区,35.8926963,139.6281145
中央区,35.8927324,139.6278590
中央区,35.8927491,139.6335447
中央区,35.8927741,139.6314642
中央区,35.8927741,139.6314670
中央区,35.8927795,139.6241370
中央区,35.8927850,139.6177710
中央区,35.8927936,139.6335252
中央区,35.8927961,139.6177793
中央区,35.8929602,139.6301171
中央区,35.8930378,139.6203485
中央区,35.8931297,139.6330197
中央区,35.8931320,139.6103882
中央区,35.8931504,139.6301071
中央区,35.8931960,139.6173321
中央区,35.8932128,139.6251731
中央区,35.8932462,139.6287033
中央区,35.8933931,139.6116520
中央区,35.8934157,139.6290422
中央区,35.8934542,139.6082856
中央区,35.8934738,139.6155766
中央区,35.8934879,139.6303560
中央区,35.8935042,139.6075912
中央区,35.8935184,139.6261368
中央区,35.8935433,139.6237982
中央区,35.8935849,139.6184514
中央区,35.8936404,139.6147378
中央区,35.8937018,139.6310892
中央区,35.8937712,139.6274145
中央区,35.8938045,139.6276479
中央区,35.8938431,139.6098521
中央区,35.8938710,139.6199790
中央区,35.8938849,139.6171432
中央区,35.8939184,139.6317837
中央区,35.8939209,139.6136779
中央区,35.8939573,139.6319669
中央区,35.8941073,139.6316364
中央区,35.8941795,139.6298227
中央区,35.8942017,139.6320091
中央区,35.8942377,139.6258924
中央区,35.8942375,139.6126963
中央区,35.8942989,139.6286478
中央区,35.8943349,139.6252119
中央区,35.8944402,139.6081495
中央区,35.8945627,139.6273062
中央区,35.8946266,139.6270673
中央区,35.8949012,139.6076328
中央区,35.8949346,139.6086327
中央区,35.8949735,139.6099104
中央区,35.8950126,139.6232315
中央区,35.8950126,139.6243703
中央区,35.8950457,139.6116964
中央区,35.8950932,139.6260424
中央区,35.8951571,139.6252146
中央区,35.8952905,139.6296782
中央区,35.8954016,139.6282755
中央区,35.8954568,139.6105936
中央区,35.8955182,139.6268867
中央区,35.8955293,139.6275728
中央区,35.8956682,139.6296032
中央区,35.8957875,139.6229676
中央区,35.8960237,139.6264340
中央区,35.8962153,139.6245757
中央区,35.8962459,139.6253285
中央区,35.8965570,139.6277200
中央区,35.8966347,139.6226676
中央区,35.8971652,139.6259534
中央区,35.8972651,139.6224120
中央区,35.8974208,139.6270616
中央区,35.8974429,139.6228369
中央区,35.8974541,139.6260645
中央区,35.8974568,139.6247174
中央区,35.8979984,139.6255673
中央区,35.8981179,139.6248034
中央区,35.8982872,139.6219454
中央区,35.8983123,139.6264200
中央区,35.8983456,139.6256617
中央区,35.8985039,139.6241368
中央区,35.8988484,139.6252867
中央区,35.8989122,139.6227008
中央区,35.8992289,139.6260950
中央区,35.8993122,139.6244784
中央区,35.8993399,139.6213870
中央区,35.8996288,139.6242617
中央区,35.8997760,139.6234757
中央区,35.8998038,139.6249562
中央区,35.9001926,139.6244451
中央区,35.9001927,139.6254394
中央区,35.9002843,139.6231118
中央区,35.9003843,139.6226730
中央区,35.9005620,139.6207343
中央区,35.9008315,139.6246116
中央区,35.9008897,139.6219618
中央区,35.9011453,139.6212425
中央区,35.9012258,139.6219980
中央区,35.9012953,139.6226813
中央区,35.9013175,139.6203426
中央区,35.9016480,139.6205731
中央区,35.9020063,139.6218035
中央区,35.9022285,139.6221618
桜区,35.8379549,139.6253979
桜区,35.8386409,139.6236285
桜区,35.8389409,139.6269366
桜区,35.8389770,139.6258117
桜区,35.8390520,139.6263338
桜区,35.8390797,139.6245173
桜区,35.8391659,139.6299279
桜区,35.8392270,139.6253117
桜区,35.8392658,139.6247618
桜区,35.8395354,139.6318972
桜区,35.8396130,139.6251256
桜区,35.8397935,139.6216342
桜区,35.8398407,139.6237868
桜区,35.8399990,139.6218786
桜区,35.8401602,139.6259282
桜区,35.8405436,139.6294113
桜区,35.8405795,139.6230951
桜区,35.8406990,139.6211981
桜区,35.8408601,139.6270392
桜区,35.8411019,139.6343442
桜区,35.8412130,139.6312305
桜区,35.8412444,139.6320322
桜区,35.8413047,139.6344386
桜区,35.8413573,139.6240811
桜区,35.8414628,139.6221952
桜区,35.8415658,139.6355552
桜区,35.8415741,139.6331193
桜区,35.8415934,139.6291307
桜区,35.8419322,139.6249616
桜区,35.8421655,139.6234089
桜区,35.8423404,139.6213452
桜区,35.8424878,139.6315249
桜区,35.8425156,139.6324082
桜区,35.8425851,139.6352496
桜区,35.8426155,139.6262670
桜区,35.8426322,139.6303805
桜区,35.8426462,139.6328692
桜区,35.8428183,139.6277807
桜区,35.8429961,139.6323693
桜区,35.8431406,139.6335191
桜区,35.8432820,139.6205730
桜区,35.8433043,139.6233422
桜区,35.8433237,139.6256420
桜区,35.8433821,139.6286945
桜区,35.8435711,139.6323109
桜区,35.8437099,139.6310332
桜区,35.8439876,139.6285806
桜区,35.8442597,139.6247615
桜区,35.8442876,139.6274113
桜区,35.8443210,139.6342634
桜区,35.8444043,139.6349690
桜区,35.8444376,139.6302444
桜区,35.8445874,139.6215423
桜区,35.8447487,139.6313221
桜区,35.8447626,139.6305804
桜区,35.8447735,139.6196480
桜区,35.8448848,139.6318764
桜区,35.8449681,139.6280667
桜区,35.8451541,139.6261364
桜区,35.8451569,139.6239255
桜区,35.8451763,139.6261475
桜区,35.8453042,139.6332441
桜区,35.8453957,139.6211423
桜区,35.8454014,139.6325497
桜区,35.8454070,139.6340746
桜区,35.8454902,139.6272946
桜区,35.8454958,139.6296694
桜区,35.8458513,139.6313914
桜区,35.8458901,139.6230949
桜区,35.8459846,139.6264640
桜区,35.8460180,139.6286666
桜区,35.8462179,139.6241754
桜区,35.8463123,139.6255697
桜区,35.8463483,139.6202812
桜区,35.8463818,139.6298526
桜区,35.8465541,139.6327219
桜区,35.8467040,139.6269084
桜区,35.8467151,139.6309664
桜区,35.8468150,139.6223116
桜区,35.8468455,139.6213339
桜区,35.8468928,139.6279777
桜区,35.8470428,139.6269056
桜区,35.8471066,139.6195757
桜区,35.8472622,139.6219588
桜区,35.8473650,139.6286583
桜区,35.8475399,139.6233476
桜区,35.8475789,139.6294665
桜区,35.8476538,139.6259085
桜区,35.8477692,139.6324229
桜区,35.8477843,139.6205144
桜区,35.8479288,139.6275916
桜区,35.8481982,139.6223281
桜区,35.8482842,139.6211977
桜区,35.8483511,139.6304442
桜区,35.8483705,139.6283387
桜区,35.8483927,139.6263945
桜区,35.8484259,139.6197589
桜区,35.8485065,139.6230004
桜区,35.8487455,139.6316107
桜区,35.8487899,139.6291193
桜区,35.8489593,139.6274222
桜区,35.8489871,139.6296248
桜区,35.8490369,139.6206643
桜区,35.8491341,139.6194978
桜区,35.8491453,139.6218698
桜区,35.8493342,139.6247502
桜区,35.8493677,139.6326550
桜区,35.8494035,139.6187979
桜区,35.8494035,139.6187895
桜区,35.8494343,139.6321301
桜区,35.8495702,139.6214255
桜区,35.8495758,139.6238447
桜区,35.8495898,139.6285471
桜区,35.8496898,139.6314273
桜区,35.8496926,139.6300858
桜区,35.8496980,139.6224587
桜区,35.8502812,139.6200227
桜区,35.8502923,139.6200116
桜区,35.8503953,139.6326328
桜区,35.8504106,139.6293025
桜区,35.8505340,139.6233558
桜区,35.8506034,139.6210337
桜区,35.8508230,139.6288581
桜区,35.8508701,139.6221225
桜区,35.8511257,139.6242057
桜区,35.8511340,139.6242113
桜区,35.8512283,139.6196643
桜区,35.8514729,139.6253166
桜区,35.8514868,139.6282942
桜区,35.8515256,139.6206059
桜区,35.8515256,139.6230807
桜区,35.8517284,139.6263443
桜区,35.8517396,139.6324744
桜区,35.8517505,139.6185117
桜区,35.8517535,139.6304690
桜区,35.8517755,139.6215447
桜区,35.8519340,139.6271665
桜区,35.8519810,139.6193893
桜区,35.8520756,139.6251777
桜区,35.8521172,139.6229557
桜区,35.8521618,139.6316106
桜区,35.8522951,139.6281164
桜区,35.8523477,139.6216891
桜区,35.8523701,139.6291219
桜区,35.8525728,139.6300329
桜区,35.8526755,139.6252333
桜区,35.8527561,139.6281692
桜区,35.8528923,139.6322688
桜区,35.8528922,139.6260943
桜区,35.8529090,139.6334854
桜区,35.8530309,139.6189866
桜区,35.8530559,139.6172061
桜区,35.8530614,139.6171811
桜区,35.8530644,139.6268442
桜区,35.8532808,139.6156980
桜区,35.8534616,139.6301551
桜区,35.8534645,139.6348936
桜区,35.8535087,139.6241112
桜区,35.8535671,139.6280358
桜区,35.8536716,139.6145396
桜区,35.8539141,139.6161979
桜区,35.8539172,139.6320271
桜区,35.8539725,139.6176089
桜区,35.8540922,139.6331381
桜区,35.8540950,139.6341214
桜区,35.8541118,139.6142363
桜区,35.8541697,139.6188838
桜区,35.8541809,139.6270109
桜区,35.8541808,139.6184171
桜区,35.8542811,139.6357185
桜区,35.8543280,139.6191531
桜区,35.8544421,139.6286496
桜区,35.8544957,139.6134909
桜区,35.8545920,139.6276830
桜区,35.8546225,139.6244111
桜区,35.8546918,139.6147674
桜区,35.8547116,139.6348824
桜区,35.8547333,139.6090124
桜区,35.8547472,139.6090095
桜区,35.8547890,139.6165172
桜区,35.8549002,139.6183255
桜区,35.8549224,139.6216002
桜区,35.8549585,139.6176199
桜区,35.8549949,139.6368544
桜区,35.8551078,139.6129070
桜区,35.8551169,139.6265164
桜区,35.8551252,139.6252137
桜区,35.8551781,139.6314660
桜区,35.8551891,139.6227584
桜区,35.8552309,139.6334992
桜区,35.8553031,139.6124645
桜区,35.8553504,139.6326993
桜区,35.8553917,139.6143674
桜区,35.8554198,139.6302633
桜区,35.8554446,139.6196058
桜区,35.8554643,139.6349991
桜区,35.8554893,139.6340907
桜区,35.8555696,139.6240083
桜区,35.8555780,139.6245026
桜区,35.8556778,139.6162200
桜区,35.8557084,139.6207502
桜区,35.8557305,139.6128092
桜区,35.8558252,139.6251387
桜区,35.8558643,139.6366700
桜区,35.8558721,139.6109704
桜区,35.8558724,139.6257081
桜区,35.8558805,139.6109760
桜区,35.8558835,139.6272135
桜区,35.8559530,139.6281051
桜区,35.8559529,139.6217084
桜区,35.8560305,139.6152090
桜区,35.8560416,139.6137841
桜区,35.8560806,139.6172143
桜区,35.8561002,139.6262414
桜区,35.8561696,139.6268997
桜区,35.8562058,139.6309494
桜区,35.8562280,139.6293439
桜区,35.8563252,139.6321937
桜区,35.8563359,139.6070679
桜区,35.8563363,139.6274884
桜区,35.8563445,139.6234527
桜区,35.8564250,139.6185809
桜区,35.8564391,139.6336324
桜区,35.8564445,139.6213612
桜区,35.8564471,139.6119342
桜区,35.8564471,139.6119536
桜区,35.8564943,139.6080623
桜区,35.8564974,139.6278884
桜区,35.8567527,139.6173671
桜区,35.8568305,139.6200390
桜区,35.8568306,139.6253164
桜区,35.8568336,139.6341879
桜区,35.8569391,139.6364127
桜区,35.8569473,139.6269719
桜区,35.8570082,139.6164977
桜区,35.8570168,139.6289245
桜区,35.8570276,139.6111954
桜区,35.8570359,139.6072929
桜区,35.8570638,139.6148840
桜区,35.8571083,139.6210862
桜区,35.8571112,139.6296771
桜区,35.8572584,139.6264802
桜区,35.8573000,139.6218306
桜区,35.8573195,139.6282633
桜区,35.8573943,139.6180476
桜区,35.8574193,139.6156894
桜区,35.8574304,139.6134980
桜区,35.8574445,139.6306854
桜区,35.8574525,139.6084345
桜区,35.8574831,139.6102315
桜区,35.8575612,139.6300494
桜区,35.8576054,139.6193919
桜区,35.8576414,139.6120064
桜区,35.8576445,139.6318964
桜区,35.8576749,139.6234526
桜区,35.8579084,139.6300132
桜区,35.8579307,139.6350822
桜区,35.8580137,139.6150839
桜区,35.8580223,139.6334768
桜区,35.8580418,139.6362238
桜区,35.8580889,139.6312159
桜区,35.8581166,139.6271440
桜区,35.8581222,139.6261219
桜区,35.8581388,139.6250720
桜区,35.8582082,139.6214139
桜区,35.8583108,139.6138007
桜区,35.8583136,139.6167142
桜区,35.8583137,139.6182558
桜区,35.8583917,139.6338740
桜区,35.8584108,139.6110092
桜区,35.8585195,139.6319575
桜区,35.8585442,139.6195029
桜区,35.8586776,139.6236942
桜区,35.8587247,139.6147728
桜区,35.8587795,139.6340234
桜区,35.8587833,139.6295188
桜区,35.8587941,139.6122508
桜区,35.8587967,139.6008294
桜区,35.8588552,139.6160782
桜区,35.8588805,139.6307881
桜区,35.8589166,139.6275245
桜区,35.8589274,139.6097371
桜区,35.8590526,139.6247385
桜区,35.8591304,139.6285799
桜区,35.8591414,139.6210666
桜区,35.8591525,139.6210666
桜区,35.8591689,139.6021154
桜区,35.8591746,139.6134034
桜区,35.8591828,139.6021599
桜区,35.8592387,139.6257302
桜区,35.8593916,139.6323796
桜区,35.8593914,139.6191252
桜区,35.8594777,139.6311492
桜区,35.8594803,139.6226637
桜区,35.8594912,139.6112202
桜区,35.8594941,139.6178614
桜区,35.8595774,139.6146950
桜区,35.8595937,139.5980935
桜区,35.8596104,139.5981185
桜区,35.8596301,139.6131618
桜区,35.8597499,139.6335267
桜区,35.8598192,139.6238914
桜区,35.8599076,139.5993323
桜区,35.8599246,139.6201195
桜区,35.8599776,139.6301659
桜区,35.8601054,139.6342850
桜区,35.8601159,139.6000961
桜区,35.8601218,139.6155949
桜区,35.8601717,139.6118452
桜区,35.8601830,139.6249802
桜区,35.8601971,139.6325712
桜区,35.8602581,139.6288105
桜区,35.8602579,139.6167559
桜区,35.8603024,139.6224443
桜区,35.8603465,139.6039736
桜区,35.8603633,139.6106731
桜区,35.8604131,139.5983630
桜区,35.8604191,139.6261023
桜区,35.8604276,139.6315185
桜区,35.8604439,139.6139533
桜区,35.8604687,139.6013932
桜区,35.8604853,139.5971020
桜区,35.8605273,139.6175947
桜区,35.8606051,139.6185974
桜区,35.8607217,139.6126312
桜区,35.8607775,139.6275244
桜区,35.8608081,139.6297575
桜区,35.8608691,139.6233831
桜区,35.8609603,139.5982574
桜区,35.8609995,139.6196778
桜区,35.8610327,139.6114508
桜区,35.8610492,139.5999600
桜区,35.8610552,139.6251607
桜区,35.8610603,139.5989629
桜区,35.8610686,139.5964992
桜区,35.8611025,139.6325490
桜区,35.8611133,139.6132450
桜区,35.8611552,139.6291104
桜区,35.8611940,139.6201000
桜区,35.8612161,139.6171753
桜区,35.8612298,139.6021015
桜区,35.8612328,139.6160559
桜区,35.8612632,139.6096509
桜区,35.8612686,139.6006099
桜区,35.8613075,139.6014488
桜区,35.8613413,139.6263689
桜区,35.8613608,139.6298564
桜区,35.8613855,139.6146477
桜区,35.8614939,139.6182002
桜区,35.8615191,139.6306379
桜区,35.8615192,139.6344460
桜区,35.8615328,139.6181974
桜区,35.8615566,139.6297697
桜区,35.8615636,139.6314379
桜区,35.8616134,139.6220126
桜区,35.8616531,139.6230773
桜区,35.8616743,139.6113340
桜区,35.8616771,139.6125589
桜区,35.8617717,139.6193528
桜区,35.8617852,139.6313429
桜区,35.8617963,139.5973046
桜区,35.8618019,139.5998628
桜区,35.8618546,139.5973019
桜区,35.8618741,139.5980462
桜区,35.8618825,139.6034014
桜区,35.8620302,139.6335516
桜区,35.8620772,139.6228292
桜区,35.8621077,139.6168225
桜区,35.8621218,139.6272160
桜区,35.8621215,139.6096259
桜区,35.8621633,139.6198650
桜区,35.8622188,139.6151004
桜区,35.8622490,139.5956186
桜区,35.8622660,139.6140560
桜区,35.8622685,139.6005849
桜区,35.8623578,139.6246773
桜区,35.8623962,139.5965935
桜区,35.8623995,139.6288354
桜区,35.8624018,139.5998378
桜区,35.8624189,139.6222831
桜区,35.8624397,139.6239491
桜区,35.8624741,139.6046263
桜区,35.8625660,139.6190195
桜区,35.8626382,139.6182334
桜区,35.8626823,139.5978545
桜区,35.8626885,139.6332544
桜区,35.8626879,139.5978351
桜区,35.8626990,139.6014570
桜区,35.8627551,139.6298518
桜区,35.8627629,139.5990044
桜区,35.8627994,139.6262632
桜区,35.8628271,139.6164808
桜区,35.8628379,139.5988628
桜区,35.8628603,139.6120144
桜区,35.8629189,139.6257550
桜区,35.8629437,139.6139005
桜区,35.8629740,139.6039457
桜区,35.8630687,139.6153753
桜区,35.8630688,139.6234358
桜区,35.8631161,139.6300046
桜区,35.8632023,139.6307324
桜区,35.8632050,139.6281798
桜区,35.8632156,139.5972379
桜区,35.8632213,139.6097369
桜区,35.8632298,139.6199111
桜区,35.8632323,139.6008320
桜区,35.8632660,139.6221775
桜区,35.8632711,139.5961657
桜区,35.8632851,139.6025847
桜区,35.8632851,139.6036374
桜区,35.8632906,139.6023652
桜区,35.8633211,139.5977434
桜区,35.8633408,139.6112618
桜区,35.8634100,139.6000404
桜区,35.8634295,139.5990155
桜区,35.8634383,139.6292658
桜区,35.8634573,139.6053234
桜区,35.8634686,139.6146392
桜区,35.8634745,139.6316101
桜区,35.8634963,139.6274906
桜区,35.8635075,139.6133393
桜区,35.8635659,139.6185888
桜区,35.8635993,139.6205943
桜区,35.8636077,139.6287019
桜区,35.8636354,139.6239746
桜区,35.8637966,139.6252133
桜区,35.8639077,139.6293296
桜区,35.8639272,139.6293074
桜区,35.8639381,139.6213303
桜区,35.8639438,139.6303546
桜区,35.8639547,139.6173139
桜区,35.8639573,139.6034013
桜区,35.8639628,139.6036179
桜区,35.8639738,139.5965574
桜区,35.8640741,139.6142170
桜区,35.8640850,139.6004042
桜区,35.8641102,139.6158835
桜区,35.8641465,139.6263105
桜区,35.8641627,139.5989655
桜区,35.8641686,139.6195776
桜区,35.8642019,139.6183027
桜区,35.8642046,139.6125421
桜区,35.8642185,139.6125616
桜区,35.8642353,139.6223163
桜区,35.8642349,139.5954796
桜区,35.8642380,139.6171695
桜区,35.8643128,139.6026040
桜区,35.8644077,139.6310573
桜区,35.8645157,139.6114728
桜区,35.8645321,139.5985628
桜区,35.8645406,139.6046067
桜区,35.8645822,139.6044039
桜区,35.8645910,139.6278630
桜区,35.8645964,139.6227441
桜区,35.8646073,139.6102257
桜区,35.8646099,139.5975878
桜区,35.8646320,139.5938798
桜区,35.8646382,139.6289379
桜区,35.8646658,139.6181388
桜区,35.8646875,139.5900107
桜区,35.8647182,139.5962157
桜区,35.8647242,139.6217997
桜区,35.8647353,139.6251272
桜区,35.8647352,139.6152364
桜区,35.8647382,139.6299241
桜区,35.8647989,139.6055316
桜区,35.8649659,139.6260355
桜区,35.8649686,139.6204636
桜区,35.8651296,139.6190693
桜区,35.8651959,139.5990932
桜区,35.8652437,139.6300101
桜区,35.8652932,139.6037095
桜区,35.8653155,139.6065621
桜区,35.8653154,139.5998070
桜区,35.8653490,139.6145641
桜区,35.8653850,139.6096951
桜区,35.8654184,139.6133392
桜区,35.8654492,139.6269243
桜区,35.8654629,139.6160557
桜区,35.8654709,139.5974739
桜区,35.8655153,139.5952657
桜区,35.8655214,139.6284629
桜区,35.8655321,139.6023485
桜区,35.8655627,139.6044483
桜区,35.8656018,139.6214163
桜区,35.8656018,139.6171695
桜区,35.8657405,139.6104839
桜区,35.8657907,139.6198470
桜区,35.8658461,139.6121782
桜区,35.8658935,139.6237161
桜区,35.8658986,139.5991793
桜区,35.8659101,139.6176194
桜区,35.8659542,139.5999709
桜区,35.8659764,139.5979017
桜区,35.8659819,139.5964045
桜区,35.8659963,139.6261909
桜区,35.8660352,139.6224884
桜区,35.8660434,139.6152224
桜区,35.8660935,139.6212274
桜区,35.8660991,139.6291935
桜区,35.8661101,139.6200359
桜区,35.8661680,139.5970989
桜区,35.8661876,139.6044899
桜区,35.8661973,139.6030150
桜区,35.8662184,139.6188915
桜区,35.8662268,139.6256048
桜区,35.8662346,139.5930408
桜区,35.8662654,139.6084008
桜区,35.8663100,139.6166834
桜区,35.8663461,139.6157446
桜区,35.8664238,139.6115560
桜区,35.8664266,139.6144141
桜区,35.8664654,139.6052065
桜区,35.8664852,139.6253965
桜区,35.8664930,139.5985377
桜区,35.8665959,139.6063842
桜区,35.8666100,139.6200109
桜区,35.8666627,139.6109171
桜区,35.8666736,139.5994153
桜区,35.8667268,139.6246077
桜区,35.8667962,139.6229995
桜区,35.8669210,139.6121920
桜区,35.8669738,139.6127337
桜区,35.8670071,139.6139475
桜区,35.8670153,139.6074341
桜区,35.8670528,139.6040794
桜区,35.8670625,139.6028150
桜区,35.8670989,139.6236522
桜区,35.8671156,139.6211663
桜区,35.8671294,139.6184637
桜区,35.8671433,139.6201414
桜区,35.8671544,139.6160445
桜区,35.8671877,139.6172444
桜区,35.8672651,139.5955712
桜区,35.8672956,139.5924603
桜区,35.8673403,139.6053232
桜区,35.8673901,139.5967128
桜区,35.8674153,139.6102756
桜区,35.8674459,139.6078980
桜区,35.8674678,139.5909077
桜区,35.8675267,139.6249576
桜区,35.8675374,139.6018513
桜区,35.8675376,139.6150474
桜区,35.8675572,139.6222357
桜区,35.8675930,139.6067119
桜区,35.8676320,139.6130586
桜区,35.8677320,139.6092672
桜区,35.8678600,139.6230800
桜区,35.8678626,139.6144502
桜区,35.8678710,139.6187664
桜区,35.8679404,139.6194359
桜区,35.8679653,139.6124031
桜区,35.8680011,139.5936907
桜区,35.8680127,139.6217273
桜区,35.8680150,139.5957628
桜区,35.8680793,139.6169944
桜区,35.8681012,139.6027650
桜区,35.8681511,139.5966767
桜区,35.8681711,139.6240771
桜区,35.8681956,139.5994764
桜区,35.8682429,139.6046815
桜区,35.8683205,139.5927797
桜区,35.8683265,139.6159472
桜区,35.8683319,139.6104532
桜区,35.8683903,139.6118115
桜区,35.8684013,139.6082784
桜区,35.8685292,139.6176749
桜区,35.8685432,139.6199691
桜区,35.8685664,139.6009929
桜区,35.8685681,139.6182553
桜区,35.8685704,139.5904272
桜区,35.8685765,139.6224217
桜区,35.8685904,139.6216190
桜区,35.8686349,139.6234299
桜区,35.8686459,139.6192303
桜区,35.8686459,139.6150556
桜区,35.8686569,139.6109865
桜区,35.8686931,139.6168166
桜区,35.8688234,139.6034094
桜区,35.8688359,139.6050247
桜区,35.8688399,139.5946018
桜区,35.8688538,139.5919408
桜区,35.8688652,139.6084839
桜区,35.8688955,139.5960461
桜区,35.8688987,139.6183720
桜区,35.8689320,139.6208134
桜区,35.8689820,139.6192385
桜区,35.8690261,139.6013284
桜区,35.8690263,139.6099310
桜区,35.8690371,139.5937074
桜区,35.8690707,139.6091700
桜区,35.8692375,139.6158027
桜区,35.8692816,139.6001763
桜区,35.8692972,139.6171726
桜区,35.8693207,139.6082700
桜区,35.8693399,139.5985986
桜区,35.8693429,139.6115337
桜区,35.8694207,139.6096255
桜区,35.8694569,139.6142862
桜区,35.8694788,139.5975237
桜区,35.8694904,139.6244937
桜区,35.8696094,139.5993625
桜区,35.8696342,139.5895772
桜区,35.8696537,139.5930324
桜区,35.8697539,139.6067618
桜区,35.8698731,139.5905493
桜区,35.8699259,139.5951405
桜区,35.8699676,139.5960571
桜区,35.8700232,139.6008706
桜区,35.8700290,139.6111365
桜区,35.8700317,139.6057702
桜区,35.8701513,139.6175720
桜区,35.8701625,139.6224910
桜区,35.8702038,139.6050953
桜区,35.8702209,139.6245353
桜区,35.8702739,139.6220342
桜区,35.8702790,139.6158666
桜区,35.8702813,139.5886716
桜区,35.8703150,139.6100198
桜区,35.8703735,139.6163193
桜区,35.8703841,139.5916408
桜区,35.8704037,139.5983264
桜区,35.8704454,139.6006623
桜区,35.8704508,139.5938156
桜区,35.8704508,139.5926046
桜区,35.8704955,139.6034371
桜区,35.8705037,139.5993624
桜区,35.8705091,139.5907103
桜区,35.8705706,139.6147138
桜区,35.8705902,139.6244103
桜区,35.8706010,139.6039620
桜区,35.8706007,139.5895104
桜区,35.8706510,139.6039759
桜区,35.8708787,139.6024566
桜区,35.8708788,139.6081894
桜区,35.8709011,139.6121668
桜区,35.8709041,139.6233131
桜区,35.8709148,139.6018372
桜区,35.8709595,139.6147722
桜区,35.8709707,139.6225827
桜区,35.8710150,139.6115919
桜区,35.8710565,139.6013649
桜区,35.8710593,139.6069757
桜区,35.8711257,139.5881466
桜区,35.8712063,139.5944600
桜区,35.8712372,139.6105892
桜区,35.8712428,139.6168192
桜区,35.8713174,139.5906158
桜区,35.8713258,139.5974847
桜区,35.8713652,139.6237409
桜区,35.8714342,139.5991346
桜区,35.8714340,139.5894854
桜区,35.8714785,139.5932823
桜区,35.8714844,139.6134167
桜区,35.8715482,139.6094281
桜区,35.8715510,139.6094420
桜区,35.8715592,139.6042925
桜区,35.8716538,139.6141333
桜区,35.8716648,139.6060395
桜区,35.8717589,139.5883994
桜区,35.8717759,139.6074450
桜区,35.8719979,139.5951793
桜区,35.8720122,139.6156971
桜区,35.8720507,139.5960376
桜区,35.8721177,139.6135417
桜区,35.8721173,139.5920296
桜区,35.8721231,139.6038870
桜区,35.8721289,139.6215521
桜区,35.8721315,139.6110503
桜区,35.8721536,139.6039009
桜区,35.8721617,139.5875938
桜区,35.8721784,139.5906270
桜区,35.8722230,139.5990540
桜区,35.8722256,139.5888159
桜区,35.8722922,139.5894437
桜区,35.8723676,139.6123029
桜区,35.8723841,139.6019537
桜区,35.8723953,139.6076478
桜区,35.8723953,139.6076727
桜区,35.8724036,139.6019676
桜区,35.8724315,139.6099365
桜区,35.8724454,139.6099559
桜区,35.8724702,139.6029981
桜区,35.8724841,139.6029981
桜区,35.8725649,139.6152276
桜区,35.8725647,139.6056507
桜区,35.8725842,139.6056840
桜区,35.8726020,139.5940655
桜区,35.8728034,139.5976791
桜区,35.8728093,139.6147332
桜区,35.8728423,139.5959070
桜区,35.8728732,139.6143388
桜区,35.8729148,139.6111724
桜区,35.8729369,139.6075005
桜区,35.8729925,139.6067589
桜区,35.8729924,139.6045424
桜区,35.8729980,139.6067672
桜区,35.8730008,139.6045535
桜区,35.8730203,139.6128445
桜区,35.8731953,139.6091059
桜区,35.8732036,139.6091226
桜区,35.8732731,139.6122223
桜区,35.8734200,139.5970569
桜区,35.8734424,139.6041869
桜区,35.8734563,139.6041785
桜区,35.8734675,139.6138750
桜区,35.8735590,139.6036480
桜区,35.8735701,139.6036508
桜区,35.8735952,139.6060117
桜区,35.8736008,139.6107807
桜区,35.8736035,139.6060089
桜区,35.8736228,139.5989262
桜区,35.8736286,139.6108224
桜区,35.8736453,139.6159081
桜区,35.8736840,139.6020982
桜区,35.8736840,139.6021176
桜区,35.8737703,139.6134527
桜区,35.8738508,139.6096586
桜区,35.8738619,139.6096725
桜区,35.8739840,139.6073977
桜区,35.8739896,139.6074143
桜区,35.8740727,139.5961102
桜区,35.8740839,139.5997122
桜区,35.8741230,139.6113529
桜区,35.8741313,139.6113640
桜区,35.8741951,139.6057006
桜区,35.8741951,139.6057144
桜区,35.8742396,139.6086976
桜区,35.8742451,139.6087198
桜区,35.8742644,139.5974596
桜区,35.8742951,139.6046534
桜区,35.8743062,139.6046312
桜区,35.8744813,139.6124473
桜区,35.8744868,139.6099503
桜区,35.8744896,139.6099058
桜区,35.8744949,139.5983706
桜区,35.8745035,139.6124889
桜区,35.8745145,139.6034202
桜区,35.8745311,139.6034091
桜区,35.8747646,139.6136360
桜区,35.8747646,139.6136360
桜区,35.8749451,139.6114889
桜区,35.8749824,139.5996519
桜区,35.8749868,139.6145582
桜区,35.8749952,139.6145943
桜区,35.8750117,139.6066616
桜区,35.8750144,139.6022870
桜区,35.8750171,139.5988489
桜区,35.8750311,139.6066782
桜区,35.8750423,139.6116223
桜区,35.8753284,139.6128777
桜区,35.8753284,139.6128611
桜区,35.8754310,139.6033285
桜区,35.8754588,139.6051506
桜区,35.8754867,139.6100835
桜区,35.8754895,139.6101224
桜区,35.8755783,139.6044895
桜区,35.8756145,139.6138860
桜区,35.8756201,139.6138832
桜区,35.8756255,139.6063532
桜区,35.8756422,139.6088780
桜区,35.8756728,139.6088780
桜区,35.8756809,139.5998315
桜区,35.8757629,139.5987122
桜区,35.8758087,139.5973400
桜区,35.8759670,139.5961596
桜区,35.8760072,139.5945798
桜区,35.8760171,139.6033007
桜区,35.8760505,139.6077531
桜区,35.8760533,139.6077837
桜区,35.8761365,139.6023980
桜区,35.8763005,139.6085891
桜区,35.8763116,139.6085919
桜区,35.8764394,139.6099113
桜区,35.8764422,139.6099140
桜区,35.8765672,139.6135249
桜区,35.8765727,139.6134887
桜区,35.8765921,139.6071781
桜区,35.8766061,139.6124222
桜区,35.8766421,139.6110195
桜区,35.8766588,139.6110251
桜区,35.8766699,139.6123861
桜区,35.8766725,139.6003121
桜区,35.8767087,139.6036034
桜区,35.8767226,139.6046003
桜区,35.8767449,139.6083947
桜区,35.8768616,139.6137998
桜区,35.8769199,139.6137636
桜区,35.8769282,139.6074281
桜区,35.8770281,139.6057199
桜区,35.8771670,139.6061782
桜区,35.8771946,139.5973123
桜区,35.8772866,139.6127693
桜区,35.8773032,139.6128026
桜区,35.8773226,139.6088113
桜区,35.8773281,139.6088279
桜区,35.8775253,139.6067504
桜区,35.8775447,139.6025562
桜区,35.8775947,139.6054616
桜区,35.8776085,139.6010592
桜区,35.8776558,139.6042644
桜区,35.8776585,139.5961735
桜区,35.8777266,139.5999859
桜区,35.8777363,139.5984594
桜区,35.8782447,139.6051643
桜区,35.8783446,139.5998597
桜区,35.8784751,139.5978761
桜区,35.8784973,139.6007924
桜区,35.8785001,139.5987065
桜区,35.8785585,139.6025979
桜区,35.8791806,139.6041810
桜区,35.8791931,139.6004952
桜区,35.8792000,139.5986387
桜区,35.8794138,139.5974594
桜区,35.8796778,139.6028117
桜区,35.8799694,139.6033978
桜区,35.8807138,139.6039616
桜区,35.8811443,139.6028255
桜区,35.8817332,139.6054614
桜区,35.8818499,139.6071890
桜区,35.8821498,139.6038587
桜区,35.8824443,139.6081083
桜区,35.8824497,139.6044809
桜区,35.8825025,139.6058585
桜区,35.8827469,139.6028171
桜区,35.8830386,139.6080111
桜区,35.8832969,139.6087444
桜区,35.8834468,139.6033948
桜区,35.8834469,139.6071806
桜区,35.8834608,139.6061557
桜区,35.8835274,139.6043364
桜区,35.8836830,139.6084638
桜区,35.8843524,139.6087860
桜区,35.8844079,139.6066251
桜区,35.8844384,139.6053390
桜区,35.8844717,139.6037864
桜区,35.8845690,139.6076722
桜区,35.8850662,139.6060584
桜区,35.8851023,139.6080832
桜区,35.8851662,139.6092692
桜区,35.8851828,139.6053252
桜区,35.8853800,139.6037697
桜区,35.8853828,139.6071250
桜区,35.8854245,139.6086110
桜区,35.8859910,139.6046390
桜区,35.8859994,139.6046585
桜区,35.8860855,139.6085942
桜区,35.8861160,139.6049167
桜区,35.8861577,139.6075443
桜区,35.8865104,139.6059972
桜区,35.8870576,139.6043834
桜区,35.8871326,139.6052834
桜区,35.8873173,139.6063236
桜区,35.8879436,139.6043501
桜区,35.8883158,139.6050194
浦和区,35.8471906,139.6603445
浦和区,35.8472128,139.6611306
浦和区,35.8473100,139.6589362
浦和区,35.8473545,139.6597140
浦和区,35.8478434,139.6628387
浦和区,35.8481627,139.6582947
浦和区,35.8483627,139.6585862
浦和区,35.8483822,139.6608638
浦和区,35.8483849,139.6617360
浦和区,35.8484183,139.6617249
浦和区,35.8484710,139.6594279
浦和区,35.8486071,139.6613722
浦和区,35.8488682,139.6628525
浦和区,35.8490016,139.6642496
浦和区,35.8490071,139.6642719
浦和区,35.8491015,139.6593889
浦和区,35.8491515,139.6579974
浦和区,35.8494820,139.6609194
浦和区,35.8496042,139.6571197
浦和区,35.8496904,139.6626303
浦和区,35.8499875,139.6580862
浦和区,35.8501069,139.6570475
浦和区,35.8501097,139.6595639
浦和区,35.8501986,139.6605749
浦和区,35.8503014,139.6616637
浦和区,35.8503901,139.6531922
浦和区,35.8503957,139.6519673
浦和区,35.8503985,139.6543893
浦和区,35.8503984,139.6507646
浦和区,35.8504151,139.6493953
浦和区,35.8504292,139.6631857
浦和区,35.8505320,139.6643579
浦和区,35.8508846,139.6591195
浦和区,35.8509021,139.6564652
浦和区,35.8509318,139.6574446
浦和区,35.8509790,139.6552698
浦和区,35.8509984,139.6529033
浦和区,35.8512041,139.6628385
浦和区,35.8512264,139.6650884
浦和区,35.8512458,139.6650606
浦和区,35.8512735,139.6600027
浦和区,35.8514180,139.6641162
浦和区,35.8514819,139.6640968
浦和区,35.8515651,139.6592916
浦和区,35.8515650,139.6509340
浦和区,35.8515874,139.6607554
浦和区,35.8516401,139.6579511
浦和区,35.8516511,139.6521172
浦和区,35.8517152,139.6650828
浦和区,35.8517651,139.6616803
浦和区,35.8518289,139.6536643
浦和区,35.8518678,139.6543087
浦和区,35.8518819,139.6662604
浦和区,35.8519234,139.6565307
浦和区,35.8520179,139.6628719
浦和区,35.8520872,139.6550447
浦和区,35.8522817,139.6609332
浦和区,35.8523399,139.6514700
浦和区,35.8523455,139.6555586
浦和区,35.8523899,139.6534477
浦和区,35.8526428,139.6631718
浦和区,35.8528038,139.6574889
浦和区,35.8528123,139.6647911
浦和区,35.8528734,139.6665077
浦和区,35.8529178,139.6621746
浦和区,35.8529538,139.6550613
浦和区,35.8529732,139.6533892
浦和区,35.8529760,139.6563585
浦和区,35.8530039,139.6601832
浦和区,35.8530233,139.6585805
浦和区,35.8531316,139.6609803
浦和区,35.8531343,139.6550586
浦和区,35.8532842,139.6514950
浦和区,35.8533567,139.6659716
浦和区,35.8534233,139.6639383
浦和区,35.8534816,139.6618830
浦和区,35.8535511,139.6618885
浦和区,35.8535706,139.6654882
浦和区,35.8536149,139.6593776
浦和区,35.8536734,139.6670770
浦和区,35.8537176,139.6576167
浦和区,35.8537344,139.6630579
浦和区,35.8537538,139.6630884
浦和区,35.8538037,139.6550336
浦和区,35.8538240,139.6581472
浦和区,35.8539758,139.6524032
浦和区,35.8539815,139.6554390
浦和区,35.8539872,139.6631690
浦和区,35.8540066,139.6631745
浦和区,35.8540370,139.6534448
浦和区,35.8540927,139.6610303
浦和区,35.8541091,139.6509255
浦和区,35.8542205,139.6645522
浦和区,35.8542647,139.6548530
浦和区,35.8542869,139.6502422
浦和区,35.8543676,139.6593526
浦和区,35.8544037,139.6586332
浦和区,35.8544268,139.6625834
浦和区,35.8544316,139.6641633
浦和区,35.8544704,139.6602553
浦和区,35.8545120,139.6570428
浦和区,35.8545535,139.6505005
浦和区,35.8546202,139.6511089
浦和区,35.8546815,139.6647549
浦和区,35.8546980,139.6522643
浦和区,35.8548647,139.6577666
浦和区,35.8548787,139.6607969
浦和区,35.8548897,139.6532059
浦和区,35.8549925,139.6554112
浦和区,35.8550369,139.6562945
浦和区,35.8551287,139.6631578
浦和区,35.8551675,139.6615802
浦和区,35.8551758,139.6587165
浦和区,35.8552118,139.6514671
浦和区,35.8552480,139.6546918
浦和区,35.8553314,139.6579416
浦和区,35.8553479,139.6519449
浦和区,35.8554008,139.6591248
浦和区,35.8554285,139.6524309
浦和区,35.8555117,139.6462814
浦和区,35.8556756,139.6465425
浦和区,35.8557784,139.6522448
浦和区,35.8557952,139.6596664
浦和区,35.8558174,139.6544918
浦和区,35.8558228,139.6481979
浦和区,35.8558730,139.6569472
浦和区,35.8558897,139.6605774
浦和区,35.8559395,139.6527976
浦和区,35.8559618,139.6558695
浦和区,35.8559672,139.6452120
浦和区,35.8559728,139.6512227
浦和区,35.8560619,139.6616412
浦和区,35.8560925,139.6656409
浦和区,35.8561008,139.6621356
浦和区,35.8561146,139.6581943
浦和区,35.8561342,139.6644660
浦和区,35.8562175,139.6636438
浦和区,35.8562784,139.6530613
浦和区,35.8564728,139.6498894
浦和区,35.8565202,139.6597331
浦和区,35.8565202,139.6597331
浦和区,35.8565283,139.6482784
浦和区,35.8566742,139.6544507
浦和区,35.8567173,139.6555361
浦和区,35.8567229,139.6609968
浦和区,35.8567451,139.6568305
浦和区,35.8567532,139.6444676
浦和区,35.8567755,139.6525780
浦和区,35.8567949,139.6473868
浦和区,35.8568449,139.6461231
浦和区,35.8568756,139.6587747
浦和区,35.8570755,139.6510254
浦和区,35.8571394,139.6530058
浦和区,35.8571979,139.6619800
浦和区,35.8572007,139.6646909
浦和区,35.8572283,139.6542335
浦和区,35.8572422,139.6518670
浦和区,35.8572506,139.6598163
浦和区,35.8572617,139.6598107
浦和区,35.8572866,139.6506727
浦和区,35.8574007,139.6636077
浦和区,35.8574839,139.6603052
浦和区,35.8575475,139.6434066
浦和区,35.8576089,139.6586497
浦和区,35.8576753,139.6443287
浦和区,35.8577309,139.6451869
浦和区,35.8577615,139.6471201
浦和区,35.8577838,139.6552667
浦和区,35.8577867,139.6590608
浦和区,35.8577894,139.6559722
浦和区,35.8577977,139.6528363
浦和区,35.8578450,139.6574721
浦和区,35.8578811,139.6563527
浦和区,35.8578809,139.6477117
浦和区,35.8579337,139.6492866
浦和区,35.8580143,139.6541778
浦和区,35.8582310,139.6529779
浦和区,35.8582309,139.6506614
浦和区,35.8582422,139.6617328
浦和区,35.8582700,139.6602523
浦和区,35.8582782,139.6552444
浦和区,35.8583003,139.6497921
浦和区,35.8583588,139.6581720
浦和区,35.8583589,139.6647353
浦和区,35.8583698,139.6517725
浦和区,35.8583753,139.6503726
浦和区,35.8584030,139.6412734
浦和区,35.8584531,139.6525336
浦和区,35.8584894,139.6634243
浦和区,35.8585196,139.6430344
浦和区,35.8585280,139.6426316
浦和区,35.8585561,139.6652352
浦和区,35.8586144,139.6603829
浦和区,35.8586391,139.6440954
浦和区,35.8586532,139.6560194
浦和区,35.8586586,139.6448064
浦和区,35.8587309,139.6537057
浦和区,35.8587335,139.6451203
浦和区,35.8587727,139.6611689
浦和区,35.8587863,139.6460202
浦和区,35.8587893,139.6549722
浦和区,35.8588002,139.6467034
浦和区,35.8588811,139.6656464
浦和区,35.8589363,139.6471284
浦和区,35.8589586,139.6481866
浦和区,35.8590199,139.6631077
浦和区,35.8590280,139.6492782
浦和区,35.8590421,139.6613383
浦和区,35.8590726,139.6556916
浦和区,35.8591253,139.6502976
浦和区,35.8591947,139.6523501
浦和区,35.8592282,139.6584135
浦和区,35.8592365,139.6566276
浦和区,35.8592421,139.6621604
浦和区,35.8593169,139.6513058
浦和区,35.8593335,139.6432537
浦和区,35.8593449,139.6643269
浦和区,35.8594255,139.6664713
浦和区,35.8594668,139.6423760
浦和区,35.8595502,139.6521946
浦和区,35.8595753,139.6573164
浦和区,35.8595779,139.6441008
浦和区,35.8595865,139.6624327
浦和区,35.8596226,139.6597023
浦和区,35.8596639,139.6413455
浦和区,35.8596696,139.6458341
浦和区,35.8596893,139.6649630
浦和区,35.8597587,139.6627632
浦和区,35.8598308,139.6535917
浦和区,35.8598390,139.6479311
浦和区,35.8598750,139.6408678
浦和区,35.8598753,139.6591440
浦和区,35.8598835,139.6468673
浦和区,35.8598976,139.6634965
浦和区,35.8599085,139.6494976
浦和区,35.8599198,139.6575942
浦和区,35.8599864,139.6546027
浦和区,35.8599892,139.6609328
浦和区,35.8600029,139.6502170
浦和区,35.8600472,139.6404484
浦和区,35.8600975,139.6585830
浦和区,35.8601141,139.6560082
浦和区,35.8601282,139.6656824
浦和区,35.8602004,139.6676266
浦和区,35.8602337,139.6643130
浦和区,35.8602365,139.6638769
浦和区,35.8603836,139.6565497
浦和区,35.8604448,139.6624188
浦和区,35.8604834,139.6487032
浦和区,35.8604864,139.6576657
浦和区,35.8605140,139.6519001
浦和区,35.8605748,139.6646730
浦和区,35.8605809,139.6666184
浦和区,35.8606027,139.6419843
浦和区,35.8606222,139.6429954
浦和区,35.8606417,139.6446896
浦和区,35.8606836,139.6599328
浦和区,35.8607333,139.6457867
浦和区,35.8607336,139.6603689
浦和区,35.8607724,139.6569247
浦和区,35.8608725,139.6630381
浦和区,35.8608945,139.6476978
浦和区,35.8609417,139.6500031
浦和区,35.8609696,139.6542805
浦和区,35.8609753,139.6659156
浦和区,35.8609916,139.6413260
浦和区,35.8610084,139.6509447
浦和区,35.8610196,139.6529973
浦和区,35.8610555,139.6437814
浦和区,35.8610586,139.6639714
浦和区,35.8610780,139.6590495
浦和区,35.8610806,139.6523140
浦和区,35.8610834,139.6489642
浦和区,35.8611530,139.6579607
浦和区,35.8611835,139.6552109
浦和区,35.8612030,139.6620465
浦和区,35.8613667,139.6516918
浦和区,35.8614168,139.6560358
浦和区,35.8614527,139.6431119
浦和区,35.8615137,139.6417259
浦和区,35.8615169,139.6651324
浦和区,35.8616251,139.6587301
浦和区,35.8616417,139.6529028
浦和区,35.8616447,139.6628076
浦和区,35.8616835,139.6600661
浦和区,35.8617474,139.6616632
浦和区,35.8617557,139.6572691
浦和区,35.8618389,139.6515390
浦和区,35.8618419,139.6656350
浦和区,35.8619027,139.6464561
浦和区,35.8619419,139.6634825
浦和区,35.8620111,139.6540083
浦和区,35.8620527,139.6494059
浦和区,35.8621139,139.6565692
浦和区,35.8621748,139.6455256
浦和区,35.8621889,139.6575080
浦和区,35.8621915,139.6455479
浦和区,35.8621915,139.6455423
浦和区,35.8621915,139.6455784
浦和区,35.8622054,139.6436341
浦和区,35.8622196,139.6642796
浦和区,35.8622582,139.6467672
浦和区,35.8622668,139.6599911
浦和区,35.8623085,139.6659767
浦和区,35.8623584,139.6559803
浦和区,35.8623581,139.6427814
浦和区,35.8623861,139.6560608
浦和区,35.8623918,139.6621853
浦和区,35.8623943,139.6486726
浦和区,35.8623974,139.6649518
浦和区,35.8624278,139.6585301
浦和区,35.8624333,139.6525639
浦和区,35.8624414,139.6416287
浦和区,35.8625137,139.6450201
浦和区,35.8625529,139.6610882
浦和区,35.8625555,139.6553192
浦和区,35.8625666,139.6553247
浦和区,35.8626222,139.6567246
浦和区,35.8626304,139.6464866
浦和区,35.8627221,139.6514168
浦和区,35.8627668,139.6658517
浦和区,35.8627806,139.6595939
浦和区,35.8627834,139.6595744
浦和区,35.8628055,139.6536527
浦和区,35.8628140,139.6627936
浦和区,35.8628611,139.6579718
浦和区,35.8628750,139.6578745
浦和区,35.8629194,139.6579079
浦和区,35.8629748,139.6489614
浦和区,35.8629914,139.6410065
浦和区,35.8630638,139.6523306
浦和区,35.8631083,139.6564080
浦和区,35.8632525,139.6437507
浦和区,35.8633803,139.6453366
浦和区,35.8634331,139.6466393
浦和区,35.8634942,139.6477309
浦和区,35.8635555,139.6586328
浦和区,35.8635580,139.6421897
浦和区,35.8635694,139.6586189
浦和区,35.8635806,139.6646656
浦和区,35.8636081,139.6498557
浦和区,35.8636165,139.6546248
浦和区,35.8636221,139.6557331
浦和区,35.8636222,139.6622825
浦和区,35.8636389,139.6632157
浦和区,35.8636526,139.6529083
浦和区,35.8636581,139.6511195
浦和区,35.8636749,139.6578051
浦和区,35.8636943,139.6521806
浦和区,35.8637583,139.6603604
浦和区,35.8638083,139.6591328
浦和区,35.8639610,139.6565163
浦和区,35.8639972,139.6611076
浦和区,35.8640553,139.6533026
浦和区,35.8640747,139.6488419
浦和区,35.8642025,139.6482253
浦和区,35.8643193,139.6595660
浦和区,35.8643333,139.6640712
浦和区,35.8643413,139.6435645
浦和区,35.8643776,139.6551386
浦和区,35.8644097,139.6654099
浦和区,35.8645025,139.6517777
浦和区,35.8645301,139.6449172
浦和区,35.8645498,139.6582967
浦和区,35.8645722,139.6645850
浦和区,35.8645749,139.6630490
浦和区,35.8645997,139.6540137
浦和区,35.8646413,139.6462060
浦和区,35.8646580,139.6503112
浦和区,35.8646802,139.6476031
浦和区,35.8647803,139.6559052
浦和区,35.8648467,139.6428702
浦和区,35.8649665,139.6604520
浦和区,35.8650052,139.6523138
浦和区,35.8651246,139.6489030
浦和区,35.8651357,139.6507723
浦和区,35.8651665,139.6639795
浦和区,35.8651967,139.6409981
浦和区,35.8652995,139.6434173
浦和区,35.8653051,139.6480280
浦和区,35.8653608,139.6548025
浦和区,35.8654303,139.6564273
浦和区,35.8654467,139.6451644
浦和区,35.8654664,139.6595854
浦和区,35.8655137,139.6630546
浦和区,35.8655135,139.6514805
浦和区,35.8655412,139.6471948
浦和区,35.8655525,139.6583050
浦和区,35.8655607,139.6502084
浦和区,35.8655941,139.6533609
浦和区,35.8655942,139.6614825
浦和区,35.8656109,139.6650627
浦和区,35.8656301,139.6464114
浦和区,35.8656636,139.6608964
浦和区,35.8656664,139.6614297
浦和区,35.8656942,139.6642850
浦和区,35.8657800,139.6427617
浦和区,35.8658691,139.6557857
浦和区,35.8659970,139.6626018
浦和区,35.8659995,139.6490418
浦和区,35.8661496,139.6539108
浦和区,35.8661718,139.6518444
浦和区,35.8661717,139.6510833
浦和区,35.8662078,139.6457727
浦和区,35.8662855,139.6465420
浦和区,35.8662883,139.6428506
浦和区,35.8662966,139.6460337
浦和区,35.8663246,139.6563912
浦和区,35.8663302,139.6581410
浦和区,35.8663328,139.6499611
浦和区,35.8663328,139.6483336
浦和区,35.8663940,139.6549052
浦和区,35.8663966,139.6447310
浦和区,35.8664023,139.6549135
浦和区,35.8664105,139.6433367
浦和区,35.8664858,139.6597326
浦和区,35.8665050,139.6459281
浦和区,35.8665966,139.6474169
浦和区,35.8666108,139.6639044
浦和区,35.8666355,139.6441311
浦和区,35.8666469,139.6606352
浦和区,35.8666494,139.6499500
浦和区,35.8666744,139.6485501
浦和区,35.8666747,139.6642794
浦和区,35.8666886,139.6628545
浦和区,35.8666940,139.6572883
浦和区,35.8667356,139.6530664
浦和区,35.8667552,139.6618713
浦和区,35.8667829,139.6588354
浦和区,35.8668218,139.6556523
浦和区,35.8670799,139.6489751
浦和区,35.8670884,139.6566772
浦和区,35.8671578,139.6558523
浦和区,35.8671995,139.6545719
浦和区,35.8672023,139.6579827
浦和区,35.8672523,139.6592103
浦和区,35.8673160,139.6478446
浦和区,35.8673300,139.6537136
浦和区,35.8673301,139.6607852
浦和区,35.8673662,139.6574021
浦和区,35.8674163,139.6627100
浦和区,35.8674495,139.6588159
浦和区,35.8674829,139.6640433
浦和区,35.8675079,139.6600019
浦和区,35.8675105,139.6516554
浦和区,35.8675383,139.6550218
浦和区,35.8675465,139.6469586
浦和区,35.8675912,139.6613713
浦和区,35.8677051,139.6626989
浦和区,35.8678105,139.6503694
浦和区,35.8678328,139.6564800
浦和区,35.8680382,139.6525803
浦和区,35.8680826,139.6491111
浦和区,35.8681464,139.6426978
浦和区,35.8681967,139.6608351
浦和区,35.8682742,139.6447004
浦和区,35.8682884,139.6640738
浦和区,35.8683216,139.6579021
浦和区,35.8683689,139.6618656
浦和区,35.8683716,139.6567689
浦和区,35.8683743,139.6510526
浦和区,35.8684409,139.6482640
浦和区,35.8684770,139.6473474
浦和区,35.8685104,139.6542024
浦和区,35.8685353,139.6459725
浦和区,35.8685773,139.6635266
浦和区,35.8685994,139.6592297
浦和区,35.8686604,139.6513304
浦和区,35.8686800,139.6605351
浦和区,35.8687993,139.6532385
浦和区,35.8689355,139.6619239
浦和区,35.8689408,139.6457752
浦和区,35.8689743,139.6551495
浦和区,35.8691742,139.6501416
浦和区,35.8692188,139.6606018
浦和区,35.8692240,139.6423200
浦和区,35.8692327,139.6633961
浦和区,35.8692436,139.6467474
浦和区,35.8692824,139.6456947
浦和区,35.8693216,139.6628405
浦和区,35.8693686,139.6487084
浦和区,35.8694213,139.6475974
浦和区,35.8694270,139.6511971
浦和区,35.8694409,139.6538968
浦和区,35.8694409,139.6526635
浦和区,35.8696715,139.6597990
浦和区,35.8697575,139.6550272
浦和区,35.8698881,139.6561827
浦和区,35.8699574,139.6462780
浦和区,35.8699660,139.6625349
浦和区,35.8699827,139.6625433
浦和区,35.8700379,139.6453836
浦和区,35.8700769,139.6494138
浦和区,35.8701213,139.6510443
浦和区,35.8701380,139.6538440
浦和区,35.8702187,139.6589991
浦和区,35.8702549,139.6633932
浦和区,35.8702545,139.6422033
浦和区,35.8702854,139.6603879
浦和区,35.8703046,139.6476750
浦和区,35.8703601,139.6485638
浦和区,35.8703770,139.6615406
浦和区,35.8704160,139.6635015
浦和区,35.8704548,139.6603574
浦和区,35.8704577,139.6660430
浦和区,35.8704851,139.6452780
浦和区,35.8705461,139.6408840
浦和区,35.8705464,139.6561993
浦和区,35.8705604,139.6628488
浦和区,35.8706519,139.6547078
浦和区,35.8707241,139.6521941
浦和区,35.8707545,139.6485999
浦和区,35.8707656,139.6465696
浦和区,35.8709018,139.6531940
浦和区,35.8710405,139.6437309
浦和区,35.8710656,139.6468696
浦和区,35.8711295,139.6497248
浦和区,35.8711323,139.6514386
浦和区,35.8711683,139.6450752
浦和区,35.8711769,139.6584436
浦和区,35.8712658,139.6626321
浦和区,35.8712686,139.6614211
浦和区,35.8712739,139.6456474
浦和区,35.8713100,139.6474667
浦和区,35.8713991,139.6603795
浦和区,35.8714099,139.6393257
浦和区,35.8714296,139.6544383
浦和区,35.8714794,139.6470639
浦和区,35.8714933,139.6480083
浦和区,35.8715072,139.6441087
浦和区,35.8715543,139.6406256
浦和区,35.8716324,139.6561382
浦和区,35.8716433,139.6459751
浦和区,35.8716571,139.6421671
浦和区,35.8717712,139.6519385
浦和区,35.8717823,139.6531106
浦和区,35.8717961,139.6494915
浦和区,35.8718071,139.6436809
浦和区,35.8718101,139.6576436
浦和区,35.8718683,139.6449225
浦和区,35.8719070,139.6392756
浦和区,35.8719211,139.6473611
浦和区,35.8719767,139.6507053
浦和区,35.8719821,139.6407505
浦和区,35.8720324,139.6595018
浦和区,35.8721434,139.6559327
浦和区,35.8721906,139.6524273
浦和区,35.8721960,139.6455390
浦和区,35.8722238,139.6466084
浦和区,35.8722292,139.6401645
浦和区,35.8722404,139.6443308
浦和区,35.8722933,139.6482083
浦和区,35.8723070,139.6413505
浦和区,35.8723129,139.6579019
浦和区,35.8723348,139.6426226
浦和区,35.8723990,139.6611738
浦和区,35.8724183,139.6537244
浦和区,35.8724875,139.6387368
浦和区,35.8725044,139.6490387
浦和区,35.8725072,139.6549104
浦和区,35.8725515,139.6470723
浦和区,35.8725932,139.6460612
浦和区,35.8726184,139.6606211
浦和区,35.8726209,139.6421865
浦和区,35.8727156,139.6560992
浦和区,35.8727266,139.6515913
浦和区,35.8727323,139.6594045
浦和区,35.8728431,139.6448751
浦和区,35.8729127,139.6503108
浦和区,35.8729515,139.6470139
浦和区,35.8730292,139.6428364
浦和区,35.8730875,139.6405478
浦和区,35.8731016,139.6545327
浦和区,35.8731517,139.6573908
浦和区,35.8731574,139.6648596
浦和区,35.8732378,139.6600239
浦和区,35.8732903,139.6454557
浦和区,35.8733014,139.6461695
浦和区,35.8733517,139.6619987
浦和区,35.8733876,139.6484971
浦和区,35.8734236,139.6435752
浦和区,35.8734627,139.6523718
浦和区,35.8734848,139.6491359
浦和区,35.8735018,139.6656095
浦和区,35.8735736,139.6465750
浦和区,35.8736098,139.6479083
浦和区,35.8736180,139.6426948
浦和区,35.8736263,139.6394090
浦和区,35.8736433,139.6567102
浦和区,35.8736485,139.6390062
浦和区,35.8736544,139.6594100
浦和区,35.8736793,139.6504663
浦和区,35.8736904,139.6542299
浦和区,35.8736989,139.6637402
浦和区,35.8737374,139.6411504
浦和区,35.8737375,139.6471583
浦和区,35.8737460,139.6554576
浦和区,35.8737989,139.6626681
浦和区,35.8738101,139.6648568
浦和区,35.8738238,139.6583240
浦和区,35.8738959,139.6517856
浦和区,35.8738989,139.6603822
浦和区,35.8739461,139.6607461
浦和区,35.8739986,139.6448668
浦和区,35.8740017,139.6632959
浦和区,35.8740100,139.6618015
浦和区,35.8740656,139.6662317
浦和区,35.8742235,139.6393700
浦和区,35.8743071,139.6590156
浦和区,35.8743070,139.6492470
浦和区,35.8743320,139.6537132
浦和区,35.8743962,139.6677121
浦和区,35.8744680,139.6483443
浦和区,35.8744763,139.6429641
浦和区,35.8744791,139.6460973
浦和区,35.8745040,139.6421753
浦和区,35.8745155,139.6636624
浦和区,35.8745683,139.6651623
浦和区,35.8746043,139.6585517
浦和区,35.8746487,139.6574935
浦和区,35.8746513,139.6443862
浦和区,35.8746599,139.6604238
浦和区,35.8746598,139.6562658
浦和区,35.8746595,139.6405254
浦和区,35.8746877,139.6611237
浦和区,35.8747043,139.6591628
浦和区,35.8747321,139.6623431
浦和区,35.8747708,139.6498330
浦和区,35.8747736,139.6520273
浦和区,35.8747985,139.6473248
浦和区,35.8747986,139.6520744
浦和区,35.8748655,139.6646845
浦和区,35.8748850,139.6655567
浦和区,35.8748877,139.6633958
浦和区,35.8749153,139.6510745
浦和区,35.8749181,139.6551715
浦和区,35.8749239,139.6667066
浦和区,35.8749706,139.6413503
浦和区,35.8750571,139.6640401
浦和区,35.8750598,139.6583128
浦和区,35.8751457,139.6457473
浦和区,35.8751750,139.6538724
浦和区,35.8752443,139.6486458
浦和区,35.8752459,139.6596849
浦和区,35.8753040,139.6463610
浦和区,35.8753236,139.6564991
浦和区,35.8753543,139.6656039
浦和区,35.8753848,139.6604932
浦和区,35.8754097,139.6517134
浦和区,35.8754598,139.6617070
浦和区,35.8754956,139.6438335
浦和区,35.8755264,139.6584684
浦和区,35.8755405,139.6670066
浦和区,35.8755460,139.6631652
浦和区,35.8755761,139.6385561
浦和区,35.8756622,139.6422447
浦和区,35.8756985,139.6491969
浦和区,35.8757208,139.6576989
浦和区,35.8757293,139.6658511
浦和区,35.8757515,139.6648122
浦和区,35.8758401,139.6476609
浦和区,35.8758570,139.6626402
浦和区,35.8758679,139.6509495
浦和区,35.8759207,139.6533466
浦和区,35.8759816,139.6398171
浦和区,35.8759847,139.6554186
浦和区,35.8760126,139.6666927
浦和区,35.8760428,139.6452889
浦和区,35.8761734,139.6468415
浦和区,35.8762263,139.6541826
浦和区,35.8762622,139.6411642
浦和区,35.8763013,139.6560047
浦和区,35.8763375,139.6618792
浦和区,35.8763401,139.6518967
浦和区,35.8763597,139.6603987
浦和区,35.8763900,139.6442750
浦和区,35.8764347,139.6593266
浦和区,35.8764458,139.6571546
浦和区,35.8764459,139.6662843
浦和区,35.8765845,139.6499079
浦和区,35.8766037,139.6385616
浦和区,35.8767485,139.6567601
浦和区,35.8767623,139.6553297
浦和区,35.8767653,139.6672398
浦和区,35.8767708,139.6641818
浦和区,35.8767748,139.6529677
浦和区,35.8767872,139.6457777
浦和区,35.8767928,139.6479442
浦和区,35.8768205,139.6449167
浦和区,35.8768485,139.6590599
浦和区,35.8769124,139.6575239
浦和区,35.8769260,139.6431390
浦和区,35.8769706,139.6493441
浦和区,35.8769735,139.6599265
浦和区,35.8770648,139.6399643
浦和区,35.8770681,139.6655760
浦和区,35.8771567,139.6512855
浦和区,35.8771788,139.6470359
浦和区,35.8771871,139.6438223
浦和区,35.8772681,139.6670565
浦和区,35.8772984,139.6563018
浦和区,35.8773512,139.6540742
浦和区,35.8774235,139.6626485
浦和区,35.8774620,139.6412752
浦和区,35.8775762,139.6600932
浦和区,35.8775984,139.6559574
浦和区,35.8776401,139.6616596
浦和区,35.8776677,139.6502273
浦和区,35.8776844,139.6486135
浦和区,35.8777067,139.6545741
浦和区,35.8777346,139.6638011
浦和区,35.8777678,139.6569073
浦和区,35.8777734,139.6557157
浦和区,35.8778232,139.6444333
浦和区,35.8778457,139.6648317
浦和区,35.8779648,139.6453333
浦和区,35.8780509,139.6465526
浦和区,35.8780624,139.6668704
浦和区,35.8780620,139.6434389
浦和区,35.8781732,139.6472358
浦和区,35.8781900,139.6551990
浦和区,35.8782346,139.6658870
浦和区,35.8782509,139.6425362
浦和区,35.8782566,139.6556296
浦和区,35.8782706,139.6572906
浦和区,35.8782927,139.6505522
浦和区,35.8783010,139.6494356
浦和区,35.8783122,139.6540797
浦和区,35.8783900,139.6591765
浦和区,35.8784511,139.6580072
浦和区,35.8784706,139.6598959
浦和区,35.8784897,139.6400559
浦和区,35.8784955,139.6564739
浦和区,35.8785150,139.6611096
浦和区,35.8785678,139.6626179
浦和区,35.8786842,139.6441694
浦和区,35.8787398,139.6482830
浦和区,35.8787508,139.6411669
浦和区,35.8788760,139.6549379
浦和区,35.8789149,139.6525576
浦和区,35.8789258,139.6458804
浦和区,35.8789316,139.6547990
浦和区,35.8789984,139.6640483
浦和区,35.8790009,139.6487356
浦和区,35.8790234,139.6668369
浦和区,35.8790650,139.6603709
浦和区,35.8790678,139.6652038
浦和区,35.8792258,139.6446277
浦和区,35.8792426,139.6505855
浦和区,35.8792981,139.6515354
浦和区,35.8792981,139.6474385
浦和区,35.8793063,139.6420501
浦和区,35.8793317,139.6668758
浦和区,35.8793482,139.6570349
浦和区,35.8793760,139.6592431
浦和区,35.8796257,139.6434499
浦和区,35.8796872,139.6627900
浦和区,35.8797285,139.6437972
浦和区,35.8798092,139.6520742
浦和区,35.8798176,139.6578682
浦和区,35.8798260,139.6615762
浦和区,35.8798565,139.6562128
浦和区,35.8798702,139.6464497
浦和区,35.8798787,139.6550685
浦和区,35.8799177,139.6603958
浦和区,35.8799537,139.6542185
浦和区,35.8799731,139.6527492
浦和区,35.8800424,139.6447443
浦和区,35.8800453,139.6504466
浦和区,35.8801369,139.6476191
浦和区,35.8801424,139.6476330
浦和区,35.8801592,139.6542018
浦和区,35.8801761,139.6665286
浦和区,35.8802148,139.6566683
浦和区,35.8802340,139.6416501
浦和区,35.8802367,139.6416501
浦和区,35.8803009,139.6591264
浦和区,35.8804038,139.6637621
浦和区,35.8804371,139.6649092
浦和区,35.8805148,139.6575793
浦和区,35.8806480,139.6528491
浦和区,35.8806592,139.6599208
浦和区,35.8807146,139.6476634
浦和区,35.8807204,139.6620928
浦和区,35.8807366,139.6389976
浦和区,35.8807757,139.6490022
浦和区,35.8807867,139.6431110
浦和区,35.8808094,139.6673952
浦和区,35.8808672,139.6376588
浦和区,35.8809258,139.6547850
浦和区,35.8809399,139.6655231
浦和区,35.8809924,139.6535629
浦和区,35.8809924,139.6534824
浦和区,35.8810507,139.6509549
浦和区,35.8810784,139.6445332
浦和区,35.8811174,139.6552989
浦和区,35.8811509,139.6609734
浦和区,35.8812507,139.6533075
浦和区,35.8812648,139.6661619
浦和区,35.8812977,139.6379531
浦和区,35.8813037,139.6642759
浦和区,35.8813285,139.6561627
浦和区,35.8814367,139.6456470
浦和区,35.8814507,139.6527714
浦和区,35.8814898,139.6629593
浦和区,35.8815006,139.6468413
浦和区,35.8815061,139.6424999
浦和区,35.8815977,139.6399251
浦和区,35.8816033,139.6410474
浦和区,35.8816339,139.6441721
浦和区,35.8816394,139.6425444
浦和区,35.8816704,139.6684701
浦和区,35.8817981,139.6655758
浦和区,35.8818509,139.6671618
浦和区,35.8818591,139.6579959
浦和区,35.8818619,139.6580209
浦和区,35.8818784,139.6539213
浦和区,35.8819671,139.6432277
浦和区,35.8819812,139.6523214
浦和区,35.8820313,139.6614261
浦和区,35.8820507,139.6546184
浦和区,35.8820619,139.6592680
浦和区,35.8820811,139.6481355
浦和区,35.8821032,139.6383781
浦和区,35.8821092,139.6643037
浦和区,35.8821866,139.6457996
浦和区,35.8822091,139.6625482
浦和区,35.8822284,139.6519686
浦和区,35.8822396,139.6565487
浦和区,35.8823200,139.6500216
浦和区,35.8823257,139.6576292
浦和区,35.8823562,139.6556683
浦和区,35.8823675,139.6683089
浦和区,35.8824175,139.6657897
浦和区,35.8824728,139.6544073
浦和区,35.8824893,139.6423749
浦和区,35.8825310,139.6463524
浦和区,35.8825535,139.6605984
浦和区,35.8826147,139.6668063
浦和区,35.8826784,139.6572265
浦和区,35.8826838,139.6449775
浦和区,35.8827284,139.6585208
浦和区,35.8828897,139.6678839
浦和区,35.8828924,139.6638120
浦和区,35.8829283,139.6495827
浦和区,35.8829420,139.6437637
浦和区,35.8829978,139.6553988
浦和区,35.8830225,139.6411223
浦和区,35.8830257,139.6607678
浦和区,35.8830340,139.6619039
浦和区,35.8830392,139.6411111
浦和区,35.8830614,139.6411417
浦和区,35.8831005,139.6523518
浦和区,35.8831643,139.6467329
浦和区,35.8832450,139.6558376
浦和区,35.8833088,139.6511519
浦和区,35.8833116,139.6510214
浦和区,35.8833199,139.6504215
浦和区,35.8833229,139.6628371
浦和区,35.8833531,139.6425110
浦和区,35.8833615,139.6449830
浦和区,35.8833644,139.6539239
浦和区,35.8834007,139.6674423
浦和区,35.8835226,139.6479911
浦和区,35.8835283,139.6560848
浦和区,35.8836173,139.6638009
浦和区,35.8836366,139.6549627
浦和区,35.8836532,139.6510436
浦和区,35.8836782,139.6516297
浦和区,35.8836894,139.6581791
浦和区,35.8837366,139.6571736
浦和区,35.8837366,139.6532600
浦和区,35.8837755,139.6559682
浦和区,35.8837868,139.6649564
浦和区,35.8837975,139.6442914
浦和区,35.8838115,139.6486188
浦和区,35.8838114,139.6431804
浦和区,35.8838201,139.6658646
浦和区,35.8838782,139.6498520
浦和区,35.8838780,139.6417666
浦和区,35.8838867,139.6594568
浦和区,35.8839226,139.6499659
浦和区,35.8839284,139.6627592
浦和区,35.8839504,139.6495298
浦和区,35.8839670,139.6463384
浦和区,35.8839946,139.6397945
浦和区,35.8841033,139.6609622
浦和区,35.8841117,139.6618149
浦和区,35.8841418,139.6384862
浦和区,35.8841921,139.6567847
浦和区,35.8842117,139.6661812
浦和区,35.8842420,139.6474717
浦和区,35.8842530,139.6410944
浦和区,35.8843838,139.6579763
浦和区,35.8844140,139.6403473
浦和区,35.8844391,139.6435692
浦和区,35.8845031,139.6489799
浦和区,35.8845088,139.6572736
浦和区,35.8845117,139.6646175
浦和区,35.8845199,139.6556182
浦和区,35.8845391,139.6444219
浦和区,35.8845699,139.6603456
浦和区,35.8845700,139.6633370
浦和区,35.8845864,139.6460218
浦和区,35.8846170,139.6508325
浦和区,35.8846670,139.6517574
浦和区,35.8846781,139.6534962
浦和区,35.8847170,139.6528406
浦和区,35.8847363,139.6427443
浦和区,35.8847669,139.6484243
浦和区,35.8848143,139.6592373
浦和区,35.8848281,139.6522546
浦和区,35.8848309,139.6544988
浦和区,35.8848589,139.6669617
浦和区,35.8849004,139.6577791
浦和区,35.8849893,139.6557848
浦和区,35.8849978,139.6659145
浦和区,35.8850005,139.6637480
浦和区,35.8850252,139.6484966
浦和区,35.8850898,139.6412260
浦和区,35.8850973,139.6391611
浦和区,35.8851254,139.6565597
浦和区,35.8851697,139.6493609
浦和区,35.8851810,139.6611177
浦和区,35.8852195,139.6401528
浦和区,35.8853778,139.6389307
浦和区,35.8853837,139.6558847
浦和区,35.8854139,139.6378724
浦和区,35.8854918,139.6477688
浦和区,35.8855001,139.6433831
浦和区,35.8855196,139.6448107
浦和区,35.8855227,139.6652590
浦和区,35.8855335,139.6483271
浦和区,35.8855365,139.6590595
浦和区,35.8855418,139.6459356
浦和区,35.8855500,139.6396445
浦和区,35.8855616,139.6663395
浦和区,35.8856639,139.6421443
浦和区,35.8856808,139.6548848
浦和区,35.8856837,139.6623842
浦和区,35.8857170,139.6576985
浦和区,35.8857585,139.6512796
浦和区,35.8858169,139.6506214
浦和区,35.8858750,139.6413082
浦和区,35.8859196,139.6517685
浦和区,35.8860169,139.6531349
浦和区,35.8860199,139.6647229
浦和区,35.8860558,139.6553460
浦和区,35.8860751,139.6473632
浦和区,35.8860861,139.6396139
浦和区,35.8860861,139.6428581
浦和区,35.8861448,139.6605177
浦和区,35.8861945,139.6438246
浦和区,35.8862251,139.6470966
浦和区,35.8862364,139.6588095
浦和区,35.8862530,139.6561625
浦和区,35.8863168,139.6505296
浦和区,35.8863253,139.6621426
浦和区,35.8863474,139.6539794
浦和区,35.8863555,139.6406305
浦和区,35.8863638,139.6383474
浦和区,35.8863834,139.6485742
浦和区,35.8864168,139.6523489
浦和区,35.8864333,139.6390723
浦和区,35.8864528,139.6454384
浦和区,35.8864531,139.6635591
浦和区,35.8864836,139.6577707
浦和区,35.8864946,139.6499325
浦和区,35.8865308,139.6568374
浦和区,35.8865332,139.6364697
浦和区,35.8866082,139.6364586
浦和区,35.8866276,139.6364530
浦和区,35.8866642,139.6649756
浦和区,35.8866777,139.6419581
浦和区,35.8866837,139.6652256
浦和区,35.8866892,139.6652117
浦和区,35.8866920,139.6652256
浦和区,35.8866920,139.6652006
浦和区,35.8867195,139.6466966
浦和区,35.8867611,139.6476188
浦和区,35.8867892,139.6616565
浦和区,35.8868614,139.6602066
浦和区,35.8868640,139.6547071
浦和区,35.8868722,139.6476854
浦和区,35.8868833,139.6445162
浦和区,35.8869277,139.6431080
浦和区,35.8869388,139.6407665
浦和区,35.8869445,139.6512351
浦和区,35.8870083,139.6461522
浦和区,35.8870502,139.6592594
浦和区,35.8871195,139.6488714
浦和区,35.8871613,139.6569652
浦和区,35.8872056,139.6527822
浦和区,35.8872250,139.6486381
浦和区,35.8872472,139.6500601
浦和区,35.8872944,139.6474354
浦和区,35.8872973,139.6520073
浦和区,35.8873638,139.6427469
浦和区,35.8873641,139.6628314
浦和区,35.8873640,139.6537904
浦和区,35.8874193,139.6401749
浦和区,35.8874749,139.6447940
浦和区,35.8874971,139.6457772
浦和区,35.8875056,139.6512323
浦和区,35.8875114,139.6640396
浦和区,35.8875446,139.6567569
浦和区,35.8875748,139.6415970
浦和区,35.8875918,139.6602205
浦和区,35.8875945,139.6556514
浦和区,35.8876080,139.6333699
浦和区,35.8876109,139.6382973
浦和区,35.8876140,139.6577095
浦和区,35.8876224,139.6587067
浦和区,35.8876639,139.6545237
浦和区,35.8876775,139.6333143
浦和区,35.8877500,139.6501018
浦和区,35.8877557,139.6609898
浦和区,35.8877668,139.6609759
浦和区,35.8877668,139.6609815
浦和区,35.8878636,139.6357752
浦和区,35.8879110,139.6455383
浦和区,35.8879582,139.6438995
浦和区,35.8880166,139.6488714
浦和区,35.8880389,139.6512656
浦和区,35.8880557,139.6623953
浦和区,35.8880583,139.6530849
浦和区,35.8880918,139.6632646
浦和区,35.8881113,139.6638202
浦和区,35.8881252,139.6646812
浦和区,35.8882053,139.6395277
浦和区,35.8882529,139.6611009
浦和区,35.8882972,139.6540682
浦和区,35.8883000,139.6576095
浦和区,35.8883192,139.6418025
浦和区,35.8883304,139.6466966
浦和区,35.8883444,139.6527072
浦和区,35.8883695,139.6565791
浦和区,35.8884025,139.6378361
浦和区,35.8884083,139.6554180
浦和区,35.8884165,139.6480159
浦和区,35.8884278,139.6587456
浦和区,35.8884470,139.6451189
浦和区,35.8884525,139.6395666
浦和区,35.8884973,139.6598982
浦和区,35.8885192,139.6395416
浦和区,35.8885636,139.6406804
浦和区,35.8885802,139.6387860
浦和区,35.8885862,139.6621953
浦和区,35.8886527,139.6519155
浦和区,35.8887138,139.6502101
浦和区,35.8887637,139.6485214
浦和区,35.8887750,139.6577900
浦和区,35.8887750,139.6595566
浦和区,35.8887913,139.6378139
浦和区,35.8887972,139.6563013
浦和区,35.8888441,139.6375111
浦和区,35.8889858,139.6432356
浦和区,35.8889916,139.6552291
浦和区,35.8890361,139.6608454
浦和区,35.8890831,139.6449494
浦和区,35.8891222,139.6586232
浦和区,35.8891219,139.6440634
浦和区,35.8891276,139.6491157
浦和区,35.8891579,139.6347558
浦和区,35.8892690,139.6339114
浦和区,35.8893248,139.6526460
浦和区,35.8893303,139.6471770
浦和区,35.8893361,139.6633089
浦和区,35.8893525,139.6460966
浦和区,35.8894191,139.6391832
浦和区,35.8894666,139.6595482
浦和区,35.8895054,139.6514877
浦和区,35.8895357,139.6418163
浦和区,35.8896416,139.6612008
浦和区,35.8896749,139.6558541
浦和区,35.8896998,139.6498350
浦和区,35.8897249,139.6576817
浦和区,35.8897608,139.6480075
浦和区,35.8897665,139.6567568
浦和区,35.8898802,139.6431773
浦和区,35.8899942,139.6490074
浦和区,35.8900218,139.6441272
浦和区,35.8903470,139.6528848
浦和区,35.8903885,139.6474908
浦和区,35.8904720,139.6583871
浦和区,35.8905719,139.6519543
浦和区,35.8906607,139.6486379
浦和区,35.8908580,139.6493850
浦和区,35.8908802,139.6490407
浦和区,35.8908967,139.6424023
浦和区,35.8909968,139.6478769
浦和区,35.8909997,139.6531014
浦和区,35.8911941,139.6505683
浦和区,35.8915802,139.6522821
浦和区,35.8916301,139.6499711
浦和区,35.8917024,139.6515654
浦和区,35.8918606,139.6477851
浦和区,35.8919024,139.6532653
浦和区,35.8922273,139.6511348
浦和区,35.8923106,139.6518326
浦和区,35.8923633,139.6468769
浦和区,35.8924216,139.6434244
浦和区,35.8926466,139.6474324
浦和区,35.8927078,139.6539041
浦和区,35.8930216,139.6472018
浦和区,35.8932522,139.6532291
浦和区,35.8936022,139.6539151
浦和区,35.8936189,139.6539262
浦和区,35.8938938,139.6538984
浦和区,35.8940159,139.6485545
浦和区,35.8941604,139.6521153
南区,35.8289398,139.6612342
南区,35.8293564,139.6629895
南区,35.8297008,139.6612647
南区,35.8297727,139.6441911
南区,35.8299481,139.6636756
南区,35.8300114,139.6313727
南区,35.8300588,139.6454077
南区,35.8302008,139.6620896
南区,35.8304699,139.6431328
南区,35.8305810,139.6440517
南区,35.8305952,139.6611285
南区,35.8306313,139.6638172
南区,35.8306563,139.6629729
南区,35.8306752,139.6298867
南区,35.8307891,139.6312393
南区,35.8308558,139.6329698
南区,35.8308891,139.6322670
南区,35.8309337,139.6449466
南区,35.8310187,139.6607885
南区,35.8310920,139.6439271
南区,35.8312226,139.6423273
南区,35.8312312,139.6622951
南区,35.8312474,139.6359862
南区,35.8312912,139.6298433
南区,35.8313201,139.6631283
南区,35.8313312,139.6627506
南区,35.8313723,139.6290423
南区,35.8314840,139.6605091
南区,35.8314975,139.6432550
南区,35.8315669,139.6371000
南区,35.8315670,139.6445271
南区,35.8316336,139.6409747
南区,35.8316502,139.6358223
南区,35.8316923,139.6634866
南区,35.8317973,139.6322198
南区,35.8318336,139.6420190
南区,35.8318923,139.6656976
南区,35.8319307,139.6369666
南区,35.8319669,139.6393053
南区,35.8320529,139.6332169
南区,35.8321030,139.6426856
南区,35.8321139,139.6294700
南区,35.8321645,139.6621562
南区,35.8323423,139.6663086
南区,35.8323528,139.6306032
南区,35.8323669,139.6464630
南区,35.8324891,139.6440327
南区,35.8324947,139.6453715
南区,35.8325001,139.6342696
南区,35.8325083,139.6281118
南区,35.8325152,139.6597019
南区,35.8325556,139.6354723
南区,35.8326089,139.6618256
南区,35.8326338,139.6603452
南区,35.8326390,139.6378721
南区,35.8326476,139.6562038
南区,35.8327500,139.6325364
南区,35.8327811,139.6645864
南区,35.8327866,139.6634671
南区,35.8328089,139.6634727
南区,35.8328418,139.6432299
南区,35.8328950,139.6659558
南区,35.8329889,139.6318698
南区,35.8329972,139.6318726
南区,35.8330140,139.6406857
南区,35.8330251,139.6389720
南区,35.8330278,139.6345584
南区,35.8330668,139.6414357
南区,35.8331058,139.6476823
南区,35.8331391,139.6464379
南区,35.8332026,139.6277479
南区,35.8332165,139.6264619
南区,35.8332360,139.6289756
南区,35.8332448,139.6558067
南区,35.8333138,139.6333474
南区,35.8333255,139.6671112
南区,35.8333333,139.6351639
南区,35.8333449,139.6602202
南区,35.8333528,139.6363888
南区,35.8333865,139.6577509
南区,35.8334054,139.6301282
南区,35.8335337,139.6612534
南区,35.8335701,139.6762354
南区,35.8335754,139.6595480
南区,35.8336194,139.6338113
南区,35.8336309,139.6568620
南区,35.8336614,139.6549678
南区,35.8337445,139.6435715
南区,35.8337754,139.6643392
南区,35.8337894,139.6656113
南区,35.8338003,139.6587925
南区,35.8338305,139.6375359
南区,35.8338502,139.6492600
南区,35.8338560,139.6634004
南区,35.8338637,139.6274368
南区,35.8339000,139.6421689
南区,35.8339090,139.6752578
南区,35.8339390,139.6448158
南区,35.8339388,139.6361555
南区,35.8339500,139.6384886
南区,35.8339673,139.6766632
南区,35.8340089,139.6747967
南区,35.8340193,139.6349833
南区,35.8340696,139.6473156
南区,35.8341360,139.6328363
南区,35.8341587,139.6619200
南区,35.8342611,139.6400829
南区,35.8343060,139.6661051
南区,35.8343637,139.6338167
南区,35.8343668,139.6482516
南区,35.8343784,139.6759438
南区,35.8344027,139.6389691
南区,35.8344750,139.6437548
南区,35.8344810,139.6676473
南区,35.8344950,139.6750689
南区,35.8345164,139.6258980
南区,35.8345364,139.6595507
南区,35.8345394,139.6721052
南区,35.8345530,139.6552233
南区,35.8347056,139.6490488
南区,35.8347142,139.6626893
南区,35.8347138,139.6413800
南区,35.8347169,139.6605617
南区,35.8347225,139.6614700
南区,35.8347608,139.6283589
南区,35.8348418,139.6510125
南区,35.8348555,139.6454074
南区,35.8348805,139.6431215
南区,35.8349219,139.6298254
南区,35.8349309,139.6636337
南区,35.8349331,139.6352222
南区,35.8349556,139.6500099
南区,35.8349721,139.6376636
南区,35.8350139,139.6443658
南区,35.8350152,139.6561576
南区,35.8350612,139.6545845
南区,35.8350811,139.6763993
南区,35.8351055,139.6468684
南区,35.8351528,139.6490543
南区,35.8351893,139.6728634
南区,35.8352142,139.6667862
南区,35.8352142,139.6657057
南区,35.8352363,139.6601923
南区,35.8353026,139.6364610
南区,35.8353554,139.6396357
南区,35.8353636,139.6327390
南区,35.8353970,139.6346694
南区,35.8354443,139.6420271
南区,35.8354667,139.6542289
南区,35.8355115,139.6708775
南区,35.8355468,139.6266757
南区,35.8355588,139.6744633
南区,35.8355746,139.6297754
南区,35.8355916,139.6456129
南区,35.8356198,139.6726134
南区,35.8356276,139.6389801
南区,35.8356529,139.6573092
南区,35.8356529,139.6583591
南区,35.8356865,139.6717691
南区,35.8356857,139.6278728
南区,35.8357134,139.6244674
南区,35.8357668,139.6576675
南区,35.8357863,139.6634281
南区,35.8358417,139.6561870
南区,35.8358416,139.6467212
南区,35.8358447,139.6642780
南区,35.8358557,139.6627588
南区,35.8358583,139.6485821
南区,35.8358583,139.6496820
南区,35.8358719,139.6354415
南区,35.8358808,139.6683194
南区,35.8358858,139.6319974
南区,35.8358914,139.6354332
南区,35.8359139,139.6552621
南区,35.8359501,139.6600256
南区,35.8359693,139.6432770
南区,35.8359745,139.6253146
南区,35.8360309,139.6736133
南区,35.8360722,139.6505153
南区,35.8360970,139.6413244
南区,35.8361029,139.6615032
南区,35.8361225,139.6694998
南区,35.8361309,139.6726940
南区,35.8361719,139.6377941
南区,35.8362002,139.6659085
南区,35.8362110,139.6448657
南区,35.8362190,139.6314335
南区,35.8362891,139.6652112
南区,35.8362911,139.6241869
南区,35.8363249,139.6474905
南区,35.8363386,139.6402467
南区,35.8363886,139.6366359
南区,35.8364142,139.6752382
南区,35.8364606,139.6262673
南区,35.8364693,139.6492238
南区,35.8364857,139.6339250
南区,35.8365995,139.6273867
南区,35.8366057,139.6672833
南区,35.8366361,139.6562648
南区,35.8366358,139.6392273
南区,35.8366863,139.6682472
南区,35.8366916,139.6546149
南区,35.8366913,139.6350443
南区,35.8367054,139.6501125
南区,35.8367245,139.6288115
南区,35.8367275,139.6437242
南区,35.8367390,139.6642586
南区,35.8367667,139.6586285
南区,35.8368135,139.6359081
南区,35.8368363,139.6705803
南区,35.8369246,139.6366359
南区,35.8369301,139.6314446
南区,35.8370054,139.6512097
南区,35.8370250,139.6602200
南区,35.8370330,139.6418993
南区,35.8370391,139.6732328
南区,35.8370634,139.6289948
南区,35.8371024,139.6407105
南区,35.8371166,139.6536345
南区,35.8371245,139.6304447
南区,35.8371362,139.6627003
南区,35.8371413,139.6379330
南区,35.8371579,139.6331112
南区,35.8371635,139.6364581
南区,35.8371637,139.6460323
南区,35.8371834,139.6651029
南区,35.8371828,139.6284476
南区,35.8372363,139.6723829
南区,35.8372612,139.6667223
南区,35.8372751,139.6636419
南区,35.8372969,139.6426270
南区,35.8373107,139.6349360
南区,35.8373160,139.6244091
南区,35.8373634,139.6320639
南区,35.8373664,139.6479988
南区,35.8374000,139.6619088
南区,35.8374026,139.6519957
南区,35.8374162,139.6364025
南区,35.8374196,139.6682304
南区,35.8374333,139.6569619
南区,35.8374446,139.6690415
南区,35.8374716,139.6258172
南区,35.8374913,139.6401189
南区,35.8375305,139.6584701
南区,35.8375577,139.6270393
南区,35.8375997,139.6443296
南区,35.8376300,139.6338361
南区,35.8377028,139.6628003
南区,35.8377252,139.6748049
南区,35.8377494,139.6287948
南区,35.8377580,139.6469239
南区,35.8377888,139.6558369
南区,35.8377890,139.6702969
南区,35.8377941,139.6421076
南区,35.8378278,139.6659750
南区,35.8378471,139.6543788
南区,35.8378555,139.6594283
南区,35.8378967,139.6350860
南区,35.8379079,139.6390911
南区,35.8379696,139.6729383
南区,35.8379717,139.6325167
南区,35.8379890,139.6713329
南区,35.8380278,139.6641307
南区,35.8380278,139.6683748
南区,35.8380524,139.6439046
南区,35.8381077,139.6310752
南区,35.8381188,139.6311002
南区,35.8381249,139.6576896
南区,35.8381467,139.6365969
南区,35.8381556,139.6672666
南区,35.8381779,139.6719968
南区,35.8381882,139.6273699
南区,35.8381914,139.6527817
南区,35.8382107,139.6408216
南区,35.8382885,139.6454906
南区,35.8383027,139.6620948
南区,35.8383251,139.6708635
南区,35.8383245,139.6393745
南区,35.8383327,139.6293919
南区,35.8383578,139.6379329
南区,35.8383633,139.6357748
南区,35.8383743,139.6261006
南区,35.8383829,139.6414298
南区,35.8383943,139.6597533
南区,35.8383973,139.6737382
南区,35.8384111,139.6653334
南区,35.8385216,139.6330305
南区,35.8385218,139.6426630
南区,35.8385332,139.6609088
南区,35.8385716,139.6345387
南区,35.8385998,139.6541426
南区,35.8386328,139.6367747
南区,35.8386359,139.6567174
南区,35.8387307,139.6753659
南区,35.8387302,139.6474321
南区,35.8387332,139.6641890
南区,35.8387416,139.6663999
南区,35.8387581,139.6557175
南区,35.8388104,139.6276031
南区,35.8388465,139.6282865
南区,35.8388499,139.6630447
南区,35.8388500,139.6716995
南区,35.8389299,139.6340832
南区,35.8389522,139.6378134
南区,35.8389859,139.6608421
南区,35.8390166,139.6672443
南区,35.8390468,139.6452990
南区,35.8390497,139.6529871
南区,35.8390527,139.6692470
南区,35.8390609,139.6600838
南区,35.8391471,139.6649584
南区,35.8392330,139.6538898
南区,35.8392667,139.6743381
南区,35.8392776,139.6620559
南区,35.8392805,139.6706079
南区,35.8393165,139.6662305
南区,35.8393578,139.6442906
南区,35.8393611,139.6734132
南区,35.8393772,139.6401966
南区,35.8393881,139.6289753
南区,35.8394052,139.6506151
南区,35.8394077,139.6387856
南区,35.8394162,139.6451628
南区,35.8394471,139.6641112
南区,35.8394552,139.6517872
南区,35.8394691,139.6566091
南区,35.8395161,139.6435213
南区,35.8395222,139.6723133
南区,35.8395802,139.6552675
南区,35.8395828,139.6418742
南区,35.8396135,139.6531455
南区,35.8396465,139.6348303
南区,35.8396496,139.6545148
南区,35.8397415,139.6672554
南区,35.8398413,139.6562618
南区,35.8398414,139.6625725
南区,35.8398664,139.6608837
南区,35.8398776,139.6668082
南区,35.8399023,139.6511456
南区,35.8399164,139.6602338
南区,35.8399637,139.6681553
南区,35.8399800,139.6469432
南区,35.8399970,139.6655777
南区,35.8400298,139.6362830
南区,35.8400355,139.6449211
南区,35.8400467,139.6497012
南区,35.8400772,139.6440323
南区,35.8400858,139.6612642
南区,35.8401026,139.6693357
南区,35.8401077,139.6412742
南区,35.8401166,139.6740687
南区,35.8401222,139.6755075
南区,35.8401802,139.6590783
南区,35.8402082,139.6702495
南区,35.8402385,139.6577534
南区,35.8402576,139.6372912
南区,35.8402992,139.6325666
南区,35.8403271,139.6432491
南区,35.8404218,139.6539898
南区,35.8404389,139.6779573
南区,35.8404470,139.6662499
南区,35.8404665,139.6715217
南区,35.8404803,139.6642084
南区,35.8405164,139.6681164
南区,35.8405158,139.6333971
南区,35.8405469,139.6603003
南区,35.8405607,139.6564007
南区,35.8405659,139.6359580
南区,35.8405882,139.6397993
南区,35.8405912,139.6519177
南区,35.8406330,139.6633251
南区,35.8406941,139.6620975
南区,35.8407164,139.6671248
南区,35.8407437,139.6384356
南区,35.8407614,139.6529987
南区,35.8407940,139.6572840
南区,35.8407943,139.6724160
南区,35.8408075,139.6345136
南区,35.8408637,139.6709939
南区,35.8408746,139.6611226
南区,35.8409024,139.6593393
南区,35.8409523,139.6556896
南区,35.8409635,139.6580589
南区,35.8409798,139.6405409
南区,35.8410215,139.6422574
南区,35.8411024,139.6603253
南区,35.8411304,139.6745241
南区,35.8411326,139.6445294
南区,35.8411549,139.6488347
南区,35.8411943,139.6735076
南区,35.8411992,139.6359190
南区,35.8412273,139.6574922
南区,35.8412497,139.6679886
南区,35.8413221,139.6770462
南区,35.8413344,139.6643017
南区,35.8413498,139.6726132
南区,35.8413911,139.6549785
南区,35.8414188,139.6501622
南区,35.8414246,139.6631807
南区,35.8414274,139.6623390
南区,35.8414299,139.6501622
南区,35.8414693,139.6753740
南区,35.8414797,139.6365718
南区,35.8414993,139.6463821
南区,35.8415105,139.6528620
南区,35.8415187,139.6428074
南区,35.8416219,139.6687941
南区,35.8416357,139.6657998
南区,35.8416752,139.6516630
南区,35.8416772,139.6570173
南区,35.8417719,139.6667026
南区,35.8417772,139.6565701
南区,35.8417910,139.6494151
南区,35.8418741,139.6376633
南区,35.8418827,139.6544592
南区,35.8419243,139.6469931
南区,35.8419439,139.6604976
南区,35.8419466,139.6508289
南区,35.8419552,139.6677442
南区,35.8419578,139.6586338
南区,35.8419995,139.6596864
南区,35.8420163,139.6705189
南区,35.8420522,139.6562617
南区,35.8420633,139.6557895
南区,35.8420936,139.6401158
南区,35.8421052,139.6696384
南区,35.8421130,139.6388744
南区,35.8421247,139.6730659
南区,35.8421324,139.6395270
南区,35.8421520,139.6439739
南区,35.8421636,139.6738019
南区,35.8421913,139.6716993
南区,35.8421909,139.6478902
南区,35.8422353,139.6429295
南区,35.8422523,139.6635500
南区,35.8424134,139.6644999
南区,35.8424602,139.6413546
南区,35.8424799,139.6576700
南区,35.8424799,139.6558090
南区,35.8425579,139.6663775
南区,35.8425907,139.6364328
南区,35.8425968,139.6685913
南区,35.8426882,139.6535064
南区,35.8427326,139.6521204
南区,35.8427466,139.6591531
南区,35.8427464,139.6458792
南区,35.8427550,139.6606225
南区,35.8427774,139.6741102
南区,35.8427853,139.6490901
南区,35.8427851,139.6373577
南区,35.8428189,139.6625235
南区,35.8428413,139.6726437
南区,35.8428742,139.6509488
南区,35.8428994,139.6620251
南区,35.8429047,139.6451904
南区,35.8429074,139.6396465
南区,35.8429132,139.6549535
南区,35.8429162,139.6659748
南区,35.8429495,139.6637805
南区,35.8429801,139.6703605
南区,35.8430051,139.6672553
南区,35.8430853,139.6475986
南区,35.8430879,139.6384743
南区,35.8431381,139.6500622
南区,35.8431551,139.6688912
南区,35.8431663,139.6751824
南区,35.8432104,139.6568172
南区,35.8432134,139.6711410
南区,35.8432271,139.6595864
南区,35.8432745,139.6701355
南区,35.8433018,139.6427962
南区,35.8433603,139.6486707
南区,35.8433746,139.6719965
南区,35.8434295,139.6353912
南区,35.8434438,139.6587198
南区,35.8434687,139.6545368
南区,35.8434768,139.6436461
南区,35.8434964,139.6540396
南区,35.8435129,139.6409018
南区,35.8435607,139.6747240
南区,35.8435746,139.6731658
南区,35.8435742,139.6523848
南区,35.8436211,139.6362578
南区,35.8436604,139.6579088
南区,35.8436745,139.6717659
南区,35.8437606,139.6707188
南区,35.8438157,139.6443654
南区,35.8438183,139.6373744
南区,35.8438521,139.6646137
南区,35.8438603,139.6560172
南区,35.8439184,139.6416101
南区,35.8439298,139.6573754
南区,35.8439578,139.6682884
南区,35.8439994,139.6642694
南区,35.8440268,139.6452070
南区,35.8440294,139.6386159
南区,35.8440406,139.6397103
南区,35.8440438,139.6625250
南区,35.8441158,139.6513732
南区,35.8441602,139.6484179
南区,35.8441965,139.6604280
南区,35.8442047,139.6531536
南区,35.8442464,139.6552701
南区,35.8442602,139.6526203
南区,35.8442855,139.6666969
南区,35.8443354,139.6654247
南区,35.8443350,139.6375799
南区,35.8443855,139.6700189
南区,35.8444272,139.6711938
南区,35.8444495,139.6767044
南区,35.8444546,139.6491178
南区,35.8444547,139.6564978
南区,35.8444575,139.6577810
南区,35.8444798,139.6591864
南区,35.8445879,139.6466041
南区,35.8446106,139.6755434
南区,35.8446216,139.6703438
南区,35.8446405,139.6366882
南区,35.8446461,139.6429516
南区,35.8447631,139.6588698
南区,35.8447628,139.6454320
南区,35.8447855,139.6731352
南区,35.8447993,139.6682579
南区,35.8448216,139.6715215
南区,35.8448516,139.6397686
南区,35.8448740,139.6520286
南区,35.8448961,139.6420767
南区,35.8449243,139.6659192
南区,35.8449435,139.6555950
南区,35.8449437,139.6638109
南区,35.8449602,139.6545617
南区,35.8450127,139.6409878
南区,35.8450187,139.6654636
南区,35.8450238,139.6379326
南区,35.8450494,139.6746184
南区,35.8450576,139.6667885
南区,35.8450628,139.6478012
南区,35.8450683,139.6451181
南区,35.8450715,139.6645471
南区,35.8450856,139.6769433
南区,35.8451077,139.6737185
南区,35.8451101,139.6531618
南区,35.8451242,139.6610001
南区,35.8451632,139.6703993
南区,35.8451637,139.6507693
南区,35.8451741,139.6598891
南区,35.8451855,139.6727880
南区,35.8452617,139.6621645
南区,35.8452876,139.6363994
南区,35.8453271,139.6691411
南区,35.8453354,139.6663413
南区,35.8453605,139.6764183
南区,35.8453740,139.6516536
南区,35.8453771,139.6698577
南区,35.8455129,139.6523869
南区,35.8455239,139.6489178
南区,35.8455710,139.6424044
南区,35.8455848,139.6347606
南区,35.8456687,139.6670856
南区,35.8456876,139.6384408
南区,35.8457459,139.6355106
南区,35.8457627,139.6435460
南区,35.8457685,139.6601612
南区,35.8458215,139.6739768
南区,35.8458240,139.6543090
南区,35.8458378,139.6531257
南区,35.8458438,139.6753988
南区,35.8458799,139.6729963
南区,35.8458825,139.6654858
南区,35.8458821,139.6447070
南区,35.8458848,139.6371798
南区,35.8458932,139.6447070
南区,35.8459134,139.6397307
南区,35.8459407,139.6559644
南区,35.8459600,139.6499844
南区,35.8460187,139.6702660
南区,35.8460325,139.6643765
南区,35.8460325,139.6686355
南区,35.8460434,139.6571171
南区,35.8460713,139.6628860
南区,35.8461210,139.6451986
南区,35.8461407,139.6613028
南区,35.8461740,139.6603724
南区,35.8462187,139.6714798
南区,35.8462631,139.6680355
南区,35.8462768,139.6591863
南区,35.8463128,139.6516897
南区,35.8463600,139.6538006
南区,35.8463765,139.6411878
南区,35.8463819,139.6352883
南区,35.8464043,139.6466012
南区,35.8464545,139.6550422
南区,35.8464825,139.6711937
南区,35.8465098,139.6400906
南区,35.8465351,139.6581975
南区,35.8465714,139.6726713
南区,35.8466126,139.6424100
南区,35.8466352,139.6668968
南区,35.8466492,139.6734324
南区,35.8466826,139.6760932
南区,35.8466960,139.6507732
南区,35.8467043,139.6475900
南区,35.8467076,139.6746267
南区,35.8467542,139.6388907
南区,35.8467766,139.6533173
南区,35.8467853,139.6695049
南区,35.8467987,139.6435320
南区,35.8468433,139.6559032
南区,35.8468768,139.6661024
南区,35.8468896,139.6340750
南区,35.8468988,139.6504648
南区,35.8469046,139.6653885
南区,35.8469154,139.6494677
南区,35.8469348,139.6443098
南区,35.8469435,139.6628498
南区,35.8469544,139.6519896
南区,35.8469545,139.6622444
南区,35.8469541,139.6362187
南区,35.8470214,139.6728463
南区,35.8470242,139.6722075
南区,35.8471324,139.6672829
南区,35.8471378,139.6569281
南区,35.8471627,139.6532867
南区,35.8471629,139.6640081
南区,35.8471904,139.6474567
南区,35.8472514,139.6409822
南区,35.8472877,139.6543533
南区,35.8473068,139.6347328
南区,35.8473124,139.6377714
南区,35.8473630,139.6703270
南区,35.8473987,139.6469456
南区,35.8474072,139.6553560
南区,35.8475100,139.6577113
南区,35.8476184,139.6645720
南区,35.8476264,139.6480788
南区,35.8476380,139.6742100
南区,35.8476376,139.6518174
南区,35.8476488,139.6530090
南区,35.8476570,139.6494982
南区,35.8476991,139.6714186
南区,35.8477013,139.6421682
南区,35.8477070,139.6460207
南区,35.8477235,139.6397378
南区,35.8477680,139.6448541
南区,35.8478268,139.6667106
南区,35.8478459,139.6500898
南区,35.8478490,139.6700603
南区,35.8478545,139.6674272
南区,35.8478766,139.6564976
南区,35.8478822,139.6627748
南区,35.8478883,139.6896004
南区,35.8479097,139.6430237
南区,35.8479207,139.6356494
南区,35.8479572,139.6635331
南区,35.8479959,139.6483760
南区,35.8480098,139.6498454
南区,35.8480381,139.6682899
南区,35.8480827,139.6888365
南区,35.8481434,139.6656606
南区,35.8481430,139.6446374
南区,35.8481651,139.6366659
南区,35.8481797,139.6760126
南区,35.8481846,139.6403017
南区,35.8482074,139.6725213
南区,35.8482150,139.6335911
南区,35.8482240,139.6709158
南区,35.8482965,139.6880144
南区,35.8483041,139.6470706
南区,35.8483596,139.6411239
南区,35.8483721,139.6389574
南区,35.8483966,139.6906336
南区,35.8484039,139.6343466
南区,35.8484185,139.6731295
南区,35.8484494,139.6917141
南区,35.8485182,139.6555421
南区,35.8485466,139.6934333
南区,35.8485515,139.6572752
南区,35.8485680,139.6465289
南区,35.8485796,139.6749905
南区,35.8485817,139.6380741
南区,35.8485930,139.6490287
南区,35.8486155,139.6613360
南区,35.8486433,139.6667689
南区,35.8486712,139.6703936
南区,35.8486716,139.6923501
南区,35.8487073,139.6690103
南区,35.8487182,139.6566198
南区,35.8487434,139.6715213
南区,35.8487597,139.6477205
南区,35.8488322,139.6644469
南区,35.8488679,139.6457401
南区,35.8488902,139.6494815
南区,35.8489075,139.6868367
南区,35.8489066,139.6349021
南区,35.8489094,139.6354770
南区,35.8489267,139.6682466
南区,35.8489290,139.6436402
南区,35.8489299,139.6948166
南区,35.8489485,139.6448485
南区,35.8489684,139.6721963
南区,35.8489881,139.6888476
南区,35.8489931,139.6539033
南区,35.8490179,139.6415265
南区,35.8490567,139.6369714
南区,35.8491210,139.6653829
南区,35.8492409,139.6902559
南区,35.8492511,139.6400322
南区,35.8492604,139.6928583
南区,35.8492851,139.6746349
南区,35.8492881,139.6868700
南区,35.8492961,139.6696715
南区,35.8493316,139.6360576
南区,35.8493430,139.6490704
南区,35.8493709,139.6567002
南区,35.8493712,139.6753821
南区,35.8493909,139.6933639
南区,35.8494044,139.6684521
南区,35.8494155,139.6667605
南区,35.8494205,139.6389267
南区,35.8494243,139.6943555
南区,35.8494405,139.6710240
南区,35.8494431,139.6608694
南区,35.8494493,139.6922862
南区,35.8494540,139.6469094
南区,35.8494825,139.6894392
南区,35.8495428,139.6439041
南区,35.8495650,139.6378824
南区,35.8495767,139.6719907
南区,35.8495819,139.6550588
南区,35.8496121,139.6342244
南区,35.8497020,139.6934806
南区,35.8497070,139.6626386
南区,35.8497461,139.6729156
南区,35.8497519,139.6866366
南区,35.8497906,139.6739988
南区,35.8498732,139.6333495
南区,35.8498932,139.6641024
南区,35.8499464,139.6897225
南区,35.8499705,139.6404766
南区,35.8499992,139.6941999
南区,35.8500176,139.6353826
南区,35.8500604,139.6951387
南区,35.8500879,139.6841757
南区,35.8500881,139.6932917
南区,35.8501399,139.6394350
南区,35.8501704,139.6368879
南区,35.8501789,139.6429513
南区,35.8501849,139.6714685
南区,35.8502322,139.6733822
南区,35.8502652,139.6556170
南区,35.8502908,139.6890142
南区,35.8503067,139.6486620
南区,35.8503177,139.6384462
南区,35.8503482,139.6363186
南区,35.8503984,139.6475787
南区,35.8504074,139.6860894
南区,35.8504183,139.6729238
南区,35.8504232,139.6375046
南区,35.8504269,139.6907141
南区,35.8504377,139.6703880
南区,35.8504650,139.6456484
南区,35.8504712,139.6821148
南区,35.8504761,139.6444179
南区,35.8504793,139.6686270
南区,35.8504955,139.6429291
南区,35.8505211,139.6747598
南区,35.8505239,139.6799761
南区,35.8505851,139.6819948
南区,35.8506316,139.6418987
南区,35.8506351,139.6856228
南区,35.8506654,139.6673938
南区,35.8507268,139.6869811
南区,35.8507349,139.6733183
南区,35.8507342,139.6350381
南区,35.8507545,139.6826841
南区,35.8507545,139.6845785
南区,35.8508011,139.6482176
南区,35.8508214,139.6950331
南区,35.8508381,139.6953804
南区,35.8508432,139.6724434
南区,35.8509185,139.6927945
南区,35.8509407,139.6885642
南区,35.8509686,139.6942581
南区,35.8509823,139.6837924
南区,35.8510181,139.6660078
南区,35.8510398,139.6397572
南区,35.8510583,139.6339309
南区,35.8510815,139.6425736
南区,35.8510903,139.6698269
南区,35.8510961,139.6795789
南区,35.8511236,139.6669604
南区,35.8512177,139.6454317
南区,35.8512510,139.6441790
南区,35.8512657,139.6933416
南区,35.8512649,139.6433541
南区,35.8513184,139.6858755
南区,35.8513786,139.6362074
南区,35.8513925,139.6370685
南区,35.8514268,139.6899252
南区,35.8514378,139.6820730
南区,35.8514400,139.6494924
南区,35.8514453,139.6380906
南区,35.8514514,139.6683659
南区,35.8514677,139.6481009
南区,35.8514738,139.6789678
南区,35.8514880,139.6959608
南区,35.8514961,139.6811815
南区,35.8515098,139.6744460
南区,35.8515239,139.6847534
南区,35.8515792,139.6696991
南区,35.8515842,139.6376378
南区,35.8516018,139.6948026
南区,35.8516564,139.6404738
南区,35.8516791,139.6663604
南区,35.8516876,139.6726711
南区,35.8516931,139.6745043
南区,35.8516952,139.6337965
南区,35.8517545,139.6915833
南区,35.8517591,139.6350436
南区,35.8517653,139.6715712
南区,35.8517870,139.6424597
南区,35.8518128,139.6846645
南区,35.8518238,139.6834424
南区,35.8518264,139.6691269
南区,35.8518342,139.6387905
南区,35.8519293,139.6779401
南区,35.8519426,139.6440846
南区,35.8519509,139.6452456
南区,35.8519933,139.6828813
南区,35.8520069,139.6698518
南区,35.8520119,139.6361185
南区,35.8520156,139.6874504
南区,35.8520570,139.6767484
南区,35.8520709,139.6735515
南区,35.8520843,139.6464233
南区,35.8520981,139.6396376
南区,35.8521461,139.6885836
南区,35.8521517,139.6917056
南区,35.8521704,139.6496368
南区,35.8522099,139.6853255
南区,35.8522240,139.6931666
南区,35.8522379,139.6943831
南区,35.8522935,139.6957025
南区,35.8523041,139.6669853
南区,35.8523154,139.6800593
南区,35.8523322,139.6904723
南区,35.8523396,139.6344464
南区,35.8523485,139.6680353
南区,35.8524343,139.6489591
南区,35.8524543,139.6837339
南区,35.8524625,139.6753874
南区,35.8524823,139.6918611
南区,35.8524931,139.6741070
南区,35.8525065,139.6470426
南区,35.8525126,139.6774651
南区,35.8525146,139.6366102
南区,35.8525293,139.6834340
南区,35.8525341,139.6377434
南区,35.8525398,139.6477397
南区,35.8525656,139.6905862
南区,35.8526285,139.6358574
南区,35.8526654,139.6804342
南区,35.8526990,139.6947886
南区,35.8527180,139.6727515
南区,35.8527181,139.6770679
南区,35.8527348,139.6785344
南区,35.8527569,139.6713712
南区,35.8528369,139.6407098
南区,35.8528543,139.6862615
南区,35.8528952,139.6390515
南区,35.8529015,139.6848477
南区,35.8529044,139.6880170
南区,35.8529203,139.6462454
南区,35.8529563,139.6419680
南区,35.8529655,139.6892447
南区,35.8529985,139.6688936
南区,35.8530017,139.6951914
南区,35.8530070,139.6824257
南区,35.8530100,139.6913472
南区,35.8530263,139.6706212
南区,35.8530785,139.6397738
南区,35.8531065,139.6498284
南区,35.8531184,139.6959607
南区,35.8531202,139.6433373
南区,35.8531592,139.6478036
南区,35.8531703,139.6472425
南区,35.8531820,139.6814286
南区,35.8532100,139.6960996
南区,35.8532208,139.6774428
南区,35.8532348,139.6821618
南区,35.8532956,139.6668687
南区,35.8533236,139.6761623
南区,35.8533266,139.6933276
南区,35.8533903,139.6789927
南区,35.8533985,139.6759374
南区,35.8534151,139.6717933
南区,35.8534516,139.6901029
南区,35.8534508,139.6445734
南区,35.8534729,139.6384850
南区,35.8535012,139.6683825
南区,35.8536097,139.6782261
南区,35.8536786,139.6485313
南区,35.8537041,139.6802287
南区,35.8537346,139.6738653
南区,35.8538043,139.6872364
南区,35.8538289,139.6695990
南区,35.8538674,139.6457426
南区,35.8538896,139.6421873
南区,35.8538933,139.6953579
南区,35.8539284,139.6407098
南区,35.8539402,139.6810619
南区,35.8539619,139.6500201
南区,35.8540265,139.6876891
南区,35.8540346,139.6770067
南区,35.8540424,139.6467786
南区,35.8540681,139.6854254
南区,35.8540763,139.6808814
南区,35.8540896,139.6427373
南区,35.8541151,139.6722348
南区,35.8541210,139.6911778
南区,35.8541321,139.6917555
南区,35.8541458,139.6838645
南区,35.8542403,139.6886974
南区,35.8542429,139.6757595
南区,35.8542696,139.6929431
南区,35.8542709,139.6892473
南区,35.8542734,139.6729571
南区,35.8543230,139.6487724
南区,35.8543845,139.6702989
南区,35.8544542,139.6904361
南区,35.8544622,139.6679769
南区,35.8545013,139.6844172
南区,35.8545173,139.6417901
南区,35.8545978,139.6393903
南区,35.8546319,139.6861475
南区,35.8546589,139.6383682
南区,35.8546625,139.6849005
南区,35.8546645,139.6436150
南区,35.8546734,139.6772456
南区,35.8547874,139.6800508
南区,35.8548041,139.6874474
南区,35.8548233,139.6717071
南区,35.8548401,139.6777205
南区,35.8548590,139.6445427
南区,35.8548790,139.6766900
南区,35.8549234,139.6787592
南区,35.8549485,139.6845338
南区,35.8549479,139.6479896
南区,35.8549598,139.6947691
南区,35.8549590,139.6453065
南区,35.8550375,139.6893890
南区,35.8550594,139.6707044
南区,35.8550734,139.6753901
南区,35.8551264,139.6932775
南区,35.8551652,139.6883446
南区,35.8551756,139.6475591
南区,35.8552066,139.6689407
南区,35.8552208,139.6874308
南区,35.8552261,139.6740513
南区,35.8552288,139.6674102
南区,35.8552317,139.6795648
南区,35.8553180,139.6867920
南区,35.8553691,139.6865406
南区,35.8554121,139.6859981
南区,35.8554540,139.6832173
南区,35.8554901,139.6808535
南区,35.8555262,139.6808590
南区,35.8555347,139.6935942
南区,35.8555649,139.6716960
南区,35.8555644,139.6425234
南区,35.8555737,139.6956773
南区,35.8555859,139.6828301
南区,35.8555930,139.6908138
南区,35.8555956,139.6803180
南区,35.8556095,139.6802064
南区,35.8556427,139.6743596
南区,35.8556539,139.6765567
南区,35.8556926,139.6673269
南区,35.8556957,139.6888973
南区,35.8556976,139.6381376
南区,35.8557062,139.6846424
南区,35.8557510,139.6868447
南区,35.8557749,139.6858048
南区,35.8557871,139.6737235
南区,35.8558013,139.6874641
南区,35.8558095,139.6792426
南区,35.8558678,139.6780649
南区,35.8559207,139.6900695
南区,35.8559470,139.6819001
南区,35.8559731,139.6682546
南区,35.8559950,139.6472646
南区,35.8561096,139.6879501
南区,35.8561326,139.6864781
南区,35.8561428,139.6833950
南区,35.8561567,139.6829366
南区,35.8561650,139.6810035
南区,35.8561929,139.6852087
南区,35.8561984,139.6846490
南区,35.8562375,139.6968244
南区,35.8562819,139.6949773
南区,35.8563009,139.6708126
南区,35.8563428,139.6820673
南区,35.8563789,139.6803813
南区,35.8564148,139.6737319
南区,35.8564158,139.6799719
南区,35.8564679,139.6888611
南区,35.8565067,139.6847310
南区,35.8565203,139.6674435
南区,35.8565560,139.6432010
南区,35.8565874,139.6940468
南区,35.8565901,139.6875307
南区,35.8565954,139.6757039
南区,35.8566149,139.6775538
南区,35.8566259,139.6699572
南区,35.8566371,139.6770232
南区,35.8566705,139.6831361
南区,35.8566958,139.6959216
南区,35.8566984,139.6895167
南区,35.8567123,139.6859475
南区,35.8567331,139.6838637
南区,35.8567650,139.6818173
南区,35.8567952,139.6665019
南区,35.8568288,139.6821978
南区,35.8568482,139.6783731
南区,35.8568539,139.6853336
南区,35.8568539,139.6863002
南区,35.8569152,139.6944635
南区,35.8569537,139.6749234
南区,35.8569593,139.6766871
南区,35.8570047,139.6826666
南区,35.8570677,139.6807740
南区,35.8570761,139.6832838
南区,35.8571225,139.6378209
南区,35.8571271,139.6803918
南区,35.8571302,139.6843301
南区,35.8572142,139.6426038
南区,35.8572619,139.6665880
南区,35.8573040,139.6970160
南区,35.8573400,139.6895360
南区,35.8573732,139.6778787
南区,35.8573788,139.6824094
南区,35.8574205,139.6873196
南区,35.8574206,139.6934524
南区,35.8574372,139.6853170
南区,35.8574814,139.6760261
南区,35.8575401,139.6944440
南区,35.8576218,139.6813495
南区,35.8576871,139.6802035
南区,35.8577179,139.6950523
南区,35.8577202,139.6672379
南区,35.8577537,139.6777870
南区,35.8577956,139.6922080
南区,35.8578479,139.6663157
南区,35.8578808,139.6425621
南区,35.8579096,139.6974382
南区,35.8580147,139.6738318
南区,35.8581418,139.6375792
南区,35.8581480,139.6752789
南区,35.8581789,139.6912359
南区,35.8582342,139.6769537
南区,35.8582406,139.6812173
南区,35.8582843,139.6859308
南区,35.8582923,139.6680962
南区,35.8582918,139.6401540
南区,35.8583317,139.6975409
南区,35.8583731,139.6825700
南区,35.8583981,139.6787008
南区,35.8584536,139.6773426
南区,35.8584872,139.6957744
南区,35.8585287,139.6843864
南区,35.8585315,139.6884500
南区,35.8587175,139.6805173
南区,35.8587676,139.6865890
南区,35.8587871,139.6900081
南区,35.8587896,139.6730984
南区,35.8588177,139.6926468
南区,35.8588223,139.6373487
南区,35.8588856,139.6818975
南区,35.8588994,139.6813711
南区,35.8589372,139.6946939
南区,35.8590174,139.6739818
南区,35.8590481,139.6847448
南区,35.8591066,139.6937217
南区,35.8591146,139.6759371
南区,35.8592066,139.6966299
南区,35.8592232,139.6890055
南区,35.8592372,139.6957410
南区,35.8592452,139.6785814
南区,35.8592565,139.6879861
南区,35.8594036,139.6822255
南区,35.8594145,139.6750483
南区,35.8594232,139.6925996
南区,35.8594839,139.6671628
南区,35.8595034,139.6761343
南区,35.8595370,139.6901359
南区,35.8595423,139.6726012
南区,35.8595564,139.6838975
南区,35.8596341,139.6831143
南区,35.8596399,139.6942577
南区,35.8597033,139.6688211
南区,35.8597288,139.6957132
南区,35.8597340,139.6781953
南区,35.8597452,139.6795868
南区,35.8597620,139.6914830
南区,35.8598370,139.6879945
南区,35.8598729,139.6804951
南区,35.8599536,139.6856029
南区,35.8599592,139.6894720
南区,35.8599839,139.6752538
南区,35.8600089,139.6706875
南区,35.8600174,139.6848724
南区,35.8600287,139.6924941
南区,35.8600277,139.6368737
南区,35.8600729,139.6818477
南区,35.8602646,139.6842086
南区,35.8603062,139.6792174
南区,35.8603146,139.6824143
南区,35.8603450,139.6766870
南区,35.8603535,139.6862529
南区,35.8603756,139.6784590
南区,35.8604060,139.6684932
南区,35.8604092,139.6906803
南区,35.8604144,139.6703736
南区,35.8605227,139.6718958
南区,35.8605341,139.6898943
南区,35.8605561,139.6729762
南区,35.8605950,139.6741094
南区,35.8606228,139.6777369
南区,35.8606313,139.6870556
南区,35.8606452,139.6884110
南区,35.8606591,139.6870417
南区,35.8606646,139.6879749
南区,35.8607342,139.6928606
南区,35.8607617,139.6802589
南区,35.8609396,139.6856946
南区,35.8609731,139.6947021
南区,35.8609839,139.6811561
南区,35.8611615,139.6699403
南区,35.8611617,139.6783924
南区,35.8611785,139.6893220
南区,35.8612174,139.6904497
南区,35.8612201,139.6882499
南区,35.8612295,139.6677338
南区,35.8612865,139.6712624
南区,35.8612893,139.6721651
南区,35.8613673,139.6863639
南区,35.8614060,139.6731733
南区,35.8614702,139.6910607
南区,35.8615146,139.6931356
南区,35.8615311,139.6797839
南区,35.8615561,139.6833253
南区,35.8615782,139.6727872
南区,35.8615948,139.6685154
南区,35.8616895,139.6845141
南区,35.8617033,139.6807088
南区,35.8617368,139.6895830
南区,35.8617450,139.6819143
南区,35.8618227,139.6788978
南区,35.8618924,139.6921634
南区,35.8619646,139.6943660
南区,35.8619809,139.6704763
南区,35.8620034,139.6892359
南区,35.8620183,139.6676198
南区,35.8620810,139.6772702
南区,35.8621340,139.6942493
南区,35.8621812,139.6885415
南区,35.8622118,139.6910468
南区,35.8622533,139.6854696
南区,35.8623089,139.6873521
南区,35.8623143,139.6803450
南区,35.8623226,139.6766453
南区,35.8623780,139.6688903
南区,35.8623892,139.6721845
南区,35.8624200,139.6863195
南区,35.8624253,139.6711707
南区,35.8624310,139.6792534
南区,35.8624395,139.6929300
南区,35.8625697,139.6703458
南区,35.8626559,139.6783256
南区,35.8627284,139.6916578
南区,35.8627338,139.6848696
南区,35.8628310,139.6810115
南区,35.8628478,139.6894914
南区,35.8629838,139.6845334
南区,35.8630367,139.6926605
南区,35.8630671,139.6822448
南区,35.8631173,139.6942743
南区,35.8631531,139.6767313
南区,35.8632060,139.6870694
南区,35.8632976,139.6801921
南区,35.8633339,139.6907691
南区,35.8633393,139.6842473
南区,35.8633640,139.6701763
南区,35.8634504,139.6850945
南区,35.8635199,139.6862666
南区,35.8635196,139.6711123
南区,35.8635419,139.6759314
南区,35.8636005,139.6914578
南区,35.8637089,139.6933938
南区,35.8637281,139.6840029
南区,35.8637864,139.6816059
南区,35.8638115,139.6849667
南区,35.8639393,139.6905329
南区,35.8640363,139.6748648
南区,35.8641030,139.6791172
南区,35.8641058,139.6780839
南区,35.8641558,139.6811725
南区,35.8641836,139.6799310
南区,35.8643113,139.6771257
南区,35.8646975,139.6830751
南区,35.8647141,139.6798337
南区,35.8650223,139.6779117
南区,35.8651279,139.6763785
南区,35.8651306,139.6752453
南区,35.8654417,139.6745508
南区,35.8655223,139.6800865
南区,35.8657334,139.6783338
南区,35.8658099,139.6882153
南区,35.8658778,139.6762229
南区,35.8659612,139.6809142
南区,35.8661459,139.6818235
南区,35.8666528,139.6801059
緑区,35.8574348,139.7088483
緑区,35.8576846,139.6980609
緑区,35.8581540,139.6990824
緑区,35.8583570,139.7119619
緑区,35.8584236,139.7086872
緑区,35.8585597,139.7103204
緑区,35.8587678,139.6982048
緑区,35.8590081,139.6991208
緑区,35.8593846,139.7103587
緑区,35.8594900,139.6986269
緑区,35.8595930,139.7124257
緑区,35.8596344,139.6968814
緑区,35.8596568,139.7072401
緑区,35.8596707,139.7094621
緑区,35.8599540,139.7087093
緑区,35.8600124,139.7117786
緑区,35.8600510,139.6990273
緑区,35.8602593,139.6980408
緑区,35.8602589,139.6749038
緑区,35.8604343,139.6971048
緑区,35.8605011,139.7080483
緑区,35.8606137,139.7108419
緑区,35.8606620,139.6963353
緑区,35.8606928,139.7090899
緑区,35.8608366,139.6758176
緑区,35.8609426,139.6976574
緑区,35.8610316,139.7062290
緑区,35.8610588,139.6736428
緑区,35.8611009,139.6967659
緑区,35.8611328,139.6956232
緑区,35.8612815,139.7003350
緑区,35.8613065,139.7003739
緑区,35.8613439,139.6984135
緑区,35.8614647,139.6963381
緑区,35.8615088,139.6763203
緑区,35.8615427,139.7074344
緑区,35.8615955,139.7102286
緑区,35.8616447,139.6667072
緑区,35.8616703,139.6976519
緑区,35.8617532,139.6741066
緑区,35.8617648,139.7063289
緑区,35.8618788,139.7108313
緑区,35.8618920,139.6732456
緑区,35.8619259,139.7019348
緑区,35.8619355,139.6987857
緑区,35.8619425,139.7019709
緑区,35.8619508,139.6987407
緑区,35.8620316,139.7126117
緑区,35.8620371,139.7084315
緑区,35.8621198,139.6725594
緑区,35.8622231,139.7067872
緑区,35.8622313,139.6996628
緑区,35.8622563,139.6997184
緑区,35.8622788,139.7149615
緑区,35.8623007,139.6953353
緑区,35.8623419,139.6668072
緑区,35.8623480,139.6977568
緑区,35.8623615,139.6751204
緑区,35.8623927,139.7162503
緑区,35.8624064,139.7031375
緑区,35.8624705,139.7171696
緑区,35.8625063,139.6970824
緑区,35.8626356,139.7050973
緑区,35.8626842,139.7050345
緑区,35.8627410,139.6964886
緑区,35.8627669,139.6734760
緑区,35.8629244,139.7044512
緑区,35.8629257,139.7013404
緑区,35.8630364,139.6756119
緑区,35.8630730,139.7060705
緑区,35.8630840,139.6990739
緑区,35.8630980,139.7060678
緑区,35.8631085,139.6691870
緑区,35.8631118,139.6990517
緑区,35.8631224,139.6679821
緑区,35.8631427,139.7170113
緑区,35.8632085,139.6715907
緑区,35.8633224,139.6723928
緑区,35.8633423,139.7000710
緑区,35.8633475,139.6745287
緑区,35.8633632,139.7000660
緑区,35.8634112,139.6662933
緑区,35.8634145,139.6955325
緑区,35.8634423,139.6971712
緑区,35.8634618,139.6983906
緑区,35.8635090,139.6984295
緑区,35.8635112,139.6669098
緑区,35.8635619,139.7058983
緑区,35.8635869,139.7058844
緑区,35.8636362,139.6657294
緑区,35.8636891,139.6730593
緑区,35.8637951,139.7032513
緑区,35.8638085,139.6707151
緑区,35.8638563,139.7044512
緑区,35.8638618,139.7044290
緑区,35.8639117,139.6997794
緑区,35.8640009,139.7168419
緑区,35.8640060,139.6893525
緑区,35.8641029,139.6712900
緑区,35.8641088,139.6929938
緑区,35.8641751,139.6735705
緑区,35.8641750,139.6682820
緑区,35.8642393,139.6881219
緑区,35.8642421,139.6941075
緑区,35.8642759,139.7177473
緑区,35.8643589,139.6990183
緑区,35.8643894,139.6990349
緑区,35.8643917,139.6671654
緑区,35.8643976,139.6901218
緑区,35.8644320,139.6706284
緑区,35.8644338,139.6935188
緑区,35.8644501,139.6741592
緑区,35.8644559,139.6890108
緑区,35.8644889,139.6692458
緑区,35.8645060,139.6963490
緑区,35.8645255,139.6963379
緑区,35.8645615,139.6884636
緑区,35.8645640,139.6723621
緑区,35.8645923,139.7051261
緑区,35.8646117,139.7051511
緑区,35.8646642,139.6864971
緑区,35.8646862,139.6724510
緑区,35.8647339,139.7022874
緑区,35.8647587,139.6925439
緑区,35.8647589,139.7008682
緑区,35.8647589,139.7022930
緑区,35.8647728,139.7008487
緑区,35.8647947,139.6846722
緑区,35.8648143,139.6915994
緑区,35.8648445,139.6741204
緑区,35.8648644,139.7000237
緑区,35.8648860,139.6665182
緑区,35.8648860,139.6653794
緑区,35.8648991,139.7000232
緑区,35.8649228,139.7063621
緑区,35.8649310,139.6944742
緑区,35.8649367,139.7063927
緑区,35.8649694,139.6711733
緑区,35.8649976,139.6900079
緑区,35.8650166,139.6698595
緑区,35.8650888,139.6660182
緑区,35.8651116,139.6984655
緑区,35.8651278,139.6731954
緑区,35.8651518,139.6984971
緑区,35.8651561,139.7033595
緑区,35.8652502,139.6828779
緑区,35.8652780,139.6847333
緑区,35.8654054,139.6676097
緑区,35.8654196,139.6838250
緑区,35.8654333,139.6706122
緑区,35.8654533,139.7051955
緑区,35.8654589,139.7052122
緑区,35.8654610,139.6698040
緑区,35.8655226,139.6936298
緑区,35.8655394,139.7052205
緑区,35.8655447,139.6914161
緑区,35.8656028,139.6741425
緑区,35.8656083,139.6741953
緑区,35.8656198,139.6976961
緑区,35.8656255,139.7021430
緑区,35.8656477,139.7021485
緑区,35.8656504,139.6976739
緑区,35.8656505,139.7042733
緑区,35.8656614,139.6906412
緑区,35.8656916,139.6726510
緑区,35.8656920,139.6922410
緑区,35.8657082,139.6684124
緑区,35.8657323,139.6954580
緑区,35.8657337,139.6937603
緑区,35.8657476,139.6954297
緑区,35.8657485,139.6697962
緑区,35.8657975,139.6899356
緑区,35.8658781,139.6965296
緑区,35.8658918,139.6869137
緑区,35.8659251,139.6851916
緑区,35.8659420,139.6965723
緑区,35.8660000,139.6748036
緑区,35.8660309,139.6994315
緑区,35.8660670,139.6993820
緑区,35.8661498,139.6673236
緑区,35.8661531,139.6945436
緑区,35.8662003,139.6975767
緑区,35.8662114,139.6975961
緑区,35.8662168,139.6862331
緑区,35.8662581,139.6661293
緑区,35.8662888,139.6734620
緑区,35.8662997,139.6649849
緑区,35.8663058,139.6930353
緑区,35.8663637,139.6691401
緑区,35.8665053,139.6679958
緑区,35.8665532,139.7069314
緑区,35.8665727,139.7069120
緑区,35.8665835,139.6915799
緑区,35.8665865,139.7033623
緑区,35.8665979,139.6876139
緑区,35.8666054,139.6718843
緑区,35.8666196,139.6876080
緑区,35.8666331,139.6690373
緑区,35.8666347,139.6809997
緑区,35.8666387,139.6703344
緑区,35.8666393,139.7033512
緑区,35.8666475,139.6996237
緑区,35.8666670,139.7014957
緑区,35.8667003,139.6985377
緑区,35.8667082,139.6762895
緑区,35.8667115,139.7047066
緑区,35.8667142,139.6985871
緑区,35.8667310,139.7046511
緑区,35.8667360,139.6744036
緑区,35.8668640,139.6903272
緑区,35.8668971,139.6771422
緑区,35.8669194,139.6794670
緑区,35.8669224,139.6946519
緑区,35.8669335,139.6922943
緑区,35.8669639,139.6827890
緑区,35.8670029,139.6927992
緑区,35.8670112,139.6892884
緑区,35.8670166,139.6784282
緑区,35.8671307,139.6936131
緑区,35.8671331,139.6686123
緑区,35.8671444,139.6840971
緑区,35.8671806,139.6881768
緑区,35.8672164,139.6692179
緑区,35.8672497,139.6703567
緑区,35.8672504,139.7058620
緑区,35.8672754,139.7059009
緑区,35.8672891,139.6975933
緑区,35.8672891,139.6975849
緑区,35.8673413,139.6650821
緑区,35.8673442,139.6735619
緑区,35.8674086,139.7029484
緑区,35.8674780,139.7009096
緑区,35.8674885,139.6657736
緑区,35.8674998,139.6766588
緑区,35.8676303,139.6751702
緑区,35.8676357,139.6647626
緑区,35.8676582,139.6825389
緑区,35.8676890,139.6964706
緑区,35.8677527,139.6855248
緑区,35.8677552,139.6665125
緑区,35.8677578,139.6918710
緑区,35.8678168,139.6934908
緑区,35.8678362,139.6923020
緑区,35.8678526,139.6806919
緑区,35.8678636,139.6718537
緑区,35.8678639,139.6873218
緑区,35.8679025,139.6705621
緑区,35.8679135,139.6680957
緑区,35.8679385,139.6672346
緑区,35.8679723,139.6938574
緑区,35.8679725,139.7041899
緑区,35.8679919,139.7041899
緑区,35.8680446,139.6985626
緑区,35.8680996,139.6654986
緑区,35.8681378,139.6759798
緑区,35.8681641,139.7053620
緑区,35.8681722,139.6887606
緑区,35.8681780,139.7053731
緑区,35.8681886,139.6743868
緑区,35.8683029,139.7002707
緑区,35.8683108,139.6714009
緑区,35.8683528,139.6928575
緑区,35.8683607,139.6694733
緑区,35.8684079,139.6665569
緑区,35.8684233,139.6756609
緑区,35.8684250,139.6920714
緑区,35.8684890,139.6992625
緑区,35.8684916,139.6871524
緑区,35.8685085,139.7023095
緑区,35.8685166,139.6907132
緑区,35.8685579,139.6684373
緑区,35.8685780,139.7066175
緑区,35.8685914,139.6808696
緑区,35.8686225,139.7066758
緑区,35.8686267,139.6801783
緑区,35.8686497,139.6739090
緑区,35.8686553,139.6767255
緑区,35.8686862,139.7009124
緑区,35.8688333,139.6915575
緑区,35.8689359,139.6827972
緑区,35.8689436,139.6812254
緑区,35.8689863,139.7036038
緑区,35.8690050,139.6662624
緑区,35.8690246,139.6727786
緑区,35.8690499,139.6880301
緑区,35.8690640,139.7035677
緑区,35.8690746,139.6707871
緑区,35.8690772,139.6649431
緑区,35.8691638,139.6925131
緑区,35.8692273,139.6693456
緑区,35.8692333,139.6941296
緑区,35.8692525,139.6789586
緑区,35.8692886,139.6836416
緑区,35.8693246,139.6742840
緑区,35.8693550,139.6651070
緑区,35.8693805,139.6931158
緑区,35.8693911,139.6670458
緑区,35.8694026,139.6906743
緑区,35.8694025,139.6804501
緑区,35.8694470,139.6871052
緑区,35.8694666,139.6971655
緑区,35.8694998,139.6864413
緑区,35.8695112,139.7055426
緑区,35.8695135,139.6761033
緑区,35.8695390,139.7055481
緑区,35.8695803,139.6846443
緑区,35.8696721,139.6914659
緑区,35.8697084,139.7021566
緑区,35.8697218,139.6778892
緑区,35.8697662,139.6720814
緑区,35.8697721,139.6922047
緑区,35.8697776,139.6905549
緑区,35.8698027,139.6991042
緑区,35.8698139,139.7020094
緑区,35.8698661,139.6681456
緑区,35.8698722,139.6990847
緑区,35.8698856,139.6703427
緑区,35.8698887,139.6893883
緑区,35.8699410,139.6659735
緑区,35.8699661,139.6664541
緑区,35.8699860,139.6952767
緑区,35.8700360,139.6981514
緑区,35.8700581,139.6881801
緑区,35.8700777,139.7007123
緑区,35.8700829,139.6802646
緑区,35.8701083,139.7006984
緑区,35.8701162,139.6732535
緑区,35.8701800,139.6710926
緑区,35.8702111,139.7027400
緑区,35.8702248,139.6912131
緑区,35.8702444,139.7027815
緑区,35.8702498,139.6912353
緑区,35.8702806,139.7041537
緑区,35.8702857,139.6790724
緑区,35.8702884,139.6742978
緑区,35.8703139,139.7041259
緑区,35.8703163,139.6836276
緑区,35.8703549,139.6692149
緑区,35.8703637,139.6926991
緑区,35.8704496,139.6827582
緑区,35.8705049,139.6674901
緑区,35.8705244,139.6722425
緑区,35.8705412,139.6759616
緑区,35.8705854,139.6670957
緑区,35.8705886,139.6867441
緑区,35.8706024,139.6848442
緑区,35.8706500,139.7054536
緑区,35.8706583,139.7054591
緑区,35.8706832,139.6967848
緑区,35.8706858,139.6874606
緑区,35.8707082,139.6967820
緑区,35.8707110,139.6967626
緑区,35.8707469,139.6875273
緑区,35.8707609,139.6948322
緑区,35.8708333,139.7069868
緑区,35.8708444,139.7069896
緑区,35.8708800,139.6779142
緑区,35.8708884,139.6805168
緑区,35.8709356,139.6788613
緑区,35.8709412,139.6814972
緑区,35.8709448,139.6798362
緑区,35.8709857,139.6855968
緑区,35.8709914,139.6906020
緑区,35.8709966,139.6707037
緑区,35.8709994,139.6732868
緑区,35.8710026,139.6992346
緑区,35.8710247,139.6915352
緑区,35.8710937,139.6682539
緑区,35.8711385,139.6846469
緑区,35.8711465,139.6689871
緑区,35.8711635,139.6890354
緑区,35.8711666,139.7042731
緑区,35.8712082,139.7022788
緑区,35.8712082,139.7022760
緑区,35.8712246,139.6860496
緑区,35.8712360,139.7043037
緑区,35.8713943,139.7007040
緑区,35.8714271,139.6726257
緑区,35.8714360,139.7056147
緑区,35.8714383,139.6783280
緑区,35.8714444,139.7056008
緑区,35.8714744,139.6756893
緑区,35.8714799,139.6747838
緑区,35.8714944,139.7073589
緑区,35.8715027,139.7073173
緑区,35.8715551,139.6827055
緑区,35.8716133,139.6753672
緑区,35.8716135,139.6880105
緑区,35.8716326,139.6716675
緑区,35.8716550,139.6823666
緑区,35.8716635,139.6894438
緑区,35.8716775,139.6981236
緑区,35.8716824,139.7365365
緑区,35.8716911,139.6793501
緑区,35.8717050,139.6799696
緑区,35.8717106,139.6799640
緑区,35.8717133,139.6799696
緑区,35.8717133,139.6799696
緑区,35.8717161,139.6799696
緑区,35.8717244,139.6799529
緑区,35.8717272,139.6799529
緑区,35.8717327,139.6763754
緑区,35.8717409,139.6672539
緑区,35.8717442,139.6993930
緑区,35.8717471,139.7036203
緑区,35.8717494,139.6799390
緑区,35.8717776,139.7036287
緑区,35.8718383,139.6809028
緑区,35.8718416,139.7069395
緑区,35.8718416,139.7069200
緑区,35.8718437,139.6705869
緑区,35.8718580,139.6947294
緑区,35.8718775,139.6947377
緑区,35.8718802,139.6927851
緑区,35.8719025,139.6960959
緑区,35.8719025,139.6948877
緑区,35.8719108,139.6948933
緑区,35.8719135,139.6903464
緑区,35.8719219,139.6974403
緑区,35.8719271,139.6766586
緑区,35.8719623,139.7016683
緑区,35.8719717,139.6838608
緑区,35.8719745,139.6838719
緑区,35.8719774,139.6931907
緑区,35.8719941,139.6945100
緑区,35.8719990,139.7378925
緑区,35.8720187,139.6733451
緑区,35.8720218,139.6923601
緑区,35.8720274,139.6915574
緑区,35.8720466,139.6781724
緑区,35.8721994,139.6826915
緑区,35.8722049,139.6795723
緑区,35.8722271,139.6743450
緑区,35.8722356,139.6844497
緑区,35.8722359,139.7014122
緑区,35.8723158,139.6678456
緑区,35.8723226,139.7356426
緑区,35.8723386,139.6999984
緑区,35.8723466,139.6815749
緑区,35.8723659,139.6729062
緑区,35.8723857,139.6925407
緑区,35.8723860,139.6934370
緑区,35.8724079,139.6917908
緑区,35.8724131,139.6706925
緑区,35.8724271,139.6776808
緑区,35.8724327,139.6810500
緑区,35.8724469,139.6976875
緑区,35.8725220,139.7051118
緑区,35.8725221,139.6960543
緑区,35.8725275,139.7030537
緑区,35.8725275,139.6987791
緑区,35.8725303,139.7030564
緑区,35.8725440,139.6946405
緑区,35.8725467,139.6864245
緑区,35.8725773,139.6915130
緑区,35.8725837,139.7370398
緑区,35.8725942,139.7040425
緑区,35.8726031,139.7386147
緑区,35.8726050,139.6887882
緑区,35.8726276,139.7050590
緑区,35.8726303,139.7040508
緑区,35.8726531,139.7390118
緑区,35.8726662,139.6932128
緑区,35.8726770,139.6725395
緑区,35.8726859,139.7064117
緑区,35.8726913,139.6994512
緑区,35.8727254,139.7394784
緑区,35.8727609,139.7064117
緑区,35.8727809,139.7370675
緑区,35.8728142,139.7376313
緑区,35.8728159,139.6750282
緑区,35.8728385,139.6965425
緑区,35.8728634,139.6908519
緑区,35.8728743,139.6789918
緑区,35.8728941,139.6986291
緑区,35.8729029,139.6924896
緑区,35.8729132,139.6818860
緑区,35.8729301,139.6944155
緑区,35.8729659,139.6763475
緑区,35.8729741,139.6713757
緑区,35.8729825,139.6735006
緑区,35.8730218,139.6938600
緑区,35.8730635,139.6972403
緑区,35.8730690,139.6951410
緑区,35.8731522,139.6880465
緑区,35.8731686,139.6748226
緑区,35.8731856,139.6895909
緑区,35.8732086,139.7354982
緑区,35.8732136,139.7025453
緑区,35.8732300,139.6917768
緑区,35.8732358,139.7026037
緑区,35.8732412,139.6933267
緑区,35.8732658,139.7012888
緑区,35.8732717,139.6910797
緑区,35.8732799,139.6856273
緑区,35.8732802,139.7003900
緑区,35.8732857,139.7003816
緑区,35.8732912,139.6933045
緑区,35.8732936,139.6741088
緑区,35.8733105,139.6845329
緑区,35.8733189,139.6912130
緑区,35.8733327,139.6834719
緑区,35.8733364,139.7378619
緑区,35.8733437,139.6799083
緑区,35.8733477,139.6679066
緑区,35.8733857,139.6979263
緑区,35.8734351,139.6959109
緑区,35.8734386,139.7045702
緑区,35.8734407,139.6700730
緑区,35.8734492,139.6751699
緑区,35.8734580,139.7045702
緑区,35.8734606,139.6941877
緑区,35.8734659,139.6769447
緑区,35.8735253,139.7388340
緑区,35.8735713,139.6684148
緑区,35.8735800,139.6926239
緑区,35.8735891,139.7368092
緑区,35.8736284,139.6951834
緑区,35.8736384,139.6978791
緑区,35.8736714,139.6765448
緑区,35.8736717,139.6945071
緑区,35.8736717,139.6945405
緑区,35.8737161,139.6919296
緑区,35.8737242,139.6808166
緑区,35.8737409,139.6788168
緑区,35.8737633,139.6936988
緑区,35.8738308,139.7389090
緑区,35.8738330,139.7034869
緑区,35.8738524,139.7034980
緑区,35.8738550,139.6908602
緑区,35.8738662,139.6963597
緑区,35.8738829,139.7018149
緑区,35.8738829,139.7018371
緑区,35.8738963,139.6713563
緑区,35.8739049,139.6888825
緑区,35.8739324,139.6722978
緑区,35.8740078,139.6939571
緑区,35.8740353,139.6785946
緑区,35.8740462,139.6691592
緑区,35.8741696,139.7364536
緑区,35.8741830,139.7063284
緑区,35.8741907,139.7019303
緑区,35.8742157,139.6732172
緑区,35.8742273,139.7019676
緑区,35.8742524,139.7063145
緑区,35.8742522,139.6970541
緑区,35.8742662,139.7014454
緑区,35.8742768,139.6742337
緑区,35.8742801,139.6995622
緑区,35.8742829,139.7052785
緑区,35.8742827,139.6935016
緑区,35.8743024,139.7052924
緑区,35.8743436,139.6800527
緑区,35.8743717,139.7006538
緑区,35.8743769,139.6806249
緑区,35.8744020,139.6855717
緑区,35.8744051,139.7030425
緑区,35.8744162,139.7030425
緑区,35.8744251,139.7365203
緑区,35.8744411,139.6971013
緑区,35.8744522,139.6945015
緑区,35.8744603,139.6822998
緑区,35.8744657,139.6756531
緑区,35.8745130,139.6772974
緑区,35.8746440,139.7026953
緑区,35.8746688,139.6956542
緑区,35.8747244,139.6984206
緑区,35.8747243,139.6915240
緑区,35.8747661,139.6974985
緑区,35.8747686,139.6829497
緑区,35.8748384,139.7010593
緑区,35.8748440,139.7043618
緑区,35.8748606,139.7043868
緑区,35.8748628,139.6709202
緑区,35.8748685,139.6803860
緑区,35.8748773,139.7053867
緑区,35.8748798,139.6880049
緑区,35.8748797,139.6811831
緑区,35.8748884,139.7053978
緑区,35.8749437,139.6901463
緑区,35.8749662,139.7032758
緑区,35.8749689,139.7032952
緑区,35.8750105,139.6958764
緑区,35.8750129,139.6784528
緑区,35.8750240,139.6734033
緑区,35.8750272,139.7013842
緑区,35.8750695,139.7361398
緑区,35.8751073,139.6758586
緑区,35.8751160,139.6924406
緑区,35.8752237,139.7373457
緑区,35.8752278,139.7361730
緑区,35.8752545,139.6714562
緑区,35.8752695,139.7362202
緑区,35.8752938,139.6962764
緑区,35.8753134,139.7037285
緑区,35.8754184,139.6739310
緑区,35.8754215,139.6946515
緑区,35.8754239,139.6723450
緑区,35.8754519,139.6870576
緑区,35.8754550,139.7007260
緑区,35.8754963,139.6824108
緑区,35.8755184,139.6746420
緑区,35.8755223,139.7396810
緑区,35.8755629,139.6793971
緑区,35.8755909,139.6899463
緑区,35.8756076,139.6934016
緑区,35.8756278,139.7383617
緑区,35.8756362,139.7384867
緑区,35.8757522,139.7021508
緑区,35.8757660,139.6979679
緑区,35.8757712,139.6779584
緑区,35.8757850,139.6731061
緑区,35.8757992,139.6908435
緑区,35.8758214,139.6908851
緑区,35.8758518,139.6824775
緑区,35.8758657,139.6811331
緑区,35.8758795,139.6768640
緑区,35.8759072,139.6754503
緑区,35.8759491,139.6890713
緑区,35.8759824,139.6843662
緑区,35.8759964,139.6917878
緑区,35.8760074,139.6868160
緑区,35.8760333,139.7367508
緑区,35.8760555,139.7356259
緑区,35.8760695,139.7404199
緑区,35.8760880,139.6858744
緑区,35.8761127,139.6685591
緑区,35.8761157,139.6858050
緑区,35.8761478,139.6954119
緑区,35.8761493,139.7013759
緑区,35.8761583,139.7357785
緑区,35.8761605,139.7019369
緑区,35.8761766,139.6707534
緑区,35.8761777,139.7357730
緑区,35.8762354,139.6998121
緑区,35.8762769,139.6880548
緑区,35.8762881,139.6961652
緑区,35.8762972,139.7390672
緑区,35.8762990,139.6840051
緑区,35.8763071,139.6723977
緑区,35.8763075,139.6942126
緑区,35.8763075,139.6927738
緑区,35.8763770,139.6978095
緑区,35.8763794,139.6760641
緑区,35.8764299,139.7027341
緑区,35.8764572,139.6738754
緑区,35.8764964,139.6948125
緑区,35.8765054,139.7340899
緑区,35.8765103,139.6976112
緑区,35.8765416,139.7379728
緑区,35.8765879,139.6840662
緑区,35.8765962,139.6826274
緑区,35.8766020,139.6985178
緑区,35.8766435,139.6901462
緑区,35.8767211,139.6799220
緑区,35.8767269,139.6923099
緑区,35.8767298,139.7016397
緑区,35.8767352,139.6889908
緑区,35.8767629,139.6848911
緑区,35.8767749,139.7351203
緑区,35.8767741,139.6926266
緑区,35.8768302,139.7232823
緑区,35.8768783,139.6946981
緑区,35.8768963,139.6909072
緑区,35.8768991,139.6909267
緑区,35.8769018,139.6908989
緑区,35.8769185,139.6881992
緑区,35.8769268,139.6909100
緑区,35.8769610,139.7360341
緑区,35.8769721,139.7360785
緑区,35.8770409,139.6996899
緑区,35.8770489,139.6846466
緑区,35.8770937,139.7002203
緑区,35.8771209,139.6706062
緑区,35.8771403,139.6679619
緑区,35.8771403,139.6679619
緑区,35.8771515,139.6745920
緑区,35.8771792,139.6694729
緑区,35.8771881,139.7014202
緑区,35.8772137,139.7350170
緑区,35.8772209,139.6713422
緑区,35.8772240,139.6885602
緑区,35.8772302,139.7248350
緑区,35.8772380,139.6938154
緑区,35.8772487,139.6732115
緑区,35.8772656,139.6829524
緑区,35.8772794,139.6782917
緑区,35.8772935,139.6918933
緑区,35.8773267,139.6875520
緑区,35.8773297,139.6960068
緑区,35.8773294,139.6815580
緑区,35.8774212,139.6863188
緑区,35.8774332,139.7370173
緑区,35.8774991,139.6953263
緑区,35.8774992,139.7022536
緑区,35.8775210,139.6761084
緑区,35.8775881,139.7344131
緑区,35.8776074,139.6939908
緑区,35.8776154,139.6753197
緑区,35.8776267,139.6862326
緑区,35.8776642,139.7343100
緑区,35.8776685,139.6970395
緑区,35.8777488,139.6827913
緑区,35.8777628,139.6899157
緑区,35.8777655,139.6828607
緑区,35.8777934,139.6875437
緑区,35.8778017,139.6889047
緑区,35.8778128,139.6887686
緑区,35.8778158,139.7010897
緑区,35.8778684,139.6929404
緑区,35.8778741,139.6979094
緑区,35.8778847,139.6685685
緑区,35.8778934,139.6898935
緑区,35.8779519,139.6988371
緑区,35.8779736,139.6721921
緑区,35.8779847,139.6673119
緑区,35.8780016,139.6838190
緑区,35.8780017,139.6911850
緑区,35.8780919,139.6851011
緑区,35.8780942,139.7351397
緑区,35.8780960,139.6791748
緑区,35.8781041,139.6692913
緑区,35.8781129,139.6952424
緑区,35.8781219,139.7354702
緑区,35.8781248,139.7376867
緑区,35.8781600,139.6872909
緑区,35.8781988,139.6824941
緑区,35.8782552,139.7327037
緑区,35.8782710,139.6812275
緑区,35.8782791,139.6706783
緑区,35.8782949,139.6963979
緑区,35.8782986,139.6750002
緑区,35.8783356,139.7255266
緑区,35.8783666,139.6680975
緑区,35.8783831,139.7388699
緑区,35.8784544,139.6890362
緑区,35.8784602,139.7016980
緑区,35.8784636,139.7360229
緑区,35.8784684,139.6931332
緑区,35.8785264,139.6735809
緑区,35.8785580,139.7364062
緑区,35.8786016,139.6859521
緑区,35.8786270,139.7089141
緑区,35.8787629,139.6980510
緑区,35.8787746,139.7335814
緑区,35.8787876,139.6833078
緑区,35.8788237,139.6839383
緑区,35.8788322,139.6887073
緑区,35.8788462,139.6956229
緑区,35.8788572,139.6898100
緑区,35.8789153,139.6773806
緑区,35.8789265,139.6814468
緑区,35.8789401,139.7321226
緑区,35.8789405,139.6924154
緑区,35.8789524,139.7369589
緑区,35.8789874,139.6739002
緑区,35.8789918,139.6878844
緑区,35.8790291,139.6764472
緑区,35.8790353,139.7105167
緑区,35.8790788,139.7374733
緑区,35.8791015,139.6824495
緑区,35.8791078,139.7248932
緑区,35.8791239,139.6940958
緑区,35.8791294,139.6914655
緑区,35.8791727,139.7389568
緑区,35.8791845,139.6682257
緑区,35.8792246,139.7344730
緑区,35.8792516,139.6901934
緑区,35.8792598,139.6845660
緑区,35.8793098,139.6858520
緑区,35.8793279,139.6867648
緑区,35.8793401,139.6690895
緑区,35.8793793,139.6897795
緑区,35.8793986,139.6819191
緑区,35.8794401,139.6699783
緑区,35.8794402,139.6729281
緑区,35.8794668,139.6884512
緑区,35.8794798,139.7194159
緑区,35.8795017,139.6967205
緑区,35.8795086,139.6928681
緑区,35.8795301,139.7347841
緑区,35.8795655,139.6920959
緑区,35.8795774,139.7364950
緑区,35.8796104,139.7222045
緑区,35.8796123,139.6708227
緑区,35.8796208,139.6801775
緑区,35.8796291,139.6801830
緑区,35.8796292,139.6823940
緑区,35.8796320,139.6830856
緑区,35.8796400,139.6680479
緑区,35.8796502,139.6949230
緑区,35.8796900,139.7313593
緑区,35.8796967,139.7327203
緑区,35.8797013,139.6759222
緑区,35.8797463,139.7387187
緑区,35.8797829,139.7354201
緑区,35.8798431,139.6848993
緑区,35.8798459,139.6879657
緑区,35.8798901,139.6729309
緑区,35.8798958,139.6811635
緑区,35.8799659,139.7212685
緑区,35.8799771,139.7261737
緑区,35.8799797,139.7131580
緑区,35.8799884,139.7337035
緑区,35.8800013,139.6774055
緑区,35.8800181,139.6856520
緑区,35.8800597,139.6818051
緑区,35.8801152,139.6823023
緑区,35.8801150,139.6697922
緑区,35.8801234,139.6741085
緑区,35.8801541,139.6830827
緑区,35.8802125,139.6838189
緑区,35.8802355,139.7277568
緑区,35.8802438,139.7277346
緑区,35.8802460,139.6924958
緑区,35.8802565,139.6906233
緑区,35.8802579,139.7370282
緑区,35.8802624,139.6785137
緑区,35.8802734,139.6747334
緑区,35.8802807,139.6961250
緑区,35.8802918,139.6942130
緑区,35.8803264,139.6866991
緑区,35.8803967,139.7365339
緑区,35.8804709,139.6874807
緑区,35.8805122,139.6690089
緑区,35.8805403,139.6893156
緑区,35.8806263,139.6824134
緑区,35.8806596,139.6814634
緑区,35.8807078,139.7353507
緑区,35.8807410,139.7284234
緑区,35.8807473,139.6940746
緑区,35.8807642,139.6735277
緑区,35.8808180,139.6828911
緑区,35.8808597,139.6860519
緑区,35.8808709,139.6935707
緑区,35.8808737,139.6924069
緑区,35.8808936,139.7188270
緑区,35.8809682,139.6969182
緑区,35.8809762,139.6768166
緑区,35.8809799,139.7342201
緑区,35.8809856,139.7374088
緑区,35.8810012,139.6802968
緑区,35.8810268,139.7159800
緑区,35.8810514,139.6905738
緑区,35.8810876,139.6943734
緑区,35.8810966,139.7360117
緑区,35.8810980,139.7363356
緑区,35.8811066,139.6723003
緑区,35.8811456,139.6754500
緑区,35.8811543,139.6954234
緑区,35.8811595,139.6787219
緑区,35.8811651,139.6831939
緑区,35.8812186,139.7201435
緑区,35.8812187,139.7271040
緑区,35.8813346,139.6870101
緑区,35.8813343,139.6694450
緑区,35.8814711,139.7086667
緑区,35.8814902,139.6855464
緑区,35.8814965,139.7302510
緑区,35.8815038,139.6744834
緑区,35.8815038,139.6706560
緑区,35.8815537,139.6691066
緑区,35.8815577,139.7375337
緑区,35.8815566,139.6751167
緑区,35.8815650,139.6764305
緑区,35.8816067,139.6812562
緑区,35.8816325,139.7229905
緑区,35.8817121,139.6733558
緑区,35.8817491,139.7217767
緑区,35.8817494,139.7382004
緑区,35.8817511,139.6797329
緑区,35.8817567,139.6815751
緑区,35.8817707,139.6887572
緑区,35.8817771,139.7357428
緑区,35.8817819,139.6935680
緑区,35.8818317,139.6820466
緑区,35.8818317,139.6802274
緑区,35.8818494,139.7422944
緑区,35.8818872,139.6774498
緑区,35.8819076,139.7353256
緑区,35.8819518,139.7184075
緑区,35.8819541,139.6928735
緑区,35.8819542,139.6957233
緑区,35.8819629,139.7183797
緑区,35.8819984,139.6839271
緑区,35.8820019,139.7245292
緑区,35.8820565,139.6718781
緑区,35.8820714,139.7287622
緑区,35.8820742,139.7315203
緑区,35.8820845,139.6810523
緑区,35.8820957,139.6861019
緑区,35.8821463,139.7205323
緑区,35.8821548,139.7338146
緑区,35.8821689,139.7424527
緑区,35.8821965,139.7331063
緑区,35.8822400,139.6808328
緑区,35.8822788,139.6753667
緑区,35.8823069,139.6948983
緑区,35.8823124,139.6919792
緑区,35.8823287,139.6694144
緑区,35.8823463,139.7258958
緑区,35.8823481,139.6709142
緑区,35.8823762,139.6899544
緑区,35.8824215,139.7340090
緑区,35.8824372,139.6790747
緑区,35.8824433,139.7151134
緑区,35.8824576,139.7351089
緑区,35.8824567,139.6825189
緑区,35.8824760,139.6767665
緑区,35.8824993,139.7376920
緑区,35.8825270,139.7364977
緑区,35.8825270,139.7347645
緑区,35.8825291,139.6931018
緑区,35.8825354,139.7395168
緑区,35.8825567,139.6876489
緑区,35.8825770,139.7369865
緑区,35.8825816,139.6819327
緑区,35.8826064,139.6699976
緑区,35.8826157,139.7219600
緑区,35.8826482,139.6742057
緑区,35.8826651,139.6888460
緑区,35.8826844,139.6801079
緑区,35.8827039,139.6865046
緑区,35.8827261,139.6840159
緑区,35.8827438,139.7415195
緑区,35.8827597,139.6961449
緑区,35.8827799,139.7405945
緑区,35.8827991,139.7303399
緑区,35.8828240,139.7251319
緑区,35.8828268,139.7251208
緑区,35.8828900,139.6853269
緑区,35.8828938,139.7434999
緑区,35.8829454,139.6779636
緑区,35.8829816,139.6815050
緑区,35.8830397,139.6688172
緑区,35.8830413,139.6826582
緑区,35.8830910,139.7420833
緑区,35.8830925,139.6715281
緑区,35.8831012,139.6911069
緑区,35.8831099,139.7118747
緑区,35.8831462,139.7234681
緑区,35.8831596,139.6941040
緑区,35.8831621,139.6802162
緑区,35.8832067,139.6869407
緑区,35.8832314,139.6728612
緑区,35.8832464,139.7344506
緑区,35.8832776,139.6919474
緑区,35.8833187,139.7391752
緑区,35.8833232,139.6779442
緑区,35.8833426,139.6795024
緑区,35.8833492,139.7372476
緑区,35.8834064,139.6757638
緑区,35.8834094,139.6859907
緑区,35.8834462,139.7243320
緑区,35.8834761,139.6883655
緑区,35.8835159,139.7385058
緑区,35.8835195,139.7094488
緑区,35.8835457,139.6951572
緑区,35.8835817,139.6928541
緑区,35.8836538,139.6839853
緑区,35.8838007,139.6699587
緑区,35.8838150,139.6922291
緑区,35.8838186,139.7406445
緑区,35.8838257,139.6685200
緑区,35.8838323,139.7274706
緑区,35.8838602,139.7357699
緑区,35.8838907,139.7310870
緑区,35.8838933,139.7226877
緑区,35.8839427,139.6850074
緑区,35.8839437,139.7423026
緑区,35.8839657,139.7327562
緑区,35.8840045,139.7263013
緑区,35.8840257,139.6677088
緑区,35.8840742,139.7432360
緑区,35.8840890,139.7127107
緑区,35.8841007,139.6717558
緑区,35.8841091,139.6733307
緑区,35.8841398,139.6792202
緑区,35.8841463,139.7369170
緑区,35.8841511,139.6911875
緑区,35.8841730,139.6742195
緑区,35.8842288,139.6862407
緑区,35.8842315,139.6821438
緑区,35.8842369,139.6751305
緑区,35.8842814,139.6762443
緑区,35.8842961,139.7234015
緑区,35.8843314,139.6803162
緑区,35.8843675,139.6767804
緑区,35.8843705,139.6896515
緑区,35.8843788,139.6874156
緑区,35.8844008,139.6779192
緑区,35.8844294,139.7267762
緑区,35.8844619,139.6786035
緑区,35.8844899,139.6884683
緑区,35.8844981,139.6836770
緑区,35.8845396,139.6711002
緑区,35.8845536,139.6773719
緑区,35.8845600,139.7295760
緑区,35.8845652,139.7089110
緑区,35.8846101,139.7320035
緑区,35.8846545,139.7302592
緑区,35.8846538,139.6913374
緑区,35.8846627,139.7250652
緑区,35.8846656,139.6822285
緑区,35.8846870,139.6850769
緑区,35.8847438,139.7219535
緑区,35.8847491,139.7391279
緑区,35.8847685,139.7372475
緑区,35.8847933,139.7259318
緑区,35.8848093,139.6867045
緑区,35.8848569,139.7123601
緑区,35.8848962,139.7342200
緑区,35.8849563,139.6747971
緑区,35.8849630,139.7413139
緑区,35.8850263,139.7103525
緑区,35.8850395,139.6673811
緑区,35.8850590,139.6756665
緑区,35.8850924,139.6774469
緑区,35.8851016,139.7282177
緑区,35.8851046,139.7422943
緑区,35.8851293,139.7229459
緑区,35.8851284,139.6695781
緑区,35.8851368,139.6737195
緑区,35.8851432,139.7261123
緑区,35.8851656,139.7314897
緑区,35.8851655,139.7269206
緑区,35.8851670,139.7355681
緑区,35.8851760,139.6924067
緑区,35.8851905,139.7301842
緑区,35.8851988,139.7275733
緑区,35.8852211,139.7306174
緑区,35.8852898,139.6906542
緑区,35.8852935,139.7389613
緑区,35.8853311,139.6687004
緑区,35.8853424,139.6784607
緑区,35.8854035,139.6800022
緑区,35.8854617,139.6706530
緑区,35.8854854,139.6777318
緑区,35.8854926,139.6890070
緑区,35.8855877,139.7268372
緑区,35.8855877,139.7268344
緑区,35.8856073,139.7403889
緑区,35.8856203,139.6881183
緑区,35.8856273,139.6919790
緑区,35.8856506,139.6719223
緑区,35.8856619,139.6841074
緑区,35.8856710,139.7299453
緑区,35.8856793,139.7252985
緑区,35.8856922,139.6671727
緑区,35.8857565,139.6930289
緑区,35.8857765,139.7269372
緑区,35.8857959,139.7212127
緑区,35.8858293,139.7265956
緑区,35.8858793,139.7279871
緑区,35.8858960,139.7310480
緑区,35.8859043,139.7280899
緑区,35.8859145,139.6752831
緑区,35.8859155,139.7336617
緑区,35.8859174,139.6809632
緑区,35.8859488,139.7290231
緑区,35.8859563,139.6836908
緑区,35.8859793,139.7273094
緑区,35.8860099,139.7320062
緑区,35.8860433,139.7344282
緑区,35.8860878,139.7370864
緑区,35.8860981,139.6918817
緑区,35.8861282,139.6660839
緑区,35.8861478,139.6732917
緑区,35.8861480,139.6851073
緑区,35.8861535,139.6850962
緑区,35.8861699,139.6703835
緑区,35.8861823,139.7398750
緑区,35.8861869,139.6866934
緑区,35.8862073,139.7398944
緑区,35.8862171,139.6681393
緑区,35.8862506,139.6766942
緑区,35.8863034,139.6797133
緑区,35.8863127,139.7340494
緑区,35.8863182,139.7289592
緑区,35.8863320,139.7275372
緑区,35.8863456,139.7080721
緑区,35.8863564,139.6912807
緑区,35.8863655,139.7326117
緑区,35.8864590,139.6809910
緑区,35.8864645,139.6810160
緑区,35.8864764,139.7248652
緑区,35.8864867,139.6755970
緑区,35.8864866,139.6712251
緑区,35.8865120,139.6937577
緑区,35.8865147,139.6894792
緑区,35.8865150,139.7100358
緑区,35.8865229,139.6834741
緑区,35.8865239,139.7410693
緑区,35.8865542,139.7281093
緑区,35.8865727,139.6740916
緑区,35.8866486,139.7266011
緑区,35.8866653,139.7251984
緑区,35.8867015,139.7297869
緑区,35.8867092,139.6928428
緑区,35.8868097,139.7226680
緑区,35.8868322,139.7383084
緑区,35.8869587,139.6696113
緑区,35.8869591,139.6906680
緑区,35.8869733,139.7088553
緑区,35.8869977,139.6723500
緑区,35.8870181,139.7289536
緑区,35.8870198,139.6665200
緑区,35.8870232,139.7058194
緑区,35.8870452,139.6879459
緑区,35.8870500,139.6773257
緑区,35.8870896,139.6893814
緑区,35.8871097,139.7261955
緑区,35.8871420,139.6684920
緑区,35.8871423,139.6852517
緑区,35.8871986,139.7293648
緑区,35.8872458,139.7235152
緑区,35.8872486,139.7291370
緑区,35.8872727,139.6736860
緑区,35.8872783,139.6757053
緑区,35.8872903,139.7272510
緑区,35.8872922,139.6767441
緑区,35.8873563,139.6919512
緑区,35.8873678,139.7161020
緑区,35.8873791,139.7245568
緑区,35.8873847,139.7297619
緑区,35.8874125,139.7303569
緑区,35.8874255,139.6798383
緑区,35.8874701,139.6887708
緑区,35.8875014,139.7282203
緑区,35.8875257,139.6931899
緑区,35.8875347,139.7272843
緑区,35.8875811,139.6831213
緑区,35.8876160,139.6914229
緑区,35.8876170,139.6689003
緑区,35.8876201,139.6902541
緑区,35.8877116,139.6816409
緑区,35.8877197,139.6678253
緑区,35.8877643,139.6747415
緑区,35.8877680,139.7297952
緑区,35.8877949,139.6785217
緑区,35.8878030,139.6669365
緑区,35.8878043,139.7362669
緑区,35.8878066,139.7124383
緑区,35.8878125,139.7315672
緑区,35.8878142,139.6705751
緑区,35.8878419,139.6652895
緑区,35.8878486,139.7303285
緑区,35.8878534,139.6867099
緑区,35.8878847,139.7328182
緑区,35.8878957,139.7266483
緑区,35.8879068,139.7258344
緑区,35.8879371,139.7069332
緑区,35.8879671,139.6772995
緑区,35.8879729,139.6917728
緑区,35.8879762,139.7241846
緑区,35.8879847,139.7288120
緑区,35.8880320,139.7347170
緑区,35.8880617,139.6896013
緑区,35.8880698,139.6722167
緑区,35.8880818,139.7265650
緑区,35.8881013,139.7279675
緑区,35.8881062,139.6931204
緑区,35.8881755,139.6824574
緑区,35.8882003,139.6730832
緑区,35.8882093,139.7090747
緑区,35.8882233,139.7153770
緑区,35.8882283,139.6841851
緑区,35.8882395,139.6912373
緑区,35.8882660,139.6942120
緑区,35.8882948,139.6759135
緑区,35.8882979,139.6924900
緑区,35.8883057,139.6657311
緑区,35.8883235,139.7293897
緑区,35.8883253,139.6697835
緑区,35.8884151,139.7250595
緑区,35.8884589,139.6858016
緑区,35.8884929,139.7259511
緑区,35.8885632,139.6967035
緑区,35.8885985,139.7308562
緑区,35.8886012,139.7227735
緑区,35.8886561,139.6882958
緑区,35.8886652,139.7302340
緑区,35.8886752,139.6675142
緑区,35.8887318,139.7272426
緑区,35.8887558,139.6688697
緑区,35.8887781,139.6759135
緑区,35.8887902,139.7315845
緑区,35.8887920,139.6743748
緑区,35.8887951,139.6958897
緑区,35.8887974,139.6712139
緑区,35.8888123,139.7257150
緑区,35.8888143,139.6813770
緑区,35.8888145,139.6930927
緑区,35.8888180,139.7358918
緑区,35.8888223,139.6647395
緑区,35.8888568,139.7293008
緑区,35.8888586,139.6725527
緑区,35.8888752,139.6699307
緑区,35.8889011,139.7236763
緑区,35.8889004,139.6803326
緑区,35.8889142,139.6791022
緑区,35.8889839,139.6920400
緑区,35.8889888,139.7344076
緑区,35.8889920,139.6801438
緑区,35.8890031,139.6770217
緑区,35.8890143,139.6833101
緑区,35.8890316,139.7164712
緑区,35.8891075,139.6937626
緑区,35.8891699,139.6849795
緑区,35.8891928,139.7251705
緑区,35.8892089,139.6948202
緑区,35.8892205,139.7213180
緑区,35.8892317,139.7287535
緑区,35.8892394,139.6907206
緑区,35.8892707,139.7303618
緑区,35.8892809,139.6776467
緑区,35.8892948,139.6783522
緑区,35.8893228,139.6938953
緑区,35.8893465,139.6968057
緑区,35.8893511,139.7262954
緑区,35.8893540,139.7302923
緑区,35.8893810,139.6895902
緑区,35.8894279,139.6689280
緑区,35.8894339,139.6932038
緑区,35.8894502,139.6746025
緑区,35.8894584,139.6651922
緑区,35.8895040,139.7296562
緑区,35.8895086,139.6800437
緑区,35.8895196,139.6721944
緑区,35.8895699,139.6872653
緑区,35.8895779,139.6669642
緑区,35.8895818,139.7347586
緑区,35.8895946,139.6732581
緑区,35.8896195,139.6656532
緑区,35.8896428,139.7287285
緑区,35.8896537,139.7181878
緑区,35.8896561,139.6957007
緑区,35.8896643,139.6885096
緑区,35.8896733,139.7267065
緑区,35.8896779,139.6705445
緑区,35.8897530,139.6754913
緑区,35.8897869,139.7084886
緑区,35.8897947,139.6758191
緑区,35.8898113,139.6769662
緑区,35.8898172,139.6938731
緑区,35.8898232,139.7195766
緑区,35.8898445,139.6678059
緑区,35.8899329,139.7172614
緑区,35.8899539,139.7306456
緑区,35.8899602,139.6922327
緑区,35.8900344,139.7271092
緑区,35.8900447,139.6813102
緑区,35.8900678,139.7298090
緑区,35.8900700,139.6950841
緑区,35.8900870,139.7148602
緑区,35.8900922,139.6967234
緑区,35.8900955,139.7274481
緑区,35.8901068,139.7358474
緑区,35.8901448,139.6861765
緑区,35.8901483,139.7286841
緑区,35.8901650,139.7286924
緑区,35.8901677,139.7280991
緑区,35.8901840,139.7071887
緑区,35.8901918,139.6742469
緑区,35.8902385,139.7264360
緑区,35.8902418,139.6751913
緑区,35.8902444,139.6636617
緑区,35.8902671,139.6889013
緑区,35.8903139,139.6666864
緑区,35.8903675,139.7160107
緑区,35.8903727,139.6957479
緑区,35.8904860,139.6642061
緑区,35.8905317,139.7329126
緑区,35.8905417,139.6721749
緑区,35.8905484,139.7339253
緑区,35.8906038,139.7280258
緑区,35.8906149,139.7277424
緑区,35.8906232,139.7277230
緑区,35.8906507,139.7096717
緑区,35.8907000,139.6681947
緑区,35.8907275,139.6881474
緑区,35.8907277,139.6656782
緑区,35.8907441,139.7292529
緑区,35.8907613,139.6802270
緑区,35.8907895,139.7058942
緑区,35.8907996,139.7288301
緑区,35.8908194,139.6670503
緑区,35.8908277,139.6643672
緑区,35.8908417,139.6712110
緑区,35.8908778,139.6694668
緑区,35.8909008,139.7157829
緑区,35.8909195,139.6726193
緑区,35.8909375,139.7368851
緑区,35.8909595,139.7357779
緑区,35.8910065,139.7269153
緑区,35.8910284,139.7047499
緑区,35.8910501,139.6769439
緑区,35.8911231,139.7237177
緑区,35.8911250,139.6737303
緑区,35.8911415,139.6633673
緑区,35.8911639,139.6705000
緑区,35.8912482,139.7275647
緑区,35.8912535,139.7129047
緑区,35.8913009,139.7272635
緑区,35.8913639,139.6745135
緑区,35.8914194,139.6733692
緑区,35.8914554,139.6659809
緑区,35.8915424,139.7149269
緑区,35.8915444,139.6709638
緑区,35.8915538,139.7351391
緑区,35.8915555,139.6696306
緑区,35.8915594,139.7351446
緑区,35.8915804,139.6673585
緑区,35.8916176,139.7285451
緑区,35.8916610,139.6721276
緑区,35.8916648,139.7261748
緑区,35.8916927,139.7331447
緑区,35.8918071,139.6682115
緑区,35.8918109,139.6641672
緑区,35.8919422,139.7080024
緑区,35.8919898,139.7270935
緑区,35.8920192,139.6656948
緑区,35.8920192,139.6656531
緑区,35.8920472,139.6769522
緑区,35.8920647,139.7247037
緑区,35.8921787,139.7318281
緑区,35.8922342,139.7289479
緑区,35.8922971,139.6722220
緑区,35.8923295,139.6687793
緑区,35.8923882,139.7226828
緑区,35.8924089,139.7102161
緑区,35.8924147,139.7270813
緑区,35.8924193,139.6707971
緑区,35.8925803,139.6651586
緑区,35.8926053,139.6676390
緑区,35.8926553,139.6656336
緑区,35.8927188,139.7248776
緑区,35.8927454,139.7361055
緑区,35.8927831,139.6693833
緑区,35.8928369,139.7274813
緑区,35.8928954,139.7355056
緑区,35.8928978,139.7135463
緑区,35.8929228,139.7157950
緑区,35.8929620,139.7343557
緑区,35.8929980,139.7263191
緑区,35.8930203,139.7323086
緑区,35.8931699,139.7100772
緑区,35.8933302,139.6653503
緑区,35.8933385,139.6662891
緑区,35.8933784,139.7234511
緑区,35.8934049,139.7294278
緑区,35.8934549,139.7310320
緑区,35.8935048,139.7247471
緑区,35.8935201,139.7237982
緑区,35.8936255,139.7139045
緑区,35.8937229,139.7284611
緑区,35.8937991,139.7150117
緑区,35.8938173,139.7267619
緑区,35.8940246,139.6654864
緑区,35.8940718,139.6664891
緑区,35.8940858,139.7227208
緑区,35.8941897,139.7353166
緑区,35.8941980,139.7353166
緑区,35.8942035,139.7335918
緑区,35.8942474,139.7031971
緑区,35.8943284,139.7254870
緑区,35.8944087,139.7127602
緑区,35.8944086,139.7070301
緑区,35.8944169,139.7070413
緑区,35.8944437,139.7269590
緑区,35.8945479,139.7306393
緑区,35.8945810,139.7214762
緑区,35.8946854,139.7321814
緑区,35.8948075,139.7287283
緑区,35.8948170,139.7118214
緑区,35.8948472,139.7236357
緑区,35.8950584,139.7336178
緑区,35.8951420,139.7138407
緑区,35.8952835,139.7087466
緑区,35.8953005,139.7268590
緑区,35.8953558,139.7105242
緑区,35.8953920,139.7175487
緑区,35.8955088,139.7254913
緑区,35.8957223,139.7064385
緑区,35.8957309,139.7206401
緑区,35.8957318,139.7226860
緑区,35.8957919,139.7123963
緑区,35.8958005,139.7281756
緑区,35.8958027,139.7115402
緑区,35.8958630,139.7317858
緑区,35.8962394,139.7309847
緑区,35.8962529,139.7105603
緑区,35.8964292,139.7240342
緑区,35.8964334,139.7076327
緑区,35.8964919,139.7207261
緑区,35.8965476,139.7290755
緑区,35.8965525,139.7212894
緑区,35.8965614,139.7212427
緑区,35.8966017,139.7257373
緑区,35.8966208,139.7187552
緑区,35.8966905,139.7171736
緑区,35.8967267,139.7272039
緑区,35.8969695,139.7123379
緑区,35.8971905,139.7197895
緑区,35.8972084,139.7132406
緑区,35.8972335,139.7181652
緑区,35.8972583,139.7084048
緑区,35.8974668,139.7186513
緑区,35.8975445,139.7147488
緑区,35.8976725,139.7269145
緑区,35.8977683,139.7274049
緑区,35.8977881,139.6650640
緑区,35.8978031,139.7293087
緑区,35.8978029,139.7204400
緑区,35.8978057,139.7201233
緑区,35.8978891,139.7245035
緑区,35.8979572,139.7281971
緑区,35.8981554,139.7075161
緑区,35.8981582,139.7075161
緑区,35.8981805,139.7104102
緑区,35.8981885,139.7256340
緑区,35.8983194,139.7156431
緑区,35.8983806,139.7203288
緑区,35.8984445,139.7188123
緑区,35.8984667,139.7215899
緑区,35.8985667,139.7188234
緑区,35.8985971,139.7092520
緑区,35.8987002,139.7307363
緑区,35.8987611,139.7171929
緑区,35.8988098,139.7232130
緑区,35.8988334,139.7251340
緑区,35.8989354,139.7285718
緑区,35.8990721,139.7123072
緑区,35.8991638,139.7145542
緑区,35.8991958,139.7222753
緑区,35.8992331,139.7063744
緑区,35.8992497,139.7038746
緑区,35.8992732,139.7275755
緑区,35.8993224,139.7303013
緑区,35.8993809,139.7251667
緑区,35.8994015,139.7264521
緑区,35.8995916,139.7209093
緑区,35.8997997,139.7098102
緑区,35.9000941,139.7054662
緑区,35.9001063,139.7217320
緑区,35.9001275,139.7135432
緑区,35.9002027,139.7237451
緑区,35.9004775,139.7127293
緑区,35.9005055,139.7290419
緑区,35.9005763,139.7260227
緑区,35.9007749,139.7277976
緑区,35.9008996,139.7116628
緑区,35.9009079,139.7044328
緑区,35.9013440,139.7092880
緑区,35.9014467,139.7073214
緑区,35.9014523,139.7073214
緑区,35.9014531,139.7238676
緑区,35.9015273,139.7222619
緑区,35.9016883,139.7039167
緑区,35.9018178,139.7253877
緑区,35.9022717,139.7098018
緑区,35.9024283,139.7238286
緑区,35.9026502,139.7051283
緑区,35.9026939,139.7106711
緑区,35.9028021,139.7032578
緑区,35.9028521,139.7062410
緑区,35.9033948,139.7224526
緑区,35.9034048,139.7059548
緑区,35.9034881,139.7040744
緑区,35.9035048,139.7030217
緑区,35.9038391,139.7143090
緑区,35.9041797,139.7043799
緑区,35.9043909,139.7078824
緑区,35.9046853,139.7095600
緑区,35.9048215,139.7131136
緑区,35.9048449,139.7053472
緑区,35.9048882,139.7151014
緑区,35.9049740,139.7026328
緑区,35.9050325,139.7115015
緑区,35.9050519,139.7062159
緑区,35.9051824,139.7033633
緑区,35.9052202,139.7215884
緑区,35.9054352,139.7105710
緑区,35.9057657,139.7041382
緑区,35.9058165,139.7071354
緑区,35.9058485,139.7086783
緑区,35.9059489,139.6989664
緑区,35.9060407,139.7061519
緑区,35.9061656,139.7025355
緑区,35.9061797,139.7141040
緑区,35.9061991,139.7140929
緑区,35.9063198,139.7073404
緑区,35.9063659,139.7188509
緑区,35.9064824,139.7116597
緑区,35.9064908,139.7180148
緑区,35.9064908,139.7192869
緑区,35.9065158,139.7154677
緑区,35.9065214,139.7204812
緑区,35.9065366,139.7172871
緑区,35.9065519,139.7153177
緑区,35.9065711,139.7049881
緑区,35.9066235,139.7105326
緑区,35.9070380,139.7177203
緑区,35.9071960,139.7018716
緑区,35.9072294,139.7059046
緑区,35.9072574,139.7198062
緑区,35.9073544,139.7036493
緑区,35.9073741,139.7183163
緑区,35.9075431,139.6981802
緑区,35.9075572,139.7066962
緑区,35.9075740,139.7136123
緑区,35.9076809,139.7134439
緑区,35.9077628,139.7115319
緑区,35.9078267,139.7114847
緑区,35.9081184,139.7149616
緑区,35.9082184,139.7168592
緑区,35.9082183,139.7137512
緑区,35.9082378,139.7167786
緑区,35.9083513,139.6955527
緑区,35.9084654,139.7044602
緑区,35.9085531,139.7169875
緑区,35.9086653,139.7001495
緑区,35.9086683,139.7123290
緑区,35.9089930,139.6988635
緑区,35.9090418,139.7112297
緑区,35.9090513,139.6950499
緑区,35.9090710,139.7109180
緑区,35.9091791,139.6969580
緑区,35.9092791,139.6975302
緑区,35.9093349,139.7133212
緑区,35.9097262,139.6940994
緑区,35.9098042,139.7086320
緑区,35.9098484,139.6961192
緑区,35.9099540,139.6991800
緑区,35.9100014,139.7092054
緑区,35.9101013,139.7009633
緑区,35.9103569,139.7064406
緑区,35.9104817,139.6996495
緑区,35.9106041,139.7056989
緑区,35.9106566,139.6951526
緑区,35.9114566,139.6944498
緑区,35.9122537,139.6953247
緑区,35.9123675,139.6936082
緑区,35.9128566,139.7046822
緑区,35.9143286,139.7022380
緑区,35.9153813,139.7013102
緑区,38.0859170,155.6756086
岩槻区,35.8836382,139.7478606
岩槻区,35.8841938,139.7490244
岩槻区,35.8850547,139.7471522
岩槻区,35.8861491,139.7482632
岩槻区,35.8861963,139.7456662
岩槻区,35.8870045,139.7436969
岩槻区,35.8876489,139.7474687
岩槻区,35.8880877,139.7422220
岩槻区,35.8884266,139.7461966
岩槻区,35.8886237,139.7407775
岩槻区,35.8890432,139.7453327
岩槻区,35.8894569,139.7398638
岩槻区,35.8896987,139.7472215
岩槻区,35.8898125,139.7442745
岩槻区,35.8898930,139.7387889
岩槻区,35.8899208,139.7396971
岩槻区,35.8907068,139.7430857
岩槻区,35.8912956,139.7375389
岩槻区,35.8913678,139.7376416
岩槻区,35.8915429,139.7445494
岩槻区,35.8917123,139.7443688
岩槻区,35.8919595,139.7416107
岩槻区,35.8925233,139.7434966
岩槻区,35.8925317,139.7450687
岩槻区,35.8925317,139.7450937
岩槻区,35.8934037,139.7371443
岩槻区,35.8937148,139.7422856
岩槻区,35.8944259,139.7441076
岩槻区,35.8947535,139.7384775
岩槻区,35.8948258,139.7414745
岩槻区,35.8951064,139.7472823
岩槻区,35.8951369,139.7446742
岩槻区,35.8956093,139.7519625
岩槻区,35.8956395,139.7361901
岩槻区,35.8957425,139.7506653
岩槻区,35.8958823,139.7347794
岩槻区,35.8959258,139.7462741
岩槻区,35.8961368,139.7404800
岩槻区,35.8962701,139.7429659
岩槻区,35.8963172,139.7371637
岩槻区,35.8969200,139.7393107
岩槻区,35.8969229,139.7440603
岩槻区,35.8969699,139.7341833
岩槻区,35.8971172,139.7415605
岩槻区,35.8975116,139.7371719
岩槻区,35.8975368,139.7330323
岩槻区,35.8975629,139.7354676
岩槻区,35.8980671,139.7381885
岩槻区,35.8980699,139.7400078
岩槻区,35.8981309,139.7338205
岩槻区,35.8982310,139.7410466
岩槻区,35.8984889,139.7356262
岩槻区,35.8985170,139.7348249
岩槻区,35.8989841,139.7331022
岩槻区,35.8990169,139.7339271
岩槻区,35.8990303,139.7366108
岩槻区,35.8991170,139.7399605
岩槻区,35.8992281,139.7376176
岩槻区,35.8995591,139.7344429
岩槻区,35.8996696,139.7315940
岩槻区,35.8997363,139.7356537
岩槻区,35.8997474,139.7357303
岩槻区,35.8997668,139.7334249
岩槻区,35.8999974,139.7380939
岩槻区,35.9000151,139.7327022
岩槻区,35.9000918,139.7371301
岩槻区,35.9004906,139.7333904
岩槻区,35.9005375,139.7298341
岩槻区,35.9007015,139.7350220
岩槻区,35.9007432,139.7370435
岩槻区,35.9007918,139.7394160
岩槻区,35.9008223,139.7371912
岩槻区,35.9008264,139.7309378
岩槻区,35.9008709,139.7361708
岩槻区,35.9012347,139.7338153
岩槻区,35.9013568,139.7285980
岩槻区,35.9014055,139.7314877
岩槻区,35.9014874,139.7309490
岩槻区,35.9016930,139.7320055
岩槻区,35.9019236,139.7357241
岩槻区,35.9020188,139.7349561
岩槻区,35.9020804,139.7292385
岩槻区,35.9021165,139.7305090
岩槻区,35.9021449,139.7313880
岩槻区,35.9022040,139.7277980
岩槻区,35.9024693,139.7323788
岩槻区,35.9024859,139.7295884
岩槻区,35.9024887,139.7336220
岩槻区,35.9027929,139.7346019
岩槻区,35.9029859,139.7302028
岩槻区,35.9030342,139.7325779
岩槻区,35.9031257,139.7362193
岩槻区,35.9031539,139.7280957
岩槻区,35.9031817,139.7291545
岩槻区,35.9032525,139.7316138
岩槻区,35.9034552,139.7267942
岩槻区,35.9037416,139.7441072
岩槻区,35.9039631,139.7346061
岩槻区,35.9039802,139.7281391
岩槻区,35.9039829,139.7274113
岩槻区,35.9040830,139.7328748
岩槻区,35.9042152,139.7319729
岩槻区,35.9042760,139.7306755
岩槻区,35.9043083,139.7519787
岩槻区,35.9043162,139.7281857
岩槻区,35.9043243,139.7266572
岩槻区,35.9043466,139.7324603
岩槻区,35.9045609,139.7413130
岩槻区,35.9046009,139.7288712
岩槻区,35.9049175,139.7269179
岩槻区,35.9050120,139.7275035
岩槻区,35.9052020,139.7315687
岩槻区,35.9055261,139.7282509
岩槻区,35.9055674,139.7247220
岩槻区,35.9055799,139.7256364
岩槻区,35.9055856,139.7301000
岩槻区,35.9056244,139.7269807
岩槻区,35.9056272,139.7269752
岩槻区,35.9056941,139.7436515
岩槻区,35.9059953,139.7306451
岩槻区,35.9060277,139.7265171
岩槻区,35.9060522,139.7304138
岩槻区,35.9061052,139.7429239
岩槻区,35.9061219,139.7472012
岩槻区,35.9062638,139.7273013
岩槻区,35.9063988,139.7300485
岩槻区,35.9064063,139.7293861
岩槻区,35.9065280,139.7301146
岩槻区,35.9067826,139.7282195
岩槻区,35.9068997,139.7513231
岩槻区,35.9070248,139.7264638
岩槻区,35.9071408,139.7229338
岩槻区,35.9074048,139.7289561
岩槻区,35.9076398,139.7445573
岩槻区,35.9077770,139.7278611
岩槻区,35.9079366,139.7216855
岩槻区,35.9081880,139.7241086
岩槻区,35.9085324,139.7248142
岩槻区,35.9085692,139.7195826
岩槻区,35.9085828,139.7509092
岩槻区,35.9088518,139.7274055
岩槻区,35.9091852,139.7307580
岩槻区,35.9091880,139.7307386
岩槻区,35.9092211,139.7181035
岩槻区,35.9094183,139.7162203
岩槻区,35.9095823,139.7269555
岩槻区,35.9096960,139.7149232
岩槻区,35.9097935,139.7336828
岩槻区,35.9098601,139.7267527
岩槻区,35.9101905,139.7228197
岩槻区,35.9103768,139.7323884
岩槻区,35.9105153,139.7130483
岩槻区,35.9106907,139.7346854
岩槻区,35.9110405,139.7249584
岩槻区,35.9111156,139.7308607
岩槻区,35.9112348,139.7197117
岩槻区,35.9112659,139.7502646
岩槻区,35.9113293,139.7265389
岩槻区,35.9117763,139.7119039
岩槻区,35.9120682,139.7287164
岩槻区,35.9122765,139.7270165
岩槻区,35.9123262,139.7102957
岩槻区,35.9124401,139.7123761
岩槻区,35.9124544,139.7371046
岩槻区,35.9124988,139.7370963
岩槻区,35.9125236,139.7234446
岩槻区,35.9128209,139.7317995
岩槻区,35.9128650,139.7086264
岩槻区,35.9128761,139.7086208
岩槻区,35.9131459,139.7291969
岩槻区,35.9132516,139.7395877
岩槻区,35.9137780,139.7435746
岩槻区,35.9137958,139.7306272
岩槻区,35.9141273,139.7050249
岩槻区,35.9142926,139.7091902
岩槻区,35.9143292,139.7341325
岩槻区,35.9143484,139.7216558
岩槻区,35.9144290,139.7243500
岩槻区,35.9146651,139.7282747
岩槻区,35.9148468,139.7152685
岩槻区,35.9149181,139.7382432
岩槻区,35.9151011,139.7222113
岩槻区,35.9151498,139.7428296
岩槻区,35.9151619,139.7051349
岩槻区,35.9152008,139.7086846
岩槻区,35.9154011,139.7272469
岩槻区,35.9156788,139.7216696
岩槻区,35.9157426,139.7157396
岩槻区,35.9159121,139.7194643
岩槻区,35.9160039,139.7294245
岩槻区,35.9161811,139.7001547
岩槻区,35.9162730,139.7094373
岩槻区,35.9163510,139.7266941
岩槻区,35.9163617,139.7040599
岩槻区,35.9164510,139.7281885
岩槻区,35.9166175,139.7163533
岩槻区,35.9166784,139.7078874
岩槻区,35.9166787,139.7217390
岩槻区,35.9168619,139.7139508
岩槻区,35.9168619,139.7139535
岩槻区,35.9168785,139.7139341
岩槻区,35.9169539,139.7376238
岩槻区,35.9170700,139.7064125
岩槻区,35.9171887,139.7417390
岩槻区,35.9172037,139.7244388
岩槻区,35.9173040,139.7456481
岩槻区,35.9174478,139.7053042
岩槻区,35.9176343,139.7322603
岩槻区,35.9176676,139.7270662
岩槻区,35.9178341,139.7222722
岩槻区,35.9178618,139.7191975
岩槻区,35.9179172,139.7094261
岩槻区,35.9179505,139.7050598
岩槻区,35.9179896,139.7163199
岩槻区,35.9181672,139.7076928
岩槻区,35.9186782,139.7062568
岩槻区,35.9187341,139.7249998
岩槻区,35.9187365,139.7045209
岩槻区,35.9187561,139.7138701
岩槻区,35.9187733,139.7420128
岩槻区,35.9188983,139.7445758
岩槻区,35.9189197,139.6985103
岩槻区,35.9189203,139.7300965
岩槻区,35.9189426,139.7391208
岩槻区,35.9192588,139.7114286
岩槻区,35.9192700,139.7191474
岩槻区,35.9192838,139.7144228
岩槻区,35.9193143,139.7074067
岩槻区,35.9193287,139.7375487
岩槻区,35.9194479,139.7281300
岩槻区,35.9195950,139.7208112
岩槻区,35.9198061,139.7173781
岩槻区,35.9199225,139.7062040
岩槻区,35.9199425,139.7373376
岩槻区,35.9200586,139.7035265
岩槻区,35.9201533,139.7184280
岩槻区,35.9202815,139.7437870
岩槻区,35.9203811,139.7260079
岩槻区,35.9204366,139.7183974
岩槻区,35.9206670,139.7135450
岩槻区,35.9206813,139.7382069
岩槻区,35.9207078,139.7423909
岩槻区,35.9209005,139.7238109
岩槻区,35.9209811,139.7248191
岩槻区,35.9210423,139.7330490
岩槻区,35.9211448,139.7196056
岩槻区,35.9211640,139.7055929
岩槻区,35.9211782,139.7216471
岩槻区,35.9212364,139.7156420
岩槻区,35.9212894,139.7298825
岩槻区,35.9213061,139.7269189
岩槻区,35.9213751,139.7026904
岩槻区,35.9213952,139.7401761
岩槻区,35.9214091,139.7401650
岩槻区,35.9214167,139.7026404
岩槻区,35.9214699,139.7234914
岩槻区,35.9215007,139.7364403
岩槻区,35.9215588,139.7283521
岩槻区,35.9215670,139.7174836
岩槻区,35.9218002,139.7129978
岩槻区,35.9219418,139.7103147
岩槻区,35.9221059,139.7202472
岩槻区,35.9221257,139.7452090
岩槻区,35.9222338,139.7277994
岩槻区,35.9223562,139.7411483
岩槻区,35.9224284,139.7384485
岩槻区,35.9224337,139.7244135
岩槻区,35.9224388,139.7019265
岩槻区,35.9225201,139.7427203
岩槻区,35.9225198,139.7088720
岩槻区,35.9225978,139.7374652
岩槻区,35.9226253,139.7230275
岩槻区,35.9228194,139.7076010
岩槻区,35.9228307,139.7143644
岩槻区,35.9229198,139.7263550
岩槻区,35.9229507,139.7453479
岩槻区,35.9232617,139.7412398
岩槻区,35.9232876,139.7167579
岩槻区,35.9234367,139.7429897
岩槻区,35.9235055,139.7097008
岩槻区,35.9235143,139.7359513
岩槻区,35.9235637,139.7010098
岩槻区,35.9235838,139.7385567
岩槻区,35.9237363,139.7233386
岩槻区,35.9240835,139.7250745
岩槻区,35.9241640,139.7204776
岩槻区,35.9241723,139.7221664
岩槻区,35.9244143,139.7410537
岩槻区,35.9245085,139.7279437
岩槻区,35.9246913,139.6999960
岩槻区,35.9247086,139.7335321
岩槻区,35.9247504,139.7398538
岩槻区,35.9248026,139.7073371
岩槻区,35.9248254,139.7435729
岩槻区,35.9250308,139.7352069
岩槻区,35.9250336,139.7375595
岩槻区,35.9250612,139.7238218
岩槻区,35.9250778,139.7201443
岩槻区,35.9251226,139.7420564
岩槻区,35.9252418,139.7267270
岩槻区,35.9253666,139.7182000
岩槻区,35.9255445,139.7255133
岩槻区,35.9255725,139.7397621
岩槻区,35.9256329,139.6990349
岩槻区,35.9257582,139.7157474
岩槻区,35.9257775,139.7092869
岩槻区,35.9258696,139.7335598
岩槻区,35.9258832,139.7165334
岩槻区,35.9259475,139.7433173
岩槻区,35.9260582,139.7216052
岩槻区,35.9260969,139.7068259
岩槻区,35.9262748,139.7179972
岩槻区,35.9263527,139.7254883
岩槻区,35.9263696,139.7401343
岩槻区,35.9264664,139.7123894
岩槻区,35.9264808,139.7410453
岩槻区,35.9264973,139.7324515
岩槻区,35.9265419,139.7442061
岩槻区,35.9266970,139.7158891
岩槻区,35.9267577,139.6967989
岩槻区,35.9268664,139.7190332
岩槻区,35.9269279,139.7387149
岩槻区,35.9269608,139.7175389
岩槻区,35.9270860,139.7265132
岩槻区,35.9270887,139.7366184
岩槻区,35.9271389,139.7337153
岩槻区,35.9271429,139.7238986
岩槻区,35.9271502,139.7425979
岩槻区,35.9273411,139.7020540
岩槻区,35.9274164,139.7207330
岩槻区,35.9274465,139.6952907
岩槻区,35.9275916,139.7328820
岩槻区,35.9276028,139.7348457
岩槻区,35.9276055,139.7348874
岩槻区,35.9276610,139.7314765
岩槻区,35.9276998,139.7248410
岩槻区,35.9277026,139.7248466
岩槻区,35.9277161,139.7055287
岩槻区,35.9278189,139.7092840
岩槻区,35.9278416,139.7344458
岩槻区,35.9278472,139.7344680
岩槻区,35.9278746,139.7142752
岩槻区,35.9279941,139.7202580
岩槻区,35.9280161,139.7080701
岩槻区,35.9280881,139.6941019
岩槻区,35.9281917,139.7429172
岩槻区,35.9282831,139.7259769
岩槻区,35.9283113,139.7490250
岩槻区,35.9283328,139.7112838
岩槻区,35.9283914,139.7267992
岩槻区,35.9283970,139.7259547
岩槻区,35.9284164,139.7259464
岩槻区,35.9284916,139.7382232
岩槻区,35.9287721,139.7343512
岩槻区,35.9288468,139.7213996
岩槻区,35.9288778,139.7461725
岩槻区,35.9289883,139.7097367
岩槻区,35.9290882,139.7080729
岩槻区,35.9290913,139.7261492
岩槻区,35.9293580,139.7306543
岩槻区,35.9293942,139.7329486
岩槻区,35.9294499,139.7420173
岩槻区,35.9294657,139.6926797
岩槻区,35.9294886,139.7307738
岩槻区,35.9296079,139.7249437
岩槻区,35.9296248,139.7403035
岩槻区,35.9297099,139.7286934
岩槻区,35.9297443,139.7390897
岩槻区,35.9298326,139.7063230
岩槻区,35.9299382,139.7133946
岩槻区,35.9299607,139.7260936
岩槻区,35.9299629,139.6965182
岩槻区,35.9300212,139.6939295
岩槻区,35.9300555,139.7460391
岩槻区,35.9300826,139.7094282
岩槻区,35.9301245,139.7215550
岩槻区,35.9301576,139.7117586
岩槻区,35.9302970,139.7381064
岩槻区,35.9302961,139.6912325
岩槻区,35.9303075,139.7042871
岩槻区,35.9303170,139.7237340
岩槻区,35.9304359,139.7422950
岩槻区,35.9304442,139.7391508
岩槻区,35.9305135,139.7334151
岩槻区,35.9311102,139.7077422
岩槻区,35.9313767,139.6962793
岩槻区,35.9313849,139.6894798
岩槻区,35.9313885,139.7376592
岩槻区,35.9313964,139.7144140
岩槻区,35.9314521,139.7199107
岩槻区,35.9314996,139.7390285
岩槻区,35.9315212,139.7037148
岩槻区,35.9316329,139.7364148
岩槻区,35.9319294,139.6970959
岩槻区,35.9319658,139.7118753
岩槻区,35.9320548,139.7218771
岩槻区,35.9323439,139.7328262
岩槻区,35.9325217,139.7365843
岩槻区,35.9325602,139.7165192
岩槻区,35.9325850,139.7028621
岩槻区,35.9326653,139.6873189
岩槻区,35.9327462,139.7117641
岩槻区,35.9327655,139.7011316
岩槻区,35.9328634,139.7400840
岩槻区,35.9328631,139.7207217
岩槻区,35.9330376,139.6987152
岩槻区,35.9330741,139.7184469
岩槻区,35.9332933,139.7035536
岩槻区,35.9334161,139.7387674
岩槻区,35.9334429,139.6866328
岩槻区,35.9334821,139.7022426
岩槻区,35.9335271,139.7366120
岩槻区,35.9335938,139.7381369
岩槻区,35.9336847,139.6925268
岩槻区,35.9338348,139.7000372
岩槻区,35.9338739,139.7142861
岩槻区,35.9339043,139.7046813
岩槻区,35.9339516,139.7093337
岩槻区,35.9340299,139.7354065
岩槻区,35.9341183,139.7110335
岩槻区,35.9341627,139.7068200
岩槻区,35.9341660,139.7381035
岩槻区,35.9341717,139.7488526
岩槻区,35.9341875,139.6964347
岩槻区,35.9342901,139.6864300
岩槻区,35.9344157,139.7254517
岩槻区,35.9344159,139.7313790
岩槻区,35.9344375,139.6988373
岩槻区,35.9346153,139.7012315
岩槻区,35.9346489,139.7184718
岩槻区,35.9347878,139.7169774
岩槻区,35.9348186,139.7308235
岩槻区,35.9350852,139.7284653
岩槻区,35.9351992,139.7362731
岩槻区,35.9352075,139.7373313
岩槻区,35.9352489,139.7217715
岩槻区,35.9352650,139.6856328
岩槻区,35.9353318,139.6990789
岩槻区,35.9353989,139.7190884
岩槻区,35.9354379,139.7297013
岩槻区,35.9356018,139.7297125
岩槻区,35.9356586,139.6879826
岩槻区,35.9357652,139.7009871
岩槻区,35.9359653,139.7075726
岩槻区,35.9360292,139.7090475
岩槻区,35.9360458,139.7061949
岩槻区,35.9360489,139.7234130
岩槻区,35.9361043,139.7158219
岩槻区,35.9361626,139.7139888
岩槻区,35.9361875,139.7105168
岩槻区,35.9362177,139.6888020
岩槻区,35.9362237,139.7126416
岩槻区,35.9362929,139.7028591
岩槻区,35.9363269,139.7372451
岩槻区,35.9364297,139.7390367
岩槻区,35.9365071,139.7202798
岩槻区,35.9365234,139.6967874
岩槻区,35.9365318,139.7044257
岩槻区,35.9366097,139.7106473
岩槻区,35.9367739,139.7293680
岩槻区,35.9368151,139.7006037
岩槻区,35.9368460,139.7245767
岩槻区,35.9369765,139.7221686
岩槻区,35.9370155,139.7260654
岩槻区,35.9370203,139.6862687
岩槻区,35.9370792,139.7194438
岩槻区,35.9370962,139.7379755
岩槻区,35.9372314,139.6845884
岩槻区,35.9372433,139.7274570
岩槻区,35.9372545,139.7352092
岩槻区,35.9374041,139.7121777
岩槻区,35.9374482,139.6954041
岩槻区,35.9374796,139.7397338
岩槻区,35.9376012,139.7084197
岩槻区,35.9376538,139.6981705
岩槻区,35.9377177,139.6981455
岩槻区,35.9377484,139.7057644
岩槻区,35.9377952,139.6857798
岩槻区,35.9378397,139.6891713
岩槻区,35.9378624,139.7133721
岩槻区,35.9379122,139.7023647
岩槻区,35.9379375,139.7228685
岩槻区,35.9379902,139.7174411
岩槻区,35.9380267,139.7379478
岩槻区,35.9380626,139.7250155
岩槻区,35.9380734,139.7102362
岩槻区,35.9380759,139.6945097
岩槻区,35.9382371,139.7003009
岩槻区,35.9382431,139.7239156
岩槻区,35.9384317,139.7090585
岩槻区,35.9384346,139.7149497
岩槻区,35.9385340,139.6839412
岩槻区,35.9386152,139.7212492
岩槻区,35.9386455,139.7075892
岩槻区,35.9386765,139.7318177
岩槻区,35.9386901,139.7137998
岩槻区,35.9387284,139.6832467
岩槻区,35.9388766,139.7406252
岩槻区,35.9388957,139.7178855
岩槻区,35.9388953,139.6935459
岩槻区,35.9389064,139.6948679
岩槻区,35.9389173,139.6852743
岩槻区,35.9389650,139.7131859
岩槻区,35.9389869,139.6921710
岩槻区,35.9390475,139.6962834
岩槻区,35.9391483,139.7106500
岩槻区,35.9392035,139.6901906
岩槻区,35.9392147,139.6974316
岩槻区,35.9392313,139.6938597
岩槻区,35.9392392,139.6975622
岩槻区,35.9392758,139.6924959
岩槻区,35.9392789,139.7119138
岩槻区,35.9393150,139.7100056
岩槻区,35.9393182,139.7391559
岩槻区,35.9393234,139.7167022
岩槻区,35.9393564,139.6987093
岩槻区,35.9393927,139.7078835
岩槻区,35.9394146,139.6928487
岩槻区,35.9394537,139.7012313
岩槻区,35.9394537,139.6998425
岩槻区,35.9395288,139.7096667
岩槻区,35.9395790,139.7196882
岩槻区,35.9395984,139.7183355
岩槻区,35.9396898,139.7024312
岩槻区,35.9397147,139.6967151
岩槻区,35.9398204,139.7061365
岩槻区,35.9398428,139.7152107
岩槻区,35.9398451,139.6915210
岩槻区,35.9398535,139.6947152
岩槻区,35.9399037,139.7061781
岩槻区,35.9399818,139.7234378
岩槻区,35.9399928,139.7199908
岩槻区,35.9400423,139.6907238
岩槻区,35.9400761,139.7142497
岩槻区,35.9400951,139.6891351
岩槻区,35.9401654,139.7414501
岩槻区,35.9401793,139.7414557
岩槻区,35.9402071,139.7414751
岩槻区,35.9402368,139.6941679
岩槻区,35.9402452,139.7010813
岩槻区,35.9402484,139.7195047
岩槻区,35.9402644,139.6829023
岩槻区,35.9402704,139.7103944
岩槻区,35.9402902,139.7314121
岩槻区,35.9403038,139.7134274
岩槻区,35.9403090,139.6928708
岩槻区,35.9403789,139.7184298
岩槻区,35.9404118,139.6959762
岩槻区,35.9404202,139.6977704
岩槻区,35.9404201,139.6910682
岩槻区,35.9404286,139.7035256
岩槻区,35.9404480,139.6988148
岩槻区,35.9404565,139.7095417
岩槻区,35.9404842,139.7035228
岩槻区,35.9405149,139.7168688
岩槻区,35.9405149,139.7117054
岩槻区,35.9405728,139.6901794
岩槻区,35.9406091,139.6995870
岩槻区,35.9406564,139.7080918
岩槻区,35.9406647,139.7051198
岩槻区,35.9406868,139.6968650
岩槻区,35.9407593,139.7145496
岩槻区,35.9408759,139.7092640
岩槻区,35.9408841,139.7006508
岩槻区,35.9409505,139.6885462
岩槻区,35.9410232,139.7154856
岩槻区,35.9410256,139.6917515
岩槻区,35.9410593,139.7126525
岩槻区,35.9410618,139.6972621
岩槻区,35.9410730,139.7023672
岩槻区,35.9411040,139.7293428
岩槻区,35.9411282,139.6851547
岩槻区,35.9411537,139.7140412
岩槻区,35.9411616,139.6907127
岩槻区,35.9411700,139.6897683
岩槻区,35.9411895,139.6977399
岩槻区,35.9412202,139.7037644
岩槻区,35.9412708,139.7398308
岩槻区,35.9412814,139.7102944
岩槻区,35.9412900,139.7245404
岩槻区,35.9412893,139.6837994
岩槻区,35.9413508,139.7048254
岩槻区,35.9413594,139.7230600
岩槻区,35.9413704,139.7171410
岩槻区,35.9414343,139.7183826
岩槻区,35.9414535,139.7060364
岩槻区,35.9414841,139.7060669
岩槻区,35.9415203,139.7089723
岩槻区,35.9415285,139.7021117
岩槻区,35.9416258,139.7074141
岩槻区,35.9416617,139.6996008
岩槻区,35.9417092,139.7142746
岩槻区,35.9417226,139.6830522
岩槻区,35.9417286,139.7085834
岩槻区,35.9417956,139.7303844
岩槻区,35.9419814,139.7114970
岩槻区,35.9420369,139.7115109
岩槻区,35.9420423,139.7007923
岩槻区,35.9420538,139.7219462
岩槻区,35.9420532,139.6886183
岩槻区,35.9420680,139.7417112
岩槻区,35.9420839,139.6975982
岩槻区,35.9421214,139.6985475
岩槻区,35.9422171,139.6914265
岩槻区,35.9422230,139.7131886
岩槻区,35.9423855,139.7119348
岩槻区,35.9424697,139.6828133
岩槻区,35.9424729,139.7101221
岩槻区,35.9425281,139.6893321
岩槻区,35.9425395,139.7019839
岩槻区,35.9425505,139.6985175
岩槻区,35.9425537,139.7204463
岩槻区,35.9425645,139.7064168
岩槻区,35.9425869,139.7144800
岩槻区,35.9425892,139.6874657
岩槻区,35.9426087,139.6930485
岩槻区,35.9426088,139.6936374
岩槻区,35.9426201,139.7044115
岩槻区,35.9426229,139.7101499
岩槻区,35.9426757,139.7083028
岩槻区,35.9427061,139.7006562
岩槻区,35.9428171,139.6955566
岩槻区,35.9428537,139.7218405
岩槻区,35.9428897,139.7158577
岩槻区,35.9429226,139.6906654
岩槻区,35.9429893,139.6975259
岩槻区,35.9430035,139.7138579
岩槻区,35.9430395,139.7092055
岩槻区,35.9430562,139.7070584
岩槻区,35.9430623,139.7424416
岩槻区,35.9430948,139.6950483
岩槻区,35.9430977,139.6984203
岩槻区,35.9431032,139.6984203
岩槻区,35.9431058,139.6838937
岩槻区,35.9431532,139.6993563
岩槻区,35.9431615,139.6933374
岩槻区,35.9431752,139.6845909
岩槻区,35.9431949,139.6968760
岩槻区,35.9431975,139.6876294
岩槻区,35.9432067,139.7402196
岩槻区,35.9432364,139.6886156
岩槻区,35.9432428,139.6917097
岩槻区,35.9432590,139.7108720
岩槻区,35.9432590,139.7119219
岩槻区,35.9433174,139.7182769
岩槻区,35.9433172,139.7054447
岩槻区,35.9433502,139.6824522
岩槻区,35.9433727,139.7017950
岩槻区,35.9433867,139.7078862
岩槻区,35.9434086,139.6899709
岩槻区,35.9434089,139.7043087
岩槻区,35.9434118,139.7130357
岩槻区,35.9434309,139.6938539
岩槻区,35.9434919,139.6866823
岩槻区,35.9435116,139.7005368
岩槻区,35.9435478,139.7104998
岩槻区,35.9435559,139.6926790
岩槻区,35.9436059,139.6963454
岩槻区,35.9436284,139.7116580
岩槻区,35.9436863,139.6874100
岩槻区,35.9437088,139.7029976
岩槻区,35.9437173,139.7124469
岩槻区,35.9437426,139.7291066
岩槻区,35.9438446,139.6845547
岩槻区,35.9438891,139.6905709
岩槻区,35.9439643,139.6983341
岩槻区,35.9439779,139.6859296
岩槻区,35.9439865,139.6972481
岩槻区,35.9440669,139.6942873
岩槻区,35.9441340,139.7174019
岩槻区,35.9441422,139.7069834
岩槻区,35.9441726,139.6991923
岩槻区,35.9441978,139.7146717
岩槻区,35.9442029,139.6831910
岩槻区,35.9442061,139.7127107
岩槻区,35.9442171,139.7023644
岩槻区,35.9442312,139.7139967
岩槻区,35.9442316,139.7396335
岩槻区,35.9442559,139.7003172
岩槻区,35.9442558,139.6934456
岩槻区,35.9442641,139.6934539
岩槻区,35.9443344,139.7418249
岩槻区,35.9443947,139.6923374
岩槻区,35.9444142,139.6967398
岩槻区,35.9444865,139.7054668
岩槻区,35.9445120,139.7332756
岩槻区,35.9445898,139.7312425
岩槻区,35.9445977,139.7096888
岩槻区,35.9445976,139.7016255
岩槻区,35.9446200,139.7121662
岩槻区,35.9446393,139.7039836
岩槻区,35.9446835,139.6942261
岩槻区,35.9446925,139.7272595
岩槻区,35.9447058,139.6956037
岩槻区,35.9447753,139.6981424
岩槻区,35.9448000,139.6842436
岩槻区,35.9448806,139.6854907
岩槻区,35.9448954,139.7404445
岩槻区,35.9448978,139.7148021
岩槻区,35.9449086,139.6966814
岩槻区,35.9449696,139.6921929
岩槻区,35.9449750,139.6865157
岩槻区,35.9450862,139.6914013
岩槻区,35.9451224,139.6929789
岩槻区,35.9451227,139.7135217
岩槻区,35.9451449,139.7135078
岩槻区,35.9451642,139.7007895
岩槻区,35.9451643,139.7084749
岩槻区,35.9451701,139.7215321
岩槻区,35.9452005,139.7124912
岩槻区,35.9452281,139.7025209
岩槻区,35.9452395,139.7189962
岩槻区,35.9452538,139.7438775
岩槻区,35.9452836,139.6990090
岩槻区,35.9453225,139.7003978
岩槻区,35.9453396,139.7294815
岩槻区,35.9453537,139.7389251
岩槻区,35.9453670,139.7040808
岩槻区,35.9454170,139.7052474
岩槻区,35.9454252,139.6975035
岩槻区,35.9454337,139.7052141
岩槻区,35.9454445,139.6910014
岩槻区,35.9454529,139.6931178
岩槻区,35.9455031,139.7058390
岩槻区,35.9455060,139.7120523
岩槻区,35.9455362,139.6949010
岩槻区,35.9455616,139.7171797
岩槻区,35.9456055,139.6841574
岩槻区,35.9456864,139.7065806
岩槻区,35.9457199,139.7148160
岩槻区,35.9457641,139.6998061
岩槻区,35.9457695,139.6924817
岩槻区,35.9457916,139.6860018
岩槻区,35.9457954,139.7411138
岩槻区,35.9458170,139.7088693
岩槻区,35.9458193,139.6828992
岩槻区,35.9458447,139.7028059
岩槻区,35.9458613,139.6973674
岩槻区,35.9458732,139.7449552
岩槻区,35.9458842,139.7382918
岩槻区,35.9458864,139.7046946
岩槻区,35.9459009,139.7398278
岩槻区,35.9459307,139.7006449
岩槻区,35.9459417,139.6936844
岩槻区,35.9459527,139.6827742
岩槻区,35.9459892,139.7078276
岩槻区,35.9460499,139.6836075
岩槻区,35.9460695,139.6911596
岩槻区,35.9461388,139.6879932
岩槻区,35.9461760,139.7460968
岩槻区,35.9461862,139.6968174
岩槻区,35.9461897,139.7362670
岩槻区,35.9461918,139.7015671
岩槻区,35.9462475,139.7084776
岩槻区,35.9462749,139.6871543
岩槻区,35.9462861,139.6939400
岩槻区,35.9462892,139.7089998
岩槻区,35.9463028,139.6955148
岩槻区,35.9463194,139.6872182
岩槻区,35.9464195,139.6980007
岩槻区,35.9464780,139.7067750
岩槻区,35.9464862,139.6990090
岩槻区,35.9465086,139.7097137
岩槻区,35.9465146,139.7341310
岩槻区,35.9465222,139.6897153
岩槻区,35.9465696,139.7007866
岩槻区,35.9466369,139.7387806
岩槻区,35.9466506,139.7301286
岩槻区,35.9466529,139.7034975
岩槻区,35.9466611,139.6942982
岩槻区,35.9466614,139.7124661
岩槻区,35.9466971,139.6886959
岩槻区,35.9467499,139.6875877
岩槻区,35.9467749,139.6917401
岩槻区,35.9467778,139.6944454
岩槻区,35.9467999,139.6903069
岩槻区,35.9468092,139.7425692
岩槻区,35.9468225,139.7109857
岩槻区,35.9468587,139.7166464
岩槻区,35.9468834,139.6996856
岩槻区,35.9468943,139.6861989
岩槻区,35.9469029,139.7029114
岩槻区,35.9469084,139.6996645
岩槻区,35.9469442,139.6835880
岩槻区,35.9469446,139.7054612
岩槻区,35.9469508,139.7402138
岩槻区,35.9469972,139.6977229
岩槻区,35.9470780,139.7079915
岩槻区,35.9470859,139.6839880
岩槻区,35.9471092,139.7470410
岩槻区,35.9471611,139.6937288
岩槻区,35.9471832,139.6896708
岩槻区,35.9472110,139.6928983
岩槻区,35.9472306,139.7017615
岩槻区,35.9472836,139.7153270
岩槻区,35.9473114,139.7134466
岩槻区,35.9473415,139.6911957
岩槻区,35.9474194,139.6964480
岩槻区,35.9474249,139.6947871
岩槻区,35.9474386,139.6850712
岩槻区,35.9474417,139.6985145
岩槻区,35.9474721,139.6902929
岩槻区,35.9475386,139.6828852
岩槻区,35.9476005,139.7292814
岩槻区,35.9476060,139.7277593
岩槻区,35.9476362,139.7024642
岩槻区,35.9476389,139.7005921
岩槻区,35.9476645,139.7333532
岩槻区,35.9477140,139.7069249
岩槻区,35.9477477,139.7256761
岩槻区,35.9477859,139.6871599
岩槻区,35.9477919,139.7130244
岩槻区,35.9478055,139.6977507
岩槻区,35.9478776,139.6889291
岩槻区,35.9478858,139.6855489
岩槻区,35.9479696,139.7100358
岩槻区,35.9480727,139.7307756
岩槻区,35.9480860,139.6961508
岩槻区,35.9481501,139.7114022
岩槻区,35.9481555,139.7003144
岩槻区,35.9481920,139.7210542
岩槻区,35.9482473,139.7083637
岩槻区,35.9482664,139.6892875
岩槻区,35.9482835,139.7146159
岩槻区,35.9482864,139.7230347
岩槻区,35.9483391,139.7188989
岩槻区,35.9483413,139.6860738
岩槻区,35.9483526,139.6914373
岩槻区,35.9483776,139.6968312
岩槻区,35.9484052,139.6861266
岩槻区,35.9484085,139.7122717
岩槻区,35.9484276,139.6953370
岩槻区,35.9484361,139.7037029
岩槻区,35.9484420,139.7264705
岩槻区,35.9485472,139.7061055
岩槻区,35.9485637,139.6946592
岩槻区,35.9486054,139.7001644
岩槻区,35.9486416,139.7002227
岩槻区,35.9486526,139.6960202
岩槻区,35.9487180,139.7014297
岩槻区,35.9487192,139.6915345
岩槻区,35.9487414,139.6927205
岩槻区,35.9487440,139.6835768
岩槻区,35.9487552,139.6879292
岩槻区,35.9487746,139.6847628
岩槻区,35.9487755,139.6895163
岩槻区,35.9487806,139.7112411
岩槻区,35.9487863,139.7174906
岩槻区,35.9488195,139.7095524
岩槻区,35.9488886,139.6888930
岩槻区,35.9489442,139.6946898
岩槻区,35.9489525,139.6941148
岩槻区,35.9489609,139.6960535
岩槻区,35.9489694,139.7045223
岩槻区,35.9489973,139.7126410
岩槻区,35.9490025,139.6920594
岩槻区,35.9491497,139.6901346
岩槻区,35.9491692,139.6981506
岩槻区,35.9492170,139.7299313
岩槻区,35.9492913,139.6887903
岩槻区,35.9493054,139.7011753
岩槻区,35.9493501,139.7187544
岩槻区,35.9493669,139.7246900
岩槻区,35.9494414,139.6966951
岩槻区,35.9494943,139.7051444
岩槻区,35.9495003,139.7273093
岩槻区,35.9495329,139.6868654
岩槻区,35.9495412,139.6868487
岩槻区,35.9495637,139.7005726
岩槻区,35.9495807,139.7189849
岩槻区,35.9496000,139.7111745
岩槻区,35.9496107,139.6908345
岩槻区,35.9496250,139.7137215
岩槻区,35.9496330,139.6913594
岩槻区,35.9496718,139.6858377
岩槻区,35.9496748,139.6989282
岩槻区,35.9497163,139.6936231
岩槻区,35.9497275,139.6946870
岩槻区,35.9497334,139.7173601
岩槻区,35.9497497,139.6967396
岩槻区,35.9498191,139.6918455
岩槻区,35.9498420,139.7319311
岩槻区,35.9499251,139.7194932
岩槻区,35.9499578,139.6831101
岩槻区,35.9499689,139.6844933
岩槻区,35.9500528,139.7179711
岩槻区,35.9500720,139.7022918
岩槻区,35.9500779,139.7222847
岩槻区,35.9500968,139.6896763
岩槻区,35.9501083,139.7157018
岩槻区,35.9501440,139.6879791
岩槻区,35.9501496,139.6921954
岩槻区,35.9502053,139.7028807
岩槻区,35.9502136,139.6974756
岩槻区,35.9502274,139.6958618
岩槻区,35.9502363,139.7258149
岩槻区,35.9502495,139.6858710
岩槻区,35.9502495,139.6858682
岩槻区,35.9503164,139.6999143
岩槻区,35.9503524,139.6941481
岩槻区,35.9504357,139.6912261
岩槻区,35.9505551,139.6949424
岩槻区,35.9505720,139.7040666
岩槻区,35.9506551,139.6919926
岩槻区,35.9507328,139.6903651
岩槻区,35.9507328,139.6869598
岩槻区,35.9507413,139.6977811
岩槻区,35.9507634,139.6888624
岩槻区,35.9507662,139.6916372
岩槻区,35.9507801,139.6913677
岩槻区,35.9507913,139.6982449
岩槻区,35.9508022,139.6887957
岩槻区,35.9508051,139.6912900
岩槻区,35.9508105,139.6837544
岩槻区,35.9508136,139.7023529
岩槻区,35.9508499,139.7160656
岩槻区,35.9508529,139.7282146
岩槻区,35.9509247,139.7008614
岩槻区,35.9509523,139.6937759
岩槻区,35.9509531,139.6927851
岩槻区,35.9509639,139.7227818
岩槻区,35.9509889,139.7190210
岩槻区,35.9509915,139.7104856
岩槻区,35.9510024,139.6983838
岩槻区,35.9510440,139.6964978
岩槻区,35.9510444,139.7170600
岩槻区,35.9510662,139.6946341
岩槻区,35.9511495,139.6953507
岩槻区,35.9511688,139.6845905
岩槻区,35.9511715,139.6822351
岩槻区,35.9512635,139.6991087
岩槻区,35.9512661,139.6917315
岩槻区,35.9512884,139.6939980
岩槻区,35.9513050,139.6917065
岩槻区,35.9513077,139.6892873
岩槻区,35.9513500,139.7242483
岩槻区,35.9513600,139.6927267
岩槻区,35.9513610,139.7191543
岩槻区,35.9514050,139.6903622
岩槻区,35.9514249,139.7152324
岩槻区,35.9514494,139.6912066
岩槻区,35.9514552,139.7016863
岩槻区,35.9514858,139.7046832
岩槻区,35.9515161,139.6943063
岩槻区,35.9515908,139.7084379
岩槻区,35.9516080,139.7029223
岩槻区,35.9517050,139.6954896
岩槻区,35.9517134,139.6997143
岩槻区,35.9517165,139.7181599
岩槻区,35.9517384,139.6945591
岩槻区,35.9517383,139.6938785
岩槻区,35.9517725,139.6936500
岩槻区,35.9518104,139.6865041
岩槻区,35.9518438,139.6874208
岩槻区,35.9518438,139.6874458
岩槻区,35.9518687,139.6849238
岩槻区,35.9518939,139.6977199
岩槻区,35.9519021,139.6898762
岩槻区,35.9520051,139.7006503
岩槻区,35.9520328,139.6986698
岩槻区,35.9520382,139.6892928
岩槻区,35.9520520,139.6833822
岩槻区,35.9520522,139.6967033
岩槻区,35.9520527,139.7230595
岩槻区,35.9520850,139.6930300
岩槻区,35.9521188,139.6930703
岩槻区,35.9521828,139.6993643
岩槻区,35.9522408,139.6808824
岩槻区,35.9522525,139.7147463
岩槻区,35.9522632,139.6886956
岩槻区,35.9522996,139.7039639
岩槻区,35.9523107,139.7069830
岩槻区,35.9523881,139.6838460
岩槻区,35.9523882,139.6921898
岩槻区,35.9524439,139.6971810
岩槻区,35.9524575,139.6839099
岩槻区,35.9525442,139.7160601
岩槻区,35.9525581,139.7173072
岩槻区,35.9525662,139.7014779
岩槻区,35.9526217,139.7021473
岩槻区,35.9526215,139.6884178
岩槻区,35.9526409,139.6887234
岩槻区,35.9526581,139.7186264
岩槻区,35.9527246,139.7090189
岩槻区,35.9527381,139.6875179
岩槻区,35.9527495,139.7004668
岩槻区,35.9528408,139.6843238
岩槻区,35.9528520,139.6859875
岩槻区,35.9528853,139.6860180
岩槻区,35.9529328,139.7030416
岩槻区,35.9530047,139.6828183
岩槻区,35.9530243,139.6957895
岩槻区,35.9530854,139.6913176
岩槻区,35.9531105,139.6974505
岩槻区,35.9531299,139.6945784
岩槻区,35.9531357,139.7074996
岩槻区,35.9531634,139.7084412
岩槻区,35.9531801,139.7101383
岩槻区,35.9532436,139.6876540
岩槻区,35.9532636,139.7153073
岩槻区,35.9532658,139.6874568
岩槻区,35.9533160,139.6994892
岩槻区,35.9533273,139.7048664
岩槻区,35.9534524,139.7143824
岩槻区,35.9534550,139.7028166
岩槻区,35.9534634,139.7096577
岩槻区,35.9535025,139.7185681
岩槻区,35.9535324,139.6850626
岩槻区,35.9535631,139.6901522
岩槻区,35.9536049,139.7000196
岩槻区,35.9536047,139.6884651
岩槻区,35.9536492,139.6935480
岩槻区,35.9537385,139.7166350
岩槻区,35.9537633,139.7065163
岩槻区,35.9537801,139.7108632
岩槻区,35.9537910,139.6985226
岩槻区,35.9538074,139.6867652
岩槻区,35.9538715,139.6954700
岩槻区,35.9539524,139.7172599
岩槻区,35.9540574,139.6871874
岩槻区,35.9540852,139.6860097
岩槻区,35.9540996,139.7141073
岩槻区,35.9541076,139.6963727
岩槻区,35.9541101,139.6841626
岩槻区,35.9541191,139.7191180
岩槻区,35.9541828,139.7079135
岩槻区,35.9542242,139.6969699
岩槻区,35.9542799,139.7044025
岩槻区,35.9543656,139.6788659
岩槻区,35.9543713,139.6893122
岩槻区,35.9544408,139.6927563
岩槻区,35.9544436,139.6910564
岩槻区,35.9544520,139.6944146
岩槻区,35.9544661,139.7111159
岩槻区,35.9545133,139.7100049
岩槻区,35.9545440,139.7153128
岩槻区,35.9545854,139.7023250
岩槻区,35.9546295,139.6854319
岩槻区,35.9546684,139.6862790
岩槻区,35.9546715,139.6991364
岩槻区,35.9547129,139.6849014
岩槻区,35.9547382,139.7056413
岩槻区,35.9547523,139.7178681
岩槻区,35.9548351,139.6880678
岩槻区,35.9548573,139.6880873
岩槻区,35.9548964,139.6981169
岩槻区,35.9549354,139.7033638
岩槻区,35.9549577,139.7095244
岩槻区,35.9549768,139.6884094
岩槻区,35.9550076,139.7015277
岩槻区,35.9550102,139.6932840
岩槻区,35.9550209,139.7006328
岩槻区,35.9550600,139.6836820
岩槻区,35.9551076,139.7067357
岩槻区,35.9551183,139.6820711
岩槻区,35.9551379,139.6901537
岩槻区,35.9551658,139.6995529
岩槻区,35.9552046,139.6918674
岩槻区,35.9552078,139.7137379
岩槻区,35.9552158,139.6952256
岩槻区,35.9553076,139.7047859
岩槻区,35.9553186,139.6976254
岩槻区,35.9553545,139.6853625
岩槻区,35.9553739,139.6843237
岩槻区,35.9554410,139.7109881
岩槻区,35.9555353,139.7012389
岩槻区,35.9555353,139.7026971
岩槻区,35.9555408,139.6984169
岩槻区,35.9555465,139.7091466
岩槻区,35.9556075,139.7039887
岩槻区,35.9556522,139.7150350
岩槻区,35.9556852,139.6997057
岩槻区,35.9557128,139.6874456
岩槻区,35.9557156,139.6910009
岩槻区,35.9557712,139.6891815
岩槻区,35.9557711,139.6836820
岩槻区,35.9557798,139.7063412
岩槻区,35.9557855,139.7162321
岩槻区,35.9558908,139.7019555
岩槻区,35.9559877,139.6827488
岩槻区,35.9560072,139.6843458
岩槻区,35.9560576,139.7095993
岩槻区,35.9560657,139.6942506
岩槻区,35.9560711,139.6855679
岩槻区,35.9560827,139.7142572
岩槻区,35.9560908,139.7049108
岩槻区,35.9560936,139.7024693
岩槻区,35.9561849,139.6833348
岩槻区,35.9561909,139.7088688
岩槻区,35.9562355,139.7185541
岩槻区,35.9562407,139.6967781
岩槻区,35.9562462,139.6963531
岩槻区,35.9562547,139.7041275
岩槻区,35.9563604,139.7131379
岩槻区,35.9564296,139.6971447
岩槻区,35.9564546,139.7012889
岩槻区,35.9564627,139.6882427
岩槻区,35.9564963,139.7033581
岩槻区,35.9565157,139.6980919
岩槻区,35.9565433,139.6900064
岩槻区,35.9565654,139.6825455
岩槻区,35.9565767,139.6949810
岩槻区,35.9565963,139.6998056
岩槻区,35.9566159,139.7104214
岩槻区,35.9566853,139.7070717
岩槻区,35.9566934,139.6934978
岩槻区,35.9567298,139.7146155
岩槻区,35.9567598,139.6816960
岩槻区,35.9567957,139.6824787
岩槻区,35.9568543,139.6858957
岩槻区,35.9568685,139.7053496
岩槻区,35.9568826,139.7159071
岩槻区,35.9569965,139.7180597
岩槻区,35.9571599,139.6873622
岩槻区,35.9571991,139.7081160
岩槻区,35.9572154,139.6890343
岩槻区,35.9572153,139.6827154
岩槻区,35.9572240,139.7029081
岩槻区,35.9572599,139.6925312
岩槻区,35.9573104,139.7176069
岩槻区,35.9573269,139.7093687
岩槻区,35.9574156,139.7013639
岩槻区,35.9574464,139.7149932
岩槻区,35.9574574,139.7061746
岩槻区,35.9574572,139.6973836
岩槻区,35.9575104,139.7198873
岩槻区,35.9575185,139.7082744
岩槻区,35.9575598,139.6843958
岩槻区,35.9575792,139.6844264
岩槻区,35.9575823,139.7003500
岩槻区,35.9576069,139.6803044
岩槻区,35.9576097,139.6803044
岩槻区,35.9577353,139.7161459
岩槻区,35.9577377,139.6959531
岩槻区,35.9577518,139.7041469
岩槻区,35.9577713,139.7102964
岩槻区,35.9577878,139.6986363
岩槻区,35.9578425,139.6847885
岩槻区,35.9578518,139.7071411
岩槻区,35.9578849,139.6914730
岩槻区,35.9579406,139.7022860
岩槻区,35.9579518,139.7053996
岩槻区,35.9579714,139.7138211
岩槻区,35.9579903,139.6882593
岩槻区,35.9580125,139.6832986
岩槻区,35.9580268,139.7062328
岩槻区,35.9580821,139.6948227
岩槻区,35.9581186,139.7170402
岩槻区,35.9581515,139.6934172
岩槻区,35.9582019,139.7123879
岩槻区,35.9582714,139.7192067
岩槻区,35.9583019,139.7147849
岩槻区,35.9583514,139.6872872
岩槻区,35.9583683,139.7031387
岩槻区,35.9584294,139.7014971
岩槻区,35.9584407,139.7093186
岩槻区,35.9585184,139.7055496
岩槻区,35.9585214,139.7207510
岩槻区,35.9585294,139.7003222
岩槻区,35.9585434,139.7080798
岩槻区,35.9585964,139.7176151
岩槻区,35.9586126,139.6906063
岩槻区,35.9586213,139.7159598
岩槻区,35.9586298,139.7219704
岩槻区,35.9586543,139.6966808
岩槻区,35.9586736,139.6890009
岩槻区,35.9587963,139.7152042
岩槻区,35.9587985,139.6835819
岩槻区,35.9588265,139.6924700
岩槻区,35.9588711,139.7044690
岩槻区,35.9588880,139.7203260
岩槻区,35.9589790,139.6824420
岩槻区,35.9589960,139.6976474
岩槻区,35.9590019,139.7169402
岩槻区,35.9590045,139.7073466
岩槻区,35.9590434,139.7129294
岩槻区,35.9590545,139.7089242
岩槻区,35.9591043,139.6964864
岩槻区,35.9591101,139.7137515
岩槻区,35.9591237,139.6944587
岩槻区,35.9592290,139.6795517
岩槻区,35.9592457,139.6813320
岩槻区,35.9592568,139.6815542
岩槻区,35.9592596,139.6851928
岩槻区,35.9593320,139.6931310
岩槻区,35.9593547,139.7226786
岩槻区,35.9593935,139.7191928
岩槻区,35.9594152,139.6898008
岩槻区,35.9594154,139.6992639
岩槻区,35.9594351,139.7157709
岩槻区,35.9594432,139.7018775
岩槻区,35.9594627,139.7057689
岩槻区,35.9596487,139.6965225
岩槻区,35.9596573,139.7121017
岩槻区,35.9596596,139.6880593
岩槻区,35.9597071,139.7045829
岩槻区,35.9598073,139.7136043
岩槻区,35.9598072,139.7111962
岩槻区,35.9598289,139.6775990
岩槻区,35.9599597,139.6922700
岩槻区,35.9599656,139.7175929
岩槻区,35.9599935,139.7220925
岩槻区,35.9600041,139.6949115
岩槻区,35.9600519,139.7235730
岩槻区,35.9601323,139.7158930
岩槻区,35.9601402,139.6939031
岩槻区,35.9601732,139.6751742
岩槻区,35.9601818,139.6866038
岩槻区,35.9601818,139.6865900
岩槻区,35.9602262,139.6865816
岩槻区,35.9602289,139.6810181
岩槻区,35.9602462,139.7169957
岩槻区,35.9602459,139.7019720
岩槻区,35.9602572,139.7122905
岩槻区,35.9603072,139.7147931
岩槻区,35.9603097,139.6992583
岩槻区,35.9604627,139.7108434
岩槻区,35.9604682,139.7060549
岩槻区,35.9605124,139.6950642
岩槻区,35.9605594,139.6793599
岩槻区,35.9606127,139.7138682
岩槻区,35.9606431,139.7047828
岩槻区,35.9606623,139.6912895
岩槻区,35.9606875,139.6996415
岩槻区,35.9606929,139.6928727
岩槻区,35.9607122,139.6849123
岩槻区,35.9607706,139.6891730
岩槻区,35.9607793,139.7111962
岩槻区,35.9608157,139.7254839
岩槻区,35.9608459,139.7070743
岩槻区,35.9608648,139.6757546
岩槻区,35.9608932,139.7127488
岩槻区,35.9609124,139.6938143
岩槻区,35.9609265,139.7104545
岩槻区,35.9609426,139.6758574
岩槻区,35.9610485,139.6980834
岩槻区,35.9610568,139.6931866
岩槻区,35.9610655,139.7160680
岩槻区,35.9610789,139.6869093
岩槻区,35.9610843,139.6775379
岩槻区,35.9611125,139.7014970
岩槻区,35.9611151,139.6931894
岩槻区,35.9611427,139.6835013
岩槻区,35.9611683,139.7148848
岩槻区,35.9611957,139.6964613
岩槻区,35.9612814,139.6740270
岩槻区,35.9613011,139.6861565
岩槻区,35.9613455,139.6878536
岩槻区,35.9613608,139.6878603
岩槻区,35.9613625,139.7025997
岩槻区,35.9613959,139.7102240
岩槻区,35.9614401,139.6953614
岩槻区,35.9614428,139.6899812
岩槻区,35.9614874,139.6992471
岩槻区,35.9615821,139.7139931
岩槻区,35.9616456,139.6908617
岩槻区,35.9616455,139.6879814
岩槻区,35.9616648,139.6766684
岩槻区,35.9616844,139.6873036
岩槻区,35.9617621,139.6843206
岩槻区,35.9617983,139.6917477
岩槻区,35.9618015,139.7126099
岩槻区,35.9618037,139.6827040
岩槻区,35.9618680,139.7039745
岩槻区,35.9618870,139.6819514
岩槻区,35.9619236,139.7089824
岩槻区,35.9619621,139.6857093
岩槻区,35.9620292,139.7132210
岩槻区,35.9620706,139.6974667
岩槻区,35.9621151,139.7011387
岩槻区,35.9621236,139.7113683
岩槻区,35.9621289,139.6958585
岩槻区,35.9621320,139.7150375
岩槻区,35.9621484,139.6948447
岩槻区,35.9621986,139.7101184
岩槻区,35.9622177,139.6898868
岩槻区,35.9622261,139.6926977
岩槻区,35.9622316,139.6927087
岩槻区,35.9622427,139.6927115
岩槻区,35.9622706,139.6987165
岩槻区,35.9623265,139.7157346
岩槻区,35.9623845,139.6995915
岩槻区,35.9623981,139.6804098
岩槻区,35.9624035,139.6754019
岩槻区,35.9624593,139.6851955
岩槻区,35.9624955,139.6935809
岩槻区,35.9625875,139.7101434
岩槻区,35.9626068,139.7019691
岩槻区,35.9627346,139.7042606
岩槻区,35.9627757,139.6742297
岩槻区,35.9627814,139.6807708
岩槻区,35.9627901,139.7031523
岩槻区,35.9628565,139.6858371
岩槻区,35.9628620,139.6848900
岩槻区,35.9628816,139.6920394
岩槻区,35.9629011,139.6968195
岩槻区,35.9629319,139.7125515
岩槻区,35.9629456,139.7004581
岩槻区,35.9629790,139.7068297
岩槻区,35.9629957,139.7080185
岩槻区,35.9630369,139.6790431
岩槻区,35.9630786,139.6812514
岩槻区,35.9631731,139.6835678
岩槻区,35.9632009,139.6897423
岩槻区,35.9632208,139.7137376
岩槻区,35.9632399,139.6959278
岩槻区,35.9632485,139.7102794
岩槻区,35.9632676,139.6925976
岩槻区,35.9632733,139.6977639
岩槻区,35.9632764,139.7140097
岩槻区,35.9632899,139.6947363
岩槻区,35.9633125,139.7155679
岩槻区,35.9633260,139.6932448
岩槻区,35.9633867,139.6723937
岩槻区,35.9633955,139.6987638
岩槻区,35.9634037,139.6888757
岩槻区,35.9634094,139.7011497
岩槻区,35.9635229,139.6777932
岩槻区,35.9635980,139.6818290
岩槻区,35.9636091,139.6818346
岩槻区,35.9636619,139.6852593
岩槻区,35.9636678,139.7052659
岩槻区,35.9636983,139.7024412
岩槻区,35.9638480,139.6835733
岩槻区,35.9638622,139.6999414
岩槻区,35.9638901,139.7117877
岩槻区,35.9639512,139.7089545
岩槻区,35.9639956,139.7062325
岩槻区,35.9641953,139.6912144
岩槻区,35.9642228,139.6756518
岩槻区,35.9642620,139.6962084
岩槻区,35.9642955,139.7007552
岩槻区,35.9643234,139.7099933
岩槻区,35.9643679,139.7129764
岩槻区,35.9643733,139.7075602
岩槻区,35.9643787,139.6977054
岩槻区,35.9643979,139.6849787
岩槻区,35.9644117,139.6786681
岩槻区,35.9644176,139.6985610
岩槻区,35.9644172,139.6744991
岩槻区,35.9644340,139.6803014
岩槻区,35.9644844,139.7066631
岩槻区,35.9645758,139.6931642
岩槻区,35.9646204,139.6997498
岩槻区,35.9646316,139.7055132
岩槻区,35.9646484,139.7116265
岩槻区,35.9646588,139.6721492
岩槻区,35.9646871,139.7027689
岩槻区,35.9646977,139.6715548
岩槻区,35.9647983,139.7101822
岩槻区,35.9648454,139.7038744
岩槻区,35.9648644,139.6765461
岩槻区,35.9649505,139.6779848
岩槻区,35.9649845,139.7123903
岩槻区,35.9650449,139.6737463
岩槻区,35.9650953,139.6950973
岩槻区,35.9650983,139.7122653
岩槻区,35.9651371,139.7032577
岩槻区,35.9651564,139.6984525
岩槻区,35.9652396,139.6923530
岩槻区,35.9652531,139.6701133
岩槻区,35.9652564,139.6963083
岩槻区,35.9653705,139.7084379
岩槻区,35.9654647,139.6976332
岩槻区,35.9655230,139.6942335
岩槻区,35.9655954,139.7062325
岩槻区,35.9656199,139.6755906
岩槻区,35.9656288,139.7101654
岩槻区,35.9656510,139.7077212
岩槻区,35.9657283,139.6842349
岩槻区,35.9657590,139.6922919
岩槻区,35.9657726,139.6721270
岩槻区,35.9658677,139.7110877
岩槻区,35.9658677,139.7110765
岩槻区,35.9658782,139.6743851
岩槻区,35.9658842,139.7039937
岩槻区,35.9658866,139.6813789
岩槻区,35.9659870,139.7023967
岩槻区,35.9660202,139.6986275
岩槻区,35.9660204,139.7088322
岩槻区,35.9660674,139.6949917
岩槻区,35.9660726,139.6733574
岩槻区,35.9661064,139.7011273
岩槻区,35.9661868,139.6965055
岩槻区,35.9662173,139.6937141
岩槻区,35.9662592,139.7059686
岩槻区,35.9663391,139.6673218
岩槻区,35.9663641,139.6672718
岩槻区,35.9663759,139.7096155
岩槻区,35.9664062,139.6910559
岩槻区,35.9664919,139.6721964
岩槻区,35.9665255,139.6875618
岩槻区,35.9665309,139.6790514
岩槻区,35.9665676,139.7082934
岩槻区,35.9666120,139.7107182
岩槻区,35.9666198,139.6792791
岩槻区,35.9666203,139.7069741
岩槻区,35.9666307,139.6649609
岩槻区,35.9666559,139.6754933
岩槻区,35.9666621,139.7122847
岩槻区,35.9667505,139.6851120
岩槻区,35.9667698,139.6769459
岩槻区,35.9667723,139.6628916
岩槻区,35.9668147,139.7054631
岩槻区,35.9668340,139.6974248
岩槻区,35.9668667,139.6620500
岩槻区,35.9668784,139.6946390
岩槻区,35.9668811,139.6880895
岩槻区,35.9668869,139.7014189
岩槻区,35.9669197,139.6743379
岩槻区,35.9669363,139.6685327
岩槻区,35.9670063,139.7005523
岩槻区,35.9670395,139.6948362
岩槻区,35.9670562,139.6948666
岩槻区,35.9670615,139.6818400
岩槻区,35.9670702,139.7039826
岩槻区,35.9671064,139.7088461
岩槻区,35.9671256,139.6928502
岩槻区,35.9671478,139.6928418
岩槻区,35.9672004,139.6838899
岩槻区,35.9672114,139.6796068
岩槻区,35.9672945,139.6657830
岩槻区,35.9673892,139.6786486
岩槻区,35.9674561,139.6912086
岩槻区,35.9675256,139.6961054
岩槻区,35.9675363,139.6744739
岩槻区,35.9675785,139.7057657
岩槻区,35.9675841,139.7057741
岩槻区,35.9675980,139.7097849
岩槻区,35.9676222,139.6648664
岩槻区,35.9676450,139.6937556
岩槻区,35.9676449,139.6876117
岩槻区,35.9676561,139.6937528
岩槻区,35.9676759,139.7133624
岩槻区,35.9676867,139.7002551
岩槻区,35.9677835,139.6723769
岩槻区,35.9678507,139.7032687
岩槻区,35.9678892,139.6859147
岩槻区,35.9679091,139.7081489
岩槻区,35.9679193,139.6560782
岩槻区,35.9680916,139.6637553
岩槻区,35.9681501,139.6711409
岩槻区,35.9681612,139.6711242
岩槻区,35.9681779,139.6753321
岩槻区,35.9682258,139.7110680
岩槻区,35.9682695,139.6709409
岩槻区,35.9682811,139.7014910
岩槻区,35.9683037,139.7178953
岩槻区,35.9683064,139.7178925
岩槻区,35.9683087,139.6867979
岩槻区,35.9683369,139.7104403
岩槻区,35.9683451,139.6578453
岩槻区,35.9683481,139.7179453
岩槻区,35.9684142,139.6835870
岩槻区,35.9684252,139.6790096
岩槻区,35.9685198,139.6877117
岩槻区,35.9685368,139.7065795
岩槻区,35.9685451,139.7065795
岩槻区,35.9685479,139.7065795
岩槻区,35.9685671,139.6939140
岩槻区,35.9686027,139.6667856
岩槻区,35.9686308,139.6854730
岩槻区,35.9686308,139.6854508
岩槻区,35.9686366,139.6996996
岩槻区,35.9686479,139.7059907
岩槻区,35.9686673,139.7060045
岩槻区,35.9687757,139.7099376
岩槻区,35.9688415,139.6618999
岩槻区,35.9688592,139.7190674
岩槻区,35.9688671,139.6951526
岩槻区,35.9688723,139.6732740
岩槻区,35.9689616,139.7018994
岩槻区,35.9689722,139.6698992
岩槻区,35.9689979,139.7083293
岩槻区,35.9691341,139.7168147
岩槻区,35.9691918,139.6823954
岩槻区,35.9692396,139.7147260
岩槻区,35.9692866,139.7007800
岩槻区,35.9693394,139.7018383
岩槻区,35.9693699,139.7018438
岩槻区,35.9694025,139.6589890
岩槻区,35.9694173,139.7107069
岩槻区,35.9694389,139.6775625
岩槻区,35.9694534,139.7094126
岩槻区,35.9694589,139.7045074
岩槻区,35.9694730,139.7182091
岩槻区,35.9694810,139.6983273
岩槻区,35.9695170,139.6946527
岩槻区,35.9695310,139.6996689
岩槻区,35.9695701,139.7158232
岩槻区,35.9695813,139.7200144
岩槻区,35.9696284,139.7119262
岩槻区,35.9697502,139.6853701
岩槻区,35.9697776,139.6687354
岩槻区,35.9698003,139.6945027
岩槻区,35.9698053,139.6647107
岩槻区,35.9698091,139.7219532
岩槻区,35.9698283,139.7051574
岩槻区,35.9698500,139.6795734
岩槻区,35.9699366,139.7082210
岩槻区,35.9699863,139.6873727
岩槻区,35.9700247,139.6603750
岩槻区,35.9701088,139.7074239
岩槻区,35.9701146,139.7170036
岩槻区,35.9701223,139.6813787
岩槻区,35.9701783,139.7064711
岩槻区,35.9702504,139.7003716
岩槻区,35.9703581,139.6664745
岩槻区,35.9703756,139.7148398
岩槻区,35.9704172,139.7107763
岩槻区,35.9704229,139.7182701
岩槻区,35.9704449,139.7040602
岩槻区,35.9704525,139.6665133
岩槻区,35.9704919,139.6972719
岩槻区,35.9705198,139.6990828
岩槻区,35.9705893,139.7029575
岩槻区,35.9706060,139.7069544
岩槻区,35.9706226,139.7016659
岩槻区,35.9706724,139.6932250
岩槻区,35.9706833,139.6829981
岩槻区,35.9707587,139.7046907
岩槻区,35.9708923,139.7195061
岩槻区,35.9709006,139.7201894
岩槻区,35.9709201,139.7218559
岩槻区,35.9709638,139.6804316
岩槻区,35.9709635,139.6622887
岩槻区,35.9709893,139.7061628
岩槻区,35.9709885,139.6622303
岩槻区,35.9710004,139.7061628
岩槻区,35.9711169,139.6986134
岩槻区,35.9711255,139.7105319
岩槻区,35.9711282,139.7105513
岩槻区,35.9712558,139.7000466
岩槻区,35.9713055,139.6851340
岩槻区,35.9713310,139.7092848
岩槻区,35.9714917,139.6868588
岩槻区,35.9715143,139.7134066
岩槻区,35.9716191,139.6691620
岩槻区,35.9716356,139.6584779
岩槻区,35.9716479,139.7249917
岩槻区,35.9716557,139.6987495
岩槻区,35.9716586,139.7059544
岩槻区,35.9717169,139.7047379
岩槻区,35.9717640,139.6969747
岩槻区,35.9717698,139.7083737
岩槻区,35.9717809,139.7083626
岩槻区,35.9717801,139.6648550
岩槻区,35.9717889,139.6920778
岩槻区,35.9717919,139.7034574
岩槻区,35.9718280,139.7014243
岩槻区,35.9718527,139.6829897
岩槻区,35.9719004,139.7119123
岩槻区,35.9719365,139.7119345
岩槻区,35.9719607,139.6678021
岩槻区,35.9719916,139.6838840
岩槻区,35.9721088,139.7192255
岩槻区,35.9721223,139.6966386
岩槻区,35.9721477,139.7207199
岩槻区,35.9721800,139.6620969
岩槻区,35.9722305,139.6911334
岩槻区,35.9723774,139.6708018
岩槻区,35.9723975,139.7068321
岩槻区,35.9724280,139.7046823
岩槻区,35.9724333,139.6931971
岩槻区,35.9725335,139.7004604
岩槻区,35.9725473,139.6980245
岩槻区,35.9726328,139.6639440
岩槻区,35.9726356,139.6639301
岩槻区,35.9727360,139.6899335
岩槻区,35.9727495,139.6633857
岩槻区,35.9728355,139.6625608
岩槻区,35.9728891,139.7058905
岩槻区,35.9729578,139.6681242
岩槻区,35.9729640,139.7035157
岩槻区,35.9729723,139.6991466
岩槻区,35.9729918,139.7018269
岩槻区,35.9730057,139.7048128
岩槻区,35.9730280,139.6609940
岩槻区,35.9730502,139.7068238
岩槻区,35.9731527,139.6942331
岩槻区,35.9731809,139.7191754
岩槻区,35.9732087,139.7162369
岩槻区,35.9732888,139.6962551
岩槻区,35.9732976,139.7170145
岩槻区,35.9733832,139.6926276
岩槻区,35.9734976,139.7197671
岩槻区,35.9735390,139.7085236
岩槻区,35.9735999,139.6934360
岩槻区,35.9736083,139.6973328
岩槻区,35.9736388,139.6957580
岩槻区,35.9737054,139.6918555
岩槻区,35.9737776,139.6912305
岩槻区,35.9737944,139.6998687
岩槻区,35.9738360,139.6955552
岩槻区,35.9739226,139.7215447
岩槻区,35.9740114,139.7178644
岩槻区,35.9742142,139.7242834
岩槻区,35.9742973,139.7102567
岩槻区,35.9743198,139.7230140
岩槻区,35.9743443,139.6982466
岩槻区,35.9743558,139.7176283
岩槻区,35.9743638,139.7008936
岩槻区,35.9744415,139.6949608
岩槻区,35.9745736,139.7200109
岩槻区,35.9746997,139.6890696
岩槻区,35.9748974,139.7186116
岩槻区,35.9749694,139.7047850
岩槻区,35.9750279,139.7175678
岩槻区,35.9750665,139.7022185
岩槻区,35.9751387,139.6992882
岩槻区,35.9751859,139.6992715
岩槻区,35.9752447,139.7221335
岩槻区,35.9752693,139.7032490
岩槻区,35.9752862,139.7160479
岩槻区,35.9753475,139.7239861
岩槻区,35.9754688,139.7074400
岩槻区,35.9754889,139.7141786
岩槻区,35.9755083,139.7088901
岩槻区,35.9755139,139.7117038
岩槻区,35.9755442,139.6974188
岩槻区,35.9755858,139.6957746
岩槻区,35.9757779,139.7227834
岩槻区,35.9758166,139.7127121
岩槻区,35.9758582,139.7059820
岩槻区,35.9761385,139.6920776
岩槻区,35.9761416,139.7148646
岩槻区,35.9762386,139.6999936
岩槻区,35.9764279,139.7242916
岩槻区,35.9765416,139.6964811
岩槻区,35.9769969,139.7049127
岩槻区,35.9771412,139.6938886
岩槻区,35.9772442,139.7061625
岩槻区,35.9772469,139.7061736
岩槻区,35.9772467,139.6923587
岩槻区,35.9773056,139.7231916
岩槻区,35.9773245,139.6958384
岩槻区,35.9773385,139.6983715
岩槻区,35.9774218,139.6976520
岩槻区,35.9774970,139.7129647
岩槻区,35.9775083,139.7243971
岩槻区,35.9776024,139.7035627
岩槻区,35.9776649,139.6870863
岩槻区,35.9777549,139.6908582
岩槻区,35.9778329,139.7009740
岩槻区,35.9778412,139.7010017
岩槻区,35.9778995,139.6970938
岩槻区,35.9779993,139.6896000
岩槻区,35.9781356,139.6992492
岩槻区,35.9781499,139.7223945
岩槻区,35.9781857,139.7046431
岩槻区,35.9781996,139.7046237
岩槻区,35.9782218,139.7045931
岩槻区,35.9782328,139.6982465
岩槻区,35.9782468,139.7022655
岩槻区,35.9784082,139.7241082
岩槻区,35.9785051,139.7028266
岩槻区,35.9785774,139.7113204
岩槻区,35.9786277,139.7241551
岩槻区,35.9786633,139.7002241
岩槻区,35.9787716,139.6975743
岩槻区,35.9787992,139.6884027
岩槻区,35.9788187,139.6917609
岩槻区,35.9788412,139.7066346
岩槻区,35.9789327,139.6941246
岩槻区,35.9790050,139.7036043
岩槻区,35.9791915,139.7250025
岩槻区,35.9791912,139.7100259
岩槻区,35.9793215,139.6922969
岩槻区,35.9794218,139.7136229
岩槻区,35.9794299,139.6970659
岩槻区,35.9795299,139.6991018
岩槻区,35.9797938,139.7025377
岩槻区,35.9798492,139.6903998
岩槻区,35.9798576,139.6953994
岩槻区,35.9798742,139.6931246
岩槻区,35.9798854,139.6980603
岩槻区,35.9800497,139.7239889
岩槻区,35.9800969,139.7222055
岩槻区,35.9801772,139.7071011
岩槻区,35.9801907,139.6874928
岩槻区,35.9802880,139.6894165
岩槻区,35.9803053,139.7254552
岩槻区,35.9803829,139.7155477
岩槻区,35.9804496,139.7168865
岩槻区,35.9804604,139.7014600
岩槻区,35.9805272,139.7095815
岩槻区,35.9806497,139.7234110
岩槻区,35.9806608,139.7234193
岩槻区,35.9807075,139.6971575
岩槻区,35.9807467,139.7134340
岩槻区,35.9807968,139.7185446
岩槻区,35.9808022,139.7111620
岩槻区,35.9809240,139.6898387
岩槻区,35.9809463,139.6947410
岩槻区,35.9810076,139.7049569
岩槻区,35.9810881,139.6986880
岩槻区,35.9812634,139.7212749
岩槻区,35.9814634,139.7226637
岩槻区,35.9815740,139.6902137
岩槻区,35.9815882,139.7096897
岩槻区,35.9815940,139.7252108
岩槻区,35.9816264,139.6882657
岩槻区,35.9816465,139.7085454
岩槻区,35.9817352,139.6990684
岩槻区,35.9817412,139.7242469
岩槻区,35.9818908,139.7024320
岩槻区,35.9819577,139.7123062
岩槻区,35.9819880,139.7018599
岩槻区,35.9820990,139.6964297
岩槻区,35.9822329,139.7255357
岩槻区,35.9822505,139.6890856
岩槻区,35.9822878,139.6913718
岩槻区,35.9823100,139.6913357
岩槻区,35.9824464,139.7072594
岩槻区,35.9825161,139.7242969
岩槻区,35.9827435,139.6999433
岩槻区,35.9827438,139.7206583
岩槻区,35.9827435,139.6999322
岩槻区,35.9827464,139.7094953
岩槻区,35.9827827,139.7196556
岩槻区,35.9828022,139.7236524
岩槻区,35.9828407,139.7034152
岩槻区,35.9829074,139.7034847
岩槻区,35.9829545,139.6987406
岩槻区,35.9831574,139.7056067
岩槻区,35.9831600,139.6929356
岩槻区,35.9833494,139.7245051
岩槻区,35.9834962,139.7017848
岩槻区,35.9835271,139.7212137
岩槻区,35.9835710,139.7205116
岩槻区,35.9836711,139.6949187
岩槻区,35.9836767,139.6980656
岩槻区,35.9836769,139.7129950
岩槻区,35.9837740,139.7048900
岩槻区,35.9838073,139.7036929
岩槻区,35.9838132,139.7254494
岩槻区,35.9838465,139.7227970
岩槻区,35.9840157,139.7083425
岩槻区,35.9841658,139.7179000
岩槻区,35.9842046,139.7101341
岩槻区,35.9842710,139.6969768
岩槻区,35.9843377,139.6986628
岩槻区,35.9843822,139.6991433
岩槻区,35.9845936,139.7207554
岩槻区,35.9848598,139.6940298
岩槻区,35.9849988,139.7035929
岩槻区,35.9850211,139.7036262
岩槻区,35.9850266,139.7027375
岩槻区,35.9853210,139.7006292
岩槻区,35.9854074,139.7177112
岩槻区,35.9856824,139.7212081
岩槻区,35.9859294,139.7118533
岩槻区,35.9863737,139.7014208
岩槻区,35.9863931,139.6989404
岩槻区,35.9864653,139.7026596
岩槻区,35.9867485,139.6970323
岩槻区,35.9868960,139.7114172
岩槻区,35.9870683,139.7171945
岩槻区,35.9871070,139.7043260
岩槻区,35.9871294,139.7185388
岩槻区,35.9872179,139.6952907
岩槻区,35.9874180,139.7003653
岩槻区,35.9875013,139.7016568
岩槻区,35.9875208,139.7016596
岩槻区,35.9875985,139.6990754
岩槻区,35.9876042,139.7064342
岩槻区,35.9876044,139.7175222
岩槻区,35.9877876,139.7162612
岩槻区,35.9880458,139.7081924
岩槻区,35.9880569,139.7082535
岩槻区,35.9884651,139.6999625
岩槻区,35.9884708,139.7095061
岩槻区,35.9885901,139.7038177
岩槻区,35.9886818,139.7071369
岩槻区,35.9888430,139.7113921
岩槻区,35.9890736,139.7153112
岩槻区,35.9890761,139.7018457
岩槻区,35.9890858,139.6991687
岩槻区,35.9891041,139.7137364
岩槻区,35.9896178,139.7047843
岩槻区,35.9898760,139.6987542
岩槻区,35.9898791,139.7143474
岩槻区,35.9900094,139.7013151
岩槻区,35.9902149,139.7002624
岩槻区,35.9903399,139.7035594
岩槻区,35.9905845,139.7106571
岩槻区,35.9906289,139.7120947
岩槻区,35.9907621,139.7020623
岩槻区,35.9907955,139.7043509
岩槻区,35.9909039,139.7101754
岩槻区,35.9914036,139.6986791
岩槻区,35.9917148,139.7020844
岩槻区,35.9918620,139.7037343
岩槻区,35.9919064,139.7006456
岩槻区,35.9921313,139.6973514
岩槻区,35.9928702,139.7005428
岩槻区,35.9934951,139.6984596
岩槻区,35.9935201,139.7030093
岩槻区,35.9946173,139.7042146
岩槻区,35.9948061,139.7015843
岩槻区,35.9953490,139.6979207
岩槻区,35.9960115,139.7006704
岩槻区,35.9962336,139.6974235
岩槻区,35.9974780,139.7012592
岩槻区,35.9976168,139.6965290
岩槻区,35.9979362,139.6943764
岩槻区,35.9983140,139.6961346
岩槻区,35.9997693,139.6953204
岩槻区,35.9998110,139.6942041
岩槻区,36.0000332,139.6953957
岩槻区,36.0019746,139.6931763
