データ提供：KDDI・技研商事インターナショナル「KDDI Location Analyzer」,,,,,,,,,,,,,,,,,,,,,,,
※auスマートフォンユーザーのうち個別同意を得たユーザーを対象に、個人を特定できない処理を行って集計,,,,,,,,,,,,,,,,,,,,,,,
※個人情報保護観点から、10代以下の人数は未集計,,,,,,,,,,,,,,,,,,,,,,,
※10人未満は切り捨て,,,,,,,,,,,,,,,,,,,,,,,
,,,,,,,,,,,,,,,,,,,,,,,
浦和美園,,weekday,,,,,,,,,,,holiday,,,,,,,,,,
年月,時間帯,平均男性,平均女性,平均20代,平均30代,平均40代,平均50代,平均60代,平均70歳以上,平均居住者,平均勤務者,平均来街者,平均男性,平均女性,平均20代,平均30代,平均40代,平均50代,平均60代,平均70歳以上,平均居住者,平均勤務者,平均来街者
2018_01,5時,3900,3570,1100,2130,1770,860,780,800,5970,560,1460,3580,2850,800,1950,1600,720,820,520,5010,480,1390
2018_01,6時,3850,3670,1080,2190,1820,770,790,850,5700,750,1610,3690,3050,1040,1980,1670,690,790,550,4960,690,1540
2018_01,7時,4170,3320,990,2250,1830,750,1090,570,5070,1280,1650,3950,3070,1090,2120,1750,680,1110,260,4830,1140,1500
2018_01,8時,4220,3730,1170,2420,1790,790,1210,550,4010,2250,2350,4360,3500,1380,2330,1910,830,1160,240,4250,1710,2350
2018_01,9時,4350,4520,1420,2390,1930,870,1400,840,3300,2540,3480,5160,4050,1650,2450,2350,1120,1240,380,3840,2110,3660
2018_01,10時,4640,5360,1470,2490,2230,1110,1790,880,2880,2730,4830,5910,5070,2080,2690,2740,1420,1450,570,3670,2250,5450
2018_01,11時,4880,6210,1640,2530,2360,1380,2100,1070,2850,2820,5840,6390,6430,2240,2860,3060,1770,1880,980,3610,2290,7280
2018_01,12時,5070,6490,1790,2450,2480,1490,2220,1120,2720,2900,6350,6710,6720,2440,3120,3100,1720,2030,1010,3420,2330,8040
2018_01,13時,5250,6180,1780,2400,2490,1540,2110,1080,2730,3000,6140,7120,6840,2560,3200,3230,1840,1950,1160,3400,2320,8570
2018_01,14時,5240,6170,1820,2370,2490,1530,2150,1040,2710,2960,6190,7370,7100,2610,3300,3380,1950,2140,1080,3380,2340,9100
2018_01,15時,5170,6000,1790,2380,2440,1490,2100,960,2850,2870,5920,7640,6970,2750,3360,3400,2050,2000,1020,3480,2290,9170
2018_01,16時,5170,5750,1760,2570,2370,1470,1900,840,3070,2810,5510,7270,6580,2660,3400,3290,1900,1800,780,3530,2190,8440
2018_01,17時,5200,5420,1650,2600,2440,1450,1730,740,3310,2700,5100,7160,6360,2540,3300,3300,1740,1790,840,3780,2070,8010
2018_01,18時,4990,4980,1690,2540,2350,1430,1430,510,3760,2190,4500,6710,6190,2330,3070,3300,1680,1600,900,3930,1710,7600
2018_01,19時,4880,4910,1790,2550,2300,1320,1280,520,4390,1780,4110,6390,5330,2140,2950,2990,1570,1320,730,4270,1450,6330
2018_01,20時,4840,4330,1700,2420,2200,1210,1170,450,4850,1380,3440,5580,4480,1870,2690,2520,1370,1130,460,4630,1190,4600
2018_01,21時,4370,3790,1450,2310,1980,1070,1030,300,5160,1080,2440,4910,3960,1720,2500,2160,1050,990,430,4890,1000,3420
2018_01,22時,4090,3370,1210,2200,1800,930,1040,250,5570,890,1540,4330,3050,1320,2270,1790,850,820,300,5090,670,2050
2018_01,23時,3770,3100,1070,2060,1700,850,910,250,5600,740,1050,3890,2700,990,2130,1630,750,770,300,5090,530,1400
2018_01,24時,3600,2800,970,1960,1670,760,780,250,5670,550,700,3730,2530,1030,1990,1600,640,690,300,5270,490,960
2018_01,25時,3630,2820,980,1970,1710,800,710,250,5710,540,700,3760,2560,1000,1990,1670,680,680,300,5330,500,970
2018_01,26時,3670,2800,980,1960,1740,810,710,250,5760,540,690,3810,2530,1010,1960,1660,690,700,300,5360,500,950
2018_01,27時,3660,2890,990,2020,1720,850,710,240,5790,550,730,3750,2580,1000,1950,1620,740,700,300,5340,500,960
2018_01,28時,3670,2950,1010,2070,1690,860,720,240,5800,550,790,3760,2570,960,1940,1640,750,720,300,5370,500,940
2018_02,5時,4020,4120,1250,2070,2020,950,680,1160,6570,620,1470,3890,3470,1200,2060,1960,730,700,690,6010,560,1260
2018_02,6時,4100,4180,1240,2160,2070,900,700,1180,6190,840,1780,3930,3610,1280,2110,1990,690,760,700,5770,820,1400
2018_02,7時,4670,3480,1030,2360,2110,810,1050,760,5300,1680,1670,4480,3470,1350,2280,2070,700,1080,460,5580,1290,1530
2018_02,8時,4440,3890,1080,2480,1970,890,1320,580,3980,2940,2090,5000,3850,1810,2320,2090,930,1260,420,5040,2030,2250
2018_02,9時,4320,4530,1340,2400,1980,920,1350,830,3090,3160,3070,5430,4470,1900,2320,2340,1190,1500,630,4410,2240,3660
2018_02,10時,4520,5570,1490,2620,2240,1040,1800,880,2600,3410,4480,5990,5850,2180,2760,2740,1500,1750,900,4190,2570,5510
2018_02,11時,4790,6320,1720,2670,2430,1310,2020,930,2610,3620,5280,7000,7420,2700,3390,3090,1920,2260,1040,4020,2730,8090
2018_02,12時,5270,6570,2060,2710,2520,1480,2060,1000,2610,3820,5830,7390,7810,2740,3510,3250,2010,2520,1150,3960,2790,8850
2018_02,13時,5190,6320,1960,2590,2520,1520,1980,930,2580,3840,5530,7280,8200,2660,3650,3320,2090,2530,1210,4100,2720,9040
2018_02,14時,5000,6440,2050,2530,2420,1530,2010,890,2710,3830,5360,7510,7840,2670,3490,3580,2120,2210,1260,3940,2710,9050
2018_02,15時,5100,6140,1920,2600,2420,1530,2030,730,2860,3770,5100,7460,7390,2740,3340,3540,2130,2140,940,4020,2710,8440
2018_02,16時,4900,5670,1820,2470,2270,1440,1830,720,2850,3610,4580,7650,7210,2980,3470,3440,2020,1990,940,4060,2660,8480
2018_02,17時,4780,5620,1880,2330,2250,1390,1860,680,3130,3310,4430,7460,6950,2790,3490,3320,1900,1840,1050,4370,2460,7920
2018_02,18時,4650,5750,2120,2380,2260,1440,1570,620,3750,2660,4460,6630,6380,2690,3250,3080,1810,1470,710,4600,2100,6670
2018_02,19時,4800,5490,2090,2430,2370,1390,1370,630,4370,2180,4220,6330,5900,2760,2900,2940,1670,1300,650,4850,1870,5910
2018_02,20時,4850,4750,2050,2330,2360,1160,1150,520,4980,1680,3420,5810,5250,2450,2760,2630,1440,1180,580,5170,1400,4910
2018_02,21時,4540,4170,1840,2160,2110,1010,1030,540,5480,1260,2470,4730,4480,1880,2350,2270,1180,970,540,5440,930,3270
2018_02,22時,4160,3620,1490,2000,1970,920,930,460,5880,990,1420,4090,3650,1500,1970,2050,920,770,510,5670,750,1790
2018_02,23時,3930,3330,1340,1880,1910,850,800,460,5980,810,980,3700,3220,1270,1820,1900,800,660,440,5620,600,1140
2018_02,24時,3740,3070,1210,1820,1840,780,670,480,6120,590,580,3650,2970,1200,1870,1860,690,590,400,5860,530,710
2018_02,25時,3710,3140,1210,1820,1850,830,640,480,6160,570,600,3740,2970,1170,1940,1890,710,580,400,5890,540,750
2018_02,26時,3710,3120,1200,1850,1830,840,620,470,6150,570,580,3750,2940,1170,1890,1890,730,590,400,5910,540,720
2018_02,27時,3750,3210,1200,1900,1830,890,630,490,6140,570,730,3730,3060,1180,1920,1910,780,590,400,5910,540,820
2018_02,28時,3780,3250,1230,1900,1840,900,650,490,6190,580,750,3790,3120,1240,1960,1900,780,620,400,5950,550,900
2018_03,5時,3840,4420,1110,1920,1870,900,660,1790,6880,590,1320,3630,3640,820,1900,1860,750,690,1230,6310,510,930
2018_03,6時,3870,3980,960,2010,1900,900,690,1370,6100,670,1600,3690,3440,840,1880,1890,790,740,970,5850,580,1200
2018_03,7時,4440,3660,770,2220,2040,900,1040,1110,5390,1400,1820,4160,3460,700,1980,2070,860,1130,880,5640,940,1560
2018_03,8時,4710,4070,1000,2270,2110,1000,1300,1070,3990,2920,2510,4790,4000,1140,2180,2070,1010,1320,1050,5030,1840,2380
2018_03,9時,4910,4660,1210,2280,2190,1030,1440,1400,3170,3250,3610,5440,4910,1430,2450,2360,1290,1410,1390,4560,2390,3880
2018_03,10時,5060,5840,1490,2390,2470,1190,1730,1610,2670,3600,5050,6210,6160,1670,2720,2940,1670,1850,1510,4120,2720,5990
2018_03,11時,5410,6830,1870,2610,2650,1450,1970,1670,2650,4050,5980,6560,7610,2000,2990,3310,2070,2280,1500,4010,2900,7690
2018_03,12時,5720,7200,1970,2640,2720,1610,2090,1860,2600,4270,6470,7210,8260,2440,3200,3620,2140,2470,1590,3850,3060,9020
2018_03,13時,5680,7010,1900,2530,2730,1640,2160,1710,2520,4220,6400,7510,8900,2490,3720,3910,2200,2400,1670,3780,3050,10030
2018_03,14時,5660,6880,2000,2540,2690,1610,2220,1470,2580,4200,6230,7640,8960,2880,3780,3860,2120,2460,1490,3800,2980,10210
2018_03,15時,5500,6650,1950,2530,2610,1610,2250,1180,2750,4120,5760,7240,8600,2830,3610,3730,2040,2160,1450,3680,2920,9620
2018_03,16時,5240,6140,1910,2460,2570,1500,1910,1010,2930,4020,4940,6780,8170,2600,3350,3670,1920,1880,1510,3840,2860,8650
2018_03,17時,5040,6110,1890,2480,2500,1510,1830,930,3140,3850,4660,6760,7750,2390,3300,3550,1820,1760,1670,3980,2790,8150
2018_03,18時,4870,6140,1950,2500,2460,1580,1600,900,3700,3260,4540,7080,7010,2510,3150,3350,1850,1560,1650,4390,2520,7610
2018_03,19時,5050,5990,2120,2500,2400,1580,1430,990,4340,2780,4430,6550,6390,2460,3010,3150,1660,1270,1360,4590,2150,6620
2018_03,20時,5120,5380,2240,2490,2330,1320,1250,850,4870,2370,3770,5650,5440,2130,2640,2770,1390,1050,1090,4850,1840,4830
2018_03,21時,4610,4750,1830,2250,2120,1160,1140,850,5300,1750,2840,4880,4710,1640,2400,2480,1160,1010,890,5200,1390,3440
2018_03,22時,4070,3990,1380,2030,1900,980,950,810,5780,1270,1530,4070,4060,1410,2070,2000,910,910,820,5550,1090,1950
2018_03,23時,3770,3500,1060,1940,1830,900,740,780,5950,880,960,3620,3350,950,1980,1830,770,720,710,5580,680,1180
2018_03,24時,3610,3180,990,1830,1720,800,660,770,6030,620,650,3470,3080,910,1800,1750,690,650,730,5890,530,630
2018_03,25時,3610,3160,970,1860,1730,820,600,770,6080,570,630,3480,3100,930,1800,1770,720,620,730,5880,520,670
2018_03,26時,3600,3180,950,1850,1740,840,600,770,6080,570,640,3460,3070,910,1820,1760,720,600,710,5890,490,640
2018_03,27時,3610,3220,950,1850,1740,880,600,780,6100,570,670,3500,3120,940,1830,1750,760,620,710,5930,490,690
2018_03,28時,3580,3220,960,1840,1730,870,600,780,6120,570,630,3520,3150,940,1810,1740,790,640,710,5940,500,720
2018_04,5時,3570,4170,1160,1710,2000,910,710,1230,6470,390,1230,3540,3710,1040,1780,1910,830,660,1000,5960,380,1250
2018_04,6時,3630,3920,1060,1810,2000,900,750,1010,5810,530,1560,3670,3670,1060,1820,1950,820,710,960,5520,520,1640
2018_04,7時,4010,3830,950,1930,2070,860,1060,960,4920,1260,1960,3970,3920,1190,1930,1970,840,960,980,5390,880,1950
2018_04,8時,4110,4910,1330,2480,2320,860,1130,880,3760,3240,2510,4550,4510,1660,2100,2130,1020,1070,1050,5110,1740,2540
2018_04,9時,4180,5480,1620,2430,2320,920,1090,1250,2850,3610,3480,5100,5670,1880,2440,2450,1300,1300,1380,4500,2210,4330
2018_04,10時,4390,6760,1740,2550,2550,1050,1610,1630,2550,3830,5010,5850,7030,2000,2920,2850,1780,1670,1640,4170,2560,6420
2018_04,11時,4460,7790,1860,2720,2730,1300,1910,1690,2460,4160,5870,6370,8300,2260,3440,3320,2060,1950,1620,4000,2570,8330
2018_04,12時,4950,7920,2130,2930,2780,1470,2050,1490,2350,4420,6330,6630,8850,2670,3630,3370,2080,2120,1600,3690,2600,9380
2018_04,13時,4970,7900,2190,2870,2870,1480,2020,1410,2360,4580,6200,6710,9420,3160,3530,3620,2120,2140,1550,3750,2680,9940
2018_04,14時,5110,7540,2240,2850,2840,1530,1850,1330,2410,4540,5990,7220,9420,3200,3700,3720,2120,2190,1690,3660,2680,10520
2018_04,15時,5020,7030,2130,2680,2760,1510,1730,1210,2540,4430,5390,7290,9300,3210,3770,3820,2170,2190,1420,3780,2740,10320
2018_04,16時,4750,6920,2090,2600,2660,1460,1670,1160,2740,4350,4910,6690,8650,3110,3640,3560,2020,1930,1070,3730,2630,9210
2018_04,17時,4520,6500,1970,2570,2550,1410,1620,880,2900,3840,4630,6460,7960,3000,3530,3310,1900,1750,910,4020,2330,8310
2018_04,18時,4250,6400,1860,2440,2440,1410,1590,900,3550,3020,4430,6540,7330,2750,3440,3300,1950,1440,960,4470,2040,7590
2018_04,19時,4520,6030,1840,2590,2440,1400,1420,840,4180,2390,4340,6380,6880,2740,3340,3240,1820,1250,860,4740,1790,6960
2018_04,20時,4640,5040,1750,2410,2360,1320,1210,610,4670,1880,3490,5810,5970,2370,3050,2980,1560,1120,680,5170,1460,5440
2018_04,21時,4280,4580,1570,2190,2140,1170,1080,690,5300,1340,2590,4860,4870,1960,2550,2480,1230,870,640,5390,1120,3540
2018_04,22時,3870,3910,1250,1940,1970,1030,920,650,5780,900,1480,4140,4100,1580,2080,2130,990,720,720,5550,770,2210
2018_04,23時,3520,3550,1110,1800,1850,930,760,600,5830,640,980,3620,3450,1090,1870,1970,860,660,600,5500,450,1430
2018_04,24時,3380,3240,1130,1610,1810,840,670,550,5940,390,620,3310,3060,950,1610,1850,750,640,540,5610,340,750
2018_04,25時,3450,3240,1090,1680,1840,860,630,550,5970,390,660,3340,3060,930,1650,1860,770,630,540,5590,340,800
2018_04,26時,3430,3200,1050,1690,1830,870,630,550,5970,370,630,3350,3020,910,1640,1860,780,610,540,5590,340,760
2018_04,27時,3380,3230,1000,1690,1810,890,660,550,5890,380,690,3340,3120,880,1720,1860,810,650,540,5630,330,830
2018_04,28時,3350,3260,1010,1660,1810,900,660,550,5890,380,680,3330,3130,930,1700,1820,810,640,540,5660,340,800
2018_05,5時,3490,4430,930,1780,2120,930,750,1400,6540,660,1190,3470,3640,950,1570,2040,780,770,980,5760,530,1220
2018_05,6時,3660,4040,760,1920,2190,910,780,1130,5920,900,1370,3550,3570,970,1660,2080,760,840,800,5560,600,1340
2018_05,7時,3870,3790,590,1980,2170,880,1020,1010,4960,1490,1690,3820,3560,960,1750,2070,760,1070,750,5220,780,1730
2018_05,8時,3790,4800,930,2470,2220,870,1150,940,3650,3110,2430,4300,4100,1510,2000,2080,960,1180,650,4750,1510,2500
2018_05,9時,3880,5750,1170,2380,2390,970,1260,1450,2810,3340,3880,4950,4720,1750,2210,2190,1210,1290,1000,4190,1720,4080
2018_05,10時,4120,6530,1320,2510,2710,1100,1640,1360,2410,3450,5120,5630,6210,2140,2410,2780,1590,1710,1190,3740,1790,6620
2018_05,11時,4470,7510,1580,2720,2820,1410,1910,1530,2340,3620,6350,6150,7000,2180,2660,3090,1930,2030,1240,3420,1870,8140
2018_05,12時,4730,7760,1670,2810,2860,1570,1950,1600,2260,3830,6740,6610,7980,2470,2890,3380,2010,2260,1560,3400,2020,9510
2018_05,13時,4800,7750,1840,2840,2860,1630,1980,1370,2240,3960,6710,6620,8470,2590,3110,3520,2050,2230,1570,3220,2100,10130
2018_05,14時,4510,7260,1880,2660,2670,1550,1800,1190,2290,3850,6020,6610,8600,2710,3370,3570,2050,2080,1410,3250,2110,10210
2018_05,15時,4340,6710,1720,2570,2510,1490,1730,1020,2320,3710,5420,6470,8720,2850,3350,3570,2030,2090,1300,3200,2070,10270
2018_05,16時,4260,6480,1760,2560,2460,1370,1610,950,2490,3620,5040,6390,8580,2980,3170,3550,1980,1960,1300,3530,1990,9780
2018_05,17時,4210,6160,1710,2630,2350,1310,1500,860,2790,3300,4730,6060,8070,2800,3070,3340,1890,1860,1170,3750,1830,8890
2018_05,18時,4210,6360,1770,2660,2350,1350,1610,820,3480,2630,4920,5940,7340,2570,3060,3200,1870,1570,990,4160,1630,7810
2018_05,19時,4610,5860,1830,2580,2570,1330,1350,800,4250,2070,4620,5650,6970,2590,2780,3090,1750,1280,1110,4710,1410,6810
2018_05,20時,4540,4860,1460,2350,2480,1260,1190,640,4850,1430,3600,5440,6030,2310,2440,2840,1610,1140,1110,5070,1160,5580
2018_05,21時,4350,4430,1270,2270,2270,1190,1090,680,5440,1220,2600,4730,5100,1980,2060,2440,1340,930,1060,5330,900,3930
2018_05,22時,3900,3930,930,2040,2180,1040,930,680,5810,930,1560,4020,4080,1440,1880,2150,1020,810,780,5560,660,2230
2018_05,23時,3630,3530,840,1910,2080,960,710,650,5870,830,950,3630,3520,1100,1700,2000,830,760,730,5510,540,1440
2018_05,24時,3430,3280,850,1670,2040,850,640,640,5830,690,660,3330,3270,970,1520,1970,740,720,670,5700,510,770
2018_05,25時,3480,3320,870,1690,2060,900,640,620,5890,680,710,3330,3290,960,1530,1970,770,710,670,5680,510,800
2018_05,26時,3460,3220,770,1750,2030,890,630,580,5900,660,590,3300,3270,920,1540,1950,760,710,670,5650,510,790
2018_05,27時,3470,3310,790,1800,1990,900,690,590,5910,650,700,3290,3350,930,1570,1920,790,740,670,5640,510,880
2018_05,28時,3380,3310,740,1740,2000,920,700,580,5820,650,700,3300,3340,950,1520,1940,780,770,660,5630,520,870
2018_06,5時,3750,4160,830,1900,2050,920,780,1410,6300,710,1300,3800,3920,630,2150,2030,880,740,1270,5950,600,1550
2018_06,6時,3900,4030,770,1950,2070,950,810,1350,5930,870,1540,3820,4120,680,2090,2140,880,810,1320,5880,710,1730
2018_06,7時,4220,4050,650,2080,2220,850,1270,1180,5040,1790,1850,4150,4110,700,2090,2300,910,1010,1240,5660,1010,1980
2018_06,8時,4130,4940,1000,2470,2180,830,1410,1170,3590,3620,2410,4670,4750,1180,2280,2430,1090,1000,1420,5160,2230,2400
2018_06,9時,4210,5750,1200,2490,2180,880,1610,1580,2750,3840,3710,5190,5730,1550,2410,2380,1400,1340,1820,4570,2450,4260
2018_06,10時,4600,6350,1330,2740,2420,1010,1940,1500,2440,3890,4900,6090,6860,1710,2740,2940,1750,1800,1990,3920,2630,6740
2018_06,11時,4780,7330,1510,2860,2670,1230,2210,1620,2320,4020,6070,7240,8080,2340,3130,3320,2140,2190,2180,3790,2510,9350
2018_06,12時,5180,7800,1750,2990,2720,1410,2330,1760,2290,4180,6790,7410,8310,2450,3180,3540,2230,2090,2210,3630,2570,9860
2018_06,13時,4990,7770,1890,2830,2640,1500,2240,1650,2310,4250,6520,7300,8180,2420,3270,3600,2190,2090,1890,3640,2590,9610
2018_06,14時,4920,7320,1930,2710,2490,1430,2040,1610,2460,4140,5990,7380,8400,2290,3630,3840,2120,2100,1780,3740,2560,9830
2018_06,15時,4890,6820,1780,2730,2430,1380,1800,1570,2550,4120,5390,7270,8460,2370,3520,3840,2110,2230,1650,3820,2560,9680
2018_06,16時,4830,6500,1770,2680,2400,1360,1720,1380,2650,3970,5090,7210,7900,2380,3390,3730,2070,1990,1510,3980,2490,8940
2018_06,17時,4750,6510,1760,2780,2370,1310,1730,1280,2920,3650,5060,6760,7440,2270,3390,3490,1830,1790,1420,4300,2350,7880
2018_06,18時,4440,6310,1770,2580,2330,1320,1620,1110,3550,2830,4750,6320,7160,2240,3070,3300,1760,1690,1400,4760,1970,7080
2018_06,19時,4690,5760,1650,2640,2350,1320,1380,1100,4240,2200,4400,6050,6750,1980,3030,3240,1810,1440,1280,5100,1680,6340
2018_06,20時,4630,5120,1400,2530,2310,1240,1210,1040,4880,1500,3750,5680,5820,1690,2780,3120,1640,1250,1000,5300,1340,5190
2018_06,21時,4450,4540,1260,2380,2130,1140,1080,990,5380,1120,2880,5070,4950,1420,2510,2660,1380,1070,960,5590,1130,3680
2018_06,22時,4050,4030,890,2210,2060,1000,880,1030,5740,920,1790,4230,3920,990,2200,2190,1040,810,900,5760,900,1860
2018_06,23時,3770,3640,760,2070,2030,900,700,940,5770,780,1240,3750,3630,820,2050,2010,890,770,840,5730,790,1220
2018_06,24時,3620,3490,800,1820,1980,840,660,990,5850,690,950,3580,3080,620,1860,1970,770,710,710,5790,660,580
2018_06,25時,3650,3580,790,1870,2000,900,660,990,5940,700,970,3630,3200,590,1940,2000,810,700,770,5900,680,640
2018_06,26時,3610,3550,740,1900,1970,900,650,990,5980,690,880,3600,3170,570,1940,1980,800,700,770,5860,660,640
2018_06,27時,3620,3680,730,1960,1960,920,710,1010,6010,690,990,3620,3280,590,1930,1970,830,750,800,5870,660,740
2018_06,28時,3590,3660,700,1960,1940,920,700,1000,5960,700,990,3630,3280,620,1940,1950,820,760,790,5890,670,720
2018_07,5時,3610,3680,810,1950,2020,890,700,910,5930,710,1100,3340,3510,660,1840,1970,790,700,870,5520,790,980
2018_07,6時,3730,3660,800,1930,2070,900,750,920,5810,840,1210,3420,3510,630,1840,2030,810,760,840,5400,850,1110
2018_07,7時,4050,3840,950,2010,2090,910,1080,820,5010,1820,1520,3740,3640,780,1940,2090,830,920,800,5260,1130,1430
2018_07,8時,3880,4800,1180,2220,2180,870,1230,980,3450,3700,2030,4370,4590,1390,2160,2230,1020,1010,1120,4700,2430,2250
2018_07,9時,4050,5560,1490,2370,2260,900,1330,1240,2750,3970,3270,5040,5680,1690,2530,2460,1290,1310,1410,4350,2670,4090
2018_07,10時,4290,6390,1600,2490,2550,1070,1730,1230,2470,4030,4540,5930,7000,2270,2920,2990,1710,1740,1280,4000,2610,6700
2018_07,11時,4650,7370,1660,2560,2800,1340,2140,1510,2420,4120,5870,6520,7860,2420,3390,3320,2070,1970,1200,3770,2650,8360
2018_07,12時,5160,7750,1980,2730,2890,1510,2260,1520,2470,4290,6520,6800,8620,2560,3640,3690,2130,2050,1330,3740,2660,9410
2018_07,13時,5020,7660,2010,2640,2890,1530,2190,1410,2380,4270,6420,7050,8730,2510,3620,3750,2190,1990,1710,3610,2610,9930
2018_07,14時,4970,7470,2040,2640,2850,1520,2050,1330,2480,4200,6160,6940,8760,2310,3880,3670,2230,1960,1640,3530,2570,9940
2018_07,15時,5060,7110,1990,2660,2730,1510,1960,1320,2510,4230,5830,7060,9240,2640,3940,3880,2210,1940,1680,3620,2630,10400
2018_07,16時,4860,6730,1860,2650,2580,1430,1810,1240,2620,4030,5360,6720,9060,2680,3860,3780,2120,1870,1440,3870,2590,9710
2018_07,17時,4760,6310,1690,2720,2490,1320,1710,1110,2760,3730,4990,6580,8420,2550,3680,3630,2050,1750,1320,4000,2500,8900
2018_07,18時,4570,6070,1790,2480,2470,1350,1610,930,3410,3110,4550,6130,7900,2280,3420,3310,1990,1650,1360,4230,2270,7940
2018_07,19時,4610,5620,1690,2490,2450,1380,1360,840,4070,2420,4190,6070,7010,2300,3150,3130,1790,1400,1290,4690,1930,6870
2018_07,20時,4540,4930,1480,2420,2340,1280,1160,770,4600,1550,3770,5530,5860,1810,2790,2960,1570,1180,1060,5090,1460,5260
2018_07,21時,4250,4420,1300,2310,2210,1110,1090,660,5060,1210,2850,4750,4780,1460,2410,2520,1260,970,900,5270,1260,3420
2018_07,22時,3920,3810,920,2240,2040,980,860,680,5370,1010,1800,4040,3820,1030,2120,2070,1020,780,820,5420,950,1900
2018_07,23時,3600,3600,860,2130,1950,890,700,650,5410,910,1330,3580,3520,880,1850,2010,820,720,810,5400,860,1260
2018_07,24時,3300,3190,780,1770,1890,790,640,610,5520,730,690,3350,3290,830,1760,1950,780,610,700,5560,800,740
2018_07,25時,3380,3300,810,1800,1930,850,630,650,5640,700,780,3450,3320,830,1810,1970,810,600,730,5600,810,810
2018_07,26時,3420,3240,780,1820,1930,850,610,650,5680,700,710,3490,3320,830,1860,1980,820,590,720,5640,810,810
2018_07,27時,3440,3270,710,1890,1900,880,660,650,5660,700,790,3430,3380,800,1880,1950,840,630,700,5640,810,820
2018_07,28時,3320,3340,670,1880,1880,890,660,670,5630,700,780,3420,3340,770,1890,1890,840,650,700,5610,800,800
2018_08,5時,3700,3040,620,1680,2050,850,730,780,5420,350,1220,3560,2950,820,1640,2070,750,680,540,5150,280,1270
2018_08,6時,3820,3090,700,1680,2050,840,830,790,5340,580,1250,3640,3010,860,1680,2050,770,750,540,5060,480,1310
2018_08,7時,3770,3650,810,1790,2070,840,1030,880,4790,1170,1720,3620,3320,1010,1750,2030,740,880,500,4770,760,1590
2018_08,8時,3670,4890,1200,2040,2140,870,1210,1070,3590,2690,2660,4070,4100,1410,1930,2260,860,1020,680,4300,1400,2640
2018_08,9時,3830,5750,1390,2190,2270,960,1260,1490,2870,3080,3830,4740,4760,1570,2060,2580,1070,1310,900,3960,1650,4050
2018_08,10時,4180,6530,1660,2270,2600,1170,1500,1490,2530,3240,5070,6010,6120,1860,2860,3170,1450,1770,1000,3830,1910,6550
2018_08,11時,4540,7410,1740,2400,2810,1440,1890,1640,2490,3340,6260,6660,7170,1980,3280,3490,1860,1990,1220,3680,1940,8380
2018_08,12時,4950,7900,1970,2670,2890,1560,2040,1710,2370,3500,7120,7150,7500,2040,3410,3690,1960,2250,1280,3430,1990,9390
2018_08,13時,5010,8070,1960,2790,2970,1600,2030,1700,2370,3530,7360,7060,7730,2520,3150,3720,1960,2150,1270,3240,1990,9730
2018_08,14時,4950,7620,1910,2710,2980,1550,1880,1530,2290,3510,6990,6910,8040,2600,3210,3870,1930,2190,1110,3200,1980,9920
2018_08,15時,4930,7360,1860,2730,2970,1480,1780,1450,2350,3540,6640,6870,7900,2640,3070,3980,1990,1910,1160,3180,1880,9840
2018_08,16時,4960,6810,1900,2550,2850,1430,1740,1280,2570,3440,6010,6670,7250,2430,2920,3750,1990,1720,1090,3330,1860,8850
2018_08,17時,5020,6310,1840,2530,2740,1390,1740,1070,2760,3200,5620,6600,6530,2230,3030,3430,1900,1540,980,3450,1670,8130
2018_08,18時,4860,5890,1590,2450,2680,1440,1580,990,3240,2530,5210,6320,6070,1910,3110,3210,1760,1370,1000,3840,1370,7280
2018_08,19時,5050,5080,1370,2350,2660,1440,1310,980,3830,1790,4760,6070,5270,1590,2900,3090,1650,1200,890,4220,1140,6080
2018_08,20時,4890,4360,1090,2250,2590,1300,1140,860,4330,1120,4040,5410,4720,1380,2480,2970,1500,1120,660,4430,840,4980
2018_08,21時,4520,3860,980,2000,2380,1140,1080,780,4770,820,3030,4700,4060,1310,2150,2510,1280,940,560,4710,680,3530
2018_08,22時,4230,3350,850,1920,2170,960,910,750,5050,640,2140,3930,3450,830,1980,2150,1010,780,620,4900,470,2170
2018_08,23時,3840,3020,720,1790,2030,820,740,730,5070,480,1560,3600,3040,730,1770,2060,820,690,550,4890,370,1540
2018_08,24時,3500,2670,630,1520,2020,770,630,590,5150,320,950,3300,2520,540,1460,1940,720,620,520,4980,220,790
2018_08,25時,3530,2740,610,1540,2020,820,620,650,5260,310,950,3390,2550,540,1520,1950,750,630,540,5040,200,870
2018_08,26時,3530,2810,640,1540,2010,850,620,680,5290,300,1000,3410,2580,600,1480,1980,750,620,540,5070,200,890
2018_08,27時,3580,2920,670,1570,2020,860,670,690,5320,300,1130,3400,2610,570,1470,1970,770,670,540,5050,200,940
2018_08,28時,3530,2970,680,1580,1960,860,690,700,5270,310,1180,3410,2660,610,1510,1950,750,690,540,5090,210,950
2018_09,5時,3690,3070,790,1710,2070,960,870,350,5580,400,1130,3750,2840,710,1550,2050,840,1030,390,5260,340,1270
2018_09,6時,3780,3170,1040,1690,2060,900,940,300,5490,650,1160,3860,2950,820,1590,2060,830,1060,440,5170,550,1380
2018_09,7時,3970,3540,1100,1760,2100,940,1170,420,4990,1170,1700,4010,3260,910,1690,2170,860,1150,460,4970,810,1770
2018_09,8時,3820,4580,1390,2100,2230,930,1220,520,3440,3110,2330,4560,4470,1710,1900,2400,1070,1260,670,4590,1840,2880
2018_09,9時,3900,5390,1650,2190,2360,1060,1250,760,2700,3570,3300,5300,5490,1960,2400,2560,1430,1460,960,4180,2250,4620
2018_09,10時,4100,6060,1630,2390,2600,1240,1430,850,2260,3840,4300,6070,6480,2150,2830,2990,1670,1820,1060,3830,2440,6530
2018_09,11時,4310,6750,1560,2550,2790,1470,1820,840,2080,3970,5250,6530,7640,2380,3110,3430,1920,2210,1110,3560,2490,8360
2018_09,12時,4570,6910,1770,2520,2860,1590,1940,790,2070,4130,5530,6950,8440,2550,3460,3780,1960,2320,1300,3370,2600,9660
2018_09,13時,4530,6890,1640,2580,2950,1600,1880,750,2110,4190,5400,7060,8640,2510,3680,3800,2020,2240,1420,3220,2630,10100
2018_09,14時,4430,6640,1610,2410,2920,1560,1760,790,2090,4170,5120,7200,8800,2660,3770,3930,2120,2180,1330,3200,2640,10380
2018_09,15時,4340,6540,1660,2360,2740,1490,1720,900,2130,4210,4840,7120,8600,2680,3700,3980,2110,2010,1230,3290,2740,9940
2018_09,16時,4260,6070,1730,2300,2650,1360,1600,680,2300,4060,4270,6870,8310,2820,3380,3910,1970,1870,1220,3480,2620,9330
2018_09,17時,4190,5600,1490,2250,2600,1330,1540,560,2520,3660,3920,6590,7060,2420,3120,3530,1760,1690,1110,3680,2440,7780
2018_09,18時,4270,5220,1350,2140,2640,1340,1510,500,3150,2870,3800,5920,6310,1970,2840,3220,1690,1550,940,3820,2080,6590
2018_09,19時,4480,4790,1220,2180,2590,1360,1410,490,3880,2160,3550,5690,5580,1750,2690,3020,1530,1340,940,4140,1750,5670
2018_09,20時,4410,4050,1100,2070,2420,1220,1160,480,4300,1360,3130,5490,4870,1520,2480,2870,1340,1290,840,4510,1220,4900
2018_09,21時,4200,3470,890,1900,2220,1110,1090,440,4700,900,2400,5040,4240,1330,2280,2570,1190,1190,710,4780,860,3930
2018_09,22時,3940,3000,670,1810,2120,950,960,400,4910,670,1690,4240,3590,1050,1930,2220,1010,970,630,4900,640,2570
2018_09,23時,3720,2610,580,1670,2030,840,820,370,4920,530,1210,3820,3140,700,1830,2080,880,890,560,4960,430,1850
2018_09,24時,3460,2530,610,1420,2050,830,750,300,5130,410,790,3550,2800,750,1450,2030,770,820,510,5120,320,1210
2018_09,25時,3510,2660,650,1440,2060,900,760,340,5270,400,830,3580,2850,730,1470,2050,810,830,530,5230,320,1180
2018_09,26時,3540,2650,690,1460,2050,910,750,330,5370,390,760,3590,2890,770,1500,2050,820,800,530,5240,320,1220
2018_09,27時,3530,2870,720,1510,2050,920,860,320,5390,390,940,3620,2970,740,1560,2040,830,890,510,5260,320,1310
2018_09,28時,3510,2900,730,1530,2000,930,890,330,5390,390,970,3550,2990,740,1590,1950,830,890,510,5220,330,1300
2018_10,5時,3500,3190,390,1570,2150,880,1040,630,5210,420,1410,3420,2920,430,1590,2040,750,990,530,4890,380,1380
2018_10,6時,3640,3270,520,1610,2210,890,1090,570,5030,640,1600,3550,3180,650,1660,2120,720,1060,500,4910,640,1490
2018_10,7時,3840,3620,460,1760,2310,940,1360,600,4500,1260,2060,3910,3430,690,1890,2300,780,1160,520,4680,960,2040
2018_10,8時,3720,4420,670,2010,2450,930,1350,710,3150,2870,2640,4110,4270,1200,1990,2260,940,1210,740,4080,1840,2760
2018_10,9時,3930,5190,940,1950,2590,1020,1460,1130,2380,3250,3810,4990,4880,1560,2300,2530,1200,1350,900,3750,2290,4100
2018_10,10時,4010,6180,990,2120,2810,1190,1720,1350,1980,3500,4960,5860,5920,1870,2830,2960,1470,1700,930,3460,2550,6050
2018_10,11時,4220,6800,950,2290,2910,1400,2060,1390,1900,3580,5780,6320,7290,2190,3060,3290,1750,2050,1250,3280,2650,7990
2018_10,12時,4530,7110,1150,2360,3070,1490,2150,1410,1880,3750,6270,6930,7810,2520,3310,3560,1900,2000,1430,3140,2780,9120
2018_10,13時,4720,7200,1320,2430,3050,1590,2140,1380,1960,3860,6400,7020,8340,2470,3440,3720,1950,2250,1520,3090,2750,9830
2018_10,14時,4690,6810,1390,2310,2940,1530,2020,1290,2030,3850,5930,7200,8550,2450,3480,4030,1940,2260,1580,3050,2750,10260
2018_10,15時,4600,6600,1390,2310,2890,1450,1880,1260,2150,3880,5500,7240,8290,2660,3440,4020,1980,2150,1270,3120,2770,9930
2018_10,16時,4500,6170,1550,2320,2850,1310,1700,940,2310,3710,5020,7200,7830,2670,3500,3920,1940,2030,950,3260,2630,9430
2018_10,17時,4520,5810,1420,2350,2800,1290,1690,770,2520,3590,4600,6750,7130,2580,3200,3590,1840,1760,900,3500,2470,8220
2018_10,18時,4410,5530,1360,2260,2720,1280,1710,600,3010,2940,4380,6590,6600,2490,3120,3510,1710,1590,740,3870,2200,7420
2018_10,19時,4400,5260,1240,2240,2700,1300,1560,590,3670,2170,4200,6270,5840,2080,2790,3500,1610,1510,610,4260,1720,6470
2018_10,20時,4310,4640,1160,2120,2620,1130,1330,580,4170,1520,3660,5680,4990,1760,2400,3230,1400,1420,440,4540,1340,5120
2018_10,21時,4210,4030,1110,1980,2400,1040,1200,500,4530,1160,2950,4840,4250,1470,2200,2650,1180,1180,380,4720,1100,3620
2018_10,22時,3880,3380,840,1800,2190,940,1010,470,4860,830,1980,4130,3640,1150,2030,2340,910,970,340,4900,760,2460
2018_10,23時,3610,2940,580,1700,2090,840,910,420,4920,580,1460,3680,3210,900,1820,2170,750,900,340,4960,520,1780
2018_10,24時,3270,2660,380,1520,2050,780,840,340,4890,380,990,3300,2690,490,1640,2110,640,800,280,4940,410,990
2018_10,25時,3240,2770,330,1490,2100,840,840,390,4960,380,1000,3390,2690,520,1630,2120,690,820,290,5020,410,1010
2018_10,26時,3240,2780,320,1460,2100,860,840,420,4940,380,1030,3360,2630,460,1600,2110,690,810,310,5040,410,900
2018_10,27時,3210,2950,310,1510,2090,860,950,410,4890,380,1220,3310,2790,430,1630,2060,720,890,350,4980,410,1070
2018_10,28時,3250,2960,320,1510,2060,860,970,480,4900,390,1250,3370,2800,480,1630,2030,730,900,380,4990,410,1120
2018_11,5時,3700,3170,720,1630,2040,910,1020,530,5550,1070,940,3330,3240,520,1530,1990,800,1060,640,5060,1020,1130
2018_11,6時,3920,3370,920,1670,2190,880,1140,490,5500,1430,1050,3510,3430,650,1640,2040,750,1110,730,4970,1240,1370
2018_11,7時,4160,3810,820,1880,2290,920,1460,580,5030,2160,1480,3730,3630,690,1740,2210,820,1230,650,4770,1580,1630
2018_11,8時,3920,4640,890,2080,2410,930,1540,690,3550,3930,1940,4180,4320,1270,1800,2330,1010,1390,670,4290,2590,2190
2018_11,9時,4110,5290,1140,2030,2550,1000,1590,1070,2630,4310,3100,5260,5430,1760,2250,2670,1320,1640,1030,4090,3140,4030
2018_11,10時,4370,5970,1170,2120,2840,1170,1850,1160,2270,4220,4430,6080,6170,2110,2610,2970,1670,1850,1020,3530,3040,6240
2018_11,11時,4770,6770,1200,2400,2970,1350,2180,1420,2200,4380,5530,6820,7320,2220,2960,3530,1970,2160,1280,3270,3000,8350
2018_11,12時,4860,6890,1270,2330,3020,1500,2210,1410,2160,4530,5590,7310,8140,2660,3130,3720,2060,2400,1470,3330,3280,9360
2018_11,13時,4670,6920,1280,2250,3060,1570,2150,1270,2200,4610,5350,7650,7840,2830,3030,3760,2040,2260,1550,3010,3210,9780
2018_11,14時,4680,6830,1270,2320,3060,1500,2010,1330,2280,4590,5230,7870,8220,2890,3330,4170,2000,2200,1490,3080,3170,10370
2018_11,15時,4670,6290,1230,2310,2920,1380,1860,1220,2350,4520,4670,7650,8520,3090,3380,4090,2050,2090,1450,3100,3170,10420
2018_11,16時,4570,5840,1340,2270,2830,1280,1730,940,2450,4370,4170,7670,7970,2830,3350,4100,1990,2010,1350,3420,3030,9670
2018_11,17時,4640,5790,1390,2360,2800,1250,1730,870,2680,4290,4080,7400,7190,2500,3210,3850,1900,1830,1280,3670,2940,8520
2018_11,18時,4830,5480,1440,2320,2810,1250,1750,720,3150,3840,3970,6770,6610,2310,3000,3540,1820,1710,1000,4060,2590,7270
2018_11,19時,4790,5160,1410,2380,2730,1290,1460,670,3960,2990,3650,6520,6210,2440,2710,3360,1790,1600,820,4410,2190,6670
2018_11,20時,4650,4670,1290,2260,2620,1200,1320,620,4400,2290,3290,5940,5470,2090,2500,3020,1560,1450,770,4610,1840,5540
2018_11,21時,4350,4020,1080,2000,2410,1070,1240,540,4740,1860,2440,5160,4590,1530,2390,2630,1220,1300,660,4850,1470,4030
2018_11,22時,3960,3310,770,1920,2170,910,1050,430,5110,1450,1390,3970,3810,1080,2030,2140,890,1040,580,5010,1250,2130
2018_11,23時,3830,3040,770,1840,2030,850,950,430,5260,1220,1080,3590,3340,770,1780,2020,780,990,570,5080,960,1500
2018_11,24時,3480,2850,670,1620,1970,760,860,440,5330,1030,660,3340,3030,630,1580,1990,750,900,510,5220,960,850
2018_11,25時,3410,2920,580,1620,1980,820,870,450,5380,1030,620,3380,3050,630,1560,2010,780,900,540,5270,960,870
2018_11,26時,3390,2920,560,1570,2010,830,870,450,5360,1020,620,3390,3070,630,1540,2040,790,920,540,5250,960,920
2018_11,27時,3410,3060,560,1590,2000,860,970,470,5350,1020,780,3380,3170,630,1570,2020,800,990,540,5270,960,990
2018_11,28時,3430,3050,560,1570,1960,880,960,530,5340,1030,800,3370,3180,630,1540,1960,800,990,610,5260,960,990
2018_12,5時,3900,3180,960,1600,2030,900,1010,550,5770,600,1220,3790,3240,680,1740,1950,890,1110,660,5300,640,1580
2018_12,6時,4050,3350,1120,1690,2060,900,1080,520,5680,830,1390,3870,3420,860,1740,1980,840,1120,720,5150,920,1710
2018_12,7時,4440,3720,1150,1850,2260,920,1410,560,5250,1620,1810,4140,3720,850,1850,2150,890,1370,730,4940,1310,2110
2018_12,8時,3910,4500,920,2200,2340,840,1410,680,3650,3230,2300,4480,4420,1220,2010,2310,1050,1420,890,4490,2090,2810
2018_12,9時,3880,5020,1040,2070,2380,930,1450,1020,2800,3490,3110,5280,4930,1560,2190,2670,1280,1500,1000,4130,2390,4150
2018_12,10時,4090,5790,1060,2310,2660,1080,1650,1100,2490,3530,4310,6080,6060,1880,2520,3140,1600,1750,1230,3750,2520,6280
2018_12,11時,4460,6510,1080,2430,2910,1260,1950,1320,2420,3610,5390,7050,7250,1990,3140,3540,1970,2210,1450,3630,2590,8500
2018_12,12時,4750,6970,1280,2430,3070,1370,2120,1430,2410,3830,5930,7670,8060,2310,3510,3920,1990,2450,1530,3470,2610,10070
2018_12,13時,4640,7080,1310,2450,3060,1430,2070,1380,2320,3900,5960,8120,7910,2410,3650,3900,2080,2340,1620,3270,2630,10530
2018_12,14時,4610,6880,1310,2520,3050,1390,1970,1230,2360,3820,5730,7920,7890,2220,3670,4080,2020,2250,1560,3300,2650,10220
2018_12,15時,4520,6640,1380,2510,2870,1330,1900,1170,2370,3780,5450,7820,7810,2280,3690,4160,1940,2160,1380,3320,2620,10040
2018_12,16時,4490,6230,1380,2480,2770,1270,1820,980,2550,3770,4860,7890,7390,2390,3610,3990,1930,1900,1420,3410,2550,9680
2018_12,17時,4520,5800,1260,2390,2800,1240,1710,890,2770,3610,4400,7160,6700,2140,3290,3720,1880,1700,1120,3470,2430,8310
2018_12,18時,4500,5430,1230,2260,2790,1270,1670,690,3230,2950,4210,6840,6250,1960,3070,3640,1860,1610,920,3890,2060,7530
2018_12,19時,4800,5160,1310,2360,2640,1340,1570,720,3870,2290,4250,6580,5840,1810,2940,3450,1760,1520,930,4190,1700,6940
2018_12,20時,4880,4790,1420,2360,2560,1220,1360,730,4520,1770,3850,6410,5140,1750,2750,3060,1580,1460,930,4500,1400,6050
2018_12,21時,4530,4190,1380,2080,2330,1110,1230,570,4960,1360,2880,5460,4430,1520,2340,2660,1350,1300,690,4790,1100,4440
2018_12,22時,4180,3510,1090,1930,2130,970,1050,490,5180,1080,1930,4590,3480,1120,2030,2240,1030,1100,520,4980,860,2690
2018_12,23時,3950,3070,930,1830,1990,870,940,450,5320,820,1380,4050,2850,900,1730,1950,890,910,490,4980,620,1750
2018_12,24時,3670,2890,870,1570,1940,800,900,460,5390,620,1050,3740,2720,870,1550,1840,800,890,490,5130,540,1230
2018_12,25時,3720,2970,890,1590,1950,860,900,480,5550,600,1040,3820,2830,920,1620,1850,830,910,500,5240,540,1300
2018_12,26時,3660,2960,870,1500,1990,880,880,470,5590,560,970,3750,2850,870,1610,1860,830,920,490,5240,530,1260
2018_12,27時,3690,3090,840,1590,1980,900,980,480,5570,560,1160,3800,3070,900,1650,1870,850,1050,530,5280,530,1500
2018_12,28時,3660,3110,840,1600,1910,890,980,530,5550,560,1160,3860,3080,920,1660,1850,850,1080,570,5290,570,1530
2019_01,5時,3650,3170,710,1850,1930,850,970,500,5680,510,1070,3580,2730,520,1790,1790,790,950,440,5190,400,1030
2019_01,6時,3750,3420,840,1920,1950,850,1020,570,5510,730,1360,3610,2720,580,1790,1840,760,940,400,5130,490,1020
2019_01,7時,4070,3590,850,2010,2080,930,1270,500,5110,1250,1730,3870,2930,590,1890,1960,820,1120,400,4960,820,1310
2019_01,8時,3750,4180,690,2030,2210,870,1410,700,3720,2360,2450,4130,3710,690,2160,2140,990,1190,660,4590,1430,2140
2019_01,9時,3800,4560,780,2020,2250,980,1480,830,2890,2670,3200,4970,4440,1050,2340,2560,1170,1370,900,4260,1750,3700
2019_01,10時,4030,5190,830,2200,2470,1120,1650,930,2640,2750,4150,5790,5480,1420,2770,2860,1440,1670,1090,4010,1840,5670
2019_01,11時,4490,5990,980,2440,2670,1310,1940,1110,2570,2910,5310,6290,6140,1440,2940,3160,1640,1980,1240,3850,1900,6950
2019_01,12時,4800,6310,1140,2590,2840,1460,2030,1030,2570,3060,5800,6510,6760,1710,2950,3260,1700,2070,1560,3690,1980,7850
2019_01,13時,4720,6330,1170,2540,2920,1520,1890,990,2520,3040,5820,6750,7160,1970,3200,3500,1850,1950,1420,3500,2000,8670
2019_01,14時,4720,6250,1020,2590,2950,1490,1850,1050,2630,3010,5660,7030,7100,1920,3330,3730,1960,1810,1370,3560,1970,8860
2019_01,15時,4730,5950,1110,2470,2890,1420,1760,1010,2660,3030,5340,6690,6760,1710,3320,3640,1860,1660,1230,3520,1950,8240
2019_01,16時,4590,5390,1020,2360,2850,1250,1690,790,2750,3040,4550,6810,6770,1920,3380,3640,1860,1580,1190,3610,1920,8310
2019_01,17時,4610,5140,940,2440,2830,1250,1590,670,3020,2930,4170,6830,6410,1830,3310,3620,1830,1530,1100,3930,1710,7870
2019_01,18時,4510,4680,840,2290,2720,1260,1490,570,3480,2260,3820,6530,5630,1810,3010,3350,1740,1330,900,4280,1420,6770
2019_01,19時,4470,4360,720,2320,2710,1220,1350,500,4110,1660,3440,5920,4890,1580,2570,3040,1590,1260,740,4540,1220,5370
2019_01,20時,4490,4220,880,2360,2590,1120,1280,460,4680,1310,3100,5370,4280,1390,2320,2710,1400,1110,700,4780,1040,4160
2019_01,21時,4290,3850,950,2250,2280,1030,1190,420,5070,1110,2360,4690,3790,1230,2220,2320,1070,1010,610,5030,850,2950
2019_01,22時,3960,3330,740,2130,2070,900,1020,400,5320,880,1490,4050,3230,960,2090,1930,880,910,490,5190,700,1710
2019_01,23時,3810,2950,650,2030,1920,810,950,370,5420,660,1080,3800,2850,730,1970,1780,770,890,490,5220,490,1260
2019_01,24時,3590,2810,630,1740,1880,810,880,430,5500,470,830,3570,2610,600,1780,1760,740,800,470,5310,420,810
2019_01,25時,3650,2860,670,1750,1890,860,890,430,5570,480,870,3620,2620,620,1780,1770,750,810,490,5360,420,810
2019_01,26時,3660,2840,660,1720,1930,860,880,430,5530,470,900,3680,2620,620,1810,1800,760,800,500,5360,420,890
2019_01,27時,3640,3000,660,1780,1920,850,970,430,5510,480,1060,3660,2750,600,1840,1790,780,890,500,5340,420,1010
2019_01,28時,3550,3030,670,1790,1830,860,950,440,5490,490,1010,3600,2750,580,1850,1750,770,890,500,5310,420,980
2019_02,5時,3720,3540,570,2020,2150,950,930,610,5790,460,1400,3560,3280,330,1840,2140,840,950,720,5210,440,1530
2019_02,6時,3940,3630,690,2010,2260,970,1030,580,5740,650,1550,3640,3360,510,1790,2150,830,970,730,5110,610,1610
2019_02,7時,4280,3870,750,2100,2390,1020,1250,610,5330,1260,1930,3900,3530,580,1960,2150,890,1140,690,4930,1070,1770
2019_02,8時,4000,4240,570,2230,2340,970,1340,780,3740,2450,2630,3970,4250,690,2080,2190,1080,1270,900,4460,1660,2410
2019_02,9時,4130,4840,670,2300,2400,1010,1440,1130,2940,2790,3590,4890,5200,1150,2260,2530,1350,1480,1300,4290,2000,4100
2019_02,10時,4290,5250,710,2380,2480,1110,1710,1120,2560,2820,4450,5610,6160,1330,2560,2920,1640,1760,1530,4000,2100,5990
2019_02,11時,4520,5940,770,2550,2690,1350,1920,1160,2480,2960,5310,6420,7070,1540,2930,3320,1900,2030,1750,3750,2160,7860
2019_02,12時,4820,6390,950,2660,2820,1470,2060,1220,2520,3130,5840,6810,7790,1860,3100,3530,2000,2300,1800,3540,2220,9100
2019_02,13時,4590,6450,980,2590,2770,1490,1930,1270,2480,3130,5730,6900,7950,1960,3120,3640,2160,2200,1750,3450,2200,9460
2019_02,14時,4630,6010,880,2610,2760,1400,1880,1090,2600,3110,5280,6820,7740,1890,3080,3600,2160,2100,1710,3350,2190,9300
2019_02,15時,4660,5620,950,2490,2790,1320,1790,930,2690,3090,4860,6540,7500,1760,3060,3610,2180,1880,1530,3310,2160,8820
2019_02,16時,4510,5240,980,2400,2690,1320,1520,820,2770,3030,4330,6690,7280,1800,3110,3700,2270,1690,1390,3480,2110,8590
2019_02,17時,4630,5110,970,2440,2690,1280,1520,830,3140,2900,4100,6480,6570,1800,2990,3560,2070,1480,1110,3770,1930,7560
2019_02,18時,4410,4880,930,2440,2620,1250,1380,650,3740,2270,3700,6150,6140,1730,2900,3310,1830,1380,1120,4070,1530,6940
2019_02,19時,4600,4840,1000,2520,2620,1300,1310,670,4360,1820,3680,5720,5500,1630,2670,3160,1680,1310,750,4430,1190,5850
2019_02,20時,4820,4520,1200,2510,2560,1200,1260,610,4830,1430,3500,5330,4740,1570,2380,2760,1430,1140,770,4680,1040,4640
2019_02,21時,4680,4220,1120,2420,2460,1080,1200,590,5210,1200,2910,4880,4100,1300,2160,2560,1250,1020,670,4890,910,3510
2019_02,22時,4310,3700,800,2370,2270,980,1050,530,5430,900,2100,4320,3550,890,2070,2280,1060,930,620,5050,710,2450
2019_02,23時,3910,3420,480,2290,2160,910,950,530,5510,720,1530,3830,3170,500,1960,2120,920,870,620,5050,560,1760
2019_02,24時,3640,3230,470,1980,2090,910,860,550,5610,460,1180,3320,3010,260,1750,2030,830,800,630,5190,380,1100
2019_02,25時,3650,3340,470,2020,2090,940,900,560,5680,450,1230,3410,3060,290,1770,2060,870,820,650,5260,390,1170
2019_02,26時,3660,3320,530,1980,2120,940,850,560,5640,440,1280,3480,3080,400,1750,2070,870,790,660,5230,390,1270
2019_02,27時,3750,3460,600,2040,2080,940,980,560,5670,440,1480,3500,3160,400,1790,2040,850,900,660,5220,390,1400
2019_02,28時,3640,3440,570,1990,2050,940,950,560,5630,450,1380,3380,3130,290,1790,2030,840,880,660,5150,390,1310
2019_03,5時,3900,3650,1040,1730,2210,990,940,620,6060,600,1440,3940,3330,1000,1740,2150,960,890,520,5790,620,1360
2019_03,6時,4030,3840,1170,1680,2350,990,1010,670,5950,860,1620,4010,3410,1220,1650,2170,950,880,540,5680,820,1390
2019_03,7時,4290,3730,1010,1640,2530,1000,1170,660,5340,1470,1780,4200,3640,1220,1730,2300,980,1070,510,5570,1080,1710
2019_03,8時,4200,4270,940,1920,2450,950,1300,900,3980,2610,2600,4320,4340,1250,1910,2460,1130,1220,680,5110,1410,2600
2019_03,9時,4090,4840,910,2050,2490,1010,1350,1110,3120,2760,3530,5210,4930,1530,2240,2840,1400,1310,810,4770,1720,4090
2019_03,10時,4320,5330,980,2160,2640,1160,1590,1090,2830,2790,4430,5910,6120,1730,2680,3290,1700,1600,1000,4340,1770,6320
2019_03,11時,4570,6130,1070,2420,2760,1330,1880,1240,2740,2870,5510,6590,7130,1810,3020,3890,1920,1920,1140,3990,1840,8300
2019_03,12時,4620,6480,1180,2340,2980,1490,1910,1180,2660,3000,5830,7030,7690,2030,3110,4080,2020,2180,1290,3840,1910,9390
2019_03,13時,4630,6370,1190,2200,3070,1460,1860,1190,2670,3000,5720,7060,8120,2000,3260,4210,2130,2140,1430,3750,1940,9910
2019_03,14時,4720,6350,1210,2280,3030,1420,1900,1220,2680,2970,5810,7410,8290,2460,3370,4220,2230,1980,1430,3760,1900,10400
2019_03,15時,4820,5880,1130,2370,3030,1380,1750,1020,2740,3010,5350,7280,8000,2230,3470,4120,2220,1850,1380,3700,1840,10080
2019_03,16時,4800,5620,1150,2390,2940,1340,1580,1010,2780,2930,5100,7230,7280,2300,3250,3990,2150,1690,1120,3790,1760,9290
2019_03,17時,4770,5350,1200,2270,2820,1330,1520,960,3040,2850,4660,7000,6860,2360,3090,3710,2000,1710,970,4280,1640,8290
2019_03,18時,4680,5140,1250,2250,2860,1310,1440,690,3620,2130,4500,6790,6240,2210,2880,3580,1980,1550,810,4530,1420,7450
2019_03,19時,4850,5020,1200,2310,2880,1370,1410,680,4280,1710,4310,6610,5750,2260,2840,3280,1830,1470,650,5000,1200,6530
2019_03,20時,4960,4520,1320,2240,2720,1260,1280,630,4770,1240,3900,6190,5140,2170,2460,3090,1640,1380,570,5330,1040,5360
2019_03,21時,4770,4060,1290,2100,2530,1120,1200,580,5200,1050,3050,5580,4320,1970,2150,2700,1340,1200,520,5580,890,3870
2019_03,22時,4600,3550,1210,2010,2320,990,1050,570,5590,890,2180,4710,3670,1660,1810,2360,1080,1000,450,5720,690,2420
2019_03,23時,4040,3280,820,1890,2190,900,970,540,5650,750,1420,4100,3270,1220,1650,2240,960,900,400,5740,560,1520
2019_03,24時,3640,3060,760,1590,2060,870,880,520,5790,580,840,3810,3110,1010,1470,2230,920,780,500,5880,510,1020
2019_03,25時,3750,3140,830,1610,2080,910,910,530,5890,570,950,3830,3130,1000,1470,2230,960,790,500,5910,510,1030
2019_03,26時,3670,3110,840,1530,2100,920,870,510,5810,550,930,3830,3200,1070,1470,2230,950,800,500,5910,510,1120
2019_03,27時,3910,3260,1040,1610,2080,920,950,540,5820,570,1300,3960,3350,1190,1530,2210,960,900,500,5930,520,1360
2019_03,28時,3830,3270,1000,1630,2040,930,910,570,5810,570,1240,3960,3330,1180,1570,2190,960,880,500,5930,540,1320
2019_04,5時,4210,3660,1650,1690,2150,990,960,400,6520,760,1160,4060,3400,1380,1670,2180,890,880,440,6110,750,1110
2019_04,6時,4380,3870,1820,1740,2240,1030,1010,400,6440,1000,1390,4100,3440,1520,1620,2200,890,870,420,5950,970,1130
2019_04,7時,4410,3990,1700,1760,2240,1090,1140,460,5720,1660,1640,4090,3710,1460,1750,2250,880,1010,430,5630,1170,1490
2019_04,8時,4050,4610,1370,2020,2380,990,1200,680,4230,2790,2350,4050,4290,1390,1890,2300,1090,1120,520,5110,1720,2020
2019_04,9時,3960,5340,1430,2140,2540,1050,1260,860,3470,3040,3350,5090,5030,1810,2320,2640,1360,1290,680,4730,2080,3760
2019_04,10時,4190,5760,1350,2220,2760,1150,1480,970,3020,3090,4360,5860,6210,2060,2640,3170,1650,1690,840,4340,2050,6090
2019_04,11時,4440,6430,1470,2290,2880,1320,1790,1100,2900,3270,5200,6620,7390,2260,3030,3520,1990,2010,1170,4060,2080,8270
2019_04,12時,4560,6880,1520,2360,2980,1390,1990,1170,2840,3400,5690,6960,8100,2740,2980,3810,2050,2160,1320,3840,2140,9460
2019_04,13時,4640,6900,1690,2390,2960,1450,1870,1170,2760,3440,5840,7130,7950,2610,3120,3910,2120,2060,1230,3700,2160,9570
2019_04,14時,4550,6490,1600,2300,2890,1370,1710,1140,2780,3320,5420,7040,8130,2430,3300,4080,2150,2000,1200,3610,2230,9700
2019_04,15時,4480,6240,1510,2350,2830,1360,1640,1010,2830,3300,5070,7030,8220,2580,3370,3950,2240,1990,1100,3710,2230,9640
2019_04,16時,4290,6060,1500,2320,2830,1310,1520,850,3050,3230,4540,6840,7660,2460,3300,3910,2100,1740,980,3900,2120,8810
2019_04,17時,4110,5470,1420,2040,2690,1290,1460,660,3210,3080,3720,6670,6710,2320,2950,3710,1960,1640,790,4230,1980,7530
2019_04,18時,4260,5410,1590,2060,2640,1300,1440,630,3880,2600,3630,6300,6150,2310,2710,3430,1880,1410,700,4460,1640,6710
2019_04,19時,4490,5050,1570,2160,2600,1320,1360,510,4460,2060,3460,6190,5880,2130,2780,3310,1820,1360,650,4850,1530,6130
2019_04,20時,4810,4680,1570,2300,2600,1230,1350,420,5030,1590,3320,5960,5280,2160,2620,3000,1620,1280,540,5270,1280,5100
2019_04,21時,4730,4110,1490,2140,2460,1120,1270,350,5450,1340,2540,5220,4490,1880,2220,2630,1370,1100,490,5470,1050,3620
2019_04,22時,4590,3680,1510,2020,2320,970,1090,350,5890,1130,1780,4460,3730,1500,1830,2380,1050,970,440,5650,840,2140
2019_04,23時,4220,3360,1460,1740,2170,890,960,340,6000,980,1130,4020,3330,1320,1560,2190,920,910,430,5640,690,1440
2019_04,24時,3930,3290,1430,1620,2070,880,860,350,6270,740,760,3660,3110,1250,1370,2050,830,840,390,5790,620,820
2019_04,25時,4010,3340,1500,1610,2090,900,890,350,6350,740,830,3700,3180,1270,1380,2090,860,860,410,5870,600,880
2019_04,26時,4010,3370,1530,1600,2100,930,850,350,6290,710,940,3730,3120,1270,1400,2070,850,830,410,5820,590,910
2019_04,27時,4120,3540,1560,1770,2070,950,950,350,6290,710,1210,3770,3190,1250,1430,2050,880,900,410,5840,590,980
2019_04,28時,4030,3550,1570,1720,2040,940,930,350,6320,710,1120,3770,3170,1280,1410,2050,880,870,440,5830,600,980
2019_05,5時,3630,3150,800,1740,2080,820,980,340,5720,540,1000,3320,2760,760,1370,1960,720,820,430,4860,540,1120
2019_05,6時,3820,3450,1070,1780,2180,860,1000,370,5660,860,1250,3340,2940,920,1420,1930,730,860,410,4710,780,1220
2019_05,7時,3970,3580,970,1870,2110,990,1110,470,5050,1440,1590,3520,3250,960,1540,2030,770,970,480,4570,1030,1600
2019_05,8時,3840,4100,820,2080,2260,990,1210,560,3790,2550,2290,3680,3340,860,1640,2060,890,1060,510,4100,1410,1970
2019_05,9時,4010,4900,1010,2440,2280,1120,1320,720,3110,2890,3360,4350,4410,1020,1950,2410,1200,1360,800,3810,1640,3730
2019_05,10時,4260,5790,1130,2620,2470,1230,1610,970,2900,2970,4620,4910,5310,1370,2060,2820,1530,1590,820,3410,1710,5460
2019_05,11時,4520,6300,1240,2550,2630,1370,1800,1200,2710,3210,5340,5790,6620,1800,2600,3280,1800,1840,1080,3440,1930,7430
2019_05,12時,4680,6590,1420,2470,2740,1450,1860,1310,2600,3480,5620,6230,7340,2020,2740,3550,1930,2000,1310,3220,2160,8570
2019_05,13時,4540,6560,1510,2280,2670,1510,1900,1210,2600,3530,5380,6290,7500,2090,2850,3610,1930,2000,1300,3050,2140,8940
2019_05,14時,4590,6180,1320,2390,2600,1490,1830,1130,2800,3510,4880,6080,7490,1980,2970,3540,1850,1970,1230,2990,2100,8800
2019_05,15時,4560,5870,1300,2360,2500,1420,1710,1140,2820,3520,4510,5980,7160,1900,2980,3460,1810,1860,1120,3090,2120,8260
2019_05,16時,4360,5610,1260,2300,2510,1380,1490,990,2950,3470,3940,6160,6840,2000,3050,3390,1780,1660,1110,3300,2060,7940
2019_05,17時,4330,5370,1320,2190,2500,1380,1560,730,3160,3180,3730,5960,6190,1640,2830,3400,1780,1500,990,3490,1860,7140
2019_05,18時,4830,5080,1420,2370,2500,1380,1610,610,3800,2670,3820,5820,5880,1690,2720,3320,1680,1420,840,3800,1670,6570
2019_05,19時,4920,4580,1400,2370,2420,1320,1480,500,4340,2060,3480,5430,5200,1560,2570,3130,1460,1230,670,4160,1400,5430
2019_05,20時,4730,4180,1310,2270,2430,1120,1350,420,4850,1490,2950,4970,4610,1410,2290,2840,1340,1120,560,4370,1230,4360
2019_05,21時,4320,3710,1200,2090,2230,940,1170,370,5160,1240,2050,4560,3980,1240,2210,2510,1080,1030,450,4600,1100,3250
2019_05,22時,4160,3410,1110,2040,2130,840,1080,360,5470,1050,1520,3850,3150,1090,1790,2070,820,840,370,4740,780,1880
2019_05,23時,3770,3100,850,1860,2040,760,990,360,5540,740,1050,3380,2780,840,1580,1900,720,750,350,4740,550,1270
2019_05,24時,3370,3020,800,1660,1990,750,880,270,5640,570,640,2970,2530,680,1380,1800,640,660,330,4760,490,680
2019_05,25時,3450,3060,840,1670,1990,790,900,300,5680,550,750,3070,2580,680,1400,1810,700,680,350,4840,480,750
2019_05,26時,3400,3050,830,1620,2000,790,890,310,5610,530,780,3110,2590,710,1410,1850,680,680,350,4850,480,790
2019_05,27時,3410,3190,800,1670,1990,800,1010,310,5640,510,930,3140,2700,710,1460,1830,700,780,350,4870,470,920
2019_05,28時,3420,3190,810,1660,2020,790,990,320,5640,490,950,3100,2730,710,1440,1850,700,760,360,4860,470,930
2019_06,5時,3850,3210,840,1710,2170,900,980,440,5760,500,1100,3720,3040,790,1720,2240,760,900,320,5550,440,1060
2019_06,6時,4110,3700,1270,1820,2250,950,1020,480,5650,760,1700,3810,3200,1000,1790,2230,760,890,320,5400,690,1200
2019_06,7時,4250,4020,1270,1940,2330,1080,1110,520,5100,1330,2130,3850,3420,1000,1840,2250,790,1020,360,5240,890,1420
2019_06,8時,3930,4220,900,2050,2330,1040,1170,660,3850,2230,2560,4010,3870,960,2020,2250,950,1170,500,4800,1360,2020
2019_06,9時,3720,4760,1050,2160,2180,1090,1190,790,3140,2440,3190,5010,4920,1290,2410,2660,1280,1480,790,4580,1800,3860
2019_06,10時,3940,5230,940,2280,2350,1250,1370,960,2840,2410,4190,5900,5990,1560,2810,3090,1630,1730,1050,4290,1800,6050
2019_06,11時,4260,6190,1080,2400,2550,1420,1790,1190,2780,2590,5340,6520,6980,1620,3080,3630,1920,2020,1220,4070,1860,7830
2019_06,12時,4460,6630,1320,2500,2620,1560,1860,1210,2730,2770,5860,6860,7640,1800,3390,3830,2000,2110,1350,3910,1930,8910
2019_06,13時,4410,6480,1300,2290,2650,1550,1790,1280,2600,2740,5810,6890,7750,1890,3560,3840,2080,1980,1270,3750,1920,9230
2019_06,14時,4240,6070,1300,2140,2540,1430,1690,1190,2720,2620,5230,7160,7970,2070,3690,4010,2030,2010,1310,3610,1880,9890
2019_06,15時,4070,5690,1160,2160,2460,1400,1530,1020,2790,2590,4650,7090,7800,2060,3690,3870,2090,1880,1280,3520,1870,9740
2019_06,16時,4020,5400,1170,2210,2460,1350,1430,760,2980,2590,4140,6750,7250,1940,3370,3770,2030,1720,1150,3730,1790,8690
2019_06,17時,4070,5390,1310,2100,2570,1360,1410,700,3230,2430,4090,6410,6760,2090,3140,3650,1850,1550,870,4050,1790,7580
2019_06,18時,4300,5020,1260,2150,2470,1360,1430,640,3680,1940,3980,6060,6410,1960,2930,3400,1780,1570,810,4390,1590,6760
2019_06,19時,4580,4890,1420,2270,2590,1300,1310,560,4350,1550,3890,5780,5870,1750,2810,3180,1650,1480,760,4700,1310,5920
2019_06,20時,4620,4510,1420,2310,2610,1090,1220,460,4830,1100,3520,5600,5450,1950,2630,3030,1400,1340,680,5020,1070,5220
2019_06,21時,4480,4050,1290,2240,2480,990,1110,400,5260,880,2710,5130,4770,1880,2480,2720,1170,1060,570,5150,850,4200
2019_06,22時,4300,3440,1180,2100,2250,840,990,380,5500,720,1850,4240,3750,1340,2140,2270,930,900,390,5220,670,2390
2019_06,23時,3890,3110,950,1850,2080,780,950,370,5580,610,1140,3750,3190,1070,1760,2080,800,810,390,5270,500,1440
2019_06,24時,3480,2960,790,1650,2030,780,840,320,5600,460,690,3390,2850,830,1600,2040,700,740,320,5320,350,830
2019_06,25時,3540,3020,810,1670,2030,830,860,340,5650,450,770,3450,2890,830,1590,2070,710,760,360,5360,370,860
2019_06,26時,3540,3090,810,1640,2060,850,890,350,5590,420,940,3500,2880,830,1620,2070,710,760,370,5360,360,910
2019_06,27時,3620,3130,800,1730,2020,880,960,340,5560,420,1080,3490,2940,790,1640,2050,710,830,380,5330,360,990
2019_06,28時,3560,3170,780,1690,2030,870,980,350,5550,420,1060,3470,2960,790,1610,2070,710,850,380,5350,370,970
2019_07,5時,4260,3540,1140,1990,2160,1000,1080,410,6670,480,1070,4030,3800,1320,1840,2280,920,1040,420,6560,380,1230
2019_07,6時,4440,3630,1180,2020,2300,1020,1080,440,6600,580,1300,4080,3870,1340,1910,2320,880,1020,440,6500,440,1350
2019_07,7時,4560,4160,1200,2250,2470,1130,1210,450,5990,1330,1840,4340,4050,1420,2060,2410,980,1080,420,6420,730,1620
2019_07,8時,4050,4570,840,2520,2520,1050,1180,490,4340,2480,2370,4510,4580,1700,2240,2440,1110,1120,450,5880,1170,2390
2019_07,9時,4060,4990,1070,2540,2450,1150,1230,600,3470,2890,3100,5550,5430,2030,2730,2720,1330,1420,740,5400,1680,4210
2019_07,10時,4360,5670,1070,2510,2640,1300,1530,950,3170,2910,4340,6880,6890,2180,3290,3450,1750,1840,1250,5030,1830,7210
2019_07,11時,4820,6560,1200,2720,2930,1450,1850,1220,3080,3130,5560,7660,8280,2490,3820,4010,2010,2090,1510,4640,2070,9530
2019_07,12時,4960,7060,1320,2850,3070,1540,1920,1300,2930,3390,6070,7900,8730,2490,4100,4250,2080,2250,1440,4400,2190,10330
2019_07,13時,5060,7380,1430,2850,3120,1550,2010,1460,2970,3490,6360,8210,8880,2680,4180,4490,2210,2130,1370,4290,2250,10830
2019_07,14時,4990,7010,1340,2820,3150,1540,1910,1220,3000,3480,5910,8260,8640,2590,4090,4590,2180,2180,1250,4420,2220,10550
2019_07,15時,4850,6800,1350,2860,3070,1480,1810,1050,3160,3460,5410,8070,8560,2750,4030,4480,2200,1990,1160,4490,2240,10180
2019_07,16時,4850,6470,1490,2830,3010,1450,1660,850,3320,3480,4890,7520,8160,2730,3780,4130,2130,1830,1060,4490,2200,9270
2019_07,17時,4840,5890,1400,2640,2970,1430,1540,720,3590,3240,4310,7400,7460,2610,3570,3910,1970,1800,980,4680,2180,8290
2019_07,18時,5050,5470,1570,2570,2780,1370,1560,650,4170,2750,4000,7190,6760,2490,3460,3680,1870,1580,860,5010,2010,7230
2019_07,19時,5180,5390,1760,2460,2820,1390,1500,630,4960,2280,3730,6810,6390,2560,3220,3500,1730,1380,800,5240,1800,6470
2019_07,20時,5160,5050,1630,2550,2740,1310,1390,570,5590,1790,3230,6300,6010,2460,3060,3320,1500,1290,680,5590,1590,5480
2019_07,21時,5040,4510,1510,2550,2590,1140,1270,470,6070,1350,2550,5510,5480,2250,2860,2900,1230,1150,580,6020,1230,4110
2019_07,22時,4800,3920,1320,2370,2410,1010,1140,440,6430,990,1720,4820,4480,1860,2440,2450,1010,1050,470,6190,820,2660
2019_07,23時,4350,3450,1100,2060,2220,940,1040,420,6500,670,1050,4240,3900,1620,2030,2260,890,910,420,6240,560,1720
2019_07,24時,4050,3250,1130,1850,2110,880,920,390,6560,500,640,3790,3380,1160,1720,2160,820,840,460,6240,450,870
2019_07,25時,4080,3350,1170,1840,2110,940,950,400,6640,480,710,3820,3390,1220,1720,2150,860,850,390,6330,450,810
2019_07,26時,4050,3440,1190,1860,2100,940,980,400,6630,460,800,3820,3430,1220,1730,2160,860,860,390,6320,440,870
2019_07,27時,4080,3550,1200,1890,2090,960,1070,400,6640,450,930,3880,3520,1240,1770,2170,880,930,390,6310,430,1040
2019_07,28時,4030,3580,1200,1890,2070,960,1080,400,6630,450,930,3850,3600,1270,1750,2200,870,940,410,6300,440,1090
2019_08,5時,4640,3390,1430,1880,2160,1110,940,490,6850,580,1080,4390,3460,1250,2040,2200,1020,800,510,6500,530,1290
2019_08,6時,4700,3580,1540,1900,2220,1130,960,510,6760,690,1360,4400,3630,1330,2060,2250,990,820,570,6510,640,1410
2019_08,7時,4850,3980,1420,2160,2400,1240,1100,500,6240,1430,1690,4370,3730,1200,2090,2300,1000,940,560,6110,930,1550
2019_08,8時,4350,4520,1200,2370,2360,1200,1170,550,4760,2460,2230,4700,4400,1490,2340,2380,1200,1090,580,5850,1360,2360
2019_08,9時,4160,5060,1280,2270,2390,1190,1320,760,3640,2870,3210,5540,5350,1860,2640,2640,1420,1360,950,5520,1850,4010
2019_08,10時,4640,5820,1390,2230,2630,1420,1630,1140,3160,2840,4890,6470,6440,2130,2820,3130,1830,1710,1270,5090,1900,6330
2019_08,11時,5270,6680,1590,2530,2970,1540,1930,1370,2910,3050,6370,7120,7280,2270,3160,3540,2080,1960,1370,4460,1920,8360
2019_08,12時,5560,7180,1620,2720,3300,1630,2020,1440,2890,3190,7060,7730,7860,2310,3660,4010,2130,2030,1420,4280,2110,9550
2019_08,13時,5740,7450,1740,2870,3470,1690,2060,1350,2870,3270,7480,7720,8110,2290,3820,4020,2200,2110,1370,4160,2210,9840
2019_08,14時,5720,7380,1800,2920,3410,1670,2000,1270,2960,3220,7330,7730,8280,2330,3950,4050,2300,2070,1290,4100,2160,10120
2019_08,15時,5770,7320,1820,3090,3360,1650,1890,1250,3110,3250,7160,7710,8050,2340,3740,4010,2290,2010,1360,4070,2150,9890
2019_08,16時,5420,6690,1710,2860,3170,1610,1670,1090,3290,3270,5990,7430,7240,2140,3740,3640,2110,1740,1280,4260,2090,8670
2019_08,17時,5290,6010,1690,2660,3010,1570,1480,870,3630,3100,5030,7170,6610,2090,3450,3520,1970,1530,1200,4520,2020,7600
2019_08,18時,5390,5610,1670,2650,2950,1500,1400,820,4050,2710,4690,7160,6150,2020,3400,3390,1950,1470,1060,4770,1860,7050
2019_08,19時,5530,5250,1920,2490,2760,1490,1280,820,4790,2160,4280,6990,5830,2290,3280,3180,1850,1310,890,4940,1630,6600
2019_08,20時,5620,4770,1820,2490,2730,1430,1210,690,5380,1760,3730,6320,5480,2300,3080,3000,1630,1110,660,5300,1430,5430
2019_08,21時,5290,4280,1550,2460,2650,1270,1070,550,5970,1360,2730,5630,4830,2040,2660,2750,1390,980,610,5670,1010,4150
2019_08,22時,4800,3660,1360,2190,2330,1140,930,490,6360,970,1610,4940,3990,1520,2330,2450,1160,850,590,6010,780,2530
2019_08,23時,4570,3320,1250,2030,2200,1050,850,490,6510,750,1120,4430,3570,1260,2110,2220,1040,770,570,6070,580,1730
2019_08,24時,4310,3060,1240,1820,2110,1000,710,460,6470,550,740,4070,3170,1160,1790,2080,920,730,550,6180,390,990
2019_08,25時,4340,3080,1260,1830,2100,1030,720,460,6510,560,760,4120,3220,1250,1780,2070,930,740,550,6240,430,1040
2019_08,26時,4290,3130,1250,1820,2080,1040,760,450,6510,540,790,4130,3260,1260,1800,2070,930,770,530,6250,450,1070
2019_08,27時,4340,3210,1260,1800,2080,1070,860,460,6550,530,900,4130,3350,1250,1790,2070,980,840,530,6280,430,1160
2019_08,28時,4330,3250,1280,1820,2080,1050,880,450,6560,550,920,4120,3410,1290,1790,2070,960,870,530,6290,440,1200
2019_09,5時,4970,3630,1760,2110,2180,1170,940,410,7660,490,750,4730,3410,1530,2080,2170,1030,880,440,6960,390,1040
2019_09,6時,5120,4090,1970,2140,2350,1200,990,540,7510,670,1330,4840,3410,1650,2100,2120,1040,870,450,6860,510,1120
2019_09,7時,5260,4580,1930,2430,2490,1260,1160,550,6810,1600,1750,5000,3570,1650,2240,2130,1130,930,460,6580,830,1390
2019_09,8時,4540,4760,1690,2480,2370,1110,1130,510,4810,2880,2080,5040,4030,1740,2400,2160,1190,1010,550,5980,1200,2140
2019_09,9時,4330,5390,1700,2540,2420,1130,1240,680,3660,3260,3120,6140,4950,1940,2890,2560,1500,1410,780,5440,1700,4170
2019_09,10時,4660,6280,1800,2630,2520,1220,1560,1200,3220,3290,4690,7000,6650,2200,3300,3210,1900,1730,1280,4990,1820,7020
2019_09,11時,5080,7130,1840,2910,2790,1350,1820,1470,3000,3760,5700,7730,7900,2070,3990,3810,2160,1980,1610,4350,1980,9450
2019_09,12時,5240,7460,1850,2960,2920,1410,1970,1590,2870,3850,6250,8170,8530,2110,4260,4230,2260,2030,1790,4230,2130,10490
2019_09,13時,5290,7430,1960,2860,2850,1410,2010,1620,2830,3870,6290,8130,8580,2360,4130,4280,2250,1990,1670,4180,2090,10570
2019_09,14時,5220,7100,1890,2830,2860,1420,1950,1340,2940,3810,5820,8170,9060,2750,4120,4320,2350,2060,1610,4290,2050,11030
2019_09,15時,5000,6860,1850,2890,2810,1410,1780,1100,3050,3870,5220,8080,8970,2780,4170,4240,2360,2040,1450,4270,2060,10860
2019_09,16時,4880,6520,1840,2910,2830,1290,1630,880,3320,3790,4560,7790,7870,2500,3870,3980,2250,1800,1240,4360,1990,9450
2019_09,17時,4960,6130,1760,2820,2780,1360,1630,720,3490,3620,4260,7660,7200,2360,3730,3830,2090,1650,1170,4680,1970,8350
2019_09,18時,5080,5750,1790,2680,2640,1410,1620,670,4080,2900,4110,7240,6380,2110,3560,3580,2000,1420,940,5060,1740,6980
2019_09,19時,5150,5320,1810,2530,2580,1380,1520,620,4890,2330,3520,6660,5730,1910,3380,3250,1780,1250,790,5360,1540,5670
2019_09,20時,5200,4860,1790,2440,2570,1370,1310,580,5680,1700,2950,6160,5200,1830,3190,3020,1570,1160,570,5830,1330,4410
2019_09,21時,5210,4460,1710,2470,2550,1280,1140,500,6370,1360,2220,5630,4560,1760,2810,2690,1370,1020,520,6290,1040,3070
2019_09,22時,4990,3800,1470,2290,2380,1150,1010,480,6870,860,1350,5010,3850,1520,2480,2360,1170,890,430,6550,790,1750
2019_09,23時,4620,3590,1490,2080,2250,1040,900,440,6970,620,900,4650,3460,1440,2160,2220,1040,820,400,6600,490,1250
2019_09,24時,4480,3320,1470,1930,2140,1030,800,410,7120,440,510,4440,3070,1450,1910,2110,930,680,400,6770,370,610
2019_09,25時,4580,3360,1520,1960,2130,1060,830,420,7240,430,550,4580,3110,1520,1930,2150,950,710,400,6850,360,710
2019_09,26時,4550,3390,1520,1940,2120,1080,840,420,7220,410,600,4560,3080,1540,1920,2140,950,700,390,6870,350,670
2019_09,27時,4590,3480,1550,1930,2130,1110,920,420,7280,400,670,4610,3140,1540,1950,2090,1010,760,380,6940,340,710
2019_09,28時,4610,3530,1570,1980,2090,1110,940,420,7330,400,680,4630,3200,1570,1980,2090,1010,780,380,7000,340,740
2019_10,5時,4920,3870,1510,2300,2220,1140,1000,610,7540,690,1040,4670,3470,1570,2040,2250,990,820,450,6700,630,1240
2019_10,6時,5170,4360,1890,2380,2430,1150,1050,610,7510,990,1510,4800,3740,1760,2130,2310,980,840,500,6690,880,1400
2019_10,7時,5350,4950,2050,2600,2680,1170,1140,650,6840,1980,1970,4990,3970,1980,2200,2340,1030,860,520,6510,1430,1460
2019_10,8時,4710,5040,1720,2620,2660,980,1130,630,4610,3430,2280,5170,4290,1970,2390,2450,1160,930,540,6000,1930,1980
2019_10,9時,4350,5800,1560,2740,2620,1040,1330,830,3380,4000,3220,5730,5000,2190,2600,2790,1270,1100,760,5630,2430,3090
2019_10,10時,4520,6440,1570,2830,2730,1060,1540,1200,2940,4110,4350,6330,5630,2050,2800,3100,1640,1300,1050,5110,2430,4810
2019_10,11時,4980,6990,1710,3030,2920,1190,1750,1340,2820,4370,5190,7260,6690,2540,3270,3470,1890,1530,1230,4770,2580,6980
2019_10,12時,5220,7370,1880,3070,2930,1300,1850,1550,2770,4440,5780,7770,7350,2810,3640,3680,1860,1580,1540,4630,2620,8200
2019_10,13時,5210,7410,1890,3000,2870,1360,1880,1600,2640,4490,5900,7690,7460,2800,3630,3860,1830,1660,1350,4580,2580,8320
2019_10,14時,5240,7070,1840,2910,2790,1350,1800,1610,2820,4290,5570,7820,7610,2670,3800,3990,2030,1660,1270,4510,2450,8750
2019_10,15時,5020,6750,1760,2920,2670,1340,1650,1420,2990,4260,4880,7700,7370,2700,3780,3860,1950,1450,1290,4480,2400,8470
2019_10,16時,4840,6590,1770,2910,2710,1300,1600,1120,3170,4180,4430,7570,7050,2660,3720,3690,1890,1460,1180,4750,2340,7790
2019_10,17時,4810,6040,1600,2760,2710,1350,1460,950,3420,3840,3940,7450,6980,2700,3790,3700,1830,1460,930,4890,2210,7590
2019_10,18時,4890,5570,1520,2610,2650,1360,1440,870,4040,3050,3710,7040,6530,2640,3500,3630,1690,1340,760,5200,2060,6610
2019_10,19時,4970,5310,1540,2700,2560,1350,1370,740,4920,2300,3410,6730,5730,2540,3250,3250,1490,1180,740,5480,1730,5570
2019_10,20時,5090,4960,1540,2740,2540,1300,1260,650,5840,1750,2820,6400,4760,2190,3120,2940,1330,1010,540,5850,1410,4230
2019_10,21時,5110,4490,1470,2680,2490,1200,1160,580,6580,1160,2210,5740,4110,2040,2690,2600,1140,870,490,6140,1070,3000
2019_10,22時,4910,4140,1410,2530,2360,1100,1090,530,7010,840,1540,5180,3560,1770,2330,2360,1000,800,460,6360,820,1910
2019_10,23時,4560,3840,1330,2280,2250,1020,980,520,7160,620,970,4720,3330,1530,2100,2260,930,740,460,6380,610,1380
2019_10,24時,4410,3410,1300,2110,2150,960,810,470,7030,460,670,4680,3290,1540,1970,2220,960,750,520,6890,530,920
2019_10,25時,4540,3440,1360,2130,2180,980,830,490,7140,490,720,4710,3280,1510,1970,2240,950,770,530,6940,540,900
2019_10,26時,4580,3490,1400,2110,2160,1000,890,490,7180,550,790,4700,3320,1490,1970,2240,950,810,530,6940,540,920
2019_10,27時,4600,3580,1390,2140,2140,1040,960,490,7190,550,890,4680,3400,1480,2040,2180,980,860,530,6980,550,950
2019_10,28時,4540,3640,1400,2120,2130,1050,960,510,7190,580,880,4650,3420,1460,2030,2200,980,860,530,6960,560,960
2019_11,5時,4630,4180,1640,2190,2290,1170,1020,470,7800,520,900,4550,4040,1570,2220,2330,1200,870,390,7150,520,1280
2019_11,6時,4890,4480,1830,2290,2410,1200,1060,560,7700,740,1390,4610,4060,1540,2380,2280,1170,880,400,7150,690,1280
2019_11,7時,4850,5000,1950,2240,2610,1180,1240,610,6960,1410,1970,4600,4310,1610,2260,2370,1210,1000,450,6860,950,1530
2019_11,8時,4420,4740,1480,2110,2560,1100,1250,660,4750,2660,2360,4950,4810,1850,2530,2490,1350,1020,510,6350,1420,2420
2019_11,9時,4060,5040,1410,2210,2380,1120,1340,620,3410,3050,3050,6080,5890,2060,3000,3090,1550,1380,890,5960,1940,4460
2019_11,10時,4320,5670,1340,2320,2410,1250,1580,1080,2980,3150,4250,6790,6970,2040,3160,3530,1820,1710,1470,5320,1950,6830
2019_11,11時,4950,6610,1640,2490,2690,1380,1890,1450,2860,3380,5700,7630,7810,2230,3620,3930,2120,1930,1590,4970,2190,8600
2019_11,12時,5090,7060,1750,2630,2720,1450,2060,1520,2880,3480,6170,7900,8040,2200,3880,4040,2210,1910,1680,4650,2240,9370
2019_11,13時,4910,6720,1670,2510,2550,1470,2070,1340,2700,3460,5830,7870,8210,2350,3990,4040,2240,1890,1560,4520,2250,9630
2019_11,14時,4820,6380,1650,2470,2500,1430,1910,1240,2720,3390,5470,8030,8330,2300,4130,4260,2290,1810,1560,4450,2250,9980
2019_11,15時,4750,6230,1630,2490,2420,1430,1800,1200,2920,3430,5030,8180,8590,2520,4330,4340,2230,1890,1440,4610,2250,10220
2019_11,16時,4600,6040,1720,2480,2390,1370,1620,1040,3140,3390,4510,7790,8470,2690,4190,4170,2210,1830,1150,4990,2230,9360
2019_11,17時,4580,5620,1690,2320,2350,1380,1610,830,3350,3110,4140,7460,7720,2620,3960,3920,2170,1630,860,5220,2130,8130
2019_11,18時,4720,5410,1630,2460,2390,1410,1410,810,4150,2560,3850,7200,7240,2580,3860,3680,2070,1440,790,5530,2000,7260
2019_11,19時,4830,5280,1730,2600,2490,1350,1300,620,5080,2020,3450,6710,6680,2560,3660,3360,1800,1230,760,5760,1680,6300
2019_11,20時,5080,5280,1780,2660,2600,1390,1310,600,6100,1580,3140,6150,5970,2420,3230,3070,1670,1140,570,6080,1420,4990
2019_11,21時,5000,4780,1790,2510,2490,1270,1200,500,6780,1170,2290,5670,5110,2030,2940,2730,1520,1070,470,6450,1080,3640
2019_11,22時,4720,4410,1640,2300,2430,1130,1110,490,7350,780,1460,5070,4180,1580,2580,2420,1300,970,380,6730,730,2180
2019_11,23時,4470,4170,1580,2170,2330,1050,1000,480,7500,570,1020,4580,3860,1480,2290,2220,1180,900,350,6750,530,1550
2019_11,24時,4360,3930,1600,2010,2260,1040,910,460,7540,450,660,4320,3630,1450,2120,2140,1070,790,360,6970,440,900
2019_11,25時,4460,3970,1660,2010,2260,1060,950,460,7620,450,720,4420,3600,1460,2120,2170,1080,800,360,7030,440,910
2019_11,26時,4410,4010,1630,1980,2240,1070,1000,460,7570,440,770,4370,3620,1440,2120,2150,1080,820,360,7030,430,890
2019_11,27時,4410,4120,1600,2050,2210,1120,1060,460,7610,440,850,4410,3720,1430,2170,2100,1150,890,360,7080,430,1000
2019_11,28時,4380,4150,1610,2050,2220,1120,1040,460,7630,450,820,4410,3770,1490,2190,2110,1150,860,360,7110,430,1000
2019_12,5時,4460,4130,1620,2200,2100,1160,1000,500,7430,410,1100,4370,3910,1490,2090,2210,1160,840,480,7060,380,1160
2019_12,6時,4640,4400,1680,2340,2180,1200,1030,580,7410,590,1390,4470,4000,1520,2150,2220,1170,880,520,7050,500,1250
2019_12,7時,4620,4880,1860,2350,2290,1160,1150,680,6850,1110,1920,4550,4160,1480,2220,2240,1180,990,580,6840,700,1510
2019_12,8時,4250,4540,1510,2040,2270,1080,1140,740,4910,2120,2210,4770,4550,1650,2310,2320,1300,1120,600,6360,1160,2150
2019_12,9時,4190,4890,1350,2140,2270,1190,1240,870,3800,2550,3080,5600,5270,1840,2560,2780,1580,1380,700,6020,1620,3520
2019_12,10時,4590,5640,1420,2320,2470,1390,1440,1180,3440,2670,4430,6540,6450,1980,2920,3270,2020,1610,1170,5650,1730,5880
2019_12,11時,5110,6360,1600,2510,2700,1540,1640,1460,3280,2880,5610,7460,7550,2360,3410,3840,2200,1700,1490,5420,1820,8050
2019_12,12時,5110,6850,1690,2580,2790,1570,1790,1510,3250,2990,6020,7560,7680,2200,3520,3930,2260,1790,1520,5020,1910,8590
2019_12,13時,5000,6810,1670,2510,2730,1620,1830,1440,3180,2950,5970,7400,7650,2290,3610,3790,2190,1770,1380,4610,1900,8810
2019_12,14時,4940,6630,1630,2400,2710,1600,1750,1460,3240,2870,5740,7350,7870,2310,3510,4010,2160,1700,1520,4580,1850,9040
2019_12,15時,4890,6460,1570,2450,2700,1600,1590,1420,3250,2860,5520,7270,7990,2500,3490,4070,2140,1660,1380,4620,1850,9030
2019_12,16時,4770,6140,1480,2430,2710,1490,1540,1250,3400,2830,4960,7240,7610,2460,3570,4000,2140,1550,1100,4930,1830,8330
2019_12,17時,4690,5780,1480,2310,2710,1480,1460,1010,3680,2610,4450,7240,7210,2440,3420,3870,2090,1580,1020,5260,1760,7660
2019_12,18時,4870,5720,1560,2390,2750,1520,1390,960,4330,2300,4260,6900,7050,2380,3400,3690,2030,1400,1020,5430,1640,7140
2019_12,19時,5120,5620,1750,2610,2730,1500,1260,870,5180,1830,4030,6650,6660,2670,3260,3430,1810,1300,820,5850,1380,6330
2019_12,20時,5150,5170,1790,2620,2640,1400,1130,710,5850,1360,3410,6170,5950,2510,3060,3130,1590,1140,670,6110,1130,5160
2019_12,21時,4900,4660,1660,2460,2490,1250,1040,640,6370,970,2530,5530,5010,2230,2730,2650,1430,910,570,6410,880,3550
2019_12,22時,4500,4170,1560,2200,2280,1100,950,570,6800,590,1610,4770,4420,1900,2390,2300,1210,820,540,6660,590,2250
2019_12,23時,4280,3970,1450,2100,2190,1010,920,550,6920,450,1190,4380,4050,1640,2220,2190,1070,790,500,6650,410,1670
2019_12,24時,4100,3850,1460,2040,2100,990,830,510,7000,410,880,4050,3790,1520,1990,2090,1000,750,470,6980,360,800
2019_12,25時,4160,3870,1480,2050,2120,1010,860,500,7060,400,910,4100,3830,1560,2030,2100,1000,760,470,7040,350,840
2019_12,26時,4210,3930,1500,2050,2090,1030,960,500,7110,390,980,4160,3850,1590,1990,2090,1030,820,480,7080,350,890
2019_12,27時,4260,4010,1530,2090,2060,1060,1010,500,7160,380,1060,4210,3910,1600,2020,2060,1080,880,480,7140,350,940
2019_12,28時,4250,4030,1550,2100,2050,1070,990,500,7170,390,1060,4220,3920,1630,2040,2050,1080,860,470,7150,360,940
2020_01,5時,4370,3990,1430,2300,2210,1010,760,630,7320,500,970,4120,3940,1480,2040,2200,950,720,650,6670,440,1290
2020_01,6時,4550,4250,1560,2340,2310,1090,810,660,7340,670,1240,4210,3950,1490,2080,2250,960,730,620,6670,590,1290
2020_01,7時,4400,4690,1620,2360,2380,1060,970,670,6730,1220,1600,4320,4220,1440,2230,2360,1020,810,660,6500,780,1640
2020_01,8時,4120,4580,1270,2180,2440,1070,1040,670,4880,2300,2090,4530,4500,1560,2220,2430,1190,910,690,6100,1090,2260
2020_01,9時,4040,4950,1130,2100,2440,1200,1240,860,3870,2630,2940,5140,5140,1600,2450,2740,1420,1140,900,5470,1420,3780
2020_01,10時,4300,5510,1250,2120,2510,1290,1450,1180,3440,2630,4140,5940,6250,1820,2720,3100,1740,1560,1220,5070,1540,5940
2020_01,11時,4700,6350,1370,2270,2690,1450,1670,1570,3280,2770,5390,6540,6970,2010,3040,3370,2030,1700,1340,4660,1620,7590
2020_01,12時,4900,6760,1380,2420,2840,1510,1780,1700,3140,2850,6040,7000,7360,2180,3180,3630,2140,1810,1410,4540,1680,8500
2020_01,13時,4910,6690,1390,2360,2890,1500,1760,1690,3080,2820,6070,7050,7750,2230,3290,3820,2070,1870,1510,4430,1650,9070
2020_01,14時,4860,6480,1360,2320,2910,1480,1680,1570,3150,2770,5800,7080,8170,2230,3380,4100,2170,1890,1440,4330,1600,9630
2020_01,15時,4830,6220,1380,2300,2870,1520,1550,1410,3140,2800,5500,7000,7980,2350,3470,4000,2110,1760,1270,4440,1580,9260
2020_01,16時,4730,5940,1340,2370,2810,1460,1410,1260,3330,2800,4910,7070,7660,2550,3500,3960,1940,1590,1180,4650,1560,8830
2020_01,17時,4540,5610,1350,2220,2760,1420,1280,1100,3690,2600,4250,6760,6940,2420,3290,3790,1840,1380,970,4760,1560,7710
2020_01,18時,4530,5450,1410,2270,2750,1340,1190,1000,4360,2130,3870,6370,6320,2220,3010,3550,1720,1230,940,5100,1450,6470
2020_01,19時,4590,5280,1560,2340,2720,1310,1000,920,5100,1540,3610,5940,6020,2190,2960,3280,1590,1060,860,5370,1230,5690
2020_01,20時,4740,5010,1660,2490,2630,1230,870,860,5800,1120,3200,5540,5260,2100,2680,3030,1350,860,760,5720,1030,4370
2020_01,21時,4540,4520,1510,2440,2480,1100,720,790,6360,860,2200,4980,4590,1860,2470,2640,1190,740,650,5960,840,3100
2020_01,22時,4290,4100,1350,2270,2370,950,700,740,6770,630,1360,4370,4020,1540,2170,2330,990,710,620,6280,590,1860
2020_01,23時,4120,3910,1330,2130,2280,890,680,700,6890,500,990,3960,3810,1410,1970,2180,920,670,600,6280,450,1350
2020_01,24時,3920,3750,1310,2020,2230,860,630,600,6890,420,700,3830,3560,1320,1910,2060,900,570,610,6460,410,830
2020_01,25時,4000,3830,1350,2070,2240,870,700,590,7010,430,760,3910,3650,1370,1940,2090,920,610,610,6580,430,880
2020_01,26時,4060,3820,1370,2080,2220,880,730,580,7050,450,760,3960,3640,1370,1940,2070,930,650,610,6610,420,900
2020_01,27時,4120,3910,1390,2130,2200,910,800,570,7110,470,850,3990,3740,1410,1970,2060,960,700,610,6680,450,970
2020_01,28時,4150,3940,1410,2140,2220,940,790,580,7100,500,910,4010,3790,1430,1970,2050,980,730,610,6700,470,1000
2020_02,5時,4490,3950,1680,2100,2270,1060,790,520,7390,370,990,4300,3810,1580,2030,2260,980,720,520,6870,330,1200
2020_02,6時,4560,4230,1770,2210,2330,1100,850,520,7320,510,1290,4300,3840,1570,2090,2220,990,720,540,6780,400,1240
2020_02,7時,4320,4690,1730,2220,2420,1060,980,590,6680,1020,1650,4320,4070,1520,2160,2270,1050,820,560,6580,570,1510
2020_02,8時,4090,4410,1270,2050,2410,1030,1120,590,4690,2270,1990,4610,4290,1550,2320,2290,1180,910,630,6090,1060,2060
2020_02,9時,3790,4620,1100,1950,2220,1120,1280,720,3530,2700,2490,5300,4920,1640,2440,2660,1460,1230,770,5480,1360,3620
2020_02,10時,4030,5250,1230,2030,2330,1230,1470,960,3220,2830,3490,6020,5790,1810,2630,3040,1700,1590,1020,5110,1490,5420
2020_02,11時,4360,5910,1370,2140,2470,1350,1670,1250,3090,2950,4520,6720,6460,1950,3030,3330,1920,1730,1190,4770,1580,7040
2020_02,12時,4550,6170,1380,2210,2620,1370,1770,1350,3070,3090,4850,6790,7160,2150,3310,3500,1980,1740,1250,4620,1680,7880
2020_02,13時,4380,6090,1300,2200,2600,1370,1660,1320,2960,3090,4710,6880,7440,2180,3410,3600,2070,1810,1230,4430,1680,8400
2020_02,14時,4300,5820,1270,2130,2520,1360,1600,1220,3000,3000,4390,7050,7330,2060,3540,3610,2140,1630,1390,4330,1670,8580
2020_02,15時,4160,5750,1220,2070,2530,1310,1540,1230,3000,3020,4160,6860,7340,2090,3540,3630,2060,1460,1390,4450,1630,8300
2020_02,16時,4100,5650,1200,2180,2590,1260,1420,1080,3170,2980,3880,7040,6940,2250,3500,3600,1940,1390,1280,4750,1590,7820
2020_02,17時,4230,5360,1230,2100,2630,1280,1380,960,3490,2760,3630,6830,6610,2310,3420,3530,1870,1260,1030,4950,1570,7160
2020_02,18時,4370,5210,1260,2180,2670,1270,1300,900,4100,2220,3550,6420,5990,2140,3180,3340,1800,1070,870,5230,1370,6030
2020_02,19時,4430,5150,1480,2350,2590,1240,1140,760,4950,1640,3280,5890,5500,2010,3030,3050,1660,900,720,5410,1100,5090
2020_02,20時,4460,4840,1540,2350,2490,1230,1010,670,5630,1100,2870,5440,5020,1970,2700,2860,1500,790,610,5770,860,4050
2020_02,21時,4430,4490,1570,2260,2490,1100,890,600,6290,790,2140,4860,4360,1720,2380,2610,1300,690,510,6090,640,2730
2020_02,22時,4320,4100,1510,2140,2390,1010,800,540,6740,590,1420,4350,3950,1530,2160,2350,1100,650,490,6390,470,1690
2020_02,23時,4140,3830,1470,1990,2260,970,750,500,6870,440,980,4130,3640,1440,2000,2250,980,620,470,6440,320,1270
2020_02,24時,3880,3460,1420,1810,2100,880,630,480,6620,350,660,4210,3750,1550,1990,2330,980,600,490,7020,330,900
2020_02,25時,3940,3500,1450,1820,2100,880,700,470,6680,350,710,4320,3770,1560,2040,2350,990,650,480,7080,330,970
2020_02,26時,3980,3500,1470,1810,2090,890,740,460,6710,350,720,4380,3840,1660,2070,2330,1000,660,480,7180,330,990
2020_02,27時,4040,3550,1490,1860,2080,900,790,460,6750,340,800,4380,3910,1650,2090,2320,1040,690,480,7220,330,1040
2020_02,28時,4060,3590,1500,1880,2070,920,800,460,6760,350,840,4390,3950,1660,2090,2320,1040,730,490,7230,330,1080
2020_03,5時,4450,4200,1730,2210,2300,950,780,670,7630,350,980,4110,3700,1540,1980,2260,830,620,570,6810,360,940
2020_03,6時,4550,4310,1680,2240,2420,1000,780,730,7410,430,1320,4190,3730,1550,2060,2300,860,580,550,6780,370,1040
2020_03,7時,4590,4600,1680,2390,2460,980,860,790,6940,980,1590,4260,3920,1550,2090,2310,900,690,630,6640,530,1290
2020_03,8時,4340,4410,1400,2240,2360,1000,1030,700,5160,1940,1990,4540,4120,1600,2220,2410,1030,770,610,6310,930,1710
2020_03,9時,4280,4460,1170,2160,2340,1040,1170,850,4050,2420,2590,5090,4660,1730,2380,2640,1220,1030,740,5860,1340,2840
2020_03,10時,4310,4810,1310,2100,2350,1100,1260,990,3650,2520,3240,5660,5130,1820,2530,2890,1440,1220,870,5590,1450,4000
2020_03,11時,4670,5290,1420,2200,2490,1260,1490,1090,3490,2640,4120,6170,5670,1850,2740,3130,1650,1380,1060,5320,1510,5260
2020_03,12時,4890,5590,1530,2270,2620,1270,1600,1180,3450,2700,4600,6440,6070,1900,2970,3350,1640,1510,1130,5180,1530,6060
2020_03,13時,4830,5680,1390,2360,2630,1300,1600,1210,3470,2740,4570,6620,6250,2020,3080,3450,1690,1520,1090,5020,1510,6590
2020_03,14時,4720,5450,1250,2360,2620,1260,1450,1220,3380,2710,4360,6610,6120,2050,3050,3510,1660,1460,970,4940,1480,6560
2020_03,15時,4590,5430,1150,2310,2670,1280,1370,1220,3360,2740,4200,6330,6010,1950,3010,3390,1610,1450,920,4850,1480,6280
2020_03,16時,4600,5250,1180,2390,2740,1240,1260,1030,3460,2730,3940,6200,5840,1970,2940,3360,1550,1280,940,5110,1460,5750
2020_03,17時,4670,4910,1230,2310,2710,1180,1250,880,3730,2580,3560,6040,5510,1900,2940,3260,1500,1130,800,5270,1470,5090
2020_03,18時,4710,4920,1390,2380,2660,1150,1190,830,4480,2160,3290,5860,5340,1880,2910,3190,1430,1030,760,5650,1310,4510
2020_03,19時,4580,4950,1540,2480,2580,1180,1060,660,5380,1500,2940,5420,4820,1730,2740,2880,1290,890,690,5840,1060,3580
2020_03,20時,4540,4530,1520,2500,2440,1080,890,610,5980,1030,2340,5080,4270,1740,2560,2570,1110,750,610,6120,880,2580
2020_03,21時,4460,4280,1570,2390,2420,960,800,570,6570,730,1730,4620,3930,1650,2310,2420,950,650,540,6420,640,1750
2020_03,22時,4380,4110,1570,2320,2400,870,750,570,7000,520,1250,4330,3750,1570,2160,2340,850,630,510,6580,460,1310
2020_03,23時,4180,3900,1520,2160,2300,830,710,550,7080,400,880,4050,3510,1430,1990,2250,790,590,500,6590,350,880
2020_03,24時,4070,3730,1530,2070,2250,820,600,520,7170,340,580,3990,3520,1500,1930,2210,780,570,500,6830,310,640
2020_03,25時,4170,3790,1580,2100,2270,820,660,520,7280,340,630,4080,3530,1530,1950,2210,800,610,500,6890,310,680
2020_03,26時,4230,3770,1610,2070,2260,830,680,520,7320,330,630,4080,3530,1520,1960,2200,800,620,500,6920,300,660
2020_03,27時,4250,3830,1630,2100,2250,840,720,530,7340,330,690,4080,3600,1530,1980,2170,820,660,490,6950,310,690
2020_03,28時,4270,3990,1650,2120,2220,870,750,630,7340,330,870,4100,3680,1530,1980,2170,850,680,560,6920,310,820
2020_04,5時,4360,4150,1520,2390,2180,970,840,600,7590,410,840,4210,3960,1470,2350,2120,820,800,590,7280,440,810
2020_04,6時,4540,4150,1430,2460,2240,1020,810,700,7400,590,1070,4260,3970,1450,2390,2150,810,770,640,7180,520,880
2020_04,7時,4580,4290,1420,2500,2250,1070,880,720,7000,1020,1230,4320,4150,1440,2360,2200,900,910,640,7110,610,1090
2020_04,8時,4540,4320,1210,2440,2410,1030,1050,700,5770,1880,1610,4560,4220,1360,2500,2300,940,1010,650,6790,930,1410
2020_04,9時,4710,4450,1180,2480,2310,1070,1180,920,4900,2280,2370,4890,4490,1340,2630,2360,1070,1200,760,6480,1220,2050
2020_04,10時,4770,4630,1240,2480,2320,1140,1230,970,4640,2260,2850,5040,4630,1440,2560,2440,1190,1170,870,6210,1200,2580
2020_04,11時,4960,4670,1250,2520,2340,1190,1360,950,4490,2320,3170,5160,4730,1480,2670,2480,1250,1230,760,6090,1220,2910
2020_04,12時,5040,4680,1310,2560,2350,1190,1330,950,4520,2370,3160,5090,4820,1500,2610,2520,1230,1310,730,5980,1210,3010
2020_04,13時,4910,4600,1310,2540,2340,1170,1300,840,4550,2380,2930,5000,4740,1520,2620,2470,1180,1200,720,5920,1230,2890
2020_04,14時,4820,4540,1250,2530,2360,1150,1220,830,4570,2310,2810,4850,4690,1440,2590,2540,1180,1060,710,5950,1180,2730
2020_04,15時,4850,4460,1180,2540,2410,1190,1130,840,4560,2310,2780,4810,4640,1360,2600,2540,1140,1060,720,5880,1150,2720
2020_04,16時,4830,4380,1130,2520,2420,1180,1120,830,4710,2260,2590,4910,4630,1420,2590,2570,1170,1060,720,6020,1120,2700
2020_04,17時,4770,4440,1200,2530,2460,1200,1120,680,5060,2130,2360,4980,4500,1460,2590,2510,1190,1020,690,6160,1120,2520
2020_04,18時,4720,4610,1430,2610,2420,1150,1020,680,5870,1650,2160,4740,4250,1340,2550,2410,1090,950,640,6460,960,1900
2020_04,19時,4560,4450,1430,2600,2330,1090,920,620,6420,1110,1810,4560,4060,1350,2510,2350,980,800,600,6730,720,1480
2020_04,20時,4570,4300,1440,2600,2300,1040,870,600,6930,780,1510,4480,4000,1400,2480,2300,910,790,580,6920,610,1280
2020_04,21時,4570,4230,1510,2590,2300,970,840,560,7290,650,1190,4390,3790,1370,2410,2240,820,750,560,7030,510,960
2020_04,22時,4450,4080,1470,2500,2280,930,780,550,7430,540,890,4240,3710,1310,2360,2170,810,720,550,7080,460,730
2020_04,23時,4300,3940,1440,2390,2210,900,740,540,7410,470,680,4150,3610,1270,2310,2110,800,720,540,7080,430,590
2020_04,24時,4080,3800,1400,2270,2110,860,690,540,7340,360,490,4050,3580,1300,2220,2090,820,660,520,7050,330,530
2020_04,25時,4160,3850,1440,2290,2120,880,750,520,7410,370,530,4080,3590,1310,2220,2100,820,700,510,7100,340,510
2020_04,26時,4170,3840,1460,2270,2100,870,780,510,7440,370,510,4100,3580,1320,2210,2080,830,720,510,7110,330,530
2020_04,27時,4200,3880,1460,2300,2090,890,810,510,7450,380,560,4080,3640,1320,2240,2070,850,730,490,7110,330,560
2020_04,28時,4190,3970,1460,2300,2060,910,830,590,7380,380,700,4070,3690,1320,2240,2040,850,770,530,7060,340,630
2020_05,5時,4190,4040,1290,2450,2160,920,960,440,7540,500,650,4120,3740,1230,2300,2190,810,840,470,7210,510,600
2020_05,6時,4360,4120,1310,2490,2230,950,990,490,7420,730,770,4130,3760,1250,2310,2200,790,830,490,7150,570,610
2020_05,7時,4490,4260,1230,2540,2260,1040,1110,550,7050,1180,960,4270,3930,1220,2320,2290,850,980,530,7020,770,850
2020_05,8時,4560,4400,1120,2410,2510,1050,1310,550,5830,2000,1580,4510,4100,1290,2450,2340,900,1070,540,6720,1080,1280
2020_05,9時,4680,4680,1200,2510,2400,1100,1450,670,5110,2450,2240,4860,4540,1390,2650,2410,1030,1240,650,6460,1280,2110
2020_05,10時,4790,4790,1100,2500,2440,1160,1510,850,4720,2490,2790,5170,4850,1380,2690,2610,1160,1340,810,6150,1320,2980
2020_05,11時,4970,4990,1190,2580,2530,1210,1550,890,4640,2530,3190,5350,4970,1390,2770,2640,1280,1330,880,5930,1360,3460
2020_05,12時,5020,5080,1200,2620,2580,1210,1570,900,4660,2560,3270,5360,4860,1300,2820,2660,1260,1350,810,5740,1430,3480
2020_05,13時,4970,4990,1240,2590,2540,1180,1560,830,4680,2570,3090,5290,4980,1310,2850,2670,1240,1380,780,5770,1430,3490
2020_05,14時,4900,4910,1160,2570,2580,1180,1480,830,4700,2540,2970,5220,4920,1350,2760,2710,1310,1260,730,5720,1390,3450
2020_05,15時,4870,4850,1120,2550,2630,1200,1370,830,4660,2550,2910,5210,4930,1430,2740,2700,1290,1180,770,5750,1380,3430
2020_05,16時,4900,4760,1110,2620,2700,1210,1290,720,4820,2500,2730,5110,4940,1400,2710,2740,1270,1150,770,5930,1340,3190
2020_05,17時,4850,4690,1130,2640,2660,1210,1320,570,5160,2320,2460,5020,4710,1390,2650,2660,1230,1100,670,6100,1270,2770
2020_05,18時,4850,4710,1370,2740,2550,1180,1150,570,6040,1790,2150,4820,4410,1350,2650,2550,1150,930,590,6370,1060,2210
2020_05,19時,4620,4420,1370,2670,2370,1100,1000,530,6570,1150,1740,4550,4090,1280,2490,2380,1040,880,550,6590,790,1660
2020_05,20時,4370,4140,1350,2520,2230,990,940,460,6910,790,1230,4360,3900,1290,2380,2290,930,840,520,6790,680,1210
2020_05,21時,4290,4030,1380,2490,2200,910,900,430,7280,640,820,4270,3800,1310,2350,2240,840,820,490,6990,600,880
2020_05,22時,4290,3940,1400,2480,2180,870,860,420,7450,530,680,4180,3680,1220,2320,2220,810,800,470,7030,520,740
2020_05,23時,4190,3820,1350,2390,2150,840,830,430,7420,500,520,4060,3510,1180,2220,2170,770,750,460,6960,480,550
2020_05,24時,4000,3650,1260,2270,2110,810,780,410,7280,440,360,3910,3530,1200,2210,2080,760,720,450,7020,460,400
2020_05,25時,4040,3720,1280,2290,2110,820,830,400,7350,440,390,3950,3560,1210,2230,2090,770,760,450,7070,460,430
2020_05,26時,4020,3740,1280,2260,2100,840,880,390,7370,440,380,3920,3570,1190,2200,2070,760,790,450,7060,460,410
2020_05,27時,4030,3860,1290,2310,2100,860,920,390,7390,450,480,3940,3600,1180,2230,2070,780,810,460,7050,470,450
2020_05,28時,4000,3860,1270,2320,2070,850,920,400,7300,460,530,3960,3630,1180,2260,2060,780,840,450,7030,480,510
2020_06,5時,4510,4340,1430,2470,2440,920,960,600,7890,540,870,4350,4030,1360,2350,2360,850,840,610,7400,470,910
2020_06,6時,4500,4450,1420,2500,2520,940,920,620,7630,730,1020,4380,4070,1380,2380,2340,870,830,620,7310,530,1000
2020_06,7時,4470,4590,1360,2570,2480,980,1010,640,7050,1210,1230,4370,4190,1360,2330,2380,900,930,650,7040,650,1230
2020_06,8時,4530,4450,1140,2360,2570,1030,1200,670,5450,2220,1740,4670,4580,1390,2450,2590,1060,1040,690,6780,1070,1800
2020_06,9時,4650,4810,1070,2440,2550,1080,1400,890,4500,2780,2580,5150,5250,1540,2700,2710,1310,1310,810,6250,1450,3100
2020_06,10時,4910,5230,960,2570,2650,1230,1590,1120,4080,2760,3640,5920,6310,1710,2990,3190,1640,1600,1090,5950,1550,5100
2020_06,11時,5260,5740,1070,2660,2820,1340,1750,1350,3970,2820,4560,6590,7120,1790,3420,3600,1830,1820,1230,5600,1540,6920
2020_06,12時,5510,5960,1160,2760,2910,1370,1780,1460,3920,2940,4960,6740,7540,1920,3530,3850,1880,1810,1280,5550,1620,7470
2020_06,13時,5370,5920,1210,2740,2860,1390,1740,1330,3890,2950,4790,6640,7760,1940,3640,3860,1870,1860,1210,5430,1650,7680
2020_06,14時,5260,5760,1190,2670,2840,1420,1630,1250,3900,2940,4540,6950,7920,2120,3760,4020,1900,1820,1220,5420,1580,8190
2020_06,15時,5160,5570,1210,2610,2850,1390,1480,1170,3980,2950,4150,6960,7700,2190,3680,4110,1880,1660,1110,5410,1580,7990
2020_06,16時,5160,5210,1220,2630,2830,1350,1340,990,4140,2930,3670,6670,7030,1960,3500,4020,1710,1450,1040,5460,1530,7020
2020_06,17時,5110,5180,1210,2590,2880,1310,1380,880,4490,2710,3450,6570,6700,1830,3460,3840,1620,1440,1050,5750,1550,6300
2020_06,18時,5100,5210,1400,2670,2850,1280,1270,830,5290,2210,3210,6120,6160,1860,3230,3500,1510,1220,940,6040,1370,5210
2020_06,19時,5010,4960,1540,2730,2700,1180,1080,730,6170,1510,2690,5550,5380,1700,3050,3040,1290,1030,800,6370,1120,3760
2020_06,20時,4790,4620,1550,2650,2600,1050,900,630,6830,990,1980,4940,4630,1560,2700,2680,1070,850,680,6610,830,2470
2020_06,21時,4450,4400,1460,2490,2470,950,880,580,7190,710,1340,4520,4230,1420,2470,2460,950,790,640,6900,630,1560
2020_06,22時,4400,4240,1420,2480,2400,900,840,580,7460,590,990,4330,4080,1340,2440,2380,880,740,620,7070,510,1170
2020_06,23時,4320,4050,1390,2440,2330,840,790,560,7510,520,740,4170,3830,1250,2330,2300,820,680,600,7060,450,830
2020_06,24時,4180,3890,1350,2330,2300,820,740,520,7480,470,530,4110,3740,1290,2250,2240,800,700,550,7240,440,540
2020_06,25時,4250,3910,1350,2350,2300,830,790,520,7530,470,570,4160,3740,1290,2260,2250,810,720,560,7280,430,570
2020_06,26時,4220,3950,1350,2330,2280,830,850,510,7530,440,610,4160,3770,1300,2240,2240,800,750,570,7290,420,580
2020_06,27時,4230,4040,1360,2360,2280,840,900,510,7530,450,710,4160,3850,1290,2250,2240,820,800,580,7300,420,650
2020_06,28時,4200,4100,1350,2370,2280,850,900,540,7490,460,770,4180,3890,1300,2260,2230,830,820,610,7310,410,720
2020_07,5時,4320,4150,1220,2580,2420,910,850,470,7500,590,780,4270,3710,1290,2420,2290,810,720,420,6940,540,880
2020_07,6時,4380,4330,1270,2580,2550,930,860,500,7290,800,1020,4180,3740,1240,2400,2310,840,700,430,6800,620,880
2020_07,7時,4530,4430,1260,2580,2580,1020,960,530,6730,1320,1310,4310,3890,1220,2420,2370,900,800,460,6600,840,1120
2020_07,8時,4600,4390,1040,2380,2680,1080,1200,590,5160,2450,1800,4620,4180,1260,2520,2520,1030,920,530,6290,1240,1650
2020_07,9時,4660,4740,1040,2410,2620,1110,1400,800,4100,2960,2750,5000,4840,1330,2740,2720,1240,1130,670,5730,1620,2880
2020_07,10時,4990,5130,1000,2460,2720,1300,1540,1100,3680,2990,3770,5810,5820,1530,3070,3160,1570,1380,920,5390,1750,4830
2020_07,11時,5360,5690,1090,2600,2890,1400,1780,1260,3540,3110,4730,6380,6230,1540,3190,3570,1760,1510,1030,5000,1800,6140
2020_07,12時,5520,5830,1150,2640,2980,1470,1800,1290,3530,3210,4940,6510,6660,1560,3390,3740,1860,1560,1040,4880,1820,6790
2020_07,13時,5330,5790,1130,2630,2870,1470,1750,1240,3520,3210,4710,6460,6730,1570,3480,3730,1910,1510,960,4800,1840,6870
2020_07,14時,5260,5620,1160,2490,2810,1490,1690,1220,3530,3200,4470,6590,6930,1620,3620,3840,1990,1460,970,4860,1810,7170
2020_07,15時,5300,5330,1200,2480,2820,1450,1550,1120,3630,3250,4100,6580,6970,1800,3670,3790,1890,1420,960,4820,1780,7260
2020_07,16時,5260,5250,1250,2550,2870,1430,1400,1000,3820,3180,3860,6460,6840,1910,3540,3800,1840,1270,920,5010,1750,6860
2020_07,17時,5170,5140,1170,2610,2920,1430,1360,800,4160,2930,3580,6340,6320,1810,3390,3670,1790,1230,740,5150,1700,6120
2020_07,18時,5010,5160,1340,2670,2870,1350,1180,750,4860,2350,3320,6110,5890,1770,3260,3560,1640,1110,660,5560,1490,5290
2020_07,19時,5000,5010,1510,2760,2760,1270,1000,670,5690,1640,3040,5650,5340,1790,3030,3220,1400,960,570,5840,1200,4270
2020_07,20時,4910,4720,1540,2730,2720,1170,870,570,6410,1180,2400,5290,4680,1620,2890,2990,1200,780,480,6170,970,3180
2020_07,21時,4570,4410,1420,2610,2580,1030,820,500,6860,850,1630,4640,4090,1350,2650,2600,1040,680,390,6480,720,1880
2020_07,22時,4390,4180,1340,2550,2470,930,780,480,7150,640,1140,4350,3780,1260,2490,2380,920,680,370,6630,570,1280
2020_07,23時,4240,3920,1270,2490,2370,850,710,460,7240,560,720,4070,3530,1170,2360,2250,830,610,360,6630,500,830
2020_07,24時,4090,3730,1240,2390,2310,800,660,410,7190,470,510,4040,3500,1200,2320,2200,810,620,360,6780,480,620
2020_07,25時,4150,3770,1250,2430,2320,800,690,410,7240,480,550,4030,3540,1200,2320,2230,810,640,360,6830,480,630
2020_07,26時,4120,3780,1220,2410,2300,800,740,400,7240,450,560,4050,3570,1200,2340,2220,810,670,360,6840,480,660
2020_07,27時,4130,3830,1220,2430,2290,810,790,400,7240,470,610,4060,3610,1190,2360,2210,820,700,370,6830,490,710
2020_07,28時,4120,3860,1210,2440,2300,820,780,410,7190,480,660,4060,3640,1200,2360,2200,830,720,380,6810,490,770
2020_08,5時,4450,4090,1260,2560,2510,920,830,450,7680,480,790,4210,3910,1140,2470,2470,890,700,440,7250,450,810
2020_08,6時,4470,4220,1240,2570,2570,940,820,530,7420,620,1050,4190,3980,1140,2520,2470,900,670,450,7140,530,890
2020_08,7時,4460,4330,1150,2510,2560,1050,920,580,6760,1180,1260,4310,4100,1140,2470,2550,940,770,520,6920,730,1130
2020_08,8時,4480,4410,870,2380,2710,1070,1170,680,5370,2170,1820,4690,4420,1190,2600,2720,1080,880,610,6680,1120,1720
2020_08,9時,4580,4870,920,2460,2680,1170,1330,880,4450,2670,2740,5040,5180,1320,2840,2820,1310,1110,800,6190,1420,3000
2020_08,10時,5040,5360,910,2580,2900,1320,1570,1110,4050,2710,4010,5840,6200,1510,3120,3260,1720,1440,980,5850,1510,5010
2020_08,11時,5470,5970,1020,2700,3070,1470,1770,1390,3870,2750,5180,6470,7010,1730,3460,3640,1960,1660,1020,5570,1520,6700
2020_08,12時,5650,6240,1150,2790,3200,1560,1820,1370,3870,2800,5580,6610,7020,1810,3400,3790,1970,1610,1040,5290,1550,7080
2020_08,13時,5580,6220,1110,2820,3160,1550,1860,1290,3830,2850,5480,6510,7070,1690,3470,3850,1930,1560,1070,5260,1600,7030
2020_08,14時,5390,6170,1070,2770,3170,1530,1820,1180,3880,2820,5220,6550,6960,1760,3450,3900,1910,1530,940,5230,1540,7040
2020_08,15時,5290,5900,1060,2760,3110,1470,1670,1090,3880,2860,4820,6580,6920,1740,3490,3830,1930,1500,990,5220,1510,7050
2020_08,16時,5180,5600,1030,2750,3050,1460,1480,980,4070,2770,4310,6510,6660,1820,3440,3740,1820,1430,900,5370,1470,6640
2020_08,17時,5200,5350,1080,2710,3030,1430,1410,860,4420,2510,3990,6450,6360,1840,3310,3690,1800,1310,850,5640,1410,6080
2020_08,18時,5020,5330,1280,2750,2960,1350,1200,790,5150,2000,3590,6120,6050,1780,3240,3520,1670,1150,790,5890,1240,5360
2020_08,19時,5010,5140,1480,2820,2860,1270,1010,690,5940,1480,3120,5840,5640,1820,3060,3380,1480,1000,720,6160,1030,4600
2020_08,20時,4990,4850,1500,2830,2840,1160,890,590,6540,1060,2610,5460,4940,1640,2840,3160,1310,850,600,6540,820,3390
2020_08,21時,4610,4470,1390,2690,2660,1030,780,510,6960,770,1730,4930,4240,1400,2640,2810,1110,710,470,6820,640,2090
2020_08,22時,4440,4200,1310,2590,2570,950,720,470,7250,610,1160,4520,3980,1240,2500,2620,1000,690,440,6940,560,1390
2020_08,23時,4250,3880,1220,2480,2450,870,660,420,7200,520,780,4200,3780,1150,2410,2460,900,630,410,6920,520,910
2020_08,24時,4210,3760,1200,2460,2410,840,620,410,7340,490,520,4090,3670,1110,2330,2410,850,640,400,7080,460,570
2020_08,25時,4240,3770,1200,2490,2420,830,650,400,7400,460,540,4110,3710,1140,2340,2420,860,650,390,7180,430,570
2020_08,26時,4240,3800,1200,2470,2400,840,710,410,7400,460,580,4090,3740,1150,2310,2410,870,700,390,7190,420,590
2020_08,27時,4210,3860,1210,2460,2390,840,740,410,7380,460,630,4110,3780,1140,2340,2390,880,730,390,7180,420,640
2020_08,28時,4200,3890,1190,2460,2370,860,770,410,7350,450,670,4080,3820,1130,2370,2370,880,730,390,7170,420,670
2020_09,5時,4720,4240,1380,2600,2540,1000,840,580,8090,430,800,4560,4120,1350,2390,2560,960,820,580,7760,430,840
2020_09,6時,4850,4320,1400,2590,2590,1070,880,630,7850,600,1070,4560,4170,1350,2410,2560,990,820,590,7600,520,970
2020_09,7時,4770,4440,1250,2500,2620,1190,960,680,7090,1200,1280,4730,4280,1350,2400,2660,1050,910,630,7360,780,1210
2020_09,8時,4700,4700,930,2450,2750,1230,1230,800,5580,2320,1880,4930,4700,1300,2580,2810,1190,1040,690,6990,1190,1820
2020_09,9時,4760,5060,920,2560,2640,1260,1370,1050,4630,2850,2680,5250,5320,1360,2850,2910,1360,1190,890,6540,1460,2930
2020_09,10時,5070,5690,880,2710,2810,1390,1670,1290,4290,2900,3900,6190,6620,1710,3220,3420,1720,1540,1200,6160,1570,5390
2020_09,11時,5460,6310,940,2870,3020,1500,1860,1560,4090,3000,5010,6830,7610,1900,3580,3830,1930,1770,1410,5720,1620,7380
2020_09,12時,5700,6540,1080,2900,3140,1570,1910,1610,4040,3090,5420,7040,7810,1920,3570,4060,2090,1790,1390,5630,1700,7800
2020_09,13時,5560,6300,1110,2800,3050,1580,1870,1450,4030,3100,5050,7170,8040,1900,3730,4170,2160,1780,1450,5540,1700,8250
2020_09,14時,5320,6080,1080,2680,3040,1530,1740,1320,4100,3090,4530,7050,8080,1940,3710,4130,2160,1750,1410,5420,1650,8340
2020_09,15時,5340,5810,1100,2590,3000,1540,1640,1260,4160,3090,4230,7020,8120,2160,3700,4160,2060,1720,1310,5530,1650,8260
2020_09,16時,5250,5560,1100,2660,2990,1470,1440,1120,4310,2960,3850,6740,7530,2080,3470,4020,1950,1550,1190,5650,1590,7320
2020_09,17時,5220,5310,1120,2600,2980,1440,1390,980,4620,2610,3600,6540,6920,1890,3420,3910,1810,1470,930,5930,1500,6330
2020_09,18時,5090,5220,1310,2640,2880,1370,1190,890,5300,2010,3310,6320,6490,1900,3380,3700,1680,1280,840,6220,1270,5630
2020_09,19時,5110,5020,1450,2740,2800,1320,1010,800,6070,1430,2940,6030,6010,1880,3200,3460,1580,1160,750,6530,1080,4740
2020_09,20時,5070,4730,1520,2720,2790,1200,880,680,6710,1010,2390,5670,5300,1850,2900,3210,1400,990,600,6840,900,3560
2020_09,21時,4720,4410,1400,2560,2650,1070,810,640,7150,750,1570,4940,4540,1550,2560,2820,1170,810,540,7140,660,2010
2020_09,22時,4530,4130,1310,2460,2570,990,740,570,7440,520,1030,4530,4160,1430,2390,2570,1020,760,510,7280,510,1250
2020_09,23時,4270,3800,1260,2360,2410,910,650,470,7280,380,690,4190,3870,1320,2250,2420,920,670,470,7070,370,920
2020_09,24時,4490,3890,1300,2430,2480,910,700,530,7860,370,500,4410,3960,1350,2340,2510,920,680,550,7580,370,750
2020_09,25時,4540,3910,1330,2450,2500,920,700,530,7900,360,540,4430,3970,1360,2360,2500,930,700,540,7640,360,750
2020_09,26時,4520,3930,1320,2430,2470,930,750,540,7880,350,560,4420,3970,1350,2350,2480,930,720,540,7640,350,740
2020_09,27時,4490,3970,1310,2440,2440,930,790,540,7870,350,600,4420,4050,1340,2370,2450,960,790,540,7650,350,810
2020_09,28時,4470,4010,1300,2450,2430,940,810,530,7820,360,650,4420,4080,1340,2380,2460,960,790,540,7630,350,850
2020_10,5時,4590,4150,1520,2410,2540,920,840,480,7880,410,770,4500,4060,1460,2420,2520,920,780,440,7710,350,800
2020_10,6時,4680,4310,1520,2420,2610,970,890,560,7620,610,1050,4490,4230,1470,2420,2520,970,810,520,7560,500,950
2020_10,7時,4620,4410,1390,2350,2650,1020,990,600,6900,1100,1340,4650,4330,1440,2450,2650,1020,880,540,7370,690,1230
2020_10,8時,4370,4580,1050,2240,2630,1100,1240,670,5320,2160,1800,4870,4750,1420,2640,2820,1170,1000,560,7060,1060,1850
2020_10,9時,4400,5150,1050,2390,2580,1160,1400,950,4330,2760,2790,5280,5540,1590,2970,2900,1370,1250,720,6490,1470,3190
2020_10,10時,4810,5760,1010,2580,2740,1320,1700,1190,3970,2810,4030,5950,6560,1780,3090,3360,1640,1640,1000,6090,1550,5140
2020_10,11時,5240,6470,1100,2720,2940,1470,1980,1490,3800,2960,5210,6570,7310,1910,3330,3750,1850,1830,1190,5790,1640,6710
2020_10,12時,5440,6710,1170,2820,3100,1540,1950,1560,3810,3010,5580,6870,7740,2030,3520,4030,1980,1790,1250,5650,1730,7480
2020_10,13時,5240,6580,1220,2710,3050,1530,1860,1430,3780,3000,5290,6830,7790,2010,3740,3970,1970,1730,1180,5560,1710,7600
2020_10,14時,4950,6320,1180,2620,2920,1500,1760,1270,3800,2970,4750,6920,8050,2130,3830,4030,2000,1760,1200,5610,1700,7920
2020_10,15時,4920,6050,1170,2580,2940,1460,1590,1210,3880,3000,4350,6900,7810,2090,3790,4100,2010,1640,1070,5660,1670,7630
2020_10,16時,4830,5710,1150,2570,2950,1440,1440,980,4070,2940,3800,6590,7470,2170,3610,4070,1870,1430,890,5820,1610,6880
2020_10,17時,4870,5530,1200,2610,2980,1420,1350,820,4360,2660,3650,6390,7150,2100,3510,4070,1740,1330,780,6000,1540,6260
2020_10,18時,4820,5400,1460,2670,2870,1340,1120,750,5040,2090,3360,6350,6840,2100,3450,3980,1710,1220,700,6360,1310,5780
2020_10,19時,4840,5250,1590,2680,2860,1280,970,680,5780,1480,3100,6210,6250,2020,3220,3740,1700,1080,680,6640,1060,5050
2020_10,20時,4840,4920,1630,2650,2810,1180,890,570,6440,1080,2520,5680,5520,1910,2920,3370,1490,910,580,6830,880,3780
2020_10,21時,4530,4520,1610,2440,2680,1030,770,500,6860,770,1700,4990,4610,1600,2620,2900,1200,770,490,7010,690,2190
2020_10,22時,4390,4200,1590,2280,2570,940,730,450,7180,510,1180,4550,4180,1520,2430,2630,1010,700,420,7090,490,1420
2020_10,23時,4140,3820,1500,2160,2360,870,650,400,7060,390,780,4180,3870,1430,2290,2410,890,620,390,7010,370,930
2020_10,24時,4420,3880,1510,2320,2440,860,720,430,7630,350,610,4370,3870,1410,2360,2470,890,660,440,7500,350,670
2020_10,25時,4470,3910,1530,2360,2450,870,730,430,7700,340,630,4390,3900,1420,2360,2490,880,680,440,7560,350,670
2020_10,26時,4440,3910,1510,2340,2440,860,750,440,7700,340,600,4370,3910,1410,2360,2470,890,690,430,7560,340,650
2020_10,27時,4440,3960,1510,2340,2440,870,790,440,7720,350,630,4370,3960,1420,2370,2470,890,730,430,7580,350,690
2020_10,28時,4420,3990,1520,2330,2420,870,800,450,7680,350,680,4350,4000,1430,2370,2460,900,750,430,7580,350,710
2020_11,5時,4370,4080,1510,2290,2410,960,850,420,7730,380,640,4280,4120,1570,2190,2470,920,780,450,7550,390,760
2020_11,6時,4460,4320,1450,2350,2530,980,900,550,7550,580,940,4290,4220,1510,2210,2510,970,780,510,7420,510,870
2020_11,7時,4540,4400,1430,2260,2570,1040,1010,610,6900,1150,1190,4460,4400,1480,2260,2620,1040,890,570,7180,770,1220
2020_11,8時,4400,4620,1160,2210,2630,1160,1220,610,5340,2360,1650,4670,4770,1420,2480,2830,1180,950,550,6720,1260,1790
2020_11,9時,4420,5320,1200,2540,2530,1190,1390,870,4390,3040,2620,5140,5760,1670,2980,2950,1390,1150,740,6350,1780,3100
2020_11,10時,4790,5990,1170,2630,2690,1370,1690,1210,3940,3060,4010,5920,6850,1830,3200,3410,1740,1520,1060,5900,1830,5310
2020_11,11時,5070,6800,1290,2750,2930,1510,1950,1430,3800,3160,5150,6580,7650,1990,3350,3860,2000,1810,1210,5690,1860,6940
2020_11,12時,5200,7010,1310,2790,3010,1590,2010,1490,3780,3240,5410,6730,7940,2030,3580,3990,2080,1770,1190,5430,1930,7550
2020_11,13時,5130,6840,1350,2740,2950,1590,1950,1370,3780,3260,5170,6910,7910,2070,3750,4000,2100,1770,1110,5410,1920,7740
2020_11,14時,5020,6460,1300,2670,2830,1560,1810,1290,3770,3240,4710,6850,7920,2000,3720,4090,2080,1720,1150,5340,1850,7810
2020_11,15時,4920,6210,1350,2600,2820,1520,1630,1190,3880,3250,4240,6740,7890,2070,3730,4110,2040,1580,1090,5400,1860,7600
2020_11,16時,4820,5810,1330,2590,2800,1510,1430,970,4060,3120,3710,6290,7710,2120,3480,4090,1930,1380,980,5570,1770,6880
2020_11,17時,4840,5610,1330,2560,2890,1470,1400,790,4410,2850,3470,6150,7220,2080,3390,3940,1830,1290,830,5870,1700,6050
2020_11,18時,4830,5630,1660,2580,2820,1410,1250,730,5010,2300,3430,6040,6700,2140,3160,3720,1780,1200,730,6220,1410,5360
2020_11,19時,4870,5320,1710,2640,2720,1360,1090,660,5730,1550,3180,5990,6150,2180,3040,3550,1630,1080,640,6580,1110,4710
2020_11,20時,4820,4870,1740,2560,2660,1230,950,540,6390,1040,2530,5510,5550,2060,2800,3230,1450,970,540,6810,860,3650
2020_11,21時,4490,4560,1650,2400,2580,1060,860,490,6840,740,1730,4920,4790,1930,2480,2830,1150,810,490,7090,640,2250
2020_11,22時,4240,4160,1550,2200,2420,990,790,430,7110,510,1060,4360,4250,1630,2280,2520,1020,730,420,7140,430,1310
2020_11,23時,4000,3850,1510,2120,2260,870,700,370,7050,360,690,4080,3900,1550,2150,2340,910,650,360,6990,330,900
2020_11,24時,4180,3940,1540,2210,2330,880,750,400,7580,330,500,4180,3870,1500,2180,2370,900,670,400,7420,320,590
2020_11,25時,4230,3960,1550,2230,2350,890,750,400,7650,330,500,4190,3880,1500,2190,2380,900,680,400,7450,330,580
2020_11,26時,4230,3950,1540,2190,2350,890,790,400,7620,330,520,4150,3870,1500,2140,2370,890,700,400,7440,320,550
2020_11,27時,4220,4000,1530,2190,2340,900,820,400,7620,320,560,4180,3920,1510,2170,2370,900,730,400,7450,330,600
2020_11,28時,4200,4020,1530,2190,2340,910,820,410,7600,330,580,4170,3950,1510,2180,2370,910,730,410,7440,330,630
2020_12,5時,4450,4300,1660,2350,2500,910,860,450,7880,460,750,4340,4240,1640,2350,2510,880,760,430,7760,410,710
2020_12,6時,4590,4480,1700,2380,2580,950,920,530,7730,660,1010,4410,4400,1660,2390,2540,910,820,470,7740,540,850
2020_12,7時,4650,4610,1670,2330,2680,980,990,590,7230,1090,1270,4480,4570,1670,2360,2650,980,840,530,7520,730,1120
2020_12,8時,4550,4840,1360,2350,2750,1100,1150,670,5830,2040,1880,4810,5020,1750,2610,2850,1100,950,560,7190,1150,1840
2020_12,9時,4570,5590,1420,2610,2700,1180,1330,900,4890,2700,2930,5370,6150,2010,3070,3080,1330,1220,800,6720,1850,3310
2020_12,10時,5060,6490,1450,2880,2930,1380,1640,1250,4580,2750,4510,6290,7350,2240,3470,3620,1670,1590,1030,6450,1970,5520
2020_12,11時,5590,7050,1560,3060,3140,1550,1870,1440,4350,2840,5710,6910,8220,2350,3700,4010,1920,1850,1280,6090,2000,7310
2020_12,12時,5750,7340,1640,3150,3220,1670,1930,1470,4350,2950,6060,7100,8640,2370,3960,4160,2030,1840,1360,5930,2080,7990
2020_12,13時,5560,7280,1720,3100,3150,1640,1860,1350,4350,2990,5780,7060,8640,2630,3890,4220,1920,1750,1260,5820,2110,8050
2020_12,14時,5420,7000,1710,2960,3140,1610,1710,1260,4320,2940,5410,7060,8810,2780,3910,4300,1940,1750,1170,5740,2010,8370
2020_12,15時,5330,6810,1700,2960,3120,1560,1640,1140,4340,2980,5070,7110,8530,2690,3780,4300,2030,1740,1070,5710,2020,8170
2020_12,16時,5220,6390,1680,2860,3120,1500,1430,1010,4520,2910,4450,6990,8110,2520,3830,4280,1900,1550,1000,5820,2020,7520
2020_12,17時,5150,6050,1700,2700,3050,1480,1410,830,4850,2740,3880,6760,7790,2550,3730,4140,1830,1440,840,6120,1980,6750
2020_12,18時,5080,5830,1870,2660,2960,1430,1250,720,5360,2250,3570,6430,7350,2600,3570,3870,1750,1260,710,6390,1760,5940
2020_12,19時,5020,5530,1870,2700,2910,1330,1090,640,5980,1660,3190,6100,6580,2500,3310,3530,1530,1170,630,6800,1380,4810
2020_12,20時,4920,5180,1890,2630,2830,1210,950,570,6590,1180,2610,5600,5700,2210,2930,3260,1350,990,540,7060,1020,3540
2020_12,21時,4610,4700,1780,2460,2660,1070,820,510,6980,870,1770,4920,4930,1930,2590,2890,1090,810,510,7370,780,2020
2020_12,22時,4340,4370,1710,2320,2540,960,720,450,7280,590,1140,4430,4350,1720,2350,2620,970,700,400,7410,500,1190
2020_12,23時,4120,4030,1630,2220,2360,870,660,390,7230,450,760,4100,4010,1600,2250,2390,840,640,370,7270,410,740
2020_12,24時,4280,4060,1670,2260,2390,860,710,430,7660,390,600,4220,3970,1560,2310,2390,850,680,390,7620,390,510
2020_12,25時,4300,4090,1690,2270,2390,870,720,430,7720,390,600,4250,4010,1570,2350,2390,850,700,390,7680,380,530
2020_12,26時,4260,4090,1680,2250,2370,870,750,430,7710,380,570,4250,4010,1580,2360,2360,850,720,380,7680,370,550
2020_12,27時,4240,4120,1650,2270,2350,880,770,430,7710,380,590,4250,4080,1580,2380,2370,870,730,380,7690,370,600
2020_12,28時,4270,4170,1660,2280,2370,890,800,430,7710,380,660,4260,4100,1580,2370,2380,860,760,390,7680,360,650
2021_01,5時,4530,4190,1640,2390,2470,890,770,540,7870,370,710,4260,4150,1530,2320,2410,880,710,520,7580,330,710
2021_01,6時,4550,4350,1590,2390,2510,950,830,620,7710,510,940,4290,4250,1520,2370,2430,900,750,550,7540,400,830
2021_01,7時,4630,4560,1660,2380,2600,960,920,660,7310,880,1250,4500,4430,1590,2450,2520,980,800,570,7480,590,1100
2021_01,8時,4430,4690,1220,2320,2720,1070,1080,690,5650,1980,1760,4740,4800,1670,2620,2690,1090,860,610,7270,970,1540
2021_01,9時,4550,5290,1260,2590,2610,1130,1340,890,4680,2720,2670,5200,5520,1900,2940,2850,1250,1050,710,6920,1470,2550
2021_01,10時,4940,6050,1320,2780,2800,1260,1620,1190,4460,2920,3790,5830,6470,2140,3230,3190,1530,1320,870,6650,1630,4200
2021_01,11時,5390,6590,1460,2930,2980,1400,1780,1410,4250,3080,4850,6340,7260,2280,3470,3550,1810,1470,1000,6430,1730,5620
2021_01,12時,5520,6740,1520,3020,3040,1470,1790,1390,4280,3110,5070,6710,7610,2270,3700,3800,1880,1580,1070,6370,1730,6390
2021_01,13時,5470,6590,1550,3050,2930,1460,1730,1320,4270,3070,4920,6780,7950,2350,3830,3970,1850,1640,1060,6330,1730,6860
2021_01,14時,5300,6340,1480,2980,2870,1450,1650,1200,4230,3030,4560,6780,7850,2390,3870,3940,1840,1540,1020,6130,1730,6950
2021_01,15時,5230,6160,1520,2890,2890,1450,1550,1090,4320,3020,4240,6770,7820,2520,3760,3960,1840,1440,1060,6090,1690,6970
2021_01,16時,5150,6010,1510,2900,2920,1440,1360,1010,4580,2940,3820,6550,7530,2500,3630,3930,1750,1260,1000,6290,1660,6300
2021_01,17時,5100,5710,1580,2800,2950,1400,1220,830,4850,2680,3470,6260,7090,2400,3540,3720,1700,1160,810,6510,1550,5470
2021_01,18時,4830,5500,1710,2680,2820,1350,1010,730,5440,2090,3000,5990,6500,2400,3290,3390,1610,1080,690,6800,1340,4540
2021_01,19時,4810,5170,1770,2700,2750,1220,880,650,6240,1490,2470,5540,5790,2240,3030,3080,1370,960,640,7040,1090,3410
2021_01,20時,4670,4730,1730,2600,2650,1080,750,570,6830,1010,1770,4870,4990,1900,2670,2720,1160,820,580,7210,740,2110
2021_01,21時,4450,4430,1690,2480,2560,950,680,510,7230,680,1210,4460,4490,1720,2460,2480,1010,730,520,7370,510,1280
2021_01,22時,4320,4190,1660,2370,2460,880,650,470,7380,430,920,4270,4180,1600,2370,2370,930,660,490,7380,350,920
2021_01,23時,4100,3860,1550,2240,2310,820,610,430,7300,320,560,4030,3870,1500,2240,2220,850,620,440,7200,270,620
2021_01,24時,4300,4000,1600,2310,2360,840,670,490,7770,290,470,4130,3900,1500,2250,2240,870,660,490,7510,280,470
2021_01,25時,4340,3990,1610,2320,2370,840,680,490,7810,290,480,4170,3920,1530,2260,2250,880,660,480,7540,280,480
2021_01,26時,4330,3990,1610,2290,2370,850,710,490,7800,290,480,4160,3930,1530,2240,2260,880,690,480,7530,280,490
2021_01,27時,4330,4050,1600,2310,2370,850,730,490,7800,290,530,4150,3960,1530,2250,2260,880,700,480,7530,290,520
2021_01,28時,4350,4100,1610,2310,2380,860,740,520,7780,300,610,4150,4010,1520,2270,2250,890,710,500,7520,290,570
2021_02,5時,4530,4300,1590,2330,2520,960,830,590,8070,330,680,4470,4190,1570,2240,2530,990,780,540,7950,320,650
2021_02,6時,4620,4470,1620,2330,2580,1000,880,650,7970,500,880,4570,4270,1580,2310,2600,990,780,560,7920,450,740
2021_02,7時,4790,4570,1660,2330,2620,1050,980,710,7450,940,1240,4900,4460,1690,2390,2730,1070,850,620,7840,630,1160
2021_02,8時,4630,5040,1550,2320,2740,1110,1170,750,5960,2140,1840,5140,4920,1730,2580,2960,1200,930,640,7480,1200,1670
2021_02,9時,4620,5500,1390,2600,2610,1140,1400,960,4860,2830,2700,5560,5670,1830,3050,3070,1330,1170,760,7050,1700,2740
2021_02,10時,5080,6220,1510,2820,2740,1270,1710,1230,4530,3040,3980,6290,6860,2010,3400,3500,1590,1510,1120,6770,1870,4750
2021_02,11時,5500,6860,1660,2980,2970,1430,1880,1410,4370,3230,4990,6640,7750,2110,3640,3840,1840,1720,1230,6340,1930,6350
2021_02,12時,5490,7090,1780,2970,2990,1490,1900,1430,4350,3330,5140,6930,8190,2180,3930,4020,1930,1810,1240,6290,1970,7070
2021_02,13時,5460,6930,1820,2870,2910,1510,1870,1380,4400,3350,4880,6830,8120,2230,3890,4040,1950,1700,1150,6230,1980,6970
2021_02,14時,5330,6710,1840,2790,2830,1520,1770,1280,4420,3300,4550,6850,8310,2310,3920,4060,2000,1670,1190,6160,1960,7260
2021_02,15時,5270,6400,1790,2740,2830,1520,1610,1180,4430,3310,4160,6830,7990,2360,3820,4000,1950,1600,1080,6090,1940,7020
2021_02,16時,5240,6340,1830,2770,2900,1470,1450,1140,4700,3210,3890,6770,7810,2520,3690,3970,1880,1500,1000,6430,1880,6520
2021_02,17時,5090,6020,1680,2760,2850,1450,1400,940,4990,2830,3500,6600,7390,2510,3500,3840,1800,1440,880,6690,1790,5740
2021_02,18時,4890,5800,1710,2740,2780,1410,1170,860,5660,2110,3140,6250,6720,2480,3270,3560,1640,1230,780,6940,1480,4810
2021_02,19時,4790,5330,1660,2730,2670,1300,1000,740,6320,1520,2510,5720,5970,2290,3030,3180,1440,1030,720,7150,1100,3700
2021_02,20時,4650,4800,1760,2520,2560,1120,860,620,6990,1040,1660,5050,5140,1980,2670,2820,1180,880,630,7450,860,2110
2021_02,21時,4440,4480,1640,2380,2530,1010,790,550,7380,670,1100,4540,4560,1800,2340,2620,1030,750,550,7540,520,1290
2021_02,22時,4340,4190,1560,2230,2490,970,740,510,7530,430,800,4360,4260,1690,2250,2530,950,690,490,7530,380,950
2021_02,23時,4160,3940,1540,2150,2370,910,670,450,7410,350,570,4170,3960,1650,2130,2370,890,630,440,7400,290,670
2021_02,24時,4290,4040,1510,2230,2410,910,720,540,7860,310,420,4350,4050,1650,2180,2450,890,690,520,7810,300,540
2021_02,25時,4320,4060,1530,2240,2420,920,720,540,7890,310,440,4340,4100,1660,2180,2450,900,710,520,7860,290,530
2021_02,26時,4330,4070,1530,2200,2420,930,750,540,7880,300,470,4330,4040,1620,2150,2460,900,710,520,7820,290,520
2021_02,27時,4320,4120,1520,2240,2400,930,780,560,7900,300,510,4340,4080,1620,2180,2440,910,730,520,7840,280,550
2021_02,28時,4340,4130,1540,2240,2400,930,780,560,7910,300,520,4380,4090,1620,2190,2450,920,740,540,7840,280,600
2021_03,5時,4630,4080,1560,2230,2540,960,780,620,7920,380,700,4390,4170,1540,2200,2520,940,710,640,7730,410,730
2021_03,6時,4650,4210,1590,2200,2580,1000,800,680,7730,480,930,4370,4320,1530,2240,2580,950,710,650,7690,450,860
2021_03,7時,4730,4350,1540,2130,2650,1030,940,770,7200,910,1240,4550,4470,1540,2290,2700,1020,790,670,7500,580,1200
2021_03,8時,4520,4870,1480,2080,2730,1100,1160,820,5680,2110,1890,4810,4900,1600,2500,2840,1160,920,680,7260,1040,1710
2021_03,9時,4560,5370,1450,2300,2630,1140,1400,990,4520,2830,2860,5370,5690,1790,3020,2980,1320,1190,750,6790,1580,2990
2021_03,10時,5030,6100,1500,2440,2820,1270,1780,1310,4110,3030,4230,6220,6680,1910,3290,3370,1760,1530,1030,6370,1690,5090
2021_03,11時,5350,6860,1620,2680,3020,1410,1970,1500,4000,3150,5290,7060,7760,2320,3650,3850,2050,1710,1230,6280,1750,6990
2021_03,12時,5480,7150,1690,2810,3070,1520,1980,1530,3960,3280,5610,7140,8060,2310,3860,3960,2110,1770,1190,5910,1800,7700
2021_03,13時,5490,7020,1730,2760,3030,1600,1890,1470,3980,3290,5450,7050,8130,2350,3810,4010,2060,1770,1160,5830,1840,7710
2021_03,14時,5320,6750,1750,2580,2960,1580,1760,1420,3900,3260,5130,7070,8290,2410,3850,4130,2030,1710,1210,5790,1780,7970
2021_03,15時,5230,6470,1780,2570,2930,1510,1630,1260,4000,3190,4730,6910,8130,2470,3670,4160,1990,1590,1140,5830,1800,7600
2021_03,16時,5200,6240,1740,2650,2900,1490,1510,1130,4250,3120,4310,6740,7870,2520,3540,4180,1900,1370,1070,5960,1750,7080
2021_03,17時,5170,5780,1620,2600,2840,1480,1350,1040,4550,2660,3980,6510,7440,2580,3320,4040,1760,1280,950,6210,1660,6310
2021_03,18時,5080,5700,1770,2620,2820,1440,1160,950,5220,2210,3600,6090,6670,2270,3070,3770,1630,1130,860,6500,1420,5080
2021_03,19時,4930,5180,1710,2530,2690,1350,970,840,5890,1540,2930,5840,5820,2160,2950,3300,1510,960,780,6860,1140,3940
2021_03,20時,4750,4620,1660,2400,2600,1200,800,700,6500,1140,2020,5260,5140,1900,2710,2930,1300,790,740,7230,920,2540
2021_03,21時,4490,4330,1570,2310,2490,1070,730,630,7030,800,1280,4620,4510,1620,2410,2580,1140,670,680,7390,640,1410
2021_03,22時,4360,4040,1540,2140,2440,1000,700,560,7260,540,890,4360,4110,1510,2200,2470,1030,630,600,7320,480,970
2021_03,23時,4180,3780,1470,2080,2330,930,640,490,7190,420,620,4160,3780,1460,2080,2350,950,590,480,7140,350,730
2021_03,24時,4390,3930,1500,2200,2390,940,690,590,7730,370,530,4300,3940,1470,2200,2370,930,630,620,7650,330,550
2021_03,25時,4450,3960,1540,2220,2400,940,690,590,7780,370,570,4300,3980,1490,2220,2380,930,640,610,7700,330,560
2021_03,26時,4440,3980,1540,2180,2400,970,720,590,7780,360,590,4280,3990,1470,2200,2370,940,660,600,7680,330,550
2021_03,27時,4430,4030,1560,2210,2390,960,740,590,7790,350,630,4260,4030,1470,2230,2360,930,670,600,7680,330,570
2021_03,28時,4430,4050,1560,2210,2400,940,740,610,7770,360,650,4290,4040,1470,2260,2370,940,680,600,7680,330,620
2021_04,5時,4610,4370,1500,2430,2490,1020,820,700,7930,410,890,4500,4300,1370,2400,2550,1020,810,630,7750,440,870
2021_04,6時,4710,4390,1530,2390,2550,1010,850,750,7700,570,1060,4650,4370,1460,2410,2580,1030,820,690,7700,520,1050
2021_04,7時,4960,4500,1510,2460,2740,1140,860,750,7140,1230,1350,4840,4490,1420,2440,2720,1110,890,730,7460,770,1360
2021_04,8時,4780,4840,1510,2130,2920,1220,1030,790,5600,2340,1970,5060,4890,1510,2580,2810,1280,1010,740,7210,1160,1850
2021_04,9時,4800,5450,1660,2180,2880,1210,1280,1020,4390,3070,3040,5630,5580,1750,2890,3020,1410,1230,900,6700,1650,3140
2021_04,10時,5150,6190,1700,2380,3040,1330,1480,1390,4110,3250,4200,6350,6580,1940,3170,3410,1710,1530,1150,6300,1770,5100
2021_04,11時,5500,6830,1820,2570,3170,1440,1710,1600,3920,3440,5170,6910,7430,2040,3350,3930,1990,1760,1250,6040,1840,6690
2021_04,12時,5710,6910,1780,2690,3240,1500,1750,1640,3930,3550,5340,7100,7850,2080,3560,4270,1990,1780,1240,5870,2000,7310
2021_04,13時,5640,6860,1770,2650,3210,1530,1700,1630,3960,3580,5170,7170,8030,2160,3660,4370,1980,1730,1290,5690,2100,7660
2021_04,14時,5510,6700,1780,2600,3140,1500,1620,1560,3930,3530,4960,6950,8180,2140,3620,4360,2020,1640,1330,5570,2040,7750
2021_04,15時,5430,6570,1890,2560,3120,1480,1540,1400,4020,3540,4660,7030,8260,2230,3700,4450,2060,1600,1230,5650,2000,7880
2021_04,16時,5340,6370,1970,2500,3120,1470,1380,1250,4240,3460,4240,6660,7780,2080,3490,4320,1940,1460,1140,5760,1960,6970
2021_04,17時,5420,5830,1790,2570,3140,1420,1270,1050,4600,3180,3700,6500,7270,2080,3550,3950,1830,1330,1010,6160,1880,5990
2021_04,18時,5230,5700,1690,2590,3100,1420,1140,960,5130,2630,3390,6280,6690,2050,3270,3670,1790,1210,960,6440,1650,5130
2021_04,19時,5030,5310,1600,2600,2940,1310,960,910,5800,1810,2960,5750,6140,1970,3040,3290,1640,1070,860,6630,1270,4240
2021_04,20時,4950,4860,1630,2470,2840,1220,880,750,6480,1270,2300,5160,5370,1840,2750,2960,1390,900,680,6880,970,2910
2021_04,21時,4730,4530,1580,2410,2660,1100,820,670,7030,860,1620,4620,4700,1610,2450,2620,1170,830,630,7100,750,1710
2021_04,22時,4520,4290,1440,2360,2590,1010,780,600,7390,520,1140,4350,4270,1380,2350,2540,1060,730,540,7210,530,1110
2021_04,23時,4260,4010,1360,2270,2430,940,700,560,7310,410,790,4130,3960,1290,2250,2390,980,660,510,7080,450,770
2021_04,24時,4460,4140,1420,2410,2430,950,750,620,7760,370,710,4310,4050,1330,2310,2410,970,730,590,7500,430,660
2021_04,25時,4520,4180,1440,2450,2450,960,760,620,7830,370,760,4330,4070,1320,2320,2420,970,740,600,7550,410,670
2021_04,26時,4510,4220,1460,2420,2440,980,780,630,7830,360,780,4300,4050,1330,2270,2400,980,750,600,7540,390,650
2021_04,27時,4510,4220,1450,2390,2470,970,810,620,7840,340,790,4320,4080,1340,2270,2410,990,770,600,7570,390,680
2021_04,28時,4500,4270,1460,2390,2460,970,810,660,7820,350,850,4330,4130,1340,2270,2410,1000,790,620,7550,390,750
2021_05,5時,4330,4280,1280,2340,2380,950,950,700,7790,420,720,4370,4380,1190,2360,2570,1010,870,720,7690,430,990
2021_05,6時,4400,4410,1240,2340,2460,990,960,790,7600,540,980,4470,4420,1180,2410,2620,1020,890,760,7640,540,1090
2021_05,7時,4800,4420,1210,2510,2560,1100,1000,820,7100,1140,1300,4600,4440,1220,2370,2660,1070,900,810,7390,770,1260
2021_05,8時,4510,4830,1160,2350,2720,1150,1070,870,5610,2220,1850,4980,4770,1300,2550,2810,1220,1070,780,7000,1240,1880
2021_05,9時,4630,5250,1250,2450,2640,1180,1220,1120,4570,3000,2620,5530,5410,1530,2850,3000,1300,1310,930,6480,1670,3140
2021_05,10時,4960,5910,1290,2620,2730,1330,1500,1390,4230,3140,3760,6390,6460,1670,3200,3460,1690,1630,1180,6170,1860,5140
2021_05,11時,5300,6470,1350,2800,2920,1460,1660,1550,4110,3280,4640,6910,7320,1820,3450,3880,1910,1800,1350,5870,1890,6770
2021_05,12時,5560,6710,1520,2960,2920,1560,1700,1590,4140,3440,4950,6970,7620,1920,3530,4060,1890,1820,1350,5800,1980,7110
2021_05,13時,5440,6660,1530,2890,2870,1550,1710,1540,4170,3490,4710,6950,7690,2050,3540,4130,1890,1810,1210,5730,2010,7210
2021_05,14時,5320,6460,1530,2800,2810,1500,1620,1500,4120,3510,4410,7200,7840,2180,3620,4220,1950,1820,1250,5720,2010,7600
2021_05,15時,5300,6360,1600,2760,2860,1460,1590,1390,4190,3520,4230,7190,7760,2230,3560,4260,1920,1730,1240,5770,1990,7490
2021_05,16時,5210,6190,1630,2690,2790,1460,1560,1250,4440,3330,3890,7040,7590,2300,3490,4140,1930,1620,1130,5890,1900,7130
2021_05,17時,5240,5860,1710,2620,2810,1450,1430,1080,4800,3050,3520,6630,7050,2260,3290,3910,1750,1470,970,6020,1820,6110
2021_05,18時,5050,5690,1720,2540,2860,1400,1240,960,5280,2440,3280,6130,6570,2070,3030,3620,1680,1370,910,6370,1600,5030
2021_05,19時,4770,5220,1540,2460,2730,1290,1120,830,5870,1730,2670,5510,5860,1770,2830,3240,1510,1190,810,6620,1120,3930
2021_05,20時,4460,4560,1250,2290,2580,1150,1060,670,6400,1070,1830,4870,4990,1420,2530,2840,1270,1050,740,6920,850,2430
2021_05,21時,4300,4390,1320,2250,2530,1030,930,620,6940,750,1300,4460,4510,1230,2400,2640,1090,930,660,7170,690,1460
2021_05,22時,4220,4150,1260,2220,2450,970,870,580,7230,480,950,4270,4260,1160,2330,2530,1040,840,610,7260,550,1080
2021_05,23時,4010,3850,1190,2130,2310,890,780,540,7120,390,640,4010,4020,1090,2210,2400,970,780,560,7060,460,860
2021_05,24時,4240,4010,1270,2260,2330,920,840,620,7580,380,600,4210,4080,1150,2280,2420,970,800,640,7510,410,730
2021_05,25時,4270,4020,1260,2280,2330,940,850,620,7640,390,580,4240,4150,1190,2310,2420,980,820,650,7540,400,810
2021_05,26時,4250,4010,1260,2210,2330,940,880,620,7580,380,610,4200,4150,1180,2270,2440,970,830,640,7530,400,790
2021_05,27時,4250,4070,1270,2240,2340,940,900,610,7620,360,660,4210,4120,1150,2270,2440,980,840,630,7510,400,780
2021_05,28時,4250,4090,1260,2220,2340,940,910,660,7590,370,690,4220,4170,1160,2270,2450,980,850,660,7500,410,840
2021_06,5時,4450,4530,1450,2390,2360,1090,960,710,8140,420,720,4440,4450,1450,2320,2410,1110,930,650,8020,350,820
2021_06,6時,4620,4650,1490,2370,2470,1140,1010,780,7970,620,960,4460,4540,1410,2390,2410,1110,960,700,7960,440,890
2021_06,7時,4950,4590,1450,2480,2530,1220,1030,810,7340,1250,1240,4620,4700,1380,2380,2530,1180,1090,750,7630,770,1220
2021_06,8時,4480,4970,1200,2350,2640,1250,1130,850,5550,2400,1830,4910,4920,1370,2480,2680,1270,1270,750,7210,1170,1750
2021_06,9時,4570,5780,1540,2470,2670,1290,1280,1080,4540,3350,2710,5530,5790,1750,2810,2950,1410,1480,890,6740,1850,2990
2021_06,10時,4970,6470,1650,2600,2800,1440,1560,1380,4180,3530,3970,6270,7050,1900,3120,3420,1810,1790,1250,6370,2020,5150
2021_06,11時,5300,6920,1740,2650,2890,1550,1800,1570,3990,3750,4700,7060,7700,2150,3380,3900,2020,1930,1370,6020,2150,6810
2021_06,12時,5460,7160,1860,2760,2940,1660,1830,1550,4040,3870,4920,7220,8090,2320,3460,4050,2100,2030,1340,5990,2200,7320
2021_06,13時,5290,6990,1830,2650,2890,1640,1790,1470,4050,3880,4570,7310,8110,2290,3600,4080,2130,2000,1300,5850,2140,7630
2021_06,14時,5300,6820,1810,2610,2890,1580,1720,1500,4050,3880,4440,7230,8390,2240,3660,4190,2160,2020,1320,5820,2100,7900
2021_06,15時,5350,6600,1850,2630,2930,1560,1600,1350,4120,3940,4120,7020,8230,2310,3530,4290,2040,1850,1220,5800,2150,7510
2021_06,16時,5250,6470,1850,2600,2940,1530,1510,1260,4360,3830,3760,6950,8000,2400,3500,4210,1980,1690,1160,5960,2030,7150
2021_06,17時,5260,5990,1760,2510,2950,1480,1460,1080,4750,3330,3400,6690,7350,2390,3350,3770,1930,1570,1020,6220,1920,6120
2021_06,18時,5160,5880,1800,2490,2920,1500,1330,980,5290,2730,3250,6350,6930,2340,3170,3570,1760,1480,960,6630,1650,5240
2021_06,19時,4890,5420,1590,2470,2820,1380,1140,890,6030,1870,2650,5660,5990,1910,2910,3200,1520,1280,830,6890,1230,3780
2021_06,20時,4770,4750,1450,2350,2670,1240,1070,710,6780,1200,1800,5100,4940,1570,2620,2700,1360,1090,680,7140,840,2320
2021_06,21時,4580,4430,1440,2260,2540,1130,990,630,7310,750,1210,4520,4360,1200,2410,2490,1180,980,600,7280,520,1340
2021_06,22時,4410,4300,1450,2240,2430,1070,900,590,7600,490,880,4400,4200,1210,2340,2410,1120,930,570,7470,400,1000
2021_06,23時,4180,4090,1400,2190,2320,990,830,520,7470,390,650,4130,4030,1220,2230,2300,1040,850,520,7370,280,730
2021_06,24時,4340,4230,1420,2300,2320,1020,880,620,7900,360,600,4320,4220,1360,2320,2340,1040,890,570,7870,310,640
2021_06,25時,4370,4280,1450,2330,2310,1030,900,620,7940,360,630,4320,4260,1370,2310,2340,1050,900,590,7890,310,660
2021_06,26時,4360,4260,1430,2270,2310,1050,910,620,7910,340,650,4300,4290,1360,2300,2350,1050,910,600,7920,310,640
2021_06,27時,4350,4270,1450,2270,2290,1050,930,620,7930,320,650,4310,4310,1360,2300,2340,1060,930,600,7920,300,670
2021_06,28時,4310,4330,1440,2270,2290,1050,920,660,7910,330,690,4320,4300,1340,2310,2330,1070,920,640,7900,310,680
2021_07,5時,4510,4520,1780,2260,2290,1060,910,730,8140,430,770,4550,4450,1610,2310,2400,1050,900,720,7900,450,960
2021_07,6時,4710,4640,1790,2250,2430,1080,990,790,8010,650,990,4580,4520,1600,2310,2400,1050,960,760,7880,550,990
2021_07,7時,4870,4650,1690,2330,2510,1100,1010,850,7330,1140,1330,4630,4660,1480,2350,2500,1120,1000,820,7530,830,1230
2021_07,8時,4540,4990,1420,2210,2660,1230,1100,890,5670,2320,1850,5030,4960,1600,2510,2650,1230,1170,820,7170,1200,1910
2021_07,9時,4630,5550,1570,2370,2590,1320,1230,1080,4700,3030,2750,5590,5640,1850,2920,2800,1370,1310,950,6740,1620,3150
2021_07,10時,4950,6220,1680,2510,2690,1420,1490,1370,4380,3180,3830,6340,6730,2120,3110,3270,1740,1570,1250,6450,1720,5110
2021_07,11時,5300,6850,1850,2640,2920,1510,1660,1560,4300,3380,4700,7020,7550,2350,3390,3680,1930,1830,1360,6260,1880,6640
2021_07,12時,5410,7150,1940,2680,3010,1630,1660,1620,4310,3440,5050,7180,7900,2410,3430,3870,2060,1960,1330,6130,1870,7290
2021_07,13時,5350,7150,2010,2700,2960,1580,1670,1570,4350,3430,4960,7060,8100,2460,3400,4050,2040,1890,1310,6000,1860,7520
2021_07,14時,5380,7060,1920,2670,3010,1610,1640,1570,4400,3400,4880,7070,7970,2320,3350,4060,2030,1890,1380,5950,1830,7450
2021_07,15時,5410,6680,1830,2680,2960,1590,1550,1450,4420,3410,4480,7050,7970,2550,3300,4170,1930,1750,1310,6030,1860,7340
2021_07,16時,5100,6430,1790,2510,2950,1530,1450,1280,4570,3300,3890,6860,7660,2480,3220,4180,1850,1610,1170,6090,1780,6850
2021_07,17時,5100,6040,1780,2440,2930,1470,1330,1160,4960,2870,3550,6680,7090,2280,3040,4040,1800,1480,1120,6190,1670,6150
2021_07,18時,5020,5650,1700,2410,2890,1470,1180,1010,5440,2230,3260,6440,6650,2310,2980,3680,1740,1400,950,6560,1430,5360
2021_07,19時,4820,5240,1620,2400,2750,1380,1030,870,6110,1570,2650,5800,5970,2160,2770,3240,1510,1230,860,6850,1100,4110
2021_07,20時,4740,4760,1610,2300,2630,1240,990,720,6840,1110,1820,5170,5000,1840,2490,2740,1320,1030,730,7140,900,2410
2021_07,21時,4640,4460,1670,2270,2490,1110,910,630,7360,720,1290,4730,4580,1650,2320,2590,1180,940,620,7400,540,1650
2021_07,22時,4450,4350,1670,2230,2390,1040,860,600,7610,440,1040,4450,4380,1520,2230,2460,1120,880,600,7510,390,1210
2021_07,23時,4230,4090,1640,2160,2250,940,790,520,7510,340,750,4180,4000,1390,2130,2260,1010,830,540,7260,350,840
2021_07,24時,4460,4290,1700,2310,2260,970,850,650,7990,360,700,4360,4220,1510,2220,2300,1020,860,650,7740,360,770
2021_07,25時,4520,4320,1730,2320,2280,980,860,650,8050,360,720,4390,4230,1540,2230,2290,1020,860,650,7780,370,770
2021_07,26時,4450,4300,1720,2240,2260,990,880,650,7990,360,700,4340,4220,1540,2190,2280,1030,860,640,7740,370,740
2021_07,27時,4420,4330,1730,2240,2260,980,890,640,8000,360,700,4340,4250,1540,2190,2280,1020,880,650,7740,370,770
2021_07,28時,4410,4370,1720,2240,2250,980,890,680,7980,380,730,4400,4270,1550,2230,2280,1040,890,670,7740,400,820
2021_08,5時,4600,4580,1730,2310,2330,1070,970,760,8360,450,760,4410,4540,1560,2300,2380,1020,980,700,8160,440,720
2021_08,6時,4710,4690,1740,2280,2410,1110,1000,840,8130,640,1020,4480,4600,1550,2340,2380,1040,1010,740,8050,510,880
2021_08,7時,5010,4740,1730,2320,2580,1160,1030,910,7580,1150,1400,4570,4660,1490,2300,2480,1110,1040,800,7690,730,1160
2021_08,8時,4730,4870,1290,2280,2780,1200,1120,930,6150,1910,1950,4950,5210,1690,2520,2680,1240,1180,830,7550,1020,1930
2021_08,9時,4980,5350,1440,2410,2800,1270,1250,1150,5330,2470,2900,5490,5930,1960,2820,2910,1340,1390,980,7140,1480,3130
2021_08,10時,5400,6050,1650,2570,2860,1410,1490,1460,5020,2650,4120,6070,6800,2130,3010,3240,1570,1710,1200,6860,1540,4780
2021_08,11時,5700,6440,1770,2620,3030,1460,1640,1590,4840,2750,4870,6460,7470,2200,3110,3590,1840,1880,1300,6650,1580,5990
2021_08,12時,5890,6660,1810,2740,3100,1550,1660,1660,4860,2830,5170,6620,7740,2310,3230,3690,1930,1850,1340,6630,1650,6370
2021_08,13時,5890,6780,1900,2710,3150,1600,1670,1620,4900,2870,5220,6730,7690,2330,3210,3870,1890,1820,1290,6500,1640,6590
2021_08,14時,5930,6670,1850,2690,3180,1640,1650,1570,4860,2850,5210,6700,7910,2340,3290,3990,1850,1870,1260,6470,1630,6800
2021_08,15時,5920,6590,1890,2640,3230,1610,1650,1470,4900,2870,5060,6660,8050,2450,3350,4050,1830,1800,1200,6430,1650,6910
2021_08,16時,5690,6270,1860,2570,3220,1530,1510,1260,5030,2770,4480,6380,7840,2500,3250,3900,1770,1680,1100,6550,1650,6330
2021_08,17時,5570,5910,1770,2500,3260,1450,1370,1120,5400,2540,3860,6240,7240,2490,3030,3640,1760,1460,1090,6550,1570,5670
2021_08,18時,5380,5690,1790,2510,3110,1460,1220,960,5940,2010,3480,6160,6510,2340,2940,3410,1640,1350,980,6850,1330,4840
2021_08,19時,5190,5290,1750,2480,2880,1390,1090,870,6560,1480,2810,5570,5760,2050,2700,3070,1480,1170,850,7180,1060,3450
2021_08,20時,4990,4870,1720,2420,2700,1220,1050,730,7150,1050,2010,5070,5140,1870,2450,2780,1300,1080,710,7500,910,2130
2021_08,21時,4720,4550,1700,2320,2550,1100,930,640,7570,690,1360,4680,4670,1660,2390,2520,1160,970,640,7690,620,1390
2021_08,22時,4470,4400,1660,2210,2450,1030,880,620,7730,500,970,4500,4480,1710,2290,2400,1070,890,610,7830,520,970
2021_08,23時,4240,4120,1620,2140,2270,950,820,540,7560,390,740,4240,4160,1570,2200,2240,980,850,540,7560,420,760
2021_08,24時,4420,4270,1640,2220,2300,980,870,670,8090,400,560,4460,4290,1630,2290,2260,990,880,670,8090,400,620
2021_08,25時,4460,4330,1660,2260,2320,980,880,690,8180,410,580,4470,4340,1660,2300,2260,1000,900,680,8150,390,630
2021_08,26時,4420,4300,1650,2180,2300,990,900,690,8140,390,560,4450,4330,1660,2250,2260,1000,910,670,8140,390,610
2021_08,27時,4430,4350,1660,2190,2320,990,920,680,8140,400,610,4470,4330,1650,2260,2270,1000,930,680,8120,390,660
2021_08,28時,4400,4400,1640,2200,2300,1010,910,730,8110,400,670,4500,4400,1670,2290,2280,1020,920,700,8140,390,730
2021_09,5時,4640,4790,1750,2560,2420,1050,910,710,8500,530,830,4460,4680,1540,2570,2380,1010,960,670,8260,500,810
2021_09,6時,4790,4890,1810,2540,2480,1060,990,780,8290,750,1050,4610,4740,1540,2630,2430,1020,1000,700,8190,610,970
2021_09,7時,4930,5030,1760,2640,2600,1060,1040,840,7690,1220,1470,4590,4800,1400,2640,2500,1070,1030,740,7760,860,1210
2021_09,8時,4740,5270,1490,2680,2720,1110,1140,860,6250,2160,2030,5100,5190,1570,2880,2690,1210,1180,740,7630,1330,1740
2021_09,9時,4780,5780,1720,2700,2670,1150,1280,1030,5340,2810,2810,5500,5920,1960,3130,2740,1330,1370,870,7090,1860,2850
2021_09,10時,5180,6460,1820,2860,2800,1280,1470,1400,4960,3020,4010,6040,6800,1980,3390,3200,1520,1600,1130,6660,1980,4560
2021_09,11時,5450,7060,1910,2930,2910,1410,1710,1630,4880,3230,4740,6560,7510,2040,3590,3540,1780,1820,1280,6360,2050,6020
2021_09,12時,5550,7290,2040,2890,3060,1510,1710,1600,4910,3300,4960,6590,7920,2230,3470,3620,1900,1840,1420,6130,2090,6620
2021_09,13時,5490,7300,2000,2930,3030,1490,1700,1620,4930,3320,4870,6560,8170,2410,3230,3930,1910,1890,1350,6030,2100,6930
2021_09,14時,5550,7060,2040,2880,2940,1470,1690,1580,4940,3280,4740,6780,8200,2300,3480,4120,1950,1890,1220,5930,2170,7220
2021_09,15時,5550,6810,2050,2890,2970,1440,1600,1410,5040,3330,4340,6740,8110,2230,3580,4140,1890,1710,1290,5880,2120,7190
2021_09,16時,5400,6680,2110,2840,2970,1400,1530,1210,5230,3260,3940,6570,7620,2210,3520,3930,1770,1590,1160,6200,2090,6260
2021_09,17時,5390,6200,2000,2750,3010,1380,1390,1040,5560,3010,3410,6380,7110,2180,3360,3720,1700,1440,1070,6540,1990,5300
2021_09,18時,5270,5790,1830,2720,2960,1410,1210,910,6020,2400,3010,6190,6610,2140,3260,3540,1630,1350,870,6840,1760,4580
2021_09,19時,5130,5440,1870,2650,2820,1310,1090,820,6660,1800,2510,5590,5870,1960,3000,3140,1450,1160,740,7140,1350,3350
2021_09,20時,4980,4930,1780,2560,2680,1170,1040,670,7200,1270,1830,4920,5160,1710,2680,2810,1210,1000,660,7430,1040,2000
2021_09,21時,4770,4710,1750,2550,2550,1070,940,590,7700,890,1270,4540,4770,1480,2580,2650,1080,920,580,7670,640,1390
2021_09,22時,4510,4570,1700,2520,2430,1010,850,560,7920,610,950,4420,4590,1500,2540,2510,1060,840,530,7890,510,1000
2021_09,23時,4250,4310,1600,2480,2250,940,810,470,7720,480,750,4250,4320,1490,2490,2360,1000,760,460,7690,440,830
2021_09,24時,4550,4400,1660,2520,2350,970,830,610,8270,480,600,4390,4470,1490,2530,2410,980,830,610,8180,450,630
2021_09,25時,4600,4470,1680,2580,2350,980,840,630,8360,500,620,4380,4510,1510,2530,2420,970,840,610,8230,430,630
2021_09,26時,4550,4470,1680,2510,2340,980,870,620,8310,480,640,4350,4480,1490,2500,2400,980,850,600,8180,430,620
2021_09,27時,4560,4490,1680,2510,2360,980,880,620,8330,480,650,4360,4510,1490,2490,2420,970,870,600,8190,430,640
2021_09,28時,4550,4530,1660,2500,2350,1010,870,670,8300,480,710,4360,4560,1480,2500,2410,1000,870,630,8170,440,700
2021_10,5時,4670,4550,1560,2570,2410,1070,900,700,8310,510,760,4690,4660,1560,2630,2500,1030,900,700,8280,460,960
2021_10,6時,4810,4700,1590,2580,2480,1090,970,790,8140,710,990,4760,4740,1580,2650,2480,1060,960,740,8180,590,1070
2021_10,7時,4890,4790,1470,2570,2510,1110,1100,890,7490,1170,1350,4800,4910,1560,2700,2490,1080,1070,790,7880,830,1370
2021_10,8時,4640,5190,1470,2490,2600,1110,1210,920,5960,2310,1890,5140,5370,1700,2780,2650,1230,1270,860,7530,1140,2160
2021_10,9時,4860,5750,1690,2570,2560,1190,1370,1200,4990,2990,2940,5930,5880,2030,3030,2800,1400,1520,1030,7020,1610,3500
2021_10,10時,5190,6560,1860,2680,2710,1340,1550,1590,4630,3190,4200,6800,7120,2400,3320,3290,1710,1820,1360,6660,1840,5680
2021_10,11時,5530,7280,1980,2690,2950,1480,1840,1850,4540,3380,5170,7390,8050,2550,3430,3870,2000,2080,1500,6430,1910,7380
2021_10,12時,5740,7470,2090,2760,3000,1630,1890,1820,4580,3560,5350,7360,8470,2550,3360,4060,2140,2170,1540,6220,2040,7850
2021_10,13時,5730,7470,2150,2800,3010,1610,1850,1760,4590,3640,5250,7460,8620,2580,3470,4260,2100,2160,1490,6130,2000,8220
2021_10,14時,5700,7240,2180,2770,2950,1550,1780,1700,4560,3540,5120,7460,8660,2670,3550,4270,2090,2040,1480,6050,2040,8320
2021_10,15時,5560,7000,2110,2780,2870,1520,1700,1560,4560,3530,4740,7390,8570,2690,3680,4240,2010,1940,1400,6100,2040,8130
2021_10,16時,5400,6810,2190,2660,2870,1510,1590,1380,4750,3430,4310,7230,7960,2690,3510,4110,1910,1720,1230,6090,1930,7460
2021_10,17時,5400,6200,1940,2680,2880,1430,1430,1220,5130,2910,3830,7030,7500,2620,3590,3900,1780,1490,1140,6420,1850,6550
2021_10,18時,5420,6020,2010,2670,2980,1440,1270,1060,5690,2410,3640,6830,7130,2720,3420,3780,1640,1360,1030,6850,1660,5750
2021_10,19時,5380,5510,1920,2720,2890,1310,1060,960,6400,1840,2960,6350,6370,2600,3080,3450,1500,1200,870,7050,1430,4540
2021_10,20時,5250,5150,1930,2610,2800,1250,1000,800,7040,1380,2290,5600,5790,2250,2780,3150,1350,1070,770,7250,1190,3260
2021_10,21時,4900,4890,1870,2550,2640,1110,890,710,7490,990,1640,5000,5120,1890,2600,2800,1190,930,690,7610,840,1990
2021_10,22時,4640,4550,1670,2560,2470,1060,780,650,7700,600,1220,4590,4710,1660,2510,2560,1100,850,610,7660,610,1380
2021_10,23時,4320,4190,1520,2460,2300,930,740,540,7570,440,840,4340,4260,1520,2420,2350,990,780,530,7510,470,950
2021_10,24時,4560,4340,1540,2520,2390,960,780,700,8180,410,650,4520,4290,1480,2480,2380,970,820,660,8010,420,730
2021_10,25時,4580,4390,1530,2560,2390,970,800,710,8250,410,650,4510,4350,1500,2500,2370,980,830,660,8090,410,730
2021_10,26時,4560,4390,1540,2530,2360,970,830,710,8230,390,680,4510,4370,1510,2480,2370,990,850,660,8080,410,750
2021_10,27時,4590,4440,1560,2550,2380,960,860,710,8250,380,750,4560,4360,1490,2480,2430,990,860,660,8060,410,820
2021_10,28時,4580,4460,1560,2540,2380,990,850,710,8230,380,780,4580,4400,1510,2480,2430,1030,860,650,8060,410,860
2021_11,5時,4600,4370,1450,2470,2400,1050,820,770,8190,320,700,4570,4310,1350,2480,2460,980,830,780,7950,350,810
2021_11,6時,4600,4560,1530,2510,2360,1030,890,820,8010,470,910,4590,4470,1380,2560,2430,1020,840,800,7870,480,920
2021_11,7時,4910,4630,1400,2620,2500,1050,990,960,7390,1100,1310,4760,4470,1280,2620,2540,1040,900,820,7540,810,1140
2021_11,8時,4690,4940,1320,2510,2630,1060,1080,1000,5700,2390,1780,4810,4940,1290,2660,2690,1120,1110,850,7020,1230,1700
2021_11,9時,4640,5630,1520,2630,2500,1170,1240,1200,4600,3170,2710,5750,5620,1670,3020,2880,1290,1450,1050,6540,1950,3090
2021_11,10時,5150,6540,1670,2830,2650,1360,1560,1600,4250,3240,4380,6560,7180,1990,3340,3420,1690,1840,1430,6170,1990,5780
2021_11,11時,5520,7290,1870,2890,2850,1500,1780,1910,4090,3490,5420,7140,8150,2150,3560,3880,1950,2110,1630,5860,2140,7500
2021_11,12時,5600,7550,1980,2890,2910,1590,1830,1940,4110,3570,5640,7350,8390,2190,3610,4030,2090,2120,1690,5720,2220,7980
2021_11,13時,5420,7450,1970,2820,2890,1540,1770,1850,4080,3650,5330,7250,8560,2360,3480,4230,2110,1920,1690,5520,2270,8220
2021_11,14時,5430,7240,2040,2810,2870,1500,1740,1690,4080,3630,5160,7280,8880,2440,3710,4250,2050,2050,1640,5570,2290,8500
2021_11,15時,5440,6920,2040,2740,2830,1480,1640,1610,4150,3660,4760,7090,8640,2450,3530,4250,1960,1980,1530,5590,2290,8040
2021_11,16時,5270,6670,2040,2590,2900,1470,1550,1380,4350,3630,4170,7000,8020,2340,3410,4250,1960,1690,1360,5770,2270,7190
2021_11,17時,5210,5840,1620,2490,2940,1420,1370,1190,4590,2960,3720,6800,7490,2340,3370,4100,1810,1420,1240,6140,2110,6280
2021_11,18時,5220,5850,1680,2600,3010,1400,1290,1080,5290,2500,3490,6680,7000,2350,3390,3860,1650,1320,1080,6600,1840,5480
2021_11,19時,5040,5410,1530,2660,2910,1340,1020,980,5960,1780,2930,6150,6300,2240,3140,3470,1490,1140,950,6900,1410,4370
2021_11,20時,4950,4930,1530,2470,2820,1270,920,850,6510,1250,2330,5390,5430,1840,2790,3140,1280,960,810,7100,1050,2900
2021_11,21時,4560,4670,1510,2320,2680,1100,800,800,6980,840,1630,4760,4670,1550,2480,2750,1070,800,760,7340,750,1570
2021_11,22時,4380,4300,1430,2310,2510,1030,700,690,7420,400,1090,4370,4320,1400,2370,2480,1000,740,680,7460,400,1080
2021_11,23時,4130,4000,1360,2240,2320,920,670,610,7320,280,760,4190,3940,1280,2350,2300,920,680,580,7250,310,810
2021_11,24時,4380,4180,1430,2410,2320,950,690,730,8000,260,530,4350,4120,1360,2430,2320,900,720,730,7850,270,580
2021_11,25時,4380,4250,1430,2430,2330,960,710,750,8040,260,550,4380,4160,1360,2430,2350,910,730,730,7900,270,600
2021_11,26時,4360,4190,1400,2400,2300,960,720,750,8010,260,510,4370,4150,1360,2410,2340,910,750,740,7890,270,600
2021_11,27時,4360,4220,1410,2390,2320,960,740,740,8030,260,510,4380,4170,1360,2400,2370,910,760,730,7900,270,630
2021_11,28時,4400,4240,1410,2400,2330,980,750,740,8030,270,570,4410,4180,1360,2420,2370,930,760,730,7880,270,670
2021_12,5時,4700,4530,1650,2510,2200,1080,860,910,8460,400,670,4800,4480,1420,2640,2370,1050,910,890,8400,420,760
2021_12,6時,4720,4670,1670,2560,2230,1060,900,950,8170,610,900,4760,4550,1340,2650,2420,1070,940,870,8170,560,880
2021_12,7時,5030,4820,1680,2600,2420,1070,1010,1050,7710,1150,1290,5060,4680,1270,2730,2610,1160,990,960,7950,870,1260
2021_12,8時,4930,5180,1560,2490,2710,1130,1150,1050,6160,2380,1880,5220,5000,1340,2820,2710,1180,1170,990,7520,1180,1820
2021_12,9時,5050,5790,1830,2540,2640,1230,1370,1230,5080,3200,2810,5640,5640,1660,2960,2900,1240,1410,1100,6920,1750,2860
2021_12,10時,5370,6760,2000,2680,2820,1400,1620,1590,4720,3330,4320,6630,6880,2080,3210,3450,1610,1770,1370,6620,2140,5000
2021_12,11時,5760,7490,2140,2820,3060,1490,1880,1840,4490,3550,5430,7270,7940,2370,3450,3890,1890,2010,1580,6280,2220,6950
2021_12,12時,5900,7840,2330,2870,3230,1520,1910,1860,4440,3700,5810,7550,8220,2340,3700,4070,1920,2040,1670,5990,2240,7770
2021_12,13時,5900,7820,2320,2930,3280,1540,1830,1810,4380,3710,5860,7780,8400,2370,3790,4220,2000,2120,1660,5880,2230,8300
2021_12,14時,5840,7770,2330,2870,3250,1570,1860,1710,4430,3680,5730,7890,8760,2480,3920,4360,2040,2150,1690,5840,2290,8760
2021_12,15時,5600,7530,2270,2870,3110,1570,1750,1540,4450,3690,5210,7340,8700,2420,3690,4380,2040,1860,1640,5780,2350,8160
2021_12,16時,5490,7160,2300,2740,3060,1550,1600,1380,4620,3660,4610,7050,8310,2400,3670,4180,1930,1700,1470,6000,2300,7310
2021_12,17時,5390,6570,2020,2680,3020,1520,1450,1240,4910,3060,4230,6780,7640,2430,3490,3880,1750,1560,1310,6260,2140,6290
2021_12,18時,5360,6190,1820,2820,2970,1490,1330,1110,5570,2470,3770,6590,7220,2590,3190,3670,1770,1390,1190,6700,1900,5480
2021_12,19時,5120,5600,1610,2790,2750,1390,1090,1070,6110,1830,3040,6080,6750,2330,3240,3330,1600,1230,1100,7060,1610,4440
2021_12,20時,4890,5140,1500,2570,2640,1320,1000,980,6620,1260,2420,5540,5880,2140,2890,2910,1430,1070,950,7410,1250,3060
2021_12,21時,4480,4800,1320,2450,2530,1170,890,900,7110,790,1650,4790,5160,1530,2740,2610,1210,920,910,7710,690,1840
2021_12,22時,4450,4500,1460,2430,2360,1070,790,820,7630,480,1110,4740,4780,1540,2640,2480,1140,850,850,7900,530,1390
2021_12,23時,4280,4200,1450,2370,2160,970,760,750,7580,360,790,4480,4310,1450,2460,2270,1030,770,800,7720,400,930
2021_12,24時,4490,4320,1550,2430,2220,960,760,870,8200,370,530,4620,4370,1470,2520,2270,990,830,890,8280,400,600
2021_12,25時,4550,4340,1560,2450,2200,980,790,880,8260,360,560,4640,4390,1490,2530,2260,980,860,900,8330,390,610
2021_12,26時,4520,4350,1560,2440,2180,990,810,870,8270,350,560,4620,4400,1510,2520,2250,980,870,880,8350,370,600
2021_12,27時,4520,4380,1570,2490,2150,990,820,870,8290,350,560,4640,4410,1470,2550,2280,990,850,880,8320,370,650
2021_12,28時,4540,4370,1570,2480,2140,1010,800,880,8250,360,590,4650,4410,1470,2580,2270,1000,840,890,8310,370,670
2022_01,5時,4800,4740,2010,2530,2160,1060,870,890,8640,310,870,4460,4570,1580,2380,2270,1000,880,900,8150,300,830
2022_01,6時,4790,4910,2070,2530,2160,1040,930,950,8450,460,1060,4440,4750,1640,2460,2220,1030,920,900,8000,460,1000
2022_01,7時,4880,4980,1880,2550,2270,1110,1040,1000,7900,920,1340,4640,4820,1570,2520,2340,1110,1000,910,7790,660,1280
2022_01,8時,4640,5190,1640,2380,2520,1120,1100,1040,6170,2090,1840,4880,5310,1570,2640,2610,1210,1220,920,7480,1020,1950
2022_01,9時,4660,5770,1870,2380,2480,1180,1280,1220,5090,2880,2680,5720,6040,2110,2960,2840,1350,1450,1040,7200,1720,3050
2022_01,10時,4970,6620,2060,2500,2650,1330,1530,1500,4870,3060,3880,6300,7010,2320,3230,3180,1630,1690,1250,6830,1880,4800
2022_01,11時,5450,7280,2260,2650,2870,1460,1730,1730,4750,3280,4900,6770,7810,2590,3370,3540,1840,1840,1390,6500,1970,6310
2022_01,12時,5660,7660,2530,2760,2980,1510,1760,1760,4760,3440,5330,7000,8270,2830,3440,3740,1940,1900,1400,6370,2020,7050
2022_01,13時,5430,7460,2350,2810,2940,1420,1730,1630,4570,3430,5090,7030,8380,2870,3370,3820,1950,1910,1470,6260,1930,7400
2022_01,14時,5470,7370,2430,2770,2880,1440,1710,1600,4640,3380,5020,7130,8420,2860,3320,3970,2020,1900,1460,6260,1960,7520
2022_01,15時,5410,7250,2430,2730,2820,1480,1660,1530,4750,3420,4710,7020,8210,2690,3430,3940,1970,1810,1380,6160,2040,7240
2022_01,16時,5260,6790,2250,2630,2800,1450,1540,1350,4910,3250,4100,6720,8120,2730,3400,3850,1870,1590,1370,6280,2020,6770
2022_01,17時,5220,6300,2130,2640,2740,1410,1370,1220,5210,2760,3770,6500,7350,2600,3280,3560,1750,1410,1240,6390,1930,5790
2022_01,18時,5070,5990,1990,2710,2630,1390,1200,1120,5750,2280,3290,6180,6980,2490,3140,3370,1700,1280,1160,6740,1710,4960
2022_01,19時,5000,5450,1760,2660,2590,1350,1030,1040,6390,1590,2720,5780,6260,2360,2920,3030,1560,1120,1030,7030,1430,3830
2022_01,20時,4910,5260,1860,2540,2570,1290,970,930,7070,1130,2220,5250,5700,2180,2680,2730,1400,1000,940,7400,1100,2700
2022_01,21時,4610,5070,1900,2430,2420,1150,870,890,7590,710,1620,4660,5110,1790,2470,2450,1250,910,880,7630,670,1730
2022_01,22時,4640,4730,1890,2450,2340,1050,780,840,8000,400,1220,4470,4780,1700,2380,2300,1160,850,840,7810,450,1240
2022_01,23時,4480,4390,1830,2330,2160,980,780,770,7920,340,860,4260,4440,1630,2290,2150,1040,790,780,7640,310,990
2022_01,24時,4630,4490,1890,2380,2180,960,820,870,8460,290,630,4430,4440,1740,2340,2140,1000,800,840,8180,270,680
2022_01,25時,4680,4500,1910,2390,2160,970,860,870,8500,280,650,4440,4450,1740,2360,2130,990,810,840,8210,270,680
2022_01,26時,4690,4510,1930,2420,2140,970,850,870,8520,280,670,4440,4480,1760,2350,2130,980,820,850,8240,270,670
2022_01,27時,4720,4540,1920,2480,2130,970,850,880,8550,270,690,4490,4510,1760,2420,2140,970,840,860,8270,280,730
2022_01,28時,4730,4540,1920,2480,2130,990,850,880,8520,270,740,4480,4510,1760,2410,2120,990,830,860,8240,280,730
2022_02,5時,4760,4350,1830,2260,2130,1080,930,870,8260,590,710,4820,4420,1740,2390,2270,1040,900,880,8250,590,870
2022_02,6時,4800,4470,1850,2300,2190,1040,970,890,8120,780,810,4830,4440,1720,2420,2270,1040,930,870,8090,680,940
2022_02,7時,4980,4600,1770,2300,2310,1080,1150,950,7610,1370,1080,4950,4490,1570,2450,2410,1090,1020,890,7810,970,1150
2022_02,8時,4830,4750,1540,2110,2580,1110,1220,1010,6060,2270,1720,5040,4930,1450,2500,2660,1200,1180,940,7410,1350,1640
2022_02,9時,4970,5310,1800,2150,2490,1190,1380,1250,5090,3170,2440,5770,5680,1860,2840,2900,1340,1420,1080,6930,2210,2760
2022_02,10時,5240,6050,1930,2350,2580,1290,1570,1550,4840,3270,3550,6300,6520,1960,3100,3180,1570,1690,1300,6630,2350,4250
2022_02,11時,5600,6440,2010,2480,2690,1360,1740,1740,4630,3410,4380,6940,7340,2160,3420,3540,1740,1930,1470,6510,2430,5740
2022_02,12時,5820,6620,2140,2520,2730,1450,1870,1700,4650,3570,4610,7050,7710,2310,3390,3770,1890,1880,1490,6410,2490,6240
2022_02,13時,5650,6500,2030,2440,2770,1460,1820,1610,4570,3630,4340,7330,7940,2500,3450,4000,1920,1880,1500,6370,2530,6740
2022_02,14時,5660,6310,2030,2330,2820,1460,1740,1570,4600,3650,4120,7190,7950,2490,3390,4050,1860,1900,1430,6170,2500,6850
2022_02,15時,5600,6110,1990,2300,2770,1450,1670,1510,4690,3690,3710,7000,7680,2440,3340,3970,1750,1800,1390,6330,2460,6290
2022_02,16時,5470,5910,1920,2400,2740,1420,1570,1310,4840,3670,3280,6750,7250,2530,3200,3680,1690,1590,1290,6270,2480,5650
2022_02,17時,5470,5570,1930,2360,2740,1400,1430,1170,5140,3400,2910,6750,6830,2470,3330,3480,1660,1450,1180,6590,2370,5020
2022_02,18時,5390,5420,1940,2480,2690,1340,1240,1100,5660,2760,2800,6370,6460,2510,3150,3180,1590,1290,1100,6860,2110,4280
2022_02,19時,5120,4920,1760,2400,2480,1290,1050,1040,6080,2070,2310,5910,5980,2380,2880,2950,1500,1140,1010,7110,1750,3450
2022_02,20時,4900,4520,1580,2280,2450,1210,970,910,6710,1410,1720,5370,5210,1960,2660,2730,1290,1040,880,7440,1230,2320
2022_02,21時,4600,4430,1590,2230,2380,1090,880,840,7260,910,1280,4890,4800,1730,2620,2390,1140,940,850,7720,850,1540
2022_02,22時,4580,4310,1740,2200,2280,1040,820,780,7670,700,940,4700,4610,1780,2530,2240,1110,840,790,7860,690,1180
2022_02,23時,4330,4090,1660,2090,2110,990,790,740,7600,580,660,4520,4320,1720,2410,2120,1020,820,730,7710,580,980
2022_02,24時,4520,4150,1750,2100,2140,980,820,860,8140,520,430,4690,4300,1770,2360,2150,1010,830,850,8140,540,730
2022_02,25時,4570,4160,1780,2110,2120,980,870,860,8220,520,430,4740,4280,1770,2360,2130,1020,870,850,8160,540,740
2022_02,26時,4610,4130,1780,2130,2100,980,880,860,8220,510,440,4700,4300,1770,2370,2110,1000,880,850,8180,530,720
2022_02,27時,4640,4170,1780,2200,2100,980,880,860,8220,540,510,4780,4320,1770,2430,2140,1020,870,850,8210,560,780
2022_02,28時,4620,4180,1750,2200,2080,1010,860,870,8170,540,540,4760,4350,1770,2440,2130,1020,880,860,8180,560,820
2022_03,5時,4900,4580,2040,2440,2060,1090,950,870,8580,400,820,4750,4530,1840,2380,2180,990,970,890,8420,410,770
2022_03,6時,4820,4660,2040,2340,2100,1080,990,920,8330,510,950,4750,4640,1880,2380,2200,1020,1010,880,8330,480,910
2022_03,7時,5070,4680,1910,2360,2270,1090,1140,960,7640,1130,1300,4880,4770,1730,2540,2330,1060,1050,930,8010,750,1220
2022_03,8時,4870,5160,1820,2270,2560,1110,1210,1040,6080,2410,1860,4900,5180,1670,2600,2500,1080,1250,970,7460,1110,1830
2022_03,9時,5030,5450,1940,2360,2420,1200,1340,1200,4880,3210,2670,5620,5900,2020,2920,2760,1210,1500,1110,6960,1820,3020
2022_03,10時,5310,6180,2100,2470,2490,1350,1540,1510,4550,3360,3830,6490,6780,2210,3170,3210,1480,1790,1400,6570,1940,5010
2022_03,11時,5640,6770,2120,2600,2700,1470,1800,1710,4370,3450,4840,7070,7480,2390,3340,3630,1650,1960,1560,6310,1990,6490
2022_03,12時,5740,6990,2110,2590,2800,1570,1920,1730,4280,3570,5140,7230,7820,2530,3340,3820,1790,1920,1630,5930,2040,7280
2022_03,13時,5580,7030,2100,2550,2780,1570,1880,1710,4240,3600,5030,7340,7930,2710,3320,3880,1860,1880,1590,5780,2110,7600
2022_03,14時,5480,6870,2100,2410,2800,1530,1800,1690,4190,3580,4820,7310,8240,2820,3370,3960,1910,1940,1520,5660,2130,7990
2022_03,15時,5570,6730,2120,2450,2870,1520,1750,1570,4360,3640,4550,7240,7910,2760,3270,3860,1980,1870,1400,5720,2120,7540
2022_03,16時,5440,6300,1950,2420,2790,1520,1650,1390,4570,3580,3860,7170,7630,2780,3260,3770,1950,1710,1310,5930,2080,7060
2022_03,17時,5350,5700,1780,2400,2670,1430,1500,1250,4810,3190,3340,6960,7180,2660,3170,3630,1860,1610,1200,6100,1950,6370
2022_03,18時,5280,5350,1720,2450,2640,1370,1260,1170,5370,2650,2900,6510,6720,2640,2980,3460,1630,1390,1110,6530,1790,5210
2022_03,19時,5080,4870,1690,2410,2430,1250,1080,1070,5990,1880,2370,6000,5820,2400,2620,3080,1480,1220,1010,6890,1400,3830
2022_03,20時,4790,4730,1620,2270,2430,1210,1030,940,6630,1240,1950,5390,5260,2150,2430,2690,1340,1100,920,7250,1050,2650
2022_03,21時,4570,4540,1560,2300,2320,1110,940,860,7180,760,1480,4870,4910,2000,2370,2370,1160,1000,850,7630,670,1780
2022_03,22時,4570,4490,1690,2370,2230,1060,890,800,7690,490,1190,4680,4570,1840,2380,2170,1090,930,810,7810,540,1210
2022_03,23時,4380,4240,1760,2260,2040,980,830,740,7710,410,800,4360,4410,1750,2340,2050,1010,860,750,7760,420,890
2022_03,24時,4670,4300,1950,2290,2050,950,860,860,8360,360,550,4620,4410,1900,2280,2080,970,920,860,8340,400,590
2022_03,25時,4760,4330,2010,2300,2050,960,900,860,8410,360,620,4660,4420,1900,2290,2070,970,960,860,8380,400,600
2022_03,26時,4770,4320,2000,2320,2010,970,910,850,8430,360,600,4650,4400,1920,2300,2030,970,960,850,8390,400,560
2022_03,27時,4770,4320,1980,2380,2000,960,900,860,8440,360,590,4710,4410,1920,2380,2020,960,970,850,8440,400,580
2022_03,28時,4760,4360,1980,2380,2010,970,900,850,8420,360,640,4710,4460,1950,2380,2020,990,960,850,8420,400,650
2022_04,5時,4720,4720,1980,2400,2260,930,950,890,8600,630,760,4750,4420,1760,2360,2370,890,880,900,8360,660,670
2022_04,6時,4740,4810,2010,2350,2280,940,990,940,8350,860,860,4850,4510,1780,2390,2390,940,920,920,8280,750,850
2022_04,7時,4980,4850,2020,2300,2340,1010,1130,1010,7820,1410,1150,4840,4620,1620,2360,2430,1020,1020,990,7970,920,1100
2022_04,8時,4720,5310,1780,2330,2470,1200,1180,1070,6020,2890,1680,5160,5080,1640,2630,2610,1130,1200,1020,7580,1380,1810
2022_04,9時,4960,5530,1950,2380,2270,1300,1320,1250,4750,3810,2570,5690,5820,1950,2850,2920,1260,1340,1170,7170,2080,2800
2022_04,10時,5180,5930,1910,2430,2310,1380,1500,1560,4250,3840,3530,6320,6980,2170,3140,3290,1570,1720,1390,6680,2240,4850
2022_04,11時,5480,6420,1890,2540,2570,1450,1670,1760,4090,4000,4290,6830,7510,2290,3140,3640,1760,1930,1560,6290,2250,6240
2022_04,12時,5700,6690,1980,2600,2740,1560,1740,1750,4070,4050,4730,7130,7740,2460,3180,3750,1910,1970,1560,6040,2290,6950
2022_04,13時,5560,6820,1950,2620,2720,1560,1750,1750,4020,4050,4750,7180,7840,2540,3180,3820,2040,1880,1560,5820,2300,7310
2022_04,14時,5510,6620,1910,2570,2700,1550,1690,1700,4060,4060,4470,7210,7900,2480,3330,3890,2010,1890,1500,5770,2270,7460
2022_04,15時,5390,6340,1880,2490,2650,1560,1610,1540,4150,4100,3950,6980,7900,2510,3260,3930,1940,1790,1420,5920,2250,7090
2022_04,16時,5230,6090,1750,2470,2590,1540,1560,1400,4350,3930,3510,6700,7440,2350,3140,3900,1870,1560,1290,6090,2140,6290
2022_04,17時,5230,5580,1700,2350,2560,1490,1390,1290,4750,3510,3030,6440,7000,2190,3000,3820,1820,1380,1210,6320,2130,5360
2022_04,18時,5250,5340,1640,2470,2660,1430,1200,1170,5300,3030,2720,6360,6530,2250,2880,3600,1710,1250,1180,6720,2010,4550
2022_04,19時,5090,4990,1640,2310,2630,1290,1090,1090,5900,2170,2450,6060,5680,2230,2580,3190,1550,1080,1090,6890,1600,3660
2022_04,20時,4930,4770,1560,2270,2660,1200,1000,990,6640,1520,2040,5420,5350,2040,2380,2950,1330,1040,1010,7170,1140,2850
2022_04,21時,4600,4620,1510,2250,2570,1020,920,930,7160,1110,1450,4860,4750,1720,2230,2690,1110,940,900,7480,860,1670
2022_04,22時,4630,4570,1690,2370,2430,960,860,870,7750,840,1120,4650,4500,1700,2230,2510,980,860,860,7670,760,1120
2022_04,23時,4380,4270,1650,2300,2220,840,810,820,7720,700,740,4420,4140,1580,2150,2290,930,810,780,7480,600,860
2022_04,24時,4630,4360,1880,2300,2270,820,830,870,8420,620,490,4610,4320,1780,2240,2300,850,860,880,8230,550,620
2022_04,25時,4700,4400,1910,2320,2280,840,860,870,8480,610,540,4630,4380,1850,2230,2290,860,870,890,8330,560,610
2022_04,26時,4670,4390,1910,2310,2230,850,870,860,8470,600,520,4610,4350,1830,2240,2260,870,880,870,8330,540,580
2022_04,27時,4600,4390,1910,2300,2200,840,860,860,8470,580,480,4560,4380,1810,2240,2260,870,870,870,8340,540,550
2022_04,28時,4610,4440,1920,2320,2190,860,880,860,8440,590,560,4560,4390,1810,2260,2240,870,880,870,8310,540,580
2022_05,5時,4280,4800,1770,2320,2270,920,900,880,8270,710,660,4150,4590,1620,2110,2340,870,890,900,7830,680,740
2022_05,6時,4300,4900,1760,2280,2310,960,930,940,8070,860,790,4300,4640,1630,2140,2350,950,940,920,7720,810,930
2022_05,7時,4710,4910,1770,2390,2350,1020,1040,1030,7710,1460,1010,4340,4670,1530,2080,2410,1040,980,960,7390,1010,1130
2022_05,8時,4460,5510,1620,2410,2530,1200,1060,1130,5950,2960,1650,4640,5010,1510,2300,2640,1130,1100,960,7040,1430,1690
2022_05,9時,4550,5790,1910,2270,2370,1240,1200,1320,4700,3740,2560,5130,5680,1760,2510,2820,1210,1360,1130,6540,2050,2760
2022_05,10時,4980,6340,1870,2440,2510,1390,1510,1570,4250,3820,3820,5970,6670,1970,2870,3260,1510,1640,1390,6180,2210,4730
2022_05,11時,5380,7040,2030,2590,2720,1550,1720,1780,4060,4100,4800,6390,7510,2190,2980,3580,1790,1850,1490,5780,2400,6210
2022_05,12時,5440,7220,2120,2590,2810,1610,1700,1820,4130,4190,4890,6570,7990,2380,3080,3760,1960,1770,1580,5680,2400,6890
2022_05,13時,5130,7220,2000,2530,2800,1600,1590,1820,4080,4180,4640,6530,7910,2280,3050,3810,2010,1750,1520,5720,2380,6740
2022_05,14時,5040,6910,1940,2450,2740,1520,1540,1730,4050,4040,4370,6530,8010,2300,2970,4000,2000,1770,1480,5670,2390,6880
2022_05,15時,5050,6920,2000,2520,2780,1570,1510,1570,4230,4020,4220,6460,8140,2340,2890,4160,2050,1700,1450,5720,2390,6890
2022_05,16時,4990,6630,1960,2490,2830,1530,1450,1360,4440,3920,3760,6240,7640,2160,2850,4110,1900,1530,1310,5880,2290,6110
2022_05,17時,5090,6040,1900,2280,2800,1540,1330,1260,4690,3520,3430,6090,7220,2150,2820,3900,1790,1380,1240,5980,2270,5490
2022_05,18時,5080,5800,1880,2310,2850,1480,1180,1160,5260,2930,3200,5890,6860,2210,2820,3640,1700,1210,1170,6310,2110,4800
2022_05,19時,4990,5500,2070,2220,2780,1330,1010,1050,6030,2070,2890,5630,6450,2270,2600,3390,1570,1140,1100,6580,1650,4310
2022_05,20時,4670,5250,1930,2160,2640,1240,970,970,6620,1480,2320,5210,5860,2120,2450,3010,1420,1040,1000,6870,1300,3350
2022_05,21時,4310,5150,1900,2190,2480,1060,890,920,7120,1180,1670,4580,5160,1840,2230,2650,1160,940,910,7180,1120,1890
2022_05,22時,4180,4880,1690,2320,2360,970,860,840,7580,700,1270,4240,4690,1690,2140,2370,1040,840,830,7310,840,1270
2022_05,23時,3960,4530,1600,2240,2170,870,800,790,7520,610,830,3820,4380,1540,1990,2160,940,790,760,7250,670,760
2022_05,24時,4280,4480,1760,2240,2200,860,830,870,8130,630,540,4140,4440,1700,2060,2220,880,830,870,7860,620,600
2022_05,25時,4370,4520,1790,2260,2210,870,870,880,8200,630,590,4220,4500,1750,2080,2240,890,870,880,7960,610,660
2022_05,26時,4340,4480,1780,2250,2160,880,870,870,8200,630,530,4190,4500,1760,2080,2210,900,860,870,7950,610,620
2022_05,27時,4230,4510,1740,2220,2180,860,850,870,8150,630,500,4120,4490,1730,2070,2170,900,870,860,7930,610,570
2022_05,28時,4190,4570,1700,2230,2220,860,840,880,8110,630,550,4120,4520,1740,2080,2180,890,860,870,7950,610,580
2022_06,5時,4160,4950,1750,2260,2330,920,890,960,8300,660,720,4410,4930,1830,2280,2500,950,830,940,8380,680,830
2022_06,6時,4280,5040,1740,2240,2410,1000,930,990,8180,860,850,4360,5080,1790,2270,2490,1000,910,970,8290,840,870
2022_06,7時,4590,5020,1670,2310,2440,1070,1000,1110,7750,1400,1060,4480,5120,1720,2270,2550,1060,950,1030,7960,1080,1150
2022_06,8時,4460,5730,1580,2400,2710,1220,1070,1200,6020,3100,1720,4760,5630,1670,2600,2830,1170,1100,1010,7590,1590,1750
2022_06,9時,4540,5970,1680,2410,2520,1300,1200,1390,4710,3900,2570,5670,6530,2220,2920,3140,1330,1400,1170,7290,2280,3180
2022_06,10時,4800,6680,1700,2610,2600,1450,1440,1660,4280,3950,3810,6380,7800,2730,3160,3490,1650,1740,1400,6810,2460,5460
2022_06,11時,5240,7320,2010,2660,2780,1540,1720,1830,4160,4330,4650,6880,8650,2970,3390,3800,1920,1870,1570,6310,2700,7030
2022_06,12時,5420,7650,2170,2750,2880,1640,1730,1860,4110,4470,5040,6940,8700,2930,3300,4020,2020,1810,1530,6140,2710,7230
2022_06,13時,5370,7610,2220,2620,2990,1670,1610,1860,4070,4490,4960,6890,8880,2860,3490,4190,2030,1700,1480,6180,2690,7340
2022_06,14時,5160,7320,2130,2540,2920,1630,1540,1690,4020,4420,4560,7130,8890,2610,3640,4370,2160,1730,1500,6020,2610,7790
2022_06,15時,5060,7090,2120,2500,2810,1620,1510,1570,4080,4370,4200,7070,8760,2810,3570,4200,2080,1660,1490,5980,2600,7660
2022_06,16時,4900,6820,2040,2510,2760,1580,1410,1400,4300,4210,3730,6940,8400,2760,3340,4280,1940,1530,1480,6150,2560,7070
2022_06,17時,5040,6340,1880,2370,2950,1620,1250,1300,4630,3750,3520,6680,7730,2680,3190,3960,1830,1410,1330,6290,2560,6040
2022_06,18時,5050,6060,1830,2360,3010,1590,1140,1160,5200,3230,3190,6380,7230,2430,3090,3740,1750,1280,1280,6590,2470,5080
2022_06,19時,4890,5770,2030,2150,2930,1420,1000,1110,5910,2300,2950,6110,6560,2440,2720,3470,1570,1220,1220,6800,2010,4380
2022_06,20時,4750,5460,1940,2120,2840,1300,960,1030,6590,1720,2380,5470,6060,2350,2490,3130,1470,1070,1000,7050,1700,3300
2022_06,21時,4270,5280,1880,2040,2650,1100,910,950,7120,1270,1650,4990,5470,1980,2330,2860,1310,1020,940,7520,1270,2180
2022_06,22時,4270,4770,1690,2140,2470,1000,860,870,7600,830,1130,4510,5000,1710,2250,2570,1180,900,870,7690,860,1480
2022_06,23時,4010,4600,1710,2120,2240,890,810,820,7620,670,850,4020,4710,1640,2170,2280,1000,830,790,7570,710,980
2022_06,24時,4270,4760,1860,2230,2290,850,850,930,8310,620,650,4250,4830,1760,2250,2360,930,840,910,8220,690,700
2022_06,25時,4350,4760,1870,2250,2290,870,880,930,8360,610,690,4330,4880,1790,2300,2380,940,850,930,8270,690,800
2022_06,26時,4300,4700,1840,2230,2260,880,850,920,8340,580,620,4290,4840,1770,2290,2360,930,850,910,8270,670,720
2022_06,27時,4240,4700,1840,2230,2220,880,830,920,8340,580,570,4250,4860,1790,2290,2330,930,850,910,8280,670,700
2022_06,28時,4160,4740,1780,2230,2240,880,830,930,8270,580,600,4170,4880,1770,2280,2320,920,820,910,8230,690,690
2022_07,5時,4360,5430,2060,2540,2380,950,920,930,9030,550,710,4340,5520,1910,2500,2510,970,1000,960,8860,510,1000
2022_07,6時,4460,5510,2090,2450,2500,990,950,990,8850,690,950,4400,5690,1910,2610,2540,960,1060,980,8760,650,1190
2022_07,7時,4690,5560,2020,2520,2520,1030,1060,1090,8320,1230,1230,4210,5790,1710,2550,2590,1030,1070,1030,8400,840,1260
2022_07,8時,4580,5920,1690,2670,2620,1190,1120,1190,6430,2850,1810,4710,6030,1850,2810,2700,1110,1210,1050,8170,1250,1830
2022_07,9時,4610,6020,1640,2660,2390,1310,1250,1360,5130,3540,2550,5150,6730,2240,2960,2810,1260,1430,1150,7690,1880,2880
2022_07,10時,4940,6760,1800,2820,2590,1410,1420,1660,4830,3680,3750,5890,7640,2420,3220,3140,1560,1750,1420,7190,2060,4800
2022_07,11時,5260,7370,2010,2930,2730,1520,1600,1820,4630,3930,4590,6450,8690,2780,3480,3590,1790,1930,1550,6840,2370,6440
2022_07,12時,5480,7660,2130,2940,2880,1680,1680,1790,4740,4050,4830,6520,8980,2860,3380,3720,1910,1950,1670,6540,2310,7070
2022_07,13時,5310,7470,2020,2830,2840,1740,1610,1730,4600,4060,4590,6620,9080,2970,3310,3980,1920,1900,1600,6560,2310,7250
2022_07,14時,5130,7330,1910,2740,2800,1680,1610,1710,4500,3960,4470,6920,8920,2730,3450,4200,2000,1870,1560,6390,2300,7560
2022_07,15時,4960,7100,1860,2660,2780,1670,1520,1550,4560,3910,4050,6980,8860,2750,3490,4280,1960,1820,1520,6520,2260,7440
2022_07,16時,4860,6850,1840,2600,2810,1630,1410,1400,4710,3870,3590,6900,8660,2940,3480,4170,1830,1690,1440,6660,2230,7080
2022_07,17時,5080,6270,1710,2570,2830,1610,1300,1310,5080,3400,3330,6590,8420,3100,3250,3880,1780,1610,1370,6910,2240,6280
2022_07,18時,5290,6160,1800,2770,2970,1560,1160,1180,5830,2760,3320,6330,7890,2870,3120,3720,1720,1500,1270,7260,2040,5330
2022_07,19時,5040,6010,1860,2560,2970,1480,1040,1120,6530,1980,2980,5720,7190,2520,2940,3440,1550,1320,1110,7460,1690,4190
2022_07,20時,4760,5860,2000,2390,2880,1310,1040,1000,7260,1440,2380,5070,6670,2360,2660,3170,1380,1170,990,7630,1370,3170
2022_07,21時,4330,5540,1880,2260,2640,1160,1000,930,7710,1040,1580,4750,6170,2230,2520,2860,1280,1060,960,8010,950,2380
2022_07,22時,4370,5290,1990,2330,2510,1030,950,840,8270,680,1170,4620,5660,2040,2550,2620,1170,990,890,8330,610,1740
2022_07,23時,4140,5040,1920,2260,2360,940,890,790,8250,520,860,4210,5260,1940,2410,2390,1010,910,790,8280,490,1130
2022_07,24時,4360,5190,2130,2400,2290,890,900,930,8920,510,600,4300,5310,1950,2460,2360,960,920,940,8790,520,790
2022_07,25時,4440,5200,2130,2440,2290,900,940,920,9000,500,620,4370,5330,2010,2460,2380,960,940,930,8870,530,810
2022_07,26時,4430,5180,2130,2430,2280,900,920,910,9010,500,580,4380,5300,2010,2470,2400,970,930,890,8890,520,770
2022_07,27時,4400,5210,2130,2440,2290,910,910,910,9030,500,570,4410,5340,2020,2470,2440,970,930,890,8920,520,810
2022_07,28時,4270,5230,2040,2440,2300,900,890,910,8930,500,550,4360,5370,2010,2480,2390,990,920,910,8890,520,810
2022_08,5時,4210,5220,1910,2310,2460,950,960,830,8420,520,900,4150,5120,1900,2180,2470,910,970,820,8250,590,910
2022_08,6時,4330,5390,1950,2340,2540,970,1040,870,8390,640,1080,4200,5320,1830,2260,2550,970,1030,860,8180,660,1120
2022_08,7時,4490,5510,2030,2330,2590,990,1100,950,7860,1210,1350,4220,5410,1790,2290,2630,1010,1020,870,7930,880,1300
2022_08,8時,4480,5710,1850,2350,2700,1090,1190,990,6240,2350,2070,4610,5930,1970,2590,2740,1110,1200,920,7720,1420,1900
2022_08,9時,4700,6010,1940,2490,2520,1230,1380,1130,5200,2890,3070,5250,6570,2260,2830,2930,1320,1370,1080,7370,1850,3150
2022_08,10時,5080,6550,1960,2570,2640,1390,1620,1430,4840,2940,4290,5990,7240,2400,3110,3290,1580,1550,1300,6940,1910,4940
2022_08,11時,5510,7100,2110,2680,2870,1500,1810,1610,4750,3110,5230,6650,7740,2310,3310,3640,1850,1820,1450,6540,1940,6410
2022_08,12時,5610,7340,2140,2710,2960,1600,1860,1660,4650,3180,5520,6750,7950,2490,3340,3660,1940,1880,1370,6380,1940,6830
2022_08,13時,5520,7240,2090,2730,2930,1610,1830,1560,4590,3220,5360,6700,7700,2370,3180,3750,1920,1820,1330,6080,1950,6780
2022_08,14時,5460,7190,2150,2650,2950,1630,1740,1510,4560,3210,5320,6620,7640,2510,3010,3710,1930,1770,1310,6050,2010,6670
2022_08,15時,5520,7060,2150,2630,3060,1610,1710,1410,4650,3210,5160,6370,7630,2520,2990,3800,1860,1620,1190,6060,2000,6400
2022_08,16時,5400,6740,2070,2600,3060,1560,1580,1260,4820,3210,4590,6340,7560,2520,3100,3880,1750,1470,1170,6380,1950,6040
2022_08,17時,5470,6420,2130,2520,3100,1580,1410,1140,5160,2960,4250,6270,7090,2450,2940,3680,1730,1390,1160,6660,1850,5320
2022_08,18時,5450,6340,2240,2500,3160,1540,1300,1040,5900,2460,3930,6020,6550,2490,2750,3490,1570,1230,1020,6860,1580,4570
2022_08,19時,5150,5960,2120,2330,3080,1450,1140,980,6490,1750,3350,5520,6250,2280,2530,3370,1440,1190,940,7070,1120,4030
2022_08,20時,4800,5720,2090,2300,2880,1290,1050,880,7070,1310,2620,4910,5680,1860,2280,3130,1310,1120,880,7220,890,2910
2022_08,21時,4440,5530,2080,2200,2720,1160,990,820,7550,1000,1890,4400,5340,1820,2130,2760,1170,1010,830,7480,730,1980
2022_08,22時,4300,5310,2010,2230,2610,1050,950,740,7940,700,1440,4100,5070,1740,2120,2540,1100,900,750,7620,570,1400
2022_08,23時,4060,5080,1950,2200,2440,940,890,700,7940,610,1050,3890,4830,1700,2020,2410,1010,870,690,7580,500,1060
2022_08,24時,4100,5070,1910,2210,2420,920,900,790,8380,560,700,4050,5030,1900,2140,2360,940,920,800,8160,550,850
2022_08,25時,4150,5070,1920,2230,2390,930,930,790,8440,560,710,4150,5030,1930,2170,2360,960,940,800,8250,560,860
2022_08,26時,4170,5020,1930,2240,2350,940,930,780,8450,550,670,4100,4960,1940,2140,2320,960,920,760,8220,530,790
2022_08,27時,4170,5020,1940,2240,2350,930,930,780,8450,550,660,4110,4970,1940,2140,2330,960,920,770,8240,530,800
2022_08,28時,4080,5090,1870,2240,2360,950,920,810,8380,480,710,4050,4980,1890,2140,2320,970,920,780,8180,500,810
2022_09,5時,4470,5080,1900,2250,2510,1090,890,900,8770,770,670,4600,5130,1850,2310,2670,1070,910,900,8750,770,830
2022_09,6時,4620,5230,1970,2310,2580,1080,940,950,8640,900,930,4640,5240,1860,2370,2670,1100,930,930,8660,840,990
2022_09,7時,4820,5380,1980,2540,2600,1100,950,1010,8120,1490,1240,4910,5350,1910,2460,2750,1200,970,970,8470,1090,1280
2022_09,8時,4920,5540,1820,2590,2640,1200,1130,1070,6390,3010,1790,5340,5660,1960,2800,2790,1330,1130,970,8140,1650,1820
2022_09,9時,4950,5810,1790,2810,2340,1310,1280,1210,5140,3690,2640,5840,6230,2320,2930,2900,1450,1390,1060,7650,1990,3010
2022_09,10時,5230,6310,1760,2910,2420,1420,1520,1490,4750,3620,3760,6570,7090,2440,3210,3170,1760,1700,1360,7210,2100,4920
2022_09,11時,5500,6940,1970,3030,2550,1520,1690,1660,4700,3890,4500,7200,7960,2460,3500,3690,2020,1900,1590,6840,2130,6690
2022_09,12時,5640,7040,1990,3010,2660,1660,1710,1630,4620,3940,4660,7290,8260,2500,3480,3960,2130,1910,1550,6610,2180,7200
2022_09,13時,5690,7020,2020,2960,2670,1690,1750,1610,4590,3920,4740,7330,8170,2630,3300,4030,2190,1840,1490,6540,2170,7220
2022_09,14時,5580,6820,1880,2890,2680,1690,1690,1550,4560,3920,4470,7390,7850,2630,3110,4190,2190,1710,1390,6340,2210,7110
2022_09,15時,5560,6540,1890,2880,2620,1650,1570,1480,4630,3910,4130,7290,7860,2760,3100,4130,2150,1660,1350,6420,2150,6950
2022_09,16時,5420,6160,1730,2890,2690,1560,1410,1270,4810,3820,3500,6940,7730,2680,3040,4000,2020,1600,1300,6500,2150,6420
2022_09,17時,5520,5760,1630,2670,2840,1630,1300,1200,5230,3320,3320,6930,7260,2530,3040,3870,1970,1510,1240,6740,2090,5790
2022_09,18時,5520,5680,1610,2660,2960,1600,1210,1130,5940,2830,3040,6580,6960,2360,3130,3710,1850,1340,1120,7100,1940,4960
2022_09,19時,5160,5280,1540,2320,2930,1570,1050,1010,6500,1990,2530,6090,6700,2460,2780,3580,1710,1180,1060,7490,1530,4270
2022_09,20時,4940,5200,1590,2260,2870,1460,990,940,7110,1600,2020,5420,6210,2280,2540,3260,1500,1070,960,7800,1250,3100
2022_09,21時,4600,5330,1860,2140,2850,1260,920,880,7770,1190,1570,4920,5550,1940,2350,2980,1320,960,910,8100,950,1960
2022_09,22時,4460,5100,1900,2140,2740,1130,860,780,8170,820,1140,4700,5250,1920,2260,2800,1210,870,870,8250,700,1540
2022_09,23時,4230,4820,1850,2110,2520,1040,800,720,8130,710,770,4290,5020,1860,2130,2620,1070,830,780,8130,630,1070
2022_09,24時,4360,4990,1980,2150,2540,1040,800,840,8720,690,570,4460,5120,1950,2190,2650,1030,850,900,8760,690,740
2022_09,25時,4450,4980,1990,2170,2510,1060,830,840,8770,680,600,4550,5160,1990,2260,2620,1040,880,890,8840,690,770
2022_09,26時,4450,4940,1990,2150,2480,1070,840,830,8760,680,570,4540,5100,1980,2240,2600,1050,880,880,8820,680,740
2022_09,27時,4370,4940,1960,2170,2460,1050,820,830,8710,680,550,4560,5100,1980,2240,2600,1050,890,880,8820,690,750
2022_09,28時,4320,5010,1920,2180,2440,1060,830,870,8660,680,610,4480,5150,1940,2250,2580,1040,890,910,8800,690,750
2022_10,5時,4530,5030,2060,2130,2520,1020,870,950,8610,620,880,4520,5030,1970,2160,2600,930,910,960,8610,610,870
2022_10,6時,4800,5130,2100,2250,2600,1030,910,1020,8530,830,1070,4690,5110,1990,2250,2600,1000,960,980,8540,730,1050
2022_10,7時,4870,5130,2020,2340,2620,1020,860,1120,7860,1340,1310,4910,5280,2040,2350,2670,1070,990,1040,8380,970,1340
2022_10,8時,5230,5200,1810,2590,2670,1130,1030,1180,6230,2860,1920,5400,5630,2160,2710,2700,1220,1180,1040,8070,1500,2000
2022_10,9時,5310,5500,1850,2820,2390,1280,1170,1270,4940,3620,2830,5930,6230,2680,2830,2740,1450,1330,1110,7630,2020,3110
2022_10,10時,5620,6090,1860,2980,2470,1340,1460,1570,4610,3590,4010,6650,7370,2740,3320,3120,1710,1710,1400,7050,2020,5400
2022_10,11時,5890,6670,1920,3120,2680,1440,1620,1760,4530,3800,4800,7300,7950,2880,3450,3390,1960,1970,1580,6550,2130,7030
2022_10,12時,6040,6640,1890,3050,2750,1600,1620,1760,4420,3810,4900,7610,8110,2830,3390,3790,2130,2010,1550,6370,2070,7640
2022_10,13時,5940,6460,1800,2940,2750,1610,1590,1670,4370,3790,4680,7640,8030,2800,3360,3860,2120,1980,1530,6250,2020,7760
2022_10,14時,5850,6350,1700,2940,2840,1600,1540,1560,4390,3740,4520,7360,7870,2710,3350,3810,2070,1810,1460,6220,2040,7320
2022_10,15時,5790,6000,1640,2890,2790,1550,1420,1470,4360,3700,4160,7330,7870,2790,3430,3780,2040,1740,1400,6250,2040,7240
2022_10,16時,5660,5850,1660,2850,2830,1490,1360,1300,4540,3720,3700,7190,7740,2720,3340,3950,1980,1640,1270,6480,2050,6750
2022_10,17時,5660,5320,1610,2580,2850,1490,1230,1200,4960,3260,3230,6870,7350,2420,3350,3800,1930,1520,1180,6600,1980,6030
2022_10,18時,5570,5310,1610,2590,2990,1400,1130,1140,5720,2690,2950,6680,6790,2400,3200,3610,1820,1380,1040,6800,1760,5310
2022_10,19時,5380,5230,1870,2350,3000,1400,940,1030,6430,2000,2650,6200,6330,2310,2950,3460,1590,1200,1010,7070,1420,4430
2022_10,20時,5100,5020,1820,2240,2880,1290,940,930,7070,1530,2010,5430,5690,2080,2500,3140,1390,1040,970,7370,1060,3100
2022_10,21時,4720,5180,1950,2210,2820,1150,890,870,7800,1070,1520,4840,5200,1950,2220,2820,1200,920,910,7620,840,1970
2022_10,22時,4480,5080,2010,2120,2720,1050,800,840,8150,730,1160,4360,5020,1900,2130,2610,1050,840,830,7900,610,1270
2022_10,23時,4160,4760,1920,1960,2550,950,740,790,8040,580,780,4110,4640,1800,1900,2490,950,790,800,7770,470,890
2022_10,24時,4330,4910,2030,2030,2550,960,760,890,8540,610,630,4370,4880,1990,2040,2540,950,830,890,8470,500,750
2022_10,25時,4450,4910,2060,2080,2540,980,790,890,8620,610,670,4490,4870,2020,2060,2550,970,860,890,8550,500,780
2022_10,26時,4450,4880,2060,2080,2500,980,790,890,8610,590,660,4450,4840,2020,2040,2510,960,860,880,8520,490,760
2022_10,27時,4330,4880,2020,2060,2440,980,780,890,8580,570,590,4440,4840,2040,2040,2480,960,860,880,8530,500,730
2022_10,28時,4370,4960,2010,2090,2460,1010,810,940,8580,570,720,4430,4900,2070,2040,2460,970,870,910,8550,500,760
2022_11,5時,4200,5120,2090,1950,2530,1010,870,860,8410,550,780,4190,5060,2020,1960,2610,980,810,860,8280,460,890
2022_11,6時,4390,5210,2150,1990,2570,1060,890,920,8300,770,950,4240,5180,1980,2040,2650,990,820,920,8230,600,970
2022_11,7時,4460,5280,2130,2140,2580,1040,840,1010,7700,1210,1270,4500,5190,2080,2090,2710,1050,800,940,8120,800,1160
2022_11,8時,4790,5180,1790,2400,2560,1140,1010,1040,6230,2490,1740,5000,5570,2280,2350,2710,1210,1060,940,7830,1370,1780
2022_11,9時,4810,5420,1820,2510,2230,1260,1190,1200,4910,3390,2450,5500,6170,2590,2490,2830,1400,1310,1040,7340,2140,2660
2022_11,10時,5060,6010,1750,2590,2380,1380,1410,1540,4530,3350,3620,6300,6810,2510,2790,3090,1660,1630,1400,6850,2100,4530
2022_11,11時,5420,6540,1810,2720,2520,1490,1630,1760,4360,3550,4490,7020,7640,2810,3000,3480,1930,1850,1580,6500,2170,6330
2022_11,12時,5630,6560,1760,2760,2610,1600,1670,1750,4300,3630,4660,7150,7950,2800,3120,3670,2080,1860,1560,6470,2240,6740
2022_11,13時,5600,6490,1790,2770,2640,1610,1590,1660,4250,3590,4620,7120,8100,2810,3210,3880,2100,1760,1440,6430,2190,6950
2022_11,14時,5450,6290,1690,2740,2600,1570,1540,1580,4220,3580,4310,7180,7940,2720,3370,3910,2070,1640,1390,6250,2110,7090
2022_11,15時,5330,6020,1650,2730,2570,1530,1400,1460,4240,3520,3970,6920,7790,2640,3340,3880,1970,1540,1330,6080,2050,6900
2022_11,16時,5200,5780,1600,2630,2670,1500,1270,1280,4400,3450,3500,6610,7400,2440,3260,3820,1890,1430,1150,6280,2010,6050
2022_11,17時,5080,5390,1540,2400,2690,1510,1200,1110,4750,3110,2960,6460,7150,2400,3110,3770,1850,1380,1080,6560,1930,5460
2022_11,18時,5020,5400,1530,2440,2840,1460,1080,1050,5510,2540,2710,6100,6830,2330,2810,3700,1760,1280,1020,6850,1660,4770
2022_11,19時,4990,5220,1670,2250,2970,1410,930,970,6200,1760,2590,5780,6190,2310,2550,3530,1520,1120,920,7120,1320,3870
2022_11,20時,4670,5160,1790,2060,2920,1280,880,890,6810,1300,2070,5260,5820,2260,2350,3170,1380,1030,880,7370,1050,3000
2022_11,21時,4180,5220,1850,1990,2760,1150,820,810,7330,890,1510,4580,5490,2130,2170,2850,1180,900,830,7630,760,2020
2022_11,22時,3980,5090,1930,1910,2650,1050,730,770,7740,580,1100,4230,5240,2050,2060,2740,1070,770,750,7870,550,1390
2022_11,23時,3810,4880,1940,1770,2570,970,690,730,7750,510,800,4010,4890,2020,1920,2590,960,700,700,7810,430,1010
2022_11,24時,4070,5040,2060,1910,2640,970,710,800,8370,520,630,4190,5010,2030,1960,2680,940,760,790,8380,420,750
2022_11,25時,4170,5040,2100,1930,2620,1010,740,800,8450,530,650,4260,5010,2070,1960,2670,980,780,800,8450,430,760
2022_11,26時,4150,5020,2140,1900,2550,1010,750,800,8430,500,660,4220,5000,2070,1950,2620,970,790,800,8410,430,750
2022_11,27時,4100,5010,2140,1900,2500,1000,750,810,8390,500,640,4210,4980,2070,1960,2580,970,790,800,8390,420,750
2022_11,28時,4120,5080,2130,1910,2500,1010,790,850,8390,520,710,4180,5040,2040,1960,2600,980,810,820,8400,430,770
2022_12,5時,4170,4920,1720,2020,2580,1080,790,890,8010,420,1030,4090,4770,1560,1950,2720,1000,750,870,7820,380,980
2022_12,6時,4350,4950,1880,2010,2600,1070,800,930,7850,650,1160,4190,4870,1640,2020,2710,1010,800,870,7760,520,1090
2022_12,7時,4260,5070,1810,2070,2630,1010,770,1030,7330,1040,1350,4250,5010,1610,2090,2770,1020,820,930,7600,660,1310
2022_12,8時,4660,5000,1710,2180,2620,1110,990,1040,6050,2190,1820,4600,5510,1750,2370,2810,1170,1030,960,7300,1160,1980
2022_12,9時,4820,5260,1720,2330,2450,1230,1160,1180,4950,2950,2590,5150,6110,1980,2640,2870,1440,1240,1080,7050,1630,2990
2022_12,10時,5210,5840,1690,2470,2590,1340,1400,1530,4670,2930,3810,6240,6930,2200,2860,3220,1760,1760,1350,6680,1670,5140
2022_12,11時,5620,6420,1790,2650,2720,1500,1560,1790,4560,3080,4790,6780,7530,2270,3030,3460,2020,1960,1550,6260,1750,6650
2022_12,12時,5770,6580,1850,2700,2790,1580,1620,1790,4480,3090,5100,6850,7890,2380,3140,3600,2140,1910,1540,6180,1800,7090
2022_12,13時,5720,6610,1830,2650,2890,1610,1630,1710,4410,3030,5210,6680,8060,2510,3020,3740,2170,1830,1460,6040,1820,7220
2022_12,14時,5760,6330,1760,2620,2830,1620,1550,1700,4360,3030,5010,6890,8150,2450,3220,3920,2120,1860,1450,5920,1830,7590
2022_12,15時,5690,6150,1880,2570,2780,1590,1470,1550,4420,3030,4690,6790,7820,2320,3090,4050,2030,1770,1330,5810,1780,7300
2022_12,16時,5440,5850,1790,2490,2770,1510,1340,1370,4540,2960,4070,6510,7600,2380,3230,3780,1950,1550,1190,6110,1730,6580
2022_12,17時,5450,5630,1740,2550,2860,1510,1240,1160,4900,2730,3740,6260,7130,2370,3050,3670,1880,1350,1050,6200,1590,5880
2022_12,18時,5210,5720,1770,2560,2960,1470,1090,1050,5550,2220,3450,5820,6960,2200,2860,3750,1790,1180,970,6420,1430,5230
2022_12,19時,5110,5550,1860,2380,3000,1490,930,980,6110,1580,3260,5440,6360,1930,2630,3620,1560,1100,940,6690,1060,4330
2022_12,20時,4850,5320,1810,2220,2970,1410,850,900,6680,1170,2620,5050,5800,1850,2340,3370,1410,980,890,6990,820,3320
2022_12,21時,4320,5050,1610,2020,2890,1240,740,840,7030,750,1880,4470,5320,1760,2150,3050,1210,820,790,7270,620,2200
2022_12,22時,4050,4870,1600,1950,2800,1100,670,790,7380,500,1370,4200,5130,1750,2150,2840,1080,740,760,7500,510,1650
2022_12,23時,3840,4620,1570,1820,2650,1020,620,760,7390,420,990,3900,4780,1690,1960,2640,970,670,740,7470,390,1130
2022_12,24時,4010,4750,1690,1890,2690,1000,650,830,7960,400,770,4020,4670,1610,1910,2720,910,720,810,7790,390,850
2022_12,25時,4120,4760,1700,1900,2700,1050,680,840,8040,410,800,4070,4680,1590,1950,2720,910,740,810,7840,400,860
2022_12,26時,4060,4730,1710,1880,2600,1040,690,840,7990,410,750,4020,4680,1590,1940,2690,920,740,800,7830,400,820
2022_12,27時,4030,4720,1710,1910,2550,1050,690,840,7970,420,740,4010,4650,1590,1940,2630,920,740,810,7810,400,790
2022_12,28時,4030,4820,1700,1900,2550,1060,740,880,7940,420,850,3970,4700,1580,1950,2600,950,750,820,7780,400,840
2023_01,5時,4000,4990,1550,1970,2720,1160,640,940,8050,340,840,3800,4850,1540,1840,2670,1050,600,930,7780,290,820
2023_01,6時,4330,5090,1830,2010,2730,1180,670,990,7910,720,1040,4080,4990,1680,1940,2700,1100,670,970,7740,520,1050
2023_01,7時,4260,5230,1770,2120,2730,1100,690,1070,7300,1160,1270,4260,5140,1710,2070,2770,1150,690,1000,7660,730,1260
2023_01,8時,4820,5120,1760,2240,2640,1270,880,1140,6090,2420,1740,4660,5430,1810,2230,2850,1310,820,1060,7410,1160,1800
2023_01,9時,4840,5410,1810,2340,2340,1380,1010,1350,4990,2890,2620,4970,6250,2170,2400,2940,1530,1010,1160,7080,1520,2860
2023_01,10時,5150,5910,1690,2390,2450,1510,1210,1800,4660,2900,3730,5760,6770,2120,2530,3200,1910,1270,1480,6590,1630,4550
2023_01,11時,5630,6470,1870,2530,2610,1640,1410,2020,4590,3110,4630,6400,7660,2340,2810,3470,2140,1510,1780,6330,1640,6300
2023_01,12時,5900,6630,1900,2560,2780,1810,1480,1980,4650,3210,4910,6700,7780,2390,2860,3640,2240,1560,1770,6080,1740,6890
2023_01,13時,5800,6640,1790,2550,2830,1870,1420,1960,4540,3200,4950,6960,7760,2320,3010,3820,2320,1530,1700,6040,1770,7130
2023_01,14時,5680,6510,1770,2600,2740,1840,1370,1850,4420,3170,4840,7050,8160,2610,3070,3940,2410,1500,1660,6050,1720,7650
2023_01,15時,5720,6390,1890,2600,2750,1860,1300,1710,4530,3240,4580,6950,8130,2650,3090,3950,2410,1350,1630,6080,1730,7480
2023_01,16時,5580,6000,1810,2530,2850,1720,1200,1460,4750,3250,3830,6690,7740,2530,3080,3960,2240,1170,1450,6130,1690,6830
2023_01,17時,5430,5600,1760,2390,2840,1750,1050,1220,4990,2900,3380,6430,7310,2580,2910,3830,2150,1010,1250,6470,1440,6040
2023_01,18時,5300,5620,1900,2330,2980,1670,900,1120,5740,2340,3070,5920,6780,2190,2660,3730,2080,950,1070,6670,1230,5010
2023_01,19時,4930,5620,1920,2140,3100,1630,740,1010,6440,1610,2740,5330,6210,1900,2320,3600,1850,850,1000,6960,1020,3780
2023_01,20時,4540,5410,1640,2050,3110,1480,700,940,6970,1090,2140,4750,5710,1670,2130,3310,1630,770,920,7160,710,2820
2023_01,21時,4150,5170,1560,1920,3020,1330,600,860,7350,740,1490,4220,5240,1580,1970,3000,1360,660,860,7400,520,1770
2023_01,22時,3910,5070,1560,1910,2930,1210,530,820,7660,520,1040,3910,4950,1480,1830,2850,1260,590,830,7460,380,1260
2023_01,23時,3660,4820,1530,1810,2750,1090,490,800,7600,340,770,3630,4660,1410,1720,2690,1100,540,800,7330,280,900
2023_01,24時,3840,4910,1580,1850,2810,1090,520,880,8080,300,620,3810,4800,1460,1840,2760,1040,570,920,7920,270,670
2023_01,25時,3920,4890,1570,1870,2800,1140,530,880,8140,300,620,3840,4800,1460,1850,2750,1060,590,920,7960,270,660
2023_01,26時,3910,4870,1620,1870,2720,1120,540,880,8130,290,610,3830,4780,1440,1850,2730,1050,590,920,7910,260,670
2023_01,27時,3880,4870,1600,1870,2700,1120,550,880,8110,280,590,3790,4760,1430,1850,2700,1050,580,920,7890,260,630
2023_01,28時,3860,4940,1590,1870,2720,1130,560,920,8090,310,650,3850,4830,1450,1860,2710,1100,610,940,7920,300,710
2023_02,5時,4290,4630,1730,1760,2750,1180,630,850,7940,490,900,4210,4550,1750,1710,2770,1060,610,840,7930,510,790
2023_02,6時,4580,4750,1860,1860,2800,1160,710,910,7880,760,1110,4290,4640,1790,1740,2800,1110,620,840,7800,590,990
2023_02,7時,4860,4850,2060,2050,2810,1120,710,950,7390,1260,1490,4250,4800,1660,1800,2810,1170,680,910,7520,790,1180
2023_02,8時,5060,4980,1690,2360,2750,1310,880,1030,6000,2710,1840,4690,5300,1830,2100,2880,1310,840,1010,7350,1330,1770
2023_02,9時,4970,5270,1640,2570,2330,1460,990,1230,4780,3360,2620,5170,6020,2200,2310,2910,1560,1060,1120,6850,1740,3050
2023_02,10時,5280,5840,1530,2690,2380,1680,1210,1610,4410,3250,3920,5820,6710,2370,2470,3050,1930,1290,1380,6380,1830,4780
2023_02,11時,5670,6330,1620,2810,2480,1800,1430,1860,4370,3520,4610,6470,7180,2390,2710,3420,2060,1440,1610,6120,2030,6050
2023_02,12時,5950,6250,1600,2890,2500,1880,1500,1810,4230,3500,4860,6650,7560,2460,2790,3560,2210,1470,1690,5790,1960,6880
2023_02,13時,5890,6240,1600,2860,2590,1860,1400,1800,4200,3470,4840,6780,7810,2450,2740,3920,2300,1510,1650,5720,1960,7300
2023_02,14時,5680,6090,1620,2780,2500,1820,1330,1710,4130,3420,4610,6840,7950,2570,2780,4110,2350,1490,1480,5760,1930,7490
2023_02,15時,5590,5950,1710,2710,2510,1770,1260,1560,4270,3410,4270,6570,8020,2610,2910,4010,2290,1340,1420,5950,1850,7200
2023_02,16時,5470,5560,1680,2630,2580,1690,1130,1300,4470,3380,3570,6120,7760,2580,2900,3840,2120,1190,1220,6020,1790,6480
2023_02,17時,5340,5330,1580,2430,2780,1720,1020,1110,4740,3040,3290,6080,7540,2620,2790,3920,2030,1130,1100,6270,1650,6080
2023_02,18時,5190,5330,1630,2350,2890,1680,910,1030,5520,2470,2930,5850,7000,2330,2700,3780,1950,1080,980,6550,1500,5210
2023_02,19時,4970,5170,1720,2020,3020,1600,790,960,6230,1660,2640,5130,6230,1780,2250,3610,1790,960,950,6730,1030,3980
2023_02,20時,4740,4970,1670,1900,3010,1490,730,890,6770,1150,2170,4760,5720,1680,2090,3280,1640,850,920,6990,800,3070
2023_02,21時,4350,4860,1600,1800,2950,1350,650,830,7170,800,1610,4180,5250,1710,1820,2960,1380,690,840,7220,600,2010
2023_02,22時,4100,4750,1640,1750,2840,1210,590,800,7420,580,1240,4010,4850,1670,1700,2840,1230,620,780,7340,500,1420
2023_02,23時,3870,4480,1620,1620,2700,1080,550,770,7380,490,880,3870,4600,1700,1580,2710,1120,580,760,7300,470,1110
2023_02,24時,4180,4580,1780,1690,2790,1090,550,840,7990,490,700,4090,4700,1820,1650,2800,1110,590,810,7910,500,840
2023_02,25時,4280,4560,1780,1710,2800,1120,570,840,8050,480,730,4160,4680,1830,1680,2790,1110,600,800,7950,500,850
2023_02,26時,4270,4540,1810,1700,2730,1130,570,840,8050,480,710,4110,4590,1780,1680,2740,1100,600,790,7880,490,790
2023_02,27時,4240,4520,1810,1710,2700,1130,570,840,8020,480,700,4070,4580,1780,1660,2710,1100,590,790,7870,490,750
2023_02,28時,4250,4580,1800,1720,2720,1130,580,860,8020,490,760,4070,4610,1750,1680,2730,1110,610,790,7880,500,780
2023_03,5時,4190,4750,1810,1700,2660,1190,640,910,8000,560,780,4310,4600,1850,1660,2750,1130,630,880,7900,530,860
2023_03,6時,4570,4810,1890,1810,2740,1250,690,980,7960,760,1060,4440,4680,1770,1760,2790,1210,660,920,7850,710,950
2023_03,7時,4830,5160,2060,2080,2790,1270,690,1070,7630,1220,1510,4430,4880,1670,1840,2880,1220,710,980,7560,890,1210
2023_03,8時,4770,5370,1580,2270,2810,1410,860,1180,6020,2670,1870,4880,5270,1790,2070,2950,1350,920,1050,7370,1510,1680
2023_03,9時,4720,5660,1520,2370,2540,1540,980,1420,4690,3300,2810,5140,6030,1910,2300,3070,1650,1020,1200,6860,1870,2830
2023_03,10時,4870,6290,1430,2520,2560,1740,1120,1770,4310,3340,3880,5510,6820,1730,2440,3330,1980,1330,1510,6160,1950,4600
2023_03,11時,5150,6710,1420,2710,2630,1820,1280,1990,4160,3510,4580,6220,7550,1830,2780,3640,2290,1500,1720,5910,2130,6190
2023_03,12時,5310,6760,1470,2690,2810,1830,1330,1920,4120,3630,4670,6470,7750,1910,2840,3840,2450,1420,1740,5720,2090,6770
2023_03,13時,5310,6740,1430,2610,2880,1880,1310,1930,4070,3640,4670,6450,7990,2100,2760,3890,2510,1450,1700,5720,2030,7010
2023_03,14時,5280,6650,1430,2520,2900,1880,1320,1860,4000,3550,4700,6840,8090,2300,2810,4060,2610,1470,1670,5660,2030,7560
2023_03,15時,5370,6460,1560,2530,2920,1840,1280,1700,4160,3580,4420,6630,7640,2410,2620,3950,2450,1360,1470,5640,1990,6960
2023_03,16時,5320,6030,1560,2390,2870,1820,1170,1520,4290,3570,3820,6440,7530,2450,2720,3880,2320,1250,1330,6010,2000,6300
2023_03,17時,5340,5760,1620,2290,2950,1850,1080,1290,4630,3260,3550,6070,7130,2310,2630,3810,2090,1130,1190,6160,1870,5510
2023_03,18時,5050,5840,1610,2290,3010,1850,960,1150,5400,2610,3210,5710,6970,2260,2540,3670,2030,1030,1140,6600,1590,4870
2023_03,19時,4830,5510,1600,2060,3040,1790,810,1020,5980,1810,2850,5290,6560,2130,2230,3650,1800,930,1090,6940,1170,4110
2023_03,20時,4620,5260,1560,1870,3060,1680,740,960,6480,1300,2360,4690,6000,1930,1970,3320,1640,800,1010,7080,840,3120
2023_03,21時,4170,5080,1540,1780,2890,1470,660,890,6830,940,1740,4180,5390,1740,1770,3050,1430,670,890,7280,690,1970
2023_03,22時,3880,4880,1550,1620,2840,1290,590,860,7210,610,1220,3980,4990,1720,1630,2820,1310,620,860,7410,520,1410
2023_03,23時,3640,4580,1520,1520,2670,1130,550,810,7200,420,880,3800,4580,1700,1520,2660,1120,570,790,7330,480,940
2023_03,24時,4030,4640,1750,1540,2760,1160,550,880,7860,410,720,4060,4650,1820,1530,2790,1110,590,850,7990,440,670
2023_03,25時,4200,4640,1850,1590,2750,1200,560,880,8040,430,720,4130,4610,1860,1520,2780,1130,590,850,8080,430,630
2023_03,26時,4180,4580,1820,1600,2680,1200,560,880,7990,410,680,4130,4600,1860,1530,2750,1140,600,840,8070,430,620
2023_03,27時,4150,4570,1840,1590,2640,1200,550,880,7980,410,660,4080,4570,1840,1520,2710,1140,580,840,8060,430,550
2023_03,28時,4140,4660,1850,1620,2650,1210,570,880,7960,440,730,4130,4630,1860,1550,2750,1150,600,840,8060,450,640
2023_04,5時,4370,5170,2100,1650,2950,1330,600,890,8600,600,840,4260,5160,2070,1560,3030,1280,600,870,8290,610,970
2023_04,6時,4750,5380,2150,1820,3070,1400,680,990,8500,940,1170,4260,5160,2010,1620,3010,1270,620,880,8110,720,1050
2023_04,7時,5220,5690,2470,1980,3220,1430,740,1050,8350,1490,1570,4270,5320,1910,1670,2990,1370,680,950,7850,940,1280
2023_04,8時,5040,5700,1990,2130,3080,1490,900,1130,6750,2660,1850,4780,5880,2000,1990,3190,1540,880,1040,7580,1580,1960
2023_04,9時,4890,5810,1730,2190,2740,1680,970,1370,5200,3390,2650,5430,6610,2570,2180,3190,1780,1050,1260,7150,1970,3380
2023_04,10時,4860,6420,1540,2320,2740,1820,1170,1670,4640,3460,3620,6070,7660,2640,2420,3590,2100,1350,1610,6980,2060,5160
2023_04,11時,5290,7060,1670,2520,2940,1940,1340,1930,4640,3630,4540,6730,8420,2680,2770,4030,2370,1480,1800,6430,2080,7070
2023_04,12時,5440,7120,1680,2570,3030,2010,1380,1860,4490,3730,4710,6970,8420,2690,2870,4120,2460,1460,1770,6050,2030,7670
2023_04,13時,5490,7040,1690,2520,3130,2010,1340,1830,4470,3720,4680,7080,8280,2760,2660,4190,2480,1490,1770,6000,1990,7720
2023_04,14時,5280,6860,1610,2430,3070,1980,1250,1780,4370,3670,4410,6880,8080,2800,2450,4100,2470,1440,1680,5980,2040,7310
2023_04,15時,5370,6630,1710,2370,3060,1960,1240,1650,4400,3680,4240,6660,7840,2700,2460,4130,2430,1320,1450,5970,2000,6880
2023_04,16時,5340,6310,1660,2330,3090,1930,1150,1460,4640,3650,3690,6560,7750,2770,2500,4130,2370,1200,1310,6230,1980,6440
2023_04,17時,5260,6010,1620,2240,3100,1910,1070,1310,4880,3300,3420,6470,7720,2860,2590,4020,2330,1100,1270,6560,1760,6230
2023_04,18時,5020,6000,1590,2150,3240,1860,950,1220,5570,2590,3190,6050,7650,2740,2530,3920,2310,1040,1140,6770,1510,5780
2023_04,19時,4850,5980,1760,2030,3300,1830,810,1100,6230,1900,3040,5420,7020,2250,2370,3740,2050,930,1080,7130,1220,4440
2023_04,20時,4720,5830,1820,1970,3330,1670,750,1000,6880,1410,2590,4870,6410,2120,2230,3320,1830,770,990,7330,880,3400
2023_04,21時,4380,5730,1940,1860,3210,1490,660,930,7480,1050,1990,4330,5780,2090,1900,3030,1500,660,900,7620,600,2220
2023_04,22時,4210,5560,2130,1710,3110,1380,570,860,7880,680,1630,4050,5530,2030,1760,2970,1370,580,850,7860,470,1590
2023_04,23時,3950,5150,2020,1580,2900,1270,510,800,7820,530,1160,3840,5100,1860,1580,2870,1260,540,820,7830,430,1030
2023_04,24時,4220,5150,2080,1610,2980,1280,530,860,8470,550,810,4050,5120,2030,1560,2890,1230,590,850,8250,460,880
2023_04,25時,4320,5130,2100,1610,2970,1310,540,900,8550,550,820,4140,5120,2090,1570,2900,1230,600,860,8380,460,840
2023_04,26時,4260,5060,2070,1600,2930,1290,520,900,8510,520,760,4060,5060,2030,1540,2880,1220,570,860,8370,450,720
2023_04,27時,4220,5070,2100,1610,2890,1270,520,890,8510,520,730,4020,5010,1990,1520,2850,1220,570,850,8310,450,680
2023_04,28時,4200,5110,2080,1610,2910,1280,540,870,8490,540,760,4040,5040,1990,1560,2870,1230,570,850,8320,460,720
2023_05,5時,4020,5350,1870,1670,2980,1430,590,810,8470,490,820,3990,5240,1930,1450,2950,1400,600,890,8140,450,1010
2023_05,6時,4380,5500,1940,1800,3050,1550,690,830,8500,650,1140,4130,5280,1940,1490,3000,1430,630,890,8100,560,1160
2023_05,7時,4780,5960,2370,2010,3220,1480,750,900,8430,1220,1520,4230,5490,1990,1580,3050,1470,660,950,7900,780,1440
2023_05,8時,4750,6120,1880,2260,3090,1640,980,1010,6740,2550,2000,4700,6110,1970,1850,3230,1720,890,1130,7750,1400,2070
2023_05,9時,4610,6060,1690,2290,2590,1750,1050,1270,5220,3290,2640,4950,6720,2460,1860,3210,1890,980,1240,7290,1760,3070
2023_05,10時,4880,6480,1620,2440,2590,1880,1210,1590,4790,3350,3630,5670,7550,2420,2220,3470,2210,1280,1600,6890,1830,4930
2023_05,11時,5300,7060,1790,2740,2760,2010,1320,1730,4760,3620,4510,6420,8260,2580,2470,3890,2590,1420,1710,6630,1980,6560
2023_05,12時,5430,7030,1770,2680,2840,2090,1350,1730,4610,3620,4630,6670,8570,2670,2560,4110,2690,1430,1760,6500,1940,7170
2023_05,13時,5510,6990,1760,2600,2930,2090,1340,1770,4520,3640,4720,6790,8510,2720,2540,4240,2700,1430,1660,6350,1900,7380
2023_05,14時,5460,7090,1860,2660,2960,2030,1300,1730,4600,3660,4670,6790,8680,2830,2600,4280,2700,1430,1600,6330,1870,7610
2023_05,15時,5500,6960,1990,2610,3000,1980,1220,1640,4750,3730,4360,6830,8400,2770,2680,4230,2720,1310,1490,6330,1830,7380
2023_05,16時,5310,6720,1900,2510,3060,1970,1100,1470,4930,3710,3770,6470,8190,2690,2590,4220,2610,1130,1390,6440,1910,6660
2023_05,17時,5310,6540,1900,2370,3210,2050,980,1320,5250,3530,3460,6180,7700,2460,2480,4140,2470,1040,1260,6620,1740,5840
2023_05,18時,5070,6250,1960,2130,3180,2000,910,1130,5870,2760,3100,5960,7620,2710,2300,3970,2450,1000,1130,7000,1370,5520
2023_05,19時,4840,6090,2030,1970,3260,1890,770,980,6610,2080,2640,5620,6840,2460,2190,3750,2150,890,1010,7230,1160,4420
2023_05,20時,4560,6030,2000,1940,3300,1750,710,880,7260,1430,2310,4980,6410,2210,2090,3490,1890,770,920,7430,880,3450
2023_05,21時,4300,5820,1980,1860,3200,1640,610,810,7630,1010,1880,4660,5930,2190,1840,3280,1750,660,850,7710,720,2570
2023_05,22時,4040,5610,1940,1740,3080,1570,540,780,7830,580,1580,4210,5640,2040,1710,3090,1640,580,770,7820,540,1850
2023_05,23時,3680,5220,1850,1590,2800,1450,460,730,7810,430,1000,3750,5220,1850,1550,2880,1430,500,740,7740,400,1180
2023_05,24時,3960,5220,1960,1580,2900,1420,480,820,8420,420,700,3910,5180,1900,1460,2920,1420,530,840,8240,390,840
2023_05,25時,4080,5250,1970,1630,2930,1440,490,850,8510,420,770,3990,5140,1950,1460,2900,1420,540,850,8290,380,840
2023_05,26時,4070,5240,1950,1640,2920,1420,490,870,8510,420,760,4020,5140,1970,1460,2910,1410,540,850,8320,380,840
2023_05,27時,4020,5210,1940,1670,2890,1390,480,850,8470,410,730,3930,5110,1880,1510,2860,1390,540,840,8260,380,780
2023_05,28時,4010,5260,1940,1670,2910,1400,500,840,8470,440,730,3900,5140,1870,1500,2880,1370,560,840,8210,400,810
2023_06,5時,4230,5050,1980,1660,2870,1400,550,800,8350,480,850,3950,5010,1880,1640,2870,1240,540,770,7900,470,970
2023_06,6時,4580,5270,2160,1730,2910,1540,640,840,8410,620,1240,4060,5090,1910,1650,2900,1300,590,790,7930,540,1070
2023_06,7時,5040,5580,2370,1930,3060,1550,770,910,8270,1110,1640,4210,5300,1930,1820,2870,1380,660,830,7740,830,1350
2023_06,8時,4960,5570,1890,2190,2940,1580,980,940,6410,2340,2170,4590,5830,2090,2010,3040,1460,870,930,7590,1360,1910
2023_06,9時,4870,5610,1770,2210,2620,1710,960,1200,4870,3120,2910,5110,6920,2950,2110,3070,1750,1000,1110,7380,2010,3190
2023_06,10時,4990,6160,1730,2330,2610,1850,1120,1490,4560,3200,3800,5660,7540,2660,2350,3490,2040,1280,1360,6700,1950,4990
2023_06,11時,5330,6650,1830,2520,2690,2000,1270,1660,4570,3360,4540,6400,7990,2870,2440,3690,2360,1510,1510,6400,2050,6380
2023_06,12時,5620,6740,1810,2580,2840,2080,1340,1700,4450,3450,4860,6640,8190,2870,2680,3800,2460,1370,1630,6300,2020,6900
2023_06,13時,5500,6750,1910,2470,2910,2060,1260,1620,4420,3400,4820,6910,8420,2890,2800,4100,2550,1380,1590,6340,2040,7330
2023_06,14時,5410,6450,1760,2440,2880,2020,1200,1560,4370,3400,4450,7110,8660,3130,2780,4220,2650,1440,1540,6260,2020,7830
2023_06,15時,5490,6290,1860,2420,2880,2010,1100,1500,4540,3450,4140,6930,8370,3300,2770,4020,2510,1300,1380,6380,2010,7260
2023_06,16時,5340,6200,1870,2320,3040,1950,1010,1330,4680,3430,3780,6710,7940,3170,2670,3930,2400,1180,1270,6500,1960,6520
2023_06,17時,5200,5960,1880,2260,3080,1890,880,1150,4860,3200,3440,6590,7570,3280,2460,3860,2340,1030,1180,6610,1880,6000
2023_06,18時,5040,5640,1990,2040,3000,1850,790,990,5510,2440,3080,6200,7230,2900,2530,3780,2210,920,1060,6860,1500,5370
2023_06,19時,4780,5600,2020,1890,3040,1770,690,940,6190,1800,2750,5840,6760,2670,2370,3660,2080,820,980,6950,1210,4750
2023_06,20時,4510,5490,1980,1840,3070,1610,630,860,6820,1290,2260,5370,6270,2410,2190,3530,1830,760,900,7220,920,3800
2023_06,21時,4200,5370,2000,1750,3020,1460,540,800,7260,910,1790,4760,5710,2420,1920,3180,1560,580,800,7460,580,2740
2023_06,22時,3990,5160,1980,1600,2950,1410,480,720,7470,540,1500,4450,5420,2160,1870,3050,1490,500,780,7580,490,2150
2023_06,23時,3680,4840,1910,1460,2750,1300,410,670,7430,410,1030,4030,5060,2110,1660,2800,1370,440,690,7480,410,1540
2023_06,24時,3990,4840,1900,1540,2820,1330,460,770,8080,430,710,4020,4860,1990,1610,2760,1320,460,730,8030,390,810
2023_06,25時,4100,4860,1900,1570,2850,1350,470,800,8160,420,750,4110,4890,1990,1630,2810,1320,470,760,8090,400,870
2023_06,26時,4050,4840,1900,1570,2790,1330,470,810,8170,420,680,4070,4860,1990,1640,2770,1300,470,750,8100,400,800
2023_06,27時,4020,4830,1870,1620,2770,1310,460,800,8140,430,660,4100,4860,1990,1690,2730,1310,470,760,8090,400,840
2023_06,28時,4020,4870,1890,1630,2800,1310,480,780,8140,450,680,4130,4910,1990,1700,2760,1320,490,770,8090,400,910
2023_07,5時,4150,5080,1850,1520,3030,1320,550,950,8150,510,960,3860,4880,1680,1540,2880,1220,500,900,7670,470,940
2023_07,6時,4600,5250,1900,1690,3150,1450,630,1020,8270,660,1330,3940,4930,1710,1550,2910,1260,540,890,7640,600,1020
2023_07,7時,5230,5550,2160,1960,3340,1620,650,1050,8130,1270,1790,4100,5120,1710,1710,2960,1290,620,910,7380,880,1350
2023_07,8時,5010,5740,1890,2130,3080,1640,830,1160,6410,2270,2450,4480,5790,1750,1910,3200,1540,840,1010,7190,1340,2110
2023_07,9時,5040,5680,1930,2100,2770,1670,870,1380,4890,3190,3080,5120,6580,2330,2120,3340,1720,1000,1180,6960,1830,3380
2023_07,10時,5160,6260,1870,2140,2770,1870,1060,1690,4540,3180,4080,5640,7480,2240,2380,3710,2110,1220,1450,6420,1840,5260
2023_07,11時,5400,6950,1910,2330,2830,2040,1250,1970,4510,3330,5020,6300,8210,2280,2740,3930,2450,1400,1700,6220,1940,6800
2023_07,12時,5470,6850,1760,2410,2780,2140,1300,1910,4310,3260,5100,6640,8540,2520,2860,4090,2550,1470,1670,6120,1910,7540
2023_07,13時,5460,6720,1790,2300,2930,2140,1210,1780,4210,3160,5090,6640,8650,2580,2860,4260,2540,1430,1590,6030,1880,7730
2023_07,14時,5370,6670,1720,2330,3040,2070,1130,1720,4190,3210,4920,6630,8660,2640,2780,4470,2550,1360,1470,5900,1840,7870
2023_07,15時,5400,6380,1680,2300,3030,2050,1080,1600,4200,3300,4550,6670,8470,2680,2870,4370,2510,1280,1410,6030,1820,7610
2023_07,16時,5300,6070,1610,2200,3090,2000,990,1480,4350,3220,4100,6370,8160,2650,2860,4100,2410,1170,1330,6020,1830,7010
2023_07,17時,5220,5830,1580,2190,3120,1960,880,1290,4570,3130,3640,6060,7810,2480,2760,4050,2210,1070,1280,6090,1730,6370
2023_07,18時,5020,5740,1640,2060,3110,1950,810,1170,5170,2610,3300,5600,7530,2430,2760,3730,2080,940,1170,6460,1500,5470
2023_07,19時,4730,5690,1780,1850,3180,1850,670,1070,5850,1750,3130,5320,6720,2220,2460,3530,1920,840,1040,6690,1190,4460
2023_07,20時,4310,5560,1710,1810,3070,1670,620,970,6330,1270,2590,4710,6220,2110,2100,3200,1790,750,970,6930,800,3510
2023_07,21時,3930,5320,1690,1620,3000,1500,530,890,6800,870,1920,4300,5760,1900,1960,3060,1540,650,920,7030,580,2730
2023_07,22時,3620,5120,1720,1450,2910,1360,450,830,7090,560,1430,4010,5540,1940,1760,3000,1390,570,870,7220,460,2160
2023_07,23時,3410,4750,1660,1300,2760,1240,400,790,7020,380,1090,3490,4900,1710,1500,2680,1230,480,760,7060,380,1230
2023_07,24時,3770,4890,1700,1430,2900,1300,420,890,7800,410,830,3640,4840,1630,1540,2740,1210,450,890,7630,340,840
2023_07,25時,3990,4910,1790,1480,2940,1310,440,940,7970,420,910,3810,4860,1720,1610,2750,1210,450,920,7830,380,820
2023_07,26時,4000,4920,1830,1480,2930,1300,420,940,8040,420,860,3740,4860,1700,1610,2720,1200,440,910,7870,370,710
2023_07,27時,4000,4960,1840,1510,2960,1270,420,930,8070,410,860,3740,4860,1700,1620,2720,1190,440,910,7870,370,700
2023_07,28時,3950,4990,1840,1510,2970,1270,440,910,8070,430,840,3730,4860,1670,1590,2750,1200,460,900,7850,380,700
2023_08,5時,3680,4340,1780,1410,2540,1010,420,830,7140,520,790,3540,4120,1680,1270,2530,960,410,780,6730,490,840
2023_08,6時,3900,4410,1770,1480,2590,1130,470,860,7140,630,980,3580,4070,1590,1300,2520,1040,420,760,6550,530,980
2023_08,7時,4430,4720,1970,1720,2770,1250,550,880,7080,980,1490,3760,4260,1550,1420,2540,1110,550,840,6440,740,1240
2023_08,8時,4160,4940,1690,1700,2650,1390,720,930,5670,1760,2080,4180,4760,1660,1660,2740,1270,700,890,6350,1090,1900
2023_08,9時,4140,5020,1670,1650,2430,1520,790,1080,4570,2320,2680,4370,5430,2040,1810,2710,1440,810,970,5960,1400,2870
2023_08,10時,4320,5590,1630,1770,2440,1660,960,1430,4250,2340,3700,4890,6310,2010,2000,3030,1790,1070,1290,5640,1470,4530
2023_08,11時,4570,6090,1540,1920,2540,1810,1110,1720,4110,2420,4550,5540,6790,2060,2240,3280,2020,1190,1530,5570,1520,5670
2023_08,12時,4740,6240,1550,2000,2630,1890,1110,1780,4080,2350,4880,5560,6940,2160,2230,3340,2090,1170,1490,5370,1430,6080
2023_08,13時,4690,6120,1450,1980,2720,1910,1060,1670,3950,2270,4880,5720,7030,2220,2210,3510,2100,1220,1480,5300,1440,6370
2023_08,14時,4670,6200,1480,2020,2840,1890,1020,1590,3920,2340,4900,5510,6830,1950,2160,3500,2110,1210,1390,5110,1420,6170
2023_08,15時,4690,5940,1580,1940,2780,1850,940,1520,3950,2430,4540,5470,6730,2060,2180,3510,2020,1100,1320,5000,1410,6130
2023_08,16時,4500,5590,1500,1850,2790,1750,840,1350,3990,2360,4010,5310,6540,2000,2260,3420,1920,1030,1220,5010,1400,5790
2023_08,17時,4440,5300,1560,1840,2790,1630,730,1180,4210,2260,3520,4960,6210,1850,2200,3250,1860,920,1080,4970,1300,5240
2023_08,18時,4280,5240,1600,1790,2760,1610,700,1050,4720,1890,3170,4750,6030,1710,2180,3280,1700,850,1030,5290,1150,4680
2023_08,19時,3960,5050,1580,1720,2700,1470,560,960,5170,1350,2770,4480,5260,1540,1920,3020,1580,710,940,5380,890,3820
2023_08,20時,3780,4790,1560,1650,2650,1310,480,890,5610,1020,2220,4080,4930,1600,1700,2770,1490,590,840,5710,730,2940
2023_08,21時,3500,4460,1440,1510,2640,1120,420,810,5920,700,1650,3700,4540,1470,1560,2660,1280,490,770,5850,620,2140
2023_08,22時,3460,4240,1520,1390,2590,1050,370,750,6180,480,1360,3700,4210,1470,1460,2650,1140,450,710,5960,510,1770
2023_08,23時,3260,4080,1590,1330,2440,930,310,720,6250,410,1010,3210,3900,1400,1260,2430,990,370,640,5900,450,1140
2023_08,24時,3460,4130,1590,1370,2540,950,320,790,6830,420,730,3380,3920,1460,1260,2470,960,390,740,6480,450,780
2023_08,25時,3660,4130,1680,1420,2530,980,320,830,7010,420,750,3440,3950,1500,1280,2480,950,390,760,6550,440,810
2023_08,26時,3640,4120,1690,1410,2510,970,330,830,7020,420,720,3430,3960,1520,1310,2450,940,390,760,6570,440,790
2023_08,27時,3600,4120,1680,1420,2500,950,330,810,7020,420,680,3410,3970,1520,1320,2450,930,390,740,6580,440,780
2023_08,28時,3550,4150,1690,1410,2490,950,340,800,6990,430,680,3460,4000,1540,1290,2490,950,410,740,6560,470,830
2023_09,5時,4430,5060,2120,1510,3100,1250,480,1000,8550,220,860,4180,4920,1850,1370,3200,1180,450,1030,8180,200,860
2023_09,6時,4590,5130,2110,1540,3140,1360,530,1020,8570,290,980,4230,4790,1850,1390,3120,1210,450,980,8100,240,800
2023_09,7時,4780,5400,2170,1720,3240,1430,580,1040,8230,670,1390,4370,5060,1750,1520,3160,1390,550,1040,8000,500,1050
2023_09,8時,4460,5520,1970,1750,2890,1510,740,1090,6490,1650,1940,4560,5620,1850,1730,3240,1540,700,1110,7640,1010,1660
2023_09,9時,4440,5680,1980,1760,2600,1600,860,1290,5100,2280,2850,4930,6380,2340,1910,3250,1750,800,1260,7150,1310,2970
2023_09,10時,4650,6340,2110,2020,2560,1690,1050,1550,4850,2370,3890,5690,7410,2560,2190,3610,2000,1110,1610,7100,1380,4740
2023_09,11時,5010,7130,2190,2280,2740,1830,1210,1870,4780,2640,4840,5990,8310,2550,2360,3850,2330,1340,1840,6490,1530,6410
2023_09,12時,5080,7300,2220,2240,2890,1930,1210,1880,4670,2730,5100,6080,8470,2580,2470,3950,2390,1270,1860,6230,1590,6830
2023_09,13時,4920,7120,2080,2020,2950,1960,1140,1880,4590,2760,4810,6340,8610,2850,2490,4200,2380,1280,1750,6260,1630,7160
2023_09,14時,4830,6900,1860,1930,2980,2010,1060,1870,4550,2750,4550,6260,8820,2750,2650,4340,2440,1210,1690,6030,1620,7530
2023_09,15時,4820,6640,1810,1970,2970,1960,990,1740,4610,2780,4200,6280,8560,2810,2680,4180,2530,1110,1520,6150,1600,7180
2023_09,16時,4720,6160,1660,1890,3030,1830,920,1530,4760,2740,3500,5950,8230,2870,2500,3940,2430,1020,1400,6010,1560,6710
2023_09,17時,4650,5670,1590,1760,3040,1750,860,1300,4950,2470,3010,5920,7690,2550,2530,3770,2410,970,1340,6260,1490,5940
2023_09,18時,4470,5510,1700,1640,3040,1720,710,1160,5540,1850,2700,5590,7170,2250,2500,3680,2210,850,1250,6540,1120,5190
2023_09,19時,4430,5450,1690,1710,3180,1610,600,1090,6150,1380,2480,5130,6720,2060,2410,3650,1870,760,1070,6830,870,4240
2023_09,20時,4370,5270,1680,1600,3260,1470,560,1040,6680,980,2080,4900,6000,1970,2150,3450,1670,640,1010,7070,580,3350
2023_09,21時,4240,5060,1610,1540,3290,1370,480,990,7030,650,1730,4490,5410,1710,1860,3300,1490,540,990,7250,360,2370
2023_09,22時,4200,4930,1730,1500,3230,1290,400,940,7390,300,1540,4290,5200,1820,1700,3200,1380,430,940,7590,240,1760
2023_09,23時,3890,4690,1770,1400,2990,1190,350,860,7370,160,1160,4020,4770,1780,1520,3000,1220,380,880,7520,140,1240
2023_09,24時,4170,4800,1820,1480,3140,1190,350,960,8190,130,770,4240,4790,1880,1480,3100,1200,380,970,8120,110,890
2023_09,25時,4360,4850,1970,1510,3170,1210,360,980,8390,130,810,4420,4780,2010,1500,3100,1190,390,990,8310,120,870
2023_09,26時,4260,4830,1950,1480,3130,1170,350,990,8370,130,710,4370,4780,2000,1510,3080,1160,390,1000,8320,120,820
2023_09,27時,4180,4810,1950,1470,3080,1160,350,970,8350,130,630,4300,4760,1980,1480,3050,1150,380,1000,8290,120,760
2023_09,28時,4210,4850,1950,1480,3120,1170,370,960,8380,130,670,4250,4750,1980,1440,3060,1140,370,990,8260,120,730
2023_10,5時,4380,4790,1950,1710,2950,1250,350,940,8210,340,880,4260,4470,1780,1630,2870,1120,340,970,7760,330,900
2023_10,6時,4580,4980,1930,1770,3100,1330,400,1010,8320,420,1080,4260,4540,1660,1630,2860,1240,390,1000,7680,380,990
2023_10,7時,4950,5280,2040,2000,3150,1440,480,1080,8160,860,1450,4270,4810,1600,1710,2910,1320,440,1070,7490,720,1140
2023_10,8時,4840,5600,2220,1990,2870,1550,640,1140,6370,2450,1850,4660,5040,1760,1910,2930,1450,590,1030,7230,1200,1510
2023_10,9時,4760,5890,2400,2000,2540,1580,770,1340,5120,3080,2680,4840,5740,2080,2030,2830,1650,820,1160,6620,1550,2630
2023_10,10時,4870,6550,2540,2170,2440,1720,920,1620,4640,3200,3820,5530,6700,2200,2230,3240,2010,1050,1490,6450,1720,4330
2023_10,11時,5280,6880,2460,2340,2660,1830,1050,1790,4460,3370,4530,6100,7370,2230,2520,3500,2240,1200,1760,6200,1800,5730
2023_10,12時,5190,7050,2390,2380,2690,1970,1050,1750,4460,3520,4470,6250,7560,2490,2520,3640,2350,1180,1620,6000,1800,6250
2023_10,13時,5200,6960,2500,2170,2770,2000,970,1730,4460,3560,4400,6480,7920,2810,2530,3870,2340,1180,1640,6030,1800,6760
2023_10,14時,5230,6790,2350,2180,2790,1950,970,1750,4190,3640,4450,6230,7940,2580,2560,3920,2320,1160,1610,5810,1810,6810
2023_10,15時,5170,6640,2400,2150,2840,1830,960,1620,4290,3630,4140,6310,7830,2670,2420,4080,2350,1070,1530,5990,1740,6660
2023_10,16時,5040,6240,2130,2030,2830,1920,910,1440,4410,3550,3560,6090,7500,2500,2470,4030,2230,1010,1330,5970,1700,6120
2023_10,17時,4980,5870,1990,1940,2850,1950,830,1280,4730,3230,3140,5850,7260,2440,2410,3880,2180,960,1230,6290,1640,5420
2023_10,18時,4920,5550,1850,1890,2970,1870,690,1170,5420,2570,2750,5720,6550,2160,2400,3690,2040,830,1130,6480,1340,4680
2023_10,19時,4970,5280,1830,1960,3080,1660,600,1090,6150,1900,2460,5560,6070,2110,2380,3550,1800,700,1080,6870,970,4010
2023_10,20時,4680,5050,1570,1970,3190,1520,480,980,6640,1200,2110,5130,5690,1970,2190,3390,1660,550,1040,7040,740,3280
2023_10,21時,4410,4740,1420,1850,3130,1400,420,920,6890,860,1640,4380,5040,1730,1880,3090,1430,380,890,7220,540,1910
2023_10,22時,4150,4750,1510,1810,3020,1290,370,880,7220,500,1430,4050,4780,1710,1710,2960,1240,340,840,7270,450,1330
2023_10,23時,3880,4480,1530,1750,2830,1100,330,790,7160,300,1120,3860,4450,1770,1540,2800,1110,260,810,7220,270,1030
2023_10,24時,4170,4530,1640,1750,2940,1150,290,920,7950,290,720,4100,4440,1790,1540,2860,1150,270,910,7790,320,720
2023_10,25時,4270,4560,1680,1760,2990,1150,300,930,8060,290,750,4130,4410,1810,1560,2840,1150,250,910,7850,310,670
2023_10,26時,4240,4640,1720,1790,2970,1140,310,930,8120,290,720,4080,4380,1810,1510,2830,1140,250,910,7820,300,620
2023_10,27時,4180,4650,1740,1790,2940,1120,300,930,8150,290,650,4100,4420,1830,1560,2820,1130,250,910,7870,300,630
2023_10,28時,4180,4710,1770,1780,2920,1120,340,930,8110,300,750,4130,4530,1940,1550,2820,1140,280,920,7830,300,810
2023_11,5時,4100,3830,1590,1740,2560,1010,210,790,6950,310,910,4110,3700,1490,1800,2530,970,270,750,6670,330,1060
2023_11,6時,4250,3970,1620,1700,2710,1080,280,800,6960,390,1100,4170,3810,1610,1760,2530,1010,280,770,6660,370,1200
2023_11,7時,4730,4290,1640,2030,2750,1320,390,870,6910,850,1500,4420,3950,1500,1930,2590,1170,350,820,6510,730,1380
2023_11,8時,4420,4590,1550,1760,2550,1580,550,990,5030,2220,2000,4820,4510,1540,2070,2880,1360,560,900,6190,1290,2100
2023_11,9時,4610,4760,1850,1740,2340,1570,700,1150,3890,2920,2780,5430,5130,2090,2150,2860,1620,770,1050,5720,1750,3320
2023_11,10時,4710,5570,2010,1890,2430,1680,840,1410,3690,2940,3850,6010,6070,2080,2350,3370,1990,990,1290,5540,1880,4880
2023_11,11時,5070,6040,1960,2140,2620,1850,960,1580,3450,3160,4670,6400,6790,2100,2460,3720,2300,1160,1420,5150,1960,6260
2023_11,12時,5200,6320,2030,2220,2670,1960,1000,1620,3620,3320,4750,6460,7160,2390,2610,3790,2330,1160,1340,5020,2060,6750
2023_11,13時,5140,6190,2130,2000,2670,1950,960,1610,3510,3320,4700,6680,7190,2630,2670,3810,2250,1130,1360,4950,2070,7050
2023_11,14時,5080,5840,1940,1900,2690,1880,940,1550,3370,3330,4420,6570,7380,2750,2630,3890,2270,1020,1370,4850,2040,7270
2023_11,15時,5050,5730,2030,1890,2640,1850,890,1460,3420,3340,4250,6370,6940,2640,2610,3690,2210,940,1200,4790,1960,6770
2023_11,16時,4930,5310,1800,1850,2660,1830,810,1270,3570,3320,3570,6340,6510,2410,2700,3650,2090,940,1040,4930,1920,6180
2023_11,17時,4750,4880,1570,1760,2660,1790,750,1080,3710,2990,3150,6390,6340,2290,2700,3580,2200,910,1030,5090,1820,6020
2023_11,18時,4840,4580,1590,1780,2710,1750,580,990,4350,2420,2880,6130,5750,2170,2700,3380,1990,740,880,5530,1440,5120
2023_11,19時,4800,4400,1540,1930,2710,1590,440,960,4940,1930,2570,5720,5190,2000,2710,3070,1700,570,840,5740,1060,4320
2023_11,20時,4370,4130,1380,1880,2690,1330,370,830,5540,1230,1960,5270,4620,1830,2490,2820,1430,470,840,5880,800,3430
2023_11,21時,3950,3850,1260,1630,2670,1180,290,760,5680,780,1580,4470,4100,1520,2080,2630,1230,340,750,6050,570,2160
2023_11,22時,3860,3880,1420,1640,2620,1080,220,740,6010,550,1430,4190,4090,1660,1940,2540,1130,280,710,6170,400,1910
2023_11,23時,3640,3650,1390,1620,2430,950,200,680,6060,300,1160,3870,3740,1510,1850,2410,950,220,660,6040,260,1500
2023_11,24時,3950,3660,1520,1650,2510,970,170,760,6760,290,810,4150,3650,1560,1800,2500,990,220,720,6750,260,1010
2023_11,25時,4010,3670,1540,1690,2540,970,170,760,6800,290,850,4170,3670,1550,1820,2510,990,220,730,6770,260,1030
2023_11,26時,3970,3670,1530,1710,2500,950,180,770,6820,290,790,4090,3680,1550,1810,2470,960,220,740,6770,260,970
2023_11,27時,3960,3680,1530,1700,2490,940,180,780,6810,290,790,4110,3680,1550,1810,2470,970,230,740,6780,260,970
2023_11,28時,3940,3720,1520,1710,2500,940,180,790,6790,300,820,4030,3760,1600,1790,2450,950,240,740,6720,260,1030
2023_12,5時,4640,4750,2020,1980,2790,1280,360,950,8500,220,760,4360,4630,1910,2020,2690,1060,300,990,8140,220,730
2023_12,6時,4990,4990,2060,2130,2970,1400,410,980,8600,380,1080,4440,4660,1850,2020,2770,1120,330,990,8060,280,860
2023_12,7時,5470,5500,2290,2220,3210,1660,510,1080,8560,880,1620,4640,4810,1760,2150,2760,1300,410,1050,7960,560,1020
2023_12,8時,5420,5740,2180,2170,3020,1900,700,1170,6300,2880,2060,5340,4980,1880,2210,2980,1510,580,1140,7500,1340,1580
2023_12,9時,5500,5930,2160,2210,2850,1910,940,1340,5130,3480,2890,5720,5730,2110,2330,3090,1660,830,1410,7090,1600,2850
2023_12,10時,5780,6790,2290,2480,2900,2080,1100,1700,4920,3580,4170,6450,7280,2560,2780,3580,2040,1070,1680,6960,1750,5110
2023_12,11時,6000,7330,2170,2660,3040,2260,1210,1970,4550,3780,5080,7120,7880,2700,2890,3970,2340,1310,1780,6660,1880,6550
2023_12,12時,6300,7510,2330,2730,3110,2410,1230,1990,4620,3890,5380,7200,8100,2870,2860,4070,2440,1300,1740,6240,1970,7180
2023_12,13時,6100,7390,2290,2600,3090,2390,1190,1900,4490,3850,5240,7200,8210,2840,3050,4130,2430,1260,1670,5930,1980,7580
2023_12,14時,5960,7150,2090,2580,3140,2240,1230,1810,4250,3960,4980,7310,8570,2900,3200,4320,2450,1230,1760,5950,2040,7990
2023_12,15時,6030,6780,2060,2500,3080,2220,1180,1730,4220,4040,4640,7040,8130,2780,3020,4070,2480,1140,1660,5940,1880,7440
2023_12,16時,5900,6220,1850,2470,3100,2120,1040,1510,4400,4060,3750,6810,7720,2900,3170,3700,2410,970,1360,6130,1850,6640
2023_12,17時,5600,5640,1570,2250,3090,2080,920,1320,4680,3400,3250,6500,7190,2600,3180,3570,2230,890,1190,6490,1700,5590
2023_12,18時,5630,5530,1740,2380,2990,2020,740,1260,5500,2720,3030,6030,6480,2070,3160,3390,2010,700,1150,6690,1300,4610
2023_12,19時,5670,5480,2080,2340,3110,1770,620,1210,6350,1950,2950,5560,6200,2110,2960,3320,1720,520,1110,7050,880,3940
2023_12,20時,5320,5210,1930,2210,3160,1580,520,1120,6780,1310,2530,5360,5660,2010,2730,3150,1570,480,1060,7330,670,3110
2023_12,21時,4930,5000,1970,2000,3130,1430,400,980,7420,830,1770,4800,5140,1900,2370,2870,1400,370,1010,7580,480,1980
2023_12,22時,4610,5010,2080,1960,2940,1330,350,950,7730,470,1500,4600,4800,1930,2240,2740,1230,310,940,7480,370,1630
2023_12,23時,4270,4790,2050,1860,2730,1190,300,920,7780,240,1110,4310,4440,1850,2100,2530,1110,260,890,7400,180,1240
2023_12,24時,4540,4660,2060,1880,2780,1230,290,950,8400,170,720,4460,4510,1940,2120,2620,1070,270,930,8120,180,770
2023_12,25時,4590,4670,2080,1910,2800,1210,290,950,8450,170,740,4470,4500,1910,2150,2640,1060,270,930,8200,190,670
2023_12,26時,4520,4680,2100,1880,2760,1220,290,940,8490,170,650,4430,4540,1950,2110,2640,1060,260,930,8250,190,620
2023_12,27時,4560,4680,2120,1910,2760,1200,290,940,8520,170,650,4440,4540,1950,2100,2630,1070,280,940,8250,210,620
2023_12,28時,4470,4680,2060,1890,2740,1190,290,950,8460,160,630,4420,4550,1950,2100,2620,1060,280,950,8210,220,640
2024_01,5時,4750,5420,2320,1950,3180,1250,280,1170,9230,770,720,4340,5090,2130,1860,2970,1070,280,1100,8600,550,730
2024_01,6時,4920,5600,2300,2040,3280,1360,320,1200,9200,850,1010,4490,5060,2120,1820,3030,1130,300,1120,8460,650,890
2024_01,7時,5260,6050,2320,2230,3460,1590,440,1260,9030,1260,1580,4710,5320,2100,1940,3110,1320,360,1170,8370,810,1310
2024_01,8時,5230,6050,2280,1950,3260,1710,670,1400,7010,2610,2240,5450,5410,2130,2040,3430,1470,510,1270,8050,1300,1960
2024_01,9時,5280,6280,2200,2100,3060,1820,840,1520,5920,3310,2960,6200,6410,2850,2300,3620,1660,730,1430,7940,1820,3460
2024_01,10時,5690,7140,2440,2410,3200,1970,970,1830,5610,3370,4410,6780,7470,2820,2700,4050,2000,970,1680,7680,1850,5280
2024_01,11時,6100,7690,2460,2640,3370,2140,1110,2050,5230,3560,5560,7360,8140,3160,2920,4200,2190,1220,1800,7470,1930,6640
2024_01,12時,6340,8150,2600,2720,3590,2250,1190,2110,5290,3760,6080,7590,8200,3040,2980,4320,2290,1310,1830,7150,2100,7120
2024_01,13時,6300,7930,2530,2730,3530,2220,1170,2040,5180,3720,5910,7670,8030,3180,2860,4210,2330,1290,1820,6750,2060,7410
2024_01,14時,6370,7720,2440,2650,3540,2260,1170,2020,4890,3700,5970,7430,7930,3080,2760,4330,2360,1160,1640,6580,1990,7260
2024_01,15時,6320,7500,2370,2630,3490,2210,1140,1950,5010,3680,5590,7080,7990,2910,2830,4440,2240,1010,1620,6630,1880,6990
2024_01,16時,6080,6650,2000,2540,3440,2110,1000,1620,5120,3540,4480,7030,7920,3080,2800,4520,2200,840,1500,6990,1860,6540
2024_01,17時,5850,6330,1790,2520,3440,2060,870,1490,5500,3110,3960,6960,7590,3190,2820,4210,2180,780,1350,7340,1760,5900
2024_01,18時,5740,6200,1790,2660,3410,2000,660,1410,6190,2620,3530,6280,7320,2850,2760,4020,2030,660,1270,7600,1530,4910
2024_01,19時,5550,6010,1950,2560,3410,1770,520,1330,7030,2030,2930,5740,6660,2400,2730,3750,1780,510,1210,7780,1160,3900
2024_01,20時,5120,5630,1750,2350,3390,1590,400,1250,7400,1340,2440,5000,6180,2200,2340,3510,1530,430,1150,7920,1090,2700
2024_01,21時,4880,5280,1900,2070,3320,1360,320,1170,7850,1110,1710,4840,5730,2160,2270,3240,1330,380,1170,8190,950,1930
2024_01,22時,4610,5450,2330,1940,3140,1230,290,1110,8400,880,1310,4480,5450,2180,2010,3080,1210,340,1090,8230,720,1470
2024_01,23時,4320,5360,2410,1830,2980,1140,270,1040,8390,800,1070,4170,5230,2080,1880,2990,1120,290,1020,8130,670,1080
2024_01,24時,4720,5490,2590,1950,3100,1160,240,1150,9320,720,740,4630,5070,2230,1880,3050,1110,270,1120,8850,580,760
2024_01,25時,4780,5520,2610,1990,3130,1170,240,1140,9410,710,750,4670,5050,2230,1910,3080,1090,270,1120,8940,570,720
2024_01,26時,4830,5500,2610,2010,3120,1180,250,1140,9430,700,770,4630,5060,2240,1900,3070,1060,270,1130,8960,570,670
2024_01,27時,4790,5480,2580,2000,3110,1170,240,1140,9390,710,740,4580,5050,2210,1900,3060,1060,270,1120,8940,570,630
2024_01,28時,4770,5510,2570,2020,3120,1170,230,1150,9390,710,760,4440,5050,2160,1850,3040,1050,250,1130,8850,570,580
2024_02,5時,4850,5170,1910,2290,2890,1340,370,1210,9100,650,820,4520,5110,1660,2180,2900,1270,390,1210,8650,670,880
2024_02,6時,5130,5440,1880,2400,3020,1520,470,1250,9150,740,1240,4520,5130,1620,2160,2950,1300,380,1210,8520,690,1000
2024_02,7時,6540,6040,2770,2820,3240,1730,660,1340,9350,1850,1980,4690,5400,1580,2240,2990,1490,480,1290,8250,860,1560
2024_02,8時,6170,5930,2620,2360,3020,1900,830,1350,7210,2920,2570,5380,5940,1970,2380,3270,1730,630,1330,8180,1260,2460
2024_02,9時,6070,5880,2410,2260,2820,1980,960,1520,5740,3570,3330,5780,6870,2290,2590,3410,1920,790,1630,8000,1730,3670
2024_02,10時,6250,6410,2280,2420,2960,2140,1090,1740,5120,3610,4510,6300,7560,2190,2850,3840,2300,960,1700,7340,1730,5400
2024_02,11時,6780,6890,2330,2710,3190,2270,1270,1890,4990,3830,5440,6780,8280,2270,3030,4110,2640,1170,1830,7210,1860,6630
2024_02,12時,6930,6980,2380,2810,3270,2330,1300,1810,5020,3940,5560,7290,8350,2620,3110,4190,2620,1230,1840,6960,1970,7330
2024_02,13時,6730,6920,2330,2850,3200,2280,1190,1780,4930,3860,5380,7400,8190,2380,3360,4310,2530,1240,1750,6670,1870,7580
2024_02,14時,6750,6720,2360,2830,3170,2220,1170,1700,4890,3980,5150,7420,8380,2430,3430,4320,2580,1310,1710,6600,1810,7920
2024_02,15時,6700,6490,2400,2670,3100,2170,1130,1700,4960,3930,4800,7310,8110,2410,3150,4290,2670,1210,1670,6550,1660,7660
2024_02,16時,6520,6150,2200,2680,3090,2110,1060,1520,5080,3800,4270,7240,7850,2380,3100,4200,2590,1160,1650,6870,1660,7020
2024_02,17時,6720,5840,2210,2630,3200,2140,930,1440,5510,3540,3990,7190,7320,2420,3150,4070,2380,960,1510,7020,1510,6390
2024_02,18時,6680,5770,2100,2680,3430,2040,770,1400,6290,2940,3720,6830,7010,2310,3210,3860,2180,790,1480,7580,1370,5310
2024_02,19時,6110,5790,1840,2820,3380,1830,650,1350,7080,2110,3210,6220,6640,2230,3050,3660,1910,610,1380,7930,1060,4310
2024_02,20時,5620,5570,1800,2650,3310,1620,540,1260,7430,1630,2650,5620,6100,1910,2870,3480,1660,510,1280,7930,860,3320
2024_02,21時,5280,5390,2010,2370,3170,1430,450,1210,8050,1260,1940,5140,5670,1680,2770,3200,1520,420,1220,8100,760,2350
2024_02,22時,4970,5440,2140,2330,3060,1320,370,1170,8410,920,1660,4720,5430,1700,2540,3030,1320,370,1180,8140,670,1760
2024_02,23時,4570,5180,2030,2160,2880,1220,330,1120,8360,670,1290,4290,5190,1660,2360,2760,1260,340,1090,8020,560,1360
2024_02,24時,4890,5150,2080,2250,2940,1230,330,1180,9060,650,930,4510,5200,1740,2190,2920,1300,320,1220,8690,580,950
2024_02,25時,5000,5190,2140,2310,2970,1220,350,1180,9190,660,940,4630,5180,1800,2250,2930,1290,310,1220,8750,580,1000
2024_02,26時,5000,5180,2130,2330,2960,1200,370,1180,9200,650,920,4550,5180,1770,2220,2920,1290,310,1220,8760,560,930
2024_02,27時,4920,5170,2090,2330,2910,1190,360,1180,9190,650,830,4550,5200,1770,2230,2920,1280,310,1210,8770,580,920
2024_02,28時,4840,5180,2010,2330,2910,1210,360,1170,9200,650,760,4510,5250,1750,2230,2940,1290,310,1230,8750,580,960
2024_03,5時,4880,4950,1890,2190,2740,1340,480,1160,8870,710,860,4800,4690,1850,2090,2700,1230,530,1070,8430,680,980
2024_03,6時,5200,5190,1880,2320,2930,1510,570,1160,8950,810,1230,4930,4730,1810,2090,2820,1250,570,1100,8420,750,1110
2024_03,7時,6470,5720,2600,2820,3180,1630,710,1230,9150,1770,1850,4940,5000,1680,2220,2870,1390,640,1120,8300,890,1350
2024_03,8時,6120,5620,2450,2420,3020,1750,840,1250,7040,2960,2300,5420,5420,1730,2450,3090,1620,750,1190,8100,1360,1980
2024_03,9時,5670,5940,2330,2310,2750,1810,980,1430,5710,3630,2930,5840,6180,2240,2700,2990,1820,910,1350,7740,1730,3230
2024_03,10時,5900,6370,2270,2420,2690,1980,1150,1740,5070,3610,4130,6090,7120,2200,2910,3290,2130,1120,1540,7200,1940,4710
2024_03,11時,6440,6820,2300,2730,2930,2020,1360,1920,4940,3920,4930,6700,7760,2400,3130,3620,2350,1260,1670,6990,2070,6050
2024_03,12時,6550,7110,2500,2810,3030,2040,1380,1880,5030,4020,5130,6970,8010,2540,3230,3720,2550,1310,1630,6760,2210,6660
2024_03,13時,6490,7080,2540,2730,2990,2070,1290,1930,4920,3950,5180,7130,8300,2680,3420,3850,2560,1340,1570,6600,2070,7280
2024_03,14時,6570,6920,2480,2800,2990,2090,1270,1850,4880,4010,5050,7020,8300,2610,3460,3940,2390,1300,1600,6600,2040,7190
2024_03,15時,6650,6740,2530,2910,2960,2050,1180,1740,4920,4030,4860,7020,8170,2540,3460,3860,2430,1240,1640,6590,1970,7100
2024_03,16時,6440,6330,2340,2810,3060,2000,1030,1510,5060,3960,4200,6900,7870,2430,3420,3960,2380,1100,1460,6930,2000,6320
2024_03,17時,6270,6160,2160,2800,3180,1920,940,1420,5270,3750,3890,6820,7530,2250,3540,3890,2240,1020,1400,7230,1850,5740
2024_03,18時,6070,5750,2070,2640,3070,1820,780,1420,5820,2970,3530,6820,7280,2310,3360,3970,2160,900,1370,7460,1720,5380
2024_03,19時,5760,5600,1980,2560,3100,1660,670,1370,6480,2190,3150,6380,6920,2260,3260,3690,1990,790,1290,7860,1370,4550
2024_03,20時,5310,5260,1730,2460,3120,1470,590,1180,6980,1490,2600,5780,6350,2130,3000,3400,1760,680,1150,7980,1240,3430
2024_03,21時,5060,5070,1820,2240,3030,1350,530,1150,7480,1160,2030,5180,5620,1810,2700,3080,1480,600,1110,8140,1010,2210
2024_03,22時,4700,5000,1910,2090,2880,1230,470,1100,7760,820,1650,4830,5260,1820,2420,2920,1330,530,1050,8230,810,1620
2024_03,23時,4470,4780,1950,2020,2660,1140,450,1010,7770,600,1370,4470,4850,1740,2240,2660,1250,460,950,8070,620,1190
2024_03,24時,4800,4990,2220,2110,2680,1180,480,1110,8680,610,1060,4740,5020,1860,2290,2760,1250,500,1070,8760,690,940
2024_03,25時,4860,4940,2180,2150,2700,1180,470,1110,8760,610,1010,4810,5000,1860,2300,2810,1240,490,1080,8830,660,940
2024_03,26時,4860,4920,2160,2150,2690,1190,460,1110,8780,610,960,4800,5010,1840,2300,2830,1240,510,1080,8880,650,900
2024_03,27時,4800,4950,2150,2140,2670,1190,460,1110,8800,630,920,4820,4960,1810,2300,2820,1240,510,1090,8860,650,890
2024_03,28時,4760,4950,2090,2150,2680,1190,460,1120,8810,630,870,4800,4960,1790,2300,2810,1250,500,1090,8870,650,860
2024_04,5時,4710,4650,1410,2270,2680,1450,560,970,8310,700,880,4290,4520,1170,2100,2670,1320,580,950,7780,540,890
2024_04,6時,5000,4960,1470,2420,2830,1540,680,1000,8410,880,1220,4260,4590,1110,2170,2670,1320,600,950,7620,610,1030
2024_04,7時,6060,5210,1570,2850,3170,1730,820,1110,8310,1550,1950,4560,4740,1130,2260,2770,1420,700,1000,7560,840,1310
2024_04,8時,5770,5520,1770,2550,2990,1920,920,1130,6500,2950,2400,5000,5220,1130,2560,2990,1710,770,1030,7370,1210,2020
2024_04,9時,5450,5980,2050,2350,2690,2030,1010,1270,5400,3760,2930,5480,6020,1390,2700,3210,2020,920,1230,6890,1570,3450
2024_04,10時,5520,6640,2130,2330,2770,2160,1170,1590,4860,3720,4100,6040,7210,1510,3030,3630,2460,1150,1460,6650,1740,5250
2024_04,11時,5870,7210,2110,2550,3040,2220,1350,1780,4660,3940,4990,6500,7880,1640,3150,3940,2760,1310,1570,6280,1780,6700
2024_04,12時,5970,7510,2280,2650,3120,2280,1360,1770,4810,4140,5110,6960,8040,2020,3180,4040,2790,1400,1550,6090,1910,7410
2024_04,13時,5750,7530,2320,2620,3010,2280,1300,1720,4730,4110,4990,6940,8320,2150,3140,4110,2880,1430,1540,5960,1970,7750
2024_04,14時,5750,7580,2300,2670,3060,2260,1250,1770,4740,4120,4920,6870,8630,2220,3260,4200,2940,1380,1490,6060,1920,7890
2024_04,15時,5710,7200,2360,2640,2920,2190,1160,1610,4790,4110,4490,6850,8310,2140,3290,4070,2870,1240,1530,6150,1750,7540
2024_04,16時,5780,6630,2100,2570,3040,2150,1120,1420,4960,3960,3940,6640,7740,1830,3270,4010,2660,1200,1400,6220,1720,6750
2024_04,17時,5730,6070,1610,2530,3110,2110,1060,1350,5270,3450,3530,6940,7780,1900,3570,4110,2670,1170,1290,6520,1560,6910
2024_04,18時,5600,5910,1500,2610,3170,2010,930,1280,5940,2860,3150,7040,7560,1820,3710,4170,2560,1020,1290,6800,1310,6700
2024_04,19時,5410,5790,1370,2730,3120,1930,830,1200,6620,2040,2990,6450,6760,1630,3480,3800,2290,840,1160,7060,1110,5320
2024_04,20時,5180,5430,1370,2610,3070,1730,740,1070,7080,1480,2500,5670,6070,1280,3310,3360,2000,710,1070,7180,890,3950
2024_04,21時,5100,5160,1550,2500,3010,1570,630,990,7590,1240,1950,5190,5510,1360,2900,3060,1740,640,990,7350,800,2880
2024_04,22時,4800,4950,1440,2460,2870,1450,600,910,7780,870,1600,4580,5170,1340,2620,2740,1550,580,900,7430,650,2060
2024_04,23時,4480,4570,1400,2320,2620,1310,550,820,7660,640,1240,4230,4500,1240,2330,2460,1380,510,800,7280,550,1370
2024_04,24時,4710,4630,1510,2280,2730,1340,530,940,8380,630,860,4360,4560,1250,2150,2680,1360,510,960,7920,670,880
2024_04,25時,4790,4660,1520,2310,2730,1350,530,980,8440,620,910,4420,4550,1280,2150,2700,1350,510,960,7970,650,890
2024_04,26時,4730,4600,1480,2300,2700,1320,540,970,8380,600,860,4450,4480,1260,2160,2710,1320,510,960,7950,660,880
2024_04,27時,4720,4630,1490,2290,2700,1340,540,970,8420,610,840,4430,4540,1260,2150,2750,1320,520,960,7990,660,870
2024_04,28時,4650,4660,1470,2290,2680,1350,560,950,8400,610,810,4390,4550,1230,2170,2730,1310,520,960,7970,650,860
2024_05,5時,4980,4200,1620,2260,2440,1340,560,930,8140,590,970,4720,4070,1370,2230,2410,1280,600,880,7810,510,910
2024_05,6時,5210,4470,1560,2420,2630,1440,640,970,8180,700,1300,4670,4240,1320,2210,2480,1310,610,960,7720,620,1070
2024_05,7時,6290,5020,2080,2900,2790,1650,810,1060,8030,1380,2410,4880,4530,1390,2260,2550,1400,720,1080,7700,840,1360
2024_05,8時,5880,5640,2350,2500,2810,1830,890,1130,6320,2930,2780,5340,4910,1400,2450,2840,1670,810,1060,7470,1360,1920
2024_05,9時,5730,6340,2720,2340,2800,1890,1020,1290,5560,3740,3480,5740,5900,1850,2650,3000,1990,930,1200,7100,1740,3320
2024_05,10時,5860,7080,2690,2410,2950,2130,1170,1570,5010,3710,4740,6240,6870,1830,2860,3450,2280,1180,1490,6830,1850,4930
2024_05,11時,6170,7770,2840,2700,3140,2210,1320,1720,4820,3980,5630,6590,7660,2140,3040,3580,2430,1350,1670,6460,1990,6370
2024_05,12時,6300,7700,2710,2770,3130,2320,1340,1700,4780,4070,5620,6790,7700,2280,2980,3630,2540,1360,1680,6040,1880,6960
2024_05,13時,6220,7690,2710,2670,3130,2280,1300,1790,4900,4160,5330,7040,8090,2480,2970,4010,2670,1300,1690,6040,1900,7570
2024_05,14時,6090,7590,2620,2660,3070,2280,1270,1760,4840,4180,5100,6980,8230,2480,2990,4050,2700,1310,1660,6010,1890,7640
2024_05,15時,6040,7370,2740,2640,3020,2170,1220,1610,4860,4110,4850,6890,8170,2580,2990,3920,2690,1320,1560,6100,1890,7390
2024_05,16時,6020,6830,2360,2700,3150,2040,1160,1420,5020,3970,4230,6570,7790,2270,2970,3910,2580,1200,1400,6200,1750,6730
2024_05,17時,6010,6380,2170,2570,3110,2100,1070,1330,5240,3560,3960,6320,7270,2050,3040,3800,2410,990,1290,6420,1570,5940
2024_05,18時,5710,6040,2060,2600,2950,1930,950,1240,5880,2770,3470,6410,6870,1860,3130,3760,2340,880,1290,6660,1390,5580
2024_05,19時,5450,5770,2030,2650,2830,1770,800,1110,6520,2000,3100,6160,6510,1750,3060,3620,2260,840,1120,6930,1120,5000
2024_05,20時,5360,5250,1990,2560,2720,1640,700,990,6930,1510,2610,5740,5880,1680,2960,3200,1950,780,1020,7210,990,3850
2024_05,21時,5320,4840,2060,2390,2680,1470,610,930,7450,1160,1980,5120,5240,1710,2730,2750,1590,630,940,7420,920,2490
2024_05,22時,5080,4600,1920,2330,2560,1420,540,890,7720,820,1640,4780,4830,1640,2510,2570,1420,570,880,7440,700,1950
2024_05,23時,4710,4170,1660,2260,2360,1270,490,820,7620,620,1140,4420,4220,1370,2360,2370,1230,520,780,7240,600,1280
2024_05,24時,4890,4070,1710,2220,2390,1230,460,930,8190,550,750,4730,4340,1620,2320,2530,1180,530,870,7990,550,1030
2024_05,25時,4930,4080,1700,2230,2390,1230,480,950,8260,550,720,4790,4350,1620,2340,2560,1180,530,890,8040,540,1050
2024_05,26時,4890,4080,1670,2230,2410,1220,480,940,8270,540,680,4770,4360,1620,2340,2540,1180,530,890,8070,540,1010
2024_05,27時,4890,4070,1660,2240,2420,1190,480,950,8260,520,680,4780,4340,1620,2350,2520,1180,530,910,8080,530,1000
2024_05,28時,4930,4130,1660,2250,2460,1220,530,920,8260,520,790,4830,4370,1620,2370,2530,1200,560,890,8100,530,1060
2024_06,5時,5140,3880,1920,2030,2410,1110,520,1020,7890,590,1060,4830,4060,1830,2010,2490,1060,430,1050,7730,580,1100
2024_06,6時,5360,4150,1810,2160,2610,1220,600,1080,7930,720,1370,4640,4170,1700,1960,2560,1070,460,1040,7560,640,1120
2024_06,7時,6210,4770,2180,2590,2950,1370,740,1140,7760,1290,2450,4940,4440,1770,2160,2590,1190,550,1100,7640,890,1400
2024_06,8時,5760,5460,2310,2250,3090,1610,820,1110,6250,2540,2960,5550,4820,1800,2320,3000,1450,620,1160,7510,1370,1990
2024_06,9時,5290,5870,2260,1980,2830,1830,870,1370,5050,3120,3570,6020,5690,2120,2350,3200,1760,810,1450,7070,1700,3460
2024_06,10時,5330,6470,2230,2070,2970,1890,1030,1590,4610,3150,4570,6460,6330,2010,2620,3600,2100,960,1480,6740,1850,4720
2024_06,11時,5550,6950,2080,2420,3150,1920,1170,1740,4320,3240,5380,6850,7400,2330,2920,3860,2280,1140,1700,6620,2070,6200
2024_06,12時,5690,6770,1850,2400,3220,2080,1160,1730,4340,3290,5220,7120,7530,2220,3050,3980,2390,1230,1770,6270,2000,6890
2024_06,13時,5480,6680,1830,2260,3190,2080,1110,1670,4350,3330,4850,7250,7930,2420,3030,4260,2470,1300,1670,6080,1980,7580
2024_06,14時,5470,6610,1810,2260,3090,2070,1080,1760,4390,3410,4650,7360,7920,2520,2980,4300,2580,1250,1630,6020,1930,7750
2024_06,15時,5580,6260,1890,2190,3030,2010,1050,1650,4500,3380,4340,7220,7770,2550,3010,4250,2490,1120,1550,6100,1970,7340
2024_06,16時,5550,5990,1830,2260,3090,1900,960,1480,4710,3310,3910,7020,7640,2440,3000,4270,2370,1070,1500,6210,1950,6880
2024_06,17時,5570,5900,1850,2220,3170,1850,970,1390,4880,3220,3760,6860,7240,2510,2890,4060,2190,1020,1420,6420,1810,6240
2024_06,18時,5580,5580,2010,2300,3040,1690,870,1230,5540,2510,3510,6840,7030,2550,2910,3910,2120,960,1400,6610,1620,6020
2024_06,19時,5370,5510,2040,2430,2870,1540,780,1200,6200,1930,3210,6240,6570,2370,2820,3520,1970,840,1270,6850,1240,5130
2024_06,20時,5200,4920,1890,2280,2740,1420,670,1080,6500,1400,2680,5580,5810,2090,2670,3130,1620,710,1150,6960,970,3890
2024_06,21時,5160,4430,1960,2070,2680,1290,550,1020,6930,1050,2100,5450,5270,1970,2500,2970,1520,650,1090,7100,780,3270
2024_06,22時,5050,4220,2030,2100,2500,1200,490,940,7250,780,1760,5160,4940,2210,2330,2600,1340,570,1040,7220,730,2630
2024_06,23時,4740,3900,1870,2070,2300,1050,440,890,7160,650,1350,4600,4350,1920,2090,2340,1090,490,990,7100,650,1690
2024_06,24時,5050,3830,1970,2010,2440,1040,420,980,7840,590,960,4610,4090,1710,1940,2540,1020,450,1020,7670,590,970
2024_06,25時,5190,3830,1990,2060,2480,1040,420,1010,7990,560,990,4710,4040,1710,1940,2600,990,450,1030,7730,550,990
2024_06,26時,5140,3820,1990,2040,2450,1030,410,1010,7960,560,950,4680,4020,1690,1960,2580,990,440,1030,7740,550,950
2024_06,27時,5100,3820,1980,2030,2440,1020,410,1010,7960,560,920,4650,4050,1660,1970,2590,980,440,1030,7740,550,950
2024_06,28時,5090,3850,1980,2040,2470,1000,450,990,7950,550,960,4690,4080,1640,1970,2610,1020,470,1030,7750,540,1000
2024_07,5時,4870,3420,1330,1860,2560,1190,480,840,7040,640,1140,4420,3390,1290,1690,2510,1080,430,790,6650,680,1050
2024_07,6時,5320,3720,1490,1990,2840,1270,520,920,7210,830,1530,4620,3540,1350,1740,2630,1120,490,820,6690,760,1280
2024_07,7時,5750,4220,1550,2250,3090,1440,680,940,6950,1190,2350,4870,3760,1490,1770,2690,1230,570,870,6630,1010,1560
2024_07,8時,5400,4980,1790,2120,3120,1580,820,950,5590,2630,2670,5310,4160,1420,1990,2980,1490,690,880,6430,1550,2040
2024_07,9時,4940,5290,1660,1800,2960,1690,910,1200,4350,3140,3230,5720,4860,1490,2170,3220,1780,800,1090,6150,1880,3130
2024_07,10時,5110,6160,1670,1950,3230,1850,1120,1440,4100,3260,4400,6140,5940,1550,2510,3630,2140,1010,1220,5870,2010,4780
2024_07,11時,5460,6640,1810,2200,3370,1850,1270,1580,4080,3540,5060,6640,7350,2050,2850,4020,2330,1190,1510,5830,2150,6600
2024_07,12時,5690,6490,1560,2250,3470,1950,1350,1580,4010,3570,5110,6970,7350,2010,2880,4180,2480,1210,1540,5450,2110,7270
2024_07,13時,5550,6580,1520,2200,3550,2000,1260,1580,3990,3590,5040,7210,7330,2030,2850,4250,2640,1210,1540,5270,2070,7710
2024_07,14時,5480,6530,1540,2200,3480,2000,1200,1580,4000,3620,4880,7520,7410,2450,2790,4230,2660,1280,1500,5130,2060,8240
2024_07,15時,5580,6390,1520,2270,3460,1920,1230,1550,4010,3630,4790,7430,7110,2410,2670,4330,2450,1200,1470,5230,2100,7710
2024_07,16時,5470,6190,1500,2220,3480,1820,1220,1400,4200,3520,4400,6950,7030,2300,2740,4270,2310,1060,1280,5350,1970,7110
2024_07,17時,5240,5590,1170,2140,3430,1820,1080,1170,4340,3030,3890,6780,6940,2230,2750,4280,2210,1060,1180,5590,1850,6740
2024_07,18時,5280,5350,1350,2160,3260,1760,990,1090,4970,2570,3560,6460,6310,2120,2580,3960,1970,1000,1120,5840,1640,5750
2024_07,19時,5120,5000,1470,2190,3060,1570,780,1020,5470,1850,3250,6010,5630,2050,2440,3510,1760,880,990,6020,1230,4850
2024_07,20時,5000,4680,1600,2120,2950,1410,670,920,5880,1320,2950,5510,5030,1940,2250,3190,1580,670,910,6110,950,3950
2024_07,21時,4840,4180,1480,1940,2870,1330,530,860,6250,990,2290,5050,4550,1900,2140,2810,1360,530,850,6210,880,3030
2024_07,22時,4540,3890,1400,1820,2650,1270,470,800,6430,680,1820,4620,4320,1760,2000,2600,1260,510,780,6290,700,2470
2024_07,23時,4150,3590,1250,1760,2450,1140,410,710,6300,560,1400,4210,3640,1230,1870,2430,1090,470,740,6190,620,1560
2024_07,24時,4360,3220,1230,1700,2400,1080,360,790,6600,530,950,4330,3310,1190,1760,2530,1030,380,740,6690,580,880
2024_07,25時,4450,3210,1250,1730,2410,1100,360,780,6700,540,930,4460,3310,1270,1770,2560,1030,380,750,6790,570,930
2024_07,26時,4460,3200,1270,1740,2410,1080,370,780,6730,530,910,4500,3310,1290,1780,2540,1040,390,740,6820,560,950
2024_07,27時,4460,3210,1290,1740,2410,1070,370,780,6740,530,910,4480,3330,1270,1780,2570,1030,390,750,6830,560,950
2024_07,28時,4460,3230,1290,1730,2410,1070,390,770,6710,530,960,4480,3340,1270,1750,2560,1040,420,760,6810,550,980
2024_08,5時,4380,3460,1370,1680,2350,990,590,850,6830,340,900,4250,3350,1320,1710,2240,1010,500,810,6470,320,1010
2024_08,6時,4640,3720,1300,1930,2490,1080,650,900,6970,510,1130,4280,3490,1300,1770,2250,1080,510,830,6470,390,1100
2024_08,7時,4930,4140,1330,2140,2640,1210,760,960,6730,920,1680,4510,3760,1370,1900,2270,1190,610,910,6400,630,1430
2024_08,8時,4710,4860,1580,2030,2690,1370,840,1040,5650,2000,2150,4890,4220,1430,2060,2550,1420,680,960,6190,1080,2040
2024_08,9時,4510,5110,1670,1920,2420,1460,910,1220,4750,2400,2700,5210,4890,1540,2300,2780,1570,800,1110,5930,1240,3130
2024_08,10時,4710,5650,1660,1990,2550,1540,1100,1500,4260,2560,3780,5800,5700,1560,2580,3210,1840,990,1310,5600,1400,4680
2024_08,11時,4990,6210,1600,2240,2790,1700,1240,1620,4030,2730,4640,6260,6620,1740,2890,3610,2040,1170,1420,5500,1490,6080
2024_08,12時,5210,6320,1630,2250,2940,1830,1280,1580,4020,2840,4890,6660,6840,1880,3000,3720,2160,1190,1540,5290,1610,6800
2024_08,13時,5180,6320,1720,2150,2920,1800,1280,1600,3980,2840,4890,6720,7130,2190,2850,3730,2260,1190,1610,5130,1650,7250
2024_08,14時,5210,6370,1830,2130,2950,1800,1240,1610,3980,2850,4960,6700,7060,2140,2820,3760,2270,1180,1590,5040,1620,7270
2024_08,15時,5340,6270,1900,2170,2990,1790,1200,1540,4010,2930,4870,6860,6880,2190,2900,3790,2250,1140,1450,5120,1660,7160
2024_08,16時,5320,6080,2000,2140,2970,1700,1170,1400,4180,2840,4600,6610,6720,2350,2710,3630,2200,1060,1370,5150,1640,6770
2024_08,17時,5380,5840,2020,2090,2990,1670,1160,1260,4310,2550,4580,6290,6570,2250,2630,3600,2070,1040,1260,5310,1500,6280
2024_08,18時,5350,5560,2130,2040,2940,1520,1140,1130,4810,1990,4330,5960,6040,2220,2360,3480,1810,970,1150,5350,1280,5570
2024_08,19時,5090,5160,2060,2090,2770,1350,980,990,5360,1420,3720,5420,5630,2190,2390,3070,1490,820,1060,5740,960,4560
2024_08,20時,4950,4700,1990,1980,2680,1240,810,930,5840,990,3060,5020,5150,2100,2110,2820,1410,730,980,5940,730,3710
2024_08,21時,4730,4290,2010,1870,2520,1100,640,860,6200,730,2330,4750,4850,1980,2060,2630,1290,670,950,6240,520,3060
2024_08,22時,4650,3900,1920,1800,2420,1030,570,790,6550,430,1790,4400,4120,1680,1900,2380,1140,560,850,6330,370,2030
2024_08,23時,4320,3540,1600,1760,2270,930,540,730,6520,300,1250,4120,3680,1430,1820,2250,990,520,780,6240,250,1480
2024_08,24時,4430,3480,1540,1740,2360,950,500,800,7020,310,840,4360,3570,1390,1810,2390,980,470,850,6890,280,990
2024_08,25時,4490,3480,1560,1760,2370,950,500,810,7080,300,840,4390,3580,1430,1810,2410,980,470,850,6920,290,980
2024_08,26時,4460,3480,1540,1760,2350,950,510,810,7050,300,840,4320,3580,1400,1810,2370,1000,470,840,6890,280,960
2024_08,27時,4450,3470,1510,1770,2340,950,520,810,7030,300,830,4310,3570,1410,1810,2320,1000,480,840,6900,270,940
2024_08,28時,4420,3500,1440,1760,2370,960,550,810,6990,300,880,4400,3610,1440,1830,2340,1020,520,840,6920,280,1030
2024_09,5時,5180,3900,1480,1960,2870,1080,710,960,7900,280,1070,4850,3940,1370,1890,2910,1040,620,930,7500,280,1210
2024_09,6時,5480,4190,1490,2160,3050,1190,750,1010,7990,440,1400,4970,4050,1380,1980,3000,1050,640,960,7550,360,1320
2024_09,7時,5820,4460,1380,2370,3170,1370,880,1080,7710,830,1920,5100,4210,1320,2080,2970,1170,720,1020,7480,520,1500
2024_09,8時,5500,5130,1610,2120,3320,1450,970,1150,6380,1890,2550,5260,4580,1310,2020,3320,1380,800,1010,7130,1010,1900
2024_09,9時,5230,5450,1540,2000,3200,1550,1000,1370,5430,2370,3090,5530,5320,1300,2280,3510,1600,900,1220,6760,1310,2960
2024_09,10時,5240,6050,1500,2010,3240,1700,1150,1670,5000,2510,3990,6290,6260,1450,2640,4000,1900,1140,1410,6470,1450,4840
2024_09,11時,5470,6580,1590,2240,3360,1780,1280,1770,4770,2690,4760,6900,7110,1590,2920,4510,2120,1280,1570,6270,1570,6360
2024_09,12時,5660,6780,1750,2350,3350,1900,1260,1810,4730,2800,5070,6900,7240,1640,2920,4520,2240,1230,1580,6150,1670,6500
2024_09,13時,5650,6780,1720,2310,3400,1860,1320,1800,4740,2880,4980,6970,7460,1880,3040,4380,2340,1220,1550,6000,1670,6940
2024_09,14時,5540,6650,1690,2220,3410,1800,1290,1770,4660,2930,4790,6880,7580,1920,2990,4340,2440,1210,1530,5860,1680,7100
2024_09,15時,5510,6530,1750,2210,3370,1710,1270,1700,4660,2900,4640,6930,7620,2010,3040,4400,2340,1220,1520,5960,1710,7070
2024_09,16時,5570,6350,1670,2310,3420,1680,1220,1600,4880,2790,4420,6730,7670,2100,3070,4300,2240,1180,1500,6070,1690,6840
2024_09,17時,5580,6020,1620,2260,3420,1640,1190,1450,5030,2550,4210,6590,7550,2250,3010,4350,2080,1120,1320,6150,1590,6600
2024_09,18時,5600,5770,1800,2170,3330,1580,1190,1280,5570,1960,4010,6140,6920,2080,2710,4050,1920,1040,1250,6360,1340,5540
2024_09,19時,5450,5550,1830,2250,3210,1430,1070,1190,6120,1330,3730,5710,6100,1850,2550,3720,1600,930,1140,6540,930,4520
2024_09,20時,5430,5030,1770,2210,3130,1360,930,1050,6540,1020,3080,5490,5380,1900,2360,3300,1460,820,1010,6700,680,3660
2024_09,21時,5240,4580,1740,2000,3020,1260,810,990,6870,750,2400,5310,4740,1710,2260,3080,1330,710,930,6890,500,2830
2024_09,22時,5280,4310,1770,2020,2950,1160,740,930,7200,450,2120,5010,4200,1520,2080,2900,1190,640,850,6960,320,2080
2024_09,23時,4860,3820,1470,1890,2730,1020,670,870,7090,260,1490,4580,3750,1430,1890,2620,1030,560,790,6730,190,1550
2024_09,24時,5090,3890,1550,1970,2850,1000,650,950,7880,250,1060,4710,3910,1350,1920,2890,970,560,910,7510,210,1080
2024_09,25時,5220,3920,1670,2000,2860,1000,640,950,8050,250,1060,4770,3930,1400,1930,2920,980,550,910,7630,210,1040
2024_09,26時,5170,3930,1620,1990,2870,990,640,960,8020,250,1040,4740,3930,1370,1930,2920,980,550,900,7640,210,1000
2024_09,27時,5110,3930,1540,2000,2870,990,650,970,7990,240,1020,4800,3940,1380,1940,2950,970,570,910,7650,210,1060
2024_09,28時,5120,3950,1520,2010,2880,1010,680,960,7980,250,1050,4860,3980,1400,1940,2970,1000,610,920,7680,210,1140
2024_10,5時,5530,4210,1730,2090,3090,1130,680,1000,8550,450,1050,5430,4150,1670,2010,3110,1200,620,960,8140,410,1340
2024_10,6時,5800,4480,1720,2340,3190,1220,740,1050,8640,620,1350,5480,4280,1620,2040,3160,1240,670,1010,8130,530,1410
2024_10,7時,6310,4810,1720,2550,3410,1420,890,1120,8550,960,1940,5580,4490,1650,2120,3070,1390,740,1090,7970,750,1650
2024_10,8時,5860,5350,1840,2250,3440,1450,960,1250,6990,1940,2620,5890,4770,1640,2150,3450,1530,820,1060,7690,1000,2260
2024_10,9時,5450,5830,1820,1990,3360,1590,1070,1420,5870,2390,3390,6070,5340,1670,2220,3600,1680,980,1240,7210,1230,3290
2024_10,10時,5480,6440,1840,1980,3400,1740,1230,1720,5300,2470,4480,6560,6680,1950,2620,3980,2040,1180,1450,6880,1380,5270
2024_10,11時,5520,6970,1750,2170,3530,1840,1340,1850,4950,2610,5240,7000,7640,2270,2900,4310,2200,1360,1590,6650,1470,6770
2024_10,12時,5750,7230,1860,2220,3600,2010,1390,1880,4890,2730,5670,7250,8160,2340,3030,4570,2380,1370,1690,6450,1510,7690
2024_10,13時,5720,7160,1960,2180,3560,1970,1400,1790,4820,2680,5670,7180,8360,2320,3060,4540,2440,1470,1700,6170,1480,8110
2024_10,14時,5660,7040,2030,2100,3500,1930,1360,1760,4790,2740,5460,6970,8500,2450,3020,4450,2410,1430,1690,5980,1490,8220
2024_10,15時,5820,6930,2090,2150,3570,1860,1330,1740,4930,2760,5360,7130,8370,2630,3110,4360,2350,1380,1660,6030,1480,8210
2024_10,16時,5780,6710,2080,2160,3620,1730,1320,1570,5220,2630,4940,7100,8310,2700,3200,4320,2310,1340,1530,6200,1500,7960
2024_10,17時,5760,6630,2230,2170,3600,1730,1270,1380,5470,2390,4830,7000,7890,2840,3020,4180,2220,1220,1400,6440,1390,7330
2024_10,18時,5860,6460,2440,2210,3470,1680,1220,1280,6060,1910,4640,7030,7760,2980,2950,4390,2090,1110,1260,6790,1250,7020
2024_10,19時,5630,6020,2310,2190,3360,1530,1050,1180,6560,1300,4080,6410,6960,2590,2810,4050,1820,950,1130,7040,960,5660
2024_10,20時,5520,5650,2250,2190,3290,1440,920,1060,7060,960,3450,5760,6050,2360,2490,3510,1590,810,1030,7210,730,4160
2024_10,21時,5590,5200,2400,2030,3220,1310,790,1030,7520,660,2920,5340,5240,2160,2170,3200,1360,670,990,7400,530,2930
2024_10,22時,5640,4720,2240,2070,3130,1250,730,930,7730,550,2380,5150,4590,1920,2050,2990,1260,580,910,7510,460,2060
2024_10,23時,5270,4150,1920,1980,2860,1110,660,880,7580,400,1710,4850,4260,1740,1980,2800,1140,560,870,7370,370,1660
2024_10,24時,5500,4200,1820,2090,3100,1070,650,950,8570,400,1040,5150,4220,1640,2100,3000,1100,560,950,8180,390,1110
2024_10,25時,5600,4220,1890,2130,3100,1070,660,950,8700,400,1040,5210,4220,1690,2090,3000,1100,560,960,8270,390,1090
2024_10,26時,5540,4210,1850,2110,3100,1060,640,950,8650,390,1010,5130,4150,1570,2100,2980,1090,560,960,8190,390,1020
2024_10,27時,5510,4200,1810,2100,3100,1070,640,960,8640,390,990,5110,4160,1560,2100,2960,1090,570,970,8150,390,1060
2024_10,28時,5460,4240,1740,2100,3100,1090,680,960,8620,390,1010,5200,4180,1590,2100,3000,1110,600,970,8210,400,1100
2024_11,5時,5250,4720,2110,1910,3210,1130,740,860,8980,780,860,5240,4680,2150,1860,3160,1160,680,890,8680,770,1110
2024_11,6時,5540,4970,2140,2010,3340,1250,810,950,9080,940,1140,5310,4800,2170,1900,3220,1160,730,900,8680,830,1240
2024_11,7時,6020,5210,2020,2330,3430,1440,990,1000,8940,1520,1470,5550,5040,2190,2040,3210,1350,800,990,8540,1140,1560
2024_11,8時,5780,5520,1990,2250,3500,1420,1030,1090,7430,2600,1970,5850,5490,2290,2150,3410,1550,890,1040,8180,1660,2160
2024_11,9時,5400,6260,2010,2120,3530,1550,1130,1290,6300,3290,2770,6040,6110,2310,2210,3620,1680,1090,1230,7690,1960,3120
2024_11,10時,5430,6840,1980,2070,3560,1710,1300,1630,5640,3520,3860,6760,7560,2580,2700,4090,2080,1310,1540,7370,2200,5420
2024_11,11時,5600,7420,2060,2240,3630,1810,1420,1850,5370,3620,4750,7260,8480,2760,2890,4510,2290,1500,1760,6940,2250,7140
2024_11,12時,5770,7540,1940,2410,3670,1940,1430,1910,5120,3690,5140,7270,8920,2740,2820,4780,2480,1520,1830,6730,2320,7680
2024_11,13時,5660,7490,2010,2270,3690,1860,1460,1830,5070,3680,5020,7530,9090,2990,3000,4740,2520,1530,1810,6590,2310,8220
2024_11,14時,5590,7430,1980,2290,3680,1790,1450,1820,5110,3610,4900,7550,9060,3260,2800,4820,2450,1510,1730,6440,2320,8310
2024_11,15時,5550,7360,2050,2380,3600,1780,1350,1730,5230,3670,4600,7420,8790,3260,2900,4620,2460,1380,1580,6480,2240,7930
2024_11,16時,5590,7040,2120,2350,3660,1710,1250,1520,5500,3530,4180,7140,8580,3220,2940,4450,2370,1290,1440,6650,2180,7370
2024_11,17時,5580,7000,2370,2350,3620,1670,1260,1290,5830,3180,4160,7390,8300,3310,3000,4580,2300,1160,1320,6980,2050,7170
2024_11,18時,5510,6780,2470,2270,3480,1660,1210,1190,6360,2580,3960,6790,7960,3270,2800,4380,2090,1010,1190,7140,1780,6370
2024_11,19時,5390,6560,2600,2210,3470,1470,1040,1130,7010,1940,3610,6240,7390,3140,2690,3850,1880,960,1100,7470,1440,5290
2024_11,20時,5420,6100,2640,2150,3430,1360,930,1000,7550,1580,3050,5850,6570,2960,2500,3520,1610,860,960,7680,1230,4070
2024_11,21時,5200,5560,2510,1980,3320,1230,790,920,8010,1150,2280,5410,5840,2800,2190,3180,1400,760,900,7870,1020,2910
2024_11,22時,5150,5060,2360,1930,3170,1170,730,830,8350,940,1620,5060,5080,2340,2060,2980,1240,700,820,7940,850,1900
2024_11,23時,4970,4610,2160,1870,2990,1100,690,750,8260,770,1170,4640,4760,2140,1930,2790,1120,650,750,7800,670,1470
2024_11,24時,5300,4700,2270,1890,3190,1100,670,850,9060,730,860,4950,4710,2080,1910,3040,1070,650,890,8710,670,890
2024_11,25時,5380,4730,2350,1910,3200,1100,670,860,9210,730,850,5000,4680,2090,1920,3040,1070,660,890,8770,660,870
2024_11,26時,5290,4750,2310,1900,3200,1080,660,860,9180,730,820,5020,4670,2070,1950,3070,1050,650,890,8760,650,900
2024_11,27時,5230,4750,2270,1910,3180,1080,670,850,9110,730,830,5000,4660,2050,1940,3060,1050,660,880,8750,650,880
2024_11,28時,5230,4800,2240,1920,3180,1090,710,850,9120,730,860,5020,4670,2030,1940,3070,1060,680,890,8770,650,900
2024_12,5時,5510,4750,2350,1990,3100,1160,750,890,9190,590,930,5440,4500,2070,1920,3130,1160,690,950,8800,490,1060
2024_12,6時,5650,4900,2310,2070,3170,1240,800,940,9170,700,1130,5400,4670,2050,1950,3180,1190,700,980,8810,530,1150
2024_12,7時,6040,5160,2140,2280,3430,1410,950,970,8930,1170,1570,5590,4880,2040,2100,3160,1360,770,1020,8680,740,1470
2024_12,8時,5840,5790,2370,2240,3460,1470,1020,1050,7710,2130,2260,5750,5250,2090,2100,3360,1520,880,1030,8170,1270,2000
2024_12,9時,5530,6220,2200,2140,3440,1630,1110,1220,6510,2760,2980,6320,5890,2390,2310,3510,1820,1000,1160,7820,1600,3220
2024_12,10時,5590,6910,2070,2150,3620,1800,1280,1560,5850,2870,4230,7110,7250,2520,2770,3920,2320,1310,1500,7610,1660,5550
2024_12,11時,5600,7570,2040,2380,3710,1870,1410,1750,5500,2980,5120,7650,8550,3090,3120,4330,2480,1440,1710,7340,1730,7490
2024_12,12時,5760,7670,2000,2450,3760,2040,1360,1810,5280,3090,5460,7630,8670,2990,2980,4540,2580,1430,1760,6940,1780,7910
2024_12,13時,5690,7550,1980,2360,3770,1960,1330,1810,5190,3040,5400,7470,8630,2990,2850,4570,2520,1400,1740,6750,1800,7920
2024_12,14時,5570,7560,2070,2300,3710,1930,1350,1750,5090,3010,5440,7460,8810,3240,2830,4610,2460,1430,1680,6630,1770,8220
2024_12,15時,5590,7570,2250,2340,3740,1880,1270,1670,5300,3000,5260,7610,8750,3260,2970,4700,2440,1340,1630,6710,1750,8230
2024_12,16時,5510,7240,2230,2350,3720,1800,1170,1470,5490,2850,4810,7430,8530,3220,3010,4550,2420,1300,1450,6910,1720,7700
2024_12,17時,5680,7100,2490,2390,3680,1790,1130,1280,5800,2520,4840,7330,8460,3390,2810,4630,2450,1190,1290,7160,1620,7390
2024_12,18時,5650,6680,2560,2260,3490,1680,1120,1200,6310,2030,4390,6990,8010,3240,2790,4400,2240,1110,1190,7370,1420,6620
2024_12,19時,5410,6360,2540,2220,3380,1520,980,1120,6840,1490,3860,6330,7460,3070,2810,3930,1860,1000,1110,7570,1120,5490
2024_12,20時,5320,5880,2480,2180,3280,1400,860,980,7290,1140,3190,5910,6660,2930,2590,3570,1620,860,980,7870,880,4220
2024_12,21時,5270,5410,2530,2010,3190,1260,750,910,7870,840,2400,5600,5750,2730,2360,3170,1400,760,910,8080,610,3050
2024_12,22時,5340,4860,2360,1990,3120,1180,680,850,8240,610,1770,5260,5110,2390,2150,2970,1280,710,850,8140,510,2110
2024_12,23時,5060,4520,2150,1910,2940,1120,640,800,8200,490,1290,4900,4610,2080,2040,2790,1140,680,760,7970,420,1490
2024_12,24時,5460,4660,2280,2010,3130,1130,670,880,9150,520,900,5270,4570,2050,2020,3040,1120,670,910,8910,450,900
2024_12,25時,5510,4660,2330,2030,3120,1120,670,880,9250,530,870,5310,4570,2130,2010,3040,1110,660,910,8990,460,860
2024_12,26時,5440,4620,2310,2000,3110,1100,650,870,9240,520,770,5250,4650,2130,2030,3050,1090,660,910,9030,460,850
2024_12,27時,5400,4640,2240,2000,3130,1100,670,870,9180,520,790,5270,4680,2120,2030,3090,1100,670,920,9070,460,860
2024_12,28時,5390,4700,2230,2000,3130,1120,720,880,9160,530,870,5310,4730,2160,2020,3080,1130,720,920,9100,460,930
2025_01,5時,5550,4550,2070,2130,3120,1190,710,870,8990,490,1010,5250,4340,1750,2070,2970,1240,680,880,8610,480,890
2025_01,6時,5660,4780,2060,2270,3140,1260,770,920,8980,640,1200,5380,4510,1820,2170,2980,1290,710,900,8710,570,990
2025_01,7時,6180,5250,2080,2540,3450,1470,890,980,9000,1250,1630,5680,4730,1810,2320,3080,1450,760,970,8660,820,1310
2025_01,8時,5850,5550,2210,2410,3400,1400,940,1020,7590,2190,2030,5900,5160,1950,2340,3280,1600,900,970,8370,1200,1880
2025_01,9時,5640,6000,2320,2240,3320,1540,1040,1160,6500,2870,2720,6250,5710,2200,2470,3340,1790,1090,1050,7950,1530,2880
2025_01,10時,5780,6570,2270,2300,3480,1690,1220,1390,5900,2980,3930,7030,6990,2580,2730,3900,2120,1350,1330,7590,1630,5240
2025_01,11時,5960,7120,2220,2410,3710,1800,1300,1610,5400,3040,5040,7560,8210,2920,3130,4270,2410,1490,1530,7110,1670,7360
2025_01,12時,6050,7380,2210,2520,3790,1930,1310,1660,5270,3180,5370,7700,8670,3060,3300,4390,2530,1420,1650,6900,1730,8090
2025_01,13時,5920,7350,2180,2460,3680,1970,1280,1680,5180,3100,5360,7670,8990,3130,3370,4530,2540,1380,1690,6680,1730,8580
2025_01,14時,5870,7390,2300,2410,3630,1950,1310,1650,5170,3080,5380,7800,8840,3040,3390,4570,2600,1390,1630,6660,1720,8570
2025_01,15時,5990,7340,2490,2450,3640,1880,1270,1590,5350,3080,5230,7670,8770,3110,3320,4560,2620,1350,1470,6690,1670,8370
2025_01,16時,5980,7120,2530,2450,3650,1830,1180,1460,5670,2890,4900,7580,8510,3130,3310,4580,2520,1220,1300,6970,1570,7860
2025_01,17時,5840,6940,2580,2460,3530,1770,1140,1280,6010,2460,4650,7420,7940,3030,3120,4500,2370,1160,1150,7250,1410,7010
2025_01,18時,5690,6560,2490,2420,3280,1740,1120,1170,6540,1980,4110,6860,7420,2850,3010,4140,2130,1060,1080,7410,1180,6010
2025_01,19時,5490,6240,2490,2320,3250,1580,960,1100,7050,1450,3640,6300,6680,2820,2740,3650,1830,930,990,7480,890,4910
2025_01,20時,5530,5810,2550,2300,3280,1390,850,950,7530,1120,3100,5860,5940,2590,2530,3380,1610,750,920,7660,760,3680
2025_01,21時,5270,5290,2400,2110,3110,1280,740,900,7870,760,2350,5480,5280,2260,2380,3140,1440,660,870,7920,640,2520
2025_01,22時,5300,4950,2280,2090,3080,1240,690,860,8210,590,1860,5270,4920,2180,2270,2970,1290,620,850,8080,530,1950
2025_01,23時,5040,4540,2030,1990,2930,1170,650,800,8160,500,1320,4990,4380,1760,2150,2850,1220,590,790,8030,460,1250
2025_01,24時,5460,4510,2060,2070,3090,1210,660,870,8990,480,930,5210,4460,1810,2170,2980,1190,630,870,8790,450,820
2025_01,25時,5520,4520,2110,2100,3100,1200,650,870,9120,490,880,5220,4430,1840,2170,2970,1170,620,860,8830,440,780
2025_01,26時,5470,4520,2110,2110,3070,1170,650,860,9130,480,820,5190,4390,1790,2190,2960,1170,610,860,8830,440,710
2025_01,27時,5470,4530,2090,2110,3080,1170,660,860,9150,460,800,5170,4400,1750,2190,2960,1160,630,850,8820,440,710
2025_01,28時,5500,4590,2110,2120,3100,1190,690,860,9170,460,880,5230,4420,1780,2190,2990,1150,660,860,8810,440,790
2025_02,5時,5220,4840,2140,2140,3060,1050,730,930,9190,570,790,5050,4800,1900,2190,3030,1130,670,920,8940,530,830
2025_02,6時,5450,5140,2200,2310,3100,1180,780,1000,9250,800,1030,5180,4930,1970,2260,3020,1170,720,960,8940,670,950
2025_02,7時,5960,5550,2250,2510,3390,1380,920,1040,9020,1490,1500,5490,5060,1890,2450,3130,1280,790,990,8830,990,1200
2025_02,8時,5700,6000,2370,2410,3440,1370,1010,1090,7640,2510,2060,5660,5530,2050,2420,3310,1450,900,1050,8510,1530,1650
2025_02,9時,5730,6390,2590,2380,3310,1480,1100,1240,6600,3250,2780,5870,6450,2330,2580,3520,1630,1090,1150,8150,1880,2780
2025_02,10時,5840,6850,2500,2430,3430,1570,1270,1480,5980,3440,3760,6630,7690,2660,3000,3930,1950,1310,1450,7690,2050,5140
2025_02,11時,5930,7420,2470,2570,3580,1710,1400,1600,5510,3490,4820,7200,8610,2790,3160,4480,2170,1490,1700,7200,2020,7030
2025_02,12時,6030,7620,2470,2740,3590,1780,1390,1680,5430,3630,5100,7430,8860,2820,3270,4520,2410,1430,1820,6940,2150,7650
2025_02,13時,5810,7440,2420,2620,3390,1770,1380,1650,5350,3600,4820,7410,8740,2850,3260,4450,2350,1420,1800,6640,2170,7810
2025_02,14時,5730,7340,2410,2540,3370,1770,1350,1600,5310,3570,4720,7490,8950,3020,3320,4550,2350,1400,1780,6640,2110,8170
2025_02,15時,5740,7450,2640,2560,3340,1740,1300,1600,5460,3640,4620,7270,8950,3170,3200,4580,2390,1310,1550,6680,2130,7870
2025_02,16時,5680,7230,2580,2600,3310,1710,1230,1470,5700,3450,4290,7000,8690,3360,3030,4460,2250,1150,1400,7010,1990,7150
2025_02,17時,5560,7080,2540,2630,3260,1610,1230,1350,6110,2900,4150,6630,8390,3260,3050,4240,2080,1080,1280,7290,1770,6420
2025_02,18時,5600,6750,2610,2530,3150,1550,1230,1260,6640,2310,3930,6360,7750,3270,2820,3920,1900,1060,1120,7650,1530,5360
2025_02,19時,5430,6580,2740,2380,3140,1510,1040,1170,7270,1660,3590,5950,7300,3180,2620,3710,1730,930,1070,7830,1270,4590
2025_02,20時,5270,6270,2770,2310,3130,1380,910,1010,7750,1320,2980,5540,6640,3000,2390,3390,1560,850,970,7940,1070,3630
2025_02,21時,5030,5690,2530,2130,3080,1200,790,970,8150,960,2120,5130,5850,2700,2260,3020,1300,750,940,8170,780,2490
2025_02,22時,4980,5310,2330,2140,3060,1120,730,900,8520,700,1560,5010,5280,2370,2260,2880,1220,670,880,8330,580,1800
2025_02,23時,4760,4950,2140,2080,2880,1040,700,850,8490,580,1110,4770,4750,1990,2150,2780,1100,640,830,8240,510,1170
2025_02,24時,5100,4900,2150,2120,3050,1060,680,940,9260,540,700,5120,4700,1920,2160,3060,1100,640,920,9000,550,750
2025_02,25時,5170,4890,2180,2130,3070,1050,670,940,9330,530,690,5170,4710,1980,2190,3050,1090,640,920,9080,540,740
2025_02,26時,5130,4880,2160,2140,3090,1020,660,920,9320,520,660,5120,4730,2000,2170,3050,1070,630,910,9040,520,750
2025_02,27時,5090,4910,2120,2150,3100,1020,670,930,9320,520,660,5100,4760,2020,2170,3060,1050,640,910,9080,520,730
2025_02,28時,5150,4950,2120,2180,3110,1030,700,940,9350,520,720,5120,4800,2000,2200,3080,1050,660,910,9110,520,760
2025_03,5時,5590,5030,2200,1930,3500,1110,750,1120,9680,530,820,5400,4900,2000,1990,3410,1070,730,1080,9300,490,900
2025_03,6時,5730,5310,2190,2080,3530,1260,810,1150,9660,740,1040,5580,5000,2020,2060,3440,1160,760,1130,9280,600,1120
2025_03,7時,6210,5830,2380,2230,3800,1480,920,1210,9390,1470,1620,5790,5210,1970,2150,3500,1330,850,1180,9030,870,1500
2025_03,8時,6040,6040,2380,2170,3780,1470,1010,1250,7790,2620,2100,6150,5800,2230,2220,3760,1470,1020,1220,8770,1450,2120
2025_03,9時,5670,6520,2500,2120,3560,1590,1070,1340,6580,3420,2660,6370,6610,2580,2380,3800,1670,1220,1310,8200,1950,3250
2025_03,10時,5820,6870,2380,2170,3620,1670,1230,1600,5870,3490,3740,7390,7570,2920,2740,4150,2000,1500,1640,7680,2000,5660
2025_03,11時,6070,7490,2420,2350,3740,1790,1400,1840,5570,3550,4810,7620,8290,3010,2970,4310,2150,1630,1810,6980,2080,7170
2025_03,12時,6180,7640,2410,2400,3790,1880,1400,1920,5510,3640,5060,7670,8670,3270,3030,4400,2270,1580,1770,6790,2210,7660
2025_03,13時,6040,7650,2470,2280,3810,1840,1430,1840,5400,3590,5080,7630,8850,3250,3040,4620,2270,1600,1680,6580,2220,7990
2025_03,14時,6010,7530,2620,2250,3730,1790,1370,1760,5370,3600,4930,7740,8830,3250,3020,4660,2350,1570,1710,6580,2250,8060
2025_03,15時,6100,7460,2710,2250,3750,1780,1370,1690,5540,3650,4740,7900,8590,3320,3060,4630,2380,1460,1630,6620,2240,7950
2025_03,16時,6070,7310,2650,2220,3860,1760,1300,1550,5850,3430,4460,7740,8660,3430,3120,4630,2320,1370,1510,6830,2130,7780
2025_03,17時,6020,6950,2620,2180,3770,1670,1240,1480,6220,3020,4120,7810,8490,3550,3000,4700,2320,1270,1450,7290,2000,7360
2025_03,18時,6030,6600,2720,2100,3590,1580,1210,1420,6830,2440,3760,7250,7900,3330,2830,4300,2120,1160,1390,7520,1690,6280
2025_03,19時,5920,6460,2750,2220,3480,1480,1090,1340,7570,1800,3400,6470,7420,2990,2710,4060,1780,1030,1290,8000,1390,4860
2025_03,20時,5710,6080,2620,2190,3470,1380,950,1180,7980,1420,2800,6060,6820,2920,2580,3730,1540,910,1180,8280,1160,3800
2025_03,21時,5440,5810,2550,2080,3430,1230,830,1110,8460,980,2220,5760,6120,2710,2410,3460,1370,770,1130,8610,980,2670
2025_03,22時,5470,5480,2370,2090,3460,1230,750,1030,8850,640,1850,5740,5830,2580,2370,3460,1340,740,1060,8790,590,2550
2025_03,23時,5170,5080,2120,2020,3330,1140,700,920,8790,490,1350,5270,5250,2210,2250,3240,1180,670,960,8600,460,1790
2025_03,24時,5590,5000,2170,1970,3510,1120,730,1080,9720,510,800,5320,4910,2000,2040,3330,1070,670,1100,9380,480,760
2025_03,25時,5760,5010,2290,1990,3520,1120,720,1110,9860,510,840,5420,4940,2090,2050,3340,1080,670,1120,9510,480,760
2025_03,26時,5710,5010,2280,1980,3520,1100,710,1110,9850,510,800,5300,4880,1960,2050,3320,1070,660,1110,9420,470,680
2025_03,27時,5600,5010,2220,1980,3490,1080,710,1120,9790,500,760,5280,4940,1990,2030,3350,1050,670,1110,9450,470,700
2025_03,28時,5680,5040,2240,1980,3540,1100,730,1110,9830,500,840,5340,4980,2030,2030,3380,1060,690,1120,9480,470,760
2025_04,5時,5470,4900,1730,2250,3340,1120,780,1140,9460,540,810,5380,4980,1690,2060,3600,1170,720,1100,9220,460,1060
2025_04,6時,5710,5160,1770,2370,3380,1260,880,1170,9510,790,1000,5340,5110,1640,2130,3600,1190,740,1140,9110,600,1140
2025_04,7時,6360,5540,1740,2540,3790,1560,990,1260,9050,1680,1630,5710,5180,1610,2290,3690,1360,770,1140,8830,940,1510
2025_04,8時,6080,5870,1870,2530,3560,1550,1100,1310,7350,2810,2240,6070,5650,1830,2400,3900,1470,880,1220,8530,1290,2300
2025_04,9時,5650,6250,1840,2360,3510,1680,1120,1380,6170,3430,2770,6220,6510,1940,2570,4050,1750,1040,1350,8140,1570,3470
2025_04,10時,5660,6750,1860,2370,3510,1760,1290,1590,5600,3430,3820,6850,7580,2350,2880,4260,1990,1350,1570,7490,1670,5670
2025_04,11時,5940,7430,2000,2580,3690,1860,1420,1810,5360,3540,4880,7350,8710,2820,3070,4670,2270,1440,1780,7060,1730,7620
2025_04,12時,6140,7610,2120,2620,3710,2010,1440,1830,5350,3640,5260,7420,9140,3000,3180,4880,2300,1390,1790,6880,1770,8250
2025_04,13時,5950,7600,2050,2630,3640,1980,1460,1780,5210,3610,5170,7590,9260,3240,3260,4800,2300,1480,1750,6770,1740,8650
2025_04,14時,5810,7440,2010,2650,3530,1910,1440,1690,5030,3640,5000,7660,9260,3430,3330,4710,2300,1440,1700,6590,1620,9020
2025_04,15時,5870,7370,2090,2630,3550,1880,1420,1640,5150,3710,4790,7400,9020,3280,3300,4560,2200,1400,1660,6500,1640,8590
2025_04,16時,5780,6960,1880,2600,3590,1800,1320,1520,5280,3450,4400,7130,8510,3020,3090,4470,2140,1320,1580,6690,1620,7680
2025_04,17時,5720,6750,1990,2480,3570,1700,1260,1450,5800,3020,4040,6870,8370,3090,2990,4530,2030,1180,1390,7140,1400,7040
2025_04,18時,5700,6570,2210,2410,3400,1600,1280,1350,6540,2400,3720,6820,7950,3110,2780,4350,2060,1140,1310,7440,1210,6460
2025_04,19時,5530,6380,2280,2460,3280,1450,1120,1300,7270,1670,3370,6510,7870,3110,2780,4230,1930,1090,1220,7730,990,6010
2025_04,20時,5490,6020,2210,2510,3240,1370,980,1180,7920,1320,2680,6100,7390,3090,2650,3930,1670,970,1160,8140,870,4860
2025_04,21時,5550,5750,2280,2460,3300,1260,870,1110,8560,1000,2190,5590,6580,2680,2440,3690,1440,820,1090,8510,740,3310
2025_04,22時,5520,5430,2010,2470,3400,1260,790,1010,8870,710,1830,5070,5750,2090,2300,3370,1280,760,1000,8510,500,2200
2025_04,23時,5130,5050,1760,2360,3270,1130,720,910,8670,570,1370,4700,5080,1620,2190,3190,1150,690,920,8320,430,1420
2025_04,24時,5410,5010,1690,2360,3430,1120,740,1050,9470,540,860,5040,5060,1560,2150,3450,1150,710,1050,9170,490,900
2025_04,25時,5620,5000,1830,2370,3450,1130,730,1080,9690,520,870,5340,5040,1760,2200,3480,1140,710,1070,9400,470,960
2025_04,26時,5570,4990,1820,2340,3460,1110,720,1080,9680,510,820,5280,4970,1640,2190,3490,1130,710,1070,9410,460,830
2025_04,27時,5430,4980,1750,2300,3450,1100,720,1080,9600,510,760,5170,4980,1570,2160,3480,1130,720,1070,9360,470,770
2025_04,28時,5470,5010,1740,2290,3450,1120,760,1100,9600,530,800,5180,5020,1570,2150,3460,1140,750,1090,9330,480,810
2025_05,5時,5310,4790,1680,2180,3300,1030,880,1020,9170,470,870,5170,4650,1710,2110,3140,1000,810,1040,8700,420,1050
2025_05,6時,5710,5070,1870,2340,3330,1200,950,1060,9350,820,1010,5310,4790,1810,2160,3160,1090,820,1050,8750,560,1140
2025_05,7時,6130,5440,1770,2520,3590,1490,1050,1150,8830,1690,1470,5640,5020,1750,2410,3240,1250,900,1100,8590,920,1500
2025_05,8時,5820,5830,1940,2410,3530,1480,1070,1200,7350,2700,2000,5930,5350,1920,2430,3370,1400,1000,1150,8170,1310,2160
2025_05,9時,5510,6050,1850,2460,3330,1520,1120,1270,6020,3330,2590,6270,6170,2280,2530,3570,1580,1150,1320,7770,1600,3420
2025_05,10時,5500,6410,1700,2370,3300,1650,1310,1560,5300,3370,3600,7020,7330,2540,2890,4090,1800,1470,1530,7320,1660,5690
2025_05,11時,5740,7230,1860,2500,3570,1800,1440,1770,5070,3490,4770,7740,8300,2980,3230,4410,2050,1630,1710,6980,1730,7620
2025_05,12時,5940,7440,2050,2600,3630,1850,1460,1770,5110,3680,5020,7820,8440,2980,3340,4400,2200,1590,1730,6680,1800,8080
2025_05,13時,5660,7310,2010,2500,3510,1820,1400,1700,4860,3600,4880,7920,8690,3290,3250,4470,2220,1640,1740,6480,1810,8640
2025_05,14時,5500,7080,1990,2470,3350,1760,1350,1640,4770,3620,4560,7890,8650,3310,3140,4540,2210,1590,1720,6380,1810,8650
2025_05,15時,5550,7060,2020,2460,3370,1790,1360,1590,4910,3730,4350,7770,8490,3210,3310,4440,2220,1510,1550,6480,1810,8280
2025_05,16時,5500,6820,1900,2500,3410,1740,1310,1450,5110,3510,4060,7660,8370,3150,3350,4420,2220,1420,1460,6710,1750,7910
2025_05,17時,5650,6550,2030,2430,3470,1610,1300,1330,5690,3000,3870,7650,8250,3300,3290,4450,2030,1410,1400,7050,1630,7550
2025_05,18時,5700,6410,2180,2380,3420,1550,1320,1250,6340,2440,3710,7250,8120,3330,3190,4400,1850,1250,1340,7350,1390,6970
2025_05,19時,5680,6300,2330,2470,3380,1420,1200,1160,7140,1720,3510,6630,7670,3240,3020,4100,1640,1090,1190,7610,1090,5950
2025_05,20時,5590,5900,2310,2410,3320,1270,1090,1070,7640,1330,2910,5990,6850,2900,2740,3580,1490,1020,1080,7820,870,4480
2025_05,21時,5450,5370,2210,2250,3210,1150,960,1020,8130,960,2120,5390,6010,2490,2420,3240,1300,920,1000,8080,690,2980
2025_05,22時,5420,5060,1980,2280,3260,1100,890,950,8440,620,1800,5060,5290,1970,2330,3110,1180,830,920,8180,550,1980
2025_05,23時,4940,4770,1570,2250,3130,1020,840,870,8220,460,1390,4550,4850,1590,2230,2930,1030,780,840,7910,440,1390
2025_05,24時,5300,4710,1580,2260,3300,1000,850,1000,9040,450,920,4940,4700,1530,2170,3190,990,770,990,8690,410,900
2025_05,25時,5500,4700,1720,2270,3320,1010,840,1020,9240,440,900,5060,4720,1640,2180,3180,990,770,1000,8830,380,900
2025_05,26時,5450,4700,1710,2240,3330,990,840,1020,9270,450,840,5100,4720,1680,2180,3170,990,760,1010,8890,390,890
2025_05,27時,5330,4730,1660,2210,3320,990,850,1020,9200,440,810,5060,4740,1660,2160,3190,980,780,1010,8900,390,860
2025_05,28時,5360,4760,1670,2200,3350,1000,860,1020,9210,450,860,5110,4760,1670,2180,3190,990,800,1010,8920,390,910
2025_06,5時,5150,5350,1740,2380,3400,1090,870,1020,9490,570,890,5360,5170,1670,2370,3450,1140,810,1060,9300,540,1110
2025_06,6時,5300,5550,1770,2470,3370,1230,950,1060,9520,760,1020,5350,5210,1700,2380,3420,1170,820,1050,9200,610,1200
2025_06,7時,5800,6000,1820,2640,3670,1500,1040,1110,9300,1420,1520,5630,5310,1610,2540,3460,1320,890,1100,8960,890,1530
2025_06,8時,5440,6450,2030,2640,3590,1440,990,1180,7950,2460,2000,6010,5870,1900,2670,3640,1520,950,1180,8650,1420,2250
2025_06,9時,5190,6710,2140,2430,3430,1510,1050,1330,6440,3190,2700,6300,6940,2510,2930,3640,1720,1130,1290,8150,2020,3520
2025_06,10時,5420,7310,2170,2460,3530,1620,1290,1640,5750,3430,3960,6950,8060,2960,3020,3990,1950,1420,1640,7400,2160,5900
2025_06,11時,5680,7940,2310,2590,3720,1730,1400,1860,5550,3590,4880,7530,9090,3310,3270,4430,2190,1540,1860,6950,2320,7800
2025_06,12時,5760,7980,2350,2590,3730,1810,1410,1840,5550,3740,4930,7560,9380,3360,3380,4680,2230,1560,1720,6860,2420,8120
2025_06,13時,5580,7830,2260,2540,3630,1830,1360,1780,5350,3660,4820,7570,9390,3380,3320,4730,2280,1570,1660,6600,2370,8440
2025_06,14時,5490,7840,2350,2610,3580,1740,1340,1670,5370,3680,4700,7710,9600,3450,3360,4710,2440,1640,1690,6600,2310,8830
2025_06,15時,5460,7630,2240,2630,3560,1710,1340,1590,5460,3670,4380,7830,9460,3510,3460,4760,2410,1540,1580,6590,2280,8850
2025_06,16時,5440,7380,1980,2750,3620,1660,1330,1470,5610,3420,4210,7500,9130,3480,3440,4530,2290,1380,1490,6760,2210,8090
2025_06,17時,5530,7080,2080,2680,3650,1550,1340,1310,6170,2960,3900,7080,8620,3400,3100,4410,2060,1290,1430,7090,2090,6950
2025_06,18時,5680,6900,2310,2730,3470,1510,1290,1260,6710,2530,3770,6820,8380,3310,3080,4300,1960,1210,1330,7460,1940,6220
2025_06,19時,5710,6840,2510,2790,3390,1430,1210,1210,7470,1940,3560,6490,8000,3100,3090,4100,1800,1140,1240,7900,1650,5370
2025_06,20時,5570,6540,2500,2790,3280,1310,1090,1120,8150,1500,2890,6010,7180,2700,2900,3800,1560,1060,1140,8240,1210,4190
2025_06,21時,5210,6060,2240,2640,3190,1190,950,1040,8540,1030,2130,5560,6400,2440,2780,3440,1340,900,1050,8510,1020,2900
2025_06,22時,5140,5700,2140,2480,3210,1120,890,970,8790,710,1760,5120,5780,2120,2550,3200,1210,830,970,8580,760,2020
2025_06,23時,4840,5310,1830,2450,3100,1020,850,880,8620,540,1380,4710,5320,1770,2410,3050,1090,780,900,8500,590,1400
2025_06,24時,5120,5300,1730,2450,3320,1050,840,1000,9420,520,940,5050,5210,1500,2470,3360,1090,830,1000,9180,560,1020
2025_06,25時,5340,5310,1880,2480,3340,1050,840,1030,9650,520,950,5250,5200,1640,2500,3380,1090,820,1010,9360,580,1020
2025_06,26時,5230,5340,1870,2430,3370,1020,840,1030,9610,500,910,5250,5130,1630,2460,3380,1090,790,1010,9340,550,990
2025_06,27時,5120,5350,1820,2390,3350,1020,840,1030,9550,500,870,5150,5120,1580,2440,3350,1070,810,1010,9280,530,950
2025_06,28時,5180,5360,1790,2400,3400,1050,850,1030,9550,500,930,5180,5150,1590,2430,3360,1110,810,1010,9290,530,990
2025_07,5時,5440,4990,1590,2720,3200,990,880,1030,9300,290,1040,4980,5050,1460,2500,3150,950,850,1100,8990,200,1010
2025_07,6時,5670,5210,1710,2810,3200,1130,940,1080,9190,500,1390,5100,5070,1400,2550,3180,1020,850,1150,8830,300,1210
2025_07,7時,6110,5490,1520,2950,3560,1410,1020,1120,9000,1020,1790,5330,5190,1380,2720,3190,1120,940,1160,8690,530,1480
2025_07,8時,5670,5910,1500,2890,3650,1320,1010,1190,7470,2080,2280,5650,5750,1430,2860,3580,1240,1100,1170,8440,1060,2070
2025_07,9時,5400,6290,1670,2740,3400,1420,1110,1330,6140,2820,2930,5910,6560,1830,2830,3780,1360,1320,1330,7650,1680,3310
2025_07,10時,5430,7100,1760,2740,3450,1590,1330,1630,5580,2860,4290,6870,7970,2120,3310,4360,1690,1720,1620,7260,1810,5940
2025_07,11時,5750,7680,1930,2780,3610,1710,1530,1860,5420,3030,5180,7340,9120,2630,3640,4640,1960,1800,1750,6710,1920,7990
2025_07,12時,5950,7860,2080,2840,3650,1790,1550,1890,5410,3080,5530,7400,9400,2870,3600,4660,2080,1770,1800,6380,2010,8570
2025_07,13時,5800,7630,2030,2790,3570,1770,1480,1760,5180,3050,5410,7430,9640,3030,3540,4870,2170,1710,1730,6410,1990,8850
2025_07,14時,5760,7550,2000,2860,3580,1720,1430,1690,5140,3130,5220,7350,9450,2900,3460,4830,2180,1670,1730,6240,1890,8810
2025_07,15時,5770,7530,2060,2910,3660,1630,1410,1620,5290,3140,5060,7550,9270,2980,3590,4770,2150,1610,1700,6260,1840,8870
2025_07,16時,5710,7260,2020,2890,3610,1590,1370,1490,5520,2910,4720,7490,9120,2950,3560,4830,2130,1540,1570,6500,1820,8430
2025_07,17時,5730,7060,2000,2960,3580,1530,1320,1380,5870,2660,4450,7280,8680,2960,3530,4580,1960,1380,1540,6800,1710,7590
2025_07,18時,5770,7030,2160,2980,3540,1490,1310,1300,6420,2350,4250,6800,8130,2920,3390,4200,1710,1250,1440,7210,1530,6360
2025_07,19時,5680,6580,2130,3000,3330,1360,1220,1210,7000,1720,3750,6320,7720,2900,3320,3810,1570,1150,1270,7480,1270,5460
2025_07,20時,5650,6200,2150,2950,3260,1260,1100,1130,7580,1230,3210,6150,7020,2680,3240,3590,1420,1050,1190,7850,890,4590
2025_07,21時,5480,5800,2150,2810,3180,1100,990,1030,8130,810,2520,5960,6360,2400,3170,3320,1300,990,1120,8230,690,3550
2025_07,22時,5410,5530,1950,2840,3160,1090,910,970,8480,500,2140,5520,5760,2100,3040,3020,1110,920,1050,8360,420,2660
2025_07,23時,5020,5020,1590,2740,2970,980,850,890,8370,320,1530,4940,5230,1660,2910,2790,970,860,970,8170,260,1890
2025_07,24時,5260,5030,1540,2790,3140,960,850,1000,9270,280,940,4970,5010,1330,2770,3050,900,850,1060,8920,220,1010
2025_07,25時,5430,5020,1600,2810,3170,980,840,1040,9420,270,950,5050,4990,1360,2790,3090,870,850,1060,9070,200,930
2025_07,26時,5360,5020,1620,2780,3130,960,840,1040,9440,250,880,5070,4950,1410,2760,3080,850,840,1060,9070,200,920
2025_07,27時,5330,5040,1610,2750,3140,950,850,1050,9470,260,830,5020,4960,1390,2740,3100,840,830,1070,9070,200,890
2025_07,28時,5360,5060,1600,2750,3170,980,860,1040,9470,260,890,5050,5000,1370,2750,3130,880,840,1060,9090,180,950
2025_08,5時,5120,4450,1500,2540,2710,940,830,1020,8560,270,1000,5140,4340,1480,2490,2780,970,750,1000,8270,220,1200
2025_08,6時,5310,4570,1510,2640,2750,1040,870,1060,8570,420,1160,5190,4430,1450,2590,2810,990,740,1030,8300,270,1260
2025_08,7時,5690,4970,1560,2810,3040,1160,970,1110,8470,790,1670,5420,4670,1420,2720,2880,1180,790,1080,8240,440,1620
2025_08,8時,5240,5470,1490,2780,3150,1140,1010,1130,7150,1720,2140,5510,5160,1550,2700,3050,1300,940,1110,7760,870,2260
2025_08,9時,4830,5840,1620,2650,2910,1220,1070,1170,5770,2370,2740,5980,6260,2290,2900,3230,1390,1140,1270,7380,1500,3580
2025_08,10時,4810,6540,1640,2450,3080,1370,1270,1510,5250,2330,3970,6630,7410,2610,3110,3620,1730,1400,1560,6960,1630,5700
2025_08,11時,5240,7330,1770,2640,3390,1520,1440,1790,5040,2420,5320,7060,8060,2760,3130,4050,1880,1540,1740,6510,1640,7140
2025_08,12時,5290,7460,1790,2710,3350,1620,1440,1820,4890,2440,5610,7200,8230,2810,3190,4090,2020,1580,1720,6370,1710,7510
2025_08,13時,5260,7440,1850,2700,3310,1630,1420,1780,4790,2400,5690,7150,8360,2930,3100,4270,2000,1510,1680,6230,1660,7790
2025_08,14時,5220,7340,1840,2740,3280,1590,1420,1670,4700,2450,5580,7030,8280,2920,3080,4250,1960,1500,1570,6190,1730,7570
2025_08,15時,5230,7290,1840,2790,3340,1550,1370,1600,4820,2480,5400,7050,8100,2880,3120,4150,1940,1480,1570,6140,1720,7480
2025_08,16時,5200,6990,1730,2850,3310,1470,1330,1490,4980,2300,5100,6950,7960,2760,3110,4200,1910,1450,1460,6280,1650,7170
2025_08,17時,5250,6440,1710,2720,3250,1340,1300,1340,5200,2110,4540,6940,7760,2780,3240,4080,1830,1380,1390,6600,1610,6680
2025_08,18時,5180,6080,1750,2640,3050,1300,1260,1240,5720,1760,3950,6610,6890,2580,2990,3720,1670,1280,1240,6660,1470,5570
2025_08,19時,4960,5890,1780,2720,2850,1200,1120,1160,6350,1220,3460,6010,6540,2410,2910,3460,1490,1120,1140,6800,1240,4720
2025_08,20時,4860,5470,1690,2640,2780,1120,1000,1080,6830,900,2790,5440,5990,2020,2870,3230,1320,930,1040,7100,860,3670
2025_08,21時,4760,4870,1490,2600,2640,970,900,1010,7240,560,2040,5130,5290,1600,2750,2960,1180,900,1030,7310,540,2780
2025_08,22時,4700,4600,1290,2590,2660,950,850,950,7420,400,1710,4950,4970,1420,2690,2910,1090,840,960,7490,390,2260
2025_08,23時,4480,4390,1220,2520,2550,880,800,880,7420,310,1380,4510,4540,1270,2550,2650,930,770,870,7400,310,1570
2025_08,24時,4860,4520,1330,2630,2710,890,800,1000,8350,270,1000,4780,4470,1270,2600,2710,930,770,960,8120,280,1080
2025_08,25時,5070,4520,1520,2620,2720,910,790,1020,8570,280,1000,4920,4490,1400,2610,2730,920,750,970,8290,270,1070
2025_08,26時,5060,4440,1520,2590,2690,890,790,1020,8530,270,940,4920,4430,1410,2580,2730,900,740,970,8300,270,1020
2025_08,27時,5010,4450,1490,2540,2720,870,800,1020,8530,270,910,4940,4440,1400,2580,2750,910,750,970,8330,240,1030
2025_08,28時,5060,4480,1520,2560,2700,930,800,1010,8550,270,960,4970,4430,1430,2550,2720,950,760,970,8300,240,1090
