shape_id,shape_pt_lat,shape_pt_lon,shape_pt_sequence
SHP0001,35.9184267686315,139.712498356886,1
SHP0001,35.9183800610214,139.712520539761,2
SHP0001,35.9178609180151,139.712512493134,3
SHP0001,35.9178370244039,139.712520539761,4
SHP0001,35.9178109586462,139.712541997433,5
SHP0001,35.9177740321563,139.712598323822,6
SHP0001,35.9174351773069,139.713134765625,7
SHP0001,35.9169247228865,139.713939428329,8
SHP0001,35.9167096803859,139.714282751083,9
SHP0001,35.916668409603,139.714355170727,10
SHP0001,35.9162643903596,139.715023040771,11
SHP0001,35.9159998842032,139.715442977408,12
SHP0001,35.9159304753569,139.71555317264,13
SHP0001,35.9157474194997,139.71584379673,14
SHP0001,35.9156931097296,139.715932309628,15
SHP0001,35.9157474194997,139.715964496136,16
SHP0001,35.9160297985408,139.716138839722,17
SHP0001,35.916340415486,139.716294407845,18
SHP0001,35.916520703643,139.71636146307,19
SHP0001,35.916668409603,139.716401696205,20
SHP0001,35.9167770169265,139.716431200504,21
SHP0001,35.9168356648812,139.716439247131,22
SHP0001,35.9170854617253,139.716449975967,23
SHP0001,35.9172744384681,139.716436564922,24
SHP0001,35.9175611618022,139.716401696205,25
SHP0001,35.9180564111974,139.716342687607,26
SHP0001,35.9181954285714,139.716348052025,27
SHP0001,35.918299691602,139.716369509697,28
SHP0001,35.9185147341025,139.716444611549,29
SHP0001,35.9185951035219,139.716487526894,30
SHP0001,35.9187210880172,139.71655189991,31
SHP0001,35.9188926875883,139.716664552689,32
SHP0001,35.9190729757453,139.716806709766,33
SHP0001,35.9193227725894,139.717013239861,34
SHP0001,35.9198267105704,139.717434346676,35
SHP0001,35.9199461786263,139.717541635036,36
SHP0001,35.9201916311774,139.717799127102,37
SHP0001,35.9203241321121,139.717965424061,38
SHP0001,35.920586961835,139.718324840069,39
SHP0001,35.9207042577443,139.718284606934,40
SHP0001,35.9208085207749,139.718233644962,41
SHP0001,35.9209214723913,139.718166589737,42
SHP0001,35.9210431125937,139.718080759048,43
SHP0001,35.9211234820131,139.718011021614,44
SHP0001,35.9213015980236,139.717809855938,45
SHP0001,35.9216665186306,139.717273414135,46
SHP0001,35.9217121337064,139.717209041119,47
SHP0001,35.9217836054924,139.71710607723,48
SHP0001,35.9218294296158,139.717040061951,49
SHP0001,35.9219206597676,139.716927409172,50
SHP0001,35.9220032013334,139.716844260693,51
SHP0001,35.9221856616369,139.716728925705,52
SHP0001,35.9223311954504,139.716664552689,53
SHP0001,35.9224115648698,139.716640412807,54
SHP0001,35.9225853365874,139.716608226299,55
SHP0001,35.9226830831785,139.716613590717,56
SHP0001,35.9230393151996,139.716664552689,57
SHP0001,35.9235736632313,139.716734290123,58
SHP0001,35.9237170248983,139.716739654541,59
SHP0001,35.9239646495959,139.716720879078,60
SHP0001,35.9241796920964,139.716664552689,61
SHP0001,35.9242578893693,139.716643095016,62
SHP0001,35.9243838738646,139.716592133045,63
SHP0001,35.924644531441,139.716452658176,64
SHP0001,35.9250007233874,139.716238081455,65
SHP0001,35.9250352507911,139.716218015614,66
SHP0001,35.9251798807258,139.716133962923,67
SHP0001,35.9252591797388,139.71608787775,68
SHP0001,35.9257239667908,139.715795516968,69
SHP0001,35.9259932826528,139.715631902218,70
SHP0001,35.925958532219,139.715964496136,71
SHP0001,35.9259237817852,139.716270267963,72
SHP0001,35.9258803437429,139.716664552689,73
SHP0001,35.9258260461901,139.717080295086,74
SHP0001,35.9257891238542,139.717235863209,75
SHP0001,35.9257435139098,139.717383384705,76
SHP0001,35.925611027881,139.717702567577,77
SHP0001,35.9255176360902,139.717893004417,78
SHP0001,35.9254329319078,139.718056619167,79
SHP0001,35.9254025252782,139.718139767647,80
SHP0001,35.9253808062571,139.718233644962,81
SHP0001,35.9253699467465,139.718332886696,82
SHP0001,35.9253764624529,139.718609154224,83
SHP0001,35.9253746184794,139.718633065147,84
SHP0001,35.925356579553,139.718866977068,85
SHP0001,35.9253503996275,139.71894711256,86
SHP0001,35.9252895863684,139.71930116415,87
SHP0001,35.9252548359346,139.719454050064,88
SHP0001,35.9250137548001,139.720505475998,89
SHP0001,35.9250007233874,139.720572531223,90
SHP0001,35.9249659729536,139.7207441926,91
SHP0001,35.9249029877924,139.720948040485,92
SHP0001,35.9248617216522,139.721058011055,93
SHP0001,35.9248095960015,139.721157252789,94
SHP0001,35.9247748455677,139.721202850342,95
SHP0001,35.924644531441,139.72137182951,96
SHP0001,35.9244381775263,139.721640050411,97
SHP0001,35.9243968110392,139.721707261133,98
SHP0001,35.9243556359605,139.721774160862,99
SHP0001,35.9243195591321,139.72184289264,100
SHP0001,35.924279610834,139.721919000149,101
SHP0001,35.9242209628793,139.722055792809,102
SHP0001,35.9241340770205,139.722299873829,103
SHP0001,35.9239494445706,139.722887277603,104
SHP0001,35.9244186282081,139.723101854324,105
SHP0001,35.924644531441,139.723174273968,106
SHP0001,35.9250007233874,139.723292291164,107
SHP0001,35.9251245218078,139.7233325243,108
SHP0001,35.9251028027867,139.723480045795,109
SHP0001,35.9250723961571,139.723753631115,110
SHP0001,35.9250463333318,139.723954796791,111
SHP0001,35.9250267862128,139.72412109375,112
SHP0001,35.9250028952895,139.724375903606,113
SHP0001,35.9250072390938,139.724526107311,114
SHP0001,35.9250224424085,139.724654853344,115
SHP0001,35.9250463333318,139.72474604845,116
SHP0001,35.9250875994719,139.724869430065,117
SHP0001,35.9251440689268,139.724998176098,118
SHP0001,35.9252164520629,139.725140148722,119
SHP0001,35.9252548359346,139.725215435028,120
SHP0001,35.9253108496226,139.725290035067,121
SHP0001,35.9253656029423,139.725362956524,122
SHP0001,35.9254937451669,139.725499749184,123
SHP0001,35.9255089484817,139.725387096405,124
SHP0001,35.9257869519521,139.725269079208,125
SHP0001,35.9258803437429,139.72526371479,126
SHP0001,35.9259759074359,139.725231528282,127
SHP0001,35.9261757224302,139.725199341774,128
SHP0001,35.9262843175358,139.725153744221,129
SHP0001,35.9264971639428,139.724998176098,130
SHP0001,35.9265796962231,139.724949896336,131
SHP0001,35.9266535408949,139.724810421467,132
SHP0001,35.9268902782251,139.724265933037,133
SHP0001,35.9269576071906,139.72412109375,134
SHP0001,35.9270879213174,139.723831415176,135
SHP0001,35.9271682816955,139.723627567291,136
SHP0001,35.9272247511504,139.723555147648,137
SHP0001,35.9272703610948,139.723509550095,138
SHP0001,35.9273376900603,139.723225235939,139
SHP0001,35.9274267380469,139.723270833492,140
SHP0001,35.9275353331525,139.723321795464,141
SHP0001,35.9276070059222,139.72338616848,142
SHP0001,35.9278654622736,139.723627567291,143
SHP0001,35.9281304343313,139.723834097385,144
SHP0001,35.9281587886602,139.723622202873,145
SHP0001,35.928076255362,139.723595380783,146
SHP0001,35.9279850342479,139.723504185677,147
SHP0001,35.9280892869411,139.723268151283,148
SHP0001,35.9282020662374,139.7233095577,149
SHP0001,35.9282500095738,139.723327159882,150
SHP0001,35.9281587886602,139.723622202873,151
SHP0001,35.9281304343313,139.723834097385,152
SHP0001,35.9280022921067,139.72412109375,153
SHP0001,35.9278871812947,139.72436517477,154
SHP0001,35.9277329762447,139.724729955196,155
SHP0001,35.9276156935307,139.724998176098,156
SHP0001,35.9275896307053,139.725059866905,157
SHP0001,35.9274614884807,139.725344181061,158
SHP0001,35.9273029396265,139.725733101368,159
SHP0001,35.9271357031638,139.726113975048,160
SHP0001,35.9269684667012,139.726476073265,161
SHP0001,35.9272616734864,139.726596772671,162
SHP0001,35.9273985033194,139.726618230343,163
SHP0001,35.9275375050546,139.726615548134,164
SHP0001,35.9276308968455,139.726602137089,165
SHP0001,35.927933564354,139.72651473537,166
SHP0001,35.92806744917,139.726476073265,167
SHP0001,35.9291816349537,139.726140797138,168
SHP0001,35.9293076052762,139.726122021675,169
SHP0001,35.9294466070114,139.726113975048,170
SHP0001,35.9295812649423,139.726103246212,171
SHP0001,35.9297957028326,139.726100675126,172
SHP0001,35.9298049708599,139.726100564003,173
SHP0001,35.9298460437189,139.726103100167,174
SHP0001,35.9301090371556,139.726119339466,175
SHP0001,35.9301177247641,139.725947678089,176
SHP0001,35.9301046933514,139.725853800774,177
SHP0001,35.9299439725951,139.725049138069,178
SHP0001,35.9299352849866,139.724998176098,179
SHP0001,35.9299483163993,139.724872112274,180
SHP0001,35.9299678635183,139.724791646004,181
SHP0001,35.9300916619387,139.724544882774,182
SHP0001,35.9301828818274,139.724370539188,183
SHP0001,35.9302176322612,139.724282026291,184
SHP0001,35.9302632422056,139.72412109375,185
SHP0001,35.9302914769331,139.723911881447,186
SHP0001,35.9303110240521,139.723681211472,187
SHP0001,35.9303740092133,139.723018705845,188
SHP0001,35.9303740092133,139.722871184349,189
SHP0001,35.9302936488352,139.72185999155,190
SHP0001,35.9302827893246,139.721758067608,191
SHP0001,35.9302654141077,139.721602499485,192
SHP0001,35.930271929814,139.72153544426,193
SHP0001,35.9302871331288,139.721503257751,194
SHP0001,35.9306368093689,139.721221625805,195
SHP0001,35.9308040458316,139.72104460001,196
SHP0001,35.9309886575111,139.720795154572,197
SHP0001,35.9310147203365,139.720746874809,198
SHP0001,35.9312145353308,139.720317721367,199
SHP0001,35.93124936065,139.720247344927,200
SHP0001,35.931333989947,139.720076322556,201
SHP0001,35.9314230379336,139.719915390015,202
SHP0001,35.9314751635843,139.719842970371,203
SHP0001,35.931546836354,139.719770550728,204
SHP0001,35.931586241092,139.719738327787,205
SHP0001,35.9320289986229,139.719376266003,206
SHP0001,35.9321289061201,139.719298481941,207
SHP0001,35.9322483607363,139.719199240208,208
SHP0001,35.9326892568651,139.718831777573,209
SHP0001,35.9330193859861,139.718552827835,210
SHP0001,35.9332213728826,139.718346297741,211
SHP0001,35.9333343117924,139.718236327171,212
SHP0001,35.9334928606466,139.71804857254,213
SHP0001,35.9335406424931,139.718000292778,214
SHP0001,35.9336665986414,139.717879593372,215
SHP0001,35.9337469499774,139.717809855938,216
SHP0001,35.9339054809917,139.717670381069,217
SHP0001,35.9340357804555,139.7175604105,218
SHP0001,35.9344266788469,139.717249274254,219
SHP0001,35.9344766269746,139.71750408411,220
SHP0001,35.9345743515725,139.717761576176,221
SHP0001,35.9346872777744,139.717981517315,222
SHP0001,35.9347393975599,139.718107581139,223
SHP0001,35.9347654574527,139.718228280544,224
SHP0001,35.9347719724259,139.71832215786,225
SHP0001,35.9349543916752,139.718617200851,226
SHP0001,35.9350760045081,139.71875667572,227
SHP0001,35.9353561483552,139.719059765339,228
SHP0001,35.9356362922023,139.719376266003,229
SHP0001,35.9356884119879,139.719440639019,230
SHP0001,35.9364180889851,139.72033649683,231
SHP0001,35.936596938104,139.720215600993,232
SHP0001,35.9367394943291,139.7201192379,233
SHP0001,35.9368763087661,139.719985127449,234
SHP0001,35.936932771867,139.719910025597,235
SHP0001,35.9369979215989,139.719751775265,236
SHP0001,35.9371108478009,139.719333350658,237
SHP0001,35.9371455943245,139.719223380089,238
SHP0001,35.9373171552852,139.718850553036,239
SHP0001,35.9376754788106,139.718174636364,240
SHP0001,35.9378057782744,139.717890322208,241
SHP0001,35.9379317344227,139.717589914799,242
SHP0001,35.9383226328141,139.717780351639,243
SHP0001,35.9385463135603,139.717860817909,244
SHP0001,35.9387005012591,139.717922508717,245
SHP0001,35.9388546889579,139.717992246151,246
SHP0001,35.9390501381536,139.718078076839,247
SHP0001,35.9391999825369,139.718134403229,248
SHP0001,35.9392998787925,139.718169271946,249
SHP0001,35.9395192162232,139.718271195889,250
SHP0001,35.9396560306602,139.718327522278,251
SHP0001,35.9397407253116,139.718343615532,252
SHP0001,35.9400773322598,139.718389213085,253
SHP0001,35.9402814680864,139.717807173729,254
SHP0001,35.9406224183499,139.71682280302,255
SHP0001,35.94067019482,139.716702103615,256
SHP0001,35.9406832247664,139.716664552689,257
SHP0001,35.9407223146055,139.716565310955,258
SHP0001,35.9408526140693,139.716232717037,259
SHP0001,35.9410936680773,139.71570700407,260
SHP0001,35.9411979076483,139.715497791767,261
SHP0001,35.9410111450836,139.715484380722,262
SHP0001,35.9408265541765,139.715446829796,263
SHP0001,35.940196393759,139.71528540263,264
SHP0001,35.939947032796,139.715221524239,265
SHP0001,35.9397689568621,139.715216159821,266
SHP0001,35.9399122862723,139.714757502079,267
SHP0001,35.9399296595341,139.714695811272,268
SHP0001,35.9399730926887,139.714524149895,269
SHP0001,35.9400317274474,139.7143471241,270
SHP0001,35.9400903622061,139.714175462723,271
SHP0001,35.9401511686226,139.713934063911,272
SHP0001,35.9402467215627,139.713606834412,273
SHP0001,35.9403140429523,139.713295698166,274
SHP0001,35.9402467215627,139.713346660137,275
SHP0001,35.9399796076619,139.71363902092,276
SHP0001,35.9398384499095,139.713743627071,277
SHP0001,35.9397211803921,139.713684618473,278
SHP0001,35.9396364857406,139.71363902092,279
SHP0001,35.9395170445655,139.713590741158,280
SHP0001,35.9394540664913,139.713574647903,281
SHP0001,35.9391044295968,139.713628292084,282
SHP0001,35.9390457948381,139.713169634342,283
SHP0001,35.9390436231804,139.713134765625,284
SHP0001,35.9389806451062,139.712555408478,285
SHP0001,35.9389154953743,139.711938500404,286
SHP0001,35.9387808525951,139.710704684258,287
SHP0001,35.9387178745209,139.710042178631,288
SHP0001,35.9385984333458,139.710058271885,289
SHP0001,35.9385028804057,139.71007168293,290
SHP0001,35.9384594472511,139.709098041058,291
SHP0001,35.9384529322779,139.708896875381,292
SHP0001,35.9384594472511,139.708741307259,293
SHP0001,35.9384876788016,139.708607196808,294
SHP0001,35.9385050215762,139.708560255068,295
SHP0001,35.9385897467149,139.708330929279,296
SHP0001,35.9386375231849,139.708207547665,297
SHP0001,35.9386505531313,139.708119034767,298
SHP0001,35.9386559621412,139.70793615185,299
SHP0001,35.9386679263931,139.707531630993,300
SHP0001,35.9386744413663,139.707475304604,301
SHP0001,35.9387135312055,139.707303643227,302
SHP0001,35.9387352477827,139.707148075104,303
SHP0001,35.9387374194405,139.707099795341,304
SHP0001,35.9387178745209,139.707005918026,305
SHP0001,35.93870918789,139.70691204071,306
SHP0001,35.9387265611518,139.706729650497,307
SHP0001,35.938733076125,139.706563353539,308
SHP0001,35.9387461060714,139.706297814846,309
SHP0001,35.9387786809373,139.705994725227,310
SHP0001,35.9392825055307,139.70606982708,311
SHP0001,35.9392977071348,139.706072509289,312
SHP0001,35.9397407253116,139.706120789051,313
SHP0001,35.939810218359,139.706120789051,314
SHP0001,35.9398883980373,139.706107378006,315
SHP0001,35.9399361745073,139.706083238125,316
SHP0001,35.9400295557897,139.706021547318,317
SHP0001,35.9401294520453,139.705908894539,318
SHP0001,35.94026843814,139.705699682236,319
SHP0001,35.9403943942883,139.705450236797,320
SHP0001,35.9405137969392,139.705312933498,321
SHP0001,35.940646306585,139.705160558224,322
SHP0001,35.9408222108611,139.704964756966,323
SHP0001,35.940935137063,139.704868197441,324
SHP0001,35.9411305862587,139.704712629318,325
SHP0001,35.9411783627288,139.704691171646,326
SHP0001,35.9413282071121,139.704661667347,327
SHP0001,35.941666985718,139.704608023167,328
SHP0001,35.9416887022953,139.704602658749,329
SHP0001,35.941899353095,139.704575836658,330
SHP0001,35.9421577803649,139.704530239105,331
SHP0001,35.9424357525543,139.704479277134,332
SHP0001,35.9429351776184,139.704398810863,333
SHP0001,35.9435952872684,139.704291522503,334
SHP0001,35.9436756295614,139.703838229179,335
SHP0001,35.9437255720678,139.703612923622,336
SHP0001,35.9437863716408,139.703406393528,337
SHP0001,35.94395574188,139.702979922295,338
SHP0001,35.9440273985196,139.702832400799,339
SHP0001,35.9444377956375,139.7021484375,340
SHP0001,35.9444573383574,139.702113568783,341
SHP0001,35.9445026362805,139.702036632516,342
SHP0001,35.9446272208518,139.701825031826,343
SHP0001,35.9447700218758,139.701582491398,344
SHP0001,35.9453476178196,139.700616896152,345
SHP0001,35.9454431600058,139.700455963612,346
SHP0001,35.9456798440579,139.700064361095,347
SHP0001,35.945721100911,139.699999988079,348
SHP0001,35.9458123002706,139.699849784374,349
SHP0001,35.945860636994,139.69976960602,350
SHP0001,35.9458882997369,139.699723720551,351
SHP0001,35.9460160872226,139.699514875812,352
SHP0001,35.9464528672007,139.698801040649,353
SHP0001,35.946522352427,139.698688387871,354
SHP0001,35.9466070375466,139.698530137539,355
SHP0001,35.9465940090666,139.698465764523,356
SHP0001,35.9464941240538,139.6979829669,357
SHP0001,35.9464810955739,139.697867631912,358
SHP0001,35.9464854384005,139.697508215904,359
SHP0001,35.9464745813339,139.697239995003,360
SHP0001,35.9464376673074,139.697092473507,361
SHP0001,35.9464224674142,139.697033464909,362
SHP0001,35.946387724801,139.696918129921,363
SHP0001,35.9463312680546,139.696781337261,364
SHP0001,35.9461597264022,139.696467518806,365
SHP0001,35.9460902411758,139.696357548237,366
SHP0001,35.9459794990964,139.696129560471,367
SHP0001,35.9459534421365,139.696105420589,368
SHP0001,35.9458535571237,139.696118831635,369
SHP0001,35.9458774426702,139.695952534676,370
SHP0001,35.9461944690153,139.695402681828,371
SHP0001,35.9460989268291,139.695327579975,372
SHP0001,35.9457291418136,139.695031891851,373
SHP0001,35.9456494442714,139.694968163967,374
SHP0001,35.9454540170724,139.694812595844,375
SHP0001,35.9449849917948,139.694437086582,376
SHP0001,35.9444985952105,139.694040119648,377
SHP0001,35.9452195044336,139.693002104759,378
SHP0001,35.9454127602193,139.693165719509,379
SHP0001,35.9456472728581,139.693358838558,380
SHP0001,35.9461271552023,139.693771898746,381
SHP0001,35.9461901261887,139.693825542927,382
SHP0001,35.9466982369061,139.694249331951,383
SHP0001,35.9468285217054,139.694359302521,384
SHP0001,35.9469436066115,139.694455862045,385
SHP0001,35.9473974319959,139.694836735725,386
SHP0001,35.9477600580207,139.695137143135,387
SHP0001,35.9483419967911,139.695638716221,388
SHP0001,35.9487198227092,139.694957435131,389
SHP0001,35.9491475911337,139.694193005562,390
SHP0001,35.9495319312918,139.693492949009,391
SHP0001,35.9495645024916,139.693340063095,392
SHP0001,35.9495970736915,139.693248867989,393
SHP0001,35.9496513590245,139.693149626255,394
SHP0001,35.9497295299041,139.693063795567,395
SHP0001,35.9497881580638,139.69305574894,396
SHP0001,35.9498207292637,139.69308257103,397
SHP0001,35.9500009565694,139.693305194378,398
SHP0001,35.9500930123388,139.693425593887,399
SHP0002,35.9184267686315,139.712498356886,1
SHP0002,35.9183800610214,139.712520539761,2
SHP0002,35.9178609180151,139.712512493134,3
SHP0002,35.9178370244039,139.712520539761,4
SHP0002,35.9178109586462,139.712541997433,5
SHP0002,35.9177740321563,139.712598323822,6
SHP0002,35.9174351773069,139.713134765625,7
SHP0002,35.9169247228865,139.713939428329,8
SHP0002,35.9167096803859,139.714282751083,9
SHP0002,35.916668409603,139.714355170727,10
SHP0002,35.9162643903596,139.715023040771,11
SHP0002,35.9159998842032,139.715442977408,12
SHP0002,35.9159304753569,139.71555317264,13
SHP0002,35.9157474194997,139.71584379673,14
SHP0002,35.9156931097296,139.715932309628,15
SHP0002,35.9157474194997,139.715964496136,16
SHP0002,35.9160297985408,139.716138839722,17
SHP0002,35.916340415486,139.716294407845,18
SHP0002,35.916520703643,139.71636146307,19
SHP0002,35.916668409603,139.716401696205,20
SHP0002,35.9167770169265,139.716431200504,21
SHP0002,35.9168356648812,139.716439247131,22
SHP0002,35.9170854617253,139.716449975967,23
SHP0002,35.9172744384681,139.716436564922,24
SHP0002,35.9175611618022,139.716401696205,25
SHP0002,35.9180564111974,139.716342687607,26
SHP0002,35.9181954285714,139.716348052025,27
SHP0002,35.918299691602,139.716369509697,28
SHP0002,35.9185147341025,139.716444611549,29
SHP0002,35.9185951035219,139.716487526894,30
SHP0002,35.9187210880172,139.71655189991,31
SHP0002,35.9188926875883,139.716664552689,32
SHP0002,35.9190729757453,139.716806709766,33
SHP0002,35.9193227725894,139.717013239861,34
SHP0002,35.9198267105704,139.717434346676,35
SHP0002,35.9199461786263,139.717541635036,36
SHP0002,35.9201916311774,139.717799127102,37
SHP0002,35.9203241321121,139.717965424061,38
SHP0002,35.920586961835,139.718324840069,39
SHP0002,35.9207042577443,139.718284606934,40
SHP0002,35.9208085207749,139.718233644962,41
SHP0002,35.9209214723913,139.718166589737,42
SHP0002,35.9210431125937,139.718080759048,43
SHP0002,35.9211234820131,139.718011021614,44
SHP0002,35.9213015980236,139.717809855938,45
SHP0002,35.9216665186306,139.717273414135,46
SHP0002,35.9217121337064,139.717209041119,47
SHP0002,35.9217836054924,139.71710607723,48
SHP0002,35.9218294296158,139.717040061951,49
SHP0002,35.9219206597676,139.716927409172,50
SHP0002,35.9220032013334,139.716844260693,51
SHP0002,35.9221856616369,139.716728925705,52
SHP0002,35.9223311954504,139.716664552689,53
SHP0002,35.9224115648698,139.716640412807,54
SHP0002,35.9225853365874,139.716608226299,55
SHP0002,35.9226830831785,139.716613590717,56
SHP0002,35.9230393151996,139.716664552689,57
SHP0002,35.9235736632313,139.716734290123,58
SHP0002,35.9237170248983,139.716739654541,59
SHP0002,35.9239646495959,139.716720879078,60
SHP0002,35.9241796920964,139.716664552689,61
SHP0002,35.9242578893693,139.716643095016,62
SHP0002,35.9243838738646,139.716592133045,63
SHP0002,35.924644531441,139.716452658176,64
SHP0002,35.9250007233874,139.716238081455,65
SHP0002,35.9250352507911,139.716218015614,66
SHP0002,35.9251798807258,139.716133962923,67
SHP0002,35.9252591797388,139.71608787775,68
SHP0002,35.9257239667908,139.715795516968,69
SHP0002,35.9259932826528,139.715631902218,70
SHP0002,35.925958532219,139.715964496136,71
SHP0002,35.9259237817852,139.716270267963,72
SHP0002,35.9258803437429,139.716664552689,73
SHP0002,35.9258260461901,139.717080295086,74
SHP0002,35.9257891238542,139.717235863209,75
SHP0002,35.9257435139098,139.717383384705,76
SHP0002,35.925611027881,139.717702567577,77
SHP0002,35.9255176360902,139.717893004417,78
SHP0002,35.9254329319078,139.718056619167,79
SHP0002,35.9254025252782,139.718139767647,80
SHP0002,35.9253808062571,139.718233644962,81
SHP0002,35.9253699467465,139.718332886696,82
SHP0002,35.9253764624529,139.718609154224,83
SHP0002,35.9253746184794,139.718633065147,84
SHP0002,35.925356579553,139.718866977068,85
SHP0002,35.9253503996275,139.71894711256,86
SHP0002,35.9252895863684,139.71930116415,87
SHP0002,35.9252548359346,139.719454050064,88
SHP0002,35.9250137548001,139.720505475998,89
SHP0002,35.9250007233874,139.720572531223,90
SHP0002,35.9249659729536,139.7207441926,91
SHP0002,35.9249029877924,139.720948040485,92
SHP0002,35.9248617216522,139.721058011055,93
SHP0002,35.9248095960015,139.721157252789,94
SHP0002,35.9247748455677,139.721202850342,95
SHP0002,35.924644531441,139.72137182951,96
SHP0002,35.9244381775263,139.721640050411,97
SHP0002,35.9243968110392,139.721707261133,98
SHP0002,35.9243556359605,139.721774160862,99
SHP0002,35.9243195591321,139.72184289264,100
SHP0002,35.924279610834,139.721919000149,101
SHP0002,35.9242209628793,139.722055792809,102
SHP0002,35.9241340770205,139.722299873829,103
SHP0002,35.9239494445706,139.722887277603,104
SHP0002,35.9244186282081,139.723101854324,105
SHP0002,35.924644531441,139.723174273968,106
SHP0002,35.9250007233874,139.723292291164,107
SHP0002,35.9251245218078,139.7233325243,108
SHP0002,35.9251028027867,139.723480045795,109
SHP0002,35.9250723961571,139.723753631115,110
SHP0002,35.9250463333318,139.723954796791,111
SHP0002,35.9250267862128,139.72412109375,112
SHP0002,35.9250028952895,139.724375903606,113
SHP0002,35.9250072390938,139.724526107311,114
SHP0002,35.9250224424085,139.724654853344,115
SHP0002,35.9250463333318,139.72474604845,116
SHP0002,35.9250875994719,139.724869430065,117
SHP0002,35.9251440689268,139.724998176098,118
SHP0002,35.9252164520629,139.725140148722,119
SHP0002,35.9252548359346,139.725215435028,120
SHP0002,35.9253108496226,139.725290035067,121
SHP0002,35.9253656029423,139.725362956524,122
SHP0002,35.9254937451669,139.725499749184,123
SHP0002,35.9255089484817,139.725387096405,124
SHP0002,35.9257869519521,139.725269079208,125
SHP0002,35.9258803437429,139.72526371479,126
SHP0002,35.9259759074359,139.725231528282,127
SHP0002,35.9261757224302,139.725199341774,128
SHP0002,35.9262843175358,139.725153744221,129
SHP0002,35.9264971639428,139.724998176098,130
SHP0002,35.9265796962231,139.724949896336,131
SHP0002,35.9266535408949,139.724810421467,132
SHP0002,35.9268902782251,139.724265933037,133
SHP0002,35.9269576071906,139.72412109375,134
SHP0002,35.9270879213174,139.723831415176,135
SHP0002,35.9271682816955,139.723627567291,136
SHP0002,35.9272247511504,139.723555147648,137
SHP0002,35.9272703610948,139.723509550095,138
SHP0002,35.9273376900603,139.723225235939,139
SHP0002,35.9274267380469,139.723270833492,140
SHP0002,35.9275353331525,139.723321795464,141
SHP0002,35.9276070059222,139.72338616848,142
SHP0002,35.9278654622736,139.723627567291,143
SHP0002,35.9281304343313,139.723834097385,144
SHP0002,35.9281587886602,139.723622202873,145
SHP0002,35.928076255362,139.723595380783,146
SHP0002,35.9279850342479,139.723504185677,147
SHP0002,35.9280892869411,139.723268151283,148
SHP0002,35.9282020662374,139.7233095577,149
SHP0002,35.9282500095738,139.723327159882,150
SHP0002,35.9281587886602,139.723622202873,151
SHP0002,35.9281304343313,139.723834097385,152
SHP0002,35.9280022921067,139.72412109375,153
SHP0002,35.9278871812947,139.72436517477,154
SHP0002,35.9277329762447,139.724729955196,155
SHP0002,35.9276156935307,139.724998176098,156
SHP0002,35.9275896307053,139.725059866905,157
SHP0002,35.9274614884807,139.725344181061,158
SHP0002,35.9273029396265,139.725733101368,159
SHP0002,35.9271357031638,139.726113975048,160
SHP0002,35.9269684667012,139.726476073265,161
SHP0002,35.9272616734864,139.726596772671,162
SHP0002,35.9273985033194,139.726618230343,163
SHP0002,35.9275375050546,139.726615548134,164
SHP0002,35.9276308968455,139.726602137089,165
SHP0002,35.927933564354,139.72651473537,166
SHP0002,35.92806744917,139.726476073265,167
SHP0002,35.9291816349537,139.726140797138,168
SHP0002,35.9293076052762,139.726122021675,169
SHP0002,35.9294466070114,139.726113975048,170
SHP0002,35.9295812649423,139.726103246212,171
SHP0002,35.9297957028326,139.726100675126,172
SHP0002,35.9298049708599,139.726100564003,173
SHP0002,35.9298460437189,139.726103100167,174
SHP0002,35.9301090371556,139.726119339466,175
SHP0002,35.9301177247641,139.725947678089,176
SHP0002,35.9301046933514,139.725853800774,177
SHP0002,35.9299439725951,139.725049138069,178
SHP0002,35.9299352849866,139.724998176098,179
SHP0002,35.9299483163993,139.724872112274,180
SHP0002,35.9299678635183,139.724791646004,181
SHP0002,35.9300916619387,139.724544882774,182
SHP0002,35.9301828818274,139.724370539188,183
SHP0002,35.9302176322612,139.724282026291,184
SHP0002,35.9302632422056,139.72412109375,185
SHP0002,35.9302914769331,139.723911881447,186
SHP0002,35.9303110240521,139.723681211472,187
SHP0002,35.9303740092133,139.723018705845,188
SHP0002,35.9303740092133,139.722871184349,189
SHP0002,35.9302936488352,139.72185999155,190
SHP0002,35.9302827893246,139.721758067608,191
SHP0002,35.9302654141077,139.721602499485,192
SHP0002,35.930271929814,139.72153544426,193
SHP0002,35.9302871331288,139.721503257751,194
SHP0002,35.9306368093689,139.721221625805,195
SHP0002,35.9308040458316,139.72104460001,196
SHP0002,35.9309886575111,139.720795154572,197
SHP0002,35.9310147203365,139.720746874809,198
SHP0002,35.9312145353308,139.720317721367,199
SHP0002,35.93124936065,139.720247344927,200
SHP0002,35.931333989947,139.720076322556,201
SHP0002,35.9314230379336,139.719915390015,202
SHP0002,35.9314751635843,139.719842970371,203
SHP0002,35.931546836354,139.719770550728,204
SHP0002,35.931586241092,139.719738327787,205
SHP0002,35.9320289986229,139.719376266003,206
SHP0002,35.9321289061201,139.719298481941,207
SHP0002,35.9322483607363,139.719199240208,208
SHP0002,35.9326892568651,139.718831777573,209
SHP0002,35.9330193859861,139.718552827835,210
SHP0002,35.9332213728826,139.718346297741,211
SHP0002,35.9333343117924,139.718236327171,212
SHP0002,35.9334928606466,139.71804857254,213
SHP0002,35.9335406424931,139.718000292778,214
SHP0002,35.9336665986414,139.717879593372,215
SHP0002,35.9335406424931,139.717715978622,216
SHP0002,35.9333343117924,139.71745043993,217
SHP0002,35.9331192934833,139.717171490192,218
SHP0002,35.9330020107692,139.717037379742,219
SHP0002,35.9327174915925,139.716694056988,220
SHP0002,35.9326936006693,139.716664552689,221
SHP0002,35.932630615508,139.716597497463,222
SHP0002,35.9324829261644,139.71647143364,223
SHP0002,35.9323678153524,139.716294407845,224
SHP0002,35.9322722516595,139.71614420414,225
SHP0002,35.9320941556863,139.715859889984,226
SHP0002,35.932650162627,139.715358316898,227
SHP0002,35.9328630090341,139.71513569355,228
SHP0002,35.9330259016925,139.714982807636,229
SHP0002,35.9333343117924,139.714695811272,230
SHP0002,35.9335406424931,139.714508056641,231
SHP0002,35.9338663911526,139.714272022247,232
SHP0002,35.9341219922528,139.714104154131,233
SHP0002,35.9339706537488,139.713703393936,234
SHP0002,35.9341219922528,139.714104154131,235
SHP0002,35.9338663911526,139.714272022247,236
SHP0002,35.9335406424931,139.714508056641,237
SHP0002,35.9333343117924,139.714695811272,238
SHP0002,35.9330259016925,139.714982807636,239
SHP0002,35.9328630090341,139.71513569355,240
SHP0002,35.932650162627,139.715358316898,241
SHP0002,35.9320941556863,139.715859889984,242
SHP0002,35.9322722516595,139.71614420414,243
SHP0002,35.9323678153524,139.716294407845,244
SHP0002,35.9324829261644,139.71647143364,245
SHP0002,35.932630615508,139.716597497463,246
SHP0002,35.9326936006693,139.716664552689,247
SHP0002,35.9327174915925,139.716694056988,248
SHP0002,35.9330020107692,139.717037379742,249
SHP0002,35.9331192934833,139.717171490192,250
SHP0002,35.9333343117924,139.71745043993,251
SHP0002,35.9335406424931,139.717715978622,252
SHP0002,35.9336665986414,139.717879593372,253
SHP0002,35.9337469499774,139.717809855938,254
SHP0002,35.9339054809917,139.717670381069,255
SHP0002,35.9340357804555,139.7175604105,256
SHP0002,35.9344266788469,139.717249274254,257
SHP0002,35.9344766269746,139.71750408411,258
SHP0002,35.9345743515725,139.717761576176,259
SHP0002,35.9346872777744,139.717981517315,260
SHP0002,35.9347393975599,139.718107581139,261
SHP0002,35.9347654574527,139.718228280544,262
SHP0002,35.9347719724259,139.71832215786,263
SHP0002,35.9349543916752,139.718617200851,264
SHP0002,35.9350760045081,139.71875667572,265
SHP0002,35.9353561483552,139.719059765339,266
SHP0002,35.9356362922023,139.719376266003,267
SHP0002,35.9356884119879,139.719440639019,268
SHP0002,35.9364180889851,139.72033649683,269
SHP0002,35.936596938104,139.720215600993,270
SHP0002,35.9367394943291,139.7201192379,271
SHP0002,35.9368763087661,139.719985127449,272
SHP0002,35.936932771867,139.719910025597,273
SHP0002,35.9369979215989,139.719751775265,274
SHP0002,35.9371108478009,139.719333350658,275
SHP0002,35.9371455943245,139.719223380089,276
SHP0002,35.9373171552852,139.718850553036,277
SHP0002,35.9376754788106,139.718174636364,278
SHP0002,35.9378057782744,139.717890322208,279
SHP0002,35.9379317344227,139.717589914799,280
SHP0002,35.9383226328141,139.717780351639,281
SHP0002,35.9385463135603,139.717860817909,282
SHP0002,35.9387005012591,139.717922508717,283
SHP0002,35.9388546889579,139.717992246151,284
SHP0002,35.9390501381536,139.718078076839,285
SHP0002,35.9391999825369,139.718134403229,286
SHP0002,35.9392998787925,139.718169271946,287
SHP0002,35.9395192162232,139.718271195889,288
SHP0002,35.9396560306602,139.718327522278,289
SHP0002,35.9397407253116,139.718343615532,290
SHP0002,35.9400773322598,139.718389213085,291
SHP0002,35.9402814680864,139.717807173729,292
SHP0002,35.9406224183499,139.71682280302,293
SHP0002,35.94067019482,139.716702103615,294
SHP0002,35.9406832247664,139.716664552689,295
SHP0002,35.9407223146055,139.716565310955,296
SHP0002,35.9409113199094,139.716723561287,297
SHP0002,35.9410633301825,139.716755747795,298
SHP0002,35.9412283695765,139.716820120811,299
SHP0002,35.9417625736728,139.716889858246,300
SHP0002,35.9419145823085,139.71687912941,301
SHP0002,35.9421447662575,139.716954231262,302
SHP0002,35.9426485627497,139.717066884041,303
SHP0002,35.9427918835788,139.717270731926,304
SHP0002,35.9431371190574,139.717372655869,305
SHP0002,35.9432425317021,139.717345243332,306
SHP0002,35.943178414216,139.716745018959,307
SHP0002,35.9432062484239,139.716646789745,308
SHP0002,35.9432088154218,139.716637730598,309
SHP0002,35.9433000189693,139.716728925705,310
SHP0002,35.943343449193,139.716728925705,311
SHP0002,35.9433987669878,139.717393241833,312
SHP0002,35.9432608896168,139.71734046936,313
SHP0002,35.9432425317021,139.717345243332,314
SHP0002,35.9431371190574,139.717372655869,315
SHP0002,35.9427918835788,139.717270731926,316
SHP0002,35.9426485627497,139.717066884041,317
SHP0002,35.9421447662575,139.716954231262,318
SHP0002,35.9419145823085,139.71687912941,319
SHP0002,35.9417625736728,139.716889858246,320
SHP0002,35.9412283695765,139.716820120811,321
SHP0002,35.9410633301825,139.716755747795,322
SHP0002,35.9409113199094,139.716723561287,323
SHP0002,35.9407223146055,139.716565310955,324
SHP0002,35.9408526140693,139.716232717037,325
SHP0002,35.9410936680773,139.71570700407,326
SHP0002,35.9411979076483,139.715497791767,327
SHP0002,35.9410111450836,139.715484380722,328
SHP0002,35.9408265541765,139.715446829796,329
SHP0002,35.940196393759,139.71528540263,330
SHP0002,35.939947032796,139.715221524239,331
SHP0002,35.9397689568621,139.715216159821,332
SHP0002,35.9399122862723,139.714757502079,333
SHP0002,35.9399296595341,139.714695811272,334
SHP0002,35.9399730926887,139.714524149895,335
SHP0002,35.9400317274474,139.7143471241,336
SHP0002,35.9400903622061,139.714175462723,337
SHP0002,35.9401511686226,139.713934063911,338
SHP0002,35.9402467215627,139.713606834412,339
SHP0002,35.9403140429523,139.713295698166,340
SHP0002,35.9402467215627,139.713346660137,341
SHP0002,35.9399796076619,139.71363902092,342
SHP0002,35.9398384499095,139.713743627071,343
SHP0002,35.9397211803921,139.713684618473,344
SHP0002,35.9396364857406,139.71363902092,345
SHP0002,35.9395170445655,139.713590741158,346
SHP0002,35.9394540664913,139.713574647903,347
SHP0002,35.9391044295968,139.713628292084,348
SHP0002,35.9390457948381,139.713169634342,349
SHP0002,35.9390436231804,139.713134765625,350
SHP0002,35.9389806451062,139.712555408478,351
SHP0002,35.9389154953743,139.711938500404,352
SHP0002,35.9387808525951,139.710704684258,353
SHP0002,35.9387178745209,139.710042178631,354
SHP0002,35.9385984333458,139.710058271885,355
SHP0002,35.9385028804057,139.71007168293,356
SHP0002,35.9384594472511,139.709098041058,357
SHP0002,35.9384529322779,139.708896875381,358
SHP0002,35.9384594472511,139.708741307259,359
SHP0002,35.9384876788016,139.708607196808,360
SHP0002,35.9385050215762,139.708560255068,361
SHP0002,35.9385897467149,139.708330929279,362
SHP0002,35.9386375231849,139.708207547665,363
SHP0002,35.9386505531313,139.708119034767,364
SHP0002,35.9386559621412,139.70793615185,365
SHP0002,35.9386679263931,139.707531630993,366
SHP0002,35.9386744413663,139.707475304604,367
SHP0002,35.9387135312055,139.707303643227,368
SHP0002,35.9387352477827,139.707148075104,369
SHP0002,35.9387374194405,139.707099795341,370
SHP0002,35.9387178745209,139.707005918026,371
SHP0002,35.93870918789,139.70691204071,372
SHP0002,35.9387265611518,139.706729650497,373
SHP0002,35.938733076125,139.706563353539,374
SHP0002,35.9387461060714,139.706297814846,375
SHP0002,35.9387786809373,139.705994725227,376
SHP0002,35.9392825055307,139.70606982708,377
SHP0002,35.9392977071348,139.706072509289,378
SHP0002,35.9397407253116,139.706120789051,379
SHP0002,35.939810218359,139.706120789051,380
SHP0002,35.9398883980373,139.706107378006,381
SHP0002,35.9399361745073,139.706083238125,382
SHP0002,35.9400295557897,139.706021547318,383
SHP0002,35.9401294520453,139.705908894539,384
SHP0002,35.94026843814,139.705699682236,385
SHP0002,35.9403943942883,139.705450236797,386
SHP0002,35.9405137969392,139.705312933498,387
SHP0002,35.940646306585,139.705160558224,388
SHP0002,35.9408222108611,139.704964756966,389
SHP0002,35.940935137063,139.704868197441,390
SHP0002,35.9411305862587,139.704712629318,391
SHP0002,35.9411783627288,139.704691171646,392
SHP0002,35.9413282071121,139.704661667347,393
SHP0002,35.941666985718,139.704608023167,394
SHP0002,35.9416887022953,139.704602658749,395
SHP0002,35.941899353095,139.704575836658,396
SHP0002,35.9421577803649,139.704530239105,397
SHP0002,35.9424357525543,139.704479277134,398
SHP0002,35.9429351776184,139.704398810863,399
SHP0002,35.9435952872684,139.704291522503,400
SHP0002,35.9436756295614,139.703838229179,401
SHP0002,35.9437255720678,139.703612923622,402
SHP0002,35.9437863716408,139.703406393528,403
SHP0002,35.94395574188,139.702979922295,404
SHP0002,35.9440273985196,139.702832400799,405
SHP0002,35.9444377956375,139.7021484375,406
SHP0002,35.9444573383574,139.702113568783,407
SHP0002,35.9445026362805,139.702036632516,408
SHP0002,35.9446272208518,139.701825031826,409
SHP0002,35.9447700218758,139.701582491398,410
SHP0002,35.9453476178196,139.700616896152,411
SHP0002,35.9454431600058,139.700455963612,412
SHP0002,35.9456798440579,139.700064361095,413
SHP0002,35.945721100911,139.699999988079,414
SHP0002,35.9458123002706,139.699849784374,415
SHP0002,35.945860636994,139.69976960602,416
SHP0002,35.9458882997369,139.699723720551,417
SHP0002,35.9460160872226,139.699514875812,418
SHP0002,35.9464528672007,139.698801040649,419
SHP0002,35.946522352427,139.698688387871,420
SHP0002,35.9466070375466,139.698530137539,421
SHP0002,35.9465940090666,139.698465764523,422
SHP0002,35.9464941240538,139.6979829669,423
SHP0002,35.9464810955739,139.697867631912,424
SHP0002,35.9464854384005,139.697508215904,425
SHP0002,35.9464745813339,139.697239995003,426
SHP0002,35.9464376673074,139.697092473507,427
SHP0002,35.9464224674142,139.697033464909,428
SHP0002,35.946387724801,139.696918129921,429
SHP0002,35.9463312680546,139.696781337261,430
SHP0002,35.9461597264022,139.696467518806,431
SHP0002,35.9460902411758,139.696357548237,432
SHP0002,35.9459794990964,139.696129560471,433
SHP0002,35.9459534421365,139.696105420589,434
SHP0002,35.9458535571237,139.696118831635,435
SHP0002,35.9458774426702,139.695952534676,436
SHP0002,35.9461944690153,139.695402681828,437
SHP0002,35.9460989268291,139.695327579975,438
SHP0002,35.9457291418136,139.695031891851,439
SHP0002,35.9456494442714,139.694968163967,440
SHP0002,35.9454540170724,139.694812595844,441
SHP0002,35.9449849917948,139.694437086582,442
SHP0002,35.9444985952105,139.694040119648,443
SHP0002,35.9452195044336,139.693002104759,444
SHP0002,35.9454127602193,139.693165719509,445
SHP0002,35.9456472728581,139.693358838558,446
SHP0002,35.9461271552023,139.693771898746,447
SHP0002,35.9461901261887,139.693825542927,448
SHP0002,35.9466982369061,139.694249331951,449
SHP0002,35.9468285217054,139.694359302521,450
SHP0002,35.9469436066115,139.694455862045,451
SHP0002,35.9473974319959,139.694836735725,452
SHP0002,35.9477600580207,139.695137143135,453
SHP0002,35.9483419967911,139.695638716221,454
SHP0002,35.9487198227092,139.694957435131,455
SHP0002,35.9491475911337,139.694193005562,456
SHP0002,35.9495319312918,139.693492949009,457
SHP0002,35.9495645024916,139.693340063095,458
SHP0002,35.9495970736915,139.693248867989,459
SHP0002,35.9496513590245,139.693149626255,460
SHP0002,35.9497295299041,139.693063795567,461
SHP0002,35.9497881580638,139.69305574894,462
SHP0002,35.9498207292637,139.69308257103,463
SHP0002,35.9500009565694,139.693305194378,464
SHP0002,35.9500930123388,139.693425593887,465
SHP0003,35.9184267686315,139.712498356886,1
SHP0003,35.9183800610214,139.712520539761,2
SHP0003,35.9178609180151,139.712512493134,3
SHP0003,35.9178370244039,139.712520539761,4
SHP0003,35.9178109586462,139.712541997433,5
SHP0003,35.9177740321563,139.712598323822,6
SHP0003,35.9174351773069,139.713134765625,7
SHP0003,35.9169247228865,139.713939428329,8
SHP0003,35.9167096803859,139.714282751083,9
SHP0003,35.916668409603,139.714355170727,10
SHP0003,35.9162643903596,139.715023040771,11
SHP0003,35.9159998842032,139.715442977408,12
SHP0003,35.9159304753569,139.71555317264,13
SHP0003,35.9157474194997,139.71584379673,14
SHP0003,35.9156931097296,139.715932309628,15
SHP0003,35.9157474194997,139.715964496136,16
SHP0003,35.9160297985408,139.716138839722,17
SHP0003,35.916340415486,139.716294407845,18
SHP0003,35.916520703643,139.71636146307,19
SHP0003,35.916668409603,139.716401696205,20
SHP0003,35.9167770169265,139.716431200504,21
SHP0003,35.9168356648812,139.716439247131,22
SHP0003,35.9170854617253,139.716449975967,23
SHP0003,35.9172744384681,139.716436564922,24
SHP0003,35.9175611618022,139.716401696205,25
SHP0003,35.9180564111974,139.716342687607,26
SHP0003,35.9181954285714,139.716348052025,27
SHP0003,35.918299691602,139.716369509697,28
SHP0003,35.9185147341025,139.716444611549,29
SHP0003,35.9185951035219,139.716487526894,30
SHP0003,35.9187210880172,139.71655189991,31
SHP0003,35.9188926875883,139.716664552689,32
SHP0003,35.9190729757453,139.716806709766,33
SHP0003,35.9193227725894,139.717013239861,34
SHP0003,35.9198267105704,139.717434346676,35
SHP0003,35.9199461786263,139.717541635036,36
SHP0003,35.9201916311774,139.717799127102,37
SHP0003,35.9203241321121,139.717965424061,38
SHP0003,35.920586961835,139.718324840069,39
SHP0003,35.9207042577443,139.718284606934,40
SHP0003,35.9208085207749,139.718233644962,41
SHP0003,35.9209214723913,139.718166589737,42
SHP0003,35.9210431125937,139.718080759048,43
SHP0003,35.9211234820131,139.718011021614,44
SHP0003,35.9213015980236,139.717809855938,45
SHP0003,35.9216665186306,139.717273414135,46
SHP0003,35.9217121337064,139.717209041119,47
SHP0003,35.9217836054924,139.71710607723,48
SHP0003,35.9218294296158,139.717040061951,49
SHP0003,35.9219206597676,139.716927409172,50
SHP0003,35.9220032013334,139.716844260693,51
SHP0003,35.9221856616369,139.716728925705,52
SHP0003,35.9223311954504,139.716664552689,53
SHP0003,35.9224115648698,139.716640412807,54
SHP0003,35.9225853365874,139.716608226299,55
SHP0003,35.9226830831785,139.716613590717,56
SHP0003,35.9230393151996,139.716664552689,57
SHP0003,35.9235736632313,139.716734290123,58
SHP0003,35.9237170248983,139.716739654541,59
SHP0003,35.9239646495959,139.716720879078,60
SHP0003,35.9241796920964,139.716664552689,61
SHP0003,35.9242578893693,139.716643095016,62
SHP0003,35.9243838738646,139.716592133045,63
SHP0003,35.924644531441,139.716452658176,64
SHP0003,35.9250007233874,139.716238081455,65
SHP0003,35.9250352507911,139.716218015614,66
SHP0003,35.9251798807258,139.716133962923,67
SHP0003,35.9252591797388,139.71608787775,68
SHP0003,35.9257239667908,139.715795516968,69
SHP0003,35.9259932826528,139.715631902218,70
SHP0003,35.925958532219,139.715964496136,71
SHP0003,35.9259237817852,139.716270267963,72
SHP0003,35.9258803437429,139.716664552689,73
SHP0003,35.9258260461901,139.717080295086,74
SHP0003,35.9257891238542,139.717235863209,75
SHP0003,35.9257435139098,139.717383384705,76
SHP0003,35.925611027881,139.717702567577,77
SHP0003,35.9255176360902,139.717893004417,78
SHP0003,35.9254329319078,139.718056619167,79
SHP0003,35.9254025252782,139.718139767647,80
SHP0003,35.9253808062571,139.718233644962,81
SHP0003,35.9253699467465,139.718332886696,82
SHP0003,35.9253764624529,139.718609154224,83
SHP0003,35.9253746184794,139.718633065147,84
SHP0003,35.925356579553,139.718866977068,85
SHP0003,35.9253503996275,139.71894711256,86
SHP0003,35.9252895863684,139.71930116415,87
SHP0003,35.9252548359346,139.719454050064,88
SHP0003,35.9250137548001,139.720505475998,89
SHP0003,35.9250007233874,139.720572531223,90
SHP0003,35.9249659729536,139.7207441926,91
SHP0003,35.9249029877924,139.720948040485,92
SHP0003,35.9248617216522,139.721058011055,93
SHP0003,35.9248095960015,139.721157252789,94
SHP0003,35.9247748455677,139.721202850342,95
SHP0003,35.924644531441,139.72137182951,96
SHP0003,35.9244381775263,139.721640050411,97
SHP0003,35.9243968110392,139.721707261133,98
SHP0003,35.9243556359605,139.721774160862,99
SHP0003,35.9243195591321,139.72184289264,100
SHP0003,35.924279610834,139.721919000149,101
SHP0003,35.9242209628793,139.722055792809,102
SHP0003,35.9241340770205,139.722299873829,103
SHP0003,35.9239494445706,139.722887277603,104
SHP0003,35.9244186282081,139.723101854324,105
SHP0003,35.924644531441,139.723174273968,106
SHP0003,35.9250007233874,139.723292291164,107
SHP0003,35.9251245218078,139.7233325243,108
SHP0003,35.9251028027867,139.723480045795,109
SHP0003,35.9250723961571,139.723753631115,110
SHP0003,35.9250463333318,139.723954796791,111
SHP0003,35.9250267862128,139.72412109375,112
SHP0003,35.9250028952895,139.724375903606,113
SHP0003,35.9250072390938,139.724526107311,114
SHP0003,35.9250224424085,139.724654853344,115
SHP0003,35.9250463333318,139.72474604845,116
SHP0003,35.9250875994719,139.724869430065,117
SHP0003,35.9251440689268,139.724998176098,118
SHP0003,35.9252164520629,139.725140148722,119
SHP0003,35.9252548359346,139.725215435028,120
SHP0003,35.9253108496226,139.725290035067,121
SHP0003,35.9253656029423,139.725362956524,122
SHP0003,35.9254937451669,139.725499749184,123
SHP0003,35.9255089484817,139.725387096405,124
SHP0003,35.9257869519521,139.725269079208,125
SHP0003,35.9258803437429,139.72526371479,126
SHP0003,35.9259759074359,139.725231528282,127
SHP0003,35.9261757224302,139.725199341774,128
SHP0003,35.9262843175358,139.725153744221,129
SHP0003,35.9264971639428,139.724998176098,130
SHP0003,35.9265796962231,139.724949896336,131
SHP0003,35.9266535408949,139.724810421467,132
SHP0003,35.9268902782251,139.724265933037,133
SHP0003,35.9269576071906,139.72412109375,134
SHP0003,35.9270879213174,139.723831415176,135
SHP0003,35.9271682816955,139.723627567291,136
SHP0003,35.9272247511504,139.723555147648,137
SHP0003,35.9272703610948,139.723509550095,138
SHP0003,35.9273376900603,139.723225235939,139
SHP0003,35.9274267380469,139.723270833492,140
SHP0003,35.9275353331525,139.723321795464,141
SHP0003,35.9276070059222,139.72338616848,142
SHP0003,35.9278654622736,139.723627567291,143
SHP0003,35.9281304343313,139.723834097385,144
SHP0003,35.9281587886602,139.723622202873,145
SHP0003,35.928076255362,139.723595380783,146
SHP0003,35.9279850342479,139.723504185677,147
SHP0003,35.9280892869411,139.723268151283,148
SHP0003,35.9282020662374,139.7233095577,149
SHP0003,35.9282500095738,139.723327159882,150
SHP0003,35.9281587886602,139.723622202873,151
SHP0003,35.9281304343313,139.723834097385,152
SHP0003,35.9280022921067,139.72412109375,153
SHP0003,35.9278871812947,139.72436517477,154
SHP0003,35.9277329762447,139.724729955196,155
SHP0003,35.9276156935307,139.724998176098,156
SHP0003,35.9275896307053,139.725059866905,157
SHP0003,35.9274614884807,139.725344181061,158
SHP0003,35.9273029396265,139.725733101368,159
SHP0003,35.9271357031638,139.726113975048,160
SHP0003,35.9269684667012,139.726476073265,161
SHP0003,35.9272616734864,139.726596772671,162
SHP0003,35.9273985033194,139.726618230343,163
SHP0003,35.9275375050546,139.726615548134,164
SHP0003,35.9276308968455,139.726602137089,165
SHP0003,35.927933564354,139.72651473537,166
SHP0003,35.92806744917,139.726476073265,167
SHP0003,35.9291816349537,139.726140797138,168
SHP0003,35.9293076052762,139.726122021675,169
SHP0003,35.9294466070114,139.726113975048,170
SHP0003,35.9295812649423,139.726103246212,171
SHP0003,35.9297957028326,139.726100675126,172
SHP0003,35.9298049708599,139.726100564003,173
SHP0003,35.9298460437189,139.726103100167,174
SHP0003,35.9301090371556,139.726119339466,175
SHP0003,35.9301177247641,139.725947678089,176
SHP0003,35.9301046933514,139.725853800774,177
SHP0003,35.9299439725951,139.725049138069,178
SHP0003,35.9299352849866,139.724998176098,179
SHP0003,35.9299483163993,139.724872112274,180
SHP0003,35.9299678635183,139.724791646004,181
SHP0003,35.9300916619387,139.724544882774,182
SHP0003,35.9301828818274,139.724370539188,183
SHP0003,35.9302176322612,139.724282026291,184
SHP0003,35.9302632422056,139.72412109375,185
SHP0003,35.9302914769331,139.723911881447,186
SHP0003,35.9303110240521,139.723681211472,187
SHP0003,35.9303740092133,139.723018705845,188
SHP0003,35.9303740092133,139.722871184349,189
SHP0003,35.9302936488352,139.72185999155,190
SHP0003,35.9302827893246,139.721758067608,191
SHP0003,35.9302654141077,139.721602499485,192
SHP0003,35.930271929814,139.72153544426,193
SHP0003,35.9302871331288,139.721503257751,194
SHP0003,35.9306368093689,139.721221625805,195
SHP0003,35.9308040458316,139.72104460001,196
SHP0003,35.9309886575111,139.720795154572,197
SHP0003,35.9310147203365,139.720746874809,198
SHP0003,35.9312145353308,139.720317721367,199
SHP0003,35.93124936065,139.720247344927,200
SHP0003,35.931333989947,139.720076322556,201
SHP0003,35.9314230379336,139.719915390015,202
SHP0003,35.9314751635843,139.719842970371,203
SHP0003,35.931546836354,139.719770550728,204
SHP0003,35.931586241092,139.719738327787,205
SHP0003,35.9320289986229,139.719376266003,206
SHP0003,35.9321289061201,139.719298481941,207
SHP0003,35.9322483607363,139.719199240208,208
SHP0003,35.9326892568651,139.718831777573,209
SHP0003,35.9330193859861,139.718552827835,210
SHP0003,35.9332213728826,139.718346297741,211
SHP0003,35.9333343117924,139.718236327171,212
SHP0003,35.9334928606466,139.71804857254,213
SHP0003,35.9335406424931,139.718000292778,214
SHP0003,35.9336665986414,139.717879593372,215
SHP0003,35.9335406424931,139.717715978622,216
SHP0003,35.9333343117924,139.71745043993,217
SHP0003,35.9331192934833,139.717171490192,218
SHP0003,35.9330020107692,139.717037379742,219
SHP0003,35.9327174915925,139.716694056988,220
SHP0003,35.9326936006693,139.716664552689,221
SHP0003,35.932630615508,139.716597497463,222
SHP0003,35.9324829261644,139.71647143364,223
SHP0003,35.9323678153524,139.716294407845,224
SHP0003,35.9322722516595,139.71614420414,225
SHP0003,35.9320941556863,139.715859889984,226
SHP0003,35.932650162627,139.715358316898,227
SHP0003,35.9328630090341,139.71513569355,228
SHP0003,35.9330259016925,139.714982807636,229
SHP0003,35.9333343117924,139.714695811272,230
SHP0003,35.9335406424931,139.714508056641,231
SHP0003,35.9338663911526,139.714272022247,232
SHP0003,35.9341219922528,139.714104154131,233
SHP0003,35.9339706537488,139.713703393936,234
SHP0003,35.9341219922528,139.714104154131,235
SHP0003,35.9338663911526,139.714272022247,236
SHP0003,35.9335406424931,139.714508056641,237
SHP0003,35.9333343117924,139.714695811272,238
SHP0003,35.9330259016925,139.714982807636,239
SHP0003,35.9328630090341,139.71513569355,240
SHP0003,35.932650162627,139.715358316898,241
SHP0003,35.9320941556863,139.715859889984,242
SHP0003,35.9322722516595,139.71614420414,243
SHP0003,35.9323678153524,139.716294407845,244
SHP0003,35.9324829261644,139.71647143364,245
SHP0003,35.932630615508,139.716597497463,246
SHP0003,35.9326936006693,139.716664552689,247
SHP0003,35.9327174915925,139.716694056988,248
SHP0003,35.9330020107692,139.717037379742,249
SHP0003,35.9331192934833,139.717171490192,250
SHP0003,35.9333343117924,139.71745043993,251
SHP0003,35.9335406424931,139.717715978622,252
SHP0003,35.9336665986414,139.717879593372,253
SHP0003,35.9337469499774,139.717809855938,254
SHP0003,35.9339054809917,139.717670381069,255
SHP0003,35.9340357804555,139.7175604105,256
SHP0003,35.9344266788469,139.717249274254,257
SHP0003,35.9344766269746,139.71750408411,258
SHP0003,35.9345743515725,139.717761576176,259
SHP0003,35.9346872777744,139.717981517315,260
SHP0003,35.9347393975599,139.718107581139,261
SHP0003,35.9347654574527,139.718228280544,262
SHP0003,35.9347719724259,139.71832215786,263
SHP0003,35.9349543916752,139.718617200851,264
SHP0003,35.9350760045081,139.71875667572,265
SHP0003,35.9353561483552,139.719059765339,266
SHP0003,35.9356362922023,139.719376266003,267
SHP0003,35.9356884119879,139.719440639019,268
SHP0003,35.9364180889851,139.72033649683,269
SHP0003,35.936596938104,139.720215600993,270
SHP0003,35.9367394943291,139.7201192379,271
SHP0003,35.9368763087661,139.719985127449,272
SHP0003,35.936932771867,139.719910025597,273
SHP0003,35.9369979215989,139.719751775265,274
SHP0003,35.9371108478009,139.719333350658,275
SHP0003,35.9371455943245,139.719223380089,276
SHP0003,35.9373171552852,139.718850553036,277
SHP0003,35.9376754788106,139.718174636364,278
SHP0003,35.9378057782744,139.717890322208,279
SHP0003,35.9379317344227,139.717589914799,280
SHP0003,35.9383226328141,139.717780351639,281
SHP0003,35.9385463135603,139.717860817909,282
SHP0003,35.9387005012591,139.717922508717,283
SHP0003,35.9388546889579,139.717992246151,284
SHP0003,35.9390501381536,139.718078076839,285
SHP0003,35.9391999825369,139.718134403229,286
SHP0003,35.9392998787925,139.718169271946,287
SHP0003,35.9395192162232,139.718271195889,288
SHP0003,35.9396560306602,139.718327522278,289
SHP0003,35.9397407253116,139.718343615532,290
SHP0003,35.9400773322598,139.718389213085,291
SHP0003,35.9402814680864,139.717807173729,292
SHP0003,35.9406224183499,139.71682280302,293
SHP0003,35.94067019482,139.716702103615,294
SHP0003,35.9406832247664,139.716664552689,295
SHP0003,35.9407223146055,139.716565310955,296
SHP0003,35.9409113199094,139.716723561287,297
SHP0003,35.9410633301825,139.716755747795,298
SHP0003,35.9412283695765,139.716820120811,299
SHP0003,35.9417625736728,139.716889858246,300
SHP0003,35.9419145823085,139.71687912941,301
SHP0003,35.9421447662575,139.716954231262,302
SHP0003,35.9426485627497,139.717066884041,303
SHP0003,35.9427918835788,139.717270731926,304
SHP0003,35.9431371190574,139.717372655869,305
SHP0003,35.9432425317021,139.717345243332,306
SHP0003,35.943178414216,139.716745018959,307
SHP0003,35.9432062484239,139.716646789745,308
SHP0003,35.9432088154218,139.716637730598,309
SHP0003,35.9433000189693,139.716728925705,310
SHP0003,35.943343449193,139.716728925705,311
SHP0003,35.9433987669878,139.717393241833,312
SHP0003,35.9432608896168,139.71734046936,313
SHP0003,35.9432425317021,139.717345243332,314
SHP0003,35.9431371190574,139.717372655869,315
SHP0003,35.9427918835788,139.717270731926,316
SHP0003,35.9426485627497,139.717066884041,317
SHP0003,35.9421447662575,139.716954231262,318
SHP0003,35.9419145823085,139.71687912941,319
SHP0003,35.9417625736728,139.716889858246,320
SHP0003,35.9412283695765,139.716820120811,321
SHP0003,35.9410633301825,139.716755747795,322
SHP0003,35.9409113199094,139.716723561287,323
SHP0003,35.9407223146055,139.716565310955,324
SHP0003,35.9408526140693,139.716232717037,325
SHP0003,35.9410936680773,139.71570700407,326
SHP0003,35.9411979076483,139.715497791767,327
SHP0003,35.9410111450836,139.715484380722,328
SHP0003,35.9408265541765,139.715446829796,329
SHP0003,35.940196393759,139.71528540263,330
SHP0003,35.939947032796,139.715221524239,331
SHP0003,35.9397689568621,139.715216159821,332
SHP0003,35.9399122862723,139.714757502079,333
SHP0003,35.9399296595341,139.714695811272,334
SHP0003,35.9399730926887,139.714524149895,335
SHP0003,35.9400317274474,139.7143471241,336
SHP0003,35.9400903622061,139.714175462723,337
SHP0003,35.9401511686226,139.713934063911,338
SHP0003,35.9402467215627,139.713606834412,339
SHP0003,35.9403140429523,139.713295698166,340
SHP0003,35.9402467215627,139.713346660137,341
SHP0003,35.9399796076619,139.71363902092,342
SHP0003,35.9398384499095,139.713743627071,343
SHP0003,35.9397211803921,139.713684618473,344
SHP0003,35.9396364857406,139.71363902092,345
SHP0003,35.9395170445655,139.713590741158,346
SHP0003,35.9394540664913,139.713574647903,347
SHP0003,35.9391044295968,139.713628292084,348
SHP0003,35.9390457948381,139.713169634342,349
SHP0003,35.9390436231804,139.713134765625,350
SHP0003,35.9389806451062,139.712555408478,351
SHP0003,35.9389154953743,139.711938500404,352
SHP0003,35.9387808525951,139.710704684258,353
SHP0003,35.9387178745209,139.710042178631,354
SHP0003,35.9385984333458,139.710058271885,355
SHP0003,35.9385028804057,139.71007168293,356
SHP0003,35.9384594472511,139.709098041058,357
SHP0003,35.9384529322779,139.708896875381,358
SHP0003,35.9384594472511,139.708741307259,359
SHP0003,35.9384876788016,139.708607196808,360
SHP0003,35.9385050215762,139.708560255068,361
SHP0003,35.9385897467149,139.708330929279,362
SHP0003,35.9386375231849,139.708207547665,363
SHP0003,35.9386505531313,139.708119034767,364
SHP0003,35.9386559621412,139.70793615185,365
SHP0003,35.9386679263931,139.707531630993,366
SHP0003,35.9386744413663,139.707475304604,367
SHP0003,35.9387135312055,139.707303643227,368
SHP0003,35.9387352477827,139.707148075104,369
SHP0003,35.9387374194405,139.707099795341,370
SHP0003,35.9387178745209,139.707005918026,371
SHP0003,35.93870918789,139.70691204071,372
SHP0003,35.9387265611518,139.706729650497,373
SHP0003,35.938733076125,139.706563353539,374
SHP0003,35.9387461060714,139.706297814846,375
SHP0003,35.9387786809373,139.705994725227,376
SHP0003,35.9392825055307,139.70606982708,377
SHP0003,35.9392977071348,139.706072509289,378
SHP0003,35.9397407253116,139.706120789051,379
SHP0003,35.939810218359,139.706120789051,380
SHP0003,35.9398883980373,139.706107378006,381
SHP0003,35.9399361745073,139.706083238125,382
SHP0003,35.9400295557897,139.706021547318,383
SHP0003,35.9401294520453,139.705908894539,384
SHP0003,35.94026843814,139.705699682236,385
SHP0003,35.9403943942883,139.705450236797,386
SHP0003,35.9405137969392,139.705312933498,387
SHP0003,35.940646306585,139.705160558224,388
SHP0003,35.9408222108611,139.704964756966,389
SHP0003,35.940935137063,139.704868197441,390
SHP0003,35.9411305862587,139.704712629318,391
SHP0003,35.9411783627288,139.704691171646,392
SHP0003,35.9413282071121,139.704661667347,393
SHP0003,35.941666985718,139.704608023167,394
SHP0003,35.9416887022953,139.704602658749,395
SHP0003,35.941899353095,139.704575836658,396
SHP0003,35.9421577803649,139.704530239105,397
SHP0003,35.9424357525543,139.704479277134,398
SHP0003,35.9429351776184,139.704398810863,399
SHP0003,35.9435952872684,139.704291522503,400
SHP0003,35.9436756295614,139.703838229179,401
SHP0003,35.9437255720678,139.703612923622,402
SHP0003,35.9437863716408,139.703406393528,403
SHP0003,35.94395574188,139.702979922295,404
SHP0003,35.9440273985196,139.702832400799,405
SHP0003,35.9444377956375,139.7021484375,406
SHP0003,35.9444573383574,139.702113568783,407
SHP0003,35.9445026362805,139.702036632516,408
SHP0003,35.9446272208518,139.701825031826,409
SHP0003,35.9447700218758,139.701582491398,410
SHP0003,35.9453476178196,139.700616896152,411
SHP0003,35.9454431600058,139.700455963612,412
SHP0003,35.9456798440579,139.700064361095,413
SHP0003,35.945721100911,139.699999988079,414
SHP0003,35.9458123002706,139.699849784374,415
SHP0003,35.945860636994,139.69976960602,416
SHP0003,35.9458882997369,139.699723720551,417
SHP0003,35.9460160872226,139.699514875812,418
SHP0003,35.9464528672007,139.698801040649,419
SHP0003,35.946522352427,139.698688387871,420
SHP0003,35.9466070375466,139.698530137539,421
SHP0003,35.946974006398,139.697921276093,422
SHP0003,35.9475559451684,139.696942269802,423
SHP0003,35.9477296582342,139.69664722681,424
SHP0003,35.9483419967911,139.695638716221,425
SHP0003,35.9487198227092,139.694957435131,426
SHP0003,35.9491475911337,139.694193005562,427
SHP0003,35.9495319312918,139.693492949009,428
SHP0003,35.9495645024916,139.693340063095,429
SHP0003,35.9495970736915,139.693248867989,430
SHP0003,35.9496513590245,139.693149626255,431
SHP0003,35.9497295299041,139.693063795567,432
SHP0003,35.9497881580638,139.69305574894,433
SHP0003,35.9498207292637,139.69308257103,434
SHP0003,35.9500009565694,139.693305194378,435
SHP0003,35.9500930123388,139.693425593887,436
SHP0004,35.9184267686315,139.712498356886,1
SHP0004,35.9183800610214,139.712520539761,2
SHP0004,35.9178609180151,139.712512493134,3
SHP0004,35.9178370244039,139.712520539761,4
SHP0004,35.9178109586462,139.712541997433,5
SHP0004,35.9177740321563,139.712598323822,6
SHP0004,35.9174351773069,139.713134765625,7
SHP0004,35.9169247228865,139.713939428329,8
SHP0004,35.9167096803859,139.714282751083,9
SHP0004,35.916668409603,139.714355170727,10
SHP0004,35.9162643903596,139.715023040771,11
SHP0004,35.9159998842032,139.715442977408,12
SHP0004,35.9159304753569,139.71555317264,13
SHP0004,35.9157474194997,139.71584379673,14
SHP0004,35.9156931097296,139.715932309628,15
SHP0004,35.9157474194997,139.715964496136,16
SHP0004,35.9160297985408,139.716138839722,17
SHP0004,35.916340415486,139.716294407845,18
SHP0004,35.916520703643,139.71636146307,19
SHP0004,35.916668409603,139.716401696205,20
SHP0004,35.9167770169265,139.716431200504,21
SHP0004,35.9168356648812,139.716439247131,22
SHP0004,35.9170854617253,139.716449975967,23
SHP0004,35.9172744384681,139.716436564922,24
SHP0004,35.9175611618022,139.716401696205,25
SHP0004,35.9180564111974,139.716342687607,26
SHP0004,35.9181954285714,139.716348052025,27
SHP0004,35.918299691602,139.716369509697,28
SHP0004,35.9185147341025,139.716444611549,29
SHP0004,35.9185951035219,139.716487526894,30
SHP0004,35.9187210880172,139.71655189991,31
SHP0004,35.9188926875883,139.716664552689,32
SHP0004,35.9190729757453,139.716806709766,33
SHP0004,35.9193227725894,139.717013239861,34
SHP0004,35.9198267105704,139.717434346676,35
SHP0004,35.9199461786263,139.717541635036,36
SHP0004,35.9201916311774,139.717799127102,37
SHP0004,35.9203241321121,139.717965424061,38
SHP0004,35.920586961835,139.718324840069,39
SHP0004,35.9207042577443,139.718284606934,40
SHP0004,35.9208085207749,139.718233644962,41
SHP0004,35.9209214723913,139.718166589737,42
SHP0004,35.9210431125937,139.718080759048,43
SHP0004,35.9211234820131,139.718011021614,44
SHP0004,35.9213015980236,139.717809855938,45
SHP0004,35.9216665186306,139.717273414135,46
SHP0004,35.9217121337064,139.717209041119,47
SHP0004,35.9217836054924,139.71710607723,48
SHP0004,35.9218294296158,139.717040061951,49
SHP0004,35.9219206597676,139.716927409172,50
SHP0004,35.9220032013334,139.716844260693,51
SHP0004,35.9221856616369,139.716728925705,52
SHP0004,35.9223311954504,139.716664552689,53
SHP0004,35.9224115648698,139.716640412807,54
SHP0004,35.9225853365874,139.716608226299,55
SHP0004,35.9226830831785,139.716613590717,56
SHP0004,35.9230393151996,139.716664552689,57
SHP0004,35.9235736632313,139.716734290123,58
SHP0004,35.9237170248983,139.716739654541,59
SHP0004,35.9239646495959,139.716720879078,60
SHP0004,35.9241796920964,139.716664552689,61
SHP0004,35.9242578893693,139.716643095016,62
SHP0004,35.9243838738646,139.716592133045,63
SHP0004,35.924644531441,139.716452658176,64
SHP0004,35.9250007233874,139.716238081455,65
SHP0004,35.9250352507911,139.716218015614,66
SHP0004,35.9251798807258,139.716133962923,67
SHP0004,35.9252591797388,139.71608787775,68
SHP0004,35.9257239667908,139.715795516968,69
SHP0004,35.9259932826528,139.715631902218,70
SHP0004,35.925958532219,139.715964496136,71
SHP0004,35.9259237817852,139.716270267963,72
SHP0004,35.9258803437429,139.716664552689,73
SHP0004,35.9258260461901,139.717080295086,74
SHP0004,35.9257891238542,139.717235863209,75
SHP0004,35.9257435139098,139.717383384705,76
SHP0004,35.925611027881,139.717702567577,77
SHP0004,35.9255176360902,139.717893004417,78
SHP0004,35.9254329319078,139.718056619167,79
SHP0004,35.9254025252782,139.718139767647,80
SHP0004,35.9253808062571,139.718233644962,81
SHP0004,35.9253699467465,139.718332886696,82
SHP0004,35.9253764624529,139.718609154224,83
SHP0004,35.9253746184794,139.718633065147,84
SHP0004,35.925356579553,139.718866977068,85
SHP0004,35.9253503996275,139.71894711256,86
SHP0004,35.9252895863684,139.71930116415,87
SHP0004,35.9252548359346,139.719454050064,88
SHP0004,35.9250137548001,139.720505475998,89
SHP0004,35.9250007233874,139.720572531223,90
SHP0004,35.9249659729536,139.7207441926,91
SHP0004,35.9249029877924,139.720948040485,92
SHP0004,35.9248617216522,139.721058011055,93
SHP0004,35.9248095960015,139.721157252789,94
SHP0004,35.9247748455677,139.721202850342,95
SHP0004,35.924644531441,139.72137182951,96
SHP0004,35.9244381775263,139.721640050411,97
SHP0004,35.9243968110392,139.721707261133,98
SHP0004,35.9243556359605,139.721774160862,99
SHP0004,35.9243195591321,139.72184289264,100
SHP0004,35.924279610834,139.721919000149,101
SHP0004,35.9242209628793,139.722055792809,102
SHP0004,35.9241340770205,139.722299873829,103
SHP0004,35.9239494445706,139.722887277603,104
SHP0004,35.9244186282081,139.723101854324,105
SHP0004,35.924644531441,139.723174273968,106
SHP0004,35.9250007233874,139.723292291164,107
SHP0004,35.9251245218078,139.7233325243,108
SHP0004,35.9251028027867,139.723480045795,109
SHP0004,35.9250723961571,139.723753631115,110
SHP0004,35.9250463333318,139.723954796791,111
SHP0004,35.9250267862128,139.72412109375,112
SHP0004,35.9250028952895,139.724375903606,113
SHP0004,35.9250072390938,139.724526107311,114
SHP0004,35.9250224424085,139.724654853344,115
SHP0004,35.9250463333318,139.72474604845,116
SHP0004,35.9250875994719,139.724869430065,117
SHP0004,35.9251440689268,139.724998176098,118
SHP0004,35.9252164520629,139.725140148722,119
SHP0004,35.9252548359346,139.725215435028,120
SHP0004,35.9253108496226,139.725290035067,121
SHP0004,35.9253656029423,139.725362956524,122
SHP0004,35.9254937451669,139.725499749184,123
SHP0004,35.9255089484817,139.725387096405,124
SHP0004,35.9257869519521,139.725269079208,125
SHP0004,35.9258803437429,139.72526371479,126
SHP0004,35.9259759074359,139.725231528282,127
SHP0004,35.9261757224302,139.725199341774,128
SHP0004,35.9262843175358,139.725153744221,129
SHP0004,35.9264971639428,139.724998176098,130
SHP0004,35.9265796962231,139.724949896336,131
SHP0004,35.9266535408949,139.724810421467,132
SHP0004,35.9268902782251,139.724265933037,133
SHP0004,35.9269576071906,139.72412109375,134
SHP0004,35.9270879213174,139.723831415176,135
SHP0004,35.9271682816955,139.723627567291,136
SHP0004,35.9272247511504,139.723555147648,137
SHP0004,35.9272703610948,139.723509550095,138
SHP0004,35.9273376900603,139.723225235939,139
SHP0004,35.9274267380469,139.723270833492,140
SHP0004,35.9275353331525,139.723321795464,141
SHP0004,35.9276070059222,139.72338616848,142
SHP0004,35.9278654622736,139.723627567291,143
SHP0004,35.9281304343313,139.723834097385,144
SHP0004,35.9281587886602,139.723622202873,145
SHP0004,35.928076255362,139.723595380783,146
SHP0004,35.9279850342479,139.723504185677,147
SHP0004,35.9280892869411,139.723268151283,148
SHP0004,35.9282020662374,139.7233095577,149
SHP0004,35.9282500095738,139.723327159882,150
SHP0004,35.9281587886602,139.723622202873,151
SHP0004,35.9281304343313,139.723834097385,152
SHP0004,35.9280022921067,139.72412109375,153
SHP0004,35.9278871812947,139.72436517477,154
SHP0004,35.9277329762447,139.724729955196,155
SHP0004,35.9276156935307,139.724998176098,156
SHP0004,35.9275896307053,139.725059866905,157
SHP0004,35.9274614884807,139.725344181061,158
SHP0004,35.9273029396265,139.725733101368,159
SHP0004,35.9271357031638,139.726113975048,160
SHP0004,35.9269684667012,139.726476073265,161
SHP0004,35.9272616734864,139.726596772671,162
SHP0004,35.9273985033194,139.726618230343,163
SHP0004,35.9275375050546,139.726615548134,164
SHP0004,35.9276308968455,139.726602137089,165
SHP0004,35.927933564354,139.72651473537,166
SHP0004,35.92806744917,139.726476073265,167
SHP0004,35.9291816349537,139.726140797138,168
SHP0004,35.9293076052762,139.726122021675,169
SHP0004,35.9294466070114,139.726113975048,170
SHP0004,35.9295812649423,139.726103246212,171
SHP0004,35.9297957028326,139.726100675126,172
SHP0004,35.9298049708599,139.726100564003,173
SHP0004,35.9298460437189,139.726103100167,174
SHP0004,35.9301090371556,139.726119339466,175
SHP0004,35.9301177247641,139.725947678089,176
SHP0004,35.9301046933514,139.725853800774,177
SHP0004,35.9299439725951,139.725049138069,178
SHP0004,35.9299352849866,139.724998176098,179
SHP0004,35.9299483163993,139.724872112274,180
SHP0004,35.9299678635183,139.724791646004,181
SHP0004,35.9300916619387,139.724544882774,182
SHP0004,35.9301828818274,139.724370539188,183
SHP0004,35.9302176322612,139.724282026291,184
SHP0004,35.9302632422056,139.72412109375,185
SHP0004,35.9302914769331,139.723911881447,186
SHP0004,35.9303110240521,139.723681211472,187
SHP0004,35.9303740092133,139.723018705845,188
SHP0004,35.9303740092133,139.722871184349,189
SHP0004,35.9302936488352,139.72185999155,190
SHP0004,35.9302827893246,139.721758067608,191
SHP0004,35.9302654141077,139.721602499485,192
SHP0004,35.930271929814,139.72153544426,193
SHP0004,35.9302871331288,139.721503257751,194
SHP0004,35.9306368093689,139.721221625805,195
SHP0004,35.9308040458316,139.72104460001,196
SHP0004,35.9309886575111,139.720795154572,197
SHP0004,35.9310147203365,139.720746874809,198
SHP0004,35.9312145353308,139.720317721367,199
SHP0004,35.93124936065,139.720247344927,200
SHP0004,35.931333989947,139.720076322556,201
SHP0004,35.9314230379336,139.719915390015,202
SHP0004,35.9314751635843,139.719842970371,203
SHP0004,35.931546836354,139.719770550728,204
SHP0004,35.931586241092,139.719738327787,205
SHP0004,35.9320289986229,139.719376266003,206
SHP0004,35.9321289061201,139.719298481941,207
SHP0004,35.9322483607363,139.719199240208,208
SHP0004,35.9326892568651,139.718831777573,209
SHP0004,35.9330193859861,139.718552827835,210
SHP0004,35.9332213728826,139.718346297741,211
SHP0004,35.9333343117924,139.718236327171,212
SHP0004,35.9334928606466,139.71804857254,213
SHP0004,35.9335406424931,139.718000292778,214
SHP0004,35.9336665986414,139.717879593372,215
SHP0004,35.9337469499774,139.717809855938,216
SHP0004,35.9339054809917,139.717670381069,217
SHP0004,35.9340357804555,139.7175604105,218
SHP0004,35.9344266788469,139.717249274254,219
SHP0004,35.9344766269746,139.71750408411,220
SHP0004,35.9345743515725,139.717761576176,221
SHP0004,35.9346872777744,139.717981517315,222
SHP0004,35.9347393975599,139.718107581139,223
SHP0004,35.9347654574527,139.718228280544,224
SHP0004,35.9347719724259,139.71832215786,225
SHP0004,35.9349543916752,139.718617200851,226
SHP0004,35.9350760045081,139.71875667572,227
SHP0004,35.9353561483552,139.719059765339,228
SHP0004,35.9356362922023,139.719376266003,229
SHP0004,35.9356884119879,139.719440639019,230
SHP0004,35.9364180889851,139.72033649683,231
SHP0004,35.936596938104,139.720215600993,232
SHP0004,35.9367394943291,139.7201192379,233
SHP0004,35.9368763087661,139.719985127449,234
SHP0004,35.936932771867,139.719910025597,235
SHP0004,35.9369979215989,139.719751775265,236
SHP0004,35.9371108478009,139.719333350658,237
SHP0004,35.9371455943245,139.719223380089,238
SHP0004,35.9373171552852,139.718850553036,239
SHP0004,35.9376754788106,139.718174636364,240
SHP0004,35.9378057782744,139.717890322208,241
SHP0004,35.9379317344227,139.717589914799,242
SHP0004,35.9383226328141,139.717780351639,243
SHP0004,35.9385463135603,139.717860817909,244
SHP0004,35.9387005012591,139.717922508717,245
SHP0004,35.9388546889579,139.717992246151,246
SHP0004,35.9390501381536,139.718078076839,247
SHP0004,35.9391999825369,139.718134403229,248
SHP0004,35.9392998787925,139.718169271946,249
SHP0004,35.9395192162232,139.718271195889,250
SHP0004,35.9396560306602,139.718327522278,251
SHP0004,35.9397407253116,139.718343615532,252
SHP0004,35.9400773322598,139.718389213085,253
SHP0004,35.9402814680864,139.717807173729,254
SHP0004,35.9406224183499,139.71682280302,255
SHP0004,35.94067019482,139.716702103615,256
SHP0004,35.9406832247664,139.716664552689,257
SHP0004,35.9407223146055,139.716565310955,258
SHP0004,35.9409113199094,139.716723561287,259
SHP0004,35.9410633301825,139.716755747795,260
SHP0004,35.9412283695765,139.716820120811,261
SHP0004,35.9417625736728,139.716889858246,262
SHP0004,35.9419145823085,139.71687912941,263
SHP0004,35.9421447662575,139.716954231262,264
SHP0004,35.9426485627497,139.717066884041,265
SHP0004,35.9427918835788,139.717270731926,266
SHP0004,35.9431371190574,139.717372655869,267
SHP0004,35.9432425317021,139.717345243332,268
SHP0004,35.943178414216,139.716745018959,269
SHP0004,35.9432062484239,139.716646789745,270
SHP0004,35.9432088154218,139.716637730598,271
SHP0004,35.9433000189693,139.716728925705,272
SHP0004,35.943343449193,139.716728925705,273
SHP0004,35.9433987669878,139.717393241833,274
SHP0004,35.9432608896168,139.71734046936,275
SHP0004,35.9432425317021,139.717345243332,276
SHP0004,35.9431371190574,139.717372655869,277
SHP0004,35.9427918835788,139.717270731926,278
SHP0004,35.9426485627497,139.717066884041,279
SHP0004,35.9421447662575,139.716954231262,280
SHP0004,35.9419145823085,139.71687912941,281
SHP0004,35.9417625736728,139.716889858246,282
SHP0004,35.9412283695765,139.716820120811,283
SHP0004,35.9410633301825,139.716755747795,284
SHP0004,35.9409113199094,139.716723561287,285
SHP0004,35.9407223146055,139.716565310955,286
SHP0004,35.9408526140693,139.716232717037,287
SHP0004,35.9410936680773,139.71570700407,288
SHP0004,35.9411979076483,139.715497791767,289
SHP0004,35.9410111450836,139.715484380722,290
SHP0004,35.9408265541765,139.715446829796,291
SHP0004,35.940196393759,139.71528540263,292
SHP0004,35.939947032796,139.715221524239,293
SHP0004,35.9397689568621,139.715216159821,294
SHP0004,35.9399122862723,139.714757502079,295
SHP0004,35.9399296595341,139.714695811272,296
SHP0004,35.9399730926887,139.714524149895,297
SHP0004,35.9400317274474,139.7143471241,298
SHP0004,35.9400903622061,139.714175462723,299
SHP0004,35.9401511686226,139.713934063911,300
SHP0004,35.9402467215627,139.713606834412,301
SHP0004,35.9403140429523,139.713295698166,302
SHP0004,35.9402467215627,139.713346660137,303
SHP0004,35.9399796076619,139.71363902092,304
SHP0004,35.9398384499095,139.713743627071,305
SHP0004,35.9397211803921,139.713684618473,306
SHP0004,35.9396364857406,139.71363902092,307
SHP0004,35.9395170445655,139.713590741158,308
SHP0004,35.9394540664913,139.713574647903,309
SHP0004,35.9391044295968,139.713628292084,310
SHP0004,35.9390457948381,139.713169634342,311
SHP0004,35.9390436231804,139.713134765625,312
SHP0004,35.9389806451062,139.712555408478,313
SHP0004,35.9389154953743,139.711938500404,314
SHP0004,35.9387808525951,139.710704684258,315
SHP0004,35.9387178745209,139.710042178631,316
SHP0004,35.9385984333458,139.710058271885,317
SHP0004,35.9385028804057,139.71007168293,318
SHP0004,35.9384594472511,139.709098041058,319
SHP0004,35.9384529322779,139.708896875381,320
SHP0004,35.9384594472511,139.708741307259,321
SHP0004,35.9384876788016,139.708607196808,322
SHP0004,35.9385050215762,139.708560255068,323
SHP0004,35.9385897467149,139.708330929279,324
SHP0004,35.9386375231849,139.708207547665,325
SHP0004,35.9386505531313,139.708119034767,326
SHP0004,35.9386559621412,139.70793615185,327
SHP0004,35.9386679263931,139.707531630993,328
SHP0004,35.9386744413663,139.707475304604,329
SHP0004,35.9387135312055,139.707303643227,330
SHP0004,35.9387352477827,139.707148075104,331
SHP0004,35.9387374194405,139.707099795341,332
SHP0004,35.9387178745209,139.707005918026,333
SHP0004,35.93870918789,139.70691204071,334
SHP0004,35.9387265611518,139.706729650497,335
SHP0004,35.938733076125,139.706563353539,336
SHP0004,35.9387461060714,139.706297814846,337
SHP0004,35.9387786809373,139.705994725227,338
SHP0004,35.9392825055307,139.70606982708,339
SHP0004,35.9392977071348,139.706072509289,340
SHP0004,35.9397407253116,139.706120789051,341
SHP0004,35.939810218359,139.706120789051,342
SHP0004,35.9398883980373,139.706107378006,343
SHP0004,35.9399361745073,139.706083238125,344
SHP0004,35.9400295557897,139.706021547318,345
SHP0004,35.9401294520453,139.705908894539,346
SHP0004,35.94026843814,139.705699682236,347
SHP0004,35.9403943942883,139.705450236797,348
SHP0004,35.9405137969392,139.705312933498,349
SHP0004,35.940646306585,139.705160558224,350
SHP0004,35.9408222108611,139.704964756966,351
SHP0004,35.940935137063,139.704868197441,352
SHP0004,35.9411305862587,139.704712629318,353
SHP0004,35.9411783627288,139.704691171646,354
SHP0004,35.9413282071121,139.704661667347,355
SHP0004,35.941666985718,139.704608023167,356
SHP0004,35.9416887022953,139.704602658749,357
SHP0004,35.941899353095,139.704575836658,358
SHP0004,35.9421577803649,139.704530239105,359
SHP0004,35.9424357525543,139.704479277134,360
SHP0004,35.9429351776184,139.704398810863,361
SHP0004,35.9435952872684,139.704291522503,362
SHP0004,35.9436756295614,139.703838229179,363
SHP0004,35.9437255720678,139.703612923622,364
SHP0004,35.9437863716408,139.703406393528,365
SHP0004,35.94395574188,139.702979922295,366
SHP0004,35.9440273985196,139.702832400799,367
SHP0004,35.9444377956375,139.7021484375,368
SHP0004,35.9444573383574,139.702113568783,369
SHP0004,35.9445026362805,139.702036632516,370
SHP0004,35.9446272208518,139.701825031826,371
SHP0004,35.9447700218758,139.701582491398,372
SHP0004,35.9453476178196,139.700616896152,373
SHP0004,35.9454431600058,139.700455963612,374
SHP0004,35.9456798440579,139.700064361095,375
SHP0004,35.945721100911,139.699999988079,376
SHP0004,35.9458123002706,139.699849784374,377
SHP0004,35.945860636994,139.69976960602,378
SHP0004,35.9458882997369,139.699723720551,379
SHP0004,35.9460160872226,139.699514875812,380
SHP0004,35.9464528672007,139.698801040649,381
SHP0004,35.946522352427,139.698688387871,382
SHP0004,35.9466070375466,139.698530137539,383
SHP0004,35.946974006398,139.697921276093,384
SHP0004,35.9475559451684,139.696942269802,385
SHP0004,35.9477296582342,139.69664722681,386
SHP0004,35.9483419967911,139.695638716221,387
SHP0004,35.9487198227092,139.694957435131,388
SHP0004,35.9491475911337,139.694193005562,389
SHP0004,35.9495319312918,139.693492949009,390
SHP0004,35.9495645024916,139.693340063095,391
SHP0004,35.9495970736915,139.693248867989,392
SHP0004,35.9496513590245,139.693149626255,393
SHP0004,35.9497295299041,139.693063795567,394
SHP0004,35.9497881580638,139.69305574894,395
SHP0004,35.9498207292637,139.69308257103,396
SHP0004,35.9500009565694,139.693305194378,397
SHP0004,35.9500930123388,139.693425593887,398
SHP0005,35.9500930123388,139.693425593887,1
SHP0005,35.9501116986489,139.693450033665,2
SHP0005,35.9501268985421,139.693487584591,3
SHP0005,35.9501268985421,139.693538546562,4
SHP0005,35.9501182128888,139.693586826324,5
SHP0005,35.9500074708094,139.693720936775,6
SHP0005,35.9500009565694,139.693720936775,7
SHP0005,35.9499618711296,139.693723618984,8
SHP0005,35.9499206142765,139.693712890148,9
SHP0005,35.9497469012107,139.6934902668,10
SHP0005,35.949681758811,139.693466126919,11
SHP0005,35.9496296448913,139.693460762501,12
SHP0005,35.9495319312918,139.693492949009,13
SHP0005,35.9491475911337,139.694193005562,14
SHP0005,35.9487198227092,139.694957435131,15
SHP0005,35.9483419967911,139.695638716221,16
SHP0005,35.9477600580207,139.695137143135,17
SHP0005,35.9473974319959,139.694836735725,18
SHP0005,35.9469436066115,139.694455862045,19
SHP0005,35.9468285217054,139.694359302521,20
SHP0005,35.9466982369061,139.694249331951,21
SHP0005,35.9461901261887,139.693825542927,22
SHP0005,35.9461271552023,139.693771898746,23
SHP0005,35.9456472728581,139.693358838558,24
SHP0005,35.9454127602193,139.693165719509,25
SHP0005,35.9452195044336,139.693002104759,26
SHP0005,35.9444985952105,139.694040119648,27
SHP0005,35.9449849917948,139.694437086582,28
SHP0005,35.9454540170724,139.694812595844,29
SHP0005,35.9456494442714,139.694968163967,30
SHP0005,35.9457291418136,139.695031891851,31
SHP0005,35.9460989268291,139.695327579975,32
SHP0005,35.9461944690153,139.695402681828,33
SHP0005,35.9462748113082,139.695464372635,34
SHP0005,35.9464810955739,139.695630669594,35
SHP0005,35.9466591514663,139.695772826672,36
SHP0005,35.9467872648523,139.695877432823,37
SHP0005,35.9470847484775,139.696124196053,38
SHP0005,35.9472801756765,139.696290493011,39
SHP0005,35.9474365174357,139.696421921253,40
SHP0005,35.9477296582342,139.69664722681,41
SHP0005,35.9475559451684,139.696942269802,42
SHP0005,35.946974006398,139.697921276093,43
SHP0005,35.9466070375466,139.698530137539,44
SHP0005,35.946522352427,139.698688387871,45
SHP0005,35.9464528672007,139.698801040649,46
SHP0005,35.9460160872226,139.699514875812,47
SHP0005,35.9458882997369,139.699723720551,48
SHP0005,35.945860636994,139.69976960602,49
SHP0005,35.9458123002706,139.699849784374,50
SHP0005,35.945721100911,139.699999988079,51
SHP0005,35.9456798440579,139.700064361095,52
SHP0005,35.9454431600058,139.700455963612,53
SHP0005,35.9453476178196,139.700616896152,54
SHP0005,35.9447700218758,139.701582491398,55
SHP0005,35.9446272208518,139.701825031826,56
SHP0005,35.9445026362805,139.702036632516,57
SHP0005,35.9444573383574,139.702113568783,58
SHP0005,35.9444377956375,139.7021484375,59
SHP0005,35.9440273985196,139.702832400799,60
SHP0005,35.94395574188,139.702979922295,61
SHP0005,35.9437863716408,139.703406393528,62
SHP0005,35.9437255720678,139.703612923622,63
SHP0005,35.9436756295614,139.703838229179,64
SHP0005,35.9435952872684,139.704291522503,65
SHP0005,35.9433738031096,139.705573618412,66
SHP0005,35.9432804323367,139.706083238125,67
SHP0005,35.9431805473239,139.705790877342,68
SHP0005,35.9431306048175,139.705611169338,69
SHP0005,35.9430285483913,139.70511496067,70
SHP0005,35.9429829487115,139.704811871052,71
SHP0005,35.9429460346851,139.70449000597,72
SHP0005,35.9429351776184,139.704398810863,73
SHP0005,35.9424357525543,139.704479277134,74
SHP0005,35.9421577803649,139.704530239105,75
SHP0005,35.941899353095,139.704575836658,76
SHP0005,35.9416887022953,139.704602658749,77
SHP0005,35.941666985718,139.704608023167,78
SHP0005,35.9413282071121,139.704661667347,79
SHP0005,35.9411783627288,139.704691171646,80
SHP0005,35.9411305862587,139.704712629318,81
SHP0005,35.940935137063,139.704868197441,82
SHP0005,35.9408222108611,139.704964756966,83
SHP0005,35.940646306585,139.705160558224,84
SHP0005,35.9405137969392,139.705312933498,85
SHP0005,35.9403943942883,139.705450236797,86
SHP0005,35.94026843814,139.705699682236,87
SHP0005,35.9401294520453,139.705908894539,88
SHP0005,35.9400295557897,139.706021547318,89
SHP0005,35.9399361745073,139.706083238125,90
SHP0005,35.9398883980373,139.706107378006,91
SHP0005,35.939810218359,139.706120789051,92
SHP0005,35.9397407253116,139.706120789051,93
SHP0005,35.9392977071348,139.706072509289,94
SHP0005,35.9392825055307,139.70606982708,95
SHP0005,35.9387786809373,139.705994725227,96
SHP0005,35.9387461060714,139.706297814846,97
SHP0005,35.938733076125,139.706563353539,98
SHP0005,35.9387265611518,139.706729650497,99
SHP0005,35.93870918789,139.70691204071,100
SHP0005,35.9387178745209,139.707005918026,101
SHP0005,35.9387374194405,139.707099795341,102
SHP0005,35.9387352477827,139.707148075104,103
SHP0005,35.9387135312055,139.707303643227,104
SHP0005,35.9386744413663,139.707475304604,105
SHP0005,35.9386679263931,139.707531630993,106
SHP0005,35.9386559621412,139.70793615185,107
SHP0005,35.9386505531313,139.708119034767,108
SHP0005,35.9386375231849,139.708207547665,109
SHP0005,35.9385897467149,139.708330929279,110
SHP0005,35.9385050215762,139.708560255068,111
SHP0005,35.9384876788016,139.708607196808,112
SHP0005,35.9384594472511,139.708741307259,113
SHP0005,35.9384529322779,139.708896875381,114
SHP0005,35.9384594472511,139.709098041058,115
SHP0005,35.9385028804057,139.71007168293,116
SHP0005,35.9385984333458,139.710058271885,117
SHP0005,35.9387178745209,139.710042178631,118
SHP0005,35.9387808525951,139.710704684258,119
SHP0005,35.9389154953743,139.711938500404,120
SHP0005,35.9389806451062,139.712555408478,121
SHP0005,35.9390436231804,139.713134765625,122
SHP0005,35.9390457948381,139.713169634342,123
SHP0005,35.9391044295968,139.713628292084,124
SHP0005,35.9394540664913,139.713574647903,125
SHP0005,35.9395170445655,139.713590741158,126
SHP0005,35.9396364857406,139.71363902092,127
SHP0005,35.9397211803921,139.713684618473,128
SHP0005,35.9398384499095,139.713743627071,129
SHP0005,35.9399796076619,139.71363902092,130
SHP0005,35.9402467215627,139.713346660137,131
SHP0005,35.9403140429523,139.713295698166,132
SHP0005,35.9402467215627,139.713606834412,133
SHP0005,35.9401511686226,139.713934063911,134
SHP0005,35.9400903622061,139.714175462723,135
SHP0005,35.9400317274474,139.7143471241,136
SHP0005,35.9399730926887,139.714524149895,137
SHP0005,35.9399296595341,139.714695811272,138
SHP0005,35.9399122862723,139.714757502079,139
SHP0005,35.9397689568621,139.715216159821,140
SHP0005,35.939947032796,139.715221524239,141
SHP0005,35.940196393759,139.71528540263,142
SHP0005,35.9408265541765,139.715446829796,143
SHP0005,35.9410111450836,139.715484380722,144
SHP0005,35.9411979076483,139.715497791767,145
SHP0005,35.9410936680773,139.71570700407,146
SHP0005,35.9408526140693,139.716232717037,147
SHP0005,35.9407223146055,139.716565310955,148
SHP0005,35.9406832247664,139.716664552689,149
SHP0005,35.94067019482,139.716702103615,150
SHP0005,35.9406224183499,139.71682280302,151
SHP0005,35.9402814680864,139.717807173729,152
SHP0005,35.9400773322598,139.718389213085,153
SHP0005,35.9397407253116,139.718343615532,154
SHP0005,35.9396560306602,139.718327522278,155
SHP0005,35.9395192162232,139.718271195889,156
SHP0005,35.9392998787925,139.718169271946,157
SHP0005,35.9391999825369,139.718134403229,158
SHP0005,35.9390501381536,139.718078076839,159
SHP0005,35.9388546889579,139.717992246151,160
SHP0005,35.9387005012591,139.717922508717,161
SHP0005,35.9385463135603,139.717860817909,162
SHP0005,35.9383226328141,139.717780351639,163
SHP0005,35.9379317344227,139.717589914799,164
SHP0005,35.9378057782744,139.717890322208,165
SHP0005,35.9376754788106,139.718174636364,166
SHP0005,35.9373171552852,139.718850553036,167
SHP0005,35.9371455943245,139.719223380089,168
SHP0005,35.9371108478009,139.719333350658,169
SHP0005,35.9369979215989,139.719751775265,170
SHP0005,35.936932771867,139.719910025597,171
SHP0005,35.9368763087661,139.719985127449,172
SHP0005,35.9367394943291,139.7201192379,173
SHP0005,35.936596938104,139.720215600993,174
SHP0005,35.9364180889851,139.72033649683,175
SHP0005,35.9356884119879,139.719440639019,176
SHP0005,35.9356362922023,139.719376266003,177
SHP0005,35.9353561483552,139.719059765339,178
SHP0005,35.9350760045081,139.71875667572,179
SHP0005,35.9349543916752,139.718617200851,180
SHP0005,35.9347719724259,139.71832215786,181
SHP0005,35.9347654574527,139.718228280544,182
SHP0005,35.9347393975599,139.718107581139,183
SHP0005,35.9346872777744,139.717981517315,184
SHP0005,35.9345743515725,139.717761576176,185
SHP0005,35.9344766269746,139.71750408411,186
SHP0005,35.9344266788469,139.717249274254,187
SHP0005,35.9340357804555,139.7175604105,188
SHP0005,35.9339054809917,139.717670381069,189
SHP0005,35.9337469499774,139.717809855938,190
SHP0005,35.9336665986414,139.717879593372,191
SHP0005,35.9335406424931,139.718000292778,192
SHP0005,35.9334928606466,139.71804857254,193
SHP0005,35.9333343117924,139.718236327171,194
SHP0005,35.9332213728826,139.718346297741,195
SHP0005,35.9330193859861,139.718552827835,196
SHP0005,35.9326892568651,139.718831777573,197
SHP0005,35.9322483607363,139.719199240208,198
SHP0005,35.9321289061201,139.719298481941,199
SHP0005,35.9320289986229,139.719376266003,200
SHP0005,35.931586241092,139.719738327787,201
SHP0005,35.931546836354,139.719770550728,202
SHP0005,35.9314751635843,139.719842970371,203
SHP0005,35.9314230379336,139.719915390015,204
SHP0005,35.931333989947,139.720076322556,205
SHP0005,35.93124936065,139.720247344927,206
SHP0005,35.9312145353308,139.720317721367,207
SHP0005,35.9310147203365,139.720746874809,208
SHP0005,35.9309886575111,139.720795154572,209
SHP0005,35.9308040458316,139.72104460001,210
SHP0005,35.9306368093689,139.721221625805,211
SHP0005,35.9302871331288,139.721503257751,212
SHP0005,35.930271929814,139.72153544426,213
SHP0005,35.9302654141077,139.721602499485,214
SHP0005,35.9302827893246,139.721758067608,215
SHP0005,35.9302936488352,139.72185999155,216
SHP0005,35.9303740092133,139.722871184349,217
SHP0005,35.9303740092133,139.723018705845,218
SHP0005,35.9303110240521,139.723681211472,219
SHP0005,35.9302914769331,139.723911881447,220
SHP0005,35.9302632422056,139.72412109375,221
SHP0005,35.9302176322612,139.724282026291,222
SHP0005,35.9301828818274,139.724370539188,223
SHP0005,35.9300916619387,139.724544882774,224
SHP0005,35.9299678635183,139.724791646004,225
SHP0005,35.9299483163993,139.724872112274,226
SHP0005,35.9299352849866,139.724998176098,227
SHP0005,35.9299439725951,139.725049138069,228
SHP0005,35.9301046933514,139.725853800774,229
SHP0005,35.9301177247641,139.725947678089,230
SHP0005,35.9301090371556,139.726119339466,231
SHP0005,35.9298460437189,139.726103100167,232
SHP0005,35.9298049708599,139.726100564003,233
SHP0005,35.9297957028326,139.726100675126,234
SHP0005,35.9295812649423,139.726103246212,235
SHP0005,35.9294466070114,139.726113975048,236
SHP0005,35.9293076052762,139.726122021675,237
SHP0005,35.9291816349537,139.726140797138,238
SHP0005,35.92806744917,139.726476073265,239
SHP0005,35.927933564354,139.72651473537,240
SHP0005,35.9276308968455,139.726602137089,241
SHP0005,35.9275375050546,139.726615548134,242
SHP0005,35.9273985033194,139.726618230343,243
SHP0005,35.9272616734864,139.726596772671,244
SHP0005,35.9269684667012,139.726476073265,245
SHP0005,35.9271357031638,139.726113975048,246
SHP0005,35.9273029396265,139.725733101368,247
SHP0005,35.9274614884807,139.725344181061,248
SHP0005,35.9275896307053,139.725059866905,249
SHP0005,35.9276156935307,139.724998176098,250
SHP0005,35.9277329762447,139.724729955196,251
SHP0005,35.9278871812947,139.72436517477,252
SHP0005,35.9280022921067,139.72412109375,253
SHP0005,35.9281304343313,139.723834097385,254
SHP0005,35.9281587886602,139.723622202873,255
SHP0005,35.928076255362,139.723595380783,256
SHP0005,35.9279850342479,139.723504185677,257
SHP0005,35.9280892869411,139.723268151283,258
SHP0005,35.9282020662374,139.7233095577,259
SHP0005,35.9282500095738,139.723327159882,260
SHP0005,35.9281587886602,139.723622202873,261
SHP0005,35.9281304343313,139.723834097385,262
SHP0005,35.9278654622736,139.723627567291,263
SHP0005,35.9276070059222,139.72338616848,264
SHP0005,35.9275353331525,139.723321795464,265
SHP0005,35.9274267380469,139.723270833492,266
SHP0005,35.9273376900603,139.723225235939,267
SHP0005,35.9272703610948,139.723509550095,268
SHP0005,35.9272247511504,139.723555147648,269
SHP0005,35.9271682816955,139.723627567291,270
SHP0005,35.9270879213174,139.723831415176,271
SHP0005,35.9269576071906,139.72412109375,272
SHP0005,35.9268902782251,139.724265933037,273
SHP0005,35.9266535408949,139.724810421467,274
SHP0005,35.9265796962231,139.724949896336,275
SHP0005,35.9264971639428,139.724998176098,276
SHP0005,35.9262843175358,139.725153744221,277
SHP0005,35.9261757224302,139.725199341774,278
SHP0005,35.9259759074359,139.725231528282,279
SHP0005,35.9258803437429,139.72526371479,280
SHP0005,35.9257869519521,139.725269079208,281
SHP0005,35.9255089484817,139.725387096405,282
SHP0005,35.9254937451669,139.725499749184,283
SHP0005,35.9253656029423,139.725362956524,284
SHP0005,35.9253108496226,139.725290035067,285
SHP0005,35.9252548359346,139.725215435028,286
SHP0005,35.9252164520629,139.725140148722,287
SHP0005,35.9251440689268,139.724998176098,288
SHP0005,35.9250875994719,139.724869430065,289
SHP0005,35.9250463333318,139.72474604845,290
SHP0005,35.9250224424085,139.724654853344,291
SHP0005,35.9250072390938,139.724526107311,292
SHP0005,35.9250028952895,139.724375903606,293
SHP0005,35.9250267862128,139.72412109375,294
SHP0005,35.9250463333318,139.723954796791,295
SHP0005,35.9250723961571,139.723753631115,296
SHP0005,35.9251028027867,139.723480045795,297
SHP0005,35.9251245218078,139.7233325243,298
SHP0005,35.9250007233874,139.723292291164,299
SHP0005,35.924644531441,139.723174273968,300
SHP0005,35.9244186282081,139.723101854324,301
SHP0005,35.9239494445706,139.722887277603,302
SHP0005,35.9241340770205,139.722299873829,303
SHP0005,35.9242209628793,139.722055792809,304
SHP0005,35.924279610834,139.721919000149,305
SHP0005,35.9243195591321,139.72184289264,306
SHP0005,35.9243556359605,139.721774160862,307
SHP0005,35.9243968110392,139.721707261133,308
SHP0005,35.9244381775263,139.721640050411,309
SHP0005,35.924644531441,139.72137182951,310
SHP0005,35.9247748455677,139.721202850342,311
SHP0005,35.9248095960015,139.721157252789,312
SHP0005,35.9248617216522,139.721058011055,313
SHP0005,35.9249029877924,139.720948040485,314
SHP0005,35.9249659729536,139.7207441926,315
SHP0005,35.9250007233874,139.720572531223,316
SHP0005,35.9250137548001,139.720505475998,317
SHP0005,35.9252548359346,139.719454050064,318
SHP0005,35.9252895863684,139.71930116415,319
SHP0005,35.9253503996275,139.71894711256,320
SHP0005,35.925356579553,139.718866977068,321
SHP0005,35.9253746184794,139.718633065147,322
SHP0005,35.9253764624529,139.718609154224,323
SHP0005,35.9253699467465,139.718332886696,324
SHP0005,35.9253808062571,139.718233644962,325
SHP0005,35.9254025252782,139.718139767647,326
SHP0005,35.9254329319078,139.718056619167,327
SHP0005,35.9255176360902,139.717893004417,328
SHP0005,35.925611027881,139.717702567577,329
SHP0005,35.9257435139098,139.717383384705,330
SHP0005,35.9257891238542,139.717235863209,331
SHP0005,35.9258260461901,139.717080295086,332
SHP0005,35.9258803437429,139.716664552689,333
SHP0005,35.9259237817852,139.716270267963,334
SHP0005,35.925958532219,139.715964496136,335
SHP0005,35.9259932826528,139.715631902218,336
SHP0005,35.9257239667908,139.715795516968,337
SHP0005,35.9252591797388,139.71608787775,338
SHP0005,35.9251798807258,139.716133962923,339
SHP0005,35.9250352507911,139.716218015614,340
SHP0005,35.9250007233874,139.716238081455,341
SHP0005,35.924644531441,139.716452658176,342
SHP0005,35.9243838738646,139.716592133045,343
SHP0005,35.9242578893693,139.716643095016,344
SHP0005,35.9241796920964,139.716664552689,345
SHP0005,35.9239646495959,139.716720879078,346
SHP0005,35.9237170248983,139.716739654541,347
SHP0005,35.9235736632313,139.716734290123,348
SHP0005,35.9230393151996,139.716664552689,349
SHP0005,35.9226830831785,139.716613590717,350
SHP0005,35.9225853365874,139.716608226299,351
SHP0005,35.9224115648698,139.716640412807,352
SHP0005,35.9223311954504,139.716664552689,353
SHP0005,35.9221856616369,139.716728925705,354
SHP0005,35.9220032013334,139.716844260693,355
SHP0005,35.9219206597676,139.716927409172,356
SHP0005,35.9218294296158,139.717040061951,357
SHP0005,35.9217836054924,139.71710607723,358
SHP0005,35.9217121337064,139.717209041119,359
SHP0005,35.9216665186306,139.717273414135,360
SHP0005,35.9213015980236,139.717809855938,361
SHP0005,35.9211234820131,139.718011021614,362
SHP0005,35.9210431125937,139.718080759048,363
SHP0005,35.9209214723913,139.718166589737,364
SHP0005,35.9208085207749,139.718233644962,365
SHP0005,35.9207042577443,139.718284606934,366
SHP0005,35.920586961835,139.718324840069,367
SHP0005,35.9203241321121,139.717965424061,368
SHP0005,35.9201916311774,139.717799127102,369
SHP0005,35.9199461786263,139.717541635036,370
SHP0005,35.9198267105704,139.717434346676,371
SHP0005,35.9193227725894,139.717013239861,372
SHP0005,35.9190729757453,139.716806709766,373
SHP0005,35.9188926875883,139.716664552689,374
SHP0005,35.9187210880172,139.71655189991,375
SHP0005,35.9185951035219,139.716487526894,376
SHP0005,35.9185147341025,139.716444611549,377
SHP0005,35.918299691602,139.716369509697,378
SHP0005,35.9181954285714,139.716348052025,379
SHP0005,35.9180564111974,139.716342687607,380
SHP0005,35.9175611618022,139.716401696205,381
SHP0005,35.9172744384681,139.716436564922,382
SHP0005,35.9170854617253,139.716449975967,383
SHP0005,35.9168356648812,139.716439247131,384
SHP0005,35.9167770169265,139.716431200504,385
SHP0005,35.916668409603,139.716401696205,386
SHP0005,35.916520703643,139.71636146307,387
SHP0005,35.916340415486,139.716294407845,388
SHP0005,35.9160297985408,139.716138839722,389
SHP0005,35.9157474194997,139.715964496136,390
SHP0005,35.9156931097296,139.715932309628,391
SHP0005,35.9157474194997,139.71584379673,392
SHP0005,35.9159304753569,139.71555317264,393
SHP0005,35.9159998842032,139.715442977408,394
SHP0005,35.9162643903596,139.715023040771,395
SHP0005,35.916668409603,139.714355170727,396
SHP0005,35.9167096803859,139.714282751083,397
SHP0005,35.9169247228865,139.713939428329,398
SHP0005,35.9174351773069,139.713134765625,399
SHP0005,35.9177740321563,139.712598323822,400
SHP0005,35.9178109586462,139.712541997433,401
SHP0005,35.9178370244039,139.712520539761,402
SHP0005,35.9178609180151,139.712512493134,403
SHP0005,35.9183800610214,139.712520539761,404
SHP0005,35.9184267686315,139.712498356886,405
SHP0006,35.9500930123388,139.693425593887,1
SHP0006,35.9501116986489,139.693450033665,2
SHP0006,35.9501268985421,139.693487584591,3
SHP0006,35.9501268985421,139.693538546562,4
SHP0006,35.9501182128888,139.693586826324,5
SHP0006,35.9500074708094,139.693720936775,6
SHP0006,35.9500009565694,139.693720936775,7
SHP0006,35.9499618711296,139.693723618984,8
SHP0006,35.9499206142765,139.693712890148,9
SHP0006,35.9497469012107,139.6934902668,10
SHP0006,35.949681758811,139.693466126919,11
SHP0006,35.9496296448913,139.693460762501,12
SHP0006,35.9495319312918,139.693492949009,13
SHP0006,35.9491475911337,139.694193005562,14
SHP0006,35.9487198227092,139.694957435131,15
SHP0006,35.9483419967911,139.695638716221,16
SHP0006,35.9477600580207,139.695137143135,17
SHP0006,35.9473974319959,139.694836735725,18
SHP0006,35.9469436066115,139.694455862045,19
SHP0006,35.9468285217054,139.694359302521,20
SHP0006,35.9466982369061,139.694249331951,21
SHP0006,35.9461901261887,139.693825542927,22
SHP0006,35.9461271552023,139.693771898746,23
SHP0006,35.9456472728581,139.693358838558,24
SHP0006,35.9454127602193,139.693165719509,25
SHP0006,35.9452195044336,139.693002104759,26
SHP0006,35.9444985952105,139.694040119648,27
SHP0006,35.9449849917948,139.694437086582,28
SHP0006,35.9454540170724,139.694812595844,29
SHP0006,35.9456494442714,139.694968163967,30
SHP0006,35.9457291418136,139.695031891851,31
SHP0006,35.9460989268291,139.695327579975,32
SHP0006,35.9461944690153,139.695402681828,33
SHP0006,35.9462748113082,139.695464372635,34
SHP0006,35.9464810955739,139.695630669594,35
SHP0006,35.9466591514663,139.695772826672,36
SHP0006,35.9467872648523,139.695877432823,37
SHP0006,35.9470847484775,139.696124196053,38
SHP0006,35.9472801756765,139.696290493011,39
SHP0006,35.9474365174357,139.696421921253,40
SHP0006,35.9477296582342,139.69664722681,41
SHP0006,35.9475559451684,139.696942269802,42
SHP0006,35.946974006398,139.697921276093,43
SHP0006,35.9466070375466,139.698530137539,44
SHP0006,35.946522352427,139.698688387871,45
SHP0006,35.9464528672007,139.698801040649,46
SHP0006,35.9460160872226,139.699514875812,47
SHP0006,35.9458882997369,139.699723720551,48
SHP0006,35.945860636994,139.69976960602,49
SHP0006,35.9458123002706,139.699849784374,50
SHP0006,35.945721100911,139.699999988079,51
SHP0006,35.9456798440579,139.700064361095,52
SHP0006,35.9454431600058,139.700455963612,53
SHP0006,35.9453476178196,139.700616896152,54
SHP0006,35.9447700218758,139.701582491398,55
SHP0006,35.9446272208518,139.701825031826,56
SHP0006,35.9445026362805,139.702036632516,57
SHP0006,35.9444573383574,139.702113568783,58
SHP0006,35.9444377956375,139.7021484375,59
SHP0006,35.9440273985196,139.702832400799,60
SHP0006,35.94395574188,139.702979922295,61
SHP0006,35.9437863716408,139.703406393528,62
SHP0006,35.9437255720678,139.703612923622,63
SHP0006,35.9436756295614,139.703838229179,64
SHP0006,35.9435952872684,139.704291522503,65
SHP0006,35.9433738031096,139.705573618412,66
SHP0006,35.9432804323367,139.706083238125,67
SHP0006,35.9431805473239,139.705790877342,68
SHP0006,35.9431306048175,139.705611169338,69
SHP0006,35.9430285483913,139.70511496067,70
SHP0006,35.9429829487115,139.704811871052,71
SHP0006,35.9429460346851,139.70449000597,72
SHP0006,35.9429351776184,139.704398810863,73
SHP0006,35.9424357525543,139.704479277134,74
SHP0006,35.9421577803649,139.704530239105,75
SHP0006,35.941899353095,139.704575836658,76
SHP0006,35.9416887022953,139.704602658749,77
SHP0006,35.941666985718,139.704608023167,78
SHP0006,35.9413282071121,139.704661667347,79
SHP0006,35.9411783627288,139.704691171646,80
SHP0006,35.9411305862587,139.704712629318,81
SHP0006,35.940935137063,139.704868197441,82
SHP0006,35.9408222108611,139.704964756966,83
SHP0006,35.940646306585,139.705160558224,84
SHP0006,35.9405137969392,139.705312933498,85
SHP0006,35.9403943942883,139.705450236797,86
SHP0006,35.94026843814,139.705699682236,87
SHP0006,35.9401294520453,139.705908894539,88
SHP0006,35.9400295557897,139.706021547318,89
SHP0006,35.9399361745073,139.706083238125,90
SHP0006,35.9398883980373,139.706107378006,91
SHP0006,35.939810218359,139.706120789051,92
SHP0006,35.9397407253116,139.706120789051,93
SHP0006,35.9392977071348,139.706072509289,94
SHP0006,35.9392825055307,139.70606982708,95
SHP0006,35.9387786809373,139.705994725227,96
SHP0006,35.9387461060714,139.706297814846,97
SHP0006,35.938733076125,139.706563353539,98
SHP0006,35.9387265611518,139.706729650497,99
SHP0006,35.93870918789,139.70691204071,100
SHP0006,35.9387178745209,139.707005918026,101
SHP0006,35.9387374194405,139.707099795341,102
SHP0006,35.9387352477827,139.707148075104,103
SHP0006,35.9387135312055,139.707303643227,104
SHP0006,35.9386744413663,139.707475304604,105
SHP0006,35.9386679263931,139.707531630993,106
SHP0006,35.9386559621412,139.70793615185,107
SHP0006,35.9386505531313,139.708119034767,108
SHP0006,35.9386375231849,139.708207547665,109
SHP0006,35.9385897467149,139.708330929279,110
SHP0006,35.9385050215762,139.708560255068,111
SHP0006,35.9384876788016,139.708607196808,112
SHP0006,35.9384594472511,139.708741307259,113
SHP0006,35.9384529322779,139.708896875381,114
SHP0006,35.9384594472511,139.709098041058,115
SHP0006,35.9385028804057,139.71007168293,116
SHP0006,35.9385984333458,139.710058271885,117
SHP0006,35.9387178745209,139.710042178631,118
SHP0006,35.9387808525951,139.710704684258,119
SHP0006,35.9389154953743,139.711938500404,120
SHP0006,35.9389806451062,139.712555408478,121
SHP0006,35.9390436231804,139.713134765625,122
SHP0006,35.9390457948381,139.713169634342,123
SHP0006,35.9391044295968,139.713628292084,124
SHP0006,35.9394540664913,139.713574647903,125
SHP0006,35.9395170445655,139.713590741158,126
SHP0006,35.9396364857406,139.71363902092,127
SHP0006,35.9397211803921,139.713684618473,128
SHP0006,35.9398384499095,139.713743627071,129
SHP0006,35.9399796076619,139.71363902092,130
SHP0006,35.9402467215627,139.713346660137,131
SHP0006,35.9403140429523,139.713295698166,132
SHP0006,35.9402467215627,139.713606834412,133
SHP0006,35.9401511686226,139.713934063911,134
SHP0006,35.9400903622061,139.714175462723,135
SHP0006,35.9400317274474,139.7143471241,136
SHP0006,35.9399730926887,139.714524149895,137
SHP0006,35.9399296595341,139.714695811272,138
SHP0006,35.9399122862723,139.714757502079,139
SHP0006,35.9397689568621,139.715216159821,140
SHP0006,35.939947032796,139.715221524239,141
SHP0006,35.940196393759,139.71528540263,142
SHP0006,35.9408265541765,139.715446829796,143
SHP0006,35.9410111450836,139.715484380722,144
SHP0006,35.9411979076483,139.715497791767,145
SHP0006,35.9410936680773,139.71570700407,146
SHP0006,35.9408526140693,139.716232717037,147
SHP0006,35.9407223146055,139.716565310955,148
SHP0006,35.9409113199094,139.716723561287,149
SHP0006,35.9410633301825,139.716755747795,150
SHP0006,35.9412283695765,139.716820120811,151
SHP0006,35.9417625736728,139.716889858246,152
SHP0006,35.9419145823085,139.71687912941,153
SHP0006,35.9421447662575,139.716954231262,154
SHP0006,35.9426485627497,139.717066884041,155
SHP0006,35.9427918835788,139.717270731926,156
SHP0006,35.9431371190574,139.717372655869,157
SHP0006,35.9432425317021,139.717345243332,158
SHP0006,35.943178414216,139.716745018959,159
SHP0006,35.9432062484239,139.716646789745,160
SHP0006,35.9432088154218,139.716637730598,161
SHP0006,35.9433000189693,139.716728925705,162
SHP0006,35.943343449193,139.716728925705,163
SHP0006,35.9433987669878,139.717393241833,164
SHP0006,35.9432608896168,139.71734046936,165
SHP0006,35.9432425317021,139.717345243332,166
SHP0006,35.9431371190574,139.717372655869,167
SHP0006,35.9427918835788,139.717270731926,168
SHP0006,35.9426485627497,139.717066884041,169
SHP0006,35.9421447662575,139.716954231262,170
SHP0006,35.9419145823085,139.71687912941,171
SHP0006,35.9417625736728,139.716889858246,172
SHP0006,35.9412283695765,139.716820120811,173
SHP0006,35.9410633301825,139.716755747795,174
SHP0006,35.9409113199094,139.716723561287,175
SHP0006,35.9407223146055,139.716565310955,176
SHP0006,35.9406832247664,139.716664552689,177
SHP0006,35.94067019482,139.716702103615,178
SHP0006,35.9406224183499,139.71682280302,179
SHP0006,35.9402814680864,139.717807173729,180
SHP0006,35.9400773322598,139.718389213085,181
SHP0006,35.9397407253116,139.718343615532,182
SHP0006,35.9396560306602,139.718327522278,183
SHP0006,35.9395192162232,139.718271195889,184
SHP0006,35.9392998787925,139.718169271946,185
SHP0006,35.9391999825369,139.718134403229,186
SHP0006,35.9390501381536,139.718078076839,187
SHP0006,35.9388546889579,139.717992246151,188
SHP0006,35.9387005012591,139.717922508717,189
SHP0006,35.9385463135603,139.717860817909,190
SHP0006,35.9383226328141,139.717780351639,191
SHP0006,35.9379317344227,139.717589914799,192
SHP0006,35.9378057782744,139.717890322208,193
SHP0006,35.9376754788106,139.718174636364,194
SHP0006,35.9373171552852,139.718850553036,195
SHP0006,35.9371455943245,139.719223380089,196
SHP0006,35.9371108478009,139.719333350658,197
SHP0006,35.9369979215989,139.719751775265,198
SHP0006,35.936932771867,139.719910025597,199
SHP0006,35.9368763087661,139.719985127449,200
SHP0006,35.9367394943291,139.7201192379,201
SHP0006,35.936596938104,139.720215600993,202
SHP0006,35.9364180889851,139.72033649683,203
SHP0006,35.9356884119879,139.719440639019,204
SHP0006,35.9356362922023,139.719376266003,205
SHP0006,35.9353561483552,139.719059765339,206
SHP0006,35.9350760045081,139.71875667572,207
SHP0006,35.9349543916752,139.718617200851,208
SHP0006,35.9347719724259,139.71832215786,209
SHP0006,35.9347654574527,139.718228280544,210
SHP0006,35.9347393975599,139.718107581139,211
SHP0006,35.9346872777744,139.717981517315,212
SHP0006,35.9345743515725,139.717761576176,213
SHP0006,35.9344766269746,139.71750408411,214
SHP0006,35.9344266788469,139.717249274254,215
SHP0006,35.9340357804555,139.7175604105,216
SHP0006,35.9339054809917,139.717670381069,217
SHP0006,35.9337469499774,139.717809855938,218
SHP0006,35.9336665986414,139.717879593372,219
SHP0006,35.9335406424931,139.717715978622,220
SHP0006,35.9333343117924,139.71745043993,221
SHP0006,35.9331192934833,139.717171490192,222
SHP0006,35.9330020107692,139.717037379742,223
SHP0006,35.9327174915925,139.716694056988,224
SHP0006,35.9326936006693,139.716664552689,225
SHP0006,35.932630615508,139.716597497463,226
SHP0006,35.9324829261644,139.71647143364,227
SHP0006,35.9323678153524,139.716294407845,228
SHP0006,35.9322722516595,139.71614420414,229
SHP0006,35.9320941556863,139.715859889984,230
SHP0006,35.932650162627,139.715358316898,231
SHP0006,35.9328630090341,139.71513569355,232
SHP0006,35.9330259016925,139.714982807636,233
SHP0006,35.9333343117924,139.714695811272,234
SHP0006,35.9335406424931,139.714508056641,235
SHP0006,35.9338663911526,139.714272022247,236
SHP0006,35.9341219922528,139.714104154131,237
SHP0006,35.9339706537488,139.713703393936,238
SHP0006,35.9341219922528,139.714104154131,239
SHP0006,35.9338663911526,139.714272022247,240
SHP0006,35.9335406424931,139.714508056641,241
SHP0006,35.9333343117924,139.714695811272,242
SHP0006,35.9330259016925,139.714982807636,243
SHP0006,35.9328630090341,139.71513569355,244
SHP0006,35.932650162627,139.715358316898,245
SHP0006,35.9320941556863,139.715859889984,246
SHP0006,35.9322722516595,139.71614420414,247
SHP0006,35.9323678153524,139.716294407845,248
SHP0006,35.9324829261644,139.71647143364,249
SHP0006,35.932630615508,139.716597497463,250
SHP0006,35.9326936006693,139.716664552689,251
SHP0006,35.9327174915925,139.716694056988,252
SHP0006,35.9330020107692,139.717037379742,253
SHP0006,35.9331192934833,139.717171490192,254
SHP0006,35.9333343117924,139.71745043993,255
SHP0006,35.9335406424931,139.717715978622,256
SHP0006,35.9336665986414,139.717879593372,257
SHP0006,35.9335406424931,139.718000292778,258
SHP0006,35.9334928606466,139.71804857254,259
SHP0006,35.9333343117924,139.718236327171,260
SHP0006,35.9332213728826,139.718346297741,261
SHP0006,35.9330193859861,139.718552827835,262
SHP0006,35.9326892568651,139.718831777573,263
SHP0006,35.9322483607363,139.719199240208,264
SHP0006,35.9321289061201,139.719298481941,265
SHP0006,35.9320289986229,139.719376266003,266
SHP0006,35.931586241092,139.719738327787,267
SHP0006,35.931546836354,139.719770550728,268
SHP0006,35.9314751635843,139.719842970371,269
SHP0006,35.9314230379336,139.719915390015,270
SHP0006,35.931333989947,139.720076322556,271
SHP0006,35.93124936065,139.720247344927,272
SHP0006,35.9312145353308,139.720317721367,273
SHP0006,35.9310147203365,139.720746874809,274
SHP0006,35.9309886575111,139.720795154572,275
SHP0006,35.9308040458316,139.72104460001,276
SHP0006,35.9306368093689,139.721221625805,277
SHP0006,35.9302871331288,139.721503257751,278
SHP0006,35.930271929814,139.72153544426,279
SHP0006,35.9302654141077,139.721602499485,280
SHP0006,35.9302827893246,139.721758067608,281
SHP0006,35.9302936488352,139.72185999155,282
SHP0006,35.9303740092133,139.722871184349,283
SHP0006,35.9303740092133,139.723018705845,284
SHP0006,35.9303110240521,139.723681211472,285
SHP0006,35.9302914769331,139.723911881447,286
SHP0006,35.9302632422056,139.72412109375,287
SHP0006,35.9302176322612,139.724282026291,288
SHP0006,35.9301828818274,139.724370539188,289
SHP0006,35.9300916619387,139.724544882774,290
SHP0006,35.9299678635183,139.724791646004,291
SHP0006,35.9299483163993,139.724872112274,292
SHP0006,35.9299352849866,139.724998176098,293
SHP0006,35.9299439725951,139.725049138069,294
SHP0006,35.9301046933514,139.725853800774,295
SHP0006,35.9301177247641,139.725947678089,296
SHP0006,35.9301090371556,139.726119339466,297
SHP0006,35.9298460437189,139.726103100167,298
SHP0006,35.9298049708599,139.726100564003,299
SHP0006,35.9297957028326,139.726100675126,300
SHP0006,35.9295812649423,139.726103246212,301
SHP0006,35.9294466070114,139.726113975048,302
SHP0006,35.9293076052762,139.726122021675,303
SHP0006,35.9291816349537,139.726140797138,304
SHP0006,35.92806744917,139.726476073265,305
SHP0006,35.927933564354,139.72651473537,306
SHP0006,35.9276308968455,139.726602137089,307
SHP0006,35.9275375050546,139.726615548134,308
SHP0006,35.9273985033194,139.726618230343,309
SHP0006,35.9272616734864,139.726596772671,310
SHP0006,35.9269684667012,139.726476073265,311
SHP0006,35.9271357031638,139.726113975048,312
SHP0006,35.9273029396265,139.725733101368,313
SHP0006,35.9274614884807,139.725344181061,314
SHP0006,35.9275896307053,139.725059866905,315
SHP0006,35.9276156935307,139.724998176098,316
SHP0006,35.9277329762447,139.724729955196,317
SHP0006,35.9278871812947,139.72436517477,318
SHP0006,35.9280022921067,139.72412109375,319
SHP0006,35.9281304343313,139.723834097385,320
SHP0006,35.9281587886602,139.723622202873,321
SHP0006,35.928076255362,139.723595380783,322
SHP0006,35.9279850342479,139.723504185677,323
SHP0006,35.9280892869411,139.723268151283,324
SHP0006,35.9282020662374,139.7233095577,325
SHP0006,35.9282500095738,139.723327159882,326
SHP0006,35.9281587886602,139.723622202873,327
SHP0006,35.9281304343313,139.723834097385,328
SHP0006,35.9278654622736,139.723627567291,329
SHP0006,35.9276070059222,139.72338616848,330
SHP0006,35.9275353331525,139.723321795464,331
SHP0006,35.9274267380469,139.723270833492,332
SHP0006,35.9273376900603,139.723225235939,333
SHP0006,35.9272703610948,139.723509550095,334
SHP0006,35.9272247511504,139.723555147648,335
SHP0006,35.9271682816955,139.723627567291,336
SHP0006,35.9270879213174,139.723831415176,337
SHP0006,35.9269576071906,139.72412109375,338
SHP0006,35.9268902782251,139.724265933037,339
SHP0006,35.9266535408949,139.724810421467,340
SHP0006,35.9265796962231,139.724949896336,341
SHP0006,35.9264971639428,139.724998176098,342
SHP0006,35.9262843175358,139.725153744221,343
SHP0006,35.9261757224302,139.725199341774,344
SHP0006,35.9259759074359,139.725231528282,345
SHP0006,35.9258803437429,139.72526371479,346
SHP0006,35.9257869519521,139.725269079208,347
SHP0006,35.9255089484817,139.725387096405,348
SHP0006,35.9254937451669,139.725499749184,349
SHP0006,35.9253656029423,139.725362956524,350
SHP0006,35.9253108496226,139.725290035067,351
SHP0006,35.9252548359346,139.725215435028,352
SHP0006,35.9252164520629,139.725140148722,353
SHP0006,35.9251440689268,139.724998176098,354
SHP0006,35.9250875994719,139.724869430065,355
SHP0006,35.9250463333318,139.72474604845,356
SHP0006,35.9250224424085,139.724654853344,357
SHP0006,35.9250072390938,139.724526107311,358
SHP0006,35.9250028952895,139.724375903606,359
SHP0006,35.9250267862128,139.72412109375,360
SHP0006,35.9250463333318,139.723954796791,361
SHP0006,35.9250723961571,139.723753631115,362
SHP0006,35.9251028027867,139.723480045795,363
SHP0006,35.9251245218078,139.7233325243,364
SHP0006,35.9250007233874,139.723292291164,365
SHP0006,35.924644531441,139.723174273968,366
SHP0006,35.9244186282081,139.723101854324,367
SHP0006,35.9239494445706,139.722887277603,368
SHP0006,35.9241340770205,139.722299873829,369
SHP0006,35.9242209628793,139.722055792809,370
SHP0006,35.924279610834,139.721919000149,371
SHP0006,35.9243195591321,139.72184289264,372
SHP0006,35.9243556359605,139.721774160862,373
SHP0006,35.9243968110392,139.721707261133,374
SHP0006,35.9244381775263,139.721640050411,375
SHP0006,35.924644531441,139.72137182951,376
SHP0006,35.9247748455677,139.721202850342,377
SHP0006,35.9248095960015,139.721157252789,378
SHP0006,35.9248617216522,139.721058011055,379
SHP0006,35.9249029877924,139.720948040485,380
SHP0006,35.9249659729536,139.7207441926,381
SHP0006,35.9250007233874,139.720572531223,382
SHP0006,35.9250137548001,139.720505475998,383
SHP0006,35.9252548359346,139.719454050064,384
SHP0006,35.9252895863684,139.71930116415,385
SHP0006,35.9253503996275,139.71894711256,386
SHP0006,35.925356579553,139.718866977068,387
SHP0006,35.9253746184794,139.718633065147,388
SHP0006,35.9253764624529,139.718609154224,389
SHP0006,35.9253699467465,139.718332886696,390
SHP0006,35.9253808062571,139.718233644962,391
SHP0006,35.9254025252782,139.718139767647,392
SHP0006,35.9254329319078,139.718056619167,393
SHP0006,35.9255176360902,139.717893004417,394
SHP0006,35.925611027881,139.717702567577,395
SHP0006,35.9257435139098,139.717383384705,396
SHP0006,35.9257891238542,139.717235863209,397
SHP0006,35.9258260461901,139.717080295086,398
SHP0006,35.9258803437429,139.716664552689,399
SHP0006,35.9259237817852,139.716270267963,400
SHP0006,35.925958532219,139.715964496136,401
SHP0006,35.9259932826528,139.715631902218,402
SHP0006,35.9257239667908,139.715795516968,403
SHP0006,35.9252591797388,139.71608787775,404
SHP0006,35.9251798807258,139.716133962923,405
SHP0006,35.9250352507911,139.716218015614,406
SHP0006,35.9250007233874,139.716238081455,407
SHP0006,35.924644531441,139.716452658176,408
SHP0006,35.9243838738646,139.716592133045,409
SHP0006,35.9242578893693,139.716643095016,410
SHP0006,35.9241796920964,139.716664552689,411
SHP0006,35.9239646495959,139.716720879078,412
SHP0006,35.9237170248983,139.716739654541,413
SHP0006,35.9235736632313,139.716734290123,414
SHP0006,35.9230393151996,139.716664552689,415
SHP0006,35.9226830831785,139.716613590717,416
SHP0006,35.9225853365874,139.716608226299,417
SHP0006,35.9224115648698,139.716640412807,418
SHP0006,35.9223311954504,139.716664552689,419
SHP0006,35.9221856616369,139.716728925705,420
SHP0006,35.9220032013334,139.716844260693,421
SHP0006,35.9219206597676,139.716927409172,422
SHP0006,35.9218294296158,139.717040061951,423
SHP0006,35.9217836054924,139.71710607723,424
SHP0006,35.9217121337064,139.717209041119,425
SHP0006,35.9216665186306,139.717273414135,426
SHP0006,35.9213015980236,139.717809855938,427
SHP0006,35.9211234820131,139.718011021614,428
SHP0006,35.9210431125937,139.718080759048,429
SHP0006,35.9209214723913,139.718166589737,430
SHP0006,35.9208085207749,139.718233644962,431
SHP0006,35.9207042577443,139.718284606934,432
SHP0006,35.920586961835,139.718324840069,433
SHP0006,35.9203241321121,139.717965424061,434
SHP0006,35.9201916311774,139.717799127102,435
SHP0006,35.9199461786263,139.717541635036,436
SHP0006,35.9198267105704,139.717434346676,437
SHP0006,35.9193227725894,139.717013239861,438
SHP0006,35.9190729757453,139.716806709766,439
SHP0006,35.9188926875883,139.716664552689,440
SHP0006,35.9187210880172,139.71655189991,441
SHP0006,35.9185951035219,139.716487526894,442
SHP0006,35.9185147341025,139.716444611549,443
SHP0006,35.918299691602,139.716369509697,444
SHP0006,35.9181954285714,139.716348052025,445
SHP0006,35.9180564111974,139.716342687607,446
SHP0006,35.9175611618022,139.716401696205,447
SHP0006,35.9172744384681,139.716436564922,448
SHP0006,35.9170854617253,139.716449975967,449
SHP0006,35.9168356648812,139.716439247131,450
SHP0006,35.9167770169265,139.716431200504,451
SHP0006,35.916668409603,139.716401696205,452
SHP0006,35.916520703643,139.71636146307,453
SHP0006,35.916340415486,139.716294407845,454
SHP0006,35.9160297985408,139.716138839722,455
SHP0006,35.9157474194997,139.715964496136,456
SHP0006,35.9156931097296,139.715932309628,457
SHP0006,35.9157474194997,139.71584379673,458
SHP0006,35.9159304753569,139.71555317264,459
SHP0006,35.9159998842032,139.715442977408,460
SHP0006,35.9162643903596,139.715023040771,461
SHP0006,35.916668409603,139.714355170727,462
SHP0006,35.9167096803859,139.714282751083,463
SHP0006,35.9169247228865,139.713939428329,464
SHP0006,35.9174351773069,139.713134765625,465
SHP0006,35.9177740321563,139.712598323822,466
SHP0006,35.9178109586462,139.712541997433,467
SHP0006,35.9178370244039,139.712520539761,468
SHP0006,35.9178609180151,139.712512493134,469
SHP0006,35.9183800610214,139.712520539761,470
SHP0006,35.9184267686315,139.712498356886,471
SHP0007,35.9500930123388,139.693425593887,1
SHP0007,35.9501116986489,139.693450033665,2
SHP0007,35.9501268985421,139.693487584591,3
SHP0007,35.9501268985421,139.693538546562,4
SHP0007,35.9501182128888,139.693586826324,5
SHP0007,35.9500074708094,139.693720936775,6
SHP0007,35.9500009565694,139.693720936775,7
SHP0007,35.9499618711296,139.693723618984,8
SHP0007,35.9499206142765,139.693712890148,9
SHP0007,35.9497469012107,139.6934902668,10
SHP0007,35.949681758811,139.693466126919,11
SHP0007,35.9496296448913,139.693460762501,12
SHP0007,35.9495319312918,139.693492949009,13
SHP0007,35.9491475911337,139.694193005562,14
SHP0007,35.9487198227092,139.694957435131,15
SHP0007,35.9483419967911,139.695638716221,16
SHP0007,35.9477296582342,139.69664722681,17
SHP0007,35.9475559451684,139.696942269802,18
SHP0007,35.946974006398,139.697921276093,19
SHP0007,35.9466070375466,139.698530137539,20
SHP0007,35.946522352427,139.698688387871,21
SHP0007,35.9464528672007,139.698801040649,22
SHP0007,35.9460160872226,139.699514875812,23
SHP0007,35.9458882997369,139.699723720551,24
SHP0007,35.945860636994,139.69976960602,25
SHP0007,35.9458123002706,139.699849784374,26
SHP0007,35.945721100911,139.699999988079,27
SHP0007,35.9456798440579,139.700064361095,28
SHP0007,35.9454431600058,139.700455963612,29
SHP0007,35.9453476178196,139.700616896152,30
SHP0007,35.9447700218758,139.701582491398,31
SHP0007,35.9446272208518,139.701825031826,32
SHP0007,35.9445026362805,139.702036632516,33
SHP0007,35.9444573383574,139.702113568783,34
SHP0007,35.9444377956375,139.7021484375,35
SHP0007,35.9440273985196,139.702832400799,36
SHP0007,35.94395574188,139.702979922295,37
SHP0007,35.9437863716408,139.703406393528,38
SHP0007,35.9437255720678,139.703612923622,39
SHP0007,35.9436756295614,139.703838229179,40
SHP0007,35.9435952872684,139.704291522503,41
SHP0007,35.9433738031096,139.705573618412,42
SHP0007,35.9432804323367,139.706083238125,43
SHP0007,35.9431805473239,139.705790877342,44
SHP0007,35.9431306048175,139.705611169338,45
SHP0007,35.9430285483913,139.70511496067,46
SHP0007,35.9429829487115,139.704811871052,47
SHP0007,35.9429460346851,139.70449000597,48
SHP0007,35.9429351776184,139.704398810863,49
SHP0007,35.9424357525543,139.704479277134,50
SHP0007,35.9421577803649,139.704530239105,51
SHP0007,35.941899353095,139.704575836658,52
SHP0007,35.9416887022953,139.704602658749,53
SHP0007,35.941666985718,139.704608023167,54
SHP0007,35.9413282071121,139.704661667347,55
SHP0007,35.9411783627288,139.704691171646,56
SHP0007,35.9411305862587,139.704712629318,57
SHP0007,35.940935137063,139.704868197441,58
SHP0007,35.9408222108611,139.704964756966,59
SHP0007,35.940646306585,139.705160558224,60
SHP0007,35.9405137969392,139.705312933498,61
SHP0007,35.9403943942883,139.705450236797,62
SHP0007,35.94026843814,139.705699682236,63
SHP0007,35.9401294520453,139.705908894539,64
SHP0007,35.9400295557897,139.706021547318,65
SHP0007,35.9399361745073,139.706083238125,66
SHP0007,35.9398883980373,139.706107378006,67
SHP0007,35.939810218359,139.706120789051,68
SHP0007,35.9397407253116,139.706120789051,69
SHP0007,35.9392977071348,139.706072509289,70
SHP0007,35.9392825055307,139.70606982708,71
SHP0007,35.9387786809373,139.705994725227,72
SHP0007,35.9387461060714,139.706297814846,73
SHP0007,35.938733076125,139.706563353539,74
SHP0007,35.9387265611518,139.706729650497,75
SHP0007,35.93870918789,139.70691204071,76
SHP0007,35.9387178745209,139.707005918026,77
SHP0007,35.9387374194405,139.707099795341,78
SHP0007,35.9387352477827,139.707148075104,79
SHP0007,35.9387135312055,139.707303643227,80
SHP0007,35.9386744413663,139.707475304604,81
SHP0007,35.9386679263931,139.707531630993,82
SHP0007,35.9386559621412,139.70793615185,83
SHP0007,35.9386505531313,139.708119034767,84
SHP0007,35.9386375231849,139.708207547665,85
SHP0007,35.9385897467149,139.708330929279,86
SHP0007,35.9385050215762,139.708560255068,87
SHP0007,35.9384876788016,139.708607196808,88
SHP0007,35.9384594472511,139.708741307259,89
SHP0007,35.9384529322779,139.708896875381,90
SHP0007,35.9384594472511,139.709098041058,91
SHP0007,35.9385028804057,139.71007168293,92
SHP0007,35.9385984333458,139.710058271885,93
SHP0007,35.9387178745209,139.710042178631,94
SHP0007,35.9387808525951,139.710704684258,95
SHP0007,35.9389154953743,139.711938500404,96
SHP0007,35.9389806451062,139.712555408478,97
SHP0007,35.9390436231804,139.713134765625,98
SHP0007,35.9390457948381,139.713169634342,99
SHP0007,35.9391044295968,139.713628292084,100
SHP0007,35.9394540664913,139.713574647903,101
SHP0007,35.9395170445655,139.713590741158,102
SHP0007,35.9396364857406,139.71363902092,103
SHP0007,35.9397211803921,139.713684618473,104
SHP0007,35.9398384499095,139.713743627071,105
SHP0007,35.9399796076619,139.71363902092,106
SHP0007,35.9402467215627,139.713346660137,107
SHP0007,35.9403140429523,139.713295698166,108
SHP0007,35.9402467215627,139.713606834412,109
SHP0007,35.9401511686226,139.713934063911,110
SHP0007,35.9400903622061,139.714175462723,111
SHP0007,35.9400317274474,139.7143471241,112
SHP0007,35.9399730926887,139.714524149895,113
SHP0007,35.9399296595341,139.714695811272,114
SHP0007,35.9399122862723,139.714757502079,115
SHP0007,35.9397689568621,139.715216159821,116
SHP0007,35.939947032796,139.715221524239,117
SHP0007,35.940196393759,139.71528540263,118
SHP0007,35.9408265541765,139.715446829796,119
SHP0007,35.9410111450836,139.715484380722,120
SHP0007,35.9411979076483,139.715497791767,121
SHP0007,35.9410936680773,139.71570700407,122
SHP0007,35.9408526140693,139.716232717037,123
SHP0007,35.9407223146055,139.716565310955,124
SHP0007,35.9409113199094,139.716723561287,125
SHP0007,35.9410633301825,139.716755747795,126
SHP0007,35.9412283695765,139.716820120811,127
SHP0007,35.9417625736728,139.716889858246,128
SHP0007,35.9419145823085,139.71687912941,129
SHP0007,35.9421447662575,139.716954231262,130
SHP0007,35.9426485627497,139.717066884041,131
SHP0007,35.9427918835788,139.717270731926,132
SHP0007,35.9431371190574,139.717372655869,133
SHP0007,35.9432425317021,139.717345243332,134
SHP0007,35.943178414216,139.716745018959,135
SHP0007,35.9432062484239,139.716646789745,136
SHP0007,35.9432088154218,139.716637730598,137
SHP0007,35.9433000189693,139.716728925705,138
SHP0007,35.943343449193,139.716728925705,139
SHP0007,35.9433987669878,139.717393241833,140
SHP0007,35.9432608896168,139.71734046936,141
SHP0007,35.9432425317021,139.717345243332,142
SHP0007,35.9431371190574,139.717372655869,143
SHP0007,35.9427918835788,139.717270731926,144
SHP0007,35.9426485627497,139.717066884041,145
SHP0007,35.9421447662575,139.716954231262,146
SHP0007,35.9419145823085,139.71687912941,147
SHP0007,35.9417625736728,139.716889858246,148
SHP0007,35.9412283695765,139.716820120811,149
SHP0007,35.9410633301825,139.716755747795,150
SHP0007,35.9409113199094,139.716723561287,151
SHP0007,35.9407223146055,139.716565310955,152
SHP0007,35.9406832247664,139.716664552689,153
SHP0007,35.94067019482,139.716702103615,154
SHP0007,35.9406224183499,139.71682280302,155
SHP0007,35.9402814680864,139.717807173729,156
SHP0007,35.9400773322598,139.718389213085,157
SHP0007,35.9397407253116,139.718343615532,158
SHP0007,35.9396560306602,139.718327522278,159
SHP0007,35.9395192162232,139.718271195889,160
SHP0007,35.9392998787925,139.718169271946,161
SHP0007,35.9391999825369,139.718134403229,162
SHP0007,35.9390501381536,139.718078076839,163
SHP0007,35.9388546889579,139.717992246151,164
SHP0007,35.9387005012591,139.717922508717,165
SHP0007,35.9385463135603,139.717860817909,166
SHP0007,35.9383226328141,139.717780351639,167
SHP0007,35.9379317344227,139.717589914799,168
SHP0007,35.9378057782744,139.717890322208,169
SHP0007,35.9376754788106,139.718174636364,170
SHP0007,35.9373171552852,139.718850553036,171
SHP0007,35.9371455943245,139.719223380089,172
SHP0007,35.9371108478009,139.719333350658,173
SHP0007,35.9369979215989,139.719751775265,174
SHP0007,35.936932771867,139.719910025597,175
SHP0007,35.9368763087661,139.719985127449,176
SHP0007,35.9367394943291,139.7201192379,177
SHP0007,35.936596938104,139.720215600993,178
SHP0007,35.9364180889851,139.72033649683,179
SHP0007,35.9356884119879,139.719440639019,180
SHP0007,35.9356362922023,139.719376266003,181
SHP0007,35.9353561483552,139.719059765339,182
SHP0007,35.9350760045081,139.71875667572,183
SHP0007,35.9349543916752,139.718617200851,184
SHP0007,35.9347719724259,139.71832215786,185
SHP0007,35.9347654574527,139.718228280544,186
SHP0007,35.9347393975599,139.718107581139,187
SHP0007,35.9346872777744,139.717981517315,188
SHP0007,35.9345743515725,139.717761576176,189
SHP0007,35.9344766269746,139.71750408411,190
SHP0007,35.9344266788469,139.717249274254,191
SHP0007,35.9340357804555,139.7175604105,192
SHP0007,35.9339054809917,139.717670381069,193
SHP0007,35.9337469499774,139.717809855938,194
SHP0007,35.9336665986414,139.717879593372,195
SHP0007,35.9335406424931,139.717715978622,196
SHP0007,35.9333343117924,139.71745043993,197
SHP0007,35.9331192934833,139.717171490192,198
SHP0007,35.9330020107692,139.717037379742,199
SHP0007,35.9327174915925,139.716694056988,200
SHP0007,35.9326936006693,139.716664552689,201
SHP0007,35.932630615508,139.716597497463,202
SHP0007,35.9324829261644,139.71647143364,203
SHP0007,35.9323678153524,139.716294407845,204
SHP0007,35.9322722516595,139.71614420414,205
SHP0007,35.9320941556863,139.715859889984,206
SHP0007,35.932650162627,139.715358316898,207
SHP0007,35.9328630090341,139.71513569355,208
SHP0007,35.9330259016925,139.714982807636,209
SHP0007,35.9333343117924,139.714695811272,210
SHP0007,35.9335406424931,139.714508056641,211
SHP0007,35.9338663911526,139.714272022247,212
SHP0007,35.9341219922528,139.714104154131,213
SHP0007,35.9339706537488,139.713703393936,214
SHP0007,35.9341219922528,139.714104154131,215
SHP0007,35.9338663911526,139.714272022247,216
SHP0007,35.9335406424931,139.714508056641,217
SHP0007,35.9333343117924,139.714695811272,218
SHP0007,35.9330259016925,139.714982807636,219
SHP0007,35.9328630090341,139.71513569355,220
SHP0007,35.932650162627,139.715358316898,221
SHP0007,35.9320941556863,139.715859889984,222
SHP0007,35.9322722516595,139.71614420414,223
SHP0007,35.9323678153524,139.716294407845,224
SHP0007,35.9324829261644,139.71647143364,225
SHP0007,35.932630615508,139.716597497463,226
SHP0007,35.9326936006693,139.716664552689,227
SHP0007,35.9327174915925,139.716694056988,228
SHP0007,35.9330020107692,139.717037379742,229
SHP0007,35.9331192934833,139.717171490192,230
SHP0007,35.9333343117924,139.71745043993,231
SHP0007,35.9335406424931,139.717715978622,232
SHP0007,35.9336665986414,139.717879593372,233
SHP0007,35.9335406424931,139.718000292778,234
SHP0007,35.9334928606466,139.71804857254,235
SHP0007,35.9333343117924,139.718236327171,236
SHP0007,35.9332213728826,139.718346297741,237
SHP0007,35.9330193859861,139.718552827835,238
SHP0007,35.9326892568651,139.718831777573,239
SHP0007,35.9322483607363,139.719199240208,240
SHP0007,35.9321289061201,139.719298481941,241
SHP0007,35.9320289986229,139.719376266003,242
SHP0007,35.931586241092,139.719738327787,243
SHP0007,35.931546836354,139.719770550728,244
SHP0007,35.9314751635843,139.719842970371,245
SHP0007,35.9314230379336,139.719915390015,246
SHP0007,35.931333989947,139.720076322556,247
SHP0007,35.93124936065,139.720247344927,248
SHP0007,35.9312145353308,139.720317721367,249
SHP0007,35.9310147203365,139.720746874809,250
SHP0007,35.9309886575111,139.720795154572,251
SHP0007,35.9308040458316,139.72104460001,252
SHP0007,35.9306368093689,139.721221625805,253
SHP0007,35.9302871331288,139.721503257751,254
SHP0007,35.930271929814,139.72153544426,255
SHP0007,35.9302654141077,139.721602499485,256
SHP0007,35.9302827893246,139.721758067608,257
SHP0007,35.9302936488352,139.72185999155,258
SHP0007,35.9303740092133,139.722871184349,259
SHP0007,35.9303740092133,139.723018705845,260
SHP0007,35.9303110240521,139.723681211472,261
SHP0007,35.9302914769331,139.723911881447,262
SHP0007,35.9302632422056,139.72412109375,263
SHP0007,35.9302176322612,139.724282026291,264
SHP0007,35.9301828818274,139.724370539188,265
SHP0007,35.9300916619387,139.724544882774,266
SHP0007,35.9299678635183,139.724791646004,267
SHP0007,35.9299483163993,139.724872112274,268
SHP0007,35.9299352849866,139.724998176098,269
SHP0007,35.9299439725951,139.725049138069,270
SHP0007,35.9301046933514,139.725853800774,271
SHP0007,35.9301177247641,139.725947678089,272
SHP0007,35.9301090371556,139.726119339466,273
SHP0007,35.9298460437189,139.726103100167,274
SHP0007,35.9298049708599,139.726100564003,275
SHP0007,35.9297957028326,139.726100675126,276
SHP0007,35.9295812649423,139.726103246212,277
SHP0007,35.9294466070114,139.726113975048,278
SHP0007,35.9293076052762,139.726122021675,279
SHP0007,35.9291816349537,139.726140797138,280
SHP0007,35.92806744917,139.726476073265,281
SHP0007,35.927933564354,139.72651473537,282
SHP0007,35.9276308968455,139.726602137089,283
SHP0007,35.9275375050546,139.726615548134,284
SHP0007,35.9273985033194,139.726618230343,285
SHP0007,35.9272616734864,139.726596772671,286
SHP0007,35.9269684667012,139.726476073265,287
SHP0007,35.9271357031638,139.726113975048,288
SHP0007,35.9273029396265,139.725733101368,289
SHP0007,35.9274614884807,139.725344181061,290
SHP0007,35.9275896307053,139.725059866905,291
SHP0007,35.9276156935307,139.724998176098,292
SHP0007,35.9277329762447,139.724729955196,293
SHP0007,35.9278871812947,139.72436517477,294
SHP0007,35.9280022921067,139.72412109375,295
SHP0007,35.9281304343313,139.723834097385,296
SHP0007,35.9281587886602,139.723622202873,297
SHP0007,35.928076255362,139.723595380783,298
SHP0007,35.9279850342479,139.723504185677,299
SHP0007,35.9280892869411,139.723268151283,300
SHP0007,35.9282020662374,139.7233095577,301
SHP0007,35.9282500095738,139.723327159882,302
SHP0007,35.9281587886602,139.723622202873,303
SHP0007,35.9281304343313,139.723834097385,304
SHP0007,35.9278654622736,139.723627567291,305
SHP0007,35.9276070059222,139.72338616848,306
SHP0007,35.9275353331525,139.723321795464,307
SHP0007,35.9274267380469,139.723270833492,308
SHP0007,35.9273376900603,139.723225235939,309
SHP0007,35.9272703610948,139.723509550095,310
SHP0007,35.9272247511504,139.723555147648,311
SHP0007,35.9271682816955,139.723627567291,312
SHP0007,35.9270879213174,139.723831415176,313
SHP0007,35.9269576071906,139.72412109375,314
SHP0007,35.9268902782251,139.724265933037,315
SHP0007,35.9266535408949,139.724810421467,316
SHP0007,35.9265796962231,139.724949896336,317
SHP0007,35.9264971639428,139.724998176098,318
SHP0007,35.9262843175358,139.725153744221,319
SHP0007,35.9261757224302,139.725199341774,320
SHP0007,35.9259759074359,139.725231528282,321
SHP0007,35.9258803437429,139.72526371479,322
SHP0007,35.9257869519521,139.725269079208,323
SHP0007,35.9255089484817,139.725387096405,324
SHP0007,35.9254937451669,139.725499749184,325
SHP0007,35.9253656029423,139.725362956524,326
SHP0007,35.9253108496226,139.725290035067,327
SHP0007,35.9252548359346,139.725215435028,328
SHP0007,35.9252164520629,139.725140148722,329
SHP0007,35.9251440689268,139.724998176098,330
SHP0007,35.9250875994719,139.724869430065,331
SHP0007,35.9250463333318,139.72474604845,332
SHP0007,35.9250224424085,139.724654853344,333
SHP0007,35.9250072390938,139.724526107311,334
SHP0007,35.9250028952895,139.724375903606,335
SHP0007,35.9250267862128,139.72412109375,336
SHP0007,35.9250463333318,139.723954796791,337
SHP0007,35.9250723961571,139.723753631115,338
SHP0007,35.9251028027867,139.723480045795,339
SHP0007,35.9251245218078,139.7233325243,340
SHP0007,35.9250007233874,139.723292291164,341
SHP0007,35.924644531441,139.723174273968,342
SHP0007,35.9244186282081,139.723101854324,343
SHP0007,35.9239494445706,139.722887277603,344
SHP0007,35.9241340770205,139.722299873829,345
SHP0007,35.9242209628793,139.722055792809,346
SHP0007,35.924279610834,139.721919000149,347
SHP0007,35.9243195591321,139.72184289264,348
SHP0007,35.9243556359605,139.721774160862,349
SHP0007,35.9243968110392,139.721707261133,350
SHP0007,35.9244381775263,139.721640050411,351
SHP0007,35.924644531441,139.72137182951,352
SHP0007,35.9247748455677,139.721202850342,353
SHP0007,35.9248095960015,139.721157252789,354
SHP0007,35.9248617216522,139.721058011055,355
SHP0007,35.9249029877924,139.720948040485,356
SHP0007,35.9249659729536,139.7207441926,357
SHP0007,35.9250007233874,139.720572531223,358
SHP0007,35.9250137548001,139.720505475998,359
SHP0007,35.9252548359346,139.719454050064,360
SHP0007,35.9252895863684,139.71930116415,361
SHP0007,35.9253503996275,139.71894711256,362
SHP0007,35.925356579553,139.718866977068,363
SHP0007,35.9253746184794,139.718633065147,364
SHP0007,35.9253764624529,139.718609154224,365
SHP0007,35.9253699467465,139.718332886696,366
SHP0007,35.9253808062571,139.718233644962,367
SHP0007,35.9254025252782,139.718139767647,368
SHP0007,35.9254329319078,139.718056619167,369
SHP0007,35.9255176360902,139.717893004417,370
SHP0007,35.925611027881,139.717702567577,371
SHP0007,35.9257435139098,139.717383384705,372
SHP0007,35.9257891238542,139.717235863209,373
SHP0007,35.9258260461901,139.717080295086,374
SHP0007,35.9258803437429,139.716664552689,375
SHP0007,35.9259237817852,139.716270267963,376
SHP0007,35.925958532219,139.715964496136,377
SHP0007,35.9259932826528,139.715631902218,378
SHP0007,35.9257239667908,139.715795516968,379
SHP0007,35.9252591797388,139.71608787775,380
SHP0007,35.9251798807258,139.716133962923,381
SHP0007,35.9250352507911,139.716218015614,382
SHP0007,35.9250007233874,139.716238081455,383
SHP0007,35.924644531441,139.716452658176,384
SHP0007,35.9243838738646,139.716592133045,385
SHP0007,35.9242578893693,139.716643095016,386
SHP0007,35.9241796920964,139.716664552689,387
SHP0007,35.9239646495959,139.716720879078,388
SHP0007,35.9237170248983,139.716739654541,389
SHP0007,35.9235736632313,139.716734290123,390
SHP0007,35.9230393151996,139.716664552689,391
SHP0007,35.9226830831785,139.716613590717,392
SHP0007,35.9225853365874,139.716608226299,393
SHP0007,35.9224115648698,139.716640412807,394
SHP0007,35.9223311954504,139.716664552689,395
SHP0007,35.9221856616369,139.716728925705,396
SHP0007,35.9220032013334,139.716844260693,397
SHP0007,35.9219206597676,139.716927409172,398
SHP0007,35.9218294296158,139.717040061951,399
SHP0007,35.9217836054924,139.71710607723,400
SHP0007,35.9217121337064,139.717209041119,401
SHP0007,35.9216665186306,139.717273414135,402
SHP0007,35.9213015980236,139.717809855938,403
SHP0007,35.9211234820131,139.718011021614,404
SHP0007,35.9210431125937,139.718080759048,405
SHP0007,35.9209214723913,139.718166589737,406
SHP0007,35.9208085207749,139.718233644962,407
SHP0007,35.9207042577443,139.718284606934,408
SHP0007,35.920586961835,139.718324840069,409
SHP0007,35.9203241321121,139.717965424061,410
SHP0007,35.9201916311774,139.717799127102,411
SHP0007,35.9199461786263,139.717541635036,412
SHP0007,35.9198267105704,139.717434346676,413
SHP0007,35.9193227725894,139.717013239861,414
SHP0007,35.9190729757453,139.716806709766,415
SHP0007,35.9188926875883,139.716664552689,416
SHP0007,35.9187210880172,139.71655189991,417
SHP0007,35.9185951035219,139.716487526894,418
SHP0007,35.9185147341025,139.716444611549,419
SHP0007,35.918299691602,139.716369509697,420
SHP0007,35.9181954285714,139.716348052025,421
SHP0007,35.9180564111974,139.716342687607,422
SHP0007,35.9175611618022,139.716401696205,423
SHP0007,35.9172744384681,139.716436564922,424
SHP0007,35.9170854617253,139.716449975967,425
SHP0007,35.9168356648812,139.716439247131,426
SHP0007,35.9167770169265,139.716431200504,427
SHP0007,35.916668409603,139.716401696205,428
SHP0007,35.916520703643,139.71636146307,429
SHP0007,35.916340415486,139.716294407845,430
SHP0007,35.9160297985408,139.716138839722,431
SHP0007,35.9157474194997,139.715964496136,432
SHP0007,35.9156931097296,139.715932309628,433
SHP0007,35.9157474194997,139.71584379673,434
SHP0007,35.9159304753569,139.71555317264,435
SHP0007,35.9159998842032,139.715442977408,436
SHP0007,35.9162643903596,139.715023040771,437
SHP0007,35.916668409603,139.714355170727,438
SHP0007,35.9167096803859,139.714282751083,439
SHP0007,35.9169247228865,139.713939428329,440
SHP0007,35.9174351773069,139.713134765625,441
SHP0007,35.9177740321563,139.712598323822,442
SHP0007,35.9178109586462,139.712541997433,443
SHP0007,35.9178370244039,139.712520539761,444
SHP0007,35.9178609180151,139.712512493134,445
SHP0007,35.9183800610214,139.712520539761,446
SHP0007,35.9184267686315,139.712498356886,447
SHP0008,35.9500930123388,139.693425593887,1
SHP0008,35.9501116986489,139.693450033665,2
SHP0008,35.9501268985421,139.693487584591,3
SHP0008,35.9501268985421,139.693538546562,4
SHP0008,35.9501182128888,139.693586826324,5
SHP0008,35.9500074708094,139.693720936775,6
SHP0008,35.9500009565694,139.693720936775,7
SHP0008,35.9499618711296,139.693723618984,8
SHP0008,35.9499206142765,139.693712890148,9
SHP0008,35.9497469012107,139.6934902668,10
SHP0008,35.949681758811,139.693466126919,11
SHP0008,35.9496296448913,139.693460762501,12
SHP0008,35.9495319312918,139.693492949009,13
SHP0008,35.9491475911337,139.694193005562,14
SHP0008,35.9487198227092,139.694957435131,15
SHP0008,35.9483419967911,139.695638716221,16
SHP0008,35.9477296582342,139.69664722681,17
SHP0008,35.9475559451684,139.696942269802,18
SHP0008,35.946974006398,139.697921276093,19
SHP0008,35.9466070375466,139.698530137539,20
SHP0008,35.946522352427,139.698688387871,21
SHP0008,35.9464528672007,139.698801040649,22
SHP0008,35.9460160872226,139.699514875812,23
SHP0008,35.9458882997369,139.699723720551,24
SHP0008,35.945860636994,139.69976960602,25
SHP0008,35.9458123002706,139.699849784374,26
SHP0008,35.945721100911,139.699999988079,27
SHP0008,35.9456798440579,139.700064361095,28
SHP0008,35.9454431600058,139.700455963612,29
SHP0008,35.9453476178196,139.700616896152,30
SHP0008,35.9447700218758,139.701582491398,31
SHP0008,35.9446272208518,139.701825031826,32
SHP0008,35.9445026362805,139.702036632516,33
SHP0008,35.9444573383574,139.702113568783,34
SHP0008,35.9444377956375,139.7021484375,35
SHP0008,35.9440273985196,139.702832400799,36
SHP0008,35.94395574188,139.702979922295,37
SHP0008,35.9437863716408,139.703406393528,38
SHP0008,35.9437255720678,139.703612923622,39
SHP0008,35.9436756295614,139.703838229179,40
SHP0008,35.9435952872684,139.704291522503,41
SHP0008,35.9433738031096,139.705573618412,42
SHP0008,35.9432804323367,139.706083238125,43
SHP0008,35.9431805473239,139.705790877342,44
SHP0008,35.9431306048175,139.705611169338,45
SHP0008,35.9430285483913,139.70511496067,46
SHP0008,35.9429829487115,139.704811871052,47
SHP0008,35.9429460346851,139.70449000597,48
SHP0008,35.9429351776184,139.704398810863,49
SHP0008,35.9424357525543,139.704479277134,50
SHP0008,35.9421577803649,139.704530239105,51
SHP0008,35.941899353095,139.704575836658,52
SHP0008,35.9416887022953,139.704602658749,53
SHP0008,35.941666985718,139.704608023167,54
SHP0008,35.9413282071121,139.704661667347,55
SHP0008,35.9411783627288,139.704691171646,56
SHP0008,35.9411305862587,139.704712629318,57
SHP0008,35.940935137063,139.704868197441,58
SHP0008,35.9408222108611,139.704964756966,59
SHP0008,35.940646306585,139.705160558224,60
SHP0008,35.9405137969392,139.705312933498,61
SHP0008,35.9403943942883,139.705450236797,62
SHP0008,35.94026843814,139.705699682236,63
SHP0008,35.9401294520453,139.705908894539,64
SHP0008,35.9400295557897,139.706021547318,65
SHP0008,35.9399361745073,139.706083238125,66
SHP0008,35.9398883980373,139.706107378006,67
SHP0008,35.939810218359,139.706120789051,68
SHP0008,35.9397407253116,139.706120789051,69
SHP0008,35.9392977071348,139.706072509289,70
SHP0008,35.9392825055307,139.70606982708,71
SHP0008,35.9387786809373,139.705994725227,72
SHP0008,35.9387461060714,139.706297814846,73
SHP0008,35.938733076125,139.706563353539,74
SHP0008,35.9387265611518,139.706729650497,75
SHP0008,35.93870918789,139.70691204071,76
SHP0008,35.9387178745209,139.707005918026,77
SHP0008,35.9387374194405,139.707099795341,78
SHP0008,35.9387352477827,139.707148075104,79
SHP0008,35.9387135312055,139.707303643227,80
SHP0008,35.9386744413663,139.707475304604,81
SHP0008,35.9386679263931,139.707531630993,82
SHP0008,35.9386559621412,139.70793615185,83
SHP0008,35.9386505531313,139.708119034767,84
SHP0008,35.9386375231849,139.708207547665,85
SHP0008,35.9385897467149,139.708330929279,86
SHP0008,35.9385050215762,139.708560255068,87
SHP0008,35.9384876788016,139.708607196808,88
SHP0008,35.9384594472511,139.708741307259,89
SHP0008,35.9384529322779,139.708896875381,90
SHP0008,35.9384594472511,139.709098041058,91
SHP0008,35.9385028804057,139.71007168293,92
SHP0008,35.9385984333458,139.710058271885,93
SHP0008,35.9387178745209,139.710042178631,94
SHP0008,35.9387808525951,139.710704684258,95
SHP0008,35.9389154953743,139.711938500404,96
SHP0008,35.9389806451062,139.712555408478,97
SHP0008,35.9390436231804,139.713134765625,98
SHP0008,35.9390457948381,139.713169634342,99
SHP0008,35.9391044295968,139.713628292084,100
SHP0008,35.9394540664913,139.713574647903,101
SHP0008,35.9395170445655,139.713590741158,102
SHP0008,35.9396364857406,139.71363902092,103
SHP0008,35.9397211803921,139.713684618473,104
SHP0008,35.9398384499095,139.713743627071,105
SHP0008,35.9399796076619,139.71363902092,106
SHP0008,35.9402467215627,139.713346660137,107
SHP0008,35.9403140429523,139.713295698166,108
SHP0008,35.9402467215627,139.713606834412,109
SHP0008,35.9401511686226,139.713934063911,110
SHP0008,35.9400903622061,139.714175462723,111
SHP0008,35.9400317274474,139.7143471241,112
SHP0008,35.9399730926887,139.714524149895,113
SHP0008,35.9399296595341,139.714695811272,114
SHP0008,35.9399122862723,139.714757502079,115
SHP0008,35.9397689568621,139.715216159821,116
SHP0008,35.939947032796,139.715221524239,117
SHP0008,35.940196393759,139.71528540263,118
SHP0008,35.9408265541765,139.715446829796,119
SHP0008,35.9410111450836,139.715484380722,120
SHP0008,35.9411979076483,139.715497791767,121
SHP0008,35.9410936680773,139.71570700407,122
SHP0008,35.9408526140693,139.716232717037,123
SHP0008,35.9407223146055,139.716565310955,124
SHP0008,35.9409113199094,139.716723561287,125
SHP0008,35.9410633301825,139.716755747795,126
SHP0008,35.9412283695765,139.716820120811,127
SHP0008,35.9417625736728,139.716889858246,128
SHP0008,35.9419145823085,139.71687912941,129
SHP0008,35.9421447662575,139.716954231262,130
SHP0008,35.9426485627497,139.717066884041,131
SHP0008,35.9427918835788,139.717270731926,132
SHP0008,35.9431371190574,139.717372655869,133
SHP0008,35.9432425317021,139.717345243332,134
SHP0008,35.943178414216,139.716745018959,135
SHP0008,35.9432062484239,139.716646789745,136
SHP0008,35.9432088154218,139.716637730598,137
SHP0008,35.9433000189693,139.716728925705,138
SHP0008,35.943343449193,139.716728925705,139
SHP0008,35.9433987669878,139.717393241833,140
SHP0008,35.9432608896168,139.71734046936,141
SHP0008,35.9432425317021,139.717345243332,142
SHP0008,35.9431371190574,139.717372655869,143
SHP0008,35.9427918835788,139.717270731926,144
SHP0008,35.9426485627497,139.717066884041,145
SHP0008,35.9421447662575,139.716954231262,146
SHP0008,35.9419145823085,139.71687912941,147
SHP0008,35.9417625736728,139.716889858246,148
SHP0008,35.9412283695765,139.716820120811,149
SHP0008,35.9410633301825,139.716755747795,150
SHP0008,35.9409113199094,139.716723561287,151
SHP0008,35.9407223146055,139.716565310955,152
SHP0008,35.9406832247664,139.716664552689,153
SHP0008,35.94067019482,139.716702103615,154
SHP0008,35.9406224183499,139.71682280302,155
SHP0008,35.9402814680864,139.717807173729,156
SHP0008,35.9400773322598,139.718389213085,157
SHP0008,35.9397407253116,139.718343615532,158
SHP0008,35.9396560306602,139.718327522278,159
SHP0008,35.9395192162232,139.718271195889,160
SHP0008,35.9392998787925,139.718169271946,161
SHP0008,35.9391999825369,139.718134403229,162
SHP0008,35.9390501381536,139.718078076839,163
SHP0008,35.9388546889579,139.717992246151,164
SHP0008,35.9387005012591,139.717922508717,165
SHP0008,35.9385463135603,139.717860817909,166
SHP0008,35.9383226328141,139.717780351639,167
SHP0008,35.9379317344227,139.717589914799,168
SHP0008,35.9378057782744,139.717890322208,169
SHP0008,35.9376754788106,139.718174636364,170
SHP0008,35.9373171552852,139.718850553036,171
SHP0008,35.9371455943245,139.719223380089,172
SHP0008,35.9371108478009,139.719333350658,173
SHP0008,35.9369979215989,139.719751775265,174
SHP0008,35.936932771867,139.719910025597,175
SHP0008,35.9368763087661,139.719985127449,176
SHP0008,35.9367394943291,139.7201192379,177
SHP0008,35.936596938104,139.720215600993,178
SHP0008,35.9364180889851,139.72033649683,179
SHP0008,35.9356884119879,139.719440639019,180
SHP0008,35.9356362922023,139.719376266003,181
SHP0008,35.9353561483552,139.719059765339,182
SHP0008,35.9350760045081,139.71875667572,183
SHP0008,35.9349543916752,139.718617200851,184
SHP0008,35.9347719724259,139.71832215786,185
SHP0008,35.9347654574527,139.718228280544,186
SHP0008,35.9347393975599,139.718107581139,187
SHP0008,35.9346872777744,139.717981517315,188
SHP0008,35.9345743515725,139.717761576176,189
SHP0008,35.9344766269746,139.71750408411,190
SHP0008,35.9344266788469,139.717249274254,191
SHP0008,35.9340357804555,139.7175604105,192
SHP0008,35.9339054809917,139.717670381069,193
SHP0008,35.9337469499774,139.717809855938,194
SHP0008,35.9336665986414,139.717879593372,195
SHP0008,35.9335406424931,139.718000292778,196
SHP0008,35.9334928606466,139.71804857254,197
SHP0008,35.9333343117924,139.718236327171,198
SHP0008,35.9332213728826,139.718346297741,199
SHP0008,35.9330193859861,139.718552827835,200
SHP0008,35.9326892568651,139.718831777573,201
SHP0008,35.9322483607363,139.719199240208,202
SHP0008,35.9321289061201,139.719298481941,203
SHP0008,35.9320289986229,139.719376266003,204
SHP0008,35.931586241092,139.719738327787,205
SHP0008,35.931546836354,139.719770550728,206
SHP0008,35.9314751635843,139.719842970371,207
SHP0008,35.9314230379336,139.719915390015,208
SHP0008,35.931333989947,139.720076322556,209
SHP0008,35.93124936065,139.720247344927,210
SHP0008,35.9312145353308,139.720317721367,211
SHP0008,35.9310147203365,139.720746874809,212
SHP0008,35.9309886575111,139.720795154572,213
SHP0008,35.9308040458316,139.72104460001,214
SHP0008,35.9306368093689,139.721221625805,215
SHP0008,35.9302871331288,139.721503257751,216
SHP0008,35.930271929814,139.72153544426,217
SHP0008,35.9302654141077,139.721602499485,218
SHP0008,35.9302827893246,139.721758067608,219
SHP0008,35.9302936488352,139.72185999155,220
SHP0008,35.9303740092133,139.722871184349,221
SHP0008,35.9303740092133,139.723018705845,222
SHP0008,35.9303110240521,139.723681211472,223
SHP0008,35.9302914769331,139.723911881447,224
SHP0008,35.9302632422056,139.72412109375,225
SHP0008,35.9302176322612,139.724282026291,226
SHP0008,35.9301828818274,139.724370539188,227
SHP0008,35.9300916619387,139.724544882774,228
SHP0008,35.9299678635183,139.724791646004,229
SHP0008,35.9299483163993,139.724872112274,230
SHP0008,35.9299352849866,139.724998176098,231
SHP0008,35.9299439725951,139.725049138069,232
SHP0008,35.9301046933514,139.725853800774,233
SHP0008,35.9301177247641,139.725947678089,234
SHP0008,35.9301090371556,139.726119339466,235
SHP0008,35.9298460437189,139.726103100167,236
SHP0008,35.9298049708599,139.726100564003,237
SHP0008,35.9297957028326,139.726100675126,238
SHP0008,35.9295812649423,139.726103246212,239
SHP0008,35.9294466070114,139.726113975048,240
SHP0008,35.9293076052762,139.726122021675,241
SHP0008,35.9291816349537,139.726140797138,242
SHP0008,35.92806744917,139.726476073265,243
SHP0008,35.927933564354,139.72651473537,244
SHP0008,35.9276308968455,139.726602137089,245
SHP0008,35.9275375050546,139.726615548134,246
SHP0008,35.9273985033194,139.726618230343,247
SHP0008,35.9272616734864,139.726596772671,248
SHP0008,35.9269684667012,139.726476073265,249
SHP0008,35.9271357031638,139.726113975048,250
SHP0008,35.9273029396265,139.725733101368,251
SHP0008,35.9274614884807,139.725344181061,252
SHP0008,35.9275896307053,139.725059866905,253
SHP0008,35.9276156935307,139.724998176098,254
SHP0008,35.9277329762447,139.724729955196,255
SHP0008,35.9278871812947,139.72436517477,256
SHP0008,35.9280022921067,139.72412109375,257
SHP0008,35.9281304343313,139.723834097385,258
SHP0008,35.9281587886602,139.723622202873,259
SHP0008,35.928076255362,139.723595380783,260
SHP0008,35.9279850342479,139.723504185677,261
SHP0008,35.9280892869411,139.723268151283,262
SHP0008,35.9282020662374,139.7233095577,263
SHP0008,35.9282500095738,139.723327159882,264
SHP0008,35.9281587886602,139.723622202873,265
SHP0008,35.9281304343313,139.723834097385,266
SHP0008,35.9278654622736,139.723627567291,267
SHP0008,35.9276070059222,139.72338616848,268
SHP0008,35.9275353331525,139.723321795464,269
SHP0008,35.9274267380469,139.723270833492,270
SHP0008,35.9273376900603,139.723225235939,271
SHP0008,35.9272703610948,139.723509550095,272
SHP0008,35.9272247511504,139.723555147648,273
SHP0008,35.9271682816955,139.723627567291,274
SHP0008,35.9270879213174,139.723831415176,275
SHP0008,35.9269576071906,139.72412109375,276
SHP0008,35.9268902782251,139.724265933037,277
SHP0008,35.9266535408949,139.724810421467,278
SHP0008,35.9265796962231,139.724949896336,279
SHP0008,35.9264971639428,139.724998176098,280
SHP0008,35.9262843175358,139.725153744221,281
SHP0008,35.9261757224302,139.725199341774,282
SHP0008,35.9259759074359,139.725231528282,283
SHP0008,35.9258803437429,139.72526371479,284
SHP0008,35.9257869519521,139.725269079208,285
SHP0008,35.9255089484817,139.725387096405,286
SHP0008,35.9254937451669,139.725499749184,287
SHP0008,35.9253656029423,139.725362956524,288
SHP0008,35.9253108496226,139.725290035067,289
SHP0008,35.9252548359346,139.725215435028,290
SHP0008,35.9252164520629,139.725140148722,291
SHP0008,35.9251440689268,139.724998176098,292
SHP0008,35.9250875994719,139.724869430065,293
SHP0008,35.9250463333318,139.72474604845,294
SHP0008,35.9250224424085,139.724654853344,295
SHP0008,35.9250072390938,139.724526107311,296
SHP0008,35.9250028952895,139.724375903606,297
SHP0008,35.9250267862128,139.72412109375,298
SHP0008,35.9250463333318,139.723954796791,299
SHP0008,35.9250723961571,139.723753631115,300
SHP0008,35.9251028027867,139.723480045795,301
SHP0008,35.9251245218078,139.7233325243,302
SHP0008,35.9250007233874,139.723292291164,303
SHP0008,35.924644531441,139.723174273968,304
SHP0008,35.9244186282081,139.723101854324,305
SHP0008,35.9239494445706,139.722887277603,306
SHP0008,35.9241340770205,139.722299873829,307
SHP0008,35.9242209628793,139.722055792809,308
SHP0008,35.924279610834,139.721919000149,309
SHP0008,35.9243195591321,139.72184289264,310
SHP0008,35.9243556359605,139.721774160862,311
SHP0008,35.9243968110392,139.721707261133,312
SHP0008,35.9244381775263,139.721640050411,313
SHP0008,35.924644531441,139.72137182951,314
SHP0008,35.9247748455677,139.721202850342,315
SHP0008,35.9248095960015,139.721157252789,316
SHP0008,35.9248617216522,139.721058011055,317
SHP0008,35.9249029877924,139.720948040485,318
SHP0008,35.9249659729536,139.7207441926,319
SHP0008,35.9250007233874,139.720572531223,320
SHP0008,35.9250137548001,139.720505475998,321
SHP0008,35.9252548359346,139.719454050064,322
SHP0008,35.9252895863684,139.71930116415,323
SHP0008,35.9253503996275,139.71894711256,324
SHP0008,35.925356579553,139.718866977068,325
SHP0008,35.9253746184794,139.718633065147,326
SHP0008,35.9253764624529,139.718609154224,327
SHP0008,35.9253699467465,139.718332886696,328
SHP0008,35.9253808062571,139.718233644962,329
SHP0008,35.9254025252782,139.718139767647,330
SHP0008,35.9254329319078,139.718056619167,331
SHP0008,35.9255176360902,139.717893004417,332
SHP0008,35.925611027881,139.717702567577,333
SHP0008,35.9257435139098,139.717383384705,334
SHP0008,35.9257891238542,139.717235863209,335
SHP0008,35.9258260461901,139.717080295086,336
SHP0008,35.9258803437429,139.716664552689,337
SHP0008,35.9259237817852,139.716270267963,338
SHP0008,35.925958532219,139.715964496136,339
SHP0008,35.9259932826528,139.715631902218,340
SHP0008,35.9257239667908,139.715795516968,341
SHP0008,35.9252591797388,139.71608787775,342
SHP0008,35.9251798807258,139.716133962923,343
SHP0008,35.9250352507911,139.716218015614,344
SHP0008,35.9250007233874,139.716238081455,345
SHP0008,35.924644531441,139.716452658176,346
SHP0008,35.9243838738646,139.716592133045,347
SHP0008,35.9242578893693,139.716643095016,348
SHP0008,35.9241796920964,139.716664552689,349
SHP0008,35.9239646495959,139.716720879078,350
SHP0008,35.9237170248983,139.716739654541,351
SHP0008,35.9235736632313,139.716734290123,352
SHP0008,35.9230393151996,139.716664552689,353
SHP0008,35.9226830831785,139.716613590717,354
SHP0008,35.9225853365874,139.716608226299,355
SHP0008,35.9224115648698,139.716640412807,356
SHP0008,35.9223311954504,139.716664552689,357
SHP0008,35.9221856616369,139.716728925705,358
SHP0008,35.9220032013334,139.716844260693,359
SHP0008,35.9219206597676,139.716927409172,360
SHP0008,35.9218294296158,139.717040061951,361
SHP0008,35.9217836054924,139.71710607723,362
SHP0008,35.9217121337064,139.717209041119,363
SHP0008,35.9216665186306,139.717273414135,364
SHP0008,35.9213015980236,139.717809855938,365
SHP0008,35.9211234820131,139.718011021614,366
SHP0008,35.9210431125937,139.718080759048,367
SHP0008,35.9209214723913,139.718166589737,368
SHP0008,35.9208085207749,139.718233644962,369
SHP0008,35.9207042577443,139.718284606934,370
SHP0008,35.920586961835,139.718324840069,371
SHP0008,35.9203241321121,139.717965424061,372
SHP0008,35.9201916311774,139.717799127102,373
SHP0008,35.9199461786263,139.717541635036,374
SHP0008,35.9198267105704,139.717434346676,375
SHP0008,35.9193227725894,139.717013239861,376
SHP0008,35.9190729757453,139.716806709766,377
SHP0008,35.9188926875883,139.716664552689,378
SHP0008,35.9187210880172,139.71655189991,379
SHP0008,35.9185951035219,139.716487526894,380
SHP0008,35.9185147341025,139.716444611549,381
SHP0008,35.918299691602,139.716369509697,382
SHP0008,35.9181954285714,139.716348052025,383
SHP0008,35.9180564111974,139.716342687607,384
SHP0008,35.9175611618022,139.716401696205,385
SHP0008,35.9172744384681,139.716436564922,386
SHP0008,35.9170854617253,139.716449975967,387
SHP0008,35.9168356648812,139.716439247131,388
SHP0008,35.9167770169265,139.716431200504,389
SHP0008,35.916668409603,139.716401696205,390
SHP0008,35.916520703643,139.71636146307,391
SHP0008,35.916340415486,139.716294407845,392
SHP0008,35.9160297985408,139.716138839722,393
SHP0008,35.9157474194997,139.715964496136,394
SHP0008,35.9156931097296,139.715932309628,395
SHP0008,35.9157474194997,139.71584379673,396
SHP0008,35.9159304753569,139.71555317264,397
SHP0008,35.9159998842032,139.715442977408,398
SHP0008,35.9162643903596,139.715023040771,399
SHP0008,35.916668409603,139.714355170727,400
SHP0008,35.9167096803859,139.714282751083,401
SHP0008,35.9169247228865,139.713939428329,402
SHP0008,35.9174351773069,139.713134765625,403
SHP0008,35.9177740321563,139.712598323822,404
SHP0008,35.9178109586462,139.712541997433,405
SHP0008,35.9178370244039,139.712520539761,406
SHP0008,35.9178609180151,139.712512493134,407
SHP0008,35.9183800610214,139.712520539761,408
SHP0008,35.9184267686315,139.712498356886,409
