全国地方公共団体コード,ID,地方公共団体名,名称,名称_カナ,名称_英字,名称_通称,POIコード,外部識別子,外部識別子の値,所在地_全国地方公共団体コード,町字ID,所在地_連結表記,所在地_都道府県,所在地_市区町村,所在地_町字,所在地_番地以下,建物名等(方書),lat,lon,高度の種別,高度の値,電話番号,内線番号,連絡先メールアドレス,連絡先FormURL,連絡先備考（その他、SNSなど）,郵便番号,法人番号,団体名,利用可能曜日,開始時間,終了時間,利用可能時間特記事項,説明,車椅子可,車椅子貸出,ツエ貸出,バリアフリートイレ,スロープ、エレベータ、エスカレータ,点字ブロック等の移動支援,点字や読上による支援,盲導犬・介助犬、聴導犬同伴,字幕,筆談対応,優先駐車場,オストメイト対応トイレ,授乳室,おむつ替えコーナー,飲食可否,ベビーカー貸出,ベビーカー利用,URL,画像,画像_ライセンス,備考
111007,1110070292400,埼玉県さいたま市,市民活動サポートセンター,,,,,,,,,埼玉県さいたま市浦和区東高砂町11番1,埼玉県,さいたま市浦和区,,,,35.858694,139.659134,,,,,,,,,,,,9:00,21:30,,,,,,,,,,,,,,,,,,,,,,,
111007,1110070110100,埼玉県さいたま市,馬宮コミュニティセンター,,,,,,,,,埼玉県さいたま市西区大字西遊馬533番1,埼玉県,さいたま市西区,,,,35.905091,139.572728,,,,,,,,,,,,9:00,21:30,,,,,,,,,,,,,,,,,,,,,,,
111007,1110070110200,埼玉県さいたま市,西部文化センター,,,,,,,,,埼玉県さいたま市西区三橋６丁目642番4,埼玉県,さいたま市西区,,,,35.917659,139.591937,,,,,,,,,,,,9:00,21:30,,,,,,,,,,,,,,,,,,,,,,,
111007,1110070133600,埼玉県さいたま市,日進公園コミュニティセンター,,,,,,,,,埼玉県さいたま市北区日進町１丁目312番2,埼玉県,さいたま市北区,,,,35.921839,139.605,,,,,,,,,,,,9:00,21:30,,,,,,,,,,,,,,,,,,,,,,,
111007,1110070110000,埼玉県さいたま市,宮原コミュニティセンター,,,,,,,,,埼玉県さいたま市北区吉野町２丁目195番1,埼玉県,さいたま市北区,,,,35.958573,139.600761,,,,,,,,,,,,9:00,21:30,,,,,,,,,,,,,,,,,,,,,,,
111007,1110070200200,埼玉県さいたま市,高鼻コミュニティセンター,,,,,,,,,埼玉県さいたま市大宮区高鼻町２丁目292番1,埼玉県,さいたま市大宮区,,,,35.915919,139.631595,,,,,,,,,,,,9:00,21:30,,,,,,,,,,,,,,,,,,,,,,,
111007,1110070110700,埼玉県さいたま市,大宮工房館,,,,,,,,,埼玉県さいたま市大宮区堀の内町１丁目577番3,埼玉県,さいたま市大宮区,,,,35.912183,139.641459,,,,,,,,,,,,9:00,21:30,,,,,,,,,,,,,,,,,,,,,,,
111007,1110070109900,埼玉県さいたま市,七里コミュニティセンター,,,,,,,,,埼玉県さいたま市見沼区大字大谷1210番,埼玉県,さいたま市見沼区,,,,35.921041,139.674347,,,,,,,,,,,,9:00,21:30,,,,,,,,,,,,,,,,,,,,,,,
111007,1110070282500,埼玉県さいたま市,片柳コミュニティセンター,,,,,,,,,埼玉県さいたま市見沼区染谷３丁目147番1,埼玉県,さいたま市見沼区,,,,35.909901,139.684055,,,,,,,,,,,,9:00,21:30,,,,,,,,,,,,,,,,,,,,,,,
111007,1110070109800,埼玉県さいたま市,東大宮コミュニティセンター,,,,,,,,,埼玉県さいたま市見沼区東大宮４丁目31番1,埼玉県,さいたま市見沼区,,,,35.949533,139.637355,,,,,,,,,,,,9:00,21:30,,,,,,,,,,,,,,,,,,,,,,,
111007,1110070110400,埼玉県さいたま市,上峰コミュニティホール,,,,,,,,,埼玉県さいたま市中央区上峰２丁目3番5,埼玉県,さいたま市中央区,,,,35.873996,139.616545,,,,,,,,,,,,9:00,21:30,,,,,,,,,,,,,,,,,,,,,,,
111007,1110070110500,埼玉県さいたま市,西与野コミュニティホール,,,,,,,,,埼玉県さいたま市中央区桜丘２丁目6番28,埼玉県,さいたま市中央区,,,,35.882189,139.61492,,,,,,,,,,,,9:00,21:30,,,,,,,,,,,,,,,,,,,,,,,
111007,1110070110600,埼玉県さいたま市,下落合コミュニティセンター,,,,,,,,,埼玉県さいたま市中央区大字下落合1712番,埼玉県,さいたま市中央区,,,,35.884742,139.636637,,,,,,,,,,,,9:00,21:30,,,,,,,,,,,,,,,,,,,,,,,
111007,1110070110300,埼玉県さいたま市,与野本町コミュニティセンター,,,,,,,,,埼玉県さいたま市中央区本町東３丁目5番43,埼玉県,さいたま市中央区,,,,35.883642,139.623672,,,,,,,,,,,,9:00,21:30,,,,,,,,,,,,,,,,,,,,,,,
111007,1110070292500,埼玉県さいたま市,浦和コミュニティセンター,,,,,,,,,埼玉県さいたま市浦和区東高砂町11番1,埼玉県,さいたま市浦和区,,,,35.858694,139.659134,,,,,,,,,,,,9:00,21:30,,,,,,,,,,,,,,,,,,,,,,,
111007,1110070358400,埼玉県さいたま市,サウスピア（武蔵浦和コミュニティセンター）,,,,,,,,,埼玉県さいたま市南区別所７丁目20番1,埼玉県,さいたま市南区,,,,35.845312,139.645361,,,,,,,,,,,,9:00,21:30,,,,,,,,,,,,,,,,,,,,,,,
111007,1110070695401,埼玉県さいたま市,南浦和コミュニティセンター,,,,,,,,,埼玉県さいたま市南区大谷場２丁目6番25,埼玉県,さいたま市南区,,,,35.854538,139.67218,,,,,,,,,,,,9:00,21:30,,,,,,,,,,,,,,,,,,,,,,,
111007,1110070391000,埼玉県さいたま市,美園コミュニティセンター,,,,,,,,,埼玉県さいたま市緑区美園４丁目19番１,埼玉県,さいたま市緑区,,,,35.89497,139.72739,,,,,,,,,,,,9:00,21:30,,,,,,,,,,,,,,,,,,,,,,,
111007,1110070275800,埼玉県さいたま市,ふれあいプラザいわつき,,,,,,,,,埼玉県さいたま市岩槻区東岩槻６丁目6番,埼玉県,さいたま市岩槻区,,,,35.96204,139.716358,,,,,,,,,,,,9:00,21:30,,,,,,,,,,,,,,,,,,,,,,,
111007,1110070275600,埼玉県さいたま市,コミュニティセンターいわつき,,,,,,,,,埼玉県さいたま市岩槻区本町１丁目10番7,埼玉県,さいたま市岩槻区,,,,35.947022,139.691683,,,,,,,,,,,,9:00,21:30,,,,,,,,,,,,,,,,,,,,,,,
111007,1110070275700,埼玉県さいたま市,岩槻駅東口コミュニティセンター,,,,,,,,,埼玉県さいたま市岩槻区本町３丁目1番1,埼玉県,さいたま市岩槻区,,,,35.950458,139.693877,,,,,,,,,,,,9:00,21:30,,,,,,,,,,,,,,,,,,,,,,,
111007,1110070154000,埼玉県さいたま市,生涯学習総合センター,,,,,,,,,埼玉県さいたま市大宮区桜木町１丁目10番18,埼玉県,さいたま市大宮区,,,,35.90542,139.618766,,,,,,,,,,,,9:00,21:30,,,,,,,,,,,,,,,,,,,,,,,
111007,1110070690500,埼玉県さいたま市,指扇公民館,,,,,,,,,埼玉県さいたま市西区西大宮２丁目13番1,埼玉県,さいたま市西区,,,,35.925141,139.572086,,,,,,,,,,,,9:00,21:30,,,,,,,,,,,,,,,,,,,,,,,
111007,1110070696100,埼玉県さいたま市,大砂土公民館,,,,,,,,,埼玉県さいたま市北区本郷町284番地,埼玉県,さいたま市北区,,,,35.938987,139.630123,,,,,,,,,,,,9:00,21:30,,,,,,,,,,,,,,,,,,,,,,,
111007,1110070154001,埼玉県さいたま市,桜木公民館,,,,,,,,,埼玉県さいたま市大宮区桜木町１丁目10番18,埼玉県,さいたま市大宮区,,,,35.905599,139.61825,,,,,,,,,,,,9:00,21:30,,,,,,,,,,,,,,,,,,,,,,,
111007,1110070690900,埼玉県さいたま市,大砂土東公民館,,,,,,,,,埼玉県さいたま市見沼区大和田町２丁目1445番,埼玉県,さいたま市見沼区,,,,35.931428,139.648844,,,,,,,,,,,,9:00,21:30,,,,,,,,,,,,,,,,,,,,,,,
111007,1110070691100,埼玉県さいたま市,鈴谷公民館,,,,,,,,,埼玉県さいたま市中央区鈴谷７丁目5番11,埼玉県,さいたま市中央区,,,,35.874149,139.624233,,,,,,,,,,,,9:00,21:30,,,,,,,,,,,,,,,,,,,,,,,
111007,1110070694200,埼玉県さいたま市,田島公民館,,,,,,,,,埼玉県さいたま市桜区田島３丁目27番6,埼玉県,さいたま市桜区,,,,35.845452,139.632803,,,,,,,,,,,,9:00,21:30,,,,,,,,,,,,,,,,,,,,,,,
111007,1110070691800,埼玉県さいたま市,岸町公民館,,,,,,,,,埼玉県さいたま市浦和区岸町５丁目1番3,埼玉県,さいたま市浦和区,,,,35.85216,139.654503,,,,,,,,,,,,9:00,21:30,,,,,,,,,,,,,,,,,,,,,,,
111007,1110070695300,埼玉県さいたま市,文蔵公民館,,,,,,,,,埼玉県さいたま市南区文蔵４丁目19番3,埼玉県,さいたま市南区,,,,35.83801,139.669755,,,,,,,,,,,,9:00,21:30,,,,,,,,,,,,,,,,,,,,,,,
111007,1110070694700,埼玉県さいたま市,大古里公民館,,,,,,,,,埼玉県さいたま市緑区大字三室2614番地2,埼玉県,さいたま市緑区,,,,35.887293,139.672956,,,,,,,,,,,,9:00,21:30,,,,,,,,,,,,,,,,,,,,,,,
111007,1110070693000,埼玉県さいたま市,岩槻本丸公民館,,,,,,,,,埼玉県さいたま市岩槻区本丸３丁目17番1,埼玉県,さいたま市岩槻区,,,,35.954119,139.705262,,,,,,,,,,,,9:00,21:30,,,,,,,,,,,,,,,,,,,,,,,
111007,1110070690700,埼玉県さいたま市,植水公民館,,,,,,,,,埼玉県さいたま市西区大字中野林173番2,埼玉県,さいたま市西区,,,,35.893938,139.591685,,,,,,,,,,,,9:00,21:30,,,,,,,,,,,,,,,,,,,,,,,
111007,1110070690600,埼玉県さいたま市,馬宮公民館,,,,,,,,,埼玉県さいたま市西区大字西遊馬236番2,埼玉県,さいたま市西区,,,,35.90365,139.573128,,,,,,,,,,,,9:00,21:30,,,,,,,,,,,,,,,,,,,,,,,
111007,1110070690800,埼玉県さいたま市,内野公民館,,,,,,,,,埼玉県さいたま市西区三橋６丁目1457番1,埼玉県,さいたま市西区,,,,35.920767,139.591729,,,,,,,,,,,,9:00,21:30,,,,,,,,,,,,,,,,,,,,,,,
111007,1110070696200,埼玉県さいたま市,日進公民館,,,,,,,,,埼玉県さいたま市北区日進町２丁目1195番地2,埼玉県,さいたま市北区,,,,35.927363,139.604225,,,,,,,,,,,,9:00,21:30,,,,,,,,,,,,,,,,,,,,,,,
111007,1110070696400,埼玉県さいたま市,植竹公民館,,,,,,,,,埼玉県さいたま市北区盆栽町430番地,埼玉県,さいたま市北区,,,,35.927397,139.628148,,,,,,,,,,,,9:00,21:30,,,,,,,,,,,,,,,,,,,,,,,
111007,1110070696300,埼玉県さいたま市,宮原公民館,,,,,,,,,埼玉県さいたま市北区宮原町４丁目66番地4,埼玉県,さいたま市北区,,,,35.946948,139.611055,,,,,,,,,,,,9:00,21:30,,,,,,,,,,,,,,,,,,,,,,,
111007,1110070694100,埼玉県さいたま市,大成公民館,,,,,,,,,埼玉県さいたま市大宮区大成町２丁目335番1,埼玉県,さいたま市大宮区,,,,35.913935,139.611516,,,,,,,,,,,,9:00,21:30,,,,,,,,,,,,,,,,,,,,,,,
111007,1110070693500,埼玉県さいたま市,大宮南公民館,,,,,,,,,埼玉県さいたま市大宮区吉敷町４丁目223番2,埼玉県,さいたま市大宮区,,,,35.898343,139.635718,,,,,,,,,,,,9:00,21:30,,,,,,,,,,,,,,,,,,,,,,,
111007,1110070693600,埼玉県さいたま市,大宮中部公民館,,,,,,,,,埼玉県さいたま市大宮区仲町３丁目30番2,埼玉県,さいたま市大宮区,,,,35.90509,139.628935,,,,,,,,,,,,9:00,21:30,,,,,,,,,,,,,,,,,,,,,,,
111007,1110070694000,埼玉県さいたま市,大宮東公民館,,,,,,,,,埼玉県さいたま市大宮区堀の内町３丁目140番,埼玉県,さいたま市大宮区,,,,35.914117,139.636644,,,,,,,,,,,,9:00,21:30,,,,,,,,,,,,,,,,,,,,,,,
111007,1110070693800,埼玉県さいたま市,三橋公民館,,,,,,,,,埼玉県さいたま市大宮区三橋２丁目20番,埼玉県,さいたま市大宮区,,,,35.903948,139.605062,,,,,,,,,,,,9:00,21:30,,,,,,,,,,,,,,,,,,,,,,,
111007,1110070693700,埼玉県さいたま市,大宮北公民館,,,,,,,,,埼玉県さいたま市大宮区宮町３丁目113番3,埼玉県,さいたま市大宮区,,,,35.911491,139.628571,,,,,,,,,,,,9:00,21:30,,,,,,,,,,,,,,,,,,,,,,,
111007,1110070691000,埼玉県さいたま市,片柳公民館,,,,,,,,,埼玉県さいたま市見沼区大字東新井117番2,埼玉県,さいたま市見沼区,,,,35.909734,139.670831,,,,,,,,,,,,9:00,21:30,,,,,,,,,,,,,,,,,,,,,,,
111007,1110070691200,埼玉県さいたま市,七里公民館,,,,,,,,,埼玉県さいたま市見沼区大字東宮下265番1,埼玉県,さいたま市見沼区,,,,35.927221,139.677413,,,,,,,,,,,,9:00,21:30,,,,,,,,,,,,,,,,,,,,,,,
111007,1110070691600,埼玉県さいたま市,春岡公民館,,,,,,,,,埼玉県さいたま市見沼区深作１丁目5番1,埼玉県,さいたま市見沼区,,,,35.950796,139.664369,,,,,,,,,,,,9:00,21:30,,,,,,,,,,,,,,,,,,,,,,,
111007,1110070691300,埼玉県さいたま市,大戸公民館,,,,,,,,,埼玉県さいたま市中央区大戸３丁目14番21,埼玉県,さいたま市中央区,,,,35.865753,139.637285,,,,,,,,,,,,9:00,21:30,,,,,,,,,,,,,,,,,,,,,,,
111007,1110070691500,埼玉県さいたま市,上落合公民館,,,,,,,,,埼玉県さいたま市中央区上落合６丁目9番3,埼玉県,さいたま市中央区,,,,35.893516,139.623469,,,,,,,,,,,,9:00,21:30,,,,,,,,,,,,,,,,,,,,,,,
111007,1110070691700,埼玉県さいたま市,下落合公民館,,,,,,,,,埼玉県さいたま市中央区下落合５丁目4番17,埼玉県,さいたま市中央区,,,,35.884512,139.628624,,,,,,,,,,,,9:00,21:30,,,,,,,,,,,,,,,,,,,,,,,
111007,1110070691400,埼玉県さいたま市,与野本町公民館,,,,,,,,,埼玉県さいたま市中央区本町西１丁目14番12,埼玉県,さいたま市中央区,,,,35.882089,139.619394,,,,,,,,,,,,9:00,21:30,,,,,,,,,,,,,,,,,,,,,,,
111007,1110070694600,埼玉県さいたま市,大久保東公民館,,,,,,,,,埼玉県さいたま市桜区大字大久保領家131番6,埼玉県,さいたま市桜区,,,,35.86956,139.608243,,,,,,,,,,,,9:00,21:30,,,,,,,,,,,,,,,,,,,,,,,
111007,1110070694400,埼玉県さいたま市,大久保公民館,,,,,,,,,埼玉県さいたま市桜区大字五関839番2,埼玉県,さいたま市桜区,,,,35.870238,139.597827,,,,,,,,,,,,9:00,21:30,,,,,,,,,,,,,,,,,,,,,,,
111007,1110070694500,埼玉県さいたま市,栄和公民館,,,,,,,,,埼玉県さいたま市桜区道場２丁目11番27,埼玉県,さいたま市桜区,,,,35.858739,139.61329,,,,,,,,,,,,9:00,21:30,,,,,,,,,,,,,,,,,,,,,,,
111007,1110070694300,埼玉県さいたま市,土合公民館,,,,,,,,,埼玉県さいたま市桜区西堀４丁目2番35,埼玉県,さいたま市桜区,,,,35.85179,139.627784,,,,,,,,,,,,9:00,21:30,,,,,,,,,,,,,,,,,,,,,,,
111007,1110070692100,埼玉県さいたま市,上木崎公民館,,,,,,,,,埼玉県さいたま市浦和区上木崎３丁目2番14,埼玉県,さいたま市浦和区,,,,35.887256,139.645673,,,,,,,,,,,,9:00,21:30,,,,,,,,,,,,,,,,,,,,,,,
111007,1110070692800,埼玉県さいたま市,北浦和公民館,,,,,,,,,埼玉県さいたま市浦和区北浦和２丁目19番25,埼玉県,さいたま市浦和区,,,,35.877613,139.647737,,,,,,,,,,,,9:00,21:30,,,,,,,,,,,,,,,,,,,,,,,
111007,1110070692000,埼玉県さいたま市,浦和南公民館,,,,,,,,,埼玉県さいたま市浦和区神明１丁目28番13,埼玉県,さいたま市浦和区,,,,35.850114,139.661008,,,,,,,,,,,,9:00,21:30,,,,,,,,,,,,,,,,,,,,,,,
111007,1110070692200,埼玉県さいたま市,大東公民館,,,,,,,,,埼玉県さいたま市浦和区大東２丁目13番16,埼玉県,さいたま市浦和区,,,,35.883385,139.662618,,,,,,,,,,,,9:00,21:30,,,,,,,,,,,,,,,,,,,,,,,
111007,1110070692600,埼玉県さいたま市,仲町公民館,,,,,,,,,埼玉県さいたま市浦和区常盤４丁目1番12,埼玉県,さいたま市浦和区,,,,35.861359,139.649856,,,,,,,,,,,,9:00,21:30,,,,,,,,,,,,,,,,,,,,,,,
111007,1110070692700,埼玉県さいたま市,常盤公民館,,,,,,,,,埼玉県さいたま市浦和区常盤９丁目30番1,埼玉県,さいたま市浦和区,,,,35.871179,139.643144,,,,,,,,,,,,9:00,21:30,,,,,,,,,,,,,,,,,,,,,,,
111007,1110070692400,埼玉県さいたま市,針ヶ谷公民館,,,,,,,,,埼玉県さいたま市浦和区針ヶ谷３丁目4番14,埼玉県,さいたま市浦和区,,,,35.88274,139.641981,,,,,,,,,,,,9:00,21:30,,,,,,,,,,,,,,,,,,,,,,,
111007,1110070692300,埼玉県さいたま市,仲本公民館,,,,,,,,,埼玉県さいたま市浦和区本太２丁目12番40,埼玉県,さいたま市浦和区,,,,35.860599,139.662044,,,,,,,,,,,,9:00,21:30,,,,,,,,,,,,,,,,,,,,,,,
111007,1110070692500,埼玉県さいたま市,本太公民館,,,,,,,,,埼玉県さいたま市浦和区本太４丁目3番23,埼玉県,さいたま市浦和区,,,,35.866734,139.657972,,,,,,,,,,,,9:00,21:30,,,,,,,,,,,,,,,,,,,,,,,
111007,1110070692900,埼玉県さいたま市,南箇公民館,,,,,,,,,埼玉県さいたま市浦和区領家３丁目15番10,埼玉県,さいたま市浦和区,,,,35.876941,139.657988,,,,,,,,,,,,9:00,21:30,,,,,,,,,,,,,,,,,,,,,,,
111007,1110070691900,埼玉県さいたま市,領家公民館,,,,,,,,,埼玉県さいたま市浦和区領家４丁目21番21,埼玉県,さいたま市浦和区,,,,35.882123,139.65373,,,,,,,,,,,,9:00,21:30,,,,,,,,,,,,,,,,,,,,,,,
111007,1110070695500,埼玉県さいたま市,谷田公民館,,,,,,,,,埼玉県さいたま市南区大字大谷口1089番1,埼玉県,さいたま市南区,,,,35.861515,139.677004,,,,,,,,,,,,9:00,21:30,,,,,,,,,,,,,,,,,,,,,,,
111007,1110070695900,埼玉県さいたま市,東浦和公民館,,,,,,,,,埼玉県さいたま市南区大字大谷口5339番,埼玉県,さいたま市南区,,,,35.861251,139.695075,,,,,,,,,,,,9:00,21:30,,,,,,,,,,,,,,,,,,,,,,,
111007,1110070695400,埼玉県さいたま市,南浦和公民館,,,,,,,,,埼玉県さいたま市南区大谷場２丁目6番25,埼玉県,さいたま市南区,,,,35.854538,139.67218,,,,,,,,,,,,9:00,21:30,,,,,,,,,,,,,,,,,,,,,,,
111007,1110070696000,埼玉県さいたま市,善前公民館,,,,,,,,,埼玉県さいたま市南区大字太田窪2504番5,埼玉県,さいたま市南区,,,,35.853822,139.687012,,,,,,,,,,,,9:00,21:30,,,,,,,,,,,,,,,,,,,,,,,
111007,1110070695600,埼玉県さいたま市,六辻公民館,,,,,,,,,埼玉県さいたま市南区根岸３丁目10番7,埼玉県,さいたま市南区,,,,35.839765,139.662348,,,,,,,,,,,,9:00,21:30,,,,,,,,,,,,,,,,,,,,,,,
111007,1110070695800,埼玉県さいたま市,別所公民館,,,,,,,,,埼玉県さいたま市南区別所５丁目21番13,埼玉県,さいたま市南区,,,,35.849494,139.643602,,,,,,,,,,,,9:00,21:30,,,,,,,,,,,,,,,,,,,,,,,
111007,1110070695700,埼玉県さいたま市,西浦和公民館,,,,,,,,,埼玉県さいたま市南区曲本２丁目7番11,埼玉県,さいたま市南区,,,,35.837781,139.638855,,,,,,,,,,,,9:00,21:30,,,,,,,,,,,,,,,,,,,,,,,
111007,1110070694900,埼玉県さいたま市,尾間木公民館,,,,,,,,,埼玉県さいたま市緑区大字大間木472番,埼玉県,さいたま市緑区,,,,35.87428,139.693833,,,,,,,,,,,,9:00,21:30,,,,,,,,,,,,,,,,,,,,,,,
111007,1110070695100,埼玉県さいたま市,美園公民館,,,,,,,,,埼玉県さいたま市緑区大字大門1973番1,埼玉県,さいたま市緑区,,,,35.889543,139.717841,,,,,,,,,,,,9:00,21:30,,,,,,,,,,,,,,,,,,,,,,,
111007,1110070695000,埼玉県さいたま市,原山公民館,,,,,,,,,埼玉県さいたま市緑区原山２丁目33番1,埼玉県,さいたま市緑区,,,,35.871447,139.668551,,,,,,,,,,,,9:00,21:30,,,,,,,,,,,,,,,,,,,,,,,
111007,1110070694800,埼玉県さいたま市,三室公民館,,,,,,,,,埼玉県さいたま市緑区大字三室1946番5,埼玉県,さいたま市緑区,,,,35.883143,139.681575,,,,,,,,,,,,9:00,21:30,,,,,,,,,,,,,,,,,,,,,,,
111007,1110070693400,埼玉県さいたま市,岩槻城址公民館,,,,,,,,,埼玉県さいたま市岩槻区太田３丁目4番1,埼玉県,さいたま市岩槻区,,,,35.951736,139.710797,,,,,,,,,,,,9:00,21:30,,,,,,,,,,,,,,,,,,,,,,,
111007,1110070693200,埼玉県さいたま市,岩槻南部公民館,,,,,,,,,埼玉県さいたま市岩槻区大字笹久保1348番1,埼玉県,さいたま市岩槻区,,,,35.916421,139.715712,,,,,,,,,,,,9:00,21:30,,,,,,,,,,,,,,,,,,,,,,,
111007,1110070693300,埼玉県さいたま市,岩槻北部公民館,,,,,,,,,埼玉県さいたま市岩槻区大字慈恩寺904番1,埼玉県,さいたま市岩槻区,,,,35.980109,139.714257,,,,,,,,,,,,9:00,21:30,,,,,,,,,,,,,,,,,,,,,,,
111007,1110070693100,埼玉県さいたま市,岩槻本町公民館,,,,,,,,,埼玉県さいたま市岩槻区本町４丁目2番25,埼玉県,さいたま市岩槻区,,,,35.949161,139.697613,,,,,,,,,,,,9:00,21:30,,,,,,,,,,,,,,,,,,,,,,,
111007,1110070242600,埼玉県さいたま市,プラザノース,,,,,,,,,埼玉県さいたま市北区宮原町１丁目852番1,埼玉県,さいたま市北区,,,,35.9314988,139.6203592,,,,,,,,,,,,9:00,21:30,,,,,,,,,,,,,,,,,,,,,,,
111007,1110070110900,埼玉県さいたま市,盆栽四季の家,,,,,,,,,埼玉県さいたま市北区盆栽町267番1,埼玉県,さいたま市北区,,,,35.9267663,139.6332595,,,,,,,,,,,,9:00,21:30,,,,,,,,,,,,,,,,,,,,,,,
111007,1110070111000,埼玉県さいたま市,大宮ソニック市民ホール,,,,,,,,,埼玉県さいたま市大宮区桜木町１丁目7番5,埼玉県,さいたま市大宮区,,,,35.905825,139.61944,,,,,,,,,,,,9:00,21:30,,,,,,,,,,,,,,,,,,,,,,,
111007,1110070114800,埼玉県さいたま市,旧市民会館おおみや,,,,,,,,,埼玉県さいたま市大宮区下町３丁目47番8,埼玉県,さいたま市大宮区,,,,35.902818,139.630886,,,,,,,,,,,,,,,,,,,,,,,,,,,,,,,,,,,,
111007,1110070114000,埼玉県さいたま市,プラザウエスト,,,,,,,,,埼玉県さいたま市桜区道場４丁目3番1,埼玉県,さいたま市桜区,,,,35.855922,139.610193,,,,,,,,,,,,9:00,21:30,,,,,,,,,,,,,,,,,,,,,,,
111007,1110070114700,埼玉県さいたま市,旧市民会館うらわ,,,,,,,,,埼玉県さいたま市浦和区仲町２丁目10番22,埼玉県,さいたま市浦和区,,,,35.8603528,139.6515054,,,,,,,,,,,,,,,,,,,,,,,,,,,,,,,,,,,,
111007,1110070114600,埼玉県さいたま市,文化センター,,,,,,,,,埼玉県さいたま市南区根岸１丁目7番1,埼玉県,さいたま市南区,,,,35.843456,139.6635671,,,,,,,,,,,,9:00,21:30,,,,,,,,,,,,,,,,,,,,,,,
111007,1110070115000,埼玉県さいたま市,プラザイースト,,,,,,,,,埼玉県さいたま市緑区大字中尾1440番8,埼玉県,さいたま市緑区,,,,35.8717325,139.685775,,,,,,,,,,,,9:00,21:30,,,,,,,,,,,,,,,,,,,,,,,
111007,1110070265800,埼玉県さいたま市,市民会館いわつき,,,,,,,,,埼玉県さいたま市岩槻区太田３丁目1番1,埼玉県,さいたま市岩槻区,,,,35.9507293,139.7089724,,,,,,,,,,,,9:00,21:30,,,,,,,,,,,,,,,,,,,,,,,
111007,1110070755700,埼玉県さいたま市,市民会館おおみや（ＲａｉＢｏＣ　Ｈａｌｌ）,,,,,,,,,埼玉県さいたま市大宮区大門町２丁目118番地,埼玉県,さいたま市大宮区,,,,35.90738901,139.6273053,,,,,,,,,,,,9:00,22:00,,,,,,,,,,,,,,,,,,,,,,,
111007,1110070114900,埼玉県さいたま市,氷川の杜文化館,,,,,,,,,埼玉県さいたま市大宮区高鼻町２丁目262番2,埼玉県,さいたま市大宮区,,,,35.9136824,139.6316398,,,,,,,,,,,,9:00,21:00,,,,,,,,,,,,,,,,,,,,,,,
111007,1110070881301,埼玉県さいたま市,恭慶館,,,,,,,,,埼玉県さいたま市浦和区常盤９丁目30番5,埼玉県,さいたま市浦和区,,,,35.86993128,139.6444386,,,,,,,,,,,,9:00,21:00,,,,,,,,,,,,,,,,,,,,,,,
111007,1110070292100,埼玉県さいたま市,中央図書館,,,,,,,,,埼玉県さいたま市浦和区東高砂町11番1,埼玉県,さいたま市浦和区,,,,35.858694,139.659134,,,,,,,,,,,,9:00,21:00,,,,,,,,,,,,,,,,,,,,,,,
111007,1110070399700,埼玉県さいたま市,大宮西部図書館,,,,,,,,,埼玉県さいたま市北区櫛引町２丁目499番1,埼玉県,さいたま市北区,,,,35.919435,139.609488,,,,,,,,,,,,9:00,20:00,,,,,,,,,,,,,,,,,,,,,,,
111007,1110070655500,埼玉県さいたま市,北図書館,,,,,,,,,埼玉県さいたま市北区宮原町１丁目852番1,埼玉県,さいたま市北区,,,,35.93151,139.620229,,,,,,,,,,,,9:00,20:00,,,,,,,,,,,,,,,,,,,,,,,
111007,1110070789700,埼玉県さいたま市,大宮図書館,,,,,,,,,埼玉県さいたま市大宮区吉敷町１丁目124番地１,埼玉県,さいたま市大宮区,,,,35.901782,139.630632,,,,,,,,,,,,9:00,21:30,,,,,,,,,,,,,,,,,,,,,,,
111007,1110070399900,埼玉県さいたま市,春野図書館,,,,,,,,,埼玉県さいたま市見沼区春野２丁目12番1,埼玉県,さいたま市見沼区,,,,35.959106,139.660822,,,,,,,,,,,,9:00,20:00,,,,,,,,,,,,,,,,,,,,,,,
111007,1110070400000,埼玉県さいたま市,与野図書館,,,,,,,,,埼玉県さいたま市中央区下落合５丁目11番11,埼玉県,さいたま市中央区,,,,35.885236,139.627124,,,,,,,,,,,,9:00,20:00,,,,,,,,,,,,,,,,,,,,,,,
111007,1110070655400,埼玉県さいたま市,桜図書館,,,,,,,,,埼玉県さいたま市桜区道場４丁目3番1,埼玉県,さいたま市桜区,,,,35.856053,139.610229,,,,,,,,,,,,9:00,20:00,,,,,,,,,,,,,,,,,,,,,,,
111007,1110070399400,埼玉県さいたま市,北浦和図書館,,,,,,,,,埼玉県さいたま市浦和区北浦和１丁目4番2,埼玉県,さいたま市浦和区,,,,35.87483,139.646351,,,,,,,,,,,,9:00,20:00,,,,,,,,,,,,,,,,,,,,,,,
111007,1110070655600,埼玉県さいたま市,武蔵浦和図書館,,,,,,,,,埼玉県さいたま市南区別所７丁目20番1,埼玉県,さいたま市南区,,,,35.845312,139.645361,,,,,,,,,,,,9:00,20:00,,,,,,,,,,,,,,,,,,,,,,,
111007,1110070655300,埼玉県さいたま市,東浦和図書館,,,,,,,,,埼玉県さいたま市緑区大字中尾1440番8,埼玉県,さいたま市緑区,,,,35.871739,139.685728,,,,,,,,,,,,9:00,20:00,,,,,,,,,,,,,,,,,,,,,,,
111007,1110070400300,埼玉県さいたま市,岩槻図書館,,,,,,,,,埼玉県さいたま市岩槻区本町４丁目2番25,埼玉県,さいたま市岩槻区,,,,35.949161,139.697613,,,,,,,,,,,,9:00,18:00,,,,,,,,,,,,,,,,,,,,,,,
111007,1110070110101,埼玉県さいたま市,馬宮図書館,,,,,,,,,埼玉県さいたま市西区大字西遊馬533番1,埼玉県,さいたま市西区,,,,35.905091,139.572728,,,,,,,,,,,,9:00,18:00,,,,,,,,,,,,,,,,,,,,,,,
111007,1110070110001,埼玉県さいたま市,宮原図書館,,,,,,,,,埼玉県さいたま市北区吉野町２丁目195番1,埼玉県,さいたま市北区,,,,35.958573,139.600761,,,,,,,,,,,,9:00,18:00,,,,,,,,,,,,,,,,,,,,,,,
111007,1110070399600,埼玉県さいたま市,桜木図書館,,,,,,,,,埼玉県さいたま市大宮区桜木町１丁目10番18,埼玉県,さいたま市大宮区,,,,35.90542,139.618766,,,,,,,,,,,,9:00,20:00,,,,,,,,,,,,,,,,,,,,,,,
111007,1110070021901,埼玉県さいたま市,大宮東図書館,,,,,,,,,埼玉県さいたま市見沼区堀崎町48番1,埼玉県,さいたま市見沼区,,,,35.934856,139.657047,,,,,,,,,,,,9:00,18:00,,,,,,,,,,,,,,,,,,,,,,,
111007,1110070109901,埼玉県さいたま市,七里図書館,,,,,,,,,埼玉県さいたま市見沼区大字大谷1210番,埼玉県,さいたま市見沼区,,,,35.921041,139.674347,,,,,,,,,,,,9:00,18:00,,,,,,,,,,,,,,,,,,,,,,,
111007,1110070282501,埼玉県さいたま市,片柳図書館,,,,,,,,,埼玉県さいたま市見沼区染谷３丁目147番1,埼玉県,さいたま市見沼区,,,,35.909901,139.684055,,,,,,,,,,,,9:00,18:00,,,,,,,,,,,,,,,,,,,,,,,
111007,1110070400100,埼玉県さいたま市,与野南図書館,,,,,,,,,埼玉県さいたま市中央区大戸６丁目28番16,埼玉県,さいたま市中央区,,,,35.866855,139.633983,,,,,,,,,,,,9:00,18:00,,,,,,,,,,,,,,,,,,,,,,,
111007,1110070400400,埼玉県さいたま市,南浦和図書館,,,,,,,,,埼玉県さいたま市南区根岸１丁目7番1,埼玉県,さいたま市南区,,,,35.843489,139.663561,,,,,,,,,,,,9:00,20:00,,,,,,,,,,,,,,,,,,,,,,,
111007,1110070503100,埼玉県さいたま市,美園図書館,,,,,,,,,埼玉県さいたま市緑区大字美園４丁目19番地1,埼玉県,さいたま市緑区,,,,35.89497,139.72739,,,,,,,,,,,,9:00,20:00,,,,,,,,,,,,,,,,,,,,,,,
111007,1110070275801,埼玉県さいたま市,岩槻東部図書館,,,,,,,,,埼玉県さいたま市岩槻区東岩槻６丁目6番,埼玉県,さいたま市岩槻区,,,,35.96204,139.716358,,,,,,,,,,,,9:00,18:00,,,,,,,,,,,,,,,,,,,,,,,
111007,1110070275701,埼玉県さいたま市,岩槻駅東口図書館,,,,,,,,,埼玉県さいたま市岩槻区本町３丁目1番1,埼玉県,さいたま市岩槻区,,,,35.950458,139.693877,,,,,,,,,,,,9:00,20:00,,,,,,,,,,,,,,,,,,,,,,,
111007,1110070110201,埼玉県さいたま市,大宮西部図書館三橋分館,,,,,,,,,埼玉県さいたま市西区三橋６丁目642番4,埼玉県,さいたま市西区,,,,35.917659,139.591937,,,,,,,,,,,,9:00,18:00,,,,,,,,,,,,,,,,,,,,,,,
111007,1110070399800,埼玉県さいたま市,上小町配本所,,,,,,,,,埼玉県さいたま市大宮区上小町825,埼玉県,さいたま市大宮区,,,,35.89972251,139.6124737,,,,,,,,,,,,13:00,16:30,,,,,,,,,,,,,,,,,,,,,,,
111007,1110070110801,埼玉県さいたま市,三橋南配本所,,,,,,,,,埼玉県さいたま市大宮区三橋3-52,埼玉県,さいたま市大宮区,,,,35.897837,139.608897,,,,,,,,,,,,13:00,16:30,,,,,,,,,,,,,,,,,,,,,,,
111007,1110070400200,埼玉県さいたま市,与野図書館西分館,,,,,,,,,埼玉県さいたま市中央区桜丘２丁目6番28,埼玉県,さいたま市中央区,,,,35.882189,139.61492,,,,,,,,,,,,9:00,18:00,,,,,,,,,,,,,,,,,,,,,,,
111007,1110070694601,埼玉県さいたま市,桜図書館大久保東分館,,,,,,,,,埼玉県さいたま市桜区大字大久保領家131番6,埼玉県,さいたま市桜区,,,,35.86956,139.608243,,,,,,,,,,,,9:00,18:00,,,,,,,,,,,,,,,,,,,,,,,
111007,1110070149700,埼玉県さいたま市,さいたま市立博物館,,,,,,,,,埼玉県さいたま市大宮区高鼻町２丁目1番2,埼玉県,さいたま市大宮区,,,,35.911333,139.631615,,,,,,,,,,,,9:00,16:30,,,,,,,,,,,,,,,,,,,,,,,
111007,1110070150000,埼玉県さいたま市,旧坂東家住宅見沼くらしっく館,,,,,,,,,埼玉県さいたま市見沼区大字片柳1266番2,埼玉県,さいたま市見沼区,,,,35.906217,139.690795,,,,,,,,,,,,9:00,16:30,,,,,,,,,,,,,,,,,,,,,,,
111007,1110070803800,埼玉県さいたま市,与野郷土資料館,,,,,,,,,埼玉県さいたま市中央区本町東３丁目5番23,埼玉県,さいたま市中央区,,,,35.88403651,139.6233217,,,,,,,,,,,,9:00,16:30,,,,,,,,,,,,,,,,,,,,,,,
111007,1110070150100,埼玉県さいたま市,鴻沼資料館,,,,,,,,,埼玉県さいたま市桜区西堀４丁目1番4,埼玉県,さいたま市桜区,,,,35.851168,139.628264,,,,,,,,,,,,9:00,12:00,,,,,,,,,,,,,,,,,,,,,,,
111007,1110070149900,埼玉県さいたま市,浦和くらしの博物館民家園,,,,,,,,,埼玉県さいたま市緑区大字下山口新田1179番1,埼玉県,さいたま市緑区,,,,35.878366,139.710611,,,,,,,,,,,,9:00,16:30,,,,,,,,,,,,,,,,,,,,,,,
111007,1110070149800,埼玉県さいたま市,浦和博物館,,,,,,,,,埼玉県さいたま市緑区大字三室2458番,埼玉県,さいたま市緑区,,,,35.890516,139.677607,,,,,,,,,,,,9:00,16:30,,,,,,,,,,,,,,,,,,,,,,,
111007,1110070150200,埼玉県さいたま市,旧高野家離座敷,,,,,,,,,埼玉県さいたま市緑区大字大間木3丁目30番地11,埼玉県,さいたま市緑区,,,,35.878518,139.690465,,,,,,,,,,,,9:00,16:30,,,,,,,,,,,,,,,,,,,,,,,
111007,1110070699200,埼玉県さいたま市,岩槻人形博物館,,,,,,,,,埼玉県さいたま市岩槻区本町６丁目１番１号,埼玉県,さいたま市岩槻区,,,,35.950849,139.700082,,,,,,,,,,,,9:00,17:00,,,,,,,,,,,,,,,,,,,,,,,
111007,1110070280800,埼玉県さいたま市,岩槻郷土資料館,,,,,,,,,埼玉県さいたま市岩槻区本町２丁目2番34,埼玉県,さいたま市岩槻区,,,,35.945508,139.693427,,,,,,,,,,,,9:00,16:30,,,,,,,,,,,,,,,,,,,,,,,
111007,1110070280100,埼玉県さいたま市,岩槻藩遷喬館,,,,,,,,,埼玉県さいたま市岩槻区本町４丁目8番9,埼玉県,さいたま市岩槻区,,,,35.948875,139.698099,,,,,,,,,,,,9:00,16:30,,,,,,,,,,,,,,,,,,,,,,,
111007,1110070147500,埼玉県さいたま市,土器の館,,,,,,,,,埼玉県さいたま市大宮区高鼻町２丁目305番4,埼玉県,さいたま市大宮区,,,,35.915652,139.632368,,,,,,,,,,,,9:00,16:00,,,,,,,,,,,,,,,,,,,,,,,
111007,1110070155900,埼玉県さいたま市,与野文化財資料室,,,,,,,,,埼玉県さいたま市中央区下落合６丁目10番3,埼玉県,さいたま市中央区,,,,35.882762,139.626619,,,,,,,,,,,,,,,,,,,,,,,,,,,,,,,,,,,,
111007,1110070855700,埼玉県さいたま市,上小町文化財保管所,,,,,,,,,埼玉県さいたま市大宮区上小町1231番,埼玉県,さいたま市大宮区,,,,35.8953542,139.6130556,,,,,,,,,,,,,,,,,,,,,,,,,,,,,,,,,,,,
111007,1110070867000,埼玉県さいたま市,東宮下文化財資料室,,,,,,,,,埼玉県さいたま市見沼区大字新堤２７２番地１,埼玉県,さいたま市見沼区,,,,35.92628073,139.676659,,,,,,,,,,,,,,,,,,,,,,,,,,,,,,,,,,,,
111007,1110070147300,埼玉県さいたま市,藤橋の六部堂,,,,,,,,,埼玉県さいたま市西区大字植田谷本66番2,埼玉県,さいたま市西区,,,,35.888608,139.602343,,,,,,,,,,,,0:00,23:59,,,,,,,,,,,,,,,,,,,,,,,
111007,1110070349200,埼玉県さいたま市,見沼通船掘休憩所,,,,,,,,,埼玉県さいたま市緑区大字下山口新田51番,埼玉県,さいたま市緑区,,,,35.863412,139.717743,,,,,,,,,,,,9:00,17:00,,,,,,,,,,,,,,,,,,,,,,,
111007,1110070280300,埼玉県さいたま市,岩槻城城門（黒門）,,,,,,,,,埼玉県さいたま市岩槻区太田３丁目4番1 岩槻城址公園内,埼玉県,さいたま市岩槻区,,,,35.951146,139.710472,,,,,,,,,,,,0:00,23:59,,,,,,,,,,,,,,,,,,,,,,,
111007,1110070280400,埼玉県さいたま市,岩槻城裏門,,,,,,,,,埼玉県さいたま市岩槻区太田３丁目4番1 岩槻城址公園内,埼玉県,さいたま市岩槻区,,,,35.950725,139.71089,,,,,,,,,,,,0:00,23:59,,,,,,,,,,,,,,,,,,,,,,,
111007,1110070280500,埼玉県さいたま市,時の鐘,,,,,,,,,埼玉県さいたま市岩槻区本町６丁目2番27,埼玉県,さいたま市岩槻区,,,,35.951817,139.701766,,,,,,,,,,,,0:00,23:59,,,,,,,,,,,,,,,,,,,,,,,
111007,1110070114500,埼玉県さいたま市,漫画会館,,,,,,,,,埼玉県さいたま市北区盆栽町150番,埼玉県,さいたま市北区,,,,35.9256293,139.6318302,,,,,,,,,,,,9:00,16:30,,,,,,,,,,,,,,,,,,,,,,,
111007,1110070500400,埼玉県さいたま市,大宮盆栽美術館,,,,,,,,,埼玉県さいたま市北区土呂町２丁目24番3,埼玉県,さいたま市北区,,,,35.928828,139.633129,,,,,,,,,,,,9:00,16:30,,,,,,,,,,,,,,,,,,,,,,,
111007,1110070150300,埼玉県さいたま市,うらわ美術館,,,,,,,,,埼玉県さいたま市浦和区仲町２丁目5番1,埼玉県,さいたま市浦和区,,,,35.860757,139.652495,,,,,,,,,,,,10:00,20:00,,,,,,,,,,,,,,,,,,,,,,,
111007,1110070149500,埼玉県さいたま市,宇宙劇場,,,,,,,,,埼玉県さいたま市大宮区錦町682番2,埼玉県,さいたま市大宮区,,,,35.908119,139.621641,,,,,,,,,,,,9:00,21:00,,,,,,,,,,,,,,,,,,,,,,,
111007,1110070149600,埼玉県さいたま市,青少年宇宙科学館,,,,,,,,,埼玉県さいたま市浦和区駒場２丁目3番45,埼玉県,さいたま市浦和区,,,,35.872375,139.66456,,,,,,,,,,,,9:00,17:00,,,,,,,,,,,,,,,,,,,,,,,
111007,1110070362000,埼玉県さいたま市,旧職員会館,,,,,,,,,埼玉県さいたま市大宮区堀の内町３丁目368番,埼玉県,さいたま市大宮区,,,,35.917747,139.63774,,,,,,,,,,,,,,,,,,,,,,,,,,,,,,,,,,,,
111007,1110070000701,埼玉県さいたま市,防災センター防災展示ホール,,,,,,,,,埼玉県さいたま市大宮区天沼町１丁目893番,埼玉県,さいたま市大宮区,,,,35.907378,139.6475,,,,,,,,,,,,9:00,16:30,,,,,,,,,,,,,,,,,,,,,,,
111007,1110070506700,埼玉県さいたま市,五反田会館,,,,,,,,,埼玉県さいたま市見沼区大字南中丸1370番5,埼玉県,さいたま市見沼区,,,,35.920969,139.655274,,,,,,,,,,,,9:00,21:00,,,,,,,,,,,,,,,,,,,,,,,
111007,1110070312000,埼玉県さいたま市,鹿室南集会所,,,,,,,,,埼玉県さいたま市岩槻区大字鹿室1120番2,埼玉県,さいたま市岩槻区,,,,35.989934,139.702145,,,,,,,,,,,,9:00,21:00,,,,,,,,,,,,,,,,,,,,,,,
111007,1110070361400,埼玉県さいたま市,若者自立支援ルーム（桜木）,,,,,,,,,埼玉県さいたま市大宮区桜木町２丁目227番,埼玉県,さいたま市大宮区,,,,35.907048,139.619509,,,,,,,,,,,,10:00,17:00,,,,,,,,,,,,,,,,,,,,,,,
111007,1110070115400,埼玉県さいたま市,グリーンライフ猿花キャンプ場,,,,,,,,,埼玉県さいたま市見沼区大字南中野975番2,埼玉県,さいたま市見沼区,,,,35.91653,139.664637,,,,,,,,,,,,9:00,16:00,,,,,,,,,,,,,,,,,,,,,,,
111007,1110070739600,埼玉県さいたま市,若者自立支援ルーム（南浦和）,,,,,,,,,埼玉県さいたま市南区南浦和２丁目２７番１６号,埼玉県,さいたま市南区,,,,35.848939,139.670325,,,,,,,,,,,,10:00,17:00,,,,,,,,,,,,,,,,,,,,,,,
111007,1110070115100,埼玉県さいたま市,男女共同参画推進センター,,,,,,,,,埼玉県さいたま市大宮区桜木町１丁目10番18,埼玉県,さいたま市大宮区,,,,35.90542,139.618766,,,,,,,,,,,,9:00,21:00,,,,,,,,,,,,,,,,,,,,,,,
111007,1110070357600,埼玉県さいたま市,西大宮サッカー場,,,,,,,,,埼玉県さいたま市西区西大宮4丁目25番3ほか,埼玉県,さいたま市西区,,,,35.930926,139.576563,,,,,,,,,,,,,,,,,,,,,,,,,,,,,,,,,,,,
111007,1110070699900,埼玉県さいたま市,宝来グラウンド・ゴルフ場,,,,,,,,,埼玉県さいたま市西区大字宝来125番1,埼玉県,さいたま市西区,,,,35.931009,139.554271,,,,,,,,,,,,9:00,17:00,,,,,,,,,,,,,,,,,,,,,,,
111007,1110070121600,埼玉県さいたま市,櫛引ゲートボール場,,,,,,,,,埼玉県さいたま市北区櫛引町２丁目537,埼玉県,さいたま市北区,,,,35.92136475,139.6113899,,,,,,,,,,,,9:00,16:00,,,,,,,,,,,,,,,,,,,,,,,
111007,1110070156100,埼玉県さいたま市,八王子スポーツ施設,,,,,,,,,埼玉県さいたま市中央区八王子４丁目1番10,埼玉県,さいたま市中央区,,,,35.879348,139.60937,,,,,,,,,,,,9:00,21:00,,,,,,,,,,,,,,,,,,,,,,,
111007,1110070156200,埼玉県さいたま市,大原サッカー場,,,,,,,,,埼玉県さいたま市浦和区大原３丁目4番102,埼玉県,さいたま市浦和区,,,,35.89508,139.646775,,,,,,,,,,,,,,,,,,,,,,,,,,,,,,,,,,,,
111007,1110070280600,埼玉県さいたま市,本宿運動広場,,,,,,,,,埼玉県さいたま市岩槻区大字本宿186,埼玉県,さいたま市岩槻区,,,,35.96433983,139.6944905,,,,,,,,,,,,9:00,17:00,,,,,,,,,,,,,,,,,,,,,,,
111007,1110070741500,埼玉県さいたま市,学校開放用建物,,,,,,,,,埼玉県さいたま市大宮区堀の内町３丁目145,埼玉県,さいたま市大宮区,,,,35.91397264,139.6357426,,,,,,,,,,,,,,,,,,,,,,,,,,,,,,,,,,,,
111007,1110070148000,埼玉県さいたま市,大宮体育館,,,,,,,,,埼玉県さいたま市見沼区大和田町１丁目305番,埼玉県,さいたま市見沼区,,,,35.9229167,139.6447369,,,,,,,,,,,,9:00,21:00,,,,,,,,,,,,,,,,,,,,,,,
111007,1110070148200,埼玉県さいたま市,与野体育館,,,,,,,,,埼玉県さいたま市中央区下落合５丁目8番10,埼玉県,さいたま市中央区,,,,35.8843701,139.6258538,,,,,,,,,,,,9:00,21:00,,,,,,,,,,,,,,,,,,,,,,,
111007,1110070148300,埼玉県さいたま市,浦和西体育館,,,,,,,,,埼玉県さいたま市桜区大字下大久保1676番1,埼玉県,さいたま市桜区,,,,35.8587788,139.6015371,,,,,,,,,,,,9:00,21:00,,,,,,,,,,,,,,,,,,,,,,,
111007,1110070150500,埼玉県さいたま市,記念総合体育館,,,,,,,,,埼玉県さいたま市桜区道場４丁目3番1,埼玉県,さいたま市桜区,,,,35.8557382,139.6089199,,,,,,,,,,,,9:00,21:00,,,,,,,,,,,,,,,,,,,,,,,
111007,1110070150400,埼玉県さいたま市,浦和駒場体育館,,,,,,,,,埼玉県さいたま市浦和区駒場２丁目5番6,埼玉県,さいたま市浦和区,,,,35.8723751,139.6622157,,,,,,,,,,,,9:00,21:00,,,,,,,,,,,,,,,,,,,,,,,
111007,1110070148100,埼玉県さいたま市,大宮武道館,,,,,,,,,埼玉県さいたま市見沼区堀崎町12番36,埼玉県,さいたま市見沼区,,,,35.935074,139.655506,,,,,,,,,,,,9:00,21:00,,,,,,,,,,,,,,,,,,,,,,,
111007,1110070264200,埼玉県さいたま市,長宮運動広場,,,,,,,,,埼玉県さいたま市岩槻区大字長宮23番,埼玉県,さいたま市岩槻区,,,,35.950958,139.723327,,,,,,,,,,,,9:00,17:00,,,,,,,,,,,,,,,,,,,,,,,
111007,1110070398800,埼玉県さいたま市,上野テニスコート,,,,,,,,,埼玉県さいたま市岩槻区大字上野38番2,埼玉県,さいたま市岩槻区,,,,35.966595,139.702181,,,,,,,,,,,,9:00,17:00,,,,,,,,,,,,,,,,,,,,,,,
111007,1110070114400,埼玉県さいたま市,見沼ヘルシーランド,,,,,,,,,埼玉県さいたま市緑区大字大崎322番1,埼玉県,さいたま市緑区,,,,35.882735,139.712628,,,,,,,,,,,,10:00,20:30,,,,,,,,,,,,,,,,,,,,,,,
111007,1110070114100,埼玉県さいたま市,ホテル南郷,,,,,,,,,福島県南会津郡南会津町界454番地,福島県,南会津郡南会津町,,,,37.267356,139.541422,,,,,,,,,,,,0:00,23:59,,,,,,,,,,,,,,,,,,,,,,,
111007,1110070111200,埼玉県さいたま市,新治ファミリーランド,,,,,,,,,群馬県利根郡みなかみ町相俣159番1,群馬県,利根郡みなかみ町,,,,36.720104,138.896853,,,,,,,,,,,,0:00,23:59,,,,,,,,,,,,,,,,,,,,,,,
111007,1110070133200,埼玉県さいたま市,産業振興会館,,,,,,,,,埼玉県さいたま市北区日進町２丁目1915番4,埼玉県,さいたま市北区,,,,35.933092,139.609055,,,,,,,,,,,,9:00,21:00,,,,,,,,,,,,,,,,,,,,,,,
111007,1110070901,埼玉県さいたま市,東日本連携センター,,,,,,,,,埼玉県さいたま市大宮区大門町１丁目6-1,埼玉県,さいたま市大宮区,,,,35.90727733,139.6253493,,,,,,,,,,,,11:00,19:00,,,,,,,,,,,,,,,,,,,,,,,
111007,1110070133300,埼玉県さいたま市,産業文化センター,,,,,,,,,埼玉県さいたま市中央区下落合５丁目4番3,埼玉県,さいたま市中央区,,,,35.883937,139.628735,,,,,,,,,,,,9:00,21:30,,,,,,,,,,,,,,,,,,,,,,,
111007,1110070752400,埼玉県さいたま市,にぎわい交流館いわつき,,,,,,,,,埼玉県さいたま市岩槻区本町６丁目1番2号,埼玉県,さいたま市岩槻区,,,,35.95104947,139.6990986,,,,,,,,,,,,9:00,21:30,,,,,,,,,,,,,,,,,,,,,,,
111007,1110070134500,埼玉県さいたま市,大宮花の丘農林公苑,,,,,,,,,埼玉県さいたま市西区大字西新井124番地,埼玉県,さいたま市西区,,,,35.939682,139.591445,,,,,,,,,,,,7:30,21:00,,,,,,,,,,,,,,,,,,,,,,,
111007,1110070134300,埼玉県さいたま市,市民の森,,,,,,,,,埼玉県さいたま市北区見沼２丁目94番地,埼玉県,さいたま市北区,,,,35.9331,139.640519,,,,,,,,,,,,8:30,21:00,,,,,,,,,,,,,,,,,,,,,,,
111007,1110070134400,埼玉県さいたま市,春おか広場,,,,,,,,,埼玉県さいたま市見沼区大字宮ヶ谷塔765番地,埼玉県,さいたま市見沼区,,,,35.943375,139.670669,,,,,,,,,,,,9:00,21:00,,,,,,,,,,,,,,,,,,,,,,,
111007,1110070134000,埼玉県さいたま市,旧緑の相談所,,,,,,,,,埼玉県さいたま市緑区大字大崎87番,埼玉県,さいたま市緑区,,,,35.881748,139.71439,,,,,,,,,,,,,,,,,,,,,,,,,,,,,,,,,,,,
111007,1110070133900,埼玉県さいたま市,農業者トレーニングセンター,,,,,,,,,埼玉県さいたま市緑区大字大崎3156番1,埼玉県,さいたま市緑区,,,,35.884024,139.713019,,,,,,,,,,,,9:00,22:00,,,,,,,,,,,,,,,,,,,,,,,
111007,1110070038400,埼玉県さいたま市,栄小学校,,,,,,,,,埼玉県さいたま市西区大字飯田811番,埼玉県,さいたま市西区,,,,35.9069567,139.5829522,,,,,,,,,,,,,,,,,,,,,,,,,,,,,,,,,,,,
111007,1110070037800,埼玉県さいたま市,馬宮西小学校,,,,,,,,,埼玉県さいたま市西区大字飯田新田189番2,埼玉県,さいたま市西区,,,,35.8862476,139.5595517,,,,,,,,,,,,,,,,,,,,,,,,,,,,,,,,,,,,
111007,1110070039200,埼玉県さいたま市,指扇北小学校,,,,,,,,,埼玉県さいたま市西区大字中釘1506番1,埼玉県,さいたま市西区,,,,35.9335728,139.5719665,,,,,,,,,,,,,,,,,,,,,,,,,,,,,,,,,,,,
111007,1110070037900,埼玉県さいたま市,植水小学校,,,,,,,,,埼玉県さいたま市西区大字中野林225番1,埼玉県,さいたま市西区,,,,35.8944299,139.5947737,,,,,,,,,,,,,,,,,,,,,,,,,,,,,,,,,,,,
111007,1110070037700,埼玉県さいたま市,馬宮東小学校,,,,,,,,,埼玉県さいたま市西区大字西遊馬189番1,埼玉県,さいたま市西区,,,,35.9039345,139.5713645,,,,,,,,,,,,,,,,,,,,,,,,,,,,,,,,,,,,
111007,1110070037600,埼玉県さいたま市,指扇小学校,,,,,,,,,埼玉県さいたま市西区西大宮１丁目49番地6,埼玉県,さいたま市西区,,,,35.9227933,139.5729679,,,,,,,,,,,,,,,,,,,,,,,,,,,,,,,,,,,,
111007,1110070038300,埼玉県さいたま市,大宮西小学校,,,,,,,,,埼玉県さいたま市西区三橋５丁目1359番,埼玉県,さいたま市西区,,,,35.9041791,139.5905271,,,,,,,,,,,,,,,,,,,,,,,,,,,,,,,,,,,,
111007,1110070038900,埼玉県さいたま市,宮前小学校,,,,,,,,,埼玉県さいたま市西区宮前町341番,埼玉県,さいたま市西区,,,,35.9231627,139.5943454,,,,,,,,,,,,,,,,,,,,,,,,,,,,,,,,,,,,
111007,1110070037200,埼玉県さいたま市,植竹小学校,,,,,,,,,埼玉県さいたま市北区植竹町２丁目1番,埼玉県,さいたま市北区,,,,35.9300053,139.6257619,,,,,,,,,,,,,,,,,,,,,,,,,,,,,,,,,,,,
111007,1110070039400,埼玉県さいたま市,泰平小学校,,,,,,,,,埼玉県さいたま市北区今羽町628番,埼玉県,さいたま市北区,,,,35.9501991,139.6258542,,,,,,,,,,,,,,,,,,,,,,,,,,,,,,,,,,,,
111007,1110070036900,埼玉県さいたま市,日進小学校,,,,,,,,,埼玉県さいたま市北区日進町２丁目911番,埼玉県,さいたま市北区,,,,35.9252012,139.6076042,,,,,,,,,,,,,,,,,,,,,,,,,,,,,,,,,,,,
111007,1110070037000,埼玉県さいたま市,日進北小学校,,,,,,,,,埼玉県さいたま市北区日進町３丁目178番,埼玉県,さいたま市北区,,,,35.9368612,139.6039426,,,,,,,,,,,,,,,,,,,,,,,,,,,,,,,,,,,,
111007,1110070036800,埼玉県さいたま市,東大成小学校,,,,,,,,,埼玉県さいたま市北区東大成町２丁目11番,埼玉県,さいたま市北区,,,,35.9249602,139.6188557,,,,,,,,,,,,,,,,,,,,,,,,,,,,,,,,,,,,
111007,1110070038500,埼玉県さいたま市,大宮別所小学校,,,,,,,,,埼玉県さいたま市北区別所町42番1,埼玉県,さいたま市北区,,,,35.955147,139.5973356,,,,,,,,,,,,,,,,,,,,,,,,,,,,,,,,,,,,
111007,1110070037300,埼玉県さいたま市,大砂土小学校,,,,,,,,,埼玉県さいたま市北区本郷町1番,埼玉県,さいたま市北区,,,,35.9380076,139.6269762,,,,,,,,,,,,,,,,,,,,,,,,,,,,,,,,,,,,
111007,1110070297400,埼玉県さいたま市,つばさ小学校,,,,,,,,,埼玉県さいたま市北区宮原町３丁目902番4,埼玉県,さいたま市北区,,,,35.9335265,139.6105142,,,,,,,,,,,,,,,,,,,,,,,,,,,,,,,,,,,,
111007,1110070037100,埼玉県さいたま市,宮原小学校,,,,,,,,,埼玉県さいたま市北区宮原町４丁目102番6,埼玉県,さいたま市北区,,,,35.9490985,139.6061601,,,,,,,,,,,,,,,,,,,,,,,,,,,,,,,,,,,,
111007,1110070038600,埼玉県さいたま市,芝川小学校,,,,,,,,,埼玉県さいたま市大宮区天沼町２丁目1077番,埼玉県,さいたま市大宮区,,,,35.9052438,139.6444566,,,,,,,,,,,,,,,,,,,,,,,,,,,,,,,,,,,,
111007,1110070036700,埼玉県さいたま市,大成小学校,,,,,,,,,埼玉県さいたま市大宮区大成町２丁目282番,埼玉県,さいたま市大宮区,,,,35.914945,139.6138608,,,,,,,,,,,,,,,,,,,,,,,,,,,,,,,,,,,,
111007,1110070038800,埼玉県さいたま市,上小小学校,,,,,,,,,埼玉県さいたま市大宮区上小町1337番1,埼玉県,さいたま市大宮区,,,,35.8966922,139.6166832,,,,,,,,,,,,,,,,,,,,,,,,,,,,,,,,,,,,
111007,1110070036300,埼玉県さいたま市,大宮南小学校,,,,,,,,,埼玉県さいたま市大宮区吉敷町３丁目87番,埼玉県,さいたま市大宮区,,,,35.9008902,139.6338016,,,,,,,,,,,,,,,,,,,,,,,,,,,,,,,,,,,,
111007,1110070036500,埼玉県さいたま市,桜木小学校,,,,,,,,,埼玉県さいたま市大宮区桜木町４丁目328番9,埼玉県,さいたま市大宮区,,,,35.903571,139.6170936,,,,,,,,,,,,,,,,,,,,,,,,,,,,,,,,,,,,
111007,1110070036100,埼玉県さいたま市,大宮小学校,,,,,,,,,埼玉県さいたま市大宮区大門町３丁目3番,埼玉県,さいたま市大宮区,,,,35.9066427,139.6300819,,,,,,,,,,,,,,,,,,,,,,,,,,,,,,,,,,,,
111007,1110070036200,埼玉県さいたま市,大宮東小学校,,,,,,,,,埼玉県さいたま市大宮区堀の内町３丁目145番,埼玉県,さいたま市大宮区,,,,35.9139472,139.6356471,,,,,,,,,,,,,,,,,,,,,,,,,,,,,,,,,,,,
111007,1110070036600,埼玉県さいたま市,三橋小学校,,,,,,,,,埼玉県さいたま市大宮区三橋２丁目20番,埼玉県,さいたま市大宮区,,,,35.9039914,139.6043486,,,,,,,,,,,,,,,,,,,,,,,,,,,,,,,,,,,,
111007,1110070036400,埼玉県さいたま市,大宮北小学校,,,,,,,,,埼玉県さいたま市大宮区宮町３丁目84番,埼玉県,さいたま市大宮区,,,,35.9116699,139.6271357,,,,,,,,,,,,,,,,,,,,,,,,,,,,,,,,,,,,
111007,1110070039000,埼玉県さいたま市,大谷小学校,,,,,,,,,埼玉県さいたま市見沼区大字大谷18番,埼玉県,さいたま市見沼区,,,,35.9212036,139.6658947,,,,,,,,,,,,,,,,,,,,,,,,,,,,,,,,,,,,
111007,1110070037400,埼玉県さいたま市,大砂土東小学校,,,,,,,,,埼玉県さいたま市見沼区大和田町２丁目998番,埼玉県,さいたま市見沼区,,,,35.937816,139.6469866,,,,,,,,,,,,,,,,,,,,,,,,,,,,,,,,,,,,
111007,1110070039100,埼玉県さいたま市,島小学校,,,,,,,,,埼玉県さいたま市見沼区島町533番2,埼玉県,さいたま市見沼区,,,,35.9468495,139.6517828,,,,,,,,,,,,,,,,,,,,,,,,,,,,,,,,,,,,
111007,1110070038700,埼玉県さいたま市,蓮沼小学校,,,,,,,,,埼玉県さいたま市見沼区大字蓮沼1070番,埼玉県,さいたま市見沼区,,,,35.934316,139.6606086,,,,,,,,,,,,,,,,,,,,,,,,,,,,,,,,,,,,
111007,1110070039600,埼玉県さいたま市,春野小学校,,,,,,,,,埼玉県さいたま市見沼区春野１丁目10番1,埼玉県,さいたま市見沼区,,,,35.9567572,139.6674662,,,,,,,,,,,,,,,,,,,,,,,,,,,,,,,,,,,,
111007,1110070038000,埼玉県さいたま市,片柳小学校,,,,,,,,,埼玉県さいたま市見沼区大字東新井244番1,埼玉県,さいたま市見沼区,,,,35.910758,139.6702252,,,,,,,,,,,,,,,,,,,,,,,,,,,,,,,,,,,,
111007,1110070039500,埼玉県さいたま市,海老沼小学校,,,,,,,,,埼玉県さいたま市見沼区大字東新井710番5,埼玉県,さいたま市見沼区,,,,35.9082327,139.6600122,,,,,,,,,,,,,,,,,,,,,,,,,,,,,,,,,,,,
111007,1110070037500,埼玉県さいたま市,見沼小学校,,,,,,,,,埼玉県さいたま市見沼区東大宮２丁目45番,埼玉県,さいたま市見沼区,,,,35.9488195,139.6326119,,,,,,,,,,,,,,,,,,,,,,,,,,,,,,,,,,,,
111007,1110070039300,埼玉県さいたま市,東宮下小学校,,,,,,,,,埼玉県さいたま市見沼区大字東宮下215番1,埼玉県,さいたま市見沼区,,,,35.9259145,139.6776449,,,,,,,,,,,,,,,,,,,,,,,,,,,,,,,,,,,,
111007,1110070038100,埼玉県さいたま市,七里小学校,,,,,,,,,埼玉県さいたま市見沼区大字東宮下312番,埼玉県,さいたま市見沼区,,,,35.9293773,139.6758898,,,,,,,,,,,,,,,,,,,,,,,,,,,,,,,,,,,,
111007,1110070038200,埼玉県さいたま市,春岡小学校,,,,,,,,,埼玉県さいたま市見沼区春岡２丁目２９番地１,埼玉県,さいたま市見沼区,,,,35.9495949,139.6622387,,,,,,,,,,,,,,,,,,,,,,,,,,,,,,,,,,,,
111007,1110070040100,埼玉県さいたま市,与野西北小学校,,,,,,,,,埼玉県さいたま市中央区円阿弥４丁目3番7,埼玉県,さいたま市中央区,,,,35.8876058,139.6079287,,,,,,,,,,,,,,,,,,,,,,,,,,,,,,,,,,,,
111007,1110070040400,埼玉県さいたま市,与野南小学校,,,,,,,,,埼玉県さいたま市中央区大戸６丁目2番25,埼玉県,さいたま市中央区,,,,35.8666965,139.6357118,,,,,,,,,,,,,,,,,,,,,,,,,,,,,,,,,,,,
111007,1110070040000,埼玉県さいたま市,下落合小学校,,,,,,,,,埼玉県さいたま市中央区上落合１丁目7番33,埼玉県,さいたま市中央区,,,,35.8899203,139.6314716,,,,,,,,,,,,,,,,,,,,,,,,,,,,,,,,,,,,
111007,1110070039800,埼玉県さいたま市,上落合小学校,,,,,,,,,埼玉県さいたま市中央区上落合４丁目14番24,埼玉県,さいたま市中央区,,,,35.8940704,139.6258448,,,,,,,,,,,,,,,,,,,,,,,,,,,,,,,,,,,,
111007,1110070039900,埼玉県さいたま市,大戸小学校,,,,,,,,,埼玉県さいたま市中央区新中里１丁目6番28,埼玉県,さいたま市中央区,,,,35.8724274,139.6358656,,,,,,,,,,,,,,,,,,,,,,,,,,,,,,,,,,,,
111007,1110070040200,埼玉県さいたま市,鈴谷小学校,,,,,,,,,埼玉県さいたま市中央区鈴谷５丁目1番1,埼玉県,さいたま市中央区,,,,35.8713433,139.6314492,,,,,,,,,,,,,,,,,,,,,,,,,,,,,,,,,,,,
111007,1110070039700,埼玉県さいたま市,与野本町小学校,,,,,,,,,埼玉県さいたま市中央区本町東３丁目5番23,埼玉県,さいたま市中央区,,,,35.8836821,139.6228486,,,,,,,,,,,,,,,,,,,,,,,,,,,,,,,,,,,,
111007,1110070040300,埼玉県さいたま市,与野八幡小学校,,,,,,,,,埼玉県さいたま市中央区本町東５丁目23番14,埼玉県,さいたま市中央区,,,,35.8909133,139.6220754,,,,,,,,,,,,,,,,,,,,,,,,,,,,,,,,,,,,
111007,1110070035000,埼玉県さいたま市,大久保東小学校,,,,,,,,,埼玉県さいたま市桜区大字大久保領家331番,埼玉県,さいたま市桜区,,,,35.8712917,139.6034359,,,,,,,,,,,,,,,,,,,,,,,,,,,,,,,,,,,,
111007,1110070033500,埼玉県さいたま市,大久保小学校,,,,,,,,,埼玉県さいたま市桜区大字五関21番,埼玉県,さいたま市桜区,,,,35.8724273,139.5986255,,,,,,,,,,,,,,,,,,,,,,,,,,,,,,,,,,,,
111007,1110070034700,埼玉県さいたま市,栄和小学校,,,,,,,,,埼玉県さいたま市桜区栄和１丁目7番1,埼玉県,さいたま市桜区,,,,35.8617584,139.6175204,,,,,,,,,,,,,,,,,,,,,,,,,,,,,,,,,,,,
111007,1110070035200,埼玉県さいたま市,新開小学校,,,,,,,,,埼玉県さいたま市桜区新開２丁目18番1,埼玉県,さいたま市桜区,,,,35.8509825,139.6182366,,,,,,,,,,,,,,,,,,,,,,,,,,,,,,,,,,,,
111007,1110070035300,埼玉県さいたま市,神田小学校,,,,,,,,,埼玉県さいたま市桜区大字神田541番1,埼玉県,さいたま市桜区,,,,35.8751523,139.607354,,,,,,,,,,,,,,,,,,,,,,,,,,,,,,,,,,,,
111007,1110070034900,埼玉県さいたま市,田島小学校,,,,,,,,,埼玉県さいたま市桜区田島１０丁目12番1,埼玉県,さいたま市桜区,,,,35.8377634,139.6233599,,,,,,,,,,,,,,,,,,,,,,,,,,,,,,,,,,,,
111007,1110070035700,埼玉県さいたま市,中島小学校,,,,,,,,,埼玉県さいたま市桜区中島１丁目28番1,埼玉県,さいたま市桜区,,,,35.8654134,139.6239382,,,,,,,,,,,,,,,,,,,,,,,,,,,,,,,,,,,,
111007,1110070033400,埼玉県さいたま市,土合小学校,,,,,,,,,埼玉県さいたま市桜区西堀７丁目21番1,埼玉県,さいたま市桜区,,,,35.8578801,139.6270631,,,,,,,,,,,,,,,,,,,,,,,,,,,,,,,,,,,,
111007,1110070033100,埼玉県さいたま市,上木崎小学校,,,,,,,,,埼玉県さいたま市浦和区上木崎３丁目4番3,埼玉県,さいたま市浦和区,,,,35.8877089,139.6429528,,,,,,,,,,,,,,,,,,,,,,,,,,,,,,,,,,,,
111007,1110070031900,埼玉県さいたま市,高砂小学校,,,,,,,,,埼玉県さいたま市浦和区岸町４丁目1番29,埼玉県,さいたま市浦和区,,,,35.8565402,139.6567957,,,,,,,,,,,,,,,,,,,,,,,,,,,,,,,,,,,,
111007,1110070033200,埼玉県さいたま市,岸町小学校,,,,,,,,,埼玉県さいたま市浦和区岸町５丁目20番4,埼玉県,さいたま市浦和区,,,,35.8510276,139.6502606,,,,,,,,,,,,,,,,,,,,,,,,,,,,,,,,,,,,
111007,1110070032900,埼玉県さいたま市,北浦和小学校,,,,,,,,,埼玉県さいたま市浦和区北浦和２丁目18番3,埼玉県,さいたま市浦和区,,,,35.8773737,139.6483223,,,,,,,,,,,,,,,,,,,,,,,,,,,,,,,,,,,,
111007,1110070034300,埼玉県さいたま市,大東小学校,,,,,,,,,埼玉県さいたま市浦和区大東３丁目14番1,埼玉県,さいたま市浦和区,,,,35.8835214,139.6645276,,,,,,,,,,,,,,,,,,,,,,,,,,,,,,,,,,,,
111007,1110070033000,埼玉県さいたま市,仲町小学校,,,,,,,,,埼玉県さいたま市浦和区常盤８丁目18番4,埼玉県,さいたま市浦和区,,,,35.8641462,139.6405637,,,,,,,,,,,,,,,,,,,,,,,,,,,,,,,,,,,,
111007,1110070032000,埼玉県さいたま市,常盤小学校,,,,,,,,,埼玉県さいたま市浦和区常盤９丁目30番9,埼玉県,さいたま市浦和区,,,,35.8687852,139.6431591,,,,,,,,,,,,,,,,,,,,,,,,,,,,,,,,,,,,
111007,1110070035900,埼玉県さいたま市,常盤北小学校,,,,,,,,,埼玉県さいたま市浦和区針ヶ谷４丁目2番12,埼玉県,さいたま市浦和区,,,,35.878862,139.6390732,,,,,,,,,,,,,,,,,,,,,,,,,,,,,,,,,,,,
111007,1110070032300,埼玉県さいたま市,仲本小学校,,,,,,,,,埼玉県さいたま市浦和区本太２丁目12番31,埼玉県,さいたま市浦和区,,,,35.861645,139.6610407,,,,,,,,,,,,,,,,,,,,,,,,,,,,,,,,,,,,
111007,1110070032400,埼玉県さいたま市,本太小学校,,,,,,,,,埼玉県さいたま市浦和区本太２丁目26番25,埼玉県,さいたま市浦和区,,,,35.8652862,139.6575864,,,,,,,,,,,,,,,,,,,,,,,,,,,,,,,,,,,,
111007,1110070032100,埼玉県さいたま市,木崎小学校,,,,,,,,,埼玉県さいたま市浦和区領家４丁目19番4,埼玉県,さいたま市浦和区,,,,35.8828389,139.6528972,,,,,,,,,,,,,,,,,,,,,,,,,,,,,,,,,,,,
111007,1110070033700,埼玉県さいたま市,針ｹ谷小学校,,,,,,,,,埼玉県さいたま市浦和区領家７丁目2番1,埼玉県,さいたま市浦和区,,,,35.8818921,139.6490582,,,,,,,,,,,,,,,,,,,,,,,,,,,,,,,,,,,,
111007,1110070036000,埼玉県さいたま市,向小学校,,,,,,,,,埼玉県さいたま市南区大字大谷口5437番,埼玉県,さいたま市南区,,,,35.8573114,139.6958644,,,,,,,,,,,,,,,,,,,,,,,,,,,,,,,,,,,,
111007,1110070033800,埼玉県さいたま市,大谷場東小学校,,,,,,,,,埼玉県さいたま市南区大谷場２丁目13番54,埼玉県,さいたま市南区,,,,35.8534017,139.6749531,,,,,,,,,,,,,,,,,,,,,,,,,,,,,,,,,,,,
111007,1110070032700,埼玉県さいたま市,南浦和小学校,,,,,,,,,埼玉県さいたま市南区白幡１丁目1番20,埼玉県,さいたま市南区,,,,35.8452633,139.6579715,,,,,,,,,,,,,,,,,,,,,,,,,,,,,,,,,,,,
111007,1110070035500,埼玉県さいたま市,善前小学校,,,,,,,,,埼玉県さいたま市南区大字太田窪2500番1,埼玉県,さいたま市南区,,,,35.8531781,139.6860068,,,,,,,,,,,,,,,,,,,,,,,,,,,,,,,,,,,,
111007,1110070032200,埼玉県さいたま市,谷田小学校,,,,,,,,,埼玉県さいたま市南区太田窪５丁目10番6,埼玉県,さいたま市南区,,,,35.8563425,139.6779167,,,,,,,,,,,,,,,,,,,,,,,,,,,,,,,,,,,,
111007,1110070034200,埼玉県さいたま市,辻小学校,,,,,,,,,埼玉県さいたま市南区辻６丁目3番28,埼玉県,さいたま市南区,,,,35.8332822,139.6583359,,,,,,,,,,,,,,,,,,,,,,,,,,,,,,,,,,,,
111007,1110070244900,埼玉県さいたま市,辻南小学校,,,,,,,,,埼玉県さいたま市南区辻８丁目7番32,埼玉県,さいたま市南区,,,,35.8315171,139.6651876,,,,,,,,,,,,,,,,,,,,,,,,,,,,,,,,,,,,
111007,1110070034500,埼玉県さいたま市,沼影小学校,,,,,,,,,埼玉県さいたま市南区沼影２丁目8番36,埼玉県,さいたま市南区,,,,35.8391289,139.6462743,,,,,,,,,,,,,,,,,,,,,,,,,,,,,,,,,,,,
111007,1110070034600,埼玉県さいたま市,大谷口小学校,,,,,,,,,埼玉県さいたま市南区大字広ヶ谷戸24番,埼玉県,さいたま市南区,,,,35.8625114,139.6833135,,,,,,,,,,,,,,,,,,,,,,,,,,,,,,,,,,,,
111007,1110070034400,埼玉県さいたま市,文蔵小学校,,,,,,,,,埼玉県さいたま市南区文蔵５丁目16番29,埼玉県,さいたま市南区,,,,35.8351911,139.6739404,,,,,,,,,,,,,,,,,,,,,,,,,,,,,,,,,,,,
111007,1110070032800,埼玉県さいたま市,浦和別所小学校,,,,,,,,,埼玉県さいたま市南区別所２丁目5番34,埼玉県,さいたま市南区,,,,35.849628,139.6481557,,,,,,,,,,,,,,,,,,,,,,,,,,,,,,,,,,,,
111007,1110070035100,埼玉県さいたま市,浦和大里小学校,,,,,,,,,埼玉県さいたま市南区別所７丁目14番28,埼玉県,さいたま市南区,,,,35.844779,139.6436311,,,,,,,,,,,,,,,,,,,,,,,,,,,,,,,,,,,,
111007,1110070034100,埼玉県さいたま市,西浦和小学校,,,,,,,,,埼玉県さいたま市南区曲本１丁目3番5,埼玉県,さいたま市南区,,,,35.8384836,139.6301684,,,,,,,,,,,,,,,,,,,,,,,,,,,,,,,,,,,,
111007,1110070033300,埼玉県さいたま市,大谷場小学校,,,,,,,,,埼玉県さいたま市南区南浦和１丁目18番3,埼玉県,さいたま市南区,,,,35.8527792,139.6679633,,,,,,,,,,,,,,,,,,,,,,,,,,,,,,,,,,,,
111007,1110070035600,埼玉県さいたま市,大牧小学校,,,,,,,,,埼玉県さいたま市緑区東浦和６丁目12番3,埼玉県,さいたま市緑区,,,,35.8724897,139.7068465,,,,,,,,,,,,,,,,,,,,,,,,,,,,,,,,,,,,
111007,1110070034000,埼玉県さいたま市,野田小学校,,,,,,,,,埼玉県さいたま市緑区大字上野田16番,埼玉県,さいたま市緑区,,,,35.9002314,139.7039548,,,,,,,,,,,,,,,,,,,,,,,,,,,,,,,,,,,,
111007,1110070034800,埼玉県さいたま市,道祖土小学校,,,,,,,,,埼玉県さいたま市緑区道祖土１丁目1番1,埼玉県,さいたま市緑区,,,,35.874738,139.6688806,,,,,,,,,,,,,,,,,,,,,,,,,,,,,,,,,,,,
111007,1110070035800,埼玉県さいたま市,芝原小学校,,,,,,,,,埼玉県さいたま市緑区芝原２丁目5番,埼玉県,さいたま市緑区,,,,35.8818243,139.6915416,,,,,,,,,,,,,,,,,,,,,,,,,,,,,,,,,,,,
111007,1110070033900,埼玉県さいたま市,大門小学校,,,,,,,,,埼玉県さいたま市緑区大字大門1189番,埼玉県,さいたま市緑区,,,,35.8807931,139.7335412,,,,,,,,,,,,,,,,,,,,,,,,,,,,,,,,,,,,
111007,1110070035400,埼玉県さいたま市,中尾小学校,,,,,,,,,埼玉県さいたま市緑区大字中尾2596番1,埼玉県,さいたま市緑区,,,,35.8680829,139.6826742,,,,,,,,,,,,,,,,,,,,,,,,,,,,,,,,,,,,
111007,1110070033600,埼玉県さいたま市,原山小学校,,,,,,,,,埼玉県さいたま市緑区原山１丁目30番12,埼玉県,さいたま市緑区,,,,35.8663979,139.6707648,,,,,,,,,,,,,,,,,,,,,,,,,,,,,,,,,,,,
111007,1110070032600,埼玉県さいたま市,尾間木小学校,,,,,,,,,埼玉県さいたま市緑区東浦和８丁目11番5,埼玉県,さいたま市緑区,,,,35.8692123,139.6971483,,,,,,,,,,,,,,,,,,,,,,,,,,,,,,,,,,,,
111007,1110070699100,埼玉県さいたま市,美園北小学校,,,,,,,,,埼玉県さいたま市緑区美園２丁目１２番地１１,埼玉県,さいたま市緑区,,,,35.901409,139.723515,,,,,,,,,,,,,,,,,,,,,,,,,,,,,,,,,,,,
111007,1110070309200,埼玉県さいたま市,美園小学校,,,,,,,,,埼玉県さいたま市緑区美園５丁目33番地,埼玉県,さいたま市緑区,,,,35.8906454,139.7353881,,,,,,,,,,,,,,,,,,,,,,,,,,,,,,,,,,,,
111007,1110070032500,埼玉県さいたま市,三室小学校,,,,,,,,,埼玉県さいたま市緑区大字三室1994番,埼玉県,さいたま市緑区,,,,35.8839859,139.6821945,,,,,,,,,,,,,,,,,,,,,,,,,,,,,,,,,,,,
111007,1110070278600,埼玉県さいたま市,城北小学校,,,,,,,,,埼玉県さいたま市岩槻区大字岩槻6619番,埼玉県,さいたま市岩槻区,,,,35.9620449,139.6939101,,,,,,,,,,,,,,,,,,,,,,,,,,,,,,,,,,,,
111007,1110070277900,埼玉県さいたま市,川通小学校,,,,,,,,,埼玉県さいたま市岩槻区大字大野島422番1,埼玉県,さいたま市岩槻区,,,,35.9419524,139.7312004,,,,,,,,,,,,,,,,,,,,,,,,,,,,,,,,,,,,
111007,1110070278200,埼玉県さいたま市,新和小学校,,,,,,,,,埼玉県さいたま市岩槻区大字尾ヶ崎1252番,埼玉県,さいたま市岩槻区,,,,35.9105858,139.7324384,,,,,,,,,,,,,,,,,,,,,,,,,,,,,,,,,,,,
111007,1110070278000,埼玉県さいたま市,柏崎小学校,,,,,,,,,埼玉県さいたま市岩槻区大字柏崎762番,埼玉県,さいたま市岩槻区,,,,35.9337231,139.7014645,,,,,,,,,,,,,,,,,,,,,,,,,,,,,,,,,,,,
111007,1110070278800,埼玉県さいたま市,上里小学校,,,,,,,,,埼玉県さいたま市岩槻区上里２丁目2番,埼玉県,さいたま市岩槻区,,,,35.9651552,139.7041699,,,,,,,,,,,,,,,,,,,,,,,,,,,,,,,,,,,,
111007,1110070278100,埼玉県さいたま市,和土小学校,,,,,,,,,埼玉県さいたま市岩槻区大字黒谷1353番,埼玉県,さいたま市岩槻区,,,,35.9261999,139.7206831,,,,,,,,,,,,,,,,,,,,,,,,,,,,,,,,,,,,
111007,1110070278300,埼玉県さいたま市,慈恩寺小学校,,,,,,,,,埼玉県さいたま市岩槻区大字慈恩寺259番,埼玉県,さいたま市岩槻区,,,,35.9816894,139.7077972,,,,,,,,,,,,,,,,,,,,,,,,,,,,,,,,,,,,
111007,1110070278500,埼玉県さいたま市,東岩槻小学校,,,,,,,,,埼玉県さいたま市岩槻区諏訪２丁目6番1,埼玉県,さいたま市岩槻区,,,,35.9702155,139.7093288,,,,,,,,,,,,,,,,,,,,,,,,,,,,,,,,,,,,
111007,1110070278700,埼玉県さいたま市,徳力小学校,,,,,,,,,埼玉県さいたま市岩槻区大字徳力136番4,埼玉県,さいたま市岩槻区,,,,35.9741308,139.7164774,,,,,,,,,,,,,,,,,,,,,,,,,,,,,,,,,,,,
111007,1110070277800,埼玉県さいたま市,太田小学校,,,,,,,,,埼玉県さいたま市岩槻区仲町１丁目17番3,埼玉県,さいたま市岩槻区,,,,35.9481443,139.704578,,,,,,,,,,,,,,,,,,,,,,,,,,,,,,,,,,,,
111007,1110070278900,埼玉県さいたま市,西原小学校,,,,,,,,,埼玉県さいたま市岩槻区西原6番25,埼玉県,さいたま市岩槻区,,,,35.9527001,139.6833046,,,,,,,,,,,,,,,,,,,,,,,,,,,,,,,,,,,,
111007,1110070278400,埼玉県さいたま市,河合小学校,,,,,,,,,埼玉県さいたま市岩槻区大字平林寺351番,埼玉県,さいたま市岩槻区,,,,35.9672515,139.6720618,,,,,,,,,,,,,,,,,,,,,,,,,,,,,,,,,,,,
111007,1110070277700,埼玉県さいたま市,岩槻小学校,,,,,,,,,埼玉県さいたま市岩槻区本町５丁目6番45,埼玉県,さいたま市岩槻区,,,,35.9536949,139.6985366,,,,,,,,,,,,,,,,,,,,,,,,,,,,,,,,,,,,
111007,1110070279000,埼玉県さいたま市,城南小学校,,,,,,,,,埼玉県さいたま市岩槻区大字南下新井1191番1,埼玉県,さいたま市岩槻区,,,,35.9359332,139.712631,,,,,,,,,,,,,,,,,,,,,,,,,,,,,,,,,,,,
111007,1110070044200,埼玉県さいたま市,植水中学校,,,,,,,,,埼玉県さいたま市西区大字三条町345番1,埼玉県,さいたま市西区,,,,35.8869395,139.5839486,,,,,,,,,,,,,,,,,,,,,,,,,,,,,,,,,,,,
111007,1110070044500,埼玉県さいたま市,土屋中学校,,,,,,,,,埼玉県さいたま市西区大字土屋1766番1,埼玉県,さいたま市西区,,,,35.9117248,139.5709321,,,,,,,,,,,,,,,,,,,,,,,,,,,,,,,,,,,,
111007,1110070043400,埼玉県さいたま市,指扇中学校,,,,,,,,,埼玉県さいたま市西区西大宮３丁目31番地1,埼玉県,さいたま市西区,,,,35.9275148,139.5770727,,,,,,,,,,,,,,,,,,,,,,,,,,,,,,,,,,,,
111007,1110070043500,埼玉県さいたま市,馬宮中学校,,,,,,,,,埼玉県さいたま市西区大字二ツ宮589番1,埼玉県,さいたま市西区,,,,35.8991051,139.5799245,,,,,,,,,,,,,,,,,,,,,,,,,,,,,,,,,,,,
111007,1110070043800,埼玉県さいたま市,大宮西中学校,,,,,,,,,埼玉県さいたま市西区三橋６丁目1558番,埼玉県,さいたま市西区,,,,35.920152,139.5905867,,,,,,,,,,,,,,,,,,,,,,,,,,,,,,,,,,,,
111007,1110070044100,埼玉県さいたま市,宮前中学校,,,,,,,,,埼玉県さいたま市西区宮前町1467番1,埼玉県,さいたま市西区,,,,35.9298349,139.5981006,,,,,,,,,,,,,,,,,,,,,,,,,,,,,,,,,,,,
111007,1110070043000,埼玉県さいたま市,日進中学校,,,,,,,,,埼玉県さいたま市北区櫛引町２丁目503番1,埼玉県,さいたま市北区,,,,35.9215133,139.6100145,,,,,,,,,,,,,,,,,,,,,,,,,,,,,,,,,,,,
111007,1110070043200,埼玉県さいたま市,植竹中学校,,,,,,,,,埼玉県さいたま市北区土呂町352番,埼玉県,さいたま市北区,,,,35.9339878,139.6270253,,,,,,,,,,,,,,,,,,,,,,,,,,,,,,,,,,,,
111007,1110070044000,埼玉県さいたま市,泰平中学校,,,,,,,,,埼玉県さいたま市北区本郷町1991番,埼玉県,さいたま市北区,,,,35.9486896,139.6271298,,,,,,,,,,,,,,,,,,,,,,,,,,,,,,,,,,,,
111007,1110070044700,埼玉県さいたま市,土呂中学校,,,,,,,,,埼玉県さいたま市北区見沼３丁目75番,埼玉県,さいたま市北区,,,,35.9389182,139.6372627,,,,,,,,,,,,,,,,,,,,,,,,,,,,,,,,,,,,
111007,1110070043100,埼玉県さいたま市,宮原中学校,,,,,,,,,埼玉県さいたま市北区宮原町４丁目129番,埼玉県,さいたま市北区,,,,35.9519175,139.6051078,,,,,,,,,,,,,,,,,,,,,,,,,,,,,,,,,,,,
111007,1110070044400,埼玉県さいたま市,第二東中学校,,,,,,,,,埼玉県さいたま市大宮区天沼町１丁目760番,埼玉県,さいたま市大宮区,,,,35.9089339,139.6451112,,,,,,,,,,,,,,,,,,,,,,,,,,,,,,,,,,,,
111007,1110070042500,埼玉県さいたま市,大宮南中学校,,,,,,,,,埼玉県さいたま市大宮区天沼町２丁目362番,埼玉県,さいたま市大宮区,,,,35.8990706,139.6367866,,,,,,,,,,,,,,,,,,,,,,,,,,,,,,,,,,,,
111007,1110070042900,埼玉県さいたま市,大成中学校,,,,,,,,,埼玉県さいたま市大宮区大成町２丁目379番,埼玉県,さいたま市大宮区,,,,35.9132813,139.613303,,,,,,,,,,,,,,,,,,,,,,,,,,,,,,,,,,,,
111007,1110070042700,埼玉県さいたま市,桜木中学校,,,,,,,,,埼玉県さいたま市大宮区桜木町４丁目219番,埼玉県,さいたま市大宮区,,,,35.9052995,139.6166701,,,,,,,,,,,,,,,,,,,,,,,,,,,,,,,,,,,,
111007,1110070042600,埼玉県さいたま市,大宮北中学校,,,,,,,,,埼玉県さいたま市大宮区寿能町１丁目21番,埼玉県,さいたま市大宮区,,,,35.9215763,139.6329255,,,,,,,,,,,,,,,,,,,,,,,,,,,,,,,,,,,,
111007,1110070042400,埼玉県さいたま市,大宮東中学校,,,,,,,,,埼玉県さいたま市大宮区堀の内町１丁目99番,埼玉県,さいたま市大宮区,,,,35.9081325,139.6350034,,,,,,,,,,,,,,,,,,,,,,,,,,,,,,,,,,,,
111007,1110070042800,埼玉県さいたま市,三橋中学校,,,,,,,,,埼玉県さいたま市大宮区三橋１丁目1300番,埼玉県,さいたま市大宮区,,,,35.9047788,139.6022142,,,,,,,,,,,,,,,,,,,,,,,,,,,,,,,,,,,,
111007,1110070044300,埼玉県さいたま市,大谷中学校,,,,,,,,,埼玉県さいたま市見沼区大字大谷1634番2,埼玉県,さいたま市見沼区,,,,35.925652,139.6668684,,,,,,,,,,,,,,,,,,,,,,,,,,,,,,,,,,,,
111007,1110070043700,埼玉県さいたま市,春里中学校,,,,,,,,,埼玉県さいたま市見沼区大字小深作268番19,埼玉県,さいたま市見沼区,,,,35.940931,139.6641298,,,,,,,,,,,,,,,,,,,,,,,,,,,,,,,,,,,,
111007,1110070044800,埼玉県さいたま市,春野中学校,,,,,,,,,埼玉県さいたま市見沼区春野２丁目2番1,埼玉県,さいたま市見沼区,,,,35.9565444,139.6632244,,,,,,,,,,,,,,,,,,,,,,,,,,,,,,,,,,,,
111007,1110070043300,埼玉県さいたま市,大砂土中学校,,,,,,,,,埼玉県さいたま市見沼区東大宮１丁目100番1,埼玉県,さいたま市見沼区,,,,35.9379901,139.6446878,,,,,,,,,,,,,,,,,,,,,,,,,,,,,,,,,,,,
111007,1110070043900,埼玉県さいたま市,七里中学校,,,,,,,,,埼玉県さいたま市見沼区東宮下１丁目1番1,埼玉県,さいたま市見沼区,,,,35.9277122,139.6810131,,,,,,,,,,,,,,,,,,,,,,,,,,,,,,,,,,,,
111007,1110070043600,埼玉県さいたま市,片柳中学校,,,,,,,,,埼玉県さいたま市見沼区大字御蔵551番,埼玉県,さいたま市見沼区,,,,35.906825,139.6741513,,,,,,,,,,,,,,,,,,,,,,,,,,,,,,,,,,,,
111007,1110070044600,埼玉県さいたま市,大宮八幡中学校,,,,,,,,,埼玉県さいたま市見沼区大字南中丸357番,埼玉県,さいたま市見沼区,,,,35.9192282,139.6532921,,,,,,,,,,,,,,,,,,,,,,,,,,,,,,,,,,,,
111007,1110070045100,埼玉県さいたま市,与野南中学校,,,,,,,,,埼玉県さいたま市中央区大戸２丁目6番25,埼玉県,さいたま市中央区,,,,35.8657006,139.6347551,,,,,,,,,,,,,,,,,,,,,,,,,,,,,,,,,,,,
111007,1110070044900,埼玉県さいたま市,与野東中学校,,,,,,,,,埼玉県さいたま市中央区下落合２丁目21番10,埼玉県,さいたま市中央区,,,,35.8884985,139.6321857,,,,,,,,,,,,,,,,,,,,,,,,,,,,,,,,,,,,
111007,1110070045000,埼玉県さいたま市,与野西中学校,,,,,,,,,埼玉県さいたま市中央区鈴谷８丁目10番33,埼玉県,さいたま市中央区,,,,35.8779357,139.6235844,,,,,,,,,,,,,,,,,,,,,,,,,,,,,,,,,,,,
111007,1110070045200,埼玉県さいたま市,八王子中学校,,,,,,,,,埼玉県さいたま市中央区八王子４丁目2番1,埼玉県,さいたま市中央区,,,,35.8785748,139.6083743,,,,,,,,,,,,,,,,,,,,,,,,,,,,,,,,,,,,
111007,1110070042100,埼玉県さいたま市,上大久保中学校,,,,,,,,,埼玉県さいたま市桜区大字上大久保861番1,埼玉県,さいたま市桜区,,,,35.8718673,139.6163867,,,,,,,,,,,,,,,,,,,,,,,,,,,,,,,,,,,,
111007,1110070041500,埼玉県さいたま市,大久保中学校,,,,,,,,,埼玉県さいたま市桜区大字五関282番,埼玉県,さいたま市桜区,,,,35.8669007,139.5979414,,,,,,,,,,,,,,,,,,,,,,,,,,,,,,,,,,,,
111007,1110070041900,埼玉県さいたま市,田島中学校,,,,,,,,,埼玉県さいたま市桜区田島１０丁目13番1,埼玉県,さいたま市桜区,,,,35.838475,139.6225816,,,,,,,,,,,,,,,,,,,,,,,,,,,,,,,,,,,,
111007,1110070041400,埼玉県さいたま市,土合中学校,,,,,,,,,埼玉県さいたま市桜区町谷１丁目19番1,埼玉県,さいたま市桜区,,,,35.8598951,139.623198,,,,,,,,,,,,,,,,,,,,,,,,,,,,,,,,,,,,
111007,1110070041300,埼玉県さいたま市,大原中学校,,,,,,,,,埼玉県さいたま市浦和区大原３丁目1番11,埼玉県,さいたま市浦和区,,,,35.8928799,139.6482095,,,,,,,,,,,,,,,,,,,,,,,,,,,,,,,,,,,,
111007,1110070040700,埼玉県さいたま市,木崎中学校,,,,,,,,,埼玉県さいたま市浦和区瀬ヶ崎２丁目17番1,埼玉県,さいたま市浦和区,,,,35.8787747,139.6615672,,,,,,,,,,,,,,,,,,,,,,,,,,,,,,,,,,,,
111007,1110070040600,埼玉県さいたま市,常盤中学校,,,,,,,,,埼玉県さいたま市浦和区針ヶ谷４丁目1番9,埼玉県,さいたま市浦和区,,,,35.8782,139.6393677,,,,,,,,,,,,,,,,,,,,,,,,,,,,,,,,,,,,
111007,1110070289400,埼玉県さいたま市,浦和中学校,,,,,,,,,埼玉県さいたま市浦和区元町１丁目28番17,埼玉県,さいたま市浦和区,,,,35.8711333,139.6573241,,,,,,,,,,,,,,,,,,,,,,,,,,,,,,,,,,,,
111007,1110070040900,埼玉県さいたま市,本太中学校,,,,,,,,,埼玉県さいたま市浦和区領家１丁目4番15,埼玉県,さいたま市浦和区,,,,35.8733928,139.6584833,,,,,,,,,,,,,,,,,,,,,,,,,,,,,,,,,,,,
111007,1110070042200,埼玉県さいたま市,内谷中学校,,,,,,,,,埼玉県さいたま市南区内谷６丁目10番1,埼玉県,さいたま市南区,,,,35.8352541,139.6479275,,,,,,,,,,,,,,,,,,,,,,,,,,,,,,,,,,,,
111007,1110070041600,埼玉県さいたま市,大谷場中学校,,,,,,,,,埼玉県さいたま市南区大谷場２丁目13番54,埼玉県,さいたま市南区,,,,35.8534215,139.6742528,,,,,,,,,,,,,,,,,,,,,,,,,,,,,,,,,,,,
111007,1110070041200,埼玉県さいたま市,白幡中学校,,,,,,,,,埼玉県さいたま市南区白幡２丁目18番13,埼玉県,さいたま市南区,,,,35.8484502,139.6526509,,,,,,,,,,,,,,,,,,,,,,,,,,,,,,,,,,,,
111007,1110070041100,埼玉県さいたま市,南浦和中学校,,,,,,,,,埼玉県さいたま市南区辻６丁目1番33,埼玉県,さいたま市南区,,,,35.8348572,139.6571645,,,,,,,,,,,,,,,,,,,,,,,,,,,,,,,,,,,,
111007,1110070041800,埼玉県さいたま市,大谷口中学校,,,,,,,,,埼玉県さいたま市南区大字広ヶ谷戸21番,埼玉県,さいたま市南区,,,,35.8628465,139.6831659,,,,,,,,,,,,,,,,,,,,,,,,,,,,,,,,,,,,
111007,1110070040500,埼玉県さいたま市,岸中学校,,,,,,,,,埼玉県さいたま市南区南本町２丁目25番27,埼玉県,さいたま市南区,,,,35.8503604,139.6649566,,,,,,,,,,,,,,,,,,,,,,,,,,,,,,,,,,,,
111007,1110070041700,埼玉県さいたま市,美園中学校,,,,,,,,,埼玉県さいたま市緑区大字大崎2550番3,埼玉県,さいたま市緑区,,,,35.8921389,139.7126234,,,,,,,,,,,,,,,,,,,,,,,,,,,,,,,,,,,,
111007,1110070040800,埼玉県さいたま市,原山中学校,,,,,,,,,埼玉県さいたま市緑区太田窪１丁目10番22,埼玉県,さいたま市緑区,,,,35.8663078,139.6669107,,,,,,,,,,,,,,,,,,,,,,,,,,,,,,,,,,,,
111007,1110070041000,埼玉県さいたま市,東浦和中学校,,,,,,,,,埼玉県さいたま市緑区大字中尾1207番1,埼玉県,さいたま市緑区,,,,35.8745072,139.6841698,,,,,,,,,,,,,,,,,,,,,,,,,,,,,,,,,,,,
111007,1110070042000,埼玉県さいたま市,三室中学校,,,,,,,,,埼玉県さいたま市緑区馬場１丁目38番2,埼玉県,さいたま市緑区,,,,35.8867226,139.6842384,,,,,,,,,,,,,,,,,,,,,,,,,,,,,,,,,,,,
111007,1110070042300,埼玉県さいたま市,尾間木中学校,,,,,,,,,埼玉県さいたま市緑区東浦和４丁目29番1,埼玉県,さいたま市緑区,,,,35.8688522,139.6984635,,,,,,,,,,,,,,,,,,,,,,,,,,,,,,,,,,,,
111007,1110070698900,埼玉県さいたま市,美園南中学校,,,,,,,,,埼玉県さいたま市緑区美園６丁目１５,埼玉県,さいたま市緑区,,,,35.88589631,139.7362343,,,,,,,,,,,,,,,,,,,,,,,,,,,,,,,,,,,,
111007,1110070303200,埼玉県さいたま市,西原中学校,,,,,,,,,埼玉県さいたま市岩槻区大字岩槻3750番,埼玉県,さいたま市岩槻区,,,,35.9551333,139.6814421,,,,,,,,,,,,,,,,,,,,,,,,,,,,,,,,,,,,
111007,1110070279400,埼玉県さいたま市,慈恩寺中学校,,,,,,,,,埼玉県さいたま市岩槻区大字裏慈恩寺505番,埼玉県,さいたま市岩槻区,,,,35.9852249,139.7049493,,,,,,,,,,,,,,,,,,,,,,,,,,,,,,,,,,,,
111007,1110070279600,埼玉県さいたま市,桜山中学校,,,,,,,,,埼玉県さいたま市岩槻区大字表慈恩寺684番1,埼玉県,さいたま市岩槻区,,,,35.9729116,139.7111876,,,,,,,,,,,,,,,,,,,,,,,,,,,,,,,,,,,,
111007,1110070279300,埼玉県さいたま市,城南中学校,,,,,,,,,埼玉県さいたま市岩槻区大字笹久保577番,埼玉県,さいたま市岩槻区,,,,35.9149907,139.727192,,,,,,,,,,,,,,,,,,,,,,,,,,,,,,,,,,,,
111007,1110070279700,埼玉県さいたま市,柏陽中学校,,,,,,,,,埼玉県さいたま市岩槻区大字真福寺454番,埼玉県,さいたま市岩槻区,,,,35.9359452,139.7030404,,,,,,,,,,,,,,,,,,,,,,,,,,,,,,,,,,,,
111007,1110070279100,埼玉県さいたま市,岩槻中学校,,,,,,,,,埼玉県さいたま市岩槻区仲町１丁目14番35,埼玉県,さいたま市岩槻区,,,,35.949428,139.7036382,,,,,,,,,,,,,,,,,,,,,,,,,,,,,,,,,,,,
111007,1110070279200,埼玉県さいたま市,川通中学校,,,,,,,,,埼玉県さいたま市岩槻区大字長宮435番,埼玉県,さいたま市岩槻区,,,,35.9478442,139.7313645,,,,,,,,,,,,,,,,,,,,,,,,,,,,,,,,,,,,
111007,1110070279500,埼玉県さいたま市,城北中学校,,,,,,,,,埼玉県さいたま市岩槻区大字本宿392番1,埼玉県,さいたま市岩槻区,,,,35.9647836,139.689297,,,,,,,,,,,,,,,,,,,,,,,,,,,,,,,,,,,,
111007,1110070045700,埼玉県さいたま市,ひまわり特別支援学校,,,,,,,,,埼玉県さいたま市西区三橋６丁目1587番,埼玉県,さいたま市西区,,,,35.9209497,139.5906347,,,,,,,,,,,,,,,,,,,,,,,,,,,,,,,,,,,,
111007,1110070325200,埼玉県さいたま市,さくら草特別支援学校,,,,,,,,,埼玉県さいたま市緑区大字三室636番80,埼玉県,さいたま市緑区,,,,35.8908636,139.6748392,,,,,,,,,,,,,,,,,,,,,,,,,,,,,,,,,,,,
111007,1110070881100,埼玉県さいたま市,大宮北高等学校,,,,,,,,,埼玉県さいたま市北区奈良町91番1,埼玉県,さいたま市北区,,,,35.94473383,139.6012953,,,,,,,,,,,,,,,,,,,,,,,,,,,,,,,,,,,,
111007,1110070881200,埼玉県さいたま市,大宮国際中等教育学校,,,,,,,,,埼玉県さいたま市大宮区三橋４丁目96番,埼玉県,さいたま市大宮区,,,,35.89632007,139.5994548,,,,,,,,,,,,,,,,,,,,,,,,,,,,,,,,,,,,
111007,1110070880900,埼玉県さいたま市,浦和高等学校,,,,,,,,,埼玉県さいたま市浦和区元町１丁目28番17,埼玉県,さいたま市浦和区,,,,35.8712554,139.6568182,,,,,,,,,,,,,,,,,,,,,,,,,,,,,,,,,,,,
111007,1110070881000,埼玉県さいたま市,浦和南高等学校,,,,,,,,,埼玉県さいたま市南区辻６丁目5番31,埼玉県,さいたま市南区,,,,35.83205548,139.6573835,,,,,,,,,,,,,,,,,,,,,,,,,,,,,,,,,,,,
111007,1110070146300,埼玉県さいたま市,舘岩少年自然の家,,,,,,,,,福島県南会津郡南会津町宮里字向山2847番地1,福島県,南会津郡南会津町,,,,37.057072,139.481815,,,,,,,,,,,,,,,,,,,,,,,,,,,,,,,,,,,,
111007,1110070118500,埼玉県さいたま市,高等看護学院学生宿舎,,,,,,,,,埼玉県さいたま市緑区大字三室2423番12,埼玉県,さいたま市緑区,,,,35.891303,139.675353,,,,,,,,,,,,,,,,,,,,,,,,,,,,,,,,,,,,
111007,1110070118600,埼玉県さいたま市,高等看護学院,,,,,,,,,埼玉県さいたま市緑区大字三室2460番,埼玉県,さいたま市緑区,,,,35.891031,139.678839,,,,,,,,,,,,8:30,17:15,,,,,,,,,,,,,,,,,,,,,,,
111007,1110070119500,埼玉県さいたま市,思い出の里市営霊園,,,,,,,,,埼玉県さいたま市見沼区大字大谷600番,埼玉県,さいたま市見沼区,,,,35.916572,139.675364,,,,,,,,,,,,6:00,19:00,,,,,,,,,,,,,,,,,,,,,,,
111007,1110070118401,埼玉県さいたま市,ひかり会館納骨堂,,,,,,,,,埼玉県さいたま市中央区本町東５丁目13番29,埼玉県,さいたま市中央区,,,,35.889889,139.61985,,,,,,,,,,,,8:30,17:00,,,,,,,,,,,,,,,,,,,,,,,
111007,1110070118200,埼玉県さいたま市,青山苑墓地,,,,,,,,,埼玉県さいたま市緑区大字中野田1030番,埼玉県,さいたま市緑区,,,,35.899706,139.711999,,,,,,,,,,,,8:30,17:00,,,,,,,,,,,,,,,,,,,,,,,
111007,1110070118100,埼玉県さいたま市,青山苑第２墓地,,,,,,,,,埼玉県さいたま市緑区大字代山788番地1,埼玉県,さいたま市緑区,,,,35.90145832,139.7107763,,,,,,,,,,,,8:30,17:00,,,,,,,,,,,,,,,,,,,,,,,
111007,1110070119501,埼玉県さいたま市,思い出の里会館,,,,,,,,,埼玉県さいたま市見沼区大字大谷600番,埼玉県,さいたま市見沼区,,,,35.916572,139.675364,,,,,,,,,,,,8:30,21:30,,,,,,,,,,,,,,,,,,,,,,,
111007,1110070118700,埼玉県さいたま市,大宮聖苑,,,,,,,,,埼玉県さいたま市見沼区染谷２丁目350番1,埼玉県,さいたま市見沼区,,,,35.907901,139.689352,,,,,,,,,,,,8:30,17:15,,,,,,,,,,,,,,,,,,,,,,,
111007,1110070118400,埼玉県さいたま市,ひかり会館,,,,,,,,,埼玉県さいたま市中央区本町東５丁目13番29,埼玉県,さいたま市中央区,,,,35.889889,139.61985,,,,,,,,,,,,8:30,21:00,,,,,,,,,,,,,,,,,,,,,,,
111007,1110070822500,埼玉県さいたま市,思い出の里市営霊園やすらぎの墓,,,,,,,,,埼玉県さいたま市見沼区大字大谷600,埼玉県,さいたま市見沼区,,,,35.91605359,139.6740957,,,,,,,,,,,,,,,,,,,,,,,,,,,,,,,,,,,,
111007,1110070822600,埼玉県さいたま市,青山苑やすらぎの墓,,,,,,,,,埼玉県さいたま市緑区大字中野田1030,埼玉県,さいたま市緑区,,,,35.89906455,139.7170492,,,,,,,,,,,,,,,,,,,,,,,,,,,,,,,,,,,,
111007,1110070119400,埼玉県さいたま市,浦和斎場,,,,,,,,,埼玉県さいたま市桜区大字下大久保1523番1,埼玉県,さいたま市桜区,,,,35.857885,139.602105,,,,,,,,,,,,8:30,21:00,,,,,,,,,,,,,,,,,,,,,,,
111007,1110070243100,埼玉県さいたま市,動物愛護ふれあいセンター,,,,,,,,,埼玉県さいたま市桜区大字神田950番地1,埼玉県,さいたま市桜区,,,,35.858239,139.605358,,,,,,,,,,,,8:30,17:15,,,,,,,,,,,,,,,,,,,,,,,
111007,1110070110800,埼玉県さいたま市,三つ和会館,,,,,,,,,埼玉県さいたま市大宮区三橋３丁目52番,埼玉県,さいたま市大宮区,,,,35.897837,139.608897,,,,,,,,,,,,9:00,21:00,,,,,,,,,,,,,,,,,,,,,,,
111007,1110070120000,埼玉県さいたま市,大宮ふれあい福祉センター,,,,,,,,,埼玉県さいたま市大宮区土手町１丁目213番1,埼玉県,さいたま市大宮区,,,,35.915715,139.621388,,,,,,,,,,,,9:00,21:00,,,,,,,,,,,,,,,,,,,,,,,
111007,1110070119900,埼玉県さいたま市,浦和ふれあい館,,,,,,,,,埼玉県さいたま市浦和区常盤９丁目30番22,埼玉県,さいたま市浦和区,,,,35.871149,139.642801,,,,,,,,,,,,9:00,21:30,,,,,,,,,,,,,,,,,,,,,,,
111007,1110070110102,埼玉県さいたま市,老人福祉センター馬宮荘,,,,,,,,,埼玉県さいたま市西区大字西遊馬533番1,埼玉県,さいたま市西区,,,,35.905091,139.572728,,,,,,,,,,,,9:00,17:00,,,,,,,,,,,,,,,,,,,,,,,
111007,1110070120700,埼玉県さいたま市,老人福祉センターしもか荘,,,,,,,,,埼玉県さいたま市北区日進町１丁目800番105,埼玉県,さいたま市北区,,,,35.925622,139.604739,,,,,,,,,,,,9:00,17:00,,,,,,,,,,,,,,,,,,,,,,,
111007,1110070120500,埼玉県さいたま市,老人福祉センターあずま荘,,,,,,,,,埼玉県さいたま市大宮区東町２丁目105番,埼玉県,さいたま市大宮区,,,,35.908922,139.631882,,,,,,,,,,,,9:00,17:00,,,,,,,,,,,,,,,,,,,,,,,
111007,1110070120600,埼玉県さいたま市,老人福祉センター東楽園,,,,,,,,,埼玉県さいたま市見沼区大字膝子1151番1,埼玉県,さいたま市見沼区,,,,35.925735,139.687759,,,,,,,,,,,,9:00,17:00,,,,,,,,,,,,,,,,,,,,,,,
111007,1110070120800,埼玉県さいたま市,老人福祉センターいこい荘,,,,,,,,,埼玉県さいたま市中央区下落合５丁目11番12,埼玉県,さいたま市中央区,,,,35.885223,139.626608,,,,,,,,,,,,9:00,17:00,,,,,,,,,,,,,,,,,,,,,,,
111007,1110070120400,埼玉県さいたま市,老人福祉センター寿楽荘,,,,,,,,,埼玉県さいたま市桜区大字下大久保727番1,埼玉県,さいたま市桜区,,,,35.863014,139.603471,,,,,,,,,,,,9:00,17:00,,,,,,,,,,,,,,,,,,,,,,,
111007,1110070319201,埼玉県さいたま市,老人福祉センター仲本荘,,,,,,,,,埼玉県さいたま市浦和区東仲町28番15,埼玉県,さいたま市浦和区,,,,35.860754,139.660064,,,,,,,,,,,,9:00,17:00,,,,,,,,,,,,,,,,,,,,,,,
111007,1110070687900,埼玉県さいたま市,老人福祉センター武蔵浦和荘,,,,,,,,,埼玉県さいたま市南区別所７丁目20番1,埼玉県,さいたま市南区,,,,35.845312,139.645361,,,,,,,,,,,,9:00,17:00,,,,,,,,,,,,,,,,,,,,,,,
111007,1110070120300,埼玉県さいたま市,老人福祉センター和楽荘,,,,,,,,,埼玉県さいたま市緑区大字三室2458番,埼玉県,さいたま市緑区,,,,35.890089,139.677542,,,,,,,,,,,,9:00,17:00,,,,,,,,,,,,,,,,,,,,,,,
111007,1110070266000,埼玉県さいたま市,老人福祉センター槻寿苑,,,,,,,,,埼玉県さいたま市岩槻区大字笹久保1393番,埼玉県,さいたま市岩槻区,,,,35.918468,139.712973,,,,,,,,,,,,9:00,17:00,,,,,,,,,,,,,,,,,,,,,,,
111007,1110070128302,埼玉県さいたま市,植水老人憩いの家,,,,,,,,,埼玉県さいたま市西区大字中野林174番1,埼玉県,さいたま市西区,,,,35.893749,139.592113,,,,,,,,,,,,9:00,18:00,,,,,,,,,,,,,,,,,,,,,,,
111007,1110070128402,埼玉県さいたま市,本郷老人憩いの家,,,,,,,,,埼玉県さいたま市北区本郷町1065番3,埼玉県,さいたま市北区,,,,35.94568,139.626181,,,,,,,,,,,,9:00,18:00,,,,,,,,,,,,,,,,,,,,,,,
111007,1110070128202,埼玉県さいたま市,宮原老人憩いの家,,,,,,,,,埼玉県さいたま市北区宮原町４丁目66番13,埼玉県,さいたま市北区,,,,35.947176,139.610957,,,,,,,,,,,,9:00,18:00,,,,,,,,,,,,,,,,,,,,,,,
111007,1110070121000,埼玉県さいたま市,三橋老人憩いの家分館,,,,,,,,,埼玉県さいたま市大宮区三橋２丁目259番1,埼玉県,さいたま市大宮区,,,,35.90052,139.60212,,,,,,,,,,,,9:00,18:00,,,,,,,,,,,,,,,,,,,,,,,
111007,1110070128102,埼玉県さいたま市,天沼老人憩いの家,,,,,,,,,埼玉県さいたま市大宮区天沼町１丁目194番,埼玉県,さいたま市大宮区,,,,35.90622,139.636937,,,,,,,,,,,,9:00,18:00,,,,,,,,,,,,,,,,,,,,,,,
111007,1110070127901,埼玉県さいたま市,三橋老人憩いの家,,,,,,,,,埼玉県さいたま市大宮区三橋２丁目59番,埼玉県,さいたま市大宮区,,,,35.902892,139.603953,,,,,,,,,,,,9:00,18:00,,,,,,,,,,,,,,,,,,,,,,,
111007,1110070128502,埼玉県さいたま市,片柳老人憩いの家,,,,,,,,,埼玉県さいたま市見沼区大字東新井710番78,埼玉県,さいたま市見沼区,,,,35.904846,139.66469,,,,,,,,,,,,9:00,18:00,,,,,,,,,,,,,,,,,,,,,,,
111007,1110070127201,埼玉県さいたま市,春野老人憩いの家,,,,,,,,,埼玉県さいたま市見沼区春野１丁目7番1,埼玉県,さいたま市見沼区,,,,35.955737,139.667932,,,,,,,,,,,,9:00,18:00,,,,,,,,,,,,,,,,,,,,,,,
111007,1110070128601,埼玉県さいたま市,与野本町老人憩いの家,,,,,,,,,埼玉県さいたま市中央区本町東５丁目17番25,埼玉県,さいたま市中央区,,,,35.8905,139.620388,,,,,,,,,,,,9:00,18:00,,,,,,,,,,,,,,,,,,,,,,,
111007,1110070275802,埼玉県さいたま市,老人憩いの家ふれあいプラザ,,,,,,,,,埼玉県さいたま市岩槻区東岩槻６丁目6番,埼玉県,さいたま市岩槻区,,,,35.962225,139.716584,,,,,,,,,,,,9:00,18:00,,,,,,,,,,,,,,,,,,,,,,,
111007,1110070863400,埼玉県さいたま市,大砂土デイサービスセンター,,,,,,,,,埼玉県さいたま市北区今羽町637番1,埼玉県,さいたま市北区,,,,35.95045991,139.626465,,,,,,,,,,,,8:30,17:30,,,,,,,,,,,,,,,,,,,,,,,
111007,1110070121200,埼玉県さいたま市,上峰デイサービスセンター,,,,,,,,,埼玉県さいたま市中央区上峰３丁目10番6,埼玉県,さいたま市中央区,,,,35.874693,139.620986,,,,,,,,,,,,8:30,17:30,,,,,,,,,,,,,,,,,,,,,,,
111007,1110070121100,埼玉県さいたま市,与野本町デイサービスセンター,,,,,,,,,埼玉県さいたま市中央区本町東４丁目7番20,埼玉県,さいたま市中央区,,,,35.885472,139.622138,,,,,,,,,,,,8:30,17:30,,,,,,,,,,,,,,,,,,,,,,,
111007,1110070266001,埼玉県さいたま市,槻寿苑デイサービスセンター,,,,,,,,,埼玉県さいたま市岩槻区大字笹久保1393番,埼玉県,さいたま市岩槻区,,,,35.918632,139.713226,,,,,,,,,,,,9:30,16:00,,,,,,,,,,,,,,,,,,,,,,,
111007,1110070121300,埼玉県さいたま市,健康福祉センター西楽園,,,,,,,,,埼玉県さいたま市西区大字宝来60番1,埼玉県,さいたま市西区,,,,35.932767,139.553757,,,,,,,,,,,,9:00,21:00,,,,,,,,,,,,,,,,,,,,,,,
111007,1110070881600,埼玉県さいたま市,健康福祉センター東楽園,,,,,,,,,埼玉県さいたま市見沼区膝子984番地,埼玉県,さいたま市見沼区,,,,35.92660306,139.6871239,,,,,,,,,,,,9:00,21:00,,,,,,,,,,,,,,,,,,,,,,,
111007,1110070245900,埼玉県さいたま市,高齢者生きがい活動センター,,,,,,,,,埼玉県さいたま市北区植竹町１丁目593番1,埼玉県,さいたま市北区,,,,35.927705,139.624087,,,,,,,,,,,,8:30,18:00,,,,,,,,,,,,,,,,,,,,,,,
111007,1110070385800,埼玉県さいたま市,シニアユニバーシティ活動ステーション,,,,,,,,,埼玉県さいたま市大宮区桜木町１丁目185番地2,埼玉県,さいたま市大宮区,,,,35.903373,139.622513,,,,,,,,,,,,9:00,17:00,,,,,,,,,,,,,,,,,,,,,,,
111007,1110070132700,埼玉県さいたま市,年輪荘,,,,,,,,,埼玉県さいたま市緑区大字中尾1404番,埼玉県,さいたま市緑区,,,,35.873594,139.686058,,,,,,,,,,,,,,,,,,,,,,,,,,,,,,,,,,,,
111007,1110070120200,埼玉県さいたま市,グリーンヒルうらわ,,,,,,,,,埼玉県さいたま市緑区馬場１丁目7番1,埼玉県,さいたま市緑区,,,,35.890778,139.680878,,,,,,,,,,,,,,,,,,,,,,,,,,,,,,,,,,,,
111007,1110070294400,埼玉県さいたま市,障害者総合支援センター,,,,,,,,,埼玉県さいたま市中央区鈴谷７丁目5番7,埼玉県,さいたま市中央区,,,,35.87441,139.624305,,,,,,,,,,,,8:30,18:00,,,,,,,,,,,,,,,,,,,,,,,
111007,1110070122600,埼玉県さいたま市,春光園うえみず,,,,,,,,,埼玉県さいたま市西区大字佐知川299番16,埼玉県,さいたま市西区,,,,35.90365,139.587518,,,,,,,,,,,,9:00,16:00,,,,,,,,,,,,,,,,,,,,,,,
111007,1110070122300,埼玉県さいたま市,大砂土障害者デイサービスセンター,,,,,,,,,埼玉県さいたま市北区本郷町17番7,埼玉県,さいたま市北区,,,,35.937651,139.626204,,,,,,,,,,,,9:00,16:00,,,,,,,,,,,,,,,,,,,,,,,
111007,1110070122500,埼玉県さいたま市,春光園けやき,,,,,,,,,埼玉県さいたま市見沼区宮ヶ谷塔１丁目280番,埼玉県,さいたま市見沼区,,,,35.950549,139.680251,,,,,,,,,,,,9:00,16:00,,,,,,,,,,,,,,,,,,,,,,,
111007,1110070763900,埼玉県さいたま市,はるの園,,,,,,,,,埼玉県さいたま市見沼区春野２丁目3番5,埼玉県,さいたま市見沼区,,,,35.957839,139.661741,,,,,,,,,,,,9:00,17:00,,,,,,,,,,,,,,,,,,,,,,,
111007,1110070122000,埼玉県さいたま市,みずき園,,,,,,,,,埼玉県さいたま市中央区大戸２丁目7番21,埼玉県,さいたま市中央区,,,,35.865167,139.633469,,,,,,,,,,,,9:00,16:00,,,,,,,,,,,,,,,,,,,,,,,
111007,1110070763800,埼玉県さいたま市,杉の子園,,,,,,,,,埼玉県さいたま市中央区大戸２丁目7番17,埼玉県,さいたま市中央区,,,,35.865644,139.633233,,,,,,,,,,,,9:00,17:00,,,,,,,,,,,,,,,,,,,,,,,
111007,1110070763700,埼玉県さいたま市,さくら草学園,,,,,,,,,埼玉県さいたま市浦和区領家１丁目5番16,埼玉県,さいたま市浦和区,,,,35.874636,139.658241,,,,,,,,,,,,9:00,17:00,,,,,,,,,,,,,,,,,,,,,,,
111007,1110070122400,埼玉県さいたま市,大崎むつみの里,,,,,,,,,埼玉県さいたま市緑区大字大崎37番1,埼玉県,さいたま市緑区,,,,35.882833,139.715686,,,,,,,,,,,,9:00,16:00,,,,,,,,,,,,,,,,,,,,,,,
111007,1110070266100,埼玉県さいたま市,槻の木・第1やまぶき,,,,,,,,,埼玉県さいたま市岩槻区古ヶ場２丁目1番11,埼玉県,さいたま市岩槻区,,,,35.9787,139.693089,,,,,,,,,,,,9:00,16:00,,,,,,,,,,,,,,,,,,,,,,,
111007,1110070266200,埼玉県さいたま市,槻の木,,,,,,,,,埼玉県さいたま市岩槻区大字黒谷1135番2,埼玉県,さいたま市岩槻区,,,,35.927806,139.719758,,,,,,,,,,,,9:00,16:00,,,,,,,,,,,,,,,,,,,,,,,
111007,1110070266300,埼玉県さいたま市,槻の木・第2やまぶき,,,,,,,,,埼玉県さいたま市岩槻区大字黒谷1282番１,埼玉県,さいたま市岩槻区,,,,35.927842,139.718914,,,,,,,,,,,,9:00,16:00,,,,,,,,,,,,,,,,,,,,,,,
111007,1110070132901,埼玉県さいたま市,障害福祉施設みのり園,,,,,,,,,埼玉県さいたま市西区三橋６丁目1587番,埼玉県,さいたま市西区,,,,35.920553,139.589646,,,,,,,,,,,,9:00,17:00,,,,,,,,,,,,,,,,,,,,,,,
111007,1110070132900,埼玉県さいたま市,総合療育センターひまわり学園,,,,,,,,,埼玉県さいたま市西区三橋６丁目1587番,埼玉県,さいたま市西区,,,,35.920833,139.590651,,,,,,,,,,,,9:00,17:00,,,,,,,,,,,,,,,,,,,,,,,
111007,1110070294500,埼玉県さいたま市,総合療育センターひまわり学園　療育センターさくら草,,,,,,,,,埼玉県さいたま市桜区田島２丁目16番2,埼玉県,さいたま市桜区,,,,35.843103,139.631487,,,,,,,,,,,,9:00,17:00,,,,,,,,,,,,,,,,,,,,,,,
111007,1110070881500,埼玉県さいたま市,療育センターひなぎく,,,,,,,,,埼玉県さいたま市岩槻区府内１丁目8番1,埼玉県,さいたま市岩槻区,,,,35.94381913,139.7108522,,,,,,,,,,,,9:00,17:00,,,,,,,,,,,,,,,,,,,,,,,
111007,1110070126300,埼玉県さいたま市,植水保育園,,,,,,,,,埼玉県さいたま市西区大字佐知川306番,埼玉県,さいたま市西区,,,,35.9035548,139.5871364,,,,,,,,,,,,7:30,19:30,,,,,,,,,,,,,,,,,,,,,,,
111007,1110070126800,埼玉県さいたま市,指扇保育園,,,,,,,,,埼玉県さいたま市西区大字高木567番3,埼玉県,さいたま市西区,,,,35.9274483,139.5707863,,,,,,,,,,,,7:30,19:30,,,,,,,,,,,,,,,,,,,,,,,
111007,1110070127000,埼玉県さいたま市,馬宮保育園,,,,,,,,,埼玉県さいたま市西区大字西遊馬119番,埼玉県,さいたま市西区,,,,35.9014867,139.5741551,,,,,,,,,,,,7:30,19:30,,,,,,,,,,,,,,,,,,,,,,,
111007,1110070127100,埼玉県さいたま市,三橋西保育園,,,,,,,,,埼玉県さいたま市西区三橋６丁目381番1,埼玉県,さいたま市西区,,,,35.9129169,139.5860387,,,,,,,,,,,,7:30,19:30,,,,,,,,,,,,,,,,,,,,,,,
111007,1110070126900,埼玉県さいたま市,泰平保育園,,,,,,,,,埼玉県さいたま市北区今羽町596番,埼玉県,さいたま市北区,,,,35.9484806,139.6262982,,,,,,,,,,,,7:30,19:30,,,,,,,,,,,,,,,,,,,,,,,
111007,1110070125300,埼玉県さいたま市,大砂土保育園,,,,,,,,,埼玉県さいたま市北区土呂町１丁目51番8,埼玉県,さいたま市北区,,,,35.9354279,139.628256,,,,,,,,,,,,7:30,19:30,,,,,,,,,,,,,,,,,,,,,,,
111007,1110070126600,埼玉県さいたま市,奈良保育園,,,,,,,,,埼玉県さいたま市北区奈良町125番6,埼玉県,さいたま市北区,,,,35.9491015,139.5979922,,,,,,,,,,,,7:30,19:30,,,,,,,,,,,,,,,,,,,,,,,
111007,1110070125700,埼玉県さいたま市,日進西保育園,,,,,,,,,埼玉県さいたま市北区日進町１丁目800番1,埼玉県,さいたま市北区,,,,35.9263081,139.6042299,,,,,,,,,,,,7:30,19:30,,,,,,,,,,,,,,,,,,,,,,,
111007,1110070125000,埼玉県さいたま市,日進保育園,,,,,,,,,埼玉県さいたま市北区日進町２丁目632番,埼玉県,さいたま市北区,,,,35.9296988,139.6092833,,,,,,,,,,,,7:30,19:30,,,,,,,,,,,,,,,,,,,,,,,
111007,1110070125100,埼玉県さいたま市,東大成保育園,,,,,,,,,埼玉県さいたま市北区東大成町２丁目103番,埼玉県,さいたま市北区,,,,35.9258554,139.6205332,,,,,,,,,,,,7:30,19:30,,,,,,,,,,,,,,,,,,,,,,,
111007,1110070125200,埼玉県さいたま市,宮原保育園,,,,,,,,,埼玉県さいたま市北区宮原町２丁目83番2,埼玉県,さいたま市北区,,,,35.9421783,139.6171527,,,,,,,,,,,,7:30,19:30,,,,,,,,,,,,,,,,,,,,,,,
111007,1110070125500,埼玉県さいたま市,天沼保育園,,,,,,,,,埼玉県さいたま市大宮区天沼町２丁目438番1,埼玉県,さいたま市大宮区,,,,35.8988286,139.6394986,,,,,,,,,,,,7:30,19:30,,,,,,,,,,,,,,,,,,,,,,,
111007,1110070126100,埼玉県さいたま市,大成保育園,,,,,,,,,埼玉県さいたま市大宮区大成町３丁目655番1,埼玉県,さいたま市大宮区,,,,35.915505,139.611419,,,,,,,,,,,,7:30,19:30,,,,,,,,,,,,,,,,,,,,,,,
111007,1110070125800,埼玉県さいたま市,上小保育園,,,,,,,,,埼玉県さいたま市大宮区上小町845番4,埼玉県,さいたま市大宮区,,,,35.9000089,139.6113249,,,,,,,,,,,,7:30,19:30,,,,,,,,,,,,,,,,,,,,,,,
111007,1110070124800,埼玉県さいたま市,大宮保育園,,,,,,,,,埼玉県さいたま市大宮区吉敷町１丁目132番3,埼玉県,さいたま市大宮区,,,,35.9013154,139.6306438,,,,,,,,,,,,7:30,20:30,,,,,,,,,,,,,,,,,,,,,,,
111007,1110070126500,埼玉県さいたま市,寿能保育園,,,,,,,,,埼玉県さいたま市大宮区寿能町２丁目140番,埼玉県,さいたま市大宮区,,,,35.9211386,139.6366859,,,,,,,,,,,,7:30,19:30,,,,,,,,,,,,,,,,,,,,,,,
111007,1110070125400,埼玉県さいたま市,三橋保育園,,,,,,,,,埼玉県さいたま市大宮区三橋２丁目929番,埼玉県,さいたま市大宮区,,,,35.9022307,139.6056913,,,,,,,,,,,,7:30,19:30,,,,,,,,,,,,,,,,,,,,,,,
111007,1110070500300,埼玉県さいたま市,桜木保育園,,,,,,,,,埼玉県さいたま市大宮区桜木町１丁目185番2,埼玉県,さいたま市大宮区,,,,35.9034905,139.622524,,,,,,,,,,,,7:30,19:30,,,,,,,,,,,,,,,,,,,,,,,
111007,1110070500301,埼玉県さいたま市,あおぞらウィンクルム保育園,,,,,,,,,埼玉県さいたま市大宮区桜木町１丁目185-2,埼玉県,さいたま市大宮区,,,,35.903373,139.622513,,,,,,,,,,,,7:30,20:00,,,,,,,,,,,,,,,,,,,,,,,
111007,1110070126000,埼玉県さいたま市,七里保育園,,,,,,,,,埼玉県さいたま市見沼区大字大谷1985番,埼玉県,さいたま市見沼区,,,,35.9266013,139.6754239,,,,,,,,,,,,7:30,19:30,,,,,,,,,,,,,,,,,,,,,,,
111007,1110070125600,埼玉県さいたま市,大和田保育園,,,,,,,,,埼玉県さいたま市見沼区大和田町１丁目1230番92,埼玉県,さいたま市見沼区,,,,35.9244361,139.6522634,,,,,,,,,,,,7:30,19:30,,,,,,,,,,,,,,,,,,,,,,,
111007,1110070126700,埼玉県さいたま市,七里東保育園,,,,,,,,,埼玉県さいたま市見沼区大字新堤40番,埼玉県,さいたま市見沼区,,,,35.9310369,139.6713813,,,,,,,,,,,,7:30,19:30,,,,,,,,,,,,,,,,,,,,,,,
111007,1110070127200,埼玉県さいたま市,春野保育園,,,,,,,,,埼玉県さいたま市見沼区春野１丁目7番1,埼玉県,さいたま市見沼区,,,,35.9556838,139.6679948,,,,,,,,,,,,7:30,19:30,,,,,,,,,,,,,,,,,,,,,,,
111007,1110070126400,埼玉県さいたま市,東大宮保育園,,,,,,,,,埼玉県さいたま市見沼区丸ヶ崎町13番13,埼玉県,さいたま市見沼区,,,,35.9536105,139.6513747,,,,,,,,,,,,7:30,19:30,,,,,,,,,,,,,,,,,,,,,,,
111007,1110070126200,埼玉県さいたま市,片柳保育園,,,,,,,,,埼玉県さいたま市見沼区大字御蔵796番,埼玉県,さいたま市見沼区,,,,35.9064357,139.6693388,,,,,,,,,,,,7:30,19:30,,,,,,,,,,,,,,,,,,,,,,,
111007,1110070127500,埼玉県さいたま市,大戸保育園,,,,,,,,,埼玉県さいたま市中央区大戸２丁目7番19,埼玉県,さいたま市中央区,,,,35.8654006,139.6333921,,,,,,,,,,,,7:30,19:30,,,,,,,,,,,,,,,,,,,,,,,
111007,1110070127300,埼玉県さいたま市,上落合保育園,,,,,,,,,埼玉県さいたま市中央区上落合２丁目9番10,埼玉県,さいたま市中央区,,,,35.8896879,139.6263099,,,,,,,,,,,,7:30,19:30,,,,,,,,,,,,,,,,,,,,,,,
111007,1110071810,埼玉県さいたま市,鈴谷保育園,,,,,,,,,埼玉県さいたま市中央区鈴谷７丁目3-31,埼玉県,さいたま市中央区,,,,35.8741724,139.6261943,,,,,,,,,,,,7:30,19:30,,,,,,,,,,,,,,,,,,,,,,,
111007,1110070825700,埼玉県さいたま市,下落合保育園,,,,,,,,,埼玉県さいたま市中央区上落合１丁目5番3,埼玉県,さいたま市中央区,,,,35.89019932,139.632093,,,,,,,,,,,,7:30,19:30,,,,,,,,,,,,,,,,,,,,,,,
111007,1110070127700,埼玉県さいたま市,八王子保育園,,,,,,,,,埼玉県さいたま市中央区八王子５丁目12番17,埼玉県,さいたま市中央区,,,,35.8806327,139.6053678,,,,,,,,,,,,7:30,19:30,,,,,,,,,,,,,,,,,,,,,,,
111007,1110070127400,埼玉県さいたま市,医療的ケア児保育支援センター,,,,,,,,,埼玉県さいたま市中央区本町東７丁目4番19,埼玉県,さいたま市中央区,,,,35.8915592,139.6207431,,,,,,,,,,,,9:00,16:00,,,,,,,,,,,,,,,,,,,,,,,
111007,1110070123400,埼玉県さいたま市,大久保保育園,,,,,,,,,埼玉県さいたま市桜区大字大久保領家373番1,埼玉県,さいたま市桜区,,,,35.8695246,139.602856,,,,,,,,,,,,7:30,19:30,,,,,,,,,,,,,,,,,,,,,,,
111007,1110070124600,埼玉県さいたま市,上大久保保育園,,,,,,,,,埼玉県さいたま市桜区大字上大久保940番3,埼玉県,さいたま市桜区,,,,35.8693844,139.6093487,,,,,,,,,,,,7:30,19:30,,,,,,,,,,,,,,,,,,,,,,,
111007,1110070123700,埼玉県さいたま市,田島保育園,,,,,,,,,埼玉県さいたま市桜区田島２丁目16番7,埼玉県,さいたま市桜区,,,,35.8434562,139.6314637,,,,,,,,,,,,7:30,19:30,,,,,,,,,,,,,,,,,,,,,,,
111007,1110071803,埼玉県さいたま市,白鍬保育園,,,,,,,,,埼玉県さいたま市桜区大字白鍬字木畔511番,埼玉県,さいたま市桜区,,,,35.884807,139.603948,,,,,,,,,,,,7:30,19:30,,,,,,,,,,,,,,,,,,,,,,,
111007,1110071804,埼玉県さいたま市,西堀保育園,,,,,,,,,埼玉県さいたま市桜区桜田３丁目9番12,埼玉県,さいたま市桜区,,,,35.8520724,139.6188596,,,,,,,,,,,,7:30,19:30,,,,,,,,,,,,,,,,,,,,,,,
111007,1110070123000,埼玉県さいたま市,岸町保育園,,,,,,,,,埼玉県さいたま市浦和区岸町６丁目5番12,埼玉県,さいたま市浦和区,,,,35.8537244,139.6516905,,,,,,,,,,,,7:30,19:30,,,,,,,,,,,,,,,,,,,,,,,
111007,1110070123300,埼玉県さいたま市,駒場保育園,,,,,,,,,埼玉県さいたま市浦和区駒場１丁目27番7,埼玉県,さいたま市浦和区,,,,35.8721095,139.6602933,,,,,,,,,,,,7:30,19:30,,,,,,,,,,,,,,,,,,,,,,,
111007,1110070124000,埼玉県さいたま市,常盤保育園,,,,,,,,,埼玉県さいたま市浦和区常盤９丁目3番16,埼玉県,さいたま市浦和区,,,,35.8671279,139.6468403,,,,,,,,,,,,7:30,20:30,,,,,,,,,,,,,,,,,,,,,,,
111007,1110070123500,埼玉県さいたま市,浦和中央保育園,,,,,,,,,埼玉県さいたま市浦和区仲町２丁目13番7,埼玉県,さいたま市浦和区,,,,35.8585946,139.6518365,,,,,,,,,,,,7:30,20:30,,,,,,,,,,,,,,,,,,,,,,,
111007,1110070124500,埼玉県さいたま市,針ｹ谷保育園,,,,,,,,,埼玉県さいたま市浦和区針ヶ谷１丁目4番3,埼玉県,さいたま市浦和区,,,,35.8797377,139.6420802,,,,,,,,,,,,7:30,19:30,,,,,,,,,,,,,,,,,,,,,,,
111007,1110070124200,埼玉県さいたま市,東仲町保育園,,,,,,,,,埼玉県さいたま市浦和区東仲町28番16,埼玉県,さいたま市浦和区,,,,35.8606002,139.6600946,,,,,,,,,,,,7:30,19:30,,,,,,,,,,,,,,,,,,,,,,,
111007,1110070123100,埼玉県さいたま市,本太保育園,,,,,,,,,埼玉県さいたま市浦和区本太４丁目3番15,埼玉県,さいたま市浦和区,,,,35.8667887,139.6575734,,,,,,,,,,,,7:30,19:30,,,,,,,,,,,,,,,,,,,,,,,
111007,1110070123200,埼玉県さいたま市,領家保育園,,,,,,,,,埼玉県さいたま市浦和区領家７丁目14番16,埼玉県,さいたま市浦和区,,,,35.8823899,139.6490665,,,,,,,,,,,,7:30,19:30,,,,,,,,,,,,,,,,,,,,,,,
111007,1110071805,埼玉県さいたま市,常盤北保育園,,,,,,,,,埼玉県さいたま市浦和区針ヶ谷４丁目1番1,埼玉県,さいたま市浦和区,,,,35.8775811,139.6408305,,,,,,,,,,,,7:30,19:30,,,,,,,,,,,,,,,,,,,,,,,
111007,1110070688000,埼玉県さいたま市,大東保育園,,,,,,,,,埼玉県さいたま市浦和区大東２丁目１８番７号,埼玉県,さいたま市浦和区,,,,35.882009,139.662588,,,,,,,,,,,,7:30,19:30,,,,,,,,,,,,,,,,,,,,,,,
111007,1110070124300,埼玉県さいたま市,大谷口保育園,,,,,,,,,埼玉県さいたま市南区大字大谷口1089番1,埼玉県,さいたま市南区,,,,35.8614998,139.6770428,,,,,,,,,,,,7:30,19:30,,,,,,,,,,,,,,,,,,,,,,,
111007,1110070124700,埼玉県さいたま市,武蔵浦和保育園,,,,,,,,,埼玉県さいたま市南区鹿手袋４丁目1番12,埼玉県,さいたま市南区,,,,35.8487029,139.6421426,,,,,,,,,,,,7:30,19:30,,,,,,,,,,,,,,,,,,,,,,,
111007,1110070124100,埼玉県さいたま市,白幡保育園,,,,,,,,,埼玉県さいたま市南区白幡３丁目1番2,埼玉県,さいたま市南区,,,,35.8448493,139.6554829,,,,,,,,,,,,7:30,20:30,,,,,,,,,,,,,,,,,,,,,,,
111007,1110070123600,埼玉県さいたま市,南浦和保育園,,,,,,,,,埼玉県さいたま市南区根岸２丁目19番3,埼玉県,さいたま市南区,,,,35.8400479,139.6652486,,,,,,,,,,,,7:30,19:30,,,,,,,,,,,,,,,,,,,,,,,
111007,1110070401200,埼玉県さいたま市,曲本保育園,,,,,,,,,埼玉県さいたま市南区曲本４丁目5番7,埼玉県,さいたま市南区,,,,35.838065,139.642113,,,,,,,,,,,,7:30,19:30,,,,,,,,,,,,,,,,,,,,,,,
111007,1110071806,埼玉県さいたま市,文蔵保育園,,,,,,,,,埼玉県さいたま市南区文蔵３丁目7番14,埼玉県,さいたま市南区,,,,35.8400475,139.6756052,,,,,,,,,,,,7:30,19:30,,,,,,,,,,,,,,,,,,,,,,,
111007,1110071807,埼玉県さいたま市,大谷場保育園,,,,,,,,,埼玉県さいたま市南区南浦和３丁目36番11,埼玉県,さいたま市南区,,,,35.8463121,139.6742633,,,,,,,,,,,,7:30,19:30,,,,,,,,,,,,,,,,,,,,,,,
111007,1110071808,埼玉県さいたま市,辻保育園,,,,,,,,,埼玉県さいたま市南区辻３丁目10番15,埼玉県,さいたま市南区,,,,35.8393229,139.6573881,,,,,,,,,,,,7:30,19:30,,,,,,,,,,,,,,,,,,,,,,,
111007,1110070123900,埼玉県さいたま市,原山保育園,,,,,,,,,埼玉県さいたま市緑区原山１丁目7番2,埼玉県,さいたま市緑区,,,,35.8694891,139.6720253,,,,,,,,,,,,7:30,19:30,,,,,,,,,,,,,,,,,,,,,,,
111007,1110070124400,埼玉県さいたま市,三室保育園,,,,,,,,,埼玉県さいたま市緑区大字三室1629番6,埼玉県,さいたま市緑区,,,,35.8826603,139.6787069,,,,,,,,,,,,7:30,19:30,,,,,,,,,,,,,,,,,,,,,,,
111007,1110070123800,埼玉県さいたま市,尾間木保育園,,,,,,,,,埼玉県さいたま市緑区大字中尾1432番5,埼玉県,さいたま市緑区,,,,35.8733279,139.6860998,,,,,,,,,,,,7:30,19:30,,,,,,,,,,,,,,,,,,,,,,,
111007,1110070266700,埼玉県さいたま市,諏訪保育園,,,,,,,,,埼玉県さいたま市岩槻区諏訪２丁目5番1,埼玉県,さいたま市岩槻区,,,,35.9691143,139.7090236,,,,,,,,,,,,7:30,19:30,,,,,,,,,,,,,,,,,,,,,,,
111007,1110070266500,埼玉県さいたま市,西町保育園,,,,,,,,,埼玉県さいたま市岩槻区西町３丁目1番24,埼玉県,さいたま市岩槻区,,,,35.9531017,139.6865264,,,,,,,,,,,,7:30,19:30,,,,,,,,,,,,,,,,,,,,,,,
111007,1110070266600,埼玉県さいたま市,岩槻本町保育園,,,,,,,,,埼玉県さいたま市岩槻区本町2丁目5番5号,埼玉県,さいたま市岩槻区,,,,35.94415654,139.6935499,,,,,,,,,,,,7:30,19:30,,,,,,,,,,,,,,,,,,,,,,,
111007,1110070266800,埼玉県さいたま市,美幸保育園,,,,,,,,,埼玉県さいたま市岩槻区美幸町3番18,埼玉県,さいたま市岩槻区,,,,35.9602155,139.6909925,,,,,,,,,,,,7:30,19:30,,,,,,,,,,,,,,,,,,,,,,,
111007,1110070110104,埼玉県さいたま市,馬宮放課後児童クラブ,,,,,,,,,埼玉県さいたま市西区大字西遊馬533番1,埼玉県,さいたま市西区,,,,35.9051354,139.5726979,,,,,,,,,,,,12:00,19:00,,,,,,,,,,,,,,,,,,,,,,,
111007,1110070128301,埼玉県さいたま市,植水放課後児童クラブ,,,,,,,,,埼玉県さいたま市西区大字中野林174番1,埼玉県,さいたま市西区,,,,35.8937691,139.5921074,,,,,,,,,,,,12:00,19:00,,,,,,,,,,,,,,,,,,,,,,,
111007,1110070303700,埼玉県さいたま市,栄放課後児童クラブ,,,,,,,,,埼玉県さいたま市西区大字指扇610番3,埼玉県,さいたま市西区,,,,35.9076897,139.5819062,,,,,,,,,,,,12:00,19:00,,,,,,,,,,,,,,,,,,,,,,,
111007,1110070131400,埼玉県さいたま市,佐知川放課後児童クラブ,,,,,,,,,埼玉県さいたま市西区大字佐知川299番16,埼玉県,さいたま市西区,,,,35.9036393,139.5875339,,,,,,,,,,,,12:00,19:00,,,,,,,,,,,,,,,,,,,,,,,
111007,1110070131200,埼玉県さいたま市,宮前放課後児童クラブ,,,,,,,,,埼玉県さいたま市西区宮前町443番,埼玉県,さいたま市西区,,,,35.9241206,139.5946766,,,,,,,,,,,,12:00,19:00,,,,,,,,,,,,,,,,,,,,,,,
111007,1110070206300,埼玉県さいたま市,植水第二放課後児童クラブ,,,,,,,,,埼玉県さいたま市西区大字中野林225番3,埼玉県,さいたま市西区,,,,35.8936735,139.5936994,,,,,,,,,,,,12:00,19:00,,,,,,,,,,,,,,,,,,,,,,,
111007,1110070122301,埼玉県さいたま市,大砂土放課後児童クラブ,,,,,,,,,埼玉県さいたま市北区本郷町17番7,埼玉県,さいたま市北区,,,,35.9376549,139.6262295,,,,,,,,,,,,12:00,19:00,,,,,,,,,,,,,,,,,,,,,,,
111007,1110070128401,埼玉県さいたま市,本郷放課後児童クラブ,,,,,,,,,埼玉県さいたま市北区本郷町1065番3,埼玉県,さいたま市北区,,,,35.9456886,139.6262123,,,,,,,,,,,,12:00,19:00,,,,,,,,,,,,,,,,,,,,,,,
111007,1110070128001,埼玉県さいたま市,植竹放課後児童クラブ,,,,,,,,,埼玉県さいたま市北区盆栽町430番,埼玉県,さいたま市北区,,,,35.9273665,139.6281166,,,,,,,,,,,,12:00,19:00,,,,,,,,,,,,,,,,,,,,,,,
111007,1110070128201,埼玉県さいたま市,宮原放課後児童クラブ,,,,,,,,,埼玉県さいたま市北区宮原町４丁目66番13,埼玉県,さいたま市北区,,,,35.9471921,139.6109898,,,,,,,,,,,,12:00,19:00,,,,,,,,,,,,,,,,,,,,,,,
111007,1110070128101,埼玉県さいたま市,天沼放課後児童クラブ,,,,,,,,,埼玉県さいたま市大宮区天沼町１丁目194番,埼玉県,さいたま市大宮区,,,,35.9062195,139.636951,,,,,,,,,,,,12:00,19:00,,,,,,,,,,,,,,,,,,,,,,,
111007,1110070131500,埼玉県さいたま市,三橋放課後児童クラブ,,,,,,,,,埼玉県さいたま市大宮区三橋２丁目59番,埼玉県,さいたま市大宮区,,,,35.9028746,139.6039596,,,,,,,,,,,,12:00,19:00,,,,,,,,,,,,,,,,,,,,,,,
111007,1110070128501,埼玉県さいたま市,海老沼放課後児童クラブ,,,,,,,,,埼玉県さいたま市見沼区大字東新井710番78,埼玉県,さいたま市見沼区,,,,35.9048395,139.6646815,,,,,,,,,,,,12:00,19:00,,,,,,,,,,,,,,,,,,,,,,,
111007,1110070131600,埼玉県さいたま市,東大宮放課後児童クラブ,,,,,,,,,埼玉県さいたま市見沼区東大宮７丁目5番18,埼玉県,さいたま市見沼区,,,,35.9467591,139.645493,,,,,,,,,,,,12:00,19:00,,,,,,,,,,,,,,,,,,,,,,,
111007,1110070131300,埼玉県さいたま市,七里放課後児童クラブ,,,,,,,,,埼玉県さいたま市見沼区大字東宮下392番,埼玉県,さいたま市見沼区,,,,35.9307008,139.6761569,,,,,,,,,,,,12:00,19:00,,,,,,,,,,,,,,,,,,,,,,,
111007,1110070127203,埼玉県さいたま市,春野放課後児童クラブ,,,,,,,,,埼玉県さいたま市見沼区春野１丁目7番1,埼玉県,さいたま市見沼区,,,,35.9556838,139.6679948,,,,,,,,,,,,12:00,19:00,,,,,,,,,,,,,,,,,,,,,,,
111007,1110070039301,埼玉県さいたま市,東宮下放課後児童クラブ,,,,,,,,,埼玉県さいたま市見沼区大字東宮下215番1,埼玉県,さいたま市見沼区,,,,35.9259145,139.6776449,,,,,,,,,,,,12:00,19:00,,,,,,,,,,,,,,,,,,,,,,,
111007,1110070128801,埼玉県さいたま市,与野南放課後児童クラブ,,,,,,,,,埼玉県さいたま市中央区大戸６丁目2番19,埼玉県,さいたま市中央区,,,,35.8671526,139.6348035,,,,,,,,,,,,12:00,19:00,,,,,,,,,,,,,,,,,,,,,,,
111007,1110070131900,埼玉県さいたま市,与野西北放課後児童クラブ,,,,,,,,,埼玉県さいたま市中央区円阿弥４丁目3番7,埼玉県,さいたま市中央区,,,,35.88721,139.6075079,,,,,,,,,,,,12:00,19:00,,,,,,,,,,,,,,,,,,,,,,,
111007,1110070131800,埼玉県さいたま市,与野本町放課後児童クラブ,,,,,,,,,埼玉県さいたま市中央区本町東３丁目5番23,埼玉県,さいたま市中央区,,,,35.8840107,139.6233934,,,,,,,,,,,,12:00,19:00,,,,,,,,,,,,,,,,,,,,,,,
111007,1110070040001,埼玉県さいたま市,下落合放課後児童クラブ,,,,,,,,,埼玉県さいたま市中央区上落合１丁目7番33,埼玉県,さいたま市中央区,,,,35.8899739,139.6318691,,,,,,,,,,,,12:00,19:00,,,,,,,,,,,,,,,,,,,,,,,
111007,1110070039801,埼玉県さいたま市,上落合放課後児童クラブ,,,,,,,,,埼玉県さいたま市中央区上落合４丁目14番24,埼玉県,さいたま市中央区,,,,35.8938249,139.6253201,,,,,,,,,,,,12:00,19:00,,,,,,,,,,,,,,,,,,,,,,,
111007,1110070039901,埼玉県さいたま市,大戸放課後児童クラブ,,,,,,,,,埼玉県さいたま市中央区新中里１丁目6番28,埼玉県,さいたま市中央区,,,,35.8725503,139.6354433,,,,,,,,,,,,12:00,19:00,,,,,,,,,,,,,,,,,,,,,,,
111007,1110070040201,埼玉県さいたま市,鈴谷放課後児童クラブ,,,,,,,,,埼玉県さいたま市中央区鈴谷５丁目1番1,埼玉県,さいたま市中央区,,,,35.8710612,139.6311672,,,,,,,,,,,,12:00,19:00,,,,,,,,,,,,,,,,,,,,,,,
111007,1110070040301,埼玉県さいたま市,与野八幡放課後児童クラブ,,,,,,,,,埼玉県さいたま市中央区本町東５丁目23番14,埼玉県,さいたま市中央区,,,,35.8905035,139.6218811,,,,,,,,,,,,12:00,19:00,,,,,,,,,,,,,,,,,,,,,,,
111007,1110070130900,埼玉県さいたま市,新開放課後児童クラブ,,,,,,,,,埼玉県さいたま市桜区新開２丁目18番1,埼玉県,さいたま市桜区,,,,35.8507174,139.6174729,,,,,,,,,,,,12:00,19:00,,,,,,,,,,,,,,,,,,,,,,,
111007,1110070130400,埼玉県さいたま市,田島放課後児童クラブ,,,,,,,,,埼玉県さいたま市桜区田島１０丁目7番14,埼玉県,さいたま市桜区,,,,35.8389981,139.6233547,,,,,,,,,,,,12:00,19:00,,,,,,,,,,,,,,,,,,,,,,,
111007,1110070303800,埼玉県さいたま市,中島放課後児童クラブ,,,,,,,,,埼玉県さいたま市桜区中島１丁目28番1,埼玉県,さいたま市桜区,,,,35.8648519,139.6233676,,,,,,,,,,,,12:00,19:00,,,,,,,,,,,,,,,,,,,,,,,
111007,1110070314300,埼玉県さいたま市,土合放課後児童クラブ,,,,,,,,,埼玉県さいたま市桜区南元宿１丁目11番1,埼玉県,さいたま市桜区,,,,35.858801,139.6264248,,,,,,,,,,,,12:00,19:00,,,,,,,,,,,,,,,,,,,,,,,
111007,1110070206100,埼玉県さいたま市,大久保東放課後児童クラブ,,,,,,,,,埼玉県さいたま市桜区大字大久保領家331番,埼玉県,さいたま市桜区,,,,35.871326,139.6040776,,,,,,,,,,,,12:00,19:00,,,,,,,,,,,,,,,,,,,,,,,
111007,1110070123701,埼玉県さいたま市,西浦和放課後児童クラブ,,,,,,,,,埼玉県さいたま市桜区田島２丁目16番7,埼玉県,さいたま市桜区,,,,35.8434562,139.6314637,,,,,,,,,,,,12:00,19:00,,,,,,,,,,,,,,,,,,,,,,,
111007,1110070033501,埼玉県さいたま市,大久保放課後児童クラブ,,,,,,,,,埼玉県さいたま市桜区大字五関21番,埼玉県,さいたま市桜区,,,,35.8721424,139.5982639,,,,,,,,,,,,12:00,19:00,,,,,,,,,,,,,,,,,,,,,,,
111007,1110070034701,埼玉県さいたま市,栄和放課後児童クラブ,,,,,,,,,埼玉県さいたま市桜区栄和１丁目7番1,埼玉県,さいたま市桜区,,,,35.8613438,139.6173915,,,,,,,,,,,,12:00,19:00,,,,,,,,,,,,,,,,,,,,,,,
111007,1110070035301,埼玉県さいたま市,神田放課後児童クラブ,,,,,,,,,埼玉県さいたま市桜区大字神田541番1,埼玉県,さいたま市桜区,,,,35.8749281,139.6068702,,,,,,,,,,,,12:00,19:00,,,,,,,,,,,,,,,,,,,,,,,
111007,1110070129400,埼玉県さいたま市,上木崎放課後児童クラブ,,,,,,,,,埼玉県さいたま市浦和区上木崎３丁目11番33,埼玉県,さいたま市浦和区,,,,35.8886409,139.6446804,,,,,,,,,,,,12:00,19:00,,,,,,,,,,,,,,,,,,,,,,,
111007,1110070130100,埼玉県さいたま市,北浦和放課後児童クラブ,,,,,,,,,埼玉県さいたま市浦和区北浦和２丁目18番3,埼玉県,さいたま市浦和区,,,,35.8771269,139.6491285,,,,,,,,,,,,12:00,19:00,,,,,,,,,,,,,,,,,,,,,,,
111007,1110070246900,埼玉県さいたま市,常盤放課後児童クラブ,,,,,,,,,埼玉県さいたま市浦和区常盤９丁目30番9,埼玉県,さいたま市浦和区,,,,35.8689472,139.644761,,,,,,,,,,,,12:00,19:00,,,,,,,,,,,,,,,,,,,,,,,
111007,1110070129600,埼玉県さいたま市,仲町放課後児童クラブ,,,,,,,,,埼玉県さいたま市浦和区仲町４丁目7番6,埼玉県,さいたま市浦和区,,,,35.8601784,139.6451647,,,,,,,,,,,,12:00,19:00,,,,,,,,,,,,,,,,,,,,,,,
111007,1110070130700,埼玉県さいたま市,本太放課後児童クラブ,,,,,,,,,埼玉県さいたま市浦和区本太４丁目3番39,埼玉県,さいたま市浦和区,,,,35.8656386,139.6568972,,,,,,,,,,,,12:00,19:00,,,,,,,,,,,,,,,,,,,,,,,
111007,1110070130200,埼玉県さいたま市,木崎放課後児童クラブ,,,,,,,,,埼玉県さいたま市浦和区領家４丁目20番1,埼玉県,さいたま市浦和区,,,,35.8824363,139.6536774,,,,,,,,,,,,12:00,19:00,,,,,,,,,,,,,,,,,,,,,,,
111007,1110070131000,埼玉県さいたま市,針ケ谷放課後児童クラブ,,,,,,,,,埼玉県さいたま市浦和区領家７丁目2番19,埼玉県,さいたま市浦和区,,,,35.8811049,139.6500344,,,,,,,,,,,,12:00,19:00,,,,,,,,,,,,,,,,,,,,,,,
111007,1110070031901,埼玉県さいたま市,高砂放課後児童クラブ,,,,,,,,,埼玉県さいたま市浦和区岸町４丁目1番29,埼玉県,さいたま市浦和区,,,,35.8565402,139.6567957,,,,,,,,,,,,12:00,19:00,,,,,,,,,,,,,,,,,,,,,,,
111007,1110070033201,埼玉県さいたま市,岸町放課後児童クラブ,,,,,,,,,埼玉県さいたま市浦和区岸町５丁目20番4,埼玉県,さいたま市浦和区,,,,35.851378,139.6508584,,,,,,,,,,,,12:00,19:00,,,,,,,,,,,,,,,,,,,,,,,
111007,1110070034301,埼玉県さいたま市,大東放課後児童クラブ,,,,,,,,,埼玉県さいたま市浦和区大東３丁目14番1,埼玉県,さいたま市浦和区,,,,35.8834452,139.6643849,,,,,,,,,,,,12:00,19:00,,,,,,,,,,,,,,,,,,,,,,,
111007,1110070127801,埼玉県さいたま市,浦和別所放課後児童クラブ,,,,,,,,,埼玉県さいたま市南区別所２丁目15番6,埼玉県,さいたま市南区,,,,35.8513468,139.6461043,,,,,,,,,,,,12:00,19:00,,,,,,,,,,,,,,,,,,,,,,,
111007,1110070131100,埼玉県さいたま市,大谷口放課後児童クラブ,,,,,,,,,埼玉県さいたま市南区大字大谷口993番16,埼玉県,さいたま市南区,,,,35.8602188,139.6811586,,,,,,,,,,,,12:00,19:00,,,,,,,,,,,,,,,,,,,,,,,
111007,1110070130300,埼玉県さいたま市,善前放課後児童クラブ,,,,,,,,,埼玉県さいたま市南区大字太田窪2500番1,埼玉県,さいたま市南区,,,,35.8540178,139.6871988,,,,,,,,,,,,12:00,19:00,,,,,,,,,,,,,,,,,,,,,,,
111007,1110070128900,埼玉県さいたま市,谷田放課後児童クラブ,,,,,,,,,埼玉県さいたま市南区太田窪５丁目10番6,埼玉県,さいたま市南区,,,,35.8563425,139.6779167,,,,,,,,,,,,12:00,19:00,,,,,,,,,,,,,,,,,,,,,,,
111007,1110070129800,埼玉県さいたま市,沼影放課後児童クラブ,,,,,,,,,埼玉県さいたま市南区曲本４丁目7番6,埼玉県,さいたま市南区,,,,35.8378645,139.6403744,,,,,,,,,,,,12:00,19:00,,,,,,,,,,,,,,,,,,,,,,,
111007,1110070129100,埼玉県さいたま市,大谷場放課後児童クラブ,,,,,,,,,埼玉県さいたま市南区南浦和１丁目18番3,埼玉県,さいたま市南区,,,,35.8527792,139.6679633,,,,,,,,,,,,12:00,19:00,,,,,,,,,,,,,,,,,,,,,,,
111007,1110070129700,埼玉県さいたま市,南浦和放課後児童クラブ,,,,,,,,,埼玉県さいたま市南区南本町１丁目18番13,埼玉県,さいたま市南区,,,,35.8442508,139.6655522,,,,,,,,,,,,12:00,19:00,,,,,,,,,,,,,,,,,,,,,,,
111007,1110070124701,埼玉県さいたま市,浦和大里放課後児童クラブ,,,,,,,,,埼玉県さいたま市南区鹿手袋４丁目1番12,埼玉県,さいたま市南区,,,,35.8487029,139.6421426,,,,,,,,,,,,12:00,19:00,,,,,,,,,,,,,,,,,,,,,,,
111007,1110070033801,埼玉県さいたま市,大谷場東放課後児童クラブ,,,,,,,,,埼玉県さいたま市南区大谷場２丁目13番54,埼玉県,さいたま市南区,,,,35.8534215,139.6742528,,,,,,,,,,,,12:00,19:00,,,,,,,,,,,,,,,,,,,,,,,
111007,1110070034201,埼玉県さいたま市,辻放課後児童クラブ,,,,,,,,,埼玉県さいたま市南区辻６丁目3番28,埼玉県,さいたま市南区,,,,35.8332822,139.6583359,,,,,,,,,,,,12:00,19:00,,,,,,,,,,,,,,,,,,,,,,,
111007,1110070695302,埼玉県さいたま市,文蔵放課後児童クラブ,,,,,,,,,埼玉県さいたま市南区文蔵４丁目19番3,埼玉県,さいたま市南区,,,,35.837957,139.6695771,,,,,,,,,,,,12:00,19:00,,,,,,,,,,,,,,,,,,,,,,,
111007,1110070130800,埼玉県さいたま市,大門放課後児童クラブ,,,,,,,,,埼玉県さいたま市緑区大字大門1361番13,埼玉県,さいたま市緑区,,,,35.8821515,139.7333349,,,,,,,,,,,,12:00,19:00,,,,,,,,,,,,,,,,,,,,,,,
111007,1110070362700,埼玉県さいたま市,中尾放課後児童クラブ,,,,,,,,,埼玉県さいたま市緑区大字中尾40番1,埼玉県,さいたま市緑区,,,,35.8687623,139.6821471,,,,,,,,,,,,12:00,19:00,,,,,,,,,,,,,,,,,,,,,,,
111007,1110070130500,埼玉県さいたま市,原山放課後児童クラブ,,,,,,,,,埼玉県さいたま市緑区原山１丁目22番20,埼玉県,さいたま市緑区,,,,35.8678076,139.6737952,,,,,,,,,,,,12:00,19:00,,,,,,,,,,,,,,,,,,,,,,,
111007,1110070130600,埼玉県さいたま市,大牧放課後児童クラブ,,,,,,,,,埼玉県さいたま市緑区東浦和６丁目13番15,埼玉県,さいたま市緑区,,,,35.8728879,139.7062927,,,,,,,,,,,,12:00,19:00,,,,,,,,,,,,,,,,,,,,,,,
111007,1110070129300,埼玉県さいたま市,三室放課後児童クラブ,,,,,,,,,埼玉県さいたま市緑区松木１丁目4番11,埼玉県,さいたま市緑区,,,,35.8842246,139.6847253,,,,,,,,,,,,12:00,19:00,,,,,,,,,,,,,,,,,,,,,,,
111007,1110070034001,埼玉県さいたま市,野田放課後児童クラブ,,,,,,,,,埼玉県さいたま市緑区大字上野田16番,埼玉県,さいたま市緑区,,,,35.9002313,139.7039468,,,,,,,,,,,,12:00,19:00,,,,,,,,,,,,,,,,,,,,,,,
111007,1110070034801,埼玉県さいたま市,道祖土放課後児童クラブ,,,,,,,,,埼玉県さいたま市緑区道祖土１丁目1番1,埼玉県,さいたま市緑区,,,,35.8747684,139.6694647,,,,,,,,,,,,12:00,19:00,,,,,,,,,,,,,,,,,,,,,,,
111007,1110070266900,埼玉県さいたま市,城北放課後児童クラブ,,,,,,,,,埼玉県さいたま市岩槻区大字岩槻6619番,埼玉県,さいたま市岩槻区,,,,35.9620993,139.6933735,,,,,,,,,,,,12:00,19:00,,,,,,,,,,,,,,,,,,,,,,,
111007,1110070267000,埼玉県さいたま市,西原放課後児童クラブ,,,,,,,,,埼玉県さいたま市岩槻区西原4番97,埼玉県,さいたま市岩槻区,,,,35.9520932,139.68543,,,,,,,,,,,,12:00,19:00,,,,,,,,,,,,,,,,,,,,,,,
111007,1110070278201,埼玉県さいたま市,新和放課後児童クラブ,,,,,,,,,埼玉県さいたま市岩槻区大字尾ヶ崎1252番,埼玉県,さいたま市岩槻区,,,,35.9105858,139.7324384,,,,,,,,,,,,12:00,19:00,,,,,,,,,,,,,,,,,,,,,,,
111007,1110070278001,埼玉県さいたま市,柏崎放課後児童クラブ,,,,,,,,,埼玉県さいたま市岩槻区大字柏崎762番,埼玉県,さいたま市岩槻区,,,,35.9337231,139.7014645,,,,,,,,,,,,12:00,19:00,,,,,,,,,,,,,,,,,,,,,,,
111007,1110070278801,埼玉県さいたま市,上里放課後児童クラブ,,,,,,,,,埼玉県さいたま市岩槻区上里２丁目2番,埼玉県,さいたま市岩槻区,,,,35.9649266,139.7043168,,,,,,,,,,,,12:00,19:00,,,,,,,,,,,,,,,,,,,,,,,
111007,1110070278101,埼玉県さいたま市,和土放課後児童クラブ,,,,,,,,,埼玉県さいたま市岩槻区大字黒谷1353番,埼玉県,さいたま市岩槻区,,,,35.9261999,139.7206831,,,,,,,,,,,,12:00,19:00,,,,,,,,,,,,,,,,,,,,,,,
111007,1110070278301,埼玉県さいたま市,慈恩寺放課後児童クラブ,,,,,,,,,埼玉県さいたま市岩槻区大字慈恩寺259番,埼玉県,さいたま市岩槻区,,,,35.9816894,139.7077972,,,,,,,,,,,,12:00,19:00,,,,,,,,,,,,,,,,,,,,,,,
111007,1110070278501,埼玉県さいたま市,東岩槻放課後児童クラブ,,,,,,,,,埼玉県さいたま市岩槻区諏訪２丁目6番1,埼玉県,さいたま市岩槻区,,,,35.9701507,139.7097618,,,,,,,,,,,,12:00,19:00,,,,,,,,,,,,,,,,,,,,,,,
111007,1110070278701,埼玉県さいたま市,徳力放課後児童クラブ,,,,,,,,,埼玉県さいたま市岩槻区大字徳力136番4,埼玉県,さいたま市岩槻区,,,,35.9741002,139.71679,,,,,,,,,,,,12:00,19:00,,,,,,,,,,,,,,,,,,,,,,,
111007,1110070277801,埼玉県さいたま市,太田放課後児童クラブ,,,,,,,,,埼玉県さいたま市岩槻区仲町１丁目17番3,埼玉県,さいたま市岩槻区,,,,35.9483186,139.7038133,,,,,,,,,,,,12:00,19:00,,,,,,,,,,,,,,,,,,,,,,,
111007,1110070277701,埼玉県さいたま市,岩槻放課後児童クラブ,,,,,,,,,埼玉県さいたま市岩槻区本町５丁目6番45,埼玉県,さいたま市岩槻区,,,,35.9536949,139.6985366,,,,,,,,,,,,12:00,19:00,,,,,,,,,,,,,,,,,,,,,,,
111007,1110070279001,埼玉県さいたま市,城南放課後児童クラブ,,,,,,,,,埼玉県さいたま市岩槻区大字南下新井1191番1,埼玉県,さいたま市岩槻区,,,,35.9359332,139.712631,,,,,,,,,,,,12:00,19:00,,,,,,,,,,,,,,,,,,,,,,,
111007,1110070308400,埼玉県さいたま市,指扇北放課後児童クラブ,,,,,,,,,埼玉県さいたま市西区大字中釘1538番1,埼玉県,さいたま市西区,,,,35.932242,139.572036,,,,,,,,,,,,10:00,19:00,,,,,,,,,,,,,,,,,,,,,,,
111007,1110070206200,埼玉県さいたま市,指扇放課後児童クラブ,,,,,,,,,埼玉県さいたま市西区西大宮1丁目49番9,埼玉県,さいたま市西区,,,,35.921916,139.572988,,,,,,,,,,,,10:00,19:00,,,,,,,,,,,,,,,,,,,,,,,
111007,1110070500200,埼玉県さいたま市,大宮西放課後児童クラブ,,,,,,,,,埼玉県さいたま市西区三橋６丁目382番1,埼玉県,さいたま市西区,,,,35.913049,139.585798,,,,,,,,,,,,13:00,20:00,,,,,,,,,,,,,,,,,,,,,,,
111007,1110070037801,埼玉県さいたま市,馬宮西放課後児童クラブ,,,,,,,,,埼玉県さいたま市西区飯田新田189-2,埼玉県,さいたま市西区,,,,35.88620463,139.5593545,,,,,,,,,,,,13:00,20:00,,,,,,,,,,,,,,,,,,,,,,,
111007,1110070324800,埼玉県さいたま市,植竹第二放課後児童クラブ,,,,,,,,,埼玉県さいたま市北区植竹町１丁目593番2,埼玉県,さいたま市北区,,,,35.927847,139.624615,,,,,,,,,,,,10:00,19:00,,,,,,,,,,,,,,,,,,,,,,,
111007,1110070790000,埼玉県さいたま市,日進北放課後児童クラブ,,,,,,,,,埼玉県さいたま市北区日進町３丁目203番,埼玉県,さいたま市北区,,,,35.936179,139.603235,,,,,,,,,,,,10:00,19:30,,,,,,,,,,,,,,,,,,,,,,,
111007,1110070308500,埼玉県さいたま市,大宮別所放課後児童クラブ,,,,,,,,,埼玉県さいたま市北区別所町42番7,埼玉県,さいたま市北区,,,,35.954501,139.598306,,,,,,,,,,,,10:00,19:30,,,,,,,,,,,,,,,,,,,,,,,
111007,1110070036901,埼玉県さいたま市,日進放課後児童クラブ,,,,,,,,,埼玉県さいたま市北区日進町２丁目911番,埼玉県,さいたま市北区,,,,35.9252,139.607531,,,,,,,,,,,,10:00,19:00,,,,,,,,,,,,,,,,,,,,,,,
111007,1110070297401,埼玉県さいたま市,つばさ放課後児童クラブ,,,,,,,,,埼玉県さいたま市北区日進町2-1915-1,埼玉県,さいたま市北区,,,,35.933281,139.609633,,,,,,,,,,,,10:00,19:30,,,,,,,,,,,,,,,,,,,,,,,
111007,1110070290800,埼玉県さいたま市,大宮南放課後児童クラブ,,,,,,,,,埼玉県さいたま市大宮区吉敷町３丁目95番,埼玉県,さいたま市大宮区,,,,35.899861,139.633512,,,,,,,,,,,,10:00,19:00,,,,,,,,,,,,,,,,,,,,,,,
111007,1110070316900,埼玉県さいたま市,桜木放課後児童クラブ,,,,,,,,,埼玉県さいたま市大宮区桜木町４丁目328番1,埼玉県,さいたま市大宮区,,,,35.902723,139.616953,,,,,,,,,,,,10:00,19:00,,,,,,,,,,,,,,,,,,,,,,,
111007,1110070309500,埼玉県さいたま市,大宮北放課後児童クラブ,,,,,,,,,埼玉県さいたま市大宮区宮町３丁目119番3,埼玉県,さいたま市大宮区,,,,35.911483,139.628468,,,,,,,,,,,,10:00,19:00,,,,,,,,,,,,,,,,,,,,,,,
111007,1110070812700,埼玉県さいたま市,大宮南第二放課後児童クラブ,,,,,,,,,埼玉県さいたま市大宮区北袋町１丁目190番13,埼玉県,さいたま市大宮区,,,,35.895273,139.641362,,,,,,,,,,,,10:00,19:00,,,,,,,,,,,,,,,,,,,,,,,
111007,1110070036701,埼玉県さいたま市,大成放課後児童クラブ,,,,,,,,,埼玉県さいたま市大宮区大成町２丁目282番,埼玉県,さいたま市大宮区,,,,35.91488,139.613589,,,,,,,,,,,,10:00,19:00,,,,,,,,,,,,,,,,,,,,,,,
111007,1110070036702,埼玉県さいたま市,大成第二放課後児童クラブ,,,,,,,,,埼玉県さいたま市大宮区大成町２丁目282番,埼玉県,さいたま市大宮区,,,,35.91494591,139.6135801,,,,,,,,,,,,10:00,19:00,,,,,,,,,,,,,,,,,,,,,,,
111007,1110070036101,埼玉県さいたま市,大宮第二放課後児童クラブ,,,,,,,,,埼玉県さいたま市大宮区大門町3-3,埼玉県,さいたま市大宮区,,,,35.90662267,139.630054,,,,,,,,,,,,10:00,19:30,,,,,,,,,,,,,,,,,,,,,,,
111007,1110070304100,埼玉県さいたま市,大砂土東放課後児童クラブ,,,,,,,,,埼玉県さいたま市見沼区大和田町2-1054-7,埼玉県,さいたま市見沼区,,,,35.937894,139.646053,,,,,,,,,,,,10:00,19:00,,,,,,,,,,,,,,,,,,,,,,,
111007,1110070303500,埼玉県さいたま市,蓮沼第２放課後児童クラブ,,,,,,,,,埼玉県さいたま市見沼区大字蓮沼1025番3,埼玉県,さいたま市見沼区,,,,35.934431,139.656235,,,,,,,,,,,,10:00,19:00,,,,,,,,,,,,,,,,,,,,,,,
111007,1110070309400,埼玉県さいたま市,蓮沼放課後児童クラブ,,,,,,,,,埼玉県さいたま市見沼区大字風渡野373番5,埼玉県,さいたま市見沼区,,,,35.934781,139.661381,,,,,,,,,,,,10:00,19:00,,,,,,,,,,,,,,,,,,,,,,,
111007,1110070038001,埼玉県さいたま市,片柳放課後児童クラブ,,,,,,,,,埼玉県さいたま市見沼区大字東新井244番1,埼玉県,さいたま市見沼区,,,,35.910775,139.670219,,,,,,,,,,,,10:00,19:00,,,,,,,,,,,,,,,,,,,,,,,
111007,1110070038002,埼玉県さいたま市,片柳第二放課後児童クラブ,,,,,,,,,埼玉県さいたま市見沼区大字東新井244番1,埼玉県,さいたま市見沼区,,,,35.910758,139.6702252,,,,,,,,,,,,10:00,19:00,,,,,,,,,,,,,,,,,,,,,,,
111007,1110070128602,埼玉県さいたま市,すみれ放課後児童クラブ,,,,,,,,,埼玉県さいたま市中央区本町東5-17-25,埼玉県,さいたま市中央区,,,,35.89049969,139.6203884,,,,,,,,,,,,10:00,19:00,,,,,,,,,,,,,,,,,,,,,,,
111007,1110070034901,埼玉県さいたま市,田島第二放課後児童クラブ,,,,,,,,,埼玉県さいたま市桜区田島１０丁目12番1,埼玉県,さいたま市桜区,,,,35.8377634,139.6233599,,,,,,,,,,,,10:00,19:00,,,,,,,,,,,,,,,,,,,,,,,
111007,1110070284300,埼玉県さいたま市,仲本放課後児童クラブ,,,,,,,,,埼玉県さいたま市浦和区本太２丁目12番2,埼玉県,さいたま市浦和区,,,,35.860504,139.661483,,,,,,,,,,,,13:00,20:00,,,,,,,,,,,,,,,,,,,,,,,
111007,1110070033001,埼玉県さいたま市,仲町第二放課後児童クラブ,,,,,,,,,埼玉県さいたま市浦和区常盤８丁目18番4,埼玉県,さいたま市浦和区,,,,35.8641462,139.6405637,,,,,,,,,,,,12:30,19:30,,,,,,,,,,,,,,,,,,,,,,,
111007,1110070035901,埼玉県さいたま市,常盤北放課後児童クラブ,,,,,,,,,埼玉県さいたま市浦和区針ヶ谷４丁目2番12,埼玉県,さいたま市浦和区,,,,35.878862,139.6390732,,,,,,,,,,,,12:45,19:00,,,,,,,,,,,,,,,,,,,,,,,
111007,1110070245300,埼玉県さいたま市,向放課後児童クラブ,,,,,,,,,埼玉県さいたま市南区大字大谷口5436番4,埼玉県,さいたま市南区,,,,35.858241,139.695927,,,,,,,,,,,,10:00,19:00,,,,,,,,,,,,,,,,,,,,,,,
111007,1110070244901,埼玉県さいたま市,辻南放課後児童クラブ,,,,,,,,,埼玉県さいたま市南区辻８丁目7番32,埼玉県,さいたま市南区,,,,35.831598,139.665727,,,,,,,,,,,,12:45,19:00,,,,,,,,,,,,,,,,,,,,,,,
111007,1110070032601,埼玉県さいたま市,尾間木放課後児童クラブ,,,,,,,,,埼玉県さいたま市緑区東浦和8-11-5,埼玉県,さいたま市緑区,,,,35.86899775,139.6965881,,,,,,,,,,,,10:00,19:00,,,,,,,,,,,,,,,,,,,,,,,
111007,1110070699101,埼玉県さいたま市,美園北放課後児童クラブ,,,,,,,,,埼玉県さいたま市緑区美園2-12-11,埼玉県,さいたま市緑区,,,,35.90136963,139.7234983,,,,,,,,,,,,13:00,20:00,,,,,,,,,,,,,,,,,,,,,,,
111007,1110070309201,埼玉県さいたま市,美園放課後児童クラブ,,,,,,,,,埼玉県さいたま市緑区美園５丁目33番地,埼玉県,さいたま市緑区,,,,35.890721,139.73499,,,,,,,,,,,,10:00,19:00,,,,,,,,,,,,,,,,,,,,,,,
111007,1110070309600,埼玉県さいたま市,河合放課後児童クラブ,,,,,,,,,埼玉県さいたま市岩槻区大字平林寺371番4,埼玉県,さいたま市岩槻区,,,,35.967769,139.671926,,,,,,,,,,,,12:45,19:00,,,,,,,,,,,,,,,,,,,,,,,
111007,1110070284400,埼玉県さいたま市,川通放課後児童クラブ,,,,,,,,,埼玉県さいたま市岩槻区大字大野島485番3,埼玉県,さいたま市岩槻区,,,,35.941114,139.731231,,,,,,,,,,,,10:00,19:00,,,,,,,,,,,,,,,,,,,,,,,
111007,1110070036201,埼玉県さいたま市,大宮東放課後児童クラブ,,,,,,,,,埼玉県さいたま市大宮区堀の内町３丁目145番,埼玉県,さいたま市大宮区,,,,35.91393525,139.6356736,,,,,,,,,,,,10:00,19:00,,,,,,,,,,,,,,,,,,,,,,,
111007,1110070039402,埼玉県さいたま市,泰平第二放課後児童クラブ,,,,,,,,,埼玉県さいたま市北区今羽町628,埼玉県,さいたま市北区,,,,35.94981757,139.6262686,,,,,,,,,,,,10:00,19:00,,,,,,,,,,,,,,,,,,,,,,,
111007,1110070038501,埼玉県さいたま市,大宮別所第二放課後児童クラブ,,,,,,,,,埼玉県さいたま市北区別所町42-1,埼玉県,さいたま市北区,,,,35.95483098,139.5976517,,,,,,,,,,,,10:00,19:30,,,,,,,,,,,,,,,,,,,,,,,
111007,1110071901,埼玉県さいたま市,指扇北第二放課後児童クラブ,,,,,,,,,埼玉県さいたま市西区大字中釘1506-4,埼玉県,さいたま市西区,,,,35.9330496,139.5711883,,,,,,,,,,,,10:00,19:00,,,,,,,,,,,,,,,,,,,,,,,
111007,1110070322700,埼玉県さいたま市,子ども家庭総合センター,,,,,,,,,埼玉県さいたま市浦和区上木崎４丁目4番10号,埼玉県,さいたま市浦和区,,,,35.885712,139.643931,,,,,,,,,,,,8:30,20:00,,,,,,,,,,,,,,,,,,,,,,,
111007,1110070500201,埼玉県さいたま市,子育て支援センターにし,,,,,,,,,埼玉県さいたま市西区三橋６丁目382番1,埼玉県,さいたま市西区,,,,35.913037,139.58586,,,,,,,,,,,,9:00,16:00,,,,,,,,,,,,,,,,,,,,,,,
111007,1110070385700,埼玉県さいたま市,子育て支援センターおおみや,,,,,,,,,埼玉県さいたま市大宮区桜木町１丁目185番2,埼玉県,さいたま市大宮区,,,,35.903373,139.622513,,,,,,,,,,,,9:00,16:00,,,,,,,,,,,,,,,,,,,,,,,
111007,1110070382100,埼玉県さいたま市,子育て支援センターみぬま,,,,,,,,,埼玉県さいたま市見沼区大和田町１丁目1387番1,埼玉県,さいたま市見沼区,,,,35.927459,139.650288,,,,,,,,,,,,9:00,16:00,,,,,,,,,,,,,,,,,,,,,,,
111007,1110070803700,埼玉県さいたま市,子育て支援センターよの,,,,,,,,,埼玉県さいたま市中央区本町東3-5-23,埼玉県,さいたま市中央区,,,,35.88403651,139.6233217,,,,,,,,,,,,9:00,16:00,,,,,,,,,,,,,,,,,,,,,,,
111007,1110072001,埼玉県さいたま市,子育て支援センターうらわ,,,,,,,,,埼玉県さいたま市浦和区高砂1－2－1－309エイペックスタワー浦和・オフィス東館３階,埼玉県,さいたま市浦和区,,,,35.85697,139.657638,,,,,,,,,,,,9:00,16:00,,,,,,,,,,,,,,,,,,,,,,,
111007,1110070505300,埼玉県さいたま市,サウスピア（子育て支援センターみなみ）,,,,,,,,,埼玉県さいたま市南区別所７丁目20番1,埼玉県,さいたま市南区,,,,35.845312,139.645361,,,,,,,,,,,,9:00,16:00,,,,,,,,,,,,,,,,,,,,,,,
111007,1110070275702,埼玉県さいたま市,子育て支援センターいわつき,,,,,,,,,埼玉県さいたま市岩槻区本町３丁目1番1,埼玉県,さいたま市岩槻区,,,,35.950357,139.693866,,,,,,,,,,,,9:00,16:00,,,,,,,,,,,,,,,,,,,,,,,
111007,1110070110103,埼玉県さいたま市,馬宮児童センター,,,,,,,,,埼玉県さいたま市西区大字西遊馬533番1,埼玉県,さいたま市西区,,,,35.905091,139.572728,,,,,,,,,,,,9:00,18:00,,,,,,,,,,,,,,,,,,,,,,,
111007,1110070128300,埼玉県さいたま市,植水児童センター,,,,,,,,,埼玉県さいたま市西区大字中野林174番1,埼玉県,さいたま市西区,,,,35.893749,139.592113,,,,,,,,,,,,9:00,18:00,,,,,,,,,,,,,,,,,,,,,,,
111007,1110070128400,埼玉県さいたま市,本郷児童センター,,,,,,,,,埼玉県さいたま市北区本郷町1065番3,埼玉県,さいたま市北区,,,,35.94568,139.626181,,,,,,,,,,,,9:00,18:00,,,,,,,,,,,,,,,,,,,,,,,
111007,1110070128000,埼玉県さいたま市,植竹児童センター,,,,,,,,,埼玉県さいたま市北区盆栽町430番,埼玉県,さいたま市北区,,,,35.927397,139.628148,,,,,,,,,,,,9:00,18:00,,,,,,,,,,,,,,,,,,,,,,,
111007,1110070128200,埼玉県さいたま市,宮原児童センター,,,,,,,,,埼玉県さいたま市北区宮原町４丁目66番13,埼玉県,さいたま市北区,,,,35.947176,139.610957,,,,,,,,,,,,9:00,18:00,,,,,,,,,,,,,,,,,,,,,,,
111007,1110070128100,埼玉県さいたま市,天沼児童センター,,,,,,,,,埼玉県さいたま市大宮区天沼町１丁目194番,埼玉県,さいたま市大宮区,,,,35.90622,139.636937,,,,,,,,,,,,9:00,18:00,,,,,,,,,,,,,,,,,,,,,,,
111007,1110070127900,埼玉県さいたま市,三橋児童センター,,,,,,,,,埼玉県さいたま市大宮区三橋２丁目59番,埼玉県,さいたま市大宮区,,,,35.902871,139.604009,,,,,,,,,,,,9:00,18:00,,,,,,,,,,,,,,,,,,,,,,,
111007,1110070128500,埼玉県さいたま市,片柳児童センター,,,,,,,,,埼玉県さいたま市見沼区大字東新井710番78,埼玉県,さいたま市見沼区,,,,35.904846,139.66469,,,,,,,,,,,,9:00,18:00,,,,,,,,,,,,,,,,,,,,,,,
111007,1110070127202,埼玉県さいたま市,春野児童センター,,,,,,,,,埼玉県さいたま市見沼区春野１丁目7番1,埼玉県,さいたま市見沼区,,,,35.955737,139.667932,,,,,,,,,,,,9:00,18:00,,,,,,,,,,,,,,,,,,,,,,,
111007,1110070128800,埼玉県さいたま市,大戸児童センター,,,,,,,,,埼玉県さいたま市中央区大戸６丁目2番19,埼玉県,さいたま市中央区,,,,35.867172,139.634816,,,,,,,,,,,,9:00,18:00,,,,,,,,,,,,,,,,,,,,,,,
111007,1110070128700,埼玉県さいたま市,向原児童センター,,,,,,,,,埼玉県さいたま市中央区下落合７丁目11番9,埼玉県,さいたま市中央区,,,,35.881415,139.63156,,,,,,,,,,,,9:00,18:00,,,,,,,,,,,,,,,,,,,,,,,
111007,1110070128600,埼玉県さいたま市,与野本町児童センター,,,,,,,,,埼玉県さいたま市中央区本町東５丁目17番25,埼玉県,さいたま市中央区,,,,35.8905,139.620388,,,,,,,,,,,,9:00,18:00,,,,,,,,,,,,,,,,,,,,,,,
111007,1110070694602,埼玉県さいたま市,大久保東児童センター,,,,,,,,,埼玉県さいたま市桜区大字大久保領家131番6,埼玉県,さいたま市桜区,,,,35.86956,139.608243,,,,,,,,,,,,9:00,18:00,,,,,,,,,,,,,,,,,,,,,,,
111007,1110070319200,埼玉県さいたま市,仲本児童センター,,,,,,,,,埼玉県さいたま市浦和区東仲町28番15,埼玉県,さいたま市浦和区,,,,35.860725,139.660108,,,,,,,,,,,,9:00,18:00,,,,,,,,,,,,,,,,,,,,,,,
111007,1110070127800,埼玉県さいたま市,浦和別所児童センター,,,,,,,,,埼玉県さいたま市南区別所２丁目15番6,埼玉県,さいたま市南区,,,,35.851308,139.64609,,,,,,,,,,,,9:00,18:00,,,,,,,,,,,,,,,,,,,,,,,
111007,1110070695301,埼玉県さいたま市,文蔵児童センター,,,,,,,,,埼玉県さいたま市南区文蔵４丁目19番3,埼玉県,さいたま市南区,,,,35.83801,139.669755,,,,,,,,,,,,9:00,18:00,,,,,,,,,,,,,,,,,,,,,,,
111007,1110070506100,埼玉県さいたま市,尾間木児童センター,,,,,,,,,埼玉県さいたま市緑区大字大間木472番,埼玉県,さいたま市緑区,,,,35.87428,139.693833,,,,,,,,,,,,9:00,18:00,,,,,,,,,,,,,,,,,,,,,,,
111007,1110070266400,埼玉県さいたま市,岩槻児童センター,,,,,,,,,埼玉県さいたま市岩槻区本町１丁目11番11,埼玉県,さいたま市岩槻区,,,,35.946719,139.691866,,,,,,,,,,,,9:00,18:00,,,,,,,,,,,,,,,,,,,,,,,
111007,1110070132800,埼玉県さいたま市,旧・児童相談所一時保護所,,,,,,,,,,,,,,,,,,,,,,,,,,,,,,,,,,,,,,,,,,,,,,,,,,,,
111007,1110070851800,埼玉県さいたま市,児童養護施設カルテット,,,,,,,,,埼玉県さいたま市桜区大字下大久保字五反田1542番4,埼玉県,さいたま市桜区,,,,35.85820443,139.6010369,,,,,,,,,,,,,,,,,,,,,,,,,,,,,,,,,,,,
111007,1110070851700,埼玉県さいたま市,けやき荘,,,,,,,,,,,,,,,,,,,,,,,,,,,,,,,,,,,,,,,,,,,,,,,,,,,,
111007,1110070322701,埼玉県さいたま市,児童相談所,,,,,,,,,埼玉県さいたま市浦和区上木崎４丁目4番10号,埼玉県,さいたま市浦和区,,,,35.885712,139.643931,,,,,,,,,,,,8:30,20:00,,,,,,,,,,,,,,,,,,,,,,,
111007,1110070322703,埼玉県さいたま市,診療室,,,,,,,,,埼玉県さいたま市浦和区上木崎４丁目4番10号,埼玉県,さいたま市浦和区,,,,35.885712,139.643931,,,,,,,,,,,,9:00,17:00,,,,,,,,,,,,,,,,,,,,,,,
111007,1110070322704,埼玉県さいたま市,子どもケアホーム,,,,,,,,,埼玉県さいたま市浦和区上木崎４丁目4番10号,埼玉県,さいたま市浦和区,,,,35.885712,139.643931,,,,,,,,,,,,,,,,,,,,,,,,,,,,,,,,,,,,
111007,1110070300800,埼玉県さいたま市,西大宮駅北口公衆トイレ,,,,,,,,,埼玉県さいたま市西区西大宮1丁目21番地,埼玉県,さいたま市西区,,,,35.922588,139.579996,,,,,,,,,,,,,,,,,,,,,,,,,,,,,,,,,,,,
111007,1110070300700,埼玉県さいたま市,西大宮駅南口公衆トイレ,,,,,,,,,埼玉県さいたま市西区西大宮1丁目21番地,埼玉県,さいたま市西区,,,,35.922244,139.580034,,,,,,,,,,,,,,,,,,,,,,,,,,,,,,,,,,,,
111007,1110070504200,埼玉県さいたま市,指扇駅北口公衆トイレ,,,,,,,,,埼玉県さいたま市西区大字宝来1716,埼玉県,さいたま市西区,,,,35.917364,139.5651,,,,,,,,,,,,,,,,,,,,,,,,,,,,,,,,,,,,
111007,1110070504100,埼玉県さいたま市,指扇駅南口公衆トイレ,,,,,,,,,埼玉県さいたま市西区大字宝来1716,埼玉県,さいたま市西区,,,,35.916996,139.56508,,,,,,,,,,,,,,,,,,,,,,,,,,,,,,,,,,,,
111007,1110070144600,埼玉県さいたま市,滝沼川第２遊水池便所,,,,,,,,,埼玉県さいたま市西区大字指扇4400,埼玉県,さいたま市西区,,,,35.92300054,139.5713823,,,,,,,,,,,,,,,,,,,,,,,,,,,,,,,,,,,,
111007,1110070735700,埼玉県さいたま市,土呂駅東口公衆トイレ,,,,,,,,,埼玉県さいたま市北区土呂町２丁目１１番１号の一部,埼玉県,さいたま市北区,,,,35.931643,139.632371,,,,,,,,,,,,,,,,,,,,,,,,,,,,,,,,,,,,
111007,1110070317300,埼玉県さいたま市,日進駅南口公衆トイレ,,,,,,,,,埼玉県さいたま市北区日進町２丁目1125番21,埼玉県,さいたま市北区,,,,35.931448,139.606342,,,,,,,,,,,,,,,,,,,,,,,,,,,,,,,,,,,,
111007,1110070317200,埼玉県さいたま市,日進駅北口公衆トイレ,,,,,,,,,埼玉県さいたま市北区日進町２丁目1125番21,埼玉県,さいたま市北区,,,,35.931756,139.60618,,,,,,,,,,,,,,,,,,,,,,,,,,,,,,,,,,,,
111007,1110070115700,埼玉県さいたま市,宮原駅西口公衆トイレ,,,,,,,,,埼玉県さいたま市北区宮原町3丁目522番1,埼玉県,さいたま市北区,,,,35.940631,139.608925,,,,,,,,,,,,,,,,,,,,,,,,,,,,,,,,,,,,
111007,1110070115600,埼玉県さいたま市,宮原駅東口公衆トイレ,,,,,,,,,埼玉県さいたま市北区宮原町3丁目822番1,埼玉県,さいたま市北区,,,,35.939995,139.609758,,,,,,,,,,,,,,,,,,,,,,,,,,,,,,,,,,,,
111007,1110070205900,埼玉県さいたま市,さいたま新都心駅東口公衆トイレ,,,,,,,,,埼玉県さいたま市大宮区吉敷町４丁目243番1,埼玉県,さいたま市大宮区,,,,35.894284,139.634234,,,,,,,,,,,,,,,,,,,,,,,,,,,,,,,,,,,,
111007,1110070115800,埼玉県さいたま市,大門町公衆トイレ,,,,,,,,,埼玉県さいたま市大宮区大門町3丁目22番26,埼玉県,さいたま市大宮区,,,,35.907215,139.630729,,,,,,,,,,,,,,,,,,,,,,,,,,,,,,,,,,,,
111007,1110070363100,埼玉県さいたま市,浦和美園駅西口公衆トイレ,,,,,,,,,埼玉県さいたま市緑区大字下野田90番地2 一部,埼玉県,さいたま市緑区,,,,35.890769,139.727307,,,,,,,,,,,,,,,,,,,,,,,,,,,,,,,,,,,,
111007,1110070688300,埼玉県さいたま市,OM TERRACE,,,,,,,,,埼玉県さいたま市大宮区大門町１丁目７４番,埼玉県,さいたま市大宮区,,,,35.905922,139.62534,,,,,,,,,,,,,,,,,,,,,,,,,,,,,,,,,,,,
111007,1110070205800,埼玉県さいたま市,東大宮駅東口公衆トイレ,,,,,,,,,埼玉県さいたま市見沼区東大宮５丁目61番,埼玉県,さいたま市見沼区,,,,35.948938,139.640488,,,,,,,,,,,,,,,,,,,,,,,,,,,,,,,,,,,,
111007,1110070401900,埼玉県さいたま市,西福寺公衆便所,,,,,,,,,埼玉県さいたま市見沼区大字大谷935番,埼玉県,さいたま市見沼区,,,,35.91863,139.6817,,,,,,,,,,,,,,,,,,,,,,,,,,,,,,,,,,,,
111007,1110070880300,埼玉県さいたま市,七里駅公衆トイレ,,,,,,,,,埼玉県さいたま市見沼区大字風渡野603,埼玉県,さいたま市見沼区,,,,35.93655404,139.6662579,,,,,,,,,,,,,,,,,,,,,,,,,,,,,,,,,,,,
111007,1110070116000,埼玉県さいたま市,与野駅東口公衆トイレ,,,,,,,,,埼玉県さいたま市浦和区上木崎1丁目1番1,埼玉県,さいたま市浦和区,,,,35.885003,139.639001,,,,,,,,,,,,,,,,,,,,,,,,,,,,,,,,,,,,
111007,1110070290600,埼玉県さいたま市,与野駅西口公衆トイレ,,,,,,,,,埼玉県さいたま市浦和区上木崎１丁目地内番,埼玉県,さいたま市浦和区,,,,35.88471,139.637905,,,,,,,,,,,,,,,,,,,,,,,,,,,,,,,,,,,,
111007,1110070116100,埼玉県さいたま市,北浦和駅西口公衆トイレ,,,,,,,,,埼玉県さいたま市浦和区北浦和４丁目2番4,埼玉県,さいたま市浦和区,,,,35.871721,139.64618,,,,,,,,,,,,,,,,,,,,,,,,,,,,,,,,,,,,
111007,1110070116200,埼玉県さいたま市,中央公園公衆トイレ,,,,,,,,,埼玉県さいたま市浦和区仲町２丁目13番7,埼玉県,さいたま市浦和区,,,,35.858547,139.652442,,,,,,,,,,,,,,,,,,,,,,,,,,,,,,,,,,,,
111007,1110070290900,埼玉県さいたま市,浦和駅東口公衆トイレ,,,,,,,,,埼玉県さいたま市浦和区東高砂町地内番,埼玉県,さいたま市浦和区,,,,35.858062,139.658688,,,,,,,,,,,,,,,,,,,,,,,,,,,,,,,,,,,,
111007,1110070133502,埼玉県さいたま市,北浦和駅東口公衆トイレ,,,,,,,,,埼玉県さいたま市浦和区北浦和３丁目3番1,埼玉県,さいたま市浦和区,,,,35.872486,139.646025,,,,,,,,,,,,,,,,,,,,,,,,,,,,,,,,,,,,
111007,1110070116400,埼玉県さいたま市,武蔵浦和駅西口公衆トイレ,,,,,,,,,埼玉県さいたま市南区沼影１丁目10番1ﾗﾑｻﾞﾀﾜｰ1階,埼玉県,さいたま市南区,,,,35.844045,139.647029,,,,,,,,,,,,,,,,,,,,,,,,,,,,,,,,,,,,
111007,1110070116500,埼玉県さいたま市,武蔵浦和駅東口公衆トイレ,,,,,,,,,埼玉県さいたま市南区別所７丁目1535番,埼玉県,さいたま市南区,,,,35.845949,139.647786,,,,,,,,,,,,,,,,,,,,,,,,,,,,,,,,,,,,
111007,1110070116600,埼玉県さいたま市,南浦和駅西口公衆トイレ,,,,,,,,,埼玉県さいたま市南区南本町２丁目26番1,埼玉県,さいたま市南区,,,,35.847608,139.66874,,,,,,,,,,,,,,,,,,,,,,,,,,,,,,,,,,,,
111007,1110070116700,埼玉県さいたま市,備品倉庫,,,,,,,,,埼玉県さいたま市南区南本町２丁目26番地1,埼玉県,さいたま市南区,,,,35.84748466,139.6688055,,,,,,,,,,,,,,,,,,,,,,,,,,,,,,,,,,,,
111007,1110070104300,埼玉県さいたま市,国昌寺公衆便所,,,,,,,,,埼玉県さいたま市緑区大字大崎2378番,埼玉県,さいたま市緑区,,,,35.891297,139.704874,,,,,,,,,,,,,,,,,,,,,,,,,,,,,,,,,,,,
111007,1110070109600,埼玉県さいたま市,ふるさと歩道便所,,,,,,,,,埼玉県さいたま市緑区宮本２丁目17番2,埼玉県,さいたま市緑区,,,,35.887282,139.694243,,,,,,,,,,,,,,,,,,,,,,,,,,,,,,,,,,,,
111007,1110070808100,埼玉県さいたま市,東浦和駅前公衆トイレ,,,,,,,,,埼玉県さいたま市緑区東浦和1丁目1番9,埼玉県,さいたま市緑区,,,,35.864956,139.704615,,,,,,,,,,,,,,,,,,,,,,,,,,,,,,,,,,,,
111007,1110070286100,埼玉県さいたま市,東岩槻駅北口公衆トイレ,,,,,,,,,埼玉県さいたま市岩槻区東岩槻４丁目2番地5,埼玉県,さいたま市岩槻区,,,,35.96332495,139.7122939,,,,,,,,,,,,,,,,,,,,,,,,,,,,,,,,,,,,
111007,1110070286000,埼玉県さいたま市,東岩槻駅南口公衆トイレ,,,,,,,,,埼玉県さいたま市岩槻区東岩槻4丁目2番1,埼玉県,さいたま市岩槻区,,,,35.963339,139.712699,,,,,,,,,,,,,,,,,,,,,,,,,,,,,,,,,,,,
111007,1110070679100,埼玉県さいたま市,岩槻駅西口公衆トイレ,,,,,,,,,埼玉県さいたま市岩槻区本町1丁目1番1号,埼玉県,さいたま市岩槻区,,,,35.950335,139.692685,,,,,,,,,,,,,,,,,,,,,,,,,,,,,,,,,,,,
111007,1110070679200,埼玉県さいたま市,岩槻駅東口公衆トイレ,,,,,,,,,埼玉県さいたま市岩槻区本町1丁目1番1号,埼玉県,さいたま市岩槻区,,,,35.950052,139.693288,,,,,,,,,,,,,,,,,,,,,,,,,,,,,,,,,,,,
111007,1110070286900,埼玉県さいたま市,東岩槻駅北口公衆トイレ備品倉庫,,,,,,,,,埼玉県さいたま市岩槻区東岩槻１丁目12番1,埼玉県,さいたま市岩槻区,,,,35.963506,139.712192,,,,,,,,,,,,,,,,,,,,,,,,,,,,,,,,,,,,
111007,1110070814100,埼玉県さいたま市,大宮駅西口公衆トイレ,,,,,,,,,埼玉県さいたま市大宮区錦町４９８番２の一部,埼玉県,さいたま市大宮区,,,,35.90499549,139.623348,,,,,,,,,,,,,,,,,,,,,,,,,,,,,,,,,,,,
111007,1110070000100,埼玉県さいたま市,本庁舎,,,,,,,,,埼玉県さいたま市浦和区常盤６丁目4番4,埼玉県,さいたま市浦和区,,,,35.861648,139.645496,,,,,,,,,,,,8:30,17:15,,,,,,,,,,,,,,,,,,,,,,,
111007,1110072201,埼玉県さいたま市,ときわ会館,,,,,,,,,埼玉県さいたま市浦和区常盤６丁目4番21,埼玉県,さいたま市浦和区,,,,35.86174,139.64414,,,,,,,,,,,,8:30,17:15,,,,,,,,,,,,,,,,,,,,,,,
111007,1110070028700,埼玉県さいたま市,西区役所,,,,,,,,,埼玉県さいたま市西区西大宮３丁目4番地2,埼玉県,さいたま市西区,,,,35.925224,139.579655,,,,,,,,,,,,8:30,17:15,,,,,,,,,,,,,,,,,,,,,,,
111007,1110070029100,埼玉県さいたま市,北区役所,,,,,,,,,埼玉県さいたま市北区宮原町１丁目852番1,埼玉県,さいたま市北区,,,,35.93151,139.620229,,,,,,,,,,,,8:30,17:15,,,,,,,,,,,,,,,,,,,,,,,
111007,1110070876400,埼玉県さいたま市,大宮区役所,,,,,,,,,埼玉県さいたま市大宮区吉敷町１丁目124番地１,埼玉県,さいたま市大宮区,,,,35.90188172,139.6305621,,,,,,,,,,,,8:30,17:15,,,,,,,,,,,,,,,,,,,,,,,
111007,1110070029400,埼玉県さいたま市,旧大宮区役所,,,,,,,,,埼玉県さいたま市大宮区大門町３丁目1番,埼玉県,さいたま市大宮区,,,,35.90636562,139.6289031,,,,,,,,,,,,,,,,,,,,,,,,,,,,,,,,,,,,
111007,1110070029700,埼玉県さいたま市,見沼区役所,,,,,,,,,埼玉県さいたま市見沼区堀崎町12番36,埼玉県,さいたま市見沼区,,,,35.935483,139.655026,,,,,,,,,,,,8:30,17:15,,,,,,,,,,,,,,,,,,,,,,,
111007,1110070030200,埼玉県さいたま市,中央区役所,,,,,,,,,埼玉県さいたま市中央区下落合５丁目7番10号,埼玉県,さいたま市中央区,,,,35.883964,139.626177,,,,,,,,,,,,8:30,17:15,,,,,,,,,,,,,,,,,,,,,,,
111007,1110070678200,埼玉県さいたま市,桜区役所,,,,,,,,,埼玉県さいたま市桜区道場４丁目3番1,埼玉県,さいたま市桜区,,,,35.856053,139.610229,,,,,,,,,,,,8:30,17:15,,,,,,,,,,,,,,,,,,,,,,,
111007,1110070000101,埼玉県さいたま市,浦和区役所,,,,,,,,,埼玉県さいたま市浦和区常盤６丁目4番4,埼玉県,さいたま市浦和区,,,,35.861648,139.645496,,,,,,,,,,,,8:30,17:15,,,,,,,,,,,,,,,,,,,,,,,
111007,1110070656000,埼玉県さいたま市,南区役所,,,,,,,,,埼玉県さいたま市南区別所７丁目20番1,埼玉県,さいたま市南区,,,,35.845312,139.645361,,,,,,,,,,,,8:30,17:15,,,,,,,,,,,,,,,,,,,,,,,
111007,1110070031300,埼玉県さいたま市,緑区役所,,,,,,,,,埼玉県さいたま市緑区大字中尾975番1,埼玉県,さいたま市緑区,,,,35.871095,139.684053,,,,,,,,,,,,8:30,17:15,,,,,,,,,,,,,,,,,,,,,,,
111007,1110072202,埼玉県さいたま市,岩槻区役所,,,,,,,,,埼玉県さいたま市岩槻区本町３丁目2番5,埼玉県,さいたま市岩槻区,,,,35.949908,139.694396,,,,,,,,,,,,8:30,17:15,,,,,,,,,,,,,,,,,,,,,,,
111007,1110070028800,埼玉県さいたま市,馬宮支所,,,,,,,,,埼玉県さいたま市西区大字西遊馬236番2,埼玉県,さいたま市西区,,,,35.90365,139.573128,,,,,,,,,,,,8:30,17:15,,,,,,,,,,,,,,,,,,,,,,,
111007,1110070028900,埼玉県さいたま市,植水支所,,,,,,,,,埼玉県さいたま市西区大字中野林173番地2,埼玉県,さいたま市西区,,,,35.893938,139.591685,,,,,,,,,,,,8:30,17:15,,,,,,,,,,,,,,,,,,,,,,,
111007,1110070029000,埼玉県さいたま市,三橋支所,,,,,,,,,埼玉県さいたま市西区三橋６丁目642番地4,埼玉県,さいたま市西区,,,,35.917659,139.591937,,,,,,,,,,,,8:30,17:15,,,,,,,,,,,,,,,,,,,,,,,
111007,1110070029200,埼玉県さいたま市,宮原支所,,,,,,,,,埼玉県さいたま市北区宮原町３丁目824番2,埼玉県,さいたま市北区,,,,35.940644,139.609699,,,,,,,,,,,,8:30,17:15,,,,,,,,,,,,,,,,,,,,,,,
111007,1110072203,埼玉県さいたま市,日進支所,,,,,,,,,埼玉県さいたま市北区櫛引町２丁目574番地1,埼玉県,さいたま市北区,,,,35.9230971,139.6091767,,,,,,,,,,,,8:30,17:15,,,,,,,,,,,,,,,,,,,,,,,
111007,1110072204,埼玉県さいたま市,大宮駅支所,,,,,,,,,埼玉県さいたま市大宮区錦町630番,埼玉県,さいたま市大宮区,,,,35.90704,139.62255,,,,,,,,,,,,8:30,19:00,,,,,,,,,,,,,,,,,,,,,,,
111007,1110070029800,埼玉県さいたま市,片柳支所,,,,,,,,,埼玉県さいたま市見沼区大字東新井117番2,埼玉県,さいたま市見沼区,,,,35.909734,139.670831,,,,,,,,,,,,8:30,17:15,,,,,,,,,,,,,,,,,,,,,,,
111007,1110070029900,埼玉県さいたま市,七里支所,,,,,,,,,埼玉県さいたま市見沼区大字東門前379番地1,埼玉県,さいたま市見沼区,,,,35.932817,139.672494,,,,,,,,,,,,8:30,17:15,,,,,,,,,,,,,,,,,,,,,,,
111007,1110070030000,埼玉県さいたま市,春岡支所,,,,,,,,,埼玉県さいたま市見沼区深作１丁目5番地１,埼玉県,さいたま市見沼区,,,,35.950796,139.664369,,,,,,,,,,,,8:30,17:15,,,,,,,,,,,,,,,,,,,,,,,
111007,1110070030100,埼玉県さいたま市,東大宮支所,,,,,,,,,埼玉県さいたま市見沼区東大宮４丁目31番1,埼玉県,さいたま市見沼区,,,,35.949533,139.637355,,,,,,,,,,,,8:30,17:15,,,,,,,,,,,,,,,,,,,,,,,
111007,1110070030700,埼玉県さいたま市,土合支所,,,,,,,,,埼玉県さいたま市桜区西堀４丁目2番35,埼玉県,さいたま市桜区,,,,35.85179,139.627784,,,,,,,,,,,,8:30,17:15,,,,,,,,,,,,,,,,,,,,,,,
111007,1110070030800,埼玉県さいたま市,大久保支所,,,,,,,,,埼玉県さいたま市桜区大字五関839番地2,埼玉県,さいたま市桜区,,,,35.870238,139.597827,,,,,,,,,,,,8:30,17:15,,,,,,,,,,,,,,,,,,,,,,,
111007,1110072205,埼玉県さいたま市,谷田支所,,,,,,,,,埼玉県さいたま市南区大字太田窪1277番地1,埼玉県,さいたま市南区,,,,35.859815,139.675915,,,,,,,,,,,,8:30,17:15,,,,,,,,,,,,,,,,,,,,,,,
111007,1110070031500,埼玉県さいたま市,三室支所,,,,,,,,,埼玉県さいたま市緑区大字三室1946番地5,埼玉県,さいたま市緑区,,,,35.883143,139.681575,,,,,,,,,,,,8:30,17:15,,,,,,,,,,,,,,,,,,,,,,,
111007,1110070503200,埼玉県さいたま市,美園支所,,,,,,,,,埼玉県さいたま市緑区美園４丁目１９番地１,埼玉県,さいたま市緑区,,,,35.89497,139.72739,,,,,,,,,,,,8:30,17:15,,,,,,,,,,,,,,,,,,,,,,,
111007,1110070275803,埼玉県さいたま市,東岩槻支所,,,,,,,,,埼玉県さいたま市岩槻区東岩槻６丁目６番,埼玉県,さいたま市岩槻区,,,,35.96204,139.716358,,,,,,,,,,,,8:30,17:15,,,,,,,,,,,,,,,,,,,,,,,
111007,1110072206,埼玉県さいたま市,西浦和駅市民の窓口,,,,,,,,,埼玉県さいたま市桜区田島５丁目9番15,埼玉県,さいたま市桜区,,,,35.843783,139.627384,,,,,,,,,,,,8:30,19:00,,,,,,,,,,,,,,,,,,,,,,,
111007,1110070133501,埼玉県さいたま市,北浦和駅市民の窓口,,,,,,,,,埼玉県さいたま市浦和区北浦和３丁目3番1,埼玉県,さいたま市浦和区,,,,35.872566,139.645951,,,,,,,,,,,,8:30,19:00,,,,,,,,,,,,,,,,,,,,,,,
111007,1110072207,埼玉県さいたま市,浦和駅市民の窓口,,,,,,,,,埼玉県さいたま市浦和区高砂１丁目16番12,埼玉県,さいたま市浦和区,,,,35.85941,139.657017,,,,,,,,,,,,8:30,19:00,,,,,,,,,,,,,,,,,,,,,,,
111007,1110072208,埼玉県さいたま市,与野駅市民の窓口,,,,,,,,,埼玉県さいたま市浦和区上木崎２丁目2番2,埼玉県,さいたま市浦和区,,,,35.885782,139.639783,,,,,,,,,,,,8:30,19:00,,,,,,,,,,,,,,,,,,,,,,,
111007,1110070031200,埼玉県さいたま市,南浦和駅市民の窓口,,,,,,,,,埼玉県さいたま市南区南浦和２丁目37番1号,埼玉県,さいたま市南区,,,,35.846936,139.669363,,,,,,,,,,,,8:30,19:00,,,,,,,,,,,,,,,,,,,,,,,
111007,1110070094101,埼玉県さいたま市,原山市民の窓口,,,,,,,,,埼玉県さいたま市緑区原山２丁目33番7号,埼玉県,さいたま市緑区,,,,35.872078,139.668335,,,,,,,,,,,,8:30,17:15,,,,,,,,,,,,,,,,,,,,,,,
111007,1110070031400,埼玉県さいたま市,山崎市民の窓口,,,,,,,,,埼玉県さいたま市緑区大字三室223番地8,埼玉県,さいたま市緑区,,,,35.889809,139.667601,,,,,,,,,,,,8:30,17:15,,,,,,,,,,,,,,,,,,,,,,,
111007,1110072209,埼玉県さいたま市,東浦和駅市民の窓口,,,,,,,,,埼玉県さいたま市緑区東浦和４丁目1番地16,埼玉県,さいたま市緑区,,,,35.866254,139.703443,,,,,,,,,,,,8:30,19:00,,,,,,,,,,,,,,,,,,,,,,,
111007,1110070881501,埼玉県さいたま市,府内市民の窓口,,,,,,,,,埼玉県さいたま市岩槻区府内１丁目8番1,埼玉県,さいたま市岩槻区,,,,35.9438246,139.7108239,,,,,,,,,,,,8:30,17:15,,,,,,,,,,,,,,,,,,,,,,,
111007,1110072310,埼玉県さいたま市,さいたま市危機管理待機宿舎,,,,,,,,,埼玉県さいたま市浦和区常盤１０丁目5ｰ4,埼玉県,さいたま市浦和区,,,,35.86968772,139.6417269,,,,,,,,,,,,,,,,,,,,,,,,,,,,,,,,,,,,
111007,1110070021600,埼玉県さいたま市,大宮災害対策庫,,,,,,,,,埼玉県さいたま市北区本郷町286番,埼玉県,さいたま市北区,,,,35.939118,139.630513,,,,,,,,,,,,,,,,,,,,,,,,,,,,,,,,,,,,
111007,1110070361600,埼玉県さいたま市,広域拠点備蓄倉庫,,,,,,,,,埼玉県さいたま市北区宮原町２丁目１２５－２２,埼玉県,さいたま市北区,,,,35.94262,139.61952,,,,,,,,,,,,,,,,,,,,,,,,,,,,,,,,,,,,
111007,1110072311,埼玉県さいたま市,岩槻区馬込民間倉庫,,,,,,,,,埼玉県さいたま市岩槻区馬込参番446-1,埼玉県,さいたま市岩槻区,,,,35.97192976,139.6709823,,,,,,,,,,,,,,,,,,,,,,,,,,,,,,,,,,,,
111007,1110070028400,埼玉県さいたま市,道路維持課分室（北部）,,,,,,,,,埼玉県さいたま市北区本郷町1872番,埼玉県,さいたま市北区,,,,35.946583,139.629828,,,,,,,,,,,,8:30,17:15,,,,,,,,,,,,,,,,,,,,,,,
111007,1110072301,埼玉県さいたま市,日進・指扇周辺まちづくり事務所,,,,,,,,,埼玉県さいたま市北区日進町２丁目1864番10,埼玉県,さいたま市北区,,,,35.932884,139.609855,,,,,,,,,,,,,,,,,,,,,,,,,,,,,,,,,,,,
111007,1110072306,埼玉県さいたま市,アーカイブズセンター,,,,,,,,,埼玉県さいたま市北区日進町２丁目1864-10,埼玉県,さいたま市北区,,,,35.93288391,139.609789,,,,,,,,,,,,,,,,,,,,,,,,,,,,,,,,,,,,
111007,1110070360800,埼玉県さいたま市,消費生活総合センター,,,,,,,,,埼玉県さいたま市大宮区錦町682番2,埼玉県,さいたま市大宮区,,,,35.908119,139.621641,,,,,,,,,,,,,,,,,,,,,,,,,,,,,,,,,,,,
111007,1110070134600,埼玉県さいたま市,食肉中央卸売市場,,,,,,,,,埼玉県さいたま市大宮区吉敷町２丁目23番,埼玉県,さいたま市大宮区,,,,35.898227,139.627538,,,,,,,,,,,,8:30,17:15,,,,,,,,,,,,,,,,,,,,,,,
111007,1110070360900,埼玉県さいたま市,大宮駅西口まちづくり事務所,,,,,,,,,埼玉県さいたま市大宮区錦町682番2,埼玉県,さいたま市大宮区,,,,35.908119,139.621641,,,,,,,,,,,,,,,,,,,,,,,,,,,,,,,,,,,,
111007,1110072312,埼玉県さいたま市,大宮駅西口まちづくり事務所（倉庫）,,,,,,,,,埼玉県さいたま市大宮区錦町682番2,埼玉県,さいたま市大宮区,,,,35.90802864,139.6214914,,,,,,,,,,,,,,,,,,,,,,,,,,,,,,,,,,,,
111007,1110070021900,埼玉県さいたま市,職員研修センター,,,,,,,,,埼玉県さいたま市見沼区堀崎町48番1,埼玉県,さいたま市見沼区,,,,35.934856,139.657047,,,,,,,,,,,,,,,,,,,,,,,,,,,,,,,,,,,,
111007,1110070021700,埼玉県さいたま市,与野災害対策庫,,,,,,,,,埼玉県さいたま市中央区鈴谷８丁目295番3,埼玉県,さいたま市中央区,,,,35.877726,139.624946,,,,,,,,,,,,,,,,,,,,,,,,,,,,,,,,,,,,
111007,1110070603100,埼玉県さいたま市,旧中央区役所保健センター,,,,,,,,,埼玉県さいたま市中央区本町東４丁目4番3,埼玉県,さいたま市中央区,,,,35.885539,139.622758,,,,,,,,,,,,,,,,,,,,,,,,,,,,,,,,,,,,
111007,1110070022800,埼玉県さいたま市,食肉衛生検査所,,,,,,,,,埼玉県さいたま市中央区上落合５丁目14番21,埼玉県,さいたま市中央区,,,,35.897191,139.627163,,,,,,,,,,,,,,,,,,,,,,,,,,,,,,,,,,,,
111007,1110070200700,埼玉県さいたま市,保健所,,,,,,,,,埼玉県さいたま市中央区鈴谷７丁目5番12,埼玉県,さいたま市中央区,,,,35.873549,139.624316,,,,,,,,,,,,8:30,17:15,,,,,,,,,,,,,,,,,,,,,,,
111007,1110070200701,埼玉県さいたま市,健康科学研究センター,,,,,,,,,埼玉県さいたま市中央区鈴谷７丁目5番12,埼玉県,さいたま市中央区,,,,35.873549,139.624316,,,,,,,,,,,,8:30,17:15,,,,,,,,,,,,,,,,,,,,,,,
111007,1110072309,埼玉県さいたま市,市場監視係事務室,,,,,,,,,埼玉県さいたま市北区吉野町2-226-1,埼玉県,さいたま市北区,,,,35.95863099,139.6103114,,,,,,,,,,,,,,,,,,,,,,,,,,,,,,,,,,,,
111007,1110070024800,埼玉県さいたま市,組合区画整理事業推進事務所,,,,,,,,,埼玉県さいたま市中央区下落合２丁目18番6,埼玉県,さいたま市中央区,,,,35.883637,139.632102,,,,,,,,,,,,,,,,,,,,,,,,,,,,,,,,,,,,
111007,1110070284600,埼玉県さいたま市,旧与野駅西口区画整理事務所,,,,,,,,,埼玉県さいたま市中央区大字下落合字大原1051-4,埼玉県,さいたま市中央区,,,,35.8842296,139.6372401,,,,,,,,,,,,,,,,,,,,,,,,,,,,,,,,,,,,
111007,1110070155901,埼玉県さいたま市,総務課分室,,,,,,,,,埼玉県さいたま市中央区下落合６丁目10番3,埼玉県,さいたま市中央区,,,,35.88277559,139.6265548,,,,,,,,,,,,,,,,,,,,,,,,,,,,,,,,,,,,
111007,1110070155902,埼玉県さいたま市,ステップアップオフィス,,,,,,,,,埼玉県さいたま市中央区下落合６丁目10番3,埼玉県,さいたま市中央区,,,,35.88273929,139.6266378,,,,,,,,,,,,8:30,17:15,,,,,,,,,,,,,,,,,,,,,,,
111007,1110072307,埼玉県さいたま市,さいたま新都心ふれあいプラザ,,,,,,,,,埼玉県さいたま市中央区新都心10,埼玉県,さいたま市中央区,,,,35.89338323,139.6309329,,,,,,,,,,,,10:00,17:00,,,,,,,,,,,,,,,,,,,,,,,
111007,1110070028500,埼玉県さいたま市,道路維持課分室（南部）,,,,,,,,,埼玉県さいたま市桜区田島８丁目20番1,埼玉県,さいたま市桜区,,,,35.842142,139.623548,,,,,,,,,,,,,,,,,,,,,,,,,,,,,,,,,,,,
111007,1110070292200,埼玉県さいたま市,浦和消費生活センター,,,,,,,,,埼玉県さいたま市浦和区東高砂町11番1,埼玉県,さいたま市浦和区,,,,35.858694,139.659134,,,,,,,,,,,,,,,,,,,,,,,,,,,,,,,,,,,,
111007,1110070292300,埼玉県さいたま市,国際交流センター,,,,,,,,,埼玉県さいたま市浦和区東高砂町11番1,埼玉県,さいたま市浦和区,,,,35.858694,139.659134,,,,,,,,,,,,0:00,0:00,,,,,,,,,,,,,,,,,,,,,,,
111007,1110070031000,埼玉県さいたま市,浦和区役所保健センター,,,,,,,,,埼玉県さいたま市浦和区常盤６丁目4番18,埼玉県,さいたま市浦和区,,,,35.861223,139.644162,,,,,,,,,,,,8:30,17:15,,,,,,,,,,,,,,,,,,,,,,,
111007,1110072302,埼玉県さいたま市,浦和駅観光案内所,,,,,,,,,埼玉県さいたま市浦和区高砂１丁目16番12,埼玉県,さいたま市浦和区,,,,35.858427,139.657365,,,,,,,,,,,,0:00,7:12,,,,,,,,,,,,,,,,,,,,,,,
111007,1110072303,埼玉県さいたま市,浦和駅周辺まちづくり事務所,,,,,,,,,埼玉県さいたま市浦和区東高砂町25番2,埼玉県,さいたま市浦和区,,,,35.858779,139.661497,,,,,,,,,,,,,,,,,,,,,,,,,,,,,,,,,,,,
111007,1110070025400,埼玉県さいたま市,浦和西部まちづくり事務所,,,,,,,,,埼玉県さいたま市南区鹿手袋３丁目11番1号,埼玉県,さいたま市南区,,,,35.850444,139.639955,,,,,,,,,,,,,,,,,,,,,,,,,,,,,,,,,,,,
111007,1110070503400,埼玉県さいたま市,美園備蓄倉庫,,,,,,,,,埼玉県さいたま市緑区美園４丁目19番地1,埼玉県,さいたま市緑区,,,,35.895137,139.72762,,,,,,,,,,,,,,,,,,,,,,,,,,,,,,,,,,,,
111007,1110070362900,埼玉県さいたま市,浦和美園駅西口連絡階段,,,,,,,,,埼玉県さいたま市緑区大字下野田字宿畑90番2,埼玉県,さいたま市緑区,,,,35.890769,139.727307,,,,,,,,,,,,,,,,,,,,,,,,,,,,,,,,,,,,
111007,1110070399200,埼玉県さいたま市,浦和美園駅東口連絡階段,,,,,,,,,埼玉県さいたま市緑区美園4丁目12番地,埼玉県,さいたま市緑区,,,,35.885693,139.725667,,,,,,,,,,,,,,,,,,,,,,,,,,,,,,,,,,,,
111007,1110070025300,埼玉県さいたま市,東浦和まちづくり事務所,,,,,,,,,埼玉県さいたま市緑区東浦和８丁目19番1,埼玉県,さいたま市緑区,,,,35.867481,139.695272,,,,,,,,,,,,,,,,,,,,,,,,,,,,,,,,,,,,
111007,1110070803100,埼玉県さいたま市,浦和東部まちづくり事務所,,,,,,,,,埼玉県さいたま市緑区大字大門2564番地6,埼玉県,さいたま市緑区,,,,35.883949,139.727052,,,,,,,,,,,,,,,,,,,,,,,,,,,,,,,,,,,,
111007,1110070249300,埼玉県さいたま市,文書庫,,,,,,,,,埼玉県さいたま市岩槻区仲町１丁目17番3,埼玉県,さいたま市岩槻区,,,,35.948032,139.703998,,,,,,,,,,,,,,,,,,,,,,,,,,,,,,,,,,,,
111007,1110070655000,埼玉県さいたま市,岩槻駅東西自由通路（案内所分）,,,,,,,,,埼玉県さいたま市岩槻区本町1丁目1番１号,埼玉県,さいたま市岩槻区,,,,35.950089,139.693074,,,,,,,,,,,,0:00,7:12,,,,,,,,,,,,,,,,,,,,,,,
111007,1110070764100,埼玉県さいたま市,岩槻区役所（事務所（第４別館））,,,,,,,,,埼玉県さいたま市岩槻区本町１丁目8番21,埼玉県,さいたま市岩槻区,,,,35.948098,139.691484,,,,,,,,,,,,,,,,,,,,,,,,,,,,,,,,,,,,
111007,1110072304,埼玉県さいたま市,岩槻消費生活センター,,,,,,,,,埼玉県さいたま市岩槻区本町３丁目2番5,埼玉県,さいたま市岩槻区,,,,35.949908,139.694396,,,,,,,,,,,,,,,,,,,,,,,,,,,,,,,,,,,,
111007,1110072305,埼玉県さいたま市,東京事務所,,,,,,,,,東京都千代田区平河町2丁目4番1号,東京都,千代田区,,,,35.681159,139.738802,,,,,,,,,,,,,,,,,,,,,,,,,,,,,,,,,,,,
111007,1110070031700,埼玉県さいたま市,教育研究所,,,,,,,,,埼玉県さいたま市浦和区岸町６丁目13番15,埼玉県,さいたま市浦和区,,,,35.853807,139.650059,,,,,,,,,,,,8:30,17:15,,,,,,,,,,,,,,,,,,,,,,,
111007,1110070045701,埼玉県さいたま市,特別支援教育相談センターひまわり,,,,,,,,,埼玉県さいたま市西区三橋６丁目1587番,埼玉県,さいたま市西区,,,,35.920825,139.590021,,,,,,,,,,,,8:30,17:00,,,,,,,,,,,,,,,,,,,,,,,
111007,1110070297402,埼玉県さいたま市,北教育相談室,,,,,,,,,埼玉県さいたま市北区日進町２丁目1915番1,埼玉県,さいたま市北区,,,,35.933279,139.609636,,,,,,,,,,,,8:30,17:00,,,,,,,,,,,,,,,,,,,,,,,
111007,1110070021902,埼玉県さいたま市,堀崎教育相談室,,,,,,,,,埼玉県さいたま市見沼区堀崎町48番1,埼玉県,さいたま市見沼区,,,,35.934856,139.657047,,,,,,,,,,,,8:30,17:00,,,,,,,,,,,,,,,,,,,,,,,
111007,1110070031701,埼玉県さいたま市,岸町教育相談室,,,,,,,,,埼玉県さいたま市浦和区岸町６丁目13番15,埼玉県,さいたま市浦和区,,,,35.853807,139.650059,,,,,,,,,,,,8:30,17:00,,,,,,,,,,,,,,,,,,,,,,,
111007,1110070325201,埼玉県さいたま市,特別支援教育相談センターさくら草,,,,,,,,,埼玉県さいたま市緑区大字三室636番80,埼玉県,さいたま市緑区,,,,35.89110591,139.674845,,,,,,,,,,,,8:30,17:00,,,,,,,,,,,,,,,,,,,,,,,
111007,1110070697800,埼玉県さいたま市,美園教育相談室,,,,,,,,,埼玉県さいたま市緑区美園４丁目１９番１,埼玉県,さいたま市緑区,,,,35.89497,139.72739,,,,,,,,,,,,8:30,17:00,,,,,,,,,,,,,,,,,,,,,,,
111007,1110072401,埼玉県さいたま市,岩槻教育相談室,,,,,,,,,埼玉県さいたま市岩槻区本町３丁目2番5,埼玉県,さいたま市岩槻区,,,,35.949908,139.694396,,,,,,,,,,,,8:30,17:00,,,,,,,,,,,,,,,,,,,,,,,
111007,1110070146900,埼玉県さいたま市,旧鈴谷学校給食センター,,,,,,,,,埼玉県さいたま市中央区鈴谷５丁目1番1号,埼玉県,さいたま市中央区,,,,35.871053,139.631392,,,,,,,,,,,,,,,,,,,,,,,,,,,,,,,,,,,,
111007,1110070146800,埼玉県さいたま市,学校給食センター,,,,,,,,,埼玉県さいたま市中央区本町西６丁目3番1号,埼玉県,さいたま市中央区,,,,35.892499,139.614058,,,,,,,,,,,,8:30,17:15,,,,,,,,,,,,,,,,,,,,,,,
111007,1110070322702,埼玉県さいたま市,あいぱれっと教育相談室,,,,,,,,,埼玉県さいたま市浦和区上木崎４丁目4番10号,埼玉県,さいたま市浦和区,,,,35.885712,139.643931,,,,,,,,,,,,8:30,17:00,,,,,,,,,,,,,,,,,,,,,,,
111007,1110070021903,埼玉県さいたま市,不登校等児童生徒支援センター,,,,,,,,,埼玉県さいたま市見沼区堀崎町48番1,埼玉県,さいたま市見沼区,,,,35.934856,139.657047,,,,,,,,,,,,8:30,17:00,,,,,,,,,,,,,,,,,,,,,,,
111007,1110070000700,埼玉県さいたま市,防災センター庁舎・大宮消防署,,,,,,,,,埼玉県さいたま市大宮区天沼町１丁目893番,埼玉県,さいたま市大宮区,,,,35.907378,139.6475,,,,,,,,,,,,,,,,,,,,,,,,,,,,,,,,,,,,
111007,1110070001800,埼玉県さいたま市,消防局庁舎・浦和消防署,,,,,,,,,埼玉県さいたま市浦和区常盤６丁目1番28,埼玉県,さいたま市浦和区,,,,35.862001,139.646234,,,,,,,,,,,,,,,,,,,,,,,,,,,,,,,,,,,,
111007,1110070000200,埼玉県さいたま市,西消防署,,,,,,,,,埼玉県さいたま市西区西大宮３丁目48番地,埼玉県,さいたま市西区,,,,35.929498,139.580452,,,,,,,,,,,,,,,,,,,,,,,,,,,,,,,,,,,,
111007,1110070000500,埼玉県さいたま市,北消防署,,,,,,,,,埼玉県さいたま市北区宮原町４丁目66番14,埼玉県,さいたま市北区,,,,35.947315,139.610907,,,,,,,,,,,,,,,,,,,,,,,,,,,,,,,,,,,,
111007,1110070400500,埼玉県さいたま市,見沼消防署,,,,,,,,,埼玉県さいたま市見沼区大字片柳１０８７－１,埼玉県,さいたま市見沼区,,,,35.956031,139.661366,,,,,,,,,,,,,,,,,,,,,,,,,,,,,,,,,,,,
111007,1110070651800,埼玉県さいたま市,中央消防署,,,,,,,,,埼玉県さいたま市中央区下落合４丁目１３?１０,埼玉県,さいたま市中央区,,,,35.88777454,139.624558,,,,,,,,,,,,,,,,,,,,,,,,,,,,,,,,,,,,
111007,1110070001400,埼玉県さいたま市,桜消防署,,,,,,,,,埼玉県さいたま市桜区田島４丁目23番7,埼玉県,さいたま市桜区,,,,35.850399,139.628923,,,,,,,,,,,,,,,,,,,,,,,,,,,,,,,,,,,,
111007,1110070002300,埼玉県さいたま市,南消防署,,,,,,,,,埼玉県さいたま市南区根岸３丁目10番7,埼玉県,さいたま市南区,,,,35.839765,139.662348,,,,,,,,,,,,,,,,,,,,,,,,,,,,,,,,,,,,
111007,1110070322600,埼玉県さいたま市,緑消防署,,,,,,,,,埼玉県さいたま市緑区大字大間木472番,埼玉県,さいたま市緑区,,,,35.87428,139.693833,,,,,,,,,,,,,,,,,,,,,,,,,,,,,,,,,,,,
111007,1110070504500,埼玉県さいたま市,岩槻消防署,,,,,,,,,埼玉県さいたま市岩槻区大字岩槻5064番1,埼玉県,さいたま市岩槻区,,,,35.95604,139.68326,,,,,,,,,,,,,,,,,,,,,,,,,,,,,,,,,,,,
111007,1110070000300,埼玉県さいたま市,西消防署西遊馬出張所,,,,,,,,,埼玉県さいたま市西区大字西遊馬307番1,埼玉県,さいたま市西区,,,,35.903572,139.575531,,,,,,,,,,,,,,,,,,,,,,,,,,,,,,,,,,,,
111007,1110070000600,埼玉県さいたま市,北消防署植竹出張所,,,,,,,,,埼玉県さいたま市北区植竹町１丁目820番1,埼玉県,さいたま市北区,,,,35.929907,139.619968,,,,,,,,,,,,,,,,,,,,,,,,,,,,,,,,,,,,
111007,1110070000900,埼玉県さいたま市,大宮消防署大成出張所,,,,,,,,,埼玉県さいたま市大宮区大成町１丁目226番,埼玉県,さいたま市大宮区,,,,35.909927,139.615361,,,,,,,,,,,,,,,,,,,,,,,,,,,,,,,,,,,,
111007,1110070309900,埼玉県さいたま市,大宮消防署氷川参道出張所,,,,,,,,,埼玉県さいたま市大宮区吉敷町１丁目136番1,埼玉県,さいたま市大宮区,,,,35.90146,139.63109,,,,,,,,,,,,,,,,,,,,,,,,,,,,,,,,,,,,
111007,1110070001100,埼玉県さいたま市,見沼消防署蓮沼出張所,,,,,,,,,埼玉県さいたま市見沼区大字蓮沼267番,埼玉県,さいたま市見沼区,,,,35.925079,139.658074,,,,,,,,,,,,,,,,,,,,,,,,,,,,,,,,,,,,
111007,1110070001000,埼玉県さいたま市,見沼消防署春野出張所,,,,,,,,,埼玉県さいたま市見沼区春野２丁目6番1,埼玉県,さいたま市見沼区,,,,35.956031,139.661367,,,,,,,,,,,,,,,,,,,,,,,,,,,,,,,,,,,,
111007,1110070001200,埼玉県さいたま市,見沼消防署東大宮出張所,,,,,,,,,埼玉県さいたま市見沼区東大宮４丁目31番1,埼玉県,さいたま市見沼区,,,,35.949533,139.637355,,,,,,,,,,,,,,,,,,,,,,,,,,,,,,,,,,,,
111007,1110070001600,埼玉県さいたま市,桜消防署大久保出張所,,,,,,,,,埼玉県さいたま市桜区大字五関762番2,埼玉県,さいたま市桜区,,,,35.86748,139.596919,,,,,,,,,,,,,,,,,,,,,,,,,,,,,,,,,,,,
111007,1110070001700,埼玉県さいたま市,桜消防署西浦和出張所,,,,,,,,,埼玉県さいたま市桜区田島７丁目17番10,埼玉県,さいたま市桜区,,,,35.83887,139.626751,,,,,,,,,,,,,,,,,,,,,,,,,,,,,,,,,,,,
111007,1110070243400,埼玉県さいたま市,浦和消防署　日の出出張所,,,,,,,,,埼玉県さいたま市浦和区東岸町8番10,埼玉県,さいたま市浦和区,,,,35.854294,139.662178,,,,,,,,,,,,,,,,,,,,,,,,,,,,,,,,,,,,
111007,1110070002100,埼玉県さいたま市,浦和消防署木崎出張所,,,,,,,,,埼玉県さいたま市浦和区領家４丁目21番20,埼玉県,さいたま市浦和区,,,,35.882193,139.653983,,,,,,,,,,,,,,,,,,,,,,,,,,,,,,,,,,,,
111007,1110070002400,埼玉県さいたま市,南消防署東浦和出張所,,,,,,,,,埼玉県さいたま市南区大字大谷口5668番,埼玉県,さいたま市南区,,,,35.855308,139.692758,,,,,,,,,,,,,,,,,,,,,,,,,,,,,,,,,,,,
111007,1110070002700,埼玉県さいたま市,緑消防署美園出張所,,,,,,,,,埼玉県さいたま市緑区大字玄蕃新田597番1,埼玉県,さいたま市緑区,,,,35.889115,139.716016,,,,,,,,,,,,,,,,,,,,,,,,,,,,,,,,,,,,
111007,1110070277400,埼玉県さいたま市,岩槻消防署上野出張所,,,,,,,,,埼玉県さいたま市岩槻区上野４丁目6番21,埼玉県,さいたま市岩槻区,,,,35.973896,139.6959,,,,,,,,,,,,,,,,,,,,,,,,,,,,,,,,,,,,
111007,1110070277200,埼玉県さいたま市,岩槻消防署太田出張所,,,,,,,,,埼玉県さいたま市岩槻区太田１丁目2番11,埼玉県,さいたま市岩槻区,,,,35.953222,139.704592,,,,,,,,,,,,,,,,,,,,,,,,,,,,,,,,,,,,
111007,1110070277300,埼玉県さいたま市,岩槻消防署笹久保出張所,,,,,,,,,埼玉県さいたま市岩槻区大字笹久保1328番,埼玉県,さいたま市岩槻区,,,,35.915599,139.71547,,,,,,,,,,,,,,,,,,,,,,,,,,,,,,,,,,,,
111007,1110070001900,埼玉県さいたま市,消防局本太資機材倉庫,,,,,,,,,埼玉県さいたま市浦和区本太５丁目10番11,埼玉県,さいたま市浦和区,,,,35.867212,139.660116,,,,,,,,,,,,,,,,,,,,,,,,,,,,,,,,,,,,
111007,1110070008000,埼玉県さいたま市,さいたま市消防団馬宮西分団車庫,,,,,,,,,埼玉県さいたま市西区大字飯田新田字荒工250-15,埼玉県,さいたま市西区,,,,35.88688,139.556431,,,,,,,,,,,,,,,,,,,,,,,,,,,,,,,,,,,,
111007,1110070002800,埼玉県さいたま市,さいたま市消防団植水分団車庫,,,,,,,,,埼玉県さいたま市西区大字植田谷本572番4,埼玉県,さいたま市西区,,,,35.892999,139.593391,,,,,,,,,,,,,,,,,,,,,,,,,,,,,,,,,,,,
111007,1110070002900,埼玉県さいたま市,さいたま市消防団指扇分団車庫,,,,,,,,,埼玉県さいたま市西区大字高木341番15,埼玉県,さいたま市西区,,,,35.925382,139.571325,,,,,,,,,,,,,,,,,,,,,,,,,,,,,,,,,,,,
111007,1110070003000,埼玉県さいたま市,さいたま市消防団馬宮分団車庫,,,,,,,,,埼玉県さいたま市西区大字西遊馬235番1,埼玉県,さいたま市西区,,,,35.904132,139.572733,,,,,,,,,,,,,,,,,,,,,,,,,,,,,,,,,,,,
111007,1110070003100,埼玉県さいたま市,さいたま市消防団日進分団車庫,,,,,,,,,埼玉県さいたま市北区日進町２丁目1195番4,埼玉県,さいたま市北区,,,,35.927549,139.605294,,,,,,,,,,,,,,,,,,,,,,,,,,,,,,,,,,,,
111007,1110070003200,埼玉県さいたま市,さいたま市消防団大砂土分団車庫,,,,,,,,,埼玉県さいたま市北区本郷町1122番1,埼玉県,さいたま市北区,,,,35.944164,139.626114,,,,,,,,,,,,,,,,,,,,,,,,,,,,,,,,,,,,
111007,1110070003300,埼玉県さいたま市,さいたま市消防団宮原分団車庫,,,,,,,,,埼玉県さいたま市北区宮原町２丁目27番11,埼玉県,さいたま市北区,,,,35.94248,139.610688,,,,,,,,,,,,,,,,,,,,,,,,,,,,,,,,,,,,
111007,1110070003400,埼玉県さいたま市,さいたま市消防団大成分団車庫,,,,,,,,,埼玉県さいたま市大宮区大成町３丁目241番2,埼玉県,さいたま市大宮区,,,,35.918451,139.617014,,,,,,,,,,,,,,,,,,,,,,,,,,,,,,,,,,,,
111007,1110070003500,埼玉県さいたま市,さいたま市消防団桜木分団車庫,,,,,,,,,埼玉県さいたま市大宮区桜木町４丁目423番1,埼玉県,さいたま市大宮区,,,,35.89986,139.619438,,,,,,,,,,,,,,,,,,,,,,,,,,,,,,,,,,,,
111007,1110070003600,埼玉県さいたま市,さいたま市消防団中央分団車庫,,,,,,,,,埼玉県さいたま市大宮区下町２丁目46番2,埼玉県,さいたま市大宮区,,,,35.903606,139.628887,,,,,,,,,,,,,,,,,,,,,,,,,,,,,,,,,,,,
111007,1110070003700,埼玉県さいたま市,さいたま市消防団北部分団車庫,,,,,,,,,埼玉県さいたま市大宮区寿能町１丁目23番2,埼玉県,さいたま市大宮区,,,,35.922479,139.632115,,,,,,,,,,,,,,,,,,,,,,,,,,,,,,,,,,,,
111007,1110070003900,埼玉県さいたま市,さいたま市消防団三橋分団車庫,,,,,,,,,埼玉県さいたま市大宮区三橋２丁目59番,埼玉県,さいたま市大宮区,,,,35.902832,139.60423,,,,,,,,,,,,,,,,,,,,,,,,,,,,,,,,,,,,
111007,1110070298300,埼玉県さいたま市,さいたま市消防団宮町分団車庫,,,,,,,,,埼玉県さいたま市大宮区宮町３丁目113番1,埼玉県,さいたま市大宮区,,,,35.911022,139.628606,,,,,,,,,,,,,,,,,,,,,,,,,,,,,,,,,,,,
111007,1110070004200,埼玉県さいたま市,さいたま市消防団七里分団車庫,,,,,,,,,埼玉県さいたま市見沼区大字新堤286番1,埼玉県,さいたま市見沼区,,,,35.927165,139.67703,,,,,,,,,,,,,,,,,,,,,,,,,,,,,,,,,,,,
111007,1110070004400,埼玉県さいたま市,さいたま市消防団片柳分団車庫,,,,,,,,,埼玉県さいたま市見沼区大字南中野782番1,埼玉県,さいたま市見沼区,,,,35.909706,139.662396,,,,,,,,,,,,,,,,,,,,,,,,,,,,,,,,,,,,
111007,1110070004100,埼玉県さいたま市,さいたま市消防団大砂土東分団車庫,,,,,,,,,埼玉県さいたま市見沼区大和田町１丁目445番,埼玉県,さいたま市見沼区,,,,35.926376,139.646641,,,,,,,,,,,,,,,,,,,,,,,,,,,,,,,,,,,,
111007,1110070651600,埼玉県さいたま市,さいたま市消防団片柳東分団車庫,,,,,,,,,埼玉県さいたま市見沼区大字片柳字原山1193番1,埼玉県,さいたま市見沼区,,,,35.904558,139.686683,,,,,,,,,,,,,,,,,,,,,,,,,,,,,,,,,,,,
111007,1110070004300,埼玉県さいたま市,さいたま市消防団春岡分団車庫,,,,,,,,,埼玉県さいたま市見沼区深作１丁目13番7,埼玉県,さいたま市見沼区,,,,35.950157,139.665933,,,,,,,,,,,,,,,,,,,,,,,,,,,,,,,,,,,,
111007,1110070004500,埼玉県さいたま市,さいたま市消防団大戸分団車庫,,,,,,,,,埼玉県さいたま市中央区大戸３丁目15番13,埼玉県,さいたま市中央区,,,,35.865761,139.637796,,,,,,,,,,,,,,,,,,,,,,,,,,,,,,,,,,,,
111007,1110070004600,埼玉県さいたま市,さいたま市消防団上落合分団車庫,,,,,,,,,埼玉県さいたま市中央区上落合７丁目1番14,埼玉県,さいたま市中央区,,,,35.897132,139.625821,,,,,,,,,,,,,,,,,,,,,,,,,,,,,,,,,,,,
111007,1110070004800,埼玉県さいたま市,さいたま市消防団南分団車庫,,,,,,,,,埼玉県さいたま市中央区鈴谷５丁目5番26,埼玉県,さいたま市中央区,,,,35.873216,139.628827,,,,,,,,,,,,,,,,,,,,,,,,,,,,,,,,,,,,
111007,1110070004900,埼玉県さいたま市,さいたま市消防団西分団車庫,,,,,,,,,埼玉県さいたま市中央区八王子２丁目7番2,埼玉県,さいたま市中央区,,,,35.882731,139.610646,,,,,,,,,,,,,,,,,,,,,,,,,,,,,,,,,,,,
111007,1110070005000,埼玉県さいたま市,さいたま市消防団本町分団車庫,,,,,,,,,埼玉県さいたま市中央区本町西３丁目7番13,埼玉県,さいたま市中央区,,,,35.885978,139.615711,,,,,,,,,,,,,,,,,,,,,,,,,,,,,,,,,,,,
111007,1110070005200,埼玉県さいたま市,さいたま市消防団大久保第１分団車庫,,,,,,,,,埼玉県さいたま市桜区大字五関140番1,埼玉県,さいたま市桜区,,,,35.870427,139.598494,,,,,,,,,,,,,,,,,,,,,,,,,,,,,,,,,,,,
111007,1110070382000,埼玉県さいたま市,さいたま市消防団大久保第２分団車庫,,,,,,,,,埼玉県さいたま市桜区大字上大久保140番11,埼玉県,さいたま市桜区,,,,35.865778,139.607907,,,,,,,,,,,,,,,,,,,,,,,,,,,,,,,,,,,,
111007,1110070005300,埼玉県さいたま市,さいたま市消防団土合第３分団車庫,,,,,,,,,埼玉県さいたま市桜区栄和１丁目11番21,埼玉県,さいたま市桜区,,,,35.861956,139.616424,,,,,,,,,,,,,,,,,,,,,,,,,,,,,,,,,,,,
111007,1110070005400,埼玉県さいたま市,さいたま市消防団土合第２分団車庫,,,,,,,,,埼玉県さいたま市桜区田島３丁目8番16,埼玉県,さいたま市桜区,,,,35.848682,139.631564,,,,,,,,,,,,,,,,,,,,,,,,,,,,,,,,,,,,
111007,1110070005500,埼玉県さいたま市,さいたま市消防団土合第１分団車庫,,,,,,,,,埼玉県さいたま市桜区西堀５丁目5番2,埼玉県,さいたま市桜区,,,,35.856587,139.626831,,,,,,,,,,,,,,,,,,,,,,,,,,,,,,,,,,,,
111007,1110070293301,埼玉県さいたま市,さいたま市高砂分団車庫,,,,,,,,,埼玉県さいたま市浦和区高砂３丁目1番20,埼玉県,さいたま市浦和区,,,,35.858293,139.652468,,,,,,,,,,,,,,,,,,,,,,,,,,,,,,,,,,,,
111007,1110070005600,埼玉県さいたま市,さいたま市消防団上木崎分団車庫,,,,,,,,,埼玉県さいたま市浦和区上木崎４丁目1番13,埼玉県,さいたま市浦和区,,,,35.886072,139.642935,,,,,,,,,,,,,,,,,,,,,,,,,,,,,,,,,,,,
111007,1110070005700,埼玉県さいたま市,さいたま市消防団岸分団車庫,,,,,,,,,埼玉県さいたま市浦和区岸町４丁目23番10,埼玉県,さいたま市浦和区,,,,35.854932,139.655445,,,,,,,,,,,,,,,,,,,,,,,,,,,,,,,,,,,,
111007,1110070005800,埼玉県さいたま市,さいたま市消防団北浦和分団車庫,,,,,,,,,埼玉県さいたま市浦和区北浦和３丁目17番15,埼玉県,さいたま市浦和区,,,,35.876408,139.644702,,,,,,,,,,,,,,,,,,,,,,,,,,,,,,,,,,,,
111007,1110070005900,埼玉県さいたま市,さいたま市消防団木崎分団車庫,,,,,,,,,埼玉県さいたま市浦和区瀬ヶ崎２丁目8番10,埼玉県,さいたま市浦和区,,,,35.879846,139.658416,,,,,,,,,,,,,,,,,,,,,,,,,,,,,,,,,,,,
111007,1110070501500,埼玉県さいたま市,さいたま市消防団常盤分団車庫敷地,,,,,,,,,埼玉県さいたま市浦和区常盤５丁目8番16,埼玉県,さいたま市浦和区,,,,35.865987,139.64892,,,,,,,,,,,,,,,,,,,,,,,,,,,,,,,,,,,,
111007,1110070006100,埼玉県さいたま市,さいたま市消防団仲町分団車庫,,,,,,,,,埼玉県さいたま市浦和区仲町２丁目6番3,埼玉県,さいたま市浦和区,,,,35.86123,139.652525,,,,,,,,,,,,,,,,,,,,,,,,,,,,,,,,,,,,
111007,1110070006200,埼玉県さいたま市,さいたま市消防団本太分団車庫,,,,,,,,,埼玉県さいたま市浦和区本太５丁目10番11,埼玉県,さいたま市浦和区,,,,35.867212,139.660116,,,,,,,,,,,,,,,,,,,,,,,,,,,,,,,,,,,,
111007,1110070006300,埼玉県さいたま市,さいたま市消防団白幡分団車庫,,,,,,,,,埼玉県さいたま市南区白幡２丁目16番10,埼玉県,さいたま市南区,,,,35.847703,139.652912,,,,,,,,,,,,,,,,,,,,,,,,,,,,,,,,,,,,
111007,1110070006400,埼玉県さいたま市,さいたま市消防団六辻第２分団車庫,,,,,,,,,埼玉県さいたま市南区辻２丁目13番10,埼玉県,さいたま市南区,,,,35.833315,139.661442,,,,,,,,,,,,,,,,,,,,,,,,,,,,,,,,,,,,
111007,1110070006500,埼玉県さいたま市,さいたま市消防団六辻第１分団車庫,,,,,,,,,埼玉県さいたま市南区根岸４丁目16番9,埼玉県,さいたま市南区,,,,35.843178,139.659051,,,,,,,,,,,,,,,,,,,,,,,,,,,,,,,,,,,,
111007,1110070006600,埼玉県さいたま市,さいたま市消防団谷田第２分団車庫,,,,,,,,,埼玉県さいたま市南区大字広ヶ谷戸7番1,埼玉県,さいたま市南区,,,,35.863555,139.683936,,,,,,,,,,,,,,,,,,,,,,,,,,,,,,,,,,,,
111007,1110070006700,埼玉県さいたま市,さいたま市消防団別所分団車庫,,,,,,,,,埼玉県さいたま市南区別所３丁目7番7,埼玉県,さいたま市南区,,,,35.852207,139.646546,,,,,,,,,,,,,,,,,,,,,,,,,,,,,,,,,,,,
111007,1110070006800,埼玉県さいたま市,さいたま市消防団西浦和分団車庫,,,,,,,,,埼玉県さいたま市南区曲本３丁目8番10,埼玉県,さいたま市南区,,,,35.835615,139.639428,,,,,,,,,,,,,,,,,,,,,,,,,,,,,,,,,,,,
111007,1110070006900,埼玉県さいたま市,さいたま市消防団大谷場分団車庫,,,,,,,,,埼玉県さいたま市南区南浦和２丁目17番2,埼玉県,さいたま市南区,,,,35.850647,139.670941,,,,,,,,,,,,,,,,,,,,,,,,,,,,,,,,,,,,
111007,1110070007400,埼玉県さいたま市,さいたま市消防団美園第１分団車庫,,,,,,,,,埼玉県さいたま市緑区大字代山116番,埼玉県,さいたま市緑区,,,,35.901241,139.704364,,,,,,,,,,,,,,,,,,,,,,,,,,,,,,,,,,,,
111007,1110070007000,埼玉県さいたま市,さいたま市消防団尾間木第２分団車庫,,,,,,,,,埼玉県さいたま市緑区東浦和５丁目20番1,埼玉県,さいたま市緑区,,,,35.867076,139.704587,,,,,,,,,,,,,,,,,,,,,,,,,,,,,,,,,,,,
111007,1110070007500,埼玉県さいたま市,さいたま市消防団尾間木第１分団車庫,,,,,,,,,埼玉県さいたま市緑区大字中尾1410番1,埼玉県,さいたま市緑区,,,,35.87247,139.686611,,,,,,,,,,,,,,,,,,,,,,,,,,,,,,,,,,,,
111007,1110070007100,埼玉県さいたま市,さいたま市消防団三室第２分団車庫,,,,,,,,,埼玉県さいたま市緑区道祖土２丁目12番17,埼玉県,さいたま市緑区,,,,35.880107,139.672034,,,,,,,,,,,,,,,,,,,,,,,,,,,,,,,,,,,,
111007,1110070397200,埼玉県さいたま市,さいたま市消防団谷田第１分団車庫,,,,,,,,,埼玉県さいたま市緑区太田窪１丁目27番14号,埼玉県,さいたま市緑区,,,,35.865141,139.669829,,,,,,,,,,,,,,,,,,,,,,,,,,,,,,,,,,,,
111007,1110070502200,埼玉県さいたま市,さいたま市消防団美園第３分団車庫,,,,,,,,,埼玉県さいたま市緑区大字大門2865番4,埼玉県,さいたま市緑区,,,,35.88472,139.729543,,,,,,,,,,,,,,,,,,,,,,,,,,,,,,,,,,,,
111007,1110070007600,埼玉県さいたま市,さいたま市消防団美園第２分団車庫,,,,,,,,,埼玉県さいたま市緑区大字南部領辻3212番2,埼玉県,さいたま市緑区,,,,35.895289,139.711183,,,,,,,,,,,,,,,,,,,,,,,,,,,,,,,,,,,,
111007,1110070007700,埼玉県さいたま市,さいたま市消防団三室第１分団車庫,,,,,,,,,埼玉県さいたま市緑区松木１丁目4番16,埼玉県,さいたま市緑区,,,,35.883987,139.6845,,,,,,,,,,,,,,,,,,,,,,,,,,,,,,,,,,,,
111007,1110070276300,埼玉県さいたま市,さいたま市消防団川通分団車庫,,,,,,,,,埼玉県さいたま市岩槻区大字大口258番1,埼玉県,さいたま市岩槻区,,,,35.941352,139.739697,,,,,,,,,,,,,,,,,,,,,,,,,,,,,,,,,,,,
111007,1110070276700,埼玉県さいたま市,さいたま市消防団新和第2分団車庫,,,,,,,,,埼玉県さいたま市岩槻区大字釣上553番2,埼玉県,さいたま市岩槻区,,,,35.897081,139.741617,,,,,,,,,,,,,,,,,,,,,,,,,,,,,,,,,,,,
111007,1110070276500,埼玉県さいたま市,さいたま市消防団柏崎分団車庫,,,,,,,,,埼玉県さいたま市岩槻区大字柏崎754番1,埼玉県,さいたま市岩槻区,,,,35.933353,139.702422,,,,,,,,,,,,,,,,,,,,,,,,,,,,,,,,,,,,
111007,1110070276800,埼玉県さいたま市,さいたま市消防団慈恩寺第1分団車庫,,,,,,,,,埼玉県さいたま市岩槻区大字慈恩寺259番1,埼玉県,さいたま市岩槻区,,,,35.9813,139.708854,,,,,,,,,,,,,,,,,,,,,,,,,,,,,,,,,,,,
111007,1110070276200,埼玉県さいたま市,さいたま市消防団岩槻第3分団車庫,,,,,,,,,埼玉県さいたま市岩槻区仲町１丁目14番28,埼玉県,さいたま市岩槻区,,,,35.949122,139.704448,,,,,,,,,,,,,,,,,,,,,,,,,,,,,,,,,,,,
111007,1110070276600,埼玉県さいたま市,さいたま市消防団新和第1分団車庫,,,,,,,,,埼玉県さいたま市岩槻区大字野孫738番1,埼玉県,さいたま市岩槻区,,,,35.914615,139.737599,,,,,,,,,,,,,,,,,,,,,,,,,,,,,,,,,,,,
111007,1110070277000,埼玉県さいたま市,さいたま市消防団河合分団車庫,,,,,,,,,埼玉県さいたま市岩槻区大字平林寺428番1,埼玉県,さいたま市岩槻区,,,,35.965918,139.672241,,,,,,,,,,,,,,,,,,,,,,,,,,,,,,,,,,,,
111007,1110070276000,埼玉県さいたま市,さいたま市消防団岩槻第1分団車庫,,,,,,,,,埼玉県さいたま市岩槻区本町４丁目2番36,埼玉県,さいたま市岩槻区,,,,35.948809,139.696391,,,,,,,,,,,,,,,,,,,,,,,,,,,,,,,,,,,,
111007,1110070276100,埼玉県さいたま市,さいたま市消防団岩槻第2分団車庫,,,,,,,,,埼玉県さいたま市岩槻区宮町１丁目4番1,埼玉県,さいたま市岩槻区,,,,35.956585,139.697962,,,,,,,,,,,,,,,,,,,,,,,,,,,,,,,,,,,,
111007,1110070276900,埼玉県さいたま市,さいたま市消防団慈恩寺第2分団車庫,,,,,,,,,埼玉県さいたま市岩槻区大字表慈恩寺1505番2,埼玉県,さいたま市岩槻区,,,,35.97326,139.701724,,,,,,,,,,,,,,,,,,,,,,,,,,,,,,,,,,,,
111007,1110070698300,埼玉県さいたま市,さいたま市消防団東大宮分団車庫,,,,,,,,,さいたま都市計画事業島町西部土地区画整理事業13街区23画地,埼玉県,,,,,35.94666181,139.6499948,,,,,,,,,,,,,,,,,,,,,,,,,,,,,,,,,,,,
111007,1110070004700,埼玉県さいたま市,さいたま市消防団下落合分団車庫,,,,,,,,,埼玉県さいたま市中央区下落合７丁目12番地27,埼玉県,さいたま市中央区,,,,35.88145833,139.6328408,,,,,,,,,,,,,,,,,,,,,,,,,,,,,,,,,,,,
111007,1110070808600,埼玉県さいたま市,さいたま市消防団東部分団車庫,,,,,,,,,埼玉県さいたま市大宮区堀の内町1丁目99番地6,埼玉県,さいたま市大宮区,,,,35.90854148,139.6342673,,,,,,,,,,,,,,,,,,,,,,,,,,,,,,,,,,,,
111007,1110070765800,埼玉県さいたま市,さいたま市消防団和土分団車庫,,,,,,,,,埼玉県さいたま市岩槻区大字黒谷1135番地7,埼玉県,さいたま市岩槻区,,,,35.93363715,139.7179325,,,,,,,,,,,,,,,,,,,,,,,,,,,,,,,,,,,,
111007,1110070023500,埼玉県さいたま市,西部環境センター,,,,,,,,,埼玉県さいたま市西区大字宝来52番1,埼玉県,さいたま市西区,,,,35.934047,139.55289,,,,,,,,,,,,8:30,16:30,,,,,,,,,,,,,,,,,,,,,,,
111007,1110070023700,埼玉県さいたま市,東部環境センター,,,,,,,,,埼玉県さいたま市見沼区大字膝子６２６番地１,埼玉県,さいたま市見沼区,,,,35.927735,139.687801,,,,,,,,,,,,8:30,16:30,,,,,,,,,,,,,,,,,,,,,,,
111007,1110070330400,埼玉県さいたま市,桜環境センター,,,,,,,,,埼玉県さいたま市桜区新開４丁目2番1号,埼玉県,さいたま市桜区,,,,35.844067,139.618334,,,,,,,,,,,,8:30,21:00,,,,,,,,,,,,,,,,,,,,,,,
111007,1110070023900,埼玉県さいたま市,クリーンセンター大崎,,,,,,,,,埼玉県さいたま市緑区大字大崎317番,埼玉県,さいたま市緑区,,,,35.880163,139.712703,,,,,,,,,,,,8:30,16:30,,,,,,,,,,,,,,,,,,,,,,,
111007,1110070268000,埼玉県さいたま市,岩槻環境センター,,,,,,,,,埼玉県さいたま市岩槻区大字笹久保1339番地1号,埼玉県,さいたま市岩槻区,,,,35.917293,139.714413,,,,,,,,,,,,,,,,,,,,,,,,,,,,,,,,,,,,
111007,1110070867800,埼玉県さいたま市,見沼環境センター,,,,,,,,,埼玉県さいたま市見沼区大字膝子６２６番地１,埼玉県,さいたま市見沼区,,,,35.92788884,139.6877985,,,,,,,,,,,,,,,,,,,,,,,,,,,,,,,,,,,,
111007,1110070023000,埼玉県さいたま市,西部清掃事務所,,,,,,,,,埼玉県さいたま市西区大字宝来52番地1,埼玉県,さいたま市西区,,,,35.934047,139.55289,,,,,,,,,,,,8:30,17:15,,,,,,,,,,,,,,,,,,,,,,,
111007,1110070850200,埼玉県さいたま市,東部清掃事務所,,,,,,,,,埼玉県さいたま市緑区大字大崎317番,埼玉県,さいたま市緑区,,,,35.88062925,139.7119033,,,,,,,,,,,,8:30,17:15,,,,,,,,,,,,,,,,,,,,,,,
111007,1110070800700,埼玉県さいたま市,南下新井汚水処理場,,,,,,,,,埼玉県さいたま市岩槻区大字黒谷643番地,埼玉県,さいたま市岩槻区,,,,35.925233,139.727538,,,,,,,,,,,,8:30,17:00,,,,,,,,,,,,,,,,,,,,,,,
111007,1110070024200,埼玉県さいたま市,大宮南部浄化センター,,,,,,,,,埼玉県さいたま市見沼区大字上山口新田508番1,埼玉県,さいたま市見沼区,,,,35.900752,139.649008,,,,,,,,,,,,8:30,16:30,,,,,,,,,,,,,,,,,,,,,,,
111007,1110070024300,埼玉県さいたま市,クリーンセンター西堀,,,,,,,,,埼玉県さいたま市桜区新開４丁目1番1号,埼玉県,さいたま市桜区,,,,35.8432,139.618302,,,,,,,,,,,,8:30,16:30,,,,,,,,,,,,,,,,,,,,,,,
111007,1110070023800,埼玉県さいたま市,鈴谷清掃工場,,,,,,,,,埼玉県さいたま市中央区鈴谷１丁目510番,埼玉県,さいたま市中央区,,,,35.866428,139.632122,,,,,,,,,,,,,,,,,,,,,,,,,,,,,,,,,,,,
111007,1110070024400,埼玉県さいたま市,高木第二最終処分場,,,,,,,,,埼玉県さいたま市西区西大宮4丁目25番2,埼玉県,さいたま市西区,,,,35.930862,139.577513,,,,,,,,,,,,,,,,,,,,,,,,,,,,,,,,,,,,
111007,1110070024500,埼玉県さいたま市,環境広場,,,,,,,,,埼玉県さいたま市見沼区大字大谷483番1,埼玉県,さいたま市見沼区,,,,35.921411,139.681441,,,,,,,,,,,,,,,,,,,,,,,,,,,,,,,,,,,,
111007,1110070024100,埼玉県さいたま市,うらわフェニックス,,,,,,,,,埼玉県さいたま市緑区大字間宮741番1,埼玉県,さいたま市緑区,,,,35.88526,139.71928,,,,,,,,,,,,,,,,,,,,,,,,,,,,,,,,,,,,
111007,1110070399100,埼玉県さいたま市,間宮埋立完了地,,,,,,,,,埼玉県さいたま市緑区大字間宮字氷川下38番,埼玉県,さいたま市緑区,,,,35.878059,139.726806,,,,,,,,,,,,,,,,,,,,,,,,,,,,,,,,,,,,
111007,1110070157400,埼玉県さいたま市,清河寺ふれあい会館,,,,,,,,,埼玉県さいたま市西区大字清河寺745番2,埼玉県,さいたま市西区,,,,35.934881,139.583453,,,,,,,,,,,,,,,,,,,,,,,,,,,,,,,,,,,,
111007,1110070157600,埼玉県さいたま市,高木地区集会所,,,,,,,,,埼玉県さいたま市西区西大宮２丁目27番1,埼玉県,さいたま市西区,,,,35.929109,139.572322,,,,,,,,,,,,,,,,,,,,,,,,,,,,,,,,,,,,
111007,1110070158500,埼玉県さいたま市,穂積自治会館,,,,,,,,,埼玉県さいたま市西区大字宝来343番1,埼玉県,さいたま市西区,,,,35.927982,139.554346,,,,,,,,,,,,,,,,,,,,,,,,,,,,,,,,,,,,
111007,1110070191800,埼玉県さいたま市,穂積コミュニティ会館,,,,,,,,,埼玉県さいたま市西区大字峰岸13番,埼玉県,さいたま市西区,,,,35.929309,139.557204,,,,,,,,,,,,,,,,,,,,,,,,,,,,,,,,,,,,
111007,1110070160100,埼玉県さいたま市,土呂町自治会館,,,,,,,,,埼玉県さいたま市北区土呂町２丁目84番2,埼玉県,さいたま市北区,,,,35.934852,139.636903,,,,,,,,,,,,,,,,,,,,,,,,,,,,,,,,,,,,
111007,1110070161200,埼玉県さいたま市,本郷会館,,,,,,,,,埼玉県さいたま市北区本郷町1122番2,埼玉県,さいたま市北区,,,,35.94409,139.626697,,,,,,,,,,,,,,,,,,,,,,,,,,,,,,,,,,,,
111007,1110070162700,埼玉県さいたま市,宮原町４丁目鍛冶自治会館,,,,,,,,,埼玉県さいたま市北区宮原町４丁目106番1,埼玉県,さいたま市北区,,,,35.949672,139.607449,,,,,,,,,,,,,,,,,,,,,,,,,,,,,,,,,,,,
111007,1110070163500,埼玉県さいたま市,上小町自治会館,,,,,,,,,埼玉県さいたま市大宮区上小町825番,埼玉県,さいたま市大宮区,,,,35.899779,139.612444,,,,,,,,,,,,,,,,,,,,,,,,,,,,,,,,,,,,
111007,1110070163700,埼玉県さいたま市,北袋町自治会館,,,,,,,,,埼玉県さいたま市大宮区北袋町１丁目190番13,埼玉県,さいたま市大宮区,,,,35.895273,139.641362,,,,,,,,,,,,,,,,,,,,,,,,,,,,,,,,,,,,
111007,1110070167300,埼玉県さいたま市,東大宮自治会館,,,,,,,,,埼玉県さいたま市見沼区東大宮１丁目13番1,埼玉県,さいたま市見沼区,,,,35.94382,139.64125,,,,,,,,,,,,,,,,,,,,,,,,,,,,,,,,,,,,
111007,1110070167400,埼玉県さいたま市,東大宮２丁目集会所,,,,,,,,,埼玉県さいたま市見沼区東大宮２丁目34番8,埼玉県,さいたま市見沼区,,,,35.947448,139.634084,,,,,,,,,,,,,,,,,,,,,,,,,,,,,,,,,,,,
111007,1110070167700,埼玉県さいたま市,東大宮７丁目自治会館,,,,,,,,,埼玉県さいたま市見沼区東大宮７丁目39番1,埼玉県,さいたま市見沼区,,,,35.944626,139.645288,,,,,,,,,,,,,,,,,,,,,,,,,,,,,,,,,,,,
111007,1110070167800,埼玉県さいたま市,東宮下会館,,,,,,,,,埼玉県さいたま市見沼区東宮下１丁目79番2,埼玉県,さいたま市見沼区,,,,35.929874,139.680788,,,,,,,,,,,,,,,,,,,,,,,,,,,,,,,,,,,,
111007,1110070168100,埼玉県さいたま市,膝子下組会館,,,,,,,,,埼玉県さいたま市見沼区大字膝子227番,埼玉県,さいたま市見沼区,,,,35.915489,139.691521,,,,,,,,,,,,,,,,,,,,,,,,,,,,,,,,,,,,
111007,1110070168200,埼玉県さいたま市,膝子会館,,,,,,,,,埼玉県さいたま市見沼区大字膝子528番1,埼玉県,さいたま市見沼区,,,,35.919986,139.685972,,,,,,,,,,,,,,,,,,,,,,,,,,,,,,,,,,,,
111007,1110070168300,埼玉県さいたま市,八幡会館,,,,,,,,,埼玉県さいたま市見沼区大字膝子623番,埼玉県,さいたま市見沼区,,,,35.92356,139.686263,,,,,,,,,,,,,,,,,,,,,,,,,,,,,,,,,,,,
111007,1110070168600,埼玉県さいたま市,丸ヶ崎自治会館,,,,,,,,,埼玉県さいたま市見沼区丸ヶ崎町27番10,埼玉県,さいたま市見沼区,,,,35.955106,139.652164,,,,,,,,,,,,,,,,,,,,,,,,,,,,,,,,,,,,
111007,1110070189100,埼玉県さいたま市,染谷地区内集会所,,,,,,,,,埼玉県さいたま市見沼区染谷３丁目402番3,埼玉県,さいたま市見沼区,,,,35.908926,139.68498,,,,,,,,,,,,,,,,,,,,,,,,,,,,,,,,,,,,
111007,1110070170000,埼玉県さいたま市,秋ヶ瀬集会所,,,,,,,,,埼玉県さいたま市桜区新開４丁目2番10,埼玉県,さいたま市桜区,,,,35.846456,139.61813,,,,,,,,,,,,,,,,,,,,,,,,,,,,,,,,,,,,
111007,1110070323300,埼玉県さいたま市,桜田自治会連合会集会所,,,,,,,,,埼玉県さいたま市桜区桜田2丁目1652番,埼玉県,さいたま市桜区,,,,35.850781,139.620594,,,,,,,,,,,,,,,,,,,,,,,,,,,,,,,,,,,,
111007,1110070306900,埼玉県さいたま市,新開第一自治会集会所,,,,,,,,,埼玉県さいたま市桜区新開２丁目164番3,埼玉県,さいたま市桜区,,,,35.847724,139.620069,,,,,,,,,,,,,,,,,,,,,,,,,,,,,,,,,,,,
111007,1110070311800,埼玉県さいたま市,ひつ和自治会集会所,,,,,,,,,埼玉県さいたま市桜区田島９丁目1788番5,埼玉県,さいたま市桜区,,,,35.842631,139.620328,,,,,,,,,,,,,,,,,,,,,,,,,,,,,,,,,,,,
111007,1110070858000,埼玉県さいたま市,しびらき”イースト・ホール”,,,,,,,,,埼玉県さいたま市桜区新開２丁目169番地2,埼玉県,さいたま市桜区,,,,35.84986165,139.6187721,,,,,,,,,,,,,,,,,,,,,,,,,,,,,,,,,,,,
111007,1110070174200,埼玉県さいたま市,大崎集会所,,,,,,,,,埼玉県さいたま市緑区大字大崎2954番2,埼玉県,さいたま市緑区,,,,35.887421,139.709322,,,,,,,,,,,,,,,,,,,,,,,,,,,,,,,,,,,,
111007,1110070360700,埼玉県さいたま市,ローズ西平自治会館,,,,,,,,,埼玉県さいたま市岩槻区大字岩槻5385番2,埼玉県,さいたま市岩槻区,,,,35.962213,139.683079,,,,,,,,,,,,,,,,,,,,,,,,,,,,,,,,,,,,
111007,1110070192600,埼玉県さいたま市,土呂町１丁目集会所,,,,,,,,,埼玉県さいたま市北区土呂町１丁目42,埼玉県,さいたま市北区,,,,35.93559549,139.6316586,,,,,,,,,,,,,,,,,,,,,,,,,,,,,,,,,,,,
111007,1110070168500,埼玉県さいたま市,深作会館,,,,,,,,,埼玉県さいたま市見沼区深作２丁目7,埼玉県,さいたま市見沼区,,,,35.95160257,139.6683956,,,,,,,,,,,,,,,,,,,,,,,,,,,,,,,,,,,,
111007,1110070398200,埼玉県さいたま市,大栄橋下建物,,,,,,,,,埼玉県さいたま市大宮区宮町１丁目27,埼玉県,さいたま市大宮区,,,,35.90928949,139.6240165,,,,,,,,,,,,,,,,,,,,,,,,,,,,,,,,,,,,
111007,1110070133500,埼玉県さいたま市,北浦和インフォメーションセンター,,,,,,,,,埼玉県さいたま市浦和区北浦和３丁目3番1,埼玉県,さいたま市浦和区,,,,35.872566,139.645951,,,,,,,,,,,,9:00,17:00,,,,,,,,,,,,,,,,,,,,,,,
111007,1110070288000,埼玉県さいたま市,さいたま市民医療センター,,,,,,,,,埼玉県さいたま市西区大字島根299番1,埼玉県,さいたま市西区,,,,35.88182,139.598221,,,,,,,,,,,,,,,,,,,,,,,,,,,,,,,,,,,,
111007,1110070189400,埼玉県さいたま市,大宮ワークプラザ,,,,,,,,,埼玉県さいたま市西区大字西遊馬1969番8,埼玉県,さいたま市西区,,,,35.917111,139.561772,,,,,,,,,,,,,,,,,,,,,,,,,,,,,,,,,,,,
111007,1110070191900,埼玉県さいたま市,職業訓練センター,,,,,,,,,埼玉県さいたま市西区大字西遊馬1338番13,埼玉県,さいたま市西区,,,,35.914634,139.561273,,,,,,,,,,,,9:00,17:00,,,,,,,,,,,,,,,,,,,,,,,
111007,1110070296700,埼玉県さいたま市,大宮医師会館,,,,,,,,,埼玉県さいたま市北区東大成町２丁目107番,埼玉県,さいたま市北区,,,,35.925434,139.620779,,,,,,,,,,,,,,,,,,,,,,,,,,,,,,,,,,,,
111007,1110070164000,埼玉県さいたま市,産業文化センターバスバース敷地,,,,,,,,,埼玉県さいたま市大宮区桜木町１丁目7番地6,埼玉県,さいたま市大宮区,,,,35.90412938,139.62144,,,,,,,,,,,,,,,,,,,,,,,,,,,,,,,,,,,,
111007,1110070385900,埼玉県さいたま市,桜木地区社会福祉協議会,,,,,,,,,埼玉県さいたま市大宮区桜木町１丁目185番地2,埼玉県,さいたま市大宮区,,,,35.90341896,139.6225178,,,,,,,,,,,,,,,,,,,,,,,,,,,,,,,,,,,,
111007,1110070293200,埼玉県さいたま市,大成防犯ステーション,,,,,,,,,埼玉県さいたま市大宮区大成町１丁目151番,埼玉県,さいたま市大宮区,,,,35.908189,139.616366,,,,,,,,,,,,,,,,,,,,,,,,,,,,,,,,,,,,
111007,1110070810100,埼玉県さいたま市,旧大宮図書館,,,,,,,,,埼玉県さいたま市大宮区高鼻町２丁目1番1,埼玉県,さいたま市大宮区,,,,35.911315,139.631183,,,,,,,,,,,,,,,,,,,,,,,,,,,,,,,,,,,,
111007,1110070293100,埼玉県さいたま市,公園防犯ステーション,,,,,,,,,埼玉県さいたま市大宮区高鼻町４丁目無番地,埼玉県,さいたま市大宮区,,,,35.916811,139.629718,,,,,,,,,,,,,,,,,,,,,,,,,,,,,,,,,,,,
111007,1110070165000,埼玉県さいたま市,シルバー人材センター下町作業所,,,,,,,,,埼玉県さいたま市大宮区下町２丁目46番2,埼玉県,さいたま市大宮区,,,,35.903578,139.628749,,,,,,,,,,,,,,,,,,,,,,,,,,,,,,,,,,,,
111007,1110070366400,埼玉県さいたま市,ソニックシティ旧ショールーム,,,,,,,,,埼玉県さいたま市大宮区桜木町１丁目7番地1,埼玉県,さいたま市大宮区,,,,35.90590528,139.6199659,,,,,,,,,,,,9:00,17:00,,,,,,,,,,,,,,,,,,,,,,,
111007,1110070302700,埼玉県さいたま市,蓮沼職員住宅,,,,,,,,,埼玉県さいたま市見沼区大字蓮沼1045番1,埼玉県,さいたま市見沼区,,,,35.93452,139.658473,,,,,,,,,,,,,,,,,,,,,,,,,,,,,,,,,,,,
111007,1110070297100,埼玉県さいたま市,元気工房,,,,,,,,,埼玉県さいたま市中央区八王子４丁目1番20,埼玉県,さいたま市中央区,,,,35.878029,139.610659,,,,,,,,,,,,,,,,,,,,,,,,,,,,,,,,,,,,
111007,1110070364300,埼玉県さいたま市,風の子クラブ,,,,,,,,,埼玉県さいたま市中央区八王子４丁目1番21,埼玉県,さいたま市中央区,,,,35.877898,139.61067,,,,,,,,,,,,,,,,,,,,,,,,,,,,,,,,,,,,
111007,1110070171600,埼玉県さいたま市,コルソ,,,,,,,,,埼玉県さいたま市浦和区高砂１丁目12番1,埼玉県,さいたま市浦和区,,,,35.858374,139.65574,,,,,,,,,,,,,,,,,,,,,,,,,,,,,,,,,,,,
111007,1110070171000,埼玉県さいたま市,岸町防犯ステーション,,,,,,,,,埼玉県さいたま市浦和区岸町５丁目1番2,埼玉県,さいたま市浦和区,,,,35.852314,139.654944,,,,,,,,,,,,,,,,,,,,,,,,,,,,,,,,,,,,
111007,1110070293300,埼玉県さいたま市,高砂防犯ステーション,,,,,,,,,埼玉県さいたま市浦和区高砂３丁目1番20,埼玉県,さいたま市浦和区,,,,35.857499,139.652176,,,,,,,,,,,,,,,,,,,,,,,,,,,,,,,,,,,,
111007,1110070173500,埼玉県さいたま市,谷田防犯ステーション,,,,,,,,,埼玉県さいたま市南区大字太田窪1712番2,埼玉県,さいたま市南区,,,,35.856241,139.676466,,,,,,,,,,,,,,,,,,,,,,,,,,,,,,,,,,,,
111007,1110070745900,埼玉県さいたま市,更生保護サポートセンター,,,,,,,,,埼玉県さいたま市南区白幡５丁目14番1,埼玉県,さいたま市南区,,,,35.841278,139.649238,,,,,,,,,,,,,,,,,,,,,,,,,,,,,,,,,,,,
111007,1110070189800,埼玉県さいたま市,浦和シルバーワークプラザ,,,,,,,,,埼玉県さいたま市南区南浦和３丁目995番2,埼玉県,さいたま市南区,,,,35.84348,139.674666,,,,,,,,,,,,,,,,,,,,,,,,,,,,,,,,,,,,
111007,1110070190200,埼玉県さいたま市,しらはた作業所,,,,,,,,,埼玉県さいたま市南区白幡５丁目11番15,埼玉県,さいたま市南区,,,,35.841092,139.649338,,,,,,,,,,,,,,,,,,,,,,,,,,,,,,,,,,,,
111007,1110070190201,埼玉県さいたま市,あみ～ご,,,,,,,,,埼玉県さいたま市南区白幡５丁目11番16,埼玉県,さいたま市南区,,,,35.841028,139.649371,,,,,,,,,,,,,,,,,,,,,,,,,,,,,,,,,,,,
111007,1110070790100,埼玉県さいたま市,旧武蔵浦和支所（ラムザタワーA102事務所）,,,,,,,,,埼玉県さいたま市南区沼影１丁目10番1,埼玉県,さいたま市南区,,,,35.844104,139.646799,,,,,,,,,,,,8:30,17:00,,,,,,,,,,,,,,,,,,,,,,,
111007,1110070302200,埼玉県さいたま市,尾間木防犯ステーション,,,,,,,,,埼玉県さいたま市緑区東浦和４丁目33番13,埼玉県,さいたま市緑区,,,,35.870556,139.70018,,,,,,,,,,,,,,,,,,,,,,,,,,,,,,,,,,,,
111007,1110070189900,埼玉県さいたま市,三室シルバーワークプラザ,,,,,,,,,埼玉県さいたま市緑区大字三室1137番5,埼玉県,さいたま市緑区,,,,35.883835,139.67084,,,,,,,,,,,,,,,,,,,,,,,,,,,,,,,,,,,,
111007,1110070506200,埼玉県さいたま市,地域福祉推進用事務所（尾間木社会福祉協議会）,,,,,,,,,埼玉県さいたま市緑区大字大間木472,埼玉県,さいたま市緑区,,,,35.87425876,139.6939275,,,,,,,,,,,,,,,,,,,,,,,,,,,,,,,,,,,,
111007,1110070505200,埼玉県さいたま市,地域福祉推進用事務所（美園社会福祉協議会）,,,,,,,,,埼玉県さいたま市緑区大字大門1973番地1,埼玉県,さいたま市緑区,,,,35.88953732,139.717899,,,,,,,,,,,,,,,,,,,,,,,,,,,,,,,,,,,,
111007,1110070302900,埼玉県さいたま市,岩槻職員住宅,,,,,,,,,埼玉県さいたま市岩槻区大字岩槻6210番,埼玉県,さいたま市岩槻区,,,,35.960482,139.690791,,,,,,,,,,,,,,,,,,,,,,,,,,,,,,,,,,,,
111007,1110070255800,埼玉県さいたま市,シルバー人材センター東岩槻作業所,,,,,,,,,埼玉県さいたま市岩槻区諏訪３丁目6番9,埼玉県,さいたま市岩槻区,,,,35.971369,139.708092,,,,,,,,,,,,,,,,,,,,,,,,,,,,,,,,,,,,
111007,1110070250600,埼玉県さいたま市,シルバー人材センター岩槻事務所,,,,,,,,,埼玉県さいたま市岩槻区仲町１丁目14番54,埼玉県,さいたま市岩槻区,,,,35.948897,139.701446,,,,,,,,,,,,,,,,,,,,,,,,,,,,,,,,,,,,
111007,1110070323800,埼玉県さいたま市,東岩槻６丁目倉庫,,,,,,,,,埼玉県さいたま市岩槻区東岩槻６丁目12番9,埼玉県,さいたま市岩槻区,,,,35.959613,139.719219,,,,,,,,,,,,,,,,,,,,,,,,,,,,,,,,,,,,
