shape_id,shape_pt_lat,shape_pt_lon,shape_pt_sequence
SHP0001,35.9323091373897,139.554143273307,1
SHP0001,35.9321918912813,139.553808867931,2
SHP0001,35.9321115309032,139.553551375866,3
SHP0001,35.931238426254,139.55381155014,4
SHP0001,35.9311558939738,139.553835690022,5
SHP0001,35.9311254873442,139.553843736649,6
SHP0001,35.9304186394419,139.554067461861,7
SHP0001,35.9301763661211,139.554144144058,8
SHP0001,35.9296507658099,139.554307758808,9
SHP0001,35.9297072352648,139.554498195648,10
SHP0001,35.9298766436296,139.555225074291,11
SHP0001,35.9300438800922,139.556016325951,12
SHP0001,35.9301090371556,139.556322097778,13
SHP0001,35.9299722073225,139.556391835213,14
SHP0001,35.9299461444972,139.556405246258,15
SHP0001,35.9296855162437,139.556544721127,16
SHP0001,35.9294988416406,139.556668139064,17
SHP0001,35.9288254430072,139.557113349438,18
SHP0001,35.9286321437192,139.557255506516,19
SHP0001,35.9284127816059,139.557392299175,20
SHP0001,35.9279653697707,139.55770611763,21
SHP0001,35.9278784936863,139.557762444019,22
SHP0001,35.92782621761,139.557614455418,23
SHP0001,35.927737320049,139.557362794876,24
SHP0001,35.9276533883445,139.557110848256,25
SHP0001,35.9272985958223,139.55604583025,26
SHP0001,35.9272442982695,139.555887579918,27
SHP0001,35.9271096403385,139.555251896381,28
SHP0001,35.9270075609392,139.554822742939,29
SHP0001,35.9267230417625,139.554943442345,30
SHP0001,35.9265145391597,139.555034637451,31
SHP0001,35.9264081159562,139.555109739304,32
SHP0001,35.9260019702612,139.555482566357,33
SHP0001,35.9258455933091,139.555630087852,34
SHP0001,35.9255893088599,139.555868804455,35
SHP0001,35.925417728593,139.556029736996,36
SHP0001,35.9250007233874,139.556415975094,37
SHP0001,35.9248334869248,139.556571543217,38
SHP0001,35.924644531441,139.556740522385,39
SHP0001,35.9245963390775,139.556783801566,40
SHP0001,35.9244294889405,139.556933641434,41
SHP0001,35.92402981399,139.557301104069,42
SHP0001,35.9237300577771,139.557574689388,43
SHP0001,35.9232565298466,139.558011889458,44
SHP0001,35.9231044795937,139.558151364326,45
SHP0001,35.9229155028508,139.55833107233,46
SHP0001,35.9224854178498,139.558733403683,47
SHP0001,35.9222328449046,139.558963156772,48
SHP0001,35.9218337739088,139.559326171875,49
SHP0001,35.9218055360046,139.559350311756,50
SHP0001,35.9214036889077,139.5597204566,51
SHP0001,35.9211625806495,139.559326171875,52
SHP0001,35.9210496290331,139.559146463871,53
SHP0001,35.9209583988813,139.558977484703,54
SHP0001,35.9209062673661,139.558864831924,55
SHP0001,35.9208606522902,139.558728039265,56
SHP0001,35.9208302422396,139.558591246605,57
SHP0001,35.9208193815073,139.558500051498,58
SHP0001,35.920799832189,139.55833107233,59
SHP0001,35.920762905699,139.557926058769,60
SHP0001,35.9207607335526,139.557885825634,61
SHP0001,35.9206955691585,139.557185769081,62
SHP0001,35.9206825362796,139.557091891766,63
SHP0001,35.9206477819361,139.556960463524,64
SHP0001,35.9202633120109,139.55740571022,65
SHP0001,35.9201894590309,139.557588100433,66
SHP0001,35.920148188248,139.557791948318,67
SHP0001,35.9201285034271,139.557927782685,68
SHP0001,35.920111261758,139.558046758175,69
SHP0001,35.9200938953056,139.558188827561,70
SHP0001,35.9200765074145,139.55833107233,71
SHP0001,35.9200678188286,139.558395445347,72
SHP0001,35.9200178594598,139.558644890785,73
SHP0001,35.9199961379951,139.558693170547,74
SHP0001,35.9199092521363,139.558827280998,75
SHP0001,35.9197528575905,139.559055268764,76
SHP0001,35.9195725694334,139.559326171875,77
SHP0001,35.9195551922617,139.559350311756,78
SHP0001,35.91942703562,139.559532701969,79
SHP0001,35.9191859273618,139.559881389141,80
SHP0001,35.919099041503,139.559964537621,81
SHP0001,35.9190317049624,139.559999406338,82
SHP0001,35.9189926063259,139.560010135174,83
SHP0001,35.9188992040277,139.560012817383,84
SHP0001,35.9185842427896,139.560114741325,85
SHP0001,35.9185603491784,139.56012815237,86
SHP0001,35.9183242240599,139.56049469993,87
SHP0001,35.9181802235462,139.560718238354,88
SHP0001,35.9178913280656,139.561120569706,89
SHP0001,35.9176176376104,139.561525583267,90
SHP0001,35.9172157905135,139.562180042267,91
SHP0001,35.9169529607906,139.562595784664,92
SHP0001,35.91673791829,139.562928378582,93
SHP0001,35.9166901310677,139.563019573689,94
SHP0001,35.916668409603,139.563081264496,95
SHP0001,35.9166423438454,139.563169777393,96
SHP0001,35.9166401716989,139.563212692738,97
SHP0001,35.9166445159918,139.563247561455,98
SHP0001,35.916668409603,139.563303887844,99
SHP0001,35.9169486164976,139.563590884209,100
SHP0001,35.9172309955387,139.563853740692,101
SHP0001,35.9175198910193,139.564113914967,102
SHP0001,35.9176914905904,139.564248025417,103
SHP0001,35.917721900641,139.564282894135,104
SHP0001,35.9177566549845,139.56432312727,105
SHP0001,35.9176415312216,139.564481377602,106
SHP0001,35.9176306704892,139.564518928528,107
SHP0001,35.9176284983428,139.564626216888,108
SHP0001,35.917611121171,139.564706683159,109
SHP0001,35.9175300146481,139.564812200364,110
SHP0001,35.9174894809687,139.564864933491,111
SHP0001,35.917467759504,139.564875662327,112
SHP0001,35.9174482101857,139.564870297909,113
SHP0001,35.9174134558422,139.564827382565,114
SHP0001,35.917320053544,139.564709365368,115
SHP0001,35.9173135371046,139.564682543278,116
SHP0001,35.9173222256905,139.564653038979,117
SHP0001,35.9174482101857,139.564454555511,118
SHP0001,35.9174786202363,139.564414322376,119
SHP0001,35.9175133745798,139.564408957958,120
SHP0001,35.9175676782416,139.564382135868,121
SHP0001,35.9176914905904,139.564248025417,122
SHP0001,35.917721900641,139.564282894135,123
SHP0001,35.9177566549845,139.56432312727,124
SHP0001,35.9179043609445,139.564518928528,125
SHP0001,35.9182801422838,139.564966857433,126
SHP0001,35.9186993665525,139.565476477146,127
SHP0001,35.9187471537748,139.565546214581,128
SHP0001,35.9188427282195,139.565685689449,129
SHP0001,35.9189448191036,139.565843939781,130
SHP0001,35.9190686314524,139.566055834293,131
SHP0001,35.9190903529171,139.56603705883,132
SHP0001,35.9195117493323,139.565680325031,133
SHP0001,35.9195314411719,139.565664945763,134
SHP0001,35.9196492932653,139.565572903631,135
SHP0001,35.9197658904693,139.565481841564,136
SHP0001,35.9200330644851,139.565296769142,137
SHP0001,35.9203154435262,139.565114378929,138
SHP0001,35.9203501978697,139.565095603466,139
SHP0001,35.9207455285273,139.564854204655,140
SHP0001,35.9208345865325,139.564800560474,141
SHP0001,35.9211886464072,139.564607441425,142
SHP0001,35.921308114463,139.564551115036,143
SHP0001,35.9214601647159,139.564470648766,144
SHP0001,35.9215600834535,139.56440359354,145
SHP0001,35.9216252478476,139.564344584942,146
SHP0001,35.9216882400953,139.564272165298,147
SHP0001,35.9218967661564,139.563971757889,148
SHP0001,35.922107464364,139.563676714897,149
SHP0001,35.9222725474957,139.563448727131,150
SHP0001,35.9223007853998,139.563413858414,151
SHP0001,35.9225505822439,139.563102722168,152
SHP0001,35.9225657872692,139.563083946705,153
SHP0001,35.9227210231461,139.562877775287,154
SHP0001,35.9230545202249,139.562434852123,155
SHP0001,35.9225014030574,139.561532316522,156
SHP0001,35.9222953483337,139.561196091695,157
SHP0001,35.9225680489532,139.56094622612,158
SHP0001,35.9226424282668,139.561086085421,159
SHP0001,35.922759191879,139.561305642128,160
SHP0001,35.9225014030574,139.561532316522,161
SHP0001,35.9230545202249,139.562434852123,162
SHP0001,35.9234541951754,139.561986923218,163
SHP0001,35.9236844427012,139.56176429987,164
SHP0001,35.9238060829036,139.561651647091,165
SHP0001,35.9239233788129,139.561560451984,166
SHP0001,35.9240102646717,139.561488032341,167
SHP0001,35.9245619898751,139.561742842197,168
SHP0001,35.924644531441,139.561772346497,169
SHP0001,35.9247205480149,139.561804533005,170
SHP0001,35.9249247068135,139.561847448349,171
SHP0001,35.9250007233874,139.561852812767,172
SHP0001,35.9251245218078,139.561850130558,173
SHP0001,35.9252722111515,139.561850130558,174
SHP0001,35.9256783568465,139.561860859394,175
SHP0001,35.9258325618964,139.561917185783,176
SHP0001,35.9259042346661,139.561968147755,177
SHP0001,35.9260410644992,139.562129080296,178
SHP0001,35.9262560828083,139.562429487705,179
SHP0001,35.9266535408949,139.563011527061,180
SHP0001,35.9267295574688,139.56315100193,181
SHP0001,35.9270640303941,139.563821554184,182
SHP0001,35.9271118122406,139.563904702663,183
SHP0001,35.9272073759335,139.564020037651,184
SHP0001,35.9272855644096,139.564079046249,185
SHP0001,35.9273811281025,139.564135372639,186
SHP0001,35.9275179579356,139.564194381237,187
SHP0001,35.9276547877687,139.564242660999,188
SHP0001,35.9279002127074,139.564331173897,189
SHP0001,35.9280144377306,139.56437971176,190
SHP0001,35.9281021996038,139.564417004585,191
SHP0001,35.9282390294369,139.56448674202,192
SHP0001,35.9285843618728,139.56467717886,193
SHP0001,35.9288341306157,139.564808607101,194
SHP0001,35.9288884281685,139.564835429192,195
SHP0001,35.9289883356657,139.564848840237,196
SHP0001,35.9290252580016,139.564846158028,197
SHP0001,35.9292098696811,139.564808607101,198
SHP0001,35.9294770136409,139.564744234085,199
SHP0001,35.9296073277677,139.564695954323,200
SHP0001,35.9297419856986,139.56462085247,201
SHP0001,35.929807142762,139.564572572708,202
SHP0001,35.9300026139521,139.564443826675,203
SHP0001,35.9302610703035,139.564312398434,204
SHP0001,35.9304409189178,139.564228458868,205
SHP0001,35.9309104690351,139.564009308815,206
SHP0001,35.9310168922386,139.564183652401,207
SHP0001,35.9318465588455,139.565460383892,208
SHP0001,35.932224469813,139.566061198711,209
SHP0001,35.9323048301912,139.566238224506,210
SHP0001,35.9324677228496,139.56666469574,211
SHP0001,35.9326805692566,139.567225277424,212
SHP0001,35.9327413825158,139.567354023457,213
SHP0001,35.9327978519707,139.567445218563,214
SHP0001,35.9328564933277,139.567512273788,215
SHP0001,35.9331214653854,139.567767083645,216
SHP0001,35.9331540439171,139.567826092243,217
SHP0001,35.9331887943509,139.568410813808,218
SHP0001,35.9332126852741,139.568687081337,219
SHP0001,35.9332278885889,139.568764865398,220
SHP0001,35.9332365761974,139.568821191788,221
SHP0001,35.9333191084776,139.569110870361,222
SHP0001,35.9333343117924,139.569159150124,223
SHP0001,35.9334559383107,139.569513201714,224
SHP0001,35.9335406424931,139.569773375988,225
SHP0001,35.9335775606745,139.569888710976,226
SHP0001,35.9337013451651,139.570256173611,227
SHP0001,35.9337208900847,139.5703125,228
SHP0001,35.9337773531856,139.570494890213,229
SHP0001,35.9338881077299,139.570779204369,230
SHP0001,35.9339923473009,139.571034014225,231
SHP0001,35.9340053772473,139.571111798286,232
SHP0001,35.9340953728673,139.57155219073,233
SHP0001,35.9341463239705,139.571801519319,234
SHP0001,35.9341769382079,139.571951329708,235
SHP0001,35.9342268863357,139.572192728519,236
SHP0001,35.9342420879398,139.572257101536,237
SHP0001,35.9342225430203,139.572468996048,238
SHP0001,35.9343767307191,139.572536051273,239
SHP0001,35.9346894494322,139.572632610798,240
SHP0001,35.9349522200175,139.572683572769,241
SHP0001,35.9352041323141,139.572715759277,242
SHP0001,35.935462559584,139.572745263577,243
SHP0001,35.9356449788333,139.572747945786,244
SHP0001,35.9357861365857,139.57273453474,245
SHP0001,35.9359381526268,139.572705030441,246
SHP0001,35.9362182964739,139.572646021843,247
SHP0001,35.9365701050261,139.572562873363,248
SHP0001,35.9367047478054,139.572522640228,249
SHP0001,35.9371911991369,139.572348296642,250
SHP0001,35.937414879883,139.572281241417,251
SHP0001,35.9375104328231,139.572251737118,252
SHP0001,35.9376109896827,139.572223710243,253
SHP0001,35.9376600050985,139.572210048828,254
SHP0001,35.9380012274701,139.572114944458,255
SHP0001,35.9380424889669,139.572455585003,256
SHP0001,35.9381228403029,139.572367072105,257
SHP0001,35.9382965729213,139.572235643864,258
SHP0001,35.9383660659687,139.572206139565,259
SHP0001,35.9384290440428,139.57219004631,260
SHP0001,35.9387613076755,139.572122991085,261
SHP0001,35.938813427461,139.572112262249,262
SHP0001,35.9391630643555,139.572045207024,263
SHP0001,35.9392434156915,139.572031795979,264
SHP0001,35.9398145616745,139.571932554245,265
SHP0001,35.9399796076619,139.572388529778,266
SHP0001,35.9402182838774,139.573011076322,267
SHP0001,35.9403096996368,139.573249518871,268
SHP0001,35.9403053563214,139.573311209679,269
SHP0001,35.94026843814,139.573448002338,270
SHP0001,35.9401837434885,139.573785960674,271
SHP0001,35.9401685418844,139.574075639248,272
SHP0001,35.9401859151462,139.57453161478,273
SHP0001,35.9401859151462,139.574625492096,274
SHP0001,35.9401750568576,139.574714004993,275
SHP0001,35.9401663702267,139.574756920338,276
SHP0001,35.9400968771793,139.574928581715,277
SHP0001,35.9400881905484,139.574966132641,278
SHP0001,35.940075160602,139.574998319149,279
SHP0001,35.9400599589979,139.575086832047,280
SHP0001,35.9400599589979,139.575301408768,281
SHP0001,35.9400599589979,139.57570374012,282
SHP0001,35.939834106594,139.575668871403,283
SHP0001,35.9396712322643,139.575625956059,284
SHP0001,35.9395170445655,139.575583040714,285
SHP0001,35.9389828167639,139.575497210026,286
SHP0001,35.9389415552671,139.575489163399,287
SHP0001,35.9388894354816,139.575446248055,288
SHP0001,35.9387989419072,139.575331818516,289
SHP0001,35.9387982258569,139.575330913067,290
SHP0001,35.93870918789,139.575175344944,291
SHP0001,35.938676613024,139.575092196465,292
SHP0001,35.9386201499231,139.575006365776,293
SHP0001,35.9386136349499,139.574998319149,294
SHP0001,35.9385788884262,139.574963450432,295
SHP0001,35.9384833354861,139.574864208698,296
SHP0001,35.9384051558078,139.57477837801,297
SHP0001,35.9381076386988,139.574456512928,298
SHP0001,35.9379708242619,139.574330449104,299
SHP0001,35.9378296665094,139.574196338654,300
SHP0001,35.9374279098294,139.573783278465,301
SHP0001,35.9374648280108,139.573705494404,302
SHP0001,35.9370283248071,139.573726952076,303
SHP0001,35.9368545921888,139.573753774166,304
SHP0001,35.936483238717,139.573871791363,305
SHP0001,35.9361618333729,139.573962986469,306
SHP0001,35.9361249151915,139.573973715305,307
SHP0001,35.9359642125195,139.574024677277,308
SHP0001,35.9356688670683,139.574091732502,309
SHP0001,35.9355494258932,139.574102461338,310
SHP0001,35.9352888269656,139.574086368084,311
SHP0001,35.9351715574482,139.574075639248,312
SHP0001,35.9349153018361,139.574040770531,313
SHP0001,35.9346916210899,139.574003219604,314
SHP0001,35.9344809702901,139.573971033096,315
SHP0001,35.9342334013089,139.573930799961,316
SHP0001,35.9338142713671,139.573869109154,317
SHP0001,35.9336883152187,139.573844969273,318
SHP0001,35.9336123071982,139.573831558228,319
SHP0001,35.9335406424931,139.573818147182,320
SHP0001,35.9333343117924,139.573785960674,321
SHP0001,35.933230060491,139.573772549629,322
SHP0001,35.9326371312144,139.573675990105,323
SHP0001,35.9323482682334,139.573627710342,324
SHP0001,35.9320984994905,139.57357943058,325
SHP0001,35.9320485457419,139.573560655117,326
SHP0001,35.9319833886786,139.573528468609,327
SHP0001,35.9317772320987,139.573418231674,328
SHP0001,35.9318857288686,139.573085904121,329
SHP0001,35.9318857288686,139.573085904121,330
SHP0001,35.9320160382845,139.573155641556,331
SHP0001,35.9319833886786,139.573528468609,332
SHP0001,35.9317772320987,139.573418231674,333
SHP0001,35.9317727141737,139.57341581583,334
SHP0001,35.93162502483,139.573313891888,335
SHP0001,35.931333989947,139.57308858633,336
SHP0001,35.9310320955534,139.572868645191,337
SHP0001,35.9309930013153,139.572839140892,338
SHP0001,35.9305043233401,139.572482407093,339
SHP0001,35.9303913844302,139.572375118732,340
SHP0001,35.9300808024282,139.572063982487,341
SHP0001,35.9300612553091,139.572039842606,342
SHP0001,35.9298679560211,139.571844041348,343
SHP0001,35.9296247029846,139.571634829044,344
SHP0001,35.9293836218501,139.571476578712,345
SHP0001,35.9291772911494,139.571390748024,346
SHP0001,35.9290220850136,139.571341890165,347
SHP0001,35.9289680372862,139.5713248763,348
SHP0001,35.9288449901262,139.571286141872,349
SHP0001,35.928493141984,139.571200311184,350
SHP0001,35.9284649072566,139.571192264557,351
SHP0001,35.9282629203601,139.571143984795,352
SHP0001,35.9279610259665,139.571103751659,353
SHP0001,35.9275461926631,139.571111798286,354
SHP0001,35.9272768768011,139.571117162704,355
SHP0001,35.9269728105054,139.57113057375,356
SHP0001,35.9267686517069,139.571135938168,357
SHP0001,35.9265796962231,139.571149349213,358
SHP0001,35.9264993358449,139.571162760258,359
SHP0001,35.9262061290598,139.571245908737,360
SHP0001,35.9261800662344,139.571253955364,361
SHP0001,35.9259433289042,139.571326375008,362
SHP0001,35.9257522015183,139.570816755295,363
SHP0001,35.9257109353781,139.570572674274,364
SHP0001,35.9256848725528,139.570575356483,365
SHP0001,35.9254155566909,139.570623636246,366
SHP0001,35.9252818732377,139.57064382754,367
SHP0001,35.9251136622973,139.570669233799,368
SHP0001,35.9250007233874,139.570685327053,369
SHP0001,35.9248595497501,139.570704102516,370
SHP0001,35.9248052521973,139.571559727192,371
SHP0001,35.9248009083931,139.571731388569,372
SHP0001,35.9248074240994,139.57183599472,373
SHP0001,35.9248247993163,139.571921825409,374
SHP0001,35.9248465183374,139.57199960947,375
SHP0001,35.9248977532345,139.572117798608,376
SHP0001,35.9249616291494,139.572265148163,377
SHP0001,35.9249855200726,139.572316110134,378
SHP0001,35.9250007233874,139.57235366106,379
SHP0001,35.9250941151782,139.572546780109,380
SHP0001,35.9251201780036,139.572616517544,381
SHP0001,35.9251679598501,139.572788178921,382
SHP0001,35.9252331169134,139.573136866093,383
SHP0001,35.9252700392493,139.573262929916,384
SHP0001,35.9253286806064,139.573397040367,385
SHP0001,35.9256262311958,139.574005901814,386
SHP0001,35.9257413420077,139.574239253998,387
SHP0001,35.9261083934647,139.574998319149,388
SHP0001,35.926423319271,139.575634002686,389
SHP0001,35.9265145391597,139.575816392899,390
SHP0001,35.9265905557336,139.575982689857,391
SHP0001,35.9266448532865,139.576132893562,392
SHP0001,35.926675259916,139.576253592968,393
SHP0001,35.9266969789372,139.576376974583,394
SHP0001,35.9267013227414,139.576607644558,395
SHP0001,35.9266405094822,139.577254056931,396
SHP0001,35.9266448532865,139.577358663082,397
SHP0001,35.9266644004055,139.57747399807,398
SHP0001,35.9266926351329,139.577586650848,399
SHP0001,35.9269467476801,139.578420817852,400
SHP0001,35.9269901857223,139.578597843647,401
SHP0001,35.9270162485477,139.578737318516,402
SHP0001,35.9270379675688,139.578906297684,403
SHP0001,35.9270879213174,139.579906761646,404
SHP0001,35.9263125522633,139.579971134663,405
SHP0001,35.9261443562047,139.579982362509,406
SHP0001,35.9259107503725,139.579997956753,407
SHP0001,35.9256197154894,139.580022096634,408
SHP0001,35.9250007233874,139.580065011978,409
SHP0001,35.9248877844776,139.580073058605,410
SHP0001,35.924644531441,139.580089151859,411
SHP0001,35.9244316610869,139.580107927322,412
SHP0001,35.923627966893,139.580166935921,413
SHP0001,35.9234948705848,139.580177471173,414
SHP0001,35.923119684619,139.580207169056,415
SHP0001,35.9229480850479,139.58022326231,416
SHP0001,35.9227873462091,139.580236673355,417
SHP0001,35.9227504197191,139.580225944519,418
SHP0001,35.922726526108,139.580201804638,419
SHP0001,35.9227048046432,139.580164253712,420
SHP0001,35.9226076000926,139.579879182264,421
SHP0001,35.9224962785821,139.579552710056,422
SHP0001,35.9224875899962,139.579466879368,423
SHP0001,35.9225071393145,139.579423964024,424
SHP0001,35.9225397215115,139.579394459724,425
SHP0001,35.9226266073703,139.579354226589,426
SHP0001,35.9226591895674,139.579348862171,427
SHP0001,35.922685255325,139.579362273216,428
SHP0001,35.9227091489362,139.579399824142,429
SHP0001,35.9227395589868,139.579507112503,430
SHP0001,35.9227504197191,139.579807519913,431
SHP0001,35.9227677968909,139.579933583736,432
SHP0001,35.922828616992,139.580115973949,433
SHP0001,35.9228677156285,139.580166935921,434
SHP0001,35.9229480850479,139.58022326231,435
SHP0001,35.923119684619,139.580207169056,436
SHP0001,35.9234948705848,139.580177471173,437
SHP0001,35.923627966893,139.580166935921,438
SHP0001,35.9244316610869,139.580107927322,439
SHP0001,35.924644531441,139.580089151859,440
SHP0001,35.9248877844776,139.580073058605,441
SHP0001,35.9250007233874,139.580065011978,442
SHP0001,35.9256197154894,139.580022096634,443
SHP0001,35.9259107503725,139.579997956753,444
SHP0001,35.9261443562047,139.579982362509,445
SHP0001,35.9263125522633,139.579971134663,446
SHP0001,35.9270879213174,139.579906761646,447
SHP0001,35.92740936283,139.579887986183,448
SHP0001,35.9277807580912,139.579861164093,449
SHP0001,35.9280956838975,139.579837024212,450
SHP0001,35.928202107101,139.579839706421,451
SHP0001,35.9282954988918,139.579853117466,452
SHP0001,35.9284692510608,139.579901397228,453
SHP0001,35.9285474395369,139.579930901527,454
SHP0001,35.9288167553988,139.580051600933,455
SHP0001,35.9290078715511,139.580143608932,456
SHP0001,35.9290921891008,139.580184201467,457
SHP0001,35.9292011820727,139.580236673355,458
SHP0001,35.9293271523952,139.580287635326,459
SHP0001,35.9294683260325,139.580322504044,460
SHP0001,35.9295682335297,139.58033323288,461
SHP0001,35.929652937712,139.580338597298,462
SHP0001,35.929807142762,139.580317139626,463
SHP0001,35.9303131959542,139.580164253712,464
SHP0001,35.9306715598027,139.580054283142,465
SHP0001,35.9309756260984,139.579960405827,466
SHP0001,35.9310798773998,139.580478072166,467
SHP0001,35.9311819567991,139.580934047699,468
SHP0001,35.9312775204921,139.581296145916,469
SHP0001,35.9312796923942,139.581298828125,470
SHP0001,35.9313100990237,139.581416845322,471
SHP0001,35.931392631304,139.581701159477,472
SHP0001,35.9315403206476,139.582159817219,473
SHP0001,35.931701041404,139.58256483078,474
SHP0001,35.9319377787342,139.583173692226,475
SHP0001,35.9321984069877,139.583270251751,476
SHP0001,35.932359127744,139.583323895931,477
SHP0001,35.9323895343736,139.583331942558,478
SHP0001,35.9326262717038,139.583393633366,479
SHP0001,35.9328369462087,139.583458006382,480
SHP0001,35.9328695247404,139.583471417427,481
SHP0001,35.9329911512587,139.583530426025,482
SHP0001,35.932996948328,139.583533824351,483
SHP0001,35.9333343117924,139.583731591702,484
SHP0001,35.9335406424931,139.583812057972,485
SHP0001,35.9338099280516,139.583876430988,486
SHP0001,35.9340987585297,139.58392739296,487
SHP0001,35.9341313333956,139.583932757378,488
SHP0001,35.9348870702856,139.584257304668,489
SHP0001,35.9350781761658,139.584351181984,490
SHP0001,35.9353083718851,139.584458470345,491
SHP0001,35.9354234697448,139.584496021271,492
SHP0001,35.935486447819,139.584509432316,493
SHP0001,35.9355776574436,139.584517478943,494
SHP0001,35.935711,139.584517478943,495
SHP0001,35.9359229510227,139.584517478943,496
SHP0001,35.9361922365812,139.584514796734,497
SHP0001,35.936715606094,139.584445059299,498
SHP0001,35.9367894424569,139.584439694881,499
SHP0001,35.9371021611699,139.584439694881,500
SHP0001,35.9373128119697,139.584437012672,501
SHP0001,35.9376190157096,139.584426283836,502
SHP0001,35.9381336985916,139.584375321865,503
SHP0001,35.9383682376264,139.584324359894,504
SHP0001,35.9385702017953,139.584270715714,505
SHP0001,35.9386700980509,139.584241211414,506
SHP0001,35.9387996389559,139.584210025822,507
SHP0001,35.938926353663,139.584179520607,508
SHP0001,35.9392499306647,139.584128558636,509
SHP0001,35.9397428969694,139.583916664124,510
SHP0001,35.9404074242347,139.583683311939,511
SHP0001,35.940807009257,139.583519697189,512
SHP0001,35.9411848777019,139.583331942558,513
SHP0001,35.9412022509638,139.583323895931,514
SHP0001,35.9413542670049,139.583240747452,515
SHP0001,35.9415714327778,139.583125412464,516
SHP0001,35.941666985718,139.583203196526,517
SHP0001,35.9416800156643,139.583213925362,518
SHP0001,35.9424357525543,139.582473635674,519
SHP0001,35.9428830636987,139.582044482231,520
SHP0001,35.9429916343648,139.582251012325,521
SHP0001,35.9431653474306,139.582084715366,522
SHP0001,35.9435800873752,139.581717252731,523
SHP0001,35.9436691153214,139.581642150879,524
SHP0001,35.9438254570806,139.581934511662,525
SHP0001,35.9438384855605,139.581972062588,526
SHP0001,35.9438449998005,139.582009613514,527
SHP0001,35.9438428283872,139.582052528858,528
SHP0001,35.9438319713206,139.582092761993,529
SHP0001,35.9438124286007,139.582127630711,530
SHP0001,35.9437690003342,139.582167863846,531
SHP0001,35.9437364291344,139.5821839571,532
SHP0001,35.9437016865212,139.582186639309,533
SHP0001,35.9435735731352,139.582127630711,534
SHP0001,35.9435258020421,139.58213031292,535
SHP0001,35.9434997450823,139.582141041756,536
SHP0001,35.943147976124,139.582446813583,537
SHP0001,35.9431175763375,139.582513868809,538
SHP0001,35.9431175763375,139.582583606243,539
SHP0001,35.9431675188439,139.582712352276,540
SHP0001,35.9432196327637,139.582835733891,541
SHP0001,35.9433086607099,139.583042263985,542
SHP0001,35.9433955172428,139.583331942558,543
SHP0001,35.9434954022556,139.583669900894,544
SHP0001,35.9437125435878,139.584302902222,545
SHP0001,35.9437842602798,139.584503312329,546
SHP0001,35.9437125435878,139.584302902222,547
SHP0001,35.9434954022556,139.583669900894,548
SHP0001,35.9433955172428,139.583331942558,549
SHP0001,35.9433086607099,139.583042263985,550
SHP0001,35.9432196327637,139.582835733891,551
SHP0001,35.9431675188439,139.582712352276,552
SHP0001,35.9431175763375,139.582583606243,553
SHP0001,35.9431175763375,139.582513868809,554
SHP0001,35.943147976124,139.582446813583,555
SHP0001,35.9434997450823,139.582141041756,556
SHP0001,35.9435258020421,139.58213031292,557
SHP0001,35.9435735731352,139.582127630711,558
SHP0001,35.9437016865212,139.582186639309,559
SHP0001,35.9437364291344,139.5821839571,560
SHP0001,35.9437690003342,139.582167863846,561
SHP0001,35.9438124286007,139.582127630711,562
SHP0001,35.9438319713206,139.582092761993,563
SHP0001,35.9438428283872,139.582052528858,564
SHP0001,35.9438449998005,139.582009613514,565
SHP0001,35.9438384855605,139.581972062588,566
SHP0001,35.9438254570806,139.581934511662,567
SHP0001,35.9436691153214,139.581642150879,568
SHP0001,35.9435800873752,139.581717252731,569
SHP0001,35.9431653474306,139.582084715366,570
SHP0001,35.9429916343648,139.582251012325,571
SHP0001,35.9428830636987,139.582352936268,572
SHP0001,35.9424357525543,139.582784771919,573
SHP0001,35.9418819798332,139.583331942558,574
SHP0001,35.941666985718,139.583546519279,575
SHP0001,35.9410415482918,139.584168791771,576
SHP0001,35.9405442386717,139.584686458111,577
SHP0001,35.940405252577,139.584842026234,578
SHP0001,35.9400990488371,139.585185348988,579
SHP0001,35.9399882942928,139.585306048393,580
SHP0001,35.9399231445609,139.585378468037,581
SHP0001,35.9396820905529,139.585625231266,582
SHP0001,35.9395995675592,139.585713744164,583
SHP0001,35.9396125975056,139.585990011692,584
SHP0001,35.9396039108747,139.586040973663,585
SHP0001,35.939456238149,139.586228728294,586
SHP0001,35.9393172520543,139.58637624979,587
SHP0001,35.9392343232593,139.586475241692,588
SHP0001,35.9389285253207,139.58684027195,589
SHP0001,35.9386614114199,139.587127268314,590
SHP0001,35.938596261688,139.587191641331,591
SHP0001,35.9385072237211,139.587231874466,592
SHP0001,35.9384051558078,139.587261378765,593
SHP0001,35.9381532435112,139.587282836437,594
SHP0001,35.9380316306783,139.58741158247,595
SHP0001,35.9378578980599,139.587593972683,596
SHP0001,35.9378036066167,139.58765566349,597
SHP0001,35.937744971858,139.587720036507,598
SHP0001,35.9374192231985,139.588047266006,599
SHP0001,35.9374061932521,139.588288664818,600
SHP0001,35.9373627600975,139.588476419449,601
SHP0001,35.9372802371038,139.588607847691,602
SHP0001,35.9370174665185,139.588905572891,603
SHP0001,35.9367069194631,139.58920866251,604
SHP0001,35.9364419772201,139.589407145977,605
SHP0001,35.936129258507,139.589627087116,606
SHP0001,35.9356384638601,139.590013325214,607
SHP0001,35.9352757970192,139.590268135071,608
SHP0001,35.9352235120559,139.590303845869,609
SHP0001,35.9348045472918,139.590590000153,610
SHP0001,35.9345504633375,139.590431749821,611
SHP0001,35.934352842484,139.590555131435,612
SHP0001,35.934111788476,139.590691924095,613
SHP0001,35.9339445708308,139.59078848362,614
SHP0001,35.933846846233,139.5908421278,615
SHP0001,35.9336231654868,139.590313732624,616
SHP0001,35.9335406424931,139.590128660202,617
SHP0001,35.9334667978213,139.589967727661,618
SHP0001,35.9334259571821,139.589877662491,619
SHP0001,35.933345171303,139.58969950676,620
SHP0001,35.9333343117924,139.589675366879,621
SHP0001,35.9331279810918,139.589224755764,622
SHP0001,35.9326349593123,139.588176012039,623
SHP0001,35.9325241923045,139.587910473347,624
SHP0001,35.9324698947517,139.587725400925,625
SHP0001,35.9324308005137,139.587534964085,626
SHP0001,35.9324112533947,139.587379395962,627
SHP0001,35.9323917062757,139.587073624134,628
SHP0001,35.932359127744,139.586156308651,629
SHP0001,35.932339580625,139.585571587086,630
SHP0001,35.9323330649186,139.585338234901,631
SHP0001,35.9323048301912,139.58460599184,632
SHP0001,35.9322917987785,139.584396779537,633
SHP0001,35.9322700797574,139.584222435951,634
SHP0001,35.9322375012257,139.584045410156,635
SHP0001,35.9321918912813,139.583881795406,636
SHP0001,35.9321115309032,139.583651125431,637
SHP0001,35.9320181391124,139.583396315575,638
SHP0001,35.9319942481891,139.583331942558,639
SHP0001,35.9319377787342,139.583173692226,640
SHP0001,35.931701041404,139.58256483078,641
SHP0001,35.9315403206476,139.582159817219,642
SHP0001,35.931392631304,139.581701159477,643
SHP0001,35.9313100990237,139.581416845322,644
SHP0001,35.9312796923942,139.581298828125,645
SHP0001,35.9312775204921,139.581296145916,646
SHP0001,35.9311819567991,139.580934047699,647
SHP0001,35.9310798773998,139.580478072166,648
SHP0001,35.9309756260984,139.579960405827,649
SHP0001,35.9306715598027,139.580054283142,650
SHP0001,35.9303131959542,139.580164253712,651
SHP0001,35.929807142762,139.580317139626,652
SHP0001,35.929652937712,139.580338597298,653
SHP0001,35.9295682335297,139.58033323288,654
SHP0001,35.9294683260325,139.580322504044,655
SHP0001,35.9293271523952,139.580287635326,656
SHP0001,35.9292011820727,139.580236673355,657
SHP0001,35.9290921891008,139.580184201467,658
SHP0001,35.9290078715511,139.580143608932,659
SHP0001,35.9288167553988,139.580051600933,660
SHP0001,35.9285474395369,139.579930901527,661
SHP0001,35.9284692510608,139.579901397228,662
SHP0001,35.9282954988918,139.579853117466,663
SHP0001,35.928202107101,139.579839706421,664
SHP0001,35.9280956838975,139.579837024212,665
SHP0001,35.9277807580912,139.579861164093,666
SHP0001,35.92740936283,139.579887986183,667
SHP0001,35.9270879213174,139.579906761646,668
SHP0001,35.9263125522633,139.579971134663,669
SHP0001,35.9261443562047,139.579982362509,670
SHP0001,35.9259107503725,139.579997956753,671
SHP0001,35.9256197154894,139.580022096634,672
SHP0001,35.9250007233874,139.580065011978,673
SHP0001,35.9248877844776,139.580073058605,674
SHP0001,35.924644531441,139.580089151859,675
SHP0001,35.9244316610869,139.580107927322,676
SHP0001,35.923627966893,139.580166935921,677
SHP0001,35.9234948705848,139.580177471173,678
SHP0001,35.923119684619,139.580207169056,679
SHP0001,35.9229480850479,139.58022326231,680
SHP0001,35.9227873462091,139.580236673355,681
SHP0001,35.9227504197191,139.580225944519,682
SHP0001,35.922726526108,139.580201804638,683
SHP0001,35.9227048046432,139.580164253712,684
SHP0001,35.9226076000926,139.579879182264,685
SHP0001,35.9224962785821,139.579552710056,686
SHP0001,35.9224875899962,139.579466879368,687
SHP0001,35.9225071393145,139.579423964024,688
SHP0001,35.9225397215115,139.579394459724,689
SHP0001,35.9226266073703,139.579354226589,690
SHP0001,35.9226591895674,139.579348862171,691
SHP0001,35.922685255325,139.579362273216,692
SHP0001,35.9227091489362,139.579399824142,693
SHP0001,35.9227395589868,139.579507112503,694
SHP0001,35.9227504197191,139.579807519913,695
SHP0001,35.9227677968909,139.579933583736,696
SHP0001,35.922828616992,139.580115973949,697
SHP0001,35.9228677156285,139.580166935921,698
SHP0001,35.9229480850479,139.58022326231,699
SHP0001,35.923119684619,139.580207169056,700
SHP0001,35.9234948705848,139.580177471173,701
SHP0001,35.923627966893,139.580166935921,702
SHP0001,35.9244316610869,139.580107927322,703
SHP0001,35.924644531441,139.580089151859,704
SHP0001,35.9248877844776,139.580073058605,705
SHP0001,35.9250007233874,139.580065011978,706
SHP0001,35.9256197154894,139.580022096634,707
SHP0001,35.9259107503725,139.579997956753,708
SHP0001,35.9261443562047,139.579982362509,709
SHP0001,35.9263125522633,139.579971134663,710
SHP0001,35.9270879213174,139.579906761646,711
SHP0001,35.9270379675688,139.578906297684,712
SHP0001,35.9270162485477,139.578737318516,713
SHP0001,35.9269901857223,139.578597843647,714
SHP0001,35.9269467476801,139.578420817852,715
SHP0001,35.9266926351329,139.577586650848,716
SHP0001,35.9266644004055,139.57747399807,717
SHP0001,35.9266448532865,139.577358663082,718
SHP0001,35.9266405094822,139.577254056931,719
SHP0001,35.9267013227414,139.576607644558,720
SHP0001,35.9266969789372,139.576376974583,721
SHP0001,35.926675259916,139.576253592968,722
SHP0001,35.9266448532865,139.576132893562,723
SHP0001,35.9265905557336,139.575982689857,724
SHP0001,35.9265145391597,139.575816392899,725
SHP0001,35.926423319271,139.575634002686,726
SHP0001,35.9261083934647,139.574998319149,727
SHP0001,35.9257413420077,139.574239253998,728
SHP0001,35.9256262311958,139.574005901814,729
SHP0001,35.9253286806064,139.573397040367,730
SHP0001,35.9252700392493,139.573262929916,731
SHP0001,35.9252331169134,139.573136866093,732
SHP0001,35.9251679598501,139.572788178921,733
SHP0001,35.9251201780036,139.572616517544,734
SHP0001,35.9250941151782,139.572546780109,735
SHP0001,35.9250007233874,139.57235366106,736
SHP0001,35.9249855200726,139.572316110134,737
SHP0001,35.9249616291494,139.572265148163,738
SHP0001,35.9248977532345,139.572117798608,739
SHP0001,35.9248465183374,139.57199960947,740
SHP0001,35.9248247993163,139.571921825409,741
SHP0001,35.9248074240994,139.57183599472,742
SHP0001,35.9248009083931,139.571731388569,743
SHP0001,35.9248052521973,139.571559727192,744
SHP0001,35.9248595497501,139.570704102516,745
SHP0001,35.9250007233874,139.570685327053,746
SHP0001,35.9251136622973,139.570669233799,747
SHP0001,35.9252818732377,139.57064382754,748
SHP0001,35.9254155566909,139.570623636246,749
SHP0001,35.9256848725528,139.570575356483,750
SHP0001,35.9257109353781,139.570572674274,751
SHP0001,35.9257522015183,139.570816755295,752
SHP0001,35.9259433289042,139.571326375008,753
SHP0001,35.9261800662344,139.571253955364,754
SHP0001,35.9262061290598,139.571245908737,755
SHP0001,35.9264993358449,139.571162760258,756
SHP0001,35.9265796962231,139.571149349213,757
SHP0001,35.9267686517069,139.571135938168,758
SHP0001,35.9269728105054,139.57113057375,759
SHP0001,35.9272768768011,139.571117162704,760
SHP0001,35.9275461926631,139.571111798286,761
SHP0001,35.9279610259665,139.571103751659,762
SHP0001,35.9282629203601,139.571143984795,763
SHP0001,35.9284649072566,139.571192264557,764
SHP0001,35.928493141984,139.571200311184,765
SHP0001,35.9288449901262,139.571286141872,766
SHP0001,35.9289680372862,139.5713248763,767
SHP0001,35.9290220850136,139.571341890165,768
SHP0001,35.9291772911494,139.571390748024,769
SHP0001,35.9293836218501,139.571476578712,770
SHP0001,35.9296247029846,139.571634829044,771
SHP0001,35.9298679560211,139.571844041348,772
SHP0001,35.9300612553091,139.572039842606,773
SHP0001,35.9300808024282,139.572063982487,774
SHP0001,35.9303913844302,139.572375118732,775
SHP0001,35.9305043233401,139.572482407093,776
SHP0001,35.9309930013153,139.572839140892,777
SHP0001,35.9310320955534,139.572868645191,778
SHP0001,35.931333989947,139.57308858633,779
SHP0001,35.93162502483,139.573313891888,780
SHP0001,35.9317727141737,139.57341581583,781
SHP0001,35.9317772320987,139.573418231674,782
SHP0001,35.9318857288686,139.573085904121,783
SHP0001,35.9318857288686,139.573085904121,784
SHP0001,35.9320160382845,139.573155641556,785
SHP0001,35.9319833886786,139.573528468609,786
SHP0001,35.9320485457419,139.573560655117,787
SHP0001,35.9320984994905,139.57357943058,788
SHP0001,35.9323482682334,139.573627710342,789
SHP0001,35.9326371312144,139.573675990105,790
SHP0001,35.933230060491,139.573772549629,791
SHP0001,35.9333343117924,139.573785960674,792
SHP0001,35.9335406424931,139.573818147182,793
SHP0001,35.9336123071982,139.573831558228,794
SHP0001,35.9336883152187,139.573844969273,795
SHP0001,35.9338142713671,139.573869109154,796
SHP0001,35.9342334013089,139.573930799961,797
SHP0001,35.9344809702901,139.573971033096,798
SHP0001,35.9346916210899,139.574003219604,799
SHP0001,35.9349153018361,139.574040770531,800
SHP0001,35.9351715574482,139.574075639248,801
SHP0001,35.9352888269656,139.574086368084,802
SHP0001,35.9355494258932,139.574102461338,803
SHP0001,35.9356688670683,139.574091732502,804
SHP0001,35.9359642125195,139.574024677277,805
SHP0001,35.9361249151915,139.573973715305,806
SHP0001,35.9361618333729,139.573962986469,807
SHP0001,35.936483238717,139.573871791363,808
SHP0001,35.9368545921888,139.573753774166,809
SHP0001,35.9370283248071,139.573726952076,810
SHP0001,35.9374648280108,139.573705494404,811
SHP0001,35.9374279098294,139.573783278465,812
SHP0001,35.9378296665094,139.574196338654,813
SHP0001,35.9379708242619,139.574330449104,814
SHP0001,35.9381076386988,139.574456512928,815
SHP0001,35.9384051558078,139.57477837801,816
SHP0001,35.9384833354861,139.574864208698,817
SHP0001,35.9385788884262,139.574963450432,818
SHP0001,35.9386136349499,139.574998319149,819
SHP0001,35.9386201499231,139.575006365776,820
SHP0001,35.938676613024,139.575092196465,821
SHP0001,35.93870918789,139.575175344944,822
SHP0001,35.9387982258569,139.575330913067,823
SHP0001,35.9387989419072,139.575331818516,824
SHP0001,35.9388894354816,139.575446248055,825
SHP0001,35.9389415552671,139.575489163399,826
SHP0001,35.9389828167639,139.575497210026,827
SHP0001,35.9395170445655,139.575583040714,828
SHP0001,35.9396712322643,139.575625956059,829
SHP0001,35.939834106594,139.575668871403,830
SHP0001,35.9400599589979,139.57570374012,831
SHP0001,35.9400599589979,139.575301408768,832
SHP0001,35.9400599589979,139.575086832047,833
SHP0001,35.940075160602,139.574998319149,834
SHP0001,35.9400881905484,139.574966132641,835
SHP0001,35.9400968771793,139.574928581715,836
SHP0001,35.9401663702267,139.574756920338,837
SHP0001,35.9401750568576,139.574714004993,838
SHP0001,35.9401859151462,139.574625492096,839
SHP0001,35.9401859151462,139.57453161478,840
SHP0001,35.9401685418844,139.574075639248,841
SHP0001,35.9401837434885,139.573785960674,842
SHP0001,35.94026843814,139.573448002338,843
SHP0001,35.9403053563214,139.573311209679,844
SHP0001,35.9403096996368,139.573249518871,845
SHP0001,35.9402182838774,139.573011076322,846
SHP0001,35.9399796076619,139.572388529778,847
SHP0001,35.9398145616745,139.571932554245,848
SHP0001,35.9392434156915,139.572031795979,849
SHP0001,35.9391630643555,139.572045207024,850
SHP0001,35.938813427461,139.572112262249,851
SHP0001,35.9387613076755,139.572122991085,852
SHP0001,35.9384290440428,139.57219004631,853
SHP0001,35.9383660659687,139.572206139565,854
SHP0001,35.9382965729213,139.572235643864,855
SHP0001,35.9381228403029,139.572367072105,856
SHP0001,35.9380424889669,139.572455585003,857
SHP0001,35.9380012274701,139.572114944458,858
SHP0001,35.9376600050985,139.572210048828,859
SHP0001,35.9376109896827,139.572223710243,860
SHP0001,35.9375104328231,139.572251737118,861
SHP0001,35.937414879883,139.572281241417,862
SHP0001,35.9371911991369,139.572348296642,863
SHP0001,35.9367047478054,139.572522640228,864
SHP0001,35.9365701050261,139.572562873363,865
SHP0001,35.9362182964739,139.572646021843,866
SHP0001,35.9359381526268,139.572705030441,867
SHP0001,35.9357861365857,139.57273453474,868
SHP0001,35.9356449788333,139.572747945786,869
SHP0001,35.935462559584,139.572745263577,870
SHP0001,35.9352041323141,139.572715759277,871
SHP0001,35.9349522200175,139.572683572769,872
SHP0001,35.9346894494322,139.572632610798,873
SHP0001,35.9343767307191,139.572536051273,874
SHP0001,35.9342225430203,139.572468996048,875
SHP0001,35.9342420879398,139.572257101536,876
SHP0001,35.9342268863357,139.572192728519,877
SHP0001,35.9341769382079,139.571951329708,878
SHP0001,35.9341463239705,139.571801519319,879
SHP0001,35.9340953728673,139.57155219073,880
SHP0001,35.9340053772473,139.571111798286,881
SHP0001,35.9339923473009,139.571034014225,882
SHP0001,35.9338881077299,139.570779204369,883
SHP0001,35.9337773531856,139.570494890213,884
SHP0001,35.9337208900847,139.5703125,885
SHP0001,35.9337013451651,139.570256173611,886
SHP0001,35.9335775606745,139.569888710976,887
SHP0001,35.9335406424931,139.569773375988,888
SHP0001,35.9334559383107,139.569513201714,889
SHP0001,35.9333343117924,139.569159150124,890
SHP0001,35.9333191084776,139.569110870361,891
SHP0001,35.9332365761974,139.568821191788,892
SHP0001,35.9332278885889,139.568764865398,893
SHP0001,35.9332126852741,139.568687081337,894
SHP0001,35.9331887943509,139.568410813808,895
SHP0001,35.9331540439171,139.567826092243,896
SHP0001,35.9331214653854,139.567767083645,897
SHP0001,35.9328564933277,139.567512273788,898
SHP0001,35.9327978519707,139.567445218563,899
SHP0001,35.9327413825158,139.567354023457,900
SHP0001,35.9326805692566,139.567225277424,901
SHP0001,35.9324677228496,139.56666469574,902
SHP0001,35.9323048301912,139.566238224506,903
SHP0001,35.932224469813,139.566061198711,904
SHP0001,35.9318465588455,139.565460383892,905
SHP0001,35.9310168922386,139.564183652401,906
SHP0001,35.9309104690351,139.564009308815,907
SHP0001,35.9304409189178,139.564228458868,908
SHP0001,35.9302610703035,139.564312398434,909
SHP0001,35.9300026139521,139.564443826675,910
SHP0001,35.929807142762,139.564572572708,911
SHP0001,35.9297419856986,139.56462085247,912
SHP0001,35.9296073277677,139.564695954323,913
SHP0001,35.9294770136409,139.564744234085,914
SHP0001,35.9292098696811,139.564808607101,915
SHP0001,35.9290252580016,139.564846158028,916
SHP0001,35.9289883356657,139.564848840237,917
SHP0001,35.9288884281685,139.564835429192,918
SHP0001,35.9288341306157,139.564808607101,919
SHP0001,35.9285843618728,139.56467717886,920
SHP0001,35.9282390294369,139.56448674202,921
SHP0001,35.9281021996038,139.564417004585,922
SHP0001,35.9280144377306,139.56437971176,923
SHP0001,35.9279002127074,139.564331173897,924
SHP0001,35.9276547877687,139.564242660999,925
SHP0001,35.9275179579356,139.564194381237,926
SHP0001,35.9273811281025,139.564135372639,927
SHP0001,35.9272855644096,139.564079046249,928
SHP0001,35.9272073759335,139.564020037651,929
SHP0001,35.9271118122406,139.563904702663,930
SHP0001,35.9270640303941,139.563821554184,931
SHP0001,35.9267295574688,139.56315100193,932
SHP0001,35.9266535408949,139.563011527061,933
SHP0001,35.9262560828083,139.562429487705,934
SHP0001,35.9260410644992,139.562129080296,935
SHP0001,35.9259042346661,139.561968147755,936
SHP0001,35.9258325618964,139.561917185783,937
SHP0001,35.9256783568465,139.561860859394,938
SHP0001,35.9252722111515,139.561850130558,939
SHP0001,35.9251245218078,139.561850130558,940
SHP0001,35.9250007233874,139.561852812767,941
SHP0001,35.9249247068135,139.561847448349,942
SHP0001,35.9247205480149,139.561804533005,943
SHP0001,35.924644531441,139.561772346497,944
SHP0001,35.9245619898751,139.561742842197,945
SHP0001,35.9240102646717,139.561488032341,946
SHP0001,35.9239233788129,139.561560451984,947
SHP0001,35.9238060829036,139.561651647091,948
SHP0001,35.9236844427012,139.56176429987,949
SHP0001,35.9234541951754,139.561986923218,950
SHP0001,35.9230545202249,139.562434852123,951
SHP0001,35.9225014030574,139.561532316522,952
SHP0001,35.9222953483337,139.561196091695,953
SHP0001,35.9225680489532,139.56094622612,954
SHP0001,35.9226424282668,139.561086085421,955
SHP0001,35.922759191879,139.561305642128,956
SHP0001,35.9225014030574,139.561532316522,957
SHP0001,35.9230545202249,139.562434852123,958
SHP0001,35.9227210231461,139.562877775287,959
SHP0001,35.9225657872692,139.563083946705,960
SHP0001,35.9225505822439,139.563102722168,961
SHP0001,35.9223007853998,139.563413858414,962
SHP0001,35.9222725474957,139.563448727131,963
SHP0001,35.922107464364,139.563676714897,964
SHP0001,35.9218967661564,139.563971757889,965
SHP0001,35.9216882400953,139.564272165298,966
SHP0001,35.9216252478476,139.564344584942,967
SHP0001,35.9215600834535,139.56440359354,968
SHP0001,35.9214601647159,139.564470648766,969
SHP0001,35.921308114463,139.564551115036,970
SHP0001,35.9211886464072,139.564607441425,971
SHP0001,35.9208345865325,139.564800560474,972
SHP0001,35.9207455285273,139.564854204655,973
SHP0001,35.9203501978697,139.565095603466,974
SHP0001,35.9203154435262,139.565114378929,975
SHP0001,35.9200330644851,139.565296769142,976
SHP0001,35.9197658904693,139.565481841564,977
SHP0001,35.9196492932653,139.565572903631,978
SHP0001,35.9195314411719,139.565664945763,979
SHP0001,35.9195117493323,139.565680325031,980
SHP0001,35.9190903529171,139.56603705883,981
SHP0001,35.9190686314524,139.566055834293,982
SHP0001,35.9189448191036,139.565843939781,983
SHP0001,35.9188427282195,139.565685689449,984
SHP0001,35.9187471537748,139.565546214581,985
SHP0001,35.9186993665525,139.565476477146,986
SHP0001,35.9182801422838,139.564966857433,987
SHP0001,35.9179043609445,139.564518928528,988
SHP0001,35.9177566549845,139.56432312727,989
SHP0001,35.9176415312216,139.564481377602,990
SHP0001,35.9176306704892,139.564518928528,991
SHP0001,35.9176284983428,139.564626216888,992
SHP0001,35.917611121171,139.564706683159,993
SHP0001,35.9175300146481,139.564812200364,994
SHP0001,35.9174894809687,139.564864933491,995
SHP0001,35.917467759504,139.564875662327,996
SHP0001,35.9174482101857,139.564870297909,997
SHP0001,35.9174134558422,139.564827382565,998
SHP0001,35.917320053544,139.564709365368,999
SHP0001,35.9173135371046,139.564682543278,1000
SHP0001,35.9173222256905,139.564653038979,1001
SHP0001,35.9174482101857,139.564454555511,1002
SHP0001,35.9174786202363,139.564414322376,1003
SHP0001,35.9175133745798,139.564408957958,1004
SHP0001,35.9175676782416,139.564382135868,1005
SHP0001,35.9176914905904,139.564248025417,1006
SHP0001,35.9175198910193,139.564113914967,1007
SHP0001,35.9172309955387,139.563853740692,1008
SHP0001,35.9169486164976,139.563590884209,1009
SHP0001,35.916668409603,139.563303887844,1010
SHP0001,35.9166445159918,139.563247561455,1011
SHP0001,35.9166401716989,139.563212692738,1012
SHP0001,35.9166423438454,139.563169777393,1013
SHP0001,35.916668409603,139.563081264496,1014
SHP0001,35.9166901310677,139.563019573689,1015
SHP0001,35.91673791829,139.562928378582,1016
SHP0001,35.9169529607906,139.562595784664,1017
SHP0001,35.9172157905135,139.562180042267,1018
SHP0001,35.9176176376104,139.561525583267,1019
SHP0001,35.9178913280656,139.561120569706,1020
SHP0001,35.9181802235462,139.560718238354,1021
SHP0001,35.9183242240599,139.56049469993,1022
SHP0001,35.9185603491784,139.56012815237,1023
SHP0001,35.9185842427896,139.560114741325,1024
SHP0001,35.9188992040277,139.560012817383,1025
SHP0001,35.9189926063259,139.560010135174,1026
SHP0001,35.9190317049624,139.559999406338,1027
SHP0001,35.919099041503,139.559964537621,1028
SHP0001,35.9191859273618,139.559881389141,1029
SHP0001,35.91942703562,139.559532701969,1030
SHP0001,35.9195551922617,139.559350311756,1031
SHP0001,35.9195725694334,139.559326171875,1032
SHP0001,35.9197528575905,139.559055268764,1033
SHP0001,35.9199092521363,139.558827280998,1034
SHP0001,35.9199961379951,139.558693170547,1035
SHP0001,35.9200178594598,139.558644890785,1036
SHP0001,35.9200678188286,139.558395445347,1037
SHP0001,35.9200765074145,139.55833107233,1038
SHP0001,35.9200938953056,139.558188827561,1039
SHP0001,35.920111261758,139.558046758175,1040
SHP0001,35.9201285034271,139.557927782685,1041
SHP0001,35.920148188248,139.557791948318,1042
SHP0001,35.9201894590309,139.557588100433,1043
SHP0001,35.9202633120109,139.55740571022,1044
SHP0001,35.9206477819361,139.556960463524,1045
SHP0001,35.9206825362796,139.557091891766,1046
SHP0001,35.9206955691585,139.557185769081,1047
SHP0001,35.9207607335526,139.557885825634,1048
SHP0001,35.920762905699,139.557926058769,1049
SHP0001,35.920799832189,139.55833107233,1050
SHP0001,35.9208193815073,139.558500051498,1051
SHP0001,35.9208302422396,139.558591246605,1052
SHP0001,35.9208606522902,139.558728039265,1053
SHP0001,35.9209062673661,139.558864831924,1054
SHP0001,35.9209583988813,139.558977484703,1055
SHP0001,35.9210496290331,139.559146463871,1056
SHP0001,35.9211625806495,139.559326171875,1057
SHP0001,35.9214036889077,139.5597204566,1058
SHP0001,35.9218055360046,139.559350311756,1059
SHP0001,35.9218337739088,139.559326171875,1060
SHP0001,35.9222328449046,139.558963156772,1061
SHP0001,35.9224854178498,139.558733403683,1062
SHP0001,35.9229155028508,139.55833107233,1063
SHP0001,35.9231044795937,139.558151364326,1064
SHP0001,35.9232565298466,139.558011889458,1065
SHP0001,35.9237300577771,139.557574689388,1066
SHP0001,35.92402981399,139.557301104069,1067
SHP0001,35.9244294889405,139.556933641434,1068
SHP0001,35.9245963390775,139.556783801566,1069
SHP0001,35.924644531441,139.556740522385,1070
SHP0001,35.9248334869248,139.556571543217,1071
SHP0001,35.9250007233874,139.556415975094,1072
SHP0001,35.925417728593,139.556029736996,1073
SHP0001,35.9255893088599,139.555868804455,1074
SHP0001,35.9258455933091,139.555630087852,1075
SHP0001,35.9260019702612,139.555482566357,1076
SHP0001,35.9264081159562,139.555109739304,1077
SHP0001,35.9265145391597,139.555034637451,1078
SHP0001,35.9267230417625,139.554943442345,1079
SHP0001,35.9270075609392,139.554822742939,1080
SHP0001,35.9271096403385,139.555251896381,1081
SHP0001,35.9272442982695,139.555887579918,1082
SHP0001,35.9272985958223,139.55604583025,1083
SHP0001,35.9276533883445,139.557110848256,1084
SHP0001,35.927737320049,139.557362794876,1085
SHP0001,35.92782621761,139.557614455418,1086
SHP0001,35.9278784936863,139.557762444019,1087
SHP0001,35.9279653697707,139.55770611763,1088
SHP0001,35.9284127816059,139.557392299175,1089
SHP0001,35.9286321437192,139.557255506516,1090
SHP0001,35.9288254430072,139.557113349438,1091
SHP0001,35.9294988416406,139.556668139064,1092
SHP0001,35.9296855162437,139.556544721127,1093
SHP0001,35.9299461444972,139.556405246258,1094
SHP0001,35.9299722073225,139.556391835213,1095
SHP0001,35.9301090371556,139.556322097778,1096
SHP0001,35.9305586208929,139.55601900816,1097
SHP0001,35.9308279367548,139.555836617947,1098
SHP0001,35.930986485609,139.555726647377,1099
SHP0001,35.9313405056533,139.55539137125,1100
SHP0001,35.9314186941294,139.555332362652,1101
SHP0001,35.9312393271825,139.554421707392,1102
SHP0001,35.9311254873442,139.553843736649,1103
SHP0001,35.9311558939738,139.553835690022,1104
SHP0001,35.931238426254,139.55381155014,1105
SHP0001,35.9321115309032,139.553551375866,1106
SHP0001,35.9321918912813,139.553808867931,1107
SHP0001,35.9323091373897,139.554143273307,1108
SHP0002,35.9323091373897,139.554143273307,1
SHP0002,35.9321918912813,139.553808867931,2
SHP0002,35.9321115309032,139.553551375866,3
SHP0002,35.931238426254,139.55381155014,4
SHP0002,35.9311558939738,139.553835690022,5
SHP0002,35.9311254873442,139.553843736649,6
SHP0002,35.9304186394419,139.554067461861,7
SHP0002,35.9301763661211,139.554144144058,8
SHP0002,35.9296507658099,139.554307758808,9
SHP0002,35.9297072352648,139.554498195648,10
SHP0002,35.9298766436296,139.555225074291,11
SHP0002,35.9300438800922,139.556016325951,12
SHP0002,35.9301090371556,139.556322097778,13
SHP0002,35.9299722073225,139.556391835213,14
SHP0002,35.9299461444972,139.556405246258,15
SHP0002,35.9296855162437,139.556544721127,16
SHP0002,35.9294988416406,139.556668139064,17
SHP0002,35.9288254430072,139.557113349438,18
SHP0002,35.9286321437192,139.557255506516,19
SHP0002,35.9284127816059,139.557392299175,20
SHP0002,35.9279653697707,139.55770611763,21
SHP0002,35.9278784936863,139.557762444019,22
SHP0002,35.92782621761,139.557614455418,23
SHP0002,35.927737320049,139.557362794876,24
SHP0002,35.9276533883445,139.557110848256,25
SHP0002,35.9272985958223,139.55604583025,26
SHP0002,35.9272442982695,139.555887579918,27
SHP0002,35.9271096403385,139.555251896381,28
SHP0002,35.9270075609392,139.554822742939,29
SHP0002,35.9267230417625,139.554943442345,30
SHP0002,35.9265145391597,139.555034637451,31
SHP0002,35.9264081159562,139.555109739304,32
SHP0002,35.9260019702612,139.555482566357,33
SHP0002,35.9258455933091,139.555630087852,34
SHP0002,35.9255893088599,139.555868804455,35
SHP0002,35.925417728593,139.556029736996,36
SHP0002,35.9250007233874,139.556415975094,37
SHP0002,35.9248334869248,139.556571543217,38
SHP0002,35.924644531441,139.556740522385,39
SHP0002,35.9245963390775,139.556783801566,40
SHP0002,35.9244294889405,139.556933641434,41
SHP0002,35.92402981399,139.557301104069,42
SHP0002,35.9237300577771,139.557574689388,43
SHP0002,35.9232565298466,139.558011889458,44
SHP0002,35.9231044795937,139.558151364326,45
SHP0002,35.9229155028508,139.55833107233,46
SHP0002,35.9224854178498,139.558733403683,47
SHP0002,35.9222328449046,139.558963156772,48
SHP0002,35.9218337739088,139.559326171875,49
SHP0002,35.9218055360046,139.559350311756,50
SHP0002,35.9214036889077,139.5597204566,51
SHP0002,35.9211625806495,139.559326171875,52
SHP0002,35.9210496290331,139.559146463871,53
SHP0002,35.9209583988813,139.558977484703,54
SHP0002,35.9209062673661,139.558864831924,55
SHP0002,35.9208606522902,139.558728039265,56
SHP0002,35.9208302422396,139.558591246605,57
SHP0002,35.9208193815073,139.558500051498,58
SHP0002,35.920799832189,139.55833107233,59
SHP0002,35.920762905699,139.557926058769,60
SHP0002,35.9207607335526,139.557885825634,61
SHP0002,35.9206955691585,139.557185769081,62
SHP0002,35.9206825362796,139.557091891766,63
SHP0002,35.9206477819361,139.556960463524,64
SHP0002,35.9202633120109,139.55740571022,65
SHP0002,35.9201894590309,139.557588100433,66
SHP0002,35.920148188248,139.557791948318,67
SHP0002,35.9201285034271,139.557927782685,68
SHP0002,35.920111261758,139.558046758175,69
SHP0002,35.9200938953056,139.558188827561,70
SHP0002,35.9200765074145,139.55833107233,71
SHP0002,35.9200678188286,139.558395445347,72
SHP0002,35.9200178594598,139.558644890785,73
SHP0002,35.9199961379951,139.558693170547,74
SHP0002,35.9199092521363,139.558827280998,75
SHP0002,35.9197528575905,139.559055268764,76
SHP0002,35.9195725694334,139.559326171875,77
SHP0002,35.9195551922617,139.559350311756,78
SHP0002,35.91942703562,139.559532701969,79
SHP0002,35.9191859273618,139.559881389141,80
SHP0002,35.919099041503,139.559964537621,81
SHP0002,35.9190317049624,139.559999406338,82
SHP0002,35.9189926063259,139.560010135174,83
SHP0002,35.9188992040277,139.560012817383,84
SHP0002,35.9185842427896,139.560114741325,85
SHP0002,35.9185603491784,139.56012815237,86
SHP0002,35.9183242240599,139.56049469993,87
SHP0002,35.9181802235462,139.560718238354,88
SHP0002,35.9178913280656,139.561120569706,89
SHP0002,35.9176176376104,139.561525583267,90
SHP0002,35.9172157905135,139.562180042267,91
SHP0002,35.9169529607906,139.562595784664,92
SHP0002,35.91673791829,139.562928378582,93
SHP0002,35.9166901310677,139.563019573689,94
SHP0002,35.916668409603,139.563081264496,95
SHP0002,35.9166423438454,139.563169777393,96
SHP0002,35.9166401716989,139.563212692738,97
SHP0002,35.9166445159918,139.563247561455,98
SHP0002,35.916668409603,139.563303887844,99
SHP0002,35.9169486164976,139.563590884209,100
SHP0002,35.9172309955387,139.563853740692,101
SHP0002,35.9175198910193,139.564113914967,102
SHP0002,35.9176914905904,139.564248025417,103
SHP0002,35.917721900641,139.564282894135,104
SHP0002,35.9177566549845,139.56432312727,105
SHP0002,35.9176415312216,139.564481377602,106
SHP0002,35.9176306704892,139.564518928528,107
SHP0002,35.9176284983428,139.564626216888,108
SHP0002,35.917611121171,139.564706683159,109
SHP0002,35.9175300146481,139.564812200364,110
SHP0002,35.9174894809687,139.564864933491,111
SHP0002,35.917467759504,139.564875662327,112
SHP0002,35.9174482101857,139.564870297909,113
SHP0002,35.9174134558422,139.564827382565,114
SHP0002,35.917320053544,139.564709365368,115
SHP0002,35.9173135371046,139.564682543278,116
SHP0002,35.9173222256905,139.564653038979,117
SHP0002,35.9174482101857,139.564454555511,118
SHP0002,35.9174786202363,139.564414322376,119
SHP0002,35.9175133745798,139.564408957958,120
SHP0002,35.9175676782416,139.564382135868,121
SHP0002,35.9176914905904,139.564248025417,122
SHP0002,35.917721900641,139.564282894135,123
SHP0002,35.9177566549845,139.56432312727,124
SHP0002,35.9179043609445,139.564518928528,125
SHP0002,35.9182801422838,139.564966857433,126
SHP0002,35.9186993665525,139.565476477146,127
SHP0002,35.9187471537748,139.565546214581,128
SHP0002,35.9188427282195,139.565685689449,129
SHP0002,35.9189448191036,139.565843939781,130
SHP0002,35.9190686314524,139.566055834293,131
SHP0002,35.9190903529171,139.56603705883,132
SHP0002,35.9195117493323,139.565680325031,133
SHP0002,35.9195314411719,139.565664945763,134
SHP0002,35.9196492932653,139.565572903631,135
SHP0002,35.9197658904693,139.565481841564,136
SHP0002,35.9200330644851,139.565296769142,137
SHP0002,35.9203154435262,139.565114378929,138
SHP0002,35.9203501978697,139.565095603466,139
SHP0002,35.9207455285273,139.564854204655,140
SHP0002,35.9208345865325,139.564800560474,141
SHP0002,35.9211886464072,139.564607441425,142
SHP0002,35.921308114463,139.564551115036,143
SHP0002,35.9214601647159,139.564470648766,144
SHP0002,35.9215600834535,139.56440359354,145
SHP0002,35.9216252478476,139.564344584942,146
SHP0002,35.9216882400953,139.564272165298,147
SHP0002,35.9218967661564,139.563971757889,148
SHP0002,35.922107464364,139.563676714897,149
SHP0002,35.9222725474957,139.563448727131,150
SHP0002,35.9223007853998,139.563413858414,151
SHP0002,35.9225505822439,139.563102722168,152
SHP0002,35.9225657872692,139.563083946705,153
SHP0002,35.9227210231461,139.562877775287,154
SHP0002,35.9230545202249,139.562434852123,155
SHP0002,35.9225014030574,139.561532316522,156
SHP0002,35.9222953483337,139.561196091695,157
SHP0002,35.9225680489532,139.56094622612,158
SHP0002,35.9226424282668,139.561086085421,159
SHP0002,35.922759191879,139.561305642128,160
SHP0002,35.9225014030574,139.561532316522,161
SHP0002,35.9230545202249,139.562434852123,162
SHP0002,35.9234541951754,139.561986923218,163
SHP0002,35.9236844427012,139.56176429987,164
SHP0002,35.9238060829036,139.561651647091,165
SHP0002,35.9239233788129,139.561560451984,166
SHP0002,35.9240102646717,139.561488032341,167
SHP0002,35.9245619898751,139.561742842197,168
SHP0002,35.924644531441,139.561772346497,169
SHP0002,35.9247205480149,139.561804533005,170
SHP0002,35.9249247068135,139.561847448349,171
SHP0002,35.9250007233874,139.561852812767,172
SHP0002,35.9251245218078,139.561850130558,173
SHP0002,35.9252722111515,139.561850130558,174
SHP0002,35.9256783568465,139.561860859394,175
SHP0002,35.9258325618964,139.561917185783,176
SHP0002,35.9259042346661,139.561968147755,177
SHP0002,35.9260410644992,139.562129080296,178
SHP0002,35.9262560828083,139.562429487705,179
SHP0002,35.9266535408949,139.563011527061,180
SHP0002,35.9267295574688,139.56315100193,181
SHP0002,35.9270640303941,139.563821554184,182
SHP0002,35.9271118122406,139.563904702663,183
SHP0002,35.9272073759335,139.564020037651,184
SHP0002,35.9272855644096,139.564079046249,185
SHP0002,35.9273811281025,139.564135372639,186
SHP0002,35.9275179579356,139.564194381237,187
SHP0002,35.9276547877687,139.564242660999,188
SHP0002,35.9279002127074,139.564331173897,189
SHP0002,35.9280144377306,139.56437971176,190
SHP0002,35.9281021996038,139.564417004585,191
SHP0002,35.9282390294369,139.56448674202,192
SHP0002,35.9285843618728,139.56467717886,193
SHP0002,35.9288341306157,139.564808607101,194
SHP0002,35.9288884281685,139.564835429192,195
SHP0002,35.9289883356657,139.564848840237,196
SHP0002,35.9290252580016,139.564846158028,197
SHP0002,35.9292098696811,139.564808607101,198
SHP0002,35.9294770136409,139.564744234085,199
SHP0002,35.9296073277677,139.564695954323,200
SHP0002,35.9297419856986,139.56462085247,201
SHP0002,35.929807142762,139.564572572708,202
SHP0002,35.9300026139521,139.564443826675,203
SHP0002,35.9302610703035,139.564312398434,204
SHP0002,35.9304409189178,139.564228458868,205
SHP0002,35.9309104690351,139.564009308815,206
SHP0002,35.9310168922386,139.564183652401,207
SHP0002,35.9318465588455,139.565460383892,208
SHP0002,35.932224469813,139.566061198711,209
SHP0002,35.9323048301912,139.566238224506,210
SHP0002,35.9324677228496,139.56666469574,211
SHP0002,35.9326805692566,139.567225277424,212
SHP0002,35.9327413825158,139.567354023457,213
SHP0002,35.9327978519707,139.567445218563,214
SHP0002,35.9328564933277,139.567512273788,215
SHP0002,35.9331214653854,139.567767083645,216
SHP0002,35.9331540439171,139.567826092243,217
SHP0002,35.9331887943509,139.568410813808,218
SHP0002,35.9332126852741,139.568687081337,219
SHP0002,35.9332278885889,139.568764865398,220
SHP0002,35.9332365761974,139.568821191788,221
SHP0002,35.9333191084776,139.569110870361,222
SHP0002,35.9333343117924,139.569159150124,223
SHP0002,35.9334559383107,139.569513201714,224
SHP0002,35.9335406424931,139.569773375988,225
SHP0002,35.9335775606745,139.569888710976,226
SHP0002,35.9337013451651,139.570256173611,227
SHP0002,35.9337208900847,139.5703125,228
SHP0002,35.9337773531856,139.570494890213,229
SHP0002,35.9338881077299,139.570779204369,230
SHP0002,35.9339923473009,139.571034014225,231
SHP0002,35.9340053772473,139.571111798286,232
SHP0002,35.9340953728673,139.57155219073,233
SHP0002,35.9341463239705,139.571801519319,234
SHP0002,35.9341769382079,139.571951329708,235
SHP0002,35.9342268863357,139.572192728519,236
SHP0002,35.9342420879398,139.572257101536,237
SHP0002,35.9342225430203,139.572468996048,238
SHP0002,35.9343767307191,139.572536051273,239
SHP0002,35.9346894494322,139.572632610798,240
SHP0002,35.9349522200175,139.572683572769,241
SHP0002,35.9352041323141,139.572715759277,242
SHP0002,35.935462559584,139.572745263577,243
SHP0002,35.9356449788333,139.572747945786,244
SHP0002,35.9357861365857,139.57273453474,245
SHP0002,35.9359381526268,139.572705030441,246
SHP0002,35.9362182964739,139.572646021843,247
SHP0002,35.9365701050261,139.572562873363,248
SHP0002,35.9367047478054,139.572522640228,249
SHP0002,35.9371911991369,139.572348296642,250
SHP0002,35.937414879883,139.572281241417,251
SHP0002,35.9375104328231,139.572251737118,252
SHP0002,35.9376109896827,139.572223710243,253
SHP0002,35.9376600050985,139.572210048828,254
SHP0002,35.9380012274701,139.572114944458,255
SHP0002,35.9380424889669,139.572455585003,256
SHP0002,35.9381228403029,139.572367072105,257
SHP0002,35.9382965729213,139.572235643864,258
SHP0002,35.9383660659687,139.572206139565,259
SHP0002,35.9384290440428,139.57219004631,260
SHP0002,35.9387613076755,139.572122991085,261
SHP0002,35.938813427461,139.572112262249,262
SHP0002,35.9391630643555,139.572045207024,263
SHP0002,35.9392434156915,139.572031795979,264
SHP0002,35.9398145616745,139.571932554245,265
SHP0002,35.9399796076619,139.572388529778,266
SHP0002,35.9402182838774,139.573011076322,267
SHP0002,35.9403096996368,139.573249518871,268
SHP0002,35.9403053563214,139.573311209679,269
SHP0002,35.94026843814,139.573448002338,270
SHP0002,35.9401837434885,139.573785960674,271
SHP0002,35.9401685418844,139.574075639248,272
SHP0002,35.9401859151462,139.57453161478,273
SHP0002,35.9401859151462,139.574625492096,274
SHP0002,35.9401750568576,139.574714004993,275
SHP0002,35.9401663702267,139.574756920338,276
SHP0002,35.9400968771793,139.574928581715,277
SHP0002,35.9400881905484,139.574966132641,278
SHP0002,35.940075160602,139.574998319149,279
SHP0002,35.9400599589979,139.575086832047,280
SHP0002,35.9400599589979,139.575301408768,281
SHP0002,35.9400599589979,139.57570374012,282
SHP0002,35.939834106594,139.575668871403,283
SHP0002,35.9396712322643,139.575625956059,284
SHP0002,35.9395170445655,139.575583040714,285
SHP0002,35.9389828167639,139.575497210026,286
SHP0002,35.9389415552671,139.575489163399,287
SHP0002,35.9388894354816,139.575446248055,288
SHP0002,35.9387989419072,139.575331818516,289
SHP0002,35.9387982258569,139.575330913067,290
SHP0002,35.93870918789,139.575175344944,291
SHP0002,35.938676613024,139.575092196465,292
SHP0002,35.9386201499231,139.575006365776,293
SHP0002,35.9386136349499,139.574998319149,294
SHP0002,35.9385788884262,139.574963450432,295
SHP0002,35.9384833354861,139.574864208698,296
SHP0002,35.9384051558078,139.57477837801,297
SHP0002,35.9381076386988,139.574456512928,298
SHP0002,35.9379708242619,139.574330449104,299
SHP0002,35.9378296665094,139.574196338654,300
SHP0002,35.9374279098294,139.573783278465,301
SHP0002,35.9374648280108,139.573705494404,302
SHP0002,35.9370283248071,139.573726952076,303
SHP0002,35.9368545921888,139.573753774166,304
SHP0002,35.936483238717,139.573871791363,305
SHP0002,35.9361618333729,139.573962986469,306
SHP0002,35.9361249151915,139.573973715305,307
SHP0002,35.9359642125195,139.574024677277,308
SHP0002,35.9356688670683,139.574091732502,309
SHP0002,35.9355494258932,139.574102461338,310
SHP0002,35.9352888269656,139.574086368084,311
SHP0002,35.9351715574482,139.574075639248,312
SHP0002,35.9349153018361,139.574040770531,313
SHP0002,35.9346916210899,139.574003219604,314
SHP0002,35.9344809702901,139.573971033096,315
SHP0002,35.9342334013089,139.573930799961,316
SHP0002,35.9338142713671,139.573869109154,317
SHP0002,35.9336883152187,139.573844969273,318
SHP0002,35.9336123071982,139.573831558228,319
SHP0002,35.9335406424931,139.573818147182,320
SHP0002,35.9333343117924,139.573785960674,321
SHP0002,35.933230060491,139.573772549629,322
SHP0002,35.9326371312144,139.573675990105,323
SHP0002,35.9323482682334,139.573627710342,324
SHP0002,35.9320984994905,139.57357943058,325
SHP0002,35.9320485457419,139.573560655117,326
SHP0002,35.9319833886786,139.573528468609,327
SHP0002,35.9317772320987,139.573418231674,328
SHP0002,35.9318857288686,139.573085904121,329
SHP0002,35.9318857288686,139.573085904121,330
SHP0002,35.9320160382845,139.573155641556,331
SHP0002,35.9319833886786,139.573528468609,332
SHP0002,35.9317772320987,139.573418231674,333
SHP0002,35.9317727141737,139.57341581583,334
SHP0002,35.93162502483,139.573313891888,335
SHP0002,35.931333989947,139.57308858633,336
SHP0002,35.9310320955534,139.572868645191,337
SHP0002,35.9309930013153,139.572839140892,338
SHP0002,35.9305043233401,139.572482407093,339
SHP0002,35.9303913844302,139.572375118732,340
SHP0002,35.9300808024282,139.572063982487,341
SHP0002,35.9300612553091,139.572039842606,342
SHP0002,35.9298679560211,139.571844041348,343
SHP0002,35.9296247029846,139.571634829044,344
SHP0002,35.9293836218501,139.571476578712,345
SHP0002,35.9291772911494,139.571390748024,346
SHP0002,35.9290220850136,139.571341890165,347
SHP0002,35.9289680372862,139.5713248763,348
SHP0002,35.9288449901262,139.571286141872,349
SHP0002,35.928493141984,139.571200311184,350
SHP0002,35.9284649072566,139.571192264557,351
SHP0002,35.9282629203601,139.571143984795,352
SHP0002,35.9279610259665,139.571103751659,353
SHP0002,35.9275461926631,139.571111798286,354
SHP0002,35.9272768768011,139.571117162704,355
SHP0002,35.9269728105054,139.57113057375,356
SHP0002,35.9267686517069,139.571135938168,357
SHP0002,35.9265796962231,139.571149349213,358
SHP0002,35.9264993358449,139.571162760258,359
SHP0002,35.9262061290598,139.571245908737,360
SHP0002,35.9261800662344,139.571253955364,361
SHP0002,35.9259433289042,139.571326375008,362
SHP0002,35.9257522015183,139.570816755295,363
SHP0002,35.9257109353781,139.570572674274,364
SHP0002,35.9256848725528,139.570575356483,365
SHP0002,35.9254155566909,139.570623636246,366
SHP0002,35.9252818732377,139.57064382754,367
SHP0002,35.9251136622973,139.570669233799,368
SHP0002,35.9250007233874,139.570685327053,369
SHP0002,35.9248595497501,139.570704102516,370
SHP0002,35.9248052521973,139.571559727192,371
SHP0002,35.9248009083931,139.571731388569,372
SHP0002,35.9248074240994,139.57183599472,373
SHP0002,35.9248247993163,139.571921825409,374
SHP0002,35.9248465183374,139.57199960947,375
SHP0002,35.9248977532345,139.572117798608,376
SHP0002,35.9249616291494,139.572265148163,377
SHP0002,35.9249855200726,139.572316110134,378
SHP0002,35.9250007233874,139.57235366106,379
SHP0002,35.9250941151782,139.572546780109,380
SHP0002,35.9251201780036,139.572616517544,381
SHP0002,35.9251679598501,139.572788178921,382
SHP0002,35.9252331169134,139.573136866093,383
SHP0002,35.9252700392493,139.573262929916,384
SHP0002,35.9253286806064,139.573397040367,385
SHP0002,35.9256262311958,139.574005901814,386
SHP0002,35.9257413420077,139.574239253998,387
SHP0002,35.9261083934647,139.574998319149,388
SHP0002,35.926423319271,139.575634002686,389
SHP0002,35.9265145391597,139.575816392899,390
SHP0002,35.9265905557336,139.575982689857,391
SHP0002,35.9266448532865,139.576132893562,392
SHP0002,35.926675259916,139.576253592968,393
SHP0002,35.9266969789372,139.576376974583,394
SHP0002,35.9267013227414,139.576607644558,395
SHP0002,35.9266405094822,139.577254056931,396
SHP0002,35.9266448532865,139.577358663082,397
SHP0002,35.9266644004055,139.57747399807,398
SHP0002,35.9266926351329,139.577586650848,399
SHP0002,35.9269467476801,139.578420817852,400
SHP0002,35.9269901857223,139.578597843647,401
SHP0002,35.9270162485477,139.578737318516,402
SHP0002,35.9270379675688,139.578906297684,403
SHP0002,35.9270879213174,139.579906761646,404
SHP0002,35.9263125522633,139.579971134663,405
SHP0002,35.9261443562047,139.579982362509,406
SHP0002,35.9259107503725,139.579997956753,407
SHP0002,35.9256197154894,139.580022096634,408
SHP0002,35.9250007233874,139.580065011978,409
SHP0002,35.9248877844776,139.580073058605,410
SHP0002,35.924644531441,139.580089151859,411
SHP0002,35.9244316610869,139.580107927322,412
SHP0002,35.923627966893,139.580166935921,413
SHP0002,35.9234948705848,139.580177471173,414
SHP0002,35.923119684619,139.580207169056,415
SHP0002,35.9229480850479,139.58022326231,416
SHP0002,35.9227873462091,139.580236673355,417
SHP0002,35.9227504197191,139.580225944519,418
SHP0002,35.922726526108,139.580201804638,419
SHP0002,35.9227048046432,139.580164253712,420
SHP0002,35.9226076000926,139.579879182264,421
SHP0002,35.9224962785821,139.579552710056,422
SHP0002,35.9224875899962,139.579466879368,423
SHP0002,35.9225071393145,139.579423964024,424
SHP0002,35.9225397215115,139.579394459724,425
SHP0002,35.9226266073703,139.579354226589,426
SHP0002,35.9226591895674,139.579348862171,427
SHP0002,35.922685255325,139.579362273216,428
SHP0002,35.9227091489362,139.579399824142,429
SHP0002,35.9227395589868,139.579507112503,430
SHP0002,35.9227504197191,139.579807519913,431
SHP0002,35.9227677968909,139.579933583736,432
SHP0002,35.922828616992,139.580115973949,433
SHP0002,35.9228677156285,139.580166935921,434
SHP0002,35.9229480850479,139.58022326231,435
SHP0002,35.923119684619,139.580207169056,436
SHP0002,35.9234948705848,139.580177471173,437
SHP0002,35.923627966893,139.580166935921,438
SHP0002,35.9244316610869,139.580107927322,439
SHP0002,35.924644531441,139.580089151859,440
SHP0002,35.9248877844776,139.580073058605,441
SHP0002,35.9250007233874,139.580065011978,442
SHP0002,35.9256197154894,139.580022096634,443
SHP0002,35.9259107503725,139.579997956753,444
SHP0002,35.9261443562047,139.579982362509,445
SHP0002,35.9263125522633,139.579971134663,446
SHP0002,35.9270879213174,139.579906761646,447
SHP0002,35.92740936283,139.579887986183,448
SHP0002,35.9277807580912,139.579861164093,449
SHP0002,35.9280956838975,139.579837024212,450
SHP0002,35.928202107101,139.579839706421,451
SHP0002,35.9282954988918,139.579853117466,452
SHP0002,35.9284692510608,139.579901397228,453
SHP0002,35.9285474395369,139.579930901527,454
SHP0002,35.9288167553988,139.580051600933,455
SHP0002,35.9290078715511,139.580143608932,456
SHP0002,35.9290921891008,139.580184201467,457
SHP0002,35.9292011820727,139.580236673355,458
SHP0002,35.9293271523952,139.580287635326,459
SHP0002,35.9294683260325,139.580322504044,460
SHP0002,35.9295682335297,139.58033323288,461
SHP0002,35.929652937712,139.580338597298,462
SHP0002,35.929807142762,139.580317139626,463
SHP0002,35.9303131959542,139.580164253712,464
SHP0002,35.9306715598027,139.580054283142,465
SHP0002,35.9309756260984,139.579960405827,466
SHP0002,35.9310798773998,139.580478072166,467
SHP0002,35.9311819567991,139.580934047699,468
SHP0002,35.9312775204921,139.581296145916,469
SHP0002,35.9312796923942,139.581298828125,470
SHP0002,35.9313100990237,139.581416845322,471
SHP0002,35.931392631304,139.581701159477,472
SHP0002,35.9315403206476,139.582159817219,473
SHP0002,35.931701041404,139.58256483078,474
SHP0002,35.9319377787342,139.583173692226,475
SHP0002,35.9321984069877,139.583270251751,476
SHP0002,35.9325871774658,139.582956433296,477
SHP0002,35.9328260866981,139.582765996456,478
SHP0002,35.9329173065869,139.582682847977,479
SHP0002,35.9329954950629,139.582605063915,480
SHP0002,35.9330606521263,139.582521915436,481
SHP0002,35.9331149496791,139.582436084747,482
SHP0002,35.933132324896,139.582409262657,483
SHP0002,35.9333343117924,139.582071304321,484
SHP0002,35.9334277035833,139.581899642944,485
SHP0002,35.9335058920593,139.581752121449,486
SHP0002,35.9335406424931,139.581687748432,487
SHP0002,35.9335992772518,139.581580460072,488
SHP0002,35.933953279602,139.581636786461,489
SHP0002,35.9339621856191,139.581648335673,490
SHP0002,35.933953279602,139.581636786461,491
SHP0002,35.9335992772518,139.581580460072,492
SHP0002,35.9335406424931,139.581687748432,493
SHP0002,35.9335058920593,139.581752121449,494
SHP0002,35.9334277035833,139.581899642944,495
SHP0002,35.9333343117924,139.582071304321,496
SHP0002,35.933132324896,139.582409262657,497
SHP0002,35.9331149496791,139.582436084747,498
SHP0002,35.9330606521263,139.582521915436,499
SHP0002,35.9329954950629,139.582605063915,500
SHP0002,35.9329173065869,139.582682847977,501
SHP0002,35.9328260866981,139.582765996456,502
SHP0002,35.9325871774658,139.582956433296,503
SHP0002,35.9321984069877,139.583270251751,504
SHP0002,35.9319377787342,139.583173692226,505
SHP0002,35.931701041404,139.58256483078,506
SHP0002,35.9315403206476,139.582159817219,507
SHP0002,35.931392631304,139.581701159477,508
SHP0002,35.9313100990237,139.581416845322,509
SHP0002,35.9312796923942,139.581298828125,510
SHP0002,35.9312775204921,139.581296145916,511
SHP0002,35.9311819567991,139.580934047699,512
SHP0002,35.9310798773998,139.580478072166,513
SHP0002,35.9309756260984,139.579960405827,514
SHP0002,35.9309017814266,139.579584896564,515
SHP0002,35.9308324296413,139.579228787108,516
SHP0002,35.9311207105923,139.579151078678,517
SHP0002,35.9313123648869,139.579099416733,518
SHP0002,35.9314443412954,139.5797508052,519
SHP0002,35.9313557089681,139.579847753048,520
SHP0002,35.9312970676111,139.579866528511,521
SHP0002,35.9309756260984,139.579960405827,522
SHP0002,35.9306715598027,139.580054283142,523
SHP0002,35.9303131959542,139.580164253712,524
SHP0002,35.929807142762,139.580317139626,525
SHP0002,35.929652937712,139.580338597298,526
SHP0002,35.9295682335297,139.58033323288,527
SHP0002,35.9294683260325,139.580322504044,528
SHP0002,35.9293271523952,139.580287635326,529
SHP0002,35.9292011820727,139.580236673355,530
SHP0002,35.9290921891008,139.580184201467,531
SHP0002,35.9290078715511,139.580143608932,532
SHP0002,35.9288167553988,139.580051600933,533
SHP0002,35.9285474395369,139.579930901527,534
SHP0002,35.9284692510608,139.579901397228,535
SHP0002,35.9282954988918,139.579853117466,536
SHP0002,35.928202107101,139.579839706421,537
SHP0002,35.9280956838975,139.579837024212,538
SHP0002,35.9277807580912,139.579861164093,539
SHP0002,35.92740936283,139.579887986183,540
SHP0002,35.9270879213174,139.579906761646,541
SHP0002,35.9263125522633,139.579971134663,542
SHP0002,35.9261443562047,139.579982362509,543
SHP0002,35.9259107503725,139.579997956753,544
SHP0002,35.9256197154894,139.580022096634,545
SHP0002,35.9250007233874,139.580065011978,546
SHP0002,35.9248877844776,139.580073058605,547
SHP0002,35.924644531441,139.580089151859,548
SHP0002,35.9244316610869,139.580107927322,549
SHP0002,35.923627966893,139.580166935921,550
SHP0002,35.9234948705848,139.580177471173,551
SHP0002,35.923119684619,139.580207169056,552
SHP0002,35.9229480850479,139.58022326231,553
SHP0002,35.9227873462091,139.580236673355,554
SHP0002,35.9227504197191,139.580225944519,555
SHP0002,35.922726526108,139.580201804638,556
SHP0002,35.9227048046432,139.580164253712,557
SHP0002,35.9226076000926,139.579879182264,558
SHP0002,35.9224962785821,139.579552710056,559
SHP0002,35.9224875899962,139.579466879368,560
SHP0002,35.9225071393145,139.579423964024,561
SHP0002,35.9225397215115,139.579394459724,562
SHP0002,35.9226266073703,139.579354226589,563
SHP0002,35.9226591895674,139.579348862171,564
SHP0002,35.922685255325,139.579362273216,565
SHP0002,35.9227091489362,139.579399824142,566
SHP0002,35.9227395589868,139.579507112503,567
SHP0002,35.9227504197191,139.579807519913,568
SHP0002,35.9227677968909,139.579933583736,569
SHP0002,35.922828616992,139.580115973949,570
SHP0002,35.9228677156285,139.580166935921,571
SHP0002,35.9229480850479,139.58022326231,572
SHP0002,35.923119684619,139.580207169056,573
SHP0002,35.9234948705848,139.580177471173,574
SHP0002,35.923627966893,139.580166935921,575
SHP0002,35.9244316610869,139.580107927322,576
SHP0002,35.924644531441,139.580089151859,577
SHP0002,35.9248877844776,139.580073058605,578
SHP0002,35.9250007233874,139.580065011978,579
SHP0002,35.9256197154894,139.580022096634,580
SHP0002,35.9259107503725,139.579997956753,581
SHP0002,35.9261443562047,139.579982362509,582
SHP0002,35.9263125522633,139.579971134663,583
SHP0002,35.9270879213174,139.579906761646,584
SHP0002,35.9270379675688,139.578906297684,585
SHP0002,35.9270162485477,139.578737318516,586
SHP0002,35.9269901857223,139.578597843647,587
SHP0002,35.9269467476801,139.578420817852,588
SHP0002,35.9266926351329,139.577586650848,589
SHP0002,35.9266644004055,139.57747399807,590
SHP0002,35.9266448532865,139.577358663082,591
SHP0002,35.9266405094822,139.577254056931,592
SHP0002,35.9267013227414,139.576607644558,593
SHP0002,35.9266969789372,139.576376974583,594
SHP0002,35.926675259916,139.576253592968,595
SHP0002,35.9266448532865,139.576132893562,596
SHP0002,35.9265905557336,139.575982689857,597
SHP0002,35.9265145391597,139.575816392899,598
SHP0002,35.926423319271,139.575634002686,599
SHP0002,35.9261083934647,139.574998319149,600
SHP0002,35.9257413420077,139.574239253998,601
SHP0002,35.9256262311958,139.574005901814,602
SHP0002,35.9253286806064,139.573397040367,603
SHP0002,35.9252700392493,139.573262929916,604
SHP0002,35.9252331169134,139.573136866093,605
SHP0002,35.9251679598501,139.572788178921,606
SHP0002,35.9251201780036,139.572616517544,607
SHP0002,35.9250941151782,139.572546780109,608
SHP0002,35.9250007233874,139.57235366106,609
SHP0002,35.9249855200726,139.572316110134,610
SHP0002,35.9249616291494,139.572265148163,611
SHP0002,35.9248977532345,139.572117798608,612
SHP0002,35.9248465183374,139.57199960947,613
SHP0002,35.9248247993163,139.571921825409,614
SHP0002,35.9248074240994,139.57183599472,615
SHP0002,35.9248009083931,139.571731388569,616
SHP0002,35.9248052521973,139.571559727192,617
SHP0002,35.9248595497501,139.570704102516,618
SHP0002,35.9250007233874,139.570685327053,619
SHP0002,35.9251136622973,139.570669233799,620
SHP0002,35.9252818732377,139.57064382754,621
SHP0002,35.9254155566909,139.570623636246,622
SHP0002,35.9256848725528,139.570575356483,623
SHP0002,35.9257109353781,139.570572674274,624
SHP0002,35.9257522015183,139.570816755295,625
SHP0002,35.9259433289042,139.571326375008,626
SHP0002,35.9261800662344,139.571253955364,627
SHP0002,35.9262061290598,139.571245908737,628
SHP0002,35.9264993358449,139.571162760258,629
SHP0002,35.9265796962231,139.571149349213,630
SHP0002,35.9267686517069,139.571135938168,631
SHP0002,35.9269728105054,139.57113057375,632
SHP0002,35.9272768768011,139.571117162704,633
SHP0002,35.9275461926631,139.571111798286,634
SHP0002,35.9279610259665,139.571103751659,635
SHP0002,35.9282629203601,139.571143984795,636
SHP0002,35.9284649072566,139.571192264557,637
SHP0002,35.928493141984,139.571200311184,638
SHP0002,35.9288449901262,139.571286141872,639
SHP0002,35.9289680372862,139.5713248763,640
SHP0002,35.9290220850136,139.571341890165,641
SHP0002,35.9291772911494,139.571390748024,642
SHP0002,35.9293836218501,139.571476578712,643
SHP0002,35.9296247029846,139.571634829044,644
SHP0002,35.9298679560211,139.571844041348,645
SHP0002,35.9300612553091,139.572039842606,646
SHP0002,35.9300808024282,139.572063982487,647
SHP0002,35.9303913844302,139.572375118732,648
SHP0002,35.9305043233401,139.572482407093,649
SHP0002,35.9309930013153,139.572839140892,650
SHP0002,35.9310320955534,139.572868645191,651
SHP0002,35.931333989947,139.57308858633,652
SHP0002,35.93162502483,139.573313891888,653
SHP0002,35.9317727141737,139.57341581583,654
SHP0002,35.9317772320987,139.573418231674,655
SHP0002,35.9318857288686,139.573085904121,656
SHP0002,35.9318857288686,139.573085904121,657
SHP0002,35.9320160382845,139.573155641556,658
SHP0002,35.9319833886786,139.573528468609,659
SHP0002,35.9320485457419,139.573560655117,660
SHP0002,35.9320984994905,139.57357943058,661
SHP0002,35.9323482682334,139.573627710342,662
SHP0002,35.9326371312144,139.573675990105,663
SHP0002,35.933230060491,139.573772549629,664
SHP0002,35.9333343117924,139.573785960674,665
SHP0002,35.9335406424931,139.573818147182,666
SHP0002,35.9336123071982,139.573831558228,667
SHP0002,35.9336883152187,139.573844969273,668
SHP0002,35.9338142713671,139.573869109154,669
SHP0002,35.9342334013089,139.573930799961,670
SHP0002,35.9344809702901,139.573971033096,671
SHP0002,35.9346916210899,139.574003219604,672
SHP0002,35.9349153018361,139.574040770531,673
SHP0002,35.9351715574482,139.574075639248,674
SHP0002,35.9352888269656,139.574086368084,675
SHP0002,35.9355494258932,139.574102461338,676
SHP0002,35.9356688670683,139.574091732502,677
SHP0002,35.9359642125195,139.574024677277,678
SHP0002,35.9361249151915,139.573973715305,679
SHP0002,35.9361618333729,139.573962986469,680
SHP0002,35.936483238717,139.573871791363,681
SHP0002,35.9368545921888,139.573753774166,682
SHP0002,35.9370283248071,139.573726952076,683
SHP0002,35.9374648280108,139.573705494404,684
SHP0002,35.9374279098294,139.573783278465,685
SHP0002,35.9378296665094,139.574196338654,686
SHP0002,35.9379708242619,139.574330449104,687
SHP0002,35.9381076386988,139.574456512928,688
SHP0002,35.9384051558078,139.57477837801,689
SHP0002,35.9384833354861,139.574864208698,690
SHP0002,35.9385788884262,139.574963450432,691
SHP0002,35.9386136349499,139.574998319149,692
SHP0002,35.9386201499231,139.575006365776,693
SHP0002,35.938676613024,139.575092196465,694
SHP0002,35.93870918789,139.575175344944,695
SHP0002,35.9387982258569,139.575330913067,696
SHP0002,35.9387989419072,139.575331818516,697
SHP0002,35.9388894354816,139.575446248055,698
SHP0002,35.9389415552671,139.575489163399,699
SHP0002,35.9389828167639,139.575497210026,700
SHP0002,35.9395170445655,139.575583040714,701
SHP0002,35.9396712322643,139.575625956059,702
SHP0002,35.939834106594,139.575668871403,703
SHP0002,35.9400599589979,139.57570374012,704
SHP0002,35.9400599589979,139.575301408768,705
SHP0002,35.9400599589979,139.575086832047,706
SHP0002,35.940075160602,139.574998319149,707
SHP0002,35.9400881905484,139.574966132641,708
SHP0002,35.9400968771793,139.574928581715,709
SHP0002,35.9401663702267,139.574756920338,710
SHP0002,35.9401750568576,139.574714004993,711
SHP0002,35.9401859151462,139.574625492096,712
SHP0002,35.9401859151462,139.57453161478,713
SHP0002,35.9401685418844,139.574075639248,714
SHP0002,35.9401837434885,139.573785960674,715
SHP0002,35.94026843814,139.573448002338,716
SHP0002,35.9403053563214,139.573311209679,717
SHP0002,35.9403096996368,139.573249518871,718
SHP0002,35.9402182838774,139.573011076322,719
SHP0002,35.9399796076619,139.572388529778,720
SHP0002,35.9398145616745,139.571932554245,721
SHP0002,35.9392434156915,139.572031795979,722
SHP0002,35.9391630643555,139.572045207024,723
SHP0002,35.938813427461,139.572112262249,724
SHP0002,35.9387613076755,139.572122991085,725
SHP0002,35.9384290440428,139.57219004631,726
SHP0002,35.9383660659687,139.572206139565,727
SHP0002,35.9382965729213,139.572235643864,728
SHP0002,35.9381228403029,139.572367072105,729
SHP0002,35.9380424889669,139.572455585003,730
SHP0002,35.9380012274701,139.572114944458,731
SHP0002,35.9376600050985,139.572210048828,732
SHP0002,35.9376109896827,139.572223710243,733
SHP0002,35.9375104328231,139.572251737118,734
SHP0002,35.937414879883,139.572281241417,735
SHP0002,35.9371911991369,139.572348296642,736
SHP0002,35.9367047478054,139.572522640228,737
SHP0002,35.9365701050261,139.572562873363,738
SHP0002,35.9362182964739,139.572646021843,739
SHP0002,35.9359381526268,139.572705030441,740
SHP0002,35.9357861365857,139.57273453474,741
SHP0002,35.9356449788333,139.572747945786,742
SHP0002,35.935462559584,139.572745263577,743
SHP0002,35.9352041323141,139.572715759277,744
SHP0002,35.9349522200175,139.572683572769,745
SHP0002,35.9346894494322,139.572632610798,746
SHP0002,35.9343767307191,139.572536051273,747
SHP0002,35.9342225430203,139.572468996048,748
SHP0002,35.9342420879398,139.572257101536,749
SHP0002,35.9342268863357,139.572192728519,750
SHP0002,35.9341769382079,139.571951329708,751
SHP0002,35.9341463239705,139.571801519319,752
SHP0002,35.9340953728673,139.57155219073,753
SHP0002,35.9340053772473,139.571111798286,754
SHP0002,35.9339923473009,139.571034014225,755
SHP0002,35.9338881077299,139.570779204369,756
SHP0002,35.9337773531856,139.570494890213,757
SHP0002,35.9337208900847,139.5703125,758
SHP0002,35.9337013451651,139.570256173611,759
SHP0002,35.9335775606745,139.569888710976,760
SHP0002,35.9335406424931,139.569773375988,761
SHP0002,35.9334559383107,139.569513201714,762
SHP0002,35.9333343117924,139.569159150124,763
SHP0002,35.9333191084776,139.569110870361,764
SHP0002,35.9332365761974,139.568821191788,765
SHP0002,35.9332278885889,139.568764865398,766
SHP0002,35.9332126852741,139.568687081337,767
SHP0002,35.9331887943509,139.568410813808,768
SHP0002,35.9331540439171,139.567826092243,769
SHP0002,35.9331214653854,139.567767083645,770
SHP0002,35.9328564933277,139.567512273788,771
SHP0002,35.9327978519707,139.567445218563,772
SHP0002,35.9327413825158,139.567354023457,773
SHP0002,35.9326805692566,139.567225277424,774
SHP0002,35.9324677228496,139.56666469574,775
SHP0002,35.9323048301912,139.566238224506,776
SHP0002,35.932224469813,139.566061198711,777
SHP0002,35.9318465588455,139.565460383892,778
SHP0002,35.9310168922386,139.564183652401,779
SHP0002,35.9309104690351,139.564009308815,780
SHP0002,35.9304409189178,139.564228458868,781
SHP0002,35.9302610703035,139.564312398434,782
SHP0002,35.9300026139521,139.564443826675,783
SHP0002,35.929807142762,139.564572572708,784
SHP0002,35.9297419856986,139.56462085247,785
SHP0002,35.9296073277677,139.564695954323,786
SHP0002,35.9294770136409,139.564744234085,787
SHP0002,35.9292098696811,139.564808607101,788
SHP0002,35.9290252580016,139.564846158028,789
SHP0002,35.9289883356657,139.564848840237,790
SHP0002,35.9288884281685,139.564835429192,791
SHP0002,35.9288341306157,139.564808607101,792
SHP0002,35.9285843618728,139.56467717886,793
SHP0002,35.9282390294369,139.56448674202,794
SHP0002,35.9281021996038,139.564417004585,795
SHP0002,35.9280144377306,139.56437971176,796
SHP0002,35.9279002127074,139.564331173897,797
SHP0002,35.9276547877687,139.564242660999,798
SHP0002,35.9275179579356,139.564194381237,799
SHP0002,35.9273811281025,139.564135372639,800
SHP0002,35.9272855644096,139.564079046249,801
SHP0002,35.9272073759335,139.564020037651,802
SHP0002,35.9271118122406,139.563904702663,803
SHP0002,35.9270640303941,139.563821554184,804
SHP0002,35.9267295574688,139.56315100193,805
SHP0002,35.9266535408949,139.563011527061,806
SHP0002,35.9262560828083,139.562429487705,807
SHP0002,35.9260410644992,139.562129080296,808
SHP0002,35.9259042346661,139.561968147755,809
SHP0002,35.9258325618964,139.561917185783,810
SHP0002,35.9256783568465,139.561860859394,811
SHP0002,35.9252722111515,139.561850130558,812
SHP0002,35.9251245218078,139.561850130558,813
SHP0002,35.9250007233874,139.561852812767,814
SHP0002,35.9249247068135,139.561847448349,815
SHP0002,35.9247205480149,139.561804533005,816
SHP0002,35.924644531441,139.561772346497,817
SHP0002,35.9245619898751,139.561742842197,818
SHP0002,35.9240102646717,139.561488032341,819
SHP0002,35.9239233788129,139.561560451984,820
SHP0002,35.9238060829036,139.561651647091,821
SHP0002,35.9236844427012,139.56176429987,822
SHP0002,35.9234541951754,139.561986923218,823
SHP0002,35.9230545202249,139.562434852123,824
SHP0002,35.9225014030574,139.561532316522,825
SHP0002,35.9222953483337,139.561196091695,826
SHP0002,35.9225680489532,139.56094622612,827
SHP0002,35.9226424282668,139.561086085421,828
SHP0002,35.922759191879,139.561305642128,829
SHP0002,35.9225014030574,139.561532316522,830
SHP0002,35.9230545202249,139.562434852123,831
SHP0002,35.9227210231461,139.562877775287,832
SHP0002,35.9225657872692,139.563083946705,833
SHP0002,35.9225505822439,139.563102722168,834
SHP0002,35.9223007853998,139.563413858414,835
SHP0002,35.9222725474957,139.563448727131,836
SHP0002,35.922107464364,139.563676714897,837
SHP0002,35.9218967661564,139.563971757889,838
SHP0002,35.9216882400953,139.564272165298,839
SHP0002,35.9216252478476,139.564344584942,840
SHP0002,35.9215600834535,139.56440359354,841
SHP0002,35.9214601647159,139.564470648766,842
SHP0002,35.921308114463,139.564551115036,843
SHP0002,35.9211886464072,139.564607441425,844
SHP0002,35.9208345865325,139.564800560474,845
SHP0002,35.9207455285273,139.564854204655,846
SHP0002,35.9203501978697,139.565095603466,847
SHP0002,35.9203154435262,139.565114378929,848
SHP0002,35.9200330644851,139.565296769142,849
SHP0002,35.9197658904693,139.565481841564,850
SHP0002,35.9196492932653,139.565572903631,851
SHP0002,35.9195314411719,139.565664945763,852
SHP0002,35.9195117493323,139.565680325031,853
SHP0002,35.9190903529171,139.56603705883,854
SHP0002,35.9190686314524,139.566055834293,855
SHP0002,35.9189448191036,139.565843939781,856
SHP0002,35.9188427282195,139.565685689449,857
SHP0002,35.9187471537748,139.565546214581,858
SHP0002,35.9186993665525,139.565476477146,859
SHP0002,35.9182801422838,139.564966857433,860
SHP0002,35.9179043609445,139.564518928528,861
SHP0002,35.9177566549845,139.56432312727,862
SHP0002,35.9176415312216,139.564481377602,863
SHP0002,35.9176306704892,139.564518928528,864
SHP0002,35.9176284983428,139.564626216888,865
SHP0002,35.917611121171,139.564706683159,866
SHP0002,35.9175300146481,139.564812200364,867
SHP0002,35.9174894809687,139.564864933491,868
SHP0002,35.917467759504,139.564875662327,869
SHP0002,35.9174482101857,139.564870297909,870
SHP0002,35.9174134558422,139.564827382565,871
SHP0002,35.917320053544,139.564709365368,872
SHP0002,35.9173135371046,139.564682543278,873
SHP0002,35.9173222256905,139.564653038979,874
SHP0002,35.9174482101857,139.564454555511,875
SHP0002,35.9174786202363,139.564414322376,876
SHP0002,35.9175133745798,139.564408957958,877
SHP0002,35.9175676782416,139.564382135868,878
SHP0002,35.9176914905904,139.564248025417,879
SHP0002,35.9175198910193,139.564113914967,880
SHP0002,35.9172309955387,139.563853740692,881
SHP0002,35.9169486164976,139.563590884209,882
SHP0002,35.916668409603,139.563303887844,883
SHP0002,35.9166445159918,139.563247561455,884
SHP0002,35.9166401716989,139.563212692738,885
SHP0002,35.9166423438454,139.563169777393,886
SHP0002,35.916668409603,139.563081264496,887
SHP0002,35.9166901310677,139.563019573689,888
SHP0002,35.91673791829,139.562928378582,889
SHP0002,35.9169529607906,139.562595784664,890
SHP0002,35.9172157905135,139.562180042267,891
SHP0002,35.9176176376104,139.561525583267,892
SHP0002,35.9178913280656,139.561120569706,893
SHP0002,35.9181802235462,139.560718238354,894
SHP0002,35.9183242240599,139.56049469993,895
SHP0002,35.9185603491784,139.56012815237,896
SHP0002,35.9185842427896,139.560114741325,897
SHP0002,35.9188992040277,139.560012817383,898
SHP0002,35.9189926063259,139.560010135174,899
SHP0002,35.9190317049624,139.559999406338,900
SHP0002,35.919099041503,139.559964537621,901
SHP0002,35.9191859273618,139.559881389141,902
SHP0002,35.91942703562,139.559532701969,903
SHP0002,35.9195551922617,139.559350311756,904
SHP0002,35.9195725694334,139.559326171875,905
SHP0002,35.9197528575905,139.559055268764,906
SHP0002,35.9199092521363,139.558827280998,907
SHP0002,35.9199961379951,139.558693170547,908
SHP0002,35.9200178594598,139.558644890785,909
SHP0002,35.9200678188286,139.558395445347,910
SHP0002,35.9200765074145,139.55833107233,911
SHP0002,35.9200938953056,139.558188827561,912
SHP0002,35.920111261758,139.558046758175,913
SHP0002,35.9201285034271,139.557927782685,914
SHP0002,35.920148188248,139.557791948318,915
SHP0002,35.9201894590309,139.557588100433,916
SHP0002,35.9202633120109,139.55740571022,917
SHP0002,35.9206477819361,139.556960463524,918
SHP0002,35.9206825362796,139.557091891766,919
SHP0002,35.9206955691585,139.557185769081,920
SHP0002,35.9207607335526,139.557885825634,921
SHP0002,35.920762905699,139.557926058769,922
SHP0002,35.920799832189,139.55833107233,923
SHP0002,35.9208193815073,139.558500051498,924
SHP0002,35.9208302422396,139.558591246605,925
SHP0002,35.9208606522902,139.558728039265,926
SHP0002,35.9209062673661,139.558864831924,927
SHP0002,35.9209583988813,139.558977484703,928
SHP0002,35.9210496290331,139.559146463871,929
SHP0002,35.9211625806495,139.559326171875,930
SHP0002,35.9214036889077,139.5597204566,931
SHP0002,35.9218055360046,139.559350311756,932
SHP0002,35.9218337739088,139.559326171875,933
SHP0002,35.9222328449046,139.558963156772,934
SHP0002,35.9224854178498,139.558733403683,935
SHP0002,35.9229155028508,139.55833107233,936
SHP0002,35.9231044795937,139.558151364326,937
SHP0002,35.9232565298466,139.558011889458,938
SHP0002,35.9237300577771,139.557574689388,939
SHP0002,35.92402981399,139.557301104069,940
SHP0002,35.9244294889405,139.556933641434,941
SHP0002,35.9245963390775,139.556783801566,942
SHP0002,35.924644531441,139.556740522385,943
SHP0002,35.9248334869248,139.556571543217,944
SHP0002,35.9250007233874,139.556415975094,945
SHP0002,35.925417728593,139.556029736996,946
SHP0002,35.9255893088599,139.555868804455,947
SHP0002,35.9258455933091,139.555630087852,948
SHP0002,35.9260019702612,139.555482566357,949
SHP0002,35.9264081159562,139.555109739304,950
SHP0002,35.9265145391597,139.555034637451,951
SHP0002,35.9267230417625,139.554943442345,952
SHP0002,35.9270075609392,139.554822742939,953
SHP0002,35.9271096403385,139.555251896381,954
SHP0002,35.9272442982695,139.555887579918,955
SHP0002,35.9272985958223,139.55604583025,956
SHP0002,35.9276533883445,139.557110848256,957
SHP0002,35.927737320049,139.557362794876,958
SHP0002,35.92782621761,139.557614455418,959
SHP0002,35.9278784936863,139.557762444019,960
SHP0002,35.9279653697707,139.55770611763,961
SHP0002,35.9284127816059,139.557392299175,962
SHP0002,35.9286321437192,139.557255506516,963
SHP0002,35.9288254430072,139.557113349438,964
SHP0002,35.9294988416406,139.556668139064,965
SHP0002,35.9296855162437,139.556544721127,966
SHP0002,35.9299461444972,139.556405246258,967
SHP0002,35.9299722073225,139.556391835213,968
SHP0002,35.9301090371556,139.556322097778,969
SHP0002,35.9305586208929,139.55601900816,970
SHP0002,35.9308279367548,139.555836617947,971
SHP0002,35.930986485609,139.555726647377,972
SHP0002,35.9313405056533,139.55539137125,973
SHP0002,35.9314186941294,139.555332362652,974
SHP0002,35.9312393271825,139.554421707392,975
SHP0002,35.9311254873442,139.553843736649,976
SHP0002,35.9311558939738,139.553835690022,977
SHP0002,35.931238426254,139.55381155014,978
SHP0002,35.9321115309032,139.553551375866,979
SHP0002,35.9321918912813,139.553808867931,980
SHP0002,35.9323091373897,139.554143273307,981
SHP0003,35.9323091373897,139.554143273307,1
SHP0003,35.9321918912813,139.553808867931,2
SHP0003,35.9321115309032,139.553551375866,3
SHP0003,35.931238426254,139.55381155014,4
SHP0003,35.9311558939738,139.553835690022,5
SHP0003,35.9311254873442,139.553843736649,6
SHP0003,35.9304186394419,139.554067461861,7
SHP0003,35.9301763661211,139.554144144058,8
SHP0003,35.9296507658099,139.554307758808,9
SHP0003,35.9297072352648,139.554498195648,10
SHP0003,35.9298766436296,139.555225074291,11
SHP0003,35.9300438800922,139.556016325951,12
SHP0003,35.9301090371556,139.556322097778,13
SHP0003,35.9299722073225,139.556391835213,14
SHP0003,35.9299461444972,139.556405246258,15
SHP0003,35.9296855162437,139.556544721127,16
SHP0003,35.9294988416406,139.556668139064,17
SHP0003,35.9288254430072,139.557113349438,18
SHP0003,35.9286321437192,139.557255506516,19
SHP0003,35.9284127816059,139.557392299175,20
SHP0003,35.9279653697707,139.55770611763,21
SHP0003,35.9278784936863,139.557762444019,22
SHP0003,35.92782621761,139.557614455418,23
SHP0003,35.927737320049,139.557362794876,24
SHP0003,35.9276533883445,139.557110848256,25
SHP0003,35.9272985958223,139.55604583025,26
SHP0003,35.9272442982695,139.555887579918,27
SHP0003,35.9271096403385,139.555251896381,28
SHP0003,35.9270075609392,139.554822742939,29
SHP0003,35.9267230417625,139.554943442345,30
SHP0003,35.9265145391597,139.555034637451,31
SHP0003,35.9264081159562,139.555109739304,32
SHP0003,35.9260019702612,139.555482566357,33
SHP0003,35.9258455933091,139.555630087852,34
SHP0003,35.9255893088599,139.555868804455,35
SHP0003,35.925417728593,139.556029736996,36
SHP0003,35.9250007233874,139.556415975094,37
SHP0003,35.9248334869248,139.556571543217,38
SHP0003,35.924644531441,139.556740522385,39
SHP0003,35.9245963390775,139.556783801566,40
SHP0003,35.9244294889405,139.556933641434,41
SHP0003,35.92402981399,139.557301104069,42
SHP0003,35.9237300577771,139.557574689388,43
SHP0003,35.9232565298466,139.558011889458,44
SHP0003,35.9231044795937,139.558151364326,45
SHP0003,35.9229155028508,139.55833107233,46
SHP0003,35.9224854178498,139.558733403683,47
SHP0003,35.9222328449046,139.558963156772,48
SHP0003,35.9218337739088,139.559326171875,49
SHP0003,35.9218055360046,139.559350311756,50
SHP0003,35.9214036889077,139.5597204566,51
SHP0003,35.9211625806495,139.559326171875,52
SHP0003,35.9210496290331,139.559146463871,53
SHP0003,35.9209583988813,139.558977484703,54
SHP0003,35.9209062673661,139.558864831924,55
SHP0003,35.9208606522902,139.558728039265,56
SHP0003,35.9208302422396,139.558591246605,57
SHP0003,35.9208193815073,139.558500051498,58
SHP0003,35.920799832189,139.55833107233,59
SHP0003,35.920762905699,139.557926058769,60
SHP0003,35.9207607335526,139.557885825634,61
SHP0003,35.9206955691585,139.557185769081,62
SHP0003,35.9206825362796,139.557091891766,63
SHP0003,35.9206477819361,139.556960463524,64
SHP0003,35.9202633120109,139.55740571022,65
SHP0003,35.9201894590309,139.557588100433,66
SHP0003,35.920148188248,139.557791948318,67
SHP0003,35.9201285034271,139.557927782685,68
SHP0003,35.920111261758,139.558046758175,69
SHP0003,35.9200938953056,139.558188827561,70
SHP0003,35.9200765074145,139.55833107233,71
SHP0003,35.9200678188286,139.558395445347,72
SHP0003,35.9200178594598,139.558644890785,73
SHP0003,35.9199961379951,139.558693170547,74
SHP0003,35.9199092521363,139.558827280998,75
SHP0003,35.9197528575905,139.559055268764,76
SHP0003,35.9195725694334,139.559326171875,77
SHP0003,35.9195551922617,139.559350311756,78
SHP0003,35.91942703562,139.559532701969,79
SHP0003,35.9191859273618,139.559881389141,80
SHP0003,35.919099041503,139.559964537621,81
SHP0003,35.9190317049624,139.559999406338,82
SHP0003,35.9189926063259,139.560010135174,83
SHP0003,35.9188992040277,139.560012817383,84
SHP0003,35.9185842427896,139.560114741325,85
SHP0003,35.9185603491784,139.56012815237,86
SHP0003,35.9183242240599,139.56049469993,87
SHP0003,35.9181802235462,139.560718238354,88
SHP0003,35.9178913280656,139.561120569706,89
SHP0003,35.9176176376104,139.561525583267,90
SHP0003,35.9172157905135,139.562180042267,91
SHP0003,35.9169529607906,139.562595784664,92
SHP0003,35.91673791829,139.562928378582,93
SHP0003,35.9166901310677,139.563019573689,94
SHP0003,35.916668409603,139.563081264496,95
SHP0003,35.9166423438454,139.563169777393,96
SHP0003,35.9166401716989,139.563212692738,97
SHP0003,35.9166445159918,139.563247561455,98
SHP0003,35.916668409603,139.563303887844,99
SHP0003,35.9169486164976,139.563590884209,100
SHP0003,35.9172309955387,139.563853740692,101
SHP0003,35.9175198910193,139.564113914967,102
SHP0003,35.9176914905904,139.564248025417,103
SHP0003,35.917721900641,139.564282894135,104
SHP0003,35.9177566549845,139.56432312727,105
SHP0003,35.9176415312216,139.564481377602,106
SHP0003,35.9176306704892,139.564518928528,107
SHP0003,35.9176284983428,139.564626216888,108
SHP0003,35.917611121171,139.564706683159,109
SHP0003,35.9175300146481,139.564812200364,110
SHP0003,35.9174894809687,139.564864933491,111
SHP0003,35.917467759504,139.564875662327,112
SHP0003,35.9174482101857,139.564870297909,113
SHP0003,35.9174134558422,139.564827382565,114
SHP0003,35.917320053544,139.564709365368,115
SHP0003,35.9173135371046,139.564682543278,116
SHP0003,35.9173222256905,139.564653038979,117
SHP0003,35.9174482101857,139.564454555511,118
SHP0003,35.9174786202363,139.564414322376,119
SHP0003,35.9175133745798,139.564408957958,120
SHP0003,35.9175676782416,139.564382135868,121
SHP0003,35.9176914905904,139.564248025417,122
SHP0003,35.917721900641,139.564282894135,123
SHP0003,35.9177566549845,139.56432312727,124
SHP0003,35.9179043609445,139.564518928528,125
SHP0003,35.9182801422838,139.564966857433,126
SHP0003,35.9186993665525,139.565476477146,127
SHP0003,35.9187471537748,139.565546214581,128
SHP0003,35.9188427282195,139.565685689449,129
SHP0003,35.9189448191036,139.565843939781,130
SHP0003,35.9190686314524,139.566055834293,131
SHP0003,35.9190903529171,139.56603705883,132
SHP0003,35.9195117493323,139.565680325031,133
SHP0003,35.9195314411719,139.565664945763,134
SHP0003,35.9196492932653,139.565572903631,135
SHP0003,35.9197658904693,139.565481841564,136
SHP0003,35.9200330644851,139.565296769142,137
SHP0003,35.9203154435262,139.565114378929,138
SHP0003,35.9203501978697,139.565095603466,139
SHP0003,35.9207455285273,139.564854204655,140
SHP0003,35.9208345865325,139.564800560474,141
SHP0003,35.9211886464072,139.564607441425,142
SHP0003,35.921308114463,139.564551115036,143
SHP0003,35.9214601647159,139.564470648766,144
SHP0003,35.9215600834535,139.56440359354,145
SHP0003,35.9216252478476,139.564344584942,146
SHP0003,35.9216882400953,139.564272165298,147
SHP0003,35.9218967661564,139.563971757889,148
SHP0003,35.922107464364,139.563676714897,149
SHP0003,35.9222725474957,139.563448727131,150
SHP0003,35.9223007853998,139.563413858414,151
SHP0003,35.9225505822439,139.563102722168,152
SHP0003,35.9225657872692,139.563083946705,153
SHP0003,35.9227210231461,139.562877775287,154
SHP0003,35.9230545202249,139.562434852123,155
SHP0003,35.9225014030574,139.561532316522,156
SHP0003,35.9222953483337,139.561196091695,157
SHP0003,35.9225680489532,139.56094622612,158
SHP0003,35.9226424282668,139.561086085421,159
SHP0003,35.922759191879,139.561305642128,160
SHP0003,35.9225014030574,139.561532316522,161
SHP0003,35.9230545202249,139.562434852123,162
SHP0003,35.9234541951754,139.561986923218,163
SHP0003,35.9236844427012,139.56176429987,164
SHP0003,35.9238060829036,139.561651647091,165
SHP0003,35.9239233788129,139.561560451984,166
SHP0003,35.9240102646717,139.561488032341,167
SHP0003,35.9245619898751,139.561742842197,168
SHP0003,35.924644531441,139.561772346497,169
SHP0003,35.9247205480149,139.561804533005,170
SHP0003,35.9249247068135,139.561847448349,171
SHP0003,35.9250007233874,139.561852812767,172
SHP0003,35.9251245218078,139.561850130558,173
SHP0003,35.9252722111515,139.561850130558,174
SHP0003,35.9256783568465,139.561860859394,175
SHP0003,35.9258325618964,139.561917185783,176
SHP0003,35.9259042346661,139.561968147755,177
SHP0003,35.9260410644992,139.562129080296,178
SHP0003,35.9262560828083,139.562429487705,179
SHP0003,35.9266535408949,139.563011527061,180
SHP0003,35.9267295574688,139.56315100193,181
SHP0003,35.9270640303941,139.563821554184,182
SHP0003,35.9271118122406,139.563904702663,183
SHP0003,35.9272073759335,139.564020037651,184
SHP0003,35.9272855644096,139.564079046249,185
SHP0003,35.9273811281025,139.564135372639,186
SHP0003,35.9275179579356,139.564194381237,187
SHP0003,35.9276547877687,139.564242660999,188
SHP0003,35.9279002127074,139.564331173897,189
SHP0003,35.9280144377306,139.56437971176,190
SHP0003,35.9281021996038,139.564417004585,191
SHP0003,35.9282390294369,139.56448674202,192
SHP0003,35.9285843618728,139.56467717886,193
SHP0003,35.9288341306157,139.564808607101,194
SHP0003,35.9288884281685,139.564835429192,195
SHP0003,35.9289883356657,139.564848840237,196
SHP0003,35.9290252580016,139.564846158028,197
SHP0003,35.9292098696811,139.564808607101,198
SHP0003,35.9294770136409,139.564744234085,199
SHP0003,35.9296073277677,139.564695954323,200
SHP0003,35.9297419856986,139.56462085247,201
SHP0003,35.929807142762,139.564572572708,202
SHP0003,35.9300026139521,139.564443826675,203
SHP0003,35.9302610703035,139.564312398434,204
SHP0003,35.9304409189178,139.564228458868,205
SHP0003,35.9309104690351,139.564009308815,206
SHP0003,35.9310168922386,139.564183652401,207
SHP0003,35.9318465588455,139.565460383892,208
SHP0003,35.932224469813,139.566061198711,209
SHP0003,35.9323048301912,139.566238224506,210
SHP0003,35.9324677228496,139.56666469574,211
SHP0003,35.9326805692566,139.567225277424,212
SHP0003,35.9327413825158,139.567354023457,213
SHP0003,35.9327978519707,139.567445218563,214
SHP0003,35.9328564933277,139.567512273788,215
SHP0003,35.9331214653854,139.567767083645,216
SHP0003,35.9331540439171,139.567826092243,217
SHP0003,35.9331887943509,139.568410813808,218
SHP0003,35.9332126852741,139.568687081337,219
SHP0003,35.9332278885889,139.568764865398,220
SHP0003,35.9332365761974,139.568821191788,221
SHP0003,35.9333191084776,139.569110870361,222
SHP0003,35.9333343117924,139.569159150124,223
SHP0003,35.9334559383107,139.569513201714,224
SHP0003,35.9335406424931,139.569773375988,225
SHP0003,35.9335775606745,139.569888710976,226
SHP0003,35.9337013451651,139.570256173611,227
SHP0003,35.9337208900847,139.5703125,228
SHP0003,35.9337773531856,139.570494890213,229
SHP0003,35.9338881077299,139.570779204369,230
SHP0003,35.9339923473009,139.571034014225,231
SHP0003,35.9340053772473,139.571111798286,232
SHP0003,35.9340953728673,139.57155219073,233
SHP0003,35.9341463239705,139.571801519319,234
SHP0003,35.9341769382079,139.571951329708,235
SHP0003,35.9342268863357,139.572192728519,236
SHP0003,35.9342420879398,139.572257101536,237
SHP0003,35.9342225430203,139.572468996048,238
SHP0003,35.9343767307191,139.572536051273,239
SHP0003,35.9346894494322,139.572632610798,240
SHP0003,35.9349522200175,139.572683572769,241
SHP0003,35.9352041323141,139.572715759277,242
SHP0003,35.935462559584,139.572745263577,243
SHP0003,35.9356449788333,139.572747945786,244
SHP0003,35.9357861365857,139.57273453474,245
SHP0003,35.9359381526268,139.572705030441,246
SHP0003,35.9362182964739,139.572646021843,247
SHP0003,35.9365701050261,139.572562873363,248
SHP0003,35.9367047478054,139.572522640228,249
SHP0003,35.9371911991369,139.572348296642,250
SHP0003,35.937414879883,139.572281241417,251
SHP0003,35.9375104328231,139.572251737118,252
SHP0003,35.9376109896827,139.572223710243,253
SHP0003,35.9376600050985,139.572210048828,254
SHP0003,35.9380012274701,139.572114944458,255
SHP0003,35.9380424889669,139.572455585003,256
SHP0003,35.9381228403029,139.572367072105,257
SHP0003,35.9382965729213,139.572235643864,258
SHP0003,35.9383660659687,139.572206139565,259
SHP0003,35.9384290440428,139.57219004631,260
SHP0003,35.9387613076755,139.572122991085,261
SHP0003,35.938813427461,139.572112262249,262
SHP0003,35.9391630643555,139.572045207024,263
SHP0003,35.9392434156915,139.572031795979,264
SHP0003,35.9398145616745,139.571932554245,265
SHP0003,35.9399796076619,139.572388529778,266
SHP0003,35.9402182838774,139.573011076322,267
SHP0003,35.9403096996368,139.573249518871,268
SHP0003,35.9403053563214,139.573311209679,269
SHP0003,35.94026843814,139.573448002338,270
SHP0003,35.9401837434885,139.573785960674,271
SHP0003,35.9401685418844,139.574075639248,272
SHP0003,35.9401859151462,139.57453161478,273
SHP0003,35.9401859151462,139.574625492096,274
SHP0003,35.9401750568576,139.574714004993,275
SHP0003,35.9401663702267,139.574756920338,276
SHP0003,35.9400968771793,139.574928581715,277
SHP0003,35.9400881905484,139.574966132641,278
SHP0003,35.940075160602,139.574998319149,279
SHP0003,35.9400599589979,139.575086832047,280
SHP0003,35.9400599589979,139.575301408768,281
SHP0003,35.9400599589979,139.57570374012,282
SHP0003,35.939834106594,139.575668871403,283
SHP0003,35.9396712322643,139.575625956059,284
SHP0003,35.9395170445655,139.575583040714,285
SHP0003,35.9389828167639,139.575497210026,286
SHP0003,35.9389415552671,139.575489163399,287
SHP0003,35.9388894354816,139.575446248055,288
SHP0003,35.9387989419072,139.575331818516,289
SHP0003,35.9387982258569,139.575330913067,290
SHP0003,35.93870918789,139.575175344944,291
SHP0003,35.938676613024,139.575092196465,292
SHP0003,35.9386201499231,139.575006365776,293
SHP0003,35.9386136349499,139.574998319149,294
SHP0003,35.9385788884262,139.574963450432,295
SHP0003,35.9384833354861,139.574864208698,296
SHP0003,35.9384051558078,139.57477837801,297
SHP0003,35.9381076386988,139.574456512928,298
SHP0003,35.9379708242619,139.574330449104,299
SHP0003,35.9378296665094,139.574196338654,300
SHP0003,35.9374279098294,139.573783278465,301
SHP0003,35.9374648280108,139.573705494404,302
SHP0003,35.9370283248071,139.573726952076,303
SHP0003,35.9368545921888,139.573753774166,304
SHP0003,35.936483238717,139.573871791363,305
SHP0003,35.9361618333729,139.573962986469,306
SHP0003,35.9361249151915,139.573973715305,307
SHP0003,35.9359642125195,139.574024677277,308
SHP0003,35.9356688670683,139.574091732502,309
SHP0003,35.9355494258932,139.574102461338,310
SHP0003,35.9352888269656,139.574086368084,311
SHP0003,35.9351715574482,139.574075639248,312
SHP0003,35.9349153018361,139.574040770531,313
SHP0003,35.9346916210899,139.574003219604,314
SHP0003,35.9344809702901,139.573971033096,315
SHP0003,35.9342334013089,139.573930799961,316
SHP0003,35.9338142713671,139.573869109154,317
SHP0003,35.9336883152187,139.573844969273,318
SHP0003,35.9336123071982,139.573831558228,319
SHP0003,35.9335406424931,139.573818147182,320
SHP0003,35.9333343117924,139.573785960674,321
SHP0003,35.933230060491,139.573772549629,322
SHP0003,35.9326371312144,139.573675990105,323
SHP0003,35.9323482682334,139.573627710342,324
SHP0003,35.9320984994905,139.57357943058,325
SHP0003,35.9320485457419,139.573560655117,326
SHP0003,35.9319833886786,139.573528468609,327
SHP0003,35.9317772320987,139.573418231674,328
SHP0003,35.9318857288686,139.573085904121,329
SHP0003,35.9318857288686,139.573085904121,330
SHP0003,35.9320160382845,139.573155641556,331
SHP0003,35.9319833886786,139.573528468609,332
SHP0003,35.9317772320987,139.573418231674,333
SHP0003,35.9317727141737,139.57341581583,334
SHP0003,35.93162502483,139.573313891888,335
SHP0003,35.931333989947,139.57308858633,336
SHP0003,35.9310320955534,139.572868645191,337
SHP0003,35.9309930013153,139.572839140892,338
SHP0003,35.9305043233401,139.572482407093,339
SHP0003,35.9303913844302,139.572375118732,340
SHP0003,35.9300808024282,139.572063982487,341
SHP0003,35.9300612553091,139.572039842606,342
SHP0003,35.9298679560211,139.571844041348,343
SHP0003,35.9296247029846,139.571634829044,344
SHP0003,35.9293836218501,139.571476578712,345
SHP0003,35.9291772911494,139.571390748024,346
SHP0003,35.9290220850136,139.571341890165,347
SHP0003,35.9289680372862,139.5713248763,348
SHP0003,35.9288449901262,139.571286141872,349
SHP0003,35.928493141984,139.571200311184,350
SHP0003,35.9284649072566,139.571192264557,351
SHP0003,35.9282629203601,139.571143984795,352
SHP0003,35.9279610259665,139.571103751659,353
SHP0003,35.9275461926631,139.571111798286,354
SHP0003,35.9272768768011,139.571117162704,355
SHP0003,35.9269728105054,139.57113057375,356
SHP0003,35.9267686517069,139.571135938168,357
SHP0003,35.9265796962231,139.571149349213,358
SHP0003,35.9264993358449,139.571162760258,359
SHP0003,35.9262061290598,139.571245908737,360
SHP0003,35.9261800662344,139.571253955364,361
SHP0003,35.9259433289042,139.571326375008,362
SHP0003,35.9257522015183,139.570816755295,363
SHP0003,35.9257109353781,139.570572674274,364
SHP0003,35.9256848725528,139.570575356483,365
SHP0003,35.9254155566909,139.570623636246,366
SHP0003,35.9252818732377,139.57064382754,367
SHP0003,35.9251136622973,139.570669233799,368
SHP0003,35.9250007233874,139.570685327053,369
SHP0003,35.9248595497501,139.570704102516,370
SHP0003,35.9248052521973,139.571559727192,371
SHP0003,35.9248009083931,139.571731388569,372
SHP0003,35.9248074240994,139.57183599472,373
SHP0003,35.9248247993163,139.571921825409,374
SHP0003,35.9248465183374,139.57199960947,375
SHP0003,35.9248977532345,139.572117798608,376
SHP0003,35.9249616291494,139.572265148163,377
SHP0003,35.9249855200726,139.572316110134,378
SHP0003,35.9250007233874,139.57235366106,379
SHP0003,35.9250941151782,139.572546780109,380
SHP0003,35.9251201780036,139.572616517544,381
SHP0003,35.9251679598501,139.572788178921,382
SHP0003,35.9252331169134,139.573136866093,383
SHP0003,35.9252700392493,139.573262929916,384
SHP0003,35.9253286806064,139.573397040367,385
SHP0003,35.9256262311958,139.574005901814,386
SHP0003,35.9257413420077,139.574239253998,387
SHP0003,35.9261083934647,139.574998319149,388
SHP0003,35.926423319271,139.575634002686,389
SHP0003,35.9265145391597,139.575816392899,390
SHP0003,35.9265905557336,139.575982689857,391
SHP0003,35.9266448532865,139.576132893562,392
SHP0003,35.926675259916,139.576253592968,393
SHP0003,35.9266969789372,139.576376974583,394
SHP0003,35.9267013227414,139.576607644558,395
SHP0003,35.9266405094822,139.577254056931,396
SHP0003,35.9266448532865,139.577358663082,397
SHP0003,35.9266644004055,139.57747399807,398
SHP0003,35.9266926351329,139.577586650848,399
SHP0003,35.9269467476801,139.578420817852,400
SHP0003,35.9269901857223,139.578597843647,401
SHP0003,35.9270162485477,139.578737318516,402
SHP0003,35.9270379675688,139.578906297684,403
SHP0003,35.9270879213174,139.579906761646,404
SHP0003,35.9263125522633,139.579971134663,405
SHP0003,35.9261443562047,139.579982362509,406
SHP0003,35.9259107503725,139.579997956753,407
SHP0003,35.9256197154894,139.580022096634,408
SHP0003,35.9250007233874,139.580065011978,409
SHP0003,35.9248877844776,139.580073058605,410
SHP0003,35.924644531441,139.580089151859,411
SHP0003,35.9244316610869,139.580107927322,412
SHP0003,35.923627966893,139.580166935921,413
SHP0003,35.9234948705848,139.580177471173,414
SHP0003,35.923119684619,139.580207169056,415
SHP0003,35.9229480850479,139.58022326231,416
SHP0003,35.9227873462091,139.580236673355,417
SHP0003,35.9227504197191,139.580225944519,418
SHP0003,35.922726526108,139.580201804638,419
SHP0003,35.9227048046432,139.580164253712,420
SHP0003,35.9226076000926,139.579879182264,421
SHP0003,35.9224962785821,139.579552710056,422
SHP0003,35.9224875899962,139.579466879368,423
SHP0003,35.9225071393145,139.579423964024,424
SHP0003,35.9225397215115,139.579394459724,425
SHP0003,35.9226266073703,139.579354226589,426
SHP0003,35.9226591895674,139.579348862171,427
SHP0003,35.922685255325,139.579362273216,428
SHP0003,35.9227091489362,139.579399824142,429
SHP0003,35.9227395589868,139.579507112503,430
SHP0003,35.9227504197191,139.579807519913,431
SHP0003,35.9227677968909,139.579933583736,432
SHP0003,35.922828616992,139.580115973949,433
SHP0003,35.9228677156285,139.580166935921,434
SHP0003,35.9229480850479,139.58022326231,435
SHP0003,35.923119684619,139.580207169056,436
SHP0003,35.9234948705848,139.580177471173,437
SHP0003,35.923627966893,139.580166935921,438
SHP0003,35.9244316610869,139.580107927322,439
SHP0003,35.924644531441,139.580089151859,440
SHP0003,35.9248877844776,139.580073058605,441
SHP0003,35.9250007233874,139.580065011978,442
SHP0003,35.9256197154894,139.580022096634,443
SHP0003,35.9259107503725,139.579997956753,444
SHP0003,35.9261443562047,139.579982362509,445
SHP0003,35.9263125522633,139.579971134663,446
SHP0003,35.9270879213174,139.579906761646,447
SHP0003,35.92740936283,139.579887986183,448
SHP0003,35.9277807580912,139.579861164093,449
SHP0003,35.9280956838975,139.579837024212,450
SHP0003,35.928202107101,139.579839706421,451
SHP0003,35.9282954988918,139.579853117466,452
SHP0003,35.9284692510608,139.579901397228,453
SHP0003,35.9285474395369,139.579930901527,454
SHP0003,35.9288167553988,139.580051600933,455
SHP0003,35.9290078715511,139.580143608932,456
SHP0003,35.9290921891008,139.580184201467,457
SHP0003,35.9292011820727,139.580236673355,458
SHP0003,35.9293271523952,139.580287635326,459
SHP0003,35.9294683260325,139.580322504044,460
SHP0003,35.9295682335297,139.58033323288,461
SHP0003,35.929652937712,139.580338597298,462
SHP0003,35.929807142762,139.580317139626,463
SHP0003,35.9303131959542,139.580164253712,464
SHP0003,35.9306715598027,139.580054283142,465
SHP0003,35.9309756260984,139.579960405827,466
SHP0003,35.9309017814266,139.579584896564,467
SHP0003,35.9308324296413,139.579228787108,468
SHP0003,35.9311207105923,139.579151078678,469
SHP0003,35.9313123648869,139.579099416733,470
SHP0003,35.9314443412954,139.5797508052,471
SHP0003,35.9313557089681,139.579847753048,472
SHP0003,35.9312970676111,139.579866528511,473
SHP0003,35.9309756260984,139.579960405827,474
SHP0003,35.9310798773998,139.580478072166,475
SHP0003,35.9311819567991,139.580934047699,476
SHP0003,35.9312775204921,139.581296145916,477
SHP0003,35.9312796923942,139.581298828125,478
SHP0003,35.9313100990237,139.581416845322,479
SHP0003,35.931392631304,139.581701159477,480
SHP0003,35.9315403206476,139.582159817219,481
SHP0003,35.931701041404,139.58256483078,482
SHP0003,35.9319377787342,139.583173692226,483
SHP0003,35.9321984069877,139.583270251751,484
SHP0003,35.9325871774658,139.582956433296,485
SHP0003,35.9328260866981,139.582765996456,486
SHP0003,35.9329173065869,139.582682847977,487
SHP0003,35.9329954950629,139.582605063915,488
SHP0003,35.9330606521263,139.582521915436,489
SHP0003,35.9331149496791,139.582436084747,490
SHP0003,35.933132324896,139.582409262657,491
SHP0003,35.9333343117924,139.582071304321,492
SHP0003,35.9334277035833,139.581899642944,493
SHP0003,35.9335058920593,139.581752121449,494
SHP0003,35.9335406424931,139.581687748432,495
SHP0003,35.9335992772518,139.581580460072,496
SHP0003,35.933953279602,139.581636786461,497
SHP0003,35.9339621856191,139.581648335673,498
SHP0003,35.933953279602,139.581636786461,499
SHP0003,35.9335992772518,139.581580460072,500
SHP0003,35.9335406424931,139.581687748432,501
SHP0003,35.9335058920593,139.581752121449,502
SHP0003,35.9334277035833,139.581899642944,503
SHP0003,35.9333343117924,139.582071304321,504
SHP0003,35.933132324896,139.582409262657,505
SHP0003,35.9331149496791,139.582436084747,506
SHP0003,35.9330606521263,139.582521915436,507
SHP0003,35.9329954950629,139.582605063915,508
SHP0003,35.9329173065869,139.582682847977,509
SHP0003,35.9328260866981,139.582765996456,510
SHP0003,35.9325871774658,139.582956433296,511
SHP0003,35.9321984069877,139.583270251751,512
SHP0003,35.932359127744,139.583323895931,513
SHP0003,35.9323895343736,139.583331942558,514
SHP0003,35.9326262717038,139.583393633366,515
SHP0003,35.9328369462087,139.583458006382,516
SHP0003,35.9328695247404,139.583471417427,517
SHP0003,35.9329911512587,139.583530426025,518
SHP0003,35.932996948328,139.583533824351,519
SHP0003,35.9333343117924,139.583731591702,520
SHP0003,35.9335406424931,139.583812057972,521
SHP0003,35.9338099280516,139.583876430988,522
SHP0003,35.9340987585297,139.58392739296,523
SHP0003,35.9341313333956,139.583932757378,524
SHP0003,35.9348870702856,139.584257304668,525
SHP0003,35.9350781761658,139.584351181984,526
SHP0003,35.9353083718851,139.584458470345,527
SHP0003,35.9354234697448,139.584496021271,528
SHP0003,35.935486447819,139.584509432316,529
SHP0003,35.9355776574436,139.584517478943,530
SHP0003,35.935711,139.584517478943,531
SHP0003,35.9359229510227,139.584517478943,532
SHP0003,35.9361922365812,139.584514796734,533
SHP0003,35.936715606094,139.584445059299,534
SHP0003,35.9367894424569,139.584439694881,535
SHP0003,35.9371021611699,139.584439694881,536
SHP0003,35.9373128119697,139.584437012672,537
SHP0003,35.9376190157096,139.584426283836,538
SHP0003,35.9381336985916,139.584375321865,539
SHP0003,35.9383682376264,139.584324359894,540
SHP0003,35.9385702017953,139.584270715714,541
SHP0003,35.9386700980509,139.584241211414,542
SHP0003,35.9387996389559,139.584210025822,543
SHP0003,35.938926353663,139.584179520607,544
SHP0003,35.9392499306647,139.584128558636,545
SHP0003,35.9397428969694,139.583916664124,546
SHP0003,35.9404074242347,139.583683311939,547
SHP0003,35.940807009257,139.583519697189,548
SHP0003,35.9411848777019,139.583331942558,549
SHP0003,35.9412022509638,139.583323895931,550
SHP0003,35.9413542670049,139.583240747452,551
SHP0003,35.9415714327778,139.583125412464,552
SHP0003,35.941666985718,139.583203196526,553
SHP0003,35.9416800156643,139.583213925362,554
SHP0003,35.9424357525543,139.582473635674,555
SHP0003,35.9428830636987,139.582044482231,556
SHP0003,35.9429916343648,139.582251012325,557
SHP0003,35.9431653474306,139.582084715366,558
SHP0003,35.9435800873752,139.581717252731,559
SHP0003,35.9436691153214,139.581642150879,560
SHP0003,35.9438254570806,139.581934511662,561
SHP0003,35.9438384855605,139.581972062588,562
SHP0003,35.9438449998005,139.582009613514,563
SHP0003,35.9438428283872,139.582052528858,564
SHP0003,35.9438319713206,139.582092761993,565
SHP0003,35.9438124286007,139.582127630711,566
SHP0003,35.9437690003342,139.582167863846,567
SHP0003,35.9437364291344,139.5821839571,568
SHP0003,35.9437016865212,139.582186639309,569
SHP0003,35.9435735731352,139.582127630711,570
SHP0003,35.9435258020421,139.58213031292,571
SHP0003,35.9434997450823,139.582141041756,572
SHP0003,35.943147976124,139.582446813583,573
SHP0003,35.9431175763375,139.582513868809,574
SHP0003,35.9431175763375,139.582583606243,575
SHP0003,35.9431675188439,139.582712352276,576
SHP0003,35.9432196327637,139.582835733891,577
SHP0003,35.9433086607099,139.583042263985,578
SHP0003,35.9433955172428,139.583331942558,579
SHP0003,35.9434954022556,139.583669900894,580
SHP0003,35.9437125435878,139.584302902222,581
SHP0003,35.9437842602798,139.584503312329,582
SHP0003,35.9437125435878,139.584302902222,583
SHP0003,35.9434954022556,139.583669900894,584
SHP0003,35.9433955172428,139.583331942558,585
SHP0003,35.9433086607099,139.583042263985,586
SHP0003,35.9432196327637,139.582835733891,587
SHP0003,35.9431675188439,139.582712352276,588
SHP0003,35.9431175763375,139.582583606243,589
SHP0003,35.9431175763375,139.582513868809,590
SHP0003,35.943147976124,139.582446813583,591
SHP0003,35.9434997450823,139.582141041756,592
SHP0003,35.9435258020421,139.58213031292,593
SHP0003,35.9435735731352,139.582127630711,594
SHP0003,35.9437016865212,139.582186639309,595
SHP0003,35.9437364291344,139.5821839571,596
SHP0003,35.9437690003342,139.582167863846,597
SHP0003,35.9438124286007,139.582127630711,598
SHP0003,35.9438319713206,139.582092761993,599
SHP0003,35.9438428283872,139.582052528858,600
SHP0003,35.9438449998005,139.582009613514,601
SHP0003,35.9438384855605,139.581972062588,602
SHP0003,35.9438254570806,139.581934511662,603
SHP0003,35.9436691153214,139.581642150879,604
SHP0003,35.9435800873752,139.581717252731,605
SHP0003,35.9431653474306,139.582084715366,606
SHP0003,35.9429916343648,139.582251012325,607
SHP0003,35.9428830636987,139.582352936268,608
SHP0003,35.9424357525543,139.582784771919,609
SHP0003,35.9418819798332,139.583331942558,610
SHP0003,35.941666985718,139.583546519279,611
SHP0003,35.9410415482918,139.584168791771,612
SHP0003,35.9405442386717,139.584686458111,613
SHP0003,35.940405252577,139.584842026234,614
SHP0003,35.9400990488371,139.585185348988,615
SHP0003,35.9399882942928,139.585306048393,616
SHP0003,35.9399231445609,139.585378468037,617
SHP0003,35.9396820905529,139.585625231266,618
SHP0003,35.9395995675592,139.585713744164,619
SHP0003,35.9396125975056,139.585990011692,620
SHP0003,35.9396039108747,139.586040973663,621
SHP0003,35.939456238149,139.586228728294,622
SHP0003,35.9393172520543,139.58637624979,623
SHP0003,35.9392343232593,139.586475241692,624
SHP0003,35.9389285253207,139.58684027195,625
SHP0003,35.9386614114199,139.587127268314,626
SHP0003,35.938596261688,139.587191641331,627
SHP0003,35.9385072237211,139.587231874466,628
SHP0003,35.9384051558078,139.587261378765,629
SHP0003,35.9381532435112,139.587282836437,630
SHP0003,35.9380316306783,139.58741158247,631
SHP0003,35.9378578980599,139.587593972683,632
SHP0003,35.9378036066167,139.58765566349,633
SHP0003,35.937744971858,139.587720036507,634
SHP0003,35.9374192231985,139.588047266006,635
SHP0003,35.9374061932521,139.588288664818,636
SHP0003,35.9373627600975,139.588476419449,637
SHP0003,35.9372802371038,139.588607847691,638
SHP0003,35.9370174665185,139.588905572891,639
SHP0003,35.9367069194631,139.58920866251,640
SHP0003,35.9364419772201,139.589407145977,641
SHP0003,35.936129258507,139.589627087116,642
SHP0003,35.9356384638601,139.590013325214,643
SHP0003,35.9352757970192,139.590268135071,644
SHP0003,35.9352235120559,139.590303845869,645
SHP0003,35.9348045472918,139.590590000153,646
SHP0003,35.9345504633375,139.590431749821,647
SHP0003,35.934352842484,139.590555131435,648
SHP0003,35.934111788476,139.590691924095,649
SHP0003,35.9339445708308,139.59078848362,650
SHP0003,35.933846846233,139.5908421278,651
SHP0003,35.9336231654868,139.590313732624,652
SHP0003,35.9335406424931,139.590128660202,653
SHP0003,35.9334667978213,139.589967727661,654
SHP0003,35.9334259571821,139.589877662491,655
SHP0003,35.933345171303,139.58969950676,656
SHP0003,35.9333343117924,139.589675366879,657
SHP0003,35.9331279810918,139.589224755764,658
SHP0003,35.9326349593123,139.588176012039,659
SHP0003,35.9325241923045,139.587910473347,660
SHP0003,35.9324698947517,139.587725400925,661
SHP0003,35.9324308005137,139.587534964085,662
SHP0003,35.9324112533947,139.587379395962,663
SHP0003,35.9323917062757,139.587073624134,664
SHP0003,35.932359127744,139.586156308651,665
SHP0003,35.932339580625,139.585571587086,666
SHP0003,35.9323330649186,139.585338234901,667
SHP0003,35.9323048301912,139.58460599184,668
SHP0003,35.9322917987785,139.584396779537,669
SHP0003,35.9322700797574,139.584222435951,670
SHP0003,35.9322375012257,139.584045410156,671
SHP0003,35.9321918912813,139.583881795406,672
SHP0003,35.9321115309032,139.583651125431,673
SHP0003,35.9320181391124,139.583396315575,674
SHP0003,35.9321115309032,139.583331942558,675
SHP0003,35.9321984069877,139.583270251751,676
SHP0003,35.9325871774658,139.582956433296,677
SHP0003,35.9328260866981,139.582765996456,678
SHP0003,35.9329173065869,139.582682847977,679
SHP0003,35.9329954950629,139.582605063915,680
SHP0003,35.9330606521263,139.582521915436,681
SHP0003,35.9331149496791,139.582436084747,682
SHP0003,35.933132324896,139.582409262657,683
SHP0003,35.9333343117924,139.582071304321,684
SHP0003,35.9334277035833,139.581899642944,685
SHP0003,35.9335058920593,139.581752121449,686
SHP0003,35.9335406424931,139.581687748432,687
SHP0003,35.9335992772518,139.581580460072,688
SHP0003,35.933953279602,139.581636786461,689
SHP0003,35.9339621856191,139.581648335673,690
SHP0003,35.933953279602,139.581636786461,691
SHP0003,35.9335992772518,139.581580460072,692
SHP0003,35.9335406424931,139.581687748432,693
SHP0003,35.9335058920593,139.581752121449,694
SHP0003,35.9334277035833,139.581899642944,695
SHP0003,35.9333343117924,139.582071304321,696
SHP0003,35.933132324896,139.582409262657,697
SHP0003,35.9331149496791,139.582436084747,698
SHP0003,35.9330606521263,139.582521915436,699
SHP0003,35.9329954950629,139.582605063915,700
SHP0003,35.9329173065869,139.582682847977,701
SHP0003,35.9328260866981,139.582765996456,702
SHP0003,35.9325871774658,139.582956433296,703
SHP0003,35.9321984069877,139.583270251751,704
SHP0003,35.9319377787342,139.583173692226,705
SHP0003,35.931701041404,139.58256483078,706
SHP0003,35.9315403206476,139.582159817219,707
SHP0003,35.931392631304,139.581701159477,708
SHP0003,35.9313100990237,139.581416845322,709
SHP0003,35.9312796923942,139.581298828125,710
SHP0003,35.9312775204921,139.581296145916,711
SHP0003,35.9311819567991,139.580934047699,712
SHP0003,35.9310798773998,139.580478072166,713
SHP0003,35.9309756260984,139.579960405827,714
SHP0003,35.9309017814266,139.579584896564,715
SHP0003,35.9308324296413,139.579228787108,716
SHP0003,35.9311207105923,139.579151078678,717
SHP0003,35.9313123648869,139.579099416733,718
SHP0003,35.9314443412954,139.5797508052,719
SHP0003,35.9313557089681,139.579847753048,720
SHP0003,35.9312970676111,139.579866528511,721
SHP0003,35.9309756260984,139.579960405827,722
SHP0003,35.9306715598027,139.580054283142,723
SHP0003,35.9303131959542,139.580164253712,724
SHP0003,35.929807142762,139.580317139626,725
SHP0003,35.929652937712,139.580338597298,726
SHP0003,35.9295682335297,139.58033323288,727
SHP0003,35.9294683260325,139.580322504044,728
SHP0003,35.9293271523952,139.580287635326,729
SHP0003,35.9292011820727,139.580236673355,730
SHP0003,35.9290921891008,139.580184201467,731
SHP0003,35.9290078715511,139.580143608932,732
SHP0003,35.9288167553988,139.580051600933,733
SHP0003,35.9285474395369,139.579930901527,734
SHP0003,35.9284692510608,139.579901397228,735
SHP0003,35.9282954988918,139.579853117466,736
SHP0003,35.928202107101,139.579839706421,737
SHP0003,35.9280956838975,139.579837024212,738
SHP0003,35.9277807580912,139.579861164093,739
SHP0003,35.92740936283,139.579887986183,740
SHP0003,35.9270879213174,139.579906761646,741
SHP0003,35.9263125522633,139.579971134663,742
SHP0003,35.9261443562047,139.579982362509,743
SHP0003,35.9259107503725,139.579997956753,744
SHP0003,35.9256197154894,139.580022096634,745
SHP0003,35.9250007233874,139.580065011978,746
SHP0003,35.9248877844776,139.580073058605,747
SHP0003,35.924644531441,139.580089151859,748
SHP0003,35.9244316610869,139.580107927322,749
SHP0003,35.923627966893,139.580166935921,750
SHP0003,35.9234948705848,139.580177471173,751
SHP0003,35.923119684619,139.580207169056,752
SHP0003,35.9229480850479,139.58022326231,753
SHP0003,35.9227873462091,139.580236673355,754
SHP0003,35.9227504197191,139.580225944519,755
SHP0003,35.922726526108,139.580201804638,756
SHP0003,35.9227048046432,139.580164253712,757
SHP0003,35.9226076000926,139.579879182264,758
SHP0003,35.9224962785821,139.579552710056,759
SHP0003,35.9224875899962,139.579466879368,760
SHP0003,35.9225071393145,139.579423964024,761
SHP0003,35.9225397215115,139.579394459724,762
SHP0003,35.9226266073703,139.579354226589,763
SHP0003,35.9226591895674,139.579348862171,764
SHP0003,35.922685255325,139.579362273216,765
SHP0003,35.9227091489362,139.579399824142,766
SHP0003,35.9227395589868,139.579507112503,767
SHP0003,35.9227504197191,139.579807519913,768
SHP0003,35.9227677968909,139.579933583736,769
SHP0003,35.922828616992,139.580115973949,770
SHP0003,35.9228677156285,139.580166935921,771
SHP0003,35.9229480850479,139.58022326231,772
SHP0003,35.923119684619,139.580207169056,773
SHP0003,35.9234948705848,139.580177471173,774
SHP0003,35.923627966893,139.580166935921,775
SHP0003,35.9244316610869,139.580107927322,776
SHP0003,35.924644531441,139.580089151859,777
SHP0003,35.9248877844776,139.580073058605,778
SHP0003,35.9250007233874,139.580065011978,779
SHP0003,35.9256197154894,139.580022096634,780
SHP0003,35.9259107503725,139.579997956753,781
SHP0003,35.9261443562047,139.579982362509,782
SHP0003,35.9263125522633,139.579971134663,783
SHP0003,35.9270879213174,139.579906761646,784
SHP0003,35.9270379675688,139.578906297684,785
SHP0003,35.9270162485477,139.578737318516,786
SHP0003,35.9269901857223,139.578597843647,787
SHP0003,35.9269467476801,139.578420817852,788
SHP0003,35.9266926351329,139.577586650848,789
SHP0003,35.9266644004055,139.57747399807,790
SHP0003,35.9266448532865,139.577358663082,791
SHP0003,35.9266405094822,139.577254056931,792
SHP0003,35.9267013227414,139.576607644558,793
SHP0003,35.9266969789372,139.576376974583,794
SHP0003,35.926675259916,139.576253592968,795
SHP0003,35.9266448532865,139.576132893562,796
SHP0003,35.9265905557336,139.575982689857,797
SHP0003,35.9265145391597,139.575816392899,798
SHP0003,35.926423319271,139.575634002686,799
SHP0003,35.9261083934647,139.574998319149,800
SHP0003,35.9257413420077,139.574239253998,801
SHP0003,35.9256262311958,139.574005901814,802
SHP0003,35.9253286806064,139.573397040367,803
SHP0003,35.9252700392493,139.573262929916,804
SHP0003,35.9252331169134,139.573136866093,805
SHP0003,35.9251679598501,139.572788178921,806
SHP0003,35.9251201780036,139.572616517544,807
SHP0003,35.9250941151782,139.572546780109,808
SHP0003,35.9250007233874,139.57235366106,809
SHP0003,35.9249855200726,139.572316110134,810
SHP0003,35.9249616291494,139.572265148163,811
SHP0003,35.9248977532345,139.572117798608,812
SHP0003,35.9248465183374,139.57199960947,813
SHP0003,35.9248247993163,139.571921825409,814
SHP0003,35.9248074240994,139.57183599472,815
SHP0003,35.9248009083931,139.571731388569,816
SHP0003,35.9248052521973,139.571559727192,817
SHP0003,35.9248595497501,139.570704102516,818
SHP0003,35.9250007233874,139.570685327053,819
SHP0003,35.9251136622973,139.570669233799,820
SHP0003,35.9252818732377,139.57064382754,821
SHP0003,35.9254155566909,139.570623636246,822
SHP0003,35.9256848725528,139.570575356483,823
SHP0003,35.9257109353781,139.570572674274,824
SHP0003,35.9257522015183,139.570816755295,825
SHP0003,35.9259433289042,139.571326375008,826
SHP0003,35.9261800662344,139.571253955364,827
SHP0003,35.9262061290598,139.571245908737,828
SHP0003,35.9264993358449,139.571162760258,829
SHP0003,35.9265796962231,139.571149349213,830
SHP0003,35.9267686517069,139.571135938168,831
SHP0003,35.9269728105054,139.57113057375,832
SHP0003,35.9272768768011,139.571117162704,833
SHP0003,35.9275461926631,139.571111798286,834
SHP0003,35.9279610259665,139.571103751659,835
SHP0003,35.9282629203601,139.571143984795,836
SHP0003,35.9284649072566,139.571192264557,837
SHP0003,35.928493141984,139.571200311184,838
SHP0003,35.9288449901262,139.571286141872,839
SHP0003,35.9289680372862,139.5713248763,840
SHP0003,35.9290220850136,139.571341890165,841
SHP0003,35.9291772911494,139.571390748024,842
SHP0003,35.9293836218501,139.571476578712,843
SHP0003,35.9296247029846,139.571634829044,844
SHP0003,35.9298679560211,139.571844041348,845
SHP0003,35.9300612553091,139.572039842606,846
SHP0003,35.9300808024282,139.572063982487,847
SHP0003,35.9303913844302,139.572375118732,848
SHP0003,35.9305043233401,139.572482407093,849
SHP0003,35.9309930013153,139.572839140892,850
SHP0003,35.9310320955534,139.572868645191,851
SHP0003,35.931333989947,139.57308858633,852
SHP0003,35.93162502483,139.573313891888,853
SHP0003,35.9317727141737,139.57341581583,854
SHP0003,35.9317772320987,139.573418231674,855
SHP0003,35.9318857288686,139.573085904121,856
SHP0003,35.9318857288686,139.573085904121,857
SHP0003,35.9320160382845,139.573155641556,858
SHP0003,35.9319833886786,139.573528468609,859
SHP0003,35.9320485457419,139.573560655117,860
SHP0003,35.9320984994905,139.57357943058,861
SHP0003,35.9323482682334,139.573627710342,862
SHP0003,35.9326371312144,139.573675990105,863
SHP0003,35.933230060491,139.573772549629,864
SHP0003,35.9333343117924,139.573785960674,865
SHP0003,35.9335406424931,139.573818147182,866
SHP0003,35.9336123071982,139.573831558228,867
SHP0003,35.9336883152187,139.573844969273,868
SHP0003,35.9338142713671,139.573869109154,869
SHP0003,35.9342334013089,139.573930799961,870
SHP0003,35.9344809702901,139.573971033096,871
SHP0003,35.9346916210899,139.574003219604,872
SHP0003,35.9349153018361,139.574040770531,873
SHP0003,35.9351715574482,139.574075639248,874
SHP0003,35.9352888269656,139.574086368084,875
SHP0003,35.9355494258932,139.574102461338,876
SHP0003,35.9356688670683,139.574091732502,877
SHP0003,35.9359642125195,139.574024677277,878
SHP0003,35.9361249151915,139.573973715305,879
SHP0003,35.9361618333729,139.573962986469,880
SHP0003,35.936483238717,139.573871791363,881
SHP0003,35.9368545921888,139.573753774166,882
SHP0003,35.9370283248071,139.573726952076,883
SHP0003,35.9374648280108,139.573705494404,884
SHP0003,35.9374279098294,139.573783278465,885
SHP0003,35.9378296665094,139.574196338654,886
SHP0003,35.9379708242619,139.574330449104,887
SHP0003,35.9381076386988,139.574456512928,888
SHP0003,35.9384051558078,139.57477837801,889
SHP0003,35.9384833354861,139.574864208698,890
SHP0003,35.9385788884262,139.574963450432,891
SHP0003,35.9386136349499,139.574998319149,892
SHP0003,35.9386201499231,139.575006365776,893
SHP0003,35.938676613024,139.575092196465,894
SHP0003,35.93870918789,139.575175344944,895
SHP0003,35.9387982258569,139.575330913067,896
SHP0003,35.9387989419072,139.575331818516,897
SHP0003,35.9388894354816,139.575446248055,898
SHP0003,35.9389415552671,139.575489163399,899
SHP0003,35.9389828167639,139.575497210026,900
SHP0003,35.9395170445655,139.575583040714,901
SHP0003,35.9396712322643,139.575625956059,902
SHP0003,35.939834106594,139.575668871403,903
SHP0003,35.9400599589979,139.57570374012,904
SHP0003,35.9400599589979,139.575301408768,905
SHP0003,35.9400599589979,139.575086832047,906
SHP0003,35.940075160602,139.574998319149,907
SHP0003,35.9400881905484,139.574966132641,908
SHP0003,35.9400968771793,139.574928581715,909
SHP0003,35.9401663702267,139.574756920338,910
SHP0003,35.9401750568576,139.574714004993,911
SHP0003,35.9401859151462,139.574625492096,912
SHP0003,35.9401859151462,139.57453161478,913
SHP0003,35.9401685418844,139.574075639248,914
SHP0003,35.9401837434885,139.573785960674,915
SHP0003,35.94026843814,139.573448002338,916
SHP0003,35.9403053563214,139.573311209679,917
SHP0003,35.9403096996368,139.573249518871,918
SHP0003,35.9402182838774,139.573011076322,919
SHP0003,35.9399796076619,139.572388529778,920
SHP0003,35.9398145616745,139.571932554245,921
SHP0003,35.9392434156915,139.572031795979,922
SHP0003,35.9391630643555,139.572045207024,923
SHP0003,35.938813427461,139.572112262249,924
SHP0003,35.9387613076755,139.572122991085,925
SHP0003,35.9384290440428,139.57219004631,926
SHP0003,35.9383660659687,139.572206139565,927
SHP0003,35.9382965729213,139.572235643864,928
SHP0003,35.9381228403029,139.572367072105,929
SHP0003,35.9380424889669,139.572455585003,930
SHP0003,35.9380012274701,139.572114944458,931
SHP0003,35.9376600050985,139.572210048828,932
SHP0003,35.9376109896827,139.572223710243,933
SHP0003,35.9375104328231,139.572251737118,934
SHP0003,35.937414879883,139.572281241417,935
SHP0003,35.9371911991369,139.572348296642,936
SHP0003,35.9367047478054,139.572522640228,937
SHP0003,35.9365701050261,139.572562873363,938
SHP0003,35.9362182964739,139.572646021843,939
SHP0003,35.9359381526268,139.572705030441,940
SHP0003,35.9357861365857,139.57273453474,941
SHP0003,35.9356449788333,139.572747945786,942
SHP0003,35.935462559584,139.572745263577,943
SHP0003,35.9352041323141,139.572715759277,944
SHP0003,35.9349522200175,139.572683572769,945
SHP0003,35.9346894494322,139.572632610798,946
SHP0003,35.9343767307191,139.572536051273,947
SHP0003,35.9342225430203,139.572468996048,948
SHP0003,35.9342420879398,139.572257101536,949
SHP0003,35.9342268863357,139.572192728519,950
SHP0003,35.9341769382079,139.571951329708,951
SHP0003,35.9341463239705,139.571801519319,952
SHP0003,35.9340953728673,139.57155219073,953
SHP0003,35.9340053772473,139.571111798286,954
SHP0003,35.9339923473009,139.571034014225,955
SHP0003,35.9338881077299,139.570779204369,956
SHP0003,35.9337773531856,139.570494890213,957
SHP0003,35.9337208900847,139.5703125,958
SHP0003,35.9337013451651,139.570256173611,959
SHP0003,35.9335775606745,139.569888710976,960
SHP0003,35.9335406424931,139.569773375988,961
SHP0003,35.9334559383107,139.569513201714,962
SHP0003,35.9333343117924,139.569159150124,963
SHP0003,35.9333191084776,139.569110870361,964
SHP0003,35.9332365761974,139.568821191788,965
SHP0003,35.9332278885889,139.568764865398,966
SHP0003,35.9332126852741,139.568687081337,967
SHP0003,35.9331887943509,139.568410813808,968
SHP0003,35.9331540439171,139.567826092243,969
SHP0003,35.9331214653854,139.567767083645,970
SHP0003,35.9328564933277,139.567512273788,971
SHP0003,35.9327978519707,139.567445218563,972
SHP0003,35.9327413825158,139.567354023457,973
SHP0003,35.9326805692566,139.567225277424,974
SHP0003,35.9324677228496,139.56666469574,975
SHP0003,35.9323048301912,139.566238224506,976
SHP0003,35.932224469813,139.566061198711,977
SHP0003,35.9318465588455,139.565460383892,978
SHP0003,35.9310168922386,139.564183652401,979
SHP0003,35.9309104690351,139.564009308815,980
SHP0003,35.9304409189178,139.564228458868,981
SHP0003,35.9302610703035,139.564312398434,982
SHP0003,35.9300026139521,139.564443826675,983
SHP0003,35.929807142762,139.564572572708,984
SHP0003,35.9297419856986,139.56462085247,985
SHP0003,35.9296073277677,139.564695954323,986
SHP0003,35.9294770136409,139.564744234085,987
SHP0003,35.9292098696811,139.564808607101,988
SHP0003,35.9290252580016,139.564846158028,989
SHP0003,35.9289883356657,139.564848840237,990
SHP0003,35.9288884281685,139.564835429192,991
SHP0003,35.9288341306157,139.564808607101,992
SHP0003,35.9285843618728,139.56467717886,993
SHP0003,35.9282390294369,139.56448674202,994
SHP0003,35.9281021996038,139.564417004585,995
SHP0003,35.9280144377306,139.56437971176,996
SHP0003,35.9279002127074,139.564331173897,997
SHP0003,35.9276547877687,139.564242660999,998
SHP0003,35.9275179579356,139.564194381237,999
SHP0003,35.9273811281025,139.564135372639,1000
SHP0003,35.9272855644096,139.564079046249,1001
SHP0003,35.9272073759335,139.564020037651,1002
SHP0003,35.9271118122406,139.563904702663,1003
SHP0003,35.9270640303941,139.563821554184,1004
SHP0003,35.9267295574688,139.56315100193,1005
SHP0003,35.9266535408949,139.563011527061,1006
SHP0003,35.9262560828083,139.562429487705,1007
SHP0003,35.9260410644992,139.562129080296,1008
SHP0003,35.9259042346661,139.561968147755,1009
SHP0003,35.9258325618964,139.561917185783,1010
SHP0003,35.9256783568465,139.561860859394,1011
SHP0003,35.9252722111515,139.561850130558,1012
SHP0003,35.9251245218078,139.561850130558,1013
SHP0003,35.9250007233874,139.561852812767,1014
SHP0003,35.9249247068135,139.561847448349,1015
SHP0003,35.9247205480149,139.561804533005,1016
SHP0003,35.924644531441,139.561772346497,1017
SHP0003,35.9245619898751,139.561742842197,1018
SHP0003,35.9240102646717,139.561488032341,1019
SHP0003,35.9239233788129,139.561560451984,1020
SHP0003,35.9238060829036,139.561651647091,1021
SHP0003,35.9236844427012,139.56176429987,1022
SHP0003,35.9234541951754,139.561986923218,1023
SHP0003,35.9230545202249,139.562434852123,1024
SHP0003,35.9225014030574,139.561532316522,1025
SHP0003,35.9222953483337,139.561196091695,1026
SHP0003,35.9225680489532,139.56094622612,1027
SHP0003,35.9226424282668,139.561086085421,1028
SHP0003,35.922759191879,139.561305642128,1029
SHP0003,35.9225014030574,139.561532316522,1030
SHP0003,35.9230545202249,139.562434852123,1031
SHP0003,35.9227210231461,139.562877775287,1032
SHP0003,35.9225657872692,139.563083946705,1033
SHP0003,35.9225505822439,139.563102722168,1034
SHP0003,35.9223007853998,139.563413858414,1035
SHP0003,35.9222725474957,139.563448727131,1036
SHP0003,35.922107464364,139.563676714897,1037
SHP0003,35.9218967661564,139.563971757889,1038
SHP0003,35.9216882400953,139.564272165298,1039
SHP0003,35.9216252478476,139.564344584942,1040
SHP0003,35.9215600834535,139.56440359354,1041
SHP0003,35.9214601647159,139.564470648766,1042
SHP0003,35.921308114463,139.564551115036,1043
SHP0003,35.9211886464072,139.564607441425,1044
SHP0003,35.9208345865325,139.564800560474,1045
SHP0003,35.9207455285273,139.564854204655,1046
SHP0003,35.9203501978697,139.565095603466,1047
SHP0003,35.9203154435262,139.565114378929,1048
SHP0003,35.9200330644851,139.565296769142,1049
SHP0003,35.9197658904693,139.565481841564,1050
SHP0003,35.9196492932653,139.565572903631,1051
SHP0003,35.9195314411719,139.565664945763,1052
SHP0003,35.9195117493323,139.565680325031,1053
SHP0003,35.9190903529171,139.56603705883,1054
SHP0003,35.9190686314524,139.566055834293,1055
SHP0003,35.9189448191036,139.565843939781,1056
SHP0003,35.9188427282195,139.565685689449,1057
SHP0003,35.9187471537748,139.565546214581,1058
SHP0003,35.9186993665525,139.565476477146,1059
SHP0003,35.9182801422838,139.564966857433,1060
SHP0003,35.9179043609445,139.564518928528,1061
SHP0003,35.9177566549845,139.56432312727,1062
SHP0003,35.9176415312216,139.564481377602,1063
SHP0003,35.9176306704892,139.564518928528,1064
SHP0003,35.9176284983428,139.564626216888,1065
SHP0003,35.917611121171,139.564706683159,1066
SHP0003,35.9175300146481,139.564812200364,1067
SHP0003,35.9174894809687,139.564864933491,1068
SHP0003,35.917467759504,139.564875662327,1069
SHP0003,35.9174482101857,139.564870297909,1070
SHP0003,35.9174134558422,139.564827382565,1071
SHP0003,35.917320053544,139.564709365368,1072
SHP0003,35.9173135371046,139.564682543278,1073
SHP0003,35.9173222256905,139.564653038979,1074
SHP0003,35.9174482101857,139.564454555511,1075
SHP0003,35.9174786202363,139.564414322376,1076
SHP0003,35.9175133745798,139.564408957958,1077
SHP0003,35.9175676782416,139.564382135868,1078
SHP0003,35.9176914905904,139.564248025417,1079
SHP0003,35.9175198910193,139.564113914967,1080
SHP0003,35.9172309955387,139.563853740692,1081
SHP0003,35.9169486164976,139.563590884209,1082
SHP0003,35.916668409603,139.563303887844,1083
SHP0003,35.9166445159918,139.563247561455,1084
SHP0003,35.9166401716989,139.563212692738,1085
SHP0003,35.9166423438454,139.563169777393,1086
SHP0003,35.916668409603,139.563081264496,1087
SHP0003,35.9166901310677,139.563019573689,1088
SHP0003,35.91673791829,139.562928378582,1089
SHP0003,35.9169529607906,139.562595784664,1090
SHP0003,35.9172157905135,139.562180042267,1091
SHP0003,35.9176176376104,139.561525583267,1092
SHP0003,35.9178913280656,139.561120569706,1093
SHP0003,35.9181802235462,139.560718238354,1094
SHP0003,35.9183242240599,139.56049469993,1095
SHP0003,35.9185603491784,139.56012815237,1096
SHP0003,35.9185842427896,139.560114741325,1097
SHP0003,35.9188992040277,139.560012817383,1098
SHP0003,35.9189926063259,139.560010135174,1099
SHP0003,35.9190317049624,139.559999406338,1100
SHP0003,35.919099041503,139.559964537621,1101
SHP0003,35.9191859273618,139.559881389141,1102
SHP0003,35.91942703562,139.559532701969,1103
SHP0003,35.9195551922617,139.559350311756,1104
SHP0003,35.9195725694334,139.559326171875,1105
SHP0003,35.9197528575905,139.559055268764,1106
SHP0003,35.9199092521363,139.558827280998,1107
SHP0003,35.9199961379951,139.558693170547,1108
SHP0003,35.9200178594598,139.558644890785,1109
SHP0003,35.9200678188286,139.558395445347,1110
SHP0003,35.9200765074145,139.55833107233,1111
SHP0003,35.9200938953056,139.558188827561,1112
SHP0003,35.920111261758,139.558046758175,1113
SHP0003,35.9201285034271,139.557927782685,1114
SHP0003,35.920148188248,139.557791948318,1115
SHP0003,35.9201894590309,139.557588100433,1116
SHP0003,35.9202633120109,139.55740571022,1117
SHP0003,35.9206477819361,139.556960463524,1118
SHP0003,35.9206825362796,139.557091891766,1119
SHP0003,35.9206955691585,139.557185769081,1120
SHP0003,35.9207607335526,139.557885825634,1121
SHP0003,35.920762905699,139.557926058769,1122
SHP0003,35.920799832189,139.55833107233,1123
SHP0003,35.9208193815073,139.558500051498,1124
SHP0003,35.9208302422396,139.558591246605,1125
SHP0003,35.9208606522902,139.558728039265,1126
SHP0003,35.9209062673661,139.558864831924,1127
SHP0003,35.9209583988813,139.558977484703,1128
SHP0003,35.9210496290331,139.559146463871,1129
SHP0003,35.9211625806495,139.559326171875,1130
SHP0003,35.9214036889077,139.5597204566,1131
SHP0003,35.9218055360046,139.559350311756,1132
SHP0003,35.9218337739088,139.559326171875,1133
SHP0003,35.9222328449046,139.558963156772,1134
SHP0003,35.9224854178498,139.558733403683,1135
SHP0003,35.9229155028508,139.55833107233,1136
SHP0003,35.9231044795937,139.558151364326,1137
SHP0003,35.9232565298466,139.558011889458,1138
SHP0003,35.9237300577771,139.557574689388,1139
SHP0003,35.92402981399,139.557301104069,1140
SHP0003,35.9244294889405,139.556933641434,1141
SHP0003,35.9245963390775,139.556783801566,1142
SHP0003,35.924644531441,139.556740522385,1143
SHP0003,35.9248334869248,139.556571543217,1144
SHP0003,35.9250007233874,139.556415975094,1145
SHP0003,35.925417728593,139.556029736996,1146
SHP0003,35.9255893088599,139.555868804455,1147
SHP0003,35.9258455933091,139.555630087852,1148
SHP0003,35.9260019702612,139.555482566357,1149
SHP0003,35.9264081159562,139.555109739304,1150
SHP0003,35.9265145391597,139.555034637451,1151
SHP0003,35.9267230417625,139.554943442345,1152
SHP0003,35.9270075609392,139.554822742939,1153
SHP0003,35.9271096403385,139.555251896381,1154
SHP0003,35.9272442982695,139.555887579918,1155
SHP0003,35.9272985958223,139.55604583025,1156
SHP0003,35.9276533883445,139.557110848256,1157
SHP0003,35.927737320049,139.557362794876,1158
SHP0003,35.92782621761,139.557614455418,1159
SHP0003,35.9278784936863,139.557762444019,1160
SHP0003,35.9279653697707,139.55770611763,1161
SHP0003,35.9284127816059,139.557392299175,1162
SHP0003,35.9286321437192,139.557255506516,1163
SHP0003,35.9288254430072,139.557113349438,1164
SHP0003,35.9294988416406,139.556668139064,1165
SHP0003,35.9296855162437,139.556544721127,1166
SHP0003,35.9299461444972,139.556405246258,1167
SHP0003,35.9299722073225,139.556391835213,1168
SHP0003,35.9301090371556,139.556322097778,1169
SHP0003,35.9305586208929,139.55601900816,1170
SHP0003,35.9308279367548,139.555836617947,1171
SHP0003,35.930986485609,139.555726647377,1172
SHP0003,35.9313405056533,139.55539137125,1173
SHP0003,35.9314186941294,139.555332362652,1174
SHP0003,35.9312393271825,139.554421707392,1175
SHP0003,35.9311254873442,139.553843736649,1176
SHP0003,35.9311558939738,139.553835690022,1177
SHP0003,35.931238426254,139.55381155014,1178
SHP0003,35.9321115309032,139.553551375866,1179
SHP0003,35.9321918912813,139.553808867931,1180
SHP0003,35.9323091373897,139.554143273307,1181
