Ziݒnj,,,X֔ԍ,sdk,e`w,ܓx,ox
Ya挳128-17,܎sYawZ,wZ,330-0073,048-886-2151,048-883-2029,35.8714597,139.6573108
65-31,܎sYa썂wZ,wZ,336-0026,048-862-2568,048-838-2932,35.8325269,139.6572125
kޗǒ91-1,܎s{kwZ,wZ,331-0822,048-663-2912,048-653-7922,35.9458794,139.6002306
{O496,܎s{wZ,wZ,330-0856,048-624-4000,048-622-5700,35.8964067,139.59862
