No.,{ݓ̖,Z,ܓx,ox,T[rXJn
1,},ʌ܎sYa擌11-1,35.858694,139.659134,2018/9/4
2,Ya},ʌ܎s΋撆1440-8,35.871745,139.685786,2018/9/4
3,^},ʌ܎s扺5-11-11,35.885236,139.627124,2018/9/4
4,},ʌ܎s擹4-3-1,35.856053,139.610229,2018/9/4
5,Ya},ʌ܎sʏ7-20-1,35.845312,139.645361,2018/9/4
6,kYa},ʌ܎sYakYa1-4-2,35.87483,139.646351,2018/9/4
7,{},ʌ܎sk2-499-1,35.919737,139.610358,2018/9/4
8,t},ʌ܎st2-12-1,35.959106,139.660822,2018/9/4
9,ΐ},ʌ܎s΋{4-2-25,35.949161,139.697613,2018/9/4
10,Ya},ʌ܎s捪1-7-1,35.843489,139.663561,2018/9/4
11,},ʌ܎s厚J1210,35.921041,139.674347,2018/9/4
12,{},ʌ܎skg쒬2-195-1,35.958573,139.600761,2018/9/4
13,n{},ʌ܎s厚Vn533-1,35.905091,139.572728,2018/9/4
14,ؐ},ʌ܎s{ؒ1-10-18,35.90542,139.618766,2018/9/4
15,Ήw},ʌ܎s΋{3-1-1,35.950458,139.693877,2018/9/4
16,Γ},ʌ܎s΋擌6-6,35.96204,139.716358,2018/9/4
17,Ж},ʌ܎sJ3-147-1,35.909901,139.684055,2018/9/4
18,{}َO,ʌ܎sO6-642-4,35.917656,139.59196,2018/9/4
19,^}ِ,ʌ܎su2-6-28,35.882189,139.61492,2018/9/4
20,}ّvۓ,ʌ܎s厚vۗ̉131-6,35.86956,139.608243,2018/9/4
21,k},ʌ܎sk{1-852-1,35.93151,139.620229,2018/9/4
22,{wwOĂȂXy[XiOMeXj,ʌ܎s{咬1-74,35.905853,139.625435,2018/9/4
23,{~͔p,ʌ܎skyC2-24-3,35.928828,139.633129,2018/9/4
24,vUm[X,ʌ܎sk{1-852-1,35.93151,139.620229,2018/9/4
25,{wēiyfXgAfbL2Kʁj,ʌ܎s{ђ601,35.906139,139.624965,2018/9/4
26,{wēiyfXgAfbL2Kj,ʌ܎s{ђ601,35.906139,139.624965,2018/9/4
27,{wē,ʌ܎s{咬1-92,35.9071,139.625129,2018/9/4
28,yCwē,ʌ܎skyC2-11,35.931536,139.63227,2018/9/4
29,{wOē,ʌ܎s{\1-172-1,35.92352,139.632145,2018/9/4
30,{},ʌ܎sx蒬48-1,35.93485,139.657047,2019/3/20
31,{AgZ^[,ʌ܎s{咬1-6-1,35.907286,139.625384,2019/3/28
32,^},ʌ܎s6-28-16,35.866864,139.633926,2019/4/1
33,{},ʌ܎s{g~1-124-1,35.901783,139.630635,2019/5/7
34,܎sa@,ʌ܎s΋厚O2460,35.891031,139.678839,2020/1/6
35,ΐl`,ʌ܎s΋{6-1-1,35.950866,139.699946,2020/2/22
36,ɂ킢𗬊ق,ʌ܎s΋{6-1-2,35.951033,139.69911,2020/2/22
37,F,ʌ܎s{ђ682-2,35.908119,139.621641,2020/6/1
38,ܐVsSoX^[~i,ʌ܎s{kܒ1-603-1,35.893383,139.637527,2020/6/1
39,ܐVsSwOēiRʘHj,ʌ܎s㗎2,35.894044,139.633436,2020/8/21
40,ܐVsSwOēi₫Ђ΁j,ʌ܎sVsS10,35.89327,139.6317,2020/8/21
41,܎scc,ʌ܎sYa6-4-4,35.862041,139.64573,2021/6/3
