ŒöÝÁ‰Îð,,
2023”N5ŒŽ31“úŽž“_,,
“ú–{‘ª’nŒn@10i•\‹L,,
ŠÇŠŠ,–kˆÜ,“ŒŒo
¼‹æ,35.87070833,139.5714333
¼‹æ,35.87081389,139.5660667
¼‹æ,35.87131944,139.5683806
¼‹æ,35.87239722,139.5641917
¼‹æ,35.87249167,139.5657861
¼‹æ,35.87308889,139.5682306
¼‹æ,35.87354444,139.5712528
¼‹æ,35.87401944,139.5651556
¼‹æ,35.87679444,139.5642861
¼‹æ,35.87738611,139.6021889
¼‹æ,35.87801944,139.6034667
¼‹æ,35.87836111,139.6022
¼‹æ,35.87866944,139.6046056
¼‹æ,35.87888333,139.5635556
¼‹æ,35.87900556,139.5623083
¼‹æ,35.87921111,139.6036917
¼‹æ,35.87926389,139.5598917
¼‹æ,35.87931944,139.5608722
¼‹æ,35.87933611,139.5950639
¼‹æ,35.87940278,139.6008833
¼‹æ,35.87940556,139.602525
¼‹æ,35.87945,139.5583528
¼‹æ,35.87948611,139.5985556
¼‹æ,35.87977778,139.5971389
¼‹æ,35.87978972,139.5963961
¼‹æ,35.88005278,139.5643944
¼‹æ,35.88011667,139.5562361
¼‹æ,35.88014444,139.5607167
¼‹æ,35.88018333,139.6029222
¼‹æ,35.880225,139.6039556
¼‹æ,35.88043333,139.602375
¼‹æ,35.88064167,139.5974694
¼‹æ,35.88066111,139.5565556
¼‹æ,35.88067222,139.5995528
¼‹æ,35.88067917,139.5624622
¼‹æ,35.88084444,139.5552
¼‹æ,35.88097222,139.5943056
¼‹æ,35.88098056,139.5599333
¼‹æ,35.88103333,139.5967639
¼‹æ,35.88120833,139.5984083
¼‹æ,35.88133333,139.5953944
¼‹æ,35.88149444,139.6038778
¼‹æ,35.88156944,139.5986167
¼‹æ,35.88157222,139.5997083
¼‹æ,35.88161667,139.5575722
¼‹æ,35.88165833,139.5631889
¼‹æ,35.88169167,139.6023361
¼‹æ,35.88173056,139.6009167
¼‹æ,35.88183056,139.5963528
¼‹æ,35.88195833,139.5586333
¼‹æ,35.88199444,139.5930667
¼‹æ,35.88215833,139.5945583
¼‹æ,35.88225833,139.5540167
¼‹æ,35.88242222,139.5641556
¼‹æ,35.88253056,139.5608861
¼‹æ,35.88260833,139.6040917
¼‹æ,35.88271667,139.5554
¼‹æ,35.88280278,139.6002806
¼‹æ,35.88288333,139.5992417
¼‹æ,35.88289444,139.595175
¼‹æ,35.882925,139.5888944
¼‹æ,35.88298611,139.5965333
¼‹æ,35.88302222,139.5927333
¼‹æ,35.88310556,139.5587778
¼‹æ,35.88316111,139.5631917
¼‹æ,35.88325,139.559775
¼‹æ,35.88336667,139.5938389
¼‹æ,35.88343611,139.555275
¼‹æ,35.88344444,139.59565
¼‹æ,35.88354722,139.5919917
¼‹æ,35.88357778,139.6038333
¼‹æ,35.88376389,139.5574
¼‹æ,35.88384722,139.59935
¼‹æ,35.88384722,139.5896389
¼‹æ,35.88396944,139.5629861
¼‹æ,35.88410278,139.5617528
¼‹æ,35.88414722,139.5555306
¼‹æ,35.88431389,139.60485
¼‹æ,35.88438333,139.5888028
¼‹æ,35.88466389,139.6029417
¼‹æ,35.88467778,139.5919494
¼‹æ,35.8847,139.5937889
¼‹æ,35.88471389,139.5908
¼‹æ,35.88475278,139.5996194
¼‹æ,35.88476389,139.6041444
¼‹æ,35.88477222,139.597825
¼‹æ,35.88499444,139.5955444
¼‹æ,35.88502778,139.6055583
¼‹æ,35.88525278,139.5840444
¼‹æ,35.88525556,139.5888306
¼‹æ,35.88531667,139.6045139
¼‹æ,35.88534722,139.603425
¼‹æ,35.88535833,139.5833372
¼‹æ,35.8855,139.5827167
¼‹æ,35.88559167,139.5995917
¼‹æ,35.88578333,139.5821472
¼‹æ,35.88587361,139.5897861
¼‹æ,35.88609167,139.5846139
¼‹æ,35.88611111,139.5846472
¼‹æ,35.88615,139.5982667
¼‹æ,35.8861625,139.5827694
¼‹æ,35.88646389,139.586375
¼‹æ,35.88647222,139.5619583
¼‹æ,35.88647222,139.5822444
¼‹æ,35.88649444,139.583975
¼‹æ,35.88650278,139.6014833
¼‹æ,35.8866625,139.5831883
¼‹æ,35.88674444,139.5883389
¼‹æ,35.88682222,139.5990083
¼‹æ,35.886855,139.5816258
¼‹æ,35.88699167,139.5951972
¼‹æ,35.88700833,139.5870111
¼‹æ,35.88705278,139.5857917
¼‹æ,35.88731944,139.5818111
¼‹æ,35.88732778,139.5924889
¼‹æ,35.88743333,139.582875
¼‹æ,35.88747222,139.5980528
¼‹æ,35.88753611,139.5992278
¼‹æ,35.88755833,139.5910556
¼‹æ,35.88763333,139.6007194
¼‹æ,35.88765833,139.5874589
¼‹æ,35.88784167,139.5811389
¼‹æ,35.88802222,139.5956028
¼‹æ,35.88812222,139.5968
¼‹æ,35.88821111,139.5897111
¼‹æ,35.88821389,139.5907444
¼‹æ,35.88823056,139.5855528
¼‹æ,35.88836111,139.5841194
¼‹æ,35.88840833,139.5812917
¼‹æ,35.88841944,139.5823889
¼‹æ,35.88849167,139.59325
¼‹æ,35.8885,139.5877528
¼‹æ,35.88855833,139.5867722
¼‹æ,35.88880556,139.5898056
¼‹æ,35.88885556,139.5939972
¼‹æ,35.88891389,139.5806194
¼‹æ,35.88905278,139.5918306
¼‹æ,35.88912222,139.5832722
¼‹æ,35.889175,139.5926694
¼‹æ,35.88919444,139.5963556
¼‹æ,35.88922222,139.5886167
¼‹æ,35.88925833,139.6001917
¼‹æ,35.88933056,139.586125
¼‹æ,35.88942778,139.5808
¼‹æ,35.88946389,139.5818722
¼‹æ,35.88956389,139.5979889
¼‹æ,35.88963333,139.5915861
¼‹æ,35.88989722,139.5609889
¼‹æ,35.88992222,139.5615444
¼‹æ,35.89001111,139.581975
¼‹æ,35.89005,139.5849444
¼‹æ,35.89013056,139.5905917
¼‹æ,35.89015,139.5991889
¼‹æ,35.89015556,139.5867417
¼‹æ,35.89030278,139.5961056
¼‹æ,35.89031111,139.59355
¼‹æ,35.890325,139.5880639
¼‹æ,35.89039028,139.5858994
¼‹æ,35.890425,139.5892667
¼‹æ,35.89056389,139.5835722
¼‹æ,35.89072222,139.5599972
¼‹æ,35.89075,139.5953278
¼‹æ,35.89079444,139.5604444
¼‹æ,35.89087222,139.582275
¼‹æ,35.89108333,139.5803833
¼‹æ,35.8911,139.5973472
¼‹æ,35.89110833,139.5867222
¼‹æ,35.89125556,139.5849
¼‹æ,35.891375,139.5886806
¼‹æ,35.89151389,139.5857806
¼‹æ,35.89166389,139.5979917
¼‹æ,35.89171111,139.5961806
¼‹æ,35.89172222,139.583975
¼‹æ,35.89173056,139.5827639
¼‹æ,35.89177222,139.5945556
¼‹æ,35.89201111,139.5909528
¼‹æ,35.89204167,139.5869889
¼‹æ,35.89205833,139.5936917
¼‹æ,35.89209722,139.5598861
¼‹æ,35.89216389,139.5888417
¼‹æ,35.89220833,139.5846444
¼‹æ,35.89231667,139.5974167
¼‹æ,35.89245278,139.5828306
¼‹æ,35.89259444,139.5902722
¼‹æ,35.89260556,139.5926944
¼‹æ,35.89260833,139.5856694
¼‹æ,35.89261389,139.5833194
¼‹æ,35.89261667,139.5809306
¼‹æ,35.89278056,139.5801944
¼‹æ,35.89278333,139.5793167
¼‹æ,35.89293611,139.5870722
¼‹æ,35.89297222,139.5962667
¼‹æ,35.893,139.5915544
¼‹æ,35.893,139.5574333
¼‹æ,35.8931,139.5823306
¼‹æ,35.89319167,139.5936
¼‹æ,35.89328056,139.5951556
¼‹æ,35.89336389,139.5844
¼‹æ,35.89358056,139.5788028
¼‹æ,35.89364722,139.5996222
¼‹æ,35.89380556,139.5929111
¼‹æ,35.89381667,139.5915556
¼‹æ,35.89383056,139.5902722
¼‹æ,35.89390833,139.5810583
¼‹æ,35.893925,139.5893056
¼‹æ,35.89393611,139.5855667
¼‹æ,35.89393611,139.5878
¼‹æ,35.89397639,139.5866656
¼‹æ,35.894125,139.5820278
¼‹æ,35.89419444,139.5793222
¼‹æ,35.89421389,139.5957583
¼‹æ,35.89429444,139.5831694
¼‹æ,35.8943375,139.5586328
¼‹æ,35.89435278,139.5939194
¼‹æ,35.89436389,139.5848978
¼‹æ,35.89460556,139.5907944
¼‹æ,35.89462222,139.5922417
¼‹æ,35.894725,139.5874278
¼‹æ,35.89493611,139.5975333
¼‹æ,35.89494722,139.5950583
¼‹æ,35.89498611,139.5817528
¼‹æ,35.89507778,139.5961556
¼‹æ,35.89527222,139.5884917
¼‹æ,35.89551944,139.5808444
¼‹æ,35.89558333,139.5958972
¼‹æ,35.89561667,139.5983389
¼‹æ,35.89561944,139.5974917
¼‹æ,35.89587222,139.5947333
¼‹æ,35.89602778,139.5779833
¼‹æ,35.89608889,139.5934361
¼‹æ,35.89609722,139.579225
¼‹æ,35.89617778,139.5920111
¼‹æ,35.896275,139.5903722
¼‹æ,35.89643333,139.5797
¼‹æ,35.89643611,139.5894806
¼‹æ,35.89644444,139.5975917
¼‹æ,35.89652222,139.5878694
¼‹æ,35.89658333,139.586375
¼‹æ,35.89663333,139.5808472
¼‹æ,35.89671111,139.5990222
¼‹æ,35.89705278,139.5900694
¼‹æ,35.89706111,139.5775083
¼‹æ,35.89708889,139.5966417
¼‹æ,35.89709722,139.5956139
¼‹æ,35.8971,139.5849167
¼‹æ,35.89713333,139.5935417
¼‹æ,35.89723889,139.5885167
¼‹æ,35.89730556,139.5983417
¼‹æ,35.89731667,139.5788083
¼‹æ,35.89745833,139.5999667
¼‹æ,35.89756667,139.5871972
¼‹æ,35.89758056,139.5838528
¼‹æ,35.897775,139.5944306
¼‹æ,35.89780556,139.5825167
¼‹æ,35.89799167,139.5907333
¼‹æ,35.89802222,139.5921194
¼‹æ,35.89802222,139.5991972
¼‹æ,35.89806944,139.5870417
¼‹æ,35.89809167,139.5780222
¼‹æ,35.89816111,139.5853583
¼‹æ,35.89818056,139.5893139
¼‹æ,35.89824722,139.5792778
¼‹æ,35.89831944,139.5932722
¼‹æ,35.89853611,139.5816139
¼‹æ,35.89864722,139.5900167
¼‹æ,35.89865,139.5841861
¼‹æ,35.89875556,139.5985944
¼‹æ,35.89876944,139.5942111
¼‹æ,35.898775,139.5917833
¼‹æ,35.89877778,139.58805
¼‹æ,35.89894167,139.5860194
¼‹æ,35.89894722,139.5823667
¼‹æ,35.89895,139.5772
¼‹æ,35.89900833,139.5893861
¼‹æ,35.89903611,139.5831528
¼‹æ,35.89913889,139.586925
¼‹æ,35.89926389,139.5847194
¼‹æ,35.89943333,139.5900667
¼‹æ,35.89966389,139.5866917
¼‹æ,35.89971111,139.5825306
¼‹æ,35.89978611,139.5885417
¼‹æ,35.8998,139.5979639
¼‹æ,35.89983889,139.5762861
¼‹æ,35.89986667,139.5796167
¼‹æ,35.89995806,139.5896564
¼‹æ,35.89996389,139.5835389
¼‹æ,35.90001667,139.5812083
¼‹æ,35.90002917,139.5909606
¼‹æ,35.90004722,139.5925444
¼‹æ,35.90016667,139.5900528
¼‹æ,35.90024444,139.5964556
¼‹æ,35.90033611,139.5740556
¼‹æ,35.90042778,139.5816333
¼‹æ,35.90042778,139.5874667
¼‹æ,35.9005,139.5865722
¼‹æ,35.90057222,139.5753667
¼‹æ,35.90060556,139.5818556
¼‹æ,35.900725,139.58505
¼‹æ,35.90076111,139.5971667
¼‹æ,35.90078333,139.5981944
¼‹æ,35.90080278,139.5916333
¼‹æ,35.90083889,139.5806806
¼‹æ,35.90084444,139.58065
¼‹æ,35.90093889,139.5930028
¼‹æ,35.90095278,139.5837889
¼‹æ,35.90102222,139.5879972
¼‹æ,35.90105278,139.5900528
¼‹æ,35.90113889,139.5860167
¼‹æ,35.90118889,139.57965
¼‹æ,35.90120556,139.5893417
¼‹æ,35.90121111,139.5818778
¼‹æ,35.90121667,139.5779528
¼‹æ,35.90122222,139.5819056
¼‹æ,35.90126389,139.5737778
¼‹æ,35.90128056,139.5717433
¼‹æ,35.90128611,139.5852667
¼‹æ,35.90135278,139.5918172
¼‹æ,35.901375,139.58055
¼‹æ,35.90144722,139.5760528
¼‹æ,35.90164722,139.5870639
¼‹æ,35.90165833,139.5927444
¼‹æ,35.90166111,139.584125
¼‹æ,35.90169167,139.599175
¼‹æ,35.90173333,139.5966222
¼‹æ,35.90174722,139.5767917
¼‹æ,35.90175278,139.5980306
¼‹æ,35.90182222,139.5909694
¼‹æ,35.90188611,139.5884583
¼‹æ,35.90189167,139.5861056
¼‹æ,35.90194167,139.5848917
¼‹æ,35.90196528,139.5916333
¼‹æ,35.90196944,139.5830111
¼‹æ,35.90201944,139.5808722
¼‹æ,35.90204722,139.5954417
¼‹æ,35.90206389,139.5819528
¼‹æ,35.90206667,139.5790417
¼‹æ,35.90207222,139.5838722
¼‹æ,35.90219167,139.5734889
¼‹æ,35.90223056,139.5702694
¼‹æ,35.90245556,139.5993417
¼‹æ,35.90251667,139.5802417
¼‹æ,35.90258889,139.5892639
¼‹æ,35.90269722,139.5918222
¼‹æ,35.90270556,139.5913056
¼‹æ,35.90271667,139.5827528
¼‹æ,35.90273333,139.5978583
¼‹æ,35.90279167,139.5879028
¼‹æ,35.90279444,139.5846917
¼‹æ,35.90283889,139.5969194
¼‹æ,35.90284306,139.5717661
¼‹æ,35.90286389,139.5842222
¼‹æ,35.90288333,139.580775
¼‹æ,35.90292222,139.5750333
¼‹æ,35.90293333,139.5815639
¼‹æ,35.902975,139.5958972
¼‹æ,35.90299722,139.5856917
¼‹æ,35.90304444,139.5782372
¼‹æ,35.90305833,139.5832306
¼‹æ,35.90306111,139.589325
¼‹æ,35.90307222,139.5904444
¼‹æ,35.903075,139.5913056
¼‹æ,35.90307778,139.5690111
¼‹æ,35.90310278,139.5870361
¼‹æ,35.903125,139.5738472
¼‹æ,35.90326111,139.5791528
¼‹æ,35.90328611,139.5710744
¼‹æ,35.90328889,139.5759278
¼‹æ,35.90346389,139.597725
¼‹æ,35.903575,139.5822083
¼‹æ,35.90357833,139.5775206
¼‹æ,35.90365,139.5738306
¼‹æ,35.90366667,139.5915
¼‹æ,35.90370833,139.5845417
¼‹æ,35.90373889,139.5795917
¼‹æ,35.90381944,139.5833389
¼‹æ,35.903825,139.5784694
¼‹æ,35.90383333,139.5871
¼‹æ,35.90384444,139.5681917
¼‹æ,35.90388333,139.5804083
¼‹æ,35.90391667,139.5897722
¼‹æ,35.90392222,139.5811333
¼‹æ,35.90403611,139.5820583
¼‹æ,35.90410278,139.5747028
¼‹æ,35.90417639,139.5700978
¼‹æ,35.90419444,139.5907
¼‹æ,35.90424167,139.5957667
¼‹æ,35.90425,139.5883194
¼‹æ,35.90427222,139.5874694
¼‹æ,35.904325,139.5760611
¼‹æ,35.90437222,139.5749861
¼‹æ,35.90438333,139.5774861
¼‹æ,35.90440556,139.5920944
¼‹æ,35.90442778,139.5828028
¼‹æ,35.90446111,139.5868444
¼‹æ,35.90450833,139.5689861
¼‹æ,35.904525,139.5834139
¼‹æ,35.90461389,139.5797
¼‹æ,35.90468611,139.5807361
¼‹æ,35.90473056,139.573
¼‹æ,35.90473333,139.5784972
¼‹æ,35.90488889,139.58215
¼‹æ,35.90494444,139.5892528
¼‹æ,35.90499167,139.5997639
¼‹æ,35.90506111,139.5902139
¼‹æ,35.90506389,139.5880278
¼‹æ,35.905075,139.5758472
¼‹æ,35.90508611,139.5725
¼‹æ,35.90514444,139.5954139
¼‹æ,35.90516944,139.5861028
¼‹æ,35.90519722,139.5788861
¼‹æ,35.90542778,139.5801528
¼‹æ,35.90545278,139.5691244
¼‹æ,35.90547778,139.5795083
¼‹æ,35.90550278,139.5812083
¼‹æ,35.90560278,139.5782222
¼‹æ,35.90565833,139.5857472
¼‹æ,35.90565833,139.5995111
¼‹æ,35.90566944,139.5843722
¼‹æ,35.90572778,139.5872028
¼‹æ,35.90585,139.5907167
¼‹æ,35.90597778,139.595125
¼‹æ,35.90601944,139.5732028
¼‹æ,35.90602222,139.5820611
¼‹æ,35.90603056,139.5742806
¼‹æ,35.90608889,139.5772139
¼‹æ,35.90610278,139.5663444
¼‹æ,35.90613056,139.578575
¼‹æ,35.90616111,139.5881278
¼‹æ,35.90622778,139.5936722
¼‹æ,35.90625556,139.5803083
¼‹æ,35.90635833,139.5716972
¼‹æ,35.90638889,139.5968722
¼‹æ,35.90641389,139.5897694
¼‹æ,35.90644167,139.5680278
¼‹æ,35.90654722,139.5810389
¼‹æ,35.90656111,139.5839306
¼‹æ,35.90661944,139.5850528
¼‹æ,35.90662778,139.5960389
¼‹æ,35.90663333,139.5862417
¼‹æ,35.90668889,139.5983417
¼‹æ,35.90669444,139.5930333
¼‹æ,35.90675,139.592225
¼‹æ,35.90676944,139.58275
¼‹æ,35.906775,139.5786972
¼‹æ,35.906775,139.577075
¼‹æ,35.90685278,139.5654583
¼‹æ,35.90687222,139.5760583
¼‹æ,35.90696944,139.5666056
¼‹æ,35.90698056,139.5728722
¼‹æ,35.90700833,139.5777278
¼‹æ,35.90704167,139.5712667
¼‹æ,35.90709167,139.5944889
¼‹æ,35.90714167,139.5835667
¼‹æ,35.90716806,139.5889778
¼‹æ,35.90717222,139.5944394
¼‹æ,35.90721111,139.5869417
¼‹æ,35.90730556,139.5800333
¼‹æ,35.907325,139.5845611
¼‹æ,35.90738611,139.5820167
¼‹æ,35.90739444,139.5964222
¼‹æ,35.90746667,139.5812778
¼‹æ,35.90746667,139.5881722
¼‹æ,35.90752778,139.5776528
¼‹æ,35.90753056,139.5762139
¼‹æ,35.90753056,139.5936194
¼‹æ,35.90753611,139.5936222
¼‹æ,35.90756667,139.5807583
¼‹æ,35.90758333,139.5739917
¼‹æ,35.90760278,139.5859583
¼‹æ,35.90766389,139.5917028
¼‹æ,35.90772778,139.5928389
¼‹æ,35.90775833,139.5768944
¼‹æ,35.90776111,139.567195
¼‹æ,35.90786389,139.5968444
¼‹æ,35.90787222,139.5729139
¼‹æ,35.9079,139.5642333
¼‹æ,35.90793472,139.5991667
¼‹æ,35.90795278,139.5856583
¼‹æ,35.90795278,139.5847389
¼‹æ,35.90796111,139.5653889
¼‹æ,35.90800556,139.59395
¼‹æ,35.908025,139.5916028
¼‹æ,35.90805278,139.5796028
¼‹æ,35.90806389,139.5707722
¼‹æ,35.90816111,139.5833583
¼‹æ,35.90816667,139.595275
¼‹æ,35.90819167,139.5868111
¼‹æ,35.90819167,139.5904944
¼‹æ,35.90821944,139.5928056
¼‹æ,35.90825833,139.5814111
¼‹æ,35.90829722,139.5971167
¼‹æ,35.90838611,139.5886583
¼‹æ,35.90852222,139.5890778
¼‹æ,35.908525,139.59045
¼‹æ,35.908525,139.5851194
¼‹æ,35.90853056,139.5978722
¼‹æ,35.90853889,139.5682528
¼‹æ,35.90857222,139.5979356
¼‹æ,35.90859444,139.5809528
¼‹æ,35.90864444,139.5878861
¼‹æ,35.908725,139.5880111
¼‹æ,35.90873333,139.5917417
¼‹æ,35.90875556,139.5724861
¼‹æ,35.90879444,139.5843222
¼‹æ,35.90883056,139.5868306
¼‹æ,35.90894167,139.5865778
¼‹æ,35.90894444,139.5769111
¼‹æ,35.90895278,139.5946417
¼‹æ,35.90896667,139.5740583
¼‹æ,35.90899444,139.5652667
¼‹æ,35.90900278,139.5886028
¼‹æ,35.90904167,139.5759
¼‹æ,35.90904306,139.5962944
¼‹æ,35.90905556,139.5906333
¼‹æ,35.90909167,139.5858333
¼‹æ,35.90913056,139.5779194
¼‹æ,35.90914167,139.57135
¼‹æ,35.90920556,139.5635778
¼‹æ,35.90925833,139.5707889
¼‹æ,35.90929167,139.5919583
¼‹æ,35.90931389,139.5813139
¼‹æ,35.90931667,139.5701444
¼‹æ,35.909325,139.5787806
¼‹æ,35.90933611,139.5799833
¼‹æ,35.90939444,139.589275
¼‹æ,35.90941389,139.5850611
¼‹æ,35.90944444,139.5929056
¼‹æ,35.90948611,139.5838972
¼‹æ,35.90949444,139.5877389
¼‹æ,35.90950833,139.5827083
¼‹æ,35.90953611,139.5676056
¼‹æ,35.90954167,139.5969361
¼‹æ,35.90963056,139.5836167
¼‹æ,35.90968333,139.5943417
¼‹æ,35.90973333,139.5894556
¼‹æ,35.90973889,139.5717611
¼‹æ,35.90975556,139.5863917
¼‹æ,35.90976389,139.5751667
¼‹æ,35.90978889,139.5959389
¼‹æ,35.90981944,139.5911556
¼‹æ,35.90993333,139.5906778
¼‹æ,35.90998889,139.5776917
¼‹æ,35.91003889,139.5829556
¼‹æ,35.91004444,139.579725
¼‹æ,35.91007083,139.571035
¼‹æ,35.91008611,139.5696972
¼‹æ,35.91009444,139.5746583
¼‹æ,35.91011389,139.5631028
¼‹æ,35.91011389,139.5886222
¼‹æ,35.91020278,139.5651028
¼‹æ,35.910225,139.590325
¼‹æ,35.91026389,139.5664444
¼‹æ,35.91026389,139.5882583
¼‹æ,35.910325,139.5779306
¼‹æ,35.91034722,139.5817528
¼‹æ,35.910375,139.5896194
¼‹æ,35.91039167,139.5931889
¼‹æ,35.91040278,139.5808639
¼‹æ,35.91041389,139.5768194
¼‹æ,35.91061111,139.5702444
¼‹æ,35.91062222,139.5914944
¼‹æ,35.91066111,139.5720556
¼‹æ,35.91066389,139.5843861
¼‹æ,35.91066667,139.5943917
¼‹æ,35.91066944,139.571175
¼‹æ,35.91071111,139.5827139
¼‹æ,35.91073056,139.5735694
¼‹æ,35.91077222,139.5819639
¼‹æ,35.91079167,139.5805333
¼‹æ,35.91079444,139.5914167
¼‹æ,35.91082222,139.5751639
¼‹æ,35.91084167,139.5679917
¼‹æ,35.91084444,139.5792833
¼‹æ,35.91092222,139.5907694
¼‹æ,35.91092778,139.5624944
¼‹æ,35.91094722,139.5924833
¼‹æ,35.91096667,139.5757528
¼‹æ,35.91098333,139.5725944
¼‹æ,35.91100833,139.595375
¼‹æ,35.91113056,139.5870778
¼‹æ,35.91113611,139.5690556
¼‹æ,35.91119444,139.5963608
¼‹æ,35.91120417,139.5703514
¼‹æ,35.91121667,139.5818861
¼‹æ,35.91122222,139.5856917
¼‹æ,35.91122833,139.5662469
¼‹æ,35.9113,139.5880278
¼‹æ,35.91130833,139.5633333
¼‹æ,35.91131389,139.580075
¼‹æ,35.911325,139.5773194
¼‹æ,35.91134167,139.5846111
¼‹æ,35.91135556,139.5766889
¼‹æ,35.91141389,139.5898111
¼‹æ,35.911425,139.5974167
¼‹æ,35.91144167,139.5748389
¼‹æ,35.91158333,139.581225
¼‹æ,35.91158889,139.5672722
¼‹æ,35.9116,139.5711611
¼‹æ,35.91160556,139.5782722
¼‹æ,35.91163611,139.5933972
¼‹æ,35.91164722,139.5987611
¼‹æ,35.91166111,139.5651944
¼‹æ,35.91171389,139.5910167
¼‹æ,35.91172778,139.5891917
¼‹æ,35.91173611,139.5997278
¼‹æ,35.91186111,139.5706417
¼‹æ,35.91190556,139.5645667
¼‹æ,35.91195833,139.5760667
¼‹æ,35.91196667,139.5829528
¼‹æ,35.91197222,139.5791139
¼‹æ,35.91197778,139.566075
¼‹æ,35.91201111,139.5920861
¼‹æ,35.91206111,139.5909278
¼‹æ,35.91213889,139.5622889
¼‹æ,35.91219722,139.5901111
¼‹æ,35.9122,139.5688833
¼‹æ,35.91221944,139.5630917
¼‹æ,35.91223056,139.5843778
¼‹æ,35.91231667,139.5726944
¼‹æ,35.91233889,139.5670028
¼‹æ,35.91235278,139.5847056
¼‹æ,35.91235556,139.5912667
¼‹æ,35.91235611,139.5649586
¼‹æ,35.91235833,139.5770222
¼‹æ,35.91236389,139.5975139
¼‹æ,35.91241944,139.5753889
¼‹æ,35.91242917,139.5963483
¼‹æ,35.91245278,139.5642778
¼‹æ,35.91246944,139.5740972
¼‹æ,35.91249167,139.5740722
¼‹æ,35.91251667,139.5967389
¼‹æ,35.91253611,139.5776722
¼‹æ,35.91253611,139.5825444
¼‹æ,35.91253611,139.5851278
¼‹æ,35.91253889,139.5851278
¼‹æ,35.91256111,139.5929222
¼‹æ,35.91256667,139.5790778
¼‹æ,35.91259722,139.566125
¼‹æ,35.91261667,139.5704917
¼‹æ,35.91263611,139.5681389
¼‹æ,35.91273333,139.5761417
¼‹æ,35.91278056,139.5891028
¼‹æ,35.91278333,139.5821472
¼‹æ,35.91280556,139.5796222
¼‹æ,35.91295833,139.5694
¼‹æ,35.913,139.562
¼‹æ,35.91300694,139.576905
¼‹æ,35.91330278,139.5936472
¼‹æ,35.91335556,139.5733139
¼‹æ,35.91341944,139.587525
¼‹æ,35.91343889,139.5775722
¼‹æ,35.91344722,139.5884417
¼‹æ,35.91345278,139.5966556
¼‹æ,35.91345833,139.5796194
¼‹æ,35.91346944,139.5665028
¼‹æ,35.913475,139.5907972
¼‹æ,35.91355833,139.5763583
¼‹æ,35.91356667,139.5687944
¼‹æ,35.91359722,139.5740083
¼‹æ,35.91365833,139.5896417
¼‹æ,35.91370833,139.5698306
¼‹æ,35.91371944,139.5917639
¼‹æ,35.91381944,139.5803389
¼‹æ,35.91386111,139.5827917
¼‹æ,35.91387778,139.5623889
¼‹æ,35.91389444,139.57695
¼‹æ,35.9139,139.5609083
¼‹æ,35.91395,139.5646194
¼‹æ,35.91396111,139.5861611
¼‹æ,35.91396667,139.5633
¼‹æ,35.91401111,139.56535
¼‹æ,35.91405556,139.5791278
¼‹æ,35.91405556,139.5914444
¼‹æ,35.914075,139.5955806
¼‹æ,35.914175,139.5709833
¼‹æ,35.91423056,139.5930833
¼‹æ,35.91431389,139.5777056
¼‹æ,35.91434167,139.5882417
¼‹æ,35.91435278,139.5689389
¼‹æ,35.914375,139.5620639
¼‹æ,35.91437778,139.5828
¼‹æ,35.9144,139.5673722
¼‹æ,35.91445556,139.5939889
¼‹æ,35.91445556,139.5941528
¼‹æ,35.91448611,139.5658278
¼‹æ,35.91450833,139.5872889
¼‹æ,35.91451944,139.5631833
¼‹æ,35.91459167,139.5742944
¼‹æ,35.91469444,139.5643056
¼‹æ,35.91471111,139.5757361
¼‹æ,35.91473333,139.5893111
¼‹æ,35.91476389,139.5724694
¼‹æ,35.9148,139.5764778
¼‹æ,35.91481389,139.5950472
¼‹æ,35.91493611,139.5669583
¼‹æ,35.91495278,139.5954778
¼‹æ,35.91497222,139.5811889
¼‹æ,35.91498611,139.59165
¼‹æ,35.91498889,139.5627667
¼‹æ,35.91500278,139.5858806
¼‹æ,35.9150125,139.5777228
¼‹æ,35.91502222,139.5604094
¼‹æ,35.915025,139.5701894
¼‹æ,35.91516389,139.5682889
¼‹æ,35.91519722,139.5960389
¼‹æ,35.91521111,139.5882444
¼‹æ,35.91531111,139.597225
¼‹æ,35.91536944,139.5617889
¼‹æ,35.91537778,139.5951472
¼‹æ,35.91541389,139.5710667
¼‹æ,35.91541667,139.5977028
¼‹æ,35.91545222,139.5865861
¼‹æ,35.91545278,139.5845639
¼‹æ,35.91546111,139.5662222
¼‹æ,35.91550556,139.5756611
¼‹æ,35.91551389,139.5938528
¼‹æ,35.91551944,139.5766361
¼‹æ,35.91564722,139.5695194
¼‹æ,35.91567778,139.5719
¼‹æ,35.91569167,139.5829139
¼‹æ,35.91571389,139.5745361
¼‹æ,35.91576944,139.5872111
¼‹æ,35.91578056,139.5965028
¼‹æ,35.91578333,139.5818028
¼‹æ,35.9158,139.5756611
¼‹æ,35.91580278,139.5807778
¼‹æ,35.91580833,139.5674333
¼‹æ,35.91583611,139.5724389
¼‹æ,35.91591667,139.5860944
¼‹æ,35.91591944,139.5798472
¼‹æ,35.91594167,139.5909972
¼‹æ,35.91602778,139.5950806
¼‹æ,35.91604417,139.5850603
¼‹æ,35.916125,139.5782333
¼‹æ,35.91615556,139.5919806
¼‹æ,35.91629167,139.5626194
¼‹æ,35.91631361,139.5851028
¼‹æ,35.91631944,139.5704444
¼‹æ,35.91632028,139.5834994
¼‹æ,35.91632222,139.5764306
¼‹æ,35.91632222,139.5704528
¼‹æ,35.916325,139.5650833
¼‹æ,35.91632778,139.5880139
¼‹æ,35.91632778,139.5764083
¼‹æ,35.91633333,139.5669667
¼‹æ,35.91635278,139.571575
¼‹æ,35.91640833,139.5741333
¼‹æ,35.91641944,139.5741278
¼‹æ,35.91645278,139.5689444
¼‹æ,35.91646111,139.5730222
¼‹æ,35.91659444,139.5943639
¼‹æ,35.91661889,139.5843194
¼‹æ,35.91665139,139.5964567
¼‹æ,35.91670556,139.5664444
¼‹æ,35.91670778,139.5841456
¼‹æ,35.91671667,139.5686139
¼‹æ,35.91678611,139.5754283
¼‹æ,35.9168,139.5900361
¼‹æ,35.91681389,139.5823028
¼‹æ,35.91686667,139.5870556
¼‹æ,35.91688722,139.5864494
¼‹æ,35.91691389,139.5582639
¼‹æ,35.916955,139.5761789
¼‹æ,35.91698056,139.5607472
¼‹æ,35.91698889,139.5703306
¼‹æ,35.91704944,139.59509
¼‹æ,35.91706944,139.574075
¼‹æ,35.91714722,139.5844222
¼‹æ,35.91715278,139.5846194
¼‹æ,35.91716944,139.5854261
¼‹æ,35.91717222,139.5769611
¼‹æ,35.91719722,139.5914972
¼‹æ,35.91727778,139.5924472
¼‹æ,35.91733139,139.5817178
¼‹æ,35.91744722,139.5863778
¼‹æ,35.91754944,139.5851089
¼‹æ,35.91756389,139.5804556
¼‹æ,35.91763889,139.5774556
¼‹æ,35.91764167,139.5892889
¼‹æ,35.91765556,139.5679194
¼‹æ,35.91766389,139.5823306
¼‹æ,35.91769167,139.5829519
¼‹æ,35.91769722,139.5658583
¼‹æ,35.91773333,139.5784278
¼‹æ,35.91779167,139.5836222
¼‹æ,35.91779444,139.5842972
¼‹æ,35.91781111,139.5766361
¼‹æ,35.91784444,139.5963667
¼‹æ,35.91791111,139.5595944
¼‹æ,35.91792417,139.5862272
¼‹æ,35.91794167,139.5897472
¼‹æ,35.91798611,139.5717667
¼‹æ,35.9180875,139.5814208
¼‹æ,35.91811667,139.5866944
¼‹æ,35.91815278,139.5694556
¼‹æ,35.91815833,139.5667278
¼‹æ,35.91818333,139.5705361
¼‹æ,35.91818694,139.5839244
¼‹æ,35.91819389,139.5806883
¼‹æ,35.91823889,139.592825
¼‹æ,35.91824444,139.5677778
¼‹æ,35.91826389,139.5828861
¼‹æ,35.91826944,139.5752944
¼‹æ,35.918275,139.5879111
¼‹æ,35.91829167,139.5799389
¼‹æ,35.91832917,139.5847311
¼‹æ,35.91838333,139.5659778
¼‹æ,35.91841944,139.5911806
¼‹æ,35.91849167,139.5763389
¼‹æ,35.91856139,139.5855544
¼‹æ,35.91857222,139.5833361
¼‹æ,35.91858611,139.5772722
¼‹æ,35.91859167,139.5819989
¼‹æ,35.91871944,139.5667
¼‹æ,35.91871944,139.5862167
¼‹æ,35.91875556,139.5689417
¼‹æ,35.91877222,139.5788917
¼‹æ,35.91878056,139.5905194
¼‹æ,35.91878194,139.5639867
¼‹æ,35.91878889,139.5797583
¼‹æ,35.91880417,139.5584922
¼‹æ,35.91881528,139.5962772
¼‹æ,35.91888333,139.5819083
¼‹æ,35.91900778,139.5782739
¼‹æ,35.91901944,139.5818639
¼‹æ,35.91904444,139.5899667
¼‹æ,35.91906389,139.5950878
¼‹æ,35.91907778,139.5702639
¼‹æ,35.91908611,139.5809972
¼‹æ,35.91912778,139.5935861
¼‹æ,35.91913889,139.5841444
¼‹æ,35.91917222,139.5617333
¼‹æ,35.91919167,139.5896389
¼‹æ,35.91920556,139.5671722
¼‹æ,35.91921667,139.5851194
¼‹æ,35.91924444,139.5716389
¼‹æ,35.91926389,139.5921194
¼‹æ,35.91928333,139.5862361
¼‹æ,35.91933333,139.5751222
¼‹æ,35.91937778,139.5687028
¼‹æ,35.91950556,139.5680083
¼‹æ,35.91953056,139.5825361
¼‹æ,35.91954444,139.5835389
¼‹æ,35.9196,139.5821778
¼‹æ,35.919625,139.5884444
¼‹æ,35.91964722,139.5875111
¼‹æ,35.91964889,139.5776439
¼‹æ,35.919725,139.5700333
¼‹æ,35.91977222,139.5874611
¼‹æ,35.919775,139.5842389
¼‹æ,35.91985,139.5834639
¼‹æ,35.91994722,139.5935472
¼‹æ,35.91995,139.5920306
¼‹æ,35.91995278,139.5633
¼‹æ,35.91998194,139.5796389
¼‹æ,35.92000278,139.5789028
¼‹æ,35.92000556,139.5659417
¼‹æ,35.92001667,139.5789056
¼‹æ,35.92004444,139.5962256
¼‹æ,35.92004944,139.5775117
¼‹æ,35.92008611,139.5712583
¼‹æ,35.92010556,139.5812056
¼‹æ,35.92016111,139.5908278
¼‹æ,35.9202125,139.5866083
¼‹æ,35.92023333,139.58095
¼‹æ,35.92023611,139.5848444
¼‹æ,35.92029167,139.5832806
¼‹æ,35.920425,139.5763136
¼‹æ,35.92048333,139.5669944
¼‹æ,35.92048889,139.5883917
¼‹æ,35.92051944,139.5919083
¼‹æ,35.92055,139.5675611
¼‹æ,35.92058056,139.5772578
¼‹æ,35.92058333,139.5797944
¼‹æ,35.92067778,139.5753083
¼‹æ,35.92071667,139.5648083
¼‹æ,35.92075417,139.5794439
¼‹æ,35.92075972,139.5897028
¼‹æ,35.92079167,139.5834083
¼‹æ,35.92082861,139.5817406
¼‹æ,35.92083278,139.5689567
¼‹æ,35.92083333,139.5854444
¼‹æ,35.92090833,139.5815861
¼‹æ,35.92093611,139.5663472
¼‹æ,35.92095833,139.5575056
¼‹æ,35.92096528,139.5942756
¼‹æ,35.9211,139.5759417
¼‹æ,35.92118333,139.5673528
¼‹æ,35.92120556,139.5910528
¼‹æ,35.921255,139.5817583
¼‹æ,35.92127778,139.5654889
¼‹æ,35.92128194,139.5860294
¼‹æ,35.92130833,139.5700583
¼‹æ,35.92133889,139.5795386
¼‹æ,35.92134167,139.5603611
¼‹æ,35.921355,139.5773261
¼‹æ,35.92141944,139.5925922
¼‹æ,35.92143056,139.5605
¼‹æ,35.921465,139.5810161
¼‹æ,35.92150278,139.5747639
¼‹æ,35.92154444,139.5833722
¼‹æ,35.9215875,139.5938278
¼‹æ,35.92161111,139.5659972
¼‹æ,35.92161111,139.5818639
¼‹æ,35.92162222,139.5832083
¼‹æ,35.92163333,139.5853889
¼‹æ,35.921675,139.5640139
¼‹æ,35.92169444,139.5747361
¼‹æ,35.92172222,139.5734028
¼‹æ,35.92172778,139.5952189
¼‹æ,35.92174861,139.5792053
¼‹æ,35.92175278,139.5717028
¼‹æ,35.92177361,139.5755925
¼‹æ,35.92178472,139.5988872
¼‹æ,35.92189167,139.5728417
¼‹æ,35.92190917,139.5879672
¼‹æ,35.92194722,139.5766694
¼‹æ,35.92195556,139.5669
¼‹æ,35.92212222,139.5650361
¼‹æ,35.92213889,139.5718556
¼‹æ,35.92214167,139.5703139
¼‹æ,35.92220556,139.576705
¼‹æ,35.92221472,139.5792611
¼‹æ,35.92221944,139.5607528
¼‹æ,35.92222333,139.5781344
¼‹æ,35.92226667,139.5591556
¼‹æ,35.92231806,139.5770972
¼‹æ,35.92234306,139.59899
¼‹æ,35.92236944,139.5962194
¼‹æ,35.922375,139.5622222
¼‹æ,35.92238056,139.5738472
¼‹æ,35.92247222,139.5840111
¼‹æ,35.92254722,139.564175
¼‹æ,35.922575,139.5727583
¼‹æ,35.92260278,139.5952417
¼‹æ,35.92261667,139.5818972
¼‹æ,35.92263056,139.5819889
¼‹æ,35.92263556,139.5752744
¼‹æ,35.92279167,139.5974972
¼‹æ,35.92285833,139.5654167
¼‹æ,35.92294444,139.5629889
¼‹æ,35.92298611,139.583125
¼‹æ,35.92300278,139.5744167
¼‹æ,35.92306917,139.5787003
¼‹æ,35.92310556,139.5714833
¼‹æ,35.92323056,139.5621889
¼‹æ,35.92326667,139.5847917
¼‹æ,35.92335,139.5728778
¼‹æ,35.92335139,139.57729
¼‹æ,35.923425,139.5897389
¼‹æ,35.92346056,139.5788478
¼‹æ,35.92353056,139.579895
¼‹æ,35.92353556,139.5815772
¼‹æ,35.92354722,139.5809211
¼‹æ,35.92361944,139.5757042
¼‹æ,35.92370028,139.5769978
¼‹æ,35.92371667,139.5573083
¼‹æ,35.92373056,139.5910583
¼‹æ,35.92374167,139.5623417
¼‹æ,35.92381944,139.5835194
¼‹æ,35.92384389,139.5828006
¼‹æ,35.92392917,139.5874044
¼‹æ,35.92403056,139.593055
¼‹æ,35.92408333,139.5739611
¼‹æ,35.92408611,139.5739056
¼‹æ,35.92409306,139.5897433
¼‹æ,35.924125,139.5672972
¼‹æ,35.92418611,139.5592056
¼‹æ,35.92427222,139.574865
¼‹æ,35.92427917,139.5813289
¼‹æ,35.92440694,139.591945
¼‹æ,35.92441389,139.5848528
¼‹æ,35.92457222,139.5975833
¼‹æ,35.924575,139.5662417
¼‹æ,35.92464861,139.5878189
¼‹æ,35.9247,139.5831278
¼‹æ,35.92474028,139.5866483
¼‹æ,35.92477917,139.5825583
¼‹æ,35.92488889,139.5658611
¼‹æ,35.92495833,139.5570583
¼‹æ,35.92496861,139.5892394
¼‹æ,35.92498611,139.5992806
¼‹æ,35.92500694,139.5905961
¼‹æ,35.92504444,139.5675472
¼‹æ,35.92506389,139.5616
¼‹æ,35.92506667,139.5783783
¼‹æ,35.92508889,139.5982778
¼‹æ,35.92513194,139.5967628
¼‹æ,35.92514444,139.5606417
¼‹æ,35.92515361,139.5776725
¼‹æ,35.92520556,139.5805694
¼‹æ,35.92522778,139.5912083
¼‹æ,35.92524444,139.5816583
¼‹æ,35.92526389,139.5870417
¼‹æ,35.92527167,139.5756867
¼‹æ,35.92528056,139.5665778
¼‹æ,35.92533333,139.5841889
¼‹æ,35.92535833,139.5854611
¼‹æ,35.92552361,139.5893661
¼‹æ,35.92565,139.5917522
¼‹æ,35.9257,139.5832389
¼‹æ,35.92573056,139.5680361
¼‹æ,35.9257625,139.5931167
¼‹æ,35.92576806,139.5758383
¼‹æ,35.92591944,139.5820028
¼‹æ,35.92595833,139.5980028
¼‹æ,35.9260125,139.5745978
¼‹æ,35.92605556,139.5867639
¼‹æ,35.92608556,139.5784667
¼‹æ,35.92609722,139.5880167
¼‹æ,35.92610556,139.6007356
¼‹æ,35.92611667,139.5994056
¼‹æ,35.92612028,139.5768789
¼‹æ,35.92619028,139.5948256
¼‹æ,35.92619111,139.5806194
¼‹æ,35.92619444,139.5624194
¼‹æ,35.92651389,139.5919639
¼‹æ,35.92652222,139.5577056
¼‹æ,35.92653889,139.5632111
¼‹æ,35.92655556,139.5858694
¼‹æ,35.92658333,139.5838083
¼‹æ,35.92668056,139.5720694
¼‹æ,35.92675278,139.5833944
¼‹æ,35.92677222,139.5712556
¼‹æ,35.926775,139.5817222
¼‹æ,35.92677722,139.5778183
¼‹æ,35.92679722,139.5661278
¼‹æ,35.92681111,139.5949311
¼‹æ,35.92681611,139.5754217
¼‹æ,35.92688056,139.5609267
¼‹æ,35.92691944,139.59865
¼‹æ,35.92696944,139.6000722
¼‹æ,35.92698611,139.5675556
¼‹æ,35.92699111,139.5789717
¼‹æ,35.92701944,139.5779717
¼‹æ,35.92717778,139.5600528
¼‹æ,35.92724167,139.5699028
¼‹æ,35.92731667,139.5833583
¼‹æ,35.92731944,139.5963944
¼‹æ,35.92732778,139.5859361
¼‹æ,35.92735,139.5872583
¼‹æ,35.92735222,139.5572372
¼‹æ,35.92738056,139.5792944
¼‹æ,35.92738139,139.5807228
¼‹æ,35.92742583,139.5776011
¼‹æ,35.9275,139.5797333
¼‹æ,35.92750278,139.5785
¼‹æ,35.92751583,139.5765492
¼‹æ,35.92755222,139.5817667
¼‹æ,35.92759861,139.5826817
¼‹æ,35.92760556,139.5685556
¼‹æ,35.92785,139.5760694
¼‹æ,35.92786944,139.583325
¼‹æ,35.92789167,139.5971694
¼‹æ,35.92789722,139.5997028
¼‹æ,35.92790361,139.5844406
¼‹æ,35.92795556,139.5670083
¼‹æ,35.927975,139.5901828
¼‹æ,35.92799444,139.5948294
¼‹æ,35.92803889,139.5941467
¼‹æ,35.928075,139.5707917
¼‹æ,35.92813056,139.5606861
¼‹æ,35.92815472,139.57656
¼‹æ,35.92825833,139.595875
¼‹æ,35.928325,139.5776333
¼‹æ,35.92834167,139.5688722
¼‹æ,35.92838056,139.5862528
¼‹æ,35.92838611,139.5794639
¼‹æ,35.92846806,139.5820611
¼‹æ,35.92854167,139.5836611
¼‹æ,35.92854722,139.5991528
¼‹æ,35.92855833,139.5770611
¼‹æ,35.92859528,139.5858517
¼‹æ,35.92867222,139.5568222
¼‹æ,35.92884944,139.5840883
¼‹æ,35.92886944,139.5973611
¼‹æ,35.92889167,139.5945606
¼‹æ,35.92895278,139.58725
¼‹æ,35.92895556,139.5984306
¼‹æ,35.92899444,139.5789389
¼‹æ,35.92914444,139.5939167
¼‹æ,35.92916389,139.59955
¼‹æ,35.92918333,139.5894028
¼‹æ,35.92921389,139.5706028
¼‹æ,35.92936389,139.5601222
¼‹æ,35.92943056,139.5952028
¼‹æ,35.92950278,139.5860361
¼‹æ,35.92952167,139.5842817
¼‹æ,35.9296,139.5776889
¼‹æ,35.92967222,139.5686667
¼‹æ,35.92968417,139.5810706
¼‹æ,35.92989111,139.5947717
¼‹æ,35.92989667,139.5803022
¼‹æ,35.92991111,139.5969806
¼‹æ,35.929925,139.5712167
¼‹æ,35.92993972,139.5833094
¼‹æ,35.92998333,139.592325
¼‹æ,35.93005556,139.5584556
¼‹æ,35.93007222,139.5764167
¼‹æ,35.9301,139.5771583
¼‹æ,35.93010833,139.5771583
¼‹æ,35.93015278,139.5725139
¼‹æ,35.93020222,139.5837717
¼‹æ,35.93023611,139.5791778
¼‹æ,35.93041111,139.5847139
¼‹æ,35.93042778,139.5937083
¼‹æ,35.93046111,139.5870417
¼‹æ,35.93052222,139.5985083
¼‹æ,35.93057778,139.5879889
¼‹æ,35.93059167,139.5962361
¼‹æ,35.93061667,139.5738778
¼‹æ,35.93065278,139.559525
¼‹æ,35.93066889,139.5809217
¼‹æ,35.93084111,139.5778444
¼‹æ,35.93093889,139.57495
¼‹æ,35.93098056,139.5966111
¼‹æ,35.93098889,139.5715194
¼‹æ,35.93098889,139.5915694
¼‹æ,35.93103056,139.5770222
¼‹æ,35.93104944,139.5966078
¼‹æ,35.93108333,139.6003194
¼‹æ,35.93109722,139.5951
¼‹æ,35.93110278,139.592225
¼‹æ,35.93116667,139.5940139
¼‹æ,35.93117778,139.5929667
¼‹æ,35.9311925,139.58217
¼‹æ,35.93139028,139.579015
¼‹æ,35.931425,139.5970139
¼‹æ,35.93147778,139.5993833
¼‹æ,35.93150556,139.5826778
¼‹æ,35.93153056,139.5962889
¼‹æ,35.93162222,139.5874389
¼‹æ,35.93170278,139.579925
¼‹æ,35.93175556,139.5929528
¼‹æ,35.93180833,139.57725
¼‹æ,35.93186667,139.597675
¼‹æ,35.93188056,139.5907333
¼‹æ,35.93191944,139.5830667
¼‹æ,35.93194722,139.5954028
¼‹æ,35.93201944,139.5868
¼‹æ,35.93201944,139.5998472
¼‹æ,35.93204167,139.5850678
¼‹æ,35.93220278,139.57155
¼‹æ,35.93220556,139.5987444
¼‹æ,35.932275,139.5921556
¼‹æ,35.9323,139.5787083
¼‹æ,35.93231944,139.59405
¼‹æ,35.93231944,139.5961972
¼‹æ,35.93233333,139.5878139
¼‹æ,35.93234167,139.5759528
¼‹æ,35.93235556,139.5772833
¼‹æ,35.93241667,139.5814694
¼‹æ,35.93242778,139.5979167
¼‹æ,35.93246667,139.57395
¼‹æ,35.932525,139.5908278
¼‹æ,35.93254722,139.5947111
¼‹æ,35.93264167,139.600025
¼‹æ,35.93275833,139.5784667
¼‹æ,35.93287222,139.5920944
¼‹æ,35.93303611,139.5927861
¼‹æ,35.93306389,139.599025
¼‹æ,35.93307222,139.5794917
¼‹æ,35.93312222,139.5963167
¼‹æ,35.93321667,139.5992306
¼‹æ,35.93330278,139.5788556
¼‹æ,35.93330556,139.59115
¼‹æ,35.93344722,139.5711444
¼‹æ,35.93353611,139.5893556
¼‹æ,35.93356944,139.5769728
¼‹æ,35.93361389,139.587625
¼‹æ,35.93367778,139.5943389
¼‹æ,35.93368889,139.5810306
¼‹æ,35.93372778,139.5984611
¼‹æ,35.93378611,139.5866528
¼‹æ,35.93379722,139.57565
¼‹æ,35.93381667,139.5778528
¼‹æ,35.93384167,139.5921472
¼‹æ,35.93390556,139.5965444
¼‹æ,35.93404444,139.5803639
¼‹æ,35.93411389,139.5980361
¼‹æ,35.93426111,139.5903167
¼‹æ,35.93426667,139.573125
¼‹æ,35.93429444,139.5890889
¼‹æ,35.93436111,139.577125
¼‹æ,35.93443333,139.5707028
¼‹æ,35.93444167,139.5915
¼‹æ,35.93447778,139.5932194
¼‹æ,35.93448333,139.5763889
¼‹æ,35.93459167,139.58205
¼‹æ,35.93475,139.5875833
¼‹æ,35.93477778,139.5812111
¼‹æ,35.93479722,139.5752167
¼‹æ,35.93480833,139.57655
¼‹æ,35.93485694,139.5719872
¼‹æ,35.93489167,139.5923806
¼‹æ,35.93499167,139.5846194
¼‹æ,35.93505,139.5957278
¼‹æ,35.93511944,139.5967
¼‹æ,35.93516111,139.5861639
¼‹æ,35.93523611,139.5803139
¼‹æ,35.93524444,139.5779917
¼‹æ,35.93532778,139.5904139
¼‹æ,35.93543333,139.5895806
¼‹æ,35.93553333,139.5750361
¼‹æ,35.93555833,139.58565
¼‹æ,35.93586667,139.5940778
¼‹æ,35.93586667,139.5940833
¼‹æ,35.93586944,139.5940806
¼‹æ,35.93591944,139.5813333
¼‹æ,35.93598333,139.5923667
¼‹æ,35.93606111,139.5872889
¼‹æ,35.9361,139.5948583
¼‹æ,35.93610833,139.5805806
¼‹æ,35.93647222,139.5796889
¼‹æ,35.93652222,139.5909611
¼‹æ,35.93666806,139.5752872
¼‹æ,35.93667222,139.5882694
¼‹æ,35.93674167,139.578925
¼‹æ,35.93677528,139.5825425
¼‹æ,35.93693056,139.588725
¼‹æ,35.93693056,139.5727528
¼‹æ,35.93704167,139.5802222
¼‹æ,35.93704722,139.5878972
¼‹æ,35.93707222,139.5767806
¼‹æ,35.93707222,139.5849056
¼‹æ,35.93720278,139.5814028
¼‹æ,35.93745556,139.5741778
¼‹æ,35.93758611,139.5825472
¼‹æ,35.93766667,139.5900972
¼‹æ,35.93771667,139.5734
¼‹æ,35.93799444,139.5755639
¼‹æ,35.93804722,139.5835333
¼‹æ,35.93811944,139.5864472
¼‹æ,35.93840278,139.5775194
¼‹æ,35.93883333,139.5789389
¼‹æ,35.93896944,139.5825944
¼‹æ,35.93919167,139.5874306
¼‹æ,35.93932583,139.5817878
¼‹æ,35.93963889,139.5852944
¼‹æ,35.93970833,139.5886417
¼‹æ,35.94009444,139.5841639
¼‹æ,35.94024722,139.5855
¼‹æ,35.94028056,139.5867472
¼‹æ,35.94029722,139.5879528
¼‹æ,35.94100556,139.5877722
¼‹æ,35.94115556,139.5868167
¼‹æ,35.94176389,139.5879444
–k‹æ,35.891075,139.6574111
–k‹æ,35.89231667,139.6560778
–k‹æ,35.89346944,139.6851361
–k‹æ,35.89385694,139.6970994
–k‹æ,35.89401111,139.6956528
–k‹æ,35.89401944,139.7004083
–k‹æ,35.89419167,139.6571972
–k‹æ,35.89453333,139.6540972
–k‹æ,35.89458333,139.6642583
–k‹æ,35.89461667,139.6593333
–k‹æ,35.89463056,139.6634333
–k‹æ,35.89463056,139.6606611
–k‹æ,35.89466667,139.6908806
–k‹æ,35.89481667,139.6841694
–k‹æ,35.89491389,139.6614472
–k‹æ,35.89495556,139.6956528
–k‹æ,35.89498611,139.6620833
–k‹æ,35.895075,139.66555
–k‹æ,35.89511389,139.6975917
–k‹æ,35.89514444,139.6582417
–k‹æ,35.89514444,139.6661583
–k‹æ,35.89520556,139.6602222
–k‹æ,35.89522778,139.6654917
–k‹æ,35.89536389,139.6956
–k‹æ,35.89543333,139.6687194
–k‹æ,35.89546944,139.6642639
–k‹æ,35.89550556,139.6544528
–k‹æ,35.89560556,139.6582333
–k‹æ,35.895775,139.6670306
–k‹æ,35.89587778,139.69915
–k‹æ,35.89592778,139.6569028
–k‹æ,35.89594167,139.6853583
–k‹æ,35.89595833,139.6839389
–k‹æ,35.89601667,139.6653389
–k‹æ,35.89601667,139.6883806
–k‹æ,35.89608889,139.6613694
–k‹æ,35.89610833,139.6653361
–k‹æ,35.89611667,139.6583083
–k‹æ,35.89618611,139.6659389
–k‹æ,35.89632222,139.6950361
–k‹æ,35.89633611,139.6685333
–k‹æ,35.89639167,139.6726333
–k‹æ,35.89641389,139.6644833
–k‹æ,35.896525,139.6574361
–k‹æ,35.89653889,139.6633444
–k‹æ,35.89654167,139.6555111
–k‹æ,35.89664722,139.6825278
–k‹æ,35.89667778,139.6591833
–k‹æ,35.89669444,139.6675556
–k‹æ,35.89677222,139.6966722
–k‹æ,35.89683333,139.6937472
–k‹æ,35.89687778,139.6609833
–k‹æ,35.89688056,139.6624667
–k‹æ,35.89689167,139.6541
–k‹æ,35.89697222,139.6909972
–k‹æ,35.89698889,139.6633472
–k‹æ,35.89699444,139.6708889
–k‹æ,35.89706111,139.6646278
–k‹æ,35.89706944,139.6843361
–k‹æ,35.89711389,139.6622389
–k‹æ,35.89715,139.68565
–k‹æ,35.89725556,139.6949861
–k‹æ,35.89726944,139.6546833
–k‹æ,35.89729167,139.6722472
–k‹æ,35.89738889,139.6621028
–k‹æ,35.89750556,139.6930778
–k‹æ,35.89755278,139.6596139
–k‹æ,35.89761667,139.6684056
–k‹æ,35.89763333,139.6662333
–k‹æ,35.89767222,139.6651417
–k‹æ,35.89771389,139.6670028
–k‹æ,35.89771667,139.6975417
–k‹æ,35.89784167,139.669725
–k‹æ,35.89786111,139.6740333
–k‹æ,35.89788333,139.663525
–k‹æ,35.897925,139.6557
–k‹æ,35.89795556,139.6687389
–k‹æ,35.89796111,139.664175
–k‹æ,35.89803333,139.6763444
–k‹æ,35.89809444,139.6591417
–k‹æ,35.89821111,139.6731
–k‹æ,35.89826667,139.666625
–k‹æ,35.89831667,139.6549556
–k‹æ,35.89831667,139.6625778
–k‹æ,35.89833611,139.6817028
–k‹æ,35.89843611,139.6648639
–k‹æ,35.89843889,139.6551361
–k‹æ,35.89847778,139.6678361
–k‹æ,35.89861389,139.6936694
–k‹æ,35.89864722,139.6745194
–k‹æ,35.89865833,139.6804417
–k‹æ,35.89874444,139.6688833
–k‹æ,35.89881389,139.6631583
–k‹æ,35.89881944,139.6585639
–k‹æ,35.8988375,139.6698128
–k‹æ,35.89885833,139.6909833
–k‹æ,35.89936111,139.6946778
–k‹æ,35.89945,139.6836417
–k‹æ,35.89945,139.690175
–k‹æ,35.89945278,139.670075
–k‹æ,35.89945667,139.6935303
–k‹æ,35.89950833,139.6593722
–k‹æ,35.89956944,139.6671
–k‹æ,35.89959444,139.6688472
–k‹æ,35.89976944,139.6791861
–k‹æ,35.89978611,139.6645722
–k‹æ,35.899975,139.6675556
–k‹æ,35.90005556,139.6677833
–k‹æ,35.90006389,139.6881806
–k‹æ,35.90009722,139.6625583
–k‹æ,35.90013611,139.654875
–k‹æ,35.90034444,139.6897917
–k‹æ,35.90034722,139.6936083
–k‹æ,35.90036944,139.6634722
–k‹æ,35.90043611,139.661625
–k‹æ,35.90049167,139.6617528
–k‹æ,35.90058056,139.6690214
–k‹æ,35.90058611,139.6708028
–k‹æ,35.90059444,139.6598167
–k‹æ,35.90060278,139.6869111
–k‹æ,35.90061944,139.6727139
–k‹æ,35.90073889,139.6671194
–k‹æ,35.90082778,139.6622667
–k‹æ,35.900975,139.6655889
–k‹æ,35.90100556,139.6795306
–k‹æ,35.90102778,139.6544694
–k‹æ,35.90107222,139.6562639
–k‹æ,35.90109528,139.6909611
–k‹æ,35.90110556,139.6607611
–k‹æ,35.901175,139.6805111
–k‹æ,35.90117778,139.6944111
–k‹æ,35.9014,139.6679
–k‹æ,35.90141389,139.6675278
–k‹æ,35.90144444,139.6630361
–k‹æ,35.90149722,139.6533194
–k‹æ,35.90156111,139.678175
–k‹æ,35.90160833,139.6946333
–k‹æ,35.90181944,139.6797694
–k‹æ,35.90183056,139.6545083
–k‹æ,35.90183611,139.6615167
–k‹æ,35.90184167,139.6612972
–k‹æ,35.90185278,139.6820083
–k‹æ,35.90196111,139.6829389
–k‹æ,35.90198056,139.658775
–k‹æ,35.90200278,139.6908583
–k‹æ,35.90201111,139.6702889
–k‹æ,35.90222778,139.693875
–k‹æ,35.90223056,139.6603944
–k‹æ,35.90223333,139.6680917
–k‹æ,35.90224167,139.6670472
–k‹æ,35.90225278,139.6545806
–k‹æ,35.90225833,139.6559972
–k‹æ,35.90228889,139.6829528
–k‹æ,35.90239722,139.6621361
–k‹æ,35.90243333,139.6595861
–k‹æ,35.90246111,139.6934389
–k‹æ,35.90251667,139.6689556
–k‹æ,35.90251944,139.6938
–k‹æ,35.90261667,139.6802583
–k‹æ,35.90263056,139.6577667
–k‹æ,35.90266944,139.6779056
–k‹æ,35.90268333,139.6827194
–k‹æ,35.90268333,139.6533194
–k‹æ,35.9027,139.6681056
–k‹æ,35.90271944,139.6832694
–k‹æ,35.90273333,139.6715028
–k‹æ,35.90273889,139.6824056
–k‹æ,35.90288333,139.6713611
–k‹æ,35.90291389,139.6760278
–k‹æ,35.90295,139.6612111
–k‹æ,35.90297917,139.6699194
–k‹æ,35.90308333,139.661375
–k‹æ,35.90310556,139.6659667
–k‹æ,35.90311111,139.65905
–k‹æ,35.90315278,139.6597194
–k‹æ,35.90316111,139.6554306
–k‹æ,35.90324167,139.6555722
–k‹æ,35.90324722,139.6736111
–k‹æ,35.90326111,139.6857917
–k‹æ,35.90327778,139.6668361
–k‹æ,35.90328056,139.6881278
–k‹æ,35.90330278,139.6682556
–k‹æ,35.90333056,139.6570611
–k‹æ,35.90336667,139.6740139
–k‹æ,35.903425,139.6748194
–k‹æ,35.90364167,139.6647167
–k‹æ,35.90365278,139.6838722
–k‹æ,35.90367222,139.6600722
–k‹æ,35.90370833,139.6897667
–k‹æ,35.90373056,139.6636694
–k‹æ,35.90374722,139.6625972
–k‹æ,35.90379861,139.6612572
–k‹æ,35.90388611,139.6793167
–k‹æ,35.90394722,139.6889722
–k‹æ,35.90406111,139.676075
–k‹æ,35.90408472,139.666155
–k‹æ,35.90410417,139.6688644
–k‹æ,35.90410556,139.6670833
–k‹æ,35.90411389,139.6548444
–k‹æ,35.90413333,139.6720639
–k‹æ,35.90415556,139.6560194
–k‹æ,35.90425556,139.676975
–k‹æ,35.90427222,139.6730006
–k‹æ,35.90441667,139.6604444
–k‹æ,35.90451389,139.6900222
–k‹æ,35.90451667,139.6663917
–k‹æ,35.90451944,139.6900333
–k‹æ,35.90466944,139.6681139
–k‹æ,35.90469167,139.6611556
–k‹æ,35.90478611,139.6878778
–k‹æ,35.90482778,139.6541917
–k‹æ,35.90486944,139.652325
–k‹æ,35.90493472,139.6535544
–k‹æ,35.90503889,139.6548139
–k‹æ,35.90504167,139.6553611
–k‹æ,35.90515556,139.6651861
–k‹æ,35.905175,139.6696861
–k‹æ,35.90522222,139.6782389
–k‹æ,35.90523611,139.6634472
–k‹æ,35.90524167,139.6707472
–k‹æ,35.90526944,139.6580111
–k‹æ,35.90527222,139.6889028
–k‹æ,35.905275,139.6756417
–k‹æ,35.90535278,139.6570833
–k‹æ,35.90547222,139.6661806
–k‹æ,35.90548333,139.6853306
–k‹æ,35.90552222,139.6894778
–k‹æ,35.905575,139.6730961
–k‹æ,35.90569167,139.65615
–k‹æ,35.90575417,139.6852558
–k‹æ,35.90582778,139.6725917
–k‹æ,35.90582778,139.6619333
–k‹æ,35.90585278,139.6791806
–k‹æ,35.90588333,139.6609583
–k‹æ,35.90590833,139.6743389
–k‹æ,35.90590833,139.6734778
–k‹æ,35.90591944,139.6871083
–k‹æ,35.90596944,139.6773778
–k‹æ,35.90605833,139.6706472
–k‹æ,35.90606944,139.674725
–k‹æ,35.90613333,139.6591083
–k‹æ,35.90621111,139.6804444
–k‹æ,35.90625417,139.6831678
–k‹æ,35.90627778,139.6760667
–k‹æ,35.90631667,139.6576194
–k‹æ,35.90635556,139.69
–k‹æ,35.90648611,139.6795972
–k‹æ,35.90655278,139.6562056
–k‹æ,35.90656944,139.6882139
–k‹æ,35.90668333,139.6552556
–k‹æ,35.90671806,139.6724844
–k‹æ,35.906825,139.6867139
–k‹æ,35.90688611,139.6848361
–k‹æ,35.90697222,139.6609056
–k‹æ,35.906975,139.6536139
–k‹æ,35.90719167,139.6524278
–k‹æ,35.907225,139.6815528
–k‹æ,35.90737778,139.6600806
–k‹æ,35.90737778,139.6883694
–k‹æ,35.90750556,139.6780167
–k‹æ,35.907525,139.6710417
–k‹æ,35.907575,139.6897389
–k‹æ,35.90787222,139.6723667
–k‹æ,35.90788611,139.6856778
–k‹æ,35.90795278,139.6577639
–k‹æ,35.908,139.6590417
–k‹æ,35.90808056,139.6810889
–k‹æ,35.90808056,139.6621611
–k‹æ,35.90809444,139.6566139
–k‹æ,35.90825278,139.6566306
–k‹æ,35.90848889,139.6565861
–k‹æ,35.90866528,139.672155
–k‹æ,35.90876389,139.6666806
–k‹æ,35.90877778,139.6830111
–k‹æ,35.90895,139.6859861
–k‹æ,35.9092,139.6605972
–k‹æ,35.90923333,139.6691833
–k‹æ,35.90925833,139.6739278
–k‹æ,35.90928889,139.6551944
–k‹æ,35.90937222,139.677425
–k‹æ,35.9094,139.671025
–k‹æ,35.90951389,139.6673778
–k‹æ,35.90952778,139.6557194
–k‹æ,35.9096,139.6583472
–k‹æ,35.90974167,139.6890056
–k‹æ,35.90977778,139.6828111
–k‹æ,35.90979444,139.6725333
–k‹æ,35.90980833,139.6514389
–k‹æ,35.90987778,139.6845194
–k‹æ,35.90988333,139.6572611
–k‹æ,35.909975,139.6807111
–k‹æ,35.910075,139.6858222
–k‹æ,35.91026944,139.6818444
–k‹æ,35.91033889,139.6597583
–k‹æ,35.91039444,139.6667417
–k‹æ,35.91040833,139.6598167
–k‹æ,35.91041944,139.6696389
–k‹æ,35.91042778,139.6681194
–k‹æ,35.9105,139.6567028
–k‹æ,35.91061389,139.6955833
–k‹æ,35.91062778,139.6578806
–k‹æ,35.91066389,139.6599778
–k‹æ,35.910725,139.6861222
–k‹æ,35.91085556,139.6545222
–k‹æ,35.91088056,139.6793917
–k‹æ,35.91103056,139.6678417
–k‹æ,35.91104722,139.6653417
–k‹æ,35.9112,139.6754506
–k‹æ,35.91124444,139.6661167
–k‹æ,35.91133333,139.6572139
–k‹æ,35.91141944,139.6716861
–k‹æ,35.91145833,139.6731083
–k‹æ,35.91153333,139.6779889
–k‹æ,35.91166667,139.6667
–k‹æ,35.91168889,139.65645
–k‹æ,35.91172222,139.6736667
–k‹æ,35.91175556,139.6706083
–k‹æ,35.91176944,139.6689444
–k‹æ,35.91183611,139.6673167
–k‹æ,35.91188056,139.6556611
–k‹æ,35.91196944,139.6861722
–k‹æ,35.91199167,139.675275
–k‹æ,35.91203056,139.6574333
–k‹æ,35.91207222,139.6511583
–k‹æ,35.91210556,139.6769
–k‹æ,35.91221944,139.6524167
–k‹æ,35.912225,139.6561167
–k‹æ,35.91223889,139.6583222
–k‹æ,35.91225,139.6753444
–k‹æ,35.91230556,139.6641833
–k‹æ,35.91250833,139.6762556
–k‹æ,35.91253611,139.6618111
–k‹æ,35.91258333,139.6548583
–k‹æ,35.91263611,139.6725028
–k‹æ,35.91266667,139.6713667
–k‹æ,35.912675,139.6557306
–k‹æ,35.91280556,139.693425
–k‹æ,35.91295556,139.6736139
–k‹æ,35.91305278,139.6570528
–k‹æ,35.91307222,139.6511333
–k‹æ,35.91319167,139.6556528
–k‹æ,35.91319722,139.6777639
–k‹æ,35.9134,139.6589361
–k‹æ,35.91342778,139.6527806
–k‹æ,35.91343333,139.6562278
–k‹æ,35.91352222,139.6505972
–k‹æ,35.91358056,139.6490611
–k‹æ,35.913625,139.6555444
–k‹æ,35.91363889,139.6586056
–k‹æ,35.91374722,139.6719611
–k‹æ,35.91374722,139.6543694
–k‹æ,35.91392778,139.6517389
–k‹æ,35.91411111,139.6616917
–k‹æ,35.91414167,139.6691472
–k‹æ,35.91416111,139.6645194
–k‹æ,35.91418333,139.6635056
–k‹æ,35.9144,139.6702
–k‹æ,35.91445278,139.6590917
–k‹æ,35.91450556,139.6789722
–k‹æ,35.914525,139.6569528
–k‹æ,35.91460833,139.6507778
–k‹æ,35.91465833,139.6544861
–k‹æ,35.91468889,139.6727111
–k‹æ,35.914725,139.6731528
–k‹æ,35.91476111,139.6929444
–k‹æ,35.91478333,139.6741833
–k‹æ,35.91479444,139.6909639
–k‹æ,35.91483611,139.6549833
–k‹æ,35.914975,139.64865
–k‹æ,35.91501111,139.69325
–k‹æ,35.91505,139.6696083
–k‹æ,35.91508611,139.6716389
–k‹æ,35.91509167,139.6551306
–k‹æ,35.91515278,139.6744361
–k‹æ,35.91535278,139.6628639
–k‹æ,35.91541111,139.6495583
–k‹æ,35.91541389,139.6586333
–k‹æ,35.91543056,139.6685194
–k‹æ,35.91544167,139.6497583
–k‹æ,35.91545833,139.6770194
–k‹æ,35.91564167,139.6644556
–k‹æ,35.91566111,139.6548778
–k‹æ,35.91568611,139.6759528
–k‹æ,35.91571111,139.6508417
–k‹æ,35.91574444,139.6747278
–k‹æ,35.91578889,139.6669278
–k‹æ,35.91585,139.6791944
–k‹æ,35.91588611,139.6544722
–k‹æ,35.91590278,139.6489917
–k‹æ,35.91593056,139.6672944
–k‹æ,35.91594722,139.6738889
–k‹æ,35.91595,139.6715333
–k‹æ,35.91602222,139.6823083
–k‹æ,35.91602778,139.6781722
–k‹æ,35.91606667,139.6763611
–k‹æ,35.916175,139.6620444
–k‹æ,35.91623333,139.6506139
–k‹æ,35.91626111,139.6836278
–k‹æ,35.91626389,139.6632556
–k‹æ,35.91629722,139.6736361
–k‹æ,35.91636111,139.6607444
–k‹æ,35.91639167,139.6517833
–k‹æ,35.91641667,139.669675
–k‹æ,35.91653056,139.6749806
–k‹æ,35.91660833,139.66365
–k‹æ,35.91668611,139.6704333
–k‹æ,35.91672222,139.6704306
–k‹æ,35.91672778,139.6542583
–k‹æ,35.91673889,139.6761972
–k‹æ,35.91685556,139.6804889
–k‹æ,35.91694444,139.6568639
–k‹æ,35.91696111,139.6612528
–k‹æ,35.917025,139.6889028
–k‹æ,35.91706389,139.6530556
–k‹æ,35.91715278,139.6500556
–k‹æ,35.91723611,139.6580806
–k‹æ,35.91724444,139.6543083
–k‹æ,35.91728056,139.6604833
–k‹æ,35.9175,139.6704639
–k‹æ,35.91751944,139.6579639
–k‹æ,35.91753333,139.6789056
–k‹æ,35.91754444,139.6717722
–k‹æ,35.91758056,139.6900361
–k‹æ,35.91758611,139.6587861
–k‹æ,35.91759722,139.6705917
–k‹æ,35.91760556,139.6647889
–k‹æ,35.91777778,139.6569
–k‹æ,35.91777778,139.6575528
–k‹æ,35.91778333,139.6713806
–k‹æ,35.917875,139.6801389
–k‹æ,35.91788333,139.6794444
–k‹æ,35.91795556,139.6538694
–k‹æ,35.91797222,139.6726778
–k‹æ,35.91798333,139.6733389
–k‹æ,35.91806944,139.6591806
–k‹æ,35.91809722,139.6628806
–k‹æ,35.91810556,139.6691083
–k‹æ,35.91821667,139.6820139
–k‹æ,35.91825,139.6495056
–k‹æ,35.91835556,139.6536139
–k‹æ,35.91836667,139.6715806
–k‹æ,35.91838333,139.6686472
–k‹æ,35.9185,139.6763194
–k‹æ,35.91863333,139.6680833
–k‹æ,35.91868333,139.6890333
–k‹æ,35.91868333,139.6564472
–k‹æ,35.91879444,139.65315
–k‹æ,35.91898333,139.6733667
–k‹æ,35.91899444,139.6710167
–k‹æ,35.919025,139.6764778
–k‹æ,35.91903333,139.6776083
–k‹æ,35.91904444,139.6694472
–k‹æ,35.91913333,139.67505
–k‹æ,35.91913889,139.6797667
–k‹æ,35.91926111,139.6496444
–k‹æ,35.91928611,139.6642528
–k‹æ,35.91932778,139.6814139
–k‹æ,35.91933056,139.6523722
–k‹æ,35.91941944,139.6866333
–k‹æ,35.91955,139.6709889
–k‹æ,35.91957222,139.6574917
–k‹æ,35.91961111,139.6486806
–k‹æ,35.91966528,139.6699478
–k‹æ,35.91970278,139.677825
–k‹æ,35.91973333,139.6522667
–k‹æ,35.91999722,139.6877
–k‹æ,35.92009167,139.6615694
–k‹æ,35.92017222,139.6802417
–k‹æ,35.92020639,139.6675739
–k‹æ,35.92025833,139.6811972
–k‹æ,35.92028056,139.6773861
–k‹æ,35.92032778,139.6726639
–k‹æ,35.92035833,139.6507611
–k‹æ,35.92038056,139.6705944
–k‹æ,35.92045278,139.658525
–k‹æ,35.92046389,139.6742139
–k‹æ,35.92046389,139.66901
–k‹æ,35.92048056,139.6737972
–k‹æ,35.92050278,139.6754889
–k‹æ,35.92050556,139.6712194
–k‹æ,35.92056111,139.6565111
–k‹æ,35.92064167,139.6483278
–k‹æ,35.92065,139.6601639
–k‹æ,35.92066667,139.6552444
–k‹æ,35.92066944,139.6664278
–k‹æ,35.92068611,139.6514417
–k‹æ,35.92075556,139.6791778
–k‹æ,35.92079167,139.6984972
–k‹æ,35.92079167,139.6574194
–k‹æ,35.92080556,139.6497861
–k‹æ,35.920825,139.6644722
–k‹æ,35.92083333,139.6633
–k‹æ,35.92093611,139.6508111
–k‹æ,35.92093611,139.6694861
–k‹æ,35.92097222,139.685175
–k‹æ,35.920975,139.6786028
–k‹æ,35.92099444,139.6865306
–k‹æ,35.92103333,139.6706611
–k‹æ,35.92111389,139.6758889
–k‹æ,35.92115556,139.6509278
–k‹æ,35.921175,139.6525444
–k‹æ,35.92129722,139.6555917
–k‹æ,35.9213,139.6742861
–k‹æ,35.92130278,139.6600917
–k‹æ,35.92133056,139.6699778
–k‹æ,35.92134444,139.6781417
–k‹æ,35.92138333,139.6468194
–k‹æ,35.92141611,139.6668122
–k‹æ,35.92145833,139.6563611
–k‹æ,35.92148611,139.666725
–k‹æ,35.92149722,139.64995
–k‹æ,35.92150833,139.6494306
–k‹æ,35.92151667,139.6697861
–k‹æ,35.92153056,139.6509556
–k‹æ,35.92155278,139.6586611
–k‹æ,35.9216,139.6478028
–k‹æ,35.92166944,139.6743639
–k‹æ,35.92176944,139.6797083
–k‹æ,35.92184167,139.6485972
–k‹æ,35.92187222,139.6535778
–k‹æ,35.92196111,139.6787833
–k‹æ,35.92205278,139.6555528
–k‹æ,35.92214306,139.6743256
–k‹æ,35.92218611,139.6861139
–k‹æ,35.92220833,139.6778222
–k‹æ,35.92228333,139.6717861
–k‹æ,35.92235278,139.650225
–k‹æ,35.922375,139.6718278
–k‹æ,35.92240278,139.668725
–k‹æ,35.92246667,139.6620278
–k‹æ,35.92252778,139.6730278
–k‹æ,35.92253611,139.6773639
–k‹æ,35.92256944,139.6806
–k‹æ,35.92261667,139.651125
–k‹æ,35.92266389,139.6749556
–k‹æ,35.92269167,139.6672556
–k‹æ,35.92273333,139.6837083
–k‹æ,35.92274722,139.6706167
–k‹æ,35.92274722,139.6909722
–k‹æ,35.9228,139.6637
–k‹æ,35.92280556,139.67085
–k‹æ,35.92281111,139.6726417
–k‹æ,35.92284444,139.6543028
–k‹æ,35.92285,139.670275
–k‹æ,35.92285556,139.6523222
–k‹æ,35.92287222,139.6710444
–k‹æ,35.92294444,139.6777444
–k‹æ,35.92296111,139.6911667
–k‹æ,35.92296667,139.6783
–k‹æ,35.92301111,139.6491333
–k‹æ,35.92306667,139.6533667
–k‹æ,35.92308056,139.649975
–k‹æ,35.92312778,139.6565444
–k‹æ,35.92313889,139.6479833
–k‹æ,35.92317222,139.6574528
–k‹æ,35.92319444,139.6543
–k‹æ,35.92320556,139.6795306
–k‹æ,35.92329722,139.6849389
–k‹æ,35.9233,139.6724667
–k‹æ,35.92334722,139.6706583
–k‹æ,35.92356111,139.6659444
–k‹æ,35.92363056,139.6668944
–k‹æ,35.923675,139.667725
–k‹æ,35.92368333,139.6798639
–k‹æ,35.92374167,139.68315
–k‹æ,35.92374722,139.6501722
–k‹æ,35.92392778,139.6652944
–k‹æ,35.92403333,139.6724361
–k‹æ,35.92408333,139.6525833
–k‹æ,35.92410833,139.6539333
–k‹æ,35.92413333,139.6874694
–k‹æ,35.92415833,139.6787639
–k‹æ,35.92419444,139.6520556
–k‹æ,35.92426389,139.6562278
–k‹æ,35.92428611,139.6768333
–k‹æ,35.92429722,139.687325
–k‹æ,35.92438056,139.6879667
–k‹æ,35.92438889,139.6871389
–k‹æ,35.92441667,139.6731167
–k‹æ,35.92443056,139.6550861
–k‹æ,35.92445833,139.6743056
–k‹æ,35.92451111,139.6680389
–k‹æ,35.92456389,139.6709278
–k‹æ,35.924625,139.6486278
–k‹æ,35.92463889,139.6753056
–k‹æ,35.92467222,139.672125
–k‹æ,35.92467778,139.6804306
–k‹æ,35.92477222,139.6668444
–k‹æ,35.92478889,139.6545611
–k‹æ,35.92483611,139.6653222
–k‹æ,35.92484444,139.6841667
–k‹æ,35.92500556,139.6566056
–k‹æ,35.92506944,139.6710944
–k‹æ,35.92518611,139.6913917
–k‹æ,35.92528333,139.6823194
–k‹æ,35.92529444,139.6576361
–k‹æ,35.92543889,139.674025
–k‹æ,35.925475,139.6856833
–k‹æ,35.92551944,139.6610694
–k‹æ,35.92555556,139.6812167
–k‹æ,35.925575,139.6710778
–k‹æ,35.92561389,139.6793528
–k‹æ,35.92566111,139.6790861
–k‹æ,35.92573056,139.6725028
–k‹æ,35.92576667,139.6703333
–k‹æ,35.92577222,139.6467444
–k‹æ,35.92584444,139.6466167
–k‹æ,35.92585833,139.6464139
–k‹æ,35.92588889,139.6727722
–k‹æ,35.92589722,139.6544139
–k‹æ,35.926025,139.6779139
–k‹æ,35.92604167,139.6948417
–k‹æ,35.92609722,139.6590722
–k‹æ,35.92611111,139.6686806
–k‹æ,35.92616944,139.6619361
–k‹æ,35.92617778,139.6639694
–k‹æ,35.92625278,139.6863806
–k‹æ,35.92629444,139.6469111
–k‹æ,35.926475,139.6797306
–k‹æ,35.92649444,139.6548067
–k‹æ,35.92656111,139.6702139
–k‹æ,35.92656944,139.67175
–k‹æ,35.9266,139.6717306
–k‹æ,35.92663056,139.6485167
–k‹æ,35.92667778,139.6574639
–k‹æ,35.92668333,139.6744722
–k‹æ,35.92674444,139.6560694
–k‹æ,35.92675278,139.6589667
–k‹æ,35.92677222,139.6764417
–k‹æ,35.92677222,139.6490056
–k‹æ,35.92682222,139.6590694
–k‹æ,35.92695556,139.6614139
–k‹æ,35.92695833,139.6604111
–k‹æ,35.92696389,139.6618333
–k‹æ,35.92697222,139.672675
–k‹æ,35.92698333,139.6606306
–k‹æ,35.92710833,139.6785667
–k‹æ,35.92714444,139.6842611
–k‹æ,35.92719167,139.6803306
–k‹æ,35.92721111,139.6709361
–k‹æ,35.92735833,139.6780528
–k‹æ,35.92736389,139.6861278
–k‹æ,35.92738611,139.6815111
–k‹æ,35.92740833,139.6521222
–k‹æ,35.92743056,139.6633333
–k‹æ,35.92748056,139.6461611
–k‹æ,35.92751667,139.69045
–k‹æ,35.92754167,139.6740139
–k‹æ,35.92756111,139.6697694
–k‹æ,35.927575,139.657825
–k‹æ,35.92760278,139.6700111
–k‹æ,35.92772222,139.6871083
–k‹æ,35.92779722,139.6678583
–k‹æ,35.9278,139.6678611
–k‹æ,35.92781389,139.6743889
–k‹æ,35.92781389,139.6753444
–k‹æ,35.92783889,139.6591694
–k‹æ,35.92786111,139.6549417
–k‹æ,35.92793056,139.6692639
–k‹æ,35.92794306,139.6646889
–k‹æ,35.92797222,139.6745194
–k‹æ,35.92801111,139.6821306
–k‹æ,35.92803333,139.6809528
–k‹æ,35.92808056,139.6773861
–k‹æ,35.9281,139.6770306
–k‹æ,35.92812222,139.6583361
–k‹æ,35.92813611,139.6602889
–k‹æ,35.92814167,139.66895
–k‹æ,35.92816667,139.6900056
–k‹æ,35.92823333,139.6515361
–k‹æ,35.92824167,139.6797972
–k‹æ,35.92826944,139.6563
–k‹æ,35.92827778,139.6766222
–k‹æ,35.92833056,139.6840444
–k‹æ,35.92835,139.6793444
–k‹æ,35.92843333,139.6573028
–k‹æ,35.92848333,139.6660167
–k‹æ,35.92848889,139.661225
–k‹æ,35.92849722,139.6692806
–k‹æ,35.92850833,139.6687417
–k‹æ,35.92854444,139.6722333
–k‹æ,35.92858889,139.6828139
–k‹æ,35.92863889,139.685025
–k‹æ,35.92864722,139.6591972
–k‹æ,35.92867222,139.6687306
–k‹æ,35.92870278,139.6597278
–k‹æ,35.92872778,139.6725361
–k‹æ,35.92874722,139.6674972
–k‹æ,35.92876111,139.6804194
–k‹æ,35.92878889,139.6706278
–k‹æ,35.92881111,139.6751278
–k‹æ,35.92886667,139.6769028
–k‹æ,35.928875,139.646775
–k‹æ,35.92888889,139.6806389
–k‹æ,35.92889167,139.6582528
–k‹æ,35.92906389,139.6697556
–k‹æ,35.92907778,139.6727417
–k‹æ,35.92917222,139.6559972
–k‹æ,35.92919167,139.6805889
–k‹æ,35.92919167,139.6735583
–k‹æ,35.92921389,139.6603111
–k‹æ,35.92923333,139.6680056
–k‹æ,35.9293,139.6493694
–k‹æ,35.92931389,139.6710222
–k‹æ,35.92933333,139.6512861
–k‹æ,35.9294,139.6743861
–k‹æ,35.92943333,139.6732333
–k‹æ,35.92944167,139.6831528
–k‹æ,35.92944167,139.6616833
–k‹æ,35.92951111,139.6779389
–k‹æ,35.92961111,139.6584639
–k‹æ,35.92963333,139.6799222
–k‹æ,35.92972778,139.6721694
–k‹æ,35.92980556,139.6814556
–k‹æ,35.92981389,139.6760583
–k‹æ,35.92989722,139.6695833
–k‹æ,35.92990833,139.6492556
–k‹æ,35.92991944,139.6749278
–k‹æ,35.92993056,139.6521
–k‹æ,35.93011389,139.6676083
–k‹æ,35.93011667,139.6742167
–k‹æ,35.93016389,139.6669306
–k‹æ,35.93016667,139.6684889
–k‹æ,35.93017222,139.6542111
–k‹æ,35.93019167,139.65615
–k‹æ,35.93021111,139.6713556
–k‹æ,35.93021944,139.6795556
–k‹æ,35.93023333,139.6747
–k‹æ,35.93030556,139.6587667
–k‹æ,35.93033333,139.6578861
–k‹æ,35.93033889,139.6699694
–k‹æ,35.93035833,139.6845806
–k‹æ,35.93039167,139.6628528
–k‹æ,35.93040833,139.6511944
–k‹æ,35.93050556,139.6755639
–k‹æ,35.93052222,139.683175
–k‹æ,35.93058611,139.6742461
–k‹æ,35.93065,139.6494278
–k‹æ,35.930675,139.6743111
–k‹æ,35.93069444,139.6570194
–k‹æ,35.93070833,139.6770056
–k‹æ,35.93071944,139.6708361
–k‹æ,35.93080833,139.6604583
–k‹æ,35.93090556,139.6791222
–k‹æ,35.93101111,139.6494472
–k‹æ,35.93103889,139.6502639
–k‹æ,35.93104444,139.6822583
–k‹æ,35.93105,139.6524167
–k‹æ,35.93111111,139.6581639
–k‹æ,35.93124167,139.667525
–k‹æ,35.93124722,139.6722972
–k‹æ,35.93135833,139.6478417
–k‹æ,35.93139444,139.6697611
–k‹æ,35.93141667,139.667325
–k‹æ,35.93146944,139.6710361
–k‹æ,35.93155278,139.6563861
–k‹æ,35.93161472,139.6793361
–k‹æ,35.93165833,139.673025
–k‹æ,35.93168889,139.6776056
–k‹æ,35.93169167,139.6528778
–k‹æ,35.93170278,139.6639278
–k‹æ,35.93176667,139.6605917
–k‹æ,35.93179722,139.6765833
–k‹æ,35.93184167,139.6665306
–k‹æ,35.93186667,139.6598056
–k‹æ,35.931875,139.6608306
–k‹æ,35.93192222,139.664825
–k‹æ,35.932025,139.6491028
–k‹æ,35.93203611,139.6597861
–k‹æ,35.93203889,139.6694361
–k‹æ,35.93214167,139.675975
–k‹æ,35.932225,139.6584694
–k‹æ,35.93223611,139.6738444
–k‹æ,35.93224722,139.6668083
–k‹æ,35.93225278,139.66835
–k‹æ,35.93226944,139.6794944
–k‹æ,35.932275,139.6662278
–k‹æ,35.93228056,139.6746806
–k‹æ,35.93232778,139.661725
–k‹æ,35.93233056,139.6758917
–k‹æ,35.93241111,139.6731583
–k‹æ,35.93241389,139.6626389
–k‹æ,35.93242222,139.6763944
–k‹æ,35.93244722,139.673125
–k‹æ,35.93245833,139.6601444
–k‹æ,35.93256667,139.6510206
–k‹æ,35.93258333,139.6478833
–k‹æ,35.93258333,139.6722
–k‹æ,35.93258889,139.6554583
–k‹æ,35.93269444,139.6492639
–k‹æ,35.93269444,139.6542417
–k‹æ,35.93271389,139.6736722
–k‹æ,35.932775,139.674125
–k‹æ,35.93288611,139.6649
–k‹æ,35.93289167,139.6641722
–k‹æ,35.93290278,139.6588833
–k‹æ,35.932925,139.6593944
–k‹æ,35.93297222,139.6767167
–k‹æ,35.93299722,139.6711917
–k‹æ,35.93300278,139.6576528
–k‹æ,35.93310556,139.675815
–k‹æ,35.93311667,139.6511722
–k‹æ,35.93312778,139.6730917
–k‹æ,35.93317361,139.6702178
–k‹æ,35.933175,139.6576556
–k‹æ,35.9331875,139.6490456
–k‹æ,35.9332,139.6524389
–k‹æ,35.93324167,139.6810333
–k‹æ,35.93326389,139.6577278
–k‹æ,35.93326667,139.6501056
–k‹æ,35.93328333,139.6787806
–k‹æ,35.93337222,139.6746194
–k‹æ,35.9334,139.6537611
–k‹æ,35.93345278,139.6735861
–k‹æ,35.93353889,139.6590139
–k‹æ,35.93368611,139.647725
–k‹æ,35.93389167,139.6823417
–k‹æ,35.93389722,139.6780333
–k‹æ,35.93394306,139.67133
–k‹æ,35.93394444,139.6767694
–k‹æ,35.93403889,139.6803111
–k‹æ,35.93409167,139.6489667
–k‹æ,35.93409444,139.6657667
–k‹æ,35.934175,139.6791611
–k‹æ,35.93421944,139.6760944
–k‹æ,35.93426111,139.6797694
–k‹æ,35.93426111,139.6619722
–k‹æ,35.93431111,139.6738722
–k‹æ,35.93435,139.6601722
–k‹æ,35.93435278,139.6748389
–k‹æ,35.93448056,139.6518917
–k‹æ,35.93450833,139.6553917
–k‹æ,35.93453056,139.6814056
–k‹æ,35.93458056,139.6645694
–k‹æ,35.93459583,139.6669367
–k‹æ,35.93463611,139.6708444
–k‹æ,35.93467778,139.6788806
–k‹æ,35.93468056,139.6590944
–k‹æ,35.93468889,139.6704778
–k‹æ,35.93469722,139.6736111
–k‹æ,35.93475556,139.671425
–k‹æ,35.93477222,139.648825
–k‹æ,35.93491111,139.6797333
–k‹æ,35.93503056,139.673575
–k‹æ,35.93504722,139.6724222
–k‹æ,35.93512778,139.6600167
–k‹æ,35.93526667,139.6796778
–k‹æ,35.93528056,139.6724194
–k‹æ,35.93542222,139.6755
–k‹æ,35.93543333,139.65195
–k‹æ,35.93552222,139.6637194
–k‹æ,35.93568611,139.6735528
–k‹æ,35.93577778,139.6767722
–k‹æ,35.93583889,139.6743306
–k‹æ,35.93585833,139.6832444
–k‹æ,35.93593056,139.6620806
–k‹æ,35.93605833,139.6505944
–k‹æ,35.93606389,139.6781972
–k‹æ,35.93609722,139.6669583
–k‹æ,35.9362,139.6570528
–k‹æ,35.936225,139.6727
–k‹æ,35.93622778,139.6798778
–k‹æ,35.93626111,139.6500694
–k‹æ,35.93631389,139.68065
–k‹æ,35.93641111,139.677375
–k‹æ,35.93641389,139.6660694
–k‹æ,35.93651944,139.6714139
–k‹æ,35.93671944,139.6789028
–k‹æ,35.93672222,139.6631722
–k‹æ,35.93673333,139.6511972
–k‹æ,35.93675556,139.6516167
–k‹æ,35.93677222,139.6701417
–k‹æ,35.93677222,139.6456667
–k‹æ,35.93684444,139.6484667
–k‹æ,35.93687222,139.6533889
–k‹æ,35.93697778,139.6470417
–k‹æ,35.93698611,139.64815
–k‹æ,35.93705,139.6731111
–k‹æ,35.93718889,139.6718778
–k‹æ,35.93730833,139.6846111
–k‹æ,35.93741667,139.6486167
–k‹æ,35.93744722,139.6444833
–k‹æ,35.93751667,139.6486167
–k‹æ,35.93752778,139.6461583
–k‹æ,35.93755278,139.6596
–k‹æ,35.93760556,139.6683083
–k‹æ,35.93762222,139.6681667
–k‹æ,35.93764167,139.6470111
–k‹æ,35.93778889,139.6609611
–k‹æ,35.93781389,139.6702694
–k‹æ,35.93794167,139.6840889
–k‹æ,35.93798056,139.6477111
–k‹æ,35.93805278,139.6649222
–k‹æ,35.93814167,139.6627778
–k‹æ,35.9382,139.67235
–k‹æ,35.93821667,139.6554917
–k‹æ,35.93823333,139.6438944
–k‹æ,35.938325,139.6612806
–k‹æ,35.93836667,139.6773278
–k‹æ,35.93837778,139.6714694
–k‹æ,35.93838611,139.6520056
–k‹æ,35.93843056,139.6439556
–k‹æ,35.93843056,139.6701556
–k‹æ,35.93844167,139.6694944
–k‹æ,35.93851111,139.6495361
–k‹æ,35.93852222,139.6710667
–k‹æ,35.93856944,139.6424528
–k‹æ,35.93858333,139.6447222
–k‹æ,35.93872778,139.6523556
–k‹æ,35.93872778,139.6529917
–k‹æ,35.93875833,139.6590722
–k‹æ,35.93876389,139.6766583
–k‹æ,35.93903889,139.6490333
–k‹æ,35.93906389,139.6837639
–k‹æ,35.93906667,139.6578028
–k‹æ,35.93909444,139.6436194
–k‹æ,35.93911667,139.6456111
–k‹æ,35.93918056,139.6546611
–k‹æ,35.93918333,139.6701861
–k‹æ,35.93924444,139.6721306
–k‹æ,35.93925278,139.6465306
–k‹æ,35.93933056,139.6655361
–k‹æ,35.93936389,139.6523167
–k‹æ,35.93941389,139.6701917
–k‹æ,35.93944444,139.6472222
–k‹æ,35.939575,139.6444361
–k‹æ,35.93965833,139.6480944
–k‹æ,35.93970278,139.6757083
–k‹æ,35.93970833,139.6513028
–k‹æ,35.93973056,139.6495889
–k‹æ,35.93984722,139.6537694
–k‹æ,35.93987778,139.6427667
–k‹æ,35.93988333,139.644775
–k‹æ,35.93991667,139.6742639
–k‹æ,35.93995556,139.6649444
–k‹æ,35.93996944,139.6661361
–k‹æ,35.93998333,139.669575
–k‹æ,35.94011944,139.6676889
–k‹æ,35.94025556,139.6412861
–k‹æ,35.94026667,139.6614694
–k‹æ,35.94030278,139.6467444
–k‹æ,35.94032778,139.6399528
–k‹æ,35.94039722,139.6418778
–k‹æ,35.94047778,139.6469389
–k‹æ,35.94048056,139.6667417
–k‹æ,35.94048333,139.6397472
–k‹æ,35.94049444,139.6601722
–k‹æ,35.94061111,139.6560728
–k‹æ,35.94066111,139.6442111
–k‹æ,35.94076667,139.683325
–k‹æ,35.94076944,139.6611861
–k‹æ,35.94079167,139.6771889
–k‹æ,35.940825,139.6689917
–k‹æ,35.94082778,139.6486972
–k‹æ,35.94083889,139.6582667
–k‹æ,35.94084444,139.6429767
–k‹æ,35.94084722,139.6779528
–k‹æ,35.94093611,139.6663583
–k‹æ,35.94098056,139.6425083
–k‹æ,35.941,139.6751528
–k‹æ,35.94100833,139.6474444
–k‹æ,35.94103333,139.6402444
–k‹æ,35.94108611,139.6502333
–k‹æ,35.94110833,139.6413333
–k‹æ,35.94124167,139.6394667
–k‹æ,35.94124722,139.6763722
–k‹æ,35.94124722,139.6766
–k‹æ,35.94136667,139.6399028
–k‹æ,35.94139444,139.6461778
–k‹æ,35.94144167,139.6669028
–k‹æ,35.94160278,139.6680472
–k‹æ,35.94161111,139.6392889
–k‹æ,35.94165556,139.6525389
–k‹æ,35.94169167,139.6464833
–k‹æ,35.94175278,139.6423056
–k‹æ,35.94193611,139.6675944
–k‹æ,35.94199167,139.6704083
–k‹æ,35.94199722,139.6601806
–k‹æ,35.94212778,139.6503306
–k‹æ,35.94214722,139.6411611
–k‹æ,35.94223889,139.6571806
–k‹æ,35.94229722,139.6748139
–k‹æ,35.942375,139.6386306
–k‹æ,35.94241944,139.6446111
–k‹æ,35.94245556,139.6635972
–k‹æ,35.94249722,139.6462083
–k‹æ,35.94250278,139.6519
–k‹æ,35.94250556,139.6714861
–k‹æ,35.942525,139.6649333
–k‹æ,35.94258056,139.64305
–k‹æ,35.94263889,139.6394972
–k‹æ,35.94265,139.6690389
–k‹æ,35.94266944,139.6492722
–k‹æ,35.94267778,139.6438
–k‹æ,35.94276944,139.66675
–k‹æ,35.94282222,139.6627472
–k‹æ,35.94288611,139.6836722
–k‹æ,35.94294167,139.6694222
–k‹æ,35.94301944,139.660975
–k‹æ,35.94312222,139.6406944
–k‹æ,35.94326111,139.6652556
–k‹æ,35.94330833,139.6676333
–k‹æ,35.94338333,139.6633361
–k‹æ,35.94341944,139.6372667
–k‹æ,35.943425,139.6595639
–k‹æ,35.94342778,139.6635417
–k‹æ,35.94344167,139.6391806
–k‹æ,35.94346667,139.6429528
–k‹æ,35.94348056,139.6585472
–k‹æ,35.94356667,139.6629972
–k‹æ,35.94362222,139.6605528
–k‹æ,35.94372778,139.6468528
–k‹æ,35.94381111,139.6632306
–k‹æ,35.94381111,139.6482667
–k‹æ,35.94394444,139.6573139
–k‹æ,35.94409167,139.6396472
–k‹æ,35.94410278,139.6371861
–k‹æ,35.94417222,139.669425
–k‹æ,35.94418056,139.6557111
–k‹æ,35.94420278,139.6608
–k‹æ,35.94420556,139.63665
–k‹æ,35.94425139,139.6541528
–k‹æ,35.94430556,139.6644556
–k‹æ,35.94434722,139.6357222
–k‹æ,35.94439167,139.63835
–k‹æ,35.94443611,139.6410833
–k‹æ,35.94447222,139.6703361
–k‹æ,35.94456111,139.6479
–k‹æ,35.94461667,139.6571583
–k‹æ,35.94463889,139.6558111
–k‹æ,35.94475,139.6491139
–k‹æ,35.94475833,139.6693722
–k‹æ,35.94476111,139.6405528
–k‹æ,35.94483333,139.6397306
–k‹æ,35.94487778,139.6376361
–k‹æ,35.94489722,139.6707861
–k‹æ,35.94490556,139.6365306
–k‹æ,35.94490833,139.6428361
–k‹æ,35.94494722,139.6785222
–k‹æ,35.94495556,139.6607972
–k‹æ,35.94497778,139.6388139
–k‹æ,35.94503889,139.6456028
–k‹æ,35.94511667,139.667075
–k‹æ,35.94517222,139.6457806
–k‹æ,35.94519722,139.6347472
–k‹æ,35.94520556,139.660325
–k‹æ,35.94524444,139.6573861
–k‹æ,35.94527778,139.6637028
–k‹æ,35.94530556,139.6704556
–k‹æ,35.94530833,139.6767583
–k‹æ,35.94533889,139.6471167
–k‹æ,35.94549444,139.6467222
–k‹æ,35.94553611,139.644125
–k‹æ,35.94558056,139.6586833
–k‹æ,35.94562778,139.6680361
–k‹æ,35.94566111,139.6680806
–k‹æ,35.94569444,139.6390278
–k‹æ,35.9457,139.6443806
–k‹æ,35.94570556,139.6490167
–k‹æ,35.94570833,139.6722944
–k‹æ,35.94571667,139.64
–k‹æ,35.94575556,139.661575
–k‹æ,35.94576944,139.6697028
–k‹æ,35.94583056,139.6370889
–k‹æ,35.945875,139.6632889
–k‹æ,35.94588056,139.6358028
–k‹æ,35.94589444,139.6704556
–k‹æ,35.9459,139.6410944
–k‹æ,35.94592778,139.645425
–k‹æ,35.94593056,139.6346611
–k‹æ,35.94594722,139.6574667
–k‹æ,35.94608889,139.6588333
–k‹æ,35.94608889,139.6416889
–k‹æ,35.94610278,139.6754194
–k‹æ,35.94612778,139.6617611
–k‹æ,35.94624167,139.6629917
–k‹æ,35.94625278,139.6716556
–k‹æ,35.94629444,139.6399944
–k‹æ,35.9463,139.6629194
–k‹æ,35.94634167,139.6357694
–k‹æ,35.94637778,139.6732611
–k‹æ,35.94638611,139.6391639
–k‹æ,35.94640278,139.6771
–k‹æ,35.94640833,139.652925
–k‹æ,35.94643611,139.6408444
–k‹æ,35.94643889,139.6809361
–k‹æ,35.94644722,139.6382583
–k‹æ,35.94655,139.6690278
–k‹æ,35.94658889,139.6600694
–k‹æ,35.9466,139.6600806
–k‹æ,35.94663056,139.6445806
–k‹æ,35.94667222,139.6416889
–k‹æ,35.94675278,139.6764444
–k‹æ,35.94677222,139.6818306
–k‹æ,35.94682778,139.6598056
–k‹æ,35.94689167,139.6656222
–k‹æ,35.94691389,139.6622472
–k‹æ,35.94697222,139.6757861
–k‹æ,35.94698056,139.6406111
–k‹æ,35.94699444,139.6699917
–k‹æ,35.94699444,139.6746389
–k‹æ,35.94705,139.6638
–k‹æ,35.94705278,139.6421861
–k‹æ,35.94708611,139.6355833
–k‹æ,35.94714444,139.6410528
–k‹æ,35.94715833,139.6487222
–k‹æ,35.94717778,139.6594417
–k‹æ,35.9472,139.64345
–k‹æ,35.94723611,139.6583472
–k‹æ,35.94726111,139.6810333
–k‹æ,35.94726944,139.6536083
–k‹æ,35.94727222,139.6732778
–k‹æ,35.94735278,139.6790833
–k‹æ,35.947375,139.6805583
–k‹æ,35.947375,139.6371194
–k‹æ,35.947375,139.6363028
–k‹æ,35.94741944,139.666625
–k‹æ,35.94741944,139.6424111
–k‹æ,35.94742222,139.6674722
–k‹æ,35.94746944,139.6443806
–k‹æ,35.94749444,139.6438528
–k‹æ,35.94750278,139.6782556
–k‹æ,35.94751389,139.6495639
–k‹æ,35.94751944,139.6380972
–k‹æ,35.94758056,139.6472306
–k‹æ,35.94761389,139.6758
–k‹æ,35.94761667,139.6701361
–k‹æ,35.94761944,139.6451056
–k‹æ,35.94763333,139.6312333
–k‹æ,35.947675,139.6594472
–k‹æ,35.94768889,139.6723083
–k‹æ,35.94772222,139.655975
–k‹æ,35.94775833,139.6764278
–k‹æ,35.94776389,139.6510083
–k‹æ,35.94779444,139.6543861
–k‹æ,35.94783611,139.6742417
–k‹æ,35.94785833,139.6427833
–k‹æ,35.94789167,139.6623778
–k‹æ,35.94792222,139.6766
–k‹æ,35.94792778,139.6410083
–k‹æ,35.94795278,139.6386889
–k‹æ,35.94800556,139.6325111
–k‹æ,35.94801111,139.6800444
–k‹æ,35.94803056,139.6486917
–k‹æ,35.94803056,139.6361139
–k‹æ,35.94808333,139.6723194
–k‹æ,35.94815,139.6777028
–k‹æ,35.948175,139.6367639
–k‹æ,35.94818333,139.6518472
–k‹æ,35.94822222,139.6658694
–k‹æ,35.94823611,139.6431306
–k‹æ,35.948275,139.673675
–k‹æ,35.94833611,139.6706806
–k‹æ,35.94836111,139.6374667
–k‹æ,35.9484,139.6600222
–k‹æ,35.94840833,139.6692833
–k‹æ,35.94845833,139.6720167
–k‹æ,35.94849444,139.6383833
–k‹æ,35.94849722,139.6573167
–k‹æ,35.94850833,139.6390639
–k‹æ,35.94855556,139.6758806
–k‹æ,35.94862778,139.64485
–k‹æ,35.94863333,139.6556528
–k‹æ,35.94865278,139.6324667
–k‹æ,35.94866944,139.641325
–k‹æ,35.94867222,139.6624639
–k‹æ,35.94868333,139.6705667
–k‹æ,35.94870833,139.6672361
–k‹æ,35.94871944,139.6518639
–k‹æ,35.94874722,139.6641639
–k‹æ,35.94886111,139.6739528
–k‹æ,35.94886111,139.6330694
–k‹æ,35.94887222,139.6658167
–k‹æ,35.94890556,139.6426861
–k‹æ,35.94895833,139.6507028
–k‹æ,35.948975,139.6372278
–k‹æ,35.94901944,139.6689944
–k‹æ,35.94904444,139.6613806
–k‹æ,35.94905833,139.6547361
–k‹æ,35.94908889,139.6313278
–k‹æ,35.94912778,139.6727667
–k‹æ,35.94916944,139.6441361
–k‹æ,35.94921111,139.6391944
–k‹æ,35.94921111,139.6368083
–k‹æ,35.94921667,139.6381444
–k‹æ,35.94925,139.662375
–k‹æ,35.94926389,139.6410694
–k‹æ,35.94931667,139.6560667
–k‹æ,35.94931667,139.66695
–k‹æ,35.94931944,139.6408611
–k‹æ,35.94933611,139.6658889
–k‹æ,35.94940556,139.6429833
–k‹æ,35.94943889,139.6698667
–k‹æ,35.94951111,139.6305556
–k‹æ,35.94951667,139.6795167
–k‹æ,35.94963333,139.6524972
–k‹æ,35.94966111,139.6713639
–k‹æ,35.94966667,139.6795639
–k‹æ,35.94973611,139.67065
–k‹æ,35.94975833,139.6698556
–k‹æ,35.94977222,139.6522278
–k‹æ,35.94979444,139.638975
–k‹æ,35.94984444,139.6337306
–k‹æ,35.94985833,139.6555417
–k‹æ,35.94992222,139.6359028
–k‹æ,35.94997778,139.6380778
–k‹æ,35.95004444,139.6442722
–k‹æ,35.95005556,139.6686694
–k‹æ,35.95011111,139.6667389
–k‹æ,35.95011667,139.6673167
–k‹æ,35.95014167,139.655975
–k‹æ,35.95014444,139.6403111
–k‹æ,35.950175,139.6714028
–k‹æ,35.950225,139.6645972
–k‹æ,35.950275,139.6385583
–k‹æ,35.95034722,139.6664611
–k‹æ,35.95037222,139.6508694
–k‹æ,35.95038889,139.6657472
–k‹æ,35.95043333,139.6723056
–k‹æ,35.95047778,139.6377806
–k‹æ,35.95051111,139.67225
–k‹æ,35.95054444,139.6393417
–k‹æ,35.95057222,139.6551472
–k‹æ,35.95059167,139.6434778
–k‹æ,35.95065278,139.6408611
–k‹æ,35.95065556,139.6713278
–k‹æ,35.95072778,139.6528806
–k‹æ,35.95079167,139.6405694
–k‹æ,35.9508,139.6675028
–k‹æ,35.95080833,139.663675
–k‹æ,35.95083333,139.6689056
–k‹æ,35.95085833,139.6399639
–k‹æ,35.95091111,139.664825
–k‹æ,35.95098889,139.667075
–k‹æ,35.95102222,139.6618972
–k‹æ,35.95105,139.6557833
–k‹æ,35.9511,139.6552944
–k‹æ,35.95115,139.6547528
–k‹æ,35.95119444,139.6713139
–k‹æ,35.95120556,139.6562306
–k‹æ,35.95125833,139.6516389
–k‹æ,35.95133611,139.6574222
–k‹æ,35.95139167,139.6703944
–k‹æ,35.95140278,139.666425
–k‹æ,35.95141389,139.6733583
–k‹æ,35.95141389,139.6672694
–k‹æ,35.95141667,139.6538361
–k‹æ,35.95143611,139.6658111
–k‹æ,35.95146389,139.6610778
–k‹æ,35.95149722,139.6633722
–k‹æ,35.95165278,139.6677722
–k‹æ,35.95165833,139.6740917
–k‹æ,35.95176111,139.6718083
–k‹æ,35.9518,139.6623639
–k‹æ,35.95187778,139.6564139
–k‹æ,35.95188333,139.6692861
–k‹æ,35.95194167,139.6521028
–k‹æ,35.95208611,139.6678639
–k‹æ,35.95211944,139.6554
–k‹æ,35.95221111,139.6668694
–k‹æ,35.95229444,139.6542917
–k‹æ,35.95235556,139.6628944
–k‹æ,35.95236111,139.6715417
–k‹æ,35.95236389,139.661525
–k‹æ,35.95239722,139.6715694
–k‹æ,35.95249167,139.6591
–k‹æ,35.95250833,139.6652611
–k‹æ,35.95256111,139.6742528
–k‹æ,35.95258056,139.6634083
–k‹æ,35.952625,139.6640889
–k‹æ,35.95263889,139.6589722
–k‹æ,35.95269167,139.6718611
–k‹æ,35.95272222,139.6637167
–k‹æ,35.95275556,139.6580583
–k‹æ,35.95277222,139.6544028
–k‹æ,35.95314722,139.6678889
–k‹æ,35.95315,139.66785
–k‹æ,35.95326667,139.6729639
–k‹æ,35.95328889,139.655375
–k‹æ,35.95330278,139.6573183
–k‹æ,35.95338333,139.6626194
–k‹æ,35.95338333,139.6700611
–k‹æ,35.95338889,139.6532306
–k‹æ,35.95341389,139.6619028
–k‹æ,35.95342778,139.6645972
–k‹æ,35.95344722,139.6672722
–k‹æ,35.95349444,139.6635222
–k‹æ,35.95351389,139.6669833
–k‹æ,35.95353889,139.6735322
–k‹æ,35.95359667,139.6578633
–k‹æ,35.95366389,139.6578056
–k‹æ,35.95376667,139.6668306
–k‹æ,35.95386667,139.6610972
–k‹æ,35.95388056,139.667525
–k‹æ,35.95395833,139.6669972
–k‹æ,35.95400278,139.6713444
–k‹æ,35.954025,139.6546972
–k‹æ,35.95426389,139.6576417
–k‹æ,35.95430278,139.6716028
–k‹æ,35.95431111,139.6657667
–k‹æ,35.95443333,139.6646056
–k‹æ,35.95443611,139.6656889
–k‹æ,35.95443611,139.6727889
–k‹æ,35.95448056,139.6564167
–k‹æ,35.95464167,139.6557556
–k‹æ,35.95464444,139.6557583
–k‹æ,35.95464444,139.6665861
–k‹æ,35.95465,139.6674111
–k‹æ,35.9547,139.6569667
–k‹æ,35.95470278,139.6687972
–k‹æ,35.9549,139.6676639
–k‹æ,35.95491667,139.6583083
–k‹æ,35.95496667,139.6561472
–k‹æ,35.95500278,139.6647944
–k‹æ,35.95515,139.6679694
–k‹æ,35.95541944,139.6663194
–k‹æ,35.95547778,139.6650361
–k‹æ,35.95555,139.6677
–k‹æ,35.95568333,139.6640056
–k‹æ,35.95573611,139.6662861
–k‹æ,35.95600833,139.6651194
–k‹æ,35.95613889,139.6660417
–k‹æ,35.95614722,139.6628389
–k‹æ,35.95616111,139.6667861
–k‹æ,35.95623889,139.6538194
–k‹æ,35.95628611,139.6666333
–k‹æ,35.95656944,139.665025
–k‹æ,35.95664444,139.6539028
–k‹æ,35.95665556,139.6673361
–k‹æ,35.956725,139.66655
–k‹æ,35.95680833,139.6581278
–k‹æ,35.95685833,139.6617361
–k‹æ,35.95694722,139.6660694
–k‹æ,35.95713056,139.6590444
–k‹æ,35.95718889,139.6576389
–k‹æ,35.95742778,139.6745111
–k‹æ,35.95742778,139.6623306
–k‹æ,35.95755,139.6605083
–k‹æ,35.95757222,139.6533389
–k‹æ,35.95760556,139.6583833
–k‹æ,35.95764444,139.6598278
–k‹æ,35.95770833,139.6639611
–k‹æ,35.95772222,139.6626194
–k‹æ,35.95791389,139.6581694
–k‹æ,35.95805833,139.6576306
–k‹æ,35.95807222,139.6588694
–k‹æ,35.95817778,139.6619611
–k‹æ,35.95870556,139.6725472
–k‹æ,35.96038056,139.6634111
–k‹æ,35.96044444,139.6670361
‘å‹{‹æ,35.89487361,139.6654928
‘å‹{‹æ,35.89490833,139.6589361
‘å‹{‹æ,35.89492222,139.6618167
‘å‹{‹æ,35.89508056,139.6599917
‘å‹{‹æ,35.895325,139.6591333
‘å‹{‹æ,35.89541667,139.6618889
‘å‹{‹æ,35.89564056,139.6866228
‘å‹{‹æ,35.89565278,139.6619417
‘å‹{‹æ,35.89607778,139.66455
‘å‹{‹æ,35.89699167,139.6921194
‘å‹{‹æ,35.89700278,139.6921194
‘å‹{‹æ,35.897775,139.6697361
‘å‹{‹æ,35.89819722,139.6919944
‘å‹{‹æ,35.89927778,139.6648453
‘å‹{‹æ,35.89931944,139.6622333
‘å‹{‹æ,35.89935806,139.6628778
‘å‹{‹æ,35.89982556,139.6637394
‘å‹{‹æ,35.90103417,139.6900644
‘å‹{‹æ,35.90138,139.6899544
‘å‹{‹æ,35.90422028,139.6973811
‘å‹{‹æ,35.90434167,139.6579778
‘å‹{‹æ,35.90477222,139.6571639
‘å‹{‹æ,35.90483389,139.6526094
‘å‹{‹æ,35.90822222,139.6873194
‘å‹{‹æ,35.90865333,139.6597025
‘å‹{‹æ,35.90873056,139.6584611
‘å‹{‹æ,35.91000278,139.6601556
‘å‹{‹æ,35.91096111,139.6606389
‘å‹{‹æ,35.91123056,139.6608522
‘å‹{‹æ,35.91158694,139.6652061
‘å‹{‹æ,35.91273611,139.6106611
‘å‹{‹æ,35.91283889,139.6084194
‘å‹{‹æ,35.913025,139.6116944
‘å‹{‹æ,35.91313056,139.6008
‘å‹{‹æ,35.91313611,139.6649278
‘å‹{‹æ,35.91321667,139.6003722
‘å‹{‹æ,35.91327222,139.6100444
‘å‹{‹æ,35.91331389,139.6051556
‘å‹{‹æ,35.91336944,139.6017389
‘å‹{‹æ,35.91344167,139.6126778
‘å‹{‹æ,35.91346944,139.6138667
‘å‹{‹æ,35.91353056,139.6106028
‘å‹{‹æ,35.91355,139.6110083
‘å‹{‹æ,35.91362778,139.6030194
‘å‹{‹æ,35.91374722,139.6037944
‘å‹{‹æ,35.91379444,139.6091861
‘å‹{‹æ,35.91385556,139.6001444
‘å‹{‹æ,35.91390556,139.6022667
‘å‹{‹æ,35.91393611,139.6089556
‘å‹{‹æ,35.914,139.6010194
‘å‹{‹æ,35.91404722,139.6117722
‘å‹{‹æ,35.914075,139.6137861
‘å‹{‹æ,35.91407778,139.6243722
‘å‹{‹æ,35.91436111,139.6011306
‘å‹{‹æ,35.9145,139.6095611
‘å‹{‹æ,35.91456111,139.6030583
‘å‹{‹æ,35.91465278,139.6236444
‘å‹{‹æ,35.91470833,139.6043139
‘å‹{‹æ,35.91472222,139.6000417
‘å‹{‹æ,35.91485833,139.6260972
‘å‹{‹æ,35.91486111,139.6054861
‘å‹{‹æ,35.91493361,139.6842742
‘å‹{‹æ,35.915,139.6239194
‘å‹{‹æ,35.91502778,139.6269306
‘å‹{‹æ,35.91511083,139.6824792
‘å‹{‹æ,35.91512222,139.6250078
‘å‹{‹æ,35.91517778,139.6145972
‘å‹{‹æ,35.9152,139.6105694
‘å‹{‹æ,35.91525556,139.6132972
‘å‹{‹æ,35.91528333,139.612875
‘å‹{‹æ,35.91528333,139.599175
‘å‹{‹æ,35.91534722,139.6093611
‘å‹{‹æ,35.91537222,139.6281222
‘å‹{‹æ,35.91546111,139.6141944
‘å‹{‹æ,35.91555278,139.6265861
‘å‹{‹æ,35.91555556,139.6266722
‘å‹{‹æ,35.91556111,139.6258917
‘å‹{‹æ,35.91563333,139.6005833
‘å‹{‹æ,35.91568333,139.6243361
‘å‹{‹æ,35.91583611,139.5998861
‘å‹{‹æ,35.91585556,139.6236061
‘å‹{‹æ,35.91595278,139.6084889
‘å‹{‹æ,35.91598056,139.611725
‘å‹{‹æ,35.91599722,139.6071472
‘å‹{‹æ,35.91603889,139.6131833
‘å‹{‹æ,35.91608889,139.6123028
‘å‹{‹æ,35.91611944,139.6562361
‘å‹{‹æ,35.91611944,139.6136611
‘å‹{‹æ,35.91616667,139.6267167
‘å‹{‹æ,35.91617778,139.6245667
‘å‹{‹æ,35.916225,139.6105917
‘å‹{‹æ,35.91628611,139.6777694
‘å‹{‹æ,35.91634722,139.6092194
‘å‹{‹æ,35.91638056,139.6265778
‘å‹{‹æ,35.91646111,139.6164056
‘å‹{‹æ,35.91648056,139.6169
‘å‹{‹æ,35.91650833,139.627575
‘å‹{‹æ,35.91675833,139.6255222
‘å‹{‹æ,35.91681389,139.6285694
‘å‹{‹æ,35.91686389,139.6279944
‘å‹{‹æ,35.91696667,139.60075
‘å‹{‹æ,35.91701111,139.6228722
‘å‹{‹æ,35.917025,139.6117917
‘å‹{‹æ,35.91703611,139.6261583
‘å‹{‹æ,35.91705,139.6262278
‘å‹{‹æ,35.91717222,139.6145306
‘å‹{‹æ,35.91720556,139.5996694
‘å‹{‹æ,35.91727222,139.6259222
‘å‹{‹æ,35.91733889,139.607325
‘å‹{‹æ,35.91737222,139.6157639
‘å‹{‹æ,35.91741667,139.6071417
‘å‹{‹æ,35.917425,139.6092611
‘å‹{‹æ,35.91743611,139.6091917
‘å‹{‹æ,35.91743611,139.6116833
‘å‹{‹æ,35.91745556,139.6125944
‘å‹{‹æ,35.91750833,139.601175
‘å‹{‹æ,35.91751944,139.6252889
‘å‹{‹æ,35.91755,139.6229806
‘å‹{‹æ,35.91759722,139.6136278
‘å‹{‹æ,35.91761389,139.6228639
‘å‹{‹æ,35.91765,139.6237611
‘å‹{‹æ,35.91768333,139.5985833
‘å‹{‹æ,35.91776944,139.6176333
‘å‹{‹æ,35.91776944,139.5993028
‘å‹{‹æ,35.917775,139.6268889
‘å‹{‹æ,35.91781111,139.6044833
‘å‹{‹æ,35.91801944,139.6273694
‘å‹{‹æ,35.91806667,139.6137694
‘å‹{‹æ,35.91807222,139.6105556
‘å‹{‹æ,35.91811111,139.6281028
‘å‹{‹æ,35.91823889,139.6003361
‘å‹{‹æ,35.91824167,139.6111333
‘å‹{‹æ,35.91826806,139.6656747
‘å‹{‹æ,35.91831944,139.6009889
‘å‹{‹æ,35.91835,139.6056472
‘å‹{‹æ,35.91836389,139.628625
‘å‹{‹æ,35.91839722,139.60665
‘å‹{‹æ,35.91848889,139.609625
‘å‹{‹æ,35.91854444,139.6250256
‘å‹{‹æ,35.91858611,139.6141528
‘å‹{‹æ,35.91871667,139.6193889
‘å‹{‹æ,35.91871944,139.6155333
‘å‹{‹æ,35.91875556,139.62635
‘å‹{‹æ,35.91879167,139.6018722
‘å‹{‹æ,35.91881389,139.6145
‘å‹{‹æ,35.91881944,139.6082917
‘å‹{‹æ,35.91888611,139.5998889
‘å‹{‹æ,35.91889167,139.6052722
‘å‹{‹æ,35.91889722,139.6134667
‘å‹{‹æ,35.9189,139.6063833
‘å‹{‹æ,35.91894444,139.6117306
‘å‹{‹æ,35.91894722,139.6155917
‘å‹{‹æ,35.91900556,139.6306556
‘å‹{‹æ,35.91901111,139.6618622
‘å‹{‹æ,35.91902222,139.6268389
‘å‹{‹æ,35.91904444,139.6195111
‘å‹{‹æ,35.91910278,139.6257917
‘å‹{‹æ,35.919125,139.6072917
‘å‹{‹æ,35.91913333,139.6072139
‘å‹{‹æ,35.91914444,139.6183139
‘å‹{‹æ,35.91915556,139.6097889
‘å‹{‹æ,35.91916111,139.6032028
‘å‹{‹æ,35.91916944,139.5999722
‘å‹{‹æ,35.91917222,139.6112056
‘å‹{‹æ,35.91917222,139.6228528
‘å‹{‹æ,35.91919444,139.6157111
‘å‹{‹æ,35.9192,139.6063722
‘å‹{‹æ,35.91926111,139.6223556
‘å‹{‹æ,35.91927778,139.600475
‘å‹{‹æ,35.919325,139.6290028
‘å‹{‹æ,35.91936111,139.6189167
‘å‹{‹æ,35.91938611,139.6117833
‘å‹{‹æ,35.91943056,139.6223556
‘å‹{‹æ,35.91943611,139.6312861
‘å‹{‹æ,35.91945833,139.6233833
‘å‹{‹æ,35.91951944,139.6232917
‘å‹{‹æ,35.91959444,139.6281806
‘å‹{‹æ,35.91971111,139.6064861
‘å‹{‹æ,35.91976389,139.6244972
‘å‹{‹æ,35.91979722,139.6001278
‘å‹{‹æ,35.91980833,139.6003361
‘å‹{‹æ,35.91981667,139.6327417
‘å‹{‹æ,35.91983889,139.6322889
‘å‹{‹æ,35.91984167,139.6178556
‘å‹{‹æ,35.91987222,139.6175083
‘å‹{‹æ,35.92001667,139.6261583
‘å‹{‹æ,35.92014167,139.6220167
‘å‹{‹æ,35.92018611,139.6185361
‘å‹{‹æ,35.92018611,139.6003028
‘å‹{‹æ,35.92020556,139.6024667
‘å‹{‹æ,35.920225,139.6286889
‘å‹{‹æ,35.92023889,139.6085556
‘å‹{‹æ,35.92023889,139.60155
‘å‹{‹æ,35.92024444,139.6254639
‘å‹{‹æ,35.92025,139.6053667
‘å‹{‹æ,35.92026389,139.63045
‘å‹{‹æ,35.92026389,139.6255139
‘å‹{‹æ,35.92028611,139.6044028
‘å‹{‹æ,35.92029444,139.6052722
‘å‹{‹æ,35.92032222,139.611725
‘å‹{‹æ,35.92037222,139.607525
‘å‹{‹æ,35.92039722,139.6075028
‘å‹{‹æ,35.92043056,139.6339
‘å‹{‹æ,35.92050278,139.6107389
‘å‹{‹æ,35.92054444,139.6314472
‘å‹{‹æ,35.920625,139.6251389
‘å‹{‹æ,35.92065,139.6115639
‘å‹{‹æ,35.92067222,139.6308722
‘å‹{‹æ,35.92068333,139.6184611
‘å‹{‹æ,35.92069722,139.6510583
‘å‹{‹æ,35.92078333,139.600725
‘å‹{‹æ,35.92083889,139.6241444
‘å‹{‹æ,35.92084167,139.6048361
‘å‹{‹æ,35.92086389,139.6014611
‘å‹{‹æ,35.92088611,139.6270222
‘å‹{‹æ,35.92090833,139.6060861
‘å‹{‹æ,35.92091111,139.635275
‘å‹{‹æ,35.92098056,139.6074472
‘å‹{‹æ,35.92102778,139.6251222
‘å‹{‹æ,35.92103056,139.6229528
‘å‹{‹æ,35.92103611,139.6155361
‘å‹{‹æ,35.92106111,139.6090833
‘å‹{‹æ,35.92109167,139.6137889
‘å‹{‹æ,35.92119722,139.6147583
‘å‹{‹æ,35.92122778,139.6290556
‘å‹{‹æ,35.92124444,139.625765
‘å‹{‹æ,35.921275,139.6336667
‘å‹{‹æ,35.921275,139.6318861
‘å‹{‹æ,35.92128889,139.647075
‘å‹{‹æ,35.92133056,139.6319139
‘å‹{‹æ,35.92134444,139.6023611
‘å‹{‹æ,35.92134722,139.618775
‘å‹{‹æ,35.92136667,139.6274667
‘å‹{‹æ,35.92137778,139.617825
‘å‹{‹æ,35.92146944,139.6113778
‘å‹{‹æ,35.92155,139.6645083
‘å‹{‹æ,35.92158056,139.6006444
‘å‹{‹æ,35.92160278,139.6158389
‘å‹{‹æ,35.92161389,139.6087611
‘å‹{‹æ,35.92161806,139.6012233
‘å‹{‹æ,35.92163611,139.6325472
‘å‹{‹æ,35.92166389,139.6052472
‘å‹{‹æ,35.92171111,139.6344778
‘å‹{‹æ,35.92171389,139.6225278
‘å‹{‹æ,35.92173889,139.6048278
‘å‹{‹æ,35.92180278,139.6179667
‘å‹{‹æ,35.92182778,139.636275
‘å‹{‹æ,35.92187222,139.633375
‘å‹{‹æ,35.92189722,139.6102083
‘å‹{‹æ,35.9219,139.6329528
‘å‹{‹æ,35.92190833,139.6368722
‘å‹{‹æ,35.921925,139.6305111
‘å‹{‹æ,35.92198333,139.6357667
‘å‹{‹æ,35.92199167,139.6279611
‘å‹{‹æ,35.92206944,139.6265306
‘å‹{‹æ,35.92207222,139.6168
‘å‹{‹æ,35.922075,139.6601778
‘å‹{‹æ,35.92209722,139.637725
‘å‹{‹æ,35.9221,139.6307222
‘å‹{‹æ,35.9221175,139.6656256
‘å‹{‹æ,35.92218611,139.6350139
‘å‹{‹æ,35.92220833,139.6289056
‘å‹{‹æ,35.92227778,139.6116139
‘å‹{‹æ,35.92227778,139.6116694
‘å‹{‹æ,35.92228889,139.6309917
‘å‹{‹æ,35.92230556,139.6093389
‘å‹{‹æ,35.92233333,139.6254028
‘å‹{‹æ,35.92233889,139.6580778
‘å‹{‹æ,35.9224,139.6237361
‘å‹{‹æ,35.92241111,139.6343639
‘å‹{‹æ,35.92243333,139.61275
‘å‹{‹æ,35.92245556,139.6314528
‘å‹{‹æ,35.92246389,139.629005
‘å‹{‹æ,35.92247222,139.6298978
‘å‹{‹æ,35.92250833,139.6229833
‘å‹{‹æ,35.92264722,139.6178611
‘å‹{‹æ,35.92270278,139.6504528
‘å‹{‹æ,35.92271667,139.6270306
‘å‹{‹æ,35.92272222,139.6234694
‘å‹{‹æ,35.92274444,139.6274194
‘å‹{‹æ,35.92275278,139.6338694
‘å‹{‹æ,35.922775,139.61865
‘å‹{‹æ,35.92278333,139.6065194
‘å‹{‹æ,35.92279444,139.6127222
‘å‹{‹æ,35.92282639,139.6582544
‘å‹{‹æ,35.92293889,139.6783556
‘å‹{‹æ,35.92296667,139.6324917
‘å‹{‹æ,35.92301944,139.6162417
‘å‹{‹æ,35.92303889,139.626225
‘å‹{‹æ,35.92304722,139.6262444
‘å‹{‹æ,35.92305278,139.6310556
‘å‹{‹æ,35.923075,139.6359667
‘å‹{‹æ,35.92310556,139.6051389
‘å‹{‹æ,35.92311944,139.6284833
‘å‹{‹æ,35.92312222,139.6244222
‘å‹{‹æ,35.92313333,139.6189333
‘å‹{‹æ,35.92322222,139.6165472
‘å‹{‹æ,35.92323333,139.6297917
‘å‹{‹æ,35.92325278,139.6296222
‘å‹{‹æ,35.923325,139.6174
‘å‹{‹æ,35.92335556,139.6250833
‘å‹{‹æ,35.92336389,139.6143694
‘å‹{‹æ,35.92341111,139.6259667
‘å‹{‹æ,35.92344722,139.6246583
‘å‹{‹æ,35.92350833,139.6080833
‘å‹{‹æ,35.923525,139.6411139
‘å‹{‹æ,35.92353056,139.6411222
‘å‹{‹æ,35.9236,139.6351556
‘å‹{‹æ,35.92365,139.6283278
‘å‹{‹æ,35.92379167,139.6182444
‘å‹{‹æ,35.92379444,139.6116583
‘å‹{‹æ,35.92382222,139.6182111
‘å‹{‹æ,35.923825,139.6051833
‘å‹{‹æ,35.92387222,139.6270333
‘å‹{‹æ,35.923875,139.6180972
‘å‹{‹æ,35.92390972,139.6192389
‘å‹{‹æ,35.92398056,139.6581139
‘å‹{‹æ,35.92400556,139.6307306
‘å‹{‹æ,35.92403889,139.6160083
‘å‹{‹æ,35.92404167,139.6041111
‘å‹{‹æ,35.92404444,139.6135389
‘å‹{‹æ,35.92405278,139.6320528
‘å‹{‹æ,35.92405278,139.6377556
‘å‹{‹æ,35.92406944,139.6028444
‘å‹{‹æ,35.92408611,139.6358583
‘å‹{‹æ,35.92408611,139.6235972
‘å‹{‹æ,35.9241,139.6063889
‘å‹{‹æ,35.92410278,139.631025
‘å‹{‹æ,35.92414583,139.6283189
‘å‹{‹æ,35.92420833,139.6380833
‘å‹{‹æ,35.92423611,139.6088528
‘å‹{‹æ,35.9243,139.6171528
‘å‹{‹æ,35.92433056,139.6235889
‘å‹{‹æ,35.92438889,139.6179611
‘å‹{‹æ,35.92438889,139.6095417
‘å‹{‹æ,35.92458889,139.6386306
‘å‹{‹æ,35.92465556,139.6317306
‘å‹{‹æ,35.92466111,139.6028944
‘å‹{‹æ,35.92468056,139.6326472
‘å‹{‹æ,35.9247,139.6401889
‘å‹{‹æ,35.9247,139.6204417
‘å‹{‹æ,35.92471389,139.6097917
‘å‹{‹æ,35.92471667,139.6042611
‘å‹{‹æ,35.92472222,139.6290611
‘å‹{‹æ,35.92476111,139.6350833
‘å‹{‹æ,35.92478056,139.6061083
‘å‹{‹æ,35.92481667,139.6578806
‘å‹{‹æ,35.92482778,139.611775
‘å‹{‹æ,35.92488889,139.6341917
‘å‹{‹æ,35.9249,139.6303306
‘å‹{‹æ,35.92494167,139.6203667
‘å‹{‹æ,35.92497944,139.6457131
‘å‹{‹æ,35.92499722,139.6218833
‘å‹{‹æ,35.92505,139.6368556
‘å‹{‹æ,35.925175,139.6157167
‘å‹{‹æ,35.92519722,139.6242722
‘å‹{‹æ,35.92521944,139.6167194
‘å‹{‹æ,35.92524444,139.6225083
‘å‹{‹æ,35.92531389,139.6285
‘å‹{‹æ,35.92532222,139.6306806
‘å‹{‹æ,35.92538056,139.60335
‘å‹{‹æ,35.92540833,139.6085167
‘å‹{‹æ,35.92542778,139.6068472
‘å‹{‹æ,35.92543056,139.6389278
‘å‹{‹æ,35.92545556,139.6323611
‘å‹{‹æ,35.9255,139.6247833
‘å‹{‹æ,35.92554167,139.6051139
‘å‹{‹æ,35.92555278,139.6211611
‘å‹{‹æ,35.92556389,139.6102472
‘å‹{‹æ,35.92556667,139.6395028
‘å‹{‹æ,35.92556944,139.6097472
‘å‹{‹æ,35.92559722,139.6094278
‘å‹{‹æ,35.92560278,139.6314306
‘å‹{‹æ,35.92562778,139.6173806
‘å‹{‹æ,35.92567222,139.6380556
‘å‹{‹æ,35.92574444,139.6358556
‘å‹{‹æ,35.9258,139.6328917
‘å‹{‹æ,35.925825,139.6572694
‘å‹{‹æ,35.92583889,139.6396111
‘å‹{‹æ,35.92586944,139.6297028
‘å‹{‹æ,35.92592222,139.6210194
‘å‹{‹æ,35.92593889,139.6346167
‘å‹{‹æ,35.92608611,139.610275
‘å‹{‹æ,35.92610278,139.6045333
‘å‹{‹æ,35.92613611,139.6201944
‘å‹{‹æ,35.92625833,139.6229639
‘å‹{‹æ,35.92626667,139.6155
‘å‹{‹æ,35.92628333,139.6349
‘å‹{‹æ,35.92629722,139.6027778
‘å‹{‹æ,35.92633611,139.6402861
‘å‹{‹æ,35.92636667,139.6384889
‘å‹{‹æ,35.92637778,139.6311972
‘å‹{‹æ,35.92640556,139.6378333
‘å‹{‹æ,35.926425,139.6161556
‘å‹{‹æ,35.92645833,139.6326889
‘å‹{‹æ,35.926475,139.6393056
‘å‹{‹æ,35.92650833,139.6205056
‘å‹{‹æ,35.92651389,139.6229722
‘å‹{‹æ,35.92651667,139.6329889
‘å‹{‹æ,35.92653194,139.6824528
‘å‹{‹æ,35.92653333,139.6234722
‘å‹{‹æ,35.92654444,139.6335417
‘å‹{‹æ,35.92656667,139.6082972
‘å‹{‹æ,35.926575,139.6332278
‘å‹{‹æ,35.92660139,139.6230378
‘å‹{‹æ,35.92663611,139.62605
‘å‹{‹æ,35.92675278,139.6099417
‘å‹{‹æ,35.92676944,139.6077611
‘å‹{‹æ,35.92683611,139.6037083
‘å‹{‹æ,35.92689167,139.6305139
‘å‹{‹æ,35.92690556,139.6223
‘å‹{‹æ,35.92692778,139.6046278
‘å‹{‹æ,35.92700833,139.6414056
‘å‹{‹æ,35.92709167,139.6322667
‘å‹{‹æ,35.92716472,139.6549122
‘å‹{‹æ,35.92718889,139.6353056
‘å‹{‹æ,35.92719444,139.6384917
‘å‹{‹æ,35.92725,139.6295889
‘å‹{‹æ,35.92734167,139.6279667
‘å‹{‹æ,35.92741667,139.6088444
‘å‹{‹æ,35.92746667,139.6341278
‘å‹{‹æ,35.92749444,139.6307722
‘å‹{‹æ,35.9275,139.6225611
‘å‹{‹æ,35.92750556,139.6047944
‘å‹{‹æ,35.92751111,139.6319
‘å‹{‹æ,35.92751944,139.6378361
‘å‹{‹æ,35.92752778,139.6363194
‘å‹{‹æ,35.92754722,139.6050333
‘å‹{‹æ,35.92755,139.6392917
‘å‹{‹æ,35.92755556,139.614225
‘å‹{‹æ,35.92769722,139.603175
‘å‹{‹æ,35.92769722,139.6031528
‘å‹{‹æ,35.92770417,139.6369883
‘å‹{‹æ,35.92779444,139.6334306
‘å‹{‹æ,35.92784028,139.6370183
‘å‹{‹æ,35.92795278,139.6294194
‘å‹{‹æ,35.92800278,139.6226417
‘å‹{‹æ,35.92800556,139.6047667
‘å‹{‹æ,35.92805278,139.6152806
‘å‹{‹æ,35.92825833,139.6074167
‘å‹{‹æ,35.92826389,139.6074028
‘å‹{‹æ,35.92826667,139.6164
‘å‹{‹æ,35.92828056,139.6403944
‘å‹{‹æ,35.9283,139.6301056
‘å‹{‹æ,35.92832917,139.6304978
‘å‹{‹æ,35.92835278,139.6338056
‘å‹{‹æ,35.92836111,139.6213528
‘å‹{‹æ,35.92836806,139.6242194
‘å‹{‹æ,35.92836944,139.6258306
‘å‹{‹æ,35.92839444,139.6832444
‘å‹{‹æ,35.92856944,139.6350278
‘å‹{‹æ,35.92857667,139.6635614
‘å‹{‹æ,35.92883194,139.63686
‘å‹{‹æ,35.92884667,139.628045
‘å‹{‹æ,35.92886667,139.604825
‘å‹{‹æ,35.92886667,139.6163278
‘å‹{‹æ,35.92889722,139.605425
‘å‹{‹æ,35.92892222,139.6379139
‘å‹{‹æ,35.92894722,139.637075
‘å‹{‹æ,35.928975,139.6260889
‘å‹{‹æ,35.928975,139.6234583
‘å‹{‹æ,35.92901667,139.6394306
‘å‹{‹æ,35.92909444,139.6332056
‘å‹{‹æ,35.92911389,139.6322611
‘å‹{‹æ,35.92918889,139.63865
‘å‹{‹æ,35.92920278,139.6212861
‘å‹{‹æ,35.92922222,139.6244333
‘å‹{‹æ,35.92926944,139.6288222
‘å‹{‹æ,35.92927222,139.6300944
‘å‹{‹æ,35.929275,139.6348861
‘å‹{‹æ,35.929275,139.6216361
‘å‹{‹æ,35.92931389,139.6076083
‘å‹{‹æ,35.92933889,139.6205306
‘å‹{‹æ,35.92933889,139.6086056
‘å‹{‹æ,35.92934722,139.63315
‘å‹{‹æ,35.92938333,139.6186694
‘å‹{‹æ,35.92945278,139.6318028
‘å‹{‹æ,35.92946111,139.6217306
‘å‹{‹æ,35.92952361,139.6278
‘å‹{‹æ,35.92959167,139.6348833
‘å‹{‹æ,35.92963889,139.6104861
‘å‹{‹æ,35.92966111,139.6342139
‘å‹{‹æ,35.92971944,139.6322611
‘å‹{‹æ,35.92974722,139.6044389
‘å‹{‹æ,35.92983611,139.6061583
‘å‹{‹æ,35.92988611,139.6350944
‘å‹{‹æ,35.92989722,139.6326722
‘å‹{‹æ,35.92995833,139.6270583
‘å‹{‹æ,35.93000556,139.6274333
‘å‹{‹æ,35.93009167,139.6231306
‘å‹{‹æ,35.93009444,139.6402861
‘å‹{‹æ,35.9301,139.6358556
‘å‹{‹æ,35.93013611,139.6296694
‘å‹{‹æ,35.93014444,139.6226278
‘å‹{‹æ,35.93015556,139.6204833
‘å‹{‹æ,35.93016111,139.6372861
‘å‹{‹æ,35.93016667,139.6202972
‘å‹{‹æ,35.93020556,139.6315139
‘å‹{‹æ,35.93022222,139.6801889
‘å‹{‹æ,35.93023889,139.6255972
‘å‹{‹æ,35.93039444,139.6207611
‘å‹{‹æ,35.9304,139.6181306
‘å‹{‹æ,35.93049722,139.6268
‘å‹{‹æ,35.93051944,139.6236306
‘å‹{‹æ,35.93052833,139.6790206
‘å‹{‹æ,35.930575,139.6189028
‘å‹{‹æ,35.930625,139.6660333
‘å‹{‹æ,35.93063611,139.6660694
‘å‹{‹æ,35.93066944,139.6320194
‘å‹{‹æ,35.93068611,139.6038583
‘å‹{‹æ,35.93083056,139.6249778
‘å‹{‹æ,35.93083889,139.6074056
‘å‹{‹æ,35.93085,139.6080472
‘å‹{‹æ,35.93088889,139.6258028
‘å‹{‹æ,35.93090278,139.6230417
‘å‹{‹æ,35.93091389,139.6280556
‘å‹{‹æ,35.93091667,139.6370694
‘å‹{‹æ,35.93099722,139.6343528
‘å‹{‹æ,35.931,139.6186194
‘å‹{‹æ,35.93101889,139.6741028
‘å‹{‹æ,35.93102222,139.6396694
‘å‹{‹æ,35.93106667,139.6186778
‘å‹{‹æ,35.93108611,139.6150611
‘å‹{‹æ,35.93109167,139.6384944
‘å‹{‹æ,35.93116667,139.6317361
‘å‹{‹æ,35.93121944,139.6262167
‘å‹{‹æ,35.93122778,139.6103944
‘å‹{‹æ,35.93125278,139.6746667
‘å‹{‹æ,35.93125556,139.6121083
‘å‹{‹æ,35.931325,139.6170389
‘å‹{‹æ,35.93139722,139.6355917
‘å‹{‹æ,35.93142306,139.6750628
‘å‹{‹æ,35.93143333,139.6403444
‘å‹{‹æ,35.93143611,139.6223722
‘å‹{‹æ,35.93144444,139.6248417
‘å‹{‹æ,35.93154444,139.6383583
‘å‹{‹æ,35.93155278,139.6170917
‘å‹{‹æ,35.93157528,139.6631819
‘å‹{‹æ,35.93161389,139.619175
‘å‹{‹æ,35.93162222,139.6334972
‘å‹{‹æ,35.93163333,139.6018472
‘å‹{‹æ,35.93164722,139.6156083
‘å‹{‹æ,35.93165,139.6155694
‘å‹{‹æ,35.93171389,139.6155139
‘å‹{‹æ,35.93172222,139.627775
‘å‹{‹æ,35.931725,139.6320583
‘å‹{‹æ,35.93173611,139.6285889
‘å‹{‹æ,35.93173889,139.6404139
‘å‹{‹æ,35.93175083,139.6744044
‘å‹{‹æ,35.93176667,139.6310222
‘å‹{‹æ,35.931775,139.6388472
‘å‹{‹æ,35.93177778,139.6744111
‘å‹{‹æ,35.93181111,139.610075
‘å‹{‹æ,35.93190556,139.6373694
‘å‹{‹æ,35.93191389,139.6250556
‘å‹{‹æ,35.93193611,139.6346306
‘å‹{‹æ,35.932005,139.6750928
‘å‹{‹æ,35.93203056,139.6235056
‘å‹{‹æ,35.93203056,139.6106028
‘å‹{‹æ,35.93204722,139.6163194
‘å‹{‹æ,35.93205833,139.6228639
‘å‹{‹æ,35.93208056,139.6319778
‘å‹{‹æ,35.9321,139.6818444
‘å‹{‹æ,35.93211667,139.606875
‘å‹{‹æ,35.93214167,139.6027111
‘å‹{‹æ,35.93215278,139.62065
‘å‹{‹æ,35.93216944,139.6381944
‘å‹{‹æ,35.93219583,139.6243889
‘å‹{‹æ,35.93225833,139.6153417
‘å‹{‹æ,35.93231944,139.6356944
‘å‹{‹æ,35.93238611,139.6731611
‘å‹{‹æ,35.93238611,139.6274972
‘å‹{‹æ,35.93248056,139.6337778
‘å‹{‹æ,35.93253056,139.637775
‘å‹{‹æ,35.93256111,139.6183806
‘å‹{‹æ,35.93258333,139.6220083
‘å‹{‹æ,35.93258611,139.6204028
‘å‹{‹æ,35.93260833,139.640275
‘å‹{‹æ,35.93264444,139.6363083
‘å‹{‹æ,35.93264722,139.6013806
‘å‹{‹æ,35.93265556,139.6050111
‘å‹{‹æ,35.93270556,139.6364056
‘å‹{‹æ,35.93273056,139.6101944
‘å‹{‹æ,35.932775,139.6039639
‘å‹{‹æ,35.93279444,139.6169
‘å‹{‹æ,35.93286111,139.6392833
‘å‹{‹æ,35.93299167,139.6268139
‘å‹{‹æ,35.93299167,139.6041028
‘å‹{‹æ,35.93300278,139.6769833
‘å‹{‹æ,35.93300556,139.6370306
‘å‹{‹æ,35.93302222,139.6328417
‘å‹{‹æ,35.93305833,139.6352944
‘å‹{‹æ,35.93310833,139.6039694
‘å‹{‹æ,35.93318333,139.6113278
‘å‹{‹æ,35.93318889,139.6191167
‘å‹{‹æ,35.93319167,139.6250389
‘å‹{‹æ,35.93321111,139.6107194
‘å‹{‹æ,35.93324444,139.6211417
‘å‹{‹æ,35.93327222,139.6157111
‘å‹{‹æ,35.93335833,139.6372083
‘å‹{‹æ,35.9334,139.6228583
‘å‹{‹æ,35.93340556,139.6110667
‘å‹{‹æ,35.93343611,139.6359944
‘å‹{‹æ,35.93345278,139.6210167
‘å‹{‹æ,35.93351944,139.6301083
‘å‹{‹æ,35.93355,139.6173472
‘å‹{‹æ,35.93355278,139.6024111
‘å‹{‹æ,35.93359167,139.6385194
‘å‹{‹æ,35.9336,139.6141611
‘å‹{‹æ,35.93363889,139.6496333
‘å‹{‹æ,35.93365278,139.6122389
‘å‹{‹æ,35.93366111,139.672875
‘å‹{‹æ,35.93370833,139.6342167
‘å‹{‹æ,35.93370833,139.6400361
‘å‹{‹æ,35.93371389,139.6060694
‘å‹{‹æ,35.933725,139.6183583
‘å‹{‹æ,35.93373028,139.6550039
‘å‹{‹æ,35.93381667,139.6325528
‘å‹{‹æ,35.93398333,139.6313944
‘å‹{‹æ,35.93402861,139.6663133
‘å‹{‹æ,35.93404444,139.6240361
‘å‹{‹æ,35.93416111,139.6209472
‘å‹{‹æ,35.93419167,139.6349972
‘å‹{‹æ,35.93422222,139.636825
‘å‹{‹æ,35.93424722,139.6391333
‘å‹{‹æ,35.93424722,139.6225389
‘å‹{‹æ,35.93436389,139.6108389
‘å‹{‹æ,35.934375,139.6358306
‘å‹{‹æ,35.93445833,139.6311917
‘å‹{‹æ,35.93447778,139.6063917
‘å‹{‹æ,35.9345,139.6377389
‘å‹{‹æ,35.93451111,139.6247
‘å‹{‹æ,35.93457778,139.6066222
‘å‹{‹æ,35.93458056,139.6123167
‘å‹{‹æ,35.93458806,139.6687278
‘å‹{‹æ,35.93461111,139.6270139
‘å‹{‹æ,35.93463889,139.6323944
‘å‹{‹æ,35.93467222,139.619925
‘å‹{‹æ,35.934675,139.6157333
‘å‹{‹æ,35.93469167,139.60335
‘å‹{‹æ,35.934725,139.6133611
‘å‹{‹æ,35.93473333,139.6256306
‘å‹{‹æ,35.93475,139.6310389
‘å‹{‹æ,35.93475833,139.6238472
‘å‹{‹æ,35.93476389,139.6191056
‘å‹{‹æ,35.93477778,139.6389361
‘å‹{‹æ,35.93478889,139.6397194
‘å‹{‹æ,35.934925,139.6153
‘å‹{‹æ,35.93503083,139.6531164
‘å‹{‹æ,35.93504944,139.6515256
‘å‹{‹æ,35.93506667,139.6228944
‘å‹{‹æ,35.93507778,139.6372333
‘å‹{‹æ,35.93509167,139.6728806
‘å‹{‹æ,35.93518056,139.6046
‘å‹{‹æ,35.93524111,139.6624722
‘å‹{‹æ,35.93528333,139.6143583
‘å‹{‹æ,35.93531472,139.6652683
‘å‹{‹æ,35.93535278,139.6024556
‘å‹{‹æ,35.93537222,139.6159194
‘å‹{‹æ,35.93538889,139.6083139
‘å‹{‹æ,35.93538889,139.6290306
‘å‹{‹æ,35.93545833,139.6323056
‘å‹{‹æ,35.93546667,139.6231056
‘å‹{‹æ,35.93546667,139.603975
‘å‹{‹æ,35.93548278,139.6671033
‘å‹{‹æ,35.93558889,139.6123417
‘å‹{‹æ,35.93560833,139.6029167
‘å‹{‹æ,35.93563889,139.6303806
‘å‹{‹æ,35.93569167,139.6114444
‘å‹{‹æ,35.93572222,139.6192278
‘å‹{‹æ,35.93574167,139.6042278
‘å‹{‹æ,35.93577222,139.6151972
‘å‹{‹æ,35.93581111,139.6093194
‘å‹{‹æ,35.93583611,139.6152139
‘å‹{‹æ,35.93585556,139.6081972
‘å‹{‹æ,35.93587222,139.6250667
‘å‹{‹æ,35.93588889,139.6235222
‘å‹{‹æ,35.93590278,139.6380917
‘å‹{‹æ,35.93598889,139.6138806
‘å‹{‹æ,35.93600556,139.608525
‘å‹{‹æ,35.93602222,139.6085556
‘å‹{‹æ,35.93606667,139.6399806
‘å‹{‹æ,35.93606667,139.6372867
‘å‹{‹æ,35.93607861,139.6627617
‘å‹{‹æ,35.93610917,139.66619
‘å‹{‹æ,35.93614722,139.6163056
‘å‹{‹æ,35.93618611,139.6103972
‘å‹{‹æ,35.93620222,139.6561122
‘å‹{‹æ,35.93630833,139.6180111
‘å‹{‹æ,35.93635,139.6154667
‘å‹{‹æ,35.93645833,139.6023194
‘å‹{‹æ,35.93650083,139.6555733
‘å‹{‹æ,35.93654167,139.62545
‘å‹{‹æ,35.93656111,139.6118028
‘å‹{‹æ,35.93656111,139.6346722
‘å‹{‹æ,35.93656111,139.6068111
‘å‹{‹æ,35.93656667,139.6280389
‘å‹{‹æ,35.93657778,139.6150056
‘å‹{‹æ,35.93658056,139.6068167
‘å‹{‹æ,35.93662222,139.6074444
‘å‹{‹æ,35.936675,139.619925
‘å‹{‹æ,35.93679722,139.6284111
‘å‹{‹æ,35.9368,139.6119194
‘å‹{‹æ,35.93687778,139.6091722
‘å‹{‹æ,35.93690556,139.6170444
‘å‹{‹æ,35.93695833,139.6164361
‘å‹{‹æ,35.93696944,139.6295556
‘å‹{‹æ,35.93696944,139.6037306
‘å‹{‹æ,35.93697222,139.6243861
‘å‹{‹æ,35.93700278,139.6305
‘å‹{‹æ,35.93723611,139.6198861
‘å‹{‹æ,35.93723889,139.6322611
‘å‹{‹æ,35.93728611,139.608675
‘å‹{‹æ,35.93730833,139.6133333
‘å‹{‹æ,35.93733056,139.6143528
‘å‹{‹æ,35.93735556,139.6286111
‘å‹{‹æ,35.93738056,139.625425
‘å‹{‹æ,35.93743611,139.6178806
‘å‹{‹æ,35.93747778,139.6222917
‘å‹{‹æ,35.937625,139.6148667
‘å‹{‹æ,35.93767778,139.6116694
‘å‹{‹æ,35.93768611,139.6116583
‘å‹{‹æ,35.93778056,139.6364306
‘å‹{‹æ,35.9378,139.6344333
‘å‹{‹æ,35.93780556,139.6233972
‘å‹{‹æ,35.93783889,139.6134194
‘å‹{‹æ,35.93784167,139.6343556
‘å‹{‹æ,35.93784722,139.6134333
‘å‹{‹æ,35.93785556,139.6257528
‘å‹{‹æ,35.93788611,139.6165722
‘å‹{‹æ,35.93794444,139.6218667
‘å‹{‹æ,35.93796111,139.620375
‘å‹{‹æ,35.93798333,139.6185194
‘å‹{‹æ,35.93801944,139.6070444
‘å‹{‹æ,35.93803056,139.6160444
‘å‹{‹æ,35.93803889,139.60705
‘å‹{‹æ,35.93805833,139.6203333
‘å‹{‹æ,35.9381,139.6102417
‘å‹{‹æ,35.93820833,139.6058556
‘å‹{‹æ,35.93821111,139.6082667
‘å‹{‹æ,35.93821389,139.6052972
‘å‹{‹æ,35.938225,139.6053694
‘å‹{‹æ,35.93827778,139.6142028
‘å‹{‹æ,35.93839528,139.6554056
‘å‹{‹æ,35.93842222,139.6164833
‘å‹{‹æ,35.93848611,139.6152472
‘å‹{‹æ,35.93854167,139.6121583
‘å‹{‹æ,35.938575,139.6133611
‘å‹{‹æ,35.93864167,139.6081278
‘å‹{‹æ,35.93867222,139.6173194
‘å‹{‹æ,35.93873056,139.6222833
‘å‹{‹æ,35.93874167,139.6125444
‘å‹{‹æ,35.93875833,139.6113056
‘å‹{‹æ,35.93884722,139.6101639
‘å‹{‹æ,35.93887778,139.6288028
‘å‹{‹æ,35.93888611,139.6238917
‘å‹{‹æ,35.93899444,139.6197833
‘å‹{‹æ,35.93910833,139.619625
‘å‹{‹æ,35.93911111,139.6077444
‘å‹{‹æ,35.93912778,139.6352806
‘å‹{‹æ,35.93917222,139.609275
‘å‹{‹æ,35.93920278,139.6181361
‘å‹{‹æ,35.93920556,139.6077806
‘å‹{‹æ,35.93922778,139.6188556
‘å‹{‹æ,35.93923056,139.6305167
‘å‹{‹æ,35.93945278,139.6296917
‘å‹{‹æ,35.93950278,139.6190333
‘å‹{‹æ,35.93953333,139.6146139
‘å‹{‹æ,35.93957083,139.6359511
‘å‹{‹æ,35.93957778,139.6088806
‘å‹{‹æ,35.93958333,139.6123139
‘å‹{‹æ,35.93959722,139.6082556
‘å‹{‹æ,35.93961111,139.6344
‘å‹{‹æ,35.93961389,139.6157806
‘å‹{‹æ,35.93963611,139.6087972
‘å‹{‹æ,35.93967778,139.6231861
‘å‹{‹æ,35.93970833,139.6117583
‘å‹{‹æ,35.93973611,139.6149139
‘å‹{‹æ,35.93976111,139.6148944
‘å‹{‹æ,35.93976389,139.6198333
‘å‹{‹æ,35.93978056,139.6075278
‘å‹{‹æ,35.93981667,139.6060139
‘å‹{‹æ,35.93982778,139.6060389
‘å‹{‹æ,35.93987167,139.6545164
‘å‹{‹æ,35.9398825,139.6833633
‘å‹{‹æ,35.93989444,139.6073583
‘å‹{‹æ,35.93989722,139.6307111
‘å‹{‹æ,35.93994583,139.6527164
‘å‹{‹æ,35.9400325,139.6553264
‘å‹{‹æ,35.94008611,139.6051639
‘å‹{‹æ,35.94030278,139.6239139
‘å‹{‹æ,35.94030556,139.6175556
‘å‹{‹æ,35.94036389,139.6152417
‘å‹{‹æ,35.94042222,139.6241222
‘å‹{‹æ,35.94043333,139.6326306
‘å‹{‹æ,35.94046111,139.6280028
‘å‹{‹æ,35.94053056,139.6055167
‘å‹{‹æ,35.94070278,139.6186889
‘å‹{‹æ,35.94074444,139.6070167
‘å‹{‹æ,35.94076667,139.6312583
‘å‹{‹æ,35.94081111,139.6246472
‘å‹{‹æ,35.94089167,139.6246778
‘å‹{‹æ,35.94101667,139.6188944
‘å‹{‹æ,35.94113611,139.6294333
‘å‹{‹æ,35.94123889,139.6295472
‘å‹{‹æ,35.94132778,139.6326028
‘å‹{‹æ,35.94133611,139.6122917
‘å‹{‹æ,35.94136389,139.6178472
‘å‹{‹æ,35.94149167,139.6234306
‘å‹{‹æ,35.94154472,139.6555947
‘å‹{‹æ,35.94156389,139.6251167
‘å‹{‹æ,35.94158611,139.6158583
‘å‹{‹æ,35.94165278,139.6261972
‘å‹{‹æ,35.94169444,139.6144139
‘å‹{‹æ,35.94171111,139.6276167
‘å‹{‹æ,35.94173889,139.6090472
‘å‹{‹æ,35.94174167,139.6071917
‘å‹{‹æ,35.94174722,139.6090639
‘å‹{‹æ,35.94178611,139.6211167
‘å‹{‹æ,35.94181389,139.6099972
‘å‹{‹æ,35.94181667,139.6051861
‘å‹{‹æ,35.94190278,139.6104722
‘å‹{‹æ,35.94203611,139.6043722
‘å‹{‹æ,35.94206944,139.6063333
‘å‹{‹æ,35.94209167,139.6063139
‘å‹{‹æ,35.94213611,139.6316361
‘å‹{‹æ,35.94213889,139.6083389
‘å‹{‹æ,35.94215,139.6196333
‘å‹{‹æ,35.94216389,139.6177056
‘å‹{‹æ,35.94233611,139.6132278
‘å‹{‹æ,35.94246944,139.6074278
‘å‹{‹æ,35.94250806,139.6656417
‘å‹{‹æ,35.942525,139.6150056
‘å‹{‹æ,35.94263333,139.6210972
‘å‹{‹æ,35.94264722,139.6123167
‘å‹{‹æ,35.942675,139.6179278
‘å‹{‹æ,35.942675,139.6296167
‘å‹{‹æ,35.94267778,139.6558694
‘å‹{‹æ,35.942775,139.61945
‘å‹{‹æ,35.94286389,139.6177944
‘å‹{‹æ,35.94288611,139.6148028
‘å‹{‹æ,35.94290278,139.6084472
‘å‹{‹æ,35.94311667,139.6232944
‘å‹{‹æ,35.9431875,139.6541314
‘å‹{‹æ,35.94326944,139.6308389
‘å‹{‹æ,35.94329444,139.6530789
‘å‹{‹æ,35.94337222,139.6193361
‘å‹{‹æ,35.94341389,139.6069306
‘å‹{‹æ,35.94342778,139.6212222
‘å‹{‹æ,35.94344444,139.6191556
‘å‹{‹æ,35.94375,139.6184528
‘å‹{‹æ,35.94381111,139.6291111
‘å‹{‹æ,35.94384444,139.6102639
‘å‹{‹æ,35.94385278,139.620225
‘å‹{‹æ,35.94386667,139.6266361
‘å‹{‹æ,35.94388333,139.6126472
‘å‹{‹æ,35.94393611,139.6302
‘å‹{‹æ,35.94398611,139.6012972
‘å‹{‹æ,35.94399444,139.6026833
‘å‹{‹æ,35.94401944,139.6041278
‘å‹{‹æ,35.944025,139.6041111
‘å‹{‹æ,35.94409444,139.6245417
‘å‹{‹æ,35.94413611,139.6139389
‘å‹{‹æ,35.94414167,139.6239833
‘å‹{‹æ,35.94421389,139.6038278
‘å‹{‹æ,35.94427222,139.61205
‘å‹{‹æ,35.94427222,139.6253333
‘å‹{‹æ,35.94435,139.6064472
‘å‹{‹æ,35.94446111,139.6142222
‘å‹{‹æ,35.94454444,139.6240333
‘å‹{‹æ,35.94458333,139.6048972
‘å‹{‹æ,35.94459722,139.6268056
‘å‹{‹æ,35.94470278,139.6016222
‘å‹{‹æ,35.94470278,139.6094222
‘å‹{‹æ,35.94476944,139.6227889
‘å‹{‹æ,35.944825,139.6171972
‘å‹{‹æ,35.94484167,139.6208167
‘å‹{‹æ,35.94493889,139.6194083
‘å‹{‹æ,35.94511389,139.6029806
‘å‹{‹æ,35.94511667,139.6029778
‘å‹{‹æ,35.94512222,139.6124556
‘å‹{‹æ,35.94514444,139.6041778
‘å‹{‹æ,35.94522778,139.6030111
‘å‹{‹æ,35.94533611,139.6066444
‘å‹{‹æ,35.94535,139.6044917
‘å‹{‹æ,35.94537222,139.6208417
‘å‹{‹æ,35.94542222,139.6008722
‘å‹{‹æ,35.94544444,139.6043889
‘å‹{‹æ,35.94545833,139.6479417
‘å‹{‹æ,35.94548333,139.6278444
‘å‹{‹æ,35.94556389,139.6308722
‘å‹{‹æ,35.94558889,139.6217167
‘å‹{‹æ,35.94564444,139.6311417
‘å‹{‹æ,35.94566111,139.611025
‘å‹{‹æ,35.94572083,139.6244489
‘å‹{‹æ,35.94573611,139.6293306
‘å‹{‹æ,35.94576944,139.6086
‘å‹{‹æ,35.94578333,139.6293139
‘å‹{‹æ,35.94578611,139.6293194
‘å‹{‹æ,35.94585833,139.6318472
‘å‹{‹æ,35.94591111,139.6214583
‘å‹{‹æ,35.94619444,139.6039556
‘å‹{‹æ,35.94625833,139.6108222
‘å‹{‹æ,35.94628611,139.6028833
‘å‹{‹æ,35.94628611,139.6107917
‘å‹{‹æ,35.94629722,139.6218111
‘å‹{‹æ,35.94652778,139.6008639
‘å‹{‹æ,35.94660278,139.6287583
‘å‹{‹æ,35.94664167,139.62305
‘å‹{‹æ,35.94665833,139.6109194
‘å‹{‹æ,35.94668056,139.6089028
‘å‹{‹æ,35.94673056,139.6078194
‘å‹{‹æ,35.94675556,139.6246306
‘å‹{‹æ,35.94677222,139.6101528
‘å‹{‹æ,35.94679444,139.6207806
‘å‹{‹æ,35.946825,139.6135278
‘å‹{‹æ,35.94693889,139.6692028
‘å‹{‹æ,35.94704444,139.622475
‘å‹{‹æ,35.94713889,139.6236583
‘å‹{‹æ,35.94725,139.6193389
‘å‹{‹æ,35.94727778,139.6105667
‘å‹{‹æ,35.94730556,139.6001222
‘å‹{‹æ,35.94736111,139.6096167
‘å‹{‹æ,35.947425,139.6032917
‘å‹{‹æ,35.94748056,139.6147083
‘å‹{‹æ,35.94751667,139.5986472
‘å‹{‹æ,35.94763889,139.62045
‘å‹{‹æ,35.94764722,139.6109361
‘å‹{‹æ,35.947675,139.6190611
‘å‹{‹æ,35.94771667,139.6043861
‘å‹{‹æ,35.947875,139.6046361
‘å‹{‹æ,35.94788333,139.6090722
‘å‹{‹æ,35.94795556,139.6220972
‘å‹{‹æ,35.94805556,139.5991
‘å‹{‹æ,35.94813333,139.6101028
‘å‹{‹æ,35.94825,139.6014028
‘å‹{‹æ,35.94835556,139.6084972
‘å‹{‹æ,35.94836667,139.6123222
‘å‹{‹æ,35.94840028,139.6316569
‘å‹{‹æ,35.94855556,139.6180194
‘å‹{‹æ,35.94856111,139.6001722
‘å‹{‹æ,35.94858611,139.6185556
‘å‹{‹æ,35.94859444,139.6001556
‘å‹{‹æ,35.9486,139.6159611
‘å‹{‹æ,35.94861111,139.6174472
‘å‹{‹æ,35.948625,139.6205722
‘å‹{‹æ,35.94866389,139.6199083
‘å‹{‹æ,35.94872222,139.618925
‘å‹{‹æ,35.94873333,139.6215083
‘å‹{‹æ,35.94881667,139.6187139
‘å‹{‹æ,35.94894444,139.6068361
‘å‹{‹æ,35.94894722,139.6308167
‘å‹{‹æ,35.94905,139.6099667
‘å‹{‹æ,35.94909722,139.5999528
‘å‹{‹æ,35.94914167,139.6015667
‘å‹{‹æ,35.94914167,139.6072056
‘å‹{‹æ,35.94914722,139.6191833
‘å‹{‹æ,35.94914722,139.6041694
‘å‹{‹æ,35.94918333,139.6039889
‘å‹{‹æ,35.9493,139.6090806
‘å‹{‹æ,35.94932778,139.6006667
‘å‹{‹æ,35.94940278,139.6256694
‘å‹{‹æ,35.949425,139.6200056
‘å‹{‹æ,35.949475,139.6120972
‘å‹{‹æ,35.94948611,139.6090444
‘å‹{‹æ,35.94949444,139.6137472
‘å‹{‹æ,35.94955278,139.6137944
‘å‹{‹æ,35.94970833,139.6168611
‘å‹{‹æ,35.94970833,139.6188611
‘å‹{‹æ,35.94975278,139.6173222
‘å‹{‹æ,35.94985,139.6205528
‘å‹{‹æ,35.94986111,139.61742
‘å‹{‹æ,35.94991667,139.5990139
‘å‹{‹æ,35.94995833,139.6092944
‘å‹{‹æ,35.95,139.6000222
‘å‹{‹æ,35.95000278,139.6103667
‘å‹{‹æ,35.95006667,139.5999528
‘å‹{‹æ,35.95008611,139.6195111
‘å‹{‹æ,35.950175,139.6202194
‘å‹{‹æ,35.95028889,139.6177361
‘å‹{‹æ,35.95048889,139.6220889
‘å‹{‹æ,35.95063528,139.6351661
‘å‹{‹æ,35.95072778,139.5973667
‘å‹{‹æ,35.95074444,139.6794806
‘å‹{‹æ,35.95079722,139.6179961
‘å‹{‹æ,35.95101667,139.6191639
‘å‹{‹æ,35.95108333,139.6243611
‘å‹{‹æ,35.95115833,139.6096833
‘å‹{‹æ,35.95143611,139.6155639
‘å‹{‹æ,35.95145,139.6178444
‘å‹{‹æ,35.95145,139.60325
‘å‹{‹æ,35.95147222,139.603275
‘å‹{‹æ,35.95150556,139.6133472
‘å‹{‹æ,35.95152667,139.6587231
‘å‹{‹æ,35.95170111,139.6587336
‘å‹{‹æ,35.95171389,139.5963778
‘å‹{‹æ,35.95186667,139.6212889
‘å‹{‹æ,35.952025,139.6223917
‘å‹{‹æ,35.95207222,139.62285
‘å‹{‹æ,35.95210556,139.6224306
‘å‹{‹æ,35.95210556,139.5999778
‘å‹{‹æ,35.95211056,139.6582367
‘å‹{‹æ,35.95228333,139.6043611
‘å‹{‹æ,35.95231111,139.6242611
‘å‹{‹æ,35.95245556,139.5966972
‘å‹{‹æ,35.95265083,139.65754
‘å‹{‹æ,35.95275833,139.6541944
‘å‹{‹æ,35.95288611,139.61585
‘å‹{‹æ,35.95297222,139.6137139
‘å‹{‹æ,35.95303889,139.6220861
‘å‹{‹æ,35.95304167,139.6221028
‘å‹{‹æ,35.95307222,139.6013694
‘å‹{‹æ,35.95309444,139.6044083
‘å‹{‹æ,35.9531,139.6201972
‘å‹{‹æ,35.95316111,139.6082
‘å‹{‹æ,35.95329444,139.6030028
‘å‹{‹æ,35.95331389,139.6066333
‘å‹{‹æ,35.95343417,139.656745
‘å‹{‹æ,35.95347778,139.5970444
‘å‹{‹æ,35.95355639,139.660585
‘å‹{‹æ,35.95359444,139.6241833
‘å‹{‹æ,35.95360278,139.5988333
‘å‹{‹æ,35.95364722,139.6212139
‘å‹{‹æ,35.95371944,139.5994444
‘å‹{‹æ,35.95374722,139.5994861
‘å‹{‹æ,35.95386611,139.677185
‘å‹{‹æ,35.95387222,139.6143278
‘å‹{‹æ,35.95390556,139.5961917
‘å‹{‹æ,35.95407306,139.6614483
‘å‹{‹æ,35.954075,139.6199028
‘å‹{‹æ,35.95414444,139.6073278
‘å‹{‹æ,35.95423972,139.6605717
‘å‹{‹æ,35.95424722,139.6199361
‘å‹{‹æ,35.95436111,139.6245917
‘å‹{‹æ,35.95437778,139.6198278
‘å‹{‹æ,35.95445361,139.655585
‘å‹{‹æ,35.95459861,139.659305
‘å‹{‹æ,35.95463889,139.6163167
‘å‹{‹æ,35.95466611,139.66027
‘å‹{‹æ,35.95469806,139.6596967
‘å‹{‹æ,35.95480278,139.6017639
‘å‹{‹æ,35.95485833,139.6122111
‘å‹{‹æ,35.95486667,139.6194583
‘å‹{‹æ,35.95488889,139.6135139
‘å‹{‹æ,35.95490833,139.619425
‘å‹{‹æ,35.95499861,139.6571733
‘å‹{‹æ,35.95500278,139.5939306
‘å‹{‹æ,35.95502306,139.662215
‘å‹{‹æ,35.95504444,139.6012278
‘å‹{‹æ,35.95516333,139.6587283
‘å‹{‹æ,35.95523611,139.6102861
‘å‹{‹æ,35.95524806,139.6591267
‘å‹{‹æ,35.95552861,139.6609867
‘å‹{‹æ,35.95554111,139.6616183
‘å‹{‹æ,35.95561194,139.6577283
‘å‹{‹æ,35.95581389,139.614075
‘å‹{‹æ,35.95585,139.6149694
‘å‹{‹æ,35.95585278,139.6040667
‘å‹{‹æ,35.95592167,139.6586467
‘å‹{‹æ,35.95594167,139.6214167
‘å‹{‹æ,35.95596667,139.6040611
‘å‹{‹æ,35.956,139.611325
‘å‹{‹æ,35.956,139.6185972
‘å‹{‹æ,35.95605139,139.6584858
‘å‹{‹æ,35.95607778,139.6168444
‘å‹{‹æ,35.95608889,139.6219306
‘å‹{‹æ,35.95609444,139.6235528
‘å‹{‹æ,35.95611944,139.6204639
‘å‹{‹æ,35.95613611,139.6118556
‘å‹{‹æ,35.95614722,139.6118278
‘å‹{‹æ,35.95620278,139.6220694
‘å‹{‹æ,35.95623833,139.6608
‘å‹{‹æ,35.95630472,139.6614158
‘å‹{‹æ,35.95635,139.592625
‘å‹{‹æ,35.95635833,139.5951889
‘å‹{‹æ,35.95640556,139.6220833
‘å‹{‹æ,35.95653056,139.6198972
‘å‹{‹æ,35.95669167,139.5960222
‘å‹{‹æ,35.95682778,139.6116611
‘å‹{‹æ,35.95683333,139.6078278
‘å‹{‹æ,35.95686111,139.6218889
‘å‹{‹æ,35.95688056,139.6132278
‘å‹{‹æ,35.95695,139.5989167
‘å‹{‹æ,35.95725,139.6221139
‘å‹{‹æ,35.95728056,139.5989944
‘å‹{‹æ,35.95731111,139.5997194
‘å‹{‹æ,35.95743333,139.6184139
‘å‹{‹æ,35.95748611,139.6094306
‘å‹{‹æ,35.95757778,139.6227861
‘å‹{‹æ,35.95761389,139.6113861
‘å‹{‹æ,35.95767778,139.6189639
‘å‹{‹æ,35.95798056,139.6224278
‘å‹{‹æ,35.95800278,139.6083389
‘å‹{‹æ,35.95810278,139.6190667
‘å‹{‹æ,35.95817778,139.6100222
‘å‹{‹æ,35.95824167,139.6083583
‘å‹{‹æ,35.958275,139.6136
‘å‹{‹æ,35.9583,139.6135917
‘å‹{‹æ,35.95838056,139.620775
‘å‹{‹æ,35.95839444,139.6109028
‘å‹{‹æ,35.95843889,139.613825
‘å‹{‹æ,35.95852778,139.6091306
‘å‹{‹æ,35.95869722,139.6134778
‘å‹{‹æ,35.95876389,139.6204722
‘å‹{‹æ,35.95877222,139.6204111
‘å‹{‹æ,35.95949722,139.6193611
‘å‹{‹æ,35.95951944,139.6195083
‘å‹{‹æ,35.95958611,139.6216
‘å‹{‹æ,35.95965278,139.6118667
‘å‹{‹æ,35.95973889,139.6158722
‘å‹{‹æ,35.95988889,139.6206167
‘å‹{‹æ,35.95992778,139.6176833
‘å‹{‹æ,35.96015278,139.6682667
‘å‹{‹æ,35.96063611,139.6130972
‘å‹{‹æ,35.96068889,139.6189639
‘å‹{‹æ,35.96078889,139.6144306
‘å‹{‹æ,35.96083611,139.618575
‘å‹{‹æ,35.96083889,139.6198139
‘å‹{‹æ,35.96085,139.6157806
‘å‹{‹æ,35.96128056,139.6164194
‘å‹{‹æ,35.961825,139.6175167
‘å‹{‹æ,35.96211389,139.6164389
Œ©À‹æ,35.88576667,139.6068639
Œ©À‹æ,35.88631667,139.6069833
Œ©À‹æ,35.886425,139.6477639
Œ©À‹æ,35.88659167,139.6404806
Œ©À‹æ,35.88663056,139.6075722
Œ©À‹æ,35.88680833,139.6091611
Œ©À‹æ,35.88681667,139.641325
Œ©À‹æ,35.88688056,139.6428167
Œ©À‹æ,35.88690833,139.6400083
Œ©À‹æ,35.88700278,139.6487528
Œ©À‹æ,35.88700556,139.6483611
Œ©À‹æ,35.88708056,139.60625
Œ©À‹æ,35.88711667,139.6417444
Œ©À‹æ,35.88720278,139.6493083
Œ©À‹æ,35.88728056,139.6419194
Œ©À‹æ,35.88728611,139.6440611
Œ©À‹æ,35.88740833,139.6487028
Œ©À‹æ,35.88744722,139.6085778
Œ©À‹æ,35.88762222,139.6072528
Œ©À‹æ,35.88766667,139.6429417
Œ©À‹æ,35.88769444,139.6472417
Œ©À‹æ,35.88773611,139.6410667
Œ©À‹æ,35.88777222,139.6429056
Œ©À‹æ,35.88777778,139.6378972
Œ©À‹æ,35.88780278,139.6472417
Œ©À‹æ,35.88780556,139.6057667
Œ©À‹æ,35.88781389,139.6068389
Œ©À‹æ,35.88796667,139.6469028
Œ©À‹æ,35.88799722,139.6393444
Œ©À‹æ,35.88809167,139.6470194
Œ©À‹æ,35.88812222,139.641825
Œ©À‹æ,35.88823611,139.6433833
Œ©À‹æ,35.88834722,139.6062056
Œ©À‹æ,35.88834722,139.6062056
Œ©À‹æ,35.88834722,139.649325
Œ©À‹æ,35.88839444,139.6066333
Œ©À‹æ,35.88847778,139.6077139
Œ©À‹æ,35.88854167,139.6472083
Œ©À‹æ,35.88856111,139.6374111
Œ©À‹æ,35.88859444,139.6431
Œ©À‹æ,35.88868333,139.6051972
Œ©À‹æ,35.88870639,139.6407283
Œ©À‹æ,35.88870833,139.6446278
Œ©À‹æ,35.88878611,139.6087861
Œ©À‹æ,35.88880278,139.608925
Œ©À‹æ,35.88894444,139.6487139
Œ©À‹æ,35.88896944,139.60935
Œ©À‹æ,35.88899444,139.6093389
Œ©À‹æ,35.889075,139.6474806
Œ©À‹æ,35.88918333,139.638575
Œ©À‹æ,35.88923611,139.6474361
Œ©À‹æ,35.88923833,139.6418778
Œ©À‹æ,35.88936667,139.6078194
Œ©À‹æ,35.88953333,139.6454889
Œ©À‹æ,35.88953889,139.6456361
Œ©À‹æ,35.88958889,139.6482639
Œ©À‹æ,35.88961111,139.6380167
Œ©À‹æ,35.88961111,139.6421917
Œ©À‹æ,35.88968611,139.6061972
Œ©À‹æ,35.88969444,139.6046361
Œ©À‹æ,35.88987778,139.6466722
Œ©À‹æ,35.88988611,139.6095278
Œ©À‹æ,35.88997583,139.6414844
Œ©À‹æ,35.89002778,139.6036778
Œ©À‹æ,35.89002778,139.6258694
Œ©À‹æ,35.89005,139.6031667
Œ©À‹æ,35.89005278,139.6393333
Œ©À‹æ,35.89009028,139.6418028
Œ©À‹æ,35.89014722,139.6053417
Œ©À‹æ,35.89015278,139.6074694
Œ©À‹æ,35.89036389,139.6383583
Œ©À‹æ,35.89039722,139.6431222
Œ©À‹æ,35.89041111,139.6418833
Œ©À‹æ,35.89046667,139.6047028
Œ©À‹æ,35.89063056,139.6408111
Œ©À‹æ,35.89066111,139.6457222
Œ©À‹æ,35.89070694,139.6453194
Œ©À‹æ,35.89073056,139.6471111
Œ©À‹æ,35.89076111,139.6394528
Œ©À‹æ,35.89076944,139.6085444
Œ©À‹æ,35.89077222,139.6041111
Œ©À‹æ,35.89080556,139.6454056
Œ©À‹æ,35.89080833,139.6377667
Œ©À‹æ,35.89081389,139.6059611
Œ©À‹æ,35.890825,139.638575
Œ©À‹æ,35.89086944,139.6025972
Œ©À‹æ,35.89090556,139.6099694
Œ©À‹æ,35.89094444,139.6065417
Œ©À‹æ,35.89094722,139.6463111
Œ©À‹æ,35.89095083,139.60859
Œ©À‹æ,35.89113333,139.6074556
Œ©À‹æ,35.89117778,139.6394444
Œ©À‹æ,35.89119722,139.6405139
Œ©À‹æ,35.89123889,139.6038222
Œ©À‹æ,35.89125833,139.6422861
Œ©À‹æ,35.89126944,139.6398639
Œ©À‹æ,35.89128056,139.6441861
Œ©À‹æ,35.89128889,139.6253639
Œ©À‹æ,35.89139722,139.617775
Œ©À‹æ,35.89147778,139.6430222
Œ©À‹æ,35.89148333,139.6481472
Œ©À‹æ,35.89152222,139.6218028
Œ©À‹æ,35.89152222,139.6415361
Œ©À‹æ,35.89153056,139.6168417
Œ©À‹æ,35.89153056,139.6446778
Œ©À‹æ,35.891575,139.6476111
Œ©À‹æ,35.89163611,139.6207611
Œ©À‹æ,35.89169444,139.6208111
Œ©À‹æ,35.89170278,139.6413
Œ©À‹æ,35.89171944,139.6024583
Œ©À‹æ,35.89172222,139.6451528
Œ©À‹æ,35.891725,139.6451444
Œ©À‹æ,35.89173333,139.6024889
Œ©À‹æ,35.89175,139.6198028
Œ©À‹æ,35.89175278,139.6229528
Œ©À‹æ,35.8918,139.6216694
Œ©À‹æ,35.89183889,139.6087306
Œ©À‹æ,35.89184722,139.6436861
Œ©À‹æ,35.89185556,139.6150611
Œ©À‹æ,35.89186111,139.6058111
Œ©À‹æ,35.89186111,139.6364833
Œ©À‹æ,35.89186667,139.6206833
Œ©À‹æ,35.891875,139.6159417
Œ©À‹æ,35.89188333,139.6448139
Œ©À‹æ,35.89188889,139.6405972
Œ©À‹æ,35.89194444,139.6427611
Œ©À‹æ,35.89194722,139.6049278
Œ©À‹æ,35.89196111,139.6036861
Œ©À‹æ,35.89196111,139.6037056
Œ©À‹æ,35.89197222,139.6188778
Œ©À‹æ,35.891975,139.617475
Œ©À‹æ,35.89197778,139.6048083
Œ©À‹æ,35.89199722,139.646375
Œ©À‹æ,35.89201667,139.6479139
Œ©À‹æ,35.89203889,139.6389667
Œ©À‹æ,35.892075,139.618825
Œ©À‹æ,35.89208056,139.6060167
Œ©À‹æ,35.89210833,139.6102111
Œ©À‹æ,35.89211667,139.6392083
Œ©À‹æ,35.8922,139.638825
Œ©À‹æ,35.89220278,139.6154556
Œ©À‹æ,35.89224722,139.636575
Œ©À‹æ,35.89227222,139.6192389
Œ©À‹æ,35.892325,139.6212
Œ©À‹æ,35.89232778,139.638975
Œ©À‹æ,35.89234167,139.6188556
Œ©À‹æ,35.89234167,139.6385194
Œ©À‹æ,35.89235278,139.6178528
Œ©À‹æ,35.89238333,139.6473611
Œ©À‹æ,35.89240556,139.6441194
Œ©À‹æ,35.89240833,139.6167278
Œ©À‹æ,35.89240833,139.6469611
Œ©À‹æ,35.89241389,139.6471194
Œ©À‹æ,35.89242778,139.6470833
Œ©À‹æ,35.89247778,139.6200611
Œ©À‹æ,35.89249167,139.624875
Œ©À‹æ,35.89251111,139.6153333
Œ©À‹æ,35.89251944,139.6166889
Œ©À‹æ,35.89252361,139.6218789
Œ©À‹æ,35.89252778,139.6070639
Œ©À‹æ,35.89253333,139.6125833
Œ©À‹æ,35.89253333,139.6194778
Œ©À‹æ,35.89254722,139.6437667
Œ©À‹æ,35.892575,139.6072194
Œ©À‹æ,35.89260833,139.6155222
Œ©À‹æ,35.89263333,139.6219278
Œ©À‹æ,35.89268889,139.6413389
Œ©À‹æ,35.89271944,139.6084667
Œ©À‹æ,35.89275556,139.6036944
Œ©À‹æ,35.89275556,139.6423972
Œ©À‹æ,35.89278333,139.6373111
Œ©À‹æ,35.89278889,139.6055528
Œ©À‹æ,35.89278889,139.6037167
Œ©À‹æ,35.89280278,139.6113194
Œ©À‹æ,35.892875,139.6366
Œ©À‹æ,35.89288611,139.6186778
Œ©À‹æ,35.89296667,139.6103444
Œ©À‹æ,35.89296944,139.6448167
Œ©À‹æ,35.89301944,139.6466583
Œ©À‹æ,35.89304444,139.6197222
Œ©À‹æ,35.89305,139.6095222
Œ©À‹æ,35.89305833,139.6443333
Œ©À‹æ,35.89306389,139.6033389
Œ©À‹æ,35.89308333,139.6443917
Œ©À‹æ,35.89308889,139.6044833
Œ©À‹æ,35.89309167,139.6054889
Œ©À‹æ,35.89309167,139.6398833
Œ©À‹æ,35.89314167,139.6217028
Œ©À‹æ,35.89317222,139.6226556
Œ©À‹æ,35.893175,139.6147639
Œ©À‹æ,35.89317778,139.6071639
Œ©À‹æ,35.89317778,139.6133806
Œ©À‹æ,35.89318056,139.6142861
Œ©À‹æ,35.89322778,139.6185083
Œ©À‹æ,35.89325,139.6060444
Œ©À‹æ,35.89325,139.6121722
Œ©À‹æ,35.89325,139.6084778
Œ©À‹æ,35.89326389,139.6211333
Œ©À‹æ,35.89326389,139.6009917
Œ©À‹æ,35.89326389,139.6009889
Œ©À‹æ,35.89328056,139.6385583
Œ©À‹æ,35.89328611,139.6432222
Œ©À‹æ,35.89330556,139.6457111
Œ©À‹æ,35.89331944,139.6354528
Œ©À‹æ,35.8934,139.6475639
Œ©À‹æ,35.89343889,139.6216611
Œ©À‹æ,35.89345,139.6182361
Œ©À‹æ,35.89345,139.6132111
Œ©À‹æ,35.89347778,139.6167333
Œ©À‹æ,35.89350278,139.6226722
Œ©À‹æ,35.89356806,139.6023517
Œ©À‹æ,35.89358889,139.6156417
Œ©À‹æ,35.89358889,139.605275
Œ©À‹æ,35.89365,139.6224278
Œ©À‹æ,35.89370556,139.6105028
Œ©À‹æ,35.89371667,139.6354444
Œ©À‹æ,35.89374444,139.6411667
Œ©À‹æ,35.89374583,139.6390461
Œ©À‹æ,35.89378611,139.6078306
Œ©À‹æ,35.89379722,139.6403417
Œ©À‹æ,35.89380833,139.6078639
Œ©À‹æ,35.89380833,139.6427056
Œ©À‹æ,35.89383611,139.6035972
Œ©À‹æ,35.89385556,139.6035889
Œ©À‹æ,35.89389583,139.6376572
Œ©À‹æ,35.89390556,139.6030889
Œ©À‹æ,35.8939125,139.6410778
Œ©À‹æ,35.89393889,139.6117556
Œ©À‹æ,35.89395,139.6373722
Œ©À‹æ,35.89395833,139.6241083
Œ©À‹æ,35.89396389,139.60935
Œ©À‹æ,35.894,139.6030278
Œ©À‹æ,35.89401667,139.6204528
Œ©À‹æ,35.894025,139.6062417
Œ©À‹æ,35.89402778,139.6239444
Œ©À‹æ,35.89406389,139.6367722
Œ©À‹æ,35.89406389,139.6195611
Œ©À‹æ,35.89408056,139.6456
Œ©À‹æ,35.8941,139.6013472
Œ©À‹æ,35.89411944,139.6013556
Œ©À‹æ,35.89416389,139.6103
Œ©À‹æ,35.89417778,139.6176444
Œ©À‹æ,35.89419722,139.6088417
Œ©À‹æ,35.89423889,139.6151306
Œ©À‹æ,35.89424167,139.6047167
Œ©À‹æ,35.89425278,139.6389444
Œ©À‹æ,35.89426111,139.6203861
Œ©À‹æ,35.89426389,139.6380111
Œ©À‹æ,35.89426944,139.6175611
Œ©À‹æ,35.894275,139.6212444
Œ©À‹æ,35.89427778,139.608925
Œ©À‹æ,35.89428611,139.6363556
Œ©À‹æ,35.89430833,139.6088806
Œ©À‹æ,35.89432222,139.6175056
Œ©À‹æ,35.89432222,139.6147889
Œ©À‹æ,35.89433056,139.6036833
Œ©À‹æ,35.89434722,139.6085139
Œ©À‹æ,35.89438056,139.6063944
Œ©À‹æ,35.89441389,139.606275
Œ©À‹æ,35.89441389,139.6165167
Œ©À‹æ,35.89441667,139.6355278
Œ©À‹æ,35.89451111,139.60825
Œ©À‹æ,35.89451667,139.6082583
Œ©À‹æ,35.89453056,139.6241917
Œ©À‹æ,35.89455278,139.6207083
Œ©À‹æ,35.89456944,139.6070139
Œ©À‹æ,35.89463056,139.6442222
Œ©À‹æ,35.89463611,139.6345222
Œ©À‹æ,35.89466389,139.6083583
Œ©À‹æ,35.89470278,139.6238444
Œ©À‹æ,35.89473889,139.6457306
Œ©À‹æ,35.89474444,139.6079861
Œ©À‹æ,35.89475833,139.6054583
Œ©À‹æ,35.89476944,139.6402111
Œ©À‹æ,35.89477222,139.6107417
Œ©À‹æ,35.89479167,139.6341944
Œ©À‹æ,35.89481944,139.6193194
Œ©À‹æ,35.89490556,139.6097972
Œ©À‹æ,35.89491944,139.6032611
Œ©À‹æ,35.89495833,139.6162167
Œ©À‹æ,35.894975,139.645025
Œ©À‹æ,35.89498056,139.6118472
Œ©À‹æ,35.89502778,139.6208667
Œ©À‹æ,35.89504444,139.6126694
Œ©À‹æ,35.89505,139.6217972
Œ©À‹æ,35.89506111,139.6161333
Œ©À‹æ,35.89506667,139.6178333
Œ©À‹æ,35.8952,139.635
Œ©À‹æ,35.89521944,139.6166833
Œ©À‹æ,35.895225,139.6393583
Œ©À‹æ,35.89525833,139.60695
Œ©À‹æ,35.89525833,139.6364861
Œ©À‹æ,35.89526389,139.6401806
Œ©À‹æ,35.89528889,139.6139806
Œ©À‹æ,35.89531111,139.6379639
Œ©À‹æ,35.895325,139.61685
Œ©À‹æ,35.89534722,139.6058
Œ©À‹æ,35.89541389,139.6085694
Œ©À‹æ,35.89545,139.6019722
Œ©À‹æ,35.89545833,139.6203556
Œ©À‹æ,35.89546389,139.6165639
Œ©À‹æ,35.89547222,139.61705
Œ©À‹æ,35.89548333,139.6408194
Œ©À‹æ,35.89550278,139.6168667
Œ©À‹æ,35.89552222,139.6184778
Œ©À‹æ,35.89553056,139.611175
Œ©À‹æ,35.89557222,139.6153167
Œ©À‹æ,35.89557222,139.6395056
Œ©À‹æ,35.89560833,139.6183472
Œ©À‹æ,35.89564722,139.6322139
Œ©À‹æ,35.89565,139.6236139
Œ©À‹æ,35.89567222,139.5996889
Œ©À‹æ,35.89569167,139.6356611
Œ©À‹æ,35.89571944,139.6215417
Œ©À‹æ,35.89573889,139.6104444
Œ©À‹æ,35.89575556,139.6123083
Œ©À‹æ,35.89578611,139.6334
Œ©À‹æ,35.89581111,139.6447528
Œ©À‹æ,35.89583056,139.6447528
Œ©À‹æ,35.89589167,139.6177833
Œ©À‹æ,35.89589444,139.6175278
Œ©À‹æ,35.89593056,139.6232278
Œ©À‹æ,35.89593611,139.6125306
Œ©À‹æ,35.89595556,139.6010167
Œ©À‹æ,35.89602222,139.6138611
Œ©À‹æ,35.89608333,139.622375
Œ©À‹æ,35.89610278,139.6223139
Œ©À‹æ,35.89614722,139.6156972
Œ©À‹æ,35.89617222,139.6138722
Œ©À‹æ,35.89621389,139.6157806
Œ©À‹æ,35.89624167,139.6458389
Œ©À‹æ,35.89624722,139.6468389
Œ©À‹æ,35.89628611,139.6022139
Œ©À‹æ,35.89628611,139.6358111
Œ©À‹æ,35.89629722,139.6034778
Œ©À‹æ,35.89629722,139.6148694
Œ©À‹æ,35.89630556,139.6113556
Œ©À‹æ,35.89632222,139.6297389
Œ©À‹æ,35.896325,139.6159861
Œ©À‹æ,35.89636944,139.6343556
Œ©À‹æ,35.89640278,139.6212222
Œ©À‹æ,35.89642222,139.6170889
Œ©À‹æ,35.89642222,139.6330944
Œ©À‹æ,35.89644444,139.61075
Œ©À‹æ,35.89646944,139.6232028
Œ©À‹æ,35.89654167,139.6066222
Œ©À‹æ,35.89656111,139.6428861
Œ©À‹æ,35.89657222,139.6170889
Œ©À‹æ,35.89659444,139.6123528
Œ©À‹æ,35.89659722,139.6064694
Œ©À‹æ,35.89662222,139.6065389
Œ©À‹æ,35.89670556,139.6078806
Œ©À‹æ,35.89670556,139.6186444
Œ©À‹æ,35.89670556,139.6447361
Œ©À‹æ,35.89676111,139.6079028
Œ©À‹æ,35.89678056,139.6357889
Œ©À‹æ,35.89683611,139.6103667
Œ©À‹æ,35.89683889,139.6294472
Œ©À‹æ,35.89693611,139.6044861
Œ©À‹æ,35.89693889,139.6337167
Œ©À‹æ,35.89694444,139.6044167
Œ©À‹æ,35.89696667,139.6321083
Œ©À‹æ,35.89699444,139.6196306
Œ©À‹æ,35.897,139.6334361
Œ©À‹æ,35.89703056,139.6195278
Œ©À‹æ,35.89708889,139.6055139
Œ©À‹æ,35.8971,139.622625
Œ©À‹æ,35.89711944,139.6344583
Œ©À‹æ,35.89713889,139.644325
Œ©À‹æ,35.89718611,139.6140472
Œ©À‹æ,35.89718889,139.6470583
Œ©À‹æ,35.89719167,139.6185194
Œ©À‹æ,35.89721389,139.6032472
Œ©À‹æ,35.89723611,139.6317056
Œ©À‹æ,35.89723889,139.6032083
Œ©À‹æ,35.89724722,139.6348806
Œ©À‹æ,35.89726667,139.6094139
Œ©À‹æ,35.89726667,139.6075139
Œ©À‹æ,35.89728056,139.6194306
Œ©À‹æ,35.89731944,139.6114361
Œ©À‹æ,35.89734722,139.6203139
Œ©À‹æ,35.89735278,139.6379028
Œ©À‹æ,35.89735833,139.6394778
Œ©À‹æ,35.89738333,139.6174694
Œ©À‹æ,35.89739722,139.6318444
Œ©À‹æ,35.89740833,139.6458139
Œ©À‹æ,35.897425,139.6207583
Œ©À‹æ,35.89748056,139.6377889
Œ©À‹æ,35.89748889,139.6018917
Œ©À‹æ,35.89748889,139.608625
Œ©À‹æ,35.897525,139.6408417
Œ©À‹æ,35.89753333,139.6226611
Œ©À‹æ,35.89758611,139.61295
Œ©À‹æ,35.89760556,139.6103583
Œ©À‹æ,35.89760556,139.6464944
Œ©À‹æ,35.89761944,139.6324917
Œ©À‹æ,35.89764167,139.6338333
Œ©À‹æ,35.89768056,139.6165861
Œ©À‹æ,35.89768889,139.6086472
Œ©À‹æ,35.89771111,139.63275
Œ©À‹æ,35.89772222,139.6340944
Œ©À‹æ,35.89782222,139.6437472
Œ©À‹æ,35.89782778,139.6119944
Œ©À‹æ,35.89783333,139.6097806
Œ©À‹æ,35.89784722,139.6452139
Œ©À‹æ,35.89785556,139.6202056
Œ©À‹æ,35.89786944,139.6307833
Œ©À‹æ,35.89788889,139.6051667
Œ©À‹æ,35.89790278,139.6201167
Œ©À‹æ,35.89790278,139.6342083
Œ©À‹æ,35.89791389,139.6420167
Œ©À‹æ,35.89793056,139.6472611
Œ©À‹æ,35.89793333,139.6357083
Œ©À‹æ,35.89794444,139.6463722
Œ©À‹æ,35.89795278,139.6362333
Œ©À‹æ,35.89795833,139.6169194
Œ©À‹æ,35.89797778,139.634375
Œ©À‹æ,35.89800278,139.6046444
Œ©À‹æ,35.89804167,139.644875
Œ©À‹æ,35.89807778,139.6122639
Œ©À‹æ,35.89808611,139.6306278
Œ©À‹æ,35.89809167,139.6335444
Œ©À‹æ,35.8981,139.6221139
Œ©À‹æ,35.89812222,139.6146444
Œ©À‹æ,35.89818056,139.6431833
Œ©À‹æ,35.89818333,139.6191694
Œ©À‹æ,35.89824444,139.6072722
Œ©À‹æ,35.89825,139.6140889
Œ©À‹æ,35.89826389,139.6317528
Œ©À‹æ,35.89826667,139.6212611
Œ©À‹æ,35.89827778,139.6132694
Œ©À‹æ,35.89831944,139.6348028
Œ©À‹æ,35.89833333,139.6392528
Œ©À‹æ,35.89833611,139.6353028
Œ©À‹æ,35.89839444,139.6129889
Œ©À‹æ,35.89841944,139.61205
Œ©À‹æ,35.89841944,139.6484611
Œ©À‹æ,35.89843611,139.6093917
Œ©À‹æ,35.89843611,139.6318333
Œ©À‹æ,35.89843611,139.6377611
Œ©À‹æ,35.89847778,139.6077833
Œ©À‹æ,35.89848333,139.6234
Œ©À‹æ,35.89848833,139.6257489
Œ©À‹æ,35.89848889,139.6032917
Œ©À‹æ,35.89849167,139.6085444
Œ©À‹æ,35.89849444,139.6078028
Œ©À‹æ,35.89849722,139.6109861
Œ©À‹æ,35.89855556,139.6422333
Œ©À‹æ,35.89855833,139.6136028
Œ©À‹æ,35.89857778,139.6480417
Œ©À‹æ,35.89858889,139.6401528
Œ©À‹æ,35.89859444,139.6233194
Œ©À‹æ,35.89860556,139.6265306
Œ©À‹æ,35.89861111,139.6449167
Œ©À‹æ,35.89863333,139.6221139
Œ©À‹æ,35.89863611,139.61995
Œ©À‹æ,35.89864722,139.6052
Œ©À‹æ,35.89865,139.6314167
Œ©À‹æ,35.89869722,139.6277583
Œ©À‹æ,35.89870556,139.6406056
Œ©À‹æ,35.89870833,139.6264583
Œ©À‹æ,35.89871667,139.6472972
Œ©À‹æ,35.89877222,139.6307667
Œ©À‹æ,35.89877778,139.6072972
Œ©À‹æ,35.89877778,139.6300722
Œ©À‹æ,35.89879722,139.6200833
Œ©À‹æ,35.89879722,139.6440694
Œ©À‹æ,35.89881111,139.6439972
Œ©À‹æ,35.89882778,139.6100361
Œ©À‹æ,35.89884722,139.6055028
Œ©À‹æ,35.89884722,139.6125167
Œ©À‹æ,35.89886528,139.6331783
Œ©À‹æ,35.89888056,139.6055167
Œ©À‹æ,35.89888333,139.6459694
Œ©À‹æ,35.89891111,139.63395
Œ©À‹æ,35.898925,139.6144611
Œ©À‹æ,35.89893889,139.6061972
Œ©À‹æ,35.89893889,139.6432972
Œ©À‹æ,35.89895,139.6273139
Œ©À‹æ,35.89895,139.6432306
Œ©À‹æ,35.89896944,139.6313361
Œ©À‹æ,35.89898056,139.6316556
Œ©À‹æ,35.89899722,139.6361667
Œ©À‹æ,35.89903333,139.6187167
Œ©À‹æ,35.8990625,139.6444881
Œ©À‹æ,35.89906944,139.6342056
Œ©À‹æ,35.89910556,139.6230444
Œ©À‹æ,35.899125,139.6228361
Œ©À‹æ,35.89913333,139.6065444
Œ©À‹æ,35.89913889,139.6254306
Œ©À‹æ,35.89921944,139.6129806
Œ©À‹æ,35.89922222,139.6314278
Œ©À‹æ,35.89923333,139.6418
Œ©À‹æ,35.89924167,139.6471167
Œ©À‹æ,35.89926111,139.6324889
Œ©À‹æ,35.89931944,139.6037667
Œ©À‹æ,35.89934167,139.6115861
Œ©À‹æ,35.89934444,139.6297472
Œ©À‹æ,35.89935,139.6060917
Œ©À‹æ,35.89936667,139.6261833
Œ©À‹æ,35.89936806,139.6270967
Œ©À‹æ,35.89940556,139.6194611
Œ©À‹æ,35.89941111,139.6087611
Œ©À‹æ,35.899425,139.6087861
Œ©À‹æ,35.89942778,139.6347472
Œ©À‹æ,35.89943333,139.6106389
Œ©À‹æ,35.89947778,139.6435
Œ©À‹æ,35.89949444,139.64035
Œ©À‹æ,35.8995,139.6245972
Œ©À‹æ,35.89951944,139.6473111
Œ©À‹æ,35.89954167,139.617375
Œ©À‹æ,35.89955,139.6388917
Œ©À‹æ,35.89956111,139.6361611
Œ©À‹æ,35.89956389,139.6141194
Œ©À‹æ,35.89956667,139.6391556
Œ©À‹æ,35.89958611,139.6221111
Œ©À‹æ,35.89958611,139.6395167
Œ©À‹æ,35.89958889,139.6228167
Œ©À‹æ,35.89959167,139.6026833
Œ©À‹æ,35.8996,139.6023167
Œ©À‹æ,35.89961667,139.6069389
Œ©À‹æ,35.89964444,139.6023083
Œ©À‹æ,35.89965,139.6325528
Œ©À‹æ,35.89968056,139.61715
Œ©À‹æ,35.89969861,139.6260236
Œ©À‹æ,35.89971389,139.6274222
Œ©À‹æ,35.89973694,139.6443883
Œ©À‹æ,35.89974722,139.631
Œ©À‹æ,35.89975833,139.6421667
Œ©À‹æ,35.89976111,139.6196694
Œ©À‹æ,35.89976806,139.62644
Œ©À‹æ,35.89978056,139.6233917
Œ©À‹æ,35.89979444,139.625175
Œ©À‹æ,35.89979444,139.6295056
Œ©À‹æ,35.89980278,139.6295056
Œ©À‹æ,35.89984167,139.62255
Œ©À‹æ,35.89984167,139.6097889
Œ©À‹æ,35.89986944,139.6237278
Œ©À‹æ,35.89987778,139.6407
Œ©À‹æ,35.89990278,139.6062222
Œ©À‹æ,35.89990556,139.6463444
Œ©À‹æ,35.89991667,139.6062806
Œ©À‹æ,35.89992778,139.6309194
Œ©À‹æ,35.89998333,139.6332194
Œ©À‹æ,35.89998333,139.6333
Œ©À‹æ,35.90000556,139.6021361
Œ©À‹æ,35.90001667,139.6472139
Œ©À‹æ,35.90002222,139.6021056
Œ©À‹æ,35.90003333,139.6221194
Œ©À‹æ,35.90003889,139.6388444
Œ©À‹æ,35.90004167,139.63605
Œ©À‹æ,35.90005,139.6182556
Œ©À‹æ,35.90006667,139.6369417
Œ©À‹æ,35.90008056,139.6034694
Œ©À‹æ,35.90008611,139.6034528
Œ©À‹æ,35.90009167,139.6248306
Œ©À‹æ,35.90010556,139.6041889
Œ©À‹æ,35.90012778,139.642075
Œ©À‹æ,35.90013889,139.6032111
Œ©À‹æ,35.90015278,139.6217167
Œ©À‹æ,35.90015556,139.6041778
Œ©À‹æ,35.90018611,139.60485
Œ©À‹æ,35.900225,139.6452444
Œ©À‹æ,35.90023333,139.6324333
Œ©À‹æ,35.90024444,139.6087222
Œ©À‹æ,35.90024444,139.6307
Œ©À‹æ,35.90024722,139.6166806
Œ©À‹æ,35.90025556,139.6316806
Œ©À‹æ,35.90026111,139.6086806
Œ©À‹æ,35.90026667,139.641425
Œ©À‹æ,35.900275,139.6241111
Œ©À‹æ,35.90028611,139.6220972
Œ©À‹æ,35.90033056,139.6108917
Œ©À‹æ,35.90041667,139.6130472
Œ©À‹æ,35.90043056,139.6458167
Œ©À‹æ,35.90043889,139.6267722
Œ©À‹æ,35.90045833,139.6272139
Œ©À‹æ,35.90046389,139.6442528
Œ©À‹æ,35.90047778,139.615675
Œ©À‹æ,35.90050278,139.6178222
Œ©À‹æ,35.90053056,139.6060778
Œ©À‹æ,35.90054167,139.637625
Œ©À‹æ,35.90056667,139.6231889
Œ©À‹æ,35.90059167,139.6196778
Œ©À‹æ,35.9006,139.6395139
Œ©À‹æ,35.90060833,139.6368333
Œ©À‹æ,35.90062778,139.63231
Œ©À‹æ,35.90067222,139.6471778
Œ©À‹æ,35.900675,139.6292306
Œ©À‹æ,35.90067778,139.6308389
Œ©À‹æ,35.90068611,139.6044972
Œ©À‹æ,35.90069722,139.6270861
Œ©À‹æ,35.90070833,139.6137278
Œ©À‹æ,35.90073889,139.6218111
Œ©À‹æ,35.90074444,139.6229444
Œ©À‹æ,35.90078889,139.6214278
Œ©À‹æ,35.90078889,139.62575
Œ©À‹æ,35.90085,139.6070222
Œ©À‹æ,35.90085556,139.6293028
Œ©À‹æ,35.90085556,139.6237556
Œ©À‹æ,35.90085833,139.6049167
Œ©À‹æ,35.90089444,139.6319694
Œ©À‹æ,35.90090833,139.6239028
Œ©À‹æ,35.90090833,139.6205861
Œ©À‹æ,35.90091667,139.6209972
Œ©À‹æ,35.90092778,139.6245833
Œ©À‹æ,35.90093611,139.6320389
Œ©À‹æ,35.90093889,139.6259556
Œ©À‹æ,35.90094167,139.6266722
Œ©À‹æ,35.90094444,139.6247056
Œ©À‹æ,35.90096389,139.6305778
Œ©À‹æ,35.90097778,139.6218444
Œ©À‹æ,35.90097778,139.6305778
Œ©À‹æ,35.90098333,139.6341028
Œ©À‹æ,35.901,139.6022639
Œ©À‹æ,35.90100278,139.60905
Œ©À‹æ,35.90100556,139.6255611
Œ©À‹æ,35.90101667,139.6018167
Œ©À‹æ,35.90102222,139.6148944
Œ©À‹æ,35.90102778,139.6448556
Œ©À‹æ,35.90104444,139.6331972
Œ©À‹æ,35.90105556,139.6223
Œ©À‹æ,35.90105833,139.6266083
Œ©À‹æ,35.90107778,139.6079833
Œ©À‹æ,35.90108056,139.6266083
Œ©À‹æ,35.90109444,139.6379083
Œ©À‹æ,35.90109722,139.6305361
Œ©À‹æ,35.90113611,139.6306528
Œ©À‹æ,35.90113889,139.6035306
Œ©À‹æ,35.90116111,139.6225639
Œ©À‹æ,35.90116389,139.6228722
Œ©À‹æ,35.90118056,139.6032694
Œ©À‹æ,35.90118611,139.6245167
Œ©À‹æ,35.9012,139.621525
Œ©À‹æ,35.90120556,139.6257694
Œ©À‹æ,35.90121667,139.6268972
Œ©À‹æ,35.90124444,139.6391528
Œ©À‹æ,35.90125,139.6114472
Œ©À‹æ,35.90126111,139.6229222
Œ©À‹æ,35.90126667,139.6185889
Œ©À‹æ,35.90126667,139.6194667
Œ©À‹æ,35.901275,139.6161611
Œ©À‹æ,35.90129167,139.6403861
Œ©À‹æ,35.90129167,139.6307111
Œ©À‹æ,35.90129167,139.6105056
Œ©À‹æ,35.90133611,139.6303806
Œ©À‹æ,35.90134722,139.6416806
Œ©À‹æ,35.90135556,139.6290778
Œ©À‹æ,35.90138056,139.6212417
Œ©À‹æ,35.90139167,139.6080222
Œ©À‹æ,35.9014,139.61925
Œ©À‹æ,35.9014,139.6476056
Œ©À‹æ,35.90142222,139.6303111
Œ©À‹æ,35.90145278,139.6115222
Œ©À‹æ,35.90146389,139.6237306
Œ©À‹æ,35.90148056,139.6171361
Œ©À‹æ,35.90148333,139.6268194
Œ©À‹æ,35.90148333,139.6132639
Œ©À‹æ,35.9015,139.6457056
Œ©À‹æ,35.90150833,139.6432583
Œ©À‹æ,35.90150833,139.6263556
Œ©À‹æ,35.90151667,139.6318
Œ©À‹æ,35.901525,139.6044833
Œ©À‹æ,35.90153056,139.6441917
Œ©À‹æ,35.90156389,139.6236833
Œ©À‹æ,35.90156389,139.6482333
Œ©À‹æ,35.901575,139.6224972
Œ©À‹æ,35.90161111,139.6245556
Œ©À‹æ,35.90161944,139.6306583
Œ©À‹æ,35.90163056,139.6367528
Œ©À‹æ,35.90164444,139.6333111
Œ©À‹æ,35.90164444,139.63035
Œ©À‹æ,35.90165556,139.6359611
Œ©À‹æ,35.90166111,139.6297306
Œ©À‹æ,35.90166389,139.6223639
Œ©À‹æ,35.90168889,139.6337861
Œ©À‹æ,35.90168889,139.633325
Œ©À‹æ,35.90168889,139.6333194
Œ©À‹æ,35.90169167,139.6079528
Œ©À‹æ,35.90171389,139.6142333
Œ©À‹æ,35.90172778,139.6302028
Œ©À‹æ,35.90176667,139.6385056
Œ©À‹æ,35.90178611,139.6054056
Œ©À‹æ,35.90182222,139.6087278
Œ©À‹æ,35.90183056,139.6375417
Œ©À‹æ,35.90184306,139.6319378
Œ©À‹æ,35.90187778,139.6289222
Œ©À‹æ,35.90188889,139.6307028
Œ©À‹æ,35.90191944,139.6175139
Œ©À‹æ,35.90192222,139.6411
Œ©À‹æ,35.901925,139.6098389
Œ©À‹æ,35.90196111,139.6210556
Œ©À‹æ,35.90199722,139.626575
Œ©À‹æ,35.90200833,139.6255028
Œ©À‹æ,35.90202778,139.6025056
Œ©À‹æ,35.90204167,139.6320861
Œ©À‹æ,35.90205,139.6225389
Œ©À‹æ,35.90207778,139.6104444
Œ©À‹æ,35.90211667,139.629025
Œ©À‹æ,35.90212222,139.6209139
Œ©À‹æ,35.90212222,139.6290389
Œ©À‹æ,35.90214722,139.6030528
Œ©À‹æ,35.90215833,139.6035778
Œ©À‹æ,35.90216944,139.6071972
Œ©À‹æ,35.902175,139.6208722
Œ©À‹æ,35.90218056,139.6252694
Œ©À‹æ,35.90220833,139.6302056
Œ©À‹æ,35.90221944,139.6301889
Œ©À‹æ,35.90222583,139.6301961
Œ©À‹æ,35.90223333,139.6253167
Œ©À‹æ,35.90223611,139.636725
Œ©À‹æ,35.90223889,139.6191694
Œ©À‹æ,35.90224444,139.6210667
Œ©À‹æ,35.90224722,139.6328528
Œ©À‹æ,35.902275,139.63325
Œ©À‹æ,35.90228056,139.6180583
Œ©À‹æ,35.90229167,139.6255472
Œ©À‹æ,35.90231111,139.6086472
Œ©À‹æ,35.90231944,139.6391361
Œ©À‹æ,35.902325,139.6165806
Œ©À‹æ,35.90232778,139.6208083
Œ©À‹æ,35.90234167,139.6260472
Œ©À‹æ,35.90237222,139.6404417
Œ©À‹æ,35.90238611,139.6423389
Œ©À‹æ,35.90239667,139.6287378
Œ©À‹æ,35.90241111,139.6195972
Œ©À‹æ,35.90241667,139.6182778
Œ©À‹æ,35.90243611,139.6261556
Œ©À‹æ,35.90244722,139.6338694
Œ©À‹æ,35.90246944,139.6157889
Œ©À‹æ,35.90247778,139.6289194
Œ©À‹æ,35.90248611,139.6416472
Œ©À‹æ,35.90249722,139.6112306
Œ©À‹æ,35.90252222,139.6303611
Œ©À‹æ,35.90254722,139.6301917
Œ©À‹æ,35.902575,139.6203333
Œ©À‹æ,35.90258333,139.6154056
Œ©À‹æ,35.90261667,139.6144722
Œ©À‹æ,35.90261944,139.6044083
Œ©À‹æ,35.902625,139.6346778
Œ©À‹æ,35.90265833,139.6220833
Œ©À‹æ,35.902725,139.6307222
Œ©À‹æ,35.902725,139.6314806
Œ©À‹æ,35.902725,139.6074972
Œ©À‹æ,35.90273611,139.6300944
Œ©À‹æ,35.90274722,139.6232194
Œ©À‹æ,35.90276667,139.6056389
Œ©À‹æ,35.90278056,139.6301056
Œ©À‹æ,35.90278333,139.6419972
Œ©À‹æ,35.90278333,139.6208389
Œ©À‹æ,35.90279444,139.6102194
Œ©À‹æ,35.90280556,139.6118972
Œ©À‹æ,35.90281111,139.6172278
Œ©À‹æ,35.90282778,139.6214667
Œ©À‹æ,35.90282778,139.6236944
Œ©À‹æ,35.90283611,139.6087694
Œ©À‹æ,35.90285833,139.6374806
Œ©À‹æ,35.90286111,139.6033278
Œ©À‹æ,35.90286944,139.6315111
Œ©À‹æ,35.90288333,139.6394667
Œ©À‹æ,35.90288611,139.6406611
Œ©À‹æ,35.90289167,139.6458694
Œ©À‹æ,35.90290556,139.6432806
Œ©À‹æ,35.90291389,139.6215361
Œ©À‹æ,35.90291389,139.6240611
Œ©À‹æ,35.90292778,139.6243611
Œ©À‹æ,35.90293889,139.6232056
Œ©À‹æ,35.90296389,139.6315167
Œ©À‹æ,35.90297222,139.6162306
Œ©À‹æ,35.90298889,139.6286083
Œ©À‹æ,35.90301944,139.6244056
Œ©À‹æ,35.90301944,139.6223528
Œ©À‹æ,35.903025,139.6361
Œ©À‹æ,35.90305556,139.6257306
Œ©À‹æ,35.90305833,139.62505
Œ©À‹æ,35.90306111,139.6102639
Œ©À‹æ,35.90307222,139.61265
Œ©À‹æ,35.90308056,139.6189861
Œ©À‹æ,35.90309167,139.6121194
Œ©À‹æ,35.90309444,139.6314
Œ©À‹æ,35.90310278,139.6300583
Œ©À‹æ,35.90310278,139.64155
Œ©À‹æ,35.90310833,139.622
Œ©À‹æ,35.90311667,139.6314389
Œ©À‹æ,35.90311667,139.6499778
Œ©À‹æ,35.90313611,139.6249111
Œ©À‹æ,35.90316389,139.6161722
Œ©À‹æ,35.90316389,139.6243111
Œ©À‹æ,35.90318222,139.6243072
Œ©À‹æ,35.90318333,139.6302361
Œ©À‹æ,35.90320278,139.6145194
Œ©À‹æ,35.90321944,139.6206583
Œ©À‹æ,35.90325278,139.6206
Œ©À‹æ,35.90326111,139.6109806
Œ©À‹æ,35.90326389,139.60955
Œ©À‹æ,35.90330278,139.621925
Œ©À‹æ,35.90331111,139.6180972
Œ©À‹æ,35.90334722,139.6372972
Œ©À‹æ,35.90336944,139.6306278
Œ©À‹æ,35.90337778,139.6454083
Œ©À‹æ,35.90338333,139.6153139
Œ©À‹æ,35.9034,139.6255833
Œ©À‹æ,35.90340278,139.6217833
Œ©À‹æ,35.90340833,139.6401417
Œ©À‹æ,35.90340833,139.6313328
Œ©À‹æ,35.90341389,139.6199556
Œ©À‹æ,35.90341667,139.6213917
Œ©À‹æ,35.90341944,139.617475
Œ©À‹æ,35.90343333,139.6080417
Œ©À‹æ,35.90343889,139.6376556
Œ©À‹æ,35.90346389,139.6152111
Œ©À‹æ,35.90346389,139.6239806
Œ©À‹æ,35.90346944,139.6071972
Œ©À‹æ,35.90346944,139.6281028
Œ©À‹æ,35.90348056,139.6028361
Œ©À‹æ,35.90349444,139.6072056
Œ©À‹æ,35.90350278,139.6203389
Œ©À‹æ,35.90350556,139.6421389
Œ©À‹æ,35.90352222,139.6137056
Œ©À‹æ,35.90353889,139.6256417
Œ©À‹æ,35.90355556,139.6245278
Œ©À‹æ,35.90356944,139.63395
Œ©À‹æ,35.90357778,139.6285556
Œ©À‹æ,35.90360556,139.6313306
Œ©À‹æ,35.90360833,139.606175
Œ©À‹æ,35.90363611,139.6065167
Œ©À‹æ,35.90365,139.6318083
Œ©À‹æ,35.90367222,139.6214361
Œ©À‹æ,35.90370278,139.6071167
Œ©À‹æ,35.90372778,139.6387556
Œ©À‹æ,35.90373611,139.6040778
Œ©À‹æ,35.903775,139.6088417
Œ©À‹æ,35.90379167,139.6345083
Œ©À‹æ,35.90380278,139.6126889
Œ©À‹æ,35.90382222,139.6408556
Œ©À‹æ,35.90384167,139.6362083
Œ©À‹æ,35.90385556,139.6377917
Œ©À‹æ,35.90390556,139.6108611
Œ©À‹æ,35.90395556,139.6374278
Œ©À‹æ,35.90400833,139.6017722
Œ©À‹æ,35.90403056,139.6060861
Œ©À‹æ,35.90403333,139.6231917
Œ©À‹æ,35.90404167,139.6298139
Œ©À‹æ,35.90406389,139.6424028
Œ©À‹æ,35.90407778,139.6243694
Œ©À‹æ,35.90411667,139.6172306
Œ©À‹æ,35.904125,139.6237028
Œ©À‹æ,35.90414167,139.6332
Œ©À‹æ,35.90415,139.6049583
Œ©À‹æ,35.90416667,139.6240556
Œ©À‹æ,35.90418056,139.6329667
Œ©À‹æ,35.90418889,139.6396083
Œ©À‹æ,35.90419167,139.6046306
Œ©À‹æ,35.90419444,139.6208861
Œ©À‹æ,35.90420833,139.6312417
Œ©À‹æ,35.90421111,139.6382194
Œ©À‹æ,35.90423056,139.6040917
Œ©À‹æ,35.90423333,139.6336472
Œ©À‹æ,35.90430833,139.634075
Œ©À‹æ,35.90431389,139.6249972
Œ©À‹æ,35.90432222,139.6205194
Œ©À‹æ,35.90434444,139.6371556
Œ©À‹æ,35.90435556,139.6143278
Œ©À‹æ,35.90435833,139.6291694
Œ©À‹æ,35.90436111,139.6371444
Œ©À‹æ,35.904375,139.6156861
Œ©À‹æ,35.90437778,139.6170861
Œ©À‹æ,35.90439722,139.6385361
Œ©À‹æ,35.90441944,139.6239472
Œ©À‹æ,35.90442222,139.6400944
Œ©À‹æ,35.90442778,139.6507333
Œ©À‹æ,35.90445833,139.6230361
Œ©À‹æ,35.90446944,139.6045639
Œ©À‹æ,35.90447778,139.6354778
Œ©À‹æ,35.90448056,139.6200444
Œ©À‹æ,35.90451111,139.6221889
Œ©À‹æ,35.90451667,139.6336583
Œ©À‹æ,35.90453056,139.6296611
Œ©À‹æ,35.90453889,139.62835
Œ©À‹æ,35.90454167,139.638975
Œ©À‹æ,35.90455,139.6296889
Œ©À‹æ,35.90455,139.606025
Œ©À‹æ,35.90456667,139.6182444
Œ©À‹æ,35.90458056,139.6280944
Œ©À‹æ,35.90459722,139.6414556
Œ©À‹æ,35.90459722,139.64585
Œ©À‹æ,35.90460556,139.6296194
Œ©À‹æ,35.90460556,139.6029778
Œ©À‹æ,35.90461667,139.6167333
Œ©À‹æ,35.90464444,139.6403861
Œ©À‹æ,35.90468889,139.6429111
Œ©À‹æ,35.90469167,139.650975
Œ©À‹æ,35.90471389,139.6244806
Œ©À‹æ,35.90473694,139.6492931
Œ©À‹æ,35.90473889,139.6461333
Œ©À‹æ,35.90476639,139.6512147
Œ©À‹æ,35.90478889,139.614675
Œ©À‹æ,35.90479722,139.6427444
Œ©À‹æ,35.90480833,139.6251222
Œ©À‹æ,35.90480833,139.6084056
Œ©À‹æ,35.90484444,139.6017778
Œ©À‹æ,35.90486389,139.6276639
Œ©À‹æ,35.90490556,139.6300217
Œ©À‹æ,35.90491944,139.6241306
Œ©À‹æ,35.90491944,139.6050083
Œ©À‹æ,35.90492306,139.6017747
Œ©À‹æ,35.904925,139.6241389
Œ©À‹æ,35.90494722,139.6281972
Œ©À‹æ,35.90497222,139.6130472
Œ©À‹æ,35.90500556,139.6104083
Œ©À‹æ,35.90501389,139.6437472
Œ©À‹æ,35.90501667,139.6366917
Œ©À‹æ,35.90503333,139.6066778
Œ©À‹æ,35.90506111,139.6296
Œ©À‹æ,35.90506944,139.6280889
Œ©À‹æ,35.90509444,139.6325472
Œ©À‹æ,35.90509722,139.6297361
Œ©À‹æ,35.90509722,139.6350306
Œ©À‹æ,35.90510556,139.6308689
Œ©À‹æ,35.90511944,139.6374778
Œ©À‹æ,35.90512778,139.6182417
Œ©À‹æ,35.90513333,139.6278611
Œ©À‹æ,35.90515278,139.6415639
Œ©À‹æ,35.90515278,139.623825
Œ©À‹æ,35.90518333,139.6158083
Œ©À‹æ,35.90522222,139.6135333
Œ©À‹æ,35.90524167,139.6273972
Œ©À‹æ,35.90524444,139.6279861
Œ©À‹æ,35.90525,139.6032611
Œ©À‹æ,35.90525833,139.6287639
Œ©À‹æ,35.905275,139.6144528
Œ©À‹æ,35.9053,139.620475
Œ©À‹æ,35.90532778,139.6452444
Œ©À‹æ,35.90533333,139.6119
Œ©À‹æ,35.90538333,139.6461056
Œ©À‹æ,35.90538611,139.6457083
Œ©À‹æ,35.9054,139.6328722
Œ©À‹æ,35.90540278,139.6190417
Œ©À‹æ,35.90544444,139.6369722
Œ©À‹æ,35.90544444,139.6242944
Œ©À‹æ,35.90548333,139.6243278
Œ©À‹æ,35.90548417,139.6375072
Œ©À‹æ,35.90548889,139.6095889
Œ©À‹æ,35.90556667,139.6195556
Œ©À‹æ,35.90558056,139.6156917
Œ©À‹æ,35.90561389,139.6173667
Œ©À‹æ,35.90563611,139.6158111
Œ©À‹æ,35.90565,139.6040306
Œ©À‹æ,35.90565,139.6068917
Œ©À‹æ,35.90566667,139.6406417
Œ©À‹æ,35.90567778,139.6277333
Œ©À‹æ,35.9057,139.6080417
Œ©À‹æ,35.90574722,139.6452944
Œ©À‹æ,35.90579167,139.6065639
Œ©À‹æ,35.90581944,139.6392778
Œ©À‹æ,35.90583333,139.6256
Œ©À‹æ,35.90583611,139.639725
Œ©À‹æ,35.90583889,139.6417417
Œ©À‹æ,35.90583889,139.6408167
Œ©À‹æ,35.90586528,139.6148089
Œ©À‹æ,35.90586667,139.6101444
Œ©À‹æ,35.90586944,139.6433806
Œ©À‹æ,35.90588056,139.6386444
Œ©À‹æ,35.90588611,139.6152861
Œ©À‹æ,35.90589444,139.6320056
Œ©À‹æ,35.90589444,139.6437083
Œ©À‹æ,35.90590556,139.6185167
Œ©À‹æ,35.90591944,139.6278833
Œ©À‹æ,35.90593056,139.6111278
Œ©À‹æ,35.90593611,139.6319222
Œ©À‹æ,35.90593611,139.6436833
Œ©À‹æ,35.90597778,139.6072278
Œ©À‹æ,35.90600833,139.6460778
Œ©À‹æ,35.90600833,139.6336139
Œ©À‹æ,35.90602222,139.6292861
Œ©À‹æ,35.90603611,139.6079944
Œ©À‹æ,35.90604722,139.6052
Œ©À‹æ,35.90605278,139.6225417
Œ©À‹æ,35.90608056,139.6123833
Œ©À‹æ,35.90608056,139.6202889
Œ©À‹æ,35.90610833,139.6292639
Œ©À‹æ,35.90611944,139.6041694
Œ©À‹æ,35.90612778,139.6337778
Œ©À‹æ,35.90612778,139.6179139
Œ©À‹æ,35.90614722,139.6282306
Œ©À‹æ,35.90614722,139.6295111
Œ©À‹æ,35.90615,139.6307417
Œ©À‹æ,35.90619722,139.6274278
Œ©À‹æ,35.90619722,139.6393083
Œ©À‹æ,35.90625,139.6477444
Œ©À‹æ,35.90625278,139.638125
Œ©À‹æ,35.90629722,139.6294417
Œ©À‹æ,35.90630556,139.6292028
Œ©À‹æ,35.90631944,139.6135917
Œ©À‹æ,35.90632222,139.6278139
Œ©À‹æ,35.90636944,139.6282167
Œ©À‹æ,35.90638611,139.6146417
Œ©À‹æ,35.906425,139.6316472
Œ©À‹æ,35.90648333,139.6090667
Œ©À‹æ,35.90654444,139.6149889
Œ©À‹æ,35.90658333,139.6299583
Œ©À‹æ,35.90658889,139.6327111
Œ©À‹æ,35.9066,139.63995
Œ©À‹æ,35.90660278,139.6112889
Œ©À‹æ,35.90664167,139.6066111
Œ©À‹æ,35.90664722,139.6046639
Œ©À‹æ,35.90664722,139.6237833
Œ©À‹æ,35.90667778,139.6058694
Œ©À‹æ,35.90672222,139.642525
Œ©À‹æ,35.90672778,139.6329639
Œ©À‹æ,35.90673333,139.6291944
Œ©À‹æ,35.90675278,139.6092611
Œ©À‹æ,35.906775,139.6187306
Œ©À‹æ,35.90681667,139.6099972
Œ©À‹æ,35.90682222,139.6163306
Œ©À‹æ,35.90683889,139.6187306
Œ©À‹æ,35.90686667,139.63125
Œ©À‹æ,35.90688333,139.6342056
Œ©À‹æ,35.90691389,139.6325611
Œ©À‹æ,35.906925,139.6299472
Œ©À‹æ,35.90693333,139.6430528
Œ©À‹æ,35.90694722,139.6324778
Œ©À‹æ,35.90694722,139.6292028
Œ©À‹æ,35.90696111,139.6074472
Œ©À‹æ,35.90701111,139.6352833
Œ©À‹æ,35.90703889,139.649075
Œ©À‹æ,35.90704167,139.6303028
Œ©À‹æ,35.90704722,139.6193861
Œ©À‹æ,35.90706944,139.6338639
Œ©À‹æ,35.90708611,139.6326167
Œ©À‹æ,35.90708611,139.645925
Œ©À‹æ,35.90711389,139.6151139
Œ©À‹æ,35.90711944,139.6435
Œ©À‹æ,35.90715556,139.6293417
Œ©À‹æ,35.90722778,139.6492833
Œ©À‹æ,35.90722778,139.6204417
Œ©À‹æ,35.90723611,139.6083111
Œ©À‹æ,35.90725278,139.6370417
Œ©À‹æ,35.907275,139.6187694
Œ©À‹æ,35.90728333,139.6344222
Œ©À‹æ,35.90728333,139.625025
Œ©À‹æ,35.90729167,139.6348167
Œ©À‹æ,35.90733611,139.645325
Œ©À‹æ,35.90735833,139.6271667
Œ©À‹æ,35.90736389,139.6279306
Œ©À‹æ,35.90737222,139.6272361
Œ©À‹æ,35.90738889,139.6342444
Œ©À‹æ,35.90743611,139.6353
Œ©À‹æ,35.90744444,139.6171889
Œ©À‹æ,35.90745278,139.6169222
Œ©À‹æ,35.90746389,139.6493861
Œ©À‹æ,35.90748611,139.6316944
Œ©À‹æ,35.90749722,139.6415694
Œ©À‹æ,35.90750278,139.6231222
Œ©À‹æ,35.90750556,139.6109694
Œ©À‹æ,35.90752778,139.6304139
Œ©À‹æ,35.90753611,139.615175
Œ©À‹æ,35.90756111,139.63525
Œ©À‹æ,35.90756389,139.6145139
Œ©À‹æ,35.90758333,139.6318972
Œ©À‹æ,35.90759722,139.6140472
Œ©À‹æ,35.90759722,139.6048861
Œ©À‹æ,35.90760556,139.6382083
Œ©À‹æ,35.90760556,139.63465
Œ©À‹æ,35.90761389,139.6044111
Œ©À‹æ,35.90763333,139.6350278
Œ©À‹æ,35.90763611,139.6392139
Œ©À‹æ,35.90764167,139.6131778
Œ©À‹æ,35.90764444,139.6049361
Œ©À‹æ,35.90766667,139.6490056
Œ©À‹æ,35.90767222,139.6147611
Œ©À‹æ,35.907675,139.6356278
Œ©À‹æ,35.90768333,139.6332556
Œ©À‹æ,35.90773611,139.605975
Œ©À‹æ,35.90775,139.609875
Œ©À‹æ,35.9078,139.6370278
Œ©À‹æ,35.90785278,139.6346111
Œ©À‹æ,35.907875,139.6162028
Œ©À‹æ,35.90789444,139.6446667
Œ©À‹æ,35.90789444,139.6498194
Œ©À‹æ,35.90789722,139.6124556
Œ©À‹æ,35.90790833,139.652375
Œ©À‹æ,35.90791111,139.6483361
Œ©À‹æ,35.90792222,139.6306417
Œ©À‹æ,35.90794444,139.6123167
Œ©À‹æ,35.907975,139.6428056
Œ©À‹æ,35.90798056,139.6041917
Œ©À‹æ,35.908,139.6355361
Œ©À‹æ,35.90800556,139.6042539
Œ©À‹æ,35.90803056,139.6076306
Œ©À‹æ,35.90805,139.6391361
Œ©À‹æ,35.90805833,139.605225
Œ©À‹æ,35.90806944,139.6288444
Œ©À‹æ,35.90807222,139.6363
Œ©À‹æ,35.90808056,139.6522472
Œ©À‹æ,35.90808889,139.6120083
Œ©À‹æ,35.90811667,139.6363556
Œ©À‹æ,35.90814722,139.6479556
Œ©À‹æ,35.90815,139.6496306
Œ©À‹æ,35.90815833,139.6471472
Œ©À‹æ,35.9082,139.6150667
Œ©À‹æ,35.90821111,139.6269917
Œ©À‹æ,35.90821944,139.6393167
Œ©À‹æ,35.90823889,139.6088889
Œ©À‹æ,35.90823889,139.6469361
Œ©À‹æ,35.90825,139.6469222
Œ©À‹æ,35.90825556,139.6097778
Œ©À‹æ,35.90827778,139.6174
Œ©À‹æ,35.90828889,139.6134083
Œ©À‹æ,35.90829167,139.6338667
Œ©À‹æ,35.908325,139.646
Œ©À‹æ,35.90833056,139.6279889
Œ©À‹æ,35.90838611,139.6393889
Œ©À‹æ,35.90839111,139.6139706
Œ©À‹æ,35.90839444,139.6375028
Œ©À‹æ,35.90841111,139.6514139
Œ©À‹æ,35.90841389,139.6408639
Œ©À‹æ,35.90845556,139.6051667
Œ©À‹æ,35.90846389,139.6317972
Œ©À‹æ,35.908475,139.6241917
Œ©À‹æ,35.9085,139.6424806
Œ©À‹æ,35.90851389,139.6110139
Œ©À‹æ,35.908525,139.6042222
Œ©À‹æ,35.90854167,139.6479111
Œ©À‹æ,35.90855833,139.61075
Œ©À‹æ,35.90858056,139.6127194
Œ©À‹æ,35.90860278,139.6301306
Œ©À‹æ,35.90860278,139.6211833
Œ©À‹æ,35.90861111,139.6420833
Œ©À‹æ,35.90866111,139.6329639
Œ©À‹æ,35.90869722,139.6226333
Œ©À‹æ,35.90870556,139.6287639
Œ©À‹æ,35.90871389,139.6066806
Œ©À‹æ,35.90871667,139.6066694
Œ©À‹æ,35.90878611,139.6391917
Œ©À‹æ,35.9088125,139.647975
Œ©À‹æ,35.90882778,139.6171056
Œ©À‹æ,35.90884722,139.6042417
Œ©À‹æ,35.90885,139.6404806
Œ©À‹æ,35.90886389,139.6381667
Œ©À‹æ,35.90895278,139.6218611
Œ©À‹æ,35.90896944,139.6268417
Œ©À‹æ,35.90897222,139.6178556
Œ©À‹æ,35.90899444,139.6386472
Œ©À‹æ,35.90899444,139.6286139
Œ©À‹æ,35.90901944,139.6314111
Œ©À‹æ,35.90905278,139.6133389
Œ©À‹æ,35.90906389,139.6432306
Œ©À‹æ,35.90908611,139.6183306
Œ©À‹æ,35.9091,139.6099139
Œ©À‹æ,35.90913056,139.6027806
Œ©À‹æ,35.90913333,139.6422972
Œ©À‹æ,35.90916944,139.631775
Œ©À‹æ,35.9092,139.6042
Œ©À‹æ,35.90921389,139.6270972
Œ©À‹æ,35.909225,139.633625
Œ©À‹æ,35.90923333,139.6336944
Œ©À‹æ,35.90925833,139.637375
Œ©À‹æ,35.90935278,139.6192
Œ©À‹æ,35.90939444,139.6119139
Œ©À‹æ,35.9094,139.6292139
Œ©À‹æ,35.90940278,139.6201694
Œ©À‹æ,35.90941111,139.6160694
Œ©À‹æ,35.90941944,139.641425
Œ©À‹æ,35.90942222,139.6209139
Œ©À‹æ,35.90942778,139.6116333
Œ©À‹æ,35.90943611,139.6415306
Œ©À‹æ,35.90945833,139.6487472
Œ©À‹æ,35.90951944,139.6405
Œ©À‹æ,35.90954722,139.6168333
Œ©À‹æ,35.90955167,139.6059006
Œ©À‹æ,35.90960833,139.6109833
Œ©À‹æ,35.90961111,139.6477306
Œ©À‹æ,35.90961389,139.6220778
Œ©À‹æ,35.90966944,139.6395528
Œ©À‹æ,35.909675,139.6218139
Œ©À‹æ,35.90967778,139.6395
Œ©À‹æ,35.90967778,139.6080278
Œ©À‹æ,35.90968889,139.6181778
Œ©À‹æ,35.90970278,139.6047917
Œ©À‹æ,35.90979444,139.63005
Œ©À‹æ,35.90990278,139.6125806
Œ©À‹æ,35.90990833,139.6280028
Œ©À‹æ,35.90993056,139.6108361
Œ©À‹æ,35.90993889,139.6275139
Œ©À‹æ,35.90995556,139.6262417
Œ©À‹æ,35.909975,139.6388528
Œ©À‹æ,35.90998194,139.6206256
Œ©À‹æ,35.90999583,139.6167339
Œ©À‹æ,35.91000556,139.6097056
Œ©À‹æ,35.91002778,139.6284
Œ©À‹æ,35.91004167,139.6483278
Œ©À‹æ,35.91006667,139.6267306
Œ©À‹æ,35.91009722,139.6183
Œ©À‹æ,35.91009722,139.6162472
Œ©À‹æ,35.91009722,139.6427333
Œ©À‹æ,35.91010556,139.6335306
Œ©À‹æ,35.91012222,139.6384528
Œ©À‹æ,35.910125,139.6313306
Œ©À‹æ,35.91013472,139.6085217
Œ©À‹æ,35.91013611,139.6056722
Œ©À‹æ,35.91016389,139.6069083
Œ©À‹æ,35.91016667,139.6068806
Œ©À‹æ,35.91017778,139.6434167
Œ©À‹æ,35.91018889,139.6210889
Œ©À‹æ,35.91025556,139.6181111
Œ©À‹æ,35.91029444,139.6419222
Œ©À‹æ,35.91030278,139.6281222
Œ©À‹æ,35.910325,139.6407556
Œ©À‹æ,35.91039722,139.6149361
Œ©À‹æ,35.910425,139.6042194
Œ©À‹æ,35.91045556,139.6189139
Œ©À‹æ,35.91046667,139.6200472
Œ©À‹æ,35.91048056,139.6171889
Œ©À‹æ,35.91051111,139.6188528
Œ©À‹æ,35.91052222,139.6181028
Œ©À‹æ,35.91056389,139.6102528
Œ©À‹æ,35.910575,139.6264778
Œ©À‹æ,35.91058333,139.6339361
Œ©À‹æ,35.91058333,139.642875
Œ©À‹æ,35.9106,139.629125
Œ©À‹æ,35.91062222,139.6281222
Œ©À‹æ,35.91066389,139.6324333
Œ©À‹æ,35.91068611,139.6179139
Œ©À‹æ,35.91070833,139.637625
Œ©À‹æ,35.9108,139.616625
Œ©À‹æ,35.91080833,139.6145056
Œ©À‹æ,35.91081111,139.6181333
Œ©À‹æ,35.910825,139.6116306
Œ©À‹æ,35.91085278,139.6108389
Œ©À‹æ,35.91087222,139.6417333
Œ©À‹æ,35.91089444,139.6300528
Œ©À‹æ,35.91091389,139.6097917
Œ©À‹æ,35.91093611,139.6334528
Œ©À‹æ,35.91095,139.6427083
Œ©À‹æ,35.91095833,139.6361361
Œ©À‹æ,35.91096389,139.6070972
Œ©À‹æ,35.91097778,139.6282417
Œ©À‹æ,35.91101111,139.6126056
Œ©À‹æ,35.91101389,139.6281417
Œ©À‹æ,35.91106944,139.6215306
Œ©À‹æ,35.91110556,139.6266361
Œ©À‹æ,35.91111667,139.6066139
Œ©À‹æ,35.91113333,139.641225
Œ©À‹æ,35.91118333,139.6376278
Œ©À‹æ,35.91119722,139.6080806
Œ©À‹æ,35.91121667,139.6139944
Œ©À‹æ,35.91124444,139.6311722
Œ©À‹æ,35.91125556,139.6422722
Œ©À‹æ,35.91127778,139.628325
Œ©À‹æ,35.91128611,139.6415972
Œ©À‹æ,35.91131944,139.6389833
Œ©À‹æ,35.91134167,139.6197111
Œ©À‹æ,35.91135556,139.6047806
Œ©À‹æ,35.91139722,139.6269972
Œ©À‹æ,35.91156111,139.6333889
Œ©À‹æ,35.91156111,139.6354389
Œ©À‹æ,35.91156389,139.6299111
Œ©À‹æ,35.91156944,139.6287472
Œ©À‹æ,35.91159444,139.6364833
Œ©À‹æ,35.91159722,139.6408694
Œ©À‹æ,35.91163056,139.6107278
Œ©À‹æ,35.91166944,139.6303944
Œ©À‹æ,35.91167222,139.6013306
Œ©À‹æ,35.91171667,139.6216333
Œ©À‹æ,35.91175278,139.6131278
Œ©À‹æ,35.91175278,139.6389639
Œ©À‹æ,35.91178333,139.6180917
Œ©À‹æ,35.91180556,139.6316222
Œ©À‹æ,35.91182778,139.610375
Œ©À‹æ,35.91185278,139.6158389
Œ©À‹æ,35.91188333,139.6180222
Œ©À‹æ,35.9119,139.6170389
Œ©À‹æ,35.91191111,139.6209139
Œ©À‹æ,35.91192222,139.6380917
Œ©À‹æ,35.91195,139.6263278
Œ©À‹æ,35.91196944,139.6245361
Œ©À‹æ,35.91197222,139.6417417
Œ©À‹æ,35.91201667,139.6085694
Œ©À‹æ,35.91203889,139.6220611
Œ©À‹æ,35.91205,139.627725
Œ©À‹æ,35.91205,139.6220611
Œ©À‹æ,35.91205556,139.6220694
Œ©À‹æ,35.91213056,139.6279306
Œ©À‹æ,35.91217722,139.6255972
Œ©À‹æ,35.91223889,139.635175
Œ©À‹æ,35.91228889,139.6373417
Œ©À‹æ,35.91230278,139.6275194
Œ©À‹æ,35.912325,139.62075
Œ©À‹æ,35.91235,139.6433694
Œ©À‹æ,35.91236944,139.619525
Œ©À‹æ,35.91238611,139.6254194
Œ©À‹æ,35.91238611,139.6437556
Œ©À‹æ,35.91239722,139.6218111
Œ©À‹æ,35.9124,139.639125
Œ©À‹æ,35.91240556,139.6296722
Œ©À‹æ,35.91245556,139.6140528
Œ©À‹æ,35.91248056,139.6358306
Œ©À‹æ,35.91248056,139.6237056
Œ©À‹æ,35.91249722,139.6021806
Œ©À‹æ,35.91252778,139.6221111
Œ©À‹æ,35.91255833,139.6165444
Œ©À‹æ,35.91256111,139.6095889
Œ©À‹æ,35.91256389,139.6126417
Œ©À‹æ,35.91259444,139.6381222
Œ©À‹æ,35.91263333,139.6306778
Œ©À‹æ,35.91264722,139.6308083
Œ©À‹æ,35.91267556,139.6318861
Œ©À‹æ,35.91268333,139.6355611
Œ©À‹æ,35.91269444,139.6126056
Œ©À‹æ,35.91273333,139.6114361
Œ©À‹æ,35.91275,139.6301556
Œ©À‹æ,35.91275833,139.6118111
Œ©À‹æ,35.91276667,139.62095
Œ©À‹æ,35.91278333,139.6249361
Œ©À‹æ,35.91281389,139.602425
Œ©À‹æ,35.91283889,139.6227556
Œ©À‹æ,35.91285833,139.6352806
Œ©À‹æ,35.91286111,139.6281694
Œ©À‹æ,35.91291389,139.6344472
Œ©À‹æ,35.91299722,139.6036472
Œ©À‹æ,35.91302222,139.6401833
Œ©À‹æ,35.91306389,139.6279889
Œ©À‹æ,35.91307222,139.6414111
Œ©À‹æ,35.91308889,139.6343722
Œ©À‹æ,35.91309444,139.6181889
Œ©À‹æ,35.91312222,139.6157639
Œ©À‹æ,35.91312778,139.6199139
Œ©À‹æ,35.91313889,139.6265139
Œ©À‹æ,35.91316667,139.6240028
Œ©À‹æ,35.91323611,139.6215944
Œ©À‹æ,35.91331111,139.6152778
Œ©À‹æ,35.91331389,139.6170889
Œ©À‹æ,35.91334167,139.6188278
Œ©À‹æ,35.91336944,139.6206528
Œ©À‹æ,35.91337222,139.6480111
Œ©À‹æ,35.91337222,139.6226056
Œ©À‹æ,35.913375,139.61585
Œ©À‹æ,35.91346944,139.6388194
Œ©À‹æ,35.91351667,139.6400028
Œ©À‹æ,35.91353333,139.6165194
Œ©À‹æ,35.91355278,139.6250361
Œ©À‹æ,35.91355556,139.6165417
Œ©À‹æ,35.91358611,139.6290028
Œ©À‹æ,35.91363611,139.6159306
Œ©À‹æ,35.91373056,139.6181639
Œ©À‹æ,35.91386389,139.6189389
Œ©À‹æ,35.913875,139.6215444
Œ©À‹æ,35.91390833,139.6271194
Œ©À‹æ,35.91395833,139.6196139
Œ©À‹æ,35.91396111,139.6273167
Œ©À‹æ,35.91406667,139.6225278
Œ©À‹æ,35.914075,139.6395278
Œ©À‹æ,35.91414722,139.6204917
Œ©À‹æ,35.914175,139.6402333
Œ©À‹æ,35.91418333,139.6402222
Œ©À‹æ,35.914225,139.6152306
Œ©À‹æ,35.91425556,139.6158306
Œ©À‹æ,35.91438333,139.6179917
Œ©À‹æ,35.91449722,139.6433
Œ©À‹æ,35.91455278,139.6214583
Œ©À‹æ,35.91456111,139.6284667
Œ©À‹æ,35.91456667,139.6352194
Œ©À‹æ,35.91457222,139.6183611
Œ©À‹æ,35.91458056,139.6411472
Œ©À‹æ,35.91458889,139.6195389
Œ©À‹æ,35.91463056,139.6480278
Œ©À‹æ,35.91466944,139.6165611
Œ©À‹æ,35.91473611,139.6293833
Œ©À‹æ,35.91488889,139.621075
Œ©À‹æ,35.91498611,139.6178667
Œ©À‹æ,35.91499444,139.6287833
Œ©À‹æ,35.91507778,139.6192167
Œ©À‹æ,35.91510278,139.639775
Œ©À‹æ,35.91516389,139.6203167
Œ©À‹æ,35.91516667,139.6181222
Œ©À‹æ,35.915225,139.616625
Œ©À‹æ,35.91525833,139.6211778
Œ©À‹æ,35.91535556,139.6219778
Œ©À‹æ,35.915375,139.6387306
Œ©À‹æ,35.91538056,139.617675
Œ©À‹æ,35.91543333,139.6392583
Œ©À‹æ,35.91548333,139.6210889
Œ©À‹æ,35.91548333,139.6163222
Œ©À‹æ,35.91549722,139.6399139
Œ©À‹æ,35.91551389,139.6178333
Œ©À‹æ,35.91583333,139.6293
Œ©À‹æ,35.91611389,139.6386556
Œ©À‹æ,35.91631389,139.6385333
Œ©À‹æ,35.91643333,139.6180583
Œ©À‹æ,35.91645833,139.6206583
Œ©À‹æ,35.91646944,139.6329167
Œ©À‹æ,35.91650278,139.6387361
Œ©À‹æ,35.91650556,139.5985389
Œ©À‹æ,35.91664722,139.6376619
Œ©À‹æ,35.91665833,139.6313333
Œ©À‹æ,35.91675556,139.6199278
Œ©À‹æ,35.91676389,139.6206167
Œ©À‹æ,35.91678611,139.6405333
Œ©À‹æ,35.91678889,139.6416139
Œ©À‹æ,35.91681667,139.63735
Œ©À‹æ,35.91701667,139.6394917
Œ©À‹æ,35.91703056,139.6372111
Œ©À‹æ,35.91721944,139.6217194
Œ©À‹æ,35.91730278,139.6421889
Œ©À‹æ,35.91737222,139.6300611
Œ©À‹æ,35.91738611,139.6423861
Œ©À‹æ,35.91746389,139.6433806
Œ©À‹æ,35.91747778,139.6211722
Œ©À‹æ,35.91748056,139.6242778
Œ©À‹æ,35.91750278,139.6182972
Œ©À‹æ,35.91750556,139.6203278
Œ©À‹æ,35.917525,139.6389389
Œ©À‹æ,35.917575,139.6385667
Œ©À‹æ,35.91761111,139.6395528
Œ©À‹æ,35.91761389,139.6183861
Œ©À‹æ,35.91761944,139.6040028
Œ©À‹æ,35.91765556,139.6203333
Œ©À‹æ,35.91779444,139.641175
Œ©À‹æ,35.91794722,139.6424528
Œ©À‹æ,35.91802222,139.6396278
Œ©À‹æ,35.918175,139.6313944
Œ©À‹æ,35.91819722,139.6194222
Œ©À‹æ,35.91826111,139.6346694
Œ©À‹æ,35.91828056,139.6126306
Œ©À‹æ,35.91831111,139.6409833
Œ©À‹æ,35.91831111,139.6382306
Œ©À‹æ,35.91834444,139.620125
Œ©À‹æ,35.91854444,139.6368111
Œ©À‹æ,35.91860833,139.6393472
Œ©À‹æ,35.91864444,139.6401556
Œ©À‹æ,35.91871944,139.6377611
Œ©À‹æ,35.91872778,139.6361556
Œ©À‹æ,35.91876111,139.6384889
Œ©À‹æ,35.91878889,139.6084611
Œ©À‹æ,35.91880556,139.6408778
Œ©À‹æ,35.91881944,139.6324917
Œ©À‹æ,35.91893611,139.6383306
Œ©À‹æ,35.91894722,139.6205444
Œ©À‹æ,35.91908056,139.6338611
Œ©À‹æ,35.91909167,139.6359389
Œ©À‹æ,35.91913333,139.6322167
Œ©À‹æ,35.91925833,139.6347167
Œ©À‹æ,35.91935278,139.6400444
Œ©À‹æ,35.91951667,139.61985
Œ©À‹æ,35.91951944,139.6390278
Œ©À‹æ,35.91968056,139.6339583
Œ©À‹æ,35.91970278,139.6353639
Œ©À‹æ,35.91970833,139.6074833
Œ©À‹æ,35.91973889,139.6341139
Œ©À‹æ,35.91973889,139.6330972
Œ©À‹æ,35.91978333,139.6360917
Œ©À‹æ,35.91988333,139.6352917
Œ©À‹æ,35.91989444,139.6339222
Œ©À‹æ,35.91994444,139.6097306
Œ©À‹æ,35.92001111,139.6359194
Œ©À‹æ,35.92002778,139.6347278
Œ©À‹æ,35.92012222,139.6379389
Œ©À‹æ,35.92016389,139.6198889
Œ©À‹æ,35.92024167,139.6106083
Œ©À‹æ,35.92025,139.6410389
Œ©À‹æ,35.920275,139.6359389
Œ©À‹æ,35.92048056,139.6395056
Œ©À‹æ,35.92055833,139.6364028
Œ©À‹æ,35.92058056,139.6231278
Œ©À‹æ,35.92058056,139.6405139
Œ©À‹æ,35.92061667,139.6197944
Œ©À‹æ,35.92074444,139.6409139
Œ©À‹æ,35.92098611,139.6030028
Œ©À‹æ,35.92108056,139.6107167
Œ©À‹æ,35.92108056,139.6123194
Œ©À‹æ,35.92110556,139.615025
Œ©À‹æ,35.92112778,139.6379222
Œ©À‹æ,35.92129722,139.6222028
Œ©À‹æ,35.92152778,139.6368583
Œ©À‹æ,35.921625,139.6117139
Œ©À‹æ,35.92163611,139.6380222
Œ©À‹æ,35.92167028,139.6191428
Œ©À‹æ,35.92167222,139.6250583
Œ©À‹æ,35.92169722,139.6115306
Œ©À‹æ,35.92170278,139.6238833
Œ©À‹æ,35.92226111,139.6396483
Œ©À‹æ,35.92233889,139.6214194
Œ©À‹æ,35.92236389,139.6153722
Œ©À‹æ,35.92257778,139.62245
Œ©À‹æ,35.92258611,139.6102139
Œ©À‹æ,35.92266667,139.6385433
Œ©À‹æ,35.92276944,139.60785
Œ©À‹æ,35.92277222,139.6039861
Œ©À‹æ,35.92277222,139.6020917
Œ©À‹æ,35.92282222,139.6383806
Œ©À‹æ,35.92287222,139.6115472
Œ©À‹æ,35.92289167,139.6395167
Œ©À‹æ,35.92290833,139.6393522
Œ©À‹æ,35.922925,139.6052
Œ©À‹æ,35.92295278,139.6087667
Œ©À‹æ,35.92298333,139.6247194
Œ©À‹æ,35.92326944,139.6030167
Œ©À‹æ,35.92327778,139.6135333
Œ©À‹æ,35.92328889,139.6063361
Œ©À‹æ,35.92337361,139.6388233
Œ©À‹æ,35.92341944,139.6400611
Œ©À‹æ,35.92344722,139.6220722
Œ©À‹æ,35.92348056,139.6386917
Œ©À‹æ,35.92386944,139.6231528
Œ©À‹æ,35.92400556,139.6101444
Œ©À‹æ,35.92413333,139.6299444
Œ©À‹æ,35.92416389,139.6115444
Œ©À‹æ,35.92435278,139.6086139
Œ©À‹æ,35.92453889,139.6408694
Œ©À‹æ,35.92476944,139.6079
Œ©À‹æ,35.92489167,139.6126861
Œ©À‹æ,35.925,139.6100083
Œ©À‹æ,35.92553056,139.6233917
Œ©À‹æ,35.92557222,139.6132889
Œ©À‹æ,35.92565556,139.6115528
Œ©À‹æ,35.92592222,139.6129417
Œ©À‹æ,35.92605,139.6099417
Œ©À‹æ,35.92606111,139.6041194
Œ©À‹æ,35.92609722,139.6136361
Œ©À‹æ,35.92621111,139.6126417
Œ©À‹æ,35.92642222,139.6361472
Œ©À‹æ,35.92646944,139.6205889
Œ©À‹æ,35.92649722,139.6069333
Œ©À‹æ,35.92672778,139.6146889
Œ©À‹æ,35.92684444,139.6097639
Œ©À‹æ,35.92702778,139.6115111
Œ©À‹æ,35.92703889,139.6215611
Œ©À‹æ,35.92744167,139.6199806
Œ©À‹æ,35.92755833,139.6106972
Œ©À‹æ,35.92760278,139.6126056
Œ©À‹æ,35.92767778,139.6079889
Œ©À‹æ,35.92776667,139.6033861
Œ©À‹æ,35.92795278,139.610925
Œ©À‹æ,35.92795556,139.6094028
Œ©À‹æ,35.92795556,139.6135222
Œ©À‹æ,35.92798611,139.6317944
Œ©À‹æ,35.92816111,139.6114889
Œ©À‹æ,35.92825833,139.6342306
Œ©À‹æ,35.92830833,139.6052333
Œ©À‹æ,35.92833056,139.6078444
Œ©À‹æ,35.92840278,139.6107361
Œ©À‹æ,35.9285,139.6130694
Œ©À‹æ,35.92873056,139.60375
Œ©À‹æ,35.92879722,139.620175
Œ©À‹æ,35.92891667,139.6125667
Œ©À‹æ,35.929275,139.6216528
Œ©À‹æ,35.92938889,139.6429167
Œ©À‹æ,35.92955,139.6099528
Œ©À‹æ,35.93001111,139.6340944
Œ©À‹æ,35.93001111,139.6112528
Œ©À‹æ,35.9301625,139.6157544
Œ©À‹æ,35.93018056,139.6157611
Œ©À‹æ,35.93027778,139.6126139
Œ©À‹æ,35.93031111,139.6115972
Œ©À‹æ,35.93039722,139.6112722
Œ©À‹æ,35.93043333,139.6127694
Œ©À‹æ,35.93045,139.6123278
Œ©À‹æ,35.93045833,139.6352861
Œ©À‹æ,35.93046944,139.6097556
Œ©À‹æ,35.93060833,139.6126333
Œ©À‹æ,35.93079167,139.6137639
Œ©À‹æ,35.93080278,139.6140389
Œ©À‹æ,35.93084972,139.6054819
Œ©À‹æ,35.93091111,139.6075056
Œ©À‹æ,35.93096528,139.6234489
Œ©À‹æ,35.93140278,139.6148139
Œ©À‹æ,35.93165833,139.6018583
Œ©À‹æ,35.9321,139.6140444
Œ©À‹æ,35.93215278,139.611575
Œ©À‹æ,35.93230278,139.6127806
Œ©À‹æ,35.93231667,139.6259194
Œ©À‹æ,35.93231944,139.6116806
Œ©À‹æ,35.93233611,139.6045111
Œ©À‹æ,35.93234167,139.6084472
Œ©À‹æ,35.93254722,139.63045
Œ©À‹æ,35.93262778,139.6127361
Œ©À‹æ,35.93295278,139.6196944
Œ©À‹æ,35.93298889,139.6341444
Œ©À‹æ,35.93309444,139.6135556
Œ©À‹æ,35.93311944,139.6283478
Œ©À‹æ,35.93336944,139.6372472
Œ©À‹æ,35.93358889,139.6120028
Œ©À‹æ,35.93360278,139.6031833
Œ©À‹æ,35.93363056,139.6163667
Œ©À‹æ,35.93363611,139.628275
Œ©À‹æ,35.93373056,139.627975
Œ©À‹æ,35.93386944,139.6331722
Œ©À‹æ,35.93405278,139.6071194
Œ©À‹æ,35.93413889,139.6131583
Œ©À‹æ,35.93437222,139.6284694
Œ©À‹æ,35.93451944,139.6043028
Œ©À‹æ,35.93453056,139.6299444
Œ©À‹æ,35.93458611,139.614075
Œ©À‹æ,35.93461389,139.6290433
Œ©À‹æ,35.93465833,139.6310806
Œ©À‹æ,35.93507222,139.6111167
Œ©À‹æ,35.935125,139.6359528
Œ©À‹æ,35.93520833,139.6345667
Œ©À‹æ,35.93539722,139.6317611
Œ©À‹æ,35.93541944,139.6292472
Œ©À‹æ,35.93548611,139.6103361
Œ©À‹æ,35.93565278,139.6107667
Œ©À‹æ,35.93586389,139.6331972
Œ©À‹æ,35.93611389,139.6293
Œ©À‹æ,35.93624167,139.6306556
Œ©À‹æ,35.93628333,139.6340611
Œ©À‹æ,35.93630556,139.6036333
Œ©À‹æ,35.93643056,139.6061944
Œ©À‹æ,35.93658889,139.6387722
Œ©À‹æ,35.93675278,139.6079528
Œ©À‹æ,35.93678333,139.604725
Œ©À‹æ,35.9368,139.63625
Œ©À‹æ,35.93688889,139.6039167
Œ©À‹æ,35.93700278,139.6097778
Œ©À‹æ,35.93706111,139.6364722
Œ©À‹æ,35.93706944,139.6071306
Œ©À‹æ,35.93713056,139.63405
Œ©À‹æ,35.93731667,139.6104889
Œ©À‹æ,35.93750833,139.6354306
Œ©À‹æ,35.93750833,139.6267222
Œ©À‹æ,35.93759444,139.6307167
Œ©À‹æ,35.93768611,139.6273611
Œ©À‹æ,35.93774444,139.6326194
Œ©À‹æ,35.93798056,139.6334361
Œ©À‹æ,35.93849444,139.6291194
Œ©À‹æ,35.93856389,139.6092
Œ©À‹æ,35.93858889,139.6163944
Œ©À‹æ,35.939275,139.6138917
Œ©À‹æ,35.93931667,139.6098833
Œ©À‹æ,35.93943611,139.6281222
Œ©À‹æ,35.93945833,139.6266667
Œ©À‹æ,35.93961111,139.6335417
Œ©À‹æ,35.939675,139.6235694
Œ©À‹æ,35.93975556,139.6198333
Œ©À‹æ,35.93985833,139.6093306
Œ©À‹æ,35.94002222,139.6313056
Œ©À‹æ,35.94002222,139.623425
Œ©À‹æ,35.94006389,139.6051361
Œ©À‹æ,35.94015556,139.6106306
Œ©À‹æ,35.94041667,139.6081778
Œ©À‹æ,35.94041667,139.6211444
Œ©À‹æ,35.94049444,139.6254806
Œ©À‹æ,35.9407,139.6303944
Œ©À‹æ,35.94085,139.6270694
Œ©À‹æ,35.94095278,139.6293556
Œ©À‹æ,35.94103056,139.6279694
Œ©À‹æ,35.94113611,139.6106139
Œ©À‹æ,35.94126667,139.6347194
Œ©À‹æ,35.94129444,139.6080333
Œ©À‹æ,35.9413,139.6347556
Œ©À‹æ,35.94133611,139.6203528
Œ©À‹æ,35.941425,139.6231639
Œ©À‹æ,35.94145556,139.6267278
Œ©À‹æ,35.94174167,139.6254917
Œ©À‹æ,35.94194722,139.6202194
Œ©À‹æ,35.94195278,139.6250083
Œ©À‹æ,35.94204722,139.6256806
Œ©À‹æ,35.94216667,139.6031222
Œ©À‹æ,35.94218611,139.6270333
Œ©À‹æ,35.94223611,139.6284694
Œ©À‹æ,35.94236944,139.6207944
Œ©À‹æ,35.94252778,139.6021083
Œ©À‹æ,35.94277222,139.6316333
Œ©À‹æ,35.94279444,139.6324194
Œ©À‹æ,35.94298611,139.6095222
Œ©À‹æ,35.943025,139.6196
Œ©À‹æ,35.94308056,139.6281611
Œ©À‹æ,35.94317222,139.6327389
Œ©À‹æ,35.94317778,139.6064806
Œ©À‹æ,35.94326111,139.6294778
Œ©À‹æ,35.94337778,139.6211167
Œ©À‹æ,35.94340556,139.6021611
Œ©À‹æ,35.94360278,139.61565
Œ©À‹æ,35.94368611,139.605275
Œ©À‹æ,35.94373333,139.6169
Œ©À‹æ,35.94391111,139.6202583
Œ©À‹æ,35.94395556,139.6086861
Œ©À‹æ,35.94403333,139.6041139
Œ©À‹æ,35.94406389,139.6138694
Œ©À‹æ,35.94406667,139.6285389
Œ©À‹æ,35.94411389,139.6139056
Œ©À‹æ,35.9441375,139.6216667
Œ©À‹æ,35.94413889,139.6239611
Œ©À‹æ,35.94414722,139.6139167
Œ©À‹æ,35.94416944,139.6077917
Œ©À‹æ,35.94420556,139.6204694
Œ©À‹æ,35.94424167,139.6192417
Œ©À‹æ,35.944275,139.6267194
Œ©À‹æ,35.94450278,139.6218972
Œ©À‹æ,35.94451944,139.6161778
Œ©À‹æ,35.94452778,139.6297111
Œ©À‹æ,35.94454722,139.6179694
Œ©À‹æ,35.94457778,139.6281611
Œ©À‹æ,35.94484722,139.6079306
Œ©À‹æ,35.94489444,139.6249783
Œ©À‹æ,35.94491667,139.61645
Œ©À‹æ,35.94493611,139.6188722
Œ©À‹æ,35.94498056,139.6020472
Œ©À‹æ,35.94509722,139.6161583
Œ©À‹æ,35.94510833,139.6194278
Œ©À‹æ,35.94511944,139.6294417
Œ©À‹æ,35.94536389,139.6208361
Œ©À‹æ,35.94538333,139.6097694
Œ©À‹æ,35.94558889,139.6217528
Œ©À‹æ,35.94562778,139.6144528
Œ©À‹æ,35.94565,139.6056167
Œ©À‹æ,35.94602778,139.6203111
Œ©À‹æ,35.9462,139.6146472
Œ©À‹æ,35.94628056,139.6049306
Œ©À‹æ,35.94633611,139.6196389
Œ©À‹æ,35.94651944,139.6172056
Œ©À‹æ,35.94681389,139.6135417
Œ©À‹æ,35.94683611,139.6147583
Œ©À‹æ,35.94693333,139.6143444
Œ©À‹æ,35.94696667,139.61435
Œ©À‹æ,35.94704444,139.6179917
Œ©À‹æ,35.94715278,139.6040417
Œ©À‹æ,35.94743056,139.61705
Œ©À‹æ,35.94745278,139.6262667
Œ©À‹æ,35.94746944,139.6146861
Œ©À‹æ,35.94751111,139.615125
Œ©À‹æ,35.94755833,139.6247333
Œ©À‹æ,35.94766667,139.6211583
Œ©À‹æ,35.947725,139.6037278
Œ©À‹æ,35.94778333,139.6157611
Œ©À‹æ,35.94778333,139.6127417
Œ©À‹æ,35.94816111,139.5975833
Œ©À‹æ,35.94823889,139.6201361
Œ©À‹æ,35.948425,139.6169806
Œ©À‹æ,35.94845,139.6252028
Œ©À‹æ,35.94866111,139.6040083
Œ©À‹æ,35.94874167,139.6214694
Œ©À‹æ,35.94876111,139.6042389
Œ©À‹æ,35.94878056,139.6049889
Œ©À‹æ,35.94891667,139.6031111
Œ©À‹æ,35.94893333,139.5983083
Œ©À‹æ,35.94903333,139.6149639
Œ©À‹æ,35.94907222,139.61575
Œ©À‹æ,35.94915278,139.6041583
Œ©À‹æ,35.94922778,139.6123861
Œ©À‹æ,35.94938056,139.6082889
Œ©À‹æ,35.94956667,139.6206
Œ©À‹æ,35.94981944,139.6027167
Œ©À‹æ,35.94982222,139.60205
Œ©À‹æ,35.94984167,139.6174694
Œ©À‹æ,35.94996111,139.6117389
Œ©À‹æ,35.94996389,139.6126222
Œ©À‹æ,35.95003056,139.6043611
Œ©À‹æ,35.95005556,139.6219778
Œ©À‹æ,35.95009167,139.5977194
Œ©À‹æ,35.95015556,139.6195139
Œ©À‹æ,35.95017222,139.6161833
Œ©À‹æ,35.9503,139.5983222
Œ©À‹æ,35.9505,139.6054139
Œ©À‹æ,35.95056389,139.626125
Œ©À‹æ,35.95056667,139.6146583
Œ©À‹æ,35.9506,139.6028333
Œ©À‹æ,35.95073056,139.6202667
Œ©À‹æ,35.95105278,139.6046917
Œ©À‹æ,35.95106944,139.5987056
Œ©À‹æ,35.95111389,139.6096917
Œ©À‹æ,35.9512,139.5959361
Œ©À‹æ,35.95121667,139.6005972
Œ©À‹æ,35.95122222,139.6071639
Œ©À‹æ,35.95124722,139.6003222
Œ©À‹æ,35.95125278,139.6103083
Œ©À‹æ,35.95129722,139.6137056
Œ©À‹æ,35.95130556,139.6232556
Œ©À‹æ,35.95138333,139.6179889
Œ©À‹æ,35.95141667,139.6059917
Œ©À‹æ,35.95184444,139.5992833
Œ©À‹æ,35.9519,139.6047972
Œ©À‹æ,35.95200833,139.6228194
Œ©À‹æ,35.95207778,139.6035028
Œ©À‹æ,35.95220833,139.61425
Œ©À‹æ,35.95232222,139.6129056
Œ©À‹æ,35.95232778,139.6041861
Œ©À‹æ,35.95234167,139.5995472
Œ©À‹æ,35.95255278,139.6065194
Œ©À‹æ,35.95262222,139.6183833
Œ©À‹æ,35.95270556,139.6102444
Œ©À‹æ,35.95278333,139.6178556
Œ©À‹æ,35.9528,139.605625
Œ©À‹æ,35.95288056,139.6243528
Œ©À‹æ,35.95295278,139.6147472
Œ©À‹æ,35.95306667,139.6128694
Œ©À‹æ,35.95307222,139.5986028
Œ©À‹æ,35.95311111,139.6117833
Œ©À‹æ,35.95314167,139.6054
Œ©À‹æ,35.95341389,139.6024028
Œ©À‹æ,35.95366667,139.60815
Œ©À‹æ,35.95370833,139.624475
Œ©À‹æ,35.95371667,139.5990417
Œ©À‹æ,35.95381667,139.6036472
Œ©À‹æ,35.95386111,139.5971722
Œ©À‹æ,35.95389444,139.6210889
Œ©À‹æ,35.95390278,139.6048639
Œ©À‹æ,35.95392778,139.6009333
Œ©À‹æ,35.95430833,139.6225528
Œ©À‹æ,35.954575,139.5949472
Œ©À‹æ,35.954575,139.6125056
Œ©À‹æ,35.95458056,139.6020056
Œ©À‹æ,35.95468056,139.6074611
Œ©À‹æ,35.95503889,139.6174833
Œ©À‹æ,35.9552,139.6147278
Œ©À‹æ,35.95526389,139.6062972
Œ©À‹æ,35.9553,139.6049806
Œ©À‹æ,35.95530556,139.6189639
Œ©À‹æ,35.95536667,139.5983083
Œ©À‹æ,35.955375,139.6083583
Œ©À‹æ,35.95558333,139.6169639
Œ©À‹æ,35.95561944,139.6041611
Œ©À‹æ,35.95566111,139.6101694
Œ©À‹æ,35.95575278,139.6061667
Œ©À‹æ,35.95580278,139.6015306
Œ©À‹æ,35.95585,139.6141111
Œ©À‹æ,35.9559,139.6035833
Œ©À‹æ,35.95598611,139.6181861
Œ©À‹æ,35.95608889,139.595275
Œ©À‹æ,35.95613889,139.6027889
Œ©À‹æ,35.95619444,139.6073944
Œ©À‹æ,35.95623889,139.5971056
Œ©À‹æ,35.95626944,139.6041056
Œ©À‹æ,35.95630556,139.6157278
Œ©À‹æ,35.95638611,139.5997667
Œ©À‹æ,35.95645833,139.6102806
Œ©À‹æ,35.95648889,139.5944389
Œ©À‹æ,35.95651111,139.6052806
Œ©À‹æ,35.95653333,139.6052444
Œ©À‹æ,35.95658472,139.6085367
Œ©À‹æ,35.95665,139.6015889
Œ©À‹æ,35.95665278,139.597925
Œ©À‹æ,35.95668333,139.6179417
Œ©À‹æ,35.95683333,139.6169417
Œ©À‹æ,35.95685278,139.5928694
Œ©À‹æ,35.95688611,139.5976917
Œ©À‹æ,35.95689167,139.6208417
Œ©À‹æ,35.95695,139.6111333
Œ©À‹æ,35.95705833,139.6067833
Œ©À‹æ,35.95706944,139.6023556
Œ©À‹æ,35.95711111,139.6100417
Œ©À‹æ,35.95721944,139.5950278
Œ©À‹æ,35.95735,139.6132528
Œ©À‹æ,35.95741667,139.6094917
Œ©À‹æ,35.95743611,139.5930083
Œ©À‹æ,35.95753056,139.6010306
Œ©À‹æ,35.95766944,139.6083278
Œ©À‹æ,35.957675,139.6123306
Œ©À‹æ,35.95781389,139.6181611
Œ©À‹æ,35.95786944,139.6169556
Œ©À‹æ,35.95794444,139.6153389
Œ©À‹æ,35.957975,139.6152833
Œ©À‹æ,35.95798611,139.5964306
Œ©À‹æ,35.95816944,139.6100694
Œ©À‹æ,35.95841667,139.6079444
Œ©À‹æ,35.95870278,139.6149917
Œ©À‹æ,35.95871667,139.6219472
Œ©À‹æ,35.95872778,139.61855
Œ©À‹æ,35.95896111,139.6129917
Œ©À‹æ,35.95935833,139.6190861
Œ©À‹æ,35.95940556,139.6161167
Œ©À‹æ,35.95960556,139.6203167
Œ©À‹æ,35.9596375,139.6138883
Œ©À‹æ,35.95964444,139.6201361
Œ©À‹æ,35.96095833,139.6208
Œ©À‹æ,35.96098889,139.6167278
Œ©À‹æ,35.96100556,139.6207889
Œ©À‹æ,35.96128333,139.6164139
’†‰›‹æ,35.85232778,139.6423389
’†‰›‹æ,35.852375,139.6429111
’†‰›‹æ,35.85353889,139.642175
’†‰›‹æ,35.85376389,139.6427556
’†‰›‹æ,35.85508889,139.6432639
’†‰›‹æ,35.85575556,139.6420306
’†‰›‹æ,35.85576944,139.6426361
’†‰›‹æ,35.85693056,139.6424028
’†‰›‹æ,35.85710833,139.6417917
’†‰›‹æ,35.85713611,139.6410444
’†‰›‹æ,35.85745,139.6432333
’†‰›‹æ,35.85779167,139.6397417
’†‰›‹æ,35.85845278,139.6414694
’†‰›‹æ,35.85856667,139.6423361
’†‰›‹æ,35.85870556,139.6392611
’†‰›‹æ,35.85883333,139.6432417
’†‰›‹æ,35.85883611,139.638925
’†‰›‹æ,35.85902222,139.6406444
’†‰›‹æ,35.85925833,139.6422361
’†‰›‹æ,35.85928056,139.6396778
’†‰›‹æ,35.85931389,139.6413278
’†‰›‹æ,35.85940556,139.6381861
’†‰›‹æ,35.85956944,139.6391944
’†‰›‹æ,35.86024444,139.6390778
’†‰›‹æ,35.86031111,139.6412361
’†‰›‹æ,35.86036111,139.6423722
’†‰›‹æ,35.86038611,139.6402333
’†‰›‹æ,35.860475,139.6360694
’†‰›‹æ,35.86093333,139.6411333
’†‰›‹æ,35.86114444,139.6422056
’†‰›‹æ,35.861325,139.6429556
’†‰›‹æ,35.86141111,139.6356861
’†‰›‹æ,35.86153056,139.6387889
’†‰›‹æ,35.86183056,139.6407222
’†‰›‹æ,35.86184444,139.642275
’†‰›‹æ,35.86216667,139.6368667
’†‰›‹æ,35.86226944,139.6393167
’†‰›‹æ,35.86241111,139.6427222
’†‰›‹æ,35.86248056,139.6353556
’†‰›‹æ,35.86249167,139.6345306
’†‰›‹æ,35.86268889,139.641725
’†‰›‹æ,35.86269722,139.6408389
’†‰›‹æ,35.86274167,139.6441806
’†‰›‹æ,35.86280556,139.6368861
’†‰›‹æ,35.86281389,139.6305806
’†‰›‹æ,35.86285,139.6387028
’†‰›‹æ,35.86292778,139.6437528
’†‰›‹æ,35.86299444,139.6457611
’†‰›‹æ,35.86317722,139.6334294
’†‰›‹æ,35.86321111,139.6420944
’†‰›‹æ,35.86321389,139.6312
’†‰›‹æ,35.86324472,139.6331189
’†‰›‹æ,35.86327222,139.6341056
’†‰›‹æ,35.86339167,139.6301306
’†‰›‹æ,35.86339444,139.6433472
’†‰›‹æ,35.86341667,139.6374222
’†‰›‹æ,35.86344028,139.6340906
’†‰›‹æ,35.86366111,139.6364917
’†‰›‹æ,35.86391389,139.6364139
’†‰›‹æ,35.86395556,139.6457556
’†‰›‹æ,35.86399167,139.6418111
’†‰›‹æ,35.86400278,139.6405972
’†‰›‹æ,35.86404056,139.6331281
’†‰›‹æ,35.86404722,139.6426278
’†‰›‹æ,35.86412778,139.6393639
’†‰›‹æ,35.86421944,139.6444389
’†‰›‹æ,35.86427861,139.6346267
’†‰›‹æ,35.86435,139.6476944
’†‰›‹æ,35.86436667,139.6361472
’†‰›‹æ,35.86436667,139.6338564
’†‰›‹æ,35.86450278,139.6481194
’†‰›‹æ,35.86464722,139.6463667
’†‰›‹æ,35.86466667,139.6304694
’†‰›‹æ,35.86466667,139.6332167
’†‰›‹æ,35.86468889,139.6404833
’†‰›‹æ,35.86468889,139.6362667
’†‰›‹æ,35.864725,139.6418889
’†‰›‹æ,35.86472778,139.6294583
’†‰›‹æ,35.86483889,139.6312306
’†‰›‹æ,35.86493889,139.6459028
’†‰›‹æ,35.86496111,139.6443611
’†‰›‹æ,35.86508611,139.638025
’†‰›‹æ,35.86511944,139.6490611
’†‰›‹æ,35.86517222,139.6355944
’†‰›‹æ,35.86518889,139.6319611
’†‰›‹æ,35.86535,139.6303
’†‰›‹æ,35.86535556,139.6288306
’†‰›‹æ,35.86546389,139.6403583
’†‰›‹æ,35.86548889,139.6342306
’†‰›‹æ,35.86556111,139.6308944
’†‰›‹æ,35.86560278,139.6325083
’†‰›‹æ,35.86561111,139.6328972
’†‰›‹æ,35.86562222,139.6432361
’†‰›‹æ,35.86571944,139.6307306
’†‰›‹æ,35.86575278,139.6415028
’†‰›‹æ,35.86576944,139.63175
’†‰›‹æ,35.86577222,139.63305
’†‰›‹æ,35.86579167,139.6379028
’†‰›‹æ,35.8658,139.6314056
’†‰›‹æ,35.86580833,139.6324472
’†‰›‹æ,35.86588611,139.6442722
’†‰›‹æ,35.86589722,139.6278333
’†‰›‹æ,35.86606111,139.6399028
’†‰›‹æ,35.866125,139.6299167
’†‰›‹æ,35.86617222,139.6299806
’†‰›‹æ,35.86624167,139.6306861
’†‰›‹æ,35.86628611,139.6319944
’†‰›‹æ,35.86633333,139.631325
’†‰›‹æ,35.86635833,139.6287111
’†‰›‹æ,35.86638333,139.6362167
’†‰›‹æ,35.86639722,139.6400472
’†‰›‹æ,35.86641667,139.6330194
’†‰›‹æ,35.86652222,139.6378056
’†‰›‹æ,35.86653333,139.6312111
’†‰›‹æ,35.86656111,139.6390667
’†‰›‹æ,35.86666944,139.6299111
’†‰›‹æ,35.86676111,139.6361889
’†‰›‹æ,35.86678333,139.6401472
’†‰›‹æ,35.86685278,139.6329222
’†‰›‹æ,35.86690278,139.6413194
’†‰›‹æ,35.86692222,139.6277667
’†‰›‹æ,35.86695,139.6277583
’†‰›‹æ,35.867,139.631125
’†‰›‹æ,35.86706389,139.630925
’†‰›‹æ,35.86706667,139.6218083
’†‰›‹æ,35.86708611,139.6337361
’†‰›‹æ,35.86709028,139.6362961
’†‰›‹æ,35.86719722,139.6375967
’†‰›‹æ,35.86721389,139.6325389
’†‰›‹æ,35.86731944,139.6289833
’†‰›‹æ,35.86731944,139.6226278
’†‰›‹æ,35.86734167,139.6303333
’†‰›‹æ,35.86751667,139.6425056
’†‰›‹æ,35.86756944,139.6215139
’†‰›‹æ,35.86759722,139.6292472
’†‰›‹æ,35.86765278,139.6411972
’†‰›‹æ,35.86769722,139.6365639
’†‰›‹æ,35.8677,139.6376417
’†‰›‹æ,35.86775278,139.6406
’†‰›‹æ,35.86775278,139.6388778
’†‰›‹æ,35.86775556,139.6406111
’†‰›‹æ,35.86776667,139.6308806
’†‰›‹æ,35.86792222,139.6223389
’†‰›‹æ,35.86795833,139.6324694
’†‰›‹æ,35.86803333,139.6399639
’†‰›‹æ,35.86817222,139.6242278
’†‰›‹æ,35.86826111,139.6211056
’†‰›‹æ,35.868325,139.6314306
’†‰›‹æ,35.86833056,139.6332278
’†‰›‹æ,35.86833889,139.6341556
’†‰›‹æ,35.86835278,139.6299
’†‰›‹æ,35.86837778,139.6386833
’†‰›‹æ,35.86842917,139.6368044
’†‰›‹æ,35.86865833,139.634925
’†‰›‹æ,35.86870278,139.6216278
’†‰›‹æ,35.86875278,139.6411222
’†‰›‹æ,35.86894167,139.6200722
’†‰›‹æ,35.86896667,139.6276444
’†‰›‹æ,35.86896944,139.6386028
’†‰›‹æ,35.86902778,139.6398028
’†‰›‹æ,35.86904444,139.6285222
’†‰›‹æ,35.86908611,139.6303139
’†‰›‹æ,35.86911389,139.6367417
’†‰›‹æ,35.86913333,139.6259111
’†‰›‹æ,35.86925556,139.6226944
’†‰›‹æ,35.86926111,139.6319889
’†‰›‹æ,35.86948056,139.6264139
’†‰›‹æ,35.86951667,139.6404417
’†‰›‹æ,35.86955,139.63295
’†‰›‹æ,35.86957222,139.6284
’†‰›‹æ,35.86958889,139.6391639
’†‰›‹æ,35.86963056,139.6411611
’†‰›‹æ,35.86964167,139.6211972
’†‰›‹æ,35.869725,139.6397139
’†‰›‹æ,35.86974167,139.6349694
’†‰›‹æ,35.86980556,139.6294833
’†‰›‹æ,35.86986667,139.6238556
’†‰›‹æ,35.86989444,139.6254222
’†‰›‹æ,35.86991667,139.630025
’†‰›‹æ,35.86998056,139.6367611
’†‰›‹æ,35.87004722,139.6378389
’†‰›‹æ,35.87008889,139.6269889
’†‰›‹æ,35.87010556,139.6202361
’†‰›‹æ,35.87013056,139.6310194
’†‰›‹æ,35.87013333,139.638325
’†‰›‹æ,35.87017778,139.6244417
’†‰›‹æ,35.87041667,139.6412167
’†‰›‹æ,35.87044444,139.6326444
’†‰›‹æ,35.87045278,139.6405417
’†‰›‹æ,35.87059444,139.6395861
’†‰›‹æ,35.87059722,139.6314806
’†‰›‹æ,35.87064167,139.62815
’†‰›‹æ,35.87068611,139.6341306
’†‰›‹æ,35.87071944,139.6388694
’†‰›‹æ,35.87075278,139.6253806
’†‰›‹æ,35.87079167,139.6205583
’†‰›‹æ,35.87083889,139.6231806
’†‰›‹æ,35.8709,139.6356889
’†‰›‹æ,35.87091944,139.6296139
’†‰›‹æ,35.87103333,139.6381417
’†‰›‹æ,35.87107778,139.6412278
’†‰›‹æ,35.87111389,139.6371444
’†‰›‹æ,35.87121944,139.6347722
’†‰›‹æ,35.87125278,139.6286806
’†‰›‹æ,35.87127778,139.6367139
’†‰›‹æ,35.87137222,139.624075
’†‰›‹æ,35.87141389,139.6391556
’†‰›‹æ,35.87147222,139.6219472
’†‰›‹æ,35.87149167,139.6325083
’†‰›‹æ,35.87152222,139.6304222
’†‰›‹æ,35.87156111,139.6193167
’†‰›‹æ,35.87156667,139.6412556
’†‰›‹æ,35.87157222,139.625425
’†‰›‹æ,35.87157222,139.6185778
’†‰›‹æ,35.87161389,139.6405222
’†‰›‹æ,35.87163333,139.6273139
’†‰›‹æ,35.87166111,139.6380167
’†‰›‹æ,35.87170833,139.6310667
’†‰›‹æ,35.87172222,139.6200861
’†‰›‹æ,35.87174444,139.6279333
’†‰›‹æ,35.87198056,139.621075
’†‰›‹æ,35.87200556,139.6394444
’†‰›‹æ,35.87202222,139.6405639
’†‰›‹æ,35.87205,139.6294
’†‰›‹æ,35.87216944,139.6227611
’†‰›‹æ,35.87230833,139.6360722
’†‰›‹æ,35.87240556,139.6228778
’†‰›‹æ,35.87243611,139.6282111
’†‰›‹æ,35.87253889,139.6338472
’†‰›‹æ,35.87262778,139.6378194
’†‰›‹æ,35.87265,139.6260944
’†‰›‹æ,35.87270278,139.6194806
’†‰›‹æ,35.87270556,139.6248167
’†‰›‹æ,35.87270556,139.6294306
’†‰›‹æ,35.87273611,139.6235111
’†‰›‹æ,35.87274444,139.6210472
’†‰›‹æ,35.87285278,139.6398444
’†‰›‹æ,35.87287778,139.6399944
’†‰›‹æ,35.8729,139.6390111
’†‰›‹æ,35.87296111,139.6272
’†‰›‹æ,35.87296389,139.6232389
’†‰›‹æ,35.87299167,139.6377444
’†‰›‹æ,35.87309444,139.6318306
’†‰›‹æ,35.87310278,139.6317806
’†‰›‹æ,35.87310556,139.636825
’†‰›‹æ,35.873175,139.6181306
’†‰›‹æ,35.87317778,139.6397972
’†‰›‹æ,35.87321667,139.6240139
’†‰›‹æ,35.87326111,139.6409833
’†‰›‹æ,35.8733,139.6363389
’†‰›‹æ,35.87331667,139.6286361
’†‰›‹æ,35.87338889,139.6230194
’†‰›‹æ,35.87343611,139.6290917
’†‰›‹æ,35.87357778,139.6278444
’†‰›‹æ,35.87359167,139.6266889
’†‰›‹æ,35.87359722,139.6349667
’†‰›‹æ,35.87360556,139.6209722
’†‰›‹æ,35.87361944,139.6403111
’†‰›‹æ,35.87366944,139.6193111
’†‰›‹æ,35.87368056,139.6303528
’†‰›‹æ,35.87371667,139.6169611
’†‰›‹æ,35.87375833,139.6215028
’†‰›‹æ,35.87378056,139.6176611
’†‰›‹æ,35.87381111,139.6313167
’†‰›‹æ,35.87385833,139.6366806
’†‰›‹æ,35.873925,139.6358222
’†‰›‹æ,35.87401389,139.620475
’†‰›‹æ,35.87401667,139.6378556
’†‰›‹æ,35.87408611,139.6390361
’†‰›‹æ,35.87423333,139.6390972
’†‰›‹æ,35.87430556,139.6400778
’†‰›‹æ,35.87434167,139.6212528
’†‰›‹æ,35.87438056,139.6223667
’†‰›‹æ,35.87443889,139.6262889
’†‰›‹æ,35.87443889,139.6282833
’†‰›‹æ,35.87448611,139.6183583
’†‰›‹æ,35.8745,139.6408306
’†‰›‹æ,35.87455278,139.6151639
’†‰›‹æ,35.87456389,139.6216222
’†‰›‹æ,35.87464167,139.6290111
’†‰›‹æ,35.87475,139.6166694
’†‰›‹æ,35.87476111,139.6108
’†‰›‹æ,35.87476667,139.6248556
’†‰›‹æ,35.87481111,139.6255861
’†‰›‹æ,35.87481389,139.6385556
’†‰›‹æ,35.87481944,139.6239806
’†‰›‹æ,35.87482778,139.61925
’†‰›‹æ,35.87482778,139.6297972
’†‰›‹æ,35.87490556,139.6356222
’†‰›‹æ,35.87493611,139.6306778
’†‰›‹æ,35.87499722,139.6400444
’†‰›‹æ,35.87501111,139.607625
’†‰›‹æ,35.87508056,139.6407917
’†‰›‹æ,35.87510833,139.6209278
’†‰›‹æ,35.87512778,139.6365111
’†‰›‹æ,35.87515556,139.6378222
’†‰›‹æ,35.87516944,139.6384861
’†‰›‹æ,35.87517778,139.6097111
’†‰›‹æ,35.87520833,139.62715
’†‰›‹æ,35.87531111,139.62675
’†‰›‹æ,35.87539722,139.6139722
’†‰›‹æ,35.87540833,139.6156028
’†‰›‹æ,35.875425,139.6214833
’†‰›‹æ,35.87548611,139.6189694
’†‰›‹æ,35.87550833,139.6381
’†‰›‹æ,35.87551111,139.6177333
’†‰›‹æ,35.87558056,139.6278528
’†‰›‹æ,35.875675,139.6391278
’†‰›‹æ,35.875675,139.6098778
’†‰›‹æ,35.87567778,139.628625
’†‰›‹æ,35.87576667,139.6226444
’†‰›‹æ,35.87585833,139.6106583
’†‰›‹æ,35.87587222,139.6294056
’†‰›‹æ,35.87588889,139.6253694
’†‰›‹æ,35.87590833,139.6085194
’†‰›‹æ,35.87591111,139.6407083
’†‰›‹æ,35.87593889,139.63035
’†‰›‹æ,35.87596111,139.6199389
’†‰›‹æ,35.87597222,139.6354028
’†‰›‹æ,35.87600833,139.6163056
’†‰›‹æ,35.87601111,139.6264889
’†‰›‹æ,35.87608056,139.6321861
’†‰›‹æ,35.87613333,139.6235889
’†‰›‹æ,35.87615,139.6323
’†‰›‹æ,35.87625,139.6138417
’†‰›‹æ,35.87626389,139.6244
’†‰›‹æ,35.87629167,139.6155028
’†‰›‹æ,35.87629722,139.6336139
’†‰›‹æ,35.87630278,139.6397972
’†‰›‹æ,35.87630556,139.6390028
’†‰›‹æ,35.87635,139.6130472
’†‰›‹æ,35.87640556,139.6375056
’†‰›‹æ,35.87642222,139.6211806
’†‰›‹æ,35.87644444,139.6212056
’†‰›‹æ,35.876475,139.6203778
’†‰›‹æ,35.87651111,139.6375944
’†‰›‹æ,35.87655278,139.6282917
’†‰›‹æ,35.87656111,139.6324472
’†‰›‹æ,35.87656667,139.6382417
’†‰›‹æ,35.87673056,139.6174639
’†‰›‹æ,35.87675833,139.6351861
’†‰›‹æ,35.87676389,139.6304944
’†‰›‹æ,35.87677778,139.6305083
’†‰›‹æ,35.87681667,139.6105694
’†‰›‹æ,35.87684167,139.6261139
’†‰›‹æ,35.87685,139.6154444
’†‰›‹æ,35.87686111,139.60865
’†‰›‹æ,35.87689167,139.6371806
’†‰›‹æ,35.87692222,139.6250611
’†‰›‹æ,35.87692778,139.6232167
’†‰›‹æ,35.87695556,139.63615
’†‰›‹æ,35.87696111,139.6078361
’†‰›‹æ,35.87696111,139.6273333
’†‰›‹æ,35.87696111,139.6290028
’†‰›‹æ,35.876975,139.6404722
’†‰›‹æ,35.87711111,139.6340639
’†‰›‹æ,35.8772,139.6328583
’†‰›‹æ,35.87720278,139.6280556
’†‰›‹æ,35.87723889,139.6191472
’†‰›‹æ,35.87726667,139.6124611
’†‰›‹æ,35.877275,139.6318306
’†‰›‹æ,35.87732222,139.6384167
’†‰›‹æ,35.87733472,139.6239878
’†‰›‹æ,35.87736389,139.6138194
’†‰›‹æ,35.87742222,139.6197694
’†‰›‹æ,35.87746667,139.6369778
’†‰›‹æ,35.87746944,139.6158111
’†‰›‹æ,35.87749167,139.6395556
’†‰›‹æ,35.87764444,139.6317889
’†‰›‹æ,35.87764444,139.6366778
’†‰›‹æ,35.87766111,139.6377972
’†‰›‹æ,35.87766389,139.6335222
’†‰›‹æ,35.87768333,139.6220806
’†‰›‹æ,35.87769167,139.6296556
’†‰›‹æ,35.87779722,139.6104722
’†‰›‹æ,35.87784444,139.6359472
’†‰›‹æ,35.87788889,139.6325778
’†‰›‹æ,35.87796111,139.6390167
’†‰›‹æ,35.87796667,139.6386861
’†‰›‹æ,35.877975,139.6084111
’†‰›‹æ,35.87803056,139.6076639
’†‰›‹æ,35.87805556,139.6247528
’†‰›‹æ,35.878075,139.6349778
’†‰›‹æ,35.878075,139.6096278
’†‰›‹æ,35.87808056,139.6178333
’†‰›‹æ,35.87819167,139.6313
’†‰›‹æ,35.8782,139.6261389
’†‰›‹æ,35.87824722,139.6236083
’†‰›‹æ,35.87825,139.6285111
’†‰›‹æ,35.87827222,139.63625
’†‰›‹æ,35.87833611,139.6363889
’†‰›‹æ,35.87833889,139.6276167
’†‰›‹æ,35.87833889,139.6135056
’†‰›‹æ,35.87842778,139.6336444
’†‰›‹æ,35.87844722,139.6400167
’†‰›‹æ,35.878475,139.6267722
’†‰›‹æ,35.878475,139.6128972
’†‰›‹æ,35.87847778,139.6325444
’†‰›‹æ,35.87849167,139.6375
’†‰›‹æ,35.87853611,139.6169944
’†‰›‹æ,35.87854444,139.6147694
’†‰›‹æ,35.87855556,139.6186278
’†‰›‹æ,35.87866667,139.6194583
’†‰›‹æ,35.87868056,139.6309806
’†‰›‹æ,35.87880833,139.6399139
’†‰›‹æ,35.87881667,139.6156861
’†‰›‹æ,35.87885833,139.6123556
’†‰›‹æ,35.87894167,139.6348
’†‰›‹æ,35.87907778,139.6244694
’†‰›‹æ,35.87915556,139.6356639
’†‰›‹æ,35.87916944,139.6358306
’†‰›‹æ,35.879175,139.6230111
’†‰›‹æ,35.87918056,139.6252722
’†‰›‹æ,35.87921111,139.63165
’†‰›‹æ,35.87921389,139.6207667
’†‰›‹æ,35.87925278,139.6281306
’†‰›‹æ,35.87928056,139.6380333
’†‰›‹æ,35.87929167,139.6323389
’†‰›‹æ,35.87929722,139.6407972
’†‰›‹æ,35.87931944,139.6259139
’†‰›‹æ,35.87938056,139.6138083
’†‰›‹æ,35.87949167,139.6126333
’†‰›‹æ,35.87953611,139.6396278
’†‰›‹æ,35.87958056,139.6272444
’†‰›‹æ,35.87958333,139.6171861
’†‰›‹æ,35.87959444,139.6220111
’†‰›‹æ,35.87960833,139.6436361
’†‰›‹æ,35.87960833,139.6172722
’†‰›‹æ,35.87963056,139.6188639
’†‰›‹æ,35.87963611,139.6392972
’†‰›‹æ,35.87971389,139.6333167
’†‰›‹æ,35.87975833,139.6288556
’†‰›‹æ,35.87982222,139.6345833
’†‰›‹æ,35.87986944,139.6131806
’†‰›‹æ,35.87988333,139.6296861
’†‰›‹æ,35.87992778,139.6353306
’†‰›‹æ,35.87995833,139.6361556
’†‰›‹æ,35.87995833,139.6153444
’†‰›‹æ,35.87999444,139.6372417
’†‰›‹æ,35.88003889,139.6241361
’†‰›‹æ,35.88011389,139.6301972
’†‰›‹æ,35.88013611,139.618
’†‰›‹æ,35.88014167,139.6350194
’†‰›‹æ,35.88014167,139.6217139
’†‰›‹æ,35.88018611,139.6256
’†‰›‹æ,35.88019444,139.6433139
’†‰›‹æ,35.88023333,139.6416333
’†‰›‹æ,35.880325,139.6313361
’†‰›‹æ,35.88037222,139.6224556
’†‰›‹æ,35.880375,139.6280028
’†‰›‹æ,35.88043056,139.6401556
’†‰›‹æ,35.88044444,139.6192361
’†‰›‹æ,35.88046667,139.6391556
’†‰›‹æ,35.88054444,139.6166139
’†‰›‹æ,35.880625,139.6170972
’†‰›‹æ,35.88066667,139.6439028
’†‰›‹æ,35.88068889,139.6135806
’†‰›‹æ,35.88079167,139.6359361
’†‰›‹æ,35.88079444,139.6325361
’†‰›‹æ,35.88080278,139.6359139
’†‰›‹æ,35.88081944,139.6350194
’†‰›‹æ,35.88085,139.6198278
’†‰›‹æ,35.88088056,139.6370028
’†‰›‹æ,35.88088333,139.6151111
’†‰›‹æ,35.88090278,139.6237778
’†‰›‹æ,35.88090556,139.6144611
’†‰›‹æ,35.88091944,139.6253639
’†‰›‹æ,35.88091944,139.6370167
’†‰›‹æ,35.88093611,139.6345111
’†‰›‹æ,35.88093889,139.6170778
’†‰›‹æ,35.88094722,139.6333306
’†‰›‹æ,35.88099167,139.6382083
’†‰›‹æ,35.88105,139.6177333
’†‰›‹æ,35.88109444,139.6382472
’†‰›‹æ,35.88114722,139.6396667
’†‰›‹æ,35.88123056,139.6390861
’†‰›‹æ,35.88125278,139.638575
’†‰›‹æ,35.88126667,139.6266472
’†‰›‹æ,35.88136667,139.6313222
’†‰›‹æ,35.88138056,139.6408306
’†‰›‹æ,35.88143333,139.6401944
’†‰›‹æ,35.88143611,139.6192611
’†‰›‹æ,35.88146944,139.6233417
’†‰›‹æ,35.88148333,139.6193472
’†‰›‹æ,35.88148611,139.6251167
’†‰›‹æ,35.88155278,139.6329611
’†‰›‹æ,35.88156667,139.613775
’†‰›‹æ,35.88164444,139.6344472
’†‰›‹æ,35.88165278,139.6222778
’†‰›‹æ,35.88166944,139.6243417
’†‰›‹æ,35.88172778,139.6203111
’†‰›‹æ,35.88175833,139.6202972
’†‰›‹æ,35.88178333,139.6191333
’†‰›‹æ,35.88184167,139.623375
’†‰›‹æ,35.88185278,139.6349972
’†‰›‹æ,35.88185833,139.6393778
’†‰›‹æ,35.88186389,139.6151139
’†‰›‹æ,35.88191111,139.6294139
’†‰›‹æ,35.88198056,139.6363694
’†‰›‹æ,35.88205278,139.6216778
’†‰›‹æ,35.88210833,139.6159389
’†‰›‹æ,35.88220833,139.6378278
’†‰›‹æ,35.88224722,139.6403222
’†‰›‹æ,35.88227028,139.6241781
’†‰›‹æ,35.88237222,139.6263083
’†‰›‹æ,35.8824,139.6282694
’†‰›‹æ,35.88249722,139.628375
’†‰›‹æ,35.88252778,139.61715
’†‰›‹æ,35.88256667,139.6388389
’†‰›‹æ,35.88264444,139.6192028
’†‰›‹æ,35.88264722,139.6291083
’†‰›‹æ,35.88268611,139.6135889
’†‰›‹æ,35.88275833,139.6246889
’†‰›‹æ,35.88276111,139.6340194
’†‰›‹æ,35.88286944,139.6204611
’†‰›‹æ,35.88288611,139.6229056
’†‰›‹æ,35.88288889,139.6302583
’†‰›‹æ,35.88294167,139.6359639
’†‰›‹æ,35.88294722,139.6319833
’†‰›‹æ,35.88296111,139.6214389
’†‰›‹æ,35.88303611,139.636625
’†‰›‹æ,35.88308333,139.6341722
’†‰›‹æ,35.88308611,139.6190306
’†‰›‹æ,35.88311667,139.6260917
’†‰›‹æ,35.88315,139.6237278
’†‰›‹æ,35.88328889,139.6151361
’†‰›‹æ,35.8833,139.6167778
’†‰›‹æ,35.88338056,139.6382694
’†‰›‹æ,35.88339722,139.6244972
’†‰›‹æ,35.88340556,139.6129444
’†‰›‹æ,35.88345833,139.6359667
’†‰›‹æ,35.88346944,139.6369139
’†‰›‹æ,35.88355278,139.6212917
’†‰›‹æ,35.88356111,139.6190028
’†‰›‹æ,35.88363611,139.6379194
’†‰›‹æ,35.88365278,139.6379778
’†‰›‹æ,35.88368556,139.6384972
’†‰›‹æ,35.88370556,139.6296667
’†‰›‹æ,35.88377222,139.6384778
’†‰›‹æ,35.883775,139.6259028
’†‰›‹æ,35.88378611,139.62535
’†‰›‹æ,35.88380556,139.6109194
’†‰›‹æ,35.88380833,139.6225278
’†‰›‹æ,35.88381111,139.6310056
’†‰›‹æ,35.88382222,139.6109361
’†‰›‹æ,35.88384722,139.6328694
’†‰›‹æ,35.88385556,139.6201556
’†‰›‹æ,35.88395278,139.6337667
’†‰›‹æ,35.88395556,139.6286972
’†‰›‹æ,35.88398611,139.6355361
’†‰›‹æ,35.88414722,139.6257889
’†‰›‹æ,35.88419444,139.6126944
’†‰›‹æ,35.88422222,139.6200361
’†‰›‹æ,35.88424167,139.6181667
’†‰›‹æ,35.88431111,139.630075
’†‰›‹æ,35.88432222,139.6145667
’†‰›‹æ,35.88433889,139.6210361
’†‰›‹æ,35.88438611,139.6333472
’†‰›‹æ,35.8844,139.6230028
’†‰›‹æ,35.88443333,139.6310194
’†‰›‹æ,35.88451944,139.6390639
’†‰›‹æ,35.88453611,139.6334361
’†‰›‹æ,35.88457222,139.6187667
’†‰›‹æ,35.88458889,139.6318722
’†‰›‹æ,35.88465278,139.6240806
’†‰›‹æ,35.88469722,139.6105306
’†‰›‹æ,35.88469722,139.6251667
’†‰›‹æ,35.88473056,139.6196306
’†‰›‹æ,35.88478556,139.6281456
’†‰›‹æ,35.88481389,139.6341083
’†‰›‹æ,35.88484444,139.6263222
’†‰›‹æ,35.88486389,139.6221361
’†‰›‹æ,35.88507222,139.6297167
’†‰›‹æ,35.88507222,139.6254917
’†‰›‹æ,35.88510278,139.6233583
’†‰›‹æ,35.88521111,139.6313444
’†‰›‹æ,35.88521389,139.6153556
’†‰›‹æ,35.88528333,139.6091917
’†‰›‹æ,35.88533056,139.6121306
’†‰›‹æ,35.88540833,139.6345389
’†‰›‹æ,35.88541389,139.632675
’†‰›‹æ,35.88541667,139.6176472
’†‰›‹æ,35.885425,139.6345333
’†‰›‹æ,35.88545833,139.6161694
’†‰›‹æ,35.88550278,139.6246167
’†‰›‹æ,35.88552222,139.6246139
’†‰›‹æ,35.88553333,139.6205361
’†‰›‹æ,35.88553889,139.6138139
’†‰›‹æ,35.88561111,139.6101778
’†‰›‹æ,35.885625,139.6330028
’†‰›‹æ,35.88567222,139.6225556
’†‰›‹æ,35.88570556,139.6358583
’†‰›‹æ,35.88573611,139.6277722
’†‰›‹æ,35.88580278,139.62565
’†‰›‹æ,35.88586389,139.6109417
’†‰›‹æ,35.88586944,139.6173306
’†‰›‹æ,35.88588333,139.6181944
’†‰›‹æ,35.88589722,139.6380139
’†‰›‹æ,35.88590278,139.6301528
’†‰›‹æ,35.88599722,139.6289278
’†‰›‹æ,35.88600556,139.6217111
’†‰›‹æ,35.88602222,139.6312417
’†‰›‹æ,35.88603333,139.6318639
’†‰›‹æ,35.88603611,139.6234722
’†‰›‹æ,35.88605833,139.6319583
’†‰›‹æ,35.88607778,139.611575
’†‰›‹æ,35.88614722,139.6327361
’†‰›‹æ,35.886275,139.6242639
’†‰›‹æ,35.88634444,139.6293333
’†‰›‹æ,35.88634444,139.6324694
’†‰›‹æ,35.88635556,139.6095889
’†‰›‹æ,35.886375,139.6152028
’†‰›‹æ,35.88639167,139.6361778
’†‰›‹æ,35.88646111,139.6250694
’†‰›‹æ,35.88656389,139.6197583
’†‰›‹æ,35.88664444,139.6135444
’†‰›‹æ,35.88668333,139.6206111
’†‰›‹æ,35.88673333,139.6130694
’†‰›‹æ,35.88687778,139.632425
’†‰›‹æ,35.88693889,139.6108278
’†‰›‹æ,35.88694722,139.6096472
’†‰›‹æ,35.88695,139.6118694
’†‰›‹æ,35.88697778,139.627225
’†‰›‹æ,35.88700556,139.6220417
’†‰›‹æ,35.88703611,139.6213056
’†‰›‹æ,35.88711944,139.6343972
’†‰›‹æ,35.88713611,139.6146639
’†‰›‹æ,35.887175,139.6212833
’†‰›‹æ,35.88717778,139.6361917
’†‰›‹æ,35.88725833,139.6229389
’†‰›‹æ,35.88731389,139.6282444
’†‰›‹æ,35.88731944,139.6306722
’†‰›‹æ,35.88734722,139.6202861
’†‰›‹æ,35.88735833,139.6135083
’†‰›‹æ,35.88740833,139.6175194
’†‰›‹æ,35.88749722,139.6321639
’†‰›‹æ,35.88755,139.63195
’†‰›‹æ,35.88757222,139.6288806
’†‰›‹æ,35.88766944,139.6379722
’†‰›‹æ,35.88768611,139.6099889
’†‰›‹æ,35.88771944,139.623825
’†‰›‹æ,35.88778056,139.6222056
’†‰›‹æ,35.88779444,139.6326139
’†‰›‹æ,35.88779444,139.6146111
’†‰›‹æ,35.88785,139.6108833
’†‰›‹æ,35.887975,139.6121806
’†‰›‹æ,35.88801111,139.6332306
’†‰›‹æ,35.88811111,139.6251778
’†‰›‹æ,35.88814722,139.6338833
’†‰›‹æ,35.88816667,139.6234333
’†‰›‹æ,35.888175,139.6338694
’†‰›‹æ,35.88818889,139.6282917
’†‰›‹æ,35.88825556,139.6302694
’†‰›‹æ,35.88834722,139.62255
’†‰›‹æ,35.88845278,139.6317861
’†‰›‹æ,35.88848333,139.6315444
’†‰›‹æ,35.88848611,139.6201278
’†‰›‹æ,35.8885,139.6309389
’†‰›‹æ,35.88851944,139.6170139
’†‰›‹æ,35.88854167,139.6375083
’†‰›‹æ,35.88856667,139.6278056
’†‰›‹æ,35.88861389,139.6211139
’†‰›‹æ,35.88862778,139.6270278
’†‰›‹æ,35.88876111,139.6371194
’†‰›‹æ,35.88880278,139.6217861
’†‰›‹æ,35.88881667,139.6328833
’†‰›‹æ,35.88889444,139.6115111
’†‰›‹æ,35.8889,139.6335972
’†‰›‹æ,35.88892778,139.6336622
’†‰›‹æ,35.88893333,139.610325
’†‰›‹æ,35.88904167,139.6285472
’†‰›‹æ,35.88910278,139.6230056
’†‰›‹æ,35.88910833,139.6167472
’†‰›‹æ,35.88923889,139.6345833
’†‰›‹æ,35.88925278,139.6347083
’†‰›‹æ,35.88929722,139.6221444
’†‰›‹æ,35.88930278,139.6176417
’†‰›‹æ,35.88931111,139.6190806
’†‰›‹æ,35.88935833,139.6296944
’†‰›‹æ,35.88942222,139.6339806
’†‰›‹æ,35.88943611,139.6355389
’†‰›‹æ,35.88943611,139.6357
’†‰›‹æ,35.88947222,139.6186611
’†‰›‹æ,35.88947778,139.6151778
’†‰›‹æ,35.88949444,139.6313222
’†‰›‹æ,35.88953056,139.6310667
’†‰›‹æ,35.88954722,139.6367528
’†‰›‹æ,35.88957222,139.6346722
’†‰›‹æ,35.88957222,139.634675
’†‰›‹æ,35.88957778,139.6273444
’†‰›‹æ,35.88958333,139.6209778
’†‰›‹æ,35.88959167,139.6367333
’†‰›‹æ,35.88959444,139.6209861
’†‰›‹æ,35.88975833,139.633325
’†‰›‹æ,35.88983611,139.6235556
’†‰›‹æ,35.88992778,139.6362278
’†‰›‹æ,35.88993056,139.6135944
’†‰›‹æ,35.88994861,139.633315
’†‰›‹æ,35.88999444,139.6205389
’†‰›‹æ,35.89001111,139.6283806
’†‰›‹æ,35.89004444,139.6319111
’†‰›‹æ,35.89019167,139.6148583
’†‰›‹æ,35.89021389,139.63225
’†‰›‹æ,35.89025278,139.6114917
’†‰›‹æ,35.89027222,139.6187833
’†‰›‹æ,35.89028611,139.6335639
’†‰›‹æ,35.89030278,139.6107972
’†‰›‹æ,35.89031667,139.6293444
’†‰›‹æ,35.89034167,139.6270056
’†‰›‹æ,35.89038333,139.6216583
’†‰›‹æ,35.89043889,139.6179444
’†‰›‹æ,35.8905,139.6342972
’†‰›‹æ,35.89056944,139.6306222
’†‰›‹æ,35.89060278,139.6308556
’†‰›‹æ,35.89064167,139.6130583
’†‰›‹æ,35.89066944,139.6231861
’†‰›‹æ,35.89068333,139.62035
’†‰›‹æ,35.89071667,139.6349917
’†‰›‹æ,35.89071944,139.6168844
’†‰›‹æ,35.89075556,139.635175
’†‰›‹æ,35.89090556,139.6348444
’†‰›‹æ,35.89097778,139.6330306
’†‰›‹æ,35.891,139.6352172
’†‰›‹æ,35.89103611,139.6291
’†‰›‹æ,35.89103611,139.6159028
’†‰›‹æ,35.89109722,139.6318556
’†‰›‹æ,35.89113333,139.6284194
’†‰›‹æ,35.89123889,139.6113556
’†‰›‹æ,35.89136111,139.6305139
’†‰›‹æ,35.891425,139.630275
’†‰›‹æ,35.8917,139.6108389
’†‰›‹æ,35.89173333,139.6118389
’†‰›‹æ,35.89177222,139.6131167
’†‰›‹æ,35.89181111,139.6264389
’†‰›‹æ,35.89181111,139.6275778
’†‰›‹æ,35.89184444,139.6149028
’†‰›‹æ,35.89189167,139.62925
’†‰›‹æ,35.89195556,139.6284222
’†‰›‹æ,35.89208889,139.6328861
’†‰›‹æ,35.8922,139.6314833
’†‰›‹æ,35.89225556,139.6138
’†‰›‹æ,35.89231667,139.6300944
’†‰›‹æ,35.89232778,139.6307806
’†‰›‹æ,35.89246667,139.6328111
’†‰›‹æ,35.89258611,139.626175
’†‰›‹æ,35.89282222,139.6296417
’†‰›‹æ,35.89301389,139.6277833
’†‰›‹æ,35.89304444,139.6285361
’†‰›‹æ,35.89335556,139.6309278
’†‰›‹æ,35.89343333,139.625875
’†‰›‹æ,35.89396389,139.6291611
’†‰›‹æ,35.89406389,139.6256194
’†‰›‹æ,35.89421944,139.6302694
’†‰›‹æ,35.89424167,139.6260444
’†‰›‹æ,35.89425278,139.6292722
’†‰›‹æ,35.89425556,139.627925
’†‰›‹æ,35.89479722,139.628775
’†‰›‹æ,35.89491667,139.6280111
’†‰›‹æ,35.89508611,139.6251528
’†‰›‹æ,35.89511111,139.6296278
’†‰›‹æ,35.89514444,139.6288694
’†‰›‹æ,35.89530278,139.6273444
’†‰›‹æ,35.89564722,139.6284944
’†‰›‹æ,35.89571111,139.6259083
’†‰›‹æ,35.89602778,139.6293028
’†‰›‹æ,35.89611111,139.6276861
’†‰›‹æ,35.89613889,139.6245944
’†‰›‹æ,35.89642778,139.6274694
’†‰›‹æ,35.896575,139.6266833
’†‰›‹æ,35.89660278,139.6281639
’†‰›‹æ,35.89699167,139.6276528
’†‰›‹æ,35.89699167,139.6286472
’†‰›‹æ,35.89708333,139.6263194
’†‰›‹æ,35.89718333,139.6258806
’†‰›‹æ,35.89736111,139.6239417
’†‰›‹æ,35.89763056,139.6278194
’†‰›‹æ,35.89768889,139.6251694
’†‰›‹æ,35.89794444,139.62445
’†‰›‹æ,35.898025,139.6252056
’†‰›‹æ,35.89809444,139.6258889
’†‰›‹æ,35.89811667,139.62355
’†‰›‹æ,35.89844722,139.6237806
’†‰›‹æ,35.89880556,139.6250111
’†‰›‹æ,35.89902778,139.6253694
÷‹æ,35.83474722,139.6286028
÷‹æ,35.83543333,139.6268333
÷‹æ,35.83573333,139.6301417
÷‹æ,35.83576944,139.6290167
÷‹æ,35.83584444,139.6295389
÷‹æ,35.83587222,139.6277222
÷‹æ,35.83595833,139.6331333
÷‹æ,35.83601944,139.6285167
÷‹æ,35.83605833,139.6279667
÷‹æ,35.83632778,139.6351028
÷‹æ,35.83640556,139.6283306
÷‹æ,35.83658611,139.6248389
÷‹æ,35.83663333,139.6269917
÷‹æ,35.83679167,139.6250833
÷‹æ,35.83695278,139.6291333
÷‹æ,35.83733611,139.6326167
÷‹æ,35.83737222,139.6263
÷‹æ,35.83749167,139.6244028
÷‹æ,35.83765278,139.6302444
÷‹æ,35.83789444,139.63755
÷‹æ,35.83800556,139.6344361
÷‹æ,35.83803694,139.6352378
÷‹æ,35.83809722,139.6376444
÷‹æ,35.83815,139.6272861
÷‹æ,35.83825556,139.6254
÷‹æ,35.83835833,139.6387611
÷‹æ,35.83836667,139.636325
÷‹æ,35.83838611,139.6323361
÷‹æ,35.838725,139.6281667
÷‹æ,35.83895833,139.6266139
÷‹æ,35.83913333,139.62455
÷‹æ,35.83928056,139.6347306
÷‹æ,35.83930833,139.6356139
÷‹æ,35.83937778,139.6384556
÷‹æ,35.83940833,139.6294722
÷‹æ,35.839425,139.6335861
÷‹æ,35.83943889,139.636075
÷‹æ,35.83961111,139.6309861
÷‹æ,35.83978889,139.635575
÷‹æ,35.83993333,139.636725
÷‹æ,35.840075,139.6237778
÷‹æ,35.84009722,139.6265472
÷‹æ,35.84011667,139.6288472
÷‹æ,35.840175,139.6319
÷‹æ,35.84036389,139.6355167
÷‹æ,35.84050278,139.6342389
÷‹æ,35.84078056,139.6317861
÷‹æ,35.84105278,139.6279667
÷‹æ,35.84108056,139.6306167
÷‹æ,35.84111389,139.6374694
÷‹æ,35.84119722,139.638175
÷‹æ,35.84123056,139.63345
÷‹æ,35.84138056,139.6247472
÷‹æ,35.84154167,139.6345278
÷‹æ,35.84155556,139.6337861
÷‹æ,35.84156667,139.6228528
÷‹æ,35.84167778,139.6350822
÷‹æ,35.84176111,139.6312722
÷‹æ,35.84194722,139.6293417
÷‹æ,35.84195,139.6271306
÷‹æ,35.84196944,139.6293528
÷‹æ,35.84209722,139.63645
÷‹æ,35.84218889,139.6243472
÷‹æ,35.84219444,139.6357556
÷‹æ,35.8422,139.6372806
÷‹æ,35.84228333,139.6305
÷‹æ,35.84228889,139.632875
÷‹æ,35.84264444,139.6345972
÷‹æ,35.84268333,139.6263
÷‹æ,35.84277778,139.6296694
÷‹æ,35.84281111,139.6318722
÷‹æ,35.84301111,139.6273806
÷‹æ,35.84310556,139.628775
÷‹æ,35.84314167,139.6234861
÷‹æ,35.843175,139.6330583
÷‹æ,35.84334722,139.6359278
÷‹æ,35.84349722,139.6301139
÷‹æ,35.84350833,139.6341722
÷‹æ,35.84360833,139.6255167
÷‹æ,35.84363889,139.6245389
÷‹æ,35.84368611,139.6311833
÷‹æ,35.84383611,139.6301111
÷‹æ,35.8439,139.6227806
÷‹æ,35.84405556,139.6251639
÷‹æ,35.84415833,139.6318639
÷‹æ,35.84433333,139.6265528
÷‹æ,35.84437222,139.6326722
÷‹æ,35.84444722,139.6291139
÷‹æ,35.8445625,139.6356289
÷‹æ,35.84457778,139.6237194
÷‹æ,35.84472222,139.6307972
÷‹æ,35.84499167,139.6255333
÷‹æ,35.84507778,139.6244028
÷‹æ,35.84514444,139.63365
÷‹æ,35.84516389,139.6315444
÷‹æ,35.84518611,139.6296
÷‹æ,35.84521944,139.6229639
÷‹æ,35.8453,139.6262056
÷‹æ,35.84553889,139.6348167
÷‹æ,35.84558333,139.632325
÷‹æ,35.84575278,139.6306278
÷‹æ,35.84578056,139.6328306
÷‹æ,35.84583056,139.6238694
÷‹æ,35.84592778,139.6227028
÷‹æ,35.84593889,139.625075
÷‹æ,35.84612778,139.6279556
÷‹æ,35.84616111,139.6358611
÷‹æ,35.84619722,139.6220028
÷‹æ,35.84619722,139.6219944
÷‹æ,35.84622778,139.6353361
÷‹æ,35.84636389,139.6246306
÷‹æ,35.84636944,139.62705
÷‹æ,35.84638333,139.6317528
÷‹æ,35.84648333,139.6346333
÷‹æ,35.84648611,139.6332917
÷‹æ,35.84649167,139.6256639
÷‹æ,35.847075,139.6232278
÷‹æ,35.84708611,139.6232167
÷‹æ,35.84718889,139.6358389
÷‹æ,35.84720417,139.6325083
÷‹æ,35.84732778,139.6265611
÷‹æ,35.84739722,139.6242389
÷‹æ,35.84761667,139.6320639
÷‹æ,35.84766389,139.6253278
÷‹æ,35.84791944,139.6274111
÷‹æ,35.84792778,139.6274167
÷‹æ,35.84802222,139.6228694
÷‹æ,35.84826667,139.6285222
÷‹æ,35.84828056,139.6315
÷‹æ,35.84831944,139.6238111
÷‹æ,35.84831944,139.6262861
÷‹æ,35.84852222,139.62955
÷‹æ,35.84853333,139.6356806
÷‹æ,35.84854444,139.6217167
÷‹æ,35.84854722,139.633675
÷‹æ,35.84856944,139.62475
÷‹æ,35.84872778,139.6303722
÷‹æ,35.848775,139.6225944
÷‹æ,35.84886944,139.6283833
÷‹æ,35.84891111,139.6261611
÷‹æ,35.84895556,139.6348167
÷‹æ,35.84908889,139.6313222
÷‹æ,35.84914167,139.6248944
÷‹æ,35.84916389,139.6323278
÷‹æ,35.84936667,139.6332389
÷‹æ,35.84946944,139.6284389
÷‹æ,35.84955,139.631375
÷‹æ,35.84968611,139.635475
÷‹æ,35.84968611,139.6293
÷‹æ,35.84970278,139.6366917
÷‹æ,35.849825,139.6221917
÷‹æ,35.84985,139.6204111
÷‹æ,35.84985556,139.6203861
÷‹æ,35.84985833,139.63005
÷‹æ,35.850075,139.6189028
÷‹æ,35.85025556,139.6333611
÷‹æ,35.85025833,139.6381
÷‹æ,35.85030278,139.6273167
÷‹æ,35.85036111,139.6312417
÷‹æ,35.85046583,139.6177444
÷‹æ,35.85070833,139.6194028
÷‹æ,35.85071111,139.6352333
÷‹æ,35.85076667,139.6208139
÷‹æ,35.85088611,139.6363444
÷‹æ,35.85088889,139.6373278
÷‹æ,35.85090611,139.6174411
÷‹æ,35.85096389,139.6220889
÷‹æ,35.850975,139.6302167
÷‹æ,35.850975,139.6216222
÷‹æ,35.851075,139.638925
÷‹æ,35.85112222,139.6223583
÷‹æ,35.85123611,139.6318556
÷‹æ,35.85129,139.6166956
÷‹æ,35.85138611,139.6308889
÷‹æ,35.85141667,139.6276167
÷‹æ,35.85148611,139.6179722
÷‹æ,35.85150556,139.6380889
÷‹æ,35.85152778,139.6122167
÷‹æ,35.85154167,139.6122139
÷‹æ,35.85158333,139.6197222
÷‹æ,35.85169444,139.6215306
÷‹æ,35.85171667,139.6248056
÷‹æ,35.85175278,139.620825
÷‹æ,35.85178889,139.6400611
÷‹æ,35.85190222,139.6161117
÷‹æ,35.85191111,139.6297222
÷‹æ,35.85191944,139.6284194
÷‹æ,35.85197222,139.6346722
÷‹æ,35.85198333,139.6259639
÷‹æ,35.852025,139.6367056
÷‹æ,35.8520975,139.6156692
÷‹æ,35.85214444,139.6359056
÷‹æ,35.85218611,139.6175722
÷‹æ,35.85221389,139.6334694
÷‹æ,35.85223889,139.6228111
÷‹æ,35.85225833,139.6382056
÷‹æ,35.85228333,139.6372972
÷‹æ,35.85236389,139.6272139
÷‹æ,35.85237222,139.6277083
÷‹æ,35.85247222,139.619425
÷‹æ,35.85250278,139.6239556
÷‹æ,35.852525,139.6160139
÷‹æ,35.85261944,139.6283444
÷‹æ,35.85265833,139.6398767
÷‹æ,35.85266667,139.614175
÷‹æ,35.85266667,139.6289139
÷‹æ,35.852675,139.6141806
÷‹æ,35.85267778,139.6304194
÷‹æ,35.85274722,139.6313111
÷‹æ,35.85274722,139.6249139
÷‹æ,35.852825,139.6184139
÷‹æ,35.85283611,139.6169889
÷‹æ,35.852875,139.6204194
÷‹æ,35.85289444,139.6294472
÷‹æ,35.85296389,139.6301056
÷‹æ,35.853,139.6341556
÷‹æ,35.85302222,139.63255
÷‹æ,35.85311944,139.6354
÷‹æ,35.85313056,139.6102722
÷‹æ,35.85313056,139.6306944
÷‹æ,35.85313889,139.6266583
÷‹æ,35.85321944,139.6217861
÷‹æ,35.85323333,139.6368389
÷‹æ,35.85323889,139.6245667
÷‹æ,35.85324167,139.6151389
÷‹æ,35.85324167,139.6151583
÷‹æ,35.85328889,139.6112667
÷‹æ,35.85329167,139.6310944
÷‹æ,35.85354722,139.6205722
÷‹æ,35.853625,139.6232444
÷‹æ,35.853625,139.6285222
÷‹æ,35.85362778,139.6373944
÷‹æ,35.85373333,139.6396194
÷‹æ,35.85374167,139.6301778
÷‹æ,35.85380278,139.6197028
÷‹æ,35.85381111,139.6321306
÷‹æ,35.85382222,139.6144
÷‹æ,35.85383056,139.6104972
÷‹æ,35.85385833,139.6180889
÷‹æ,35.85390278,139.6242917
÷‹æ,35.85390556,139.6328833
÷‹æ,35.85405278,139.6296861
÷‹æ,35.85409444,139.6250361
÷‹æ,35.85411389,139.6314694
÷‹æ,35.85418889,139.6212528
÷‹æ,35.85421389,139.6188944
÷‹æ,35.854225,139.6167028
÷‹æ,35.85423889,139.6338917
÷‹æ,35.85424722,139.6116389
÷‹æ,35.85427778,139.6134361
÷‹æ,35.85435556,139.6332556
÷‹æ,35.8544,139.6225972
÷‹æ,35.85443611,139.6152111
÷‹æ,35.85443889,139.6351028
÷‹æ,35.85446944,139.6266583
÷‹æ,35.85470278,139.6332194
÷‹æ,35.854725,139.6382889
÷‹æ,35.85480833,139.6182889
÷‹æ,35.85481667,139.6366833
÷‹æ,35.85483611,139.6394306
÷‹æ,35.85488333,139.6344222
÷‹æ,35.85491111,139.63035
÷‹æ,35.85491667,139.6293278
÷‹æ,35.85493333,139.6282778
÷‹æ,35.85500278,139.6246194
÷‹æ,35.85510556,139.6170056
÷‹æ,35.85510833,139.6199194
÷‹æ,35.85510833,139.6214611
÷‹æ,35.85518611,139.6370806
÷‹æ,35.85520556,139.6142139
÷‹æ,35.85531389,139.6351639
÷‹æ,35.85533889,139.6227083
÷‹æ,35.85547222,139.6269
÷‹æ,35.85551944,139.6179778
÷‹æ,35.85557389,139.63723
÷‹æ,35.85557778,139.632725
÷‹æ,35.85558889,139.6154556
÷‹æ,35.85559167,139.6040333
÷‹æ,35.85565,139.6192833
÷‹æ,35.855675,139.6339944
÷‹æ,35.85571111,139.6307306
÷‹æ,35.85572222,139.6129417
÷‹æ,35.85584722,139.6279444
÷‹æ,35.855925,139.6317861
÷‹æ,35.85593611,139.6242722
÷‹æ,35.85594722,139.6242722
÷‹æ,35.85596389,139.6053194
÷‹æ,35.85596944,139.6166083
÷‹æ,35.85597778,139.6053639
÷‹æ,35.85603333,139.6289361
÷‹æ,35.85618611,139.6355861
÷‹æ,35.85618611,139.6223306
÷‹æ,35.85627222,139.6343556
÷‹æ,35.856275,139.6258694
÷‹æ,35.85628611,139.614425
÷‹æ,35.85628889,139.6210667
÷‹æ,35.85637222,139.6179
÷‹æ,35.85638889,139.6012972
÷‹æ,35.85640556,139.6013222
÷‹æ,35.856425,139.6163667
÷‹æ,35.85654444,139.6367333
÷‹æ,35.85661389,139.6270972
÷‹æ,35.85670278,139.6025361
÷‹æ,35.85671944,139.623325
÷‹æ,35.85677222,139.6333722
÷‹æ,35.8569,139.6374917
÷‹æ,35.85691111,139.6033
÷‹æ,35.85691667,139.6188
÷‹æ,35.85696667,139.61505
÷‹æ,35.85697778,139.6281861
÷‹æ,35.85699167,139.6357778
÷‹æ,35.85705278,139.6320167
÷‹æ,35.85705278,139.6199611
÷‹æ,35.85709722,139.62565
÷‹æ,35.85714167,139.6071778
÷‹æ,35.85715833,139.6138778
÷‹æ,35.85720833,139.6015667
÷‹æ,35.85721389,139.6293083
÷‹æ,35.85722222,139.634725
÷‹æ,35.85723889,139.6171583
÷‹æ,35.85726389,139.6045972
÷‹æ,35.85728056,139.6003056
÷‹æ,35.85732222,139.6208
÷‹æ,35.8574,139.6218028
÷‹æ,35.85751667,139.6158361
÷‹æ,35.85757222,139.6307306
÷‹æ,35.85760278,139.6329639
÷‹æ,35.85766389,139.6265889
÷‹æ,35.85775556,139.6014611
÷‹æ,35.85779444,139.6228833
÷‹æ,35.85782778,139.6146556
÷‹æ,35.85784444,139.6031639
÷‹æ,35.85785,139.6283667
÷‹æ,35.85785556,139.6021667
÷‹æ,35.85786389,139.5997028
÷‹æ,35.85789722,139.6357556
÷‹æ,35.85790833,139.61645
÷‹æ,35.85795,139.6323167
÷‹æ,35.85798889,139.6233056
÷‹æ,35.85801111,139.6203806
÷‹æ,35.858025,139.6053056
÷‹æ,35.85802778,139.6192611
÷‹æ,35.85805833,139.6128556
÷‹æ,35.85806389,139.6038139
÷‹æ,35.85810278,139.6046528
÷‹æ,35.85813611,139.629575
÷‹æ,35.85815556,139.6330628
÷‹æ,35.85818056,139.6178528
÷‹æ,35.85828889,139.6214056
÷‹æ,35.85831389,139.6338444
÷‹æ,35.85831389,139.6376528
÷‹æ,35.85832778,139.6214028
÷‹æ,35.85835139,139.6329761
÷‹æ,35.85835833,139.6346444
÷‹æ,35.85840833,139.6252183
÷‹æ,35.85844806,139.6262831
÷‹æ,35.85846944,139.6145389
÷‹æ,35.85847222,139.6157639
÷‹æ,35.85856667,139.6225583
÷‹æ,35.85858,139.6345494
÷‹æ,35.85859167,139.6005083
÷‹æ,35.85859722,139.6030667
÷‹æ,35.85865,139.6005056
÷‹æ,35.85866944,139.60125
÷‹æ,35.85867778,139.6066056
÷‹æ,35.858825,139.6367583
÷‹æ,35.85887222,139.626035
÷‹æ,35.85890278,139.6200278
÷‹æ,35.85891667,139.6304222
÷‹æ,35.85891667,139.6128306
÷‹æ,35.85895833,139.6230706
÷‹æ,35.85901389,139.6183056
÷‹æ,35.85904444,139.5988222
÷‹æ,35.85906111,139.6172611
÷‹æ,35.85906389,139.6037889
÷‹æ,35.85915278,139.6278833
÷‹æ,35.85919167,139.5997972
÷‹æ,35.85919444,139.6320417
÷‹æ,35.85919722,139.6030417
÷‹æ,35.85921389,139.6254889
÷‹æ,35.85923472,139.627155
÷‹æ,35.85926944,139.6078306
÷‹æ,35.85936111,139.622225
÷‹æ,35.85943333,139.6214389
÷‹æ,35.85947778,139.6010583
÷‹æ,35.85948333,139.6364611
÷‹æ,35.85948333,139.6010389
÷‹æ,35.85949444,139.6046611
÷‹æ,35.85955,139.6330583
÷‹æ,35.85955833,139.6022083
÷‹æ,35.85959444,139.6294694
÷‹æ,35.85962222,139.6196861
÷‹æ,35.85963333,139.6020667
÷‹æ,35.85965556,139.6152194
÷‹æ,35.85971389,139.6289611
÷‹æ,35.85973889,139.6171056
÷‹æ,35.85976944,139.60715
÷‹æ,35.85986389,139.6185806
÷‹æ,35.85986389,139.6266417
÷‹æ,35.85991111,139.6332111
÷‹æ,35.85999722,139.6339389
÷‹æ,35.86,139.6313861
÷‹æ,35.86001111,139.6004417
÷‹æ,35.86001667,139.6129417
÷‹æ,35.860025,139.6231167
÷‹æ,35.86002778,139.6040361
÷‹æ,35.86006111,139.6253833
÷‹æ,35.86006667,139.5993694
÷‹æ,35.86008056,139.6057889
÷‹æ,35.86008056,139.6068417
÷‹æ,35.86008611,139.6055694
÷‹æ,35.86011667,139.6009472
÷‹æ,35.86013611,139.6144667
÷‹æ,35.86020556,139.6032444
÷‹æ,35.860225,139.6022194
÷‹æ,35.86023333,139.6324722
÷‹æ,35.86025278,139.6085278
÷‹æ,35.86026389,139.6178444
÷‹æ,35.86026944,139.6348167
÷‹æ,35.86029139,139.6306969
÷‹æ,35.86030278,139.6165444
÷‹æ,35.86036111,139.6217944
÷‹æ,35.86039444,139.6238
÷‹æ,35.86040278,139.6319083
÷‹æ,35.86043056,139.6271806
÷‹æ,35.86059167,139.6284194
÷‹æ,35.86070278,139.6325361
÷‹æ,35.86072222,139.6325139
÷‹æ,35.86073333,139.6245361
÷‹æ,35.86073889,139.6335611
÷‹æ,35.86075,139.6205194
÷‹æ,35.86075278,139.6066056
÷‹æ,35.86075833,139.6068222
÷‹æ,35.86076944,139.5997611
÷‹æ,35.86086944,139.6174222
÷‹æ,35.86088056,139.6036083
÷‹æ,35.86090556,139.6190889
÷‹æ,35.86094167,139.6295167
÷‹æ,35.86095833,139.6021694
÷‹æ,35.86096389,139.6227833
÷‹æ,35.86099722,139.6215083
÷‹æ,35.861,139.6157472
÷‹æ,35.86101389,139.6157667
÷‹æ,35.86103056,139.6255222
÷‹æ,35.86103056,139.5986833
÷‹æ,35.86103333,139.620375
÷‹æ,35.86110833,139.6058083
÷‹æ,35.86120278,139.6342639
÷‹æ,35.86131111,139.6146778
÷‹æ,35.86132778,139.6017667
÷‹æ,35.86133611,139.6078111
÷‹æ,35.86137778,139.6076083
÷‹æ,35.86138611,139.6310694
÷‹æ,35.86139167,139.62595
÷‹æ,35.86140278,139.6134306
÷‹æ,35.86140556,139.6007917
÷‹æ,35.86142778,139.5970833
÷‹æ,35.86143333,139.6321444
÷‹æ,35.86146111,139.6213444
÷‹æ,35.86148333,139.5932139
÷‹æ,35.86151389,139.5994194
÷‹æ,35.86151944,139.6250056
÷‹æ,35.86153056,139.6283333
÷‹æ,35.86153056,139.6184417
÷‹æ,35.86153333,139.6331306
÷‹æ,35.86159444,139.6087361
÷‹æ,35.86176111,139.6292417
÷‹æ,35.86176389,139.6236694
÷‹æ,35.861925,139.622275
÷‹æ,35.86199167,139.6022972
÷‹æ,35.86203889,139.6332167
÷‹æ,35.86208889,139.6069139
÷‹æ,35.86211111,139.6097667
÷‹æ,35.86211111,139.6030111
÷‹æ,35.86214444,139.6177694
÷‹æ,35.86218056,139.6129
÷‹æ,35.86221389,139.6165444
÷‹æ,35.86224444,139.6301306
÷‹æ,35.86225833,139.6192611
÷‹æ,35.86226667,139.6006778
÷‹æ,35.86231111,139.5984694
÷‹æ,35.86231667,139.6316694
÷‹æ,35.86232778,139.6055528
÷‹æ,35.86235833,139.6076528
÷‹æ,35.86239722,139.6246222
÷‹æ,35.86239722,139.620375
÷‹æ,35.86253611,139.6136889
÷‹æ,35.86258611,139.6230528
÷‹æ,35.86264167,139.6153833
÷‹æ,35.86268889,139.6269222
÷‹æ,35.86269444,139.6023833
÷‹æ,35.86270556,139.620825
÷‹æ,35.86275,139.603175
÷‹æ,35.86277222,139.6011056
÷‹æ,35.86277778,139.5996083
÷‹æ,35.86279167,139.6293972
÷‹æ,35.86283056,139.6256944
÷‹æ,35.86283889,139.6184278
÷‹æ,35.86288889,139.6244333
÷‹æ,35.86289444,139.6324
÷‹æ,35.86290556,139.6232417
÷‹æ,35.86296389,139.6003028
÷‹æ,35.86298333,139.6076944
÷‹æ,35.86299306,139.6062194
÷‹æ,35.86301389,139.6220972
÷‹æ,35.86302222,139.6288111
÷‹æ,35.86303056,139.5962444
÷‹æ,35.86306111,139.6116056
÷‹æ,35.86310556,139.6198889
÷‹æ,35.86314167,139.61895
÷‹æ,35.86321944,139.6147611
÷‹æ,35.86322222,139.6176194
÷‹æ,35.86326111,139.6084111
÷‹æ,35.86328056,139.6286028
÷‹æ,35.86328889,139.6017417
÷‹æ,35.86339167,139.6095889
÷‹æ,35.86340556,139.6232167
÷‹æ,35.86345833,139.6141222
÷‹æ,35.86346944,139.6026194
÷‹æ,35.86352222,139.6278139
÷‹æ,35.86359167,139.6262056
÷‹æ,35.86371667,139.6153972
÷‹æ,35.86376944,139.6159389
÷‹æ,35.86380278,139.6171528
÷‹æ,35.86381111,139.6106389
÷‹æ,35.86384861,139.6072839
÷‹æ,35.86385833,139.6060194
÷‹æ,35.86389444,139.6268583
÷‹æ,35.86391111,139.6243722
÷‹æ,35.863925,139.6216694
÷‹æ,35.86393889,139.6233472
÷‹æ,35.86395,139.61925
÷‹æ,35.86398333,139.62045
÷‹æ,35.86406111,139.598775
÷‹æ,35.86409167,139.5956639
÷‹æ,35.86413611,139.6085278
÷‹æ,35.86418611,139.5999167
÷‹æ,35.86421111,139.6134806
÷‹æ,35.86424167,139.6111028
÷‹æ,35.86426389,139.5941111
÷‹æ,35.86432222,139.6281639
÷‹æ,35.86433333,139.6050556
÷‹æ,35.86433333,139.6182528
÷‹æ,35.86435278,139.6254417
÷‹æ,35.86438889,139.6099167
÷‹æ,35.86442778,139.6162639
÷‹æ,35.86452778,139.6124722
÷‹æ,35.86465556,139.6262861
÷‹æ,35.86465833,139.6176556
÷‹æ,35.86466667,139.6219722
÷‹æ,35.86473611,139.6226417
÷‹æ,35.86476111,139.6156083
÷‹æ,35.86479722,139.5968944
÷‹æ,35.86480833,139.6249333
÷‹æ,35.86481111,139.5989667
÷‹æ,35.864875,139.6202
÷‹æ,35.86489722,139.6059694
÷‹æ,35.86494722,139.5998806
÷‹æ,35.86496667,139.6272833
÷‹æ,35.86499167,139.6026806
÷‹æ,35.86503889,139.6078861
÷‹æ,35.86511667,139.5959833
÷‹æ,35.86512222,139.6191528
÷‹æ,35.86512778,139.6136583
÷‹æ,35.86518611,139.6150167
÷‹æ,35.86519722,139.6114833
÷‹æ,35.865325,139.6208806
÷‹æ,35.86533889,139.623175
÷‹æ,35.8653625,139.6041972
÷‹æ,35.86536389,139.6214611
÷‹æ,35.86536667,139.5936306
÷‹æ,35.86537222,139.6256278
÷‹æ,35.86538611,139.624825
÷‹æ,35.86543056,139.6266361
÷‹æ,35.86544167,139.6224361
÷‹æ,35.86544167,139.6182611
÷‹æ,35.86545278,139.6141917
÷‹æ,35.86548889,139.6200222
÷‹æ,35.86561944,139.6066139
÷‹æ,35.86563194,139.6082294
÷‹æ,35.86563611,139.5978056
÷‹æ,35.86565,139.5951444
÷‹æ,35.86566111,139.6116889
÷‹æ,35.86569167,139.59925
÷‹æ,35.86569444,139.6215778
÷‹æ,35.86572778,139.6240194
÷‹æ,35.86577778,139.6224444
÷‹æ,35.86582222,139.6045328
÷‹æ,35.86582222,139.6131361
÷‹æ,35.86583333,139.5969111
÷‹æ,35.86586667,139.612375
÷‹æ,35.86603333,139.6190083
÷‹æ,35.86607778,139.6033806
÷‹æ,35.86609306,139.6203783
÷‹æ,35.86611667,139.611475
÷‹æ,35.86613611,139.6018028
÷‹æ,35.86613889,139.6147389
÷‹æ,35.86621667,139.6128306
÷‹æ,35.86625278,139.6174917
÷‹æ,35.866275,139.6007278
÷‹æ,35.86628611,139.6277
÷‹æ,35.86640556,139.6025667
÷‹æ,35.86643056,139.5927806
÷‹æ,35.86645,139.5962361
÷‹æ,35.86655,139.6099667
÷‹æ,35.86666944,139.5937528
÷‹æ,35.86672222,139.5983444
÷‹æ,35.86676389,139.5992611
÷‹æ,35.86681944,139.604075
÷‹æ,35.866825,139.6143417
÷‹æ,35.86682778,139.608975
÷‹æ,35.86694722,139.6207778
÷‹æ,35.86695833,139.6256972
÷‹æ,35.867,139.6083
÷‹æ,35.86701667,139.6277417
÷‹æ,35.86706972,139.6252403
÷‹æ,35.867075,139.6190722
÷‹æ,35.86707778,139.591875
÷‹æ,35.86711111,139.613225
÷‹æ,35.86716944,139.619525
÷‹æ,35.86718056,139.5948444
÷‹æ,35.8672,139.6015306
÷‹æ,35.86724167,139.6038667
÷‹æ,35.86724722,139.5970194
÷‹æ,35.86724722,139.5958083
÷‹æ,35.86729167,139.6066417
÷‹æ,35.8673,139.6025667
÷‹æ,35.86730556,139.5939139
÷‹æ,35.86736667,139.6179194
÷‹æ,35.86738611,139.6276167
÷‹æ,35.86739722,139.6071667
÷‹æ,35.86739722,139.5927139
÷‹æ,35.86744722,139.6071806
÷‹æ,35.867675,139.6056611
÷‹æ,35.867675,139.6113944
÷‹æ,35.86769722,139.6153722
÷‹æ,35.8677,139.6265194
÷‹æ,35.86771111,139.6050417
÷‹æ,35.86775556,139.6179778
÷‹æ,35.86776667,139.6257889
÷‹æ,35.86781111,139.6147972
÷‹æ,35.86785278,139.6045694
÷‹æ,35.86785556,139.6101806
÷‹æ,35.86792222,139.59135
÷‹æ,35.86800278,139.5976639
÷‹æ,35.86803333,139.6137944
÷‹æ,35.86803889,139.620025
÷‹æ,35.86811389,139.5938194
÷‹æ,35.86812222,139.6006889
÷‹æ,35.86816111,139.6269472
÷‹æ,35.86823056,139.6023389
÷‹æ,35.86823056,139.5926889
÷‹æ,35.868275,139.5964861
÷‹æ,35.86828056,139.6166222
÷‹æ,35.86834444,139.6126333
÷‹æ,35.86834722,139.6126472
÷‹æ,35.86835556,139.6074972
÷‹æ,35.86845,139.6173389
÷‹æ,35.86846111,139.6092444
÷‹æ,35.86855556,139.5916028
÷‹æ,35.86857222,139.61065
÷‹æ,35.86879444,139.5983833
÷‹æ,35.86880833,139.6189028
÷‹æ,35.86884722,139.5992417
÷‹æ,35.86891389,139.6167472
÷‹æ,35.86891389,139.5952333
÷‹æ,35.86891944,139.6070917
÷‹æ,35.868925,139.6247583
÷‹æ,35.86892778,139.6142556
÷‹æ,35.86895,139.6071056
÷‹æ,35.86895833,139.5907972
÷‹æ,35.868975,139.5938306
÷‹æ,35.86901944,139.6022583
÷‹æ,35.86902222,139.5920194
÷‹æ,35.86908889,139.5926472
÷‹æ,35.86916389,139.6155083
÷‹æ,35.86918056,139.6051583
÷‹æ,35.86919167,139.6108528
÷‹æ,35.86919167,139.6108778
÷‹æ,35.8692,139.6051722
÷‹æ,35.86922778,139.6131417
÷‹æ,35.86924167,139.6131611
÷‹æ,35.86926667,139.6062028
÷‹æ,35.86928056,139.6062028
÷‹æ,35.86936111,139.6184333
÷‹æ,35.86936111,139.6088556
÷‹æ,35.86938056,139.6088889
÷‹æ,35.86939861,139.5972694
÷‹æ,35.8696,139.6008833
÷‹æ,35.86960556,139.6179389
÷‹æ,35.86963889,139.5991111
÷‹æ,35.86966944,139.6175444
÷‹æ,35.86971111,139.6143778
÷‹æ,35.86973333,139.6107056
÷‹æ,35.86978889,139.6099639
÷‹æ,35.86978889,139.6077472
÷‹æ,35.86979444,139.6099722
÷‹æ,35.86979722,139.6077583
÷‹æ,35.86981667,139.61605
÷‹æ,35.86999167,139.6123111
÷‹æ,35.87,139.6123278
÷‹æ,35.87006944,139.6154278
÷‹æ,35.87021667,139.6002611
÷‹æ,35.87023889,139.6073917
÷‹æ,35.87025278,139.6073833
÷‹æ,35.87026389,139.6170806
÷‹æ,35.87035556,139.6068528
÷‹æ,35.87036667,139.6068556
÷‹æ,35.87039167,139.6092167
÷‹æ,35.87039722,139.6139861
÷‹æ,35.8704,139.6092139
÷‹æ,35.87041944,139.6021306
÷‹æ,35.870425,139.6140278
÷‹æ,35.87044167,139.6191139
÷‹æ,35.87048056,139.6053028
÷‹æ,35.87048056,139.6053222
÷‹æ,35.87056667,139.6166583
÷‹æ,35.87064722,139.6128639
÷‹æ,35.87065833,139.6128778
÷‹æ,35.87078056,139.6106028
÷‹æ,35.87078611,139.6106194
÷‹æ,35.87086944,139.5993144
÷‹æ,35.87088056,139.6029167
÷‹æ,35.87091944,139.6145583
÷‹æ,35.87092778,139.6145694
÷‹æ,35.87099167,139.6089056
÷‹æ,35.87099167,139.6089194
÷‹æ,35.87103611,139.6119028
÷‹æ,35.87104167,139.611925
÷‹æ,35.87106111,139.6006639
÷‹æ,35.87109167,139.6078583
÷‹æ,35.87110278,139.6078361
÷‹æ,35.87127778,139.6156528
÷‹æ,35.87128333,139.6131556
÷‹æ,35.87128611,139.6131111
÷‹æ,35.87129167,139.601575
÷‹æ,35.8713,139.6156944
÷‹æ,35.87131111,139.606625
÷‹æ,35.87132778,139.6066139
÷‹æ,35.87156111,139.6168417
÷‹æ,35.87156111,139.6168417
÷‹æ,35.87174167,139.6146944
÷‹æ,35.87177917,139.6028564
÷‹æ,35.87178333,139.6177639
÷‹æ,35.87179167,139.6178
÷‹æ,35.87180833,139.6098667
÷‹æ,35.87181111,139.6054917
÷‹æ,35.87181389,139.6020533
÷‹æ,35.87182778,139.6098833
÷‹æ,35.87183889,139.6148278
÷‹æ,35.872125,139.6160833
÷‹æ,35.872125,139.6160667
÷‹æ,35.87222778,139.6065333
÷‹æ,35.87225556,139.6083556
÷‹æ,35.87228333,139.6132889
÷‹æ,35.87228611,139.6133278
÷‹æ,35.872375,139.6076944
÷‹æ,35.87241111,139.6170917
÷‹æ,35.87241667,139.6170889
÷‹æ,35.87242222,139.6095583
÷‹æ,35.87243889,139.6120833
÷‹æ,35.87246944,139.6120833
÷‹æ,35.87247778,139.6030361
÷‹æ,35.87255972,139.6019167
÷‹æ,35.87260556,139.6005444
÷‹æ,35.87276389,139.5993639
÷‹æ,35.87280417,139.5977839
÷‹æ,35.87281389,139.6065056
÷‹æ,35.87284722,139.6109583
÷‹æ,35.87285,139.6109889
÷‹æ,35.87293333,139.6056028
÷‹æ,35.87309722,139.6117944
÷‹æ,35.87310833,139.6117972
÷‹æ,35.87323611,139.6131167
÷‹æ,35.87323889,139.6131194
÷‹æ,35.87336389,139.6167306
÷‹æ,35.87336944,139.6166944
÷‹æ,35.87338889,139.6103833
÷‹æ,35.87340278,139.6156278
÷‹æ,35.87343889,139.614225
÷‹æ,35.87345556,139.6142306
÷‹æ,35.87346667,139.6155917
÷‹æ,35.87346944,139.6035167
÷‹æ,35.87350556,139.6068083
÷‹æ,35.87351944,139.6078053
÷‹æ,35.87354167,139.6116
÷‹æ,35.87365833,139.6170056
÷‹æ,35.87371667,139.6169694
÷‹æ,35.873725,139.6106333
÷‹æ,35.873825,139.608925
÷‹æ,35.87396389,139.6093833
÷‹æ,35.87399167,139.6005167
÷‹æ,35.87408333,139.615975
÷‹æ,35.8741,139.6160083
÷‹æ,35.87411944,139.6120167
÷‹æ,35.874125,139.6120333
÷‹æ,35.87432222,139.6099556
÷‹æ,35.87434167,139.6057611
÷‹æ,35.87439167,139.6086667
÷‹æ,35.87440556,139.6042639
÷‹æ,35.87445278,139.6074694
÷‹æ,35.87445556,139.5993778
÷‹æ,35.87452361,139.6031906
÷‹æ,35.87453333,139.6016639
÷‹æ,35.87504167,139.6083694
÷‹æ,35.87514167,139.6030644
÷‹æ,35.87527222,139.6010806
÷‹æ,35.87529444,139.6039972
÷‹æ,35.87529722,139.6019111
÷‹æ,35.87535556,139.6058028
÷‹æ,35.87597778,139.6073861
÷‹æ,35.87599028,139.6037
÷‹æ,35.87599722,139.6018433
÷‹æ,35.87621111,139.6006639
÷‹æ,35.876475,139.6060167
÷‹æ,35.87676667,139.6066028
÷‹æ,35.87751111,139.6071667
÷‹æ,35.87794167,139.6060306
÷‹æ,35.87853056,139.6086667
÷‹æ,35.87864722,139.6103944
÷‹æ,35.87894722,139.6070639
÷‹æ,35.87924167,139.6113139
÷‹æ,35.87924722,139.6076861
÷‹æ,35.8793,139.6090639
÷‹æ,35.87954444,139.6060222
÷‹æ,35.87983611,139.6112167
÷‹æ,35.88009444,139.61195
÷‹æ,35.88024444,139.6066
÷‹æ,35.88024444,139.6103861
÷‹æ,35.88025833,139.6093611
÷‹æ,35.880325,139.6075417
÷‹æ,35.88048056,139.6116694
÷‹æ,35.88115,139.6119917
÷‹æ,35.88120556,139.6098306
÷‹æ,35.88123611,139.6085444
÷‹æ,35.88126944,139.6069917
÷‹æ,35.88136667,139.6108778
÷‹æ,35.88186389,139.6092639
÷‹æ,35.8819,139.6112889
÷‹æ,35.88196389,139.612475
÷‹æ,35.88198056,139.6085306
÷‹æ,35.88217778,139.606975
÷‹æ,35.88218056,139.6103306
÷‹æ,35.88222222,139.6118167
÷‹æ,35.88278889,139.6078444
÷‹æ,35.88279722,139.6078639
÷‹æ,35.88288333,139.6118
÷‹æ,35.88291389,139.6081222
÷‹æ,35.88295556,139.61075
÷‹æ,35.88330833,139.6092028
÷‹æ,35.88385556,139.6075889
÷‹æ,35.88393056,139.6084889
÷‹æ,35.88411528,139.6095292
÷‹æ,35.88474167,139.6075556
÷‹æ,35.88511389,139.608225
‰Y˜a‹æ,35.84398333,139.6635528
‰Y˜a‹æ,35.84400556,139.6643389
‰Y˜a‹æ,35.84410278,139.6621444
‰Y˜a‹æ,35.84414722,139.6629222
‰Y˜a‹æ,35.84463611,139.6660472
‰Y˜a‹æ,35.84495556,139.6615028
‰Y˜a‹æ,35.84515556,139.6617944
‰Y˜a‹æ,35.845175,139.6640722
‰Y˜a‹æ,35.84517778,139.6649444
‰Y˜a‹æ,35.84521111,139.6649333
‰Y˜a‹æ,35.84526389,139.6626361
‰Y˜a‹æ,35.8454,139.6645806
‰Y˜a‹æ,35.84566111,139.6660611
‰Y˜a‹æ,35.84579444,139.6674583
‰Y˜a‹æ,35.8458,139.6674806
‰Y˜a‹æ,35.84589444,139.6625972
‰Y˜a‹æ,35.84594444,139.6612056
‰Y˜a‹æ,35.846275,139.6641278
‰Y˜a‹æ,35.84639722,139.6603278
‰Y˜a‹æ,35.84648333,139.6658389
‰Y˜a‹æ,35.84678056,139.6612944
‰Y˜a‹æ,35.8469,139.6602556
‰Y˜a‹æ,35.84690278,139.6627722
‰Y˜a‹æ,35.84699167,139.6637833
‰Y˜a‹æ,35.84709444,139.6648722
‰Y˜a‹æ,35.84718333,139.6564
‰Y˜a‹æ,35.84718889,139.655175
‰Y˜a‹æ,35.84719167,139.6575972
‰Y˜a‹æ,35.84719167,139.6539722
‰Y˜a‹æ,35.84720833,139.6526028
‰Y˜a‹æ,35.84722222,139.6663944
‰Y˜a‹æ,35.847325,139.6675667
‰Y˜a‹æ,35.84767778,139.6623278
‰Y˜a‹æ,35.84769528,139.6596733
‰Y˜a‹æ,35.847725,139.6606528
‰Y˜a‹æ,35.84777222,139.6584778
‰Y˜a‹æ,35.84779167,139.6561111
‰Y˜a‹æ,35.84799722,139.6660472
‰Y˜a‹æ,35.84801944,139.6682972
‰Y˜a‹æ,35.84803889,139.6682694
‰Y˜a‹æ,35.84806667,139.6632111
‰Y˜a‹æ,35.84821111,139.667325
‰Y˜a‹æ,35.848275,139.6673056
‰Y˜a‹æ,35.84835833,139.6625
‰Y˜a‹æ,35.84835833,139.6541417
‰Y˜a‹æ,35.84838056,139.6639639
‰Y˜a‹æ,35.84843333,139.6611594
‰Y˜a‹æ,35.84844444,139.655325
‰Y˜a‹æ,35.84850833,139.6682917
‰Y˜a‹æ,35.84855833,139.6648889
‰Y˜a‹æ,35.84862222,139.6568722
‰Y˜a‹æ,35.84866111,139.6575167
‰Y˜a‹æ,35.848675,139.6694694
‰Y˜a‹æ,35.84871667,139.6597389
‰Y˜a‹æ,35.84881111,139.6660806
‰Y˜a‹æ,35.84888056,139.6582528
‰Y˜a‹æ,35.849075,139.6641417
‰Y˜a‹æ,35.84913333,139.6546778
‰Y˜a‹æ,35.84913889,139.6587667
‰Y˜a‹æ,35.84918333,139.6566556
‰Y˜a‹æ,35.84943611,139.6663806
‰Y˜a‹æ,35.84959722,139.6606972
‰Y˜a‹æ,35.84960556,139.668
‰Y˜a‹æ,35.84966667,139.6697167
‰Y˜a‹æ,35.84971111,139.6653833
‰Y˜a‹æ,35.84974722,139.6582694
‰Y˜a‹æ,35.84976667,139.6565972
‰Y˜a‹æ,35.84976944,139.6595667
‰Y˜a‹æ,35.84979722,139.6633917
‰Y˜a‹æ,35.84981667,139.6617889
‰Y˜a‹æ,35.849925,139.6641889
‰Y˜a‹æ,35.84992778,139.6582667
‰Y˜a‹æ,35.85007778,139.6547028
‰Y˜a‹æ,35.85015,139.6691806
‰Y˜a‹æ,35.85021667,139.6671472
‰Y˜a‹æ,35.850275,139.6650917
‰Y˜a‹æ,35.85034444,139.6650972
‰Y˜a‹æ,35.85036389,139.6686972
‰Y˜a‹æ,35.85040833,139.6625861
‰Y˜a‹æ,35.85046667,139.6702861
‰Y˜a‹æ,35.85051111,139.660825
‰Y˜a‹æ,35.85052778,139.6662667
‰Y˜a‹æ,35.85054722,139.6662972
‰Y˜a‹æ,35.85059722,139.6582417
‰Y˜a‹æ,35.8506175,139.6613556
‰Y˜a‹æ,35.85076944,139.6556111
‰Y˜a‹æ,35.850775,139.6586472
‰Y˜a‹æ,35.85078056,139.6663778
‰Y˜a‹æ,35.8508,139.6663833
‰Y˜a‹æ,35.85083056,139.6566528
‰Y˜a‹æ,35.85088611,139.6642389
‰Y˜a‹æ,35.85090278,139.6541333
‰Y˜a‹æ,35.85101389,139.6677611
‰Y˜a‹æ,35.85105833,139.6580611
‰Y˜a‹æ,35.85108056,139.65345
‰Y˜a‹æ,35.85116111,139.6625611
‰Y˜a‹æ,35.85119722,139.6618417
‰Y˜a‹æ,35.85122028,139.6657922
‰Y˜a‹æ,35.851225,139.6673722
‰Y˜a‹æ,35.85126389,139.6634639
‰Y˜a‹æ,35.85130556,139.6602511
‰Y˜a‹æ,35.85134722,139.6537083
‰Y˜a‹æ,35.85141389,139.6543167
‰Y˜a‹æ,35.851475,139.6679639
‰Y˜a‹æ,35.85149167,139.6554722
‰Y˜a‹æ,35.85165833,139.660975
‰Y˜a‹æ,35.85167222,139.6640056
‰Y˜a‹æ,35.85168333,139.6564139
‰Y˜a‹æ,35.85178611,139.6586194
‰Y˜a‹æ,35.85183056,139.6595028
‰Y˜a‹æ,35.85192222,139.6663667
‰Y˜a‹æ,35.85196111,139.6647889
‰Y˜a‹æ,35.85196944,139.661925
‰Y˜a‹æ,35.85200556,139.654675
‰Y˜a‹æ,35.85204167,139.6579
‰Y˜a‹æ,35.852125,139.66115
‰Y˜a‹æ,35.85214167,139.6551528
‰Y˜a‹æ,35.85219444,139.6623333
‰Y˜a‹æ,35.85222222,139.6556389
‰Y˜a‹æ,35.85230556,139.6494889
‰Y˜a‹æ,35.85246944,139.64975
‰Y˜a‹æ,35.85257222,139.6554528
‰Y˜a‹æ,35.85258889,139.662875
‰Y˜a‹æ,35.85261111,139.6577
‰Y˜a‹æ,35.85261667,139.6514056
‰Y˜a‹æ,35.85266667,139.6601556
‰Y˜a‹æ,35.85268333,139.6637861
‰Y˜a‹æ,35.85273333,139.6560056
‰Y˜a‹æ,35.85275556,139.6590778
‰Y˜a‹æ,35.85276111,139.6484194
‰Y˜a‹æ,35.85276667,139.6544306
‰Y˜a‹æ,35.85285556,139.66485
‰Y˜a‹æ,35.85288611,139.66885
‰Y˜a‹æ,35.85289444,139.6653444
‰Y˜a‹æ,35.85290833,139.6614028
‰Y˜a‹æ,35.85292778,139.667675
‰Y˜a‹æ,35.85301111,139.6668528
‰Y˜a‹æ,35.85307222,139.6562694
‰Y˜a‹æ,35.85326667,139.6530972
‰Y˜a‹æ,35.85331389,139.6629417
‰Y˜a‹æ,35.85331389,139.6629417
‰Y˜a‹æ,35.85332222,139.6514861
‰Y˜a‹æ,35.85346806,139.6576589
‰Y˜a‹æ,35.85351111,139.6587444
‰Y˜a‹æ,35.85351667,139.6642056
‰Y˜a‹æ,35.85353889,139.6600389
‰Y˜a‹æ,35.85354722,139.647675
‰Y˜a‹æ,35.85356944,139.6557861
‰Y˜a‹æ,35.85358889,139.6505944
‰Y˜a‹æ,35.85363889,139.6493306
‰Y˜a‹æ,35.85366944,139.6619833
‰Y˜a‹æ,35.85386944,139.6542333
‰Y˜a‹æ,35.85393333,139.6562139
‰Y˜a‹æ,35.85399167,139.6651889
‰Y˜a‹æ,35.85399444,139.6679
‰Y˜a‹æ,35.85402222,139.6574417
‰Y˜a‹æ,35.85403611,139.655075
‰Y˜a‹æ,35.85404444,139.663025
‰Y˜a‹æ,35.85405556,139.6630194
‰Y˜a‹æ,35.85408056,139.6538806
‰Y˜a‹æ,35.85419444,139.6668167
‰Y˜a‹æ,35.85427778,139.6635139
‰Y˜a‹æ,35.85434167,139.6466139
‰Y˜a‹æ,35.85440278,139.6618583
‰Y˜a‹æ,35.85446944,139.6475361
‰Y˜a‹æ,35.854525,139.6483944
‰Y˜a‹æ,35.85455556,139.6503278
‰Y˜a‹æ,35.85457778,139.658475
‰Y˜a‹æ,35.85458056,139.6622694
‰Y˜a‹æ,35.85458333,139.6591806
‰Y˜a‹æ,35.85459167,139.6560444
‰Y˜a‹æ,35.85463889,139.6606806
‰Y˜a‹æ,35.854675,139.6595611
‰Y˜a‹æ,35.854675,139.6509194
‰Y˜a‹æ,35.85472778,139.6524944
‰Y˜a‹æ,35.85480833,139.6573861
‰Y˜a‹æ,35.855025,139.6561861
‰Y˜a‹æ,35.855025,139.6538694
‰Y˜a‹æ,35.85503611,139.6649417
‰Y˜a‹æ,35.85506389,139.6634611
‰Y˜a‹æ,35.85507222,139.6584528
‰Y˜a‹æ,35.85509444,139.653
‰Y˜a‹æ,35.85515278,139.6613806
‰Y˜a‹æ,35.85515278,139.6679444
‰Y˜a‹æ,35.85516389,139.6549806
‰Y˜a‹æ,35.85516944,139.6535806
‰Y˜a‹æ,35.85519722,139.6444806
‰Y˜a‹æ,35.85524722,139.6557417
‰Y˜a‹æ,35.85528333,139.6666333
‰Y˜a‹æ,35.85531389,139.6462417
‰Y˜a‹æ,35.85532222,139.6458389
‰Y˜a‹æ,35.85535,139.6684444
‰Y˜a‹æ,35.85540833,139.6635917
‰Y˜a‹æ,35.85543333,139.6473028
‰Y˜a‹æ,35.85544722,139.6592278
‰Y˜a‹æ,35.85545278,139.6480139
‰Y˜a‹æ,35.855525,139.6569139
‰Y˜a‹æ,35.85552778,139.6483278
‰Y˜a‹æ,35.85556667,139.6643778
‰Y˜a‹æ,35.85558056,139.6492278
‰Y˜a‹æ,35.85558333,139.6581806
‰Y˜a‹æ,35.85559444,139.6499111
‰Y˜a‹æ,35.855675,139.6688556
‰Y˜a‹æ,35.85573056,139.6503361
‰Y˜a‹æ,35.85575278,139.6513944
‰Y˜a‹æ,35.85581389,139.6663167
‰Y˜a‹æ,35.85582222,139.6524861
‰Y˜a‹æ,35.85583611,139.6645472
‰Y˜a‹æ,35.85586667,139.6589
‰Y˜a‹æ,35.85591944,139.6535056
‰Y˜a‹æ,35.85598889,139.6555583
‰Y˜a‹æ,35.85602222,139.6616222
‰Y˜a‹æ,35.85603056,139.6598361
‰Y˜a‹æ,35.85603611,139.6653694
‰Y˜a‹æ,35.85611111,139.6545139
‰Y˜a‹æ,35.85612778,139.6464611
‰Y˜a‹æ,35.85613889,139.6675361
‰Y˜a‹æ,35.85621944,139.6696806
‰Y˜a‹æ,35.85626111,139.6455833
‰Y˜a‹æ,35.85634444,139.6554028
‰Y˜a‹æ,35.85636944,139.660525
‰Y˜a‹æ,35.85637222,139.6473083
‰Y˜a‹æ,35.85638056,139.6656417
‰Y˜a‹æ,35.85641667,139.6629111
‰Y˜a‹æ,35.85645833,139.6445528
‰Y˜a‹æ,35.85646389,139.6490417
‰Y˜a‹æ,35.85648333,139.6681722
‰Y˜a‹æ,35.85655278,139.6659722
‰Y˜a‹æ,35.856625,139.6568
‰Y˜a‹æ,35.85663333,139.6511389
‰Y˜a‹æ,35.85666944,139.644075
‰Y˜a‹æ,35.85666944,139.6623528
‰Y˜a‹æ,35.85667778,139.650075
‰Y˜a‹æ,35.85669167,139.6667056
‰Y˜a‹æ,35.85670278,139.6527056
‰Y˜a‹æ,35.85671389,139.6608028
‰Y˜a‹æ,35.85678056,139.6578111
‰Y˜a‹æ,35.85678333,139.6641417
‰Y˜a‹æ,35.85679722,139.653425
‰Y˜a‹æ,35.85684167,139.6436556
‰Y˜a‹æ,35.85689167,139.6617917
‰Y˜a‹æ,35.85690833,139.6592167
‰Y˜a‹æ,35.85692222,139.6688917
‰Y˜a‹æ,35.85699444,139.6708361
‰Y˜a‹æ,35.85702778,139.6675222
‰Y˜a‹æ,35.85703056,139.6670861
‰Y˜a‹æ,35.85717778,139.6597583
‰Y˜a‹æ,35.85723889,139.6656278
‰Y˜a‹æ,35.85727778,139.6519111
‰Y˜a‹æ,35.85728056,139.6608744
‰Y˜a‹æ,35.85730833,139.6551083
‰Y˜a‹æ,35.85736889,139.6678822
‰Y˜a‹æ,35.857375,139.6698278
‰Y˜a‹æ,35.85739722,139.6451917
‰Y˜a‹æ,35.85741667,139.6462028
‰Y˜a‹æ,35.85743611,139.6478972
‰Y˜a‹æ,35.85747778,139.6631417
‰Y˜a‹æ,35.85752778,139.6489944
‰Y˜a‹æ,35.85752778,139.6635778
‰Y˜a‹æ,35.85756667,139.6601333
‰Y˜a‹æ,35.85766667,139.6662472
‰Y˜a‹æ,35.85768889,139.6509056
‰Y˜a‹æ,35.85773611,139.6532111
‰Y˜a‹æ,35.85776389,139.6574889
‰Y˜a‹æ,35.85776944,139.669125
‰Y˜a‹æ,35.85778611,139.6445333
‰Y˜a‹æ,35.85780278,139.6541528
‰Y˜a‹æ,35.85781389,139.6562056
‰Y˜a‹æ,35.85785,139.6469889
‰Y˜a‹æ,35.85785278,139.6671806
‰Y˜a‹æ,35.85787222,139.6622583
‰Y˜a‹æ,35.857875,139.6555222
‰Y˜a‹æ,35.85787778,139.6521722
‰Y˜a‹æ,35.85794722,139.6611694
‰Y˜a‹æ,35.85797778,139.6584194
‰Y˜a‹æ,35.85799722,139.6652556
‰Y˜a‹æ,35.85816111,139.6549
‰Y˜a‹æ,35.85821111,139.6592444
‰Y˜a‹æ,35.85824722,139.6463194
‰Y˜a‹æ,35.85830833,139.6449333
‰Y˜a‹æ,35.85831111,139.6683417
‰Y˜a‹æ,35.85841944,139.6619389
‰Y˜a‹æ,35.85843611,139.6561111
‰Y˜a‹æ,35.85843889,139.6660167
‰Y˜a‹æ,35.85847778,139.663275
‰Y˜a‹æ,35.85854167,139.6648722
‰Y˜a‹æ,35.85855,139.6604778
‰Y˜a‹æ,35.85863333,139.6547472
‰Y˜a‹æ,35.85863611,139.6688444
‰Y˜a‹æ,35.85869722,139.6496639
‰Y˜a‹æ,35.85873611,139.6666917
‰Y˜a‹æ,35.85880556,139.6572167
‰Y˜a‹æ,35.85884722,139.6526139
‰Y˜a‹æ,35.85890833,139.6597778
‰Y˜a‹æ,35.85896944,139.6487333
‰Y˜a‹æ,35.85898333,139.6607167
‰Y˜a‹æ,35.85898611,139.6487556
‰Y˜a‹æ,35.85898611,139.64875
‰Y˜a‹æ,35.85898611,139.6487861
‰Y˜a‹æ,35.859,139.6468417
‰Y˜a‹æ,35.85901389,139.6674889
‰Y˜a‹æ,35.85905278,139.649975
‰Y˜a‹æ,35.85906111,139.6632
‰Y˜a‹æ,35.85910278,139.6691861
‰Y˜a‹æ,35.85915278,139.6591889
‰Y˜a‹æ,35.85915278,139.6459889
‰Y˜a‹æ,35.85918056,139.6592694
‰Y˜a‹æ,35.85918611,139.6653944
‰Y˜a‹æ,35.85918889,139.6518806
‰Y˜a‹æ,35.85919167,139.6681611
‰Y˜a‹æ,35.85922222,139.6617389
‰Y˜a‹æ,35.85922778,139.6557722
‰Y˜a‹æ,35.85923611,139.6448361
‰Y˜a‹æ,35.85930833,139.6482278
‰Y˜a‹æ,35.85934722,139.6642972
‰Y˜a‹æ,35.85935,139.6585278
‰Y˜a‹æ,35.85936111,139.6585333
‰Y˜a‹æ,35.85941667,139.6599333
‰Y˜a‹æ,35.859425,139.6496944
‰Y˜a‹æ,35.85951667,139.654625
‰Y˜a‹æ,35.85956111,139.6690611
‰Y˜a‹æ,35.859575,139.6628028
‰Y˜a‹æ,35.85957778,139.6627833
‰Y˜a‹æ,35.8596,139.6568611
‰Y˜a‹æ,35.85960833,139.6660028
‰Y˜a‹æ,35.85965556,139.6611806
‰Y˜a‹æ,35.85966944,139.6610833
‰Y˜a‹æ,35.85971389,139.6611167
‰Y˜a‹æ,35.85976944,139.6521694
‰Y˜a‹æ,35.85978611,139.6442139
‰Y˜a‹æ,35.85985833,139.6555389
‰Y˜a‹æ,35.85990278,139.6596167
‰Y˜a‹æ,35.86004722,139.6469583
‰Y˜a‹æ,35.860175,139.6485444
‰Y˜a‹æ,35.86022778,139.6498472
‰Y˜a‹æ,35.86028889,139.6509389
‰Y˜a‹æ,35.86035,139.6618417
‰Y˜a‹æ,35.86035278,139.6453972
‰Y˜a‹æ,35.86036389,139.6618278
‰Y˜a‹æ,35.860375,139.667875
‰Y˜a‹æ,35.86040278,139.6530639
‰Y˜a‹æ,35.86041111,139.6578333
‰Y˜a‹æ,35.86041667,139.6589417
‰Y˜a‹æ,35.86041667,139.6654917
‰Y˜a‹æ,35.86043333,139.666425
‰Y˜a‹æ,35.86044722,139.6561167
‰Y˜a‹æ,35.86045278,139.6543278
‰Y˜a‹æ,35.86046944,139.6610139
‰Y˜a‹æ,35.86048889,139.6553889
‰Y˜a‹æ,35.86055278,139.6635694
‰Y˜a‹æ,35.86060278,139.6623417
‰Y˜a‹æ,35.86075556,139.659725
‰Y˜a‹æ,35.86079167,139.6643167
‰Y˜a‹æ,35.86085,139.6565111
‰Y˜a‹æ,35.86086944,139.65205
‰Y˜a‹æ,35.86099722,139.6514333
‰Y˜a‹æ,35.86111389,139.662775
‰Y˜a‹æ,35.86112778,139.6672806
‰Y˜a‹æ,35.86113611,139.6467722
‰Y˜a‹æ,35.86117222,139.6583472
‰Y˜a‹æ,35.86120417,139.6686194
‰Y˜a‹æ,35.86129722,139.6549861
‰Y˜a‹æ,35.861325,139.648125
‰Y˜a‹æ,35.86134444,139.6615056
‰Y˜a‹æ,35.86136667,139.6677944
‰Y˜a‹æ,35.86136944,139.6662583
‰Y˜a‹æ,35.86139444,139.6572222
‰Y˜a‹æ,35.86143611,139.6494139
‰Y˜a‹æ,35.86145278,139.6535194
‰Y˜a‹æ,35.861475,139.6508111
‰Y˜a‹æ,35.861575,139.6591139
‰Y˜a‹æ,35.86164167,139.6460778
‰Y˜a‹æ,35.86176111,139.6636611
‰Y˜a‹æ,35.8618,139.6555222
‰Y˜a‹æ,35.86191944,139.6521111
‰Y˜a‹æ,35.86193056,139.6539806
‰Y˜a‹æ,35.86196111,139.6671889
‰Y˜a‹æ,35.86199167,139.6442056
‰Y˜a‹æ,35.86209444,139.646625
‰Y˜a‹æ,35.8621,139.6512361
‰Y˜a‹æ,35.86215556,139.6580111
‰Y˜a‹æ,35.862225,139.6596361
‰Y˜a‹æ,35.86224167,139.6483722
‰Y˜a‹æ,35.86226111,139.6627944
‰Y˜a‹æ,35.86230833,139.6662639
‰Y˜a‹æ,35.86230833,139.6546889
‰Y˜a‹æ,35.86233611,139.6504028
‰Y˜a‹æ,35.86234722,139.6615139
‰Y˜a‹æ,35.86235556,139.6534167
‰Y˜a‹æ,35.86238889,139.6565694
‰Y˜a‹æ,35.86238889,139.6646917
‰Y˜a‹æ,35.86240556,139.6682722
‰Y˜a‹æ,35.862425,139.6496194
‰Y˜a‹æ,35.86245833,139.6641056
‰Y˜a‹æ,35.86246111,139.6646389
‰Y˜a‹æ,35.86248889,139.6674944
‰Y˜a‹æ,35.862575,139.6459694
‰Y˜a‹æ,35.86266389,139.6589944
‰Y˜a‹æ,35.86279167,139.6658111
‰Y˜a‹æ,35.86279444,139.65225
‰Y˜a‹æ,35.86294444,139.6571194
‰Y˜a‹æ,35.86296667,139.6550528
‰Y˜a‹æ,35.86296667,139.6542917
‰Y˜a‹æ,35.86300278,139.6489806
‰Y˜a‹æ,35.86308056,139.64975
‰Y˜a‹æ,35.86308333,139.6460583
‰Y˜a‹æ,35.86309167,139.6492417
‰Y˜a‹æ,35.86311944,139.6596
‰Y˜a‹æ,35.863125,139.66135
‰Y˜a‹æ,35.86312778,139.6531694
‰Y˜a‹æ,35.86312778,139.6515417
‰Y˜a‹æ,35.86318889,139.6581139
‰Y˜a‹æ,35.86319167,139.6479389
‰Y˜a‹æ,35.86319722,139.6581222
‰Y˜a‹æ,35.86320556,139.6465444
‰Y˜a‹æ,35.86328056,139.6629417
‰Y˜a‹æ,35.8633,139.6491361
‰Y˜a‹æ,35.86339167,139.650625
‰Y˜a‹æ,35.86340556,139.6671139
‰Y˜a‹æ,35.86343056,139.6473389
‰Y˜a‹æ,35.86344167,139.6638444
‰Y˜a‹æ,35.86344444,139.6531583
‰Y˜a‹æ,35.86346944,139.6517583
‰Y˜a‹æ,35.86346944,139.6674889
‰Y˜a‹æ,35.86348333,139.6660639
‰Y˜a‹æ,35.86348889,139.6604972
‰Y˜a‹æ,35.86353056,139.656275
‰Y˜a‹æ,35.86355,139.6650806
‰Y˜a‹æ,35.86357778,139.6620444
‰Y˜a‹æ,35.86361667,139.6588611
‰Y˜a‹æ,35.863875,139.6521833
‰Y˜a‹æ,35.86388333,139.6598861
‰Y˜a‹æ,35.86395278,139.6590611
‰Y˜a‹æ,35.86399444,139.6577806
‰Y˜a‹æ,35.86399722,139.6611917
‰Y˜a‹æ,35.86404722,139.6624194
‰Y˜a‹æ,35.86411111,139.6510528
‰Y˜a‹æ,35.864125,139.6569222
‰Y˜a‹æ,35.864125,139.6639944
‰Y˜a‹æ,35.86416111,139.6606111
‰Y˜a‹æ,35.86421111,139.6659194
‰Y˜a‹æ,35.86424444,139.662025
‰Y˜a‹æ,35.86427778,139.6672528
‰Y˜a‹æ,35.86430278,139.6632111
‰Y˜a‹æ,35.86430556,139.6548639
‰Y˜a‹æ,35.86433333,139.6582306
‰Y˜a‹æ,35.86434167,139.6501667
‰Y˜a‹æ,35.86438611,139.6645806
‰Y˜a‹æ,35.8645,139.6659083
‰Y˜a‹æ,35.86460556,139.6535778
‰Y˜a‹æ,35.86462778,139.6596889
‰Y˜a‹æ,35.86483333,139.6557889
‰Y˜a‹æ,35.86487778,139.6523194
‰Y˜a‹æ,35.86494167,139.6459056
‰Y˜a‹æ,35.86499167,139.6640444
‰Y˜a‹æ,35.86506944,139.6479083
‰Y˜a‹æ,35.86508333,139.6672833
‰Y˜a‹æ,35.86511667,139.6611111
‰Y˜a‹æ,35.86516389,139.665075
‰Y˜a‹æ,35.86516667,139.6599778
‰Y˜a‹æ,35.86516944,139.6542611
‰Y˜a‹æ,35.86523611,139.6514722
‰Y˜a‹æ,35.86527222,139.6505556
‰Y˜a‹æ,35.86530556,139.6574111
‰Y˜a‹æ,35.86533056,139.6491806
‰Y˜a‹æ,35.86537222,139.6667361
‰Y˜a‹æ,35.86539444,139.6624389
‰Y˜a‹æ,35.86545556,139.6545389
‰Y˜a‹æ,35.865475,139.6637444
‰Y˜a‹æ,35.86559444,139.6564472
‰Y˜a‹æ,35.86573056,139.6651333
‰Y˜a‹æ,35.86573611,139.6489833
‰Y˜a‹æ,35.86576944,139.6583583
‰Y˜a‹æ,35.86596944,139.65335
‰Y˜a‹æ,35.86601389,139.6638111
‰Y˜a‹æ,35.86601944,139.6455278
‰Y˜a‹æ,35.86602778,139.6666056
‰Y˜a‹æ,35.86603889,139.6499556
‰Y˜a‹æ,35.86607778,139.6489028
‰Y˜a‹æ,35.86611667,139.66605
‰Y˜a‹æ,35.86616389,139.6519167
‰Y˜a‹æ,35.86621667,139.6508056
‰Y˜a‹æ,35.86622222,139.6544056
‰Y˜a‹æ,35.86623611,139.6571056
‰Y˜a‹æ,35.86623611,139.6558722
‰Y˜a‹æ,35.86646667,139.6630083
‰Y˜a‹æ,35.86655278,139.6582361
‰Y˜a‹æ,35.86668333,139.6593917
‰Y˜a‹æ,35.86675278,139.6494861
‰Y˜a‹æ,35.86676111,139.6657444
‰Y˜a‹æ,35.86677778,139.6657528
‰Y˜a‹æ,35.86683333,139.6485917
‰Y˜a‹æ,35.86687222,139.6526222
‰Y˜a‹æ,35.86691667,139.6542528
‰Y˜a‹æ,35.86693333,139.6570528
‰Y˜a‹æ,35.86701389,139.6622083
‰Y˜a‹æ,35.86705,139.6666028
‰Y˜a‹æ,35.86705,139.6454111
‰Y˜a‹æ,35.86708056,139.6635972
‰Y˜a‹æ,35.8671,139.6508833
‰Y˜a‹æ,35.86715556,139.6517722
‰Y˜a‹æ,35.86717222,139.66475
‰Y˜a‹æ,35.86721111,139.6667111
‰Y˜a‹æ,35.86725,139.6635667
‰Y˜a‹æ,35.86725278,139.6692528
‰Y˜a‹æ,35.86728056,139.6484861
‰Y˜a‹æ,35.86734167,139.6440917
‰Y˜a‹æ,35.86734167,139.6594083
‰Y˜a‹æ,35.86735556,139.6660583
‰Y˜a‹æ,35.86744722,139.6579167
‰Y˜a‹æ,35.86751944,139.6554028
‰Y˜a‹æ,35.86755,139.6518083
‰Y˜a‹æ,35.86756111,139.6497778
‰Y˜a‹æ,35.86769722,139.6564028
‰Y˜a‹æ,35.86783611,139.6469389
‰Y˜a‹æ,35.86786111,139.6500778
‰Y˜a‹æ,35.867925,139.6529333
‰Y˜a‹æ,35.86792778,139.6546472
‰Y˜a‹æ,35.86796389,139.6482833
‰Y˜a‹æ,35.86797222,139.6616528
‰Y˜a‹æ,35.86806111,139.6658417
‰Y˜a‹æ,35.86806389,139.6646306
‰Y˜a‹æ,35.86806944,139.6488556
‰Y˜a‹æ,35.86810556,139.650675
‰Y˜a‹æ,35.86819444,139.6635889
‰Y˜a‹æ,35.86820556,139.6425333
‰Y˜a‹æ,35.868225,139.6576472
‰Y˜a‹æ,35.868275,139.6502722
‰Y˜a‹æ,35.86828889,139.6512167
‰Y˜a‹æ,35.86830278,139.6473167
‰Y˜a‹æ,35.86835,139.6438333
‰Y˜a‹æ,35.86842778,139.6593472
‰Y˜a‹æ,35.86843889,139.6491833
‰Y˜a‹æ,35.86845278,139.645375
‰Y˜a‹æ,35.86856667,139.6551472
‰Y˜a‹æ,35.86857778,139.6563194
‰Y˜a‹æ,35.86859167,139.6527
‰Y˜a‹æ,35.86860278,139.6468889
‰Y˜a‹æ,35.86860556,139.6608528
‰Y˜a‹æ,35.86866389,139.6481306
‰Y˜a‹æ,35.86870278,139.6424833
‰Y˜a‹æ,35.86871667,139.6505694
‰Y˜a‹æ,35.86877222,139.6539139
‰Y˜a‹æ,35.86877778,139.6439583
‰Y˜a‹æ,35.86882778,139.6627111
‰Y˜a‹æ,35.86893889,139.6591417
‰Y˜a‹æ,35.86898611,139.6556361
‰Y˜a‹æ,35.86899167,139.6487472
‰Y˜a‹æ,35.86901944,139.6498167
‰Y˜a‹æ,35.869025,139.6433722
‰Y˜a‹æ,35.86903611,139.6475389
‰Y˜a‹æ,35.86908889,139.6514167
‰Y˜a‹æ,35.86910278,139.6445583
‰Y˜a‹æ,35.86910833,139.6611111
‰Y˜a‹æ,35.86913056,139.6458306
‰Y˜a‹æ,35.86919444,139.6643833
‰Y˜a‹æ,35.86921389,139.6569333
‰Y˜a‹æ,35.86928333,139.6419444
‰Y˜a‹æ,35.8693,139.6522472
‰Y˜a‹æ,35.86930278,139.6581194
‰Y˜a‹æ,35.86934722,139.6502806
‰Y˜a‹æ,35.86938889,139.6492694
‰Y˜a‹æ,35.86941389,139.6638306
‰Y˜a‹æ,35.86941667,139.6453944
‰Y˜a‹æ,35.86951111,139.6593083
‰Y˜a‹æ,35.86952222,139.6548
‰Y˜a‹æ,35.86952778,139.6626139
‰Y˜a‹æ,35.86963889,139.6480833
‰Y˜a‹æ,35.86970833,139.6535194
‰Y˜a‹æ,35.86974722,139.6502222
‰Y˜a‹æ,35.869825,139.6460444
‰Y˜a‹æ,35.86988333,139.6437556
‰Y˜a‹æ,35.86989722,139.6577417
‰Y˜a‹æ,35.86994722,139.6606
‰Y˜a‹æ,35.86995278,139.6680694
‰Y˜a‹æ,35.87003333,139.6632333
‰Y˜a‹æ,35.87008611,139.6486639
‰Y˜a‹æ,35.87009722,139.6493778
‰Y˜a‹æ,35.87014722,139.6652083
‰Y˜a‹æ,35.87018333,139.6517056
‰Y˜a‹æ,35.87021944,139.6467833
‰Y˜a‹æ,35.87025833,139.6555806
‰Y˜a‹æ,35.87028056,139.6523444
‰Y˜a‹æ,35.87029722,139.6688194
‰Y˜a‹æ,35.87036944,139.6497833
‰Y˜a‹æ,35.87040556,139.6511167
‰Y˜a‹æ,35.87041389,139.6459028
‰Y˜a‹æ,35.87042222,139.6426167
‰Y˜a‹æ,35.87043889,139.6599194
‰Y˜a‹æ,35.87044444,139.6422139
‰Y˜a‹æ,35.87045,139.6626194
‰Y˜a‹æ,35.870475,139.653675
‰Y˜a‹æ,35.87048611,139.6574389
‰Y˜a‹æ,35.87049444,139.66695
‰Y˜a‹æ,35.87053333,139.6443583
‰Y˜a‹æ,35.87053333,139.6503667
‰Y˜a‹æ,35.87054167,139.6586667
‰Y˜a‹æ,35.87059444,139.6658778
‰Y˜a‹æ,35.87060556,139.6680667
‰Y˜a‹æ,35.87061944,139.6615333
‰Y˜a‹æ,35.87069167,139.6549944
‰Y˜a‹æ,35.87069444,139.6635917
‰Y˜a‹æ,35.87074167,139.6639556
‰Y˜a‹æ,35.87079444,139.648075
‰Y˜a‹æ,35.87079722,139.6665056
‰Y˜a‹æ,35.87080556,139.6650111
‰Y˜a‹æ,35.87086111,139.6694417
‰Y˜a‹æ,35.87101944,139.6425778
‰Y˜a‹æ,35.87110278,139.662225
‰Y˜a‹æ,35.87110278,139.6524556
‰Y˜a‹æ,35.87112778,139.6569222
‰Y˜a‹æ,35.87119167,139.6709222
‰Y˜a‹æ,35.87126389,139.6515528
‰Y˜a‹æ,35.87127222,139.6461722
‰Y˜a‹æ,35.871275,139.6493056
‰Y˜a‹æ,35.8713,139.6453833
‰Y˜a‹æ,35.87131111,139.6668722
‰Y˜a‹æ,35.87136389,139.6683722
‰Y˜a‹æ,35.8714,139.6617611
‰Y˜a‹æ,35.87144444,139.6607028
‰Y˜a‹æ,35.87144722,139.6475944
‰Y˜a‹æ,35.87145556,139.6636333
‰Y˜a‹æ,35.87145556,139.659475
‰Y˜a‹æ,35.87145556,139.6437333
‰Y˜a‹æ,35.87148333,139.6643333
‰Y˜a‹æ,35.8715,139.6623722
‰Y˜a‹æ,35.87152778,139.6655528
‰Y˜a‹æ,35.87156667,139.6530417
‰Y˜a‹æ,35.87156944,139.6552361
‰Y˜a‹æ,35.87159444,139.6505333
‰Y˜a‹æ,35.87159444,139.6552833
‰Y˜a‹æ,35.87166111,139.6678944
‰Y˜a‹æ,35.87168056,139.6687667
‰Y˜a‹æ,35.87168333,139.6666056
‰Y˜a‹æ,35.87171111,139.6542833
‰Y˜a‹æ,35.87171389,139.6583806
‰Y˜a‹æ,35.87171944,139.6699167
‰Y˜a‹æ,35.87176667,139.6445583
‰Y˜a‹æ,35.87185278,139.66725
‰Y˜a‹æ,35.87185556,139.6615222
‰Y˜a‹æ,35.87194167,139.6489556
‰Y˜a‹æ,35.87197083,139.6570814
‰Y˜a‹æ,35.87204028,139.6518544
‰Y˜a‹æ,35.87204167,139.6628944
‰Y˜a‹æ,35.8721,139.6495694
‰Y˜a‹æ,35.87211944,139.6597083
‰Y˜a‹æ,35.87215,139.6688139
‰Y˜a‹æ,35.87218056,139.6637028
‰Y˜a‹æ,35.87220556,139.6549222
‰Y˜a‹æ,35.87225556,139.6649167
‰Y˜a‹æ,35.87229167,139.6470417
‰Y˜a‹æ,35.87232222,139.6616778
‰Y˜a‹æ,35.87233611,139.6702167
‰Y˜a‹æ,35.87234167,139.666375
‰Y˜a‹æ,35.87237222,139.6417639
‰Y˜a‹æ,35.87245833,139.6454528
‰Y˜a‹æ,35.87249444,139.6524056
‰Y˜a‹æ,35.87251667,139.6609083
‰Y˜a‹æ,35.872525,139.6690611
‰Y˜a‹æ,35.87254722,139.6680222
‰Y˜a‹æ,35.87263611,139.6508694
‰Y˜a‹æ,35.87265278,139.66585
‰Y˜a‹æ,35.87266389,139.6541583
‰Y˜a‹æ,35.87271667,139.6565556
‰Y˜a‹æ,35.87277778,139.643025
‰Y˜a‹æ,35.87278056,139.6586278
‰Y˜a‹æ,35.87280833,139.6699028
‰Y˜a‹æ,35.87283889,139.6484972
‰Y˜a‹æ,35.87296944,139.65005
‰Y˜a‹æ,35.87302222,139.6573917
‰Y˜a‹æ,35.87305833,139.6443722
‰Y˜a‹æ,35.87309722,139.6592139
‰Y˜a‹æ,35.87313333,139.6650889
‰Y˜a‹æ,35.87313611,139.6551056
‰Y˜a‹æ,35.87315556,139.6636083
‰Y˜a‹æ,35.87318611,139.6474833
‰Y˜a‹æ,35.87323056,139.6625361
‰Y˜a‹æ,35.87324167,139.6603639
‰Y˜a‹æ,35.87324167,139.6694944
‰Y˜a‹æ,35.87338056,139.6531167
‰Y˜a‹æ,35.8734,139.6417694
‰Y˜a‹æ,35.87354444,139.6599694
‰Y˜a‹æ,35.87355833,139.6585389
‰Y˜a‹æ,35.87356111,139.67045
‰Y˜a‹æ,35.87356667,139.6673917
‰Y˜a‹æ,35.87357083,139.6561767
‰Y˜a‹æ,35.87358333,139.6489861
‰Y˜a‹æ,35.87358889,139.6511528
‰Y˜a‹æ,35.87361667,139.648125
‰Y˜a‹æ,35.87364444,139.6622694
‰Y˜a‹æ,35.87370833,139.6607333
‰Y˜a‹æ,35.87372222,139.6463472
‰Y˜a‹æ,35.87376667,139.6525528
‰Y˜a‹æ,35.87376944,139.6631361
‰Y˜a‹æ,35.87386111,139.6431722
‰Y˜a‹æ,35.87386389,139.6687861
‰Y˜a‹æ,35.87395278,139.6544944
‰Y˜a‹æ,35.873975,139.6502444
‰Y˜a‹æ,35.87398333,139.6470306
‰Y˜a‹æ,35.87406389,139.6702667
‰Y˜a‹æ,35.87409444,139.6595111
‰Y˜a‹æ,35.87414722,139.6572833
‰Y˜a‹æ,35.87421944,139.6658583
‰Y˜a‹æ,35.87425833,139.6444833
‰Y˜a‹æ,35.87437222,139.6633028
‰Y˜a‹æ,35.87439444,139.6591667
‰Y˜a‹æ,35.87443611,139.6648694
‰Y˜a‹æ,35.87446389,139.6534361
‰Y˜a‹æ,35.87448056,139.6518222
‰Y˜a‹æ,35.87450278,139.6577833
‰Y˜a‹æ,35.87453056,139.6670111
‰Y˜a‹æ,35.87456389,139.6601167
‰Y˜a‹æ,35.87456944,139.658925
‰Y˜a‹æ,35.87461944,139.6476417
‰Y˜a‹æ,35.87464167,139.6680417
‰Y˜a‹æ,35.87476111,139.6485417
‰Y˜a‹æ,35.87484722,139.6497611
‰Y˜a‹æ,35.87485833,139.6700806
‰Y˜a‹æ,35.87485833,139.6466472
‰Y˜a‹æ,35.87496944,139.6504444
‰Y˜a‹æ,35.87498611,139.6584083
‰Y˜a‹æ,35.87503056,139.6690972
‰Y˜a‹æ,35.87504722,139.6457444
‰Y˜a‹æ,35.87505278,139.6588389
‰Y˜a‹æ,35.87506667,139.6605
‰Y˜a‹æ,35.87508889,139.6537611
‰Y˜a‹æ,35.87509722,139.6526444
‰Y˜a‹æ,35.87510833,139.6572889
‰Y˜a‹æ,35.87518611,139.6623861
‰Y˜a‹æ,35.87524722,139.6612167
‰Y˜a‹æ,35.87526667,139.6631056
‰Y˜a‹æ,35.87528611,139.6432639
‰Y˜a‹æ,35.87529167,139.6596833
‰Y˜a‹æ,35.87531111,139.6643194
‰Y˜a‹æ,35.87536389,139.6658278
‰Y˜a‹æ,35.87548056,139.6473778
‰Y˜a‹æ,35.87553611,139.6514917
‰Y˜a‹æ,35.87554722,139.644375
‰Y˜a‹æ,35.87567222,139.6581472
‰Y˜a‹æ,35.87571111,139.6557667
‰Y˜a‹æ,35.87572222,139.6490889
‰Y˜a‹æ,35.87572778,139.6580083
‰Y˜a‹æ,35.87579444,139.6672583
‰Y˜a‹æ,35.87579722,139.6519444
‰Y˜a‹æ,35.87581944,139.6700472
‰Y˜a‹æ,35.87586111,139.6635806
‰Y˜a‹æ,35.87586389,139.6684139
‰Y˜a‹æ,35.87602222,139.6478361
‰Y˜a‹æ,35.87603889,139.6537944
‰Y˜a‹æ,35.87609444,139.6547444
‰Y˜a‹æ,35.87609444,139.6506472
‰Y˜a‹æ,35.87610278,139.6452583
‰Y˜a‹æ,35.87612778,139.6700861
‰Y˜a‹æ,35.87614444,139.6602444
‰Y˜a‹æ,35.87617222,139.6624528
‰Y˜a‹æ,35.87642222,139.6466583
‰Y˜a‹æ,35.87648333,139.666
‰Y˜a‹æ,35.876525,139.6470056
‰Y˜a‹æ,35.87660556,139.6552833
‰Y˜a‹æ,35.87661389,139.6610778
‰Y˜a‹æ,35.87662222,139.6647861
‰Y˜a‹æ,35.87665278,139.6594222
‰Y˜a‹æ,35.87666667,139.6496583
‰Y˜a‹æ,35.876675,139.6582778
‰Y˜a‹æ,35.87671389,139.6636056
‰Y˜a‹æ,35.87675,139.6574278
‰Y˜a‹æ,35.87676944,139.6559583
‰Y˜a‹æ,35.87683889,139.6479528
‰Y˜a‹æ,35.87684167,139.6536556
‰Y˜a‹æ,35.87693333,139.6508278
‰Y˜a‹æ,35.87693889,139.6508417
‰Y˜a‹æ,35.87695556,139.6574111
‰Y˜a‹æ,35.87697222,139.6697389
‰Y˜a‹æ,35.87701111,139.6598778
‰Y˜a‹æ,35.87703056,139.6448583
‰Y˜a‹æ,35.87703333,139.6448583
‰Y˜a‹æ,35.87709722,139.6623361
‰Y˜a‹æ,35.8772,139.6669722
‰Y˜a‹æ,35.87723333,139.6681194
‰Y˜a‹æ,35.87731111,139.6607889
‰Y˜a‹æ,35.87744444,139.6560583
‰Y˜a‹æ,35.87745556,139.6631306
‰Y˜a‹æ,35.87751111,139.6508722
‰Y˜a‹æ,35.87751667,139.6653028
‰Y˜a‹æ,35.87753333,139.6422056
‰Y˜a‹æ,35.87757222,139.6522111
‰Y˜a‹æ,35.87758333,139.6463194
‰Y˜a‹æ,35.87760556,139.6706056
‰Y˜a‹æ,35.87766389,139.6408667
‰Y˜a‹æ,35.87772222,139.6579944
‰Y˜a‹æ,35.87773611,139.6687333
‰Y˜a‹æ,35.87778889,139.6567722
‰Y˜a‹æ,35.87778889,139.6566917
‰Y˜a‹æ,35.87784722,139.6541639
‰Y˜a‹æ,35.877875,139.6477417
‰Y˜a‹æ,35.87791389,139.6585083
‰Y˜a‹æ,35.87794722,139.6641833
‰Y˜a‹æ,35.87804722,139.6565167
‰Y˜a‹æ,35.87806111,139.6693722
‰Y˜a‹æ,35.87809444,139.6411611
‰Y˜a‹æ,35.8781,139.6674861
‰Y˜a‹æ,35.878125,139.6593722
‰Y˜a‹æ,35.87823333,139.6488556
‰Y˜a‹æ,35.87824722,139.6559806
‰Y˜a‹æ,35.87828611,139.6661694
‰Y˜a‹æ,35.87829722,139.65005
‰Y˜a‹æ,35.87830278,139.6457083
‰Y˜a‹æ,35.87839444,139.6431333
‰Y˜a‹æ,35.8784,139.6442556
‰Y˜a‹æ,35.87843056,139.6473806
‰Y˜a‹æ,35.87843611,139.6457528
‰Y˜a‹æ,35.87846667,139.6716806
‰Y˜a‹æ,35.87859444,139.6687861
‰Y˜a‹æ,35.87864722,139.6703722
‰Y˜a‹æ,35.87865556,139.6612056
‰Y˜a‹æ,35.87865833,139.6612306
‰Y˜a‹æ,35.878675,139.6571306
‰Y˜a‹æ,35.87876389,139.6464361
‰Y˜a‹æ,35.87877778,139.6555306
‰Y˜a‹æ,35.87882778,139.6646361
‰Y˜a‹æ,35.87884722,139.6578278
‰Y˜a‹æ,35.87885833,139.6624778
‰Y˜a‹æ,35.87887778,139.6513444
‰Y˜a‹æ,35.8789,139.6415861
‰Y˜a‹æ,35.87890556,139.6675139
‰Y˜a‹æ,35.87898333,139.6490083
‰Y˜a‹æ,35.87900556,139.6657583
‰Y˜a‹æ,35.879025,139.6551778
‰Y˜a‹æ,35.87903611,139.6597583
‰Y˜a‹æ,35.87911667,139.6532306
‰Y˜a‹æ,35.87912222,139.6608389
‰Y˜a‹æ,35.87915278,139.6588778
‰Y˜a‹æ,35.87916389,139.6715194
‰Y˜a‹æ,35.87921389,139.669
‰Y˜a‹æ,35.87926944,139.6576167
‰Y˜a‹æ,35.87928611,139.6455833
‰Y˜a‹æ,35.87932778,139.6495611
‰Y˜a‹æ,35.87935,139.6638083
‰Y˜a‹æ,35.87941111,139.6700167
‰Y˜a‹æ,35.879475,139.6604361
‰Y˜a‹æ,35.87948056,139.6481861
‰Y˜a‹æ,35.879525,139.6617306
‰Y˜a‹æ,35.87968611,139.6710944
‰Y˜a‹æ,35.87968889,139.6670222
‰Y˜a‹æ,35.879725,139.6527917
‰Y˜a‹æ,35.87973889,139.6469722
‰Y˜a‹æ,35.87979444,139.6586083
‰Y˜a‹æ,35.87981944,139.6443306
‰Y˜a‹æ,35.87982222,139.6639778
‰Y˜a‹æ,35.87983056,139.6651139
‰Y˜a‹æ,35.87983611,139.6443194
‰Y˜a‹æ,35.87985833,139.64435
‰Y˜a‹æ,35.87989722,139.6555611
‰Y˜a‹æ,35.87996111,139.6499417
‰Y˜a‹æ,35.88004167,139.6590472
‰Y˜a‹æ,35.88010556,139.6543611
‰Y˜a‹æ,35.88010833,139.6542306
‰Y˜a‹æ,35.88011667,139.6536306
‰Y˜a‹æ,35.88011944,139.6660472
‰Y˜a‹æ,35.88015,139.6457194
‰Y˜a‹æ,35.88015833,139.6481917
‰Y˜a‹æ,35.88016111,139.6571333
‰Y˜a‹æ,35.88019722,139.6706528
‰Y˜a‹æ,35.88031944,139.6512
‰Y˜a‹æ,35.880325,139.6592944
‰Y˜a‹æ,35.88041389,139.6670111
‰Y˜a‹æ,35.88043333,139.6581722
‰Y˜a‹æ,35.88045,139.6542528
‰Y˜a‹æ,35.880475,139.6548389
‰Y˜a‹æ,35.88048611,139.6613889
‰Y˜a‹æ,35.88053333,139.6603833
‰Y˜a‹æ,35.88053333,139.6564694
‰Y˜a‹æ,35.88057222,139.6591778
‰Y˜a‹æ,35.88058333,139.6681667
‰Y˜a‹æ,35.88059444,139.6475
‰Y˜a‹æ,35.88060833,139.6518278
‰Y˜a‹æ,35.88060833,139.6463889
‰Y˜a‹æ,35.88061667,139.669075
‰Y˜a‹æ,35.880675,139.6530611
‰Y˜a‹æ,35.880675,139.644975
‰Y˜a‹æ,35.88068333,139.6626667
‰Y˜a‹æ,35.88071944,139.653175
‰Y˜a‹æ,35.880725,139.6659694
‰Y˜a‹æ,35.88074722,139.6527389
‰Y˜a‹æ,35.88076389,139.6495472
‰Y˜a‹æ,35.88079167,139.6430028
‰Y˜a‹æ,35.8809,139.6641722
‰Y˜a‹æ,35.88090833,139.665025
‰Y˜a‹æ,35.88093889,139.6416944
‰Y˜a‹æ,35.88098889,139.6599944
‰Y˜a‹æ,35.88100833,139.6693917
‰Y˜a‹æ,35.88103889,139.6506806
‰Y˜a‹æ,35.88105,139.6443028
‰Y˜a‹æ,35.88118056,139.6611861
‰Y˜a‹æ,35.88121111,139.6435556
‰Y˜a‹æ,35.88123611,139.6467778
‰Y˜a‹æ,35.8813,139.6521889
‰Y˜a‹æ,35.88130556,139.6604833
‰Y˜a‹æ,35.88130833,139.6678278
‰Y˜a‹æ,35.88131667,139.6588278
‰Y˜a‹æ,35.88133611,139.6476306
‰Y˜a‹æ,35.88136667,139.6635556
‰Y˜a‹æ,35.88136667,139.6665472
‰Y˜a‹æ,35.88138333,139.6492306
‰Y˜a‹æ,35.88141389,139.6540417
‰Y˜a‹æ,35.88146389,139.6549667
‰Y˜a‹æ,35.881475,139.6567056
‰Y˜a‹æ,35.88151389,139.65605
‰Y˜a‹æ,35.88153333,139.6459528
‰Y˜a‹æ,35.88156389,139.6516333
‰Y˜a‹æ,35.88161111,139.6624472
‰Y˜a‹æ,35.881625,139.6554639
‰Y˜a‹æ,35.88162778,139.6577083
‰Y˜a‹æ,35.88165556,139.6701722
‰Y˜a‹æ,35.88169722,139.6609889
‰Y˜a‹æ,35.88178611,139.6589944
‰Y˜a‹æ,35.88179444,139.669125
‰Y˜a‹æ,35.88179722,139.6669583
‰Y˜a‹æ,35.88182222,139.6517056
‰Y˜a‹æ,35.88188694,139.6444344
‰Y˜a‹æ,35.88189444,139.6423694
‰Y˜a‹æ,35.88192222,139.6597694
‰Y˜a‹æ,35.88196667,139.65257
‰Y˜a‹æ,35.88197778,139.6643278
‰Y˜a‹æ,35.88201667,139.6433611
‰Y˜a‹æ,35.882175,139.6421389
‰Y˜a‹æ,35.88218056,139.6590944
‰Y˜a‹æ,35.88221111,139.6410806
‰Y˜a‹æ,35.88228889,139.6509778
‰Y˜a‹æ,35.88229722,139.6465917
‰Y˜a‹æ,35.88231667,139.6480194
‰Y˜a‹æ,35.88231944,139.6684694
‰Y˜a‹æ,35.88233056,139.6515361
‰Y˜a‹æ,35.88233333,139.6622694
‰Y˜a‹æ,35.88233889,139.6491444
‰Y˜a‹æ,35.88234722,139.6428528
‰Y˜a‹æ,35.88235833,139.66955
‰Y˜a‹æ,35.88246111,139.6453528
‰Y˜a‹æ,35.88247778,139.6580944
‰Y˜a‹æ,35.88248056,139.6655944
‰Y˜a‹æ,35.88251389,139.6609083
‰Y˜a‹æ,35.88255556,139.6544889
‰Y˜a‹æ,35.88261389,139.6538306
‰Y˜a‹æ,35.88267222,139.6445167
‰Y˜a‹æ,35.88271667,139.6549778
‰Y˜a‹æ,35.88281389,139.6563444
‰Y˜a‹æ,35.88281667,139.6679333
‰Y˜a‹æ,35.88285278,139.6585556
‰Y˜a‹æ,35.88287222,139.6505722
‰Y˜a‹æ,35.88288333,139.6428222
‰Y˜a‹æ,35.88288333,139.6460667
‰Y˜a‹æ,35.88294167,139.6637278
‰Y˜a‹æ,35.88299167,139.6470333
‰Y˜a‹æ,35.88302222,139.6503056
‰Y˜a‹æ,35.88303333,139.6620194
‰Y˜a‹æ,35.88305,139.6593722
‰Y˜a‹æ,35.88311389,139.6537389
‰Y˜a‹æ,35.88312222,139.6653528
‰Y˜a‹æ,35.88314444,139.6571889
‰Y˜a‹æ,35.88315278,139.6438389
‰Y˜a‹æ,35.88316111,139.6415556
‰Y˜a‹æ,35.88318056,139.6517833
‰Y˜a‹æ,35.88321389,139.6555583
‰Y˜a‹æ,35.88323056,139.6422806
‰Y˜a‹æ,35.88325,139.6486472
‰Y˜a‹æ,35.88325,139.6667694
‰Y˜a‹æ,35.88328056,139.6609806
‰Y˜a‹æ,35.88329167,139.6531417
‰Y˜a‹æ,35.88332778,139.6600472
‰Y˜a‹æ,35.88333056,139.6396778
‰Y˜a‹æ,35.88340556,139.6396667
‰Y˜a‹æ,35.883425,139.6396611
‰Y˜a‹æ,35.88346111,139.6681861
‰Y˜a‹æ,35.883475,139.6451667
‰Y˜a‹æ,35.88348056,139.6684361
‰Y˜a‹æ,35.88348611,139.6684222
‰Y˜a‹æ,35.88348889,139.6684361
‰Y˜a‹æ,35.88348889,139.6684111
‰Y˜a‹æ,35.88351667,139.6499056
‰Y˜a‹æ,35.88355833,139.6508278
‰Y˜a‹æ,35.88358611,139.6648667
‰Y˜a‹æ,35.88365833,139.6634167
‰Y˜a‹æ,35.88366111,139.6579167
‰Y˜a‹æ,35.88366944,139.6508944
‰Y˜a‹æ,35.88368056,139.647725
‰Y˜a‹æ,35.883725,139.6463167
‰Y˜a‹æ,35.88373611,139.643975
‰Y˜a‹æ,35.88374167,139.6544444
‰Y˜a‹æ,35.88380556,139.6493611
‰Y˜a‹æ,35.88384722,139.6624694
‰Y˜a‹æ,35.88391667,139.6520806
‰Y˜a‹æ,35.88395833,139.660175
‰Y˜a‹æ,35.88400278,139.6559917
‰Y˜a‹æ,35.88402222,139.6518472
‰Y˜a‹æ,35.88404444,139.6532694
‰Y˜a‹æ,35.88409167,139.6506444
‰Y˜a‹æ,35.88409444,139.6552167
‰Y˜a‹æ,35.88416111,139.6459556
‰Y˜a‹æ,35.88416111,139.6660417
‰Y˜a‹æ,35.88416111,139.657
‰Y˜a‹æ,35.88421667,139.6433833
‰Y˜a‹æ,35.88427222,139.6480028
‰Y˜a‹æ,35.88429444,139.6489861
‰Y˜a‹æ,35.88430278,139.6544417
‰Y˜a‹æ,35.88430833,139.66725
‰Y˜a‹æ,35.88434167,139.6599667
‰Y˜a‹æ,35.88437222,139.6448056
‰Y˜a‹æ,35.88438889,139.6634306
‰Y˜a‹æ,35.88439167,139.6588611
‰Y˜a‹æ,35.88440556,139.6365778
‰Y˜a‹æ,35.88440833,139.6415056
‰Y˜a‹æ,35.88441111,139.6609194
‰Y˜a‹æ,35.88441944,139.6619167
‰Y˜a‹æ,35.88446111,139.6577333
‰Y˜a‹æ,35.884475,139.6365222
‰Y˜a‹æ,35.88454722,139.6533111
‰Y˜a‹æ,35.88455278,139.6642
‰Y˜a‹æ,35.88456389,139.6641861
‰Y˜a‹æ,35.88456389,139.6641917
‰Y˜a‹æ,35.88466111,139.6389833
‰Y˜a‹æ,35.88470833,139.6487472
‰Y˜a‹æ,35.88475556,139.6471083
‰Y˜a‹æ,35.88481389,139.6520806
‰Y˜a‹æ,35.88483611,139.654475
‰Y˜a‹æ,35.88485278,139.6656056
‰Y˜a‹æ,35.88485556,139.6562944
‰Y˜a‹æ,35.88488889,139.666475
‰Y˜a‹æ,35.88490833,139.6670306
‰Y˜a‹æ,35.88492222,139.6678917
‰Y˜a‹æ,35.88500278,139.6427361
‰Y˜a‹æ,35.88505,139.6643111
‰Y˜a‹æ,35.88509444,139.6572778
‰Y˜a‹æ,35.88509722,139.6608194
‰Y˜a‹æ,35.88511667,139.6450111
‰Y˜a‹æ,35.88512778,139.6499056
‰Y˜a‹æ,35.88514167,139.6559167
‰Y˜a‹æ,35.88516667,139.6597889
‰Y˜a‹æ,35.8852,139.6410444
‰Y˜a‹æ,35.88520556,139.6586278
‰Y˜a‹æ,35.88521389,139.651225
‰Y˜a‹æ,35.885225,139.6619556
‰Y˜a‹æ,35.88524444,139.6483278
‰Y˜a‹æ,35.88525,139.642775
‰Y˜a‹æ,35.88529444,139.6631083
‰Y˜a‹æ,35.88531667,139.64275
‰Y˜a‹æ,35.88536111,139.6438889
‰Y˜a‹æ,35.88537778,139.6419944
‰Y˜a‹æ,35.88538333,139.6654056
‰Y˜a‹æ,35.88545,139.655125
‰Y˜a‹æ,35.88551111,139.6534194
‰Y˜a‹æ,35.88556111,139.6517306
‰Y˜a‹æ,35.88557222,139.661
‰Y˜a‹æ,35.88557222,139.6627667
‰Y˜a‹æ,35.88558889,139.6410222
‰Y˜a‹æ,35.88559444,139.6595111
‰Y˜a‹æ,35.88564167,139.6407194
‰Y˜a‹æ,35.88578333,139.6464444
‰Y˜a‹æ,35.88578889,139.6584389
‰Y˜a‹æ,35.88583333,139.6640556
‰Y˜a‹æ,35.88588056,139.6481583
‰Y˜a‹æ,35.88591944,139.6618333
‰Y˜a‹æ,35.88591944,139.6472722
‰Y˜a‹æ,35.885925,139.652325
‰Y˜a‹æ,35.88595556,139.6379639
‰Y˜a‹æ,35.88606667,139.6371194
‰Y˜a‹æ,35.88612222,139.6558556
‰Y˜a‹æ,35.88612778,139.6503861
‰Y˜a‹æ,35.88613333,139.6665194
‰Y˜a‹æ,35.88615,139.6493056
‰Y˜a‹æ,35.88621667,139.6423917
‰Y˜a‹æ,35.88626389,139.6627583
‰Y˜a‹æ,35.88630278,139.6546972
‰Y˜a‹æ,35.88633333,139.645025
‰Y˜a‹æ,35.88643889,139.6644111
‰Y˜a‹æ,35.88647222,139.6590639
‰Y˜a‹æ,35.88649722,139.6530444
‰Y˜a‹æ,35.88652222,139.6608917
‰Y˜a‹æ,35.88655833,139.6512167
‰Y˜a‹æ,35.88656389,139.6599667
‰Y˜a‹æ,35.88667778,139.6463861
‰Y˜a‹æ,35.88679167,139.6522167
‰Y˜a‹æ,35.88681944,139.6473361
‰Y˜a‹æ,35.88714444,139.6560944
‰Y˜a‹æ,35.88718611,139.6507
‰Y˜a‹æ,35.88726944,139.6615972
‰Y˜a‹æ,35.88736944,139.6551639
‰Y˜a‹æ,35.88745833,139.6518472
‰Y˜a‹æ,35.88765556,139.6525944
‰Y˜a‹æ,35.88767778,139.65225
‰Y˜a‹æ,35.88769444,139.6456111
‰Y˜a‹æ,35.88779444,139.6510861
‰Y˜a‹æ,35.88779722,139.6563111
‰Y˜a‹æ,35.88799167,139.6537778
‰Y˜a‹æ,35.88837778,139.6554917
‰Y˜a‹æ,35.88842778,139.6531806
‰Y˜a‹æ,35.8885,139.654775
‰Y˜a‹æ,35.88865833,139.6509944
‰Y˜a‹æ,35.8887,139.656475
‰Y˜a‹æ,35.889025,139.6543444
‰Y˜a‹æ,35.88910833,139.6550422
‰Y˜a‹æ,35.88916111,139.6500861
‰Y˜a‹æ,35.88921944,139.6466333
‰Y˜a‹æ,35.88944444,139.6506417
‰Y˜a‹æ,35.88950556,139.6571139
‰Y˜a‹æ,35.88981944,139.6504111
‰Y˜a‹æ,35.89005,139.6564389
‰Y˜a‹æ,35.8904,139.657125
‰Y˜a‹æ,35.89041667,139.6571361
‰Y˜a‹æ,35.89069167,139.6571083
‰Y˜a‹æ,35.89081389,139.6517639
‰Y˜a‹æ,35.89095833,139.655325
“ì‹æ,35.82573056,139.6644417
“ì‹æ,35.82614722,139.6661972
“ì‹æ,35.82649167,139.6644722
“ì‹æ,35.82656389,139.6473972
“ì‹æ,35.82673889,139.6668833
“ì‹æ,35.82680278,139.6345778
“ì‹æ,35.82685,139.6486139
“ì‹æ,35.82699167,139.6652972
“ì‹æ,35.82726111,139.6463389
“ì‹æ,35.82737222,139.6472578
“ì‹æ,35.82738611,139.6643361
“ì‹æ,35.82742222,139.667025
“ì‹æ,35.82744722,139.6661806
“ì‹æ,35.82746667,139.6330917
“ì‹æ,35.82758056,139.6344444
“ì‹æ,35.82764722,139.636175
“ì‹æ,35.82768056,139.6354722
“ì‹æ,35.827725,139.6481528
“ì‹æ,35.82780972,139.6639961
“ì‹æ,35.82788333,139.6471333
“ì‹æ,35.82801389,139.6455333
“ì‹æ,35.82802222,139.6655028
“ì‹æ,35.82803889,139.6391917
“ì‹æ,35.82808278,139.6330483
“ì‹æ,35.82811111,139.6663361
“ì‹æ,35.82812222,139.6659583
“ì‹æ,35.82816389,139.6322472
“ì‹æ,35.828275,139.6637167
“ì‹æ,35.82828889,139.6464611
“ì‹æ,35.82835833,139.6403056
“ì‹æ,35.82835833,139.6477333
“ì‹æ,35.828425,139.6441806
“ì‹æ,35.82844167,139.6390278
“ì‹æ,35.82848333,139.6666944
“ì‹æ,35.82858889,139.635425
“ì‹æ,35.828625,139.645225
“ì‹æ,35.82868333,139.6689056
“ì‹æ,35.82872222,139.6401722
“ì‹æ,35.82875833,139.6425111
“ì‹æ,35.82884444,139.6364222
“ì‹æ,35.82889444,139.6458917
“ì‹æ,35.82890556,139.632675
“ì‹æ,35.82895556,139.6653639
“ì‹æ,35.82913333,139.6695167
“ì‹æ,35.82914444,139.6338083
“ì‹æ,35.82915833,139.6496694
“ì‹æ,35.82928056,139.6472389
“ì‹æ,35.82928611,139.6485778
“ì‹æ,35.82929167,139.637475
“ì‹æ,35.8293,139.6313167
“ì‹æ,35.82930639,139.6629094
“ì‹æ,35.82934722,139.6386778
“ì‹æ,35.8294,139.6650333
“ì‹æ,35.829425,139.6635528
“ì‹æ,35.82943056,139.6410778
“ì‹æ,35.82943889,139.6594111
“ì‹æ,35.82954167,139.6357417
“ì‹æ,35.82957222,139.6677944
“ì‹æ,35.82957778,139.666675
“ì‹æ,35.8296,139.6666806
“ì‹æ,35.82963333,139.6464361
“ì‹æ,35.82968611,139.6691639
“ì‹æ,35.82978056,139.635075
“ì‹æ,35.82978889,139.6350778
“ì‹æ,35.82980556,139.6438917
“ì‹æ,35.82981667,139.6421778
“ì‹æ,35.82981944,139.6377639
“ì‹æ,35.82985833,139.6446417
“ì‹æ,35.82989722,139.6508889
“ì‹æ,35.82993056,139.6496444
“ì‹æ,35.82999444,139.6309528
“ì‹æ,35.83000833,139.6296667
“ì‹æ,35.83002778,139.6321806
“ì‹æ,35.83003611,139.6590139
“ì‹æ,35.83010556,139.6365528
“ì‹æ,35.83011667,139.6703194
“ì‹æ,35.830125,139.6383694
“ì‹æ,35.83013611,139.6634278
“ì‹æ,35.83014444,139.6395944
“ì‹æ,35.83017778,139.6609583
“ì‹æ,35.83019722,139.6333333
“ì‹æ,35.830325,139.6644611
“ì‹æ,35.83036111,139.6794444
“ì‹æ,35.83036667,139.6627556
“ì‹æ,35.83041111,139.6370167
“ì‹æ,35.83042222,139.6600694
“ì‹æ,35.83045278,139.658175
“ì‹æ,35.83053611,139.6467778
“ì‹æ,35.83056667,139.6675472
“ì‹æ,35.83058056,139.6688194
“ì‹æ,35.83059167,139.662
“ì‹æ,35.83062222,139.6407417
“ì‹æ,35.83064167,139.6524667
“ì‹æ,35.83064722,139.6666083
“ì‹æ,35.83065556,139.6306417
“ì‹æ,35.83069167,139.645375
“ì‹æ,35.8307,139.6784667
“ì‹æ,35.83073056,139.6480222
“ì‹æ,35.83073056,139.6393611
“ì‹æ,35.83074167,139.6416944
“ì‹æ,35.83075833,139.6798722
“ì‹æ,35.8308,139.6780056
“ì‹æ,35.83081111,139.6381889
“ì‹æ,35.83086111,139.6505222
“ì‹æ,35.83092778,139.6360417
“ì‹æ,35.83095,139.6651278
“ì‹æ,35.83105278,139.6432889
“ì‹æ,35.83109722,139.6693133
“ì‹æ,35.83115556,139.6370222
“ì‹æ,35.83115833,139.6514583
“ì‹æ,35.83116944,139.6791528
“ì‹æ,35.83119444,139.642175
“ì‹æ,35.83126667,139.6469611
“ì‹æ,35.83127222,139.6708556
“ì‹æ,35.83128611,139.6782778
“ì‹æ,35.83130833,139.6291028
“ì‹æ,35.83132778,139.6627583
“ì‹æ,35.83133056,139.6753139
“ì‹æ,35.83134444,139.6584306
“ì‹æ,35.83149722,139.6522556
“ì‹æ,35.83150556,139.6658972
“ì‹æ,35.83150556,139.6445861
“ì‹æ,35.83150833,139.6637694
“ì‹æ,35.83151389,139.6646778
“ì‹æ,35.83155278,139.6315639
“ì‹æ,35.83163333,139.6542194
“ì‹æ,35.83164722,139.6486139
“ì‹æ,35.83167222,139.6463278
“ì‹æ,35.83171389,139.6330306
“ì‹æ,35.83172222,139.6668417
“ì‹æ,35.831725,139.6384278
“ì‹æ,35.83174722,139.6532167
“ì‹æ,35.83176389,139.6408694
“ì‹æ,35.83180556,139.6475722
“ì‹æ,35.83180667,139.659365
“ì‹æ,35.83185278,139.6577917
“ì‹æ,35.83187222,139.6796083
“ì‹æ,35.83189722,139.650075
“ì‹æ,35.83194444,139.6522611
“ì‹æ,35.83198056,139.6760722
“ì‹æ,35.83200556,139.6699944
“ì‹æ,35.83200556,139.6689139
“ì‹æ,35.83202778,139.6634
“ì‹æ,35.83209444,139.6396667
“ì‹æ,35.83214722,139.6428417
“ì‹æ,35.83215556,139.6359444
“ì‹æ,35.83218889,139.637875
“ì‹æ,35.83223611,139.6452333
“ì‹æ,35.83225833,139.6574361
“ì‹æ,35.83230278,139.6740861
“ì‹æ,35.83233889,139.6298806
“ì‹æ,35.83235,139.6776722
“ì‹æ,35.83236667,139.6329806
“ì‹æ,35.83238333,139.6488194
“ì‹æ,35.83241111,139.6758222
“ì‹æ,35.83241944,139.6421861
“ì‹æ,35.83244444,139.6605167
“ì‹æ,35.83244444,139.6615667
“ì‹æ,35.83247778,139.6749778
“ì‹æ,35.83247778,139.6310778
“ì‹æ,35.83250556,139.6276722
“ì‹æ,35.83255833,139.660875
“ì‹æ,35.83257778,139.6666361
“ì‹æ,35.83263333,139.6593944
“ì‹æ,35.83263333,139.6499278
“ì‹æ,35.83263611,139.6674861
“ì‹æ,35.83264722,139.6659667
“ì‹æ,35.83265,139.6517889
“ì‹æ,35.83265,139.6528889
“ì‹æ,35.83266389,139.6386472
“ì‹æ,35.83267222,139.6715278
“ì‹æ,35.83267778,139.6352028
“ì‹æ,35.83268333,139.6386389
“ì‹æ,35.83270556,139.6584694
“ì‹æ,35.83274167,139.6632333
“ì‹æ,35.83276111,139.6464833
“ì‹æ,35.83276667,139.6285194
“ì‹æ,35.83282222,139.6768222
“ì‹æ,35.83286389,139.6537222
“ì‹æ,35.83288889,139.6445306
“ì‹æ,35.83289444,139.6647111
“ì‹æ,35.83291389,139.6727083
“ì‹æ,35.83292222,139.6759028
“ì‹æ,35.83296389,139.641
“ì‹æ,35.83299167,139.6691167
“ì‹æ,35.83300278,139.6480722
“ì‹æ,35.83301111,139.6346389
“ì‹æ,35.83308056,139.6684194
“ì‹æ,35.83308333,139.6273917
“ì‹æ,35.83311667,139.6506972
“ì‹æ,35.83313056,139.6434528
“ì‹æ,35.83318056,139.6398417
“ì‹æ,35.83320556,139.6784472
“ì‹æ,35.83325278,139.6294722
“ì‹æ,35.83326111,139.6524306
“ì‹æ,35.83327778,139.6371306
“ì‹æ,35.83339167,139.6305917
“ì‹æ,35.83339722,139.6704917
“ì‹æ,35.83342778,139.6594722
“ì‹æ,35.83342778,139.6424333
“ì‹æ,35.83347778,139.6714556
“ì‹æ,35.83348333,139.6578222
“ì‹æ,35.83348333,139.63825
“ì‹æ,35.83349722,139.6533194
“ì‹æ,35.83351667,139.6320167
“ì‹æ,35.83351944,139.6469306
“ì‹æ,35.83353056,139.6674667
“ì‹æ,35.83355833,139.6618361
“ì‹æ,35.83360556,139.6391139
“ì‹æ,35.83362778,139.6737889
“ì‹æ,35.83371667,139.6398417
“ì‹æ,35.83372222,139.63465
“ì‹æ,35.83379722,139.6544167
“ì‹æ,35.83381667,139.6634278
“ì‹æ,35.833825,139.6451056
“ì‹æ,35.83383056,139.6764417
“ì‹æ,35.83385556,139.6322
“ì‹æ,35.83389444,139.6439167
“ì‹æ,35.83390833,139.6568417
“ì‹æ,35.83391667,139.63365
“ì‹æ,35.83392778,139.6659083
“ì‹æ,35.83393333,139.6411389
“ì‹æ,35.83395,139.6363167
“ì‹æ,35.83395556,139.6396639
“ì‹æ,35.83395556,139.6492389
“ì‹æ,35.833975,139.6683111
“ì‹æ,35.833975,139.6316528
“ì‹æ,35.83402778,139.6755917
“ì‹æ,35.83405278,139.6699306
“ì‹æ,35.83406667,139.66685
“ì‹æ,35.83408889,139.6458333
“ì‹æ,35.83410278,139.6381417
“ì‹æ,35.83410833,139.6276139
“ì‹æ,35.83415556,139.6352694
“ì‹æ,35.83415833,139.6512056
“ì‹æ,35.83419167,139.6651167
“ì‹æ,35.83419444,139.6552028
“ì‹æ,35.83420833,139.6396083
“ì‹æ,35.83421111,139.6714389
“ì‹æ,35.834225,139.6601694
“ì‹æ,35.83423611,139.67225
“ì‹æ,35.83426389,139.6290222
“ì‹æ,35.83428333,139.643325
“ì‹æ,35.83432222,139.6616778
“ì‹æ,35.83435,139.6302444
“ì‹æ,35.83439167,139.6475361
“ì‹æ,35.83442222,139.6370417
“ì‹æ,35.83449444,139.6660083
“ì‹æ,35.83451667,139.6780139
“ì‹æ,35.83454167,139.632
“ì‹æ,35.83455,139.6501306
“ì‹æ,35.83458056,139.6590444
“ì‹æ,35.83458056,139.6735056
“ì‹æ,35.83458611,139.6453139
“ì‹æ,35.83461944,139.6691833
“ì‹æ,35.83463889,139.6575861
“ì‹æ,35.83464722,139.6626361
“ì‹æ,35.83468889,139.6382917
“ì‹æ,35.8347,139.6422972
“ì‹æ,35.83476111,139.6761472
“ì‹æ,35.83476389,139.6357222
“ì‹æ,35.83478056,139.6745417
“ì‹æ,35.83481944,139.6673389
“ì‹æ,35.83481944,139.6715833
“ì‹æ,35.83484444,139.6471111
“ì‹æ,35.8349,139.6342806
“ì‹æ,35.83491111,139.6343056
“ì‹æ,35.83491667,139.6608972
“ì‹æ,35.83493889,139.6398028
“ì‹æ,35.83494722,139.670475
“ì‹æ,35.83496944,139.6752056
“ì‹æ,35.83498056,139.630575
“ì‹æ,35.83498333,139.6559889
“ì‹æ,35.83500278,139.6440278
“ì‹æ,35.83508056,139.6486972
“ì‹æ,35.83509444,139.6653028
“ì‹æ,35.83511667,139.6740722
“ì‹æ,35.83511667,139.6425806
“ì‹æ,35.835125,139.6325972
“ì‹æ,35.83515,139.6411389
“ì‹æ,35.83515556,139.6389806
“ì‹æ,35.83516667,139.6293056
“ì‹æ,35.835175,139.6446361
“ì‹æ,35.83518611,139.6629611
“ì‹æ,35.83518889,139.6769472
“ì‹æ,35.83520278,139.6685417
“ì‹æ,35.83531389,139.6362361
“ì‹æ,35.83531389,139.6458694
“ì‹æ,35.835325,139.6641167
“ì‹æ,35.83536389,139.6377444
“ì‹æ,35.83539167,139.65735
“ì‹æ,35.835425,139.6399806
“ì‹æ,35.83542778,139.659925
“ì‹æ,35.83552222,139.678575
“ì‹æ,35.83552222,139.6506389
“ì‹æ,35.835525,139.6673972
“ì‹æ,35.83553333,139.6696083
“ì‹æ,35.83555,139.658925
“ì‹æ,35.83560278,139.6308083
“ì‹æ,35.83563889,139.6314917
“ì‹æ,35.83564167,139.6662528
“ì‹æ,35.83564167,139.6749083
“ì‹æ,35.83572222,139.6372889
“ì‹æ,35.83574444,139.6410194
“ì‹æ,35.83577778,139.66405
“ì‹æ,35.83580833,139.6704528
“ì‹æ,35.83583889,139.6485056
“ì‹æ,35.83584167,139.6561944
“ì‹æ,35.83584444,139.6724556
“ì‹æ,35.83585278,139.6632917
“ì‹æ,35.83593889,139.6681667
“ì‹æ,35.836025,139.6570972
“ì‹æ,35.83605833,139.6775472
“ì‹æ,35.83606944,139.6652639
“ì‹æ,35.83607222,139.6738167
“ì‹æ,35.83610833,139.6694389
“ì‹æ,35.83615,139.6474972
“ì‹æ,35.83615278,139.6766222
“ì‹æ,35.83616944,139.6434028
“ì‹æ,35.83618056,139.6321806
“ì‹æ,35.83619722,139.6538222
“ì‹æ,35.8362,139.6419917
“ì‹æ,35.83620833,139.6483694
“ì‹æ,35.83623889,139.6673194
“ì‹æ,35.83624722,139.6549944
“ì‹æ,35.83626111,139.6598167
“ì‹æ,35.83630833,139.6467278
“ì‹æ,35.83631389,139.6755222
“ì‹æ,35.83637222,139.658475
“ì‹æ,35.836375,139.6450806
“ì‹æ,35.83640556,139.6563528
“ì‹æ,35.83643889,139.6380361
“ì‹æ,35.83644167,139.6577222
“ì‹æ,35.83653333,139.6704639
“ì‹æ,35.83663333,139.6594694
“ì‹æ,35.83663333,139.6657806
“ì‹æ,35.83665833,139.6640917
“ì‹æ,35.83666944,139.6700167
“ì‹æ,35.83669444,139.6543528
“ì‹æ,35.83670833,139.6634417
“ì‹æ,35.83675556,139.6713639
“ì‹æ,35.83677222,139.65015
“ì‹æ,35.83678889,139.6687861
“ì‹æ,35.83682222,139.6394889
“ì‹æ,35.83682778,139.6481278
“ì‹æ,35.83683889,139.6529083
“ì‹æ,35.83686944,139.6472389
“ì‹æ,35.83687778,139.6644722
“ì‹æ,35.83689444,139.6725444
“ì‹æ,35.8369,139.6444806
“ì‹æ,35.83690833,139.6772778
“ì‹æ,35.83691389,139.6787167
“ì‹æ,35.83697222,139.6622861
“ì‹æ,35.837,139.6734583
“ì‹æ,35.83703056,139.6609611
“ì‹æ,35.83705,139.6404972
“ì‹æ,35.83709167,139.6357722
“ì‹æ,35.83711944,139.6464556
“ì‹æ,35.83721389,139.6571972
“ì‹æ,35.83723056,139.6811667
“ì‹æ,35.83723889,139.6694583
“ì‹æ,35.83725833,139.6747306
“ì‹æ,35.83727222,139.6674167
“ì‹æ,35.83730833,139.671325
“ì‹æ,35.83730833,139.6366028
“ì‹æ,35.83733889,139.6635083
“ì‹æ,35.83735278,139.6596083
“ì‹æ,35.83735833,139.6391639
“ì‹æ,35.83738056,139.6430056
“ì‹æ,35.83738333,139.655125
“ì‹æ,35.837425,139.6665333
“ì‹æ,35.83748611,139.6653056
“ì‹æ,35.83750833,139.6703333
“ì‹æ,35.83753611,139.6416417
“ì‹æ,35.83755361,139.6562061
“ì‹æ,35.83758611,139.6604917
“ì‹æ,35.83758611,139.675625
“ì‹æ,35.8376,139.6377194
“ì‹æ,35.83765556,139.6742028
“ì‹æ,35.83766667,139.6643306
“ì‹æ,35.83769444,139.6625472
“ì‹æ,35.83774444,139.6588972
“ì‹æ,35.83775556,139.6612667
“ì‹æ,35.83777222,139.6437472
“ì‹æ,35.83781389,139.6454639
“ì‹æ,35.83789444,139.6635333
“ì‹æ,35.83792222,139.6777333
“ì‹æ,35.837925,139.6477361
“ì‹æ,35.83794722,139.6520417
“ì‹æ,35.83798611,139.6767167
“ì‹æ,35.83799167,139.639125
“ì‹æ,35.83801944,139.6607
“ì‹æ,35.83804167,139.6711972
“ì‹æ,35.83811389,139.6802556
“ì‹æ,35.83812639,139.66751
“ì‹æ,35.83814167,139.6758222
“ì‹æ,35.83818333,139.6581861
“ì‹æ,35.83821111,139.6533694
“ì‹æ,35.83821667,139.6663889
“ì‹æ,35.83821944,139.6655472
“ì‹æ,35.83822222,139.6533694
“ì‹æ,35.83826111,139.6785833
“ì‹æ,35.83827222,139.6397778
“ì‹æ,35.83829167,139.6495889
“ì‹æ,35.83830278,139.6560694
“ì‹æ,35.83831111,139.6460139
“ì‹æ,35.83841389,139.6720028
“ì‹æ,35.83842778,139.6690083
“ì‹æ,35.8384675,139.6548703
“ì‹æ,35.83846944,139.660225
“ì‹æ,35.83856389,139.6699111
“ì‹æ,35.83856944,139.6597778
“ì‹æ,35.83858333,139.6526222
“ì‹æ,35.83866667,139.6408694
“ì‹æ,35.838675,139.6576667
“ì‹æ,35.83871667,139.6502
“ì‹æ,35.83873611,139.6637056
“ì‹æ,35.83873889,139.6540361
“ì‹æ,35.83874722,139.6709528
“ì‹æ,35.83875,139.6618417
“ì‹æ,35.83879167,139.6628944
“ì‹æ,35.83880833,139.6737278
“ì‹æ,35.83884444,139.6594694
“ì‹æ,35.83885556,139.6589972
“ì‹æ,35.83888611,139.6433222
“ì‹æ,35.83889722,139.6728472
“ì‹æ,35.83890556,139.6420806
“ì‹æ,35.83891667,139.676275
“ì‹æ,35.838925,139.6427333
“ì‹æ,35.83894444,139.6471806
“ì‹æ,35.83895556,139.6770111
“ì‹æ,35.83898333,139.6749083
“ì‹æ,35.83898333,139.6510972
“ì‹æ,35.83902778,139.6461361
“ì‹æ,35.83904444,139.6667583
“ì‹æ,35.83920556,139.6677083
“ì‹æ,35.83925278,139.6445611
“ì‹æ,35.83927222,139.6608778
“ì‹æ,35.83927222,139.6590167
“ì‹æ,35.83935,139.6695861
“ì‹æ,35.83938333,139.6396389
“ì‹æ,35.83938889,139.6718
“ì‹æ,35.83948056,139.6567139
“ì‹æ,35.839525,139.6553278
“ì‹æ,35.83953889,139.6623611
“ì‹æ,35.83953889,139.6490861
“ì‹æ,35.83954722,139.6638306
“ì‹æ,35.83956944,139.6773194
“ì‹æ,35.83957778,139.6522972
“ì‹æ,35.83957778,139.6405639
“ì‹æ,35.83961111,139.6657317
“ì‹æ,35.83963333,139.6758528
“ì‹æ,35.83966667,139.6541561
“ì‹æ,35.83969167,139.6652333
“ì‹æ,35.83969722,139.6483972
“ì‹æ,35.8397,139.6428528
“ì‹æ,35.83970556,139.6581611
“ì‹æ,35.83970833,139.6691833
“ì‹æ,35.83974167,139.6669889
“ì‹æ,35.83977222,139.6735694
“ì‹æ,35.83979722,139.6704639
“ì‹æ,35.83987778,139.6508056
“ì‹æ,35.83988056,139.6416806
“ì‹æ,35.83993056,139.6532694
“ì‹æ,35.83994722,139.6721
“ì‹æ,35.83995833,139.6783917
“ì‹æ,35.84000278,139.660025
“ì‹æ,35.84000556,139.67435
“ì‹æ,35.84001944,139.6627944
“ì‹æ,35.84006667,139.6733444
“ì‹æ,35.84009444,139.6460028
“ì‹æ,35.84015278,139.6518778
“ì‹æ,35.84016667,139.6752056
“ì‹æ,35.84022222,139.6385972
“ì‹æ,35.84023611,139.6619278
“ì‹æ,35.84026111,139.6577444
“ì‹æ,35.84026944,139.6468528
“ì‹æ,35.84028889,139.6572472
“ì‹æ,35.84030556,139.6441083
“ì‹æ,35.84035278,139.6779333
“ì‹æ,35.84036667,139.676375
“ì‹æ,35.84036667,139.6555922
“ì‹æ,35.84041389,139.6394639
“ì‹æ,35.84045278,139.6611167
“ì‹æ,35.84046667,139.674975
“ì‹æ,35.84055278,139.6739278
“ì‹æ,35.84060833,139.6475722
“ì‹æ,35.84061111,139.6405806
“ì‹æ,35.84064444,139.6678222
“ì‹æ,35.84065278,139.659225
“ì‹æ,35.84071111,139.6448167
“ì‹æ,35.84072222,139.6605833
“ì‹æ,35.84075,139.6714972
“ì‹æ,35.84079167,139.6674778
“ì‹æ,35.84081944,139.6484139
“ì‹æ,35.84082222,139.6418222
“ì‹æ,35.84083333,139.6429167
“ì‹æ,35.84083611,139.6657333
“ì‹æ,35.84090833,139.6545806
“ì‹æ,35.84095278,139.651625
“ì‹æ,35.84098889,139.6636361
“ì‹æ,35.84099722,139.6563611
“ì‹æ,35.84103889,139.6584778
“ì‹æ,35.84105278,139.6558278
“ì‹æ,35.84107778,139.6699056
“ì‹æ,35.84112778,139.6686333
“ì‹æ,35.84112778,139.6407861
“ì‹æ,35.84117778,139.6732278
“ì‹æ,35.84121944,139.6744028
“ì‹æ,35.84124167,139.6799139
“ì‹æ,35.84124722,139.652325
“ì‹æ,35.84124722,139.6597056
“ì‹æ,35.84125,139.6609889
“ì‹æ,35.84127222,139.6623944
“ì‹æ,35.84138056,139.6498111
“ì‹æ,35.84140278,139.6787528
“ì‹æ,35.84141389,139.6735528
“ì‹æ,35.84143333,139.6398944
“ì‹æ,35.84143889,139.6461583
“ì‹æ,35.84155556,139.6620778
“ì‹æ,35.84155556,139.6486389
“ì‹æ,35.84157778,139.6763444
“ì‹æ,35.84159167,139.6714667
“ì‹æ,35.84161389,139.6747306
“ì‹æ,35.84164444,139.642975
“ì‹æ,35.84166667,139.6552361
“ì‹æ,35.84168889,139.6452833
“ì‹æ,35.84171667,139.6691278
“ì‹æ,35.84173611,139.6588028
“ì‹æ,35.84173611,139.6670194
“ì‹æ,35.84175278,139.6577694
“ì‹æ,35.84180556,139.6441944
“ì‹æ,35.84181111,139.6686722
“ì‹æ,35.84181667,139.6411389
“ì‹æ,35.84184167,139.6778278
“ì‹æ,35.84185,139.6699972
“ì‹æ,35.84185556,139.6510083
“ì‹æ,35.84186111,139.648325
“ì‹æ,35.84186389,139.6677556
“ì‹æ,35.84187778,139.6801528
“ì‹æ,35.8419,139.6769278
“ì‹æ,35.84190278,139.6563694
“ì‹æ,35.84191667,139.6642083
“ì‹æ,35.84195556,139.6736083
“ì‹æ,35.84195639,139.6539767
“ì‹æ,35.84196667,139.6630972
“ì‹æ,35.84197778,139.6759972
“ì‹æ,35.84205417,139.6653728
“ì‹æ,35.84208056,139.6396056
“ì‹æ,35.84211944,139.67235
“ì‹æ,35.84212778,139.66955
“ì‹æ,35.84215278,139.6796278
“ì‹æ,35.84216667,139.6548611
“ì‹æ,35.84216944,139.6730667
“ì‹æ,35.84230556,139.6555944
“ì‹æ,35.84231667,139.652125
“ì‹æ,35.84236389,139.6456111
“ì‹æ,35.84237778,139.6379667
“ì‹æ,35.84246111,139.6702944
“ì‹æ,35.84248056,139.6416472
“ì‹æ,35.84253889,139.6387167
“ì‹æ,35.84255556,139.6467528
“ì‹æ,35.84256111,139.6633694
“ì‹æ,35.84261389,139.6771861
“ì‹æ,35.84261667,139.6575167
“ì‹æ,35.84263056,139.6563333
“ì‹æ,35.84263611,139.6786083
“ì‹æ,35.84267222,139.6762056
“ì‹æ,35.842675,139.6686944
“ì‹æ,35.842675,139.6479139
“ì‹æ,35.84267778,139.6403861
“ì‹æ,35.84268611,139.6479139
“ì‹æ,35.84270639,139.6429372
“ì‹æ,35.84273333,139.6591722
“ì‹æ,35.84275278,139.6531917
“ì‹æ,35.84281111,139.673475
“ì‹æ,35.842825,139.667585
“ì‹æ,35.842825,139.6718444
“ì‹æ,35.84283611,139.660325
“ì‹æ,35.84286389,139.6660944
“ì‹æ,35.84291389,139.6484056
“ì‹æ,35.84293333,139.6645111
“ì‹æ,35.84296667,139.6635806
“ì‹æ,35.84301111,139.6746889
“ì‹æ,35.84305556,139.6712444
“ì‹æ,35.84306944,139.6623944
“ì‹æ,35.84310556,139.6548972
“ì‹æ,35.84315278,139.6570083
“ì‹æ,35.84316944,139.6443944
“ì‹æ,35.843175,139.6384944
“ì‹æ,35.84319722,139.6498083
“ì‹æ,35.84324722,139.65825
“ì‹æ,35.843275,139.6744028
“ì‹æ,35.84330278,139.6432972
“ì‹æ,35.84332778,139.6614056
“ì‹æ,35.84336389,139.6758806
“ì‹æ,35.84340556,139.6456167
“ì‹æ,35.84342778,139.6701056
“ì‹æ,35.84344167,139.6766417
“ì‹æ,35.843475,139.6793028
“ì‹æ,35.84348889,139.6539806
“ì‹æ,35.84349722,139.6507972
“ì‹æ,35.8435,139.6778361
“ì‹æ,35.84354722,139.6420972
“ì‹æ,35.84356944,139.656525
“ì‹æ,35.84357778,139.6727139
“ì‹æ,35.84359167,139.6467389
“ì‹æ,35.84363611,139.6591111
“ì‹æ,35.84366944,139.6693111
“ì‹æ,35.84368278,139.6372811
“ì‹æ,35.84369167,139.6536722
“ì‹æ,35.84369722,139.6685972
“ì‹æ,35.84370833,139.652675
“ì‹æ,35.84372778,139.6475167
“ì‹æ,35.84373611,139.6660583
“ì‹æ,35.84374722,139.6551972
“ì‹æ,35.84374722,139.6654528
“ì‹æ,35.84374722,139.639425
“ì‹æ,35.84381389,139.6760556
“ì‹æ,35.84381667,139.6754167
“ì‹æ,35.843925,139.6704917
“ì‹æ,35.84393056,139.6601361
“ì‹æ,35.84395556,139.6564944
“ì‹æ,35.84395556,139.6672167
“ì‹æ,35.84398333,139.6506639
“ì‹æ,35.84404444,139.6441889
“ì‹æ,35.84408056,139.6575611
“ì‹æ,35.8441,139.6379389
“ì‹æ,35.84410556,139.6409778
“ì‹æ,35.84415556,139.6735361
“ì‹æ,35.84419167,139.6501528
“ì‹æ,35.8442,139.6585639
“ì‹æ,35.84430278,139.6609194
“ì‹æ,35.84441111,139.6677806
“ì‹æ,35.84441944,139.6512861
“ì‹æ,35.84443056,139.6774194
“ì‹æ,35.84443056,139.655025
“ì‹æ,35.84444167,139.6562167
“ì‹æ,35.84445,139.6527056
“ì‹æ,35.84449167,139.6746278
“ì‹æ,35.84449444,139.645375
“ì‹æ,35.8445,139.6492278
“ì‹æ,35.84451667,139.6429444
“ì‹æ,35.84456111,139.6480611
“ì‹æ,35.84461944,139.6699194
“ì‹æ,35.84463889,139.6532972
“ì‹æ,35.84464167,139.6732694
“ì‹æ,35.84464722,139.6706361
“ì‹æ,35.84466944,139.6597056
“ì‹æ,35.844675,139.6659833
“ì‹æ,35.84468056,139.6928111
“ì‹æ,35.84470278,139.6462306
“ì‹æ,35.84471389,139.6388556
“ì‹æ,35.84475,139.6667417
“ì‹æ,35.84478889,139.6515833
“ì‹æ,35.84480278,139.6530528
“ì‹æ,35.84483083,139.6714989
“ì‹æ,35.844875,139.6920472
“ì‹æ,35.84493611,139.6688694
“ì‹æ,35.84493611,139.6478444
“ì‹æ,35.84495833,139.6398722
“ì‹æ,35.84497222,139.6792222
“ì‹æ,35.84497778,139.6435083
“ì‹æ,35.845,139.6757306
“ì‹æ,35.84500833,139.6367972
“ì‹æ,35.84501667,139.674125
“ì‹æ,35.84508889,139.691225
“ì‹æ,35.84509722,139.6502778
“ì‹æ,35.84515278,139.6443306
“ì‹æ,35.84516528,139.6421639
“ì‹æ,35.84518889,139.6938444
“ì‹æ,35.84519722,139.6375528
“ì‹æ,35.84521111,139.6763389
“ì‹æ,35.84524167,139.694925
“ì‹æ,35.84531111,139.65875
“ì‹æ,35.84533889,139.6966444
“ì‹æ,35.84534444,139.6604833
“ì‹æ,35.84536111,139.6497361
“ì‹æ,35.84537222,139.6782
“ì‹æ,35.845375,139.6412806
“ì‹æ,35.84538611,139.6522361
“ì‹æ,35.84540833,139.6645444
“ì‹æ,35.84543611,139.6699778
“ì‹æ,35.84546389,139.6736028
“ì‹æ,35.84546389,139.6955611
“ì‹æ,35.8455,139.6722194
“ì‹æ,35.84551111,139.6598278
“ì‹æ,35.84553611,139.6747306
“ì‹æ,35.84555278,139.6509278
“ì‹æ,35.845625,139.6676556
“ì‹æ,35.84566111,139.6489472
“ì‹æ,35.84568333,139.6526889
“ì‹æ,35.8457,139.6900472
“ì‹æ,35.8457,139.6381083
“ì‹æ,35.84570278,139.6386833
“ì‹æ,35.84571944,139.6714556
“ì‹æ,35.84572222,139.6468472
“ì‹æ,35.84572222,139.6980278
“ì‹æ,35.84574167,139.6480556
“ì‹æ,35.84576111,139.6754056
“ì‹æ,35.84578056,139.6920583
“ì‹æ,35.84578611,139.6571111
“ì‹æ,35.84581111,139.6447333
“ì‹æ,35.84585,139.6401778
“ì‹æ,35.84591389,139.6685917
“ì‹æ,35.84603333,139.6934667
“ì‹æ,35.84604444,139.6432389
“ì‹æ,35.84605278,139.6960694
“ì‹æ,35.84607778,139.6778444
“ì‹æ,35.84608056,139.6900806
“ì‹æ,35.84608889,139.6728806
“ì‹æ,35.846125,139.6392639
“ì‹æ,35.84613611,139.6522778
“ì‹æ,35.84616389,139.6599083
“ì‹æ,35.84616389,139.6785917
“ì‹æ,35.84618333,139.696575
“ì‹æ,35.84619722,139.6716611
“ì‹æ,35.84620833,139.6699694
“ì‹æ,35.84621389,139.6421333
“ì‹æ,35.84621667,139.6975667
“ì‹æ,35.84623333,139.6742333
“ì‹æ,35.84623611,139.6640778
“ì‹æ,35.84624167,139.6954972
“ì‹æ,35.84624722,139.6501167
“ì‹æ,35.846275,139.69265
“ì‹æ,35.84633611,139.6471111
“ì‹æ,35.84635833,139.6410889
“ì‹æ,35.84636944,139.6752
“ì‹æ,35.846375,139.6582667
“ì‹æ,35.84640556,139.6374306
“ì‹æ,35.84649444,139.6966917
“ì‹æ,35.8465,139.6658472
“ì‹æ,35.84653889,139.676125
“ì‹æ,35.84654444,139.6898472
“ì‹æ,35.84658333,139.6772083
“ì‹æ,35.84666667,139.6365556
“ì‹æ,35.84668611,139.6673111
“ì‹æ,35.84673889,139.6929333
“ì‹æ,35.84676389,139.6436833
“ì‹æ,35.84679167,139.6974111
“ì‹æ,35.84681111,139.6385889
“ì‹æ,35.84685278,139.69835
“ì‹æ,35.84688056,139.6873861
“ì‹æ,35.84688056,139.6965028
“ì‹æ,35.84693333,139.6426417
“ì‹æ,35.84696389,139.6400944
“ì‹æ,35.84697222,139.6461583
“ì‹æ,35.84697778,139.6746778
“ì‹æ,35.847025,139.6765917
“ì‹æ,35.84705833,139.658825
“ì‹æ,35.84708333,139.692225
“ì‹æ,35.8471,139.6518694
“ì‹æ,35.84711111,139.6416528
“ì‹æ,35.84714167,139.639525
“ì‹æ,35.84719167,139.6507861
“ì‹æ,35.8472,139.6893
“ì‹æ,35.84721111,139.6761333
“ì‹æ,35.84721667,139.6407111
“ì‹æ,35.84721944,139.693925
“ì‹æ,35.84723056,139.6735972
“ì‹æ,35.84725833,139.6488556
“ì‹æ,35.84726389,139.685325
“ì‹æ,35.84726944,139.647625
“ì‹æ,35.84727222,139.6718361
“ì‹æ,35.84728889,139.6461361
“ì‹æ,35.84731389,139.6779694
“ì‹æ,35.84731667,139.6831861
“ì‹æ,35.84737778,139.685205
“ì‹æ,35.847425,139.6451056
“ì‹æ,35.84742778,139.6888333
“ì‹æ,35.84745833,139.6706028
“ì‹æ,35.84751944,139.6901917
“ì‹æ,35.84752778,139.6765278
“ì‹æ,35.84752778,139.6382444
“ì‹æ,35.84754722,139.6858944
“ì‹æ,35.84754722,139.6877889
“ì‹æ,35.84759444,139.651425
“ì‹æ,35.84761389,139.6982444
“ì‹æ,35.84763056,139.6985917
“ì‹æ,35.84763611,139.6756528
“ì‹æ,35.84771111,139.6960056
“ì‹æ,35.84773333,139.691775
“ì‹æ,35.84776111,139.6974694
“ì‹æ,35.847775,139.6870028
“ì‹æ,35.84781111,139.6692167
“ì‹æ,35.84783333,139.6429639
“ì‹æ,35.84785194,139.6371372
“ì‹æ,35.847875,139.6457806
“ì‹æ,35.84788333,139.6730361
“ì‹æ,35.84788889,139.6827889
“ì‹æ,35.84791667,139.6701694
“ì‹æ,35.84801111,139.6486389
“ì‹æ,35.84804444,139.6473861
“ì‹æ,35.84805833,139.6965528
“ì‹æ,35.84805833,139.6465611
“ì‹æ,35.84811111,139.6890861
“ì‹æ,35.84817222,139.6394139
“ì‹æ,35.84818611,139.640275
“ì‹æ,35.84821944,139.6931361
“ì‹æ,35.84823056,139.6852833
“ì‹æ,35.84823333,139.6527
“ì‹æ,35.84823889,139.6412972
“ì‹æ,35.84824444,139.671575
“ì‹æ,35.84826111,139.6513083
“ì‹æ,35.84826667,139.6821778
“ì‹æ,35.84828056,139.6991722
“ì‹æ,35.84828889,139.6843917
“ì‹æ,35.84830278,139.6776556
“ì‹æ,35.84831667,139.6879639
“ì‹æ,35.84837222,139.6729083
“ì‹æ,35.84837778,139.6408444
“ì‹æ,35.84839444,139.6980139
“ì‹æ,35.84845,139.6436806
“ì‹æ,35.84847222,139.6695694
“ì‹æ,35.84848056,139.6758806
“ì‹æ,35.84848611,139.6777139
“ì‹æ,35.84848889,139.6370028
“ì‹æ,35.84854722,139.6947944
“ì‹æ,35.84855278,139.63825
“ì‹æ,35.84855833,139.6747806
“ì‹æ,35.84858056,139.6456667
“ì‹æ,35.84860556,139.687875
“ì‹æ,35.84861667,139.6866528
“ì‹æ,35.84861944,139.6723361
“ì‹æ,35.84862778,139.6419972
“ì‹æ,35.84872222,139.68115
“ì‹æ,35.84873611,139.6472917
“ì‹æ,35.84874444,139.6484528
“ì‹æ,35.84878611,139.6860917
“ì‹æ,35.8488,139.6730611
“ì‹æ,35.84880556,139.639325
“ì‹æ,35.84880833,139.6906611
“ì‹æ,35.84885,139.6799583
“ì‹æ,35.84886389,139.6767611
“ì‹æ,35.84887778,139.6496306
“ì‹æ,35.84889167,139.6428444
“ì‹æ,35.84893889,139.6917944
“ì‹æ,35.84894444,139.6949167
“ì‹æ,35.84896389,139.6528444
“ì‹æ,35.84900278,139.6885361
“ì‹æ,35.84901667,139.6963778
“ì‹æ,35.84903056,139.6975944
“ì‹æ,35.84908611,139.6989139
“ì‹æ,35.84909722,139.6701944
“ì‹æ,35.84910833,139.6832694
“ì‹æ,35.849125,139.6936833
“ì‹æ,35.84913333,139.6376528
“ì‹æ,35.84914167,139.6712444
“ì‹æ,35.84922778,139.6521667
“ì‹æ,35.84924722,139.6869444
“ì‹æ,35.84925556,139.6785972
“ì‹æ,35.849275,139.6950722
“ì‹æ,35.84928611,139.6773167
“ì‹æ,35.8493,139.65025
“ì‹æ,35.84930556,139.680675
“ì‹æ,35.84930833,139.6398167
“ì‹æ,35.84932222,139.6866444
“ì‹æ,35.84932778,139.64095
“ì‹æ,35.84933333,139.6509472
“ì‹æ,35.84935833,139.6937972
“ì‹æ,35.84942222,139.6390639
“ì‹æ,35.84945833,139.6836444
“ì‹æ,35.84949167,139.698
“ì‹æ,35.84951111,139.6759611
“ì‹æ,35.84951111,139.6802778
“ì‹æ,35.84952778,139.6817444
“ì‹æ,35.84955,139.6745806
“ì‹æ,35.84963056,139.6439167
“ì‹æ,35.84964722,139.6894722
“ì‹æ,35.84968889,139.6422583
“ì‹æ,35.84969444,139.6880583
“ì‹æ,35.84969722,139.6912278
“ì‹æ,35.84971389,139.6494528
“ì‹æ,35.84975,139.645175
“ì‹æ,35.84975833,139.6924556
“ì‹æ,35.84979167,139.6721028
“ì‹æ,35.84979444,139.6984028
“ì‹æ,35.8498,139.6856361
“ì‹æ,35.84980278,139.6945583
“ì‹æ,35.84981944,139.6738306
“ì‹æ,35.84987222,139.6429806
“ì‹æ,35.8499,139.6530361
“ì‹æ,35.84991111,139.6991722
“ì‹æ,35.84991389,139.6465444
“ì‹æ,35.84995278,139.6510111
“ì‹æ,35.84996389,139.65045
“ì‹æ,35.849975,139.6846389
“ì‹æ,35.85000278,139.6993111
“ì‹æ,35.85001389,139.6806528
“ì‹æ,35.85002778,139.6853722
“ì‹æ,35.85008889,139.6700778
“ì‹æ,35.85011667,139.6793722
“ì‹æ,35.85011944,139.6965389
“ì‹æ,35.85018333,139.6822028
“ì‹æ,35.85019167,139.6791472
“ì‹æ,35.85020833,139.6750028
“ì‹æ,35.85024444,139.6933139
“ì‹æ,35.85024444,139.6477806
“ì‹æ,35.85026667,139.6416917
“ì‹æ,35.85029444,139.6715917
“ì‹æ,35.85040278,139.6814361
“ì‹æ,35.85047222,139.6517389
“ì‹æ,35.85049722,139.6834389
“ì‹æ,35.85052778,139.677075
“ì‹æ,35.85059722,139.6904472
“ì‹æ,35.85062222,139.6728083
“ì‹æ,35.85066111,139.64895
“ì‹æ,35.85068333,139.6453944
“ì‹æ,35.85068611,139.6985694
“ì‹æ,35.85072222,139.6439167
“ì‹æ,35.85073333,139.6842722
“ì‹æ,35.85075556,139.6532278
“ì‹æ,35.85081944,139.6909
“ì‹æ,35.85082778,139.6802167
“ì‹æ,35.85083611,139.6499861
“ì‹æ,35.85086111,139.6886361
“ì‹æ,35.85086944,139.6840917
“ì‹æ,35.85088333,139.6459444
“ì‹æ,35.85090833,139.6754444
“ì‹æ,35.85091389,139.6943889
“ì‹æ,35.850925,139.6949667
“ì‹æ,35.85093889,139.687075
“ì‹æ,35.85103333,139.6919083
“ì‹æ,35.85103611,139.6789694
“ì‹æ,35.8510625,139.6961544
“ì‹æ,35.85106389,139.6924583
“ì‹æ,35.85106667,139.6761667
“ì‹æ,35.85111667,139.65198
“ì‹æ,35.85117778,139.6735083
“ì‹æ,35.85124722,139.6936472
“ì‹æ,35.85125556,139.6711861
“ì‹æ,35.85129444,139.6876278
“ì‹æ,35.85131111,139.6449972
“ì‹æ,35.85139167,139.6425972
“ì‹æ,35.851425,139.6893583
“ì‹æ,35.85145278,139.641575
“ì‹æ,35.85145556,139.6881111
“ì‹æ,35.85145833,139.6468222
“ì‹æ,35.85146667,139.6804556
“ì‹æ,35.85158056,139.6832611
“ì‹æ,35.85159722,139.6906583
“ì‹æ,35.85161667,139.6749167
“ì‹æ,35.85163333,139.6809306
“ì‹æ,35.85165278,139.64775
“ì‹æ,35.85167222,139.6799
“ì‹æ,35.85171667,139.6819694
“ì‹æ,35.85174167,139.6877444
“ì‹æ,35.85174167,139.6511972
“ì‹æ,35.85175278,139.6979806
“ì‹æ,35.85175278,139.6485139
“ì‹æ,35.85183056,139.6926
“ì‹æ,35.85185278,139.6739139
“ì‹æ,35.85186667,139.6786
“ì‹æ,35.85191944,139.6964889
“ì‹æ,35.85195833,139.6915556
“ì‹æ,35.85196944,139.6507667
“ì‹æ,35.852,139.67215
“ì‹æ,35.85201389,139.6906417
“ì‹æ,35.85201944,139.6772611
“ì‹æ,35.85202222,139.6706194
“ì‹æ,35.852025,139.682775
“ì‹æ,35.85211111,139.6900028
“ì‹æ,35.85216222,139.6897514
“ì‹æ,35.85220528,139.6892089
“ì‹æ,35.85224722,139.6864278
“ì‹æ,35.85228333,139.6840639
“ì‹æ,35.85231944,139.6840694
“ì‹æ,35.85232778,139.6968056
“ì‹æ,35.85235833,139.6749056
“ì‹æ,35.85235833,139.6457306
“ì‹æ,35.85236667,139.6988889
“ì‹æ,35.85237917,139.6860406
“ì‹æ,35.85238611,139.694025
“ì‹æ,35.85238889,139.6835283
“ì‹æ,35.85240278,139.6834167
“ì‹æ,35.85243611,139.6775694
“ì‹æ,35.85244722,139.6797667
“ì‹æ,35.85248611,139.6705361
“ì‹æ,35.85248889,139.6921083
“ì‹æ,35.85249167,139.6413444
“ì‹æ,35.85249944,139.6878531
“ì‹æ,35.85254417,139.6900556
“ì‹æ,35.85256806,139.6890156
“ì‹æ,35.85258056,139.6769333
“ì‹æ,35.85259444,139.690675
“ì‹æ,35.85260278,139.6824528
“ì‹æ,35.85266111,139.681275
“ì‹æ,35.85271389,139.6932806
“ì‹æ,35.85274028,139.6851106
“ì‹æ,35.85276667,139.6714639
“ì‹æ,35.85278889,139.6504722
“ì‹æ,35.85290278,139.6911611
“ì‹æ,35.85292583,139.6896889
“ì‹æ,35.85293611,139.6866056
“ì‹æ,35.85295,139.6861472
“ì‹æ,35.85295833,139.6842139
“ì‹æ,35.85298611,139.6884194
“ì‹æ,35.85299167,139.6878597
“ì‹æ,35.85303056,139.7000361
“ì‹æ,35.853075,139.6981889
“ì‹æ,35.85309444,139.6740222
“ì‹æ,35.85313611,139.6852778
“ì‹æ,35.85317222,139.6835917
“ì‹æ,35.85320833,139.6769417
“ì‹æ,35.85320917,139.6831822
“ì‹æ,35.85326111,139.6920722
“ì‹æ,35.8533,139.6879417
“ì‹æ,35.85331389,139.6706528
“ì‹æ,35.85335,139.6464083
“ì‹æ,35.85338056,139.6972583
“ì‹æ,35.85338333,139.6907417
“ì‹æ,35.85338889,139.6789139
“ì‹æ,35.85340833,139.6807639
“ì‹æ,35.85341944,139.6731667
“ì‹æ,35.85343056,139.6802333
“ì‹æ,35.85346389,139.6863467
“ì‹æ,35.85348889,139.6991333
“ì‹æ,35.85349167,139.6927278
“ì‹æ,35.85350556,139.6891583
“ì‹æ,35.85352639,139.6870744
“ì‹æ,35.85355833,139.6850278
“ì‹æ,35.85358889,139.6697111
“ì‹æ,35.85362222,139.6854083
“ì‹æ,35.85364167,139.6815833
“ì‹æ,35.85364722,139.6885444
“ì‹æ,35.85364722,139.6895111
“ì‹æ,35.85370833,139.697675
“ì‹æ,35.85374722,139.6781333
“ì‹æ,35.85375278,139.6798972
“ì‹æ,35.85379806,139.6858772
“ì‹æ,35.85386111,139.6839844
“ì‹æ,35.85386944,139.6864944
“ì‹æ,35.85391667,139.6410278
“ì‹æ,35.85392056,139.6836022
“ì‹æ,35.85392361,139.6875408
“ì‹æ,35.85400833,139.6458111
“ì‹æ,35.85405556,139.6697972
“ì‹æ,35.85409722,139.7002278
“ì‹æ,35.85413333,139.6927472
“ì‹æ,35.85416667,139.6810889
“ì‹æ,35.85417222,139.68562
“ì‹æ,35.85421389,139.6905306
“ì‹æ,35.85421389,139.6966639
“ì‹æ,35.85423056,139.6885278
“ì‹æ,35.854275,139.6792361
“ì‹æ,35.85433333,139.6976556
“ì‹æ,35.85441528,139.68456
“ì‹æ,35.85448056,139.6834139
“ì‹æ,35.85451111,139.6982639
“ì‹æ,35.85451389,139.6704472
“ì‹æ,35.85454722,139.6809972
“ì‹æ,35.85458889,139.6954194
“ì‹æ,35.85464167,139.669525
“ì‹æ,35.854675,139.6457694
“ì‹æ,35.85470278,139.70065
“ì‹æ,35.85480833,139.6770417
“ì‹æ,35.85493611,139.6407861
“ì‹æ,35.85494167,139.6784889
“ì‹æ,35.85497222,139.6944472
“ì‹æ,35.85502778,139.6801639
“ì‹æ,35.85503417,139.6844278
“ì‹æ,35.85507778,139.6891417
“ì‹æ,35.85508611,139.6713056
“ì‹æ,35.85508611,139.6433611
“ì‹æ,35.855125,139.7007528
“ì‹æ,35.85516667,139.6857806
“ì‹æ,35.85519167,139.6819111
“ì‹æ,35.85524722,139.6805528
“ì‹æ,35.85528056,139.6989861
“ì‹æ,35.85532222,139.6875972
“ì‹æ,35.855325,139.6916611
“ì‹æ,35.85551111,139.6837278
“ì‹æ,35.85556111,139.6898
“ì‹æ,35.85558056,139.6932194
“ì‹æ,35.85558333,139.6763083
“ì‹æ,35.85561111,139.6958583
“ì‹æ,35.85561667,139.6405556
“ì‹æ,35.85567917,139.6851081
“ì‹æ,35.85569306,139.6845817
“ì‹æ,35.85573056,139.6979056
“ì‹æ,35.85581111,139.6771917
“ì‹æ,35.85584167,139.6879556
“ì‹æ,35.8559,139.6969333
“ì‹æ,35.85590833,139.6791472
“ì‹æ,35.856,139.6998417
“ì‹æ,35.85601667,139.6922167
“ì‹æ,35.85603056,139.6989528
“ì‹æ,35.85603889,139.6817917
“ì‹æ,35.85605,139.6911972
“ì‹æ,35.85619722,139.6854361
“ì‹æ,35.85620833,139.6782583
“ì‹æ,35.85621667,139.6958111
“ì‹æ,35.85627778,139.6703722
“ì‹æ,35.85629722,139.6793444
“ì‹æ,35.85633056,139.6933472
“ì‹æ,35.85633611,139.6758111
“ì‹æ,35.85635,139.6871083
“ì‹æ,35.85642778,139.686325
“ì‹æ,35.85643333,139.6974694
“ì‹æ,35.85649722,139.6720306
“ì‹æ,35.85652222,139.698925
“ì‹æ,35.85652778,139.6814056
“ì‹æ,35.85653889,139.6827972
“ì‹æ,35.85655556,139.6946944
“ì‹æ,35.85663056,139.6912056
“ì‹æ,35.85666667,139.6837056
“ì‹æ,35.85674722,139.6888139
“ì‹æ,35.85675278,139.6926833
“ì‹æ,35.85677778,139.6784639
“ì‹æ,35.85680278,139.6738972
“ì‹æ,35.85681111,139.6880833
“ì‹æ,35.85682222,139.6957056
“ì‹æ,35.85682222,139.6400806
“ì‹æ,35.85686667,139.6850583
“ì‹æ,35.85705833,139.6874194
“ì‹æ,35.8571,139.6824278
“ì‹æ,35.85710833,139.685625
“ì‹æ,35.85713889,139.6798972
“ì‹æ,35.85714722,139.6894639
“ì‹æ,35.85716944,139.6816694
“ì‹æ,35.8572,139.6717028
“ì‹æ,35.85720278,139.6938917
“ì‹æ,35.85720833,139.6735833
“ì‹æ,35.85731667,139.6751056
“ì‹æ,35.85732778,139.6931056
“ì‹æ,35.85735,139.6761861
“ì‹æ,35.85738889,139.6773194
“ì‹æ,35.85741667,139.6809472
“ì‹æ,35.857425,139.6902667
“ì‹æ,35.85743889,139.6916222
“ì‹æ,35.85745278,139.6902528
“ì‹æ,35.85745833,139.6911861
“ì‹æ,35.85752778,139.6960722
“ì‹æ,35.85755556,139.6834694
“ì‹æ,35.85773333,139.6889056
“ì‹æ,35.85776667,139.6979139
“ì‹æ,35.85777778,139.6843667
“ì‹æ,35.85795556,139.67315
“ì‹æ,35.85795556,139.6816028
“ì‹æ,35.85797222,139.6925333
“ì‹æ,35.85801111,139.6936611
“ì‹æ,35.85801389,139.6914611
“ì‹æ,35.85802361,139.6709433
“ì‹æ,35.85808056,139.6744722
“ì‹æ,35.85808333,139.675375
“ì‹æ,35.85816111,139.689575
“ì‹æ,35.8582,139.6763833
“ì‹æ,35.85826389,139.6942722
“ì‹æ,35.85830833,139.6963472
“ì‹æ,35.858325,139.6829944
“ì‹æ,35.85835,139.6865361
“ì‹æ,35.85837222,139.6759972
“ì‹æ,35.85838889,139.671725
“ì‹æ,35.85848333,139.687725
“ì‹æ,35.85849722,139.6839194
“ì‹æ,35.85853056,139.6927944
“ì‹æ,35.85853889,139.685125
“ì‹æ,35.85861667,139.6821083
“ì‹æ,35.85868611,139.695375
“ì‹æ,35.85875833,139.6975778
“ì‹æ,35.858775,139.6736861
“ì‹æ,35.85879722,139.6924472
“ì‹æ,35.8588125,139.6708294
“ì‹æ,35.858875,139.6804806
“ì‹æ,35.85892778,139.6974611
“ì‹æ,35.858975,139.6917528
“ì‹æ,35.85900556,139.6942583
“ì‹æ,35.85904722,139.6886806
“ì‹æ,35.85910278,139.6905633
“ì‹æ,35.85910833,139.6835556
“ì‹æ,35.85911667,139.6798556
“ì‹æ,35.85917222,139.6721
“ì‹æ,35.85918333,139.6753944
“ì‹æ,35.85921389,139.6895306
“ì‹æ,35.85921944,139.6743806
“ì‹æ,35.859225,139.6824639
“ì‹æ,35.85923333,139.6961417
“ì‹æ,35.85936389,139.6735556
“ì‹æ,35.85945,139.6815361
“ì‹æ,35.85952222,139.6948694
“ì‹æ,35.85952778,139.6880806
“ì‹æ,35.859625,139.6842222
“ì‹æ,35.85964167,139.6927028
“ì‹æ,35.85977778,139.6877444
“ì‹æ,35.85983056,139.6958722
“ì‹æ,35.85986111,139.6854556
“ì‹æ,35.85991111,139.6974861
“ì‹æ,35.85994722,139.6799417
“ì‹æ,35.86,139.6902806
“ì‹æ,35.86009167,139.6834028
“ì‹æ,35.86012778,139.6939806
“ì‹æ,35.86013333,139.6874583
“ì‹æ,35.86015833,139.6733861
“ì‹æ,35.86024444,139.6883056
“ì‹æ,35.86031389,139.6894778
“ì‹æ,35.86031389,139.6743222
“ì‹æ,35.86033611,139.6791417
“ì‹æ,35.86039444,139.6946694
“ì‹æ,35.86050278,139.6966056
“ì‹æ,35.86052222,139.6872139
“ì‹æ,35.86058056,139.6848167
“ì‹æ,35.86060556,139.6881778
“ì‹æ,35.86073333,139.6937444
“ì‹æ,35.86083056,139.678075
“ì‹æ,35.86089722,139.6823278
“ì‹æ,35.8609,139.6812944
“ì‹æ,35.86095,139.6843833
“ì‹æ,35.86097778,139.6831417
“ì‹æ,35.86110556,139.6803361
“ì‹æ,35.86149167,139.6862861
“ì‹æ,35.86150833,139.6830444
“ì‹æ,35.86181667,139.6811222
“ì‹æ,35.86192222,139.6795889
“ì‹æ,35.861925,139.6784556
“ì‹æ,35.86223611,139.6777611
“ì‹æ,35.86231667,139.6832972
“ì‹æ,35.86252778,139.6815444
“ì‹æ,35.86260417,139.6914267
“ì‹æ,35.86267222,139.6794333
“ì‹æ,35.86275556,139.684125
“ì‹æ,35.86294028,139.6850344
“ì‹æ,35.86344722,139.6833167
—Î‹æ,35.85422778,139.7120611
—Î‹æ,35.85447778,139.7012728
—Î‹æ,35.85494722,139.7022944
—Î‹æ,35.85515,139.715175
—Î‹æ,35.85521667,139.7119
—Î‹æ,35.85535278,139.7135333
—Î‹æ,35.85556111,139.7014167
—Î‹æ,35.85580139,139.7023328
—Î‹æ,35.85617778,139.7135717
—Î‹æ,35.85628333,139.7018389
—Î‹æ,35.85638611,139.7156389
—Î‹æ,35.85642778,139.7000933
—Î‹æ,35.85645,139.7104528
—Î‹æ,35.85646389,139.712675
—Î‹æ,35.85674722,139.7119222
—Î‹æ,35.85680556,139.7149917
—Î‹æ,35.85684444,139.7022394
—Î‹æ,35.85705278,139.7012528
—Î‹æ,35.85705278,139.6781139
—Î‹æ,35.85722778,139.7003167
—Î‹æ,35.85729444,139.7112611
—Î‹æ,35.85740694,139.714055
—Î‹æ,35.85745556,139.6995472
—Î‹æ,35.85748611,139.7123028
—Î‹æ,35.85763056,139.6790278
—Î‹æ,35.85773611,139.7008694
—Î‹æ,35.857825,139.7094417
—Î‹æ,35.85785278,139.6768528
—Î‹æ,35.85789444,139.6999778
—Î‹æ,35.85792639,139.698835
—Î‹æ,35.858075,139.7035472
—Î‹æ,35.8581,139.7035861
—Î‹æ,35.8581375,139.7016256
—Î‹æ,35.85825833,139.69955
—Î‹æ,35.85830278,139.6795306
—Î‹æ,35.85833611,139.7106472
—Î‹æ,35.85838889,139.7134417
—Î‹æ,35.85843889,139.6699167
—Î‹æ,35.85846389,139.7008639
—Î‹æ,35.85854722,139.6773167
—Î‹æ,35.85855833,139.7095417
—Î‹æ,35.85867222,139.7140444
—Î‹æ,35.85868611,139.6764556
—Î‹æ,35.85871944,139.7051472
—Î‹æ,35.85872917,139.7019978
—Î‹æ,35.85873611,139.7051833
—Î‹æ,35.85874444,139.7019528
—Î‹æ,35.858825,139.715825
—Î‹æ,35.85883056,139.7116444
—Î‹æ,35.85891389,139.6757694
—Î‹æ,35.85901667,139.71
—Î‹æ,35.859025,139.702875
—Î‹æ,35.85905,139.7029306
—Î‹æ,35.85907222,139.718175
—Î‹æ,35.85909444,139.6985472
—Î‹æ,35.85913611,139.6700167
—Î‹æ,35.85914167,139.7009689
—Î‹æ,35.85915556,139.6783306
—Î‹æ,35.85918611,139.7194639
—Î‹æ,35.8592,139.70635
—Î‹æ,35.85926389,139.7203833
—Î‹æ,35.8593,139.7002944
—Î‹æ,35.85942917,139.70831
—Î‹æ,35.85947778,139.7082472
—Î‹æ,35.85953472,139.6997006
—Î‹æ,35.85956111,139.6766861
—Î‹æ,35.85971806,139.7076639
—Î‹æ,35.85971944,139.7045528
—Î‹æ,35.85983056,139.6788222
—Î‹æ,35.85986667,139.7092833
—Î‹æ,35.85987778,139.7022861
—Î‹æ,35.85989167,139.7092806
—Î‹æ,35.85990278,139.6723967
—Î‹æ,35.85990556,139.7022639
—Î‹æ,35.85991667,139.6711917
—Î‹æ,35.85993611,139.720225
—Î‹æ,35.86000278,139.6748006
—Î‹æ,35.86011667,139.6756028
—Î‹æ,35.86013611,139.7032833
—Î‹æ,35.86014167,139.6777389
—Î‹æ,35.86015694,139.7032783
—Î‹æ,35.86020556,139.6695028
—Î‹æ,35.86020833,139.6987444
—Î‹æ,35.86023611,139.7003833
—Î‹æ,35.86025556,139.7016028
—Î‹æ,35.86030278,139.7016417
—Î‹æ,35.86030556,139.6701194
—Î‹æ,35.86035556,139.7091111
—Î‹æ,35.86038056,139.7090972
—Î‹æ,35.86043056,139.6689389
—Î‹æ,35.86048333,139.6762694
—Î‹æ,35.86058889,139.7064639
—Î‹æ,35.86060278,139.673925
—Î‹æ,35.86065,139.7076639
—Î‹æ,35.86065556,139.7076417
—Î‹æ,35.86070556,139.7029917
—Î‹æ,35.86079444,139.7200556
—Î‹æ,35.8608,139.6925639
—Î‹æ,35.86089722,139.6745
—Î‹æ,35.86090278,139.6962056
—Î‹æ,35.86096944,139.6767806
—Î‹æ,35.86096944,139.6714917
—Î‹æ,35.86103333,139.6913333
—Î‹æ,35.86103611,139.6973194
—Î‹æ,35.86106944,139.7209611
—Î‹æ,35.86115278,139.7022306
—Î‹æ,35.86118333,139.7022472
—Î‹æ,35.86118611,139.670375
—Î‹æ,35.86119167,139.6933333
—Î‹æ,35.86122639,139.6738383
—Î‹æ,35.86122778,139.6967306
—Î‹æ,35.86124444,139.6773694
—Î‹æ,35.86125,139.6922222
—Î‹æ,35.86128333,139.6724556
—Î‹æ,35.8613,139.6995611
—Î‹æ,35.86131944,139.69955
—Î‹æ,35.86135556,139.691675
—Î‹æ,35.86135833,139.6755722
—Î‹æ,35.86138611,139.7083389
—Î‹æ,35.86140556,139.7083639
—Î‹æ,35.86145833,139.6897083
—Î‹æ,35.86148056,139.6756611
—Î‹æ,35.86152778,139.7055
—Î‹æ,35.86155278,139.6957556
—Î‹æ,35.86155278,139.7040806
—Î‹æ,35.86155278,139.7055056
—Î‹æ,35.86156667,139.7040611
—Î‹æ,35.86158889,139.6878833
—Î‹æ,35.86160833,139.6948111
—Î‹æ,35.86163889,139.6773306
—Î‹æ,35.86165833,139.7032361
—Î‹æ,35.86168056,139.6697278
—Î‹æ,35.86168056,139.6685889
—Î‹æ,35.86169306,139.7032356
—Î‹æ,35.86171667,139.709575
—Î‹æ,35.861725,139.6976861
—Î‹æ,35.86173056,139.7096056
—Î‹æ,35.86176389,139.6743833
—Î‹æ,35.86179167,139.6932194
—Î‹æ,35.86181111,139.6730694
—Î‹æ,35.86188333,139.6692278
—Î‹æ,35.86190556,139.7016778
—Î‹æ,35.86192222,139.6764056
—Î‹æ,35.86194583,139.7017094
—Î‹æ,35.86195,139.7065722
—Î‹æ,35.86204444,139.6860889
—Î‹æ,35.86207222,139.6879444
—Î‹æ,35.8622,139.6708194
—Î‹æ,35.86221389,139.6870361
—Î‹æ,35.86222778,139.6738222
—Î‹æ,35.86224722,139.7084083
—Î‹æ,35.86225278,139.708425
—Î‹æ,35.86225556,139.6730139
—Î‹æ,35.86231667,139.6968417
—Î‹æ,35.86233333,139.7084333
—Î‹æ,35.86233889,139.6946278
—Î‹æ,35.86239722,139.6773528
—Î‹æ,35.86240278,139.6774056
—Î‹æ,35.86241389,139.7009083
—Î‹æ,35.86241944,139.7053556
—Î‹æ,35.86244167,139.7053611
—Î‹æ,35.86244444,139.7008861
—Î‹æ,35.86244444,139.7074861
—Î‹æ,35.86245556,139.6938528
—Î‹æ,35.86248611,139.6758611
—Î‹æ,35.86248611,139.6954528
—Î‹æ,35.86250278,139.6716222
—Î‹æ,35.86252639,139.69867
—Î‹æ,35.86252778,139.6969722
—Î‹æ,35.86254167,139.6986417
—Î‹æ,35.86254306,139.6730061
—Î‹æ,35.86259167,139.6931472
—Î‹æ,35.86267222,139.6997417
—Î‹æ,35.86268611,139.690125
—Î‹æ,35.86271944,139.6884028
—Î‹æ,35.86273611,139.6997844
—Î‹æ,35.86279444,139.6780139
—Î‹æ,35.862825,139.7026439
—Î‹æ,35.86286111,139.7025944
—Î‹æ,35.86294444,139.6705333
—Î‹æ,35.86294722,139.6977556
—Î‹æ,35.86299444,139.7007889
—Î‹æ,35.86300556,139.7008083
—Î‹æ,35.86301111,139.6894444
—Î‹æ,35.86305278,139.6693389
—Î‹æ,35.86308333,139.6766722
—Î‹æ,35.86309444,139.6681944
—Î‹æ,35.8631,139.6962472
—Î‹æ,35.86315833,139.67235
—Î‹æ,35.8633,139.6712056
—Î‹æ,35.86334722,139.7101444
—Î‹æ,35.86336667,139.710125
—Î‹æ,35.86337778,139.6947917
—Î‹æ,35.86338056,139.706575
—Î‹æ,35.86339222,139.6908253
—Î‹æ,35.8634,139.6750944
—Î‹æ,35.86341389,139.6908194
—Î‹æ,35.86342778,139.6722472
—Î‹æ,35.86342917,139.6842106
—Î‹æ,35.86343333,139.6735444
—Î‹æ,35.86343333,139.7065639
—Î‹æ,35.86344167,139.7028361
—Î‹æ,35.86346111,139.7047083
—Î‹æ,35.86349444,139.70175
—Î‹æ,35.86350278,139.6795
—Î‹æ,35.86350556,139.7079194
—Î‹æ,35.86350833,139.7017994
—Î‹æ,35.863525,139.7078639
—Î‹æ,35.86353056,139.6776139
—Î‹æ,35.86365833,139.6935389
—Î‹æ,35.86369167,139.6803528
—Î‹æ,35.86371389,139.6826778
—Î‹æ,35.86371667,139.6978639
—Î‹æ,35.86372778,139.6955061
—Î‹æ,35.86375833,139.686
—Î‹æ,35.86379722,139.6960111
—Î‹æ,35.86380556,139.6925
—Î‹æ,35.86381111,139.6816389
—Î‹æ,35.863925,139.696825
—Î‹æ,35.86392778,139.6718222
—Î‹æ,35.86393889,139.6873083
—Î‹æ,35.863975,139.6913883
—Î‹æ,35.86401111,139.6724278
—Î‹æ,35.86404444,139.6735667
—Î‹æ,35.86404444,139.709075
—Î‹æ,35.86406944,139.7091139
—Î‹æ,35.86408333,139.7008056
—Î‹æ,35.86408333,139.7007972
—Î‹æ,35.86413611,139.6682917
—Î‹æ,35.86413889,139.6767722
—Î‹æ,35.86420278,139.7061611
—Î‹æ,35.86427222,139.7041222
—Î‹æ,35.86428333,139.6689833
—Î‹æ,35.86429444,139.6798694
—Î‹æ,35.864425,139.6783806
—Î‹æ,35.86443056,139.6679722
—Î‹æ,35.86445278,139.68575
—Î‹æ,35.86448333,139.6996828
—Î‹æ,35.86454722,139.6887361
—Î‹æ,35.86455,139.6697222
—Î‹æ,35.86455222,139.6950828
—Î‹æ,35.86461111,139.6967028
—Î‹æ,35.86463056,139.6955139
—Î‹æ,35.86464722,139.6839028
—Î‹æ,35.86465833,139.6750639
—Î‹æ,35.86465833,139.6905333
—Î‹æ,35.86469722,139.6737722
—Î‹æ,35.86470833,139.6713056
—Î‹æ,35.86473333,139.6704444
—Î‹æ,35.86476667,139.6970694
—Î‹æ,35.86476667,139.7074028
—Î‹æ,35.86478611,139.7074028
—Î‹æ,35.86483889,139.701775
—Î‹æ,35.86489444,139.6687083
—Î‹æ,35.8649325,139.6791903
—Î‹æ,35.86495833,139.708575
—Î‹æ,35.86496667,139.6919722
—Î‹æ,35.86497222,139.7085861
—Î‹æ,35.86498333,139.6775972
—Î‹æ,35.86509722,139.7034833
—Î‹æ,35.86510556,139.6746111
—Î‹æ,35.86514722,139.6960694
—Î‹æ,35.86515556,139.6726833
—Î‹æ,35.86520278,139.6697667
—Î‹æ,35.86521806,139.6788714
—Î‹æ,35.86521944,139.6952833
—Î‹æ,35.86528333,139.702475
—Î‹æ,35.86528611,139.6903639
—Î‹æ,35.86530278,139.7055222
—Î‹æ,35.86531111,139.693925
—Î‹æ,35.86535278,139.6716472
—Î‹æ,35.86537222,139.7098306
—Î‹æ,35.86538611,139.6840806
—Î‹æ,35.86541667,139.7098889
—Î‹æ,35.86542139,139.6833892
—Î‹æ,35.86544444,139.6771194
—Î‹æ,35.86545,139.6799361
—Î‹æ,35.86548056,139.704125
—Î‹æ,35.86562778,139.6947694
—Î‹æ,35.86573056,139.6860083
—Î‹æ,35.86573833,139.6844364
—Î‹æ,35.86578056,139.7068167
—Î‹æ,35.8658,139.6694722
—Î‹æ,35.86581944,139.6759889
—Î‹æ,35.86584444,139.6912417
—Î‹æ,35.86585833,139.7067806
—Î‹æ,35.86586944,139.6739972
—Î‹æ,35.86587222,139.6681528
—Î‹æ,35.86595833,139.695725
—Î‹æ,35.86602222,139.6725556
—Î‹æ,35.86602778,139.6973417
—Î‹æ,35.86604722,139.6821694
—Î‹æ,35.86608333,139.6868528
—Î‹æ,35.86611944,139.6774944
—Î‹æ,35.86615,139.6683167
—Î‹æ,35.866175,139.6963278
—Î‹æ,35.86618611,139.6702556
—Î‹æ,35.86619722,139.6938861
—Î‹æ,35.86619722,139.6836611
—Î‹æ,35.86624167,139.6903167
—Î‹æ,35.86626111,139.7003778
—Î‹æ,35.86629444,139.6896528
—Î‹æ,35.86630556,139.7087556
—Î‹æ,35.86630833,139.6793139
—Î‹æ,35.86633333,139.7087611
—Î‹æ,35.866375,139.6878556
—Î‹æ,35.86646667,139.6946778
—Î‹æ,35.86650278,139.7053694
—Î‹æ,35.86651667,139.6811
—Î‹æ,35.86656111,139.6752917
—Î‹æ,35.86656667,139.6954167
—Î‹æ,35.86657222,139.6937667
—Î‹æ,35.86659722,139.7023167
—Î‹æ,35.86660833,139.7052222
—Î‹æ,35.86666111,139.6713556
—Î‹æ,35.86666667,139.7022972
—Î‹æ,35.86668056,139.6735528
—Î‹æ,35.86668333,139.6926
—Î‹æ,35.86673611,139.6691833
—Î‹æ,35.86676111,139.6696639
—Î‹æ,35.86678056,139.6984889
—Î‹æ,35.86683056,139.7013639
—Î‹æ,35.86685278,139.6913917
—Î‹æ,35.86687222,139.703925
—Î‹æ,35.86687778,139.6834756
—Î‹æ,35.86690278,139.7039111
—Î‹æ,35.86691111,139.6764639
—Î‹æ,35.866975,139.6743028
—Î‹æ,35.86700556,139.7059528
—Î‹æ,35.86701944,139.694425
—Î‹æ,35.86703889,139.7059944
—Î‹æ,35.86704444,139.6944472
—Î‹æ,35.867075,139.7073667
—Î‹æ,35.86708056,139.6822833
—Î‹æ,35.86708333,139.6775083
—Î‹æ,35.86710833,139.7073389
—Î‹æ,35.86711111,139.6868389
—Î‹æ,35.86715,139.672425
—Î‹æ,35.86715833,139.6959111
—Î‹æ,35.86724444,139.6859694
—Î‹æ,35.8673,139.6707
—Î‹æ,35.86731944,139.6754528
—Î‹æ,35.86733611,139.6791722
—Î‹æ,35.86738056,139.6703056
—Î‹æ,35.86738333,139.6899556
—Î‹æ,35.86739722,139.6880556
—Î‹æ,35.86744444,139.7086667
—Î‹æ,35.86745278,139.7086722
—Î‹æ,35.86747778,139.6999972
—Î‹æ,35.86748056,139.6906722
—Î‹æ,35.86750278,139.6999944
—Î‹æ,35.86750556,139.699975
—Î‹æ,35.86754167,139.6907389
—Î‹æ,35.86755556,139.6980444
—Î‹æ,35.86762778,139.7102
—Î‹æ,35.86763889,139.7102028
—Î‹æ,35.867675,139.681125
—Î‹æ,35.86768333,139.6837278
—Î‹æ,35.86773056,139.6820722
—Î‹æ,35.86773611,139.6847083
—Î‹æ,35.86773972,139.6830472
—Î‹æ,35.86778056,139.6888083
—Î‹æ,35.86778611,139.6938139
—Î‹æ,35.86779167,139.6739139
—Î‹æ,35.86779444,139.6764972
—Î‹æ,35.86779722,139.7024472
—Î‹æ,35.86781944,139.6947472
—Î‹æ,35.86788889,139.6714639
—Î‹æ,35.86793333,139.6878583
—Î‹æ,35.86794167,139.6721972
—Î‹æ,35.86795833,139.6922472
—Î‹æ,35.86796111,139.7074861
—Î‹æ,35.86800278,139.7054917
—Î‹æ,35.86800278,139.7054889
—Î‹æ,35.86801944,139.6892611
—Î‹æ,35.86803056,139.7075167
—Î‹æ,35.86818889,139.7039167
—Î‹æ,35.86822222,139.6758361
—Î‹æ,35.86823056,139.7088278
—Î‹æ,35.86823333,139.6815389
—Î‹æ,35.86823889,139.7088139
—Î‹æ,35.86826944,139.6789
—Î‹æ,35.868275,139.6779944
—Î‹æ,35.86828889,139.7105722
—Î‹æ,35.86829722,139.7105306
—Î‹æ,35.86835,139.6859167
—Î‹æ,35.86840833,139.6785778
—Î‹æ,35.86840833,139.6912222
—Î‹æ,35.86842778,139.6748778
—Î‹æ,35.86845,139.6855778
—Î‹æ,35.86845833,139.6926556
—Î‹æ,35.86847222,139.7013361
—Î‹æ,35.86847639,139.7397522
—Î‹æ,35.86848611,139.6825611
—Î‹æ,35.8685,139.6831806
—Î‹æ,35.86850556,139.683175
—Î‹æ,35.86850833,139.6831806
—Î‹æ,35.86850833,139.6831806
—Î‹æ,35.86851111,139.6831806
—Î‹æ,35.86851944,139.6831639
—Î‹æ,35.86852222,139.6831639
—Î‹æ,35.86852778,139.6795861
—Î‹æ,35.86853611,139.6704639
—Î‹æ,35.86853889,139.7026056
—Î‹æ,35.86854167,139.7068333
—Î‹æ,35.86854444,139.68315
—Î‹æ,35.86857222,139.7068417
—Î‹æ,35.86863333,139.6841139
—Î‹æ,35.86863611,139.7101528
—Î‹æ,35.86863611,139.7101333
—Î‹æ,35.86863889,139.6737972
—Î‹æ,35.86865278,139.6979417
—Î‹æ,35.86867222,139.69795
—Î‹æ,35.868675,139.6959972
—Î‹æ,35.86869722,139.6993083
—Î‹æ,35.86869722,139.6981
—Î‹æ,35.86870556,139.6981056
—Î‹æ,35.86870833,139.6935583
—Î‹æ,35.86871667,139.7006528
—Î‹æ,35.86872222,139.6798694
—Î‹æ,35.86875694,139.7048811
—Î‹æ,35.86876667,139.6870722
—Î‹æ,35.86876944,139.6870833
—Î‹æ,35.86877222,139.6964028
—Î‹æ,35.86878889,139.6977222
—Î‹æ,35.86879306,139.7411083
—Î‹æ,35.86881389,139.6765556
—Î‹æ,35.86881667,139.6955722
—Î‹æ,35.86882222,139.6947694
—Î‹æ,35.86884167,139.6813833
—Î‹æ,35.86899444,139.6859028
—Î‹æ,35.869,139.6827833
—Î‹æ,35.86902222,139.6775556
—Î‹æ,35.86903056,139.6876611
—Î‹æ,35.86903056,139.704625
—Î‹æ,35.86911111,139.6710556
—Î‹æ,35.86911667,139.7388583
—Î‹æ,35.86913333,139.7032111
—Î‹æ,35.86914167,139.6847861
—Î‹æ,35.86916111,139.6761167
—Î‹æ,35.86918056,139.6957528
—Î‹æ,35.86918083,139.6966492
—Î‹æ,35.86920278,139.6950028
—Î‹æ,35.86920833,139.6739028
—Î‹æ,35.86922222,139.6808917
—Î‹æ,35.86922778,139.6842611
—Î‹æ,35.86924167,139.7009
—Î‹æ,35.86931667,139.708325
—Î‹æ,35.86931694,139.6992667
—Î‹æ,35.86932222,139.7062667
—Î‹æ,35.86932222,139.7019917
—Î‹æ,35.869325,139.7062694
—Î‹æ,35.86933889,139.6978528
—Î‹æ,35.86934167,139.6896361
—Î‹æ,35.86937222,139.694725
—Î‹æ,35.86937778,139.7402556
—Î‹æ,35.86938889,139.7072556
—Î‹æ,35.86939722,139.7418306
—Î‹æ,35.8694,139.692
—Î‹æ,35.86942222,139.7082722
—Î‹æ,35.869425,139.7072639
—Î‹æ,35.86944722,139.7422278
—Î‹æ,35.86946111,139.696425
—Î‹æ,35.86947222,139.67575
—Î‹æ,35.86948056,139.709625
—Î‹æ,35.86948611,139.7026639
—Î‹æ,35.86951944,139.7426944
—Î‹æ,35.86955556,139.709625
—Î‹æ,35.869575,139.7402833
—Î‹æ,35.86960833,139.7408472
—Î‹æ,35.86961111,139.6782389
—Î‹æ,35.86963333,139.699755
—Î‹æ,35.86965833,139.6940639
—Î‹æ,35.86966944,139.6822028
—Î‹æ,35.86968889,139.7018417
—Î‹æ,35.86969778,139.6957017
—Î‹æ,35.86970833,139.6850972
—Î‹æ,35.869725,139.6976278
—Î‹æ,35.86976111,139.6795583
—Î‹æ,35.86976944,139.6745861
—Î‹æ,35.86977778,139.6767111
—Î‹æ,35.86981667,139.6970722
—Î‹æ,35.86985833,139.7004528
—Î‹æ,35.86986389,139.6983533
—Î‹æ,35.86994722,139.6912583
—Î‹æ,35.86996389,139.6780333
—Î‹æ,35.86998056,139.6928028
—Î‹æ,35.87000278,139.7387139
—Î‹æ,35.87000833,139.7057583
—Î‹æ,35.870025,139.6949889
—Î‹æ,35.87003056,139.7058167
—Î‹æ,35.87003611,139.6965389
—Î‹æ,35.87006056,139.7045017
—Î‹æ,35.87006667,139.6942917
—Î‹æ,35.870075,139.6888389
—Î‹æ,35.870075,139.7036028
—Î‹æ,35.87008056,139.7035944
—Î‹æ,35.87008611,139.6965167
—Î‹æ,35.87008889,139.6773194
—Î‹æ,35.87010556,139.6877444
—Î‹æ,35.87011389,139.694425
—Î‹æ,35.87012778,139.6866833
—Î‹æ,35.87013056,139.7410778
—Î‹æ,35.87013889,139.6831194
—Î‹æ,35.87014306,139.6711167
—Î‹æ,35.87018056,139.7011389
—Î‹æ,35.87023,139.6991233
—Î‹æ,35.87023333,139.7077833
—Î‹æ,35.87023611,139.6732833
—Î‹æ,35.87024444,139.6783806
—Î‹æ,35.87025278,139.7077833
—Î‹æ,35.87025556,139.6974
—Î‹æ,35.87026111,139.6801556
—Î‹æ,35.87031944,139.74205
—Î‹æ,35.87036667,139.671625
—Î‹æ,35.870375,139.6958361
—Î‹æ,35.87038333,139.740025
—Î‹æ,35.87042333,139.6983958
—Î‹æ,35.87043333,139.7010917
—Î‹æ,35.87046667,139.6797556
—Î‹æ,35.87046667,139.6977194
—Î‹æ,35.87046667,139.6977528
—Î‹æ,35.87051111,139.6951417
—Î‹æ,35.87051944,139.6840278
—Î‹æ,35.87053611,139.6820278
—Î‹æ,35.87055833,139.6969111
—Î‹æ,35.870625,139.742125
—Î‹æ,35.87062778,139.7067
—Î‹æ,35.87064722,139.7067111
—Î‹æ,35.87065,139.6940722
—Î‹æ,35.87066111,139.6995722
—Î‹æ,35.87067778,139.7050278
—Î‹æ,35.87067778,139.70505
—Î‹æ,35.87069167,139.6745667
—Î‹æ,35.8707,139.6920944
—Î‹æ,35.87072778,139.6755083
—Î‹æ,35.87080278,139.6971694
—Î‹æ,35.87083056,139.6818056
—Î‹æ,35.87084167,139.6723694
—Î‹æ,35.87096389,139.7396694
—Î‹æ,35.87097778,139.7095417
—Î‹æ,35.87098556,139.7051433
—Î‹æ,35.87101111,139.6764278
—Î‹æ,35.87102222,139.7051806
—Î‹æ,35.87104722,139.7095278
—Î‹æ,35.87104722,139.7002667
—Î‹æ,35.87106111,139.7046583
—Î‹æ,35.87107222,139.6774444
—Î‹æ,35.871075,139.702775
—Î‹æ,35.87107778,139.7084917
—Î‹æ,35.87107778,139.6967139
—Î‹æ,35.87109722,139.7085056
—Î‹æ,35.87113889,139.6832639
—Î‹æ,35.87116667,139.7038667
—Î‹æ,35.87117222,139.6838361
—Î‹æ,35.87119722,139.6887833
—Î‹æ,35.8712,139.7062556
—Î‹æ,35.87121111,139.7062556
—Î‹æ,35.87121944,139.7397361
—Î‹æ,35.87123611,139.7003139
—Î‹æ,35.87124722,139.6977139
—Î‹æ,35.87125556,139.6855111
—Î‹æ,35.87126111,139.6788639
—Î‹æ,35.87130833,139.6805083
—Î‹æ,35.87143889,139.7059083
—Î‹æ,35.87146389,139.6988667
—Î‹æ,35.87151944,139.7016333
—Î‹æ,35.87151944,139.6947361
—Î‹æ,35.87156111,139.7007111
—Î‹æ,35.87156389,139.6861611
—Î‹æ,35.87163333,139.7042722
—Î‹æ,35.87163889,139.707575
—Î‹æ,35.87165556,139.7076
—Î‹æ,35.87165833,139.6741306
—Î‹æ,35.87166389,139.6835972
—Î‹æ,35.87167222,139.7086
—Î‹æ,35.871675,139.6912167
—Î‹æ,35.871675,139.6843944
—Î‹æ,35.87168333,139.7086111
—Î‹æ,35.87173889,139.6933583
—Î‹æ,35.87176111,139.7064889
—Î‹æ,35.87176389,139.7065083
—Î‹æ,35.87180556,139.6990889
—Î‹æ,35.87180833,139.6816639
—Î‹æ,35.87181944,139.6766139
—Î‹æ,35.87182222,139.7045972
—Î‹æ,35.87186389,139.7393556
—Î‹æ,35.87190278,139.6790694
—Î‹æ,35.87191111,139.6956528
—Î‹æ,35.87201806,139.7405617
—Î‹æ,35.87202222,139.7393889
—Î‹æ,35.87205,139.6746667
—Î‹æ,35.87206389,139.7394361
—Î‹æ,35.87208889,139.6994889
—Î‹æ,35.87210833,139.7069417
—Î‹æ,35.87221389,139.6771417
—Î‹æ,35.87221667,139.6978639
—Î‹æ,35.87221944,139.6755556
—Î‹æ,35.87224722,139.6902694
—Î‹æ,35.87225,139.7039389
—Î‹æ,35.87229167,139.6856222
—Î‹æ,35.87231389,139.6778528
—Î‹æ,35.87231667,139.7428972
—Î‹æ,35.87235833,139.6826083
—Î‹æ,35.87238611,139.6931583
—Î‹æ,35.87240278,139.6966139
—Î‹æ,35.87242222,139.7415778
—Î‹æ,35.87243056,139.7417028
—Î‹æ,35.87254722,139.7053639
—Î‹æ,35.87256111,139.7011806
—Î‹æ,35.87256667,139.6811694
—Î‹æ,35.87258056,139.6763167
—Î‹æ,35.87259444,139.6940556
—Î‹æ,35.87261667,139.6940972
—Î‹æ,35.87264722,139.6856889
—Î‹æ,35.87266111,139.6843444
—Î‹æ,35.872675,139.680075
—Î‹æ,35.87270278,139.6786611
—Î‹æ,35.87274444,139.6922833
—Î‹æ,35.87277778,139.6875778
—Î‹æ,35.87279167,139.695
—Î‹æ,35.87280278,139.6900278
—Î‹æ,35.87282778,139.7399667
—Î‹æ,35.87285,139.7388417
—Î‹æ,35.87286389,139.7436361
—Î‹æ,35.87288333,139.6890861
—Î‹æ,35.87290833,139.6717694
—Î‹æ,35.87291111,139.6890167
—Î‹æ,35.87294306,139.6986244
—Î‹æ,35.87294444,139.7045889
—Î‹æ,35.87295278,139.7389944
—Î‹æ,35.87295556,139.70515
—Î‹æ,35.87297222,139.6739639
—Î‹æ,35.87297222,139.7389889
—Î‹æ,35.87303056,139.703025
—Î‹æ,35.87307222,139.6912667
—Î‹æ,35.87308333,139.6993778
—Î‹æ,35.87309167,139.7422833
—Î‹æ,35.87309444,139.6872167
—Î‹æ,35.87310278,139.6756083
—Î‹æ,35.87310278,139.697425
—Î‹æ,35.87310278,139.6959861
—Î‹æ,35.87317222,139.7010222
—Î‹æ,35.873175,139.679275
—Î‹æ,35.873225,139.7059472
—Î‹æ,35.87325278,139.6770861
—Î‹æ,35.87329167,139.698025
—Î‹æ,35.8733,139.7373056
—Î‹æ,35.87330556,139.7008239
—Î‹æ,35.87333611,139.7411889
—Î‹æ,35.87338333,139.6872778
—Î‹æ,35.87339167,139.6858389
—Î‹æ,35.87339722,139.7017306
—Î‹æ,35.87343889,139.6933583
—Î‹æ,35.87351667,139.6831333
—Î‹æ,35.87352222,139.6955222
—Î‹æ,35.873525,139.7048528
—Î‹æ,35.87353056,139.6922028
—Î‹æ,35.87355833,139.6881028
—Î‹æ,35.87356944,139.7383361
—Î‹æ,35.87356944,139.6958389
—Î‹æ,35.873625,139.7264972
—Î‹æ,35.87367361,139.6979106
—Î‹æ,35.87369167,139.6941194
—Î‹æ,35.87369444,139.6941389
—Î‹æ,35.87369722,139.6941111
—Î‹æ,35.87371389,139.6914111
—Î‹æ,35.87372222,139.6941222
—Î‹æ,35.87375556,139.73925
—Î‹æ,35.87376667,139.7392944
—Î‹æ,35.87383611,139.7029028
—Î‹æ,35.87384444,139.6878583
—Î‹æ,35.87388889,139.7034333
—Î‹æ,35.87391667,139.6738167
—Î‹æ,35.87393611,139.6711722
—Î‹æ,35.87393611,139.6711722
—Î‹æ,35.87394722,139.6778028
—Î‹æ,35.873975,139.6726833
—Î‹æ,35.87398333,139.7046333
—Î‹æ,35.87400833,139.7382328
—Î‹æ,35.87401667,139.6745528
—Î‹æ,35.87401944,139.6917722
—Î‹æ,35.874025,139.72805
—Î‹æ,35.87403333,139.6970278
—Î‹æ,35.87404444,139.6764222
—Î‹æ,35.87406111,139.6861639
—Î‹æ,35.874075,139.6815028
—Î‹æ,35.87408889,139.6951056
—Î‹æ,35.87412222,139.6907639
—Î‹æ,35.874125,139.6992194
—Î‹æ,35.874125,139.6847694
—Î‹æ,35.87421667,139.6895306
—Î‹æ,35.87422778,139.7402333
—Î‹æ,35.87429444,139.6985389
—Î‹æ,35.87429444,139.7054667
—Î‹æ,35.87431667,139.6793194
—Î‹æ,35.87438278,139.7376289
—Î‹æ,35.87440278,139.6972033
—Î‹æ,35.87441111,139.6785306
—Î‹æ,35.87442222,139.6894444
—Î‹æ,35.87445889,139.7375258
—Î‹æ,35.87446389,139.7002522
—Î‹æ,35.87454444,139.6860028
—Î‹æ,35.87455833,139.6931278
—Î‹æ,35.87456111,139.6860722
—Î‹æ,35.87458889,139.6907556
—Î‹æ,35.87459722,139.6921167
—Î‹æ,35.87460833,139.6919806
—Î‹æ,35.87461111,139.7043028
—Î‹æ,35.87466389,139.6961528
—Î‹æ,35.87466944,139.7011222
—Î‹æ,35.87468056,139.6717789
—Î‹æ,35.87468889,139.6931056
—Î‹æ,35.87474722,139.70205
—Î‹æ,35.87476944,139.6754028
—Î‹æ,35.87478056,139.6705222
—Î‹æ,35.87479722,139.6870306
—Î‹æ,35.87479722,139.6943972
—Î‹æ,35.8748875,139.6883128
—Î‹æ,35.87488889,139.7383556
—Î‹æ,35.87489167,139.6823861
—Î‹æ,35.8749,139.6725017
—Î‹æ,35.87490833,139.698455
—Î‹æ,35.87491667,139.7386861
—Î‹æ,35.87491944,139.7409028
—Î‹æ,35.87495556,139.6905028
—Î‹æ,35.87499444,139.6857056
—Î‹æ,35.87505,139.7359194
—Î‹æ,35.87506667,139.6844389
—Î‹æ,35.875075,139.6738889
—Î‹æ,35.87509028,139.6996106
—Î‹æ,35.87509444,139.6782111
—Î‹æ,35.87513056,139.7287417
—Î‹æ,35.8751625,139.6713078
—Î‹æ,35.87517778,139.7420861
—Î‹æ,35.87525,139.6922483
—Î‹æ,35.87525556,139.7049111
—Î‹æ,35.87525833,139.7392389
—Î‹æ,35.87526389,139.6963456
—Î‹æ,35.87532222,139.6767917
—Î‹æ,35.87535278,139.7396222
—Î‹æ,35.87539722,139.6891639
—Î‹æ,35.87542222,139.7121278
—Î‹æ,35.87555833,139.7012639
—Î‹æ,35.87556944,139.7367972
—Î‹æ,35.87558333,139.6865194
—Î‹æ,35.87561944,139.68715
—Î‹æ,35.87562778,139.6919194
—Î‹æ,35.87564167,139.6988356
—Î‹æ,35.87565278,139.6930222
—Î‹æ,35.87571111,139.6805917
—Î‹æ,35.87572222,139.6846583
—Î‹æ,35.875735,139.7353383
—Î‹æ,35.87573611,139.6956278
—Î‹æ,35.87574722,139.740175
—Î‹æ,35.87578333,139.6771111
—Î‹æ,35.8757875,139.6910964
—Î‹æ,35.875825,139.6796583
—Î‹æ,35.87583056,139.7137306
—Î‹æ,35.87587361,139.7406894
—Î‹æ,35.87589722,139.6856611
—Î‹æ,35.87590278,139.7281083
—Î‹æ,35.87591944,139.6973083
—Î‹æ,35.875925,139.6946778
—Î‹æ,35.8759675,139.7421731
—Î‹æ,35.87598056,139.6714361
—Î‹æ,35.87601944,139.7376889
—Î‹æ,35.87604722,139.6934056
—Î‹æ,35.87605556,139.6877778
—Î‹æ,35.87610556,139.6890639
—Î‹æ,35.87612361,139.6899767
—Î‹æ,35.87613611,139.6723
—Î‹æ,35.876175,139.6929917
—Î‹æ,35.87619444,139.6851306
—Î‹æ,35.87623611,139.6731889
—Î‹æ,35.87623611,139.6761389
—Î‹æ,35.8762625,139.6916633
—Î‹æ,35.876275,139.7226306
—Î‹æ,35.87629722,139.6999333
—Î‹æ,35.87630417,139.6960806
—Î‹æ,35.876325,139.738
—Î‹æ,35.87636111,139.6953083
—Î‹æ,35.87637222,139.7397111
—Î‹æ,35.87640556,139.7254194
—Î‹æ,35.87640833,139.6740333
—Î‹æ,35.87641667,139.6833889
—Î‹æ,35.876425,139.6833944
—Î‹æ,35.876425,139.6856056
—Î‹æ,35.87642778,139.6862972
—Î‹æ,35.87643611,139.6712583
—Î‹æ,35.87644583,139.6981356
—Î‹æ,35.876485,139.734575
—Î‹æ,35.87649167,139.7359361
—Î‹æ,35.87649722,139.6791333
—Î‹æ,35.87654111,139.741935
—Î‹æ,35.87657778,139.7386361
—Î‹æ,35.87663889,139.6881111
—Î‹æ,35.87664167,139.6911778
—Î‹æ,35.87668611,139.6761417
—Î‹æ,35.87669167,139.684375
—Î‹æ,35.87676111,139.7244833
—Î‹æ,35.87677222,139.7293889
—Î‹æ,35.876775,139.7163722
—Î‹æ,35.87678333,139.7369194
—Î‹æ,35.87679722,139.6806167
—Î‹æ,35.87681389,139.6888639
—Î‹æ,35.87685556,139.6850167
—Î‹æ,35.87691111,139.6855139
—Î‹æ,35.87691111,139.6730028
—Î‹æ,35.87691944,139.6773194
—Î‹æ,35.87695,139.6862944
—Î‹æ,35.87700833,139.6870306
—Î‹æ,35.87703056,139.7309722
—Î‹æ,35.87703889,139.73095
—Î‹æ,35.87704167,139.6957083
—Î‹æ,35.87705222,139.6938356
—Î‹æ,35.87705278,139.7402444
—Î‹æ,35.87705833,139.681725
—Î‹æ,35.87706944,139.6779444
—Î‹æ,35.87707639,139.6993378
—Î‹æ,35.8770875,139.6974256
—Î‹æ,35.87712222,139.6899111
—Î‹æ,35.87719167,139.73975
—Î‹æ,35.87726667,139.6906928
—Î‹æ,35.87730833,139.6722194
—Î‹æ,35.87733611,139.6925278
—Î‹æ,35.87742222,139.685625
—Î‹æ,35.87745556,139.684675
—Î‹æ,35.87750278,139.7385667
—Î‹æ,35.87753611,139.7316389
—Î‹æ,35.87754306,139.6972872
—Î‹æ,35.87756028,139.6767386
—Î‹æ,35.87761389,139.6861028
—Î‹æ,35.87765556,139.6892639
—Î‹æ,35.87766667,139.6967833
—Î‹æ,35.87766944,139.6956194
—Î‹æ,35.87768889,139.7220417
—Î‹æ,35.87776389,139.7001311
—Î‹æ,35.87777222,139.6800278
—Î‹æ,35.877775,139.7374361
—Î‹æ,35.87778056,139.740625
—Î‹æ,35.87779722,139.6835083
—Î‹æ,35.87782222,139.7191944
—Î‹æ,35.87784722,139.6937861
—Î‹æ,35.87788333,139.6975861
—Î‹æ,35.87789167,139.7392278
—Î‹æ,35.87789306,139.7395517
—Î‹æ,35.87790278,139.6755111
—Î‹æ,35.87794167,139.6786611
—Î‹æ,35.87795,139.6986361
—Î‹æ,35.87795556,139.6819333
—Î‹æ,35.87796111,139.6864056
—Î‹æ,35.87801389,139.7233583
—Î‹æ,35.87801389,139.7303194
—Î‹æ,35.87813056,139.6902222
—Î‹æ,35.87813056,139.6726556
—Î‹æ,35.87826667,139.7118806
—Î‹æ,35.87828611,139.6887583
—Î‹æ,35.87829167,139.7334667
—Î‹æ,35.8783,139.6776944
—Î‹æ,35.8783,139.6738667
—Î‹æ,35.87835,139.6723172
—Î‹æ,35.87835278,139.74075
—Î‹æ,35.87835278,139.6783278
—Î‹æ,35.87836111,139.6796417
—Î‹æ,35.87840278,139.6844678
—Î‹æ,35.87842778,139.7262056
—Î‹æ,35.87850833,139.6765667
—Î‹æ,35.87854444,139.7249917
—Î‹æ,35.87854444,139.7414167
—Î‹æ,35.87854722,139.6829444
—Î‹æ,35.87855278,139.6847867
—Î‹æ,35.87856667,139.6919694
—Î‹æ,35.87857222,139.7389589
—Î‹æ,35.87857778,139.6967806
—Î‹æ,35.87862778,139.6852583
—Î‹æ,35.87862778,139.6834389
—Î‹æ,35.87864444,139.7455111
—Î‹æ,35.87868333,139.6806611
—Î‹æ,35.87870278,139.7385417
—Î‹æ,35.87874722,139.7216222
—Î‹æ,35.87875,139.6960861
—Î‹æ,35.87875,139.6989361
—Î‹æ,35.87875833,139.7215944
—Î‹æ,35.87879444,139.6871389
—Î‹æ,35.87879722,139.7277444
—Î‹æ,35.87885278,139.6750889
—Î‹æ,35.87886667,139.7319778
—Î‹æ,35.87886944,139.7347361
—Î‹æ,35.87888056,139.6842639
—Î‹æ,35.87889167,139.6893139
—Î‹æ,35.87894167,139.7237472
—Î‹æ,35.87895,139.7370306
—Î‹æ,35.87896389,139.7456694
—Î‹æ,35.87899167,139.7363222
—Î‹æ,35.87903611,139.6840444
—Î‹æ,35.879075,139.6785778
—Î‹æ,35.87910278,139.6981111
—Î‹æ,35.87910833,139.6951917
—Î‹æ,35.879125,139.672625
—Î‹æ,35.87914167,139.7291111
—Î‹æ,35.87914444,139.674125
—Î‹æ,35.87917222,139.6931667
—Î‹æ,35.87921667,139.737225
—Î‹æ,35.87923333,139.6822861
—Î‹æ,35.87923889,139.7183278
—Î‹æ,35.87925278,139.738325
—Î‹æ,35.87925278,139.6857306
—Î‹æ,35.87927222,139.6799778
—Î‹æ,35.87929444,139.7409083
—Î‹æ,35.87932222,139.7397139
—Î‹æ,35.87932222,139.7379806
—Î‹æ,35.879325,139.6963144
—Î‹æ,35.87933056,139.7427333
—Î‹æ,35.87935278,139.6908611
—Î‹æ,35.87937222,139.7402028
—Î‹æ,35.87937778,139.6851444
—Î‹æ,35.87940278,139.6732083
—Î‹æ,35.87941111,139.725175
—Î‹æ,35.87944444,139.6774167
—Î‹æ,35.87946111,139.6920583
—Î‹æ,35.87948056,139.6833194
—Î‹æ,35.8795,139.6897167
—Î‹æ,35.87952222,139.6872278
—Î‹æ,35.87953889,139.7447361
—Î‹æ,35.87955556,139.6993578
—Î‹æ,35.879575,139.7438111
—Î‹æ,35.87959444,139.7335556
—Î‹æ,35.87961944,139.7283472
—Î‹æ,35.87962222,139.7283361
—Î‹æ,35.87968611,139.6885389
—Î‹æ,35.87968889,139.7467167
—Î‹æ,35.87974167,139.681175
—Î‹æ,35.87977778,139.6847167
—Î‹æ,35.87983611,139.6720278
—Î‹æ,35.8798375,139.68587
—Î‹æ,35.87988611,139.7453
—Î‹æ,35.87988889,139.6747389
—Î‹æ,35.87989722,139.6943194
—Î‹æ,35.87990556,139.7150889
—Î‹æ,35.87994167,139.7266833
—Î‹æ,35.87995556,139.6973167
—Î‹æ,35.87995833,139.6834278
—Î‹æ,35.88000278,139.6901528
—Î‹æ,35.88002778,139.6760722
—Î‹æ,35.88004167,139.7376667
—Î‹æ,35.88007361,139.69516
—Î‹æ,35.88011389,139.7423917
—Î‹æ,35.88011944,139.6811556
—Î‹æ,35.88013889,139.6827139
—Î‹æ,35.88014444,139.7404639
—Î‹æ,35.88020278,139.678975
—Î‹æ,35.88020556,139.6892028
—Î‹æ,35.88024167,139.7275472
—Î‹æ,35.88027222,139.6915778
—Î‹æ,35.88031111,139.7417222
—Î‹æ,35.88031528,139.7126628
—Î‹æ,35.88034167,139.69837
—Î‹æ,35.88037778,139.6960667
—Î‹æ,35.88045,139.6871972
—Î‹æ,35.88059722,139.6731694
—Î‹æ,35.88061111,139.6954417
—Î‹æ,35.88061389,139.7438611
—Î‹æ,35.88062222,139.6717306
—Î‹æ,35.88062778,139.7306861
—Î‹æ,35.88065556,139.7389861
—Î‹æ,35.88068611,139.7343028
—Î‹æ,35.88068889,139.7259028
—Î‹æ,35.88073889,139.6882194
—Î‹æ,35.88073889,139.7455194
—Î‹æ,35.88076111,139.7359722
—Î‹æ,35.8808,139.7295167
—Î‹æ,35.88082222,139.6709194
—Î‹æ,35.88086944,139.7464528
—Î‹æ,35.88088472,139.715925
—Î‹æ,35.88089722,139.6749667
—Î‹æ,35.88090556,139.6765417
—Î‹æ,35.88093611,139.6824317
—Î‹æ,35.88094167,139.7401333
—Î‹æ,35.88094722,139.6944
—Î‹æ,35.88096944,139.6774306
—Î‹æ,35.881025,139.6894528
—Î‹æ,35.88102778,139.6853556
—Î‹æ,35.88103333,139.6783417
—Î‹æ,35.88107778,139.6794556
—Î‹æ,35.88109167,139.7266167
—Î‹æ,35.88112778,139.6835278
—Î‹æ,35.88116389,139.6799917
—Î‹æ,35.88116667,139.6928639
—Î‹æ,35.881175,139.6906278
—Î‹æ,35.88119722,139.6811306
—Î‹æ,35.881225,139.7299917
—Î‹æ,35.88125833,139.681815
—Î‹æ,35.88128611,139.6916806
—Î‹æ,35.88129444,139.6868889
—Î‹æ,35.88133611,139.6743111
—Î‹æ,35.88135,139.6805833
—Î‹æ,35.88135556,139.7327917
—Î‹æ,35.88136111,139.712125
—Î‹æ,35.88140556,139.7352194
—Î‹æ,35.88145,139.733475
—Î‹æ,35.88145,139.69455
—Î‹æ,35.88145833,139.7282806
—Î‹æ,35.88146194,139.6854403
—Î‹æ,35.88148333,139.6882889
—Î‹æ,35.88153944,139.7251686
—Î‹æ,35.88154444,139.7423444
—Î‹æ,35.88156389,139.7404639
—Î‹æ,35.88158889,139.7291472
—Î‹æ,35.88160556,139.6899167
—Î‹æ,35.88165278,139.7155744
—Î‹æ,35.88169167,139.7374361
—Î‹æ,35.88175278,139.6780083
—Î‹æ,35.88175833,139.7445306
—Î‹æ,35.88182222,139.7135667
—Î‹æ,35.88183611,139.6705917
—Î‹æ,35.88185556,139.6788778
—Î‹æ,35.88188889,139.6806583
—Î‹æ,35.88189722,139.7314333
—Î‹æ,35.8819,139.7455111
—Î‹æ,35.881925,139.7261611
—Î‹æ,35.881925,139.6727889
—Î‹æ,35.88193333,139.6769306
—Î‹æ,35.88193889,139.7293278
—Î‹æ,35.88196111,139.7347056
—Î‹æ,35.88196111,139.7301361
—Î‹æ,35.8819625,139.7387844
—Î‹æ,35.88197222,139.6956194
—Î‹æ,35.88198611,139.7334
—Î‹æ,35.88199444,139.7307889
—Î‹æ,35.88201667,139.7338333
—Î‹æ,35.88208611,139.6938667
—Î‹æ,35.88208889,139.7421778
—Î‹æ,35.88212778,139.6719111
—Î‹æ,35.88213889,139.6816722
—Î‹æ,35.8822,139.6832139
—Î‹æ,35.88225833,139.6738639
—Î‹æ,35.88228194,139.6809433
—Î‹æ,35.88228889,139.6922194
—Î‹æ,35.88238333,139.7300528
—Î‹æ,35.88238333,139.73005
—Î‹æ,35.88240278,139.7436056
—Î‹æ,35.88241667,139.6913306
—Î‹æ,35.88242361,139.6951917
—Î‹æ,35.88244722,139.6751333
—Î‹æ,35.88245833,139.6873194
—Î‹æ,35.88246667,139.7331611
—Î‹æ,35.882475,139.7285139
—Î‹æ,35.88248889,139.6703833
—Î‹æ,35.88255278,139.6962417
—Î‹æ,35.88257222,139.7301528
—Î‹æ,35.88259167,139.7244278
—Î‹æ,35.882625,139.7298111
—Î‹æ,35.882675,139.7312028
—Î‹æ,35.88269167,139.7342639
—Î‹æ,35.8827,139.7313056
—Î‹æ,35.88271111,139.6784944
—Î‹æ,35.88271111,139.7368778
—Î‹æ,35.88271389,139.684175
—Î‹æ,35.88274444,139.7322389
—Î‹æ,35.88275278,139.6869028
—Î‹æ,35.882775,139.730525
—Î‹æ,35.88280556,139.7352222
—Î‹æ,35.88283889,139.7376444
—Î‹æ,35.88288333,139.7403028
—Î‹æ,35.88289444,139.6950944
—Î‹æ,35.882925,139.6692944
—Î‹æ,35.88294444,139.6765028
—Î‹æ,35.88294444,139.6883194
—Î‹æ,35.88295,139.6883083
—Î‹æ,35.88296667,139.6735944
—Î‹æ,35.88297778,139.7430917
—Î‹æ,35.88298333,139.6899056
—Î‹æ,35.88300278,139.7431111
—Î‹æ,35.88301389,139.67135
—Î‹æ,35.88304722,139.6799056
—Î‹æ,35.8831,139.682925
—Î‹æ,35.88310833,139.7372656
—Î‹æ,35.88311389,139.732175
—Î‹æ,35.88312778,139.7307528
—Î‹æ,35.88314167,139.7112861
—Î‹æ,35.88315278,139.6944933
—Î‹æ,35.88316111,139.7358278
—Î‹æ,35.88325556,139.6842028
—Î‹æ,35.88326111,139.6842278
—Î‹æ,35.88327222,139.7280806
—Î‹æ,35.88328333,139.6788083
—Î‹æ,35.88328333,139.6744361
—Î‹æ,35.88330833,139.6969706
—Î‹æ,35.88331111,139.6926917
—Î‹æ,35.88331111,139.71325
—Î‹æ,35.88331944,139.6866861
—Î‹æ,35.88331944,139.7442861
—Î‹æ,35.88335,139.731325
—Î‹æ,35.88336944,139.6773028
—Î‹æ,35.88344444,139.7298167
—Î‹æ,35.88346111,139.7284139
—Î‹æ,35.88349722,139.7330028
—Î‹æ,35.88350556,139.6960556
—Î‹æ,35.88360556,139.7258833
—Î‹æ,35.88362778,139.741525
—Î‹æ,35.88375556,139.6728222
—Î‹æ,35.88375556,139.6938806
—Î‹æ,35.88376944,139.7120694
—Î‹æ,35.88379444,139.6755611
—Î‹æ,35.88381389,139.7321694
—Î‹æ,35.88381667,139.6697306
—Î‹æ,35.88381944,139.7090333
—Î‹æ,35.88384167,139.6911583
—Î‹æ,35.88384667,139.6805372
—Î‹æ,35.88388611,139.6925939
—Î‹æ,35.88390556,139.7294111
—Î‹æ,35.88393889,139.6717028
—Î‹æ,35.88393889,139.6884639
—Î‹æ,35.88399444,139.7325806
—Î‹æ,35.88404167,139.7267306
—Î‹æ,35.88404444,139.7323528
—Î‹æ,35.88406944,139.6768972
—Î‹æ,35.884075,139.6789167
—Î‹æ,35.88408611,139.7304667
—Î‹æ,35.88408889,139.6799556
—Î‹æ,35.88415278,139.6951639
—Î‹æ,35.88416389,139.7193167
—Î‹æ,35.884175,139.7277722
—Î‹æ,35.88418056,139.7329778
—Î‹æ,35.88420833,139.7335728
—Î‹æ,35.88422222,139.68305
—Î‹æ,35.88426667,139.6919833
—Î‹æ,35.88429722,139.7314361
—Î‹æ,35.88432222,139.6964028
—Î‹æ,35.88433056,139.7305
—Î‹æ,35.88437778,139.6863333
—Î‹æ,35.8844125,139.6946356
—Î‹æ,35.88441389,139.6721111
—Î‹æ,35.88441667,139.6934667
—Î‹æ,35.88450833,139.6848528
—Î‹æ,35.88451667,139.6710361
—Î‹æ,35.88456111,139.6779528
—Î‹æ,35.88456389,139.7330111
—Î‹æ,35.88459167,139.6817333
—Î‹æ,35.8846,139.6701472
—Î‹æ,35.8846,139.7394833
—Î‹æ,35.88460278,139.7156528
—Î‹æ,35.88460833,139.7347833
—Î‹æ,35.88461111,139.6737861
—Î‹æ,35.88463889,139.6685
—Î‹æ,35.88464444,139.7335444
—Î‹æ,35.88465,139.6899222
—Î‹æ,35.88468056,139.7360344
—Î‹æ,35.88469167,139.7298639
—Î‹æ,35.88470278,139.72905
—Î‹æ,35.88473333,139.7101472
—Î‹æ,35.88476389,139.6805111
—Î‹æ,35.88476944,139.6949856
—Î‹æ,35.88477222,139.7274
—Î‹æ,35.88478056,139.7320278
—Î‹æ,35.88482778,139.7379333
—Î‹æ,35.88485833,139.6928139
—Î‹æ,35.88486667,139.6754278
—Î‹æ,35.88487778,139.7297806
—Î‹æ,35.88489722,139.7311833
—Î‹æ,35.88490278,139.6963333
—Î‹æ,35.88497222,139.6856694
—Î‹æ,35.88499722,139.6762944
—Î‹æ,35.88500556,139.7122889
—Î‹æ,35.88501944,139.7185917
—Î‹æ,35.885025,139.6873972
—Î‹æ,35.88503611,139.69445
—Î‹æ,35.8850625,139.697425
—Î‹æ,35.88509167,139.679125
—Î‹æ,35.88509444,139.6957028
—Î‹æ,35.88510278,139.6689417
—Î‹æ,35.88511944,139.7326056
—Î‹æ,35.88512222,139.6729944
—Î‹æ,35.88521111,139.728275
—Î‹æ,35.88525556,139.6890139
—Î‹æ,35.88528889,139.7291667
—Î‹æ,35.88535972,139.6999167
—Î‹æ,35.88539444,139.7340722
—Î‹æ,35.88539722,139.7259889
—Î‹æ,35.88545278,139.6915083
—Î‹æ,35.88546111,139.73345
—Î‹æ,35.88547222,139.670725
—Î‹æ,35.88552778,139.7304583
—Î‹æ,35.88555278,139.6720806
—Î‹æ,35.885575,139.679125
—Î‹æ,35.88558611,139.7348006
—Î‹æ,35.88558889,139.6775861
—Î‹æ,35.88559167,139.6991028
—Î‹æ,35.88559444,139.674425
—Î‹æ,35.88560833,139.7289306
—Î‹æ,35.88561111,139.6845889
—Î‹æ,35.88561111,139.6963056
—Î‹æ,35.88561389,139.7391083
—Î‹æ,35.88561944,139.66795
—Î‹æ,35.88565278,139.7325167
—Î‹æ,35.88565556,139.6757639
—Î‹æ,35.88567222,139.6731417
—Î‹æ,35.88569722,139.7268917
—Î‹æ,35.88569722,139.6835444
—Î‹æ,35.88571111,139.6823139
—Î‹æ,35.88578056,139.6952528
—Î‹æ,35.88578472,139.7376239
—Î‹æ,35.88578889,139.6833556
—Î‹æ,35.8858,139.6802333
—Î‹æ,35.88581111,139.6865222
—Î‹æ,35.88582778,139.7196861
—Î‹æ,35.88590417,139.6969756
—Î‹æ,35.88596667,139.6881917
—Î‹æ,35.88598889,139.7283861
—Î‹æ,35.88600556,139.6980333
—Î‹æ,35.88601667,139.7245333
—Î‹æ,35.88602778,139.7319694
—Î‹æ,35.88603611,139.6939333
—Î‹æ,35.88606667,139.7335778
—Î‹æ,35.88607778,139.6808583
—Î‹æ,35.88609167,139.6815639
—Î‹æ,35.88611944,139.6971083
—Î‹æ,35.88614306,139.7000189
—Î‹æ,35.88614722,139.7295111
—Î‹æ,35.88615,139.7335083
—Î‹æ,35.88617778,139.6928028
—Î‹æ,35.886225,139.6721389
—Î‹æ,35.88623056,139.6964167
—Î‹æ,35.88624722,139.6778139
—Î‹æ,35.88625556,139.6684028
—Î‹æ,35.8863,139.7328722
—Î‹æ,35.88630556,139.6832556
—Î‹æ,35.88631667,139.6754056
—Î‹æ,35.88636667,139.6904778
—Î‹æ,35.886375,139.670175
—Î‹æ,35.88637778,139.737975
—Î‹æ,35.88639167,139.6764694
—Î‹æ,35.88641667,139.6688639
—Î‹æ,35.88643889,139.7319444
—Î‹æ,35.88645,139.7214028
—Î‹æ,35.88645278,139.6989139
—Î‹æ,35.88646111,139.6917222
—Î‹æ,35.88646944,139.7299222
—Î‹æ,35.886475,139.6737556
—Î‹æ,35.88655,139.6787028
—Î‹æ,35.88658333,139.7117028
—Î‹æ,35.88659167,139.6790306
—Î‹æ,35.88660833,139.6801778
—Î‹æ,35.88661389,139.6970861
—Î‹æ,35.88661944,139.7227917
—Î‹æ,35.88664167,139.6710167
—Î‹æ,35.88672917,139.7204764
—Î‹æ,35.88675,139.7338617
—Î‹æ,35.88675694,139.6954456
—Î‹æ,35.88683056,139.730325
—Î‹æ,35.88684167,139.6845222
—Î‹æ,35.88686389,139.733025
—Î‹æ,35.88686667,139.6982972
—Î‹æ,35.88688333,139.718075
—Î‹æ,35.88688889,139.6999367
—Î‹æ,35.88689167,139.7306639
—Î‹æ,35.88690278,139.7390639
—Î‹æ,35.88694167,139.6893889
—Î‹æ,35.88694444,139.7319
—Î‹æ,35.88696111,139.7319083
—Î‹æ,35.88696389,139.731315
—Î‹æ,35.88698056,139.7104028
—Î‹æ,35.88698889,139.6774583
—Î‹æ,35.88703472,139.7296517
—Î‹æ,35.88703889,139.6784028
—Î‹æ,35.88704167,139.6668722
—Î‹æ,35.88706389,139.6921139
—Î‹æ,35.88711111,139.6698972
—Î‹æ,35.88716389,139.7192256
—Î‹æ,35.88716944,139.6989611
—Î‹æ,35.88728333,139.6674167
—Î‹æ,35.88732778,139.7361289
—Î‹æ,35.88733889,139.6753861
—Î‹æ,35.88734444,139.7371417
—Î‹æ,35.8874,139.7312417
—Î‹æ,35.88741111,139.7309583
—Î‹æ,35.88741944,139.7309389
—Î‹æ,35.88744722,139.7128861
—Î‹æ,35.88749722,139.6714056
—Î‹æ,35.88752444,139.69136
—Î‹æ,35.887525,139.6688889
—Î‹æ,35.88754028,139.7324689
—Î‹æ,35.88755833,139.6834389
—Î‹æ,35.88758611,139.7091083
—Î‹æ,35.88759583,139.7320461
—Î‹æ,35.88761667,139.6702611
—Î‹æ,35.887625,139.6675778
—Î‹æ,35.88763889,139.6744222
—Î‹æ,35.887675,139.6726778
—Î‹æ,35.88769722,139.7189978
—Î‹æ,35.88771667,139.6758306
—Î‹æ,35.88773361,139.7401017
—Î‹æ,35.88775556,139.7389944
—Î‹æ,35.88780278,139.7301311
—Î‹æ,35.887825,139.7079639
—Î‹æ,35.88784722,139.6801556
—Î‹æ,35.88791944,139.7269333
—Î‹æ,35.88792222,139.6769417
—Î‹æ,35.88793889,139.6665778
—Î‹æ,35.88796111,139.6737111
—Î‹æ,35.88804444,139.7307806
—Î‹æ,35.88805,139.7161194
—Î‹æ,35.88809722,139.7304794
—Î‹æ,35.88816111,139.677725
—Î‹æ,35.88821667,139.6765806
—Î‹æ,35.88825278,139.6691917
—Î‹æ,35.88833889,139.7181417
—Î‹æ,35.88834167,139.674175
—Î‹æ,35.88835,139.7383556
—Î‹æ,35.88835278,139.6728417
—Î‹æ,35.88835556,139.7383611
—Î‹æ,35.88837778,139.6705694
—Î‹æ,35.88841389,139.7317611
—Î‹æ,35.88845833,139.6753389
—Î‹æ,35.88846111,139.7293906
—Î‹æ,35.88848889,139.7363611
—Î‹æ,35.88860444,139.6714225
—Î‹æ,35.88860833,139.6673778
—Î‹æ,35.88873889,139.7112167
—Î‹æ,35.88878611,139.7303094
—Î‹æ,35.88881667,139.6689056
—Î‹æ,35.88881667,139.6688639
—Î‹æ,35.88884444,139.6801639
—Î‹æ,35.88886111,139.7279194
—Î‹æ,35.888975,139.7350444
—Î‹æ,35.88903056,139.7321639
—Î‹æ,35.88909444,139.6754333
—Î‹æ,35.88912694,139.6719903
—Î‹æ,35.88918472,139.7258983
—Î‹æ,35.88920556,139.7134306
—Î‹æ,35.88921111,139.7302972
—Î‹æ,35.88921667,139.6740083
—Î‹æ,35.88937778,139.6683694
—Î‹æ,35.88940278,139.67085
—Î‹æ,35.88945278,139.6688444
—Î‹æ,35.88951528,139.7280933
—Î‹æ,35.88954167,139.7393222
—Î‹æ,35.88958056,139.6725944
—Î‹æ,35.88963333,139.7306972
—Î‹æ,35.88969167,139.7387222
—Î‹æ,35.88969444,139.7167611
—Î‹æ,35.88971944,139.71901
—Î‹æ,35.88975833,139.7375722
—Î‹æ,35.88979444,139.729535
—Î‹æ,35.88981667,139.735525
—Î‹æ,35.88996667,139.7132917
—Î‹æ,35.89012778,139.6685611
—Î‹æ,35.89013611,139.6695
—Î‹æ,35.890175,139.7266667
—Î‹æ,35.89020139,139.7326439
—Î‹æ,35.89025139,139.7342483
—Î‹æ,35.89030139,139.7279628
—Î‹æ,35.89031667,139.7270139
—Î‹æ,35.89042222,139.7171194
—Î‹æ,35.89051944,139.7316772
—Î‹æ,35.89059583,139.7182267
—Î‹æ,35.89061389,139.7299778
—Î‹æ,35.89082222,139.6686972
—Î‹æ,35.89086944,139.6697
—Î‹æ,35.8908825,139.7259364
—Î‹æ,35.89098611,139.7385333
—Î‹æ,35.89099444,139.7385333
—Î‹æ,35.891,139.7368083
—Î‹æ,35.89104444,139.7064111
—Î‹æ,35.891125,139.7287028
—Î‹æ,35.89120556,139.715975
—Î‹æ,35.89120556,139.7102444
—Î‹æ,35.89121389,139.7102556
—Î‹æ,35.89124028,139.730175
—Î‹æ,35.89134444,139.7338556
—Î‹æ,35.89137778,139.7246917
—Î‹æ,35.89148194,139.7353978
—Î‹æ,35.89160417,139.7319444
—Î‹æ,35.89161389,139.7150361
—Î‹æ,35.89164389,139.7268514
—Î‹æ,35.891855,139.7368344
—Î‹æ,35.89193889,139.7170556
—Î‹æ,35.89208056,139.7119611
—Î‹æ,35.89209722,139.730075
—Î‹æ,35.89215278,139.7137389
—Î‹æ,35.89218889,139.7207639
—Î‹æ,35.89230556,139.7287072
—Î‹æ,35.89251944,139.7096528
—Î‹æ,35.89252778,139.7238556
—Î‹æ,35.89252861,139.7259017
—Î‹æ,35.89258889,139.7156111
—Î‹æ,35.89259722,139.7313917
—Î‹æ,35.89259972,139.714755
—Î‹æ,35.89265972,139.7350022
—Î‹æ,35.89303611,139.7342011
—Î‹æ,35.89305,139.713775
—Î‹æ,35.89322611,139.72725
—Î‹æ,35.89323056,139.7108472
—Î‹æ,35.89328889,139.7239417
—Î‹æ,35.89334444,139.7322917
—Î‹æ,35.89334944,139.724505
—Î‹æ,35.89335833,139.7244583
—Î‹æ,35.89339861,139.7289533
—Î‹æ,35.89341778,139.7219706
—Î‹æ,35.8934875,139.7203889
—Î‹æ,35.89352361,139.73042
—Î‹æ,35.89376667,139.7155528
—Î‹æ,35.8939875,139.723005
—Î‹æ,35.89400556,139.7164556
—Î‹æ,35.89403056,139.7213806
—Î‹æ,35.89405556,139.7116194
—Î‹æ,35.89426389,139.7218667
—Î‹æ,35.89434167,139.7179639
—Î‹æ,35.89446944,139.7301306
—Î‹æ,35.89456528,139.7306211
—Î‹æ,35.89458611,139.668275
—Î‹æ,35.8946,139.732525
—Î‹æ,35.8946,139.7236556
—Î‹æ,35.89460278,139.7233389
—Î‹æ,35.89468611,139.7277194
—Î‹æ,35.89475417,139.7314133
—Î‹æ,35.89495278,139.7107306
—Î‹æ,35.89495556,139.7107306
—Î‹æ,35.89497778,139.713625
—Î‹æ,35.89498556,139.72885
—Î‹æ,35.89511667,139.7188583
—Î‹æ,35.89517778,139.7235444
—Î‹æ,35.89524167,139.7220278
—Î‹æ,35.89526389,139.7248056
—Î‹æ,35.89536389,139.7220389
—Î‹æ,35.89539444,139.7124667
—Î‹æ,35.89549722,139.7339528
—Î‹æ,35.89555833,139.7204083
—Î‹æ,35.89560694,139.7264289
—Î‹æ,35.89563056,139.72835
—Î‹æ,35.8957325,139.7317881
—Î‹æ,35.89586944,139.7155222
—Î‹æ,35.89596111,139.7177694
—Î‹æ,35.89599306,139.7254911
—Î‹æ,35.89603056,139.7095889
—Î‹æ,35.89604722,139.7070889
—Î‹æ,35.89607028,139.7307917
—Î‹æ,35.89611944,139.7335178
—Î‹æ,35.89617806,139.7283828
—Î‹æ,35.89619861,139.7296683
—Î‹æ,35.89638889,139.724125
—Î‹æ,35.89659722,139.713025
—Î‹æ,35.89689167,139.7086806
—Î‹æ,35.89690361,139.7249478
—Î‹æ,35.896925,139.7167583
—Î‹æ,35.897,139.7269611
—Î‹æ,35.897275,139.7159444
—Î‹æ,35.89730278,139.7322583
—Î‹æ,35.89737361,139.7292389
—Î‹æ,35.89757222,139.7310139
—Î‹æ,35.89769722,139.7148778
—Î‹æ,35.89770556,139.7076472
—Î‹æ,35.89814167,139.7125028
—Î‹æ,35.89824444,139.7105361
—Î‹æ,35.89825,139.7105361
—Î‹æ,35.89825056,139.7270836
—Î‹æ,35.89832472,139.7254778
—Î‹æ,35.89848611,139.7071311
—Î‹æ,35.89861528,139.7286039
—Î‹æ,35.89906944,139.7130167
—Î‹æ,35.89922583,139.7270447
—Î‹æ,35.89944806,139.7083428
—Î‹æ,35.89949167,139.7138861
—Î‹æ,35.8996,139.7064722
—Î‹æ,35.89965,139.7094556
—Î‹æ,35.9001925,139.7256686
—Î‹æ,35.90020278,139.7091694
—Î‹æ,35.90028611,139.7072889
—Î‹æ,35.90030278,139.7062361
—Î‹æ,35.90063694,139.7175244
—Î‹æ,35.90097778,139.7075944
—Î‹æ,35.90118889,139.7110972
—Î‹æ,35.90148333,139.712775
—Î‹æ,35.90161944,139.7163289
—Î‹æ,35.90164306,139.7085619
—Î‹æ,35.90168611,139.7183169
—Î‹æ,35.90177222,139.7058472
—Î‹æ,35.90183056,139.7147167
—Î‹æ,35.90185,139.7094306
—Î‹æ,35.90198056,139.7065778
—Î‹æ,35.90201806,139.7248044
—Î‹æ,35.90223333,139.7137861
—Î‹æ,35.90256389,139.7073528
—Î‹æ,35.90261472,139.7103503
—Î‹æ,35.90264667,139.7118933
—Î‹æ,35.90274722,139.7021806
—Î‹æ,35.90283889,139.7093667
—Î‹æ,35.90296389,139.70575
—Î‹æ,35.90297778,139.7173194
—Î‹æ,35.90299722,139.7173083
—Î‹æ,35.90311806,139.7105553
—Î‹æ,35.90316389,139.7220667
—Î‹æ,35.90328056,139.714875
—Î‹æ,35.90328889,139.7212306
—Î‹æ,35.90328889,139.7225028
—Î‹æ,35.90331389,139.7186833
—Î‹æ,35.90331944,139.7236972
—Î‹æ,35.90333472,139.7205028
—Î‹æ,35.90335,139.7185333
—Î‹æ,35.90336944,139.7082028
—Î‹æ,35.90342167,139.7137478
—Î‹æ,35.90383611,139.7209361
—Î‹æ,35.90399444,139.7050861
—Î‹æ,35.90402778,139.7091194
—Î‹æ,35.90405556,139.7230222
—Î‹æ,35.90415278,139.7068639
—Î‹æ,35.90417222,139.7215322
—Î‹æ,35.90434167,139.7013944
—Î‹æ,35.90435556,139.7099111
—Î‹æ,35.90437222,139.7168278
—Î‹æ,35.90447917,139.7166594
—Î‹æ,35.90456111,139.7147472
—Î‹æ,35.904625,139.7147
—Î‹æ,35.90491667,139.7181772
—Î‹æ,35.90501667,139.720075
—Î‹æ,35.90501667,139.7169667
—Î‹æ,35.90503611,139.7199944
—Î‹æ,35.90515,139.6987667
—Î‹æ,35.90526389,139.707675
—Î‹æ,35.90535139,139.7202033
—Î‹æ,35.90546389,139.7033639
—Î‹æ,35.90546667,139.7155444
—Î‹æ,35.90579167,139.7020778
—Î‹æ,35.90584028,139.714445
—Î‹æ,35.90585,139.6982639
—Î‹æ,35.90586944,139.7141333
—Î‹æ,35.90597778,139.7001722
—Î‹æ,35.90607778,139.7007444
—Î‹æ,35.90613333,139.7165367
—Î‹æ,35.906525,139.6973133
—Î‹æ,35.90660278,139.7118472
—Î‹æ,35.90664722,139.6993333
—Î‹æ,35.90675278,139.7023944
—Î‹æ,35.9068,139.7124206
—Î‹æ,35.9069,139.7041778
—Î‹æ,35.90715556,139.7096556
—Î‹æ,35.90728056,139.7028639
—Î‹æ,35.90740278,139.7089139
—Î‹æ,35.90745556,139.6983667
—Î‹æ,35.90825556,139.6976639
—Î‹æ,35.90905278,139.6985389
—Î‹æ,35.90916667,139.6968222
—Î‹æ,35.90965556,139.7078972
—Î‹æ,35.91112778,139.7054528
—Î‹æ,35.91218056,139.704525
—Î‹æ,38.08266944,155.68025
Šâ’Î‹æ,35.88043333,139.7510778
Šâ’Î‹æ,35.88098889,139.7522417
Šâ’Î‹æ,35.88185,139.7503694
Šâ’Î‹æ,35.88294444,139.7514806
Šâ’Î‹æ,35.88299167,139.7488833
Šâ’Î‹æ,35.8838,139.7469139
Šâ’Î‹æ,35.88444444,139.7506861
Šâ’Î‹æ,35.88488333,139.7454389
Šâ’Î‹æ,35.88522222,139.7494139
Šâ’Î‹æ,35.88541944,139.7439944
Šâ’Î‹æ,35.88583889,139.74855
Šâ’Î‹æ,35.88625278,139.7430806
Šâ’Î‹æ,35.88649444,139.7504389
Šâ’Î‹æ,35.88660833,139.7474917
Šâ’Î‹æ,35.88668889,139.7420056
Šâ’Î‹æ,35.88671667,139.7429139
Šâ’Î‹æ,35.88750278,139.7463028
Šâ’Î‹æ,35.88809167,139.7407556
Šâ’Î‹æ,35.88816389,139.7408583
Šâ’Î‹æ,35.88833889,139.7477667
Šâ’Î‹æ,35.88850833,139.7475861
Šâ’Î‹æ,35.88875556,139.7448278
Šâ’Î‹æ,35.88931944,139.7467139
Šâ’Î‹æ,35.88932778,139.7482861
Šâ’Î‹æ,35.88932778,139.7483111
Šâ’Î‹æ,35.8902,139.7403611
Šâ’Î‹æ,35.89051111,139.7455028
Šâ’Î‹æ,35.89122222,139.747325
Šâ’Î‹æ,35.89155,139.7416944
Šâ’Î‹æ,35.89162222,139.7446917
Šâ’Î‹æ,35.89190278,139.7505
Šâ’Î‹æ,35.89193333,139.7478917
Šâ’Î‹æ,35.89240556,139.7551806
Šâ’Î‹æ,35.89243611,139.7394069
Šâ’Î‹æ,35.89253889,139.7538833
Šâ’Î‹æ,35.89267889,139.7379961
Šâ’Î‹æ,35.89272222,139.7494917
Šâ’Î‹æ,35.89293333,139.7436972
Šâ’Î‹æ,35.89306667,139.7461833
Šâ’Î‹æ,35.89311389,139.7403806
Šâ’Î‹æ,35.89371667,139.7425278
Šâ’Î‹æ,35.89371944,139.7472778
Šâ’Î‹æ,35.89376667,139.7374
Šâ’Î‹æ,35.89391389,139.7447778
Šâ’Î‹æ,35.89430833,139.7403889
Šâ’Î‹æ,35.89433361,139.7362489
Šâ’Î‹æ,35.89435972,139.7386844
Šâ’Î‹æ,35.89486389,139.7414056
Šâ’Î‹æ,35.89486667,139.743225
Šâ’Î‹æ,35.89492778,139.7370372
Šâ’Î‹æ,35.89502778,139.7442639
Šâ’Î‹æ,35.89528583,139.7388431
Šâ’Î‹æ,35.89531389,139.7380417
Šâ’Î‹æ,35.89578111,139.7363189
Šâ’Î‹æ,35.89581389,139.7371439
Šâ’Î‹æ,35.89582722,139.7398278
Šâ’Î‹æ,35.89591389,139.7431778
Šâ’Î‹æ,35.896025,139.7408347
Šâ’Î‹æ,35.89635611,139.7376597
Šâ’Î‹æ,35.89646667,139.7348106
Šâ’Î‹æ,35.89653333,139.7388706
Šâ’Î‹æ,35.89654444,139.7389472
Šâ’Î‹æ,35.89656389,139.7366417
Šâ’Î‹æ,35.89679444,139.7413111
Šâ’Î‹æ,35.89681222,139.7359189
Šâ’Î‹æ,35.89688889,139.7403472
Šâ’Î‹æ,35.89728778,139.7366072
Šâ’Î‹æ,35.89733472,139.7330506
Šâ’Î‹æ,35.89749861,139.7382389
Šâ’Î‹æ,35.89754028,139.7402606
Šâ’Î‹æ,35.89758889,139.7426333
Šâ’Î‹æ,35.89761944,139.7404083
Šâ’Î‹æ,35.89762361,139.7341544
Šâ’Î‹æ,35.89766806,139.7393878
Šâ’Î‹æ,35.89803194,139.7370322
Šâ’Î‹æ,35.89815417,139.7318144
Šâ’Î‹æ,35.89820278,139.7347044
Šâ’Î‹æ,35.89828472,139.7341656
Šâ’Î‹æ,35.89849028,139.7352222
Šâ’Î‹æ,35.89872083,139.7389411
Šâ’Î‹æ,35.89881611,139.7381731
Šâ’Î‹æ,35.89887778,139.732455
Šâ’Î‹æ,35.89891389,139.7337256
Šâ’Î‹æ,35.89894222,139.7346047
Šâ’Î‹æ,35.89900139,139.7310144
Šâ’Î‹æ,35.89926667,139.7355956
Šâ’Î‹æ,35.89928333,139.732805
Šâ’Î‹æ,35.89928611,139.7368389
Šâ’Î‹æ,35.89959028,139.7378189
Šâ’Î‹æ,35.89978333,139.7334194
Šâ’Î‹æ,35.89983167,139.7357947
Šâ’Î‹æ,35.89992306,139.7394364
Šâ’Î‹æ,35.89995139,139.7313122
Šâ’Î‹æ,35.89997917,139.7323711
Šâ’Î‹æ,35.90005,139.7348306
Šâ’Î‹æ,35.90025278,139.7300106
Šâ’Î‹æ,35.90053889,139.747325
Šâ’Î‹æ,35.90076056,139.7378231
Šâ’Î‹æ,35.90077778,139.7313556
Šâ’Î‹æ,35.90078056,139.7306278
Šâ’Î‹æ,35.90088056,139.7360917
Šâ’Î‹æ,35.90101278,139.7351897
Šâ’Î‹æ,35.90107361,139.7338922
Šâ’Î‹æ,35.90110556,139.7551972
Šâ’Î‹æ,35.90111389,139.7314022
Šâ’Î‹æ,35.90112194,139.7298736
Šâ’Î‹æ,35.90114417,139.7356772
Šâ’Î‹æ,35.90135833,139.7445306
Šâ’Î‹æ,35.90139861,139.7320878
Šâ’Î‹æ,35.90171528,139.7301344
Šâ’Î‹æ,35.90180972,139.73072
Šâ’Î‹æ,35.90199972,139.7347856
Šâ’Î‹æ,35.90232389,139.7314675
Šâ’Î‹æ,35.90236528,139.7279383
Šâ’Î‹æ,35.90237778,139.7288528
Šâ’Î‹æ,35.90238333,139.7333167
Šâ’Î‹æ,35.90242222,139.7301972
Šâ’Î‹æ,35.902425,139.7301917
Šâ’Î‹æ,35.90249167,139.7468694
Šâ’Î‹æ,35.90279306,139.7338619
Šâ’Î‹æ,35.90282556,139.7297336
Šâ’Î‹æ,35.90285,139.7336306
Šâ’Î‹æ,35.90290278,139.7461417
Šâ’Î‹æ,35.90291944,139.7504194
Šâ’Î‹æ,35.90306167,139.7305178
Šâ’Î‹æ,35.90319667,139.7332653
Šâ’Î‹æ,35.90320417,139.7326028
Šâ’Î‹æ,35.90332583,139.7333314
Šâ’Î‹æ,35.90358056,139.7314361
Šâ’Î‹æ,35.90369722,139.7545417
Šâ’Î‹æ,35.90382278,139.7296803
Šâ’Î‹æ,35.90393889,139.72615
Šâ’Î‹æ,35.90420278,139.7321728
Šâ’Î‹æ,35.9044375,139.7477753
Šâ’Î‹æ,35.904575,139.7310778
Šâ’Î‹æ,35.90473472,139.7249017
Šâ’Î‹æ,35.90498611,139.727325
Šâ’Î‹æ,35.90533056,139.7280306
Šâ’Î‹æ,35.9053675,139.7227986
Šâ’Î‹æ,35.90538056,139.7541278
Šâ’Î‹æ,35.90565,139.7306222
Šâ’Î‹æ,35.90598333,139.733975
Šâ’Î‹æ,35.90598611,139.7339556
Šâ’Î‹æ,35.90601944,139.7213194
Šâ’Î‹æ,35.90621667,139.7194361
Šâ’Î‹æ,35.90638056,139.7301722
Šâ’Î‹æ,35.90649444,139.7181389
Šâ’Î‹æ,35.90659167,139.7369
Šâ’Î‹æ,35.90665833,139.7299694
Šâ’Î‹æ,35.90698889,139.7260361
Šâ’Î‹æ,35.907175,139.7356056
Šâ’Î‹æ,35.90731389,139.7162639
Šâ’Î‹æ,35.90748889,139.7379028
Šâ’Î‹æ,35.90783889,139.728175
Šâ’Î‹æ,35.90791389,139.7340778
Šâ’Î‹æ,35.90803333,139.7229278
Šâ’Î‹æ,35.90806389,139.7534833
Šâ’Î‹æ,35.90812778,139.7297556
Šâ’Î‹æ,35.908575,139.7151194
Šâ’Î‹æ,35.90886667,139.7319333
Šâ’Î‹æ,35.909075,139.7302333
Šâ’Î‹æ,35.909125,139.7135111
Šâ’Î‹æ,35.90923889,139.7155917
Šâ’Î‹æ,35.90925278,139.7403222
Šâ’Î‹æ,35.90929722,139.7403139
Šâ’Î‹æ,35.90932222,139.7266611
Šâ’Î‹æ,35.90961944,139.7350167
Šâ’Î‹æ,35.90966389,139.7118417
Šâ’Î‹æ,35.909675,139.7118361
Šâ’Î‹æ,35.90994444,139.7324139
Šâ’Î‹æ,35.91005,139.7428056
Šâ’Î‹æ,35.91057639,139.7467928
Šâ’Î‹æ,35.91059444,139.7338444
Šâ’Î‹æ,35.91092639,139.70824
Šâ’Î‹æ,35.91109167,139.7124056
Šâ’Î‹æ,35.91112778,139.73735
Šâ’Î‹æ,35.91114722,139.7248722
Šâ’Î‹æ,35.91122778,139.7275667
Šâ’Î‹æ,35.91146389,139.7314917
Šâ’Î‹æ,35.91164583,139.7184844
Šâ’Î‹æ,35.91171667,139.7414611
Šâ’Î‹æ,35.9119,139.7254278
Šâ’Î‹æ,35.91194833,139.7460478
Šâ’Î‹æ,35.91196111,139.70835
Šâ’Î‹æ,35.912,139.7119
Šâ’Î‹æ,35.9122,139.7304639
Šâ’Î‹æ,35.91247778,139.7248861
Šâ’Î‹æ,35.91254167,139.7189556
Šâ’Î‹æ,35.91271111,139.7226806
Šâ’Î‹æ,35.91280278,139.7326417
Šâ’Î‹æ,35.91298056,139.7033694
Šâ’Î‹æ,35.91307222,139.7126528
Šâ’Î‹æ,35.91315,139.7299111
Šâ’Î‹æ,35.91316111,139.707275
Šâ’Î‹æ,35.91325,139.7314056
Šâ’Î‹æ,35.91341667,139.7195694
Šâ’Î‹æ,35.91347778,139.7111028
Šâ’Î‹æ,35.91347778,139.7249556
Šâ’Î‹æ,35.91366111,139.7171667
Šâ’Î‹æ,35.91366111,139.7171694
Šâ’Î‹æ,35.91367778,139.71715
Šâ’Î‹æ,35.91375278,139.7408417
Šâ’Î‹æ,35.91386944,139.7096278
Šâ’Î‹æ,35.9139875,139.7449572
Šâ’Î‹æ,35.91400278,139.7276556
Šâ’Î‹æ,35.91410278,139.7488667
Šâ’Î‹æ,35.91424722,139.7085194
Šâ’Î‹æ,35.91443333,139.7354778
Šâ’Î‹æ,35.91446667,139.7302833
Šâ’Î‹æ,35.91463333,139.7254889
Šâ’Î‹æ,35.91466111,139.7224139
Šâ’Î‹æ,35.91471667,139.7126417
Šâ’Î‹æ,35.91475,139.708275
Šâ’Î‹æ,35.91478889,139.7195361
Šâ’Î‹æ,35.91496667,139.7109083
Šâ’Î‹æ,35.91547778,139.7094722
Šâ’Î‹æ,35.91553333,139.7282167
Šâ’Î‹æ,35.91553611,139.7077361
Šâ’Î‹æ,35.91555556,139.7170861
Šâ’Î‹æ,35.91557222,139.7452311
Šâ’Î‹æ,35.91569722,139.7477944
Šâ’Î‹æ,35.91571944,139.701725
Šâ’Î‹æ,35.91571944,139.7333139
Šâ’Î‹æ,35.91574167,139.7423389
Šâ’Î‹æ,35.91605833,139.7146444
Šâ’Î‹æ,35.91606944,139.7223639
Šâ’Î‹æ,35.91608333,139.7176389
Šâ’Î‹æ,35.91611389,139.7106222
Šâ’Î‹æ,35.91612778,139.7407667
Šâ’Î‹æ,35.91624722,139.7313472
Šâ’Î‹æ,35.91639444,139.7240278
Šâ’Î‹æ,35.91660556,139.7205944
Šâ’Î‹æ,35.91672222,139.7094194
Šâ’Î‹æ,35.91674167,139.7405556
Šâ’Î‹æ,35.91685833,139.7067417
Šâ’Î‹æ,35.91695278,139.7216444
Šâ’Î‹æ,35.91708056,139.7470056
Šâ’Î‹æ,35.91718056,139.729225
Šâ’Î‹æ,35.91723611,139.7216139
Šâ’Î‹æ,35.91746667,139.7167611
Šâ’Î‹æ,35.91748056,139.741425
Šâ’Î‹æ,35.91750694,139.7456094
Šâ’Î‹æ,35.9177,139.7270278
Šâ’Î‹æ,35.91778056,139.7280361
Šâ’Î‹æ,35.91784167,139.7362667
Šâ’Î‹æ,35.91794444,139.7228222
Šâ’Î‹æ,35.91796389,139.7088083
Šâ’Î‹æ,35.91797778,139.7248639
Šâ’Î‹æ,35.91803611,139.7188583
Šâ’Î‹æ,35.91808889,139.7331
Šâ’Î‹æ,35.91810556,139.7301361
Šâ’Î‹æ,35.918175,139.7059056
Šâ’Î‹æ,35.91819444,139.7433944
Šâ’Î‹æ,35.91820833,139.7433833
Šâ’Î‹æ,35.91821667,139.7058556
Šâ’Î‹æ,35.91826944,139.7267083
Šâ’Î‹æ,35.9183,139.7396583
Šâ’Î‹æ,35.91835833,139.7315694
Šâ’Î‹æ,35.91836667,139.7207
Šâ’Î‹æ,35.9186,139.7162139
Šâ’Î‹æ,35.91874167,139.7135306
Šâ’Î‹æ,35.91890556,139.7234639
Šâ’Î‹æ,35.918925,139.7484278
Šâ’Î‹æ,35.91903333,139.7310167
Šâ’Î‹æ,35.91915556,139.7443667
Šâ’Î‹æ,35.91922778,139.7416667
Šâ’Î‹æ,35.91923333,139.7276306
Šâ’Î‹æ,35.91923889,139.7051417
Šâ’Î‹æ,35.91931944,139.7459389
Šâ’Î‹æ,35.91931972,139.7120878
Šâ’Î‹æ,35.91939722,139.7406833
Šâ’Î‹æ,35.919425,139.7262444
Šâ’Î‹æ,35.91961944,139.7108167
Šâ’Î‹æ,35.91963056,139.7175806
Šâ’Î‹æ,35.91971944,139.7295722
Šâ’Î‹æ,35.91975,139.7485667
Šâ’Î‹æ,35.92006111,139.7444583
Šâ’Î‹æ,35.9200875,139.7199744
Šâ’Î‹æ,35.92023611,139.7462083
Šâ’Î‹æ,35.92030556,139.7129167
Šâ’Î‹æ,35.92031389,139.7391694
Šâ’Î‹æ,35.92036389,139.704225
Šâ’Î‹æ,35.92038333,139.741775
Šâ’Î‹æ,35.92053611,139.7265556
Šâ’Î‹æ,35.92088333,139.7282917
Šâ’Î‹æ,35.92096389,139.7236944
Šâ’Î‹æ,35.92097222,139.7253833
Šâ’Î‹æ,35.92121389,139.7442722
Šâ’Î‹æ,35.92130833,139.7311611
Šâ’Î‹æ,35.92149167,139.7032111
Šâ’Î‹æ,35.92150833,139.73675
Šâ’Î‹æ,35.92155,139.7430722
Šâ’Î‹æ,35.92160278,139.7105528
Šâ’Î‹æ,35.921625,139.7467917
Šâ’Î‹æ,35.92183056,139.738425
Šâ’Î‹æ,35.92183333,139.7407778
Šâ’Î‹æ,35.92186111,139.7270389
Šâ’Î‹æ,35.92187778,139.7233611
Šâ’Î‹æ,35.92192222,139.745275
Šâ’Î‹æ,35.92204167,139.7299444
Šâ’Î‹æ,35.92216667,139.7214167
Šâ’Î‹æ,35.92234444,139.7287306
Šâ’Î‹æ,35.92237222,139.7429806
Šâ’Î‹æ,35.92243333,139.70225
Šâ’Î‹æ,35.92255833,139.7189639
Šâ’Î‹æ,35.92257778,139.7125028
Šâ’Î‹æ,35.92266944,139.7367778
Šâ’Î‹æ,35.92268333,139.71975
Šâ’Î‹æ,35.92274722,139.7465361
Šâ’Î‹æ,35.92285833,139.7248222
Šâ’Î‹æ,35.92289722,139.7100417
Šâ’Î‹æ,35.923075,139.7212139
Šâ’Î‹æ,35.92315278,139.7287056
Šâ’Î‹æ,35.92316944,139.7433528
Šâ’Î‹æ,35.92326667,139.7156056
Šâ’Î‹æ,35.92328056,139.7442639
Šâ’Î‹æ,35.92329722,139.7356694
Šâ’Î‹æ,35.92334167,139.747425
Šâ’Î‹æ,35.92349722,139.7191056
Šâ’Î‹æ,35.92355833,139.7000139
Šâ’Î‹æ,35.92366667,139.72225
Šâ’Î‹æ,35.92372778,139.7419333
Šâ’Î‹æ,35.92376111,139.7207556
Šâ’Î‹æ,35.92388611,139.7297306
Šâ’Î‹æ,35.92388861,139.7398367
Šâ’Î‹æ,35.92393889,139.7369333
Šâ’Î‹æ,35.92394306,139.7271158
Šâ’Î‹æ,35.92395,139.7458167
Šâ’Î‹æ,35.92414167,139.7052694
Šâ’Î‹æ,35.92421667,139.72395
Šâ’Î‹æ,35.92424722,139.6985056
Šâ’Î‹æ,35.92439167,139.7361
Šâ’Î‹æ,35.92440278,139.7380639
Šâ’Î‹æ,35.92440556,139.7381056
Šâ’Î‹æ,35.92446111,139.7346944
Šâ’Î‹æ,35.9245,139.7280583
Šâ’Î‹æ,35.92450278,139.7280639
Šâ’Î‹æ,35.92451667,139.7087444
Šâ’Î‹æ,35.92461944,139.7125
Šâ’Î‹æ,35.92464167,139.7376639
Šâ’Î‹æ,35.92464722,139.7376861
Šâ’Î‹æ,35.924675,139.7174917
Šâ’Î‹æ,35.92479444,139.723475
Šâ’Î‹æ,35.92481667,139.7112861
Šâ’Î‹æ,35.92488889,139.6973167
Šâ’Î‹æ,35.92499167,139.7461361
Šâ’Î‹æ,35.92508333,139.7291944
Šâ’Î‹æ,35.92511111,139.7522444
Šâ’Î‹æ,35.92513333,139.7145
Šâ’Î‹æ,35.92519167,139.7300167
Šâ’Î‹æ,35.92519722,139.7291722
Šâ’Î‹æ,35.92521667,139.7291639
Šâ’Î‹æ,35.92529167,139.7414417
Šâ’Î‹æ,35.92557222,139.7375694
Šâ’Î‹æ,35.92564722,139.7246167
Šâ’Î‹æ,35.92567778,139.7493917
Šâ’Î‹æ,35.92578889,139.7129528
Šâ’Î‹æ,35.92588889,139.7112889
Šâ’Î‹æ,35.92589167,139.7293667
Šâ’Î‹æ,35.92615833,139.7338722
Šâ’Î‹æ,35.92619444,139.7361667
Šâ’Î‹æ,35.92625,139.7452361
Šâ’Î‹æ,35.92626667,139.6958944
Šâ’Î‹æ,35.92628889,139.7339917
Šâ’Î‹æ,35.92640833,139.7281611
Šâ’Î‹æ,35.926425,139.7435222
Šâ’Î‹æ,35.92651028,139.7319111
Šâ’Î‹æ,35.92654444,139.7423083
Šâ’Î‹æ,35.92663333,139.7095389
Šâ’Î‹æ,35.92673889,139.7166111
Šâ’Î‹æ,35.92676111,139.7293111
Šâ’Î‹æ,35.92676389,139.6997333
Šâ’Î‹æ,35.92682222,139.6971444
Šâ’Î‹æ,35.92685556,139.7492583
Šâ’Î‹æ,35.92688333,139.7126444
Šâ’Î‹æ,35.926925,139.7247722
Šâ’Î‹æ,35.92695833,139.714975
Šâ’Î‹æ,35.92709722,139.741325
Šâ’Î‹æ,35.92709722,139.6944472
Šâ’Î‹æ,35.92710833,139.7075028
Šâ’Î‹æ,35.9271175,139.7269514
Šâ’Î‹æ,35.92723611,139.7455139
Šâ’Î‹æ,35.92724444,139.7423694
Šâ’Î‹æ,35.92731389,139.7366333
Šâ’Î‹æ,35.92791111,139.7109583
Šâ’Î‹æ,35.92817778,139.6994944
Šâ’Î‹æ,35.92818611,139.6926944
Šâ’Î‹æ,35.92818889,139.7408778
Šâ’Î‹æ,35.92819722,139.7176306
Šâ’Î‹æ,35.92825278,139.7231278
Šâ’Î‹æ,35.9283,139.7422472
Šâ’Î‹æ,35.92832222,139.7069306
Šâ’Î‹æ,35.92843333,139.7396333
Šâ’Î‹æ,35.92873056,139.7003111
Šâ’Î‹æ,35.92876667,139.7150917
Šâ’Î‹æ,35.92885556,139.7250944
Šâ’Î‹æ,35.92914444,139.7360444
Šâ’Î‹æ,35.92932222,139.7398028
Šâ’Î‹æ,35.92936111,139.7197361
Šâ’Î‹æ,35.92938611,139.7060778
Šâ’Î‹æ,35.92946667,139.6905333
Šâ’Î‹æ,35.92954722,139.7149806
Šâ’Î‹æ,35.92956667,139.7043472
Šâ’Î‹æ,35.92966389,139.7433028
Šâ’Î‹æ,35.92966389,139.7239389
Šâ’Î‹æ,35.92983889,139.7019306
Šâ’Î‹æ,35.929875,139.7216639
Šâ’Î‹æ,35.93009444,139.7067694
Šâ’Î‹æ,35.93021667,139.7419861
Šâ’Î‹æ,35.93024444,139.6898472
Šâ’Î‹æ,35.93028333,139.7054583
Šâ’Î‹æ,35.93032778,139.7398306
Šâ’Î‹æ,35.93039444,139.7413556
Šâ’Î‹æ,35.93048611,139.6957417
Šâ’Î‹æ,35.93063611,139.7032528
Šâ’Î‹æ,35.930675,139.7175028
Šâ’Î‹æ,35.93070556,139.7078972
Šâ’Î‹æ,35.93075278,139.71255
Šâ’Î‹æ,35.93083056,139.738625
Šâ’Î‹æ,35.93091944,139.71425
Šâ’Î‹æ,35.93096389,139.7100361
Šâ’Î‹æ,35.93096667,139.7413222
Šâ’Î‹æ,35.93097222,139.7520722
Šâ’Î‹æ,35.93098889,139.69965
Šâ’Î‹æ,35.93109167,139.6896444
Šâ’Î‹æ,35.93121667,139.7286694
Šâ’Î‹æ,35.93121667,139.7345972
Šâ’Î‹æ,35.93123889,139.7020528
Šâ’Î‹æ,35.93141667,139.7044472
Šâ’Î‹æ,35.93145,139.7216889
Šâ’Î‹æ,35.93158889,139.7201944
Šâ’Î‹æ,35.93161944,139.7340417
Šâ’Î‹æ,35.93188611,139.7316833
Šâ’Î‹æ,35.932,139.7394917
Šâ’Î‹æ,35.93200833,139.74055
Šâ’Î‹æ,35.93205,139.7249889
Šâ’Î‹æ,35.93206667,139.6888472
Šâ’Î‹æ,35.93213333,139.7022944
Šâ’Î‹æ,35.9322,139.7223056
Šâ’Î‹æ,35.93223889,139.7329194
Šâ’Î‹æ,35.93240278,139.7329306
Šâ’Î‹æ,35.93246028,139.6911972
Šâ’Î‹æ,35.93256667,139.7042028
Šâ’Î‹æ,35.93276667,139.7107889
Šâ’Î‹æ,35.93283056,139.7122639
Šâ’Î‹æ,35.93284722,139.7094111
Šâ’Î‹æ,35.93285,139.7266306
Šâ’Î‹æ,35.93290556,139.7190389
Šâ’Î‹æ,35.93296389,139.7172056
Šâ’Î‹æ,35.93298889,139.7137333
Šâ’Î‹æ,35.93301944,139.6920167
Šâ’Î‹æ,35.933025,139.7158583
Šâ’Î‹æ,35.93309444,139.706075
Šâ’Î‹æ,35.93312778,139.7404639
Šâ’Î‹æ,35.93323056,139.7422556
Šâ’Î‹æ,35.93330833,139.7234972
Šâ’Î‹æ,35.933325,139.7000028
Šâ’Î‹æ,35.93333333,139.7076417
Šâ’Î‹æ,35.93341111,139.7138639
Šâ’Î‹æ,35.933575,139.7325861
Šâ’Î‹æ,35.93361667,139.7038194
Šâ’Î‹æ,35.93364722,139.7277944
Šâ’Î‹æ,35.93377778,139.7253861
Šâ’Î‹æ,35.93381667,139.7292833
Šâ’Î‹æ,35.93382222,139.6894833
Šâ’Î‹æ,35.93388056,139.7226611
Šâ’Î‹æ,35.93389722,139.7411944
Šâ’Î‹æ,35.93403333,139.6878028
Šâ’Î‹æ,35.93404444,139.730675
Šâ’Î‹æ,35.93405556,139.7384278
Šâ’Î‹æ,35.93420556,139.7153944
Šâ’Î‹æ,35.93425,139.6986194
Šâ’Î‹æ,35.93428056,139.7429528
Šâ’Î‹æ,35.93440278,139.7116361
Šâ’Î‹æ,35.93445556,139.7013861
Šâ’Î‹æ,35.93451944,139.7013611
Šâ’Î‹æ,35.93455,139.7089806
Šâ’Î‹æ,35.93459722,139.6889944
Šâ’Î‹æ,35.93464167,139.6923861
Šâ’Î‹æ,35.93466389,139.7165889
Šâ’Î‹æ,35.93471389,139.7055806
Šâ’Î‹æ,35.93473889,139.7260861
Šâ’Î‹æ,35.93479167,139.7206583
Šâ’Î‹æ,35.93482778,139.7411667
Šâ’Î‹æ,35.93486389,139.7282333
Šâ’Î‹æ,35.934875,139.7134528
Šâ’Î‹æ,35.93487778,139.697725
Šâ’Î‹æ,35.93503889,139.7035167
Šâ’Î‹æ,35.93504444,139.7271333
Šâ’Î‹æ,35.93523333,139.712275
Šâ’Î‹æ,35.93523611,139.7181667
Šâ’Î‹æ,35.93533611,139.6871556
Šâ’Î‹æ,35.93541667,139.7244667
Šâ’Î‹æ,35.93544722,139.7108056
Šâ’Î‹æ,35.93547778,139.7350361
Šâ’Î‹æ,35.93549167,139.7170167
Šâ’Î‹æ,35.93553056,139.6864611
Šâ’Î‹æ,35.93567778,139.7438444
Šâ’Î‹æ,35.93569722,139.7211028
Šâ’Î‹æ,35.93569722,139.6967611
Šâ’Î‹æ,35.93570833,139.6980833
Šâ’Î‹æ,35.93571944,139.6884889
Šâ’Î‹æ,35.93576667,139.7164028
Šâ’Î‹æ,35.93578889,139.6953861
Šâ’Î‹æ,35.93584944,139.6994989
Šâ’Î‹æ,35.93595,139.7138667
Šâ’Î‹æ,35.93600556,139.6934056
Šâ’Î‹æ,35.93601667,139.7006472
Šâ’Î‹æ,35.93603333,139.697075
Šâ’Î‹æ,35.93604111,139.7007778
Šâ’Î‹æ,35.93607778,139.6957111
Šâ’Î‹æ,35.93608056,139.7151306
Šâ’Î‹æ,35.93611667,139.7132222
Šâ’Î‹æ,35.93611944,139.742375
Šâ’Î‹æ,35.936125,139.7199194
Šâ’Î‹æ,35.93615833,139.701925
Šâ’Î‹æ,35.93619444,139.7111
Šâ’Î‹æ,35.93621667,139.6960639
Šâ’Î‹æ,35.93625556,139.7044472
Šâ’Î‹æ,35.93625556,139.7030583
Šâ’Î‹æ,35.93633056,139.7128833
Šâ’Î‹æ,35.93638056,139.7229056
Šâ’Î‹æ,35.9364,139.7215528
Šâ’Î‹æ,35.93649167,139.7056472
Šâ’Î‹æ,35.93651667,139.6999306
Šâ’Î‹æ,35.93662222,139.7093528
Šâ’Î‹æ,35.93664444,139.7184278
Šâ’Î‹æ,35.93664722,139.6947361
Šâ’Î‹æ,35.93665556,139.6979306
Šâ’Î‹æ,35.93670556,139.7093944
Šâ’Î‹æ,35.93678333,139.7266556
Šâ’Î‹æ,35.93679444,139.7232083
Šâ’Î‹æ,35.93684444,139.6939389
Šâ’Î‹æ,35.93687778,139.7174667
Šâ’Î‹æ,35.93689722,139.69235
Šâ’Î‹æ,35.93696667,139.7446694
Šâ’Î‹æ,35.93698056,139.744675
Šâ’Î‹æ,35.93700833,139.7446944
Šâ’Î‹æ,35.93703889,139.6973833
Šâ’Î‹æ,35.93704722,139.7042972
Šâ’Î‹æ,35.93705,139.7227222
Šâ’Î‹æ,35.93706667,139.6861167
Šâ’Î‹æ,35.93707222,139.7136111
Šâ’Î‹æ,35.93709167,139.7346306
Šâ’Î‹æ,35.93710556,139.7166444
Šâ’Î‹æ,35.93711111,139.6960861
Šâ’Î‹æ,35.93718056,139.7216472
Šâ’Î‹æ,35.93721389,139.6991917
Šâ’Î‹æ,35.93722222,139.7009861
Šâ’Î‹æ,35.93722222,139.6942833
Šâ’Î‹æ,35.93723056,139.7067417
Šâ’Î‹æ,35.93725,139.7020306
Šâ’Î‹æ,35.93725833,139.7127583
Šâ’Î‹æ,35.93728611,139.7067389
Šâ’Î‹æ,35.93731667,139.7200861
Šâ’Î‹æ,35.93731667,139.7149222
Šâ’Î‹æ,35.937375,139.6933944
Šâ’Î‹æ,35.93741111,139.7028028
Šâ’Î‹æ,35.93745833,139.7113083
Šâ’Î‹æ,35.93746667,139.7083361
Šâ’Î‹æ,35.93748889,139.7000806
Šâ’Î‹æ,35.93756111,139.7177667
Šâ’Î‹æ,35.93767778,139.7124806
Šâ’Î‹æ,35.93768611,139.7038667
Šâ’Î‹æ,35.93775278,139.6917611
Šâ’Î‹æ,35.937825,139.7187028
Šâ’Î‹æ,35.93782778,139.6949667
Šâ’Î‹æ,35.93786111,139.7158694
Šâ’Î‹æ,35.93786389,139.7004778
Šâ’Î‹æ,35.937875,139.7055833
Šâ’Î‹æ,35.93790556,139.7325611
Šâ’Î‹æ,35.93793056,139.6883694
Šâ’Î‹æ,35.93795556,139.7172583
Šâ’Î‹æ,35.93796389,139.6939278
Šâ’Î‹æ,35.93797222,139.6929833
Šâ’Î‹æ,35.93799167,139.7009556
Šâ’Î‹æ,35.93802222,139.7069806
Šâ’Î‹æ,35.93807222,139.74305
Šâ’Î‹æ,35.93808333,139.7135111
Šâ’Î‹æ,35.93809167,139.7277583
Šâ’Î‹æ,35.93809167,139.6870139
Šâ’Î‹æ,35.93815278,139.7080417
Šâ’Î‹æ,35.93816111,139.7262778
Šâ’Î‹æ,35.93817222,139.7203583
Šâ’Î‹æ,35.93823611,139.7216
Šâ’Î‹æ,35.93825556,139.7092528
Šâ’Î‹æ,35.93828611,139.7092833
Šâ’Î‹æ,35.93832222,139.7121889
Šâ’Î‹æ,35.93833056,139.7053278
Šâ’Î‹æ,35.93842778,139.7106306
Šâ’Î‹æ,35.93846389,139.7028167
Šâ’Î‹æ,35.93851111,139.7174917
Šâ’Î‹æ,35.938525,139.6862667
Šâ’Î‹æ,35.93853056,139.7118
Šâ’Î‹æ,35.93859722,139.7336028
Šâ’Î‹æ,35.93878333,139.7147139
Šâ’Î‹æ,35.93883889,139.7147278
Šâ’Î‹æ,35.93884444,139.7040083
Šâ’Î‹æ,35.93885556,139.7251639
Šâ’Î‹æ,35.93885556,139.6918333
Šâ’Î‹æ,35.93886944,139.7449306
Šâ’Î‹æ,35.93888611,139.7008139
Šâ’Î‹æ,35.93892361,139.7017633
Šâ’Î‹æ,35.93901944,139.6946417
Šâ’Î‹æ,35.939025,139.7164056
Šâ’Î‹æ,35.9391875,139.7151517
Šâ’Î‹æ,35.93927222,139.6860278
Šâ’Î‹æ,35.939275,139.7133389
Šâ’Î‹æ,35.93933056,139.6925472
Šâ’Î‹æ,35.93934167,139.7052
Šâ’Î‹æ,35.93935278,139.7017333
Šâ’Î‹æ,35.93935556,139.7236639
Šâ’Î‹æ,35.93936667,139.7096333
Šâ’Î‹æ,35.93938889,139.7176972
Šâ’Î‹æ,35.93939167,139.6906806
Šâ’Î‹æ,35.93941111,139.6962639
Šâ’Î‹æ,35.93941111,139.6968528
Šâ’Î‹æ,35.93942222,139.7076278
Šâ’Î‹æ,35.939425,139.7133667
Šâ’Î‹æ,35.93947778,139.7115194
Šâ’Î‹æ,35.93950833,139.7038722
Šâ’Î‹æ,35.93961944,139.6987722
Šâ’Î‹æ,35.93965556,139.7250583
Šâ’Î‹æ,35.93969167,139.719075
Šâ’Î‹æ,35.939725,139.6938806
Šâ’Î‹æ,35.93979167,139.7007417
Šâ’Î‹æ,35.93980556,139.717075
Šâ’Î‹æ,35.93984167,139.7124222
Šâ’Î‹æ,35.93985833,139.710275
Šâ’Î‹æ,35.93986389,139.7456611
Šâ’Î‹æ,35.93989722,139.6982639
Šâ’Î‹æ,35.9399,139.7016361
Šâ’Î‹æ,35.93990556,139.7016361
Šâ’Î‹æ,35.93990833,139.6871083
Šâ’Î‹æ,35.93995556,139.7025722
Šâ’Î‹æ,35.93996389,139.6965528
Šâ’Î‹æ,35.93997778,139.6878056
Šâ’Î‹æ,35.93999722,139.7000917
Šâ’Î‹æ,35.94,139.6908444
Šâ’Î‹æ,35.94000833,139.7434389
Šâ’Î‹æ,35.94003889,139.6918306
Šâ’Î‹æ,35.94004528,139.694925
Šâ’Î‹æ,35.94006111,139.7140889
Šâ’Î‹æ,35.94006111,139.7151389
Šâ’Î‹æ,35.94011944,139.7214944
Šâ’Î‹æ,35.94011944,139.7086611
Šâ’Î‹æ,35.94015278,139.6856667
Šâ’Î‹æ,35.940175,139.7050111
Šâ’Î‹æ,35.94018889,139.7111028
Šâ’Î‹æ,35.94021111,139.6931861
Šâ’Î‹æ,35.94021111,139.707525
Šâ’Î‹æ,35.94021389,139.7162528
Šâ’Î‹æ,35.94023333,139.6970694
Šâ’Î‹æ,35.94029444,139.6898972
Šâ’Î‹æ,35.94031389,139.7037528
Šâ’Î‹æ,35.94035,139.7137167
Šâ’Î‹æ,35.94035833,139.6958944
Šâ’Î‹æ,35.94040833,139.6995611
Šâ’Î‹æ,35.94043056,139.714875
Šâ’Î‹æ,35.94048889,139.690625
Šâ’Î‹æ,35.94051111,139.7062139
Šâ’Î‹æ,35.94051944,139.7156639
Šâ’Î‹æ,35.94054444,139.732325
Šâ’Î‹æ,35.94064722,139.6877694
Šâ’Î‹æ,35.94069167,139.6937861
Šâ’Î‹æ,35.94076667,139.70155
Šâ’Î‹æ,35.94078056,139.6891444
Šâ’Î‹æ,35.94078889,139.7004639
Šâ’Î‹æ,35.94086944,139.6975028
Šâ’Î‹æ,35.94093611,139.7206194
Šâ’Î‹æ,35.94094444,139.7102
Šâ’Î‹æ,35.940975,139.7024083
Šâ’Î‹æ,35.941,139.7178889
Šâ’Î‹æ,35.94100556,139.6864056
Šâ’Î‹æ,35.94100833,139.7159278
Šâ’Î‹æ,35.94101944,139.7055806
Šâ’Î‹æ,35.94103333,139.7172139
Šâ’Î‹æ,35.94103333,139.7428528
Šâ’Î‹æ,35.94105833,139.7035333
Šâ’Î‹æ,35.94105833,139.6966611
Šâ’Î‹æ,35.94106667,139.6966694
Šâ’Î‹æ,35.94113611,139.7450444
Šâ’Î‹æ,35.94119722,139.6955528
Šâ’Î‹æ,35.94121667,139.6999556
Šâ’Î‹æ,35.94128889,139.7086833
Šâ’Î‹æ,35.94131389,139.7364944
Šâ’Î‹æ,35.94139167,139.7344611
Šâ’Î‹æ,35.9414,139.7129056
Šâ’Î‹æ,35.9414,139.7048417
Šâ’Î‹æ,35.94142222,139.7153833
Šâ’Î‹æ,35.94144167,139.7072
Šâ’Î‹æ,35.94148611,139.6974417
Šâ’Î‹æ,35.94149444,139.7304778
Šâ’Î‹æ,35.94150833,139.6988194
Šâ’Î‹æ,35.94157778,139.7013583
Šâ’Î‹æ,35.94160278,139.6874583
Šâ’Î‹æ,35.94168333,139.6887056
Šâ’Î‹æ,35.94169722,139.7436639
Šâ’Î‹æ,35.9417,139.7180194
Šâ’Î‹æ,35.94171111,139.6998972
Šâ’Î‹æ,35.94177222,139.6954083
Šâ’Î‹æ,35.94177778,139.6897306
Šâ’Î‹æ,35.94188889,139.6946167
Šâ’Î‹æ,35.941925,139.6961944
Šâ’Î‹æ,35.941925,139.7167389
Šâ’Î‹æ,35.94194722,139.716725
Šâ’Î‹æ,35.94196667,139.7040056
Šâ’Î‹æ,35.94196667,139.7116917
Šâ’Î‹æ,35.94197222,139.72475
Šâ’Î‹æ,35.94200278,139.7157083
Šâ’Î‹æ,35.94203056,139.7057372
Šâ’Î‹æ,35.94204167,139.7222139
Šâ’Î‹æ,35.94205556,139.7470972
Šâ’Î‹æ,35.94208611,139.702225
Šâ’Î‹æ,35.942125,139.7036139
Šâ’Î‹æ,35.94214167,139.7327
Šâ’Î‹æ,35.94215556,139.7421444
Šâ’Î‹æ,35.94216944,139.7072972
Šâ’Î‹æ,35.94221944,139.7084639
Šâ’Î‹æ,35.94222778,139.7007194
Šâ’Î‹æ,35.94223611,139.7084306
Šâ’Î‹æ,35.94224722,139.6942167
Šâ’Î‹æ,35.94225556,139.6963333
Šâ’Î‹æ,35.94230556,139.7090556
Šâ’Î‹æ,35.94230833,139.7152694
Šâ’Î‹æ,35.94233889,139.6981167
Šâ’Î‹æ,35.94236389,139.7203972
Šâ’Î‹æ,35.94240833,139.6873722
Šâ’Î‹æ,35.94248889,139.7097972
Šâ’Î‹æ,35.94252222,139.7180333
Šâ’Î‹æ,35.94256667,139.7030222
Šâ’Î‹æ,35.94257222,139.6956972
Šâ’Î‹æ,35.94259444,139.6892167
Šâ’Î‹æ,35.94259722,139.7443333
Šâ’Î‹æ,35.94261944,139.7120861
Šâ’Î‹æ,35.94262222,139.6861139
Šâ’Î‹æ,35.94264722,139.7060222
Šâ’Î‹æ,35.94266389,139.7005833
Šâ’Î‹æ,35.942675,139.748175
Šâ’Î‹æ,35.94268611,139.7415111
Šâ’Î‹æ,35.94268889,139.7079111
Šâ’Î‹æ,35.94270278,139.7430472
Šâ’Î‹æ,35.94273333,139.7038611
Šâ’Î‹æ,35.94274444,139.6969
Šâ’Î‹æ,35.94275556,139.6859889
Šâ’Î‹æ,35.94279167,139.7110444
Šâ’Î‹æ,35.94285278,139.6868222
Šâ’Î‹æ,35.94287222,139.694375
Šâ’Î‹æ,35.94294167,139.6912083
Šâ’Î‹æ,35.94297778,139.7493167
Šâ’Î‹æ,35.94298889,139.7000333
Šâ’Î‹æ,35.94299167,139.7394861
Šâ’Î‹æ,35.94299444,139.7047833
Šâ’Î‹æ,35.94305,139.7116944
Šâ’Î‹æ,35.94307778,139.6903694
Šâ’Î‹æ,35.94308889,139.6971556
Šâ’Î‹æ,35.94309167,139.7122167
Šâ’Î‹æ,35.94310556,139.6987306
Šâ’Î‹æ,35.94312222,139.6904333
Šâ’Î‹æ,35.94322222,139.7012167
Šâ’Î‹æ,35.94328056,139.7099917
Šâ’Î‹æ,35.94328889,139.702225
Šâ’Î‹æ,35.94331111,139.7129306
Šâ’Î‹æ,35.94331667,139.73735
Šâ’Î‹æ,35.943325,139.6929306
Šâ’Î‹æ,35.94337222,139.7040028
Šâ’Î‹æ,35.94343889,139.742
Šâ’Î‹æ,35.94345278,139.7333472
Šâ’Î‹æ,35.94345556,139.7067139
Šâ’Î‹æ,35.94346389,139.6975139
Šâ’Î‹æ,35.94346389,139.7156833
Šâ’Î‹æ,35.9435,139.6919111
Šâ’Î‹æ,35.94355278,139.6908028
Šâ’Î‹æ,35.94357778,139.6949556
Šâ’Î‹æ,35.94358056,139.6976611
Šâ’Î‹æ,35.94360278,139.6935222
Šâ’Î‹æ,35.94361111,139.7457889
Šâ’Î‹æ,35.943625,139.7142028
Šâ’Î‹æ,35.94366111,139.7198639
Šâ’Î‹æ,35.94368611,139.7029017
Šâ’Î‹æ,35.94369722,139.6894139
Šâ’Î‹æ,35.94370556,139.7061278
Šâ’Î‹æ,35.94371111,139.7028806
Šâ’Î‹æ,35.94374722,139.6868028
Šâ’Î‹æ,35.94374722,139.7086778
Šâ’Î‹æ,35.94375278,139.7434333
Šâ’Î‹æ,35.9438,139.7009389
Šâ’Î‹æ,35.94388056,139.7112083
Šâ’Î‹æ,35.94388889,139.6872028
Šâ’Î‹æ,35.94391111,139.7502611
Šâ’Î‹æ,35.94396389,139.6969444
Šâ’Î‹æ,35.94398611,139.6928861
Šâ’Î‹æ,35.94401389,139.6961139
Šâ’Î‹æ,35.94403333,139.7049778
Šâ’Î‹æ,35.94408611,139.7185444
Šâ’Î‹æ,35.94411389,139.7166639
Šâ’Î‹æ,35.94414444,139.6944111
Šâ’Î‹æ,35.94422222,139.6996639
Šâ’Î‹æ,35.94422778,139.6980028
Šâ’Î‹æ,35.94424167,139.6882861
Šâ’Î‹æ,35.94424444,139.7017306
Šâ’Î‹æ,35.944275,139.6935083
Šâ’Î‹æ,35.94434167,139.6861
Šâ’Î‹æ,35.94440278,139.7325
Šâ’Î‹æ,35.94440833,139.7309778
Šâ’Î‹æ,35.94443889,139.7056806
Šâ’Î‹æ,35.94444167,139.7038083
Šâ’Î‹æ,35.94446667,139.7365722
Šâ’Î‹æ,35.94451667,139.7101417
Šâ’Î‹æ,35.94455,139.7288944
Šâ’Î‹æ,35.94458889,139.690375
Šâ’Î‹æ,35.94459444,139.7162417
Šâ’Î‹æ,35.94460833,139.7009667
Šâ’Î‹æ,35.94468056,139.6921444
Šâ’Î‹æ,35.94468889,139.6887639
Šâ’Î‹æ,35.94477222,139.7132528
Šâ’Î‹æ,35.944875,139.7339944
Šâ’Î‹æ,35.94488889,139.6993667
Šâ’Î‹æ,35.94495278,139.7146194
Šâ’Î‹æ,35.94495833,139.7035306
Šâ’Î‹æ,35.94499444,139.7242722
Šâ’Î‹æ,35.94505,139.7115806
Šâ’Î‹æ,35.94506944,139.6925028
Šâ’Î‹æ,35.94508611,139.7178333
Šâ’Î‹æ,35.94508889,139.7262528
Šâ’Î‹æ,35.94514167,139.7221167
Šâ’Î‹æ,35.94514444,139.6892889
Šâ’Î‹æ,35.94515556,139.6946528
Šâ’Î‹æ,35.94518056,139.7000472
Šâ’Î‹æ,35.94520833,139.6893417
Šâ’Î‹æ,35.94521111,139.7154889
Šâ’Î‹æ,35.94523056,139.6985528
Šâ’Î‹æ,35.94523889,139.7069194
Šâ’Î‹æ,35.94524444,139.7296889
Šâ’Î‹æ,35.94535,139.7093222
Šâ’Î‹æ,35.94536667,139.697875
Šâ’Î‹æ,35.94540833,139.7033806
Šâ’Î‹æ,35.94544444,139.7034389
Šâ’Î‹æ,35.94545556,139.6992361
Šâ’Î‹æ,35.94552083,139.7046461
Šâ’Î‹æ,35.94552222,139.69475
Šâ’Î‹æ,35.94554444,139.6959361
Šâ’Î‹æ,35.94554722,139.6867917
Šâ’Î‹æ,35.94555833,139.6911444
Šâ’Î‹æ,35.94557778,139.6879778
Šâ’Î‹æ,35.94557861,139.6927317
Šâ’Î‹æ,35.94558333,139.7144583
Šâ’Î‹æ,35.94558889,139.7207083
Šâ’Î‹æ,35.94562222,139.7127694
Šâ’Î‹æ,35.94569167,139.6921083
Šâ’Î‹æ,35.94574722,139.6979056
Šâ’Î‹æ,35.94575556,139.6973306
Šâ’Î‹æ,35.94576389,139.6992694
Šâ’Î‹æ,35.94577222,139.7077389
Šâ’Î‹æ,35.9458,139.7158583
Šâ’Î‹æ,35.94580556,139.695275
Šâ’Î‹æ,35.94595278,139.69335
Šâ’Î‹æ,35.94597222,139.7013667
Šâ’Î‹æ,35.94601944,139.73315
Šâ’Î‹æ,35.94609444,139.6920056
Šâ’Î‹æ,35.94610833,139.7043917
Šâ’Î‹æ,35.94615278,139.7219722
Šâ’Î‹æ,35.94616944,139.7279083
Šâ’Î‹æ,35.94624444,139.6999111
Šâ’Î‹æ,35.94629722,139.7083611
Šâ’Î‹æ,35.94630278,139.7305278
Šâ’Î‹æ,35.94633611,139.6900806
Šâ’Î‹æ,35.94634444,139.6900639
Šâ’Î‹æ,35.94636667,139.7037889
Šâ’Î‹æ,35.94638333,139.7222028
Šâ’Î‹æ,35.94640278,139.7143917
Šâ’Î‹æ,35.94641389,139.69405
Šâ’Î‹æ,35.94642778,139.7169389
Šâ’Î‹æ,35.94643611,139.694575
Šâ’Î‹æ,35.946475,139.6890528
Šâ’Î‹æ,35.94647778,139.7021444
Šâ’Î‹æ,35.94651944,139.6968389
Šâ’Î‹æ,35.94653056,139.6979028
Šâ’Î‹æ,35.94653611,139.7205778
Šâ’Î‹æ,35.94655278,139.6999556
Šâ’Î‹æ,35.94662222,139.6950611
Šâ’Î‹æ,35.94664444,139.73515
Šâ’Î‹æ,35.94672778,139.7227111
Šâ’Î‹æ,35.94676111,139.686325
Šâ’Î‹æ,35.94677222,139.6877083
Šâ’Î‹æ,35.94685556,139.7211889
Šâ’Î‹æ,35.946875,139.7055083
Šâ’Î‹æ,35.94688056,139.7255028
Šâ’Î‹æ,35.9469,139.6928917
Šâ’Î‹æ,35.94691111,139.7189194
Šâ’Î‹æ,35.94694722,139.6911944
Šâ’Î‹æ,35.94695278,139.6954111
Šâ’Î‹æ,35.94700833,139.7060972
Šâ’Î‹æ,35.94701667,139.7006917
Šâ’Î‹æ,35.94703056,139.6990778
Šâ’Î‹æ,35.94703889,139.7290333
Šâ’Î‹æ,35.94705278,139.6890861
Šâ’Î‹æ,35.94705278,139.6890833
Šâ’Î‹æ,35.94711944,139.7031306
Šâ’Î‹æ,35.94715556,139.6973639
Šâ’Î‹æ,35.94723889,139.6944417
Šâ’Î‹æ,35.94735833,139.6981583
Šâ’Î‹æ,35.947375,139.7072833
Šâ’Î‹æ,35.94745833,139.6952083
Šâ’Î‹æ,35.94753611,139.6935806
Šâ’Î‹æ,35.94753611,139.690175
Šâ’Î‹æ,35.94754444,139.7009972
Šâ’Î‹æ,35.94756667,139.6920778
Šâ’Î‹æ,35.94756944,139.6948528
Šâ’Î‹æ,35.94758333,139.6945833
Šâ’Î‹æ,35.94759444,139.7014611
Šâ’Î‹æ,35.94760556,139.6920111
Šâ’Î‹æ,35.94760833,139.6945056
Šâ’Î‹æ,35.94761389,139.6869694
Šâ’Î‹æ,35.94761667,139.7055694
Šâ’Î‹æ,35.94765278,139.7192833
Šâ’Î‹æ,35.94765556,139.7314333
Šâ’Î‹æ,35.94772778,139.7040778
Šâ’Î‹æ,35.94775556,139.6969917
Šâ’Î‹æ,35.94775639,139.6960008
Šâ’Î‹æ,35.94776667,139.726
Šâ’Î‹æ,35.94779167,139.7222389
Šâ’Î‹æ,35.94779444,139.7137028
Šâ’Î‹æ,35.94780556,139.7016
Šâ’Î‹æ,35.94784722,139.6997139
Šâ’Î‹æ,35.94784722,139.7202778
Šâ’Î‹æ,35.94786944,139.69785
Šâ’Î‹æ,35.94795278,139.6985667
Šâ’Î‹æ,35.94797222,139.6878056
Šâ’Î‹æ,35.947975,139.68545
Šâ’Î‹æ,35.94806667,139.702325
Šâ’Î‹æ,35.94806944,139.6949472
Šâ’Î‹æ,35.94809167,139.6972139
Šâ’Î‹æ,35.94810833,139.6949222
Šâ’Î‹æ,35.94811111,139.6925028
Šâ’Î‹æ,35.94815278,139.7274667
Šâ’Î‹æ,35.94816333,139.6959425
Šâ’Î‹æ,35.94816389,139.7223722
Šâ’Î‹æ,35.94820833,139.6935778
Šâ’Î‹æ,35.94822778,139.71845
Šâ’Î‹æ,35.94825278,139.6944222
Šâ’Î‹æ,35.94825833,139.7049028
Šâ’Î‹æ,35.94828889,139.7079
Šâ’Î‹æ,35.94831944,139.6975222
Šâ’Î‹æ,35.94839389,139.711655
Šâ’Î‹æ,35.94841111,139.7061389
Šâ’Î‹æ,35.94850833,139.6987056
Šâ’Î‹æ,35.94851667,139.7029306
Šâ’Î‹æ,35.94851944,139.7213778
Šâ’Î‹æ,35.94854167,139.697775
Šâ’Î‹æ,35.94854167,139.6970944
Šâ’Î‹æ,35.94857583,139.6968658
Šâ’Î‹æ,35.94861389,139.6897194
Šâ’Î‹æ,35.94864722,139.6906361
Šâ’Î‹æ,35.94864722,139.6906611
Šâ’Î‹æ,35.94867222,139.6881389
Šâ’Î‹æ,35.94869722,139.7009361
Šâ’Î‹æ,35.94870556,139.6930917
Šâ’Î‹æ,35.94880833,139.7038667
Šâ’Î‹æ,35.94883611,139.7018861
Šâ’Î‹æ,35.94884167,139.6925083
Šâ’Î‹æ,35.94885556,139.6865972
Šâ’Î‹æ,35.94885556,139.6999194
Šâ’Î‹æ,35.94885556,139.7262778
Šâ’Î‹æ,35.94888833,139.6962458
Šâ’Î‹æ,35.94892222,139.6962861
Šâ’Î‹æ,35.94898611,139.7025806
Šâ’Î‹æ,35.94904444,139.6840972
Šâ’Î‹æ,35.94905556,139.7179639
Šâ’Î‹æ,35.94906667,139.6919111
Šâ’Î‹æ,35.94910278,139.7071806
Šâ’Î‹æ,35.94911389,139.7102
Šâ’Î‹æ,35.94919167,139.6870611
Šâ’Î‹æ,35.94919167,139.6954056
Šâ’Î‹æ,35.94924722,139.7003972
Šâ’Î‹æ,35.94926111,139.687125
Šâ’Î‹æ,35.94934722,139.7192778
Šâ’Î‹æ,35.94936111,139.720525
Šâ’Î‹æ,35.94936944,139.7046944
Šâ’Î‹æ,35.949425,139.7053639
Šâ’Î‹æ,35.949425,139.6916333
Šâ’Î‹æ,35.94944444,139.6919389
Šâ’Î‹æ,35.94946111,139.7218444
Šâ’Î‹æ,35.94952778,139.7122361
Šâ’Î‹æ,35.94954167,139.6907333
Šâ’Î‹æ,35.94955278,139.7036833
Šâ’Î‹æ,35.94964444,139.6875389
Šâ’Î‹æ,35.94965556,139.6892028
Šâ’Î‹æ,35.94968889,139.6892333
Šâ’Î‹æ,35.94973611,139.7062583
Šâ’Î‹æ,35.94980833,139.6860333
Šâ’Î‹æ,35.94982778,139.6990056
Šâ’Î‹æ,35.94988889,139.6945333
Šâ’Î‹æ,35.94991389,139.7006667
Šâ’Î‹æ,35.94993333,139.6977944
Šâ’Î‹æ,35.94993889,139.7107167
Šâ’Î‹æ,35.94996667,139.7116583
Šâ’Î‹æ,35.94998333,139.7133556
Šâ’Î‹æ,35.95004722,139.6908694
Šâ’Î‹æ,35.95006667,139.718525
Šâ’Î‹æ,35.95006944,139.6906722
Šâ’Î‹æ,35.95011944,139.7027056
Šâ’Î‹æ,35.95013056,139.7080833
Šâ’Î‹æ,35.95025556,139.7176
Šâ’Î‹æ,35.95025833,139.7060333
Šâ’Î‹æ,35.95026667,139.712875
Šâ’Î‹æ,35.95030556,139.7217861
Šâ’Î‹æ,35.95033611,139.6882778
Šâ’Î‹æ,35.95036667,139.6933678
Šâ’Î‹æ,35.95040833,139.7032361
Šâ’Î‹æ,35.95040833,139.6916806
Šâ’Î‹æ,35.95045278,139.6967639
Šâ’Î‹æ,35.95054167,139.7198528
Šâ’Î‹æ,35.95056667,139.7097333
Šâ’Î‹æ,35.95058333,139.7140806
Šâ’Î‹æ,35.95059444,139.7017389
Šâ’Î‹æ,35.95061111,139.6899806
Šâ’Î‹æ,35.950675,139.6986861
Šâ’Î‹æ,35.95075556,139.7204778
Šâ’Î‹æ,35.95086111,139.6904028
Šâ’Î‹æ,35.95088889,139.689225
Šâ’Î‹æ,35.95090278,139.717325
Šâ’Î‹æ,35.95091111,139.6995889
Šâ’Î‹æ,35.95091389,139.6873778
Šâ’Î‹æ,35.95092222,139.7223361
Šâ’Î‹æ,35.95098611,139.7111306
Šâ’Î‹æ,35.95102778,139.7001861
Šâ’Î‹æ,35.95108333,139.7076194
Šâ’Î‹æ,35.95116944,139.6820806
Šâ’Î‹æ,35.951175,139.6925278
Šâ’Î‹æ,35.95124444,139.6959722
Šâ’Î‹æ,35.95124722,139.6942722
Šâ’Î‹æ,35.95125556,139.6976306
Šâ’Î‹æ,35.95126944,139.7143333
Šâ’Î‹æ,35.95131667,139.7132222
Šâ’Î‹æ,35.95134722,139.7185306
Šâ’Î‹æ,35.95138889,139.7055417
Šâ’Î‹æ,35.95143333,139.6886472
Šâ’Î‹æ,35.95147222,139.6894944
Šâ’Î‹æ,35.951475,139.7023528
Šâ’Î‹æ,35.95151667,139.6881167
Šâ’Î‹æ,35.95154167,139.7088583
Šâ’Î‹æ,35.95155556,139.7210861
Šâ’Î‹æ,35.95163889,139.6912833
Šâ’Î‹æ,35.95166111,139.6913028
Šâ’Î‹æ,35.9517,139.7013333
Šâ’Î‹æ,35.95173889,139.7065806
Šâ’Î‹æ,35.95176111,139.7127417
Šâ’Î‹æ,35.95178056,139.691625
Šâ’Î‹æ,35.95181111,139.7047444
Šâ’Î‹æ,35.95181389,139.6965
Šâ’Î‹æ,35.95182444,139.7038494
Šâ’Î‹æ,35.95186389,139.6868972
Šâ’Î‹æ,35.95191111,139.7099528
Šâ’Î‹æ,35.95192222,139.6852861
Šâ’Î‹æ,35.95194167,139.6933694
Šâ’Î‹æ,35.95196944,139.7027694
Šâ’Î‹æ,35.95200833,139.6950833
Šâ’Î‹æ,35.95201111,139.7169556
Šâ’Î‹æ,35.95201944,139.6984417
Šâ’Î‹æ,35.95211111,139.7080028
Šâ’Î‹æ,35.95212222,139.7008417
Šâ’Î‹æ,35.95215833,139.6885778
Šâ’Î‹æ,35.95217778,139.6875389
Šâ’Î‹æ,35.95224444,139.7142056
Šâ’Î‹æ,35.95233889,139.7044556
Šâ’Î‹æ,35.95233889,139.7059139
Šâ’Î‹æ,35.95234444,139.7016333
Šâ’Î‹æ,35.95235,139.7123639
Šâ’Î‹æ,35.95241111,139.7072056
Šâ’Î‹æ,35.95245556,139.7182528
Šâ’Î‹æ,35.95248889,139.7029222
Šâ’Î‹æ,35.95251667,139.6906611
Šâ’Î‹æ,35.95251944,139.6942167
Šâ’Î‹æ,35.952575,139.6923972
Šâ’Î‹æ,35.952575,139.6868972
Šâ’Î‹æ,35.95258333,139.7095583
Šâ’Î‹æ,35.95258889,139.71945
Šâ’Î‹æ,35.95269444,139.7051722
Šâ’Î‹æ,35.95279167,139.6859639
Šâ’Î‹æ,35.95281111,139.6875611
Šâ’Î‹æ,35.95286111,139.7128167
Šâ’Î‹æ,35.95286944,139.6974667
Šâ’Î‹æ,35.952875,139.6887833
Šâ’Î‹æ,35.95288611,139.717475
Šâ’Î‹æ,35.95289444,139.7081278
Šâ’Î‹æ,35.95289722,139.7056861
Šâ’Î‹æ,35.95298889,139.68655
Šâ’Î‹æ,35.95299444,139.7120861
Šâ’Î‹æ,35.95303889,139.7217722
Šâ’Î‹æ,35.95304444,139.6999944
Šâ’Î‹æ,35.95305,139.6995694
Šâ’Î‹æ,35.95305833,139.7073444
Šâ’Î‹æ,35.95316389,139.7163556
Šâ’Î‹æ,35.95323333,139.7003611
Šâ’Î‹æ,35.95325833,139.7045056
Šâ’Î‹æ,35.95326667,139.6914583
Šâ’Î‹æ,35.9533,139.706575
Šâ’Î‹æ,35.95331944,139.7013083
Šâ’Î‹æ,35.95334722,139.6932222
Šâ’Î‹æ,35.95336944,139.6857606
Šâ’Î‹æ,35.95338056,139.6981972
Šâ’Î‹æ,35.9534,139.7030222
Šâ’Î‹æ,35.95341944,139.7136389
Šâ’Î‹æ,35.95348889,139.7102889
Šâ’Î‹æ,35.95349722,139.6967139
Šâ’Î‹æ,35.95353333,139.7178333
Šâ’Î‹æ,35.95356389,139.6849111
Šâ’Î‹æ,35.95359972,139.6856939
Šâ’Î‹æ,35.95365833,139.6891111
Šâ’Î‹æ,35.95367222,139.7085667
Šâ’Î‹æ,35.95368611,139.719125
Šâ’Î‹æ,35.9538,139.7212778
Šâ’Î‹æ,35.95396389,139.6905778
Šâ’Î‹æ,35.95400278,139.7113333
Šâ’Î‹æ,35.95401944,139.69225
Šâ’Î‹æ,35.95401944,139.6859306
Šâ’Î‹æ,35.95402778,139.706125
Šâ’Î‹æ,35.95406389,139.6957472
Šâ’Î‹æ,35.95411389,139.720825
Šâ’Î‹æ,35.95413056,139.7125861
Šâ’Î‹æ,35.95421944,139.7045806
Šâ’Î‹æ,35.95425,139.7182111
Šâ’Î‹æ,35.95426111,139.7093917
Šâ’Î‹æ,35.95426111,139.7006
Šâ’Î‹æ,35.95431389,139.7231056
Šâ’Î‹æ,35.95432222,139.7114917
Šâ’Î‹æ,35.95436389,139.6876111
Šâ’Î‹æ,35.95438333,139.6876417
Šâ’Î‹æ,35.95438611,139.7035667
Šâ’Î‹æ,35.95441111,139.6835194
Šâ’Î‹æ,35.95441389,139.6835194
Šâ’Î‹æ,35.95453889,139.7193639
Šâ’Î‹æ,35.95454167,139.6991694
Šâ’Î‹æ,35.95455556,139.7073639
Šâ’Î‹æ,35.954575,139.7135139
Šâ’Î‹æ,35.95459167,139.7018528
Šâ’Î‹æ,35.95464667,139.6880039
Šâ’Î‹æ,35.95465556,139.7103583
Šâ’Î‹æ,35.95468889,139.6946889
Šâ’Î‹æ,35.95474444,139.7055028
Šâ’Î‹æ,35.95475556,139.7086167
Šâ’Î‹æ,35.954775,139.7170389
Šâ’Î‹æ,35.95479444,139.691475
Šâ’Î‹æ,35.95481667,139.6865139
Šâ’Î‹æ,35.95483056,139.70945
Šâ’Î‹æ,35.95488611,139.6980389
Šâ’Î‹æ,35.95492222,139.7202583
Šâ’Î‹æ,35.95495556,139.6966333
Šâ’Î‹æ,35.95500556,139.7156056
Šâ’Î‹æ,35.955075,139.722425
Šâ’Î‹æ,35.95510556,139.7180028
Šâ’Î‹æ,35.95515556,139.6905028
Šâ’Î‹æ,35.95517222,139.7063556
Šâ’Î‹æ,35.95523333,139.7047139
Šâ’Î‹æ,35.95524444,139.7125361
Šâ’Î‹æ,35.95532222,139.7087667
Šâ’Î‹æ,35.955325,139.7239694
Šâ’Î‹æ,35.95533333,139.7035389
Šâ’Î‹æ,35.95534722,139.7112972
Šâ’Î‹æ,35.9554,139.7208333
Šâ’Î‹æ,35.95541667,139.6938222
Šâ’Î‹æ,35.955425,139.7191778
Šâ’Î‹æ,35.95543333,139.7251889
Šâ’Î‹æ,35.95545833,139.6998972
Šâ’Î‹æ,35.95547778,139.6922167
Šâ’Î‹æ,35.9556,139.7184222
Šâ’Î‹æ,35.95560278,139.6867972
Šâ’Î‹æ,35.95563056,139.6956861
Šâ’Î‹æ,35.955675,139.7076861
Šâ’Î‹æ,35.95569167,139.7235444
Šâ’Î‹æ,35.95578333,139.6856572
Šâ’Î‹æ,35.9558,139.7008639
Šâ’Î‹æ,35.95580556,139.7201583
Šâ’Î‹æ,35.95580833,139.7105639
Šâ’Î‹æ,35.95584722,139.7161472
Šâ’Î‹æ,35.95585833,139.7121417
Šâ’Î‹æ,35.95590833,139.6997028
Šâ’Î‹æ,35.95591389,139.7169694
Šâ’Î‹æ,35.95592778,139.697675
Šâ’Î‹æ,35.95603333,139.6827667
Šâ’Î‹æ,35.95605,139.6845472
Šâ’Î‹æ,35.95606111,139.6847694
Šâ’Î‹æ,35.95606389,139.6884083
Šâ’Î‹æ,35.95613611,139.6963472
Šâ’Î‹æ,35.95615833,139.7258972
Šâ’Î‹æ,35.95619722,139.7224111
Šâ’Î‹æ,35.95621944,139.6930167
Šâ’Î‹æ,35.95621944,139.7024806
Šâ’Î‹æ,35.95623889,139.7189889
Šâ’Î‹æ,35.95624722,139.7050944
Šâ’Î‹æ,35.95626667,139.7089861
Šâ’Î‹æ,35.95645278,139.6997389
Šâ’Î‹æ,35.95646111,139.7153194
Šâ’Î‹æ,35.95646389,139.691275
Šâ’Î‹æ,35.95651111,139.7078
Šâ’Î‹æ,35.95661111,139.7168222
Šâ’Î‹æ,35.95661111,139.7144139
Šâ’Î‹æ,35.95663333,139.6808139
Šâ’Î‹æ,35.95676389,139.6954861
Šâ’Î‹æ,35.95676944,139.7208111
Šâ’Î‹æ,35.95679722,139.7253111
Šâ’Î‹æ,35.95680833,139.6981278
Šâ’Î‹æ,35.95685556,139.7267917
Šâ’Î‹æ,35.95693611,139.7191111
Šâ’Î‹æ,35.95694444,139.6971194
Šâ’Î‹æ,35.95697778,139.6783889
Šâ’Î‹æ,35.95698611,139.6898194
Šâ’Î‹æ,35.95698611,139.6898056
Šâ’Î‹æ,35.95703056,139.6897972
Šâ’Î‹æ,35.95703333,139.6842333
Šâ’Î‹æ,35.95705,139.7202139
Šâ’Î‹æ,35.95705,139.7051889
Šâ’Î‹æ,35.95706111,139.7155083
Šâ’Î‹æ,35.95711111,139.7180111
Šâ’Î‹æ,35.95711389,139.702475
Šâ’Î‹æ,35.95726667,139.7140611
Šâ’Î‹æ,35.95727222,139.7092722
Šâ’Î‹æ,35.95731667,139.6982806
Šâ’Î‹æ,35.95736389,139.682575
Šâ’Î‹æ,35.95741667,139.7170861
Šâ’Î‹æ,35.95744722,139.708
Šâ’Î‹æ,35.95746667,139.6945056
Šâ’Î‹æ,35.95749167,139.7028583
Šâ’Î‹æ,35.95749722,139.6960889
Šâ’Î‹æ,35.95751667,139.6881278
Šâ’Î‹æ,35.957575,139.6923889
Šâ’Î‹æ,35.95758333,139.7144139
Šâ’Î‹æ,35.95761944,139.7287028
Šâ’Î‹æ,35.95765,139.7102917
Šâ’Î‹æ,35.95766944,139.6789694
Šâ’Î‹æ,35.95769722,139.7159667
Šâ’Î‹æ,35.95771667,139.6970306
Šâ’Î‹æ,35.95773056,139.7136722
Šâ’Î‹æ,35.95774722,139.6790722
Šâ’Î‹æ,35.95785278,139.7013
Šâ’Î‹æ,35.95786111,139.6964028
Šâ’Î‹æ,35.95786944,139.7192861
Šâ’Î‹æ,35.95788333,139.690125
Šâ’Î‹æ,35.95788889,139.6807528
Šâ’Î‹æ,35.95791667,139.7047139
Šâ’Î‹æ,35.95791944,139.6964056
Šâ’Î‹æ,35.95794722,139.6867167
Šâ’Î‹æ,35.95797222,139.7181028
Šâ’Î‹æ,35.958,139.6996778
Šâ’Î‹æ,35.95808611,139.6772417
Šâ’Î‹æ,35.95810556,139.6893722
Šâ’Î‹æ,35.95815,139.6910694
Šâ’Î‹æ,35.95816528,139.6910761
Šâ’Î‹æ,35.95816667,139.7058167
Šâ’Î‹æ,35.9582,139.7134417
Šâ’Î‹æ,35.95824444,139.6985778
Šâ’Î‹æ,35.95824722,139.6931972
Šâ’Î‹æ,35.95829167,139.7024639
Šâ’Î‹æ,35.95838611,139.7172111
Šâ’Î‹æ,35.95845,139.6940778
Šâ’Î‹æ,35.95845,139.6911972
Šâ’Î‹æ,35.95846944,139.6798833
Šâ’Î‹æ,35.95848889,139.6905194
Šâ’Î‹æ,35.95856667,139.6875361
Šâ’Î‹æ,35.95860278,139.6949639
Šâ’Î‹æ,35.95860556,139.7158278
Šâ’Î‹æ,35.95860833,139.6859194
Šâ’Î‹æ,35.95867222,139.7071917
Šâ’Î‹æ,35.95869167,139.6851667
Šâ’Î‹æ,35.95872778,139.7122
Šâ’Î‹æ,35.95876667,139.688925
Šâ’Î‹æ,35.95883333,139.7164389
Šâ’Î‹æ,35.958875,139.7006833
Šâ’Î‹æ,35.95891944,139.7043556
Šâ’Î‹æ,35.95892778,139.7145861
Šâ’Î‹æ,35.95893333,139.699075
Šâ’Î‹æ,35.95893611,139.7182556
Šâ’Î‹æ,35.95895278,139.6980611
Šâ’Î‹æ,35.95900278,139.7133361
Šâ’Î‹æ,35.95902222,139.6931028
Šâ’Î‹æ,35.95903056,139.6959139
Šâ’Î‹æ,35.95903611,139.695925
Šâ’Î‹æ,35.95904722,139.6959278
Šâ’Î‹æ,35.959075,139.7019333
Šâ’Î‹æ,35.95913056,139.7189528
Šâ’Î‹æ,35.95918889,139.7028083
Šâ’Î‹æ,35.95920278,139.683625
Šâ’Î‹æ,35.95920833,139.6786167
Šâ’Î‹æ,35.95926389,139.6884111
Šâ’Î‹æ,35.9593,139.6967972
Šâ’Î‹æ,35.95939167,139.7133611
Šâ’Î‹æ,35.95941111,139.7051861
Šâ’Î‹æ,35.95953889,139.7074778
Šâ’Î‹æ,35.95958056,139.6774444
Šâ’Î‹æ,35.95958611,139.6839861
Šâ’Î‹æ,35.95959444,139.7063694
Šâ’Î‹æ,35.95966111,139.6890528
Šâ’Î‹æ,35.95966667,139.6881056
Šâ’Î‹æ,35.95968611,139.6952556
Šâ’Î‹æ,35.95970556,139.7000361
Šâ’Î‹æ,35.95973611,139.7157694
Šâ’Î‹æ,35.95975,139.703675
Šâ’Î‹æ,35.95978333,139.7100472
Šâ’Î‹æ,35.9598,139.7112361
Šâ’Î‹æ,35.95984167,139.6822583
Šâ’Î‹æ,35.95988333,139.6844667
Šâ’Î‹æ,35.95997778,139.6867833
Šâ’Î‹æ,35.96000556,139.6929583
Šâ’Î‹æ,35.960025,139.7169556
Šâ’Î‹æ,35.96004444,139.6991444
Šâ’Î‹æ,35.96005278,139.7134972
Šâ’Î‹æ,35.96007222,139.6958139
Šâ’Î‹æ,35.96007778,139.7009806
Šâ’Î‹æ,35.96008056,139.7172278
Šâ’Î‹æ,35.96009444,139.6979528
Šâ’Î‹æ,35.96011667,139.7187861
Šâ’Î‹æ,35.96013056,139.6964611
Šâ’Î‹æ,35.96019167,139.6756083
Šâ’Î‹æ,35.9602,139.7019806
Šâ’Î‹æ,35.96020833,139.6920917
Šâ’Î‹æ,35.96021389,139.7043667
Šâ’Î‹æ,35.96032778,139.6810083
Šâ’Î‹æ,35.96040278,139.6850444
Šâ’Î‹æ,35.96041389,139.68505
Šâ’Î‹æ,35.96046667,139.688475
Šâ’Î‹æ,35.96047222,139.7084833
Šâ’Î‹æ,35.96050278,139.7056583
Šâ’Î‹æ,35.96065278,139.6867889
Šâ’Î‹æ,35.96066667,139.7031583
Šâ’Î‹æ,35.96069444,139.7150056
Šâ’Î‹æ,35.96075556,139.7121722
Šâ’Î‹æ,35.9608,139.70945
Šâ’Î‹æ,35.961,139.6944306
Šâ’Î‹æ,35.96102778,139.6788667
Šâ’Î‹æ,35.96106667,139.699425
Šâ’Î‹æ,35.9611,139.7039722
Šâ’Î‹æ,35.96112778,139.7132111
Šâ’Î‹æ,35.96117222,139.7161944
Šâ’Î‹æ,35.96117778,139.7107778
Šâ’Î‹æ,35.96118333,139.7009222
Šâ’Î‹æ,35.96120278,139.6881944
Šâ’Î‹æ,35.96121667,139.6818833
Šâ’Î‹æ,35.96122222,139.7017778
Šâ’Î‹æ,35.96122222,139.6777139
Šâ’Î‹æ,35.96123889,139.6835167
Šâ’Î‹æ,35.96128889,139.7098806
Šâ’Î‹æ,35.96138056,139.6963806
Šâ’Î‹æ,35.961425,139.7029667
Šâ’Î‹æ,35.96143611,139.7087306
Šâ’Î‹æ,35.96145278,139.7148444
Šâ’Î‹æ,35.96146389,139.6753639
Šâ’Î‹æ,35.96149167,139.7059861
Šâ’Î‹æ,35.96150278,139.6747694
Šâ’Î‹æ,35.96160278,139.7134
Šâ’Î‹æ,35.96165,139.7070917
Šâ’Î‹æ,35.96166944,139.6797611
Šâ’Î‹æ,35.96175556,139.6812
Šâ’Î‹æ,35.96178889,139.7156083
Šâ’Î‹æ,35.96185,139.6769611
Šâ’Î‹æ,35.9619,139.6983139
Šâ’Î‹æ,35.96190278,139.7154833
Šâ’Î‹æ,35.96194167,139.706475
Šâ’Î‹æ,35.96196111,139.7016694
Šâ’Î‹æ,35.96204444,139.6955694
Šâ’Î‹æ,35.96205833,139.6733278
Šâ’Î‹æ,35.96206111,139.699525
Šâ’Î‹æ,35.962175,139.7116556
Šâ’Î‹æ,35.96226944,139.70085
Šâ’Î‹æ,35.96232778,139.69745
Šâ’Î‹æ,35.9624,139.70945
Šâ’Î‹æ,35.962425,139.6788056
Šâ’Î‹æ,35.96243333,139.7133833
Šâ’Î‹æ,35.96245556,139.7109389
Šâ’Î‹æ,35.96253333,139.6874506
Šâ’Î‹æ,35.96256389,139.6955083
Šâ’Î‹æ,35.96257778,139.6753417
Šâ’Î‹æ,35.96267222,139.7143056
Šâ’Î‹æ,35.96267222,139.7142944
Šâ’Î‹æ,35.96268333,139.6776
Šâ’Î‹æ,35.96268889,139.7072111
Šâ’Î‹æ,35.96269167,139.6845944
Šâ’Î‹æ,35.96279167,139.7056139
Šâ’Î‹æ,35.962825,139.7018444
Šâ’Î‹æ,35.962825,139.71205
Šâ’Î‹æ,35.96287222,139.6982083
Šâ’Î‹æ,35.96287778,139.6765722
Šâ’Î‹æ,35.96291111,139.7043444
Šâ’Î‹æ,35.96299167,139.6997222
Šâ’Î‹æ,35.96302222,139.6969306
Šâ’Î‹æ,35.96306389,139.7091861
Šâ’Î‹æ,35.96314444,139.6705361
Šâ’Î‹æ,35.96316944,139.6704861
Šâ’Î‹æ,35.96318056,139.7128333
Šâ’Î‹æ,35.96321111,139.6942722
Šâ’Î‹æ,35.96329722,139.6754111
Šâ’Î‹æ,35.96333056,139.6907778
Šâ’Î‹æ,35.96333611,139.6822667
Šâ’Î‹æ,35.96337222,139.7115111
Šâ’Î‹æ,35.96341667,139.7139361
Šâ’Î‹æ,35.963425,139.6824944
Šâ’Î‹æ,35.963425,139.7101917
Šâ’Î‹æ,35.96343611,139.668175
Šâ’Î‹æ,35.96346111,139.6787083
Šâ’Î‹æ,35.96346667,139.7155028
Šâ’Î‹æ,35.96355556,139.6883278
Šâ’Î‹æ,35.963575,139.6801611
Šâ’Î‹æ,35.96357778,139.6661056
Šâ’Î‹æ,35.96361944,139.7086806
Šâ’Î‹æ,35.96363889,139.7006417
Šâ’Î‹æ,35.96367222,139.6652639
Šâ’Î‹æ,35.96368333,139.6978556
Šâ’Î‹æ,35.96368611,139.6913056
Šâ’Î‹æ,35.96369167,139.7046361
Šâ’Î‹æ,35.963725,139.6775528
Šâ’Î‹æ,35.96374167,139.6717472
Šâ’Î‹æ,35.96381111,139.7037694
Šâ’Î‹æ,35.96384444,139.6980528
Šâ’Î‹æ,35.96386111,139.6980833
Šâ’Î‹æ,35.96386667,139.6850556
Šâ’Î‹æ,35.963875,139.7072
Šâ’Î‹æ,35.96391111,139.7120639
Šâ’Î‹æ,35.96393056,139.6960667
Šâ’Î‹æ,35.96395278,139.6960583
Šâ’Î‹æ,35.96400556,139.6871056
Šâ’Î‹æ,35.96401667,139.6828222
Šâ’Î‹æ,35.9641,139.6689972
Šâ’Î‹æ,35.96419444,139.6818639
Šâ’Î‹æ,35.96426111,139.694425
Šâ’Î‹æ,35.96433056,139.6993222
Šâ’Î‹æ,35.96434167,139.6776889
Šâ’Î‹æ,35.96438333,139.7089833
Šâ’Î‹æ,35.96438889,139.7089917
Šâ’Î‹æ,35.96440278,139.7130028
Šâ’Î‹æ,35.96442778,139.6680806
Šâ’Î‹æ,35.96445,139.6969722
Šâ’Î‹æ,35.96445,139.6908278
Šâ’Î‹æ,35.96446111,139.6969694
Šâ’Î‹æ,35.96448056,139.7165806
Šâ’Î‹æ,35.96449167,139.7034722
Šâ’Î‹æ,35.96458889,139.6755917
Šâ’Î‹æ,35.96465556,139.7064861
Šâ’Î‹æ,35.96469444,139.6891306
Šâ’Î‹æ,35.96471389,139.7113667
Šâ’Î‹æ,35.964725,139.6592917
Šâ’Î‹æ,35.96489722,139.6669694
Šâ’Î‹æ,35.96495556,139.6743556
Šâ’Î‹æ,35.96496667,139.6743389
Šâ’Î‹æ,35.96498333,139.6785472
Šâ’Î‹æ,35.96503056,139.7142861
Šâ’Î‹æ,35.965075,139.6741556
Šâ’Î‹æ,35.96508611,139.7047083
Šâ’Î‹æ,35.96510833,139.7211139
Šâ’Î‹æ,35.96511111,139.7211111
Šâ’Î‹æ,35.96511389,139.6900139
Šâ’Î‹æ,35.96514167,139.7136583
Šâ’Î‹æ,35.96515083,139.6610589
Šâ’Î‹æ,35.96515278,139.7211639
Šâ’Î‹æ,35.96521944,139.6868028
Šâ’Î‹æ,35.96523056,139.682225
Šâ’Î‹æ,35.965325,139.6909278
Šâ’Î‹æ,35.96534167,139.7097972
Šâ’Î‹æ,35.96535,139.7097972
Šâ’Î‹æ,35.96535278,139.7097972
Šâ’Î‹æ,35.96537222,139.6971306
Šâ’Î‹æ,35.96540833,139.67
Šâ’Î‹æ,35.96543611,139.6886889
Šâ’Î‹æ,35.96543611,139.6886667
Šâ’Î‹æ,35.96544167,139.7029167
Šâ’Î‹æ,35.96545278,139.7092083
Šâ’Î‹æ,35.96547222,139.7092222
Šâ’Î‹æ,35.96558056,139.7131556
Šâ’Î‹æ,35.96564722,139.6651139
Šâ’Î‹æ,35.96566389,139.7222861
Šâ’Î‹æ,35.96567222,139.6983694
Šâ’Î‹æ,35.96567778,139.6764889
Šâ’Î‹æ,35.96576667,139.7051167
Šâ’Î‹æ,35.96577778,139.6731139
Šâ’Î‹æ,35.96580278,139.7115472
Šâ’Î‹æ,35.96593889,139.7200333
Šâ’Î‹æ,35.96599722,139.6856111
Šâ’Î‹æ,35.96604444,139.7179444
Šâ’Î‹æ,35.96609167,139.7039972
Šâ’Î‹æ,35.96614444,139.7050556
Šâ’Î‹æ,35.966175,139.7050611
Šâ’Î‹æ,35.96620833,139.6622028
Šâ’Î‹æ,35.96622222,139.713925
Šâ’Î‹æ,35.96624444,139.6807778
Šâ’Î‹æ,35.96625833,139.7126306
Šâ’Î‹æ,35.96626389,139.707725
Šâ’Î‹æ,35.96627778,139.7214278
Šâ’Î‹æ,35.96628611,139.7015444
Šâ’Î‹æ,35.96632222,139.6978694
Šâ’Î‹æ,35.96633611,139.7028861
Šâ’Î‹æ,35.966375,139.7190417
Šâ’Î‹æ,35.96638611,139.7232333
Šâ’Î‹æ,35.96643333,139.7151444
Šâ’Î‹æ,35.96655556,139.6885861
Šâ’Î‹æ,35.96658333,139.67195
Šâ’Î‹æ,35.96660556,139.6977194
Šâ’Î‹æ,35.96661111,139.667925
Šâ’Î‹æ,35.96661389,139.7251722
Šâ’Î‹æ,35.96663333,139.708375
Šâ’Î‹æ,35.96665556,139.6827889
Šâ’Î‹æ,35.96674167,139.7114389
Šâ’Î‹æ,35.96679167,139.6905889
Šâ’Î‹æ,35.96683056,139.6635889
Šâ’Î‹æ,35.96691389,139.7106417
Šâ’Î‹æ,35.96691944,139.7202222
Šâ’Î‹æ,35.96692778,139.6845944
Šâ’Î‹æ,35.96698333,139.7096889
Šâ’Î‹æ,35.96705556,139.7035889
Šâ’Î‹æ,35.96716389,139.6696889
Šâ’Î‹æ,35.96718056,139.7180583
Šâ’Î‹æ,35.96722222,139.7139944
Šâ’Î‹æ,35.96722778,139.7214889
Šâ’Î‹æ,35.96725,139.7072778
Šâ’Î‹æ,35.96725833,139.6697278
Šâ’Î‹æ,35.96729722,139.7004889
Šâ’Î‹æ,35.967325,139.7023
Šâ’Î‹æ,35.96739444,139.706175
Šâ’Î‹æ,35.96741111,139.7101722
Šâ’Î‹æ,35.96742778,139.7048833
Šâ’Î‹æ,35.96747778,139.6964417
Šâ’Î‹æ,35.96748889,139.6862139
Šâ’Î‹æ,35.96756389,139.7079083
Šâ’Î‹æ,35.96769722,139.722725
Šâ’Î‹æ,35.96770556,139.7234083
Šâ’Î‹æ,35.967725,139.725075
Šâ’Î‹æ,35.96776944,139.6836472
Šâ’Î‹æ,35.96776944,139.6655028
Šâ’Î‹æ,35.96779444,139.7093806
Šâ’Î‹æ,35.96779444,139.6654444
Šâ’Î‹æ,35.96780556,139.7093806
Šâ’Î‹æ,35.96792222,139.7018306
Šâ’Î‹æ,35.96793056,139.71375
Šâ’Î‹æ,35.96793333,139.7137694
Šâ’Î‹æ,35.96806111,139.7032639
Šâ’Î‹æ,35.96811111,139.68835
Šâ’Î‹æ,35.96813611,139.7125028
Šâ’Î‹æ,35.96829722,139.690075
Šâ’Î‹æ,35.96831944,139.716625
Šâ’Î‹æ,35.968425,139.6723767
Šâ’Î‹æ,35.96844167,139.6616917
Šâ’Î‹æ,35.96845278,139.7282111
Šâ’Î‹æ,35.96846111,139.7019667
Šâ’Î‹æ,35.96846389,139.7091722
Šâ’Î‹æ,35.96852222,139.7079556
Šâ’Î‹æ,35.96856944,139.7001917
Šâ’Î‹æ,35.968575,139.7115917
Šâ’Î‹æ,35.96858611,139.7115806
Šâ’Î‹æ,35.96858611,139.6680694
Šâ’Î‹æ,35.96859444,139.6952944
Šâ’Î‹æ,35.96859722,139.706675
Šâ’Î‹æ,35.96863333,139.7046417
Šâ’Î‹æ,35.96865833,139.6862056
Šâ’Î‹æ,35.96870556,139.7151306
Šâ’Î‹æ,35.96874167,139.7151528
Šâ’Î‹æ,35.96876667,139.6710167
Šâ’Î‹æ,35.96879722,139.6871
Šâ’Î‹æ,35.96891389,139.7224444
Šâ’Î‹æ,35.96892778,139.6998556
Šâ’Î‹æ,35.96895278,139.7239389
Šâ’Î‹æ,35.96898611,139.6653111
Šâ’Î‹æ,35.96903611,139.69435
Šâ’Î‹æ,35.96918333,139.6740167
Šâ’Î‹æ,35.96920278,139.71005
Šâ’Î‹æ,35.96923333,139.7079
Šâ’Î‹æ,35.96923889,139.6964139
Šâ’Î‹æ,35.96933889,139.7036778
Šâ’Î‹æ,35.96935278,139.7012417
Šâ’Î‹æ,35.96943889,139.6671583
Šâ’Î‹æ,35.96944167,139.6671444
Šâ’Î‹æ,35.96954167,139.69315
Šâ’Î‹æ,35.96955556,139.6666
Šâ’Î‹æ,35.96964167,139.665775
Šâ’Î‹æ,35.96969444,139.7091083
Šâ’Î‹æ,35.96976389,139.6713389
Šâ’Î‹æ,35.96976944,139.7067333
Šâ’Î‹æ,35.96977778,139.7023639
Šâ’Î‹æ,35.96979722,139.7050444
Šâ’Î‹æ,35.96981111,139.7080306
Šâ’Î‹æ,35.96983417,139.6642081
Šâ’Î‹æ,35.96985556,139.7100417
Šâ’Î‹æ,35.96995833,139.69745
Šâ’Î‹æ,35.96998611,139.7223944
Šâ’Î‹æ,35.97001389,139.7194556
Šâ’Î‹æ,35.97009444,139.6994722
Šâ’Î‹æ,35.97010278,139.7202333
Šâ’Î‹æ,35.97018889,139.6958444
Šâ’Î‹æ,35.97030278,139.7229861
Šâ’Î‹æ,35.97034444,139.7117417
Šâ’Î‹æ,35.97040556,139.6966528
Šâ’Î‹æ,35.97041389,139.70055
Šâ’Î‹æ,35.97044444,139.698975
Šâ’Î‹æ,35.97051111,139.6950722
Šâ’Î‹æ,35.97058333,139.6944472
Šâ’Î‹æ,35.9706,139.7030861
Šâ’Î‹æ,35.97064167,139.6987722
Šâ’Î‹æ,35.97072778,139.7247639
Šâ’Î‹æ,35.97081667,139.7210833
Šâ’Î‹æ,35.97101944,139.7275028
Šâ’Î‹æ,35.97110278,139.713475
Šâ’Î‹æ,35.971125,139.7262333
Šâ’Î‹æ,35.97115,139.7014639
Šâ’Î‹æ,35.97116111,139.7208472
Šâ’Î‹æ,35.97116944,139.7041111
Šâ’Î‹æ,35.97124722,139.6981778
Šâ’Î‹æ,35.97137889,139.72323
Šâ’Î‹æ,35.97150556,139.6922861
Šâ’Î‹æ,35.97170278,139.7218306
Šâ’Î‹æ,35.971775,139.7080028
Šâ’Î‹æ,35.97183333,139.7207867
Šâ’Î‹æ,35.97187222,139.7054361
Šâ’Î‹æ,35.97194444,139.7025056
Šâ’Î‹æ,35.97199167,139.7024889
Šâ’Î‹æ,35.97205,139.7253528
Šâ’Î‹æ,35.972075,139.7064667
Šâ’Î‹æ,35.97209167,139.7192667
Šâ’Î‹æ,35.97215278,139.7272056
Šâ’Î‹æ,35.97227444,139.7106581
Šâ’Î‹æ,35.97229444,139.7173972
Šâ’Î‹æ,35.97231389,139.7121083
Šâ’Î‹æ,35.97231944,139.7149222
Šâ’Î‹æ,35.97235,139.7006361
Šâ’Î‹æ,35.97239167,139.6989917
Šâ’Î‹æ,35.97258333,139.7260028
Šâ’Î‹æ,35.97262222,139.7159306
Šâ’Î‹æ,35.97266389,139.7092
Šâ’Î‹æ,35.97294444,139.6952944
Šâ’Î‹æ,35.97294722,139.7180833
Šâ’Î‹æ,35.97304444,139.7032111
Šâ’Î‹æ,35.97323333,139.7275111
Šâ’Î‹æ,35.9733475,139.6996983
Šâ’Î‹æ,35.97380278,139.7081306
Šâ’Î‹æ,35.97394722,139.6971056
Šâ’Î‹æ,35.97405,139.7093806
Šâ’Î‹æ,35.97405278,139.7093917
Šâ’Î‹æ,35.97405278,139.6955756
Šâ’Î‹æ,35.97411111,139.7264111
Šâ’Î‹æ,35.97413056,139.6990556
Šâ’Î‹æ,35.97414444,139.7015889
Šâ’Î‹æ,35.97422778,139.7008694
Šâ’Î‹æ,35.97430278,139.7161833
Šâ’Î‹æ,35.97431389,139.7276167
Šâ’Î‹æ,35.97440833,139.7067806
Šâ’Î‹æ,35.97447111,139.6903028
Šâ’Î‹æ,35.97456111,139.694075
Šâ’Î‹æ,35.97463889,139.7041917
Šâ’Î‹æ,35.97464722,139.7042194
Šâ’Î‹æ,35.97470556,139.7003111
Šâ’Î‹æ,35.97480556,139.6928167
Šâ’Î‹æ,35.97494167,139.7024667
Šâ’Î‹æ,35.97495556,139.7256139
Šâ’Î‹æ,35.97499167,139.7078611
Šâ’Î‹æ,35.97500556,139.7078417
Šâ’Î‹æ,35.97502778,139.7078111
Šâ’Î‹æ,35.97503889,139.7014639
Šâ’Î‹æ,35.97505278,139.7054833
Šâ’Î‹æ,35.97521389,139.7273278
Šâ’Î‹æ,35.97531111,139.7060444
Šâ’Î‹æ,35.97538333,139.7145389
Šâ’Î‹æ,35.97543333,139.7273747
Šâ’Î‹æ,35.97546944,139.7034417
Šâ’Î‹æ,35.97557778,139.7007917
Šâ’Î‹æ,35.97560556,139.6916194
Šâ’Î‹æ,35.975625,139.6949778
Šâ’Î‹æ,35.97564722,139.7098528
Šâ’Î‹æ,35.97573889,139.6973417
Šâ’Î‹æ,35.97581111,139.7068222
Šâ’Î‹æ,35.97599722,139.7282222
Šâ’Î‹æ,35.97599722,139.7132444
Šâ’Î‹æ,35.97612778,139.6955139
Šâ’Î‹æ,35.97622778,139.7168417
Šâ’Î‹æ,35.97623611,139.7002833
Šâ’Î‹æ,35.97633611,139.7023194
Šâ’Î‹æ,35.9766,139.7057556
Šâ’Î‹æ,35.97665556,139.6936167
Šâ’Î‹æ,35.97666389,139.6986167
Šâ’Î‹æ,35.97668056,139.6963417
Šâ’Î‹æ,35.97669167,139.7012778
Šâ’Î‹æ,35.97685556,139.7272086
Šâ’Î‹æ,35.97690278,139.725425
Šâ’Î‹æ,35.97698333,139.7103194
Šâ’Î‹æ,35.97699722,139.6907094
Šâ’Î‹æ,35.97709444,139.6926333
Šâ’Î‹æ,35.97711111,139.728675
Šâ’Î‹æ,35.97718889,139.7187667
Šâ’Î‹æ,35.97725556,139.7201056
Šâ’Î‹æ,35.97726667,139.7046778
Šâ’Î‹æ,35.97733333,139.7128
Šâ’Î‹æ,35.97745556,139.7266306
Šâ’Î‹æ,35.97746667,139.7266389
Šâ’Î‹æ,35.97751389,139.700375
Šâ’Î‹æ,35.97755278,139.7166528
Šâ’Î‹æ,35.97760278,139.7217639
Šâ’Î‹æ,35.97760833,139.7143806
Šâ’Î‹æ,35.97773056,139.6930556
Šâ’Î‹æ,35.97775278,139.6979583
Šâ’Î‹æ,35.97781389,139.708175
Šâ’Î‹æ,35.97789444,139.7019056
Šâ’Î‹æ,35.97806944,139.7244944
Šâ’Î‹æ,35.97826944,139.7258833
Šâ’Î‹æ,35.97838056,139.6934306
Šâ’Î‹æ,35.97839444,139.7129083
Šâ’Î‹æ,35.9784,139.7284306
Šâ’Î‹æ,35.97843306,139.6914825
Šâ’Î‹æ,35.97845278,139.7117639
Šâ’Î‹æ,35.97854167,139.7022861
Šâ’Î‹æ,35.97854722,139.7274667
Šâ’Î‹æ,35.97869722,139.70565
Šâ’Î‹æ,35.97876389,139.715525
Šâ’Î‹æ,35.97879444,139.7050778
Šâ’Î‹æ,35.97890556,139.6996472
Šâ’Î‹æ,35.97903889,139.7287556
Šâ’Î‹æ,35.97905722,139.6923025
Šâ’Î‹æ,35.97909444,139.6945889
Šâ’Î‹æ,35.97911667,139.6945528
Šâ’Î‹æ,35.97925278,139.7104778
Šâ’Î‹æ,35.97932222,139.7275167
Šâ’Î‹æ,35.97955,139.7031611
Šâ’Î‹æ,35.97955,139.7238778
Šâ’Î‹æ,35.97955,139.70315
Šâ’Î‹æ,35.97955278,139.7127139
Šâ’Î‹æ,35.97958889,139.722875
Šâ’Î‹æ,35.97960833,139.7268722
Šâ’Î‹æ,35.97964722,139.7066333
Šâ’Î‹æ,35.97971389,139.7067028
Šâ’Î‹æ,35.97976111,139.7019583
Šâ’Î‹æ,35.97996389,139.708825
Šâ’Î‹æ,35.97996667,139.6961528
Šâ’Î‹æ,35.98015556,139.727725
Šâ’Î‹æ,35.98030278,139.7050028
Šâ’Î‹æ,35.98033333,139.7244333
Šâ’Î‹æ,35.98037722,139.7237311
Šâ’Î‹æ,35.98047778,139.6981361
Šâ’Î‹æ,35.98048333,139.7012833
Šâ’Î‹æ,35.98048333,139.7162139
Šâ’Î‹æ,35.98058056,139.7081083
Šâ’Î‹æ,35.98061389,139.7069111
Šâ’Î‹æ,35.98061944,139.7286694
Šâ’Î‹æ,35.98065278,139.7260167
Šâ’Î‹æ,35.98082222,139.7115611
Šâ’Î‹æ,35.98097222,139.7211194
Šâ’Î‹æ,35.98101111,139.7133528
Šâ’Î‹æ,35.98107778,139.7001944
Šâ’Î‹æ,35.98114444,139.7018806
Šâ’Î‹æ,35.98118889,139.7023611
Šâ’Î‹æ,35.9814,139.723975
Šâ’Î‹æ,35.98166667,139.6972472
Šâ’Î‹æ,35.98180556,139.7068111
Šâ’Î‹æ,35.98182778,139.7068444
Šâ’Î‹æ,35.98183333,139.7059556
Šâ’Î‹æ,35.98212778,139.7038472
Šâ’Î‹æ,35.98221389,139.7209306
Šâ’Î‹æ,35.98248889,139.7244278
Šâ’Î‹æ,35.98273611,139.7150722
Šâ’Î‹æ,35.98318056,139.7046389
Šâ’Î‹æ,35.9832,139.7021583
Šâ’Î‹æ,35.98327222,139.7058778
Šâ’Î‹æ,35.98355556,139.70025
Šâ’Î‹æ,35.98370278,139.7146361
Šâ’Î‹æ,35.983875,139.7204139
Šâ’Î‹æ,35.98391389,139.7075444
Šâ’Î‹æ,35.98393611,139.7217583
Šâ’Î‹æ,35.984025,139.6985083
Šâ’Î‹æ,35.984225,139.7035833
Šâ’Î‹æ,35.98430833,139.704875
Šâ’Î‹æ,35.98432778,139.7048778
Šâ’Î‹æ,35.98440556,139.7022933
Šâ’Î‹æ,35.98441111,139.7096528
Šâ’Î‹æ,35.98441111,139.7207417
Šâ’Î‹æ,35.98459444,139.7194806
Šâ’Î‹æ,35.98485278,139.7114111
Šâ’Î‹æ,35.98486389,139.7114722
Šâ’Î‹æ,35.98527222,139.7031806
Šâ’Î‹æ,35.98527778,139.712725
Šâ’Î‹æ,35.98539722,139.7070361
Šâ’Î‹æ,35.98548889,139.7103556
Šâ’Î‹æ,35.98565,139.7146111
Šâ’Î‹æ,35.98588056,139.7185306
Šâ’Î‹æ,35.98588333,139.7050639
Šâ’Î‹æ,35.98589306,139.7023867
Šâ’Î‹æ,35.98591111,139.7169556
Šâ’Î‹æ,35.986425,139.7080028
Šâ’Î‹æ,35.98668333,139.7019722
Šâ’Î‹æ,35.98668611,139.7175667
Šâ’Î‹æ,35.98681667,139.7045333
Šâ’Î‹æ,35.98702222,139.7034806
Šâ’Î‹æ,35.98714722,139.7067778
Šâ’Î‹æ,35.98739167,139.7138761
Šâ’Î‹æ,35.98743611,139.7153139
Šâ’Î‹æ,35.98756944,139.7052806
Šâ’Î‹æ,35.98760278,139.7075694
Šâ’Î‹æ,35.98771111,139.7133944
Šâ’Î‹æ,35.98821111,139.7018972
Šâ’Î‹æ,35.98852222,139.7053028
Šâ’Î‹æ,35.98866944,139.7069528
Šâ’Î‹æ,35.98871389,139.7038639
Šâ’Î‹æ,35.98893889,139.7005694
Šâ’Î‹æ,35.98967778,139.7037611
Šâ’Î‹æ,35.99030278,139.7016778
Šâ’Î‹æ,35.99032778,139.7062278
Šâ’Î‹æ,35.991425,139.7074333
Šâ’Î‹æ,35.99161389,139.7048028
Šâ’Î‹æ,35.99215694,139.7011389
Šâ’Î‹æ,35.99281944,139.7038889
Šâ’Î‹æ,35.99304167,139.7006417
Šâ’Î‹æ,35.99428611,139.7044778
Šâ’Î‹æ,35.994425,139.6997472
Šâ’Î‹æ,35.99474444,139.6975944
Šâ’Î‹æ,35.99512222,139.6993528
Šâ’Î‹æ,35.99657778,139.6985386
Šâ’Î‹æ,35.99661944,139.6974222
Šâ’Î‹æ,35.99684167,139.6986139
Šâ’Î‹æ,35.99878333,139.6963944
