No.,施設名,所在地,緯度,経度,電話番号,業種,開設者,開設年月日
1,プラザ整骨院,さいたま市西区プラザ３９－４,35.9063242489999,139.578945258774,048-622-5808,柔,竹内雅弘,2025-04-01 00:00:00
2,アカシヤ通り接骨院,さいたま市西区プラザ９９－８,35.90989618,139.57746081,048-623-0112,柔,竹内諒平,2012-06-26 00:00:00
3,はっとりはりきゅう接骨院（三橋院）,さいたま市西区三橋６－１１０９－１,35.91648961,139.58811543,048-622-2945,あ　は　き,株式会社アール,2006-09-20 00:00:00
4,はっとりはりきゅう接骨院（三橋院）,さいたま市西区三橋６－１１０９－１,35.91648961,139.58811543,048-622-2945,柔,株式会社アール,2005-05-24 00:00:00
5,SKY鍼灸マッサージ,さいたま市西区三橋６－１７０８－５,35.92126369,139.58566558,048-709-4017,あ　は　き,株式会社Ｖａｐａｕｓ,2023-12-08 00:00:00
6,りょうま治療院,さいたま市西区三橋６－２９－２,35.91093229,139.58928485,048-708-4836,あ　は　き,坂巻秀宣,2019-07-01 00:00:00
7,こじま針灸院・接骨院,さいたま市西区三橋６－３９８,35.91423448,139.58932925,048-778-7451,柔,小島浩,2013-05-06 00:00:00
8,こじま針灸院・接骨院,さいたま市西区三橋６－３９８,35.91423448,139.58932925,048-778-7451,は　き,小島浩,2008-04-04 00:00:00
9,山本整骨院,さいたま市西区三橋６－４６４－３,35.91297078,139.58539902,048-624-6770,柔,山本光彦,2002-05-01 00:00:00
10,鍼灸マッサージサロン　心晴,さいたま市西区三橋６－８２－２,35.9120076882277,139.586199096998,000-0000-0000,あ　は　き,本荘紗央里,2019-06-27 00:00:00
11,秋葉治療院,さいたま市西区中釘１２２２－２,35.9330559,139.56547275,048-623-7432,あ　は,綱川八郎,1994-02-01 00:00:00
12,秋葉三尺坊鍼灸療院,さいたま市西区中釘１６９９,35.936807,139.570533,048-624-6615,は　き,高橋光威,1975-06-16 00:00:00
13,辻接骨院,さいたま市西区二ツ宮２６６,35.89325704,139.58318577,048-622-0600,柔,辻巧,2006-01-01 00:00:00
14,鹿野接骨院,さいたま市西区二ツ宮７－３,35.89137662,139.57943891,048-625-1651,柔,鹿野長治,1996-05-01 00:00:00
15,小暮鍼灸マッサージ,さいたま市西区二ツ宮８４０－１,35.89629817,139.5759418,048-625-8355,あ　は　き,小暮大介,2005-09-01 00:00:00
16,村田治療院,さいたま市西区佐知川１１３２－８,35.90050059,139.58366325,048-623-0952,あ,村田稲,1988-04-10 00:00:00
17,アカシヤ接骨院　佐知川院,さいたま市西区佐知川１４５－８,35.9020677115644,139.58640728262,048-622-8700,柔,竹内雅弘,2025-01-01 00:00:00
18,安藤接骨院,さいたま市西区佐知川２２８－６７,35.90458616,139.58881275,048-620-5515,柔,安藤太志,2006-04-01 00:00:00
19,(温灸・はり)ラサ・ビオラ治療所,さいたま市西区佐知川２９９－１２,35.90371131,139.58786283,048-624-6875,は　き,小野宏,2016-06-01 00:00:00
20,高橋指圧治療院,さいたま市西区佐知川６１４－１　カルス清栄１０１,35.9037334,139.58042175,090-9304-1965,あ　は　き,高橋栄一,2001-07-23 00:00:00
21,鍼灸治療院和（なごみ）,さいたま市西区内野本郷４２０－６６,35.93198671,139.59236767,000-000-0000,は　き,和田亮,2021-06-18 00:00:00
22,佐藤健康堂整骨院,さいたま市西区内野本郷４７０－６,35.93546659,139.59307867,080-3470-5533,柔,佐藤史明,2010-03-31 00:00:00
23,大和接骨院,さいたま市西区内野本郷５６４－１,35.93543606,139.59538125,048-782-6752,柔,大澤弘文,2014-01-06 00:00:00
24,しんしん調和鍼灸院,さいたま市西区大字指扇領別所３６６－２５　えのきビル２０１,35.9207194417848,139.565053178867,048-606-4596,あ　は　き,寺澤恵美,2024-07-29 00:00:00
25,太田はり灸院,さいたま市西区大字指扇２３１９－１５,35.91288171,139.57363054,048-623-0578,あ　は　き,太田直行,2019-11-21 00:00:00
26,太田接骨院,さいたま市西区大字指扇２３１９－１５,35.91288171,139.57363054,048-623-0578,柔,太田直行,2019-11-21 00:00:00
27,かわの整骨院,さいたま市西区大字飯田４４８－１,35.8960572183078,139.588078296788,048-877-2651,柔,川野紀孝,2013-09-27 00:00:00
28,彩玉鍼灸院,さいたま市西区宝来１５３８－１１,35.91871671,139.56408402,048-625-9270,あ　は　き,佐野仁,2001-04-02 00:00:00
29,訪問マッサージ「大宮指圧」,さいたま市西区宝来１５５７－８,35.91742524,139.56256193,048-624-3610,あ　は　き,有限会社大宮指圧センター,2003-11-11 00:00:00
30,林鍼灸院,さいたま市西区宝来１７２２,35.9163366061371,139.564931363871,048-624-8448,あ　は　き,林克己,1977-08-25 00:00:00
31,林鍼灸院,さいたま市西区宝来１７２２,35.9163305811988,139.564927485649,048-624-8488,柔,林克己,1977-08-25 00:00:00
32,小沼治療院,さいたま市西区宝来２１９６－６－４２,35.9177946410495,139.561604826473,048-624-4758,あ　は　き,小沼忠男,1981-06-09 00:00:00
33,あじさい鍼灸整骨院,さいたま市西区宝来２２２４－５　島田ビルＢ号室,35.92070249,139.56473119,048-625-0777,あ　は　き,新井純,2013-10-02 00:00:00
34,あじさい鍼灸整骨院,さいたま市西区宝来２２２４－５　島田ビルＢ号室,35.92070249,139.56473119,048-625-0777,柔,新井純,2013-10-02 00:00:00
35,西区鍼灸治療院つばき,さいたま市西区島根１９０－１,35.88293624,139.60058749,048-624-5549,は　き,石井雅之,2015-07-31 00:00:00
36,東西堂鍼灸指圧整骨院,さいたま市西区島根７８９,35.8828920993311,139.592720117075,048-625-8210,あ　は　き,宇田和久,2007-04-23 00:00:00
37,早田はり治療院,さいたま市西区平方領領家９４８－６７,35.9241103623036,139.562543920495,048-623-7475,あ　は　き,早田邦一,1983-03-30 00:00:00
38,光和堂鍼灸治療院,さいたま市西区指扇領別所３２６－１,35.91875561,139.56614497,048-625-6848,あ　は　き,㈲ホリグチ,2003-04-16 00:00:00
39,はっとりはり・きゅう院（指扇院）,さいたま市西区指扇領別所３２９,35.9190121102542,139.566399879152,048-622-0903,は　き,株式会社アール,2025-12-01 00:00:00
40,はっとり接骨院（指扇院）,さいたま市西区指扇領別所３２９,35.9190121102542,139.566399879152,048-622-0903,柔,株式会社アール,2025-12-01 00:00:00
41,マッサージ・指圧・はり・灸治療院「大宮指圧」,さいたま市西区指扇領別所３６６－７,35.92005261,139.56585332,048-623-5177,あ　は　き,有限会社大宮指圧センター,2003-11-11 00:00:00
42,ロコモ接骨院,さいたま市西区指扇領別所３６６－８１,35.92024425,139.56542836,070-6576-5533,柔,株式会社サクラメディカル,2022-03-01 00:00:00
43,永井指圧マッサージ,さいたま市西区指扇領別所３７１,35.9214803477792,139.566500149858,048-624-6700,あ,永井廣子,1979-01-29 00:00:00
44,大野接骨院,さいたま市西区指扇領別所３８２－１２,35.92201893,139.56427288,048-623-3306,柔,大野孝弘,1985-04-01 00:00:00
45,たにだ治療院,さいたま市西区指扇領辻８２－４,35.92921491,139.5581067,048-624-2321,あ　は　き,谷田正男,2005-04-14 00:00:00
46,はりきゅう・まっさーじｒｏｏｍＷａｃｏｃｏｒｏ,さいたま市西区指扇１０８５,35.91285404,139.57992724,090-8804-0556,あ　は　き,齋藤めぐみ,2013-08-25 00:00:00
47,西大宮鍼灸院,さいたま市西区指扇１７１１－１　ガレリア西大宮ＷＥＳＴ,35.91989723,139.58055213,048-778-7990,は　き,野原涼摩,2016-04-28 00:00:00
48,ＬＩＥＢＥ治療室,さいたま市西区指扇２３６－３,35.908365,139.587471,080-1051-4807,あ　は,ＬＩＥＢＥ株式会社,2018-02-01 00:00:00
49,斉藤接骨院,さいたま市西区指扇２６７４－２,35.9173142,139.56777263,048-625-5955,柔,斉藤一徳,1997-06-17 00:00:00
50,祐天堂鍼灸指圧治療院,さいたま市西区指扇２６８４－６,35.91735032,139.56931418,048-622-4015,あ　は　き,佐藤行一,1988-09-01 00:00:00
51,鍼灸サロン　アムリタ,さいたま市西区指扇２７９６－５,35.91721426,139.57104738,090-8747-8314,は　き,貝塚愛子,2018-06-22 00:00:00
52,平野接骨院,さいたま市西区指扇３２５１－２,35.91972495,139.57273333,048-625-6539,は　き,平野稔,1995-03-06 00:00:00
53,平野接骨院,さいたま市西区指扇３２５１－２,35.91972495,139.57273333,048-625-6539,柔,平野稔,1995-03-06 00:00:00
54,井ノ口接骨院,さいたま市西区指扇３８６－１,35.91205705,139.58470186,048-626-2222,柔,井ノ口勤,2006-05-02 00:00:00
55,はっとりはりきゅう接骨院（西大宮院）,さいたま市西区西大宮１－２－１,35.92328549,139.58210752,048-621-0213,あ　は　き,株式会社アール,2011-04-06 00:00:00
56,はっとりはりきゅう接骨院（西大宮院）,さいたま市西区西大宮１－２－１,35.92328549,139.58210752,048-621-0213,柔,株式会社アール,2011-04-06 00:00:00
57,Ｒｅｂａｌａｎｃｅ＆Ｂｅａｕｔｙはりきゅう院（西大宮院）,さいたま市西区西大宮１－７－７,35.9241970278398,139.581226012346,048-729-4484,あ　は　き,株式会社アール,2024-07-08 00:00:00
58,西大宮フォレストワン鍼灸院,さいたま市西区西大宮３－３３－２１,35.9297117090937,139.574876738454,048-780-2730,は　き,株式会社ＳＡＦＩ,2024-11-01 00:00:00
59,西大宮フォレストワン整骨院,さいたま市西区西大宮３－３３－２１,35.9296806862175,139.574865808611,048-780-2730,柔,株式会社ＳＡＦＩ,2022-09-30 00:00:00
60,西大宮長生舘治療院,さいたま市西区西大宮４－１６－１　シャルムみのり　Ａ１０１,35.9334454809437,139.581600041134,080-9802-9468,あ,白石遼,2019-04-01 00:00:00
61,鍼灸マッサージｎｕｑｕ,さいたま市西区西遊馬３７９－１５,35.9055417285238,139.574701133083,000-0000-0000,あ　は　き,雨宮優希,2026-01-27 00:00:00
62,小手毬接骨院,さいたま市西区飯田３７－１,35.8982204586396,139.591826807058,048-856-9225,柔,永堀乃介,2013-06-24 00:00:00
63,池宮鍼灸院,さいたま市西区高木１２３－５４,35.92468791,139.56317297,048-623-9380,は　き,池宮城弘一,1979-12-13 00:00:00
64,こんば鍼灸院,さいたま市北区今羽町２－２,35.9477521846877,139.621814314592,048-699-2316,は　き,株式会社エイト,2025-06-02 00:00:00
65,こんば接骨院,さいたま市北区今羽町２－２,35.9477521846877,139.621814314592,048-699-2316,柔,株式会社エイト,2025-06-02 00:00:00
66,髙鍼灸整骨院,さいたま市北区今羽町４１５－１,35.94965423,139.62510605,048-778-7162,柔,髙橋正幸,2009-03-23 00:00:00
67,髙鍼灸整骨院,さいたま市北区今羽町４１５－１,35.94965423,139.62510605,048-778-7162,あ　は　き,髙橋正幸,2009-03-23 00:00:00
68,鵜飼治療院,さいたま市北区別所町１０３－２,35.95865628,139.59441419,048-651-3284,あ　は　き,鵜飼重樹,1991-11-07 00:00:00
69,さなえ鍼灸院,さいたま市北区別所町１１２１－６,35.9534623303354,139.60157252715,048-667-8168,は　き,利根川早苗,2017-09-01 00:00:00
70,西田治療院,さいたま市北区別所町１１３－９－１０２,35.961478178896,139.593127823632,048-652-7331,あ,西田秀康,1985-05-01 00:00:00
71,歩み　たなか鍼灸マッサージ院,さいたま市北区別所町１２－７　１Ｆ,35.95301325,139.60252469,070-3882-0611,あ　は　き,田中裕治,2014-01-14 00:00:00
72,しばた接骨院,さいたま市北区別所町１２９－４,35.9588010085483,139.590227647388,000-0000-0000,柔,柴田学,2023-02-01 00:00:00
73,やまうち整骨院,さいたま市北区別所町５１－１,35.95640675,139.59350599,048-871-9633,柔,山内翔吾,2018-08-01 00:00:00
74,今村鍼灸治療院,さいたま市北区別所町９９－１０,35.95831749,139.59317264,048-671-6256,は　き,今村辰彦,2008-05-12 00:00:00
75,杉接骨院,さいたま市北区別所町９９－１６,35.958532266288,139.593369957585,050-1388-8591,柔,杉本将一,2025-11-01 00:00:00
76,よつば治療院,さいたま市北区吉野町１－２６－４　アンフェリュールＨＩＤＥ２０５,35.95014813,139.61892603,048-665-8560,あ,伊藤光伸,2019-09-08 00:00:00
77,鍼灸たなか治療院,さいたま市北区吉野町１－３３６－２,35.9465319,139.61562368,048-671-5889,は　き,田中良太郎,2014-02-24 00:00:00
78,ひらた接骨院,さいたま市北区吉野町１－３３９－８　ＴＯＷＡビル１Ｆ,35.9474276418272,139.614455486842,080-6674-8373,柔,平田和希,2025-08-27 00:00:00
79,小野寺出張マッサージ,さいたま市北区吉野町１－３９６－２３,35.9547468,139.61198484,070-5466-3512,あ,小野寺保,2018-09-01 00:00:00
80,野口針灸院,さいたま市北区吉野町２－２０５－２６,35.9576763,139.60365777,048-666-1216,あ　は　き,野口裕司,2002-06-23 00:00:00
81,金指整体療院,さいたま市北区吉野町２－２７－２,35.9552311484901,139.603199081756,048-651-8700,あ,金指信博,2010-05-25 00:00:00
82,祥晴堂ととろはりきゅう院,さいたま市北区土呂町１－１０－１３　メゾンリュミエール１０１,35.93122715,139.62983131,048-627-2875,は　き,木村智子,2021-05-03 00:00:00
83,青木接骨院,さいたま市北区土呂町１－１１－６,35.931632,139.630358,"",柔,金子洋子,1980-05-17 00:00:00
84,すぎやま鍼灸院　土呂院,さいたま市北区土呂町１－１５－３８　明治ビル１階,35.9323606729072,139.631700140978,048-675-3210,は　き,株式会社プログレス,2024-03-17 00:00:00
85,すぎやま整骨院　土呂院,さいたま市北区土呂町１－１５－３８　明治ビル１階,35.93233262,139.63169225,048-675-3210,柔,株式会社プログレス,2022-11-25 00:00:00
86,ウエルネススペース和子,さいたま市北区土呂町１－１７－７　カサ・デオドール３Ｆ,35.93299082,139.63123115,048-663-5669,あ　は　き,松沢和子,1986-07-01 00:00:00
87,金森接骨院,さいたま市北区土呂町１－１８－１０　プラティコ３２５　１階北側,35.93230758,139.63086453,048-871-7954,柔,金森淳,2018-02-09 00:00:00
88,大宮ウィル鍼灸院,さいたま市北区土呂町１－３－１０,35.9301804357243,139.630322675457,048-729-6901,は　き,株式会社ＮＩＣＯ,2025-07-10 00:00:00
89,大宮ウィル整骨院,さいたま市北区土呂町１－３－１０,35.9301804357243,139.630322675457,048-729-6901,柔,株式会社ＮＩＣＯ,2025-07-10 00:00:00
90,とろ治療院,さいたま市北区土呂町１－４８－１０,35.93647071,139.62985615,048-652-2191,あ　は　き,井出明子,2019-12-10 00:00:00
91,昭和鍼灸マッサージ院,さいたま市北区土呂町１－５８－１,35.9367469004539,139.629765514351,048-651-3523,あ　は　き,渡辺佳久,1978-03-29 00:00:00
92,みやしょう鍼灸治療院,さいたま市北区土呂町１－６－１,35.93046065,139.63073405,048-653-3120,あ　は　き,宮庄隆行,2003-06-27 00:00:00
93,みやしょう接骨院,さいたま市北区土呂町１－６－１,35.93046065,139.63073405,048-653-3120,柔,宮庄隆行,2003-06-27 00:00:00
94,訪問鍼灸マッサージGENKISUNさいたま土呂,さいたま市北区土呂町１－６４－１　メゾンテイⅡ２０１号室,35.936890849766,139.632844824226,048-658-9909,あ　は　き,株式会社介護NEXT,2025-08-20 00:00:00
95,髙田治療院,さいたま市北区土呂町１－７０－１２・２０１,35.93526556,139.63309483,048-788-1099,は　き,髙田康生,2018-10-01 00:00:00
96,髙田治療院,さいたま市北区土呂町１－７０－１２・２０１,35.93526556,139.63309483,048-788-1099,柔,髙田康生,2018-10-01 00:00:00
97,鍼や　波素,さいたま市北区土呂町２－１２－１７,35.9326263549746,139.632897962688,000-000-0000,あ　は　き,下林まな美,2024-09-24 00:00:00
98,大砂土整骨院,さいたま市北区土呂町２－１６－１　小島ビル１F,35.93225216,139.63320324,048-783-3246,柔,小島圭裕,2018-06-26 00:00:00
99,大砂土治療院,さいたま市北区土呂町２－１６－１　小島ビル１F,35.93225216,139.63320324,048-783-3246,あ　は　き,小島圭裕,2018-06-26 00:00:00
100,ＳＰ整骨院,さいたま市北区土呂町２－１７－１－１０４,35.93164946,139.63290329,048-871-7837,柔,小池勉,2014-07-04 00:00:00
101,フレアス在宅マッサージさいたま北区施術所,さいたま市北区土呂町２－２－２５　アドメゾン土呂１０３,35.9292800149879,139.631347213935,070-4217-7896,あ　は　き,樋口政博,2025-04-15 00:00:00
102,とろ接骨院有限会社,さいたま市北区土呂町２－２１－２３,35.93063298,139.63321997,048-651-8670,柔,とろ接骨院有限会社,2005-12-26 00:00:00
103,マッサージレイス治療院さいたま北,さいたま市北区土呂町２－２３－１９　メゾン土呂第三３０１,35.92951654,139.6341866,090-9831-0012,あはき,岩上拓郎,2019-08-02 00:00:00
104,訪問マッサージ福禄寿,さいたま市北区大成町４－３６８－４,35.9226016709038,139.61279215941,080-7995-0809,あ　は　き,瀬川雄司,2024-10-17 00:00:00
105,矢島鍼按ま治療所,さいたま市北区大成町４－７３,35.93011827,139.61466586,"",あ　は,矢島欽吾,1960-05-07 00:00:00
106,杉接骨院,さいたま市北区奈良町１２２－２－３０５,35.9519021,139.59677804,050-1173-9758,は　き,杉本将一,2014-04-01 00:00:00
107,山分接骨院,さいたま市北区奈良町１４６－７,35.95190211,139.59425603,048-651-3683,柔,山分仁士,2003-12-12 00:00:00
108,やまがた接骨院,さいたま市北区奈良町３２－３４,35.9468439558252,139.602602494499,048-729-6866,柔,山形貴文,2024-08-19 00:00:00
109,目黒鍼灸院,さいたま市北区奈良町４８－１２　１０２号,35.94278758,139.6034804,080-3097-3100,は　き,目黒裕司,2016-03-01 00:00:00
110,知久接骨院,さいたま市北区奈良町９５－３３,35.94835582,139.60161378,048-663-4738,は　き,知久一行,1995-01-09 00:00:00
111,知久接骨院,さいたま市北区奈良町９５－３３,35.94835582,139.60161378,048-663-4738,柔,知久一行,1995-01-09 00:00:00
112,鍼灸マッサージ治療院按癒堂,さいたま市北区奈良町９５－４,35.94873078,139.60239703,048-668-4693,あ　は　き,辻暢仁,2010-04-08 00:00:00
113,山の手指圧治療院,さいたま市北区宮原町１－１１５－１１,35.93467877,139.61947648,048-666-0618,あ,飯田ノり子,1982-07-13 00:00:00
114,藤治療室,さいたま市北区宮原町１－１６９－１１,35.93505948,139.62376778,048-667-0261,あ,佐藤章子,1992-01-06 00:00:00
115,藤接骨院,さいたま市北区宮原町１－１６９－１１,35.93505948,139.62376778,048-667-0261,柔,佐藤章子,2005-04-11 00:00:00
116,宮原１丁目整骨院ＲＡＹ,さいたま市北区宮原町１－４８９,35.9364267576316,139.614797624401,000-000-0000,柔,青山大介,2026-06-25 00:00:00
117,平多整骨院,さいたま市北区宮原町１－５６７,35.93824775,139.62280665,048-666-2528,柔,平多一夫,1985-02-16 00:00:00
118,平多整骨院,さいたま市北区宮原町１－５６７,35.93824775,139.62280665,048-666-2528,あ　は　き,平多一夫,1985-02-16 00:00:00
119,大宮宮原接骨院,さいたま市北区宮原町１－８５４－１　イトーヨーカドー大宮宮原店２階,35.9331557750452,139.622438814332,048-783-4682,柔,さくらメディカル株式会社,2024-05-01 00:00:00
120,大宮宮原鍼灸院,さいたま市北区宮原町１－８５４－１　イトーヨーカドー大宮宮原店２階,35.9331557750452,139.622438814332,048-783-4682,あ　は　き,さくらメディカル株式会社,2024-05-01 00:00:00
121,小守スポーツマッサージ療院,さいたま市北区宮原町１－８５５－３　セントラルウェルネスクラブ大宮宮原店１階,35.9336764,139.62385948,048-654-2755,あ　は　き,有限会社日本トレーナー協会,2003-10-11 00:00:00
122,小守整骨院,さいたま市北区宮原町１－８５５－３　セントラルウエルネスクラブ大宮宮原店１F,35.9336764,139.62385948,048-654-2755,柔,有限会社日本トレーナー協会,2010-11-01 00:00:00
123,ひだまり治療室,さいたま市北区宮原町２－１１６－２　ラ・ヴィラ宮原４Ｆ,35.94094703,139.61891245,048-663-1400,あ　は　き,関根紀明,2003-08-01 00:00:00
124,すぎやま接骨院　宮原院,さいたま市北区宮原町２－１６－１６,35.9401697659588,139.611962783221,048-706-6845,柔,株式会社プログレス,2023-10-23 00:00:00
125,すぎやま鍼灸院　宮原院,さいたま市北区宮原町２－１６－１６,35.9401697659588,139.611962783221,048-706-6845,は　き,株式会社プログレス,2023-10-23 00:00:00
126,おおくま鍼灸院,さいたま市北区宮原町２－３９－１２　園田ビル１０２,35.9416966,139.61387397,048-788-4684,あ　は　き,株式会社Ｉ．Ｓ．Ｅ．,2022-11-04 00:00:00
127,おおくま接骨院,さいたま市北区宮原町２－３９－１２　園田ビル１０２,35.9416966,139.61387397,048-788-4684,柔,株式会社Ｉ．Ｓ．Ｅ．,2022-11-04 00:00:00
128,湯澤整骨院,さいたま市北区宮原町２－６８－６　１階,35.93933344,139.61898194,048-871-8911,柔,湯澤政彦,2012-01-04 00:00:00
129,愛鍼堂清水治療院,さいたま市北区宮原町２－８７－１３　アルファステージ小原１０２号,35.94283253,139.61438779,048-664-4760,は,清水暢,2002-11-01 00:00:00
130,セラヴィ治療院,さいたま市北区宮原町３－１５７,35.9369986138869,139.613540191849,000-000-0000,あ,大島和夫,2018-10-01 00:00:00
131,しずか鍼灸院,さいたま市北区宮原町３－２１０－１　シャルマン５－２０９,35.9373114287233,139.610682424497,090-9290-0852,は　き,株式会社ｐｓｙｃｈｅ,2025-08-19 00:00:00
132,ハートフル鍼灸治療院　大宮,さいたま市北区宮原町３－２１４－２　第二島村ハイツ１０１,35.93733066,139.61150484,048-826-6785,は　き,有限会社アートライフ,2021-09-29 00:00:00
133,キュア整骨院,さいたま市北区宮原町３－２５０－７　サンクレール大宮１F－Ａ,35.93806661,139.61127429,048-778-9098,柔,小林信之,2009-07-09 00:00:00
134,にじいろ整骨院,さいたま市北区宮原町３－２７６－２,35.9394177336369,139.610850117257,048-612-8274,柔,森田礼龍,2023-09-10 00:00:00
135,にじいろ鍼灸院,さいたま市北区宮原町３－２７６－２,35.9394177336369,139.610850117257,048-612-8274,は　き,森田礼龍,2023-09-10 00:00:00
136,えはら整骨院,さいたま市北区宮原町３－３３７　山崎ビル２Ｆ－Ａ号室,35.9396964329156,139.610273267941,048-783-2117,柔,江原行大,2018-09-13 00:00:00
137,つばさ鍼灸院,さいたま市北区宮原町３－３４８　クレスティーク,35.9390469,139.60994937,048-668-6283,は　き,齊藤崇人,2021-03-01 00:00:00
138,つばさ接骨院,さいたま市北区宮原町３－３４８　クレスティーク,35.9390469,139.60994937,048-668-6283,柔,齊藤崇人,2021-03-01 00:00:00
139,あさひ整骨院,さいたま市北区宮原町３－３５５－１,35.9394843452468,139.609869879261,048-666-8414,柔,株式会社成和,2008-07-16 00:00:00
140,ひだまり治療院,さいたま市北区宮原町３－４３２－２　岸ビル１F,35.94258223,139.60806056,048-778-9900,あ,株式会社ひだまり倶楽部,2018-12-01 00:00:00
141,竹村整骨院,さいたま市北区宮原町３－４７５ー３　チコラース１０Ｂ,35.94203514,139.60876329,048-653-6755,柔,竹村勝頼,1991-01-05 00:00:00
142,竹村整骨院,さいたま市北区宮原町３－４７５－３　チコラース１０B,35.94203514,139.60876329,048-653-6755,は　き,竹村勝頼,2003-04-10 00:00:00
143,カラダロム鍼灸院,さいたま市北区宮原町３－４７８－５　１階,35.941772753159,139.608623276814,048-612-1096,は　き,伊藤正人,2023-05-17 00:00:00
144,ねこのて鍼灸マッサージ院,さいたま市北区宮原町３－５３６　エステートピア宮原２０１,35.94044934,139.60841613,070-4037-1721,あ　は　き,鎌田留美,2020-08-09 00:00:00
145,宮田指圧治療院,さいたま市北区宮原町３－５３６　エステート・ピア宮原２０３号室,35.94044934,139.60841613,048-651-1173,あ,宮田經子,2016-04-21 00:00:00
146,あん整骨院,さいたま市北区宮原町３－５５９　清水駅前ビル１F,35.93977171,139.60895499,048-782-8768,柔,株式会社あん整骨院,2012-01-04 00:00:00
147,はっとりはりきゅう接骨院（宮原西院）,さいたま市北区宮原町３－５６７－４,35.93938291,139.6093022,048-652-0711,柔,株式会社アール,2007-07-13 00:00:00
148,はっとりはりきゅう接骨院（宮原西院）,さいたま市北区宮原町３－５６７－４,35.93938291,139.6093022,048-652-0711,あ　は　き,株式会社アール,2007-07-13 00:00:00
149,よしの整骨院,さいたま市北区宮原町３－６１　岩崎ビル１階,35.9355325931195,139.61335622122,048-871-6978,柔,芳野正人,2017-06-26 00:00:00
150,宮原接骨院,さいたま市北区宮原町４－１－３,35.94177692,139.60988542,048-652-7383,柔,髙橋知則,2012-11-18 00:00:00
151,美健治療院,さいたま市北区宮原町４－１１７－９,35.94987509,139.60444959,048-673-1414,は　き,加納賢一,2008-04-14 00:00:00
152,原田接骨院,さいたま市北区宮原町４－１１８－５,35.95024446,139.60457457,048-653-5123,柔,原田毅志,2008-08-01 00:00:00
153,佐藤接骨院,さいたま市北区宮原町４－２－１４,35.94276835,139.60926045,048-666-4776,柔,佐藤行雄,1976-05-06 00:00:00
154,だいもんや鍼灸院,さいたま市北区宮原町４－２７９－４,35.95304397,139.60598269,048-664-4766,は　き,大島拓也,2007-10-02 00:00:00
155,栗﨑指圧治療院,さいたま市北区宮原町４－５５－２６,35.9467532162867,139.613689386956,000-0000-0000,あ,栗﨑優,2024-05-10 00:00:00
156,北彩ケアマッサージ,さいたま市北区宮原町４－９２－１７,35.94670638,139.60722442,048-672-4567,あ,井上和哉,2014-02-01 00:00:00
157,えすみ接骨院,さいたま市北区日進町１－２８２,35.92221099,139.60162816,048-667-9509,は　き,江角隆男,1994-05-02 00:00:00
158,えすみ接骨院,さいたま市北区日進町１－２８２,35.92221099,139.60162816,048-667-9509,柔,江角隆男,1994-05-02 00:00:00
159,にっしん鍼灸院,さいたま市北区日進町１－６００,35.9247331073512,139.603170304342,048-653-6422,あ　は　き,株式会社にっしんけあ,2016-08-01 00:00:00
160,あいむ鍼灸整骨院,さいたま市北区日進町２－１００５－１　コーポ高野１階,35.92639089,139.60686655,048-628-8864,柔,相原武,2012-04-16 00:00:00
161,あいむ鍼灸マッサージ院,さいたま市北区日進町２－１００５－１　コーポ高野１階,35.92639089,139.60686655,048-628-8864,あ　は　き,相原武,2012-04-16 00:00:00
162,日進２０／２０整骨院,さいたま市北区日進町２－１０５３－２,35.92900428,139.60643599,048-666-2037,柔,㈲メディテック中村,2001-05-18 00:00:00
163,日進名倉堂整骨院,さいたま市北区日進町２－１０６７　羽入田テナント１Ｆ,35.92955418,139.60653875,048-653-6310,柔,株式会社ＨｅａｌｔｈＲｅｌａｔｉｏｎｓ,2022-11-01 00:00:00
164,日進名倉堂整骨院,さいたま市北区日進町２－１０６７　羽入田テナント１Ｆ,35.92955418,139.60653875,048-653-6310,あ　は　き,株式会社ＨｅａｌｔｈＲｅｌａｔｉｏｎｓ,2022-11-01 00:00:00
165,ラメール鍼灸院,さいたま市北区日進町２－１０８８－１６,35.9300909881666,139.60601486682,080-3418-8561,は　き,百生陽純,2023-07-12 00:00:00
166,栄進治療室,さいたま市北区日進町２－１１１５－３－１０２,35.93077893,139.60622486,048-667-8009,あ　は　き,水村里行,1989-07-20 00:00:00
167,コンディショニング南口駅前接骨院,さいたま市北区日進町２－１１１８－１３,35.93110386,139.60578601,048-669-7007,柔,神田敦史,2014-04-24 00:00:00
168,マレーネ整骨院,さいたま市北区日進町２－１１２５－４１　プリュム１B,35.93159264,139.60538603,048-716-7038,柔,外崎幸作,2018-01-19 00:00:00
169,キュアルーム樋口,さいたま市北区日進町２－１２４７－７,35.92814326,139.60336681,048-674-4141,あ　は　き,樋口敦,2017-09-25 00:00:00
170,田辺接骨院,さいたま市北区日進町２－１４７７,35.93384482,139.60026142,048-607-6330,柔,田辺健一郎,2011-09-07 00:00:00
171,まさき治療室,さいたま市北区日進町２－１６１４　第６ハクサンハイツ１０３,35.93186198,139.6036195,048-652-5885,あ,正木満洋,2006-05-01 00:00:00
172,日進北口鍼灸院,さいたま市北区日進町２－１６１６－５　リーポス日進１階　店舗Ｅ,35.9317077511487,139.603834998835,048-654-3700,は　き,株式会社Ｈealth　Ｒelations,2025-04-01 00:00:00
173,日進北口整骨院,さいたま市北区日進町２－１６１６－５　リーポス日進１階　店舗Ｅ,35.9317077511487,139.603834998835,048-654-3700,柔,株式会社Ｈealth　Ｒelations,2025-04-01 00:00:00
174,日進治療センター,さいたま市北区日進町２－１６５１－１,35.93420317,139.60293896,048-663-1432,あ　は　き,西村道義,1984-09-01 00:00:00
175,トミー整骨院,さいたま市北区日進町２－１６６７－１,35.93533073,139.60271118,048-663-0707,柔,富田恭之,1988-01-08 00:00:00
176,けやき接骨院,さいたま市北区日進町２－１８３　ペガサスM．エム１０１,35.93088456,139.60961069,048-667-9999,柔,手塚和人,2009-04-27 00:00:00
177,日進北口えがおの接骨院,さいたま市北区日進町２－１９１４－１　２号,35.933017843996,139.608247933042,048-783-2515,柔,押田剛,2018-12-15 00:00:00
178,篠塚マッサージ治療院,さいたま市北区日進町２－４９８,35.925571323508,139.609098761753,048-664-4445,あ,篠塚義男,1971-03-02 00:00:00
179,経塚治療所,さいたま市北区日進町２－５０８,35.9260650772355,139.608474962841,048-642-2933,あ　は　き,経塚卓治,1963-08-27 00:00:00
180,はっとりはりきゅう接骨院（日進院）,さいたま市北区日進町２－７６４－２,35.93139829,139.60748586,048-666-6867,あ　は　き,株式会社アール,2021-04-23 00:00:00
181,はっとりはりきゅう接骨院（日進院）,さいたま市北区日進町２－７６４－２,35.93139829,139.60748586,048-666-6867,柔,株式会社アール,2021-04-23 00:00:00
182,ひつじ整骨院,さいたま市北区日進町２－７８７－４,35.9310257924696,139.606643198417,048-613-3527,柔,福嶋将之,2024-03-19 00:00:00
183,池田接骨院,さいたま市北区日進町２－７８８－３,35.930412,139.606664,048-653-6054,柔,㈲ハント,2019-01-01 00:00:00
184,ロメロ整骨院,さいたま市北区日進町２－８３５－２　とっちビル１Ｆ,35.92895985,139.60691928,048-782-5519,柔,株式会社ロメロ,2013-06-01 00:00:00
185,筑井マッサージ指圧室,さいたま市北区日進町２－８６６－５,35.92787675,139.60756647,048-663-4508,あ,筑井雅義,2005-08-08 00:00:00
186,ＰｌｕｓＯＮＥ　鍼灸院,さいたま市北区日進町２－９２５－１　ＫＴＤビル２Ｆ,35.9239880737075,139.608177298126,048-782-6724,は　き,株式会社スポラフ,2025-03-03 00:00:00
187,ＰｌｕｓＯＮＥ　接骨院,さいたま市北区日進町２－９２５－１　ＫＴＤビル２Ｆ,35.9239880737075,139.608177298126,048-782-6724,柔,株式会社スポラフ,2025-03-03 00:00:00
188,大塚鍼灸マッサージ治療院,さいたま市北区日進町３－２６－５,35.93378934,139.60219458,048-666-1685,あ　は　き,大塚俊兵,2002-05-22 00:00:00
189,やわらぎ宮原大宮整骨院,さいたま市北区日進町３－４４０,35.93740808,139.6026667,048-788-1251,柔,株式会社ＳＫＫｎｅｘｔ,2020-11-12 00:00:00
190,おかもと整骨院,さいたま市北区日進町３－４７７－１　ウエルズサイショウ１０５号,35.938279625154,139.607138367607,048-651-2830,柔,岡本英史,2023-04-01 00:00:00
191,鍼灸院Ｌｉｂｅｒ　ＭＩＣＯ,さいたま市北区日進町３－４７９－１　ｇａｌｌｅｒｙ　Ｓｏｏ　２ＦＡ号室,35.9383812317495,139.606411474605,000-0000-0000,はき,飯田愛,2025-12-01 00:00:00
192,KEiROW宮原ステーション,さいたま市北区日進町３－４９２－４　共立ハイム１０１,35.93911348,139.60822174,048-783-3011,あ　は　き,有限会社中村精機,2019-04-01 00:00:00
193,コリラック治療院,さいたま市北区日進町３－４９７－４,35.93882462,139.60724961,048-653-8989,は　き,小川敏弘,1998-03-04 00:00:00
194,大谷接骨院,さいたま市北区本郷町１１７,35.9381758,139.62687855,048-663-5765,柔,大谷照武,1981-02-09 00:00:00
195,あん摩マッサージ指圧・鍼・灸　本郷治療院,さいたま市北区本郷町１３３０－２,35.94297797,139.63032533,048-667-4549,あ　は　き,遠藤茂樹,2008-08-25 00:00:00
196,とろっこ整骨院,さいたま市北区本郷町１９８,35.93932845,139.62797287,048-788-2341,柔,山岸和泰,2016-04-20 00:00:00
197,ほんごう接骨院,さいたま市北区本郷町４４８　サンウイングSⅡ１０７号,35.93986696,139.6235621,048-871-9016,柔,武藤祐司,2016-04-01 00:00:00
198,マッサージはりきゅうさいたま北区,さいたま市北区本郷町５０４－１,35.94174466,139.62753948,048-668-5255,あ　は　き,株式会社髙尾屋,2016-11-04 00:00:00
199,さいたま北区整骨院,さいたま市北区本郷町５０４－１,35.94174466,139.62753948,048-668-5255,柔,株式会社髙尾屋,2016-11-04 00:00:00
200,はっとりはりきゅう接骨院（本郷院）,さいたま市北区本郷町６１,35.93828119,139.62451763,048-662-1355,柔,株式会社アール,2018-08-01 00:00:00
201,はっとりはりきゅう接骨院（本郷院）,さいたま市北区本郷町６１,35.93828119,139.62451763,048-662-1355,は　き,株式会社アール,2018-08-01 00:00:00
202,吉田接骨院,さいたま市北区本郷町７３５,35.94401325,139.62081219,048-668-1329,柔,吉田宣正,1993-06-01 00:00:00
203,正体堂治療院,さいたま市北区本郷町７５３　サンヴィレッジ本郷３０３,35.92921296,139.61651573,048-652-6006,あ,株式会社正体堂,2023-02-01 00:00:00
204,加藤治療院,さいたま市北区本郷町７８１－１－４０２,35.945213,139.622326,048-654-8111,あ　は,加藤光雄,2003-01-06 00:00:00
205,上野治療所,さいたま市北区本郷町８２５－１,35.94550736,139.61991499,048-664-2697,あ,上野伶子,1980-04-20 00:00:00
206,竹うま堂,さいたま市北区本郷町８６９　シノハラビル１号室,35.94617126,139.62185092,090-9379-7973,は　き,田口篤,2021-02-01 00:00:00
207,松平治療院,さいたま市北区東大成町１－１０３,35.9230086,139.61905454,048-663-0962,あ　は　き,松平吉康,1990-10-24 00:00:00
208,いちまつ整骨院,さいたま市北区東大成町１－３２４－１,35.92007863,139.62124888,048-668-2800,柔,山崎正雄,2008-05-12 00:00:00
209,「おでかけ」のための鍼灸サロンｍａｔａ－ｔａｂｉ,さいたま市北区東大成町１－５１１－１,35.9219791120242,139.621752961046,048-782-9813,あ　は　き,医療法人飯塚クリニック,2022-10-22 00:00:00
210,宇徳接骨院,さいたま市北区東大成町１－５４１－１,35.92426682,139.62181265,048-668-6833,柔,後藤宇,2013-02-01 00:00:00
211,内山治療院,さいたま市北区東大成町１－５４３,35.92407242,139.62218206,048-663-8917,は　き,内山建治,1999-10-01 00:00:00
212,ふく山接骨院,さいたま市北区東大成町１－６１２－３,35.92074806,139.62418754,048-663-3055,柔,福山眞弘,2007-10-01 00:00:00
213,ことぶき整骨院,さいたま市北区東大成町１－６２２－２　エステートピア大宮１０１号,35.920001,139.62492083,048-651-6565,柔,山本浩貴,2010-11-18 00:00:00
214,東大成訪問マッサージ院,さいたま市北区東大成町２－２７７－４,35.92805501,139.62057933,048-676-2890,あ　は　き,永山哲夫,2004-04-21 00:00:00
215,在宅マッサージ治療院福寿,さいたま市北区東大成町２－３４３－２,35.9273447606281,139.61848463748,048-783-4118,あ　は　き,株式会社クレイン,2014-06-09 00:00:00
216,オーロラ鍼灸治療院　さいたま市店,さいたま市北区東大成町２－７１２　シャルム宮原３F　３０５,35.9335370087634,139.616078807489,050-5794-3979,は　き,株式会社ゼンシン,2026-05-29 00:00:00
217,接骨院ケンシン,さいたま市北区東大成町２－７１６－６,35.93420647,139.61599621,048-729-6997,柔,永井甫久都,2014-08-29 00:00:00
218,野口接骨院,さいたま市北区東大成町２－７３－３,35.92429457,139.62133212,048-663-3139,柔,野口正信,1985-08-01 00:00:00
219,癒とり治療院穏和堂,さいたま市北区東大成町２－７３６－２　ディオール東大成１０５,35.93455629,139.61362418,048-666-7099,あ　は　き,小川育子,2009-03-01 00:00:00
220,パンダマッサージ大宮施術所,さいたま市北区東大成町２－８２－１－３０１,35.92521111,139.62208761,050-5530-5523,あ　は　き,株式会社蘊怡,2022-10-10 00:00:00
221,ちのは整骨院,さいたま市北区植竹町１－１－２　レジーナ北大宮１０２,35.9199223733612,139.625260411287,080-7260-0127,柔,島村浩太,2023-01-24 00:00:00
222,アイビー治療院,さいたま市北区植竹町１－５１　末広ビル２Ｃ,35.9219858313403,139.626540884512,048-788-2702,は　き,髙橋勇一,2023-03-28 00:00:00
223,はーと鍼灸接骨院,さいたま市北区植竹町１－７１９－９,35.92742181,139.62142372,048-871-8633,は　き,柴﨑真夫,2014-06-04 00:00:00
224,はーと鍼灸接骨院,さいたま市北区植竹町１－７１９－９,35.92742181,139.62142372,048-871-8633,柔,柴﨑真夫,2014-06-04 00:00:00
225,鍼灸治療室蓬,さいたま市北区植竹町１－９２－３,35.92370605,139.62739279,048-652-5615,あ　は　き,蓬原南津子,1991-11-13 00:00:00
226,くじら接骨院,さいたま市北区植竹町２－４－６,35.92969674,139.62784818,048-654-8819,あ　は　き,三須威志,2003-09-09 00:00:00
227,くじら接骨院,さいたま市北区植竹町２－４－６,35.92969674,139.62784818,048-654-8819,柔,三須威志,2003-09-09 00:00:00
228,井上接骨院,さいたま市北区櫛引町２－１６５　横溝ビル１０３号,35.91835627,139.60737498,048-782-5102,柔,井上智敏,2016-01-04 00:00:00
229,井上鍼灸院,さいたま市北区櫛引町２－１６５　横溝ビル１０３号,35.91835627,139.60737498,048-782-5102,は　き,井上智敏,2016-01-04 00:00:00
230,さくら整骨院,さいたま市北区櫛引町２－３４１,35.91855065,139.60646671,048-653-4489,柔,関野潤,2019-06-01 00:00:00
231,さくら鍼灸院,さいたま市北区櫛引町２－３４１,35.91855065,139.60646671,048-653-4489,は　き,関野潤,2019-06-01 00:00:00
232,はり・灸のじま治療院,さいたま市北区櫛引町２－４３２,35.92062526,139.6055362,048-000-0000,は　き,吉田晴信,2017-02-07 00:00:00
233,BASE接骨院,さいたま市北区櫛引町２－４４３,35.9214526642518,139.605383024194,048-729-5302,柔,橋本学,2025-12-22 00:00:00
234,BASE鍼灸院,さいたま市北区櫛引町２－４４３,35.9214526642518,139.605383024194,048-729-5302,は　き,橋本学,2025-12-22 00:00:00
235,さいたま接骨院イオン大宮院,さいたま市北区櫛引町２－５７４－１　イオン大宮店２階,35.9239032445504,139.608876951585,048-665-1115,柔,株式会社リーフ,2023-08-22 00:00:00
236,さいたま鍼灸院イオン大宮院,さいたま市北区櫛引町２－５７４－１　イオン大宮店２階,35.9239032445504,139.608876951585,048-665-1115,は　き,株式会社リーフ,2023-08-22 00:00:00
237,リフレ鍼灸院,さいたま市北区櫛引町２－７８０,35.92336927,139.60829705,048-665-0098,あ　は　き,株式会社リフレ,2020-04-01 00:00:00
238,リフレ整骨院,さいたま市北区櫛引町２－７８０,35.92336927,139.60829705,048-665-0098,柔,山中誉之,2005-10-01 00:00:00
239,増田接骨院,さいたま市北区盆栽町２１５－２,35.92668623,139.62998143,048-663-8400,柔,増田哲男,2012-12-20 00:00:00
240,森田鍼灸院,さいたま市北区盆栽町２１７－１,35.92685009,139.62984532,048-652-2538,は　き,森田安彦,1982-10-13 00:00:00
241,加田指圧治療院,さいたま市北区盆栽町６２,35.92350896,139.62986761,048-653-7509,あ,加田洋二,1989-06-18 00:00:00
242,サウナオータニ,さいたま市北区盆栽町８４－１２,35.924268,139.631324,"",あ,谷島工務店,1972-04-21 00:00:00
243,こばやし整骨院,さいたま市北区盆栽町８４－５　ジャルディーノ大宮１B,35.9241557154615,139.631642869375,048-699-1711,柔,小林忠利,2015-11-21 00:00:00
244,有馬鍼灸治療院,さいたま市北区盆栽町９０－３　桝屋第一ビル３０２,35.9243728,139.63207021,048-653-0692,は　き,有馬均,1994-03-15 00:00:00
245,まき接骨院,さいたま市大宮区三橋１－１５０７,35.90610833,139.60773349,048-644-1181,柔,牧均,2015-04-01 00:00:00
246,松島鍼灸整体院,さいたま市大宮区三橋１－１５１６－１－１０１,35.9051057,139.60726688,048-641-8589,あ　は　き,松島康浩,1994-05-09 00:00:00
247,山形治療院,さいたま市大宮区三橋１－３２８－３,35.91472069,139.60197269,048-654-6022,あ　は　き,伊勢谷孝義,1993-04-01 00:00:00
248,訪問マッサージ　こころの手,さいたま市大宮区三橋１－７１９－１　シティプラザ大宮三橋３０８,35.941369263494,139.601420526386,048-782-5640,あ　は　き,羽瀧泰洋,2013-08-06 00:00:00
249,はっとりはりきゅう接骨院（なみき院）,さいたま市大宮区三橋１－７２２－１０１,35.907033,139.603877,048-666-1834,は　き,株式会社アール,2018-09-03 00:00:00
250,はっとりはりきゅう接骨院（なみき院）,さいたま市大宮区三橋１－７２２－１０１,35.90704145,139.60386156,048-666-1834,柔,株式会社アール,2018-09-03 00:00:00
251,寺田治療院,さいたま市大宮区三橋２－３０５,35.89985634,139.59907043,048-622-5431,あ　は　き,寺田政一,1978-04-30 00:00:00
252,大宮小林整骨院,さいたま市大宮区三橋２－４９０－１,35.89946471,139.59788164,048-621-0480,柔,小林康憲,2006-04-01 00:00:00
253,大根田接骨院,さいたま市大宮区三橋２－５６５,35.8978470640527,139.599369202251,048-622-9626,柔,大根田謙次,1993-05-06 00:00:00
254,いはら鍼灸治療院,さいたま市大宮区三橋２－７２９－３,35.898161,139.603839,048-607-6198,あ　は　き,井原諒,2019-11-01 00:00:00
255,武市長生治療院,さいたま市大宮区三橋２－８６８－３,35.901076,139.603998,048-644-8284,あ,武市茂也,1998-06-01 00:00:00
256,ひびき鍼灸院,さいたま市大宮区三橋２－９８０－１,35.9005903227032,139.605007023856,090-5800-6011,は　き,島田響太郎,2025-02-02 00:00:00
257,ひびき接骨院,さいたま市大宮区三橋２－９８０－１,35.9005903227032,139.605007023856,090-5800-6011,柔,島田響太郎,2025-02-02 00:00:00
258,土橋接骨院,さいたま市大宮区三橋３－１４２,35.8962641352619,139.610306175946,"",柔,土橋敬司,1977-06-06 00:00:00
259,大宮三橋鍼灸院,さいたま市大宮区三橋３－４９－３,35.89810397,139.60861416,048-644-0393,は　き,加藤淳也,2017-11-08 00:00:00
260,ＨＩＲＯ鍼灸院,さいたま市大宮区三橋４－２７３－２,35.89562367,139.60294244,090-5151-6314,は　き,株式会社ワンワック,2021-01-29 00:00:00
261,ＨＩＲＯ整骨院,さいたま市大宮区三橋４－２７３－２,35.89562367,139.60294244,090-5151-6314,柔,株式会社ワンワック,2021-09-16 00:00:00
262,いとう接骨院,さいたま市大宮区三橋４－８７５－３,35.89038822,139.60413695,048-625-7656,あ,伊藤望,2003-03-19 00:00:00
263,いとう接骨院,さいたま市大宮区三橋４－８７５－３,35.89038822,139.60413695,048-625-7656,柔,伊藤望,2003-03-06 00:00:00
264,歩マッサージステーション大宮,さいたま市大宮区上小町１０１６－２　ヴィラ広沢３　１０３号室,35.89874841,139.61176665,048-658-2025,あ　は,株式会社ベストメディカルライフ,2009-04-01 00:00:00
265,小倉整骨院,さいたま市大宮区上小町１０１８　八千代ハイツ２０２,35.89882618,139.6120333,048-647-0396,柔,小倉良介,2022-03-15 00:00:00
266,直接骨院,さいたま市大宮区上小町１０３９,35.89850679,139.6121694,048-643-1625,柔,有限会社　直,2015-04-01 00:00:00
267,井上ハり治療院,さいたま市大宮区上小町１１１７－１０５,35.89988723,139.61489971,048-645-3078,あ　は　き,井上兼隆,1981-11-10 00:00:00
268,ケアハウス・コバヤシ,さいたま市大宮区上小町１１４４－４　信栄マンション１０３,35.89846243,139.61479141,048-642-3771,あ,小林祥高,2006-09-30 00:00:00
269,唐仁原治療院,さいたま市大宮区上小町１４１３ー２,35.89454641,139.617894,048-631-1717,あ,唐仁原宏幸,2001-03-01 00:00:00
270,上小指圧治療院,さいたま市大宮区上小町２４６,35.90464751,139.61028888,"",あ,柿沼みはし,1959-07-24 00:00:00
271,栄徳鍼灸治療院,さいたま市大宮区上小町４４６,35.90173121,139.60714196,048-644-486,は　き,後藤憲一,1975-09-27 00:00:00
272,友愛治療院,さいたま市大宮区上小町５２７－３,35.90289507,139.61274427,048-731-8466,あ　は　き,株式会社友愛ケアサービス,2010-03-01 00:00:00
273,かみこ接骨院,さいたま市大宮区上小町５７５,35.90207017,139.61232766,048-657-0347,柔,荒井規雄,1997-09-10 00:00:00
274,おおみや渚せっこついん,さいたま市大宮区上小町８３５番地　ヴィラ広沢５　１Ｆ,35.90043709,139.61293319,048-649-1808,柔,小山渚,2005-03-14 00:00:00
275,ケーセブン整骨院,さいたま市大宮区上小町８４２－１４,35.90033985,139.61205549,048-650-3262,柔,走尾潤,2015-05-01 00:00:00
276,蒼玄堂鍼院,さいたま市大宮区下町１－２５,35.90343974,139.62628488,090-4437-5797,は　き,渡邊義之,2018-06-06 00:00:00
277,山崎治療院,さいたま市大宮区下町１－２９　藤沢ビル３階,35.90359361153,139.62692317389,048-645-6077,あ,山崎徳寛,2005-11-01 00:00:00
278,おおしま整骨院,さいたま市大宮区下町２－８２　プルミエール大宮１F,35.90284543,139.62925134,048-871-6505,柔,大嶋栄德,2020-05-01 00:00:00
279,あったか治療院,さいたま市大宮区下町３－７－１－Ｓ７０３,35.90410442,139.62973573,0120-966-311,あ,川村吉美,2017-07-03 00:00:00
280,パークプラザ大宮,さいたま市大宮区仲町１－１１９－１,35.904089,139.626302,048-643-5811,あ,埼玉レジャー産業（株）,1985-12-27 00:00:00
281,アコール鍼灸治療院,さいたま市大宮区仲町２－１７　第２小島ビル４Ｆ,35.90616992,139.62817081,048-647-7581,あ　は　き,河原保裕,2009-02-03 00:00:00
282,大宮東口メディ整骨院,さいたま市大宮区仲町２－３　ドミノスペースビル３階,35.90632822,139.62811526,0120-973-194,柔,王叢蓉,2018-05-01 00:00:00
283,元気館　大宮東口鍼灸院,さいたま市大宮区仲町２－３　ドミノスペースビル３階,35.90632822,139.62811526,048-782-9179,は　き,王叢蓉,2018-05-01 00:00:00
284,大宮鍼灸治療所,さいたま市大宮区仲町２－６３,35.90493122,139.62846525,048-644-3350,は　き,萩原基弘,1992-12-25 00:00:00
285,とみた指圧参道治療院,さいたま市大宮区仲町３－１４０－１　グレイスヒルコート１階,35.90553674,139.63088729,048-627-2554,あ,冨田豊,2013-10-10 00:00:00
286,KaaKあごはりきゅう,さいたま市大宮区仲町３－１５４　メゾンラフィーネ４０１,35.905156011924,139.630597143948,070-9116-8181,は　き,本田浩子,2023-04-28 00:00:00
287,ＭＯＸＡ鍼灸院,さいたま市大宮区仲町３－７５　ＳＫ－ＣＯＵＲＴ５０２号室,35.90535062,139.62963461,000-000-0000,は　き,曽我秋穂,2022-06-13 00:00:00
288,ＨＡＬＩＩ　ＴＯＫＹＯ大宮東口店,さいたま市大宮区仲町３－７６　ＦＵＪＩＸ仲町ビル４Ｆ,35.9053474071906,139.62951702436,048-776-9888,は　き,株式会社ＣＯｍｅｄｉ,2025-06-26 00:00:00
289,はぎはら接骨院,さいたま市大宮区北袋町１－１２５－３,35.89481054,139.63969236,048-780-2561,柔,萩原秀章,2021-11-18 00:00:00
290,正法マッサージ院,さいたま市大宮区北袋町１－１９０－２　平和台Ｂ－５０６号,35.89431893,139.64010623,048-642-5636,あ,日野川道生,2015-09-19 00:00:00
291,Ｃｏｍｍｕｎｅ鍼灸院,さいたま市大宮区北袋町１－８１－１　セルテーヌ新都心６０１,35.8900766189193,139.636657889047,070-6972-2595,あ　は　き,小林裕貴,2025-03-01 00:00:00
292,Ｐｒｉｍｅ－Ｌｉｆｅ鍼灸サロン,さいたま市大宮区北袋町２－２０－３,35.8965006112511,139.641475664649,048-747-7410,あ　は　き,石塚由紀子,2024-05-09 00:00:00
293,金澤治療院,さいたま市大宮区北袋町２－３８４　第２てるみ荘１０２,35.89039172,139.64597807,048-642-7883,あ,金澤ヨシ子,1995-09-28 00:00:00
294,ＲＦＣ大宮区役所前整骨院,さいたま市大宮区吉敷町１－１１８　ＳＬビル１０１,35.90243994,139.62980131,048-649-5428,柔,小林亨,2017-09-01 00:00:00
295,ロク鍼灸治療室,さいたま市大宮区吉敷町１－１１８　ＳＬビル１０１,35.90243994,139.62980131,048-649-5428,は　き,小林亨,2011-12-26 00:00:00
296,ＳＡＩＴＡＭＡ接骨院,さいたま市大宮区吉敷町１－８１－１　Ｈ・Ｉビルディング３階Ｂ,35.90214553,139.62944578,048-856-9966,柔,大里瞭太,2021-12-28 00:00:00
297,白樺治療所,さいたま市大宮区吉敷町２ー１９１－９,35.900104,139.630545,"",あ　は　き,梅津幸子,1975-03-05 00:00:00
298,訪問マッサージＫＥｉＲＯＷさいたま大宮区ステーション,さいたま市大宮区吉敷町２－１０８－４　２１０号室,35.9006800582989,139.63043389095,070-6467-8818,あ　は　き,株式会社アウトスタンダード,2025-06-10 00:00:00
299,氷川参道鍼灸院,さいたま市大宮区吉敷町２－１０８－８,35.90089295,139.63124289,048-648-3201,は　き,村尾則広,1993-04-12 00:00:00
300,新都心アーバン鍼灸院,さいたま市大宮区吉敷町２－８５－１,35.8991943181653,139.630334846642,048-613-6677,は　き,今泉友太,2025-06-02 00:00:00
301,新都心アーバン接骨院,さいたま市大宮区吉敷町２－８５－１,35.8991943181653,139.630334846642,048-613-6677,柔,今泉友太,2025-06-02 00:00:00
302,宋の鍼灸院,さいたま市大宮区吉敷町３－１６－１　ルクシア１０２,35.90091241,139.63231503,048-782-9449,は　き,山本奈央,2022-06-17 00:00:00
303,皇光堂接骨院,さいたま市大宮区吉敷町３－１７６－３,35.8996154,139.6351954,048-641-5109,あ　は　き,入江安博,2002-07-15 00:00:00
304,皇光堂接骨院,さいたま市大宮区吉敷町３－１７６－３,35.8996154,139.6351954,048-641-5109,柔,入江安博,2002-07-15 00:00:00
305,チューリップ訪問はりきゅうマッサージ,さいたま市大宮区吉敷町４－１７６,35.8977691889489,139.632326662635,000-000-0000,あ　は　き,駒林拓也,2026-05-20 00:00:00
306,佐藤マッサージ治療院,さいたま市大宮区吉敷町４－１８９,35.8972885618865,139.63209567,"",あ,佐藤祟,1978-10-07 00:00:00
307,鍼灸マッサージ院　フリッシュ,さいたま市大宮区土手町１－６０　吉田ビル１０１,35.915387639808,139.623953917143,000-0000-0000,あ　は　き,笹野佐和子,2023-11-29 00:00:00
308,蓮田お灸院,さいたま市大宮区土手町１－６６－１　ライオンズプラザ大宮第２　９０２号,35.91580442,139.62410152,048-641-6857,あ　き,小久保三枝子,2000-08-08 00:00:00
309,齊藤鍼灸院,さいたま市大宮区土手町２－１６,35.91434081,139.62536256,048-641-5187,あ　は　き,齊藤圭司,2018-04-15 00:00:00
310,ＨＡＲＩ　ＰＥＡＲＬ,さいたま市大宮区土手町３丁目２７０－３　ノース大宮１０１,35.9181485,139.62436534,000-000-0000,は　き,田口珠恵,2022-08-08 00:00:00
311,ヒガシスポーツ鍼灸・接骨院,さいたま市大宮区土手町３－１１０,35.91596558,139.62613192,048-648-8177,あ　は　き,有限会社ヒガシスポーツ,2003-02-26 00:00:00
312,ヒガシスポーツ鍼灸・接骨院,さいたま市大宮区土手町３－１１０,35.91596558,139.62613192,048-648-8177,柔,有限会社ヒガシスポーツ,2003-02-26 00:00:00
313,リカバリー　大宮鍼灸マッサージ院,さいたま市大宮区土手町３－１３４－１　パークサイドヒル大宮１０１号室,35.91590443,139.62462092,048-729-8110,あ　は　き,株式会社リカバリー,2019-11-12 00:00:00
314,かわ治療院,さいたま市大宮区堀の内町２－１２１－２,35.91328303,139.63896158,090-7809-0087,あ,荒川昌和,2014-05-10 00:00:00
315,奥山接骨院,さいたま市大宮区堀の内町２－１９３,35.91076384,139.63450361,123456789,柔,奥山俊夫,1975-05-10 00:00:00
316,うち山治療室,さいたま市大宮区堀の内町２－５８１－５,35.91260555,139.64718042,048-687-9517,あ,内山栄子,2002-03-06 00:00:00
317,平田鍼灸マッサージ療院,さいたま市大宮区堀の内町３－２２,35.91218864,139.63487579,048-641-8308,あ　は　き,平田祥浩,1999-06-01 00:00:00
318,かんな接骨院,さいたま市大宮区大成町１－２４７－２,35.9111783791043,139.615017779331,048-919-2240,柔,市川裕司,2024-06-12 00:00:00
319,おおつか接骨院,さいたま市大宮区大成町１－２８５－２　おおなりハイツ１Ｆ,35.91010227,139.61338854,048-663-3500,柔,大塚史孝,2014-02-22 00:00:00
320,はっとりはりきゅう接骨院（大成院）,さいたま市大宮区大成町１－３００－２,35.90946348,139.61342466,048-651-6529,柔,株式会社アール,2009-03-29 00:00:00
321,はっとりはりきゅう接骨院（大成院）,さいたま市大宮区大成町１－３００－２,35.90946348,139.61342466,048-651-6529,は　き,株式会社アール,2009-03-29 00:00:00
322,曽我部接骨院,さいたま市大宮区大成町１－３４３－４,35.90757491,139.61404131,048-663-4063,柔,曽我部弘吉,1995-01-01 00:00:00
323,埼玉盲人ホーム,さいたま市大宮区大成町１－４６５,35.90941624,139.61251639,048-652-4824,あ　は　き,社会福祉法人埼玉県視覚障害者福祉センター,1964-01-01 00:00:00
324,マッサージ治療院ぷらいむ大宮店,さいたま市大宮区大成町１－４７０,35.90981897,139.61299691,048-661-5656,あ,株式会社ＪＥＰクリエイティブ,2014-04-01 00:00:00
325,天接骨鍼灸院,さいたま市大宮区大成町２－１５,35.91360181,139.61757427,048-667-1199,は　き,天野正一,2012-07-24 00:00:00
326,天接骨鍼灸院,さいたま市大宮区大成町２－１５,35.91360181,139.61757427,048-667-1199,柔,天野正一,2012-07-24 00:00:00
327,石井治療院,さいたま市大宮区大成町２－２３３,35.9125782105067,139.614193368343,000-0000-0000,あ　は　き,石井光雄,1975-05-26 00:00:00
328,里のこ接骨院,さいたま市大宮区大成町２－３１４－１　コーポパミール１階,35.9149789198092,139.613271348871,048-782-6166,柔,石橋浩貴,2023-10-13 00:00:00
329,小松指圧治療所,さいたま市大宮区大成町２－４５９－１９,35.91293229,139.6109359,048-665-1449,あ,小松ヨシエ,1973-07-24 00:00:00
330,ミス治療院,さいたま市大宮区大成町２－８４－５,35.9118271,139.61747431,048-663-5371,は　き,三須由美子,2006-08-23 00:00:00
331,おおなり接骨院,さいたま市大宮区大成町３－２１４－８,35.91761783,139.61813527,048-796-4633,柔,岡安大介,2008-06-02 00:00:00
332,ひかり訪問鍼灸マッサージ新都心,さいたま市大宮区大成町３－３３７　岸ビル１階,35.9189221621993,139.615269675791,048-779-8228,あ　は　き,メディカルホットライン株式会社,2026-04-01 00:00:00
333,ひかり訪問鍼灸マッサージ大宮,さいたま市大宮区大成町３－３３９－２　光ビル３階,35.9187759139982,139.615737281183,048-782-5675,あ　は　き　,メディカルホットライン株式会社,2023-03-24 00:00:00
334,ひかり訪問鍼灸マッサージさいたま北,さいたま市大宮区大成町３－３３９－２　光ビル４階,35.9187767144489,139.615778270332,048-782-5675,あ　は　き,メディカルホットライン株式会社,2025-05-01 00:00:00
335,なかむら接骨院,さいたま市大宮区大成町３－４４６－４,35.91592911,139.61473278,048-654-8668,あ　は　き,中村直,2000-07-17 00:00:00
336,なかむら接骨院,さいたま市大宮区大成町３－４４６－４,35.91592911,139.61473278,048-654-8668,柔,中村直,2000-07-17 00:00:00
337,大成指圧整体スタジオ,さいたま市大宮区大成町３－４８１,35.91708721,139.61345786,048-668-6478,あ,吉野榮子,2001-03-10 00:00:00
338,大宮ハビリス接骨院,さいたま市大宮区大成町３－５１５,35.91851755,139.61424945,048-788-3418,柔,大野太郎,2015-05-08 00:00:00
339,島田鍼灸院,さいたま市大宮区大成町３－５５４－２,35.91784262,139.61274679,048-664-9532,あ　は　き,島田保夫,1994-04-24 00:00:00
340,大宮名倉堂接骨院,さいたま市大宮区大成町３－５６７－１　ロワール三田部１F,35.9184864480705,139.612083951116,048-652-0101,柔,株式会社Ｈｅａｌｔｈ Ｒｅｌａｔｉｏｎｓ,2024-06-01 00:00:00
341,こころ鍼灸院大宮駅東口店,さいたま市大宮区大門町１－９２－７　ハイカラ堂ビル４階,35.90708638,139.6250877,048-788-1405,は　き,株式会社ｇｉｖｅｒｓ,2022-12-06 00:00:00
342,サクラダ鍼灸院　大宮院,さいたま市大宮区大門町２－１０８－５　第一永峰ビル３階,35.9066670511427,139.628074485655,048-729-5536,あ　は　き,サクラダライフデザイン株式会社,2024-11-18 00:00:00
343,中国鍼灸院,さいたま市大宮区大門町２－２２－１　ＴＡｉＧＡビル７階,35.90797517,139.62682089,048-788-3908,は　き,中村康雄,2017-07-03 00:00:00
344,ゆず接骨院,さいたま市大宮区大門町２－７３　中央デパート１Ｆ,35.9074127252525,139.627168353275,048-641-2231,あ　は　き,株式会社サンワールド,2002-06-01 00:00:00
345,ゆず接骨院,さいたま市大宮区大門町２－７３　中央デパート１Ｆ　,35.9075378095973,139.627451900142,048-641-2231,柔,株式会社サンワールド,2002-06-01 00:00:00
346,みちくさ　鍼灸あん摩治療院,さいたま市大宮区大門町３－１０８－６　酸漿ハウス２０２,35.9078555381801,139.629815793777,080-6283-2092,あ　は　き,小堀望,2026-03-05 00:00:00
347,鍼灸　如水庵,さいたま市大宮区大門町３－１５０－１－３０２,35.9084797439425,139.629389299683,048-780-2617,あ　は　き,齋藤篤司,2024-12-18 00:00:00
348,ちゃぽ整骨院,さいたま市大宮区大門町３－２２－２　新栄ビル２　１Ｆ,35.9072461336768,139.630479938605,048-658-2366,柔,瀨川雄司,2017-07-01 00:00:00
349,あきま鍼灸治療院,さいたま市大宮区大門町３－２２－３,35.9069615,139.62939293,048-649-0751,は　き,秋間淳,2010-04-21 00:00:00
350,鍼灸R＆D,さいたま市大宮区大門町３－５０　Ⅴ・Ｉ・Ｐ・ＲＯＹＡＬ氷川台４０３,35.90764753,139.63056506,090-1698-0536,あ　は　き,澤田勝,2011-09-07 00:00:00
351,ひらい整骨院,さいたま市大宮区大門町３－７１,35.90729199,139.62924294,048-642-5788,柔,株式会社ＨＳコーポレーション,2019-05-30 00:00:00
352,ひらいはりきゅう院,さいたま市大宮区大門町３－７１,35.90729199,139.62924294,048-642-5788,あ　は　き,株式会社ＨＳコーポレーション,2019-05-30 00:00:00
353,アルクル鍼灸院　大宮,さいたま市大宮区大門町３－７１　太田ビル４階,35.9072561387308,139.629231366327,048-788-2961,は　き,株式会社ＭＥＤＩＲＯＭ　Ｒｅｈａｂ　Ｓｏｌｕｔｉｏｎｓ,2024-10-01 00:00:00
354,むらかみ接骨院,さいたま市大宮区天沼町１－３１５－１１,35.90532028,139.64053658,048-648-8687,柔,村上剛秀,2001-04-05 00:00:00
355,神明治療室（鍼・灸）,さいたま市大宮区天沼町１－３２８　工藤コーポ１０２,35.90552025,139.64079489,070-6555-8459,は　き,國分達也,2012-06-01 00:00:00
356,つのだ接骨院,さいたま市大宮区天沼町１－３２９－４,35.9052366625084,139.64085668871,'-,柔,⻆田康太,2024-02-14 00:00:00
357,くまのみ鍼灸院　天沼院,さいたま市大宮区天沼町１－４５９－１　グランドメゾン大宮１F,35.9089785072835,139.640132092037,048-642-4171,は　き,株式会社くまのみ,2026-07-17 00:00:00
358,ノア整骨院,さいたま市大宮区天沼町１－６１５　第２進藤ビル１０２,35.91074736,139.64249747,048-607-6815,柔,高須敦子,2008-11-07 00:00:00
359,石原指圧治療院Ｏｌｕ,さいたま市大宮区天沼町１－６２１－１８６,35.91059745,139.64579444,048-642-4142,あ,石原夢子,2026-08-10 00:00:00
360,飯塚鍼灸院,さいたま市大宮区天沼町２－１０６２－１１,35.90240685,139.6450224,048-642-5655,あ　は　き,飯塚朝子,1982-03-22 00:00:00
361,はり・きゅうマッサージ処　Ｍｉｎｔａｌｕ,さいたま市大宮区天沼町２－１５５－１　スカイコーポ大宮１Ｆ,35.90331773,139.63764794,050-3552-8376,あ　は　き,金子恵里香,2021-08-21 00:00:00
362,北田鍼灸院,さいたま市大宮区天沼町２－３５,35.90439534,139.63671465,048-641-8087,は　き,北田智徳,2024-04-01 00:00:00
363,大宮南鍼灸院,さいたま市大宮区天沼町２－５２７－５－１０１,35.89659,139.639691,048-642-5503,は　き,石川達也,1993-07-08 00:00:00
364,大宮南鍼灸院,さいたま市大宮区天沼町２－５２７－５－１０１,35.89659,139.639691,048-642-5503,柔,石川達也,1993-07-08 00:00:00
365,訪問鍼灸マッサージ　リファイン新都心,さいたま市大宮区天沼町２－７６６－３　ブルーテラス新都心２０１,35.8993581225628,139.641953688348,080-9560-2186,あ　は　き,Refine　Possible株式会社,2026-07-31 00:00:00
366,長谷川治療院,さいたま市大宮区天沼町２－８１３,35.90247621,139.64061439,048-644-4014,あ,長谷川昭雄,1983-08-04 00:00:00
367,アキュア鍼灸院,さいたま市大宮区宮町１－１００　日産ビル２Ｆ,35.90898056,139.62602926,048-643-9811,は　き,山口卓,2008-11-24 00:00:00
368,らぽーる鍼灸院,さいたま市大宮区宮町１－４８　７F,35.9082296040909,139.625063822028,048-783-2377,は　き,鴫原幸貴,2026-08-10 00:00:00
369,らぽーる整骨院,さいたま市大宮区宮町１－４８　ＴＲＮ大宮７F,35.90823621,139.62507934,048-783-2377,柔,村上涼,2020-11-24 00:00:00
370,大宮接骨院,さいたま市大宮区宮町１－５５　ＡＢＣ小島ビル７Ｆ,35.90786959,139.62509324,048-645-0198,柔,株式会社整腰館,2012-11-01 00:00:00
371,整腰館大宮接骨院,さいたま市大宮区宮町１－５５　ＡＢＣ小島ビル７Ｆ,35.90786959,139.62509324,048-645-0198,は　き,株式会社整腰館,2012-11-01 00:00:00
372,めぐみ鍼灸治療院,さいたま市大宮区宮町１－５９　堀口ビル３Ｆ,35.90784182,139.62519601,048-782-6573,は　き,小美野紘蔵,2013-05-29 00:00:00
373,すっきりセンター鍼灸治療院　大宮,さいたま市大宮区宮町１－８６,35.90836676,139.62614593,048-657-3911,は　き,ネックエンタープライズ株式会社,2025-02-14 00:00:00
374,指圧マッサージひまわり,さいたま市大宮区宮町２－２４－５Ｆ,35.90858341,139.62655979,048-650-1066,あ　は　き,秋元栄子,2004-02-26 00:00:00
375,いけだ鍼灸院,さいたま市大宮区宮町２－９５－３　サンローゼⅢ　１０１,35.90987214,139.62790689,048-716-8731,は　き,池田憲章,2016-03-22 00:00:00
376,いけだ整骨院,さいたま市大宮区宮町２－９５－３　サンローゼⅢ　１０１,35.90987214,139.62790689,048-716-8731,柔,池田憲章,2016-03-22 00:00:00
377,栗原接骨院,さいたま市大宮区宮町３－１８,35.9121166567522,139.625983805826,048-641-4065,柔,栗原善三郎,1985-11-01 00:00:00
378,友光接骨院,さいたま市大宮区宮町４－１１５,35.90986096,139.62520987,048-641-3215,柔,友光守人,1984-10-29 00:00:00
379,恵真堂鍼灸整骨院,さいたま市大宮区宮町４－６２－１,35.91282159,139.62459042,048-779-8946,あ　は　き,岡田真,2015-09-16 00:00:00
380,恵真堂鍼灸整骨院,さいたま市大宮区宮町４－６２－１,35.9128727073922,139.624595787857,048-779-8946,柔,岡田真,2015-09-16 00:00:00
381,大宮中央鍼灸院,さいたま市大宮区宮町５－３２－４０５,35.9102833030694,139.623833426381,048-633-4780,は  き,合同会社もるげんれーて,2023-12-01 00:00:00
382,寿能治療室,さいたま市大宮区寿能町１－１５９－１サンライトマンション７０５号,35.9237670279959,139.633441609839,048-644-8131,あ,渡辺佳勇,1987-03-16 00:00:00
383,おくやま鍼灸整骨院,さいたま市大宮区寿能町１－３１,35.92274803,139.63133141,048-643-9900,は　き,奥山淳大,2009-06-12 00:00:00
384,おくやま鍼灸整骨院,さいたま市大宮区寿能町１－３１,35.92274803,139.63133141,048-643-9900,柔,奥山淳大,2009-06-12 00:00:00
385,田中マッサージ,さいたま市大宮区寿能町２－１９８－１　大宮寿能団地５－１０５,35.92191501,139.63572,048-643-6227,あ,田中富太,2001-06-10 00:00:00
386,陽樹調和整骨治療院,さいたま市大宮区寿能町２－２９２－１　公園台マンション２０３,35.92284818,139.63528945,080-7063-2741,柔,金子周平,2021-08-27 00:00:00
387,小さな治療院　鍼灸サロン雫－Ｓｈｉｚｕｋｕ－,さいたま市大宮区東町１丁目８１　ベルビュー氷川参道２０１号室,35.90698936,139.63382317,000-000-0000,は　き,佐藤智子,2022-08-07 00:00:00
388,大宮あずま町整骨院,さいたま市大宮区東町１－１１９　浅見ビル１F,35.90619776,139.63128726,048-645-7261,柔,西山幸貴,2009-01-26 00:00:00
389,こうあん堂接骨院,さいたま市大宮区東町１－１２１－１　入江ビル１Ｆ,35.90585614,139.63131226,048-648-0509,柔,芝崎晃司,2010-11-13 00:00:00
390,日晃整骨院,さいたま市大宮区東町１－１９８　サイトウビル１０２,35.9061515706187,139.634446340888,090-2940-2986,柔,桾澤晃大朗,2026-03-25 00:00:00
391,長谷川接骨院,さいたま市大宮区東町１－２０６,35.9066311,139.63490364,048-645-0789,柔,長谷川浩,1980-10-24 00:00:00
392,てんしゃ駅前整骨院大宮本院,さいたま市大宮区東町２－１３６－１　スリーエスビル１Ｆ,35.90943624,139.63401201,048-788-3623,柔,株式会社手技の匠,2017-05-07 00:00:00
393,タクト鍼灸整骨院,さいたま市大宮区東町２－１６　クリーンビル秋谷１０２,35.9078600188969,139.632426023759,048-783-2313,は　き,中田拓人,2018-12-26 00:00:00
394,タクト鍼灸整骨院,さいたま市大宮区東町２－１６　クリーンビル秋谷１０２,35.9077814773054,139.63241396306,048-783-2313,柔,中田拓人,2018-12-26 00:00:00
395,紫雲堂治療院,さいたま市大宮区東町２－２０７　プランドール大宮１階,35.91050546,139.63133441,048-640-5599,あ　は　き,細井弘之,2000-04-19 00:00:00
396,TRUNK鍼灸院,さいたま市大宮区東町２－２８８－２　ミツモトビル１F,35.9110169277511,139.631919695724,048-613-6664,は　き,小林裕貴,2026-03-09 00:00:00
397,TRUNK整骨院,さいたま市大宮区東町２－２８８－２　ミツモトビル１F,35.9110169277511,139.631919695724,048-613-6664,柔,小林裕貴,2026-03-09 00:00:00
398,矢野接骨院,さいたま市大宮区東町２－４８,35.90855023,139.63322319,048-647-9908,柔,矢野佳二,2002-03-29 00:00:00
399,くまのみ整骨院　大宮駅前院,さいたま市大宮区桜木町１－１－１８　誠ビル２階,35.9059771849633,139.622335378085,048-729-5614,柔,株式会社くまのみ　,2018-06-04 00:00:00
400,くまのみ整骨院　大宮駅前院,さいたま市大宮区桜木町１－１－１８　誠ビル２階,35.905716587714,139.62230214739,048-729-5614,は　き,株式会社くまのみ,2018-07-07 00:00:00
401,はりきゅうルーム岳　大宮院,さいたま市大宮区桜木町１－１－２６　石井畜産ビル５階,35.9055034909447,139.622199985821,048-788-3433,は　き,株式会社Ｇａｋｕ,2025-08-15 00:00:00
402,大宮西口メディ整骨院,さいたま市大宮区桜木町１－１－７　ＯＮ２１ビル４階,35.90562542,139.6218935,048-780-2472,柔,株式会社FZS,2021-10-01 00:00:00
403,正体堂治療院クィックＶＩＧＯＲ,さいたま市大宮区桜木町１－１－７　ＯＮ２１ビル４Ｆ,35.90562542,139.6218935,048-648-1665,あ,㈲エイチ・エス・ジー,2000-12-01 00:00:00
404,富士通ハーモニー　さいたまオフィス　ヘルスキーピングルーム,さいたま市大宮区桜木町１－１１－２０　大宮ＪＰビルディング,35.90387842,139.61959093,048-788-1320,あ,富士通ハーモニー株式会社,2017-04-03 00:00:00
405,学校法人呉竹学園大宮呉竹医療専門学校附属施術所,さいたま市大宮区桜木町１－１８５－１,35.90317305,139.62213797,048-658-0001,柔,学校法人呉竹学園,2009-04-06 00:00:00
406,学校法人呉竹学園大宮呉竹医療専門学校附属施術所,さいたま市大宮区桜木町１－１８５－１,35.90317305,139.62213797,048-658-0001,あ　は　き,学校法人呉竹学園,2009-04-06 00:00:00
407,東京在宅サービス東京鍼灸マッサージ治療院大宮店,さいたま市大宮区桜木町１－３８９－７,35.90377012,139.62012145,048-650-0341,あ　は　き,株式会社東京在宅サービス,2010-08-23 00:00:00
408,２４ＹＯＵ治療院,さいたま市大宮区桜木町１－３８９－７,35.90377012,139.62012145,048-643-6622,は　き,渡辺裕樹,2011-02-07 00:00:00
409,クイックマッサージリフレッシュ１５,さいたま市大宮区桜木町１－６－２,35.90474224,139.62202129,048-645-1661,あ,㈱日新,1999-04-26 00:00:00
410,アイ治療院,さいたま市大宮区桜木町２－１８１,35.90676409,139.62021029,048-644-3075,あ　は,ト部博,1977-10-13 00:00:00
411,大宮駅前接骨院,さいたま市大宮区桜木町２－２－１７　内外大宮ビル２階,35.90618367,139.62147687,048-778-7613,柔,株式会社リーフ,2022-10-25 00:00:00
412,大宮駅前鍼灸院,さいたま市大宮区桜木町２－２－１７　内外大宮ビル２階,35.90618367,139.62147687,048-778-7613,は　き,株式会社リーフ,2022-10-25 00:00:00
413,リ・ムーヴ鍼灸院,さいたま市大宮区桜木町２－２－７　ＡＯＹＡＭＡ８０８ビル５Ｆ,35.9061067337777,139.621654588301,048-783-4133,は　き,株式会社ＣＬＩＰ　ＰＲＯＪＥＣＴｓ,2025-11-21 00:00:00
414,トータルケア大宮整骨院,さいたま市大宮区桜木町２－２－８　花背ビル３F,35.9061309,139.62166573,048-677-3100,柔,株式会社トータルケア,2021-09-01 00:00:00
415,整美堂HARIYA鍼灸大宮駅前院,さいたま市大宮区桜木町２－２－８花背ビル３Ｆ,35.9061745793295,139.621668346029,048-677-3100,は　き,株式会社トータルケア,2026-04-13 00:00:00
416,良和堂治療室,さいたま市大宮区桜木町２－２９７　桜ビル１F,35.90690844,139.61736884,048-871-5670,あ　は　き,木村和章,2011-05-16 00:00:00
417,骨盤アクセル整骨院　大宮マルイ院,さいたま市大宮区桜木町２－３　大宮マルイ店５階,35.9066562271536,139.621859364951,048-647-8266,柔,株式会社ＳＫＫｎｅｘｔ,2024-02-06 00:00:00
418,ハリナチュレ大宮マルイ,さいたま市大宮区桜木町２－３　大宮マルイ３Ｆ,35.90688911,139.62179349,000-0000-0000,は,株式会社ＫＯＳＨＩＫＩ,2022-03-19 00:00:00
419,清水整骨院,さいたま市大宮区桜木町２－３５３,35.90873,139.618265,048-641-2330,柔,清水一,1931-08-01 00:00:00
420,小泉漢方堂鍼灸院,さいたま市大宮区桜木町２－３７７－４,35.90836,139.620034,048-645-6353,は　き,小泉弘晃,1990-08-08 00:00:00
421,桜木あんまマッサージ治療所,さいたま市大宮区桜木町２－４６１,35.90774443,139.61782713,048-665-6946,あ,矢萩盛,1972-08-22 00:00:00
422,夢元堂接骨院,さいたま市大宮区桜木町２－４７１－２,35.90755278,139.61720495,050-3558-3310,柔,田山大夢,2021-05-31 00:00:00
423,まごころ治療院,さいたま市大宮区桜木町２－４８１　羽入田ビル３階,35.90839987,139.61734937,048-729-4029,あ　は　き,ＡＬＳＯＫケアプラス株式会社,2019-08-01 00:00:00
424,桜木治療院グッと楽,さいたま市大宮区桜木町２－５－５　マツモトビル２F,35.90675856,139.62103522,048-657-0787,あ　は　き,山口修,2006-03-06 00:00:00
425,むさし整骨院,さいたま市大宮区桜木町３－２０,35.91102729,139.61950195,048-776-9462,柔,河村長紀,2009-03-06 00:00:00
426,むさし鍼灸院,さいたま市大宮区桜木町３－２０,35.91102729,139.61950195,048-776-9462,は　き,河村長紀,2009-03-06 00:00:00
427,マッサージわかば治療院,さいたま市大宮区桜木町３－２３８－１,35.9153792379072,139.618042321332,048-612-6885,あ,和久津直樹,2025-04-02 00:00:00
428,ＫＥｉＲＯＷ大宮桜木町ステーション,さいたま市大宮区桜木町３－９０－１　斉藤ビル１階,35.91211044,139.61918528,048-783-4245,あ　は　き,渡辺宏司,2014-12-24 00:00:00
429,接骨院大宮オアシス,さいたま市大宮区桜木町４－１６９－２－２０７,35.9056490179595,139.614019081504,048-645-9263,柔,秀島英治,2006-11-28 00:00:00
430,鍼灸マッサージ　小池治療院,さいたま市大宮区桜木町４－１９９－７　パールハイツ１０２号室,35.90598911,139.61635227,048-643-6675,あ　は　き,小池哲史,2022-01-01 00:00:00
431,大宮ヒルズ接骨院,さいたま市大宮区桜木町４－２０３　イチロクビル１階,35.90589192,139.61699388,048-779-8023,柔,医療法人光晋会,2016-12-01 00:00:00
432,さくらぎ接骨院,さいたま市大宮区桜木町４－３２７－１,35.90361447,139.61576902,048-648-7505,柔,大平商事(有),2002-07-25 00:00:00
433,古川接骨院,さいたま市大宮区桜木町４－７２０　松本ビル１Ｆ,35.89994008,139.61800779,048-647-3749,柔,古川学,2003-03-08 00:00:00
434,マミー鍼灸治療院,さいたま市大宮区桜木町４－７５１－３,35.90054271,139.61586351,048-643-2499,は　き,江田眞佐美,2003-05-14 00:00:00
435,清水目整骨治療院,さいたま市大宮区桜木町４－８７９,35.9024591,139.61579125,048-642-0708,あ　は　き,清水目修一,2008-11-01 00:00:00
436,清水目整骨治療院,さいたま市大宮区桜木町４－８７９,35.9024591,139.61579125,048-642-0708,柔,清水目修一,2008-11-07 00:00:00
437,清水整体治療室,さいたま市大宮区桜木町４－９２６－１,35.90379776,139.632345666248,048-641-5677,あ,清水不二夫,1983-04-20 00:00:00
438,鍼灸サロンTIAM,さいたま市大宮区桜木町４－９２９－２　桜の木ヨシノ２０３,35.90355059,139.61541904,080-6781-5148,は　き,二瓶唯,2019-07-08 00:00:00
439,くしひき整骨院,さいたま市大宮区櫛引町１－３２４－１　SｔｒｅｅｔＰａｒｋ1F１０１,35.9093199389945,139.608062655789,048-627-7903,柔,株式会社萩原,2020-04-24 00:00:00
440,健心整骨院,さいたま市大宮区櫛引町１－４１１－１０５,35.91083,139.609074,048-871-6722,柔,谷善澄,2016-11-07 00:00:00
441,あおば整骨院,さいたま市大宮区櫛引町１－４６５　第１渋谷ビル１０１,35.91156302,139.6087111,048-782-8815,柔,尾股朝治,2012-04-01 00:00:00
442,あおば鍼灸院,さいたま市大宮区櫛引町１－４６５　第１渋谷ビル１０１,35.91156302,139.6087111,048-782-8815,は　き,尾股朝治,2012-04-01 00:00:00
443,遠藤接骨院,さいたま市大宮区櫛引町１－７１８－３,35.91427091,139.60930545,048-668-2630,柔,遠藤好彦,2000-01-04 00:00:00
444,県司鍼灸接骨院,さいたま市大宮区櫛引町１－８２４－１,35.91583728,139.60863603,048-651-5634,は　き,細沼県司,2006-10-06 00:00:00
445,県司鍼灸接骨院,さいたま市大宮区櫛引町１－８２４－１,35.91583728,139.60863603,048-651-5634,柔,細沼県司,2006-10-06 00:00:00
446,岡本鍼灸治療院,さいたま市大宮区櫛引町１－８２４－１　渋谷ハイツ３０６,35.91583728,139.60863603,048-782-4745,は　き,SUNメディカル株式会社,2016-01-21 00:00:00
447,あんま・マッサージ治療院ＮＩＫＯ,さいたま市大宮区浅間町１－１０２－２,35.9052527986124,139.632987789343,070-9220-0507,あ　は　き,丸山真一,2023-11-16 00:00:00
448,仁科治療院,さいたま市大宮区浅間町１－１５７,35.90372038,139.63366489,048-641-6459,あ,仁科義介,1988-10-02 00:00:00
449,鍼灸院陽粋堂,さいたま市大宮区浅間町２－１０６,35.90247333,139.63339827,048-782-4916,は　き,坪井陽一,2011-07-01 00:00:00
450,鍼灸治療所尚古堂,さいたま市大宮区浅間町２－１６６,35.90307605,139.63505368,048-649-6361,あ　は　き,村上裕彦,2001-03-15 00:00:00
451,グリーンルーム,さいたま市大宮区錦町６３０　ルミネⅠ　３階,35.90632535,139.62378224,048-644-8508,あ,㈱清水,1999-05-25 00:00:00
452,こうたろう鍼灸院,さいたま市大宮区高鼻町１－１７３－２　プランドール氷川１０１,35.9112542925463,139.630540327151,080-1111-9602,は　き,建石浩太郎,2024-01-06 00:00:00
453,新井整体療院,さいたま市大宮区高鼻町１－２０４－２,35.9117108,139.62962895,048-641-2045,あ,新井保,1965-08-27 00:00:00
454,門前治療院,さいたま市大宮区高鼻町１－５３－６,35.91003605,139.62970953,048-644-0953,は　き,大坪正三,1997-02-20 00:00:00
455,ＰＬＯＷはり・きゅう・マッサージ,さいたま市大宮区高鼻町２－１３４,35.9131133397386,139.631785648781,048-641-9122,あ　は　き,永井礼子,2010-12-08 00:00:00
456,茂木整骨院,さいたま市大宮区高鼻町２－１８０,35.9138901588091,139.632975345905,048-641-8300,柔,茂木芳英,2009-08-27 00:00:00
457,株式会社そわかライフ　訪問鍼灸マッサージ,さいたま市見沼区上山口新田１７４－２,35.8983214,139.65469391,048-796-0066,あ　は　き,株式会社そわかライフ,2021-12-22 00:00:00
458,田利指圧マッサージセンター,さいたま市見沼区中川２６５,35.9020687262821,139.659046380231,048-686-8087,あ　は　き,田中将之,1996-03-18 00:00:00
459,柔道整復院NINE,さいたま市見沼区中川６２６－１,35.90095436,139.65278292,048-717-8927,柔,小熊重幸,2016-06-29 00:00:00
460,鍼灸NINE,さいたま市見沼区中川６２６－１,35.90095436,139.65278292,048-717-8927,は　き,小熊重幸,2016-06-29 00:00:00
461,中川指圧治療院,さいたま市見沼区中川９２９－２,35.9046456,139.65658257,048-688-1807,あ,㈲東京セラピー,1996-11-01 00:00:00
462,前久保鍼灸院,さいたま市見沼区南中丸１０７９－２０,35.91549982,139.66007376,048-684-9368,あ　は　き,前久保和久,1987-04-09 00:00:00
463,らぽーる見沼鍼灸マッサージ院,さいたま市見沼区南中丸１２０－１９,,,080-3319-6700,あ　は　き,株式会社ＯＣＴオクト,2023-07-13 00:00:00
464,さかい接骨院,さいたま市見沼区南中丸２７－５,35.9098955740812,139.65228587725,048-792-0437,柔,坂井雅之,2014-08-18 00:00:00
465,金沢治療院,さいたま市見沼区南中丸７３４－１５２,35.91160307,139.65896561,048-683-6156,柔,金沢芳郎,1970-04-15 00:00:00
466,せきぐち接骨院,さいたま市見沼区南中野２８７　ソレイユ南中野１０３,35.90887282,139.6552965,048-688-3351,柔,有限会社ヒーリング･システム,2005-07-01 00:00:00
467,みぬま整骨院,さいたま市見沼区南中野４６７－１　スガヤハイツ１０３,35.90920615,139.65833237,048-812-4164,柔,株式会社がーやま,2019-04-01 00:00:00
468,堀崎やまだ接骨院,さいたま市見沼区堀崎町１１２５－１　１Ｆ,35.94324865,139.65013194,048-720-8683,柔,山田英臣,2016-04-22 00:00:00
469,三上治療院,さいたま市見沼区堀崎町４８７－６,35.9388782492355,139.654136176212,048-683-5524,あ,三上栄子,1981-03-14 00:00:00
470,すみや接骨院,さいたま市見沼区堀崎町８６４－１,35.93536379,139.653307,048-607-5812,柔,角谷真吾,2014-10-24 00:00:00
471,すみや鍼灸院,さいたま市見沼区堀崎町８６４－１,35.93536379,139.653307,048-607-5812,は　き,角谷真吾,2014-10-24 00:00:00
472,福島鍼灸院,さいたま市見沼区大和田町１－１３９１－２,35.92714541,139.65065483,048-685-8340,あ　は　き,髙城尚之,2017-01-01 00:00:00
473,福島接骨院,さいたま市見沼区大和田町１－１３９１－２,35.92714541,139.65065483,048-685-8340,柔,髙城尚之,2017-01-01 00:00:00
474,あんどう接骨院,さいたま市見沼区大和田町１－１５１８－１,35.92509016,139.65264914,048-637-8932,柔,安藤克司,2017-03-17 00:00:00
475,大和田みんなの鍼灸院,さいたま市見沼区大和田町１－１６３２　トヤマビル１Ｆ,35.92789809,139.65072148,048-686-7878,は　き,株式会社ＭＳＧ,2020-08-24 00:00:00
476,大和田みんなの整骨院,さいたま市見沼区大和田町１－１６３２　トヤマビル１Ｆ,35.92789809,139.65072148,048-686-7878,柔,株式会社ＭＳＧ,2020-08-24 00:00:00
477,高野治療院,さいたま市見沼区大和田町１－１９８－１５,35.91784095,139.64629429,048-687-0243,あ,高野勝夫,1991-09-27 00:00:00
478,快接骨院,さいたま市見沼区大和田町１－２０２９－４,35.9270128731681,139.659562545537,048-688-9394,柔,中谷快大,2012-04-05 00:00:00
479,ラックはり灸接骨院,さいたま市見沼区大和田町１－２０３,35.9181065677084,139.645810004951,048-683-1733,あ　は　き,有限会社ラック,2006-09-20 00:00:00
480,ラックはり灸接骨院,さいたま市見沼区大和田町１－２０３,35.9181189563222,139.645803761213,048-683-1733,柔,有限会社ラック,2006-09-20 00:00:00
481,ポポー指圧治療院,さいたま市見沼区大和田町１－７１６,35.92107394,139.64997448,048-685-6609,あ,細沼哲男,2010-02-01 00:00:00
482,斉藤鍼灸マッサージ院,さいたま市見沼区大和田町１－７８２－３,35.92041293,139.65062999,048-683-3367,あ　は　き,斉藤修一,1978-05-31 00:00:00
483,はり灸マッサージ大和田の杜治療室,さいたま市見沼区大和田町１－９８９－１　戸山ハウス１０５,35.92726202,139.6486828,048-684-3475,あ　は　き,青木綾,2012-04-01 00:00:00
484,大和田駅前治療院,さいたま市見沼区大和田町２－１２６３－２,35.9292895,139.64826888,048-668-1193,あ　は　き,栗山正博,1991-04-30 00:00:00
485,本山長生療院,さいたま市見沼区大和田町２－１２８８－３,35.929156,139.648806,048-686-3331,あ,本山信行,2013-12-01 00:00:00
486,整骨院　和,さいたま市見沼区大和田町２－１３０７－８,35.9297506,139.65029366,048-872-7396,柔,株式会社ふりーけあ,2017-08-08 00:00:00
487,鍼灸マッサージ院　和,さいたま市見沼区大和田町２－１３０７－８,35.9297506,139.65029366,048-872-7396,あ　は　き,株式会社ふりーけあ,2017-08-08 00:00:00
488,大和田中央接骨院,さいたま市見沼区大和田町２－１３４５－１　廣栄ビル１Ｆ,35.93064771,139.65123242,048-685-8871,柔,清水美佐雄,1991-05-13 00:00:00
489,大和田中央接骨院,さいたま市見沼区大和田町２－１３４５－１　廣栄ビル１Ｆ,35.93064771,139.65123242,048-685-8871,あ　は　き,清水美佐雄,1991-05-13 00:00:00
490,みぬま治療室,さいたま市見沼区大和田町２－１６９１－１０１,35.93053667,139.6530128,048-797-8141,は　き,細沼郁夫,2010-04-16 00:00:00
491,天神山接骨院,さいたま市見沼区大和田町２－３９７,35.92847558,139.64451922,070-1214-1777,柔,細井康隆,2017-10-26 00:00:00
492,山崎はり治療院,さいたま市見沼区大和田町２－７７３,35.93459416,139.64568553,"",あ　は,山崎進,1981-04-07 00:00:00
493,一鍼堂鍼灸院,さいたま市見沼区大和田町２－７８５－４,35.93508575,139.64582439,048-689-0038,は　き,石川達也,1998-08-01 00:00:00
494,一鍼堂接骨院,さいたま市見沼区大和田町２－７８５－４,35.93508575,139.64582439,048-689-0038,柔,石川達也,1998-08-01 00:00:00
495,株式会社そわか,さいたま市見沼区大字中川４２２－５,35.90064334,139.65640763,048-708-6429,あ　は　き,株式会社そわか,2020-08-01 00:00:00
496,七里みんなの整骨院,さいたま市見沼区大字風渡野４２９－４－１０２,35.93521973,139.6645281,048-797-7958,柔,株式会社ＭＳＧ,2019-01-21 00:00:00
497,七里みんなの鍼灸院,さいたま市見沼区大字風渡野４２９－４－１０２,35.93521973,139.6645281,048-797-7958,は　き,株式会社ＭＳＧ,2019-01-21 00:00:00
498,訪問マッサージ　ななくさ治療院,さいたま市見沼区大谷１４９１－１,35.9238463435654,139.669376516196,090-9821-7182,あ,西島雅嗣,2016-08-13 00:00:00
499,はりきゅう伊吹山,さいたま市見沼区大谷１６２３－１,35.9238031744764,139.66780024126,080-6952-5971,あ　は　き,阿部直子,2024-03-15 00:00:00
500,大谷今野整骨院,さいたま市見沼区大谷１６８９－２,35.9265125,139.6679865,048-686-5806,柔,今野泰之,2013-03-12 00:00:00
501,花空鍼灸整骨院,さいたま市見沼区小深作５７３－４,35.93982198,139.66599162,048-688-2800,柔,佐々木幹規,2014-12-19 00:00:00
502,花空鍼灸整骨院,さいたま市見沼区小深作５７３－４,35.93982198,139.66599162,048-688-2800,は　き,佐々木幹規,2014-12-19 00:00:00
503,まるげん鍼灸院,さいたま市見沼区島町１１６６－１１,35.9414966,139.6603977,048-699-2470,は　き,株式会社元,2022-07-28 00:00:00
504,サトウ治療院,さいたま市見沼区島町３４９－１,35.94465404,139.65074015,048-683-4478,あ,佐藤優,1986-12-08 00:00:00
505,ことぶき接骨院,さいたま市見沼区島町４１６－１,35.94665652,139.65016788,048-797-9792,柔,松林章博,2019-02-12 00:00:00
506,ことぶき接骨鍼療所,さいたま市見沼区島町４１６－１,35.94665652,139.65016788,048-797-9792,あ　は　き,松林章博,2019-02-12 00:00:00
507,田川整骨院,さいたま市見沼区御蔵１４３２－２０１,35.90873679,139.66108216,048-685-8019,柔,田川雅也,2014-03-26 00:00:00
508,かなざわ整骨院,さいたま市見沼区新堤１４６－７,35.92732357,139.67093617,048-708-1085,柔,株式会社東京金澤,2018-03-18 00:00:00
509,春里接骨院,さいたま市見沼区春岡１－３０－２８,35.9429812867869,139.662931141647,048-688-9600,柔,栗田敏光,2023-07-01 00:00:00
510,なないろ鍼灸院,さいたま市見沼区春岡２－２７－１８　カーサ・ディ・オンブレロ１０１,35.9483071849902,139.660776736367,048-796-8066,は　き,株式会社prosper,2026-01-05 00:00:00
511,鍼灸治療所　磐座社,さいたま市見沼区春岡２－３０－３,35.9499499401065,139.662809444059,048-627-6274,は　き,時田俊一郎,2013-05-01 00:00:00
512,すぎやま整骨院　七里院,さいたま市見沼区春岡２－３９－３,35.9463105946619,139.663712008949,048-674-5964,柔,株式会社プログレス,2025-09-09 00:00:00
513,すぎやま鍼灸院　七里院,さいたま市見沼区春岡２－３９－３,35.9463105946619,139.663712008949,048-674-5964,は　き,株式会社プログレス,2025-09-09 00:00:00
514,岩崎治療院,さいたま市見沼区春野４－３－１,35.95652272,139.66469371,048-689-1999,は,岩崎睦,2004-07-06 00:00:00
515,新井接骨院,さいたま市見沼区東大宮２－１－６,35.9463206801833,139.638682183978,048-665-1135,柔,新井茂男,1970-08-03 00:00:00
516,氷川堂上原鍼療院,さいたま市見沼区東大宮２－１６－２１,35.94533355,139.63630806,048-652-8387,あ　は　き,上原静子,1994-09-21 00:00:00
517,東大宮接骨院,さいたま市見沼区東大宮２－２７－５　石垣ビル１階,35.9482780845187,139.636840479647,048-658-9303,柔,株式会社リーフ,2024-10-15 00:00:00
518,東大宮鍼灸院,さいたま市見沼区東大宮２－２７－５　石垣ビル１階,35.9482780845187,139.636840479647,048-658-9303,は　き,株式会社リーフ,2024-10-15 00:00:00
519,三共はり理療院,さいたま市見沼区東大宮２－３１－１４,35.94723035,139.63443314,048-663-0232,あ　は　き,山岸芳夫,1996-05-22 00:00:00
520,整骨院ともがき,さいたま市見沼区東大宮３－３－２２,35.95358465,139.63175254,048-667-1551,柔,青木浩一,2008-10-10 00:00:00
521,ユース整骨院,さいたま市見沼区東大宮４－１－４　トライフォース２Ｆ,35.9485220485653,139.639502442761,080-1185-0054,柔,株式会社ユースフル,2023-02-01 00:00:00
522,ユース鍼灸院,さいたま市見沼区東大宮４－１－４　トライフォース２Ｆ,35.9485220485653,139.639502442761,080-1185-0054,は　き,株式会社ユースフル,2023-02-01 00:00:00
523,ひがし大宮接骨院,さいたま市見沼区東大宮４－１６－１　岩井第一ビル１０１,35.94938864,139.63856601,048-652-3530,柔,大池一史,2011-04-01 00:00:00
524,ひがし大宮鍼灸院,さいたま市見沼区東大宮４－１６－１　岩井第１ビル１０１,35.94938864,139.63856601,048-652-3530,は　き,大池一史,2015-08-10 00:00:00
525,株式会社アメニティーサービス,さいたま市見沼区東大宮４－２６－３－２０１,35.95050529,139.64055468,048-778-8346,あ　は　き,株式会社アメニティーサービス,2009-05-13 00:00:00
526,じょうたき鍼灸院,さいたま市見沼区東大宮４－２７－１４,35.95118287,139.63940753,048-665-8870,は　き,上滝次郎,2016-04-13 00:00:00
527,ジロー整骨院,さいたま市見沼区東大宮４－２７－１４,35.95118287,139.63940753,048-665-8870,柔,上滝次郎,2009-05-21 00:00:00
528,MJG接骨院　東大宮西口院,さいたま市見沼区東大宮４－２７－３　レジデンス高橋１Ｆ,35.95103023,139.64070464,048-657-8271,柔,エスケイジー企画合同会社,2018-11-15 00:00:00
529,海野鍼灸治療院,さいたま市見沼区東大宮４－２９－３１,35.95195206,139.63761598,048-665-5689,あ　は　き,海野松根,2013-10-15 00:00:00
530,株式会社アメニティーサービス　さいたま・ぷらす,さいたま市見沼区東大宮４－６１－１８　メゾンサイトウ１０１,35.9532953371321,139.637921485198,048-778-8346,あ　は　き,株式会社アメニティーサービス,2026-04-01 00:00:00
531,Ｓ・Ｂ・Ｍ埼玉サロン,さいたま市見沼区東大宮４－６４－１２　マツモトマンション１階Ｂ号室,35.9516134,139.63986302,0480-32-9871,は　き,成富泰夫,2010-07-01 00:00:00
532,メディケア整骨院【東大宮】,さいたま市見沼区東大宮４－６４－１４,35.9513723959664,139.64032779269,048-778-8985,柔,株式会社リライズ,2025-04-10 00:00:00
533,メディケア鍼灸院【東大宮】,さいたま市見沼区東大宮４－６４－１４,35.9513723959664,139.64032779269,048-778-8985,は　き,株式会社リライズ,2025-04-10 00:00:00
534,治療院神楽,さいたま市見沼区東大宮５－２２－３７　テルミビル,35.94574787,139.6433741,048-884-9992,あ　は　き,柳川直也,2015-10-21 00:00:00
535,東大宮ほんごう整骨院,さいたま市見沼区東大宮５－２５－３,35.94693643,139.64120757,048-681-7300,柔,鈴木皓平,2014-05-01 00:00:00
536,タイガー接骨院,さいたま市見沼区東大宮５－３０－４　グランバリエ東大宮店舗,35.94817794,139.64150192,048-872-6707,柔,安田大河,2019-11-05 00:00:00
537,こまち接骨院,さいたま市見沼区東大宮５－３１－７　サンミリオン１０１,35.947972057922,139.642724887818,048-627-7229,柔,小栁敬,2020-06-15 00:00:00
538,さくら草はり・きゅう院,さいたま市見沼区東大宮５－３４－２９,35.94841981,139.64478219,048-687-7750,は　き,間中英樹,2019-04-25 00:00:00
539,さくら草整骨院,さいたま市見沼区東大宮５－３４－２９,35.94841981,139.64478219,048-687-7750,柔,間中英樹,2015-01-01 00:00:00
540,すぎやま鍼灸院　東大宮院,さいたま市見沼区東大宮５－３６－４,35.9484033515489,139.642726955029,000-000-0000,は　き,株式会社プログレス,2026-07-19 00:00:00
541,すぎやま整骨院　東大宮院,さいたま市見沼区東大宮５－３６－４,35.9484033515489,139.642726955029,000-000-0000,柔,株式会社プログレス,2026-07-19 00:00:00
542,東大宮今野整骨院,さいたま市見沼区東大宮５－３７－７,35.94866123,139.64203519,048-685-8043,柔,今野貴博,2024-07-01 00:00:00
543,タカ治療室,さいたま市見沼区東大宮５－４－５,35.94771686,139.64101866,048-687-0615,あ　は　き,岡部崇之,2007-10-22 00:00:00
544,恵真堂鍼灸整骨院　東大宮院,さいたま市見沼区東大宮５－４１－１,35.94946385,139.64141021,048-796-8956,あ　は　き,岡田真,2009-06-01 00:00:00
545,恵真堂鍼灸整骨院　東大宮院,さいたま市見沼区東大宮５－４１－１,35.94946385,139.64141021,048-796-8956,柔,岡田真,2009-06-01 00:00:00
546,ひで接骨院,さいたま市見沼区東大宮５－５４－１３　吉川ハイツ１階,35.95081384,139.64392104,080-5574-4955,柔,秀島將友,2011-10-11 00:00:00
547,ほねつぎ東大宮名倉堂,さいたま市見沼区東大宮６－２３－４,35.95163344,139.64754011,048-685-8551,柔,寺沢安夫,1982-05-01 00:00:00
548,森のなかま整骨院,さいたま市見沼区東大宮６－２９－１３　細井第一ビル１０２,35.9496370190776,139.646329921235,048-708-1870,柔,伊藤良祐,2023-03-14 00:00:00
549,下野整骨院,さいたま市見沼区東大宮７－１－４　ベルメゾン東大宮１階,35.94741719,139.64494611,048-687-2002,柔,下野和久,2002-07-01 00:00:00
550,ライフスター,さいたま市見沼区東大宮７－３１－１,35.9437817813899,139.645537172571,080-9251-4844,あ,佐藤孝汰,2023-10-07 00:00:00
551,むさし整骨院東大宮院,さいたま市見沼区東大宮７－７－１,35.94747,139.64559883,048-797-5078,柔,㈱Ｍｕｓａｓｈｉ,2018-07-30 00:00:00
552,むさし鍼灸院東大宮院,さいたま市見沼区東大宮７－７－１,35.94747,139.64559883,048-797-5078,は　き,㈱Ｍｕｓａｓｈｉ,2018-07-30 00:00:00
553,福島接骨院,さいたま市見沼区東大宮７－７６－８,35.93868531,139.6477546,048-684-7044,柔,倉島正志,2003-04-01 00:00:00
554,福島接骨院,さいたま市見沼区東大宮７－７６－８,35.93868531,139.6477546,048-684-7044,あ　は　き,倉島正志,2003-04-01 00:00:00
555,松崎治療院,さいたま市見沼区東宮下１２４３－１,35.93788,139.679106,048-685-1785,き,松崎曲治,1979-05-20 00:00:00
556,森治療室,さいたま市見沼区東新井４９８,35.91165589,139.66497348,048-687-0812,あ　は　き,森義保,1995-03-17 00:00:00
557,ベアーズ接骨院,さいたま市見沼区東門前１８７－３,35.9326267735343,139.667861690887,048-872-6755,柔,株式会社埼玉武蔵ヒートベアーズ,2024-04-01 00:00:00
558,ベアーズ鍼灸院,さいたま市見沼区東門前１８７－３,35.9326267735343,139.667861690887,048-872-6755,は　き,株式会社埼玉武蔵ヒートベアーズ,2024-04-01 00:00:00
559,ボディケアサポート中島,さいたま市見沼区東門前２３１－５,35.93219242,139.66933885,048-877-5599,あ,中島剛,2011-03-10 00:00:00
560,光接骨院,さいたま市見沼区東門前２６８－１９,35.9291138220391,139.669225893353,048-872-7030,柔,佐藤光則,2024-07-03 00:00:00
561,白寿堂,さいたま市見沼区東門前３１８,35.93345063,139.67007482,048-684-5652,あ　は　き,倉増賢二,1973-08-01 00:00:00
562,門前養生鍼灸院,さいたま市見沼区東門前３４６－１,35.93116205,139.67214417,048-683-4085,あ　は　き,松澤徹美,2001-08-10 00:00:00
563,松澤接骨院,さいたま市見沼区東門前３４６－１,35.93116205,139.67214417,048-683-4085,柔,松澤徹美,1975-12-06 00:00:00
564,鍼灸院ノア,さいたま市見沼区東門前４７－１　メゾンドカンパニュー１０２,35.93250341,139.665642,048-876-9421,は　き,上原勇太,2015-05-26 00:00:00
565,整骨院ノア,さいたま市見沼区東門前４７－１　メゾンドカンパニュー１０２,35.93250341,139.665642,048-876-9421,柔,上原勇太,2015-05-26 00:00:00
566,サピラ鍼灸院,さいたま市見沼区東門前６３－４　第２レジデンス１０２,35.93396711,139.66505033,048-716-3644,は　き,下田啓亮,2018-09-25 00:00:00
567,ますだ整骨院,さいたま市見沼区東門前６４－５　エムエムビル１０３,35.93425871,139.66367546,080-4925-7208,柔,合同会社カンパチーノ,2019-08-01 00:00:00
568,ますだ鍼灸院,さいたま市見沼区東門前６４－５　エムエムビル１０３,35.93425871,139.66367546,080-4925-7208,は　き,合同会社カンパチーノ,2019-08-01 00:00:00
569,オーロラ鍼灸マッサージ治療院　大宮店,さいたま市見沼区深作１－１－３－２０２,35.9510100635309,139.662708374822,090-5122-0631,あ　は　き,合同会社Ｃｒｅａｔｅ　Ｇｌｏｂａｌ,2025-01-17 00:00:00
570,遠藤鍼灸治療院,さいたま市見沼区深作３－３７－１０,35.9542342,139.66686585,048-687-7011,あ　は　き,遠藤賢弥,1994-08-01 00:00:00
571,遠藤接骨院,さいたま市見沼区深作５７７－１,,,048-686-6791,柔,遠藤行雄,1982-11-09 00:00:00
572,鍼術龍正堂,さいたま市見沼区片柳１０４８－２,35.90424592,139.68476083,048-685-8252,あ　は　き,滝沢光正,1978-08-10 00:00:00
573,柿沼接骨院,さいたま市見沼区蓮沼１１０２－２,35.93274223,139.66392273,048-683-4735,柔,柿沼幹男,1988-11-10 00:00:00
574,さいた整骨院,さいたま市見沼区蓮沼１７５２－２,35.92174354,139.66266222,048-797-7588,柔,才田純人,2018-10-01 00:00:00
575,かとう接骨院,さいたま市見沼区蓮沼５５２－１９,35.92832885,139.66236754,048-684-7397,柔,加藤賢二,2009-04-23 00:00:00
576,あゆみ治療院,さいたま市見沼区蓮沼７７５－７,35.93088676,139.65797898,048-683-0010,あ　は　き,徳坂文明,2004-05-01 00:00:00
577,常月接骨院,さいたま市見沼区蓮沼９３２－１　松澤マンション１０２,35.93368626,139.65377926,048-796-3212,柔,鵜澤朋矢,2018-07-18 00:00:00
578,治療院ローズマリー,さいたま市見沼区蓮沼９８７－３,35.93270036,139.65640127,048-687-7529,あ　は　き,中澤夏子,2012-11-27 00:00:00
579,風渡野接骨院,さいたま市見沼区風渡野３５１－８,35.93471143,139.66405039,048-684-8773,柔,北村健一,2001-07-12 00:00:00
580,孔済堂鍼灸院,さいたま市見沼区風渡野４６４－３,35.93626395,139.66124229,048-684-5099,あ　は　き,露木規夫,1994-02-10 00:00:00
581,訪問マッサージ　ライフケアサポート　与野店,さいたま市中央区上峰２－１６－４　１F,35.87652323,139.61472823,048-840-5090,あ　は　き,一般社団法人ライフケアサポート,2012-07-02 00:00:00
582,内田治療院,さいたま市中央区上峰３－６－８－１Ｆ,35.87338193,139.62048899,048-853-7958,あ,内田和彦,2011-04-25 00:00:00
583,北与野在宅訪問マッサージ,さいたま市中央区上落合１－９　与野ハウス３号棟２階,35.8905572400775,139.629946321639,080-6674-3901,あ,福原康子,2013-11-26 00:00:00
584,北与野リペア鍼灸院,さいたま市中央区上落合２－１０－６　わたぬき１F,35.889790881247,139.627392838403,048-767-3129,は　き,日本リペアサービス株式会社,2024-09-02 00:00:00
585,北与野リペア整骨院,さいたま市中央区上落合２－１０－６　わたぬき１F,35.889790881247,139.627392838403,048-767-3129,柔,日本リペアサービス株式会社,2024-09-02 00:00:00
586,接骨見見桐,さいたま市中央区上落合２－４－５－９０１,35.892385,139.627312,048-858-7017,柔,澤田由,1995-03-07 00:00:00
587,接骨見見桐,さいたま市中央区上落合２－４－５－９０１,35.8921384725199,139.627037638842,048-858-7017,あ,澤田由,1995-03-07 00:00:00
588,鍼灸サロンゆらぎ,さいたま市中央区上落合２－５－２６　スカイビル１０３,35.89223848,139.6261351,048-711-4937,あ　は　き,今井良太,2018-03-26 00:00:00
589,ヒロ接骨院,さいたま市中央区上落合２－５－３３,35.8921695001342,139.626635349669,048-711-9836,柔,大澤宏哉,2024-04-22 00:00:00
590,はりきゅう治療院伍行庵,さいたま市中央区上落合２－５－３５　第２ＩＫビル１階,35.89185796,139.62674062,048-851-9675,は　き,吉田啓,2006-04-26 00:00:00
591,はっとりはりきゅう接骨院（上落合院）,さいたま市中央区上落合３－１０－２－１０１,35.89129689,139.62381585,048-853-5899,柔,株式会社アール,2006-06-14 00:00:00
592,はっとりはりきゅう接骨院（上落合院）,さいたま市中央区上落合３－１０－２－１０１,35.89129689,139.62381585,048-853-5899,は　き,株式会社アール,2007-04-20 00:00:00
593,Ｋｉｒｉ　はり治療院,さいたま市中央区上落合３－３－８,35.8892896088013,139.624654203702,080-9531-0584,あ　は,神田ゆか子,2026-06-17 00:00:00
594,北与野ハリ指圧治療所,さいたま市中央区上落合３－４－２７,35.89018313,139.62572131,048-852-1852,あ　は　き,高田靖夫,1982-02-01 00:00:00
595,しらさぎ整骨院,さいたま市中央区上落合４－３－１　北与野Ｎビル３F,35.89259121,139.62626286,048-858-0533,柔,株式会社アナザーソフトライフ,2021-11-01 00:00:00
596,成田接骨院,さいたま市中央区上落合４－６－３,35.89221902,139.62492408,048-857-2872,柔,成田哲也,1996-06-26 00:00:00
597,鍼と灸えん,さいたま市中央区上落合５－１５－８　シスC,35.8981629323055,139.626366835544,090-1261-3774,は　き,遠藤渉,2023-02-26 00:00:00
598,増岡マッサージ指圧院,さいたま市中央区上落合６－１５－４,35.89582139,139.6254545,048-853-3723,あ,増岡敏子,2002-01-21 00:00:00
599,慈恵堂治療院,さいたま市中央区上落合６－６－２１,35.89507427,139.6250101,048-856-1288,あ　は　き,萩原義彦,1988-06-17 00:00:00
600,東西若若治療院,さいたま市中央区上落合８－２－１２　　さいたま新都心ビル３階Ｂ,35.89965136,139.62373512,048-858-8004,あ　は　き,医療法人社団東西会,2018-02-23 00:00:00
601,コハク整骨院,さいたま市中央区上落合９－１３－３２　チェリーマンション１０５,35.90129555,139.62245463,048-767-4918,柔,霜原啓嗣郎,2021-09-03 00:00:00
602,コハク鍼灸院,さいたま市中央区上落合９－１３－３２　チェリーマンション１０５,35.90129555,139.62245463,048-767-4918,あ　は　き,霜原啓嗣郎,2021-09-03 00:00:00
603,はり治療院優～you～,さいたま市中央区下落合１０２４－７,35.8849912706514,139.636143298024,048-606-3583,は,蓮實祐丞,2025-07-24 00:00:00
604,よの中央接骨院,さいたま市中央区下落合１０３２,35.8848839,139.63738999,048-824-3075,柔,蔵楽俊樹,2006-03-10 00:00:00
605,幸星鍼灸,さいたま市中央区下落合１０５１,35.88401178,139.63756223,048-831-3778,は　き,有限会社Wonderful World,2014-09-03 00:00:00
606,デイジー鍼灸院,さいたま市中央区下落合１０８３－３　与野駅前プラザ４０５,35.8826689324642,139.639147372914,080-4182-4598,は　き,株式会社デイジー,2026-06-01 00:00:00
607,さくらの町整骨院,さいたま市中央区下落合１７１１　シティマークタワー２１－１０５,35.88421173,139.636104,048-767-4790,柔,細井純平,2019-03-04 00:00:00
608,岡庭接骨院,さいたま市中央区下落合２－１９－７,35.88367284,139.63291539,048-831-8108,柔,有限会社燦然,1987-07-05 00:00:00
609,エム整骨院,さいたま市中央区下落合２－２３－１３　プリムヴェール7番館１F,35.88415616,139.63509298,048-834-0009,柔,宮田敏宏,2008-11-17 00:00:00
610,エムはりきゅうマッサージ院,さいたま市中央区下落合２－２３－１３　プリムヴェール７番館１F,35.88415616,139.63509298,048-834-0009,あ　は　き,宮田敏宏,2008-11-17 00:00:00
611,しもむら治療院,さいたま市中央区下落合２－２３－１７,35.88408952,139.63554016,048-833-3935,あ,下村泰弘,1986-01-06 00:00:00
612,小野澤はりきゅう治療院,さいたま市中央区下落合２－５－１４,35.88106204,139.63433758,048-832-2811,あ　は　き,小野澤哲也,1984-02-01 00:00:00
613,シュラーフ鍼灸院,さいたま市中央区下落合３－１７－６　大久保コーポ１階,35.8874780193457,139.630457614035,048-855-3539,は　き,大久保帆駿,2025-06-22 00:00:00
614,東鍼堂整骨院,さいたま市中央区下落合３－１７－６－１０１,35.88743628,139.63067657,048-855-3539,あ　は　き,大久保武明,1989-11-13 00:00:00
615,東鍼堂整骨院,さいたま市中央区下落合３－１７－６－１０１,35.88743628,139.63067657,048-855-3539,柔,大久保武明,1989-11-13 00:00:00
616,アバンス青木鍼灸院,さいたま市中央区下落合３－７－２３,35.8843366323979,139.632391690133,048-699-5021,は　き,青木宏幸,2026-04-01 00:00:00
617,さいたま与野整骨院,さいたま市中央区下落合３－７－９　西友与野店内,35.88464771,139.63177934,048-711-5845,柔,鈴木樹,2016-06-30 00:00:00
618,さいたま与野鍼灸院,さいたま市中央区下落合３－７－９　西友与野店内,35.88464771,139.63177934,048-711-5845,は　き,鈴木樹,2016-06-30 00:00:00
619,ココロとカラダ与野本町はりきゅう院,さいたま市中央区下落合５－１０－８,35.88482814,139.62589368,048-789-7065,は　き,大井川将生,2020-09-03 00:00:00
620,岸本鍼灸院,さいたま市中央区下落合５－１６－１３,35.8851574523193,139.629147974655,048-852-1746,は　き,岸本越子,1978-02-13 00:00:00
621,大島治療所,さいたま市中央区下落合５－５－１,35.88366719,139.62792967,048-852-2774,あ,大島敏和,1979-05-07 00:00:00
622,Ｒｅｂａｌａｎｃｅ＆Ｂｅａｕｔｙはりきゅう院（与野本町院）,さいたま市中央区下落合６－１０－５,35.883085653212,139.626881428617,048-857-7200,は　き,株式会社アール,2024-12-27 00:00:00
623,はっとり接骨院（与野本町院）,さいたま市中央区下落合６－１０－５,35.88310333,139.62688533,048-711-7202,柔,株式会社アール,2021-10-15 00:00:00
624,はっとりはり・きゅう院（与野本町院）,さいたま市中央区下落合６－１０－５,35.88310333,139.62688533,048-711-7202,は　き,株式会社アール,2021-10-15 00:00:00
625,按摩・マッサージ・指圧山崎治療院,さいたま市中央区八王子２－５－１９,35.88360022,139.61109493,048-859-4490,あ,山崎敬士,1999-03-01 00:00:00
626,なまずえ整骨院はりきゅうマッサージ,さいたま市中央区八王子３－２０－１４,35.88057831,139.61131169,048-859-5154,あ　は　き,鯰江成寿,2009-05-05 00:00:00
627,なまずえ整骨院はりきゅうマッサージ,さいたま市中央区八王子３－２０－１４,35.88057831,139.61131169,048-859-5154,柔,鯰江成寿,2009-05-05 00:00:00
628,入間川鍼灸院,さいたま市中央区八王子３－３２－１２,35.8825130566157,139.611477556761,048-672-6779,あはき,後藤良太,2026-04-24 00:00:00
629,入間川接骨院,さいたま市中央区八王子３－３２－１２,35.8825130566157,139.611477556761,048-672-6779,柔,後藤良太,2026-04-24 00:00:00
630,Ｊｕｓｔ　Ｓｔｙｌｅ接骨院,さいたま市中央区円阿弥２－９－１５,35.8878206698471,139.610526408935,070-6524-0073,柔,株式会社ＣＹＤ,2024-05-02 00:00:00
631,はり灸マッサージサロン　いろどりたいむ,さいたま市中央区円阿弥５－３－２０,35.89027162,139.60796719,000-0000-0000,あ　は　き,酒井友彦,2019-03-22 00:00:00
632,アギトス整骨院,さいたま市中央区大字下落合１０１３－１　スピカビル２F－B,35.88615039,139.63516236,048-708-2011,柔,株式会社アギトス,2018-03-16 00:00:00
633,アギトス鍼灸院,さいたま市中央区大字下落合１０１３－１　スピカビル２F－B,35.88615039,139.63516236,048-708-2011,あ　は　き,株式会社アギトス,2018-03-16 00:00:00
634,ＫＥＹＡＫＩ整骨院,さいたま市中央区大戸１－１－１　パークハイツ１階,35.8548053375683,139.639600838113,048-709-4684,柔,川口大輔,2024-04-01 00:00:00
635,原沢治療院,さいたま市中央区大戸２－２３－１,35.86215871,139.63648249,048-856-1466,あ　は　き,原沢公一,2009-10-16 00:00:00
636,みどりマッサージセンター,さいたま市中央区大戸４－１０－８－１０５,35.86909689,139.6409124,048-825-9100,あ　は　き,島田博史,2014-07-17 00:00:00
637,ＳＵＥＫＯ治療室（Ⅱ）,さいたま市中央区大戸４－１８－７－１０１,35.86652223,139.64173464,090-3049-3274,あ　は　き,有限会社　賢人,2010-03-28 00:00:00
638,えばと接骨院,さいたま市中央区大戸５－１４－２７,35.86800252,139.63880152,048-825-5539,柔,江波戸孝洋,1998-10-10 00:00:00
639,マッサージ・はり・きゅう　やまだ治療室,さいたま市中央区大戸５－１９－８－８,35.8694967,139.63602671,048-762-6364,あ　は　き,山田順子,2015-11-09 00:00:00
640,下村指圧所,さいたま市中央区大戸６－１９－２,35.8685149022751,139.632260670137,048-854-4306,あ,下村節哉,1976-02-20 00:00:00
641,有限会社アサキ　あさき鍼灸,さいたま市中央区大戸６－２１－２０,35.86793014,139.63352421,048-851-7286,は　き,有限会社アサキ,2005-05-01 00:00:00
642,鍼灸大戸治療院,さいたま市中央区大戸６－６－１３,35.86823292,139.63481019,048-833-9033,は　き,栗城健二,1988-01-15 00:00:00
643,なかざと接骨院,さいたま市中央区新中里１－１１－１８　日建プリムローズ北浦和１０１,35.87428225,139.63529327,048-825-1541,柔,高橋良幸,1997-09-20 00:00:00
644,斉藤接骨院,さいたま市中央区新中里２－６－１１,35.87127704,139.6355128,048-832-4631,柔,斉藤三郎平,1967-08-11 00:00:00
645,公園前接骨院,さいたま市中央区新中里３－１４－９,35.87674301,139.63210456,048-857-6761,柔,吉田謙二,1990-04-24 00:00:00
646,橋本鍼灸院,さいたま市中央区新中里３－３－５,35.8752655,139.6356932,048-833-3362,あ　は　き,𣘺本憲,2019-11-25 00:00:00
647,リリーｐｌｕｓはり灸院,さいたま市中央区新中里４－１－２３－１,35.8776010986289,139.635531995577,090-4858-0259,は　き,大久保貴央,2026-03-05 00:00:00
648,与野本町みのき接骨院,さいたま市中央区新中里４－１４－１３　小川店舗１Ｆ西側,35.8799766572901,139.632387850269,000-000-0000,柔,上野海樹,2026-04-30 00:00:00
649,新中里鍼灸院,さいたま市中央区新中里５－１３－１４,35.880115,139.63728736,048-814-0321,あ　は　き,篠田悟史,2018-09-08 00:00:00
650,新中里整骨院,さいたま市中央区新中里５－１３－１４,35.880115,139.63728736,048-814-0321,柔,篠田悟史,2018-09-08 00:00:00
651,指圧まつもと,さいたま市中央区新中里５－４－２１,35.87728196,139.63687081,048-833-5777,あ,松本健二,2012-10-23 00:00:00
652,まと治療院,さいたま市中央区新都心４－１２　ミツエビル２０２,35.89177189,139.62991539,048-795-7689,あ　は　き,尾﨑誠,2017-02-07 00:00:00
653,サムライ整骨院,さいたま市中央区新都心８番地　さいたまスーパーアリーナ６ＦＧＯＬＤＳＧＹＭ内,35.894816,139.63066803,048-600-3939,柔,金山富英,2008-05-28 00:00:00
654,フレアス在宅マッサージさいたま中央区施術所,さいたま市中央区本町東１－９－１７　岡田コーポ１０１,35.87993134,139.62277466,0120-913-947,あ,合同会社定福,2026-07-01 00:00:00
655,鈴木治療院,さいたま市中央区本町東２－１６－３,35.88204507,139.62480498,048-851-2192,あ　は　き,鈴木健夫,1999-10-21 00:00:00
656,ＫＥｉＲＯＷ与野ステーション,さいたま市中央区本町東２－１８－１－１０５,35.88243416151,139.626137556453,0120-888-063,あ　は　き,株式会社テンフィナンシャルサービス,2024-05-01 00:00:00
657,しいのき整骨院,さいたま市中央区本町東３－１０－１６,35.88469751,139.62112463,048-749-1841,柔,中島裕美,2009-01-07 00:00:00
658,本町東名倉堂,さいたま市中央区本町東３－４－１１,35.88309496,139.62481328,048-857-6787,柔,牟田斉,2006-05-23 00:00:00
659,よの本町整骨院,さいたま市中央区本町東３－８－１０,35.88314767,139.6211719,048-851-2366,柔,小野寺淳一,2007-06-01 00:00:00
660,田村鍼灸院,さいたま市中央区本町東４－３０－８,35.88776667,139.62196611,048-854-4396,は　き,田村晃一,1987-01-28 00:00:00
661,与野本町くつろぎ鍼灸院,さいたま市中央区本町東４－９－５,35.88480582,139.62044968,048-749-1770,は　き,小寺寛朗,2019-07-26 00:00:00
662,与野本町くつろぎ整骨院,さいたま市中央区本町東４－９－５,35.88480582,139.62044968,048-749-1770,柔,小寺寛朗,2019-07-26 00:00:00
663,あべ柔整治療院ｃａｔｎａｐ,さいたま市中央区本町東５－１７－９,35.88975254,139.62043284,080-9038-6683,柔,阿部賢二,2019-08-11 00:00:00
664,竹内指圧治療院,さいたま市中央区本町東７－１８－１３,35.89367438,139.62094099,048-853-9451,あ,竹内淑元,1982-05-12 00:00:00
665,長根治療院,さいたま市中央区本町西１－３－３０,35.88047015,139.62161085,048-852-2008,あ　は,長根清平,1962-05-17 00:00:00
666,エールケア治療院　与野店,さいたま市中央区本町西２－６－８　ローズアベニュー　１０１,35.88248655,139.61738612,048-858-5789,あ,株式会社エールケアサービス,2008-10-20 00:00:00
667,マッサージ鍼灸院さなも,さいたま市中央区本町西４－１０　ペアハイムＭＫＣ１０１,35.8871881545233,139.616091929796,048-642-0166,あ　は　き,水戸部直高,2025-07-01 00:00:00
668,あきたや整骨院,さいたま市中央区本町西４－１８－１１,35.88961914,139.61708312,048-764-9047,柔,秋田谷康二,2012-04-13 00:00:00
669,上町接骨院,さいたま市中央区本町西４－８－１,35.88795822,139.6175137,048-853-0088,柔,和田重文,2000-04-25 00:00:00
670,南与野整体療院,さいたま市中央区鈴谷２－１２１７－１３,35.86873831,139.63141879,048-856-5488,あ,古山政紀,2013-09-09 00:00:00
671,健作接骨院,さいたま市中央区鈴谷２－６２２－２１　サンビル２－１０１,35.8700768222484,139.629416004632,048-711-3949,柔,松田健作,2014-04-14 00:00:00
672,治療室リハネット,さいたま市中央区鈴谷２－７９４　Ｍｉｏｘ南与野３０１,35.86618576,139.6290441,048-858-4165,あ　は　き,秋元誠吾,2020-02-01 00:00:00
673,さいたま中央整骨院,さいたま市中央区鈴谷４－１７－１３,35.87220168,139.62731901,048-789-7743,柔,冨澤敏夫,2021-10-13 00:00:00
674,田中接骨院,さいたま市中央区鈴谷７－４－２０,35.87410419,139.625308,048-855-7500,柔,田中泰衛,1981-01-06 00:00:00
675,渡辺整骨院,さいたま市中央区鈴谷７－６－１　クローバーシティ与野１１０,35.87393749,139.62317207,048-859-5711,柔,渡邉昌人,2007-05-01 00:00:00
676,朱鍼灸治療院,さいたま市中央区鈴谷８－６－９,35.8762409822252,139.624984770839,048-857-5198,は　き,木原麗江,2023-08-01 00:00:00
677,野口治療院,さいたま市中央区鈴谷９－７－４,35.87847605,139.62737989,048-853-2203,あ,野口幸子,2005-06-30 00:00:00
678,まほろ鍼灸院,さいたま市桜区上大久保２０１　コーポまいやま１０２号,35.86681039,139.61149553,048-716-5801,あ　は　き,有限会社スマイルライフ,2015-01-09 00:00:00
679,まほろ接骨院,さいたま市桜区上大久保２０１　コーポまいやま１０２号,35.86681039,139.61149553,048-716-5801,柔,有限会社スマイルライフ,2015-01-09 00:00:00
680,おおくぼ接骨院,さいたま市桜区上大久保６３２－４,35.86842686,139.61206209,048-859-1355,柔,矢部裕之,2016-09-01 00:00:00
681,和心道接骨院,さいたま市桜区上大久保７０９番地　関根ハイツ１F,35.86709647,139.61332037,048-858-7760,柔,爲永尊,2007-05-21 00:00:00
682,ＫＥｉＲＯＷさいたま桜区ステーション,さいたま市桜区下大久保１２１９－１－３１４,35.8602020364427,139.598652965032,0120-875-113,あ　は　き,（株）Ｇｒｏｗｉｎｇ　Ｃｏｍｐａｎｙ,2024-10-29 00:00:00
683,Ｓｅｋｉｎｅ．治療室,さいたま市桜区下大久保１６９９－２　パルコート浦和９０１号室,35.85982225,139.60028561,080-3305-8689,あ,関根豊和,2014-02-12 00:00:00
684,e.n鍼灸マッサージ院,さいたま市桜区下大久保８９５－５,35.8645300244758,139.600264670646,000-0000-0000,あ　は　き,高瀬絵里子,2023-12-28 00:00:00
685,はりきゅう指圧マッサージ気づ木堂,さいたま市桜区中島１－３８－２０,35.86831314,139.62491103,048-753-9555,あ　は　き,市ノ瀬武志,2022-06-01 00:00:00
686,ＦｕｎＦｕｎ鍼灸院,さいたま市桜区南元宿１－１０－９　１Ｆ,35.85947267,139.62723063,000-0000-0000,は　き,船崎浩二,2022-01-01 00:00:00
687,東洋治療センター滝鍼灸院　分院,さいたま市桜区塚本３６９－２４,35.8714707544339,139.5903935621,090-3088-7544,あ　は　き,滝雅身,2023-12-23 00:00:00
688,やつだ接骨院,さいたま市桜区大久保領家３８５,35.87033212,139.60396544,048-767-3979,柔,谷津田光礼,2013-04-01 00:00:00
689,アキューパンクチャー山崎,さいたま市桜区大久保領家４５４－２,35.86694641,139.60368782,048-853-3738,あ　は　き,山崎一保,1989-06-28 00:00:00
690,渡邊鍼灸治療院,さいたま市桜区大久保領家７７－５,35.86869069,139.60813184,048-854-4187,あ　は　き,合同会社リリーブ,2024-12-16 00:00:00
691,渡邊鍼灸整骨院,さいたま市桜区大久保領家７７－５,35.86869069,139.60813184,048-854-4187,柔,合同会社リリーブ,2024-12-16 00:00:00
692,ルーナ鍼灸施術院,さいたま市桜区大久保領家９０－６－１０２,35.8695607399523,139.607386508151,048-699-5596,は　き,長岐朋之,2010-09-21 00:00:00
693,高橋はり灸治療院,さいたま市桜区新開２－１－２０,35.84797957,139.62035673,048-863-1899,あ　は　き,高橋勝利,1975-11-22 00:00:00
694,さいたま市桜環境センター　マッサージルーム,さいたま市桜区新開４－２－１,35.84413003,139.61817374,048-710-5344,あ　は　き,埼玉県鍼灸マッサージ協同組合,2016-11-15 00:00:00
695,稲垣健康工場,さいたま市桜区栄和１－１２－２０,35.86123056,139.61589818,048-854-6293,き,稲垣とし枝,2000-12-25 00:00:00
696,やましろ接骨院,さいたま市桜区栄和１－２１－１３　ドームクレアール１階Ａ号,35.86034177,139.61336787,048-789-7747,柔,株式会社ビグス,2015-12-01 00:00:00
697,やましろ鍼灸院,さいたま市桜区栄和１－２１－１３　ドームクレアール１階Ａ号,35.86034177,139.61336787,048-789-7747,は　き,株式会社ビグス,2015-12-01 00:00:00
698,フレンズ在宅マッサージ,さいたま市桜区栄和４－１８－１６,35.87077382,139.61613388,048-749-1096,あ,有限会社フレンズ,2015-08-08 00:00:00
699,アール・キューブド栄和埼大通り整骨院,さいたま市桜区栄和４－２４－２９,35.86819356,139.61492575,080-7049-8910,柔,西脇肇,2018-03-26 00:00:00
700,横田整骨院,さいたま市桜区栄和５－２１－１５,35.86696595,139.61496191,048-854-3058,柔,横田功,2009-04-01 00:00:00
701,金子施術所,さいたま市桜区田島１－１４－１２,35.84140282,139.63339194,048-861-1509,あ　は　き,金子斉顕,1998-05-07 00:00:00
702,Ａｒｕｔｏｍｏ鍼灸院,さいたま市桜区田島３－２９－１８,35.84644388,139.63291957,090-9811-0491,は　き,白石翔,2022-09-01 00:00:00
703,泰陽接骨院,さいたま市桜区田島４－１４－１４　さくらビル１Ｆ,35.84899353,139.63112518,048-710-6470,柔,安江公一,2000-10-30 00:00:00
704,一心館接骨院,さいたま市桜区田島４－１６－３８,35.8504440837434,139.630207167274,048-714-0327,柔,株式会社ライズ,2025-12-03 00:00:00
705,健友治療院,さいたま市桜区田島４－１８－３２,35.84894907,139.63029748,048-862-2585,あ　は　き,八山俔子,1980-04-24 00:00:00
706,指圧王拯治療室,さいたま市桜区田島４－９－１２,35.8494573910239,139.632259162459,048-844-1314,あ,中村孝次郎,2003-05-20 00:00:00
707,ウルトラ整骨院,さいたま市桜区田島５－１９－１　メゾンフェニックスＦＣビル１Ｆ,35.8444374454178,139.630358300152,080-8083-4786,柔,山下祐史,2024-04-01 00:00:00
708,西浦和駅前鍼灸院,さいたま市桜区田島５－２０－１５　土屋ビル１Ｆ,35.8442462651639,139.629791385378,048-864-1223,は　き,株式会社ヒューマンアジャスト,2023-10-27 00:00:00
709,西浦和駅前接骨院,さいたま市桜区田島５－２０－１５　土屋ビル１Ｆ,35.8442462651639,139.629791385378,048-864-1223,柔,株式会社ヒューマンアジャスト,2023-10-27 00:00:00
710,田島名倉堂,さいたま市桜区田島５－２３－１１,35.84374137,139.62940889,048-864-7719,柔,新井良政,1991-11-19 00:00:00
711,田島指圧,さいたま市桜区田島５－２４－１６,35.84394134,139.6288506,"",あ,小川義信,1990-07-06 00:00:00
712,ヤマサキ治療室,さいたま市桜区田島５－３－１９　チェリーブラッサム１０１,35.84617717,139.62876162,090-6293-5492,あ　は　き,山崎太子,2020-01-16 00:00:00
713,陽だまり鍼灸マッサージ院,さいたま市桜区田島６　第２街区１２号棟１０２号室,35.841677062742,139.63060771161,048-829-7605,あ　は　き,中澤武久,2018-03-22 00:00:00
714,陽だまり整骨院,さいたま市桜区田島６　第２街区１２号棟１０２号室,35.841677062742,139.63060771161,048-829-7605,柔,中澤武久,2018-03-22 00:00:00
715,いはら接骨院,さいたま市桜区町谷１－１２－１１,35.85906711,139.62451145,048-837-7210,柔,井原健太郎,2011-10-11 00:00:00
716,吉田接骨院,さいたま市桜区町谷２－２２－１６,35.86013908,139.61848691,048-857-6401,柔,吉田明充,2016-01-26 00:00:00
717,わかば鍼灸院,さいたま市桜区白鍬４１０,35.88330292,139.60462047,048-857-7700,は　き,田中常夫,2003-08-02 00:00:00
718,安藤接骨院,さいたま市桜区白鍬５５７－１０,35.88508052,139.60564533,048-855-8000,柔,株式会社あんこつ,2020-04-01 00:00:00
719,しぶや接骨院,さいたま市桜区白鍬７５８－１　パストラルＮＯ．６　１０３,35.8820586581535,139.607675262097,048-626-6987,柔,渋谷大樹,2023-12-05 00:00:00
720,しぶや鍼灸院,さいたま市桜区白鍬７５８－１　パストラルＮＯ．６　１０３,35.8820586581535,139.607675262097,048-626-6987,あ　は　き,渋谷大樹,2023-12-05 00:00:00
721,いいづか接骨院,さいたま市桜区白鍬８３２－２,35.88332521,139.609034,048-837-8519,柔,飯塚啓典,2004-04-07 00:00:00
722,和心鍼灸指圧院,さいたま市桜区神田１５１,35.8732774138507,139.609940253179,048-854-4736,あ　は　き,井口佳子,2007-03-15 00:00:00
723,相川接骨院,さいたま市桜区神田１６－１,35.8752364613321,139.613908911777,048-857-5401,柔,相川真也,2016-03-01 00:00:00
724,在宅マッサージ　ひまわり,さいたま市桜区神田１６－１,35.8752698330363,139.613932219552,048-857-5401,あ　は　き,株式会社ひまわりケアサービス,2018-03-26 00:00:00
725,神田名倉堂,さいたま市桜区神田２６１－１,35.87345401,139.60565685,048-854-2434,柔,有限会社宗幸会,2004-12-01 00:00:00
726,セキ整骨院,さいたま市桜区神田２９２－１,35.87330401,139.6037209,048-854-2375,柔,関保雄,1984-02-23 00:00:00
727,はりきゅう藤野治療室,さいたま市桜区西堀２－３－２９,35.85606493,139.633658,048-864-6074,は　き,藤野芳雄,1995-04-01 00:00:00
728,ハートフル鍼灸マッサージ院,さいたま市桜区西堀８－１４－２３,35.85893124,139.63374676,048-826-6591,あ　は　き,有限会社アートライフ,2015-04-01 00:00:00
729,ひなた治療院,さいたま市桜区西堀９－１３－３,35.8614559,139.63263842,048-856-1151,あ,関敏明,2001-02-06 00:00:00
730,整骨院　Repose,さいたま市桜区道場２－１２－２０,35.85806149,139.61292078,050-3746-1840,柔,早瀬裕士,2015-02-26 00:00:00
731,あおば接骨院,さいたま市桜区道場２－９－１　浦和栄和南団地４－１０４,35.85802541,139.61440122,048-853-3136,柔,髙橋斉,2002-08-05 00:00:00
732,あおば鍼灸院,さいたま市桜区道場２－９－１　浦和栄和南団地４－１０４,35.85802541,139.61440122,048-853-3136,は　き,髙橋斉,2002-08-05 00:00:00
733,リボン整骨院,さいたま市桜区道場３－２７－１,35.85329825,139.61538746,048-799-3528,柔,川俣琢磨,2015-04-24 00:00:00
734,ｎｉｗａｔｏｃｏ鍼灸院,さいたま市浦和区上木崎１－１０－１　グランデュオ北街区１０１,35.8853971037268,139.637356266678,080-7446-2870,は　き,株式会社Ｇｏｏｔｒｉｇｇｅｒ,2025-03-24 00:00:00
735,ニワトコ鍼灸院,さいたま市浦和区上木崎１－１０－１　グランデュオ北街区１０１,35.8853971037268,139.637356266678,080-7446-2870,あ　は　き,株式会社Ｇｏｏｔｒｉｇｇｅｒ,2025-03-24 00:00:00
736,みむら鍼灸接骨院,さいたま市浦和区上木崎１－１０－１７　三村Ｋ２ビル１F,35.8853283,139.63778717,048-825-9270,柔,三村圭一,1998-07-28 00:00:00
737,みむら鍼灸院,さいたま市浦和区上木崎１－１０－１７　三村Ｋ２ビル１F,35.8853283,139.63778717,048-825-9270,は　き,三村圭一,1998-07-28 00:00:00
738,与野駅前鍼灸院,さいたま市浦和区上木崎１－２－４,35.88428958,139.63977593,048-833-2737,あ　は　き,株式会社ＭＳＧ,2018-09-18 00:00:00
739,与野駅前整骨院,さいたま市浦和区上木崎１－２－４,35.88428958,139.63977593,048-833-2737,柔,株式会社ＭＳＧ,2018-09-18 00:00:00
740,鍼灸院　ＬＩＮＤＡ,さいたま市浦和区上木崎１－３－３０　３階,35.8854528561356,139.639450332439,000-0000-0000,は　き,服部光紀,2025-05-03 00:00:00
741,キュアハウス与野東,さいたま市浦和区上木崎１－４－８,35.88603101,139.63844543,831-7851,は　き,堀部貴靖,2008-01-30 00:00:00
742,はりきゅう福島治療院,さいたま市浦和区上木崎１－９－１４,,,"",は　き,福島みゆき,1981-12-08 00:00:00
743,与野名倉堂整骨院,さいたま市浦和区上木崎１－９－１５　グランデュオ南街区１０８－１,35.8840729,139.63823161,048-767-8314,柔,株式会社リーフ,2021-03-02 00:00:00
744,与野名倉堂鍼灸院,さいたま市浦和区上木崎１－９－１５　グランデュオ南街区１０８－１,35.8840729,139.63823161,048-767-8314,は　き,株式会社リーフ,2021-03-02 00:00:00
745,FIET　Conditioning　鍼灸マッサージ治療院,さいたま市浦和区上木崎２丁目６－１　楽風雅殿２０２号室,35.88850016,139.63812596,000-000-0000,あ　は　き,栗田英行,2022-01-11 00:00:00
746,きざき整骨院,さいたま市浦和区上木崎２－１４－１９　グレドール並木１０３,35.886101,139.641987,048-767-6682,柔,株式会社がーやま,2019-09-02 00:00:00
747,ボルテックスマッサージ,さいたま市浦和区上木崎２－７－２７－５０４,35.8891279,139.64070629,000-0000-0000,あ,堀井智絵,2021-05-28 00:00:00
748,ほねつぎ堂　つかさ接骨院,さいたま市浦和区上木崎４－２－２１,35.8864627271086,139.643762180197,048-628-4946,柔,松田剛,2020-09-04 00:00:00
749,ラファ接骨院,さいたま市浦和区上木崎４－２－２８　アブニ浦和１０２,35.88618941,139.64231733,048-829-9954,柔,大原貴,2022-04-21 00:00:00
750,おかもと接骨院,さいたま市浦和区上木崎４－３－１６　ナッツビル１階,35.8865788974889,139.644456475369,048-824-5858,柔,岡本淳,2015-04-02 00:00:00
751,はり・きゅう院Y’S,さいたま市浦和区上木崎４－３－１６　酒井ビル１０２,35.8865117852416,139.644486708071,048-825-1230,は　き,山崎麻子,2015-03-23 00:00:00
752,ＴＲＵＮＫ整骨院,さいたま市浦和区上木崎５－２－２３　並木フラッツＢ１Ｆ１０３,35.88722549,139.64820849,048-767-8386,柔,小林裕貴,2020-10-29 00:00:00
753,ＴＲＵＮＫ鍼灸院,さいたま市浦和区上木崎５－２－２３　並木フラッツＢ１Ｆ１０３,35.88722549,139.64820849,048-767-8386,あ　は　き,小林裕貴,2020-10-29 00:00:00
754,ゆず接骨院,さいたま市浦和区上木崎６－１７－２　上木崎６丁目ビル１Ｆ,35.8840045681847,139.649785237929,090-9310-4991,柔,須貝孝雄,2025-08-01 00:00:00
755,和風サウナ足立,さいたま市浦和区上木崎６－２３－４,35.8850318465636,139.648633723451,048-832-1234,あ,河辺栄次郎,1974-02-28 00:00:00
756,田中接骨院,さいたま市浦和区上木崎６－４０－１,35.88761715,139.65114712,048-833-7090,柔,田中康文,1990-12-25 00:00:00
757,光幸はりきゅう院,さいたま市浦和区仲町１－１５－７　リベリエ浦和仲町２０１,35.86181931418,139.654193964965,080-4571-4154,は　き,庄司有希,2024-03-22 00:00:00
758,光幸接骨院,さいたま市浦和区仲町１－１５－７　リベリエ浦和仲町２０１,35.86181931418,139.654193964965,080-4571-4154,柔,庄司有希,2024-03-22 00:00:00
759,治療院　しらたま鍼灸吸玉サロン,さいたま市浦和区仲町１－１５－７　リベリエ浦和仲町２０３,35.8618606829982,139.654202308228,080-3696-8689,は　き,下地真紀子,2020-02-25 00:00:00
760,浦和みんなの接骨院,さいたま市浦和区仲町１－２－１２　関根ビル１階,35.8597750601999,139.655561017978,048-833-4455,柔,株式会社ＭＳＧ,2024-04-11 00:00:00
761,浦和みんなの鍼灸院,さいたま市浦和区仲町１－２－１２　関根ビル１階,35.8597750601999,139.655561017978,048-833-4455,は　き,株式会社ＭＳＧ,2024-04-11 00:00:00
762,アゼガミ治療室,さいたま市浦和区仲町１－２－９　タナカビル５Ｆ,35.85996232,139.65537251,048-834-7477,は　き,畦上和彦,1990-04-07 00:00:00
763,鍼灸治療院　浦和,さいたま市浦和区仲町１－３－４－３F,35.8595914635612,139.654739030236,048-711-2180,あ　は　き,株式会社エムブライト,2023-12-27 00:00:00
764,ＨＯＮＥＴＳＵＧＩ浦和,さいたま市浦和区仲町１－３－４－３F,35.8595376047728,139.654748550792,048-711-2180,柔,株式会社エムブライト,2023-12-27 00:00:00
765,猪越接骨院,さいたま市浦和区仲町１－３－８　ホワイトビル２Ｆ,35.85993174,139.65466423,048-833-6661,柔,猪越誠,1985-12-01 00:00:00
766,骨盤パワー整骨院浦和駅前イトーヨーカドー院,さいたま市浦和区仲町１－７－１　イトーヨーカドー２階,35.8603565512699,139.655489764028,048-825-1733,柔,株式会社Ｄｉａｒｙ,2023-07-03 00:00:00
767,蘭靜中医鍼灸院,さいたま市浦和区仲町１－７－１８　ワタナベビル４Ｆ,35.86027063,139.65587245,048-865-6398,は　き,久保蘭靜,2010-05-06 00:00:00
768,斉藤按摩治療所,さいたま市浦和区仲町２－１－９,35.8596484,139.65293941,048-822-2252,あ,斉藤正男,1948-04-01 00:00:00
769,うらわ仲町整骨院,さいたま市浦和区仲町２－１７－１,35.85954005,139.65173397,048-822-8855,あ　は　き,清水政則,2001-08-22 00:00:00
770,足の整骨院,さいたま市浦和区仲町２－１７－１－１０１,35.85954005,139.65173397,048-822-8855,柔,清水政則,2001-05-30 00:00:00
771,浦和もものき鍼灸治療院,さいたま市浦和区仲町２－１７－１９－１０１,35.8596738735426,139.650461550313,070-9453-8678,は　き,馬麗麗,2025-11-10 00:00:00
772,あおぞら整骨院,さいたま市浦和区仲町２－１７－３,35.85945116,139.65145067,048-831-3039,柔,藤村義明,2009-06-04 00:00:00
773,ＫＯＫＵＡ鍼灸院,さいたま市浦和区仲町２－３－２１　木村ビル１F,35.8599567,139.65319771,048-824-1200,は　き,株式会社リーフ,2021-09-13 00:00:00
774,ＫＯＫＵＡ整骨院,さいたま市浦和区仲町２－３－２１　木村ビル１F,35.8599567,139.65319771,048-824-1200,柔,株式会社リーフ,2021-09-13 00:00:00
775,小石川鍼灸治療院,さいたま市浦和区仲町３－１１－１　長堀ビルＢ－１０２,35.85904277,139.64779825,048-832-1289,あ　は　き,石川陽彦,2009-03-03 00:00:00
776,あん整骨院,さいたま市浦和区仲町３－２－２４　品田ビル１ＦＢ号室,35.8602674880182,139.650035194275,048-829-7963,柔,角屋博文,2012-03-02 00:00:00
777,あん鍼灸マッサージ院,さいたま市浦和区仲町３－２－２４　品田ビル１ＦＢ号室,35.8601382005235,139.650034922141,048-829-7963,あ　は　き,角屋博文,2012-03-02 00:00:00
778,カラダ・ラボ　オレンジ,さいたま市浦和区仲町４－１－２　メゾンナナ１０１,35.8589690563089,139.646620273108,080-1326-7747,は　き,山田静,2023-03-05 00:00:00
779,はりきゅうマッサージ　ライム,さいたま市浦和区仲町４－２４－２６－２０３,35.859012,139.64076556,048-863-0841,あ　は　き,ライムメディカル株式会社,2013-08-23 00:00:00
780,ライム整骨院,さいたま市浦和区仲町４－２４－２６－３０１,35.859012,139.64076556,048-863-0841,柔,ライムメディカル株式会社,2019-03-01 00:00:00
781,かるむ整骨院,さいたま市浦和区仲町４－７－１２－１Ｆ,35.8606709974154,139.644970858961,048-762-6351,柔,木川学,2012-04-25 00:00:00
782,リハビリマッサージ・はりきゅう院ＪＦＴＦ,さいたま市浦和区元町１－１－１０　島本マンション１０３号室,35.86917218,139.65112813,090-6529-2191,あ　は　き,小屋忠久,2019-10-07 00:00:00
783,かんたろう接骨院,さいたま市浦和区元町２－１２－１６　高野ビル１０２,35.87206625,139.6499226,048-676-3492,柔,菅陽平,2021-06-30 00:00:00
784,ほね大工佐藤整骨院,さいたま市浦和区元町２－１８－３　ルーブル元町１０１号,35.8715039597763,139.651253515999,048-881-0405,柔,佐藤明夫,1990-02-22 00:00:00
785,元町整骨院,さいたま市浦和区元町２－３２－１２,35.8732996,139.65675249,048-886-8787,柔,熊田悟,2013-12-21 00:00:00
786,北浦和サウナセンター,さいたま市浦和区元町２－８－１３,35.87198568,139.64912823,048-887-6230,あ,（株）北浦和ｻｳﾅｾﾝﾀー,1970-04-22 00:00:00
787,川島整骨院,さいたま市浦和区元町３－３－６,35.8735210071416,139.648757904762,048-885-8912,柔,川島裕雅,2007-04-11 00:00:00
788,川島整骨院,さいたま市浦和区元町３－３－６,35.87343272,139.64872546,048-887-4119,あ　は,川島裕雅,2007-04-11 00:00:00
789,東洋堂千華鍼灸院,さいたま市浦和区前地１－１－１３－３,35.857546352845,139.665636325496,080-1134-1828,は　き,金千華乃,2025-05-02 00:00:00
790,サニー鍼灸整骨院,さいたま市浦和区前地２－１－４,35.85807381,139.66177477,048-885-7916,柔,村井早苗,2009-03-18 00:00:00
791,サニー鍼灸整骨院,さいたま市浦和区前地２－１－４,35.85807381,139.66177477,048-885-7916,あ　は　き,村井早苗,2009-03-18 00:00:00
792,浦和駅らくだSUN接骨院,さいたま市浦和区前地２－９－９　プルメリア前地１０１,35.85732115,139.66329411,070-3164-1438,柔,戸口稜,2021-04-01 00:00:00
793,指圧マッサージ　宇田川治療院,さいたま市浦和区前地３－１８－１０,35.8616690695045,139.665877411176,048-637-0694,あ　は　き,宇田川元之,2019-03-17 00:00:00
794,ひらい整骨院,さいたま市浦和区北浦和１－１－１１　１F,35.87269945,139.64769223,048-767-8778,柔,株式会社ＨＳコーポレーション,2021-08-04 00:00:00
795,ひらいはりきゅう院,さいたま市浦和区北浦和１－１－１１　１F,35.87269945,139.64769223,048-767-8778,あ　は　き,株式会社ＨＳコーポレーション,2021-08-04 00:00:00
796,くまのみ整骨院　北浦和駅前院,さいたま市浦和区北浦和１－１－６　honda２ndBld．１F,35.8724062598142,139.647493694522,048-767-5950,柔,株式会社くまのみ,2021-12-03 00:00:00
797,くまのみ鍼灸院　北浦和駅前院,さいたま市浦和区北浦和１－１－６　honda２ndBld．１F,35.87229671,139.64750893,048-767-5950,は　き,株式会社くまのみ,2021-12-03 00:00:00
798,しまぶくろ接骨院,さいたま市浦和区北浦和１－４－１ー１０１,35.874640863865,139.646304454077,048-824-0246,柔,島袋一樹,2026-01-01 00:00:00
799,北浦和駅前接骨院,さいたま市浦和区北浦和１－８－１２　松岡ＳＴビル３０２号,35.87335772,139.64828383,048-711-5569,柔,エフスタイル合同会社,2023-05-01 00:00:00
800,浦和千萬蓮治療院,さいたま市浦和区北浦和１－８－２３－３０１,35.873336,139.647999,048-886-2237,あ　は　き,張玉明,2004-01-01 00:00:00
801,ＳＡＢＯ－ＴＥＮはりきゅう院　浦高通り院,さいたま市浦和区北浦和１－９－１　藤和シティホームズ１階１０１,35.8738485408911,139.648245489516,070-1231-5110,あ　は　き,株式会社Ｇｏｏｔｒｉｇｇｅｒ,2024-06-25 00:00:00
802,ＳＡＢＯ－ＴＥＮ接骨院　浦高通り院,さいたま市浦和区北浦和１－９－１　藤和シティホームズ１階１０１,35.8738485408911,139.648245489516,070-1231-5110,柔,株式会社Ｇｏｏｔｒｉｇｇｅｒ,2024-06-25 00:00:00
803,KEiROW浦和ステーション,さいたま市浦和区北浦和２－１－１６　矢部ビル１０１号,35.87536854,139.64608952,090-2538-8376,は　き,株式会社エルア,2017-06-01 00:00:00
804,細渕整骨院,さいたま市浦和区北浦和２－１－３　マグノリアⅢ１階,35.8756471846986,139.645947580496,048-831-7933,柔,細渕祐,2023-10-01 00:00:00
805,針灸江山堂浦和治療所,さいたま市浦和区北浦和３－１７－２３－２０１,35.87644894,139.64489515,048-824-1311,は　き,根岸修,1999-09-10 00:00:00
806,いの徳整骨院・治療院,さいたま市浦和区北浦和３－２－１０　近藤ビル２階,35.87242168,139.6470062,048-711-9485,柔,井上徳庸,2019-03-11 00:00:00
807,あびこ整骨院,さいたま市浦和区北浦和３－２１－３,35.87760431,139.64314526,048-824-1312,柔,安彦公之,2011-10-19 00:00:00
808,ＳＡＢＯ－ＴＥＮはりきゅう院　北浦和院,さいたま市浦和区北浦和３－７－１　北浦和サンリーフビル１０１,35.8732646048124,139.645668854232,048-626-6955,あ　は　き,株式会社Ｇｏｏｔｒｉｇｇｅｒ,2023-10-02 00:00:00
809,ＳＡＢＯ－ＴＥＮ接骨院　北浦和院,さいたま市浦和区北浦和３－７－１　北浦和サンリーフビル１０１,35.8732646048124,139.645668854232,048-626-6955,柔,株式会社Ｇｏｏｔｒｉｇｇｅｒ,2023-10-02 00:00:00
810,彩光接骨院,さいたま市浦和区北浦和３－８－１０,35.87332431,139.64526743,048-709-3150,柔,有限会社八生,2006-04-10 00:00:00
811,鍼灸マッサージの按鍼堂治療院,さいたま市浦和区北浦和３－８－１０　アルシェマ３０２,35.87332431,139.64526743,048-834-3545,あ　は　き,小原誠司,2005-03-01 00:00:00
812,北浦和長生館,さいたま市浦和区北浦和３－８－１０－３０５,35.873335,139.645249,048-834-2089,あ,山村信廣,1995-01-05 00:00:00
813,鈴木接骨院,さいたま市浦和区北浦和３－８－９ 　アルファ２１ １０２号,35.8734684434573,139.645153475653,048-823-5215,柔,鈴木幸正,2001-04-27 00:00:00
814,北浦和西口整骨院,さいたま市浦和区北浦和４－３－１７－１０２,35.87150784,139.64488419,048-834-3855,柔,和田純哉,2025-06-01 00:00:00
815,鍼灸マッサージここち,さいたま市浦和区北浦和４－３－８　テックビル２階,35.8718499774382,139.644433492092,048-826-5814,あ　は　き,（株）ｃｏｃｏｃｈｉ,2011-09-27 00:00:00
816,いつき鍼灸マッサージ院,さいたま市浦和区北浦和４－５－１６　ＫＳビル北浦和４０３号室,35.8722454295504,139.645394919501,048-767-7270,あ　は　き,古賀勇樹,2025-11-08 00:00:00
817,いろどり治療院,さいたま市浦和区北浦和４－６－１５　北浦和ビル３０４,35.87245495,139.6447925,048-877-0372,は　き,田中彩夏,2014-01-24 00:00:00
818,ゼロスポ鍼灸院　北浦和,さいたま市浦和区北浦和４－６－３　シャンフレア北浦和１０１,35.87244661,139.64431476,048-711-6565,は　き,ムーヴアクション株式会社,2017-05-31 00:00:00
819,ゼロスポ整骨院　北浦和,さいたま市浦和区北浦和４－６－３　シャンフレア北浦和１０１,35.87244661,139.64431476,048-711-6565,柔,ムーヴアクション株式会社,2017-05-31 00:00:00
820,川井マッサージ指圧治療院,さいたま市浦和区北浦和４－７－６,35.87293822,139.64430642,048-831-4003,あ,川井彰,1986-06-06 00:00:00
821,至誠堂整骨院,さいたま市浦和区北浦和５－１５－４５,35.8757162394383,139.638994429581,048-709-8778,柔,有限会社GLOBAL CHALLENGE,2016-10-28 00:00:00
822,みんなの森鍼灸院,さいたま市浦和区大東３－１－３　イーストヒル１－Ａ,35.879215,139.666629,048-762-9973,は　き,尾﨑造,2019-07-01 00:00:00
823,みんなの森整骨院,さいたま市浦和区大東３－１－３　イーストヒル１－Ａ,35.879215,139.666629,048-762-9973,柔,尾﨑造,2019-07-01 00:00:00
824,グリーン指圧治療室,さいたま市浦和区岸町１－５－１９　１０２,35.852813,139.661954,048-822-3097,あ,安達勝,1982-06-01 00:00:00
825,山崎接骨院,さいたま市浦和区岸町３－１４－８,35.85213831,139.65620606,048-825-4086,柔,山崎信一,1990-09-15 00:00:00
826,とくなが接骨院,さいたま市浦和区岸町３－１５－３,35.85264658,139.65618937,048-825-3113,柔,徳永圭治,2015-05-26 00:00:00
827,Ｂａｃｋｓｔａｇｅ鍼灸院,さいたま市浦和区岸町４－１０－６　デュオステージ浦和岸町５０４,35.8550992202954,139.658686989311,080-3245-5326,あ　は　き,伊藤史,2026-04-01 00:00:00
828,高砂接骨院,さいたま市浦和区岸町４－２３－１６,35.85543235,139.6560004,048-822-5628,あ　は　き,（有）レイナード企画,1999-06-30 00:00:00
829,たすき鍼灸治療院　浦和,さいたま市浦和区岸町４－２３－１６　２０５号室,35.8554397403266,139.656010124702,070-9505-3334,は　き,野口武雄,2026-05-16 00:00:00
830,メリー整骨院,さいたま市浦和区岸町４－２４－１　近藤ビル２０１,35.85604893,139.65573651,048-711-1059,柔,髙山智次,2022-05-02 00:00:00
831,すずの木マッサージ治療院,さいたま市浦和区岸町４－２６－８－３１１,35.8557888999281,139.655275324358,050-1722-7603,あ　は　き,鈴木省吾,2026-04-01 00:00:00
832,斉藤施術所,さいたま市浦和区岸町４－８－１２,35.8540280479,139.657910670501,048-822-2602,あ　は　き,斉藤廣師,1972-09-12 00:00:00
833,柴崎治療院,さいたま市浦和区常盤１－２－９,35.86328129,139.65342535,048-832-7233,あ　は　き,柴崎英一,1974-02-10 00:00:00
834,鍼処ＳＨＩＲＡＫＡＷＡ浦和院,さいたま市浦和区常盤１－３－９　ロイヤルプラザ常盤２１６号室,35.86190646,139.65316708,000-0000-0000,は　き,佐藤健司,2022-10-10 00:00:00
835,アーユルヴェーダ鍼灸アーユルビューティ,さいたま市浦和区常盤１－３－９　ロイヤルプラザ常盤７０１号室,35.8619648502841,139.653168632698,090-7196-2255,は　き,長尾理恵,2019-04-01 00:00:00
836,すずらん接骨院,さいたま市浦和区常盤１０－１８－７,35.8716027419632,139.639843526192,048-832-4274,柔,村田秀貴,2016-05-02 00:00:00
837,いそだ整骨院,さいたま市浦和区常盤２－３－１２,35.86593649,139.65222537,048-833-0022,柔,磯田和男,2015-05-25 00:00:00
838,鍼灸院　樹　－ｉｔｓｕｋｉ-,さいたま市浦和区常盤２－６－５　エスポアールときわ２０２号室,35.8661578511646,139.651310106311,090-6310-4698,は　き,新井直樹,2024-03-20 00:00:00
839,浦和まごころ整骨院,さいたま市浦和区常盤２－６－５　エスポアール１Ｆ,35.86613367,139.65131711,048-749-1414,柔,加治豊康,2009-03-06 00:00:00
840,おおもり治療院,さいたま市浦和区常盤３－１６－３　さくらビル１階,35.8701687912537,139.647762798322,048-831-6887,あ　は　き,大森崇久,2013-12-02 00:00:00
841,ピタット接骨院,さいたま市浦和区常盤３－１８－２０　常盤コーポラス２０２,35.8707711871484,139.648055885799,048-711-3104,柔,大川博之,2024-06-01 00:00:00
842,ＫＥｉＲＯＷ浦和中央ステーション,さいたま市浦和区常盤３－２－３　悦英ビル３Ａ,35.86681134,139.65060326,0120-980-207,あ　は　き,株式会社アウトスタンダード,2018-04-12 00:00:00
843,ひろ整骨院,さいたま市浦和区常盤５－１７－１２　エステート常盤１階B号室,35.86453095,139.64657594,048-831-8777,柔,小出宏,2021-08-05 00:00:00
844,A．M．I．アバンス青木鍼灸院,さいたま市浦和区常盤５－４－２１,35.86544206,139.65013669,048-833-3937,あ　は　き,合同会社A．M．I．,2021-03-29 00:00:00
845,訪問マッサージみやび,さいたま市浦和区常盤６－１６－１０　小富美荘１号室,35.86196444,139.64137372,048-625-7078,あ　は　き,盛田育代,2019-04-01 00:00:00
846,えびす鍼灸院　北浦和西口院,さいたま市浦和区常盤９－１７－４－１F,35.8702060381706,139.646778057253,048-764-8400,あ　は　き,株式会社ＭｅａＮ,2024-05-17 00:00:00
847,えびす整骨院　北浦和西口院,さいたま市浦和区常盤９－１７－４－１Ｆ,35.8702060381706,139.646778057253,048-764-8400,柔,株式会社ＭｅａＮ,2024-05-17 00:00:00
848,ときわ接骨院,さいたま市浦和区常盤９－１７－８,35.87075243,139.64666461,048-832-9329,柔,田中強,1987-07-13 00:00:00
849,Ｓｐｒｏｕｔ整骨院,さいたま市浦和区常盤９－１９－４　Ｐ’ｓスクエア常盤２階,35.870196745387,139.64587659295,048-762-7966,柔,株式会社ユースフル,2025-03-10 00:00:00
850,平成堂北浦和整骨院,さいたま市浦和区常盤９－１９－６,35.87037745,139.64583136,048-824-8212,は　き,金子靖史,2002-03-19 00:00:00
851,平成堂北浦和整骨院,さいたま市浦和区常盤９－１９－６,35.87037745,139.64583136,048-824-8212,柔,金子靖史,2002-03-06 00:00:00
852,北浦和治療室,さいたま市浦和区常盤９－２１－１３　２階,35.870842,139.644721,048-833-7077,あ,吉井ふみ子,1986-10-18 00:00:00
853,くるみ鍼灸院,さいたま市浦和区常盤９－２８－８,35.868027098973,139.643465739896,090-1654-8382,あ　は　き,佐々木くるみ,1998-02-05 00:00:00
854,TOP鍼灸　北浦和院,さいたま市浦和区常盤９－３１－１８,35.8711956599882,139.64432195813,048-762-7789,は　き,トップソルブ株式会社,2024-06-01 00:00:00
855,ＴＯＰ接骨　北浦和院,さいたま市浦和区常盤９－３１－１８,35.8711875878343,139.644323857211,048-762-7789,柔,トップソルブ株式会社,2024-06-01 00:00:00
856,北浦和フェリーチェ整骨院,さいたま市浦和区常盤９－３２－２４　本郷ビル１Ｆ,35.87167445,139.64356763,048-826-5630,柔,内田孝司,2011-08-24 00:00:00
857,北浦和フェリーチェはり・きゅう・マッサージ院,さいたま市浦和区常盤９－３２－２４　本郷ビル１Ｆ,35.87167445,139.64356763,048-826-5630,あ　は　き,内田孝司,2011-08-24 00:00:00
858,一歩堂鍼灸治療院,さいたま市浦和区常盤９－３３－２０　１Ｆ,35.872048094518,139.643165961123,048-822-8063,あ　は　き,齋藤浩二,2009-04-03 00:00:00
859,たかはし治療院,さいたま市浦和区常盤９－３４－１２　松村第１ビル５Ｆ,35.87242711,139.64218995,048-825-6689,あ　は,高橋圭介,2010-08-05 00:00:00
860,さいたまのハリとお灸豊泉堂,さいたま市浦和区常盤９－９－６,35.86864991,139.64691743,048-711-9122,あ　は　き,松波太郎,2019-02-08 00:00:00
861,きざき鍼灸院,さいたま市浦和区木崎１－５－１０,35.88462602,139.65955755,048-884-5770,あ　は　き,高山智博,2016-05-11 00:00:00
862,きざき整骨院,さいたま市浦和区木崎１－５－１０,35.88462602,139.65955755,048-884-5770,柔,高山智博,2016-05-11 00:00:00
863,はりきゅう治療院白陽,さいたま市浦和区木崎３－７－１７,35.88972531,139.65643275,048-831-7869,は　き,草間洋子,1984-07-04 00:00:00
864,うらわ整骨院,さいたま市浦和区木崎４－１６－９　サンパーク木崎１０２,35.887359,139.65965194,048-789-7227,柔,株式会社がーやま,2019-04-01 00:00:00
865,よつば治療院,さいたま市浦和区木崎５－２３－２１　ベルエポック１０２号,35.88574814,139.66245171,048-762-7750,あ,株式会社日本フィットサービス,2014-01-04 00:00:00
866,すこやか治療院,さいたま市浦和区本太１－１１－１３　１０３号室,35.8622534282799,139.665709363823,0120-958-013,あ,Crowd　introduction合同会社,2018-09-19 00:00:00
867,望真堂戸口鍼灸院,さいたま市浦和区本太１－３４－５,35.86543124,139.66274108,048-882-6095,は　き,髙橋美緒,2025-06-02 00:00:00
868,黒猫屋。,さいたま市浦和区本太２－１０－４,35.86314537,139.65967754,048-628-4518,あ,赤出川雅透,2014-08-26 00:00:00
869,えはら鍼灸院,さいたま市浦和区本太２－２－３４,35.8627898,139.6570278,048-881-2914,あ　は　き,江原一彦,2015-05-10 00:00:00
870,えはら整骨院,さいたま市浦和区本太２－２－３４,35.8627898,139.6570278,048-881-2914,柔,江原一彦,2003-03-07 00:00:00
871,浦和のあ整骨院,さいたま市浦和区本太２－２０－１９,35.86479517,139.65991357,048-708-5542,柔,佐藤将之,2022-04-28 00:00:00
872,浦和のあ鍼灸院,さいたま市浦和区本太２－２０－１９,35.86479517,139.65991357,048-708-5542,は　き,佐藤将之,2025-05-16 00:00:00
873,鍼灸院　花小紋,さいたま市浦和区本太２－９－１　ウイングブルー２０１,35.8629898,139.65816103,048-788-7932,は　き,森山富代,2007-11-03 00:00:00
874,三浦整骨院,さいたま市浦和区本太２－９－７,35.8633955753051,139.658852801522,048-885-1400,柔,三浦秀利,2017-01-06 00:00:00
875,佐藤治療院,さいたま市浦和区本太３－２０－３３,35.86486722,139.65366693,048-881-2323,あ　は,佐藤一郎,1974-09-20 00:00:00
876,はりきゅう徳永,さいたま市浦和区本太４－３－２４,35.866606,139.6578887,048-885-5099,あ　は　き,徳永政子,2007-10-12 00:00:00
877,吉田鍼灸院,さいたま市浦和区本太４－７－１０,35.86609778,139.65978021,048-886-2589,は　き,吉田善行,2004-01-15 00:00:00
878,ＳＡＢＯ－ＴＥＮはりきゅう院　浦和駅東口院,さいたま市浦和区東仲町１１－４　エレガンツァ浦和１０２,35.859581934177,139.657835876724,048-606-3520,あ　は　き,株式会社Ｇｏｏｔｒｉｇｇｅｒ,2026-03-01 00:00:00
879,ＳＡＢＯ－ＴＥＮ接骨院　浦和駅東口院,さいたま市浦和区東仲町１１－４　エレガンツァ浦和１０２,35.859581934177,139.657835876724,048-606-3520,柔,株式会社Ｇｏｏｔｒｉｇｇｅｒ,2026-03-01 00:00:00
880,大川マッサージ室,さいたま市浦和区東仲町１１－５,35.85969019,139.65740011,"",あ,大川英彦,1997-06-26 00:00:00
881,育歩治療院,さいたま市浦和区東仲町１２－６,35.8600251098309,139.658208788478,048-749-1390,あ　は　き,伊藤育歩,2010-06-23 00:00:00
882,健徳院鍼灸,さいたま市浦和区東仲町１４－１８　エストセントレ１０６,35.86064008,139.6575945,048-884-4255,あ　は　き,野口實,2015-09-25 00:00:00
883,鍼灸一陽,さいたま市浦和区東仲町１５－８　グリーンスクエア６０１,35.861057626948,139.658027374966,048-762-9061,は　き,Ｙｕｌｅ合同会社,2024-11-07 00:00:00
884,ひらい浦和はりきゅう院,さいたま市浦和区東仲町１７－１　ソレイユ浦和Ⅱ１階,35.86099835,139.6571112,048-711-9648,あ　は　き,株式会社ＨＳコーポレーション,2022-05-10 00:00:00
885,ひらい接骨院,さいたま市浦和区東仲町１７－１　ソレイユ浦和Ⅱ１階,35.8609967168428,139.657043178254,048-711-9648,柔,株式会社ＨＳコーポレーション,2022-05-10 00:00:00
886,ハリのち晴れ鍼灸治療院　浦和院,さいたま市浦和区東仲町１７－３,35.8613066936442,139.657211006514,03-4455-3173,はき,株式会社ハリハレ,2026-01-04 00:00:00
887,中村接骨院,さいたま市浦和区東仲町１９－１８　２０２,35.86192883,139.65849436,080-2023-7422,柔,中村壮志,2019-02-05 00:00:00
888,東仲町整骨院はり灸院,さいたま市浦和区東仲町２５－２８　ＴＭビル１F,35.85945138,139.65886386,048-887-6676,は　き,Frog　Company株式会社,2007-04-04 00:00:00
889,東仲町整骨院はり灸院,さいたま市浦和区東仲町２５－２８　ＴＭビル１F,35.85945138,139.65886386,048-887-6676,柔,Frog　Company株式会社,2009-06-30 00:00:00
890,BODICAL　URAWA鍼灸院,さいたま市浦和区東仲町２５－５－１－５階,35.85991242,139.65865553,048-755-9355,あ　は　き,松田拓彌,2019-01-15 00:00:00
891,BODICAL　URAWA整骨院,さいたま市浦和区東仲町２５－５－１－５階,35.85991242,139.65865553,048-755-9355,柔,松田拓彌,2019-01-15 00:00:00
892,アトラス治療院　うらわ養生室,さいたま市浦和区東仲町２５－７　野口ビル１Ｆ,35.86014018,139.65869163,048-885-2292,は　き,岩崎立広,2003-03-03 00:00:00
893,こころとからだの鍼灸サロンｃｏｐｉｔｔｏ,さいたま市浦和区東仲町３０－７　ＯＦマンション３０３,35.8607008584934,139.660544749387,080-3259-0884,は　き,林奈央,2024-05-20 00:00:00
894,たまはりきゅう院,さいたま市浦和区東仲町８－１７,35.86145107,139.65705563,048-883-6538,は　き,田巻和弘,2009-08-17 00:00:00
895,ワンダー整骨院,さいたま市浦和区東仲町８－２　大堀ビル２０１,35.86057895,139.65657237,048-885-4877,柔,五味佳悟,2018-07-21 00:00:00
896,ワンダー鍼灸院,さいたま市浦和区東仲町８－２　大堀ビル２０１,35.86057895,139.65657237,048-885-4877,あ　は　き,五味佳悟,2018-07-21 00:00:00
897,Chousei-in,さいたま市浦和区東仲町８－２１－２０２号,35.86101779,139.65684177,048-884-4069,あ,伊藤裕美,2004-09-03 00:00:00
898,ＰＲＩＥＳ浦和鍼灸院,さいたま市浦和区東高砂町１１－１　浦和パルコ６Ｆ　ＰＲＩＥＳ浦和店,35.85860982,139.65907776,048-813-7374,は　き,株式会社カスケード東京,2016-08-25 00:00:00
899,鍼灸整骨院Ｓｕｓｅｒｉ,さいたま市浦和区東高砂町１４－４　サンライズハスミ４Ｆ,35.85793491,139.65946942,048-708-5501,は　き,株式会社日本メディカルチェンジ,2012-07-31 00:00:00
900,鍼灸整骨院Ｓｕｓｅｒｉ,さいたま市浦和区東高砂町１４－４　サンライズハスミ４Ｆ,35.85793491,139.65946942,048-708-5501,柔,株式会社日本メディカルチェンジ,2012-07-31 00:00:00
901,指圧マッサージあんど治療院,さいたま市浦和区東高砂町１５－８,35.8576575527172,139.66047549574,0,あ,安原秀夫,2017-07-01 00:00:00
902,鍼灸マッサージここち,さいたま市浦和区東高砂町２－３　プリムローズビル５階,35.8581793,139.65813065,048-788-5876,あ　は　き,（株）ｃｏｃｏｃｈｉ,2006-07-20 00:00:00
903,浦和マザー鍼灸院,さいたま市浦和区東高砂町２０－２０　Ｔ－ＢＲＩＣＫＢ１Ｆ００２,35.85876816,139.6602721,048-811-2331,は　き,株式会社ハートフルスマイル,2020-08-23 00:00:00
904,はり灸真治療院,さいたま市浦和区東高砂町２１－１４　ファミールケントム１０２,35.8595736,139.65994432,048-887-0686,あ　は　き,石塚真紀,2002-03-16 00:00:00
905,ａｏ　ｃｏｎｄｉｔｉｏｎｉｎｇ　ｒｏｏｍ,さいたま市浦和区東高砂町２７－６　２階,35.8589330926816,139.663072244764,048-919-2024,あ　は　き,青田佑介,2024-02-20 00:00:00
906,ちえこ治療院,さいたま市浦和区東高砂町２９－１１,35.86004579,139.66184691,048-881-4189,は　き,窪川千恵子,1992-07-02 00:00:00
907,ニュートン整骨院,さいたま市浦和区東高砂町３－２　ＨＩＧＨ ＦＩＥＬＤ ＢＬＤ.３－Ｃ,35.85742662,139.65856396,048-829-9421,柔,合同会社隆生,2019-09-20 00:00:00
908,浦和専門学校はりきゅう施術所,さいたま市浦和区東高砂町３０－８,35.86032076,139.6620691,048-881-7111,は　き,準学校法人古藤学園,2022-10-05 00:00:00
909,ななつほし鍼灸院,さいたま市浦和区東高砂町４－１４－１０１,35.85631568,139.6593056,048-762-6246,は　き,佐伯亨介,2018-09-01 00:00:00
910,ななつほし整骨院,さいたま市浦和区東高砂町４－１４－１０１,35.85631568,139.6593056,048-762-6246,柔,佐伯亨介,2018-09-01 00:00:00
911,アトム接骨院,さいたま市浦和区東高砂町５－２,35.8562263551487,139.660094887086,048-881-0313,柔,株式会社ATBメディカルグループ,2011-06-06 00:00:00
912,ＬＩＭＩＴＥＤ浦和鍼灸院,さいたま市浦和区東高砂町５－８　浦和Ａビル１階,35.8558518445644,139.659892299967,080-1216-7723,は　き,株式会社ゼノフィット,2026-05-10 00:00:00
913,あい治療院,さいたま市浦和区東高砂町９－２０,35.8574683,139.65886949,048-881-0771,あ　は　き,岩崎弘一,2014-02-01 00:00:00
914,和漢鍼灸マッサージ院,さいたま市浦和区東高砂町９－２０,35.8574683,139.65886949,048-886-0168,あ　は　き,顧建国,2010-08-07 00:00:00
915,藏楽接骨院,さいたま市浦和区瀬ケ崎２―１４－３,35.87839351,139.66084641,048-762-8867,柔,藏渕昌貴,2019-02-01 00:00:00
916,自然道鍼灸整骨院,さいたま市浦和区瀬ヶ崎２－１４－５,35.87840185,139.66093806,048-882-3344,は　き,宮本高年,2004-06-08 00:00:00
917,自然道鍼灸整骨院,さいたま市浦和区瀬ヶ崎２－１４－５,35.87840185,139.66093806,048-882-3344,柔,宮本高年,2004-06-08 00:00:00
918,野口接骨院,さいたま市浦和区神明２－１７－１０,35.8490024445043,139.65887914748,048-822-8394,柔,野口忠雄,1963-11-01 00:00:00
919,神明接骨院,さいたま市浦和区神明２－８－１５,35.8476073729702,139.660087036981,048-838-1665,あ　は　き,國谷晃経,1996-08-12 00:00:00
920,神明接骨院,さいたま市浦和区神明２－８－１５,35.84754168,139.66021422,048-838-1665,柔,國谷晃経,1996-08-12 00:00:00
921,栁澤鍼灸治療院,さいたま市浦和区神明２－９－１６－１０１,35.84796386,139.66085303,048-864-7010,あ　は　き,栁澤保久,2002-06-11 00:00:00
922,さいたま柔整附属接骨院,さいたま市浦和区針ヶ谷２－６－１６,35.88095114,139.64264244,048-831-0260,柔,学校法人近藤学園,2005-06-17 00:00:00
923,藤巻マッサージ,さいたま市浦和区針ヶ谷４－１－１（１－３１９),35.8777405800544,139.64077379798,048-833-9375,あ,藤巻とし子,2003-04-15 00:00:00
924,大地針療院,さいたま市浦和区針ヶ谷４－１－２３　６－１０１,35.8768077449779,139.638088204195,048-825-7839,あ　は　き,塩田雅幸,2007-07-03 00:00:00
925,指圧治療院　陽,さいたま市浦和区針ヶ谷４－５－３,35.8820078717589,139.638217884426,080-7447-9229,あ,長岡陽,2023-05-24 00:00:00
926,指圧浦和長生館,さいたま市浦和区領家２－３－７　松留マンション２０１,35.87636857,139.65265001,000-0000-0000,あ,石垣晴夫,1981-04-30 00:00:00
927,まごころ治療院,さいたま市浦和区領家５－１２－１８　ブナサワビル２階２０１号室,35.87993484,139.65408034,048-813-2180,あ　は　き,ＡＬＳＯＫケアプラス株式会社,2011-06-01 00:00:00
928,ちいさな治療室ＫＯＨＡＫＵ,さいたま市浦和区領家５－４－５,35.8789038840595,139.65123654443,048-886-9595,あ　は　き,横川孝一,2008-06-16 00:00:00
929,晴-HARU-鍼灸治療院,さいたま市浦和区領家７－１０－７,35.88378983,139.64971954,000-0000-0000,は　き,長谷川萌,2014-07-29 00:00:00
930,牧野接骨院,さいたま市浦和区駒場２－５－５,35.87216929,139.66175761,048-882-3513,柔,牧野竹留,2002-08-15 00:00:00
931,くまのみ整骨院　浦和コルソ院,さいたま市浦和区高砂１－１２－１　浦和コルソ２Ｆ,35.85819,139.656369,048-711-5066,柔,株式会社くまのみ,2022-06-09 00:00:00
932,はりきゅうマッサージ　グローバル治療院　浦和コルソ,さいたま市浦和区高砂１－１２－１　浦和コルソ４Ｆ,35.85859028,139.65574474,048-814-0112,あ　は　き,株式会社グローバルスポーツ医学研究所,2021-10-27 00:00:00
933,小泉漢方堂鍼灸療院,さいたま市浦和区高砂１－２－１－１１２,35.8568612025199,139.657129599232,048-825-4189,は　き,ＴＯＭコーポレーション株式会社,2015-06-01 00:00:00
934,くまのみ鍼灸院　浦和コルソ院,さいたま市浦和区高砂１－２１－１　浦和コルソ２Ｆ,35.8585935721096,139.655869262052,048-711-5066,は　き,株式会社くまのみ,2022-06-09 00:00:00
935,幹鍼灸院,さいたま市浦和区高砂２－１０－１　グローバル高砂６０３,35.85792361,139.65295336,080-6651-4843,あ　は　き,配嶋幹雄,2015-09-11 00:00:00
936,鍼灸マッサージ院　いやす,さいたま市浦和区高砂２－１２－２０－３０４,35.8593118974847,139.654777788712,090-4540-0640,あはき,中條陽春子,2023-07-16 00:00:00
937,精善レディース鍼灸接骨院,さいたま市浦和区高砂２－１４－１３,35.8591364578415,139.653188363643,048-886-5661,は　き,金英順,2011-08-24 00:00:00
938,精善レディース鍼灸接骨院,さいたま市浦和区高砂２－１４－１３,35.8591375849563,139.653197364378,048-822-9083,柔,金英順,2011-08-24 00:00:00
939,niwatoco鍼灸院浦和駅西口院,さいたま市浦和区高砂２－１４－１４,35.8592234660345,139.653290361431,048-606-4654,は　き,株式会社Ｇｏｏｔｒｉｇｇｅｒ,2026-02-01 00:00:00
940,ＳＡＢＯ－ＴＥＮはりきゅう院　浦和院,さいたま市浦和区高砂２－２－１　ほしみつビル３階,35.8572491488536,139.654004876078,048-767-4471,は　き,株式会社Ｇｏｏｔｒｉｇｇｅｒ,2023-10-02 00:00:00
941,ＳＡＢＯ－ＴＥＮ接骨院　浦和院,さいたま市浦和区高砂２－２－１　ほしみつビル３階,35.8572491488536,139.654004876078,048-767-4471,柔,株式会社Ｇｏｏｔｒｉｇｇｅｒ,2023-10-02 00:00:00
942,県庁通り接骨院,さいたま市浦和区高砂２－２－２０　かぶらぎビル１Ｆ,35.85717373,139.65364777,090-4922-4503,柔,石倉一平,2013-04-08 00:00:00
943,劉鍼灸治療院,さいたま市浦和区高砂２－３－４　パークヒルズ高砂１０３,35.8566821,139.65325616,048-824-8870,は　き,劉軒,2007-05-18 00:00:00
944,ハレノヒ鍼灸施術所,さいたま市浦和区高砂２－４－８　レインボービル高砂４Ｆ　エスティ内,35.8576938261224,139.65305839103,048-831-7203,は　き,島村京子,2024-05-27 00:00:00
945,鈴木鍼灸院,さいたま市浦和区高砂２－６－１５,35.85803754,139.65455877,048-822-1262,あ　は　き,鈴木稔,1977-12-09 00:00:00
946,浦和メディケア鍼灸院,さいたま市浦和区高砂２－６－１６　浦和タケイビル,35.8581153438776,139.654785783243,048-714-5430,は　き,株式会社リライズ,2024-05-01 00:00:00
947,浦和メディケア接骨院,さいたま市浦和区高砂２－６－１６　浦和タケイビル,35.8581153438776,139.654785783243,048-714-5430,柔,株式会社リライズ,2024-05-01 00:00:00
948,浦和接骨院,さいたま市浦和区高砂２－６－１８－４Ｆ,35.85810977,139.65521425,048-832-3893,柔,株式会社アーテリー,2014-04-01 00:00:00
949,埼玉県庁職員会館内マッサージ室,さいたま市浦和区高砂３－１４－２１,35.85829563,139.64763995,048-824-2111,あ,埼玉県職員互助会,1997-05-01 00:00:00
950,武蔵浦和整骨院,さいたま市南区内谷３－９－９,35.83338167,139.64034714,048-864-0737,柔,中村文彦,2006-10-10 00:00:00
951,内谷名倉堂接骨院,さいたま市南区内谷６－７－１,35.83645374,139.6495212,048-864-4348,柔,中村洋介,2015-04-01 00:00:00
952,早坂整骨院,さいたま市南区円正寺５０７－５,35.85051383,139.6936918,048-881-2451,あ　は　き,早坂和也,2005-04-01 00:00:00
953,早坂整骨院,さいたま市南区円正寺５０７－５,35.85051383,139.6936918,048-881-2451,柔,早坂和也,2004-12-01 00:00:00
954,菊地整骨院,さいたま市南区別所２－１０－１７,35.85033267,139.64737641,048-864-7618,柔,菊地毅司,1980-04-07 00:00:00
955,アキュマリコ,さいたま市南区別所２－２－１５,35.85089929,139.64789578,048-862-3195,は　き,油谷眞理子,2010-10-20 00:00:00
956,いむき整骨院,さいたま市南区別所２－７－２　ＰＩＡＡＨＯＵＳＥ１０１号室,35.8483452109023,139.649097507924,048-767-4363,柔,井向優二,2025-06-26 00:00:00
957,いむき鍼灸院,さいたま市南区別所２－７－２　ＰＩＡＡＨＯＵＳＥ１０１号室,35.8483452109023,139.649097507924,048-767-4363,は　き,井向優二,2025-06-26 00:00:00
958,西垣鍼灸マッサージ療院,さいたま市南区別所３－１２－１６,35.85476268,139.64643188,048-866-3673,あ　は　き,西垣輝光,2022-12-06 00:00:00
959,Ｙｅｊｉ浦和はり・きゅう・マッサージ,さいたま市南区別所３－１６－１１　泰合ビル４０１,35.8549794754587,139.645602958917,000-0000-0000,あ　は　き,萱間洋平,2024-10-14 00:00:00
960,Ｂｌｏｓｓｏｍはりきゅう治療院,さいたま市南区別所３－４－１　結晶ビル２０４,35.8541643310622,139.64749904007,090-3339-6552,はき,後藤智大,2023-06-02 00:00:00
961,オオサワ指圧治療院,さいたま市南区別所５－１－１９,35.85457641,139.63984916,048-862-5855,あ,大澤真吾,2003-07-04 00:00:00
962,ＬａＬａ鍼灸サロン,さいたま市南区別所５－１３－１２,35.8520600192928,139.64190043957,000-0000-0000,は　き,髙中沙樹,2024-04-30 00:00:00
963,鍼灸院ＯＡＳＩＳ,さいたま市南区別所５－１７－４－２,35.85066306,139.64256018,048-710-4881,は　き,山村大地,2016-08-20 00:00:00
964,別所あじさい整骨院,さいたま市南区別所６－１３－１３　アイーダ・ビル１階,35.84872165,139.64390735,048-762-6577,柔,赤松英樹,2018-07-06 00:00:00
965,アール・キューブド武蔵浦和西口整骨院,さいたま市南区別所６－１９－１３　アドバンシティ１０６号,35.84683296,139.64309083,048-866-8642,柔,西脇肇,2019-12-31 00:00:00
966,おがつ鍼灸院,さいたま市南区別所７－１０－１２　グランドール武蔵浦和１０１,35.84681361,139.64615167,048-839-0909,あ　は　き,小勝裕之,2003-07-10 00:00:00
967,おがつ接骨院,さいたま市南区別所７－１０－１２　グランドール武蔵浦和１０１,35.84681361,139.64615167,048-839-0909,柔,小勝裕之,2003-07-10 00:00:00
968,関口接骨院,さいたま市南区別所７－１８－１,35.84631636,139.6429381,048-839-6868,は　き,関口英明,2004-05-15 00:00:00
969,関口接骨院,さいたま市南区別所７－１８－１,35.84631636,139.6429381,048-839-6868,柔,関口英明,1991-07-17 00:00:00
970,南浦和駅前の接骨院,さいたま市南区南本町１－２－１４　第一小池ビル１階,35.84657803,139.66924403,048-799-2603,柔,株式会社爽健グローバル,2022-02-01 00:00:00
971,南浦和駅前のはり灸院,さいたま市南区南本町１－２－１４　第一小池ビル１階,35.84657803,139.66924403,048-799-2603,は　き,株式会社爽健グローバル,2022-02-01 00:00:00
972,あいぜん鍼灸治療院,さいたま市南区南本町１－３－４,35.8459309,139.67029119,048-799-3164,は　き,立花隆志,2020-01-06 00:00:00
973,森下治療院,さいたま市南区南本町１－４－８,35.84537261,139.66961349,048-838-5128,あ,森下美恵子,2005-09-25 00:00:00
974,彩の街整骨院,さいたま市南区南本町１－５－８－１０１号,35.84599198,139.6691635,048-764-8318,柔,冨田健太郎,2010-04-30 00:00:00
975,げんき堂整骨院　南浦和,さいたま市南区南本町１－７－４　まるひろ南浦和店２Ｆ,35.8463808,139.66743587,048-865-1141,柔,株式会社ＧＥＮＫＩＤＯ,2011-04-27 00:00:00
976,げんき堂鍼灸院　南浦和,さいたま市南区南本町１－７－４　まるひろ南浦和店２Ｆ,35.8463808,139.66743587,048-865-1141,は　き,株式会社ＧＥＮＫＩＤＯ,2011-08-08 00:00:00
977,指圧治療院くろおか,さいたま市南区南本町２－１４－１８　第１６ユーセードムス６０５,35.84863332,139.66759131,048-825-0066,あ,黒岡敏安,2003-06-16 00:00:00
978,南浦和とんとん整骨院,さいたま市南区南本町２－３－９　第一セイコービル３Ｆ,35.8470928512054,139.667298937585,048-767-3535,柔,株式会社とんとん,2025-08-01 00:00:00
979,信州鍼灸院,さいたま市南区南本町２－５－１５　第２大雄ビル１０２,35.8468795726166,139.666208999852,048-864-5400,は　き,五味美和子,2023-11-01 00:00:00
980,信州整骨院,さいたま市南区南本町２－５－１５　第２大雄ビル１０２,35.8468224496383,139.66621743349,048-864-5400,柔,五味広,2023-11-01 00:00:00
981,ゆいゆい整骨院,さいたま市南区南浦和１－２９－１７,35.85241072,139.67209632,048-829-7226,柔,早石章哲,2016-08-17 00:00:00
982,けい整骨院,さいたま市南区南浦和１－３２－２　ビラソレイユ１Ｆ,35.8510664,139.66898831,048-789-6416,柔,吉田量,2017-07-23 00:00:00
983,まさ・けし治療院,さいたま市南区南浦和１－５－２－１０１,35.85392995,139.66756887,048-767-7280,は　き,芥子雅行,2019-11-25 00:00:00
984,聖和治療院,さいたま市南区南浦和２－１－１４－１０３,35.84971932,139.66753849,048-882-4465,あ　は　き,杉浦通康,1991-11-25 00:00:00
985,ひたぎ整骨院,さいたま市南区南浦和２－２２－１４　Ｓｕｎｂｅｓｔ　Ｖｉｌｌａｇｅ　２０２,35.84914995,139.66873286,048-826-6431,柔,三木拓也,2022-02-24 00:00:00
986,元気堂　南浦和店,さいたま市南区南浦和２－２２－１６,35.8494638,139.66848009,048-883-8108,あ　は　き,株式会社リラックス,2009-09-19 00:00:00
987,ゼロスポ整骨　南浦和院,さいたま市南区南浦和２－２３－８　ラコルタ南浦和Ｓｔａ．１階,35.8488280286752,139.668627275741,048-816-3890,柔,ム－ヴアクション株式会社,2023-02-07 00:00:00
988,ゼロスポ鍼灸　南浦和院,さいたま市南区南浦和２－２３－８　ラコルタ南浦和Ｓｔａ．１階　　,35.8488280286752,139.668627275741,048-816-3890,は　き　あ,ムーヴアクション株式会社,2023-02-07 00:00:00
989,浦和指圧治療院,さいたま市南区南浦和２－２４－５－１０３,35.848553,139.668926,048-887-5723,あ,清宮照雄,1977-03-23 00:00:00
990,マッサージセンター楽,さいたま市南区南浦和２－２８－１３,35.84927218,139.67124931,?,あ,（有）オナイ不動産,1999-06-24 00:00:00
991,溝口接骨院,さいたま市南区南浦和２－２９－１２,35.85052205,139.67238249,048-887-4127,柔,溝口秀雪,1977-07-04 00:00:00
992,溝口接骨院,さいたま市南区南浦和２－２９－１２,35.85052205,139.67238249,048-887-4127,あ　は　き,溝口秀雪,1977-07-04 00:00:00
993,育成指圧治療室,さいたま市南区南浦和２－３０－２－５０１,35.8500611158165,139.672101810081,048-885-7283,あ,関矢悟,1993-02-09 00:00:00
994,デイジー鍼灸院,さいたま市南区南浦和２－３１－１５　メゾン小泉南浦和第１　１０２,35.8498073620538,139.672536179394,080-7359-7861,は　き,株式会社デイジー,2026-02-14 00:00:00
995,ひまわり鍼灸院,さいたま市南区南浦和２－３２－１０　メゾンボナール１F,35.84950273,139.67266029,048-887-0123,は　き,加藤礼寿,2010-08-12 00:00:00
996,ひまわり接骨院,さいたま市南区南浦和２－３２－１０　メゾンボナール１F,35.84950273,139.67266029,048-887-0123,柔,加藤礼寿,2010-08-12 00:00:00
997,あおば治療院,さいたま市南区南浦和２－３２－８,35.84970549,139.67281581,048-881-5553,あ　は　き,古川幸治,2007-04-21 00:00:00
998,湯浅鍼灸院,さいたま市南区南浦和２－３３－１３　A.M.U.５F,35.84897779,139.67176315,048-708-0924,は　き,湯浅政紀,2017-12-19 00:00:00
999,南浦和トリガーポイント　うちくね鍼灸治療院,さいたま市南区南浦和２－３５－１０　田中彦ビル５０２,35.84875281,139.67126044,048-767-3089,は　き,内久根進一,2017-09-19 00:00:00
1000,はり・きゅう治療院縁,さいたま市南区南浦和２－３５－８　サンライト南浦和３番館１０１,35.8487967852284,139.671399654337,048-816-8016,は　き,長谷川嵐,2025-01-05 00:00:00
1001,南浦和東口整骨院,さいたま市南区南浦和２－４０－１３　パークパレス１０２号室,35.84796123,139.67127713,048-767-3023,柔,株式会社エルフレッチェ,2021-07-07 00:00:00
1002,南浦和東口鍼灸院,さいたま市南区南浦和２－４０－１３　パークパレス１０２号室,35.84796123,139.67127713,048-767-3023,は　き,株式会社エルフレッチェ,2021-07-07 00:00:00
1003,健秀堂,さいたま市南区南浦和２－４１－１５－１００２,35.848492,139.672525,048-885-3695,あ,川島秀樹,1997-10-22 00:00:00
1004,けんせい整骨院,さいたま市南区南浦和２－４１－１９　コイブチハウス１０１,35.84827787,139.6721576,048-881-0584,柔,山岸寛,2009-08-24 00:00:00
1005,サンテ整骨院,さいたま市南区南浦和２－４１－２　イザワ薬局ビル１Ｆ－２,35.84865837,139.67186594,048-767-5258,柔,岡本淳,2022-09-09 00:00:00
1006,和み治療院,さいたま市南区南浦和２－４２－１６　パークサイドハウス１Ｆ,35.84752796,139.67190487,048-753-9233,あ　は　き,株式会社和み,2011-05-01 00:00:00
1007,鍼灸　陽和堂,さいたま市南区南浦和３ー４６－２　マンションパール１０１,35.844691637251,139.67320984738,048-675-2021,は　き,髙橋和文,2023-08-09 00:00:00
1008,太陽治療院,さいたま市南区南浦和３－１４－６,35.8498638,139.67435179,048-881-3036,あ　は　き,清宮博志,2001-11-06 00:00:00
1009,鍼灸けんこう堂,さいたま市南区南浦和３－３５－６　カオリビル１F,35.84577817,139.67358258,048-881-7709,は　き,今井幸司,2006-05-23 00:00:00
1010,えびす整骨院,さいたま市南区南浦和３－３６－１３－１F,35.845833593521,139.673869718872,048-708-0644,柔,株式会社ＭｅａＮ,2020-08-11 00:00:00
1011,えびす鍼灸院,さいたま市南区南浦和３－３６－１３－１F,35.845833593521,139.673869718872,048-708-0644,は　き,株式会社ＭｅａＮ,2020-10-16 00:00:00
1012,健（ＫＥＮ）整骨院,さいたま市南区南浦和３－４４－４,35.8455726708486,139.673856982939,048-762-8044,柔,高見澤健,2013-09-04 00:00:00
1013,南浦和整骨院,さいたま市南区南浦和３－４５－２　１Ｆ,35.84508658,139.67329375,048-881-2613,柔,大竹修司,2005-04-25 00:00:00
1014,南浦和整骨院,さいたま市南区南浦和３－４５－２　１Ｆ,35.84508658,139.67329375,048-881-2613,あ　は　き,大竹修司,2005-04-25 00:00:00
1015,由多加鍼灸治療院,さいたま市南区南浦和３－４９　コンフォ－ル南浦和１－１０６,35.8433296305399,139.67585705812,048-881-3565,は　き,近藤裕,1997-02-24 00:00:00
1016,ひかり訪問鍼灸マッサージ浦和,さいたま市南区南浦和３－８－１５　セイコーマンション１０２,35.8505750421212,139.673727255766,048-829-9554,あ　は　き,メディカルホットライン株式会社,2026-05-01 00:00:00
1017,あすなろ整骨院,さいたま市南区四谷１－２－１,35.84023906,139.63253096,090-7347-6433,柔,杉井倫明,2012-03-21 00:00:00
1018,ほそぶち鍼灸治療院,さいたま市南区四谷３－７－１２　ヒラソルハイツ１０１,35.84149462,139.63948304,048-877-4325,は　き,細淵朋和,2014-03-03 00:00:00
1019,四谷整骨院,さいたま市南区四谷３－８－２２,35.84100021,139.63884423,048-866-1267,柔,諸岡孝三,1980-08-26 00:00:00
1020,鍼灸・楽縁堂,さいたま市南区大字太田窪２８２５－４,35.84915839,139.68673688,048-711-3065,は　き,栗山努,2013-02-21 00:00:00
1021,金井鍼灸院,さいたま市南区大谷口１２１１－５,35.86148188,139.67647059,048-885-3038,あ　は　き,金井伊美子,2025-02-28 00:00:00
1022,金井接骨院,さいたま市南区大谷口１２１１－５,35.86148188,139.67647059,048-885-3038,柔,金井伊美子,2025-02-28 00:00:00
1023,のぐち接骨院,さいたま市南区大谷口２４８６－１,35.85927388,139.68980846,048-607-1155,柔,野口智章,2008-10-10 00:00:00
1024,あさひ接骨院,さいたま市南区大谷場１－１７－５,35.85547422,139.66969084,048-885-2077,柔,髙橋眞澄,2006-04-01 00:00:00
1025,あさひ鍼灸接骨院,さいたま市南区大谷場１－１７－５,35.85547422,139.66969084,048-885-2077,あ　は　き,髙橋眞澄,2006-04-01 00:00:00
1026,那須野指圧針灸院,さいたま市南区大谷場２－１１－２０,35.85288011,139.67268791,048-882-3838,あ　は　き,那須野克則,2020-04-01 00:00:00
1027,悠整骨院,さいたま市南区太田窪１８４８－９,35.85243573,139.67692925,048-887-5566,柔,山田将太,2017-06-24 00:00:00
1028,悠鍼灸院,さいたま市南区太田窪１８４８－９,35.85243573,139.67692925,048-887-5566,は　き,山田将太,2017-06-24 00:00:00
1029,ひので整骨院,さいたま市南区太田窪２－１－４,35.86170676,139.66711582,048-882-7588,柔,梶尾博紀,2011-12-01 00:00:00
1030,さくらマッサージ治療院,さいたま市南区太田窪２８０５,35.85011105,139.68598414,048-886-1909,あ,土屋勲,2002-06-11 00:00:00
1031,おかだ接骨院,さいたま市南区太田窪２９２４－１,35.84829739,139.68825068,048-764-8163,柔,岡田純,2010-08-01 00:00:00
1032,さくら整骨院,さいたま市南区太田窪３５１８－１４－１０２,35.85222473,139.69306679,090-9853-3341,柔,小塚佳穂里,2012-08-01 00:00:00
1033,さくら鍼灸マッサージ院,さいたま市南区太田窪３５１８－１４－１０２,35.85222473,139.69306679,090-9853-3341,あ　は　き,小塚佳穂里,2012-08-01 00:00:00
1034,そう快ケア,さいたま市南区太田窪４－９－２４,35.85910714,139.67200994,048-885-8935,あ　は　き,原祥哲,2007-12-05 00:00:00
1035,鶴乃治療院,さいたま市南区太田窪５－２８－２０,35.85286068,139.67657648,048-887-2651,は　き,小宮山博巳,1973-06-01 00:00:00
1036,村上はり灸院,さいたま市南区広ヶ谷戸１０－１９,35.86336781,139.68407266,048-877-1168,あ　は　き,村上悟,2008-02-12 00:00:00
1037,井上接骨院,さいたま市南区広ヶ谷戸１２５－２,35.8610431,139.68622258,048-881-5227,柔,井上克也,1999-11-06 00:00:00
1038,田代接骨院,さいたま市南区文蔵１－２０－１４,35.84192301,139.67081631,048-838-5371,柔,田代和宏,2002-04-15 00:00:00
1039,ＨＡＲＩ　ＴＯＭＯＫＡ　南浦和鍼灸サロン,さいたま市南区文蔵２－１－４　花村ビル１F,35.8447639722375,139.669605415809,048-816-3732,は　き,阿部智昭,2023-03-21 00:00:00
1040,ケアフル鍼灸治療院,さいたま市南区文蔵２－２１－１－１０１,35.8434882863952,139.66827467116,048-711-6381,は　き,日本シニアサポート株式会社,2023-12-28 00:00:00
1041,指圧マッサージの店ホッとひといき,さいたま市南区文蔵２－２４－２,35.84161746,139.66871096,048-864-2966,あ　は　き,新井孝哉,2006-06-18 00:00:00
1042,ぷらむ整骨院,さいたま市南区文蔵２－４－９,35.84345338,139.66950247,048-865-1282,柔,㈱　プラムメディカルコーポレーション,2007-05-18 00:00:00
1043,西巻接骨院,さいたま市南区文蔵３－２８－１１,35.83707634,139.67255803,048-837-2886,柔,西巻章雄,1988-11-22 00:00:00
1044,海老原整骨院,さいたま市南区文蔵３－３５－４,35.8399177,139.67302176,048-861-2692,柔,海老原寿美代,2008-01-07 00:00:00
1045,海老原鍼灸院,さいたま市南区文蔵３－３５－４,35.8399177,139.67302176,048-861-2692,は　き,海老原薫,2008-01-07 00:00:00
1046,半田接骨院,さいたま市南区文蔵４－２８－１０,35.84020372,139.66851103,048-861-6035,柔,半田賢二,1991-05-01 00:00:00
1047,はり・灸石澤治療院,さいたま市南区文蔵５－８－１,35.83451556,139.67578286,048-863-9119,あ　は　き,石澤徹,1972-08-11 00:00:00
1048,養生堂,さいたま市南区曲本２－１１－１,35.83801994,139.63614738,048-839-2999,あ,江原章浩,2003-03-03 00:00:00
1049,田島整骨院,さいたま市南区曲本２－２－１８－１０１,35.837867,139.633539,048-839-5951,柔,向田弘志,2009-06-30 00:00:00
1050,美好整骨院,さいたま市南区曲本２－８－１５　Ｎ１フラット１０４,35.83742838,139.63808889,048-799-2292,柔,株式会社美好メディカルラボ,2016-05-20 00:00:00
1051,美好鍼灸院,さいたま市南区曲本２－８－１５　Ｎ１フラット１０４,35.83742838,139.63808889,048-799-2292,は　き,株式会社美好メディカルラボ,2016-05-20 00:00:00
1052,はまだ鍼灸院,さいたま市南区曲本３－７－１４　シティパル２０９号室,35.83620076,139.6389944,048-716-1325,は　き,濵田義弘,2017-10-19 00:00:00
1053,治療院あんしん浦和,さいたま市南区松本１－２６－９０８,35.835996,139.623693,048-866-8486,あ　は　き,高橋廣,2008-01-01 00:00:00
1054,佐藤鍼灸院,さいたま市南区松本３－１１－１０,35.83319539,139.62803996,048-861-4017,は　き,佐藤仁子,1987-03-02 00:00:00
1055,健生館　廣澤治療院,さいたま市南区松本４－１６－１　しもだのりこ事務所,35.83088456,139.63104807,048-866-1009,あ,廣澤勝幸,2018-03-26 00:00:00
1056,かるむ整骨院　南浦和店,さいたま市南区根岸２－３－７　ロワール熊谷１０１,35.8408116715849,139.666853652937,048-676-8924,柔,木川学,2021-07-01 00:00:00
1057,シダ整骨院,さいたま市南区根岸３－２９－９,35.841082658364,139.660494941655,048-711-8657,柔,legacy of Dr.dat合同会社,2024-05-01 00:00:00
1058,シダ鍼灸院,さいたま市南区根岸３－２９－９,35.841082658364,139.660494941655,048-711-8657,は　き,legacy of Dr.dat合同会社,2024-05-01 00:00:00
1059,ひびき治療室,さいたま市南区根岸４－７－１２,35.84350876,139.65979221,070-4415-9478,あ　は　き,早川雅恵,2009-06-08 00:00:00
1060,浦和鍼灸院,さいたま市南区根岸５－４－４,35.84415031,139.65740629,048-863-1870,あ　は　き,日坂隆一,2011-12-01 00:00:00
1061,武蔵浦和ふじのき鍼灸院,さいたま市南区沼影１－１－１４　１F,35.84241954,139.64064679,048-866-4120,は　き,藤ノ木康仁,2018-05-06 00:00:00
1062,武蔵浦和ふじのき接骨院,さいたま市南区沼影１－１－１４　１F,35.84241954,139.64064679,048-866-4120,柔,藤ノ木康仁,2017-05-01 00:00:00
1063,三谷本彩生・健体康心治療院,さいたま市南区沼影１－１０－１－１９１８,35.844083,139.646666,048-839-6065,あ　は　き,三谷本和弥,2000-02-14 00:00:00
1064,鍼灸訪問マッサージ　コスモスライブリー,さいたま市南区沼影１－１１－２　スカイ＆ガーデン内　グランコスモ武蔵浦和２階グランドサロン,35.84303072,139.6468073,048-862-3350,あ　は　き,株式会社コスモスイニシア,2016-05-26 00:00:00
1065,はり灸ﾏｯｻｰｼﾞ沼影治療院,さいたま市南区沼影１－２９－４－２０１,35.84246399,139.64157726,048-838-0738,あ　は　き,増田守男,1996-07-07 00:00:00
1066,くまのみ鍼灸院　武蔵浦和駅前院,さいたま市南区沼影１－６－２０　武蔵浦和ビル１F,35.8442679273726,139.645051929997,048-762-7172,は　き,株式会社くまのみ,2023-10-10 00:00:00
1067,くまのみ整骨院　武蔵浦和駅前院,さいたま市南区沼影１－６－２０　武蔵浦和ビル１F,35.8442679273726,139.645051929997,048-762-7172,柔,株式会社くまのみ,2023-10-10 00:00:00
1068,トライ接骨院,さいたま市南区沼影２－１－２４　１階,35.8402685230578,139.642198486709,048-400-3170,柔,磯部直之,2024-07-01 00:00:00
1069,オージー（OG）マッサージ,さいたま市南区白幡１－１２－１２,35.8476369373183,139.656281935626,048-673-8186,あ,小倉弘之,2026-06-01 00:00:00
1070,あげいんきいー,さいたま市南区白幡３－１０－１１　細渕ビル４Ｆ,35.84638879,139.65106234,"",あ　は,寺島正裕,2000-04-04 00:00:00
1071,訪問鍼灸治療院マハナ,さいたま市南区白幡３－１２－４,35.8469567551974,139.652708150181,090-6008-7683,は　き,加藤正博,2024-06-13 00:00:00
1072,ことぶきはりきゅう治療院,さいたま市南区白幡３－２－７　オリオンビル２０２,35.84428908,139.65332888,048-837-6228,は　き,ＫＴＢＩ株式会社,2018-04-04 00:00:00
1073,ことぶき整骨院Ⅱ,さいたま市南区白幡３－２－７　オリオンビル２０２号室,35.84428908,139.65332888,048-837-6228,柔,ＫＴＢＩ株式会社,2016-10-21 00:00:00
1074,鍼灸院ビ・プラス,さいたま市南区白幡３－６－７　シャトレーヌ武蔵浦和３０１,35.8450001078446,139.652464417792,048-711-2258,は　き,株式会社ビ・プラス,2026-04-10 00:00:00
1075,ペテロ鍼灸治療室,さいたま市南区白幡４－１－２４－８０６,35.8408285051397,139.657595021422,048-865-6224,は　き,山本功,1994-10-20 00:00:00
1076,アベイユ鍼灸治療院,さいたま市南区白幡４－１７－６　サンメゾン１０１,35.8414755,139.65361507,048-872-8301,あ　は　き,アベイユ合同会社,2024-12-19 00:00:00
1077,レイス治療院さいたま南,さいたま市南区白幡４－２１－２５－４０５,35.84316139,139.65200682,048-717-5880,あ　は　き,株式会社エムブライト,2023-12-01 00:00:00
1078,武蔵浦和高橋整骨院,さいたま市南区白幡４－２８－１,35.84478343,139.65187622,048-837-9900,柔,高橋博昭,2009-03-24 00:00:00
1079,アベイユ,さいたま市南区白幡４－３－１３,35.84024792,139.65624544,048-872-8301,あ　は　き,アベイユ合同会社,2024-12-19 00:00:00
1080,浜治療室,さいたま市南区神明１－１０－１５　メゾンドコリン１Ｆ,35.84757783,139.66303064,000-0000-0000,あ,浜野ユリコ,1988-10-25 00:00:00
1081,ヘルスケア後藤,さいたま市南区辻２－２３－５,35.83768442,139.66152286,048-863-4575,は　き,後藤貞利,1997-12-09 00:00:00
1082,名倉整骨院,さいたま市南区辻２－９－１５,35.83512919,139.66347279,048-863-9971,柔,相馬勇,1980-11-20 00:00:00
1083,名倉整骨院,さいたま市南区辻２－９－１５,35.83512919,139.66347279,048-863-9971,あ　は　き,相馬勇,1980-11-20 00:00:00
1084,グリーン指圧マッサージ治療院,さいたま市南区辻３－１－２１　ハイラーク浦和８０１号,35.84042851,139.6581647,048-861-0411,あ,松浦篤,2007-11-01 00:00:00
1085,あん摩マッサージ指圧・はり・きゅう処くおら,さいたま市南区辻４－１３－２　町田荘１０１,35.837747517513,139.655443171331,048-767-5532,あ　は　き,髙橋圭介,2023-02-23 00:00:00
1086,フレアス在宅マッサージ埼玉戸田施術所,さいたま市南区辻６－８－７,35.8335678145305,139.655084358671,0120-599-807,あ　は　き,株式会社エフォート,2025-05-01 00:00:00
1087,北戸田健康整骨院,さいたま市南区辻８－１９－１２,35.83085463,139.66108149,048-767-7898,柔,陳逸実,2021-04-13 00:00:00
1088,ともラボ接骨院,さいたま市南区鹿手袋１－３－１０　中浦和ビル１０１,35.85399309,139.63781048,050-5539-3035,柔,大橋智之,2019-11-28 00:00:00
1089,中浦和きずな整骨院,さいたま市南区鹿手袋１－４－１２　大西ビル１Ｆ,35.8546107561112,139.638102408671,048-764-8898,柔,合同会社ウィズトライ,2025-08-27 00:00:00
1090,ハピネス整骨院,さいたま市南区鹿手袋２－１３－１１－２Ｆ,35.85215998,139.63828829,048-826-6077,柔,三橋忠,2012-05-30 00:00:00
1091,猪股接骨院,さいたま市南区鹿手袋２－１６－３０　アンベリール１０７,35.85152959,139.64135192,048-864-5544,柔,猪股正宏,2010-09-23 00:00:00
1092,浦和むさし整骨院,さいたま市南区鹿手袋２－２１－４ー１Ｆ,35.8513286300937,139.63934030067,048-700-7039,柔,福田賢志,2026-02-12 00:00:00
1093,佐藤接骨院,さいたま市南区鹿手袋２－２２－１,35.85171561,139.63865494,048-866-9164,柔,佐藤正義,1998-11-24 00:00:00
1094,佐藤接骨院,さいたま市南区鹿手袋２－２２－１,35.85171561,139.63865494,048-866-9164,は　き,佐藤正義,1998-11-24 00:00:00
1095,あべ治療院,さいたま市南区鹿手袋３－５－１０,35.85129618,139.63769393,080-5423-2356,あ　は　き,阿部嘉則,2019-01-25 00:00:00
1096,ゆらレディース鍼灸院,さいたま市南区鹿手袋４－１３－１６　メゾン鹿手１０２,35.84772172,139.64202978,048-711-6474,は　き,由良果実,2014-03-22 00:00:00
1097,美楽瑠,さいたま市南区鹿手袋７－２０－２２,35.84526633,139.63671094,048-864-5070,あ,野本栄次,2000-10-24 00:00:00
1098,プラナ治療院,さいたま市緑区三室１２６２－６,35.87893256,139.67572279,048-678-3639,あ　は　き,新藤卓也,2025-12-18 00:00:00
1099,三室中央接骨院,さいたま市緑区三室１２９３,35.88024904,139.67418401,048-874-8736,柔,中村知之,1989-10-14 00:00:00
1100,松田指圧治療院,さいたま市緑区三室１９６３－１,35.88430687,139.68045014,048-877-1598,あ,松田員典,2019-06-01 00:00:00
1101,ユッカ　スポーツマッサージ,さいたま市緑区三室２１２０－５,35.8862705,139.68091396,090-8584-5811,あ,大金ユリカ,2019-01-24 00:00:00
1102,柴田鍼灸治療室,さいたま市緑区三室２１９６－３,35.88510952,139.67811977,048-875-3455,あ　は　き,柴田浩平,1994-08-19 00:00:00
1103,すみれ治療院,さいたま市緑区三室２２３－２２　ファミール浦和３０１号,35.88955881,139.66748734,048-872-6372,あ　は　き,荒井宏文,2015-07-01 00:00:00
1104,名倉堂浦和三室接骨院,さいたま市緑区三室２４５９－５７,35.89105316,139.67684208,048-810-5555,柔,尾﨑晃大,2017-07-07 00:00:00
1105,名倉堂浦和三室鍼灸院,さいたま市緑区三室２４５９－５７,35.89105316,139.67684208,048-810-5555,は　き,尾﨑晃大,2017-07-07 00:00:00
1106,大用鍼灸院,さいたま市緑区三室８６０－５,35.8882794509424,139.671419118315,048-762-6908,あ　は　き,大用舞,2023-10-10 00:00:00
1107,智咲接骨院,さいたま市緑区上野田３２３,35.90582987,139.70236685,048-789-7787,柔,阿部智由貴,2022-05-13 00:00:00
1108,みつば鍼灸マッサージ組合,さいたま市緑区中尾１１０３－１９,35.87345547,139.68379455,048-875-5037,あ　は　き,大田春美,2010-06-19 00:00:00
1109,はり灸マッサージみなが和,さいたま市緑区中尾１３７５－１０,35.8749194262303,139.688101404991,050-1793-7953,あ　は　き,スターサミット株式会社,2026-05-01 00:00:00
1110,永田接骨院,さいたま市緑区中尾１４５４－１　池田ビル１０１,35.87218342,139.68481951,048-874-1131,柔,永田実,1987-03-09 00:00:00
1111,永田接骨院,さいたま市緑区中尾１４５４－１　池田ビル１０１,35.87218342,139.68481951,048-874-1131,あ　は　き,永田実,1987-03-09 00:00:00
1112,治療院ゆるり,さいたま市緑区中尾１６００－２,35.87261395,139.68909691,090-8340-9795,は　き,岡本久志,2015-07-27 00:00:00
1113,鍼灸マッサージ野﨑,さいたま市緑区中尾１６１１－１７,35.8736223853931,139.689439887463,000-0000-0000,あ　は　き,野﨑信行,2023-12-19 00:00:00
1114,緑島鍼灸治療院,さいたま市緑区中尾２５２７,35.86751176,139.68481689,048-873-3700,あ　は　き,高柳正彦,1985-08-20 00:00:00
1115,工藤鍼灸院,さいたま市緑区中尾２９２－１　ハイブリッジマンション１０２,35.87277498,139.67767561,090-3564-2801,は　き,工藤冬樹,2021-02-22 00:00:00
1116,ＫＥｉＲＯＷさいたま緑区ステーション,さいたま市緑区中尾３４３－１－２０１,35.8731162603882,139.680402075015,0120-875-113,あ　は　き,株式会社Ｇｒｏｗｉｎｇ　Ｃｏｍｐａｎｙ,2018-03-31 00:00:00
1117,接骨院アピラ,さいたま市緑区中尾４２７－１９,35.8752710876908,139.678203762866,048-711-2733,柔,永瀬裕美,2026-05-08 00:00:00
1118,ささやか鍼灸院,さいたま市緑区中尾５７１－２,35.880235713914,139.676132145776,080-4869-3822,はき,池津さやか,2023-04-25 00:00:00
1119,おおで整骨院,さいたま市緑区中尾９４４－６,35.87480809,139.68285569,048-708-1075,柔,大出祐美,2017-11-29 00:00:00
1120,忠弘会井沼方接骨院,さいたま市緑区井沼方７４０　エレガントイ－スト１０３号室,,,048-874-0590,柔,早乙女唯,1992-03-19 00:00:00
1121,ファイアーレッズトレーナーズルーム鍼灸院,さいたま市緑区代山９－２,35.8996017536159,139.706425967679,048-878-1631,は　き,ＮＰＯ法人ファイアーレッズメディカルスポーツクラブ,2024-01-10 00:00:00
1122,都マッサージ治療所,さいたま市緑区南部領辻３７７３－２,35.89381463,139.71560202,048-878-0194,あ,福田みや子,1976-03-22 00:00:00
1123,マッサージ指圧はり市川,さいたま市緑区原山１－２７－２５,35.8665332067892,139.675046088985,048-885-6418,あ　は　き,市川貴源,1978-05-01 00:00:00
1124,内田接骨院,さいたま市緑区原山１－５－１８,35.86933924,139.67096239,048-882-7066,柔,内田亮一郎,2020-01-04 00:00:00
1125,星鍼灸サロン,さいたま市緑区原山１－６－６,35.87035302,139.6720456,048-882-2081,は　き,星野多嘉子,2019-11-02 00:00:00
1126,はり治療室リバース,さいたま市緑区原山１－６－６,35.87035302,139.6720456,048-885-7377,は　き,星野和雄,1991-01-30 00:00:00
1127,はり灸あんま太和堂,さいたま市緑区原山２－１７－１９,35.87080011,139.66735435,048-881-0806,あ　は　き,賀川雅好,1999-12-06 00:00:00
1128,石森治療院,さいたま市緑区原山２－２９－１９,35.8702275603808,139.671162435733,048-881-8079,あ　は　き,石森節男,2003-08-11 00:00:00
1129,はり・きゅう　よもぎ庵,さいたま市緑区原山２－３３－８　浦和パークハイツ２－３０３,35.8722670986134,139.670133710727,090-9266-4593,あ　は　き,石垣京子,2025-01-06 00:00:00
1130,はりきゅうマッサージ子桜,さいたま市緑区原山２－３８－３４－１,35.8760005310775,139.667098432408,090-3877-8041,あ　は　き,清水かな,2024-06-20 00:00:00
1131,東洋鍼灸　仁和堂,さいたま市緑区原山４－３－２５,35.8705127888322,139.675121863281,048-887-3611,は　き,黒瀧貴久,2013-04-08 00:00:00
1132,花月接骨院,さいたま市緑区原山４－６－３,35.87181676,139.67718124,048-883-1117,柔,群馬文佳,1999-12-26 00:00:00
1133,鍼按摩マッサージおがた治療院,さいたま市緑区原山４－９－２８－１－１０３,35.8704607368474,139.677357375641,048-883-7585,あ は,小方和則,1994-09-27 00:00:00
1134,からだ元気治療院鍼灸マッサージさいたま市緑区店,さいたま市緑区大字中尾１３６０－２８　アゼリア２１号棟,35.8753100166197,139.687295659783,048-947-3400,あ　は　き,株式会社ハイ・パフォーマンス,2025-08-08 00:00:00
1135,はりきゅうマッサージ処　Ｓｈō,さいたま市緑区大字中尾２０２０－５,35.86868943,139.69232455,000-0000-0000,あ　は　き,邦枝恵美,2019-09-23 00:00:00
1136,有賀整骨院,さいたま市緑区大字大門１７６４－６６,35.88578504,139.72173249,048-789-7336,柔,有賀英夫,2015-05-01 00:00:00
1137,はねき接骨院,さいたま市緑区大崎２４６６－１,35.8932910386043,139.709679727107,048-878-7900,柔,髙橋靖征,2020-03-01 00:00:00
1138,見沼ヘルシーランドマッサージ院,さいたま市緑区大崎３２２－１　見沼ヘルシーランド２Ｆ,35.88273523,139.71262779,048-878-7008,あ　は　き,みどり有限責任事業組合,2007-05-01 00:00:00
1139,大門接骨院,さいたま市緑区大門２８６８－３７,35.88537686,139.73007363,048-878-4177,柔,鵜澤正典,1989-08-24 00:00:00
1140,大門接骨院,さいたま市緑区大門２８６８－３７,35.88537686,139.73007363,048-878-4177,あ　は　き,鵜澤正典,2013-11-19 00:00:00
1141,フローラ東洋治療院,さいたま市緑区大門７６－２,35.8729973503115,139.739601753419,048-799-3530,は　き,藤田とも子,2011-07-06 00:00:00
1142,訪問マッサージＫＥｉＲＯＷさいたま市緑区中央ステーション,さいたま市緑区大間木１５７１－５　コンフォート東浦和１０１,35.859683,139.707499,048-873-7780,あ,吉田丈司,2016-08-01 00:00:00
1143,てあて在宅マッサージ,さいたま市緑区大間木１５８６－１　１Ｆ,35.86016556,139.70862631,048-816-3904,あ　は　き,株式会社てあて,2018-02-01 00:00:00
1144,山崎接骨院,さいたま市緑区大間木１６１０－７茂木ビルB号室,35.8605905,139.70657092,048-874-4377,は　き,山崎哲雄,1986-06-19 00:00:00
1145,山崎接骨院,さいたま市緑区大間木１６１０－７茂木ビルB号室,35.8605905,139.70657092,048-874-4377,柔,山崎哲雄,1986-06-19 00:00:00
1146,治療院健,さいたま市緑区大間木３９３－４９　成田荘１０１,35.87597469,139.69567401,048-711-2480,あ　は　き,関和健,2013-10-28 00:00:00
1147,浦和みどり整骨院,さいたま市緑区太田窪１－１５－１　サンパギータ１F,35.8621206,139.66718525,048-767-3939,柔,小山大樹,2010-08-19 00:00:00
1148,健鍼治療院,さいたま市緑区太田窪１－２－３１,35.86303437,139.66602421,048-882-7727,は　き,谷眞澄,1983-05-15 00:00:00
1149,松風鍼灸院,さいたま市緑区太田窪１－２１－３,35.86475084,139.6668324,048-887-5003,は　き,藤原志龍,2017-12-10 00:00:00
1150,ほのぼの鍼灸院,さいたま市緑区太田窪３－１７－２７,35.8606104681359,139.674540945912,048-877-4666,は,尾谷泰功,2023-03-01 00:00:00
1151,ほのぼの整骨院,さいたま市緑区太田窪３－１７－２７,35.8606363221498,139.674514433492,048-877-4666,柔,尾谷泰功,2015-12-25 00:00:00
1152,仲谷接骨院,さいたま市緑区太田窪３－３－４,35.86476759,139.67289297,048-885-8859,柔,仲谷龍太郎,2000-01-03 00:00:00
1153,宮本治療院,さいたま市緑区宮本２－４－７,35.88555127,139.6916852,048-874-0577,あ　は　き,横松和明,2003-10-16 00:00:00
1154,ねこねこ接骨院,さいたま市緑区山崎１－１－１５,35.8861667270458,139.665993825974,090-4125-1644,柔,林功史,2023-07-04 00:00:00
1155,鍼灸マッサージ治療院　すきっぷ,さいたま市緑区東大門２－２２－２　２Ｆ,35.8823046009289,139.74179236525,048-711-9273,あ　は　き,株式会社ラフォンテ,2017-05-22 00:00:00
1156,東川口・浦和美園　たはら整骨院,さいたま市緑区東大門３－１９－１　Baum Room けやき１０１号室,35.8829794891408,139.741866553007,048-826-5250,柔,田原崇芳,2019-04-11 00:00:00
1157,訪問はりきゅうマッサージみずき,さいたま市緑区東浦和２－１１－７　グリーンハイツ５・３０４,35.8620263092607,139.698299385581,090-1767-4040,あ　は　き,合同会社みずき,2023-10-27 00:00:00
1158,濱野鍼灸治療院,さいたま市緑区東浦和２－３６－５,35.85958221,139.69850217,048-876-0808,あ　は　き,濱野詠子,2018-09-25 00:00:00
1159,さくら鍼灸院,さいたま市緑区東浦和２－５１－２６　サミットストア１階,35.8602849,139.69663286,048-874-5855,は　き,株式会社イケコム,2017-02-25 00:00:00
1160,さくら整骨院,さいたま市緑区東浦和２－５１－２６　サミットストア１階,35.8602849,139.69663286,048-874-5855,柔,株式会社イケコム,2017-02-25 00:00:00
1161,けやき接骨院,さいたま市緑区東浦和２－６２－１,35.86206525,139.69782158,048-711-2818,柔,齊藤涼介,2013-11-28 00:00:00
1162,江口接骨院,さいたま市緑区東浦和３－２－７,35.86393448,139.69951581,048-873-6980,あ　は　き,江口秀夫,1985-03-14 00:00:00
1163,江口接骨院,さいたま市緑区東浦和３－２－７,35.86393448,139.69951581,048-873-6980,柔,江口秀夫,1985-03-14 00:00:00
1164,小山鍼灸院,さいたま市緑区東浦和４－１２－１３　Ｉ．ＴＥＲＲＡＣＥ２０８,35.8674876575839,139.701845511979,080-6576-5624,は　き,小山晃,2026-03-10 00:00:00
1165,在宅マッサージひまわり　東浦和,さいたま市緑区東浦和５－１０－１４－３０９,35.8653971711474,139.70506980591,048-857-5401,あ　は　き,株式会社ひまわりケアサービス,2024-06-06 00:00:00
1166,みどり整骨院,さいたま市緑区東浦和５－１２－１２,35.86682586,139.70446528,048-875-7518,柔,榎本忠,2009-04-22 00:00:00
1167,みどり整骨院,さいたま市緑区東浦和５－１２－１２,35.86682586,139.70446528,048-875-7518,は　き,榎本忠,2009-04-22 00:00:00
1168,ながしま整骨院,さいたま市緑区東浦和５－１５－８,35.86785905,139.70270149,048-873-8803,柔,長島公,2014-05-15 00:00:00
1169,東浦和駅前鍼灸院,さいたま市緑区東浦和５－２－１１　グリーンワールド弐番館１Ｆ,35.86314574,139.70636805,048-789-7870,は　き,中村新,2015-09-25 00:00:00
1170,東浦和駅前整骨院,さいたま市緑区東浦和５－２－１１　グリーンワールド弐番館１Ｆ,35.86314574,139.70636805,048-789-7870,柔,中村新,2015-09-25 00:00:00
1171,みなかた鍼灸治療院,さいたま市緑区東浦和６－９－４－１０２,35.87100316,139.70567611,048-676-7134,は　き,皆方英樹,2021-06-26 00:00:00
1172,やわらて鍼灸整骨院,さいたま市緑区東浦和７－３２－１４,35.8739,139.7019291,048-762-7703,柔,石川賀一,2009-10-16 00:00:00
1173,やわらて鍼灸整骨院,さいたま市緑区東浦和７－３２－１４,35.8739,139.7019291,048-762-7703,あ　は　き,石川賀一,2009-10-16 00:00:00
1174,原口接骨院,さいたま市緑区東浦和８－３－８,35.87145025,139.69796009,048-873-7727,柔,原口康成,2001-05-29 00:00:00
1175,東浦和マッサージ治療院,さいたま市緑区東浦和９－１７－１４　東浦和クリニックプラザ２F,35.87174185,139.69294662,048-873-8722,あ　は　き,一般社団法人ライフケアサポート,2021-04-22 00:00:00
1176,さいたま鍼灸治療院,さいたま市緑区松木２－１８－２,35.88259603,139.68694405,048-875-8976,あ　は　き,長谷川賢司,2000-09-13 00:00:00
1177,神田整骨院,さいたま市緑区松木２－２－１６,35.88467076,139.68620241,048-876-0039,柔,神田憲孝,2002-04-15 00:00:00
1178,仁接骨院,さいたま市緑区芝原１－１４－１３－１０３,35.8785912840111,139.687956982164,048-875-3371,柔,谷岡弘光,2007-04-01 00:00:00
1179,フレアス在宅マッサージ埼玉,さいたま市緑区芝原１－２５－１２－１F,35.87816881,139.6869608,048-810-4474,あ　は　き,株式会社フレアス,2010-09-01 00:00:00
1180,松久整骨院,さいたま市緑区道祖土２－１２－２１　エーコーハイツ１階,35.87990186,139.67210084,048-885-3733,柔,細田寛人,2015-08-02 00:00:00
1181,松久はり・きゅう院,さいたま市緑区道祖土２－１２－２１　エーコーハイツ１階,35.87990186,139.67210084,048-885-3733,は　き,細田寛人,2015-08-02 00:00:00
1182,きしざわ接骨院,さいたま市緑区道祖土３－５－２０－１０３,35.87949913,139.67128702,048-711-3448,柔,株式会社ＨＯＰＥ,2024-12-01 00:00:00
1183,A．M．I．アバンス青木鍼灸院東浦和,さいたま市緑区馬場２－１－１６,35.88705656,139.68570798,048-874-3680,あ　は　き,合同会社A．M．I．,2021-04-03 00:00:00
1184,上里接骨院,さいたま市岩槻区上里１－３－１２,35.96452855,139.70570586,"",柔,渋谷誠一,1983-04-11 00:00:00
1185,わだ整骨・鍼灸院,さいたま市岩槻区上野１－１５－１,35.96939397,139.69831435,048-677-1900,あ　は　き,和田輝紀,2010-10-01 00:00:00
1186,わだ整骨・鍼灸院,さいたま市岩槻区上野１－１５－１,35.96939397,139.69831435,048-677-1900,柔,和田輝紀,2010-10-01 00:00:00
1187,おおおか接骨院,さいたま市岩槻区上野２－１０－１１　中辻ビル１階,35.97185755,139.70113063,048-876-9388,柔,大岡智巳,2017-01-10 00:00:00
1188,おおおか鍼灸院,さいたま市岩槻区上野２－１０－１１　中辻ビル１階,35.97185755,139.70113063,048-876-9388,は　き,大岡智巳,2017-01-10 00:00:00
1189,とちの木治療院　岩槻店,さいたま市岩槻区上野２－５－９－２０３号,35.97126609,139.70184179,048-711-3246,あ,平井透,2016-03-15 00:00:00
1190,神谷整骨院,さいたま市岩槻区上野６２－２－１０２,35.96767507,139.70155596,048-876-8900,柔,神谷幸尚,2021-06-15 00:00:00
1191,たすけあい鍼灸マッサージ院,さいたま市岩槻区並木１－２８－１－１３６,35.9451498328062,139.682829932971,090-5201-9226,あ　は　き,岡山直之,2024-10-01 00:00:00
1192,関根もみりょうじ療院,さいたま市岩槻区仲町１－１２－２,35.94728608,139.7003097,"",あ,関根生三,1953-02-05 00:00:00
1193,宮崎療院,さいたま市岩槻区仲町１－１６－１４,35.94688343,139.70332606,"",あ,宮崎満房,1969-02-21 00:00:00
1194,ハラセ施術所,さいたま市岩槻区仲町１－１７－３５,35.94705844,139.70464536,"",あ,原田健次,1975-04-01 00:00:00
1195,鍼灸マッサージサロン　ハリマル,さいたま市岩槻区仲町１－９－１　松本ビル１階１０１,35.9466105581471,139.70083765821,048-606-4407,あ　は　き,古河佳祐,2023-08-30 00:00:00
1196,照医堂はり治療院,さいたま市岩槻区仲町２－１０－１０,35.945617,139.70648687,"",あ　は　き,渡辺幸夫,1977-04-23 00:00:00
1197,いのうえ接骨院,さいたま市岩槻区仲町２－４－１２,35.94442548,139.70643413,048-756-5000,柔,井上洋史,2016-07-01 00:00:00
1198,大竹灸按摩治療院,さいたま市岩槻区仲町２－９－１８,35.94550865,139.70527034,"",あ　き,大竹金作,1953-05-30 00:00:00
1199,クシダ鍼灸マッサージ治療院,さいたま市岩槻区加倉４－１１－１７,35.94243929,139.6943994,048-757-5569,あ　は　き,櫛田優,2004-08-28 00:00:00
1200,那須野指圧鍼灸院,さいたま市岩槻区南平野２－３２－３,35.95749588,139.72011008,048-758-9269,あ　は　き,那須野克則,2016-06-08 00:00:00
1201,やまぶき接骨院,さいたま市岩槻区南平野４－５－１１,35.9535242,139.71743825,048-790-2933,柔,河崎智,2004-04-13 00:00:00
1202,ひなの里治療院,さいたま市岩槻区南辻５３－１,35.962322287786,139.703750756681,048-876-8880,あ　は　き,佐藤大介,2017-06-01 00:00:00
1203,ひなの里接骨院,さいたま市岩槻区南辻５３－１,35.962322287786,139.703750756681,048-758-8882,柔,佐藤馨,2021-02-01 00:00:00
1204,城南整骨院,さいたま市岩槻区城南３－４－４３,35.93974565,139.70955337,048-798-2297,柔,松﨑和浩,2008-10-25 00:00:00
1205,訪問マッサージＫＥｉＲＯＷ岩槻中央ステーション,さいたま市岩槻区城南３－７－１　２階,35.93859853,139.7075814,048-627-5596,あ　は　き,合同会社三方多,2016-05-23 00:00:00
1206,第七指圧健康堂,さいたま市岩槻区大口３３６－１,35.94536286,139.7422328,"",あ,松本加代子,1992-05-26 00:00:00
1207,小島接骨院,さいたま市岩槻区大字上野６２－２－１０２,35.967683,139.701601,048-797-7990,柔,小島渉,2012-07-11 00:00:00
1208,早坂鍼灸治療院,さいたま市岩槻区大字岩槻４３４６－２０１,35.94815508,139.68963857,048-758-7703,は　き,早坂良子,2012-02-01 00:00:00
1209,マッサージ院すきっぷ,さいたま市岩槻区大字釣上新田５８１－６,35.88879039,139.74037577,048-798-0673,あ　は　き,株式会社ラフォンテ,2011-01-01 00:00:00
1210,金子接骨院,さいたま市岩槻区大戸１７７－２,35.93595845,139.73778619,"",は　き,金子行雄,1994-03-17 00:00:00
1211,金子接骨院,さいたま市岩槻区大戸１７７－２,35.93595845,139.73778619,"",柔,金子行雄,1994-03-17 00:00:00
1212,さくらマッサージ治療院,さいたま市岩槻区太田２－１４－２０,35.95424375,139.7102196,048-745-9550,あ　は　き,荒井真奈美,2018-02-01 00:00:00
1213,手塚指圧治療院,さいたま市岩槻区太田２７６－４５６－２５５,35.952395,139.707731,"",あ,手塚笑子,1975-06-20 00:00:00
1214,在宅のぞみ治療院,さいたま市岩槻区小溝８７６－６４,35.98076162,139.72470305,080-3313-4800,あ　は　き,品田賢大,2018-12-11 00:00:00
1215,小溝鍼灸接骨院,さいたま市岩槻区小溝９２１－２４１,35.98392497,139.72530559,048-794-2829,は　き,寺本久嘉,1991-04-01 00:00:00
1216,小溝鍼灸接骨院,さいたま市岩槻区小溝９２１－２４１,35.98392497,139.72530559,048-794-2829,柔,寺本久嘉,1991-04-01 00:00:00
1217,マッサージママダ,さいたま市岩槻区尾ヶ崎９１４－２,35.91048268,139.72640846,048-797-3755,あ,真々田昌吾,2000-07-07 00:00:00
1218,身の和はり灸治療院,さいたま市岩槻区岩槻５２９５－２７,35.962035,139.679861,"",は　き,黒瀬総子,1987-09-08 00:00:00
1219,訪問マッサージ　シロハネ,さいたま市岩槻区岩槻６８２１,35.9650393650157,139.699156062573,070-5461-8608,あ,株式会社Ｃ’ｅｓｔ　Ｌa　Ｖｉｅ,2026-03-22 00:00:00
1220,まんまるガーデン治療室,さいたま市岩槻区徳力６０４－１３,35.9703164,139.71995972,048-793-0560,あ　は　き,有賀広,2004-10-22 00:00:00
1221,よしはら接骨院,さいたま市岩槻区愛宕町３－１５,35.9543017,139.69473222,048-758-8849,柔,吉原信幸,2000-04-10 00:00:00
1222,いけたにマッサージ治療院,さいたま市岩槻区愛宕町７－６,35.95367964,139.69687092,048-757-3662,あ,池谷邦久,2003-06-12 00:00:00
1223,小山整骨院,さいたま市岩槻区愛宕町９－１２,35.95607097,139.69690136,048-756-5578,柔,小山宏美,2003-02-17 00:00:00
1224,鈴木針灸院,さいたま市岩槻区愛宕町９－８,35.9554872252736,139.696875488758,"",は　き,鈴木育雄,1989-09-24 00:00:00
1225,じおんじ整骨院,さいたま市岩槻区慈恩寺６８２－２,35.98263596,139.70764024,048-794-5431,柔,若林政義,2010-06-08 00:00:00
1226,松村ハリきゅう治療院,さいたま市岩槻区掛５９－４,35.97015451,139.68005765,048-757-8201,あ　は　き,松村千鶴子,1985-09-30 00:00:00
1227,たなか治療院,さいたま市岩槻区日の出町３－３７,35.95720127,139.69383494,048-792-0843,あ,田中佐智子,2017-10-26 00:00:00
1228,ともひろ鍼灸院,さいたま市岩槻区日の出４－１５,35.9588983,139.69515694,"",あ　は　き,友弘力,1987-12-04 00:00:00
1229,ほんまる鍼灸接骨院,さいたま市岩槻区本丸２－１３－７,35.95776833,139.70781422,048-757-8625,は　き,松﨑稔浩,1997-10-01 00:00:00
1230,ほんまる鍼灸接骨院,さいたま市岩槻区本丸２－１３－７,35.95776833,139.70781422,048-757-8625,柔,松﨑稔浩,1997-10-01 00:00:00
1231,島田鍼灸院,さいたま市岩槻区本丸２－１７－２３,35.95574346,139.70417849,048-758-4157,あ　は　き,島田恒雄,2000-04-17 00:00:00
1232,島田整骨院,さいたま市岩槻区本丸２－１７－２３,35.95574346,139.70417849,048-758-4157,柔,島田恒雄,1989-03-23 00:00:00
1233,竹内接骨院,さいたま市岩槻区本宿４４４－１９,35.96102,139.68839082,048-758-1345,柔,タケウチ共栄薬品（有）,1998-04-01 00:00:00
1234,竹内接骨院,さいたま市岩槻区本宿４４４－１９,35.96102,139.68839082,048-758-1345,あ　は　き,タケウチ共栄薬品（有）,1998-05-01 00:00:00
1235,サン治療院,さいたま市岩槻区本宿４８６－８,35.96414983,139.67598637,080-4356-7010,あ　は　き,合同会社Wlaf,2019-08-01 00:00:00
1236,訪問鍼灸マッサージいちごいち家岩槻ステーション,さいたま市岩槻区本町１－１７－６　ヴィラ岩槻３０３号室,35.9469351461762,139.694090712143,070-8590-6640,あ　は　き,株式会社三喜堂,2023-09-01 00:00:00
1237,かもち接骨院,さいたま市岩槻区本町１－１８－１７　シャンドエトワール１０１,35.94708871,139.69429923,048-749-5567,柔,賀持裕史,1999-07-05 00:00:00
1238,岩槻つのだ鍼灸整骨院,さいたま市岩槻区本町１－３－９,35.94889401,139.69330204,048-812-8717,あ　は　き,角田康平,2022-08-24 00:00:00
1239,岩槻つのだ鍼灸整骨院,さいたま市岩槻区本町１－３－９,35.94889401,139.69330204,048-812-8717,柔,角田康平,2022-08-24 00:00:00
1240,淡嶋鍼療室,さいたま市岩槻区本町２－１－３８－３F,35.94802197,139.69562961,048-757-7075,あ　は　き,寺嶋憲孝,2012-01-10 00:00:00
1241,保命堂灸治療院,さいたま市岩槻区本町２－２－６,35.946408,139.695063,"",き,吉田潔,1948-03-31 00:00:00
1242,岩槻みんなの整骨院,さいたま市岩槻区本町３－１－１７　駅前長野ビル１Ｆ,35.95125765,139.6946157,048-797-6242,柔,株式会社ＭＳＧ,2016-10-05 00:00:00
1243,岩槻みんなの鍼灸院,さいたま市岩槻区本町３－１－１７　駅前長野ビル１Ｆ,35.95125765,139.6946157,048-797-6242,は　き,株式会社ＭＳＧ,2016-10-05 00:00:00
1244,岩槻サウナ,さいたま市岩槻区本町３－１１,35.94926068,139.69471577,"",あ,賛京建設（株）,1971-10-05 00:00:00
1245,岩槻駅前鍼灸院,さいたま市岩槻区本町３－１１－２　森庄第二ビル１階,35.9494556405617,139.694524401043,048-812-7051,は　き,株式会社エルフレッチェ,2023-05-15 00:00:00
1246,岩槻駅前整骨院,さいたま市岩槻区本町３－１１－２　森庄第二ビル１階,35.9494556405617,139.694524401043,048-812-7051,柔,株式会社エルフレッチェ,2023-05-15 00:00:00
1247,岩槻鍼灸院,さいたま市岩槻区本町３－１１－５,35.94958287,139.69469909,048-757-1869,あ　は　き,小林啓助,1979-07-06 00:00:00
1248,さかもと整骨院,さいたま市岩槻区本町３－１３－１６,35.94926071,139.69565178,048-689-3358,柔,坂元志郎,2014-10-30 00:00:00
1249,はりきゅう指圧五月堂,さいたま市岩槻区本町３－１８－１９,35.95199932,139.69805698,048-757-8335,あ　は　き,岩木晃,1985-06-14 00:00:00
1250,岩槻ぜんりょく接骨院,さいたま市岩槻区本町３－３－２,35.9509090632606,139.694632949049,048-876-8460,柔,株式会社ｚｅｎｒｙｏｋｕ　ｔｅａｍ,2026-01-05 00:00:00
1251,いわつき整骨院,さいたま市岩槻区本町３－３－８　ケイズグランド・パークＡ号室,35.95114935,139.69524619,048-812-7427,柔,古巣司,2022-03-24 00:00:00
1252,小島マッサージ,さいたま市岩槻区本町４－１１－１３,35.947571,139.698955,000-000-0000,あ,小島春雄,1967-07-05 00:00:00
1253,ヘルスサウナジャンボ,さいたま市岩槻区本町４－２－３３,35.94859139,139.69682669,"",あ,（有）いわつき温泉ビル,1973-08-01 00:00:00
1254,鍼灸明導,さいたま市岩槻区本町４－５－９,35.9498573475191,139.699924208404,048-792-0357,あ　は　き,石川典民,2025-10-23 00:00:00
1255,岩槻タマ接骨院,さいたま市岩槻区本町４－９－１,35.94811646,139.69710167,048-812-8778,柔,玉井裕樹,2018-12-13 00:00:00
1256,明和薔薇治療院,さいたま市岩槻区本町５－８－１３　セザール岩槻１０８,35.95447402,139.69895402,048-758-3439,あ　は　き,小川和茂,2003-06-09 00:00:00
1257,ﾏｯｻｰｼﾞ、あんま、灸、鍼　治療所,さいたま市岩槻区本町５－９－９,35.95467124,139.69959285,"",あ　は　き,渋谷経子,1948-03-11 00:00:00
1258,岩槻長生接骨院,さいたま市岩槻区本町６－５－２２　第１松運ハイツ１Ｆ,35.94933862,139.70090124,048-758-4522,柔,有限会社トラスト,1999-11-01 00:00:00
1259,岩槻長生接骨院,さいたま市岩槻区本町６－５－２２　第１松運ハイツ１Ｆ,35.94933862,139.70090124,048-758-4522,あ,有限会社トラスト,1999-11-01 00:00:00
1260,ゆとりの空間～マッサージ治療院,さいたま市岩槻区本町６－５－３０,35.95007462,139.70026795,048-756-4955,あ,岩崎優子,2016-08-01 00:00:00
1261,吉田治療所,さいたま市岩槻区本町６－６－１３,35.9501090481956,139.702723032389,"",あ,吉田昭一,1961-12-01 00:00:00
1262,つみき接骨院,さいたま市岩槻区東岩槻１－１－１４,35.96402033,139.7127219,048-716-2046,柔,ラシェス株式会社,2017-01-06 00:00:00
1263,つみき鍼灸マッサージ院,さいたま市岩槻区東岩槻１－１－１４,35.96402033,139.7127219,048-716-2046,は　き,ラシェス株式会社,2017-01-06 00:00:00
1264,和の治療室,さいたま市岩槻区東岩槻２－１－２１,35.96535363,139.71025828,048-795-0202,あ　は　き,小久保和弘,2015-02-01 00:00:00
1265,こくぼ接骨院,さいたま市岩槻区東岩槻２－１－２１,35.96535363,139.71025828,048-795-0202,柔,小久保和弘,2015-02-01 00:00:00
1266,かつき接骨院,さいたま市岩槻区東岩槻２－２－１６,35.9649787,139.70932228,048-794-5615,柔,香月友夫,2021-06-01 00:00:00
1267,かつき鍼灸院,さいたま市岩槻区東岩槻２－２－１６,35.9649787,139.70932228,048-794-5615,あ　は　き,香月友夫,2021-06-01 00:00:00
1268,加藤整骨院,さいたま市岩槻区東岩槻２－２－２６　山岡ビル1F,35.96511755,139.70871121,048-795-1683,柔,加藤学,2004-07-12 00:00:00
1269,いぬい治療院,さいたま市岩槻区東岩槻２－２－９　ＰＵＲＥビル３０１,35.96511476,139.70855844,070-6963-9171,あ　は　き,有限会社ぴゅあ,2014-02-18 00:00:00
1270,明和薔薇治療院,さいたま市岩槻区東岩槻４－１－１９,35.96300103,139.71197201,048-758-3439,あ　は　き,小川和茂,2002-07-01 00:00:00
1271,訪問鍼灸マッサージＧＥＮＫＩケア岩槻,さいたま市岩槻区東岩槻４－３－１　パールハイツＡ１０２,35.9630427704092,139.713326822961,048-878-8428,あ　は　き,株式会社Ｌｉｎｋ,2025-01-23 00:00:00
1272,東岩槻ＨＡＬＥ整骨院,さいたま市岩槻区東岩槻４－６－１３－１０２,35.9625202765443,139.713427517228,048-689-3690,柔,株式会社ジェリクル,2025-11-08 00:00:00
1273,あんま・マッサージ・指圧阿久津治療所,さいたま市岩槻区東町１－１－７,35.94521403,139.69651018,"",あ,阿久津弘,1985-03-14 00:00:00
1274,つつじ接骨院,さいたま市岩槻区東町２丁目５番５－１号,35.94501138,139.70097915,048-756-5474,柔,榎原進,2020-09-02 00:00:00
1275,フジサウナ,さいたま市岩槻区東町２－３－２６,35.9425757725522,139.699701388445,"",あ,横内政盛,1971-12-20 00:00:00
1276,田口接骨院,さいたま市岩槻区笹久保６９０－１,35.91865493,139.72085272,048-798-4955,は　き,田口敦史,2011-10-01 00:00:00
1277,田口接骨院,さいたま市岩槻区笹久保６９０－１,35.91865493,139.72085272,048-798-4955,柔,田口敦史,2011-10-01 00:00:00
1278,葉多マッサージ療院,さいたま市岩槻区笹久保７８０－２,35.92172103,139.71888893,"",あ,葉多野玄道,1953-06-12 00:00:00
1279,訪問マッサージロワール鍼灸治療院,さいたま市岩槻区美園東１丁目１８番地１１,35.90080829,139.73389492,0120-994-212,あ　は　き,西垣勝利,2021-04-23 00:00:00
1280,鍼灸マッサージサロン掌（てのひら）,さいたま市岩槻区美園東１－５－１　ヴィラロイヤル１０１,35.89660601,139.73413134,090-7285-7427,あ　は　き,善光雅士,2019-10-01 00:00:00
1281,浜町ホーム整骨院,さいたま市岩槻区美園東２－１７－１３　ウニクス浦和美園２階,35.9026193,139.73043666,048-720-8928,柔,茂木雄貴,2017-02-23 00:00:00
1282,ゆざくら治療院,さいたま市岩槻区美園東２－４３－１０,35.90544401,139.73032809,048-677-9596,あ　は　き,眞々田政弘,2018-06-15 00:00:00
1283,井上接骨院,さいたま市岩槻区美幸町１－８,35.9580357131311,139.691724888799,048-794-8433,柔,井上亮,2013-12-25 00:00:00
1284,岩槻ハート接骨院,さいたま市岩槻区西町１－１－２６　ヒューマンスクエア岩槻プレミアムタワー１Ｆ,35.95032988,139.69149661,048-796-8972,柔,原田純,2010-02-12 00:00:00
1285,岩槻ハート鍼灸院,さいたま市岩槻区西町１－１－２６　ヒューマンスクエア岩槻プレミアムタワー１Ｆ,35.95032988,139.69149661,048-796-8972,は　き,原田純,2010-02-12 00:00:00
1286,接骨院やすらぎ,さいたま市岩槻区西町１－６－２,35.9516099801158,139.694556205716,080-4186-1282,柔,伊藤浩司,2025-09-02 00:00:00
1287,ふじえ接骨院,さいたま市岩槻区西町１－７－２２,35.9515076,139.69384077,048-757-4934,柔,藤江達矢,2004-02-02 00:00:00
1288,ふじえ鍼灸院,さいたま市岩槻区西町１－７－２２,35.9515076,139.69384077,048-757-4934,あ　は　き,藤江達矢,2004-02-02 00:00:00
1289,岩槻ミライエ鍼灸院,さいたま市岩槻区西町２－５－１２　ミライエ岩槻２Ｆ,35.9515731484709,139.690820462925,048-748-5508,は　き,株式会社ＭＳＧ,2025-04-08 00:00:00
1290,岩槻ミライエ接骨院,さいたま市岩槻区西町２－５－１２　ミライエ岩槻２Ｆ,35.9515731484709,139.690820462925,048-748-5508,柔,株式会社ＭＳＧ,2025-04-08 00:00:00
1291,幸　宝,さいたま市岩槻区西町５－４－２５　店舗１号,35.956962912083,139.692829310811,"",あ　は　き,二宮秀弘,1991-06-18 00:00:00
1292,かつき鍼灸院,さいたま市岩槻区諏訪２－２－８,35.96724508,139.70854729,048-794-5615,あ　は　き,香月友夫,2016-04-27 00:00:00
1293,エイム接骨院,さいたま市岩槻区諏訪５－２－１１,35.9692834,139.70437521,080-1381-0816,柔,三ツ木祥貴,2019-08-08 00:00:00
1294,Blu hornet鍼灸院,さいたま市岩槻区馬込１３４６,35.9715487,139.66202361,048-795-4238,は　き,竹野谷篤史,2021-03-31 00:00:00
1295,小泉マッサージ,さいたま市岩槻区鹿室１０７９,35.99118409,139.70409807,"",あ,小泉敏江,1984-01-20 00:00:00
1296,南マッサージ院,さいたま市岩槻区鹿室１０７９,35.99118409,139.70409807,"",あ,小泉定男,1977-03-24 00:00:00
1297,高橋治療院,さいたま市岩槻区鹿室５５０－１,36.001185,139.695819,048-794-2485,あ　は　き,高橋義久,2018-06-09 00:00:00
1298,峯岸鍼灸院,さいたま市岩槻区鹿室９０５－１,35.992426,139.698937,"",あ　は　き,峯岸幸助,1980-01-07 00:00:00
