日付,データ取得開始時刻  ,データ取得終了時刻  ,合計水量 （立方メートル）   ,平均水量 （立方メートル）  ,備考
2024/4/1,0:00,1:00,0.5029,0.0179,
2024/4/1,1:00,2:00,0.4428,0.0158,
2024/4/1,2:00,3:00,0.2796,0.0099,
2024/4/1,3:00,4:00,0.0288,0.001,
2024/4/1,4:00,5:00,0.0144,0.0005,
2024/4/1,5:00,6:00,0.0434,0.0015,
2024/4/1,6:00,7:00,0.5636,0.0201,
2024/4/1,7:00,8:00,0.6992,0.0249,
2024/4/1,8:00,9:00,1.0148,0.0362,
2024/4/1,9:00,10:00,0.9751,0.0348,
2024/4/1,10:00,11:00,0.4994,0.0178,
2024/4/1,11:00,12:00,0.5019,0.0179,
2024/4/1,12:00,13:00,0.4486,0.016,
2024/4/1,13:00,14:00,0.2253,0.008,
2024/4/1,14:00,15:00,0.4413,0.0157,
2024/4/1,15:00,16:00,0.1926,0.0068,
2024/4/1,16:00,17:00,0.2646,0.0094,
2024/4/1,17:00,18:00,0.8834,0.0315,
2024/4/1,18:00,19:00,0.9749,0.0348,
2024/4/1,19:00,20:00,1.5067,0.0538,
2024/4/1,20:00,21:00,1.609,0.0574,
2024/4/1,21:00,22:00,1.78,0.0635,
2024/4/1,22:00,23:00,1.3651,0.0487,
2024/4/1,23:00,0:00,0.7648,0.0273,
2024/4/2,0:00,1:00,0.8836,0.0315,
2024/4/2,1:00,2:00,0.3381,0.012,
2024/4/2,2:00,3:00,0.1476,0.0052,
2024/4/2,3:00,4:00,0.191,0.0068,
2024/4/2,4:00,5:00,0.2632,0.0094,
2024/4/2,5:00,6:00,0.1014,0.0036,
2024/4/2,6:00,7:00,0.8817,0.0314,
2024/4/2,7:00,8:00,1.1531,0.0411,
2024/4/2,8:00,9:00,1.2274,0.0438,
2024/4/2,9:00,10:00,1.1517,0.0411,
2024/4/2,10:00,11:00,0.9791,0.0349,
2024/4/2,11:00,12:00,0.5059,0.018,
2024/4/2,12:00,13:00,0.4356,0.0155,
2024/4/2,13:00,14:00,0.3143,0.0112,
2024/4/2,14:00,15:00,0.4369,0.0156,
2024/4/2,15:00,16:00,0.333,0.0118,
2024/4/2,16:00,17:00,0.3773,0.0134,
2024/4/2,17:00,18:00,1.1292,0.0403,
2024/4/2,18:00,19:00,1.6071,0.0573,
2024/4/2,19:00,20:00,1.9184,0.0685,
2024/4/2,20:00,21:00,1.5666,0.0559,
2024/4/2,21:00,22:00,1.9234,0.0686,
2024/4/2,22:00,23:00,0.9562,0.0341,
2024/4/2,23:00,0:00,1.2678,0.0452,
2024/4/3,0:00,1:00,0.6183,0.022,
2024/4/3,1:00,2:00,0.5509,0.0196,
2024/4/3,2:00,3:00,0.146,0.0052,
2024/4/3,3:00,4:00,0.026,0.0009,
2024/4/3,4:00,5:00,0.2029,0.0072,
2024/4/3,5:00,6:00,0.02,0.0007,
2024/4/3,6:00,7:00,0.72,0.0257,
2024/4/3,7:00,8:00,0.9184,0.0328,
2024/4/3,8:00,9:00,1.3555,0.0484,
2024/4/3,9:00,10:00,1.0507,0.0375,
2024/4/3,10:00,11:00,0.7298,0.026,
2024/4/3,11:00,12:00,0.3644,0.013,
2024/4/3,12:00,13:00,0.2188,0.0078,
2024/4/3,13:00,14:00,0.4184,0.0149,
2024/4/3,14:00,15:00,0.4093,0.0146,
2024/4/3,15:00,16:00,0.3632,0.0129,
2024/4/3,16:00,17:00,0.3219,0.0114,
2024/4/3,17:00,18:00,0.872,0.0311,
2024/4/3,18:00,19:00,1.9264,0.0688,
2024/4/3,19:00,20:00,1.3782,0.0492,
2024/4/3,20:00,21:00,1.6228,0.0579,
2024/4/3,21:00,22:00,1.8087,0.0645,
2024/4/3,22:00,23:00,1.1749,0.0419,
2024/4/3,23:00,0:00,0.9068,0.0323,
2024/4/4,0:00,1:00,1.169,0.0417,
2024/4/4,1:00,2:00,0.5678,0.0202,
2024/4/4,2:00,3:00,0.3024,0.0108,
2024/4/4,3:00,4:00,0.1055,0.0037,
2024/4/4,4:00,5:00,0.0346,0.0012,
2024/4/4,5:00,6:00,0.1597,0.0057,
2024/4/4,6:00,7:00,0.7665,0.0273,
2024/4/4,7:00,8:00,1.0639,0.0379,
2024/4/4,8:00,9:00,1.2447,0.0444,
2024/4/4,9:00,10:00,1.3046,0.0465,
2024/4/4,10:00,11:00,0.6847,0.0244,
2024/4/4,11:00,12:00,0.4572,0.0163,
2024/4/4,12:00,13:00,0.4468,0.0159,
2024/4/4,13:00,14:00,0.4108,0.0146,
2024/4/4,14:00,15:00,0.2693,0.0096,
2024/4/4,15:00,16:00,0.2487,0.0088,
2024/4/4,16:00,17:00,0.2959,0.0105,
2024/4/4,17:00,18:00,0.6657,0.0237,
2024/4/4,18:00,19:00,1.7989,0.0642,
2024/4/4,19:00,20:00,1.938,0.0692,
2024/4/4,20:00,21:00,1.5695,0.056,
2024/4/4,21:00,22:00,1.7702,0.0632,
2024/4/4,22:00,23:00,1.3946,0.0498,
2024/4/4,23:00,0:00,0.9517,0.0339,
2024/4/5,0:00,1:00,0.6994,0.0249,
2024/4/5,1:00,2:00,0.6759,0.0241,
2024/4/5,2:00,3:00,0.2473,0.0088,
2024/4/5,3:00,4:00,0.043,0.0015,
2024/4/5,4:00,5:00,0.1812,0.0064,
2024/4/5,5:00,6:00,0.0301,0.001,
2024/4/5,6:00,7:00,0.7655,0.0273,
2024/4/5,7:00,8:00,1.1293,0.0403,
2024/4/5,8:00,9:00,1.3936,0.0497,
2024/4/5,9:00,10:00,0.8158,0.0291,
2024/4/5,10:00,11:00,0.3999,0.0142,
2024/4/5,11:00,12:00,0.3002,0.0107,
2024/4/5,12:00,13:00,0.3893,0.0139,
2024/4/5,13:00,14:00,0.335,0.0119,
2024/4/5,14:00,15:00,0.3658,0.013,
2024/4/5,15:00,16:00,0.269,0.0096,
2024/4/5,16:00,17:00,0.8837,0.0315,
2024/4/5,17:00,18:00,0.573,0.0204,
2024/4/5,18:00,19:00,0.8072,0.0288,
2024/4/5,19:00,20:00,1.9182,0.0685,
2024/4/5,20:00,21:00,1.3994,0.0499,
2024/4/5,21:00,22:00,1.6874,0.0602,
2024/4/5,22:00,23:00,1.0957,0.0391,
2024/4/5,23:00,0:00,1.0029,0.0358,
2024/4/6,0:00,1:00,0.5229,0.0186,
2024/4/6,1:00,2:00,0.6871,0.0245,
2024/4/6,2:00,3:00,0.3473,0.0124,
2024/4/6,3:00,4:00,0.0829,0.0029,
2024/4/6,4:00,5:00,0.102,0.0036,
2024/4/6,5:00,6:00,0.0166,0.0005,
2024/4/6,6:00,7:00,0.2975,0.0106,
2024/4/6,7:00,8:00,0.9035,0.0322,
2024/4/6,8:00,9:00,1.3898,0.0496,
2024/4/6,9:00,10:00,1.1512,0.0411,
2024/4/6,10:00,11:00,0.9948,0.0355,
2024/4/6,11:00,12:00,0.7187,0.0256,
2024/4/6,12:00,13:00,0.8782,0.0313,
2024/4/6,13:00,14:00,0.3492,0.0124,
2024/4/6,14:00,15:00,0.6029,0.0215,
2024/4/6,15:00,16:00,0.6946,0.0248,
2024/4/6,16:00,17:00,0.3654,0.013,
2024/4/6,17:00,18:00,1.1863,0.0423,
2024/4/6,18:00,19:00,2.3409,0.0836,
2024/4/6,19:00,20:00,1.8845,0.0673,
2024/4/6,20:00,21:00,1.384,0.0494,
2024/4/6,21:00,22:00,1.1089,0.0396,
2024/4/6,22:00,23:00,1.5408,0.055,
2024/4/6,23:00,0:00,0.9487,0.0338,
2024/4/7,0:00,1:00,0.5012,0.0179,
2024/4/7,1:00,2:00,0.4635,0.0165,
2024/4/7,2:00,3:00,0.3316,0.0118,
2024/4/7,3:00,4:00,0.0713,0.0025,
2024/4/7,4:00,5:00,0.0376,0.0013,
2024/4/7,5:00,6:00,0.1846,0.0065,
2024/4/7,6:00,7:00,0.3464,0.0123,
2024/4/7,7:00,8:00,0.2242,0.008,
2024/4/7,8:00,9:00,0.922,0.0329,
2024/4/7,9:00,10:00,1.3123,0.0468,
2024/4/7,10:00,11:00,1.5261,0.0545,
2024/4/7,11:00,12:00,1.1259,0.0402,
2024/4/7,12:00,13:00,0.795,0.0283,
2024/4/7,13:00,14:00,0.2772,0.0099,
2024/4/7,14:00,15:00,0.3632,0.0129,
2024/4/7,15:00,16:00,0.3098,0.011,
2024/4/7,16:00,17:00,0.4802,0.0171,
2024/4/7,17:00,18:00,1.1484,0.041,
2024/4/7,18:00,19:00,1.5193,0.0542,
2024/4/7,19:00,20:00,2.1518,0.0768,
2024/4/7,20:00,21:00,2.0841,0.0744,
2024/4/7,21:00,22:00,2.4618,0.0879,
2024/4/7,22:00,23:00,1.2615,0.045,
2024/4/7,23:00,0:00,0.837,0.0298,
2024/4/8,0:00,1:00,0.5726,0.0204,
2024/4/8,1:00,2:00,0.6197,0.0221,
2024/4/8,2:00,3:00,0.2109,0.0075,
2024/4/8,3:00,4:00,0.1166,0.0041,
2024/4/8,4:00,5:00,0.0583,0.002,
2024/4/8,5:00,6:00,0.0604,0.0021,
2024/4/8,6:00,7:00,0.8653,0.0309,
2024/4/8,7:00,8:00,0.9311,0.0332,
2024/4/8,8:00,9:00,0.9528,0.034,
2024/4/8,9:00,10:00,0.8258,0.0294,
2024/4/8,10:00,11:00,0.4052,0.0144,
2024/4/8,11:00,12:00,0.5133,0.0183,
2024/4/8,12:00,13:00,0.2718,0.0097,
2024/4/8,13:00,14:00,0.2888,0.0103,
2024/4/8,14:00,15:00,0.3224,0.0115,
2024/4/8,15:00,16:00,0.4279,0.0152,
2024/4/8,16:00,17:00,0.7322,0.0261,
2024/4/8,17:00,18:00,0.767,0.0273,
2024/4/8,18:00,19:00,1.8493,0.066,
2024/4/8,19:00,20:00,1.7145,0.0612,
2024/4/8,20:00,21:00,1.7487,0.0624,
2024/4/8,21:00,22:00,1.4482,0.0517,
2024/4/8,22:00,23:00,1.1401,0.0407,
2024/4/8,23:00,0:00,1.0233,0.0365,
2024/4/9,0:00,1:00,0.7801,0.0278,
2024/4/9,1:00,2:00,0.4647,0.0165,
2024/4/9,2:00,3:00,0.1808,0.0064,
2024/4/9,3:00,4:00,0.0249,0.0008,
2024/4/9,4:00,5:00,0.056,0.002,
2024/4/9,5:00,6:00,0.2234,0.0079,
2024/4/9,6:00,7:00,0.7509,0.0268,
2024/4/9,7:00,8:00,1.3824,0.0493,
2024/4/9,8:00,9:00,0.9323,0.0332,
2024/4/9,9:00,10:00,0.8292,0.0296,
2024/4/9,10:00,11:00,0.7454,0.0266,
2024/4/9,11:00,12:00,0.3722,0.0132,
2024/4/9,12:00,13:00,0.4163,0.0148,
2024/4/9,13:00,14:00,0.5423,0.0193,
2024/4/9,14:00,15:00,0.3562,0.0127,
2024/4/9,15:00,16:00,0.3886,0.0138,
2024/4/9,16:00,17:00,0.4691,0.0167,
2024/4/9,17:00,18:00,1.1331,0.0404,
2024/4/9,18:00,19:00,1.7797,0.0635,
2024/4/9,19:00,20:00,1.9616,0.07,
2024/4/9,20:00,21:00,1.8199,0.0649,
2024/4/9,21:00,22:00,1.6512,0.0589,
2024/4/9,22:00,23:00,1.6134,0.0576,
2024/4/9,23:00,0:00,0.8911,0.0318,
2024/4/10,0:00,1:00,0.7849,0.028,
2024/4/10,1:00,2:00,0.428,0.0152,
2024/4/10,2:00,3:00,0.3457,0.0123,
2024/4/10,3:00,4:00,0.309,0.011,
2024/4/10,4:00,5:00,0.0722,0.0025,
2024/4/10,5:00,6:00,0.0729,0.0026,
2024/4/10,6:00,7:00,0.7011,0.025,
2024/4/10,7:00,8:00,1.6764,0.0598,
2024/4/10,8:00,9:00,1.2569,0.0448,
2024/4/10,9:00,10:00,1.0122,0.0361,
2024/4/10,10:00,11:00,0.4125,0.0147,
2024/4/10,11:00,12:00,0.5967,0.0213,
2024/4/10,12:00,13:00,0.3588,0.0128,
2024/4/10,13:00,14:00,0.3839,0.0137,
2024/4/10,14:00,15:00,0.4019,0.0143,
2024/4/10,15:00,16:00,0.3593,0.0128,
2024/4/10,16:00,17:00,0.3498,0.0124,
2024/4/10,17:00,18:00,1.0406,0.0371,
2024/4/10,18:00,19:00,1.3734,0.049,
2024/4/10,19:00,20:00,2.2852,0.0816,
2024/4/10,20:00,21:00,1.7712,0.0632,
2024/4/10,21:00,22:00,2.2574,0.0806,
2024/4/10,22:00,23:00,1.2028,0.0429,
2024/4/10,23:00,0:00,0.9928,0.0354,
2024/4/11,0:00,1:00,0.8464,0.0302,
2024/4/11,1:00,2:00,0.3746,0.0133,
2024/4/11,2:00,3:00,0.5241,0.0187,
2024/4/11,3:00,4:00,0.013,0.0004,
2024/4/11,4:00,5:00,0.0065,0.0002,
2024/4/11,5:00,6:00,0.1806,0.0064,
2024/4/11,6:00,7:00,0.6801,0.0242,
2024/4/11,7:00,8:00,1.2536,0.0447,
2024/4/11,8:00,9:00,0.9261,0.033,
2024/4/11,9:00,10:00,0.9256,0.033,
2024/4/11,10:00,11:00,0.4092,0.0146,
2024/4/11,11:00,12:00,0.203,0.0072,
2024/4/11,12:00,13:00,0.2888,0.0103,
2024/4/11,13:00,14:00,0.3414,0.0121,
2024/4/11,14:00,15:00,0.293,0.0104,
2024/4/11,15:00,16:00,0.5285,0.0188,
2024/4/11,16:00,17:00,0.2614,0.0093,
2024/4/11,17:00,18:00,0.8264,0.0295,
2024/4/11,18:00,19:00,1.7153,0.0612,
2024/4/11,19:00,20:00,2.4411,0.0871,
2024/4/11,20:00,21:00,1.9169,0.0684,
2024/4/11,21:00,22:00,2,0.0714,
2024/4/11,22:00,23:00,1.4886,0.0531,
2024/4/11,23:00,0:00,1.0398,0.0371,
2024/4/12,0:00,1:00,0.8417,0.03,
2024/4/12,1:00,2:00,0.4827,0.0172,
2024/4/12,2:00,3:00,0.0261,0.0009,
2024/4/12,3:00,4:00,0.0503,0.0017,
2024/4/12,4:00,5:00,0.2018,0.0072,
2024/4/12,5:00,6:00,0.0551,0.0019,
2024/4/12,6:00,7:00,0.8606,0.0307,
2024/4/12,7:00,8:00,1.4402,0.0514,
2024/4/12,8:00,9:00,1.1101,0.0396,
2024/4/12,9:00,10:00,0.8795,0.0314,
2024/4/12,10:00,11:00,0.531,0.0189,
2024/4/12,11:00,12:00,0.2734,0.0097,
2024/4/12,12:00,13:00,0.1101,0.0039,
2024/4/12,13:00,14:00,0.4131,0.0147,
2024/4/12,14:00,15:00,0.459,0.0163,
2024/4/12,15:00,16:00,0.2159,0.0077,
2024/4/12,16:00,17:00,0.3806,0.0135,
2024/4/12,17:00,18:00,0.8036,0.0287,
2024/4/12,18:00,19:00,0.8831,0.0315,
2024/4/12,19:00,20:00,2.1053,0.0751,
2024/4/12,20:00,21:00,1.1998,0.0428,
2024/4/12,21:00,22:00,1.5798,0.0564,
2024/4/12,22:00,23:00,1.6569,0.0591,
2024/4/12,23:00,0:00,1.0257,0.0366,
2024/4/13,0:00,1:00,0.7112,0.0254,
2024/4/13,1:00,2:00,0.5414,0.0193,
2024/4/13,2:00,3:00,0.2881,0.0102,
2024/4/13,3:00,4:00,0.1344,0.0048,
2024/4/13,4:00,5:00,0.056,0.002,
2024/4/13,5:00,6:00,0.0382,0.0013,
2024/4/13,6:00,7:00,0.3007,0.0107,
2024/4/13,7:00,8:00,0.5943,0.0212,
2024/4/13,8:00,9:00,1.1362,0.0405,
2024/4/13,9:00,10:00,1.5139,0.054,
2024/4/13,10:00,11:00,1.4689,0.0524,
2024/4/13,11:00,12:00,0.7849,0.028,
2024/4/13,12:00,13:00,0.6073,0.0216,
2024/4/13,13:00,14:00,0.6466,0.023,
2024/4/13,14:00,15:00,0.2524,0.009,
2024/4/13,15:00,16:00,0.5842,0.0208,
2024/4/13,16:00,17:00,0.9344,0.0333,
2024/4/13,17:00,18:00,0.7364,0.0263,
2024/4/13,18:00,19:00,1.3167,0.047,
2024/4/13,19:00,20:00,1.6877,0.0602,
2024/4/13,20:00,21:00,1.5007,0.0535,
2024/4/13,21:00,22:00,2.3008,0.0821,
2024/4/13,22:00,23:00,1.3612,0.0486,
2024/4/13,23:00,0:00,0.8908,0.0318,
2024/4/14,0:00,1:00,0.885,0.0316,
2024/4/14,1:00,2:00,0.4204,0.015,
2024/4/14,2:00,3:00,0.1664,0.0059,
2024/4/14,3:00,4:00,0.0287,0.001,
2024/4/14,4:00,5:00,0.1451,0.0051,
2024/4/14,5:00,6:00,0.1402,0.005,
2024/4/14,6:00,7:00,0.2272,0.0081,
2024/4/14,7:00,8:00,0.5554,0.0198,
2024/4/14,8:00,9:00,1.0825,0.0386,
2024/4/14,9:00,10:00,2.3082,0.0824,
2024/4/14,10:00,11:00,1.7298,0.0617,
2024/4/14,11:00,12:00,0.9912,0.0354,
2024/4/14,12:00,13:00,1.0281,0.0367,
2024/4/14,13:00,14:00,0.335,0.0119,
2024/4/14,14:00,15:00,0.3529,0.0126,
2024/4/14,15:00,16:00,0.6461,0.023,
2024/4/14,16:00,17:00,0.9333,0.0333,
2024/4/14,17:00,18:00,1.9552,0.0698,
2024/4/14,18:00,19:00,1.3281,0.0474,
2024/4/14,19:00,20:00,1.6918,0.0604,
2024/4/14,20:00,21:00,2.0017,0.0714,
2024/4/14,21:00,22:00,1.9763,0.0705,
2024/4/14,22:00,23:00,1.2466,0.0445,
2024/4/14,23:00,0:00,0.633,0.0226,
2024/4/15,0:00,1:00,0.7476,0.0267,
2024/4/15,1:00,2:00,0.4634,0.0165,
2024/4/15,2:00,3:00,0.2926,0.0104,
2024/4/15,3:00,4:00,0.0677,0.0024,
2024/4/15,4:00,5:00,0.0367,0.0013,
2024/4/15,5:00,6:00,0.2226,0.0079,
2024/4/15,6:00,7:00,0.926,0.033,
2024/4/15,7:00,8:00,1.4103,0.0503,
2024/4/15,8:00,9:00,1.1063,0.0395,
2024/4/15,9:00,10:00,0.6471,0.0231,
2024/4/15,10:00,11:00,0.2977,0.0106,
2024/4/15,11:00,12:00,0.2879,0.0102,
2024/4/15,12:00,13:00,0.2599,0.0092,
2024/4/15,13:00,14:00,0.1813,0.0064,
2024/4/15,14:00,15:00,0.248,0.0088,
2024/4/15,15:00,16:00,0.1563,0.0055,
2024/4/15,16:00,17:00,0.476,0.017,
2024/4/15,17:00,18:00,0.6642,0.0237,
2024/4/15,18:00,19:00,1.4499,0.0517,
2024/4/15,19:00,20:00,2.5845,0.0923,
2024/4/15,20:00,21:00,1.4423,0.0515,
2024/4/15,21:00,22:00,1.8983,0.0677,
2024/4/15,22:00,23:00,1.6293,0.0581,
2024/4/15,23:00,0:00,0.6888,0.0246,
2024/4/16,0:00,1:00,0.4271,0.0152,
2024/4/16,1:00,2:00,0.6006,0.0214,
2024/4/16,2:00,3:00,0.3855,0.0137,
2024/4/16,3:00,4:00,0.1138,0.004,
2024/4/16,4:00,5:00,0.0988,0.0035,
2024/4/16,5:00,6:00,0.254,0.009,
2024/4/16,6:00,7:00,0.9109,0.0325,
2024/4/16,7:00,8:00,1.5804,0.0564,
2024/4/16,8:00,9:00,1.04,0.0371,
2024/4/16,9:00,10:00,0.6001,0.0214,
2024/4/16,10:00,11:00,0.7095,0.0253,
2024/4/16,11:00,12:00,0.2506,0.0089,
2024/4/16,12:00,13:00,0.3269,0.0116,
2024/4/16,13:00,14:00,0.6385,0.0228,
2024/4/16,14:00,15:00,0.6775,0.0241,
2024/4/16,15:00,16:00,0.4516,0.0161,
2024/4/16,16:00,17:00,0.4759,0.0169,
2024/4/16,17:00,18:00,1.0239,0.0365,
2024/4/16,18:00,19:00,1.7267,0.0616,
2024/4/16,19:00,20:00,1.8862,0.0673,
2024/4/16,20:00,21:00,2.2397,0.0799,
2024/4/16,21:00,22:00,1.6297,0.0582,
2024/4/16,22:00,23:00,1.2784,0.0456,
2024/4/16,23:00,0:00,0.733,0.0261,
2024/4/17,0:00,1:00,0.5854,0.0209,
2024/4/17,1:00,2:00,0.7366,0.0263,
2024/4/17,2:00,3:00,0.0743,0.0026,
2024/4/17,3:00,4:00,0.1195,0.0042,
2024/4/17,4:00,5:00,0.0516,0.0018,
2024/4/17,5:00,6:00,0.1797,0.0064,
2024/4/17,6:00,7:00,0.7728,0.0276,
2024/4/17,7:00,8:00,1.5242,0.0544,
2024/4/17,8:00,9:00,1.3623,0.0486,
2024/4/17,9:00,10:00,1.0809,0.0386,
2024/4/17,10:00,11:00,0.4724,0.0168,
2024/4/17,11:00,12:00,0.2298,0.0082,
2024/4/17,12:00,13:00,0.3158,0.0112,
2024/4/17,13:00,14:00,0.249,0.0088,
2024/4/17,14:00,15:00,0.4788,0.0171,
2024/4/17,15:00,16:00,0.4605,0.0164,
2024/4/17,16:00,17:00,0.6502,0.0232,
2024/4/17,17:00,18:00,1.0851,0.0387,
2024/4/17,18:00,19:00,1.3497,0.0482,
2024/4/17,19:00,20:00,2.3984,0.0856,
2024/4/17,20:00,21:00,1.6677,0.0595,
2024/4/17,21:00,22:00,1.8522,0.0661,
2024/4/17,22:00,23:00,1.4386,0.0513,
2024/4/17,23:00,0:00,0.6978,0.0249,
2024/4/18,0:00,1:00,0.9393,0.0335,
2024/4/18,1:00,2:00,0.4574,0.0163,
2024/4/18,2:00,3:00,0.3289,0.0117,
2024/4/18,3:00,4:00,0.0913,0.0032,
2024/4/18,4:00,5:00,0.0274,0.0009,
2024/4/18,5:00,6:00,0.0593,0.0021,
2024/4/18,6:00,7:00,0.7698,0.0274,
2024/4/18,7:00,8:00,1.3351,0.0476,
2024/4/18,8:00,9:00,1.2706,0.0453,
2024/4/18,9:00,10:00,1.0665,0.038,
2024/4/18,10:00,11:00,0.5649,0.0201,
2024/4/18,11:00,12:00,0.3008,0.0107,
2024/4/18,12:00,13:00,0.3658,0.013,
2024/4/18,13:00,14:00,0.5621,0.02,
2024/4/18,14:00,15:00,0.2224,0.0079,
2024/4/18,15:00,16:00,0.2061,0.0073,
2024/4/18,16:00,17:00,0.5075,0.0181,
2024/4/18,17:00,18:00,0.5679,0.0202,
2024/4/18,18:00,19:00,1.5908,0.0568,
2024/4/18,19:00,20:00,2.0098,0.0717,
2024/4/18,20:00,21:00,2.1356,0.0762,
2024/4/18,21:00,22:00,2.3494,0.0839,
2024/4/18,22:00,23:00,1.1856,0.0423,
2024/4/18,23:00,0:00,0.781,0.0278,
2024/4/19,0:00,1:00,0.7538,0.0269,
2024/4/19,1:00,2:00,0.3934,0.014,
2024/4/19,2:00,3:00,0.0987,0.0035,
2024/4/19,3:00,4:00,0.1708,0.0061,
2024/4/19,4:00,5:00,0.0457,0.0016,
2024/4/19,5:00,6:00,0.316,0.0112,
2024/4/19,6:00,7:00,0.6461,0.023,
2024/4/19,7:00,8:00,1.5686,0.056,
2024/4/19,8:00,9:00,1.1365,0.0405,
2024/4/19,9:00,10:00,0.7307,0.026,
2024/4/19,10:00,11:00,0.5072,0.0181,
2024/4/19,11:00,12:00,0.237,0.0084,
2024/4/19,12:00,13:00,0.3074,0.0109,
2024/4/19,13:00,14:00,0.3951,0.0141,
2024/4/19,14:00,15:00,0.4112,0.0146,
2024/4/19,15:00,16:00,0.1477,0.0052,
2024/4/19,16:00,17:00,0.6358,0.0227,
2024/4/19,17:00,18:00,0.5903,0.021,
2024/4/19,18:00,19:00,1.29,0.046,
2024/4/19,19:00,20:00,1.3528,0.0483,
2024/4/19,20:00,21:00,1.8069,0.0645,
2024/4/19,21:00,22:00,2.1035,0.0751,
2024/4/19,22:00,23:00,1.5729,0.0561,
2024/4/19,23:00,0:00,0.9745,0.0348,
2024/4/20,0:00,1:00,0.7727,0.0275,
2024/4/20,1:00,2:00,0.4395,0.0156,
2024/4/20,2:00,3:00,0.3078,0.0109,
2024/4/20,3:00,4:00,0.1212,0.0043,
2024/4/20,4:00,5:00,0.0787,0.0028,
2024/4/20,5:00,6:00,0.1607,0.0057,
2024/4/20,6:00,7:00,0.3486,0.0124,
2024/4/20,7:00,8:00,1.3301,0.0475,
2024/4/20,8:00,9:00,1.7546,0.0626,
2024/4/20,9:00,10:00,1.7085,0.061,
2024/4/20,10:00,11:00,1.0785,0.0385,
2024/4/20,11:00,12:00,0.6771,0.0241,
2024/4/20,12:00,13:00,0.9923,0.0354,
2024/4/20,13:00,14:00,0.651,0.0232,
2024/4/20,14:00,15:00,0.5567,0.0198,
2024/4/20,15:00,16:00,0.6507,0.0232,
2024/4/20,16:00,17:00,0.798,0.0285,
2024/4/20,17:00,18:00,0.8194,0.0292,
2024/4/20,18:00,19:00,1.9367,0.0691,
2024/4/20,19:00,20:00,1.8588,0.0663,
2024/4/20,20:00,21:00,2.0991,0.0749,
2024/4/20,21:00,22:00,1.4699,0.0524,
2024/4/20,22:00,23:00,1.4463,0.0516,
2024/4/20,23:00,0:00,0.9189,0.0328,
2024/4/21,0:00,1:00,0.5716,0.0204,
2024/4/21,1:00,2:00,0.3374,0.012,
2024/4/21,2:00,3:00,0.3361,0.012,
2024/4/21,3:00,4:00,0.0265,0.0009,
2024/4/21,4:00,5:00,0.0755,0.0026,
2024/4/21,5:00,6:00,0.2769,0.0098,
2024/4/21,6:00,7:00,0.2624,0.0093,
2024/4/21,7:00,8:00,0.3874,0.0138,
2024/4/21,8:00,9:00,0.6349,0.0226,
2024/4/21,9:00,10:00,1.565,0.0558,
2024/4/21,10:00,11:00,1.4496,0.0517,
2024/4/21,11:00,12:00,1.1203,0.04,
2024/4/21,12:00,13:00,0.9681,0.0345,
2024/4/21,13:00,14:00,0.713,0.0254,
2024/4/21,14:00,15:00,0.4834,0.0172,
2024/4/21,15:00,16:00,0.4215,0.015,
2024/4/21,16:00,17:00,0.9845,0.0351,
2024/4/21,17:00,18:00,0.89,0.0317,
2024/4/21,18:00,19:00,2.07,0.0739,
2024/4/21,19:00,20:00,1.7555,0.0626,
2024/4/21,20:00,21:00,1.6512,0.0589,
2024/4/21,21:00,22:00,2.425,0.0866,
2024/4/21,22:00,23:00,1.235,0.0441,
2024/4/21,23:00,0:00,0.6578,0.0234,
2024/4/22,0:00,1:00,0.7512,0.0268,
2024/4/22,1:00,2:00,0.5292,0.0189,
2024/4/22,2:00,3:00,0.3026,0.0108,
2024/4/22,3:00,4:00,0.0985,0.0035,
2024/4/22,4:00,5:00,0.0105,0.0003,
2024/4/22,5:00,6:00,0.0462,0.0016,
2024/4/22,6:00,7:00,0.7837,0.0279,
2024/4/22,7:00,8:00,1.4361,0.0512,
2024/4/22,8:00,9:00,1.3895,0.0496,
2024/4/22,9:00,10:00,1.0639,0.0379,
2024/4/22,10:00,11:00,0.4145,0.0148,
2024/4/22,11:00,12:00,0.2512,0.0089,
2024/4/22,12:00,13:00,0.1734,0.0061,
2024/4/22,13:00,14:00,0.167,0.0059,
2024/4/22,14:00,15:00,0.517,0.0184,
2024/4/22,15:00,16:00,0.2616,0.0093,
2024/4/22,16:00,17:00,0.3865,0.0138,
2024/4/22,17:00,18:00,1.9273,0.0688,
2024/4/22,18:00,19:00,0.9485,0.0338,
2024/4/22,19:00,20:00,1.9491,0.0696,
2024/4/22,20:00,21:00,1.5917,0.0568,
2024/4/22,21:00,22:00,2.0621,0.0736,
2024/4/22,22:00,23:00,1.4352,0.0512,
2024/4/22,23:00,0:00,0.9926,0.0354,
2024/4/23,0:00,1:00,0.6952,0.0248,
2024/4/23,1:00,2:00,0.2666,0.0095,
2024/4/23,2:00,3:00,0.2772,0.0099,
2024/4/23,3:00,4:00,0.1702,0.006,
2024/4/23,4:00,5:00,0.0449,0.0016,
2024/4/23,5:00,6:00,0.3593,0.0128,
2024/4/23,6:00,7:00,0.9483,0.0338,
2024/4/23,7:00,8:00,1.4482,0.0517,
2024/4/23,8:00,9:00,1.2415,0.0443,
2024/4/23,9:00,10:00,0.8346,0.0298,
2024/4/23,10:00,11:00,0.2566,0.0091,
2024/4/23,11:00,12:00,0.2103,0.0075,
2024/4/23,12:00,13:00,0.1295,0.0046,
2024/4/23,13:00,14:00,0.1733,0.0061,
2024/4/23,14:00,15:00,0.2318,0.0082,
2024/4/23,15:00,16:00,0.4707,0.0168,
2024/4/23,16:00,17:00,0.3306,0.0118,
2024/4/23,17:00,18:00,0.9954,0.0355,
2024/4/23,18:00,19:00,1.4216,0.0507,
2024/4/23,19:00,20:00,2.5237,0.0901,
2024/4/23,20:00,21:00,1.9722,0.0704,
2024/4/23,21:00,22:00,1.8485,0.066,
2024/4/23,22:00,23:00,1.6599,0.0592,
2024/4/23,23:00,0:00,1.1795,0.0421,
2024/4/24,0:00,1:00,0.806,0.0287,
2024/4/24,1:00,2:00,0.3943,0.014,
2024/4/24,2:00,3:00,0.4297,0.0153,
2024/4/24,3:00,4:00,0.1059,0.0037,
2024/4/24,4:00,5:00,0.0328,0.0011,
2024/4/24,5:00,6:00,0.2367,0.0084,
2024/4/24,6:00,7:00,0.7799,0.0278,
2024/4/24,7:00,8:00,1.282,0.0457,
2024/4/24,8:00,9:00,0.9727,0.0347,
2024/4/24,9:00,10:00,0.842,0.03,
2024/4/24,10:00,11:00,0.4954,0.0176,
2024/4/24,11:00,12:00,0.4945,0.0176,
2024/4/24,12:00,13:00,0.4232,0.0151,
2024/4/24,13:00,14:00,0.5227,0.0186,
2024/4/24,14:00,15:00,0.3872,0.0138,
2024/4/24,15:00,16:00,0.341,0.0121,
2024/4/24,16:00,17:00,0.3861,0.0137,
2024/4/24,17:00,18:00,0.938,0.0335,
2024/4/24,18:00,19:00,2.0426,0.0729,
2024/4/24,19:00,20:00,2.42,0.0864,
2024/4/24,20:00,21:00,1.8233,0.0651,
2024/4/24,21:00,22:00,1.4272,0.0509,
2024/4/24,22:00,23:00,1.3811,0.0493,
2024/4/24,23:00,0:00,1.2986,0.0463,
2024/4/25,0:00,1:00,1.2898,0.046,
2024/4/25,1:00,2:00,0.4479,0.0159,
2024/4/25,2:00,3:00,0.1876,0.0067,
2024/4/25,3:00,4:00,0.0625,0.0022,
2024/4/25,4:00,5:00,0.1576,0.0056,
2024/4/25,5:00,6:00,0.1231,0.0043,
2024/4/25,6:00,7:00,0.62,0.0221,
2024/4/25,7:00,8:00,1.531,0.0546,
2024/4/25,8:00,9:00,1.1478,0.0409,
2024/4/25,9:00,10:00,1.0847,0.0387,
2024/4/25,10:00,11:00,0.5352,0.0191,
2024/4/25,11:00,12:00,0.3446,0.0123,
2024/4/25,12:00,13:00,0.4034,0.0144,
2024/4/25,13:00,14:00,0.3119,0.0111,
2024/4/25,14:00,15:00,0.3022,0.0107,
2024/4/25,15:00,16:00,0.3982,0.0142,
2024/4/25,16:00,17:00,0.23,0.0082,
2024/4/25,17:00,18:00,0.3559,0.0127,
2024/4/25,18:00,19:00,1.5946,0.0569,
2024/4/25,19:00,20:00,2.4262,0.0866,
2024/4/25,20:00,21:00,1.805,0.0644,
2024/4/25,21:00,22:00,2.0715,0.0739,
2024/4/25,22:00,23:00,1.4436,0.0515,
2024/4/25,23:00,0:00,0.876,0.0312,
2024/4/26,0:00,1:00,0.6577,0.0234,
2024/4/26,1:00,2:00,0.7328,0.0261,
2024/4/26,2:00,3:00,0.1233,0.0044,
2024/4/26,3:00,4:00,0.0336,0.0012,
2024/4/26,4:00,5:00,0.1512,0.0054,
2024/4/26,5:00,6:00,0.2277,0.0081,
2024/4/26,6:00,7:00,1.0196,0.0364,
2024/4/26,7:00,8:00,1.5073,0.0538,
2024/4/26,8:00,9:00,1.393,0.0497,
2024/4/26,9:00,10:00,1.1384,0.0406,
2024/4/26,10:00,11:00,0.7808,0.0278,
2024/4/26,11:00,12:00,0.2823,0.01,
2024/4/26,12:00,13:00,0.2463,0.0087,
2024/4/26,13:00,14:00,0.3449,0.0123,
2024/4/26,14:00,15:00,0.1386,0.0049,
2024/4/26,15:00,16:00,0.1799,0.0064,
2024/4/26,16:00,17:00,0.5798,0.0207,
2024/4/26,17:00,18:00,0.9589,0.0342,
2024/4/26,18:00,19:00,1.0416,0.0372,
2024/4/26,19:00,20:00,1.6396,0.0585,
2024/4/26,20:00,21:00,1.863,0.0665,
2024/4/26,21:00,22:00,1.5356,0.0548,
2024/4/26,22:00,23:00,1.4642,0.0522,
2024/4/26,23:00,0:00,1.3333,0.0476,
2024/4/27,0:00,1:00,0.5742,0.0205,
2024/4/27,1:00,2:00,0.7151,0.0255,
2024/4/27,2:00,3:00,0.4551,0.0162,
2024/4/27,3:00,4:00,0.0458,0.0016,
2024/4/27,4:00,5:00,0.08,0.0028,
2024/4/27,5:00,6:00,0.1464,0.0052,
2024/4/27,6:00,7:00,0.3595,0.0128,
2024/4/27,7:00,8:00,0.564,0.0201,
2024/4/27,8:00,9:00,1.4934,0.0533,
2024/4/27,9:00,10:00,1.0532,0.0376,
2024/4/27,10:00,11:00,0.6353,0.0226,
2024/4/27,11:00,12:00,0.4411,0.0157,
2024/4/27,12:00,13:00,0.4333,0.0154,
2024/4/27,13:00,14:00,0.5358,0.0191,
2024/4/27,14:00,15:00,0.1981,0.007,
2024/4/27,15:00,16:00,0.8074,0.0288,
2024/4/27,16:00,17:00,0.5793,0.0206,
2024/4/27,17:00,18:00,1.302,0.0465,
2024/4/27,18:00,19:00,1.4638,0.0522,
2024/4/27,19:00,20:00,1.4862,0.053,
2024/4/27,20:00,21:00,1.616,0.0577,
2024/4/27,21:00,22:00,1.6577,0.0592,
2024/4/27,22:00,23:00,1.5694,0.056,
2024/4/27,23:00,0:00,0.8136,0.029,
2024/4/28,0:00,1:00,0.4401,0.0157,
2024/4/28,1:00,2:00,0.489,0.0174,
2024/4/28,2:00,3:00,0.1399,0.0049,
2024/4/28,3:00,4:00,0.0498,0.0017,
2024/4/28,4:00,5:00,0.026,0.0009,
2024/4/28,5:00,6:00,0.171,0.0061,
2024/4/28,6:00,7:00,0.4292,0.0153,
2024/4/28,7:00,8:00,0.7626,0.0272,
2024/4/28,8:00,9:00,1.1623,0.0415,
2024/4/28,9:00,10:00,2.0356,0.0727,
2024/4/28,10:00,11:00,1.6439,0.0587,
2024/4/28,11:00,12:00,1.003,0.0358,
2024/4/28,12:00,13:00,0.4685,0.0167,
2024/4/28,13:00,14:00,0.2685,0.0095,
2024/4/28,14:00,15:00,0.3691,0.0131,
2024/4/28,15:00,16:00,0.3285,0.0117,
2024/4/28,16:00,17:00,0.2327,0.0083,
2024/4/28,17:00,18:00,0.664,0.0237,
2024/4/28,18:00,19:00,1.6992,0.0606,
2024/4/28,19:00,20:00,2.288,0.0817,
2024/4/28,20:00,21:00,1.5754,0.0562,
2024/4/28,21:00,22:00,1.6652,0.0594,
2024/4/28,22:00,23:00,1.1706,0.0418,
2024/4/28,23:00,0:00,0.9734,0.0347,
2024/4/29,0:00,1:00,0.9192,0.0328,
2024/4/29,1:00,2:00,0.2568,0.0091,
2024/4/29,2:00,3:00,0.0976,0.0034,
2024/4/29,3:00,4:00,0.0254,0.0009,
2024/4/29,4:00,5:00,0.044,0.0015,
2024/4/29,5:00,6:00,0.0307,0.001,
2024/4/29,6:00,7:00,0.1477,0.0052,
2024/4/29,7:00,8:00,0.806,0.0287,
2024/4/29,8:00,9:00,1.4886,0.0531,
2024/4/29,9:00,10:00,1.7501,0.0625,
2024/4/29,10:00,11:00,1.3291,0.0474,
2024/4/29,11:00,12:00,0.9487,0.0338,
2024/4/29,12:00,13:00,0.456,0.0162,
2024/4/29,13:00,14:00,0.5256,0.0187,
2024/4/29,14:00,15:00,0.479,0.0171,
2024/4/29,15:00,16:00,0.429,0.0153,
2024/4/29,16:00,17:00,0.8985,0.032,
2024/4/29,17:00,18:00,1.0874,0.0388,
2024/4/29,18:00,19:00,1.9652,0.0701,
2024/4/29,19:00,20:00,1.889,0.0674,
2024/4/29,20:00,21:00,1.8616,0.0664,
2024/4/29,21:00,22:00,1.6738,0.0597,
2024/4/29,22:00,23:00,1.6829,0.0601,
2024/4/29,23:00,0:00,1.3425,0.0479,
2024/4/30,0:00,1:00,0.5216,0.0186,
2024/4/30,1:00,2:00,0.3303,0.0117,
2024/4/30,2:00,3:00,0.0986,0.0035,
2024/4/30,3:00,4:00,0.0184,0.0006,
2024/4/30,4:00,5:00,0.0182,0.0006,
2024/4/30,5:00,6:00,0.1151,0.0041,
2024/4/30,6:00,7:00,0.6796,0.0242,
2024/4/30,7:00,8:00,1.1239,0.0401,
2024/4/30,8:00,9:00,1.4668,0.0523,
2024/4/30,9:00,10:00,0.7231,0.0258,
2024/4/30,10:00,11:00,0.4999,0.0178,
2024/4/30,11:00,12:00,0.4263,0.0152,
2024/4/30,12:00,13:00,0.2059,0.0073,
2024/4/30,13:00,14:00,0.3635,0.0129,
2024/4/30,14:00,15:00,0.5934,0.0211,
2024/4/30,15:00,16:00,0.441,0.0157,
2024/4/30,16:00,17:00,0.3038,0.0108,
2024/4/30,17:00,18:00,0.4584,0.0163,
2024/4/30,18:00,19:00,1.0741,0.0383,
2024/4/30,19:00,20:00,2.3039,0.0822,
2024/4/30,20:00,21:00,1.5629,0.0558,
2024/4/30,21:00,22:00,1.5764,0.0563,
2024/4/30,22:00,23:00,1.9499,0.0696,
2024/4/30,23:00,0:00,1.2295,0.0439,
2024/5/1,0:00,1:00,0.6254,0.0223,
2024/5/1,1:00,2:00,0.4294,0.0153,
2024/5/1,2:00,3:00,0.0287,0.001,
2024/5/1,3:00,4:00,0.0199,0.0007,
2024/5/1,4:00,5:00,0.0489,0.0017,
2024/5/1,5:00,6:00,0.0629,0.0022,
2024/5/1,6:00,7:00,0.672,0.024,
2024/5/1,7:00,8:00,1.104,0.0394,
2024/5/1,8:00,9:00,1.1345,0.0405,
2024/5/1,9:00,10:00,0.9042,0.0322,
2024/5/1,10:00,11:00,0.5936,0.0212,
2024/5/1,11:00,12:00,0.6954,0.0248,
2024/5/1,12:00,13:00,0.5976,0.0213,
2024/5/1,13:00,14:00,0.2665,0.0095,
2024/5/1,14:00,15:00,0.3539,0.0126,
2024/5/1,15:00,16:00,0.2645,0.0094,
2024/5/1,16:00,17:00,0.7059,0.0252,
2024/5/1,17:00,18:00,0.8592,0.0306,
2024/5/1,18:00,19:00,1.7563,0.0627,
2024/5/1,19:00,20:00,1.585,0.0566,
2024/5/1,20:00,21:00,1.5015,0.0536,
2024/5/1,21:00,22:00,2.0463,0.073,
2024/5/1,22:00,23:00,1.5783,0.0563,
2024/5/1,23:00,0:00,0.7015,0.025,
2024/5/2,0:00,1:00,0.8925,0.0318,
2024/5/2,1:00,2:00,0.2624,0.0093,
2024/5/2,2:00,3:00,0.0705,0.0025,
2024/5/2,3:00,4:00,0.0673,0.0024,
2024/5/2,4:00,5:00,0.0146,0.0005,
2024/5/2,5:00,6:00,0.0799,0.0028,
2024/5/2,6:00,7:00,0.7223,0.0257,
2024/5/2,7:00,8:00,1.1931,0.0426,
2024/5/2,8:00,9:00,1.1546,0.0412,
2024/5/2,9:00,10:00,1.16,0.0414,
2024/5/2,10:00,11:00,0.5966,0.0213,
2024/5/2,11:00,12:00,0.5327,0.019,
2024/5/2,12:00,13:00,0.2614,0.0093,
2024/5/2,13:00,14:00,0.375,0.0133,
2024/5/2,14:00,15:00,0.339,0.0121,
2024/5/2,15:00,16:00,0.1971,0.007,
2024/5/2,16:00,17:00,0.2582,0.0092,
2024/5/2,17:00,18:00,1.0343,0.0369,
2024/5/2,18:00,19:00,1.0054,0.0359,
2024/5/2,19:00,20:00,2.0796,0.0742,
2024/5/2,20:00,21:00,2.3738,0.0847,
2024/5/2,21:00,22:00,1.79,0.0639,
2024/5/2,22:00,23:00,1.3129,0.0468,
2024/5/2,23:00,0:00,0.905,0.0323,
2024/5/3,0:00,1:00,0.5607,0.02,
2024/5/3,1:00,2:00,0.2884,0.0103,
2024/5/3,2:00,3:00,0.2332,0.0083,
2024/5/3,3:00,4:00,0.0487,0.0017,
2024/5/3,4:00,5:00,0.0194,0.0006,
2024/5/3,5:00,6:00,0.0457,0.0016,
2024/5/3,6:00,7:00,0.3477,0.0124,
2024/5/3,7:00,8:00,1.0688,0.0381,
2024/5/3,8:00,9:00,1.6116,0.0575,
2024/5/3,9:00,10:00,1.1726,0.0418,
2024/5/3,10:00,11:00,1.273,0.0454,
2024/5/3,11:00,12:00,0.6409,0.0228,
2024/5/3,12:00,13:00,0.7016,0.025,
2024/5/3,13:00,14:00,0.5787,0.0206,
2024/5/3,14:00,15:00,0.1898,0.0067,
2024/5/3,15:00,16:00,0.1885,0.0067,
2024/5/3,16:00,17:00,0.3467,0.0123,
2024/5/3,17:00,18:00,0.9172,0.0327,
2024/5/3,18:00,19:00,1.2376,0.0442,
2024/5/3,19:00,20:00,2.3447,0.0837,
2024/5/3,20:00,21:00,1.3707,0.0489,
2024/5/3,21:00,22:00,1.3188,0.0471,
2024/5/3,22:00,23:00,0.7003,0.025,
2024/5/3,23:00,0:00,0.911,0.0325,
2024/5/4,0:00,1:00,0.847,0.0302,
2024/5/4,1:00,2:00,0.4238,0.0151,
2024/5/4,2:00,3:00,0.315,0.0112,
2024/5/4,3:00,4:00,0.0547,0.0019,
2024/5/4,4:00,5:00,0.0417,0.0014,
2024/5/4,5:00,6:00,0.035,0.0012,
2024/5/4,6:00,7:00,0.0935,0.0033,
2024/5/4,7:00,8:00,0.4806,0.0171,
2024/5/4,8:00,9:00,1.0561,0.0377,
2024/5/4,9:00,10:00,1.4649,0.0523,
2024/5/4,10:00,11:00,1.2838,0.0458,
2024/5/4,11:00,12:00,1.0702,0.0382,
2024/5/4,12:00,13:00,0.869,0.031,
2024/5/4,13:00,14:00,0.4476,0.0159,
2024/5/4,14:00,15:00,0.3844,0.0137,
2024/5/4,15:00,16:00,0.3867,0.0138,
2024/5/4,16:00,17:00,0.3205,0.0114,
2024/5/4,17:00,18:00,0.8177,0.0292,
2024/5/4,18:00,19:00,0.8727,0.0311,
2024/5/4,19:00,20:00,0.7891,0.0281,
2024/5/4,20:00,21:00,1.4609,0.0521,
2024/5/4,21:00,22:00,1.1767,0.042,
2024/5/4,22:00,23:00,1.6281,0.0581,
2024/5/4,23:00,0:00,0.9199,0.0328,
2024/5/5,0:00,1:00,0.4071,0.0145,
2024/5/5,1:00,2:00,0.5176,0.0184,
2024/5/5,2:00,3:00,0.2168,0.0077,
2024/5/5,3:00,4:00,0.0667,0.0023,
2024/5/5,4:00,5:00,0.1921,0.0068,
2024/5/5,5:00,6:00,0.1407,0.005,
2024/5/5,6:00,7:00,0.3184,0.0113,
2024/5/5,7:00,8:00,0.5231,0.0186,
2024/5/5,8:00,9:00,1.0025,0.0358,
2024/5/5,9:00,10:00,1.5094,0.0539,
2024/5/5,10:00,11:00,1.385,0.0494,
2024/5/5,11:00,12:00,0.859,0.0306,
2024/5/5,12:00,13:00,0.6538,0.0233,
2024/5/5,13:00,14:00,0.4426,0.0158,
2024/5/5,14:00,15:00,0.6594,0.0235,
2024/5/5,15:00,16:00,0.3796,0.0135,
2024/5/5,16:00,17:00,0.4299,0.0153,
2024/5/5,17:00,18:00,0.8615,0.0307,
2024/5/5,18:00,19:00,1.2806,0.0457,
2024/5/5,19:00,20:00,1.4694,0.0524,
2024/5/5,20:00,21:00,1.3729,0.049,
2024/5/5,21:00,22:00,1.9436,0.0694,
2024/5/5,22:00,23:00,0.8058,0.0287,
2024/5/5,23:00,0:00,0.8704,0.031,
2024/5/6,0:00,1:00,0.392,0.014,
2024/5/6,1:00,2:00,0.3108,0.0111,
2024/5/6,2:00,3:00,0.3086,0.011,
2024/5/6,3:00,4:00,0.2505,0.0089,
2024/5/6,4:00,5:00,0.0419,0.0014,
2024/5/6,5:00,6:00,0.0468,0.0016,
2024/5/6,6:00,7:00,0.4324,0.0154,
2024/5/6,7:00,8:00,0.6158,0.0219,
2024/5/6,8:00,9:00,1.501,0.0536,
2024/5/6,9:00,10:00,1.1121,0.0397,
2024/5/6,10:00,11:00,0.8874,0.0316,
2024/5/6,11:00,12:00,0.6164,0.022,
2024/5/6,12:00,13:00,0.4319,0.0154,
2024/5/6,13:00,14:00,0.5718,0.0204,
2024/5/6,14:00,15:00,0.4902,0.0175,
2024/5/6,15:00,16:00,0.3838,0.0137,
2024/5/6,16:00,17:00,0.4901,0.0175,
2024/5/6,17:00,18:00,1.5595,0.0556,
2024/5/6,18:00,19:00,2.09,0.0746,
2024/5/6,19:00,20:00,1.9488,0.0696,
2024/5/6,20:00,21:00,2.4301,0.0867,
2024/5/6,21:00,22:00,1.5443,0.0551,
2024/5/6,22:00,23:00,1.6953,0.0605,
2024/5/6,23:00,0:00,0.9121,0.0325,
2024/5/7,0:00,1:00,1.0524,0.0375,
2024/5/7,1:00,2:00,0.3533,0.0126,
2024/5/7,2:00,3:00,0.1352,0.0048,
2024/5/7,3:00,4:00,0.0363,0.0012,
2024/5/7,4:00,5:00,0.0268,0.0009,
2024/5/7,5:00,6:00,0.0635,0.0022,
2024/5/7,6:00,7:00,1.0117,0.0361,
2024/5/7,7:00,8:00,1.5734,0.0561,
2024/5/7,8:00,9:00,1.012,0.0361,
2024/5/7,9:00,10:00,0.8018,0.0286,
2024/5/7,10:00,11:00,0.3698,0.0132,
2024/5/7,11:00,12:00,0.161,0.0057,
2024/5/7,12:00,13:00,0.1277,0.0045,
2024/5/7,13:00,14:00,0.2184,0.0078,
2024/5/7,14:00,15:00,0.3678,0.0131,
2024/5/7,15:00,16:00,0.2822,0.01,
2024/5/7,16:00,17:00,0.2851,0.0101,
2024/5/7,17:00,18:00,0.9134,0.0326,
2024/5/7,18:00,19:00,1.3095,0.0467,
2024/5/7,19:00,20:00,2.0187,0.072,
2024/5/7,20:00,21:00,2.5943,0.0926,
2024/5/7,21:00,22:00,1.5643,0.0558,
2024/5/7,22:00,23:00,0.9953,0.0355,
2024/5/7,23:00,0:00,1.2298,0.0439,
2024/5/8,0:00,1:00,0.9076,0.0324,
2024/5/8,1:00,2:00,0.3733,0.0133,
2024/5/8,2:00,3:00,0.1277,0.0045,
2024/5/8,3:00,4:00,0.0398,0.0014,
2024/5/8,4:00,5:00,0.0245,0.0008,
2024/5/8,5:00,6:00,0.1235,0.0044,
2024/5/8,6:00,7:00,0.771,0.0275,
2024/5/8,7:00,8:00,1.2474,0.0445,
2024/5/8,8:00,9:00,1.0759,0.0384,
2024/5/8,9:00,10:00,1.0884,0.0388,
2024/5/8,10:00,11:00,0.3308,0.0118,
2024/5/8,11:00,12:00,0.295,0.0105,
2024/5/8,12:00,13:00,0.4084,0.0145,
2024/5/8,13:00,14:00,0.3741,0.0133,
2024/5/8,14:00,15:00,0.4041,0.0144,
2024/5/8,15:00,16:00,0.2538,0.009,
2024/5/8,16:00,17:00,0.6653,0.0237,
2024/5/8,17:00,18:00,1.1834,0.0422,
2024/5/8,18:00,19:00,1.3695,0.0489,
2024/5/8,19:00,20:00,1.3855,0.0494,
2024/5/8,20:00,21:00,2.4349,0.0869,
2024/5/8,21:00,22:00,2.026,0.0723,
2024/5/8,22:00,23:00,1.0388,0.0371,
2024/5/8,23:00,0:00,1.2092,0.0431,
2024/5/9,0:00,1:00,0.9434,0.0336,
2024/5/9,1:00,2:00,0.284,0.0101,
2024/5/9,2:00,3:00,0.1845,0.0065,
2024/5/9,3:00,4:00,0.053,0.0018,
2024/5/9,4:00,5:00,0.0146,0.0005,
2024/5/9,5:00,6:00,0.1347,0.0048,
2024/5/9,6:00,7:00,0.7232,0.0258,
2024/5/9,7:00,8:00,1.3306,0.0475,
2024/5/9,8:00,9:00,1.618,0.0577,
2024/5/9,9:00,10:00,0.9447,0.0337,
2024/5/9,10:00,11:00,0.6092,0.0217,
2024/5/9,11:00,12:00,0.429,0.0153,
2024/5/9,12:00,13:00,0.2369,0.0084,
2024/5/9,13:00,14:00,0.3278,0.0117,
2024/5/9,14:00,15:00,0.2611,0.0093,
2024/5/9,15:00,16:00,0.3502,0.0125,
2024/5/9,16:00,17:00,0.5095,0.0181,
2024/5/9,17:00,18:00,1.1343,0.0405,
2024/5/9,18:00,19:00,1.3822,0.0493,
2024/5/9,19:00,20:00,2.0756,0.0741,
2024/5/9,20:00,21:00,1.6737,0.0597,
2024/5/9,21:00,22:00,2.115,0.0755,
2024/5/9,22:00,23:00,1.3039,0.0465,
2024/5/9,23:00,0:00,1.0021,0.0357,
2024/5/10,0:00,1:00,0.7649,0.0273,
2024/5/10,1:00,2:00,0.4471,0.0159,
2024/5/10,2:00,3:00,0.2563,0.0091,
2024/5/10,3:00,4:00,0.0656,0.0023,
2024/5/10,4:00,5:00,0.0189,0.0006,
2024/5/10,5:00,6:00,0.1724,0.0061,
2024/5/10,6:00,7:00,0.829,0.0296,
2024/5/10,7:00,8:00,1.291,0.0461,
2024/5/10,8:00,9:00,1.235,0.0441,
2024/5/10,9:00,10:00,0.9332,0.0333,
2024/5/10,10:00,11:00,0.396,0.0141,
2024/5/10,11:00,12:00,0.3374,0.012,
2024/5/10,12:00,13:00,0.093,0.0033,
2024/5/10,13:00,14:00,0.5292,0.0189,
2024/5/10,14:00,15:00,0.1489,0.0053,
2024/5/10,15:00,16:00,0.1601,0.0057,
2024/5/10,16:00,17:00,0.2557,0.0091,
2024/5/10,17:00,18:00,0.9978,0.0356,
2024/5/10,18:00,19:00,1.0959,0.0391,
2024/5/10,19:00,20:00,1.4607,0.0521,
2024/5/10,20:00,21:00,1.6061,0.0573,
2024/5/10,21:00,22:00,1.9033,0.0679,
2024/5/10,22:00,23:00,1.6182,0.0577,
2024/5/10,23:00,0:00,1.2028,0.0429,
2024/5/11,0:00,1:00,0.9855,0.0351,
2024/5/11,1:00,2:00,0.2719,0.0097,
2024/5/11,2:00,3:00,0.2213,0.0079,
2024/5/11,3:00,4:00,0.048,0.0017,
2024/5/11,4:00,5:00,0.0826,0.0029,
2024/5/11,5:00,6:00,0.1778,0.0063,
2024/5/11,6:00,7:00,0.3624,0.0129,
2024/5/11,7:00,8:00,0.9921,0.0354,
2024/5/11,8:00,9:00,1.2738,0.0454,
2024/5/11,9:00,10:00,1.6055,0.0573,
2024/5/11,10:00,11:00,1.1389,0.0406,
2024/5/11,11:00,12:00,0.9664,0.0345,
2024/5/11,12:00,13:00,0.7507,0.0268,
2024/5/11,13:00,14:00,0.7001,0.025,
2024/5/11,14:00,15:00,0.5534,0.0197,
2024/5/11,15:00,16:00,0.5655,0.0201,
2024/5/11,16:00,17:00,0.7582,0.027,
2024/5/11,17:00,18:00,0.3599,0.0128,
2024/5/11,18:00,19:00,0.979,0.0349,
2024/5/11,19:00,20:00,0.9251,0.033,
2024/5/11,20:00,21:00,1.7326,0.0618,
2024/5/11,21:00,22:00,1.6362,0.0584,
2024/5/11,22:00,23:00,2.0294,0.0724,
2024/5/11,23:00,0:00,1.5312,0.0546,
2024/5/12,0:00,1:00,0.6918,0.0247,
2024/5/12,1:00,2:00,0.4549,0.0162,
2024/5/12,2:00,3:00,0.2422,0.0086,
2024/5/12,3:00,4:00,0.3771,0.0134,
2024/5/12,4:00,5:00,0.0565,0.002,
2024/5/12,5:00,6:00,0.2713,0.0096,
2024/5/12,6:00,7:00,0.1862,0.0066,
2024/5/12,7:00,8:00,0.6406,0.0228,
2024/5/12,8:00,9:00,0.7073,0.0252,
2024/5/12,9:00,10:00,1.8021,0.0643,
2024/5/12,10:00,11:00,1.6969,0.0606,
2024/5/12,11:00,12:00,0.9371,0.0334,
2024/5/12,12:00,13:00,0.7022,0.025,
2024/5/12,13:00,14:00,0.4785,0.017,
2024/5/12,14:00,15:00,0.6233,0.0222,
2024/5/12,15:00,16:00,0.6551,0.0233,
2024/5/12,16:00,17:00,0.4146,0.0148,
2024/5/12,17:00,18:00,0.9453,0.0337,
2024/5/12,18:00,19:00,1.3552,0.0484,
2024/5/12,19:00,20:00,1.7616,0.0629,
2024/5/12,20:00,21:00,2.4195,0.0864,
2024/5/12,21:00,22:00,2.232,0.0797,
2024/5/12,22:00,23:00,0.8867,0.0316,
2024/5/12,23:00,0:00,0.5111,0.0182,
2024/5/13,0:00,1:00,0.9592,0.0342,
2024/5/13,1:00,2:00,0.7803,0.0278,
2024/5/13,2:00,3:00,0.132,0.0047,
2024/5/13,3:00,4:00,0.0331,0.0011,
2024/5/13,4:00,5:00,0.0367,0.0013,
2024/5/13,5:00,6:00,0.0262,0.0009,
2024/5/13,6:00,7:00,0.8097,0.0289,
2024/5/13,7:00,8:00,0.9611,0.0343,
2024/5/13,8:00,9:00,1.2028,0.0429,
2024/5/13,9:00,10:00,0.6477,0.0231,
2024/5/13,10:00,11:00,0.538,0.0192,
2024/5/13,11:00,12:00,0.4632,0.0165,
2024/5/13,12:00,13:00,0.4027,0.0143,
2024/5/13,13:00,14:00,0.2293,0.0081,
2024/5/13,14:00,15:00,0.2632,0.0094,
2024/5/13,15:00,16:00,0.2973,0.0106,
2024/5/13,16:00,17:00,0.6375,0.0227,
2024/5/13,17:00,18:00,1.1702,0.0417,
2024/5/13,18:00,19:00,1.0197,0.0364,
2024/5/13,19:00,20:00,2.0428,0.0729,
2024/5/13,20:00,21:00,1.8291,0.0653,
2024/5/13,21:00,22:00,1.9859,0.0709,
2024/5/13,22:00,23:00,1.5114,0.0539,
2024/5/13,23:00,0:00,1.127,0.0402,
2024/5/14,0:00,1:00,0.4046,0.0144,
2024/5/14,1:00,2:00,0.4749,0.0169,
2024/5/14,2:00,3:00,0.1329,0.0047,
2024/5/14,3:00,4:00,0.0491,0.0017,
2024/5/14,4:00,5:00,0.3347,0.0119,
2024/5/14,5:00,6:00,0.0908,0.0032,
2024/5/14,6:00,7:00,0.814,0.029,
2024/5/14,7:00,8:00,1.3885,0.0495,
2024/5/14,8:00,9:00,1.5104,0.0539,
2024/5/14,9:00,10:00,0.4942,0.0176,
2024/5/14,10:00,11:00,0.5905,0.021,
2024/5/14,11:00,12:00,0.2897,0.0103,
2024/5/14,12:00,13:00,0.3672,0.0131,
2024/5/14,13:00,14:00,0.535,0.0191,
2024/5/14,14:00,15:00,0.385,0.0137,
2024/5/14,15:00,16:00,0.3248,0.0116,
2024/5/14,16:00,17:00,0.3612,0.0129,
2024/5/14,17:00,18:00,0.9325,0.0333,
2024/5/14,18:00,19:00,0.9368,0.0334,
2024/5/14,19:00,20:00,2.1788,0.0778,
2024/5/14,20:00,21:00,2.4916,0.0889,
2024/5/14,21:00,22:00,1.5508,0.0553,
2024/5/14,22:00,23:00,1.3011,0.0464,
2024/5/14,23:00,0:00,1.0576,0.0377,
2024/5/15,0:00,1:00,0.6739,0.024,
2024/5/15,1:00,2:00,0.4257,0.0152,
2024/5/15,2:00,3:00,0.3123,0.0111,
2024/5/15,3:00,4:00,0.2005,0.0071,
2024/5/15,4:00,5:00,0.0221,0.0007,
2024/5/15,5:00,6:00,0.1794,0.0064,
2024/5/15,6:00,7:00,0.9164,0.0327,
2024/5/15,7:00,8:00,1.4726,0.0525,
2024/5/15,8:00,9:00,1.665,0.0594,
2024/5/15,9:00,10:00,0.7961,0.0284,
2024/5/15,10:00,11:00,0.2731,0.0097,
2024/5/15,11:00,12:00,0.5292,0.0189,
2024/5/15,12:00,13:00,0.5103,0.0182,
2024/5/15,13:00,14:00,0.393,0.014,
2024/5/15,14:00,15:00,0.2265,0.008,
2024/5/15,15:00,16:00,0.2658,0.0094,
2024/5/15,16:00,17:00,0.614,0.0219,
2024/5/15,17:00,18:00,1.0379,0.037,
2024/5/15,18:00,19:00,0.9512,0.0339,
2024/5/15,19:00,20:00,1.9509,0.0696,
2024/5/15,20:00,21:00,1.9984,0.0713,
2024/5/15,21:00,22:00,2.1886,0.0781,
2024/5/15,22:00,23:00,1.0942,0.039,
2024/5/15,23:00,0:00,0.7822,0.0279,
2024/5/16,0:00,1:00,0.4873,0.0174,
2024/5/16,1:00,2:00,0.5073,0.0181,
2024/5/16,2:00,3:00,0.1626,0.0058,
2024/5/16,3:00,4:00,0.071,0.0025,
2024/5/16,4:00,5:00,0.1486,0.0053,
2024/5/16,5:00,6:00,0.0602,0.0021,
2024/5/16,6:00,7:00,0.9032,0.0322,
2024/5/16,7:00,8:00,1.4567,0.052,
2024/5/16,8:00,9:00,1.241,0.0443,
2024/5/16,9:00,10:00,0.7116,0.0254,
2024/5/16,10:00,11:00,0.4327,0.0154,
2024/5/16,11:00,12:00,0.3152,0.0112,
2024/5/16,12:00,13:00,0.1823,0.0065,
2024/5/16,13:00,14:00,0.139,0.0049,
2024/5/16,14:00,15:00,0.2127,0.0075,
2024/5/16,15:00,16:00,0.2235,0.0079,
2024/5/16,16:00,17:00,0.5081,0.0181,
2024/5/16,17:00,18:00,0.5788,0.0206,
2024/5/16,18:00,19:00,0.9203,0.0328,
2024/5/16,19:00,20:00,1.9595,0.0699,
2024/5/16,20:00,21:00,2.693,0.0961,
2024/5/16,21:00,22:00,1.4443,0.0515,
2024/5/16,22:00,23:00,1.8631,0.0665,
2024/5/16,23:00,0:00,0.9767,0.0348,
2024/5/17,0:00,1:00,0.7637,0.0272,
2024/5/17,1:00,2:00,0.1837,0.0065,
2024/5/17,2:00,3:00,0.3073,0.0109,
2024/5/17,3:00,4:00,0.1164,0.0041,
2024/5/17,4:00,5:00,0.4439,0.0158,
2024/5/17,5:00,6:00,0.0834,0.0029,
2024/5/17,6:00,7:00,0.8135,0.029,
2024/5/17,7:00,8:00,1.7027,0.0608,
2024/5/17,8:00,9:00,1.9636,0.0701,
2024/5/17,9:00,10:00,0.8427,0.03,
2024/5/17,10:00,11:00,0.4942,0.0176,
2024/5/17,11:00,12:00,0.2606,0.0093,
2024/5/17,12:00,13:00,0.2544,0.009,
2024/5/17,13:00,14:00,0.2676,0.0095,
2024/5/17,14:00,15:00,0.568,0.0202,
2024/5/17,15:00,16:00,0.3979,0.0142,
2024/5/17,16:00,17:00,0.3435,0.0122,
2024/5/17,17:00,18:00,0.7949,0.0283,
2024/5/17,18:00,19:00,1.6176,0.0577,
2024/5/17,19:00,20:00,1.2841,0.0458,
2024/5/17,20:00,21:00,2.0667,0.0738,
2024/5/17,21:00,22:00,1.8687,0.0667,
2024/5/17,22:00,23:00,1.61,0.0575,
2024/5/17,23:00,0:00,0.7447,0.0265,
2024/5/18,0:00,1:00,0.5342,0.019,
2024/5/18,1:00,2:00,0.4012,0.0143,
2024/5/18,2:00,3:00,0.3748,0.0133,
2024/5/18,3:00,4:00,0.1348,0.0048,
2024/5/18,4:00,5:00,0.0926,0.0033,
2024/5/18,5:00,6:00,0.1055,0.0037,
2024/5/18,6:00,7:00,0.4873,0.0174,
2024/5/18,7:00,8:00,1.3711,0.0489,
2024/5/18,8:00,9:00,1.7446,0.0623,
2024/5/18,9:00,10:00,1.7478,0.0624,
2024/5/18,10:00,11:00,1.1015,0.0393,
2024/5/18,11:00,12:00,0.5375,0.0191,
2024/5/18,12:00,13:00,0.7292,0.026,
2024/5/18,13:00,14:00,0.6267,0.0223,
2024/5/18,14:00,15:00,0.3671,0.0131,
2024/5/18,15:00,16:00,0.4688,0.0167,
2024/5/18,16:00,17:00,0.3631,0.0129,
2024/5/18,17:00,18:00,0.6834,0.0244,
2024/5/18,18:00,19:00,0.5363,0.0191,
2024/5/18,19:00,20:00,2.1712,0.0775,
2024/5/18,20:00,21:00,1.5504,0.0553,
2024/5/18,21:00,22:00,2.2266,0.0795,
2024/5/18,22:00,23:00,1.3994,0.0499,
2024/5/18,23:00,0:00,1.2472,0.0445,
2024/5/19,0:00,1:00,0.996,0.0355,
2024/5/19,1:00,2:00,0.3929,0.014,
2024/5/19,2:00,3:00,0.2557,0.0091,
2024/5/19,3:00,4:00,0.0312,0.0011,
2024/5/19,4:00,5:00,0.0131,0.0004,
2024/5/19,5:00,6:00,0.0384,0.0013,
2024/5/19,6:00,7:00,0.0989,0.0035,
2024/5/19,7:00,8:00,0.5495,0.0196,
2024/5/19,8:00,9:00,0.9464,0.0338,
2024/5/19,9:00,10:00,1.2372,0.0441,
2024/5/19,10:00,11:00,1.1613,0.0414,
2024/5/19,11:00,12:00,0.6846,0.0244,
2024/5/19,12:00,13:00,0.5975,0.0213,
2024/5/19,13:00,14:00,0.3841,0.0137,
2024/5/19,14:00,15:00,0.8321,0.0297,
2024/5/19,15:00,16:00,0.7304,0.026,
2024/5/19,16:00,17:00,0.404,0.0144,
2024/5/19,17:00,18:00,1.206,0.043,
2024/5/19,18:00,19:00,1.3907,0.0496,
2024/5/19,19:00,20:00,1.6981,0.0606,
2024/5/19,20:00,21:00,2.6724,0.0954,
2024/5/19,21:00,22:00,2.1524,0.0768,
2024/5/19,22:00,23:00,1.0481,0.0374,
2024/5/19,23:00,0:00,0.8203,0.0292,
2024/5/20,0:00,1:00,0.5281,0.0188,
2024/5/20,1:00,2:00,0.303,0.0108,
2024/5/20,2:00,3:00,0.314,0.0112,
2024/5/20,3:00,4:00,0.0827,0.0029,
2024/5/20,4:00,5:00,0.0642,0.0022,
2024/5/20,5:00,6:00,0.2663,0.0095,
2024/5/20,6:00,7:00,0.8026,0.0286,
2024/5/20,7:00,8:00,1.2453,0.0444,
2024/5/20,8:00,9:00,0.9949,0.0355,
2024/5/20,9:00,10:00,0.5057,0.018,
2024/5/20,10:00,11:00,0.5632,0.0201,
2024/5/20,11:00,12:00,0.5439,0.0194,
2024/5/20,12:00,13:00,0.1682,0.006,
2024/5/20,13:00,14:00,0.1497,0.0053,
2024/5/20,14:00,15:00,0.2896,0.0103,
2024/5/20,15:00,16:00,0.4632,0.0165,
2024/5/20,16:00,17:00,0.4461,0.0159,
2024/5/20,17:00,18:00,0.7904,0.0282,
2024/5/20,18:00,19:00,1.1012,0.0393,
2024/5/20,19:00,20:00,1.3322,0.0475,
2024/5/20,20:00,21:00,2.3933,0.0854,
2024/5/20,21:00,22:00,1.9578,0.0699,
2024/5/20,22:00,23:00,1.658,0.0592,
2024/5/20,23:00,0:00,1.2176,0.0434,
2024/5/21,0:00,1:00,0.7558,0.0269,
2024/5/21,1:00,2:00,0.3409,0.0121,
2024/5/21,2:00,3:00,0.2023,0.0072,
2024/5/21,3:00,4:00,0.0674,0.0024,
2024/5/21,4:00,5:00,0.1674,0.0059,
2024/5/21,5:00,6:00,0.0456,0.0016,
2024/5/21,6:00,7:00,0.4661,0.0166,
2024/5/21,7:00,8:00,1.7394,0.0621,
2024/5/21,8:00,9:00,1.4898,0.0532,
2024/5/21,9:00,10:00,0.8138,0.029,
2024/5/21,10:00,11:00,0.3281,0.0117,
2024/5/21,11:00,12:00,0.3384,0.012,
2024/5/21,12:00,13:00,0.2973,0.0106,
2024/5/21,13:00,14:00,0.1554,0.0055,
2024/5/21,14:00,15:00,0.2841,0.0101,
2024/5/21,15:00,16:00,0.3435,0.0122,
2024/5/21,16:00,17:00,0.4602,0.0164,
2024/5/21,17:00,18:00,1.2848,0.0458,
2024/5/21,18:00,19:00,1.2593,0.0449,
2024/5/21,19:00,20:00,1.9026,0.0679,
2024/5/21,20:00,21:00,2.3196,0.0828,
2024/5/21,21:00,22:00,1.2219,0.0436,
2024/5/21,22:00,23:00,1.3357,0.0477,
2024/5/21,23:00,0:00,0.9395,0.0335,
2024/5/22,0:00,1:00,0.9906,0.0353,
2024/5/22,1:00,2:00,0.5802,0.0207,
2024/5/22,2:00,3:00,0.1631,0.0058,
2024/5/22,3:00,4:00,0.0715,0.0025,
2024/5/22,4:00,5:00,0.2159,0.0077,
2024/5/22,5:00,6:00,0.1749,0.0062,
2024/5/22,6:00,7:00,0.7274,0.0259,
2024/5/22,7:00,8:00,1.2053,0.043,
2024/5/22,8:00,9:00,1.2912,0.0461,
2024/5/22,9:00,10:00,0.7199,0.0257,
2024/5/22,10:00,11:00,0.4009,0.0143,
2024/5/22,11:00,12:00,0.4462,0.0159,
2024/5/22,12:00,13:00,0.2317,0.0082,
2024/5/22,13:00,14:00,0.2943,0.0105,
2024/5/22,14:00,15:00,0.1166,0.0041,
2024/5/22,15:00,16:00,0.3432,0.0122,
2024/5/22,16:00,17:00,0.3911,0.0139,
2024/5/22,17:00,18:00,1.1109,0.0396,
2024/5/22,18:00,19:00,1.4661,0.0523,
2024/5/22,19:00,20:00,1.5885,0.0567,
2024/5/22,20:00,21:00,2.0807,0.0743,
2024/5/22,21:00,22:00,1.7101,0.061,
2024/5/22,22:00,23:00,1.1542,0.0412,
2024/5/22,23:00,0:00,1.1636,0.0415,
2024/5/23,0:00,1:00,0.3885,0.0138,
2024/5/23,1:00,2:00,0.4741,0.0169,
2024/5/23,2:00,3:00,0.208,0.0074,
2024/5/23,3:00,4:00,0.0731,0.0026,
2024/5/23,4:00,5:00,0.094,0.0033,
2024/5/23,5:00,6:00,0.1478,0.0052,
2024/5/23,6:00,7:00,0.6201,0.0221,
2024/5/23,7:00,8:00,1.2708,0.0453,
2024/5/23,8:00,9:00,1.4696,0.0524,
2024/5/23,9:00,10:00,0.7662,0.0273,
2024/5/23,10:00,11:00,0.4357,0.0155,
2024/5/23,11:00,12:00,0.3742,0.0133,
2024/5/23,12:00,13:00,0.2306,0.0082,
2024/5/23,13:00,14:00,0.4783,0.017,
2024/5/23,14:00,15:00,0.5596,0.0199,
2024/5/23,15:00,16:00,0.2272,0.0081,
2024/5/23,16:00,17:00,0.3047,0.0108,
2024/5/23,17:00,18:00,0.8738,0.0312,
2024/5/23,18:00,19:00,0.8003,0.0285,
2024/5/23,19:00,20:00,1.9436,0.0694,
2024/5/23,20:00,21:00,2.0135,0.0719,
2024/5/23,21:00,22:00,1.913,0.0683,
2024/5/23,22:00,23:00,1.6494,0.0589,
2024/5/23,23:00,0:00,1.0347,0.0369,
2024/5/24,0:00,1:00,0.5866,0.0209,
2024/5/24,1:00,2:00,0.313,0.0111,
2024/5/24,2:00,3:00,0.2766,0.0098,
2024/5/24,3:00,4:00,0.032,0.0011,
2024/5/24,4:00,5:00,0.3379,0.012,
2024/5/24,5:00,6:00,0.2858,0.0102,
2024/5/24,6:00,7:00,0.8542,0.0305,
2024/5/24,7:00,8:00,1.3025,0.0465,
2024/5/24,8:00,9:00,1.2539,0.0447,
2024/5/24,9:00,10:00,0.7779,0.0277,
2024/5/24,10:00,11:00,0.4873,0.0174,
2024/5/24,11:00,12:00,0.5616,0.02,
2024/5/24,12:00,13:00,0.4284,0.0153,
2024/5/24,13:00,14:00,0.5538,0.0197,
2024/5/24,14:00,15:00,0.3904,0.0139,
2024/5/24,15:00,16:00,0.2701,0.0096,
2024/5/24,16:00,17:00,0.3428,0.0122,
2024/5/24,17:00,18:00,1.3429,0.0479,
2024/5/24,18:00,19:00,0.7141,0.0255,
2024/5/24,19:00,20:00,1.3876,0.0495,
2024/5/24,20:00,21:00,1.7415,0.0621,
2024/5/24,21:00,22:00,1.543,0.0551,
2024/5/24,22:00,23:00,2.0262,0.0723,
2024/5/24,23:00,0:00,1.0678,0.0381,
2024/5/25,0:00,1:00,0.5463,0.0195,
2024/5/25,1:00,2:00,0.3165,0.0113,
2024/5/25,2:00,3:00,0.4885,0.0174,
2024/5/25,3:00,4:00,0.0633,0.0022,
2024/5/25,4:00,5:00,0.0454,0.0016,
2024/5/25,5:00,6:00,0.0499,0.0017,
2024/5/25,6:00,7:00,0.7994,0.0285,
2024/5/25,7:00,8:00,1.3377,0.0477,
2024/5/25,8:00,9:00,1.1156,0.0398,
2024/5/25,9:00,10:00,1.0454,0.0373,
2024/5/25,10:00,11:00,0.773,0.0276,
2024/5/25,11:00,12:00,0.7179,0.0256,
2024/5/25,12:00,13:00,0.8601,0.0307,
2024/5/25,13:00,14:00,0.6605,0.0235,
2024/5/25,14:00,15:00,0.4462,0.0159,
2024/5/25,15:00,16:00,0.646,0.023,
2024/5/25,16:00,17:00,0.6252,0.0223,
2024/5/25,17:00,18:00,0.8605,0.0307,
2024/5/25,18:00,19:00,1.239,0.0442,
2024/5/25,19:00,20:00,1.768,0.0631,
2024/5/25,20:00,21:00,1.3551,0.0483,
2024/5/25,21:00,22:00,1.8255,0.0651,
2024/5/25,22:00,23:00,1.615,0.0576,
2024/5/25,23:00,0:00,0.7295,0.026,
2024/5/26,0:00,1:00,0.9266,0.033,
2024/5/26,1:00,2:00,0.5813,0.0207,
2024/5/26,2:00,3:00,0.2398,0.0085,
2024/5/26,3:00,4:00,0.137,0.0048,
2024/5/26,4:00,5:00,0.063,0.0022,
2024/5/26,5:00,6:00,0.2615,0.0093,
2024/5/26,6:00,7:00,0.0928,0.0033,
2024/5/26,7:00,8:00,0.366,0.013,
2024/5/26,8:00,9:00,1.4822,0.0529,
2024/5/26,9:00,10:00,1.8821,0.0672,
2024/5/26,10:00,11:00,1.4869,0.0531,
2024/5/26,11:00,12:00,0.3905,0.0139,
2024/5/26,12:00,13:00,0.5344,0.019,
2024/5/26,13:00,14:00,0.6786,0.0242,
2024/5/26,14:00,15:00,0.6004,0.0214,
2024/5/26,15:00,16:00,0.4173,0.0149,
2024/5/26,16:00,17:00,0.2911,0.0103,
2024/5/26,17:00,18:00,1.0863,0.0387,
2024/5/26,18:00,19:00,1.6764,0.0598,
2024/5/26,19:00,20:00,1.8709,0.0668,
2024/5/26,20:00,21:00,2.4602,0.0878,
2024/5/26,21:00,22:00,2.2274,0.0795,
2024/5/26,22:00,23:00,1.5096,0.0539,
2024/5/26,23:00,0:00,0.9126,0.0325,
2024/5/27,0:00,1:00,0.6208,0.0221,
2024/5/27,1:00,2:00,0.2214,0.0079,
2024/5/27,2:00,3:00,0.1497,0.0053,
2024/5/27,3:00,4:00,0.0436,0.0015,
2024/5/27,4:00,5:00,0.0387,0.0013,
2024/5/27,5:00,6:00,0.2328,0.0083,
2024/5/27,6:00,7:00,0.8295,0.0296,
2024/5/27,7:00,8:00,1.459,0.0521,
2024/5/27,8:00,9:00,1.0089,0.036,
2024/5/27,9:00,10:00,0.7069,0.0252,
2024/5/27,10:00,11:00,0.3739,0.0133,
2024/5/27,11:00,12:00,0.1882,0.0067,
2024/5/27,12:00,13:00,0.3123,0.0111,
2024/5/27,13:00,14:00,0.2147,0.0076,
2024/5/27,14:00,15:00,0.1816,0.0064,
2024/5/27,15:00,16:00,0.094,0.0033,
2024/5/27,16:00,17:00,0.1856,0.0066,
2024/5/27,17:00,18:00,0.8523,0.0304,
2024/5/27,18:00,19:00,0.741,0.0264,
2024/5/27,19:00,20:00,1.4735,0.0526,
2024/5/27,20:00,21:00,2.6473,0.0945,
2024/5/27,21:00,22:00,2.2385,0.0799,
2024/5/27,22:00,23:00,1.4586,0.052,
2024/5/27,23:00,0:00,1.0255,0.0366,
2024/5/28,0:00,1:00,0.5388,0.0192,
2024/5/28,1:00,2:00,0.4481,0.016,
2024/5/28,2:00,3:00,0.1232,0.0044,
2024/5/28,3:00,4:00,0.227,0.0081,
2024/5/28,4:00,5:00,0.1915,0.0068,
2024/5/28,5:00,6:00,0.1966,0.007,
2024/5/28,6:00,7:00,0.654,0.0233,
2024/5/28,7:00,8:00,1.2539,0.0447,
2024/5/28,8:00,9:00,1.381,0.0493,
2024/5/28,9:00,10:00,0.7174,0.0256,
2024/5/28,10:00,11:00,0.4583,0.0163,
2024/5/28,11:00,12:00,0.2683,0.0095,
2024/5/28,12:00,13:00,0.2547,0.009,
2024/5/28,13:00,14:00,0.358,0.0127,
2024/5/28,14:00,15:00,0.3886,0.0138,
2024/5/28,15:00,16:00,0.3617,0.0129,
2024/5/28,16:00,17:00,0.8969,0.032,
2024/5/28,17:00,18:00,0.7556,0.0269,
2024/5/28,18:00,19:00,1.7405,0.0621,
2024/5/28,19:00,20:00,2.148,0.0767,
2024/5/28,20:00,21:00,1.9327,0.069,
2024/5/28,21:00,22:00,1.3729,0.049,
2024/5/28,22:00,23:00,1.3473,0.0481,
2024/5/28,23:00,0:00,1.0652,0.038,
2024/5/29,0:00,1:00,0.4521,0.0161,
2024/5/29,1:00,2:00,0.4897,0.0174,
2024/5/29,2:00,3:00,0.3005,0.0107,
2024/5/29,3:00,4:00,0.163,0.0058,
2024/5/29,4:00,5:00,0.0457,0.0016,
2024/5/29,5:00,6:00,0.0597,0.0021,
2024/5/29,6:00,7:00,0.7483,0.0267,
2024/5/29,7:00,8:00,1.3484,0.0481,
2024/5/29,8:00,9:00,1.4868,0.0531,
2024/5/29,9:00,10:00,0.9447,0.0337,
2024/5/29,10:00,11:00,0.5887,0.021,
2024/5/29,11:00,12:00,0.3642,0.013,
2024/5/29,12:00,13:00,0.3169,0.0113,
2024/5/29,13:00,14:00,0.3007,0.0107,
2024/5/29,14:00,15:00,0.4873,0.0174,
2024/5/29,15:00,16:00,0.1909,0.0068,
2024/5/29,16:00,17:00,0.4738,0.0169,
2024/5/29,17:00,18:00,1.1474,0.0409,
2024/5/29,18:00,19:00,0.9756,0.0348,
2024/5/29,19:00,20:00,1.7567,0.0627,
2024/5/29,20:00,21:00,1.8613,0.0664,
2024/5/29,21:00,22:00,2.0997,0.0749,
2024/5/29,22:00,23:00,1.4325,0.0511,
2024/5/29,23:00,0:00,0.777,0.0277,
2024/5/30,0:00,1:00,0.4845,0.0173,
2024/5/30,1:00,2:00,0.4883,0.0174,
2024/5/30,2:00,3:00,0.2343,0.0083,
2024/5/30,3:00,4:00,0.1542,0.0055,
2024/5/30,4:00,5:00,0.0952,0.0034,
2024/5/30,5:00,6:00,0.2867,0.0102,
2024/5/30,6:00,7:00,0.8352,0.0298,
2024/5/30,7:00,8:00,1.5154,0.0541,
2024/5/30,8:00,9:00,1.5827,0.0565,
2024/5/30,9:00,10:00,1.1926,0.0425,
2024/5/30,10:00,11:00,0.6945,0.0248,
2024/5/30,11:00,12:00,0.443,0.0158,
2024/5/30,12:00,13:00,0.2608,0.0093,
2024/5/30,13:00,14:00,0.313,0.0111,
2024/5/30,14:00,15:00,0.1823,0.0065,
2024/5/30,15:00,16:00,0.1931,0.0068,
2024/5/30,16:00,17:00,0.3471,0.0123,
2024/5/30,17:00,18:00,0.6449,0.023,
2024/5/30,18:00,19:00,1.1217,0.04,
2024/5/30,19:00,20:00,2.1561,0.077,
2024/5/30,20:00,21:00,1.8279,0.0652,
2024/5/30,21:00,22:00,1.9508,0.0696,
2024/5/30,22:00,23:00,1.2729,0.0454,
2024/5/30,23:00,0:00,1.2627,0.045,
2024/5/31,0:00,1:00,0.4097,0.0146,
2024/5/31,1:00,2:00,0.1372,0.0049,
2024/5/31,2:00,3:00,0.3223,0.0115,
2024/5/31,3:00,4:00,0.0272,0.0009,
2024/5/31,4:00,5:00,0.1495,0.0053,
2024/5/31,5:00,6:00,0.2917,0.0104,
2024/5/31,6:00,7:00,0.7025,0.025,
2024/5/31,7:00,8:00,1.3542,0.0483,
2024/5/31,8:00,9:00,1.1382,0.0406,
2024/5/31,9:00,10:00,0.6582,0.0235,
2024/5/31,10:00,11:00,0.5746,0.0205,
2024/5/31,11:00,12:00,0.6853,0.0244,
2024/5/31,12:00,13:00,0.559,0.0199,
2024/5/31,13:00,14:00,0.4541,0.0162,
2024/5/31,14:00,15:00,0.2495,0.0089,
2024/5/31,15:00,16:00,0.3694,0.0131,
2024/5/31,16:00,17:00,0.5509,0.0196,
2024/5/31,17:00,18:00,0.8757,0.0312,
2024/5/31,18:00,19:00,1.1391,0.0406,
2024/5/31,19:00,20:00,1.4534,0.0519,
2024/5/31,20:00,21:00,1.8141,0.0647,
2024/5/31,21:00,22:00,1.9975,0.0713,
2024/5/31,22:00,23:00,1.2547,0.0448,
2024/5/31,23:00,0:00,0.9486,0.0338,
2024/6/1,0:00,1:00,0.6023,0.0215,
2024/6/1,1:00,2:00,0.4191,0.0149,
2024/6/1,2:00,3:00,0.139,0.0049,
2024/6/1,3:00,4:00,0.3253,0.0116,
2024/6/1,4:00,5:00,0.0314,0.0011,
2024/6/1,5:00,6:00,0.1219,0.0043,
2024/6/1,6:00,7:00,0.2175,0.0077,
2024/6/1,7:00,8:00,0.8668,0.0309,
2024/6/1,8:00,9:00,1.3067,0.0466,
2024/6/1,9:00,10:00,1.5683,0.056,
2024/6/1,10:00,11:00,1.2697,0.0453,
2024/6/1,11:00,12:00,0.8133,0.029,
2024/6/1,12:00,13:00,0.5766,0.0205,
2024/6/1,13:00,14:00,0.5527,0.0197,
2024/6/1,14:00,15:00,0.5467,0.0195,
2024/6/1,15:00,16:00,0.7122,0.0254,
2024/6/1,16:00,17:00,0.31,0.011,
2024/6/1,17:00,18:00,0.971,0.0346,
2024/6/1,18:00,19:00,1.0829,0.0386,
2024/6/1,19:00,20:00,1.5817,0.0564,
2024/6/1,20:00,21:00,1.8771,0.067,
2024/6/1,21:00,22:00,1.4438,0.0515,
2024/6/1,22:00,23:00,1.3076,0.0467,
2024/6/1,23:00,0:00,1.2959,0.0462,
2024/6/2,0:00,1:00,0.628,0.0224,
2024/6/2,1:00,2:00,0.5607,0.02,
2024/6/2,2:00,3:00,0.4686,0.0167,
2024/6/2,3:00,4:00,0.0438,0.0015,
2024/6/2,4:00,5:00,0.0278,0.0009,
2024/6/2,5:00,6:00,0.022,0.0007,
2024/6/2,6:00,7:00,0.1032,0.0036,
2024/6/2,7:00,8:00,0.5636,0.0201,
2024/6/2,8:00,9:00,1.3863,0.0495,
2024/6/2,9:00,10:00,1.5774,0.0563,
2024/6/2,10:00,11:00,0.9578,0.0342,
2024/6/2,11:00,12:00,0.497,0.0177,
2024/6/2,12:00,13:00,1.0833,0.0386,
2024/6/2,13:00,14:00,1.5001,0.0535,
2024/6/2,14:00,15:00,0.2905,0.0103,
2024/6/2,15:00,16:00,0.5134,0.0183,
2024/6/2,16:00,17:00,0.749,0.0267,
2024/6/2,17:00,18:00,1.9397,0.0692,
2024/6/2,18:00,19:00,1.7325,0.0618,
2024/6/2,19:00,20:00,1.7478,0.0624,
2024/6/2,20:00,21:00,2.1945,0.0783,
2024/6/2,21:00,22:00,1.7903,0.0639,
2024/6/2,22:00,23:00,1.7116,0.0611,
2024/6/2,23:00,0:00,1.0811,0.0386,
2024/6/3,0:00,1:00,0.6377,0.0227,
2024/6/3,1:00,2:00,0.3,0.0107,
2024/6/3,2:00,3:00,0.2306,0.0082,
2024/6/3,3:00,4:00,0.1261,0.0045,
2024/6/3,4:00,5:00,0.0767,0.0027,
2024/6/3,5:00,6:00,0.0854,0.003,
2024/6/3,6:00,7:00,0.5567,0.0198,
2024/6/3,7:00,8:00,1.0501,0.0375,
2024/6/3,8:00,9:00,1.1163,0.0398,
2024/6/3,9:00,10:00,1.123,0.0401,
2024/6/3,10:00,11:00,0.5985,0.0213,
2024/6/3,11:00,12:00,0.3479,0.0124,
2024/6/3,12:00,13:00,0.2157,0.0077,
2024/6/3,13:00,14:00,0.1975,0.007,
2024/6/3,14:00,15:00,0.345,0.0123,
2024/6/3,15:00,16:00,0.6259,0.0223,
2024/6/3,16:00,17:00,0.8044,0.0287,
2024/6/3,17:00,18:00,1.0505,0.0375,
2024/6/3,18:00,19:00,0.9652,0.0344,
2024/6/3,19:00,20:00,2.0111,0.0718,
2024/6/3,20:00,21:00,2.1168,0.0756,
2024/6/3,21:00,22:00,2.1989,0.0785,
2024/6/3,22:00,23:00,1.4913,0.0532,
2024/6/3,23:00,0:00,1.0504,0.0375,
2024/6/4,0:00,1:00,0.6717,0.0239,
2024/6/4,1:00,2:00,0.3149,0.0112,
2024/6/4,2:00,3:00,0.3408,0.0121,
2024/6/4,3:00,4:00,0.1661,0.0059,
2024/6/4,4:00,5:00,0.1961,0.007,
2024/6/4,5:00,6:00,0.2724,0.0097,
2024/6/4,6:00,7:00,0.7044,0.0251,
2024/6/4,7:00,8:00,1.6594,0.0592,
2024/6/4,8:00,9:00,0.8241,0.0294,
2024/6/4,9:00,10:00,0.7254,0.0259,
2024/6/4,10:00,11:00,0.456,0.0162,
2024/6/4,11:00,12:00,0.4526,0.0161,
2024/6/4,12:00,13:00,0.2157,0.0077,
2024/6/4,13:00,14:00,0.3017,0.0107,
2024/6/4,14:00,15:00,0.232,0.0082,
2024/6/4,15:00,16:00,0.1882,0.0067,
2024/6/4,16:00,17:00,0.6069,0.0216,
2024/6/4,17:00,18:00,1.1921,0.0425,
2024/6/4,18:00,19:00,0.974,0.0347,
2024/6/4,19:00,20:00,2.1028,0.0751,
2024/6/4,20:00,21:00,1.9819,0.0707,
2024/6/4,21:00,22:00,1.9537,0.0697,
2024/6/4,22:00,23:00,1.4517,0.0518,
2024/6/4,23:00,0:00,1.108,0.0395,
2024/6/5,0:00,1:00,0.5705,0.0203,
2024/6/5,1:00,2:00,0.2825,0.01,
2024/6/5,2:00,3:00,0.1753,0.0062,
2024/6/5,3:00,4:00,0.2446,0.0087,
2024/6/5,4:00,5:00,0.0404,0.0014,
2024/6/5,5:00,6:00,0.2405,0.0085,
2024/6/5,6:00,7:00,0.7533,0.0269,
2024/6/5,7:00,8:00,1.5656,0.0559,
2024/6/5,8:00,9:00,1.3911,0.0496,
2024/6/5,9:00,10:00,0.9606,0.0343,
2024/6/5,10:00,11:00,0.8529,0.0304,
2024/6/5,11:00,12:00,0.4731,0.0168,
2024/6/5,12:00,13:00,0.5611,0.02,
2024/6/5,13:00,14:00,0.2745,0.0098,
2024/6/5,14:00,15:00,0.176,0.0062,
2024/6/5,15:00,16:00,0.1679,0.0059,
2024/6/5,16:00,17:00,0.5507,0.0196,
2024/6/5,17:00,18:00,1.1764,0.042,
2024/6/5,18:00,19:00,0.9368,0.0334,
2024/6/5,19:00,20:00,1.9164,0.0684,
2024/6/5,20:00,21:00,1.5909,0.0568,
2024/6/5,21:00,22:00,2.3326,0.0833,
2024/6/5,22:00,23:00,1.2687,0.0453,
2024/6/5,23:00,0:00,1.051,0.0375,
2024/6/6,0:00,1:00,0.6463,0.023,
2024/6/6,1:00,2:00,0.4539,0.0162,
2024/6/6,2:00,3:00,0.2018,0.0072,
2024/6/6,3:00,4:00,0.0393,0.0014,
2024/6/6,4:00,5:00,0.0679,0.0024,
2024/6/6,5:00,6:00,0.1385,0.0049,
2024/6/6,6:00,7:00,0.6857,0.0244,
2024/6/6,7:00,8:00,1.6236,0.0579,
2024/6/6,8:00,9:00,1.1449,0.0408,
2024/6/6,9:00,10:00,0.8975,0.032,
2024/6/6,10:00,11:00,0.3809,0.0136,
2024/6/6,11:00,12:00,0.4377,0.0156,
2024/6/6,12:00,13:00,0.3011,0.0107,
2024/6/6,13:00,14:00,0.4313,0.0154,
2024/6/6,14:00,15:00,0.3615,0.0129,
2024/6/6,15:00,16:00,0.2682,0.0095,
2024/6/6,16:00,17:00,0.4385,0.0156,
2024/6/6,17:00,18:00,1.0565,0.0377,
2024/6/6,18:00,19:00,0.8855,0.0316,
2024/6/6,19:00,20:00,2.6592,0.0949,
2024/6/6,20:00,21:00,2.0039,0.0715,
2024/6/6,21:00,22:00,2.0423,0.0729,
2024/6/6,22:00,23:00,1.5714,0.0561,
2024/6/6,23:00,0:00,1.1975,0.0427,
2024/6/7,0:00,1:00,0.6558,0.0234,
2024/6/7,1:00,2:00,0.4379,0.0156,
2024/6/7,2:00,3:00,0.2681,0.0095,
2024/6/7,3:00,4:00,0.0693,0.0024,
2024/6/7,4:00,5:00,0.052,0.0018,
2024/6/7,5:00,6:00,0.0659,0.0023,
2024/6/7,6:00,7:00,0.7962,0.0284,
2024/6/7,7:00,8:00,1.1276,0.0402,
2024/6/7,8:00,9:00,1.2176,0.0434,
2024/6/7,9:00,10:00,0.8992,0.0321,
2024/6/7,10:00,11:00,0.4352,0.0155,
2024/6/7,11:00,12:00,0.2927,0.0104,
2024/6/7,12:00,13:00,0.2582,0.0092,
2024/6/7,13:00,14:00,0.3473,0.0124,
2024/6/7,14:00,15:00,0.3239,0.0115,
2024/6/7,15:00,16:00,0.1846,0.0065,
2024/6/7,16:00,17:00,0.2289,0.0081,
2024/6/7,17:00,18:00,1.0541,0.0376,
2024/6/7,18:00,19:00,1.5915,0.0568,
2024/6/7,19:00,20:00,1.6861,0.0602,
2024/6/7,20:00,21:00,1.8907,0.0675,
2024/6/7,21:00,22:00,2.0621,0.0736,
2024/6/7,22:00,23:00,1.3866,0.0495,
2024/6/7,23:00,0:00,0.9781,0.0349,
2024/6/8,0:00,1:00,0.5178,0.0184,
2024/6/8,1:00,2:00,0.1886,0.0067,
2024/6/8,2:00,3:00,0.5601,0.02,
2024/6/8,3:00,4:00,0.0207,0.0007,
2024/6/8,4:00,5:00,0.0762,0.0027,
2024/6/8,5:00,6:00,0.2263,0.008,
2024/6/8,6:00,7:00,0.3133,0.0111,
2024/6/8,7:00,8:00,0.85,0.0303,
2024/6/8,8:00,9:00,1.499,0.0535,
2024/6/8,9:00,10:00,1.7862,0.0637,
2024/6/8,10:00,11:00,0.9468,0.0338,
2024/6/8,11:00,12:00,0.7052,0.0251,
2024/6/8,12:00,13:00,0.7909,0.0282,
2024/6/8,13:00,14:00,0.6755,0.0241,
2024/6/8,14:00,15:00,0.8151,0.0291,
2024/6/8,15:00,16:00,0.4502,0.016,
2024/6/8,16:00,17:00,0.5645,0.0201,
2024/6/8,17:00,18:00,0.9673,0.0345,
2024/6/8,18:00,19:00,1.449,0.0517,
2024/6/8,19:00,20:00,1.5945,0.0569,
2024/6/8,20:00,21:00,1.4794,0.0528,
2024/6/8,21:00,22:00,1.3486,0.0481,
2024/6/8,22:00,23:00,2.301,0.0821,
2024/6/8,23:00,0:00,1.0281,0.0367,
2024/6/9,0:00,1:00,0.5413,0.0193,
2024/6/9,1:00,2:00,0.2221,0.0079,
2024/6/9,2:00,3:00,0.1276,0.0045,
2024/6/9,3:00,4:00,0.2389,0.0085,
2024/6/9,4:00,5:00,0.1957,0.0069,
2024/6/9,5:00,6:00,0.0538,0.0019,
2024/6/9,6:00,7:00,0.1756,0.0062,
2024/6/9,7:00,8:00,0.6263,0.0223,
2024/6/9,8:00,9:00,1.301,0.0464,
2024/6/9,9:00,10:00,1.7052,0.0609,
2024/6/9,10:00,11:00,1.2435,0.0444,
2024/6/9,11:00,12:00,0.96,0.0342,
2024/6/9,12:00,13:00,0.5481,0.0195,
2024/6/9,13:00,14:00,0.4131,0.0147,
2024/6/9,14:00,15:00,0.389,0.0138,
2024/6/9,15:00,16:00,0.6249,0.0223,
2024/6/9,16:00,17:00,0.2339,0.0083,
2024/6/9,17:00,18:00,0.8191,0.0292,
2024/6/9,18:00,19:00,1.8374,0.0656,
2024/6/9,19:00,20:00,1.6774,0.0599,
2024/6/9,20:00,21:00,2.2742,0.0812,
2024/6/9,21:00,22:00,2.1327,0.0761,
2024/6/9,22:00,23:00,1.903,0.0679,
2024/6/9,23:00,0:00,1.0939,0.039,
2024/6/10,0:00,1:00,0.5333,0.019,
2024/6/10,1:00,2:00,0.5955,0.0212,
2024/6/10,2:00,3:00,0.2359,0.0084,
2024/6/10,3:00,4:00,0.1031,0.0036,
2024/6/10,4:00,5:00,0.0773,0.0027,
2024/6/10,5:00,6:00,0.0776,0.0027,
2024/6/10,6:00,7:00,0.8205,0.0293,
2024/6/10,7:00,8:00,1.4296,0.051,
2024/6/10,8:00,9:00,1.0767,0.0384,
2024/6/10,9:00,10:00,0.8417,0.03,
2024/6/10,10:00,11:00,0.3912,0.0139,
2024/6/10,11:00,12:00,0.1815,0.0064,
2024/6/10,12:00,13:00,0.1907,0.0068,
2024/6/10,13:00,14:00,0.205,0.0073,
2024/6/10,14:00,15:00,0.418,0.0149,
2024/6/10,15:00,16:00,0.2324,0.0083,
2024/6/10,16:00,17:00,0.4021,0.0143,
2024/6/10,17:00,18:00,0.8889,0.0317,
2024/6/10,18:00,19:00,0.987,0.0352,
2024/6/10,19:00,20:00,2.2895,0.0817,
2024/6/10,20:00,21:00,1.9891,0.071,
2024/6/10,21:00,22:00,1.571,0.0561,
2024/6/10,22:00,23:00,1.4421,0.0515,
2024/6/10,23:00,0:00,1.0302,0.0367,
2024/6/11,0:00,1:00,0.6616,0.0236,
2024/6/11,1:00,2:00,0.5195,0.0185,
2024/6/11,2:00,3:00,0.2423,0.0086,
2024/6/11,3:00,4:00,0.0605,0.0021,
2024/6/11,4:00,5:00,0.2223,0.0079,
2024/6/11,5:00,6:00,0.1399,0.0049,
2024/6/11,6:00,7:00,0.9779,0.0349,
2024/6/11,7:00,8:00,1.3924,0.0497,
2024/6/11,8:00,9:00,1.3086,0.0467,
2024/6/11,9:00,10:00,1.0348,0.0369,
2024/6/11,10:00,11:00,0.7182,0.0256,
2024/6/11,11:00,12:00,0.3854,0.0137,
2024/6/11,12:00,13:00,0.1638,0.0058,
2024/6/11,13:00,14:00,0.2713,0.0096,
2024/6/11,14:00,15:00,0.4072,0.0145,
2024/6/11,15:00,16:00,0.5056,0.018,
2024/6/11,16:00,17:00,0.638,0.0227,
2024/6/11,17:00,18:00,1.0215,0.0364,
2024/6/11,18:00,19:00,1.5216,0.0543,
2024/6/11,19:00,20:00,2.0979,0.0749,
2024/6/11,20:00,21:00,1.989,0.071,
2024/6/11,21:00,22:00,1.8871,0.0673,
2024/6/11,22:00,23:00,1.4528,0.0518,
2024/6/11,23:00,0:00,1.363,0.0486,
2024/6/12,0:00,1:00,0.7004,0.025,
2024/6/12,1:00,2:00,0.503,0.0179,
2024/6/12,2:00,3:00,0.2251,0.008,
2024/6/12,3:00,4:00,0.0397,0.0014,
2024/6/12,4:00,5:00,0.0564,0.002,
2024/6/12,5:00,6:00,0.164,0.0058,
2024/6/12,6:00,7:00,0.8699,0.031,
2024/6/12,7:00,8:00,1.7145,0.0612,
2024/6/12,8:00,9:00,1.3325,0.0475,
2024/6/12,9:00,10:00,1.0321,0.0368,
2024/6/12,10:00,11:00,0.4912,0.0175,
2024/6/12,11:00,12:00,0.5015,0.0179,
2024/6/12,12:00,13:00,0.397,0.0141,
2024/6/12,13:00,14:00,0.3029,0.0108,
2024/6/12,14:00,15:00,0.2161,0.0077,
2024/6/12,15:00,16:00,0.2966,0.0105,
2024/6/12,16:00,17:00,0.3062,0.0109,
2024/6/12,17:00,18:00,1.0343,0.0369,
2024/6/12,18:00,19:00,1.2982,0.0463,
2024/6/12,19:00,20:00,1.9674,0.0702,
2024/6/12,20:00,21:00,1.8148,0.0648,
2024/6/12,21:00,22:00,2.0029,0.0715,
2024/6/12,22:00,23:00,1.5455,0.0551,
2024/6/12,23:00,0:00,1.1103,0.0396,
2024/6/13,0:00,1:00,0.6667,0.0238,
2024/6/13,1:00,2:00,0.1832,0.0065,
2024/6/13,2:00,3:00,0.1819,0.0064,
2024/6/13,3:00,4:00,0.2463,0.0087,
2024/6/13,4:00,5:00,0.029,0.001,
2024/6/13,5:00,6:00,0.2057,0.0073,
2024/6/13,6:00,7:00,1.0251,0.0366,
2024/6/13,7:00,8:00,1.431,0.0511,
2024/6/13,8:00,9:00,1.3688,0.0488,
2024/6/13,9:00,10:00,1.047,0.0373,
2024/6/13,10:00,11:00,0.6522,0.0232,
2024/6/13,11:00,12:00,0.3482,0.0124,
2024/6/13,12:00,13:00,0.4979,0.0177,
2024/6/13,13:00,14:00,0.3862,0.0137,
2024/6/13,14:00,15:00,0.3879,0.0138,
2024/6/13,15:00,16:00,0.8284,0.0295,
2024/6/13,16:00,17:00,0.7758,0.0277,
2024/6/13,17:00,18:00,0.8341,0.0297,
2024/6/13,18:00,19:00,1.5941,0.0569,
2024/6/13,19:00,20:00,1.4843,0.053,
2024/6/13,20:00,21:00,1.6083,0.0574,
2024/6/13,21:00,22:00,2.5664,0.0916,
2024/6/13,22:00,23:00,1.0845,0.0387,
2024/6/13,23:00,0:00,1.1514,0.0411,
2024/6/14,0:00,1:00,0.6996,0.0249,
2024/6/14,1:00,2:00,0.4447,0.0158,
2024/6/14,2:00,3:00,0.2285,0.0081,
2024/6/14,3:00,4:00,0.0341,0.0012,
2024/6/14,4:00,5:00,0.0211,0.0007,
2024/6/14,5:00,6:00,0.1369,0.0048,
2024/6/14,6:00,7:00,0.9727,0.0347,
2024/6/14,7:00,8:00,1.6216,0.0579,
2024/6/14,8:00,9:00,1.5175,0.0541,
2024/6/14,9:00,10:00,1.1486,0.041,
2024/6/14,10:00,11:00,0.5246,0.0187,
2024/6/14,11:00,12:00,0.1951,0.0069,
2024/6/14,12:00,13:00,0.2626,0.0093,
2024/6/14,13:00,14:00,0.3122,0.0111,
2024/6/14,14:00,15:00,0.3957,0.0141,
2024/6/14,15:00,16:00,0.2735,0.0097,
2024/6/14,16:00,17:00,0.4456,0.0159,
2024/6/14,17:00,18:00,0.6532,0.0233,
2024/6/14,18:00,19:00,1.2802,0.0457,
2024/6/14,19:00,20:00,1.2113,0.0432,
2024/6/14,20:00,21:00,2.5355,0.0905,
2024/6/14,21:00,22:00,1.5277,0.0545,
2024/6/14,22:00,23:00,2.0792,0.0742,
2024/6/14,23:00,0:00,0.9228,0.0329,
2024/6/15,0:00,1:00,0.5339,0.019,
2024/6/15,1:00,2:00,0.5662,0.0202,
2024/6/15,2:00,3:00,0.1432,0.0051,
2024/6/15,3:00,4:00,0.2145,0.0076,
2024/6/15,4:00,5:00,0.0661,0.0023,
2024/6/15,5:00,6:00,0.0561,0.002,
2024/6/15,6:00,7:00,0.4689,0.0167,
2024/6/15,7:00,8:00,1.2038,0.0429,
2024/6/15,8:00,9:00,1.1212,0.04,
2024/6/15,9:00,10:00,1.3989,0.0499,
2024/6/15,10:00,11:00,1.2106,0.0432,
2024/6/15,11:00,12:00,0.7297,0.026,
2024/6/15,12:00,13:00,0.6236,0.0222,
2024/6/15,13:00,14:00,0.6151,0.0219,
2024/6/15,14:00,15:00,0.5995,0.0214,
2024/6/15,15:00,16:00,0.5105,0.0182,
2024/6/15,16:00,17:00,0.861,0.0307,
2024/6/15,17:00,18:00,1.0789,0.0385,
2024/6/15,18:00,19:00,1.3721,0.049,
2024/6/15,19:00,20:00,1.9635,0.0701,
2024/6/15,20:00,21:00,1.855,0.0662,
2024/6/15,21:00,22:00,1.7818,0.0636,
2024/6/15,22:00,23:00,0.861,0.0307,
2024/6/15,23:00,0:00,0.9393,0.0335,
2024/6/16,0:00,1:00,0.7705,0.0275,
2024/6/16,1:00,2:00,0.229,0.0081,
2024/6/16,2:00,3:00,0.1407,0.005,
2024/6/16,3:00,4:00,0.0225,0.0008,
2024/6/16,4:00,5:00,0.0516,0.0018,
2024/6/16,5:00,6:00,0.1626,0.0058,
2024/6/16,6:00,7:00,0.2422,0.0086,
2024/6/16,7:00,8:00,0.3941,0.014,
2024/6/16,8:00,9:00,1.5297,0.0546,
2024/6/16,9:00,10:00,1.3885,0.0495,
2024/6/16,10:00,11:00,1.4305,0.051,
2024/6/16,11:00,12:00,0.8,0.0285,
2024/6/16,12:00,13:00,0.6192,0.0221,
2024/6/16,13:00,14:00,0.7646,0.0273,
2024/6/16,14:00,15:00,0.6513,0.0232,
2024/6/16,15:00,16:00,0.461,0.0164,
2024/6/16,16:00,17:00,0.3367,0.012,
2024/6/16,17:00,18:00,0.7581,0.027,
2024/6/16,18:00,19:00,1.3235,0.0472,
2024/6/16,19:00,20:00,1.8779,0.067,
2024/6/16,20:00,21:00,2.1975,0.0784,
2024/6/16,21:00,22:00,1.9245,0.0687,
2024/6/16,22:00,23:00,1.3685,0.0488,
2024/6/16,23:00,0:00,1.0019,0.0357,
2024/6/17,0:00,1:00,0.8236,0.0294,
2024/6/17,1:00,2:00,0.5614,0.02,
2024/6/17,2:00,3:00,0.2614,0.0093,
2024/6/17,3:00,4:00,0.0117,0.0004,
2024/6/17,4:00,5:00,0.1067,0.0038,
2024/6/17,5:00,6:00,0.3533,0.0126,
2024/6/17,6:00,7:00,1.0109,0.0361,
2024/6/17,7:00,8:00,1.5725,0.0561,
2024/6/17,8:00,9:00,1.4857,0.053,
2024/6/17,9:00,10:00,0.6714,0.0239,
2024/6/17,10:00,11:00,0.3963,0.0141,
2024/6/17,11:00,12:00,0.2151,0.0076,
2024/6/17,12:00,13:00,0.5914,0.0211,
2024/6/17,13:00,14:00,0.372,0.0132,
2024/6/17,14:00,15:00,0.2921,0.0104,
2024/6/17,15:00,16:00,0.3821,0.0136,
2024/6/17,16:00,17:00,0.5292,0.0189,
2024/6/17,17:00,18:00,0.9999,0.0357,
2024/6/17,18:00,19:00,1.7184,0.0613,
2024/6/17,19:00,20:00,2.2504,0.0803,
2024/6/17,20:00,21:00,2.1637,0.0772,
2024/6/17,21:00,22:00,1.0492,0.0374,
2024/6/17,22:00,23:00,1.3933,0.0497,
2024/6/17,23:00,0:00,1.0054,0.0359,
2024/6/18,0:00,1:00,0.4684,0.0167,
2024/6/18,1:00,2:00,0.253,0.009,
2024/6/18,2:00,3:00,0.2514,0.0089,
2024/6/18,3:00,4:00,0.1785,0.0063,
2024/6/18,4:00,5:00,0.026,0.0009,
2024/6/18,5:00,6:00,0.1667,0.0059,
2024/6/18,6:00,7:00,0.9097,0.0324,
2024/6/18,7:00,8:00,1.6042,0.0572,
2024/6/18,8:00,9:00,0.8555,0.0305,
2024/6/18,9:00,10:00,0.9628,0.0343,
2024/6/18,10:00,11:00,0.4079,0.0145,
2024/6/18,11:00,12:00,0.1842,0.0065,
2024/6/18,12:00,13:00,0.416,0.0148,
2024/6/18,13:00,14:00,0.2781,0.0099,
2024/6/18,14:00,15:00,0.2155,0.0076,
2024/6/18,15:00,16:00,0.2723,0.0097,
2024/6/18,16:00,17:00,1.0025,0.0358,
2024/6/18,17:00,18:00,1.0572,0.0377,
2024/6/18,18:00,19:00,0.9991,0.0356,
2024/6/18,19:00,20:00,2.36,0.0842,
2024/6/18,20:00,21:00,1.6248,0.058,
2024/6/18,21:00,22:00,1.8535,0.0661,
2024/6/18,22:00,23:00,1.7246,0.0615,
2024/6/18,23:00,0:00,0.7622,0.0272,
2024/6/19,0:00,1:00,0.7735,0.0276,
2024/6/19,1:00,2:00,0.4398,0.0157,
2024/6/19,2:00,3:00,0.2487,0.0088,
2024/6/19,3:00,4:00,0.0591,0.0021,
2024/6/19,4:00,5:00,0.2053,0.0073,
2024/6/19,5:00,6:00,0.0534,0.0019,
2024/6/19,6:00,7:00,0.9824,0.035,
2024/6/19,7:00,8:00,1.5474,0.0552,
2024/6/19,8:00,9:00,1.7601,0.0628,
2024/6/19,9:00,10:00,1.1366,0.0405,
2024/6/19,10:00,11:00,0.6232,0.0222,
2024/6/19,11:00,12:00,0.4286,0.0153,
2024/6/19,12:00,13:00,0.3298,0.0117,
2024/6/19,13:00,14:00,0.3252,0.0116,
2024/6/19,14:00,15:00,0.5979,0.0213,
2024/6/19,15:00,16:00,0.3602,0.0128,
2024/6/19,16:00,17:00,0.4618,0.0164,
2024/6/19,17:00,18:00,1.0502,0.0375,
2024/6/19,18:00,19:00,1.6441,0.0587,
2024/6/19,19:00,20:00,2.0005,0.0714,
2024/6/19,20:00,21:00,1.8422,0.0657,
2024/6/19,21:00,22:00,2.2274,0.0795,
2024/6/19,22:00,23:00,1.2909,0.0461,
2024/6/19,23:00,0:00,1.0777,0.0384,
2024/6/20,0:00,1:00,0.5866,0.0209,
2024/6/20,1:00,2:00,0.3852,0.0137,
2024/6/20,2:00,3:00,0.2808,0.01,
2024/6/20,3:00,4:00,0.2403,0.0085,
2024/6/20,4:00,5:00,0.0422,0.0015,
2024/6/20,5:00,6:00,0.2015,0.0071,
2024/6/20,6:00,7:00,0.937,0.0334,
2024/6/20,7:00,8:00,1.6692,0.0596,
2024/6/20,8:00,9:00,1.4789,0.0528,
2024/6/20,9:00,10:00,0.9078,0.0324,
2024/6/20,10:00,11:00,0.519,0.0185,
2024/6/20,11:00,12:00,0.3643,0.013,
2024/6/20,12:00,13:00,0.2225,0.0079,
2024/6/20,13:00,14:00,0.4039,0.0144,
2024/6/20,14:00,15:00,0.2548,0.0091,
2024/6/20,15:00,16:00,0.3091,0.011,
2024/6/20,16:00,17:00,0.692,0.0247,
2024/6/20,17:00,18:00,0.816,0.0291,
2024/6/20,18:00,19:00,1.1836,0.0422,
2024/6/20,19:00,20:00,1.9027,0.0679,
2024/6/20,20:00,21:00,2.3115,0.0825,
2024/6/20,21:00,22:00,1.7047,0.0608,
2024/6/20,22:00,23:00,1.2768,0.0456,
2024/6/20,23:00,0:00,1.0772,0.0384,
2024/6/21,0:00,1:00,0.812,0.029,
2024/6/21,1:00,2:00,0.6639,0.0237,
2024/6/21,2:00,3:00,0.205,0.0073,
2024/6/21,3:00,4:00,0.1444,0.0051,
2024/6/21,4:00,5:00,0.202,0.0072,
2024/6/21,5:00,6:00,0.0716,0.0025,
2024/6/21,6:00,7:00,0.9053,0.0323,
2024/6/21,7:00,8:00,1.2314,0.0439,
2024/6/21,8:00,9:00,1.4249,0.0508,
2024/6/21,9:00,10:00,1.1786,0.042,
2024/6/21,10:00,11:00,0.5823,0.0207,
2024/6/21,11:00,12:00,0.4105,0.0146,
2024/6/21,12:00,13:00,0.3728,0.0133,
2024/6/21,13:00,14:00,0.314,0.0112,
2024/6/21,14:00,15:00,0.3309,0.0118,
2024/6/21,15:00,16:00,0.6762,0.0241,
2024/6/21,16:00,17:00,0.5765,0.0205,
2024/6/21,17:00,18:00,0.697,0.0248,
2024/6/21,18:00,19:00,2.0296,0.0724,
2024/6/21,19:00,20:00,1.454,0.0519,
2024/6/21,20:00,21:00,1.6033,0.0572,
2024/6/21,21:00,22:00,1.6871,0.0602,
2024/6/21,22:00,23:00,1.6384,0.0585,
2024/6/21,23:00,0:00,1.474,0.0526,
2024/6/22,0:00,1:00,0.8095,0.0289,
2024/6/22,1:00,2:00,0.275,0.0098,
2024/6/22,2:00,3:00,0.4846,0.0173,
2024/6/22,3:00,4:00,0.0839,0.0029,
2024/6/22,4:00,5:00,0.0578,0.002,
2024/6/22,5:00,6:00,0.1878,0.0067,
2024/6/22,6:00,7:00,0.511,0.0182,
2024/6/22,7:00,8:00,0.7896,0.0282,
2024/6/22,8:00,9:00,1.1324,0.0404,
2024/6/22,9:00,10:00,1.556,0.0555,
2024/6/22,10:00,11:00,0.9936,0.0354,
2024/6/22,11:00,12:00,0.5271,0.0188,
2024/6/22,12:00,13:00,0.7556,0.0269,
2024/6/22,13:00,14:00,0.525,0.0187,
2024/6/22,14:00,15:00,0.402,0.0143,
2024/6/22,15:00,16:00,0.3013,0.0107,
2024/6/22,16:00,17:00,0.6428,0.0229,
2024/6/22,17:00,18:00,1.2401,0.0442,
2024/6/22,18:00,19:00,1.6833,0.0601,
2024/6/22,19:00,20:00,1.581,0.0564,
2024/6/22,20:00,21:00,1.8005,0.0643,
2024/6/22,21:00,22:00,1.5218,0.0543,
2024/6/22,22:00,23:00,2.3361,0.0834,
2024/6/22,23:00,0:00,1.3286,0.0474,
2024/6/23,0:00,1:00,0.7644,0.0273,
2024/6/23,1:00,2:00,0.4571,0.0163,
2024/6/23,2:00,3:00,0.3086,0.011,
2024/6/23,3:00,4:00,0.081,0.0028,
2024/6/23,4:00,5:00,0.084,0.003,
2024/6/23,5:00,6:00,0.1399,0.0049,
2024/6/23,6:00,7:00,0.0642,0.0022,
2024/6/23,7:00,8:00,0.4713,0.0168,
2024/6/23,8:00,9:00,1.103,0.0393,
2024/6/23,9:00,10:00,1.7967,0.0641,
2024/6/23,10:00,11:00,1.0664,0.038,
2024/6/23,11:00,12:00,0.5435,0.0194,
2024/6/23,12:00,13:00,1.033,0.0368,
2024/6/23,13:00,14:00,0.8145,0.029,
2024/6/23,14:00,15:00,0.5783,0.0206,
2024/6/23,15:00,16:00,0.5881,0.021,
2024/6/23,16:00,17:00,0.8548,0.0305,
2024/6/23,17:00,18:00,1.1071,0.0395,
2024/6/23,18:00,19:00,1.462,0.0522,
2024/6/23,19:00,20:00,1.857,0.0663,
2024/6/23,20:00,21:00,1.969,0.0703,
2024/6/23,21:00,22:00,2.1449,0.0766,
2024/6/23,22:00,23:00,1.4754,0.0526,
2024/6/23,23:00,0:00,1.3615,0.0486,
2024/6/24,0:00,1:00,0.5978,0.0213,
2024/6/24,1:00,2:00,0.3852,0.0137,
2024/6/24,2:00,3:00,0.1318,0.0047,
2024/6/24,3:00,4:00,0.0434,0.0015,
2024/6/24,4:00,5:00,0.0494,0.0017,
2024/6/24,5:00,6:00,0.1141,0.004,
2024/6/24,6:00,7:00,0.6335,0.0226,
2024/6/24,7:00,8:00,1.7528,0.0626,
2024/6/24,8:00,9:00,1.2219,0.0436,
2024/6/24,9:00,10:00,1.2755,0.0455,
2024/6/24,10:00,11:00,0.4556,0.0162,
2024/6/24,11:00,12:00,0.2908,0.0103,
2024/6/24,12:00,13:00,0.2354,0.0084,
2024/6/24,13:00,14:00,0.3286,0.0117,
2024/6/24,14:00,15:00,0.4088,0.0146,
2024/6/24,15:00,16:00,0.512,0.0182,
2024/6/24,16:00,17:00,0.5545,0.0198,
2024/6/24,17:00,18:00,0.6332,0.0226,
2024/6/24,18:00,19:00,1.9942,0.0712,
2024/6/24,19:00,20:00,2.3556,0.0841,
2024/6/24,20:00,21:00,1.6507,0.0589,
2024/6/24,21:00,22:00,2.2007,0.0785,
2024/6/24,22:00,23:00,1.3079,0.0467,
2024/6/24,23:00,0:00,0.9452,0.0337,
2024/6/25,0:00,1:00,0.5104,0.0182,
2024/6/25,1:00,2:00,0.943,0.0336,
2024/6/25,2:00,3:00,0.1853,0.0066,
2024/6/25,3:00,4:00,0.2045,0.0073,
2024/6/25,4:00,5:00,0.0208,0.0007,
2024/6/25,5:00,6:00,0.2228,0.0079,
2024/6/25,6:00,7:00,0.6371,0.0227,
2024/6/25,7:00,8:00,1.7143,0.0612,
2024/6/25,8:00,9:00,1.6225,0.0579,
2024/6/25,9:00,10:00,0.9134,0.0326,
2024/6/25,10:00,11:00,0.5739,0.0204,
2024/6/25,11:00,12:00,0.4884,0.0174,
2024/6/25,12:00,13:00,0.2127,0.0075,
2024/6/25,13:00,14:00,0.2203,0.0078,
2024/6/25,14:00,15:00,0.2894,0.0103,
2024/6/25,15:00,16:00,0.2772,0.0099,
2024/6/25,16:00,17:00,0.438,0.0156,
2024/6/25,17:00,18:00,0.8286,0.0295,
2024/6/25,18:00,19:00,1.4395,0.0514,
2024/6/25,19:00,20:00,2.4367,0.087,
2024/6/25,20:00,21:00,1.7743,0.0633,
2024/6/25,21:00,22:00,1.7849,0.0637,
2024/6/25,22:00,23:00,1.377,0.0491,
2024/6/25,23:00,0:00,1.2735,0.0454,
2024/6/26,0:00,1:00,0.6198,0.0221,
2024/6/26,1:00,2:00,0.8215,0.0293,
2024/6/26,2:00,3:00,0.2807,0.01,
2024/6/26,3:00,4:00,0.0457,0.0016,
2024/6/26,4:00,5:00,0.1152,0.0041,
2024/6/26,5:00,6:00,0.1717,0.0061,
2024/6/26,6:00,7:00,0.8055,0.0287,
2024/6/26,7:00,8:00,1.3376,0.0477,
2024/6/26,8:00,9:00,0.9231,0.0329,
2024/6/26,9:00,10:00,0.4976,0.0177,
2024/6/26,10:00,11:00,0.3531,0.0126,
2024/6/26,11:00,12:00,0.348,0.0124,
2024/6/26,12:00,13:00,0.2626,0.0093,
2024/6/26,13:00,14:00,0.363,0.0129,
2024/6/26,14:00,15:00,0.4603,0.0164,
2024/6/26,15:00,16:00,0.1728,0.0061,
2024/6/26,16:00,17:00,0.3979,0.0142,
2024/6/26,17:00,18:00,1.2399,0.0442,
2024/6/26,18:00,19:00,1.9052,0.068,
2024/6/26,19:00,20:00,1.2089,0.0431,
2024/6/26,20:00,21:00,2.0318,0.0725,
2024/6/26,21:00,22:00,1.9928,0.0711,
2024/6/26,22:00,23:00,1.1475,0.0409,
2024/6/26,23:00,0:00,1.325,0.0473,
2024/6/27,0:00,1:00,0.7,0.025,
2024/6/27,1:00,2:00,0.5591,0.0199,
2024/6/27,2:00,3:00,0.3596,0.0128,
2024/6/27,3:00,4:00,0.0404,0.0014,
2024/6/27,4:00,5:00,0.0205,0.0007,
2024/6/27,5:00,6:00,0.065,0.0023,
2024/6/27,6:00,7:00,0.6534,0.0233,
2024/6/27,7:00,8:00,1.7273,0.0616,
2024/6/27,8:00,9:00,1.3384,0.0478,
2024/6/27,9:00,10:00,0.7553,0.0269,
2024/6/27,10:00,11:00,0.6895,0.0246,
2024/6/27,11:00,12:00,0.2838,0.0101,
2024/6/27,12:00,13:00,0.3076,0.0109,
2024/6/27,13:00,14:00,0.5541,0.0197,
2024/6/27,14:00,15:00,0.465,0.0166,
2024/6/27,15:00,16:00,0.3496,0.0124,
2024/6/27,16:00,17:00,0.629,0.0224,
2024/6/27,17:00,18:00,0.7642,0.0272,
2024/6/27,18:00,19:00,1.2511,0.0446,
2024/6/27,19:00,20:00,1.4364,0.0513,
2024/6/27,20:00,21:00,1.8107,0.0646,
2024/6/27,21:00,22:00,2.1885,0.0781,
2024/6/27,22:00,23:00,1.7775,0.0634,
2024/6/27,23:00,0:00,0.9029,0.0322,
2024/6/28,0:00,1:00,0.7514,0.0268,
2024/6/28,1:00,2:00,0.5519,0.0197,
2024/6/28,2:00,3:00,0.1131,0.004,
2024/6/28,3:00,4:00,0.0188,0.0006,
2024/6/28,4:00,5:00,0.0354,0.0012,
2024/6/28,5:00,6:00,0.0648,0.0023,
2024/6/28,6:00,7:00,0.6167,0.022,
2024/6/28,7:00,8:00,1.4487,0.0517,
2024/6/28,8:00,9:00,1.1141,0.0397,
2024/6/28,9:00,10:00,1.0915,0.0389,
2024/6/28,10:00,11:00,0.3613,0.0129,
2024/6/28,11:00,12:00,0.3174,0.0113,
2024/6/28,12:00,13:00,0.6955,0.0248,
2024/6/28,13:00,14:00,0.4251,0.0151,
2024/6/28,14:00,15:00,0.3035,0.0108,
2024/6/28,15:00,16:00,0.3585,0.0128,
2024/6/28,16:00,17:00,0.4103,0.0146,
2024/6/28,17:00,18:00,0.5413,0.0193,
2024/6/28,18:00,19:00,1.8625,0.0665,
2024/6/28,19:00,20:00,2.1954,0.0784,
2024/6/28,20:00,21:00,1.505,0.0537,
2024/6/28,21:00,22:00,1.8555,0.0662,
2024/6/28,22:00,23:00,1.2086,0.0431,
2024/6/28,23:00,0:00,0.8679,0.0309,
2024/6/29,0:00,1:00,0.4781,0.017,
2024/6/29,1:00,2:00,0.4013,0.0143,
2024/6/29,2:00,3:00,0.158,0.0056,
2024/6/29,3:00,4:00,0.0603,0.0021,
2024/6/29,4:00,5:00,0.2186,0.0078,
2024/6/29,5:00,6:00,0.0162,0.0005,
2024/6/29,6:00,7:00,0.3875,0.0138,
2024/6/29,7:00,8:00,0.6536,0.0233,
2024/6/29,8:00,9:00,1.3622,0.0486,
2024/6/29,9:00,10:00,1.1377,0.0406,
2024/6/29,10:00,11:00,1.1012,0.0393,
2024/6/29,11:00,12:00,0.5599,0.0199,
2024/6/29,12:00,13:00,0.6042,0.0215,
2024/6/29,13:00,14:00,0.9513,0.0339,
2024/6/29,14:00,15:00,0.5611,0.02,
2024/6/29,15:00,16:00,0.3906,0.0139,
2024/6/29,16:00,17:00,0.5436,0.0194,
2024/6/29,17:00,18:00,0.5982,0.0213,
2024/6/29,18:00,19:00,0.9818,0.035,
2024/6/29,19:00,20:00,1.1859,0.0423,
2024/6/29,20:00,21:00,1.9852,0.0709,
2024/6/29,21:00,22:00,1.7651,0.063,
2024/6/29,22:00,23:00,1.6014,0.0571,
2024/6/29,23:00,0:00,1.021,0.0364,
2024/6/30,0:00,1:00,0.8983,0.032,
2024/6/30,1:00,2:00,0.4128,0.0147,
2024/6/30,2:00,3:00,0.2489,0.0088,
2024/6/30,3:00,4:00,0.3321,0.0118,
2024/6/30,4:00,5:00,0.0389,0.0013,
2024/6/30,5:00,6:00,0.1242,0.0044,
2024/6/30,6:00,7:00,0.2783,0.0099,
2024/6/30,7:00,8:00,0.5918,0.0211,
2024/6/30,8:00,9:00,1.6993,0.0606,
2024/6/30,9:00,10:00,1.5917,0.0568,
2024/6/30,10:00,11:00,1.5311,0.0546,
2024/6/30,11:00,12:00,0.8298,0.0296,
2024/6/30,12:00,13:00,0.4253,0.0151,
2024/6/30,13:00,14:00,0.6557,0.0234,
2024/6/30,14:00,15:00,0.6919,0.0247,
2024/6/30,15:00,16:00,0.4759,0.0169,
2024/6/30,16:00,17:00,0.5021,0.0179,
2024/6/30,17:00,18:00,1.4555,0.0519,
2024/6/30,18:00,19:00,2.0435,0.0729,
2024/6/30,19:00,20:00,1.8752,0.0669,
2024/6/30,20:00,21:00,1.9722,0.0704,
2024/6/30,21:00,22:00,1.5305,0.0546,
2024/6/30,22:00,23:00,1.4156,0.0505,
2024/6/30,23:00,0:00,0.9481,0.0338,
2024/7/1,0:00,1:00,0.5795,0.0206,
2024/7/1,1:00,2:00,0.3223,0.0115,
2024/7/1,2:00,3:00,0.0786,0.0028,
2024/7/1,3:00,4:00,0.0644,0.0023,
2024/7/1,4:00,5:00,0.0254,0.0009,
2024/7/1,5:00,6:00,0.0992,0.0035,
2024/7/1,6:00,7:00,0.7872,0.0281,
2024/7/1,7:00,8:00,1.3817,0.0493,
2024/7/1,8:00,9:00,1.0125,0.0361,
2024/7/1,9:00,10:00,1.1374,0.0406,
2024/7/1,10:00,11:00,0.5066,0.018,
2024/7/1,11:00,12:00,0.3344,0.0119,
2024/7/1,12:00,13:00,0.1835,0.0065,
2024/7/1,13:00,14:00,0.3521,0.0125,
2024/7/1,14:00,15:00,0.3665,0.013,
2024/7/1,15:00,16:00,0.4746,0.0169,
2024/7/1,16:00,17:00,0.5469,0.0195,
2024/7/1,17:00,18:00,1.4762,0.0527,
2024/7/1,18:00,19:00,1.0878,0.0388,
2024/7/1,19:00,20:00,1.4588,0.0521,
2024/7/1,20:00,21:00,1.9204,0.0685,
2024/7/1,21:00,22:00,2.0299,0.0724,
2024/7/1,22:00,23:00,1.2904,0.046,
2024/7/1,23:00,0:00,1.251,0.0446,
2024/7/2,0:00,1:00,1.0156,0.0362,
2024/7/2,1:00,2:00,0.3261,0.0116,
2024/7/2,2:00,3:00,0.1359,0.0048,
2024/7/2,3:00,4:00,0.0386,0.0013,
2024/7/2,4:00,5:00,0.2308,0.0082,
2024/7/2,5:00,6:00,0.1514,0.0054,
2024/7/2,6:00,7:00,0.839,0.0299,
2024/7/2,7:00,8:00,1.3611,0.0486,
2024/7/2,8:00,9:00,1.2916,0.0461,
2024/7/2,9:00,10:00,0.9223,0.0329,
2024/7/2,10:00,11:00,1,0.0357,
2024/7/2,11:00,12:00,0.4444,0.0158,
2024/7/2,12:00,13:00,0.2388,0.0085,
2024/7/2,13:00,14:00,0.3997,0.0142,
2024/7/2,14:00,15:00,0.4994,0.0178,
2024/7/2,15:00,16:00,0.489,0.0174,
2024/7/2,16:00,17:00,0.5668,0.0202,
2024/7/2,17:00,18:00,0.8404,0.03,
2024/7/2,18:00,19:00,1.5384,0.0549,
2024/7/2,19:00,20:00,1.8384,0.0656,
2024/7/2,20:00,21:00,1.8881,0.0674,
2024/7/2,21:00,22:00,2.207,0.0788,
2024/7/2,22:00,23:00,1.1626,0.0415,
2024/7/2,23:00,0:00,1.0539,0.0376,
2024/7/3,0:00,1:00,1.1311,0.0403,
2024/7/3,1:00,2:00,0.3017,0.0107,
2024/7/3,2:00,3:00,0.1264,0.0045,
2024/7/3,3:00,4:00,0.2759,0.0098,
2024/7/3,4:00,5:00,0.0343,0.0012,
2024/7/3,5:00,6:00,0.062,0.0022,
2024/7/3,6:00,7:00,0.7451,0.0266,
2024/7/3,7:00,8:00,1.2198,0.0435,
2024/7/3,8:00,9:00,1.4326,0.0511,
2024/7/3,9:00,10:00,1.0428,0.0372,
2024/7/3,10:00,11:00,0.6756,0.0241,
2024/7/3,11:00,12:00,0.3117,0.0111,
2024/7/3,12:00,13:00,0.2243,0.008,
2024/7/3,13:00,14:00,0.2765,0.0098,
2024/7/3,14:00,15:00,0.3625,0.0129,
2024/7/3,15:00,16:00,0.2837,0.0101,
2024/7/3,16:00,17:00,0.6658,0.0237,
2024/7/3,17:00,18:00,1.0345,0.0369,
2024/7/3,18:00,19:00,1.2909,0.0461,
2024/7/3,19:00,20:00,1.9054,0.068,
2024/7/3,20:00,21:00,1.6545,0.059,
2024/7/3,21:00,22:00,2.6872,0.0959,
2024/7/3,22:00,23:00,1.6348,0.0583,
2024/7/3,23:00,0:00,1.0058,0.0359,
2024/7/4,0:00,1:00,0.7355,0.0262,
2024/7/4,1:00,2:00,0.2812,0.01,
2024/7/4,2:00,3:00,0.1893,0.0067,
2024/7/4,3:00,4:00,0.0405,0.0014,
2024/7/4,4:00,5:00,0.1077,0.0038,
2024/7/4,5:00,6:00,0.4262,0.0152,
2024/7/4,6:00,7:00,0.6091,0.0217,
2024/7/4,7:00,8:00,1.3611,0.0486,
2024/7/4,8:00,9:00,1.2794,0.0456,
2024/7/4,9:00,10:00,0.9322,0.0332,
2024/7/4,10:00,11:00,0.5073,0.0181,
2024/7/4,11:00,12:00,0.4873,0.0174,
2024/7/4,12:00,13:00,0.4688,0.0167,
2024/7/4,13:00,14:00,0.6446,0.023,
2024/7/4,14:00,15:00,0.3696,0.0132,
2024/7/4,15:00,16:00,0.4254,0.0151,
2024/7/4,16:00,17:00,0.7173,0.0256,
2024/7/4,17:00,18:00,0.8946,0.0319,
2024/7/4,18:00,19:00,0.8077,0.0288,
2024/7/4,19:00,20:00,1.4001,0.05,
2024/7/4,20:00,21:00,1.9254,0.0687,
2024/7/4,21:00,22:00,1.9597,0.0699,
2024/7/4,22:00,23:00,1.6045,0.0573,
2024/7/4,23:00,0:00,1.079,0.0385,
2024/7/5,0:00,1:00,0.4644,0.0165,
2024/7/5,1:00,2:00,0.4253,0.0151,
2024/7/5,2:00,3:00,0.2643,0.0094,
2024/7/5,3:00,4:00,0.0146,0.0005,
2024/7/5,4:00,5:00,0.0303,0.001,
2024/7/5,5:00,6:00,0.3222,0.0115,
2024/7/5,6:00,7:00,0.8745,0.0312,
2024/7/5,7:00,8:00,1.7279,0.0617,
2024/7/5,8:00,9:00,1.3584,0.0485,
2024/7/5,9:00,10:00,1.0548,0.0376,
2024/7/5,10:00,11:00,0.4613,0.0164,
2024/7/5,11:00,12:00,0.2466,0.0088,
2024/7/5,12:00,13:00,0.3354,0.0119,
2024/7/5,13:00,14:00,0.2572,0.0091,
2024/7/5,14:00,15:00,0.3441,0.0122,
2024/7/5,15:00,16:00,0.244,0.0087,
2024/7/5,16:00,17:00,0.4284,0.0153,
2024/7/5,17:00,18:00,0.5346,0.019,
2024/7/5,18:00,19:00,1.4328,0.0511,
2024/7/5,19:00,20:00,1.6064,0.0573,
2024/7/5,20:00,21:00,2.0327,0.0725,
2024/7/5,21:00,22:00,1.7435,0.0622,
2024/7/5,22:00,23:00,1.4523,0.0518,
2024/7/5,23:00,0:00,1.0895,0.0389,
2024/7/6,0:00,1:00,0.9153,0.0326,
2024/7/6,1:00,2:00,0.4666,0.0166,
2024/7/6,2:00,3:00,0.1911,0.0068,
2024/7/6,3:00,4:00,0.1827,0.0065,
2024/7/6,4:00,5:00,0.101,0.0036,
2024/7/6,5:00,6:00,0.0757,0.0027,
2024/7/6,6:00,7:00,0.3731,0.0133,
2024/7/6,7:00,8:00,1.1721,0.0418,
2024/7/6,8:00,9:00,1.4264,0.0509,
2024/7/6,9:00,10:00,1.4025,0.05,
2024/7/6,10:00,11:00,1.0367,0.037,
2024/7/6,11:00,12:00,0.7273,0.0259,
2024/7/6,12:00,13:00,0.5693,0.0203,
2024/7/6,13:00,14:00,0.5004,0.0178,
2024/7/6,14:00,15:00,0.4635,0.0165,
2024/7/6,15:00,16:00,0.5126,0.0183,
2024/7/6,16:00,17:00,0.7099,0.0253,
2024/7/6,17:00,18:00,1.0313,0.0368,
2024/7/6,18:00,19:00,1.9684,0.0703,
2024/7/6,19:00,20:00,1.954,0.0697,
2024/7/6,20:00,21:00,1.339,0.0478,
2024/7/6,21:00,22:00,1.6006,0.0571,
2024/7/6,22:00,23:00,1.4347,0.0512,
2024/7/6,23:00,0:00,1.1363,0.0405,
2024/7/7,0:00,1:00,0.4152,0.0148,
2024/7/7,1:00,2:00,0.3958,0.0141,
2024/7/7,2:00,3:00,0.085,0.003,
2024/7/7,3:00,4:00,0.1295,0.0046,
2024/7/7,4:00,5:00,0.001,0,
2024/7/7,5:00,6:00,0.0225,0.0008,
2024/7/7,6:00,7:00,0.1643,0.0058,
2024/7/7,7:00,8:00,0.9582,0.0342,
2024/7/7,8:00,9:00,1.6499,0.0589,
2024/7/7,9:00,10:00,1.9979,0.0713,
2024/7/7,10:00,11:00,1.4603,0.0521,
2024/7/7,11:00,12:00,1.2647,0.0451,
2024/7/7,12:00,13:00,0.6821,0.0243,
2024/7/7,13:00,14:00,1.0055,0.0359,
2024/7/7,14:00,15:00,0.9979,0.0356,
2024/7/7,15:00,16:00,0.9119,0.0325,
2024/7/7,16:00,17:00,1.0381,0.037,
2024/7/7,17:00,18:00,0.8212,0.0293,
2024/7/7,18:00,19:00,1.204,0.043,
2024/7/7,19:00,20:00,1.9478,0.0695,
2024/7/7,20:00,21:00,1.8193,0.0649,
2024/7/7,21:00,22:00,1.8769,0.067,
2024/7/7,22:00,23:00,1.458,0.052,
2024/7/7,23:00,0:00,0.9563,0.0341,
2024/7/8,0:00,1:00,1.3014,0.0464,
2024/7/8,1:00,2:00,0.469,0.0167,
2024/7/8,2:00,3:00,0.1044,0.0037,
2024/7/8,3:00,4:00,0.0705,0.0025,
2024/7/8,4:00,5:00,0.0315,0.0011,
2024/7/8,5:00,6:00,0.2956,0.0105,
2024/7/8,6:00,7:00,1.023,0.0365,
2024/7/8,7:00,8:00,1.2464,0.0445,
2024/7/8,8:00,9:00,0.9432,0.0336,
2024/7/8,9:00,10:00,0.9088,0.0324,
2024/7/8,10:00,11:00,0.6483,0.0231,
2024/7/8,11:00,12:00,0.1321,0.0047,
2024/7/8,12:00,13:00,0.2525,0.009,
2024/7/8,13:00,14:00,0.4631,0.0165,
2024/7/8,14:00,15:00,0.3253,0.0116,
2024/7/8,15:00,16:00,0.3388,0.0121,
2024/7/8,16:00,17:00,0.4538,0.0162,
2024/7/8,17:00,18:00,0.7731,0.0276,
2024/7/8,18:00,19:00,1.2615,0.045,
2024/7/8,19:00,20:00,2.5674,0.0916,
2024/7/8,20:00,21:00,1.5827,0.0565,
2024/7/8,21:00,22:00,1.6506,0.0589,
2024/7/8,22:00,23:00,1.5332,0.0547,
2024/7/8,23:00,0:00,0.9654,0.0344,
2024/7/9,0:00,1:00,0.7057,0.0252,
2024/7/9,1:00,2:00,0.3659,0.013,
2024/7/9,2:00,3:00,0.2089,0.0074,
2024/7/9,3:00,4:00,0.1841,0.0065,
2024/7/9,4:00,5:00,0.219,0.0078,
2024/7/9,5:00,6:00,0.3117,0.0111,
2024/7/9,6:00,7:00,0.9172,0.0327,
2024/7/9,7:00,8:00,1.2708,0.0453,
2024/7/9,8:00,9:00,1.5505,0.0553,
2024/7/9,9:00,10:00,1.1814,0.0421,
2024/7/9,10:00,11:00,0.466,0.0166,
2024/7/9,11:00,12:00,0.177,0.0063,
2024/7/9,12:00,13:00,0.1852,0.0066,
2024/7/9,13:00,14:00,0.2487,0.0088,
2024/7/9,14:00,15:00,0.2025,0.0072,
2024/7/9,15:00,16:00,0.4198,0.0149,
2024/7/9,16:00,17:00,0.3692,0.0131,
2024/7/9,17:00,18:00,0.8742,0.0312,
2024/7/9,18:00,19:00,1.2361,0.0441,
2024/7/9,19:00,20:00,2.0978,0.0749,
2024/7/9,20:00,21:00,1.9522,0.0697,
2024/7/9,21:00,22:00,2.0502,0.0732,
2024/7/9,22:00,23:00,1.4293,0.051,
2024/7/9,23:00,0:00,0.9932,0.0354,
2024/7/10,0:00,1:00,0.945,0.0337,
2024/7/10,1:00,2:00,0.3851,0.0137,
2024/7/10,2:00,3:00,0.1539,0.0054,
2024/7/10,3:00,4:00,0.0415,0.0014,
2024/7/10,4:00,5:00,0.0942,0.0033,
2024/7/10,5:00,6:00,0.3406,0.0121,
2024/7/10,6:00,7:00,0.8217,0.0293,
2024/7/10,7:00,8:00,1.6088,0.0574,
2024/7/10,8:00,9:00,1.1605,0.0414,
2024/7/10,9:00,10:00,1.0694,0.0381,
2024/7/10,10:00,11:00,0.5231,0.0186,
2024/7/10,11:00,12:00,0.1975,0.007,
2024/7/10,12:00,13:00,0.1496,0.0053,
2024/7/10,13:00,14:00,0.3298,0.0117,
2024/7/10,14:00,15:00,0.4803,0.0171,
2024/7/10,15:00,16:00,0.306,0.0109,
2024/7/10,16:00,17:00,0.5508,0.0196,
2024/7/10,17:00,18:00,0.9476,0.0338,
2024/7/10,18:00,19:00,1.1721,0.0418,
2024/7/10,19:00,20:00,1.5159,0.0541,
2024/7/10,20:00,21:00,1.7302,0.0617,
2024/7/10,21:00,22:00,1.7917,0.0639,
2024/7/10,22:00,23:00,1.8703,0.0667,
2024/7/10,23:00,0:00,0.7879,0.0281,
2024/7/11,0:00,1:00,0.6671,0.0238,
2024/7/11,1:00,2:00,0.4432,0.0158,
2024/7/11,2:00,3:00,0.1642,0.0058,
2024/7/11,3:00,4:00,0.0333,0.0011,
2024/7/11,4:00,5:00,0.0481,0.0017,
2024/7/11,5:00,6:00,0.0544,0.0019,
2024/7/11,6:00,7:00,0.7046,0.0251,
2024/7/11,7:00,8:00,1.4856,0.053,
2024/7/11,8:00,9:00,1.1187,0.0399,
2024/7/11,9:00,10:00,0.8078,0.0288,
2024/7/11,10:00,11:00,0.5857,0.0209,
2024/7/11,11:00,12:00,0.0787,0.0028,
2024/7/11,12:00,13:00,0.2817,0.01,
2024/7/11,13:00,14:00,0.3398,0.0121,
2024/7/11,14:00,15:00,0.2239,0.0079,
2024/7/11,15:00,16:00,0.2151,0.0076,
2024/7/11,16:00,17:00,0.3384,0.012,
2024/7/11,17:00,18:00,1.2984,0.0463,
2024/7/11,18:00,19:00,1.3601,0.0485,
2024/7/11,19:00,20:00,1.5227,0.0543,
2024/7/11,20:00,21:00,1.6788,0.0599,
2024/7/11,21:00,22:00,1.7463,0.0623,
2024/7/11,22:00,23:00,1.7037,0.0608,
2024/7/11,23:00,0:00,1.0127,0.0361,
2024/7/12,0:00,1:00,0.8942,0.0319,
2024/7/12,1:00,2:00,0.3018,0.0107,
2024/7/12,2:00,3:00,0.1179,0.0042,
2024/7/12,3:00,4:00,0.1172,0.0041,
2024/7/12,4:00,5:00,0.3103,0.011,
2024/7/12,5:00,6:00,0.2891,0.0103,
2024/7/12,6:00,7:00,0.7216,0.0257,
2024/7/12,7:00,8:00,1.3675,0.0488,
2024/7/12,8:00,9:00,1.1679,0.0417,
2024/7/12,9:00,10:00,0.8988,0.0321,
2024/7/12,10:00,11:00,0.3803,0.0135,
2024/7/12,11:00,12:00,0.3406,0.0121,
2024/7/12,12:00,13:00,0.2777,0.0099,
2024/7/12,13:00,14:00,0.515,0.0183,
2024/7/12,14:00,15:00,0.2394,0.0085,
2024/7/12,15:00,16:00,0.2567,0.0091,
2024/7/12,16:00,17:00,0.4923,0.0175,
2024/7/12,17:00,18:00,1.0351,0.0369,
2024/7/12,18:00,19:00,1.6195,0.0578,
2024/7/12,19:00,20:00,1.3617,0.0486,
2024/7/12,20:00,21:00,2.1396,0.0764,
2024/7/12,21:00,22:00,1.5985,0.057,
2024/7/12,22:00,23:00,1.5113,0.0539,
2024/7/12,23:00,0:00,1.0697,0.0382,
2024/7/13,0:00,1:00,0.9204,0.0328,
2024/7/13,1:00,2:00,0.3704,0.0132,
2024/7/13,2:00,3:00,0.1372,0.0049,
2024/7/13,3:00,4:00,0.0518,0.0018,
2024/7/13,4:00,5:00,0.0177,0.0006,
2024/7/13,5:00,6:00,0.1056,0.0037,
2024/7/13,6:00,7:00,0.2601,0.0092,
2024/7/13,7:00,8:00,1.2222,0.0436,
2024/7/13,8:00,9:00,1.5524,0.0554,
2024/7/13,9:00,10:00,1.9028,0.0679,
2024/7/13,10:00,11:00,1.0817,0.0386,
2024/7/13,11:00,12:00,0.7716,0.0275,
2024/7/13,12:00,13:00,1.2494,0.0446,
2024/7/13,13:00,14:00,1.0989,0.0392,
2024/7/13,14:00,15:00,0.7808,0.0278,
2024/7/13,15:00,16:00,0.3598,0.0128,
2024/7/13,16:00,17:00,0.7495,0.0267,
2024/7/13,17:00,18:00,0.6124,0.0218,
2024/7/13,18:00,19:00,1.6308,0.0582,
2024/7/13,19:00,20:00,1.9216,0.0686,
2024/7/13,20:00,21:00,1.5937,0.0569,
2024/7/13,21:00,22:00,1.6765,0.0598,
2024/7/13,22:00,23:00,1.3759,0.0491,
2024/7/13,23:00,0:00,0.9913,0.0354,
2024/7/14,0:00,1:00,0.5409,0.0193,
2024/7/14,1:00,2:00,0.3699,0.0132,
2024/7/14,2:00,3:00,0.2947,0.0105,
2024/7/14,3:00,4:00,0.094,0.0033,
2024/7/14,4:00,5:00,0.0945,0.0033,
2024/7/14,5:00,6:00,0.1597,0.0057,
2024/7/14,6:00,7:00,0.3831,0.0136,
2024/7/14,7:00,8:00,0.4807,0.0171,
2024/7/14,8:00,9:00,1.0702,0.0382,
2024/7/14,9:00,10:00,1.0224,0.0365,
2024/7/14,10:00,11:00,0.7665,0.0273,
2024/7/14,11:00,12:00,0.6256,0.0223,
2024/7/14,12:00,13:00,0.918,0.0327,
2024/7/14,13:00,14:00,0.555,0.0198,
2024/7/14,14:00,15:00,0.348,0.0124,
2024/7/14,15:00,16:00,0.2444,0.0087,
2024/7/14,16:00,17:00,0.8631,0.0308,
2024/7/14,17:00,18:00,1.0549,0.0376,
2024/7/14,18:00,19:00,1.0986,0.0392,
2024/7/14,19:00,20:00,1.9658,0.0702,
2024/7/14,20:00,21:00,1.6079,0.0574,
2024/7/14,21:00,22:00,1.391,0.0496,
2024/7/14,22:00,23:00,1.2532,0.0447,
2024/7/14,23:00,0:00,1.0539,0.0376,
2024/7/15,0:00,1:00,0.5591,0.0199,
2024/7/15,1:00,2:00,0.2874,0.0102,
2024/7/15,2:00,3:00,0.0714,0.0025,
2024/7/15,3:00,4:00,0.3316,0.0118,
2024/7/15,4:00,5:00,0.056,0.002,
2024/7/15,5:00,6:00,0.0729,0.0026,
2024/7/15,6:00,7:00,0.2671,0.0095,
2024/7/15,7:00,8:00,0.4332,0.0154,
2024/7/15,8:00,9:00,1.1008,0.0393,
2024/7/15,9:00,10:00,1.0414,0.0371,
2024/7/15,10:00,11:00,1.5858,0.0566,
2024/7/15,11:00,12:00,1.3286,0.0474,
2024/7/15,12:00,13:00,0.9517,0.0339,
2024/7/15,13:00,14:00,0.7194,0.0256,
2024/7/15,14:00,15:00,0.8131,0.029,
2024/7/15,15:00,16:00,0.2805,0.01,
2024/7/15,16:00,17:00,0.4773,0.017,
2024/7/15,17:00,18:00,1.1837,0.0422,
2024/7/15,18:00,19:00,1.4519,0.0518,
2024/7/15,19:00,20:00,2.0368,0.0727,
2024/7/15,20:00,21:00,1.7746,0.0633,
2024/7/15,21:00,22:00,1.9425,0.0693,
2024/7/15,22:00,23:00,1.5218,0.0543,
2024/7/15,23:00,0:00,0.9575,0.0341,
2024/7/16,0:00,1:00,0.8625,0.0308,
2024/7/16,1:00,2:00,0.4437,0.0158,
2024/7/16,2:00,3:00,0.1853,0.0066,
2024/7/16,3:00,4:00,0.0485,0.0017,
2024/7/16,4:00,5:00,0.0353,0.0012,
2024/7/16,5:00,6:00,0.0622,0.0022,
2024/7/16,6:00,7:00,0.6587,0.0235,
2024/7/16,7:00,8:00,1.1877,0.0424,
2024/7/16,8:00,9:00,0.9013,0.0321,
2024/7/16,9:00,10:00,0.9789,0.0349,
2024/7/16,10:00,11:00,0.5085,0.0181,
2024/7/16,11:00,12:00,0.1989,0.0071,
2024/7/16,12:00,13:00,0.3805,0.0135,
2024/7/16,13:00,14:00,0.3252,0.0116,
2024/7/16,14:00,15:00,0.2725,0.0097,
2024/7/16,15:00,16:00,0.1971,0.007,
2024/7/16,16:00,17:00,0.4452,0.0159,
2024/7/16,17:00,18:00,0.9949,0.0355,
2024/7/16,18:00,19:00,1.2683,0.0452,
2024/7/16,19:00,20:00,2.185,0.078,
2024/7/16,20:00,21:00,1.8541,0.0662,
2024/7/16,21:00,22:00,1.6018,0.0572,
2024/7/16,22:00,23:00,1.3994,0.0499,
2024/7/16,23:00,0:00,1.5561,0.0555,
2024/7/17,0:00,1:00,0.7216,0.0257,
2024/7/17,1:00,2:00,0.4434,0.0158,
2024/7/17,2:00,3:00,0.5012,0.0179,
2024/7/17,3:00,4:00,0.1813,0.0064,
2024/7/17,4:00,5:00,0.2043,0.0072,
2024/7/17,5:00,6:00,0.0979,0.0034,
2024/7/17,6:00,7:00,0.729,0.026,
2024/7/17,7:00,8:00,1.4943,0.0533,
2024/7/17,8:00,9:00,1.1219,0.04,
2024/7/17,9:00,10:00,0.9539,0.034,
2024/7/17,10:00,11:00,0.4715,0.0168,
2024/7/17,11:00,12:00,0.4611,0.0164,
2024/7/17,12:00,13:00,0.4125,0.0147,
2024/7/17,13:00,14:00,0.4796,0.0171,
2024/7/17,14:00,15:00,0.5417,0.0193,
2024/7/17,15:00,16:00,0.6772,0.0241,
2024/7/17,16:00,17:00,0.4676,0.0167,
2024/7/17,17:00,18:00,0.963,0.0343,
2024/7/17,18:00,19:00,1.6564,0.0591,
2024/7/17,19:00,20:00,1.7136,0.0612,
2024/7/17,20:00,21:00,1.5461,0.0552,
2024/7/17,21:00,22:00,2.4568,0.0877,
2024/7/17,22:00,23:00,1.4113,0.0504,
2024/7/17,23:00,0:00,1.1651,0.0416,
2024/7/18,0:00,1:00,0.8448,0.0301,
2024/7/18,1:00,2:00,0.3653,0.013,
2024/7/18,2:00,3:00,0.1163,0.0041,
2024/7/18,3:00,4:00,0.1271,0.0045,
2024/7/18,4:00,5:00,0.0909,0.0032,
2024/7/18,5:00,6:00,0.3048,0.0108,
2024/7/18,6:00,7:00,0.8879,0.0317,
2024/7/18,7:00,8:00,1.4772,0.0527,
2024/7/18,8:00,9:00,1.6445,0.0587,
2024/7/18,9:00,10:00,0.6964,0.0248,
2024/7/18,10:00,11:00,0.3164,0.0113,
2024/7/18,11:00,12:00,0.1954,0.0069,
2024/7/18,12:00,13:00,0.4094,0.0146,
2024/7/18,13:00,14:00,0.3052,0.0109,
2024/7/18,14:00,15:00,0.5751,0.0205,
2024/7/18,15:00,16:00,0.2673,0.0095,
2024/7/18,16:00,17:00,0.6935,0.0247,
2024/7/18,17:00,18:00,1.0628,0.0379,
2024/7/18,18:00,19:00,1.4855,0.053,
2024/7/18,19:00,20:00,1.6654,0.0594,
2024/7/18,20:00,21:00,1.5784,0.0563,
2024/7/18,21:00,22:00,1.9241,0.0687,
2024/7/18,22:00,23:00,1.606,0.0573,
2024/7/18,23:00,0:00,0.9163,0.0327,
2024/7/19,0:00,1:00,0.4674,0.0166,
2024/7/19,1:00,2:00,0.3837,0.0137,
2024/7/19,2:00,3:00,0.2043,0.0072,
2024/7/19,3:00,4:00,0.2092,0.0074,
2024/7/19,4:00,5:00,0.0322,0.0011,
2024/7/19,5:00,6:00,0.1032,0.0036,
2024/7/19,6:00,7:00,0.8468,0.0302,
2024/7/19,7:00,8:00,1.6903,0.0603,
2024/7/19,8:00,9:00,1.376,0.0491,
2024/7/19,9:00,10:00,1.142,0.0407,
2024/7/19,10:00,11:00,0.9653,0.0344,
2024/7/19,11:00,12:00,0.2722,0.0097,
2024/7/19,12:00,13:00,0.2487,0.0088,
2024/7/19,13:00,14:00,0.4075,0.0145,
2024/7/19,14:00,15:00,0.6976,0.0249,
2024/7/19,15:00,16:00,0.6875,0.0245,
2024/7/19,16:00,17:00,0.6033,0.0215,
2024/7/19,17:00,18:00,0.7,0.025,
2024/7/19,18:00,19:00,1.4729,0.0526,
2024/7/19,19:00,20:00,1.859,0.0663,
2024/7/19,20:00,21:00,1.5496,0.0553,
2024/7/19,21:00,22:00,1.4762,0.0527,
2024/7/19,22:00,23:00,1.4621,0.0522,
2024/7/19,23:00,0:00,1.2632,0.0451,
2024/7/20,0:00,1:00,0.7179,0.0256,
2024/7/20,1:00,2:00,0.3524,0.0125,
2024/7/20,2:00,3:00,0.2755,0.0098,
2024/7/20,3:00,4:00,0.0676,0.0024,
2024/7/20,4:00,5:00,0.2191,0.0078,
2024/7/20,5:00,6:00,0.0871,0.0031,
2024/7/20,6:00,7:00,0.5026,0.0179,
2024/7/20,7:00,8:00,0.973,0.0347,
2024/7/20,8:00,9:00,1.7109,0.0611,
2024/7/20,9:00,10:00,1.2084,0.0431,
2024/7/20,10:00,11:00,1.2711,0.0453,
2024/7/20,11:00,12:00,1.1178,0.0399,
2024/7/20,12:00,13:00,0.5446,0.0194,
2024/7/20,13:00,14:00,0.3067,0.0109,
2024/7/20,14:00,15:00,0.29,0.0103,
2024/7/20,15:00,16:00,0.2783,0.0099,
2024/7/20,16:00,17:00,0.7621,0.0272,
2024/7/20,17:00,18:00,1.3121,0.0468,
2024/7/20,18:00,19:00,1.754,0.0626,
2024/7/20,19:00,20:00,1.3995,0.0499,
2024/7/20,20:00,21:00,1.0765,0.0384,
2024/7/20,21:00,22:00,1.6874,0.0602,
2024/7/20,22:00,23:00,1.2419,0.0443,
2024/7/20,23:00,0:00,0.8121,0.029,
2024/7/21,0:00,1:00,0.6387,0.0228,
2024/7/21,1:00,2:00,0.3528,0.0126,
2024/7/21,2:00,3:00,0.0995,0.0035,
2024/7/21,3:00,4:00,0.0939,0.0033,
2024/7/21,4:00,5:00,0.0606,0.0021,
2024/7/21,5:00,6:00,0.0327,0.0011,
2024/7/21,6:00,7:00,0.321,0.0114,
2024/7/21,7:00,8:00,0.5357,0.0191,
2024/7/21,8:00,9:00,1.3599,0.0485,
2024/7/21,9:00,10:00,1.8192,0.0649,
2024/7/21,10:00,11:00,1.6507,0.0589,
2024/7/21,11:00,12:00,0.5371,0.0191,
2024/7/21,12:00,13:00,1.2716,0.0454,
2024/7/21,13:00,14:00,1.6533,0.059,
2024/7/21,14:00,15:00,1.0653,0.038,
2024/7/21,15:00,16:00,0.5665,0.0202,
2024/7/21,16:00,17:00,0.6155,0.0219,
2024/7/21,17:00,18:00,0.8201,0.0292,
2024/7/21,18:00,19:00,1.3978,0.0499,
2024/7/21,19:00,20:00,1.3204,0.0471,
2024/7/21,20:00,21:00,1.0779,0.0384,
2024/7/21,21:00,22:00,1.9056,0.068,
2024/7/21,22:00,23:00,1.3969,0.0498,
2024/7/21,23:00,0:00,1.3829,0.0493,
2024/7/22,0:00,1:00,0.7415,0.0264,
2024/7/22,1:00,2:00,0.433,0.0154,
2024/7/22,2:00,3:00,0.4063,0.0145,
2024/7/22,3:00,4:00,0.0906,0.0032,
2024/7/22,4:00,5:00,0.0742,0.0026,
2024/7/22,5:00,6:00,0.1651,0.0058,
2024/7/22,6:00,7:00,0.4637,0.0165,
2024/7/22,7:00,8:00,1.3856,0.0494,
2024/7/22,8:00,9:00,1.1231,0.0401,
2024/7/22,9:00,10:00,1.2246,0.0437,
2024/7/22,10:00,11:00,0.5587,0.0199,
2024/7/22,11:00,12:00,0.2653,0.0094,
2024/7/22,12:00,13:00,0.8725,0.0311,
2024/7/22,13:00,14:00,0.9008,0.0321,
2024/7/22,14:00,15:00,0.8706,0.031,
2024/7/22,15:00,16:00,0.4192,0.0149,
2024/7/22,16:00,17:00,0.7808,0.0278,
2024/7/22,17:00,18:00,0.5494,0.0196,
2024/7/22,18:00,19:00,1.1921,0.0425,
2024/7/22,19:00,20:00,1.3818,0.0493,
2024/7/22,20:00,21:00,1.3924,0.0497,
2024/7/22,21:00,22:00,2.3497,0.0839,
2024/7/22,22:00,23:00,1.5395,0.0549,
2024/7/22,23:00,0:00,1.0918,0.0389,
2024/7/23,0:00,1:00,0.5368,0.0191,
2024/7/23,1:00,2:00,0.3403,0.0121,
2024/7/23,2:00,3:00,0.16,0.0057,
2024/7/23,3:00,4:00,0.1338,0.0047,
2024/7/23,4:00,5:00,0.1157,0.0041,
2024/7/23,5:00,6:00,0.163,0.0058,
2024/7/23,6:00,7:00,0.8953,0.0319,
2024/7/23,7:00,8:00,1.4744,0.0526,
2024/7/23,8:00,9:00,1.1026,0.0393,
2024/7/23,9:00,10:00,0.7904,0.0282,
2024/7/23,10:00,11:00,0.6782,0.0242,
2024/7/23,11:00,12:00,0.219,0.0078,
2024/7/23,12:00,13:00,0.3272,0.0116,
2024/7/23,13:00,14:00,0.4951,0.0176,
2024/7/23,14:00,15:00,0.319,0.0113,
2024/7/23,15:00,16:00,0.2207,0.0078,
2024/7/23,16:00,17:00,0.634,0.0226,
2024/7/23,17:00,18:00,0.6681,0.0238,
2024/7/23,18:00,19:00,1.3794,0.0492,
2024/7/23,19:00,20:00,1.4057,0.0502,
2024/7/23,20:00,21:00,1.4489,0.0517,
2024/7/23,21:00,22:00,1.3366,0.0477,
2024/7/23,22:00,23:00,1.7929,0.064,
2024/7/23,23:00,0:00,1.1598,0.0414,
2024/7/24,0:00,1:00,0.687,0.0245,
2024/7/24,1:00,2:00,0.551,0.0196,
2024/7/24,2:00,3:00,0.2134,0.0076,
2024/7/24,3:00,4:00,0.3179,0.0113,
2024/7/24,4:00,5:00,0.121,0.0043,
2024/7/24,5:00,6:00,0.2154,0.0076,
2024/7/24,6:00,7:00,0.7879,0.0281,
2024/7/24,7:00,8:00,1.0925,0.039,
2024/7/24,8:00,9:00,1.5939,0.0569,
2024/7/24,9:00,10:00,1.2801,0.0457,
2024/7/24,10:00,11:00,0.8822,0.0315,
2024/7/24,11:00,12:00,0.5348,0.0191,
2024/7/24,12:00,13:00,0.5406,0.0193,
2024/7/24,13:00,14:00,0.7171,0.0256,
2024/7/24,14:00,15:00,0.5554,0.0198,
2024/7/24,15:00,16:00,0.2622,0.0093,
2024/7/24,16:00,17:00,0.7259,0.0259,
2024/7/24,17:00,18:00,0.8186,0.0292,
2024/7/24,18:00,19:00,1.3753,0.0491,
2024/7/24,19:00,20:00,1.4041,0.0501,
2024/7/24,20:00,21:00,1.5633,0.0558,
2024/7/24,21:00,22:00,2.1471,0.0766,
2024/7/24,22:00,23:00,1.6557,0.0591,
2024/7/24,23:00,0:00,1.0687,0.0381,
2024/7/25,0:00,1:00,0.8662,0.0309,
2024/7/25,1:00,2:00,0.3417,0.0122,
2024/7/25,2:00,3:00,0.218,0.0077,
2024/7/25,3:00,4:00,0.024,0.0008,
2024/7/25,4:00,5:00,0.0726,0.0025,
2024/7/25,5:00,6:00,0.0737,0.0026,
2024/7/25,6:00,7:00,0.6212,0.0221,
2024/7/25,7:00,8:00,1.2969,0.0463,
2024/7/25,8:00,9:00,1.3223,0.0472,
2024/7/25,9:00,10:00,0.9791,0.0349,
2024/7/25,10:00,11:00,0.7108,0.0253,
2024/7/25,11:00,12:00,0.327,0.0116,
2024/7/25,12:00,13:00,0.3965,0.0141,
2024/7/25,13:00,14:00,0.3182,0.0113,
2024/7/25,14:00,15:00,0.2254,0.008,
2024/7/25,15:00,16:00,0.2901,0.0103,
2024/7/25,16:00,17:00,0.2861,0.0102,
2024/7/25,17:00,18:00,1.2183,0.0435,
2024/7/25,18:00,19:00,1.714,0.0612,
2024/7/25,19:00,20:00,1.3844,0.0494,
2024/7/25,20:00,21:00,1.6457,0.0587,
2024/7/25,21:00,22:00,1.7114,0.0611,
2024/7/25,22:00,23:00,1.1838,0.0422,
2024/7/25,23:00,0:00,0.7505,0.0268,
2024/7/26,0:00,1:00,0.9961,0.0355,
2024/7/26,1:00,2:00,0.3973,0.0141,
2024/7/26,2:00,3:00,0.1641,0.0058,
2024/7/26,3:00,4:00,0.0978,0.0034,
2024/7/26,4:00,5:00,0.249,0.0088,
2024/7/26,5:00,6:00,0.0788,0.0028,
2024/7/26,6:00,7:00,0.5707,0.0203,
2024/7/26,7:00,8:00,1.3427,0.0479,
2024/7/26,8:00,9:00,1.5549,0.0555,
2024/7/26,9:00,10:00,1.1999,0.0428,
2024/7/26,10:00,11:00,0.9858,0.0352,
2024/7/26,11:00,12:00,0.5312,0.0189,
2024/7/26,12:00,13:00,0.3666,0.013,
2024/7/26,13:00,14:00,0.4954,0.0176,
2024/7/26,14:00,15:00,0.5725,0.0204,
2024/7/26,15:00,16:00,0.4292,0.0153,
2024/7/26,16:00,17:00,0.4075,0.0145,
2024/7/26,17:00,18:00,0.8249,0.0294,
2024/7/26,18:00,19:00,1.0067,0.0359,
2024/7/26,19:00,20:00,1.4488,0.0517,
2024/7/26,20:00,21:00,1.6673,0.0595,
2024/7/26,21:00,22:00,2.0255,0.0723,
2024/7/26,22:00,23:00,1.4728,0.0526,
2024/7/26,23:00,0:00,0.7031,0.0251,
2024/7/27,0:00,1:00,0.7917,0.0282,
2024/7/27,1:00,2:00,0.639,0.0228,
2024/7/27,2:00,3:00,0.0953,0.0034,
2024/7/27,3:00,4:00,0.1774,0.0063,
2024/7/27,4:00,5:00,0.1667,0.0059,
2024/7/27,5:00,6:00,0.1377,0.0049,
2024/7/27,6:00,7:00,0.3495,0.0124,
2024/7/27,7:00,8:00,0.8889,0.0317,
2024/7/27,8:00,9:00,1.2553,0.0448,
2024/7/27,9:00,10:00,1.222,0.0436,
2024/7/27,10:00,11:00,0.8369,0.0298,
2024/7/27,11:00,12:00,1.4075,0.0502,
2024/7/27,12:00,13:00,0.9788,0.0349,
2024/7/27,13:00,14:00,0.8111,0.0289,
2024/7/27,14:00,15:00,0.8003,0.0285,
2024/7/27,15:00,16:00,0.7178,0.0256,
2024/7/27,16:00,17:00,0.8074,0.0288,
2024/7/27,17:00,18:00,0.7063,0.0252,
2024/7/27,18:00,19:00,1.1426,0.0408,
2024/7/27,19:00,20:00,1.4325,0.0511,
2024/7/27,20:00,21:00,1.4377,0.0513,
2024/7/27,21:00,22:00,1.447,0.0516,
2024/7/27,22:00,23:00,1.5908,0.0568,
2024/7/27,23:00,0:00,0.6247,0.0223,
2024/7/28,0:00,1:00,0.7205,0.0257,
2024/7/28,1:00,2:00,0.4396,0.0157,
2024/7/28,2:00,3:00,0.2209,0.0078,
2024/7/28,3:00,4:00,0.1796,0.0064,
2024/7/28,4:00,5:00,0.0333,0.0011,
2024/7/28,5:00,6:00,0.0295,0.001,
2024/7/28,6:00,7:00,0.0867,0.003,
2024/7/28,7:00,8:00,0.5475,0.0195,
2024/7/28,8:00,9:00,1.6284,0.0581,
2024/7/28,9:00,10:00,1.7389,0.0621,
2024/7/28,10:00,11:00,1.5477,0.0552,
2024/7/28,11:00,12:00,1.0879,0.0388,
2024/7/28,12:00,13:00,1.3478,0.0481,
2024/7/28,13:00,14:00,0.6542,0.0233,
2024/7/28,14:00,15:00,0.7336,0.0262,
2024/7/28,15:00,16:00,0.5062,0.018,
2024/7/28,16:00,17:00,0.4951,0.0176,
2024/7/28,17:00,18:00,0.7249,0.0258,
2024/7/28,18:00,19:00,1.2282,0.0438,
2024/7/28,19:00,20:00,1.1469,0.0409,
2024/7/28,20:00,21:00,2.2215,0.0793,
2024/7/28,21:00,22:00,1.6487,0.0588,
2024/7/28,22:00,23:00,1.4902,0.0532,
2024/7/28,23:00,0:00,1.286,0.0459,
2024/7/29,0:00,1:00,0.9352,0.0334,
2024/7/29,1:00,2:00,0.3086,0.011,
2024/7/29,2:00,3:00,0.2202,0.0078,
2024/7/29,3:00,4:00,0.0699,0.0024,
2024/7/29,4:00,5:00,0.0212,0.0007,
2024/7/29,5:00,6:00,0.0535,0.0019,
2024/7/29,6:00,7:00,0.5083,0.0181,
2024/7/29,7:00,8:00,1.4873,0.0531,
2024/7/29,8:00,9:00,1.654,0.059,
2024/7/29,9:00,10:00,1.073,0.0383,
2024/7/29,10:00,11:00,0.6524,0.0233,
2024/7/29,11:00,12:00,0.5036,0.0179,
2024/7/29,12:00,13:00,0.4994,0.0178,
2024/7/29,13:00,14:00,0.3528,0.0126,
2024/7/29,14:00,15:00,0.3759,0.0134,
2024/7/29,15:00,16:00,0.3756,0.0134,
2024/7/29,16:00,17:00,0.3128,0.0111,
2024/7/29,17:00,18:00,0.6944,0.0248,
2024/7/29,18:00,19:00,1.4434,0.0515,
2024/7/29,19:00,20:00,2.0067,0.0716,
2024/7/29,20:00,21:00,1.8362,0.0655,
2024/7/29,21:00,22:00,1.6275,0.0581,
2024/7/29,22:00,23:00,1.3665,0.0488,
2024/7/29,23:00,0:00,1.1985,0.0428,
2024/7/30,0:00,1:00,0.2999,0.0107,
2024/7/30,1:00,2:00,0.4157,0.0148,
2024/7/30,2:00,3:00,0.0523,0.0018,
2024/7/30,3:00,4:00,0.0824,0.0029,
2024/7/30,4:00,5:00,0.1689,0.006,
2024/7/30,5:00,6:00,0.1233,0.0044,
2024/7/30,6:00,7:00,0.5611,0.02,
2024/7/30,7:00,8:00,0.9848,0.0351,
2024/7/30,8:00,9:00,0.9093,0.0324,
2024/7/30,9:00,10:00,1.121,0.04,
2024/7/30,10:00,11:00,0.962,0.0343,
2024/7/30,11:00,12:00,0.2858,0.0102,
2024/7/30,12:00,13:00,0.3089,0.011,
2024/7/30,13:00,14:00,0.2975,0.0106,
2024/7/30,14:00,15:00,0.3613,0.0129,
2024/7/30,15:00,16:00,0.2874,0.0102,
2024/7/30,16:00,17:00,0.4012,0.0143,
2024/7/30,17:00,18:00,0.8673,0.0309,
2024/7/30,18:00,19:00,1.2763,0.0455,
2024/7/30,19:00,20:00,2.031,0.0725,
2024/7/30,20:00,21:00,1.5246,0.0544,
2024/7/30,21:00,22:00,1.6683,0.0595,
2024/7/30,22:00,23:00,1.1622,0.0415,
2024/7/30,23:00,0:00,1.1257,0.0402,
2024/7/31,0:00,1:00,0.7597,0.0271,
2024/7/31,1:00,2:00,0.3195,0.0114,
2024/7/31,2:00,3:00,0.2371,0.0084,
2024/7/31,3:00,4:00,0.1486,0.0053,
2024/7/31,4:00,5:00,0.0595,0.0021,
2024/7/31,5:00,6:00,0.1996,0.0071,
2024/7/31,6:00,7:00,0.5844,0.0208,
2024/7/31,7:00,8:00,0.8958,0.0319,
2024/7/31,8:00,9:00,0.8899,0.0317,
2024/7/31,9:00,10:00,0.6516,0.0232,
2024/7/31,10:00,11:00,0.8989,0.0321,
2024/7/31,11:00,12:00,0.6878,0.0245,
2024/7/31,12:00,13:00,0.3773,0.0134,
2024/7/31,13:00,14:00,0.4914,0.0175,
2024/7/31,14:00,15:00,0.4068,0.0145,
2024/7/31,15:00,16:00,0.2658,0.0094,
2024/7/31,16:00,17:00,0.6187,0.022,
2024/7/31,17:00,18:00,0.9763,0.0348,
2024/7/31,18:00,19:00,0.9931,0.0354,
2024/7/31,19:00,20:00,1.9995,0.0714,
2024/7/31,20:00,21:00,1.9852,0.0709,
2024/7/31,21:00,22:00,1.5539,0.0554,
2024/7/31,22:00,23:00,1.0026,0.0358,
2024/7/31,23:00,0:00,0.9695,0.0346,
2024/8/1,0:00,1:00,0.6396,0.0228,
2024/8/1,1:00,2:00,0.3396,0.0121,
2024/8/1,2:00,3:00,0.2649,0.0094,
2024/8/1,3:00,4:00,0.3073,0.0109,
2024/8/1,4:00,5:00,0.1944,0.0069,
2024/8/1,5:00,6:00,0.1538,0.0054,
2024/8/1,6:00,7:00,0.6502,0.0232,
2024/8/1,7:00,8:00,0.9363,0.0334,
2024/8/1,8:00,9:00,1.1523,0.0411,
2024/8/1,9:00,10:00,0.6259,0.0223,
2024/8/1,10:00,11:00,0.6105,0.0218,
2024/8/1,11:00,12:00,0.2691,0.0096,
2024/8/1,12:00,13:00,0.4951,0.0176,
2024/8/1,13:00,14:00,0.3843,0.0137,
2024/8/1,14:00,15:00,0.383,0.0136,
2024/8/1,15:00,16:00,0.2858,0.0102,
2024/8/1,16:00,17:00,0.3557,0.0127,
2024/8/1,17:00,18:00,0.6081,0.0217,
2024/8/1,18:00,19:00,1.1872,0.0424,
2024/8/1,19:00,20:00,2.0429,0.0729,
2024/8/1,20:00,21:00,1.3651,0.0487,
2024/8/1,21:00,22:00,1.2826,0.0458,
2024/8/1,22:00,23:00,1.6772,0.0599,
2024/8/1,23:00,0:00,0.6463,0.023,
2024/8/2,0:00,1:00,0.771,0.0275,
2024/8/2,1:00,2:00,0.3389,0.0121,
2024/8/2,2:00,3:00,0.6916,0.0247,
2024/8/2,3:00,4:00,0.1637,0.0058,
2024/8/2,4:00,5:00,0.0753,0.0026,
2024/8/2,5:00,6:00,0.1494,0.0053,
2024/8/2,6:00,7:00,0.4103,0.0146,
2024/8/2,7:00,8:00,1.4533,0.0519,
2024/8/2,8:00,9:00,1.4302,0.051,
2024/8/2,9:00,10:00,0.8369,0.0298,
2024/8/2,10:00,11:00,0.8581,0.0306,
2024/8/2,11:00,12:00,0.3941,0.014,
2024/8/2,12:00,13:00,0.4151,0.0148,
2024/8/2,13:00,14:00,0.3325,0.0118,
2024/8/2,14:00,15:00,0.3014,0.0107,
2024/8/2,15:00,16:00,0.1935,0.0069,
2024/8/2,16:00,17:00,0.336,0.012,
2024/8/2,17:00,18:00,0.9051,0.0323,
2024/8/2,18:00,19:00,0.9924,0.0354,
2024/8/2,19:00,20:00,0.6701,0.0239,
2024/8/2,20:00,21:00,1.1605,0.0414,
2024/8/2,21:00,22:00,1.7907,0.0639,
2024/8/2,22:00,23:00,1.9424,0.0693,
2024/8/2,23:00,0:00,1.3581,0.0485,
2024/8/3,0:00,1:00,0.8649,0.0308,
2024/8/3,1:00,2:00,0.4927,0.0175,
2024/8/3,2:00,3:00,0.1671,0.0059,
2024/8/3,3:00,4:00,0.1565,0.0055,
2024/8/3,4:00,5:00,0.0466,0.0016,
2024/8/3,5:00,6:00,0.0565,0.002,
2024/8/3,6:00,7:00,0.2316,0.0082,
2024/8/3,7:00,8:00,0.8322,0.0297,
2024/8/3,8:00,9:00,1.3476,0.0481,
2024/8/3,9:00,10:00,1.2263,0.0437,
2024/8/3,10:00,11:00,0.8713,0.0311,
2024/8/3,11:00,12:00,1.1539,0.0412,
2024/8/3,12:00,13:00,0.8498,0.0303,
2024/8/3,13:00,14:00,0.9833,0.0351,
2024/8/3,14:00,15:00,0.6161,0.022,
2024/8/3,15:00,16:00,0.9204,0.0328,
2024/8/3,16:00,17:00,0.8344,0.0298,
2024/8/3,17:00,18:00,0.7495,0.0267,
2024/8/3,18:00,19:00,1.1233,0.0401,
2024/8/3,19:00,20:00,1.4419,0.0514,
2024/8/3,20:00,21:00,1.015,0.0362,
2024/8/3,21:00,22:00,1.7772,0.0634,
2024/8/3,22:00,23:00,2.0072,0.0716,
2024/8/3,23:00,0:00,0.6644,0.0237,
2024/8/4,0:00,1:00,0.6188,0.0221,
2024/8/4,1:00,2:00,0.2574,0.0091,
2024/8/4,2:00,3:00,0.3145,0.0112,
2024/8/4,3:00,4:00,0.1238,0.0044,
2024/8/4,4:00,5:00,0.0986,0.0035,
2024/8/4,5:00,6:00,0.3033,0.0108,
2024/8/4,6:00,7:00,0.2176,0.0077,
2024/8/4,7:00,8:00,0.4253,0.0151,
2024/8/4,8:00,9:00,1.288,0.046,
2024/8/4,9:00,10:00,1.3572,0.0484,
2024/8/4,10:00,11:00,0.9646,0.0344,
2024/8/4,11:00,12:00,0.6635,0.0236,
2024/8/4,12:00,13:00,0.5915,0.0211,
2024/8/4,13:00,14:00,0.6966,0.0248,
2024/8/4,14:00,15:00,0.78,0.0278,
2024/8/4,15:00,16:00,1.0887,0.0388,
2024/8/4,16:00,17:00,0.389,0.0138,
2024/8/4,17:00,18:00,0.8145,0.029,
2024/8/4,18:00,19:00,1.1164,0.0398,
2024/8/4,19:00,20:00,1.1243,0.0401,
2024/8/4,20:00,21:00,2.1555,0.0769,
2024/8/4,21:00,22:00,2.6115,0.0932,
2024/8/4,22:00,23:00,1.3291,0.0474,
2024/8/4,23:00,0:00,0.804,0.0287,
2024/8/5,0:00,1:00,0.5713,0.0204,
2024/8/5,1:00,2:00,0.4511,0.0161,
2024/8/5,2:00,3:00,0.289,0.0103,
2024/8/5,3:00,4:00,0.2235,0.0079,
2024/8/5,4:00,5:00,0.0263,0.0009,
2024/8/5,5:00,6:00,0.1262,0.0045,
2024/8/5,6:00,7:00,0.6368,0.0227,
2024/8/5,7:00,8:00,1.0735,0.0383,
2024/8/5,8:00,9:00,1.2941,0.0462,
2024/8/5,9:00,10:00,0.9791,0.0349,
2024/8/5,10:00,11:00,0.5258,0.0187,
2024/8/5,11:00,12:00,0.4398,0.0157,
2024/8/5,12:00,13:00,0.2964,0.0105,
2024/8/5,13:00,14:00,0.438,0.0156,
2024/8/5,14:00,15:00,0.5639,0.0201,
2024/8/5,15:00,16:00,0.7133,0.0254,
2024/8/5,16:00,17:00,0.2261,0.008,
2024/8/5,17:00,18:00,0.7263,0.0259,
2024/8/5,18:00,19:00,0.7045,0.0251,
2024/8/5,19:00,20:00,1.4678,0.0524,
2024/8/5,20:00,21:00,1.4034,0.0501,
2024/8/5,21:00,22:00,2.0165,0.072,
2024/8/5,22:00,23:00,0.954,0.034,
2024/8/5,23:00,0:00,1.1037,0.0394,
2024/8/6,0:00,1:00,0.4034,0.0144,
2024/8/6,1:00,2:00,0.585,0.0208,
2024/8/6,2:00,3:00,0.2304,0.0082,
2024/8/6,3:00,4:00,0.0171,0.0006,
2024/8/6,4:00,5:00,0.0409,0.0014,
2024/8/6,5:00,6:00,0.0505,0.0018,
2024/8/6,6:00,7:00,0.5955,0.0212,
2024/8/6,7:00,8:00,0.9755,0.0348,
2024/8/6,8:00,9:00,1.4737,0.0526,
2024/8/6,9:00,10:00,0.8758,0.0312,
2024/8/6,10:00,11:00,0.4864,0.0173,
2024/8/6,11:00,12:00,0.2097,0.0074,
2024/8/6,12:00,13:00,0.1843,0.0065,
2024/8/6,13:00,14:00,0.2083,0.0074,
2024/8/6,14:00,15:00,0.3149,0.0112,
2024/8/6,15:00,16:00,0.3916,0.0139,
2024/8/6,16:00,17:00,0.5729,0.0204,
2024/8/6,17:00,18:00,0.6476,0.0231,
2024/8/6,18:00,19:00,0.98,0.035,
2024/8/6,19:00,20:00,0.9369,0.0334,
2024/8/6,20:00,21:00,1.3953,0.0498,
2024/8/6,21:00,22:00,1.3983,0.0499,
2024/8/6,22:00,23:00,1.2728,0.0454,
2024/8/6,23:00,0:00,1.103,0.0393,
2024/8/7,0:00,1:00,0.6916,0.0247,
2024/8/7,1:00,2:00,0.4022,0.0143,
2024/8/7,2:00,3:00,0.1014,0.0036,
2024/8/7,3:00,4:00,0.1624,0.0058,
2024/8/7,4:00,5:00,0.1171,0.0041,
2024/8/7,5:00,6:00,0.1998,0.0071,
2024/8/7,6:00,7:00,0.4725,0.0168,
2024/8/7,7:00,8:00,1.3318,0.0475,
2024/8/7,8:00,9:00,1.4419,0.0514,
2024/8/7,9:00,10:00,0.6281,0.0224,
2024/8/7,10:00,11:00,0.3653,0.013,
2024/8/7,11:00,12:00,0.4524,0.0161,
2024/8/7,12:00,13:00,0.3662,0.013,
2024/8/7,13:00,14:00,0.3273,0.0116,
2024/8/7,14:00,15:00,0.3095,0.011,
2024/8/7,15:00,16:00,0.2122,0.0075,
2024/8/7,16:00,17:00,0.4761,0.017,
2024/8/7,17:00,18:00,1.1969,0.0427,
2024/8/7,18:00,19:00,1.316,0.047,
2024/8/7,19:00,20:00,0.9525,0.034,
2024/8/7,20:00,21:00,1.2309,0.0439,
2024/8/7,21:00,22:00,1.6337,0.0583,
2024/8/7,22:00,23:00,1.6184,0.0578,
2024/8/7,23:00,0:00,0.8964,0.032,
2024/8/8,0:00,1:00,0.8276,0.0295,
2024/8/8,1:00,2:00,0.5372,0.0191,
2024/8/8,2:00,3:00,0.0537,0.0019,
2024/8/8,3:00,4:00,0.1379,0.0049,
2024/8/8,4:00,5:00,0.0634,0.0022,
2024/8/8,5:00,6:00,0.1521,0.0054,
2024/8/8,6:00,7:00,0.4317,0.0154,
2024/8/8,7:00,8:00,0.9804,0.035,
2024/8/8,8:00,9:00,0.9165,0.0327,
2024/8/8,9:00,10:00,0.5544,0.0198,
2024/8/8,10:00,11:00,0.7521,0.0268,
2024/8/8,11:00,12:00,0.415,0.0148,
2024/8/8,12:00,13:00,0.3499,0.0124,
2024/8/8,13:00,14:00,0.3436,0.0122,
2024/8/8,14:00,15:00,0.1516,0.0054,
2024/8/8,15:00,16:00,0.1665,0.0059,
2024/8/8,16:00,17:00,0.1964,0.007,
2024/8/8,17:00,18:00,0.6408,0.0228,
2024/8/8,18:00,19:00,0.9892,0.0353,
2024/8/8,19:00,20:00,1.458,0.052,
2024/8/8,20:00,21:00,1.2363,0.0441,
2024/8/8,21:00,22:00,1.232,0.044,
2024/8/8,22:00,23:00,1.2544,0.0448,
2024/8/8,23:00,0:00,0.9939,0.0354,
2024/8/9,0:00,1:00,0.6566,0.0234,
2024/8/9,1:00,2:00,0.3948,0.0141,
2024/8/9,2:00,3:00,0.2675,0.0095,
2024/8/9,3:00,4:00,0.0957,0.0034,
2024/8/9,4:00,5:00,0.0426,0.0015,
2024/8/9,5:00,6:00,0.0586,0.002,
2024/8/9,6:00,7:00,0.2439,0.0087,
2024/8/9,7:00,8:00,1.0672,0.0381,
2024/8/9,8:00,9:00,1.4037,0.0501,
2024/8/9,9:00,10:00,1.0904,0.0389,
2024/8/9,10:00,11:00,0.4199,0.0149,
2024/8/9,11:00,12:00,0.362,0.0129,
2024/8/9,12:00,13:00,0.2792,0.0099,
2024/8/9,13:00,14:00,0.3161,0.0112,
2024/8/9,14:00,15:00,0.4402,0.0157,
2024/8/9,15:00,16:00,0.2744,0.0098,
2024/8/9,16:00,17:00,0.2904,0.0103,
2024/8/9,17:00,18:00,0.7034,0.0251,
2024/8/9,18:00,19:00,0.8153,0.0291,
2024/8/9,19:00,20:00,1.1433,0.0408,
2024/8/9,20:00,21:00,1.0401,0.0371,
2024/8/9,21:00,22:00,0.9019,0.0322,
2024/8/9,22:00,23:00,1.0528,0.0376,
2024/8/9,23:00,0:00,0.9328,0.0333,
2024/8/10,0:00,1:00,0.4786,0.017,
2024/8/10,1:00,2:00,0.6436,0.0229,
2024/8/10,2:00,3:00,0.5271,0.0188,
2024/8/10,3:00,4:00,0.0765,0.0027,
2024/8/10,4:00,5:00,0.1328,0.0047,
2024/8/10,5:00,6:00,0.1866,0.0066,
2024/8/10,6:00,7:00,0.1167,0.0041,
2024/8/10,7:00,8:00,0.6162,0.022,
2024/8/10,8:00,9:00,1.3404,0.0478,
2024/8/10,9:00,10:00,1.3436,0.0479,
2024/8/10,10:00,11:00,0.8006,0.0285,
2024/8/10,11:00,12:00,0.7539,0.0269,
2024/8/10,12:00,13:00,0.6261,0.0223,
2024/8/10,13:00,14:00,0.3547,0.0126,
2024/8/10,14:00,15:00,0.3208,0.0114,
2024/8/10,15:00,16:00,0.4379,0.0156,
2024/8/10,16:00,17:00,0.3792,0.0135,
2024/8/10,17:00,18:00,0.6774,0.0241,
2024/8/10,18:00,19:00,1.0027,0.0358,
2024/8/10,19:00,20:00,1.296,0.0462,
2024/8/10,20:00,21:00,0.9939,0.0354,
2024/8/10,21:00,22:00,0.4282,0.0152,
2024/8/10,22:00,23:00,0.974,0.0347,
2024/8/10,23:00,0:00,0.8837,0.0315,
2024/8/11,0:00,1:00,0.7468,0.0266,
2024/8/11,1:00,2:00,0.379,0.0135,
2024/8/11,2:00,3:00,0.1917,0.0068,
2024/8/11,3:00,4:00,0.1515,0.0054,
2024/8/11,4:00,5:00,0.2319,0.0082,
2024/8/11,5:00,6:00,0.2715,0.0096,
2024/8/11,6:00,7:00,0.0799,0.0028,
2024/8/11,7:00,8:00,0.3924,0.014,
2024/8/11,8:00,9:00,0.8349,0.0298,
2024/8/11,9:00,10:00,1.049,0.0374,
2024/8/11,10:00,11:00,0.8003,0.0285,
2024/8/11,11:00,12:00,0.7057,0.0252,
2024/8/11,12:00,13:00,0.9585,0.0342,
2024/8/11,13:00,14:00,0.6965,0.0248,
2024/8/11,14:00,15:00,0.337,0.012,
2024/8/11,15:00,16:00,0.2552,0.0091,
2024/8/11,16:00,17:00,0.5777,0.0206,
2024/8/11,17:00,18:00,0.7524,0.0268,
2024/8/11,18:00,19:00,1.5264,0.0545,
2024/8/11,19:00,20:00,1.0794,0.0385,
2024/8/11,20:00,21:00,0.8283,0.0295,
2024/8/11,21:00,22:00,1.453,0.0518,
2024/8/11,22:00,23:00,0.9631,0.0343,
2024/8/11,23:00,0:00,0.8175,0.0291,
2024/8/12,0:00,1:00,0.5246,0.0187,
2024/8/12,1:00,2:00,0.2097,0.0074,
2024/8/12,2:00,3:00,0.5273,0.0188,
2024/8/12,3:00,4:00,0.0842,0.003,
2024/8/12,4:00,5:00,0.0476,0.0017,
2024/8/12,5:00,6:00,0.0429,0.0015,
2024/8/12,6:00,7:00,0.1222,0.0043,
2024/8/12,7:00,8:00,0.4177,0.0149,
2024/8/12,8:00,9:00,0.8993,0.0321,
2024/8/12,9:00,10:00,1.6466,0.0588,
2024/8/12,10:00,11:00,1.1962,0.0427,
2024/8/12,11:00,12:00,0.8205,0.0293,
2024/8/12,12:00,13:00,0.5816,0.0207,
2024/8/12,13:00,14:00,0.7318,0.0261,
2024/8/12,14:00,15:00,0.4299,0.0153,
2024/8/12,15:00,16:00,0.3464,0.0123,
2024/8/12,16:00,17:00,0.3746,0.0133,
2024/8/12,17:00,18:00,0.7727,0.0275,
2024/8/12,18:00,19:00,0.8102,0.0289,
2024/8/12,19:00,20:00,1.1424,0.0408,
2024/8/12,20:00,21:00,1.314,0.0469,
2024/8/12,21:00,22:00,0.857,0.0306,
2024/8/12,22:00,23:00,0.8992,0.0321,
2024/8/12,23:00,0:00,0.5709,0.0203,
2024/8/13,0:00,1:00,0.606,0.0216,
2024/8/13,1:00,2:00,0.434,0.0155,
2024/8/13,2:00,3:00,0.0839,0.0029,
2024/8/13,3:00,4:00,0.1258,0.0044,
2024/8/13,4:00,5:00,0.0313,0.0011,
2024/8/13,5:00,6:00,0.0565,0.002,
2024/8/13,6:00,7:00,0.3263,0.0116,
2024/8/13,7:00,8:00,0.5615,0.02,
2024/8/13,8:00,9:00,1.3568,0.0484,
2024/8/13,9:00,10:00,0.7874,0.0281,
2024/8/13,10:00,11:00,0.7851,0.028,
2024/8/13,11:00,12:00,0.4728,0.0168,
2024/8/13,12:00,13:00,0.1631,0.0058,
2024/8/13,13:00,14:00,0.2963,0.0105,
2024/8/13,14:00,15:00,0.3138,0.0112,
2024/8/13,15:00,16:00,0.3667,0.013,
2024/8/13,16:00,17:00,0.3904,0.0139,
2024/8/13,17:00,18:00,0.8869,0.0316,
2024/8/13,18:00,19:00,0.6095,0.0217,
2024/8/13,19:00,20:00,1.2075,0.0431,
2024/8/13,20:00,21:00,2.0309,0.0725,
2024/8/13,21:00,22:00,1.5811,0.0564,
2024/8/13,22:00,23:00,1.0994,0.0392,
2024/8/13,23:00,0:00,0.8784,0.0313,
2024/8/14,0:00,1:00,0.6918,0.0247,
2024/8/14,1:00,2:00,0.4608,0.0164,
2024/8/14,2:00,3:00,0.1593,0.0056,
2024/8/14,3:00,4:00,0.22,0.0078,
2024/8/14,4:00,5:00,0.0488,0.0017,
2024/8/14,5:00,6:00,0.036,0.0012,
2024/8/14,6:00,7:00,0.1326,0.0047,
2024/8/14,7:00,8:00,0.574,0.0205,
2024/8/14,8:00,9:00,0.9105,0.0325,
2024/8/14,9:00,10:00,0.9936,0.0354,
2024/8/14,10:00,11:00,1.0226,0.0365,
2024/8/14,11:00,12:00,1.2868,0.0459,
2024/8/14,12:00,13:00,0.7483,0.0267,
2024/8/14,13:00,14:00,0.3066,0.0109,
2024/8/14,14:00,15:00,0.3188,0.0113,
2024/8/14,15:00,16:00,0.6201,0.0221,
2024/8/14,16:00,17:00,0.4706,0.0168,
2024/8/14,17:00,18:00,0.9173,0.0327,
2024/8/14,18:00,19:00,1.9358,0.0691,
2024/8/14,19:00,20:00,1.3581,0.0485,
2024/8/14,20:00,21:00,2.0967,0.0748,
2024/8/14,21:00,22:00,1.7275,0.0616,
2024/8/14,22:00,23:00,1.1679,0.0417,
2024/8/14,23:00,0:00,0.8968,0.032,
2024/8/15,0:00,1:00,0.3655,0.013,
2024/8/15,1:00,2:00,0.2768,0.0098,
2024/8/15,2:00,3:00,0.1416,0.005,
2024/8/15,3:00,4:00,0.2755,0.0098,
2024/8/15,4:00,5:00,0.0876,0.0031,
2024/8/15,5:00,6:00,0.0209,0.0007,
2024/8/15,6:00,7:00,0.1594,0.0056,
2024/8/15,7:00,8:00,0.8346,0.0298,
2024/8/15,8:00,9:00,0.8942,0.0319,
2024/8/15,9:00,10:00,1.3506,0.0482,
2024/8/15,10:00,11:00,1.4086,0.0503,
2024/8/15,11:00,12:00,0.5316,0.0189,
2024/8/15,12:00,13:00,0.572,0.0204,
2024/8/15,13:00,14:00,0.4449,0.0158,
2024/8/15,14:00,15:00,0.174,0.0062,
2024/8/15,15:00,16:00,0.1192,0.0042,
2024/8/15,16:00,17:00,0.5595,0.0199,
2024/8/15,17:00,18:00,0.9604,0.0343,
2024/8/15,18:00,19:00,1.3782,0.0492,
2024/8/15,19:00,20:00,1.5905,0.0568,
2024/8/15,20:00,21:00,1.8757,0.0669,
2024/8/15,21:00,22:00,1.5081,0.0538,
2024/8/15,22:00,23:00,1.526,0.0545,
2024/8/15,23:00,0:00,0.5846,0.0208,
2024/8/16,0:00,1:00,0.4914,0.0175,
2024/8/16,1:00,2:00,0.3572,0.0127,
2024/8/16,2:00,3:00,0.1479,0.0052,
2024/8/16,3:00,4:00,0.0724,0.0025,
2024/8/16,4:00,5:00,0.1812,0.0064,
2024/8/16,5:00,6:00,0.0536,0.0019,
2024/8/16,6:00,7:00,0.0981,0.0035,
2024/8/16,7:00,8:00,0.5571,0.0198,
2024/8/16,8:00,9:00,0.5417,0.0193,
2024/8/16,9:00,10:00,0.8806,0.0314,
2024/8/16,10:00,11:00,0.8699,0.031,
2024/8/16,11:00,12:00,0.4856,0.0173,
2024/8/16,12:00,13:00,0.9107,0.0325,
2024/8/16,13:00,14:00,0.5496,0.0196,
2024/8/16,14:00,15:00,0.5572,0.0199,
2024/8/16,15:00,16:00,0.4273,0.0152,
2024/8/16,16:00,17:00,0.3773,0.0134,
2024/8/16,17:00,18:00,1.1674,0.0416,
2024/8/16,18:00,19:00,1.7081,0.061,
2024/8/16,19:00,20:00,1.5322,0.0547,
2024/8/16,20:00,21:00,2.074,0.074,
2024/8/16,21:00,22:00,2.212,0.079,
2024/8/16,22:00,23:00,0.8165,0.0291,
2024/8/16,23:00,0:00,0.73,0.026,
2024/8/17,0:00,1:00,0.5024,0.0179,
2024/8/17,1:00,2:00,0.1894,0.0067,
2024/8/17,2:00,3:00,0.2169,0.0077,
2024/8/17,3:00,4:00,0.079,0.0028,
2024/8/17,4:00,5:00,0.1235,0.0044,
2024/8/17,5:00,6:00,0.1476,0.0052,
2024/8/17,6:00,7:00,0.1436,0.0051,
2024/8/17,7:00,8:00,0.4254,0.0151,
2024/8/17,8:00,9:00,0.8921,0.0318,
2024/8/17,9:00,10:00,1.5918,0.0568,
2024/8/17,10:00,11:00,1.3634,0.0486,
2024/8/17,11:00,12:00,0.8674,0.0309,
2024/8/17,12:00,13:00,0.4891,0.0174,
2024/8/17,13:00,14:00,0.7861,0.028,
2024/8/17,14:00,15:00,0.7148,0.0255,
2024/8/17,15:00,16:00,0.5507,0.0196,
2024/8/17,16:00,17:00,0.3594,0.0128,
2024/8/17,17:00,18:00,0.4669,0.0166,
2024/8/17,18:00,19:00,1.1543,0.0412,
2024/8/17,19:00,20:00,2.3189,0.0828,
2024/8/17,20:00,21:00,1.7665,0.063,
2024/8/17,21:00,22:00,1.7746,0.0633,
2024/8/17,22:00,23:00,1.423,0.0508,
2024/8/17,23:00,0:00,0.9068,0.0323,
2024/8/18,0:00,1:00,0.5908,0.0211,
2024/8/18,1:00,2:00,0.2715,0.0096,
2024/8/18,2:00,3:00,0.1918,0.0068,
2024/8/18,3:00,4:00,0.0794,0.0028,
2024/8/18,4:00,5:00,0.0735,0.0026,
2024/8/18,5:00,6:00,0.1357,0.0048,
2024/8/18,6:00,7:00,0.0857,0.003,
2024/8/18,7:00,8:00,0.4446,0.0158,
2024/8/18,8:00,9:00,1.64,0.0585,
2024/8/18,9:00,10:00,1.4002,0.05,
2024/8/18,10:00,11:00,1.5833,0.0565,
2024/8/18,11:00,12:00,1.132,0.0404,
2024/8/18,12:00,13:00,0.7033,0.0251,
2024/8/18,13:00,14:00,1.2575,0.0449,
2024/8/18,14:00,15:00,0.9502,0.0339,
2024/8/18,15:00,16:00,0.7683,0.0274,
2024/8/18,16:00,17:00,1.2422,0.0443,
2024/8/18,17:00,18:00,1.6458,0.0587,
2024/8/18,18:00,19:00,1.6554,0.0591,
2024/8/18,19:00,20:00,2.1234,0.0758,
2024/8/18,20:00,21:00,1.9868,0.0709,
2024/8/18,21:00,22:00,2.1946,0.0783,
2024/8/18,22:00,23:00,1.1451,0.0408,
2024/8/18,23:00,0:00,0.8168,0.0291,
2024/8/19,0:00,1:00,0.4954,0.0176,
2024/8/19,1:00,2:00,0.3438,0.0122,
2024/8/19,2:00,3:00,0.1186,0.0042,
2024/8/19,3:00,4:00,0.0824,0.0029,
2024/8/19,4:00,5:00,0.0403,0.0014,
2024/8/19,5:00,6:00,0.1356,0.0048,
2024/8/19,6:00,7:00,0.3078,0.0109,
2024/8/19,7:00,8:00,1.2778,0.0456,
2024/8/19,8:00,9:00,0.7994,0.0285,
2024/8/19,9:00,10:00,0.8217,0.0293,
2024/8/19,10:00,11:00,1.0087,0.036,
2024/8/19,11:00,12:00,0.681,0.0243,
2024/8/19,12:00,13:00,0.406,0.0145,
2024/8/19,13:00,14:00,0.4733,0.0169,
2024/8/19,14:00,15:00,0.3455,0.0123,
2024/8/19,15:00,16:00,0.2054,0.0073,
2024/8/19,16:00,17:00,0.2285,0.0081,
2024/8/19,17:00,18:00,0.758,0.027,
2024/8/19,18:00,19:00,1.8614,0.0664,
2024/8/19,19:00,20:00,1.4688,0.0524,
2024/8/19,20:00,21:00,1.2572,0.0449,
2024/8/19,21:00,22:00,2.2197,0.0792,
2024/8/19,22:00,23:00,1.613,0.0576,
2024/8/19,23:00,0:00,0.9775,0.0349,
2024/8/20,0:00,1:00,0.6377,0.0227,
2024/8/20,1:00,2:00,0.4645,0.0165,
2024/8/20,2:00,3:00,0.3006,0.0107,
2024/8/20,3:00,4:00,0.0671,0.0023,
2024/8/20,4:00,5:00,0.0373,0.0013,
2024/8/20,5:00,6:00,0.0613,0.0021,
2024/8/20,6:00,7:00,0.5467,0.0195,
2024/8/20,7:00,8:00,0.6936,0.0247,
2024/8/20,8:00,9:00,0.9622,0.0343,
2024/8/20,9:00,10:00,0.9358,0.0334,
2024/8/20,10:00,11:00,1.0117,0.0361,
2024/8/20,11:00,12:00,0.7132,0.0254,
2024/8/20,12:00,13:00,0.5998,0.0214,
2024/8/20,13:00,14:00,0.4819,0.0172,
2024/8/20,14:00,15:00,0.5913,0.0211,
2024/8/20,15:00,16:00,0.4147,0.0148,
2024/8/20,16:00,17:00,0.5389,0.0192,
2024/8/20,17:00,18:00,0.8489,0.0303,
2024/8/20,18:00,19:00,1.4163,0.0505,
2024/8/20,19:00,20:00,1.1239,0.0401,
2024/8/20,20:00,21:00,1.8869,0.0673,
2024/8/20,21:00,22:00,1.7079,0.0609,
2024/8/20,22:00,23:00,1.8377,0.0656,
2024/8/20,23:00,0:00,0.7595,0.0271,
2024/8/21,0:00,1:00,0.7682,0.0274,
2024/8/21,1:00,2:00,0.3317,0.0118,
2024/8/21,2:00,3:00,0.433,0.0154,
2024/8/21,3:00,4:00,0.0753,0.0026,
2024/8/21,4:00,5:00,0.2401,0.0085,
2024/8/21,5:00,6:00,0.0794,0.0028,
2024/8/21,6:00,7:00,0.5153,0.0184,
2024/8/21,7:00,8:00,1.3236,0.0472,
2024/8/21,8:00,9:00,1.1434,0.0408,
2024/8/21,9:00,10:00,1.0545,0.0376,
2024/8/21,10:00,11:00,0.8381,0.0299,
2024/8/21,11:00,12:00,0.4045,0.0144,
2024/8/21,12:00,13:00,0.5325,0.019,
2024/8/21,13:00,14:00,0.4469,0.0159,
2024/8/21,14:00,15:00,0.4744,0.0169,
2024/8/21,15:00,16:00,0.4999,0.0178,
2024/8/21,16:00,17:00,0.513,0.0183,
2024/8/21,17:00,18:00,0.9225,0.0329,
2024/8/21,18:00,19:00,1.0871,0.0388,
2024/8/21,19:00,20:00,1.4838,0.0529,
2024/8/21,20:00,21:00,1.5038,0.0537,
2024/8/21,21:00,22:00,1.3363,0.0477,
2024/8/21,22:00,23:00,1.1065,0.0395,
2024/8/21,23:00,0:00,1.2242,0.0437,
2024/8/22,0:00,1:00,1.154,0.0412,
2024/8/22,1:00,2:00,0.6527,0.0233,
2024/8/22,2:00,3:00,0.1834,0.0065,
2024/8/22,3:00,4:00,0.1884,0.0067,
2024/8/22,4:00,5:00,0.0337,0.0012,
2024/8/22,5:00,6:00,0.0537,0.0019,
2024/8/22,6:00,7:00,0.4516,0.0161,
2024/8/22,7:00,8:00,1.0367,0.037,
2024/8/22,8:00,9:00,1.4542,0.0519,
2024/8/22,9:00,10:00,0.9106,0.0325,
2024/8/22,10:00,11:00,0.6054,0.0216,
2024/8/22,11:00,12:00,0.4057,0.0144,
2024/8/22,12:00,13:00,0.2713,0.0096,
2024/8/22,13:00,14:00,0.3828,0.0136,
2024/8/22,14:00,15:00,0.4357,0.0155,
2024/8/22,15:00,16:00,0.2284,0.0081,
2024/8/22,16:00,17:00,0.3127,0.0111,
2024/8/22,17:00,18:00,1.3562,0.0484,
2024/8/22,18:00,19:00,0.9854,0.0351,
2024/8/22,19:00,20:00,1.5395,0.0549,
2024/8/22,20:00,21:00,1.1801,0.0421,
2024/8/22,21:00,22:00,1.2332,0.044,
2024/8/22,22:00,23:00,1.6942,0.0605,
2024/8/22,23:00,0:00,1.1334,0.0404,
2024/8/23,0:00,1:00,0.7424,0.0265,
2024/8/23,1:00,2:00,0.5497,0.0196,
2024/8/23,2:00,3:00,0.2146,0.0076,
2024/8/23,3:00,4:00,0.0664,0.0023,
2024/8/23,4:00,5:00,0.0477,0.0017,
2024/8/23,5:00,6:00,0.0484,0.0017,
2024/8/23,6:00,7:00,0.4465,0.0159,
2024/8/23,7:00,8:00,1.1859,0.0423,
2024/8/23,8:00,9:00,1.2109,0.0432,
2024/8/23,9:00,10:00,1.0574,0.0377,
2024/8/23,10:00,11:00,0.7991,0.0285,
2024/8/23,11:00,12:00,0.4063,0.0145,
2024/8/23,12:00,13:00,0.3772,0.0134,
2024/8/23,13:00,14:00,0.4989,0.0178,
2024/8/23,14:00,15:00,0.3528,0.0126,
2024/8/23,15:00,16:00,0.3329,0.0118,
2024/8/23,16:00,17:00,0.4313,0.0154,
2024/8/23,17:00,18:00,0.9669,0.0345,
2024/8/23,18:00,19:00,1.3949,0.0498,
2024/8/23,19:00,20:00,1.442,0.0515,
2024/8/23,20:00,21:00,2.0627,0.0736,
2024/8/23,21:00,22:00,1.5521,0.0554,
2024/8/23,22:00,23:00,1.1172,0.0399,
2024/8/23,23:00,0:00,1.1803,0.0421,
2024/8/24,0:00,1:00,1.2019,0.0429,
2024/8/24,1:00,2:00,0.5751,0.0205,
2024/8/24,2:00,3:00,0.2491,0.0088,
2024/8/24,3:00,4:00,0.1889,0.0067,
2024/8/24,4:00,5:00,0.081,0.0028,
2024/8/24,5:00,6:00,0.1476,0.0052,
2024/8/24,6:00,7:00,0.2642,0.0094,
2024/8/24,7:00,8:00,0.7405,0.0264,
2024/8/24,8:00,9:00,1.3941,0.0497,
2024/8/24,9:00,10:00,1.4026,0.05,
2024/8/24,10:00,11:00,1.0207,0.0364,
2024/8/24,11:00,12:00,1.0474,0.0374,
2024/8/24,12:00,13:00,0.7375,0.0263,
2024/8/24,13:00,14:00,0.6405,0.0228,
2024/8/24,14:00,15:00,0.6612,0.0236,
2024/8/24,15:00,16:00,0.274,0.0097,
2024/8/24,16:00,17:00,0.4199,0.0149,
2024/8/24,17:00,18:00,1.4825,0.0529,
2024/8/24,18:00,19:00,1.3247,0.0473,
2024/8/24,19:00,20:00,1.4529,0.0518,
2024/8/24,20:00,21:00,1.6502,0.0589,
2024/8/24,21:00,22:00,1.551,0.0553,
2024/8/24,22:00,23:00,1.596,0.057,
2024/8/24,23:00,0:00,0.8956,0.0319,
2024/8/25,0:00,1:00,1.0279,0.0367,
2024/8/25,1:00,2:00,0.4972,0.0177,
2024/8/25,2:00,3:00,0.2993,0.0106,
2024/8/25,3:00,4:00,0.195,0.0069,
2024/8/25,4:00,5:00,0.0652,0.0023,
2024/8/25,5:00,6:00,0.0307,0.001,
2024/8/25,6:00,7:00,0.274,0.0097,
2024/8/25,7:00,8:00,0.5847,0.0208,
2024/8/25,8:00,9:00,1.3963,0.0498,
2024/8/25,9:00,10:00,1.5046,0.0537,
2024/8/25,10:00,11:00,1.1155,0.0398,
2024/8/25,11:00,12:00,0.643,0.0229,
2024/8/25,12:00,13:00,0.602,0.0215,
2024/8/25,13:00,14:00,0.739,0.0263,
2024/8/25,14:00,15:00,0.6487,0.0231,
2024/8/25,15:00,16:00,0.6018,0.0214,
2024/8/25,16:00,17:00,0.7156,0.0255,
2024/8/25,17:00,18:00,1.658,0.0592,
2024/8/25,18:00,19:00,1.5666,0.0559,
2024/8/25,19:00,20:00,1.8742,0.0669,
2024/8/25,20:00,21:00,1.6582,0.0592,
2024/8/25,21:00,22:00,2.1285,0.076,
2024/8/25,22:00,23:00,1.3288,0.0474,
2024/8/25,23:00,0:00,1.0416,0.0372,
2024/8/26,0:00,1:00,0.598,0.0213,
2024/8/26,1:00,2:00,0.3243,0.0115,
2024/8/26,2:00,3:00,0.0794,0.0028,
2024/8/26,3:00,4:00,0.0338,0.0012,
2024/8/26,4:00,5:00,0.0681,0.0024,
2024/8/26,5:00,6:00,0.2943,0.0105,
2024/8/26,6:00,7:00,1.0685,0.0381,
2024/8/26,7:00,8:00,0.9899,0.0353,
2024/8/26,8:00,9:00,1.0681,0.0381,
2024/8/26,9:00,10:00,0.8389,0.0299,
2024/8/26,10:00,11:00,0.4865,0.0173,
2024/8/26,11:00,12:00,0.6418,0.0229,
2024/8/26,12:00,13:00,0.2746,0.0098,
2024/8/26,13:00,14:00,0.6109,0.0218,
2024/8/26,14:00,15:00,0.5225,0.0186,
2024/8/26,15:00,16:00,0.3274,0.0116,
2024/8/26,16:00,17:00,0.5655,0.0201,
2024/8/26,17:00,18:00,0.9548,0.0341,
2024/8/26,18:00,19:00,1.0989,0.0392,
2024/8/26,19:00,20:00,2.1457,0.0766,
2024/8/26,20:00,21:00,2.1931,0.0783,
2024/8/26,21:00,22:00,1.7784,0.0635,
2024/8/26,22:00,23:00,1.2498,0.0446,
2024/8/26,23:00,0:00,1.508,0.0538,
2024/8/27,0:00,1:00,0.5915,0.0211,
2024/8/27,1:00,2:00,0.2556,0.0091,
2024/8/27,2:00,3:00,0.4762,0.017,
2024/8/27,3:00,4:00,0.1119,0.0039,
2024/8/27,4:00,5:00,0.0551,0.0019,
2024/8/27,5:00,6:00,0.0522,0.0018,
2024/8/27,6:00,7:00,0.723,0.0258,
2024/8/27,7:00,8:00,0.8508,0.0303,
2024/8/27,8:00,9:00,1.4456,0.0516,
2024/8/27,9:00,10:00,1.0024,0.0358,
2024/8/27,10:00,11:00,0.5594,0.0199,
2024/8/27,11:00,12:00,0.3544,0.0126,
2024/8/27,12:00,13:00,0.3272,0.0116,
2024/8/27,13:00,14:00,0.4514,0.0161,
2024/8/27,14:00,15:00,0.3667,0.013,
2024/8/27,15:00,16:00,0.3781,0.0135,
2024/8/27,16:00,17:00,0.7914,0.0282,
2024/8/27,17:00,18:00,1.3998,0.0499,
2024/8/27,18:00,19:00,1.7224,0.0615,
2024/8/27,19:00,20:00,2.0728,0.074,
2024/8/27,20:00,21:00,1.8765,0.067,
2024/8/27,21:00,22:00,1.4986,0.0535,
2024/8/27,22:00,23:00,1.2053,0.043,
2024/8/27,23:00,0:00,1.2841,0.0458,
2024/8/28,0:00,1:00,0.6996,0.0249,
2024/8/28,1:00,2:00,0.2772,0.0099,
2024/8/28,2:00,3:00,0.1297,0.0046,
2024/8/28,3:00,4:00,0.0246,0.0008,
2024/8/28,4:00,5:00,0.3012,0.0107,
2024/8/28,5:00,6:00,0.025,0.0008,
2024/8/28,6:00,7:00,0.7563,0.027,
2024/8/28,7:00,8:00,1.5728,0.0561,
2024/8/28,8:00,9:00,1.9865,0.0709,
2024/8/28,9:00,10:00,0.8264,0.0295,
2024/8/28,10:00,11:00,0.6273,0.0224,
2024/8/28,11:00,12:00,0.2855,0.0101,
2024/8/28,12:00,13:00,0.3377,0.012,
2024/8/28,13:00,14:00,0.3227,0.0115,
2024/8/28,14:00,15:00,0.347,0.0123,
2024/8/28,15:00,16:00,0.406,0.0145,
2024/8/28,16:00,17:00,0.597,0.0213,
2024/8/28,17:00,18:00,1.184,0.0422,
2024/8/28,18:00,19:00,1.1745,0.0419,
2024/8/28,19:00,20:00,1.4668,0.0523,
2024/8/28,20:00,21:00,1.9962,0.0712,
2024/8/28,21:00,22:00,1.6437,0.0587,
2024/8/28,22:00,23:00,1.2416,0.0443,
2024/8/28,23:00,0:00,0.7307,0.026,
2024/8/29,0:00,1:00,0.9101,0.0325,
2024/8/29,1:00,2:00,0.624,0.0222,
2024/8/29,2:00,3:00,0.0818,0.0029,
2024/8/29,3:00,4:00,0.0145,0.0005,
2024/8/29,4:00,5:00,0.0416,0.0014,
2024/8/29,5:00,6:00,0.1731,0.0061,
2024/8/29,6:00,7:00,0.7795,0.0278,
2024/8/29,7:00,8:00,1.5244,0.0544,
2024/8/29,8:00,9:00,1.5053,0.0537,
2024/8/29,9:00,10:00,0.7128,0.0254,
2024/8/29,10:00,11:00,0.2902,0.0103,
2024/8/29,11:00,12:00,0.296,0.0105,
2024/8/29,12:00,13:00,0.3449,0.0123,
2024/8/29,13:00,14:00,0.6244,0.0223,
2024/8/29,14:00,15:00,0.3665,0.013,
2024/8/29,15:00,16:00,0.4166,0.0148,
2024/8/29,16:00,17:00,0.571,0.0203,
2024/8/29,17:00,18:00,0.838,0.0299,
2024/8/29,18:00,19:00,2.0336,0.0726,
2024/8/29,19:00,20:00,1.4719,0.0525,
2024/8/29,20:00,21:00,1.6229,0.0579,
2024/8/29,21:00,22:00,1.8724,0.0668,
2024/8/29,22:00,23:00,1.3306,0.0475,
2024/8/29,23:00,0:00,1.1874,0.0424,
2024/8/30,0:00,1:00,0.4224,0.015,
2024/8/30,1:00,2:00,0.3831,0.0136,
2024/8/30,2:00,3:00,0.2528,0.009,
2024/8/30,3:00,4:00,0.1473,0.0052,
2024/8/30,4:00,5:00,0.0949,0.0033,
2024/8/30,5:00,6:00,0.1508,0.0053,
2024/8/30,6:00,7:00,0.705,0.0251,
2024/8/30,7:00,8:00,1.5875,0.0566,
2024/8/30,8:00,9:00,0.9887,0.0353,
2024/8/30,9:00,10:00,0.641,0.0228,
2024/8/30,10:00,11:00,0.6055,0.0216,
2024/8/30,11:00,12:00,0.2767,0.0098,
2024/8/30,12:00,13:00,0.2106,0.0075,
2024/8/30,13:00,14:00,0.3412,0.0121,
2024/8/30,14:00,15:00,0.2153,0.0076,
2024/8/30,15:00,16:00,0.3062,0.0109,
2024/8/30,16:00,17:00,0.6358,0.0227,
2024/8/30,17:00,18:00,1.0951,0.0391,
2024/8/30,18:00,19:00,1.8317,0.0654,
2024/8/30,19:00,20:00,1.2291,0.0438,
2024/8/30,20:00,21:00,1.3412,0.0479,
2024/8/30,21:00,22:00,1.6226,0.0579,
2024/8/30,22:00,23:00,1.4195,0.0506,
2024/8/30,23:00,0:00,0.7611,0.0271,
2024/8/31,0:00,1:00,0.6771,0.0241,
2024/8/31,1:00,2:00,0.3855,0.0137,
2024/8/31,2:00,3:00,0.1461,0.0052,
2024/8/31,3:00,4:00,0.0975,0.0034,
2024/8/31,4:00,5:00,0.0253,0.0009,
2024/8/31,5:00,6:00,0.0514,0.0018,
2024/8/31,6:00,7:00,0.4147,0.0148,
2024/8/31,7:00,8:00,0.945,0.0337,
2024/8/31,8:00,9:00,0.9084,0.0324,
2024/8/31,9:00,10:00,1.3429,0.0479,
2024/8/31,10:00,11:00,1.3723,0.049,
2024/8/31,11:00,12:00,0.7286,0.026,
2024/8/31,12:00,13:00,0.785,0.028,
2024/8/31,13:00,14:00,1.0956,0.0391,
2024/8/31,14:00,15:00,0.5976,0.0213,
2024/8/31,15:00,16:00,0.358,0.0127,
2024/8/31,16:00,17:00,0.591,0.0211,
2024/8/31,17:00,18:00,0.9286,0.0331,
2024/8/31,18:00,19:00,1.4325,0.0511,
2024/8/31,19:00,20:00,1.3622,0.0486,
2024/8/31,20:00,21:00,1.3803,0.0492,
2024/8/31,21:00,22:00,1.5152,0.0541,
2024/8/31,22:00,23:00,1.5299,0.0546,
2024/8/31,23:00,0:00,1.0307,0.0368,
2024/9/1,0:00,1:00,0.8472,0.0302,
2024/9/1,1:00,2:00,0.3602,0.0128,
2024/9/1,2:00,3:00,0.1315,0.0046,
2024/9/1,3:00,4:00,0.0663,0.0023,
2024/9/1,4:00,5:00,0.0504,0.0018,
2024/9/1,5:00,6:00,0.033,0.0011,
2024/9/1,6:00,7:00,0.0949,0.0033,
2024/9/1,7:00,8:00,0.5904,0.021,
2024/9/1,8:00,9:00,1.0587,0.0378,
2024/9/1,9:00,10:00,1.4752,0.0526,
2024/9/1,10:00,11:00,1.3824,0.0493,
2024/9/1,11:00,12:00,1.1711,0.0418,
2024/9/1,12:00,13:00,0.6026,0.0215,
2024/9/1,13:00,14:00,0.7166,0.0255,
2024/9/1,14:00,15:00,0.4515,0.0161,
2024/9/1,15:00,16:00,0.3343,0.0119,
2024/9/1,16:00,17:00,1.2858,0.0459,
2024/9/1,17:00,18:00,0.946,0.0337,
2024/9/1,18:00,19:00,1.5899,0.0567,
2024/9/1,19:00,20:00,1.5504,0.0553,
2024/9/1,20:00,21:00,1.8731,0.0668,
2024/9/1,21:00,22:00,2.0588,0.0735,
2024/9/1,22:00,23:00,1.111,0.0396,
2024/9/1,23:00,0:00,1.1125,0.0397,
2024/9/2,0:00,1:00,0.3798,0.0135,
2024/9/2,1:00,2:00,0.4145,0.0148,
2024/9/2,2:00,3:00,0.3642,0.013,
2024/9/2,3:00,4:00,0.1276,0.0045,
2024/9/2,4:00,5:00,0.1503,0.0053,
2024/9/2,5:00,6:00,0.197,0.007,
2024/9/2,6:00,7:00,0.882,0.0315,
2024/9/2,7:00,8:00,1.6535,0.059,
2024/9/2,8:00,9:00,2.0131,0.0718,
2024/9/2,9:00,10:00,0.9845,0.0351,
2024/9/2,10:00,11:00,0.5693,0.0203,
2024/9/2,11:00,12:00,0.2705,0.0096,
2024/9/2,12:00,13:00,0.2131,0.0076,
2024/9/2,13:00,14:00,0.3156,0.0112,
2024/9/2,14:00,15:00,0.43,0.0153,
2024/9/2,15:00,16:00,0.213,0.0076,
2024/9/2,16:00,17:00,0.4385,0.0156,
2024/9/2,17:00,18:00,0.7994,0.0285,
2024/9/2,18:00,19:00,1.5899,0.0567,
2024/9/2,19:00,20:00,1.4093,0.0503,
2024/9/2,20:00,21:00,1.6279,0.0581,
2024/9/2,21:00,22:00,1.8795,0.0671,
2024/9/2,22:00,23:00,1.8989,0.0678,
2024/9/2,23:00,0:00,0.9646,0.0344,
2024/9/3,0:00,1:00,0.5533,0.0197,
2024/9/3,1:00,2:00,0.1732,0.0061,
2024/9/3,2:00,3:00,0.5569,0.0198,
2024/9/3,3:00,4:00,0.0542,0.0019,
2024/9/3,4:00,5:00,0.0799,0.0028,
2024/9/3,5:00,6:00,0.1713,0.0061,
2024/9/3,6:00,7:00,0.7301,0.026,
2024/9/3,7:00,8:00,1.2942,0.0462,
2024/9/3,8:00,9:00,1.1674,0.0416,
2024/9/3,9:00,10:00,0.7478,0.0267,
2024/9/3,10:00,11:00,0.4002,0.0142,
2024/9/3,11:00,12:00,0.1683,0.006,
2024/9/3,12:00,13:00,0.3153,0.0112,
2024/9/3,13:00,14:00,0.5591,0.0199,
2024/9/3,14:00,15:00,0.5589,0.0199,
2024/9/3,15:00,16:00,0.3409,0.0121,
2024/9/3,16:00,17:00,0.4388,0.0156,
2024/9/3,17:00,18:00,1.085,0.0387,
2024/9/3,18:00,19:00,1.318,0.047,
2024/9/3,19:00,20:00,1.5366,0.0548,
2024/9/3,20:00,21:00,2.3154,0.0826,
2024/9/3,21:00,22:00,1.5591,0.0556,
2024/9/3,22:00,23:00,1.8579,0.0663,
2024/9/3,23:00,0:00,1.0017,0.0357,
2024/9/4,0:00,1:00,0.5886,0.021,
2024/9/4,1:00,2:00,0.2968,0.0106,
2024/9/4,2:00,3:00,0.2874,0.0102,
2024/9/4,3:00,4:00,0.026,0.0009,
2024/9/4,4:00,5:00,0.2001,0.0071,
2024/9/4,5:00,6:00,0.3642,0.013,
2024/9/4,6:00,7:00,0.6542,0.0233,
2024/9/4,7:00,8:00,1.1201,0.04,
2024/9/4,8:00,9:00,1.3496,0.0482,
2024/9/4,9:00,10:00,0.6258,0.0223,
2024/9/4,10:00,11:00,0.4883,0.0174,
2024/9/4,11:00,12:00,0.3333,0.0119,
2024/9/4,12:00,13:00,0.2126,0.0075,
2024/9/4,13:00,14:00,0.3283,0.0117,
2024/9/4,14:00,15:00,0.2514,0.0089,
2024/9/4,15:00,16:00,0.2236,0.0079,
2024/9/4,16:00,17:00,0.3161,0.0112,
2024/9/4,17:00,18:00,1.0406,0.0371,
2024/9/4,18:00,19:00,1.7548,0.0626,
2024/9/4,19:00,20:00,1.4725,0.0525,
2024/9/4,20:00,21:00,1.1602,0.0414,
2024/9/4,21:00,22:00,2.0339,0.0726,
2024/9/4,22:00,23:00,1.3825,0.0493,
2024/9/4,23:00,0:00,0.8314,0.0296,
2024/9/5,0:00,1:00,0.6735,0.024,
2024/9/5,1:00,2:00,0.4855,0.0173,
2024/9/5,2:00,3:00,0.1497,0.0053,
2024/9/5,3:00,4:00,0.1331,0.0047,
2024/9/5,4:00,5:00,0.0904,0.0032,
2024/9/5,5:00,6:00,0.0738,0.0026,
2024/9/5,6:00,7:00,0.8824,0.0315,
2024/9/5,7:00,8:00,1.6587,0.0592,
2024/9/5,8:00,9:00,1.4933,0.0533,
2024/9/5,9:00,10:00,1.2509,0.0446,
2024/9/5,10:00,11:00,0.7193,0.0256,
2024/9/5,11:00,12:00,0.5361,0.0191,
2024/9/5,12:00,13:00,0.2101,0.0075,
2024/9/5,13:00,14:00,0.2715,0.0096,
2024/9/5,14:00,15:00,0.3349,0.0119,
2024/9/5,15:00,16:00,0.2994,0.0106,
2024/9/5,16:00,17:00,0.525,0.0187,
2024/9/5,17:00,18:00,1.0234,0.0365,
2024/9/5,18:00,19:00,1.8258,0.0652,
2024/9/5,19:00,20:00,1.4326,0.0511,
2024/9/5,20:00,21:00,1.885,0.0673,
2024/9/5,21:00,22:00,1.5073,0.0538,
2024/9/5,22:00,23:00,1.3729,0.049,
2024/9/5,23:00,0:00,1.0376,0.037,
2024/9/6,0:00,1:00,0.8921,0.0318,
2024/9/6,1:00,2:00,0.3581,0.0127,
2024/9/6,2:00,3:00,0.5251,0.0187,
2024/9/6,3:00,4:00,0.0359,0.0012,
2024/9/6,4:00,5:00,0.0284,0.001,
2024/9/6,5:00,6:00,0.1722,0.0061,
2024/9/6,6:00,7:00,0.5476,0.0195,
2024/9/6,7:00,8:00,1.399,0.0499,
2024/9/6,8:00,9:00,1.6691,0.0596,
2024/9/6,9:00,10:00,1.0992,0.0392,
2024/9/6,10:00,11:00,0.4781,0.017,
2024/9/6,11:00,12:00,0.4474,0.0159,
2024/9/6,12:00,13:00,0.1195,0.0042,
2024/9/6,13:00,14:00,0.4414,0.0157,
2024/9/6,14:00,15:00,0.2346,0.0083,
2024/9/6,15:00,16:00,0.2433,0.0086,
2024/9/6,16:00,17:00,0.5106,0.0182,
2024/9/6,17:00,18:00,1.0548,0.0376,
2024/9/6,18:00,19:00,1.8792,0.0671,
2024/9/6,19:00,20:00,1.1592,0.0414,
2024/9/6,20:00,21:00,1.4889,0.0531,
2024/9/6,21:00,22:00,1.6608,0.0593,
2024/9/6,22:00,23:00,1.266,0.0452,
2024/9/6,23:00,0:00,1.5893,0.0567,
2024/9/7,0:00,1:00,0.9692,0.0346,
2024/9/7,1:00,2:00,0.3379,0.012,
2024/9/7,2:00,3:00,0.1263,0.0045,
2024/9/7,3:00,4:00,0.0753,0.0026,
2024/9/7,4:00,5:00,0.0734,0.0026,
2024/9/7,5:00,6:00,0.1751,0.0062,
2024/9/7,6:00,7:00,0.408,0.0145,
2024/9/7,7:00,8:00,1.0923,0.039,
2024/9/7,8:00,9:00,1.489,0.0531,
2024/9/7,9:00,10:00,1.8015,0.0643,
2024/9/7,10:00,11:00,0.75,0.0267,
2024/9/7,11:00,12:00,0.6558,0.0234,
2024/9/7,12:00,13:00,0.5499,0.0196,
2024/9/7,13:00,14:00,0.5547,0.0198,
2024/9/7,14:00,15:00,0.5113,0.0182,
2024/9/7,15:00,16:00,0.5223,0.0186,
2024/9/7,16:00,17:00,0.3902,0.0139,
2024/9/7,17:00,18:00,0.7802,0.0278,
2024/9/7,18:00,19:00,0.7207,0.0257,
2024/9/7,19:00,20:00,1.7352,0.0619,
2024/9/7,20:00,21:00,2.2158,0.0791,
2024/9/7,21:00,22:00,2.1784,0.0778,
2024/9/7,22:00,23:00,1.3223,0.0472,
2024/9/7,23:00,0:00,0.9092,0.0324,
2024/9/8,0:00,1:00,0.3687,0.0131,
2024/9/8,1:00,2:00,0.3407,0.0121,
2024/9/8,2:00,3:00,0.4014,0.0143,
2024/9/8,3:00,4:00,0.1479,0.0052,
2024/9/8,4:00,5:00,0.1131,0.004,
2024/9/8,5:00,6:00,0.0619,0.0022,
2024/9/8,6:00,7:00,0.1149,0.0041,
2024/9/8,7:00,8:00,0.6427,0.0229,
2024/9/8,8:00,9:00,1.3613,0.0486,
2024/9/8,9:00,10:00,1.9088,0.0681,
2024/9/8,10:00,11:00,0.9852,0.0351,
2024/9/8,11:00,12:00,0.6764,0.0241,
2024/9/8,12:00,13:00,0.8043,0.0287,
2024/9/8,13:00,14:00,0.8806,0.0314,
2024/9/8,14:00,15:00,0.6579,0.0234,
2024/9/8,15:00,16:00,0.4461,0.0159,
2024/9/8,16:00,17:00,1.0983,0.0392,
2024/9/8,17:00,18:00,1.1573,0.0413,
2024/9/8,18:00,19:00,1.9025,0.0679,
2024/9/8,19:00,20:00,1.54,0.055,
2024/9/8,20:00,21:00,1.4914,0.0532,
2024/9/8,21:00,22:00,1.9277,0.0688,
2024/9/8,22:00,23:00,1.5834,0.0565,
2024/9/8,23:00,0:00,1.0336,0.0369,
2024/9/9,0:00,1:00,0.5496,0.0196,
2024/9/9,1:00,2:00,0.366,0.013,
2024/9/9,2:00,3:00,0.1712,0.0061,
2024/9/9,3:00,4:00,0.023,0.0008,
2024/9/9,4:00,5:00,0.0499,0.0017,
2024/9/9,5:00,6:00,0.2433,0.0086,
2024/9/9,6:00,7:00,1.031,0.0368,
2024/9/9,7:00,8:00,0.976,0.0348,
2024/9/9,8:00,9:00,1.0374,0.037,
2024/9/9,9:00,10:00,0.5653,0.0201,
2024/9/9,10:00,11:00,0.5174,0.0184,
2024/9/9,11:00,12:00,0.3893,0.0139,
2024/9/9,12:00,13:00,0.3421,0.0122,
2024/9/9,13:00,14:00,0.2379,0.0084,
2024/9/9,14:00,15:00,0.3298,0.0117,
2024/9/9,15:00,16:00,0.2502,0.0089,
2024/9/9,16:00,17:00,0.5911,0.0211,
2024/9/9,17:00,18:00,1.1318,0.0404,
2024/9/9,18:00,19:00,2.1118,0.0754,
2024/9/9,19:00,20:00,1.5985,0.057,
2024/9/9,20:00,21:00,1.8527,0.0661,
2024/9/9,21:00,22:00,1.686,0.0602,
2024/9/9,22:00,23:00,1.2176,0.0434,
2024/9/9,23:00,0:00,1.34,0.0478,
2024/9/10,0:00,1:00,0.5767,0.0205,
2024/9/10,1:00,2:00,0.5546,0.0198,
2024/9/10,2:00,3:00,0.2141,0.0076,
2024/9/10,3:00,4:00,0.0374,0.0013,
2024/9/10,4:00,5:00,0.0928,0.0033,
2024/9/10,5:00,6:00,0.1942,0.0069,
2024/9/10,6:00,7:00,0.8624,0.0308,
2024/9/10,7:00,8:00,1.3986,0.0499,
2024/9/10,8:00,9:00,1.3334,0.0476,
2024/9/10,9:00,10:00,0.8867,0.0316,
2024/9/10,10:00,11:00,0.4245,0.0151,
2024/9/10,11:00,12:00,0.2061,0.0073,
2024/9/10,12:00,13:00,0.1511,0.0053,
2024/9/10,13:00,14:00,0.2744,0.0098,
2024/9/10,14:00,15:00,0.4299,0.0153,
2024/9/10,15:00,16:00,0.3451,0.0123,
2024/9/10,16:00,17:00,0.7016,0.025,
2024/9/10,17:00,18:00,0.9826,0.035,
2024/9/10,18:00,19:00,1.4419,0.0514,
2024/9/10,19:00,20:00,2.1291,0.076,
2024/9/10,20:00,21:00,2.055,0.0733,
2024/9/10,21:00,22:00,1.8215,0.065,
2024/9/10,22:00,23:00,1.6012,0.0571,
2024/9/10,23:00,0:00,0.9828,0.0351,
2024/9/11,0:00,1:00,0.7978,0.0284,
2024/9/11,1:00,2:00,0.263,0.0093,
2024/9/11,2:00,3:00,0.3352,0.0119,
2024/9/11,3:00,4:00,0.0667,0.0023,
2024/9/11,4:00,5:00,0.0444,0.0015,
2024/9/11,5:00,6:00,0.2827,0.01,
2024/9/11,6:00,7:00,0.9781,0.0349,
2024/9/11,7:00,8:00,1.0946,0.039,
2024/9/11,8:00,9:00,1.4606,0.0521,
2024/9/11,9:00,10:00,1.068,0.0381,
2024/9/11,10:00,11:00,0.5573,0.0199,
2024/9/11,11:00,12:00,0.2666,0.0095,
2024/9/11,12:00,13:00,0.3,0.0107,
2024/9/11,13:00,14:00,0.2937,0.0104,
2024/9/11,14:00,15:00,0.3328,0.0118,
2024/9/11,15:00,16:00,0.6808,0.0243,
2024/9/11,16:00,17:00,0.5682,0.0202,
2024/9/11,17:00,18:00,1.0125,0.0361,
2024/9/11,18:00,19:00,1.4719,0.0525,
2024/9/11,19:00,20:00,2.0275,0.0724,
2024/9/11,20:00,21:00,2.0054,0.0716,
2024/9/11,21:00,22:00,1.5679,0.0559,
2024/9/11,22:00,23:00,1.0017,0.0357,
2024/9/11,23:00,0:00,1.1809,0.0421,
2024/9/12,0:00,1:00,0.5181,0.0185,
2024/9/12,1:00,2:00,0.3316,0.0118,
2024/9/12,2:00,3:00,0.5662,0.0202,
2024/9/12,3:00,4:00,0.0714,0.0025,
2024/9/12,4:00,5:00,0.1977,0.007,
2024/9/12,5:00,6:00,0.0697,0.0024,
2024/9/12,6:00,7:00,0.794,0.0283,
2024/9/12,7:00,8:00,1.5233,0.0544,
2024/9/12,8:00,9:00,1.5204,0.0543,
2024/9/12,9:00,10:00,0.794,0.0283,
2024/9/12,10:00,11:00,0.5308,0.0189,
2024/9/12,11:00,12:00,0.3732,0.0133,
2024/9/12,12:00,13:00,0.2644,0.0094,
2024/9/12,13:00,14:00,0.3036,0.0108,
2024/9/12,14:00,15:00,0.2698,0.0096,
2024/9/12,15:00,16:00,0.3496,0.0124,
2024/9/12,16:00,17:00,0.6605,0.0235,
2024/9/12,17:00,18:00,0.7457,0.0266,
2024/9/12,18:00,19:00,1.532,0.0547,
2024/9/12,19:00,20:00,2.3973,0.0856,
2024/9/12,20:00,21:00,1.5482,0.0552,
2024/9/12,21:00,22:00,1.7882,0.0638,
2024/9/12,22:00,23:00,1.4243,0.0508,
2024/9/12,23:00,0:00,1.0636,0.0379,
2024/9/13,0:00,1:00,0.7264,0.0259,
2024/9/13,1:00,2:00,0.1744,0.0062,
2024/9/13,2:00,3:00,0.3337,0.0119,
2024/9/13,3:00,4:00,0.24,0.0085,
2024/9/13,4:00,5:00,0.0128,0.0004,
2024/9/13,5:00,6:00,0.1712,0.0061,
2024/9/13,6:00,7:00,0.648,0.0231,
2024/9/13,7:00,8:00,1.6078,0.0574,
2024/9/13,8:00,9:00,1.9757,0.0705,
2024/9/13,9:00,10:00,1.1878,0.0424,
2024/9/13,10:00,11:00,0.2541,0.009,
2024/9/13,11:00,12:00,0.2871,0.0102,
2024/9/13,12:00,13:00,0.3888,0.0138,
2024/9/13,13:00,14:00,0.1823,0.0065,
2024/9/13,14:00,15:00,0.2407,0.0085,
2024/9/13,15:00,16:00,0.3481,0.0124,
2024/9/13,16:00,17:00,0.1296,0.0046,
2024/9/13,17:00,18:00,0.4238,0.0151,
2024/9/13,18:00,19:00,1.0995,0.0392,
2024/9/13,19:00,20:00,1.6711,0.0596,
2024/9/13,20:00,21:00,1.7711,0.0632,
2024/9/13,21:00,22:00,2.0308,0.0725,
2024/9/13,22:00,23:00,2.1851,0.078,
2024/9/13,23:00,0:00,1.0309,0.0368,
2024/9/14,0:00,1:00,0.583,0.0208,
2024/9/14,1:00,2:00,0.5243,0.0187,
2024/9/14,2:00,3:00,0.2259,0.008,
2024/9/14,3:00,4:00,0.0708,0.0025,
2024/9/14,4:00,5:00,0.1012,0.0036,
2024/9/14,5:00,6:00,0.1281,0.0045,
2024/9/14,6:00,7:00,0.3188,0.0113,
2024/9/14,7:00,8:00,0.7772,0.0277,
2024/9/14,8:00,9:00,1.6326,0.0583,
2024/9/14,9:00,10:00,1.1004,0.0393,
2024/9/14,10:00,11:00,0.819,0.0292,
2024/9/14,11:00,12:00,0.3811,0.0136,
2024/9/14,12:00,13:00,0.5674,0.0202,
2024/9/14,13:00,14:00,0.8321,0.0297,
2024/9/14,14:00,15:00,0.7915,0.0282,
2024/9/14,15:00,16:00,0.9501,0.0339,
2024/9/14,16:00,17:00,0.4052,0.0144,
2024/9/14,17:00,18:00,1.0301,0.0367,
2024/9/14,18:00,19:00,0.8055,0.0287,
2024/9/14,19:00,20:00,1.2993,0.0464,
2024/9/14,20:00,21:00,1.6644,0.0594,
2024/9/14,21:00,22:00,1.808,0.0645,
2024/9/14,22:00,23:00,1.0894,0.0389,
2024/9/14,23:00,0:00,0.9235,0.0329,
2024/9/15,0:00,1:00,0.9679,0.0345,
2024/9/15,1:00,2:00,0.4801,0.0171,
2024/9/15,2:00,3:00,0.1141,0.004,
2024/9/15,3:00,4:00,0.0466,0.0016,
2024/9/15,4:00,5:00,0.0291,0.001,
2024/9/15,5:00,6:00,0.035,0.0012,
2024/9/15,6:00,7:00,0.1401,0.005,
2024/9/15,7:00,8:00,0.7732,0.0276,
2024/9/15,8:00,9:00,1.3453,0.048,
2024/9/15,9:00,10:00,1.6362,0.0584,
2024/9/15,10:00,11:00,1.2632,0.0451,
2024/9/15,11:00,12:00,0.7811,0.0278,
2024/9/15,12:00,13:00,0.3289,0.0117,
2024/9/15,13:00,14:00,0.594,0.0212,
2024/9/15,14:00,15:00,0.5241,0.0187,
2024/9/15,15:00,16:00,0.4143,0.0147,
2024/9/15,16:00,17:00,0.4672,0.0166,
2024/9/15,17:00,18:00,1.4733,0.0526,
2024/9/15,18:00,19:00,1.0407,0.0371,
2024/9/15,19:00,20:00,2.0593,0.0735,
2024/9/15,20:00,21:00,1.9092,0.0681,
2024/9/15,21:00,22:00,1.9296,0.0689,
2024/9/15,22:00,23:00,0.991,0.0353,
2024/9/15,23:00,0:00,0.7903,0.0282,
2024/9/16,0:00,1:00,0.4412,0.0157,
2024/9/16,1:00,2:00,0.4355,0.0155,
2024/9/16,2:00,3:00,0.5421,0.0193,
2024/9/16,3:00,4:00,0.0389,0.0013,
2024/9/16,4:00,5:00,0.0138,0.0004,
2024/9/16,5:00,6:00,0.1501,0.0053,
2024/9/16,6:00,7:00,0.2515,0.0089,
2024/9/16,7:00,8:00,0.5868,0.0209,
2024/9/16,8:00,9:00,0.9294,0.0331,
2024/9/16,9:00,10:00,1.1759,0.0419,
2024/9/16,10:00,11:00,1.0623,0.0379,
2024/9/16,11:00,12:00,1.2013,0.0429,
2024/9/16,12:00,13:00,0.6761,0.0241,
2024/9/16,13:00,14:00,0.5488,0.0196,
2024/9/16,14:00,15:00,0.4771,0.017,
2024/9/16,15:00,16:00,0.5187,0.0185,
2024/9/16,16:00,17:00,0.3668,0.0131,
2024/9/16,17:00,18:00,1.1904,0.0425,
2024/9/16,18:00,19:00,1.3474,0.0481,
2024/9/16,19:00,20:00,1.9527,0.0697,
2024/9/16,20:00,21:00,2.4219,0.0864,
2024/9/16,21:00,22:00,1.762,0.0629,
2024/9/16,22:00,23:00,2.0577,0.0734,
2024/9/16,23:00,0:00,1.1274,0.0402,
2024/9/17,0:00,1:00,0.6728,0.024,
2024/9/17,1:00,2:00,0.4326,0.0154,
2024/9/17,2:00,3:00,0.1616,0.0057,
2024/9/17,3:00,4:00,0.0383,0.0013,
2024/9/17,4:00,5:00,0.0657,0.0023,
2024/9/17,5:00,6:00,0.1736,0.0062,
2024/9/17,6:00,7:00,1.0066,0.0359,
2024/9/17,7:00,8:00,1.3614,0.0486,
2024/9/17,8:00,9:00,1.0283,0.0367,
2024/9/17,9:00,10:00,1.2079,0.0431,
2024/9/17,10:00,11:00,0.4055,0.0144,
2024/9/17,11:00,12:00,0.2719,0.0097,
2024/9/17,12:00,13:00,0.1936,0.0069,
2024/9/17,13:00,14:00,0.1842,0.0065,
2024/9/17,14:00,15:00,0.2127,0.0075,
2024/9/17,15:00,16:00,0.2871,0.0102,
2024/9/17,16:00,17:00,0.5814,0.0207,
2024/9/17,17:00,18:00,1.2571,0.0448,
2024/9/17,18:00,19:00,1.1875,0.0424,
2024/9/17,19:00,20:00,2.1058,0.0752,
2024/9/17,20:00,21:00,1.8906,0.0675,
2024/9/17,21:00,22:00,1.5588,0.0556,
2024/9/17,22:00,23:00,1.4348,0.0512,
2024/9/17,23:00,0:00,0.8328,0.0297,
2024/9/18,0:00,1:00,0.4394,0.0156,
2024/9/18,1:00,2:00,0.4923,0.0175,
2024/9/18,2:00,3:00,0.4512,0.0161,
2024/9/18,3:00,4:00,0.1819,0.0064,
2024/9/18,4:00,5:00,0.0192,0.0006,
2024/9/18,5:00,6:00,0.0575,0.002,
2024/9/18,6:00,7:00,0.7658,0.0273,
2024/9/18,7:00,8:00,1.4344,0.0512,
2024/9/18,8:00,9:00,1.671,0.0596,
2024/9/18,9:00,10:00,0.6847,0.0244,
2024/9/18,10:00,11:00,0.7264,0.0259,
2024/9/18,11:00,12:00,0.4653,0.0166,
2024/9/18,12:00,13:00,0.4331,0.0154,
2024/9/18,13:00,14:00,0.4453,0.0159,
2024/9/18,14:00,15:00,0.3323,0.0118,
2024/9/18,15:00,16:00,0.6227,0.0222,
2024/9/18,16:00,17:00,0.3389,0.0121,
2024/9/18,17:00,18:00,1.4786,0.0528,
2024/9/18,18:00,19:00,1.42,0.0507,
2024/9/18,19:00,20:00,1.8218,0.065,
2024/9/18,20:00,21:00,1.744,0.0622,
2024/9/18,21:00,22:00,1.7495,0.0624,
2024/9/18,22:00,23:00,1.2887,0.046,
2024/9/18,23:00,0:00,0.6137,0.0219,
2024/9/19,0:00,1:00,0.4545,0.0162,
2024/9/19,1:00,2:00,0.3614,0.0129,
2024/9/19,2:00,3:00,0.1228,0.0043,
2024/9/19,3:00,4:00,0.0263,0.0009,
2024/9/19,4:00,5:00,0.017,0.0006,
2024/9/19,5:00,6:00,0.1169,0.0041,
2024/9/19,6:00,7:00,0.8462,0.0302,
2024/9/19,7:00,8:00,1.9483,0.0695,
2024/9/19,8:00,9:00,0.9578,0.0342,
2024/9/19,9:00,10:00,0.6949,0.0248,
2024/9/19,10:00,11:00,0.4609,0.0164,
2024/9/19,11:00,12:00,0.1633,0.0058,
2024/9/19,12:00,13:00,0.1358,0.0048,
2024/9/19,13:00,14:00,0.3203,0.0114,
2024/9/19,14:00,15:00,0.3475,0.0124,
2024/9/19,15:00,16:00,0.5803,0.0207,
2024/9/19,16:00,17:00,0.3857,0.0137,
2024/9/19,17:00,18:00,0.7046,0.0251,
2024/9/19,18:00,19:00,1.0944,0.039,
2024/9/19,19:00,20:00,2.1219,0.0757,
2024/9/19,20:00,21:00,2.1094,0.0753,
2024/9/19,21:00,22:00,2.0614,0.0736,
2024/9/19,22:00,23:00,1.1595,0.0414,
2024/9/19,23:00,0:00,0.9594,0.0342,
2024/9/20,0:00,1:00,0.8263,0.0295,
2024/9/20,1:00,2:00,0.2997,0.0107,
2024/9/20,2:00,3:00,0.2186,0.0078,
2024/9/20,3:00,4:00,0.0641,0.0022,
2024/9/20,4:00,5:00,0.0823,0.0029,
2024/9/20,5:00,6:00,0.416,0.0148,
2024/9/20,6:00,7:00,0.6843,0.0244,
2024/9/20,7:00,8:00,1.5644,0.0558,
2024/9/20,8:00,9:00,1.2757,0.0455,
2024/9/20,9:00,10:00,1.3768,0.0491,
2024/9/20,10:00,11:00,0.4437,0.0158,
2024/9/20,11:00,12:00,0.4074,0.0145,
2024/9/20,12:00,13:00,0.2557,0.0091,
2024/9/20,13:00,14:00,0.3641,0.013,
2024/9/20,14:00,15:00,0.3691,0.0131,
2024/9/20,15:00,16:00,0.3535,0.0126,
2024/9/20,16:00,17:00,0.421,0.015,
2024/9/20,17:00,18:00,0.9007,0.0321,
2024/9/20,18:00,19:00,1.8964,0.0677,
2024/9/20,19:00,20:00,1.7244,0.0615,
2024/9/20,20:00,21:00,1.3805,0.0493,
2024/9/20,21:00,22:00,1.9087,0.0681,
2024/9/20,22:00,23:00,0.9374,0.0334,
2024/9/20,23:00,0:00,1.216,0.0434,
2024/9/21,0:00,1:00,0.9056,0.0323,
2024/9/21,1:00,2:00,0.5576,0.0199,
2024/9/21,2:00,3:00,0.3127,0.0111,
2024/9/21,3:00,4:00,0.0824,0.0029,
2024/9/21,4:00,5:00,0.0811,0.0028,
2024/9/21,5:00,6:00,0.201,0.0071,
2024/9/21,6:00,7:00,0.2929,0.0104,
2024/9/21,7:00,8:00,0.7309,0.0261,
2024/9/21,8:00,9:00,0.8601,0.0307,
2024/9/21,9:00,10:00,1.3586,0.0485,
2024/9/21,10:00,11:00,1.0491,0.0374,
2024/9/21,11:00,12:00,1.127,0.0402,
2024/9/21,12:00,13:00,0.8679,0.0309,
2024/9/21,13:00,14:00,0.3541,0.0126,
2024/9/21,14:00,15:00,0.3371,0.012,
2024/9/21,15:00,16:00,0.3281,0.0117,
2024/9/21,16:00,17:00,0.3812,0.0136,
2024/9/21,17:00,18:00,1.3764,0.0491,
2024/9/21,18:00,19:00,1.3696,0.0489,
2024/9/21,19:00,20:00,1.1662,0.0416,
2024/9/21,20:00,21:00,1.448,0.0517,
2024/9/21,21:00,22:00,1.8656,0.0666,
2024/9/21,22:00,23:00,1.6996,0.0607,
2024/9/21,23:00,0:00,0.555,0.0198,
2024/9/22,0:00,1:00,1.0816,0.0386,
2024/9/22,1:00,2:00,0.4872,0.0174,
2024/9/22,2:00,3:00,0.2065,0.0073,
2024/9/22,3:00,4:00,0.1031,0.0036,
2024/9/22,4:00,5:00,0.0477,0.0017,
2024/9/22,5:00,6:00,0.0335,0.0011,
2024/9/22,6:00,7:00,0.243,0.0086,
2024/9/22,7:00,8:00,0.6861,0.0245,
2024/9/22,8:00,9:00,1.0603,0.0378,
2024/9/22,9:00,10:00,1.6613,0.0593,
2024/9/22,10:00,11:00,0.8487,0.0303,
2024/9/22,11:00,12:00,0.5638,0.0201,
2024/9/22,12:00,13:00,0.37,0.0132,
2024/9/22,13:00,14:00,0.5008,0.0178,
2024/9/22,14:00,15:00,0.6944,0.0248,
2024/9/22,15:00,16:00,0.3891,0.0138,
2024/9/22,16:00,17:00,0.3587,0.0128,
2024/9/22,17:00,18:00,1.3409,0.0478,
2024/9/22,18:00,19:00,1.1017,0.0393,
2024/9/22,19:00,20:00,2.0058,0.0716,
2024/9/22,20:00,21:00,1.8665,0.0666,
2024/9/22,21:00,22:00,1.386,0.0495,
2024/9/22,22:00,23:00,1.4971,0.0534,
2024/9/22,23:00,0:00,0.973,0.0347,
2024/9/23,0:00,1:00,0.5089,0.0181,
2024/9/23,1:00,2:00,0.2771,0.0098,
2024/9/23,2:00,3:00,0.3047,0.0108,
2024/9/23,3:00,4:00,0.1014,0.0036,
2024/9/23,4:00,5:00,0.072,0.0025,
2024/9/23,5:00,6:00,0.0912,0.0032,
2024/9/23,6:00,7:00,0.0899,0.0032,
2024/9/23,7:00,8:00,0.5878,0.0209,
2024/9/23,8:00,9:00,1.4576,0.052,
2024/9/23,9:00,10:00,1.6092,0.0574,
2024/9/23,10:00,11:00,1.113,0.0397,
2024/9/23,11:00,12:00,1.2664,0.0452,
2024/9/23,12:00,13:00,0.6875,0.0245,
2024/9/23,13:00,14:00,0.3536,0.0126,
2024/9/23,14:00,15:00,0.5139,0.0183,
2024/9/23,15:00,16:00,0.3277,0.0117,
2024/9/23,16:00,17:00,0.5559,0.0198,
2024/9/23,17:00,18:00,1.1838,0.0422,
2024/9/23,18:00,19:00,2.0185,0.072,
2024/9/23,19:00,20:00,1.7085,0.061,
2024/9/23,20:00,21:00,1.2294,0.0439,
2024/9/23,21:00,22:00,2.0189,0.0721,
2024/9/23,22:00,23:00,1.6413,0.0586,
2024/9/23,23:00,0:00,0.7523,0.0268,
2024/9/24,0:00,1:00,0.4749,0.0169,
2024/9/24,1:00,2:00,0.5081,0.0181,
2024/9/24,2:00,3:00,0.0665,0.0023,
2024/9/24,3:00,4:00,0.0244,0.0008,
2024/9/24,4:00,5:00,0.0804,0.0028,
2024/9/24,5:00,6:00,0.2501,0.0089,
2024/9/24,6:00,7:00,0.6977,0.0249,
2024/9/24,7:00,8:00,1.1707,0.0418,
2024/9/24,8:00,9:00,1.1919,0.0425,
2024/9/24,9:00,10:00,0.9542,0.034,
2024/9/24,10:00,11:00,0.3229,0.0115,
2024/9/24,11:00,12:00,0.1819,0.0064,
2024/9/24,12:00,13:00,0.1219,0.0043,
2024/9/24,13:00,14:00,0.2962,0.0105,
2024/9/24,14:00,15:00,0.495,0.0176,
2024/9/24,15:00,16:00,0.3237,0.0115,
2024/9/24,16:00,17:00,0.5093,0.0181,
2024/9/24,17:00,18:00,0.965,0.0344,
2024/9/24,18:00,19:00,1.1136,0.0397,
2024/9/24,19:00,20:00,2.4208,0.0864,
2024/9/24,20:00,21:00,1.6951,0.0605,
2024/9/24,21:00,22:00,1.7856,0.0637,
2024/9/24,22:00,23:00,1.2875,0.0459,
2024/9/24,23:00,0:00,1.0197,0.0364,
2024/9/25,0:00,1:00,0.7343,0.0262,
2024/9/25,1:00,2:00,0.574,0.0205,
2024/9/25,2:00,3:00,0.2067,0.0073,
2024/9/25,3:00,4:00,0.2263,0.008,
2024/9/25,4:00,5:00,0.0535,0.0019,
2024/9/25,5:00,6:00,0.2134,0.0076,
2024/9/25,6:00,7:00,0.6329,0.0226,
2024/9/25,7:00,8:00,1.3953,0.0498,
2024/9/25,8:00,9:00,1.3594,0.0485,
2024/9/25,9:00,10:00,0.8757,0.0312,
2024/9/25,10:00,11:00,0.4955,0.0176,
2024/9/25,11:00,12:00,0.4706,0.0168,
2024/9/25,12:00,13:00,0.2094,0.0074,
2024/9/25,13:00,14:00,0.2665,0.0095,
2024/9/25,14:00,15:00,0.3075,0.0109,
2024/9/25,15:00,16:00,0.3445,0.0123,
2024/9/25,16:00,17:00,0.6259,0.0223,
2024/9/25,17:00,18:00,1.1966,0.0427,
2024/9/25,18:00,19:00,1.7785,0.0635,
2024/9/25,19:00,20:00,1.8094,0.0646,
2024/9/25,20:00,21:00,1.8488,0.066,
2024/9/25,21:00,22:00,1.9767,0.0705,
2024/9/25,22:00,23:00,1.5396,0.0549,
2024/9/25,23:00,0:00,0.7758,0.0277,
2024/9/26,0:00,1:00,0.8934,0.0319,
2024/9/26,1:00,2:00,0.5154,0.0184,
2024/9/26,2:00,3:00,0.0538,0.0019,
2024/9/26,3:00,4:00,0.0295,0.001,
2024/9/26,4:00,5:00,0.0541,0.0019,
2024/9/26,5:00,6:00,0.1172,0.0041,
2024/9/26,6:00,7:00,0.8913,0.0318,
2024/9/26,7:00,8:00,1.8532,0.0661,
2024/9/26,8:00,9:00,1.219,0.0435,
2024/9/26,9:00,10:00,0.6942,0.0247,
2024/9/26,10:00,11:00,0.7199,0.0257,
2024/9/26,11:00,12:00,0.265,0.0094,
2024/9/26,12:00,13:00,0.2625,0.0093,
2024/9/26,13:00,14:00,0.3128,0.0111,
2024/9/26,14:00,15:00,0.602,0.0215,
2024/9/26,15:00,16:00,0.5117,0.0182,
2024/9/26,16:00,17:00,0.4555,0.0162,
2024/9/26,17:00,18:00,1.2728,0.0454,
2024/9/26,18:00,19:00,1.0462,0.0373,
2024/9/26,19:00,20:00,1.4705,0.0525,
2024/9/26,20:00,21:00,1.7984,0.0642,
2024/9/26,21:00,22:00,2.1476,0.0767,
2024/9/26,22:00,23:00,1.7978,0.0642,
2024/9/26,23:00,0:00,1.0167,0.0363,
2024/9/27,0:00,1:00,0.6269,0.0223,
2024/9/27,1:00,2:00,0.3781,0.0135,
2024/9/27,2:00,3:00,0.2387,0.0085,
2024/9/27,3:00,4:00,0.1628,0.0058,
2024/9/27,4:00,5:00,0.0405,0.0014,
2024/9/27,5:00,6:00,0.0508,0.0018,
2024/9/27,6:00,7:00,0.7478,0.0267,
2024/9/27,7:00,8:00,1.4947,0.0533,
2024/9/27,8:00,9:00,1.7526,0.0625,
2024/9/27,9:00,10:00,0.7175,0.0256,
2024/9/27,10:00,11:00,0.4784,0.017,
2024/9/27,11:00,12:00,0.4263,0.0152,
2024/9/27,12:00,13:00,0.3079,0.0109,
2024/9/27,13:00,14:00,0.5088,0.0181,
2024/9/27,14:00,15:00,0.1726,0.0061,
2024/9/27,15:00,16:00,0.3956,0.0141,
2024/9/27,16:00,17:00,0.2629,0.0093,
2024/9/27,17:00,18:00,0.7917,0.0282,
2024/9/27,18:00,19:00,1.4835,0.0529,
2024/9/27,19:00,20:00,2.0836,0.0744,
2024/9/27,20:00,21:00,1.8288,0.0653,
2024/9/27,21:00,22:00,1.3357,0.0477,
2024/9/27,22:00,23:00,1.5623,0.0557,
2024/9/27,23:00,0:00,0.8393,0.0299,
2024/9/28,0:00,1:00,0.9167,0.0327,
2024/9/28,1:00,2:00,0.3928,0.014,
2024/9/28,2:00,3:00,0.2261,0.008,
2024/9/28,3:00,4:00,0.1282,0.0045,
2024/9/28,4:00,5:00,0.2302,0.0082,
2024/9/28,5:00,6:00,0.248,0.0088,
2024/9/28,6:00,7:00,0.5094,0.0181,
2024/9/28,7:00,8:00,0.7401,0.0264,
2024/9/28,8:00,9:00,1.2906,0.046,
2024/9/28,9:00,10:00,1.0211,0.0364,
2024/9/28,10:00,11:00,0.9226,0.0329,
2024/9/28,11:00,12:00,0.5552,0.0198,
2024/9/28,12:00,13:00,0.7145,0.0255,
2024/9/28,13:00,14:00,0.7042,0.0251,
2024/9/28,14:00,15:00,0.4388,0.0156,
2024/9/28,15:00,16:00,0.3743,0.0133,
2024/9/28,16:00,17:00,0.3265,0.0116,
2024/9/28,17:00,18:00,1.0516,0.0375,
2024/9/28,18:00,19:00,0.938,0.0335,
2024/9/28,19:00,20:00,1.8922,0.0675,
2024/9/28,20:00,21:00,1.6639,0.0594,
2024/9/28,21:00,22:00,1.6153,0.0576,
2024/9/28,22:00,23:00,1.3178,0.047,
2024/9/28,23:00,0:00,0.5447,0.0194,
2024/9/29,0:00,1:00,0.517,0.0184,
2024/9/29,1:00,2:00,0.3852,0.0137,
2024/9/29,2:00,3:00,0.196,0.007,
2024/9/29,3:00,4:00,0.11,0.0039,
2024/9/29,4:00,5:00,0.0614,0.0021,
2024/9/29,5:00,6:00,0.0609,0.0021,
2024/9/29,6:00,7:00,0.1719,0.0061,
2024/9/29,7:00,8:00,0.498,0.0177,
2024/9/29,8:00,9:00,1.5616,0.0557,
2024/9/29,9:00,10:00,1.1703,0.0417,
2024/9/29,10:00,11:00,1.3175,0.047,
2024/9/29,11:00,12:00,1.0638,0.0379,
2024/9/29,12:00,13:00,0.7357,0.0262,
2024/9/29,13:00,14:00,0.476,0.017,
2024/9/29,14:00,15:00,0.1963,0.007,
2024/9/29,15:00,16:00,0.3908,0.0139,
2024/9/29,16:00,17:00,0.8888,0.0317,
2024/9/29,17:00,18:00,1.3805,0.0493,
2024/9/29,18:00,19:00,1.9266,0.0688,
2024/9/29,19:00,20:00,1.9915,0.0711,
2024/9/29,20:00,21:00,1.3992,0.0499,
2024/9/29,21:00,22:00,1.9401,0.0692,
2024/9/29,22:00,23:00,1.3691,0.0488,
2024/9/29,23:00,0:00,0.6014,0.0214,
2024/9/30,0:00,1:00,0.4905,0.0175,
2024/9/30,1:00,2:00,0.2461,0.0087,
2024/9/30,2:00,3:00,0.081,0.0028,
2024/9/30,3:00,4:00,0.0785,0.0028,
2024/9/30,4:00,5:00,0.1075,0.0038,
2024/9/30,5:00,6:00,0.3415,0.0121,
2024/9/30,6:00,7:00,0.6862,0.0245,
2024/9/30,7:00,8:00,1.3547,0.0483,
2024/9/30,8:00,9:00,1.4294,0.051,
2024/9/30,9:00,10:00,0.9061,0.0323,
2024/9/30,10:00,11:00,0.3384,0.012,
2024/9/30,11:00,12:00,0.3514,0.0125,
2024/9/30,12:00,13:00,0.2005,0.0071,
2024/9/30,13:00,14:00,0.1523,0.0054,
2024/9/30,14:00,15:00,0.174,0.0062,
2024/9/30,15:00,16:00,0.1623,0.0057,
2024/9/30,16:00,17:00,0.3289,0.0117,
2024/9/30,17:00,18:00,0.6559,0.0234,
2024/9/30,18:00,19:00,1.3123,0.0468,
2024/9/30,19:00,20:00,2.1521,0.0768,
2024/9/30,20:00,21:00,1.9028,0.0679,
2024/9/30,21:00,22:00,2.0372,0.0727,
2024/9/30,22:00,23:00,1.5953,0.0569,
2024/9/30,23:00,0:00,0.8018,0.0286,
2024/10/1,0:00,1:00,0.2742,0.0097,
2024/10/1,1:00,2:00,0.4118,0.0147,
2024/10/1,2:00,3:00,0.1663,0.0059,
2024/10/1,3:00,4:00,0.1975,0.007,
2024/10/1,4:00,5:00,0.1716,0.0061,
2024/10/1,5:00,6:00,0.2312,0.0082,
2024/10/1,6:00,7:00,0.958,0.0342,
2024/10/1,7:00,8:00,1.2003,0.0428,
2024/10/1,8:00,9:00,1.3649,0.0487,
2024/10/1,9:00,10:00,1.0007,0.0357,
2024/10/1,10:00,11:00,0.2534,0.009,
2024/10/1,11:00,12:00,0.3256,0.0116,
2024/10/1,12:00,13:00,0.0808,0.0028,
2024/10/1,13:00,14:00,0.3136,0.0112,
2024/10/1,14:00,15:00,0.3649,0.013,
2024/10/1,15:00,16:00,0.3341,0.0119,
2024/10/1,16:00,17:00,0.3574,0.0127,
2024/10/1,17:00,18:00,1.0109,0.0361,
2024/10/1,18:00,19:00,1.9412,0.0693,
2024/10/1,19:00,20:00,2.1924,0.0783,
2024/10/1,20:00,21:00,1.6179,0.0577,
2024/10/1,21:00,22:00,2.3298,0.0832,
2024/10/1,22:00,23:00,1.4188,0.0506,
2024/10/1,23:00,0:00,0.8818,0.0314,
2024/10/2,0:00,1:00,0.7322,0.0261,
2024/10/2,1:00,2:00,0.2676,0.0095,
2024/10/2,2:00,3:00,0.2094,0.0074,
2024/10/2,3:00,4:00,0.2762,0.0098,
2024/10/2,4:00,5:00,0.0222,0.0007,
2024/10/2,5:00,6:00,0.0724,0.0025,
2024/10/2,6:00,7:00,0.7575,0.027,
2024/10/2,7:00,8:00,1.2358,0.0441,
2024/10/2,8:00,9:00,1.7063,0.0609,
2024/10/2,9:00,10:00,1.3185,0.047,
2024/10/2,10:00,11:00,0.9193,0.0328,
2024/10/2,11:00,12:00,0.5063,0.018,
2024/10/2,12:00,13:00,0.2916,0.0104,
2024/10/2,13:00,14:00,0.3427,0.0122,
2024/10/2,14:00,15:00,0.4411,0.0157,
2024/10/2,15:00,16:00,0.4704,0.0168,
2024/10/2,16:00,17:00,0.6903,0.0246,
2024/10/2,17:00,18:00,1.0168,0.0363,
2024/10/2,18:00,19:00,1.3145,0.0469,
2024/10/2,19:00,20:00,2.0388,0.0728,
2024/10/2,20:00,21:00,1.7147,0.0612,
2024/10/2,21:00,22:00,1.9679,0.0702,
2024/10/2,22:00,23:00,1.612,0.0575,
2024/10/2,23:00,0:00,0.9741,0.0347,
2024/10/3,0:00,1:00,0.7595,0.0271,
2024/10/3,1:00,2:00,0.5345,0.019,
2024/10/3,2:00,3:00,0.2757,0.0098,
2024/10/3,3:00,4:00,0.1427,0.005,
2024/10/3,4:00,5:00,0.0946,0.0033,
2024/10/3,5:00,6:00,0.1789,0.0063,
2024/10/3,6:00,7:00,0.915,0.0326,
2024/10/3,7:00,8:00,1.3127,0.0468,
2024/10/3,8:00,9:00,1.3387,0.0478,
2024/10/3,9:00,10:00,0.9403,0.0335,
2024/10/3,10:00,11:00,0.4257,0.0152,
2024/10/3,11:00,12:00,0.3508,0.0125,
2024/10/3,12:00,13:00,0.2446,0.0087,
2024/10/3,13:00,14:00,0.448,0.016,
2024/10/3,14:00,15:00,0.1738,0.0062,
2024/10/3,15:00,16:00,0.1366,0.0048,
2024/10/3,16:00,17:00,0.4504,0.016,
2024/10/3,17:00,18:00,1.533,0.0547,
2024/10/3,18:00,19:00,1.6045,0.0573,
2024/10/3,19:00,20:00,1.7859,0.0637,
2024/10/3,20:00,21:00,1.7301,0.0617,
2024/10/3,21:00,22:00,1.9691,0.0703,
2024/10/3,22:00,23:00,1.3502,0.0482,
2024/10/3,23:00,0:00,0.9455,0.0337,
2024/10/4,0:00,1:00,0.8891,0.0317,
2024/10/4,1:00,2:00,0.6289,0.0224,
2024/10/4,2:00,3:00,0.3797,0.0135,
2024/10/4,3:00,4:00,0.2432,0.0086,
2024/10/4,4:00,5:00,0.2503,0.0089,
2024/10/4,5:00,6:00,0.0766,0.0027,
2024/10/4,6:00,7:00,0.6237,0.0222,
2024/10/4,7:00,8:00,1.3491,0.0481,
2024/10/4,8:00,9:00,1.1833,0.0422,
2024/10/4,9:00,10:00,0.8371,0.0298,
2024/10/4,10:00,11:00,0.4085,0.0145,
2024/10/4,11:00,12:00,0.3773,0.0134,
2024/10/4,12:00,13:00,0.162,0.0057,
2024/10/4,13:00,14:00,0.1726,0.0061,
2024/10/4,14:00,15:00,0.1805,0.0064,
2024/10/4,15:00,16:00,0.2307,0.0082,
2024/10/4,16:00,17:00,0.3749,0.0133,
2024/10/4,17:00,18:00,0.8813,0.0314,
2024/10/4,18:00,19:00,1.7411,0.0621,
2024/10/4,19:00,20:00,1.0555,0.0376,
2024/10/4,20:00,21:00,1.9987,0.0713,
2024/10/4,21:00,22:00,1.9305,0.0689,
2024/10/4,22:00,23:00,2.0098,0.0717,
2024/10/4,23:00,0:00,1.0381,0.037,
2024/10/5,0:00,1:00,1.1526,0.0411,
2024/10/5,1:00,2:00,0.2933,0.0104,
2024/10/5,2:00,3:00,0.2356,0.0084,
2024/10/5,3:00,4:00,0.1817,0.0064,
2024/10/5,4:00,5:00,0.0494,0.0017,
2024/10/5,5:00,6:00,0.0659,0.0023,
2024/10/5,6:00,7:00,0.3695,0.0131,
2024/10/5,7:00,8:00,0.7488,0.0267,
2024/10/5,8:00,9:00,1.1302,0.0403,
2024/10/5,9:00,10:00,1.0757,0.0384,
2024/10/5,10:00,11:00,1.5464,0.0552,
2024/10/5,11:00,12:00,0.6433,0.0229,
2024/10/5,12:00,13:00,0.905,0.0323,
2024/10/5,13:00,14:00,0.5678,0.0202,
2024/10/5,14:00,15:00,0.8447,0.0301,
2024/10/5,15:00,16:00,0.3753,0.0134,
2024/10/5,16:00,17:00,0.5355,0.0191,
2024/10/5,17:00,18:00,0.8582,0.0306,
2024/10/5,18:00,19:00,1.3388,0.0478,
2024/10/5,19:00,20:00,1.5064,0.0538,
2024/10/5,20:00,21:00,1.8598,0.0664,
2024/10/5,21:00,22:00,2.4989,0.0892,
2024/10/5,22:00,23:00,2.0132,0.0719,
2024/10/5,23:00,0:00,0.6795,0.0242,
2024/10/6,0:00,1:00,1.1412,0.0407,
2024/10/6,1:00,2:00,0.4204,0.015,
2024/10/6,2:00,3:00,0.1948,0.0069,
2024/10/6,3:00,4:00,0.1572,0.0056,
2024/10/6,4:00,5:00,0.038,0.0013,
2024/10/6,5:00,6:00,0.136,0.0048,
2024/10/6,6:00,7:00,0.2274,0.0081,
2024/10/6,7:00,8:00,0.7508,0.0268,
2024/10/6,8:00,9:00,1.17,0.0417,
2024/10/6,9:00,10:00,1.7516,0.0625,
2024/10/6,10:00,11:00,1.1973,0.0427,
2024/10/6,11:00,12:00,0.5318,0.0189,
2024/10/6,12:00,13:00,0.5515,0.0196,
2024/10/6,13:00,14:00,0.3871,0.0138,
2024/10/6,14:00,15:00,0.4369,0.0156,
2024/10/6,15:00,16:00,0.4032,0.0144,
2024/10/6,16:00,17:00,0.9399,0.0335,
2024/10/6,17:00,18:00,1.2616,0.045,
2024/10/6,18:00,19:00,1.9422,0.0693,
2024/10/6,19:00,20:00,1.4684,0.0524,
2024/10/6,20:00,21:00,1.9436,0.0694,
2024/10/6,21:00,22:00,2.1294,0.076,
2024/10/6,22:00,23:00,1.3647,0.0487,
2024/10/6,23:00,0:00,1.2358,0.0441,
2024/10/7,0:00,1:00,0.3996,0.0142,
2024/10/7,1:00,2:00,0.2521,0.009,
2024/10/7,2:00,3:00,0.1087,0.0038,
2024/10/7,3:00,4:00,0.0123,0.0004,
2024/10/7,4:00,5:00,0.2069,0.0073,
2024/10/7,5:00,6:00,0.2343,0.0083,
2024/10/7,6:00,7:00,0.8645,0.0308,
2024/10/7,7:00,8:00,1.1926,0.0425,
2024/10/7,8:00,9:00,1.1603,0.0414,
2024/10/7,9:00,10:00,0.8686,0.031,
2024/10/7,10:00,11:00,0.4184,0.0149,
2024/10/7,11:00,12:00,0.3107,0.011,
2024/10/7,12:00,13:00,0.3272,0.0116,
2024/10/7,13:00,14:00,0.5178,0.0184,
2024/10/7,14:00,15:00,0.3118,0.0111,
2024/10/7,15:00,16:00,0.3612,0.0129,
2024/10/7,16:00,17:00,0.2949,0.0105,
2024/10/7,17:00,18:00,0.7326,0.0261,
2024/10/7,18:00,19:00,1.5396,0.0549,
2024/10/7,19:00,20:00,1.5314,0.0546,
2024/10/7,20:00,21:00,2.4895,0.0889,
2024/10/7,21:00,22:00,2.0413,0.0729,
2024/10/7,22:00,23:00,1.652,0.059,
2024/10/7,23:00,0:00,1.098,0.0392,
2024/10/8,0:00,1:00,1.1041,0.0394,
2024/10/8,1:00,2:00,0.6749,0.0241,
2024/10/8,2:00,3:00,0.0911,0.0032,
2024/10/8,3:00,4:00,0.1809,0.0064,
2024/10/8,4:00,5:00,0.0255,0.0009,
2024/10/8,5:00,6:00,0.1484,0.0053,
2024/10/8,6:00,7:00,1.0263,0.0366,
2024/10/8,7:00,8:00,0.9306,0.0332,
2024/10/8,8:00,9:00,0.9882,0.0352,
2024/10/8,9:00,10:00,1.0718,0.0382,
2024/10/8,10:00,11:00,0.5127,0.0183,
2024/10/8,11:00,12:00,0.2844,0.0101,
2024/10/8,12:00,13:00,0.3731,0.0133,
2024/10/8,13:00,14:00,0.3762,0.0134,
2024/10/8,14:00,15:00,0.4836,0.0172,
2024/10/8,15:00,16:00,0.223,0.0079,
2024/10/8,16:00,17:00,0.2637,0.0094,
2024/10/8,17:00,18:00,1.4465,0.0516,
2024/10/8,18:00,19:00,1.5665,0.0559,
2024/10/8,19:00,20:00,1.5259,0.0544,
2024/10/8,20:00,21:00,1.7696,0.0632,
2024/10/8,21:00,22:00,1.9089,0.0681,
2024/10/8,22:00,23:00,1.794,0.064,
2024/10/8,23:00,0:00,1.2773,0.0456,
2024/10/9,0:00,1:00,0.9011,0.0321,
2024/10/9,1:00,2:00,0.2472,0.0088,
2024/10/9,2:00,3:00,0.2087,0.0074,
2024/10/9,3:00,4:00,0.175,0.0062,
2024/10/9,4:00,5:00,0.0293,0.001,
2024/10/9,5:00,6:00,0.1796,0.0064,
2024/10/9,6:00,7:00,0.7366,0.0263,
2024/10/9,7:00,8:00,1.3903,0.0496,
2024/10/9,8:00,9:00,0.9525,0.034,
2024/10/9,9:00,10:00,0.6684,0.0238,
2024/10/9,10:00,11:00,0.4452,0.0159,
2024/10/9,11:00,12:00,0.3126,0.0111,
2024/10/9,12:00,13:00,0.1854,0.0066,
2024/10/9,13:00,14:00,0.2734,0.0097,
2024/10/9,14:00,15:00,0.3828,0.0136,
2024/10/9,15:00,16:00,0.1884,0.0067,
2024/10/9,16:00,17:00,0.6862,0.0245,
2024/10/9,17:00,18:00,1.0738,0.0383,
2024/10/9,18:00,19:00,1.7038,0.0608,
2024/10/9,19:00,20:00,2.2327,0.0797,
2024/10/9,20:00,21:00,1.57,0.056,
2024/10/9,21:00,22:00,1.9851,0.0708,
2024/10/9,22:00,23:00,1.3958,0.0498,
2024/10/9,23:00,0:00,1.2361,0.0441,
2024/10/10,0:00,1:00,0.4056,0.0144,
2024/10/10,1:00,2:00,0.6323,0.0225,
2024/10/10,2:00,3:00,0.0834,0.0029,
2024/10/10,3:00,4:00,0.0692,0.0024,
2024/10/10,4:00,5:00,0.0958,0.0034,
2024/10/10,5:00,6:00,0.2206,0.0078,
2024/10/10,6:00,7:00,0.8713,0.0311,
2024/10/10,7:00,8:00,1.263,0.0451,
2024/10/10,8:00,9:00,1.2537,0.0447,
2024/10/10,9:00,10:00,1.0243,0.0365,
2024/10/10,10:00,11:00,0.4274,0.0152,
2024/10/10,11:00,12:00,0.6816,0.0243,
2024/10/10,12:00,13:00,0.1537,0.0054,
2024/10/10,13:00,14:00,0.2534,0.009,
2024/10/10,14:00,15:00,0.2605,0.0093,
2024/10/10,15:00,16:00,0.1845,0.0065,
2024/10/10,16:00,17:00,0.4723,0.0168,
2024/10/10,17:00,18:00,1.2561,0.0448,
2024/10/10,18:00,19:00,1.964,0.0701,
2024/10/10,19:00,20:00,2.401,0.0857,
2024/10/10,20:00,21:00,1.5292,0.0546,
2024/10/10,21:00,22:00,1.8462,0.0659,
2024/10/10,22:00,23:00,1.7716,0.0632,
2024/10/10,23:00,0:00,1.1025,0.0393,
2024/10/11,0:00,1:00,0.6153,0.0219,
2024/10/11,1:00,2:00,0.3656,0.013,
2024/10/11,2:00,3:00,0.2204,0.0078,
2024/10/11,3:00,4:00,0.1058,0.0037,
2024/10/11,4:00,5:00,0.1711,0.0061,
2024/10/11,5:00,6:00,0.1748,0.0062,
2024/10/11,6:00,7:00,0.938,0.0335,
2024/10/11,7:00,8:00,1.1984,0.0428,
2024/10/11,8:00,9:00,1.3662,0.0487,
2024/10/11,9:00,10:00,0.9764,0.0348,
2024/10/11,10:00,11:00,0.5381,0.0192,
2024/10/11,11:00,12:00,0.4608,0.0164,
2024/10/11,12:00,13:00,0.1346,0.0048,
2024/10/11,13:00,14:00,0.1156,0.0041,
2024/10/11,14:00,15:00,0.3438,0.0122,
2024/10/11,15:00,16:00,0.2879,0.0102,
2024/10/11,16:00,17:00,0.4476,0.0159,
2024/10/11,17:00,18:00,0.8366,0.0298,
2024/10/11,18:00,19:00,1.1527,0.0411,
2024/10/11,19:00,20:00,1.6957,0.0605,
2024/10/11,20:00,21:00,1.333,0.0476,
2024/10/11,21:00,22:00,2.2046,0.0787,
2024/10/11,22:00,23:00,1.7908,0.0639,
2024/10/11,23:00,0:00,0.7197,0.0257,
2024/10/12,0:00,1:00,0.5414,0.0193,
2024/10/12,1:00,2:00,0.2594,0.0092,
2024/10/12,2:00,3:00,0.1323,0.0047,
2024/10/12,3:00,4:00,0.3946,0.014,
2024/10/12,4:00,5:00,0.0541,0.0019,
2024/10/12,5:00,6:00,0.0282,0.001,
2024/10/12,6:00,7:00,0.2424,0.0086,
2024/10/12,7:00,8:00,0.7662,0.0273,
2024/10/12,8:00,9:00,1.3804,0.0493,
2024/10/12,9:00,10:00,1.6193,0.0578,
2024/10/12,10:00,11:00,0.9952,0.0355,
2024/10/12,11:00,12:00,0.8893,0.0317,
2024/10/12,12:00,13:00,0.6155,0.0219,
2024/10/12,13:00,14:00,0.4609,0.0164,
2024/10/12,14:00,15:00,0.4696,0.0167,
2024/10/12,15:00,16:00,0.3979,0.0142,
2024/10/12,16:00,17:00,0.8499,0.0303,
2024/10/12,17:00,18:00,1.1316,0.0404,
2024/10/12,18:00,19:00,1.819,0.0649,
2024/10/12,19:00,20:00,1.7182,0.0613,
2024/10/12,20:00,21:00,1.2599,0.0449,
2024/10/12,21:00,22:00,2.0033,0.0715,
2024/10/12,22:00,23:00,1.3303,0.0475,
2024/10/12,23:00,0:00,0.8619,0.0307,
2024/10/13,0:00,1:00,0.5684,0.0203,
2024/10/13,1:00,2:00,0.6348,0.0226,
2024/10/13,2:00,3:00,0.3794,0.0135,
2024/10/13,3:00,4:00,0.0575,0.002,
2024/10/13,4:00,5:00,0.0401,0.0014,
2024/10/13,5:00,6:00,0.0168,0.0006,
2024/10/13,6:00,7:00,0.2136,0.0076,
2024/10/13,7:00,8:00,0.5062,0.018,
2024/10/13,8:00,9:00,1.5008,0.0536,
2024/10/13,9:00,10:00,1.2518,0.0447,
2024/10/13,10:00,11:00,1.3729,0.049,
2024/10/13,11:00,12:00,0.6596,0.0235,
2024/10/13,12:00,13:00,0.711,0.0253,
2024/10/13,13:00,14:00,0.6151,0.0219,
2024/10/13,14:00,15:00,0.3869,0.0138,
2024/10/13,15:00,16:00,0.1698,0.006,
2024/10/13,16:00,17:00,0.5333,0.019,
2024/10/13,17:00,18:00,0.9101,0.0325,
2024/10/13,18:00,19:00,0.7801,0.0278,
2024/10/13,19:00,20:00,2.3121,0.0825,
2024/10/13,20:00,21:00,1.3252,0.0473,
2024/10/13,21:00,22:00,1.7668,0.0631,
2024/10/13,22:00,23:00,1.5368,0.0548,
2024/10/13,23:00,0:00,1.3184,0.047,
2024/10/14,0:00,1:00,0.794,0.0283,
2024/10/14,1:00,2:00,0.2309,0.0082,
2024/10/14,2:00,3:00,0.3675,0.0131,
2024/10/14,3:00,4:00,0.0914,0.0032,
2024/10/14,4:00,5:00,0.0461,0.0016,
2024/10/14,5:00,6:00,0.0222,0.0007,
2024/10/14,6:00,7:00,0.1907,0.0068,
2024/10/14,7:00,8:00,0.7994,0.0285,
2024/10/14,8:00,9:00,1.2517,0.0447,
2024/10/14,9:00,10:00,1.2479,0.0445,
2024/10/14,10:00,11:00,1.5751,0.0562,
2024/10/14,11:00,12:00,1.2859,0.0459,
2024/10/14,12:00,13:00,1.0869,0.0388,
2024/10/14,13:00,14:00,1.0373,0.037,
2024/10/14,14:00,15:00,0.6222,0.0222,
2024/10/14,15:00,16:00,0.9064,0.0323,
2024/10/14,16:00,17:00,0.4371,0.0156,
2024/10/14,17:00,18:00,1.1456,0.0409,
2024/10/14,18:00,19:00,1.7744,0.0633,
2024/10/14,19:00,20:00,1.6115,0.0575,
2024/10/14,20:00,21:00,2.1937,0.0783,
2024/10/14,21:00,22:00,2.8181,0.1006,
2024/10/14,22:00,23:00,1.326,0.0473,
2024/10/14,23:00,0:00,0.9633,0.0344,
2024/10/15,0:00,1:00,0.5284,0.0188,
2024/10/15,1:00,2:00,0.3953,0.0141,
2024/10/15,2:00,3:00,0.1166,0.0041,
2024/10/15,3:00,4:00,0.0433,0.0015,
2024/10/15,4:00,5:00,0.0605,0.0021,
2024/10/15,5:00,6:00,0.038,0.0013,
2024/10/15,6:00,7:00,0.7644,0.0273,
2024/10/15,7:00,8:00,1.6147,0.0576,
2024/10/15,8:00,9:00,1.4049,0.0501,
2024/10/15,9:00,10:00,1.0058,0.0359,
2024/10/15,10:00,11:00,0.5841,0.0208,
2024/10/15,11:00,12:00,0.3362,0.012,
2024/10/15,12:00,13:00,0.1835,0.0065,
2024/10/15,13:00,14:00,0.2986,0.0106,
2024/10/15,14:00,15:00,0.2758,0.0098,
2024/10/15,15:00,16:00,0.4425,0.0158,
2024/10/15,16:00,17:00,0.2725,0.0097,
2024/10/15,17:00,18:00,0.8245,0.0294,
2024/10/15,18:00,19:00,1.7857,0.0637,
2024/10/15,19:00,20:00,2.1643,0.0772,
2024/10/15,20:00,21:00,1.5852,0.0566,
2024/10/15,21:00,22:00,1.4702,0.0525,
2024/10/15,22:00,23:00,1.9559,0.0698,
2024/10/15,23:00,0:00,0.9152,0.0326,
2024/10/16,0:00,1:00,0.5682,0.0202,
2024/10/16,1:00,2:00,0.2031,0.0072,
2024/10/16,2:00,3:00,0.348,0.0124,
2024/10/16,3:00,4:00,0.0837,0.0029,
2024/10/16,4:00,5:00,0.0417,0.0014,
2024/10/16,5:00,6:00,0.1888,0.0067,
2024/10/16,6:00,7:00,0.865,0.0308,
2024/10/16,7:00,8:00,1.2076,0.0431,
2024/10/16,8:00,9:00,1.0451,0.0373,
2024/10/16,9:00,10:00,0.7449,0.0266,
2024/10/16,10:00,11:00,0.3257,0.0116,
2024/10/16,11:00,12:00,0.2884,0.0103,
2024/10/16,12:00,13:00,0.258,0.0092,
2024/10/16,13:00,14:00,0.269,0.0096,
2024/10/16,14:00,15:00,0.2333,0.0083,
2024/10/16,15:00,16:00,0.2165,0.0077,
2024/10/16,16:00,17:00,0.451,0.0161,
2024/10/16,17:00,18:00,0.9235,0.0329,
2024/10/16,18:00,19:00,1.5995,0.0571,
2024/10/16,19:00,20:00,2.1434,0.0765,
2024/10/16,20:00,21:00,1.8553,0.0662,
2024/10/16,21:00,22:00,2.2979,0.082,
2024/10/16,22:00,23:00,1.2475,0.0445,
2024/10/16,23:00,0:00,0.621,0.0221,
2024/10/17,0:00,1:00,0.642,0.0229,
2024/10/17,1:00,2:00,0.4277,0.0152,
2024/10/17,2:00,3:00,0.0985,0.0035,
2024/10/17,3:00,4:00,0.0442,0.0015,
2024/10/17,4:00,5:00,0.0416,0.0014,
2024/10/17,5:00,6:00,0.2493,0.0089,
2024/10/17,6:00,7:00,0.7339,0.0262,
2024/10/17,7:00,8:00,1.4626,0.0522,
2024/10/17,8:00,9:00,1.0883,0.0388,
2024/10/17,9:00,10:00,0.583,0.0208,
2024/10/17,10:00,11:00,0.6973,0.0249,
2024/10/17,11:00,12:00,0.2956,0.0105,
2024/10/17,12:00,13:00,0.4314,0.0154,
2024/10/17,13:00,14:00,0.2534,0.009,
2024/10/17,14:00,15:00,0.3574,0.0127,
2024/10/17,15:00,16:00,0.3251,0.0116,
2024/10/17,16:00,17:00,0.379,0.0135,
2024/10/17,17:00,18:00,1.0865,0.0388,
2024/10/17,18:00,19:00,1.9596,0.0699,
2024/10/17,19:00,20:00,1.9935,0.0711,
2024/10/17,20:00,21:00,1.0832,0.0386,
2024/10/17,21:00,22:00,1.8643,0.0665,
2024/10/17,22:00,23:00,1.4502,0.0517,
2024/10/17,23:00,0:00,0.7777,0.0277,
2024/10/18,0:00,1:00,0.5062,0.018,
2024/10/18,1:00,2:00,0.5847,0.0208,
2024/10/18,2:00,3:00,0.1914,0.0068,
2024/10/18,3:00,4:00,0.0423,0.0015,
2024/10/18,4:00,5:00,0.0294,0.001,
2024/10/18,5:00,6:00,0.2769,0.0098,
2024/10/18,6:00,7:00,0.6957,0.0248,
2024/10/18,7:00,8:00,1.3432,0.0479,
2024/10/18,8:00,9:00,0.776,0.0277,
2024/10/18,9:00,10:00,0.8497,0.0303,
2024/10/18,10:00,11:00,0.5806,0.0207,
2024/10/18,11:00,12:00,0.1649,0.0058,
2024/10/18,12:00,13:00,0.223,0.0079,
2024/10/18,13:00,14:00,0.4115,0.0146,
2024/10/18,14:00,15:00,0.3361,0.012,
2024/10/18,15:00,16:00,0.1494,0.0053,
2024/10/18,16:00,17:00,0.2964,0.0105,
2024/10/18,17:00,18:00,0.7481,0.0267,
2024/10/18,18:00,19:00,1.2234,0.0436,
2024/10/18,19:00,20:00,1.5989,0.0571,
2024/10/18,20:00,21:00,1.801,0.0643,
2024/10/18,21:00,22:00,1.7518,0.0625,
2024/10/18,22:00,23:00,1.3192,0.0471,
2024/10/18,23:00,0:00,1.005,0.0358,
2024/10/19,0:00,1:00,0.7674,0.0274,
2024/10/19,1:00,2:00,0.5087,0.0181,
2024/10/19,2:00,3:00,0.3902,0.0139,
2024/10/19,3:00,4:00,0.0555,0.0019,
2024/10/19,4:00,5:00,0.0678,0.0024,
2024/10/19,5:00,6:00,0.0465,0.0016,
2024/10/19,6:00,7:00,0.3516,0.0125,
2024/10/19,7:00,8:00,0.8358,0.0298,
2024/10/19,8:00,9:00,2.3256,0.083,
2024/10/19,9:00,10:00,1.1538,0.0412,
2024/10/19,10:00,11:00,0.9254,0.033,
2024/10/19,11:00,12:00,0.5764,0.0205,
2024/10/19,12:00,13:00,0.6573,0.0234,
2024/10/19,13:00,14:00,0.7306,0.026,
2024/10/19,14:00,15:00,0.3413,0.0121,
2024/10/19,15:00,16:00,0.4151,0.0148,
2024/10/19,16:00,17:00,0.9052,0.0323,
2024/10/19,17:00,18:00,1.2454,0.0444,
2024/10/19,18:00,19:00,1.4069,0.0502,
2024/10/19,19:00,20:00,1.7365,0.062,
2024/10/19,20:00,21:00,1.2061,0.043,
2024/10/19,21:00,22:00,2.2813,0.0814,
2024/10/19,22:00,23:00,1.1029,0.0393,
2024/10/19,23:00,0:00,0.5524,0.0197,
2024/10/20,0:00,1:00,0.7061,0.0252,
2024/10/20,1:00,2:00,0.3697,0.0132,
2024/10/20,2:00,3:00,0.1021,0.0036,
2024/10/20,3:00,4:00,0.1271,0.0045,
2024/10/20,4:00,5:00,0.049,0.0017,
2024/10/20,5:00,6:00,0.0171,0.0006,
2024/10/20,6:00,7:00,0.0599,0.0021,
2024/10/20,7:00,8:00,0.6682,0.0238,
2024/10/20,8:00,9:00,1.2153,0.0434,
2024/10/20,9:00,10:00,1.8281,0.0652,
2024/10/20,10:00,11:00,1.4499,0.0517,
2024/10/20,11:00,12:00,0.659,0.0235,
2024/10/20,12:00,13:00,0.4412,0.0157,
2024/10/20,13:00,14:00,0.4194,0.0149,
2024/10/20,14:00,15:00,0.7701,0.0275,
2024/10/20,15:00,16:00,0.3032,0.0108,
2024/10/20,16:00,17:00,0.8345,0.0298,
2024/10/20,17:00,18:00,1.567,0.0559,
2024/10/20,18:00,19:00,1.9558,0.0698,
2024/10/20,19:00,20:00,2.0603,0.0735,
2024/10/20,20:00,21:00,2.2921,0.0818,
2024/10/20,21:00,22:00,1.7775,0.0634,
2024/10/20,22:00,23:00,1.4386,0.0513,
2024/10/20,23:00,0:00,0.9267,0.033,
2024/10/21,0:00,1:00,0.4798,0.0171,
2024/10/21,1:00,2:00,0.3708,0.0132,
2024/10/21,2:00,3:00,0.1113,0.0039,
2024/10/21,3:00,4:00,0.1349,0.0048,
2024/10/21,4:00,5:00,0.2347,0.0083,
2024/10/21,5:00,6:00,0.226,0.008,
2024/10/21,6:00,7:00,0.7676,0.0274,
2024/10/21,7:00,8:00,1.1219,0.04,
2024/10/21,8:00,9:00,1.255,0.0448,
2024/10/21,9:00,10:00,1.0265,0.0366,
2024/10/21,10:00,11:00,0.3352,0.0119,
2024/10/21,11:00,12:00,0.1342,0.0047,
2024/10/21,12:00,13:00,0.2418,0.0086,
2024/10/21,13:00,14:00,0.4079,0.0145,
2024/10/21,14:00,15:00,0.4039,0.0144,
2024/10/21,15:00,16:00,0.341,0.0121,
2024/10/21,16:00,17:00,0.7499,0.0267,
2024/10/21,17:00,18:00,1.1637,0.0415,
2024/10/21,18:00,19:00,1.301,0.0464,
2024/10/21,19:00,20:00,1.7318,0.0618,
2024/10/21,20:00,21:00,1.6125,0.0575,
2024/10/21,21:00,22:00,2.3702,0.0846,
2024/10/21,22:00,23:00,1.5276,0.0545,
2024/10/21,23:00,0:00,1.2741,0.0455,
2024/10/22,0:00,1:00,0.6745,0.024,
2024/10/22,1:00,2:00,0.5664,0.0202,
2024/10/22,2:00,3:00,0.381,0.0136,
2024/10/22,3:00,4:00,0.1165,0.0041,
2024/10/22,4:00,5:00,0.0267,0.0009,
2024/10/22,5:00,6:00,0.0977,0.0034,
2024/10/22,6:00,7:00,0.6479,0.0231,
2024/10/22,7:00,8:00,1.3118,0.0468,
2024/10/22,8:00,9:00,1.2229,0.0436,
2024/10/22,9:00,10:00,0.9259,0.033,
2024/10/22,10:00,11:00,0.9065,0.0323,
2024/10/22,11:00,12:00,0.3936,0.014,
2024/10/22,12:00,13:00,0.1899,0.0067,
2024/10/22,13:00,14:00,0.4279,0.0152,
2024/10/22,14:00,15:00,0.3752,0.0134,
2024/10/22,15:00,16:00,0.2156,0.0077,
2024/10/22,16:00,17:00,0.8339,0.0297,
2024/10/22,17:00,18:00,1.0928,0.039,
2024/10/22,18:00,19:00,1.1214,0.04,
2024/10/22,19:00,20:00,2.2056,0.0787,
2024/10/22,20:00,21:00,1.3588,0.0485,
2024/10/22,21:00,22:00,2.7047,0.0965,
2024/10/22,22:00,23:00,1.4783,0.0527,
2024/10/22,23:00,0:00,1.0288,0.0367,
2024/10/23,0:00,1:00,0.4497,0.016,
2024/10/23,1:00,2:00,0.1662,0.0059,
2024/10/23,2:00,3:00,0.1971,0.007,
2024/10/23,3:00,4:00,0.0392,0.0014,
2024/10/23,4:00,5:00,0.0146,0.0005,
2024/10/23,5:00,6:00,0.2057,0.0073,
2024/10/23,6:00,7:00,0.8285,0.0295,
2024/10/23,7:00,8:00,1.3308,0.0475,
2024/10/23,8:00,9:00,1.3631,0.0486,
2024/10/23,9:00,10:00,1.0556,0.0377,
2024/10/23,10:00,11:00,0.3503,0.0125,
2024/10/23,11:00,12:00,0.5025,0.0179,
2024/10/23,12:00,13:00,0.33,0.0117,
2024/10/23,13:00,14:00,0.3129,0.0111,
2024/10/23,14:00,15:00,0.1891,0.0067,
2024/10/23,15:00,16:00,0.4225,0.015,
2024/10/23,16:00,17:00,0.1854,0.0066,
2024/10/23,17:00,18:00,0.5797,0.0207,
2024/10/23,18:00,19:00,1.6288,0.0581,
2024/10/23,19:00,20:00,1.6516,0.0589,
2024/10/23,20:00,21:00,2.2233,0.0794,
2024/10/23,21:00,22:00,3.0683,0.1095,
2024/10/23,22:00,23:00,1.3899,0.0496,
2024/10/23,23:00,0:00,1.0559,0.0377,
2024/10/24,0:00,1:00,0.657,0.0234,
2024/10/24,1:00,2:00,0.2095,0.0074,
2024/10/24,2:00,3:00,0.1217,0.0043,
2024/10/24,3:00,4:00,0.0579,0.002,
2024/10/24,4:00,5:00,0.1096,0.0039,
2024/10/24,5:00,6:00,0.3313,0.0118,
2024/10/24,6:00,7:00,0.6176,0.022,
2024/10/24,7:00,8:00,1.1933,0.0426,
2024/10/24,8:00,9:00,1.0289,0.0367,
2024/10/24,9:00,10:00,0.7943,0.0283,
2024/10/24,10:00,11:00,0.5266,0.0188,
2024/10/24,11:00,12:00,0.2891,0.0103,
2024/10/24,12:00,13:00,0.2904,0.0103,
2024/10/24,13:00,14:00,0.2294,0.0081,
2024/10/24,14:00,15:00,0.2132,0.0076,
2024/10/24,15:00,16:00,0.2618,0.0093,
2024/10/24,16:00,17:00,0.3845,0.0137,
2024/10/24,17:00,18:00,1.1629,0.0415,
2024/10/24,18:00,19:00,1.0634,0.0379,
2024/10/24,19:00,20:00,1.8027,0.0643,
2024/10/24,20:00,21:00,2.1509,0.0768,
2024/10/24,21:00,22:00,1.7512,0.0625,
2024/10/24,22:00,23:00,1.1375,0.0406,
2024/10/24,23:00,0:00,0.967,0.0345,
2024/10/25,0:00,1:00,0.717,0.0256,
2024/10/25,1:00,2:00,0.6262,0.0223,
2024/10/25,2:00,3:00,0.3355,0.0119,
2024/10/25,3:00,4:00,0.0297,0.001,
2024/10/25,4:00,5:00,0.043,0.0015,
2024/10/25,5:00,6:00,0.1205,0.0043,
2024/10/25,6:00,7:00,0.4582,0.0163,
2024/10/25,7:00,8:00,1.1437,0.0408,
2024/10/25,8:00,9:00,1.4963,0.0534,
2024/10/25,9:00,10:00,1.0432,0.0372,
2024/10/25,10:00,11:00,0.5169,0.0184,
2024/10/25,11:00,12:00,0.3233,0.0115,
2024/10/25,12:00,13:00,0.4675,0.0166,
2024/10/25,13:00,14:00,0.2987,0.0106,
2024/10/25,14:00,15:00,0.1785,0.0063,
2024/10/25,15:00,16:00,0.3519,0.0125,
2024/10/25,16:00,17:00,0.5351,0.0191,
2024/10/25,17:00,18:00,0.9887,0.0353,
2024/10/25,18:00,19:00,1.3924,0.0497,
2024/10/25,19:00,20:00,2.0522,0.0732,
2024/10/25,20:00,21:00,1.6966,0.0605,
2024/10/25,21:00,22:00,2.873,0.1026,
2024/10/25,22:00,23:00,1.4164,0.0505,
2024/10/25,23:00,0:00,0.7344,0.0262,
2024/10/26,0:00,1:00,0.9808,0.035,
2024/10/26,1:00,2:00,0.4386,0.0156,
2024/10/26,2:00,3:00,0.1961,0.007,
2024/10/26,3:00,4:00,0.0685,0.0024,
2024/10/26,4:00,5:00,0.0222,0.0007,
2024/10/26,5:00,6:00,0.0327,0.0011,
2024/10/26,6:00,7:00,0.4438,0.0158,
2024/10/26,7:00,8:00,0.9376,0.0334,
2024/10/26,8:00,9:00,1.5112,0.0539,
2024/10/26,9:00,10:00,0.9486,0.0338,
2024/10/26,10:00,11:00,0.9458,0.0337,
2024/10/26,11:00,12:00,0.7805,0.0278,
2024/10/26,12:00,13:00,0.4646,0.0165,
2024/10/26,13:00,14:00,0.5904,0.021,
2024/10/26,14:00,15:00,0.3649,0.013,
2024/10/26,15:00,16:00,0.5031,0.0179,
2024/10/26,16:00,17:00,0.3656,0.013,
2024/10/26,17:00,18:00,0.791,0.0282,
2024/10/26,18:00,19:00,1.3809,0.0493,
2024/10/26,19:00,20:00,2.0713,0.0739,
2024/10/26,20:00,21:00,1.442,0.0515,
2024/10/26,21:00,22:00,2.1421,0.0765,
2024/10/26,22:00,23:00,1.7639,0.0629,
2024/10/26,23:00,0:00,0.9764,0.0348,
2024/10/27,0:00,1:00,0.5688,0.0203,
2024/10/27,1:00,2:00,0.512,0.0182,
2024/10/27,2:00,3:00,0.1244,0.0044,
2024/10/27,3:00,4:00,0.0419,0.0014,
2024/10/27,4:00,5:00,0.032,0.0011,
2024/10/27,5:00,6:00,0.1283,0.0045,
2024/10/27,6:00,7:00,0.2594,0.0092,
2024/10/27,7:00,8:00,0.6085,0.0217,
2024/10/27,8:00,9:00,1.4262,0.0509,
2024/10/27,9:00,10:00,1.6671,0.0595,
2024/10/27,10:00,11:00,0.6921,0.0247,
2024/10/27,11:00,12:00,0.6522,0.0232,
2024/10/27,12:00,13:00,0.7883,0.0281,
2024/10/27,13:00,14:00,0.4535,0.0161,
2024/10/27,14:00,15:00,0.6575,0.0234,
2024/10/27,15:00,16:00,0.4427,0.0158,
2024/10/27,16:00,17:00,0.8237,0.0294,
2024/10/27,17:00,18:00,0.8971,0.032,
2024/10/27,18:00,19:00,2.0904,0.0746,
2024/10/27,19:00,20:00,1.9532,0.0697,
2024/10/27,20:00,21:00,1.546,0.0552,
2024/10/27,21:00,22:00,1.6626,0.0593,
2024/10/27,22:00,23:00,1.7763,0.0634,
2024/10/27,23:00,0:00,0.8647,0.0308,
2024/10/28,0:00,1:00,0.3638,0.0129,
2024/10/28,1:00,2:00,0.3732,0.0133,
2024/10/28,2:00,3:00,0.1969,0.007,
2024/10/28,3:00,4:00,0.035,0.0012,
2024/10/28,4:00,5:00,0.1078,0.0038,
2024/10/28,5:00,6:00,0.2383,0.0085,
2024/10/28,6:00,7:00,0.6659,0.0237,
2024/10/28,7:00,8:00,0.8049,0.0287,
2024/10/28,8:00,9:00,0.9307,0.0332,
2024/10/28,9:00,10:00,1.0434,0.0372,
2024/10/28,10:00,11:00,0.6824,0.0243,
2024/10/28,11:00,12:00,0.3401,0.0121,
2024/10/28,12:00,13:00,0.3196,0.0114,
2024/10/28,13:00,14:00,0.175,0.0062,
2024/10/28,14:00,15:00,0.5441,0.0194,
2024/10/28,15:00,16:00,0.3477,0.0124,
2024/10/28,16:00,17:00,0.5127,0.0183,
2024/10/28,17:00,18:00,0.8584,0.0306,
2024/10/28,18:00,19:00,1.6068,0.0573,
2024/10/28,19:00,20:00,1.7601,0.0628,
2024/10/28,20:00,21:00,2.2931,0.0818,
2024/10/28,21:00,22:00,1.7985,0.0642,
2024/10/28,22:00,23:00,1.0912,0.0389,
2024/10/28,23:00,0:00,1.3117,0.0468,
2024/10/29,0:00,1:00,0.5547,0.0198,
2024/10/29,1:00,2:00,0.2426,0.0086,
2024/10/29,2:00,3:00,0.4344,0.0155,
2024/10/29,3:00,4:00,0.0903,0.0032,
2024/10/29,4:00,5:00,0.1047,0.0037,
2024/10/29,5:00,6:00,0.0572,0.002,
2024/10/29,6:00,7:00,0.8001,0.0285,
2024/10/29,7:00,8:00,1.3646,0.0487,
2024/10/29,8:00,9:00,1.571,0.0561,
2024/10/29,9:00,10:00,0.8549,0.0305,
2024/10/29,10:00,11:00,0.6498,0.0232,
2024/10/29,11:00,12:00,0.4551,0.0162,
2024/10/29,12:00,13:00,0.3905,0.0139,
2024/10/29,13:00,14:00,0.3979,0.0142,
2024/10/29,14:00,15:00,0.3494,0.0124,
2024/10/29,15:00,16:00,0.3496,0.0124,
2024/10/29,16:00,17:00,0.8284,0.0295,
2024/10/29,17:00,18:00,0.653,0.0233,
2024/10/29,18:00,19:00,1.6152,0.0576,
2024/10/29,19:00,20:00,3.0304,0.1082,
2024/10/29,20:00,21:00,1.9161,0.0684,
2024/10/29,21:00,22:00,1.5762,0.0562,
2024/10/29,22:00,23:00,2.1669,0.0773,
2024/10/29,23:00,0:00,1.0786,0.0385,
2024/10/30,0:00,1:00,0.5769,0.0206,
2024/10/30,1:00,2:00,0.2004,0.0071,
2024/10/30,2:00,3:00,0.3132,0.0111,
2024/10/30,3:00,4:00,0.1026,0.0036,
2024/10/30,4:00,5:00,0.1229,0.0043,
2024/10/30,5:00,6:00,0.2257,0.008,
2024/10/30,6:00,7:00,0.5332,0.019,
2024/10/30,7:00,8:00,1.0704,0.0382,
2024/10/30,8:00,9:00,1.2694,0.0453,
2024/10/30,9:00,10:00,1.0792,0.0385,
2024/10/30,10:00,11:00,0.368,0.0131,
2024/10/30,11:00,12:00,0.7213,0.0257,
2024/10/30,12:00,13:00,0.7298,0.026,
2024/10/30,13:00,14:00,0.5318,0.0189,
2024/10/30,14:00,15:00,0.19,0.0067,
2024/10/30,15:00,16:00,0.3076,0.0109,
2024/10/30,16:00,17:00,0.7732,0.0276,
2024/10/30,17:00,18:00,1.3061,0.0466,
2024/10/30,18:00,19:00,1.9056,0.068,
2024/10/30,19:00,20:00,2.0426,0.0729,
2024/10/30,20:00,21:00,1.7316,0.0618,
2024/10/30,21:00,22:00,2.2362,0.0798,
2024/10/30,22:00,23:00,1.5368,0.0548,
2024/10/30,23:00,0:00,0.7764,0.0277,
2024/10/31,0:00,1:00,0.339,0.0121,
2024/10/31,1:00,2:00,0.1909,0.0068,
2024/10/31,2:00,3:00,0.187,0.0066,
2024/10/31,3:00,4:00,0.1998,0.0071,
2024/10/31,4:00,5:00,0.3574,0.0127,
2024/10/31,5:00,6:00,0.0546,0.0019,
2024/10/31,6:00,7:00,0.5026,0.0179,
2024/10/31,7:00,8:00,1.6427,0.0586,
2024/10/31,8:00,9:00,1.4879,0.0531,
2024/10/31,9:00,10:00,0.903,0.0322,
2024/10/31,10:00,11:00,0.3908,0.0139,
2024/10/31,11:00,12:00,0.334,0.0119,
2024/10/31,12:00,13:00,0.2044,0.0073,
2024/10/31,13:00,14:00,0.1392,0.0049,
2024/10/31,14:00,15:00,0.1884,0.0067,
2024/10/31,15:00,16:00,0.4886,0.0174,
2024/10/31,16:00,17:00,0.4223,0.015,
2024/10/31,17:00,18:00,0.8927,0.0318,
2024/10/31,18:00,19:00,1.7125,0.0611,
2024/10/31,19:00,20:00,2.8855,0.103,
2024/10/31,20:00,21:00,1.681,0.06,
2024/10/31,21:00,22:00,2.1661,0.0773,
2024/10/31,22:00,23:00,1.0355,0.0369,
2024/10/31,23:00,0:00,0.7733,0.0276,
2024/11/1,0:00,1:00,0.466,0.0166,
2024/11/1,1:00,2:00,0.408,0.0145,
2024/11/1,2:00,3:00,0.3378,0.012,
2024/11/1,3:00,4:00,0.4161,0.0148,
2024/11/1,4:00,5:00,0.2584,0.0092,
2024/11/1,5:00,6:00,0.1694,0.006,
2024/11/1,6:00,7:00,0.4488,0.016,
2024/11/1,7:00,8:00,1.5321,0.0547,
2024/11/1,8:00,9:00,1.7359,0.0619,
2024/11/1,9:00,10:00,1.109,0.0396,
2024/11/1,10:00,11:00,0.4711,0.0168,
2024/11/1,11:00,12:00,0.2689,0.0096,
2024/11/1,12:00,13:00,0.1439,0.0051,
2024/11/1,13:00,14:00,0.1758,0.0062,
2024/11/1,14:00,15:00,0.3559,0.0127,
2024/11/1,15:00,16:00,0.1675,0.0059,
2024/11/1,16:00,17:00,0.2996,0.0107,
2024/11/1,17:00,18:00,0.8644,0.0308,
2024/11/1,18:00,19:00,1.4542,0.0519,
2024/11/1,19:00,20:00,1.6814,0.06,
2024/11/1,20:00,21:00,1.7396,0.0621,
2024/11/1,21:00,22:00,1.6734,0.0597,
2024/11/1,22:00,23:00,1.2584,0.0449,
2024/11/1,23:00,0:00,0.7006,0.025,
2024/11/2,0:00,1:00,0.6336,0.0226,
2024/11/2,1:00,2:00,0.425,0.0151,
2024/11/2,2:00,3:00,0.3438,0.0122,
2024/11/2,3:00,4:00,0.2117,0.0075,
2024/11/2,4:00,5:00,0.1582,0.0056,
2024/11/2,5:00,6:00,0.0182,0.0006,
2024/11/2,6:00,7:00,0.1333,0.0047,
2024/11/2,7:00,8:00,0.7343,0.0262,
2024/11/2,8:00,9:00,0.7461,0.0266,
2024/11/2,9:00,10:00,0.8704,0.031,
2024/11/2,10:00,11:00,0.965,0.0344,
2024/11/2,11:00,12:00,0.7171,0.0256,
2024/11/2,12:00,13:00,0.8104,0.0289,
2024/11/2,13:00,14:00,0.9083,0.0324,
2024/11/2,14:00,15:00,0.8286,0.0295,
2024/11/2,15:00,16:00,0.2763,0.0098,
2024/11/2,16:00,17:00,1.1291,0.0403,
2024/11/2,17:00,18:00,1.0529,0.0376,
2024/11/2,18:00,19:00,1.4472,0.0516,
2024/11/2,19:00,20:00,1.5024,0.0536,
2024/11/2,20:00,21:00,2.2349,0.0798,
2024/11/2,21:00,22:00,1.709,0.061,
2024/11/2,22:00,23:00,2.0224,0.0722,
2024/11/2,23:00,0:00,1.0393,0.0371,
2024/11/3,0:00,1:00,0.558,0.0199,
2024/11/3,1:00,2:00,0.1328,0.0047,
2024/11/3,2:00,3:00,0.1571,0.0056,
2024/11/3,3:00,4:00,0.0575,0.002,
2024/11/3,4:00,5:00,0.046,0.0016,
2024/11/3,5:00,6:00,0.0583,0.002,
2024/11/3,6:00,7:00,0.2667,0.0095,
2024/11/3,7:00,8:00,0.6091,0.0217,
2024/11/3,8:00,9:00,1.2716,0.0454,
2024/11/3,9:00,10:00,0.929,0.0331,
2024/11/3,10:00,11:00,1.1134,0.0397,
2024/11/3,11:00,12:00,0.9282,0.0331,
2024/11/3,12:00,13:00,0.5586,0.0199,
2024/11/3,13:00,14:00,0.5905,0.021,
2024/11/3,14:00,15:00,0.3801,0.0135,
2024/11/3,15:00,16:00,0.4783,0.017,
2024/11/3,16:00,17:00,0.7966,0.0284,
2024/11/3,17:00,18:00,0.8058,0.0287,
2024/11/3,18:00,19:00,1.4505,0.0518,
2024/11/3,19:00,20:00,1.3052,0.0466,
2024/11/3,20:00,21:00,1.3185,0.047,
2024/11/3,21:00,22:00,1.8571,0.0663,
2024/11/3,22:00,23:00,1.4112,0.0504,
2024/11/3,23:00,0:00,1.2735,0.0454,
2024/11/4,0:00,1:00,0.5718,0.0204,
2024/11/4,1:00,2:00,0.37,0.0132,
2024/11/4,2:00,3:00,0.4049,0.0144,
2024/11/4,3:00,4:00,0.1975,0.007,
2024/11/4,4:00,5:00,0.0388,0.0013,
2024/11/4,5:00,6:00,0.1271,0.0045,
2024/11/4,6:00,7:00,0.2079,0.0074,
2024/11/4,7:00,8:00,0.591,0.0211,
2024/11/4,8:00,9:00,1.0074,0.0359,
2024/11/4,9:00,10:00,1.523,0.0543,
2024/11/4,10:00,11:00,1.3862,0.0495,
2024/11/4,11:00,12:00,0.8857,0.0316,
2024/11/4,12:00,13:00,0.5446,0.0194,
2024/11/4,13:00,14:00,0.6408,0.0228,
2024/11/4,14:00,15:00,0.4589,0.0163,
2024/11/4,15:00,16:00,0.4523,0.0161,
2024/11/4,16:00,17:00,0.4767,0.017,
2024/11/4,17:00,18:00,1.6717,0.0597,
2024/11/4,18:00,19:00,1.0199,0.0364,
2024/11/4,19:00,20:00,2.3648,0.0844,
2024/11/4,20:00,21:00,2.5312,0.0904,
2024/11/4,21:00,22:00,2.1051,0.0751,
2024/11/4,22:00,23:00,1.1402,0.0407,
2024/11/4,23:00,0:00,1.2568,0.0448,
2024/11/5,0:00,1:00,0.959,0.0342,
2024/11/5,1:00,2:00,0.5067,0.018,
2024/11/5,2:00,3:00,0.0623,0.0022,
2024/11/5,3:00,4:00,0.0458,0.0016,
2024/11/5,4:00,5:00,0.0443,0.0015,
2024/11/5,5:00,6:00,0.0482,0.0017,
2024/11/5,6:00,7:00,0.7795,0.0278,
2024/11/5,7:00,8:00,1.1224,0.04,
2024/11/5,8:00,9:00,1.4322,0.0511,
2024/11/5,9:00,10:00,0.8752,0.0312,
2024/11/5,10:00,11:00,0.3855,0.0137,
2024/11/5,11:00,12:00,0.418,0.0149,
2024/11/5,12:00,13:00,0.2174,0.0077,
2024/11/5,13:00,14:00,0.481,0.0171,
2024/11/5,14:00,15:00,0.3906,0.0139,
2024/11/5,15:00,16:00,0.2023,0.0072,
2024/11/5,16:00,17:00,0.1744,0.0062,
2024/11/5,17:00,18:00,0.7028,0.0251,
2024/11/5,18:00,19:00,1.1355,0.0405,
2024/11/5,19:00,20:00,1.6141,0.0576,
2024/11/5,20:00,21:00,2.4239,0.0865,
2024/11/5,21:00,22:00,2.5062,0.0895,
2024/11/5,22:00,23:00,1.3709,0.0489,
2024/11/5,23:00,0:00,0.9346,0.0333,
2024/11/6,0:00,1:00,0.5902,0.021,
2024/11/6,1:00,2:00,0.5535,0.0197,
2024/11/6,2:00,3:00,0.0673,0.0024,
2024/11/6,3:00,4:00,0.2164,0.0077,
2024/11/6,4:00,5:00,0.0458,0.0016,
2024/11/6,5:00,6:00,0.0262,0.0009,
2024/11/6,6:00,7:00,0.754,0.0269,
2024/11/6,7:00,8:00,1.2984,0.0463,
2024/11/6,8:00,9:00,1.1732,0.0419,
2024/11/6,9:00,10:00,0.9324,0.0333,
2024/11/6,10:00,11:00,0.5718,0.0204,
2024/11/6,11:00,12:00,0.2692,0.0096,
2024/11/6,12:00,13:00,0.3124,0.0111,
2024/11/6,13:00,14:00,0.3521,0.0125,
2024/11/6,14:00,15:00,0.2345,0.0083,
2024/11/6,15:00,16:00,0.2883,0.0102,
2024/11/6,16:00,17:00,0.6349,0.0226,
2024/11/6,17:00,18:00,1.258,0.0449,
2024/11/6,18:00,19:00,1.5461,0.0552,
2024/11/6,19:00,20:00,2.5914,0.0925,
2024/11/6,20:00,21:00,1.6019,0.0572,
2024/11/6,21:00,22:00,1.6138,0.0576,
2024/11/6,22:00,23:00,1.5828,0.0565,
2024/11/6,23:00,0:00,1.5413,0.055,
2024/11/7,0:00,1:00,0.4577,0.0163,
2024/11/7,1:00,2:00,0.3722,0.0132,
2024/11/7,2:00,3:00,0.1928,0.0068,
2024/11/7,3:00,4:00,0.3026,0.0108,
2024/11/7,4:00,5:00,0.0906,0.0032,
2024/11/7,5:00,6:00,0.2162,0.0077,
2024/11/7,6:00,7:00,0.6506,0.0232,
2024/11/7,7:00,8:00,1.0942,0.039,
2024/11/7,8:00,9:00,1.5663,0.0559,
2024/11/7,9:00,10:00,0.8219,0.0293,
2024/11/7,10:00,11:00,0.3034,0.0108,
2024/11/7,11:00,12:00,0.3615,0.0129,
2024/11/7,12:00,13:00,0.3597,0.0128,
2024/11/7,13:00,14:00,0.2026,0.0072,
2024/11/7,14:00,15:00,0.3152,0.0112,
2024/11/7,15:00,16:00,0.3545,0.0126,
2024/11/7,16:00,17:00,0.516,0.0184,
2024/11/7,17:00,18:00,0.9056,0.0323,
2024/11/7,18:00,19:00,2.1509,0.0768,
2024/11/7,19:00,20:00,1.9206,0.0685,
2024/11/7,20:00,21:00,1.5213,0.0543,
2024/11/7,21:00,22:00,2.3656,0.0844,
2024/11/7,22:00,23:00,1.3606,0.0485,
2024/11/7,23:00,0:00,0.8884,0.0317,
2024/11/8,0:00,1:00,0.7005,0.025,
2024/11/8,1:00,2:00,0.6277,0.0224,
2024/11/8,2:00,3:00,0.118,0.0042,
2024/11/8,3:00,4:00,0.1732,0.0061,
2024/11/8,4:00,5:00,0.1855,0.0066,
2024/11/8,5:00,6:00,0.1201,0.0042,
2024/11/8,6:00,7:00,0.765,0.0273,
2024/11/8,7:00,8:00,1.3577,0.0484,
2024/11/8,8:00,9:00,1.0336,0.0369,
2024/11/8,9:00,10:00,1.1452,0.0409,
2024/11/8,10:00,11:00,0.9504,0.0339,
2024/11/8,11:00,12:00,0.4571,0.0163,
2024/11/8,12:00,13:00,0.2463,0.0087,
2024/11/8,13:00,14:00,0.3817,0.0136,
2024/11/8,14:00,15:00,0.3487,0.0124,
2024/11/8,15:00,16:00,0.2935,0.0104,
2024/11/8,16:00,17:00,0.3554,0.0126,
2024/11/8,17:00,18:00,1.2399,0.0442,
2024/11/8,18:00,19:00,1.1722,0.0418,
2024/11/8,19:00,20:00,2.0055,0.0716,
2024/11/8,20:00,21:00,1.5877,0.0567,
2024/11/8,21:00,22:00,2.7212,0.0971,
2024/11/8,22:00,23:00,1.9889,0.071,
2024/11/8,23:00,0:00,0.8135,0.029,
2024/11/9,0:00,1:00,0.7035,0.0251,
2024/11/9,1:00,2:00,0.3969,0.0141,
2024/11/9,2:00,3:00,0.4412,0.0157,
2024/11/9,3:00,4:00,0.0918,0.0032,
2024/11/9,4:00,5:00,0.1654,0.0059,
2024/11/9,5:00,6:00,0.0495,0.0017,
2024/11/9,6:00,7:00,0.2943,0.0105,
2024/11/9,7:00,8:00,0.9416,0.0336,
2024/11/9,8:00,9:00,1.1248,0.0401,
2024/11/9,9:00,10:00,1.0266,0.0366,
2024/11/9,10:00,11:00,1.1378,0.0406,
2024/11/9,11:00,12:00,0.5845,0.0208,
2024/11/9,12:00,13:00,0.6942,0.0247,
2024/11/9,13:00,14:00,1.0418,0.0372,
2024/11/9,14:00,15:00,0.6889,0.0246,
2024/11/9,15:00,16:00,0.471,0.0168,
2024/11/9,16:00,17:00,0.5212,0.0186,
2024/11/9,17:00,18:00,0.7469,0.0266,
2024/11/9,18:00,19:00,1.6065,0.0573,
2024/11/9,19:00,20:00,2.393,0.0854,
2024/11/9,20:00,21:00,2.0645,0.0737,
2024/11/9,21:00,22:00,1.7042,0.0608,
2024/11/9,22:00,23:00,1.8157,0.0648,
2024/11/9,23:00,0:00,1.0112,0.0361,
2024/11/10,0:00,1:00,0.7319,0.0261,
2024/11/10,1:00,2:00,0.2116,0.0075,
2024/11/10,2:00,3:00,0.0998,0.0035,
2024/11/10,3:00,4:00,0.0302,0.001,
2024/11/10,4:00,5:00,0.1486,0.0053,
2024/11/10,5:00,6:00,0.0633,0.0022,
2024/11/10,6:00,7:00,0.1328,0.0047,
2024/11/10,7:00,8:00,0.7474,0.0266,
2024/11/10,8:00,9:00,1.0175,0.0363,
2024/11/10,9:00,10:00,1.7327,0.0618,
2024/11/10,10:00,11:00,1.6245,0.058,
2024/11/10,11:00,12:00,1.0234,0.0365,
2024/11/10,12:00,13:00,0.5891,0.021,
2024/11/10,13:00,14:00,0.7675,0.0274,
2024/11/10,14:00,15:00,0.4932,0.0176,
2024/11/10,15:00,16:00,0.2933,0.0104,
2024/11/10,16:00,17:00,0.6724,0.024,
2024/11/10,17:00,18:00,1.7673,0.0631,
2024/11/10,18:00,19:00,1.8742,0.0669,
2024/11/10,19:00,20:00,2.1411,0.0764,
2024/11/10,20:00,21:00,1.6281,0.0581,
2024/11/10,21:00,22:00,2.3368,0.0834,
2024/11/10,22:00,23:00,1.6078,0.0574,
2024/11/10,23:00,0:00,0.5681,0.0202,
2024/11/11,0:00,1:00,0.5659,0.0202,
2024/11/11,1:00,2:00,0.4935,0.0176,
2024/11/11,2:00,3:00,0.087,0.0031,
2024/11/11,3:00,4:00,0.043,0.0015,
2024/11/11,4:00,5:00,0.0202,0.0007,
2024/11/11,5:00,6:00,0.1633,0.0058,
2024/11/11,6:00,7:00,0.6522,0.0232,
2024/11/11,7:00,8:00,1.1969,0.0427,
2024/11/11,8:00,9:00,1.2493,0.0446,
2024/11/11,9:00,10:00,0.8225,0.0293,
2024/11/11,10:00,11:00,0.5025,0.0179,
2024/11/11,11:00,12:00,0.3438,0.0122,
2024/11/11,12:00,13:00,0.1705,0.006,
2024/11/11,13:00,14:00,0.2979,0.0106,
2024/11/11,14:00,15:00,0.4831,0.0172,
2024/11/11,15:00,16:00,0.3433,0.0122,
2024/11/11,16:00,17:00,0.6487,0.0231,
2024/11/11,17:00,18:00,0.8973,0.032,
2024/11/11,18:00,19:00,1.7374,0.062,
2024/11/11,19:00,20:00,2.4969,0.0891,
2024/11/11,20:00,21:00,2.2349,0.0798,
2024/11/11,21:00,22:00,2.1214,0.0757,
2024/11/11,22:00,23:00,1.858,0.0663,
2024/11/11,23:00,0:00,1.0405,0.0371,
2024/11/12,0:00,1:00,0.8703,0.031,
2024/11/12,1:00,2:00,0.3962,0.0141,
2024/11/12,2:00,3:00,0.2368,0.0084,
2024/11/12,3:00,4:00,0.1749,0.0062,
2024/11/12,4:00,5:00,0.0344,0.0012,
2024/11/12,5:00,6:00,0.1527,0.0054,
2024/11/12,6:00,7:00,0.5016,0.0179,
2024/11/12,7:00,8:00,1.204,0.043,
2024/11/12,8:00,9:00,1.2896,0.046,
2024/11/12,9:00,10:00,0.7876,0.0281,
2024/11/12,10:00,11:00,0.5028,0.0179,
2024/11/12,11:00,12:00,0.28,0.01,
2024/11/12,12:00,13:00,0.2651,0.0094,
2024/11/12,13:00,14:00,0.5356,0.0191,
2024/11/12,14:00,15:00,0.3029,0.0108,
2024/11/12,15:00,16:00,0.476,0.017,
2024/11/12,16:00,17:00,0.2538,0.009,
2024/11/12,17:00,18:00,1.2382,0.0442,
2024/11/12,18:00,19:00,1.9376,0.0692,
2024/11/12,19:00,20:00,2.2828,0.0815,
2024/11/12,20:00,21:00,1.9823,0.0707,
2024/11/12,21:00,22:00,1.9098,0.0682,
2024/11/12,22:00,23:00,1.333,0.0476,
2024/11/12,23:00,0:00,0.783,0.0279,
2024/11/13,0:00,1:00,0.8419,0.03,
2024/11/13,1:00,2:00,0.3617,0.0129,
2024/11/13,2:00,3:00,0.3473,0.0124,
2024/11/13,3:00,4:00,0.0854,0.003,
2024/11/13,4:00,5:00,0.3519,0.0125,
2024/11/13,5:00,6:00,0.1399,0.0049,
2024/11/13,6:00,7:00,0.5941,0.0212,
2024/11/13,7:00,8:00,1.1905,0.0425,
2024/11/13,8:00,9:00,1.1204,0.04,
2024/11/13,9:00,10:00,1.2296,0.0439,
2024/11/13,10:00,11:00,0.705,0.0251,
2024/11/13,11:00,12:00,0.3666,0.013,
2024/11/13,12:00,13:00,0.2435,0.0086,
2024/11/13,13:00,14:00,0.5402,0.0192,
2024/11/13,14:00,15:00,0.3946,0.014,
2024/11/13,15:00,16:00,0.2807,0.01,
2024/11/13,16:00,17:00,0.5289,0.0188,
2024/11/13,17:00,18:00,1.0358,0.0369,
2024/11/13,18:00,19:00,1.6786,0.0599,
2024/11/13,19:00,20:00,1.9497,0.0696,
2024/11/13,20:00,21:00,1.5983,0.057,
2024/11/13,21:00,22:00,2.1758,0.0777,
2024/11/13,22:00,23:00,1.81,0.0646,
2024/11/13,23:00,0:00,0.8854,0.0316,
2024/11/14,0:00,1:00,0.8826,0.0315,
2024/11/14,1:00,2:00,0.3485,0.0124,
2024/11/14,2:00,3:00,0.3047,0.0108,
2024/11/14,3:00,4:00,0.1278,0.0045,
2024/11/14,4:00,5:00,0.0395,0.0014,
2024/11/14,5:00,6:00,0.1406,0.005,
2024/11/14,6:00,7:00,0.46,0.0164,
2024/11/14,7:00,8:00,1.0471,0.0373,
2024/11/14,8:00,9:00,1.1078,0.0395,
2024/11/14,9:00,10:00,1.0305,0.0368,
2024/11/14,10:00,11:00,0.7431,0.0265,
2024/11/14,11:00,12:00,0.46,0.0164,
2024/11/14,12:00,13:00,0.3307,0.0118,
2024/11/14,13:00,14:00,0.3934,0.014,
2024/11/14,14:00,15:00,0.6932,0.0247,
2024/11/14,15:00,16:00,0.3192,0.0114,
2024/11/14,16:00,17:00,0.177,0.0063,
2024/11/14,17:00,18:00,0.6089,0.0217,
2024/11/14,18:00,19:00,1.4539,0.0519,
2024/11/14,19:00,20:00,1.3793,0.0492,
2024/11/14,20:00,21:00,1.6006,0.0571,
2024/11/14,21:00,22:00,1.6539,0.059,
2024/11/14,22:00,23:00,1.8296,0.0653,
2024/11/14,23:00,0:00,1.0061,0.0359,
2024/11/15,0:00,1:00,0.6498,0.0232,
2024/11/15,1:00,2:00,0.3604,0.0128,
2024/11/15,2:00,3:00,0.1006,0.0035,
2024/11/15,3:00,4:00,0.1448,0.0051,
2024/11/15,4:00,5:00,0.0485,0.0017,
2024/11/15,5:00,6:00,0.2958,0.0105,
2024/11/15,6:00,7:00,0.5625,0.02,
2024/11/15,7:00,8:00,1.3231,0.0472,
2024/11/15,8:00,9:00,1.2424,0.0443,
2024/11/15,9:00,10:00,0.7778,0.0277,
2024/11/15,10:00,11:00,0.3742,0.0133,
2024/11/15,11:00,12:00,0.3341,0.0119,
2024/11/15,12:00,13:00,0.3924,0.014,
2024/11/15,13:00,14:00,0.3267,0.0116,
2024/11/15,14:00,15:00,0.2746,0.0098,
2024/11/15,15:00,16:00,0.2542,0.009,
2024/11/15,16:00,17:00,0.7458,0.0266,
2024/11/15,17:00,18:00,1.474,0.0526,
2024/11/15,18:00,19:00,1.0396,0.0371,
2024/11/15,19:00,20:00,1.3363,0.0477,
2024/11/15,20:00,21:00,1.6113,0.0575,
2024/11/15,21:00,22:00,1.9914,0.0711,
2024/11/15,22:00,23:00,1.5589,0.0556,
2024/11/15,23:00,0:00,1.0257,0.0366,
2024/11/16,0:00,1:00,0.3769,0.0134,
2024/11/16,1:00,2:00,0.3708,0.0132,
2024/11/16,2:00,3:00,0.0907,0.0032,
2024/11/16,3:00,4:00,0.2629,0.0093,
2024/11/16,4:00,5:00,0.1964,0.007,
2024/11/16,5:00,6:00,0.0766,0.0027,
2024/11/16,6:00,7:00,0.2259,0.008,
2024/11/16,7:00,8:00,0.9992,0.0356,
2024/11/16,8:00,9:00,1.4918,0.0532,
2024/11/16,9:00,10:00,1.2091,0.0431,
2024/11/16,10:00,11:00,1.001,0.0357,
2024/11/16,11:00,12:00,1.0466,0.0373,
2024/11/16,12:00,13:00,0.7035,0.0251,
2024/11/16,13:00,14:00,0.601,0.0214,
2024/11/16,14:00,15:00,0.5384,0.0192,
2024/11/16,15:00,16:00,0.2096,0.0074,
2024/11/16,16:00,17:00,1.0335,0.0369,
2024/11/16,17:00,18:00,1.3157,0.0469,
2024/11/16,18:00,19:00,1.5927,0.0568,
2024/11/16,19:00,20:00,2.1135,0.0754,
2024/11/16,20:00,21:00,1.0347,0.0369,
2024/11/16,21:00,22:00,1.5616,0.0557,
2024/11/16,22:00,23:00,1.661,0.0593,
2024/11/16,23:00,0:00,1.0868,0.0388,
2024/11/17,0:00,1:00,0.952,0.034,
2024/11/17,1:00,2:00,0.5256,0.0187,
2024/11/17,2:00,3:00,0.2518,0.0089,
2024/11/17,3:00,4:00,0.0559,0.0019,
2024/11/17,4:00,5:00,0.1595,0.0056,
2024/11/17,5:00,6:00,0.0854,0.003,
2024/11/17,6:00,7:00,0.2592,0.0092,
2024/11/17,7:00,8:00,0.9961,0.0355,
2024/11/17,8:00,9:00,0.8714,0.0311,
2024/11/17,9:00,10:00,1.7691,0.0631,
2024/11/17,10:00,11:00,1.1527,0.0411,
2024/11/17,11:00,12:00,1.11,0.0396,
2024/11/17,12:00,13:00,0.6871,0.0245,
2024/11/17,13:00,14:00,0.7981,0.0285,
2024/11/17,14:00,15:00,0.3759,0.0134,
2024/11/17,15:00,16:00,0.9845,0.0351,
2024/11/17,16:00,17:00,0.5001,0.0178,
2024/11/17,17:00,18:00,0.9617,0.0343,
2024/11/17,18:00,19:00,2.0159,0.0719,
2024/11/17,19:00,20:00,2.941,0.105,
2024/11/17,20:00,21:00,2.1092,0.0753,
2024/11/17,21:00,22:00,2.3061,0.0823,
2024/11/17,22:00,23:00,0.9578,0.0342,
2024/11/17,23:00,0:00,0.74,0.0264,
2024/11/18,0:00,1:00,0.875,0.0312,
2024/11/18,1:00,2:00,0.4584,0.0163,
2024/11/18,2:00,3:00,0.1902,0.0067,
2024/11/18,3:00,4:00,0.1227,0.0043,
2024/11/18,4:00,5:00,0.1996,0.0071,
2024/11/18,5:00,6:00,0.1685,0.006,
2024/11/18,6:00,7:00,0.9112,0.0325,
2024/11/18,7:00,8:00,1.1323,0.0404,
2024/11/18,8:00,9:00,1.3871,0.0495,
2024/11/18,9:00,10:00,0.4553,0.0162,
2024/11/18,10:00,11:00,0.489,0.0174,
2024/11/18,11:00,12:00,0.4241,0.0151,
2024/11/18,12:00,13:00,0.4491,0.016,
2024/11/18,13:00,14:00,0.2137,0.0076,
2024/11/18,14:00,15:00,0.2583,0.0092,
2024/11/18,15:00,16:00,0.2887,0.0103,
2024/11/18,16:00,17:00,0.3942,0.014,
2024/11/18,17:00,18:00,0.8859,0.0316,
2024/11/18,18:00,19:00,1.6338,0.0583,
2024/11/18,19:00,20:00,1.9527,0.0697,
2024/11/18,20:00,21:00,2.1643,0.0772,
2024/11/18,21:00,22:00,2.1924,0.0783,
2024/11/18,22:00,23:00,1.7793,0.0635,
2024/11/18,23:00,0:00,1.4449,0.0516,
2024/11/19,0:00,1:00,0.5572,0.0199,
2024/11/19,1:00,2:00,0.3893,0.0139,
2024/11/19,2:00,3:00,0.2114,0.0075,
2024/11/19,3:00,4:00,0.1558,0.0055,
2024/11/19,4:00,5:00,0.0191,0.0006,
2024/11/19,5:00,6:00,0.0566,0.002,
2024/11/19,6:00,7:00,0.7599,0.0271,
2024/11/19,7:00,8:00,1.4478,0.0517,
2024/11/19,8:00,9:00,1.3455,0.048,
2024/11/19,9:00,10:00,0.6507,0.0232,
2024/11/19,10:00,11:00,0.7198,0.0257,
2024/11/19,11:00,12:00,0.2949,0.0105,
2024/11/19,12:00,13:00,0.3778,0.0134,
2024/11/19,13:00,14:00,0.2108,0.0075,
2024/11/19,14:00,15:00,0.2303,0.0082,
2024/11/19,15:00,16:00,0.3281,0.0117,
2024/11/19,16:00,17:00,0.5809,0.0207,
2024/11/19,17:00,18:00,1.0812,0.0386,
2024/11/19,18:00,19:00,2.0289,0.0724,
2024/11/19,19:00,20:00,1.5915,0.0568,
2024/11/19,20:00,21:00,2.1315,0.0761,
2024/11/19,21:00,22:00,2.1484,0.0767,
2024/11/19,22:00,23:00,0.9137,0.0326,
2024/11/19,23:00,0:00,0.8623,0.0307,
2024/11/20,0:00,1:00,0.5822,0.0207,
2024/11/20,1:00,2:00,0.7789,0.0278,
2024/11/20,2:00,3:00,0.2285,0.0081,
2024/11/20,3:00,4:00,0.1418,0.005,
2024/11/20,4:00,5:00,0.1031,0.0036,
2024/11/20,5:00,6:00,0.0604,0.0021,
2024/11/20,6:00,7:00,0.4728,0.0168,
2024/11/20,7:00,8:00,1.4144,0.0505,
2024/11/20,8:00,9:00,1.1663,0.0416,
2024/11/20,9:00,10:00,0.9134,0.0326,
2024/11/20,10:00,11:00,0.6627,0.0236,
2024/11/20,11:00,12:00,0.2105,0.0075,
2024/11/20,12:00,13:00,0.3134,0.0111,
2024/11/20,13:00,14:00,0.2793,0.0099,
2024/11/20,14:00,15:00,0.3959,0.0141,
2024/11/20,15:00,16:00,0.4088,0.0146,
2024/11/20,16:00,17:00,0.358,0.0127,
2024/11/20,17:00,18:00,1.1243,0.0401,
2024/11/20,18:00,19:00,1.7649,0.063,
2024/11/20,19:00,20:00,2.2695,0.081,
2024/11/20,20:00,21:00,2.1367,0.0763,
2024/11/20,21:00,22:00,1.9721,0.0704,
2024/11/20,22:00,23:00,1.9459,0.0694,
2024/11/20,23:00,0:00,0.7813,0.0279,
2024/11/21,0:00,1:00,0.9814,0.035,
2024/11/21,1:00,2:00,0.4051,0.0144,
2024/11/21,2:00,3:00,0.1188,0.0042,
2024/11/21,3:00,4:00,0.0595,0.0021,
2024/11/21,4:00,5:00,0.0941,0.0033,
2024/11/21,5:00,6:00,0.1487,0.0053,
2024/11/21,6:00,7:00,0.558,0.0199,
2024/11/21,7:00,8:00,1.3218,0.0472,
2024/11/21,8:00,9:00,1.2082,0.0431,
2024/11/21,9:00,10:00,0.792,0.0282,
2024/11/21,10:00,11:00,0.479,0.0171,
2024/11/21,11:00,12:00,0.3761,0.0134,
2024/11/21,12:00,13:00,0.2515,0.0089,
2024/11/21,13:00,14:00,0.4111,0.0146,
2024/11/21,14:00,15:00,0.2507,0.0089,
2024/11/21,15:00,16:00,0.3523,0.0125,
2024/11/21,16:00,17:00,1.0531,0.0376,
2024/11/21,17:00,18:00,1.2247,0.0437,
2024/11/21,18:00,19:00,2.0002,0.0714,
2024/11/21,19:00,20:00,1.3802,0.0492,
2024/11/21,20:00,21:00,1.3642,0.0487,
2024/11/21,21:00,22:00,2.0462,0.073,
2024/11/21,22:00,23:00,1.4302,0.051,
2024/11/21,23:00,0:00,1.1578,0.0413,
2024/11/22,0:00,1:00,0.5768,0.0206,
2024/11/22,1:00,2:00,0.407,0.0145,
2024/11/22,2:00,3:00,0.0604,0.0021,
2024/11/22,3:00,4:00,0.0188,0.0006,
2024/11/22,4:00,5:00,0.0319,0.0011,
2024/11/22,5:00,6:00,0.1721,0.0061,
2024/11/22,6:00,7:00,0.635,0.0226,
2024/11/22,7:00,8:00,1.3523,0.0482,
2024/11/22,8:00,9:00,1.5504,0.0553,
2024/11/22,9:00,10:00,1.0444,0.0373,
2024/11/22,10:00,11:00,0.4193,0.0149,
2024/11/22,11:00,12:00,0.1512,0.0054,
2024/11/22,12:00,13:00,0.3599,0.0128,
2024/11/22,13:00,14:00,0.2808,0.01,
2024/11/22,14:00,15:00,0.3285,0.0117,
2024/11/22,15:00,16:00,0.2328,0.0083,
2024/11/22,16:00,17:00,0.4601,0.0164,
2024/11/22,17:00,18:00,0.681,0.0243,
2024/11/22,18:00,19:00,1.7422,0.0622,
2024/11/22,19:00,20:00,1.5963,0.057,
2024/11/22,20:00,21:00,0.9866,0.0352,
2024/11/22,21:00,22:00,2.5097,0.0896,
2024/11/22,22:00,23:00,0.9018,0.0322,
2024/11/22,23:00,0:00,1.1241,0.0401,
2024/11/23,0:00,1:00,0.6203,0.0221,
2024/11/23,1:00,2:00,0.4004,0.0143,
2024/11/23,2:00,3:00,0.2336,0.0083,
2024/11/23,3:00,4:00,0.106,0.0037,
2024/11/23,4:00,5:00,0.0486,0.0017,
2024/11/23,5:00,6:00,0.0375,0.0013,
2024/11/23,6:00,7:00,0.202,0.0072,
2024/11/23,7:00,8:00,0.6036,0.0215,
2024/11/23,8:00,9:00,1.0283,0.0367,
2024/11/23,9:00,10:00,1.4882,0.0531,
2024/11/23,10:00,11:00,1.8137,0.0647,
2024/11/23,11:00,12:00,0.614,0.0219,
2024/11/23,12:00,13:00,0.4781,0.017,
2024/11/23,13:00,14:00,0.8744,0.0312,
2024/11/23,14:00,15:00,0.5384,0.0192,
2024/11/23,15:00,16:00,0.4703,0.0167,
2024/11/23,16:00,17:00,0.7242,0.0258,
2024/11/23,17:00,18:00,1.638,0.0585,
2024/11/23,18:00,19:00,1.9416,0.0693,
2024/11/23,19:00,20:00,1.4818,0.0529,
2024/11/23,20:00,21:00,1.4168,0.0506,
2024/11/23,21:00,22:00,2.3952,0.0855,
2024/11/23,22:00,23:00,1.0546,0.0376,
2024/11/23,23:00,0:00,0.8536,0.0304,
2024/11/24,0:00,1:00,0.5881,0.021,
2024/11/24,1:00,2:00,0.3579,0.0127,
2024/11/24,2:00,3:00,0.404,0.0144,
2024/11/24,3:00,4:00,0.2086,0.0074,
2024/11/24,4:00,5:00,0.1078,0.0038,
2024/11/24,5:00,6:00,0.073,0.0026,
2024/11/24,6:00,7:00,0.202,0.0072,
2024/11/24,7:00,8:00,0.5452,0.0194,
2024/11/24,8:00,9:00,1.1475,0.0409,
2024/11/24,9:00,10:00,1.3468,0.0481,
2024/11/24,10:00,11:00,1.2654,0.0451,
2024/11/24,11:00,12:00,0.7232,0.0258,
2024/11/24,12:00,13:00,0.7523,0.0268,
2024/11/24,13:00,14:00,0.772,0.0275,
2024/11/24,14:00,15:00,0.5292,0.0189,
2024/11/24,15:00,16:00,0.4618,0.0164,
2024/11/24,16:00,17:00,0.7317,0.0261,
2024/11/24,17:00,18:00,1.3033,0.0465,
2024/11/24,18:00,19:00,1.9994,0.0714,
2024/11/24,19:00,20:00,1.4879,0.0531,
2024/11/24,20:00,21:00,1.8241,0.0651,
2024/11/24,21:00,22:00,1.9552,0.0698,
2024/11/24,22:00,23:00,1.6557,0.0591,
2024/11/24,23:00,0:00,1.168,0.0417,
2024/11/25,0:00,1:00,1.2209,0.0436,
2024/11/25,1:00,2:00,0.3881,0.0138,
2024/11/25,2:00,3:00,0.0729,0.0026,
2024/11/25,3:00,4:00,0.0484,0.0017,
2024/11/25,4:00,5:00,0.0342,0.0012,
2024/11/25,5:00,6:00,0.0713,0.0025,
2024/11/25,6:00,7:00,0.7308,0.0261,
2024/11/25,7:00,8:00,1.0968,0.0391,
2024/11/25,8:00,9:00,1.2617,0.045,
2024/11/25,9:00,10:00,0.7588,0.0271,
2024/11/25,10:00,11:00,0.5325,0.019,
2024/11/25,11:00,12:00,0.3949,0.0141,
2024/11/25,12:00,13:00,0.2536,0.009,
2024/11/25,13:00,14:00,0.3469,0.0123,
2024/11/25,14:00,15:00,0.2589,0.0092,
2024/11/25,15:00,16:00,0.3175,0.0113,
2024/11/25,16:00,17:00,0.3525,0.0125,
2024/11/25,17:00,18:00,1.1985,0.0428,
2024/11/25,18:00,19:00,1.8733,0.0669,
2024/11/25,19:00,20:00,1.4082,0.0502,
2024/11/25,20:00,21:00,1.7486,0.0624,
2024/11/25,21:00,22:00,2.3864,0.0852,
2024/11/25,22:00,23:00,2.0428,0.0729,
2024/11/25,23:00,0:00,1.0174,0.0363,
2024/11/26,0:00,1:00,0.9279,0.0331,
2024/11/26,1:00,2:00,0.7138,0.0254,
2024/11/26,2:00,3:00,0.0515,0.0018,
2024/11/26,3:00,4:00,0.0606,0.0021,
2024/11/26,4:00,5:00,0.048,0.0017,
2024/11/26,5:00,6:00,0.0953,0.0034,
2024/11/26,6:00,7:00,0.538,0.0192,
2024/11/26,7:00,8:00,1.4097,0.0503,
2024/11/26,8:00,9:00,1.2886,0.046,
2024/11/26,9:00,10:00,0.8622,0.0307,
2024/11/26,10:00,11:00,0.4475,0.0159,
2024/11/26,11:00,12:00,0.2819,0.01,
2024/11/26,12:00,13:00,0.2487,0.0088,
2024/11/26,13:00,14:00,0.5023,0.0179,
2024/11/26,14:00,15:00,0.435,0.0155,
2024/11/26,15:00,16:00,0.4984,0.0178,
2024/11/26,16:00,17:00,0.6543,0.0233,
2024/11/26,17:00,18:00,0.7003,0.025,
2024/11/26,18:00,19:00,1.6178,0.0577,
2024/11/26,19:00,20:00,1.8027,0.0643,
2024/11/26,20:00,21:00,1.8278,0.0652,
2024/11/26,21:00,22:00,2.1285,0.076,
2024/11/26,22:00,23:00,1.5655,0.0559,
2024/11/26,23:00,0:00,1.8581,0.0663,
2024/11/27,0:00,1:00,1.003,0.0358,
2024/11/27,1:00,2:00,0.3081,0.011,
2024/11/27,2:00,3:00,0.0736,0.0026,
2024/11/27,3:00,4:00,0.0435,0.0015,
2024/11/27,4:00,5:00,0.2028,0.0072,
2024/11/27,5:00,6:00,0.1893,0.0067,
2024/11/27,6:00,7:00,0.8915,0.0318,
2024/11/27,7:00,8:00,1.5714,0.0561,
2024/11/27,8:00,9:00,1.1198,0.0399,
2024/11/27,9:00,10:00,0.9785,0.0349,
2024/11/27,10:00,11:00,0.2836,0.0101,
2024/11/27,11:00,12:00,0.2427,0.0086,
2024/11/27,12:00,13:00,0.5199,0.0185,
2024/11/27,13:00,14:00,0.3521,0.0125,
2024/11/27,14:00,15:00,0.2631,0.0093,
2024/11/27,15:00,16:00,0.2693,0.0096,
2024/11/27,16:00,17:00,0.3621,0.0129,
2024/11/27,17:00,18:00,1.3114,0.0468,
2024/11/27,18:00,19:00,1.6808,0.06,
2024/11/27,19:00,20:00,1.7231,0.0615,
2024/11/27,20:00,21:00,1.5695,0.056,
2024/11/27,21:00,22:00,2.4403,0.0871,
2024/11/27,22:00,23:00,1.4836,0.0529,
2024/11/27,23:00,0:00,1.0174,0.0363,
2024/11/28,0:00,1:00,1.1666,0.0416,
2024/11/28,1:00,2:00,0.353,0.0126,
2024/11/28,2:00,3:00,0.3007,0.0107,
2024/11/28,3:00,4:00,0.1481,0.0052,
2024/11/28,4:00,5:00,0.0589,0.0021,
2024/11/28,5:00,6:00,0.1486,0.0053,
2024/11/28,6:00,7:00,0.6535,0.0233,
2024/11/28,7:00,8:00,1.4005,0.05,
2024/11/28,8:00,9:00,1.1023,0.0393,
2024/11/28,9:00,10:00,0.9384,0.0335,
2024/11/28,10:00,11:00,0.892,0.0318,
2024/11/28,11:00,12:00,0.3979,0.0142,
2024/11/28,12:00,13:00,0.3144,0.0112,
2024/11/28,13:00,14:00,0.3927,0.014,
2024/11/28,14:00,15:00,0.3657,0.013,
2024/11/28,15:00,16:00,0.1064,0.0038,
2024/11/28,16:00,17:00,0.5447,0.0194,
2024/11/28,17:00,18:00,0.873,0.0311,
2024/11/28,18:00,19:00,1.7369,0.062,
2024/11/28,19:00,20:00,1.9736,0.0704,
2024/11/28,20:00,21:00,1.6568,0.0591,
2024/11/28,21:00,22:00,2.3899,0.0853,
2024/11/28,22:00,23:00,1.5301,0.0546,
2024/11/28,23:00,0:00,1.4528,0.0518,
2024/11/29,0:00,1:00,0.9211,0.0328,
2024/11/29,1:00,2:00,0.4406,0.0157,
2024/11/29,2:00,3:00,0.3168,0.0113,
2024/11/29,3:00,4:00,0.0543,0.0019,
2024/11/29,4:00,5:00,0.1787,0.0063,
2024/11/29,5:00,6:00,0.0365,0.0013,
2024/11/29,6:00,7:00,0.4193,0.0149,
2024/11/29,7:00,8:00,1.4086,0.0503,
2024/11/29,8:00,9:00,1.4063,0.0502,
2024/11/29,9:00,10:00,1.0742,0.0383,
2024/11/29,10:00,11:00,0.6539,0.0233,
2024/11/29,11:00,12:00,0.2945,0.0105,
2024/11/29,12:00,13:00,0.2296,0.0082,
2024/11/29,13:00,14:00,0.2857,0.0102,
2024/11/29,14:00,15:00,0.3008,0.0107,
2024/11/29,15:00,16:00,0.5278,0.0188,
2024/11/29,16:00,17:00,0.3834,0.0136,
2024/11/29,17:00,18:00,0.8203,0.0292,
2024/11/29,18:00,19:00,0.7154,0.0255,
2024/11/29,19:00,20:00,1.9274,0.0688,
2024/11/29,20:00,21:00,1.7997,0.0642,
2024/11/29,21:00,22:00,2.7672,0.0988,
2024/11/29,22:00,23:00,1.4585,0.052,
2024/11/29,23:00,0:00,1.0635,0.0379,
2024/11/30,0:00,1:00,0.5415,0.0193,
2024/11/30,1:00,2:00,0.437,0.0156,
2024/11/30,2:00,3:00,0.28,0.01,
2024/11/30,3:00,4:00,0.1128,0.004,
2024/11/30,4:00,5:00,0.0161,0.0005,
2024/11/30,5:00,6:00,0.0338,0.0012,
2024/11/30,6:00,7:00,0.1373,0.0049,
2024/11/30,7:00,8:00,0.4751,0.0169,
2024/11/30,8:00,9:00,1.7697,0.0632,
2024/11/30,9:00,10:00,1.516,0.0541,
2024/11/30,10:00,11:00,1.1623,0.0415,
2024/11/30,11:00,12:00,0.764,0.0272,
2024/11/30,12:00,13:00,0.6997,0.0249,
2024/11/30,13:00,14:00,0.4346,0.0155,
2024/11/30,14:00,15:00,0.3669,0.0131,
2024/11/30,15:00,16:00,0.538,0.0192,
2024/11/30,16:00,17:00,1.0087,0.036,
2024/11/30,17:00,18:00,1.3395,0.0478,
2024/11/30,18:00,19:00,1.6608,0.0593,
2024/11/30,19:00,20:00,1.3249,0.0473,
2024/11/30,20:00,21:00,1.7945,0.064,
2024/11/30,21:00,22:00,2.7034,0.0965,
2024/11/30,22:00,23:00,1.6353,0.0584,
2024/11/30,23:00,0:00,1.1138,0.0397,
2024/12/1,0:00,1:00,0.672,0.024,
2024/12/1,1:00,2:00,0.2942,0.0105,
2024/12/1,2:00,3:00,0.168,0.006,
2024/12/1,3:00,4:00,0.1,0.0035,
2024/12/1,4:00,5:00,0.0349,0.0012,
2024/12/1,5:00,6:00,0.034,0.0012,
2024/12/1,6:00,7:00,0.1269,0.0045,
2024/12/1,7:00,8:00,0.9308,0.0332,
2024/12/1,8:00,9:00,1.6229,0.0579,
2024/12/1,9:00,10:00,1.207,0.0431,
2024/12/1,10:00,11:00,0.8269,0.0295,
2024/12/1,11:00,12:00,0.8388,0.0299,
2024/12/1,12:00,13:00,0.5789,0.0206,
2024/12/1,13:00,14:00,0.4352,0.0155,
2024/12/1,14:00,15:00,0.4337,0.0154,
2024/12/1,15:00,16:00,0.3897,0.0139,
2024/12/1,16:00,17:00,0.6801,0.0242,
2024/12/1,17:00,18:00,1.7327,0.0618,
2024/12/1,18:00,19:00,1.9626,0.07,
2024/12/1,19:00,20:00,1.9378,0.0692,
2024/12/1,20:00,21:00,1.5146,0.054,
2024/12/1,21:00,22:00,2.4163,0.0862,
2024/12/1,22:00,23:00,1.4031,0.0501,
2024/12/1,23:00,0:00,0.7819,0.0279,
2024/12/2,0:00,1:00,0.7882,0.0281,
2024/12/2,1:00,2:00,0.3372,0.012,
2024/12/2,2:00,3:00,0.1633,0.0058,
2024/12/2,3:00,4:00,0.0416,0.0014,
2024/12/2,4:00,5:00,0.0597,0.0021,
2024/12/2,5:00,6:00,0.1188,0.0042,
2024/12/2,6:00,7:00,0.9319,0.0332,
2024/12/2,7:00,8:00,1.3112,0.0468,
2024/12/2,8:00,9:00,1.3083,0.0467,
2024/12/2,9:00,10:00,0.9422,0.0336,
2024/12/2,10:00,11:00,0.2626,0.0093,
2024/12/2,11:00,12:00,0.2272,0.0081,
2024/12/2,12:00,13:00,0.3065,0.0109,
2024/12/2,13:00,14:00,0.3691,0.0131,
2024/12/2,14:00,15:00,0.2005,0.0071,
2024/12/2,15:00,16:00,0.1144,0.004,
2024/12/2,16:00,17:00,0.2632,0.0094,
2024/12/2,17:00,18:00,0.8438,0.0301,
2024/12/2,18:00,19:00,2.6441,0.0944,
2024/12/2,19:00,20:00,1.482,0.0529,
2024/12/2,20:00,21:00,1.5834,0.0565,
2024/12/2,21:00,22:00,2.2964,0.082,
2024/12/2,22:00,23:00,1.4764,0.0527,
2024/12/2,23:00,0:00,0.8428,0.0301,
2024/12/3,0:00,1:00,0.6228,0.0222,
2024/12/3,1:00,2:00,0.7358,0.0262,
2024/12/3,2:00,3:00,0.338,0.012,
2024/12/3,3:00,4:00,0.2284,0.0081,
2024/12/3,4:00,5:00,0.0462,0.0016,
2024/12/3,5:00,6:00,0.0877,0.0031,
2024/12/3,6:00,7:00,0.8436,0.0301,
2024/12/3,7:00,8:00,1.5168,0.0541,
2024/12/3,8:00,9:00,1.3785,0.0492,
2024/12/3,9:00,10:00,0.7908,0.0282,
2024/12/3,10:00,11:00,0.5102,0.0182,
2024/12/3,11:00,12:00,0.5522,0.0197,
2024/12/3,12:00,13:00,0.1366,0.0048,
2024/12/3,13:00,14:00,0.2873,0.0102,
2024/12/3,14:00,15:00,0.4247,0.0151,
2024/12/3,15:00,16:00,0.3235,0.0115,
2024/12/3,16:00,17:00,0.4607,0.0164,
2024/12/3,17:00,18:00,0.9344,0.0333,
2024/12/3,18:00,19:00,1.5093,0.0539,
2024/12/3,19:00,20:00,2.123,0.0758,
2024/12/3,20:00,21:00,1.6399,0.0585,
2024/12/3,21:00,22:00,2.2056,0.0787,
2024/12/3,22:00,23:00,1.4899,0.0532,
2024/12/3,23:00,0:00,0.9489,0.0338,
2024/12/4,0:00,1:00,0.7705,0.0275,
2024/12/4,1:00,2:00,0.287,0.0102,
2024/12/4,2:00,3:00,0.3731,0.0133,
2024/12/4,3:00,4:00,0.3345,0.0119,
2024/12/4,4:00,5:00,0.0984,0.0035,
2024/12/4,5:00,6:00,0.0471,0.0016,
2024/12/4,6:00,7:00,0.7104,0.0253,
2024/12/4,7:00,8:00,1.266,0.0452,
2024/12/4,8:00,9:00,1.2251,0.0437,
2024/12/4,9:00,10:00,0.9379,0.0334,
2024/12/4,10:00,11:00,0.2431,0.0086,
2024/12/4,11:00,12:00,0.2575,0.0091,
2024/12/4,12:00,13:00,0.1368,0.0048,
2024/12/4,13:00,14:00,0.3336,0.0119,
2024/12/4,14:00,15:00,0.3684,0.0131,
2024/12/4,15:00,16:00,0.2215,0.0079,
2024/12/4,16:00,17:00,0.3895,0.0139,
2024/12/4,17:00,18:00,1.0468,0.0373,
2024/12/4,18:00,19:00,2.1206,0.0757,
2024/12/4,19:00,20:00,2.0401,0.0728,
2024/12/4,20:00,21:00,1.4147,0.0505,
2024/12/4,21:00,22:00,1.8756,0.0669,
2024/12/4,22:00,23:00,1.5446,0.0551,
2024/12/4,23:00,0:00,1.2206,0.0435,
2024/12/5,0:00,1:00,0.8381,0.0299,
2024/12/5,1:00,2:00,0.4135,0.0147,
2024/12/5,2:00,3:00,0.0869,0.0031,
2024/12/5,3:00,4:00,0.0236,0.0008,
2024/12/5,4:00,5:00,0.0591,0.0021,
2024/12/5,5:00,6:00,0.3025,0.0108,
2024/12/5,6:00,7:00,0.6209,0.0221,
2024/12/5,7:00,8:00,1.3951,0.0498,
2024/12/5,8:00,9:00,1.312,0.0468,
2024/12/5,9:00,10:00,0.9183,0.0327,
2024/12/5,10:00,11:00,0.4635,0.0165,
2024/12/5,11:00,12:00,0.4028,0.0143,
2024/12/5,12:00,13:00,0.1464,0.0052,
2024/12/5,13:00,14:00,0.2079,0.0074,
2024/12/5,14:00,15:00,0.2344,0.0083,
2024/12/5,15:00,16:00,0.2954,0.0105,
2024/12/5,16:00,17:00,0.4837,0.0172,
2024/12/5,17:00,18:00,1.1764,0.042,
2024/12/5,18:00,19:00,1.7472,0.0624,
2024/12/5,19:00,20:00,2.2367,0.0798,
2024/12/5,20:00,21:00,1.5365,0.0548,
2024/12/5,21:00,22:00,1.8702,0.0667,
2024/12/5,22:00,23:00,1.4634,0.0522,
2024/12/5,23:00,0:00,0.7533,0.0269,
2024/12/6,0:00,1:00,0.8692,0.031,
2024/12/6,1:00,2:00,0.7373,0.0263,
2024/12/6,2:00,3:00,0.1113,0.0039,
2024/12/6,3:00,4:00,0.0231,0.0008,
2024/12/6,4:00,5:00,0.0222,0.0007,
2024/12/6,5:00,6:00,0.2815,0.01,
2024/12/6,6:00,7:00,0.5536,0.0197,
2024/12/6,7:00,8:00,1.6371,0.0584,
2024/12/6,8:00,9:00,1.3964,0.0498,
2024/12/6,9:00,10:00,0.937,0.0334,
2024/12/6,10:00,11:00,0.5021,0.0179,
2024/12/6,11:00,12:00,0.3679,0.0131,
2024/12/6,12:00,13:00,0.2695,0.0096,
2024/12/6,13:00,14:00,0.2994,0.0106,
2024/12/6,14:00,15:00,0.3702,0.0132,
2024/12/6,15:00,16:00,0.3028,0.0108,
2024/12/6,16:00,17:00,0.4687,0.0167,
2024/12/6,17:00,18:00,0.606,0.0216,
2024/12/6,18:00,19:00,1.7412,0.0621,
2024/12/6,19:00,20:00,1.1773,0.042,
2024/12/6,20:00,21:00,2.1227,0.0758,
2024/12/6,21:00,22:00,1.7516,0.0625,
2024/12/6,22:00,23:00,1.0891,0.0388,
2024/12/6,23:00,0:00,1.1955,0.0426,
2024/12/7,0:00,1:00,0.6576,0.0234,
2024/12/7,1:00,2:00,0.3805,0.0135,
2024/12/7,2:00,3:00,0.2608,0.0093,
2024/12/7,3:00,4:00,0.1674,0.0059,
2024/12/7,4:00,5:00,0.1684,0.006,
2024/12/7,5:00,6:00,0.0823,0.0029,
2024/12/7,6:00,7:00,0.2262,0.008,
2024/12/7,7:00,8:00,0.6281,0.0224,
2024/12/7,8:00,9:00,1.1074,0.0395,
2024/12/7,9:00,10:00,1.3515,0.0482,
2024/12/7,10:00,11:00,1.4665,0.0523,
2024/12/7,11:00,12:00,1.0814,0.0386,
2024/12/7,12:00,13:00,0.9492,0.0339,
2024/12/7,13:00,14:00,1.0274,0.0366,
2024/12/7,14:00,15:00,0.4466,0.0159,
2024/12/7,15:00,16:00,0.3952,0.0141,
2024/12/7,16:00,17:00,0.9401,0.0335,
2024/12/7,17:00,18:00,0.8407,0.03,
2024/12/7,18:00,19:00,1.4286,0.051,
2024/12/7,19:00,20:00,1.7616,0.0629,
2024/12/7,20:00,21:00,1.9383,0.0692,
2024/12/7,21:00,22:00,1.5488,0.0553,
2024/12/7,22:00,23:00,1.6702,0.0596,
2024/12/7,23:00,0:00,1.1015,0.0393,
2024/12/8,0:00,1:00,0.5711,0.0203,
2024/12/8,1:00,2:00,0.3404,0.0121,
2024/12/8,2:00,3:00,0.263,0.0093,
2024/12/8,3:00,4:00,0.1284,0.0045,
2024/12/8,4:00,5:00,0.1985,0.007,
2024/12/8,5:00,6:00,0.1172,0.0041,
2024/12/8,6:00,7:00,0.2308,0.0082,
2024/12/8,7:00,8:00,0.2254,0.008,
2024/12/8,8:00,9:00,1.2165,0.0434,
2024/12/8,9:00,10:00,1.5984,0.057,
2024/12/8,10:00,11:00,1.3466,0.048,
2024/12/8,11:00,12:00,0.8194,0.0292,
2024/12/8,12:00,13:00,0.6649,0.0237,
2024/12/8,13:00,14:00,0.7228,0.0258,
2024/12/8,14:00,15:00,0.5731,0.0204,
2024/12/8,15:00,16:00,0.4368,0.0156,
2024/12/8,16:00,17:00,0.5212,0.0186,
2024/12/8,17:00,18:00,1.0257,0.0366,
2024/12/8,18:00,19:00,1.6439,0.0587,
2024/12/8,19:00,20:00,1.6623,0.0593,
2024/12/8,20:00,21:00,1.5248,0.0544,
2024/12/8,21:00,22:00,2.2978,0.082,
2024/12/8,22:00,23:00,1.9385,0.0692,
2024/12/8,23:00,0:00,0.9934,0.0354,
2024/12/9,0:00,1:00,0.5801,0.0207,
2024/12/9,1:00,2:00,0.6011,0.0214,
2024/12/9,2:00,3:00,0.1175,0.0041,
2024/12/9,3:00,4:00,0.0548,0.0019,
2024/12/9,4:00,5:00,0.0211,0.0007,
2024/12/9,5:00,6:00,0.1368,0.0048,
2024/12/9,6:00,7:00,0.4814,0.0171,
2024/12/9,7:00,8:00,1.6617,0.0593,
2024/12/9,8:00,9:00,1.1219,0.04,
2024/12/9,9:00,10:00,0.7852,0.028,
2024/12/9,10:00,11:00,0.4936,0.0176,
2024/12/9,11:00,12:00,0.5447,0.0194,
2024/12/9,12:00,13:00,0.4719,0.0168,
2024/12/9,13:00,14:00,0.3376,0.012,
2024/12/9,14:00,15:00,0.2381,0.0085,
2024/12/9,15:00,16:00,0.3144,0.0112,
2024/12/9,16:00,17:00,0.6211,0.0221,
2024/12/9,17:00,18:00,1.0826,0.0386,
2024/12/9,18:00,19:00,1.8924,0.0675,
2024/12/9,19:00,20:00,1.8064,0.0645,
2024/12/9,20:00,21:00,2.0981,0.0749,
2024/12/9,21:00,22:00,1.9559,0.0698,
2024/12/9,22:00,23:00,1.076,0.0384,
2024/12/9,23:00,0:00,0.9398,0.0335,
2024/12/10,0:00,1:00,0.7834,0.0279,
2024/12/10,1:00,2:00,0.4874,0.0174,
2024/12/10,2:00,3:00,0.228,0.0081,
2024/12/10,3:00,4:00,0.0311,0.0011,
2024/12/10,4:00,5:00,0.2034,0.0072,
2024/12/10,5:00,6:00,0.3245,0.0115,
2024/12/10,6:00,7:00,0.6714,0.0239,
2024/12/10,7:00,8:00,0.9464,0.0338,
2024/12/10,8:00,9:00,1.0963,0.0391,
2024/12/10,9:00,10:00,0.923,0.0329,
2024/12/10,10:00,11:00,0.6835,0.0244,
2024/12/10,11:00,12:00,0.4493,0.016,
2024/12/10,12:00,13:00,0.2755,0.0098,
2024/12/10,13:00,14:00,0.2993,0.0106,
2024/12/10,14:00,15:00,0.1589,0.0056,
2024/12/10,15:00,16:00,0.3306,0.0118,
2024/12/10,16:00,17:00,0.4883,0.0174,
2024/12/10,17:00,18:00,1.7708,0.0632,
2024/12/10,18:00,19:00,1.6643,0.0594,
2024/12/10,19:00,20:00,1.5799,0.0564,
2024/12/10,20:00,21:00,2.2562,0.0805,
2024/12/10,21:00,22:00,2.6918,0.0961,
2024/12/10,22:00,23:00,1.7122,0.0611,
2024/12/10,23:00,0:00,0.7801,0.0278,
2024/12/11,0:00,1:00,0.8633,0.0308,
2024/12/11,1:00,2:00,0.2457,0.0087,
2024/12/11,2:00,3:00,0.2785,0.0099,
2024/12/11,3:00,4:00,0.1881,0.0067,
2024/12/11,4:00,5:00,0.0463,0.0016,
2024/12/11,5:00,6:00,0.1542,0.0055,
2024/12/11,6:00,7:00,0.7712,0.0275,
2024/12/11,7:00,8:00,1.1155,0.0398,
2024/12/11,8:00,9:00,1.1625,0.0415,
2024/12/11,9:00,10:00,0.8534,0.0304,
2024/12/11,10:00,11:00,0.6227,0.0222,
2024/12/11,11:00,12:00,0.368,0.0131,
2024/12/11,12:00,13:00,0.3753,0.0134,
2024/12/11,13:00,14:00,0.5035,0.0179,
2024/12/11,14:00,15:00,0.2617,0.0093,
2024/12/11,15:00,16:00,0.2476,0.0088,
2024/12/11,16:00,17:00,0.5173,0.0184,
2024/12/11,17:00,18:00,0.9905,0.0353,
2024/12/11,18:00,19:00,1.3711,0.0489,
2024/12/11,19:00,20:00,2.1255,0.0759,
2024/12/11,20:00,21:00,1.3383,0.0477,
2024/12/11,21:00,22:00,2.3283,0.0831,
2024/12/11,22:00,23:00,1.7071,0.0609,
2024/12/11,23:00,0:00,0.8822,0.0315,
2024/12/12,0:00,1:00,1.006,0.0359,
2024/12/12,1:00,2:00,0.6851,0.0244,
2024/12/12,2:00,3:00,0.2138,0.0076,
2024/12/12,3:00,4:00,0.0124,0.0004,
2024/12/12,4:00,5:00,0.1214,0.0043,
2024/12/12,5:00,6:00,0.0693,0.0024,
2024/12/12,6:00,7:00,0.6496,0.0232,
2024/12/12,7:00,8:00,1.3321,0.0475,
2024/12/12,8:00,9:00,1.3813,0.0493,
2024/12/12,9:00,10:00,0.7847,0.028,
2024/12/12,10:00,11:00,0.679,0.0242,
2024/12/12,11:00,12:00,0.241,0.0086,
2024/12/12,12:00,13:00,0.2095,0.0074,
2024/12/12,13:00,14:00,0.1899,0.0067,
2024/12/12,14:00,15:00,0.1433,0.0051,
2024/12/12,15:00,16:00,0.713,0.0254,
2024/12/12,16:00,17:00,0.4287,0.0153,
2024/12/12,17:00,18:00,1.2081,0.0431,
2024/12/12,18:00,19:00,1.7107,0.061,
2024/12/12,19:00,20:00,2.0778,0.0742,
2024/12/12,20:00,21:00,1.8449,0.0658,
2024/12/12,21:00,22:00,1.3396,0.0478,
2024/12/12,22:00,23:00,1.4774,0.0527,
2024/12/12,23:00,0:00,1.8498,0.066,
2024/12/13,0:00,1:00,0.7993,0.0285,
2024/12/13,1:00,2:00,0.1365,0.0048,
2024/12/13,2:00,3:00,0.1074,0.0038,
2024/12/13,3:00,4:00,0.0898,0.0032,
2024/12/13,4:00,5:00,0.1996,0.0071,
2024/12/13,5:00,6:00,0.1211,0.0043,
2024/12/13,6:00,7:00,0.6758,0.0241,
2024/12/13,7:00,8:00,1.2528,0.0447,
2024/12/13,8:00,9:00,1.364,0.0487,
2024/12/13,9:00,10:00,1.1514,0.0411,
2024/12/13,10:00,11:00,0.6319,0.0225,
2024/12/13,11:00,12:00,0.2514,0.0089,
2024/12/13,12:00,13:00,0.2608,0.0093,
2024/12/13,13:00,14:00,0.2704,0.0096,
2024/12/13,14:00,15:00,0.1603,0.0057,
2024/12/13,15:00,16:00,0.3113,0.0111,
2024/12/13,16:00,17:00,0.4098,0.0146,
2024/12/13,17:00,18:00,0.6708,0.0239,
2024/12/13,18:00,19:00,2.0002,0.0714,
2024/12/13,19:00,20:00,2.1323,0.0761,
2024/12/13,20:00,21:00,1.4835,0.0529,
2024/12/13,21:00,22:00,2.1569,0.077,
2024/12/13,22:00,23:00,1.5169,0.0541,
2024/12/13,23:00,0:00,1.3063,0.0466,
2024/12/14,0:00,1:00,0.856,0.0305,
2024/12/14,1:00,2:00,0.7066,0.0252,
2024/12/14,2:00,3:00,0.3267,0.0116,
2024/12/14,3:00,4:00,0.079,0.0028,
2024/12/14,4:00,5:00,0.0924,0.0033,
2024/12/14,5:00,6:00,0.103,0.0036,
2024/12/14,6:00,7:00,0.2175,0.0077,
2024/12/14,7:00,8:00,0.2135,0.0076,
2024/12/14,8:00,9:00,1.1876,0.0424,
2024/12/14,9:00,10:00,0.9229,0.0329,
2024/12/14,10:00,11:00,1.0166,0.0363,
2024/12/14,11:00,12:00,1.2572,0.0449,
2024/12/14,12:00,13:00,0.8298,0.0296,
2024/12/14,13:00,14:00,0.8565,0.0305,
2024/12/14,14:00,15:00,0.4765,0.017,
2024/12/14,15:00,16:00,0.6038,0.0215,
2024/12/14,16:00,17:00,0.4413,0.0157,
2024/12/14,17:00,18:00,1.1771,0.042,
2024/12/14,18:00,19:00,1.3444,0.048,
2024/12/14,19:00,20:00,1.5819,0.0564,
2024/12/14,20:00,21:00,1.6097,0.0574,
2024/12/14,21:00,22:00,1.6643,0.0594,
2024/12/14,22:00,23:00,1.5393,0.0549,
2024/12/14,23:00,0:00,1.142,0.0407,
2024/12/15,0:00,1:00,0.6562,0.0234,
2024/12/15,1:00,2:00,0.4676,0.0167,
2024/12/15,2:00,3:00,0.3106,0.011,
2024/12/15,3:00,4:00,0.2777,0.0099,
2024/12/15,4:00,5:00,0.0433,0.0015,
2024/12/15,5:00,6:00,0.0605,0.0021,
2024/12/15,6:00,7:00,0.0743,0.0026,
2024/12/15,7:00,8:00,0.2867,0.0102,
2024/12/15,8:00,9:00,1.0513,0.0375,
2024/12/15,9:00,10:00,1.3452,0.048,
2024/12/15,10:00,11:00,1.3087,0.0467,
2024/12/15,11:00,12:00,0.5844,0.0208,
2024/12/15,12:00,13:00,0.4074,0.0145,
2024/12/15,13:00,14:00,0.7933,0.0283,
2024/12/15,14:00,15:00,0.4314,0.0154,
2024/12/15,15:00,16:00,0.7925,0.0283,
2024/12/15,16:00,17:00,0.4475,0.0159,
2024/12/15,17:00,18:00,1.4446,0.0515,
2024/12/15,18:00,19:00,2.0213,0.0721,
2024/12/15,19:00,20:00,1.4671,0.0523,
2024/12/15,20:00,21:00,2.0106,0.0718,
2024/12/15,21:00,22:00,2.6767,0.0955,
2024/12/15,22:00,23:00,1.5303,0.0546,
2024/12/15,23:00,0:00,0.7943,0.0283,
2024/12/16,0:00,1:00,1.1087,0.0395,
2024/12/16,1:00,2:00,0.3923,0.014,
2024/12/16,2:00,3:00,0.2395,0.0085,
2024/12/16,3:00,4:00,0.116,0.0041,
2024/12/16,4:00,5:00,0.0964,0.0034,
2024/12/16,5:00,6:00,0.0962,0.0034,
2024/12/16,6:00,7:00,0.6492,0.0231,
2024/12/16,7:00,8:00,1.2766,0.0455,
2024/12/16,8:00,9:00,1.7676,0.0631,
2024/12/16,9:00,10:00,1.0045,0.0358,
2024/12/16,10:00,11:00,0.7627,0.0272,
2024/12/16,11:00,12:00,0.3523,0.0125,
2024/12/16,12:00,13:00,0.483,0.0172,
2024/12/16,13:00,14:00,0.4237,0.0151,
2024/12/16,14:00,15:00,0.4506,0.016,
2024/12/16,15:00,16:00,0.3891,0.0138,
2024/12/16,16:00,17:00,0.4735,0.0169,
2024/12/16,17:00,18:00,0.7934,0.0283,
2024/12/16,18:00,19:00,1.7658,0.063,
2024/12/16,19:00,20:00,1.9369,0.0691,
2024/12/16,20:00,21:00,2.2932,0.0819,
2024/12/16,21:00,22:00,1.9079,0.0681,
2024/12/16,22:00,23:00,1.2478,0.0445,
2024/12/16,23:00,0:00,0.9928,0.0354,
2024/12/17,0:00,1:00,0.6317,0.0225,
2024/12/17,1:00,2:00,0.2904,0.0103,
2024/12/17,2:00,3:00,0.196,0.007,
2024/12/17,3:00,4:00,0.0572,0.002,
2024/12/17,4:00,5:00,0.1476,0.0052,
2024/12/17,5:00,6:00,0.0591,0.0021,
2024/12/17,6:00,7:00,0.8872,0.0316,
2024/12/17,7:00,8:00,1.1841,0.0422,
2024/12/17,8:00,9:00,1.2981,0.0463,
2024/12/17,9:00,10:00,0.8052,0.0287,
2024/12/17,10:00,11:00,0.6996,0.0249,
2024/12/17,11:00,12:00,0.3025,0.0108,
2024/12/17,12:00,13:00,0.3367,0.012,
2024/12/17,13:00,14:00,0.3035,0.0108,
2024/12/17,14:00,15:00,0.3074,0.0109,
2024/12/17,15:00,16:00,0.3095,0.011,
2024/12/17,16:00,17:00,0.505,0.018,
2024/12/17,17:00,18:00,0.9608,0.0343,
2024/12/17,18:00,19:00,1.5737,0.0562,
2024/12/17,19:00,20:00,2.5067,0.0895,
2024/12/17,20:00,21:00,2.0406,0.0728,
2024/12/17,21:00,22:00,2.0018,0.0714,
2024/12/17,22:00,23:00,2.5885,0.0924,
2024/12/17,23:00,0:00,1.1777,0.042,
2024/12/18,0:00,1:00,0.852,0.0304,
2024/12/18,1:00,2:00,0.5783,0.0206,
2024/12/18,2:00,3:00,0.1552,0.0055,
2024/12/18,3:00,4:00,0.1034,0.0036,
2024/12/18,4:00,5:00,0.0649,0.0023,
2024/12/18,5:00,6:00,0.0363,0.0012,
2024/12/18,6:00,7:00,0.6955,0.0248,
2024/12/18,7:00,8:00,0.9843,0.0351,
2024/12/18,8:00,9:00,1.339,0.0478,
2024/12/18,9:00,10:00,0.9847,0.0351,
2024/12/18,10:00,11:00,0.7362,0.0262,
2024/12/18,11:00,12:00,0.4632,0.0165,
2024/12/18,12:00,13:00,0.227,0.0081,
2024/12/18,13:00,14:00,0.4318,0.0154,
2024/12/18,14:00,15:00,0.2996,0.0107,
2024/12/18,15:00,16:00,0.3586,0.0128,
2024/12/18,16:00,17:00,0.511,0.0182,
2024/12/18,17:00,18:00,1.1428,0.0408,
2024/12/18,18:00,19:00,1.8047,0.0644,
2024/12/18,19:00,20:00,1.9003,0.0678,
2024/12/18,20:00,21:00,1.674,0.0597,
2024/12/18,21:00,22:00,2.262,0.0807,
2024/12/18,22:00,23:00,1.4577,0.052,
2024/12/18,23:00,0:00,0.8442,0.0301,
2024/12/19,0:00,1:00,0.7475,0.0266,
2024/12/19,1:00,2:00,0.6683,0.0238,
2024/12/19,2:00,3:00,0.3106,0.011,
2024/12/19,3:00,4:00,0.219,0.0078,
2024/12/19,4:00,5:00,0.0382,0.0013,
2024/12/19,5:00,6:00,0.2786,0.0099,
2024/12/19,6:00,7:00,0.6518,0.0232,
2024/12/19,7:00,8:00,1.2035,0.0429,
2024/12/19,8:00,9:00,1.2596,0.0449,
2024/12/19,9:00,10:00,1.2871,0.0459,
2024/12/19,10:00,11:00,0.6309,0.0225,
2024/12/19,11:00,12:00,0.353,0.0126,
2024/12/19,12:00,13:00,0.3017,0.0107,
2024/12/19,13:00,14:00,0.2712,0.0096,
2024/12/19,14:00,15:00,0.3751,0.0133,
2024/12/19,15:00,16:00,0.7567,0.027,
2024/12/19,16:00,17:00,0.2513,0.0089,
2024/12/19,17:00,18:00,1.3762,0.0491,
2024/12/19,18:00,19:00,1.7919,0.0639,
2024/12/19,19:00,20:00,1.8346,0.0655,
2024/12/19,20:00,21:00,1.9371,0.0691,
2024/12/19,21:00,22:00,1.9067,0.068,
2024/12/19,22:00,23:00,1.8216,0.065,
2024/12/19,23:00,0:00,1.2568,0.0448,
2024/12/20,0:00,1:00,0.729,0.026,
2024/12/20,1:00,2:00,0.2592,0.0092,
2024/12/20,2:00,3:00,0.4421,0.0157,
2024/12/20,3:00,4:00,0.056,0.002,
2024/12/20,4:00,5:00,0.0688,0.0024,
2024/12/20,5:00,6:00,0.165,0.0058,
2024/12/20,6:00,7:00,0.8287,0.0295,
2024/12/20,7:00,8:00,1.4244,0.0508,
2024/12/20,8:00,9:00,1.457,0.052,
2024/12/20,9:00,10:00,0.9629,0.0343,
2024/12/20,10:00,11:00,0.7876,0.0281,
2024/12/20,11:00,12:00,0.3281,0.0117,
2024/12/20,12:00,13:00,0.1596,0.0057,
2024/12/20,13:00,14:00,0.1458,0.0052,
2024/12/20,14:00,15:00,0.2542,0.009,
2024/12/20,15:00,16:00,0.3501,0.0125,
2024/12/20,16:00,17:00,0.6914,0.0246,
2024/12/20,17:00,18:00,0.8998,0.0321,
2024/12/20,18:00,19:00,1.3981,0.0499,
2024/12/20,19:00,20:00,2.0406,0.0728,
2024/12/20,20:00,21:00,0.8894,0.0317,
2024/12/20,21:00,22:00,2.1205,0.0757,
2024/12/20,22:00,23:00,2.001,0.0714,
2024/12/20,23:00,0:00,1.1843,0.0422,
2024/12/21,0:00,1:00,0.4223,0.015,
2024/12/21,1:00,2:00,0.3557,0.0127,
2024/12/21,2:00,3:00,0.2158,0.0077,
2024/12/21,3:00,4:00,0.137,0.0048,
2024/12/21,4:00,5:00,0.1141,0.004,
2024/12/21,5:00,6:00,0.1655,0.0059,
2024/12/21,6:00,7:00,0.3566,0.0127,
2024/12/21,7:00,8:00,0.3139,0.0112,
2024/12/21,8:00,9:00,0.9046,0.0323,
2024/12/21,9:00,10:00,1.0585,0.0378,
2024/12/21,10:00,11:00,0.9897,0.0353,
2024/12/21,11:00,12:00,0.8977,0.032,
2024/12/21,12:00,13:00,1.0331,0.0368,
2024/12/21,13:00,14:00,0.7244,0.0258,
2024/12/21,14:00,15:00,0.5998,0.0214,
2024/12/21,15:00,16:00,0.3369,0.012,
2024/12/21,16:00,17:00,0.5383,0.0192,
2024/12/21,17:00,18:00,1.6348,0.0583,
2024/12/21,18:00,19:00,1.9812,0.0707,
2024/12/21,19:00,20:00,1.8159,0.0648,
2024/12/21,20:00,21:00,1.5936,0.0569,
2024/12/21,21:00,22:00,1.7526,0.0625,
2024/12/21,22:00,23:00,1.156,0.0412,
2024/12/21,23:00,0:00,1.2152,0.0434,
2024/12/22,0:00,1:00,0.1987,0.007,
2024/12/22,1:00,2:00,0.2738,0.0097,
2024/12/22,2:00,3:00,0.1665,0.0059,
2024/12/22,3:00,4:00,0.0409,0.0014,
2024/12/22,4:00,5:00,0.0577,0.002,
2024/12/22,5:00,6:00,0.1373,0.0049,
2024/12/22,6:00,7:00,0.3104,0.011,
2024/12/22,7:00,8:00,0.4744,0.0169,
2024/12/22,8:00,9:00,1.1903,0.0425,
2024/12/22,9:00,10:00,1.4057,0.0502,
2024/12/22,10:00,11:00,0.932,0.0332,
2024/12/22,11:00,12:00,0.924,0.033,
2024/12/22,12:00,13:00,0.389,0.0138,
2024/12/22,13:00,14:00,0.7999,0.0285,
2024/12/22,14:00,15:00,0.6314,0.0225,
2024/12/22,15:00,16:00,0.5721,0.0204,
2024/12/22,16:00,17:00,0.9493,0.0339,
2024/12/22,17:00,18:00,1.7692,0.0631,
2024/12/22,18:00,19:00,1.7364,0.062,
2024/12/22,19:00,20:00,1.4423,0.0515,
2024/12/22,20:00,21:00,1.8719,0.0668,
2024/12/22,21:00,22:00,2.1173,0.0756,
2024/12/22,22:00,23:00,1.5036,0.0537,
2024/12/22,23:00,0:00,1.3144,0.0469,
2024/12/23,0:00,1:00,0.5783,0.0206,
2024/12/23,1:00,2:00,0.4564,0.0163,
2024/12/23,2:00,3:00,0.2233,0.0079,
2024/12/23,3:00,4:00,0.1266,0.0045,
2024/12/23,4:00,5:00,0.0214,0.0007,
2024/12/23,5:00,6:00,0.1367,0.0048,
2024/12/23,6:00,7:00,0.6738,0.024,
2024/12/23,7:00,8:00,0.9168,0.0327,
2024/12/23,8:00,9:00,1.322,0.0472,
2024/12/23,9:00,10:00,1.1756,0.0419,
2024/12/23,10:00,11:00,0.5103,0.0182,
2024/12/23,11:00,12:00,0.3209,0.0114,
2024/12/23,12:00,13:00,0.4063,0.0145,
2024/12/23,13:00,14:00,0.5782,0.0206,
2024/12/23,14:00,15:00,0.4505,0.016,
2024/12/23,15:00,16:00,0.1818,0.0064,
2024/12/23,16:00,17:00,0.6257,0.0223,
2024/12/23,17:00,18:00,1.428,0.051,
2024/12/23,18:00,19:00,1.6336,0.0583,
2024/12/23,19:00,20:00,1.4533,0.0519,
2024/12/23,20:00,21:00,2.0346,0.0726,
2024/12/23,21:00,22:00,2.5052,0.0894,
2024/12/23,22:00,23:00,1.2376,0.0442,
2024/12/23,23:00,0:00,0.9854,0.0351,
2024/12/24,0:00,1:00,0.6628,0.0236,
2024/12/24,1:00,2:00,0.3216,0.0114,
2024/12/24,2:00,3:00,0.4681,0.0167,
2024/12/24,3:00,4:00,0.1177,0.0042,
2024/12/24,4:00,5:00,0.0374,0.0013,
2024/12/24,5:00,6:00,0.1114,0.0039,
2024/12/24,6:00,7:00,0.6822,0.0243,
2024/12/24,7:00,8:00,1.3431,0.0479,
2024/12/24,8:00,9:00,1.0354,0.0369,
2024/12/24,9:00,10:00,1.4348,0.0512,
2024/12/24,10:00,11:00,0.4706,0.0168,
2024/12/24,11:00,12:00,0.4309,0.0153,
2024/12/24,12:00,13:00,0.4088,0.0146,
2024/12/24,13:00,14:00,0.4532,0.0161,
2024/12/24,14:00,15:00,0.2032,0.0072,
2024/12/24,15:00,16:00,0.2964,0.0105,
2024/12/24,16:00,17:00,0.659,0.0235,
2024/12/24,17:00,18:00,1.1987,0.0428,
2024/12/24,18:00,19:00,1.164,0.0415,
2024/12/24,19:00,20:00,1.8454,0.0659,
2024/12/24,20:00,21:00,1.4142,0.0505,
2024/12/24,21:00,22:00,2.0647,0.0737,
2024/12/24,22:00,23:00,1.3989,0.0499,
2024/12/24,23:00,0:00,1.4784,0.0528,
2024/12/25,0:00,1:00,1.0874,0.0388,
2024/12/25,1:00,2:00,0.3671,0.0131,
2024/12/25,2:00,3:00,0.4257,0.0152,
2024/12/25,3:00,4:00,0.1085,0.0038,
2024/12/25,4:00,5:00,0.0352,0.0012,
2024/12/25,5:00,6:00,0.162,0.0057,
2024/12/25,6:00,7:00,0.5638,0.0201,
2024/12/25,7:00,8:00,0.6632,0.0236,
2024/12/25,8:00,9:00,1.048,0.0374,
2024/12/25,9:00,10:00,1.0477,0.0374,
2024/12/25,10:00,11:00,1.0051,0.0358,
2024/12/25,11:00,12:00,0.5324,0.019,
2024/12/25,12:00,13:00,0.4315,0.0154,
2024/12/25,13:00,14:00,0.424,0.0151,
2024/12/25,14:00,15:00,0.4182,0.0149,
2024/12/25,15:00,16:00,0.3018,0.0107,
2024/12/25,16:00,17:00,0.4159,0.0148,
2024/12/25,17:00,18:00,1.1457,0.0409,
2024/12/25,18:00,19:00,1.4528,0.0518,
2024/12/25,19:00,20:00,1.5832,0.0565,
2024/12/25,20:00,21:00,1.9872,0.0709,
2024/12/25,21:00,22:00,2.5211,0.09,
2024/12/25,22:00,23:00,1.88,0.0671,
2024/12/25,23:00,0:00,0.9267,0.033,
2024/12/26,0:00,1:00,1.0704,0.0382,
2024/12/26,1:00,2:00,0.4229,0.0151,
2024/12/26,2:00,3:00,0.3677,0.0131,
2024/12/26,3:00,4:00,0.0274,0.0009,
2024/12/26,4:00,5:00,0.0203,0.0007,
2024/12/26,5:00,6:00,0.0354,0.0012,
2024/12/26,6:00,7:00,0.3443,0.0122,
2024/12/26,7:00,8:00,0.8546,0.0305,
2024/12/26,8:00,9:00,1.599,0.0571,
2024/12/26,9:00,10:00,1.4328,0.0511,
2024/12/26,10:00,11:00,0.7336,0.0262,
2024/12/26,11:00,12:00,0.7053,0.0251,
2024/12/26,12:00,13:00,0.3947,0.014,
2024/12/26,13:00,14:00,0.3958,0.0141,
2024/12/26,14:00,15:00,0.6088,0.0217,
2024/12/26,15:00,16:00,0.3617,0.0129,
2024/12/26,16:00,17:00,0.2665,0.0095,
2024/12/26,17:00,18:00,1.1121,0.0397,
2024/12/26,18:00,19:00,1.6813,0.06,
2024/12/26,19:00,20:00,2.4013,0.0857,
2024/12/26,20:00,21:00,2.3217,0.0829,
2024/12/26,21:00,22:00,2.0421,0.0729,
2024/12/26,22:00,23:00,0.9706,0.0346,
2024/12/26,23:00,0:00,1.3386,0.0478,
2024/12/27,0:00,1:00,0.6913,0.0246,
2024/12/27,1:00,2:00,0.6712,0.0239,
2024/12/27,2:00,3:00,0.3623,0.0129,
2024/12/27,3:00,4:00,0.0538,0.0019,
2024/12/27,4:00,5:00,0.0383,0.0013,
2024/12/27,5:00,6:00,0.1339,0.0047,
2024/12/27,6:00,7:00,0.3998,0.0142,
2024/12/27,7:00,8:00,0.7933,0.0283,
2024/12/27,8:00,9:00,1.2263,0.0437,
2024/12/27,9:00,10:00,0.8896,0.0317,
2024/12/27,10:00,11:00,0.8184,0.0292,
2024/12/27,11:00,12:00,0.5324,0.019,
2024/12/27,12:00,13:00,0.4053,0.0144,
2024/12/27,13:00,14:00,0.4983,0.0177,
2024/12/27,14:00,15:00,0.304,0.0108,
2024/12/27,15:00,16:00,0.1836,0.0065,
2024/12/27,16:00,17:00,0.5611,0.02,
2024/12/27,17:00,18:00,0.4916,0.0175,
2024/12/27,18:00,19:00,1.1569,0.0413,
2024/12/27,19:00,20:00,1.6969,0.0606,
2024/12/27,20:00,21:00,1.6271,0.0581,
2024/12/27,21:00,22:00,1.6092,0.0574,
2024/12/27,22:00,23:00,1.3927,0.0497,
2024/12/27,23:00,0:00,0.8948,0.0319,
2024/12/28,0:00,1:00,0.5171,0.0184,
2024/12/28,1:00,2:00,0.2948,0.0105,
2024/12/28,2:00,3:00,0.223,0.0079,
2024/12/28,3:00,4:00,0.0847,0.003,
2024/12/28,4:00,5:00,0.048,0.0017,
2024/12/28,5:00,6:00,0.0645,0.0023,
2024/12/28,6:00,7:00,0.1683,0.006,
2024/12/28,7:00,8:00,0.6082,0.0217,
2024/12/28,8:00,9:00,0.7556,0.0269,
2024/12/28,9:00,10:00,1.6596,0.0592,
2024/12/28,10:00,11:00,1.4209,0.0507,
2024/12/28,11:00,12:00,1.1484,0.041,
2024/12/28,12:00,13:00,0.8965,0.032,
2024/12/28,13:00,14:00,0.5683,0.0202,
2024/12/28,14:00,15:00,0.5455,0.0194,
2024/12/28,15:00,16:00,0.298,0.0106,
2024/12/28,16:00,17:00,0.6678,0.0238,
2024/12/28,17:00,18:00,1.4238,0.0508,
2024/12/28,18:00,19:00,1.1156,0.0398,
2024/12/28,19:00,20:00,2.1863,0.078,
2024/12/28,20:00,21:00,0.927,0.0331,
2024/12/28,21:00,22:00,1.5481,0.0552,
2024/12/28,22:00,23:00,1.6497,0.0589,
2024/12/28,23:00,0:00,1.4376,0.0513,
2024/12/29,0:00,1:00,0.4342,0.0155,
2024/12/29,1:00,2:00,0.3106,0.011,
2024/12/29,2:00,3:00,0.3519,0.0125,
2024/12/29,3:00,4:00,0.1993,0.0071,
2024/12/29,4:00,5:00,0.0294,0.001,
2024/12/29,5:00,6:00,0.182,0.0065,
2024/12/29,6:00,7:00,0.2347,0.0083,
2024/12/29,7:00,8:00,0.4061,0.0145,
2024/12/29,8:00,9:00,0.706,0.0252,
2024/12/29,9:00,10:00,1.2206,0.0435,
2024/12/29,10:00,11:00,1.0466,0.0373,
2024/12/29,11:00,12:00,1.2866,0.0459,
2024/12/29,12:00,13:00,0.8869,0.0316,
2024/12/29,13:00,14:00,0.7051,0.0251,
2024/12/29,14:00,15:00,0.6036,0.0215,
2024/12/29,15:00,16:00,0.4741,0.0169,
2024/12/29,16:00,17:00,0.6769,0.0241,
2024/12/29,17:00,18:00,1.0334,0.0369,
2024/12/29,18:00,19:00,1.8197,0.0649,
2024/12/29,19:00,20:00,1.7412,0.0621,
2024/12/29,20:00,21:00,1.572,0.0561,
2024/12/29,21:00,22:00,1.7037,0.0608,
2024/12/29,22:00,23:00,1.4697,0.0524,
2024/12/29,23:00,0:00,1.0851,0.0387,
2024/12/30,0:00,1:00,0.2661,0.0095,
2024/12/30,1:00,2:00,0.4336,0.0154,
2024/12/30,2:00,3:00,0.2434,0.0086,
2024/12/30,3:00,4:00,0.0388,0.0013,
2024/12/30,4:00,5:00,0.0165,0.0005,
2024/12/30,5:00,6:00,0.0309,0.0011,
2024/12/30,6:00,7:00,0.0841,0.003,
2024/12/30,7:00,8:00,0.22,0.0078,
2024/12/30,8:00,9:00,0.5892,0.021,
2024/12/30,9:00,10:00,1.0131,0.0361,
2024/12/30,10:00,11:00,1.1642,0.0415,
2024/12/30,11:00,12:00,0.8247,0.0294,
2024/12/30,12:00,13:00,0.6829,0.0243,
2024/12/30,13:00,14:00,0.55,0.0196,
2024/12/30,14:00,15:00,0.6432,0.0229,
2024/12/30,15:00,16:00,0.4864,0.0173,
2024/12/30,16:00,17:00,0.6406,0.0228,
2024/12/30,17:00,18:00,0.6212,0.0221,
2024/12/30,18:00,19:00,1.1493,0.041,
2024/12/30,19:00,20:00,1.2689,0.0453,
2024/12/30,20:00,21:00,1.1874,0.0424,
2024/12/30,21:00,22:00,1.0706,0.0382,
2024/12/30,22:00,23:00,1.5045,0.0537,
2024/12/30,23:00,0:00,0.8943,0.0319,
2024/12/31,0:00,1:00,0.8043,0.0287,
2024/12/31,1:00,2:00,0.4635,0.0165,
2024/12/31,2:00,3:00,0.1121,0.004,
2024/12/31,3:00,4:00,0.0282,0.001,
2024/12/31,4:00,5:00,0.144,0.0051,
2024/12/31,5:00,6:00,0.0491,0.0017,
2024/12/31,6:00,7:00,0.0908,0.0032,
2024/12/31,7:00,8:00,0.1174,0.0041,
2024/12/31,8:00,9:00,0.9541,0.034,
2024/12/31,9:00,10:00,1.3502,0.0482,
2024/12/31,10:00,11:00,1.2547,0.0448,
2024/12/31,11:00,12:00,1.4261,0.0509,
2024/12/31,12:00,13:00,0.7048,0.0251,
2024/12/31,13:00,14:00,0.6189,0.0221,
2024/12/31,14:00,15:00,0.8582,0.0306,
2024/12/31,15:00,16:00,0.7087,0.0253,
2024/12/31,16:00,17:00,0.3939,0.014,
2024/12/31,17:00,18:00,0.9947,0.0355,
2024/12/31,18:00,19:00,0.9018,0.0322,
2024/12/31,19:00,20:00,0.9422,0.0336,
2024/12/31,20:00,21:00,1.6111,0.0575,
2024/12/31,21:00,22:00,1.3199,0.0471,
2024/12/31,22:00,23:00,1.0299,0.0367,
2024/12/31,23:00,0:00,0.5939,0.0212,
2025/1/1,0:00,1:00,0.3202,0.0114,
2025/1/1,1:00,2:00,0.2757,0.0098,
2025/1/1,2:00,3:00,0.0962,0.0034,
2025/1/1,3:00,4:00,0.0973,0.0034,
2025/1/1,4:00,5:00,0.1589,0.0056,
2025/1/1,5:00,6:00,0.1584,0.0056,
2025/1/1,6:00,7:00,0.0709,0.0025,
2025/1/1,7:00,8:00,0.1616,0.0057,
2025/1/1,8:00,9:00,0.5803,0.0207,
2025/1/1,9:00,10:00,1.1661,0.0416,
2025/1/1,10:00,11:00,0.8708,0.0311,
2025/1/1,11:00,12:00,0.5718,0.0204,
2025/1/1,12:00,13:00,0.4017,0.0143,
2025/1/1,13:00,14:00,0.3698,0.0132,
2025/1/1,14:00,15:00,0.3408,0.0121,
2025/1/1,15:00,16:00,0.2565,0.0091,
2025/1/1,16:00,17:00,0.1489,0.0053,
2025/1/1,17:00,18:00,0.4059,0.0144,
2025/1/1,18:00,19:00,1.3268,0.0473,
2025/1/1,19:00,20:00,1.1588,0.0413,
2025/1/1,20:00,21:00,1.1673,0.0416,
2025/1/1,21:00,22:00,1.7403,0.0621,
2025/1/1,22:00,23:00,1.3317,0.0475,
2025/1/1,23:00,0:00,0.945,0.0337,
2025/1/2,0:00,1:00,0.592,0.0211,
2025/1/2,1:00,2:00,0.3237,0.0115,
2025/1/2,2:00,3:00,0.0503,0.0017,
2025/1/2,3:00,4:00,0.028,0.001,
2025/1/2,4:00,5:00,0.0367,0.0013,
2025/1/2,5:00,6:00,0.0103,0.0003,
2025/1/2,6:00,7:00,0.0997,0.0035,
2025/1/2,7:00,8:00,0.0489,0.0017,
2025/1/2,8:00,9:00,0.4648,0.0166,
2025/1/2,9:00,10:00,1.2872,0.0459,
2025/1/2,10:00,11:00,1.2307,0.0439,
2025/1/2,11:00,12:00,0.9674,0.0345,
2025/1/2,12:00,13:00,0.4957,0.0177,
2025/1/2,13:00,14:00,0.3594,0.0128,
2025/1/2,14:00,15:00,0.2486,0.0088,
2025/1/2,15:00,16:00,0.237,0.0084,
2025/1/2,16:00,17:00,0.4249,0.0151,
2025/1/2,17:00,18:00,0.6274,0.0224,
2025/1/2,18:00,19:00,0.9601,0.0342,
2025/1/2,19:00,20:00,1.095,0.0391,
2025/1/2,20:00,21:00,1.3091,0.0467,
2025/1/2,21:00,22:00,1.3584,0.0485,
2025/1/2,22:00,23:00,1.7055,0.0609,
2025/1/2,23:00,0:00,1.2343,0.044,
2025/1/3,0:00,1:00,0.731,0.0261,
2025/1/3,1:00,2:00,0.2437,0.0087,
2025/1/3,2:00,3:00,0.1628,0.0058,
2025/1/3,3:00,4:00,0.2325,0.0083,
2025/1/3,4:00,5:00,0.0303,0.001,
2025/1/3,5:00,6:00,0.0337,0.0012,
2025/1/3,6:00,7:00,0.0552,0.0019,
2025/1/3,7:00,8:00,0.1452,0.0051,
2025/1/3,8:00,9:00,0.628,0.0224,
2025/1/3,9:00,10:00,1.2599,0.0449,
2025/1/3,10:00,11:00,1.1383,0.0406,
2025/1/3,11:00,12:00,0.5896,0.021,
2025/1/3,12:00,13:00,0.3482,0.0124,
2025/1/3,13:00,14:00,0.3165,0.0113,
2025/1/3,14:00,15:00,0.5324,0.019,
2025/1/3,15:00,16:00,0.3621,0.0129,
2025/1/3,16:00,17:00,0.3825,0.0136,
2025/1/3,17:00,18:00,0.8083,0.0288,
2025/1/3,18:00,19:00,1.3941,0.0497,
2025/1/3,19:00,20:00,2.1819,0.0779,
2025/1/3,20:00,21:00,1.7269,0.0616,
2025/1/3,21:00,22:00,1.9551,0.0698,
2025/1/3,22:00,23:00,1.5981,0.057,
2025/1/3,23:00,0:00,0.4297,0.0153,
2025/1/4,0:00,1:00,0.3912,0.0139,
2025/1/4,1:00,2:00,0.2065,0.0073,
2025/1/4,2:00,3:00,0.3017,0.0107,
2025/1/4,3:00,4:00,0.2803,0.01,
2025/1/4,4:00,5:00,0.1263,0.0045,
2025/1/4,5:00,6:00,0.0543,0.0019,
2025/1/4,6:00,7:00,0.2165,0.0077,
2025/1/4,7:00,8:00,0.3952,0.0141,
2025/1/4,8:00,9:00,0.7239,0.0258,
2025/1/4,9:00,10:00,1.3898,0.0496,
2025/1/4,10:00,11:00,1.2167,0.0434,
2025/1/4,11:00,12:00,0.9625,0.0343,
2025/1/4,12:00,13:00,0.5363,0.0191,
2025/1/4,13:00,14:00,0.6664,0.0238,
2025/1/4,14:00,15:00,0.632,0.0225,
2025/1/4,15:00,16:00,0.4129,0.0147,
2025/1/4,16:00,17:00,0.7187,0.0256,
2025/1/4,17:00,18:00,0.9858,0.0352,
2025/1/4,18:00,19:00,2.279,0.0813,
2025/1/4,19:00,20:00,2.3207,0.0828,
2025/1/4,20:00,21:00,1.1363,0.0405,
2025/1/4,21:00,22:00,1.8799,0.0671,
2025/1/4,22:00,23:00,1.2561,0.0448,
2025/1/4,23:00,0:00,0.8395,0.0299,
2025/1/5,0:00,1:00,0.7833,0.0279,
2025/1/5,1:00,2:00,0.3587,0.0128,
2025/1/5,2:00,3:00,0.2314,0.0082,
2025/1/5,3:00,4:00,0.0379,0.0013,
2025/1/5,4:00,5:00,0.2121,0.0075,
2025/1/5,5:00,6:00,0.0847,0.003,
2025/1/5,6:00,7:00,0.265,0.0094,
2025/1/5,7:00,8:00,0.4025,0.0143,
2025/1/5,8:00,9:00,1.1755,0.0419,
2025/1/5,9:00,10:00,1.6016,0.0572,
2025/1/5,10:00,11:00,1.5972,0.057,
2025/1/5,11:00,12:00,1.0076,0.0359,
2025/1/5,12:00,13:00,0.6856,0.0244,
2025/1/5,13:00,14:00,0.5865,0.0209,
2025/1/5,14:00,15:00,0.4714,0.0168,
2025/1/5,15:00,16:00,0.6667,0.0238,
2025/1/5,16:00,17:00,0.7331,0.0261,
2025/1/5,17:00,18:00,1.0479,0.0374,
2025/1/5,18:00,19:00,1.6889,0.0603,
2025/1/5,19:00,20:00,1.9893,0.071,
2025/1/5,20:00,21:00,1.7755,0.0634,
2025/1/5,21:00,22:00,2.3245,0.083,
2025/1/5,22:00,23:00,1.9717,0.0704,
2025/1/5,23:00,0:00,0.8098,0.0289,
2025/1/6,0:00,1:00,0.7174,0.0256,
2025/1/6,1:00,2:00,0.4911,0.0175,
2025/1/6,2:00,3:00,0.3315,0.0118,
2025/1/6,3:00,4:00,0.1045,0.0037,
2025/1/6,4:00,5:00,0.0134,0.0004,
2025/1/6,5:00,6:00,0.0265,0.0009,
2025/1/6,6:00,7:00,0.8501,0.0303,
2025/1/6,7:00,8:00,0.8365,0.0298,
2025/1/6,8:00,9:00,0.8965,0.032,
2025/1/6,9:00,10:00,0.8935,0.0319,
2025/1/6,10:00,11:00,0.8184,0.0292,
2025/1/6,11:00,12:00,0.4291,0.0153,
2025/1/6,12:00,13:00,0.4108,0.0146,
2025/1/6,13:00,14:00,0.4562,0.0162,
2025/1/6,14:00,15:00,0.5107,0.0182,
2025/1/6,15:00,16:00,0.4239,0.0151,
2025/1/6,16:00,17:00,0.5073,0.0181,
2025/1/6,17:00,18:00,1.1851,0.0423,
2025/1/6,18:00,19:00,2.0831,0.0743,
2025/1/6,19:00,20:00,2.113,0.0754,
2025/1/6,20:00,21:00,1.6685,0.0595,
2025/1/6,21:00,22:00,1.883,0.0672,
2025/1/6,22:00,23:00,1.4653,0.0523,
2025/1/6,23:00,0:00,1.0731,0.0383,
2025/1/7,0:00,1:00,0.5248,0.0187,
2025/1/7,1:00,2:00,0.4547,0.0162,
2025/1/7,2:00,3:00,0.429,0.0153,
2025/1/7,3:00,4:00,0.0497,0.0017,
2025/1/7,4:00,5:00,0.0163,0.0005,
2025/1/7,5:00,6:00,0.2792,0.0099,
2025/1/7,6:00,7:00,0.7387,0.0263,
2025/1/7,7:00,8:00,0.9692,0.0346,
2025/1/7,8:00,9:00,0.901,0.0321,
2025/1/7,9:00,10:00,0.8809,0.0314,
2025/1/7,10:00,11:00,0.4861,0.0173,
2025/1/7,11:00,12:00,0.3368,0.012,
2025/1/7,12:00,13:00,0.2665,0.0095,
2025/1/7,13:00,14:00,0.6575,0.0234,
2025/1/7,14:00,15:00,0.2656,0.0094,
2025/1/7,15:00,16:00,0.2342,0.0083,
2025/1/7,16:00,17:00,0.4596,0.0164,
2025/1/7,17:00,18:00,1.1061,0.0395,
2025/1/7,18:00,19:00,1.9342,0.069,
2025/1/7,19:00,20:00,2.1683,0.0774,
2025/1/7,20:00,21:00,1.9736,0.0704,
2025/1/7,21:00,22:00,2.1361,0.0762,
2025/1/7,22:00,23:00,1.4084,0.0503,
2025/1/7,23:00,0:00,0.9493,0.0339,
2025/1/8,0:00,1:00,0.7566,0.027,
2025/1/8,1:00,2:00,0.6408,0.0228,
2025/1/8,2:00,3:00,0.3972,0.0141,
2025/1/8,3:00,4:00,0.1085,0.0038,
2025/1/8,4:00,5:00,0.0383,0.0013,
2025/1/8,5:00,6:00,0.2267,0.008,
2025/1/8,6:00,7:00,0.7877,0.0281,
2025/1/8,7:00,8:00,1.3243,0.0472,
2025/1/8,8:00,9:00,1.2041,0.043,
2025/1/8,9:00,10:00,0.8118,0.0289,
2025/1/8,10:00,11:00,0.5654,0.0201,
2025/1/8,11:00,12:00,0.5749,0.0205,
2025/1/8,12:00,13:00,0.3859,0.0137,
2025/1/8,13:00,14:00,0.3711,0.0132,
2025/1/8,14:00,15:00,0.5578,0.0199,
2025/1/8,15:00,16:00,0.2923,0.0104,
2025/1/8,16:00,17:00,0.5238,0.0187,
2025/1/8,17:00,18:00,1.0411,0.0371,
2025/1/8,18:00,19:00,2.7473,0.0981,
2025/1/8,19:00,20:00,-,-,検針値欠測が発生したため、合計水量及び平均水量は未算出
2025/1/8,20:00,21:00,-,-,検針値欠測が発生したため、合計水量及び平均水量は未算出
2025/1/8,21:00,22:00,-,-,検針値欠測が発生したため、合計水量及び平均水量は未算出
2025/1/8,22:00,23:00,-,-,検針値欠測が発生したため、合計水量及び平均水量は未算出
2025/1/8,23:00,0:00,-,-,検針値欠測が発生したため、合計水量及び平均水量は未算出
2025/1/9,0:00,1:00,-,-,検針値欠測が発生したため、合計水量及び平均水量は未算出
2025/1/9,1:00,2:00,-,-,検針値欠測が発生したため、合計水量及び平均水量は未算出
2025/1/9,2:00,3:00,-,-,検針値欠測が発生したため、合計水量及び平均水量は未算出
2025/1/9,3:00,4:00,-,-,検針値欠測が発生したため、合計水量及び平均水量は未算出
2025/1/9,4:00,5:00,-,-,検針値欠測が発生したため、合計水量及び平均水量は未算出
2025/1/9,5:00,6:00,-,-,検針値欠測が発生したため、合計水量及び平均水量は未算出
2025/1/9,6:00,7:00,-,-,検針値欠測が発生したため、合計水量及び平均水量は未算出
2025/1/9,7:00,8:00,-,-,検針値欠測が発生したため、合計水量及び平均水量は未算出
2025/1/9,8:00,9:00,-,-,検針値欠測が発生したため、合計水量及び平均水量は未算出
2025/1/9,9:00,10:00,-,-,検針値欠測が発生したため、合計水量及び平均水量は未算出
2025/1/9,10:00,11:00,-,-,検針値欠測が発生したため、合計水量及び平均水量は未算出
2025/1/9,11:00,12:00,-,-,検針値欠測が発生したため、合計水量及び平均水量は未算出
2025/1/9,12:00,13:00,-,-,検針値欠測が発生したため、合計水量及び平均水量は未算出
2025/1/9,13:00,14:00,-,-,検針値欠測が発生したため、合計水量及び平均水量は未算出
2025/1/9,14:00,15:00,-,-,検針値欠測が発生したため、合計水量及び平均水量は未算出
2025/1/9,15:00,16:00,-,-,検針値欠測が発生したため、合計水量及び平均水量は未算出
2025/1/9,16:00,17:00,-,-,検針値欠測が発生したため、合計水量及び平均水量は未算出
2025/1/9,17:00,18:00,-,-,検針値欠測が発生したため、合計水量及び平均水量は未算出
2025/1/9,18:00,19:00,-,-,検針値欠測が発生したため、合計水量及び平均水量は未算出
2025/1/9,19:00,20:00,-,-,検針値欠測が発生したため、合計水量及び平均水量は未算出
2025/1/9,20:00,21:00,-,-,検針値欠測が発生したため、合計水量及び平均水量は未算出
2025/1/9,21:00,22:00,-,-,検針値欠測が発生したため、合計水量及び平均水量は未算出
2025/1/9,22:00,23:00,-,-,検針値欠測が発生したため、合計水量及び平均水量は未算出
2025/1/9,23:00,0:00,-,-,検針値欠測が発生したため、合計水量及び平均水量は未算出
2025/1/10,0:00,1:00,-,-,検針値欠測が発生したため、合計水量及び平均水量は未算出
2025/1/10,1:00,2:00,-,-,検針値欠測が発生したため、合計水量及び平均水量は未算出
2025/1/10,2:00,3:00,-,-,検針値欠測が発生したため、合計水量及び平均水量は未算出
2025/1/10,3:00,4:00,0.1269,0.0045,
2025/1/10,4:00,5:00,0.0584,0.002,
2025/1/10,5:00,6:00,0.1711,0.0061,
2025/1/10,6:00,7:00,0.64,0.0228,
2025/1/10,7:00,8:00,1.041,0.0371,
2025/1/10,8:00,9:00,1.4621,0.0522,
2025/1/10,9:00,10:00,1.3605,0.0485,
2025/1/10,10:00,11:00,0.4462,0.0159,
2025/1/10,11:00,12:00,0.3276,0.0117,
2025/1/10,12:00,13:00,0.2101,0.0075,
2025/1/10,13:00,14:00,0.2089,0.0074,
2025/1/10,14:00,15:00,0.4047,0.0144,
2025/1/10,15:00,16:00,0.4456,0.0159,
2025/1/10,16:00,17:00,0.2993,0.0106,
2025/1/10,17:00,18:00,0.6438,0.0229,
2025/1/10,18:00,19:00,1.767,0.0631,
2025/1/10,19:00,20:00,1.686,0.0602,
2025/1/10,20:00,21:00,2.4377,0.087,
2025/1/10,21:00,22:00,2.3713,0.0846,
2025/1/10,22:00,23:00,2.0026,0.0715,
2025/1/10,23:00,0:00,1.6282,0.0581,
2025/1/11,0:00,1:00,0.559,0.0199,
2025/1/11,1:00,2:00,0.3411,0.0121,
2025/1/11,2:00,3:00,0.3214,0.0114,
2025/1/11,3:00,4:00,0.132,0.0047,
2025/1/11,4:00,5:00,0.0501,0.0017,
2025/1/11,5:00,6:00,0.0431,0.0015,
2025/1/11,6:00,7:00,0.0615,0.0021,
2025/1/11,7:00,8:00,0.5181,0.0185,
2025/1/11,8:00,9:00,1.3358,0.0477,
2025/1/11,9:00,10:00,1.5318,0.0547,
2025/1/11,10:00,11:00,1.5635,0.0558,
2025/1/11,11:00,12:00,1.3053,0.0466,
2025/1/11,12:00,13:00,0.6396,0.0228,
2025/1/11,13:00,14:00,0.4655,0.0166,
2025/1/11,14:00,15:00,0.612,0.0218,
2025/1/11,15:00,16:00,0.4385,0.0156,
2025/1/11,16:00,17:00,0.5239,0.0187,
2025/1/11,17:00,18:00,1.2175,0.0434,
2025/1/11,18:00,19:00,1.6817,0.06,
2025/1/11,19:00,20:00,1.574,0.0562,
2025/1/11,20:00,21:00,1.4705,0.0525,
2025/1/11,21:00,22:00,2.4244,0.0865,
2025/1/11,22:00,23:00,1.5251,0.0544,
2025/1/11,23:00,0:00,0.8116,0.0289,
2025/1/12,0:00,1:00,0.5031,0.0179,
2025/1/12,1:00,2:00,0.4462,0.0159,
2025/1/12,2:00,3:00,0.1805,0.0064,
2025/1/12,3:00,4:00,0.0857,0.003,
2025/1/12,4:00,5:00,0.0595,0.0021,
2025/1/12,5:00,6:00,0.0349,0.0012,
2025/1/12,6:00,7:00,0.1707,0.006,
2025/1/12,7:00,8:00,0.4309,0.0153,
2025/1/12,8:00,9:00,0.9219,0.0329,
2025/1/12,9:00,10:00,1.3857,0.0494,
2025/1/12,10:00,11:00,1.1944,0.0426,
2025/1/12,11:00,12:00,0.9432,0.0336,
2025/1/12,12:00,13:00,0.7089,0.0253,
2025/1/12,13:00,14:00,0.7135,0.0254,
2025/1/12,14:00,15:00,0.7474,0.0266,
2025/1/12,15:00,16:00,0.421,0.015,
2025/1/12,16:00,17:00,0.5379,0.0192,
2025/1/12,17:00,18:00,1.0446,0.0373,
2025/1/12,18:00,19:00,1.8953,0.0676,
2025/1/12,19:00,20:00,1.9789,0.0706,
2025/1/12,20:00,21:00,2.0783,0.0742,
2025/1/12,21:00,22:00,2.0391,0.0728,
2025/1/12,22:00,23:00,1.5645,0.0558,
2025/1/12,23:00,0:00,1.2095,0.0431,
2025/1/13,0:00,1:00,0.7644,0.0273,
2025/1/13,1:00,2:00,0.458,0.0163,
2025/1/13,2:00,3:00,0.1058,0.0037,
2025/1/13,3:00,4:00,0.099,0.0035,
2025/1/13,4:00,5:00,0.1333,0.0047,
2025/1/13,5:00,6:00,0.0421,0.0015,
2025/1/13,6:00,7:00,0.2002,0.0071,
2025/1/13,7:00,8:00,0.5936,0.0212,
2025/1/13,8:00,9:00,0.9197,0.0328,
2025/1/13,9:00,10:00,1.222,0.0436,
2025/1/13,10:00,11:00,1.3869,0.0495,
2025/1/13,11:00,12:00,0.6118,0.0218,
2025/1/13,12:00,13:00,0.5599,0.0199,
2025/1/13,13:00,14:00,0.5133,0.0183,
2025/1/13,14:00,15:00,0.4393,0.0156,
2025/1/13,15:00,16:00,0.5704,0.0203,
2025/1/13,16:00,17:00,1.1192,0.0399,
2025/1/13,17:00,18:00,0.7848,0.028,
2025/1/13,18:00,19:00,1.7898,0.0639,
2025/1/13,19:00,20:00,2.0775,0.0741,
2025/1/13,20:00,21:00,2.2662,0.0809,
2025/1/13,21:00,22:00,1.8493,0.066,
2025/1/13,22:00,23:00,1.8946,0.0676,
2025/1/13,23:00,0:00,0.7927,0.0283,
2025/1/14,0:00,1:00,0.5216,0.0186,
2025/1/14,1:00,2:00,0.7675,0.0274,
2025/1/14,2:00,3:00,0.2653,0.0094,
2025/1/14,3:00,4:00,0.0319,0.0011,
2025/1/14,4:00,5:00,0.0186,0.0006,
2025/1/14,5:00,6:00,0.0103,0.0003,
2025/1/14,6:00,7:00,0.9275,0.0331,
2025/1/14,7:00,8:00,1.1761,0.042,
2025/1/14,8:00,9:00,1.4202,0.0507,
2025/1/14,9:00,10:00,0.8702,0.031,
2025/1/14,10:00,11:00,0.4278,0.0152,
2025/1/14,11:00,12:00,0.3931,0.014,
2025/1/14,12:00,13:00,0.3295,0.0117,
2025/1/14,13:00,14:00,0.4245,0.0151,
2025/1/14,14:00,15:00,0.2991,0.0106,
2025/1/14,15:00,16:00,0.3653,0.013,
2025/1/14,16:00,17:00,0.3687,0.0131,
2025/1/14,17:00,18:00,1.1996,0.0428,
2025/1/14,18:00,19:00,1.3229,0.0472,
2025/1/14,19:00,20:00,2.0335,0.0726,
2025/1/14,20:00,21:00,2.4745,0.0883,
2025/1/14,21:00,22:00,1.899,0.0678,
2025/1/14,22:00,23:00,1.7128,0.0611,
2025/1/14,23:00,0:00,1.371,0.0489,
2025/1/15,0:00,1:00,0.592,0.0211,
2025/1/15,1:00,2:00,0.5459,0.0194,
2025/1/15,2:00,3:00,0.4283,0.0152,
2025/1/15,3:00,4:00,0.0744,0.0026,
2025/1/15,4:00,5:00,0.0884,0.0031,
2025/1/15,5:00,6:00,0.1502,0.0053,
2025/1/15,6:00,7:00,0.6183,0.022,
2025/1/15,7:00,8:00,1.5101,0.0539,
2025/1/15,8:00,9:00,1.5048,0.0537,
2025/1/15,9:00,10:00,0.9595,0.0342,
2025/1/15,10:00,11:00,0.5748,0.0205,
2025/1/15,11:00,12:00,0.3023,0.0107,
2025/1/15,12:00,13:00,0.2009,0.0071,
2025/1/15,13:00,14:00,0.2113,0.0075,
2025/1/15,14:00,15:00,0.314,0.0112,
2025/1/15,15:00,16:00,0.1823,0.0065,
2025/1/15,16:00,17:00,0.5001,0.0178,
2025/1/15,17:00,18:00,0.6153,0.0219,
2025/1/15,18:00,19:00,1.4012,0.05,
2025/1/15,19:00,20:00,2.4331,0.0868,
2025/1/15,20:00,21:00,2.0888,0.0746,
2025/1/15,21:00,22:00,2.1837,0.0779,
2025/1/15,22:00,23:00,1.1935,0.0426,
2025/1/15,23:00,0:00,0.9947,0.0355,
2025/1/16,0:00,1:00,0.5932,0.0211,
2025/1/16,1:00,2:00,0.9098,0.0324,
2025/1/16,2:00,3:00,0.246,0.0087,
2025/1/16,3:00,4:00,0.1513,0.0054,
2025/1/16,4:00,5:00,0.0817,0.0029,
2025/1/16,5:00,6:00,0.1439,0.0051,
2025/1/16,6:00,7:00,0.7763,0.0277,
2025/1/16,7:00,8:00,1.2849,0.0458,
2025/1/16,8:00,9:00,1.1605,0.0414,
2025/1/16,9:00,10:00,0.3556,0.0127,
2025/1/16,10:00,11:00,0.5506,0.0196,
2025/1/16,11:00,12:00,0.3866,0.0138,
2025/1/16,12:00,13:00,0.2326,0.0083,
2025/1/16,13:00,14:00,0.148,0.0052,
2025/1/16,14:00,15:00,0.2192,0.0078,
2025/1/16,15:00,16:00,0.2409,0.0086,
2025/1/16,16:00,17:00,0.2878,0.0102,
2025/1/16,17:00,18:00,0.6796,0.0242,
2025/1/16,18:00,19:00,1.81,0.0646,
2025/1/16,19:00,20:00,2.3018,0.0822,
2025/1/16,20:00,21:00,1.8474,0.0659,
2025/1/16,21:00,22:00,2.0895,0.0746,
2025/1/16,22:00,23:00,1.4167,0.0505,
2025/1/16,23:00,0:00,1.0973,0.0391,
2025/1/17,0:00,1:00,0.581,0.0207,
2025/1/17,1:00,2:00,0.5288,0.0188,
2025/1/17,2:00,3:00,0.2707,0.0096,
2025/1/17,3:00,4:00,0.1137,0.004,
2025/1/17,4:00,5:00,0.0234,0.0008,
2025/1/17,5:00,6:00,0.0463,0.0016,
2025/1/17,6:00,7:00,0.7246,0.0258,
2025/1/17,7:00,8:00,1.191,0.0425,
2025/1/17,8:00,9:00,1.3074,0.0466,
2025/1/17,9:00,10:00,1.1242,0.0401,
2025/1/17,10:00,11:00,0.9225,0.0329,
2025/1/17,11:00,12:00,0.6047,0.0215,
2025/1/17,12:00,13:00,0.4425,0.0158,
2025/1/17,13:00,14:00,0.5669,0.0202,
2025/1/17,14:00,15:00,0.5907,0.021,
2025/1/17,15:00,16:00,0.4729,0.0168,
2025/1/17,16:00,17:00,0.4578,0.0163,
2025/1/17,17:00,18:00,0.8196,0.0292,
2025/1/17,18:00,19:00,1.3817,0.0493,
2025/1/17,19:00,20:00,1.9689,0.0703,
2025/1/17,20:00,21:00,2.1899,0.0782,
2025/1/17,21:00,22:00,1.467,0.0523,
2025/1/17,22:00,23:00,1.6687,0.0595,
2025/1/17,23:00,0:00,1.1135,0.0397,
2025/1/18,0:00,1:00,0.7856,0.028,
2025/1/18,1:00,2:00,0.626,0.0223,
2025/1/18,2:00,3:00,0.2802,0.01,
2025/1/18,3:00,4:00,0.1001,0.0035,
2025/1/18,4:00,5:00,0.0524,0.0018,
2025/1/18,5:00,6:00,0.1234,0.0044,
2025/1/18,6:00,7:00,0.3111,0.0111,
2025/1/18,7:00,8:00,0.7103,0.0253,
2025/1/18,8:00,9:00,1.2025,0.0429,
2025/1/18,9:00,10:00,1.3419,0.0479,
2025/1/18,10:00,11:00,0.9202,0.0328,
2025/1/18,11:00,12:00,0.801,0.0286,
2025/1/18,12:00,13:00,0.6048,0.0216,
2025/1/18,13:00,14:00,0.5454,0.0194,
2025/1/18,14:00,15:00,0.8863,0.0316,
2025/1/18,15:00,16:00,0.5893,0.021,
2025/1/18,16:00,17:00,0.8108,0.0289,
2025/1/18,17:00,18:00,0.8868,0.0316,
2025/1/18,18:00,19:00,1.9528,0.0697,
2025/1/18,19:00,20:00,1.767,0.0631,
2025/1/18,20:00,21:00,1.5645,0.0558,
2025/1/18,21:00,22:00,1.4224,0.0508,
2025/1/18,22:00,23:00,1.4752,0.0526,
2025/1/18,23:00,0:00,1.4095,0.0503,
2025/1/19,0:00,1:00,0.4122,0.0147,
2025/1/19,1:00,2:00,0.4197,0.0149,
2025/1/19,2:00,3:00,0.2741,0.0097,
2025/1/19,3:00,4:00,0.03,0.001,
2025/1/19,4:00,5:00,0.1364,0.0048,
2025/1/19,5:00,6:00,0.0261,0.0009,
2025/1/19,6:00,7:00,0.0816,0.0029,
2025/1/19,7:00,8:00,0.3425,0.0122,
2025/1/19,8:00,9:00,0.9592,0.0342,
2025/1/19,9:00,10:00,1.3553,0.0484,
2025/1/19,10:00,11:00,1.38,0.0492,
2025/1/19,11:00,12:00,0.9481,0.0338,
2025/1/19,12:00,13:00,0.8247,0.0294,
2025/1/19,13:00,14:00,0.3517,0.0125,
2025/1/19,14:00,15:00,0.6289,0.0224,
2025/1/19,15:00,16:00,0.3841,0.0137,
2025/1/19,16:00,17:00,0.4019,0.0143,
2025/1/19,17:00,18:00,1.5268,0.0545,
2025/1/19,18:00,19:00,1.4103,0.0503,
2025/1/19,19:00,20:00,2.3365,0.0834,
2025/1/19,20:00,21:00,1.6261,0.058,
2025/1/19,21:00,22:00,1.9701,0.0703,
2025/1/19,22:00,23:00,1.6988,0.0606,
2025/1/19,23:00,0:00,1.0361,0.037,
2025/1/20,0:00,1:00,0.4278,0.0152,
2025/1/20,1:00,2:00,0.3194,0.0114,
2025/1/20,2:00,3:00,0.2783,0.0099,
2025/1/20,3:00,4:00,0.0574,0.002,
2025/1/20,4:00,5:00,0.2768,0.0098,
2025/1/20,5:00,6:00,0.3548,0.0126,
2025/1/20,6:00,7:00,1.0529,0.0376,
2025/1/20,7:00,8:00,1.0095,0.036,
2025/1/20,8:00,9:00,1.1859,0.0423,
2025/1/20,9:00,10:00,0.6701,0.0239,
2025/1/20,10:00,11:00,0.7181,0.0256,
2025/1/20,11:00,12:00,0.3659,0.013,
2025/1/20,12:00,13:00,0.3304,0.0118,
2025/1/20,13:00,14:00,0.3245,0.0115,
2025/1/20,14:00,15:00,0.2798,0.0099,
2025/1/20,15:00,16:00,0.3373,0.012,
2025/1/20,16:00,17:00,0.6272,0.0224,
2025/1/20,17:00,18:00,1.0479,0.0374,
2025/1/20,18:00,19:00,1.6172,0.0577,
2025/1/20,19:00,20:00,1.8934,0.0676,
2025/1/20,20:00,21:00,2.7675,0.0988,
2025/1/20,21:00,22:00,1.371,0.0489,
2025/1/20,22:00,23:00,1.3138,0.0469,
2025/1/20,23:00,0:00,0.6792,0.0242,
2025/1/21,0:00,1:00,0.6348,0.0226,
2025/1/21,1:00,2:00,0.4771,0.017,
2025/1/21,2:00,3:00,0.3081,0.011,
2025/1/21,3:00,4:00,0.0698,0.0024,
2025/1/21,4:00,5:00,0.1277,0.0045,
2025/1/21,5:00,6:00,0.0784,0.0028,
2025/1/21,6:00,7:00,1.0775,0.0384,
2025/1/21,7:00,8:00,1.1885,0.0424,
2025/1/21,8:00,9:00,1.2718,0.0454,
2025/1/21,9:00,10:00,1.2213,0.0436,
2025/1/21,10:00,11:00,0.3423,0.0122,
2025/1/21,11:00,12:00,0.3579,0.0127,
2025/1/21,12:00,13:00,0.6486,0.0231,
2025/1/21,13:00,14:00,0.6678,0.0238,
2025/1/21,14:00,15:00,0.5286,0.0188,
2025/1/21,15:00,16:00,0.3333,0.0119,
2025/1/21,16:00,17:00,0.9274,0.0331,
2025/1/21,17:00,18:00,0.9474,0.0338,
2025/1/21,18:00,19:00,1.3613,0.0486,
2025/1/21,19:00,20:00,1.811,0.0646,
2025/1/21,20:00,21:00,1.7202,0.0614,
2025/1/21,21:00,22:00,2.7773,0.0991,
2025/1/21,22:00,23:00,1.8183,0.0649,
2025/1/21,23:00,0:00,0.7256,0.0259,
2025/1/22,0:00,1:00,0.6953,0.0248,
2025/1/22,1:00,2:00,0.3056,0.0109,
2025/1/22,2:00,3:00,0.2826,0.01,
2025/1/22,3:00,4:00,0.2328,0.0083,
2025/1/22,4:00,5:00,0.0804,0.0028,
2025/1/22,5:00,6:00,0.1172,0.0041,
2025/1/22,6:00,7:00,0.7701,0.0275,
2025/1/22,7:00,8:00,1.072,0.0382,
2025/1/22,8:00,9:00,1.155,0.0412,
2025/1/22,9:00,10:00,0.7968,0.0284,
2025/1/22,10:00,11:00,0.6703,0.0239,
2025/1/22,11:00,12:00,0.2884,0.0103,
2025/1/22,12:00,13:00,0.2152,0.0076,
2025/1/22,13:00,14:00,0.4186,0.0149,
2025/1/22,14:00,15:00,0.4405,0.0157,
2025/1/22,15:00,16:00,0.3537,0.0126,
2025/1/22,16:00,17:00,0.3253,0.0116,
2025/1/22,17:00,18:00,1.058,0.0377,
2025/1/22,18:00,19:00,1.7554,0.0626,
2025/1/22,19:00,20:00,1.941,0.0693,
2025/1/22,20:00,21:00,2.0422,0.0729,
2025/1/22,21:00,22:00,1.8139,0.0647,
2025/1/22,22:00,23:00,1.3194,0.0471,
2025/1/22,23:00,0:00,1.1483,0.041,
2025/1/23,0:00,1:00,0.8345,0.0298,
2025/1/23,1:00,2:00,0.6444,0.023,
2025/1/23,2:00,3:00,0.0838,0.0029,
2025/1/23,3:00,4:00,0.0597,0.0021,
2025/1/23,4:00,5:00,0.0256,0.0009,
2025/1/23,5:00,6:00,0.1053,0.0037,
2025/1/23,6:00,7:00,0.6099,0.0217,
2025/1/23,7:00,8:00,1.4171,0.0506,
2025/1/23,8:00,9:00,1.3274,0.0474,
2025/1/23,9:00,10:00,0.661,0.0236,
2025/1/23,10:00,11:00,0.5311,0.0189,
2025/1/23,11:00,12:00,0.5047,0.018,
2025/1/23,12:00,13:00,0.5008,0.0178,
2025/1/23,13:00,14:00,0.3631,0.0129,
2025/1/23,14:00,15:00,0.4376,0.0156,
2025/1/23,15:00,16:00,0.2789,0.0099,
2025/1/23,16:00,17:00,0.8046,0.0287,
2025/1/23,17:00,18:00,0.724,0.0258,
2025/1/23,18:00,19:00,1.6085,0.0574,
2025/1/23,19:00,20:00,1.9504,0.0696,
2025/1/23,20:00,21:00,1.9244,0.0687,
2025/1/23,21:00,22:00,2.2612,0.0807,
2025/1/23,22:00,23:00,1.0261,0.0366,
2025/1/23,23:00,0:00,0.7053,0.0251,
2025/1/24,0:00,1:00,0.7121,0.0254,
2025/1/24,1:00,2:00,0.3552,0.0126,
2025/1/24,2:00,3:00,0.6841,0.0244,
2025/1/24,3:00,4:00,0.2085,0.0074,
2025/1/24,4:00,5:00,0.0402,0.0014,
2025/1/24,5:00,6:00,0.1961,0.007,
2025/1/24,6:00,7:00,0.7834,0.0279,
2025/1/24,7:00,8:00,1.2329,0.044,
2025/1/24,8:00,9:00,1.3753,0.0491,
2025/1/24,9:00,10:00,0.7051,0.0251,
2025/1/24,10:00,11:00,0.7358,0.0262,
2025/1/24,11:00,12:00,0.5472,0.0195,
2025/1/24,12:00,13:00,0.2496,0.0089,
2025/1/24,13:00,14:00,0.3024,0.0108,
2025/1/24,14:00,15:00,0.3639,0.0129,
2025/1/24,15:00,16:00,0.1691,0.006,
2025/1/24,16:00,17:00,0.3816,0.0136,
2025/1/24,17:00,18:00,0.6064,0.0216,
2025/1/24,18:00,19:00,1.503,0.0536,
2025/1/24,19:00,20:00,1.2946,0.0462,
2025/1/24,20:00,21:00,2.2479,0.0802,
2025/1/24,21:00,22:00,1.6758,0.0598,
2025/1/24,22:00,23:00,1.5987,0.057,
2025/1/24,23:00,0:00,1.0761,0.0384,
2025/1/25,0:00,1:00,0.8958,0.0319,
2025/1/25,1:00,2:00,0.4583,0.0163,
2025/1/25,2:00,3:00,0.2155,0.0076,
2025/1/25,3:00,4:00,0.1408,0.005,
2025/1/25,4:00,5:00,0.024,0.0008,
2025/1/25,5:00,6:00,0.0462,0.0016,
2025/1/25,6:00,7:00,0.2254,0.008,
2025/1/25,7:00,8:00,0.4835,0.0172,
2025/1/25,8:00,9:00,1.3238,0.0472,
2025/1/25,9:00,10:00,1.6146,0.0576,
2025/1/25,10:00,11:00,1.3692,0.0489,
2025/1/25,11:00,12:00,1.0811,0.0386,
2025/1/25,12:00,13:00,0.5397,0.0192,
2025/1/25,13:00,14:00,0.6319,0.0225,
2025/1/25,14:00,15:00,0.4829,0.0172,
2025/1/25,15:00,16:00,0.2716,0.0097,
2025/1/25,16:00,17:00,0.6106,0.0218,
2025/1/25,17:00,18:00,0.9116,0.0325,
2025/1/25,18:00,19:00,1.8915,0.0675,
2025/1/25,19:00,20:00,1.424,0.0508,
2025/1/25,20:00,21:00,1.6747,0.0598,
2025/1/25,21:00,22:00,1.9397,0.0692,
2025/1/25,22:00,23:00,1.3472,0.0481,
2025/1/25,23:00,0:00,1.1273,0.0402,
2025/1/26,0:00,1:00,0.8067,0.0288,
2025/1/26,1:00,2:00,0.2665,0.0095,
2025/1/26,2:00,3:00,0.1189,0.0042,
2025/1/26,3:00,4:00,0.0979,0.0034,
2025/1/26,4:00,5:00,0.0894,0.0031,
2025/1/26,5:00,6:00,0.0856,0.003,
2025/1/26,6:00,7:00,0.1674,0.0059,
2025/1/26,7:00,8:00,0.5688,0.0203,
2025/1/26,8:00,9:00,1.1956,0.0427,
2025/1/26,9:00,10:00,1.0106,0.036,
2025/1/26,10:00,11:00,1.0929,0.039,
2025/1/26,11:00,12:00,1.0018,0.0357,
2025/1/26,12:00,13:00,0.5769,0.0206,
2025/1/26,13:00,14:00,0.5495,0.0196,
2025/1/26,14:00,15:00,0.5116,0.0182,
2025/1/26,15:00,16:00,0.392,0.014,
2025/1/26,16:00,17:00,0.2997,0.0107,
2025/1/26,17:00,18:00,0.5179,0.0184,
2025/1/26,18:00,19:00,2.2447,0.0801,
2025/1/26,19:00,20:00,1.804,0.0644,
2025/1/26,20:00,21:00,2.3233,0.0829,
2025/1/26,21:00,22:00,2.6992,0.0964,
2025/1/26,22:00,23:00,1.5974,0.057,
2025/1/26,23:00,0:00,1.0117,0.0361,
2025/1/27,0:00,1:00,0.9979,0.0356,
2025/1/27,1:00,2:00,0.4522,0.0161,
2025/1/27,2:00,3:00,0.1199,0.0042,
2025/1/27,3:00,4:00,0.071,0.0025,
2025/1/27,4:00,5:00,0.0687,0.0024,
2025/1/27,5:00,6:00,0.0365,0.0013,
2025/1/27,6:00,7:00,0.8353,0.0298,
2025/1/27,7:00,8:00,1.1465,0.0409,
2025/1/27,8:00,9:00,1.4738,0.0526,
2025/1/27,9:00,10:00,0.9839,0.0351,
2025/1/27,10:00,11:00,0.53,0.0189,
2025/1/27,11:00,12:00,0.3314,0.0118,
2025/1/27,12:00,13:00,0.374,0.0133,
2025/1/27,13:00,14:00,0.4461,0.0159,
2025/1/27,14:00,15:00,0.512,0.0182,
2025/1/27,15:00,16:00,0.2469,0.0088,
2025/1/27,16:00,17:00,0.7276,0.0259,
2025/1/27,17:00,18:00,1.2243,0.0437,
2025/1/27,18:00,19:00,2.1572,0.077,
2025/1/27,19:00,20:00,1.5162,0.0541,
2025/1/27,20:00,21:00,1.435,0.0512,
2025/1/27,21:00,22:00,2.2712,0.0811,
2025/1/27,22:00,23:00,1.7074,0.0609,
2025/1/27,23:00,0:00,1.0266,0.0366,
2025/1/28,0:00,1:00,0.8888,0.0317,
2025/1/28,1:00,2:00,0.548,0.0195,
2025/1/28,2:00,3:00,0.0913,0.0032,
2025/1/28,3:00,4:00,0.1668,0.0059,
2025/1/28,4:00,5:00,0.0362,0.0012,
2025/1/28,5:00,6:00,0.1283,0.0045,
2025/1/28,6:00,7:00,0.871,0.0311,
2025/1/28,7:00,8:00,1.1394,0.0406,
2025/1/28,8:00,9:00,1.1358,0.0405,
2025/1/28,9:00,10:00,1.2131,0.0433,
2025/1/28,10:00,11:00,0.6067,0.0216,
2025/1/28,11:00,12:00,0.3614,0.0129,
2025/1/28,12:00,13:00,0.2545,0.009,
2025/1/28,13:00,14:00,0.2977,0.0106,
2025/1/28,14:00,15:00,0.2179,0.0077,
2025/1/28,15:00,16:00,0.3759,0.0134,
2025/1/28,16:00,17:00,0.4416,0.0157,
2025/1/28,17:00,18:00,0.7323,0.0261,
2025/1/28,18:00,19:00,2.4732,0.0883,
2025/1/28,19:00,20:00,1.4259,0.0509,
2025/1/28,20:00,21:00,1.7444,0.0623,
2025/1/28,21:00,22:00,2.5585,0.0913,
2025/1/28,22:00,23:00,1.2588,0.0449,
2025/1/28,23:00,0:00,1.1156,0.0398,
2025/1/29,0:00,1:00,0.814,0.029,
2025/1/29,1:00,2:00,0.6075,0.0216,
2025/1/29,2:00,3:00,0.1055,0.0037,
2025/1/29,3:00,4:00,0.0714,0.0025,
2025/1/29,4:00,5:00,0.0284,0.001,
2025/1/29,5:00,6:00,0.1571,0.0056,
2025/1/29,6:00,7:00,0.6939,0.0247,
2025/1/29,7:00,8:00,1.2115,0.0432,
2025/1/29,8:00,9:00,1.1317,0.0404,
2025/1/29,9:00,10:00,0.8824,0.0315,
2025/1/29,10:00,11:00,0.5333,0.019,
2025/1/29,11:00,12:00,0.3931,0.014,
2025/1/29,12:00,13:00,0.233,0.0083,
2025/1/29,13:00,14:00,0.2538,0.009,
2025/1/29,14:00,15:00,0.2415,0.0086,
2025/1/29,15:00,16:00,0.2723,0.0097,
2025/1/29,16:00,17:00,0.7816,0.0279,
2025/1/29,17:00,18:00,0.703,0.0251,
2025/1/29,18:00,19:00,1.9711,0.0703,
2025/1/29,19:00,20:00,1.3352,0.0476,
2025/1/29,20:00,21:00,1.7238,0.0615,
2025/1/29,21:00,22:00,1.9192,0.0685,
2025/1/29,22:00,23:00,1.1001,0.0392,
2025/1/29,23:00,0:00,0.9274,0.0331,
2025/1/30,0:00,1:00,0.7142,0.0255,
2025/1/30,1:00,2:00,0.1341,0.0047,
2025/1/30,2:00,3:00,0.3253,0.0116,
2025/1/30,3:00,4:00,0.083,0.0029,
2025/1/30,4:00,5:00,0.1328,0.0047,
2025/1/30,5:00,6:00,0.082,0.0029,
2025/1/30,6:00,7:00,0.6276,0.0224,
2025/1/30,7:00,8:00,1.2287,0.0438,
2025/1/30,8:00,9:00,1.4416,0.0514,
2025/1/30,9:00,10:00,1.1211,0.04,
2025/1/30,10:00,11:00,0.4774,0.017,
2025/1/30,11:00,12:00,0.2416,0.0086,
2025/1/30,12:00,13:00,0.2728,0.0097,
2025/1/30,13:00,14:00,0.2673,0.0095,
2025/1/30,14:00,15:00,0.4117,0.0147,
2025/1/30,15:00,16:00,0.2346,0.0083,
2025/1/30,16:00,17:00,0.6879,0.0245,
2025/1/30,17:00,18:00,1.238,0.0442,
2025/1/30,18:00,19:00,1.5487,0.0553,
2025/1/30,19:00,20:00,2.2011,0.0786,
2025/1/30,20:00,21:00,1.4194,0.0506,
2025/1/30,21:00,22:00,2.4729,0.0883,
2025/1/30,22:00,23:00,1.3093,0.0467,
2025/1/30,23:00,0:00,0.8532,0.0304,
2025/1/31,0:00,1:00,0.8236,0.0294,
2025/1/31,1:00,2:00,0.5976,0.0213,
2025/1/31,2:00,3:00,0.1096,0.0039,
2025/1/31,3:00,4:00,0.2074,0.0074,
2025/1/31,4:00,5:00,0.1597,0.0057,
2025/1/31,5:00,6:00,0.0622,0.0022,
2025/1/31,6:00,7:00,0.5888,0.021,
2025/1/31,7:00,8:00,1.0367,0.037,
2025/1/31,8:00,9:00,1.4668,0.0523,
2025/1/31,9:00,10:00,1.0659,0.038,
2025/1/31,10:00,11:00,0.5618,0.02,
2025/1/31,11:00,12:00,0.6144,0.0219,
2025/1/31,12:00,13:00,0.1661,0.0059,
2025/1/31,13:00,14:00,0.2695,0.0096,
2025/1/31,14:00,15:00,0.3866,0.0138,
2025/1/31,15:00,16:00,0.3026,0.0108,
2025/1/31,16:00,17:00,0.5181,0.0185,
2025/1/31,17:00,18:00,0.7868,0.0281,
2025/1/31,18:00,19:00,1.6761,0.0598,
2025/1/31,19:00,20:00,1.6641,0.0594,
2025/1/31,20:00,21:00,1.3099,0.0467,
2025/1/31,21:00,22:00,1.4307,0.051,
2025/1/31,22:00,23:00,1.4226,0.0508,
2025/1/31,23:00,0:00,1.0703,0.0382,
2025/2/1,0:00,1:00,0.504,0.018,
2025/2/1,1:00,2:00,0.7313,0.0261,
2025/2/1,2:00,3:00,0.374,0.0133,
2025/2/1,3:00,4:00,0.1741,0.0062,
2025/2/1,4:00,5:00,0.048,0.0017,
2025/2/1,5:00,6:00,0.0583,0.002,
2025/2/1,6:00,7:00,0.3414,0.0121,
2025/2/1,7:00,8:00,1.0936,0.039,
2025/2/1,8:00,9:00,1.3356,0.0477,
2025/2/1,9:00,10:00,1.4408,0.0514,
2025/2/1,10:00,11:00,0.8841,0.0315,
2025/2/1,11:00,12:00,0.7065,0.0252,
2025/2/1,12:00,13:00,0.5804,0.0207,
2025/2/1,13:00,14:00,0.4169,0.0148,
2025/2/1,14:00,15:00,0.3804,0.0135,
2025/2/1,15:00,16:00,0.3382,0.012,
2025/2/1,16:00,17:00,0.5689,0.0203,
2025/2/1,17:00,18:00,0.8368,0.0298,
2025/2/1,18:00,19:00,1.6584,0.0592,
2025/2/1,19:00,20:00,2.1814,0.0779,
2025/2/1,20:00,21:00,1.0762,0.0384,
2025/2/1,21:00,22:00,2.0005,0.0714,
2025/2/1,22:00,23:00,1.2617,0.045,
2025/2/1,23:00,0:00,1.2081,0.0431,
2025/2/2,0:00,1:00,1.1652,0.0416,
2025/2/2,1:00,2:00,0.3489,0.0124,
2025/2/2,2:00,3:00,0.0981,0.0035,
2025/2/2,3:00,4:00,0.1019,0.0036,
2025/2/2,4:00,5:00,0.138,0.0049,
2025/2/2,5:00,6:00,0.1225,0.0043,
2025/2/2,6:00,7:00,0.3085,0.011,
2025/2/2,7:00,8:00,0.6512,0.0232,
2025/2/2,8:00,9:00,1.1211,0.04,
2025/2/2,9:00,10:00,1.3904,0.0496,
2025/2/2,10:00,11:00,1.1382,0.0406,
2025/2/2,11:00,12:00,0.757,0.027,
2025/2/2,12:00,13:00,0.7276,0.0259,
2025/2/2,13:00,14:00,0.8075,0.0288,
2025/2/2,14:00,15:00,0.4237,0.0151,
2025/2/2,15:00,16:00,0.5659,0.0202,
2025/2/2,16:00,17:00,0.6082,0.0217,
2025/2/2,17:00,18:00,1.0399,0.0371,
2025/2/2,18:00,19:00,2.1144,0.0755,
2025/2/2,19:00,20:00,1.6785,0.0599,
2025/2/2,20:00,21:00,1.7641,0.063,
2025/2/2,21:00,22:00,2.0429,0.0729,
2025/2/2,22:00,23:00,1.3684,0.0488,
2025/2/2,23:00,0:00,0.7399,0.0264,
2025/2/3,0:00,1:00,0.7215,0.0257,
2025/2/3,1:00,2:00,0.7389,0.0263,
2025/2/3,2:00,3:00,0.237,0.0084,
2025/2/3,3:00,4:00,0.0567,0.002,
2025/2/3,4:00,5:00,0.0751,0.0026,
2025/2/3,5:00,6:00,0.1591,0.0056,
2025/2/3,6:00,7:00,0.7863,0.028,
2025/2/3,7:00,8:00,1.0273,0.0366,
2025/2/3,8:00,9:00,1.0878,0.0388,
2025/2/3,9:00,10:00,0.7636,0.0272,
2025/2/3,10:00,11:00,0.2757,0.0098,
2025/2/3,11:00,12:00,0.2088,0.0074,
2025/2/3,12:00,13:00,0.2855,0.0101,
2025/2/3,13:00,14:00,0.2572,0.0091,
2025/2/3,14:00,15:00,0.4556,0.0162,
2025/2/3,15:00,16:00,0.3859,0.0137,
2025/2/3,16:00,17:00,0.593,0.0211,
2025/2/3,17:00,18:00,0.9171,0.0327,
2025/2/3,18:00,19:00,1.433,0.0511,
2025/2/3,19:00,20:00,1.8244,0.0651,
2025/2/3,20:00,21:00,1.9346,0.069,
2025/2/3,21:00,22:00,1.967,0.0702,
2025/2/3,22:00,23:00,1.2158,0.0434,
2025/2/3,23:00,0:00,0.8108,0.0289,
2025/2/4,0:00,1:00,0.6226,0.0222,
2025/2/4,1:00,2:00,0.441,0.0157,
2025/2/4,2:00,3:00,0.331,0.0118,
2025/2/4,3:00,4:00,0.1317,0.0047,
2025/2/4,4:00,5:00,0.15,0.0053,
2025/2/4,5:00,6:00,0.0681,0.0024,
2025/2/4,6:00,7:00,0.778,0.0277,
2025/2/4,7:00,8:00,1.0239,0.0365,
2025/2/4,8:00,9:00,1.2916,0.0461,
2025/2/4,9:00,10:00,0.9932,0.0354,
2025/2/4,10:00,11:00,0.6868,0.0245,
2025/2/4,11:00,12:00,0.4261,0.0152,
2025/2/4,12:00,13:00,0.6428,0.0229,
2025/2/4,13:00,14:00,0.1027,0.0036,
2025/2/4,14:00,15:00,0.3291,0.0117,
2025/2/4,15:00,16:00,0.2711,0.0096,
2025/2/4,16:00,17:00,0.24,0.0085,
2025/2/4,17:00,18:00,0.6485,0.0231,
2025/2/4,18:00,19:00,1.7828,0.0636,
2025/2/4,19:00,20:00,1.868,0.0667,
2025/2/4,20:00,21:00,2.085,0.0744,
2025/2/4,21:00,22:00,1.7562,0.0627,
2025/2/4,22:00,23:00,1.0431,0.0372,
2025/2/4,23:00,0:00,1.2085,0.0431,
2025/2/5,0:00,1:00,0.5366,0.0191,
2025/2/5,1:00,2:00,0.5142,0.0183,
2025/2/5,2:00,3:00,0.1782,0.0063,
2025/2/5,3:00,4:00,0.1725,0.0061,
2025/2/5,4:00,5:00,0.038,0.0013,
2025/2/5,5:00,6:00,0.1123,0.004,
2025/2/5,6:00,7:00,0.9591,0.0342,
2025/2/5,7:00,8:00,1.2278,0.0438,
2025/2/5,8:00,9:00,1.2878,0.0459,
2025/2/5,9:00,10:00,0.8928,0.0318,
2025/2/5,10:00,11:00,0.862,0.0307,
2025/2/5,11:00,12:00,0.4283,0.0152,
2025/2/5,12:00,13:00,0.3171,0.0113,
2025/2/5,13:00,14:00,0.1871,0.0066,
2025/2/5,14:00,15:00,0.261,0.0093,
2025/2/5,15:00,16:00,0.2887,0.0103,
2025/2/5,16:00,17:00,0.3051,0.0108,
2025/2/5,17:00,18:00,1.2001,0.0428,
2025/2/5,18:00,19:00,2.0496,0.0732,
2025/2/5,19:00,20:00,1.2443,0.0444,
2025/2/5,20:00,21:00,1.9466,0.0695,
2025/2/5,21:00,22:00,1.897,0.0677,
2025/2/5,22:00,23:00,1.2791,0.0456,
2025/2/5,23:00,0:00,0.7763,0.0277,
2025/2/6,0:00,1:00,0.4711,0.0168,
2025/2/6,1:00,2:00,0.4916,0.0175,
2025/2/6,2:00,3:00,0.1188,0.0042,
2025/2/6,3:00,4:00,0.3022,0.0107,
2025/2/6,4:00,5:00,0.1488,0.0053,
2025/2/6,5:00,6:00,0.0435,0.0015,
2025/2/6,6:00,7:00,0.8444,0.0301,
2025/2/6,7:00,8:00,1.3296,0.0474,
2025/2/6,8:00,9:00,0.8179,0.0292,
2025/2/6,9:00,10:00,0.6428,0.0229,
2025/2/6,10:00,11:00,0.5274,0.0188,
2025/2/6,11:00,12:00,0.4621,0.0165,
2025/2/6,12:00,13:00,0.4029,0.0143,
2025/2/6,13:00,14:00,0.4563,0.0162,
2025/2/6,14:00,15:00,0.2375,0.0084,
2025/2/6,15:00,16:00,0.2675,0.0095,
2025/2/6,16:00,17:00,0.3193,0.0114,
2025/2/6,17:00,18:00,1.1467,0.0409,
2025/2/6,18:00,19:00,1.6581,0.0592,
2025/2/6,19:00,20:00,1.6609,0.0593,
2025/2/6,20:00,21:00,1.4161,0.0505,
2025/2/6,21:00,22:00,1.8416,0.0657,
2025/2/6,22:00,23:00,2.0364,0.0727,
2025/2/6,23:00,0:00,1.3092,0.0467,
2025/2/7,0:00,1:00,0.7331,0.0261,
2025/2/7,1:00,2:00,0.4651,0.0166,
2025/2/7,2:00,3:00,0.1742,0.0062,
2025/2/7,3:00,4:00,0.123,0.0043,
2025/2/7,4:00,5:00,0.0349,0.0012,
2025/2/7,5:00,6:00,0.1413,0.005,
2025/2/7,6:00,7:00,0.5063,0.018,
2025/2/7,7:00,8:00,1.4382,0.0513,
2025/2/7,8:00,9:00,0.9991,0.0356,
2025/2/7,9:00,10:00,1.0925,0.039,
2025/2/7,10:00,11:00,0.4798,0.0171,
2025/2/7,11:00,12:00,0.3866,0.0138,
2025/2/7,12:00,13:00,0.412,0.0147,
2025/2/7,13:00,14:00,0.3039,0.0108,
2025/2/7,14:00,15:00,0.1719,0.0061,
2025/2/7,15:00,16:00,0.2104,0.0075,
2025/2/7,16:00,17:00,0.3848,0.0137,
2025/2/7,17:00,18:00,0.908,0.0324,
2025/2/7,18:00,19:00,1.9655,0.0701,
2025/2/7,19:00,20:00,1.5674,0.0559,
2025/2/7,20:00,21:00,1.0051,0.0358,
2025/2/7,21:00,22:00,2.429,0.0867,
2025/2/7,22:00,23:00,1.8296,0.0653,
2025/2/7,23:00,0:00,0.8231,0.0293,
2025/2/8,0:00,1:00,0.4789,0.0171,
2025/2/8,1:00,2:00,0.3748,0.0133,
2025/2/8,2:00,3:00,0.4726,0.0168,
2025/2/8,3:00,4:00,0.2189,0.0078,
2025/2/8,4:00,5:00,0.016,0.0005,
2025/2/8,5:00,6:00,0.0423,0.0015,
2025/2/8,6:00,7:00,0.2823,0.01,
2025/2/8,7:00,8:00,0.736,0.0262,
2025/2/8,8:00,9:00,1.3994,0.0499,
2025/2/8,9:00,10:00,1.1392,0.0406,
2025/2/8,10:00,11:00,0.9041,0.0322,
2025/2/8,11:00,12:00,0.5484,0.0195,
2025/2/8,12:00,13:00,0.8931,0.0318,
2025/2/8,13:00,14:00,0.6651,0.0237,
2025/2/8,14:00,15:00,0.3858,0.0137,
2025/2/8,15:00,16:00,0.7104,0.0253,
2025/2/8,16:00,17:00,0.456,0.0162,
2025/2/8,17:00,18:00,0.8294,0.0296,
2025/2/8,18:00,19:00,1.8223,0.065,
2025/2/8,19:00,20:00,0.9856,0.0352,
2025/2/8,20:00,21:00,1.1489,0.041,
2025/2/8,21:00,22:00,2.4267,0.0866,
2025/2/8,22:00,23:00,1.6434,0.0586,
2025/2/8,23:00,0:00,1.2477,0.0445,
2025/2/9,0:00,1:00,0.9825,0.035,
2025/2/9,1:00,2:00,0.4202,0.015,
2025/2/9,2:00,3:00,0.179,0.0063,
2025/2/9,3:00,4:00,0.1336,0.0047,
2025/2/9,4:00,5:00,0.1264,0.0045,
2025/2/9,5:00,6:00,0.0323,0.0011,
2025/2/9,6:00,7:00,0.1936,0.0069,
2025/2/9,7:00,8:00,0.6212,0.0221,
2025/2/9,8:00,9:00,1.1842,0.0422,
2025/2/9,9:00,10:00,1.3994,0.0499,
2025/2/9,10:00,11:00,0.8826,0.0315,
2025/2/9,11:00,12:00,0.8452,0.0301,
2025/2/9,12:00,13:00,0.5478,0.0195,
2025/2/9,13:00,14:00,0.7939,0.0283,
2025/2/9,14:00,15:00,0.4994,0.0178,
2025/2/9,15:00,16:00,0.3022,0.0107,
2025/2/9,16:00,17:00,0.7107,0.0253,
2025/2/9,17:00,18:00,1.5502,0.0553,
2025/2/9,18:00,19:00,1.594,0.0569,
2025/2/9,19:00,20:00,1.2623,0.045,
2025/2/9,20:00,21:00,1.8354,0.0655,
2025/2/9,21:00,22:00,1.9683,0.0702,
2025/2/9,22:00,23:00,1.5556,0.0555,
2025/2/9,23:00,0:00,1.1293,0.0403,
2025/2/10,0:00,1:00,0.4997,0.0178,
2025/2/10,1:00,2:00,0.4804,0.0171,
2025/2/10,2:00,3:00,0.4003,0.0142,
2025/2/10,3:00,4:00,0.0583,0.002,
2025/2/10,4:00,5:00,0.0396,0.0014,
2025/2/10,5:00,6:00,0.0378,0.0013,
2025/2/10,6:00,7:00,0.5446,0.0194,
2025/2/10,7:00,8:00,1.3162,0.047,
2025/2/10,8:00,9:00,1.1116,0.0397,
2025/2/10,9:00,10:00,0.9258,0.033,
2025/2/10,10:00,11:00,0.8765,0.0313,
2025/2/10,11:00,12:00,0.3386,0.012,
2025/2/10,12:00,13:00,0.2299,0.0082,
2025/2/10,13:00,14:00,0.3055,0.0109,
2025/2/10,14:00,15:00,0.3804,0.0135,
2025/2/10,15:00,16:00,0.1709,0.0061,
2025/2/10,16:00,17:00,0.2902,0.0103,
2025/2/10,17:00,18:00,1.2032,0.0429,
2025/2/10,18:00,19:00,1.441,0.0514,
2025/2/10,19:00,20:00,1.2806,0.0457,
2025/2/10,20:00,21:00,1.9501,0.0696,
2025/2/10,21:00,22:00,1.9174,0.0684,
2025/2/10,22:00,23:00,0.9983,0.0356,
2025/2/10,23:00,0:00,1.0449,0.0373,
2025/2/11,0:00,1:00,0.5236,0.0187,
2025/2/11,1:00,2:00,0.443,0.0158,
2025/2/11,2:00,3:00,0.1721,0.0061,
2025/2/11,3:00,4:00,0.2797,0.0099,
2025/2/11,4:00,5:00,0.0754,0.0026,
2025/2/11,5:00,6:00,0.0276,0.0009,
2025/2/11,6:00,7:00,0.0854,0.003,
2025/2/11,7:00,8:00,0.4609,0.0164,
2025/2/11,8:00,9:00,1.2535,0.0447,
2025/2/11,9:00,10:00,1.6036,0.0572,
2025/2/11,10:00,11:00,1.6678,0.0595,
2025/2/11,11:00,12:00,0.7445,0.0265,
2025/2/11,12:00,13:00,0.8047,0.0287,
2025/2/11,13:00,14:00,0.617,0.022,
2025/2/11,14:00,15:00,0.6605,0.0235,
2025/2/11,15:00,16:00,0.3456,0.0123,
2025/2/11,16:00,17:00,0.711,0.0253,
2025/2/11,17:00,18:00,1.5129,0.054,
2025/2/11,18:00,19:00,1.6493,0.0589,
2025/2/11,19:00,20:00,1.9118,0.0682,
2025/2/11,20:00,21:00,1.6461,0.0587,
2025/2/11,21:00,22:00,2.2106,0.0789,
2025/2/11,22:00,23:00,1.1985,0.0428,
2025/2/11,23:00,0:00,1.1418,0.0407,
2025/2/12,0:00,1:00,0.6292,0.0224,
2025/2/12,1:00,2:00,0.1076,0.0038,
2025/2/12,2:00,3:00,0.2659,0.0094,
2025/2/12,3:00,4:00,0.0427,0.0015,
2025/2/12,4:00,5:00,0.0788,0.0028,
2025/2/12,5:00,6:00,0.1887,0.0067,
2025/2/12,6:00,7:00,0.864,0.0308,
2025/2/12,7:00,8:00,0.8552,0.0305,
2025/2/12,8:00,9:00,1.0008,0.0357,
2025/2/12,9:00,10:00,0.8035,0.0286,
2025/2/12,10:00,11:00,0.6091,0.0217,
2025/2/12,11:00,12:00,0.2352,0.0084,
2025/2/12,12:00,13:00,0.2609,0.0093,
2025/2/12,13:00,14:00,0.3377,0.012,
2025/2/12,14:00,15:00,0.2341,0.0083,
2025/2/12,15:00,16:00,0.6195,0.0221,
2025/2/12,16:00,17:00,0.5935,0.0211,
2025/2/12,17:00,18:00,0.8334,0.0297,
2025/2/12,18:00,19:00,1.9076,0.0681,
2025/2/12,19:00,20:00,1.9602,0.07,
2025/2/12,20:00,21:00,1.5654,0.0559,
2025/2/12,21:00,22:00,1.7237,0.0615,
2025/2/12,22:00,23:00,1.0726,0.0383,
2025/2/12,23:00,0:00,1.176,0.042,
2025/2/13,0:00,1:00,0.6465,0.023,
2025/2/13,1:00,2:00,0.5673,0.0202,
2025/2/13,2:00,3:00,0.3183,0.0113,
2025/2/13,3:00,4:00,0.0794,0.0028,
2025/2/13,4:00,5:00,0.0578,0.002,
2025/2/13,5:00,6:00,0.121,0.0043,
2025/2/13,6:00,7:00,0.6042,0.0215,
2025/2/13,7:00,8:00,1.1614,0.0414,
2025/2/13,8:00,9:00,1.3485,0.0481,
2025/2/13,9:00,10:00,1.1019,0.0393,
2025/2/13,10:00,11:00,0.5015,0.0179,
2025/2/13,11:00,12:00,0.3506,0.0125,
2025/2/13,12:00,13:00,0.2998,0.0107,
2025/2/13,13:00,14:00,0.231,0.0082,
2025/2/13,14:00,15:00,0.59,0.021,
2025/2/13,15:00,16:00,0.4556,0.0162,
2025/2/13,16:00,17:00,0.521,0.0186,
2025/2/13,17:00,18:00,0.9163,0.0327,
2025/2/13,18:00,19:00,2.063,0.0736,
2025/2/13,19:00,20:00,1.9396,0.0692,
2025/2/13,20:00,21:00,1.486,0.053,
2025/2/13,21:00,22:00,2.2995,0.0821,
2025/2/13,22:00,23:00,1.4782,0.0527,
2025/2/13,23:00,0:00,0.8092,0.0289,
2025/2/14,0:00,1:00,0.9483,0.0338,
2025/2/14,1:00,2:00,0.4309,0.0153,
2025/2/14,2:00,3:00,0.4269,0.0152,
2025/2/14,3:00,4:00,0.0939,0.0033,
2025/2/14,4:00,5:00,0.0629,0.0022,
2025/2/14,5:00,6:00,0.0621,0.0022,
2025/2/14,6:00,7:00,0.7663,0.0273,
2025/2/14,7:00,8:00,1.3727,0.049,
2025/2/14,8:00,9:00,0.985,0.0351,
2025/2/14,9:00,10:00,0.9927,0.0354,
2025/2/14,10:00,11:00,0.6143,0.0219,
2025/2/14,11:00,12:00,0.5447,0.0194,
2025/2/14,12:00,13:00,0.4742,0.0169,
2025/2/14,13:00,14:00,0.2274,0.0081,
2025/2/14,14:00,15:00,0.2511,0.0089,
2025/2/14,15:00,16:00,0.2099,0.0074,
2025/2/14,16:00,17:00,0.5504,0.0196,
2025/2/14,17:00,18:00,1.1218,0.04,
2025/2/14,18:00,19:00,1.6016,0.0572,
2025/2/14,19:00,20:00,1.3672,0.0488,
2025/2/14,20:00,21:00,1.2256,0.0437,
2025/2/14,21:00,22:00,1.6815,0.06,
2025/2/14,22:00,23:00,1.5962,0.057,
2025/2/14,23:00,0:00,0.7993,0.0285,
2025/2/15,0:00,1:00,0.9254,0.033,
2025/2/15,1:00,2:00,0.3442,0.0122,
2025/2/15,2:00,3:00,0.2394,0.0085,
2025/2/15,3:00,4:00,0.1496,0.0053,
2025/2/15,4:00,5:00,0.0272,0.0009,
2025/2/15,5:00,6:00,0.0567,0.002,
2025/2/15,6:00,7:00,0.2368,0.0084,
2025/2/15,7:00,8:00,0.7779,0.0277,
2025/2/15,8:00,9:00,1.3702,0.0489,
2025/2/15,9:00,10:00,1.432,0.0511,
2025/2/15,10:00,11:00,1.3317,0.0475,
2025/2/15,11:00,12:00,0.9159,0.0327,
2025/2/15,12:00,13:00,0.5887,0.021,
2025/2/15,13:00,14:00,1.0461,0.0373,
2025/2/15,14:00,15:00,0.7411,0.0264,
2025/2/15,15:00,16:00,0.4303,0.0153,
2025/2/15,16:00,17:00,0.453,0.0161,
2025/2/15,17:00,18:00,1.2681,0.0452,
2025/2/15,18:00,19:00,1.9307,0.0689,
2025/2/15,19:00,20:00,1.8834,0.0672,
2025/2/15,20:00,21:00,1.937,0.0691,
2025/2/15,21:00,22:00,1.6896,0.0603,
2025/2/15,22:00,23:00,1.2525,0.0447,
2025/2/15,23:00,0:00,1.1865,0.0423,
2025/2/16,0:00,1:00,0.6604,0.0235,
2025/2/16,1:00,2:00,0.5028,0.0179,
2025/2/16,2:00,3:00,0.1531,0.0054,
2025/2/16,3:00,4:00,0.0398,0.0014,
2025/2/16,4:00,5:00,0.0239,0.0008,
2025/2/16,5:00,6:00,0.009,0.0003,
2025/2/16,6:00,7:00,0.279,0.0099,
2025/2/16,7:00,8:00,0.4916,0.0175,
2025/2/16,8:00,9:00,1.0449,0.0373,
2025/2/16,9:00,10:00,2.0192,0.0721,
2025/2/16,10:00,11:00,1.0238,0.0365,
2025/2/16,11:00,12:00,1.0723,0.0382,
2025/2/16,12:00,13:00,0.659,0.0235,
2025/2/16,13:00,14:00,0.595,0.0212,
2025/2/16,14:00,15:00,0.3252,0.0116,
2025/2/16,15:00,16:00,0.3887,0.0138,
2025/2/16,16:00,17:00,0.6074,0.0216,
2025/2/16,17:00,18:00,1.658,0.0592,
2025/2/16,18:00,19:00,3.035,0.1083,
2025/2/16,19:00,20:00,1.4427,0.0515,
2025/2/16,20:00,21:00,2.034,0.0726,
2025/2/16,21:00,22:00,1.9668,0.0702,
2025/2/16,22:00,23:00,1.1661,0.0416,
2025/2/16,23:00,0:00,1.1534,0.0411,
2025/2/17,0:00,1:00,0.2546,0.009,
2025/2/17,1:00,2:00,0.2736,0.0097,
2025/2/17,2:00,3:00,0.1647,0.0058,
2025/2/17,3:00,4:00,0.0273,0.0009,
2025/2/17,4:00,5:00,0.0141,0.0005,
2025/2/17,5:00,6:00,0.0189,0.0006,
2025/2/17,6:00,7:00,0.6267,0.0223,
2025/2/17,7:00,8:00,1.1582,0.0413,
2025/2/17,8:00,9:00,1.0807,0.0385,
2025/2/17,9:00,10:00,0.9713,0.0346,
2025/2/17,10:00,11:00,0.7965,0.0284,
2025/2/17,11:00,12:00,0.395,0.0141,
2025/2/17,12:00,13:00,0.194,0.0069,
2025/2/17,13:00,14:00,0.3362,0.012,
2025/2/17,14:00,15:00,0.4879,0.0174,
2025/2/17,15:00,16:00,0.5411,0.0193,
2025/2/17,16:00,17:00,0.5985,0.0213,
2025/2/17,17:00,18:00,0.8673,0.0309,
2025/2/17,18:00,19:00,1.742,0.0622,
2025/2/17,19:00,20:00,2.1614,0.0771,
2025/2/17,20:00,21:00,1.5615,0.0557,
2025/2/17,21:00,22:00,2.2953,0.0819,
2025/2/17,22:00,23:00,1.3849,0.0494,
2025/2/17,23:00,0:00,0.8581,0.0306,
2025/2/18,0:00,1:00,0.6156,0.0219,
2025/2/18,1:00,2:00,0.2708,0.0096,
2025/2/18,2:00,3:00,0.2959,0.0105,
2025/2/18,3:00,4:00,0.3178,0.0113,
2025/2/18,4:00,5:00,0.1122,0.004,
2025/2/18,5:00,6:00,0.1404,0.005,
2025/2/18,6:00,7:00,0.786,0.028,
2025/2/18,7:00,8:00,1.1617,0.0414,
2025/2/18,8:00,9:00,1.4567,0.052,
2025/2/18,9:00,10:00,1.0973,0.0391,
2025/2/18,10:00,11:00,0.4492,0.016,
2025/2/18,11:00,12:00,0.1627,0.0058,
2025/2/18,12:00,13:00,0.2754,0.0098,
2025/2/18,13:00,14:00,0.2353,0.0084,
2025/2/18,14:00,15:00,0.4815,0.0171,
2025/2/18,15:00,16:00,0.2863,0.0102,
2025/2/18,16:00,17:00,0.6167,0.022,
2025/2/18,17:00,18:00,1.4642,0.0522,
2025/2/18,18:00,19:00,2.5576,0.0913,
2025/2/18,19:00,20:00,1.5401,0.055,
2025/2/18,20:00,21:00,2.2024,0.0786,
2025/2/18,21:00,22:00,1.8668,0.0666,
2025/2/18,22:00,23:00,1.5983,0.057,
2025/2/18,23:00,0:00,1.056,0.0377,
2025/2/19,0:00,1:00,0.9674,0.0345,
2025/2/19,1:00,2:00,0.5248,0.0187,
2025/2/19,2:00,3:00,0.3547,0.0126,
2025/2/19,3:00,4:00,0.0676,0.0024,
2025/2/19,4:00,5:00,0.0713,0.0025,
2025/2/19,5:00,6:00,0.2463,0.0087,
2025/2/19,6:00,7:00,0.6976,0.0249,
2025/2/19,7:00,8:00,1.4647,0.0523,
2025/2/19,8:00,9:00,1.1211,0.04,
2025/2/19,9:00,10:00,1.0485,0.0374,
2025/2/19,10:00,11:00,0.418,0.0149,
2025/2/19,11:00,12:00,0.2848,0.0101,
2025/2/19,12:00,13:00,0.285,0.0101,
2025/2/19,13:00,14:00,0.1452,0.0051,
2025/2/19,14:00,15:00,0.221,0.0078,
2025/2/19,15:00,16:00,0.3743,0.0133,
2025/2/19,16:00,17:00,0.3264,0.0116,
2025/2/19,17:00,18:00,0.6443,0.023,
2025/2/19,18:00,19:00,2.3805,0.085,
2025/2/19,19:00,20:00,1.7166,0.0613,
2025/2/19,20:00,21:00,2.1722,0.0775,
2025/2/19,21:00,22:00,2.2812,0.0814,
2025/2/19,22:00,23:00,1.4365,0.0513,
2025/2/19,23:00,0:00,0.9756,0.0348,
2025/2/20,0:00,1:00,0.4869,0.0173,
2025/2/20,1:00,2:00,0.4953,0.0176,
2025/2/20,2:00,3:00,0.2086,0.0074,
2025/2/20,3:00,4:00,0.1373,0.0049,
2025/2/20,4:00,5:00,0.1551,0.0055,
2025/2/20,5:00,6:00,0.1179,0.0042,
2025/2/20,6:00,7:00,0.6367,0.0227,
2025/2/20,7:00,8:00,1.685,0.0601,
2025/2/20,8:00,9:00,1.337,0.0477,
2025/2/20,9:00,10:00,0.8936,0.0319,
2025/2/20,10:00,11:00,0.633,0.0226,
2025/2/20,11:00,12:00,0.2327,0.0083,
2025/2/20,12:00,13:00,0.2093,0.0074,
2025/2/20,13:00,14:00,0.1718,0.0061,
2025/2/20,14:00,15:00,0.2321,0.0082,
2025/2/20,15:00,16:00,0.5598,0.0199,
2025/2/20,16:00,17:00,0.4267,0.0152,
2025/2/20,17:00,18:00,1.0123,0.0361,
2025/2/20,18:00,19:00,1.8871,0.0673,
2025/2/20,19:00,20:00,2.046,0.073,
2025/2/20,20:00,21:00,1.428,0.051,
2025/2/20,21:00,22:00,2.2107,0.0789,
2025/2/20,22:00,23:00,1.6956,0.0605,
2025/2/20,23:00,0:00,0.751,0.0268,
2025/2/21,0:00,1:00,0.5496,0.0196,
2025/2/21,1:00,2:00,0.3022,0.0107,
2025/2/21,2:00,3:00,0.2216,0.0079,
2025/2/21,3:00,4:00,0.2757,0.0098,
2025/2/21,4:00,5:00,0.1583,0.0056,
2025/2/21,5:00,6:00,0.0444,0.0015,
2025/2/21,6:00,7:00,0.6347,0.0226,
2025/2/21,7:00,8:00,1.0477,0.0374,
2025/2/21,8:00,9:00,1.5262,0.0545,
2025/2/21,9:00,10:00,1.4903,0.0532,
2025/2/21,10:00,11:00,0.6284,0.0224,
2025/2/21,11:00,12:00,0.6181,0.022,
2025/2/21,12:00,13:00,0.3693,0.0131,
2025/2/21,13:00,14:00,0.5084,0.0181,
2025/2/21,14:00,15:00,0.2086,0.0074,
2025/2/21,15:00,16:00,0.3283,0.0117,
2025/2/21,16:00,17:00,0.1676,0.0059,
2025/2/21,17:00,18:00,1.0688,0.0381,
2025/2/21,18:00,19:00,1.9772,0.0706,
2025/2/21,19:00,20:00,1.3299,0.0474,
2025/2/21,20:00,21:00,1.2829,0.0458,
2025/2/21,21:00,22:00,2.002,0.0715,
2025/2/21,22:00,23:00,1.346,0.048,
2025/2/21,23:00,0:00,1.0198,0.0364,
2025/2/22,0:00,1:00,0.5687,0.0203,
2025/2/22,1:00,2:00,0.3474,0.0124,
2025/2/22,2:00,3:00,0.2261,0.008,
2025/2/22,3:00,4:00,0.032,0.0011,
2025/2/22,4:00,5:00,0.165,0.0058,
2025/2/22,5:00,6:00,0.0259,0.0009,
2025/2/22,6:00,7:00,0.2199,0.0078,
2025/2/22,7:00,8:00,0.8858,0.0316,
2025/2/22,8:00,9:00,1.3125,0.0468,
2025/2/22,9:00,10:00,1.1232,0.0401,
2025/2/22,10:00,11:00,1.2054,0.043,
2025/2/22,11:00,12:00,0.7743,0.0276,
2025/2/22,12:00,13:00,0.7363,0.0262,
2025/2/22,13:00,14:00,0.4133,0.0147,
2025/2/22,14:00,15:00,0.2661,0.0095,
2025/2/22,15:00,16:00,0.3189,0.0113,
2025/2/22,16:00,17:00,0.5373,0.0191,
2025/2/22,17:00,18:00,1.2257,0.0437,
2025/2/22,18:00,19:00,1.8594,0.0664,
2025/2/22,19:00,20:00,1.4979,0.0534,
2025/2/22,20:00,21:00,1.2485,0.0445,
2025/2/22,21:00,22:00,2.1806,0.0778,
2025/2/22,22:00,23:00,1.6574,0.0591,
2025/2/22,23:00,0:00,1.3874,0.0495,
2025/2/23,0:00,1:00,0.8993,0.0321,
2025/2/23,1:00,2:00,0.4386,0.0156,
2025/2/23,2:00,3:00,0.2967,0.0105,
2025/2/23,3:00,4:00,0.1204,0.0043,
2025/2/23,4:00,5:00,0.1371,0.0048,
2025/2/23,5:00,6:00,0.2748,0.0098,
2025/2/23,6:00,7:00,0.4397,0.0157,
2025/2/23,7:00,8:00,0.3569,0.0127,
2025/2/23,8:00,9:00,0.7852,0.028,
2025/2/23,9:00,10:00,1.5529,0.0554,
2025/2/23,10:00,11:00,1.0232,0.0365,
2025/2/23,11:00,12:00,0.8239,0.0294,
2025/2/23,12:00,13:00,0.6625,0.0236,
2025/2/23,13:00,14:00,0.8503,0.0303,
2025/2/23,14:00,15:00,0.6284,0.0224,
2025/2/23,15:00,16:00,0.4143,0.0147,
2025/2/23,16:00,17:00,0.591,0.0211,
2025/2/23,17:00,18:00,1.2048,0.043,
2025/2/23,18:00,19:00,1.4109,0.0503,
2025/2/23,19:00,20:00,1.3527,0.0483,
2025/2/23,20:00,21:00,1.714,0.0612,
2025/2/23,21:00,22:00,1.9808,0.0707,
2025/2/23,22:00,23:00,1.4537,0.0519,
2025/2/23,23:00,0:00,0.9099,0.0324,
2025/2/24,0:00,1:00,0.3101,0.011,
2025/2/24,1:00,2:00,0.588,0.021,
2025/2/24,2:00,3:00,0.1624,0.0058,
2025/2/24,3:00,4:00,0.0467,0.0016,
2025/2/24,4:00,5:00,0.044,0.0015,
2025/2/24,5:00,6:00,0.0195,0.0006,
2025/2/24,6:00,7:00,0.1461,0.0052,
2025/2/24,7:00,8:00,0.3137,0.0112,
2025/2/24,8:00,9:00,0.9963,0.0355,
2025/2/24,9:00,10:00,1.4783,0.0527,
2025/2/24,10:00,11:00,1.37,0.0489,
2025/2/24,11:00,12:00,0.7471,0.0266,
2025/2/24,12:00,13:00,0.6698,0.0239,
2025/2/24,13:00,14:00,1.1131,0.0397,
2025/2/24,14:00,15:00,0.6538,0.0233,
2025/2/24,15:00,16:00,0.4664,0.0166,
2025/2/24,16:00,17:00,1.007,0.0359,
2025/2/24,17:00,18:00,1.7984,0.0642,
2025/2/24,18:00,19:00,2.5635,0.0915,
2025/2/24,19:00,20:00,2.0784,0.0742,
2025/2/24,20:00,21:00,1.6629,0.0593,
2025/2/24,21:00,22:00,2.2072,0.0788,
2025/2/24,22:00,23:00,1.3515,0.0482,
2025/2/24,23:00,0:00,0.6397,0.0228,
2025/2/25,0:00,1:00,0.9677,0.0345,
2025/2/25,1:00,2:00,0.8458,0.0302,
2025/2/25,2:00,3:00,0.1233,0.0044,
2025/2/25,3:00,4:00,0.0678,0.0024,
2025/2/25,4:00,5:00,0.0188,0.0006,
2025/2/25,5:00,6:00,0.1531,0.0054,
2025/2/25,6:00,7:00,0.6742,0.024,
2025/2/25,7:00,8:00,1.4613,0.0521,
2025/2/25,8:00,9:00,1.0816,0.0386,
2025/2/25,9:00,10:00,0.7743,0.0276,
2025/2/25,10:00,11:00,0.6437,0.0229,
2025/2/25,11:00,12:00,0.4544,0.0162,
2025/2/25,12:00,13:00,0.3965,0.0141,
2025/2/25,13:00,14:00,0.5709,0.0203,
2025/2/25,14:00,15:00,0.3717,0.0132,
2025/2/25,15:00,16:00,0.2989,0.0106,
2025/2/25,16:00,17:00,0.4872,0.0174,
2025/2/25,17:00,18:00,0.9022,0.0322,
2025/2/25,18:00,19:00,2.1965,0.0784,
2025/2/25,19:00,20:00,1.2182,0.0435,
2025/2/25,20:00,21:00,1.7398,0.0621,
2025/2/25,21:00,22:00,2.442,0.0872,
2025/2/25,22:00,23:00,1.3595,0.0485,
2025/2/25,23:00,0:00,1.2869,0.0459,
2025/2/26,0:00,1:00,0.6971,0.0248,
2025/2/26,1:00,2:00,0.266,0.0095,
2025/2/26,2:00,3:00,0.1671,0.0059,
2025/2/26,3:00,4:00,0.222,0.0079,
2025/2/26,4:00,5:00,0.1395,0.0049,
2025/2/26,5:00,6:00,0.0804,0.0028,
2025/2/26,6:00,7:00,0.7529,0.0268,
2025/2/26,7:00,8:00,1.2369,0.0441,
2025/2/26,8:00,9:00,1.2022,0.0429,
2025/2/26,9:00,10:00,0.9004,0.0321,
2025/2/26,10:00,11:00,0.4645,0.0165,
2025/2/26,11:00,12:00,0.1473,0.0052,
2025/2/26,12:00,13:00,0.2138,0.0076,
2025/2/26,13:00,14:00,0.449,0.016,
2025/2/26,14:00,15:00,0.3659,0.013,
2025/2/26,15:00,16:00,0.2677,0.0095,
2025/2/26,16:00,17:00,0.5499,0.0196,
2025/2/26,17:00,18:00,1.0321,0.0368,
2025/2/26,18:00,19:00,2.3197,0.0828,
2025/2/26,19:00,20:00,2.0188,0.0721,
2025/2/26,20:00,21:00,1.9798,0.0707,
2025/2/26,21:00,22:00,2.1695,0.0774,
2025/2/26,22:00,23:00,1.2002,0.0428,
2025/2/26,23:00,0:00,0.8134,0.029,
2025/2/27,0:00,1:00,0.6857,0.0244,
2025/2/27,1:00,2:00,0.4515,0.0161,
2025/2/27,2:00,3:00,0.2721,0.0097,
2025/2/27,3:00,4:00,0.0696,0.0024,
2025/2/27,4:00,5:00,0.1536,0.0054,
2025/2/27,5:00,6:00,0.14,0.005,
2025/2/27,6:00,7:00,0.7178,0.0256,
2025/2/27,7:00,8:00,1.4177,0.0506,
2025/2/27,8:00,9:00,1.2198,0.0435,
2025/2/27,9:00,10:00,0.8602,0.0307,
2025/2/27,10:00,11:00,0.7473,0.0266,
2025/2/27,11:00,12:00,0.3134,0.0111,
2025/2/27,12:00,13:00,0.2274,0.0081,
2025/2/27,13:00,14:00,0.3198,0.0114,
2025/2/27,14:00,15:00,0.5356,0.0191,
2025/2/27,15:00,16:00,0.6923,0.0247,
2025/2/27,16:00,17:00,0.5272,0.0188,
2025/2/27,17:00,18:00,0.9497,0.0339,
2025/2/27,18:00,19:00,1.8281,0.0652,
2025/2/27,19:00,20:00,1.9822,0.0707,
2025/2/27,20:00,21:00,1.5462,0.0552,
2025/2/27,21:00,22:00,2.3323,0.0832,
2025/2/27,22:00,23:00,1.5188,0.0542,
2025/2/27,23:00,0:00,1.2427,0.0443,
2025/2/28,0:00,1:00,0.9543,0.034,
2025/2/28,1:00,2:00,0.3749,0.0133,
2025/2/28,2:00,3:00,0.3021,0.0107,
2025/2/28,3:00,4:00,0.1337,0.0047,
2025/2/28,4:00,5:00,0.3188,0.0113,
2025/2/28,5:00,6:00,0.2281,0.0081,
2025/2/28,6:00,7:00,0.7587,0.027,
2025/2/28,7:00,8:00,1.2597,0.0449,
2025/2/28,8:00,9:00,1.4644,0.0523,
2025/2/28,9:00,10:00,1.149,0.041,
2025/2/28,10:00,11:00,0.7334,0.0261,
2025/2/28,11:00,12:00,0.2543,0.009,
2025/2/28,12:00,13:00,0.3038,0.0108,
2025/2/28,13:00,14:00,0.2507,0.0089,
2025/2/28,14:00,15:00,0.2477,0.0088,
2025/2/28,15:00,16:00,0.1762,0.0062,
2025/2/28,16:00,17:00,0.4225,0.015,
2025/2/28,17:00,18:00,1.0524,0.0375,
2025/2/28,18:00,19:00,1.3692,0.0489,
2025/2/28,19:00,20:00,1.8748,0.0669,
2025/2/28,20:00,21:00,1.9271,0.0688,
2025/2/28,21:00,22:00,1.6739,0.0597,
2025/2/28,22:00,23:00,1.7047,0.0608,
2025/2/28,23:00,0:00,1.1432,0.0408,
2025/3/1,0:00,1:00,0.9298,0.0332,
2025/3/1,1:00,2:00,0.6238,0.0222,
2025/3/1,2:00,3:00,0.294,0.0105,
2025/3/1,3:00,4:00,0.1726,0.0061,
2025/3/1,4:00,5:00,0.0628,0.0022,
2025/3/1,5:00,6:00,0.0292,0.001,
2025/3/1,6:00,7:00,0.3234,0.0115,
2025/3/1,7:00,8:00,0.5304,0.0189,
2025/3/1,8:00,9:00,1.1225,0.04,
2025/3/1,9:00,10:00,1.5735,0.0561,
2025/3/1,10:00,11:00,1.0602,0.0378,
2025/3/1,11:00,12:00,1.0027,0.0358,
2025/3/1,12:00,13:00,0.6871,0.0245,
2025/3/1,13:00,14:00,0.7956,0.0284,
2025/3/1,14:00,15:00,0.4448,0.0158,
2025/3/1,15:00,16:00,0.4172,0.0149,
2025/3/1,16:00,17:00,0.3644,0.013,
2025/3/1,17:00,18:00,1.0711,0.0382,
2025/3/1,18:00,19:00,1.3418,0.0479,
2025/3/1,19:00,20:00,1.7814,0.0636,
2025/3/1,20:00,21:00,1.8618,0.0664,
2025/3/1,21:00,22:00,1.9318,0.0689,
2025/3/1,22:00,23:00,1.6221,0.0579,
2025/3/1,23:00,0:00,1.0947,0.039,
2025/3/2,0:00,1:00,0.5003,0.0178,
2025/3/2,1:00,2:00,0.2616,0.0093,
2025/3/2,2:00,3:00,0.1453,0.0051,
2025/3/2,3:00,4:00,0.0691,0.0024,
2025/3/2,4:00,5:00,0.1132,0.004,
2025/3/2,5:00,6:00,0.0379,0.0013,
2025/3/2,6:00,7:00,0.0498,0.0017,
2025/3/2,7:00,8:00,0.644,0.023,
2025/3/2,8:00,9:00,1.1168,0.0398,
2025/3/2,9:00,10:00,1.932,0.069,
2025/3/2,10:00,11:00,1.5414,0.055,
2025/3/2,11:00,12:00,1.0664,0.038,
2025/3/2,12:00,13:00,0.7227,0.0258,
2025/3/2,13:00,14:00,0.4842,0.0172,
2025/3/2,14:00,15:00,0.3416,0.0122,
2025/3/2,15:00,16:00,0.3604,0.0128,
2025/3/2,16:00,17:00,1.0544,0.0376,
2025/3/2,17:00,18:00,1.3128,0.0468,
2025/3/2,18:00,19:00,1.9598,0.0699,
2025/3/2,19:00,20:00,2.1027,0.075,
2025/3/2,20:00,21:00,1.511,0.0539,
2025/3/2,21:00,22:00,2.5673,0.0916,
2025/3/2,22:00,23:00,1.5361,0.0548,
2025/3/2,23:00,0:00,1.0035,0.0358,
2025/3/3,0:00,1:00,0.4006,0.0143,
2025/3/3,1:00,2:00,0.3365,0.012,
2025/3/3,2:00,3:00,0.1153,0.0041,
2025/3/3,3:00,4:00,0.0998,0.0035,
2025/3/3,4:00,5:00,0.0072,0.0002,
2025/3/3,5:00,6:00,0.1062,0.0037,
2025/3/3,6:00,7:00,0.672,0.024,
2025/3/3,7:00,8:00,1.2103,0.0432,
2025/3/3,8:00,9:00,1.7131,0.0611,
2025/3/3,9:00,10:00,0.653,0.0233,
2025/3/3,10:00,11:00,0.5354,0.0191,
2025/3/3,11:00,12:00,0.4078,0.0145,
2025/3/3,12:00,13:00,0.2686,0.0095,
2025/3/3,13:00,14:00,0.3976,0.0142,
2025/3/3,14:00,15:00,0.2429,0.0086,
2025/3/3,15:00,16:00,0.5059,0.018,
2025/3/3,16:00,17:00,0.9834,0.0351,
2025/3/3,17:00,18:00,1.0904,0.0389,
2025/3/3,18:00,19:00,1.9716,0.0704,
2025/3/3,19:00,20:00,1.6626,0.0593,
2025/3/3,20:00,21:00,1.6704,0.0596,
2025/3/3,21:00,22:00,2.4709,0.0882,
2025/3/3,22:00,23:00,1.2701,0.0453,
2025/3/3,23:00,0:00,0.6846,0.0244,
2025/3/4,0:00,1:00,0.3148,0.0112,
2025/3/4,1:00,2:00,0.4445,0.0158,
2025/3/4,2:00,3:00,0.4553,0.0162,
2025/3/4,3:00,4:00,0.2527,0.009,
2025/3/4,4:00,5:00,0.2404,0.0085,
2025/3/4,5:00,6:00,0.0723,0.0025,
2025/3/4,6:00,7:00,0.7795,0.0278,
2025/3/4,7:00,8:00,1.149,0.041,
2025/3/4,8:00,9:00,1.1999,0.0428,
2025/3/4,9:00,10:00,0.7544,0.0269,
2025/3/4,10:00,11:00,0.422,0.015,
2025/3/4,11:00,12:00,0.4379,0.0156,
2025/3/4,12:00,13:00,0.157,0.0056,
2025/3/4,13:00,14:00,0.3102,0.011,
2025/3/4,14:00,15:00,0.6121,0.0218,
2025/3/4,15:00,16:00,0.4357,0.0155,
2025/3/4,16:00,17:00,0.4808,0.0171,
2025/3/4,17:00,18:00,1.4158,0.0505,
2025/3/4,18:00,19:00,1.5461,0.0552,
2025/3/4,19:00,20:00,2.0481,0.0731,
2025/3/4,20:00,21:00,1.6423,0.0586,
2025/3/4,21:00,22:00,1.9305,0.0689,
2025/3/4,22:00,23:00,1.5642,0.0558,
2025/3/4,23:00,0:00,0.9196,0.0328,
2025/3/5,0:00,1:00,0.7612,0.0271,
2025/3/5,1:00,2:00,0.336,0.012,
2025/3/5,2:00,3:00,0.1513,0.0054,
2025/3/5,3:00,4:00,0.1548,0.0055,
2025/3/5,4:00,5:00,0.171,0.0061,
2025/3/5,5:00,6:00,0.34,0.0121,
2025/3/5,6:00,7:00,0.7,0.025,
2025/3/5,7:00,8:00,1.2423,0.0443,
2025/3/5,8:00,9:00,1.027,0.0366,
2025/3/5,9:00,10:00,0.9224,0.0329,
2025/3/5,10:00,11:00,0.6083,0.0217,
2025/3/5,11:00,12:00,0.5046,0.018,
2025/3/5,12:00,13:00,0.331,0.0118,
2025/3/5,13:00,14:00,0.4585,0.0163,
2025/3/5,14:00,15:00,0.4815,0.0171,
2025/3/5,15:00,16:00,0.4327,0.0154,
2025/3/5,16:00,17:00,0.4468,0.0159,
2025/3/5,17:00,18:00,0.695,0.0248,
2025/3/5,18:00,19:00,2.2322,0.0797,
2025/3/5,19:00,20:00,2.0277,0.0724,
2025/3/5,20:00,21:00,1.8344,0.0655,
2025/3/5,21:00,22:00,2.3217,0.0829,
2025/3/5,22:00,23:00,1.5028,0.0536,
2025/3/5,23:00,0:00,0.6105,0.0218,
2025/3/6,0:00,1:00,0.5069,0.0181,
2025/3/6,1:00,2:00,0.3259,0.0116,
2025/3/6,2:00,3:00,0.1135,0.004,
2025/3/6,3:00,4:00,0.4059,0.0144,
2025/3/6,4:00,5:00,0.0771,0.0027,
2025/3/6,5:00,6:00,0.1306,0.0046,
2025/3/6,6:00,7:00,0.6919,0.0247,
2025/3/6,7:00,8:00,1.3532,0.0483,
2025/3/6,8:00,9:00,1.527,0.0545,
2025/3/6,9:00,10:00,0.7468,0.0266,
2025/3/6,10:00,11:00,0.5535,0.0197,
2025/3/6,11:00,12:00,0.3866,0.0138,
2025/3/6,12:00,13:00,0.349,0.0124,
2025/3/6,13:00,14:00,0.2711,0.0096,
2025/3/6,14:00,15:00,0.2667,0.0095,
2025/3/6,15:00,16:00,0.1233,0.0044,
2025/3/6,16:00,17:00,0.6448,0.023,
2025/3/6,17:00,18:00,0.7578,0.027,
2025/3/6,18:00,19:00,1.8541,0.0662,
2025/3/6,19:00,20:00,1.7251,0.0616,
2025/3/6,20:00,21:00,1.3079,0.0467,
2025/3/6,21:00,22:00,2.5309,0.0903,
2025/3/6,22:00,23:00,1.2901,0.046,
2025/3/6,23:00,0:00,1.1873,0.0424,
2025/3/7,0:00,1:00,0.5698,0.0203,
2025/3/7,1:00,2:00,0.5652,0.0201,
2025/3/7,2:00,3:00,0.5329,0.019,
2025/3/7,3:00,4:00,0.0855,0.003,
2025/3/7,4:00,5:00,0.0134,0.0004,
2025/3/7,5:00,6:00,0.0954,0.0034,
2025/3/7,6:00,7:00,0.6625,0.0236,
2025/3/7,7:00,8:00,1.2696,0.0453,
2025/3/7,8:00,9:00,1.5558,0.0555,
2025/3/7,9:00,10:00,1.1745,0.0419,
2025/3/7,10:00,11:00,0.6114,0.0218,
2025/3/7,11:00,12:00,0.6193,0.0221,
2025/3/7,12:00,13:00,0.4646,0.0165,
2025/3/7,13:00,14:00,0.4012,0.0143,
2025/3/7,14:00,15:00,0.5148,0.0183,
2025/3/7,15:00,16:00,0.7948,0.0283,
2025/3/7,16:00,17:00,0.5399,0.0192,
2025/3/7,17:00,18:00,0.9704,0.0346,
2025/3/7,18:00,19:00,1.6256,0.058,
2025/3/7,19:00,20:00,1.4671,0.0523,
2025/3/7,20:00,21:00,1.3039,0.0465,
2025/3/7,21:00,22:00,1.9223,0.0686,
2025/3/7,22:00,23:00,1.7263,0.0616,
2025/3/7,23:00,0:00,1.2518,0.0447,
2025/3/8,0:00,1:00,0.5729,0.0204,
2025/3/8,1:00,2:00,0.3157,0.0112,
2025/3/8,2:00,3:00,0.1997,0.0071,
2025/3/8,3:00,4:00,0.0908,0.0032,
2025/3/8,4:00,5:00,0.2818,0.01,
2025/3/8,5:00,6:00,0.0302,0.001,
2025/3/8,6:00,7:00,0.3516,0.0125,
2025/3/8,7:00,8:00,0.6405,0.0228,
2025/3/8,8:00,9:00,1.0175,0.0363,
2025/3/8,9:00,10:00,1.162,0.0415,
2025/3/8,10:00,11:00,1.3691,0.0488,
2025/3/8,11:00,12:00,0.7439,0.0265,
2025/3/8,12:00,13:00,0.5621,0.02,
2025/3/8,13:00,14:00,0.4875,0.0174,
2025/3/8,14:00,15:00,0.5531,0.0197,
2025/3/8,15:00,16:00,0.4026,0.0143,
2025/3/8,16:00,17:00,0.5709,0.0203,
2025/3/8,17:00,18:00,1.2687,0.0453,
2025/3/8,18:00,19:00,1.8556,0.0662,
2025/3/8,19:00,20:00,1.7969,0.0641,
2025/3/8,20:00,21:00,1.4844,0.053,
2025/3/8,21:00,22:00,2.4268,0.0866,
2025/3/8,22:00,23:00,1.4554,0.0519,
2025/3/8,23:00,0:00,0.9418,0.0336,
2025/3/9,0:00,1:00,0.5682,0.0202,
2025/3/9,1:00,2:00,0.4735,0.0169,
2025/3/9,2:00,3:00,0.0876,0.0031,
2025/3/9,3:00,4:00,0.0904,0.0032,
2025/3/9,4:00,5:00,0.0348,0.0012,
2025/3/9,5:00,6:00,0.0534,0.0019,
2025/3/9,6:00,7:00,0.2131,0.0076,
2025/3/9,7:00,8:00,0.5597,0.0199,
2025/3/9,8:00,9:00,0.9003,0.0321,
2025/3/9,9:00,10:00,1.4948,0.0533,
2025/3/9,10:00,11:00,1.1258,0.0402,
2025/3/9,11:00,12:00,1.0124,0.0361,
2025/3/9,12:00,13:00,0.6456,0.023,
2025/3/9,13:00,14:00,0.6207,0.0221,
2025/3/9,14:00,15:00,0.5252,0.0187,
2025/3/9,15:00,16:00,0.4039,0.0144,
2025/3/9,16:00,17:00,0.4486,0.016,
2025/3/9,17:00,18:00,1.2211,0.0436,
2025/3/9,18:00,19:00,2.4702,0.0882,
2025/3/9,19:00,20:00,1.6081,0.0574,
2025/3/9,20:00,21:00,1.5136,0.054,
2025/3/9,21:00,22:00,1.9837,0.0708,
2025/3/9,22:00,23:00,1.5891,0.0567,
2025/3/9,23:00,0:00,0.8908,0.0318,
2025/3/10,0:00,1:00,0.776,0.0277,
2025/3/10,1:00,2:00,0.2599,0.0092,
2025/3/10,2:00,3:00,0.1921,0.0068,
2025/3/10,3:00,4:00,0.1482,0.0052,
2025/3/10,4:00,5:00,0.1824,0.0065,
2025/3/10,5:00,6:00,0.0464,0.0016,
2025/3/10,6:00,7:00,0.594,0.0212,
2025/3/10,7:00,8:00,1.6192,0.0578,
2025/3/10,8:00,9:00,1.5329,0.0547,
2025/3/10,9:00,10:00,0.7863,0.028,
2025/3/10,10:00,11:00,0.4697,0.0167,
2025/3/10,11:00,12:00,0.4371,0.0156,
2025/3/10,12:00,13:00,0.2642,0.0094,
2025/3/10,13:00,14:00,0.2915,0.0104,
2025/3/10,14:00,15:00,0.3151,0.0112,
2025/3/10,15:00,16:00,0.2319,0.0082,
2025/3/10,16:00,17:00,0.5984,0.0213,
2025/3/10,17:00,18:00,0.5849,0.0208,
2025/3/10,18:00,19:00,1.8863,0.0673,
2025/3/10,19:00,20:00,1.7916,0.0639,
2025/3/10,20:00,21:00,2.2347,0.0798,
2025/3/10,21:00,22:00,1.9972,0.0713,
2025/3/10,22:00,23:00,1.4061,0.0502,
2025/3/10,23:00,0:00,1.2003,0.0428,
2025/3/11,0:00,1:00,0.534,0.019,
2025/3/11,1:00,2:00,0.3319,0.0118,
2025/3/11,2:00,3:00,0.1416,0.005,
2025/3/11,3:00,4:00,0.0572,0.002,
2025/3/11,4:00,5:00,0.2386,0.0085,
2025/3/11,5:00,6:00,0.0479,0.0017,
2025/3/11,6:00,7:00,0.9844,0.0351,
2025/3/11,7:00,8:00,1.5875,0.0566,
2025/3/11,8:00,9:00,1.2952,0.0462,
2025/3/11,9:00,10:00,1.0745,0.0383,
2025/3/11,10:00,11:00,0.5672,0.0202,
2025/3/11,11:00,12:00,0.3294,0.0117,
2025/3/11,12:00,13:00,0.2691,0.0096,
2025/3/11,13:00,14:00,0.2733,0.0097,
2025/3/11,14:00,15:00,0.2894,0.0103,
2025/3/11,15:00,16:00,0.3486,0.0124,
2025/3/11,16:00,17:00,0.3,0.0107,
2025/3/11,17:00,18:00,1.2345,0.044,
2025/3/11,18:00,19:00,1.812,0.0647,
2025/3/11,19:00,20:00,2.0128,0.0718,
2025/3/11,20:00,21:00,2.1758,0.0777,
2025/3/11,21:00,22:00,1.6273,0.0581,
2025/3/11,22:00,23:00,1.3953,0.0498,
2025/3/11,23:00,0:00,1.0036,0.0358,
2025/3/12,0:00,1:00,0.6752,0.0241,
2025/3/12,1:00,2:00,0.3242,0.0115,
2025/3/12,2:00,3:00,0.249,0.0088,
2025/3/12,3:00,4:00,0.3549,0.0126,
2025/3/12,4:00,5:00,0.1649,0.0058,
2025/3/12,5:00,6:00,0.1561,0.0055,
2025/3/12,6:00,7:00,0.8888,0.0317,
2025/3/12,7:00,8:00,1.3939,0.0497,
2025/3/12,8:00,9:00,1.3079,0.0467,
2025/3/12,9:00,10:00,0.788,0.0281,
2025/3/12,10:00,11:00,0.6974,0.0249,
2025/3/12,11:00,12:00,0.293,0.0104,
2025/3/12,12:00,13:00,0.1338,0.0047,
2025/3/12,13:00,14:00,0.3986,0.0142,
2025/3/12,14:00,15:00,0.2368,0.0084,
2025/3/12,15:00,16:00,0.3243,0.0115,
2025/3/12,16:00,17:00,0.5268,0.0188,
2025/3/12,17:00,18:00,1.0653,0.038,
2025/3/12,18:00,19:00,2.0828,0.0743,
2025/3/12,19:00,20:00,1.9603,0.07,
2025/3/12,20:00,21:00,1.7158,0.0612,
2025/3/12,21:00,22:00,2.0918,0.0747,
2025/3/12,22:00,23:00,1.3284,0.0474,
2025/3/12,23:00,0:00,1.0737,0.0383,
2025/3/13,0:00,1:00,0.6896,0.0246,
2025/3/13,1:00,2:00,0.4028,0.0143,
2025/3/13,2:00,3:00,0.335,0.0119,
2025/3/13,3:00,4:00,0.0539,0.0019,
2025/3/13,4:00,5:00,0.0377,0.0013,
2025/3/13,5:00,6:00,0.3629,0.0129,
2025/3/13,6:00,7:00,0.929,0.0331,
2025/3/13,7:00,8:00,1.2078,0.0431,
2025/3/13,8:00,9:00,1.3693,0.0489,
2025/3/13,9:00,10:00,0.586,0.0209,
2025/3/13,10:00,11:00,0.4425,0.0158,
2025/3/13,11:00,12:00,0.5756,0.0205,
2025/3/13,12:00,13:00,0.2034,0.0072,
2025/3/13,13:00,14:00,0.1338,0.0047,
2025/3/13,14:00,15:00,0.2655,0.0094,
2025/3/13,15:00,16:00,0.2831,0.0101,
2025/3/13,16:00,17:00,0.801,0.0286,
2025/3/13,17:00,18:00,1.0789,0.0385,
2025/3/13,18:00,19:00,1.7999,0.0642,
2025/3/13,19:00,20:00,1.9525,0.0697,
2025/3/13,20:00,21:00,1.5315,0.0546,
2025/3/13,21:00,22:00,2.0225,0.0722,
2025/3/13,22:00,23:00,1.366,0.0487,
2025/3/13,23:00,0:00,0.8058,0.0287,
2025/3/14,0:00,1:00,0.6881,0.0245,
2025/3/14,1:00,2:00,0.4254,0.0151,
2025/3/14,2:00,3:00,0.2579,0.0092,
2025/3/14,3:00,4:00,0.1112,0.0039,
2025/3/14,4:00,5:00,0.2825,0.01,
2025/3/14,5:00,6:00,0.234,0.0083,
2025/3/14,6:00,7:00,0.7065,0.0252,
2025/3/14,7:00,8:00,1.8105,0.0646,
2025/3/14,8:00,9:00,1.0057,0.0359,
2025/3/14,9:00,10:00,0.8405,0.03,
2025/3/14,10:00,11:00,0.5709,0.0203,
2025/3/14,11:00,12:00,0.1676,0.0059,
2025/3/14,12:00,13:00,0.1598,0.0057,
2025/3/14,13:00,14:00,0.1056,0.0037,
2025/3/14,14:00,15:00,0.3481,0.0124,
2025/3/14,15:00,16:00,0.6878,0.0245,
2025/3/14,16:00,17:00,0.3709,0.0132,
2025/3/14,17:00,18:00,0.9478,0.0338,
2025/3/14,18:00,19:00,1.6544,0.059,
2025/3/14,19:00,20:00,1.9275,0.0688,
2025/3/14,20:00,21:00,1.2788,0.0456,
2025/3/14,21:00,22:00,2.3555,0.0841,
2025/3/14,22:00,23:00,1.6034,0.0572,
2025/3/14,23:00,0:00,1.4757,0.0527,
2025/3/15,0:00,1:00,0.6793,0.0242,
2025/3/15,1:00,2:00,0.6613,0.0236,
2025/3/15,2:00,3:00,0.1129,0.004,
2025/3/15,3:00,4:00,0.0727,0.0025,
2025/3/15,4:00,5:00,0.0298,0.001,
2025/3/15,5:00,6:00,0.0985,0.0035,
2025/3/15,6:00,7:00,0.1853,0.0066,
2025/3/15,7:00,8:00,1.2942,0.0462,
2025/3/15,8:00,9:00,1.5029,0.0536,
2025/3/15,9:00,10:00,0.9876,0.0352,
2025/3/15,10:00,11:00,0.6071,0.0216,
2025/3/15,11:00,12:00,0.4999,0.0178,
2025/3/15,12:00,13:00,0.5104,0.0182,
2025/3/15,13:00,14:00,0.7799,0.0278,
2025/3/15,14:00,15:00,0.6036,0.0215,
2025/3/15,15:00,16:00,0.4402,0.0157,
2025/3/15,16:00,17:00,0.597,0.0213,
2025/3/15,17:00,18:00,1.0419,0.0372,
2025/3/15,18:00,19:00,1.5553,0.0555,
2025/3/15,19:00,20:00,1.6363,0.0584,
2025/3/15,20:00,21:00,1.5921,0.0568,
2025/3/15,21:00,22:00,1.5851,0.0566,
2025/3/15,22:00,23:00,2.1045,0.0751,
2025/3/15,23:00,0:00,0.8149,0.0291,
2025/3/16,0:00,1:00,0.8829,0.0315,
2025/3/16,1:00,2:00,0.1247,0.0044,
2025/3/16,2:00,3:00,0.0848,0.003,
2025/3/16,3:00,4:00,0.0307,0.001,
2025/3/16,4:00,5:00,0.1182,0.0042,
2025/3/16,5:00,6:00,0.0468,0.0016,
2025/3/16,6:00,7:00,0.0719,0.0025,
2025/3/16,7:00,8:00,0.561,0.02,
2025/3/16,8:00,9:00,1.0721,0.0382,
2025/3/16,9:00,10:00,2.059,0.0735,
2025/3/16,10:00,11:00,1.0112,0.0361,
2025/3/16,11:00,12:00,0.8135,0.029,
2025/3/16,12:00,13:00,0.6235,0.0222,
2025/3/16,13:00,14:00,1.2574,0.0449,
2025/3/16,14:00,15:00,0.4272,0.0152,
2025/3/16,15:00,16:00,0.4449,0.0158,
2025/3/16,16:00,17:00,0.8517,0.0304,
2025/3/16,17:00,18:00,1.4131,0.0504,
2025/3/16,18:00,19:00,1.5935,0.0569,
2025/3/16,19:00,20:00,2.3358,0.0834,
2025/3/16,20:00,21:00,1.9368,0.0691,
2025/3/16,21:00,22:00,1.7211,0.0614,
2025/3/16,22:00,23:00,2.0771,0.0741,
2025/3/16,23:00,0:00,1.041,0.0371,
2025/3/17,0:00,1:00,0.6433,0.0229,
2025/3/17,1:00,2:00,0.414,0.0147,
2025/3/17,2:00,3:00,0.1505,0.0053,
2025/3/17,3:00,4:00,0.0256,0.0009,
2025/3/17,4:00,5:00,0.0156,0.0005,
2025/3/17,5:00,6:00,0.1866,0.0066,
2025/3/17,6:00,7:00,0.5964,0.0213,
2025/3/17,7:00,8:00,1.4839,0.0529,
2025/3/17,8:00,9:00,1.3362,0.0477,
2025/3/17,9:00,10:00,1.2063,0.043,
2025/3/17,10:00,11:00,0.6084,0.0217,
2025/3/17,11:00,12:00,0.4247,0.0151,
2025/3/17,12:00,13:00,0.3925,0.014,
2025/3/17,13:00,14:00,0.6249,0.0223,
2025/3/17,14:00,15:00,0.2651,0.0094,
2025/3/17,15:00,16:00,0.2517,0.0089,
2025/3/17,16:00,17:00,0.6486,0.0231,
2025/3/17,17:00,18:00,0.9806,0.035,
2025/3/17,18:00,19:00,1.6338,0.0583,
2025/3/17,19:00,20:00,1.0984,0.0392,
2025/3/17,20:00,21:00,1.8105,0.0646,
2025/3/17,21:00,22:00,2.3314,0.0832,
2025/3/17,22:00,23:00,1.5592,0.0556,
2025/3/17,23:00,0:00,1.0814,0.0386,
2025/3/18,0:00,1:00,0.815,0.0291,
2025/3/18,1:00,2:00,0.3548,0.0126,
2025/3/18,2:00,3:00,0.2366,0.0084,
2025/3/18,3:00,4:00,0.321,0.0114,
2025/3/18,4:00,5:00,0.162,0.0057,
2025/3/18,5:00,6:00,0.1371,0.0048,
2025/3/18,6:00,7:00,0.7371,0.0263,
2025/3/18,7:00,8:00,0.965,0.0344,
2025/3/18,8:00,9:00,1.3606,0.0485,
2025/3/18,9:00,10:00,0.608,0.0217,
2025/3/18,10:00,11:00,0.4769,0.017,
2025/3/18,11:00,12:00,0.2502,0.0089,
2025/3/18,12:00,13:00,0.2589,0.0092,
2025/3/18,13:00,14:00,0.3622,0.0129,
2025/3/18,14:00,15:00,0.6057,0.0216,
2025/3/18,15:00,16:00,0.4563,0.0162,
2025/3/18,16:00,17:00,0.535,0.0191,
2025/3/18,17:00,18:00,0.7912,0.0282,
2025/3/18,18:00,19:00,1.4928,0.0533,
2025/3/18,19:00,20:00,1.3636,0.0487,
2025/3/18,20:00,21:00,2.1241,0.0758,
2025/3/18,21:00,22:00,2.1551,0.0769,
2025/3/18,22:00,23:00,1.6515,0.0589,
2025/3/18,23:00,0:00,1.2917,0.0461,
2025/3/19,0:00,1:00,0.4869,0.0173,
2025/3/19,1:00,2:00,0.6586,0.0235,
2025/3/19,2:00,3:00,0.3359,0.0119,
2025/3/19,3:00,4:00,0.0313,0.0011,
2025/3/19,4:00,5:00,0.0783,0.0027,
2025/3/19,5:00,6:00,0.3738,0.0133,
2025/3/19,6:00,7:00,0.6362,0.0227,
2025/3/19,7:00,8:00,1.1367,0.0405,
2025/3/19,8:00,9:00,1.0705,0.0382,
2025/3/19,9:00,10:00,0.8352,0.0298,
2025/3/19,10:00,11:00,0.7203,0.0257,
2025/3/19,11:00,12:00,0.3581,0.0127,
2025/3/19,12:00,13:00,0.4111,0.0146,
2025/3/19,13:00,14:00,0.3665,0.013,
2025/3/19,14:00,15:00,0.4544,0.0162,
2025/3/19,15:00,16:00,0.3334,0.0119,
2025/3/19,16:00,17:00,0.8731,0.0311,
2025/3/19,17:00,18:00,1.0953,0.0391,
2025/3/19,18:00,19:00,1.8513,0.0661,
2025/3/19,19:00,20:00,1.5337,0.0547,
2025/3/19,20:00,21:00,1.6813,0.06,
2025/3/19,21:00,22:00,1.4605,0.0521,
2025/3/19,22:00,23:00,1.2645,0.0451,
2025/3/19,23:00,0:00,1.0683,0.0381,
2025/3/20,0:00,1:00,0.872,0.0311,
2025/3/20,1:00,2:00,0.509,0.0181,
2025/3/20,2:00,3:00,0.3498,0.0124,
2025/3/20,3:00,4:00,0.0506,0.0018,
2025/3/20,4:00,5:00,0.0798,0.0028,
2025/3/20,5:00,6:00,0.0519,0.0018,
2025/3/20,6:00,7:00,0.1339,0.0047,
2025/3/20,7:00,8:00,0.6008,0.0214,
2025/3/20,8:00,9:00,0.8731,0.0311,
2025/3/20,9:00,10:00,1.5015,0.0536,
2025/3/20,10:00,11:00,1.6721,0.0597,
2025/3/20,11:00,12:00,0.8147,0.029,
2025/3/20,12:00,13:00,0.6778,0.0242,
2025/3/20,13:00,14:00,0.6399,0.0228,
2025/3/20,14:00,15:00,0.6097,0.0217,
2025/3/20,15:00,16:00,0.1756,0.0062,
2025/3/20,16:00,17:00,0.3017,0.0107,
2025/3/20,17:00,18:00,0.6547,0.0233,
2025/3/20,18:00,19:00,1.3315,0.0475,
2025/3/20,19:00,20:00,1.4478,0.0517,
2025/3/20,20:00,21:00,1.4216,0.0507,
2025/3/20,21:00,22:00,2.0539,0.0733,
2025/3/20,22:00,23:00,2.3327,0.0833,
2025/3/20,23:00,0:00,1.2233,0.0436,
2025/3/21,0:00,1:00,0.9605,0.0343,
2025/3/21,1:00,2:00,0.4691,0.0167,
2025/3/21,2:00,3:00,0.5146,0.0183,
2025/3/21,3:00,4:00,0.1506,0.0053,
2025/3/21,4:00,5:00,0.1206,0.0043,
2025/3/21,5:00,6:00,0.3508,0.0125,
2025/3/21,6:00,7:00,0.3792,0.0135,
2025/3/21,7:00,8:00,1.1725,0.0418,
2025/3/21,8:00,9:00,1.2819,0.0457,
2025/3/21,9:00,10:00,1.534,0.0547,
2025/3/21,10:00,11:00,0.6274,0.0224,
2025/3/21,11:00,12:00,0.3786,0.0135,
2025/3/21,12:00,13:00,0.2658,0.0094,
2025/3/21,13:00,14:00,0.3861,0.0137,
2025/3/21,14:00,15:00,0.3233,0.0115,
2025/3/21,15:00,16:00,0.2601,0.0092,
2025/3/21,16:00,17:00,0.2998,0.0107,
2025/3/21,17:00,18:00,0.8613,0.0307,
2025/3/21,18:00,19:00,1.4442,0.0515,
2025/3/21,19:00,20:00,2.089,0.0746,
2025/3/21,20:00,21:00,1.3744,0.049,
2025/3/21,21:00,22:00,1.9764,0.0705,
2025/3/21,22:00,23:00,1.4236,0.0508,
2025/3/21,23:00,0:00,1.2621,0.045,
2025/3/22,0:00,1:00,0.9193,0.0328,
2025/3/22,1:00,2:00,0.5702,0.0203,
2025/3/22,2:00,3:00,0.1342,0.0047,
2025/3/22,3:00,4:00,0.1905,0.0068,
2025/3/22,4:00,5:00,0.0864,0.003,
2025/3/22,5:00,6:00,0.1208,0.0043,
2025/3/22,6:00,7:00,0.2486,0.0088,
2025/3/22,7:00,8:00,0.5001,0.0178,
2025/3/22,8:00,9:00,1.1119,0.0397,
2025/3/22,9:00,10:00,0.8583,0.0306,
2025/3/22,10:00,11:00,1.1088,0.0396,
2025/3/22,11:00,12:00,0.6795,0.0242,
2025/3/22,12:00,13:00,0.7591,0.0271,
2025/3/22,13:00,14:00,0.7277,0.0259,
2025/3/22,14:00,15:00,0.4459,0.0159,
2025/3/22,15:00,16:00,0.2349,0.0083,
2025/3/22,16:00,17:00,0.7194,0.0256,
2025/3/22,17:00,18:00,1.1871,0.0423,
2025/3/22,18:00,19:00,1.2082,0.0431,
2025/3/22,19:00,20:00,1.6803,0.06,
2025/3/22,20:00,21:00,1.3646,0.0487,
2025/3/22,21:00,22:00,1.4726,0.0525,
2025/3/22,22:00,23:00,1.855,0.0662,
2025/3/22,23:00,0:00,1.4128,0.0504,
2025/3/23,0:00,1:00,0.7997,0.0285,
2025/3/23,1:00,2:00,0.1769,0.0063,
2025/3/23,2:00,3:00,0.3215,0.0114,
2025/3/23,3:00,4:00,0.1156,0.0041,
2025/3/23,4:00,5:00,0.2123,0.0075,
2025/3/23,5:00,6:00,0.2088,0.0074,
2025/3/23,6:00,7:00,0.265,0.0094,
2025/3/23,7:00,8:00,0.2966,0.0105,
2025/3/23,8:00,9:00,1.5641,0.0558,
2025/3/23,9:00,10:00,1.4132,0.0504,
2025/3/23,10:00,11:00,0.9398,0.0335,
2025/3/23,11:00,12:00,0.6673,0.0238,
2025/3/23,12:00,13:00,0.6978,0.0249,
2025/3/23,13:00,14:00,0.6394,0.0228,
2025/3/23,14:00,15:00,0.4964,0.0177,
2025/3/23,15:00,16:00,0.3533,0.0126,
2025/3/23,16:00,17:00,0.7609,0.0271,
2025/3/23,17:00,18:00,1.9754,0.0705,
2025/3/23,18:00,19:00,1.9119,0.0682,
2025/3/23,19:00,20:00,1.8686,0.0667,
2025/3/23,20:00,21:00,2.9027,0.1036,
2025/3/23,21:00,22:00,1.8636,0.0665,
2025/3/23,22:00,23:00,1.2753,0.0455,
2025/3/23,23:00,0:00,0.7497,0.0267,
2025/3/24,0:00,1:00,0.768,0.0274,
2025/3/24,1:00,2:00,0.3834,0.0136,
2025/3/24,2:00,3:00,0.1215,0.0043,
2025/3/24,3:00,4:00,0.0792,0.0028,
2025/3/24,4:00,5:00,0.0516,0.0018,
2025/3/24,5:00,6:00,0.025,0.0008,
2025/3/24,6:00,7:00,0.6679,0.0238,
2025/3/24,7:00,8:00,1.5246,0.0544,
2025/3/24,8:00,9:00,1.3228,0.0472,
2025/3/24,9:00,10:00,0.8331,0.0297,
2025/3/24,10:00,11:00,0.6286,0.0224,
2025/3/24,11:00,12:00,0.1963,0.007,
2025/3/24,12:00,13:00,0.2659,0.0094,
2025/3/24,13:00,14:00,0.3074,0.0109,
2025/3/24,14:00,15:00,0.3221,0.0115,
2025/3/24,15:00,16:00,0.2675,0.0095,
2025/3/24,16:00,17:00,0.2543,0.009,
2025/3/24,17:00,18:00,1.0646,0.038,
2025/3/24,18:00,19:00,1.8205,0.065,
2025/3/24,19:00,20:00,1.7563,0.0627,
2025/3/24,20:00,21:00,2.2503,0.0803,
2025/3/24,21:00,22:00,1.8868,0.0673,
2025/3/24,22:00,23:00,1.8598,0.0664,
2025/3/24,23:00,0:00,0.7123,0.0254,
2025/3/25,0:00,1:00,0.8071,0.0288,
2025/3/25,1:00,2:00,0.5395,0.0192,
2025/3/25,2:00,3:00,0.4322,0.0154,
2025/3/25,3:00,4:00,0.4017,0.0143,
2025/3/25,4:00,5:00,0.0599,0.0021,
2025/3/25,5:00,6:00,0.1211,0.0043,
2025/3/25,6:00,7:00,0.695,0.0248,
2025/3/25,7:00,8:00,1.3798,0.0492,
2025/3/25,8:00,9:00,1.1279,0.0402,
2025/3/25,9:00,10:00,1.2429,0.0443,
2025/3/25,10:00,11:00,0.5053,0.018,
2025/3/25,11:00,12:00,0.2644,0.0094,
2025/3/25,12:00,13:00,0.3009,0.0107,
2025/3/25,13:00,14:00,0.3783,0.0135,
2025/3/25,14:00,15:00,0.368,0.0131,
2025/3/25,15:00,16:00,0.2348,0.0083,
2025/3/25,16:00,17:00,0.506,0.018,
2025/3/25,17:00,18:00,0.871,0.0311,
2025/3/25,18:00,19:00,1.5253,0.0544,
2025/3/25,19:00,20:00,1.4213,0.0507,
2025/3/25,20:00,21:00,1.1967,0.0427,
2025/3/25,21:00,22:00,1.8896,0.0674,
2025/3/25,22:00,23:00,1.6396,0.0585,
2025/3/25,23:00,0:00,0.8431,0.0301,
2025/3/26,0:00,1:00,1.1448,0.0408,
2025/3/26,1:00,2:00,0.4969,0.0177,
2025/3/26,2:00,3:00,0.1545,0.0055,
2025/3/26,3:00,4:00,0.08,0.0028,
2025/3/26,4:00,5:00,0.0796,0.0028,
2025/3/26,5:00,6:00,0.2172,0.0077,
2025/3/26,6:00,7:00,0.668,0.0238,
2025/3/26,7:00,8:00,1.1512,0.0411,
2025/3/26,8:00,9:00,1.6415,0.0586,
2025/3/26,9:00,10:00,1.1493,0.041,
2025/3/26,10:00,11:00,0.6362,0.0227,
2025/3/26,11:00,12:00,0.3233,0.0115,
2025/3/26,12:00,13:00,0.212,0.0075,
2025/3/26,13:00,14:00,0.6519,0.0232,
2025/3/26,14:00,15:00,0.4838,0.0172,
2025/3/26,15:00,16:00,0.3097,0.011,
2025/3/26,16:00,17:00,0.389,0.0138,
2025/3/26,17:00,18:00,0.5761,0.0205,
2025/3/26,18:00,19:00,2.1472,0.0766,
2025/3/26,19:00,20:00,2.3473,0.0838,
2025/3/26,20:00,21:00,1.311,0.0468,
2025/3/26,21:00,22:00,1.7547,0.0626,
2025/3/26,22:00,23:00,1.6707,0.0596,
2025/3/26,23:00,0:00,1.346,0.048,
2025/3/27,0:00,1:00,0.8866,0.0316,
2025/3/27,1:00,2:00,0.4109,0.0146,
2025/3/27,2:00,3:00,0.1079,0.0038,
2025/3/27,3:00,4:00,0.2356,0.0084,
2025/3/27,4:00,5:00,0.1429,0.0051,
2025/3/27,5:00,6:00,0.248,0.0088,
2025/3/27,6:00,7:00,0.6532,0.0233,
2025/3/27,7:00,8:00,1.3976,0.0499,
2025/3/27,8:00,9:00,0.9971,0.0356,
2025/3/27,9:00,10:00,0.8022,0.0286,
2025/3/27,10:00,11:00,0.4839,0.0172,
2025/3/27,11:00,12:00,0.5147,0.0183,
2025/3/27,12:00,13:00,0.3278,0.0117,
2025/3/27,13:00,14:00,0.3209,0.0114,
2025/3/27,14:00,15:00,0.4043,0.0144,
2025/3/27,15:00,16:00,0.0752,0.0026,
2025/3/27,16:00,17:00,0.1866,0.0066,
2025/3/27,17:00,18:00,0.4744,0.0169,
2025/3/27,18:00,19:00,1.2681,0.0452,
2025/3/27,19:00,20:00,1.9001,0.0678,
2025/3/27,20:00,21:00,1.4446,0.0515,
2025/3/27,21:00,22:00,1.8833,0.0672,
2025/3/27,22:00,23:00,1.1721,0.0418,
2025/3/27,23:00,0:00,0.5466,0.0195,
2025/3/28,0:00,1:00,0.7504,0.0268,
2025/3/28,1:00,2:00,0.6836,0.0244,
2025/3/28,2:00,3:00,0.0769,0.0027,
2025/3/28,3:00,4:00,0.1969,0.007,
2025/3/28,4:00,5:00,0.0237,0.0008,
2025/3/28,5:00,6:00,0.0384,0.0013,
2025/3/28,6:00,7:00,0.5419,0.0193,
2025/3/28,7:00,8:00,0.9835,0.0351,
2025/3/28,8:00,9:00,1.113,0.0397,
2025/3/28,9:00,10:00,1.2304,0.0439,
2025/3/28,10:00,11:00,0.4788,0.0171,
2025/3/28,11:00,12:00,0.3788,0.0135,
2025/3/28,12:00,13:00,0.1508,0.0053,
2025/3/28,13:00,14:00,0.2522,0.009,
2025/3/28,14:00,15:00,0.3565,0.0127,
2025/3/28,15:00,16:00,0.2309,0.0082,
2025/3/28,16:00,17:00,0.394,0.014,
2025/3/28,17:00,18:00,0.7247,0.0258,
2025/3/28,18:00,19:00,1.5291,0.0546,
2025/3/28,19:00,20:00,1.131,0.0403,
2025/3/28,20:00,21:00,1.4095,0.0503,
2025/3/28,21:00,22:00,1.8464,0.0659,
2025/3/28,22:00,23:00,1.8042,0.0644,
2025/3/28,23:00,0:00,0.7201,0.0257,
2025/3/29,0:00,1:00,0.9796,0.0349,
2025/3/29,1:00,2:00,0.3171,0.0113,
2025/3/29,2:00,3:00,0.124,0.0044,
2025/3/29,3:00,4:00,0.149,0.0053,
2025/3/29,4:00,5:00,0.1749,0.0062,
2025/3/29,5:00,6:00,0.1188,0.0042,
2025/3/29,6:00,7:00,0.223,0.0079,
2025/3/29,7:00,8:00,0.7436,0.0265,
2025/3/29,8:00,9:00,1.353,0.0483,
2025/3/29,9:00,10:00,0.9319,0.0332,
2025/3/29,10:00,11:00,1.074,0.0383,
2025/3/29,11:00,12:00,0.6119,0.0218,
2025/3/29,12:00,13:00,0.5014,0.0179,
2025/3/29,13:00,14:00,0.5669,0.0202,
2025/3/29,14:00,15:00,0.7226,0.0258,
2025/3/29,15:00,16:00,0.4505,0.016,
2025/3/29,16:00,17:00,0.7087,0.0253,
2025/3/29,17:00,18:00,1.0447,0.0373,
2025/3/29,18:00,19:00,1.4905,0.0532,
2025/3/29,19:00,20:00,1.5405,0.055,
2025/3/29,20:00,21:00,1.8598,0.0664,
2025/3/29,21:00,22:00,1.5877,0.0567,
2025/3/29,22:00,23:00,1.5832,0.0565,
2025/3/29,23:00,0:00,0.9368,0.0334,
2025/3/30,0:00,1:00,0.6895,0.0246,
2025/3/30,1:00,2:00,0.4457,0.0159,
2025/3/30,2:00,3:00,0.3339,0.0119,
2025/3/30,3:00,4:00,0.0885,0.0031,
2025/3/30,4:00,5:00,0.0063,0.0002,
2025/3/30,5:00,6:00,0.0417,0.0014,
2025/3/30,6:00,7:00,0.3426,0.0122,
2025/3/30,7:00,8:00,1.0065,0.0359,
2025/3/30,8:00,9:00,1.2268,0.0438,
2025/3/30,9:00,10:00,1.3705,0.0489,
2025/3/30,10:00,11:00,0.8725,0.0311,
2025/3/30,11:00,12:00,0.3482,0.0124,
2025/3/30,12:00,13:00,0.7838,0.0279,
2025/3/30,13:00,14:00,0.5212,0.0186,
2025/3/30,14:00,15:00,0.593,0.0211,
2025/3/30,15:00,16:00,0.5093,0.0181,
2025/3/30,16:00,17:00,0.4407,0.0157,
2025/3/30,17:00,18:00,0.5358,0.0191,
2025/3/30,18:00,19:00,1.6287,0.0581,
2025/3/30,19:00,20:00,1.8831,0.0672,
2025/3/30,20:00,21:00,1.1025,0.0393,
2025/3/30,21:00,22:00,1.8273,0.0652,
2025/3/30,22:00,23:00,2.2479,0.0802,
2025/3/30,23:00,0:00,1.0823,0.0386,
2025/3/31,0:00,1:00,0.5608,0.02,
2025/3/31,1:00,2:00,0.5824,0.0208,
2025/3/31,2:00,3:00,0.3246,0.0115,
2025/3/31,3:00,4:00,0.0205,0.0007,
2025/3/31,4:00,5:00,0.0202,0.0007,
2025/3/31,5:00,6:00,0.0263,0.0009,
2025/3/31,6:00,7:00,0.5961,0.0212,
2025/3/31,7:00,8:00,0.9871,0.0352,
2025/3/31,8:00,9:00,1.0509,0.0375,
2025/3/31,9:00,10:00,0.9497,0.0339,
2025/3/31,10:00,11:00,1.0502,0.0375,
2025/3/31,11:00,12:00,0.4876,0.0174,
2025/3/31,12:00,13:00,0.2973,0.0106,
2025/3/31,13:00,14:00,0.5859,0.0209,
2025/3/31,14:00,15:00,0.3154,0.0112,
2025/3/31,15:00,16:00,0.4125,0.0147,
2025/3/31,16:00,17:00,0.4105,0.0146,
2025/3/31,17:00,18:00,1.0295,0.0367,
2025/3/31,18:00,19:00,1.2354,0.0441,
2025/3/31,19:00,20:00,1.6186,0.0578,
2025/3/31,20:00,21:00,1.6161,0.0577,
2025/3/31,21:00,22:00,2.2207,0.0793,
2025/3/31,22:00,23:00,2.0772,0.0741,
2025/3/31,23:00,0:00,0.978,0.0349,
2025/4/1,0:00,1:00,0.7905,0.0282,
2025/4/1,1:00,2:00,0.3688,0.0131,
2025/4/1,2:00,3:00,0.2617,0.0093,
2025/4/1,3:00,4:00,0.1227,0.0043,
2025/4/1,4:00,5:00,0.204,0.0072,
2025/4/1,5:00,6:00,0.0848,0.003,
2025/4/1,6:00,7:00,0.9002,0.0321,
2025/4/1,7:00,8:00,0.8646,0.0308,
2025/4/1,8:00,9:00,0.7441,0.0265,
2025/4/1,9:00,10:00,0.7175,0.0256,
2025/4/1,10:00,11:00,0.2756,0.0098,
2025/4/1,11:00,12:00,0.4438,0.0158,
2025/4/1,12:00,13:00,0.2507,0.0089,
2025/4/1,13:00,14:00,0.2726,0.0097,
2025/4/1,14:00,15:00,0.3265,0.0116,
2025/4/1,15:00,16:00,0.2337,0.0083,
2025/4/1,16:00,17:00,0.2221,0.0079,
2025/4/1,17:00,18:00,1.0975,0.0391,
2025/4/1,18:00,19:00,1.7578,0.0627,
2025/4/1,19:00,20:00,2.1651,0.0773,
2025/4/1,20:00,21:00,1.7432,0.0622,
2025/4/1,21:00,22:00,1.4855,0.053,
2025/4/1,22:00,23:00,1.3424,0.0479,
2025/4/1,23:00,0:00,0.8681,0.031,
2025/4/2,0:00,1:00,0.7219,0.0257,
2025/4/2,1:00,2:00,0.6237,0.0222,
2025/4/2,2:00,3:00,0.1607,0.0057,
2025/4/2,3:00,4:00,0.0465,0.0016,
2025/4/2,4:00,5:00,0.0518,0.0018,
2025/4/2,5:00,6:00,0.222,0.0079,
2025/4/2,6:00,7:00,0.4215,0.015,
2025/4/2,7:00,8:00,0.8902,0.0317,
2025/4/2,8:00,9:00,0.9385,0.0335,
2025/4/2,9:00,10:00,0.8302,0.0296,
2025/4/2,10:00,11:00,1.0039,0.0358,
2025/4/2,11:00,12:00,0.6005,0.0214,
2025/4/2,12:00,13:00,0.4399,0.0157,
2025/4/2,13:00,14:00,0.3262,0.0116,
2025/4/2,14:00,15:00,0.3469,0.0123,
2025/4/2,15:00,16:00,0.276,0.0098,
2025/4/2,16:00,17:00,1.2474,0.0445,
2025/4/2,17:00,18:00,1.1468,0.0409,
2025/4/2,18:00,19:00,1.9044,0.068,
2025/4/2,19:00,20:00,1.2026,0.0429,
2025/4/2,20:00,21:00,1.5422,0.055,
2025/4/2,21:00,22:00,1.4156,0.0505,
2025/4/2,22:00,23:00,1.7386,0.062,
2025/4/2,23:00,0:00,0.7526,0.0268,
2025/4/3,0:00,1:00,0.9651,0.0344,
2025/4/3,1:00,2:00,0.381,0.0136,
2025/4/3,2:00,3:00,0.3737,0.0133,
2025/4/3,3:00,4:00,0.1275,0.0045,
2025/4/3,4:00,5:00,0.069,0.0024,
2025/4/3,5:00,6:00,0.3167,0.0113,
2025/4/3,6:00,7:00,0.7763,0.0277,
2025/4/3,7:00,8:00,1.0901,0.0389,
2025/4/3,8:00,9:00,1.0352,0.0369,
2025/4/3,9:00,10:00,0.8093,0.0289,
2025/4/3,10:00,11:00,0.3617,0.0129,
2025/4/3,11:00,12:00,0.1972,0.007,
2025/4/3,12:00,13:00,0.5853,0.0209,
2025/4/3,13:00,14:00,0.4624,0.0165,
2025/4/3,14:00,15:00,0.5777,0.0206,
2025/4/3,15:00,16:00,0.3683,0.0131,
2025/4/3,16:00,17:00,0.4568,0.0163,
2025/4/3,17:00,18:00,0.676,0.0241,
2025/4/3,18:00,19:00,1.9786,0.0706,
2025/4/3,19:00,20:00,1.8525,0.0661,
2025/4/3,20:00,21:00,1.9778,0.0706,
2025/4/3,21:00,22:00,1.6276,0.0581,
2025/4/3,22:00,23:00,1.8605,0.0664,
2025/4/3,23:00,0:00,0.9482,0.0338,
2025/4/4,0:00,1:00,0.4824,0.0172,
2025/4/4,1:00,2:00,0.3506,0.0125,
2025/4/4,2:00,3:00,0.2724,0.0097,
2025/4/4,3:00,4:00,0.1904,0.0068,
2025/4/4,4:00,5:00,0.0312,0.0011,
2025/4/4,5:00,6:00,0.1893,0.0067,
2025/4/4,6:00,7:00,0.9213,0.0329,
2025/4/4,7:00,8:00,1.295,0.0462,
2025/4/4,8:00,9:00,0.9797,0.0349,
2025/4/4,9:00,10:00,1.4804,0.0528,
2025/4/4,10:00,11:00,0.8494,0.0303,
2025/4/4,11:00,12:00,0.497,0.0177,
2025/4/4,12:00,13:00,0.3534,0.0126,
2025/4/4,13:00,14:00,0.3885,0.0138,
2025/4/4,14:00,15:00,0.2743,0.0097,
2025/4/4,15:00,16:00,0.1442,0.0051,
2025/4/4,16:00,17:00,0.2751,0.0098,
2025/4/4,17:00,18:00,0.9393,0.0335,
2025/4/4,18:00,19:00,1.2728,0.0454,
2025/4/4,19:00,20:00,2.1764,0.0777,
2025/4/4,20:00,21:00,1.7539,0.0626,
2025/4/4,21:00,22:00,1.1813,0.0421,
2025/4/4,22:00,23:00,1.3755,0.0491,
2025/4/4,23:00,0:00,0.7175,0.0256,
2025/4/5,0:00,1:00,0.6231,0.0222,
2025/4/5,1:00,2:00,0.8608,0.0307,
2025/4/5,2:00,3:00,0.0937,0.0033,
2025/4/5,3:00,4:00,0.0454,0.0016,
2025/4/5,4:00,5:00,0.0423,0.0015,
2025/4/5,5:00,6:00,0.0484,0.0017,
2025/4/5,6:00,7:00,0.2393,0.0085,
2025/4/5,7:00,8:00,0.9106,0.0325,
2025/4/5,8:00,9:00,1.2103,0.0432,
2025/4/5,9:00,10:00,1.2933,0.0461,
2025/4/5,10:00,11:00,0.7146,0.0255,
2025/4/5,11:00,12:00,0.8037,0.0287,
2025/4/5,12:00,13:00,0.7565,0.027,
2025/4/5,13:00,14:00,0.6987,0.0249,
2025/4/5,14:00,15:00,0.3081,0.011,
2025/4/5,15:00,16:00,0.3136,0.0112,
2025/4/5,16:00,17:00,0.5471,0.0195,
2025/4/5,17:00,18:00,0.9914,0.0354,
2025/4/5,18:00,19:00,1.1828,0.0422,
2025/4/5,19:00,20:00,2.2286,0.0795,
2025/4/5,20:00,21:00,1.6249,0.058,
2025/4/5,21:00,22:00,1.566,0.0559,
2025/4/5,22:00,23:00,1.4928,0.0533,
2025/4/5,23:00,0:00,0.8747,0.0312,
2025/4/6,0:00,1:00,0.8719,0.0311,
2025/4/6,1:00,2:00,0.2447,0.0087,
2025/4/6,2:00,3:00,0.217,0.0077,
2025/4/6,3:00,4:00,0.0447,0.0015,
2025/4/6,4:00,5:00,0.141,0.005,
2025/4/6,5:00,6:00,0.1507,0.0053,
2025/4/6,6:00,7:00,0.2306,0.0082,
2025/4/6,7:00,8:00,0.2868,0.0102,
2025/4/6,8:00,9:00,0.5618,0.02,
2025/4/6,9:00,10:00,1.4155,0.0505,
2025/4/6,10:00,11:00,1.1065,0.0395,
2025/4/6,11:00,12:00,0.8094,0.0289,
2025/4/6,12:00,13:00,0.5179,0.0184,
2025/4/6,13:00,14:00,0.5193,0.0185,
2025/4/6,14:00,15:00,0.3819,0.0136,
2025/4/6,15:00,16:00,0.435,0.0155,
2025/4/6,16:00,17:00,0.4127,0.0147,
2025/4/6,17:00,18:00,0.875,0.0312,
2025/4/6,18:00,19:00,1.6908,0.0603,
2025/4/6,19:00,20:00,1.979,0.0706,
2025/4/6,20:00,21:00,2.2665,0.0809,
2025/4/6,21:00,22:00,1.8636,0.0665,
2025/4/6,22:00,23:00,1.8449,0.0658,
2025/4/6,23:00,0:00,0.9133,0.0326,
2025/4/7,0:00,1:00,0.6638,0.0237,
2025/4/7,1:00,2:00,0.4752,0.0169,
2025/4/7,2:00,3:00,0.2109,0.0075,
2025/4/7,3:00,4:00,0.1059,0.0037,
2025/4/7,4:00,5:00,0.0421,0.0015,
2025/4/7,5:00,6:00,0.3337,0.0119,
2025/4/7,6:00,7:00,0.8051,0.0287,
2025/4/7,7:00,8:00,0.8476,0.0302,
2025/4/7,8:00,9:00,1.2884,0.046,
2025/4/7,9:00,10:00,0.5523,0.0197,
2025/4/7,10:00,11:00,0.5855,0.0209,
2025/4/7,11:00,12:00,0.1769,0.0063,
2025/4/7,12:00,13:00,0.4432,0.0158,
2025/4/7,13:00,14:00,0.3254,0.0116,
2025/4/7,14:00,15:00,0.3811,0.0136,
2025/4/7,15:00,16:00,0.3844,0.0137,
2025/4/7,16:00,17:00,0.5079,0.0181,
2025/4/7,17:00,18:00,1.0794,0.0385,
2025/4/7,18:00,19:00,2.8086,0.1003,
2025/4/7,19:00,20:00,2.0967,0.0748,
2025/4/7,20:00,21:00,1.7064,0.0609,
2025/4/7,21:00,22:00,1.7476,0.0624,
2025/4/7,22:00,23:00,1.7197,0.0614,
2025/4/7,23:00,0:00,0.7709,0.0275,
2025/4/8,0:00,1:00,0.5282,0.0188,
2025/4/8,1:00,2:00,0.4101,0.0146,
2025/4/8,2:00,3:00,0.3944,0.014,
2025/4/8,3:00,4:00,0.1485,0.0053,
2025/4/8,4:00,5:00,0.1729,0.0061,
2025/4/8,5:00,6:00,0.0975,0.0034,
2025/4/8,6:00,7:00,1.0646,0.038,
2025/4/8,7:00,8:00,1.341,0.0478,
2025/4/8,8:00,9:00,1.4049,0.0501,
2025/4/8,9:00,10:00,1.5278,0.0545,
2025/4/8,10:00,11:00,0.7815,0.0279,
2025/4/8,11:00,12:00,0.4591,0.0163,
2025/4/8,12:00,13:00,0.3406,0.0121,
2025/4/8,13:00,14:00,0.3609,0.0128,
2025/4/8,14:00,15:00,0.3332,0.0119,
2025/4/8,15:00,16:00,0.2138,0.0076,
2025/4/8,16:00,17:00,0.3058,0.0109,
2025/4/8,17:00,18:00,0.772,0.0275,
2025/4/8,18:00,19:00,2.0042,0.0715,
2025/4/8,19:00,20:00,1.7644,0.063,
2025/4/8,20:00,21:00,2.2379,0.0799,
2025/4/8,21:00,22:00,2.38,0.085,
2025/4/8,22:00,23:00,1.3132,0.0469,
2025/4/8,23:00,0:00,0.927,0.0331,
2025/4/9,0:00,1:00,0.6424,0.0229,
2025/4/9,1:00,2:00,0.2809,0.01,
2025/4/9,2:00,3:00,0.0746,0.0026,
2025/4/9,3:00,4:00,0.0751,0.0026,
2025/4/9,4:00,5:00,0.2207,0.0078,
2025/4/9,5:00,6:00,0.294,0.0105,
2025/4/9,6:00,7:00,0.866,0.0309,
2025/4/9,7:00,8:00,1.5267,0.0545,
2025/4/9,8:00,9:00,0.9442,0.0337,
2025/4/9,9:00,10:00,1.1635,0.0415,
2025/4/9,10:00,11:00,0.6211,0.0221,
2025/4/9,11:00,12:00,0.2002,0.0071,
2025/4/9,12:00,13:00,0.3274,0.0116,
2025/4/9,13:00,14:00,0.6239,0.0222,
2025/4/9,14:00,15:00,0.4112,0.0146,
2025/4/9,15:00,16:00,0.4084,0.0145,
2025/4/9,16:00,17:00,0.4018,0.0143,
2025/4/9,17:00,18:00,0.9643,0.0344,
2025/4/9,18:00,19:00,2.0076,0.0717,
2025/4/9,19:00,20:00,1.6527,0.059,
2025/4/9,20:00,21:00,1.9937,0.0712,
2025/4/9,21:00,22:00,2.3962,0.0855,
2025/4/9,22:00,23:00,1.1394,0.0406,
2025/4/9,23:00,0:00,0.6725,0.024,
2025/4/10,0:00,1:00,0.5163,0.0184,
2025/4/10,1:00,2:00,0.5787,0.0206,
2025/4/10,2:00,3:00,0.2088,0.0074,
2025/4/10,3:00,4:00,0.5194,0.0185,
2025/4/10,4:00,5:00,0.0376,0.0013,
2025/4/10,5:00,6:00,0.0915,0.0032,
2025/4/10,6:00,7:00,0.7583,0.027,
2025/4/10,7:00,8:00,1.6432,0.0586,
2025/4/10,8:00,9:00,1.0474,0.0374,
2025/4/10,9:00,10:00,0.6912,0.0246,
2025/4/10,10:00,11:00,0.5635,0.0201,
2025/4/10,11:00,12:00,0.3243,0.0115,
2025/4/10,12:00,13:00,0.1946,0.0069,
2025/4/10,13:00,14:00,0.1957,0.0069,
2025/4/10,14:00,15:00,0.2441,0.0087,
2025/4/10,15:00,16:00,0.3095,0.011,
2025/4/10,16:00,17:00,0.8731,0.0311,
2025/4/10,17:00,18:00,0.8515,0.0304,
2025/4/10,18:00,19:00,1.7039,0.0608,
2025/4/10,19:00,20:00,1.6742,0.0597,
2025/4/10,20:00,21:00,1.8824,0.0672,
2025/4/10,21:00,22:00,1.8571,0.0663,
2025/4/10,22:00,23:00,1.3136,0.0469,
2025/4/10,23:00,0:00,1.0113,0.0361,
2025/4/11,0:00,1:00,1.1619,0.0414,
2025/4/11,1:00,2:00,0.3619,0.0129,
2025/4/11,2:00,3:00,0.2396,0.0085,
2025/4/11,3:00,4:00,0.0663,0.0023,
2025/4/11,4:00,5:00,0.0818,0.0029,
2025/4/11,5:00,6:00,0.3129,0.0111,
2025/4/11,6:00,7:00,0.5545,0.0198,
2025/4/11,7:00,8:00,1.4504,0.0518,
2025/4/11,8:00,9:00,1.0191,0.0363,
2025/4/11,9:00,10:00,0.8993,0.0321,
2025/4/11,10:00,11:00,0.5263,0.0187,
2025/4/11,11:00,12:00,0.3748,0.0133,
2025/4/11,12:00,13:00,0.1407,0.005,
2025/4/11,13:00,14:00,0.3725,0.0133,
2025/4/11,14:00,15:00,0.2118,0.0075,
2025/4/11,15:00,16:00,0.6208,0.0221,
2025/4/11,16:00,17:00,0.495,0.0176,
2025/4/11,17:00,18:00,0.7126,0.0254,
2025/4/11,18:00,19:00,1.0241,0.0365,
2025/4/11,19:00,20:00,1.6063,0.0573,
2025/4/11,20:00,21:00,2.1063,0.0752,
2025/4/11,21:00,22:00,1.871,0.0668,
2025/4/11,22:00,23:00,1.5775,0.0563,
2025/4/11,23:00,0:00,0.8418,0.03,
2025/4/12,0:00,1:00,0.4469,0.0159,
2025/4/12,1:00,2:00,0.6284,0.0224,
2025/4/12,2:00,3:00,0.5172,0.0184,
2025/4/12,3:00,4:00,0.1625,0.0058,
2025/4/12,4:00,5:00,0.0565,0.002,
2025/4/12,5:00,6:00,0.0837,0.0029,
2025/4/12,6:00,7:00,0.2505,0.0089,
2025/4/12,7:00,8:00,0.769,0.0274,
2025/4/12,8:00,9:00,1.4703,0.0525,
2025/4/12,9:00,10:00,1.3173,0.047,
2025/4/12,10:00,11:00,1.115,0.0398,
2025/4/12,11:00,12:00,0.5849,0.0208,
2025/4/12,12:00,13:00,0.5788,0.0206,
2025/4/12,13:00,14:00,0.4637,0.0165,
2025/4/12,14:00,15:00,0.2809,0.01,
2025/4/12,15:00,16:00,0.2008,0.0071,
2025/4/12,16:00,17:00,0.4733,0.0169,
2025/4/12,17:00,18:00,1.0223,0.0365,
2025/4/12,18:00,19:00,1.6261,0.058,
2025/4/12,19:00,20:00,1.509,0.0538,
2025/4/12,20:00,21:00,1.7602,0.0628,
2025/4/12,21:00,22:00,2.1222,0.0757,
2025/4/12,22:00,23:00,1.6481,0.0588,
2025/4/12,23:00,0:00,1.0106,0.036,
2025/4/13,0:00,1:00,0.6603,0.0235,
2025/4/13,1:00,2:00,0.4656,0.0166,
2025/4/13,2:00,3:00,0.181,0.0064,
2025/4/13,3:00,4:00,0.1007,0.0035,
2025/4/13,4:00,5:00,0.2275,0.0081,
2025/4/13,5:00,6:00,0.0708,0.0025,
2025/4/13,6:00,7:00,0.0908,0.0032,
2025/4/13,7:00,8:00,0.5514,0.0196,
2025/4/13,8:00,9:00,0.8336,0.0297,
2025/4/13,9:00,10:00,1.3482,0.0481,
2025/4/13,10:00,11:00,1.0226,0.0365,
2025/4/13,11:00,12:00,1.2953,0.0462,
2025/4/13,12:00,13:00,0.6563,0.0234,
2025/4/13,13:00,14:00,0.6959,0.0248,
2025/4/13,14:00,15:00,0.5782,0.0206,
2025/4/13,15:00,16:00,0.5209,0.0186,
2025/4/13,16:00,17:00,0.6129,0.0218,
2025/4/13,17:00,18:00,1.126,0.0402,
2025/4/13,18:00,19:00,1.4804,0.0528,
2025/4/13,19:00,20:00,1.8019,0.0643,
2025/4/13,20:00,21:00,1.8746,0.0669,
2025/4/13,21:00,22:00,2.7196,0.0971,
2025/4/13,22:00,23:00,1.5149,0.0541,
2025/4/13,23:00,0:00,0.61,0.0217,
2025/4/14,0:00,1:00,0.3735,0.0133,
2025/4/14,1:00,2:00,0.5166,0.0184,
2025/4/14,2:00,3:00,0.5235,0.0186,
2025/4/14,3:00,4:00,0.0649,0.0023,
2025/4/14,4:00,5:00,0.0632,0.0022,
2025/4/14,5:00,6:00,0.0902,0.0032,
2025/4/14,6:00,7:00,0.6114,0.0218,
2025/4/14,7:00,8:00,1.4692,0.0524,
2025/4/14,8:00,9:00,1.37,0.0489,
2025/4/14,9:00,10:00,0.6607,0.0235,
2025/4/14,10:00,11:00,0.7219,0.0257,
2025/4/14,11:00,12:00,0.2687,0.0095,
2025/4/14,12:00,13:00,0.2576,0.0092,
2025/4/14,13:00,14:00,0.4311,0.0153,
2025/4/14,14:00,15:00,0.2466,0.0088,
2025/4/14,15:00,16:00,0.4085,0.0145,
2025/4/14,16:00,17:00,0.2577,0.0092,
2025/4/14,17:00,18:00,0.7396,0.0264,
2025/4/14,18:00,19:00,2.0031,0.0715,
2025/4/14,19:00,20:00,1.5867,0.0566,
2025/4/14,20:00,21:00,2.3252,0.083,
2025/4/14,21:00,22:00,1.6588,0.0592,
2025/4/14,22:00,23:00,1.4489,0.0517,
2025/4/14,23:00,0:00,1.4342,0.0512,
2025/4/15,0:00,1:00,0.6746,0.024,
2025/4/15,1:00,2:00,0.431,0.0153,
2025/4/15,2:00,3:00,0.4935,0.0176,
2025/4/15,3:00,4:00,0.1943,0.0069,
2025/4/15,4:00,5:00,0.0182,0.0006,
2025/4/15,5:00,6:00,0.1418,0.005,
2025/4/15,6:00,7:00,0.8064,0.0288,
2025/4/15,7:00,8:00,1.3933,0.0497,
2025/4/15,8:00,9:00,1.1751,0.0419,
2025/4/15,9:00,10:00,0.9938,0.0354,
2025/4/15,10:00,11:00,0.3541,0.0126,
2025/4/15,11:00,12:00,0.3217,0.0114,
2025/4/15,12:00,13:00,0.1998,0.0071,
2025/4/15,13:00,14:00,0.2987,0.0106,
2025/4/15,14:00,15:00,0.2248,0.008,
2025/4/15,15:00,16:00,0.2569,0.0091,
2025/4/15,16:00,17:00,0.2415,0.0086,
2025/4/15,17:00,18:00,1.0246,0.0365,
2025/4/15,18:00,19:00,1.7779,0.0634,
2025/4/15,19:00,20:00,1.669,0.0596,
2025/4/15,20:00,21:00,1.7886,0.0638,
2025/4/15,21:00,22:00,1.9266,0.0688,
2025/4/15,22:00,23:00,1.47,0.0525,
2025/4/15,23:00,0:00,0.6278,0.0224,
2025/4/16,0:00,1:00,0.6501,0.0232,
2025/4/16,1:00,2:00,0.6523,0.0232,
2025/4/16,2:00,3:00,0.163,0.0058,
2025/4/16,3:00,4:00,0.3295,0.0117,
2025/4/16,4:00,5:00,0.0746,0.0026,
2025/4/16,5:00,6:00,0.074,0.0026,
2025/4/16,6:00,7:00,0.5216,0.0186,
2025/4/16,7:00,8:00,1.6381,0.0585,
2025/4/16,8:00,9:00,1.5407,0.055,
2025/4/16,9:00,10:00,1.1866,0.0423,
2025/4/16,10:00,11:00,0.9007,0.0321,
2025/4/16,11:00,12:00,0.4045,0.0144,
2025/4/16,12:00,13:00,0.5909,0.0211,
2025/4/16,13:00,14:00,0.6076,0.0217,
2025/4/16,14:00,15:00,0.518,0.0185,
2025/4/16,15:00,16:00,0.5192,0.0185,
2025/4/16,16:00,17:00,0.5083,0.0181,
2025/4/16,17:00,18:00,0.8458,0.0302,
2025/4/16,18:00,19:00,2.1477,0.0767,
2025/4/16,19:00,20:00,2.0099,0.0717,
2025/4/16,20:00,21:00,1.6503,0.0589,
2025/4/16,21:00,22:00,1.9496,0.0696,
2025/4/16,22:00,23:00,1.5169,0.0541,
2025/4/16,23:00,0:00,1.0294,0.0367,
2025/4/17,0:00,1:00,0.8149,0.0291,
2025/4/17,1:00,2:00,0.8988,0.0321,
2025/4/17,2:00,3:00,0.137,0.0048,
2025/4/17,3:00,4:00,0.0718,0.0025,
2025/4/17,4:00,5:00,0.1189,0.0042,
2025/4/17,5:00,6:00,0.2974,0.0106,
2025/4/17,6:00,7:00,0.7043,0.0251,
2025/4/17,7:00,8:00,1.4073,0.0502,
2025/4/17,8:00,9:00,1.2586,0.0449,
2025/4/17,9:00,10:00,0.9008,0.0321,
2025/4/17,10:00,11:00,0.2933,0.0104,
2025/4/17,11:00,12:00,0.069,0.0024,
2025/4/17,12:00,13:00,0.1797,0.0064,
2025/4/17,13:00,14:00,0.2129,0.0076,
2025/4/17,14:00,15:00,0.2965,0.0105,
2025/4/17,15:00,16:00,0.4122,0.0147,
2025/4/17,16:00,17:00,0.4919,0.0175,
2025/4/17,17:00,18:00,0.9921,0.0354,
2025/4/17,18:00,19:00,1.9406,0.0693,
2025/4/17,19:00,20:00,1.8521,0.0661,
2025/4/17,20:00,21:00,1.6965,0.0605,
2025/4/17,21:00,22:00,1.427,0.0509,
2025/4/17,22:00,23:00,1.4644,0.0523,
2025/4/17,23:00,0:00,1.0287,0.0367,
2025/4/18,0:00,1:00,0.663,0.0236,
2025/4/18,1:00,2:00,0.471,0.0168,
2025/4/18,2:00,3:00,0.2581,0.0092,
2025/4/18,3:00,4:00,0.0717,0.0025,
2025/4/18,4:00,5:00,0.1913,0.0068,
2025/4/18,5:00,6:00,0.1595,0.0056,
2025/4/18,6:00,7:00,0.6414,0.0229,
2025/4/18,7:00,8:00,1.516,0.0541,
2025/4/18,8:00,9:00,1.4277,0.0509,
2025/4/18,9:00,10:00,0.853,0.0304,
2025/4/18,10:00,11:00,0.527,0.0188,
2025/4/18,11:00,12:00,0.4884,0.0174,
2025/4/18,12:00,13:00,0.2757,0.0098,
2025/4/18,13:00,14:00,0.2421,0.0086,
2025/4/18,14:00,15:00,0.4132,0.0147,
2025/4/18,15:00,16:00,0.4527,0.0161,
2025/4/18,16:00,17:00,0.6058,0.0216,
2025/4/18,17:00,18:00,1.0428,0.0372,
2025/4/18,18:00,19:00,1.1861,0.0423,
2025/4/18,19:00,20:00,1.7154,0.0612,
2025/4/18,20:00,21:00,1.5764,0.0563,
2025/4/18,21:00,22:00,2.5602,0.0914,
2025/4/18,22:00,23:00,1.6741,0.0597,
2025/4/18,23:00,0:00,0.9041,0.0322,
2025/4/19,0:00,1:00,0.7707,0.0275,
2025/4/19,1:00,2:00,0.5582,0.0199,
2025/4/19,2:00,3:00,0.4983,0.0177,
2025/4/19,3:00,4:00,0.1381,0.0049,
2025/4/19,4:00,5:00,0.1571,0.0056,
2025/4/19,5:00,6:00,0.1077,0.0038,
2025/4/19,6:00,7:00,0.5305,0.0189,
2025/4/19,7:00,8:00,0.9536,0.034,
2025/4/19,8:00,9:00,1.5407,0.055,
2025/4/19,9:00,10:00,1.6737,0.0597,
2025/4/19,10:00,11:00,1.5552,0.0555,
2025/4/19,11:00,12:00,0.8037,0.0287,
2025/4/19,12:00,13:00,0.5208,0.0186,
2025/4/19,13:00,14:00,0.7208,0.0257,
2025/4/19,14:00,15:00,0.6582,0.0235,
2025/4/19,15:00,16:00,0.4538,0.0162,
2025/4/19,16:00,17:00,0.2923,0.0104,
2025/4/19,17:00,18:00,0.9656,0.0344,
2025/4/19,18:00,19:00,1.591,0.0568,
2025/4/19,19:00,20:00,1.4535,0.0519,
2025/4/19,20:00,21:00,1.4588,0.0521,
2025/4/19,21:00,22:00,1.6933,0.0604,
2025/4/19,22:00,23:00,1.8765,0.067,
2025/4/19,23:00,0:00,1.197,0.0427,
2025/4/20,0:00,1:00,0.5172,0.0184,
2025/4/20,1:00,2:00,0.2774,0.0099,
2025/4/20,2:00,3:00,0.2955,0.0105,
2025/4/20,3:00,4:00,0.0291,0.001,
2025/4/20,4:00,5:00,0.1096,0.0039,
2025/4/20,5:00,6:00,0.2597,0.0092,
2025/4/20,6:00,7:00,0.3369,0.012,
2025/4/20,7:00,8:00,0.4709,0.0168,
2025/4/20,8:00,9:00,0.976,0.0348,
2025/4/20,9:00,10:00,1.3065,0.0466,
2025/4/20,10:00,11:00,1.2868,0.0459,
2025/4/20,11:00,12:00,0.607,0.0216,
2025/4/20,12:00,13:00,0.6874,0.0245,
2025/4/20,13:00,14:00,0.6481,0.0231,
2025/4/20,14:00,15:00,0.5328,0.019,
2025/4/20,15:00,16:00,0.7008,0.025,
2025/4/20,16:00,17:00,0.6554,0.0234,
2025/4/20,17:00,18:00,1.0299,0.0367,
2025/4/20,18:00,19:00,1.9754,0.0705,
2025/4/20,19:00,20:00,2.0232,0.0722,
2025/4/20,20:00,21:00,1.6873,0.0602,
2025/4/20,21:00,22:00,2.6703,0.0953,
2025/4/20,22:00,23:00,1.3993,0.0499,
2025/4/20,23:00,0:00,0.967,0.0345,
2025/4/21,0:00,1:00,0.566,0.0202,
2025/4/21,1:00,2:00,0.3005,0.0107,
2025/4/21,2:00,3:00,0.1374,0.0049,
2025/4/21,3:00,4:00,0.0727,0.0025,
2025/4/21,4:00,5:00,0.0088,0.0003,
2025/4/21,5:00,6:00,0.0931,0.0033,
2025/4/21,6:00,7:00,0.8426,0.03,
2025/4/21,7:00,8:00,1.0244,0.0365,
2025/4/21,8:00,9:00,1.409,0.0503,
2025/4/21,9:00,10:00,0.9195,0.0328,
2025/4/21,10:00,11:00,0.6101,0.0217,
2025/4/21,11:00,12:00,0.6839,0.0244,
2025/4/21,12:00,13:00,0.267,0.0095,
2025/4/21,13:00,14:00,0.2521,0.009,
2025/4/21,14:00,15:00,0.2843,0.0101,
2025/4/21,15:00,16:00,0.3522,0.0125,
2025/4/21,16:00,17:00,0.3767,0.0134,
2025/4/21,17:00,18:00,1.1236,0.0401,
2025/4/21,18:00,19:00,1.0719,0.0382,
2025/4/21,19:00,20:00,2.0901,0.0746,
2025/4/21,20:00,21:00,2.1712,0.0775,
2025/4/21,21:00,22:00,1.4425,0.0515,
2025/4/21,22:00,23:00,1.454,0.0519,
2025/4/21,23:00,0:00,1.2397,0.0442,
2025/4/22,0:00,1:00,0.6639,0.0237,
2025/4/22,1:00,2:00,0.2469,0.0088,
2025/4/22,2:00,3:00,0.198,0.007,
2025/4/22,3:00,4:00,0.2349,0.0083,
2025/4/22,4:00,5:00,0.1456,0.0052,
2025/4/22,5:00,6:00,0.0771,0.0027,
2025/4/22,6:00,7:00,0.6008,0.0214,
2025/4/22,7:00,8:00,1.3387,0.0478,
2025/4/22,8:00,9:00,1.5643,0.0558,
2025/4/22,9:00,10:00,1.1854,0.0423,
2025/4/22,10:00,11:00,0.4863,0.0173,
2025/4/22,11:00,12:00,0.296,0.0105,
2025/4/22,12:00,13:00,0.147,0.0052,
2025/4/22,13:00,14:00,0.1657,0.0059,
2025/4/22,14:00,15:00,0.2553,0.0091,
2025/4/22,15:00,16:00,0.2533,0.009,
2025/4/22,16:00,17:00,0.3449,0.0123,
2025/4/22,17:00,18:00,0.9785,0.0349,
2025/4/22,18:00,19:00,-,-,検針値欠測が発生したため、合計水量及び平均水量は未算出
2025/4/22,19:00,20:00,-,-,検針値欠測が発生したため、合計水量及び平均水量は未算出
2025/4/22,20:00,21:00,-,-,検針値欠測が発生したため、合計水量及び平均水量は未算出
2025/4/22,21:00,22:00,-,-,検針値欠測が発生したため、合計水量及び平均水量は未算出
2025/4/22,22:00,23:00,-,-,検針値欠測が発生したため、合計水量及び平均水量は未算出
2025/4/22,23:00,0:00,-,-,検針値欠測が発生したため、合計水量及び平均水量は未算出
2025/4/23,0:00,1:00,-,-,検針値欠測が発生したため、合計水量及び平均水量は未算出
2025/4/23,1:00,2:00,-,-,検針値欠測が発生したため、合計水量及び平均水量は未算出
2025/4/23,2:00,3:00,-,-,検針値欠測が発生したため、合計水量及び平均水量は未算出
2025/4/23,3:00,4:00,-,-,検針値欠測が発生したため、合計水量及び平均水量は未算出
2025/4/23,4:00,5:00,-,-,検針値欠測が発生したため、合計水量及び平均水量は未算出
2025/4/23,5:00,6:00,-,-,検針値欠測が発生したため、合計水量及び平均水量は未算出
2025/4/23,6:00,7:00,-,-,検針値欠測が発生したため、合計水量及び平均水量は未算出
2025/4/23,7:00,8:00,-,-,検針値欠測が発生したため、合計水量及び平均水量は未算出
2025/4/23,8:00,9:00,-,-,検針値欠測が発生したため、合計水量及び平均水量は未算出
2025/4/23,9:00,10:00,0.4452,0.0159,
2025/4/23,10:00,11:00,0.3604,0.0128,
2025/4/23,11:00,12:00,0.347,0.0123,
2025/4/23,12:00,13:00,0.5555,0.0198,
2025/4/23,13:00,14:00,0.3361,0.012,
2025/4/23,14:00,15:00,0.2541,0.009,
2025/4/23,15:00,16:00,0.3357,0.0119,
2025/4/23,16:00,17:00,0.2928,0.0104,
2025/4/23,17:00,18:00,1.1905,0.0425,
2025/4/23,18:00,19:00,2.3458,0.0837,
2025/4/23,19:00,20:00,1.6586,0.0592,
2025/4/23,20:00,21:00,1.8836,0.0672,
2025/4/23,21:00,22:00,2.2657,0.0809,
2025/4/23,22:00,23:00,1.3549,0.0483,
2025/4/23,23:00,0:00,0.7691,0.0274,
2025/4/24,0:00,1:00,0.5998,0.0214,
2025/4/24,1:00,2:00,0.3514,0.0125,
2025/4/24,2:00,3:00,0.2083,0.0074,
2025/4/24,3:00,4:00,0.077,0.0027,
2025/4/24,4:00,5:00,0.0208,0.0007,
2025/4/24,5:00,6:00,0.2988,0.0106,
2025/4/24,6:00,7:00,0.8922,0.0318,
2025/4/24,7:00,8:00,1.136,0.0405,
2025/4/24,8:00,9:00,1.2848,0.0458,
2025/4/24,9:00,10:00,0.9334,0.0333,
2025/4/24,10:00,11:00,0.6833,0.0244,
2025/4/24,11:00,12:00,0.358,0.0127,
2025/4/24,12:00,13:00,0.353,0.0126,
2025/4/24,13:00,14:00,0.2704,0.0096,
2025/4/24,14:00,15:00,0.3949,0.0141,
2025/4/24,15:00,16:00,0.2107,0.0075,
2025/4/24,16:00,17:00,0.5235,0.0186,
2025/4/24,17:00,18:00,1.3003,0.0464,
2025/4/24,18:00,19:00,1.3268,0.0473,
2025/4/24,19:00,20:00,1.8065,0.0645,
2025/4/24,20:00,21:00,1.548,0.0552,
2025/4/24,21:00,22:00,1.6767,0.0598,
2025/4/24,22:00,23:00,1.1058,0.0394,
2025/4/24,23:00,0:00,0.9733,0.0347,
2025/4/25,0:00,1:00,0.9818,0.035,
2025/4/25,1:00,2:00,0.3472,0.0124,
2025/4/25,2:00,3:00,0.2463,0.0087,
2025/4/25,3:00,4:00,0.1784,0.0063,
2025/4/25,4:00,5:00,0.0443,0.0015,
2025/4/25,5:00,6:00,0.2729,0.0097,
2025/4/25,6:00,7:00,0.6656,0.0237,
2025/4/25,7:00,8:00,1.5103,0.0539,
2025/4/25,8:00,9:00,1.2159,0.0434,
2025/4/25,9:00,10:00,0.7675,0.0274,
2025/4/25,10:00,11:00,0.4581,0.0163,
2025/4/25,11:00,12:00,0.378,0.0135,
2025/4/25,12:00,13:00,0.2894,0.0103,
2025/4/25,13:00,14:00,0.3151,0.0112,
2025/4/25,14:00,15:00,0.2187,0.0078,
2025/4/25,15:00,16:00,0.259,0.0092,
2025/4/25,16:00,17:00,0.3129,0.0111,
2025/4/25,17:00,18:00,0.5947,0.0212,
2025/4/25,18:00,19:00,1.6442,0.0587,
2025/4/25,19:00,20:00,1.2204,0.0435,
2025/4/25,20:00,21:00,1.0418,0.0372,
2025/4/25,21:00,22:00,1.9297,0.0689,
2025/4/25,22:00,23:00,1.4135,0.0504,
2025/4/25,23:00,0:00,1.4181,0.0506,
2025/4/26,0:00,1:00,0.5903,0.021,
2025/4/26,1:00,2:00,0.6678,0.0238,
2025/4/26,2:00,3:00,0.2881,0.0102,
2025/4/26,3:00,4:00,0.1494,0.0053,
2025/4/26,4:00,5:00,0.19,0.0067,
2025/4/26,5:00,6:00,0.2221,0.0079,
2025/4/26,6:00,7:00,0.4007,0.0143,
2025/4/26,7:00,8:00,1.1769,0.042,
2025/4/26,8:00,9:00,0.9817,0.035,
2025/4/26,9:00,10:00,1.4117,0.0504,
2025/4/26,10:00,11:00,1.0808,0.0386,
2025/4/26,11:00,12:00,1.0664,0.038,
2025/4/26,12:00,13:00,0.8067,0.0288,
2025/4/26,13:00,14:00,0.5495,0.0196,
2025/4/26,14:00,15:00,0.5421,0.0193,
2025/4/26,15:00,16:00,0.3576,0.0127,
2025/4/26,16:00,17:00,0.4253,0.0151,
2025/4/26,17:00,18:00,0.9722,0.0347,
2025/4/26,18:00,19:00,1.5926,0.0568,
2025/4/26,19:00,20:00,1.7355,0.0619,
2025/4/26,20:00,21:00,1.8231,0.0651,
2025/4/26,21:00,22:00,2.0123,0.0718,
2025/4/26,22:00,23:00,1.8102,0.0646,
2025/4/26,23:00,0:00,1.036,0.037,
2025/4/27,0:00,1:00,0.7846,0.028,
2025/4/27,1:00,2:00,0.4989,0.0178,
2025/4/27,2:00,3:00,0.0827,0.0029,
2025/4/27,3:00,4:00,0.1947,0.0069,
2025/4/27,4:00,5:00,0.0279,0.0009,
2025/4/27,5:00,6:00,0.2098,0.0074,
2025/4/27,6:00,7:00,0.3618,0.0129,
2025/4/27,7:00,8:00,0.9388,0.0335,
2025/4/27,8:00,9:00,1.9592,0.0699,
2025/4/27,9:00,10:00,1.4887,0.0531,
2025/4/27,10:00,11:00,1.5131,0.054,
2025/4/27,11:00,12:00,0.9867,0.0352,
2025/4/27,12:00,13:00,0.6698,0.0239,
2025/4/27,13:00,14:00,0.5388,0.0192,
2025/4/27,14:00,15:00,0.4712,0.0168,
2025/4/27,15:00,16:00,0.5728,0.0204,
2025/4/27,16:00,17:00,0.7486,0.0267,
2025/4/27,17:00,18:00,1.0293,0.0367,
2025/4/27,18:00,19:00,1.2115,0.0432,
2025/4/27,19:00,20:00,1.68,0.06,
2025/4/27,20:00,21:00,2.0299,0.0724,
2025/4/27,21:00,22:00,3.0075,0.1074,
2025/4/27,22:00,23:00,1.7866,0.0638,
2025/4/27,23:00,0:00,0.7178,0.0256,
2025/4/28,0:00,1:00,0.4593,0.0164,
2025/4/28,1:00,2:00,0.3433,0.0122,
2025/4/28,2:00,3:00,0.2941,0.0105,
2025/4/28,3:00,4:00,0.0389,0.0013,
2025/4/28,4:00,5:00,0.0296,0.001,
2025/4/28,5:00,6:00,0.3414,0.0121,
2025/4/28,6:00,7:00,0.8523,0.0304,
2025/4/28,7:00,8:00,1.0454,0.0373,
2025/4/28,8:00,9:00,1.0704,0.0382,
2025/4/28,9:00,10:00,1.1706,0.0418,
2025/4/28,10:00,11:00,0.5663,0.0202,
2025/4/28,11:00,12:00,0.2479,0.0088,
2025/4/28,12:00,13:00,0.2021,0.0072,
2025/4/28,13:00,14:00,0.281,0.01,
2025/4/28,14:00,15:00,0.2791,0.0099,
2025/4/28,15:00,16:00,0.407,0.0145,
2025/4/28,16:00,17:00,0.4151,0.0148,
2025/4/28,17:00,18:00,1.1883,0.0424,
2025/4/28,18:00,19:00,2.0477,0.0731,
2025/4/28,19:00,20:00,1.5921,0.0568,
2025/4/28,20:00,21:00,1.4129,0.0504,
2025/4/28,21:00,22:00,2.7211,0.0971,
2025/4/28,22:00,23:00,1.1852,0.0423,
2025/4/28,23:00,0:00,0.8388,0.0299,
2025/4/29,0:00,1:00,0.5934,0.0211,
2025/4/29,1:00,2:00,0.7284,0.026,
2025/4/29,2:00,3:00,0.1317,0.0047,
2025/4/29,3:00,4:00,0.0988,0.0035,
2025/4/29,4:00,5:00,0.1921,0.0068,
2025/4/29,5:00,6:00,0.2693,0.0096,
2025/4/29,6:00,7:00,0.4021,0.0143,
2025/4/29,7:00,8:00,0.7726,0.0275,
2025/4/29,8:00,9:00,1.3682,0.0488,
2025/4/29,9:00,10:00,1.409,0.0503,
2025/4/29,10:00,11:00,1.0402,0.0371,
2025/4/29,11:00,12:00,0.5676,0.0202,
2025/4/29,12:00,13:00,0.1491,0.0053,
2025/4/29,13:00,14:00,0.2968,0.0106,
2025/4/29,14:00,15:00,1.0032,0.0358,
2025/4/29,15:00,16:00,0.402,0.0143,
2025/4/29,16:00,17:00,0.6366,0.0227,
2025/4/29,17:00,18:00,0.7435,0.0265,
2025/4/29,18:00,19:00,1.5876,0.0567,
2025/4/29,19:00,20:00,1.2681,0.0452,
2025/4/29,20:00,21:00,1.6754,0.0598,
2025/4/29,21:00,22:00,1.7483,0.0624,
2025/4/29,22:00,23:00,2.5006,0.0893,
2025/4/29,23:00,0:00,0.974,0.0347,
2025/4/30,0:00,1:00,0.7621,0.0272,
2025/4/30,1:00,2:00,0.4823,0.0172,
2025/4/30,2:00,3:00,0.0844,0.003,
2025/4/30,3:00,4:00,0.3087,0.011,
2025/4/30,4:00,5:00,0.0193,0.0006,
2025/4/30,5:00,6:00,0.2153,0.0076,
2025/4/30,6:00,7:00,0.4136,0.0147,
2025/4/30,7:00,8:00,1.2743,0.0455,
2025/4/30,8:00,9:00,1.2814,0.0457,
2025/4/30,9:00,10:00,1.6139,0.0576,
2025/4/30,10:00,11:00,0.6924,0.0247,
2025/4/30,11:00,12:00,0.8356,0.0298,
2025/4/30,12:00,13:00,0.4138,0.0147,
2025/4/30,13:00,14:00,0.3691,0.0131,
2025/4/30,14:00,15:00,0.3698,0.0132,
2025/4/30,15:00,16:00,0.2976,0.0106,
2025/4/30,16:00,17:00,0.4331,0.0154,
2025/4/30,17:00,18:00,0.9412,0.0336,
2025/4/30,18:00,19:00,1.38,0.0492,
2025/4/30,19:00,20:00,2.1347,0.0762,
2025/4/30,20:00,21:00,1.7114,0.0611,
2025/4/30,21:00,22:00,2.3033,0.0822,
2025/4/30,22:00,23:00,1.4525,0.0518,
2025/4/30,23:00,0:00,0.9446,0.0337,
2025/5/1,0:00,1:00,0.8272,0.0295,
2025/5/1,1:00,2:00,0.4943,0.0176,
2025/5/1,2:00,3:00,0.1998,0.0071,
2025/5/1,3:00,4:00,0.132,0.0047,
2025/5/1,4:00,5:00,0.1078,0.0038,
2025/5/1,5:00,6:00,0.1797,0.0064,
2025/5/1,6:00,7:00,0.5965,0.0213,
2025/5/1,7:00,8:00,0.8666,0.0309,
2025/5/1,8:00,9:00,1.5466,0.0552,
2025/5/1,9:00,10:00,1.2837,0.0458,
2025/5/1,10:00,11:00,0.8004,0.0285,
2025/5/1,11:00,12:00,0.2201,0.0078,
2025/5/1,12:00,13:00,0.2896,0.0103,
2025/5/1,13:00,14:00,0.1914,0.0068,
2025/5/1,14:00,15:00,0.23,0.0082,
2025/5/1,15:00,16:00,0.0963,0.0034,
2025/5/1,16:00,17:00,0.1896,0.0067,
2025/5/1,17:00,18:00,0.5857,0.0209,
2025/5/1,18:00,19:00,1.547,0.0552,
2025/5/1,19:00,20:00,1.0206,0.0364,
2025/5/1,20:00,21:00,1.4573,0.052,
2025/5/1,21:00,22:00,1.4305,0.051,
2025/5/1,22:00,23:00,1.3932,0.0497,
2025/5/1,23:00,0:00,1.0354,0.0369,
2025/5/2,0:00,1:00,0.5745,0.0205,
2025/5/2,1:00,2:00,0.1401,0.005,
2025/5/2,2:00,3:00,0.2371,0.0084,
2025/5/2,3:00,4:00,0.0534,0.0019,
2025/5/2,4:00,5:00,0.0211,0.0007,
2025/5/2,5:00,6:00,0.1729,0.0061,
2025/5/2,6:00,7:00,0.3643,0.013,
2025/5/2,7:00,8:00,0.819,0.0292,
2025/5/2,8:00,9:00,1.2101,0.0432,
2025/5/2,9:00,10:00,1.0282,0.0367,
2025/5/2,10:00,11:00,0.6671,0.0238,
2025/5/2,11:00,12:00,0.379,0.0135,
2025/5/2,12:00,13:00,0.2573,0.0091,
2025/5/2,13:00,14:00,0.2919,0.0104,
2025/5/2,14:00,15:00,0.4646,0.0165,
2025/5/2,15:00,16:00,0.418,0.0149,
2025/5/2,16:00,17:00,0.4745,0.0169,
2025/5/2,17:00,18:00,1.0823,0.0386,
2025/5/2,18:00,19:00,1.529,0.0546,
2025/5/2,19:00,20:00,1.2101,0.0432,
2025/5/2,20:00,21:00,1.2691,0.0453,
2025/5/2,21:00,22:00,1.5606,0.0557,
2025/5/2,22:00,23:00,1.302,0.0465,
2025/5/2,23:00,0:00,0.8612,0.0307,
2025/5/3,0:00,1:00,0.5057,0.018,
2025/5/3,1:00,2:00,0.2409,0.0086,
2025/5/3,2:00,3:00,0.1058,0.0037,
2025/5/3,3:00,4:00,0.0622,0.0022,
2025/5/3,4:00,5:00,0.1063,0.0037,
2025/5/3,5:00,6:00,0.2461,0.0087,
2025/5/3,6:00,7:00,0.2286,0.0081,
2025/5/3,7:00,8:00,0.6677,0.0238,
2025/5/3,8:00,9:00,1.4429,0.0515,
2025/5/3,9:00,10:00,1.5767,0.0563,
2025/5/3,10:00,11:00,1.3089,0.0467,
2025/5/3,11:00,12:00,1.1152,0.0398,
2025/5/3,12:00,13:00,0.5592,0.0199,
2025/5/3,13:00,14:00,0.7206,0.0257,
2025/5/3,14:00,15:00,0.948,0.0338,
2025/5/3,15:00,16:00,0.3563,0.0127,
2025/5/3,16:00,17:00,0.7521,0.0268,
2025/5/3,17:00,18:00,0.6973,0.0249,
2025/5/3,18:00,19:00,1.3131,0.0468,
2025/5/3,19:00,20:00,1.4602,0.0521,
2025/5/3,20:00,21:00,1.5517,0.0554,
2025/5/3,21:00,22:00,1.7073,0.0609,
2025/5/3,22:00,23:00,1.5961,0.057,
2025/5/3,23:00,0:00,0.9683,0.0345,
2025/5/4,0:00,1:00,0.447,0.0159,
2025/5/4,1:00,2:00,0.4642,0.0165,
2025/5/4,2:00,3:00,0.3024,0.0108,
2025/5/4,3:00,4:00,0.1841,0.0065,
2025/5/4,4:00,5:00,0.104,0.0037,
2025/5/4,5:00,6:00,0.27,0.0096,
2025/5/4,6:00,7:00,0.3302,0.0117,
2025/5/4,7:00,8:00,0.4978,0.0177,
2025/5/4,8:00,9:00,1.4719,0.0525,
2025/5/4,9:00,10:00,1.7124,0.0611,
2025/5/4,10:00,11:00,0.8709,0.0311,
2025/5/4,11:00,12:00,0.6415,0.0229,
2025/5/4,12:00,13:00,0.5744,0.0205,
2025/5/4,13:00,14:00,0.392,0.014,
2025/5/4,14:00,15:00,0.3901,0.0139,
2025/5/4,15:00,16:00,0.5266,0.0188,
2025/5/4,16:00,17:00,0.4346,0.0155,
2025/5/4,17:00,18:00,0.8641,0.0308,
2025/5/4,18:00,19:00,1.3549,0.0483,
2025/5/4,19:00,20:00,1.3763,0.0491,
2025/5/4,20:00,21:00,1.8381,0.0656,
2025/5/4,21:00,22:00,0.9527,0.034,
2025/5/4,22:00,23:00,1.2891,0.046,
2025/5/4,23:00,0:00,0.7315,0.0261,
2025/5/5,0:00,1:00,0.3205,0.0114,
2025/5/5,1:00,2:00,0.2569,0.0091,
2025/5/5,2:00,3:00,0.0636,0.0022,
2025/5/5,3:00,4:00,0.0869,0.0031,
2025/5/5,4:00,5:00,0.1042,0.0037,
2025/5/5,5:00,6:00,0.0879,0.0031,
2025/5/5,6:00,7:00,0.3406,0.0121,
2025/5/5,7:00,8:00,0.6757,0.0241,
2025/5/5,8:00,9:00,0.9353,0.0334,
2025/5/5,9:00,10:00,0.8767,0.0313,
2025/5/5,10:00,11:00,1.0352,0.0369,
2025/5/5,11:00,12:00,0.6312,0.0225,
2025/5/5,12:00,13:00,0.3242,0.0115,
2025/5/5,13:00,14:00,0.2469,0.0088,
2025/5/5,14:00,15:00,0.4155,0.0148,
2025/5/5,15:00,16:00,0.2853,0.0101,
2025/5/5,16:00,17:00,0.3633,0.0129,
2025/5/5,17:00,18:00,0.6484,0.0231,
2025/5/5,18:00,19:00,0.8712,0.0311,
2025/5/5,19:00,20:00,1.2602,0.045,
2025/5/5,20:00,21:00,1.3322,0.0475,
2025/5/5,21:00,22:00,1.2685,0.0453,
2025/5/5,22:00,23:00,1.4324,0.0511,
2025/5/5,23:00,0:00,0.9476,0.0338,
2025/5/6,0:00,1:00,0.4254,0.0151,
2025/5/6,1:00,2:00,0.4184,0.0149,
2025/5/6,2:00,3:00,0.0866,0.003,
2025/5/6,3:00,4:00,0.0521,0.0018,
2025/5/6,4:00,5:00,0.0513,0.0018,
2025/5/6,5:00,6:00,0.0479,0.0017,
2025/5/6,6:00,7:00,0.3476,0.0124,
2025/5/6,7:00,8:00,0.6687,0.0238,
2025/5/6,8:00,9:00,0.8134,0.029,
2025/5/6,9:00,10:00,1.1309,0.0403,
2025/5/6,10:00,11:00,1.0748,0.0383,
2025/5/6,11:00,12:00,0.9809,0.035,
2025/5/6,12:00,13:00,0.3937,0.014,
2025/5/6,13:00,14:00,0.394,0.014,
2025/5/6,14:00,15:00,0.2642,0.0094,
2025/5/6,15:00,16:00,0.5605,0.02,
2025/5/6,16:00,17:00,0.4043,0.0144,
2025/5/6,17:00,18:00,1.1891,0.0424,
2025/5/6,18:00,19:00,2.3773,0.0849,
2025/5/6,19:00,20:00,2.2085,0.0788,
2025/5/6,20:00,21:00,2.2935,0.0819,
2025/5/6,21:00,22:00,1.6181,0.0577,
2025/5/6,22:00,23:00,1.7139,0.0612,
2025/5/6,23:00,0:00,0.6857,0.0244,
2025/5/7,0:00,1:00,0.5668,0.0202,
2025/5/7,1:00,2:00,0.377,0.0134,
2025/5/7,2:00,3:00,0.0482,0.0017,
2025/5/7,3:00,4:00,0.1504,0.0053,
2025/5/7,4:00,5:00,0.0745,0.0026,
2025/5/7,5:00,6:00,0.1481,0.0052,
2025/5/7,6:00,7:00,0.6562,0.0234,
2025/5/7,7:00,8:00,1.2088,0.0431,
2025/5/7,8:00,9:00,1.7623,0.0629,
2025/5/7,9:00,10:00,1.1728,0.0418,
2025/5/7,10:00,11:00,0.903,0.0322,
2025/5/7,11:00,12:00,0.5256,0.0187,
2025/5/7,12:00,13:00,0.5319,0.0189,
2025/5/7,13:00,14:00,0.3126,0.0111,
2025/5/7,14:00,15:00,0.3541,0.0126,
2025/5/7,15:00,16:00,0.4249,0.0151,
2025/5/7,16:00,17:00,0.6407,0.0228,
2025/5/7,17:00,18:00,0.8487,0.0303,
2025/5/7,18:00,19:00,2.0277,0.0724,
2025/5/7,19:00,20:00,1.4419,0.0514,
2025/5/7,20:00,21:00,1.4936,0.0533,
2025/5/7,21:00,22:00,2.0003,0.0714,
2025/5/7,22:00,23:00,1.7522,0.0625,
2025/5/7,23:00,0:00,0.8206,0.0293,
2025/5/8,0:00,1:00,0.52,0.0185,
2025/5/8,1:00,2:00,0.5873,0.0209,
2025/5/8,2:00,3:00,0.23,0.0082,
2025/5/8,3:00,4:00,0.2674,0.0095,
2025/5/8,4:00,5:00,0.0793,0.0028,
2025/5/8,5:00,6:00,0.1898,0.0067,
2025/5/8,6:00,7:00,0.9893,0.0353,
2025/5/8,7:00,8:00,1.1666,0.0416,
2025/5/8,8:00,9:00,1.3039,0.0465,
2025/5/8,9:00,10:00,0.8689,0.031,
2025/5/8,10:00,11:00,0.5587,0.0199,
2025/5/8,11:00,12:00,0.2588,0.0092,
2025/5/8,12:00,13:00,0.2873,0.0102,
2025/5/8,13:00,14:00,0.2556,0.0091,
2025/5/8,14:00,15:00,0.6731,0.024,
2025/5/8,15:00,16:00,0.3068,0.0109,
2025/5/8,16:00,17:00,0.5115,0.0182,
2025/5/8,17:00,18:00,1.3577,0.0484,
2025/5/8,18:00,19:00,1.597,0.057,
2025/5/8,19:00,20:00,1.7384,0.062,
2025/5/8,20:00,21:00,1.3908,0.0496,
2025/5/8,21:00,22:00,2.1854,0.078,
2025/5/8,22:00,23:00,1.4772,0.0527,
2025/5/8,23:00,0:00,0.766,0.0273,
2025/5/9,0:00,1:00,0.742,0.0265,
2025/5/9,1:00,2:00,0.3128,0.0111,
2025/5/9,2:00,3:00,0.3509,0.0125,
2025/5/9,3:00,4:00,0.1002,0.0035,
2025/5/9,4:00,5:00,0.1772,0.0063,
2025/5/9,5:00,6:00,0.2354,0.0084,
2025/5/9,6:00,7:00,0.9943,0.0355,
2025/5/9,7:00,8:00,1.2875,0.0459,
2025/5/9,8:00,9:00,1.2438,0.0444,
2025/5/9,9:00,10:00,0.859,0.0306,
2025/5/9,10:00,11:00,0.501,0.0178,
2025/5/9,11:00,12:00,0.2538,0.009,
2025/5/9,12:00,13:00,0.1638,0.0058,
2025/5/9,13:00,14:00,0.25,0.0089,
2025/5/9,14:00,15:00,0.2711,0.0096,
2025/5/9,15:00,16:00,0.2796,0.0099,
2025/5/9,16:00,17:00,0.384,0.0137,
2025/5/9,17:00,18:00,0.7598,0.0271,
2025/5/9,18:00,19:00,1.4146,0.0505,
2025/5/9,19:00,20:00,1.2632,0.0451,
2025/5/9,20:00,21:00,0.9528,0.034,
2025/5/9,21:00,22:00,1.7508,0.0625,
2025/5/9,22:00,23:00,2.1033,0.0751,
2025/5/9,23:00,0:00,1.1709,0.0418,
2025/5/10,0:00,1:00,0.875,0.0312,
2025/5/10,1:00,2:00,0.3741,0.0133,
2025/5/10,2:00,3:00,0.2879,0.0102,
2025/5/10,3:00,4:00,0.0695,0.0024,
2025/5/10,4:00,5:00,0.0927,0.0033,
2025/5/10,5:00,6:00,0.1863,0.0066,
2025/5/10,6:00,7:00,0.2749,0.0098,
2025/5/10,7:00,8:00,0.3904,0.0139,
2025/5/10,8:00,9:00,1.2434,0.0444,
2025/5/10,9:00,10:00,1.36,0.0485,
2025/5/10,10:00,11:00,1.2516,0.0447,
2025/5/10,11:00,12:00,0.7642,0.0272,
2025/5/10,12:00,13:00,0.5394,0.0192,
2025/5/10,13:00,14:00,0.7583,0.027,
2025/5/10,14:00,15:00,0.3896,0.0139,
2025/5/10,15:00,16:00,0.2656,0.0094,
2025/5/10,16:00,17:00,0.3625,0.0129,
2025/5/10,17:00,18:00,0.7831,0.0279,
2025/5/10,18:00,19:00,1.414,0.0505,
2025/5/10,19:00,20:00,1.7315,0.0618,
2025/5/10,20:00,21:00,2.3891,0.0853,
2025/5/10,21:00,22:00,1.7143,0.0612,
2025/5/10,22:00,23:00,1.6455,0.0587,
2025/5/10,23:00,0:00,1.1532,0.0411,
2025/5/11,0:00,1:00,0.5209,0.0186,
2025/5/11,1:00,2:00,0.3349,0.0119,
2025/5/11,2:00,3:00,0.2605,0.0093,
2025/5/11,3:00,4:00,0.235,0.0083,
2025/5/11,4:00,5:00,0.1475,0.0052,
2025/5/11,5:00,6:00,0.0392,0.0014,
2025/5/11,6:00,7:00,0.1906,0.0068,
2025/5/11,7:00,8:00,0.7523,0.0268,
2025/5/11,8:00,9:00,1.1878,0.0424,
2025/5/11,9:00,10:00,1.3518,0.0482,
2025/5/11,10:00,11:00,1.0951,0.0391,
2025/5/11,11:00,12:00,0.5569,0.0198,
2025/5/11,12:00,13:00,0.8722,0.0311,
2025/5/11,13:00,14:00,0.6935,0.0247,
2025/5/11,14:00,15:00,0.8441,0.0301,
2025/5/11,15:00,16:00,0.5281,0.0188,
2025/5/11,16:00,17:00,0.6379,0.0227,
2025/5/11,17:00,18:00,0.8328,0.0297,
2025/5/11,18:00,19:00,1.6677,0.0595,
2025/5/11,19:00,20:00,1.7598,0.0628,
2025/5/11,20:00,21:00,2.4986,0.0892,
2025/5/11,21:00,22:00,2.2325,0.0797,
2025/5/11,22:00,23:00,1.9298,0.0689,
2025/5/11,23:00,0:00,0.9263,0.033,
2025/5/12,0:00,1:00,1.1767,0.042,
2025/5/12,1:00,2:00,0.2844,0.0101,
2025/5/12,2:00,3:00,0.1563,0.0055,
2025/5/12,3:00,4:00,0.2084,0.0074,
2025/5/12,4:00,5:00,0.0045,0.0001,
2025/5/12,5:00,6:00,0.1274,0.0045,
2025/5/12,6:00,7:00,0.7065,0.0252,
2025/5/12,7:00,8:00,1.171,0.0418,
2025/5/12,8:00,9:00,0.9298,0.0332,
2025/5/12,9:00,10:00,0.8428,0.0301,
2025/5/12,10:00,11:00,0.5052,0.018,
2025/5/12,11:00,12:00,0.3995,0.0142,
2025/5/12,12:00,13:00,0.3493,0.0124,
2025/5/12,13:00,14:00,0.1652,0.0059,
2025/5/12,14:00,15:00,0.2785,0.0099,
2025/5/12,15:00,16:00,0.2106,0.0075,
2025/5/12,16:00,17:00,0.5182,0.0185,
2025/5/12,17:00,18:00,1.1439,0.0408,
2025/5/12,18:00,19:00,1.6019,0.0572,
2025/5/12,19:00,20:00,2.1489,0.0767,
2025/5/12,20:00,21:00,2.1647,0.0773,
2025/5/12,21:00,22:00,1.6174,0.0577,
2025/5/12,22:00,23:00,1.6045,0.0573,
2025/5/12,23:00,0:00,0.877,0.0313,
2025/5/13,0:00,1:00,0.7764,0.0277,
2025/5/13,1:00,2:00,0.367,0.0131,
2025/5/13,2:00,3:00,0.1297,0.0046,
2025/5/13,3:00,4:00,0.2077,0.0074,
2025/5/13,4:00,5:00,0.1969,0.007,
2025/5/13,5:00,6:00,0.2788,0.0099,
2025/5/13,6:00,7:00,0.706,0.0252,
2025/5/13,7:00,8:00,1.1713,0.0418,
2025/5/13,8:00,9:00,1.5077,0.0538,
2025/5/13,9:00,10:00,1.395,0.0498,
2025/5/13,10:00,11:00,0.596,0.0212,
2025/5/13,11:00,12:00,0.3256,0.0116,
2025/5/13,12:00,13:00,0.1495,0.0053,
2025/5/13,13:00,14:00,0.1532,0.0054,
2025/5/13,14:00,15:00,0.2991,0.0106,
2025/5/13,15:00,16:00,0.313,0.0111,
2025/5/13,16:00,17:00,0.5993,0.0214,
2025/5/13,17:00,18:00,0.4174,0.0149,
2025/5/13,18:00,19:00,1.3127,0.0468,
2025/5/13,19:00,20:00,1.9014,0.0679,
2025/5/13,20:00,21:00,1.8751,0.0669,
2025/5/13,21:00,22:00,2.0534,0.0733,
2025/5/13,22:00,23:00,1.5802,0.0564,
2025/5/13,23:00,0:00,1.1454,0.0409,
2025/5/14,0:00,1:00,0.7632,0.0272,
2025/5/14,1:00,2:00,0.5453,0.0194,
2025/5/14,2:00,3:00,0.0956,0.0034,
2025/5/14,3:00,4:00,0.2063,0.0073,
2025/5/14,4:00,5:00,0.111,0.0039,
2025/5/14,5:00,6:00,0.2945,0.0105,
2025/5/14,6:00,7:00,0.8454,0.0301,
2025/5/14,7:00,8:00,1.1539,0.0412,
2025/5/14,8:00,9:00,0.9679,0.0345,
2025/5/14,9:00,10:00,0.5376,0.0192,
2025/5/14,10:00,11:00,0.4777,0.017,
2025/5/14,11:00,12:00,0.3031,0.0108,
2025/5/14,12:00,13:00,0.3182,0.0113,
2025/5/14,13:00,14:00,0.3029,0.0108,
2025/5/14,14:00,15:00,0.2465,0.0088,
2025/5/14,15:00,16:00,0.1804,0.0064,
2025/5/14,16:00,17:00,0.6912,0.0246,
2025/5/14,17:00,18:00,0.5147,0.0183,
2025/5/14,18:00,19:00,2.0806,0.0743,
2025/5/14,19:00,20:00,2.0558,0.0734,
2025/5/14,20:00,21:00,1.6207,0.0578,
2025/5/14,21:00,22:00,1.8048,0.0644,
2025/5/14,22:00,23:00,1.4485,0.0517,
2025/5/14,23:00,0:00,1.0501,0.0375,
2025/5/15,0:00,1:00,0.6319,0.0225,
2025/5/15,1:00,2:00,0.5126,0.0183,
2025/5/15,2:00,3:00,0.1889,0.0067,
2025/5/15,3:00,4:00,0.0835,0.0029,
2025/5/15,4:00,5:00,0.0209,0.0007,
2025/5/15,5:00,6:00,0.2647,0.0094,
2025/5/15,6:00,7:00,0.6207,0.0221,
2025/5/15,7:00,8:00,1.289,0.046,
2025/5/15,8:00,9:00,1.5848,0.0566,
2025/5/15,9:00,10:00,0.6985,0.0249,
2025/5/15,10:00,11:00,0.6092,0.0217,
2025/5/15,11:00,12:00,0.2601,0.0092,
2025/5/15,12:00,13:00,0.2995,0.0106,
2025/5/15,13:00,14:00,0.2834,0.0101,
2025/5/15,14:00,15:00,0.3345,0.0119,
2025/5/15,15:00,16:00,0.3661,0.013,
2025/5/15,16:00,17:00,0.4654,0.0166,
2025/5/15,17:00,18:00,1.3106,0.0468,
2025/5/15,18:00,19:00,1.3829,0.0493,
2025/5/15,19:00,20:00,1.845,0.0658,
2025/5/15,20:00,21:00,1.2527,0.0447,
2025/5/15,21:00,22:00,2.1751,0.0776,
2025/5/15,22:00,23:00,1.4692,0.0524,
2025/5/15,23:00,0:00,0.8242,0.0294,
2025/5/16,0:00,1:00,0.7872,0.0281,
2025/5/16,1:00,2:00,0.2398,0.0085,
2025/5/16,2:00,3:00,0.3643,0.013,
2025/5/16,3:00,4:00,0.0944,0.0033,
2025/5/16,4:00,5:00,0.0212,0.0007,
2025/5/16,5:00,6:00,0.4073,0.0145,
2025/5/16,6:00,7:00,0.8685,0.031,
2025/5/16,7:00,8:00,1.1426,0.0408,
2025/5/16,8:00,9:00,1.1304,0.0403,
2025/5/16,9:00,10:00,1.0091,0.036,
2025/5/16,10:00,11:00,0.7359,0.0262,
2025/5/16,11:00,12:00,0.3622,0.0129,
2025/5/16,12:00,13:00,0.2958,0.0105,
2025/5/16,13:00,14:00,0.3297,0.0117,
2025/5/16,14:00,15:00,0.475,0.0169,
2025/5/16,15:00,16:00,0.3819,0.0136,
2025/5/16,16:00,17:00,0.4677,0.0167,
2025/5/16,17:00,18:00,1.1325,0.0404,
2025/5/16,18:00,19:00,1.7625,0.0629,
2025/5/16,19:00,20:00,2.1835,0.0779,
2025/5/16,20:00,21:00,1.3747,0.049,
2025/5/16,21:00,22:00,2.0194,0.0721,
2025/5/16,22:00,23:00,1.2373,0.0441,
2025/5/16,23:00,0:00,0.9334,0.0333,
2025/5/17,0:00,1:00,0.6571,0.0234,
2025/5/17,1:00,2:00,0.3251,0.0116,
2025/5/17,2:00,3:00,0.2857,0.0102,
2025/5/17,3:00,4:00,0.0887,0.0031,
2025/5/17,4:00,5:00,0.0147,0.0005,
2025/5/17,5:00,6:00,0.1143,0.004,
2025/5/17,6:00,7:00,0.4723,0.0168,
2025/5/17,7:00,8:00,0.8576,0.0306,
2025/5/17,8:00,9:00,0.9047,0.0323,
2025/5/17,9:00,10:00,1.5624,0.0558,
2025/5/17,10:00,11:00,1.3259,0.0473,
2025/5/17,11:00,12:00,0.3273,0.0116,
2025/5/17,12:00,13:00,0.8074,0.0288,
2025/5/17,13:00,14:00,0.6846,0.0244,
2025/5/17,14:00,15:00,0.4204,0.015,
2025/5/17,15:00,16:00,0.5266,0.0188,
2025/5/17,16:00,17:00,0.4768,0.017,
2025/5/17,17:00,18:00,0.6927,0.0247,
2025/5/17,18:00,19:00,2.0542,0.0733,
2025/5/17,19:00,20:00,1.5463,0.0552,
2025/5/17,20:00,21:00,1.7445,0.0623,
2025/5/17,21:00,22:00,1.9162,0.0684,
2025/5/17,22:00,23:00,1.7607,0.0628,
2025/5/17,23:00,0:00,1.1412,0.0407,
2025/5/18,0:00,1:00,0.8323,0.0297,
2025/5/18,1:00,2:00,0.6439,0.0229,
2025/5/18,2:00,3:00,0.1515,0.0054,
2025/5/18,3:00,4:00,0.2093,0.0074,
2025/5/18,4:00,5:00,0.151,0.0053,
2025/5/18,5:00,6:00,0.2394,0.0085,
2025/5/18,6:00,7:00,0.2472,0.0088,
2025/5/18,7:00,8:00,0.4627,0.0165,
2025/5/18,8:00,9:00,0.9513,0.0339,
2025/5/18,9:00,10:00,1.4173,0.0506,
2025/5/18,10:00,11:00,1.4429,0.0515,
2025/5/18,11:00,12:00,0.7465,0.0266,
2025/5/18,12:00,13:00,0.5882,0.021,
2025/5/18,13:00,14:00,0.6133,0.0219,
2025/5/18,14:00,15:00,0.4086,0.0145,
2025/5/18,15:00,16:00,0.3585,0.0128,
2025/5/18,16:00,17:00,0.4855,0.0173,
2025/5/18,17:00,18:00,1.5244,0.0544,
2025/5/18,18:00,19:00,1.6211,0.0578,
2025/5/18,19:00,20:00,2.2562,0.0805,
2025/5/18,20:00,21:00,2.2722,0.0811,
2025/5/18,21:00,22:00,1.9454,0.0694,
2025/5/18,22:00,23:00,1.1317,0.0404,
2025/5/18,23:00,0:00,0.9401,0.0335,
2025/5/19,0:00,1:00,1.211,0.0432,
2025/5/19,1:00,2:00,0.143,0.0051,
2025/5/19,2:00,3:00,0.0742,0.0026,
2025/5/19,3:00,4:00,0.0327,0.0011,
2025/5/19,4:00,5:00,0.0204,0.0007,
2025/5/19,5:00,6:00,0.0677,0.0024,
2025/5/19,6:00,7:00,0.4867,0.0173,
2025/5/19,7:00,8:00,1.2243,0.0437,
2025/5/19,8:00,9:00,1.0672,0.0381,
2025/5/19,9:00,10:00,0.9444,0.0337,
2025/5/19,10:00,11:00,0.389,0.0138,
2025/5/19,11:00,12:00,0.6497,0.0232,
2025/5/19,12:00,13:00,0.201,0.0071,
2025/5/19,13:00,14:00,0.2286,0.0081,
2025/5/19,14:00,15:00,0.3287,0.0117,
2025/5/19,15:00,16:00,0.1869,0.0066,
2025/5/19,16:00,17:00,0.4206,0.015,
2025/5/19,17:00,18:00,0.9952,0.0355,
2025/5/19,18:00,19:00,1.7287,0.0617,
2025/5/19,19:00,20:00,2.0607,0.0735,
2025/5/19,20:00,21:00,1.8419,0.0657,
2025/5/19,21:00,22:00,2.074,0.074,
2025/5/19,22:00,23:00,1.515,0.0541,
2025/5/19,23:00,0:00,1.0177,0.0363,
2025/5/20,0:00,1:00,0.7692,0.0274,
2025/5/20,1:00,2:00,0.4627,0.0165,
2025/5/20,2:00,3:00,0.328,0.0117,
2025/5/20,3:00,4:00,0.1547,0.0055,
2025/5/20,4:00,5:00,0.0749,0.0026,
2025/5/20,5:00,6:00,0.3287,0.0117,
2025/5/20,6:00,7:00,0.871,0.0311,
2025/5/20,7:00,8:00,1.2634,0.0451,
2025/5/20,8:00,9:00,1.1599,0.0414,
2025/5/20,9:00,10:00,0.927,0.0331,
2025/5/20,10:00,11:00,0.7682,0.0274,
2025/5/20,11:00,12:00,0.3753,0.0134,
2025/5/20,12:00,13:00,0.3094,0.011,
2025/5/20,13:00,14:00,0.2451,0.0087,
2025/5/20,14:00,15:00,0.3488,0.0124,
2025/5/20,15:00,16:00,0.329,0.0117,
2025/5/20,16:00,17:00,0.6572,0.0234,
2025/5/20,17:00,18:00,0.7506,0.0268,
2025/5/20,18:00,19:00,1.5721,0.0561,
2025/5/20,19:00,20:00,1.1884,0.0424,
2025/5/20,20:00,21:00,2.0546,0.0733,
2025/5/20,21:00,22:00,2.2107,0.0789,
2025/5/20,22:00,23:00,1.7138,0.0612,
2025/5/20,23:00,0:00,1.1864,0.0423,
2025/5/21,0:00,1:00,0.7508,0.0268,
2025/5/21,1:00,2:00,0.5814,0.0207,
2025/5/21,2:00,3:00,0.2397,0.0085,
2025/5/21,3:00,4:00,0.1145,0.004,
2025/5/21,4:00,5:00,0.2741,0.0097,
2025/5/21,5:00,6:00,0.1737,0.0062,
2025/5/21,6:00,7:00,0.9678,0.0345,
2025/5/21,7:00,8:00,1.3151,0.0469,
2025/5/21,8:00,9:00,1.374,0.049,
2025/5/21,9:00,10:00,0.5654,0.0201,
2025/5/21,10:00,11:00,0.4463,0.0159,
2025/5/21,11:00,12:00,0.3761,0.0134,
2025/5/21,12:00,13:00,0.4496,0.016,
2025/5/21,13:00,14:00,0.2945,0.0105,
2025/5/21,14:00,15:00,0.3068,0.0109,
2025/5/21,15:00,16:00,0.3035,0.0108,
2025/5/21,16:00,17:00,0.3596,0.0128,
2025/5/21,17:00,18:00,1.1905,0.0425,
2025/5/21,18:00,19:00,1.9816,0.0707,
2025/5/21,19:00,20:00,1.8986,0.0678,
2025/5/21,20:00,21:00,1.2892,0.046,
2025/5/21,21:00,22:00,2.0805,0.0743,
2025/5/21,22:00,23:00,1.3533,0.0483,
2025/5/21,23:00,0:00,0.9383,0.0335,
2025/5/22,0:00,1:00,0.632,0.0225,
2025/5/22,1:00,2:00,0.3999,0.0142,
2025/5/22,2:00,3:00,0.3592,0.0128,
2025/5/22,3:00,4:00,0.1177,0.0042,
2025/5/22,4:00,5:00,0.1316,0.0047,
2025/5/22,5:00,6:00,0.1244,0.0044,
2025/5/22,6:00,7:00,0.7575,0.027,
2025/5/22,7:00,8:00,1.4086,0.0503,
2025/5/22,8:00,9:00,1.1581,0.0413,
2025/5/22,9:00,10:00,1.1737,0.0419,
2025/5/22,10:00,11:00,0.8431,0.0301,
2025/5/22,11:00,12:00,0.6282,0.0224,
2025/5/22,12:00,13:00,0.8282,0.0295,
2025/5/22,13:00,14:00,0.3329,0.0118,
2025/5/22,14:00,15:00,0.4561,0.0162,
2025/5/22,15:00,16:00,0.4216,0.015,
2025/5/22,16:00,17:00,0.3571,0.0127,
2025/5/22,17:00,18:00,1.0619,0.0379,
2025/5/22,18:00,19:00,1.1482,0.041,
2025/5/22,19:00,20:00,1.6937,0.0604,
2025/5/22,20:00,21:00,1.8877,0.0674,
2025/5/22,21:00,22:00,2.031,0.0725,
2025/5/22,22:00,23:00,1.3464,0.048,
2025/5/22,23:00,0:00,1.0095,0.036,
2025/5/23,0:00,1:00,0.6337,0.0226,
2025/5/23,1:00,2:00,0.658,0.0235,
2025/5/23,2:00,3:00,0.2361,0.0084,
2025/5/23,3:00,4:00,0.0454,0.0016,
2025/5/23,4:00,5:00,0.1714,0.0061,
2025/5/23,5:00,6:00,0.1826,0.0065,
2025/5/23,6:00,7:00,0.695,0.0248,
2025/5/23,7:00,8:00,1.2919,0.0461,
2025/5/23,8:00,9:00,1.1853,0.0423,
2025/5/23,9:00,10:00,0.8261,0.0295,
2025/5/23,10:00,11:00,0.4964,0.0177,
2025/5/23,11:00,12:00,0.251,0.0089,
2025/5/23,12:00,13:00,0.3213,0.0114,
2025/5/23,13:00,14:00,0.2146,0.0076,
2025/5/23,14:00,15:00,0.2739,0.0097,
2025/5/23,15:00,16:00,0.3506,0.0125,
2025/5/23,16:00,17:00,0.5023,0.0179,
2025/5/23,17:00,18:00,0.5581,0.0199,
2025/5/23,18:00,19:00,1.7357,0.0619,
2025/5/23,19:00,20:00,1.2793,0.0456,
2025/5/23,20:00,21:00,1.5621,0.0557,
2025/5/23,21:00,22:00,2.1314,0.0761,
2025/5/23,22:00,23:00,1.6853,0.0601,
2025/5/23,23:00,0:00,1.2246,0.0437,
2025/5/24,0:00,1:00,0.6758,0.0241,
2025/5/24,1:00,2:00,0.5397,0.0192,
2025/5/24,2:00,3:00,0.2082,0.0074,
2025/5/24,3:00,4:00,0.048,0.0017,
2025/5/24,4:00,5:00,0.0676,0.0024,
2025/5/24,5:00,6:00,0.1258,0.0044,
2025/5/24,6:00,7:00,0.4112,0.0146,
2025/5/24,7:00,8:00,0.7589,0.0271,
2025/5/24,8:00,9:00,1.4823,0.0529,
2025/5/24,9:00,10:00,1.3573,0.0484,
2025/5/24,10:00,11:00,0.9858,0.0352,
2025/5/24,11:00,12:00,0.4802,0.0171,
2025/5/24,12:00,13:00,0.8309,0.0296,
2025/5/24,13:00,14:00,0.4107,0.0146,
2025/5/24,14:00,15:00,0.5244,0.0187,
2025/5/24,15:00,16:00,0.8862,0.0316,
2025/5/24,16:00,17:00,0.6116,0.0218,
2025/5/24,17:00,18:00,1.4223,0.0507,
2025/5/24,18:00,19:00,1.1681,0.0417,
2025/5/24,19:00,20:00,0.8515,0.0304,
2025/5/24,20:00,21:00,1.5131,0.054,
2025/5/24,21:00,22:00,2.6628,0.0951,
2025/5/24,22:00,23:00,1.3069,0.0466,
2025/5/24,23:00,0:00,0.9275,0.0331,
2025/5/25,0:00,1:00,0.6118,0.0218,
2025/5/25,1:00,2:00,0.6978,0.0249,
2025/5/25,2:00,3:00,0.2998,0.0107,
2025/5/25,3:00,4:00,0.1902,0.0067,
2025/5/25,4:00,5:00,0.0775,0.0027,
2025/5/25,5:00,6:00,0.211,0.0075,
2025/5/25,6:00,7:00,0.3368,0.012,
2025/5/25,7:00,8:00,0.487,0.0173,
2025/5/25,8:00,9:00,1.22,0.0435,
2025/5/25,9:00,10:00,1.2061,0.043,
2025/5/25,10:00,11:00,0.6406,0.0228,
2025/5/25,11:00,12:00,0.643,0.0229,
2025/5/25,12:00,13:00,0.5281,0.0188,
2025/5/25,13:00,14:00,0.6189,0.0221,
2025/5/25,14:00,15:00,0.6065,0.0216,
2025/5/25,15:00,16:00,0.4407,0.0157,
2025/5/25,16:00,17:00,0.5756,0.0205,
2025/5/25,17:00,18:00,0.7927,0.0283,
2025/5/25,18:00,19:00,1.3694,0.0489,
2025/5/25,19:00,20:00,1.4793,0.0528,
2025/5/25,20:00,21:00,2.582,0.0922,
2025/5/25,21:00,22:00,2.5474,0.0909,
2025/5/25,22:00,23:00,1.3487,0.0481,
2025/5/25,23:00,0:00,0.7397,0.0264,
2025/5/26,0:00,1:00,0.8754,0.0312,
2025/5/26,1:00,2:00,0.5273,0.0188,
2025/5/26,2:00,3:00,0.0759,0.0027,
2025/5/26,3:00,4:00,0.1095,0.0039,
2025/5/26,4:00,5:00,0.1075,0.0038,
2025/5/26,5:00,6:00,0.0864,0.003,
2025/5/26,6:00,7:00,0.8082,0.0288,
2025/5/26,7:00,8:00,1.2659,0.0452,
2025/5/26,8:00,9:00,1.2262,0.0437,
2025/5/26,9:00,10:00,0.8228,0.0293,
2025/5/26,10:00,11:00,0.6338,0.0226,
2025/5/26,11:00,12:00,0.3994,0.0142,
2025/5/26,12:00,13:00,0.3225,0.0115,
2025/5/26,13:00,14:00,0.3222,0.0115,
2025/5/26,14:00,15:00,0.3416,0.0122,
2025/5/26,15:00,16:00,0.1456,0.0052,
2025/5/26,16:00,17:00,0.3803,0.0135,
2025/5/26,17:00,18:00,1.3395,0.0478,
2025/5/26,18:00,19:00,1.512,0.054,
2025/5/26,19:00,20:00,1.9139,0.0683,
2025/5/26,20:00,21:00,1.6675,0.0595,
2025/5/26,21:00,22:00,1.9428,0.0693,
2025/5/26,22:00,23:00,1.5286,0.0545,
2025/5/26,23:00,0:00,1.1543,0.0412,
2025/5/27,0:00,1:00,0.8638,0.0308,
2025/5/27,1:00,2:00,0.4838,0.0172,
2025/5/27,2:00,3:00,0.1648,0.0058,
2025/5/27,3:00,4:00,0.1862,0.0066,
2025/5/27,4:00,5:00,0.0738,0.0026,
2025/5/27,5:00,6:00,0.1833,0.0065,
2025/5/27,6:00,7:00,0.7707,0.0275,
2025/5/27,7:00,8:00,1.2917,0.0461,
2025/5/27,8:00,9:00,1.264,0.0451,
2025/5/27,9:00,10:00,0.7368,0.0263,
2025/5/27,10:00,11:00,0.3753,0.0134,
2025/5/27,11:00,12:00,0.3383,0.012,
2025/5/27,12:00,13:00,0.1773,0.0063,
2025/5/27,13:00,14:00,0.4562,0.0162,
2025/5/27,14:00,15:00,0.257,0.0091,
2025/5/27,15:00,16:00,0.2919,0.0104,
2025/5/27,16:00,17:00,0.5695,0.0203,
2025/5/27,17:00,18:00,0.8475,0.0302,
2025/5/27,18:00,19:00,1.5686,0.056,
2025/5/27,19:00,20:00,2.0859,0.0744,
2025/5/27,20:00,21:00,2.0876,0.0745,
2025/5/27,21:00,22:00,2.6665,0.0952,
2025/5/27,22:00,23:00,1.261,0.045,
2025/5/27,23:00,0:00,0.7924,0.0283,
2025/5/28,0:00,1:00,0.6209,0.0221,
2025/5/28,1:00,2:00,0.33,0.0117,
2025/5/28,2:00,3:00,0.2517,0.0089,
2025/5/28,3:00,4:00,0.1279,0.0045,
2025/5/28,4:00,5:00,0.1826,0.0065,
2025/5/28,5:00,6:00,0.3423,0.0122,
2025/5/28,6:00,7:00,0.8064,0.0288,
2025/5/28,7:00,8:00,1.1666,0.0416,
2025/5/28,8:00,9:00,1.4009,0.05,
2025/5/28,9:00,10:00,0.9021,0.0322,
2025/5/28,10:00,11:00,0.3996,0.0142,
2025/5/28,11:00,12:00,0.4061,0.0145,
2025/5/28,12:00,13:00,0.3929,0.014,
2025/5/28,13:00,14:00,0.2164,0.0077,
2025/5/28,14:00,15:00,0.3622,0.0129,
2025/5/28,15:00,16:00,0.2267,0.008,
2025/5/28,16:00,17:00,0.4661,0.0166,
2025/5/28,17:00,18:00,0.9338,0.0333,
2025/5/28,18:00,19:00,1.6161,0.0577,
2025/5/28,19:00,20:00,2.2201,0.0792,
2025/5/28,20:00,21:00,1.6143,0.0576,
2025/5/28,21:00,22:00,2.521,0.09,
2025/5/28,22:00,23:00,1.5374,0.0549,
2025/5/28,23:00,0:00,0.9312,0.0332,
2025/5/29,0:00,1:00,0.7194,0.0256,
2025/5/29,1:00,2:00,0.5333,0.019,
2025/5/29,2:00,3:00,0.3222,0.0115,
2025/5/29,3:00,4:00,0.0723,0.0025,
2025/5/29,4:00,5:00,0.0574,0.002,
2025/5/29,5:00,6:00,0.1851,0.0066,
2025/5/29,6:00,7:00,0.6948,0.0248,
2025/5/29,7:00,8:00,1.708,0.061,
2025/5/29,8:00,9:00,1.4017,0.05,
2025/5/29,9:00,10:00,1.1025,0.0393,
2025/5/29,10:00,11:00,0.487,0.0173,
2025/5/29,11:00,12:00,0.318,0.0113,
2025/5/29,12:00,13:00,0.2473,0.0088,
2025/5/29,13:00,14:00,0.2932,0.0104,
2025/5/29,14:00,15:00,0.1998,0.0071,
2025/5/29,15:00,16:00,0.4085,0.0145,
2025/5/29,16:00,17:00,0.4684,0.0167,
2025/5/29,17:00,18:00,0.6605,0.0235,
2025/5/29,18:00,19:00,1.5127,0.054,
2025/5/29,19:00,20:00,2.0468,0.0731,
2025/5/29,20:00,21:00,1.2142,0.0433,
2025/5/29,21:00,22:00,1.9638,0.0701,
2025/5/29,22:00,23:00,1.6202,0.0578,
2025/5/29,23:00,0:00,1.1369,0.0406,
2025/5/30,0:00,1:00,0.7095,0.0253,
2025/5/30,1:00,2:00,0.2211,0.0078,
2025/5/30,2:00,3:00,0.318,0.0113,
2025/5/30,3:00,4:00,0.1974,0.007,
2025/5/30,4:00,5:00,0.0766,0.0027,
2025/5/30,5:00,6:00,0.2249,0.008,
2025/5/30,6:00,7:00,0.6931,0.0247,
2025/5/30,7:00,8:00,1.2126,0.0433,
2025/5/30,8:00,9:00,1.3245,0.0473,
2025/5/30,9:00,10:00,1.1984,0.0428,
2025/5/30,10:00,11:00,0.5659,0.0202,
2025/5/30,11:00,12:00,0.1767,0.0063,
2025/5/30,12:00,13:00,0.1757,0.0062,
2025/5/30,13:00,14:00,0.3201,0.0114,
2025/5/30,14:00,15:00,0.2471,0.0088,
2025/5/30,15:00,16:00,0.1207,0.0043,
2025/5/30,16:00,17:00,0.3422,0.0122,
2025/5/30,17:00,18:00,0.92,0.0328,
2025/5/30,18:00,19:00,1.5566,0.0555,
2025/5/30,19:00,20:00,1.886,0.0673,
2025/5/30,20:00,21:00,0.764,0.0272,
2025/5/30,21:00,22:00,2.2227,0.0793,
2025/5/30,22:00,23:00,1.6315,0.0582,
2025/5/30,23:00,0:00,0.9212,0.0329,
2025/5/31,0:00,1:00,0.6319,0.0225,
2025/5/31,1:00,2:00,0.3557,0.0127,
2025/5/31,2:00,3:00,0.1096,0.0039,
2025/5/31,3:00,4:00,0.1208,0.0043,
2025/5/31,4:00,5:00,0.0503,0.0017,
2025/5/31,5:00,6:00,0.1835,0.0065,
2025/5/31,6:00,7:00,0.1795,0.0064,
2025/5/31,7:00,8:00,0.5776,0.0206,
2025/5/31,8:00,9:00,1.0154,0.0362,
2025/5/31,9:00,10:00,1.6823,0.06,
2025/5/31,10:00,11:00,1.297,0.0463,
2025/5/31,11:00,12:00,0.9147,0.0326,
2025/5/31,12:00,13:00,0.5591,0.0199,
2025/5/31,13:00,14:00,0.6275,0.0224,
2025/5/31,14:00,15:00,0.5606,0.02,
2025/5/31,15:00,16:00,0.6272,0.0224,
2025/5/31,16:00,17:00,0.6837,0.0244,
2025/5/31,17:00,18:00,0.9559,0.0341,
2025/5/31,18:00,19:00,1.8324,0.0654,
2025/5/31,19:00,20:00,1.6357,0.0584,
2025/5/31,20:00,21:00,1.6371,0.0584,
2025/5/31,21:00,22:00,1.7751,0.0633,
2025/5/31,22:00,23:00,1.3626,0.0486,
2025/5/31,23:00,0:00,0.5747,0.0205,
2025/6/1,0:00,1:00,0.6881,0.0245,
2025/6/1,1:00,2:00,0.4006,0.0143,
2025/6/1,2:00,3:00,0.2232,0.0079,
2025/6/1,3:00,4:00,0.2475,0.0088,
2025/6/1,4:00,5:00,0.181,0.0064,
2025/6/1,5:00,6:00,0.0863,0.003,
2025/6/1,6:00,7:00,0.097,0.0034,
2025/6/1,7:00,8:00,0.6377,0.0227,
2025/6/1,8:00,9:00,1.3139,0.0469,
2025/6/1,9:00,10:00,1.2705,0.0453,
2025/6/1,10:00,11:00,1.2281,0.0438,
2025/6/1,11:00,12:00,1.0433,0.0372,
2025/6/1,12:00,13:00,1.013,0.0361,
2025/6/1,13:00,14:00,0.7757,0.0277,
2025/6/1,14:00,15:00,0.2721,0.0097,
2025/6/1,15:00,16:00,0.4978,0.0177,
2025/6/1,16:00,17:00,0.4802,0.0171,
2025/6/1,17:00,18:00,0.8762,0.0312,
2025/6/1,18:00,19:00,0.8865,0.0316,
2025/6/1,19:00,20:00,2.1694,0.0774,
2025/6/1,20:00,21:00,2.0371,0.0727,
2025/6/1,21:00,22:00,2.5808,0.0921,
2025/6/1,22:00,23:00,1.6572,0.0591,
2025/6/1,23:00,0:00,0.8633,0.0308,
2025/6/2,0:00,1:00,1.0024,0.0358,
2025/6/2,1:00,2:00,0.4539,0.0162,
2025/6/2,2:00,3:00,0.1423,0.005,
2025/6/2,3:00,4:00,0.1117,0.0039,
2025/6/2,4:00,5:00,0.0295,0.001,
2025/6/2,5:00,6:00,0.2105,0.0075,
2025/6/2,6:00,7:00,1.0938,0.039,
2025/6/2,7:00,8:00,1.0923,0.039,
2025/6/2,8:00,9:00,1.018,0.0363,
2025/6/2,9:00,10:00,0.8392,0.0299,
2025/6/2,10:00,11:00,0.6673,0.0238,
2025/6/2,11:00,12:00,0.303,0.0108,
2025/6/2,12:00,13:00,0.1723,0.0061,
2025/6/2,13:00,14:00,0.3133,0.0111,
2025/6/2,14:00,15:00,0.2719,0.0097,
2025/6/2,15:00,16:00,0.2389,0.0085,
2025/6/2,16:00,17:00,0.3754,0.0134,
2025/6/2,17:00,18:00,1.2737,0.0454,
2025/6/2,18:00,19:00,1.418,0.0506,
2025/6/2,19:00,20:00,2.0077,0.0717,
2025/6/2,20:00,21:00,1.6097,0.0574,
2025/6/2,21:00,22:00,2.1161,0.0755,
2025/6/2,22:00,23:00,1.2009,0.0428,
2025/6/2,23:00,0:00,1.1349,0.0405,
2025/6/3,0:00,1:00,0.6268,0.0223,
2025/6/3,1:00,2:00,0.3357,0.0119,
2025/6/3,2:00,3:00,0.1835,0.0065,
2025/6/3,3:00,4:00,0.1469,0.0052,
2025/6/3,4:00,5:00,0.1422,0.005,
2025/6/3,5:00,6:00,0.1457,0.0052,
2025/6/3,6:00,7:00,0.7915,0.0282,
2025/6/3,7:00,8:00,1.2388,0.0442,
2025/6/3,8:00,9:00,0.9968,0.0356,
2025/6/3,9:00,10:00,0.7993,0.0285,
2025/6/3,10:00,11:00,0.5422,0.0193,
2025/6/3,11:00,12:00,0.2206,0.0078,
2025/6/3,12:00,13:00,0.1567,0.0055,
2025/6/3,13:00,14:00,0.3577,0.0127,
2025/6/3,14:00,15:00,0.2436,0.0087,
2025/6/3,15:00,16:00,0.255,0.0091,
2025/6/3,16:00,17:00,0.6767,0.0241,
2025/6/3,17:00,18:00,1.2883,0.046,
2025/6/3,18:00,19:00,1.8364,0.0655,
2025/6/3,19:00,20:00,1.9478,0.0695,
2025/6/3,20:00,21:00,1.7315,0.0618,
2025/6/3,21:00,22:00,1.8656,0.0666,
2025/6/3,22:00,23:00,1.2176,0.0434,
2025/6/3,23:00,0:00,1.1887,0.0424,
2025/6/4,0:00,1:00,1.009,0.036,
2025/6/4,1:00,2:00,0.4654,0.0166,
2025/6/4,2:00,3:00,0.2577,0.0092,
2025/6/4,3:00,4:00,0.2617,0.0093,
2025/6/4,4:00,5:00,0.0341,0.0012,
2025/6/4,5:00,6:00,0.1195,0.0042,
2025/6/4,6:00,7:00,0.6636,0.0237,
2025/6/4,7:00,8:00,1.5077,0.0538,
2025/6/4,8:00,9:00,1.4589,0.0521,
2025/6/4,9:00,10:00,0.8077,0.0288,
2025/6/4,10:00,11:00,0.4863,0.0173,
2025/6/4,11:00,12:00,0.3891,0.0138,
2025/6/4,12:00,13:00,0.3416,0.0122,
2025/6/4,13:00,14:00,0.6352,0.0226,
2025/6/4,14:00,15:00,0.4727,0.0168,
2025/6/4,15:00,16:00,0.4197,0.0149,
2025/6/4,16:00,17:00,0.6268,0.0223,
2025/6/4,17:00,18:00,0.8497,0.0303,
2025/6/4,18:00,19:00,2.3665,0.0845,
2025/6/4,19:00,20:00,1.7852,0.0637,
2025/6/4,20:00,21:00,1.4269,0.0509,
2025/6/4,21:00,22:00,1.7268,0.0616,
2025/6/4,22:00,23:00,1.5842,0.0565,
2025/6/4,23:00,0:00,0.705,0.0251,
2025/6/5,0:00,1:00,0.5226,0.0186,
2025/6/5,1:00,2:00,0.4664,0.0166,
2025/6/5,2:00,3:00,0.2916,0.0104,
2025/6/5,3:00,4:00,0.052,0.0018,
2025/6/5,4:00,5:00,0.0973,0.0034,
2025/6/5,5:00,6:00,0.3892,0.0139,
2025/6/5,6:00,7:00,0.9583,0.0342,
2025/6/5,7:00,8:00,1.5373,0.0549,
2025/6/5,8:00,9:00,1.5862,0.0566,
2025/6/5,9:00,10:00,0.7452,0.0266,
2025/6/5,10:00,11:00,0.3651,0.013,
2025/6/5,11:00,12:00,0.1698,0.006,
2025/6/5,12:00,13:00,0.3591,0.0128,
2025/6/5,13:00,14:00,0.3364,0.012,
2025/6/5,14:00,15:00,0.3108,0.0111,
2025/6/5,15:00,16:00,0.6549,0.0233,
2025/6/5,16:00,17:00,0.5359,0.0191,
2025/6/5,17:00,18:00,0.7997,0.0285,
2025/6/5,18:00,19:00,1.3384,0.0478,
2025/6/5,19:00,20:00,1.647,0.0588,
2025/6/5,20:00,21:00,1.2467,0.0445,
2025/6/5,21:00,22:00,1.5986,0.057,
2025/6/5,22:00,23:00,1.4141,0.0505,
2025/6/5,23:00,0:00,1.2178,0.0434,
2025/6/6,0:00,1:00,0.7791,0.0278,
2025/6/6,1:00,2:00,0.5153,0.0184,
2025/6/6,2:00,3:00,0.1125,0.004,
2025/6/6,3:00,4:00,0.1569,0.0056,
2025/6/6,4:00,5:00,0.1479,0.0052,
2025/6/6,5:00,6:00,0.3956,0.0141,
2025/6/6,6:00,7:00,0.7307,0.026,
2025/6/6,7:00,8:00,1.1306,0.0403,
2025/6/6,8:00,9:00,1.3538,0.0483,
2025/6/6,9:00,10:00,0.9964,0.0355,
2025/6/6,10:00,11:00,0.8798,0.0314,
2025/6/6,11:00,12:00,0.4255,0.0151,
2025/6/6,12:00,13:00,0.0898,0.0032,
2025/6/6,13:00,14:00,0.2898,0.0103,
2025/6/6,14:00,15:00,0.4254,0.0151,
2025/6/6,15:00,16:00,0.7075,0.0252,
2025/6/6,16:00,17:00,0.653,0.0233,
2025/6/6,17:00,18:00,1.0542,0.0376,
2025/6/6,18:00,19:00,1.6145,0.0576,
2025/6/6,19:00,20:00,1.7851,0.0637,
2025/6/6,20:00,21:00,1.1617,0.0414,
2025/6/6,21:00,22:00,2.2575,0.0806,
2025/6/6,22:00,23:00,1.4218,0.0507,
2025/6/6,23:00,0:00,1.3843,0.0494,
2025/6/7,0:00,1:00,0.8402,0.03,
2025/6/7,1:00,2:00,0.4337,0.0154,
2025/6/7,2:00,3:00,0.4676,0.0167,
2025/6/7,3:00,4:00,0.0766,0.0027,
2025/6/7,4:00,5:00,0.0342,0.0012,
2025/6/7,5:00,6:00,0.1718,0.0061,
2025/6/7,6:00,7:00,0.6063,0.0216,
2025/6/7,7:00,8:00,0.8351,0.0298,
2025/6/7,8:00,9:00,1.1734,0.0419,
2025/6/7,9:00,10:00,1.5337,0.0547,
2025/6/7,10:00,11:00,1.0838,0.0387,
2025/6/7,11:00,12:00,1.5746,0.0562,
2025/6/7,12:00,13:00,0.797,0.0284,
2025/6/7,13:00,14:00,0.9453,0.0337,
2025/6/7,14:00,15:00,0.687,0.0245,
2025/6/7,15:00,16:00,0.3582,0.0127,
2025/6/7,16:00,17:00,0.5818,0.0207,
2025/6/7,17:00,18:00,1.2423,0.0443,
2025/6/7,18:00,19:00,1.3995,0.0499,
2025/6/7,19:00,20:00,1.8173,0.0649,
2025/6/7,20:00,21:00,1.4814,0.0529,
2025/6/7,21:00,22:00,2.0329,0.0726,
2025/6/7,22:00,23:00,1.6083,0.0574,
2025/6/7,23:00,0:00,1.1961,0.0427,
2025/6/8,0:00,1:00,0.4641,0.0165,
2025/6/8,1:00,2:00,0.4244,0.0151,
2025/6/8,2:00,3:00,0.084,0.003,
2025/6/8,3:00,4:00,0.0189,0.0006,
2025/6/8,4:00,5:00,0.1536,0.0054,
2025/6/8,5:00,6:00,0.1663,0.0059,
2025/6/8,6:00,7:00,0.2151,0.0076,
2025/6/8,7:00,8:00,0.5275,0.0188,
2025/6/8,8:00,9:00,1.1517,0.0411,
2025/6/8,9:00,10:00,1.7047,0.0608,
2025/6/8,10:00,11:00,0.9941,0.0355,
2025/6/8,11:00,12:00,0.7607,0.0271,
2025/6/8,12:00,13:00,0.4659,0.0166,
2025/6/8,13:00,14:00,0.4875,0.0174,
2025/6/8,14:00,15:00,0.4843,0.0172,
2025/6/8,15:00,16:00,0.3956,0.0141,
2025/6/8,16:00,17:00,0.4665,0.0166,
2025/6/8,17:00,18:00,1.3373,0.0477,
2025/6/8,18:00,19:00,1.6386,0.0585,
2025/6/8,19:00,20:00,2.441,0.0871,
2025/6/8,20:00,21:00,1.4464,0.0516,
2025/6/8,21:00,22:00,1.9434,0.0694,
2025/6/8,22:00,23:00,1.3656,0.0487,
2025/6/8,23:00,0:00,1.2301,0.0439,
2025/6/9,0:00,1:00,0.7324,0.0261,
2025/6/9,1:00,2:00,0.464,0.0165,
2025/6/9,2:00,3:00,0.0974,0.0034,
2025/6/9,3:00,4:00,0.0749,0.0026,
2025/6/9,4:00,5:00,0.0334,0.0011,
2025/6/9,5:00,6:00,0.0621,0.0022,
2025/6/9,6:00,7:00,0.9745,0.0348,
2025/6/9,7:00,8:00,1.085,0.0387,
2025/6/9,8:00,9:00,1.3285,0.0474,
2025/6/9,9:00,10:00,0.9976,0.0356,
2025/6/9,10:00,11:00,0.7902,0.0282,
2025/6/9,11:00,12:00,0.4751,0.0169,
2025/6/9,12:00,13:00,0.3615,0.0129,
2025/6/9,13:00,14:00,0.4757,0.0169,
2025/6/9,14:00,15:00,0.364,0.013,
2025/6/9,15:00,16:00,0.2486,0.0088,
2025/6/9,16:00,17:00,0.6269,0.0223,
2025/6/9,17:00,18:00,1.2479,0.0445,
2025/6/9,18:00,19:00,1.5286,0.0545,
2025/6/9,19:00,20:00,1.7488,0.0624,
2025/6/9,20:00,21:00,1.5091,0.0538,
2025/6/9,21:00,22:00,1.4777,0.0527,
2025/6/9,22:00,23:00,1.4702,0.0525,
2025/6/9,23:00,0:00,0.9261,0.033,
2025/6/10,0:00,1:00,0.6083,0.0217,
2025/6/10,1:00,2:00,0.4161,0.0148,
2025/6/10,2:00,3:00,0.3103,0.011,
2025/6/10,3:00,4:00,0.1768,0.0063,
2025/6/10,4:00,5:00,0.0861,0.003,
2025/6/10,5:00,6:00,0.1535,0.0054,
2025/6/10,6:00,7:00,0.8985,0.032,
2025/6/10,7:00,8:00,1.3106,0.0468,
2025/6/10,8:00,9:00,1.0468,0.0373,
2025/6/10,9:00,10:00,1.0725,0.0383,
2025/6/10,10:00,11:00,0.41,0.0146,
2025/6/10,11:00,12:00,0.2459,0.0087,
2025/6/10,12:00,13:00,0.307,0.0109,
2025/6/10,13:00,14:00,0.3699,0.0132,
2025/6/10,14:00,15:00,0.3003,0.0107,
2025/6/10,15:00,16:00,0.5176,0.0184,
2025/6/10,16:00,17:00,0.4782,0.017,
2025/6/10,17:00,18:00,1.6199,0.0578,
2025/6/10,18:00,19:00,1.7293,0.0617,
2025/6/10,19:00,20:00,1.298,0.0463,
2025/6/10,20:00,21:00,1.7946,0.064,
2025/6/10,21:00,22:00,2.4641,0.088,
2025/6/10,22:00,23:00,1.2274,0.0438,
2025/6/10,23:00,0:00,0.9557,0.0341,
2025/6/11,0:00,1:00,0.9814,0.035,
2025/6/11,1:00,2:00,0.2257,0.008,
2025/6/11,2:00,3:00,0.0729,0.0026,
2025/6/11,3:00,4:00,0.2743,0.0097,
2025/6/11,4:00,5:00,0.1516,0.0054,
2025/6/11,5:00,6:00,0.2358,0.0084,
2025/6/11,6:00,7:00,0.6578,0.0234,
2025/6/11,7:00,8:00,0.9826,0.035,
2025/6/11,8:00,9:00,1.3516,0.0482,
2025/6/11,9:00,10:00,0.7802,0.0278,
2025/6/11,10:00,11:00,0.5467,0.0195,
2025/6/11,11:00,12:00,0.3506,0.0125,
2025/6/11,12:00,13:00,0.4265,0.0152,
2025/6/11,13:00,14:00,0.5104,0.0182,
2025/6/11,14:00,15:00,0.3861,0.0137,
2025/6/11,15:00,16:00,0.1675,0.0059,
2025/6/11,16:00,17:00,0.2338,0.0083,
2025/6/11,17:00,18:00,0.6887,0.0245,
2025/6/11,18:00,19:00,2.2715,0.0811,
2025/6/11,19:00,20:00,1.1911,0.0425,
2025/6/11,20:00,21:00,2.0261,0.0723,
2025/6/11,21:00,22:00,2.062,0.0736,
2025/6/11,22:00,23:00,1.3301,0.0475,
2025/6/11,23:00,0:00,1.1934,0.0426,
2025/6/12,0:00,1:00,0.6225,0.0222,
2025/6/12,1:00,2:00,0.9013,0.0321,
2025/6/12,2:00,3:00,0.3339,0.0119,
2025/6/12,3:00,4:00,0.0651,0.0023,
2025/6/12,4:00,5:00,0.1215,0.0043,
2025/6/12,5:00,6:00,0.3684,0.0131,
2025/6/12,6:00,7:00,0.6733,0.024,
2025/6/12,7:00,8:00,1.0733,0.0383,
2025/6/12,8:00,9:00,1.5225,0.0543,
2025/6/12,9:00,10:00,0.9984,0.0356,
2025/6/12,10:00,11:00,0.5541,0.0197,
2025/6/12,11:00,12:00,0.1728,0.0061,
2025/6/12,12:00,13:00,0.1571,0.0056,
2025/6/12,13:00,14:00,0.1925,0.0068,
2025/6/12,14:00,15:00,0.1915,0.0068,
2025/6/12,15:00,16:00,0.0583,0.002,
2025/6/12,16:00,17:00,0.4099,0.0146,
2025/6/12,17:00,18:00,1.0785,0.0385,
2025/6/12,18:00,19:00,1.3557,0.0484,
2025/6/12,19:00,20:00,1.4486,0.0517,
2025/6/12,20:00,21:00,1.4256,0.0509,
2025/6/12,21:00,22:00,2.4922,0.089,
2025/6/12,22:00,23:00,1.2905,0.046,
2025/6/12,23:00,0:00,0.8955,0.0319,
2025/6/13,0:00,1:00,0.7544,0.0269,
2025/6/13,1:00,2:00,0.412,0.0147,
2025/6/13,2:00,3:00,0.444,0.0158,
2025/6/13,3:00,4:00,0.3223,0.0115,
2025/6/13,4:00,5:00,0.0222,0.0007,
2025/6/13,5:00,6:00,0.0926,0.0033,
2025/6/13,6:00,7:00,0.799,0.0285,
2025/6/13,7:00,8:00,1.2182,0.0435,
2025/6/13,8:00,9:00,1.5859,0.0566,
2025/6/13,9:00,10:00,1.4218,0.0507,
2025/6/13,10:00,11:00,0.5476,0.0195,
2025/6/13,11:00,12:00,0.1307,0.0046,
2025/6/13,12:00,13:00,0.3154,0.0112,
2025/6/13,13:00,14:00,0.2456,0.0087,
2025/6/13,14:00,15:00,0.1912,0.0068,
2025/6/13,15:00,16:00,0.3313,0.0118,
2025/6/13,16:00,17:00,0.5068,0.0181,
2025/6/13,17:00,18:00,0.7667,0.0273,
2025/6/13,18:00,19:00,1.8834,0.0672,
2025/6/13,19:00,20:00,1.5353,0.0548,
2025/6/13,20:00,21:00,1.2371,0.0441,
2025/6/13,21:00,22:00,1.2699,0.0453,
2025/6/13,22:00,23:00,2.0897,0.0746,
2025/6/13,23:00,0:00,0.9124,0.0325,
2025/6/14,0:00,1:00,0.91,0.0325,
2025/6/14,1:00,2:00,0.6542,0.0233,
2025/6/14,2:00,3:00,0.1227,0.0043,
2025/6/14,3:00,4:00,0.0526,0.0018,
2025/6/14,4:00,5:00,0.0836,0.0029,
2025/6/14,5:00,6:00,0.0901,0.0032,
2025/6/14,6:00,7:00,0.4611,0.0164,
2025/6/14,7:00,8:00,0.8774,0.0313,
2025/6/14,8:00,9:00,1.4561,0.052,
2025/6/14,9:00,10:00,1.8173,0.0649,
2025/6/14,10:00,11:00,1.1976,0.0427,
2025/6/14,11:00,12:00,0.6425,0.0229,
2025/6/14,12:00,13:00,0.5675,0.0202,
2025/6/14,13:00,14:00,0.9337,0.0333,
2025/6/14,14:00,15:00,0.4149,0.0148,
2025/6/14,15:00,16:00,0.2838,0.0101,
2025/6/14,16:00,17:00,0.4241,0.0151,
2025/6/14,17:00,18:00,0.7157,0.0255,
2025/6/14,18:00,19:00,1.057,0.0377,
2025/6/14,19:00,20:00,1.7649,0.063,
2025/6/14,20:00,21:00,1.589,0.0567,
2025/6/14,21:00,22:00,2.0259,0.0723,
2025/6/14,22:00,23:00,2.2745,0.0812,
2025/6/14,23:00,0:00,0.8332,0.0297,
2025/6/15,0:00,1:00,0.8244,0.0294,
2025/6/15,1:00,2:00,0.6089,0.0217,
2025/6/15,2:00,3:00,0.1846,0.0065,
2025/6/15,3:00,4:00,0.0231,0.0008,
2025/6/15,4:00,5:00,0.1024,0.0036,
2025/6/15,5:00,6:00,0.2608,0.0093,
2025/6/15,6:00,7:00,0.2783,0.0099,
2025/6/15,7:00,8:00,0.6855,0.0244,
2025/6/15,8:00,9:00,0.9202,0.0328,
2025/6/15,9:00,10:00,1.3196,0.0471,
2025/6/15,10:00,11:00,1.03,0.0367,
2025/6/15,11:00,12:00,0.5526,0.0197,
2025/6/15,12:00,13:00,0.3904,0.0139,
2025/6/15,13:00,14:00,0.8211,0.0293,
2025/6/15,14:00,15:00,0.6849,0.0244,
2025/6/15,15:00,16:00,0.4877,0.0174,
2025/6/15,16:00,17:00,0.6028,0.0215,
2025/6/15,17:00,18:00,1.1854,0.0423,
2025/6/15,18:00,19:00,1.4802,0.0528,
2025/6/15,19:00,20:00,2.2808,0.0814,
2025/6/15,20:00,21:00,1.5208,0.0543,
2025/6/15,21:00,22:00,2.2522,0.0804,
2025/6/15,22:00,23:00,1.3247,0.0473,
2025/6/15,23:00,0:00,1.2018,0.0429,
2025/6/16,0:00,1:00,0.7577,0.027,
2025/6/16,1:00,2:00,0.3134,0.0111,
2025/6/16,2:00,3:00,0.1677,0.0059,
2025/6/16,3:00,4:00,0.0472,0.0016,
2025/6/16,4:00,5:00,0.0939,0.0033,
2025/6/16,5:00,6:00,0.1059,0.0037,
2025/6/16,6:00,7:00,0.716,0.0255,
2025/6/16,7:00,8:00,1.2505,0.0446,
2025/6/16,8:00,9:00,1.5098,0.0539,
2025/6/16,9:00,10:00,1.2705,0.0453,
2025/6/16,10:00,11:00,1.1539,0.0412,
2025/6/16,11:00,12:00,0.5314,0.0189,
2025/6/16,12:00,13:00,0.2036,0.0072,
2025/6/16,13:00,14:00,0.6062,0.0216,
2025/6/16,14:00,15:00,0.2842,0.0101,
2025/6/16,15:00,16:00,0.3692,0.0131,
2025/6/16,16:00,17:00,0.8969,0.032,
2025/6/16,17:00,18:00,1.2804,0.0457,
2025/6/16,18:00,19:00,1.5439,0.0551,
2025/6/16,19:00,20:00,1.6145,0.0576,
2025/6/16,20:00,21:00,1.2413,0.0443,
2025/6/16,21:00,22:00,1.6484,0.0588,
2025/6/16,22:00,23:00,1.9056,0.068,
2025/6/16,23:00,0:00,0.9787,0.0349,
2025/6/17,0:00,1:00,0.5964,0.0213,
2025/6/17,1:00,2:00,0.5064,0.018,
2025/6/17,2:00,3:00,0.112,0.004,
2025/6/17,3:00,4:00,0.2093,0.0074,
2025/6/17,4:00,5:00,0.0524,0.0018,
2025/6/17,5:00,6:00,0.1311,0.0046,
2025/6/17,6:00,7:00,0.8041,0.0287,
2025/6/17,7:00,8:00,1.3119,0.0468,
2025/6/17,8:00,9:00,1.3547,0.0483,
2025/6/17,9:00,10:00,0.8849,0.0316,
2025/6/17,10:00,11:00,0.6877,0.0245,
2025/6/17,11:00,12:00,0.1799,0.0064,
2025/6/17,12:00,13:00,0.4524,0.0161,
2025/6/17,13:00,14:00,0.5698,0.0203,
2025/6/17,14:00,15:00,0.68,0.0242,
2025/6/17,15:00,16:00,0.378,0.0135,
2025/6/17,16:00,17:00,0.5694,0.0203,
2025/6/17,17:00,18:00,1.0347,0.0369,
2025/6/17,18:00,19:00,1.4371,0.0513,
2025/6/17,19:00,20:00,1.0791,0.0385,
2025/6/17,20:00,21:00,1.7297,0.0617,
2025/6/17,21:00,22:00,1.7819,0.0636,
2025/6/17,22:00,23:00,1.4808,0.0528,
2025/6/17,23:00,0:00,1.2457,0.0444,
2025/6/18,0:00,1:00,0.816,0.0291,
2025/6/18,1:00,2:00,0.2342,0.0083,
2025/6/18,2:00,3:00,0.2102,0.0075,
2025/6/18,3:00,4:00,0.0889,0.0031,
2025/6/18,4:00,5:00,0.076,0.0027,
2025/6/18,5:00,6:00,0.1341,0.0047,
2025/6/18,6:00,7:00,0.9317,0.0332,
2025/6/18,7:00,8:00,1.1491,0.041,
2025/6/18,8:00,9:00,1.2794,0.0456,
2025/6/18,9:00,10:00,1.2962,0.0462,
2025/6/18,10:00,11:00,0.4022,0.0143,
2025/6/18,11:00,12:00,0.2744,0.0098,
2025/6/18,12:00,13:00,0.1616,0.0057,
2025/6/18,13:00,14:00,0.3762,0.0134,
2025/6/18,14:00,15:00,0.4119,0.0147,
2025/6/18,15:00,16:00,0.5262,0.0187,
2025/6/18,16:00,17:00,0.4794,0.0171,
2025/6/18,17:00,18:00,1.1646,0.0415,
2025/6/18,18:00,19:00,1.657,0.0591,
2025/6/18,19:00,20:00,1.3141,0.0469,
2025/6/18,20:00,21:00,1.7216,0.0614,
2025/6/18,21:00,22:00,1.7416,0.0622,
2025/6/18,22:00,23:00,1.4744,0.0526,
2025/6/18,23:00,0:00,1.1723,0.0418,
2025/6/19,0:00,1:00,0.9862,0.0352,
2025/6/19,1:00,2:00,0.6493,0.0231,
2025/6/19,2:00,3:00,0.081,0.0028,
2025/6/19,3:00,4:00,0.0533,0.0019,
2025/6/19,4:00,5:00,0.0321,0.0011,
2025/6/19,5:00,6:00,0.1933,0.0069,
2025/6/19,6:00,7:00,0.7224,0.0258,
2025/6/19,7:00,8:00,1.9305,0.0689,
2025/6/19,8:00,9:00,1.3072,0.0466,
2025/6/19,9:00,10:00,0.7241,0.0258,
2025/6/19,10:00,11:00,0.4202,0.015,
2025/6/19,11:00,12:00,0.3836,0.0137,
2025/6/19,12:00,13:00,0.3563,0.0127,
2025/6/19,13:00,14:00,0.4536,0.0162,
2025/6/19,14:00,15:00,0.4187,0.0149,
2025/6/19,15:00,16:00,1.2194,0.0435,
2025/6/19,16:00,17:00,0.7714,0.0275,
2025/6/19,17:00,18:00,0.6973,0.0249,
2025/6/19,18:00,19:00,1.728,0.0617,
2025/6/19,19:00,20:00,1.6957,0.0605,
2025/6/19,20:00,21:00,1.5499,0.0553,
2025/6/19,21:00,22:00,1.5496,0.0553,
2025/6/19,22:00,23:00,1.5768,0.0563,
2025/6/19,23:00,0:00,1.3937,0.0497,
2025/6/20,0:00,1:00,0.8106,0.0289,
2025/6/20,1:00,2:00,0.4803,0.0171,
2025/6/20,2:00,3:00,0.1089,0.0038,
2025/6/20,3:00,4:00,0.2091,0.0074,
2025/6/20,4:00,5:00,0.0269,0.0009,
2025/6/20,5:00,6:00,0.0837,0.0029,
2025/6/20,6:00,7:00,0.7638,0.0272,
2025/6/20,7:00,8:00,1.3115,0.0468,
2025/6/20,8:00,9:00,1.4499,0.0517,
2025/6/20,9:00,10:00,1.3293,0.0474,
2025/6/20,10:00,11:00,0.5077,0.0181,
2025/6/20,11:00,12:00,0.5746,0.0205,
2025/6/20,12:00,13:00,0.5053,0.018,
2025/6/20,13:00,14:00,0.4987,0.0178,
2025/6/20,14:00,15:00,0.374,0.0133,
2025/6/20,15:00,16:00,0.525,0.0187,
2025/6/20,16:00,17:00,0.6706,0.0239,
2025/6/20,17:00,18:00,1.0914,0.0389,
2025/6/20,18:00,19:00,1.186,0.0423,
2025/6/20,19:00,20:00,1.7129,0.0611,
2025/6/20,20:00,21:00,1.8142,0.0647,
2025/6/20,21:00,22:00,1.7191,0.0613,
2025/6/20,22:00,23:00,1.4919,0.0532,
2025/6/20,23:00,0:00,1.4147,0.0505,
2025/6/21,0:00,1:00,0.7777,0.0277,
2025/6/21,1:00,2:00,0.5725,0.0204,
2025/6/21,2:00,3:00,0.0894,0.0031,
2025/6/21,3:00,4:00,0.0649,0.0023,
2025/6/21,4:00,5:00,0.2654,0.0094,
2025/6/21,5:00,6:00,0.068,0.0024,
2025/6/21,6:00,7:00,0.5765,0.0205,
2025/6/21,7:00,8:00,0.8095,0.0289,
2025/6/21,8:00,9:00,1.9774,0.0706,
2025/6/21,9:00,10:00,1.5953,0.0569,
2025/6/21,10:00,11:00,0.9405,0.0335,
2025/6/21,11:00,12:00,0.6265,0.0223,
2025/6/21,12:00,13:00,1.0649,0.038,
2025/6/21,13:00,14:00,1.0064,0.0359,
2025/6/21,14:00,15:00,0.5237,0.0187,
2025/6/21,15:00,16:00,0.7738,0.0276,
2025/6/21,16:00,17:00,0.8579,0.0306,
2025/6/21,17:00,18:00,1.0709,0.0382,
2025/6/21,18:00,19:00,1.4176,0.0506,
2025/6/21,19:00,20:00,2.3936,0.0854,
2025/6/21,20:00,21:00,1.7258,0.0616,
2025/6/21,21:00,22:00,2.3652,0.0844,
2025/6/21,22:00,23:00,1.1995,0.0428,
2025/6/21,23:00,0:00,0.8197,0.0292,
2025/6/22,0:00,1:00,0.5438,0.0194,
2025/6/22,1:00,2:00,0.2856,0.0102,
2025/6/22,2:00,3:00,0.3169,0.0113,
2025/6/22,3:00,4:00,0.1847,0.0065,
2025/6/22,4:00,5:00,0.1427,0.005,
2025/6/22,5:00,6:00,0.1087,0.0038,
2025/6/22,6:00,7:00,0.3408,0.0121,
2025/6/22,7:00,8:00,1.2011,0.0428,
2025/6/22,8:00,9:00,1.9148,0.0683,
2025/6/22,9:00,10:00,2.1279,0.0759,
2025/6/22,10:00,11:00,1.4305,0.051,
2025/6/22,11:00,12:00,0.5002,0.0178,
2025/6/22,12:00,13:00,0.4764,0.017,
2025/6/22,13:00,14:00,0.694,0.0247,
2025/6/22,14:00,15:00,0.4492,0.016,
2025/6/22,15:00,16:00,0.7458,0.0266,
2025/6/22,16:00,17:00,0.5734,0.0204,
2025/6/22,17:00,18:00,1.3216,0.0472,
2025/6/22,18:00,19:00,1.8367,0.0655,
2025/6/22,19:00,20:00,2.1392,0.0764,
2025/6/22,20:00,21:00,2.0999,0.0749,
2025/6/22,21:00,22:00,2.119,0.0756,
2025/6/22,22:00,23:00,1.7049,0.0608,
2025/6/22,23:00,0:00,0.8078,0.0288,
2025/6/23,0:00,1:00,0.7412,0.0264,
2025/6/23,1:00,2:00,0.5647,0.0201,
2025/6/23,2:00,3:00,0.1148,0.0041,
2025/6/23,3:00,4:00,0.0822,0.0029,
2025/6/23,4:00,5:00,0.0605,0.0021,
2025/6/23,5:00,6:00,0.1636,0.0058,
2025/6/23,6:00,7:00,1.055,0.0376,
2025/6/23,7:00,8:00,1.4208,0.0507,
2025/6/23,8:00,9:00,1.4026,0.05,
2025/6/23,9:00,10:00,1.0457,0.0373,
2025/6/23,10:00,11:00,0.6855,0.0244,
2025/6/23,11:00,12:00,0.1935,0.0069,
2025/6/23,12:00,13:00,0.4224,0.015,
2025/6/23,13:00,14:00,0.3789,0.0135,
2025/6/23,14:00,15:00,0.687,0.0245,
2025/6/23,15:00,16:00,0.4569,0.0163,
2025/6/23,16:00,17:00,0.7504,0.0268,
2025/6/23,17:00,18:00,1.5549,0.0555,
2025/6/23,18:00,19:00,1.7741,0.0633,
2025/6/23,19:00,20:00,1.503,0.0536,
2025/6/23,20:00,21:00,1.7175,0.0613,
2025/6/23,21:00,22:00,1.5398,0.0549,
2025/6/23,22:00,23:00,1.2498,0.0446,
2025/6/23,23:00,0:00,0.9029,0.0322,
2025/6/24,0:00,1:00,1.1263,0.0402,
2025/6/24,1:00,2:00,0.2674,0.0095,
2025/6/24,2:00,3:00,0.243,0.0086,
2025/6/24,3:00,4:00,0.2695,0.0096,
2025/6/24,4:00,5:00,0.1346,0.0048,
2025/6/24,5:00,6:00,0.0765,0.0027,
2025/6/24,6:00,7:00,0.6921,0.0247,
2025/6/24,7:00,8:00,1.6073,0.0574,
2025/6/24,8:00,9:00,1.7195,0.0614,
2025/6/24,9:00,10:00,0.8456,0.0302,
2025/6/24,10:00,11:00,0.3299,0.0117,
2025/6/24,11:00,12:00,0.1304,0.0046,
2025/6/24,12:00,13:00,0.3396,0.0121,
2025/6/24,13:00,14:00,0.4354,0.0155,
2025/6/24,14:00,15:00,0.33,0.0117,
2025/6/24,15:00,16:00,0.2381,0.0085,
2025/6/24,16:00,17:00,0.7213,0.0257,
2025/6/24,17:00,18:00,0.8784,0.0313,
2025/6/24,18:00,19:00,1.8101,0.0646,
2025/6/24,19:00,20:00,1.6199,0.0578,
2025/6/24,20:00,21:00,2.1657,0.0773,
2025/6/24,21:00,22:00,1.7451,0.0623,
2025/6/24,22:00,23:00,1.522,0.0543,
2025/6/24,23:00,0:00,0.8715,0.0311,
2025/6/25,0:00,1:00,0.3937,0.014,
2025/6/25,1:00,2:00,0.3751,0.0133,
2025/6/25,2:00,3:00,0.1502,0.0053,
2025/6/25,3:00,4:00,0.2382,0.0085,
2025/6/25,4:00,5:00,0.0806,0.0028,
2025/6/25,5:00,6:00,0.2937,0.0104,
2025/6/25,6:00,7:00,0.7167,0.0255,
2025/6/25,7:00,8:00,1.5683,0.056,
2025/6/25,8:00,9:00,1.3111,0.0468,
2025/6/25,9:00,10:00,0.8682,0.031,
2025/6/25,10:00,11:00,0.2706,0.0096,
2025/6/25,11:00,12:00,0.5261,0.0187,
2025/6/25,12:00,13:00,0.304,0.0108,
2025/6/25,13:00,14:00,0.3486,0.0124,
2025/6/25,14:00,15:00,0.5413,0.0193,
2025/6/25,15:00,16:00,0.4132,0.0147,
2025/6/25,16:00,17:00,0.5644,0.0201,
2025/6/25,17:00,18:00,1.3948,0.0498,
2025/6/25,18:00,19:00,1.6758,0.0598,
2025/6/25,19:00,20:00,1.2094,0.0431,
2025/6/25,20:00,21:00,1.855,0.0662,
2025/6/25,21:00,22:00,1.9095,0.0681,
2025/6/25,22:00,23:00,1.3117,0.0468,
2025/6/25,23:00,0:00,1.2896,0.046,
2025/6/26,0:00,1:00,0.9203,0.0328,
2025/6/26,1:00,2:00,0.6633,0.0236,
2025/6/26,2:00,3:00,0.2107,0.0075,
2025/6/26,3:00,4:00,0.0673,0.0024,
2025/6/26,4:00,5:00,0.0497,0.0017,
2025/6/26,5:00,6:00,0.2301,0.0082,
2025/6/26,6:00,7:00,0.6037,0.0215,
2025/6/26,7:00,8:00,1.3778,0.0492,
2025/6/26,8:00,9:00,1.6163,0.0577,
2025/6/26,9:00,10:00,1.0551,0.0376,
2025/6/26,10:00,11:00,0.5597,0.0199,
2025/6/26,11:00,12:00,0.3524,0.0125,
2025/6/26,12:00,13:00,0.3527,0.0125,
2025/6/26,13:00,14:00,0.3884,0.0138,
2025/6/26,14:00,15:00,0.3829,0.0136,
2025/6/26,15:00,16:00,0.3113,0.0111,
2025/6/26,16:00,17:00,0.7993,0.0285,
2025/6/26,17:00,18:00,1.3678,0.0488,
2025/6/26,18:00,19:00,1.5931,0.0568,
2025/6/26,19:00,20:00,2.0532,0.0733,
2025/6/26,20:00,21:00,1.5114,0.0539,
2025/6/26,21:00,22:00,2.0172,0.072,
2025/6/26,22:00,23:00,1.1481,0.041,
2025/6/26,23:00,0:00,0.9326,0.0333,
2025/6/27,0:00,1:00,0.7664,0.0273,
2025/6/27,1:00,2:00,0.4199,0.0149,
2025/6/27,2:00,3:00,0.2618,0.0093,
2025/6/27,3:00,4:00,0.2694,0.0096,
2025/6/27,4:00,5:00,0.0172,0.0006,
2025/6/27,5:00,6:00,0.2901,0.0103,
2025/6/27,6:00,7:00,0.8,0.0285,
2025/6/27,7:00,8:00,1.205,0.043,
2025/6/27,8:00,9:00,1.5787,0.0563,
2025/6/27,9:00,10:00,1.0963,0.0391,
2025/6/27,10:00,11:00,0.5963,0.0212,
2025/6/27,11:00,12:00,0.4166,0.0148,
2025/6/27,12:00,13:00,0.213,0.0076,
2025/6/27,13:00,14:00,0.3105,0.011,
2025/6/27,14:00,15:00,0.3006,0.0107,
2025/6/27,15:00,16:00,0.5337,0.019,
2025/6/27,16:00,17:00,0.583,0.0208,
2025/6/27,17:00,18:00,1.3277,0.0474,
2025/6/27,18:00,19:00,1.1911,0.0425,
2025/6/27,19:00,20:00,1.8459,0.0659,
2025/6/27,20:00,21:00,1.3708,0.0489,
2025/6/27,21:00,22:00,2.4057,0.0859,
2025/6/27,22:00,23:00,1.4394,0.0514,
2025/6/27,23:00,0:00,1.0961,0.0391,
2025/6/28,0:00,1:00,1.0578,0.0377,
2025/6/28,1:00,2:00,0.5564,0.0198,
2025/6/28,2:00,3:00,0.5536,0.0197,
2025/6/28,3:00,4:00,0.1847,0.0065,
2025/6/28,4:00,5:00,0.0459,0.0016,
2025/6/28,5:00,6:00,0.1351,0.0048,
2025/6/28,6:00,7:00,0.4803,0.0171,
2025/6/28,7:00,8:00,1.132,0.0404,
2025/6/28,8:00,9:00,1.4904,0.0532,
2025/6/28,9:00,10:00,1.7063,0.0609,
2025/6/28,10:00,11:00,1.0953,0.0391,
2025/6/28,11:00,12:00,0.7033,0.0251,
2025/6/28,12:00,13:00,0.866,0.0309,
2025/6/28,13:00,14:00,0.9932,0.0354,
2025/6/28,14:00,15:00,0.6578,0.0234,
2025/6/28,15:00,16:00,0.2633,0.0094,
2025/6/28,16:00,17:00,0.7627,0.0272,
2025/6/28,17:00,18:00,0.9338,0.0333,
2025/6/28,18:00,19:00,1.4241,0.0508,
2025/6/28,19:00,20:00,2.221,0.0793,
2025/6/28,20:00,21:00,1.9658,0.0702,
2025/6/28,21:00,22:00,1.3292,0.0474,
2025/6/28,22:00,23:00,1.8643,0.0665,
2025/6/28,23:00,0:00,1.6408,0.0586,
2025/6/29,0:00,1:00,0.7498,0.0267,
2025/6/29,1:00,2:00,0.4334,0.0154,
2025/6/29,2:00,3:00,0.2532,0.009,
2025/6/29,3:00,4:00,0.069,0.0024,
2025/6/29,4:00,5:00,0.1519,0.0054,
2025/6/29,5:00,6:00,0.193,0.0068,
2025/6/29,6:00,7:00,0.451,0.0161,
2025/6/29,7:00,8:00,0.7941,0.0283,
2025/6/29,8:00,9:00,1.2299,0.0439,
2025/6/29,9:00,10:00,1.831,0.0653,
2025/6/29,10:00,11:00,1.0715,0.0382,
2025/6/29,11:00,12:00,0.6949,0.0248,
2025/6/29,12:00,13:00,0.668,0.0238,
2025/6/29,13:00,14:00,0.6262,0.0223,
2025/6/29,14:00,15:00,0.3347,0.0119,
2025/6/29,15:00,16:00,0.3283,0.0117,
2025/6/29,16:00,17:00,0.5794,0.0206,
2025/6/29,17:00,18:00,0.7735,0.0276,
2025/6/29,18:00,19:00,1.4405,0.0514,
2025/6/29,19:00,20:00,2.291,0.0818,
2025/6/29,20:00,21:00,1.7271,0.0616,
2025/6/29,21:00,22:00,1.9108,0.0682,
2025/6/29,22:00,23:00,1.6905,0.0603,
2025/6/29,23:00,0:00,1.0048,0.0358,
2025/6/30,0:00,1:00,0.696,0.0248,
2025/6/30,1:00,2:00,0.2043,0.0072,
2025/6/30,2:00,3:00,0.3626,0.0129,
2025/6/30,3:00,4:00,0.1294,0.0046,
2025/6/30,4:00,5:00,0.0804,0.0028,
2025/6/30,5:00,6:00,0.1418,0.005,
2025/6/30,6:00,7:00,0.9612,0.0343,
2025/6/30,7:00,8:00,1.4803,0.0528,
2025/6/30,8:00,9:00,1.3156,0.0469,
2025/6/30,9:00,10:00,0.8534,0.0304,
2025/6/30,10:00,11:00,0.6322,0.0225,
2025/6/30,11:00,12:00,0.4998,0.0178,
2025/6/30,12:00,13:00,0.1751,0.0062,
2025/6/30,13:00,14:00,0.0958,0.0034,
2025/6/30,14:00,15:00,0.4898,0.0174,
2025/6/30,15:00,16:00,0.4371,0.0156,
2025/6/30,16:00,17:00,0.6855,0.0244,
2025/6/30,17:00,18:00,0.9707,0.0346,
2025/6/30,18:00,19:00,1.0492,0.0374,
2025/6/30,19:00,20:00,1.6426,0.0586,
2025/6/30,20:00,21:00,1.5752,0.0562,
2025/6/30,21:00,22:00,2.2843,0.0815,
2025/6/30,22:00,23:00,1.7711,0.0632,
2025/6/30,23:00,0:00,0.902,0.0322,
2025/7/1,0:00,1:00,0.6639,0.0237,
2025/7/1,1:00,2:00,0.6223,0.0222,
2025/7/1,2:00,3:00,0.285,0.0101,
2025/7/1,3:00,4:00,0.4116,0.0147,
2025/7/1,4:00,5:00,0.0734,0.0026,
2025/7/1,5:00,6:00,0.1264,0.0045,
2025/7/1,6:00,7:00,0.9837,0.0351,
2025/7/1,7:00,8:00,1.424,0.0508,
2025/7/1,8:00,9:00,1.2223,0.0436,
2025/7/1,9:00,10:00,0.8433,0.0301,
2025/7/1,10:00,11:00,0.5475,0.0195,
2025/7/1,11:00,12:00,0.212,0.0075,
2025/7/1,12:00,13:00,0.3438,0.0122,
2025/7/1,13:00,14:00,0.3725,0.0133,
2025/7/1,14:00,15:00,0.291,0.0103,
2025/7/1,15:00,16:00,0.1881,0.0067,
2025/7/1,16:00,17:00,0.5611,0.02,
2025/7/1,17:00,18:00,1.5761,0.0562,
2025/7/1,18:00,19:00,1.2452,0.0444,
2025/7/1,19:00,20:00,1.4603,0.0521,
2025/7/1,20:00,21:00,1.7366,0.062,
2025/7/1,21:00,22:00,1.8075,0.0645,
2025/7/1,22:00,23:00,1.8741,0.0669,
2025/7/1,23:00,0:00,1.0764,0.0384,
2025/7/2,0:00,1:00,0.7376,0.0263,
2025/7/2,1:00,2:00,0.5585,0.0199,
2025/7/2,2:00,3:00,0.312,0.0111,
2025/7/2,3:00,4:00,0.0572,0.002,
2025/7/2,4:00,5:00,0.0358,0.0012,
2025/7/2,5:00,6:00,0.1485,0.0053,
2025/7/2,6:00,7:00,0.6908,0.0246,
2025/7/2,7:00,8:00,1.3676,0.0488,
2025/7/2,8:00,9:00,1.4324,0.0511,
2025/7/2,9:00,10:00,1.2734,0.0454,
2025/7/2,10:00,11:00,0.5208,0.0186,
2025/7/2,11:00,12:00,0.4571,0.0163,
2025/7/2,12:00,13:00,0.2623,0.0093,
2025/7/2,13:00,14:00,0.4331,0.0154,
2025/7/2,14:00,15:00,0.3444,0.0123,
2025/7/2,15:00,16:00,0.3081,0.011,
2025/7/2,16:00,17:00,0.64,0.0228,
2025/7/2,17:00,18:00,1.4244,0.0508,
2025/7/2,18:00,19:00,1.3348,0.0476,
2025/7/2,19:00,20:00,1.5785,0.0563,
2025/7/2,20:00,21:00,1.4482,0.0517,
2025/7/2,21:00,22:00,2.2094,0.0789,
2025/7/2,22:00,23:00,1.3676,0.0488,
2025/7/2,23:00,0:00,0.8158,0.0291,
2025/7/3,0:00,1:00,0.5377,0.0192,
2025/7/3,1:00,2:00,0.2783,0.0099,
2025/7/3,2:00,3:00,0.1603,0.0057,
2025/7/3,3:00,4:00,0.3239,0.0115,
2025/7/3,4:00,5:00,0.0782,0.0027,
2025/7/3,5:00,6:00,0.2589,0.0092,
2025/7/3,6:00,7:00,0.9765,0.0348,
2025/7/3,7:00,8:00,1.5372,0.0549,
2025/7/3,8:00,9:00,1.2762,0.0455,
2025/7/3,9:00,10:00,0.6106,0.0218,
2025/7/3,10:00,11:00,0.3936,0.014,
2025/7/3,11:00,12:00,0.5085,0.0181,
2025/7/3,12:00,13:00,0.1437,0.0051,
2025/7/3,13:00,14:00,0.2296,0.0082,
2025/7/3,14:00,15:00,0.2671,0.0095,
2025/7/3,15:00,16:00,0.3051,0.0108,
2025/7/3,16:00,17:00,0.752,0.0268,
2025/7/3,17:00,18:00,1.4577,0.052,
2025/7/3,18:00,19:00,1.379,0.0492,
2025/7/3,19:00,20:00,1.3892,0.0496,
2025/7/3,20:00,21:00,1.9834,0.0708,
2025/7/3,21:00,22:00,1.3469,0.0481,
2025/7/3,22:00,23:00,2.0614,0.0736,
2025/7/3,23:00,0:00,1.1611,0.0414,
2025/7/4,0:00,1:00,0.8286,0.0295,
2025/7/4,1:00,2:00,0.4038,0.0144,
2025/7/4,2:00,3:00,0.2163,0.0077,
2025/7/4,3:00,4:00,0.2468,0.0088,
2025/7/4,4:00,5:00,0.1214,0.0043,
2025/7/4,5:00,6:00,0.1379,0.0049,
2025/7/4,6:00,7:00,0.78,0.0278,
2025/7/4,7:00,8:00,1.4985,0.0535,
2025/7/4,8:00,9:00,1.5002,0.0535,
2025/7/4,9:00,10:00,1.2389,0.0442,
2025/7/4,10:00,11:00,0.8137,0.029,
2025/7/4,11:00,12:00,0.4287,0.0153,
2025/7/4,12:00,13:00,0.266,0.0095,
2025/7/4,13:00,14:00,0.5533,0.0197,
2025/7/4,14:00,15:00,0.3724,0.0133,
2025/7/4,15:00,16:00,0.2177,0.0077,
2025/7/4,16:00,17:00,0.6446,0.023,
2025/7/4,17:00,18:00,1.2412,0.0443,
2025/7/4,18:00,19:00,1.2489,0.0446,
2025/7/4,19:00,20:00,1.626,0.058,
2025/7/4,20:00,21:00,1.1597,0.0414,
2025/7/4,21:00,22:00,2.3144,0.0826,
2025/7/4,22:00,23:00,1.2787,0.0456,
2025/7/4,23:00,0:00,1.1074,0.0395,
2025/7/5,0:00,1:00,0.6576,0.0234,
2025/7/5,1:00,2:00,0.3703,0.0132,
2025/7/5,2:00,3:00,0.3514,0.0125,
2025/7/5,3:00,4:00,0.1209,0.0043,
2025/7/5,4:00,5:00,0.006,0.0002,
2025/7/5,5:00,6:00,0.1776,0.0063,
2025/7/5,6:00,7:00,0.6914,0.0246,
2025/7/5,7:00,8:00,1.005,0.0358,
2025/7/5,8:00,9:00,1.4984,0.0535,
2025/7/5,9:00,10:00,1.029,0.0367,
2025/7/5,10:00,11:00,0.857,0.0306,
2025/7/5,11:00,12:00,0.7683,0.0274,
2025/7/5,12:00,13:00,0.4673,0.0166,
2025/7/5,13:00,14:00,0.6704,0.0239,
2025/7/5,14:00,15:00,0.458,0.0163,
2025/7/5,15:00,16:00,0.4459,0.0159,
2025/7/5,16:00,17:00,0.6581,0.0235,
2025/7/5,17:00,18:00,0.9417,0.0336,
2025/7/5,18:00,19:00,1.2851,0.0458,
2025/7/5,19:00,20:00,1.9791,0.0706,
2025/7/5,20:00,21:00,1.2205,0.0435,
2025/7/5,21:00,22:00,1.7658,0.063,
2025/7/5,22:00,23:00,1.2224,0.0436,
2025/7/5,23:00,0:00,1.4695,0.0524,
2025/7/6,0:00,1:00,0.6488,0.0231,
2025/7/6,1:00,2:00,0.5007,0.0178,
2025/7/6,2:00,3:00,0.226,0.008,
2025/7/6,3:00,4:00,0.3372,0.012,
2025/7/6,4:00,5:00,0.2334,0.0083,
2025/7/6,5:00,6:00,0.0879,0.0031,
2025/7/6,6:00,7:00,0.2771,0.0098,
2025/7/6,7:00,8:00,0.7003,0.025,
2025/7/6,8:00,9:00,1.4953,0.0534,
2025/7/6,9:00,10:00,1.576,0.0562,
2025/7/6,10:00,11:00,1.9041,0.068,
2025/7/6,11:00,12:00,1.5448,0.0551,
2025/7/6,12:00,13:00,1.1445,0.0408,
2025/7/6,13:00,14:00,1.0623,0.0379,
2025/7/6,14:00,15:00,0.9311,0.0332,
2025/7/6,15:00,16:00,0.3969,0.0141,
2025/7/6,16:00,17:00,0.6826,0.0243,
2025/7/6,17:00,18:00,0.8456,0.0302,
2025/7/6,18:00,19:00,1.6881,0.0602,
2025/7/6,19:00,20:00,1.7548,0.0626,
2025/7/6,20:00,21:00,1.859,0.0663,
2025/7/6,21:00,22:00,1.9445,0.0694,
2025/7/6,22:00,23:00,1.531,0.0546,
2025/7/6,23:00,0:00,1.0649,0.038,
2025/7/7,0:00,1:00,0.5371,0.0191,
2025/7/7,1:00,2:00,0.5392,0.0192,
2025/7/7,2:00,3:00,0.0787,0.0028,
2025/7/7,3:00,4:00,0.1283,0.0045,
2025/7/7,4:00,5:00,0.1813,0.0064,
2025/7/7,5:00,6:00,0.2295,0.0081,
2025/7/7,6:00,7:00,0.6448,0.023,
2025/7/7,7:00,8:00,1.5329,0.0547,
2025/7/7,8:00,9:00,1.4818,0.0529,
2025/7/7,9:00,10:00,0.9089,0.0324,
2025/7/7,10:00,11:00,0.3759,0.0134,
2025/7/7,11:00,12:00,0.1547,0.0055,
2025/7/7,12:00,13:00,0.2848,0.0101,
2025/7/7,13:00,14:00,0.1533,0.0054,
2025/7/7,14:00,15:00,0.4876,0.0174,
2025/7/7,15:00,16:00,0.2813,0.01,
2025/7/7,16:00,17:00,0.6279,0.0224,
2025/7/7,17:00,18:00,0.9223,0.0329,
2025/7/7,18:00,19:00,1.8075,0.0645,
2025/7/7,19:00,20:00,2.0095,0.0717,
2025/7/7,20:00,21:00,1.7301,0.0617,
2025/7/7,21:00,22:00,1.96,0.07,
2025/7/7,22:00,23:00,1.4755,0.0526,
2025/7/7,23:00,0:00,0.9668,0.0345,
2025/7/8,0:00,1:00,0.6436,0.0229,
2025/7/8,1:00,2:00,0.4256,0.0152,
2025/7/8,2:00,3:00,0.3915,0.0139,
2025/7/8,3:00,4:00,0.2283,0.0081,
2025/7/8,4:00,5:00,0.043,0.0015,
2025/7/8,5:00,6:00,0.1535,0.0054,
2025/7/8,6:00,7:00,0.8218,0.0293,
2025/7/8,7:00,8:00,1.6439,0.0587,
2025/7/8,8:00,9:00,1.6527,0.059,
2025/7/8,9:00,10:00,0.6116,0.0218,
2025/7/8,10:00,11:00,0.3247,0.0115,
2025/7/8,11:00,12:00,0.2659,0.0094,
2025/7/8,12:00,13:00,0.1086,0.0038,
2025/7/8,13:00,14:00,0.2741,0.0097,
2025/7/8,14:00,15:00,0.2459,0.0087,
2025/7/8,15:00,16:00,0.1874,0.0066,
2025/7/8,16:00,17:00,0.6456,0.023,
2025/7/8,17:00,18:00,0.9049,0.0323,
2025/7/8,18:00,19:00,1.4924,0.0533,
2025/7/8,19:00,20:00,2.1169,0.0756,
2025/7/8,20:00,21:00,1.8487,0.066,
2025/7/8,21:00,22:00,1.9065,0.068,
2025/7/8,22:00,23:00,1.9281,0.0688,
2025/7/8,23:00,0:00,1.1086,0.0395,
2025/7/9,0:00,1:00,0.6843,0.0244,
2025/7/9,1:00,2:00,0.4452,0.0159,
2025/7/9,2:00,3:00,0.2617,0.0093,
2025/7/9,3:00,4:00,0.3104,0.011,
2025/7/9,4:00,5:00,0.1711,0.0061,
2025/7/9,5:00,6:00,0.3024,0.0108,
2025/7/9,6:00,7:00,0.6661,0.0237,
2025/7/9,7:00,8:00,1.5613,0.0557,
2025/7/9,8:00,9:00,1.5418,0.055,
2025/7/9,9:00,10:00,0.8483,0.0302,
2025/7/9,10:00,11:00,0.4913,0.0175,
2025/7/9,11:00,12:00,0.4271,0.0152,
2025/7/9,12:00,13:00,0.4358,0.0155,
2025/7/9,13:00,14:00,0.377,0.0134,
2025/7/9,14:00,15:00,0.2313,0.0082,
2025/7/9,15:00,16:00,0.2004,0.0071,
2025/7/9,16:00,17:00,0.7567,0.027,
2025/7/9,17:00,18:00,1.3554,0.0484,
2025/7/9,18:00,19:00,1.6949,0.0605,
2025/7/9,19:00,20:00,1.4333,0.0511,
2025/7/9,20:00,21:00,1.2473,0.0445,
2025/7/9,21:00,22:00,2.2108,0.0789,
2025/7/9,22:00,23:00,1.4565,0.052,
2025/7/9,23:00,0:00,1.1635,0.0415,
2025/7/10,0:00,1:00,0.6622,0.0236,
2025/7/10,1:00,2:00,0.6567,0.0234,
2025/7/10,2:00,3:00,0.0955,0.0034,
2025/7/10,3:00,4:00,0.0221,0.0007,
2025/7/10,4:00,5:00,0.0338,0.0012,
2025/7/10,5:00,6:00,0.1878,0.0067,
2025/7/10,6:00,7:00,0.9012,0.0321,
2025/7/10,7:00,8:00,1.7262,0.0616,
2025/7/10,8:00,9:00,1.2745,0.0455,
2025/7/10,9:00,10:00,0.6504,0.0232,
2025/7/10,10:00,11:00,0.5405,0.0193,
2025/7/10,11:00,12:00,0.4476,0.0159,
2025/7/10,12:00,13:00,0.1967,0.007,
2025/7/10,13:00,14:00,0.2842,0.0101,
2025/7/10,14:00,15:00,0.2423,0.0086,
2025/7/10,15:00,16:00,0.4431,0.0158,
2025/7/10,16:00,17:00,0.9228,0.0329,
2025/7/10,17:00,18:00,1.3333,0.0476,
2025/7/10,18:00,19:00,1.9165,0.0684,
2025/7/10,19:00,20:00,1.286,0.0459,
2025/7/10,20:00,21:00,1.4743,0.0526,
2025/7/10,21:00,22:00,2.2568,0.0806,
2025/7/10,22:00,23:00,1.4757,0.0527,
2025/7/10,23:00,0:00,0.8594,0.0306,
2025/7/11,0:00,1:00,0.6797,0.0242,
2025/7/11,1:00,2:00,0.4351,0.0155,
2025/7/11,2:00,3:00,0.2084,0.0074,
2025/7/11,3:00,4:00,0.0446,0.0015,
2025/7/11,4:00,5:00,0.1727,0.0061,
2025/7/11,5:00,6:00,0.1268,0.0045,
2025/7/11,6:00,7:00,0.4034,0.0144,
2025/7/11,7:00,8:00,1.279,0.0456,
2025/7/11,8:00,9:00,1.4908,0.0532,
2025/7/11,9:00,10:00,0.9031,0.0322,
2025/7/11,10:00,11:00,0.4396,0.0157,
2025/7/11,11:00,12:00,0.4078,0.0145,
2025/7/11,12:00,13:00,0.2682,0.0095,
2025/7/11,13:00,14:00,0.2192,0.0078,
2025/7/11,14:00,15:00,0.5297,0.0189,
2025/7/11,15:00,16:00,0.2919,0.0104,
2025/7/11,16:00,17:00,0.5747,0.0205,
2025/7/11,17:00,18:00,1.2083,0.0431,
2025/7/11,18:00,19:00,2.0026,0.0715,
2025/7/11,19:00,20:00,2.039,0.0728,
2025/7/11,20:00,21:00,0.871,0.0311,
2025/7/11,21:00,22:00,1.7612,0.0629,
2025/7/11,22:00,23:00,1.9869,0.0709,
2025/7/11,23:00,0:00,1.075,0.0383,
2025/7/12,0:00,1:00,0.6552,0.0234,
2025/7/12,1:00,2:00,0.7004,0.025,
2025/7/12,2:00,3:00,0.1458,0.0052,
2025/7/12,3:00,4:00,0.126,0.0045,
2025/7/12,4:00,5:00,0.028,0.001,
2025/7/12,5:00,6:00,0.0892,0.0031,
2025/7/12,6:00,7:00,0.3786,0.0135,
2025/7/12,7:00,8:00,0.6068,0.0216,
2025/7/12,8:00,9:00,1.16,0.0414,
2025/7/12,9:00,10:00,1.6211,0.0578,
2025/7/12,10:00,11:00,1.2413,0.0443,
2025/7/12,11:00,12:00,0.8074,0.0288,
2025/7/12,12:00,13:00,0.6891,0.0246,
2025/7/12,13:00,14:00,0.6342,0.0226,
2025/7/12,14:00,15:00,0.3604,0.0128,
2025/7/12,15:00,16:00,0.5476,0.0195,
2025/7/12,16:00,17:00,0.4835,0.0172,
2025/7/12,17:00,18:00,1.0925,0.039,
2025/7/12,18:00,19:00,2.105,0.0751,
2025/7/12,19:00,20:00,1.2146,0.0433,
2025/7/12,20:00,21:00,1.4918,0.0532,
2025/7/12,21:00,22:00,1.9562,0.0698,
2025/7/12,22:00,23:00,1.7032,0.0608,
2025/7/12,23:00,0:00,0.9958,0.0355,
2025/7/13,0:00,1:00,1.0933,0.039,
2025/7/13,1:00,2:00,0.3596,0.0128,
2025/7/13,2:00,3:00,0.1427,0.005,
2025/7/13,3:00,4:00,0.0943,0.0033,
2025/7/13,4:00,5:00,0.0641,0.0022,
2025/7/13,5:00,6:00,0.2445,0.0087,
2025/7/13,6:00,7:00,0.4491,0.016,
2025/7/13,7:00,8:00,0.7617,0.0272,
2025/7/13,8:00,9:00,1.173,0.0418,
2025/7/13,9:00,10:00,1.6466,0.0588,
2025/7/13,10:00,11:00,1.0217,0.0364,
2025/7/13,11:00,12:00,0.7027,0.025,
2025/7/13,12:00,13:00,0.6349,0.0226,
2025/7/13,13:00,14:00,0.6776,0.0242,
2025/7/13,14:00,15:00,0.7373,0.0263,
2025/7/13,15:00,16:00,0.3652,0.013,
2025/7/13,16:00,17:00,0.7647,0.0273,
2025/7/13,17:00,18:00,0.9246,0.033,
2025/7/13,18:00,19:00,1.8384,0.0656,
2025/7/13,19:00,20:00,1.4266,0.0509,
2025/7/13,20:00,21:00,1.8141,0.0647,
2025/7/13,21:00,22:00,1.6367,0.0584,
2025/7/13,22:00,23:00,1.7417,0.0622,
2025/7/13,23:00,0:00,0.6176,0.022,
2025/7/14,0:00,1:00,0.3624,0.0129,
2025/7/14,1:00,2:00,0.3312,0.0118,
2025/7/14,2:00,3:00,0.2106,0.0075,
2025/7/14,3:00,4:00,0.0292,0.001,
2025/7/14,4:00,5:00,0.0333,0.0011,
2025/7/14,5:00,6:00,0.0991,0.0035,
2025/7/14,6:00,7:00,0.6695,0.0239,
2025/7/14,7:00,8:00,1.5159,0.0541,
2025/7/14,8:00,9:00,1.2762,0.0455,
2025/7/14,9:00,10:00,0.8973,0.032,
2025/7/14,10:00,11:00,0.3325,0.0118,
2025/7/14,11:00,12:00,0.4138,0.0147,
2025/7/14,12:00,13:00,0.4292,0.0153,
2025/7/14,13:00,14:00,0.2445,0.0087,
2025/7/14,14:00,15:00,0.4562,0.0162,
2025/7/14,15:00,16:00,0.4036,0.0144,
2025/7/14,16:00,17:00,0.5739,0.0204,
2025/7/14,17:00,18:00,0.9982,0.0356,
2025/7/14,18:00,19:00,1.0461,0.0373,
2025/7/14,19:00,20:00,1.5046,0.0537,
2025/7/14,20:00,21:00,1.5954,0.0569,
2025/7/14,21:00,22:00,1.329,0.0474,
2025/7/14,22:00,23:00,1.5228,0.0543,
2025/7/14,23:00,0:00,0.9263,0.033,
2025/7/15,0:00,1:00,0.5372,0.0191,
2025/7/15,1:00,2:00,0.6433,0.0229,
2025/7/15,2:00,3:00,0.6244,0.0223,
2025/7/15,3:00,4:00,0.1222,0.0043,
2025/7/15,4:00,5:00,0.0199,0.0007,
2025/7/15,5:00,6:00,0.1588,0.0056,
2025/7/15,6:00,7:00,0.7107,0.0253,
2025/7/15,7:00,8:00,1.2956,0.0462,
2025/7/15,8:00,9:00,1.3858,0.0494,
2025/7/15,9:00,10:00,0.8005,0.0285,
2025/7/15,10:00,11:00,0.3256,0.0116,
2025/7/15,11:00,12:00,0.1295,0.0046,
2025/7/15,12:00,13:00,0.1428,0.0051,
2025/7/15,13:00,14:00,0.1153,0.0041,
2025/7/15,14:00,15:00,0.2364,0.0084,
2025/7/15,15:00,16:00,0.4571,0.0163,
2025/7/15,16:00,17:00,0.671,0.0239,
2025/7/15,17:00,18:00,1.4195,0.0506,
2025/7/15,18:00,19:00,1.2341,0.044,
2025/7/15,19:00,20:00,1.3837,0.0494,
2025/7/15,20:00,21:00,2.0707,0.0739,
2025/7/15,21:00,22:00,1.6564,0.0591,
2025/7/15,22:00,23:00,1.0928,0.039,
2025/7/15,23:00,0:00,1.6771,0.0598,
2025/7/16,0:00,1:00,0.3756,0.0134,
2025/7/16,1:00,2:00,0.4321,0.0154,
2025/7/16,2:00,3:00,0.1883,0.0067,
2025/7/16,3:00,4:00,0.1722,0.0061,
2025/7/16,4:00,5:00,0.04,0.0014,
2025/7/16,5:00,6:00,0.0816,0.0029,
2025/7/16,6:00,7:00,0.8176,0.0292,
2025/7/16,7:00,8:00,1.7578,0.0627,
2025/7/16,8:00,9:00,1.3854,0.0494,
2025/7/16,9:00,10:00,0.839,0.0299,
2025/7/16,10:00,11:00,0.6661,0.0237,
2025/7/16,11:00,12:00,0.3743,0.0133,
2025/7/16,12:00,13:00,0.163,0.0058,
2025/7/16,13:00,14:00,0.5636,0.0201,
2025/7/16,14:00,15:00,0.4064,0.0145,
2025/7/16,15:00,16:00,0.3119,0.0111,
2025/7/16,16:00,17:00,0.4353,0.0155,
2025/7/16,17:00,18:00,1.1072,0.0395,
2025/7/16,18:00,19:00,1.6453,0.0587,
2025/7/16,19:00,20:00,1.3522,0.0482,
2025/7/16,20:00,21:00,1.9794,0.0706,
2025/7/16,21:00,22:00,1.5677,0.0559,
2025/7/16,22:00,23:00,1.685,0.0601,
2025/7/16,23:00,0:00,0.7642,0.0272,
2025/7/17,0:00,1:00,0.9604,0.0343,
2025/7/17,1:00,2:00,0.2825,0.01,
2025/7/17,2:00,3:00,0.2895,0.0103,
2025/7/17,3:00,4:00,0.2423,0.0086,
2025/7/17,4:00,5:00,0.0773,0.0027,
2025/7/17,5:00,6:00,0.3678,0.0131,
2025/7/17,6:00,7:00,0.8487,0.0303,
2025/7/17,7:00,8:00,1.1607,0.0414,
2025/7/17,8:00,9:00,1.2333,0.044,
2025/7/17,9:00,10:00,0.7041,0.0251,
2025/7/17,10:00,11:00,0.4257,0.0152,
2025/7/17,11:00,12:00,0.5193,0.0185,
2025/7/17,12:00,13:00,0.5892,0.021,
2025/7/17,13:00,14:00,0.5887,0.021,
2025/7/17,14:00,15:00,0.3142,0.0112,
2025/7/17,15:00,16:00,0.2354,0.0084,
2025/7/17,16:00,17:00,0.7964,0.0284,
2025/7/17,17:00,18:00,0.9172,0.0327,
2025/7/17,18:00,19:00,1.6195,0.0578,
2025/7/17,19:00,20:00,1.4214,0.0507,
2025/7/17,20:00,21:00,1.6656,0.0594,
2025/7/17,21:00,22:00,1.9976,0.0713,
2025/7/17,22:00,23:00,1.2553,0.0448,
2025/7/17,23:00,0:00,0.7599,0.0271,
2025/7/18,0:00,1:00,0.3663,0.013,
2025/7/18,1:00,2:00,0.4405,0.0157,
2025/7/18,2:00,3:00,0.3456,0.0123,
2025/7/18,3:00,4:00,0.0729,0.0026,
2025/7/18,4:00,5:00,0.0333,0.0011,
2025/7/18,5:00,6:00,0.0574,0.002,
2025/7/18,6:00,7:00,0.8041,0.0287,
2025/7/18,7:00,8:00,1.5858,0.0566,
2025/7/18,8:00,9:00,1.6624,0.0593,
2025/7/18,9:00,10:00,1.1144,0.0398,
2025/7/18,10:00,11:00,0.6537,0.0233,
2025/7/18,11:00,12:00,0.711,0.0253,
2025/7/18,12:00,13:00,0.4401,0.0157,
2025/7/18,13:00,14:00,0.3893,0.0139,
2025/7/18,14:00,15:00,0.4621,0.0165,
2025/7/18,15:00,16:00,0.5315,0.0189,
2025/7/18,16:00,17:00,0.4426,0.0158,
2025/7/18,17:00,18:00,0.8181,0.0292,
2025/7/18,18:00,19:00,1.243,0.0443,
2025/7/18,19:00,20:00,1.484,0.053,
2025/7/18,20:00,21:00,1.1484,0.041,
2025/7/18,21:00,22:00,2.347,0.0838,
2025/7/18,22:00,23:00,1.4282,0.051,
2025/7/18,23:00,0:00,0.9034,0.0322,
2025/7/19,0:00,1:00,0.7665,0.0273,
2025/7/19,1:00,2:00,0.7584,0.027,
2025/7/19,2:00,3:00,0.2738,0.0097,
2025/7/19,3:00,4:00,0.0642,0.0022,
2025/7/19,4:00,5:00,0.1333,0.0047,
2025/7/19,5:00,6:00,0.0514,0.0018,
2025/7/19,6:00,7:00,0.7174,0.0256,
2025/7/19,7:00,8:00,1.0627,0.0379,
2025/7/19,8:00,9:00,2.1819,0.0779,
2025/7/19,9:00,10:00,1.4245,0.0508,
2025/7/19,10:00,11:00,0.7606,0.0271,
2025/7/19,11:00,12:00,0.6159,0.0219,
2025/7/19,12:00,13:00,0.6325,0.0225,
2025/7/19,13:00,14:00,0.5599,0.0199,
2025/7/19,14:00,15:00,0.5075,0.0181,
2025/7/19,15:00,16:00,0.5593,0.0199,
2025/7/19,16:00,17:00,0.4857,0.0173,
2025/7/19,17:00,18:00,1.0011,0.0357,
2025/7/19,18:00,19:00,0.8316,0.0297,
2025/7/19,19:00,20:00,1.4606,0.0521,
2025/7/19,20:00,21:00,0.9235,0.0329,
2025/7/19,21:00,22:00,2.1158,0.0755,
2025/7/19,22:00,23:00,1.5339,0.0547,
2025/7/19,23:00,0:00,0.8526,0.0304,
2025/7/20,0:00,1:00,0.7948,0.0283,
2025/7/20,1:00,2:00,0.3538,0.0126,
2025/7/20,2:00,3:00,0.239,0.0085,
2025/7/20,3:00,4:00,0.0205,0.0007,
2025/7/20,4:00,5:00,0.0722,0.0025,
2025/7/20,5:00,6:00,0.0496,0.0017,
2025/7/20,6:00,7:00,0.6177,0.022,
2025/7/20,7:00,8:00,0.7831,0.0279,
2025/7/20,8:00,9:00,0.7945,0.0283,
2025/7/20,9:00,10:00,1.1207,0.04,
2025/7/20,10:00,11:00,0.9607,0.0343,
2025/7/20,11:00,12:00,0.8471,0.0302,
2025/7/20,12:00,13:00,0.7586,0.027,
2025/7/20,13:00,14:00,0.8677,0.0309,
2025/7/20,14:00,15:00,0.4622,0.0165,
2025/7/20,15:00,16:00,0.5289,0.0188,
2025/7/20,16:00,17:00,0.5148,0.0183,
2025/7/20,17:00,18:00,0.8209,0.0293,
2025/7/20,18:00,19:00,1.1386,0.0406,
2025/7/20,19:00,20:00,1.3874,0.0495,
2025/7/20,20:00,21:00,1.5038,0.0537,
2025/7/20,21:00,22:00,1.9667,0.0702,
2025/7/20,22:00,23:00,1.4765,0.0527,
2025/7/20,23:00,0:00,0.8595,0.0306,
2025/7/21,0:00,1:00,0.7442,0.0265,
2025/7/21,1:00,2:00,0.4296,0.0153,
2025/7/21,2:00,3:00,0.2598,0.0092,
2025/7/21,3:00,4:00,0.1534,0.0054,
2025/7/21,4:00,5:00,0.0685,0.0024,
2025/7/21,5:00,6:00,0.0104,0.0003,
2025/7/21,6:00,7:00,0.2205,0.0078,
2025/7/21,7:00,8:00,0.935,0.0333,
2025/7/21,8:00,9:00,1.5792,0.0564,
2025/7/21,9:00,10:00,2.0459,0.073,
2025/7/21,10:00,11:00,1.472,0.0525,
2025/7/21,11:00,12:00,0.8955,0.0319,
2025/7/21,12:00,13:00,0.6453,0.023,
2025/7/21,13:00,14:00,0.5424,0.0193,
2025/7/21,14:00,15:00,0.4519,0.0161,
2025/7/21,15:00,16:00,0.5799,0.0207,
2025/7/21,16:00,17:00,0.7721,0.0275,
2025/7/21,17:00,18:00,0.8154,0.0291,
2025/7/21,18:00,19:00,1.2949,0.0462,
2025/7/21,19:00,20:00,2.0077,0.0717,
2025/7/21,20:00,21:00,2.183,0.0779,
2025/7/21,21:00,22:00,1.5007,0.0535,
2025/7/21,22:00,23:00,1.9917,0.0711,
2025/7/21,23:00,0:00,0.9167,0.0327,
2025/7/22,0:00,1:00,0.8935,0.0319,
2025/7/22,1:00,2:00,0.6551,0.0233,
2025/7/22,2:00,3:00,0.1211,0.0043,
2025/7/22,3:00,4:00,0.0607,0.0021,
2025/7/22,4:00,5:00,0.0756,0.0027,
2025/7/22,5:00,6:00,0.1015,0.0036,
2025/7/22,6:00,7:00,0.7767,0.0277,
2025/7/22,7:00,8:00,1.6805,0.06,
2025/7/22,8:00,9:00,1.1776,0.042,
2025/7/22,9:00,10:00,0.98,0.035,
2025/7/22,10:00,11:00,0.4068,0.0145,
2025/7/22,11:00,12:00,0.3185,0.0113,
2025/7/22,12:00,13:00,0.2006,0.0071,
2025/7/22,13:00,14:00,0.368,0.0131,
2025/7/22,14:00,15:00,0.3845,0.0137,
2025/7/22,15:00,16:00,0.934,0.0333,
2025/7/22,16:00,17:00,0.7233,0.0258,
2025/7/22,17:00,18:00,0.8111,0.0289,
2025/7/22,18:00,19:00,1.0058,0.0359,
2025/7/22,19:00,20:00,1.3481,0.0481,
2025/7/22,20:00,21:00,1.4442,0.0515,
2025/7/22,21:00,22:00,1.7582,0.0627,
2025/7/22,22:00,23:00,1.697,0.0606,
2025/7/22,23:00,0:00,1.1903,0.0425,
2025/7/23,0:00,1:00,0.7054,0.0251,
2025/7/23,1:00,2:00,0.2461,0.0087,
2025/7/23,2:00,3:00,0.2041,0.0072,
2025/7/23,3:00,4:00,0.0697,0.0024,
2025/7/23,4:00,5:00,0.3156,0.0112,
2025/7/23,5:00,6:00,0.2992,0.0106,
2025/7/23,6:00,7:00,0.8774,0.0313,
2025/7/23,7:00,8:00,1.3236,0.0472,
2025/7/23,8:00,9:00,1.2244,0.0437,
2025/7/23,9:00,10:00,0.7214,0.0257,
2025/7/23,10:00,11:00,0.5137,0.0183,
2025/7/23,11:00,12:00,0.4689,0.0167,
2025/7/23,12:00,13:00,0.4727,0.0168,
2025/7/23,13:00,14:00,0.3232,0.0115,
2025/7/23,14:00,15:00,0.7041,0.0251,
2025/7/23,15:00,16:00,0.4808,0.0171,
2025/7/23,16:00,17:00,0.9539,0.034,
2025/7/23,17:00,18:00,1.1121,0.0397,
2025/7/23,18:00,19:00,1.425,0.0508,
2025/7/23,19:00,20:00,1.2697,0.0453,
2025/7/23,20:00,21:00,1.1789,0.0421,
2025/7/23,21:00,22:00,1.6681,0.0595,
2025/7/23,22:00,23:00,1.4901,0.0532,
2025/7/23,23:00,0:00,1.0434,0.0372,
2025/7/24,0:00,1:00,1.0057,0.0359,
2025/7/24,1:00,2:00,0.273,0.0097,
2025/7/24,2:00,3:00,0.1922,0.0068,
2025/7/24,3:00,4:00,0.1973,0.007,
2025/7/24,4:00,5:00,0.2058,0.0073,
2025/7/24,5:00,6:00,0.3561,0.0127,
2025/7/24,6:00,7:00,0.6972,0.0249,
2025/7/24,7:00,8:00,1.5191,0.0542,
2025/7/24,8:00,9:00,1.0723,0.0382,
2025/7/24,9:00,10:00,1.342,0.0479,
2025/7/24,10:00,11:00,0.489,0.0174,
2025/7/24,11:00,12:00,0.2601,0.0092,
2025/7/24,12:00,13:00,0.2889,0.0103,
2025/7/24,13:00,14:00,0.3652,0.013,
2025/7/24,14:00,15:00,0.6617,0.0236,
2025/7/24,15:00,16:00,0.6311,0.0225,
2025/7/24,16:00,17:00,0.546,0.0195,
2025/7/24,17:00,18:00,0.9743,0.0347,
2025/7/24,18:00,19:00,1.8111,0.0646,
2025/7/24,19:00,20:00,1.3969,0.0498,
2025/7/24,20:00,21:00,1.5905,0.0568,
2025/7/24,21:00,22:00,1.6442,0.0587,
2025/7/24,22:00,23:00,1.1188,0.0399,
2025/7/24,23:00,0:00,0.8846,0.0315,
2025/7/25,0:00,1:00,0.6236,0.0222,
2025/7/25,1:00,2:00,0.6646,0.0237,
2025/7/25,2:00,3:00,0.1408,0.005,
2025/7/25,3:00,4:00,0.0837,0.0029,
2025/7/25,4:00,5:00,0.2491,0.0088,
2025/7/25,5:00,6:00,0.1326,0.0047,
2025/7/25,6:00,7:00,0.5768,0.0206,
2025/7/25,7:00,8:00,1.4463,0.0516,
2025/7/25,8:00,9:00,1.9276,0.0688,
2025/7/25,9:00,10:00,1.1421,0.0407,
2025/7/25,10:00,11:00,0.5074,0.0181,
2025/7/25,11:00,12:00,0.409,0.0146,
2025/7/25,12:00,13:00,0.3873,0.0138,
2025/7/25,13:00,14:00,0.3304,0.0118,
2025/7/25,14:00,15:00,0.4698,0.0167,
2025/7/25,15:00,16:00,0.5632,0.0201,
2025/7/25,16:00,17:00,0.3814,0.0136,
2025/7/25,17:00,18:00,0.9396,0.0335,
2025/7/25,18:00,19:00,1.2216,0.0436,
2025/7/25,19:00,20:00,1.6812,0.06,
2025/7/25,20:00,21:00,1.4343,0.0512,
2025/7/25,21:00,22:00,2.0328,0.0726,
2025/7/25,22:00,23:00,1.927,0.0688,
2025/7/25,23:00,0:00,0.8052,0.0287,
2025/7/26,0:00,1:00,0.5582,0.0199,
2025/7/26,1:00,2:00,0.5053,0.018,
2025/7/26,2:00,3:00,0.3345,0.0119,
2025/7/26,3:00,4:00,0.1728,0.0061,
2025/7/26,4:00,5:00,0.109,0.0038,
2025/7/26,5:00,6:00,0.3392,0.0121,
2025/7/26,6:00,7:00,0.2958,0.0105,
2025/7/26,7:00,8:00,0.9911,0.0353,
2025/7/26,8:00,9:00,1.5063,0.0537,
2025/7/26,9:00,10:00,1.2926,0.0461,
2025/7/26,10:00,11:00,0.9187,0.0328,
2025/7/26,11:00,12:00,0.8316,0.0297,
2025/7/26,12:00,13:00,0.7141,0.0255,
2025/7/26,13:00,14:00,0.5257,0.0187,
2025/7/26,14:00,15:00,0.4425,0.0158,
2025/7/26,15:00,16:00,0.5781,0.0206,
2025/7/26,16:00,17:00,0.4643,0.0165,
2025/7/26,17:00,18:00,0.9617,0.0343,
2025/7/26,18:00,19:00,1.4567,0.052,
2025/7/26,19:00,20:00,1.6812,0.06,
2025/7/26,20:00,21:00,1.6056,0.0573,
2025/7/26,21:00,22:00,1.4013,0.05,
2025/7/26,22:00,23:00,1.5687,0.056,
2025/7/26,23:00,0:00,1.1162,0.0398,
2025/7/27,0:00,1:00,0.874,0.0312,
2025/7/27,1:00,2:00,0.4428,0.0158,
2025/7/27,2:00,3:00,0.1779,0.0063,
2025/7/27,3:00,4:00,0.2746,0.0098,
2025/7/27,4:00,5:00,0.1972,0.007,
2025/7/27,5:00,6:00,0.1606,0.0057,
2025/7/27,6:00,7:00,0.5157,0.0184,
2025/7/27,7:00,8:00,0.4946,0.0176,
2025/7/27,8:00,9:00,1.0526,0.0375,
2025/7/27,9:00,10:00,1.6261,0.058,
2025/7/27,10:00,11:00,1.3074,0.0466,
2025/7/27,11:00,12:00,0.9695,0.0346,
2025/7/27,12:00,13:00,0.5407,0.0193,
2025/7/27,13:00,14:00,0.4394,0.0156,
2025/7/27,14:00,15:00,0.2881,0.0102,
2025/7/27,15:00,16:00,0.6009,0.0214,
2025/7/27,16:00,17:00,0.4362,0.0155,
2025/7/27,17:00,18:00,1.1506,0.041,
2025/7/27,18:00,19:00,1.3001,0.0464,
2025/7/27,19:00,20:00,1.3283,0.0474,
2025/7/27,20:00,21:00,1.2285,0.0438,
2025/7/27,21:00,22:00,1.7632,0.0629,
2025/7/27,22:00,23:00,1.5447,0.0551,
2025/7/27,23:00,0:00,1.2707,0.0453,
2025/7/28,0:00,1:00,0.5578,0.0199,
2025/7/28,1:00,2:00,0.7065,0.0252,
2025/7/28,2:00,3:00,0.307,0.0109,
2025/7/28,3:00,4:00,0.0335,0.0011,
2025/7/28,4:00,5:00,0.0647,0.0023,
2025/7/28,5:00,6:00,0.2239,0.0079,
2025/7/28,6:00,7:00,0.4934,0.0176,
2025/7/28,7:00,8:00,1.4316,0.0511,
2025/7/28,8:00,9:00,1.2602,0.045,
2025/7/28,9:00,10:00,0.8488,0.0303,
2025/7/28,10:00,11:00,0.8347,0.0298,
2025/7/28,11:00,12:00,0.6891,0.0246,
2025/7/28,12:00,13:00,0.5501,0.0196,
2025/7/28,13:00,14:00,0.515,0.0183,
2025/7/28,14:00,15:00,0.3806,0.0135,
2025/7/28,15:00,16:00,0.4208,0.015,
2025/7/28,16:00,17:00,0.32,0.0114,
2025/7/28,17:00,18:00,0.9175,0.0327,
2025/7/28,18:00,19:00,1.6018,0.0572,
2025/7/28,19:00,20:00,1.5176,0.0542,
2025/7/28,20:00,21:00,1.308,0.0467,
2025/7/28,21:00,22:00,1.6261,0.058,
2025/7/28,22:00,23:00,1.6695,0.0596,
2025/7/28,23:00,0:00,1.1645,0.0415,
2025/7/29,0:00,1:00,1.1011,0.0393,
2025/7/29,1:00,2:00,0.4581,0.0163,
2025/7/29,2:00,3:00,0.2002,0.0071,
2025/7/29,3:00,4:00,0.334,0.0119,
2025/7/29,4:00,5:00,0.045,0.0016,
2025/7/29,5:00,6:00,0.0567,0.002,
2025/7/29,6:00,7:00,0.7063,0.0252,
2025/7/29,7:00,8:00,1.6103,0.0575,
2025/7/29,8:00,9:00,1.4806,0.0528,
2025/7/29,9:00,10:00,0.7214,0.0257,
2025/7/29,10:00,11:00,0.7317,0.0261,
2025/7/29,11:00,12:00,0.3907,0.0139,
2025/7/29,12:00,13:00,0.2178,0.0077,
2025/7/29,13:00,14:00,0.3789,0.0135,
2025/7/29,14:00,15:00,0.2261,0.008,
2025/7/29,15:00,16:00,0.3679,0.0131,
2025/7/29,16:00,17:00,0.6658,0.0237,
2025/7/29,17:00,18:00,1.4914,0.0532,
2025/7/29,18:00,19:00,1.4772,0.0527,
2025/7/29,19:00,20:00,1.6199,0.0578,
2025/7/29,20:00,21:00,1.535,0.0548,
2025/7/29,21:00,22:00,2.1804,0.0778,
2025/7/29,22:00,23:00,2.2661,0.0809,
2025/7/29,23:00,0:00,0.9162,0.0327,
2025/7/30,0:00,1:00,0.7314,0.0261,
2025/7/30,1:00,2:00,0.3732,0.0133,
2025/7/30,2:00,3:00,0.316,0.0112,
2025/7/30,3:00,4:00,0.0815,0.0029,
2025/7/30,4:00,5:00,0.0461,0.0016,
2025/7/30,5:00,6:00,0.1864,0.0066,
2025/7/30,6:00,7:00,0.3748,0.0133,
2025/7/30,7:00,8:00,1.38,0.0492,
2025/7/30,8:00,9:00,1.303,0.0465,
2025/7/30,9:00,10:00,1.1838,0.0422,
2025/7/30,10:00,11:00,0.5431,0.0193,
2025/7/30,11:00,12:00,0.2049,0.0073,
2025/7/30,12:00,13:00,0.2632,0.0094,
2025/7/30,13:00,14:00,0.3729,0.0133,
2025/7/30,14:00,15:00,0.5024,0.0179,
2025/7/30,15:00,16:00,0.5304,0.0189,
2025/7/30,16:00,17:00,0.6766,0.0241,
2025/7/30,17:00,18:00,1.1833,0.0422,
2025/7/30,18:00,19:00,2.0337,0.0726,
2025/7/30,19:00,20:00,2.1271,0.0759,
2025/7/30,20:00,21:00,1.4009,0.05,
2025/7/30,21:00,22:00,1.5989,0.0571,
2025/7/30,22:00,23:00,1.337,0.0477,
2025/7/30,23:00,0:00,0.6809,0.0243,
2025/7/31,0:00,1:00,1.0169,0.0363,
2025/7/31,1:00,2:00,0.4288,0.0153,
2025/7/31,2:00,3:00,0.1379,0.0049,
2025/7/31,3:00,4:00,0.2745,0.0098,
2025/7/31,4:00,5:00,0.0796,0.0028,
2025/7/31,5:00,6:00,0.0942,0.0033,
2025/7/31,6:00,7:00,0.5102,0.0182,
2025/7/31,7:00,8:00,1.3034,0.0465,
2025/7/31,8:00,9:00,1.2938,0.0462,
2025/7/31,9:00,10:00,1.2053,0.043,
2025/7/31,10:00,11:00,0.7198,0.0257,
2025/7/31,11:00,12:00,0.4681,0.0167,
2025/7/31,12:00,13:00,0.3115,0.0111,
2025/7/31,13:00,14:00,0.3588,0.0128,
2025/7/31,14:00,15:00,0.2503,0.0089,
2025/7/31,15:00,16:00,0.3037,0.0108,
2025/7/31,16:00,17:00,0.7688,0.0274,
2025/7/31,17:00,18:00,1.1373,0.0406,
2025/7/31,18:00,19:00,1.2828,0.0458,
2025/7/31,19:00,20:00,2.2632,0.0808,
2025/7/31,20:00,21:00,1.3667,0.0488,
2025/7/31,21:00,22:00,1.6812,0.06,
2025/7/31,22:00,23:00,1.1579,0.0413,
2025/7/31,23:00,0:00,1.5386,0.0549,
2025/8/1,0:00,1:00,0.7641,0.0272,
2025/8/1,1:00,2:00,0.6147,0.0219,
2025/8/1,2:00,3:00,0.2689,0.0096,
2025/8/1,3:00,4:00,0.0727,0.0025,
2025/8/1,4:00,5:00,0.027,0.0009,
2025/8/1,5:00,6:00,0.26,0.0092,
2025/8/1,6:00,7:00,0.4922,0.0175,
2025/8/1,7:00,8:00,1.2064,0.043,
2025/8/1,8:00,9:00,1.3374,0.0477,
2025/8/1,9:00,10:00,1.2173,0.0434,
2025/8/1,10:00,11:00,0.7952,0.0284,
2025/8/1,11:00,12:00,0.2454,0.0087,
2025/8/1,12:00,13:00,0.1864,0.0066,
2025/8/1,13:00,14:00,0.4099,0.0146,
2025/8/1,14:00,15:00,0.4126,0.0147,
2025/8/1,15:00,16:00,0.3221,0.0115,
2025/8/1,16:00,17:00,0.5784,0.0206,
2025/8/1,17:00,18:00,1.0712,0.0382,
2025/8/1,18:00,19:00,1.0528,0.0376,
2025/8/1,19:00,20:00,2.0024,0.0715,
2025/8/1,20:00,21:00,1.9593,0.0699,
2025/8/1,21:00,22:00,1.8769,0.067,
2025/8/1,22:00,23:00,1.5202,0.0542,
2025/8/1,23:00,0:00,0.9743,0.0347,
2025/8/2,0:00,1:00,0.624,0.0222,
2025/8/2,1:00,2:00,0.3386,0.012,
2025/8/2,2:00,3:00,0.5683,0.0202,
2025/8/2,3:00,4:00,0.1023,0.0036,
2025/8/2,4:00,5:00,0.0402,0.0014,
2025/8/2,5:00,6:00,0.23,0.0082,
2025/8/2,6:00,7:00,0.4326,0.0154,
2025/8/2,7:00,8:00,1.0258,0.0366,
2025/8/2,8:00,9:00,1.2829,0.0458,
2025/8/2,9:00,10:00,0.7101,0.0253,
2025/8/2,10:00,11:00,0.6855,0.0244,
2025/8/2,11:00,12:00,1.0446,0.0373,
2025/8/2,12:00,13:00,0.9243,0.033,
2025/8/2,13:00,14:00,0.973,0.0347,
2025/8/2,14:00,15:00,0.5911,0.0211,
2025/8/2,15:00,16:00,0.3501,0.0125,
2025/8/2,16:00,17:00,0.6569,0.0234,
2025/8/2,17:00,18:00,0.9241,0.033,
2025/8/2,18:00,19:00,1.13,0.0403,
2025/8/2,19:00,20:00,1.7888,0.0638,
2025/8/2,20:00,21:00,1.7617,0.0629,
2025/8/2,21:00,22:00,1.5302,0.0546,
2025/8/2,22:00,23:00,1.5163,0.0541,
2025/8/2,23:00,0:00,0.6951,0.0248,
2025/8/3,0:00,1:00,0.716,0.0255,
2025/8/3,1:00,2:00,0.3374,0.012,
2025/8/3,2:00,3:00,0.2409,0.0086,
2025/8/3,3:00,4:00,0.0786,0.0028,
2025/8/3,4:00,5:00,0.025,0.0008,
2025/8/3,5:00,6:00,0.1925,0.0068,
2025/8/3,6:00,7:00,0.5176,0.0184,
2025/8/3,7:00,8:00,0.6733,0.024,
2025/8/3,8:00,9:00,1.2341,0.044,
2025/8/3,9:00,10:00,1.3642,0.0487,
2025/8/3,10:00,11:00,1.4261,0.0509,
2025/8/3,11:00,12:00,0.76,0.0271,
2025/8/3,12:00,13:00,0.6744,0.024,
2025/8/3,13:00,14:00,0.6125,0.0218,
2025/8/3,14:00,15:00,0.4846,0.0173,
2025/8/3,15:00,16:00,0.642,0.0229,
2025/8/3,16:00,17:00,0.642,0.0229,
2025/8/3,17:00,18:00,1.5798,0.0564,
2025/8/3,18:00,19:00,1.329,0.0474,
2025/8/3,19:00,20:00,1.3774,0.0491,
2025/8/3,20:00,21:00,1.3724,0.049,
2025/8/3,21:00,22:00,1.4904,0.0532,
2025/8/3,22:00,23:00,1.3679,0.0488,
2025/8/3,23:00,0:00,1.0193,0.0364,
2025/8/4,0:00,1:00,0.7904,0.0282,
2025/8/4,1:00,2:00,0.3567,0.0127,
2025/8/4,2:00,3:00,0.106,0.0037,
2025/8/4,3:00,4:00,0.0902,0.0032,
2025/8/4,4:00,5:00,0.0652,0.0023,
2025/8/4,5:00,6:00,0.1199,0.0042,
2025/8/4,6:00,7:00,0.309,0.011,
2025/8/4,7:00,8:00,1.0997,0.0392,
2025/8/4,8:00,9:00,1.5741,0.0562,
2025/8/4,9:00,10:00,0.8512,0.0304,
2025/8/4,10:00,11:00,0.7067,0.0252,
2025/8/4,11:00,12:00,0.4433,0.0158,
2025/8/4,12:00,13:00,0.4433,0.0158,
2025/8/4,13:00,14:00,0.3718,0.0132,
2025/8/4,14:00,15:00,0.3891,0.0138,
2025/8/4,15:00,16:00,0.435,0.0155,
2025/8/4,16:00,17:00,0.5495,0.0196,
2025/8/4,17:00,18:00,0.6023,0.0215,
2025/8/4,18:00,19:00,1.1907,0.0425,
2025/8/4,19:00,20:00,0.8642,0.0308,
2025/8/4,20:00,21:00,1.6587,0.0592,
2025/8/4,21:00,22:00,1.2457,0.0444,
2025/8/4,22:00,23:00,1.4297,0.051,
2025/8/4,23:00,0:00,1.5393,0.0549,
2025/8/5,0:00,1:00,1.025,0.0366,
2025/8/5,1:00,2:00,0.5026,0.0179,
2025/8/5,2:00,3:00,0.1805,0.0064,
2025/8/5,3:00,4:00,0.061,0.0021,
2025/8/5,4:00,5:00,0.0155,0.0005,
2025/8/5,5:00,6:00,0.1641,0.0058,
2025/8/5,6:00,7:00,0.6527,0.0233,
2025/8/5,7:00,8:00,1.42,0.0507,
2025/8/5,8:00,9:00,1.283,0.0458,
2025/8/5,9:00,10:00,0.8515,0.0304,
2025/8/5,10:00,11:00,0.3187,0.0113,
2025/8/5,11:00,12:00,0.3354,0.0119,
2025/8/5,12:00,13:00,0.5247,0.0187,
2025/8/5,13:00,14:00,0.3537,0.0126,
2025/8/5,14:00,15:00,0.2768,0.0098,
2025/8/5,15:00,16:00,0.3026,0.0108,
2025/8/5,16:00,17:00,0.8563,0.0305,
2025/8/5,17:00,18:00,0.7562,0.027,
2025/8/5,18:00,19:00,1.5928,0.0568,
2025/8/5,19:00,20:00,1.5987,0.057,
2025/8/5,20:00,21:00,1.5062,0.0537,
2025/8/5,21:00,22:00,1.2305,0.0439,
2025/8/5,22:00,23:00,1.0254,0.0366,
2025/8/5,23:00,0:00,1.2969,0.0463,
2025/8/6,0:00,1:00,0.5132,0.0183,
2025/8/6,1:00,2:00,0.5688,0.0203,
2025/8/6,2:00,3:00,0.3725,0.0133,
2025/8/6,3:00,4:00,0.1047,0.0037,
2025/8/6,4:00,5:00,0.0268,0.0009,
2025/8/6,5:00,6:00,0.1043,0.0037,
2025/8/6,6:00,7:00,0.4994,0.0178,
2025/8/6,7:00,8:00,1.0798,0.0385,
2025/8/6,8:00,9:00,1.3516,0.0482,
2025/8/6,9:00,10:00,0.97,0.0346,
2025/8/6,10:00,11:00,0.6295,0.0224,
2025/8/6,11:00,12:00,0.3311,0.0118,
2025/8/6,12:00,13:00,0.1809,0.0064,
2025/8/6,13:00,14:00,0.3525,0.0125,
2025/8/6,14:00,15:00,0.4733,0.0169,
2025/8/6,15:00,16:00,0.5029,0.0179,
2025/8/6,16:00,17:00,0.6137,0.0219,
2025/8/6,17:00,18:00,1.261,0.045,
2025/8/6,18:00,19:00,0.877,0.0313,
2025/8/6,19:00,20:00,1.4918,0.0532,
2025/8/6,20:00,21:00,1.2558,0.0448,
2025/8/6,21:00,22:00,1.7063,0.0609,
2025/8/6,22:00,23:00,1.1949,0.0426,
2025/8/6,23:00,0:00,1.1241,0.0401,
2025/8/7,0:00,1:00,0.8745,0.0312,
2025/8/7,1:00,2:00,0.2284,0.0081,
2025/8/7,2:00,3:00,0.2216,0.0079,
2025/8/7,3:00,4:00,0.0748,0.0026,
2025/8/7,4:00,5:00,0.0973,0.0034,
2025/8/7,5:00,6:00,0.2721,0.0097,
2025/8/7,6:00,7:00,0.5162,0.0184,
2025/8/7,7:00,8:00,1.0818,0.0386,
2025/8/7,8:00,9:00,0.7481,0.0267,
2025/8/7,9:00,10:00,0.972,0.0347,
2025/8/7,10:00,11:00,0.4021,0.0143,
2025/8/7,11:00,12:00,0.2941,0.0105,
2025/8/7,12:00,13:00,0.2953,0.0105,
2025/8/7,13:00,14:00,0.4894,0.0174,
2025/8/7,14:00,15:00,0.6525,0.0233,
2025/8/7,15:00,16:00,0.7113,0.0254,
2025/8/7,16:00,17:00,0.2076,0.0074,
2025/8/7,17:00,18:00,0.7893,0.0281,
2025/8/7,18:00,19:00,0.9975,0.0356,
2025/8/7,19:00,20:00,1.1793,0.0421,
2025/8/7,20:00,21:00,1.5592,0.0556,
2025/8/7,21:00,22:00,1.1768,0.042,
2025/8/7,22:00,23:00,1.4669,0.0523,
2025/8/7,23:00,0:00,1.2097,0.0432,
2025/8/8,0:00,1:00,0.5415,0.0193,
2025/8/8,1:00,2:00,0.2038,0.0072,
2025/8/8,2:00,3:00,0.1783,0.0063,
2025/8/8,3:00,4:00,0.1343,0.0047,
2025/8/8,4:00,5:00,0.0915,0.0032,
2025/8/8,5:00,6:00,0.2125,0.0075,
2025/8/8,6:00,7:00,0.6109,0.0218,
2025/8/8,7:00,8:00,1.2035,0.0429,
2025/8/8,8:00,9:00,1.2776,0.0456,
2025/8/8,9:00,10:00,1.1067,0.0395,
2025/8/8,10:00,11:00,0.5063,0.018,
2025/8/8,11:00,12:00,0.359,0.0128,
2025/8/8,12:00,13:00,0.2109,0.0075,
2025/8/8,13:00,14:00,0.3952,0.0141,
2025/8/8,14:00,15:00,0.4053,0.0144,
2025/8/8,15:00,16:00,0.3623,0.0129,
2025/8/8,16:00,17:00,0.5115,0.0182,
2025/8/8,17:00,18:00,0.6825,0.0243,
2025/8/8,18:00,19:00,0.7615,0.0271,
2025/8/8,19:00,20:00,0.9739,0.0347,
2025/8/8,20:00,21:00,0.7014,0.025,
2025/8/8,21:00,22:00,2.0266,0.0723,
2025/8/8,22:00,23:00,1.2203,0.0435,
2025/8/8,23:00,0:00,0.9031,0.0322,
2025/8/9,0:00,1:00,0.3908,0.0139,
2025/8/9,1:00,2:00,0.4085,0.0145,
2025/8/9,2:00,3:00,0.1852,0.0066,
2025/8/9,3:00,4:00,0.048,0.0017,
2025/8/9,4:00,5:00,0.0194,0.0006,
2025/8/9,5:00,6:00,0.0472,0.0016,
2025/8/9,6:00,7:00,0.3913,0.0139,
2025/8/9,7:00,8:00,0.8777,0.0313,
2025/8/9,8:00,9:00,1.0984,0.0392,
2025/8/9,9:00,10:00,1.0686,0.0381,
2025/8/9,10:00,11:00,0.7471,0.0266,
2025/8/9,11:00,12:00,0.5664,0.0202,
2025/8/9,12:00,13:00,0.7314,0.0261,
2025/8/9,13:00,14:00,0.2574,0.0091,
2025/8/9,14:00,15:00,0.3346,0.0119,
2025/8/9,15:00,16:00,0.4061,0.0145,
2025/8/9,16:00,17:00,0.5513,0.0196,
2025/8/9,17:00,18:00,1.1499,0.041,
2025/8/9,18:00,19:00,1.1633,0.0415,
2025/8/9,19:00,20:00,1.411,0.0503,
2025/8/9,20:00,21:00,0.5481,0.0195,
2025/8/9,21:00,22:00,1.1492,0.041,
2025/8/9,22:00,23:00,0.8885,0.0317,
2025/8/9,23:00,0:00,0.6398,0.0228,
2025/8/10,0:00,1:00,0.4233,0.0151,
2025/8/10,1:00,2:00,0.1503,0.0053,
2025/8/10,2:00,3:00,0.0956,0.0034,
2025/8/10,3:00,4:00,0.045,0.0016,
2025/8/10,4:00,5:00,0.1819,0.0064,
2025/8/10,5:00,6:00,0.1167,0.0041,
2025/8/10,6:00,7:00,0.2475,0.0088,
2025/8/10,7:00,8:00,0.5569,0.0198,
2025/8/10,8:00,9:00,0.9421,0.0336,
2025/8/10,9:00,10:00,0.8684,0.031,
2025/8/10,10:00,11:00,1.0904,0.0389,
2025/8/10,11:00,12:00,0.5992,0.0214,
2025/8/10,12:00,13:00,0.3658,0.013,
2025/8/10,13:00,14:00,0.2899,0.0103,
2025/8/10,14:00,15:00,0.2145,0.0076,
2025/8/10,15:00,16:00,0.2732,0.0097,
2025/8/10,16:00,17:00,1.1118,0.0397,
2025/8/10,17:00,18:00,0.7151,0.0255,
2025/8/10,18:00,19:00,1.6144,0.0576,
2025/8/10,19:00,20:00,0.9778,0.0349,
2025/8/10,20:00,21:00,1.2998,0.0464,
2025/8/10,21:00,22:00,1.0403,0.0371,
2025/8/10,22:00,23:00,0.8193,0.0292,
2025/8/10,23:00,0:00,0.4388,0.0156,
2025/8/11,0:00,1:00,0.5146,0.0183,
2025/8/11,1:00,2:00,0.2118,0.0075,
2025/8/11,2:00,3:00,0.1268,0.0045,
2025/8/11,3:00,4:00,0.2393,0.0085,
2025/8/11,4:00,5:00,0.1439,0.0051,
2025/8/11,5:00,6:00,0.0258,0.0009,
2025/8/11,6:00,7:00,0.0661,0.0023,
2025/8/11,7:00,8:00,0.724,0.0258,
2025/8/11,8:00,9:00,0.4621,0.0165,
2025/8/11,9:00,10:00,0.8161,0.0291,
2025/8/11,10:00,11:00,1.1615,0.0414,
2025/8/11,11:00,12:00,0.5315,0.0189,
2025/8/11,12:00,13:00,0.4632,0.0165,
2025/8/11,13:00,14:00,0.29,0.0103,
2025/8/11,14:00,15:00,0.414,0.0147,
2025/8/11,15:00,16:00,0.2991,0.0106,
2025/8/11,16:00,17:00,0.3459,0.0123,
2025/8/11,17:00,18:00,0.7541,0.0269,
2025/8/11,18:00,19:00,1.0348,0.0369,
2025/8/11,19:00,20:00,0.7964,0.0284,
2025/8/11,20:00,21:00,1.2129,0.0433,
2025/8/11,21:00,22:00,2.128,0.076,
2025/8/11,22:00,23:00,1.0303,0.0367,
2025/8/11,23:00,0:00,1.1207,0.04,
2025/8/12,0:00,1:00,0.5519,0.0197,
2025/8/12,1:00,2:00,0.6047,0.0215,
2025/8/12,2:00,3:00,0.2549,0.0091,
2025/8/12,3:00,4:00,0.0457,0.0016,
2025/8/12,4:00,5:00,0.0283,0.001,
2025/8/12,5:00,6:00,0.0546,0.0019,
2025/8/12,6:00,7:00,0.2892,0.0103,
2025/8/12,7:00,8:00,0.767,0.0273,
2025/8/12,8:00,9:00,0.5576,0.0199,
2025/8/12,9:00,10:00,0.7974,0.0284,
2025/8/12,10:00,11:00,0.9386,0.0335,
2025/8/12,11:00,12:00,0.6016,0.0214,
2025/8/12,12:00,13:00,0.4484,0.016,
2025/8/12,13:00,14:00,0.478,0.017,
2025/8/12,14:00,15:00,0.1414,0.005,
2025/8/12,15:00,16:00,0.1953,0.0069,
2025/8/12,16:00,17:00,0.668,0.0238,
2025/8/12,17:00,18:00,0.5947,0.0212,
2025/8/12,18:00,19:00,0.6577,0.0234,
2025/8/12,19:00,20:00,0.9133,0.0326,
2025/8/12,20:00,21:00,1.1062,0.0395,
2025/8/12,21:00,22:00,1.8911,0.0675,
2025/8/12,22:00,23:00,0.6624,0.0236,
2025/8/12,23:00,0:00,0.7549,0.0269,
2025/8/13,0:00,1:00,0.5378,0.0192,
2025/8/13,1:00,2:00,0.0723,0.0025,
2025/8/13,2:00,3:00,0.1359,0.0048,
2025/8/13,3:00,4:00,0.1409,0.005,
2025/8/13,4:00,5:00,0.0476,0.0017,
2025/8/13,5:00,6:00,0.0728,0.0026,
2025/8/13,6:00,7:00,0.3355,0.0119,
2025/8/13,7:00,8:00,0.8299,0.0296,
2025/8/13,8:00,9:00,1.1512,0.0411,
2025/8/13,9:00,10:00,1.0255,0.0366,
2025/8/13,10:00,11:00,0.9055,0.0323,
2025/8/13,11:00,12:00,0.5432,0.0194,
2025/8/13,12:00,13:00,0.2742,0.0097,
2025/8/13,13:00,14:00,0.4418,0.0157,
2025/8/13,14:00,15:00,0.2352,0.0084,
2025/8/13,15:00,16:00,0.4447,0.0158,
2025/8/13,16:00,17:00,0.6815,0.0243,
2025/8/13,17:00,18:00,0.7316,0.0261,
2025/8/13,18:00,19:00,1.1103,0.0396,
2025/8/13,19:00,20:00,1.8346,0.0655,
2025/8/13,20:00,21:00,0.8894,0.0317,
2025/8/13,21:00,22:00,1.4499,0.0517,
2025/8/13,22:00,23:00,1.2158,0.0434,
2025/8/13,23:00,0:00,0.9773,0.0349,
2025/8/14,0:00,1:00,0.6947,0.0248,
2025/8/14,1:00,2:00,0.3761,0.0134,
2025/8/14,2:00,3:00,0.4353,0.0155,
2025/8/14,3:00,4:00,0.177,0.0063,
2025/8/14,4:00,5:00,0.1281,0.0045,
2025/8/14,5:00,6:00,0.0961,0.0034,
2025/8/14,6:00,7:00,0.2873,0.0102,
2025/8/14,7:00,8:00,0.5405,0.0193,
2025/8/14,8:00,9:00,0.9092,0.0324,
2025/8/14,9:00,10:00,1.0169,0.0363,
2025/8/14,10:00,11:00,0.9872,0.0352,
2025/8/14,11:00,12:00,0.4558,0.0162,
2025/8/14,12:00,13:00,0.3281,0.0117,
2025/8/14,13:00,14:00,0.3128,0.0111,
2025/8/14,14:00,15:00,0.3275,0.0116,
2025/8/14,15:00,16:00,0.3279,0.0117,
2025/8/14,16:00,17:00,0.7475,0.0266,
2025/8/14,17:00,18:00,0.4979,0.0177,
2025/8/14,18:00,19:00,0.9564,0.0341,
2025/8/14,19:00,20:00,2.1057,0.0752,
2025/8/14,20:00,21:00,1.2874,0.0459,
2025/8/14,21:00,22:00,1.0527,0.0375,
2025/8/14,22:00,23:00,1.0902,0.0389,
2025/8/14,23:00,0:00,0.6181,0.022,
2025/8/15,0:00,1:00,0.3732,0.0133,
2025/8/15,1:00,2:00,0.4547,0.0162,
2025/8/15,2:00,3:00,0.0449,0.0016,
2025/8/15,3:00,4:00,0.0622,0.0022,
2025/8/15,4:00,5:00,0.0448,0.0016,
2025/8/15,5:00,6:00,0.0809,0.0028,
2025/8/15,6:00,7:00,0.5626,0.02,
2025/8/15,7:00,8:00,0.791,0.0282,
2025/8/15,8:00,9:00,0.9044,0.0323,
2025/8/15,9:00,10:00,0.8285,0.0295,
2025/8/15,10:00,11:00,0.8718,0.0311,
2025/8/15,11:00,12:00,0.7402,0.0264,
2025/8/15,12:00,13:00,0.1774,0.0063,
2025/8/15,13:00,14:00,0.3296,0.0117,
2025/8/15,14:00,15:00,0.2282,0.0081,
2025/8/15,15:00,16:00,0.1238,0.0044,
2025/8/15,16:00,17:00,0.1433,0.0051,
2025/8/15,17:00,18:00,0.4247,0.0151,
2025/8/15,18:00,19:00,1.2786,0.0456,
2025/8/15,19:00,20:00,1.4237,0.0508,
2025/8/15,20:00,21:00,1.6313,0.0582,
2025/8/15,21:00,22:00,1.8708,0.0668,
2025/8/15,22:00,23:00,1.3766,0.0491,
2025/8/15,23:00,0:00,0.9728,0.0347,
2025/8/16,0:00,1:00,0.9487,0.0338,
2025/8/16,1:00,2:00,0.653,0.0233,
2025/8/16,2:00,3:00,0.2136,0.0076,
2025/8/16,3:00,4:00,0.2112,0.0075,
2025/8/16,4:00,5:00,0.0252,0.0009,
2025/8/16,5:00,6:00,0.0928,0.0033,
2025/8/16,6:00,7:00,0.3274,0.0116,
2025/8/16,7:00,8:00,0.8484,0.0303,
2025/8/16,8:00,9:00,1.0933,0.039,
2025/8/16,9:00,10:00,1.0599,0.0378,
2025/8/16,10:00,11:00,0.8294,0.0296,
2025/8/16,11:00,12:00,0.9166,0.0327,
2025/8/16,12:00,13:00,1.0993,0.0392,
2025/8/16,13:00,14:00,0.9017,0.0322,
2025/8/16,14:00,15:00,0.4671,0.0166,
2025/8/16,15:00,16:00,0.5549,0.0198,
2025/8/16,16:00,17:00,0.6695,0.0239,
2025/8/16,17:00,18:00,0.4703,0.0167,
2025/8/16,18:00,19:00,0.7689,0.0274,
2025/8/16,19:00,20:00,1.2996,0.0464,
2025/8/16,20:00,21:00,1.7691,0.0631,
2025/8/16,21:00,22:00,2.2986,0.082,
2025/8/16,22:00,23:00,1.3152,0.0469,
2025/8/16,23:00,0:00,0.811,0.0289,
2025/8/17,0:00,1:00,0.6471,0.0231,
2025/8/17,1:00,2:00,0.3927,0.014,
2025/8/17,2:00,3:00,0.144,0.0051,
2025/8/17,3:00,4:00,0.1358,0.0048,
2025/8/17,4:00,5:00,0.1208,0.0043,
2025/8/17,5:00,6:00,0.0396,0.0014,
2025/8/17,6:00,7:00,0.2693,0.0096,
2025/8/17,7:00,8:00,0.7962,0.0284,
2025/8/17,8:00,9:00,0.8211,0.0293,
2025/8/17,9:00,10:00,1.1452,0.0409,
2025/8/17,10:00,11:00,0.9189,0.0328,
2025/8/17,11:00,12:00,0.6991,0.0249,
2025/8/17,12:00,13:00,0.4091,0.0146,
2025/8/17,13:00,14:00,0.8089,0.0288,
2025/8/17,14:00,15:00,0.5141,0.0183,
2025/8/17,15:00,16:00,0.8572,0.0306,
2025/8/17,16:00,17:00,0.7485,0.0267,
2025/8/17,17:00,18:00,0.8972,0.032,
2025/8/17,18:00,19:00,1.5768,0.0563,
2025/8/17,19:00,20:00,1.341,0.0478,
2025/8/17,20:00,21:00,1.969,0.0703,
2025/8/17,21:00,22:00,2.0555,0.0734,
2025/8/17,22:00,23:00,1.7242,0.0615,
2025/8/17,23:00,0:00,0.921,0.0328,
2025/8/18,0:00,1:00,0.7256,0.0259,
2025/8/18,1:00,2:00,0.2164,0.0077,
2025/8/18,2:00,3:00,0.3325,0.0118,
2025/8/18,3:00,4:00,0.0432,0.0015,
2025/8/18,4:00,5:00,0.141,0.005,
2025/8/18,5:00,6:00,0.2949,0.0105,
2025/8/18,6:00,7:00,0.6292,0.0224,
2025/8/18,7:00,8:00,1.0314,0.0368,
2025/8/18,8:00,9:00,1.1307,0.0403,
2025/8/18,9:00,10:00,0.6937,0.0247,
2025/8/18,10:00,11:00,0.4635,0.0165,
2025/8/18,11:00,12:00,0.2272,0.0081,
2025/8/18,12:00,13:00,0.326,0.0116,
2025/8/18,13:00,14:00,0.3699,0.0132,
2025/8/18,14:00,15:00,0.3582,0.0127,
2025/8/18,15:00,16:00,0.3079,0.0109,
2025/8/18,16:00,17:00,0.7143,0.0255,
2025/8/18,17:00,18:00,1.0021,0.0357,
2025/8/18,18:00,19:00,1.5268,0.0545,
2025/8/18,19:00,20:00,1.1449,0.0408,
2025/8/18,20:00,21:00,1.8899,0.0674,
2025/8/18,21:00,22:00,1.5884,0.0567,
2025/8/18,22:00,23:00,0.9766,0.0348,
2025/8/18,23:00,0:00,0.75,0.0267,
2025/8/19,0:00,1:00,0.719,0.0256,
2025/8/19,1:00,2:00,0.5128,0.0183,
2025/8/19,2:00,3:00,0.2783,0.0099,
2025/8/19,3:00,4:00,0.3993,0.0142,
2025/8/19,4:00,5:00,0.0223,0.0007,
2025/8/19,5:00,6:00,0.1785,0.0063,
2025/8/19,6:00,7:00,0.572,0.0204,
2025/8/19,7:00,8:00,1.108,0.0395,
2025/8/19,8:00,9:00,1.2724,0.0454,
2025/8/19,9:00,10:00,0.8928,0.0318,
2025/8/19,10:00,11:00,0.5019,0.0179,
2025/8/19,11:00,12:00,0.6345,0.0226,
2025/8/19,12:00,13:00,0.3865,0.0138,
2025/8/19,13:00,14:00,0.2263,0.008,
2025/8/19,14:00,15:00,0.4622,0.0165,
2025/8/19,15:00,16:00,0.7015,0.025,
2025/8/19,16:00,17:00,0.3604,0.0128,
2025/8/19,17:00,18:00,1.0139,0.0362,
2025/8/19,18:00,19:00,0.9828,0.0351,
2025/8/19,19:00,20:00,2.2082,0.0788,
2025/8/19,20:00,21:00,1.5769,0.0563,
2025/8/19,21:00,22:00,1.6331,0.0583,
2025/8/19,22:00,23:00,1.4461,0.0516,
2025/8/19,23:00,0:00,0.7943,0.0283,
2025/8/20,0:00,1:00,0.4937,0.0176,
2025/8/20,1:00,2:00,0.3701,0.0132,
2025/8/20,2:00,3:00,0.4682,0.0167,
2025/8/20,3:00,4:00,0.0735,0.0026,
2025/8/20,4:00,5:00,0.035,0.0012,
2025/8/20,5:00,6:00,0.1292,0.0046,
2025/8/20,6:00,7:00,0.6391,0.0228,
2025/8/20,7:00,8:00,1.5702,0.056,
2025/8/20,8:00,9:00,1.4522,0.0518,
2025/8/20,9:00,10:00,1.114,0.0397,
2025/8/20,10:00,11:00,0.8356,0.0298,
2025/8/20,11:00,12:00,0.3155,0.0112,
2025/8/20,12:00,13:00,0.2729,0.0097,
2025/8/20,13:00,14:00,0.4334,0.0154,
2025/8/20,14:00,15:00,0.4099,0.0146,
2025/8/20,15:00,16:00,0.5421,0.0193,
2025/8/20,16:00,17:00,0.5503,0.0196,
2025/8/20,17:00,18:00,1.3773,0.0491,
2025/8/20,18:00,19:00,1.5529,0.0554,
2025/8/20,19:00,20:00,1.7471,0.0623,
2025/8/20,20:00,21:00,1.6629,0.0593,
2025/8/20,21:00,22:00,1.4867,0.053,
2025/8/20,22:00,23:00,1.9051,0.068,
2025/8/20,23:00,0:00,0.9545,0.034,
2025/8/21,0:00,1:00,0.7181,0.0256,
2025/8/21,1:00,2:00,0.5804,0.0207,
2025/8/21,2:00,3:00,0.1251,0.0044,
2025/8/21,3:00,4:00,0.0726,0.0025,
2025/8/21,4:00,5:00,0.0312,0.0011,
2025/8/21,5:00,6:00,0.1108,0.0039,
2025/8/21,6:00,7:00,0.6647,0.0237,
2025/8/21,7:00,8:00,1.594,0.0569,
2025/8/21,8:00,9:00,1.5138,0.054,
2025/8/21,9:00,10:00,0.8008,0.0286,
2025/8/21,10:00,11:00,0.4115,0.0146,
2025/8/21,11:00,12:00,0.4064,0.0145,
2025/8/21,12:00,13:00,0.4024,0.0143,
2025/8/21,13:00,14:00,0.358,0.0127,
2025/8/21,14:00,15:00,0.5478,0.0195,
2025/8/21,15:00,16:00,0.8089,0.0288,
2025/8/21,16:00,17:00,0.8395,0.0299,
2025/8/21,17:00,18:00,0.9614,0.0343,
2025/8/21,18:00,19:00,1.4242,0.0508,
2025/8/21,19:00,20:00,1.8076,0.0645,
2025/8/21,20:00,21:00,1.7019,0.0607,
2025/8/21,21:00,22:00,1.0277,0.0367,
2025/8/21,22:00,23:00,1.5624,0.0558,
2025/8/21,23:00,0:00,1.3041,0.0465,
2025/8/22,0:00,1:00,0.733,0.0261,
2025/8/22,1:00,2:00,0.3997,0.0142,
2025/8/22,2:00,3:00,0.2985,0.0106,
2025/8/22,3:00,4:00,0.2264,0.008,
2025/8/22,4:00,5:00,0.1448,0.0051,
2025/8/22,5:00,6:00,0.111,0.0039,
2025/8/22,6:00,7:00,0.3639,0.0129,
2025/8/22,7:00,8:00,1.4576,0.052,
2025/8/22,8:00,9:00,1.1865,0.0423,
2025/8/22,9:00,10:00,1.0841,0.0387,
2025/8/22,10:00,11:00,0.6895,0.0246,
2025/8/22,11:00,12:00,0.4748,0.0169,
2025/8/22,12:00,13:00,0.3562,0.0127,
2025/8/22,13:00,14:00,0.3957,0.0141,
2025/8/22,14:00,15:00,0.3351,0.0119,
2025/8/22,15:00,16:00,0.2451,0.0087,
2025/8/22,16:00,17:00,0.7816,0.0279,
2025/8/22,17:00,18:00,0.8023,0.0286,
2025/8/22,18:00,19:00,0.8475,0.0302,
2025/8/22,19:00,20:00,1.4038,0.0501,
2025/8/22,20:00,21:00,1.797,0.0641,
2025/8/22,21:00,22:00,2.1237,0.0758,
2025/8/22,22:00,23:00,1.4203,0.0507,
2025/8/22,23:00,0:00,1.7123,0.0611,
2025/8/23,0:00,1:00,0.945,0.0337,
2025/8/23,1:00,2:00,0.5692,0.0203,
2025/8/23,2:00,3:00,0.1984,0.007,
2025/8/23,3:00,4:00,0.1058,0.0037,
2025/8/23,4:00,5:00,0.0494,0.0017,
2025/8/23,5:00,6:00,0.1871,0.0066,
2025/8/23,6:00,7:00,0.4911,0.0175,
2025/8/23,7:00,8:00,1.02,0.0364,
2025/8/23,8:00,9:00,0.8513,0.0304,
2025/8/23,9:00,10:00,0.8661,0.0309,
2025/8/23,10:00,11:00,0.8171,0.0291,
2025/8/23,11:00,12:00,0.7044,0.0251,
2025/8/23,12:00,13:00,0.4646,0.0165,
2025/8/23,13:00,14:00,0.5478,0.0195,
2025/8/23,14:00,15:00,0.7101,0.0253,
2025/8/23,15:00,16:00,0.592,0.0211,
2025/8/23,16:00,17:00,0.9517,0.0339,
2025/8/23,17:00,18:00,0.8106,0.0289,
2025/8/23,18:00,19:00,1.2807,0.0457,
2025/8/23,19:00,20:00,1.6741,0.0597,
2025/8/23,20:00,21:00,1.59,0.0567,
2025/8/23,21:00,22:00,2.0427,0.0729,
2025/8/23,22:00,23:00,1.2591,0.0449,
2025/8/23,23:00,0:00,0.786,0.028,
2025/8/24,0:00,1:00,0.6063,0.0216,
2025/8/24,1:00,2:00,0.4384,0.0156,
2025/8/24,2:00,3:00,0.3545,0.0126,
2025/8/24,3:00,4:00,0.1038,0.0037,
2025/8/24,4:00,5:00,0.0797,0.0028,
2025/8/24,5:00,6:00,0.1692,0.006,
2025/8/24,6:00,7:00,0.2383,0.0085,
2025/8/24,7:00,8:00,1.0539,0.0376,
2025/8/24,8:00,9:00,1.3503,0.0482,
2025/8/24,9:00,10:00,1.8085,0.0645,
2025/8/24,10:00,11:00,1.214,0.0433,
2025/8/24,11:00,12:00,1.4117,0.0504,
2025/8/24,12:00,13:00,1.0129,0.0361,
2025/8/24,13:00,14:00,0.6631,0.0236,
2025/8/24,14:00,15:00,0.2138,0.0076,
2025/8/24,15:00,16:00,0.5097,0.0182,
2025/8/24,16:00,17:00,0.798,0.0285,
2025/8/24,17:00,18:00,0.929,0.0331,
2025/8/24,18:00,19:00,1.7191,0.0613,
2025/8/24,19:00,20:00,1.1462,0.0409,
2025/8/24,20:00,21:00,1.7986,0.0642,
2025/8/24,21:00,22:00,2.2388,0.0799,
2025/8/24,22:00,23:00,1.1322,0.0404,
2025/8/24,23:00,0:00,0.9612,0.0343,
2025/8/25,0:00,1:00,0.4506,0.016,
2025/8/25,1:00,2:00,0.4588,0.0163,
2025/8/25,2:00,3:00,0.2099,0.0074,
2025/8/25,3:00,4:00,0.051,0.0018,
2025/8/25,4:00,5:00,0.0754,0.0026,
2025/8/25,5:00,6:00,0.1452,0.0051,
2025/8/25,6:00,7:00,0.3854,0.0137,
2025/8/25,7:00,8:00,1.1771,0.042,
2025/8/25,8:00,9:00,1.6936,0.0604,
2025/8/25,9:00,10:00,0.9928,0.0354,
2025/8/25,10:00,11:00,0.4169,0.0148,
2025/8/25,11:00,12:00,0.3099,0.011,
2025/8/25,12:00,13:00,0.4931,0.0176,
2025/8/25,13:00,14:00,0.4068,0.0145,
2025/8/25,14:00,15:00,0.6868,0.0245,
2025/8/25,15:00,16:00,0.4343,0.0155,
2025/8/25,16:00,17:00,0.8002,0.0285,
2025/8/25,17:00,18:00,1.2405,0.0443,
2025/8/25,18:00,19:00,1.2758,0.0455,
2025/8/25,19:00,20:00,1.6828,0.0601,
2025/8/25,20:00,21:00,2.0755,0.0741,
2025/8/25,21:00,22:00,1.5284,0.0545,
2025/8/25,22:00,23:00,1.2561,0.0448,
2025/8/25,23:00,0:00,0.9866,0.0352,
2025/8/26,0:00,1:00,0.3374,0.012,
2025/8/26,1:00,2:00,0.4022,0.0143,
2025/8/26,2:00,3:00,0.3074,0.0109,
2025/8/26,3:00,4:00,0.2853,0.0101,
2025/8/26,4:00,5:00,0.0614,0.0021,
2025/8/26,5:00,6:00,0.1273,0.0045,
2025/8/26,6:00,7:00,0.5646,0.0201,
2025/8/26,7:00,8:00,1.3007,0.0464,
2025/8/26,8:00,9:00,1.2906,0.046,
2025/8/26,9:00,10:00,0.9877,0.0352,
2025/8/26,10:00,11:00,0.712,0.0254,
2025/8/26,11:00,12:00,0.1819,0.0064,
2025/8/26,12:00,13:00,0.3453,0.0123,
2025/8/26,13:00,14:00,0.3317,0.0118,
2025/8/26,14:00,15:00,0.271,0.0096,
2025/8/26,15:00,16:00,0.2963,0.0105,
2025/8/26,16:00,17:00,0.45,0.016,
2025/8/26,17:00,18:00,0.9897,0.0353,
2025/8/26,18:00,19:00,1.5195,0.0542,
2025/8/26,19:00,20:00,1.8803,0.0671,
2025/8/26,20:00,21:00,2.0574,0.0734,
2025/8/26,21:00,22:00,2.0655,0.0737,
2025/8/26,22:00,23:00,1.4994,0.0535,
2025/8/26,23:00,0:00,0.8859,0.0316,
2025/8/27,0:00,1:00,0.4027,0.0143,
2025/8/27,1:00,2:00,0.5128,0.0183,
2025/8/27,2:00,3:00,0.1743,0.0062,
2025/8/27,3:00,4:00,0.2342,0.0083,
2025/8/27,4:00,5:00,0.0807,0.0028,
2025/8/27,5:00,6:00,0.2658,0.0094,
2025/8/27,6:00,7:00,0.816,0.0291,
2025/8/27,7:00,8:00,1.7371,0.062,
2025/8/27,8:00,9:00,1.2426,0.0443,
2025/8/27,9:00,10:00,0.7697,0.0274,
2025/8/27,10:00,11:00,0.271,0.0096,
2025/8/27,11:00,12:00,0.2759,0.0098,
2025/8/27,12:00,13:00,0.5869,0.0209,
2025/8/27,13:00,14:00,0.2517,0.0089,
2025/8/27,14:00,15:00,0.5963,0.0212,
2025/8/27,15:00,16:00,0.5465,0.0195,
2025/8/27,16:00,17:00,0.8834,0.0315,
2025/8/27,17:00,18:00,1.0133,0.0361,
2025/8/27,18:00,19:00,1.5138,0.054,
2025/8/27,19:00,20:00,1.5602,0.0557,
2025/8/27,20:00,21:00,1.2593,0.0449,
2025/8/27,21:00,22:00,2.0842,0.0744,
2025/8/27,22:00,23:00,1.6818,0.06,
2025/8/27,23:00,0:00,1.0046,0.0358,
2025/8/28,0:00,1:00,0.5806,0.0207,
2025/8/28,1:00,2:00,0.439,0.0156,
2025/8/28,2:00,3:00,0.271,0.0096,
2025/8/28,3:00,4:00,0.2438,0.0087,
2025/8/28,4:00,5:00,0.0888,0.0031,
2025/8/28,5:00,6:00,0.2272,0.0081,
2025/8/28,6:00,7:00,0.7867,0.028,
2025/8/28,7:00,8:00,1.4067,0.0502,
2025/8/28,8:00,9:00,1.5006,0.0535,
2025/8/28,9:00,10:00,1.0886,0.0388,
2025/8/28,10:00,11:00,0.305,0.0108,
2025/8/28,11:00,12:00,0.4049,0.0144,
2025/8/28,12:00,13:00,0.4363,0.0155,
2025/8/28,13:00,14:00,0.5823,0.0207,
2025/8/28,14:00,15:00,0.2308,0.0082,
2025/8/28,15:00,16:00,0.3342,0.0119,
2025/8/28,16:00,17:00,0.5729,0.0204,
2025/8/28,17:00,18:00,1.1824,0.0422,
2025/8/28,18:00,19:00,2.3536,0.084,
2025/8/28,19:00,20:00,1.3932,0.0497,
2025/8/28,20:00,21:00,1.5885,0.0567,
2025/8/28,21:00,22:00,1.7099,0.061,
2025/8/28,22:00,23:00,1.3733,0.049,
2025/8/28,23:00,0:00,1.1773,0.042,
2025/8/29,0:00,1:00,0.6607,0.0235,
2025/8/29,1:00,2:00,0.4241,0.0151,
2025/8/29,2:00,3:00,0.3728,0.0133,
2025/8/29,3:00,4:00,0.0748,0.0026,
2025/8/29,4:00,5:00,0.0851,0.003,
2025/8/29,5:00,6:00,0.0541,0.0019,
2025/8/29,6:00,7:00,0.9129,0.0326,
2025/8/29,7:00,8:00,1.5548,0.0555,
2025/8/29,8:00,9:00,1.42,0.0507,
2025/8/29,9:00,10:00,0.9864,0.0352,
2025/8/29,10:00,11:00,0.6366,0.0227,
2025/8/29,11:00,12:00,0.2708,0.0096,
2025/8/29,12:00,13:00,0.1912,0.0068,
2025/8/29,13:00,14:00,0.3067,0.0109,
2025/8/29,14:00,15:00,0.3998,0.0142,
2025/8/29,15:00,16:00,0.3851,0.0137,
2025/8/29,16:00,17:00,0.3848,0.0137,
2025/8/29,17:00,18:00,0.963,0.0343,
2025/8/29,18:00,19:00,1.0573,0.0377,
2025/8/29,19:00,20:00,1.9205,0.0685,
2025/8/29,20:00,21:00,1.4541,0.0519,
2025/8/29,21:00,22:00,1.8748,0.0669,
2025/8/29,22:00,23:00,1.7179,0.0613,
2025/8/29,23:00,0:00,1.4356,0.0512,
2025/8/30,0:00,1:00,0.6469,0.0231,
2025/8/30,1:00,2:00,0.4643,0.0165,
2025/8/30,2:00,3:00,0.2095,0.0074,
2025/8/30,3:00,4:00,0.1028,0.0036,
2025/8/30,4:00,5:00,0.0248,0.0008,
2025/8/30,5:00,6:00,0.3095,0.011,
2025/8/30,6:00,7:00,0.4507,0.016,
2025/8/30,7:00,8:00,1.0432,0.0372,
2025/8/30,8:00,9:00,0.9718,0.0347,
2025/8/30,9:00,10:00,1.3538,0.0483,
2025/8/30,10:00,11:00,0.9924,0.0354,
2025/8/30,11:00,12:00,0.8301,0.0296,
2025/8/30,12:00,13:00,0.6933,0.0247,
2025/8/30,13:00,14:00,0.5235,0.0186,
2025/8/30,14:00,15:00,0.5889,0.021,
2025/8/30,15:00,16:00,0.3021,0.0107,
2025/8/30,16:00,17:00,0.5105,0.0182,
2025/8/30,17:00,18:00,0.9333,0.0333,
2025/8/30,18:00,19:00,1.6369,0.0584,
2025/8/30,19:00,20:00,1.7626,0.0629,
2025/8/30,20:00,21:00,1.2279,0.0438,
2025/8/30,21:00,22:00,2.2454,0.0801,
2025/8/30,22:00,23:00,1.7139,0.0612,
2025/8/30,23:00,0:00,0.8517,0.0304,
2025/8/31,0:00,1:00,0.7047,0.0251,
2025/8/31,1:00,2:00,0.5722,0.0204,
2025/8/31,2:00,3:00,0.2149,0.0076,
2025/8/31,3:00,4:00,0.0709,0.0025,
2025/8/31,4:00,5:00,0.0528,0.0018,
2025/8/31,5:00,6:00,0.1853,0.0066,
2025/8/31,6:00,7:00,0.2865,0.0102,
2025/8/31,7:00,8:00,0.6937,0.0247,
2025/8/31,8:00,9:00,1.3047,0.0465,
2025/8/31,9:00,10:00,1.1804,0.0421,
2025/8/31,10:00,11:00,1.7531,0.0626,
2025/8/31,11:00,12:00,0.5105,0.0182,
2025/8/31,12:00,13:00,0.8111,0.0289,
2025/8/31,13:00,14:00,0.611,0.0218,
2025/8/31,14:00,15:00,0.4233,0.0151,
2025/8/31,15:00,16:00,0.3307,0.0118,
2025/8/31,16:00,17:00,0.5946,0.0212,
2025/8/31,17:00,18:00,1.2903,0.046,
2025/8/31,18:00,19:00,1.3538,0.0483,
2025/8/31,19:00,20:00,2.5609,0.0914,
2025/8/31,20:00,21:00,2.0593,0.0735,
2025/8/31,21:00,22:00,1.7563,0.0627,
2025/8/31,22:00,23:00,1.7015,0.0607,
2025/8/31,23:00,0:00,1.2744,0.0455,
2025/9/1,0:00,1:00,0.6829,0.0243,
2025/9/1,1:00,2:00,0.5784,0.0206,
2025/9/1,2:00,3:00,0.1217,0.0043,
2025/9/1,3:00,4:00,0.1431,0.0051,
2025/9/1,4:00,5:00,0.0324,0.0011,
2025/9/1,5:00,6:00,0.1579,0.0056,
2025/9/1,6:00,7:00,0.7825,0.0279,
2025/9/1,7:00,8:00,1.4548,0.0519,
2025/9/1,8:00,9:00,1.694,0.0605,
2025/9/1,9:00,10:00,1.017,0.0363,
2025/9/1,10:00,11:00,0.7139,0.0254,
2025/9/1,11:00,12:00,0.4016,0.0143,
2025/9/1,12:00,13:00,0.4304,0.0153,
2025/9/1,13:00,14:00,0.3958,0.0141,
2025/9/1,14:00,15:00,0.3151,0.0112,
2025/9/1,15:00,16:00,0.3219,0.0114,
2025/9/1,16:00,17:00,0.6945,0.0248,
2025/9/1,17:00,18:00,0.9802,0.035,
2025/9/1,18:00,19:00,1.8084,0.0645,
2025/9/1,19:00,20:00,1.4078,0.0502,
2025/9/1,20:00,21:00,1.641,0.0586,
2025/9/1,21:00,22:00,1.5115,0.0539,
2025/9/1,22:00,23:00,1.1731,0.0418,
2025/9/1,23:00,0:00,1.2073,0.0431,
2025/9/2,0:00,1:00,0.789,0.0281,
2025/9/2,1:00,2:00,0.3481,0.0124,
2025/9/2,2:00,3:00,0.2174,0.0077,
2025/9/2,3:00,4:00,0.2956,0.0105,
2025/9/2,4:00,5:00,0.068,0.0024,
2025/9/2,5:00,6:00,0.3798,0.0135,
2025/9/2,6:00,7:00,0.8724,0.0311,
2025/9/2,7:00,8:00,1.6351,0.0583,
2025/9/2,8:00,9:00,1.5255,0.0544,
2025/9/2,9:00,10:00,0.7309,0.0261,
2025/9/2,10:00,11:00,0.419,0.0149,
2025/9/2,11:00,12:00,0.4448,0.0158,
2025/9/2,12:00,13:00,0.4798,0.0171,
2025/9/2,13:00,14:00,0.3689,0.0131,
2025/9/2,14:00,15:00,0.4255,0.0151,
2025/9/2,15:00,16:00,0.3041,0.0108,
2025/9/2,16:00,17:00,0.7108,0.0253,
2025/9/2,17:00,18:00,0.846,0.0302,
2025/9/2,18:00,19:00,0.9512,0.0339,
2025/9/2,19:00,20:00,2.7334,0.0976,
2025/9/2,20:00,21:00,1.9991,0.0713,
2025/9/2,21:00,22:00,1.463,0.0522,
2025/9/2,22:00,23:00,1.7615,0.0629,
2025/9/2,23:00,0:00,1.0231,0.0365,
2025/9/3,0:00,1:00,0.7154,0.0255,
2025/9/3,1:00,2:00,0.3076,0.0109,
2025/9/3,2:00,3:00,0.1889,0.0067,
2025/9/3,3:00,4:00,0.103,0.0036,
2025/9/3,4:00,5:00,0.0424,0.0015,
2025/9/3,5:00,6:00,0.1756,0.0062,
2025/9/3,6:00,7:00,0.6814,0.0243,
2025/9/3,7:00,8:00,1.7003,0.0607,
2025/9/3,8:00,9:00,1.5604,0.0557,
2025/9/3,9:00,10:00,1.2563,0.0448,
2025/9/3,10:00,11:00,0.7364,0.0263,
2025/9/3,11:00,12:00,0.3616,0.0129,
2025/9/3,12:00,13:00,0.5779,0.0206,
2025/9/3,13:00,14:00,0.2473,0.0088,
2025/9/3,14:00,15:00,0.1725,0.0061,
2025/9/3,15:00,16:00,0.5083,0.0181,
2025/9/3,16:00,17:00,0.6909,0.0246,
2025/9/3,17:00,18:00,1.4786,0.0528,
2025/9/3,18:00,19:00,1.7768,0.0634,
2025/9/3,19:00,20:00,1.8548,0.0662,
2025/9/3,20:00,21:00,1.2793,0.0456,
2025/9/3,21:00,22:00,1.347,0.0481,
2025/9/3,22:00,23:00,1.7948,0.0641,
2025/9/3,23:00,0:00,1.1511,0.0411,
2025/9/4,0:00,1:00,0.7464,0.0266,
2025/9/4,1:00,2:00,0.5656,0.0202,
2025/9/4,2:00,3:00,0.3914,0.0139,
2025/9/4,3:00,4:00,0.0742,0.0026,
2025/9/4,4:00,5:00,0.018,0.0006,
2025/9/4,5:00,6:00,0.2281,0.0081,
2025/9/4,6:00,7:00,0.6485,0.0231,
2025/9/4,7:00,8:00,1.5186,0.0542,
2025/9/4,8:00,9:00,0.9924,0.0354,
2025/9/4,9:00,10:00,0.9567,0.0341,
2025/9/4,10:00,11:00,0.878,0.0313,
2025/9/4,11:00,12:00,0.3095,0.011,
2025/9/4,12:00,13:00,0.291,0.0103,
2025/9/4,13:00,14:00,0.3028,0.0108,
2025/9/4,14:00,15:00,0.302,0.0107,
2025/9/4,15:00,16:00,0.4285,0.0153,
2025/9/4,16:00,17:00,0.6184,0.022,
2025/9/4,17:00,18:00,0.8994,0.0321,
2025/9/4,18:00,19:00,1.6456,0.0587,
2025/9/4,19:00,20:00,1.6954,0.0605,
2025/9/4,20:00,21:00,1.6237,0.0579,
2025/9/4,21:00,22:00,1.8827,0.0672,
2025/9/4,22:00,23:00,1.3608,0.0486,
2025/9/4,23:00,0:00,1.0834,0.0386,
2025/9/5,0:00,1:00,0.6575,0.0234,
2025/9/5,1:00,2:00,0.4509,0.0161,
2025/9/5,2:00,3:00,0.3218,0.0114,
2025/9/5,3:00,4:00,0.078,0.0027,
2025/9/5,4:00,5:00,0.0854,0.003,
2025/9/5,5:00,6:00,0.1147,0.004,
2025/9/5,6:00,7:00,0.4756,0.0169,
2025/9/5,7:00,8:00,1.3889,0.0496,
2025/9/5,8:00,9:00,1.6137,0.0576,
2025/9/5,9:00,10:00,0.8792,0.0314,
2025/9/5,10:00,11:00,0.6065,0.0216,
2025/9/5,11:00,12:00,0.3415,0.0121,
2025/9/5,12:00,13:00,0.2953,0.0105,
2025/9/5,13:00,14:00,0.6899,0.0246,
2025/9/5,14:00,15:00,0.8615,0.0307,
2025/9/5,15:00,16:00,0.3122,0.0111,
2025/9/5,16:00,17:00,0.7525,0.0268,
2025/9/5,17:00,18:00,0.8588,0.0306,
2025/9/5,18:00,19:00,1.9242,0.0687,
2025/9/5,19:00,20:00,1.0755,0.0384,
2025/9/5,20:00,21:00,1.3727,0.049,
2025/9/5,21:00,22:00,1.8657,0.0666,
2025/9/5,22:00,23:00,1.6823,0.06,
2025/9/5,23:00,0:00,1.0409,0.0371,
2025/9/6,0:00,1:00,0.4163,0.0148,
2025/9/6,1:00,2:00,0.3144,0.0112,
2025/9/6,2:00,3:00,0.3842,0.0137,
2025/9/6,3:00,4:00,0.2073,0.0074,
2025/9/6,4:00,5:00,0.1099,0.0039,
2025/9/6,5:00,6:00,0.1853,0.0066,
2025/9/6,6:00,7:00,0.4045,0.0144,
2025/9/6,7:00,8:00,1.0016,0.0357,
2025/9/6,8:00,9:00,1.2704,0.0453,
2025/9/6,9:00,10:00,0.9917,0.0354,
2025/9/6,10:00,11:00,0.7454,0.0266,
2025/9/6,11:00,12:00,0.6274,0.0224,
2025/9/6,12:00,13:00,0.6129,0.0218,
2025/9/6,13:00,14:00,0.6633,0.0236,
2025/9/6,14:00,15:00,0.366,0.013,
2025/9/6,15:00,16:00,0.6317,0.0225,
2025/9/6,16:00,17:00,0.8071,0.0288,
2025/9/6,17:00,18:00,1.1187,0.0399,
2025/9/6,18:00,19:00,0.9797,0.0349,
2025/9/6,19:00,20:00,1.3146,0.0469,
2025/9/6,20:00,21:00,2.1649,0.0773,
2025/9/6,21:00,22:00,1.8486,0.066,
2025/9/6,22:00,23:00,1.4538,0.0519,
2025/9/6,23:00,0:00,1.3033,0.0465,
2025/9/7,0:00,1:00,0.6636,0.0237,
2025/9/7,1:00,2:00,0.431,0.0153,
2025/9/7,2:00,3:00,0.2189,0.0078,
2025/9/7,3:00,4:00,0.1447,0.0051,
2025/9/7,4:00,5:00,0.1223,0.0043,
2025/9/7,5:00,6:00,0.2186,0.0078,
2025/9/7,6:00,7:00,0.2635,0.0094,
2025/9/7,7:00,8:00,0.866,0.0309,
2025/9/7,8:00,9:00,1.1738,0.0419,
2025/9/7,9:00,10:00,1.4375,0.0513,
2025/9/7,10:00,11:00,1.0501,0.0375,
2025/9/7,11:00,12:00,0.384,0.0137,
2025/9/7,12:00,13:00,0.7908,0.0282,
2025/9/7,13:00,14:00,1.159,0.0413,
2025/9/7,14:00,15:00,0.4958,0.0177,
2025/9/7,15:00,16:00,0.6599,0.0235,
2025/9/7,16:00,17:00,0.7119,0.0254,
2025/9/7,17:00,18:00,1.0804,0.0385,
2025/9/7,18:00,19:00,1.1888,0.0424,
2025/9/7,19:00,20:00,2.4187,0.0863,
2025/9/7,20:00,21:00,2.046,0.073,
2025/9/7,21:00,22:00,2.5471,0.0909,
2025/9/7,22:00,23:00,1.3134,0.0469,
2025/9/7,23:00,0:00,0.738,0.0263,
2025/9/8,0:00,1:00,0.6163,0.022,
2025/9/8,1:00,2:00,0.6897,0.0246,
2025/9/8,2:00,3:00,0.1446,0.0051,
2025/9/8,3:00,4:00,0.0512,0.0018,
2025/9/8,4:00,5:00,0.0443,0.0015,
2025/9/8,5:00,6:00,0.0961,0.0034,
2025/9/8,6:00,7:00,0.7197,0.0257,
2025/9/8,7:00,8:00,1.2726,0.0454,
2025/9/8,8:00,9:00,1.2731,0.0454,
2025/9/8,9:00,10:00,1.0253,0.0366,
2025/9/8,10:00,11:00,0.793,0.0283,
2025/9/8,11:00,12:00,0.7629,0.0272,
2025/9/8,12:00,13:00,0.1721,0.0061,
2025/9/8,13:00,14:00,0.3803,0.0135,
2025/9/8,14:00,15:00,0.3421,0.0122,
2025/9/8,15:00,16:00,0.225,0.008,
2025/9/8,16:00,17:00,0.7522,0.0268,
2025/9/8,17:00,18:00,0.8666,0.0309,
2025/9/8,18:00,19:00,1.3744,0.049,
2025/9/8,19:00,20:00,1.6662,0.0595,
2025/9/8,20:00,21:00,1.9542,0.0697,
2025/9/8,21:00,22:00,1.6178,0.0577,
2025/9/8,22:00,23:00,1.993,0.0711,
2025/9/8,23:00,0:00,1.1724,0.0418,
2025/9/9,0:00,1:00,0.6671,0.0238,
2025/9/9,1:00,2:00,0.2145,0.0076,
2025/9/9,2:00,3:00,0.0708,0.0025,
2025/9/9,3:00,4:00,0.2082,0.0074,
2025/9/9,4:00,5:00,0.1386,0.0049,
2025/9/9,5:00,6:00,0.2234,0.0079,
2025/9/9,6:00,7:00,0.5622,0.02,
2025/9/9,7:00,8:00,1.2933,0.0461,
2025/9/9,8:00,9:00,1.3271,0.0473,
2025/9/9,9:00,10:00,0.9293,0.0331,
2025/9/9,10:00,11:00,0.5604,0.02,
2025/9/9,11:00,12:00,0.4041,0.0144,
2025/9/9,12:00,13:00,0.4787,0.017,
2025/9/9,13:00,14:00,0.2506,0.0089,
2025/9/9,14:00,15:00,0.2316,0.0082,
2025/9/9,15:00,16:00,0.3417,0.0122,
2025/9/9,16:00,17:00,0.4028,0.0143,
2025/9/9,17:00,18:00,0.8258,0.0294,
2025/9/9,18:00,19:00,0.901,0.0321,
2025/9/9,19:00,20:00,1.6516,0.0589,
2025/9/9,20:00,21:00,2.0896,0.0746,
2025/9/9,21:00,22:00,2.2222,0.0793,
2025/9/9,22:00,23:00,1.3128,0.0468,
2025/9/9,23:00,0:00,1.1588,0.0413,
2025/9/10,0:00,1:00,0.4268,0.0152,
2025/9/10,1:00,2:00,0.1248,0.0044,
2025/9/10,2:00,3:00,0.4679,0.0167,
2025/9/10,3:00,4:00,0.1653,0.0059,
2025/9/10,4:00,5:00,0.2283,0.0081,
2025/9/10,5:00,6:00,0.2418,0.0086,
2025/9/10,6:00,7:00,0.5806,0.0207,
2025/9/10,7:00,8:00,1.2676,0.0452,
2025/9/10,8:00,9:00,1.3149,0.0469,
2025/9/10,9:00,10:00,1.2429,0.0443,
2025/9/10,10:00,11:00,0.338,0.012,
2025/9/10,11:00,12:00,0.2108,0.0075,
2025/9/10,12:00,13:00,0.2913,0.0104,
2025/9/10,13:00,14:00,0.4645,0.0165,
2025/9/10,14:00,15:00,0.3687,0.0131,
2025/9/10,15:00,16:00,0.2311,0.0082,
2025/9/10,16:00,17:00,0.6316,0.0225,
2025/9/10,17:00,18:00,1.0348,0.0369,
2025/9/10,18:00,19:00,1.6947,0.0605,
2025/9/10,19:00,20:00,1.5331,0.0547,
2025/9/10,20:00,21:00,1.2237,0.0437,
2025/9/10,21:00,22:00,2.1139,0.0754,
2025/9/10,22:00,23:00,1.516,0.0541,
2025/9/10,23:00,0:00,0.9299,0.0332,
2025/9/11,0:00,1:00,0.595,0.0212,
2025/9/11,1:00,2:00,0.4979,0.0177,
2025/9/11,2:00,3:00,0.3307,0.0118,
2025/9/11,3:00,4:00,0.0169,0.0006,
2025/9/11,4:00,5:00,0.1658,0.0059,
2025/9/11,5:00,6:00,0.0464,0.0016,
2025/9/11,6:00,7:00,0.6302,0.0225,
2025/9/11,7:00,8:00,1.205,0.043,
2025/9/11,8:00,9:00,1.1015,0.0393,
2025/9/11,9:00,10:00,1.0273,0.0366,
2025/9/11,10:00,11:00,0.7948,0.0283,
2025/9/11,11:00,12:00,0.3035,0.0108,
2025/9/11,12:00,13:00,0.2511,0.0089,
2025/9/11,13:00,14:00,0.4042,0.0144,
2025/9/11,14:00,15:00,0.3793,0.0135,
2025/9/11,15:00,16:00,0.4437,0.0158,
2025/9/11,16:00,17:00,0.817,0.0291,
2025/9/11,17:00,18:00,1.2587,0.0449,
2025/9/11,18:00,19:00,1.7732,0.0633,
2025/9/11,19:00,20:00,1.4068,0.0502,
2025/9/11,20:00,21:00,1.1905,0.0425,
2025/9/11,21:00,22:00,1.5987,0.057,
2025/9/11,22:00,23:00,1.5642,0.0558,
2025/9/11,23:00,0:00,0.7738,0.0276,
2025/9/12,0:00,1:00,0.8712,0.0311,
2025/9/12,1:00,2:00,0.5807,0.0207,
2025/9/12,2:00,3:00,0.3417,0.0122,
2025/9/12,3:00,4:00,0.2544,0.009,
2025/9/12,4:00,5:00,0.1873,0.0066,
2025/9/12,5:00,6:00,0.2313,0.0082,
2025/9/12,6:00,7:00,0.6232,0.0222,
2025/9/12,7:00,8:00,1.125,0.0401,
2025/9/12,8:00,9:00,1.2929,0.0461,
2025/9/12,9:00,10:00,0.9459,0.0337,
2025/9/12,10:00,11:00,0.6244,0.0223,
2025/9/12,11:00,12:00,0.6359,0.0227,
2025/9/12,12:00,13:00,0.3709,0.0132,
2025/9/12,13:00,14:00,0.369,0.0131,
2025/9/12,14:00,15:00,0.3015,0.0107,
2025/9/12,15:00,16:00,0.4887,0.0174,
2025/9/12,16:00,17:00,0.6773,0.0241,
2025/9/12,17:00,18:00,0.8364,0.0298,
2025/9/12,18:00,19:00,1.1898,0.0424,
2025/9/12,19:00,20:00,1.3169,0.047,
2025/9/12,20:00,21:00,2.0641,0.0737,
2025/9/12,21:00,22:00,1.6524,0.059,
2025/9/12,22:00,23:00,1.6722,0.0597,
2025/9/12,23:00,0:00,1.2119,0.0432,
2025/9/13,0:00,1:00,0.834,0.0297,
2025/9/13,1:00,2:00,0.5575,0.0199,
2025/9/13,2:00,3:00,0.3971,0.0141,
2025/9/13,3:00,4:00,0.1771,0.0063,
2025/9/13,4:00,5:00,0.0068,0.0002,
2025/9/13,5:00,6:00,0.2802,0.01,
2025/9/13,6:00,7:00,0.4693,0.0167,
2025/9/13,7:00,8:00,0.7669,0.0273,
2025/9/13,8:00,9:00,0.837,0.0298,
2025/9/13,9:00,10:00,1.0944,0.039,
2025/9/13,10:00,11:00,0.6241,0.0222,
2025/9/13,11:00,12:00,0.737,0.0263,
2025/9/13,12:00,13:00,0.8911,0.0318,
2025/9/13,13:00,14:00,0.5416,0.0193,
2025/9/13,14:00,15:00,0.6747,0.024,
2025/9/13,15:00,16:00,0.7207,0.0257,
2025/9/13,16:00,17:00,0.5974,0.0213,
2025/9/13,17:00,18:00,1.4837,0.0529,
2025/9/13,18:00,19:00,1.3229,0.0472,
2025/9/13,19:00,20:00,1.8601,0.0664,
2025/9/13,20:00,21:00,1.0953,0.0391,
2025/9/13,21:00,22:00,1.6209,0.0578,
2025/9/13,22:00,23:00,1.4604,0.0521,
2025/9/13,23:00,0:00,1.2896,0.046,
2025/9/14,0:00,1:00,0.7154,0.0255,
2025/9/14,1:00,2:00,0.3515,0.0125,
2025/9/14,2:00,3:00,0.2299,0.0082,
2025/9/14,3:00,4:00,0.0578,0.002,
2025/9/14,4:00,5:00,0.1432,0.0051,
2025/9/14,5:00,6:00,0.1135,0.004,
2025/9/14,6:00,7:00,0.5759,0.0205,
2025/9/14,7:00,8:00,0.9713,0.0346,
2025/9/14,8:00,9:00,0.829,0.0296,
2025/9/14,9:00,10:00,1.3852,0.0494,
2025/9/14,10:00,11:00,0.8226,0.0293,
2025/9/14,11:00,12:00,0.3576,0.0127,
2025/9/14,12:00,13:00,0.6755,0.0241,
2025/9/14,13:00,14:00,0.7523,0.0268,
2025/9/14,14:00,15:00,0.4174,0.0149,
2025/9/14,15:00,16:00,0.3255,0.0116,
2025/9/14,16:00,17:00,0.7662,0.0273,
2025/9/14,17:00,18:00,0.7689,0.0274,
2025/9/14,18:00,19:00,1.0726,0.0383,
2025/9/14,19:00,20:00,1.5364,0.0548,
2025/9/14,20:00,21:00,1.5136,0.054,
2025/9/14,21:00,22:00,1.7187,0.0613,
2025/9/14,22:00,23:00,1.5394,0.0549,
2025/9/14,23:00,0:00,1.1992,0.0428,
2025/9/15,0:00,1:00,0.3773,0.0134,
2025/9/15,1:00,2:00,0.4872,0.0174,
2025/9/15,2:00,3:00,0.0895,0.0031,
2025/9/15,3:00,4:00,0.078,0.0027,
2025/9/15,4:00,5:00,0.0407,0.0014,
2025/9/15,5:00,6:00,0.1218,0.0043,
2025/9/15,6:00,7:00,0.2875,0.0102,
2025/9/15,7:00,8:00,0.9074,0.0324,
2025/9/15,8:00,9:00,1.3427,0.0479,
2025/9/15,9:00,10:00,1.1344,0.0405,
2025/9/15,10:00,11:00,1.292,0.0461,
2025/9/15,11:00,12:00,0.5797,0.0207,
2025/9/15,12:00,13:00,1.0481,0.0374,
2025/9/15,13:00,14:00,0.5282,0.0188,
2025/9/15,14:00,15:00,0.5495,0.0196,
2025/9/15,15:00,16:00,0.584,0.0208,
2025/9/15,16:00,17:00,0.5246,0.0187,
2025/9/15,17:00,18:00,1.3338,0.0476,
2025/9/15,18:00,19:00,1.4949,0.0533,
2025/9/15,19:00,20:00,1.8288,0.0653,
2025/9/15,20:00,21:00,1.6868,0.0602,
2025/9/15,21:00,22:00,1.9157,0.0684,
2025/9/15,22:00,23:00,1.5645,0.0558,
2025/9/15,23:00,0:00,1.2733,0.0454,
2025/9/16,0:00,1:00,0.6498,0.0232,
2025/9/16,1:00,2:00,0.5944,0.0212,
2025/9/16,2:00,3:00,0.1689,0.006,
2025/9/16,3:00,4:00,0.0505,0.0018,
2025/9/16,4:00,5:00,0.0118,0.0004,
2025/9/16,5:00,6:00,0.2939,0.0104,
2025/9/16,6:00,7:00,0.8892,0.0317,
2025/9/16,7:00,8:00,1.0267,0.0366,
2025/9/16,8:00,9:00,1.3349,0.0476,
2025/9/16,9:00,10:00,0.8527,0.0304,
2025/9/16,10:00,11:00,0.6483,0.0231,
2025/9/16,11:00,12:00,0.1651,0.0058,
2025/9/16,12:00,13:00,0.2083,0.0074,
2025/9/16,13:00,14:00,0.3367,0.012,
2025/9/16,14:00,15:00,0.3431,0.0122,
2025/9/16,15:00,16:00,0.3413,0.0121,
2025/9/16,16:00,17:00,0.5963,0.0212,
2025/9/16,17:00,18:00,1.5168,0.0541,
2025/9/16,18:00,19:00,1.2509,0.0446,
2025/9/16,19:00,20:00,1.685,0.0601,
2025/9/16,20:00,21:00,1.8267,0.0652,
2025/9/16,21:00,22:00,2.3274,0.0831,
2025/9/16,22:00,23:00,1.4652,0.0523,
2025/9/16,23:00,0:00,1.026,0.0366,
2025/9/17,0:00,1:00,0.7489,0.0267,
2025/9/17,1:00,2:00,0.3619,0.0129,
2025/9/17,2:00,3:00,0.1652,0.0059,
2025/9/17,3:00,4:00,0.3243,0.0115,
2025/9/17,4:00,5:00,0.0434,0.0015,
2025/9/17,5:00,6:00,0.0856,0.003,
2025/9/17,6:00,7:00,0.5862,0.0209,
2025/9/17,7:00,8:00,1.4923,0.0532,
2025/9/17,8:00,9:00,1.3001,0.0464,
2025/9/17,9:00,10:00,0.997,0.0356,
2025/9/17,10:00,11:00,0.6828,0.0243,
2025/9/17,11:00,12:00,0.2745,0.0098,
2025/9/17,12:00,13:00,0.2898,0.0103,
2025/9/17,13:00,14:00,0.2601,0.0092,
2025/9/17,14:00,15:00,0.3506,0.0125,
2025/9/17,15:00,16:00,0.3122,0.0111,
2025/9/17,16:00,17:00,0.924,0.033,
2025/9/17,17:00,18:00,0.9297,0.0332,
2025/9/17,18:00,19:00,1.4823,0.0529,
2025/9/17,19:00,20:00,1.9992,0.0714,
2025/9/17,20:00,21:00,1.4572,0.052,
2025/9/17,21:00,22:00,1.9317,0.0689,
2025/9/17,22:00,23:00,1.2946,0.0462,
2025/9/17,23:00,0:00,0.8617,0.0307,
2025/9/18,0:00,1:00,0.675,0.0241,
2025/9/18,1:00,2:00,0.2923,0.0104,
2025/9/18,2:00,3:00,0.3306,0.0118,
2025/9/18,3:00,4:00,0.1382,0.0049,
2025/9/18,4:00,5:00,0.0256,0.0009,
2025/9/18,5:00,6:00,0.2247,0.008,
2025/9/18,6:00,7:00,1.0206,0.0364,
2025/9/18,7:00,8:00,1.1844,0.0423,
2025/9/18,8:00,9:00,1.2376,0.0442,
2025/9/18,9:00,10:00,0.5614,0.02,
2025/9/18,10:00,11:00,0.2452,0.0087,
2025/9/18,11:00,12:00,0.2591,0.0092,
2025/9/18,12:00,13:00,0.3401,0.0121,
2025/9/18,13:00,14:00,0.3289,0.0117,
2025/9/18,14:00,15:00,0.4016,0.0143,
2025/9/18,15:00,16:00,0.5064,0.018,
2025/9/18,16:00,17:00,0.8626,0.0308,
2025/9/18,17:00,18:00,0.842,0.03,
2025/9/18,18:00,19:00,1.7565,0.0627,
2025/9/18,19:00,20:00,2.243,0.0801,
2025/9/18,20:00,21:00,1.3611,0.0486,
2025/9/18,21:00,22:00,1.8316,0.0654,
2025/9/18,22:00,23:00,1.0471,0.0373,
2025/9/18,23:00,0:00,0.9202,0.0328,
2025/9/19,0:00,1:00,1.1076,0.0395,
2025/9/19,1:00,2:00,0.3604,0.0128,
2025/9/19,2:00,3:00,0.3741,0.0133,
2025/9/19,3:00,4:00,0.0477,0.0017,
2025/9/19,4:00,5:00,0.0858,0.003,
2025/9/19,5:00,6:00,0.1313,0.0046,
2025/9/19,6:00,7:00,0.6234,0.0222,
2025/9/19,7:00,8:00,1.7269,0.0616,
2025/9/19,8:00,9:00,1.3147,0.0469,
2025/9/19,9:00,10:00,0.7894,0.0281,
2025/9/19,10:00,11:00,0.6277,0.0224,
2025/9/19,11:00,12:00,0.4029,0.0143,
2025/9/19,12:00,13:00,0.3017,0.0107,
2025/9/19,13:00,14:00,0.1559,0.0055,
2025/9/19,14:00,15:00,0.2508,0.0089,
2025/9/19,15:00,16:00,0.2388,0.0085,
2025/9/19,16:00,17:00,0.449,0.016,
2025/9/19,17:00,18:00,1.0581,0.0377,
2025/9/19,18:00,19:00,1.188,0.0424,
2025/9/19,19:00,20:00,1.7899,0.0639,
2025/9/19,20:00,21:00,1.1551,0.0412,
2025/9/19,21:00,22:00,2.086,0.0745,
2025/9/19,22:00,23:00,1.6429,0.0586,
2025/9/19,23:00,0:00,1.1182,0.0399,
2025/9/20,0:00,1:00,0.8207,0.0293,
2025/9/20,1:00,2:00,0.6126,0.0218,
2025/9/20,2:00,3:00,0.1386,0.0049,
2025/9/20,3:00,4:00,0.1264,0.0045,
2025/9/20,4:00,5:00,0.0222,0.0007,
2025/9/20,5:00,6:00,0.0903,0.0032,
2025/9/20,6:00,7:00,0.5925,0.0211,
2025/9/20,7:00,8:00,1.0665,0.038,
2025/9/20,8:00,9:00,1.2283,0.0438,
2025/9/20,9:00,10:00,0.5751,0.0205,
2025/9/20,10:00,11:00,0.8328,0.0297,
2025/9/20,11:00,12:00,0.5851,0.0208,
2025/9/20,12:00,13:00,0.6005,0.0214,
2025/9/20,13:00,14:00,0.4092,0.0146,
2025/9/20,14:00,15:00,0.3856,0.0137,
2025/9/20,15:00,16:00,0.505,0.018,
2025/9/20,16:00,17:00,0.9148,0.0326,
2025/9/20,17:00,18:00,1.0105,0.036,
2025/9/20,18:00,19:00,1.2787,0.0456,
2025/9/20,19:00,20:00,1.9395,0.0692,
2025/9/20,20:00,21:00,1.7257,0.0616,
2025/9/20,21:00,22:00,2.0245,0.0723,
2025/9/20,22:00,23:00,0.91,0.0325,
2025/9/20,23:00,0:00,0.9617,0.0343,
2025/9/21,0:00,1:00,1.0507,0.0375,
2025/9/21,1:00,2:00,0.5274,0.0188,
2025/9/21,2:00,3:00,0.1939,0.0069,
2025/9/21,3:00,4:00,0.102,0.0036,
2025/9/21,4:00,5:00,0.0321,0.0011,
2025/9/21,5:00,6:00,0.0269,0.0009,
2025/9/21,6:00,7:00,0.3203,0.0114,
2025/9/21,7:00,8:00,0.7038,0.0251,
2025/9/21,8:00,9:00,1.2106,0.0432,
2025/9/21,9:00,10:00,1.2193,0.0435,
2025/9/21,10:00,11:00,1.0569,0.0377,
2025/9/21,11:00,12:00,0.3461,0.0123,
2025/9/21,12:00,13:00,0.786,0.028,
2025/9/21,13:00,14:00,0.4959,0.0177,
2025/9/21,14:00,15:00,0.4494,0.016,
2025/9/21,15:00,16:00,0.6394,0.0228,
2025/9/21,16:00,17:00,0.7611,0.0271,
2025/9/21,17:00,18:00,1.0624,0.0379,
2025/9/21,18:00,19:00,1.7365,0.062,
2025/9/21,19:00,20:00,1.608,0.0574,
2025/9/21,20:00,21:00,1.5468,0.0552,
2025/9/21,21:00,22:00,1.6648,0.0594,
2025/9/21,22:00,23:00,1.6526,0.059,
2025/9/21,23:00,0:00,1.0545,0.0376,
2025/9/22,0:00,1:00,0.6862,0.0245,
2025/9/22,1:00,2:00,0.5029,0.0179,
2025/9/22,2:00,3:00,0.2198,0.0078,
2025/9/22,3:00,4:00,0.1154,0.0041,
2025/9/22,4:00,5:00,0.0828,0.0029,
2025/9/22,5:00,6:00,0.23,0.0082,
2025/9/22,6:00,7:00,0.528,0.0188,
2025/9/22,7:00,8:00,0.9049,0.0323,
2025/9/22,8:00,9:00,1.0893,0.0389,
2025/9/22,9:00,10:00,1.0272,0.0366,
2025/9/22,10:00,11:00,0.5155,0.0184,
2025/9/22,11:00,12:00,0.3801,0.0135,
2025/9/22,12:00,13:00,0.386,0.0137,
2025/9/22,13:00,14:00,0.1972,0.007,
2025/9/22,14:00,15:00,0.3066,0.0109,
2025/9/22,15:00,16:00,0.2357,0.0084,
2025/9/22,16:00,17:00,0.42,0.015,
2025/9/22,17:00,18:00,0.7962,0.0284,
2025/9/22,18:00,19:00,0.9466,0.0338,
2025/9/22,19:00,20:00,1.7089,0.061,
2025/9/22,20:00,21:00,1.2322,0.044,
2025/9/22,21:00,22:00,1.9318,0.0689,
2025/9/22,22:00,23:00,1.0204,0.0364,
2025/9/22,23:00,0:00,1.2867,0.0459,
2025/9/23,0:00,1:00,0.878,0.0313,
2025/9/23,1:00,2:00,0.2516,0.0089,
2025/9/23,2:00,3:00,0.1687,0.006,
2025/9/23,3:00,4:00,0.042,0.0015,
2025/9/23,4:00,5:00,0.0936,0.0033,
2025/9/23,5:00,6:00,0.041,0.0014,
2025/9/23,6:00,7:00,0.1678,0.0059,
2025/9/23,7:00,8:00,0.6512,0.0232,
2025/9/23,8:00,9:00,1.0843,0.0387,
2025/9/23,9:00,10:00,1.6482,0.0588,
2025/9/23,10:00,11:00,1.1044,0.0394,
2025/9/23,11:00,12:00,0.6969,0.0248,
2025/9/23,12:00,13:00,0.5276,0.0188,
2025/9/23,13:00,14:00,0.3491,0.0124,
2025/9/23,14:00,15:00,0.3586,0.0128,
2025/9/23,15:00,16:00,0.438,0.0156,
2025/9/23,16:00,17:00,0.3506,0.0125,
2025/9/23,17:00,18:00,0.7944,0.0283,
2025/9/23,18:00,19:00,1.6112,0.0575,
2025/9/23,19:00,20:00,1.8276,0.0652,
2025/9/23,20:00,21:00,2.3,0.0821,
2025/9/23,21:00,22:00,1.7992,0.0642,
2025/9/23,22:00,23:00,1.5983,0.057,
2025/9/23,23:00,0:00,1.0809,0.0386,
2025/9/24,0:00,1:00,0.5811,0.0207,
2025/9/24,1:00,2:00,0.684,0.0244,
2025/9/24,2:00,3:00,0.2735,0.0097,
2025/9/24,3:00,4:00,0.254,0.009,
2025/9/24,4:00,5:00,0.0639,0.0022,
2025/9/24,5:00,6:00,0.2377,0.0084,
2025/9/24,6:00,7:00,0.905,0.0323,
2025/9/24,7:00,8:00,1.5588,0.0556,
2025/9/24,8:00,9:00,1.6697,0.0596,
2025/9/24,9:00,10:00,1.1111,0.0396,
2025/9/24,10:00,11:00,0.5237,0.0187,
2025/9/24,11:00,12:00,0.2601,0.0092,
2025/9/24,12:00,13:00,0.1408,0.005,
2025/9/24,13:00,14:00,0.1986,0.007,
2025/9/24,14:00,15:00,0.3666,0.013,
2025/9/24,15:00,16:00,0.3575,0.0127,
2025/9/24,16:00,17:00,0.5338,0.019,
2025/9/24,17:00,18:00,1.171,0.0418,
2025/9/24,18:00,19:00,1.659,0.0592,
2025/9/24,19:00,20:00,1.3232,0.0472,
2025/9/24,20:00,21:00,2.0697,0.0739,
2025/9/24,21:00,22:00,1.4519,0.0518,
2025/9/24,22:00,23:00,1.5127,0.054,
2025/9/24,23:00,0:00,1.2835,0.0458,
2025/9/25,0:00,1:00,0.7786,0.0278,
2025/9/25,1:00,2:00,0.5527,0.0197,
2025/9/25,2:00,3:00,0.1444,0.0051,
2025/9/25,3:00,4:00,0.2591,0.0092,
2025/9/25,4:00,5:00,0.0469,0.0016,
2025/9/25,5:00,6:00,0.0732,0.0026,
2025/9/25,6:00,7:00,0.6541,0.0233,
2025/9/25,7:00,8:00,1.5882,0.0567,
2025/9/25,8:00,9:00,1.6401,0.0585,
2025/9/25,9:00,10:00,0.6129,0.0218,
2025/9/25,10:00,11:00,0.2918,0.0104,
2025/9/25,11:00,12:00,0.3566,0.0127,
2025/9/25,12:00,13:00,0.3326,0.0118,
2025/9/25,13:00,14:00,0.2722,0.0097,
2025/9/25,14:00,15:00,0.357,0.0127,
2025/9/25,15:00,16:00,0.4768,0.017,
2025/9/25,16:00,17:00,0.6683,0.0238,
2025/9/25,17:00,18:00,0.6641,0.0237,
2025/9/25,18:00,19:00,2.1323,0.0761,
2025/9/25,19:00,20:00,2.0274,0.0724,
2025/9/25,20:00,21:00,1.7296,0.0617,
2025/9/25,21:00,22:00,1.6262,0.058,
2025/9/25,22:00,23:00,1.5581,0.0556,
2025/9/25,23:00,0:00,0.9902,0.0353,
2025/9/26,0:00,1:00,0.5659,0.0202,
2025/9/26,1:00,2:00,0.1635,0.0058,
2025/9/26,2:00,3:00,0.1667,0.0059,
2025/9/26,3:00,4:00,0.0653,0.0023,
2025/9/26,4:00,5:00,0.1196,0.0042,
2025/9/26,5:00,6:00,0.1232,0.0044,
2025/9/26,6:00,7:00,0.7619,0.0272,
2025/9/26,7:00,8:00,1.2515,0.0446,
2025/9/26,8:00,9:00,1.4512,0.0518,
2025/9/26,9:00,10:00,0.4951,0.0176,
2025/9/26,10:00,11:00,0.709,0.0253,
2025/9/26,11:00,12:00,0.3355,0.0119,
2025/9/26,12:00,13:00,0.4209,0.015,
2025/9/26,13:00,14:00,0.3295,0.0117,
2025/9/26,14:00,15:00,0.3443,0.0122,
2025/9/26,15:00,16:00,0.5011,0.0178,
2025/9/26,16:00,17:00,0.3147,0.0112,
2025/9/26,17:00,18:00,0.6921,0.0247,
2025/9/26,18:00,19:00,1.9565,0.0698,
2025/9/26,19:00,20:00,1.787,0.0638,
2025/9/26,20:00,21:00,1.6557,0.0591,
2025/9/26,21:00,22:00,0.9498,0.0339,
2025/9/26,22:00,23:00,1.7196,0.0614,
2025/9/26,23:00,0:00,1.2403,0.0442,
2025/9/27,0:00,1:00,0.8938,0.0319,
2025/9/27,1:00,2:00,0.3872,0.0138,
2025/9/27,2:00,3:00,0.3181,0.0113,
2025/9/27,3:00,4:00,0.0348,0.0012,
2025/9/27,4:00,5:00,0.0442,0.0015,
2025/9/27,5:00,6:00,0.1077,0.0038,
2025/9/27,6:00,7:00,0.3884,0.0138,
2025/9/27,7:00,8:00,1.3656,0.0487,
2025/9/27,8:00,9:00,1.7073,0.0609,
2025/9/27,9:00,10:00,0.958,0.0342,
2025/9/27,10:00,11:00,0.6983,0.0249,
2025/9/27,11:00,12:00,0.5632,0.0201,
2025/9/27,12:00,13:00,0.29,0.0103,
2025/9/27,13:00,14:00,0.616,0.022,
2025/9/27,14:00,15:00,0.4688,0.0167,
2025/9/27,15:00,16:00,0.5061,0.018,
2025/9/27,16:00,17:00,0.5882,0.021,
2025/9/27,17:00,18:00,0.6353,0.0226,
2025/9/27,18:00,19:00,1.3603,0.0485,
2025/9/27,19:00,20:00,1.4039,0.0501,
2025/9/27,20:00,21:00,1.5575,0.0556,
2025/9/27,21:00,22:00,1.5716,0.0561,
2025/9/27,22:00,23:00,1.5617,0.0557,
2025/9/27,23:00,0:00,1.5238,0.0544,
2025/9/28,0:00,1:00,0.7436,0.0265,
2025/9/28,1:00,2:00,0.5701,0.0203,
2025/9/28,2:00,3:00,0.1957,0.0069,
2025/9/28,3:00,4:00,0.1269,0.0045,
2025/9/28,4:00,5:00,0.034,0.0012,
2025/9/28,5:00,6:00,0.028,0.001,
2025/9/28,6:00,7:00,0.189,0.0067,
2025/9/28,7:00,8:00,0.6253,0.0223,
2025/9/28,8:00,9:00,1.2737,0.0454,
2025/9/28,9:00,10:00,1.3692,0.0489,
2025/9/28,10:00,11:00,1.188,0.0424,
2025/9/28,11:00,12:00,1.254,0.0447,
2025/9/28,12:00,13:00,0.7733,0.0276,
2025/9/28,13:00,14:00,1.1907,0.0425,
2025/9/28,14:00,15:00,0.5833,0.0208,
2025/9/28,15:00,16:00,0.3922,0.014,
2025/9/28,16:00,17:00,0.5303,0.0189,
2025/9/28,17:00,18:00,1.0069,0.0359,
2025/9/28,18:00,19:00,1.6113,0.0575,
2025/9/28,19:00,20:00,2.3415,0.0836,
2025/9/28,20:00,21:00,2.0085,0.0717,
2025/9/28,21:00,22:00,2.114,0.0755,
2025/9/28,22:00,23:00,1.5804,0.0564,
2025/9/28,23:00,0:00,1.2389,0.0442,
2025/9/29,0:00,1:00,0.6716,0.0239,
2025/9/29,1:00,2:00,0.5102,0.0182,
2025/9/29,2:00,3:00,0.1653,0.0059,
2025/9/29,3:00,4:00,0.2303,0.0082,
2025/9/29,4:00,5:00,0.0515,0.0018,
2025/9/29,5:00,6:00,0.1211,0.0043,
2025/9/29,6:00,7:00,0.7033,0.0251,
2025/9/29,7:00,8:00,1.4083,0.0502,
2025/9/29,8:00,9:00,1.1479,0.0409,
2025/9/29,9:00,10:00,0.6283,0.0224,
2025/9/29,10:00,11:00,0.2603,0.0092,
2025/9/29,11:00,12:00,0.1704,0.006,
2025/9/29,12:00,13:00,0.2279,0.0081,
2025/9/29,13:00,14:00,0.276,0.0098,
2025/9/29,14:00,15:00,0.437,0.0156,
2025/9/29,15:00,16:00,0.4087,0.0145,
2025/9/29,16:00,17:00,0.6862,0.0245,
2025/9/29,17:00,18:00,1.2562,0.0448,
2025/9/29,18:00,19:00,1.708,0.061,
2025/9/29,19:00,20:00,1.8176,0.0649,
2025/9/29,20:00,21:00,1.6341,0.0583,
2025/9/29,21:00,22:00,2.1229,0.0758,
2025/9/29,22:00,23:00,1.3857,0.0494,
2025/9/29,23:00,0:00,0.761,0.0271,
2025/9/30,0:00,1:00,0.7083,0.0252,
2025/9/30,1:00,2:00,0.3658,0.013,
2025/9/30,2:00,3:00,0.6138,0.0219,
2025/9/30,3:00,4:00,0.2855,0.0101,
2025/9/30,4:00,5:00,0.0446,0.0015,
2025/9/30,5:00,6:00,0.117,0.0041,
2025/9/30,6:00,7:00,0.8063,0.0287,
2025/9/30,7:00,8:00,1.3897,0.0496,
2025/9/30,8:00,9:00,1.2793,0.0456,
2025/9/30,9:00,10:00,1.1439,0.0408,
2025/9/30,10:00,11:00,0.4093,0.0146,
2025/9/30,11:00,12:00,0.3263,0.0116,
2025/9/30,12:00,13:00,0.2117,0.0075,
2025/9/30,13:00,14:00,0.1976,0.007,
2025/9/30,14:00,15:00,0.4134,0.0147,
2025/9/30,15:00,16:00,0.3546,0.0126,
2025/9/30,16:00,17:00,0.5351,0.0191,
2025/9/30,17:00,18:00,1.2584,0.0449,
2025/9/30,18:00,19:00,1.2341,0.044,
2025/9/30,19:00,20:00,1.1818,0.0422,
2025/9/30,20:00,21:00,1.8935,0.0676,
2025/9/30,21:00,22:00,1.8339,0.0654,
2025/9/30,22:00,23:00,1.3147,0.0469,
2025/9/30,23:00,0:00,1.0816,0.0386,
2025/10/1,0:00,1:00,0.5834,0.0208,
2025/10/1,1:00,2:00,0.5048,0.018,
2025/10/1,2:00,3:00,0.2164,0.0077,
2025/10/1,3:00,4:00,0.2078,0.0074,
2025/10/1,4:00,5:00,0.0357,0.0012,
2025/10/1,5:00,6:00,0.0378,0.0013,
2025/10/1,6:00,7:00,0.5688,0.0203,
2025/10/1,7:00,8:00,1.2227,0.0436,
2025/10/1,8:00,9:00,0.8924,0.0318,
2025/10/1,9:00,10:00,0.836,0.0298,
2025/10/1,10:00,11:00,0.4956,0.0177,
2025/10/1,11:00,12:00,0.3216,0.0114,
2025/10/1,12:00,13:00,0.2864,0.0102,
2025/10/1,13:00,14:00,0.4106,0.0146,
2025/10/1,14:00,15:00,0.3865,0.0138,
2025/10/1,15:00,16:00,0.4436,0.0158,
2025/10/1,16:00,17:00,0.813,0.029,
2025/10/1,17:00,18:00,1.5019,0.0536,
2025/10/1,18:00,19:00,1.0858,0.0387,
2025/10/1,19:00,20:00,1.7934,0.064,
2025/10/1,20:00,21:00,1.6959,0.0605,
2025/10/1,21:00,22:00,1.9319,0.0689,
2025/10/1,22:00,23:00,1.176,0.042,
2025/10/1,23:00,0:00,0.505,0.018,
2025/10/2,0:00,1:00,0.5572,0.0199,
2025/10/2,1:00,2:00,0.4757,0.0169,
2025/10/2,2:00,3:00,0.2132,0.0076,
2025/10/2,3:00,4:00,0.3707,0.0132,
2025/10/2,4:00,5:00,0.1936,0.0069,
2025/10/2,5:00,6:00,0.1205,0.0043,
2025/10/2,6:00,7:00,0.7014,0.025,
2025/10/2,7:00,8:00,1.4528,0.0518,
2025/10/2,8:00,9:00,1.6306,0.0582,
2025/10/2,9:00,10:00,0.9477,0.0338,
2025/10/2,10:00,11:00,0.5139,0.0183,
2025/10/2,11:00,12:00,0.5228,0.0186,
2025/10/2,12:00,13:00,0.3379,0.012,
2025/10/2,13:00,14:00,0.3435,0.0122,
2025/10/2,14:00,15:00,0.3052,0.0109,
2025/10/2,15:00,16:00,0.6262,0.0223,
2025/10/2,16:00,17:00,0.539,0.0192,
2025/10/2,17:00,18:00,0.9917,0.0354,
2025/10/2,18:00,19:00,1.4039,0.0501,
2025/10/2,19:00,20:00,1.716,0.0612,
2025/10/2,20:00,21:00,1.6781,0.0599,
2025/10/2,21:00,22:00,2.0143,0.0719,
2025/10/2,22:00,23:00,1.2676,0.0452,
2025/10/2,23:00,0:00,0.944,0.0337,
2025/10/3,0:00,1:00,0.5205,0.0185,
2025/10/3,1:00,2:00,0.3444,0.0123,
2025/10/3,2:00,3:00,0.473,0.0168,
2025/10/3,3:00,4:00,0.0369,0.0013,
2025/10/3,4:00,5:00,0.0712,0.0025,
2025/10/3,5:00,6:00,0.2855,0.0101,
2025/10/3,6:00,7:00,0.7838,0.0279,
2025/10/3,7:00,8:00,1.008,0.036,
2025/10/3,8:00,9:00,1.1132,0.0397,
2025/10/3,9:00,10:00,1.1763,0.042,
2025/10/3,10:00,11:00,0.2109,0.0075,
2025/10/3,11:00,12:00,0.2372,0.0084,
2025/10/3,12:00,13:00,0.1345,0.0048,
2025/10/3,13:00,14:00,0.2401,0.0085,
2025/10/3,14:00,15:00,0.2677,0.0095,
2025/10/3,15:00,16:00,0.174,0.0062,
2025/10/3,16:00,17:00,0.3677,0.0131,
2025/10/3,17:00,18:00,1.4239,0.0508,
2025/10/3,18:00,19:00,1.7612,0.0629,
2025/10/3,19:00,20:00,1.4392,0.0514,
2025/10/3,20:00,21:00,1.4198,0.0507,
2025/10/3,21:00,22:00,2.0093,0.0717,
2025/10/3,22:00,23:00,1.2851,0.0458,
2025/10/3,23:00,0:00,1.5442,0.0551,
2025/10/4,0:00,1:00,0.6716,0.0239,
2025/10/4,1:00,2:00,0.4231,0.0151,
2025/10/4,2:00,3:00,0.5011,0.0178,
2025/10/4,3:00,4:00,0.0704,0.0025,
2025/10/4,4:00,5:00,0.0506,0.0018,
2025/10/4,5:00,6:00,0.2036,0.0072,
2025/10/4,6:00,7:00,0.5492,0.0196,
2025/10/4,7:00,8:00,0.8011,0.0286,
2025/10/4,8:00,9:00,1.2305,0.0439,
2025/10/4,9:00,10:00,1.3542,0.0483,
2025/10/4,10:00,11:00,1.1427,0.0408,
2025/10/4,11:00,12:00,0.9022,0.0322,
2025/10/4,12:00,13:00,0.7107,0.0253,
2025/10/4,13:00,14:00,0.6973,0.0249,
2025/10/4,14:00,15:00,0.8645,0.0308,
2025/10/4,15:00,16:00,0.6712,0.0239,
2025/10/4,16:00,17:00,0.8847,0.0315,
2025/10/4,17:00,18:00,0.9039,0.0322,
2025/10/4,18:00,19:00,1.1171,0.0398,
2025/10/4,19:00,20:00,1.3359,0.0477,
2025/10/4,20:00,21:00,1.3501,0.0482,
2025/10/4,21:00,22:00,2.027,0.0723,
2025/10/4,22:00,23:00,1.4773,0.0527,
2025/10/4,23:00,0:00,1.301,0.0464,
2025/10/5,0:00,1:00,0.6309,0.0225,
2025/10/5,1:00,2:00,0.2325,0.0083,
2025/10/5,2:00,3:00,0.3763,0.0134,
2025/10/5,3:00,4:00,0.0848,0.003,
2025/10/5,4:00,5:00,0.4904,0.0175,
2025/10/5,5:00,6:00,0.153,0.0054,
2025/10/5,6:00,7:00,0.1914,0.0068,
2025/10/5,7:00,8:00,0.6742,0.024,
2025/10/5,8:00,9:00,1.0854,0.0387,
2025/10/5,9:00,10:00,1.3664,0.0488,
2025/10/5,10:00,11:00,0.916,0.0327,
2025/10/5,11:00,12:00,0.973,0.0347,
2025/10/5,12:00,13:00,0.8696,0.031,
2025/10/5,13:00,14:00,0.4905,0.0175,
2025/10/5,14:00,15:00,1.0977,0.0392,
2025/10/5,15:00,16:00,0.4075,0.0145,
2025/10/5,16:00,17:00,0.4508,0.0161,
2025/10/5,17:00,18:00,1.0483,0.0374,
2025/10/5,18:00,19:00,1.6139,0.0576,
2025/10/5,19:00,20:00,2.0644,0.0737,
2025/10/5,20:00,21:00,1.7675,0.0631,
2025/10/5,21:00,22:00,1.6855,0.0601,
2025/10/5,22:00,23:00,1.8098,0.0646,
2025/10/5,23:00,0:00,0.9819,0.035,
2025/10/6,0:00,1:00,0.5783,0.0206,
2025/10/6,1:00,2:00,0.3229,0.0115,
2025/10/6,2:00,3:00,0.2507,0.0089,
2025/10/6,3:00,4:00,0.0681,0.0024,
2025/10/6,4:00,5:00,0.061,0.0021,
2025/10/6,5:00,6:00,0.3288,0.0117,
2025/10/6,6:00,7:00,0.642,0.0229,
2025/10/6,7:00,8:00,1.1847,0.0423,
2025/10/6,8:00,9:00,1.2908,0.0461,
2025/10/6,9:00,10:00,1.0738,0.0383,
2025/10/6,10:00,11:00,0.6397,0.0228,
2025/10/6,11:00,12:00,0.3209,0.0114,
2025/10/6,12:00,13:00,0.4094,0.0146,
2025/10/6,13:00,14:00,0.2078,0.0074,
2025/10/6,14:00,15:00,0.2654,0.0094,
2025/10/6,15:00,16:00,0.391,0.0139,
2025/10/6,16:00,17:00,0.8072,0.0288,
2025/10/6,17:00,18:00,1.0967,0.0391,
2025/10/6,18:00,19:00,1.9807,0.0707,
2025/10/6,19:00,20:00,1.2994,0.0464,
2025/10/6,20:00,21:00,2.5303,0.0903,
2025/10/6,21:00,22:00,2.0459,0.073,
2025/10/6,22:00,23:00,1.499,0.0535,
2025/10/6,23:00,0:00,1.4212,0.0507,
2025/10/7,0:00,1:00,0.4743,0.0169,
2025/10/7,1:00,2:00,0.1748,0.0062,
2025/10/7,2:00,3:00,0.2004,0.0071,
2025/10/7,3:00,4:00,0.0948,0.0033,
2025/10/7,4:00,5:00,0.077,0.0027,
2025/10/7,5:00,6:00,0.1087,0.0038,
2025/10/7,6:00,7:00,1.0467,0.0373,
2025/10/7,7:00,8:00,1.3187,0.047,
2025/10/7,8:00,9:00,0.9954,0.0355,
2025/10/7,9:00,10:00,0.8076,0.0288,
2025/10/7,10:00,11:00,0.5149,0.0183,
2025/10/7,11:00,12:00,0.1959,0.0069,
2025/10/7,12:00,13:00,0.2632,0.0094,
2025/10/7,13:00,14:00,0.479,0.0171,
2025/10/7,14:00,15:00,0.4967,0.0177,
2025/10/7,15:00,16:00,0.2878,0.0102,
2025/10/7,16:00,17:00,0.5563,0.0198,
2025/10/7,17:00,18:00,1.3244,0.0473,
2025/10/7,18:00,19:00,1.7488,0.0624,
2025/10/7,19:00,20:00,1.622,0.0579,
2025/10/7,20:00,21:00,2.1982,0.0785,
2025/10/7,21:00,22:00,1.9679,0.0702,
2025/10/7,22:00,23:00,1.4944,0.0533,
2025/10/7,23:00,0:00,1.0649,0.038,
2025/10/8,0:00,1:00,0.6461,0.023,
2025/10/8,1:00,2:00,0.5715,0.0204,
2025/10/8,2:00,3:00,0.1576,0.0056,
2025/10/8,3:00,4:00,0.0999,0.0035,
2025/10/8,4:00,5:00,0.2704,0.0096,
2025/10/8,5:00,6:00,0.3016,0.0107,
2025/10/8,6:00,7:00,1.062,0.0379,
2025/10/8,7:00,8:00,1.6563,0.0591,
2025/10/8,8:00,9:00,0.7887,0.0281,
2025/10/8,9:00,10:00,0.7566,0.027,
2025/10/8,10:00,11:00,0.4631,0.0165,
2025/10/8,11:00,12:00,0.4062,0.0145,
2025/10/8,12:00,13:00,0.3726,0.0133,
2025/10/8,13:00,14:00,0.3013,0.0107,
2025/10/8,14:00,15:00,0.3586,0.0128,
2025/10/8,15:00,16:00,0.3144,0.0112,
2025/10/8,16:00,17:00,0.5914,0.0211,
2025/10/8,17:00,18:00,1.356,0.0484,
2025/10/8,18:00,19:00,1.5768,0.0563,
2025/10/8,19:00,20:00,1.2105,0.0432,
2025/10/8,20:00,21:00,1.6168,0.0577,
2025/10/8,21:00,22:00,2.2379,0.0799,
2025/10/8,22:00,23:00,1.2388,0.0442,
2025/10/8,23:00,0:00,1.5124,0.054,
2025/10/9,0:00,1:00,0.887,0.0316,
2025/10/9,1:00,2:00,0.662,0.0236,
2025/10/9,2:00,3:00,0.1657,0.0059,
2025/10/9,3:00,4:00,0.0503,0.0017,
2025/10/9,4:00,5:00,0.1108,0.0039,
2025/10/9,5:00,6:00,0.3735,0.0133,
2025/10/9,6:00,7:00,0.5509,0.0196,
2025/10/9,7:00,8:00,1.1322,0.0404,
2025/10/9,8:00,9:00,1.5928,0.0568,
2025/10/9,9:00,10:00,0.6892,0.0246,
2025/10/9,10:00,11:00,0.4646,0.0165,
2025/10/9,11:00,12:00,0.3413,0.0121,
2025/10/9,12:00,13:00,0.3596,0.0128,
2025/10/9,13:00,14:00,0.5455,0.0194,
2025/10/9,14:00,15:00,0.268,0.0095,
2025/10/9,15:00,16:00,0.5133,0.0183,
2025/10/9,16:00,17:00,0.7124,0.0254,
2025/10/9,17:00,18:00,1.0845,0.0387,
2025/10/9,18:00,19:00,1.6918,0.0604,
2025/10/9,19:00,20:00,1.8966,0.0677,
2025/10/9,20:00,21:00,1.7037,0.0608,
2025/10/9,21:00,22:00,1.7516,0.0625,
2025/10/9,22:00,23:00,1.5577,0.0556,
2025/10/9,23:00,0:00,0.6131,0.0218,
2025/10/10,0:00,1:00,0.9764,0.0348,
2025/10/10,1:00,2:00,0.3101,0.011,
2025/10/10,2:00,3:00,0.2222,0.0079,
2025/10/10,3:00,4:00,0.2263,0.008,
2025/10/10,4:00,5:00,0.1189,0.0042,
2025/10/10,5:00,6:00,0.2197,0.0078,
2025/10/10,6:00,7:00,0.7595,0.0271,
2025/10/10,7:00,8:00,1.2347,0.044,
2025/10/10,8:00,9:00,1.3933,0.0497,
2025/10/10,9:00,10:00,0.554,0.0197,
2025/10/10,10:00,11:00,0.182,0.0065,
2025/10/10,11:00,12:00,0.26,0.0092,
2025/10/10,12:00,13:00,0.418,0.0149,
2025/10/10,13:00,14:00,0.4115,0.0146,
2025/10/10,14:00,15:00,0.3893,0.0139,
2025/10/10,15:00,16:00,0.391,0.0139,
2025/10/10,16:00,17:00,0.5912,0.0211,
2025/10/10,17:00,18:00,0.802,0.0286,
2025/10/10,18:00,19:00,1.5656,0.0559,
2025/10/10,19:00,20:00,1.5783,0.0563,
2025/10/10,20:00,21:00,1.5832,0.0565,
2025/10/10,21:00,22:00,2.3547,0.084,
2025/10/10,22:00,23:00,1.532,0.0547,
2025/10/10,23:00,0:00,0.7298,0.026,
2025/10/11,0:00,1:00,1.056,0.0377,
2025/10/11,1:00,2:00,0.6765,0.0241,
2025/10/11,2:00,3:00,0.1769,0.0063,
2025/10/11,3:00,4:00,0.1657,0.0059,
2025/10/11,4:00,5:00,0.1251,0.0044,
2025/10/11,5:00,6:00,0.2325,0.0083,
2025/10/11,6:00,7:00,0.5339,0.019,
2025/10/11,7:00,8:00,0.7305,0.026,
2025/10/11,8:00,9:00,0.8659,0.0309,
2025/10/11,9:00,10:00,0.779,0.0278,
2025/10/11,10:00,11:00,1.3149,0.0469,
2025/10/11,11:00,12:00,0.697,0.0248,
2025/10/11,12:00,13:00,0.5011,0.0178,
2025/10/11,13:00,14:00,0.5783,0.0206,
2025/10/11,14:00,15:00,0.5606,0.02,
2025/10/11,15:00,16:00,0.6771,0.0241,
2025/10/11,16:00,17:00,0.9142,0.0326,
2025/10/11,17:00,18:00,1.0069,0.0359,
2025/10/11,18:00,19:00,1.4281,0.051,
2025/10/11,19:00,20:00,1.6863,0.0602,
2025/10/11,20:00,21:00,1.0345,0.0369,
2025/10/11,21:00,22:00,2.4533,0.0876,
2025/10/11,22:00,23:00,1.1834,0.0422,
2025/10/11,23:00,0:00,1.3276,0.0474,
2025/10/12,0:00,1:00,0.6642,0.0237,
2025/10/12,1:00,2:00,0.5306,0.0189,
2025/10/12,2:00,3:00,0.1567,0.0055,
2025/10/12,3:00,4:00,0.0457,0.0016,
2025/10/12,4:00,5:00,0.0464,0.0016,
2025/10/12,5:00,6:00,0.0713,0.0025,
2025/10/12,6:00,7:00,0.3375,0.012,
2025/10/12,7:00,8:00,0.9718,0.0347,
2025/10/12,8:00,9:00,1.5795,0.0564,
2025/10/12,9:00,10:00,1.405,0.0501,
2025/10/12,10:00,11:00,1.1292,0.0403,
2025/10/12,11:00,12:00,0.7592,0.0271,
2025/10/12,12:00,13:00,0.7465,0.0266,
2025/10/12,13:00,14:00,0.486,0.0173,
2025/10/12,14:00,15:00,0.7665,0.0273,
2025/10/12,15:00,16:00,0.4047,0.0144,
2025/10/12,16:00,17:00,1.0034,0.0358,
2025/10/12,17:00,18:00,1.0746,0.0383,
2025/10/12,18:00,19:00,1.2717,0.0454,
2025/10/12,19:00,20:00,0.8698,0.031,
2025/10/12,20:00,21:00,1.2721,0.0454,
2025/10/12,21:00,22:00,2.1179,0.0756,
2025/10/12,22:00,23:00,1.1646,0.0415,
2025/10/12,23:00,0:00,1.1365,0.0405,
2025/10/13,0:00,1:00,0.7704,0.0275,
2025/10/13,1:00,2:00,0.2185,0.0078,
2025/10/13,2:00,3:00,0.0722,0.0025,
2025/10/13,3:00,4:00,0.0164,0.0005,
2025/10/13,4:00,5:00,0.027,0.0009,
2025/10/13,5:00,6:00,0.0314,0.0011,
2025/10/13,6:00,7:00,0.2243,0.008,
2025/10/13,7:00,8:00,0.9386,0.0335,
2025/10/13,8:00,9:00,1.1452,0.0409,
2025/10/13,9:00,10:00,1.5228,0.0543,
2025/10/13,10:00,11:00,1.3079,0.0467,
2025/10/13,11:00,12:00,1.3449,0.048,
2025/10/13,12:00,13:00,0.8924,0.0318,
2025/10/13,13:00,14:00,0.4733,0.0169,
2025/10/13,14:00,15:00,0.7755,0.0276,
2025/10/13,15:00,16:00,0.4454,0.0159,
2025/10/13,16:00,17:00,0.8448,0.0301,
2025/10/13,17:00,18:00,1.4802,0.0528,
2025/10/13,18:00,19:00,1.3486,0.0481,
2025/10/13,19:00,20:00,1.1782,0.042,
2025/10/13,20:00,21:00,2.8536,0.1019,
2025/10/13,21:00,22:00,2.3739,0.0847,
2025/10/13,22:00,23:00,1.3608,0.0486,
2025/10/13,23:00,0:00,1.2176,0.0434,
2025/10/14,0:00,1:00,0.6226,0.0222,
2025/10/14,1:00,2:00,0.4084,0.0145,
2025/10/14,2:00,3:00,0.2454,0.0087,
2025/10/14,3:00,4:00,0.1576,0.0056,
2025/10/14,4:00,5:00,0.0454,0.0016,
2025/10/14,5:00,6:00,0.2271,0.0081,
2025/10/14,6:00,7:00,0.8453,0.0301,
2025/10/14,7:00,8:00,1.241,0.0443,
2025/10/14,8:00,9:00,1.3916,0.0497,
2025/10/14,9:00,10:00,0.6154,0.0219,
2025/10/14,10:00,11:00,0.3721,0.0132,
2025/10/14,11:00,12:00,0.2625,0.0093,
2025/10/14,12:00,13:00,0.3024,0.0108,
2025/10/14,13:00,14:00,0.3801,0.0135,
2025/10/14,14:00,15:00,0.2236,0.0079,
2025/10/14,15:00,16:00,0.229,0.0081,
2025/10/14,16:00,17:00,0.4991,0.0178,
2025/10/14,17:00,18:00,1.155,0.0412,
2025/10/14,18:00,19:00,1.4608,0.0521,
2025/10/14,19:00,20:00,2.0083,0.0717,
2025/10/14,20:00,21:00,2.3121,0.0825,
2025/10/14,21:00,22:00,1.1828,0.0422,
2025/10/14,22:00,23:00,1.2998,0.0464,
2025/10/14,23:00,0:00,1.2934,0.0461,
2025/10/15,0:00,1:00,0.3492,0.0124,
2025/10/15,1:00,2:00,0.4033,0.0144,
2025/10/15,2:00,3:00,0.2068,0.0073,
2025/10/15,3:00,4:00,0.3304,0.0118,
2025/10/15,4:00,5:00,0.0424,0.0015,
2025/10/15,5:00,6:00,0.0932,0.0033,
2025/10/15,6:00,7:00,0.7257,0.0259,
2025/10/15,7:00,8:00,1.2432,0.0444,
2025/10/15,8:00,9:00,1.1739,0.0419,
2025/10/15,9:00,10:00,0.7901,0.0282,
2025/10/15,10:00,11:00,0.2708,0.0096,
2025/10/15,11:00,12:00,0.2673,0.0095,
2025/10/15,12:00,13:00,0.2421,0.0086,
2025/10/15,13:00,14:00,0.2784,0.0099,
2025/10/15,14:00,15:00,0.2644,0.0094,
2025/10/15,15:00,16:00,0.2637,0.0094,
2025/10/15,16:00,17:00,0.5662,0.0202,
2025/10/15,17:00,18:00,0.9911,0.0353,
2025/10/15,18:00,19:00,1.731,0.0618,
2025/10/15,19:00,20:00,1.2676,0.0452,
2025/10/15,20:00,21:00,1.7023,0.0607,
2025/10/15,21:00,22:00,2.1394,0.0764,
2025/10/15,22:00,23:00,1.6473,0.0588,
2025/10/15,23:00,0:00,1.5165,0.0541,
2025/10/16,0:00,1:00,0.7831,0.0279,
2025/10/16,1:00,2:00,0.3387,0.012,
2025/10/16,2:00,3:00,0.1886,0.0067,
2025/10/16,3:00,4:00,0.2189,0.0078,
2025/10/16,4:00,5:00,0.0182,0.0006,
2025/10/16,5:00,6:00,0.1797,0.0064,
2025/10/16,6:00,7:00,0.7436,0.0265,
2025/10/16,7:00,8:00,1.0962,0.0391,
2025/10/16,8:00,9:00,1.2326,0.044,
2025/10/16,9:00,10:00,0.6347,0.0226,
2025/10/16,10:00,11:00,0.4371,0.0156,
2025/10/16,11:00,12:00,0.1882,0.0067,
2025/10/16,12:00,13:00,0.3653,0.013,
2025/10/16,13:00,14:00,0.3466,0.0123,
2025/10/16,14:00,15:00,0.3284,0.0117,
2025/10/16,15:00,16:00,0.3656,0.013,
2025/10/16,16:00,17:00,0.5929,0.0211,
2025/10/16,17:00,18:00,1.331,0.0475,
2025/10/16,18:00,19:00,1.8798,0.0671,
2025/10/16,19:00,20:00,2.0002,0.0714,
2025/10/16,20:00,21:00,1.8263,0.0652,
2025/10/16,21:00,22:00,2.1458,0.0766,
2025/10/16,22:00,23:00,1.7346,0.0619,
2025/10/16,23:00,0:00,1.0532,0.0376,
2025/10/17,0:00,1:00,0.4118,0.0147,
2025/10/17,1:00,2:00,0.3251,0.0116,
2025/10/17,2:00,3:00,0.0818,0.0029,
2025/10/17,3:00,4:00,0.061,0.0021,
2025/10/17,4:00,5:00,0.3363,0.012,
2025/10/17,5:00,6:00,0.4076,0.0145,
2025/10/17,6:00,7:00,0.6323,0.0225,
2025/10/17,7:00,8:00,1.5075,0.0538,
2025/10/17,8:00,9:00,1.6933,0.0604,
2025/10/17,9:00,10:00,0.8147,0.029,
2025/10/17,10:00,11:00,0.5719,0.0204,
2025/10/17,11:00,12:00,0.3191,0.0113,
2025/10/17,12:00,13:00,0.1771,0.0063,
2025/10/17,13:00,14:00,0.349,0.0124,
2025/10/17,14:00,15:00,0.2066,0.0073,
2025/10/17,15:00,16:00,0.3943,0.014,
2025/10/17,16:00,17:00,0.6592,0.0235,
2025/10/17,17:00,18:00,0.9236,0.0329,
2025/10/17,18:00,19:00,1.9197,0.0685,
2025/10/17,19:00,20:00,1.0248,0.0366,
2025/10/17,20:00,21:00,1.6382,0.0585,
2025/10/17,21:00,22:00,1.7104,0.061,
2025/10/17,22:00,23:00,1.7167,0.0613,
2025/10/17,23:00,0:00,1.2742,0.0455,
2025/10/18,0:00,1:00,0.7172,0.0256,
2025/10/18,1:00,2:00,0.3959,0.0141,
2025/10/18,2:00,3:00,0.4592,0.0164,
2025/10/18,3:00,4:00,0.2962,0.0105,
2025/10/18,4:00,5:00,0.0427,0.0015,
2025/10/18,5:00,6:00,0.0811,0.0028,
2025/10/18,6:00,7:00,0.3413,0.0121,
2025/10/18,7:00,8:00,1.1038,0.0394,
2025/10/18,8:00,9:00,1.1455,0.0409,
2025/10/18,9:00,10:00,1.3837,0.0494,
2025/10/18,10:00,11:00,1.1643,0.0415,
2025/10/18,11:00,12:00,0.493,0.0176,
2025/10/18,12:00,13:00,0.5188,0.0185,
2025/10/18,13:00,14:00,0.4544,0.0162,
2025/10/18,14:00,15:00,0.4551,0.0162,
2025/10/18,15:00,16:00,0.4432,0.0158,
2025/10/18,16:00,17:00,0.7905,0.0282,
2025/10/18,17:00,18:00,1.0925,0.039,
2025/10/18,18:00,19:00,1.8605,0.0664,
2025/10/18,19:00,20:00,1.2102,0.0432,
2025/10/18,20:00,21:00,1.3408,0.0478,
2025/10/18,21:00,22:00,1.6479,0.0588,
2025/10/18,22:00,23:00,1.6135,0.0576,
2025/10/18,23:00,0:00,1.0226,0.0365,
2025/10/19,0:00,1:00,0.873,0.0311,
2025/10/19,1:00,2:00,0.1266,0.0045,
2025/10/19,2:00,3:00,0.1321,0.0047,
2025/10/19,3:00,4:00,0.3975,0.0141,
2025/10/19,4:00,5:00,0.0926,0.0033,
2025/10/19,5:00,6:00,0.0293,0.001,
2025/10/19,6:00,7:00,0.291,0.0103,
2025/10/19,7:00,8:00,0.8175,0.0291,
2025/10/19,8:00,9:00,1.1495,0.041,
2025/10/19,9:00,10:00,1.5343,0.0547,
2025/10/19,10:00,11:00,1.1655,0.0416,
2025/10/19,11:00,12:00,0.6882,0.0245,
2025/10/19,12:00,13:00,0.5373,0.0191,
2025/10/19,13:00,14:00,0.5455,0.0194,
2025/10/19,14:00,15:00,0.558,0.0199,
2025/10/19,15:00,16:00,0.5282,0.0188,
2025/10/19,16:00,17:00,0.7631,0.0272,
2025/10/19,17:00,18:00,1.3334,0.0476,
2025/10/19,18:00,19:00,2.479,0.0885,
2025/10/19,19:00,20:00,2.1975,0.0784,
2025/10/19,20:00,21:00,1.5665,0.0559,
2025/10/19,21:00,22:00,3.0583,0.1092,
2025/10/19,22:00,23:00,1.7186,0.0613,
2025/10/19,23:00,0:00,1.2303,0.0439,
2025/10/20,0:00,1:00,0.4761,0.017,
2025/10/20,1:00,2:00,0.2422,0.0086,
2025/10/20,2:00,3:00,0.1752,0.0062,
2025/10/20,3:00,4:00,0.0156,0.0005,
2025/10/20,4:00,5:00,0.0331,0.0011,
2025/10/20,5:00,6:00,0.0589,0.0021,
2025/10/20,6:00,7:00,0.8747,0.0312,
2025/10/20,7:00,8:00,1.188,0.0424,
2025/10/20,8:00,9:00,1.0151,0.0362,
2025/10/20,9:00,10:00,0.9463,0.0337,
2025/10/20,10:00,11:00,0.7758,0.0277,
2025/10/20,11:00,12:00,0.586,0.0209,
2025/10/20,12:00,13:00,0.4811,0.0171,
2025/10/20,13:00,14:00,0.4443,0.0158,
2025/10/20,14:00,15:00,0.2892,0.0103,
2025/10/20,15:00,16:00,0.3769,0.0134,
2025/10/20,16:00,17:00,0.5748,0.0205,
2025/10/20,17:00,18:00,1.6945,0.0605,
2025/10/20,18:00,19:00,1.7236,0.0615,
2025/10/20,19:00,20:00,1.6474,0.0588,
2025/10/20,20:00,21:00,1.5699,0.056,
2025/10/20,21:00,22:00,2.3172,0.0827,
2025/10/20,22:00,23:00,1.6577,0.0592,
2025/10/20,23:00,0:00,0.816,0.0291,
2025/10/21,0:00,1:00,0.714,0.0255,
2025/10/21,1:00,2:00,0.5204,0.0185,
2025/10/21,2:00,3:00,0.2509,0.0089,
2025/10/21,3:00,4:00,0.2888,0.0103,
2025/10/21,4:00,5:00,0.1324,0.0047,
2025/10/21,5:00,6:00,0.1939,0.0069,
2025/10/21,6:00,7:00,0.8525,0.0304,
2025/10/21,7:00,8:00,1.4891,0.0531,
2025/10/21,8:00,9:00,1.1156,0.0398,
2025/10/21,9:00,10:00,1.1158,0.0398,
2025/10/21,10:00,11:00,0.5872,0.0209,
2025/10/21,11:00,12:00,0.6059,0.0216,
2025/10/21,12:00,13:00,0.3821,0.0136,
2025/10/21,13:00,14:00,0.3215,0.0114,
2025/10/21,14:00,15:00,0.3313,0.0118,
2025/10/21,15:00,16:00,0.4237,0.0151,
2025/10/21,16:00,17:00,0.6624,0.0236,
2025/10/21,17:00,18:00,1.1619,0.0414,
2025/10/21,18:00,19:00,0.9403,0.0335,
2025/10/21,19:00,20:00,2.2351,0.0798,
2025/10/21,20:00,21:00,2.4233,0.0865,
2025/10/21,21:00,22:00,2.1664,0.0773,
2025/10/21,22:00,23:00,1.8849,0.0673,
2025/10/21,23:00,0:00,1.3375,0.0477,
2025/10/22,0:00,1:00,0.6817,0.0243,
2025/10/22,1:00,2:00,0.6116,0.0218,
2025/10/22,2:00,3:00,0.2964,0.0105,
2025/10/22,3:00,4:00,0.1083,0.0038,
2025/10/22,4:00,5:00,0.0853,0.003,
2025/10/22,5:00,6:00,0.3586,0.0128,
2025/10/22,6:00,7:00,0.6809,0.0243,
2025/10/22,7:00,8:00,1.1541,0.0412,
2025/10/22,8:00,9:00,0.7899,0.0282,
2025/10/22,9:00,10:00,0.9992,0.0356,
2025/10/22,10:00,11:00,0.5549,0.0198,
2025/10/22,11:00,12:00,0.5184,0.0185,
2025/10/22,12:00,13:00,0.2478,0.0088,
2025/10/22,13:00,14:00,0.3687,0.0131,
2025/10/22,14:00,15:00,0.3083,0.011,
2025/10/22,15:00,16:00,0.5769,0.0206,
2025/10/22,16:00,17:00,0.9779,0.0349,
2025/10/22,17:00,18:00,1.3275,0.0474,
2025/10/22,18:00,19:00,2.1063,0.0752,
2025/10/22,19:00,20:00,2.2115,0.0789,
2025/10/22,20:00,21:00,2.0581,0.0735,
2025/10/22,21:00,22:00,2.5253,0.0901,
2025/10/22,22:00,23:00,1.319,0.0471,
2025/10/22,23:00,0:00,1.3642,0.0487,
2025/10/23,0:00,1:00,0.6893,0.0246,
2025/10/23,1:00,2:00,0.4531,0.0161,
2025/10/23,2:00,3:00,0.4276,0.0152,
2025/10/23,3:00,4:00,0.1761,0.0062,
2025/10/23,4:00,5:00,0.1183,0.0042,
2025/10/23,5:00,6:00,0.3066,0.0109,
2025/10/23,6:00,7:00,0.8283,0.0295,
2025/10/23,7:00,8:00,1.2253,0.0437,
2025/10/23,8:00,9:00,1.1432,0.0408,
2025/10/23,9:00,10:00,0.6315,0.0225,
2025/10/23,10:00,11:00,0.4659,0.0166,
2025/10/23,11:00,12:00,0.2498,0.0089,
2025/10/23,12:00,13:00,0.1907,0.0068,
2025/10/23,13:00,14:00,0.1847,0.0065,
2025/10/23,14:00,15:00,0.3627,0.0129,
2025/10/23,15:00,16:00,0.2006,0.0071,
2025/10/23,16:00,17:00,1.2239,0.0437,
2025/10/23,17:00,18:00,1.5425,0.055,
2025/10/23,18:00,19:00,2.661,0.095,
2025/10/23,19:00,20:00,1.7726,0.0633,
2025/10/23,20:00,21:00,1.4612,0.0521,
2025/10/23,21:00,22:00,1.6716,0.0597,
2025/10/23,22:00,23:00,1.974,0.0705,
2025/10/23,23:00,0:00,1.527,0.0545,
2025/10/24,0:00,1:00,0.4701,0.0167,
2025/10/24,1:00,2:00,0.4465,0.0159,
2025/10/24,2:00,3:00,0.2798,0.0099,
2025/10/24,3:00,4:00,0.0985,0.0035,
2025/10/24,4:00,5:00,0.1854,0.0066,
2025/10/24,5:00,6:00,0.2063,0.0073,
2025/10/24,6:00,7:00,0.6748,0.0241,
2025/10/24,7:00,8:00,1.0967,0.0391,
2025/10/24,8:00,9:00,1.6502,0.0589,
2025/10/24,9:00,10:00,0.8698,0.031,
2025/10/24,10:00,11:00,0.3545,0.0126,
2025/10/24,11:00,12:00,0.2436,0.0087,
2025/10/24,12:00,13:00,0.1642,0.0058,
2025/10/24,13:00,14:00,0.2416,0.0086,
2025/10/24,14:00,15:00,0.5185,0.0185,
2025/10/24,15:00,16:00,0.8445,0.0301,
2025/10/24,16:00,17:00,0.7996,0.0285,
2025/10/24,17:00,18:00,1.2727,0.0454,
2025/10/24,18:00,19:00,1.6259,0.058,
2025/10/24,19:00,20:00,1.8674,0.0666,
2025/10/24,20:00,21:00,1.4847,0.053,
2025/10/24,21:00,22:00,2.9083,0.1038,
2025/10/24,22:00,23:00,1.5885,0.0567,
2025/10/24,23:00,0:00,1.3782,0.0492,
2025/10/25,0:00,1:00,1.1002,0.0392,
2025/10/25,1:00,2:00,0.331,0.0118,
2025/10/25,2:00,3:00,0.4574,0.0163,
2025/10/25,3:00,4:00,0.1067,0.0038,
2025/10/25,4:00,5:00,0.0937,0.0033,
2025/10/25,5:00,6:00,0.2241,0.008,
2025/10/25,6:00,7:00,0.6492,0.0231,
2025/10/25,7:00,8:00,1.2201,0.0435,
2025/10/25,8:00,9:00,1.6266,0.058,
2025/10/25,9:00,10:00,1.0009,0.0357,
2025/10/25,10:00,11:00,0.9415,0.0336,
2025/10/25,11:00,12:00,0.5634,0.0201,
2025/10/25,12:00,13:00,0.9465,0.0338,
2025/10/25,13:00,14:00,0.7426,0.0265,
2025/10/25,14:00,15:00,0.6623,0.0236,
2025/10/25,15:00,16:00,0.4222,0.015,
2025/10/25,16:00,17:00,0.5748,0.0205,
2025/10/25,17:00,18:00,1.226,0.0437,
2025/10/25,18:00,19:00,1.8287,0.0653,
2025/10/25,19:00,20:00,1.5525,0.0554,
2025/10/25,20:00,21:00,2.0982,0.0749,
2025/10/25,21:00,22:00,1.701,0.0607,
2025/10/25,22:00,23:00,1.5334,0.0547,
2025/10/25,23:00,0:00,1.9066,0.068,
2025/10/26,0:00,1:00,0.9412,0.0336,
2025/10/26,1:00,2:00,0.5093,0.0181,
2025/10/26,2:00,3:00,0.3417,0.0122,
2025/10/26,3:00,4:00,0.0857,0.003,
2025/10/26,4:00,5:00,0.0967,0.0034,
2025/10/26,5:00,6:00,0.0966,0.0034,
2025/10/26,6:00,7:00,0.1555,0.0055,
2025/10/26,7:00,8:00,0.6381,0.0227,
2025/10/26,8:00,9:00,1.6596,0.0592,
2025/10/26,9:00,10:00,1.6475,0.0588,
2025/10/26,10:00,11:00,0.8357,0.0298,
2025/10/26,11:00,12:00,0.4859,0.0173,
2025/10/26,12:00,13:00,0.6134,0.0219,
2025/10/26,13:00,14:00,0.8663,0.0309,
2025/10/26,14:00,15:00,0.5267,0.0188,
2025/10/26,15:00,16:00,0.5829,0.0208,
2025/10/26,16:00,17:00,0.9132,0.0326,
2025/10/26,17:00,18:00,2.0796,0.0742,
2025/10/26,18:00,19:00,1.5554,0.0555,
2025/10/26,19:00,20:00,2.6238,0.0937,
2025/10/26,20:00,21:00,2.7908,0.0996,
2025/10/26,21:00,22:00,1.9956,0.0712,
2025/10/26,22:00,23:00,1.1733,0.0419,
2025/10/26,23:00,0:00,0.7882,0.0281,
2025/10/27,0:00,1:00,0.7669,0.0273,
2025/10/27,1:00,2:00,0.4092,0.0146,
2025/10/27,2:00,3:00,0.3883,0.0138,
2025/10/27,3:00,4:00,0.2082,0.0074,
2025/10/27,4:00,5:00,0.0816,0.0029,
2025/10/27,5:00,6:00,0.1684,0.006,
2025/10/27,6:00,7:00,0.9255,0.033,
2025/10/27,7:00,8:00,1.1745,0.0419,
2025/10/27,8:00,9:00,1.169,0.0417,
2025/10/27,9:00,10:00,1.4095,0.0503,
2025/10/27,10:00,11:00,0.8193,0.0292,
2025/10/27,11:00,12:00,0.4654,0.0166,
2025/10/27,12:00,13:00,0.5313,0.0189,
2025/10/27,13:00,14:00,0.5496,0.0196,
2025/10/27,14:00,15:00,0.4456,0.0159,
2025/10/27,15:00,16:00,0.3098,0.011,
2025/10/27,16:00,17:00,0.4865,0.0173,
2025/10/27,17:00,18:00,1.669,0.0596,
2025/10/27,18:00,19:00,1.199,0.0428,
2025/10/27,19:00,20:00,2.1131,0.0754,
2025/10/27,20:00,21:00,1.6621,0.0593,
2025/10/27,21:00,22:00,2.2333,0.0797,
2025/10/27,22:00,23:00,1.6554,0.0591,
2025/10/27,23:00,0:00,1.4791,0.0528,
2025/10/28,0:00,1:00,0.5577,0.0199,
2025/10/28,1:00,2:00,0.5486,0.0195,
2025/10/28,2:00,3:00,0.46,0.0164,
2025/10/28,3:00,4:00,0.1057,0.0037,
2025/10/28,4:00,5:00,0.0351,0.0012,
2025/10/28,5:00,6:00,0.2682,0.0095,
2025/10/28,6:00,7:00,1.0423,0.0372,
2025/10/28,7:00,8:00,1.1949,0.0426,
2025/10/28,8:00,9:00,1.2123,0.0432,
2025/10/28,9:00,10:00,0.8178,0.0292,
2025/10/28,10:00,11:00,0.3532,0.0126,
2025/10/28,11:00,12:00,0.2811,0.01,
2025/10/28,12:00,13:00,0.4478,0.0159,
2025/10/28,13:00,14:00,0.1705,0.006,
2025/10/28,14:00,15:00,0.3576,0.0127,
2025/10/28,15:00,16:00,0.4782,0.017,
2025/10/28,16:00,17:00,0.8888,0.0317,
2025/10/28,17:00,18:00,1.5041,0.0537,
2025/10/28,18:00,19:00,1.5243,0.0544,
2025/10/28,19:00,20:00,2.3506,0.0839,
2025/10/28,20:00,21:00,1.5712,0.0561,
2025/10/28,21:00,22:00,1.8644,0.0665,
2025/10/28,22:00,23:00,1.4936,0.0533,
2025/10/28,23:00,0:00,1.2226,0.0436,
2025/10/29,0:00,1:00,0.7794,0.0278,
2025/10/29,1:00,2:00,0.351,0.0125,
2025/10/29,2:00,3:00,0.2199,0.0078,
2025/10/29,3:00,4:00,0.111,0.0039,
2025/10/29,4:00,5:00,0.1183,0.0042,
2025/10/29,5:00,6:00,0.4148,0.0148,
2025/10/29,6:00,7:00,1.0062,0.0359,
2025/10/29,7:00,8:00,1.4256,0.0509,
2025/10/29,8:00,9:00,1.2059,0.043,
2025/10/29,9:00,10:00,1.1768,0.042,
2025/10/29,10:00,11:00,0.3225,0.0115,
2025/10/29,11:00,12:00,0.2739,0.0097,
2025/10/29,12:00,13:00,0.2849,0.0101,
2025/10/29,13:00,14:00,0.1985,0.007,
2025/10/29,14:00,15:00,0.3243,0.0115,
2025/10/29,15:00,16:00,0.5622,0.02,
2025/10/29,16:00,17:00,0.652,0.0232,
2025/10/29,17:00,18:00,1.4541,0.0519,
2025/10/29,18:00,19:00,1.4833,0.0529,
2025/10/29,19:00,20:00,2.1913,0.0782,
2025/10/29,20:00,21:00,2.0414,0.0729,
2025/10/29,21:00,22:00,1.5448,0.0551,
2025/10/29,22:00,23:00,1.4565,0.052,
2025/10/29,23:00,0:00,1.0734,0.0383,
2025/10/30,0:00,1:00,0.6586,0.0235,
2025/10/30,1:00,2:00,0.4365,0.0155,
2025/10/30,2:00,3:00,0.224,0.008,
2025/10/30,3:00,4:00,0.0723,0.0025,
2025/10/30,4:00,5:00,0.0991,0.0035,
2025/10/30,5:00,6:00,0.2525,0.009,
2025/10/30,6:00,7:00,0.5772,0.0206,
2025/10/30,7:00,8:00,1.2233,0.0436,
2025/10/30,8:00,9:00,1.6063,0.0573,
2025/10/30,9:00,10:00,1.1588,0.0413,
2025/10/30,10:00,11:00,0.4505,0.016,
2025/10/30,11:00,12:00,0.2516,0.0089,
2025/10/30,12:00,13:00,0.4269,0.0152,
2025/10/30,13:00,14:00,0.2619,0.0093,
2025/10/30,14:00,15:00,0.2872,0.0102,
2025/10/30,15:00,16:00,0.6611,0.0236,
2025/10/30,16:00,17:00,0.6462,0.023,
2025/10/30,17:00,18:00,1.589,0.0567,
2025/10/30,18:00,19:00,1.5351,0.0548,
2025/10/30,19:00,20:00,1.4777,0.0527,
2025/10/30,20:00,21:00,2.1697,0.0774,
2025/10/30,21:00,22:00,1.7556,0.0627,
2025/10/30,22:00,23:00,1.3956,0.0498,
2025/10/30,23:00,0:00,0.9389,0.0335,
2025/10/31,0:00,1:00,0.7049,0.0251,
2025/10/31,1:00,2:00,0.7855,0.028,
2025/10/31,2:00,3:00,0.2053,0.0073,
2025/10/31,3:00,4:00,0.1913,0.0068,
2025/10/31,4:00,5:00,0.0921,0.0032,
2025/10/31,5:00,6:00,0.2363,0.0084,
2025/10/31,6:00,7:00,0.6238,0.0222,
2025/10/31,7:00,8:00,1.0122,0.0361,
2025/10/31,8:00,9:00,1.5493,0.0553,
2025/10/31,9:00,10:00,0.9743,0.0347,
2025/10/31,10:00,11:00,0.6459,0.023,
2025/10/31,11:00,12:00,0.2463,0.0087,
2025/10/31,12:00,13:00,0.3575,0.0127,
2025/10/31,13:00,14:00,0.3362,0.012,
2025/10/31,14:00,15:00,0.246,0.0087,
2025/10/31,15:00,16:00,0.2752,0.0098,
2025/10/31,16:00,17:00,0.5862,0.0209,
2025/10/31,17:00,18:00,1.2691,0.0453,
2025/10/31,18:00,19:00,1.5134,0.054,
2025/10/31,19:00,20:00,1.4113,0.0504,
2025/10/31,20:00,21:00,1.3201,0.0471,
2025/10/31,21:00,22:00,1.6131,0.0576,
2025/10/31,22:00,23:00,1.4902,0.0532,
2025/10/31,23:00,0:00,1.2127,0.0433,
2025/11/1,0:00,1:00,0.859,0.0306,
2025/11/1,1:00,2:00,0.2794,0.0099,
2025/11/1,2:00,3:00,0.1096,0.0039,
2025/11/1,3:00,4:00,0.0365,0.0013,
2025/11/1,4:00,5:00,0.1428,0.0051,
2025/11/1,5:00,6:00,0.3227,0.0115,
2025/11/1,6:00,7:00,0.4202,0.015,
2025/11/1,7:00,8:00,0.5537,0.0197,
2025/11/1,8:00,9:00,1.0427,0.0372,
2025/11/1,9:00,10:00,1.1406,0.0407,
2025/11/1,10:00,11:00,1.0224,0.0365,
2025/11/1,11:00,12:00,0.8161,0.0291,
2025/11/1,12:00,13:00,0.494,0.0176,
2025/11/1,13:00,14:00,0.7536,0.0269,
2025/11/1,14:00,15:00,0.5295,0.0189,
2025/11/1,15:00,16:00,0.6593,0.0235,
2025/11/1,16:00,17:00,0.3895,0.0139,
2025/11/1,17:00,18:00,1.0355,0.0369,
2025/11/1,18:00,19:00,0.7557,0.0269,
2025/11/1,19:00,20:00,0.8471,0.0302,
2025/11/1,20:00,21:00,1.6683,0.0595,
2025/11/1,21:00,22:00,2.2064,0.0788,
2025/11/1,22:00,23:00,2.0732,0.074,
2025/11/1,23:00,0:00,1.6404,0.0585,
2025/11/2,0:00,1:00,0.9063,0.0323,
2025/11/2,1:00,2:00,0.4799,0.0171,
2025/11/2,2:00,3:00,0.5506,0.0196,
2025/11/2,3:00,4:00,0.137,0.0048,
2025/11/2,4:00,5:00,0.071,0.0025,
2025/11/2,5:00,6:00,0.1321,0.0047,
2025/11/2,6:00,7:00,0.1554,0.0055,
2025/11/2,7:00,8:00,0.765,0.0273,
2025/11/2,8:00,9:00,0.9669,0.0345,
2025/11/2,9:00,10:00,1.4356,0.0512,
2025/11/2,10:00,11:00,1.0174,0.0363,
2025/11/2,11:00,12:00,0.8431,0.0301,
2025/11/2,12:00,13:00,0.7465,0.0266,
2025/11/2,13:00,14:00,0.6532,0.0233,
2025/11/2,14:00,15:00,0.6521,0.0232,
2025/11/2,15:00,16:00,0.542,0.0193,
2025/11/2,16:00,17:00,0.4606,0.0164,
2025/11/2,17:00,18:00,1.6033,0.0572,
2025/11/2,18:00,19:00,1.662,0.0593,
2025/11/2,19:00,20:00,1.1145,0.0398,
2025/11/2,20:00,21:00,1.1547,0.0412,
2025/11/2,21:00,22:00,1.7435,0.0622,
2025/11/2,22:00,23:00,1.4623,0.0522,
2025/11/2,23:00,0:00,0.7433,0.0265,
2025/11/3,0:00,1:00,0.4864,0.0173,
2025/11/3,1:00,2:00,0.226,0.008,
2025/11/3,2:00,3:00,0.2862,0.0102,
2025/11/3,3:00,4:00,0.1764,0.0063,
2025/11/3,4:00,5:00,0.1653,0.0059,
2025/11/3,5:00,6:00,0.0297,0.001,
2025/11/3,6:00,7:00,0.2427,0.0086,
2025/11/3,7:00,8:00,0.7664,0.0273,
2025/11/3,8:00,9:00,1.1772,0.042,
2025/11/3,9:00,10:00,1.1729,0.0418,
2025/11/3,10:00,11:00,1.0612,0.0379,
2025/11/3,11:00,12:00,0.9168,0.0327,
2025/11/3,12:00,13:00,0.7765,0.0277,
2025/11/3,13:00,14:00,0.4491,0.016,
2025/11/3,14:00,15:00,0.2542,0.009,
2025/11/3,15:00,16:00,0.5928,0.0211,
2025/11/3,16:00,17:00,0.8104,0.0289,
2025/11/3,17:00,18:00,1.8926,0.0675,
2025/11/3,18:00,19:00,1.9584,0.0699,
2025/11/3,19:00,20:00,1.9781,0.0706,
2025/11/3,20:00,21:00,1.6844,0.0601,
2025/11/3,21:00,22:00,2.1375,0.0763,
2025/11/3,22:00,23:00,1.1843,0.0422,
2025/11/3,23:00,0:00,1.4033,0.0501,
2025/11/4,0:00,1:00,0.7124,0.0254,
2025/11/4,1:00,2:00,0.2821,0.01,
2025/11/4,2:00,3:00,0.0815,0.0029,
2025/11/4,3:00,4:00,0.1976,0.007,
2025/11/4,4:00,5:00,0.0406,0.0014,
2025/11/4,5:00,6:00,0.1443,0.0051,
2025/11/4,6:00,7:00,1.097,0.0391,
2025/11/4,7:00,8:00,1.104,0.0394,
2025/11/4,8:00,9:00,1.6892,0.0603,
2025/11/4,9:00,10:00,1.0418,0.0372,
2025/11/4,10:00,11:00,0.6318,0.0225,
2025/11/4,11:00,12:00,0.3882,0.0138,
2025/11/4,12:00,13:00,0.2345,0.0083,
2025/11/4,13:00,14:00,0.2474,0.0088,
2025/11/4,14:00,15:00,0.2727,0.0097,
2025/11/4,15:00,16:00,0.4022,0.0143,
2025/11/4,16:00,17:00,0.7987,0.0285,
2025/11/4,17:00,18:00,1.525,0.0544,
2025/11/4,18:00,19:00,1.2942,0.0462,
2025/11/4,19:00,20:00,1.3096,0.0467,
2025/11/4,20:00,21:00,2.3304,0.0832,
2025/11/4,21:00,22:00,1.5569,0.0556,
2025/11/4,22:00,23:00,1.4828,0.0529,
2025/11/4,23:00,0:00,1.0304,0.0368,
2025/11/5,0:00,1:00,0.6078,0.0217,
2025/11/5,1:00,2:00,0.4208,0.015,
2025/11/5,2:00,3:00,0.0731,0.0026,
2025/11/5,3:00,4:00,0.0366,0.0013,
2025/11/5,4:00,5:00,0.0972,0.0034,
2025/11/5,5:00,6:00,0.1741,0.0062,
2025/11/5,6:00,7:00,0.6442,0.023,
2025/11/5,7:00,8:00,1.6239,0.0579,
2025/11/5,8:00,9:00,1.1994,0.0428,
2025/11/5,9:00,10:00,0.9145,0.0326,
2025/11/5,10:00,11:00,1.003,0.0358,
2025/11/5,11:00,12:00,0.2103,0.0075,
2025/11/5,12:00,13:00,0.2343,0.0083,
2025/11/5,13:00,14:00,0.332,0.0118,
2025/11/5,14:00,15:00,0.2364,0.0084,
2025/11/5,15:00,16:00,0.3392,0.0121,
2025/11/5,16:00,17:00,0.7471,0.0266,
2025/11/5,17:00,18:00,1.284,0.0458,
2025/11/5,18:00,19:00,1.6225,0.0579,
2025/11/5,19:00,20:00,1.9448,0.0694,
2025/11/5,20:00,21:00,2.0676,0.0738,
2025/11/5,21:00,22:00,1.9344,0.069,
2025/11/5,22:00,23:00,1.0523,0.0375,
2025/11/5,23:00,0:00,1.5376,0.0549,
2025/11/6,0:00,1:00,1.1616,0.0414,
2025/11/6,1:00,2:00,0.5302,0.0189,
2025/11/6,2:00,3:00,0.2701,0.0096,
2025/11/6,3:00,4:00,0.0688,0.0024,
2025/11/6,4:00,5:00,0.0981,0.0035,
2025/11/6,5:00,6:00,0.3682,0.0131,
2025/11/6,6:00,7:00,0.5657,0.0202,
2025/11/6,7:00,8:00,1.1357,0.0405,
2025/11/6,8:00,9:00,1.5005,0.0535,
2025/11/6,9:00,10:00,0.9696,0.0346,
2025/11/6,10:00,11:00,0.9076,0.0324,
2025/11/6,11:00,12:00,0.6177,0.022,
2025/11/6,12:00,13:00,0.228,0.0081,
2025/11/6,13:00,14:00,0.2838,0.0101,
2025/11/6,14:00,15:00,0.5239,0.0187,
2025/11/6,15:00,16:00,0.6651,0.0237,
2025/11/6,16:00,17:00,0.8669,0.0309,
2025/11/6,17:00,18:00,1.8449,0.0658,
2025/11/6,18:00,19:00,1.2516,0.0447,
2025/11/6,19:00,20:00,1.678,0.0599,
2025/11/6,20:00,21:00,2.1448,0.0766,
2025/11/6,21:00,22:00,1.6153,0.0576,
2025/11/6,22:00,23:00,0.9972,0.0356,
2025/11/6,23:00,0:00,1.183,0.0422,
2025/11/7,0:00,1:00,0.5291,0.0188,
2025/11/7,1:00,2:00,0.4519,0.0161,
2025/11/7,2:00,3:00,0.5324,0.019,
2025/11/7,3:00,4:00,0.2222,0.0079,
2025/11/7,4:00,5:00,0.2601,0.0092,
2025/11/7,5:00,6:00,0.5082,0.0181,
2025/11/7,6:00,7:00,0.7978,0.0284,
2025/11/7,7:00,8:00,1.228,0.0438,
2025/11/7,8:00,9:00,1.6421,0.0586,
2025/11/7,9:00,10:00,0.7874,0.0281,
2025/11/7,10:00,11:00,0.4288,0.0153,
2025/11/7,11:00,12:00,0.2257,0.008,
2025/11/7,12:00,13:00,0.2179,0.0077,
2025/11/7,13:00,14:00,0.23,0.0082,
2025/11/7,14:00,15:00,0.4218,0.015,
2025/11/7,15:00,16:00,0.4246,0.0151,
2025/11/7,16:00,17:00,0.6277,0.0224,
2025/11/7,17:00,18:00,1.3105,0.0468,
2025/11/7,18:00,19:00,1.4226,0.0508,
2025/11/7,19:00,20:00,2.0785,0.0742,
2025/11/7,20:00,21:00,1.5551,0.0555,
2025/11/7,21:00,22:00,1.9346,0.069,
2025/11/7,22:00,23:00,1.6558,0.0591,
2025/11/7,23:00,0:00,1.5206,0.0543,
2025/11/8,0:00,1:00,0.6517,0.0232,
2025/11/8,1:00,2:00,0.1987,0.007,
2025/11/8,2:00,3:00,0.2188,0.0078,
2025/11/8,3:00,4:00,0.2244,0.008,
2025/11/8,4:00,5:00,0.1577,0.0056,
2025/11/8,5:00,6:00,0.1096,0.0039,
2025/11/8,6:00,7:00,0.607,0.0216,
2025/11/8,7:00,8:00,0.7845,0.028,
2025/11/8,8:00,9:00,1.499,0.0535,
2025/11/8,9:00,10:00,1.5321,0.0547,
2025/11/8,10:00,11:00,0.889,0.0317,
2025/11/8,11:00,12:00,1.159,0.0413,
2025/11/8,12:00,13:00,0.707,0.0252,
2025/11/8,13:00,14:00,0.6842,0.0244,
2025/11/8,14:00,15:00,0.7266,0.0259,
2025/11/8,15:00,16:00,0.4345,0.0155,
2025/11/8,16:00,17:00,0.975,0.0348,
2025/11/8,17:00,18:00,1.0716,0.0382,
2025/11/8,18:00,19:00,1.6994,0.0606,
2025/11/8,19:00,20:00,1.341,0.0478,
2025/11/8,20:00,21:00,1.8539,0.0662,
2025/11/8,21:00,22:00,1.6863,0.0602,
2025/11/8,22:00,23:00,1.7413,0.0621,
2025/11/8,23:00,0:00,1.0286,0.0367,
2025/11/9,0:00,1:00,0.9508,0.0339,
2025/11/9,1:00,2:00,0.2355,0.0084,
2025/11/9,2:00,3:00,0.1666,0.0059,
2025/11/9,3:00,4:00,0.1,0.0035,
2025/11/9,4:00,5:00,0.0909,0.0032,
2025/11/9,5:00,6:00,0.2603,0.0092,
2025/11/9,6:00,7:00,0.1199,0.0042,
2025/11/9,7:00,8:00,0.3777,0.0134,
2025/11/9,8:00,9:00,1.0992,0.0392,
2025/11/9,9:00,10:00,1.5313,0.0546,
2025/11/9,10:00,11:00,1.6417,0.0586,
2025/11/9,11:00,12:00,0.9426,0.0336,
2025/11/9,12:00,13:00,0.467,0.0166,
2025/11/9,13:00,14:00,1.0444,0.0373,
2025/11/9,14:00,15:00,0.5765,0.0205,
2025/11/9,15:00,16:00,0.4257,0.0152,
2025/11/9,16:00,17:00,0.6576,0.0234,
2025/11/9,17:00,18:00,1.2974,0.0463,
2025/11/9,18:00,19:00,1.6899,0.0603,
2025/11/9,19:00,20:00,2.0501,0.0732,
2025/11/9,20:00,21:00,2.5338,0.0904,
2025/11/9,21:00,22:00,2.0632,0.0736,
2025/11/9,22:00,23:00,1.4255,0.0509,
2025/11/9,23:00,0:00,1.0297,0.0367,
2025/11/10,0:00,1:00,0.9903,0.0353,
2025/11/10,1:00,2:00,0.5477,0.0195,
2025/11/10,2:00,3:00,0.1755,0.0062,
2025/11/10,3:00,4:00,0.028,0.001,
2025/11/10,4:00,5:00,0.2239,0.0079,
2025/11/10,5:00,6:00,0.2055,0.0073,
2025/11/10,6:00,7:00,0.9549,0.0341,
2025/11/10,7:00,8:00,0.9994,0.0356,
2025/11/10,8:00,9:00,1.4267,0.0509,
2025/11/10,9:00,10:00,0.8883,0.0317,
2025/11/10,10:00,11:00,0.5403,0.0192,
2025/11/10,11:00,12:00,0.2188,0.0078,
2025/11/10,12:00,13:00,0.326,0.0116,
2025/11/10,13:00,14:00,0.1549,0.0055,
2025/11/10,14:00,15:00,0.2712,0.0096,
2025/11/10,15:00,16:00,0.753,0.0268,
2025/11/10,16:00,17:00,0.68,0.0242,
2025/11/10,17:00,18:00,1.208,0.0431,
2025/11/10,18:00,19:00,2.4169,0.0863,
2025/11/10,19:00,20:00,1.6612,0.0593,
2025/11/10,20:00,21:00,1.7936,0.064,
2025/11/10,21:00,22:00,1.9404,0.0693,
2025/11/10,22:00,23:00,1.4554,0.0519,
2025/11/10,23:00,0:00,0.9327,0.0333,
2025/11/11,0:00,1:00,0.6869,0.0245,
2025/11/11,1:00,2:00,0.5066,0.018,
2025/11/11,2:00,3:00,0.3038,0.0108,
2025/11/11,3:00,4:00,0.2416,0.0086,
2025/11/11,4:00,5:00,0.1148,0.0041,
2025/11/11,5:00,6:00,0.5071,0.0181,
2025/11/11,6:00,7:00,0.8272,0.0295,
2025/11/11,7:00,8:00,1.254,0.0447,
2025/11/11,8:00,9:00,1.3201,0.0471,
2025/11/11,9:00,10:00,1.2997,0.0464,
2025/11/11,10:00,11:00,0.8933,0.0319,
2025/11/11,11:00,12:00,0.328,0.0117,
2025/11/11,12:00,13:00,0.2166,0.0077,
2025/11/11,13:00,14:00,0.4741,0.0169,
2025/11/11,14:00,15:00,0.1725,0.0061,
2025/11/11,15:00,16:00,0.3828,0.0136,
2025/11/11,16:00,17:00,0.8617,0.0307,
2025/11/11,17:00,18:00,1.3427,0.0479,
2025/11/11,18:00,19:00,1.401,0.05,
2025/11/11,19:00,20:00,2.193,0.0783,
2025/11/11,20:00,21:00,1.9949,0.0712,
2025/11/11,21:00,22:00,2.0649,0.0737,
2025/11/11,22:00,23:00,1.17,0.0417,
2025/11/11,23:00,0:00,0.9841,0.0351,
2025/11/12,0:00,1:00,0.6187,0.022,
2025/11/12,1:00,2:00,0.7254,0.0259,
2025/11/12,2:00,3:00,0.3107,0.011,
2025/11/12,3:00,4:00,0.1159,0.0041,
2025/11/12,4:00,5:00,0.0595,0.0021,
2025/11/12,5:00,6:00,0.5041,0.018,
2025/11/12,6:00,7:00,0.7583,0.027,
2025/11/12,7:00,8:00,1.2738,0.0454,
2025/11/12,8:00,9:00,1.4359,0.0512,
2025/11/12,9:00,10:00,0.8688,0.031,
2025/11/12,10:00,11:00,0.8281,0.0295,
2025/11/12,11:00,12:00,0.4299,0.0153,
2025/11/12,12:00,13:00,0.2465,0.0088,
2025/11/12,13:00,14:00,0.4204,0.015,
2025/11/12,14:00,15:00,0.2339,0.0083,
2025/11/12,15:00,16:00,0.3229,0.0115,
2025/11/12,16:00,17:00,0.8601,0.0307,
2025/11/12,17:00,18:00,1.4682,0.0524,
2025/11/12,18:00,19:00,2.073,0.074,
2025/11/12,19:00,20:00,2.0493,0.0731,
2025/11/12,20:00,21:00,1.5379,0.0549,
2025/11/12,21:00,22:00,1.8178,0.0649,
2025/11/12,22:00,23:00,1.4553,0.0519,
2025/11/12,23:00,0:00,1.0511,0.0375,
2025/11/13,0:00,1:00,0.6944,0.0248,
2025/11/13,1:00,2:00,0.3995,0.0142,
2025/11/13,2:00,3:00,0.3929,0.014,
2025/11/13,3:00,4:00,0.2261,0.008,
2025/11/13,4:00,5:00,0.027,0.0009,
2025/11/13,5:00,6:00,0.238,0.0085,
2025/11/13,6:00,7:00,0.6402,0.0228,
2025/11/13,7:00,8:00,1.2262,0.0437,
2025/11/13,8:00,9:00,1.5936,0.0569,
2025/11/13,9:00,10:00,0.7571,0.027,
2025/11/13,10:00,11:00,0.4611,0.0164,
2025/11/13,11:00,12:00,0.2887,0.0103,
2025/11/13,12:00,13:00,0.1893,0.0067,
2025/11/13,13:00,14:00,0.4296,0.0153,
2025/11/13,14:00,15:00,0.2691,0.0096,
2025/11/13,15:00,16:00,0.6229,0.0222,
2025/11/13,16:00,17:00,1.128,0.0402,
2025/11/13,17:00,18:00,1.0055,0.0359,
2025/11/13,18:00,19:00,1.4362,0.0512,
2025/11/13,19:00,20:00,1.5649,0.0558,
2025/11/13,20:00,21:00,1.9237,0.0687,
2025/11/13,21:00,22:00,1.816,0.0648,
2025/11/13,22:00,23:00,1.2853,0.0459,
2025/11/13,23:00,0:00,0.9922,0.0354,
2025/11/14,0:00,1:00,0.6229,0.0222,
2025/11/14,1:00,2:00,0.559,0.0199,
2025/11/14,2:00,3:00,0.0749,0.0026,
2025/11/14,3:00,4:00,0.0704,0.0025,
2025/11/14,4:00,5:00,0.1095,0.0039,
2025/11/14,5:00,6:00,0.2707,0.0096,
2025/11/14,6:00,7:00,0.3116,0.0111,
2025/11/14,7:00,8:00,1.0666,0.038,
2025/11/14,8:00,9:00,1.5069,0.0538,
2025/11/14,9:00,10:00,1.4469,0.0516,
2025/11/14,10:00,11:00,0.9981,0.0356,
2025/11/14,11:00,12:00,0.7856,0.028,
2025/11/14,12:00,13:00,0.3665,0.013,
2025/11/14,13:00,14:00,0.3226,0.0115,
2025/11/14,14:00,15:00,0.6774,0.0241,
2025/11/14,15:00,16:00,0.326,0.0116,
2025/11/14,16:00,17:00,0.7902,0.0282,
2025/11/14,17:00,18:00,1.1803,0.0421,
2025/11/14,18:00,19:00,1.2413,0.0443,
2025/11/14,19:00,20:00,1.6335,0.0583,
2025/11/14,20:00,21:00,0.816,0.0291,
2025/11/14,21:00,22:00,2.1502,0.0767,
2025/11/14,22:00,23:00,1.2849,0.0458,
2025/11/14,23:00,0:00,1.3449,0.048,
2025/11/15,0:00,1:00,0.6114,0.0218,
2025/11/15,1:00,2:00,0.7238,0.0258,
2025/11/15,2:00,3:00,0.2673,0.0095,
2025/11/15,3:00,4:00,0.131,0.0046,
2025/11/15,4:00,5:00,0.0938,0.0033,
2025/11/15,5:00,6:00,0.089,0.0031,
2025/11/15,6:00,7:00,0.4767,0.017,
2025/11/15,7:00,8:00,0.5867,0.0209,
2025/11/15,8:00,9:00,1.0487,0.0374,
2025/11/15,9:00,10:00,0.8839,0.0315,
2025/11/15,10:00,11:00,1.0899,0.0389,
2025/11/15,11:00,12:00,0.9078,0.0324,
2025/11/15,12:00,13:00,0.5775,0.0206,
2025/11/15,13:00,14:00,0.5243,0.0187,
2025/11/15,14:00,15:00,0.7582,0.027,
2025/11/15,15:00,16:00,0.3151,0.0112,
2025/11/15,16:00,17:00,0.5809,0.0207,
2025/11/15,17:00,18:00,1.6685,0.0595,
2025/11/15,18:00,19:00,1.9632,0.0701,
2025/11/15,19:00,20:00,1.7237,0.0615,
2025/11/15,20:00,21:00,1.5733,0.0561,
2025/11/15,21:00,22:00,2.0307,0.0725,
2025/11/15,22:00,23:00,1.1692,0.0417,
2025/11/15,23:00,0:00,1.1542,0.0412,
2025/11/16,0:00,1:00,1.0359,0.0369,
2025/11/16,1:00,2:00,0.2124,0.0075,
2025/11/16,2:00,3:00,0.0805,0.0028,
2025/11/16,3:00,4:00,0.0631,0.0022,
2025/11/16,4:00,5:00,0.0665,0.0023,
2025/11/16,5:00,6:00,0.3019,0.0107,
2025/11/16,6:00,7:00,0.3708,0.0132,
2025/11/16,7:00,8:00,0.4202,0.015,
2025/11/16,8:00,9:00,0.9322,0.0332,
2025/11/16,9:00,10:00,1.4293,0.051,
2025/11/16,10:00,11:00,1.2639,0.0451,
2025/11/16,11:00,12:00,0.6455,0.023,
2025/11/16,12:00,13:00,0.7222,0.0257,
2025/11/16,13:00,14:00,0.6661,0.0237,
2025/11/16,14:00,15:00,0.6337,0.0226,
2025/11/16,15:00,16:00,0.5535,0.0197,
2025/11/16,16:00,17:00,0.5278,0.0188,
2025/11/16,17:00,18:00,1.5692,0.056,
2025/11/16,18:00,19:00,1.5656,0.0559,
2025/11/16,19:00,20:00,2.1171,0.0756,
2025/11/16,20:00,21:00,1.9335,0.069,
2025/11/16,21:00,22:00,1.7687,0.0631,
2025/11/16,22:00,23:00,1.2686,0.0453,
2025/11/16,23:00,0:00,0.9491,0.0338,
2025/11/17,0:00,1:00,0.8339,0.0297,
2025/11/17,1:00,2:00,0.303,0.0108,
2025/11/17,2:00,3:00,0.0786,0.0028,
2025/11/17,3:00,4:00,0.0355,0.0012,
2025/11/17,4:00,5:00,0.2584,0.0092,
2025/11/17,5:00,6:00,0.2774,0.0099,
2025/11/17,6:00,7:00,0.9176,0.0327,
2025/11/17,7:00,8:00,1.0758,0.0384,
2025/11/17,8:00,9:00,1.0501,0.0375,
2025/11/17,9:00,10:00,0.7496,0.0267,
2025/11/17,10:00,11:00,0.7027,0.025,
2025/11/17,11:00,12:00,0.5189,0.0185,
2025/11/17,12:00,13:00,0.4989,0.0178,
2025/11/17,13:00,14:00,0.4568,0.0163,
2025/11/17,14:00,15:00,0.6276,0.0224,
2025/11/17,15:00,16:00,0.5509,0.0196,
2025/11/17,16:00,17:00,0.8832,0.0315,
2025/11/17,17:00,18:00,1.327,0.0473,
2025/11/17,18:00,19:00,1.4166,0.0505,
2025/11/17,19:00,20:00,1.2413,0.0443,
2025/11/17,20:00,21:00,1.9375,0.0691,
2025/11/17,21:00,22:00,2.1281,0.076,
2025/11/17,22:00,23:00,1.278,0.0456,
2025/11/17,23:00,0:00,1.4843,0.053,
2025/11/18,0:00,1:00,0.9175,0.0327,
2025/11/18,1:00,2:00,0.5258,0.0187,
2025/11/18,2:00,3:00,0.1116,0.0039,
2025/11/18,3:00,4:00,0.0261,0.0009,
2025/11/18,4:00,5:00,0.0496,0.0017,
2025/11/18,5:00,6:00,0.1464,0.0052,
2025/11/18,6:00,7:00,1.0366,0.037,
2025/11/18,7:00,8:00,1.2862,0.0459,
2025/11/18,8:00,9:00,1.2939,0.0462,
2025/11/18,9:00,10:00,0.5042,0.018,
2025/11/18,10:00,11:00,0.838,0.0299,
2025/11/18,11:00,12:00,0.6853,0.0244,
2025/11/18,12:00,13:00,0.364,0.013,
2025/11/18,13:00,14:00,0.2736,0.0097,
2025/11/18,14:00,15:00,0.674,0.024,
2025/11/18,15:00,16:00,0.5788,0.0206,
2025/11/18,16:00,17:00,0.9585,0.0342,
2025/11/18,17:00,18:00,1.6988,0.0606,
2025/11/18,18:00,19:00,1.9539,0.0697,
2025/11/18,19:00,20:00,1.0892,0.0389,
2025/11/18,20:00,21:00,1.6381,0.0585,
2025/11/18,21:00,22:00,2.1663,0.0773,
2025/11/18,22:00,23:00,1.2874,0.0459,
2025/11/18,23:00,0:00,0.7274,0.0259,
2025/11/19,0:00,1:00,0.6392,0.0228,
2025/11/19,1:00,2:00,0.3244,0.0115,
2025/11/19,2:00,3:00,0.2675,0.0095,
2025/11/19,3:00,4:00,0.177,0.0063,
2025/11/19,4:00,5:00,0.0188,0.0006,
2025/11/19,5:00,6:00,0.205,0.0073,
2025/11/19,6:00,7:00,0.8418,0.03,
2025/11/19,7:00,8:00,1.6635,0.0594,
2025/11/19,8:00,9:00,1.8442,0.0658,
2025/11/19,9:00,10:00,1.2036,0.0429,
2025/11/19,10:00,11:00,0.6017,0.0214,
2025/11/19,11:00,12:00,0.296,0.0105,
2025/11/19,12:00,13:00,0.6161,0.022,
2025/11/19,13:00,14:00,0.6449,0.023,
2025/11/19,14:00,15:00,0.4538,0.0162,
2025/11/19,15:00,16:00,0.7414,0.0264,
2025/11/19,16:00,17:00,0.8689,0.031,
2025/11/19,17:00,18:00,1.1209,0.04,
2025/11/19,18:00,19:00,2.356,0.0841,
2025/11/19,19:00,20:00,1.0782,0.0385,
2025/11/19,20:00,21:00,1.9176,0.0684,
2025/11/19,21:00,22:00,1.8551,0.0662,
2025/11/19,22:00,23:00,1.4196,0.0507,
2025/11/19,23:00,0:00,1.1773,0.042,
2025/11/20,0:00,1:00,0.7755,0.0276,
2025/11/20,1:00,2:00,0.426,0.0152,
2025/11/20,2:00,3:00,0.2281,0.0081,
2025/11/20,3:00,4:00,0.0611,0.0021,
2025/11/20,4:00,5:00,0.0907,0.0032,
2025/11/20,5:00,6:00,0.4152,0.0148,
2025/11/20,6:00,7:00,0.6037,0.0215,
2025/11/20,7:00,8:00,1.6954,0.0605,
2025/11/20,8:00,9:00,1.486,0.053,
2025/11/20,9:00,10:00,0.6783,0.0242,
2025/11/20,10:00,11:00,0.3426,0.0122,
2025/11/20,11:00,12:00,0.3057,0.0109,
2025/11/20,12:00,13:00,0.5363,0.0191,
2025/11/20,13:00,14:00,0.4758,0.0169,
2025/11/20,14:00,15:00,0.2045,0.0073,
2025/11/20,15:00,16:00,0.1809,0.0064,
2025/11/20,16:00,17:00,0.8963,0.032,
2025/11/20,17:00,18:00,1.4022,0.05,
2025/11/20,18:00,19:00,1.6352,0.0584,
2025/11/20,19:00,20:00,1.9453,0.0694,
2025/11/20,20:00,21:00,1.5655,0.0559,
2025/11/20,21:00,22:00,2.2415,0.08,
2025/11/20,22:00,23:00,1.1315,0.0404,
2025/11/20,23:00,0:00,1.0291,0.0367,
2025/11/21,0:00,1:00,0.521,0.0186,
2025/11/21,1:00,2:00,0.2629,0.0093,
2025/11/21,2:00,3:00,0.0949,0.0033,
2025/11/21,3:00,4:00,0.054,0.0019,
2025/11/21,4:00,5:00,0.2844,0.0101,
2025/11/21,5:00,6:00,0.3719,0.0132,
2025/11/21,6:00,7:00,0.6151,0.0219,
2025/11/21,7:00,8:00,1.2501,0.0446,
2025/11/21,8:00,9:00,1.4547,0.0519,
2025/11/21,9:00,10:00,1.3425,0.0479,
2025/11/21,10:00,11:00,0.7997,0.0285,
2025/11/21,11:00,12:00,0.322,0.0115,
2025/11/21,12:00,13:00,0.5389,0.0192,
2025/11/21,13:00,14:00,0.4437,0.0158,
2025/11/21,14:00,15:00,0.3612,0.0129,
2025/11/21,15:00,16:00,0.5445,0.0194,
2025/11/21,16:00,17:00,0.8937,0.0319,
2025/11/21,17:00,18:00,1.3468,0.0481,
2025/11/21,18:00,19:00,1.6138,0.0576,
2025/11/21,19:00,20:00,1.1276,0.0402,
2025/11/21,20:00,21:00,1.171,0.0418,
2025/11/21,21:00,22:00,1.7953,0.0641,
2025/11/21,22:00,23:00,2.0012,0.0714,
2025/11/21,23:00,0:00,1.6257,0.058,
2025/11/22,0:00,1:00,1.0407,0.0371,
2025/11/22,1:00,2:00,0.2741,0.0097,
2025/11/22,2:00,3:00,0.2243,0.008,
2025/11/22,3:00,4:00,0.0354,0.0012,
2025/11/22,4:00,5:00,0.1562,0.0055,
2025/11/22,5:00,6:00,0.0257,0.0009,
2025/11/22,6:00,7:00,0.2643,0.0094,
2025/11/22,7:00,8:00,0.9718,0.0347,
2025/11/22,8:00,9:00,1.4137,0.0504,
2025/11/22,9:00,10:00,1.376,0.0491,
2025/11/22,10:00,11:00,1.3333,0.0476,
2025/11/22,11:00,12:00,0.5431,0.0193,
2025/11/22,12:00,13:00,0.5385,0.0192,
2025/11/22,13:00,14:00,0.6966,0.0248,
2025/11/22,14:00,15:00,0.675,0.0241,
2025/11/22,15:00,16:00,0.6614,0.0236,
2025/11/22,16:00,17:00,0.827,0.0295,
2025/11/22,17:00,18:00,1.3968,0.0498,
2025/11/22,18:00,19:00,1.0618,0.0379,
2025/11/22,19:00,20:00,1.6127,0.0575,
2025/11/22,20:00,21:00,2.4547,0.0876,
2025/11/22,21:00,22:00,1.7568,0.0627,
2025/11/22,22:00,23:00,1.0429,0.0372,
2025/11/22,23:00,0:00,1.2929,0.0461,
2025/11/23,0:00,1:00,1.204,0.043,
2025/11/23,1:00,2:00,0.493,0.0176,
2025/11/23,2:00,3:00,0.3633,0.0129,
2025/11/23,3:00,4:00,0.1037,0.0037,
2025/11/23,4:00,5:00,0.2301,0.0082,
2025/11/23,5:00,6:00,0.1484,0.0053,
2025/11/23,6:00,7:00,0.2234,0.0079,
2025/11/23,7:00,8:00,0.9352,0.0334,
2025/11/23,8:00,9:00,1.1579,0.0413,
2025/11/23,9:00,10:00,1.735,0.0619,
2025/11/23,10:00,11:00,1.1436,0.0408,
2025/11/23,11:00,12:00,0.5613,0.02,
2025/11/23,12:00,13:00,0.619,0.0221,
2025/11/23,13:00,14:00,0.6544,0.0233,
2025/11/23,14:00,15:00,0.6616,0.0236,
2025/11/23,15:00,16:00,0.4486,0.016,
2025/11/23,16:00,17:00,0.7416,0.0264,
2025/11/23,17:00,18:00,0.8467,0.0302,
2025/11/23,18:00,19:00,1.2543,0.0447,
2025/11/23,19:00,20:00,1.3852,0.0494,
2025/11/23,20:00,21:00,2.1112,0.0754,
2025/11/23,21:00,22:00,1.6907,0.0603,
2025/11/23,22:00,23:00,1.9864,0.0709,
2025/11/23,23:00,0:00,1.0268,0.0366,
2025/11/24,0:00,1:00,0.7637,0.0272,
2025/11/24,1:00,2:00,0.293,0.0104,
2025/11/24,2:00,3:00,0.1229,0.0043,
2025/11/24,3:00,4:00,0.0195,0.0006,
2025/11/24,4:00,5:00,0.0424,0.0015,
2025/11/24,5:00,6:00,0.0899,0.0032,
2025/11/24,6:00,7:00,0.17,0.006,
2025/11/24,7:00,8:00,1.0545,0.0376,
2025/11/24,8:00,9:00,1.3538,0.0483,
2025/11/24,9:00,10:00,1.2438,0.0444,
2025/11/24,10:00,11:00,1.5098,0.0539,
2025/11/24,11:00,12:00,0.8385,0.0299,
2025/11/24,12:00,13:00,0.8146,0.029,
2025/11/24,13:00,14:00,0.7357,0.0262,
2025/11/24,14:00,15:00,0.6405,0.0228,
2025/11/24,15:00,16:00,0.8658,0.0309,
2025/11/24,16:00,17:00,1.0199,0.0364,
2025/11/24,17:00,18:00,1.3374,0.0477,
2025/11/24,18:00,19:00,1.4644,0.0523,
2025/11/24,19:00,20:00,1.9981,0.0713,
2025/11/24,20:00,21:00,1.7164,0.0613,
2025/11/24,21:00,22:00,2.0277,0.0724,
2025/11/24,22:00,23:00,1.9294,0.0689,
2025/11/24,23:00,0:00,1.3072,0.0466,
2025/11/25,0:00,1:00,0.7179,0.0256,
2025/11/25,1:00,2:00,0.539,0.0192,
2025/11/25,2:00,3:00,0.2006,0.0071,
2025/11/25,3:00,4:00,0.0456,0.0016,
2025/11/25,4:00,5:00,0.0776,0.0027,
2025/11/25,5:00,6:00,0.1817,0.0064,
2025/11/25,6:00,7:00,0.8473,0.0302,
2025/11/25,7:00,8:00,1.0815,0.0386,
2025/11/25,8:00,9:00,1.3777,0.0492,
2025/11/25,9:00,10:00,1.0799,0.0385,
2025/11/25,10:00,11:00,0.7272,0.0259,
2025/11/25,11:00,12:00,0.3681,0.0131,
2025/11/25,12:00,13:00,0.3946,0.014,
2025/11/25,13:00,14:00,0.5689,0.0203,
2025/11/25,14:00,15:00,0.3347,0.0119,
2025/11/25,15:00,16:00,0.3435,0.0122,
2025/11/25,16:00,17:00,0.9557,0.0341,
2025/11/25,17:00,18:00,1.2519,0.0447,
2025/11/25,18:00,19:00,1.7818,0.0636,
2025/11/25,19:00,20:00,1.2666,0.0452,
2025/11/25,20:00,21:00,2.6285,0.0938,
2025/11/25,21:00,22:00,2.2251,0.0794,
2025/11/25,22:00,23:00,1.5269,0.0545,
2025/11/25,23:00,0:00,1.2897,0.046,
2025/11/26,0:00,1:00,1.1535,0.0411,
2025/11/26,1:00,2:00,0.632,0.0225,
2025/11/26,2:00,3:00,0.338,0.012,
2025/11/26,3:00,4:00,0.1414,0.005,
2025/11/26,4:00,5:00,0.1412,0.005,
2025/11/26,5:00,6:00,0.1797,0.0064,
2025/11/26,6:00,7:00,0.8548,0.0305,
2025/11/26,7:00,8:00,1.1398,0.0407,
2025/11/26,8:00,9:00,1.8627,0.0665,
2025/11/26,9:00,10:00,0.9718,0.0347,
2025/11/26,10:00,11:00,0.414,0.0147,
2025/11/26,11:00,12:00,0.3198,0.0114,
2025/11/26,12:00,13:00,0.1988,0.0071,
2025/11/26,13:00,14:00,0.3372,0.012,
2025/11/26,14:00,15:00,0.317,0.0113,
2025/11/26,15:00,16:00,0.7485,0.0267,
2025/11/26,16:00,17:00,0.766,0.0273,
2025/11/26,17:00,18:00,1.3256,0.0473,
2025/11/26,18:00,19:00,1.5898,0.0567,
2025/11/26,19:00,20:00,1.4307,0.051,
2025/11/26,20:00,21:00,1.7781,0.0635,
2025/11/26,21:00,22:00,2.2937,0.0819,
2025/11/26,22:00,23:00,1.4306,0.051,
2025/11/26,23:00,0:00,0.9577,0.0342,
2025/11/27,0:00,1:00,0.9755,0.0348,
2025/11/27,1:00,2:00,0.4432,0.0158,
2025/11/27,2:00,3:00,0.163,0.0058,
2025/11/27,3:00,4:00,0.1472,0.0052,
2025/11/27,4:00,5:00,0.0629,0.0022,
2025/11/27,5:00,6:00,0.3628,0.0129,
2025/11/27,6:00,7:00,0.7001,0.025,
2025/11/27,7:00,8:00,1.1443,0.0408,
2025/11/27,8:00,9:00,1.2514,0.0446,
2025/11/27,9:00,10:00,1.2086,0.0431,
2025/11/27,10:00,11:00,0.7121,0.0254,
2025/11/27,11:00,12:00,0.4172,0.0149,
2025/11/27,12:00,13:00,0.4396,0.0157,
2025/11/27,13:00,14:00,0.3753,0.0134,
2025/11/27,14:00,15:00,0.2405,0.0085,
2025/11/27,15:00,16:00,0.6177,0.022,
2025/11/27,16:00,17:00,0.7481,0.0267,
2025/11/27,17:00,18:00,1.1143,0.0397,
2025/11/27,18:00,19:00,1.3832,0.0494,
2025/11/27,19:00,20:00,2.0655,0.0737,
2025/11/27,20:00,21:00,1.8036,0.0644,
2025/11/27,21:00,22:00,1.9105,0.0682,
2025/11/27,22:00,23:00,1.2572,0.0449,
2025/11/27,23:00,0:00,1.447,0.0516,
2025/11/28,0:00,1:00,0.7909,0.0282,
2025/11/28,1:00,2:00,0.5643,0.0201,
2025/11/28,2:00,3:00,0.2975,0.0106,
2025/11/28,3:00,4:00,0.1008,0.0036,
2025/11/28,4:00,5:00,0.0636,0.0022,
2025/11/28,5:00,6:00,0.2015,0.0071,
2025/11/28,6:00,7:00,0.6338,0.0226,
2025/11/28,7:00,8:00,1.5104,0.0539,
2025/11/28,8:00,9:00,0.9193,0.0328,
2025/11/28,9:00,10:00,1.0686,0.0381,
2025/11/28,10:00,11:00,0.7585,0.027,
2025/11/28,11:00,12:00,0.3078,0.0109,
2025/11/28,12:00,13:00,0.1897,0.0067,
2025/11/28,13:00,14:00,0.1984,0.007,
2025/11/28,14:00,15:00,0.2232,0.0079,
2025/11/28,15:00,16:00,0.389,0.0138,
2025/11/28,16:00,17:00,0.6802,0.0242,
2025/11/28,17:00,18:00,1.4006,0.05,
2025/11/28,18:00,19:00,1.5095,0.0539,
2025/11/28,19:00,20:00,1.6968,0.0606,
2025/11/28,20:00,21:00,1.5553,0.0555,
2025/11/28,21:00,22:00,2.4082,0.086,
2025/11/28,22:00,23:00,1.9487,0.0695,
2025/11/28,23:00,0:00,0.7636,0.0272,
2025/11/29,0:00,1:00,1.0105,0.036,
2025/11/29,1:00,2:00,0.5453,0.0194,
2025/11/29,2:00,3:00,0.1452,0.0051,
2025/11/29,3:00,4:00,0.0382,0.0013,
2025/11/29,4:00,5:00,0.0532,0.0019,
2025/11/29,5:00,6:00,0.3722,0.0132,
2025/11/29,6:00,7:00,0.3233,0.0115,
2025/11/29,7:00,8:00,0.8843,0.0315,
2025/11/29,8:00,9:00,1.62,0.0578,
2025/11/29,9:00,10:00,1.3318,0.0475,
2025/11/29,10:00,11:00,0.9149,0.0326,
2025/11/29,11:00,12:00,0.8774,0.0313,
2025/11/29,12:00,13:00,0.5961,0.0212,
2025/11/29,13:00,14:00,0.5121,0.0182,
2025/11/29,14:00,15:00,0.665,0.0237,
2025/11/29,15:00,16:00,0.4595,0.0164,
2025/11/29,16:00,17:00,0.8749,0.0312,
2025/11/29,17:00,18:00,1.4703,0.0525,
2025/11/29,18:00,19:00,1.3134,0.0469,
2025/11/29,19:00,20:00,1.262,0.045,
2025/11/29,20:00,21:00,1.3908,0.0496,
2025/11/29,21:00,22:00,2.4363,0.087,
2025/11/29,22:00,23:00,1.2797,0.0457,
2025/11/29,23:00,0:00,1.573,0.0561,
2025/11/30,0:00,1:00,0.9771,0.0348,
2025/11/30,1:00,2:00,0.4088,0.0146,
2025/11/30,2:00,3:00,0.2035,0.0072,
2025/11/30,3:00,4:00,0.0643,0.0022,
2025/11/30,4:00,5:00,0.1052,0.0037,
2025/11/30,5:00,6:00,0.0498,0.0017,
2025/11/30,6:00,7:00,0.0408,0.0014,
2025/11/30,7:00,8:00,0.6081,0.0217,
2025/11/30,8:00,9:00,0.8373,0.0299,
2025/11/30,9:00,10:00,1.6095,0.0574,
2025/11/30,10:00,11:00,1.4379,0.0513,
2025/11/30,11:00,12:00,0.7203,0.0257,
2025/11/30,12:00,13:00,0.6434,0.0229,
2025/11/30,13:00,14:00,0.5204,0.0185,
2025/11/30,14:00,15:00,0.752,0.0268,
2025/11/30,15:00,16:00,0.8052,0.0287,
2025/11/30,16:00,17:00,0.8816,0.0314,
2025/11/30,17:00,18:00,1.7827,0.0636,
2025/11/30,18:00,19:00,1.6235,0.0579,
2025/11/30,19:00,20:00,2.19,0.0782,
2025/11/30,20:00,21:00,1.5284,0.0545,
2025/11/30,21:00,22:00,1.9709,0.0703,
2025/11/30,22:00,23:00,1.9279,0.0688,
2025/11/30,23:00,0:00,1.1531,0.0411,
