活動名称,活動場所,活動場所住所,活動内容,活動内容詳細,活動日時,費用負担,お問合せ先,連絡先,lat,lon
葵の園100歳体操　水曜コース,医療法人　葵会　　　　　　　介護老人保健施設　　　　　葵の園・浦和,さいたま市南区内谷5-24-1,介護予防教室,「１００歳体操」+理学療法士による「転倒予防体操」も行っています。,週1回　水曜日14:00～15:00,無償,医療法人　葵会　介護老人保健施設　葵の園・浦和,048-872-2121,35.83043209,139.64456074
辻南コスモス,辻南小学校　地域開放スペース,さいたま市南区辻８－７－３２,介護予防教室,「百歳体操を週２回やろう！！」と始まった「辻南小ひまわり」の兄弟サークル。歌、脳トレの取り入れもスタートしました。,"水曜日9：30～12：00
（メインは10：00～11：30）",無償,シニアサポートセンター ハートランド浦和,048-836-2929,35.8315550590788,139.665207325226
辻南コスモス,辻南小学校　地域開放スペース,さいたま市南区辻８－７－３２,体操教室,「百歳体操を週２回やろう！！」と始まった「辻南小ひまわり」の兄弟サークル。歌、脳トレの取り入れもスタートしました。,"水曜日9：30～12：00
（メインは10：00～11：30）",無償,シニアサポートセンター ハートランド浦和,048-836-2929,35.8315550590788,139.665207325226
辻南小ひまわり会,辻南小学校　地域開放スペース,さいたま市南区辻８－７－３２,介護予防教室,"辻地区の方が対象。
百歳体操",週１回程度,無償,シニアサポートセンター ハートランド浦和,048-836-2929,35.831643032091,139.665037738839
辻クローバーの会,辻南小学校　地域開放スペース,さいたま市南区辻８－７－３２,介護予防教室,百歳体操,毎週火曜日,無償,シニアサポートセンター ハートランド浦和,048-836-2929,35.831643032091,139.665037738839
健康と憩いのサロン,スカイフラワーパーク（辻南小 隣接）,さいたま市南区辻８－７－３２,運動・スポーツ,辻在住の方が対象。グランドゴルフ,週２回（火・金）9:00～,無償,シニアサポートセンター ハートランド浦和,048-836-2929,35.8317,139.66416
内谷2丁目「よつばの会」,内谷一二三会館,さいたま市南区内谷2-4-7,サロン・茶話会,季節ごとに工夫を凝らした催し。食事会（外食年2回）。地域の方同士の交流・見守り。,月1回　第１火曜日　12:00～15:00,有償,さいたま市南区西部圏域シニアサポートセンター けやきホームズ,048-710-7555,35.83337321,139.63461989
内谷2丁目「よつばの会」,内谷一二三会館,さいたま市南区内谷2-4-7,音楽（歌唱・演奏）,季節ごとに工夫を凝らした催し。食事会（外食年2回）。地域の方同士の交流・見守り。,月1回　第１火曜日　12:00～15:00,有償,さいたま市南区西部圏域シニアサポートセンター けやきホームズ,048-710-7555,35.83337321,139.63461989
内谷2丁目「よつばの会」,内谷一二三会館,さいたま市南区内谷2-4-7,会食会,季節ごとに工夫を凝らした催し。食事会（外食年2回）。地域の方同士の交流・見守り。,月1回　第１火曜日　12:00～15:00,有償,さいたま市南区西部圏域シニアサポートセンター けやきホームズ,048-710-7555,35.83337321,139.63461989
児童公園ラジオ体操の会,内谷一二三自治会館隣児童公園,さいたま市南区内谷2-4-7,運動・スポーツ,内谷氷川神社の自治会館隣の児童公園で朝のラジオ体操。長寿応援制度。他の自治会、散歩中の方も気楽にどうぞ。,5月～11月6:30～、12月～4月7:00～、日曜・祝祭日お休み,無償,さいたま市南区西部圏域シニアサポートセンター けやきホームズ,048-710-7555,35.83337321,139.63461989
彩々クラブ,松本自治会館,さいたま市南区松本3-5-11,介護予防教室,ゴムバンド体操の教室・各種講演会の開催,月2回（第1金曜日・第3火曜日）,無償,さいたま市南区西部圏域シニアサポートセンター けやきホームズ,048-710-7555,35.83338,139.62987
彩々クラブ,松本自治会館,さいたま市南区松本3-5-11,体操教室,ゴムバンド体操の教室・各種講演会の開催,月2回（第1金曜日・第3火曜日）,無償,さいたま市南区西部圏域シニアサポートセンター けやきホームズ,048-710-7555,35.83338,139.62987
ひまわりクラブ,辻中道公園,さいたま市南区辻５－９－３２,運動・スポーツ,グラウンドゴルフ,月曜日～木曜日の８時～１０時半,有償,シニアサポートセンター ハートランド浦和,048-836-2929,35.8337700264943,139.660684096512
子ども食堂,ラヴィーレ武蔵浦和,さいたま市南区辻５－８－３,会食会,小中学生を対象に食事の提供と施設見学と体験,基本第４土曜日１１時～１５時,有償,ラヴィーレ武蔵浦和,048-710-4165,35.8339734317516,139.659235981166
辻７丁目一里塚公園ラジオ体操クラブ,辻７丁目一里塚公園,さいたま市南区辻７－４,運動・スポーツ,辻地区在住の方が対象。毎朝、ＮＨＫラジオ体操を行う。（終了後、テーマを設けて交流会を行う。）,週６回（日曜日を除く）6:30～,無償,シニアサポートセンター ハートランド浦和,048-836-2929,35.83468,139.66486
文蔵福寿会ゲートボール部,文蔵５丁目第一公園,さいたま市南区文蔵５－２５,運動・スポーツ,ゲートボールを通じて親睦をはかっています。会員を募集しています。,火、木、土の8:30～12:00,有償,シニアサポートセンター ハートランド浦和,048-836-2929,35.83569,139.67239
ボランティアグループ　一歩会,ボランティアグループ 一歩会　事務所,さいたま市南区辻４－１７－２,サロン・茶話会,朝のラジオ体操、介護施設等に芸能慰問、地域イベントに出店及び出演、オリジナル絵本・紙芝居制作、浦和踊り他オリジナル振り付け、ゴミ拾い、年１回交流フェスティバル,ラジオ体操は毎日、慰問は月４～５回、定例会及び講座は月１回,その他,ボランティアグループ　一歩会,048-862-2948,35.835883,139.655927
ボランティアグループ　一歩会,ボランティアグループ 一歩会　事務所,さいたま市南区辻４－１７－２,その他活動,朝のラジオ体操、介護施設等に芸能慰問、地域イベントに出店及び出演、オリジナル絵本・紙芝居制作、浦和踊り他オリジナル振り付け、ゴミ拾い、年１回交流フェスティバル,ラジオ体操は毎日、慰問は月４～５回、定例会及び講座は月１回,その他,ボランティアグループ　一歩会,048-862-2948,35.835883,139.655927
ボランティアグループ　一歩会,ボランティアグループ 一歩会　事務所,さいたま市南区辻４－１７－２,運動・スポーツ,朝のラジオ体操、介護施設等に芸能慰問、地域イベントに出店及び出演、オリジナル絵本・紙芝居制作、浦和踊り他オリジナル振り付け、ゴミ拾い、年１回交流フェスティバル,ラジオ体操は毎日、慰問は月４～５回、定例会及び講座は月１回,その他,ボランティアグループ　一歩会,048-862-2948,35.835883,139.655927
ボランティアグループ　一歩会,ボランティアグループ 一歩会　事務所,さいたま市南区辻４－１７－２,環境美化・清掃,朝のラジオ体操、介護施設等に芸能慰問、地域イベントに出店及び出演、オリジナル絵本・紙芝居制作、浦和踊り他オリジナル振り付け、ゴミ拾い、年１回交流フェスティバル,ラジオ体操は毎日、慰問は月４～５回、定例会及び講座は月１回,その他,ボランティアグループ　一歩会,048-862-2948,35.835883,139.655927
ボランティアグループ　一歩会,ボランティアグループ 一歩会　事務所,さいたま市南区辻４－１７－２,公開講座,朝のラジオ体操、介護施設等に芸能慰問、地域イベントに出店及び出演、オリジナル絵本・紙芝居制作、浦和踊り他オリジナル振り付け、ゴミ拾い、年１回交流フェスティバル,ラジオ体操は毎日、慰問は月４～５回、定例会及び講座は月１回,その他,ボランティアグループ　一歩会,048-862-2948,35.835883,139.655927
パナソニックエイジーフリー百歳体操,パナソニックエイジフリーハウスさいたま武蔵浦和,さいたま市南区内谷6-2-26,介護予防教室,おもりを使った「いきいき百歳体操」を行います。飲み物・上履きのご持参をお願いします。あらかじめご連絡いただくとご案内がスムーズです。,毎月最後の金曜日　10：00～11：00,無償,エイジフリーハウスさいたま武蔵浦和,048-872-8150,35.8362227758875,139.64581435889
辻白寿会,辻公会堂,さいたま市南区辻２－２０－１,サロン・茶話会,健康サロンでは健康増進体操実施。きずなサロンでは人的交流、カラオケ等,月２回,有償,辻白寿会,048-861-9202,35.83718448,139.66147288
辻白寿会,辻公会堂,さいたま市南区辻２－２０－１,音楽（歌唱・演奏）,健康サロンでは健康増進体操実施。きずなサロンでは人的交流、カラオケ等,月２回,有償,辻白寿会,048-861-9202,35.83718448,139.66147288
辻白寿会,辻公会堂,さいたま市南区辻２－２０－１,会食会,健康サロンでは健康増進体操実施。きずなサロンでは人的交流、カラオケ等,月２回,有償,辻白寿会,048-861-9202,35.83718448,139.66147288
ボランティアグループ　いこいの家,辻公会堂,さいたま市南区辻２－２０－１,会食会,食事提供、交流の機会,毎月第３火曜・11:30頃から,有償,シニアサポートセンター ハートランド浦和,048-836-2929,35.83718448,139.66147288
辻白寿会,辻公会堂,さいたま市南区辻２－２０－１,体操教室,健康サロンでは健康増進体操実施。きずなサロンでは人的交流、カラオケ等,月２回,有償,辻白寿会,048-861-9202,35.83718448,139.66147288
いきいき100歳体操㏌グランダ武蔵浦和,㈱ベネッセスタイルケア　グランダ武蔵浦和,さいたま市南区白幡6-10-15,介護予防教室,いきいき100歳体操。動きやすい服装でお越しください。あらかじめ電話にてご連絡いただくとスムーズに参加いただけます。,月1回　第1木曜日　14:00～,無償,㈱ベネッセスタイルケア　グランダ武蔵浦和,048-844-3280,35.8372315,139.65238202
友笑会グランドゴルフ,辻児童公園,"さいたま市,南区,辻１－19",運動・スポーツ,グランドゴルフ,"月、水、金（ただし8月は休み）
9時～11時",有償,シニアサポートセンター ハートランド浦和,048-836-2929,35.8372605387489,139.664897961859
曲本地域ラジオ体操クラブ,ドラックストアセキ駐車場,さいたま市南区曲本4-14-2,運動・スポーツ,平成26年9月スタート。6：30からのラジオ放送にあわせてのラジオ体操。長寿応援制度団体登録。曲本地区以外の方の参加も可能。,毎朝6:30～（日曜・祝日・雨の日除く）,無償,さいたま市南区西部圏域シニアサポートセンター けやきホームズ,048-710-7555,35.83745625,139.64240793
さわやか卓球クラブ,辻１丁目自治会館,"さいたま市,南区,辻１－２４－７",運動・スポーツ,卓球,"月・水の週２回
AM9：00～12：00",有償,シニアサポートセンター ハートランド浦和,048-836-2929,35.8377755630686,139.664241996512
ひまわり体操,西浦和公民館,さいたま市南区曲本2-7-11,介護予防教室,いきいき100歳体操の継続を地域の人たちと健康維持、またコミュニケーションを図り和気あいあい励んでいます。,週1回　水曜日14:00～,無償,さいたま市南区西部圏域シニアサポートセンター けやきホームズ,048-710-7555,35.83778114,139.63885547
さくら草体操の会,西浦和公民館,さいたま市南区曲本２-７-１１,介護予防教室,ますます元気教室の受講者が中心となって立ち上げた、いきいき100歳体操の自主グループです。100歳体操以外にもストレッチ・指の運動・脳トレなども行っています。,毎週火曜日　10:00～11:30,無償,さいたま市南区西部圏域シニアサポートセンター けやきホームズ,048-710-7555,35.83778114,139.63885547
楓の会,西浦和公民館,さいたま市南区曲本２-７-１１,介護予防教室,いきいき100歳体操・脳トレ。(65歳以上の方),毎週月曜日　14：00～,無償,さいたま市南区西部圏域シニアサポートセンター けやきホームズ,048-710-7555,35.83778114,139.63885547
チームさくら西浦和,西浦和公民館,さいたま市南区曲本２-７-１１,介護予防教室,いきいき百歳体操+その他の体操,毎週水曜日　9：50～,無償,さいたま市南区西部圏域シニアサポートセンター けやきホームズ,048-710-7555,35.83778114,139.63885547
クレパス,西浦和公民館,さいたま市南区曲本２-７-１１,手芸,布絵・手工芸・簡単な作品作り,月１回,有償,さいたま市南区西部圏域シニアサポートセンター けやきホームズ,048-710-7555,35.83778114,139.63885547
辻一カラオケ同好会,辻一丁目自治会館,さいたま市南区辻１－２４－７,音楽（歌唱・演奏）,カラオケ,毎週金曜日１８時～２１時,有償,シニアサポートセンター ハートランド浦和,048-836-2929,35.8379582131078,139.664220538839
つばき友の会,文蔵公民館,さいたま市南区文蔵４－１９－３,介護予防教室,百歳体操,毎週火曜日１０時～１１時,有償,シニアサポートセンター ハートランド浦和,048-836-2929,35.83800953,139.66975546
将棋をやる会,西浦和公民館,さいたま市南区曲本２-７-１１,将棋,将棋が好きな方はご参加ください。初心者の方も歓迎です。年齢問わず参加可能です。活動場所は2階が多いので階段があります。長寿応援ポイント登録団体です。,第２、第４日曜日　13：00～17：00,無償,さいたま市南区西部圏域シニアサポートセンター けやきホームズ,048-710-7555,35.8380292308913,139.638841042327
文蔵いきいき体操,文蔵公民館,さいたま市南区文蔵４－１９－３,介護予防教室,前半は脳トレやゲーム等で楽しく進めます。後半は百歳体操、簡単ミーティング、締めは「ご苦労さんタッチ」,月曜日14時～16時,無償,シニアサポートセンター ハートランド浦和,048-836-2929,35.8381110341701,139.669588039602
文蔵いきいき体操,文蔵公民館,さいたま市南区文蔵４－１９－３,体操教室,前半は脳トレやゲーム等で楽しく進めます。後半は百歳体操、簡単ミーティング、締めは「ご苦労さんタッチ」,月曜日14時～16時,無償,シニアサポートセンター ハートランド浦和,048-836-2929,35.8381110341701,139.669588039602
はまゆうの会,文蔵公民館,さいたま市南区文蔵４－１９－３,介護予防教室,百歳体操と日本民謡,月４回,有償,シニアサポートセンター ハートランド浦和,048-836-2929,35.838119515049,139.669472538839
はまゆうの会,文蔵公民館,さいたま市南区文蔵４－１９－３,体操教室,百歳体操と日本民謡,月４回,有償,シニアサポートセンター ハートランド浦和,048-836-2929,35.838119515049,139.669472538839
NPO法人　マナ,浦和キリストチャペル,さいたま市南区辻２－２５－１４,サロン・茶話会,子ども食堂、小学生の学習支援、サロン（高齢者向け）,"子ども食堂は第２、第４火曜日１７時～
学習支援は毎週土曜日１８時～２０時
サロンは第２日曜日１４時～",有償,NPO法人　マナ,048-861-1022,35.8381889124752,139.659834710003
NPO法人　マナ,浦和キリストチャペル,さいたま市南区辻２－２５－１４,会食会,子ども食堂、小学生の学習支援、サロン（高齢者向け）,"子ども食堂は第２、第４火曜日１７時～
学習支援は毎週土曜日１８時～２０時
サロンは第２日曜日１４時～",有償,NPO法人　マナ,048-861-1022,35.8381889124752,139.659834710003
NPO法人　マナ,浦和キリストチャペル,さいたま市南区辻２－２５－１４,学習支援・通訳（外国語・手話・点字）,子ども食堂、小学生の学習支援、サロン（高齢者向け）,"子ども食堂は第２、第４火曜日１７時～
学習支援は毎週土曜日１８時～２０時
サロンは第２日曜日１４時～",有償,NPO法人　マナ,048-861-1022,35.8381889124752,139.659834710003
ひまわりの会　介護予防体操,曲本1丁目自治会館,さいたま市南区曲本1-4-13,体操教室,"第２・４火曜日　13:30～15:00
指導者の元、音楽に合わせての体操やボール・ゴムひもを使用して体操します。また脳トレになる体操もします。",月2回　第2・4火曜日13:30～15:00　介護予防体操,有償,さいたま市南区西部圏域シニアサポートセンター けやきホームズ,048-710-7555,35.83872,139.63164
メモリアルホール西浦和　ラジオ体操の会,福祉葬祭メモリアルホール西浦和　第2駐車場,さいたま市南区松本1-6-17,運動・スポーツ,地域の方と平日の友引9：00～9：30にラジオ体操や脳トレをしています。予約無しで参加できますのでお気軽にご参加ください。友引が土日祝・雨天はお休みです。,平日の友引の日　9：00～（雨天中止),無償,さいたま市南区西部圏域シニアサポートセンター けやきホームズ,048-710-7556,35.8387426615728,139.627624500009
南部地区社会福祉協議会　文蔵支部,文蔵第二自治会館,さいたま市南区文蔵４－２５－２５,サロン・茶話会,原則として、文蔵地区にお住まいの方が対象。地域の方の交流・介護予防・健康づくりの場として、「おしゃべりサロン」（茶話会、ＤＶＤ鑑賞等）、「いきいきサロン」（健康体操）、「百歳体操サロン」（百歳体操）を行なっています。,それぞれのサロンを月１回,無償,シニアサポートセンター ハートランド浦和,048-836-2929,35.83920105,139.66870272
南部地区社会福祉協議会　文蔵支部,文蔵第二自治会館,さいたま市南区文蔵４－２５－２５,安否確認,原則として、文蔵地区にお住まいの方が対象。地域の方の交流・介護予防・健康づくりの場として、「おしゃべりサロン」（茶話会、ＤＶＤ鑑賞等）、「いきいきサロン」（健康体操）、「百歳体操サロン」（百歳体操）を行なっています。,それぞれのサロンを月１回,無償,シニアサポートセンター ハートランド浦和,048-836-2929,35.83920105,139.66870272
南部地区社会福祉協議会　文蔵支部,文蔵第二自治会館,さいたま市南区文蔵４－２５－２５,介護予防教室,原則として、文蔵地区にお住まいの方が対象。地域の方の交流・介護予防・健康づくりの場として、「おしゃべりサロン」（茶話会、ＤＶＤ鑑賞等）、「いきいきサロン」（健康体操）、「百歳体操サロン」（百歳体操）を行なっています。,それぞれのサロンを月１回,無償,シニアサポートセンター ハートランド浦和,048-836-2929,35.83920105,139.66870272
南部地区社会福祉協議会　文蔵支部,文蔵第二自治会館,さいたま市南区文蔵４－２５－２５,交流その他,原則として、文蔵地区にお住まいの方が対象。地域の方の交流・介護予防・健康づくりの場として、「おしゃべりサロン」（茶話会、ＤＶＤ鑑賞等）、「いきいきサロン」（健康体操）、「百歳体操サロン」（百歳体操）を行なっています。,それぞれのサロンを月１回,無償,シニアサポートセンター ハートランド浦和,048-836-2929,35.83920105,139.66870272
南部地区社会福祉協議会　文蔵支部,文蔵第二自治会館,さいたま市南区文蔵４－２５－２５,体操教室,原則として、文蔵地区にお住まいの方が対象。地域の方の交流・介護予防・健康づくりの場として、「おしゃべりサロン」（茶話会、ＤＶＤ鑑賞等）、「いきいきサロン」（健康体操）、「百歳体操サロン」（百歳体操）を行なっています。,それぞれのサロンを月１回,無償,シニアサポートセンター ハートランド浦和,048-836-2929,35.83920105,139.66870272
たんぽぽクラブ,水といこいの広場,さいたま市南区白幡6-15-16,運動・スポーツ,グラウンドゴルフの愛好会。皆でおしゃべりしながら楽しくやっています。,火曜日・水曜日・金曜日の９時から１１時,無償,さいたま市南区西部圏域シニアサポートセンター けやきホームズ,048-710-7555,35.8393544471687,139.65202119639
のぞみリハビリテーション　リハビリ体操・相談会,のぞみリハビリテーション　生活訓練室,さいたま市南区四谷3-13-15-102,介護予防教室,理学療法士による専門的な体操と相談を受けられます。,毎週水曜日　15：30～16：30,無償,のぞみリハビリテーション,048-711-2401,35.8393674893871,139.638138564167
のぞみリハビリテーション　リハビリ体操・相談会,のぞみリハビリテーション　生活訓練室,さいたま市南区四谷3-13-15-102,体操教室,理学療法士による専門的な体操と相談を受けられます。,毎週水曜日　15：30～16：30,無償,のぞみリハビリテーション,048-711-2401,35.8393674893871,139.638138564167
根岸３丁目自治会,六辻公民館,さいたま市南区根岸３－１０－７,サロン・茶話会,根岸３丁目在住の方が対象。お茶をしながら皆さんで親睦を図る。納涼祭は主に親子対象にご参加いただいている。,ふれあいサロン・敬老会・納涼祭は年１回,無償,シニアサポートセンター ハートランド浦和,048-836-2929,35.83966,139.66248
秋ヶ瀬サロン,田島新生会自治会館,さいたま市桜区田島１０－１８－１,サロン・茶話会,2ヶ月に1回の奇数月に地域の方が集まり麻雀・カラオケを中心に茶話会など楽しみます。折り紙や工作、講話等をする事もあります。,奇数月第4火曜日13:00～15:30,無償,ザイタック,048-836-3503,35.83973065,139.62217918
秋ヶ瀬サロン,田島新生会自治会館,さいたま市桜区田島１０－１８－１,音楽（歌唱・演奏）,2ヶ月に1回の奇数月に地域の方が集まり麻雀・カラオケを中心に茶話会など楽しみます。折り紙や工作、講話等をする事もあります。,奇数月第4火曜日13:00～15:30,無償,ザイタック,048-836-3503,35.83973065,139.62217918
秋ヶ瀬サロン,田島新生会自治会館,さいたま市桜区田島１０－１８－１,交流その他,2ヶ月に1回の奇数月に地域の方が集まり麻雀・カラオケを中心に茶話会など楽しみます。折り紙や工作、講話等をする事もあります。,奇数月第4火曜日13:00～15:30,無償,ザイタック,048-836-3503,35.83973065,139.62217918
楽二体操クラブ,六辻公民館,さいたま市南区根岸３－１０－７,介護予防教室,"南区在住の６０歳以上の方が対象。
百歳体操及び脳トレ運動",月３回程度,無償,シニアサポートセンター ハートランド浦和,048-836-2929,35.83976477,139.6623477
６３４　１００才体操,六辻公民館,さいたま市南区根岸３－１０－７,介護予防教室,百歳体操と脳トレ,月３回程度,無償,シニアサポートセンター ハートランド浦和,048-836-2929,35.839817936328,139.662347796513
根岸３丁目自治会,若竹幼稚園駐車場,さいたま市南区根岸３－１１－３,サロン・茶話会,根岸３丁目在住の方が対象。ラジオ体操、お茶をしながら皆さんで親睦を図る。,ラジオ体操は毎週土曜日　６時３０分,無償,シニアサポートセンター ハートランド浦和,048-836-2929,35.84014252,139.66320594
根岸３丁目自治会,若竹幼稚園駐車場,さいたま市南区根岸３－１１－３,運動・スポーツ,根岸３丁目在住の方が対象。ラジオ体操、お茶をしながら皆さんで親睦を図る。,ラジオ体操は毎週土曜日　６時３０分,無償,シニアサポートセンター ハートランド浦和,048-836-2929,35.84014252,139.66320594
日栄交通株式会社,日栄交通株式会社,さいたま市南区文蔵３－６－１２,その他生活支援,さいたま市南区全域が対象。タクシー会社が便利屋業も行っています。送迎や旅客だけでなく、おうちでの困り事等ご相談いただければ対応いたします。料金は３０分￥１５００～。作業内容により別途かかる場合がございます。建築リフォーム部もあるので幅広く対応いたします。,随時,有償,日栄交通株式会社,0120-933-204,35.8405121,139.675116
日栄交通株式会社,日栄交通株式会社,さいたま市南区文蔵３－６－１２,安否確認,さいたま市南区全域が対象。タクシー会社が便利屋業も行っています。送迎や旅客だけでなく、おうちでの困り事等ご相談いただければ対応いたします。料金は３０分￥１５００～。作業内容により別途かかる場合がございます。建築リフォーム部もあるので幅広く対応いたします。,随時,有償,日栄交通株式会社,0120-933-204,35.8405121,139.675116
日栄交通株式会社,日栄交通株式会社,さいたま市南区文蔵３－６－１２,移送・送迎（車両等使用）,さいたま市南区全域が対象。タクシー会社が便利屋業も行っています。送迎や旅客だけでなく、おうちでの困り事等ご相談いただければ対応いたします。料金は３０分￥１５００～。作業内容により別途かかる場合がございます。建築リフォーム部もあるので幅広く対応いたします。,随時,有償,日栄交通株式会社,0120-933-204,35.8405121,139.675116
日栄交通株式会社,日栄交通株式会社,さいたま市南区文蔵３－６－１２,移送・送迎（通院等移動支援）,さいたま市南区全域が対象。タクシー会社が便利屋業も行っています。送迎や旅客だけでなく、おうちでの困り事等ご相談いただければ対応いたします。料金は３０分￥１５００～。作業内容により別途かかる場合がございます。建築リフォーム部もあるので幅広く対応いたします。,随時,有償,日栄交通株式会社,0120-933-204,35.8405121,139.675116
日栄交通株式会社,日栄交通株式会社,さいたま市南区文蔵３－６－１２,配達サービス・移動販売,さいたま市南区全域が対象。タクシー会社が便利屋業も行っています。送迎や旅客だけでなく、おうちでの困り事等ご相談いただければ対応いたします。料金は３０分￥１５００～。作業内容により別途かかる場合がございます。建築リフォーム部もあるので幅広く対応いたします。,随時,有償,日栄交通株式会社,0120-933-204,35.8405121,139.675116
日栄交通株式会社,日栄交通株式会社,さいたま市南区文蔵３－６－１２,買い物・掃除・洗濯・電球交換・庭の手入れ（剪定・草取り）,さいたま市南区全域が対象。タクシー会社が便利屋業も行っています。送迎や旅客だけでなく、おうちでの困り事等ご相談いただければ対応いたします。料金は３０分￥１５００～。作業内容により別途かかる場合がございます。建築リフォーム部もあるので幅広く対応いたします。,随時,有償,日栄交通株式会社,0120-933-204,35.8405121,139.675116
コミュニティCafé,こかげのテラス,さいたま市桜区田島6-2-7,サロン・茶話会,誰でも気軽のお立ち寄りいただけるカフェです。,月～木10：00～12：30,有償,ザイタック,048-836-3503,35.84058,139.63108
ちょっと呑み,こかげのテラス,さいたま市桜区田島6-2-7,サロン・茶話会,"団地のコミュニティスペースが居酒屋に！
お酒を飲める人も飲めない人も一緒にわいわいがやがややりましょう！",月1回程度（曜日不定）,有償,ザイタック,048-836-3503,35.84058,139.63108
サイフォンコーヒーカフェ,こかげのテラス,さいたま市桜区田島6-2-7,サロン・茶話会,サイフォンで淹れた本格的コーヒーを気軽に楽しめるカフェです。,毎月第3水曜日13：00～15：30,有償,ザイタック,048-836-3503,35.84058,139.63108
コミュニティCafé,こかげのテラス,さいたま市桜区田島6-2-7,交流その他,誰でも気軽のお立ち寄りいただけるカフェです。,月～木10：00～12：30,有償,ザイタック,048-836-3503,35.84058,139.63108
ちょっと呑み,こかげのテラス,さいたま市桜区田島6-2-7,交流その他,"団地のコミュニティスペースが居酒屋に！
お酒を飲める人も飲めない人も一緒にわいわいがやがややりましょう！",月1回程度（曜日不定）,有償,ザイタック,048-836-3503,35.84058,139.63108
サイフォンコーヒーカフェ,こかげのテラス,さいたま市桜区田島6-2-7,交流その他,サイフォンで淹れた本格的コーヒーを気軽に楽しめるカフェです。,毎月第3水曜日13：00～15：30,有償,ザイタック,048-836-3503,35.84058,139.63108
田島ハッピーサロン,田島団地集会室,さいたま市桜区田島６－２－１３-２階,サロン・茶話会,ゲームや折り紙などを行い、地域住民同士で交流をしている。,年4回（6・11・1・3月）10:00～12:00,無償,田島団地集会室,048-862-7416,35.8412278,139.63027002
仲よしクラブ,田島団地集会室,さいたま市桜区田島６－２－１３,介護予防教室,ますます元気体操,ますます元気体操　月2回（第1･3水曜）13:30～15:30,無償,ザイタック,048-836-3503,35.8412278,139.63027002
田島ハッピーサロン,田島団地集会室,さいたま市桜区田島６－２－１３-２階,交流その他,ゲームや折り紙などを行い、地域住民同士で交流をしている。,年4回（6・11・1・3月）10:00～12:00,無償,田島団地集会室,048-862-7416,35.8412278,139.63027002
仲よしクラブ,田島団地集会室,さいたま市桜区田島６－２－１３,体操教室,ますます元気体操,ますます元気体操　月2回（第1･3水曜）13:30～15:30,無償,ザイタック,048-836-3503,35.8412278,139.63027002
株式会社　十一屋酒店,株式会社　十一屋酒店,さいたま市南区根岸２－１０－３,配達サービス・移動販売,対象地区は特に限定はありませんが、南区と（南区に近い所で）桜区と浦和区。地区によっては相談させていただきます。店頭販売はもちろん、電話注文による配達や見守りを兼ねて、ご用聞きにより配達もしております。,営業日：月曜日～土曜日　日曜日定休,無償,株式会社　十一屋酒店,048-861-6641,35.8412497886068,139.666195973853
六公会,辻公会堂,さいたま市南区辻２－２０ー１,運動・スポーツ,ゲートボール,週３回（月・水・金）・8:30～12:00,無償,シニアサポートセンター ハートランド浦和,048-836-2929,35.84131,139.66051
楽しいモルック,田島団地グラウンド（雨天：田島団地集会所）,さいたま市桜区田島６－２－７,運動・スポーツ,フィンランド生まれの「モルック」を楽しむグループです。,毎週木曜日10:00～11:30,条件付き無償,ザイタック,048-836-3503,35.8414477115823,139.6302005379
特定非営利活動法人　このまちで暮らす会,文蔵サロンwithキッチン,さいたま市南区文蔵２－２４－７,サロン・茶話会,サロン活動はマージャンのみ（コロナが終息するまで）　見守りの「安心電話」は週１回、声かけを行なう。,マージャン週１回、子ども食堂 月１回、安心電話 週１回,有償,シニアサポートセンター ハートランド浦和,048-836-2929,35.8416113514306,139.66796921914
特定非営利活動法人　このまちで暮らす会,文蔵サロンwithキッチン,さいたま市南区文蔵２－２４－７,その他生活支援,サロン活動はマージャンのみ（コロナが終息するまで）　見守りの「安心電話」は週１回、声かけを行なう。,マージャン週１回、子ども食堂 月１回、安心電話 週１回,有償,シニアサポートセンター ハートランド浦和,048-836-2929,35.8416113514306,139.66796921914
特定非営利活動法人　このまちで暮らす会,文蔵サロンwithキッチン,さいたま市南区文蔵２－２４－７,安否確認,サロン活動はマージャンのみ（コロナが終息するまで）　見守りの「安心電話」は週１回、声かけを行なう。,マージャン週１回、子ども食堂 月１回、安心電話 週１回,有償,シニアサポートセンター ハートランド浦和,048-836-2929,35.8416113514306,139.66796921914
特定非営利活動法人　このまちで暮らす会,文蔵サロンwithキッチン,さいたま市南区文蔵２－２４－７,健康麻雀・囲碁・将棋,サロン活動はマージャンのみ（コロナが終息するまで）　見守りの「安心電話」は週１回、声かけを行なう。,マージャン週１回、子ども食堂 月１回、安心電話 週１回,有償,シニアサポートセンター ハートランド浦和,048-836-2929,35.8416113514306,139.66796921914
子育てサロンよつばのひろば「ダブルケアカフェ」,四谷自治会館,さいたま市南区四谷3-7-34,サロン・茶話会,毎月第4月曜日9：00～12：00の子育てサロンよつばのひろば内で10：00～11：00にダブルケアカフェ（子育てと介護など複合的なケア）を開催しています。,"・サロン：第4月曜日10：00～11：00
・子供だけの相談会：不定期
・個別相談援助：随時",無償,子育てサロンよつばのひろば「ダブルケアカフェ」,048-767-3634（西地区社会福祉協議会）,35.8416560614515,139.638361658897
子育てサロンよつばのひろば「ダブルケアカフェ」,四谷自治会館,さいたま市南区四谷3-7-34,その他活動,毎月第4月曜日9：00～12：00の子育てサロンよつばのひろば内で10：00～11：00にダブルケアカフェ（子育てと介護など複合的なケア）を開催しています。,"・サロン：第4月曜日10：00～11：00
・子供だけの相談会：不定期
・個別相談援助：随時",無償,子育てサロンよつばのひろば「ダブルケアカフェ」,048-767-3634（西地区社会福祉協議会）,35.8416560614515,139.638361658897
子育てサロンよつばのひろば「ダブルケアカフェ」,四谷自治会館,さいたま市南区四谷3-7-34,その他生活支援,毎月第4月曜日9：00～12：00の子育てサロンよつばのひろば内で10：00～11：00にダブルケアカフェ（子育てと介護など複合的なケア）を開催しています。,"・サロン：第4月曜日10：00～11：00
・子供だけの相談会：不定期
・個別相談援助：随時",無償,子育てサロンよつばのひろば「ダブルケアカフェ」,048-767-3634（西地区社会福祉協議会）,35.8416560614515,139.638361658897
子育てサロンよつばのひろば「ダブルケアカフェ」,四谷自治会館,さいたま市南区四谷3-7-34,話し相手・傾聴,毎月第4月曜日9：00～12：00の子育てサロンよつばのひろば内で10：00～11：00にダブルケアカフェ（子育てと介護など複合的なケア）を開催しています。,"・サロン：第4月曜日10：00～11：00
・子供だけの相談会：不定期
・個別相談援助：随時",無償,子育てサロンよつばのひろば「ダブルケアカフェ」,048-767-3634（西地区社会福祉協議会）,35.8416560614515,139.638361658897
スペースカフェ　Be人Room,スペースカフェ　Be人Room,さいたま市南区四谷2-6-21,サロン・茶話会,地域の方への場所の提供。ヘルシーランチ、ディナー、女子会。弁当販売（配達可能）配達の場合は5キロ以内。みなさまのやりたいを応援する店,不定期,有償,スペースカフェ　Be人Room,090-3134-8035,35.84198618,139.63783318
スペースカフェ　Be人Room,スペースカフェ　Be人Room,さいたま市南区四谷2-6-21,音楽（歌唱・演奏）,地域の方への場所の提供。ヘルシーランチ、ディナー、女子会。弁当販売（配達可能）配達の場合は5キロ以内。みなさまのやりたいを応援する店,不定期,有償,スペースカフェ　Be人Room,090-3134-8035,35.84198618,139.63783318
スペースカフェ　Be人Room,スペースカフェ　Be人Room,さいたま市南区四谷2-6-21,会食会,地域の方への場所の提供。ヘルシーランチ、ディナー、女子会。弁当販売（配達可能）配達の場合は5キロ以内。みなさまのやりたいを応援する店,不定期,有償,スペースカフェ　Be人Room,090-3134-8035,35.84198618,139.63783318
スペースカフェ　Be人Room,スペースカフェ　Be人Room,さいたま市南区四谷2-6-21,場所の提供,地域の方への場所の提供。ヘルシーランチ、ディナー、女子会。弁当販売（配達可能）配達の場合は5キロ以内。みなさまのやりたいを応援する店,不定期,有償,スペースカフェ　Be人Room,090-3134-8035,35.84198618,139.63783318
スペースカフェ　Be人Room,スペースカフェ　Be人Room,さいたま市南区四谷2-6-21,料理,地域の方への場所の提供。ヘルシーランチ、ディナー、女子会。弁当販売（配達可能）配達の場合は5キロ以内。みなさまのやりたいを応援する店,不定期,有償,スペースカフェ　Be人Room,090-3134-8035,35.84198618,139.63783318
ヘアサロン　Be人Room,ヘアサロン　Be人Room,さいたま市南区四谷2-6-21,その他活動,美容全般。出張可。バリアフリー。車いす対応。,不定期,有償,ヘアサロン　Be人Room,090-3134-8035,35.84198618,139.63783318
渡辺酒店,渡辺酒店,さいたま市南区四谷2-6-21,配達サービス・移動販売,灯油・酒類の配達（室内までポリタンク運搬対応）,随時,条件付き無償,渡辺酒店,048-861-8316,35.84198618,139.63783318
ホームヘルプサービス　ソラスト武蔵浦和,ホームヘルプサービス　ソラスト武蔵浦和,さいたま市南区白幡4-19-1　第二春日ビル１F,その他生活支援,通院介助・見守り・草むしり・窓ふき（自費サービス）,随時,有償,ソラスト武蔵浦和,048-845-6765,35.84206154,139.65297067
ホームヘルプサービス　ソラスト武蔵浦和,ホームヘルプサービス　ソラスト武蔵浦和,さいたま市南区白幡4-19-1　第二春日ビル１F,安否確認,通院介助・見守り・草むしり・窓ふき（自費サービス）,随時,有償,ソラスト武蔵浦和,048-845-6765,35.84206154,139.65297067
ホームヘルプサービス　ソラスト武蔵浦和,ホームヘルプサービス　ソラスト武蔵浦和,さいたま市南区白幡4-19-1　第二春日ビル１F,環境美化・清掃,通院介助・見守り・草むしり・窓ふき（自費サービス）,随時,有償,ソラスト武蔵浦和,048-845-6765,35.84206154,139.65297067
ホームヘルプサービス　ソラスト武蔵浦和,ホームヘルプサービス　ソラスト武蔵浦和,さいたま市南区白幡4-19-1　第二春日ビル１F,買い物・掃除・洗濯・電球交換・庭の手入れ（剪定・草取り）,通院介助・見守り・草むしり・窓ふき（自費サービス）,随時,有償,ソラスト武蔵浦和,048-845-6765,35.84206154,139.65297067
ホームヘルプサービス　ソラスト武蔵浦和,ホームヘルプサービス　ソラスト武蔵浦和,さいたま市南区白幡4-19-1　第二春日ビル１F,話し相手・傾聴,通院介助・見守り・草むしり・窓ふき（自費サービス）,随時,有償,ソラスト武蔵浦和,048-845-6765,35.84206154,139.65297067
emiジム,emiジム,さいたま市南区白幡4-13-3,運動・スポーツ,誰もが無理なくこなせるソフトなマシンを御用意しております。介護予防を兼ねてランニングやウォーキングもできます。是非1度無料体験にどうぞ！！,事前予約制　利用されたい日の前日までに予約。,有償,さいたま市南区西部圏域シニアサポートセンター けやきホームズ,048-710-7555,35.84258652,139.65478159
ダイハツ筋トレクラブ,埼玉ダイハツ本社,さいたま市南区根岸5-16-6,介護予防教室,百歳体操,土曜日10時～11時半,無償,シニアサポートセンター ハートランド浦和,048-836-2929,35.8426985580033,139.655848068147
さわやかケアみなみ　,さわやかケアみなみ　,さいたま市南区沼影1-4-14　ラ・アミスタ武蔵浦和101,安否確認,介護保険が適用にならないご希望・ご要望に「さわやかサービス」がお応えします。,随時,有償,さわやかケアみなみ　,048-864-3631,35.84358333,139.64239936
さわやかケアみなみ　,さわやかケアみなみ　,さいたま市南区沼影1-4-14　ラ・アミスタ武蔵浦和101,移送・送迎（通院等移動支援）,介護保険が適用にならないご希望・ご要望に「さわやかサービス」がお応えします。,随時,有償,さわやかケアみなみ　,048-864-3631,35.84358333,139.64239936
さわやかケアみなみ　,さわやかケアみなみ　,さいたま市南区沼影1-4-14　ラ・アミスタ武蔵浦和101,買い物・掃除・洗濯・電球交換・庭の手入れ（剪定・草取り）,介護保険が適用にならないご希望・ご要望に「さわやかサービス」がお応えします。,随時,有償,さわやかケアみなみ　,048-864-3631,35.84358333,139.64239936
さわやかケアみなみ　,さわやかケアみなみ　,さいたま市南区沼影1-4-14　ラ・アミスタ武蔵浦和101,話し相手・傾聴,介護保険が適用にならないご希望・ご要望に「さわやかサービス」がお応えします。,随時,有償,さわやかケアみなみ　,048-864-3631,35.84358333,139.64239936
文蔵福寿会グランド・ゴルフ部,郷前公園,さいたま市南区文蔵２－３１－４,運動・スポーツ,基本、文蔵に住んでいる方が対象。グランド・ゴルフを通じて親睦と健康を行っています。,毎週水曜日と金曜日,無償,シニアサポートセンター ハートランド浦和,048-836-2929,35.8435868066289,139.666345625349
はるかの御用聞き,はるかの御用聞き,さいたま市南区白幡5-4-16,その他生活支援,日常生活の些細な困りごとを解決いたします。ちょっとした家事代行から付き添いサービスやたすかるサービスまで、地域密着でお手伝いします。,随時,有償,はるかの御用聞き,048-866-8860（10時～17時）,35.8439147877274,139.649852196513
はるかの御用聞き,はるかの御用聞き,さいたま市南区白幡5-4-16,安否確認,日常生活の些細な困りごとを解決いたします。ちょっとした家事代行から付き添いサービスやたすかるサービスまで、地域密着でお手伝いします。,随時,有償,はるかの御用聞き,048-866-8860（10時～17時）,35.8439147877274,139.649852196513
はるかの御用聞き,はるかの御用聞き,さいたま市南区白幡5-4-16,移送・送迎（通院等移動支援）,日常生活の些細な困りごとを解決いたします。ちょっとした家事代行から付き添いサービスやたすかるサービスまで、地域密着でお手伝いします。,随時,有償,はるかの御用聞き,048-866-8860（10時～17時）,35.8439147877274,139.649852196513
はるかの御用聞き,はるかの御用聞き,さいたま市南区白幡5-4-16,買い物・掃除・洗濯・電球交換・庭の手入れ（剪定・草取り）,日常生活の些細な困りごとを解決いたします。ちょっとした家事代行から付き添いサービスやたすかるサービスまで、地域密着でお手伝いします。,随時,有償,はるかの御用聞き,048-866-8860（10時～17時）,35.8439147877274,139.649852196513
はるかの御用聞き,はるかの御用聞き,さいたま市南区白幡5-4-16,話し相手・傾聴,日常生活の些細な困りごとを解決いたします。ちょっとした家事代行から付き添いサービスやたすかるサービスまで、地域密着でお手伝いします。,随時,有償,はるかの御用聞き,048-866-8860（10時～17時）,35.8439147877274,139.649852196513
しらはたクラブ,白幡東高層住宅集会所,さいたま市南区白幡３－１－９,サロン・茶話会,南区白幡東高層住宅居住の５５才以上の方が対象（ただし、条件によっては近隣住民の参加可）。ラジオ体操、太極拳、書道、短歌、カラオケ、囲碁、卓球、ゴルフ、スポーツ吹き矢、公式ワナゲ、健康マージャン,ラジオ体操は毎日、その他は月１～４回,有償,シニアサポートセンター ハートランド浦和,048-836-2929,35.84396968,139.65392606
しらはたクラブ,白幡東高層住宅集会所,さいたま市南区白幡３－１－９,運動・スポーツ,南区白幡東高層住宅居住の５５才以上の方が対象（ただし、条件によっては近隣住民の参加可）。ラジオ体操、太極拳、書道、短歌、カラオケ、囲碁、卓球、ゴルフ、スポーツ吹き矢、公式ワナゲ、健康マージャン,ラジオ体操は毎日、その他は月１～４回,有償,シニアサポートセンター ハートランド浦和,048-836-2929,35.84396968,139.65392606
しらはたクラブ,白幡東高層住宅集会所,さいたま市南区白幡３－１－９,音楽（歌唱・演奏）,南区白幡東高層住宅居住の５５才以上の方が対象（ただし、条件によっては近隣住民の参加可）。ラジオ体操、太極拳、書道、短歌、カラオケ、囲碁、卓球、ゴルフ、スポーツ吹き矢、公式ワナゲ、健康マージャン,ラジオ体操は毎日、その他は月１～４回,有償,シニアサポートセンター ハートランド浦和,048-836-2929,35.84396968,139.65392606
しらはたクラブ,白幡東高層住宅集会所,さいたま市南区白幡３－１－９,会食会,南区白幡東高層住宅居住の５５才以上の方が対象（ただし、条件によっては近隣住民の参加可）。ラジオ体操、太極拳、書道、短歌、カラオケ、囲碁、卓球、ゴルフ、スポーツ吹き矢、公式ワナゲ、健康マージャン,ラジオ体操は毎日、その他は月１～４回,有償,シニアサポートセンター ハートランド浦和,048-836-2929,35.84396968,139.65392606
しらはたクラブ,白幡東高層住宅集会所,さいたま市南区白幡３－１－９,絵画・書道,南区白幡東高層住宅居住の５５才以上の方が対象（ただし、条件によっては近隣住民の参加可）。ラジオ体操、太極拳、書道、短歌、カラオケ、囲碁、卓球、ゴルフ、スポーツ吹き矢、公式ワナゲ、健康マージャン,ラジオ体操は毎日、その他は月１～４回,有償,シニアサポートセンター ハートランド浦和,048-836-2929,35.84396968,139.65392606
しらはたクラブ,白幡東高層住宅集会所,さいたま市南区白幡３－１－９,健康麻雀・囲碁・将棋,南区白幡東高層住宅居住の５５才以上の方が対象（ただし、条件によっては近隣住民の参加可）。ラジオ体操、太極拳、書道、短歌、カラオケ、囲碁、卓球、ゴルフ、スポーツ吹き矢、公式ワナゲ、健康マージャン,ラジオ体操は毎日、その他は月１～４回,有償,シニアサポートセンター ハートランド浦和,048-836-2929,35.84396968,139.65392606
しらはたクラブ,白幡東高層住宅集会所,さいたま市南区白幡３－１－９,体操教室,南区白幡東高層住宅居住の５５才以上の方が対象（ただし、条件によっては近隣住民の参加可）。ラジオ体操、太極拳、書道、短歌、カラオケ、囲碁、卓球、ゴルフ、スポーツ吹き矢、公式ワナゲ、健康マージャン,ラジオ体操は毎日、その他は月１～４回,有償,シニアサポートセンター ハートランド浦和,048-836-2929,35.84396968,139.65392606
白扇会,沼影自治会館,さいたま市南区沼影1-6-29,サロン・茶話会,お茶飲み会・カラオケ・健康吹き矢・ふれあい会食・バスツアー（日帰り）など,月に2～3回,有償,さいたま市南区西部圏域シニアサポートセンター けやきホームズ,048-710-7555,35.84429439,139.643577
白扇会,沼影自治会館,さいたま市南区沼影1-6-29,その他活動,お茶飲み会・カラオケ・健康吹き矢・ふれあい会食・バスツアー（日帰り）など,月に2～3回,有償,さいたま市南区西部圏域シニアサポートセンター けやきホームズ,048-710-7555,35.84429439,139.643577
白扇会,沼影自治会館,さいたま市南区沼影1-6-29,会食会,お茶飲み会・カラオケ・健康吹き矢・ふれあい会食・バスツアー（日帰り）など,月に2～3回,有償,さいたま市南区西部圏域シニアサポートセンター けやきホームズ,048-710-7555,35.84429439,139.643577
白扇会,沼影自治会館,さいたま市南区沼影1-6-29,交流その他,お茶飲み会・カラオケ・健康吹き矢・ふれあい会食・バスツアー（日帰り）など,月に2～3回,有償,さいたま市南区西部圏域シニアサポートセンター けやきホームズ,048-710-7555,35.84429439,139.643577
根岸ハッピー会,根岸公会堂,さいたま市南区根岸４－２－７,サロン・茶話会,根岸地区居住、６５才以上の男女が対象。新年会、総会、懇親会、忘年会実施。集会の時、講話、高齢者向け体操、ゲーム、カラオケ等,年４～５回,有償,シニアサポートセンター ハートランド浦和,048-836-2929,35.84436,139.66051
根岸自治会,根岸公会堂,さいたま市南区根岸４－２－７,安否確認,根岸・神明にお住まいの方、根岸自治会員の方が対象。朝のラジオ体操はおはようの一言から健全な体力づくり。,毎週土曜,無償,シニアサポートセンター ハートランド浦和,048-836-2929,35.8444,139.66053
根岸自治会,根岸公会堂,さいたま市南区根岸４－２－７,音楽（歌唱・演奏）,根岸・神明にお住まいの方、根岸自治会員の方が対象。朝のラジオ体操はおはようの一言から健全な体力づくり。,毎週土曜,無償,シニアサポートセンター ハートランド浦和,048-836-2929,35.8444,139.66053
根岸自治会,根岸公会堂,さいたま市南区根岸４－２－７,環境美化・清掃,根岸・神明にお住まいの方、根岸自治会員の方が対象。朝のラジオ体操はおはようの一言から健全な体力づくり。,毎週土曜,無償,シニアサポートセンター ハートランド浦和,048-836-2929,35.8444,139.66053
根岸自治会,根岸公会堂,さいたま市南区根岸４－２－７,体操教室,根岸・神明にお住まいの方、根岸自治会員の方が対象。朝のラジオ体操はおはようの一言から健全な体力づくり。,毎週土曜,無償,シニアサポートセンター ハートランド浦和,048-836-2929,35.8444,139.66053
根岸自治会,根岸公会堂,さいたま市南区根岸４－２－７,防犯パトロール,根岸・神明にお住まいの方、根岸自治会員の方が対象。朝のラジオ体操はおはようの一言から健全な体力づくり。,毎週土曜,無償,シニアサポートセンター ハートランド浦和,048-836-2929,35.8444,139.66053
ヒューマンオレンジカフェin武蔵浦和の宿,ヒューマンライフケア武蔵浦和の宿,さいたま市南区根岸５－２－１５,サロン・茶話会,"「テレビゲームを使用してボーリング」や「百歳体操」「カラオケ」を行っています。
さいたま市内の方が対象",毎月第2火曜日,無償,ヒューマンライフケア武蔵浦和の宿,048-864-6220,35.8445792538679,139.656866425226
ヒューマンオレンジカフェin武蔵浦和の宿,ヒューマンライフケア武蔵浦和の宿,さいたま市南区根岸５－２－１５,運動・スポーツ,"「テレビゲームを使用してボーリング」や「百歳体操」「カラオケ」を行っています。
さいたま市内の方が対象",毎月第2火曜日,無償,ヒューマンライフケア武蔵浦和の宿,048-864-6220,35.8445792538679,139.656866425226
ヒューマンオレンジカフェin武蔵浦和の宿,ヒューマンライフケア武蔵浦和の宿,さいたま市南区根岸５－２－１５,音楽（歌唱・演奏）,"「テレビゲームを使用してボーリング」や「百歳体操」「カラオケ」を行っています。
さいたま市内の方が対象",毎月第2火曜日,無償,ヒューマンライフケア武蔵浦和の宿,048-864-6220,35.8445792538679,139.656866425226
ヒューマンオレンジカフェin武蔵浦和の宿,ヒューマンライフケア武蔵浦和の宿,さいたま市南区根岸５－２－１５,交流その他,"「テレビゲームを使用してボーリング」や「百歳体操」「カラオケ」を行っています。
さいたま市内の方が対象",毎月第2火曜日,無償,ヒューマンライフケア武蔵浦和の宿,048-864-6220,35.8445792538679,139.656866425226
ヒューマンオレンジカフェin武蔵浦和の宿,ヒューマンライフケア武蔵浦和の宿,さいたま市南区根岸５－２－１５,体操教室,"「テレビゲームを使用してボーリング」や「百歳体操」「カラオケ」を行っています。
さいたま市内の方が対象",毎月第2火曜日,無償,ヒューマンライフケア武蔵浦和の宿,048-864-6220,35.8445792538679,139.656866425226
介護者サロン　ケアラーズうらわ,さいたま市南区役所1階多目的室,さいたま市南区別所７－２０－１,サロン・茶話会,介護の悩み・心配ごと・困っていることなんでも話せるサロンです。ここで話された内容はここだけのこと、安心してお話しください。,毎月第2木曜日　13:30～　（8月お休み）,有償,さいたま市南区西部圏域シニアサポートセンター けやきホームズ,048-710-7555,35.84531209,139.64536124
ゆりの会,シニアふれあいセンター　サウスピア　（サウスピア　７F）,さいたま市南区別所7-20-1,介護予防教室,ますます元気教室修了生が中心になって、活動開始。実施はいきいき百歳体操のみだが、ホール内に設置されている大型全身鏡を利用し、自分のフォームを確認しながら体操している。　,月に2回　火曜日10:00～,無償,さいたま市南区西部圏域シニアサポートセンター けやきホームズ,048-710-7555,35.84531209,139.64536124
悠々元気Taisou,シニアふれあいセンター　サウスピア　（サウスピア　７F）,さいたま市南区別所7-20-1,介護予防教室,・百歳体操教室　・さいたま市長寿応援指定介護予防運動　・気功体操,月に2回 金曜日 13：00～14：00　（武蔵浦和コミュニティセンターで実施する月も有）,有償,さいたま市南区西部圏域シニアサポートセンター けやきホームズ,048-710-7555,35.84531209,139.64536124
悠々元気Taisou,シニアふれあいセンター　サウスピア　（サウスピア　７F）,さいたま市南区別所7-20-1,交流その他,・百歳体操教室　・さいたま市長寿応援指定介護予防運動　・気功体操,月に2回 金曜日 13：00～14：00　（武蔵浦和コミュニティセンターで実施する月も有）,有償,さいたま市南区西部圏域シニアサポートセンター けやきホームズ,048-710-7555,35.84531209,139.64536124
ハートサロン,シニアふれあいセンターサウスピア７階,さいたま市南区別所７－２０－１,サロン・茶話会,"健康体操、脳トレを行っています。
※事前申込となります。ハートランド浦和までご連絡ください。","偶数月第２火曜・14:30～15:30
※会場が休みの場合、第３火曜に実施",無償,シニアサポートセンター ハートランド浦和,048-836-2929,35.84531209,139.64536124
ハートサロン,シニアふれあいセンターサウスピア７階,さいたま市南区別所７－２０－１,体操教室,"健康体操、脳トレを行っています。
※事前申込となります。ハートランド浦和までご連絡ください。","偶数月第２火曜・14:30～15:30
※会場が休みの場合、第３火曜に実施",無償,シニアサポートセンター ハートランド浦和,048-836-2929,35.84531209,139.64536124
グリーンフレッシュ,グリーンフレッシュ,さいたま市南区南浦和３－４３－１３,配食サービス,手間暇かけて調理した惣菜を、高齢者やお身体のご不自由な方等へ、デリバリーを行っています。１００％自家製・無添加の惣菜から週ごとの日替わりランチメニューは、無料の汁物もついています。＊配達地区／要相談,日曜定休日　祝日は月によって営業あり。他正月・盆・５月連休に若干の休日あり,有償,グリーンフレッシュ,048‐881-0702,35.84536,139.67461
グリーンフレッシュ,グリーンフレッシュ,さいたま市南区南浦和３－４３－１３,配達サービス・移動販売,手間暇かけて調理した惣菜を、高齢者やお身体のご不自由な方等へ、デリバリーを行っています。１００％自家製・無添加の惣菜から週ごとの日替わりランチメニューは、無料の汁物もついています。＊配達地区／要相談,日曜定休日　祝日は月によって営業あり。他正月・盆・５月連休に若干の休日あり,有償,グリーンフレッシュ,048‐881-0702,35.84536,139.67461
田島コスモス,田島公民館,さいたま市桜区田島３－２７－６,介護予防教室,いきいき百歳体操を楽しむグループです。,毎週火曜日10:00～,無償,ザイタック,048-836-3503,35.8454614629036,139.632816296513
田島コスモス,田島公民館,さいたま市桜区田島３－２７－６,体操教室,いきいき百歳体操を楽しむグループです。,毎週火曜日10:00～,無償,ザイタック,048-836-3503,35.8454614629036,139.632816296513
すこやか,田島公民館,さいたま市桜区田島３－２７－６,運動・スポーツ,ボールやゴムバンドを使った運動です。音楽を流しながら気持ち良く体を動かします。,原則週2回,有償,ザイタック,048-836-3503,35.8454788839433,139.632805571163
すこやか,田島公民館,さいたま市桜区田島３－２７－６,介護予防教室,ボールやゴムバンドを使った運動です。音楽を流しながら気持ち良く体を動かします。,原則週2回,有償,ザイタック,048-836-3503,35.8454788839433,139.632805571163
桜の会,田島公民館,さいたま市桜区田島３－２７－６,介護予防教室,音楽に合わせて、みんなで楽しくいきいき百歳体操を行っています。,毎週金曜日10：00～,無償,ザイタック,048-836-3503,35.8454836112907,139.63281166743
桜の会,田島公民館,さいたま市桜区田島３－２７－６,体操教室,音楽に合わせて、みんなで楽しくいきいき百歳体操を行っています。,毎週金曜日10：00～,無償,ザイタック,048-836-3503,35.8454836112907,139.63281166743
楽,シニアふれあいセンター　サウスピア　（サウスピア　７F）,さいたま市南区別所7-20-1,その他活動,主に麻雀を月8回程度活動してます。なごやかな会で無理のない範囲で参加できます。不定期で散策会、食事会等、自由参加で実施しています。,"麻雀クラブは週2回程度
他イベントは不定期",有償,さいたま市南区西部圏域シニアサポートセンター けやきホームズ,048-710-7555,35.8455727954333,139.645363667676
楽,シニアふれあいセンター　サウスピア　（サウスピア　７F）,さいたま市南区別所7-20-1,会食会,主に麻雀を月8回程度活動してます。なごやかな会で無理のない範囲で参加できます。不定期で散策会、食事会等、自由参加で実施しています。,"麻雀クラブは週2回程度
他イベントは不定期",有償,さいたま市南区西部圏域シニアサポートセンター けやきホームズ,048-710-7555,35.8455727954333,139.645363667676
楽,シニアふれあいセンター　サウスピア　（サウスピア　７F）,さいたま市南区別所7-20-1,健康麻雀・囲碁・将棋,主に麻雀を月8回程度活動してます。なごやかな会で無理のない範囲で参加できます。不定期で散策会、食事会等、自由参加で実施しています。,"麻雀クラブは週2回程度
他イベントは不定期",有償,さいたま市南区西部圏域シニアサポートセンター けやきホームズ,048-710-7555,35.8455727954333,139.645363667676
バラの会,武蔵浦和コミュニティセンター,さいたま市南区別所7-20-1,介護予防教室,さいたま市が毎年開催している「ますます元気教室」を受講した修了生が、「百歳体操」を継続するために始めた自主グループです,週１回,無償,さいたま市南区西部圏域シニアサポートセンター けやきホームズ,048-710-7555,35.8455727954333,139.645363667676
百歳まで元気「ココニール」　ほほえみの会,鹿手袋会館,さいたま市南区鹿手袋6-4-11,サロン・茶話会,健康寿命を延ばし豊かな老後を送るために百歳まで元気に体操の筋トレと関節の可動域を広げ、免疫力・治癒力をアップする為にボールと手拭いで、リンパの流れを良くします。,"週2回（水・金）月6回
年66回で8月は休み",有償,百歳まで元気「ココニール」　ほほえみの会,090-3402-7935,35.84572189,139.63913292
鹿手袋シカテカフェ,鹿手袋会館,さいたま市南区鹿手袋6-4-11,サロン・茶話会,毎月1回、鹿手袋会館でお茶会の開催。誰でも参加可能です。,毎月1回（大体第2日曜日）,有償,鹿手袋カフェ,090-8302-8574,35.84572189,139.63913292
百歳まで元気「ココニール」　ほほえみの会,鹿手袋会館,さいたま市南区鹿手袋6-4-11,安否確認,健康寿命を延ばし豊かな老後を送るために百歳まで元気に体操の筋トレと関節の可動域を広げ、免疫力・治癒力をアップする為にボールと手拭いで、リンパの流れを良くします。,"週2回（水・金）月6回
年66回で8月は休み",有償,百歳まで元気「ココニール」　ほほえみの会,090-3402-7935,35.84572189,139.63913292
百歳まで元気「ココニール」　ほほえみの会,鹿手袋会館,さいたま市南区鹿手袋6-4-11,音楽（歌唱・演奏）,健康寿命を延ばし豊かな老後を送るために百歳まで元気に体操の筋トレと関節の可動域を広げ、免疫力・治癒力をアップする為にボールと手拭いで、リンパの流れを良くします。,"週2回（水・金）月6回
年66回で8月は休み",有償,百歳まで元気「ココニール」　ほほえみの会,090-3402-7935,35.84572189,139.63913292
百歳まで元気「ココニール」　ほほえみの会,鹿手袋会館,さいたま市南区鹿手袋6-4-11,介護予防教室,健康寿命を延ばし豊かな老後を送るために百歳まで元気に体操の筋トレと関節の可動域を広げ、免疫力・治癒力をアップする為にボールと手拭いで、リンパの流れを良くします。,"週2回（水・金）月6回
年66回で8月は休み",有償,百歳まで元気「ココニール」　ほほえみの会,090-3402-7935,35.84572189,139.63913292
百歳まで元気「ココニール」　ほほえみの会,鹿手袋会館,さいたま市南区鹿手袋6-4-11,場所の提供,健康寿命を延ばし豊かな老後を送るために百歳まで元気に体操の筋トレと関節の可動域を広げ、免疫力・治癒力をアップする為にボールと手拭いで、リンパの流れを良くします。,"週2回（水・金）月6回
年66回で8月は休み",有償,百歳まで元気「ココニール」　ほほえみの会,090-3402-7935,35.84572189,139.63913292
百歳まで元気「ココニール」　ほほえみの会,鹿手袋会館,さいたま市南区鹿手袋6-4-11,体操教室,健康寿命を延ばし豊かな老後を送るために百歳まで元気に体操の筋トレと関節の可動域を広げ、免疫力・治癒力をアップする為にボールと手拭いで、リンパの流れを良くします。,"週2回（水・金）月6回
年66回で8月は休み",有償,百歳まで元気「ココニール」　ほほえみの会,090-3402-7935,35.84572189,139.63913292
百歳まで元気「ココニール」　ほほえみの会,鹿手袋会館,さいたま市南区鹿手袋6-4-11,話し相手・傾聴,健康寿命を延ばし豊かな老後を送るために百歳まで元気に体操の筋トレと関節の可動域を広げ、免疫力・治癒力をアップする為にボールと手拭いで、リンパの流れを良くします。,"週2回（水・金）月6回
年66回で8月は休み",有償,百歳まで元気「ココニール」　ほほえみの会,090-3402-7935,35.84572189,139.63913292
南三クラブ,南浦和３丁目自治会館,さいたま市南区南浦和３丁目３－１７,サロン・茶話会,①いきいき百歳体操 ②老人クラブ定例会(会員限定  )季節の応じたレクリエーション,①第2・4水曜日13:00～14:30 ②第3水曜日13:00～,有償,社協みなみ,048‐871-1230,35.84663,139.67274
南三クラブ,南浦和３丁目自治会館,さいたま市南区南浦和３丁目３－１７,介護予防教室,①いきいき百歳体操 ②老人クラブ定例会(会員限定  )季節の応じたレクリエーション,①第2・4水曜日13:00～14:30 ②第3水曜日13:00～,有償,社協みなみ,048‐871-1230,35.84663,139.67274
白幡白寿会,白幡自治会館,さいたま市南区白幡１丁目16-27,サロン・茶話会,白幡１～６丁目（５丁目を除く）在住で、自治会入会の方が対象。カラオケを通じて参加者が話し合う（井戸端会議）ような会、歌わなくてもＯＫ。,第２、４月曜・13:00～16:00,無償,シニアサポートセンター ハートランド浦和,048-836-2929,35.84668,139.65392
白幡白寿会,白幡自治会館,さいたま市南区白幡１丁目16-27,音楽（歌唱・演奏）,白幡１～６丁目（５丁目を除く）在住で、自治会入会の方が対象。カラオケを通じて参加者が話し合う（井戸端会議）ような会、歌わなくてもＯＫ。,第２、４月曜・13:00～16:00,無償,シニアサポートセンター ハートランド浦和,048-836-2929,35.84668,139.65392
けやきホームズ100歳体操,特別養護老人ホームけやきホームズ,さいたま市南区鹿手袋7-13-4,介護予防教室,錘バンドを用いた筋力運動。6つの動作を反復運動、継続することで効果が期待できます。,"週1回　火曜日9:00～（時期により10：00～）
詳しい時間はお問い合わせください",無償,さいたま市南区西部圏域シニアサポートセンター けやきホームズ,048-710-7555,35.84707997,139.63538321
ケアステーション　ふたば,ケアステーション　ふたば,さいたま市南区鹿手袋4-26-29,移送・送迎（通院等移動支援）,介護予防・日常生活支援総合事業対象のご利用者様に自立型生活支援を行っています。,随時,有償,ケアステーション　ふたば,048-836-2858,35.84730224,139.63861068
ケアステーション　ふたば,ケアステーション　ふたば,さいたま市南区鹿手袋4-26-29,買い物・掃除・洗濯,介護予防・日常生活支援総合事業対象のご利用者様に自立型生活支援を行っています。,随時,有償,ケアステーション　ふたば,048-836-2858,35.84730224,139.63861068
あさひケアサービス,有限会社あさひ福祉サービス　あさひケアサービス,さいたま市南区鹿手袋4-31-17　1F,移送・送迎（車両等使用）,介護タクシー・訪問介護（身体介護・家事支援）,随時,有償,有限会社あさひ福祉サービス　あさひケアサービス,048-838-1775,35.84740782,139.63996055
あさひケアサービス,有限会社あさひ福祉サービス　あさひケアサービス,さいたま市南区鹿手袋4-31-17　1F,移送・送迎（通院等移動支援）,介護タクシー・訪問介護（身体介護・家事支援）,随時,有償,有限会社あさひ福祉サービス　あさひケアサービス,048-838-1775,35.84740782,139.63996055
あさひケアサービス,有限会社あさひ福祉サービス　あさひケアサービス,さいたま市南区鹿手袋4-31-17　1F,買い物・掃除・洗濯・電球交換・庭の手入れ（剪定・草取り）,介護タクシー・訪問介護（身体介護・家事支援）,随時,有償,有限会社あさひ福祉サービス　あさひケアサービス,048-838-1775,35.84740782,139.63996055
ベンリーさいたま武蔵浦和店,ベンリーさいたま武蔵浦和店,さいたま市南区別所１－２７－９　,その他生活支援,"各種クリーニング、運搬、不用品処理、その他修繕、リフォームなど行っています。他、色々とご相談ください。
お見積り無料。","月～土　8：30～17：30
年末年始　12/30～1/3は休み",有償,ベンリーさいたま武蔵浦和店,0120-044-755,35.8475202690969,139.650440096513
ベンリーさいたま武蔵浦和店,ベンリーさいたま武蔵浦和店,さいたま市南区別所１－２７－９　,環境美化・清掃,"各種クリーニング、運搬、不用品処理、その他修繕、リフォームなど行っています。他、色々とご相談ください。
お見積り無料。","月～土　8：30～17：30
年末年始　12/30～1/3は休み",有償,ベンリーさいたま武蔵浦和店,0120-044-755,35.8475202690969,139.650440096513
ベンリーさいたま武蔵浦和店,ベンリーさいたま武蔵浦和店,さいたま市南区別所１－２７－９　,買い物・掃除・洗濯・電球交換・庭の手入れ（剪定・草取り）,"各種クリーニング、運搬、不用品処理、その他修繕、リフォームなど行っています。他、色々とご相談ください。
お見積り無料。","月～土　8：30～17：30
年末年始　12/30～1/3は休み",有償,ベンリーさいたま武蔵浦和店,0120-044-755,35.8475202690969,139.650440096513
神明自治会,コーププラザ浦和,さいたま市南区南本町２－１０－１０,サロン・茶話会,神明自治会とその近隣住民の方が対象。地域運動支援員による体操・茶話会等、親睦を深める。孤独感の解消、新しい友人作り等、認知症予防に役立てている。,サロンは年に３、４回,無償,シニアサポートセンター ハートランド浦和,048-836-2929,35.84753342,139.6657804
神明自治会,コーププラザ浦和,さいたま市南区南本町２－１０－１０,運動・スポーツ,神明自治会とその近隣住民の方が対象。地域運動支援員による体操・茶話会等、親睦を深める。孤独感の解消、新しい友人作り等、認知症予防に役立てている。,サロンは年に３、４回,無償,シニアサポートセンター ハートランド浦和,048-836-2929,35.84753342,139.6657804
医療生協さいたま南風支部　花の会,辻公会堂,さいたま市南区辻２－２０－１,音楽（歌唱・演奏）,歌とおしゃべりで楽しい時間を過ごす。声を出す事で認知症予防になり、沢山の仲間が出来て生きがいにもなります。,第１月曜 、１４時～１６時,有償,浦和民主診療所　組織担当,048-832-6156,35.84753342,139.6657804
有限会社　ぽけっと,有限会社　ぽけっと,さいたま市南区鹿手袋7－10－14,その他活動,"・介護エステ：３０分３０００円。アロマを使用してのマッサージやお化粧、ハンドケアやフットケア等を行いなす。介護施設にも訪問可能です。
・フットケアサービス：３０分３０００円。巻き爪ケア、肥厚した踵ケア、むくみ処置等を行います。足のケアにより、転倒防止や下肢筋力向上を目指すサービスです。テープなど物品が必要となった場合、実費購入いただく場合もあります。",随時,,有限会社　ぽけっと,048-865-3365,35.84756879,139.63529709
有限会社　ぽけっと,有限会社　ぽけっと,さいたま市南区鹿手袋7-10－14,安否確認,介護保険が適用にならない支援,随時,有償,有限会社　ぽけっと,048-865-3365,35.84756879,139.63529709
有限会社　ぽけっと,有限会社　ぽけっと,さいたま市南区鹿手袋7-10－14,移送・送迎（車両等使用）,介護保険が適用にならない支援,随時,有償,有限会社　ぽけっと,048-865-3365,35.84756879,139.63529709
有限会社　ぽけっと,有限会社　ぽけっと,さいたま市南区鹿手袋7-10－14,移送・送迎（通院等移動支援）,介護保険が適用にならない支援,随時,有償,有限会社　ぽけっと,048-865-3365,35.84756879,139.63529709
有限会社　ぽけっと,有限会社　ぽけっと,さいたま市南区鹿手袋7-10－14,買い物・掃除・洗濯・電球交換・庭の手入れ（剪定・草取り）,介護保険が適用にならない支援,随時,有償,有限会社　ぽけっと,048-865-3365,35.84756879,139.63529709
有限会社　ぽけっと,有限会社　ぽけっと,さいたま市南区鹿手袋7-10－14,話し相手・傾聴,介護保険が適用にならない支援,随時,有償,有限会社　ぽけっと,048-865-3365,35.84756879,139.63529709
BABA lab　（ババラボ）,BABA　lab　さいたま工房,さいたま市南区鹿手袋7-3-19,健康麻雀・囲碁・将棋,地域の課題を解決するビジネスの運営　・高齢者の経験やアイデアを活かして、「孫育て」グッズを企画製作販売する　・手作りワークショップの開催（不定期）　・健康マージャン教室の開催（月1回）,イベントによる,無償,BABA lab　（ババラボ）,048-799-3214,35.84757993,139.63616645
BABA lab　（ババラボ）,BABA　lab　さいたま工房,さいたま市南区鹿手袋7-3-19,交流その他,地域の課題を解決するビジネスの運営　・高齢者の経験やアイデアを活かして、「孫育て」グッズを企画製作販売する　・手作りワークショップの開催（不定期）　・健康マージャン教室の開催（月1回）,イベントによる,無償,BABA lab　（ババラボ）,048-799-3214,35.84757993,139.63616645
BABA lab　（ババラボ）,BABA　lab　さいたま工房,さいたま市南区鹿手袋7-3-19,公開講座,地域の課題を解決するビジネスの運営　・高齢者の経験やアイデアを活かして、「孫育て」グッズを企画製作販売する　・手作りワークショップの開催（不定期）　・健康マージャン教室の開催（月1回）,イベントによる,無償,BABA lab　（ババラボ）,048-799-3214,35.84757993,139.63616645
BABA lab　（ババラボ）,BABA　lab　さいたま工房,さいたま市南区鹿手袋7-3-19,手芸,地域の課題を解決するビジネスの運営　・高齢者の経験やアイデアを活かして、「孫育て」グッズを企画製作販売する　・手作りワークショップの開催（不定期）　・健康マージャン教室の開催（月1回）,イベントによる,無償,BABA lab　（ババラボ）,048-799-3214,35.84757993,139.63616645
コープみらい　みらいひろば,コーププラザ浦和,さいたま市南区南本町2-10-10,サロン・茶話会,"暮らしに関することやコープのことを楽しく学び交流します。
地域の情報交換の場として、誰でも参加でき託児も可能です。",月１回（不定期）,無償,埼玉南部ブロック事務局,048-823-3933,35.8476257003127,139.665805967676
コープみらい　みらいひろば,コーププラザ浦和,さいたま市南区南本町2-10-10,交流その他,"暮らしに関することやコープのことを楽しく学び交流します。
地域の情報交換の場として、誰でも参加でき託児も可能です。",月１回（不定期）,無償,埼玉南部ブロック事務局,048-823-3933,35.8476257003127,139.665805967676
コープみらい　くらしのたすけあいの会ミニハート,コープみらい　くらしのたすけあいの会ミニハート,さいたま市南区南本町2-10-10コーププラザ浦和,移送・送迎（通院等移動支援）,コープみらいの組合員（ご家族でも可）が対象。困ったときには助け合おうの精神から生まれた組合員による家事援助等の有償のボランティア活動です。　＊9:00～17:00　土日祝・年末年始休み,"月曜日から金曜日（祝日・年末年始休み）
10時から16時（1時間から調整します）
＊時間・曜日はご相談ください",有償,コープみらい　くらしのたすけあいの会ミニハート,048-711-7688,35.8476257003127,139.665805967676
コープみらい　くらしのたすけあいの会ミニハート,コープみらい　くらしのたすけあいの会ミニハート,さいたま市南区南本町2-10-10コーププラザ浦和,買い物・掃除・洗濯・電球交換・庭の手入れ（剪定・草取り）,コープみらいの組合員（ご家族でも可）が対象。困ったときには助け合おうの精神から生まれた組合員による家事援助等の有償のボランティア活動です。　＊9:00～17:00　土日祝・年末年始休み,"月曜日から金曜日（祝日・年末年始休み）
10時から16時（1時間から調整します）
＊時間・曜日はご相談ください",有償,コープみらい　くらしのたすけあいの会ミニハート,048-711-7688,35.8476257003127,139.665805967676
スマイル,しびらきウエストホール,さいたま市桜区新開2-2,介護予防教室,みんなで楽しくワイワイいきいき百歳体操を行っています。,第2・4水曜日13：30～15：30,無償,ザイタック,048-836-3503,35.84771,139.62015
スマイル,しびらきウエストホール,さいたま市桜区新開2-2,体操教室,みんなで楽しくワイワイいきいき百歳体操を行っています。,第2・4水曜日13：30～15：30,無償,ザイタック,048-836-3503,35.84771,139.62015
神明自治会,根岸北原公園,さいたま市南区南本町２－１９,運動・スポーツ,神明自治会とその近隣住民の方が対象。毎週日曜はストレッチ及びラジオ体操（第１、第２）を実施。孤独感の解消、新しい友人作り等、認知症予防に役立てている。,体操は毎週日曜,無償,シニアサポートセンター ハートランド浦和,048-836-2929,35.84845553,139.66488878
ライスショップきよみや,清宮商事（株）,さいたま市南区南浦和３－１６－１８,配達サービス・移動販売,灯油・米配達します　＊配達地区は電話で確認してください　配達料は無料,日曜日・祝祭日は休み,無償,清宮商事（株）,048‐882-9321,35.84845563,139.67327972
南区地域スポーツクラブ,白幡中学校体育館,さいたま市南区白幡２－１８－１３,運動・スポーツ,南区在住の方が対象。卓球,週１回（木）・19:00～21:00,有償,南区地域スポーツクラブ,048-864-3831,35.84870802,139.65270098
しびらき,障害者支援施設しびらき,さいたま市桜区新開３－３－１７,介護予防教室,いきいき百歳体操や茶話会など,"第2土（13：30～14：30）
第4土（10：00～11：00）",無償,ザイタック,048-836-3503,35.84899051,139.61785411
しびらき,障害者支援施設しびらき,さいたま市桜区新開３－３－１７,体操教室,いきいき百歳体操や茶話会など,"第2土（13：30～14：30）
第4土（10：00～11：00）",無償,ザイタック,048-836-3503,35.84899051,139.61785411
ろ～りえ・ぺル・バンビー二,洋食の店ろ～りえ,さいたま市南区鹿手袋４－６－５,その他活動,月１～２回の子ども食堂を開催。子ども食堂を通じて場所を知っていただき、放課後の子ども達の居場所づくりにつながる活動をしていきたいと考えています。,月１～２回,有償,ろ～りえ・ぺル・バンビー二,048-864-1620,35.8492809965001,139.63803413884
さえずりサロン,別所公民館,さいたま市南区別所５－２１－１３,サロン・茶話会,発声練習、早口言葉、自由トーク、習い事の発表、近況報告、講演会など,毎月第４水曜・13:00～14:30,有償,さえずりサロン,090-2324-1782,35.84949378,139.64360179
さえずりサロン,別所公民館,さいたま市南区別所５－２１－１３,安否確認,発声練習、早口言葉、自由トーク、習い事の発表、近況報告、講演会など,毎月第４水曜・13:00～14:30,有償,さえずりサロン,090-2324-1782,35.84949378,139.64360179
南区地域スポーツクラブ,別所公民館,さいたま市南区別所５－２１－１３,運動・スポーツ,南区在住の方が対象。吹き矢,週１回（日）15:00～17:00,有償,南区地域スポーツクラブ,048-864-3831,35.84949378,139.64360179
さえずりサロン,別所公民館,さいたま市南区別所５－２１－１３,運動・スポーツ,発声練習、早口言葉、自由トーク、習い事の発表、近況報告、講演会など,毎月第４水曜・13:00～14:30,有償,さえずりサロン,090-2324-1782,35.84949378,139.64360179
さえずりサロン,別所公民館,さいたま市南区別所５－２１－１３,音楽（歌唱・演奏）,発声練習、早口言葉、自由トーク、習い事の発表、近況報告、講演会など,毎月第４水曜・13:00～14:30,有償,さえずりサロン,090-2324-1782,35.84949378,139.64360179
百歳体操「春の会」,別所公民館,さいたま市南区別所５－２１－１３,介護予防教室,百歳体操を主体として、介護予防や認知症予防、地域のつながり、健康維持を目的に、明るく楽しくお話を交え、和気あいあいで行なっております。,月３～４回水曜・10:00～12:00,無償,シニアサポートセンター ハートランド浦和,048-836-2929,35.84949378,139.64360179
さえずりサロン,別所公民館,さいたま市南区別所５－２１－１３,手芸,発声練習、早口言葉、自由トーク、習い事の発表、近況報告、講演会など,毎月第４水曜・13:00～14:30,有償,さえずりサロン,090-2324-1782,35.84949378,139.64360179
シェイプアップ体操,別所公民館　体育室,さいたま市南区別所５－２１－１３,体操教室,ストレッチ、有酸素運動、ヨガ、シナプソロジー（脳トレ体操）、体力向上、貯筋運動,月４回水曜日・13:30～15:00or15:00～16:30,有償,シェイプアップ体操,048-866-3733,35.84949378,139.64360179
別所ひまわり,別所公民館,"さいたま市,南区,別所５－２１－１３",介護予防教室,百歳体操及び脳トレ運動,毎週金曜日10：00～12：00,無償,シニアサポートセンター ハートランド浦和,048-836-2929,35.8495187761906,139.643659067676
別所ひまわり,別所公民館,"さいたま市,南区,別所５－２１－１３",体操教室,百歳体操及び脳トレ運動,毎週金曜日10：00～12：00,無償,シニアサポートセンター ハートランド浦和,048-836-2929,35.8495187761906,139.643659067676
さくら元気会,埼玉さくらんぼⅡ番館　,さいたま市南区太田窪３５１６－１７,介護予防教室,いきいき百歳体操　＊定員があるため新規受け入れは要相談,"毎週（金）10時から
＊第3を除く",無償,社協みなみ,048‐871-1230,35.84953339,139.69303912
社会福祉法人敬寿会　特別養護老人ホーム　埼玉さくらんぼⅡ番館,社会福祉法人敬寿会　特別養護老人ホーム　埼玉さくらんぼⅡ番館,さいたま市南区太田窪３５１６－１７,場所の提供,埼玉さくらんぼⅡ番館にある地域交流センターを地域の方に無料で貸し出し。サロンや体操教室等の開催場所として活用,随時,無償,社会福祉法人敬寿会　特別養護老人ホーム　埼玉さくらんぼⅡ番館,048‐799-2960,35.84953339,139.69303912
ワタミの宅食,ワタミの宅食　さいたま東営業所,さいたま市南区鹿手袋４－６－２２　エクレール１階,配食サービス,"バランスに配慮した日替わりのお食事を、ご自宅までお届けしています。また、ご利用者さまのご親族さまに、専用のアプリで日々の様子を共有する有料の「みまもりサービス」もございます。
詳しくはお問い合わせください。","月曜～日曜
みまもりサービスは平日のみ※12月31日～1月3日はお休み",有償,ワタミの宅食,0120-321-510,35.8495496615573,139.637498196513
オレンジの会,別所公民館,さいたま市南区別所５－２１－１３,介護予防教室,百歳体操の実践,"火曜日
夏は9：30～11：00
冬は10：00～11：30",無償,シニアサポートセンター ハートランド浦和,048-836-2929,35.8496725029135,139.643717269408
楽,別所公民館,さいたま市南区別所５－２１－１３,その他活動,主に麻雀を月８回程度活動しています。なごやかな会で無理のない範囲で参加できます。不定期で散策会・食事会等、自由参加で実施しています。,麻雀クラブは週２回程度。他イベントは不定期,有償,シニアサポートセンター ハートランド浦和,048-836-2929,35.8497100955118,139.64358396582
楽,別所公民館,さいたま市南区別所５－２１－１３,その他生活支援,主に麻雀を月８回程度活動しています。なごやかな会で無理のない範囲で参加できます。不定期で散策会・食事会等、自由参加で実施しています。,麻雀クラブは週２回程度。他イベントは不定期,有償,シニアサポートセンター ハートランド浦和,048-836-2929,35.8497100955118,139.64358396582
楽,別所公民館,さいたま市南区別所５－２１－１３,安否確認,主に麻雀を月８回程度活動しています。なごやかな会で無理のない範囲で参加できます。不定期で散策会・食事会等、自由参加で実施しています。,麻雀クラブは週２回程度。他イベントは不定期,有償,シニアサポートセンター ハートランド浦和,048-836-2929,35.8497100955118,139.64358396582
楽,別所公民館,さいたま市南区別所５－２１－１３,会食会,主に麻雀を月８回程度活動しています。なごやかな会で無理のない範囲で参加できます。不定期で散策会・食事会等、自由参加で実施しています。,麻雀クラブは週２回程度。他イベントは不定期,有償,シニアサポートセンター ハートランド浦和,048-836-2929,35.8497100955118,139.64358396582
楽,別所公民館,さいたま市南区別所５－２１－１３,健康麻雀・囲碁・将棋,主に麻雀を月８回程度活動しています。なごやかな会で無理のない範囲で参加できます。不定期で散策会・食事会等、自由参加で実施しています。,麻雀クラブは週２回程度。他イベントは不定期,有償,シニアサポートセンター ハートランド浦和,048-836-2929,35.8497100955118,139.64358396582
楽,別所公民館,さいたま市南区別所５－２１－１３,交流その他,主に麻雀を月８回程度活動しています。なごやかな会で無理のない範囲で参加できます。不定期で散策会・食事会等、自由参加で実施しています。,麻雀クラブは週２回程度。他イベントは不定期,有償,シニアサポートセンター ハートランド浦和,048-836-2929,35.8497100955118,139.64358396582
フレイルケアtaisou,別所公民館,さいたま市南区別所５－２１－１３,運動・スポーツ,百歳体操、太極拳,月２回程度,有償,シニアサポートセンター ハートランド浦和,048-836-2929,35.8497448807933,139.643669796513
フレイルケアtaisou,別所公民館,さいたま市南区別所５－２１－１３,介護予防教室,百歳体操、太極拳,月２回程度,有償,シニアサポートセンター ハートランド浦和,048-836-2929,35.8497448807933,139.643669796513
バラの会,別所公民館,さいたま市南区別所５－２１－１３,介護予防教室,さいたま市が毎年主催している「ますます元気教室」を受講した修了生が「百歳体操」を継続するために始めた自主グループです。,週１回,無償,シニアサポートセンター ハートランド浦和,048-836-2929,35.8497448807933,139.643669796513
新田栄寿会,新田自治会館,さいたま市南区太田窪２１６６,サロン・茶話会,"①ラジオ体操/誰でも参加可/長寿応援ポイントは会員のみ対象/場所：上谷沼運動公園テニスコート前
②カラオケ
③おしゃべり会",①毎日6時25分～40分実施（雨天中止）　②第１・３（月）第４（火）　③月１回月末頃,有償,社協みなみ,048‐871-1230,35.84995,139.68325
新田栄寿会,新田自治会館,さいたま市南区太田窪２１６６,運動・スポーツ,"①ラジオ体操/誰でも参加可/長寿応援ポイントは会員のみ対象/場所：上谷沼運動公園テニスコート前
②カラオケ
③おしゃべり会",①毎日6時25分～40分実施（雨天中止）　②第１・３（月）第４（火）　③月１回月末頃,有償,社協みなみ,048‐871-1230,35.84995,139.68325
新田栄寿会,新田自治会館,さいたま市南区太田窪２１６６,音楽（歌唱・演奏）,"①ラジオ体操/誰でも参加可/長寿応援ポイントは会員のみ対象/場所：上谷沼運動公園テニスコート前
②カラオケ
③おしゃべり会",①毎日6時25分～40分実施（雨天中止）　②第１・３（月）第４（火）　③月１回月末頃,有償,社協みなみ,048‐871-1230,35.84995,139.68325
善前福寿会,新田自治会館,さいたま市南区太田窪２１６６,音楽（歌唱・演奏）,カラオケ ※善前自治会員対象,月2回,有償,社協みなみ,048‐871-1230,35.84995,139.68325
ひまわりグループ,浦和南公民館,さいたま市浦和区神明1丁目28番13号,安否確認,"いきいき百歳体操を中心に活動しています。筋力維持、交流、情報交換を目的とする楽しいグループです。
【対象地区：浦和区全域、参加条件：65歳以上の方でできれば「長寿応援手帳」をお持ちの方】",毎週月曜日　14:00～16:00,無償,シニアサポートセンター尚和園,048-813-8915,35.85011364,139.66100848
ひまわりグループ,浦和南公民館,さいたま市浦和区神明1丁目28番13号,介護予防教室,"いきいき百歳体操を中心に活動しています。筋力維持、交流、情報交換を目的とする楽しいグループです。
【対象地区：浦和区全域、参加条件：65歳以上の方でできれば「長寿応援手帳」をお持ちの方】",毎週月曜日　14:00～16:00,無償,シニアサポートセンター尚和園,048-813-8915,35.85011364,139.66100848
ひまわりグループ,浦和南公民館,さいたま市浦和区神明1丁目28番13号,交流その他,"いきいき百歳体操を中心に活動しています。筋力維持、交流、情報交換を目的とする楽しいグループです。
【対象地区：浦和区全域、参加条件：65歳以上の方でできれば「長寿応援手帳」をお持ちの方】",毎週月曜日　14:00～16:00,無償,シニアサポートセンター尚和園,048-813-8915,35.85011364,139.66100848
ひまわりグループ,浦和南公民館,さいたま市浦和区神明1丁目28番13号,体操教室,"いきいき百歳体操を中心に活動しています。筋力維持、交流、情報交換を目的とする楽しいグループです。
【対象地区：浦和区全域、参加条件：65歳以上の方でできれば「長寿応援手帳」をお持ちの方】",毎週月曜日　14:00～16:00,無償,シニアサポートセンター尚和園,048-813-8915,35.85011364,139.66100848
ラミーユ 百歳体操,ラミーユアイステーション,さいたま市桜区西堀４－１１－７,介護予防教室,いきいき百歳体操,毎週火曜日10:30～12:00,無償,ザイタック,048-836-3503,35.85069045,139.62674772
ラミーユ 百歳体操,ラミーユアイステーション,さいたま市桜区西堀４－１１－７,体操教室,いきいき百歳体操,毎週火曜日10:30～12:00,無償,ザイタック,048-836-3503,35.85069045,139.62674772
桜田百歳体操,桜田自治会集会所,さいたま市桜区桜田2-21-1,介護予防教室,いきいき百歳体操だけでなく、歌を歌ったりオリジナルの体操なども行っています。,第1・3火曜日10：00～11：00,無償,ザイタック,048-836-3503,35.85077,139.62059
桜田百歳体操,桜田自治会集会所,さいたま市桜区桜田2-21-1,体操教室,いきいき百歳体操だけでなく、歌を歌ったりオリジナルの体操なども行っています。,第1・3火曜日10：00～11：00,無償,ザイタック,048-836-3503,35.85077,139.62059
桜田高齢者サロン,桜田自治会集会所,さいたま市桜区桜田２－２１,サロン・茶話会,月1回程度実施し、体操や脳トレ、健康講話、茶話会を行っている。,毎月第1木曜日10:00〜11:30,無償,ザイタック,048-836-3503,35.85078,139.62064
野方ふれあいサロン,野方防災会館,さいたま市南区鹿手袋２－２０,サロン・茶話会,野方自治会内部が対象。月一回第三（水）　見守り、お茶会、カラオケ等,月一回第３（水）・13:00～16:00,無償,野方ふれあいサロン,090-9965-8955,35.85121848,139.64011038
野方ふれあいサロン,野方防災会館,さいたま市南区鹿手袋２－２０,安否確認,野方自治会内部が対象。月一回第三（水）　見守り、お茶会、カラオケ等,月一回第３（水）・13:00～16:00,無償,野方ふれあいサロン,090-9965-8955,35.85121848,139.64011038
野方ふれあいサロン,野方防災会館,さいたま市南区鹿手袋２－２０,会食会,野方自治会内部が対象。月一回第三（水）　見守り、お茶会、カラオケ等,月一回第３（水）・13:00～16:00,無償,野方ふれあいサロン,090-9965-8955,35.85121848,139.64011038
野方ふれあいサロン,野方防災会館,さいたま市南区鹿手袋２－２０,防犯パトロール,野方自治会内部が対象。月一回第三（水）　見守り、お茶会、カラオケ等,月一回第３（水）・13:00～16:00,無償,野方ふれあいサロン,090-9965-8955,35.85121848,139.64011038
野方ふれあいサロン,野方防災会館,さいたま市南区鹿手袋２－２０,話し相手・傾聴,野方自治会内部が対象。月一回第三（水）　見守り、お茶会、カラオケ等,月一回第３（水）・13:00～16:00,無償,野方ふれあいサロン,090-9965-8955,35.85121848,139.64011038
はつらつ会百歳体操,イトーピア西浦和集会室,さいたま市桜区西堀４－７－１,介護予防教室,いきいき百歳体操を楽しむグループです。,毎週火曜日10:00～11:30,無償,ザイタック,048-836-3503,35.8512942995275,139.626351567676
はつらつ会百歳体操,イトーピア西浦和集会室,さいたま市桜区西堀４－７－１,体操教室,いきいき百歳体操を楽しむグループです。,毎週火曜日10:00～11:30,無償,ザイタック,048-836-3503,35.8512942995275,139.626351567676
別所第２自治会,別所中央公園,さいたま市南区別所２－１５－８,運動・スポーツ,ラジオ体操は７～８月の夏休み中、毎日行なわれます。幼児連れ家族、小学生、９２歳の高齢者まで、のべ約1500人の参加があります。早朝の清々しい空気の中で笑顔で一日のスタートです。,小学校の夏休み期間毎日・6:30～6:45,無償,別所第２自治会,048-863-9771,35.85144,139.64639
南浦和１丁目自治会,協友土建集会所,さいたま市南区南浦和１－２０－８,サロン・茶話会,南浦和1丁目自治会内対象、お茶のみサロンでの講座と茶話会,年２回,無償,社協みなみ,048‐871-1230,35.85161077,139.66834945
いい汗かこう会,西堀里自治会館,さいたま市桜区西堀３－２０－２０,安否確認,ますます元気体操（いきいき百歳体操）。毎月第１・３月曜日里自治会館にて毎回25名程度参加。グラウンドゴルフ毎週月・水・金午前中。広いグラウンドで標準コース８ホールで楽しんでいます。毎回23名程度参加。,ますます元気体操　月2回、グラウンドゴルフ　週3回,無償,ザイタック,048-836-3503,35.85176817,139.63032791
いい汗かこう会,西堀里自治会館,さいたま市桜区西堀３－２０－２０,運動・スポーツ,ますます元気体操（いきいき百歳体操）。毎月第１・３月曜日里自治会館にて毎回25名程度参加。グラウンドゴルフ毎週月・水・金午前中。広いグラウンドで標準コース８ホールで楽しんでいます。毎回23名程度参加。,ますます元気体操　月2回、グラウンドゴルフ　週3回,無償,ザイタック,048-836-3503,35.85176817,139.63032791
いい汗かこう会,西堀里自治会館,さいたま市桜区西堀３－２０－２０,音楽（歌唱・演奏）,ますます元気体操（いきいき百歳体操）。毎月第１・３月曜日里自治会館にて毎回25名程度参加。グラウンドゴルフ毎週月・水・金午前中。広いグラウンドで標準コース８ホールで楽しんでいます。毎回23名程度参加。,ますます元気体操　月2回、グラウンドゴルフ　週3回,無償,ザイタック,048-836-3503,35.85176817,139.63032791
いい汗かこう会,西堀里自治会館,さいたま市桜区西堀３－２０－２０,体操教室,ますます元気体操（いきいき百歳体操）。毎月第１・３月曜日里自治会館にて毎回25名程度参加。グラウンドゴルフ毎週月・水・金午前中。広いグラウンドで標準コース８ホールで楽しんでいます。毎回23名程度参加。,ますます元気体操　月2回、グラウンドゴルフ　週3回,無償,ザイタック,048-836-3503,35.85176817,139.63032791
いい汗かこう会,西堀里自治会館,さいたま市桜区西堀３－２０－２０,防犯パトロール,ますます元気体操（いきいき百歳体操）。毎月第１・３月曜日里自治会館にて毎回25名程度参加。グラウンドゴルフ毎週月・水・金午前中。広いグラウンドで標準コース８ホールで楽しんでいます。毎回23名程度参加。,ますます元気体操　月2回、グラウンドゴルフ　週3回,無償,ザイタック,048-836-3503,35.85176817,139.63032791
体操「さくら草の会」,土合公民館,さいたま市桜区西堀４－２－３５,介護予防教室,いきいき百歳体操を行った後、童謡を歌ったりお話をしたりと、楽しんでいます。午前中2時間ほどです。,月2～3回,無償,ザイタック,048-836-3503,35.85179033,139.62778369
ミモザ,土合公民館,さいたま市桜区西堀４－２－３５,介護予防教室,音楽に合わせて、みんなで楽しくいきいき百歳体操を行っています。,毎週火曜日14：00～および不定期金曜日10：00～,無償,ザイタック,048-836-3503,35.85179033,139.62778369
土合ヘルスメイト,土合公民館,さいたま市桜区西堀４－２－３５,住民主体の学習会,食生活改善推進員による、食の大切さなどを学ぶ講座。管理栄養士の指導によるレシピをもとに、実際に調理し参加者で試食する,隔月1回10：00～（曜日不定）,有償,ザイタック,048-836-3503,35.85179033,139.62778369
体操「さくら草の会」,土合公民館,さいたま市桜区西堀４－２－３５,体操教室,いきいき百歳体操を行った後、童謡を歌ったりお話をしたりと、楽しんでいます。午前中2時間ほどです。,月2～3回,無償,ザイタック,048-836-3503,35.85179033,139.62778369
ミモザ,土合公民館,さいたま市桜区西堀４－２－３５,体操教室,音楽に合わせて、みんなで楽しくいきいき百歳体操を行っています。,毎週火曜日14：00～および不定期金曜日10：00～,無償,ザイタック,048-836-3503,35.85179033,139.62778369
岸五だんらんクラブ,岸町5丁目みどり自治協力会集会所,さいたま市浦和区岸町5丁目8番8号,サロン・茶話会,"高齢者の健康寿命延伸及び認知症予防を兼ねた交流会を実施しています。
【対象地区：岸町五丁目】",麻雀：毎週火曜日、体操：毎週木曜日、ボーリング月1回,有償,岸五だんらんクラブ,048-822-6881,35.85188,139.65294
岸五だんらんクラブ,岸町5丁目みどり自治協力会集会所,さいたま市浦和区岸町5丁目8番8号,安否確認,"高齢者の健康寿命延伸及び認知症予防を兼ねた交流会を実施しています。
【対象地区：岸町五丁目】",麻雀：毎週火曜日、体操：毎週木曜日、ボーリング月1回,有償,岸五だんらんクラブ,048-822-6881,35.85188,139.65294
岸五だんらんクラブ,岸町5丁目みどり自治協力会集会所,さいたま市浦和区岸町5丁目8番8号,運動・スポーツ,"高齢者の健康寿命延伸及び認知症予防を兼ねた交流会を実施しています。
【対象地区：岸町五丁目】",麻雀：毎週火曜日、体操：毎週木曜日、ボーリング月1回,有償,岸五だんらんクラブ,048-822-6881,35.85188,139.65294
岸五だんらんクラブ,岸町5丁目みどり自治協力会集会所,さいたま市浦和区岸町5丁目8番8号,健康麻雀・囲碁・将棋,"高齢者の健康寿命延伸及び認知症予防を兼ねた交流会を実施しています。
【対象地区：岸町五丁目】",麻雀：毎週火曜日、体操：毎週木曜日、ボーリング月1回,有償,岸五だんらんクラブ,048-822-6881,35.85188,139.65294
コミュニティカフェ　おひさま,コミュニティカフェ　おひさま,さいたま市南区南浦和１－３－１６シャンペートルサトウ１０,サロン・茶話会,歌唱・健康麻雀・手芸・パソコン・絵画・書道・会食会など、様々な教室を開催し毎月のチラシを作成しています。コーヒーを飲みに来て頂くだけでも大歓迎です。,月～金　11時から16時まで開店,有償,コミュニティカフェ　おひさま,048‐711-4711,35.85188295,139.6672051
コミュニティカフェ　おひさま,コミュニティカフェ　おひさま,さいたま市南区南浦和１－３－１６シャンペートルサトウ１０,音楽（歌唱・演奏）,歌唱・健康麻雀・手芸・パソコン・絵画・書道・会食会など、様々な教室を開催し毎月のチラシを作成しています。コーヒーを飲みに来て頂くだけでも大歓迎です。,月～金　11時から16時まで開店,有償,コミュニティカフェ　おひさま,048‐711-4711,35.85188295,139.6672051
コミュニティカフェ　おひさま,コミュニティカフェ　おひさま,さいたま市南区南浦和１－３－１６シャンペートルサトウ１０,会食会,歌唱・健康麻雀・手芸・パソコン・絵画・書道・会食会など、様々な教室を開催し毎月のチラシを作成しています。コーヒーを飲みに来て頂くだけでも大歓迎です。,月～金　11時から16時まで開店,有償,コミュニティカフェ　おひさま,048‐711-4711,35.85188295,139.6672051
コミュニティカフェ　おひさま,コミュニティカフェ　おひさま,さいたま市南区南浦和１－３－１６シャンペートルサトウ１０,絵画・書道,歌唱・健康麻雀・手芸・パソコン・絵画・書道・会食会など、様々な教室を開催し毎月のチラシを作成しています。コーヒーを飲みに来て頂くだけでも大歓迎です。,月～金　11時から16時まで開店,有償,コミュニティカフェ　おひさま,048‐711-4711,35.85188295,139.6672051
コミュニティカフェ　おひさま,コミュニティカフェ　おひさま,さいたま市南区南浦和１－３－１６シャンペートルサトウ１０,健康麻雀・囲碁・将棋,歌唱・健康麻雀・手芸・パソコン・絵画・書道・会食会など、様々な教室を開催し毎月のチラシを作成しています。コーヒーを飲みに来て頂くだけでも大歓迎です。,月～金　11時から16時まで開店,有償,コミュニティカフェ　おひさま,048‐711-4711,35.85188295,139.6672051
コミュニティカフェ　おひさま,コミュニティカフェ　おひさま,さいたま市南区南浦和１－３－１６シャンペートルサトウ１０,語学,歌唱・健康麻雀・手芸・パソコン・絵画・書道・会食会など、様々な教室を開催し毎月のチラシを作成しています。コーヒーを飲みに来て頂くだけでも大歓迎です。,月～金　11時から16時まで開店,有償,コミュニティカフェ　おひさま,048‐711-4711,35.85188295,139.6672051
コミュニティカフェ　おひさま,コミュニティカフェ　おひさま,さいたま市南区南浦和１－３－１６シャンペートルサトウ１０,写真・パソコン,歌唱・健康麻雀・手芸・パソコン・絵画・書道・会食会など、様々な教室を開催し毎月のチラシを作成しています。コーヒーを飲みに来て頂くだけでも大歓迎です。,月～金　11時から16時まで開店,有償,コミュニティカフェ　おひさま,048‐711-4711,35.85188295,139.6672051
コミュニティカフェ　おひさま,コミュニティカフェ　おひさま,さいたま市南区南浦和１－３－１６シャンペートルサトウ１０,手芸,歌唱・健康麻雀・手芸・パソコン・絵画・書道・会食会など、様々な教室を開催し毎月のチラシを作成しています。コーヒーを飲みに来て頂くだけでも大歓迎です。,月～金　11時から16時まで開店,有償,コミュニティカフェ　おひさま,048‐711-4711,35.85188295,139.6672051
コミュニティカフェ　おひさま,コミュニティカフェ　おひさま,さいたま市南区南浦和１－３－１６シャンペートルサトウ１０,場所の提供,歌唱・健康麻雀・手芸・パソコン・絵画・書道・会食会など、様々な教室を開催し毎月のチラシを作成しています。コーヒーを飲みに来て頂くだけでも大歓迎です。,月～金　11時から16時まで開店,有償,コミュニティカフェ　おひさま,048‐711-4711,35.85188295,139.6672051
コミュニティカフェ　おひさま,コミュニティカフェ　おひさま,さいたま市南区南浦和１－３－１６シャンペートルサトウ１０,体操教室,歌唱・健康麻雀・手芸・パソコン・絵画・書道・会食会など、様々な教室を開催し毎月のチラシを作成しています。コーヒーを飲みに来て頂くだけでも大歓迎です。,月～金　11時から16時まで開店,有償,コミュニティカフェ　おひさま,048‐711-4711,35.85188295,139.6672051
コミュニティカフェ　おひさま,コミュニティカフェ　おひさま,さいたま市南区南浦和１－３－１６シャンペートルサトウ１０,料理,歌唱・健康麻雀・手芸・パソコン・絵画・書道・会食会など、様々な教室を開催し毎月のチラシを作成しています。コーヒーを飲みに来て頂くだけでも大歓迎です。,月～金　11時から16時まで開店,有償,コミュニティカフェ　おひさま,048‐711-4711,35.85188295,139.6672051
別所さくらの会,別所公会堂,さいたま市南区別所3－２１－4,サロン・茶話会,百歳体操で地域の中で老化の予防に取り組んでいる,毎週木曜日10：00～12：00,無償,シニアサポートセンター ハートランド浦和,048-836-2929,35.852042264448,139.646660951052
別所さくらの会,別所公会堂,さいたま市南区別所3－２１－4,安否確認,百歳体操で地域の中で老化の予防に取り組んでいる,毎週木曜日10：00～12：00,無償,シニアサポートセンター ハートランド浦和,048-836-2929,35.852042264448,139.646660951052
別所さくらの会,別所公会堂,さいたま市南区別所3－２１－4,介護予防教室,百歳体操で地域の中で老化の予防に取り組んでいる,毎週木曜日10：00～12：00,無償,シニアサポートセンター ハートランド浦和,048-836-2929,35.852042264448,139.646660951052
別所さくらの会,別所公会堂,さいたま市南区別所3－２１－4,話し相手・傾聴,百歳体操で地域の中で老化の予防に取り組んでいる,毎週木曜日10：00～12：00,無償,シニアサポートセンター ハートランド浦和,048-836-2929,35.852042264448,139.646660951052
けんこう運動サークル,南浦和公民館,さいたま市南区大谷場２－６－２５,体操教室,65歳以上の高齢者を対象に、運動支援員を講師とした運動サークル,第2（木）10時から11時30分,無償,社協みなみ,048‐871-1230,35.852083,139.67647374
岸・神明地区社会福祉協議会「岸・神明ふれあいサロン」,岸町公民館,さいたま市浦和区岸町5丁目1番3号,サロン・茶話会,"地域住民の交流の場としてコーヒーを飲みながらおしゃべりをする時間を設けています。また、参加者の心身のリフレッシュやコミュニケーションを図る為体操や合唱、講習会等を行っています。
【参加条件：60歳以上の方】",月1回,無償,岸・神明地区社会福祉協議会「岸・神明ふれあいサロン」,048-832-2940,35.85216047,139.65450344
あすなろ体操,岸町公民館,さいたま市浦和区岸町5丁目1番3号,安否確認,"百歳体操を通じて筋力を維持し交流しながら安否確認等を行います。
【対象地区：岸町5丁目、岸町6丁目、東高砂町】",毎週金曜日　14:00～15:00,無償,シニアサポートセンター尚和園,048-813-8915,35.85216047,139.65450344
岸・神明地区社会福祉協議会「岸・神明ふれあいサロン」,岸町公民館,さいたま市浦和区岸町5丁目1番3号,音楽（歌唱・演奏）,"地域住民の交流の場としてコーヒーを飲みながらおしゃべりをする時間を設けています。また、参加者の心身のリフレッシュやコミュニケーションを図る為体操や合唱、講習会等を行っています。
【参加条件：60歳以上の方】",月1回,無償,岸・神明地区社会福祉協議会「岸・神明ふれあいサロン」,048-832-2940,35.85216047,139.65450344
岸・神明地区社会福祉協議会「岸・神明ふれあいサロン」,岸町公民館,さいたま市浦和区岸町5丁目1番3号,交流その他,"地域住民の交流の場としてコーヒーを飲みながらおしゃべりをする時間を設けています。また、参加者の心身のリフレッシュやコミュニケーションを図る為体操や合唱、講習会等を行っています。
【参加条件：60歳以上の方】",月1回,無償,岸・神明地区社会福祉協議会「岸・神明ふれあいサロン」,048-832-2940,35.85216047,139.65450344
岸・神明地区社会福祉協議会「岸・神明ふれあいサロン」,岸町公民館,さいたま市浦和区岸町5丁目1番3号,体操教室,"地域住民の交流の場としてコーヒーを飲みながらおしゃべりをする時間を設けています。また、参加者の心身のリフレッシュやコミュニケーションを図る為体操や合唱、講習会等を行っています。
【参加条件：60歳以上の方】",月1回,無償,岸・神明地区社会福祉協議会「岸・神明ふれあいサロン」,048-832-2940,35.85216047,139.65450344
あすなろ体操,岸町公民館,さいたま市浦和区岸町5丁目1番3号,体操教室,"百歳体操を通じて筋力を維持し交流しながら安否確認等を行います。
【対象地区：岸町5丁目、岸町6丁目、東高砂町】",毎週金曜日　14:00～15:00,無償,シニアサポートセンター尚和園,048-813-8915,35.85216047,139.65450344
あすなろ体操,岸町公民館,さいたま市浦和区岸町5丁目1番3号,話し相手・傾聴,"百歳体操を通じて筋力を維持し交流しながら安否確認等を行います。
【対象地区：岸町5丁目、岸町6丁目、東高砂町】",毎週金曜日　14:00～15:00,無償,シニアサポートセンター尚和園,048-813-8915,35.85216047,139.65450344
ヴォーチェ・リリカ,岸町公民館,さいたま市浦和区岸町5丁目1番3号,音楽（歌唱・演奏）,ソーシャルディスタンスを守って、楽しく合唱(コーラス）をしています。,"月2回程度
第２・４火曜日　10：00～",有償,シニアサポートセンター尚和園,048-813-8915,35.8521675457959,139.654693620955
元気アップ体力測定・健康相談,岸町公民館,さいたま市浦和区岸町5丁目1番3号,介護予防教室,介護予防のために現状の体力状況を知り、健康意識を高めていきましょう。専門職への相談もできます。,"毎月第3金曜日
14：00～15：30",無償,シニアサポートセンター尚和園,048-813-8915,35.8521675457959,139.654693620955
花の子体操,岸町公民館,さいたま市浦和区岸町5丁目1番3号,介護予防教室,音楽に合わせて体操やストレッチ、ダンスを行っています。椅子に座りながらの参加も可能です。,木曜日週2～3回,無償,シニアサポートセンター尚和園,048-813-8915,35.8521675457959,139.654693620955
うさぎクラブ,岸町公民館,さいたま市浦和区岸町5丁目1番3号,体操教室,自彊術を講師の指導のもと行っています。自分の体調に合わせて無理のない範囲で参加が出来ます。,月2～3回　金曜日,有償,シニアサポートセンター尚和園,048-813-8915,35.8521675457959,139.654693620955
花の子体操,岸町公民館,さいたま市浦和区岸町5丁目1番3号,体操教室,音楽に合わせて体操やストレッチ、ダンスを行っています。椅子に座りながらの参加も可能です。,木曜日週2～3回,無償,シニアサポートセンター尚和園,048-813-8915,35.8521675457959,139.654693620955
元気アップ体力測定・健康相談,岸町公民館,さいたま市浦和区岸町5丁目1番3号,話し相手・傾聴,介護予防のために現状の体力状況を知り、健康意識を高めていきましょう。専門職への相談もできます。,"毎月第3金曜日
14：00～15：30",無償,シニアサポートセンター尚和園,048-813-8915,35.8521675457959,139.654693620955
花の子体操,岸町公民館,さいたま市浦和区岸町5丁目1番3号,話し相手・傾聴,音楽に合わせて体操やストレッチ、ダンスを行っています。椅子に座りながらの参加も可能です。,木曜日週2～3回,無償,シニアサポートセンター尚和園,048-813-8915,35.8521675457959,139.654693620955
ベネッセのおうちごはん,㈱ベネッセスタイルケア　（ボンセジュール南浦和）,さいたま市南区南浦和２－９－３,配食サービス,ご注文・変更はお届け日の前日１８時まで受け付け。１日１食（夕食）から注文可能。やわらか食（介護食）もあります。＊受付時間　９時から１８時　配達地域：南区・浦和区・桜区（一部）・中央区,365日　土・日・祝日もお届け,有償,(㈱）ベネッセスタイルケア　ボンセジュール南浦和,0120－586－112,35.85229962,139.67251018
カフェ１９９２,カフェ１９９２,さいたま市南区太田窪１９９２,サロン・茶話会,地域の交流を願って、手作りのパン・カレー・ケーキを提供しています。初めて会った人とも気軽におしゃべりが楽しめる場所です。,木・金・土10時30分～17時 年末年始と夏休みは休業,有償,社協みなみ,048‐871-1230,35.85234688,139.68296763
カフェ１９９２,カフェ１９９２,さいたま市南区太田窪１９９２,その他活動,地域の交流を願って、手作りのパン・カレー・ケーキを提供しています。初めて会った人とも気軽におしゃべりが楽しめる場所です。,木・金・土10時30分～17時 年末年始と夏休みは休業,有償,社協みなみ,048‐871-1230,35.85234688,139.68296763
カフェ１９９２,カフェ１９９２,さいたま市南区太田窪１９９２,交流その他,地域の交流を願って、手作りのパン・カレー・ケーキを提供しています。初めて会った人とも気軽におしゃべりが楽しめる場所です。,木・金・土10時30分～17時 年末年始と夏休みは休業,有償,社協みなみ,048‐871-1230,35.85234688,139.68296763
カフェ１９９２,カフェ１９９２,さいたま市南区太田窪１９９２,場所の提供,地域の交流を願って、手作りのパン・カレー・ケーキを提供しています。初めて会った人とも気軽におしゃべりが楽しめる場所です。,木・金・土10時30分～17時 年末年始と夏休みは休業,有償,社協みなみ,048‐871-1230,35.85234688,139.68296763
シルバーボランティア　ひまわりの会,シルバーボランティアひまわりの会,さいたま市南区別所１－１１－２,移送・送迎（通院等移動支援）,南区、浦和区、桜区、中央区、緑区が対象。高齢者介護支援　・家事支援（掃除、調理、買い物など）　・身体介護（通院院内介助、外出介助、お話相手など）　・その他（お部屋の片付け、窓ガラス拭きなど）,随時,有償,シルバーボランティア　ひまわりの会,080-5190-4571,35.85307406,139.6483762
シルバーボランティア　ひまわりの会,シルバーボランティアひまわりの会,さいたま市南区別所１－１１－２,買い物・掃除・洗濯・電球交換・庭の手入れ（剪定・草取り）,南区、浦和区、桜区、中央区、緑区が対象。高齢者介護支援　・家事支援（掃除、調理、買い物など）　・身体介護（通院院内介助、外出介助、お話相手など）　・その他（お部屋の片付け、窓ガラス拭きなど）,随時,有償,シルバーボランティア　ひまわりの会,080-5190-4571,35.85307406,139.6483762
シルバーボランティア　ひまわりの会,シルバーボランティアひまわりの会,さいたま市南区別所１－１１－２,話し相手・傾聴,南区、浦和区、桜区、中央区、緑区が対象。高齢者介護支援　・家事支援（掃除、調理、買い物など）　・身体介護（通院院内介助、外出介助、お話相手など）　・その他（お部屋の片付け、窓ガラス拭きなど）,随時,有償,シルバーボランティア　ひまわりの会,080-5190-4571,35.85307406,139.6483762
健康サポート,サン&グリーン薬局　だいたくぼ,さいたま市南区太田窪１９８０－４,その他活動,"１．薬剤師による処方箋無しでもできる無料相談（お薬・在宅医療など）
２．いきいき百歳体操
３．健康教室
４．福祉用具専門相談員による、その方に合ったオムツの相談・無料配送",随時相談を受け付けます,無償,サン&グリーン薬局だいたくぼ,048-826-5890,35.8531899725322,139.681939967676
健康サポート,サン&グリーン薬局　だいたくぼ,さいたま市南区太田窪１９８０－４,その他生活支援,"１．薬剤師による処方箋無しでもできる無料相談（お薬・在宅医療など）
２．いきいき百歳体操
３．健康教室
４．福祉用具専門相談員による、その方に合ったオムツの相談・無料配送",随時相談を受け付けます,無償,サン&グリーン薬局だいたくぼ,048-826-5890,35.8531899725322,139.681939967676
健康サポート,サン&グリーン薬局　だいたくぼ,さいたま市南区太田窪１９８０－４,介護予防教室,"１．薬剤師による処方箋無しでもできる無料相談（お薬・在宅医療など）
２．いきいき百歳体操
３．健康教室
４．福祉用具専門相談員による、その方に合ったオムツの相談・無料配送",随時相談を受け付けます,無償,サン&グリーン薬局だいたくぼ,048-826-5890,35.8531899725322,139.681939967676
健康サポート,サン&グリーン薬局　だいたくぼ,さいたま市南区太田窪１９８０－４,体操教室,"１．薬剤師による処方箋無しでもできる無料相談（お薬・在宅医療など）
２．いきいき百歳体操
３．健康教室
４．福祉用具専門相談員による、その方に合ったオムツの相談・無料配送",随時相談を受け付けます,無償,サン&グリーン薬局だいたくぼ,048-826-5890,35.8531899725322,139.681939967676
宅配クック１・２・３さいたま浦和店,宅配クック１・２・３さいたま浦和店,さいたま市南区太田窪５－２４－１１,安否確認,お弁当は1日２回昼・夕お届けします。＊どちらか１回のみも可。配達時にはお声かけし、配達員より手渡しします。＊配達地域（南区・浦和区・桜区）,お正月３が日以外は営業しています,有償,宅配クック１・２・３さいたま浦和店,048‐883-6644,35.85358,139.67881
宅配クック１・２・３さいたま浦和店,宅配クック１・２・３さいたま浦和店,さいたま市南区太田窪５－２４－１１,配食サービス,お弁当は1日２回昼・夕お届けします。＊どちらか１回のみも可。配達時にはお声かけし、配達員より手渡しします。＊配達地域（南区・浦和区・桜区）,お正月３が日以外は営業しています,有償,宅配クック１・２・３さいたま浦和店,048‐883-6644,35.85358,139.67881
調千歳会,ふるさと亭,さいたま市浦和区岸町3丁目17番41号,安否確認,"親睦旅行、グラウンドゴルフ、コーラス、リサイクルマーケット等多岐にわたる活動をしています。
【対象地区：浦和区岸町】",週1回～年1回まで活動内容により,無償,シニアサポートセンター尚和園,048-813-8915,35.85378537,139.65716701
調千歳会,ふるさと亭,さいたま市浦和区岸町3丁目17番41号,音楽（歌唱・演奏）,"親睦旅行、グラウンドゴルフ、コーラス、リサイクルマーケット等多岐にわたる活動をしています。
【対象地区：浦和区岸町】",週1回～年1回まで活動内容により,無償,シニアサポートセンター尚和園,048-813-8915,35.85378537,139.65716701
調千歳会,ふるさと亭,さいたま市浦和区岸町3丁目17番41号,会食会,"親睦旅行、グラウンドゴルフ、コーラス、リサイクルマーケット等多岐にわたる活動をしています。
【対象地区：浦和区岸町】",週1回～年1回まで活動内容により,無償,シニアサポートセンター尚和園,048-813-8915,35.85378537,139.65716701
調千歳会,ふるさと亭,さいたま市浦和区岸町3丁目17番41号,環境美化・清掃,"親睦旅行、グラウンドゴルフ、コーラス、リサイクルマーケット等多岐にわたる活動をしています。
【対象地区：浦和区岸町】",週1回～年1回まで活動内容により,無償,シニアサポートセンター尚和園,048-813-8915,35.85378537,139.65716701
調千歳会,ふるさと亭,さいたま市浦和区岸町3丁目17番41号,交流その他,"親睦旅行、グラウンドゴルフ、コーラス、リサイクルマーケット等多岐にわたる活動をしています。
【対象地区：浦和区岸町】",週1回～年1回まで活動内容により,無償,シニアサポートセンター尚和園,048-813-8915,35.85378537,139.65716701
調千歳会,ふるさと亭,さいたま市浦和区岸町3丁目17番41号,防犯パトロール,"親睦旅行、グラウンドゴルフ、コーラス、リサイクルマーケット等多岐にわたる活動をしています。
【対象地区：浦和区岸町】",週1回～年1回まで活動内容により,無償,シニアサポートセンター尚和園,048-813-8915,35.85378537,139.65716701
調千歳会,ふるさと亭,さいたま市浦和区岸町3丁目17番41号,話し相手・傾聴,"親睦旅行、グラウンドゴルフ、コーラス、リサイクルマーケット等多岐にわたる活動をしています。
【対象地区：浦和区岸町】",週1回～年1回まで活動内容により,無償,シニアサポートセンター尚和園,048-813-8915,35.85378537,139.65716701
調オアシス,ふるさと亭２階,さいたま市浦和区岸町3丁目17番41号,介護予防教室,"介護予防のための運動を行っています。
【対象地区：浦和区全域、65歳以上の方、利用条件：上履きや厚めの靴下があると良い】",毎週火曜日　10:30～12:00,無償,シニアサポートセンター尚和園,048-813-8915,35.85378537,139.65716701
調オアシス,ふるさと亭２階,さいたま市浦和区岸町3丁目17番41号,交流その他,"介護予防のための運動を行っています。
【対象地区：浦和区全域、65歳以上の方、利用条件：上履きや厚めの靴下があると良い】",毎週火曜日　10:30～12:00,無償,シニアサポートセンター尚和園,048-813-8915,35.85378537,139.65716701
調オアシス,ふるさと亭２階,さいたま市浦和区岸町3丁目17番41号,体操教室,"介護予防のための運動を行っています。
【対象地区：浦和区全域、65歳以上の方、利用条件：上履きや厚めの靴下があると良い】",毎週火曜日　10:30～12:00,無償,シニアサポートセンター尚和園,048-813-8915,35.85378537,139.65716701
善前福寿会,善前公民館,さいたま市南区太田窪２５０４－５,安否確認,①ボランティア活動②コーラス③学習活動④友愛活動⑤健康活動（ラジオ体操他）⑥ウォーキング・ハイキング ※善前自治会員対象,①週3回　②月2回　③年６回程度　④年５回程度　⑤週２回　⑥年7.8回,有償,社協みなみ,048‐871-1230,35.85382173,139.68701168
善前福寿会,善前公民館,さいたま市南区太田窪２５０４－５,運動・スポーツ,①ボランティア活動②コーラス③学習活動④友愛活動⑤健康活動（ラジオ体操他）⑥ウォーキング・ハイキング ※善前自治会員対象,①週3回　②月2回　③年６回程度　④年５回程度　⑤週２回　⑥年7.8回,有償,社協みなみ,048‐871-1230,35.85382173,139.68701168
善前福寿会,善前公民館,さいたま市南区太田窪２５０４－５,音楽（歌唱・演奏）,①ボランティア活動②コーラス③学習活動④友愛活動⑤健康活動（ラジオ体操他）⑥ウォーキング・ハイキング ※善前自治会員対象,①週3回　②月2回　③年６回程度　④年５回程度　⑤週２回　⑥年7.8回,有償,社協みなみ,048‐871-1230,35.85382173,139.68701168
木曜元気会,善前公民館,さいたま市南区太田窪２５０４－５,介護予防教室,いきいき100歳体操 定員20名＊新規参加は要相談,月4回　木曜日10:00～12:00　＊定員20名,無償,社協みなみ,048‐871-1230,35.85382173,139.68701168
ヒマワリ元気会,善前公民館,さいたま市南区太田窪２５０４－５,介護予防教室,・いきいき百歳体操　＊定員があるため新規受け入れは要相談　・頭から足までの全身体操,毎週（木）10時から12時,無償,社協みなみ,048‐871-1230,35.85382173,139.68701168
善前福寿会,善前公民館,さいたま市南区太田窪２５０４－５,会食会,①ボランティア活動②コーラス③学習活動④友愛活動⑤健康活動（ラジオ体操他）⑥ウォーキング・ハイキング ※善前自治会員対象,①週3回　②月2回　③年６回程度　④年５回程度　⑤週２回　⑥年7.8回,有償,社協みなみ,048‐871-1230,35.85382173,139.68701168
善前福寿会,善前公民館,さいたま市南区太田窪２５０４－５,絵画・書道,①ボランティア活動②コーラス③学習活動④友愛活動⑤健康活動（ラジオ体操他）⑥ウォーキング・ハイキング ※善前自治会員対象,①週3回　②月2回　③年６回程度　④年５回程度　⑤週２回　⑥年7.8回,有償,社協みなみ,048‐871-1230,35.85382173,139.68701168
善前福寿会,善前公民館,さいたま市南区太田窪２５０４－５,環境美化・清掃,①ボランティア活動②コーラス③学習活動④友愛活動⑤健康活動（ラジオ体操他）⑥ウォーキング・ハイキング ※善前自治会員対象,①週3回　②月2回　③年６回程度　④年５回程度　⑤週２回　⑥年7.8回,有償,社協みなみ,048‐871-1230,35.85382173,139.68701168
善前福寿会,善前公民館,さいたま市南区太田窪２５０４－５,手芸,①ボランティア活動②コーラス③学習活動④友愛活動⑤健康活動（ラジオ体操他）⑥ウォーキング・ハイキング ※善前自治会員対象,①週3回　②月2回　③年６回程度　④年５回程度　⑤週２回　⑥年7.8回,有償,社協みなみ,048‐871-1230,35.85382173,139.68701168
善前福寿会,善前公民館,さいたま市南区太田窪２５０４－５,住民主体の学習会,①ボランティア活動②コーラス③学習活動④友愛活動⑤健康活動（ラジオ体操他）⑥ウォーキング・ハイキング ※善前自治会員対象,①週3回　②月2回　③年６回程度　④年５回程度　⑤週２回　⑥年7.8回,有償,社協みなみ,048‐871-1230,35.85382173,139.68701168
善前福寿会,善前公民館,さいたま市南区太田窪２５０４－５,防犯パトロール,①ボランティア活動②コーラス③学習活動④友愛活動⑤健康活動（ラジオ体操他）⑥ウォーキング・ハイキング ※善前自治会員対象,①週3回　②月2回　③年６回程度　④年５回程度　⑤週２回　⑥年7.8回,有償,社協みなみ,048‐871-1230,35.85382173,139.68701168
百日草,善前公民館,さいたま市南区太田窪２５０４－５,介護予防教室,いきいき百歳体操の自主グループです。新規参加については社協みなみまでお問い合わせください。,毎週金曜日　１３時３０分から,無償,社協みなみ,048-871-1230,35.8539704311346,139.686939068439
和久和久体操,善前公民館,さいたま市南区太田窪2504-5,介護予防教室,いきいき百歳体操をやっています。仲間を募集中です。,週1回火曜日　14時から,無償,社協みなみ,048-871-1230,35.8541095723111,139.686917611423
メゾンさくらの会,メゾン浦和,さいたま市桜区西堀５－２－１０,サロン・茶話会,マンション内の交流を中心に季節ごとの行事や子どもたちの参加も大切に活動しています。,いきいき体操週1回（火曜午前）、サロン（第1･3火曜午後）,条件付き無償,ザイタック,048-836-3503,35.85423999,139.62638371
メゾンさくらの会,メゾン浦和,さいたま市桜区西堀５－２－１０,音楽（歌唱・演奏）,マンション内の交流を中心に季節ごとの行事や子どもたちの参加も大切に活動しています。,いきいき体操週1回（火曜午前）、サロン（第1･3火曜午後）,条件付き無償,ザイタック,048-836-3503,35.85423999,139.62638371
メゾンさくらの会,メゾン浦和,さいたま市桜区西堀５－２－１０,交流その他,マンション内の交流を中心に季節ごとの行事や子どもたちの参加も大切に活動しています。,いきいき体操週1回（火曜午前）、サロン（第1･3火曜午後）,条件付き無償,ザイタック,048-836-3503,35.85423999,139.62638371
メゾンさくらの会,メゾン浦和,さいたま市桜区西堀５－２－１０,手芸,マンション内の交流を中心に季節ごとの行事や子どもたちの参加も大切に活動しています。,いきいき体操週1回（火曜午前）、サロン（第1･3火曜午後）,条件付き無償,ザイタック,048-836-3503,35.85423999,139.62638371
メゾンさくらの会,メゾン浦和,さいたま市桜区西堀５－２－１０,体操教室,マンション内の交流を中心に季節ごとの行事や子どもたちの参加も大切に活動しています。,いきいき体操週1回（火曜午前）、サロン（第1･3火曜午後）,条件付き無償,ザイタック,048-836-3503,35.85423999,139.62638371
チューブ体操,南浦和公民館,さいたま市南区大谷場２－６－２５,体操教室,"軽快な音楽に合わせてチューブやボールを使った筋トレとストレッチです。
持ち物：運動できる服装と履き替え用の靴、飲み物
＊女性限定　無料体験有　チューブ貸し出します。",第1・３（火）＊変更あり　15時～16時30分,有償,社協みなみ,048-871-1230,35.85453824,139.67217956
南浦和ペタンク,南浦和公民館　レクリエーション広場,さいたま市南区大谷場２－６－２５,運動・スポーツ,現在10名で男性も参加しています。体験の方にはブール（ボール）も貸し出します。＊体験可,毎週水曜日　9時30分から11時30分　＊第5週はお休み,無償,社協みなみ,048‐871-1230,35.85453824,139.67217956
鹿一健康体操,中浦和会館,さいたま市桜区西堀１－１－５０,サロン・茶話会,百歳体操、ペーパークラフト,毎週火曜日9：50～,無償,シニアサポートセンター ハートランド浦和,048-836-2929,35.8545421987416,139.637549754764
鹿一健康体操,中浦和会館,さいたま市桜区西堀１－１－５０,介護予防教室,百歳体操、ペーパークラフト,毎週火曜日9：50～,無償,シニアサポートセンター ハートランド浦和,048-836-2929,35.8545421987416,139.637549754764
鹿一健康体操,中浦和会館,さいたま市桜区西堀１－１－５０,手芸,百歳体操、ペーパークラフト,毎週火曜日9：50～,無償,シニアサポートセンター ハートランド浦和,048-836-2929,35.8545421987416,139.637549754764
鹿一サロン,中浦和会館,さいたま市桜区西堀１－１－５０,サロン・茶話会,参加者同士の交流、体操、折り紙、防災の諸注意の話,毎月第２水曜・10:00～,無償,中浦和会館,048-767-3637,35.85454301,139.63757437
いきいき100歳体操　月曜会,中浦和会館,さいたま市桜区西堀１－１－５０,介護予防教室,１．100才体操　　２．ストレッチ　　３．リズム体操・脳トレ,第１、第３月曜（５週目がある月は第５月曜も実施）・10:00～12:00,有償,シニアサポートセンター ハートランド浦和,048-836-2929,35.85454301,139.63757437
いきいき100歳体操　月曜会,中浦和会館,さいたま市桜区西堀１－１－５０,体操教室,１．100才体操　　２．ストレッチ　　３．リズム体操・脳トレ,第１、第３月曜（５週目がある月は第５月曜も実施）・10:00～12:00,有償,シニアサポートセンター ハートランド浦和,048-836-2929,35.85454301,139.63757437
アクティブシニア,南浦和公民館,さいたま市南区大谷場２－６－２５,介護予防教室,いきいき百歳体操と体操の後、交流としておしゃべりをしています,"月曜日
10時から11時30分",無償,社協みなみ,048-871-1230,35.8546243725317,139.672296854186
男性料理教室,南浦和公民館　講座室,さいたま市南区大谷場２－６－２５,交流その他,男性限定の教室です。交流の場を図るため、みんなで和食料理・中華料理を作って食べるのを目的にしています。年齢を問わず料理に興味のある方大歓迎です。見学OK事前に連絡してください。,原則第2土曜日　13時から16時,有償,津田　信行,０８０－１２４２－７５８９,35.8546417640964,139.672275396513
男性料理教室,南浦和公民館　講座室,さいたま市南区大谷場２－６－２５,料理,男性限定の教室です。交流の場を図るため、みんなで和食料理・中華料理を作って食べるのを目的にしています。年齢を問わず料理に興味のある方大歓迎です。見学OK事前に連絡してください。,原則第2土曜日　13時から16時,有償,津田　信行,０８０－１２４２－７５８９,35.8546417640964,139.672275396513
気合いと出会い「健康ファースト」,別所沼公園内　屋根付き多目的広場,さいたま市南区別所４－１２－１０,運動・スポーツ,気合いと出会いと健康第一をモットーに別所沼周辺の四季の変化を楽しみにラジオ体操・太極拳を行なう会です。,週１回（月）・10:10～11:00,無償,シニアサポートセンター ハートランド浦和,048-836-2929,35.85525689,139.64026298
気合いと出会い「健康ファースト」,別所沼公園内　屋根付き多目的広場,さいたま市南区別所４－１２－１０,体操教室,気合いと出会いと健康第一をモットーに別所沼周辺の四季の変化を楽しみにラジオ体操・太極拳を行なう会です。,週１回（月）・10:10～11:00,無償,シニアサポートセンター ハートランド浦和,048-836-2929,35.85525689,139.64026298
ぷらっと会,大谷場共同自治会館,さいたま市南区南浦和１－７－５,介護予防教室,いきいき百歳体操の自主グループです。体操の後に早口言葉でお口の体操をしたり、歌を歌ったりしています。,毎週火曜日１０時～１１時３０分,無償,社協みなみ,048-871-1230,35.8552836083085,139.669095068439
サロン西堀さくら草,西堀仲自治会館,さいたま市桜区西堀6-5-9,サロン・茶話会,いきいき百歳体操や茶話会、介護予防に関する勉強会などを楽しく実施しています。,月1回程度（曜日不定）,無償,ザイタック,048-836-3503,35.8555,139.63025
サロン西堀さくら草,西堀仲自治会館,さいたま市桜区西堀6-5-9,介護予防教室,いきいき百歳体操や茶話会、介護予防に関する勉強会などを楽しく実施しています。,月1回程度（曜日不定）,無償,ザイタック,048-836-3503,35.8555,139.63025
サロン西堀さくら草,西堀仲自治会館,さいたま市桜区西堀6-5-9,交流その他,いきいき百歳体操や茶話会、介護予防に関する勉強会などを楽しく実施しています。,月1回程度（曜日不定）,無償,ザイタック,048-836-3503,35.8555,139.63025
サロン西堀さくら草,西堀仲自治会館,さいたま市桜区西堀6-5-9,体操教室,いきいき百歳体操や茶話会、介護予防に関する勉強会などを楽しく実施しています。,月1回程度（曜日不定）,無償,ザイタック,048-836-3503,35.8555,139.63025
古寺ハーモニー,圓蔵寺,さいたま市浦和区東岸町1番29号,音楽（歌唱・演奏）,"オカリナやキーボードを演奏します。
【対象地区：岸町、その他】",年4回,無償,シニアサポートセンター尚和園,048-813-8915,35.85556301,139.66070273
南上シニアクラブ,西堀南上之宮自治会集会所,さいたま市桜区西堀1-12-5,サロン・茶話会,いきいき百歳体操や茶話会、介護予防に関する勉強会などを楽しく実施しています。,月1回程度（曜日不定）,有償,ザイタック,048-836-3503,35.85587,139.63573
南上シニアクラブ,西堀南上之宮自治会集会所,さいたま市桜区西堀1-12-5,介護予防教室,いきいき百歳体操や茶話会、介護予防に関する勉強会などを楽しく実施しています。,月1回程度（曜日不定）,有償,ザイタック,048-836-3503,35.85587,139.63573
南上シニアクラブ,西堀南上之宮自治会集会所,さいたま市桜区西堀1-12-5,交流その他,いきいき百歳体操や茶話会、介護予防に関する勉強会などを楽しく実施しています。,月1回程度（曜日不定）,有償,ザイタック,048-836-3503,35.85587,139.63573
南上シニアクラブ,西堀南上之宮自治会集会所,さいたま市桜区西堀1-12-5,体操教室,いきいき百歳体操や茶話会、介護予防に関する勉強会などを楽しく実施しています。,月1回程度（曜日不定）,有償,ザイタック,048-836-3503,35.85587,139.63573
いきいきサロン,みんなの家中浦和,さいたま市桜区西堀6-9-1,介護予防教室,みんなで和気あいあいといきいき百歳体操を行っています。,毎週水曜日10：00～11：30,無償,ザイタック,048-836-3503,35.85642,139.62862
いきいきサロン,みんなの家中浦和,さいたま市桜区西堀6-9-1,体操教室,みんなで和気あいあいといきいき百歳体操を行っています。,毎週水曜日10：00～11：30,無償,ザイタック,048-836-3503,35.85642,139.62862
いきいきサロン向原,"河野工務店
ショールーム",さいたま市南区大谷口１５７７－３,サロン・茶話会,お茶を飲みながらおしゃべり・手芸・体操等楽しんで頂く＊新規の参加は見合わせてます,月１回　第４月曜日13:00～,有償,社協みなみ,048‐871-1230,35.85680747,139.68316188
いきいきサロン向原,"河野工務店
ショールーム",さいたま市南区大谷口１５７７－３,安否確認,お茶を飲みながらおしゃべり・手芸・体操等楽しんで頂く＊新規の参加は見合わせてます,月１回　第４月曜日13:00～,有償,社協みなみ,048‐871-1230,35.85680747,139.68316188
いきいきサロン向原,"河野工務店
ショールーム",さいたま市南区大谷口１５７７－３,音楽（歌唱・演奏）,お茶を飲みながらおしゃべり・手芸・体操等楽しんで頂く＊新規の参加は見合わせてます,月１回　第４月曜日13:00～,有償,社協みなみ,048‐871-1230,35.85680747,139.68316188
いきいきサロン向原,"河野工務店
ショールーム",さいたま市南区大谷口１５７７－３,手芸,お茶を飲みながらおしゃべり・手芸・体操等楽しんで頂く＊新規の参加は見合わせてます,月１回　第４月曜日13:00～,有償,社協みなみ,048‐871-1230,35.85680747,139.68316188
大和クラブ,浦和の樹　会議室,さいたま市浦和区東高砂町4-1,安否確認,"家庭訪問をし、安否確認を行っています。
【対象地区：東高砂町】",随時,無償,大和クラブ,048-885-3180,35.85687,139.65898
大和クラブ,浦和の樹　会議室,さいたま市浦和区東高砂町4-1,話し相手・傾聴,"家庭訪問をし、安否確認を行っています。
【対象地区：東高砂町】",随時,無償,大和クラブ,048-885-3180,35.85687,139.65898
町谷高齢者サロン,町谷自治会館,さいたま市桜区町谷３－２１－２１,サロン・茶話会,月1回地域の方々が集まり、体操や歌（童謡）・茶話会などを楽しんでいます。,毎月第3火曜日10:00～11:30,無償,ザイタック,048-836-3503,35.85697838,139.61892034
町谷高齢者サロン,町谷自治会館,さいたま市桜区町谷３－２１－２１,交流その他,月1回地域の方々が集まり、体操や歌（童謡）・茶話会などを楽しんでいます。,毎月第3火曜日10:00～11:30,無償,ザイタック,048-836-3503,35.85697838,139.61892034
町谷高齢者サロン,町谷自治会館,さいたま市桜区町谷３－２１－２１,体操教室,月1回地域の方々が集まり、体操や歌（童謡）・茶話会などを楽しんでいます。,毎月第3火曜日10:00～11:30,無償,ザイタック,048-836-3503,35.85697838,139.61892034
前地グランドゴルフクラブ,浦和競馬場,さいたま市南区大谷場1丁目8番42号,運動・スポーツ,"高齢者が気楽に楽しめるグランドゴルフを通じて地域の交流を行っています。
【対象地区：浦和区全域】",毎週月・木曜日　9:00～12:00　※競馬の開催日を除く,有償,シニアサポートセンター尚和園,048-813-8915,35.85755728,139.66795203
前地グランドゴルフクラブ,浦和競馬場,さいたま市南区大谷場1丁目8番42号,交流その他,"高齢者が気楽に楽しめるグランドゴルフを通じて地域の交流を行っています。
【対象地区：浦和区全域】",毎週月・木曜日　9:00～12:00　※競馬の開催日を除く,有償,シニアサポートセンター尚和園,048-813-8915,35.85755728,139.66795203
太田窪４丁目自治会,太田窪4丁目自治会集会所,さいたま市南区太田窪４－２９－１６,サロン・茶話会,＊原則として太田窪４丁目自治会加入者対象　①来たい人が来たい時間に来て好きなことをする場　②書道同好者の稽古,①毎週月曜日14時から16時 ②毎週（火）か（水）のどちらか,無償,社協みなみ,048‐871-1230,35.8578367188742,139.67516076469
太田窪４丁目自治会,太田窪4丁目自治会集会所,さいたま市南区太田窪４－２９－１６,絵画・書道,＊原則として太田窪４丁目自治会加入者対象　①来たい人が来たい時間に来て好きなことをする場　②書道同好者の稽古,①毎週月曜日14時から16時 ②毎週（火）か（水）のどちらか,無償,社協みなみ,048‐871-1230,35.8578367188742,139.67516076469
太田窪４丁目自治会,太田窪4丁目自治会集会所,さいたま市南区太田窪４－２９－１６,健康麻雀・囲碁・将棋,＊原則として太田窪４丁目自治会加入者対象　①来たい人が来たい時間に来て好きなことをする場　②書道同好者の稽古,①毎週月曜日14時から16時 ②毎週（火）か（水）のどちらか,無償,社協みなみ,048‐871-1230,35.8578367188742,139.67516076469
太田窪４丁目自治会,太田窪4丁目自治会集会所,さいたま市南区太田窪４－２９－１６,交流その他,＊原則として太田窪４丁目自治会加入者対象　①来たい人が来たい時間に来て好きなことをする場　②書道同好者の稽古,①毎週月曜日14時から16時 ②毎週（火）か（水）のどちらか,無償,社協みなみ,048‐871-1230,35.8578367188742,139.67516076469
太田窪４丁目自治会,太田窪4丁目自治会集会所,さいたま市南区太田窪４－２９－１６,手芸,＊原則として太田窪４丁目自治会加入者対象　①来たい人が来たい時間に来て好きなことをする場　②書道同好者の稽古,①毎週月曜日14時から16時 ②毎週（火）か（水）のどちらか,無償,社協みなみ,048‐871-1230,35.8578367188742,139.67516076469
太田窪４丁目自治会,太田窪4丁目自治会集会所,さいたま市南区太田窪４－２９－１６,場所の提供,＊原則として太田窪４丁目自治会加入者対象　①来たい人が来たい時間に来て好きなことをする場　②書道同好者の稽古,①毎週月曜日14時から16時 ②毎週（火）か（水）のどちらか,無償,社協みなみ,048‐871-1230,35.8578367188742,139.67516076469
助け合いの会「花曜クラブ」,コーポ太田窪　会議室,さいたま市南区太田窪５－７－５,サロン・茶話会,花曜サロンとして開催しています。お抹茶と和菓子をいただきながらの交流会です。,基本第3（水）13時30分から　＊変更あり　お問い合わせください,有償,社協みなみ,048‐871-1230,35.8578749817147,139.6770601
助け合いの会「花曜クラブ」,コーポ太田窪　会議室,さいたま市南区太田窪５－７－５,体操教室,花曜サロンとして開催しています。お抹茶と和菓子をいただきながらの交流会です。,基本第3（水）13時30分から　＊変更あり　お問い合わせください,有償,社協みなみ,048‐871-1230,35.8578749817147,139.6770601
浦和区中央地区社会福祉協議会,"高砂防犯ステーション、
仲町公民館、
浦和ふれあい館、
常盤公民館等","さいたま市浦和区高砂3丁目1番22号高砂ステーション内、
さいたま市浦和区常盤4丁目1番12号、
さいたま市浦和区常盤9丁目30番22号
さいたま市浦和区常盤9丁目30番1号",安否確認,"健康講座、映画鑑賞会、落語等。70歳以上の一人暮らしの方を対象にふれあい会食
【参加条件：高砂、仲町、常盤にお住いの75歳以上の方】",年6回程度,無償,浦和区中央地区社会福祉協議会,048-711-2193,35.8583183852054,139.652542623732
浦和区中央地区社会福祉協議会,"高砂防犯ステーション、
仲町公民館、
浦和ふれあい館、
常盤公民館等","さいたま市浦和区高砂3丁目1番22号高砂ステーション内、
さいたま市浦和区常盤4丁目1番12号、
さいたま市浦和区常盤9丁目30番22号
さいたま市浦和区常盤9丁目30番1号",音楽（歌唱・演奏）,"健康講座、映画鑑賞会、落語等。70歳以上の一人暮らしの方を対象にふれあい会食
【参加条件：高砂、仲町、常盤にお住いの75歳以上の方】",年6回程度,無償,浦和区中央地区社会福祉協議会,048-711-2193,35.8583183852054,139.652542623732
浦和区中央地区社会福祉協議会,"高砂防犯ステーション、
仲町公民館、
浦和ふれあい館、
常盤公民館等","さいたま市浦和区高砂3丁目1番22号高砂ステーション内、
さいたま市浦和区常盤4丁目1番12号、
さいたま市浦和区常盤9丁目30番22号
さいたま市浦和区常盤9丁目30番1号",防犯パトロール,"健康講座、映画鑑賞会、落語等。70歳以上の一人暮らしの方を対象にふれあい会食
【参加条件：高砂、仲町、常盤にお住いの75歳以上の方】",年6回程度,無償,浦和区中央地区社会福祉協議会,048-711-2193,35.8583183852054,139.652542623732
北高沼親交会,西堀高沼公園 多目的グランド,さいたま市桜区西堀８-１,運動・スポーツ,①グランド ②ラジオ体操,①グランドゴルフ毎週火曜日9:00〜12:00　②ラジオ体操雨天以外毎日6:30〜,無償,ザイタック,048-836-3503,35.85853692,139.63606323
生きがい彩の会（いきいきサロン）,"さいたま市浦和コミュニティセンター・さいたま市市民活動支援センター、
浦和ふれあい館","さいたま市浦和区東高砂町11番1号コムナーレ9F
さいたま市浦和区常盤9丁目30番22号",その他活動,"100歳体操、ころばん体操を月２回実施。
介護予防を目的に参加者との交流を目的に実施。
絵手紙・水彩画、美術館巡り等の活動。",ふれあい館は抽選で月2回実施。その他は浦和コミュニティセンター等で月1回,条件付き無償,シニアサポートセンター ジェイコー埼玉,048-834-3782,35.858617833247,139.659125652387
生きがい彩の会（いきいきサロン）,"さいたま市浦和コミュニティセンター・さいたま市市民活動支援センター、
浦和ふれあい館","さいたま市浦和区東高砂町11番1号コムナーレ9F
さいたま市浦和区常盤9丁目30番22号",安否確認,"100歳体操、ころばん体操を月２回実施。
介護予防を目的に参加者との交流を目的に実施。
絵手紙・水彩画、美術館巡り等の活動。",ふれあい館は抽選で月2回実施。その他は浦和コミュニティセンター等で月1回,条件付き無償,シニアサポートセンター ジェイコー埼玉,048-834-3782,35.858617833247,139.659125652387
生きがい彩の会（いきいきサロン）,"さいたま市浦和コミュニティセンター・さいたま市市民活動支援センター、
浦和ふれあい館","さいたま市浦和区東高砂町11番1号コムナーレ9F
さいたま市浦和区常盤9丁目30番22号",運動・スポーツ,"100歳体操、ころばん体操を月２回実施。
介護予防を目的に参加者との交流を目的に実施。
絵手紙・水彩画、美術館巡り等の活動。",ふれあい館は抽選で月2回実施。その他は浦和コミュニティセンター等で月1回,条件付き無償,シニアサポートセンター ジェイコー埼玉,048-834-3782,35.858617833247,139.659125652387
生きがい彩の会（いきいきサロン）,"さいたま市浦和コミュニティセンター・さいたま市市民活動支援センター、
浦和ふれあい館","さいたま市浦和区東高砂町11番1号コムナーレ9F
さいたま市浦和区常盤9丁目30番22号",音楽（歌唱・演奏）,"100歳体操、ころばん体操を月２回実施。
介護予防を目的に参加者との交流を目的に実施。
絵手紙・水彩画、美術館巡り等の活動。",ふれあい館は抽選で月2回実施。その他は浦和コミュニティセンター等で月1回,条件付き無償,シニアサポートセンター ジェイコー埼玉,048-834-3782,35.858617833247,139.659125652387
生きがい彩の会（いきいきサロン）,"さいたま市浦和コミュニティセンター・さいたま市市民活動支援センター、
浦和ふれあい館","さいたま市浦和区東高砂町11番1号コムナーレ9F
さいたま市浦和区常盤9丁目30番22号",介護予防教室,"100歳体操、ころばん体操を月２回実施。
介護予防を目的に参加者との交流を目的に実施。
絵手紙・水彩画、美術館巡り等の活動。",ふれあい館は抽選で月2回実施。その他は浦和コミュニティセンター等で月1回,条件付き無償,シニアサポートセンター ジェイコー埼玉,048-834-3782,35.858617833247,139.659125652387
生きがい彩の会（いきいきサロン）,"さいたま市浦和コミュニティセンター・さいたま市市民活動支援センター、
浦和ふれあい館","さいたま市浦和区東高砂町11番1号コムナーレ9F
さいたま市浦和区常盤9丁目30番22号",絵画・書道,"100歳体操、ころばん体操を月２回実施。
介護予防を目的に参加者との交流を目的に実施。
絵手紙・水彩画、美術館巡り等の活動。",ふれあい館は抽選で月2回実施。その他は浦和コミュニティセンター等で月1回,条件付き無償,シニアサポートセンター ジェイコー埼玉,048-834-3782,35.858617833247,139.659125652387
生きがい彩の会（いきいきサロン）,"さいたま市浦和コミュニティセンター・さいたま市市民活動支援センター、
浦和ふれあい館","さいたま市浦和区東高砂町11番1号コムナーレ9F
さいたま市浦和区常盤9丁目30番22号",公開講座,"100歳体操、ころばん体操を月２回実施。
介護予防を目的に参加者との交流を目的に実施。
絵手紙・水彩画、美術館巡り等の活動。",ふれあい館は抽選で月2回実施。その他は浦和コミュニティセンター等で月1回,条件付き無償,シニアサポートセンター ジェイコー埼玉,048-834-3782,35.858617833247,139.659125652387
生きがい彩の会（いきいきサロン）,"さいたま市浦和コミュニティセンター・さいたま市市民活動支援センター、
浦和ふれあい館","さいたま市浦和区東高砂町11番1号コムナーレ9F
さいたま市浦和区常盤9丁目30番22号",体操教室,"100歳体操、ころばん体操を月２回実施。
介護予防を目的に参加者との交流を目的に実施。
絵手紙・水彩画、美術館巡り等の活動。",ふれあい館は抽選で月2回実施。その他は浦和コミュニティセンター等で月1回,条件付き無償,シニアサポートセンター ジェイコー埼玉,048-834-3782,35.858617833247,139.659125652387
ひかわニコニコサロン,西堀氷川集会所,さいたま市桜区西堀８-２６-１,サロン・茶話会,いきいき百歳体操を月2回、茶話会を年4回その時々の関心ごとの講話や歌声喫茶など。北上の宮自治会会員,百歳体操月2回第1・3（木）、茶話会年4回,有償,ザイタック,048-836-3503,35.85864,139.63241
ひかわニコニコサロン,西堀氷川集会所,さいたま市桜区西堀８-２６-１,安否確認,いきいき百歳体操を月2回、茶話会を年4回その時々の関心ごとの講話や歌声喫茶など。北上の宮自治会会員,百歳体操月2回第1・3（木）、茶話会年4回,有償,ザイタック,048-836-3503,35.85864,139.63241
ひかわニコニコサロン,西堀氷川集会所,さいたま市桜区西堀８-２６-１,音楽（歌唱・演奏）,いきいき百歳体操を月2回、茶話会を年4回その時々の関心ごとの講話や歌声喫茶など。北上の宮自治会会員,百歳体操月2回第1・3（木）、茶話会年4回,有償,ザイタック,048-836-3503,35.85864,139.63241
ひかわニコニコサロン,西堀氷川集会所,さいたま市桜区西堀８-２６-１,交流その他,いきいき百歳体操を月2回、茶話会を年4回その時々の関心ごとの講話や歌声喫茶など。北上の宮自治会会員,百歳体操月2回第1・3（木）、茶話会年4回,有償,ザイタック,048-836-3503,35.85864,139.63241
ひかわニコニコサロン,西堀氷川集会所,さいたま市桜区西堀８-２６-１,体操教室,いきいき百歳体操を月2回、茶話会を年4回その時々の関心ごとの講話や歌声喫茶など。北上の宮自治会会員,百歳体操月2回第1・3（木）、茶話会年4回,有償,ザイタック,048-836-3503,35.85864,139.63241
元気トレーニング教室,栄和公民館,さいたま市桜区道場２－１１－２７,運動・スポーツ,月2回、講師を招いて「リズム体操」や「健康ヨガ」を行っています。,毎月第1・3火曜日9:30～11:00（会場によっては終了が10：45),有償,ザイタック,048-836-3503,35.85873919,139.61329017
ハンドレッドクラブ,栄和公民館,さいたま市桜区道場２－１１－２７,介護予防教室,音楽に合わせて、みんなで楽しくいきいき百歳体操を行っています。,第1・2・3土曜日10：00～,無償,ザイタック,048-836-3503,35.85873919,139.61329017
元気トレーニング教室,栄和公民館,さいたま市桜区道場２－１１－２７,介護予防教室,月2回、講師を招いて「リズム体操」や「健康ヨガ」を行っています。,毎月第1・3火曜日9:30～11:00（会場によっては終了が10：45),有償,ザイタック,048-836-3503,35.85873919,139.61329017
BONBON,栄和公民館,さいたま市桜区道場２－１１－２７,介護予防教室,音楽に合わせて、みんなで楽しくいきいき百歳体操を行っています。,毎週火曜日14：00～,無償,ザイタック,048-836-3503,35.85873919,139.61329017
元気トレーニング教室,栄和公民館,さいたま市桜区道場２－１１－２７,交流その他,月2回、講師を招いて「リズム体操」や「健康ヨガ」を行っています。,毎月第1・3火曜日9:30～11:00（会場によっては終了が10：45),有償,ザイタック,048-836-3503,35.85873919,139.61329017
ハンドレッドクラブ,栄和公民館,さいたま市桜区道場２－１１－２７,体操教室,音楽に合わせて、みんなで楽しくいきいき百歳体操を行っています。,第1・2・3土曜日10：00～,無償,ザイタック,048-836-3503,35.85873919,139.61329017
BONBON,栄和公民館,さいたま市桜区道場２－１１－２７,体操教室,音楽に合わせて、みんなで楽しくいきいき百歳体操を行っています。,毎週火曜日14：00～,無償,ザイタック,048-836-3503,35.85873919,139.61329017
BONBON,栄和公民館,さいたま市桜区道場2-11-27,介護予防教室,ますます元気教室で立ち上げたグループです。音楽に合わせて、みんなで楽しくいきいき百歳体操を実地しています。,"毎週火曜日
１４：00～",無償,さいたま市桜区北部圏域シニアサポートセンター西部総合,048-816-4503,35.8588369398027,139.613304225818
一般社団法人　埼玉いえ・まち再生会議,一般社団法人　埼玉いえ・まち再生会議,さいたま市南区広ケ谷戸５４８,住民主体の学習会,「家の修繕費を抑える」「信頼・安価な家の修理」「我が家を空き家にしない」等、市民の住まいのお悩みに、地域の専門家が協働して対応いたします。,随時：市民（主に高齢者）の方の住まいの相談と修理・修繕の支援,有償,一般社団法人　埼玉いえ・まち再生会議,048‐789-7381,35.85916831,139.6847561
ひだまりの会,サクラディア内多目的室,さいたま市桜区道場２－１－１サクラディア多目的室,サロン・茶話会,茶話会、お役立ち情報交換会（住まい、健康、食）、春と秋のウォーキング（お花見など）、忘年会、外部の方を招いての講話,"月1回（第3木曜日）
10：00～12：00",有償,ザイタック,048-836-3503,35.85946692,139.61670652
ひだまりの会,サクラディア内多目的室,さいたま市桜区道場２－１－１サクラディア多目的室,音楽（歌唱・演奏）,茶話会、お役立ち情報交換会（住まい、健康、食）、春と秋のウォーキング（お花見など）、忘年会、外部の方を招いての講話,"月1回（第3木曜日）
10：00～12：00",有償,ザイタック,048-836-3503,35.85946692,139.61670652
ひだまりの会,サクラディア内多目的室,さいたま市桜区道場２－１－１サクラディア多目的室,介護予防教室,茶話会、お役立ち情報交換会（住まい、健康、食）、春と秋のウォーキング（お花見など）、忘年会、外部の方を招いての講話,"月1回（第3木曜日）
10：00～12：00",有償,ザイタック,048-836-3503,35.85946692,139.61670652
「ますます元気教室inサクラディア」,サクラディア内多目的室,さいたま市桜区道場２－１－１サクラディア多目的室,介護予防教室,百歳体操＋ラジオ体操（第1･2）,"毎週火曜日
14：00～15：30",無償,ザイタック,048-836-3503,35.85946692,139.61670652
ひだまりの会,サクラディア内多目的室,さいたま市桜区道場２－１－１サクラディア多目的室,交流その他,茶話会、お役立ち情報交換会（住まい、健康、食）、春と秋のウォーキング（お花見など）、忘年会、外部の方を招いての講話,"月1回（第3木曜日）
10：00～12：00",有償,ザイタック,048-836-3503,35.85946692,139.61670652
ひだまりの会,サクラディア内多目的室,さいたま市桜区道場２－１－１サクラディア多目的室,手芸,茶話会、お役立ち情報交換会（住まい、健康、食）、春と秋のウォーキング（お花見など）、忘年会、外部の方を招いての講話,"月1回（第3木曜日）
10：00～12：00",有償,ザイタック,048-836-3503,35.85946692,139.61670652
「ますます元気教室inサクラディア」,サクラディア内多目的室,さいたま市桜区道場２－１－１サクラディア多目的室,体操教室,百歳体操＋ラジオ体操（第1･2）,"毎週火曜日
14：00～15：30",無償,ザイタック,048-836-3503,35.85946692,139.61670652
太田窪２丁目自治会　福祉部,太田窪２丁目自治会館,さいたま市南区太田窪２丁目１２－１２,運動・スポーツ,①ギター　②手芸部（袋物制作・編み物：ビーズ）　③ソフトボール（悠友会）　④ヨーガ　＊太田窪２丁目自治会員,①第１．３金曜日12時30分から　②第２．４木曜日10時から12時　③毎週日曜日9時30分から　④第２．４月曜日10時から12時,有償,太田窪２丁目自治会館,048‐885-0796,35.85976536,139.66876298
太田窪２丁目自治会　福祉部,太田窪２丁目自治会館,さいたま市南区太田窪２丁目１２－１２,音楽（歌唱・演奏）,①ギター　②手芸部（袋物制作・編み物：ビーズ）　③ソフトボール（悠友会）　④ヨーガ　＊太田窪２丁目自治会員,①第１．３金曜日12時30分から　②第２．４木曜日10時から12時　③毎週日曜日9時30分から　④第２．４月曜日10時から12時,有償,太田窪２丁目自治会館,048‐885-0796,35.85976536,139.66876298
太田窪２丁目自治会　福祉部,太田窪２丁目自治会館,さいたま市南区太田窪２丁目１２－１２,健康麻雀・囲碁・将棋,①ギター　②手芸部（袋物制作・編み物：ビーズ）　③ソフトボール（悠友会）　④ヨーガ　＊太田窪２丁目自治会員,①第１．３金曜日12時30分から　②第２．４木曜日10時から12時　③毎週日曜日9時30分から　④第２．４月曜日10時から12時,有償,太田窪２丁目自治会館,048‐885-0796,35.85976536,139.66876298
太田窪２丁目自治会　福祉部,太田窪２丁目自治会館,さいたま市南区太田窪２丁目１２－１２,手芸,①ギター　②手芸部（袋物制作・編み物：ビーズ）　③ソフトボール（悠友会）　④ヨーガ　＊太田窪２丁目自治会員,①第１．３金曜日12時30分から　②第２．４木曜日10時から12時　③毎週日曜日9時30分から　④第２．４月曜日10時から12時,有償,太田窪２丁目自治会館,048‐885-0796,35.85976536,139.66876298
くらしサポーター（有償ボランティア）,医療生協さいたま生活協同組合本部くらしサポーター事務局,川口市木曽呂1317,買い物・掃除・洗濯・電球交換・庭の手入れ（剪定・草取り）,"日常生活の困り事（食事作り、掃除、洗濯、話し相手、見守り、買い物同行、通院の付き添い、草取りなど）をお手伝いしています。※車の運転を伴う送迎はしていません。※7月～9月、気温30℃を超える日は草取りはお受けできません。
【対象地区：さいたま市全域、利用条件：おたがいさまの助け合い活動であることをご理解いただくこと】",月～金曜日10:00～16:00,有償,医療生協さいたま生活協同組合、くらしサポーター事務局,048-296-8692,35.85996018,139.71642282
くらしサポーター（有償ボランティア）,医療生協さいたま生活協同組合本部くらしサポーター事務局,川口市木曽呂1317,話し相手・傾聴,"日常生活の困り事（食事作り、掃除、洗濯、話し相手、見守り、買い物同行、通院の付き添い、草取りなど）をお手伝いしています。※車の運転を伴う送迎はしていません。※7月～9月、気温30℃を超える日は草取りはお受けできません。
【対象地区：さいたま市全域、利用条件：おたがいさまの助け合い活動であることをご理解いただくこと】",月～金曜日10:00～16:00,有償,医療生協さいたま生活協同組合、くらしサポーター事務局,048-296-8692,35.85996018,139.71642282
夢うらわ,生活協同組合パルシステム埼玉　ぱる★てらす,さいたま市浦和区東仲町10番7号,サロン・茶話会,【対象地区：浦和区全域】,毎月第1・3金曜日　13:30～15:00,有償,ＮＰＯ法人　さいたまＮＰＯセンター,048-811-1666,35.86002904,139.65753897
夢うらわ,生活協同組合パルシステム埼玉　ぱる★てらす,さいたま市浦和区東仲町10番7号,その他活動,【対象地区：浦和区全域】,毎月第1・3金曜日　13:30～15:00,有償,ＮＰＯ法人　さいたまＮＰＯセンター,048-811-1666,35.86002904,139.65753897
夢うらわ,生活協同組合パルシステム埼玉　ぱる★てらす,さいたま市浦和区東仲町10番7号,話し相手・傾聴,【対象地区：浦和区全域】,毎月第1・3金曜日　13:30～15:00,有償,ＮＰＯ法人　さいたまＮＰＯセンター,048-811-1666,35.86002904,139.65753897
はなみずき,附島自治会館,埼玉県さいたま市緑区大間木1680―1,サロン・茶話会,"附島自治会住民のみ。（女性限定）
おしゃべり、手芸、ラジオ体操、カラオケ等で楽しむ。希望者のみサロンの前に百歳体操を行っている。",月2回,有償,シニアサポートセンター浦和しぶや苑,048-876-1770,35.8601,139.71237
はなみずき,附島自治会館,埼玉県さいたま市緑区大間木1680―1,介護予防教室,"附島自治会住民のみ。（女性限定）
おしゃべり、手芸、ラジオ体操、カラオケ等で楽しむ。希望者のみサロンの前に百歳体操を行っている。",月2回,有償,シニアサポートセンター浦和しぶや苑,048-876-1770,35.8601,139.71237
アイリス北浦和5,アイリスガーデン北浦和　食堂,さいたま市浦和区北浦和5丁目13番6号,体操教室,"アイリスガーデン入居者と北浦和5丁目にお住いの方で、百歳体操を行っています。
いきいきサポーターの皆さんが盛り上げてくれています
【参加条件：北浦和5丁目在住の方限定】","毎月第1水曜日
14：00～15：00",無償,シニアサポートセンター ジェイコー埼玉,048-834-3782,35.8602086376683,139.645282185773
仲四サロン体操会,仲町４丁目自治会館,さいたま市浦和区仲町4丁目7番18号,介護予防教室,"百歳体操の他、運動支援員2名によるストレッチと脳トレゲーム。また、自治会福祉部員による季節折々の生活情報や健康情報、さらにやさしい英語学習時間を設けて楽しく学んでいます
【参加条件：仲町4丁目自治会員の方限定】。","毎月第3水曜日
10：00～11：30",無償,シニアサポートセンター ジェイコー埼玉,048-834-3782,35.8602086376683,139.645282185773
南元宿サロン,南元宿自治会館,さいたま市桜区南元宿１－８－７,サロン・茶話会,月1回地域の方々が集まって楽しく、体操や脳トレなどを行っています。,毎月第4水曜日10:00～11:30,無償,ザイタック,048-836-3503,35.86035031,139.6262168
南元宿サロン,南元宿自治会館,さいたま市桜区南元宿１－８－７,交流その他,月1回地域の方々が集まって楽しく、体操や脳トレなどを行っています。,毎月第4水曜日10:00～11:30,無償,ザイタック,048-836-3503,35.86035031,139.6262168
南元宿サロン,南元宿自治会館,さいたま市桜区南元宿１－８－７,体操教室,月1回地域の方々が集まって楽しく、体操や脳トレなどを行っています。,毎月第4水曜日10:00～11:30,無償,ザイタック,048-836-3503,35.86035031,139.6262168
常六みどり会,常盤６丁目自治会館,さいたま市浦和区常盤6丁目18番16号,サロン・茶話会,自治会館を利用して体操教室、卓球等、軽運動を行っています。手芸、書道、健康麻雀同好会もあり、最も盛況なのは歌唱で毎回２0名程参加されています。,各クラブ週2回,有償,シニアサポートセンター ジェイコー埼玉,048-834-3782,35.8603947456205,139.641205657882
常六みどり会,常盤６丁目自治会館,さいたま市浦和区常盤6丁目18番16号,運動・スポーツ,自治会館を利用して体操教室、卓球等、軽運動を行っています。手芸、書道、健康麻雀同好会もあり、最も盛況なのは歌唱で毎回２0名程参加されています。,各クラブ週2回,有償,シニアサポートセンター ジェイコー埼玉,048-834-3782,35.8603947456205,139.641205657882
常六みどり会,常盤６丁目自治会館,さいたま市浦和区常盤6丁目18番16号,音楽（歌唱・演奏）,自治会館を利用して体操教室、卓球等、軽運動を行っています。手芸、書道、健康麻雀同好会もあり、最も盛況なのは歌唱で毎回２0名程参加されています。,各クラブ週2回,有償,シニアサポートセンター ジェイコー埼玉,048-834-3782,35.8603947456205,139.641205657882
常六みどり会,常盤６丁目自治会館,さいたま市浦和区常盤6丁目18番16号,手芸,自治会館を利用して体操教室、卓球等、軽運動を行っています。手芸、書道、健康麻雀同好会もあり、最も盛況なのは歌唱で毎回２0名程参加されています。,各クラブ週2回,有償,シニアサポートセンター ジェイコー埼玉,048-834-3782,35.8603947456205,139.641205657882
花陽体操クラブ,常盤６丁目自治会館,さいたま市浦和区常盤6丁目18番16号,体操教室,"ストレッチ体操を行っています。年に2回程親睦を兼ねた食事会があります。
【参加条件：原則自治会員】","毎週火曜日　月4回
14:00~15:30",有償,シニアサポートセンター ジェイコー埼玉,048-834-3782,35.8603947456205,139.641205657882
常六みどり会,常盤６丁目自治会館,さいたま市浦和区常盤6丁目18番16号,話し相手・傾聴,自治会館を利用して体操教室、卓球等、軽運動を行っています。手芸、書道、健康麻雀同好会もあり、最も盛況なのは歌唱で毎回２0名程参加されています。,各クラブ週2回,有償,シニアサポートセンター ジェイコー埼玉,048-834-3782,35.8603947456205,139.641205657882
さいたま市薬剤師会(有)コスモス薬局,(有)コスモス薬局,さいたま市浦和区仲町4丁目10番13号,その他生活支援,"＜笑いヨガ＞人生いきいき、笑いは病を防ぐ特効薬。笑って笑って笑い続けてプラス思考で・・・(休止中）
＜ハンドセラピー＞医療的なものでなく、手を当てる手当により、ストレス回避、血流改善を目的としたハンドセラピーをしています。
健康運動器によるペダル漕ぎ、足の連動運動等",笑いヨガ：休止中、ハンドセラピー、健康運動器：適宜,無償,シニアサポートセンター ジェイコー埼玉,048-834-3782,35.86059526,139.64461792
さいたま市薬剤師会(有)コスモス薬局,(有)コスモス薬局,さいたま市浦和区仲町4丁目10番13号,介護予防教室,"＜笑いヨガ＞人生いきいき、笑いは病を防ぐ特効薬。笑って笑って笑い続けてプラス思考で・・・(休止中）
＜ハンドセラピー＞医療的なものでなく、手を当てる手当により、ストレス回避、血流改善を目的としたハンドセラピーをしています。
健康運動器によるペダル漕ぎ、足の連動運動等",笑いヨガ：休止中、ハンドセラピー、健康運動器：適宜,無償,シニアサポートセンター ジェイコー埼玉,048-834-3782,35.86059526,139.64461792
望蘭会,仲本公民館,さいたま市浦和区本太2丁目12番40号,サロン・茶話会,福祉レクリエーション活動を通して健康体操、歌体操などを楽しんでいます。,随時,無償,望蘭会,048-887-1091,35.8605985,139.66204409
仲本にちにち体操,仲本公民館,さいたま市浦和区本太2丁目12番40号,安否確認,地域住民同士のつながりを大切にしながら、いきいき百歳体操を実施しています。,毎週木曜日　10:00～12:00,無償,シニアサポートセンター尚和園,048-813-8915,35.8605985,139.66204409
望蘭会,仲本公民館,さいたま市浦和区本太2丁目12番40号,運動・スポーツ,福祉レクリエーション活動を通して健康体操、歌体操などを楽しんでいます。,随時,無償,望蘭会,048-887-1091,35.8605985,139.66204409
望蘭会,仲本公民館,さいたま市浦和区本太2丁目12番40号,音楽（歌唱・演奏）,福祉レクリエーション活動を通して健康体操、歌体操などを楽しんでいます。,随時,無償,望蘭会,048-887-1091,35.8605985,139.66204409
望蘭会,仲本公民館,さいたま市浦和区本太2丁目12番40号,介護予防教室,福祉レクリエーション活動を通して健康体操、歌体操などを楽しんでいます。,随時,無償,望蘭会,048-887-1091,35.8605985,139.66204409
あゆみ仲本,仲本公民館,さいたま市浦和区本太2丁目12番40号,介護予防教室,地域住民参加型のグループで、いきいき百歳体操を中心に楽しく活動しています。,毎月第2・3・4木曜日,無償,シニアサポートセンター尚和園,048-813-8915,35.8605985,139.66204409
仲本にちにち体操,仲本公民館,さいたま市浦和区本太2丁目12番40号,介護予防教室,地域住民同士のつながりを大切にしながら、いきいき百歳体操を実施しています。,毎週木曜日　10:00～12:00,無償,シニアサポートセンター尚和園,048-813-8915,35.8605985,139.66204409
望蘭会,仲本公民館,さいたま市浦和区本太2丁目12番40号,体操教室,福祉レクリエーション活動を通して健康体操、歌体操などを楽しんでいます。,随時,無償,望蘭会,048-887-1091,35.8605985,139.66204409
あゆみ仲本,仲本公民館,さいたま市浦和区本太2丁目12番40号,体操教室,地域住民参加型のグループで、いきいき百歳体操を中心に楽しく活動しています。,毎月第2・3・4木曜日,無償,シニアサポートセンター尚和園,048-813-8915,35.8605985,139.66204409
仲本にちにち体操,仲本公民館,さいたま市浦和区本太2丁目12番40号,体操教室,地域住民同士のつながりを大切にしながら、いきいき百歳体操を実施しています。,毎週木曜日　10:00～12:00,無償,シニアサポートセンター尚和園,048-813-8915,35.8605985,139.66204409
仲本にちにち体操,仲本公民館,さいたま市浦和区本太2丁目12番40号,話し相手・傾聴,地域住民同士のつながりを大切にしながら、いきいき百歳体操を実施しています。,毎週木曜日　10:00～12:00,無償,シニアサポートセンター尚和園,048-813-8915,35.8605985,139.66204409
仲本荘うたごえ広場,老人福祉センター仲本荘,さいたま市浦和区東仲町28番15号,音楽（歌唱・演奏）,"コーラス、ハーモニカ伴奏を行っています。
【対象地区：本太、東仲町、前地、元町】","月1回
9：30～10：30
11：00～12：00",無償,仲本荘うたごえ広場,048-762-8441,35.86073179,139.66001927
元気アップ体力測定・健康相談,仲本荘,さいたま市浦和区東仲町28番15号,介護予防教室,介護予防のために現状の体力状況を知り、健康意識を高めていきましょう。専門職への相談もできます。,"毎月第2木曜日
9：30～11：30",無償,シニアサポートセンター尚和園,048-813-8915,35.8607562022996,139.660118523323
元気アップ体力測定・健康相談,仲本荘,さいたま市浦和区東仲町28番15号,話し相手・傾聴,介護予防のために現状の体力状況を知り、健康意識を高めていきましょう。専門職への相談もできます。,"毎月第2木曜日
9：30～11：30",無償,シニアサポートセンター尚和園,048-813-8915,35.8607562022996,139.660118523323
余暇を楽しむ会,東浦和住宅管理組合集会所,埼玉県さいたま市緑区大間木1545,サロン・茶話会,"東浦和住宅に居住する高齢者の親睦を図るため、毎月第１土曜日懇親会を催しています。
会の内容は会員の提案で決めています。また、月2回カラオケを開催しています。",毎月第１土曜日13時～　,有償,シニアサポートセンター浦和しぶや苑,048-876-1770,35.86079,139.70613
おれんじかふぇ,東浦和公民館,埼玉県さいたま市南区大谷口5339,サロン・茶話会,"認知症の方やご家族、地域にお住いの方
ケアマネなど専門職の他どなたでも参加できる
集いの場。","月1回　第3金曜
10時～１１時30分",無償,シニアサポートセンター浦和しぶや苑,048-876-1770,35.86088207,139.70002977
いきいきサロン大谷口,東浦和公民館,さいたま市南区大谷口５３３９,サロン・茶話会,大谷口地区（要相談） お茶を飲みながらおしゃべり・簡単な折り紙と体操,月１回　第１火曜日13:30～,有償,社協みなみ,048‐871-1230,35.86125144,139.69507461
いきいきサロン大谷口,東浦和公民館,さいたま市南区大谷口５３３９,運動・スポーツ,大谷口地区（要相談） お茶を飲みながらおしゃべり・簡単な折り紙と体操,月１回　第１火曜日13:30～,有償,社協みなみ,048‐871-1230,35.86125144,139.69507461
楽楽会,東浦和公民館,さいたま市南区大谷口５３３９,介護予防教室,・いきいき百歳体操,"毎週（火）
10時から11時30分",無償,社協みなみ,048‐871-1230,35.86125144,139.69507461
ミラクルズ,東浦和公民館,さいたま市南区大谷口５３３９,体操教室,"健康体操・レクリエーション・脳トレ
持ち物：靴・飲み物・タオル・５本指靴下
＊女性限定",月３回　金曜日13時から15時,有償,社協みなみ,048‐871-1230,35.86125144,139.69507461
男のストレッチ,東浦和公民館,さいたま市南区大谷口５３３９,体操教室,"ストレッチ　筋トレ　リンパ体操
＊参加は男性のみ",毎週金曜日　＊変更あり　15時から16時30分,有償,社協みなみ,048‐871-1230,35.86125144,139.69507461
いきいき体操クラブすみれ,東浦和公民館,埼玉県さいたま市南区大谷口5339,介護予防教室,地域の方と一緒にいきいき百歳体操を行っています。,月３～４回,無償,シニアサポートセンター浦和しぶや苑,048-876-1770,35.8612760202745,139.695121501162
月曜クラブ,東浦和公民館,さいたま市南区大谷口５３３９,介護予防教室,いきいき百歳体操をやっています。男性も歓迎します。,毎週月曜日　10時から,無償,社協みなみ,048-871-1230,35.861278752751,139.695114696514
いきいき２００才,仲町公民館,さいたま市浦和区常盤4丁目1番12号,その他活動,いきいき百歳体操を週に1回実施することで、筋肉を付け、転ばない体を作り、膝の痛みをとる。脳トレ・歌唱を加えて、認知症予防をはかる【参加条件：仲町公民館に来られる方】,月4回　水曜日14：00～15：00,無償,シニアサポートセンター ジェイコー埼玉,048-834-3782,35.8614312892382,139.649863695744
いきいき２００才,仲町公民館,さいたま市浦和区常盤4丁目1番12号,安否確認,いきいき百歳体操を週に1回実施することで、筋肉を付け、転ばない体を作り、膝の痛みをとる。脳トレ・歌唱を加えて、認知症予防をはかる【参加条件：仲町公民館に来られる方】,月4回　水曜日14：00～15：00,無償,シニアサポートセンター ジェイコー埼玉,048-834-3782,35.8614312892382,139.649863695744
いきいき２００才,仲町公民館,さいたま市浦和区常盤4丁目1番12号,音楽（歌唱・演奏）,いきいき百歳体操を週に1回実施することで、筋肉を付け、転ばない体を作り、膝の痛みをとる。脳トレ・歌唱を加えて、認知症予防をはかる【参加条件：仲町公民館に来られる方】,月4回　水曜日14：00～15：00,無償,シニアサポートセンター ジェイコー埼玉,048-834-3782,35.8614312892382,139.649863695744
いきいき２００才,仲町公民館,さいたま市浦和区常盤4丁目1番12号,介護予防教室,いきいき百歳体操を週に1回実施することで、筋肉を付け、転ばない体を作り、膝の痛みをとる。脳トレ・歌唱を加えて、認知症予防をはかる【参加条件：仲町公民館に来られる方】,月4回　水曜日14：00～15：00,無償,シニアサポートセンター ジェイコー埼玉,048-834-3782,35.8614312892382,139.649863695744
チームおれんじレインボー,仲町公民館,さいたま市浦和区常盤4丁目1番12号,運動・スポーツ,認知症の人やその家族等を地域の認知症サポーターと一緒に支える活動です,不定期,無償,シニアサポートセンター ジェイコー埼玉,048-834-3782,35.8614403722044,139.649864813549
"食生活改善推進協議会
谷田ヘルスメイト",谷田公民館,さいたま市南区大谷口１０８９－１,料理,年11回（7月休み）生活習慣病について話をしながら調理実習をします。男性も可,第4木曜日9時30分から,有償,社協みなみ,048-871-1230,35.8614894479717,139.676882531663
医療生協さいたま浦和南東支部,谷田公民館,さいたま市南区大谷口１０８９－１,介護予防教室,ヨーガをやります。ヨーガの後皆さんと輪になって歌います。,月３回　木曜日10:30～12:00,有償,浦和民主診療所　組織担当,048‐832-6156,35.86151522,139.67700387
医療生協さいたま浦和南東支部,谷田公民館,さいたま市南区大谷口１０８９－１,体操教室,ヨーガをやります。ヨーガの後皆さんと輪になって歌います。,月３回　木曜日10:30～12:00,有償,浦和民主診療所　組織担当,048‐832-6156,35.86151522,139.67700387
医療生協さいたま　大谷口支部,谷田公民館　他,さいたま市南区大谷口１０８９－１,介護予防教室,健康づくりの活動をしています。健康に関する学習会やウォーキングなどを行っています。,毎月第３火曜日,無償,浦和民主診療所　組織担当,048‐832-6156,35.86151522,139.67700387
医療生協さいたま　大谷口支部,谷田公民館　他,さいたま市南区大谷口１０８９－１,住民主体の学習会,健康づくりの活動をしています。健康に関する学習会やウォーキングなどを行っています。,毎月第３火曜日,無償,浦和民主診療所　組織担当,048‐832-6156,35.86151522,139.67700387
医療生協さいたま　大谷口支部,谷田公民館　他,さいたま市南区大谷口１０８９－１,体操教室,健康づくりの活動をしています。健康に関する学習会やウォーキングなどを行っています。,毎月第３火曜日,無償,浦和民主診療所　組織担当,048‐832-6156,35.86151522,139.67700387
細野コスモス,谷田公民館,さいたま市南区大谷口１０８９－１,介護予防教室,"いきいき百歳体操の自主グループです。百歳体操の後はプラスの体操や早口言葉でお口の体操もしています。
新規参加については社協みなみまでお問い合わせください。",毎週水曜日１３時３０分から,無償,社協みなみ,048-871-1230,35.8616226177643,139.677064997275
みどりの会,緑水苑与野,さいたま市中央区大戸1-33-12,介護予防教室,"百歳体操を中心に、ボールやタオルを使った簡単な運動・脳活体操・歌唱など
対象地区：主に大戸地区周辺にお住いの方",毎週水曜日・10:00～11:30,無償,中央区南部圏域シニアサポートセンターきりしき,048-858-2121,35.8618885008033,139.636673578471
みどりの会,緑水苑与野,さいたま市中央区大戸1-33-12,体操教室,"百歳体操を中心に、ボールやタオルを使った簡単な運動・脳活体操・歌唱など
対象地区：主に大戸地区周辺にお住いの方",毎週水曜日・10:00～11:30,無償,中央区南部圏域シニアサポートセンターきりしき,048-858-2121,35.8618885008033,139.636673578471
いきいきサロン桜坂,宮崎会館,さいたま市南区大谷口１０６４,サロン・茶話会,大谷口市営住宅、細野、友和会、電電細野、西、細野睦会、ひばり（各自治会内）80歳以上対象 折り紙・クラフト・コーラス・やさしいゲーム・体操,原則　毎月第４水曜日13:30～（８月は休み）,有償,社協みなみ,048‐871-1230,35.86195406,139.67743993
ひだまり,ウエルシアさいたま栄和店,さいたま市桜区栄和２－２７－１０,介護予防教室,１００歳体操、ストレッチ,毎週木曜日　午前10時から11時,無償,さいたま市桜区北部圏域シニアサポートセンター西部総合,048-816-4503,35.86339417,139.61499539
もとにでサロン,本太2丁目自治会集会所,さいたま市浦和区本太2丁目3番10号ライオンズヴィアーレ浦和壱番館101号,サロン・茶話会,"おしゃべりの広場、絵手紙とぬり絵、折り紙、すこやかストレッチ、親子で茶道等を行っています。
【対象地区：本太2丁目自治会近隣】",随時,無償,代表宅,048-882-9372,35.86347024,139.65627507
もとにでサロン,本太2丁目自治会集会所,さいたま市浦和区本太2丁目3番10号ライオンズヴィアーレ浦和壱番館101号,住民主体の学習会,"おしゃべりの広場、絵手紙とぬり絵、折り紙、すこやかストレッチ、親子で茶道等を行っています。
【対象地区：本太2丁目自治会近隣】",随時,無償,代表宅,048-882-9372,35.86347024,139.65627507
水曜会もとに,本太2丁目自治会集会所,さいたま市浦和区本太2丁目3番10号ライオンズヴィアーレ浦和壱番館101号,体操教室,"介護予防と健康増進を目的とした団体です。
【対象地区：本太2丁目、参加条件：65歳以上】",毎週水曜日　13:30～15:00,無償,シニアサポートセンター尚和園,048-813-8915,35.86347024,139.65627507
てまり,まどか南与野有料老人ホーム,さいたま市中央区大戸3-12-8,介護予防教室,介護予防事業として百歳体操を通じて施設の入所者と共に運動をし、地域交流のふれあいを大切に活動,毎週火曜日・１０時～１１時３０分,無償,中央区南部圏域シニアサポートセンターきりしき,048-858-2121,35.8638202604056,139.637219718878
稲荷会,稲荷町会館,さいたま市中央区下落合３-７-２,介護予防教室,"いきいき百歳体操を実施、合い間に脳トレ等
対象：稲荷町自治会会員",毎週水曜日・１４時～１５時,無償,稲荷会,048-831-1703,35.8638202604056,139.637219718878
稲荷会,稲荷町会館,さいたま市中央区下落合３-７-２,体操教室,"いきいき百歳体操を実施、合い間に脳トレ等
対象：稲荷町自治会会員",毎週水曜日・１４時～１５時,無償,稲荷会,048-831-1703,35.8638202604056,139.637219718878
どんぐり,下落合公民館,さいたま市中央区下落合５-４-１７,介護予防教室,百歳体操を中心に、余った時間を利用して栄養に関する話題をしている。,（月３回目安として）月曜日１０時～１１時３０分,無償,中央区南部圏域シニアサポートセンターきりしき,048-858-2121,35.8638202604056,139.637219718878
どんぐり,下落合公民館,さいたま市中央区下落合５-４-１７,体操教室,百歳体操を中心に、余った時間を利用して栄養に関する話題をしている。,（月３回目安として）月曜日１０時～１１時３０分,無償,中央区南部圏域シニアサポートセンターきりしき,048-858-2121,35.8638202604056,139.637219718878
なの花,飯能信金さいたま中央支店,さいたま市中央区下落合4-14-21,介護予防教室,介護予防事業として百歳体操を通じて全身の筋肉の低下を予防、ダンス等をしたり楽しく実施,毎週木曜日・９時３０分～１１時,有償,中央区南部圏域シニアサポートセンターきりしき,048-858-2121,35.8638202604056,139.637219718878
民間の公民館　倖せの幸民館動動,ラウンジサンアイ,さいたま市浦和区常盤2丁目1番20号,サロン・茶話会,泣いて笑っておしゃべりして　歌って踊って体操して　お茶を飲んで　お遊びして　勉強して、ボランティアして　淋しさ悲しさを　ふっとばし　元気健康に　友達、家族になろう（世代間交流・孤独・フレイルをなくす活動）,毎週木・土・日、9：00～16：00（不定）,有償,シニアサポートセンター ジェイコー埼玉,048-834-3782,35.8643427039386,139.653333926111
民間の公民館　倖せの幸民館動動,ラウンジサンアイ,さいたま市浦和区常盤2丁目1番20号,運動・スポーツ,泣いて笑っておしゃべりして　歌って踊って体操して　お茶を飲んで　お遊びして　勉強して、ボランティアして　淋しさ悲しさを　ふっとばし　元気健康に　友達、家族になろう（世代間交流・孤独・フレイルをなくす活動）,毎週木・土・日、9：00～16：00（不定）,有償,シニアサポートセンター ジェイコー埼玉,048-834-3782,35.8643427039386,139.653333926111
民間の公民館　倖せの幸民館動動,ラウンジサンアイ,さいたま市浦和区常盤2丁目1番20号,音楽（歌唱・演奏）,泣いて笑っておしゃべりして　歌って踊って体操して　お茶を飲んで　お遊びして　勉強して、ボランティアして　淋しさ悲しさを　ふっとばし　元気健康に　友達、家族になろう（世代間交流・孤独・フレイルをなくす活動）,毎週木・土・日、9：00～16：00（不定）,有償,シニアサポートセンター ジェイコー埼玉,048-834-3782,35.8643427039386,139.653333926111
民間の公民館　倖せの幸民館動動,ラウンジサンアイ,さいたま市浦和区常盤2丁目1番20号,介護予防教室,泣いて笑っておしゃべりして　歌って踊って体操して　お茶を飲んで　お遊びして　勉強して、ボランティアして　淋しさ悲しさを　ふっとばし　元気健康に　友達、家族になろう（世代間交流・孤独・フレイルをなくす活動）,毎週木・土・日、9：00～16：00（不定）,有償,シニアサポートセンター ジェイコー埼玉,048-834-3782,35.8643427039386,139.653333926111
民間の公民館　倖せの幸民館動動,ラウンジサンアイ,さいたま市浦和区常盤2丁目1番20号,会食会,泣いて笑っておしゃべりして　歌って踊って体操して　お茶を飲んで　お遊びして　勉強して、ボランティアして　淋しさ悲しさを　ふっとばし　元気健康に　友達、家族になろう（世代間交流・孤独・フレイルをなくす活動）,毎週木・土・日、9：00～16：00（不定）,有償,シニアサポートセンター ジェイコー埼玉,048-834-3782,35.8643427039386,139.653333926111
民間の公民館　倖せの幸民館動動,ラウンジサンアイ,さいたま市浦和区常盤2丁目1番20号,絵画・書道,泣いて笑っておしゃべりして　歌って踊って体操して　お茶を飲んで　お遊びして　勉強して、ボランティアして　淋しさ悲しさを　ふっとばし　元気健康に　友達、家族になろう（世代間交流・孤独・フレイルをなくす活動）,毎週木・土・日、9：00～16：00（不定）,有償,シニアサポートセンター ジェイコー埼玉,048-834-3782,35.8643427039386,139.653333926111
民間の公民館　倖せの幸民館動動,ラウンジサンアイ,さいたま市浦和区常盤2丁目1番20号,健康麻雀・囲碁・将棋,泣いて笑っておしゃべりして　歌って踊って体操して　お茶を飲んで　お遊びして　勉強して、ボランティアして　淋しさ悲しさを　ふっとばし　元気健康に　友達、家族になろう（世代間交流・孤独・フレイルをなくす活動）,毎週木・土・日、9：00～16：00（不定）,有償,シニアサポートセンター ジェイコー埼玉,048-834-3782,35.8643427039386,139.653333926111
民間の公民館　倖せの幸民館動動,ラウンジサンアイ,さいたま市浦和区常盤2丁目1番20号,語学,泣いて笑っておしゃべりして　歌って踊って体操して　お茶を飲んで　お遊びして　勉強して、ボランティアして　淋しさ悲しさを　ふっとばし　元気健康に　友達、家族になろう（世代間交流・孤独・フレイルをなくす活動）,毎週木・土・日、9：00～16：00（不定）,有償,シニアサポートセンター ジェイコー埼玉,048-834-3782,35.8643427039386,139.653333926111
民間の公民館　倖せの幸民館動動,ラウンジサンアイ,さいたま市浦和区常盤2丁目1番20号,写真・パソコン,泣いて笑っておしゃべりして　歌って踊って体操して　お茶を飲んで　お遊びして　勉強して、ボランティアして　淋しさ悲しさを　ふっとばし　元気健康に　友達、家族になろう（世代間交流・孤独・フレイルをなくす活動）,毎週木・土・日、9：00～16：00（不定）,有償,シニアサポートセンター ジェイコー埼玉,048-834-3782,35.8643427039386,139.653333926111
民間の公民館　倖せの幸民館動動,ラウンジサンアイ,さいたま市浦和区常盤2丁目1番20号,手芸,泣いて笑っておしゃべりして　歌って踊って体操して　お茶を飲んで　お遊びして　勉強して、ボランティアして　淋しさ悲しさを　ふっとばし　元気健康に　友達、家族になろう（世代間交流・孤独・フレイルをなくす活動）,毎週木・土・日、9：00～16：00（不定）,有償,シニアサポートセンター ジェイコー埼玉,048-834-3782,35.8643427039386,139.653333926111
民間の公民館　倖せの幸民館動動,ラウンジサンアイ,さいたま市浦和区常盤2丁目1番20号,体操教室,泣いて笑っておしゃべりして　歌って踊って体操して　お茶を飲んで　お遊びして　勉強して、ボランティアして　淋しさ悲しさを　ふっとばし　元気健康に　友達、家族になろう（世代間交流・孤独・フレイルをなくす活動）,毎週木・土・日、9：00～16：00（不定）,有償,シニアサポートセンター ジェイコー埼玉,048-834-3782,35.8643427039386,139.653333926111
民間の公民館　倖せの幸民館動動,ラウンジサンアイ,さいたま市浦和区常盤2丁目1番20号,料理,泣いて笑っておしゃべりして　歌って踊って体操して　お茶を飲んで　お遊びして　勉強して、ボランティアして　淋しさ悲しさを　ふっとばし　元気健康に　友達、家族になろう（世代間交流・孤独・フレイルをなくす活動）,毎週木・土・日、9：00～16：00（不定）,有償,シニアサポートセンター ジェイコー埼玉,048-834-3782,35.8643427039386,139.653333926111
ＮＰＯ法人たすけあいワーカーズこの指とまれ,プラージュ南与野1階,さいたま市中央区大戸2-3-12,その他生活支援,会員制で相互の助け合い活動として、子育てを始め障がい者・家族、高齢者・家族のサポートを通して住み慣れた地域で自分らしく暮らしたいと願う会員同士の事業活動。また、フリースペースで、地域の居場所として提供,ミシンカフェ月3回、ランチカフェ毎週木曜日、キッズカフェ月1回・誕生日会2ヶ月１回（会員のみ）,有償,ＮＰO法人たすけあいワーカーズこの指とまれ,048-753-9315,35.8644185829958,139.635959332377
ＮＰＯ法人たすけあいワーカーズこの指とまれ,プラージュ南与野1階,さいたま市中央区大戸2-3-12,移送・送迎（通院等移動支援）,会員制で相互の助け合い活動として、子育てを始め障がい者・家族、高齢者・家族のサポートを通して住み慣れた地域で自分らしく暮らしたいと願う会員同士の事業活動。また、フリースペースで、地域の居場所として提供,ミシンカフェ月3回、ランチカフェ毎週木曜日、キッズカフェ月1回・誕生日会2ヶ月１回（会員のみ）,有償,ＮＰO法人たすけあいワーカーズこの指とまれ,048-753-9315,35.8644185829958,139.635959332377
ＮＰＯ法人たすけあいワーカーズこの指とまれ,プラージュ南与野1階,さいたま市中央区大戸2-3-12,環境美化・清掃,会員制で相互の助け合い活動として、子育てを始め障がい者・家族、高齢者・家族のサポートを通して住み慣れた地域で自分らしく暮らしたいと願う会員同士の事業活動。また、フリースペースで、地域の居場所として提供,ミシンカフェ月3回、ランチカフェ毎週木曜日、キッズカフェ月1回・誕生日会2ヶ月１回（会員のみ）,有償,ＮＰO法人たすけあいワーカーズこの指とまれ,048-753-9315,35.8644185829958,139.635959332377
ＮＰＯ法人たすけあいワーカーズこの指とまれ,プラージュ南与野1階,さいたま市中央区大戸2-3-12,場所の提供,会員制で相互の助け合い活動として、子育てを始め障がい者・家族、高齢者・家族のサポートを通して住み慣れた地域で自分らしく暮らしたいと願う会員同士の事業活動。また、フリースペースで、地域の居場所として提供,ミシンカフェ月3回、ランチカフェ毎週木曜日、キッズカフェ月1回・誕生日会2ヶ月１回（会員のみ）,有償,ＮＰO法人たすけあいワーカーズこの指とまれ,048-753-9315,35.8644185829958,139.635959332377
ＮＰＯ法人たすけあいワーカーズこの指とまれ,プラージュ南与野1階,さいたま市中央区大戸2-3-12,買い物・掃除・洗濯・電球交換・庭の手入れ（剪定・草取り）,会員制で相互の助け合い活動として、子育てを始め障がい者・家族、高齢者・家族のサポートを通して住み慣れた地域で自分らしく暮らしたいと願う会員同士の事業活動。また、フリースペースで、地域の居場所として提供,ミシンカフェ月3回、ランチカフェ毎週木曜日、キッズカフェ月1回・誕生日会2ヶ月１回（会員のみ）,有償,ＮＰO法人たすけあいワーカーズこの指とまれ,048-753-9315,35.8644185829958,139.635959332377
中島いきいきサロン,中島自治会館,さいたま市桜区中島4-7-21,サロン・茶話会,高齢者サロンです。おしゃべりや趣味活動などいろいろなことやりながら楽しく過ごしましょう。,毎月第2火曜日10：00～11：30,その他,ザイタック,048-836-3503,35.86479,139.61971
中島いきいきサロン,中島自治会館,さいたま市桜区中島4-7-21,音楽（歌唱・演奏）,高齢者サロンです。おしゃべりや趣味活動などいろいろなことやりながら楽しく過ごしましょう。,毎月第2火曜日10：00～11：30,その他,ザイタック,048-836-3503,35.86479,139.61971
中島元気百歳体操B,中島自治会館,さいたま市桜区中島4-7-21,介護予防教室,楽しくいきいき百歳体操を行っています。,原則第1・3水曜日13：30～14：30,無償,ザイタック,048-836-3503,35.86479,139.61971
中島いきいきサロン,中島自治会館,さいたま市桜区中島4-7-21,交流その他,高齢者サロンです。おしゃべりや趣味活動などいろいろなことやりながら楽しく過ごしましょう。,毎月第2火曜日10：00～11：30,その他,ザイタック,048-836-3503,35.86479,139.61971
中島いきいきサロン,中島自治会館,さいたま市桜区中島4-7-21,手芸,高齢者サロンです。おしゃべりや趣味活動などいろいろなことやりながら楽しく過ごしましょう。,毎月第2火曜日10：00～11：30,その他,ザイタック,048-836-3503,35.86479,139.61971
中島元気百歳体操B,中島自治会館,さいたま市桜区中島4-7-21,体操教室,楽しくいきいき百歳体操を行っています。,原則第1・3水曜日13：30～14：30,無償,ザイタック,048-836-3503,35.86479,139.61971
いきいきサロン本一,本太1丁目自治会集会所,さいたま市浦和区本太1丁目35番地25号,サロン・茶話会,【対象地区：特に本太1丁目自治会会員の参加を歓迎、参加条件：次の項目に関係しないこと①暴力団関係者、②宗教活動利用、③政治活動利用、④営利活動利用】,毎月第3木曜日　※本太クラブ健康教室の後,有償,シニアサポートセンター尚和園,048-813-8915,35.86496,139.66231
本太クラブ健康教室,本太1丁目自治会集会所,さいたま市浦和区本太1丁目35番25号,サロン・茶話会,"自立した生活が長く・楽しく送れるようプログラムを構成しています。
【対象地区：特に本太1丁目自治会会員の参加を歓迎、参加条件：次の項目に関係しないこと①暴力団関係者、②宗教活動利用、③政治活動利用、④営利活動利用】",毎週木曜日　9:30～11:30,無償,シニアサポートセンター尚和園,048-813-8915,35.86496,139.66231
いきいきサロン本一,本太1丁目自治会集会所,さいたま市浦和区本太1丁目35番地25号,安否確認,【対象地区：特に本太1丁目自治会会員の参加を歓迎、参加条件：次の項目に関係しないこと①暴力団関係者、②宗教活動利用、③政治活動利用、④営利活動利用】,毎月第3木曜日　※本太クラブ健康教室の後,有償,シニアサポートセンター尚和園,048-813-8915,35.86496,139.66231
本太クラブ健康教室,本太1丁目自治会集会所,さいたま市浦和区本太1丁目35番25号,安否確認,"自立した生活が長く・楽しく送れるようプログラムを構成しています。
【対象地区：特に本太1丁目自治会会員の参加を歓迎、参加条件：次の項目に関係しないこと①暴力団関係者、②宗教活動利用、③政治活動利用、④営利活動利用】",毎週木曜日　9:30～11:30,無償,シニアサポートセンター尚和園,048-813-8915,35.86496,139.66231
いきいきサロン本一,本太1丁目自治会集会所,さいたま市浦和区本太1丁目35番地25号,音楽（歌唱・演奏）,【対象地区：特に本太1丁目自治会会員の参加を歓迎、参加条件：次の項目に関係しないこと①暴力団関係者、②宗教活動利用、③政治活動利用、④営利活動利用】,毎月第3木曜日　※本太クラブ健康教室の後,有償,シニアサポートセンター尚和園,048-813-8915,35.86496,139.66231
本太クラブ健康教室,本太1丁目自治会集会所,さいたま市浦和区本太1丁目35番25号,音楽（歌唱・演奏）,"自立した生活が長く・楽しく送れるようプログラムを構成しています。
【対象地区：特に本太1丁目自治会会員の参加を歓迎、参加条件：次の項目に関係しないこと①暴力団関係者、②宗教活動利用、③政治活動利用、④営利活動利用】",毎週木曜日　9:30～11:30,無償,シニアサポートセンター尚和園,048-813-8915,35.86496,139.66231
本太クラブ健康教室,本太1丁目自治会集会所,さいたま市浦和区本太1丁目35番25号,介護予防教室,"自立した生活が長く・楽しく送れるようプログラムを構成しています。
【対象地区：特に本太1丁目自治会会員の参加を歓迎、参加条件：次の項目に関係しないこと①暴力団関係者、②宗教活動利用、③政治活動利用、④営利活動利用】",毎週木曜日　9:30～11:30,無償,シニアサポートセンター尚和園,048-813-8915,35.86496,139.66231
本太クラブ健康教室,本太1丁目自治会集会所,さいたま市浦和区本太1丁目35番25号,体操教室,"自立した生活が長く・楽しく送れるようプログラムを構成しています。
【対象地区：特に本太1丁目自治会会員の参加を歓迎、参加条件：次の項目に関係しないこと①暴力団関係者、②宗教活動利用、③政治活動利用、④営利活動利用】",毎週木曜日　9:30～11:30,無償,シニアサポートセンター尚和園,048-813-8915,35.86496,139.66231
いきいきサロン本一,本太1丁目自治会集会所,さいたま市浦和区本太1丁目35番地25号,話し相手・傾聴,【対象地区：特に本太1丁目自治会会員の参加を歓迎、参加条件：次の項目に関係しないこと①暴力団関係者、②宗教活動利用、③政治活動利用、④営利活動利用】,毎月第3木曜日　※本太クラブ健康教室の後,有償,シニアサポートセンター尚和園,048-813-8915,35.86496,139.66231
"東浦和グランドゴルフ
クラブ",東浦和中央公園,埼玉県さいたま市緑区東浦和4-4-1,運動・スポーツ,"健康長寿を目指してグランドゴルフとラジオ
体操をしています。","毎週火曜日・木曜日
13時～15時",有償,シニアサポートセンター浦和しぶや苑,048-876-1770,35.86555,139.70154
尾間木グランドゴルフ同好会,東浦和中央公園,埼玉県さいたま市緑区東浦和4-4-1,運動・スポーツ,"グランドゴルフと新年会、創立記念大会
親睦旅行（春、夏、秋）大会",毎週月曜日、木曜日,その他,シニアサポートセンター浦和しぶや苑,048-876-1770,35.86555,139.70154
中島リズム体操クラブ,中島小学校・体育館,さいたま市桜区中島1-28-1,介護予防教室,リズム体操（ストレッチ）といきいき百歳体操を1週間おきに頑張っています。みんなで声かけしながら楽しくやっています。,毎週木曜日18：30～19:30,無償,ザイタック,048-836-3503,35.8655767154463,139.624584993411
中島リズム体操クラブ,中島小学校・体育館,さいたま市桜区中島1-28-1,体操教室,リズム体操（ストレッチ）といきいき百歳体操を1週間おきに頑張っています。みんなで声かけしながら楽しくやっています。,毎週木曜日18：30～19:30,無償,ザイタック,048-836-3503,35.8655767154463,139.624584993411
ふれあいおしゃべりサロン,大戸自冶連合会館,さいたま市中央区大戸3-15-12,サロン・茶話会,"茶、菓子の提供及び歌や折り紙、脳トレなど気軽に楽しい交流、仲間作り
対象：大戸２、３丁目自冶会会員",随時,無償,中央区南部圏域シニアサポートセンターきりしき,048-858-2121,35.8657557571787,139.637811836611
おしゃべりサロン　和,大戸自冶連合会館,さいたま市中央区大戸3-15-12,サロン・茶話会,"茶、菓子の提供及びおしゃべり
対象：大戸西自冶会会員",毎週木曜日・10時～12時,無償,おしゃべりサロン　和,048-831-1471,35.8657557571787,139.637811836611
おしゃべりサロン　和,大戸自冶連合会館,さいたま市中央区大戸3-15-12,音楽（歌唱・演奏）,"茶、菓子の提供及びおしゃべり
対象：大戸西自冶会会員",毎週木曜日・10時～12時,無償,おしゃべりサロン　和,048-831-1471,35.8657557571787,139.637811836611
ふれあいおしゃべりサロン,大戸自冶連合会館,さいたま市中央区大戸3-15-12,介護予防教室,"茶、菓子の提供及び歌や折り紙、脳トレなど気軽に楽しい交流、仲間作り
対象：大戸２、３丁目自冶会会員",随時,無償,中央区南部圏域シニアサポートセンターきりしき,048-858-2121,35.8657557571787,139.637811836611
おしゃべりサロン　和,大戸自冶連合会館,さいたま市中央区大戸3-15-12,会食会,"茶、菓子の提供及びおしゃべり
対象：大戸西自冶会会員",毎週木曜日・10時～12時,無償,おしゃべりサロン　和,048-831-1471,35.8657557571787,139.637811836611
ふれあいおしゃべりサロン,大戸自冶連合会館,さいたま市中央区大戸3-15-12,話し相手・傾聴,"茶、菓子の提供及び歌や折り紙、脳トレなど気軽に楽しい交流、仲間作り
対象：大戸２、３丁目自冶会会員",随時,無償,中央区南部圏域シニアサポートセンターきりしき,048-858-2121,35.8657557571787,139.637811836611
常五朋友クラブ,常盤５丁目自治会館,さいたま市浦和区常盤５丁目６番１４号,サロン・茶話会,"俳句会・学習会・ボランティア活動（花植）・子供会とラジオ体操・週1回の筋トレ・お花見茶会などを行っています。
【参加条件：常盤5丁目在住】","俳句会月1回（第3木曜日13：30～15：00）
筋トレ週1回（日曜日：夏時間9～10時、冬時間9時30分～10時30分）",無償,シニアサポートセンター ジェイコー埼玉,048-834-3782,35.8661018490022,139.649633784165
常五朋友クラブ,常盤５丁目自治会館,さいたま市浦和区常盤５丁目６番１４号,音楽（歌唱・演奏）,"俳句会・学習会・ボランティア活動（花植）・子供会とラジオ体操・週1回の筋トレ・お花見茶会などを行っています。
【参加条件：常盤5丁目在住】","俳句会月1回（第3木曜日13：30～15：00）
筋トレ週1回（日曜日：夏時間9～10時、冬時間9時30分～10時30分）",無償,シニアサポートセンター ジェイコー埼玉,048-834-3782,35.8661018490022,139.649633784165
常五サロン,常盤５丁目自治会館,さいたま市浦和区常盤5丁目6番14号,音楽（歌唱・演奏）,"いきいき体操（百歳体操）をした後、季節の歌や唱歌、懐メロなどを歌っています。
【参加条件：常盤5丁目近隣の方】",毎週水曜日10:00～11:30,無償,シニアサポートセンター ジェイコー埼玉,048-834-3782,35.8661018490022,139.649633784165
常五朋友クラブ,常盤５丁目自治会館,さいたま市浦和区常盤５丁目６番１４号,介護予防教室,"俳句会・学習会・ボランティア活動（花植）・子供会とラジオ体操・週1回の筋トレ・お花見茶会などを行っています。
【参加条件：常盤5丁目在住】","俳句会月1回（第3木曜日13：30～15：00）
筋トレ週1回（日曜日：夏時間9～10時、冬時間9時30分～10時30分）",無償,シニアサポートセンター ジェイコー埼玉,048-834-3782,35.8661018490022,139.649633784165
常五朋友クラブ,常盤５丁目自治会館,さいたま市浦和区常盤５丁目６番１４号,会食会,"俳句会・学習会・ボランティア活動（花植）・子供会とラジオ体操・週1回の筋トレ・お花見茶会などを行っています。
【参加条件：常盤5丁目在住】","俳句会月1回（第3木曜日13：30～15：00）
筋トレ週1回（日曜日：夏時間9～10時、冬時間9時30分～10時30分）",無償,シニアサポートセンター ジェイコー埼玉,048-834-3782,35.8661018490022,139.649633784165
常五朋友クラブ,常盤５丁目自治会館,さいたま市浦和区常盤５丁目６番１４号,健康麻雀・囲碁・将棋,"俳句会・学習会・ボランティア活動（花植）・子供会とラジオ体操・週1回の筋トレ・お花見茶会などを行っています。
【参加条件：常盤5丁目在住】","俳句会月1回（第3木曜日13：30～15：00）
筋トレ週1回（日曜日：夏時間9～10時、冬時間9時30分～10時30分）",無償,シニアサポートセンター ジェイコー埼玉,048-834-3782,35.8661018490022,139.649633784165
常五サロン,常盤５丁目自治会館,さいたま市浦和区常盤5丁目6番14号,体操教室,"いきいき体操（百歳体操）をした後、季節の歌や唱歌、懐メロなどを歌っています。
【参加条件：常盤5丁目近隣の方】",毎週水曜日10:00～11:30,無償,シニアサポートセンター ジェイコー埼玉,048-834-3782,35.8661018490022,139.649633784165
ふれあいサロンさくら,原山中学校,埼玉県さいたま市緑区太田窪1-10-22,サロン・茶話会,"ボランティア団体の催し物や茶話会。
大在家自治会の住民のみ。",年4回,有償,シニアサポートセンター浦和しぶや苑,048-876-1770,35.86632009,139.66669069
ふれあいサロンさくら,原山中学校,埼玉県さいたま市緑区太田窪1-10-22,会食会,"ボランティア団体の催し物や茶話会。
大在家自治会の住民のみ。",年4回,有償,シニアサポートセンター浦和しぶや苑,048-876-1770,35.86632009,139.66669069
いきいき健康サロン,中尾神社内緑島自治会館,埼玉県さいたま市緑区中尾2506,サロン・茶話会,いきいき百歳体操を覚え、毎週1回月曜日の午前10時から開催。場所は中尾神社内の集会所です。皆さんと和気あいあいと行っています。一人でも気軽にご参加ください。,毎週月曜日　,無償,シニアサポートセンター浦和しぶや苑,048-876-1770,35.86636469,139.68748338
いきいき健康サロン,中尾神社内緑島自治会館,埼玉県さいたま市緑区中尾2506,介護予防教室,いきいき百歳体操を覚え、毎週1回月曜日の午前10時から開催。場所は中尾神社内の集会所です。皆さんと和気あいあいと行っています。一人でも気軽にご参加ください。,毎週月曜日　,無償,シニアサポートセンター浦和しぶや苑,048-876-1770,35.86636469,139.68748338
本太3丁目サロン,本太3丁目町会事務所,さいたま市浦和区本太3丁目27番14号,サロン・茶話会,体操や口腔の運動や余興、誕生会などを通して地域の皆さまが楽しんでいただけるようなサロン活動を行っています。,毎月第4火曜日　10:00～12:00,有償,シニアサポートセンター尚和園,048-813-8915,35.86656698,139.65258087
プラスサンテ,本太公民館,さいたま市浦和区本太4丁目3番23号,サロン・茶話会,前半にいきいき百歳体操、後半に懇談会を行い会員同士の親睦を図っています。,毎週水・金曜日　10:00～12:00,無償,シニアサポートセンター尚和園,048-813-8915,35.86673377,139.65797202
プラスサンテ,本太公民館,さいたま市浦和区本太4丁目3番23号,運動・スポーツ,前半にいきいき百歳体操、後半に懇談会を行い会員同士の親睦を図っています。,毎週水・金曜日　10:00～12:00,無償,シニアサポートセンター尚和園,048-813-8915,35.86673377,139.65797202
プラスサンテ,本太公民館,さいたま市浦和区本太4丁目3番23号,介護予防教室,前半にいきいき百歳体操、後半に懇談会を行い会員同士の親睦を図っています。,毎週水・金曜日　10:00～12:00,無償,シニアサポートセンター尚和園,048-813-8915,35.86673377,139.65797202
常盤７丁目自治会体操クラブ,常盤７丁目自治会館,さいたま市浦和区常盤7丁目19番8号,介護予防教室,"運動支援員による筋力アップ(百歳体操）と楽しく脳トレ、荒川転ばん体操を行っています。年１回親睦を兼ねた食事会があります。体操後の茶話会（1回/月）
【参加条件：常盤７丁目在住で65歳以上の方】",第2・4木曜日（8月は夏休み）,無償,シニアサポートセンター ジェイコー埼玉,048-834-3782,35.86695,139.64374
常盤７丁目自治会体操クラブ,常盤７丁目自治会館,さいたま市浦和区常盤7丁目19番8号,体操教室,"運動支援員による筋力アップ(百歳体操）と楽しく脳トレ、荒川転ばん体操を行っています。年１回親睦を兼ねた食事会があります。体操後の茶話会（1回/月）
【参加条件：常盤７丁目在住で65歳以上の方】",第2・4木曜日（8月は夏休み）,無償,シニアサポートセンター ジェイコー埼玉,048-834-3782,35.86695,139.64374
浦和区東部地区社会福祉協議会シニア・サロン東部,浦和区東部地区社会福祉協議会,さいたま市浦和区本太4丁目9番4号,サロン・茶話会,"地域のボランティア（社協の見守り推進員）や民生委員の高齢者福祉部員が協力して活動を行っています。
【参加条件：浦和区東部地区社協圏域にお住まいの方で、一人で参加できる方】",月1回,無償,浦和区東部地区社会福祉協議会シニア・サロン東部,048-887-8987,35.86714484,139.6583192
浦和区東部地区社会福祉協議会シニア・サロン東部,浦和区東部地区社会福祉協議会,さいたま市浦和区本太4丁目9番4号,音楽（歌唱・演奏）,"地域のボランティア（社協の見守り推進員）や民生委員の高齢者福祉部員が協力して活動を行っています。
【参加条件：浦和区東部地区社協圏域にお住まいの方で、一人で参加できる方】",月1回,無償,浦和区東部地区社会福祉協議会シニア・サロン東部,048-887-8987,35.86714484,139.6583192
浦和区東部地区社会福祉協議会シニア・サロン東部,浦和区東部地区社会福祉協議会,さいたま市浦和区本太4丁目9番4号,介護予防教室,"地域のボランティア（社協の見守り推進員）や民生委員の高齢者福祉部員が協力して活動を行っています。
【参加条件：浦和区東部地区社協圏域にお住まいの方で、一人で参加できる方】",月1回,無償,浦和区東部地区社会福祉協議会シニア・サロン東部,048-887-8987,35.86714484,139.6583192
浦和区東部地区社会福祉協議会シニア・サロン東部,浦和区東部地区社会福祉協議会,さいたま市浦和区本太4丁目9番4号,会食会,"地域のボランティア（社協の見守り推進員）や民生委員の高齢者福祉部員が協力して活動を行っています。
【参加条件：浦和区東部地区社協圏域にお住まいの方で、一人で参加できる方】",月1回,無償,浦和区東部地区社会福祉協議会シニア・サロン東部,048-887-8987,35.86714484,139.6583192
浦和区東部地区社会福祉協議会シニア・サロン東部,浦和区東部地区社会福祉協議会,さいたま市浦和区本太4丁目9番4号,体操教室,"地域のボランティア（社協の見守り推進員）や民生委員の高齢者福祉部員が協力して活動を行っています。
【参加条件：浦和区東部地区社協圏域にお住まいの方で、一人で参加できる方】",月1回,無償,浦和区東部地区社会福祉協議会シニア・サロン東部,048-887-8987,35.86714484,139.6583192
浦和区東部地区社会福祉協議会　シニア・サロン東部,浦和区東部地区社会福祉協議会事務所,さいたま市浦和区本太4丁目9番4号,サロン・茶話会,"地域のボランティア（社協の見守り推進員）及び民生委員の高齢者福祉部員が協力し、ふれあい会食を開催しています。
【対象地区：浦和区東部地区、参加条件：１人で参加できる方】",月1回,無償,浦和区東部地区社会福祉協議会　シニア・サロン東部,048-887-8987,35.86714484,139.6583192
浦和区東部地区社会福祉協議会　シニア・サロン東部,浦和区東部地区社会福祉協議会事務所,さいたま市浦和区本太4丁目9番4号,音楽（歌唱・演奏）,"地域のボランティア（社協の見守り推進員）及び民生委員の高齢者福祉部員が協力し、ふれあい会食を開催しています。
【対象地区：浦和区東部地区、参加条件：１人で参加できる方】",月1回,無償,浦和区東部地区社会福祉協議会　シニア・サロン東部,048-887-8987,35.86714484,139.6583192
浦和区東部地区社会福祉協議会　シニア・サロン東部,浦和区東部地区社会福祉協議会事務所,さいたま市浦和区本太4丁目9番4号,介護予防教室,"地域のボランティア（社協の見守り推進員）及び民生委員の高齢者福祉部員が協力し、ふれあい会食を開催しています。
【対象地区：浦和区東部地区、参加条件：１人で参加できる方】",月1回,無償,浦和区東部地区社会福祉協議会　シニア・サロン東部,048-887-8987,35.86714484,139.6583192
浦和区東部地区社会福祉協議会　シニア・サロン東部,浦和区東部地区社会福祉協議会事務所,さいたま市浦和区本太4丁目9番4号,絵画・書道,"地域のボランティア（社協の見守り推進員）及び民生委員の高齢者福祉部員が協力し、ふれあい会食を開催しています。
【対象地区：浦和区東部地区、参加条件：１人で参加できる方】",月1回,無償,浦和区東部地区社会福祉協議会　シニア・サロン東部,048-887-8987,35.86714484,139.6583192
浦和区東部地区社会福祉協議会　シニア・サロン東部,浦和区東部地区社会福祉協議会事務所,さいたま市浦和区本太4丁目9番4号,体操教室,"地域のボランティア（社協の見守り推進員）及び民生委員の高齢者福祉部員が協力し、ふれあい会食を開催しています。
【対象地区：浦和区東部地区、参加条件：１人で参加できる方】",月1回,無償,浦和区東部地区社会福祉協議会　シニア・サロン東部,048-887-8987,35.86714484,139.6583192
東浦和4丁目お茶会,東浦和4丁目お茶会,埼玉県さいたま市緑区東浦和4-13-24,サロン・茶話会,"東浦和4丁目自治会住民のみ。
お茶会を通して健康体操、お薬講座、音楽歌唱、手先を使ったタオルぬいぐるみ作り等、様々な交流の場を行っている。人とのつながりを楽しむ。",不定期　年3回,無償,シニアサポートセンター浦和しぶや苑,048-876-1770,35.86752298,139.70240153
東浦和4丁目お茶会,東浦和4丁目お茶会,埼玉県さいたま市緑区東浦和4-13-24,介護予防教室,"東浦和4丁目自治会住民のみ。
お茶会を通して健康体操、お薬講座、音楽歌唱、手先を使ったタオルぬいぐるみ作り等、様々な交流の場を行っている。人とのつながりを楽しむ。",不定期　年3回,無償,シニアサポートセンター浦和しぶや苑,048-876-1770,35.86752298,139.70240153
東浦和4丁目お茶会,東浦和4丁目お茶会,埼玉県さいたま市緑区東浦和4-13-24,手芸,"東浦和4丁目自治会住民のみ。
お茶会を通して健康体操、お薬講座、音楽歌唱、手先を使ったタオルぬいぐるみ作り等、様々な交流の場を行っている。人とのつながりを楽しむ。",不定期　年3回,無償,シニアサポートセンター浦和しぶや苑,048-876-1770,35.86752298,139.70240153
社協サロン,原山会館,埼玉県さいたま市緑区原山1-1-17原山会館内,サロン・茶話会,"高齢者の誰もが気軽に通える居場所作り。
外出の機会の増加・仲間作り、健康作りを進める。",月１回　曜日不確定,無償,シニアサポートセンター浦和しぶや苑,048-876-1770,35.8681801407289,139.668176475379
社協サロン,原山会館,埼玉県さいたま市緑区原山1-1-17原山会館内,音楽（歌唱・演奏）,"高齢者の誰もが気軽に通える居場所作り。
外出の機会の増加・仲間作り、健康作りを進める。",月１回　曜日不確定,無償,シニアサポートセンター浦和しぶや苑,048-876-1770,35.8681801407289,139.668176475379
社協サロン,原山会館,埼玉県さいたま市緑区原山1-1-17原山会館内,介護予防教室,"高齢者の誰もが気軽に通える居場所作り。
外出の機会の増加・仲間作り、健康作りを進める。",月１回　曜日不確定,無償,シニアサポートセンター浦和しぶや苑,048-876-1770,35.8681801407289,139.668176475379
ふれあいサロン薬師,薬師会館,埼玉県さいたま市緑区原山4-17-22,サロン・茶話会,"60歳以上で、坊の在家自治会、原山4丁目自治会住民のみ。
ボランティア団体の催し物や茶話会。",年4回2.5.8.11月　第3木曜,有償,シニアサポートセンター浦和しぶや苑,048-876-1770,35.86831716,139.67429272
太極拳,薬師会館,埼玉県さいたま市緑区原山4-17-22,体操教室,"坊の在家自治会住民のみ　
第1.3土曜日10時～
講師をお呼びして太極拳の練習。",月2回第1.3土曜日10時,有償,シニアサポートセンター浦和しぶや苑,048-876-1770,35.86831716,139.67429272
栄和まるっとサロン,集会室,さいたま市桜区栄和3-16-11サーパス浦和,サロン・茶話会,"健康の話、軽い体操、情報交換、ギターの生演奏による歌の時間
栄和地域及びその近隣(但し単独で来場、または送迎可能の場合はこの限りにはあらず)",月1回（第2金曜日、但し1月、8月休会）,無償,大橋　治生,048-852-1084,35.86901848,139.61872541
栄和まるっとサロン,集会室,さいたま市桜区栄和3-16-11サーパス浦和,音楽（歌唱・演奏）,"健康の話、軽い体操、情報交換、ギターの生演奏による歌の時間
栄和地域及びその近隣(但し単独で来場、または送迎可能の場合はこの限りにはあらず)",月1回（第2金曜日、但し1月、8月休会）,無償,大橋　治生,048-852-1084,35.86901848,139.61872541
ライフガード大戸東,北浦和公園・楷楓亭,さいたま市浦和区常盤9-30,安否確認,介護予防事業として百歳体操の実技及び歌唱、脳トレ、おしゃべり等楽しい雰囲気で実施,不定期月３回金曜日・14時～16時,無償,中央区南部圏域シニアサポートセンターきりしき,048-858-2121,35.86934,139.64349
ライフガード大戸東,北浦和公園・楷楓亭,さいたま市浦和区常盤9-30,介護予防教室,介護予防事業として百歳体操の実技及び歌唱、脳トレ、おしゃべり等楽しい雰囲気で実施,不定期月３回金曜日・14時～16時,無償,中央区南部圏域シニアサポートセンターきりしき,048-858-2121,35.86934,139.64349
ライフガード大戸東,北浦和公園・楷楓亭,さいたま市浦和区常盤9-30,住民主体の学習会,介護予防事業として百歳体操の実技及び歌唱、脳トレ、おしゃべり等楽しい雰囲気で実施,不定期月３回金曜日・14時～16時,無償,中央区南部圏域シニアサポートセンターきりしき,048-858-2121,35.86934,139.64349
ライフガード大戸東,北浦和公園・楷楓亭,さいたま市浦和区常盤9-30,話し相手・傾聴,介護予防事業として百歳体操の実技及び歌唱、脳トレ、おしゃべり等楽しい雰囲気で実施,不定期月３回金曜日・14時～16時,無償,中央区南部圏域シニアサポートセンターきりしき,048-858-2121,35.86934,139.64349
サロン・ド・おおとひがし,恭慶館,さいたま市浦和区常盤9-30-5,サロン・茶話会,"茶、菓子の提供・各種イベント提供・包括支援センターからの派遣講師等による講和等
対象：大戸東自冶会会員",月1回第1木曜日・９時30分～12時,有償,中央区南部圏域シニアサポートセンターきりしき,048-858-2121,35.86942197,139.64454262
サロン・ド・おおとひがし,恭慶館,さいたま市浦和区常盤9-30-5,安否確認,"茶、菓子の提供・各種イベント提供・包括支援センターからの派遣講師等による講和等
対象：大戸東自冶会会員",月1回第1木曜日・９時30分～12時,有償,中央区南部圏域シニアサポートセンターきりしき,048-858-2121,35.86942197,139.64454262
ファミリーズ(ぬりえ),大久保東公民館,さいたま市桜区大久保領家１３１－６,絵画・書道,色鉛筆使用。講師の方がおり指導してくれます。,月２回　10：00～12：00,有償,さいたま市桜区北部圏域シニアサポートセンター西部総合,048-816-4503,35.8695472432704,139.608383225818
オリーブ体操クラブ,大久保東公民館,さいたま市桜区大久保領家１３１－５,運動・スポーツ,いきいき百歳体操、ストレッチ、フラダンス、お手玉、ラジオ体操。,毎週月曜日9：30から11:00,無償,さいたま市桜区北部圏域シニアサポートセンター西部総合,048-816-4503,35.86956,139.608344
オリーブ体操クラブ,大久保東公民館,さいたま市桜区大久保領家１３１－５,介護予防教室,いきいき百歳体操、ストレッチ、フラダンス、お手玉、ラジオ体操。,毎週月曜日9：30から11:00,無償,さいたま市桜区北部圏域シニアサポートセンター西部総合,048-816-4503,35.86956,139.608344
オリーブ体操クラブ,大久保東公民館,さいたま市桜区大久保領家１３１－５,料理,いきいき百歳体操、ストレッチ、フラダンス、お手玉、ラジオ体操。,毎週月曜日9：30から11:00,無償,さいたま市桜区北部圏域シニアサポートセンター西部総合,048-816-4503,35.86956,139.608344
いきいき体操わかば,大久保東公民館,さいたま市桜区大久保領家131-6,介護予防教室,百歳体操、定期的な体力測定。,第１、２．３月曜日１０時から11時３０分,有償,さいたま市桜区北部圏域シニアサポートセンター西部総合,048-816-4503,35.86956003,139.60824291
２０２０東会,大久保東公民館,さいたま市桜区大久保領家１３１－６,介護予防教室,百歳体操、準備運動,毎週木曜日9:30～11:00,無償,さいたま市桜区北部圏域シニアサポートセンター西部総合,048-816-4503,35.86956003,139.60824291
大久保詩吟クラブ,大久保東公民館,さいたま市桜区大久保領家131-6,交流その他,詩吟を広めたいと思い活動しています。毎月第2.4大久保東公民館で午前10時から１２時まで行っています。,"第2.4大久保東公民館
午前１０時から１２時",無償,さいたま市桜区北部圏域シニアサポートセンター西部総合,048-816-4503,35.86956003,139.60824291
ウェルカム,ウェルシア薬局栄和店,さいたま市桜区栄和２－２７－１０,介護予防教室,１００歳体操、ストレッチ,"第１・３火曜日10：００～
１１：００",無償,さいたま市桜区北部圏域シニアサポートセンター西部総合,048-816-4503,35.8697124318776,139.60841541186
浦和ニューハイツ百歳体操,浦和ニューハイツ集会室,さいたま市桜区神田１５１－７,介護予防教室,百歳体操、軽いストレッチ。浦和ニューハイツ自治会員のみ。,水曜日10：００～１１：００,無償,さいたま市桜区北部圏域シニアサポートセンター西部総合,048-816-4503,35.8697124318776,139.60841541186
桃太郎,大久保公民館,さいたま市，桜区，五関，839-2,サロン・茶話会,百歳体操と楽しいお話交流を行っています。,"月２～３回水曜日
9：00～12：00",無償,さいたま市桜区北部圏域シニアサポートセンター西部総合,048-816-4503,35.8697124318776,139.60841541186
百合の会,大久保公民館,さいたま市桜区五関８３９－２,音楽（歌唱・演奏）,いきいき百歳体操を通して認知予防の体操、ゲーム、口腔体操を行っている。仲間作りを目的とし体力向上をめざして活動しています。,"毎週水曜日1３：３０～
１５：００(５週目は休み)",無償,さいたま市桜区北部圏域シニアサポートセンター西部総合,048-816-4503,35.8697124318776,139.60841541186
桃太郎,大久保公民館,さいたま市，桜区，五関，839-2,介護予防教室,百歳体操と楽しいお話交流を行っています。,"月２～３回水曜日
9：00～12：00",無償,さいたま市桜区北部圏域シニアサポートセンター西部総合,048-816-4503,35.8697124318776,139.60841541186
百合の会,大久保公民館,さいたま市桜区五関８３９－２,介護予防教室,いきいき百歳体操を通して認知予防の体操、ゲーム、口腔体操を行っている。仲間作りを目的とし体力向上をめざして活動しています。,"毎週水曜日1３：３０～
１５：００(５週目は休み)",無償,さいたま市桜区北部圏域シニアサポートセンター西部総合,048-816-4503,35.8697124318776,139.60841541186
うずしおふれあいサロン,大久保東公民館,さいたま市桜区大久保領家131-6,サロン・茶話会,百歳体操後に講話を聞いたり情報交換を行ったりしています。,基本第2月曜日9：30～11：00,無償,さいたま市桜区北部圏域シニアサポートセンター西部総合,048-816-4503,35.8697124318776,139.60841541186
エレナ,大久保東公民館,さいたま市桜区大久保領家１３１－６,音楽（歌唱・演奏）,皆で体操して、歌って、ゲームして楽しんで行っています。,第２・３・４金曜日1４：００～１６：００,無償,さいたま市桜区北部圏域シニアサポートセンター西部総合,048-816-4503,35.8697124318776,139.60841541186
さくら,大久保東公民館,さいたま市桜区大久保領家131-6,介護予防教室,いきいき百歳体操、ラジオ体操ストレッチ等を行った後各自が持ち寄った情報交換を行っています。,火曜日１３：３０から１４：３０,無償,さいたま市桜区北部圏域シニアサポートセンター西部総合,048-816-4503,35.8697124318776,139.60841541186
うずしお,大久保東公民館,さいたま市桜区大久保領家131-6,介護予防教室,地域の仲間と毎週定期的に体力向上や転倒予防、認知予防等続けています。一人ではできないが仲間とやると続きます。桜区にお住いの方,月曜日9:30～11:00,無償,さいたま市桜区北部圏域シニアサポートセンター西部総合,048-816-4503,35.8697124318776,139.60841541186
エレナ,大久保東公民館,さいたま市桜区大久保領家１３１－６,介護予防教室,皆で体操して、歌って、ゲームして楽しんで行っています。,第２・３・４金曜日1４：００～１６：００,無償,さいたま市桜区北部圏域シニアサポートセンター西部総合,048-816-4503,35.8697124318776,139.60841541186
エレナ,大久保東公民館,さいたま市桜区大久保領家１３１－６,料理,皆で体操して、歌って、ゲームして楽しんで行っています。,第２・３・４金曜日1４：００～１６：００,無償,さいたま市桜区北部圏域シニアサポートセンター西部総合,048-816-4503,35.8697124318776,139.60841541186
セブンあんしんお届け便～移動販売～,セブンイレブンさいたま大戸6丁目店,さいたま市中央区大戸6-135,配達サービス・移動販売,"食事を中心とした現代のご用聞きを目指したサービス。
施設・公民館・集合住宅・イベントへの訪問販売、事前のご注文で個人宅への宅配。
ほかご相談ください。",定期訪問はご相談ください。,その他,セブンイレブンさいたま大戸6丁目店,048-831-6701,35.8697695499205,139.633491471414
和田公園ラジオ体操,和田公園,埼玉県さいたま市緑区東浦和7-16-8,介護予防教室,月曜から土曜　6時半から,月曜から土曜　6時半から,無償,シニアサポートセンター浦和しぶや苑,048-876-1770,35.87,139.70345
アースサポート北浦和（一般開放）,アースサポート北浦和,さいたま市中央区新中里1-3-3,サロン・茶話会,デイサービスを開放して地域の皆様に機械体操や脳トレ、お茶など飲みながら交流の場として実施しています。,第1日曜日10時～12時、13時～15時,無償,アースサポート北浦和,048-834-8511,35.87064937,139.63706824
アースサポート北浦和（一般開放）,アースサポート北浦和,さいたま市中央区新中里1-3-3,介護予防教室,デイサービスを開放して地域の皆様に機械体操や脳トレ、お茶など飲みながら交流の場として実施しています。,第1日曜日10時～12時、13時～15時,無償,アースサポート北浦和,048-834-8511,35.87064937,139.63706824
アースサポート北浦和（一般開放）,アースサポート北浦和,さいたま市中央区新中里1-3-3,体操教室,デイサービスを開放して地域の皆様に機械体操や脳トレ、お茶など飲みながら交流の場として実施しています。,第1日曜日10時～12時、13時～15時,無償,アースサポート北浦和,048-834-8511,35.87064937,139.63706824
不動谷ふれあいサロン,不動谷自治会館,埼玉県さいたま市緑区中尾105-6,サロン・茶話会,"不動谷自治会住民のみ。
サロン　年4回　
体操は毎週木曜日13時～。","いきいき百歳体操
毎週木曜日　13時～",無償,シニアサポートセンター浦和しぶや苑,048-876-1770,35.87102521,139.68210587
不動谷ふれあいサロン,不動谷自治会館,埼玉県さいたま市緑区中尾105-6,介護予防教室,"不動谷自治会住民のみ。
サロン　年4回　
体操は毎週木曜日13時～。","いきいき百歳体操
毎週木曜日　13時～",無償,シニアサポートセンター浦和しぶや苑,048-876-1770,35.87102521,139.68210587
介護者サロンみどり,緑区役所,埼玉県さいたま市緑区中尾975-1,サロン・茶話会,介護をされている方、介護を終えた方同士の情報交換。,月1回　第3木曜,無償,シニアサポートセンター浦和しぶや苑,048-876-1770,35.8710891,139.68403627
常９サロン（常盤９丁目自治協力会）,浦和ふれあい館,さいたま市浦和区常盤9丁目30番22号,サロン・茶話会,"茶話会、関心事を取り入れた学習会、外部講師による講演会、演奏会を行っています。
【参加条件：常盤9丁目にお住いの方で自治会加入世帯の70歳以上の方】","2･4･6･8･12月
第4水曜日10時～12時",有償,シニアサポートセンター ジェイコー埼玉,048-834-3782,35.87109,139.64275
常９サロン（常盤９丁目自治協力会）,浦和ふれあい館,さいたま市浦和区常盤9丁目30番22号,安否確認,"茶話会、関心事を取り入れた学習会、外部講師による講演会、演奏会を行っています。
【参加条件：常盤9丁目にお住いの方で自治会加入世帯の70歳以上の方】","2･4･6･8･12月
第4水曜日10時～12時",有償,シニアサポートセンター ジェイコー埼玉,048-834-3782,35.87109,139.64275
常９サロン（常盤９丁目自治協力会）,浦和ふれあい館,さいたま市浦和区常盤9丁目30番22号,介護予防教室,"茶話会、関心事を取り入れた学習会、外部講師による講演会、演奏会を行っています。
【参加条件：常盤9丁目にお住いの方で自治会加入世帯の70歳以上の方】","2･4･6･8･12月
第4水曜日10時～12時",有償,シニアサポートセンター ジェイコー埼玉,048-834-3782,35.87109,139.64275
常９サロン（常盤９丁目自治協力会）,浦和ふれあい館,さいたま市浦和区常盤9丁目30番22号,住民主体の学習会,"茶話会、関心事を取り入れた学習会、外部講師による講演会、演奏会を行っています。
【参加条件：常盤9丁目にお住いの方で自治会加入世帯の70歳以上の方】","2･4･6･8･12月
第4水曜日10時～12時",有償,シニアサポートセンター ジェイコー埼玉,048-834-3782,35.87109,139.64275
みどり体操クラブ,大久保東公民館,さいたま市桜区大久保領家１３１－６,介護予防教室,１００歳体操、ストレッチ,毎週金曜日午後1：30～午後3：00,有償,さいたま市桜区北部圏域シニアサポートセンター西部総合,048-816-4503,35.87112,139.61009
みどり体操クラブ,大久保東公民館,さいたま市桜区大久保領家１３１－６,会食会,１００歳体操、ストレッチ,毎週金曜日午後1：30～午後3：00,有償,さいたま市桜区北部圏域シニアサポートセンター西部総合,048-816-4503,35.87112,139.61009
羽衣会,"常盤公民館
ふれあい館","さいたま市浦和区常盤9丁目30番1号
さいたま市浦和区常盤9丁目30番22号",その他活動,全国の民謡の踊りを踊っています。伝統文化を後世に伝えて行きたいです。また、健康にも役立ちます。踊りの後には先生のお話があります。【参加条件：浦和区在住の方】,週1回金・土曜日のどちらか9:30～12:00,無償,シニアサポートセンター ジェイコー埼玉,048-834-3782,35.87116,139.64312
パークスクエア浦和サードエイジクラブ,パークスクエア浦和,さいたま市桜区山久保２-１６-１,サロン・茶話会,健康の維持を目的に健康体操・百歳体操・麻雀・ディスコンを実施。メンバーの交流・親睦の為のお花見会・暑気払会・忘年会等の実施。パークスクエア浦和在住者,月15回程度,無償,パークスクエア浦和サードエイジクラブ,048-856-0058,35.87134603,139.62205005
パークスクエア浦和サードエイジクラブ,パークスクエア浦和,さいたま市桜区山久保２-１６-１,運動・スポーツ,健康の維持を目的に健康体操・百歳体操・麻雀・ディスコンを実施。メンバーの交流・親睦の為のお花見会・暑気払会・忘年会等の実施。パークスクエア浦和在住者,月15回程度,無償,パークスクエア浦和サードエイジクラブ,048-856-0058,35.87134603,139.62205005
パークスクエア浦和サードエイジクラブ,パークスクエア浦和,さいたま市桜区山久保２-１６-１,会食会,健康の維持を目的に健康体操・百歳体操・麻雀・ディスコンを実施。メンバーの交流・親睦の為のお花見会・暑気払会・忘年会等の実施。パークスクエア浦和在住者,月15回程度,無償,パークスクエア浦和サードエイジクラブ,048-856-0058,35.87134603,139.62205005
パークスクエア浦和サードエイジクラブ,パークスクエア浦和,さいたま市桜区山久保２-１６-１,健康麻雀・囲碁・将棋,健康の維持を目的に健康体操・百歳体操・麻雀・ディスコンを実施。メンバーの交流・親睦の為のお花見会・暑気払会・忘年会等の実施。パークスクエア浦和在住者,月15回程度,無償,パークスクエア浦和サードエイジクラブ,048-856-0058,35.87134603,139.62205005
パークスクエア浦和サードエイジクラブ,パークスクエア浦和,さいたま市桜区山久保２-１６-１,体操教室,健康の維持を目的に健康体操・百歳体操・麻雀・ディスコンを実施。メンバーの交流・親睦の為のお花見会・暑気払会・忘年会等の実施。パークスクエア浦和在住者,月15回程度,無償,パークスクエア浦和サードエイジクラブ,048-856-0058,35.87134603,139.62205005
原山体操クラブ,原山公民館,埼玉県さいたま市緑区原山2-33-1,介護予防教室,"公民館まで来られる方。
百歳体操。",月2回～3回,無償,シニアサポートセンター浦和しぶや苑,048-876-1770,35.87144728,139.66855143
ひまわりの会（原山）,原山公民館,埼玉県さいたま市緑区原山2-33-1,介護予防教室,百歳体操,"毎週水曜日
11時～",無償,シニアサポートセンター浦和しぶや苑,048-876-1770,35.87144728,139.66855143
森の会,原山公民館,埼玉県さいたま市緑区原山2-33-1,介護予防教室,ますます元気教室にて実行していた「いきいき百歳体操」を１時間３０分位の時間を使って行っています。,"毎週水曜日または土曜日
10時～",無償,シニアサポートセンター浦和しぶや苑,048-876-1770,35.87144728,139.66855143
にこにこ体操クラブ,原山公民館,埼玉県さいたま市緑区原山2-33-1,介護予防教室,いきいき百歳体操を通じ、健康維持と人とのつながりの大切さに重点を置き活動しています。,"毎週木曜日
10時～",有償,シニアサポートセンター浦和しぶや苑,048-876-1770,35.87144728,139.66855143
緑区ICT推進シニア会,原山公民館,埼玉県さいたま市緑区原山2-33-1,写真・パソコン,原山公民館と尾間木公民館を中心にパソコン教室を開催し、ICT普及に貢献する。,毎週日曜日,有償,シニアサポートセンター浦和しぶや苑,048-876-1770,35.87144728,139.66855143
バテンレースの会,原山公民館,埼玉県さいたま市緑区原山2-33-1,手芸,バテンレースを使ってテーブルセンター等、室内装飾品を主に、レースをあしらった服、日傘、小物を作ります。おしゃべりしながら楽しく作品を作っています。,月1回　第3水曜日,有償,シニアサポートセンター浦和しぶや苑,048-876-1770,35.87144728,139.66855143
血液さらさら・リンパ体操,原山公民館,埼玉県さいたま市緑区原山2-33-1,体操教室,"場所は原山公民館　時間は90分
内容はストレッチング、筋トレ、リンパ液流し
年齢、身体の具合に合わせて指導
講師は日本リンパ整体体操協会会長",月2回　,有償,シニアサポートセンター浦和しぶや苑,048-876-1770,35.87144728,139.66855143
いきいき健康3Ｂ体操,原山公民館,埼玉県さいたま市緑区原山2-33-1,体操教室,ボール、ベル、ベルターを使い、筋肉、柔軟性バランス能力を無理なく強化する。,月2回　（木曜日）,有償,シニアサポートセンター浦和しぶや苑,048-876-1770,35.87144728,139.66855143
おれんじかふぇ,プラザイースト,埼玉県さいたま市緑区中尾1440-8,サロン・茶話会,"認知症の方やご家族、地域にお住いの方
ケアマネなど専門職の他どなたでも参加できる
集いの場。","月１回　第2水曜日
10時～11時30分",無償,シニアサポートセンター浦和しぶや苑,048-876-1770,35.87173903,139.68572778
おまけのつどい,プラザイースト,埼玉県さいたま市緑区中尾1440-8,健康麻雀・囲碁・将棋,"さいたま市在住の60歳以上の方
健康麻雀　将棋　オセロ","毎週火曜・金曜　
9:30～11:30　祝日はお休み",有償,シニアサポートセンター浦和しぶや苑,048-876-1770,35.87173903,139.68572778
サロン　あい,東浦和健康長寿館,埼玉県さいたま市緑区東浦和9-17-14,サロン・茶話会,"ラジオ体操・茶話会・脳トレを楽しんで活動
しています。","毎週水曜日
10時～",有償,シニアサポートセンター浦和しぶや苑,048-876-1770,35.8717839385821,139.692877094569
歌声広場,東浦和健康長寿館,埼玉県さいたま市緑区東浦和9-17-14,音楽（歌唱・演奏）,皆さんで昭和の歌、童謡など一緒に歌う。,毎週土曜日　13:30～16:00,有償,シニアサポートセンター浦和しぶや苑,048-876-1770,35.8717839385821,139.692877094569
カラオケ倶楽部,東浦和健康長寿館,埼玉県さいたま市緑区東浦和9-17-14,音楽（歌唱・演奏）,"どなたでも参加可能。
みんなで楽しく歌をうたう。カラオケを通じて交流・親睦をはかり、さらに大きな声を出すことで健康を維持している。",毎週木曜日　13:00～16:00,有償,シニアサポートセンター浦和しぶや苑,048-876-1770,35.8717839385821,139.692877094569
サロン　あい,東浦和健康長寿館,埼玉県さいたま市緑区東浦和9-17-14,介護予防教室,"ラジオ体操・茶話会・脳トレを楽しんで活動
しています。","毎週水曜日
10時～",有償,シニアサポートセンター浦和しぶや苑,048-876-1770,35.8717839385821,139.692877094569
東浦和いきいきたいそうクラブ,東浦和健康長寿館,埼玉県さいたま市緑区東浦和9-17-14,介護予防教室,皆さんで楽しく百歳体操を行っています。体操の後に、脳トレ（クイズ等）をして楽しんでいます。,"毎週水曜日
１０時～",有償,シニアサポートセンター浦和しぶや苑,048-876-1770,35.8717839385821,139.692877094569
真向法クラブ,東浦和健康長寿館,埼玉県さいたま市緑区東浦和9-17-14,体操教室,"真向法体操は、骨格と血管を伸ばす健康長寿の
ストレッチ体操です。体操が４種類あります。","毎週金曜日
10時～",有償,シニアサポートセンター浦和しぶや苑,048-876-1770,35.8717839385821,139.692877094569
なかよし会,自宅,埼玉県さいたま市緑区東浦和9-17-11,サロン・茶話会,"手芸・お茶飲み会。
以前、尾間木公民館で活動していた「刺繍クラブ」の仲間と楽しく手芸している。","毎月第４金曜日
10時～12時",その他,シニアサポートセンター浦和しぶや苑,048-876-1770,35.8717902142593,139.692749681075
なかよし会,自宅,埼玉県さいたま市緑区東浦和9-17-11,手芸,"手芸・お茶飲み会。
以前、尾間木公民館で活動していた「刺繍クラブ」の仲間と楽しく手芸している。","毎月第４金曜日
10時～12時",その他,シニアサポートセンター浦和しぶや苑,048-876-1770,35.8717902142593,139.692749681075
駒場ラジオ体操会,駒場運動公園,さいたま市浦和区駒場2丁目1番1号,運動・スポーツ,駒場運動公園で、早朝にラジオ体操を行っており、250～300名が参加しています。参加者相互の親近感を育み、地域の連帯感を形成しています。,毎日（年365日）6:30～,無償,駒場ラジオ体操会,048-887-6011,35.871803,139.665106
みんなの健康体操・ひまわり・あっぱれ,特別養護老人ホームきりしき,さいたま市中央区新中里2-8－6,介護予防教室,介護予防事業として百歳体操の実技とスクワットを取り入れ、楽しいおしゃべりと仲間作り,毎週水曜日・10時30分～12時,無償,中央区南部圏域シニアサポートセンターきりしき,048-858-2121,35.87187693,139.63406013
バラのまち与野のつどい,特別養護老人ホームきりしき２階,さいたま市中央区新中里2-8-6,サロン・茶話会,対象地域の制限なし,奇数月（５月・９月・１月）第４木曜日（年３回）13時30分～15時30分,無償,中央区南部圏域シニアサポートセンターきりしき,048-858-2121,35.87187693,139.63406013
おれんじサロンきりしき,特別養護老人ホームきりしき２階,さいたま市中央区新中里2-8-6,サロン・茶話会,対象地域の制限なし,随時,無償,中央区南部圏域シニアサポートセンターきりしき,048-858-2121,35.87187693,139.63406013
北一サロン　大戸ナカドリ,与野大戸住宅集会所,さいたま市中央区新中里1-5-4,サロン・茶話会,"茶、菓子の提供・各種イベント提供・包括支援センター等からの派遣講師等による講和等、主催者の指揮、伴奏のもとの合唱
対象：大戸北第1自冶会会員",月1回第3水曜日・10時～12時,有償,北一サロン　大戸ナカドリ,048-832-3661,35.87191,139.63718
北一サロン　大戸ナカドリ,与野大戸住宅集会所,さいたま市中央区新中里1-5-4,音楽（歌唱・演奏）,"茶、菓子の提供・各種イベント提供・包括支援センター等からの派遣講師等による講和等、主催者の指揮、伴奏のもとの合唱
対象：大戸北第1自冶会会員",月1回第3水曜日・10時～12時,有償,北一サロン　大戸ナカドリ,048-832-3661,35.87191,139.63718
北一サロン　大戸ナカドリ,与野大戸住宅集会所,さいたま市中央区新中里1-5-4,体操教室,"茶、菓子の提供・各種イベント提供・包括支援センター等からの派遣講師等による講和等、主催者の指揮、伴奏のもとの合唱
対象：大戸北第1自冶会会員",月1回第3水曜日・10時～12時,有償,北一サロン　大戸ナカドリ,048-832-3661,35.87191,139.63718
Café&Jazz　SHOJI,Café&Jazz　SHOJI,さいたま市浦和区常盤2丁目10番5号,サロン・茶話会,赤ちゃんから大人まで、どなたでもホッと一息できて、元気になれる場所を提供しています。,火曜日～土曜日,有償,Café&Jazz　SHOJI,070-3668-6727,35.87192997,139.64337598
Café&Jazz　SHOJI,Café&Jazz　SHOJI,さいたま市浦和区常盤2丁目10番5号,その他活動,赤ちゃんから大人まで、どなたでもホッと一息できて、元気になれる場所を提供しています。,火曜日～土曜日,有償,Café&Jazz　SHOJI,070-3668-6727,35.87192997,139.64337598
Café&Jazz　SHOJI,Café&Jazz　SHOJI,さいたま市浦和区常盤2丁目10番5号,音楽（歌唱・演奏）,赤ちゃんから大人まで、どなたでもホッと一息できて、元気になれる場所を提供しています。,火曜日～土曜日,有償,Café&Jazz　SHOJI,070-3668-6727,35.87192997,139.64337598
Café&Jazz　SHOJI,Café&Jazz　SHOJI,さいたま市浦和区常盤2丁目10番5号,会食会,赤ちゃんから大人まで、どなたでもホッと一息できて、元気になれる場所を提供しています。,火曜日～土曜日,有償,Café&Jazz　SHOJI,070-3668-6727,35.87192997,139.64337598
Café&Jazz　SHOJI,Café&Jazz　SHOJI,さいたま市浦和区常盤2丁目10番5号,絵画・書道,赤ちゃんから大人まで、どなたでもホッと一息できて、元気になれる場所を提供しています。,火曜日～土曜日,有償,Café&Jazz　SHOJI,070-3668-6727,35.87192997,139.64337598
Café&Jazz　SHOJI,Café&Jazz　SHOJI,さいたま市浦和区常盤2丁目10番5号,健康麻雀・囲碁・将棋,赤ちゃんから大人まで、どなたでもホッと一息できて、元気になれる場所を提供しています。,火曜日～土曜日,有償,Café&Jazz　SHOJI,070-3668-6727,35.87192997,139.64337598
Café&Jazz　SHOJI,Café&Jazz　SHOJI,さいたま市浦和区常盤2丁目10番5号,公開講座,赤ちゃんから大人まで、どなたでもホッと一息できて、元気になれる場所を提供しています。,火曜日～土曜日,有償,Café&Jazz　SHOJI,070-3668-6727,35.87192997,139.64337598
Café&Jazz　SHOJI,Café&Jazz　SHOJI,さいたま市浦和区常盤2丁目10番5号,手芸,赤ちゃんから大人まで、どなたでもホッと一息できて、元気になれる場所を提供しています。,火曜日～土曜日,有償,Café&Jazz　SHOJI,070-3668-6727,35.87192997,139.64337598
Café&Jazz　SHOJI,Café&Jazz　SHOJI,さいたま市浦和区常盤2丁目10番5号,場所の提供,赤ちゃんから大人まで、どなたでもホッと一息できて、元気になれる場所を提供しています。,火曜日～土曜日,有償,Café&Jazz　SHOJI,070-3668-6727,35.87192997,139.64337598
Café&Jazz　SHOJI,Café&Jazz　SHOJI,さいたま市浦和区常盤2丁目10番5号,料理,赤ちゃんから大人まで、どなたでもホッと一息できて、元気になれる場所を提供しています。,火曜日～土曜日,有償,Café&Jazz　SHOJI,070-3668-6727,35.87192997,139.64337598
"(医療生協さいたま　大牧支部）
健康マージャン",「香」宅,埼玉県さいたま市緑区東浦和7-47-10,健康麻雀・囲碁・将棋,"基本は未経験の方と一緒に麻雀をすること
対象地区は本人が来られること
人数制限あり",毎週水曜日,有償,シニアサポートセンター浦和しぶや苑,048-876-1770,35.87193634,139.70125146
グーチョキパーティ,みんなの夢ハウス,さいたま市浦和区針ヶ谷4丁目4番14号,その他活動,"浦和区周辺で地域の居場所づくりに取り組んでいる人、活動しようとしている人、関心のある人の情報交換の場。見学も勉強会も不定期開催
【参加条件：参加者の紹介必要】","1,4,7,10月第2火曜日　13:00～15:00定例会",無償,シニアサポートセンター ジェイコー埼玉,048-834-3782,35.872190835326,139.638105226583
認定NPO法人ケア・ハンズ,認定NPO法人ケア・ハンズ,さいたま市浦和区元町2丁目5番1号アーバン元町102,その他生活支援,家事全般・介護・通院介助同行・散歩・買い物同行・お話相手・見守りなど生活支援サービスを行っています。,随時,有償,認定NPO法人　ケア・ハンズ,048-813-1006,35.87253283,139.64867826
認定NPO法人ケア・ハンズ,認定NPO法人ケア・ハンズ,さいたま市浦和区元町2丁目5番1号アーバン元町102,安否確認,家事全般・介護・通院介助同行・散歩・買い物同行・お話相手・見守りなど生活支援サービスを行っています。,随時,有償,認定NPO法人　ケア・ハンズ,048-813-1006,35.87253283,139.64867826
認定NPO法人ケア・ハンズ,認定NPO法人ケア・ハンズ,さいたま市浦和区元町2丁目5番1号アーバン元町102,移送・送迎（通院等移動支援）,家事全般・介護・通院介助同行・散歩・買い物同行・お話相手・見守りなど生活支援サービスを行っています。,随時,有償,認定NPO法人　ケア・ハンズ,048-813-1006,35.87253283,139.64867826
認定NPO法人ケア・ハンズ,認定NPO法人ケア・ハンズ,さいたま市浦和区元町2丁目5番1号アーバン元町102,買い物・掃除・洗濯・電球交換・庭の手入れ（剪定・草取り）,家事全般・介護・通院介助同行・散歩・買い物同行・お話相手・見守りなど生活支援サービスを行っています。,随時,有償,認定NPO法人　ケア・ハンズ,048-813-1006,35.87253283,139.64867826
認定NPO法人ケア・ハンズ,認定NPO法人ケア・ハンズ,さいたま市浦和区元町2丁目5番1号アーバン元町102,話し相手・傾聴,家事全般・介護・通院介助同行・散歩・買い物同行・お話相手・見守りなど生活支援サービスを行っています。,随時,有償,認定NPO法人　ケア・ハンズ,048-813-1006,35.87253283,139.64867826
おれんじかふぇ,尚和園　尚仁堂,埼玉県さいたま市緑区原山3-15-31,サロン・茶話会,"認知症の方やご家族、地域にお住いの方
ケアマネなど専門職の他どなたでも参加できる
集いの場。","月１回　第3火曜日
10時～11時30分",無償,シニアサポートセンター浦和しぶや苑,048-876-1770,35.8725648575426,139.675978961515
元二若菜会,元町2丁目自治会集会所,さいたま市浦和区元町2丁目17番13号,その他活動,"グラウンドゴルフ、民踊、集会場開放、百歳体操、防犯パトロール、手作り折り紙、世代間交流、クリスマス会、新年会等様々な活動を行っています。
【対象地区：元町２丁目（他地区でも入会可）】",グラウンドゴルフ週1回、民踊月2～3回、集会場開放月1回、百歳体操月1回、防犯パトロール月3回,無償,シニアサポートセンター かさい医院,048-823-3031,35.87265788,139.65159187
元二若菜会,元町2丁目自治会集会所,さいたま市浦和区元町2丁目17番13号,運動・スポーツ,"グラウンドゴルフ、民踊、集会場開放、百歳体操、防犯パトロール、手作り折り紙、世代間交流、クリスマス会、新年会等様々な活動を行っています。
【対象地区：元町２丁目（他地区でも入会可）】",グラウンドゴルフ週1回、民踊月2～3回、集会場開放月1回、百歳体操月1回、防犯パトロール月3回,無償,シニアサポートセンター かさい医院,048-823-3031,35.87265788,139.65159187
元二若菜会,元町2丁目自治会集会所,さいたま市浦和区元町2丁目17番13号,介護予防教室,"グラウンドゴルフ、民踊、集会場開放、百歳体操、防犯パトロール、手作り折り紙、世代間交流、クリスマス会、新年会等様々な活動を行っています。
【対象地区：元町２丁目（他地区でも入会可）】",グラウンドゴルフ週1回、民踊月2～3回、集会場開放月1回、百歳体操月1回、防犯パトロール月3回,無償,シニアサポートセンター かさい医院,048-823-3031,35.87265788,139.65159187
元二若菜会,元町2丁目自治会集会所,さいたま市浦和区元町2丁目17番13号,会食会,"グラウンドゴルフ、民踊、集会場開放、百歳体操、防犯パトロール、手作り折り紙、世代間交流、クリスマス会、新年会等様々な活動を行っています。
【対象地区：元町２丁目（他地区でも入会可）】",グラウンドゴルフ週1回、民踊月2～3回、集会場開放月1回、百歳体操月1回、防犯パトロール月3回,無償,シニアサポートセンター かさい医院,048-823-3031,35.87265788,139.65159187
元二若菜会,元町2丁目自治会集会所,さいたま市浦和区元町2丁目17番13号,手芸,"グラウンドゴルフ、民踊、集会場開放、百歳体操、防犯パトロール、手作り折り紙、世代間交流、クリスマス会、新年会等様々な活動を行っています。
【対象地区：元町２丁目（他地区でも入会可）】",グラウンドゴルフ週1回、民踊月2～3回、集会場開放月1回、百歳体操月1回、防犯パトロール月3回,無償,シニアサポートセンター かさい医院,048-823-3031,35.87265788,139.65159187
元二若菜会,元町2丁目自治会集会所,さいたま市浦和区元町2丁目17番13号,防犯パトロール,"グラウンドゴルフ、民踊、集会場開放、百歳体操、防犯パトロール、手作り折り紙、世代間交流、クリスマス会、新年会等様々な活動を行っています。
【対象地区：元町２丁目（他地区でも入会可）】",グラウンドゴルフ週1回、民踊月2～3回、集会場開放月1回、百歳体操月1回、防犯パトロール月3回,無償,シニアサポートセンター かさい医院,048-823-3031,35.87265788,139.65159187
元町2丁目自治会,元町二丁目自治会集会所,さいたま市浦和区元町2丁目17番13号,安否確認,"文化部が担当し、例年かさい医院の河西伸子先生に健康に関する内容のお話を聞いています。
【参加条件：元町２丁目自治会に加入している方】",年1～2回,無償,シニアサポートセンター かさい医院,048-823-3031,35.87265788,139.65159187
元町2丁目自治会,元町二丁目自治会集会所,さいたま市浦和区元町2丁目17番13号,介護予防教室,"文化部が担当し、例年かさい医院の河西伸子先生に健康に関する内容のお話を聞いています。
【参加条件：元町２丁目自治会に加入している方】",年1～2回,無償,シニアサポートセンター かさい医院,048-823-3031,35.87265788,139.65159187
元町2丁目自治会,元町二丁目自治会集会所,さいたま市浦和区元町2丁目17番13号,公開講座,"文化部が担当し、例年かさい医院の河西伸子先生に健康に関する内容のお話を聞いています。
【参加条件：元町２丁目自治会に加入している方】",年1～2回,無償,シニアサポートセンター かさい医院,048-823-3031,35.87265788,139.65159187
元町2丁目自治会,元町二丁目自治会集会所,さいたま市浦和区元町2丁目17番13号,場所の提供,"文化部が担当し、例年かさい医院の河西伸子先生に健康に関する内容のお話を聞いています。
【参加条件：元町２丁目自治会に加入している方】",年1～2回,無償,シニアサポートセンター かさい医院,048-823-3031,35.87265788,139.65159187
元町2丁目自治会,元町二丁目自治会集会所,さいたま市浦和区元町2丁目17番13号,防犯パトロール,"文化部が担当し、例年かさい医院の河西伸子先生に健康に関する内容のお話を聞いています。
【参加条件：元町２丁目自治会に加入している方】",年1～2回,無償,シニアサポートセンター かさい医院,048-823-3031,35.87265788,139.65159187
パークハイツ広場 百歳体操,パークハイツ自治会集会室,埼玉県さいたま市緑区原山2-33-8,介護予防教室,"パークハイツ自治会住民のみ。
①勉強会、
②百歳体操。",①不定期　②体操は週3回(月曜・水曜15時～、金曜9時～）,無償,シニアサポートセンター浦和しぶや苑,048-876-1770,35.87269991,139.66903745
パークハイツ広場 百歳体操,パークハイツ自治会集会室,埼玉県さいたま市緑区原山2-33-8,交流その他,"パークハイツ自治会住民のみ。
①勉強会、
②百歳体操。",①不定期　②体操は週3回(月曜・水曜15時～、金曜9時～）,無償,シニアサポートセンター浦和しぶや苑,048-876-1770,35.87269991,139.66903745
パークハイツ広場 百歳体操,パークハイツ自治会集会室,埼玉県さいたま市緑区原山2-33-8,住民主体の学習会,"パークハイツ自治会住民のみ。
①勉強会、
②百歳体操。",①不定期　②体操は週3回(月曜・水曜15時～、金曜9時～）,無償,シニアサポートセンター浦和しぶや苑,048-876-1770,35.87269991,139.66903745
キリン堂薬局浦和元町店,キリン堂薬局　浦和元町店,さいたま市浦和区北浦和1丁目1番1号,サロン・茶話会,いきいき百歳体操・サロン・薬剤師による健康講座を行い、地域の保健室として赤ちゃんから高齢者まで立ち寄れる場とします。,随時,無償,キリン堂薬局　浦和元町店,048-811-3091,35.87286,139.6479
キリン堂薬局浦和元町店,キリン堂薬局　浦和元町店,さいたま市浦和区北浦和1丁目1番1号,公開講座,いきいき百歳体操・サロン・薬剤師による健康講座を行い、地域の保健室として赤ちゃんから高齢者まで立ち寄れる場とします。,随時,無償,キリン堂薬局　浦和元町店,048-811-3091,35.87286,139.6479
キリン堂薬局浦和元町店,キリン堂薬局　浦和元町店,さいたま市浦和区北浦和1丁目1番1号,体操教室,いきいき百歳体操・サロン・薬剤師による健康講座を行い、地域の保健室として赤ちゃんから高齢者まで立ち寄れる場とします。,随時,無償,キリン堂薬局　浦和元町店,048-811-3091,35.87286,139.6479
クイーンズ伊勢丹北浦和店,クイーンズ伊勢丹北浦和店,さいたま市浦和区北浦和1丁目7番地1号,配食サービス,店頭お買い上げ品は、12時までにお申し込みで、当日お届けするサービスを行っています。（お届けBOX１個につき3000円以上お買い上げ）〖対象地区：店舗へお問い合わせください。〗,毎日,その他,クイーンズ伊勢丹北浦和店,048-823-3873,35.8734370301278,139.647693264168
遊・あおぞら,尾間木公民館,埼玉県さいたま市緑区大間木472,介護予防教室,いきいき百歳体操を通じ、心身ともに健康でいられるように楽しく活動している。,毎週火曜日13時半～,無償,シニアサポートセンター浦和しぶや苑,048-876-1770,35.8734639,139.69861552
踊りの会,大牧会館,埼玉県さいたま市緑区東浦和7-29-2,その他活動,"旭ヶ丘自治会住民のみ
月２回　踊りの練習
年に4～５回介護施設等へ訪問している",月２回　第2.4水曜日,無償,シニアサポートセンター浦和しぶや苑,048-876-1770,35.87383,139.70373
浅間下カラオケ同好会,大牧会館,埼玉県さいたま市緑区東浦和7-29-2,音楽（歌唱・演奏）,"会員の紹介があれば入会可。
カラオケを通じて、会員相互の親睦を図り楽しく過ごす。通常はマイクカラオケで歌う。年に1～２回は、新曲を求めてカラオケ専門店に出かけます。",月1回　毎月最終土曜日,有償,シニアサポートセンター浦和しぶや苑,048-876-1770,35.87383,139.70373
東浦和７丁目親和会,大牧会館,埼玉県さいたま市緑区東浦和7-29-2,介護予防教室,"①親和会定例会　月1回
②囲碁・将棋の会　月3回
③百人一首　月1回
④バードウォッチングの会　月1回
⑤手仕事の会　月1回　
⑥いきいき百歳体操　月２回",①第2　金曜　②月3回　③第3火曜　④第2火曜　⑤第2月　⑥第１木、第３金13時半～,有償,シニアサポートセンター浦和しぶや苑,048-876-1770,35.87383,139.70373
東浦和７丁目親和会,大牧会館,埼玉県さいたま市緑区東浦和7-29-2,健康麻雀・囲碁・将棋,"①親和会定例会　月1回
②囲碁・将棋の会　月3回
③百人一首　月1回
④バードウォッチングの会　月1回
⑤手仕事の会　月1回　
⑥いきいき百歳体操　月２回",①第2　金曜　②月3回　③第3火曜　④第2火曜　⑤第2月　⑥第１木、第３金13時半～,有償,シニアサポートセンター浦和しぶや苑,048-876-1770,35.87383,139.70373
葵クラブ（17期健康麻雀クラブ）,大牧会館,埼玉県さいたま市緑区東浦和７-29-2,健康麻雀・囲碁・将棋,校友会の活動の一環として、親睦を基本として認知予防や知人を増やしていく。楽しく麻雀を覚えることを中心に月2回開催中。シルバーカレッジの17期、18期の校友会に加入している方のみ参加可能,月2回,有償,シニアサポートセンター浦和しぶや苑,048-876-1770,35.87383,139.70373
旭ヶ丘香梅会麻雀クラブ,大牧会館,埼玉県さいたま市緑区東浦和７-29-2,健康麻雀・囲碁・将棋,"旭ヶ丘自治会・浅間下自治会住民のみ
麻雀を通じて会員相互の親睦を図る",月に4回　　毎週月曜,無償,シニアサポートセンター浦和しぶや苑,048-876-1770,35.87383,139.70373
SU東10期マージャンクラブ,大牧会館,埼玉県さいたま市緑区東浦和７-29-2,健康麻雀・囲碁・将棋,SU東浦和校10期のマージャンクラブとして発足。他期の方たちも参加しています。親睦をはかりながら、引きこもり及びボケ防止を目的とした活動です。,週1回,有償,シニアサポートセンター浦和しぶや苑,048-876-1770,35.87383,139.70373
東浦和７丁目親和会,大牧会館,埼玉県さいたま市緑区東浦和7-29-2,住民主体の学習会,"①親和会定例会　月1回
②囲碁・将棋の会　月3回
③百人一首　月1回
④バードウォッチングの会　月1回
⑤手仕事の会　月1回　
⑥いきいき百歳体操　月２回",①第2　金曜　②月3回　③第3火曜　④第2火曜　⑤第2月　⑥第１木、第３金13時半～,有償,シニアサポートセンター浦和しぶや苑,048-876-1770,35.87383,139.70373
百歳体操　香梅会,大牧会館,埼玉県さいたま市緑区東浦和７-29-2,介護予防教室,いきいき百歳体操を皆さんと一緒に行っています。,月４回　土曜日,無償,シニアサポートセンター浦和しぶや苑,048-876-1770,35.8738348848485,139.703721323941
第一峰寿会,上峰コミュニティホール等,さいたま市中央区上峰2－3－5,サロン・茶話会,「4つの“生きがい・健康・仲間・地域”づくり」の友愛活動を目的とした、令和時代の６０歳以上の男女に好まれて適した活動をしています。,各コース（プログラム）により、月１～2回開催,有償,第一峰寿会,090-2232-5911,35.8739722815484,139.616614588586
第一峰寿会,上峰コミュニティホール等,さいたま市中央区上峰2－3－5,運動・スポーツ,「4つの“生きがい・健康・仲間・地域”づくり」の友愛活動を目的とした、令和時代の６０歳以上の男女に好まれて適した活動をしています。,各コース（プログラム）により、月１～2回開催,有償,第一峰寿会,090-2232-5911,35.8739722815484,139.616614588586
第一峰寿会,上峰コミュニティホール等,さいたま市中央区上峰2－3－5,音楽（歌唱・演奏）,「4つの“生きがい・健康・仲間・地域”づくり」の友愛活動を目的とした、令和時代の６０歳以上の男女に好まれて適した活動をしています。,各コース（プログラム）により、月１～2回開催,有償,第一峰寿会,090-2232-5911,35.8739722815484,139.616614588586
第一峰寿会,上峰コミュニティホール等,さいたま市中央区上峰2－3－5,介護予防教室,「4つの“生きがい・健康・仲間・地域”づくり」の友愛活動を目的とした、令和時代の６０歳以上の男女に好まれて適した活動をしています。,各コース（プログラム）により、月１～2回開催,有償,第一峰寿会,090-2232-5911,35.8739722815484,139.616614588586
第一峰寿会,上峰コミュニティホール等,さいたま市中央区上峰2－3－5,会食会,「4つの“生きがい・健康・仲間・地域”づくり」の友愛活動を目的とした、令和時代の６０歳以上の男女に好まれて適した活動をしています。,各コース（プログラム）により、月１～2回開催,有償,第一峰寿会,090-2232-5911,35.8739722815484,139.616614588586
第一峰寿会,上峰コミュニティホール等,さいたま市中央区上峰2－3－5,写真・パソコン,「4つの“生きがい・健康・仲間・地域”づくり」の友愛活動を目的とした、令和時代の６０歳以上の男女に好まれて適した活動をしています。,各コース（プログラム）により、月１～2回開催,有償,第一峰寿会,090-2232-5911,35.8739722815484,139.616614588586
第一峰寿会,上峰コミュニティホール等,さいたま市中央区上峰2－3－5,住民主体の学習会,「4つの“生きがい・健康・仲間・地域”づくり」の友愛活動を目的とした、令和時代の６０歳以上の男女に好まれて適した活動をしています。,各コース（プログラム）により、月１～2回開催,有償,第一峰寿会,090-2232-5911,35.8739722815484,139.616614588586
第一峰寿会,上峰コミュニティホール等,さいたま市中央区上峰2－3－5,体操教室,「4つの“生きがい・健康・仲間・地域”づくり」の友愛活動を目的とした、令和時代の６０歳以上の男女に好まれて適した活動をしています。,各コース（プログラム）により、月１～2回開催,有償,第一峰寿会,090-2232-5911,35.8739722815484,139.616614588586
高齢者サロン「おしゃべり会」,駒形公会堂,埼玉県さいたま市緑区中尾1389,サロン・茶話会,"65歳以上の方。
茶話会、関心事を取り入れた学習会を通じ、引きこもり防止、人とのつながりを楽しむ。","年４回　月曜日
14時～",無償,シニアサポートセンター浦和しぶや苑,048-876-1770,35.87397767,139.68901076
駒形自治会いきいき元気体操,駒形公会堂,埼玉県さいたま市緑区中尾1389,介護予防教室,いきいき百歳体操を通じ、引きこもらず、人とのつながりを持ち、自身の健康に関心を持つ。,毎週金曜日　10時～,無償,シニアサポートセンター浦和しぶや苑,048-876-1770,35.87397767,139.68901076
セブンイレブン北浦和駅東店,セブンイレブン北浦和駅東店,さいたま市浦和区北浦和3丁目9番8号,その他生活支援,セブンミール商品の店頭受取。商品のラインナップとしては店頭にないカロリー制限や糖質制限の食事も注文可能,随時,無償,セブンイレブン北浦和駅東店,048-834-3956,35.874079,139.645521
大戸喜多仁会,大戸公民館,さいたま市中央区大戸3-4-21,サロン・茶話会,茶話会、ウォーキング、関心事を取り入れた学習会、輪投げ、カラオケ,随時,無償,大戸喜多仁会,048-833-3050,35.8740917654572,139.616540688469
大戸喜多仁会,大戸公民館,さいたま市中央区大戸3-4-21,運動・スポーツ,茶話会、ウォーキング、関心事を取り入れた学習会、輪投げ、カラオケ,随時,無償,大戸喜多仁会,048-833-3050,35.8740917654572,139.616540688469
大戸喜多仁会,大戸公民館,さいたま市中央区大戸3-4-21,音楽（歌唱・演奏）,茶話会、ウォーキング、関心事を取り入れた学習会、輪投げ、カラオケ,随時,無償,大戸喜多仁会,048-833-3050,35.8740917654572,139.616540688469
大戸喜多仁会,大戸公民館,さいたま市中央区大戸3-4-21,体操教室,茶話会、ウォーキング、関心事を取り入れた学習会、輪投げ、カラオケ,随時,無償,大戸喜多仁会,048-833-3050,35.8740917654572,139.616540688469
桜サロン,鈴谷公民館,さいたま市中央区鈴谷7-5-11,サロン・茶話会,"高齢者の交流場所。おしゃべりなどしながら楽しい時間を過ごす
※途中参加、途中退席は自由です",毎月第2火曜日13：00～15：00,有償,桜区南部圏域シニアサポートセンターザイタック,048-836-3503,35.87414861,139.62423309
かやの木体操,鈴谷公民館,さいたま市中央区鈴谷7-5-11,介護予防教室,百歳体操を中心に、お口の体操（早口言葉）、歌、おしゃべり等、無理なく楽しく活動しています。,不定期火曜日14：００～１６：００,無償,中央区南部圏域シニアサポートセンターきりしき,048-858-2121,35.87414861,139.62423309
鈴谷百歳体操の会,鈴谷公民館,さいたま市中央区鈴谷7-5-11,介護予防教室,介護予防事業として百歳体操を通じての仲間作り、笑顔で元気に楽しくをモットーに活動,不定期月２～３回水曜日・14時～16時,無償,中央区南部圏域シニアサポートセンターきりしき,048-858-2121,35.87414861,139.62423309
桜サロン,鈴谷公民館,さいたま市中央区鈴谷7-5-11,交流その他,"高齢者の交流場所。おしゃべりなどしながら楽しい時間を過ごす
※途中参加、途中退席は自由です",毎月第2火曜日13：00～15：00,有償,桜区南部圏域シニアサポートセンターザイタック,048-836-3503,35.87414861,139.62423309
かやの木体操,鈴谷公民館,さいたま市中央区鈴谷7-5-11,体操教室,百歳体操を中心に、お口の体操（早口言葉）、歌、おしゃべり等、無理なく楽しく活動しています。,不定期火曜日14：００～１６：００,無償,中央区南部圏域シニアサポートセンターきりしき,048-858-2121,35.87414861,139.62423309
桜サロン,鈴谷公民館,さいたま市中央区鈴谷7-5-11,サロン・茶話会,"高齢者の交流場所。おしゃべりなどしながら楽しい時間を過ごす
※途中参加、途中退席は自由です","毎月第2火曜日13：00～
15：00",有償,ザイタック,048-836-3503,35.87417235,139.62422813
桜サロン,鈴谷公民館,さいたま市中央区鈴谷7-5-11,交流その他,"高齢者の交流場所。おしゃべりなどしながら楽しい時間を過ごす
※途中参加、途中退席は自由です","毎月第2火曜日13：00～
15：00",有償,ザイタック,048-836-3503,35.87417235,139.62422813
塚本高砂会　百歳体操,大久保公民館,さいたま市桜区五関839-2,サロン・茶話会,"シニアクラブ塚本高砂会の活動を行っており、月・水・金はグランドゴルフ。土曜か日曜は百歳体操を行っています。
徳島版と高知版を取り入れております。",毎週土曜か日曜午前９：３０～１１：００,条件付き無償,さいたま市桜区北部圏域シニアサポートセンター西部総合,048-816-4503,35.87419824,139.59296897
塚本高砂会　百歳体操,大久保公民館,さいたま市桜区五関839-2,安否確認,"シニアクラブ塚本高砂会の活動を行っており、月・水・金はグランドゴルフ。土曜か日曜は百歳体操を行っています。
徳島版と高知版を取り入れております。",毎週土曜か日曜午前９：３０～１１：００,条件付き無償,さいたま市桜区北部圏域シニアサポートセンター西部総合,048-816-4503,35.87419824,139.59296897
塚本高砂会　百歳体操,大久保公民館,さいたま市桜区五関839-2,介護予防教室,"シニアクラブ塚本高砂会の活動を行っており、月・水・金はグランドゴルフ。土曜か日曜は百歳体操を行っています。
徳島版と高知版を取り入れております。",毎週土曜か日曜午前９：３０～１１：００,条件付き無償,さいたま市桜区北部圏域シニアサポートセンター西部総合,048-816-4503,35.87419824,139.59296897
塚本高砂会　百歳体操,大久保公民館,さいたま市桜区五関839-2,会食会,"シニアクラブ塚本高砂会の活動を行っており、月・水・金はグランドゴルフ。土曜か日曜は百歳体操を行っています。
徳島版と高知版を取り入れております。",毎週土曜か日曜午前９：３０～１１：００,条件付き無償,さいたま市桜区北部圏域シニアサポートセンター西部総合,048-816-4503,35.87419824,139.59296897
塚本高砂会　百歳体操,大久保公民館,さいたま市桜区五関839-2,環境美化・清掃,"シニアクラブ塚本高砂会の活動を行っており、月・水・金はグランドゴルフ。土曜か日曜は百歳体操を行っています。
徳島版と高知版を取り入れております。",毎週土曜か日曜午前９：３０～１１：００,条件付き無償,さいたま市桜区北部圏域シニアサポートセンター西部総合,048-816-4503,35.87419824,139.59296897
塚本高砂会　百歳体操,大久保公民館,さいたま市桜区五関839-2,話し相手・傾聴,"シニアクラブ塚本高砂会の活動を行っており、月・水・金はグランドゴルフ。土曜か日曜は百歳体操を行っています。
徳島版と高知版を取り入れております。",毎週土曜か日曜午前９：３０～１１：００,条件付き無償,さいたま市桜区北部圏域シニアサポートセンター西部総合,048-816-4503,35.87419824,139.59296897
会梅自治協力会ふれあいサロン、いきいき百歳体操,会梅自治会館,埼玉県さいたま市緑区大間木424,サロン・茶話会,"原則、会梅自治協力会住民。
サロンは寒い時期5ヶ月間のみ、百歳体操　週1回。","いきいき百歳体操
毎週水曜日　10時～",無償,シニアサポートセンター浦和しぶや苑,048-876-1770,35.87426378,139.69525467
会梅自治協力会ふれあいサロン、いきいき百歳体操,会梅自治会館,埼玉県さいたま市緑区大間木424,介護予防教室,"原則、会梅自治協力会住民。
サロンは寒い時期5ヶ月間のみ、百歳体操　週1回。","いきいき百歳体操
毎週水曜日　10時～",無償,シニアサポートセンター浦和しぶや苑,048-876-1770,35.87426378,139.69525467
写友おまぎ,尾間木公民館,埼玉県さいたま市緑区大間木472,写真・パソコン,自分で撮影した写真を月1回の定例会でプレゼンし、参加者同志で評価しながら学習しています。入会大歓迎です。,月1回　第3水曜日,無償,シニアサポートセンター浦和しぶや苑,048-876-1770,35.87428044,139.69383257
"さいたま市ディスコン協会
ディスコンさいたま","尾間木公民館
　他多数　サウスピア　仲本荘など",埼玉県さいたま市緑区大間木472,運動・スポーツ,ディスコンゲームを体験して楽しんでいただきます。赤と青の２チームに別れ、１チーム６枚のディスクを投げ、ポイントにどちらのチームが近づいているかを競います。会員の練習の他、小学校のチェレンジスクール、老人福祉センター、介護施設等でボランティア活動を行っています。,随時,有償,シニアサポートセンター浦和しぶや苑,048-876-1770,35.87428044,139.69383257
ほっとサロン「なごみ」,尾間木公民館、附島自治会館等,埼玉県さいたま市緑区大間木472,サロン・茶話会,"70歳以上の尾間木地区在住の方のみ。
サロンに出かけることで社会からの孤立、人間関係の孤独感を和らげる。気軽に集まってお茶を飲みながらおしゃべりを楽しむ場です。軽い体操や歌や手作り制作もあります。ラジオ体操を通じて地域住民の健康維持と親睦を兼ね地域活動の活性化に努めている。",年8回,無償,尾間木地区社会福祉協議会,048-876-0294,35.87428044,139.69383257
ほっとサロン「なごみ」,尾間木公民館、附島自治会館等,埼玉県さいたま市緑区大間木472,介護予防教室,"70歳以上の尾間木地区在住の方のみ。
サロンに出かけることで社会からの孤立、人間関係の孤独感を和らげる。気軽に集まってお茶を飲みながらおしゃべりを楽しむ場です。軽い体操や歌や手作り制作もあります。ラジオ体操を通じて地域住民の健康維持と親睦を兼ね地域活動の活性化に努めている。",年8回,無償,尾間木地区社会福祉協議会,048-876-0294,35.87428044,139.69383257
浦和東部地区元気アップネットワーク,うらわ学園,さいたま市浦和区領家1丁目5番20号,サロン・茶話会,"元気アップサロン、うらわカフェ：「軽体操＋レク＋おしゃべり＋唱歌を唄う」を通じて①生きがいづくり（仲間づくり）②介護予防③学習④閉じこもり防止を目指しています。
【対象地区：主に浦和区東部圏域】
みんなの学校：「共に楽しく、学び合う」を目指して、①学びの場②サークル活動③イベント④地域団体とのネットワークづくりを行います。",元気アップサロン：週1回10:00～11:30、うらわカフェ：隔月1回10:00～、みんなの学校：随時,有償,浦和東部地区元気アップネットワーク,048-886-4895,35.87430786,139.65859673
浦和東部地区元気アップネットワーク,うらわ学園,さいたま市浦和区領家1丁目5番20号,運動・スポーツ,"元気アップサロン、うらわカフェ：「軽体操＋レク＋おしゃべり＋唱歌を唄う」を通じて①生きがいづくり（仲間づくり）②介護予防③学習④閉じこもり防止を目指しています。
【対象地区：主に浦和区東部圏域】
みんなの学校：「共に楽しく、学び合う」を目指して、①学びの場②サークル活動③イベント④地域団体とのネットワークづくりを行います。",元気アップサロン：週1回10:00～11:30、うらわカフェ：隔月1回10:00～、みんなの学校：随時,有償,浦和東部地区元気アップネットワーク,048-886-4895,35.87430786,139.65859673
浦和東部地区元気アップネットワーク,うらわ学園,さいたま市浦和区領家1丁目5番20号,音楽（歌唱・演奏）,"元気アップサロン、うらわカフェ：「軽体操＋レク＋おしゃべり＋唱歌を唄う」を通じて①生きがいづくり（仲間づくり）②介護予防③学習④閉じこもり防止を目指しています。
【対象地区：主に浦和区東部圏域】
みんなの学校：「共に楽しく、学び合う」を目指して、①学びの場②サークル活動③イベント④地域団体とのネットワークづくりを行います。",元気アップサロン：週1回10:00～11:30、うらわカフェ：隔月1回10:00～、みんなの学校：随時,有償,浦和東部地区元気アップネットワーク,048-886-4895,35.87430786,139.65859673
浦和東部地区元気アップネットワーク,うらわ学園,さいたま市浦和区領家1丁目5番20号,介護予防教室,"元気アップサロン、うらわカフェ：「軽体操＋レク＋おしゃべり＋唱歌を唄う」を通じて①生きがいづくり（仲間づくり）②介護予防③学習④閉じこもり防止を目指しています。
【対象地区：主に浦和区東部圏域】
みんなの学校：「共に楽しく、学び合う」を目指して、①学びの場②サークル活動③イベント④地域団体とのネットワークづくりを行います。",元気アップサロン：週1回10:00～11:30、うらわカフェ：隔月1回10:00～、みんなの学校：随時,有償,浦和東部地区元気アップネットワーク,048-886-4895,35.87430786,139.65859673
浦和東部地区元気アップネットワーク,うらわ学園,さいたま市浦和区領家1丁目5番20号,住民主体の学習会,"元気アップサロン、うらわカフェ：「軽体操＋レク＋おしゃべり＋唱歌を唄う」を通じて①生きがいづくり（仲間づくり）②介護予防③学習④閉じこもり防止を目指しています。
【対象地区：主に浦和区東部圏域】
みんなの学校：「共に楽しく、学び合う」を目指して、①学びの場②サークル活動③イベント④地域団体とのネットワークづくりを行います。",元気アップサロン：週1回10:00～11:30、うらわカフェ：隔月1回10:00～、みんなの学校：随時,有償,浦和東部地区元気アップネットワーク,048-886-4895,35.87430786,139.65859673
浦和東部地区元気アップネットワーク,うらわ学園,さいたま市浦和区領家1丁目5番20号,体操教室,"元気アップサロン、うらわカフェ：「軽体操＋レク＋おしゃべり＋唱歌を唄う」を通じて①生きがいづくり（仲間づくり）②介護予防③学習④閉じこもり防止を目指しています。
【対象地区：主に浦和区東部圏域】
みんなの学校：「共に楽しく、学び合う」を目指して、①学びの場②サークル活動③イベント④地域団体とのネットワークづくりを行います。",元気アップサロン：週1回10:00～11:30、うらわカフェ：隔月1回10:00～、みんなの学校：随時,有償,浦和東部地区元気アップネットワーク,048-886-4895,35.87430786,139.65859673
社会福祉法人うらわ学園,うらわ学園,さいたま市浦和区領家1丁目5番20号,買い物・掃除・洗濯・電球交換・庭の手入れ（剪定・草取り）,"・就労移行支援、就労継続支援B型、自立訓練、就労定着支援、特定相談支援。
・主に障害者の就労・定着・サービス利用にあたっての相談を行っています。B型事業では、サービス利用にあたっての相談を行っています。B型事業では、利用者とスタッフが一緒にハウスクリーニング、除草などの作業を行っています。
【対象地区：さいたま市内】",随時,有償,社会福祉法人うらわ学園,048-886-7210,35.87430786,139.65859673
清風園ゲンキ体操,尾間木公民館,埼玉県さいたま市緑区大間木472,サロン・茶話会,百歳体操、認知症予防体操、笑のある会話、早口言葉、落語の一部抜粋を行っています。記憶力と注意力を鍛え脳を活性化しようと取り組んでおります。2ヶ月に1度、会梅自治会館を借りて開催しています。,体操：週1回　木・金曜で公民館の予約取れた時　サロン：2ヶ月1度　自治会の有志でサロンを開催,無償,シニアサポートセンター浦和しぶや苑,048-876-1770,35.8744,139.69378
尾間木歌謡同好会,尾間木公民館,埼玉県さいたま市緑区大間木472,音楽（歌唱・演奏）,"歌の講師を呼んで発声練習したり、脳を刺激
したりします。参加者の皆さんと仲良くやっています。","月3回土曜日
18時～21時まで",有償,シニアサポートセンター浦和しぶや苑,048-876-1770,35.8744,139.69378
おまぎ健康サークル,尾間木公民館,埼玉県さいたま市緑区大間木472,介護予防教室,いきいき百歳体操２０１７年１０月より開催　会員数現在17名　健康と人との繋がりを目的としています。年2～３回懇親会を開催（コロナ禍で自粛中）,月5～６回,無償,シニアサポートセンター浦和しぶや苑,048-876-1770,35.8744,139.69378
ひまわりの会（尾間木）,尾間木公民館,埼玉県さいたま市緑区大間木472,介護予防教室,いきいき百歳体操・口腔体操・骨密度アップ体操など。体操を通じ、仲間とつながりを持ちお互い、支え合い手をつないで人とのつながりを大切にする。現在、新規募集はしていません。,週1回　金曜　公民館が取れた時,無償,シニアサポートセンター浦和しぶや苑,048-876-1770,35.8744,139.69378
清風園ゲンキ体操,尾間木公民館,埼玉県さいたま市緑区大間木472,介護予防教室,百歳体操、認知症予防体操、笑のある会話、早口言葉、落語の一部抜粋を行っています。記憶力と注意力を鍛え脳を活性化しようと取り組んでおります。2ヶ月に1度、会梅自治会館を借りて開催しています。,体操：週1回　木・金曜で公民館の予約取れた時　サロン：2ヶ月1度　自治会の有志でサロンを開催,無償,シニアサポートセンター浦和しぶや苑,048-876-1770,35.8744,139.69378
ぬり絵サークル,尾間木公民館,埼玉県さいたま市緑区大間木472,絵画・書道,活動を通して、ぬり絵を楽しみ、上達を目指す。ぬり絵を通して、自分自身を表現し、多くの人とのコミュニケーションをもてる時間づくり、日々の社会参加を目的とする。,月1回　原則第4金曜日,有償,シニアサポートセンター浦和しぶや苑,048-876-1770,35.8744,139.69378
ハウスマージャンクラブ,尾間木公民館,埼玉県さいたま市緑区大間木472,健康麻雀・囲碁・将棋,"麻雀の他に健康体操・年１回の麻雀旅行
食事会をしています。","毎週第2月曜日
　　　第4金曜日
12時４０分～",有償,シニアサポートセンター浦和しぶや苑,048-876-1770,35.8744,139.69378
尾間木歌謡同好会,尾間木公民館,埼玉県さいたま市緑区大間木472,交流その他,"歌の講師を呼んで発声練習したり、脳を刺激
したりします。参加者の皆さんと仲良くやっています。","月3回土曜日
18時～21時まで",有償,シニアサポートセンター浦和しぶや苑,048-876-1770,35.8744,139.69378
尾間木玉すだれの会,尾間木公民館,埼玉県さいたま市緑区大間木472,交流その他,玉すだれの演技、技術の取得と親睦、地域との交流を行う,不定期,無償,シニアサポートセンター浦和しぶや苑,048-876-1770,35.8744,139.69378
ハウスマージャンクラブ,尾間木公民館,埼玉県さいたま市緑区大間木472,交流その他,"麻雀の他に健康体操・年１回の麻雀旅行
食事会をしています。","毎週第2月曜日
　　　第4金曜日
12時４０分～",有償,シニアサポートセンター浦和しぶや苑,048-876-1770,35.8744,139.69378
緑区ICT推進シニア会,尾間木公民館,埼玉県さいたま市緑区大間木472,写真・パソコン,原山公民館と尾間木公民館を中心にパソコン教室を開催し、ICT普及に貢献する。,水曜、木曜,有償,シニアサポートセンター浦和しぶや苑,048-876-1770,35.8744,139.69378
ハンドメイド・さくら,尾間木公民館,埼玉県さいたま市緑区大間木472,手芸,シニア大学の仲間と一緒に手縫いで小物などを作って、楽しんでいます。,月　2回,無償,シニアサポートセンター浦和しぶや苑,048-876-1770,35.8744,139.69378
秋桜（コスモス）,グループホームまごころ,さいたま市浦和区元町3丁目32番23号,介護予防教室,グループまごころの、集いスペースにて百歳体操を楽しく活動しています。,毎週土曜日　10:00～11:30,無償,シニアサポートセンターかさい医院,048-823-3031,35.8744106706732,139.655050498152
ひまわりクラブ,上峰デイサービス２階,さいたま市中央区上峰3-10-6,サロン・茶話会,百歳体操、童謡、カラオケなど実施後、おやつを食べながらのおしゃべり,第1～第4火曜日・13時～15時,有償,ひまわりクラブ,090-9394-4729,35.8746778460725,139.621023918663
ひまわりクラブ,上峰デイサービス２階,さいたま市中央区上峰3-10-6,音楽（歌唱・演奏）,百歳体操、童謡、カラオケなど実施後、おやつを食べながらのおしゃべり,第1～第4火曜日・13時～15時,有償,ひまわりクラブ,090-9394-4729,35.8746778460725,139.621023918663
ひまわりクラブ,上峰デイサービス２階,さいたま市中央区上峰3-10-6,会食会,百歳体操、童謡、カラオケなど実施後、おやつを食べながらのおしゃべり,第1～第4火曜日・13時～15時,有償,ひまわりクラブ,090-9394-4729,35.8746778460725,139.621023918663
ひまわりクラブ,上峰デイサービス２階,さいたま市中央区上峰3-10-6,手芸,百歳体操、童謡、カラオケなど実施後、おやつを食べながらのおしゃべり,第1～第4火曜日・13時～15時,有償,ひまわりクラブ,090-9394-4729,35.8746778460725,139.621023918663
ひまわりクラブ,上峰デイサービス２階,さいたま市中央区上峰3-10-6,体操教室,百歳体操、童謡、カラオケなど実施後、おやつを食べながらのおしゃべり,第1～第4火曜日・13時～15時,有償,ひまわりクラブ,090-9394-4729,35.8746778460725,139.621023918663
クローバーシニアクラブ,クローバーシティ集会所,さいたま市中央区鈴谷7-6-4,サロン・茶話会,"活動内容以外にも健康麻雀・音楽・絵画・書道。写真、パソコンサロン・学習支援等様々な活動を展開
対象：クローバーシニアクラブ会員",シニアサロン/毎週1回　その他随時　　　,有償,中央区南部圏域シニアサポートセンターきりしき,048-858-2121,35.87478184,139.62279985
クローバーシニアクラブ,クローバーシティ集会所,さいたま市中央区鈴谷7-6-4,運動・スポーツ,"活動内容以外にも健康麻雀・音楽・絵画・書道。写真、パソコンサロン・学習支援等様々な活動を展開
対象：クローバーシニアクラブ会員",シニアサロン/毎週1回　その他随時　　　,有償,中央区南部圏域シニアサポートセンターきりしき,048-858-2121,35.87478184,139.62279985
クローバーシニアクラブ,クローバーシティ集会所,さいたま市中央区鈴谷7-6-4,介護予防教室,"活動内容以外にも健康麻雀・音楽・絵画・書道。写真、パソコンサロン・学習支援等様々な活動を展開
対象：クローバーシニアクラブ会員",シニアサロン/毎週1回　その他随時　　　,有償,中央区南部圏域シニアサポートセンターきりしき,048-858-2121,35.87478184,139.62279985
クローバーシニアクラブ,クローバーシティ集会所,さいたま市中央区鈴谷7-6-4,会食会,"活動内容以外にも健康麻雀・音楽・絵画・書道。写真、パソコンサロン・学習支援等様々な活動を展開
対象：クローバーシニアクラブ会員",シニアサロン/毎週1回　その他随時　　　,有償,中央区南部圏域シニアサポートセンターきりしき,048-858-2121,35.87478184,139.62279985
クローバーシニアクラブ,クローバーシティ集会所,さいたま市中央区鈴谷7-6-4,体操教室,"活動内容以外にも健康麻雀・音楽・絵画・書道。写真、パソコンサロン・学習支援等様々な活動を展開
対象：クローバーシニアクラブ会員",シニアサロン/毎週1回　その他随時　　　,有償,中央区南部圏域シニアサポートセンターきりしき,048-858-2121,35.87478184,139.62279985
駒前さわやか体操クラブ,駒前自治会公会堂,埼玉県さいたま市緑区中尾942,介護予防教室,"原則、駒前自治会住民のみ。
いきいき百歳体操を通じ、人とのつながりを持ち、各自の健康を維持する。お互い顔なじみになり、支え合えるような地域づくりを目指す。",第1.3月曜　13時～　第2.4土曜　10時～,無償,シニアサポートセンター浦和しぶや苑,048-876-1770,35.87508305,139.68187243
北浦和東部自治会,北浦和東部自治会館,さいたま市浦和区北浦和1丁目5番3号,サロン・茶話会,"北浦和にお住まいの方同士で交流（ほっとサロン、にこにこサロン、夕涼み会、文化祭など）を行っています。
【参加条件：北浦和東部自治会に加入されている方】",月1回～2回,有償,北浦和東部自治会,048-832-5800,35.87516858,139.64692001
北浦和東部自治会,北浦和東部自治会館,さいたま市浦和区北浦和1丁目5番3号,安否確認,"北浦和にお住まいの方同士で交流（ほっとサロン、にこにこサロン、夕涼み会、文化祭など）を行っています。
【参加条件：北浦和東部自治会に加入されている方】",月1回～2回,有償,北浦和東部自治会,048-832-5800,35.87516858,139.64692001
北浦和東部自治会,北浦和東部自治会館,さいたま市浦和区北浦和1丁目5番3号,音楽（歌唱・演奏）,"北浦和にお住まいの方同士で交流（ほっとサロン、にこにこサロン、夕涼み会、文化祭など）を行っています。
【参加条件：北浦和東部自治会に加入されている方】",月1回～2回,有償,北浦和東部自治会,048-832-5800,35.87516858,139.64692001
北浦和東部自治会,北浦和東部自治会館,さいたま市浦和区北浦和1丁目5番3号,会食会,"北浦和にお住まいの方同士で交流（ほっとサロン、にこにこサロン、夕涼み会、文化祭など）を行っています。
【参加条件：北浦和東部自治会に加入されている方】",月1回～2回,有償,北浦和東部自治会,048-832-5800,35.87516858,139.64692001
北浦和東部自治会,北浦和東部自治会館,さいたま市浦和区北浦和1丁目5番3号,場所の提供,"北浦和にお住まいの方同士で交流（ほっとサロン、にこにこサロン、夕涼み会、文化祭など）を行っています。
【参加条件：北浦和東部自治会に加入されている方】",月1回～2回,有償,北浦和東部自治会,048-832-5800,35.87516858,139.64692001
ピース,北浦和東部自治会館,さいたま市浦和区北浦和1丁目5番3号,体操教室,百歳体操を1時間かけて行い、その後脳トレや交流会をしています。,毎週金曜日10:00～11:30,有償,シニアサポートセンター かさい医院,048-823-3031,35.87516858,139.64692001
北浦和東部自治会,北浦和東部自治会館,さいたま市浦和区北浦和1丁目5番3号,防犯パトロール,"北浦和にお住まいの方同士で交流（ほっとサロン、にこにこサロン、夕涼み会、文化祭など）を行っています。
【参加条件：北浦和東部自治会に加入されている方】",月1回～2回,有償,北浦和東部自治会,048-832-5800,35.87516858,139.64692001
北三シニアクラブ,北浦和3丁目自治会館,さいたま市浦和区北浦和3丁目14番18号,サロン・茶話会,"お寺の境内清掃、通学路近辺の見守り、リサイクル活動を通して健康で楽しく、明るい仲間づくりを心掛けています。また、いきいき民謡クラブを立ち上げ発表の場を広げています。
【対象地区：北浦和3丁目内】",週１回,有償,シニアサポートセンター かさい医院,048-823-3031,35.87525,139.64393
いずみの会,北浦和3丁目自治会館,さいたま市浦和区北浦和3丁目14番18号,サロン・茶話会,"手作り会食会を年3回開催し、地域の方に楽しんでいただいています。また、12月にクリスマス慰問を行っています。
【対象地区：北浦和3丁目内、参加条件：場所の都合上年齢制限あり】",年3回,無償,シニアサポートセンター かさい医院,048-823-3031,35.87525,139.64393
北三シニアクラブ,北浦和3丁目自治会館,さいたま市浦和区北浦和3丁目14番18号,安否確認,"お寺の境内清掃、通学路近辺の見守り、リサイクル活動を通して健康で楽しく、明るい仲間づくりを心掛けています。また、いきいき民謡クラブを立ち上げ発表の場を広げています。
【対象地区：北浦和3丁目内】",週１回,有償,シニアサポートセンター かさい医院,048-823-3031,35.87525,139.64393
北浦和3丁目自治会,北浦和3丁目自治会館,さいたま市浦和区北浦和3丁目14番18号,安否確認,"夏祭り、縁日、夏休みラジオ体操、敬老会、新年会、お餅つき、下校時防犯パトロール、資源回収、ごみ置き場清掃、クリーン作戦、防災、防犯訓練講習会等を行っています。
【対象地区：北浦和3丁目自治会内】",随時,無償,シニアサポートセンター かさい医院,048-823-3031,35.87525,139.64393
北三シニアクラブ,北浦和3丁目自治会館,さいたま市浦和区北浦和3丁目14番18号,運動・スポーツ,"お寺の境内清掃、通学路近辺の見守り、リサイクル活動を通して健康で楽しく、明るい仲間づくりを心掛けています。また、いきいき民謡クラブを立ち上げ発表の場を広げています。
【対象地区：北浦和3丁目内】",週１回,有償,シニアサポートセンター かさい医院,048-823-3031,35.87525,139.64393
いずみの会,北浦和3丁目自治会館,さいたま市浦和区北浦和3丁目14番18号,音楽（歌唱・演奏）,"手作り会食会を年3回開催し、地域の方に楽しんでいただいています。また、12月にクリスマス慰問を行っています。
【対象地区：北浦和3丁目内、参加条件：場所の都合上年齢制限あり】",年3回,無償,シニアサポートセンター かさい医院,048-823-3031,35.87525,139.64393
北三シニアクラブ,北浦和3丁目自治会館,さいたま市浦和区北浦和3丁目14番18号,会食会,"お寺の境内清掃、通学路近辺の見守り、リサイクル活動を通して健康で楽しく、明るい仲間づくりを心掛けています。また、いきいき民謡クラブを立ち上げ発表の場を広げています。
【対象地区：北浦和3丁目内】",週１回,有償,シニアサポートセンター かさい医院,048-823-3031,35.87525,139.64393
いずみの会,北浦和3丁目自治会館,さいたま市浦和区北浦和3丁目14番18号,会食会,"手作り会食会を年3回開催し、地域の方に楽しんでいただいています。また、12月にクリスマス慰問を行っています。
【対象地区：北浦和3丁目内、参加条件：場所の都合上年齢制限あり】",年3回,無償,シニアサポートセンター かさい医院,048-823-3031,35.87525,139.64393
北浦和3丁目自治会,北浦和3丁目自治会館,さいたま市浦和区北浦和3丁目14番18号,健康麻雀・囲碁・将棋,"夏祭り、縁日、夏休みラジオ体操、敬老会、新年会、お餅つき、下校時防犯パトロール、資源回収、ごみ置き場清掃、クリーン作戦、防災、防犯訓練講習会等を行っています。
【対象地区：北浦和3丁目自治会内】",随時,無償,シニアサポートセンター かさい医院,048-823-3031,35.87525,139.64393
いずみの会,北浦和3丁目自治会館,さいたま市浦和区北浦和3丁目14番18号,交流その他,"手作り会食会を年3回開催し、地域の方に楽しんでいただいています。また、12月にクリスマス慰問を行っています。
【対象地区：北浦和3丁目内、参加条件：場所の都合上年齢制限あり】",年3回,無償,シニアサポートセンター かさい医院,048-823-3031,35.87525,139.64393
北浦和3丁目自治会,北浦和3丁目自治会館,さいたま市浦和区北浦和3丁目14番18号,公開講座,"夏祭り、縁日、夏休みラジオ体操、敬老会、新年会、お餅つき、下校時防犯パトロール、資源回収、ごみ置き場清掃、クリーン作戦、防災、防犯訓練講習会等を行っています。
【対象地区：北浦和3丁目自治会内】",随時,無償,シニアサポートセンター かさい医院,048-823-3031,35.87525,139.64393
北浦和3丁目自治会,北浦和3丁目自治会館,さいたま市浦和区北浦和3丁目14番18号,場所の提供,"夏祭り、縁日、夏休みラジオ体操、敬老会、新年会、お餅つき、下校時防犯パトロール、資源回収、ごみ置き場清掃、クリーン作戦、防災、防犯訓練講習会等を行っています。
【対象地区：北浦和3丁目自治会内】",随時,無償,シニアサポートセンター かさい医院,048-823-3031,35.87525,139.64393
北三シニアクラブ,北浦和3丁目自治会館,さいたま市浦和区北浦和3丁目14番18号,体操教室,"お寺の境内清掃、通学路近辺の見守り、リサイクル活動を通して健康で楽しく、明るい仲間づくりを心掛けています。また、いきいき民謡クラブを立ち上げ発表の場を広げています。
【対象地区：北浦和3丁目内】",週１回,有償,シニアサポートセンター かさい医院,048-823-3031,35.87525,139.64393
北浦和3丁目自治会,北浦和3丁目自治会館,さいたま市浦和区北浦和3丁目14番18号,防犯パトロール,"夏祭り、縁日、夏休みラジオ体操、敬老会、新年会、お餅つき、下校時防犯パトロール、資源回収、ごみ置き場清掃、クリーン作戦、防災、防犯訓練講習会等を行っています。
【対象地区：北浦和3丁目自治会内】",随時,無償,シニアサポートセンター かさい医院,048-823-3031,35.87525,139.64393
"神田自治協力会
『いきいき百歳体操』",神田自治会館,さいたま市桜区神田７０２−１,介護予防教室,"神田自治協力会の体操部事業活動の一環として実地。実施期間は７年。(株)三菱総合研究所制作のDVD使用。
神田自治協力会員を主体とし、神田地区にお住いの希望者。",第２・４木曜日１０：００から１１：００,無償,さいたま市桜区北部圏域シニアサポートセンター西部総合,048-816-4503,35.87538164,139.61121189
るんるん会,大門下自治会館,さいたま市緑区大門627,サロン・茶話会,いきいき百歳体操　茶話会　近所にお住いの方,第１木曜日　10:00～11:30,無償,シニアサポートセンター　リバティハウス,048-875-3111,35.87548,139.74011
るんるん会,大門下自治会館,さいたま市緑区大門627,介護予防教室,いきいき百歳体操　茶話会　近所にお住いの方,第１木曜日　10:00～11:30,無償,シニアサポートセンター　リバティハウス,048-875-3111,35.87548,139.74011
(トレカフエ）活々道場ひばり鈴谷,活々道場ひばり鈴谷,さいたま市中央区鈴谷6-8-18,サロン・茶話会,デイサービスにある施設利用して運動とお茶も飲めるサロン及び介護相談窓口も併設,隔月（年６回）土曜日（休止中）,有償,（トレカフエ）活々道場ひばり鈴谷,048-764-8680,35.87551247,139.62782163
(トレカフエ）活々道場ひばり鈴谷,活々道場ひばり鈴谷,さいたま市中央区鈴谷6-8-18,運動・スポーツ,デイサービスにある施設利用して運動とお茶も飲めるサロン及び介護相談窓口も併設,隔月（年６回）土曜日（休止中）,有償,（トレカフエ）活々道場ひばり鈴谷,048-764-8680,35.87551247,139.62782163
(トレカフエ）活々道場ひばり鈴谷,活々道場ひばり鈴谷,さいたま市中央区鈴谷6-8-18,介護予防教室,デイサービスにある施設利用して運動とお茶も飲めるサロン及び介護相談窓口も併設,隔月（年６回）土曜日（休止中）,有償,（トレカフエ）活々道場ひばり鈴谷,048-764-8680,35.87551247,139.62782163
セラバンド（医療生協さいたま　ときわ支部）,北浦和住宅集会所,さいたま市浦和区北浦和5丁目13番15号,介護予防教室,セラバンドで筋力アップ体操をやっています。,毎月第2・3水曜日10:00～12:00,無償,浦和民主診療所　まちづくりコーディネーター,048-832-6156,35.87551557,139.63946509
ヨガ（医療生協さいたま　ときわ支部）,北浦和住宅集会所,さいたま市浦和区北浦和5丁目13番15号,介護予防教室,ヨガを無理なく楽しくやっています。,毎月第2・4木曜日10:00～12:00,無償,浦和民主診療所　まちづくりコーディネーター,048-832-6156,35.87551557,139.63946509
セラバンド（医療生協さいたま　ときわ支部）,北浦和住宅集会所,さいたま市浦和区北浦和5丁目13番15号,体操教室,セラバンドで筋力アップ体操をやっています。,毎月第2・3水曜日10:00～12:00,無償,浦和民主診療所　まちづくりコーディネーター,048-832-6156,35.87551557,139.63946509
ヨガ（医療生協さいたま　ときわ支部）,北浦和住宅集会所,さいたま市浦和区北浦和5丁目13番15号,体操教室,ヨガを無理なく楽しくやっています。,毎月第2・4木曜日10:00～12:00,無償,浦和民主診療所　まちづくりコーディネーター,048-832-6156,35.87551557,139.63946509
元町３丁目和楽会（シニアクラブ）,元町3丁目自治会集会所,さいたま市浦和区元町3丁目17番11号,サロン・茶話会,"会員同士の見守り活動・安否確認として、情報・連絡会報を発行・配布、朝のラジオ体操を奨励しています。また、新年会・総会・懇親会・七夕の集い・敬老の集いのほか、ふれあいサロン（自治会共催）を毎月20日に開催しています。その他、クラブ活動（民謡・カラオケ・グラウンドゴルフ等）を行っています。
【対象地区：元町３丁目及び隣接地区】",会食会：年5回、ラジオ体操：毎日（3月～11月、日・祭日を除く）、クラブ活動：各々月1～4回,条件付き無償,シニアサポートセンター かさい医院,048-823-3031,35.87553254,139.6514057
元町３丁目和楽会（シニアクラブ）,元町3丁目自治会集会所,さいたま市浦和区元町3丁目17番11号,安否確認,"会員同士の見守り活動・安否確認として、情報・連絡会報を発行・配布、朝のラジオ体操を奨励しています。また、新年会・総会・懇親会・七夕の集い・敬老の集いのほか、ふれあいサロン（自治会共催）を毎月20日に開催しています。その他、クラブ活動（民謡・カラオケ・グラウンドゴルフ等）を行っています。
【対象地区：元町３丁目及び隣接地区】",会食会：年5回、ラジオ体操：毎日（3月～11月、日・祭日を除く）、クラブ活動：各々月1～4回,条件付き無償,シニアサポートセンター かさい医院,048-823-3031,35.87553254,139.6514057
元町３丁目和楽会（シニアクラブ）,元町3丁目自治会集会所,さいたま市浦和区元町3丁目17番11号,運動・スポーツ,"会員同士の見守り活動・安否確認として、情報・連絡会報を発行・配布、朝のラジオ体操を奨励しています。また、新年会・総会・懇親会・七夕の集い・敬老の集いのほか、ふれあいサロン（自治会共催）を毎月20日に開催しています。その他、クラブ活動（民謡・カラオケ・グラウンドゴルフ等）を行っています。
【対象地区：元町３丁目及び隣接地区】",会食会：年5回、ラジオ体操：毎日（3月～11月、日・祭日を除く）、クラブ活動：各々月1～4回,条件付き無償,シニアサポートセンター かさい医院,048-823-3031,35.87553254,139.6514057
元町３丁目和楽会（シニアクラブ）,元町3丁目自治会集会所,さいたま市浦和区元町3丁目17番11号,会食会,"会員同士の見守り活動・安否確認として、情報・連絡会報を発行・配布、朝のラジオ体操を奨励しています。また、新年会・総会・懇親会・七夕の集い・敬老の集いのほか、ふれあいサロン（自治会共催）を毎月20日に開催しています。その他、クラブ活動（民謡・カラオケ・グラウンドゴルフ等）を行っています。
【対象地区：元町３丁目及び隣接地区】",会食会：年5回、ラジオ体操：毎日（3月～11月、日・祭日を除く）、クラブ活動：各々月1～4回,条件付き無償,シニアサポートセンター かさい医院,048-823-3031,35.87553254,139.6514057
元町３丁目和楽会（シニアクラブ）,元町3丁目自治会集会所,さいたま市浦和区元町3丁目17番11号,健康麻雀・囲碁・将棋,"会員同士の見守り活動・安否確認として、情報・連絡会報を発行・配布、朝のラジオ体操を奨励しています。また、新年会・総会・懇親会・七夕の集い・敬老の集いのほか、ふれあいサロン（自治会共催）を毎月20日に開催しています。その他、クラブ活動（民謡・カラオケ・グラウンドゴルフ等）を行っています。
【対象地区：元町３丁目及び隣接地区】",会食会：年5回、ラジオ体操：毎日（3月～11月、日・祭日を除く）、クラブ活動：各々月1～4回,条件付き無償,シニアサポートセンター かさい医院,048-823-3031,35.87553254,139.6514057
北浦和針ヶ谷地区社会福祉協議会,北浦和5丁目自治会館,さいたま市浦和区北浦和5丁目9番23号,介護予防教室,百歳体操・脳トレを行っています。,隔月,無償,北浦和針ヶ谷地区社会福祉協議会,048-832-7070,35.8757409650091,139.642476940424
みのり会,北浦和５丁目自治会館,さいたま市浦和区北浦和5丁目9番23号,サロン・茶話会,"ふれあい会食ではお弁当に季節感のある手作り料理2～3品を添えて、参加者一同で会食します。ティーサロンでは飲み物とお菓子を用意して参加者が楽しくおしゃべりや情報交換できる居場所づくりをしています。
【参加条件：（会食）北浦和５丁目在住70歳以上の単身高齢者　（サロン）北浦和5丁目在住の方】","原則第4金曜日
サロン：10：00～11：30
会食：12：00～14：00",無償,シニアサポートセンター ジェイコー埼玉,048-834-3782,35.87576839,139.64245649
みのり会,北浦和５丁目自治会館,さいたま市浦和区北浦和5丁目9番23号,安否確認,"ふれあい会食ではお弁当に季節感のある手作り料理2～3品を添えて、参加者一同で会食します。ティーサロンでは飲み物とお菓子を用意して参加者が楽しくおしゃべりや情報交換できる居場所づくりをしています。
【参加条件：（会食）北浦和５丁目在住70歳以上の単身高齢者　（サロン）北浦和5丁目在住の方】","原則第4金曜日
サロン：10：00～11：30
会食：12：00～14：00",無償,シニアサポートセンター ジェイコー埼玉,048-834-3782,35.87576839,139.64245649
みのり会,北浦和５丁目自治会館,さいたま市浦和区北浦和5丁目9番23号,会食会,"ふれあい会食ではお弁当に季節感のある手作り料理2～3品を添えて、参加者一同で会食します。ティーサロンでは飲み物とお菓子を用意して参加者が楽しくおしゃべりや情報交換できる居場所づくりをしています。
【参加条件：（会食）北浦和５丁目在住70歳以上の単身高齢者　（サロン）北浦和5丁目在住の方】","原則第4金曜日
サロン：10：00～11：30
会食：12：00～14：00",無償,シニアサポートセンター ジェイコー埼玉,048-834-3782,35.87576839,139.64245649
みのり会,北浦和５丁目自治会館,さいたま市浦和区北浦和5丁目9番23号,交流その他,"ふれあい会食ではお弁当に季節感のある手作り料理2～3品を添えて、参加者一同で会食します。ティーサロンでは飲み物とお菓子を用意して参加者が楽しくおしゃべりや情報交換できる居場所づくりをしています。
【参加条件：（会食）北浦和５丁目在住70歳以上の単身高齢者　（サロン）北浦和5丁目在住の方】","原則第4金曜日
サロン：10：00～11：30
会食：12：00～14：00",無償,シニアサポートセンター ジェイコー埼玉,048-834-3782,35.87576839,139.64245649
みのり会,北浦和５丁目自治会館,さいたま市浦和区北浦和5丁目9番23号,話し相手・傾聴,"ふれあい会食ではお弁当に季節感のある手作り料理2～3品を添えて、参加者一同で会食します。ティーサロンでは飲み物とお菓子を用意して参加者が楽しくおしゃべりや情報交換できる居場所づくりをしています。
【参加条件：（会食）北浦和５丁目在住70歳以上の単身高齢者　（サロン）北浦和5丁目在住の方】","原則第4金曜日
サロン：10：00～11：30
会食：12：00～14：00",無償,シニアサポートセンター ジェイコー埼玉,048-834-3782,35.87576839,139.64245649
浦診　浦和東支部,浦和民主診療所,さいたま市浦和区北浦和5丁目10番7号,その他活動,初参加の方でもできる脳トレ体操、浦診4階のガーデニング他,毎月第2火曜日10:00～11:30,無償,浦和民主診療所　まちづくりコーディネーター,048-832-6156,35.87609333,139.641551
医療生協さいたまときわ支部,浦和民主診療所,さいたま市浦和区北浦和5丁目10番7号,サロン・茶話会,ウオーキングを楽しみます。歌声サロンもやっています。初めての方も大歓迎です。,毎月第2金曜日14：15～15：30,その他,浦和民主診療所　まちづくりコーディネーター,048-832-6156,35.8761123397016,139.641614839077
医療生協さいたまときわ支部,浦和民主診療所,さいたま市浦和区北浦和5丁目10番7号,運動・スポーツ,ウオーキングを楽しみます。歌声サロンもやっています。初めての方も大歓迎です。,毎月第2金曜日14：15～15：30,その他,浦和民主診療所　まちづくりコーディネーター,048-832-6156,35.8761123397016,139.641614839077
シニアクラブ中里きらく会,中里自冶会館,さいたま市中央区新中里3-18-11,運動・スポーツ,"その都度、イベントに合わせ派遣講師等による講和等、手芸、安否確認、傾聴
対象：中里きらく会会員",月４～５回随時,有償,シニアクラブ中里きらく会,090-8599-0354,35.8761366679268,139.634249420694
シニアクラブ中里きらく会,中里自冶会館,さいたま市中央区新中里3-18-11,音楽（歌唱・演奏）,"その都度、イベントに合わせ派遣講師等による講和等、手芸、安否確認、傾聴
対象：中里きらく会会員",月４～５回随時,有償,シニアクラブ中里きらく会,090-8599-0354,35.8761366679268,139.634249420694
シニアクラブ中里きらく会,中里自冶会館,さいたま市中央区新中里3-18-11,介護予防教室,"その都度、イベントに合わせ派遣講師等による講和等、手芸、安否確認、傾聴
対象：中里きらく会会員",月４～５回随時,有償,シニアクラブ中里きらく会,090-8599-0354,35.8761366679268,139.634249420694
シニアクラブ中里きらく会,中里自冶会館,さいたま市中央区新中里3-18-11,会食会,"その都度、イベントに合わせ派遣講師等による講和等、手芸、安否確認、傾聴
対象：中里きらく会会員",月４～５回随時,有償,シニアクラブ中里きらく会,090-8599-0354,35.8761366679268,139.634249420694
シニアクラブ中里きらく会,中里自冶会館,さいたま市中央区新中里3-18-11,体操教室,"その都度、イベントに合わせ派遣講師等による講和等、手芸、安否確認、傾聴
対象：中里きらく会会員",月４～５回随時,有償,シニアクラブ中里きらく会,090-8599-0354,35.8761366679268,139.634249420694
白鍬南シニアサロン(おしゃべりタイム),白鍬南自治会館,さいたま市，桜区，白鍬，48-1,サロン・茶話会,"おしゃべりタイム・防犯・防災・健康維持学習・脳活学習(間違い探し)・合唱(2～3曲)
白鍬南自治会会員限定。","第1.2.3月曜日
10：00～11：30",無償,加藤　昭,048-852-7206,35.8761845527832,139.602135039313
白鍬南シニアサロン(おしゃべりタイム),白鍬南自治会館,さいたま市，桜区，白鍬，48-1,その他活動,"おしゃべりタイム・防犯・防災・健康維持学習・脳活学習(間違い探し)・合唱(2～3曲)
白鍬南自治会会員限定。","第1.2.3月曜日
10：00～11：30",無償,加藤　昭,048-852-7206,35.8761845527832,139.602135039313
白鍬南シニアサロン(おしゃべりタイム),白鍬南自治会館,さいたま市，桜区，白鍬，48-1,交流その他,"おしゃべりタイム・防犯・防災・健康維持学習・脳活学習(間違い探し)・合唱(2～3曲)
白鍬南自治会会員限定。","第1.2.3月曜日
10：00～11：30",無償,加藤　昭,048-852-7206,35.8761845527832,139.602135039313
白鍬南シニアサロン(おしゃべりタイム),白鍬南自治会館,さいたま市，桜区，白鍬，48-1,公開講座,"おしゃべりタイム・防犯・防災・健康維持学習・脳活学習(間違い探し)・合唱(2～3曲)
白鍬南自治会会員限定。","第1.2.3月曜日
10：00～11：30",無償,加藤　昭,048-852-7206,35.8761845527832,139.602135039313
白鍬南シニアサロン(おしゃべりタイム),白鍬南自治会館,さいたま市，桜区，白鍬，48-1,手芸,"おしゃべりタイム・防犯・防災・健康維持学習・脳活学習(間違い探し)・合唱(2～3曲)
白鍬南自治会会員限定。","第1.2.3月曜日
10：00～11：30",無償,加藤　昭,048-852-7206,35.8761845527832,139.602135039313
白鍬南シニアサロン(おしゃべりタイム),白鍬南自治会館,さいたま市，桜区，白鍬，48-1,住民主体の学習会,"おしゃべりタイム・防犯・防災・健康維持学習・脳活学習(間違い探し)・合唱(2～3曲)
白鍬南自治会会員限定。","第1.2.3月曜日
10：00～11：30",無償,加藤　昭,048-852-7206,35.8761845527832,139.602135039313
白鍬南シニアサロン(おしゃべりタイム),白鍬南自治会館,さいたま市，桜区，白鍬，48-1,防犯パトロール,"おしゃべりタイム・防犯・防災・健康維持学習・脳活学習(間違い探し)・合唱(2～3曲)
白鍬南自治会会員限定。","第1.2.3月曜日
10：00～11：30",無償,加藤　昭,048-852-7206,35.8761845527832,139.602135039313
カラオケ同好会,カラオケサロン「すずらん」,埼玉県さいたま市緑区芝原3-35-7,音楽（歌唱・演奏）,"旭ヶ丘自治会住民のみ
カラオケを楽しむ",月2回,有償,シニアサポートセンター浦和しぶや苑,048-876-1770,35.8763302,139.6953407
コープミモザ,ミニコープ領家店　2Fコープルーム,さいたま市浦和区領家2丁目3番7号,介護予防教室,いきいき百歳体操自主グループ,"毎週　木曜日
14:00～15:30",無償,シニアサポートセンタースマイルハウス浦和,048-813-7710,35.8765932864606,139.652574908918
コープミモザ,ミニコープ領家店　2Fコープルーム,さいたま市浦和区領家2丁目3番7号,交流その他,いきいき百歳体操自主グループ,"毎週　木曜日
14:00～15:30",無償,シニアサポートセンタースマイルハウス浦和,048-813-7710,35.8765932864606,139.652574908918
宮前の会,桜の宿デイサービス,さいたま市桜区大字宿１４０－１,介護予防教室,デイサービス桜の宿で百歳体操や脳トレを行っており、歌いながら手、足を動かしています。,第2・4土曜日から10：00から11：00,無償,さいたま市桜区北部圏域シニアサポートセンター西部総合,048-816-4503,35.87681,139.60003
宮前の会,桜の宿デイサービス,さいたま市桜区大字宿１４０－１,交流その他,デイサービス桜の宿で百歳体操や脳トレを行っており、歌いながら手、足を動かしています。,第2・4土曜日から10：00から11：00,無償,さいたま市桜区北部圏域シニアサポートセンター西部総合,048-816-4503,35.87681,139.60003
浦和東部地区元気アップネットワーク,南箇公民館,さいたま市浦和区領家3丁目15番10号,サロン・茶話会,"元気アップサロン、うらわカフェ：「軽体操＋レク＋おしゃべり＋唱歌を唄う」を通じて①生きがいづくり（仲間づくり）②介護予防③学習④閉じこもり防止を目指しています。
【対象地区：主に浦和区東部圏域】
みんなの学校：「共に楽しく、学び合う」を目指して、①学びの場②サークル活動③イベント④地域団体とのネットワークづくりを行います。",元気アップサロン：週1回10:00～11:30、うらわカフェ：隔月1回10:00～、みんなの学校：随時,有償,浦和東部地区元気アップネットワーク,048-886-4895,35.87694085,139.65798838
領家二丁目自治会,南箇公民館,さいたま市浦和区領家3丁目15番10号,サロン・茶話会,"領家二丁目おしゃべりサロンで会食や歓談を楽しんでいます。
【参加条件：領家2丁目自治会員で75歳以上の方】",年2回,無償,シニアサポートセンタースマイルハウス浦和,048-813-7710,35.87694085,139.65798838
浦和東部地区元気アップネットワーク,南箇公民館,さいたま市浦和区領家3丁目15番10号,運動・スポーツ,"元気アップサロン、うらわカフェ：「軽体操＋レク＋おしゃべり＋唱歌を唄う」を通じて①生きがいづくり（仲間づくり）②介護予防③学習④閉じこもり防止を目指しています。
【対象地区：主に浦和区東部圏域】
みんなの学校：「共に楽しく、学び合う」を目指して、①学びの場②サークル活動③イベント④地域団体とのネットワークづくりを行います。",元気アップサロン：週1回10:00～11:30、うらわカフェ：隔月1回10:00～、みんなの学校：随時,有償,浦和東部地区元気アップネットワーク,048-886-4895,35.87694085,139.65798838
浦和東部地区元気アップネットワーク,南箇公民館,さいたま市浦和区領家3丁目15番10号,音楽（歌唱・演奏）,"元気アップサロン、うらわカフェ：「軽体操＋レク＋おしゃべり＋唱歌を唄う」を通じて①生きがいづくり（仲間づくり）②介護予防③学習④閉じこもり防止を目指しています。
【対象地区：主に浦和区東部圏域】
みんなの学校：「共に楽しく、学び合う」を目指して、①学びの場②サークル活動③イベント④地域団体とのネットワークづくりを行います。",元気アップサロン：週1回10:00～11:30、うらわカフェ：隔月1回10:00～、みんなの学校：随時,有償,浦和東部地区元気アップネットワーク,048-886-4895,35.87694085,139.65798838
領家二丁目自治会,南箇公民館,さいたま市浦和区領家3丁目15番10号,音楽（歌唱・演奏）,"領家二丁目おしゃべりサロンで会食や歓談を楽しんでいます。
【参加条件：領家2丁目自治会員で75歳以上の方】",年2回,無償,シニアサポートセンタースマイルハウス浦和,048-813-7710,35.87694085,139.65798838
百歳2020,南箇公民館,さいたま市浦和区領家3丁目15番10号,介護予防教室,いきいき百歳体操自主グループ,"隔週月曜日
10:00～11:00",無償,シニアサポートセンタースマイルハウス浦和,048-813-7710,35.87694085,139.65798838
楽々ストレッチ,南箇公民館,さいたま市浦和区領家3丁目15番10号,介護予防教室,座りながらでも出来る、どなたでも出来るストレッチです。,"月1回
第１月曜日　10:30～",無償,医療生協さいたま赤山街道支部,048-832-6156,35.87694085,139.65798838
浦和東部地区元気アップネットワーク,南箇公民館,さいたま市浦和区領家3丁目15番10号,介護予防教室,"元気アップサロン、うらわカフェ：「軽体操＋レク＋おしゃべり＋唱歌を唄う」を通じて①生きがいづくり（仲間づくり）②介護予防③学習④閉じこもり防止を目指しています。
【対象地区：主に浦和区東部圏域】
みんなの学校：「共に楽しく、学び合う」を目指して、①学びの場②サークル活動③イベント④地域団体とのネットワークづくりを行います。",元気アップサロン：週1回10:00～11:30、うらわカフェ：隔月1回10:00～、みんなの学校：随時,有償,浦和東部地区元気アップネットワーク,048-886-4895,35.87694085,139.65798838
いきいき元気体操会,南箇公民館,さいたま市浦和区領家3丁目15番10号,介護予防教室,"心身共に自立し健康的に生活できる健康年齢（寿命）をなるべく長く保つため椅子に座ってのストレッチ体操と手足に重りを付けてする運動を行っています。年に3回体力測定を実施しています。
【参加条件：概ね60歳以上の方】",毎週水曜日,無償,シニアサポートセンタースマイルハウス浦和,048-813-7710,35.87694085,139.65798838
スマイル会,南箇公民館,さいたま市浦和区領家3丁目15番10号,介護予防教室,いきいき百歳体操自主グループ,"毎週水曜日
10:00～11:00",無償,シニアサポートセンタースマイルハウス浦和,048-813-7710,35.87694085,139.65798838
領家二丁目自治会,南箇公民館,さいたま市浦和区領家3丁目15番10号,会食会,"領家二丁目おしゃべりサロンで会食や歓談を楽しんでいます。
【参加条件：領家2丁目自治会員で75歳以上の方】",年2回,無償,シニアサポートセンタースマイルハウス浦和,048-813-7710,35.87694085,139.65798838
浦和東部地区元気アップネットワーク,南箇公民館,さいたま市浦和区領家3丁目15番10号,住民主体の学習会,"元気アップサロン、うらわカフェ：「軽体操＋レク＋おしゃべり＋唱歌を唄う」を通じて①生きがいづくり（仲間づくり）②介護予防③学習④閉じこもり防止を目指しています。
【対象地区：主に浦和区東部圏域】
みんなの学校：「共に楽しく、学び合う」を目指して、①学びの場②サークル活動③イベント④地域団体とのネットワークづくりを行います。",元気アップサロン：週1回10:00～11:30、うらわカフェ：隔月1回10:00～、みんなの学校：随時,有償,浦和東部地区元気アップネットワーク,048-886-4895,35.87694085,139.65798838
楽々ストレッチ,南箇公民館,さいたま市浦和区領家3丁目15番10号,体操教室,座りながらでも出来る、どなたでも出来るストレッチです。,"月1回
第１月曜日　10:30～",無償,医療生協さいたま赤山街道支部,048-832-6156,35.87694085,139.65798838
浦和東部地区元気アップネットワーク,南箇公民館,さいたま市浦和区領家3丁目15番10号,体操教室,"元気アップサロン、うらわカフェ：「軽体操＋レク＋おしゃべり＋唱歌を唄う」を通じて①生きがいづくり（仲間づくり）②介護予防③学習④閉じこもり防止を目指しています。
【対象地区：主に浦和区東部圏域】
みんなの学校：「共に楽しく、学び合う」を目指して、①学びの場②サークル活動③イベント④地域団体とのネットワークづくりを行います。",元気アップサロン：週1回10:00～11:30、うらわカフェ：隔月1回10:00～、みんなの学校：随時,有償,浦和東部地区元気アップネットワーク,048-886-4895,35.87694085,139.65798838
みんなの健康体操,南箇公民館,"さいたま市,浦和区,領家3丁目15番10号",体操教室,さいたま市介護予防運動指導員　西尾朝子先生の指導の下、健康体操を行っています。,"月2回　（第1・4水曜日）
13:00～、または15:00～",有償,シニアサポートセンタースマイルハウス浦和,048-813-7710,35.8770470549038,139.658111256247
道祖土　ふれあいサロン,"道祖土集会所
（地蔵堂）",さいたま市緑区道祖土3-8-33,サロン・茶話会,介護予防や仲間作り　生きがいづくり　さらに交流の輪を広げ　地域のつながりを強めることを目的とし　道祖土自治会主催で開催されています。1月は　昼食会と手作り講座を開催しています。,毎月第２　日曜日　13:00～16:00,無償,三室地区社会福祉協議会,048-826-6250,35.8770911,139.67103154
道祖土　ふれあいサロン,"道祖土集会所
（地蔵堂）",さいたま市緑区道祖土3-8-33,会食会,介護予防や仲間作り　生きがいづくり　さらに交流の輪を広げ　地域のつながりを強めることを目的とし　道祖土自治会主催で開催されています。1月は　昼食会と手作り講座を開催しています。,毎月第２　日曜日　13:00～16:00,無償,三室地区社会福祉協議会,048-826-6250,35.8770911,139.67103154
鈴谷地区社会福祉協議会,鈴谷地区社会福祉協議会事務所,さいたま市中央区鈴谷8-10-1,サロン・茶話会,"どなたにも参加できるぬりえサロンをはじめ、えてがみサトン、紅茶サロン等さまざまな趣向を凝らしたサロンや各種講座を開催
対象：鈴谷地区お住いの方",ぬりえサロン／年6回、その他は随時、年1回～4回,条件付き無償,鈴谷地区社会福祉協議会,048-705-0705,35.87714279,139.62529956
鈴谷地区社会福祉協議会,鈴谷地区社会福祉協議会事務所,さいたま市中央区鈴谷8-10-1,介護予防教室,"どなたにも参加できるぬりえサロンをはじめ、えてがみサトン、紅茶サロン等さまざまな趣向を凝らしたサロンや各種講座を開催
対象：鈴谷地区お住いの方",ぬりえサロン／年6回、その他は随時、年1回～4回,条件付き無償,鈴谷地区社会福祉協議会,048-705-0705,35.87714279,139.62529956
鈴谷地区社会福祉協議会,鈴谷地区社会福祉協議会事務所,さいたま市中央区鈴谷8-10-1,絵画・書道,"どなたにも参加できるぬりえサロンをはじめ、えてがみサトン、紅茶サロン等さまざまな趣向を凝らしたサロンや各種講座を開催
対象：鈴谷地区お住いの方",ぬりえサロン／年6回、その他は随時、年1回～4回,条件付き無償,鈴谷地区社会福祉協議会,048-705-0705,35.87714279,139.62529956
鈴谷地区社会福祉協議会,鈴谷地区社会福祉協議会事務所,さいたま市中央区鈴谷8-10-1,手芸,"どなたにも参加できるぬりえサロンをはじめ、えてがみサトン、紅茶サロン等さまざまな趣向を凝らしたサロンや各種講座を開催
対象：鈴谷地区お住いの方",ぬりえサロン／年6回、その他は随時、年1回～4回,条件付き無償,鈴谷地区社会福祉協議会,048-705-0705,35.87714279,139.62529956
鈴谷地区社会福祉協議会,鈴谷地区社会福祉協議会事務所,さいたま市中央区鈴谷8-10-1,料理,"どなたにも参加できるぬりえサロンをはじめ、えてがみサトン、紅茶サロン等さまざまな趣向を凝らしたサロンや各種講座を開催
対象：鈴谷地区お住いの方",ぬりえサロン／年6回、その他は随時、年1回～4回,条件付き無償,鈴谷地区社会福祉協議会,048-705-0705,35.87714279,139.62529956
北浦和自治会住宅サロンやよい会,北浦和住宅集会所,さいたま市浦和区針ヶ谷4丁目1番23号,サロン・茶話会,"百歳体操を中心に歌やゲーム・クイズを取り入れた時間をすごし、住宅内の親睦をはかりながら少しでも元気にすごせるきっかけを作る場所を作りを目的とする。
【参加条件：北浦和住宅の自治会に属している方】","毎月第１月曜日
13：30～15：00",無償,シニアサポートセンター ジェイコー埼玉,048-834-3782,35.877233155451,139.637929940624
北浦和自治会住宅サロンやよい会,北浦和住宅集会所,さいたま市浦和区針ヶ谷4丁目1番23号,運動・スポーツ,"百歳体操を中心に歌やゲーム・クイズを取り入れた時間をすごし、住宅内の親睦をはかりながら少しでも元気にすごせるきっかけを作る場所を作りを目的とする。
【参加条件：北浦和住宅の自治会に属している方】","毎月第１月曜日
13：30～15：00",無償,シニアサポートセンター ジェイコー埼玉,048-834-3782,35.877233155451,139.637929940624
北浦和自治会住宅サロンやよい会,北浦和住宅集会所,さいたま市浦和区針ヶ谷4丁目1番23号,音楽（歌唱・演奏）,"百歳体操を中心に歌やゲーム・クイズを取り入れた時間をすごし、住宅内の親睦をはかりながら少しでも元気にすごせるきっかけを作る場所を作りを目的とする。
【参加条件：北浦和住宅の自治会に属している方】","毎月第１月曜日
13：30～15：00",無償,シニアサポートセンター ジェイコー埼玉,048-834-3782,35.877233155451,139.637929940624
北浦和針ヶ谷地区社会福祉協議会,北浦和公民館,さいたま市浦和区北浦和2丁目19番25号,サロン・茶話会,音楽コンサート、ニュースポーツ、映画鑑賞、パンサロン、体操、茶話会、講演会等を行っています。,週1回,条件付き無償,北浦和針ヶ谷地区社会福祉協議会,048-832-7070,35.87761276,139.64773653
千人千色の子ども達,北浦和公民館,さいたま市浦和区北浦和2丁目19番25号,サロン・茶話会,子育てが少し楽になるきっかけづくりのサロン。発達障害、不登校、引きこもりなどの生きづらさを抱える子供を持つ親同士の交流の場です。,毎月第1火曜日,有償,北浦和公民館,048‐832-3139,35.87761276,139.64773653
北浦和針ヶ谷地区社会福祉協議会,北浦和公民館,さいたま市浦和区北浦和2丁目19番25号,安否確認,音楽コンサート、ニュースポーツ、映画鑑賞、パンサロン、体操、茶話会、講演会等を行っています。,週1回,条件付き無償,北浦和針ヶ谷地区社会福祉協議会,048-832-7070,35.87761276,139.64773653
北浦和針ヶ谷地区社会福祉協議会,北浦和公民館,さいたま市浦和区北浦和2丁目19番25号,運動・スポーツ,音楽コンサート、ニュースポーツ、映画鑑賞、パンサロン、体操、茶話会、講演会等を行っています。,週1回,条件付き無償,北浦和針ヶ谷地区社会福祉協議会,048-832-7070,35.87761276,139.64773653
はまゆう,北浦和公民館,さいたま市浦和区北浦和2丁目19番25号,運動・スポーツ,北浦和公民館の体育室でフォークダンスを行っています。健康とストレス解消に役立っています。,週1回,有償,はまゆう,048-832-4872,35.87761276,139.64773653
北浦和針ヶ谷地区社会福祉協議会,北浦和公民館,さいたま市浦和区北浦和2丁目19番25号,音楽（歌唱・演奏）,音楽コンサート、ニュースポーツ、映画鑑賞、パンサロン、体操、茶話会、講演会等を行っています。,週1回,条件付き無償,北浦和針ヶ谷地区社会福祉協議会,048-832-7070,35.87761276,139.64773653
菜の花クラブ,北浦和公民館,さいたま市浦和区北浦和2丁目19番25号,介護予防教室,いきいき百歳体操を実施しています。,毎月第1・3・4金曜日13:30～,有償,シニアサポートセンター かさい医院,048-823-3031,35.87761276,139.64773653
ピースⅡ,北浦和公民館,さいたま市浦和区北浦和2丁目19番25号,介護予防教室,"百歳体操が初めての人も楽しく参加できるよう、ゆっくり行っています。
【対象地区：北浦和周辺】",毎週月曜日10:00～11:30,無償,シニアサポートセンター かさい医院,048-823-3031,35.87761276,139.64773653
百日草クラブ,北浦和公民館,さいたま市浦和区北浦和2丁目19番25号,介護予防教室,いきいき百歳体操を15名程度で実施しています。参加者からは「体力がつき風邪をひかないようになった」との声が聞かれています。,毎週月曜日13:30～,有償,シニアサポートセンター かさい医院,048-823-3031,35.87761276,139.64773653
北浦和クラブ,北浦和公民館,さいたま市浦和区北浦和2丁目19番25号,介護予防教室,いきいき百歳体操を皆で熱心に頑張っています。,毎週水曜日9:30～,無償,シニアサポートセンター かさい医院,048-823-3031,35.87761276,139.64773653
北浦和針ヶ谷地区社会福祉協議会,北浦和公民館,さいたま市浦和区北浦和2丁目19番25号,公開講座,音楽コンサート、ニュースポーツ、映画鑑賞、パンサロン、体操、茶話会、講演会等を行っています。,週1回,条件付き無償,北浦和針ヶ谷地区社会福祉協議会,048-832-7070,35.87761276,139.64773653
らぃぶりーふれんず,北浦和公民館,さいたま市浦和区北浦和2丁目19番25号,介護予防教室,　いきいき百歳体操を実施しています。,毎月2回第1・第3金曜日　13時30分～15時30分,無償,シニアサポートセンター かさい医院,048-823-3031,35.877629463866,139.647790209258
男の健康体操,北浦和公民館,さいたま市浦和区北浦和2丁目19番25号,体操教室,"介護予防活動体操やストレッチ等を行っています。
【参加条件：65歳以上の男性】",毎月２回第１，第３金曜日　9時30分～11時,有償,シニアサポートセンター かさい医院,048-823-3031,35.877629463866,139.647790209258
ラジオ体操ひまわりグループ,浦和高層団地中庭（雨天時はピロティ）,さいたま市浦和区針ヶ谷4丁目1番1号,運動・スポーツ,"ラジオ体操・ストレッチ（手足・脳・運動など）軽く声を出す音楽体操（歌う）
【参加条件：浦和高層団地のお住まいの方】","週3回火・木・土
10：00～11：30",無償,シニアサポートセンター ジェイコー埼玉,048-834-3782,35.8776751641303,139.641356578878
体いきいき会,浦和高層団地　A棟集会所,さいたま市浦和区針ヶ谷4丁目1番1号A棟,音楽（歌唱・演奏）,"基本的なストレッチ、リズム体操、百歳体操
【参加条件：高層団地にお住いの方】",毎週月曜日（月４回）10時～12時,無償,シニアサポートセンター ジェイコー埼玉,048-834-3782,35.87786535,139.64120375
体いきいき会,浦和高層団地　A棟集会所,さいたま市浦和区針ヶ谷4丁目1番1号A棟,介護予防教室,"基本的なストレッチ、リズム体操、百歳体操
【参加条件：高層団地にお住いの方】",毎週月曜日（月４回）10時～12時,無償,シニアサポートセンター ジェイコー埼玉,048-834-3782,35.87786535,139.64120375
体いきいき会,浦和高層団地　A棟集会所,さいたま市浦和区針ヶ谷4丁目1番1号A棟,会食会,"基本的なストレッチ、リズム体操、百歳体操
【参加条件：高層団地にお住いの方】",毎週月曜日（月４回）10時～12時,無償,シニアサポートセンター ジェイコー埼玉,048-834-3782,35.87786535,139.64120375
体いきいき会,浦和高層団地　A棟集会所,さいたま市浦和区針ヶ谷4丁目1番1号A棟,体操教室,"基本的なストレッチ、リズム体操、百歳体操
【参加条件：高層団地にお住いの方】",毎週月曜日（月４回）10時～12時,無償,シニアサポートセンター ジェイコー埼玉,048-834-3782,35.87786535,139.64120375
中里にこにこお茶会,ネッツトヨタ東埼玉マイネッツさいたま中央,さいたま市中央区新中里5-9-8,サロン・茶話会,"軽い運動を取り入れて、お茶とお菓子を食べながらお互いの交流を深め、近所付き合いがしやすくなるようにする。
情報交換や困り事の相談会。
対象は新中里1～5丁目で中里地区民生委員が担当している範囲。",随時,無償,中央区南部圏域シニアサポートセンターきりしき,048-858-2121,35.8780327131756,139.63556960978
北浦和二郵便局,北浦和二郵便局,さいたま市浦和区北浦和2丁目4番地3号,その他活動,郵便局の見守りサービスです。郵便局員などが利用者宅へ訪問し、ご利用者の生活状況をご家族などの指定いただいた報告先へ報告。,,無償,北浦和郵便局,048-832-0988,35.878211764245,139.644442722197
すみれクラブ,"浦和住宅展示場
セミナールーム","さいたま市,浦和区,領家5丁目15番17号",介護予防教室,いきいき百歳体操自主グループ,"毎週　水曜日
13:30～15:30",無償,シニアサポートセンタースマイルハウス浦和,048-813-7710,35.878628212904,139.654483054942
すみれクラブ,"浦和住宅展示場
セミナールーム","さいたま市,浦和区,領家5丁目15番17号",交流その他,いきいき百歳体操自主グループ,"毎週　水曜日
13:30～15:30",無償,シニアサポートセンタースマイルハウス浦和,048-813-7710,35.878628212904,139.654483054942
在家体操クラブ,在家自治会館,さいたま市桜区在家９２－１,サロン・茶話会,"月２回在家自治会館で百歳体操。そのほか茶話会も行っています。
桜区在家、在家自治会会員",第1第3月曜日９：３０から１0：30,無償,さいたま市桜区北部圏域シニアサポートセンター西部総合,048-816-4503,35.8789476033762,139.600375045092
在家体操クラブ,在家自治会館,さいたま市桜区在家９２－１,介護予防教室,"月２回在家自治会館で百歳体操。そのほか茶話会も行っています。
桜区在家、在家自治会会員",第1第3月曜日９：３０から１0：30,無償,さいたま市桜区北部圏域シニアサポートセンター西部総合,048-816-4503,35.8789476033762,139.600375045092
ふれあい体操クラブ,北浦和マンション集会室,さいたま市緑区三室1218-3,サロン・茶話会,"介護予防と人と人との繋がりのため、笑顔で百歳体操。他にサロンで脳トレ、歌、手話ソング、折り紙など楽しく活動。
参加対象は北浦和マンション在住の方。","毎週火曜日（第３を除く）
毎週木曜日　10;00～
11:30",無償,シニアサポートセンター　リバティハウス,048-875-3111,35.87947414,139.67380904
北浦和マンション和楽会,北浦和マンション集会室,さいたま市緑区三室1218-3,音楽（歌唱・演奏）,明るい仲間づくりを目標に、皆で一緒に歌を唄い楽しんでいます。,"毎月第1第2木曜
10:00～12:00",材料費のみ,シニアサポートセンター　リバティハウス,048-875-3111,35.87947414,139.67380904
ふれあい体操クラブ,北浦和マンション集会室,さいたま市緑区三室1218-3,音楽（歌唱・演奏）,"介護予防と人と人との繋がりのため、笑顔で百歳体操。他にサロンで脳トレ、歌、手話ソング、折り紙など楽しく活動。
参加対象は北浦和マンション在住の方。","毎週火曜日（第３を除く）
毎週木曜日　10;00～
11:30",無償,シニアサポートセンター　リバティハウス,048-875-3111,35.87947414,139.67380904
ふれあい体操クラブ,北浦和マンション集会室,さいたま市緑区三室1218-3,介護予防教室,"介護予防と人と人との繋がりのため、笑顔で百歳体操。他にサロンで脳トレ、歌、手話ソング、折り紙など楽しく活動。
参加対象は北浦和マンション在住の方。","毎週火曜日（第３を除く）
毎週木曜日　10;00～
11:30",無償,シニアサポートセンター　リバティハウス,048-875-3111,35.87947414,139.67380904
ふれあい体操クラブ,北浦和マンション集会室,さいたま市緑区三室1218-3,会食会,"介護予防と人と人との繋がりのため、笑顔で百歳体操。他にサロンで脳トレ、歌、手話ソング、折り紙など楽しく活動。
参加対象は北浦和マンション在住の方。","毎週火曜日（第３を除く）
毎週木曜日　10;00～
11:30",無償,シニアサポートセンター　リバティハウス,048-875-3111,35.87947414,139.67380904
ふれあい体操クラブ,北浦和マンション集会室,さいたま市緑区三室1218-3,学習支援・通訳（外国語・手話・点字）,"介護予防と人と人との繋がりのため、笑顔で百歳体操。他にサロンで脳トレ、歌、手話ソング、折り紙など楽しく活動。
参加対象は北浦和マンション在住の方。","毎週火曜日（第３を除く）
毎週木曜日　10;00～
11:30",無償,シニアサポートセンター　リバティハウス,048-875-3111,35.87947414,139.67380904
ふれあい体操クラブ,北浦和マンション集会室,さいたま市緑区三室1218-3,手芸,"介護予防と人と人との繋がりのため、笑顔で百歳体操。他にサロンで脳トレ、歌、手話ソング、折り紙など楽しく活動。
参加対象は北浦和マンション在住の方。","毎週火曜日（第３を除く）
毎週木曜日　10;00～
11:30",無償,シニアサポートセンター　リバティハウス,048-875-3111,35.87947414,139.67380904
ふれあい体操クラブ,北浦和マンション集会室,さいたま市緑区三室1218-3,体操教室,"介護予防と人と人との繋がりのため、笑顔で百歳体操。他にサロンで脳トレ、歌、手話ソング、折り紙など楽しく活動。
参加対象は北浦和マンション在住の方。","毎週火曜日（第３を除く）
毎週木曜日　10;00～
11:30",無償,シニアサポートセンター　リバティハウス,048-875-3111,35.87947414,139.67380904
北浦和マンション　ふれあいサロン,北浦和マンション集会所,さいたま市緑区三室1218-3,サロン・茶話会,"介護予防や仲間作り　生きがいづくり　さらに笑顔の輪を広げ　地域のつながりを強めることを目的とし　北浦和マンション有志が主催しています。お茶を飲みながらおしゃべりやゲーム、脳トレ、手話等を楽しんでます。
北浦和マンション在住の方対象",毎月第３　火曜日　10:00～12:00,無償,三室地区社会福祉協議会,048-826-6250,35.87947414,139.67380904
北浦和マンション　ふれあいサロン,北浦和マンション集会所,さいたま市緑区三室1218-3,会食会,"介護予防や仲間作り　生きがいづくり　さらに笑顔の輪を広げ　地域のつながりを強めることを目的とし　北浦和マンション有志が主催しています。お茶を飲みながらおしゃべりやゲーム、脳トレ、手話等を楽しんでます。
北浦和マンション在住の方対象",毎月第３　火曜日　10:00～12:00,無償,三室地区社会福祉協議会,048-826-6250,35.87947414,139.67380904
かやのきサロン,かやのき住宅集会所,埼玉県さいたま市中央区八王子５丁目１１−１３,サロン・茶話会,"高齢者同士のお茶飲み会
茶話会の他、社会一般の関心事を学習
対象者：集合住宅のため、団地内に居住する概ね65歳以上の方",毎月第三火曜日,有償,ナーシングヴィラ与野,048-859-5375,35.87976,139.60635
かやのきサロン,かやのき住宅集会所,埼玉県さいたま市中央区八王子５丁目１１−１３,その他活動,"高齢者同士のお茶飲み会
茶話会の他、社会一般の関心事を学習
対象者：集合住宅のため、団地内に居住する概ね65歳以上の方",毎月第三火曜日,有償,ナーシングヴィラ与野,048-859-5375,35.87976,139.60635
かやのきサロン,かやのき住宅集会所,埼玉県さいたま市中央区八王子５丁目１１−１３,会食会,"高齢者同士のお茶飲み会
茶話会の他、社会一般の関心事を学習
対象者：集合住宅のため、団地内に居住する概ね65歳以上の方",毎月第三火曜日,有償,ナーシングヴィラ与野,048-859-5375,35.87976,139.60635
かやのきサロン,かやのき住宅集会所,埼玉県さいたま市中央区八王子５丁目１１−１３,交流その他,"高齢者同士のお茶飲み会
茶話会の他、社会一般の関心事を学習
対象者：集合住宅のため、団地内に居住する概ね65歳以上の方",毎月第三火曜日,有償,ナーシングヴィラ与野,048-859-5375,35.87976,139.60635
かやのきサロン,かやのき住宅集会所,埼玉県さいたま市中央区八王子５丁目１１−１３,話し相手・傾聴,"高齢者同士のお茶飲み会
茶話会の他、社会一般の関心事を学習
対象者：集合住宅のため、団地内に居住する概ね65歳以上の方",毎月第三火曜日,有償,ナーシングヴィラ与野,048-859-5375,35.87976,139.60635
いきいき元気クラブ,かやのき団地周辺及び白鍬電建自治会館,埼玉県さいたま市中央区八王子５丁目１１−１３　他,介護予防教室,"いきいき百歳体操
対象者・対象地区：制限なし","毎週金曜日
10:00～12:00
第1・3・5金曜日は
白鍬電建自治会館
第2・４金曜日は
かやのき団地内
※自治会館まで移動が困難な方はかやのき団地内で毎週金曜日にも活動しています。",有償,ナーシングヴィラ与野,048-859-5375,35.87976,139.60635
頭と体のすっきり体操クラブ,イリーゼ浦和道祖土,さいたま市緑区道祖土2-12-15,サロン・茶話会,100歳まで元気にしている為に継続は力なりです。運動しながら考えることにより運動機能上達し、認知機能の低下予防を楽しく、グループで続けていき、笑い声のたえないお教室です。昔やったお手玉風やタオルでの体力作りなど、とても楽しいです。月2回は、歌声サークル、着付教室等やってます。,"月4回金曜10:00～11::00
すっきり体操
月2回11:00～11:30
歌の会（唱歌童謡）",有償,シニアサポートセンター　リバティハウス,048-875-3111,35.88001,139.67191
頭と体のすっきり体操クラブ,イリーゼ浦和道祖土,さいたま市緑区道祖土2-12-15,運動・スポーツ,100歳まで元気にしている為に継続は力なりです。運動しながら考えることにより運動機能上達し、認知機能の低下予防を楽しく、グループで続けていき、笑い声のたえないお教室です。昔やったお手玉風やタオルでの体力作りなど、とても楽しいです。月2回は、歌声サークル、着付教室等やってます。,"月4回金曜10:00～11::00
すっきり体操
月2回11:00～11:30
歌の会（唱歌童謡）",有償,シニアサポートセンター　リバティハウス,048-875-3111,35.88001,139.67191
頭と体のすっきり体操クラブ,イリーゼ浦和道祖土,さいたま市緑区道祖土2-12-15,音楽（歌唱・演奏）,100歳まで元気にしている為に継続は力なりです。運動しながら考えることにより運動機能上達し、認知機能の低下予防を楽しく、グループで続けていき、笑い声のたえないお教室です。昔やったお手玉風やタオルでの体力作りなど、とても楽しいです。月2回は、歌声サークル、着付教室等やってます。,"月4回金曜10:00～11::00
すっきり体操
月2回11:00～11:30
歌の会（唱歌童謡）",有償,シニアサポートセンター　リバティハウス,048-875-3111,35.88001,139.67191
頭と体のすっきり体操クラブ,イリーゼ浦和道祖土,さいたま市緑区道祖土2-12-15,体操教室,100歳まで元気にしている為に継続は力なりです。運動しながら考えることにより運動機能上達し、認知機能の低下予防を楽しく、グループで続けていき、笑い声のたえないお教室です。昔やったお手玉風やタオルでの体力作りなど、とても楽しいです。月2回は、歌声サークル、着付教室等やってます。,"月4回金曜10:00～11::00
すっきり体操
月2回11:00～11:30
歌の会（唱歌童謡）",有償,シニアサポートセンター　リバティハウス,048-875-3111,35.88001,139.67191
こみに亭ひだまり,イリーゼ浦和道祖土,さいたま市緑区道祖土2-12-15,サロン・茶話会,"椅子に座ったままでチューブを使っての運動、なつかしい歌や童謡を歌ったり聞いたり、頭の体操等、楽しく健康寿命を伸ばすことを
意識しての居場所作り。",毎月第1月曜10:00～11:30,有償,シニアサポートセンター　リバティハウス,048-875-3111,35.8802322831634,139.671876696514
こみに亭ひだまり,イリーゼ浦和道祖土,さいたま市緑区道祖土2-12-15,音楽（歌唱・演奏）,"椅子に座ったままでチューブを使っての運動、なつかしい歌や童謡を歌ったり聞いたり、頭の体操等、楽しく健康寿命を伸ばすことを
意識しての居場所作り。",毎月第1月曜10:00～11:30,有償,シニアサポートセンター　リバティハウス,048-875-3111,35.8802322831634,139.671876696514
こみに亭ひだまり,イリーゼ浦和道祖土,さいたま市緑区道祖土2-12-15,介護予防教室,"椅子に座ったままでチューブを使っての運動、なつかしい歌や童謡を歌ったり聞いたり、頭の体操等、楽しく健康寿命を伸ばすことを
意識しての居場所作り。",毎月第1月曜10:00～11:30,有償,シニアサポートセンター　リバティハウス,048-875-3111,35.8802322831634,139.671876696514
浦和東部地区元気アップネットワーク,浦和スポーツクラブ,さいたま市浦和区領家4丁目5番6号,サロン・茶話会,"元気アップサロン、うらわカフェ：「軽体操＋レク＋おしゃべり＋唱歌を唄う」を通じて①生きがいづくり（仲間づくり）②介護予防③学習④閉じこもり防止を目指しています。
【対象地区：主に浦和区東部圏域】
みんなの学校：「共に楽しく、学び合う」を目指して、①学びの場②サークル活動③イベント④地域団体とのネットワークづくりを行います。",元気アップサロン：週1回10:00～11:30、うらわカフェ：隔月1回10:00～、みんなの学校：随時,有償,浦和東部地区元気アップネットワーク,048-886-4895,35.88048755,139.65410533
浦和東部地区元気アップネットワーク,浦和スポーツクラブ,さいたま市浦和区領家4丁目5番6号,運動・スポーツ,"元気アップサロン、うらわカフェ：「軽体操＋レク＋おしゃべり＋唱歌を唄う」を通じて①生きがいづくり（仲間づくり）②介護予防③学習④閉じこもり防止を目指しています。
【対象地区：主に浦和区東部圏域】
みんなの学校：「共に楽しく、学び合う」を目指して、①学びの場②サークル活動③イベント④地域団体とのネットワークづくりを行います。",元気アップサロン：週1回10:00～11:30、うらわカフェ：隔月1回10:00～、みんなの学校：随時,有償,浦和東部地区元気アップネットワーク,048-886-4895,35.88048755,139.65410533
シニアサッカー、シニアテニス、シニア筋トレ、シニアヨガ、太極拳、ノルディック・ウォーキング,浦和スポーツクラブ,さいたま市浦和区領家4丁目5番6号,運動・スポーツ,「仲間と顔をあわせて、体を動かして、健康に、元気に、美しく、上手に、強くなる。」家族と、友達と、もちろん一人でも、幾つからでも参加できます。自分たちによる、自分たちのための地域のクラブです。,週１回,有償,浦和スポーツクラブ,048-887-7140,35.88048755,139.65410533
浦和東部地区元気アップネットワーク,浦和スポーツクラブ,さいたま市浦和区領家4丁目5番6号,音楽（歌唱・演奏）,"元気アップサロン、うらわカフェ：「軽体操＋レク＋おしゃべり＋唱歌を唄う」を通じて①生きがいづくり（仲間づくり）②介護予防③学習④閉じこもり防止を目指しています。
【対象地区：主に浦和区東部圏域】
みんなの学校：「共に楽しく、学び合う」を目指して、①学びの場②サークル活動③イベント④地域団体とのネットワークづくりを行います。",元気アップサロン：週1回10:00～11:30、うらわカフェ：隔月1回10:00～、みんなの学校：随時,有償,浦和東部地区元気アップネットワーク,048-886-4895,35.88048755,139.65410533
浦和東部地区元気アップネットワーク,浦和スポーツクラブ,さいたま市浦和区領家4丁目5番6号,介護予防教室,"元気アップサロン、うらわカフェ：「軽体操＋レク＋おしゃべり＋唱歌を唄う」を通じて①生きがいづくり（仲間づくり）②介護予防③学習④閉じこもり防止を目指しています。
【対象地区：主に浦和区東部圏域】
みんなの学校：「共に楽しく、学び合う」を目指して、①学びの場②サークル活動③イベント④地域団体とのネットワークづくりを行います。",元気アップサロン：週1回10:00～11:30、うらわカフェ：隔月1回10:00～、みんなの学校：随時,有償,浦和東部地区元気アップネットワーク,048-886-4895,35.88048755,139.65410533
シニアサッカー、シニアテニス、シニア筋トレ、シニアヨガ、太極拳、ノルディック・ウォーキング,浦和スポーツクラブ,さいたま市浦和区領家4丁目5番6号,介護予防教室,「仲間と顔をあわせて、体を動かして、健康に、元気に、美しく、上手に、強くなる。」家族と、友達と、もちろん一人でも、幾つからでも参加できます。自分たちによる、自分たちのための地域のクラブです。,週１回,有償,浦和スポーツクラブ,048-887-7140,35.88048755,139.65410533
浦和東部地区元気アップネットワーク,浦和スポーツクラブ,さいたま市浦和区領家4丁目5番6号,住民主体の学習会,"元気アップサロン、うらわカフェ：「軽体操＋レク＋おしゃべり＋唱歌を唄う」を通じて①生きがいづくり（仲間づくり）②介護予防③学習④閉じこもり防止を目指しています。
【対象地区：主に浦和区東部圏域】
みんなの学校：「共に楽しく、学び合う」を目指して、①学びの場②サークル活動③イベント④地域団体とのネットワークづくりを行います。",元気アップサロン：週1回10:00～11:30、うらわカフェ：隔月1回10:00～、みんなの学校：随時,有償,浦和東部地区元気アップネットワーク,048-886-4895,35.88048755,139.65410533
浦和東部地区元気アップネットワーク,浦和スポーツクラブ,さいたま市浦和区領家4丁目5番6号,体操教室,"元気アップサロン、うらわカフェ：「軽体操＋レク＋おしゃべり＋唱歌を唄う」を通じて①生きがいづくり（仲間づくり）②介護予防③学習④閉じこもり防止を目指しています。
【対象地区：主に浦和区東部圏域】
みんなの学校：「共に楽しく、学び合う」を目指して、①学びの場②サークル活動③イベント④地域団体とのネットワークづくりを行います。",元気アップサロン：週1回10:00～11:30、うらわカフェ：隔月1回10:00～、みんなの学校：随時,有償,浦和東部地区元気アップネットワーク,048-886-4895,35.88048755,139.65410533
シニアサッカー、シニアテニス、シニア筋トレ、シニアヨガ、太極拳、ノルディック・ウォーキング,浦和スポーツクラブ,さいたま市浦和区領家4丁目5番6号,体操教室,「仲間と顔をあわせて、体を動かして、健康に、元気に、美しく、上手に、強くなる。」家族と、友達と、もちろん一人でも、幾つからでも参加できます。自分たちによる、自分たちのための地域のクラブです。,週１回,有償,浦和スポーツクラブ,048-887-7140,35.88048755,139.65410533
みなみ会,大門南自治会館,さいたま市緑区大門1291,介護予防教室,"百歳体操
大門南自治会の方",第１火曜日　第２・第３水曜日　第４金曜日　10:00～11:00,無償,シニアサポートセンター　リバティハウス,048-875-3111,35.88085,139.73471
すこやか未来,コープ野村浦和自治会集会室,さいたま市浦和区針ヶ谷4丁目7番33号,サロン・茶話会,"マンション居住の高齢者の親睦を目的とした活動を行っています。
【参加条件：コープ野村浦和在住の方】",随時,無償,シニアサポートセンター ジェイコー埼玉,048-834-3782,35.88106494,139.63959547
すこやか未来,コープ野村浦和自治会集会室,さいたま市浦和区針ヶ谷4丁目7番33号,音楽（歌唱・演奏）,"マンション居住の高齢者の親睦を目的とした活動を行っています。
【参加条件：コープ野村浦和在住の方】",随時,無償,シニアサポートセンター ジェイコー埼玉,048-834-3782,35.88106494,139.63959547
すこやか未来,コープ野村浦和自治会集会室,さいたま市浦和区針ヶ谷4丁目7番33号,絵画・書道,"マンション居住の高齢者の親睦を目的とした活動を行っています。
【参加条件：コープ野村浦和在住の方】",随時,無償,シニアサポートセンター ジェイコー埼玉,048-834-3782,35.88106494,139.63959547
大東de100歳,大東公民館,さいたま市浦和区大東2丁目13番16号,介護予防教室,いきいき百歳体操を行っています。,毎月第2・4火曜日,無償,シニアサポートセンタースマイルハウス浦和,048-813-7710,35.8812,139.66282
こんどうさんち,近藤さんち,さいたま市浦和区針ヶ谷2丁目10番5号,サロン・茶話会,週2回おにぎりカフェを開催しています。また、レンタルスペースとしてお貸ししています。,おにぎりカフェ：週2回（月・火）11:30～15:00,有償,シニアサポートセンター かさい医院,048-823-3031,35.88143719,139.64279241
こんどうさんち,近藤さんち,さいたま市浦和区針ヶ谷2丁目10番5号,絵画・書道,週2回おにぎりカフェを開催しています。また、レンタルスペースとしてお貸ししています。,おにぎりカフェ：週2回（月・火）11:30～15:00,有償,シニアサポートセンター かさい医院,048-823-3031,35.88143719,139.64279241
こんどうさんち,近藤さんち,さいたま市浦和区針ヶ谷2丁目10番5号,公開講座,週2回おにぎりカフェを開催しています。また、レンタルスペースとしてお貸ししています。,おにぎりカフェ：週2回（月・火）11:30～15:00,有償,シニアサポートセンター かさい医院,048-823-3031,35.88143719,139.64279241
こんどうさんち,近藤さんち,さいたま市浦和区針ヶ谷2丁目10番5号,場所の提供,週2回おにぎりカフェを開催しています。また、レンタルスペースとしてお貸ししています。,おにぎりカフェ：週2回（月・火）11:30～15:00,有償,シニアサポートセンター かさい医院,048-823-3031,35.88143719,139.64279241
芝原　ふれあいサロン,芝原区画整理記念会館,さいたま市緑区芝原3-15-8,サロン・茶話会,介護予防や仲間作り　生きがいづくり　さらに交流の輪を広げ　地域のつながりを強めることを目的とし　芝原自治協力会が主体となって開催。お茶を飲みながらおしゃべりやゲーム等をします。芝原自治会を中心に近隣地区が対象。,毎月第１　金曜日　10:00～12:00（１月と８月お休み）,無償,三室地区社会福祉協議会,048-826-6250,35.88152,139.69396
芝原　ふれあいサロン,芝原区画整理記念会館,さいたま市緑区芝原3-15-8,会食会,介護予防や仲間作り　生きがいづくり　さらに交流の輪を広げ　地域のつながりを強めることを目的とし　芝原自治協力会が主体となって開催。お茶を飲みながらおしゃべりやゲーム等をします。芝原自治会を中心に近隣地区が対象。,毎月第１　金曜日　10:00～12:00（１月と８月お休み）,無償,三室地区社会福祉協議会,048-826-6250,35.88152,139.69396
地福院運動倶楽部,地福院,さいたま市緑区芝原2丁目14番-1,運動・スポーツ,いきいき百歳体操をグループで実施。,毎週月曜日　10:00～11:00,無償,シニアサポートセンター　リバティハウス,048-875-3111,35.88152,139.69396
地福院運動倶楽部,地福院,さいたま市緑区芝原2丁目14番-1,介護予防教室,いきいき百歳体操をグループで実施。,毎週月曜日　10:00～11:00,無償,シニアサポートセンター　リバティハウス,048-875-3111,35.88152,139.69396
みんなの夢ハウス,みんなの夢ハウス,さいたま市浦和区針ヶ谷4丁目4番14号,サロン・茶話会,倶楽部活動（手仕事、編物、園芸、俳句、健康麻雀、グランドゴルフ）といきいき体操、まちの保健室を行っています。スマホカフェやプチマルシェ、おもちゃ図書館も開催,"毎週木・金・土曜日
10：30～16:00",有償,みんなの夢ハウス代表,070-8932-3510,35.8817454038836,139.637696326968
みんなの夢ハウス,みんなの夢ハウス,さいたま市浦和区針ヶ谷4丁目4番14号,運動・スポーツ,倶楽部活動（手仕事、編物、園芸、俳句、健康麻雀、グランドゴルフ）といきいき体操、まちの保健室を行っています。スマホカフェやプチマルシェ、おもちゃ図書館も開催,"毎週木・金・土曜日
10：30～16:00",有償,みんなの夢ハウス代表,070-8932-3510,35.8817454038836,139.637696326968
みんなの夢ハウス,みんなの夢ハウス,さいたま市浦和区針ヶ谷4丁目4番14号,音楽（歌唱・演奏）,倶楽部活動（手仕事、編物、園芸、俳句、健康麻雀、グランドゴルフ）といきいき体操、まちの保健室を行っています。スマホカフェやプチマルシェ、おもちゃ図書館も開催,"毎週木・金・土曜日
10：30～16:00",有償,みんなの夢ハウス代表,070-8932-3510,35.8817454038836,139.637696326968
みんなの夢ハウス,みんなの夢ハウス,さいたま市浦和区針ヶ谷4丁目4番14号,介護予防教室,倶楽部活動（手仕事、編物、園芸、俳句、健康麻雀、グランドゴルフ）といきいき体操、まちの保健室を行っています。スマホカフェやプチマルシェ、おもちゃ図書館も開催,"毎週木・金・土曜日
10：30～16:00",有償,みんなの夢ハウス代表,070-8932-3510,35.8817454038836,139.637696326968
みんなの夢ハウス,みんなの夢ハウス,さいたま市浦和区針ヶ谷4丁目4番14号,健康麻雀・囲碁・将棋,倶楽部活動（手仕事、編物、園芸、俳句、健康麻雀、グランドゴルフ）といきいき体操、まちの保健室を行っています。スマホカフェやプチマルシェ、おもちゃ図書館も開催,"毎週木・金・土曜日
10：30～16:00",有償,みんなの夢ハウス代表,070-8932-3510,35.8817454038836,139.637696326968
みんなの夢ハウス,みんなの夢ハウス,さいたま市浦和区針ヶ谷4丁目4番14号,交流その他,倶楽部活動（手仕事、編物、園芸、俳句、健康麻雀、グランドゴルフ）といきいき体操、まちの保健室を行っています。スマホカフェやプチマルシェ、おもちゃ図書館も開催,"毎週木・金・土曜日
10：30～16:00",有償,みんなの夢ハウス代表,070-8932-3510,35.8817454038836,139.637696326968
みんなの夢ハウス,みんなの夢ハウス,さいたま市浦和区針ヶ谷4丁目4番14号,公開講座,倶楽部活動（手仕事、編物、園芸、俳句、健康麻雀、グランドゴルフ）といきいき体操、まちの保健室を行っています。スマホカフェやプチマルシェ、おもちゃ図書館も開催,"毎週木・金・土曜日
10：30～16:00",有償,みんなの夢ハウス代表,070-8932-3510,35.8817454038836,139.637696326968
みんなの夢ハウス,みんなの夢ハウス,さいたま市浦和区針ヶ谷4丁目4番14号,手芸,倶楽部活動（手仕事、編物、園芸、俳句、健康麻雀、グランドゴルフ）といきいき体操、まちの保健室を行っています。スマホカフェやプチマルシェ、おもちゃ図書館も開催,"毎週木・金・土曜日
10：30～16:00",有償,みんなの夢ハウス代表,070-8932-3510,35.8817454038836,139.637696326968
みんなの夢ハウス,みんなの夢ハウス,さいたま市浦和区針ヶ谷4丁目4番14号,住民主体の学習会,倶楽部活動（手仕事、編物、園芸、俳句、健康麻雀、グランドゴルフ）といきいき体操、まちの保健室を行っています。スマホカフェやプチマルシェ、おもちゃ図書館も開催,"毎週木・金・土曜日
10：30～16:00",有償,みんなの夢ハウス代表,070-8932-3510,35.8817454038836,139.637696326968
みんなの夢ハウス,みんなの夢ハウス,さいたま市浦和区針ヶ谷4丁目4番14号,場所の提供,倶楽部活動（手仕事、編物、園芸、俳句、健康麻雀、グランドゴルフ）といきいき体操、まちの保健室を行っています。スマホカフェやプチマルシェ、おもちゃ図書館も開催,"毎週木・金・土曜日
10：30～16:00",有償,みんなの夢ハウス代表,070-8932-3510,35.8817454038836,139.637696326968
みんなの夢ハウス,みんなの夢ハウス,さいたま市浦和区針ヶ谷4丁目4番14号,体操教室,倶楽部活動（手仕事、編物、園芸、俳句、健康麻雀、グランドゴルフ）といきいき体操、まちの保健室を行っています。スマホカフェやプチマルシェ、おもちゃ図書館も開催,"毎週木・金・土曜日
10：30～16:00",有償,みんなの夢ハウス代表,070-8932-3510,35.8817454038836,139.637696326968
針小100歳体操クラブ,針ヶ谷小学校すこやか広場,さいたま市浦和区領家7丁目2番1号,介護予防教室,針ヶ谷小学校の敷地を利用して屋外でいきいき百歳体操を実施しています。,"月2回（第1,3,5木曜日)
13:15～
※7,8月、雨天中止",無償,シニアサポートセンタースマイルハウス浦和,048-813-7710,35.88187439,139.64879077
本気の介護予防の運動教室,大東自治会館,"さいたま市,浦和区,大東1丁目9番13号",介護予防教室,"身体能力の向上を本気で目指す運動教室です。
筋力・バランス・歩行の強化を目指します。","週1回　火曜日
10:00～12:00",有償,シニアサポートセンタースマイルハウス浦和,048-813-7710,35.8818945404277,139.658626382674
さわやか,領家公民館,さいたま市浦和区領家4丁目21番21号,体操教室,健康維持のためのヨガ教室,"月2回　木曜日
10:00～",有償,シニアサポートセンタースマイルハウス浦和,048-813-7710,35.881946843386,139.653761605328
セブンイレブン　領家店,セブンイレブン領家店,さいたま市浦和区領家4丁目13番6号,配達サービス・移動販売,"セブンミールのお弁当、お食事のお届けサービス。
店舗受取…1日2回まで
お届け…お届け料220円（税込）。ご利用金額1000円（税抜）以上からお届け承ります。3000円（税抜）以上ならお届け料無料。（2022年1月9日で新規会員受付は終了となりました）",随時,有償,セブンイレブン　領家店,048-886-8646,35.88202348,139.65449415
領家4むつみ会,領家公民館,さいたま市浦和区領家4丁目２１番２０号,サロン・茶話会,領家4丁目在住の60歳以上の方を主体にした老人クラブです。茶話会・会食会・カラオケ・旅行等、月1回活動をしています。コロナ禍集合が難しい場合には、月1回お手紙+脳トレを出しています。,月1回,有償,シニアサポートセンタースマイルハウス浦和,048-813-7710,35.88206,139.65372
浦和東部地区元気アップネットワーク,領家公民館,さいたま市浦和区領家4丁目21番21号,サロン・茶話会,"元気アップサロン、うらわカフェ：「軽体操＋レク＋おしゃべり＋唱歌を唄う」を通じて①生きがいづくり（仲間づくり）②介護予防③学習④閉じこもり防止を目指しています。
【対象地区：主に浦和区東部圏域】
みんなの学校：「共に楽しく、学び合う」を目指して、①学びの場②サークル活動③イベント④地域団体とのネットワークづくりを行います。",元気アップサロン：週1回10:00～11:30、うらわカフェ：隔月1回10:00～、みんなの学校：随時,有償,浦和東部地区元気アップネットワーク,048-886-4895,35.88206,139.65372
浦和東部地区元気アップネットワーク,領家公民館,さいたま市浦和区領家4丁目21番21号,運動・スポーツ,"元気アップサロン、うらわカフェ：「軽体操＋レク＋おしゃべり＋唱歌を唄う」を通じて①生きがいづくり（仲間づくり）②介護予防③学習④閉じこもり防止を目指しています。
【対象地区：主に浦和区東部圏域】
みんなの学校：「共に楽しく、学び合う」を目指して、①学びの場②サークル活動③イベント④地域団体とのネットワークづくりを行います。",元気アップサロン：週1回10:00～11:30、うらわカフェ：隔月1回10:00～、みんなの学校：随時,有償,浦和東部地区元気アップネットワーク,048-886-4895,35.88206,139.65372
領家4むつみ会,領家公民館,さいたま市浦和区領家4丁目２１番２０号,音楽（歌唱・演奏）,領家4丁目在住の60歳以上の方を主体にした老人クラブです。茶話会・会食会・カラオケ・旅行等、月1回活動をしています。コロナ禍集合が難しい場合には、月1回お手紙+脳トレを出しています。,月1回,有償,シニアサポートセンタースマイルハウス浦和,048-813-7710,35.88206,139.65372
浦和東部地区元気アップネットワーク,領家公民館,さいたま市浦和区領家4丁目21番21号,音楽（歌唱・演奏）,"元気アップサロン、うらわカフェ：「軽体操＋レク＋おしゃべり＋唱歌を唄う」を通じて①生きがいづくり（仲間づくり）②介護予防③学習④閉じこもり防止を目指しています。
【対象地区：主に浦和区東部圏域】
みんなの学校：「共に楽しく、学び合う」を目指して、①学びの場②サークル活動③イベント④地域団体とのネットワークづくりを行います。",元気アップサロン：週1回10:00～11:30、うらわカフェ：隔月1回10:00～、みんなの学校：随時,有償,浦和東部地区元気アップネットワーク,048-886-4895,35.88206,139.65372
浦和区北部第二地区社会福祉協議会,領家公民館,さいたま市浦和区領家４丁目２１番２０号,音楽（歌唱・演奏）,健康・福祉講座、音楽鑑賞等を行っています。,年1回,無償,シニアサポートセンタースマイルハウス浦和,048-813-7710,35.88206,139.65372
浦和東部地区元気アップネットワーク,領家公民館,さいたま市浦和区領家4丁目21番21号,介護予防教室,"元気アップサロン、うらわカフェ：「軽体操＋レク＋おしゃべり＋唱歌を唄う」を通じて①生きがいづくり（仲間づくり）②介護予防③学習④閉じこもり防止を目指しています。
【対象地区：主に浦和区東部圏域】
みんなの学校：「共に楽しく、学び合う」を目指して、①学びの場②サークル活動③イベント④地域団体とのネットワークづくりを行います。",元気アップサロン：週1回10:00～11:30、うらわカフェ：隔月1回10:00～、みんなの学校：随時,有償,浦和東部地区元気アップネットワーク,048-886-4895,35.88206,139.65372
領家100歳クラブ,領家公民館,さいたま市浦和区領家4丁目21番20号,介護予防教室,いきいき百歳体操を行っています。,毎週火曜日,無償,シニアサポートセンタースマイルハウス浦和,048-813-7710,35.88206,139.65372
領家4むつみ会,領家公民館,さいたま市浦和区領家4丁目２１番２０号,会食会,領家4丁目在住の60歳以上の方を主体にした老人クラブです。茶話会・会食会・カラオケ・旅行等、月1回活動をしています。コロナ禍集合が難しい場合には、月1回お手紙+脳トレを出しています。,月1回,有償,シニアサポートセンタースマイルハウス浦和,048-813-7710,35.88206,139.65372
浦和区北部第二地区社会福祉協議会,領家公民館,さいたま市浦和区領家４丁目２１番２０号,公開講座,健康・福祉講座、音楽鑑賞等を行っています。,年1回,無償,シニアサポートセンタースマイルハウス浦和,048-813-7710,35.88206,139.65372
領家介護を考える会,領家公民館,さいたま市浦和区領家4丁目21番20号,公開講座,介護保険制度がスタートした2000年に設立され、「地域における介護や医療問題を共に考え、共に支え合う」をモットーに活動している市民グループです。,年3～4回,有償,シニアサポートセンタースマイルハウス浦和,048-813-7710,35.88206,139.65372
浦和東部地区元気アップネットワーク,領家公民館,さいたま市浦和区領家4丁目21番21号,住民主体の学習会,"元気アップサロン、うらわカフェ：「軽体操＋レク＋おしゃべり＋唱歌を唄う」を通じて①生きがいづくり（仲間づくり）②介護予防③学習④閉じこもり防止を目指しています。
【対象地区：主に浦和区東部圏域】
みんなの学校：「共に楽しく、学び合う」を目指して、①学びの場②サークル活動③イベント④地域団体とのネットワークづくりを行います。",元気アップサロン：週1回10:00～11:30、うらわカフェ：隔月1回10:00～、みんなの学校：随時,有償,浦和東部地区元気アップネットワーク,048-886-4895,35.88206,139.65372
浦和区北部第二地区社会福祉協議会,領家公民館,さいたま市浦和区領家４丁目２１番２０号,住民主体の学習会,健康・福祉講座、音楽鑑賞等を行っています。,年1回,無償,シニアサポートセンタースマイルハウス浦和,048-813-7710,35.88206,139.65372
領家介護を考える会,領家公民館,さいたま市浦和区領家4丁目21番20号,住民主体の学習会,介護保険制度がスタートした2000年に設立され、「地域における介護や医療問題を共に考え、共に支え合う」をモットーに活動している市民グループです。,年3～4回,有償,シニアサポートセンタースマイルハウス浦和,048-813-7710,35.88206,139.65372
浦和東部地区元気アップネットワーク,領家公民館,さいたま市浦和区領家4丁目21番21号,体操教室,"元気アップサロン、うらわカフェ：「軽体操＋レク＋おしゃべり＋唱歌を唄う」を通じて①生きがいづくり（仲間づくり）②介護予防③学習④閉じこもり防止を目指しています。
【対象地区：主に浦和区東部圏域】
みんなの学校：「共に楽しく、学び合う」を目指して、①学びの場②サークル活動③イベント④地域団体とのネットワークづくりを行います。",元気アップサロン：週1回10:00～11:30、うらわカフェ：隔月1回10:00～、みんなの学校：随時,有償,浦和東部地区元気アップネットワーク,048-886-4895,35.88206,139.65372
領家四丁目自治協力会,領家公民館,さいたま市浦和区領家４丁目２１番２０号,防犯パトロール,"毎月第1・3土曜日の19時30分から、町内を防火・防犯パトロールしています。
【対象地区：領家四丁目】","月2回(第1,3土曜日)
19:30～",無償,シニアサポートセンタースマイルハウス浦和,048-813-7710,35.88206,139.65372
すみれ会,与野本町デイサービスセンター3階,埼玉県さいたま市中央区本町東4-7-20,サロン・茶話会,いきいき百歳体操で介護予防の為の体力作り、茶話会では会話して笑って心もリフレッシュしております。,"毎週火曜日
10：00～11：30",無償,ナーシングヴィラ与野,048-859-5375,35.8820894,139.61939431
すみれ会,与野本町デイサービスセンター3階,埼玉県さいたま市中央区本町東4-7-20,介護予防教室,いきいき百歳体操で介護予防の為の体力作り、茶話会では会話して笑って心もリフレッシュしております。,"毎週火曜日
10：00～11：30",無償,ナーシングヴィラ与野,048-859-5375,35.8820894,139.61939431
いきいき本町,与野本町デイサービスセンター3階,埼玉県さいたま市中央区本町東4-7-20,介護予防教室,百歳体操を中心に行っています。コグニサイズなども今後取り入れていきます。,"毎週金曜日
14:00～16:00",有償,ナーシングヴィラ与野,859-5375,35.8820894,139.61939431
桜丘いきいきサロン,西与野コミュニティホール,埼玉県さいたま市中央区桜丘2-6-28,サロン・茶話会,"いきいき百歳体操
対象者・対象地区：制限なし","毎週水曜日
13:30～15:30",有償,ナーシングヴィラ与野,048-859-5375,35.8821591569886,139.614928461928
桜丘いきいきサロン,西与野コミュニティホール,埼玉県さいたま市中央区桜丘2-6-28,介護予防教室,"いきいき百歳体操
対象者・対象地区：制限なし","毎週水曜日
13:30～15:30",有償,ナーシングヴィラ与野,048-859-5375,35.8821591569886,139.614928461928
桜丘サロン,西与野コミュニティホール,埼玉県さいたま市中央区桜丘2-6-28,サロン・茶話会,いつまでも元気でいきいきと暮らすために「誰もが気軽に立ち寄れる集いの場づくり、仲間づくり、心強い繋がりができる。,"毎月第2土曜日
13：00～17：00",有償,ナーシングヴィラ与野,048-859-5375,35.88236,139.6152
桜丘サロン,西与野コミュニティホール,埼玉県さいたま市中央区桜丘2-6-28,その他活動,いつまでも元気でいきいきと暮らすために「誰もが気軽に立ち寄れる集いの場づくり、仲間づくり、心強い繋がりができる。,"毎月第2土曜日
13：00～17：00",有償,ナーシングヴィラ与野,048-859-5375,35.88236,139.6152
桜丘サロン,西与野コミュニティホール,埼玉県さいたま市中央区桜丘2-6-28,安否確認,いつまでも元気でいきいきと暮らすために「誰もが気軽に立ち寄れる集いの場づくり、仲間づくり、心強い繋がりができる。,"毎月第2土曜日
13：00～17：00",有償,ナーシングヴィラ与野,048-859-5375,35.88236,139.6152
桜丘サロン,西与野コミュニティホール,埼玉県さいたま市中央区桜丘2-6-28,音楽（歌唱・演奏）,いつまでも元気でいきいきと暮らすために「誰もが気軽に立ち寄れる集いの場づくり、仲間づくり、心強い繋がりができる。,"毎月第2土曜日
13：00～17：00",有償,ナーシングヴィラ与野,048-859-5375,35.88236,139.6152
桜寿会,西与野コミュニティホール,埼玉県さいたま市中央区桜丘2-6-28,介護予防教室,老人会・誕生会・グラウンドゴルフ会・いきいき歩こう会・囲碁将棋・カラオケ,年1回総会及び各クラブ活動,有償,ナーシングヴィラ与野,048-859-5375,35.88236,139.6152
桜寿会,西与野コミュニティホール,埼玉県さいたま市中央区桜丘2-6-28,会食会,老人会・誕生会・グラウンドゴルフ会・いきいき歩こう会・囲碁将棋・カラオケ,年1回総会及び各クラブ活動,有償,ナーシングヴィラ与野,048-859-5375,35.88236,139.6152
桜丘サロン,西与野コミュニティホール,埼玉県さいたま市中央区桜丘2-6-28,環境美化・清掃,いつまでも元気でいきいきと暮らすために「誰もが気軽に立ち寄れる集いの場づくり、仲間づくり、心強い繋がりができる。,"毎月第2土曜日
13：00～17：00",有償,ナーシングヴィラ与野,048-859-5375,35.88236,139.6152
いきいき歩こう会,西与野コミュニティホール,埼玉県さいたま市中央区桜丘2-6-28,環境美化・清掃,"毎週火曜日9：00～10：30　与野公園ウォーキング
毎週金曜日9：30～11：00　西与野コミュニティホール
百歳体操とボッチャゲーム等","毎週火曜日9：00～10：30　
毎週金曜日9：30～11：00　",有償,ナーシングヴィラ与野,048-859-5375,35.88236,139.6152
桜寿会,西与野コミュニティホール,埼玉県さいたま市中央区桜丘2-6-28,健康麻雀・囲碁・将棋,老人会・誕生会・グラウンドゴルフ会・いきいき歩こう会・囲碁将棋・カラオケ,年1回総会及び各クラブ活動,有償,ナーシングヴィラ与野,048-859-5375,35.88236,139.6152
桜寿会,西与野コミュニティホール,埼玉県さいたま市中央区桜丘2-6-28,交流その他,老人会・誕生会・グラウンドゴルフ会・いきいき歩こう会・囲碁将棋・カラオケ,年1回総会及び各クラブ活動,有償,ナーシングヴィラ与野,048-859-5375,35.88236,139.6152
桜丘サロン,西与野コミュニティホール,埼玉県さいたま市中央区桜丘2-6-28,交流その他,いつまでも元気でいきいきと暮らすために「誰もが気軽に立ち寄れる集いの場づくり、仲間づくり、心強い繋がりができる。,"毎月第2土曜日
13：00～17：00",有償,ナーシングヴィラ与野,048-859-5375,35.88236,139.6152
桜寿会,西与野コミュニティホール,埼玉県さいたま市中央区桜丘2-6-28,公開講座,老人会・誕生会・グラウンドゴルフ会・いきいき歩こう会・囲碁将棋・カラオケ,年1回総会及び各クラブ活動,有償,ナーシングヴィラ与野,048-859-5375,35.88236,139.6152
桜丘サロン,西与野コミュニティホール,埼玉県さいたま市中央区桜丘2-6-28,公開講座,いつまでも元気でいきいきと暮らすために「誰もが気軽に立ち寄れる集いの場づくり、仲間づくり、心強い繋がりができる。,"毎月第2土曜日
13：00～17：00",有償,ナーシングヴィラ与野,048-859-5375,35.88236,139.6152
桜寿会,西与野コミュニティホール,埼玉県さいたま市中央区桜丘2-6-28,住民主体の学習会,老人会・誕生会・グラウンドゴルフ会・いきいき歩こう会・囲碁将棋・カラオケ,年1回総会及び各クラブ活動,有償,ナーシングヴィラ与野,048-859-5375,35.88236,139.6152
桜丘サロン,西与野コミュニティホール,埼玉県さいたま市中央区桜丘2-6-28,住民主体の学習会,いつまでも元気でいきいきと暮らすために「誰もが気軽に立ち寄れる集いの場づくり、仲間づくり、心強い繋がりができる。,"毎月第2土曜日
13：00～17：00",有償,ナーシングヴィラ与野,048-859-5375,35.88236,139.6152
桜丘サロン,西与野コミュニティホール,埼玉県さいたま市中央区桜丘2-6-28,場所の提供,いつまでも元気でいきいきと暮らすために「誰もが気軽に立ち寄れる集いの場づくり、仲間づくり、心強い繋がりができる。,"毎月第2土曜日
13：00～17：00",有償,ナーシングヴィラ与野,048-859-5375,35.88236,139.6152
いきいき歩こう会,西与野コミュニティホール,埼玉県さいたま市中央区桜丘2-6-28,体操教室,"毎週火曜日9：00～10：30　与野公園ウォーキング
毎週金曜日9：30～11：00　西与野コミュニティホール
百歳体操とボッチャゲーム等","毎週火曜日9：00～10：30　
毎週金曜日9：30～11：00　",有償,ナーシングヴィラ与野,048-859-5375,35.88236,139.6152
てくてく会,針ヶ谷3丁目児童公園,さいたま市浦和区針ヶ谷3丁目3番,運動・スポーツ,毎朝6：30から地域の方が集まってラジオ体操をしています。健康維持が出来ると喜ばれています。,毎日（日曜日を除く）,無償,シニアサポートセンター かさい医院,048-823-3031,35.88244,139.64072
クローバー,大原陸橋下公園,さいたま市浦和区針ヶ谷3丁目3番,運動・スポーツ,ノルディックウォーキング、準備体操、ストレッチを行っています。,毎月第2・4火曜日13:00～14:00,無償,シニアサポートセンター かさい医院,048-823-3031,35.88244,139.64072
クローバー,大原陸橋下公園,さいたま市浦和区針ヶ谷3丁目3番,介護予防教室,ノルディックウォーキング、準備体操、ストレッチを行っています。,毎月第2・4火曜日13:00～14:00,無償,シニアサポートセンター かさい医院,048-823-3031,35.88244,139.64072
タンポポサークル,間宮自治会館,さいたま市緑区間宮642番地,音楽（歌唱・演奏）,"いきいき百歳体操、晴天の場合は庭でラジオ体操第1と第２、歌、タオルを使ってのボール遊び、健康管理に関する話、
地域散歩。参加対象は間宮地区の方。",毎週　火曜日　10:00～11:30,無償,シニアサポートセンター　リバティハウス,048-875-3111,35.88252713,139.72440742
タンポポサークル,間宮自治会館,さいたま市緑区間宮642番地,介護予防教室,"いきいき百歳体操、晴天の場合は庭でラジオ体操第1と第２、歌、タオルを使ってのボール遊び、健康管理に関する話、
地域散歩。参加対象は間宮地区の方。",毎週　火曜日　10:00～11:30,無償,シニアサポートセンター　リバティハウス,048-875-3111,35.88252713,139.72440742
タンポポサークル,間宮自治会館,さいたま市緑区間宮642番地,体操教室,"いきいき百歳体操、晴天の場合は庭でラジオ体操第1と第２、歌、タオルを使ってのボール遊び、健康管理に関する話、
地域散歩。参加対象は間宮地区の方。",毎週　火曜日　10:00～11:30,無償,シニアサポートセンター　リバティハウス,048-875-3111,35.88252713,139.72440742
針ヶ谷3丁目自治協力会,針ヶ谷自治会館,さいたま市浦和区針ヶ谷3丁目4番15号,サロン・茶話会,"夏祭りで住民との交流、防犯パトロール等で安否確認、ごみゼロ活動で環境美化・清掃を行っています。
【対象地区：針ヶ谷3丁目内】",随時,無償,シニアサポートセンター かさい医院,048-823-3031,35.8825426,139.64212022
針ヶ谷2丁目自治協力会,針ヶ谷自治会館,さいたま市浦和区針ヶ谷3丁目4番15号,その他活動,"防災活動、防犯活動、福祉親睦活動、環境衛生活動、その他年間を通して研修会やイベント等を行っています。
【対象地区：針ヶ谷2丁目内】",随時,無償,シニアサポートセンターかさい医院,048-823-3031,35.8825426,139.64212022
針ヶ谷2丁目自治協力会,針ヶ谷自治会館,さいたま市浦和区針ヶ谷3丁目4番15号,安否確認,"防災活動、防犯活動、福祉親睦活動、環境衛生活動、その他年間を通して研修会やイベント等を行っています。
【対象地区：針ヶ谷2丁目内】",随時,無償,シニアサポートセンターかさい医院,048-823-3031,35.8825426,139.64212022
針ヶ谷3丁目自治協力会,針ヶ谷自治会館,さいたま市浦和区針ヶ谷3丁目4番15号,介護予防教室,"夏祭りで住民との交流、防犯パトロール等で安否確認、ごみゼロ活動で環境美化・清掃を行っています。
【対象地区：針ヶ谷3丁目内】",随時,無償,シニアサポートセンター かさい医院,048-823-3031,35.8825426,139.64212022
いきいき百歳体操針ヶ谷クラブ,針ヶ谷自治会館,さいたま市浦和区針ヶ谷3丁目4番15号,介護予防教室,"ストレッチと重りを使った筋力向上運動（いきいき百歳体操）を行っています。
【参加条件：針ヶ谷１～4丁目自治会員】",毎週火曜日10:00～11:00,無償,シニアサポートセンター かさい医院,048-823-3031,35.8825426,139.64212022
針ヶ谷3丁目自治協力会,針ヶ谷自治会館,さいたま市浦和区針ヶ谷3丁目4番15号,環境美化・清掃,"夏祭りで住民との交流、防犯パトロール等で安否確認、ごみゼロ活動で環境美化・清掃を行っています。
【対象地区：針ヶ谷3丁目内】",随時,無償,シニアサポートセンター かさい医院,048-823-3031,35.8825426,139.64212022
針ヶ谷2丁目自治協力会,針ヶ谷自治会館,さいたま市浦和区針ヶ谷3丁目4番15号,環境美化・清掃,"防災活動、防犯活動、福祉親睦活動、環境衛生活動、その他年間を通して研修会やイベント等を行っています。
【対象地区：針ヶ谷2丁目内】",随時,無償,シニアサポートセンターかさい医院,048-823-3031,35.8825426,139.64212022
針ヶ谷3丁目自治協力会,針ヶ谷自治会館,さいたま市浦和区針ヶ谷3丁目4番15号,公開講座,"夏祭りで住民との交流、防犯パトロール等で安否確認、ごみゼロ活動で環境美化・清掃を行っています。
【対象地区：針ヶ谷3丁目内】",随時,無償,シニアサポートセンター かさい医院,048-823-3031,35.8825426,139.64212022
針ヶ谷3丁目自治協力会,針ヶ谷自治会館,さいたま市浦和区針ヶ谷3丁目4番15号,場所の提供,"夏祭りで住民との交流、防犯パトロール等で安否確認、ごみゼロ活動で環境美化・清掃を行っています。
【対象地区：針ヶ谷3丁目内】",随時,無償,シニアサポートセンター かさい医院,048-823-3031,35.8825426,139.64212022
針ヶ谷2丁目自治協力会,針ヶ谷自治会館,さいたま市浦和区針ヶ谷3丁目4番15号,防犯パトロール,"防災活動、防犯活動、福祉親睦活動、環境衛生活動、その他年間を通して研修会やイベント等を行っています。
【対象地区：針ヶ谷2丁目内】",随時,無償,シニアサポートセンターかさい医院,048-823-3031,35.8825426,139.64212022
針三寿楽会,針ヶ谷公民館,さいたま市浦和区針ヶ谷3丁目4番14号,安否確認,"旅行（春・秋）、慰安会、初詣会、カラオケ大会、道路の清掃除草などを行っています。
【参加条件：針ヶ谷地区にお住まいの会員の方】",随時、役員会は月2回,有償,シニアサポートセンター かさい医院,048-823-3031,35.8827398,139.64198134
針ヶ谷一丁目自治会,針ヶ谷公民館,さいたま市浦和区針ヶ谷3丁目4番14号,安否確認,"住民同士の連帯感を強め、安心で安全な町づくりを概念としています。親睦旅行、納涼大会、敬老会、新年会、もちつき大会、５自治会合同の夏祭り等を行っています。
【対象地区：針ヶ谷一丁目】",年1回,無償,シニアサポートセンター かさい医院,048-823-3031,35.8827398,139.64198134
針ヶ谷4丁目寿楽会,針ヶ谷公民館,さいたま市浦和区針ヶ谷3丁目4番14号,安否確認,"針ヶ谷公民館で60才以上の方と老人会の交流を行っています。
毎月誕生日の方にお花の鉢植えのプレゼント。プレゼントを届けながら健康確認【参加条件：針ヶ谷4丁目の方】",不定期。年2回（5・10月）は掃除,有償,シニアサポートセンター ジェイコー埼玉,048-834-3782,35.8827398,139.64198134
針三寿楽会,針ヶ谷公民館,さいたま市浦和区針ヶ谷3丁目4番14号,音楽（歌唱・演奏）,"旅行（春・秋）、慰安会、初詣会、カラオケ大会、道路の清掃除草などを行っています。
【参加条件：針ヶ谷地区にお住まいの会員の方】",随時、役員会は月2回,有償,シニアサポートセンター かさい医院,048-823-3031,35.8827398,139.64198134
みどり会,針ヶ谷公民館,さいたま市浦和区針ヶ谷3丁目4番14号,音楽（歌唱・演奏）,"計40名を招待して食事を手作りし、ふれあい会食を開催しています。講演（河西伸子氏）、歌唱、クイズ等で楽しんでいます。
【参加条件：針ヶ谷1丁目～4丁目にお住まいの70歳以上の方10名ずつ】",年6回（クリスマス・ひなまつり等）,無償,シニアサポートセンター かさい医院,048-823-3031,35.8827398,139.64198134
針ヶ谷4丁目寿楽会,針ヶ谷公民館,さいたま市浦和区針ヶ谷3丁目4番14号,音楽（歌唱・演奏）,"針ヶ谷公民館で60才以上の方と老人会の交流を行っています。
毎月誕生日の方にお花の鉢植えのプレゼント。プレゼントを届けながら健康確認【参加条件：針ヶ谷4丁目の方】",不定期。年2回（5・10月）は掃除,有償,シニアサポートセンター ジェイコー埼玉,048-834-3782,35.8827398,139.64198134
ハッピーメイト,針ヶ谷公民館,さいたま市浦和区針ヶ谷3丁目4番14号,介護予防教室,"ストレッチダンス・脳トレーニング等を組み合わせ心と身体をリフレッシュしていきいきして健康生活を過ごせる様楽しくレッスンしています。
【参加条件：女性限定】",月3回,有償,シニアサポートセンター かさい医院,048-823-3031,35.8827398,139.64198134
針ケ谷やよいクラブ,針ヶ谷公民館,さいたま市浦和区針ケ谷3丁目4番14号,介護予防教室,いきいき百歳体操クラブを行っています。,毎週金曜日14:00～15:30,無償,シニアサポートセンター かさい医院,048-823-3031,35.8827398,139.64198134
みどり会,針ヶ谷公民館,さいたま市浦和区針ヶ谷3丁目4番14号,会食会,"計40名を招待して食事を手作りし、ふれあい会食を開催しています。講演（河西伸子氏）、歌唱、クイズ等で楽しんでいます。
【参加条件：針ヶ谷1丁目～4丁目にお住まいの70歳以上の方10名ずつ】",年6回（クリスマス・ひなまつり等）,無償,シニアサポートセンター かさい医院,048-823-3031,35.8827398,139.64198134
針ヶ谷4丁目寿楽会,針ヶ谷公民館,さいたま市浦和区針ヶ谷3丁目4番14号,会食会,"針ヶ谷公民館で60才以上の方と老人会の交流を行っています。
毎月誕生日の方にお花の鉢植えのプレゼント。プレゼントを届けながら健康確認【参加条件：針ヶ谷4丁目の方】",不定期。年2回（5・10月）は掃除,有償,シニアサポートセンター ジェイコー埼玉,048-834-3782,35.8827398,139.64198134
ハッピーメイト,針ヶ谷公民館,さいたま市浦和区針ヶ谷3丁目4番14号,体操教室,"ストレッチダンス・脳トレーニング等を組み合わせ心と身体をリフレッシュしていきいきして健康生活を過ごせる様楽しくレッスンしています。
【参加条件：女性限定】",月3回,有償,シニアサポートセンター かさい医院,048-823-3031,35.8827398,139.64198134
針三寿楽会,針ヶ谷公民館,さいたま市浦和区針ヶ谷3丁目4番14号,話し相手・傾聴,"旅行（春・秋）、慰安会、初詣会、カラオケ大会、道路の清掃除草などを行っています。
【参加条件：針ヶ谷地区にお住まいの会員の方】",随時、役員会は月2回,有償,シニアサポートセンター かさい医院,048-823-3031,35.8827398,139.64198134
針ヶ谷4丁目寿楽会,針ヶ谷公民館,さいたま市浦和区針ヶ谷3丁目4番14号,話し相手・傾聴,"針ヶ谷公民館で60才以上の方と老人会の交流を行っています。
毎月誕生日の方にお花の鉢植えのプレゼント。プレゼントを届けながら健康確認【参加条件：針ヶ谷4丁目の方】",不定期。年2回（5・10月）は掃除,有償,シニアサポートセンター ジェイコー埼玉,048-834-3782,35.8827398,139.64198134
三室転倒予防教室,三室公民館,さいたま市緑区三室1946-5,運動・スポーツ,地域の高齢者の皆様の健康増進、介護予防のため、手軽にできる体操教室を開催させていただいてます。,毎月第2火曜13:30～14:30,無償,シニアサポートセンター　リバティハウス,048-875-3111,35.8831279483853,139.68157311213
シルバーピンポン,三室公民館,さいたま市緑区三室1946-5,運動・スポーツ,楽しく身体を動かしストレス解消。元気に卓球。おしゃべり、音楽を聞きながら活動しています。,"毎週金曜日
１３：００～１５：００",無償,シニアサポートセンター　リバティハウス,048-875-3111,35.8831279483853,139.68157311213
三室転倒予防教室,三室公民館,さいたま市緑区三室1946-5,介護予防教室,地域の高齢者の皆様の健康増進、介護予防のため、手軽にできる体操教室を開催させていただいてます。,毎月第2火曜13:30～14:30,無償,シニアサポートセンター　リバティハウス,048-875-3111,35.8831279483853,139.68157311213
三室転倒予防教室,三室公民館,さいたま市緑区三室1946-5,体操教室,地域の高齢者の皆様の健康増進、介護予防のため、手軽にできる体操教室を開催させていただいてます。,毎月第2火曜13:30～14:30,無償,シニアサポートセンター　リバティハウス,048-875-3111,35.8831279483853,139.68157311213
整美体操グループ,主に三室公民館,さいたま市緑区三室1946-5,会食会,柔軟、ストレッチを中心とした健康体操グループ。平均年齢は70代半ば。全員で会の運営を分担し、仲間作り、健康年齢がのびるよう楽しく汗をかいています。ウォーキング、お茶会等も行います。,"月3回水曜日10:00～
12:00",無償,シニアサポートセンター　リバティハウス,048-875-3111,35.8831279483853,139.68157311213
整美体操グループ,主に三室公民館,さいたま市緑区三室1946-5,体操教室,柔軟、ストレッチを中心とした健康体操グループ。平均年齢は70代半ば。全員で会の運営を分担し、仲間作り、健康年齢がのびるよう楽しく汗をかいています。ウォーキング、お茶会等も行います。,"月3回水曜日10:00～
12:00",無償,シニアサポートセンター　リバティハウス,048-875-3111,35.8831279483853,139.68157311213
百歳体操大東,大東公民館,"さいたま市,浦和区,大東2丁目13番16号",介護予防教室,いきいき百歳体操自主グループ,"月3回　水曜日
10：00～11：30",無償,シニアサポートセンタースマイルハウス浦和,048-813-7710,35.8833178336745,139.662652259432
大東ヨガサークル,大東公民館,"さいたま市,浦和区,大東2丁目13番16号",交流その他,ヨガを中心にストレッチ、脳トレも行っています。,"月1回　第4火曜日
13:30～14:30",有償,シニアサポートセンタースマイルハウス浦和,048-813-7710,35.8833178336745,139.662652259432
百歳体操大東,大東公民館,"さいたま市,浦和区,大東2丁目13番16号",交流その他,いきいき百歳体操自主グループ,"月3回　水曜日
10：00～11：30",無償,シニアサポートセンタースマイルハウス浦和,048-813-7710,35.8833178336745,139.662652259432
大東ヨガサークル,大東公民館,"さいたま市,浦和区,大東2丁目13番16号",体操教室,ヨガを中心にストレッチ、脳トレも行っています。,"月1回　第4火曜日
13:30～14:30",有償,シニアサポートセンタースマイルハウス浦和,048-813-7710,35.8833178336745,139.662652259432
宿区　ふれあいサロン,宿区自治会館,さいたま市緑区三室1955,サロン・茶話会,宿区自治会主催のサロンは支援団体の協力を得て、毎回３０名の高齢者が集い、明るく楽しく約２時間、軽体操、ゲーム、茶話会を催し地域コミュニティの向上を図っています。対象は宿区自治会域です。,毎月第２　金曜日　13:30～15:30,無償,三室地区社会福祉協議会,048-826-6250,35.88333,139.68093
大東あさひ会,大東公民館,さいたま市浦和区大東2丁目13-16,サロン・茶話会,"大東地域の高齢者の親睦を目的として活動している老人クラブです。茶話会・軽体操・ゲームなどを行っています。
【参加条件：大東地区在住の60歳以上の方】",2か月に1回,有償,シニアサポートセンタースマイルハウス浦和,048-813-7710,35.88338456,139.66261839
浦和東部地区元気アップネットワーク,大東公民館,さいたま市浦和区大東2丁目13番16号,サロン・茶話会,"元気アップサロン、うらわカフェ：「軽体操＋レク＋おしゃべり＋唱歌を唄う」を通じて①生きがいづくり（仲間づくり）②介護予防③学習④閉じこもり防止を目指しています。
【対象地区：主に浦和区東部圏域】
みんなの学校：「共に楽しく、学び合う」を目指して、①学びの場②サークル活動③イベント④地域団体とのネットワークづくりを行います。",元気アップサロン：週1回10:00～11:30、うらわカフェ：隔月1回10:00～、みんなの学校：随時,有償,浦和東部地区元気アップネットワーク,048-886-4895,35.88338456,139.66261839
浦和東部地区元気アップネットワーク,大東公民館,さいたま市浦和区大東2丁目13番16号,運動・スポーツ,"元気アップサロン、うらわカフェ：「軽体操＋レク＋おしゃべり＋唱歌を唄う」を通じて①生きがいづくり（仲間づくり）②介護予防③学習④閉じこもり防止を目指しています。
【対象地区：主に浦和区東部圏域】
みんなの学校：「共に楽しく、学び合う」を目指して、①学びの場②サークル活動③イベント④地域団体とのネットワークづくりを行います。",元気アップサロン：週1回10:00～11:30、うらわカフェ：隔月1回10:00～、みんなの学校：随時,有償,浦和東部地区元気アップネットワーク,048-886-4895,35.88338456,139.66261839
大東あさひ会,大東公民館,さいたま市浦和区大東2丁目13-16,音楽（歌唱・演奏）,"大東地域の高齢者の親睦を目的として活動している老人クラブです。茶話会・軽体操・ゲームなどを行っています。
【参加条件：大東地区在住の60歳以上の方】",2か月に1回,有償,シニアサポートセンタースマイルハウス浦和,048-813-7710,35.88338456,139.66261839
浦和東部地区元気アップネットワーク,大東公民館,さいたま市浦和区大東2丁目13番16号,音楽（歌唱・演奏）,"元気アップサロン、うらわカフェ：「軽体操＋レク＋おしゃべり＋唱歌を唄う」を通じて①生きがいづくり（仲間づくり）②介護予防③学習④閉じこもり防止を目指しています。
【対象地区：主に浦和区東部圏域】
みんなの学校：「共に楽しく、学び合う」を目指して、①学びの場②サークル活動③イベント④地域団体とのネットワークづくりを行います。",元気アップサロン：週1回10:00～11:30、うらわカフェ：隔月1回10:00～、みんなの学校：随時,有償,浦和東部地区元気アップネットワーク,048-886-4895,35.88338456,139.66261839
大東あさひ会,大東公民館,さいたま市浦和区大東2丁目13-16,介護予防教室,"大東地域の高齢者の親睦を目的として活動している老人クラブです。茶話会・軽体操・ゲームなどを行っています。
【参加条件：大東地区在住の60歳以上の方】",2か月に1回,有償,シニアサポートセンタースマイルハウス浦和,048-813-7710,35.88338456,139.66261839
シニア健康教室,大東公民館,さいたま市浦和区大東２丁目１３番１６号,介護予防教室,健康維持のため脳トレを交えながら楽しくストレッチを行っています。音楽に合わせてリズム体操も行っています。,"月2回(第2,4金曜日)
10:00～11:30",有償,シニアサポートセンタースマイルハウス浦和,048-813-7710,35.88338456,139.66261839
浦和東部地区元気アップネットワーク,大東公民館,さいたま市浦和区大東2丁目13番16号,介護予防教室,"元気アップサロン、うらわカフェ：「軽体操＋レク＋おしゃべり＋唱歌を唄う」を通じて①生きがいづくり（仲間づくり）②介護予防③学習④閉じこもり防止を目指しています。
【対象地区：主に浦和区東部圏域】
みんなの学校：「共に楽しく、学び合う」を目指して、①学びの場②サークル活動③イベント④地域団体とのネットワークづくりを行います。",元気アップサロン：週1回10:00～11:30、うらわカフェ：隔月1回10:00～、みんなの学校：随時,有償,浦和東部地区元気アップネットワーク,048-886-4895,35.88338456,139.66261839
軽体操,大東公民館,さいたま市浦和区大東2丁目13番16号,介護予防教室,どなたでも参加していただけます。,毎月第2水曜日　13:30～14:30,有償,シニアサポートセンタースマイルハウス浦和,048-813-7710,35.88338456,139.66261839
元気クラブ大東,大東公民館,さいたま市浦和区大東2丁目13番16号,介護予防教室,"いきいき百歳体操を皆様がリーダーになって楽しくやっています。
【参加条件：大東近隣にお住まいの方（男性歓迎）】",毎週火曜日10:00～11:30,無償,シニアサポートセンタースマイルハウス浦和,048-813-7710,35.88338456,139.66261839
大東あさひ会,大東公民館,さいたま市浦和区大東2丁目13-16,会食会,"大東地域の高齢者の親睦を目的として活動している老人クラブです。茶話会・軽体操・ゲームなどを行っています。
【参加条件：大東地区在住の60歳以上の方】",2か月に1回,有償,シニアサポートセンタースマイルハウス浦和,048-813-7710,35.88338456,139.66261839
浦和東部地区元気アップネットワーク,大東公民館,さいたま市浦和区大東2丁目13番16号,住民主体の学習会,"元気アップサロン、うらわカフェ：「軽体操＋レク＋おしゃべり＋唱歌を唄う」を通じて①生きがいづくり（仲間づくり）②介護予防③学習④閉じこもり防止を目指しています。
【対象地区：主に浦和区東部圏域】
みんなの学校：「共に楽しく、学び合う」を目指して、①学びの場②サークル活動③イベント④地域団体とのネットワークづくりを行います。",元気アップサロン：週1回10:00～11:30、うらわカフェ：隔月1回10:00～、みんなの学校：随時,有償,浦和東部地区元気アップネットワーク,048-886-4895,35.88338456,139.66261839
シニア健康教室,大東公民館,さいたま市浦和区大東２丁目１３番１６号,体操教室,健康維持のため脳トレを交えながら楽しくストレッチを行っています。音楽に合わせてリズム体操も行っています。,"月2回(第2,4金曜日)
10:00～11:30",有償,シニアサポートセンタースマイルハウス浦和,048-813-7710,35.88338456,139.66261839
浦和東部地区元気アップネットワーク,大東公民館,さいたま市浦和区大東2丁目13番16号,体操教室,"元気アップサロン、うらわカフェ：「軽体操＋レク＋おしゃべり＋唱歌を唄う」を通じて①生きがいづくり（仲間づくり）②介護予防③学習④閉じこもり防止を目指しています。
【対象地区：主に浦和区東部圏域】
みんなの学校：「共に楽しく、学び合う」を目指して、①学びの場②サークル活動③イベント④地域団体とのネットワークづくりを行います。",元気アップサロン：週1回10:00～11:30、うらわカフェ：隔月1回10:00～、みんなの学校：随時,有償,浦和東部地区元気アップネットワーク,048-886-4895,35.88338456,139.66261839
軽体操,大東公民館,さいたま市浦和区大東2丁目13番16号,体操教室,どなたでも参加していただけます。,毎月第2水曜日　13:30～14:30,有償,シニアサポートセンタースマイルハウス浦和,048-813-7710,35.88338456,139.66261839
スマイルくらぶ,久美愛園,さいたま市緑区三室1431,体操教室,いきいき百歳体操のマニュアルに基づき行っています。ふらつき、つまづき、股関節のほぐし等、日々のリフレッシュにつなげていくよう取り組んでいます。,"第1,3火曜日10:00～12:00",無償,シニアサポートセンター　リバティハウス,048-875-3111,35.8833881935534,139.673050724521
与野地区社会福祉協議会,与野本町コミュニティセンター,さいたま市中央区本町東3-5-43,料理,"男性高齢者を対象にした料理教室
対象：中央区在住の６０歳以上男性",年3回（6，10，2月）,有償,与野地区社会福祉協議会,048-859-5881,35.8834217271872,139.623940716694
ソレイユサークル,大門区画整理記念会館,さいたま市緑区東大門2-8-11,介護予防教室,いきいき百歳体操。参加対象は大門南地区の方。,"毎月第１、第３木曜
10:00～11:30",無償,シニアサポートセンター　リバティハウス,048-875-3111,35.8835436399164,139.73913112677
かすみ草,与野本町小学校,さいたま市中央区本町東3-5-23,介護予防教室,介護予防事業として百歳体操を通じて全身の筋肉の低下を予防し、地元での社会参加活動に繋げる気持ちの良いグループ,毎週金曜日・14時～16時,無償,中央区南部圏域シニアサポートセンターきりしき,048-858-2121,35.8836596304187,139.622858671582
歌ごえサロン秋桜,三室ふれあい会館,さいたま市緑区三室1137,音楽（歌唱・演奏）,"各自自分の持ち歌を唄う　1人３曲位唄えます。中間で休憩時間を設け　茶菓子を食べながらおしゃべりし和気あいあいやってます。
主に宿第二自治会にお住いの方（他自治会からの参加者もいます。参加費の内訳は会館使用料、カラオケ機使用料、茶菓子代）",月1回　第2日曜日　13:00～16:00,有償,シニアサポートセンター　リバティハウス,048-875-3111,35.88379297,139.67061208
みむろくらぶ健康会,"三室ふれあい会館
三室ふれあいパーク",さいたま市緑区三室1137,サロン・茶話会,いきいき百歳体操で筋力トレーニングをした後、お茶を飲みながらの懇談やカラオケをやります。１～２時間で近隣のウォーキングをします。８月には毎朝ラジオ体操をやります。ラジオ体操は、三室ふれあいパークでおこないます。,"第２木曜13:00～14:00、
第3、4木曜10:00～12:00 他",無償,シニアサポートセンター　リバティハウス,048-875-3111,35.88379297,139.67061208
みむろくらぶ健康会,"三室ふれあい会館
三室ふれあいパーク",さいたま市緑区三室1137,運動・スポーツ,いきいき百歳体操で筋力トレーニングをした後、お茶を飲みながらの懇談やカラオケをやります。１～２時間で近隣のウォーキングをします。８月には毎朝ラジオ体操をやります。ラジオ体操は、三室ふれあいパークでおこないます。,"第２木曜13:00～14:00、
第3、4木曜10:00～12:00 他",無償,シニアサポートセンター　リバティハウス,048-875-3111,35.88379297,139.67061208
みむろくらぶ健康会,"三室ふれあい会館
三室ふれあいパーク",さいたま市緑区三室1137,音楽（歌唱・演奏）,いきいき百歳体操で筋力トレーニングをした後、お茶を飲みながらの懇談やカラオケをやります。１～２時間で近隣のウォーキングをします。８月には毎朝ラジオ体操をやります。ラジオ体操は、三室ふれあいパークでおこないます。,"第２木曜13:00～14:00、
第3、4木曜10:00～12:00 他",無償,シニアサポートセンター　リバティハウス,048-875-3111,35.88379297,139.67061208
みむろくらぶ健康会,"三室ふれあい会館
三室ふれあいパーク",さいたま市緑区三室1137,介護予防教室,いきいき百歳体操で筋力トレーニングをした後、お茶を飲みながらの懇談やカラオケをやります。１～２時間で近隣のウォーキングをします。８月には毎朝ラジオ体操をやります。ラジオ体操は、三室ふれあいパークでおこないます。,"第２木曜13:00～14:00、
第3、4木曜10:00～12:00 他",無償,シニアサポートセンター　リバティハウス,048-875-3111,35.88379297,139.67061208
みむろくらぶ健康会,"三室ふれあい会館
三室ふれあいパーク",さいたま市緑区三室1137,体操教室,いきいき百歳体操で筋力トレーニングをした後、お茶を飲みながらの懇談やカラオケをやります。１～２時間で近隣のウォーキングをします。８月には毎朝ラジオ体操をやります。ラジオ体操は、三室ふれあいパークでおこないます。,"第２木曜13:00～14:00、
第3、4木曜10:00～12:00 他",無償,シニアサポートセンター　リバティハウス,048-875-3111,35.88379297,139.67061208
まつき健康クラブ,松木区画整理記念会館,さいたま市緑区松木2-6-17,介護予防教室,"百歳体操
全員でテキストを読みながら百歳体操を行っています。",毎週水曜日　10:00～11:30,無償,シニアサポートセンター　リバティハウス,048-875-3111,35.883908,139.686804
ひまわりサークル,大門中自治会館,さいたま市緑区大門2998,介護予防教室,"いきいき百歳体操
大門中自治会の方　",第２・第４水曜日　10:00～11:30,無償,シニアサポートセンター　リバティハウス,048-875-3111,35.88466308,139.7324096
移動スーパーとくし丸,株式会社コモディイイダ北浦和店,さいたま市浦和区木崎1-4,安否確認,お買い物困難の方のお宅、団地、施設等に訪問します。生鮮食品、調味料、惣菜、菓子、パン等1200点程のせて行きます。,週1～2回,有償,株式会社コモディイイダ,080-4293-1184,35.88466338938,139.65938565891
移動スーパーとくし丸,株式会社コモディイイダ北浦和店,さいたま市浦和区木崎1-4,配達サービス・移動販売,お買い物困難の方のお宅、団地、施設等に訪問します。生鮮食品、調味料、惣菜、菓子、パン等1200点程のせて行きます。,週1～2回,有償,株式会社コモディイイダ,080-4293-1184,35.88466338938,139.65938565891
サロンことぶき,下落合コミュニティーセンター,さいたま市中央区下落合1712番地,サロン・茶話会,"茶話会を中心にその時期の話題を取り入れ工夫
対象：寿町自治会会員",月１回,無償,サロンことぶき,048-833-1069,35.8846916809011,139.63655057072
サロンことぶき,下落合コミュニティーセンター,さいたま市中央区下落合1712番地,介護予防教室,"茶話会を中心にその時期の話題を取り入れ工夫
対象：寿町自治会会員",月１回,無償,サロンことぶき,048-833-1069,35.8846916809011,139.63655057072
サロンことぶき,下落合コミュニティーセンター,さいたま市中央区下落合1712番地,会食会,"茶話会を中心にその時期の話題を取り入れ工夫
対象：寿町自治会会員",月１回,無償,サロンことぶき,048-833-1069,35.8846916809011,139.63655057072
サロンことぶき,下落合コミュニティーセンター,さいたま市中央区下落合1712番地,体操教室,"茶話会を中心にその時期の話題を取り入れ工夫
対象：寿町自治会会員",月１回,無償,サロンことぶき,048-833-1069,35.8846916809011,139.63655057072
いいねの会,下落合コミュニティーセンター,さいたま市中央区下落合1712番地,体操教室,いきいき百歳体操を中心に健康に関わる活動,毎週木曜日・9:30～11:00,有償,中央区南部圏域シニアサポートセンターきりしき,048-858-2121,35.8846916809011,139.63655057072
上木崎6丁目自治協力会,上木崎6丁目自主防災防犯会,さいたま市浦和区上木崎6丁目内,運動・スポーツ,ラジオ体操、防犯・防災パトロール（５班体制）、町内一斉清掃を行っています。,ラジオ体操：毎朝、パトロール：月10回、町内清掃：年2回,無償,シニアサポートセンター かさい医院,048-823-3031,35.88492861,139.65134715
上木崎6丁目自治協力会,上木崎6丁目自主防災防犯会,さいたま市浦和区上木崎6丁目内,環境美化・清掃,ラジオ体操、防犯・防災パトロール（５班体制）、町内一斉清掃を行っています。,ラジオ体操：毎朝、パトロール：月10回、町内清掃：年2回,無償,シニアサポートセンター かさい医院,048-823-3031,35.88492861,139.65134715
上木崎6丁目自治協力会,上木崎6丁目自主防災防犯会,さいたま市浦和区上木崎6丁目内,防犯パトロール,ラジオ体操、防犯・防災パトロール（５班体制）、町内一斉清掃を行っています。,ラジオ体操：毎朝、パトロール：月10回、町内清掃：年2回,無償,シニアサポートセンター かさい医院,048-823-3031,35.88492861,139.65134715
仲町寿会,仲町自治会館,"埼玉県,さいたま市,中央区,本町西2-12-1",サロン・茶話会,"茶話会・誕生会・歌・くじ引きゲーム・簡単な体操など
対象者：仲町地区にお住まいの方",年7回（4月.6月.8月.10月.12月.1月.3月）木曜日　10：00～11：30,有償,ナーシングヴィラ与野,048-859-5375,35.8849987145219,139.618602888427
仲町ローズサロン,仲町自治会館,埼玉県さいたま市中央区本町西2-12-1,サロン・茶話会,"・日常生活での注意すべき事を取り入れての、介護予防・
　認知症予防等の学習会。内容は、脳トレ・運動・歌・その他。
・食事会
対象者：仲町西・仲町東にお住いの方",6回／年,有償,ナーシングヴィラ与野,048-859-5375,35.8850111398715,139.618597373676
仲町ローズサロン,仲町自治会館,埼玉県さいたま市中央区本町西2-12-1,音楽（歌唱・演奏）,"・日常生活での注意すべき事を取り入れての、介護予防・
　認知症予防等の学習会。内容は、脳トレ・運動・歌・その他。
・食事会
対象者：仲町西・仲町東にお住いの方",6回／年,有償,ナーシングヴィラ与野,048-859-5375,35.8850111398715,139.618597373676
仲町ローズサロン,仲町自治会館,埼玉県さいたま市中央区本町西2-12-1,会食会,"・日常生活での注意すべき事を取り入れての、介護予防・
　認知症予防等の学習会。内容は、脳トレ・運動・歌・その他。
・食事会
対象者：仲町西・仲町東にお住いの方",6回／年,有償,ナーシングヴィラ与野,048-859-5375,35.8850111398715,139.618597373676
仲町ローズサロン,仲町自治会館,埼玉県さいたま市中央区本町西2-12-1,場所の提供,"・日常生活での注意すべき事を取り入れての、介護予防・
　認知症予防等の学習会。内容は、脳トレ・運動・歌・その他。
・食事会
対象者：仲町西・仲町東にお住いの方",6回／年,有償,ナーシングヴィラ与野,048-859-5375,35.8850111398715,139.618597373676
島根いきいき体操クラブ,島根集落センター,さいたま市西区島根456,安否確認,"第1・第3月曜日　いきいき百歳体操
第2・第4月曜日　ラジオ体操",月2回（第1・第3月曜）　　　9：30～,有償,地域包括支援センターくるみ,048-622-8103,35.88508,139.59896
島根いきいき体操クラブ,島根集落センター,さいたま市西区島根456,運動・スポーツ,"第1・第3月曜日　いきいき百歳体操
第2・第4月曜日　ラジオ体操",月2回（第1・第3月曜）　　　9：30～,有償,地域包括支援センターくるみ,048-622-8103,35.88508,139.59896
介護予防健康体操,さいたま市老人福祉センターいこい荘,埼玉県さいたま市中央区下落合5-11-12,介護予防教室,介護予防を目的とする運動や知識、筋力アップ、転倒予防、認知症予防、口腔衛生、声出し体操などを行っています。,"
毎週金曜日10：30～11：50　",有償,ナーシングヴィラ与野,048-859-5375,35.8851792292513,139.626655997079
介護予防健康体操,さいたま市老人福祉センターいこい荘,埼玉県さいたま市中央区下落合5-11-12,体操教室,介護予防を目的とする運動や知識、筋力アップ、転倒予防、認知症予防、口腔衛生、声出し体操などを行っています。,"
毎週金曜日10：30～11：50　",有償,ナーシングヴィラ与野,048-859-5375,35.8851792292513,139.626655997079
手芸クラブ,いこい荘（老人福祉センター）,さいたま市中央区下落合5-11-12,手芸,"手を動かし,また、おしゃべりしながら簡単な手作り作品を通しての意見交換",第２・第４木曜日・13時30分～15時30分,無償,手芸クラブ,048-832-6156,35.88522256,139.62660751
与野高層サロン,与野高層団地,さいたま市中央区下落合3-8-2,サロン・茶話会,"サロン・茶会のほかにも詩吟教室等
対象：与野高層自冶会会員",月2回第2，４木曜日・13時～16時,無償,与野高層サロン,048-833-5117,35.88538,139.63163
与野高層サロン,与野高層団地,さいたま市中央区下落合3-8-2,安否確認,"サロン・茶会のほかにも詩吟教室等
対象：与野高層自冶会会員",月2回第2，４木曜日・13時～16時,無償,与野高層サロン,048-833-5117,35.88538,139.63163
与野高層サロン,与野高層団地,さいたま市中央区下落合3-8-2,音楽（歌唱・演奏）,"サロン・茶会のほかにも詩吟教室等
対象：与野高層自冶会会員",月2回第2，４木曜日・13時～16時,無償,与野高層サロン,048-833-5117,35.88538,139.63163
与野高層サロン,与野高層団地,さいたま市中央区下落合3-8-2,会食会,"サロン・茶会のほかにも詩吟教室等
対象：与野高層自冶会会員",月2回第2，４木曜日・13時～16時,無償,与野高層サロン,048-833-5117,35.88538,139.63163
与野高層サロン,与野高層団地,さいたま市中央区下落合3-8-2,健康麻雀・囲碁・将棋,"サロン・茶会のほかにも詩吟教室等
対象：与野高層自冶会会員",月2回第2，４木曜日・13時～16時,無償,与野高層サロン,048-833-5117,35.88538,139.63163
いきいきシニアU7,与野本町デイサービスセンター,"埼玉県,さいたま市,中央区,本町東4-7-20",運動・スポーツ,"百歳体操とボッチャゲーム
対象者：シニアユニバーシティ中央校生","月2回程度木曜日
10：00～11：30",無償,ナーシングヴィラ与野,048-859-5375,35.8854396018058,139.62218109071
いきいきシニアU7,与野本町デイサービスセンター,"埼玉県,さいたま市,中央区,本町東4-7-20",交流その他,"百歳体操とボッチャゲーム
対象者：シニアユニバーシティ中央校生","月2回程度木曜日
10：00～11：30",無償,ナーシングヴィラ与野,048-859-5375,35.8854396018058,139.62218109071
体操クラブシャンシャン,まどか浦和上木崎,さいたま市浦和区上木崎4丁目7番28号,介護予防教室,いきいき百歳体操を行っています。,毎週月曜日（祝・祭日は休み）,無償,シニアサポートセンター かさい医院,048-823-3031,35.88545899,139.64546154
まどか浦和上木崎,"有料老人ホーム
まどか浦和上木崎",さいたま市浦和区上木崎4丁目7番28号,サロン・茶話会,ホーム内で定期的に開催している介護予防としての体操教室やオリエンテーションで、ボランティアによる電子ピアノ伴奏に合わせて歌唱を楽しんでます。,週1回～月1回,無償,シニアサポートセンター かさい医院,048-823-3031,35.88545899,139.64546154
まどか浦和上木崎,"有料老人ホーム
まどか浦和上木崎",さいたま市浦和区上木崎4丁目7番28号,介護予防教室,ホーム内で定期的に開催している介護予防としての体操教室やオリエンテーションで、ボランティアによる電子ピアノ伴奏に合わせて歌唱を楽しんでます。,週1回～月1回,無償,シニアサポートセンター かさい医院,048-823-3031,35.88545899,139.64546154
通いの場　よりみちサロンなないろ,与野本町デイサービスセンター3階,埼玉県さいたま市中央区本町東4-7-20,サロン・茶話会,どこに住んでいても、認知症などの病気があっても、歩いて行ける範囲にある通いの場。ボッチャや輪投げトランプなどゲームを中心に楽しんでいます。,"月1回最終（水）
13：30～15：30",無償,ナーシングヴィラ与野,048-859-5375,35.8854744771986,139.622193664415
通いの場　よりみちサロンなないろ,与野本町デイサービスセンター3階,埼玉県さいたま市中央区本町東4-7-20,交流その他,どこに住んでいても、認知症などの病気があっても、歩いて行ける範囲にある通いの場。ボッチャや輪投げトランプなどゲームを中心に楽しんでいます。,"月1回最終（水）
13：30～15：30",無償,ナーシングヴィラ与野,048-859-5375,35.8854744771986,139.622193664415
コスモ与野いきいきサロン,"①与野本町デイサービスセンター
②コスモ与野壱番館内","①埼玉県さいたま市中央区本町東4丁目7-20
②埼玉県さいたま市中央区本町西3丁目12-1",サロン・茶話会,"・いきいき百歳体操
・口腔体操
・コグニサイズ
・健康体力測定会
・茶話会など","毎週木曜日
13時30分～15時30分
※但し第4週目と年末年始は除く。",無償,ナーシングヴィラ与野,048-859-5375,35.8855212434613,139.622276467959
コスモ与野いきいきサロン,"①与野本町デイサービスセンター
②コスモ与野壱番館内","①埼玉県さいたま市中央区本町東4丁目7-20
②埼玉県さいたま市中央区本町西3丁目12-1",介護予防教室,"・いきいき百歳体操
・口腔体操
・コグニサイズ
・健康体力測定会
・茶話会など","毎週木曜日
13時30分～15時30分
※但し第4週目と年末年始は除く。",無償,ナーシングヴィラ与野,048-859-5375,35.8855212434613,139.622276467959
コスモ与野いきいきサロン,"①与野本町デイサービスセンター
②コスモ与野壱番館内","①埼玉県さいたま市中央区本町東4丁目7-20
②埼玉県さいたま市中央区本町西3丁目12-1",住民主体の学習会,"・いきいき百歳体操
・口腔体操
・コグニサイズ
・健康体力測定会
・茶話会など","毎週木曜日
13時30分～15時30分
※但し第4週目と年末年始は除く。",無償,ナーシングヴィラ与野,048-859-5375,35.8855212434613,139.622276467959
コスモ与野いきいきサロン,"①与野本町デイサービスセンター
②コスモ与野壱番館内","①埼玉県さいたま市中央区本町東4丁目7-20
②埼玉県さいたま市中央区本町西3丁目12-1",体操教室,"・いきいき百歳体操
・口腔体操
・コグニサイズ
・健康体力測定会
・茶話会など","毎週木曜日
13時30分～15時30分
※但し第4週目と年末年始は除く。",無償,ナーシングヴィラ与野,048-859-5375,35.8855212434613,139.622276467959
いきいき元気体操,白鍬電建自治会館,さいたま市桜区白鍬６８９－３,介護予防教室,月2回白鍬電建自治会館で百歳体操を行っています。,第２第４金曜日１０：００から１２：００,有償,さいたま市桜区北部圏域シニアサポートセンター西部総合,048-816-4503,35.8856014654813,139.608791858897
馬宮スズメグループ,飯田新田集会所,さいたま市西区飯田新田318-1,安否確認,百歳体操を月4回実施,毎週水曜日　10：00～,無償,地域包括支援センターくるみ,048-622-8103,35.88648,139.55198
馬宮スズメグループ,飯田新田集会所,さいたま市西区飯田新田318-1,運動・スポーツ,百歳体操を月4回実施,毎週水曜日　10：00～,無償,地域包括支援センターくるみ,048-622-8103,35.88648,139.55198
喫茶「わらび」,二ツ宮住宅集会所「みらい」ラウンジ,さいたま市西区二ツ宮29-2,サロン・茶話会,和楽美の会（老人会）だけでやっています。見守り活動の一環として、なかなか家庭の中までは難しいので、先ずは、コミュニケーションづくりからということで開いています。,毎月20日,有償,中島　詔吾,048-623-3173,35.88696,139.57994
上木崎地区保健愛育会,上木崎公民館,さいたま市浦和区上木崎3丁目2番14号,その他活動,"子育て支援の事業を開催（年6回）し、子育てサポートを行っています。　また、健康福祉講座を開催しています。
【対象地区：上木崎地区】",子育て支援事業年6回、健康福祉講座年1回,無償,シニアサポートセンター かさい医院,048-823-3031,35.887256,139.6456726
百歳体操　月曜クラブ,上木崎公民館,さいたま市浦和区上木崎3丁目2番14号,介護予防教室,いきいき百歳体操を実施しています。,月2回月曜日14:00～,無償,シニアサポートセンター かさい医院,048-823-3031,35.887256,139.6456726
セブンティーンズクラブ,上木崎公民館,さいたま市浦和区上木崎3丁目2番1４号,介護予防教室,"腰掛を主として体操、ストレッチをしています。
【参加条件：女性限定、上木崎公民館に通える方】",月3回,有償,シニアサポートセンター かさい医院,048-823-3031,35.887256,139.6456726
中野林南グランドゴルフ親睦会,二ツ宮住宅第二公園,さいたま市西区中野林883-30,運動・スポーツ,"グランドゴルフ練習　週三回
季節大会（秋冬春夏）　4回/年
ホールインワン　8回/年
記録賞・年間賞を設け活動",週3回　日曜・火曜・水曜9：30～,有償,地域包括支援センターくるみ,048-622-8103,35.88728,139.58045
いきいき体操クラブ,大古里公民館,さいたま市緑区三室2614-2,介護予防教室,介護予防教室、百歳体操を中心。毎回、朗読鑑賞（講師）、口の体操、他、脳トレゲーム,月２回,無償,シニアサポートセンター　リバティハウス,048-875-3111,35.88728387,139.67296412
いきいき体操クラブ,大古里公民館,さいたま市緑区三室2614-2,体操教室,介護予防教室、百歳体操を中心。毎回、朗読鑑賞（講師）、口の体操、他、脳トレゲーム,月２回,無償,シニアサポートセンター　リバティハウス,048-875-3111,35.88728387,139.67296412
大古里太極拳,大古里公民館,さいたま市緑区三室2614-2,運動・スポーツ,健康体操を目的として、ゆるやかな運動を通して足腰を鍛え、転倒防止に役立てます。気功の要素も取り入れて、気の流れ、血液の循環を促進します。体力に応じて太極拳の武術を身につける事も出来ます。,"月に3回月曜日
11:00～13:00",有償,シニアサポートセンター　リバティハウス,048-875-3111,35.8872893999991,139.672963417773
すこやかクラブ,大古里公民館,さいたま市緑区三室2614-2,介護予防教室,月2回、シニアの方のクラブです。参加は自由です。体操をしたりお話しをしたりと、楽しく活動しております。,月２回,無償,シニアサポートセンター　リバティハウス,048-875-3111,35.8872893999991,139.672963417773
大古里囲碁教室,大古里公民館,さいたま市緑区三室2614-2,健康麻雀・囲碁・将棋,囲碁を通じて会員相互の親睦と、囲碁技量の向上を図る,"毎週火曜日
13:00～16:30",有償,シニアサポートセンター　リバティハウス,048-875-3111,35.8872893999991,139.672963417773
大古里囲碁クラブ,大古里公民館,さいたま市緑区三室2614-2,健康麻雀・囲碁・将棋,"毎週月曜日の13:00～16:30、大古里公民館で行うが令和7年3月末まで休館のため、三室公民館で行っている。会費は
年間1000円。囲碁を楽しみながら親睦を図る。","毎週月曜日
13:00～16:30",有償,シニアサポートセンター　リバティハウス,048-875-3111,35.8872893999991,139.672963417773
健康麻雀みむろ,大古里公民館,さいたま市緑区三室2614-2,健康麻雀・囲碁・将棋,三ないマージャンをモットーに、老化予防と交流。,"毎週木曜日10::00～
12:00",無償,シニアサポートセンター　リバティハウス,048-875-3111,35.8872893999991,139.672963417773
山崎卓球クラブ,大古里公民館体育室,さいたま市緑区三室2614-2,運動・スポーツ,健康維持のため卓球（ピンポン）を通じて仲間との和をもち、上手下手に関係なく楽しんで体を動かして、少しでも元気で長寿出来ればの思いで行っている。,週1回位,有償,シニアサポートセンター　リバティハウス,048-875-3111,35.8872893999991,139.672963417773
ゆったり体操,木崎自治会館,さいたま市浦和区木崎2丁目34番20号,介護予防教室,どなたでも参加していただけます。,毎週火曜日　10:00～11:00,有償,シニアサポートセンタースマイルハウス浦和,048-813-7710,35.88728956,139.65935475
ゆったり体操,木崎自治会館,さいたま市浦和区木崎2丁目34番20号,体操教室,どなたでも参加していただけます。,毎週火曜日　10:00～11:00,有償,シニアサポートセンタースマイルハウス浦和,048-813-7710,35.88728956,139.65935475
ゆったり体操の会,大古里公民館,さいたま市緑区三室2614-2,運動・スポーツ,百歳体操、折り紙,"第1,3金曜日10:00～12:00",無償,シニアサポートセンター　リバティハウス,048-875-3111,35.8873299569128,139.672993096515
ゆったり体操の会,大古里公民館,さいたま市緑区三室2614-2,介護予防教室,百歳体操、折り紙,"第1,3金曜日10:00～12:00",無償,シニアサポートセンター　リバティハウス,048-875-3111,35.8873299569128,139.672993096515
ゆったり体操の会,大古里公民館,さいたま市緑区三室2614-2,手芸,百歳体操、折り紙,"第1,3金曜日10:00～12:00",無償,シニアサポートセンター　リバティハウス,048-875-3111,35.8873299569128,139.672993096515
ゆったり体操の会,大古里公民館,さいたま市緑区三室2614-2,体操教室,百歳体操、折り紙,"第1,3金曜日10:00～12:00",無償,シニアサポートセンター　リバティハウス,048-875-3111,35.8873299569128,139.672993096515
百歳体操元気クラブ,上木崎公民館,さいたま市浦和区上木崎3丁目2番14号,介護予防教室,旧百歳体操　おたっしゃ倶楽部が、名称変更して上木崎公民館で新たに活動を開始しました。,月3回　水曜日15:00～,無償,シニアサポートセンターかさい医院,048-823-3031,35.8873327211581,139.64567584322
若葉サークル,大崎集会所,さいたま市緑区大崎2954-2,サロン・茶話会,健康体操　ゲーム遊び　サロン　茶話会　歌唱,月１回　第１木曜日　10:00～12:00,無償,美園地区社会福祉協議会,048-878-3363,35.88742075,139.70932227
若葉サークル,大崎集会所,さいたま市緑区大崎2954-2,介護予防教室,健康体操　ゲーム遊び　サロン　茶話会　歌唱,月１回　第１木曜日　10:00～12:00,無償,美園地区社会福祉協議会,048-878-3363,35.88742075,139.70932227
若葉サークル,大崎集会所,さいたま市緑区大崎2954-2,体操教室,健康体操　ゲーム遊び　サロン　茶話会　歌唱,月１回　第１木曜日　10:00～12:00,無償,美園地区社会福祉協議会,048-878-3363,35.88742075,139.70932227
なかよし体操クラブ,大門上自治会館,さいたま市緑区大門2583,介護予防教室,"いきいき百歳体操
大門上自治会の方",第２・第４木曜日　10:00～11:30,無償,シニアサポートセンター　リバティハウス,048-875-3111,35.88748,139.72579
西北にこちゃん,与野西北小学校,埼玉県さいたま市中央区円阿弥4-3-7,介護予防教室,いきいき百歳体操の自主グループ。小学校の空き教室を利用して、仲良く運動をしています。,"毎週水曜日　
10：00～12：00",無償,ナーシングヴィラ与野,048-859-5375,35.88773,139.6078
西北にこちゃん,与野西北小学校,埼玉県さいたま市中央区円阿弥4-3-7,交流その他,いきいき百歳体操の自主グループ。小学校の空き教室を利用して、仲良く運動をしています。,"毎週水曜日　
10：00～12：00",無償,ナーシングヴィラ与野,048-859-5375,35.88773,139.6078
通いの場　よりみちサロンりんね,正圓寺,埼玉県さいたま市中央区本町西4-3-15,サロン・茶話会,どこに住んでいても、認知症などの病気があっても、歩いて行ける範囲にある通いの場。お寺で開催するコーヒー・お茶を飲みながらのサロン。男性の参加お待ちしております。,"不定期（友引限定）
13：30～15：00",無償,ナーシングヴィラ与野,048-859-5375,35.88806,139.61809
通いの場　よりみちサロンりんね,正圓寺,埼玉県さいたま市中央区本町西4-3-15,交流その他,どこに住んでいても、認知症などの病気があっても、歩いて行ける範囲にある通いの場。お寺で開催するコーヒー・お茶を飲みながらのサロン。男性の参加お待ちしております。,"不定期（友引限定）
13：30～15：00",無償,ナーシングヴィラ与野,048-859-5375,35.88806,139.61809
和楽美ウォークの会,二ツ宮住宅集会所「みらい」,さいたま市西区中野林898,運動・スポーツ,荒川土手の大宮けんぽグランドの周りを個々のペースでウォーキングしています。,月1回,無償,中島　詔吾,048-623-3173,35.88814,139.5787
宮本　ふれあいサロン,宮本自治会館,さいたま市緑区宮本2-19-3,サロン・茶話会,地域のつながりを深め、仲間作り、生きがいづくりの輪を広げます。お茶を飲みながらゲーム、折り紙等を楽しみます。,"毎月第2金曜10:00～
12:00",無償,三室地区社会福祉協議会,048-826-6250,35.888235,139.693606
宮本百歳体操の会,宮本自治会館,さいたま市緑区宮本2-19-3,介護予防教室,"いきいき百歳体操　　準備運動　筋力トレーニング　
宮本地区を中心",毎週水曜日　10:00～11:00,無償,シニアサポートセンター　リバティハウス,048-875-3111,35.888235,139.693606
宮本　ふれあいサロン,宮本自治会館,さいたま市緑区宮本2-19-3,会食会,地域のつながりを深め、仲間作り、生きがいづくりの輪を広げます。お茶を飲みながらゲーム、折り紙等を楽しみます。,"毎月第2金曜10:00～
12:00",無償,三室地区社会福祉協議会,048-826-6250,35.888235,139.693606
宮本　ふれあいサロン,宮本自治会館,さいたま市緑区宮本2-19-3,手芸,地域のつながりを深め、仲間作り、生きがいづくりの輪を広げます。お茶を飲みながらゲーム、折り紙等を楽しみます。,"毎月第2金曜10:00～
12:00",無償,三室地区社会福祉協議会,048-826-6250,35.888235,139.693606
ロコモ上木崎,コープ上木崎,さいたま市浦和区上木崎7丁目6番7号,介護予防教室,重りを使った筋力低下予防のための体操を行っています。,毎週水曜日13:30～14:30,有償,シニアサポートセンター かさい医院,048-823-3031,35.88825873,139.65057494
医療生協さいたま大原支部,コープ上木崎店,さいたま市浦和区上木崎7丁目6番7号,介護予防教室,お口の体操、脳トレーニング、筋肉トレーニング、セラバンド体操を行っています。,毎月第1・3月曜日13:30～15:00,無償,浦和民主診療所　組織担当,048-832-6156,35.88825873,139.65057494
医療生協さいたま大原支部,コープ上木崎店,さいたま市浦和区上木崎7丁目6番7号,体操教室,お口の体操、脳トレーニング、筋肉トレーニング、セラバンド体操を行っています。,毎月第1・3月曜日13:30～15:00,無償,浦和民主診療所　組織担当,048-832-6156,35.88825873,139.65057494
"びゅうサイトタワー
いきいきサロン",びゅうサイトタワー集会室その周辺,埼玉県さいたま市中央区上落合2-11-7,サロン・茶話会,"その他の活動内容：場所の提供・環境美化・清掃・安否確認・話し相手・傾聴・防犯パトロール
活動内容詳細：茶話会・うんどう教室・ロードサポート・病気予防番組等をＤＶＤにしてプロジェクターで観賞
対象地区：びゅうサイトタワー居住者・近隣住民","サロン会：2回／月
ロードサポート：2回／月
うんどう教室：2回／月
防犯パトロール：1回／月",無償,ナーシングヴィラ与野,048-859-5375,35.8885586515963,139.627596454092
"びゅうサイトタワー
いきいきサロン",びゅうサイトタワー集会室その周辺,埼玉県さいたま市中央区上落合2-11-7,会食会,"その他の活動内容：場所の提供・環境美化・清掃・安否確認・話し相手・傾聴・防犯パトロール
活動内容詳細：茶話会・うんどう教室・ロードサポート・病気予防番組等をＤＶＤにしてプロジェクターで観賞
対象地区：びゅうサイトタワー居住者・近隣住民","サロン会：2回／月
ロードサポート：2回／月
うんどう教室：2回／月
防犯パトロール：1回／月",無償,ナーシングヴィラ与野,048-859-5375,35.8885586515963,139.627596454092
"びゅうサイトタワー
いきいきサロン",びゅうサイトタワー集会室その周辺,埼玉県さいたま市中央区上落合2-11-7,健康麻雀・囲碁・将棋,"その他の活動内容：場所の提供・環境美化・清掃・安否確認・話し相手・傾聴・防犯パトロール
活動内容詳細：茶話会・うんどう教室・ロードサポート・病気予防番組等をＤＶＤにしてプロジェクターで観賞
対象地区：びゅうサイトタワー居住者・近隣住民","サロン会：2回／月
ロードサポート：2回／月
うんどう教室：2回／月
防犯パトロール：1回／月",無償,ナーシングヴィラ与野,048-859-5375,35.8885586515963,139.627596454092
"びゅうサイトタワー
いきいきサロン",びゅうサイトタワー集会室その周辺,埼玉県さいたま市中央区上落合2-11-7,写真・パソコン,"その他の活動内容：場所の提供・環境美化・清掃・安否確認・話し相手・傾聴・防犯パトロール
活動内容詳細：茶話会・うんどう教室・ロードサポート・病気予防番組等をＤＶＤにしてプロジェクターで観賞
対象地区：びゅうサイトタワー居住者・近隣住民","サロン会：2回／月
ロードサポート：2回／月
うんどう教室：2回／月
防犯パトロール：1回／月",無償,ナーシングヴィラ与野,048-859-5375,35.8885586515963,139.627596454092
"びゅうサイトタワー
いきいきサロン",びゅうサイトタワー集会室その周辺,埼玉県さいたま市中央区上落合2-11-7,体操教室,"その他の活動内容：場所の提供・環境美化・清掃・安否確認・話し相手・傾聴・防犯パトロール
活動内容詳細：茶話会・うんどう教室・ロードサポート・病気予防番組等をＤＶＤにしてプロジェクターで観賞
対象地区：びゅうサイトタワー居住者・近隣住民","サロン会：2回／月
ロードサポート：2回／月
うんどう教室：2回／月
防犯パトロール：1回／月",無償,ナーシングヴィラ与野,048-859-5375,35.8885586515963,139.627596454092
馬場ラブリー倶楽部,馬場自治会館,さいたま市緑区馬場2-9-7,介護予防教室,百歳体操　、サロン,"第１，第３、第４土曜
第２木曜 9:45～、11:00～",無償,シニアサポートセンター　リバティハウス,048-875-3111,35.88864803,139.68657177
こつこつ貯筋,馬場自治会館,さいたま市緑区馬場2-9-7,体操教室,音楽に合わせて心地よく身体を動かします。健康維持、増進のため、楽しく実践していきましょう。笑いの絶えないサークルです。,"月3回火曜日14:00～
15:00",有償,シニアサポートセンター　リバティハウス,048-875-3111,35.88864803,139.68657177
馬場ラブリー倶楽部,馬場自治会館,さいたま市緑区馬場2-9-7,体操教室,百歳体操　、サロン,"第１，第３、第４土曜
第２木曜 9:45～、11:00～",無償,シニアサポートセンター　リバティハウス,048-875-3111,35.88864803,139.68657177
美園地区社会福祉協議会シルバーサロン,"特別養護老人ホーム
スマイルハウス",さいたま市緑区大崎2160,サロン・茶話会,講師の方を迎え、参加者の方々と体操やレクレーションをおこない、談笑を楽しんでいます。,"毎月第4火曜10:00～
11:00",無償,美園地区社会福祉協議会,048-878-3363,35.888677,139.70609
美園地区社会福祉協議会シルバーサロン,"特別養護老人ホーム
スマイルハウス",さいたま市緑区大崎2160,体操教室,講師の方を迎え、参加者の方々と体操やレクレーションをおこない、談笑を楽しんでいます。,"毎月第4火曜10:00～
11:00",無償,美園地区社会福祉協議会,048-878-3363,35.888677,139.70609
上木崎五六長寿体操会,足立神社境内,さいたま市浦和区上木崎5丁目11番1号,運動・スポーツ,毎朝6:30より足立神社境内にてラジオ体操を実施しています。,毎日（日曜、祝日を除く）,無償,シニアサポートセンター かさい医院,048-823-3031,35.88897246,139.6464225
上木崎五六長寿体操会,足立神社境内,さいたま市浦和区上木崎5丁目11番1号,体操教室,毎朝6:30より足立神社境内にてラジオ体操を実施しています。,毎日（日曜、祝日を除く）,無償,シニアサポートセンター かさい医院,048-823-3031,35.88897246,139.6464225
加茂川団地　鴨川会,加茂川団地自治会館,さいたま市西区植田谷本137-1,サロン・茶話会,鴨川会会員限定、囲碁、麻雀、カラオケ、手芸、グランドゴルフ、花見の会、暑気払い、忘年会、旅行,週1～5回,,地域包括支援センターくるみ,048-622-8103,35.88935,139.59871
加茂川団地　ハッピーサロン,加茂川団地自治会館,さいたま市西区植田谷本137-1,サロン・茶話会,茶話会、健康体操,第1・第3水曜10：00～,無償,地域包括支援センターくるみ,048-622-8103,35.88935,139.59871
加茂川団地　鴨川会,加茂川団地自治会館,さいたま市西区植田谷本137-1,運動・スポーツ,鴨川会会員限定、囲碁、麻雀、カラオケ、手芸、グランドゴルフ、花見の会、暑気払い、忘年会、旅行,週1～5回,,地域包括支援センターくるみ,048-622-8103,35.88935,139.59871
加茂川団地　鴨川会,加茂川団地自治会館,さいたま市西区植田谷本137-1,音楽（歌唱・演奏）,鴨川会会員限定、囲碁、麻雀、カラオケ、手芸、グランドゴルフ、花見の会、暑気払い、忘年会、旅行,週1～5回,,地域包括支援センターくるみ,048-622-8103,35.88935,139.59871
加茂川団地　ハッピーサロン,加茂川団地自治会館,さいたま市西区植田谷本137-1,介護予防教室,茶話会、健康体操,第1・第3水曜10：00～,無償,地域包括支援センターくるみ,048-622-8103,35.88935,139.59871
加茂川団地　鴨川会,加茂川団地自治会館,さいたま市西区植田谷本137-1,健康麻雀・囲碁・将棋,鴨川会会員限定、囲碁、麻雀、カラオケ、手芸、グランドゴルフ、花見の会、暑気払い、忘年会、旅行,週1～5回,,地域包括支援センターくるみ,048-622-8103,35.88935,139.59871
加茂川団地　鴨川会,加茂川団地自治会館,さいたま市西区植田谷本137-1,手芸,鴨川会会員限定、囲碁、麻雀、カラオケ、手芸、グランドゴルフ、花見の会、暑気払い、忘年会、旅行,週1～5回,,地域包括支援センターくるみ,048-622-8103,35.88935,139.59871
美園転倒予防教室,美園公民館,さいたま市緑区大門1973-1,運動・スポーツ,地域の高齢者の皆様の健康増進、介護予防のため、手軽にできる体操教室を開催させていただいてます。,毎月第2火曜10:00～11:00,無償,シニアサポートセンター　リバティハウス,048-875-3111,35.88954291,139.71784095
美園転倒予防教室,美園公民館,さいたま市緑区大門1973-1,介護予防教室,地域の高齢者の皆様の健康増進、介護予防のため、手軽にできる体操教室を開催させていただいてます。,毎月第2火曜10:00～11:00,無償,シニアサポートセンター　リバティハウス,048-875-3111,35.88954291,139.71784095
美園転倒予防教室,美園公民館,さいたま市緑区大門1973-1,体操教室,地域の高齢者の皆様の健康増進、介護予防のため、手軽にできる体操教室を開催させていただいてます。,毎月第2火曜10:00～11:00,無償,シニアサポートセンター　リバティハウス,048-875-3111,35.88954291,139.71784095
美園太極サークル,美園公民館,さいたま市緑区大門1973-1,運動・スポーツ,準備体操、24式太極拳、扇、剣、整理体操など。指導者がいないのでそれぞれ出来る範囲で、自主的に考え楽しんでいます。休憩時間のおしゃべりも楽しみの１つです。,月3回火曜日　　,無償,シニアサポートセンター　リバティハウス,048-875-3111,35.8895573483758,139.717890196515
通いの場　よりみちサロンつむぎ,㈱ヤマシタ,埼玉県さいたま市大宮区桜木町4-686,サロン・茶話会,どこに住んでいても、認知症などの病気があっても、歩いて行ける範囲にある通いの場。手芸好きさんの集まりです。,"月1回第4（火）
10：00～11：30",無償,ナーシングヴィラ与野,048-859-5375,35.88956,139.6184
通いの場　よりみちサロンつむぎ,㈱ヤマシタ,埼玉県さいたま市大宮区桜木町4-686,交流その他,どこに住んでいても、認知症などの病気があっても、歩いて行ける範囲にある通いの場。手芸好きさんの集まりです。,"月1回第4（火）
10：00～11：30",無償,ナーシングヴィラ与野,048-859-5375,35.88956,139.6184
通いの場　よりみちサロンつむぎ,㈱ヤマシタ,埼玉県さいたま市大宮区桜木町4-686,手芸,どこに住んでいても、認知症などの病気があっても、歩いて行ける範囲にある通いの場。手芸好きさんの集まりです。,"月1回第4（火）
10：00～11：30",無償,ナーシングヴィラ与野,048-859-5375,35.88956,139.6184
"元気サロン
元気クラブ体操教室",埼玉トヨペット与野支店　ショールーム,埼玉県さいたま市中央区上落合2-2-1,サロン・茶話会,"サロン＆会食をしています。近所に住んでいてもなかなか会う機会がないので、月に一回の食事とお喋りを楽しんでいます。
対象地区・対象者：主に中央区上落合在住の方","体操：第１、3木曜日
サロン：1回／月",有償,ナーシングヴィラ与野,048-859-5375,35.88968045,139.62887942
"元気サロン
元気クラブ体操教室",埼玉トヨペット与野支店　ショールーム,埼玉県さいたま市中央区上落合2-2-1,安否確認,"サロン＆会食をしています。近所に住んでいてもなかなか会う機会がないので、月に一回の食事とお喋りを楽しんでいます。
対象地区・対象者：主に中央区上落合在住の方","体操：第１、3木曜日
サロン：1回／月",有償,ナーシングヴィラ与野,048-859-5375,35.88968045,139.62887942
"元気サロン
元気クラブ体操教室",埼玉トヨペット与野支店　ショールーム,埼玉県さいたま市中央区上落合2-2-1,会食会,"サロン＆会食をしています。近所に住んでいてもなかなか会う機会がないので、月に一回の食事とお喋りを楽しんでいます。
対象地区・対象者：主に中央区上落合在住の方","体操：第１、3木曜日
サロン：1回／月",有償,ナーシングヴィラ与野,048-859-5375,35.88968045,139.62887942
"元気サロン
元気クラブ体操教室",埼玉トヨペット与野支店　ショールーム,埼玉県さいたま市中央区上落合2-2-1,体操教室,"サロン＆会食をしています。近所に住んでいてもなかなか会う機会がないので、月に一回の食事とお喋りを楽しんでいます。
対象地区・対象者：主に中央区上落合在住の方","体操：第１、3木曜日
サロン：1回／月",有償,ナーシングヴィラ与野,048-859-5375,35.88968045,139.62887942
"元気サロン
元気クラブ体操教室",埼玉トヨペット与野支店　ショールーム,埼玉県さいたま市中央区上落合2-2-1,話し相手・傾聴,"サロン＆会食をしています。近所に住んでいてもなかなか会う機会がないので、月に一回の食事とお喋りを楽しんでいます。
対象地区・対象者：主に中央区上落合在住の方","体操：第１、3木曜日
サロン：1回／月",有償,ナーシングヴィラ与野,048-859-5375,35.88968045,139.62887942
ミモザの会,美園公民館,さいたま市緑区大門1973-1,体操教室,いきいき百歳体操を中心に準備運動等を約1時間行う,"1ヶ月に３回
14:00～15:30",無償,シニアサポートセンター　リバティハウス,048-875-3111,35.8897572629793,139.717879467678
いきいき百歳体操　山崎,山崎市民の窓口２階,さいたま市緑区三室223番地8,サロン・茶話会,"
百歳体操を通じて意見交換、茶話会を開き、親交を深める。自治会より助成あり。会費は無し。","月3回。金曜日13:00～
16:00",無償,シニアサポートセンター　リバティハウス,048-875-3111,35.88980878,139.66760123
山﨑　ふれあいサロン,山崎市民の窓口２階,さいたま市緑区三室223-8,サロン・茶話会,介護予防や仲間作り　生きがいづくり　さらに交流の輪を広げ　地域のつながりを強めることを目的とし　山崎自治会主催で開催されています。お茶を飲みながらおしゃべりやゲーム等をします。,第３　木曜日（５・７・１０・　１１・１・３月）　13:30～15:30,無償,三室地区社会福祉協議会,048-826-6250,35.88980878,139.66760123
いきいき百歳体操　山崎,山崎市民の窓口２階,さいたま市緑区三室223番地8,介護予防教室,"
百歳体操を通じて意見交換、茶話会を開き、親交を深める。自治会より助成あり。会費は無し。","月3回。金曜日13:00～
16:00",無償,シニアサポートセンター　リバティハウス,048-875-3111,35.88980878,139.66760123
山﨑　ふれあいサロン,山崎市民の窓口２階,さいたま市緑区三室223-8,会食会,介護予防や仲間作り　生きがいづくり　さらに交流の輪を広げ　地域のつながりを強めることを目的とし　山崎自治会主催で開催されています。お茶を飲みながらおしゃべりやゲーム等をします。,第３　木曜日（５・７・１０・　１１・１・３月）　13:30～15:30,無償,三室地区社会福祉協議会,048-826-6250,35.88980878,139.66760123
いきいき百歳体操　山崎,山崎市民の窓口２階,さいたま市緑区三室223番地8,体操教室,"
百歳体操を通じて意見交換、茶話会を開き、親交を深める。自治会より助成あり。会費は無し。","月3回。金曜日13:00～
16:00",無償,シニアサポートセンター　リバティハウス,048-875-3111,35.88980878,139.66760123
いきいき百歳体操　山崎,山崎市民の窓口２階,さいたま市緑区三室223番地8,話し相手・傾聴,"
百歳体操を通じて意見交換、茶話会を開き、親交を深める。自治会より助成あり。会費は無し。","月3回。金曜日13:00～
16:00",無償,シニアサポートセンター　リバティハウス,048-875-3111,35.88980878,139.66760123
上木崎5丁目自治協力会,上木崎5丁目自治協力会,さいたま市浦和区上木崎5丁目19番13号,安否確認,"町内清掃会（1回/月）、防犯パトロール、夏祭り、節分豆まき、バス研修旅行（1回/年）、健康・介護予防講座（2回/年）等を行っています。
【対象地区：上木崎5丁目地域内】",随時,無償,シニアサポートセンター かさい医院,048-823-3031,35.88986957,139.64633916
上木崎5丁目自治協力会,上木崎5丁目自治協力会,さいたま市浦和区上木崎5丁目19番13号,環境美化・清掃,"町内清掃会（1回/月）、防犯パトロール、夏祭り、節分豆まき、バス研修旅行（1回/年）、健康・介護予防講座（2回/年）等を行っています。
【対象地区：上木崎5丁目地域内】",随時,無償,シニアサポートセンター かさい医院,048-823-3031,35.88986957,139.64633916
上木崎5丁目自治協力会,上木崎5丁目自治協力会,さいたま市浦和区上木崎5丁目19番13号,交流その他,"町内清掃会（1回/月）、防犯パトロール、夏祭り、節分豆まき、バス研修旅行（1回/年）、健康・介護予防講座（2回/年）等を行っています。
【対象地区：上木崎5丁目地域内】",随時,無償,シニアサポートセンター かさい医院,048-823-3031,35.88986957,139.64633916
上木崎5丁目自治協力会,上木崎5丁目自治協力会,さいたま市浦和区上木崎5丁目19番13号,防犯パトロール,"町内清掃会（1回/月）、防犯パトロール、夏祭り、節分豆まき、バス研修旅行（1回/年）、健康・介護予防講座（2回/年）等を行っています。
【対象地区：上木崎5丁目地域内】",随時,無償,シニアサポートセンター かさい医院,048-823-3031,35.88986957,139.64633916
こもれび,メディカルモール新都心,さいたま市浦和区上木崎2丁目7番13号,介護予防教室,いきいき百歳体操を実施しています。,毎週木曜日13:30～,無償,シニアサポートセンター かさい医院,048-823-3031,35.88992,139.64041
歌声てらす,き咲きてらす,さいたま市浦和区木崎3丁目6-6,サロン・茶話会,毎月楽しく唱歌・季節の歌をうたっています。,毎月第3木曜日,有償,シニアサポートセンタースマイルハウス浦和,048-813-7710,35.8899375227921,139.656391145408
いこいてらす,き咲きてらす,さいたま市浦和区木崎3丁目6-6,サロン・茶話会,世代を問わず、来られた方々がくつろぎ語らいを楽しみ、出会った人たち同士が気楽に交流できる空間を提供しています。,"毎週火曜日
10:00～12:00",有償,シニアサポートセンタースマイルハウス浦和,048-813-7710,35.8899375227921,139.656391145408
歌声てらす,き咲きてらす,さいたま市浦和区木崎3丁目6-6,音楽（歌唱・演奏）,毎月楽しく唱歌・季節の歌をうたっています。,毎月第3木曜日,有償,シニアサポートセンタースマイルハウス浦和,048-813-7710,35.8899375227921,139.656391145408
いきいき木崎,き咲きてらす,さいたま市浦和区木崎3丁目6-6,介護予防教室,いきいき百歳体操と脳トレを実施しています。,"毎月第2,4月曜日",有償,シニアサポートセンタースマイルハウス浦和,048-813-7710,35.8899375227921,139.656391145408
いこいてらす,き咲きてらす,さいたま市浦和区木崎3丁目6-6,話し相手・傾聴,世代を問わず、来られた方々がくつろぎ語らいを楽しみ、出会った人たち同士が気楽に交流できる空間を提供しています。,"毎週火曜日
10:00～12:00",有償,シニアサポートセンタースマイルハウス浦和,048-813-7710,35.8899375227921,139.656391145408
アジサイクラブ,和楽荘,さいたま市緑区三室2458,運動・スポーツ,百歳体操を中心に無理せず、頑張りすぎずをモットーに、楽しく健康作りを目指しています。,月3回火曜日10:00～　　12:00,無償,シニアサポートセンター　リバティハウス,048-875-3111,35.8900484968359,139.677517138842
アジサイクラブ,和楽荘,さいたま市緑区三室2458,介護予防教室,百歳体操を中心に無理せず、頑張りすぎずをモットーに、楽しく健康作りを目指しています。,月3回火曜日10:00～　　12:00,無償,シニアサポートセンター　リバティハウス,048-875-3111,35.8900484968359,139.677517138842
アジサイクラブ,和楽荘,さいたま市緑区三室2458,交流その他,百歳体操を中心に無理せず、頑張りすぎずをモットーに、楽しく健康作りを目指しています。,月3回火曜日10:00～　　12:00,無償,シニアサポートセンター　リバティハウス,048-875-3111,35.8900484968359,139.677517138842
アジサイクラブ,和楽荘,さいたま市緑区三室2458,体操教室,百歳体操を中心に無理せず、頑張りすぎずをモットーに、楽しく健康作りを目指しています。,月3回火曜日10:00～　　12:00,無償,シニアサポートセンター　リバティハウス,048-875-3111,35.8900484968359,139.677517138842
楽７（らくな）クラブ,和楽荘,さいたま市緑区三室24558,運動・スポーツ,準備体操、百歳体操、整理体操、の流れの中で、会話を楽しみながら運動しています。,"月4回金曜日14:00～
16:00",無償,シニアサポートセンター　リバティハウス,048-875-3111,35.89014,139.6776
楽７（らくな）クラブ,和楽荘,さいたま市緑区三室24558,介護予防教室,準備体操、百歳体操、整理体操、の流れの中で、会話を楽しみながら運動しています。,"月4回金曜日14:00～
16:00",無償,シニアサポートセンター　リバティハウス,048-875-3111,35.89014,139.6776
楽７（らくな）クラブ,和楽荘,さいたま市緑区三室24558,体操教室,準備体操、百歳体操、整理体操、の流れの中で、会話を楽しみながら運動しています。,"月4回金曜日14:00～
16:00",無償,シニアサポートセンター　リバティハウス,048-875-3111,35.89014,139.6776
与野ハウスいきいき体操の会,与野ハウス集会室,埼玉県さいたま市中央区上落合1-9-2,介護予防教室,"同じマンション（与野ハウス）に住む人達の百歳体操の会。
対象者：与野ハウス在住者","毎週金曜日
10：00～12：00",有償,ナーシングヴィラ与野,048-859-5375,35.8903524709683,139.629410488685
与野ハウスいきいき体操の会,与野ハウス集会室,埼玉県さいたま市中央区上落合1-9-2,交流その他,"同じマンション（与野ハウス）に住む人達の百歳体操の会。
対象者：与野ハウス在住者","毎週金曜日
10：00～12：00",有償,ナーシングヴィラ与野,048-859-5375,35.8903524709683,139.629410488685
楽々会,与野本町老人憩いの家,埼玉県さいたま市中央区本町東5-17-25,介護予防教室,膝痛、腰痛の予防、改善方法（ストレッチ、ハーモニー体操、筋トレ、リンパマッサージ、日常動作の留意点など）,"
毎週木曜日9：30～10：30、10：40～11：40の二部制",有償,ナーシングヴィラ与野,048-859-5375,35.8904698840149,139.620517282004
楽々会,与野本町老人憩いの家,埼玉県さいたま市中央区本町東5-17-25,体操教室,膝痛、腰痛の予防、改善方法（ストレッチ、ハーモニー体操、筋トレ、リンパマッサージ、日常動作の留意点など）,"
毎週木曜日9：30～10：30、10：40～11：40の二部制",有償,ナーシングヴィラ与野,048-859-5375,35.8904698840149,139.620517282004
通いの場　よりみちサロンなごみ,与野本町老人憩いの家,埼玉県さいたま市中央区本町東5-17-25,サロン・茶話会,どこに住んでいても、認知症などの病気があっても、歩いて行ける範囲にある通いの場。手芸や手工芸を楽しんでいます。,"月1回第2（水）
13：30～15：30",無償,ナーシングヴィラ与野,048-859-5375,35.89049,139.62051
通いの場　よりみちサロンなごみ,与野本町老人憩いの家,埼玉県さいたま市中央区本町東5-17-25,交流その他,どこに住んでいても、認知症などの病気があっても、歩いて行ける範囲にある通いの場。手芸や手工芸を楽しんでいます。,"月1回第2（水）
13：30～15：30",無償,ナーシングヴィラ与野,048-859-5375,35.89049,139.62051
通いの場　よりみちサロンなごみ,与野本町老人憩いの家,埼玉県さいたま市中央区本町東5-17-25,手芸,どこに住んでいても、認知症などの病気があっても、歩いて行ける範囲にある通いの場。手芸や手工芸を楽しんでいます。,"月1回第2（水）
13：30～15：30",無償,ナーシングヴィラ与野,048-859-5375,35.89049,139.62051
ボランティア体験サロン,"グリーンヒルうらわ
ぎんもくせい食堂",さいたま市緑区馬場1-7-1,サロン・茶話会,古切手の整理、雑巾縫い,毎月第２水曜10:00～11:30,無償,三室地区社会福祉協議会,048-826-6250,35.89055,139.68134
ボランティア体験サロン,"グリーンヒルうらわ
ぎんもくせい食堂",さいたま市緑区馬場1-7-1,その他活動,古切手の整理、雑巾縫い,毎月第２水曜10:00～11:30,無償,三室地区社会福祉協議会,048-826-6250,35.89055,139.68134
ボランティア体験サロン,"グリーンヒルうらわ
ぎんもくせい食堂",さいたま市緑区馬場1-7-1,交流その他,古切手の整理、雑巾縫い,毎月第２水曜10:00～11:30,無償,三室地区社会福祉協議会,048-826-6250,35.89055,139.68134
フォトサークル・オプト,With you さいたま,さいたま市中央区新都心2－2,写真・パソコン,平成18年に会員相互の意見交換等を通じて写真の技量アップを図ることを目的に設立され、平成21年からグループ作品展を埼玉県立近代美術館等で毎年開催しています。,"例会：月1回（原則第2土曜日の午後）
撮影会：不定期
グループ作品展：年1回（令和5年度は9/19～24に第15回展を開催予定）",有償,シニアサポートセンタースマイルハウス浦和,048-813-7710,35.8907070590126,139.632884275116
こみに亭ひだまり,グリーンヒルうらわ,さいたま市緑区馬場1-7-1,サロン・茶話会,バランスボールや収縮チューブを使っての運動、歌に合わせて手話ソング、頭の体操、語り部等、健康寿命を伸ばすことを意識しての居場所作り。,"毎月第３水曜10:00～
11:00",有償,シニアサポートセンター　リバティハウス,048-875-3111,35.89077824,139.68087784
こみに亭ひだまり,グリーンヒルうらわ,さいたま市緑区馬場1-7-1,介護予防教室,バランスボールや収縮チューブを使っての運動、歌に合わせて手話ソング、頭の体操、語り部等、健康寿命を伸ばすことを意識しての居場所作り。,"毎月第３水曜10:00～
11:00",有償,シニアサポートセンター　リバティハウス,048-875-3111,35.89077824,139.68087784
"元気に！エクササイズ
&ウォーク",グリーンヒルうらわ１階ぎんもくせい食堂,さいたま市緑区馬場1-7-1,介護予防教室,ボールとゴムを使ったストレッチ運動とウォーキング等、全身運動を行います。,毎月第１　火曜日　10:00～11:00,無償,三室地区社会福祉協議会,048-826-6250,35.89077824,139.68087784
和みの会,ソフィアさいたま新都心パーティールーム,埼玉県さいたま市中央区本町西5-2-1,サロン・茶話会,"茶話会・介護予防の知識
「知りたいこと」を聞き、取り入れ、講座を開催する。
対象者：主に中央区本町西
65歳以上の一人暮らしの方と高齢者のみ世帯",6回／年,無償,ナーシングヴィラ与野,048-859-5375,35.89137171,139.61647478
和みの会,ソフィアさいたま新都心パーティールーム,埼玉県さいたま市中央区本町西5-2-1,安否確認,"茶話会・介護予防の知識
「知りたいこと」を聞き、取り入れ、講座を開催する。
対象者：主に中央区本町西
65歳以上の一人暮らしの方と高齢者のみ世帯",6回／年,無償,ナーシングヴィラ与野,048-859-5375,35.89137171,139.61647478
和みの会,ソフィアさいたま新都心パーティールーム,埼玉県さいたま市中央区本町西5-2-1,話し相手・傾聴,"茶話会・介護予防の知識
「知りたいこと」を聞き、取り入れ、講座を開催する。
対象者：主に中央区本町西
65歳以上の一人暮らしの方と高齢者のみ世帯",6回／年,無償,ナーシングヴィラ与野,048-859-5375,35.89137171,139.61647478
おぶさと健康クラブ,おぶさと住宅自治会館,さいたま市緑区三室６３６－７８,介護予防教室,体調に合わせて無理をしないことをモットーにしています。終わってからのおしゃべりも楽しんでいます。時々、お茶会もしています。,毎月第１・第３火曜日　13:30～15:00　　　,無償,シニアサポートセンター　リバティハウス,048-875-3111,35.89165,139.67475
見沼代用水　オレンジウォーキング,見沼代用水遊歩道,さいたま市浦和区大原１丁目,運動・スポーツ,認知症の方もそのご家族地域の方どなたも参加頂けるウォーキング。見沼代用水の季節の花を眺めながら健康維持と地域の交流を図ります。,月1回（夏期・冬期の休みあり）,無償,シニアサポートセンター かさい医院,048-823-3031,35.89175277,139.6530969
見沼代用水　オレンジウォーキング,見沼代用水遊歩道,さいたま市浦和区大原１丁目,介護予防教室,認知症の方もそのご家族地域の方どなたも参加頂けるウォーキング。見沼代用水の季節の花を眺めながら健康維持と地域の交流を図ります。,月1回（夏期・冬期の休みあり）,無償,シニアサポートセンター かさい医院,048-823-3031,35.89175277,139.6530969
見沼代用水　オレンジウォーキング,見沼代用水遊歩道,さいたま市浦和区大原１丁目,交流その他,認知症の方もそのご家族地域の方どなたも参加頂けるウォーキング。見沼代用水の季節の花を眺めながら健康維持と地域の交流を図ります。,月1回（夏期・冬期の休みあり）,無償,シニアサポートセンター かさい医院,048-823-3031,35.89175277,139.6530969
上町自治会サンサンサロン,上町氷川会館,埼玉県さいたま市中央区本町東6-7-30,サロン・茶話会,"サロン活動を通して自治会会員の親睦を計り、自治会活動を広めると共に地域のコミュニティーの場所となることを目的とする。
対象地区：上町自治会地域内
対象者：上町自治会会員",1回／月,無償,ナーシングヴィラ与野,048-859-5375,35.8918,139.61764
上町自治会サンサンサロン,上町氷川会館,埼玉県さいたま市中央区本町東6-7-30,音楽（歌唱・演奏）,"サロン活動を通して自治会会員の親睦を計り、自治会活動を広めると共に地域のコミュニティーの場所となることを目的とする。
対象地区：上町自治会地域内
対象者：上町自治会会員",1回／月,無償,ナーシングヴィラ与野,048-859-5375,35.8918,139.61764
上町自治会サンサンサロン,上町氷川会館,埼玉県さいたま市中央区本町東6-7-30,健康麻雀・囲碁・将棋,"サロン活動を通して自治会会員の親睦を計り、自治会活動を広めると共に地域のコミュニティーの場所となることを目的とする。
対象地区：上町自治会地域内
対象者：上町自治会会員",1回／月,無償,ナーシングヴィラ与野,048-859-5375,35.8918,139.61764
上町自治会サンサンサロン,上町氷川会館,埼玉県さいたま市中央区本町東6-7-30,手芸,"サロン活動を通して自治会会員の親睦を計り、自治会活動を広めると共に地域のコミュニティーの場所となることを目的とする。
対象地区：上町自治会地域内
対象者：上町自治会会員",1回／月,無償,ナーシングヴィラ与野,048-859-5375,35.8918,139.61764
上町つくしサロン,上町自治会館,埼玉県さいたま市中央区本町東6-7,サロン・茶話会,いきいき百歳体操を中心に、各種コグニサイズ、目玉の体操、誤嚥防止口腔体操、手遊び、早口言葉、発音練習、サロン活動などを行っています。また、地域包括支援センターと合同で医師や理学療法士による健康講座を開催しました。,"毎週月曜日
13:30～15:30
※但し自治会の活動日および年末年始は除く。",有償,ナーシングヴィラ与野,859-5375,35.8918176187751,139.617575117782
上町つくしサロン,上町自治会館,埼玉県さいたま市中央区本町東6-7,体操教室,いきいき百歳体操を中心に、各種コグニサイズ、目玉の体操、誤嚥防止口腔体操、手遊び、早口言葉、発音練習、サロン活動などを行っています。また、地域包括支援センターと合同で医師や理学療法士による健康講座を開催しました。,"毎週月曜日
13:30～15:30
※但し自治会の活動日および年末年始は除く。",有償,ナーシングヴィラ与野,859-5375,35.8918176187751,139.617575117782
キララ・カフェ,キララガーデン・フィットネスアリーナ,埼玉県さいたま市中央区円阿弥5-8-50,サロン・茶話会,"・声を出す
　①皆で季節に応じた歌をうたう（小学唱歌中心）　②早口ことば　③美しい日本語（詩歌・物語の出だし）を声を出して読み合う
・体を動かす
　①いきいき百歳体操　②ラジオ体操
対象者：キララガーデン居住者","毎月第二・四木曜日
10時～12時",無償,ナーシングヴィラ与野,048-859-5375,35.8921756286292,139.607720557157
キララ・カフェ,キララガーデン・フィットネスアリーナ,埼玉県さいたま市中央区円阿弥5-8-50,運動・スポーツ,"・声を出す
　①皆で季節に応じた歌をうたう（小学唱歌中心）　②早口ことば　③美しい日本語（詩歌・物語の出だし）を声を出して読み合う
・体を動かす
　①いきいき百歳体操　②ラジオ体操
対象者：キララガーデン居住者","毎月第二・四木曜日
10時～12時",無償,ナーシングヴィラ与野,048-859-5375,35.8921756286292,139.607720557157
キララ・カフェ,キララガーデン・フィットネスアリーナ,埼玉県さいたま市中央区円阿弥5-8-50,音楽（歌唱・演奏）,"・声を出す
　①皆で季節に応じた歌をうたう（小学唱歌中心）　②早口ことば　③美しい日本語（詩歌・物語の出だし）を声を出して読み合う
・体を動かす
　①いきいき百歳体操　②ラジオ体操
対象者：キララガーデン居住者","毎月第二・四木曜日
10時～12時",無償,ナーシングヴィラ与野,048-859-5375,35.8921756286292,139.607720557157
いきいき下野田体操,下野田自治会館,さいたま市緑区下野田429-1,サロン・茶話会,"百歳体操とラジオ体操とバランスボールを使って足腰が丈夫になりますように運動をしております。その後唄を4曲唄ってからお茶してコミュニケーションをはかって皆さんと和気あいあい楽しく話しています。　　
下野田地区に住んでいる方　60歳以上の方",第２・第４木曜日　10:00～11:30,無償,シニアサポートセンター　リバティハウス,048-875-3111,35.89254,139.72506
いきいき下野田体操,下野田自治会館,さいたま市緑区下野田429-1,音楽（歌唱・演奏）,"百歳体操とラジオ体操とバランスボールを使って足腰が丈夫になりますように運動をしております。その後唄を4曲唄ってからお茶してコミュニケーションをはかって皆さんと和気あいあい楽しく話しています。　　
下野田地区に住んでいる方　60歳以上の方",第２・第４木曜日　10:00～11:30,無償,シニアサポートセンター　リバティハウス,048-875-3111,35.89254,139.72506
いきいき下野田体操,下野田自治会館,さいたま市緑区下野田429-1,介護予防教室,"百歳体操とラジオ体操とバランスボールを使って足腰が丈夫になりますように運動をしております。その後唄を4曲唄ってからお茶してコミュニケーションをはかって皆さんと和気あいあい楽しく話しています。　　
下野田地区に住んでいる方　60歳以上の方",第２・第４木曜日　10:00～11:30,無償,シニアサポートセンター　リバティハウス,048-875-3111,35.89254,139.72506
いきいき下野田体操,下野田自治会館,さいたま市緑区下野田429-1,会食会,"百歳体操とラジオ体操とバランスボールを使って足腰が丈夫になりますように運動をしております。その後唄を4曲唄ってからお茶してコミュニケーションをはかって皆さんと和気あいあい楽しく話しています。　　
下野田地区に住んでいる方　60歳以上の方",第２・第４木曜日　10:00～11:30,無償,シニアサポートセンター　リバティハウス,048-875-3111,35.89254,139.72506
大原公園ラジオ体操の会,浦和区大原公園,さいたま市浦和区大原1丁目21番,運動・スポーツ,健康の維持を目標として、毎日のラジオ体操を行っています。,毎朝6:30～,無償,シニアサポートセンター かさい医院,048-823-3031,35.893,139.65427
シニアクラブ長楽会,上落合公民館・公園等,埼玉県さいたま市中央区上落合４丁目８−１９　他,サロン・茶話会,"・唄う会（ピアノ演奏に合わせて、懐かしい歌を歌います）
・グランドゴルフ・サロン
・朝のラジオ体操・花植え活動、草むしり等
・自治会と共同で八幡通り清掃
長寿応援ポイント（楽々会）有
対象地区：中央区上落合3,4丁目在住者","唄う会：毎月第3水曜日
変更の可能性有",条件付き無償,ナーシングヴィラ与野,048-859-5375,35.8930635369307,139.623518532663
シニアクラブ長楽会,上落合公民館・公園等,埼玉県さいたま市中央区上落合４丁目８−１９　他,運動・スポーツ,"・唄う会（ピアノ演奏に合わせて、懐かしい歌を歌います）
・グランドゴルフ・サロン
・朝のラジオ体操・花植え活動、草むしり等
・自治会と共同で八幡通り清掃
長寿応援ポイント（楽々会）有
対象地区：中央区上落合3,4丁目在住者","唄う会：毎月第3水曜日
変更の可能性有",条件付き無償,ナーシングヴィラ与野,048-859-5375,35.8930635369307,139.623518532663
シニアクラブ長楽会,上落合公民館・公園等,埼玉県さいたま市中央区上落合４丁目８−１９　他,会食会,"・唄う会（ピアノ演奏に合わせて、懐かしい歌を歌います）
・グランドゴルフ・サロン
・朝のラジオ体操・花植え活動、草むしり等
・自治会と共同で八幡通り清掃
長寿応援ポイント（楽々会）有
対象地区：中央区上落合3,4丁目在住者","唄う会：毎月第3水曜日
変更の可能性有",条件付き無償,ナーシングヴィラ与野,048-859-5375,35.8930635369307,139.623518532663
シニアクラブ長楽会,上落合公民館・公園等,埼玉県さいたま市中央区上落合４丁目８−１９　他,環境美化・清掃,"・唄う会（ピアノ演奏に合わせて、懐かしい歌を歌います）
・グランドゴルフ・サロン
・朝のラジオ体操・花植え活動、草むしり等
・自治会と共同で八幡通り清掃
長寿応援ポイント（楽々会）有
対象地区：中央区上落合3,4丁目在住者","唄う会：毎月第3水曜日
変更の可能性有",条件付き無償,ナーシングヴィラ与野,048-859-5375,35.8930635369307,139.623518532663
一般社団法人　願いのくるま,市内全域各所,埼玉県さいたま市中央区新都心11-2　LAタワー10階,その他活動,ターミナルケアを受けている方を対象にその方が望む場所へ“無料”でお連れするボランティア団体です。,随時,無償,一般社団法人　願いのくるま,048-601-0852,35.893374438324,139.632607436073
たんぽぽ,上落合公民館,埼玉県さいたま市中央区上落合6-9-3,介護予防教室,いきいき百歳体操の自主グループ。体操のあと、皆でおしゃべりを楽しんでいます。,"毎週金曜日　
13：00～15：00",無償,ナーシングヴィラ与野,048-859-5375,35.8935,139.62355
たんぽぽ,上落合公民館,埼玉県さいたま市中央区上落合6-9-3,交流その他,いきいき百歳体操の自主グループ。体操のあと、皆でおしゃべりを楽しんでいます。,"毎週金曜日　
13：00～15：00",無償,ナーシングヴィラ与野,048-859-5375,35.8935,139.62355
OIDE（おいで）サロン,上落合公民館,埼玉県さいたま市中央区上落合6-9-3,その他活動,茶話会　ゲーム　バザー　歌,"月1回
9：30～11：30
※休止中",有償,ナーシングヴィラ与野,048-859-5375,35.8935148626269,139.623564982514
スマホクラブ,上落合公民館,埼玉県さいたま市中央区上落合6-9-3,その他活動,月１～2回集まって、スマホの基本操作について学習します。「スマホのちょっとしたことが分からない」を解決！楽しく、便利に使いこなせるようになります。,随時,有償,佐々木　京子,050-7116-5035,35.8935148626269,139.623564982514
上落合百一歳体操の会,上落合公民館,埼玉県さいたま市中央区上落合6丁目9-3,運動・スポーツ,"百歳体操、セラバンド、歌
対象者：対象区域：制限なし","毎週水曜日　
9：30～11：30",無償,ナーシングヴィラ与野,048-859-5375,35.8935148626269,139.623564982514
OIDE（おいで）サロン,上落合公民館,埼玉県さいたま市中央区上落合6-9-3,音楽（歌唱・演奏）,茶話会　ゲーム　バザー　歌,"月1回
9：30～11：30
※休止中",有償,ナーシングヴィラ与野,048-859-5375,35.8935148626269,139.623564982514
いきいきひまわり,上落合公民館,埼玉県さいたま市中央区上落合6-9-3,介護予防教室,・いきいき百歳体操,"毎週月曜日
10：00～11：30",無償,ナーシングヴィラ与野,048-859-5375,35.8935148626269,139.623564982514
いきいき上落合,上落合公民館,埼玉県さいたま市中央区上落合6-9-3,介護予防教室,いきいき百歳体操実践マニュアルを見ながら声を出して体操しています。,"毎週月曜日
13:30～15：00",有償,ナーシングヴィラ与野,048-859-5375,35.8935148626269,139.623564982514
いきいきひまわり,上落合公民館,埼玉県さいたま市中央区上落合6-9-3,体操教室,・いきいき百歳体操,"毎週月曜日
10：00～11：30",無償,ナーシングヴィラ与野,048-859-5375,35.8935148626269,139.623564982514
話し方同好会,上落合公民館,埼玉県さいたま市中央区上落合6-9-3,交流その他,高齢になると体調をくずしたり、一人居住になったりで、人と会う機会が少なくなるので、月２回、人の話を聴き、自身も話し（３分間スピーチ、雑談、食事会）お互いに楽しい時間を過ごす。,第１・第3水曜　10時～12時,無償,ナーシングヴィラ与野,048-859-5375,35.8935694498237,139.623414300364
話し方同好会,上落合公民館,埼玉県さいたま市中央区上落合6-9-3,住民主体の学習会,高齢になると体調をくずしたり、一人居住になったりで、人と会う機会が少なくなるので、月２回、人の話を聴き、自身も話し（３分間スピーチ、雑談、食事会）お互いに楽しい時間を過ごす。,第１・第3水曜　10時～12時,無償,ナーシングヴィラ与野,048-859-5375,35.8935694498237,139.623414300364
バランス食の会　①男の料理教室②らくらくクッキング,上落合公民館　調理室,埼玉県さいたま市中央区上落合6-9-3,料理,"栄養士が開催する料理教室です。季節の食材を使ったバランスの良いメニューを学びながら、みんなで和気あいあいと実習し、試食を楽しみます。
対象者：①男性限定　②女性限定",①毎月第３水曜日9：30～②毎月第４水曜日9：30～（８月、１月は休講　　年１０回開催）,有償,ナーシングヴィラ与野,048-859-5375,35.8935694498237,139.623414300364
植水地区社協,植水児童センター内,さいたま市西区中野林174-1,会食会,70歳以上の単身者を対象に、月1回のふれあい会食会を開催。新川・鴨川ウオーク、チャリティーゴルフ大会、新春ふれあいコンサート等,毎月第2金曜11：00～,無償,植水地区社会福祉協議会,048-625-5836,35.89374875,139.59211282
植水地区社協,植水児童センター内,さいたま市西区中野林174-1,交流その他,70歳以上の単身者を対象に、月1回のふれあい会食会を開催。新川・鴨川ウオーク、チャリティーゴルフ大会、新春ふれあいコンサート等,毎月第2金曜11：00～,無償,植水地区社会福祉協議会,048-625-5836,35.89374875,139.59211282
植水にこにこ体操,植水老人憩いの家,さいたま市西区中野林174-1,運動・スポーツ,第1、2週は月曜日、第3、4週は金曜日,毎月4回　第1、2月曜日、第3、4金曜日,無償,地域包括支援センターくるみ,048-622-8103,35.89374875,139.59211282
植水ストレッチサークル,植水公民館等,さいたま市西区中野林173-2,体操教室,月4回水曜日の午後はストレッチの日ときめ、汗をかき、おしゃべり、笑いありの楽しい時を過ごしています。,毎週水曜日13：00～,有償,上田　和子,048-624-5404,35.89389,139.59175
グループ亀春,三橋４丁目自治会館,さいたま市大宮区三橋4-258,体操教室,"いきいき百歳体操　自主グループ　　
脳トレなどを実施",金曜・午後,無償,大宮区西部圏域シニアサポートセンター 春陽苑,048-661-8611,35.89532651,139.6045201
北二チューリップ,北袋町自治会館,さいたま市大宮区北袋町1-190,安否確認,いきいき百歳体操を通して健康づくりに努めます。また、参加者同士で交流を図ります。,第２，４火曜日10：00～11：00,無償,シニアサポートセンター白菊苑,048-658-5588,35.8954533987694,139.641379083025
北二チューリップ,北袋町自治会館,さいたま市大宮区北袋町1-190,介護予防教室,いきいき百歳体操を通して健康づくりに努めます。また、参加者同士で交流を図ります。,第２，４火曜日10：00～11：00,無償,シニアサポートセンター白菊苑,048-658-5588,35.8954533987694,139.641379083025
北二チューリップ,北袋町自治会館,さいたま市大宮区北袋町1-190,話し相手・傾聴,いきいき百歳体操を通して健康づくりに努めます。また、参加者同士で交流を図ります。,第２，４火曜日10：00～11：00,無償,シニアサポートセンター白菊苑,048-658-5588,35.8954533987694,139.641379083025
中野林自治会サロン,中野林自治会館,さいたま市西区中野林215-3,サロン・茶話会,ボランティア団体の協力により歌謡ショー、ケンチン汁ふるまい、ビンゴゲーム（家庭用品景品）、健康体操、見守り者に植木鉢の花を育ててもらう,年2回,無償,地域包括支援センターくるみ,048-622-8103,35.895508,139.591629
中野林自治会サロン,中野林自治会館,さいたま市西区中野林215-3,体操教室,ボランティア団体の協力により歌謡ショー、ケンチン汁ふるまい、ビンゴゲーム（家庭用品景品）、健康体操、見守り者に植木鉢の花を育ててもらう,年2回,無償,地域包括支援センターくるみ,048-622-8103,35.895508,139.591629
アイリスガーデン　歌の会,アイリスガーデンさいたま新都心,さいたま市大宮区吉敷町4-255-1,音楽（歌唱・演奏）,フロントスタッフのピアノ演奏に合わせて歌います。,"2ヶ月に１回
14：30～15：00",無償,アイリスガーデンさいたま新都心,048-650-1911,35.8957106,139.63834
インパクトバンド演奏会,アイリスガーデンさいたま新都心,さいたま市大宮区吉敷町4-255-1,音楽（歌唱・演奏）,ボランティアのおやじバンドによる演奏,"月1回
14：00～15：00",無償,アイリスガーデンさいたま新都心,048-650-1911,35.8957106,139.63834
場所の提供（２階ラウンジ）,アイリスガーデンさいたま新都心,さいたま市大宮区吉敷町4-255-1,場所の提供,10～15名程度なら可能。当施設の入居者様も参加させて頂けると嬉しいです。,14：00～16：00（曜日は要相談）,無償,シニアサポートセンター白菊苑,048-658-5588,35.8957106,139.63834
地域への場所提供,ニチイホームさいたま新都心,さいたま市大宮区吉敷町4-255-1,場所の提供,地域の方に施設のホール等を体操や憩いの場として提供します。活動内容に老いて備品や職員の協力も相談可能です。,10：00～17：00,無償,ニチイホームさいたま新都心,048-650-0821,35.8957106,139.63834
センターフィールドシニア会　体操クラブ,センターフィールド浦和美園エヴァグリーン,"さいたま市緑区美園4-1-2
 センターフィールド浦和美園",サロン・茶話会,いきいき百歳体操を主体にしていますが、サロン、茶話会、会食会なども時々開き、交流、老化防止を図りたいと思っています。,毎月第２，４　木曜日　13:30～14:30,無償,シニアサポートセンター　リバティハウス,048-875-3111,35.8962085620752,139.730413838842
センターフィールドシニア会　体操クラブ,センターフィールド浦和美園エヴァグリーン,"さいたま市緑区美園4-1-2
 センターフィールド浦和美園",介護予防教室,いきいき百歳体操を主体にしていますが、サロン、茶話会、会食会なども時々開き、交流、老化防止を図りたいと思っています。,毎月第２，４　木曜日　13:30～14:30,無償,シニアサポートセンター　リバティハウス,048-875-3111,35.8962085620752,139.730413838842
センターフィールドシニア会　体操クラブ,センターフィールド浦和美園エヴァグリーン,"さいたま市緑区美園4-1-2
 センターフィールド浦和美園",体操教室,いきいき百歳体操を主体にしていますが、サロン、茶話会、会食会なども時々開き、交流、老化防止を図りたいと思っています。,毎月第２，４　木曜日　13:30～14:30,無償,シニアサポートセンター　リバティハウス,048-875-3111,35.8962085620752,139.730413838842
美園スロージョギングクラブ,美園四丁目公園　雨天時はアーバンデザインセンター美園,"緑区美園4丁目4　雨天時は緑区下野田
494-1　オークリーフ1階",運動・スポーツ,"みんなで集まりニコニコペースでジョギングすれば体脂肪率減少、フレイル予防に役立ちます。
「百歳体操＋スロージョギング」への講師派遣もしています。",毎月第3土曜10:00～11:00,無償,シニアサポートセンター　リバティハウス,048-875-3111,35.8963,139.73174
美園スロージョギングクラブ,美園四丁目公園　雨天時はアーバンデザインセンター美園,"緑区美園4丁目4　雨天時は緑区下野田
494-1　オークリーフ1階",介護予防教室,"みんなで集まりニコニコペースでジョギングすれば体脂肪率減少、フレイル予防に役立ちます。
「百歳体操＋スロージョギング」への講師派遣もしています。",毎月第3土曜10:00～11:00,無償,シニアサポートセンター　リバティハウス,048-875-3111,35.8963,139.73174
一般社団法人日本ショーファー協会,スマイル・ケア（日本ショーファー協会介護事業部愛称）,埼玉県さいたま市中央区上落合7-10-36-403,その他活動,"日常の「ちょっとお願いしたい」ことをお手伝いします。
●ケア付き介護タクシー
●介護職同行ケア旅行
●生活支援タクシー
これまでの秘書事業・役員車運行事業を活かした、あたたかく人間味のあるサービスをご提供します。",年中無休（要予約制）,有償,一般社団法人日本ショーファー協会（介護事業部）,070-8520-8383,35.8965289823712,139.622089735605
一般社団法人日本ショーファー協会,スマイル・ケア（日本ショーファー協会介護事業部愛称）,埼玉県さいたま市中央区上落合7-10-36-403,その他生活支援,"日常の「ちょっとお願いしたい」ことをお手伝いします。
●ケア付き介護タクシー
●介護職同行ケア旅行
●生活支援タクシー
これまでの秘書事業・役員車運行事業を活かした、あたたかく人間味のあるサービスをご提供します。",年中無休（要予約制）,有償,一般社団法人日本ショーファー協会（介護事業部）,070-8520-8383,35.8965289823712,139.622089735605
一般社団法人日本ショーファー協会,スマイル・ケア（日本ショーファー協会介護事業部愛称）,埼玉県さいたま市中央区上落合7-10-36-403,安否確認,"日常の「ちょっとお願いしたい」ことをお手伝いします。
●ケア付き介護タクシー
●介護職同行ケア旅行
●生活支援タクシー
これまでの秘書事業・役員車運行事業を活かした、あたたかく人間味のあるサービスをご提供します。",年中無休（要予約制）,有償,一般社団法人日本ショーファー協会（介護事業部）,070-8520-8383,35.8965289823712,139.622089735605
一般社団法人日本ショーファー協会,スマイル・ケア（日本ショーファー協会介護事業部愛称）,埼玉県さいたま市中央区上落合7-10-36-403,移送・送迎（車両等使用）,"日常の「ちょっとお願いしたい」ことをお手伝いします。
●ケア付き介護タクシー
●介護職同行ケア旅行
●生活支援タクシー
これまでの秘書事業・役員車運行事業を活かした、あたたかく人間味のあるサービスをご提供します。",年中無休（要予約制）,有償,一般社団法人日本ショーファー協会（介護事業部）,070-8520-8383,35.8965289823712,139.622089735605
一般社団法人日本ショーファー協会,スマイル・ケア（日本ショーファー協会介護事業部愛称）,埼玉県さいたま市中央区上落合7-10-36-403,移送・送迎（通院等移動支援）,"日常の「ちょっとお願いしたい」ことをお手伝いします。
●ケア付き介護タクシー
●介護職同行ケア旅行
●生活支援タクシー
これまでの秘書事業・役員車運行事業を活かした、あたたかく人間味のあるサービスをご提供します。",年中無休（要予約制）,有償,一般社団法人日本ショーファー協会（介護事業部）,070-8520-8383,35.8965289823712,139.622089735605
一般社団法人日本ショーファー協会,スマイル・ケア（日本ショーファー協会介護事業部愛称）,埼玉県さいたま市中央区上落合7-10-36-403,環境美化・清掃,"日常の「ちょっとお願いしたい」ことをお手伝いします。
●ケア付き介護タクシー
●介護職同行ケア旅行
●生活支援タクシー
これまでの秘書事業・役員車運行事業を活かした、あたたかく人間味のあるサービスをご提供します。",年中無休（要予約制）,有償,一般社団法人日本ショーファー協会（介護事業部）,070-8520-8383,35.8965289823712,139.622089735605
一般社団法人日本ショーファー協会,スマイル・ケア（日本ショーファー協会介護事業部愛称）,埼玉県さいたま市中央区上落合7-10-36-403,防犯パトロール,"日常の「ちょっとお願いしたい」ことをお手伝いします。
●ケア付き介護タクシー
●介護職同行ケア旅行
●生活支援タクシー
これまでの秘書事業・役員車運行事業を活かした、あたたかく人間味のあるサービスをご提供します。",年中無休（要予約制）,有償,一般社団法人日本ショーファー協会（介護事業部）,070-8520-8383,35.8965289823712,139.622089735605
一般社団法人日本ショーファー協会,スマイル・ケア（日本ショーファー協会介護事業部愛称）,埼玉県さいたま市中央区上落合7-10-36-403,話し相手・傾聴,"日常の「ちょっとお願いしたい」ことをお手伝いします。
●ケア付き介護タクシー
●介護職同行ケア旅行
●生活支援タクシー
これまでの秘書事業・役員車運行事業を活かした、あたたかく人間味のあるサービスをご提供します。",年中無休（要予約制）,有償,一般社団法人日本ショーファー協会（介護事業部）,070-8520-8383,35.8965289823712,139.622089735605
椎の木会,パークシティ大宮集会室,埼玉県さいたま市中央区上落合7-7-4,サロン・茶話会,"・全体イベント　年4～5回（講演会・会食・音楽会なと）
・健康麻雀
・防犯パトロール（小学校の下校時間帯）
・清掃活動
対象者：パークシティ大宮居住者に限る",防犯パトロール＆清掃活動　毎月第2月曜日・第2金曜日15：00～,条件付き無償,ナーシングヴィラ与野,048-859-5375,35.8968457493812,139.624587873813
パークシティ大宮シニア運動教室,パークシティ大宮集会室,埼玉県さいたま市中央区上落合7-7-4,安否確認,"さいたま市委託の地域運動支援員による運動教室を実施。筋トレ・脳トレ・ストレッチ・ヨガボールを使用した運動で楽しく身体を動かしている。
対象者：パークシティ大宮居住者に限る",月2回火曜日　10：00～11：30,無償,ナーシングヴィラ与野,048-859-5375,35.8968457493812,139.624587873813
パークシティ大宮シニア運動教室,パークシティ大宮集会室,埼玉県さいたま市中央区上落合7-7-4,介護予防教室,"さいたま市委託の地域運動支援員による運動教室を実施。筋トレ・脳トレ・ストレッチ・ヨガボールを使用した運動で楽しく身体を動かしている。
対象者：パークシティ大宮居住者に限る",月2回火曜日　10：00～11：30,無償,ナーシングヴィラ与野,048-859-5375,35.8968457493812,139.624587873813
椎の木会,パークシティ大宮集会室,埼玉県さいたま市中央区上落合7-7-4,会食会,"・全体イベント　年4～5回（講演会・会食・音楽会なと）
・健康麻雀
・防犯パトロール（小学校の下校時間帯）
・清掃活動
対象者：パークシティ大宮居住者に限る",防犯パトロール＆清掃活動　毎月第2月曜日・第2金曜日15：00～,条件付き無償,ナーシングヴィラ与野,048-859-5375,35.8968457493812,139.624587873813
椎の木会,パークシティ大宮集会室,埼玉県さいたま市中央区上落合7-7-4,健康麻雀・囲碁・将棋,"・全体イベント　年4～5回（講演会・会食・音楽会なと）
・健康麻雀
・防犯パトロール（小学校の下校時間帯）
・清掃活動
対象者：パークシティ大宮居住者に限る",防犯パトロール＆清掃活動　毎月第2月曜日・第2金曜日15：00～,条件付き無償,ナーシングヴィラ与野,048-859-5375,35.8968457493812,139.624587873813
パークシティ大宮シニア運動教室,パークシティ大宮集会室,埼玉県さいたま市中央区上落合7-7-4,体操教室,"さいたま市委託の地域運動支援員による運動教室を実施。筋トレ・脳トレ・ストレッチ・ヨガボールを使用した運動で楽しく身体を動かしている。
対象者：パークシティ大宮居住者に限る",月2回火曜日　10：00～11：30,無償,ナーシングヴィラ与野,048-859-5375,35.8968457493812,139.624587873813
さざんか会,吉敷町自治会館,さいたま市大宮区吉敷町4-197-4,体操教室,いきいき百歳体操を行い、健康維持に努め、参加者同士の交流を図る。,毎週火曜日10:00～11:30,有償,シニアサポートセンター白菊苑,048-658-5588,35.89715,139.63283
飯田高齢者を見守る会・ふれあい喫茶「飯田楼」,飯田自治会館,さいたま市西区飯田79-2,サロン・茶話会,"見守り活動：飯田地区を10区に分け地域事情に明るい地元活動員を1名おいて、直接訪問せず、高齢1人世帯と2人世帯を見守る。
飯田たすけ愛：飯田地区に住む70歳以上の方を生活支援",毎月第2土曜13：00～,有償,地域包括支援センターくるみ,048-622-8103,35.89716,139.58894
飯田寿会,飯田自治会館,さいたま市西区飯田79-2,サロン・茶話会,"グラウンドゴルフ：毎週月曜日と金曜日9時～11時、22名で活動している。
輪投げ：第1・第3木曜日9：30～
百歳体操：第1・第3木曜日10：00～",毎週月・金曜9：00～,有償,地域包括支援センターくるみ,048-622-8103,35.89716,139.58894
飯田高齢者を見守る会・ふれあい喫茶「飯田楼」,飯田自治会館,さいたま市西区飯田79-2,安否確認,"見守り活動：飯田地区を10区に分け地域事情に明るい地元活動員を1名おいて、直接訪問せず、高齢1人世帯と2人世帯を見守る。
飯田たすけ愛：飯田地区に住む70歳以上の方を生活支援",毎月第2土曜13：00～,有償,地域包括支援センターくるみ,048-622-8103,35.89716,139.58894
飯田寿会,飯田自治会館,さいたま市西区飯田79-2,運動・スポーツ,"グラウンドゴルフ：毎週月曜日と金曜日9時～11時、22名で活動している。
輪投げ：第1・第3木曜日9：30～
百歳体操：第1・第3木曜日10：00～",毎週月・金曜9：00～,有償,地域包括支援センターくるみ,048-622-8103,35.89716,139.58894
飯田寿会,飯田自治会館,さいたま市西区飯田79-2,会食会,"グラウンドゴルフ：毎週月曜日と金曜日9時～11時、22名で活動している。
輪投げ：第1・第3木曜日9：30～
百歳体操：第1・第3木曜日10：00～",毎週月・金曜9：00～,有償,地域包括支援センターくるみ,048-622-8103,35.89716,139.58894
（株）イトーヨーカ堂大宮店,イトーヨーカ堂大宮店,さいたま市大宮区吉敷町4-263-1,配達サービス・移動販売,お買い物にお困りの方対象に「移動スーパーとくし丸」号で販売。生鮮食品から日用品まで1200点取り扱います。その他、店で販売している商品は注文承り可能です。,週２回利用をお願いしております。,有償,（株）イトーヨーカ堂大宮店,048-641-7111,35.89718,139.63511
輪投げの会,パークシティさいたま管理棟1階,埼玉県さいたま市中央区上落合7-7-40,サロン・茶話会,"競技用輪投げ、茶話会
対象者：パークシティさいたま居住者",1回／月,無償,ナーシングヴィラ与野,048-859-5375,35.89729338,139.62391848
輪投げの会,パークシティさいたま管理棟1階,埼玉県さいたま市中央区上落合7-7-40,運動・スポーツ,"競技用輪投げ、茶話会
対象者：パークシティさいたま居住者",1回／月,無償,ナーシングヴィラ与野,048-859-5375,35.89729338,139.62391848
"にこにこ体操教室
みつわ会館　",さいたま市立三つ和会館,さいたま市大宮区三橋3-52,運動・スポーツ,"地域運動支援員による健康体操、レクリエーション　
参加希望者は、春陽苑までご連絡ください",1回/1か月,無償,大宮区西部圏域シニアサポートセンター 春陽苑,048-661-8611,35.8978213917804,139.608925770643
"にこにこ体操教室
みつわ会館　",さいたま市立三つ和会館,さいたま市大宮区三橋3-52,介護予防教室,"地域運動支援員による健康体操、レクリエーション　
参加希望者は、春陽苑までご連絡ください",1回/1か月,無償,大宮区西部圏域シニアサポートセンター 春陽苑,048-661-8611,35.8978213917804,139.608925770643
"にこにこ体操教室
みつわ会館　",さいたま市立三つ和会館,さいたま市大宮区三橋3-52,体操教室,"地域運動支援員による健康体操、レクリエーション　
参加希望者は、春陽苑までご連絡ください",1回/1か月,無償,大宮区西部圏域シニアサポートセンター 春陽苑,048-661-8611,35.8978213917804,139.608925770643
元気でいよう三つ和会,さいたま市立三つ和会館,さいたま市大宮区三橋3-52,体操教室,"いきいき百歳体操
ラジオ体操
手遊び",火曜・午前,無償,大宮区西部圏域シニアサポートセンター 春陽苑,048-661-8611,35.89783734,139.60889747
上小自治会　五月会,三ツ和会館,さいたま市大宮区三橋3-52,介護予防教室,いきいき百歳体操　自主活動グループ　　上小町自治会に入っている方のみ,毎週金曜日　13：30～,無償,大宮区西部圏域シニアサポートセンター 春陽苑,048-661-8611,35.89783734,139.60889747
上小自治会　五月会,三ツ和会館,さいたま市大宮区三橋3-52,体操教室,いきいき百歳体操　自主活動グループ　　上小町自治会に入っている方のみ,毎週金曜日　13：30～,無償,大宮区西部圏域シニアサポートセンター 春陽苑,048-661-8611,35.89783734,139.60889747
南こすもす,大宮南公民館,さいたま市大宮区吉敷町4-223-2,音楽（歌唱・演奏）,ますます元気教室修了者で活動。いきいき百歳体操を主に行い、お口の体操（パタカラ）も行う。,原則毎週月曜日9:30～11:30（会場取れない場合はこの限りではない）,その他,シニアサポートセンター白菊苑,048-658-5588,35.89834335,139.63571761
沈丁花,大宮南公民館,さいたま市大宮区吉敷町4-223-2,介護予防教室,いきいき百歳体操を行い、介護予防に努めます。また、体操を通して交流を図ります。,毎週金曜日10：00～11：30,条件付き無償,シニアサポートセンター白菊苑,048-658-5588,35.89834335,139.63571761
南こすもす,大宮南公民館,さいたま市大宮区吉敷町4-223-2,体操教室,ますます元気教室修了者で活動。いきいき百歳体操を主に行い、お口の体操（パタカラ）も行う。,原則毎週月曜日9:30～11:30（会場取れない場合はこの限りではない）,その他,シニアサポートセンター白菊苑,048-658-5588,35.89834335,139.63571761
いきいきサロン,大宮南公民館レクホール,さいたま市大宮区吉敷町4-223-2,サロン・茶話会,さいたま市内在住の方対象に楽器演奏の鑑賞、合唱、体を動かすゲーム、座ったままでもできる体操、保育園児との交流、健康チェック等行っている。申し込み不要,毎月第３金曜日13:00～14:45,無償,大宮南地区社会福祉協議会,048-647-0606,35.89834335,139.63571761
いきいきサロン,大宮南公民館レクホール,さいたま市大宮区吉敷町4-223-2,安否確認,さいたま市内在住の方対象に楽器演奏の鑑賞、合唱、体を動かすゲーム、座ったままでもできる体操、保育園児との交流、健康チェック等行っている。申し込み不要,毎月第３金曜日13:00～14:45,無償,大宮南地区社会福祉協議会,048-647-0606,35.89834335,139.63571761
いきいきサロン,大宮南公民館レクホール,さいたま市大宮区吉敷町4-223-2,音楽（歌唱・演奏）,さいたま市内在住の方対象に楽器演奏の鑑賞、合唱、体を動かすゲーム、座ったままでもできる体操、保育園児との交流、健康チェック等行っている。申し込み不要,毎月第３金曜日13:00～14:45,無償,大宮南地区社会福祉協議会,048-647-0606,35.89834335,139.63571761
S4-Tower①すこやか運動教室②ふれあいサロン,"①マンション内集会室
②マンション内スカイラウンジ",埼玉県さいたま市中央区上落合5-17-1,サロン・茶話会,"①""すこやか運動教室""は2014年11月からスタート。体を動かすことと声を出して会話
②ふれあいサロン""は月に2～3回開催し、近況報告を兼ねての茶話会。
対象者：マンション内居住者","運動教室：第1・3金曜日　午前10時～11時半
ふれあいサロン：月2～3回　午後2時～4時",無償,ナーシングヴィラ与野,048-859-5375,35.8984047673133,139.625902790147
S4-Tower①すこやか運動教室②ふれあいサロン,"①マンション内集会室
②マンション内スカイラウンジ",埼玉県さいたま市中央区上落合5-17-1,介護予防教室,"①""すこやか運動教室""は2014年11月からスタート。体を動かすことと声を出して会話
②ふれあいサロン""は月に2～3回開催し、近況報告を兼ねての茶話会。
対象者：マンション内居住者","運動教室：第1・3金曜日　午前10時～11時半
ふれあいサロン：月2～3回　午後2時～4時",無償,ナーシングヴィラ与野,048-859-5375,35.8984047673133,139.625902790147
S4-Tower①すこやか運動教室②ふれあいサロン,"①マンション内集会室
②マンション内スカイラウンジ",埼玉県さいたま市中央区上落合5-17-1,会食会,"①""すこやか運動教室""は2014年11月からスタート。体を動かすことと声を出して会話
②ふれあいサロン""は月に2～3回開催し、近況報告を兼ねての茶話会。
対象者：マンション内居住者","運動教室：第1・3金曜日　午前10時～11時半
ふれあいサロン：月2～3回　午後2時～4時",無償,ナーシングヴィラ与野,048-859-5375,35.8984047673133,139.625902790147
S4-Tower①すこやか運動教室②ふれあいサロン,"①マンション内集会室
②マンション内スカイラウンジ",埼玉県さいたま市中央区上落合5-17-1,体操教室,"①""すこやか運動教室""は2014年11月からスタート。体を動かすことと声を出して会話
②ふれあいサロン""は月に2～3回開催し、近況報告を兼ねての茶話会。
対象者：マンション内居住者","運動教室：第1・3金曜日　午前10時～11時半
ふれあいサロン：月2～3回　午後2時～4時",無償,ナーシングヴィラ与野,048-859-5375,35.8984047673133,139.625902790147
水判土自治会,水判土自治会館,さいたま市西区水判土205-1,体操教室,百歳体操の実施,毎週水曜日10：00～,無償,地域包括支援センターくるみ,048-622-8103,35.89841759,139.59358756
上落合8丁目・9丁目長寿会,"・日本赤十字看護大学さいたま看護学部COCOROホール
・プレジデントマンション会議室",埼玉県さいたま市中央区上落合8-7-19,安否確認,"1.ふれあい会食3回（お楽しみ抽選会）
2.誕生会、長寿祝い（プレゼント）
3.趣味の集い（麻雀、カラオケ）
4.ボランティア活動・社会奉仕活動
対象者：上落合8丁目・9丁目居住者（上落合第5自治会）
活動場所：日本赤十字看護大学さいたま看護学部COCOROホール、プレジデントマンション会議室","ふれあい会食年3回（6月・10月・2月の日曜日）
趣味の集い（健康麻雀4回/月、カラオケ1回/月）",有償,ナーシングヴィラ与野,048-859-5375,35.8990058494081,139.62233630302
上落合8丁目・9丁目長寿会,"・日本赤十字看護大学さいたま看護学部COCOROホール
・プレジデントマンション会議室",埼玉県さいたま市中央区上落合8-7-19,音楽（歌唱・演奏）,"1.ふれあい会食3回（お楽しみ抽選会）
2.誕生会、長寿祝い（プレゼント）
3.趣味の集い（麻雀、カラオケ）
4.ボランティア活動・社会奉仕活動
対象者：上落合8丁目・9丁目居住者（上落合第5自治会）
活動場所：日本赤十字看護大学さいたま看護学部COCOROホール、プレジデントマンション会議室","ふれあい会食年3回（6月・10月・2月の日曜日）
趣味の集い（健康麻雀4回/月、カラオケ1回/月）",有償,ナーシングヴィラ与野,048-859-5375,35.8990058494081,139.62233630302
上落合8丁目・9丁目長寿会,"・日本赤十字看護大学さいたま看護学部COCOROホール
・プレジデントマンション会議室",埼玉県さいたま市中央区上落合8-7-19,会食会,"1.ふれあい会食3回（お楽しみ抽選会）
2.誕生会、長寿祝い（プレゼント）
3.趣味の集い（麻雀、カラオケ）
4.ボランティア活動・社会奉仕活動
対象者：上落合8丁目・9丁目居住者（上落合第5自治会）
活動場所：日本赤十字看護大学さいたま看護学部COCOROホール、プレジデントマンション会議室","ふれあい会食年3回（6月・10月・2月の日曜日）
趣味の集い（健康麻雀4回/月、カラオケ1回/月）",有償,ナーシングヴィラ与野,048-859-5375,35.8990058494081,139.62233630302
上落合8丁目・9丁目長寿会,"・日本赤十字看護大学さいたま看護学部COCOROホール
・プレジデントマンション会議室",埼玉県さいたま市中央区上落合8-7-19,環境美化・清掃,"1.ふれあい会食3回（お楽しみ抽選会）
2.誕生会、長寿祝い（プレゼント）
3.趣味の集い（麻雀、カラオケ）
4.ボランティア活動・社会奉仕活動
対象者：上落合8丁目・9丁目居住者（上落合第5自治会）
活動場所：日本赤十字看護大学さいたま看護学部COCOROホール、プレジデントマンション会議室","ふれあい会食年3回（6月・10月・2月の日曜日）
趣味の集い（健康麻雀4回/月、カラオケ1回/月）",有償,ナーシングヴィラ与野,048-859-5375,35.8990058494081,139.62233630302
上落合8丁目・9丁目長寿会,"・日本赤十字看護大学さいたま看護学部COCOROホール
・プレジデントマンション会議室",埼玉県さいたま市中央区上落合8-7-19,健康麻雀・囲碁・将棋,"1.ふれあい会食3回（お楽しみ抽選会）
2.誕生会、長寿祝い（プレゼント）
3.趣味の集い（麻雀、カラオケ）
4.ボランティア活動・社会奉仕活動
対象者：上落合8丁目・9丁目居住者（上落合第5自治会）
活動場所：日本赤十字看護大学さいたま看護学部COCOROホール、プレジデントマンション会議室","ふれあい会食年3回（6月・10月・2月の日曜日）
趣味の集い（健康麻雀4回/月、カラオケ1回/月）",有償,ナーシングヴィラ与野,048-859-5375,35.8990058494081,139.62233630302
上落合8丁目・9丁目長寿会,"・日本赤十字看護大学さいたま看護学部COCOROホール
・プレジデントマンション会議室",埼玉県さいたま市中央区上落合8-7-19,防犯パトロール,"1.ふれあい会食3回（お楽しみ抽選会）
2.誕生会、長寿祝い（プレゼント）
3.趣味の集い（麻雀、カラオケ）
4.ボランティア活動・社会奉仕活動
対象者：上落合8丁目・9丁目居住者（上落合第5自治会）
活動場所：日本赤十字看護大学さいたま看護学部COCOROホール、プレジデントマンション会議室","ふれあい会食年3回（6月・10月・2月の日曜日）
趣味の集い（健康麻雀4回/月、カラオケ1回/月）",有償,ナーシングヴィラ与野,048-859-5375,35.8990058494081,139.62233630302
桜木4丁目北ふれあいサロン,桜木4丁目自治会館,さいたま市大宮区桜木町4-664-1,サロン・茶話会,ゲーム、会食、健康体操、懇談、町内会の祭りの山車の飾りつけ及び参加。桜木町4丁目（北）にお住まいの女性の方対象。,4回/年,無償,大宮区西部圏域シニアサポートセンター 春陽苑,048-661-8611,35.899326,139.616346
桜木4丁目北ふれあいサロン,桜木4丁目自治会館,さいたま市大宮区桜木町4-664-1,介護予防教室,ゲーム、会食、健康体操、懇談、町内会の祭りの山車の飾りつけ及び参加。桜木町4丁目（北）にお住まいの女性の方対象。,4回/年,無償,大宮区西部圏域シニアサポートセンター 春陽苑,048-661-8611,35.899326,139.616346
桜木4丁目北ふれあいサロン,桜木4丁目自治会館,さいたま市大宮区桜木町4-664-1,会食会,ゲーム、会食、健康体操、懇談、町内会の祭りの山車の飾りつけ及び参加。桜木町4丁目（北）にお住まいの女性の方対象。,4回/年,無償,大宮区西部圏域シニアサポートセンター 春陽苑,048-661-8611,35.899326,139.616346
桜木4丁目北ふれあいサロン,桜木4丁目自治会館,さいたま市大宮区桜木町4-664-1,体操教室,ゲーム、会食、健康体操、懇談、町内会の祭りの山車の飾りつけ及び参加。桜木町4丁目（北）にお住まいの女性の方対象。,4回/年,無償,大宮区西部圏域シニアサポートセンター 春陽苑,048-661-8611,35.899326,139.616346
おたっしゃ倶楽部,おたっしゃ倶楽部ＤＣ,さいたま市大宮区吉敷町3-83-4,場所の提供,いきいき百歳体操等の会場提供を行います。地域の方が気軽に集まり、健康維持増進のための場を提供しています。木曜日13時～15時で会場に空きがあります。,週１回（木曜日13:00～15:00）,無償,おたっしゃ倶楽部,048-643-8700,35.89939,139.6328
オリーブ,大宮中部公民館,さいたま市大宮区仲町3-30-2,介護予防教室,関心事を取り入れた会話や、いきいき百歳体操を行い交流を図る。また、学習会も行う。,毎週木曜日10:00～12:00,その他,シニアサポートセンター白菊苑,048-658-5588,35.89939,139.6328
オリーブ,大宮中部公民館,さいたま市大宮区仲町3-30-2,住民主体の学習会,関心事を取り入れた会話や、いきいき百歳体操を行い交流を図る。また、学習会も行う。,毎週木曜日10:00～12:00,その他,シニアサポートセンター白菊苑,048-658-5588,35.89939,139.6328
よりみちサロンつむぎ,株式会社ヤマシタ　さいたま営業所,さいたま市大宮区桜木町4-686,サロン・茶話会,手芸や工作など手作業をしたい方、皆さんとお話をしたい方に向けたサロン（材料は各自ご持参ください）自由に好きなことをしながら過ごせます。,毎月第4火曜日　10:00～11:30,無償,大宮区西部圏域シニアサポートセンター 春陽苑,048-661-8611,35.8995604725176,139.618379638695
よりみちサロンつむぎ,株式会社ヤマシタ　さいたま営業所,さいたま市大宮区桜木町4-686,交流その他,手芸や工作など手作業をしたい方、皆さんとお話をしたい方に向けたサロン（材料は各自ご持参ください）自由に好きなことをしながら過ごせます。,毎月第4火曜日　10:00～11:30,無償,大宮区西部圏域シニアサポートセンター 春陽苑,048-661-8611,35.8995604725176,139.618379638695
よりみちサロンつむぎ,株式会社ヤマシタ　さいたま営業所,さいたま市大宮区桜木町4-686,手芸,手芸や工作など手作業をしたい方、皆さんとお話をしたい方に向けたサロン（材料は各自ご持参ください）自由に好きなことをしながら過ごせます。,毎月第4火曜日　10:00～11:30,無償,大宮区西部圏域シニアサポートセンター 春陽苑,048-661-8611,35.8995604725176,139.618379638695
ヤマザクラ,ヤマシタコーポレーション,さいたま市大宮区桜木町4-686,体操教室,いきいき百歳体操　自主グループ,水曜・午前,無償,大宮区西部圏域シニアサポートセンター 春陽苑,048-661-8611,35.89956237,139.6183911
株式会社ヤマシタ埼玉営業所（歩行解析）,株式会社ヤマシタ埼玉営業所,埼玉県さいたま市大宮区桜木町4-686,その他活動,最新技術で歩行状態を測定しましょう。5メートル歩く姿を撮ることで転倒予防のヒントがわかります。自主グループやサロンの活動の場に伺います。,随時,無償,ナーシングヴィラ与野,048-859-5375,35.8995754164472,139.618400803113
株式会社ヤマシタ埼玉営業所（歩行解析）,株式会社ヤマシタ埼玉営業所,埼玉県さいたま市大宮区桜木町4-686,介護予防教室,最新技術で歩行状態を測定しましょう。5メートル歩く姿を撮ることで転倒予防のヒントがわかります。自主グループやサロンの活動の場に伺います。,随時,無償,ナーシングヴィラ与野,048-859-5375,35.8995754164472,139.618400803113
株式会社ヤマシタ埼玉営業所（歩行解析、福祉用具）,株式会社ヤマシタ埼玉営業所,さいたま市大宮区桜木町4-686,介護予防教室,"最新技術で歩行状態を測定しましょう。５メートル歩く姿を撮ることで転倒予防のヒントがわかります。自主グループやサロンの活動の場に伺います。
福祉用具体験もすることができます。（杖、歩行器など）",随時,無償,シニアサポートセンター白菊苑,048-658-5588,35.89961627,139.6183956
ふれあいクラブ,上小町自治会集会集会所,さいたま市大宮区上小町825,体操教室,"いきいき百歳体操　自主グループ
片足立ちの練習、脳トレ体操等を実施
合唱のボランティア活動",金曜・午前,その他,大宮区西部圏域シニアサポートセンター 春陽苑,048-661-8611,35.899780933,139.6124689
ルピナス,三橋シニア憩いの家分館,さいたま市大宮区三橋2-259-1,体操教室,いきいき百歳体操　自主グループ,"月曜
9：30～11：30",無償,大宮区西部圏域シニアサポートセンター 春陽苑,048-661-8611,35.9004619725173,139.602171709859
三橋パンジー,三橋シニア憩いの家分館,さいたま市大宮区三橋2-259-1,介護予防教室,"いきいき百歳体操の自主活動グループ
準備体操・ヨガなどを行っている。",火曜・午前,その他,大宮区西部圏域シニアサポートセンター 春陽苑,048-661-8611,35.90052019,139.60212017
元気体操いこいの会,三橋シニア憩いの家分館,さいたま市大宮区三橋2-259-1,介護予防教室,いきいき百歳体操の自主活動グループ、準備体操・脳トレなどを行っている。,水曜・午前,その他,大宮区西部圏域シニアサポートセンター 春陽苑,048-661-8611,35.90052019,139.60212017
三橋パンジー,三橋シニア憩いの家分館,さいたま市大宮区三橋2-259-1,体操教室,"いきいき百歳体操の自主活動グループ
準備体操・ヨガなどを行っている。",火曜・午前,その他,大宮区西部圏域シニアサポートセンター 春陽苑,048-661-8611,35.90052019,139.60212017
元気体操いこいの会,三橋シニア憩いの家分館,さいたま市大宮区三橋2-259-1,体操教室,いきいき百歳体操の自主活動グループ、準備体操・脳トレなどを行っている。,水曜・午前,その他,大宮区西部圏域シニアサポートセンター 春陽苑,048-661-8611,35.90052019,139.60212017
テルウェルさいたま介護センタ,テルウェルさいたま介護センタ,さいたま市大宮区吉敷町1-133-1,安否確認,訪問介護（身体介護・家事支援）、通院介助を主として、介護保険ではできないことを支援します。,随時,有償,テルウェルさいたま介護センタ,048-640-7756,35.901157,139.630549
テルウェルさいたま介護センタ,テルウェルさいたま介護センタ,さいたま市大宮区吉敷町1-133-1,移送・送迎（通院等移動支援）,訪問介護（身体介護・家事支援）、通院介助を主として、介護保険ではできないことを支援します。,随時,有償,テルウェルさいたま介護センタ,048-640-7756,35.901157,139.630549
テルウェルさいたま介護センタ,テルウェルさいたま介護センタ,さいたま市大宮区吉敷町1-133-1,買い物・掃除・洗濯・電球交換・庭の手入れ（剪定・草取り）,訪問介護（身体介護・家事支援）、通院介助を主として、介護保険ではできないことを支援します。,随時,有償,テルウェルさいたま介護センタ,048-640-7756,35.901157,139.630549
テルウェルさいたま介護センタ,テルウェルさいたま介護センタ,さいたま市大宮区吉敷町1-133-1,話し相手・傾聴,訪問介護（身体介護・家事支援）、通院介助を主として、介護保険ではできないことを支援します。,随時,有償,テルウェルさいたま介護センタ,048-640-7756,35.901157,139.630549
代山健康クラブ,代山自治会館,さいたま市緑区代山110番地,音楽（歌唱・演奏）,ますます元気体操を中心に体操、各種健康教室、介護予防教室等を行う。,毎月　第２　第４木曜日　10:00～11:30,有償,シニアサポートセンター　リバティハウス,048-875-3111,35.90126094,139.70483334
代山健康クラブ,代山自治会館,さいたま市緑区代山110番地,介護予防教室,ますます元気体操を中心に体操、各種健康教室、介護予防教室等を行う。,毎月　第２　第４木曜日　10:00～11:30,有償,シニアサポートセンター　リバティハウス,048-875-3111,35.90126094,139.70483334
代山健康クラブ,代山自治会館,さいたま市緑区代山110番地,住民主体の学習会,ますます元気体操を中心に体操、各種健康教室、介護予防教室等を行う。,毎月　第２　第４木曜日　10:00～11:30,有償,シニアサポートセンター　リバティハウス,048-875-3111,35.90126094,139.70483334
桜木町一丁目第二自治会ふれあいサロン,桜木町1丁目第2自治会館,さいたま市大宮区桜木町1-342,サロン・茶話会,手芸、歌、音楽鑑賞、茶話会。桜木町一丁目第二自治会員の方。,5回/年,無償,大宮区西部圏域シニアサポートセンター 春陽苑,048-661-8611,35.90187327,139.62414617
桜木町一丁目第二自治会ふれあいサロン,桜木町1丁目第2自治会館,さいたま市大宮区桜木町1-342,音楽（歌唱・演奏）,手芸、歌、音楽鑑賞、茶話会。桜木町一丁目第二自治会員の方。,5回/年,無償,大宮区西部圏域シニアサポートセンター 春陽苑,048-661-8611,35.90187327,139.62414617
桜木町一丁目第二自治会ふれあいサロン,桜木町1丁目第2自治会館,さいたま市大宮区桜木町1-342,絵画・書道,手芸、歌、音楽鑑賞、茶話会。桜木町一丁目第二自治会員の方。,5回/年,無償,大宮区西部圏域シニアサポートセンター 春陽苑,048-661-8611,35.90187327,139.62414617
桜木町一丁目第二自治会ふれあいサロン,桜木町1丁目第2自治会館,さいたま市大宮区桜木町1-342,手芸,手芸、歌、音楽鑑賞、茶話会。桜木町一丁目第二自治会員の方。,5回/年,無償,大宮区西部圏域シニアサポートセンター 春陽苑,048-661-8611,35.90187327,139.62414617
桜木町一丁目第二自治会ふれあいサロン,桜木町1丁目第2自治会館,さいたま市大宮区桜木町1-342,体操教室,手芸、歌、音楽鑑賞、茶話会。桜木町一丁目第二自治会員の方。,5回/年,無償,大宮区西部圏域シニアサポートセンター 春陽苑,048-661-8611,35.90187327,139.62414617
中川百歳体操クラブ,中川自治会館,さいたま市見沼区中川６９４－2,介護予防教室,おもりを使った体操です。みんなで仲良く話したり、笑ったり、仲間づくりができる楽しい会です。,毎週水曜日（５週目はお休み）,有償,地域包括支援センター敬寿園,048-681-5151,35.902094081257,139.655544539807
佐知川上サロン会,佐知川上自治会館,さいたま市西区佐知川１３０５,サロン・茶話会,,年2回,無償,森　淳子,048-624-4854,35.90213,139.57806
百縁カフェ,佐知川上自治会館,さいたま市西区佐知川１３０５,サロン・茶話会,誰でも気軽に参加でき、時間に縛られず、いつでも自由に出入りして、一杯のコーヒーを飲んでもらう気持ちで、おしゃべり会がスタート。,毎月第4水曜13：00～,有償,佐知川上幸和会,048-625-5665,35.90213,139.57806
佐知川上サロン会,佐知川上自治会館,さいたま市西区佐知川１３０５,会食会,,年2回,無償,森　淳子,048-624-4854,35.90213,139.57806
佐知川下天寿会,佐知川下自治会館,さいたま市西区佐知川276,サロン・茶話会,サロン活動として、健康体操。頭の体操・太極拳教室（ビデオによる）、関心事を取り入れた出前講座,毎月第1、第3月曜13：30～,無償,地域包括支援センターくるみ,048-622-8103,35.90245,139.58825
佐知川下天寿会,佐知川下自治会館,さいたま市西区佐知川276,介護予防教室,サロン活動として、健康体操。頭の体操・太極拳教室（ビデオによる）、関心事を取り入れた出前講座,毎月第1、第3月曜13：30～,無償,地域包括支援センターくるみ,048-622-8103,35.90245,139.58825
佐知川下天寿会,佐知川下自治会館,さいたま市西区佐知川276,手芸,サロン活動として、健康体操。頭の体操・太極拳教室（ビデオによる）、関心事を取り入れた出前講座,毎月第1、第3月曜13：30～,無償,地域包括支援センターくるみ,048-622-8103,35.90245,139.58825
佐知川下天寿会,佐知川下自治会館,さいたま市西区佐知川276,体操教室,サロン活動として、健康体操。頭の体操・太極拳教室（ビデオによる）、関心事を取り入れた出前講座,毎月第1、第3月曜13：30～,無償,地域包括支援センターくるみ,048-622-8103,35.90245,139.58825
憩いの場,メディカル・リハビリホーム　まどか大宮,さいたま市大宮区浅間町2-183,場所の提供,個室をご提供致します。（要予約）長机１台、椅子６脚（追加で椅子のご用意も可能）活動する場所をお探しの方はぜひご利用下さい。,9:30～17:00,無償,メディカル・リハビリホーム　まどか大宮,048-650-2122,35.90254835,139.6353509
めざそう100才の会,三橋シニア憩の家　本館,さいたま市大宮区三橋2-59,音楽（歌唱・演奏）,いきいき百歳体操　自主活動グループ、リズム足踏み、ちぐはぐ色あてクイズ、有名人当てクイズなどの脳トレ,毎週月曜日10：00～11：30,無償,大宮区西部圏域シニアサポートセンター 春陽苑,048-661-8611,35.9028543630072,139.604067125204
めざそう100才の会,三橋シニア憩の家　本館,さいたま市大宮区三橋2-59,介護予防教室,いきいき百歳体操　自主活動グループ、リズム足踏み、ちぐはぐ色あてクイズ、有名人当てクイズなどの脳トレ,毎週月曜日10：00～11：30,無償,大宮区西部圏域シニアサポートセンター 春陽苑,048-661-8611,35.9028543630072,139.604067125204
児童CCで百才体操,三橋シニア憩の家　本館,さいたま市大宮区三橋2-59,介護予防教室,いきいき百歳体操　自主活動グループ,毎週水曜日10:00～11:30,無償,大宮区西部圏域シニアサポートセンター 春陽苑,048-661-8611,35.9028543630072,139.604067125204
めざそう100才の会,三橋シニア憩の家　本館,さいたま市大宮区三橋2-59,体操教室,いきいき百歳体操　自主活動グループ、リズム足踏み、ちぐはぐ色あてクイズ、有名人当てクイズなどの脳トレ,毎週月曜日10：00～11：30,無償,大宮区西部圏域シニアサポートセンター 春陽苑,048-661-8611,35.9028543630072,139.604067125204
児童CCで百才体操,三橋シニア憩の家　本館,さいたま市大宮区三橋2-59,体操教室,いきいき百歳体操　自主活動グループ,毎週水曜日10:00～11:30,無償,大宮区西部圏域シニアサポートセンター 春陽苑,048-661-8611,35.9028543630072,139.604067125204
桜木町4丁目東ふれあいサロン,庚申神社,さいたま市大宮区桜木町1-12-8,サロン・茶話会,茶話会、手芸、ぬり絵、健康体操、折り紙、学習会。桜木町4丁目東自治会内にお住いの65歳以上の方対象。,5回/年,無償,大宮区西部圏域シニアサポートセンター 春陽苑,048-661-8611,35.90289248,139.62030478
桜木町4丁目東ふれあいサロン,庚申神社,さいたま市大宮区桜木町1-12-8,絵画・書道,茶話会、手芸、ぬり絵、健康体操、折り紙、学習会。桜木町4丁目東自治会内にお住いの65歳以上の方対象。,5回/年,無償,大宮区西部圏域シニアサポートセンター 春陽苑,048-661-8611,35.90289248,139.62030478
桜木町4丁目東ふれあいサロン,庚申神社,さいたま市大宮区桜木町1-12-8,公開講座,茶話会、手芸、ぬり絵、健康体操、折り紙、学習会。桜木町4丁目東自治会内にお住いの65歳以上の方対象。,5回/年,無償,大宮区西部圏域シニアサポートセンター 春陽苑,048-661-8611,35.90289248,139.62030478
桜木町4丁目東ふれあいサロン,庚申神社,さいたま市大宮区桜木町1-12-8,住民主体の学習会,茶話会、手芸、ぬり絵、健康体操、折り紙、学習会。桜木町4丁目東自治会内にお住いの65歳以上の方対象。,5回/年,無償,大宮区西部圏域シニアサポートセンター 春陽苑,048-661-8611,35.90289248,139.62030478
桜木町4丁目東ふれあいサロン,庚申神社,さいたま市大宮区桜木町1-12-8,体操教室,茶話会、手芸、ぬり絵、健康体操、折り紙、学習会。桜木町4丁目東自治会内にお住いの65歳以上の方対象。,5回/年,無償,大宮区西部圏域シニアサポートセンター 春陽苑,048-661-8611,35.90289248,139.62030478
フラワー,メディカル・リハビリホーム　まどか大宮,さいたま市大宮区浅間町2-183,介護予防教室,いきいき百歳体操を行い、介護予防に努める。また、脳トレなども行いながら、参加メンバー同士の交流を図る。（施設に入居している方も一緒に参加します）,毎月第３・４水曜日10：00～11：15,条件付き無償,シニアサポートセンター白菊苑,048-658-5588,35.9029487253195,139.635485439313
あじさい会,三橋公民館,さいたま市大宮区三橋2-20,音楽（歌唱・演奏）,"毎週1～2回キーボードを演奏
全ての曲を練習している",1～2回/週,無償,大宮区西部圏域シニアサポートセンター 春陽苑,048-661-8611,35.9029505439602,139.605159338842
あじさい会,三橋公民館,さいたま市大宮区三橋2-20,交流その他,"毎週1～2回キーボードを演奏
全ての曲を練習している",1～2回/週,無償,大宮区西部圏域シニアサポートセンター 春陽苑,048-661-8611,35.9029505439602,139.605159338842
ヨーガ教室,三橋公民館,さいたま市大宮区三橋2-20,運動・スポーツ,ヨーガを通して地域の親睦をかねて行っています。,月3回　水曜午前,有償,大宮区西部圏域シニアサポートセンター 春陽苑,048-661-8611,35.90308090105,139.605137881169
シャンシャン,アイリスガーデンさいたま新都心,さいたま市大宮区吉敷町4-255-1,介護予防教室,いきいき百歳体操を行い、介護予防に努め、情報交換をしながら交流を図る。,毎週金曜日10：00～11：45（祝日は除く）,有償,シニアサポートセンター白菊苑,048-658-5588,35.90313996,139.63694799
天沼２丁目中部地区「歌声広場」,天沼２丁目中部自治会館,さいたま市大宮区天沼町2－180,その他活動,オカリナに合わせて歌をうたったり、カラオケ、盆踊りの後に「いきいき百歳体操」を行う。自治会、非自治会問わず、どなたでも参加可。,毎月第２、３、４水曜日13:00～15:00,有償,シニアサポートセンター白菊苑,048-658-5588,35.90314833,139.6389034
天沼２丁目中部地区「歌声広場」,天沼２丁目中部自治会館,さいたま市大宮区天沼町2－180,運動・スポーツ,オカリナに合わせて歌をうたったり、カラオケ、盆踊りの後に「いきいき百歳体操」を行う。自治会、非自治会問わず、どなたでも参加可。,毎月第２、３、４水曜日13:00～15:00,有償,シニアサポートセンター白菊苑,048-658-5588,35.90314833,139.6389034
天沼２丁目中部地区「歌声広場」,天沼２丁目中部自治会館,さいたま市大宮区天沼町2－180,音楽（歌唱・演奏）,オカリナに合わせて歌をうたったり、カラオケ、盆踊りの後に「いきいき百歳体操」を行う。自治会、非自治会問わず、どなたでも参加可。,毎月第２、３、４水曜日13:00～15:00,有償,シニアサポートセンター白菊苑,048-658-5588,35.90314833,139.6389034
三橋地区介護者サロン,三橋公民館,さいたま市大宮区三橋2-20,サロン・茶話会,外出の難しい介護者の方に、各専門職や社協との交流、情報交換。三橋地区在住で概ね75歳以上の介護者の方。,2回/年,無償,大宮区西部圏域シニアサポートセンター 春陽苑,048-661-8611,35.90397,139.60516
三橋二丁目共和会民踊部,三橋公民館,さいたま市大宮区三橋2-20,運動・スポーツ,シニアクラブ共和会の民踊部として、各地の民謡に合せて踊りながら体力増進に努めている,3回/月　木曜・午前,有償,大宮区西部圏域シニアサポートセンター 春陽苑,048-661-8611,35.90397,139.60516
太極拳研究会,三橋公民館,さいたま市大宮区三橋2-20,運動・スポーツ,太極拳の動きで身体を使い、健康になることを目指している。40代から80代と幅広い年齢層での、太極拳を通しての仲間作り。児童センターや学校、デイサービス等で、太極拳で披露するボランティアを行っている。,月3回金曜日（不定期）9：30～11：30,有償,大宮区西部圏域シニアサポートセンター 春陽苑,048-661-8611,35.90397,139.60516
こだま会,三橋公民館,さいたま市大宮区三橋2-20,運動・スポーツ,"卓球活動。会員10名。
健康増進のため。",不定期　4回/月,有償,大宮区西部圏域シニアサポートセンター 春陽苑,048-661-8611,35.90397,139.60516
三橋二丁目共和会民踊部,三橋公民館,さいたま市大宮区三橋2-20,音楽（歌唱・演奏）,シニアクラブ共和会の民踊部として、各地の民謡に合せて踊りながら体力増進に努めている,3回/月　木曜・午前,有償,大宮区西部圏域シニアサポートセンター 春陽苑,048-661-8611,35.90397,139.60516
ときめきブラス,三橋公民館,さいたま市大宮区三橋2-20,音楽（歌唱・演奏）,トランペットのアンサンブル、ソロをコンサートホールで演奏することを目指す町のクラブ活動です。それぞれのスペースで仲間が教え合って楽しくトランペットと音楽を楽しんでいます。初心者の方も年齢も問いません。ぜひちょっとのぞいてみてください。,三橋公民館/空いているとき,その他,大宮区西部圏域シニアサポートセンター 春陽苑,048-661-8611,35.90397,139.60516
女声合唱団　野ばら,三橋公民館,さいたま市大宮区三橋2-20,音楽（歌唱・演奏）,"三橋公民館で20年ぐらい活動しています。
10人程度でジャンルを問わず、楽しく合唱しています市民音楽祭にも参加しています。初心者の方大歓迎です。",第1，3，4水曜午後,有償,大宮区西部圏域シニアサポートセンター 春陽苑,048-661-8611,35.90397,139.60516
太極拳研究会,三橋公民館,さいたま市大宮区三橋2-20,介護予防教室,太極拳の動きで身体を使い、健康になることを目指している。40代から80代と幅広い年齢層での、太極拳を通しての仲間作り。児童センターや学校、デイサービス等で、太極拳で披露するボランティアを行っている。,月3回金曜日（不定期）9：30～11：30,有償,大宮区西部圏域シニアサポートセンター 春陽苑,048-661-8611,35.90397,139.60516
三橋地区介護者サロン,三橋公民館,さいたま市大宮区三橋2-20,会食会,外出の難しい介護者の方に、各専門職や社協との交流、情報交換。三橋地区在住で概ね75歳以上の介護者の方。,2回/年,無償,大宮区西部圏域シニアサポートセンター 春陽苑,048-661-8611,35.90397,139.60516
"ネオステンド・アート
さいたま第一支部",三橋公民館,さいたま市大宮区三橋2-20,絵画・書道,樹脂絵具を使って色々な物に絵を書けます。絵心が無くてもどなたでも楽しむことが出来ます。絵だけでも、アクセサリーなども作れます。,"月1回第2木曜日
13：00～17；00",有償,大宮区西部圏域シニアサポートセンター 春陽苑,048-661-8611,35.90397,139.60516
大宮玉すだれ,三橋公民館,さいたま市大宮区三橋2-20,交流その他,日本伝統芸能、南京玉すだれ、8名で活動中、（各種イベントに参加）,"第2、第4火曜
9：00～12：00",有償,大宮区西部圏域シニアサポートセンター 春陽苑,048-661-8611,35.90397,139.60516
お茶の会むつみ,三橋公民館,さいたま市大宮区三橋2-20,交流その他,茶道　表千家,第2・第4木曜　13:00～17:00,有償,大宮区西部圏域シニアサポートセンター 春陽苑,048-661-8611,35.90397,139.60516
こだま会,三橋公民館,さいたま市大宮区三橋2-20,交流その他,"卓球活動。会員10名。
健康増進のため。",不定期　4回/月,有償,大宮区西部圏域シニアサポートセンター 春陽苑,048-661-8611,35.90397,139.60516
三橋写真同好会,三橋公民館,さいたま市大宮区三橋2-20,写真・パソコン,四十年の歴史ある写真のサークル,毎月第一木曜　午後,無償,大宮区西部圏域シニアサポートセンター 春陽苑,048-661-8611,35.90397,139.60516
みはし健康体操,三橋公民館,さいたま市大宮区三橋2-20,体操教室,リンパ体操や操体法を導入して、身体ほぐしを入れて、整体を入れて、癖を直します。,"1回/週　月曜
午後1：30～3：00　",有償,難波明美,090-3688-0634,35.90397,139.60516
三橋自きょう術,三橋公民館,さいたま市大宮区三橋2-20,体操教室,自彊術には、31の動作があり、その動作ごとに1.経穴の指圧、2.関節を動かす整体術、3.呼吸法の3つの治療術が同時にできますし、身体全部の調整調和をはかります。又体操後、必ず療法も致します。,3回/月　木曜午後,有償,大宮区西部圏域シニアサポートセンター 春陽苑,048-661-8611,35.90397,139.60516
太極拳研究会,三橋公民館,さいたま市大宮区三橋2-20,体操教室,太極拳の動きで身体を使い、健康になることを目指している。40代から80代と幅広い年齢層での、太極拳を通しての仲間作り。児童センターや学校、デイサービス等で、太極拳で披露するボランティアを行っている。,月3回金曜日（不定期）9：30～11：30,有償,大宮区西部圏域シニアサポートセンター 春陽苑,048-661-8611,35.90397,139.60516
三橋パドル,三橋公民館,さいたま市大宮区三橋2-20,体操教室,200ｇ、64㎝のパドルというプラスチック製の道具を使い、体を伸ばしたり、たたいたり音楽に合わせて踊りながら体を動かす。会員間のおしゃべりを楽しむ。約20人。,第1・第3金曜,有償,大宮区西部圏域シニアサポートセンター 春陽苑,048-661-8611,35.90397,139.60516
コスモス,三橋公民館,さいたま市大宮区三橋2-20,体操教室,"いきいき百歳体操を基本としての健康維持・促進の交流会
60歳代から90歳代の高齢者で行っています。",木曜・午前,無償,大宮区西部圏域シニアサポートセンター 春陽苑,048-661-8611,35.90397,139.60516
三橋SHLノルディック・ウォーキング,三橋公民館　並木公園　三橋総合公園,さいたま市大宮区三橋2-20,運動・スポーツ,ノルディックウォーキング　整体ストレッチ・トレーニング,毎週木曜日15：00～16：00（火・木：7：00～8：00）,有償,大宮区西部圏域シニアサポートセンター 春陽苑,048-661-8611,35.90397,139.60516
西遊馬第一亀鶴会,宿東間自治会集会所,さいたま市西区西遊馬235-1,運動・スポーツ,毎週火曜日と金曜日の月8回、地元氷川神社の清掃、片付けを行い、終了後参加者全員でグランドゴルフを楽しむ。,週2回,無償,地域包括支援センターくるみ,048-622-8103,35.90397202,139.57277518
遊々サロン,宿東間集会所,さいたま市西区西遊馬235-1,サロン・茶話会,サロン毎月2回開催、第2・第4水曜日13時～15時、お茶・お菓子の提供、12月炊き出し、3月会食会と演奏、その他関心テーマの学習会,毎月第2・4水曜13：00～,有償,地域包括支援センターくるみ,048-622-8103,35.90398,139.57257
新和地区社会福祉協議会,尾ヶ崎新田自治会館,さいたま市岩槻区美園東3丁目2-7,サロン・茶話会,子育てサロン「スマイル」親と子の友達作り、読み聞かせ等,毎月第2木曜日、9時50分～11時00分,無償,シニアサポートセンター白鶴ホーム,048-794-3939,35.90402763,139.72668122
JA馬宮いきいき体操,JA馬宮会議室　2階,さいたま市西区西遊馬231-1,体操教室,百歳体操以外にも色々な予防の体操や脳トレなど行います。,第2、4木曜日10：00～,無償,地域包括支援センターくるみ,048-622-8103,35.90420808,139.5721919
西遊馬第2亀鶴会グランドゴルフクラブ,"西遊馬公園
※土曜日のみ本村自治会館",さいたま市西区西遊馬３４３３－１,運動・スポーツ,"健康維持増進を目的に自然豊かな荒川河川敷の公園で元気にスポーツを楽しむ。
ボランティア活動として、特別支援学校生と年6回グランドゴルフを行っている。",毎週火曜・木曜・金曜・土曜の9：00～,無償,地域包括支援センターくるみ,048-622-8103,35.90481,139.56148
ふらっと片柳,片柳老人憩いの家,さいたま市見沼区東新井７１０－７８,サロン・茶話会,音楽を聞きながら、ゆったりとした時間を過ごしませんか？健康や料理、趣味に関する本やパズル、ぬりえ等多数用意しています。,"第4週の月曜日10時～
※お部屋が空いていればいつでも",無償,片柳老人憩いの家,048-687-4525,35.90484565,139.66469027
らくらく百歳体操,片柳老人憩いの家,さいたま市見沼区東新井７１０－７８,介護予防教室,少人数でいきいき百歳体操に取り組んでいます。とにかく“楽しく、気楽に”をモットーに和気あいあいとした雰囲気で続けています。,"毎週火曜日9時30分～
第5週と祝日を除く",無償,地域包括支援センター敬寿園,048-681-5151,35.90484565,139.66469027
リフレッシュ片柳,片柳老人憩いの家,さいたま市見沼区東新井７１０－７８,体操教室,ラジオ体操の他、毎回内容を変えて簡単なストレッチや脳トレなど楽しく行っています。事前の申し込みは必要ありません。60歳以上、市内在住の方対象。,毎週月曜日９：３０～,無償,片柳老人憩いの家,048-687-4525,35.90484565,139.66469027
ケアラーズカフェ　だん・だん,埼玉福祉保育医療専門学校,さいたま市大宮区仲町3-42,サロン・茶話会,家族の介護をしている方（介護を終えられた方も）の想い、悩み、相談ごとなどをお聴きしたり、介護者同士の情報交換をしたりする。,東口会場：毎月第２、４金曜日10:00～13:00,有償,介護者支援の会　ほっと♡おおみや,048-811-1666,35.90490624,139.62914576
ケアラーズカフェ　だん・だん,埼玉福祉保育医療専門学校,さいたま市大宮区仲町3-42,話し相手・傾聴,家族の介護をしている方（介護を終えられた方も）の想い、悩み、相談ごとなどをお聴きしたり、介護者同士の情報交換をしたりする。,東口会場：毎月第２、４金曜日10:00～13:00,有償,介護者支援の会　ほっと♡おおみや,048-811-1666,35.90490624,139.62914576
スワンの会,諏訪の苑,さいたま市見沼区南中野２９,介護予防教室,いきいき百歳体操を実施。,金曜日１０時～１１時半,無償,地域包括支援センター敬寿園,048-681-5151,35.9049165206041,139.660568475577
馬宮地区社協,馬宮コミュニティーセンター内,さいたま市西区西遊馬533-1,サロン・茶話会,地域内で、地域住民の皆さんが、日々の暮らしを健康で安心して過ごせるよう「互助＝支え合い」の出来る地域社会を築いていく事を目的とした様々な活動を行っている。,,無償,馬宮地区社会福祉協議会,048-626-2766,35.90509129,139.57272795
馬宮地区社協,馬宮コミュニティーセンター内,さいたま市西区西遊馬533-1,音楽（歌唱・演奏）,地域内で、地域住民の皆さんが、日々の暮らしを健康で安心して過ごせるよう「互助＝支え合い」の出来る地域社会を築いていく事を目的とした様々な活動を行っている。,,無償,馬宮地区社会福祉協議会,048-626-2766,35.90509129,139.57272795
馬宮地区社協,馬宮コミュニティーセンター内,さいたま市西区西遊馬533-1,会食会,地域内で、地域住民の皆さんが、日々の暮らしを健康で安心して過ごせるよう「互助＝支え合い」の出来る地域社会を築いていく事を目的とした様々な活動を行っている。,,無償,馬宮地区社会福祉協議会,048-626-2766,35.90509129,139.57272795
ヒマワリ,大宮中部公民館,さいたま市大宮区仲町3-30-2,介護予防教室,いきいき百歳体操とストレッチなどの体操を通して介護予防に努めます。,毎週水曜日10：00～11：30,条件付き無償,シニアサポートセンター白菊苑,048-658-5588,35.9052646869763,139.628870338842
レインボー,大宮中部公民館,さいたま市大宮区仲町3-30-2,介護予防教室,ますます元気教室修了者で活動。いきいき百歳体操を通して介護予防に努める。また、メンバー同士で交流を図っている。,毎週金曜日10：00～11：00,条件付き無償,シニアサポートセンター白菊苑,048-658-5588,35.9053081380928,139.628902525352
自彊術　木もれ日,桜木公民館,さいたま市大宮区桜木町1-10-18,運動・スポーツ,健康増進のため、元気な身体づくりをめざして、独特な呼吸法と、号令で、31動作を行ない、心と体のバランスを整えています,2回/月　火曜,有償,大宮区西部圏域シニアサポートセンター 春陽苑,048-661-8611,35.90541982,139.61876598
てんとうむし桜木,桜木公民館,さいたま市大宮区桜木町1-10-18,運動・スポーツ,太極拳の動きで身体を使い、健康になることを目指している。40代から80代と幅広い年齢層での、太極拳を通しての仲間作り。児童センターや学校、デイサービス等で、太極拳で披露するボランティアを行っている。,月2回金曜日（不定期）18：30～20：30,有償,大宮区西部圏域シニアサポートセンター 春陽苑,048-661-8611,35.90541982,139.61876598
コーロトマト,桜木公民館,さいたま市大宮区桜木町1-10-18,音楽（歌唱・演奏）,歌うことが好きで、合唱を続けています。少人数ですが、色々なジャンルの曲にチャレンジしています,月3回、火曜午後,その他,大宮区西部圏域シニアサポートセンター 春陽苑,048-661-8611,35.90541982,139.61876598
花束,桜木公民館,さいたま市大宮区桜木町1-10-18,介護予防教室,いきいき百歳体操　自主グループ,"1回/週　木曜
午後2：00～5：00",無償,大宮区西部圏域シニアサポートセンター 春陽苑,048-661-8612,35.90541982,139.61876598
てんとうむし桜木,桜木公民館,さいたま市大宮区桜木町1-10-18,介護予防教室,太極拳の動きで身体を使い、健康になることを目指している。40代から80代と幅広い年齢層での、太極拳を通しての仲間作り。児童センターや学校、デイサービス等で、太極拳で披露するボランティアを行っている。,月2回金曜日（不定期）18：30～20：30,有償,大宮区西部圏域シニアサポートセンター 春陽苑,048-661-8611,35.90541982,139.61876598
サンテ,桜木公民館,さいたま市大宮区桜木町1-10-18,介護予防教室,いきいき百歳体操　自主グループ,木曜・午前,無償,大宮区西部圏域シニアサポートセンター 春陽苑,048-661-8611,35.90541982,139.61876598
花を楽しむ会,桜木公民館,さいたま市大宮区桜木町1-10-18,交流その他,アーティフィシャルフラワー（高品質造花）のアレンジメント,1回/月　第3水曜・14:00～16:00位,有償,大宮区西部圏域シニアサポートセンター 春陽苑,048-661-8611,35.90541982,139.61876598
花束,桜木公民館,さいたま市大宮区桜木町1-10-18,体操教室,いきいき百歳体操　自主グループ,"1回/週　木曜
午後2：00～5：00",無償,大宮区西部圏域シニアサポートセンター 春陽苑,048-661-8612,35.90541982,139.61876598
自彊術　木もれ日,桜木公民館,さいたま市大宮区桜木町1-10-18,体操教室,健康増進のため、元気な身体づくりをめざして、独特な呼吸法と、号令で、31動作を行ない、心と体のバランスを整えています,2回/月　火曜,有償,大宮区西部圏域シニアサポートセンター 春陽苑,048-661-8611,35.90541982,139.61876598
てんとうむし桜木,桜木公民館,さいたま市大宮区桜木町1-10-18,体操教室,太極拳の動きで身体を使い、健康になることを目指している。40代から80代と幅広い年齢層での、太極拳を通しての仲間作り。児童センターや学校、デイサービス等で、太極拳で披露するボランティアを行っている。,月2回金曜日（不定期）18：30～20：30,有償,大宮区西部圏域シニアサポートセンター 春陽苑,048-661-8611,35.90541982,139.61876598
サンテ,桜木公民館,さいたま市大宮区桜木町1-10-18,体操教室,いきいき百歳体操　自主グループ,木曜・午前,無償,大宮区西部圏域シニアサポートセンター 春陽苑,048-661-8611,35.90541982,139.61876598
自彊術　大宮支部,桜木公民館　6階和室,さいたま市大宮区桜木町1-10-18,介護予防教室,日本で最初の健康体操です。全身をくまなく動かすことで、人にあんまをしてもらった状態になります。老化して萎縮下垂しがちな身体を自ら整体する体操教室です。,第1第3　火曜日・午前,有償,公益社団法人　自彊術　大宮支部,048-664-3027,35.90541982,139.61876598
自彊術　大宮支部,桜木公民館　6階和室,さいたま市大宮区桜木町1-10-18,体操教室,日本で最初の健康体操です。全身をくまなく動かすことで、人にあんまをしてもらった状態になります。老化して萎縮下垂しがちな身体を自ら整体する体操教室です。,第1第3　火曜日・午前,有償,公益社団法人　自彊術　大宮支部,048-664-3027,35.90541982,139.61876598
シニアライフ研究会,生涯学習総合センター,さいたま市大宮区桜木町1-10-18,音楽（歌唱・演奏）,シニアの課題の情報交換及び話し合い、時事問題等の学習、なつかしい歌の合唱、作品展の開催等で「健康で充実」を目指している。,月2回,有償,大宮区西部圏域シニアサポートセンター 春陽苑,048-661-8611,35.90541982,139.61876598
シニアライフ研究会,生涯学習総合センター,さいたま市大宮区桜木町1-10-18,介護予防教室,シニアの課題の情報交換及び話し合い、時事問題等の学習、なつかしい歌の合唱、作品展の開催等で「健康で充実」を目指している。,月2回,有償,大宮区西部圏域シニアサポートセンター 春陽苑,048-661-8611,35.90541982,139.61876598
シニアライフ研究会,生涯学習総合センター,さいたま市大宮区桜木町1-10-18,公開講座,シニアの課題の情報交換及び話し合い、時事問題等の学習、なつかしい歌の合唱、作品展の開催等で「健康で充実」を目指している。,月2回,有償,大宮区西部圏域シニアサポートセンター 春陽苑,048-661-8611,35.90541982,139.61876598
シニアライフ研究会,生涯学習総合センター,さいたま市大宮区桜木町1-10-18,住民主体の学習会,シニアの課題の情報交換及び話し合い、時事問題等の学習、なつかしい歌の合唱、作品展の開催等で「健康で充実」を目指している。,月2回,有償,大宮区西部圏域シニアサポートセンター 春陽苑,048-661-8611,35.90541982,139.61876598
ことばの教室,埼玉福祉保育医療専門学校　第一校舎　言語訓練室,さいたま市大宮区仲町3-88-2,その他活動,ことばの教室。「相手の言っている事が分からない事がある。」「呂律が回らない。」などの「ことば」についてお悩みを言語聴覚士が支援します。,"毎週火曜日（祝日除く）／時間は要相談。
リハビリの時間は40～60分",条件付き無償,ことばの教室,048-649-2331,35.90554504,139.62947906
けやき,ＳＯＭＰＯケア大宮,さいたま市大宮区仲町3-13-1住友生命大宮第２ビル１階,運動・スポーツ,いきいき百歳体操やウォーキングを行いながら参加者同士で楽しく介護予防に努めます。また、不定期で専門職による講話や勉強会も行います。体操が苦手でもおしゃべりだけでも大歓迎です。,"毎月第２・４水曜日10：00～11：30（百歳体操）
毎月第１・３水曜日10：00～ウォーキング",条件付き無償,シニアサポートセンター白菊苑,048-658-5588,35.9055885020243,139.628846657586
けやき,ＳＯＭＰＯケア大宮,さいたま市大宮区仲町3-13-1住友生命大宮第２ビル１階,介護予防教室,いきいき百歳体操やウォーキングを行いながら参加者同士で楽しく介護予防に努めます。また、不定期で専門職による講話や勉強会も行います。体操が苦手でもおしゃべりだけでも大歓迎です。,"毎月第２・４水曜日10：00～11：30（百歳体操）
毎月第１・３水曜日10：00～ウォーキング",条件付き無償,シニアサポートセンター白菊苑,048-658-5588,35.9055885020243,139.628846657586
けやき,ＳＯＭＰＯケア大宮,さいたま市大宮区仲町3-13-1住友生命大宮第２ビル１階,住民主体の学習会,いきいき百歳体操やウォーキングを行いながら参加者同士で楽しく介護予防に努めます。また、不定期で専門職による講話や勉強会も行います。体操が苦手でもおしゃべりだけでも大歓迎です。,"毎月第２・４水曜日10：00～11：30（百歳体操）
毎月第１・３水曜日10：00～ウォーキング",条件付き無償,シニアサポートセンター白菊苑,048-658-5588,35.9055885020243,139.628846657586
けやき,ＳＯＭＰＯケア大宮,さいたま市大宮区仲町3-13-1住友生命大宮第２ビル１階,話し相手・傾聴,いきいき百歳体操やウォーキングを行いながら参加者同士で楽しく介護予防に努めます。また、不定期で専門職による講話や勉強会も行います。体操が苦手でもおしゃべりだけでも大歓迎です。,"毎月第２・４水曜日10：00～11：30（百歳体操）
毎月第１・３水曜日10：00～ウォーキング",条件付き無償,シニアサポートセンター白菊苑,048-658-5588,35.9055885020243,139.628846657586
英語でコミュニケーションの会,桜木公民館,さいたま市大宮区桜木町1-10-18,語学,イギリス人の先生を中心に楽しく日常会話を学んでいます。,2回/月　第1・第3火曜午前,有償,大宮区西部圏域シニアサポートセンター 春陽苑,048-661-8611,35.9056059764708,139.618747010006
さくらそう体操,桜木公民館,さいたま市大宮区桜木町1-10-18,体操教室,いきいき百歳体操,水曜日午後,無償,大宮区西部圏域シニアサポートセンター 春陽苑,048-661-8611,35.9056059764709,139.61883284116
ＳＯＭＰＯケア大宮,ＳＯＭＰＯケア大宮,さいたま市大宮区仲町3-13-1住友生命大宮第２ビル１階,サロン・茶話会,現在、いきいき百歳体操、地域の交流の場として会場を提供しています。サロン活動やオレンジカフェ、地域交流などのご相談承ります。,随時,無償,ＳＯＭＰＯケア大宮,048-788-4031,35.905607,139.628839
ＳＯＭＰＯケア大宮,ＳＯＭＰＯケア大宮,さいたま市大宮区仲町3-13-1住友生命大宮第２ビル１階,介護予防教室,現在、いきいき百歳体操、地域の交流の場として会場を提供しています。サロン活動やオレンジカフェ、地域交流などのご相談承ります。,随時,無償,ＳＯＭＰＯケア大宮,048-788-4031,35.905607,139.628839
ＳＯＭＰＯケア大宮,ＳＯＭＰＯケア大宮,さいたま市大宮区仲町3-13-1住友生命大宮第２ビル１階,公開講座,現在、いきいき百歳体操、地域の交流の場として会場を提供しています。サロン活動やオレンジカフェ、地域交流などのご相談承ります。,随時,無償,ＳＯＭＰＯケア大宮,048-788-4031,35.905607,139.628839
ＳＯＭＰＯケア大宮,ＳＯＭＰＯケア大宮,さいたま市大宮区仲町3-13-1住友生命大宮第２ビル１階,場所の提供,現在、いきいき百歳体操、地域の交流の場として会場を提供しています。サロン活動やオレンジカフェ、地域交流などのご相談承ります。,随時,無償,ＳＯＭＰＯケア大宮,048-788-4031,35.905607,139.628839
ＳＯＭＰＯケア大宮,ＳＯＭＰＯケア大宮,さいたま市大宮区仲町3-13-1住友生命大宮第２ビル１階,体操教室,現在、いきいき百歳体操、地域の交流の場として会場を提供しています。サロン活動やオレンジカフェ、地域交流などのご相談承ります。,随時,無償,ＳＯＭＰＯケア大宮,048-788-4031,35.905607,139.628839
ＳＯＭＰＯケア大宮　プライベートサービス,ＳＯＭＰＯケア大宮　訪問介護,さいたま市大宮区仲町3-13-1住友生命大宮第２ビル１階,その他生活支援,外出の付き添いや大掃除、庭木の水やりなどのご要望にも柔軟にお応えします。介護認定を受けていない方もご利用いただけます。,随時。お気軽にお問合せください。,有償,ＳＯＭＰＯケア大宮　プライベートサービス,048-788-4061,35.905607,139.628839
ＳＯＭＰＯケア大宮　プライベートサービス,ＳＯＭＰＯケア大宮　訪問介護,さいたま市大宮区仲町3-13-1住友生命大宮第２ビル１階,安否確認,外出の付き添いや大掃除、庭木の水やりなどのご要望にも柔軟にお応えします。介護認定を受けていない方もご利用いただけます。,随時。お気軽にお問合せください。,有償,ＳＯＭＰＯケア大宮　プライベートサービス,048-788-4061,35.905607,139.628839
ＳＯＭＰＯケア大宮　プライベートサービス,ＳＯＭＰＯケア大宮　訪問介護,さいたま市大宮区仲町3-13-1住友生命大宮第２ビル１階,環境美化・清掃,外出の付き添いや大掃除、庭木の水やりなどのご要望にも柔軟にお応えします。介護認定を受けていない方もご利用いただけます。,随時。お気軽にお問合せください。,有償,ＳＯＭＰＯケア大宮　プライベートサービス,048-788-4061,35.905607,139.628839
ＳＯＭＰＯケア大宮　プライベートサービス,ＳＯＭＰＯケア大宮　訪問介護,さいたま市大宮区仲町3-13-1住友生命大宮第２ビル１階,買い物・掃除・洗濯・電球交換・庭の手入れ（剪定・草取り）,外出の付き添いや大掃除、庭木の水やりなどのご要望にも柔軟にお応えします。介護認定を受けていない方もご利用いただけます。,随時。お気軽にお問合せください。,有償,ＳＯＭＰＯケア大宮　プライベートサービス,048-788-4061,35.905607,139.628839
ＳＯＭＰＯケア大宮　プライベートサービス,ＳＯＭＰＯケア大宮　訪問介護,さいたま市大宮区仲町3-13-1住友生命大宮第２ビル１階,話し相手・傾聴,外出の付き添いや大掃除、庭木の水やりなどのご要望にも柔軟にお応えします。介護認定を受けていない方もご利用いただけます。,随時。お気軽にお問合せください。,有償,ＳＯＭＰＯケア大宮　プライベートサービス,048-788-4061,35.905607,139.628839
大宮マジッククラブ,桜木公民館,さいたま市大宮区桜木町1-10-18,交流その他,プロのマジッシャンの指導を受け、技術の向上をはかり、地域の学校、施設、団体等にマジックを通して皆様に笑顔をお届けしたい。また、新企画として「パン作り＆マジックショー」のコラボがスタート！ぜひ体験下さい！,不定期,有償,大宮区西部圏域シニアサポートセンター 春陽苑,048-661-8611,35.905640737216,139.618714823496
げんき会,ＳＯＭＰＯケア大宮,さいたま市大宮区仲町3-13-1住友生命大宮第２ビル１階,介護予防教室,いきいき百歳体操を中心に行い、介護予防に努める。また、お口の体操、勉強会などを通して参加メンバーと交流を図る。,毎月第１・３金曜日10：00～11：30,条件付き無償,シニアサポートセンター白菊苑,048-658-5588,35.9057413056006,139.628799810478
げんき会,ＳＯＭＰＯケア大宮,さいたま市大宮区仲町3-13-1住友生命大宮第２ビル１階,住民主体の学習会,いきいき百歳体操を中心に行い、介護予防に努める。また、お口の体操、勉強会などを通して参加メンバーと交流を図る。,毎月第１・３金曜日10：00～11：30,条件付き無償,シニアサポートセンター白菊苑,048-658-5588,35.9057413056006,139.628799810478
百歳体操の会,東新井団地集会所大ホール,さいたま市見沼区東新井７１０－５５,介護予防教室,東新井団地及びその近隣住民自由参加で、いきいき百歳体操を行っています。,"月２回第２・４月曜日
１回目９：１５開始　2回目１０：３０開始",無償,馬場裕之,070-4114-7548,35.90575662,139.66204601
ふれあい運動教室（しらぎく会場）,ふれあいセンターしらぎく,さいたま市大宮区天沼町1－150－1,体操教室,地域運動支援員による体操教室。ストレッチ、ボールやフラフープを用いながら、みんなでわきあいあいと体操を行う。,毎月第２、４金曜日15:15～16:15,無償,シニアサポートセンター白菊苑,048-658-5588,35.90589518,139.63951165
ラジオ体操,さいたま市天沼シニア憩いの家,さいたま市大宮区天沼町1-194,運動・スポーツ,ラジオ体操を行い、健康維持に努めるとともに、交流を図る。,毎週月～金曜日9:30～9:45,無償,さいたま市天沼シニア憩いの家,048-645-7988,35.90622009,139.63693683
カトレア会,天沼シニア憩いの家,さいたま市大宮区天沼町1-194,運動・スポーツ,いきいき百歳体操を中心に行い、最後には脳トレ、お口の体操などを行い、交流を図る。,毎月第２，３，４火曜日10:00～12:00,その他,シニアサポートセンター白菊苑,048-658-5588,35.90622009,139.63693683
三橋5丁目自治会館,三橋5丁目自治会館,さいたま市西区三橋5-938,交流その他,地域の方と百歳体操や脳トレなど楽しく行っています。,第1・第3水曜日14：00～,無償,地域包括支援センターくるみ,048-622-8103,35.90686,139.5928
三橋5丁目自治会館,三橋5丁目自治会館,さいたま市西区三橋5-938,体操教室,地域の方と百歳体操や脳トレなど楽しく行っています。,第1・第3水曜日14：00～,無償,地域包括支援センターくるみ,048-622-8103,35.90686,139.5928
土屋元気快,土屋自治会館,さいたま市西区土屋156,サロン・茶話会,各回とも「音楽」「娯楽」「健康管理」等のテーマを設定し、プロ・外部ボランティア等の協力を得て開催し、テーマ終了後は、懇談のための茶話会を開いて参加者の交流を図っている,第4木曜日13：00～,無償,地域包括支援センターくるみ,048-622-8103,35.90706,139.57084
土屋元気快,土屋自治会館,さいたま市西区土屋156,音楽（歌唱・演奏）,各回とも「音楽」「娯楽」「健康管理」等のテーマを設定し、プロ・外部ボランティア等の協力を得て開催し、テーマ終了後は、懇談のための茶話会を開いて参加者の交流を図っている,第4木曜日13：00～,無償,地域包括支援センターくるみ,048-622-8103,35.90706,139.57084
土屋元気快,土屋自治会館,さいたま市西区土屋156,介護予防教室,各回とも「音楽」「娯楽」「健康管理」等のテーマを設定し、プロ・外部ボランティア等の協力を得て開催し、テーマ終了後は、懇談のための茶話会を開いて参加者の交流を図っている,第4木曜日13：00～,無償,地域包括支援センターくるみ,048-622-8103,35.90706,139.57084
ティ・プラザ,プラザ自治会館,さいたま市西区プラザ46-18,サロン・茶話会,家にこもりがちの方にも出かけて集える場所になるように脳トレや体操、年2回の簡単な物づくり、フレイル予防・介護関連等の学びも企画します。手作り生菓子とお茶でのお喋りタイムも大切にしています。,月1回第4月曜13：30～,不明,佐藤　孝子,048-623-4666,35.90714112,139.57917737
ティ・プラザ,プラザ自治会館,さいたま市西区プラザ46-18,音楽（歌唱・演奏）,家にこもりがちの方にも出かけて集える場所になるように脳トレや体操、年2回の簡単な物づくり、フレイル予防・介護関連等の学びも企画します。手作り生菓子とお茶でのお喋りタイムも大切にしています。,月1回第4月曜13：30～,不明,佐藤　孝子,048-623-4666,35.90714112,139.57917737
プラザ・シニアクラブ,プラザ自治会館・プラザ中央公園,さいたま市西区プラザ46-18,運動・スポーツ,体操・ウオーキング・絵画・写真等のサークル活動の支援と、講演会・バス旅行新年会の企画・実施、広報紙の発行,週1回,不明,地域包括支援センターくるみ,048-622-8103,35.90714112,139.57917737
プラザ・シニアクラブ,プラザ自治会館・プラザ中央公園,さいたま市西区プラザ46-18,絵画・書道,体操・ウオーキング・絵画・写真等のサークル活動の支援と、講演会・バス旅行新年会の企画・実施、広報紙の発行,週1回,不明,地域包括支援センターくるみ,048-622-8103,35.90714112,139.57917737
プラザ・シニアクラブ,プラザ自治会館・プラザ中央公園,さいたま市西区プラザ46-18,写真・パソコン,体操・ウオーキング・絵画・写真等のサークル活動の支援と、講演会・バス旅行新年会の企画・実施、広報紙の発行,週1回,不明,地域包括支援センターくるみ,048-622-8103,35.90714112,139.57917737
わかば百歳体操,南中野自治会館,さいたま市見沼区南中野５７２,介護予防教室,さいたま市が推奨している「いきいき百歳体操」を毎週木曜日にみんなで一緒にやっています。手足におもりをつけて動かす体操です。誰でも簡単に出来ます。,月４回（毎週木曜日、５週目はお休み）,有償,地域包括支援センター敬寿園,048-681-5151,35.90838402,139.65779353
エコクラフトの会,ケアサポートサロンみぬま,さいたま市見沼区御蔵４９９－１,手芸,紙テープでカゴや小物を作っております。,毎月第２・４土曜日１３：１５～１６：００,有償,地域包括支援センター敬寿園,048-681-5151,35.9086451449783,139.675049178577
おしゃべりカフェ,ケアサポートサロンみぬま,さいたま市見沼区御蔵４９９－１,サロン・茶話会,地域の方が気軽に集えるコミュニティの場。ボランティアを中心に歌や折り紙等様々な催しを実施。,毎週月・水曜日(祝日は除く）13:30～15：00,無償,地域包括支援センター敬寿園,048-681-5151,35.90866745,139.67501997
にこにこ百歳体操,ケアサポートサロンみぬま,さいたま市見沼区御蔵４９９－１,介護予防教室,いきいき百歳体操。手拭いを使っての体操。,月４回（金曜日）,有償,地域包括支援センター敬寿園,048-681-5151,35.90866745,139.67501997
みんなの運動サロン,ケアサポートサロンみぬま,さいたま市見沼区御蔵４９９－１,介護予防教室,いきいき百歳体操を行い、地域の交流の場として活動しています。,毎週木曜日①午後1時10分～②2時30分～／毎週土曜日①午前9時～②10時30分～,有償,地域包括支援センター敬寿園,048-681-5151,35.90866745,139.67501997
みんなの運動サロン,ケアサポートサロンみぬま,さいたま市見沼区御蔵４９９－１,交流その他,いきいき百歳体操を行い、地域の交流の場として活動しています。,毎週木曜日①午後1時10分～②2時30分～／毎週土曜日①午前9時～②10時30分～,有償,地域包括支援センター敬寿園,048-681-5151,35.90866745,139.67501997
すず（寿寿）の会,ケアサポートサロンみぬま 等,さいたま市見沼区御蔵４９９－１等,サロン・茶話会,介護をしている方々の不安や疑問をお聴きし、相互交流を図る介護者サロンを開催している。,介護者サロン年24回（月2回）,無償,地域包括支援センター敬寿園,048-681-5151,35.90866745,139.67501997
すず（寿寿）の会,ケアサポートサロンみぬま 等,さいたま市見沼区御蔵４９９－１等,話し相手・傾聴,介護をしている方々の不安や疑問をお聴きし、相互交流を図る介護者サロンを開催している。,介護者サロン年24回（月2回）,無償,地域包括支援センター敬寿園,048-681-5151,35.90866745,139.67501997
さわやかサロン,旭自治会館,さいたま市大宮区桜木町2-484,サロン・茶話会,健康講話と体操、レクリエーション（ボーリング・トランプ・ゲーム等）、年に3回会食会。桜木町2丁目4区の方対象。,11回/年,無償,大宮区西部圏域シニアサポートセンター 春陽苑,048-661-8611,35.90868871,139.61731604
ケアラーズカフェ　だん・だん,埼玉縣信用金庫西口支店　３階,さいたま市大宮区桜木町2-369,サロン・茶話会,家族の介護をしている方の悩みや相談を聞き参加者同士の情報交換もしている。※10時～11時の間にご入場ください。,西口会場：月1回/第３水曜,有償,介護者支援の会　ほっと♡おおみや,048-811-1666,35.9087276696134,139.620534081643
ケアラーズカフェ　だん・だん,埼玉縣信用金庫西口支店　３階,さいたま市大宮区桜木町2-369,話し相手・傾聴,家族の介護をしている方の悩みや相談を聞き参加者同士の情報交換もしている。※10時～11時の間にご入場ください。,西口会場：月1回/第３水曜,有償,介護者支援の会　ほっと♡おおみや,048-811-1666,35.9087276696134,139.620534081643
ふれあい運動教室,シニアふれあいセンターあずま荘,さいたま市大宮区東町2-105,体操教室,65歳以上の方を対象にした地域運動支援員による体操教室です。筋力、柔軟性の維持・向上やバランス感覚等脳の活性化を図り、健康寿命の延伸を支援します。,毎月第３（３月は第４）水曜日14:30～15:30,無償,シニアふれあいセンターあずま荘,048-642-1266,35.90892237,139.63188161
サロンおあしす,五味貝戸自治会館,さいたま市西区指扇２９１番地,サロン・茶話会,五味貝戸自治会員の中高年を対象に、サロン・茶話会、歌唱をはじめ、介護予防の為の様々な活動を実施している。,月1回。第3火曜日,有償,西区北部圏域シニアサポートセンター三恵苑,048-620-1312,35.90905203,139.58557405
サロンおあしす,五味貝戸自治会館,さいたま市西区指扇２９１番地,音楽（歌唱・演奏）,五味貝戸自治会員の中高年を対象に、サロン・茶話会、歌唱をはじめ、介護予防の為の様々な活動を実施している。,月1回。第3火曜日,有償,西区北部圏域シニアサポートセンター三恵苑,048-620-1312,35.90905203,139.58557405
サロンおあしす,五味貝戸自治会館,さいたま市西区指扇２９１番地,介護予防教室,五味貝戸自治会員の中高年を対象に、サロン・茶話会、歌唱をはじめ、介護予防の為の様々な活動を実施している。,月1回。第3火曜日,有償,西区北部圏域シニアサポートセンター三恵苑,048-620-1312,35.90905203,139.58557405
サロンおあしす,五味貝戸自治会館,さいたま市西区指扇２９１番地,会食会,五味貝戸自治会員の中高年を対象に、サロン・茶話会、歌唱をはじめ、介護予防の為の様々な活動を実施している。,月1回。第3火曜日,有償,西区北部圏域シニアサポートセンター三恵苑,048-620-1312,35.90905203,139.58557405
サロンおあしす,五味貝戸自治会館,さいたま市西区指扇２９１番地,体操教室,五味貝戸自治会員の中高年を対象に、サロン・茶話会、歌唱をはじめ、介護予防の為の様々な活動を実施している。,月1回。第3火曜日,有償,西区北部圏域シニアサポートセンター三恵苑,048-620-1312,35.90905203,139.58557405
大平ロコモ体操会,大平公園,さいたま市大宮区三橋1-55,運動・スポーツ,"一生涯、自分の足で、行きたいところへ歩いていけるように、足腰が不自由で介護の世話にならないようにしようと、毎朝60人位の人が明るく元気にロコモ体操を楽しんでいます。
月曜から土曜日まで、毎朝6：05受付。6：10～6：30までロコモ体操。6：30～6：40ラジオ体操。※雨天中止","日曜日以外、6:05～受付
6：10～6：30ロコモ体操
6：30～6：40ラジオ体操",無償,大宮区西部圏域シニアサポートセンター 春陽苑,048-661-8611,35.909058,139.605618
大平ロコモ体操会,大平公園,さいたま市大宮区三橋1-55,体操教室,"一生涯、自分の足で、行きたいところへ歩いていけるように、足腰が不自由で介護の世話にならないようにしようと、毎朝60人位の人が明るく元気にロコモ体操を楽しんでいます。
月曜から土曜日まで、毎朝6：05受付。6：10～6：30までロコモ体操。6：30～6：40ラジオ体操。※雨天中止","日曜日以外、6:05～受付
6：10～6：30ロコモ体操
6：30～6：40ラジオ体操",無償,大宮区西部圏域シニアサポートセンター 春陽苑,048-661-8611,35.909058,139.605618
さくらゲートボール同好会,西遊馬本村自治会館庭,さいたま市西区西遊馬980,サロン・茶話会,高齢者の健康づくり・仲間づくり・生きがいづくりを目的としてゲートボール競技を行っている。ボランティア活動として、活動日毎に自治会館庭の清掃・整備を行っている。,毎週月曜・水曜の午前,無償,地域包括支援センターくるみ,048-622-8103,35.90914,139.56385
さくらゲートボール同好会,西遊馬本村自治会館庭,さいたま市西区西遊馬980,運動・スポーツ,高齢者の健康づくり・仲間づくり・生きがいづくりを目的としてゲートボール競技を行っている。ボランティア活動として、活動日毎に自治会館庭の清掃・整備を行っている。,毎週月曜・水曜の午前,無償,地域包括支援センターくるみ,048-622-8103,35.90914,139.56385
エンジュ,エンジュ,さいたま市見沼区南中野２８６－１,配食サービス,管理栄養士が献立をたて、栄養バランスのとれた食事をお届けします。昼食1食５５０円。お粥、刻み食（別途料金有り）も対応可。お気軽にご相談下さい。対象地区は大宮区・見沼区の一部（応相談）,,有償,エンジュ,048-686-7875,35.9091724890069,139.655408683026
本村自治会館,本村自治会館,さいたま市西区西遊馬980,交流その他,毎週火曜日と土曜日の月8回いきいき百歳体操を実施,毎週火曜、土曜日14：00～,無償,地域包括支援センターくるみ,048-622-8103,35.90923492,139.56387024
本村自治会館,本村自治会館,さいたま市西区西遊馬980,体操教室,毎週火曜日と土曜日の月8回いきいき百歳体操を実施,毎週火曜、土曜日14：00～,無償,地域包括支援センターくるみ,048-622-8103,35.90923492,139.56387024
ふらっとおたちよりサロン,中央薬局,さいたま市大宮区大門町3-205,サロン・茶話会,"気が向いた時に、ふらっと立ち寄れるように、申し込み不要、出入り自由のサロンです。
いつまでも元気で生活できるように専門職による勉強会や趣味を生かしたワークショップ、参道散歩など地域の方の希望に合わせて開催しています。",おおむね月１回。木曜日14：00～15：00,無償,シニアサポートセンター白菊苑,048-658-5588,35.9092779929465,139.629107781023
ぽっぽ氷川,中央薬局,さいたま市大宮区大門町3-205,サロン・茶話会,いきいき百歳体操を行い、介護予防に努めると共に、参加者同士の交流を図り、心身の健康を目指す。,毎週木曜日10：00～11：30,条件付き無償,シニアサポートセンター白菊苑,048-658-5588,35.9092779929465,139.629107781023
ぽっぽ氷川,中央薬局,さいたま市大宮区大門町3-205,介護予防教室,いきいき百歳体操を行い、介護予防に努めると共に、参加者同士の交流を図り、心身の健康を目指す。,毎週木曜日10：00～11：30,条件付き無償,シニアサポートセンター白菊苑,048-658-5588,35.9092779929465,139.629107781023
ふらっとおたちよりサロン,中央薬局,さいたま市大宮区大門町3-205,健康麻雀・囲碁・将棋,"気が向いた時に、ふらっと立ち寄れるように、申し込み不要、出入り自由のサロンです。
いつまでも元気で生活できるように専門職による勉強会や趣味を生かしたワークショップ、参道散歩など地域の方の希望に合わせて開催しています。",おおむね月１回。木曜日14：00～15：00,無償,シニアサポートセンター白菊苑,048-658-5588,35.9092779929465,139.629107781023
中央薬局,中央薬局,さいたま市大宮区大門町3-205,公開講座,"地域の方がサロンやサークルなどを行う際に場所を提供します。
また、いつまでも健康で過ごすことができるように、お薬の服用方法や効能などを交えながら健康講話を薬剤師が行います。",おおむね月・木曜日10：00～16：00の間,無償,シニアサポートセンター白菊苑,048-658-5588,35.9092779929465,139.629107781023
ふらっとおたちよりサロン,中央薬局,さいたま市大宮区大門町3-205,公開講座,"気が向いた時に、ふらっと立ち寄れるように、申し込み不要、出入り自由のサロンです。
いつまでも元気で生活できるように専門職による勉強会や趣味を生かしたワークショップ、参道散歩など地域の方の希望に合わせて開催しています。",おおむね月１回。木曜日14：00～15：00,無償,シニアサポートセンター白菊苑,048-658-5588,35.9092779929465,139.629107781023
ふらっとおたちよりサロン,中央薬局,さいたま市大宮区大門町3-205,手芸,"気が向いた時に、ふらっと立ち寄れるように、申し込み不要、出入り自由のサロンです。
いつまでも元気で生活できるように専門職による勉強会や趣味を生かしたワークショップ、参道散歩など地域の方の希望に合わせて開催しています。",おおむね月１回。木曜日14：00～15：00,無償,シニアサポートセンター白菊苑,048-658-5588,35.9092779929465,139.629107781023
中央薬局,中央薬局,さいたま市大宮区大門町3-205,場所の提供,"地域の方がサロンやサークルなどを行う際に場所を提供します。
また、いつまでも健康で過ごすことができるように、お薬の服用方法や効能などを交えながら健康講話を薬剤師が行います。",おおむね月・木曜日10：00～16：00の間,無償,シニアサポートセンター白菊苑,048-658-5588,35.9092779929465,139.629107781023
第三亀鶴会上サクラブ　　　グランドゴルフ部,県立大宮武蔵野高校グラウンド,さいたま市西区西遊馬1601,サロン・茶話会,毎日曜日午後1時より、武蔵野高校グランドを借り、人数は9～10名位です。2～3グループにわかれ、2ゲーム休憩、又2ゲーム休憩1ゲーム行い終わりにします。,月４回～5回,有償,地域包括支援センターくるみ,048-622-8103,35.90928762,139.56022052
第三亀鶴会上サクラブ　　　グランドゴルフ部,県立大宮武蔵野高校グラウンド,さいたま市西区西遊馬1601,運動・スポーツ,毎日曜日午後1時より、武蔵野高校グランドを借り、人数は9～10名位です。2～3グループにわかれ、2ゲーム休憩、又2ゲーム休憩1ゲーム行い終わりにします。,月４回～5回,有償,地域包括支援センターくるみ,048-622-8103,35.90928762,139.56022052
TTC大宮卓球教室,TTC大宮卓球教室,さいたま市大宮区大成町1-122-6　TIビル3F,運動・スポーツ,楽しく卓球ができるように専任コーチがご指導致します。,"3回/週
1回2時間（10時-12時）
火・水・木曜日",有償,TTC大宮卓球教室,080-3428-6027,35.9094666144453,139.616120028972
ひまわりの会,大成公民館,さいたま市大宮区大成町2-335-1,介護予防教室,"いきいき百歳体操の自主活動グループ
準備体操・脳トレなどを行っている。",火曜・午後,その他,大宮区西部圏域シニアサポートセンター 春陽苑,048-661-8611,35.90951631,139.61550505
ひまわりの会,大成公民館,さいたま市大宮区大成町2-335-1,体操教室,"いきいき百歳体操の自主活動グループ
準備体操・脳トレなどを行っている。",火曜・午後,その他,大宮区西部圏域シニアサポートセンター 春陽苑,048-661-8611,35.90951631,139.61550505
（株）やさしい手,やさしい手大宮店,さいたま市大宮区宮町2-56-2宮崎ビル３階,安否確認,介護認定の有無に関わらず、保険外サービスのご要望にも有資格者が対応いたします。スポット利用も可能。必要なサービスを必要な時にご利用いただけます。,随時（スポット利用可）,有償,（株）やさしい手,048-640-4880,35.90957214,139.62631257
（株）やさしい手,やさしい手大宮店,さいたま市大宮区宮町2-56-2宮崎ビル３階,移送・送迎（通院等移動支援）,介護認定の有無に関わらず、保険外サービスのご要望にも有資格者が対応いたします。スポット利用も可能。必要なサービスを必要な時にご利用いただけます。,随時（スポット利用可）,有償,（株）やさしい手,048-640-4880,35.90957214,139.62631257
（株）やさしい手,やさしい手大宮店,さいたま市大宮区宮町2-56-2宮崎ビル３階,買い物・掃除・洗濯・電球交換・庭の手入れ（剪定・草取り）,介護認定の有無に関わらず、保険外サービスのご要望にも有資格者が対応いたします。スポット利用も可能。必要なサービスを必要な時にご利用いただけます。,随時（スポット利用可）,有償,（株）やさしい手,048-640-4880,35.90957214,139.62631257
（株）やさしい手,やさしい手大宮店,さいたま市大宮区宮町2-56-2宮崎ビル３階,話し相手・傾聴,介護認定の有無に関わらず、保険外サービスのご要望にも有資格者が対応いたします。スポット利用も可能。必要なサービスを必要な時にご利用いただけます。,随時（スポット利用可）,有償,（株）やさしい手,048-640-4880,35.90957214,139.62631257
スマイル百歳体操クラブ,片柳公民館,さいたま市見沼区東新井１１７－２,介護予防教室,いきいき百歳体操を中心にテーマソングの「スマイル百歳体操ソング」を歌います。情報交換（おしゃべり）、懐かしい童謡、歌など仲間とのコミュニケーションを大切に活動しています。,週１回,無償,地域包括支援センター敬寿園,048-681-5151,35.90973395,139.67083138
ゆったり体操,片柳公民館,さいたま市見沼区東新井１１７－２,介護予防教室,いきいき百歳体操を行い、足腰や肩の筋肉を鍛え、転びにくい体づくりと併せて、同好者の親睦をはかる。ロコモ体操とコグニサイズの一部を取り入れて無理のない運動を心がけています。,第２・４火曜日,無償,地域包括支援センター敬寿園,048-681-5151,35.90973395,139.67083138
スマイル百歳体操クラブ,片柳公民館,さいたま市見沼区東新井１１７－２,交流その他,いきいき百歳体操を中心にテーマソングの「スマイル百歳体操ソング」を歌います。情報交換（おしゃべり）、懐かしい童謡、歌など仲間とのコミュニケーションを大切に活動しています。,週１回,無償,地域包括支援センター敬寿園,048-681-5151,35.90973395,139.67083138
ハッピー三橋,三橋シニア憩いの家本館,さいたま市大宮区三橋2-59,運動・スポーツ,"いきいき百歳体操自主活動グループ
お口の体操、いきいきしあわせミュージックなどの活動",火曜・午後,その他,大宮区西部圏域シニアサポートセンター 春陽苑,048-661-8611,35.90977156,139.60370041
ハッピー三橋,三橋シニア憩いの家本館,さいたま市大宮区三橋2-59,介護予防教室,"いきいき百歳体操自主活動グループ
お口の体操、いきいきしあわせミュージックなどの活動",火曜・午後,その他,大宮区西部圏域シニアサポートセンター 春陽苑,048-661-8611,35.90977156,139.60370041
ハッピー三橋,三橋シニア憩いの家本館,さいたま市大宮区三橋2-59,体操教室,"いきいき百歳体操自主活動グループ
お口の体操、いきいきしあわせミュージックなどの活動",火曜・午後,その他,大宮区西部圏域シニアサポートセンター 春陽苑,048-661-8611,35.90977156,139.60370041
片柳うんどうサロン,片柳コミュニティセンター,さいたま市見沼区染谷３－１４７－１,運動・スポーツ,ストレッチ体操・柔軟体操・脳トレ等。片柳地区にお住まいの概ね６５歳以上の方が対象。,毎月第１水曜日,無償,片柳地区社会福祉協議会,048-686-8601,35.90990065,139.68405542
歌声サロン「ドレミ」,片柳コミュニティセンター,さいたま市見沼区染谷３－１４７－１,音楽（歌唱・演奏）,多様なジャンルの歌をピアノの伴奏により合唱。,毎月第３火曜日（８月休止）,条件付き無償,片柳地区社会福祉協議会,048-686-8601,35.90990065,139.68405542
片柳うんどうサロン,片柳コミュニティセンター,さいたま市見沼区染谷３－１４７－１,介護予防教室,ストレッチ体操・柔軟体操・脳トレ等。片柳地区にお住まいの概ね６５歳以上の方が対象。,毎月第１水曜日,無償,片柳地区社会福祉協議会,048-686-8601,35.90990065,139.68405542
御蔵うんどうサロン,御蔵自治会館,さいたま市見沼区御蔵８２－１,運動・スポーツ,ストレッチ体操・柔軟体操・脳トレ等。片柳地区にお住まいの概ね６５歳以上の方が対象。,毎月第４月曜日,無償,片柳地区社会福祉協議会,048-686-8601,35.91075,139.66674
御蔵うんどうサロン,御蔵自治会館,さいたま市見沼区御蔵８２－１,介護予防教室,ストレッチ体操・柔軟体操・脳トレ等。片柳地区にお住まいの概ね６５歳以上の方が対象。,毎月第４月曜日,無償,片柳地区社会福祉協議会,048-686-8601,35.91075,139.66674
片柳スポレク広場,御蔵白岡自治会館,さいたま市見沼区御蔵８２－１,運動・スポーツ,音楽や運動器具でストレッチ体操・柔軟体操・筋トレ・スポーツゲーム等。コロナ感染予防から、新規会員の募集についてはお問い合わせ下さい。,毎月第１・３木曜日１４時００分～１５時３０分,有償,片柳スポレク広場,048-685-8332,35.91075,139.66674
スマイル百歳体操,御蔵自治会館,"さいたま市,見沼区,御蔵８２－１",介護予防教室,いきいき百歳体操はゆっくり行う動作ばかりなので、無理なく仲間と楽しくやっています。時々皆で考え他の体操も取り入れて行っています。,毎週火曜日(祝日はお休み）,有償,地域包括支援センター敬寿園,048-681-5151,35.9108434807869,139.666645693028
いきいきそめやの会,染谷会館,さいたま市見沼区染谷３－８５,介護予防教室,染谷地区の方が集まりいきいき百歳体操に取り組んでいます,毎週水曜日13時30分～15時30分,有償,地域包括支援センター敬寿園,048-681-5151,35.9109751816477,139.683900711862
ももの会,櫛引1丁目自治会館,さいたま市大宮区櫛引町1丁目406-2,体操教室,"いきいき百歳体操　自主グループ
準備体操、おもりを使う体操、口腔体操、コグニサイズで身体と認知症予防をしている",木曜・午前,その他,大宮区西部圏域シニアサポートセンター 春陽苑,048-661-8611,35.91102034,139.60978543
（株）ケアプランニング　でいとれセンターひばり堀の内・全日食チェーン大宮店,全日食チェーン大宮店,さいたま市大宮区堀の内町1-606,配達サービス・移動販売,大宮区、浦和区、中央区を中心に高齢者買い物支援活動を行います。（冷蔵設備がないため、精肉・鮮魚は除く。）,随時ご相談下さい。,無償,（株）ケアプランニング　でいとれセンターひばり堀の内・全日食チェーン大宮店,048-871-8040,35.91141393,139.64226692
いきいき体操,大宮北公民館,さいたま市大宮区宮町3-113-3,運動・スポーツ,ますます元気教室修了者に限らず参加可。いきいき百歳体操と筋トレ、脳トレを行い交流を図る。,水曜日10:00～11:30（毎月第２、４含む月３回程度）,その他,シニアサポートセンター白菊苑,048-658-5588,35.91149135,139.62857071
いきいき体操,大宮北公民館,さいたま市大宮区宮町3-113-3,介護予防教室,ますます元気教室修了者に限らず参加可。いきいき百歳体操と筋トレ、脳トレを行い交流を図る。,水曜日10:00～11:30（毎月第２、４含む月３回程度）,その他,シニアサポートセンター白菊苑,048-658-5588,35.91149135,139.62857071
2020,大宮北公民館,さいたま市大宮区宮町3-113-3,介護予防教室,いきいき百歳体操を行い、介護予防に努めます。また、体操を通して交流を図ります。,毎週火曜日　14:00～15:00,条件付き無償,シニアサポートセンター白菊苑,048-658-5588,35.91149135,139.62857071
いきいき体操,大宮北公民館,さいたま市大宮区宮町3-113-3,体操教室,ますます元気教室修了者に限らず参加可。いきいき百歳体操と筋トレ、脳トレを行い交流を図る。,水曜日10:00～11:30（毎月第２、４含む月３回程度）,その他,シニアサポートセンター白菊苑,048-658-5588,35.91149135,139.62857071
医療生協さいたまおおみや西支部　お茶しましょ,医療生協さいたまおおみや診療所,さいたま市西区指扇１１００－２,サロン・茶話会,みんなでお茶を飲みながら、おしゃべりしたり、脳トレをしたり、小物作りをしたりしています。,第2火曜日、10:00～12：00,有償,医療生協さいたま大宮診療所,048-624-0238,35.91205972,139.57876068
医療生協さいたまおおみや西支部　お茶しましょ,医療生協さいたまおおみや診療所,さいたま市西区指扇１１００－２,その他活動,みんなでお茶を飲みながら、おしゃべりしたり、脳トレをしたり、小物作りをしたりしています。,第2火曜日、10:00～12：00,有償,医療生協さいたま大宮診療所,048-624-0238,35.91205972,139.57876068
医療生協さいたまおおみや西支部　健康クラブ,医療生協さいたまおおみや診療所,さいたま市西区指扇１１００－２,その他活動,タオルを使った体操や、脳トレなどの認知症予防のための活動も取り入れています。,第2第4金曜日、10:00～12:00,無償,医療生協さいたま大宮診療所,048-624-0238,35.91205972,139.57876068
医療生協さいたまおおみや南支部　絵手紙,医療生協さいたまおおみや診療所,さいたま市西区指扇１１００－２,絵画・書道,季節に合ったテーマの内容で絵手紙を作成しています。どなたでもご参加いただけます。,第2第3火曜日、13:00～16：00,有償,医療生協さいたま大宮診療所,048-624-0238,35.91205972,139.57876068
医療生協さいたまおおみや西支部　健康クラブ,医療生協さいたまおおみや診療所,さいたま市西区指扇１１００－２,体操教室,タオルを使った体操や、脳トレなどの認知症予防のための活動も取り入れています。,第2第4金曜日、10:00～12:00,無償,医療生協さいたま大宮診療所,048-624-0238,35.91205972,139.57876068
医療生協さいたまおおみや南支部　友遊体操,医療生協さいたまおおみや診療所,さいたま市西区指扇１１００－２,体操教室,セラバンドを使用して、リズム体操をおこなっています。無理なく筋肉を鍛え、介護予防に努めています。,第２第４土曜日、10:00～12:00,無償,医療生協さいたま大宮診療所,048-624-0238,35.91205972,139.57876068
フードパントリー（食品・食材の無料配布会）,おおみや診療所,さいたま市西区指扇1100-2,その他生活支援,"生活に困っている方々に食料を無料で配布するための拠点を運営しています。申し込み制です。当日は,お米,レトルト食品,缶詰を中心に配布しています。",毎月1回第3土曜日（12時～13時）,無償,おおみや診療所,048ｰ624-2265,35.9120903447346,139.578797117791
越後屋　富井商店,（有）富井商店,さいたま市大宮区堀の内町2-248,配達サービス・移動販売,酒類、米、食品（生鮮食品を除く）、灯油、ギフト（お中元、お歳暮、法事など）の注文受付、配達を行います。,"木曜日定休日
配達時間10:00～19:00",条件付き無償,越後屋　富井商店,048-641-1538,35.91226643,139.6357535
第三亀鶴会上サクラブ　　　,西遊馬上サ自治会館,さいたま市西区西遊馬1442,サロン・茶話会,月に1回お茶を飲み、お菓子をたべ、お話を楽しみます。毎回15～17名位で行っています。,毎月第1火曜日10時～,無償,地域包括支援センターくるみ,048-622-8103,35.912712,139.561774
西遊馬上サ自治会福祉ネットワーク,西遊馬上サ自治会館,さいたま市西区西遊馬1442,サロン・茶話会,"見守り（1回/月）
企画・茶話会（カヨウ会）第3火曜10：00～
いきいき百歳体操　毎週木曜日10：00～",毎週木曜9：30～,無償,地域包括支援センターくるみ,048-622-8103,35.912712,139.561774
西遊馬上サ自治会福祉ネットワーク,西遊馬上サ自治会館,さいたま市西区西遊馬1442,安否確認,"見守り（1回/月）
企画・茶話会（カヨウ会）第3火曜10：00～
いきいき百歳体操　毎週木曜日10：00～",毎週木曜9：30～,無償,地域包括支援センターくるみ,048-622-8103,35.912712,139.561774
第三亀鶴会上サクラブ　　　,西遊馬上サ自治会館,さいたま市西区西遊馬1442,体操教室,月に1回お茶を飲み、お菓子をたべ、お話を楽しみます。毎回15～17名位で行っています。,毎月第1火曜日10時～,無償,地域包括支援センターくるみ,048-622-8103,35.912712,139.561774
西遊馬上サ自治会福祉ネットワーク,西遊馬上サ自治会館,さいたま市西区西遊馬1442,体操教室,"見守り（1回/月）
企画・茶話会（カヨウ会）第3火曜10：00～
いきいき百歳体操　毎週木曜日10：00～",毎週木曜9：30～,無償,地域包括支援センターくるみ,048-622-8103,35.912712,139.561774
芝川カラオケクラブ,堀の内町１丁目芝川自治会館,さいたま市大宮区堀の内町2-576-1,音楽（歌唱・演奏）,カラオケを通して交流を図る。,毎月第２・４金曜日13：30～15：30,有償,シニアサポートセンター白菊苑,048-658-5588,35.9130043170319,139.646708953371
桜木町3丁目ふれあいサロン,桜木町3丁目自治会館,さいたま市大宮区桜木町3-128-1,サロン・茶話会,"昼食会、健康体操、ゲームやクイズ等
毎回童謡を歌い、楽しいひと時を工夫している。桜木町3丁目在住で65歳以上の方。",3回/年,無償,大宮区西部圏域シニアサポートセンター 春陽苑,048-661-8611,35.913123,139.618318
桜木町3丁目ふれあいサロン,桜木町3丁目自治会館,さいたま市大宮区桜木町3-128-1,安否確認,"昼食会、健康体操、ゲームやクイズ等
毎回童謡を歌い、楽しいひと時を工夫している。桜木町3丁目在住で65歳以上の方。",3回/年,無償,大宮区西部圏域シニアサポートセンター 春陽苑,048-661-8611,35.913123,139.618318
桜木町3丁目ふれあいサロン,桜木町3丁目自治会館,さいたま市大宮区桜木町3-128-1,介護予防教室,"昼食会、健康体操、ゲームやクイズ等
毎回童謡を歌い、楽しいひと時を工夫している。桜木町3丁目在住で65歳以上の方。",3回/年,無償,大宮区西部圏域シニアサポートセンター 春陽苑,048-661-8611,35.913123,139.618318
桜木町3丁目ふれあいサロン,桜木町3丁目自治会館,さいたま市大宮区桜木町3-128-1,会食会,"昼食会、健康体操、ゲームやクイズ等
毎回童謡を歌い、楽しいひと時を工夫している。桜木町3丁目在住で65歳以上の方。",3回/年,無償,大宮区西部圏域シニアサポートセンター 春陽苑,048-661-8611,35.913123,139.618318
桜木町3丁目ふれあいサロン,桜木町3丁目自治会館,さいたま市大宮区桜木町3-128-1,体操教室,"昼食会、健康体操、ゲームやクイズ等
毎回童謡を歌い、楽しいひと時を工夫している。桜木町3丁目在住で65歳以上の方。",3回/年,無償,大宮区西部圏域シニアサポートセンター 春陽苑,048-661-8611,35.913123,139.618318
健康体操サロン,"堀一、堀二自治会館
（白山会館）",さいたま市大宮区堀の内町2-301,サロン・茶話会,自治会と長寿会が合同でサロン要素を持ち、介護予防としていきいき百歳体操を中心に集い交流を図る。,毎月第１、３金曜日10:00～12:00,条件付き無償,シニアサポートセンター白菊苑,048-658-5588,35.91368,139.63864
健康体操サロン,"堀一、堀二自治会館
（白山会館）",さいたま市大宮区堀の内町2-301,安否確認,自治会と長寿会が合同でサロン要素を持ち、介護予防としていきいき百歳体操を中心に集い交流を図る。,毎月第１、３金曜日10:00～12:00,条件付き無償,シニアサポートセンター白菊苑,048-658-5588,35.91368,139.63864
健康体操サロン,"堀一、堀二自治会館
（白山会館）",さいたま市大宮区堀の内町2-301,運動・スポーツ,自治会と長寿会が合同でサロン要素を持ち、介護予防としていきいき百歳体操を中心に集い交流を図る。,毎月第１、３金曜日10:00～12:00,条件付き無償,シニアサポートセンター白菊苑,048-658-5588,35.91368,139.63864
健康体操サロン,"堀一、堀二自治会館
（白山会館）",さいたま市大宮区堀の内町2-301,介護予防教室,自治会と長寿会が合同でサロン要素を持ち、介護予防としていきいき百歳体操を中心に集い交流を図る。,毎月第１、３金曜日10:00～12:00,条件付き無償,シニアサポートセンター白菊苑,048-658-5588,35.91368,139.63864
堀一さわやか会,堀一・堀二自治会館（白山会館）,さいたま市大宮区堀の内町2-301,サロン・茶話会,茶話会、いきいき百歳体操、ワナゲ、ダーツを行い、身体を動かしながら交流を図る。,毎月第２水曜日10:00～12:00,無償,シニアサポートセンター白菊苑,048-658-5588,35.91368,139.63864
堀一さわやか会,堀一・堀二自治会館（白山会館）,さいたま市大宮区堀の内町2-301,運動・スポーツ,茶話会、いきいき百歳体操、ワナゲ、ダーツを行い、身体を動かしながら交流を図る。,毎月第２水曜日10:00～12:00,無償,シニアサポートセンター白菊苑,048-658-5588,35.91368,139.63864
堀一さわやか会,堀一・堀二自治会館（白山会館）,さいたま市大宮区堀の内町2-301,体操教室,茶話会、いきいき百歳体操、ワナゲ、ダーツを行い、身体を動かしながら交流を図る。,毎月第２水曜日10:00～12:00,無償,シニアサポートセンター白菊苑,048-658-5588,35.91368,139.63864
仲野おしゃべり会,仲野自治会館,さいたま市西区西遊馬2273-6,サロン・茶話会,近隣住民と仲良くおしゃべり会を行います。,毎月第4水曜10：00～,無償,地域包括支援センターくるみ,048-622-8103,35.91388968,139.56013714
仲野おしゃべり会,仲野自治会館,さいたま市西区西遊馬2273-6,安否確認,近隣住民と仲良くおしゃべり会を行います。,毎月第4水曜10：00～,無償,地域包括支援センターくるみ,048-622-8103,35.91388968,139.56013714
仲野おしゃべり会,仲野自治会館,さいたま市西区西遊馬2273-6,手芸,近隣住民と仲良くおしゃべり会を行います。,毎月第4水曜10：00～,無償,地域包括支援センターくるみ,048-622-8103,35.91388968,139.56013714
けやき台コーヒーサロン,大宮けやき台自治会館,さいたま市西区指扇２１２８－７２,サロン・茶話会,けやき台自治会員を対象に、毎月種類の違うコーヒーを味わいながら、サロン・茶話会、音楽等を実施している。,第2火曜日・10時～,有償,西区北部圏域シニアサポートセンター三恵苑,048-620-1312,35.91392045,139.57538038
けやき台ボランティア防犯パトロール,大宮けやき台自治会館,さいたま市西区指扇２１２８－７２,その他活動,日曜日を除く、毎日実施。大宮けやき台自治会内約３キロメートルをパトロールしながら気になるゴミの処理、独居者の安否確認を実施している。,月～土,無償,西区北部圏域シニアサポートセンター三恵苑,048-620-1312,35.91392045,139.57538038
けやき台ボランティア防犯パトロール,大宮けやき台自治会館,さいたま市西区指扇２１２８－７２,安否確認,日曜日を除く、毎日実施。大宮けやき台自治会内約３キロメートルをパトロールしながら気になるゴミの処理、独居者の安否確認を実施している。,月～土,無償,西区北部圏域シニアサポートセンター三恵苑,048-620-1312,35.91392045,139.57538038
けやき台コーヒーサロン,大宮けやき台自治会館,さいたま市西区指扇２１２８－７２,音楽（歌唱・演奏）,けやき台自治会員を対象に、毎月種類の違うコーヒーを味わいながら、サロン・茶話会、音楽等を実施している。,第2火曜日・10時～,有償,西区北部圏域シニアサポートセンター三恵苑,048-620-1312,35.91392045,139.57538038
けやき台コーヒーサロン,大宮けやき台自治会館,さいたま市西区指扇２１２８－７２,会食会,けやき台自治会員を対象に、毎月種類の違うコーヒーを味わいながら、サロン・茶話会、音楽等を実施している。,第2火曜日・10時～,有償,西区北部圏域シニアサポートセンター三恵苑,048-620-1312,35.91392045,139.57538038
けやき台コーヒーサロン,大宮けやき台自治会館,さいたま市西区指扇２１２８－７２,住民主体の学習会,けやき台自治会員を対象に、毎月種類の違うコーヒーを味わいながら、サロン・茶話会、音楽等を実施している。,第2火曜日・10時～,有償,西区北部圏域シニアサポートセンター三恵苑,048-620-1312,35.91392045,139.57538038
けやき台おたすけ隊,大宮けやき台自治会館,さいたま市西区指扇２１２８－７２,買い物・掃除・洗濯・電球交換・庭の手入れ（剪定・草取り）,大宮けやき台自治会員の要望に応じて、出来ること出来ないことを検討して家事支援の作業を実施している。,随時,無償,西区北部圏域シニアサポートセンター三恵苑,048-620-1312,35.91392045,139.57538038
大成地区ふれあいサロン,大成公民館,さいたま市大宮区大成町2-335-1,サロン・茶話会,ゲーム・踊りなどを取り入れた茶話会。大成地区在住の65歳以上の方。参加の際は要連絡。,6回/年,無償,大宮区西部圏域シニアサポートセンター 春陽苑,048-661-8611,35.91393491,139.6115164
煎茶道　さつき,大成公民館,さいたま市大宮区大成町2-335-1,安否確認,煎茶道、小さな湯のみ5コで、いろいろなお点前を致します。,第2、第4木曜日,有償,大宮区西部圏域シニアサポートセンター 春陽苑,048-661-8611,35.91393491,139.6115164
"にこにこ体操教室
大成公民館",大成公民館,さいたま市大宮区大成町2-335-1,運動・スポーツ,"地域運動支援員による健康体操、レクリエーション　
参加希望者は、春陽苑までご連絡ください",1回/1か月,無償,大宮区西部圏域シニアサポートセンター 春陽苑,048-661-8611,35.91393491,139.6115164
NPO法人健康増進会議　イスヨガ,大成公民館,さいたま市大宮区大成町2-335-1,運動・スポーツ,イスヨガを通じて、身体、心を充実させ、健康増進させて過ごせることを提案して参ります,2回/月,有償,大宮区西部圏域シニアサポートセンター 春陽苑,048-661-8611,35.91393491,139.6115164
NPO法人健康増進会議　健康フラ,大成公民館,さいたま市大宮区大成町2-335-1,運動・スポーツ,フラダンスを通じて、姿勢、笑顔に注意しながら楽しく踊ります。,2回/月,有償,大宮区西部圏域シニアサポートセンター 春陽苑,048-661-8611,35.91393491,139.6115164
NPO法人健康増進会議　健康ピース,大成公民館,さいたま市大宮区大成町2-335-1,運動・スポーツ,ヨガを通して、身体、心を充実させて、過ごせることを提案して参ります,2回/月,有償,大宮区西部圏域シニアサポートセンター 春陽苑,048-661-8611,35.91393491,139.6115164
ピラティスクローバー,大成公民館,さいたま市大宮区大成町2-335-1,運動・スポーツ,負荷が少なく、動きが緩やかで体の奥の筋肉をしなやかで丈夫に鍛えていく運動,3～4回/月,有償,大宮区西部圏域シニアサポートセンター 春陽苑,048-661-8611,35.91393491,139.6115164
あおぞら太極拳,大成公民館,さいたま市大宮区大成町2-335-1,運動・スポーツ,太極拳の練習。初心者歓迎。,金曜・午前,有償,大宮区西部圏域シニアサポートセンター 春陽苑,048-661-8611,35.91393491,139.6115164
スクールMMG,大成公民館,さいたま市大宮区大成町2-335-1,運動・スポーツ,おもりを使ったいきいき百歳体操　自主グループ。その他口腔対体操や脳トレダンスを和気あいあいと行っています。,木曜・午後,無償,大宮区西部圏域シニアサポートセンター 春陽苑,048-661-8611,35.91393491,139.6115164
プレイモア・オカリーナ,大成公民館,さいたま市大宮区大成町2-335-1,音楽（歌唱・演奏）,楽しくオカリナを演奏の練習をしています。親しみやすい曲を公民館祭りや発表会で披露しています。,第2・第4水曜日　午後,有償,大宮区西部圏域シニアサポートセンター 春陽苑,048-661-8611,35.91393491,139.6115164
竹笛の会,大成公民館,さいたま市大宮区大成町2-335-1,音楽（歌唱・演奏）,"篠笛、ケーナの二つの部から構成。
演奏曲：童謡・歌唱・民謡等
モットー：イキイキ楽しく集う
楽器：会員笛師作成の笛を無償提供
経験・年齢不問　　会員：20名","毎週月曜日（第4週は火曜日）
13：00～15：00",有償,大宮区西部圏域シニアサポートセンター 春陽苑,048-661-8611,35.91393491,139.6115164
"にこにこ体操教室
大成公民館",大成公民館,さいたま市大宮区大成町2-335-1,介護予防教室,"地域運動支援員による健康体操、レクリエーション　
参加希望者は、春陽苑までご連絡ください",1回/1か月,無償,大宮区西部圏域シニアサポートセンター 春陽苑,048-661-8611,35.91393491,139.6115164
あおぞら太極拳,大成公民館,さいたま市大宮区大成町2-335-1,介護予防教室,太極拳の練習。初心者歓迎。,金曜・午前,有償,大宮区西部圏域シニアサポートセンター 春陽苑,048-661-8611,35.91393491,139.6115164
神無月会,大成公民館,さいたま市大宮区大成町2-335-1,絵画・書道,絵手紙　約20年活動しております。月1回先生にお教えいただいてます。あと1回は自習日になっております。,第2・第4金曜　13:00～15:00,有償,大宮区西部圏域シニアサポートセンター 春陽苑,048-661-8611,35.91393491,139.6115164
煎茶道　さつき,大成公民館,さいたま市大宮区大成町2-335-1,住民主体の学習会,煎茶道、小さな湯のみ5コで、いろいろなお点前を致します。,第2、第4木曜日,有償,大宮区西部圏域シニアサポートセンター 春陽苑,048-661-8611,35.91393491,139.6115164
"にこにこ体操教室
大成公民館",大成公民館,さいたま市大宮区大成町2-335-1,体操教室,"地域運動支援員による健康体操、レクリエーション　
参加希望者は、春陽苑までご連絡ください",1回/1か月,無償,大宮区西部圏域シニアサポートセンター 春陽苑,048-661-8611,35.91393491,139.6115164
NPO法人健康増進会議　イスヨガ,大成公民館,さいたま市大宮区大成町2-335-1,体操教室,イスヨガを通じて、身体、心を充実させ、健康増進させて過ごせることを提案して参ります,2回/月,有償,大宮区西部圏域シニアサポートセンター 春陽苑,048-661-8611,35.91393491,139.6115164
NPO法人健康増進会議　健康ピース,大成公民館,さいたま市大宮区大成町2-335-1,体操教室,ヨガを通して、身体、心を充実させて、過ごせることを提案して参ります,2回/月,有償,大宮区西部圏域シニアサポートセンター 春陽苑,048-661-8611,35.91393491,139.6115164
スクールMMG,大成公民館,さいたま市大宮区大成町2-335-1,体操教室,おもりを使ったいきいき百歳体操　自主グループ。その他口腔対体操や脳トレダンスを和気あいあいと行っています。,木曜・午後,無償,大宮区西部圏域シニアサポートセンター 春陽苑,048-661-8611,35.91393491,139.6115164
株式会社ヤマシタ埼玉営業所（歩行解析・福祉用具体験）,三橋公民館　並木公園　三橋総合公園,さいたま市大宮区桜木町4-686,介護予防教室,最新技術で歩行状態を測定しましょう。5ｍ歩く姿を撮ることで転倒予防のヒントが分かります。自主グループや、サロンの活動の場に伺います。福祉用具体験もすることができます。（杖・歩行器など）,随時,無償,大宮区西部圏域シニアサポートセンター 春陽苑,048-661-8611,35.9139782638002,139.611474436754
大成元気会,大成公民館,さいたま市大宮区大成町2-335-1,介護予防教室,いきいき百歳体操　自主グループ,水曜・午後,無償,大宮区西部圏域シニアサポートセンター 春陽苑,048-661-8611,35.9139915356199,139.611464471165
大成元気会,大成公民館,さいたま市大宮区大成町2-335-1,体操教室,いきいき百歳体操　自主グループ,水曜・午後,無償,大宮区西部圏域シニアサポートセンター 春陽苑,048-661-8611,35.9139915356199,139.611464471165
あじさい会,大成公民館,さいたま市大宮区大成町2-335-1,音楽（歌唱・演奏）,"毎週1～2回キーボードを演奏
全ての曲を練習している",1～2回/週,無償,大宮区西部圏域シニアサポートセンター 春陽苑,048-661-8611,35.9140175835589,139.611443011425
あじさい会,大成公民館,さいたま市大宮区大成町2-335-1,交流その他,"毎週1～2回キーボードを演奏
全ての曲を練習している",1～2回/週,無償,大宮区西部圏域シニアサポートセンター 春陽苑,048-661-8611,35.9140175835589,139.611443011425
ふれあいいきいきサロン,大宮東公民館,さいたま市大宮区堀の内町3-140,サロン・茶話会,東地区在住で65歳以上の方対象に物作り、ハーブ教室、音楽やヨガ、大人の塗り絵、民謡や健康講座、介護保険制度の勉強など行い、参加者や民生委員と交流を図る。,毎月第３木曜日14:00～15:30（年10回　8月、1月は無し）,無償,シニアサポートセンター白菊苑,048-658-5588,35.91411618,139.63662562
ふれあいいきいきサロン,大宮東公民館,さいたま市大宮区堀の内町3-140,安否確認,東地区在住で65歳以上の方対象に物作り、ハーブ教室、音楽やヨガ、大人の塗り絵、民謡や健康講座、介護保険制度の勉強など行い、参加者や民生委員と交流を図る。,毎月第３木曜日14:00～15:30（年10回　8月、1月は無し）,無償,シニアサポートセンター白菊苑,048-658-5588,35.91411618,139.63662562
ふれあいいきいきサロン,大宮東公民館,さいたま市大宮区堀の内町3-140,音楽（歌唱・演奏）,東地区在住で65歳以上の方対象に物作り、ハーブ教室、音楽やヨガ、大人の塗り絵、民謡や健康講座、介護保険制度の勉強など行い、参加者や民生委員と交流を図る。,毎月第３木曜日14:00～15:30（年10回　8月、1月は無し）,無償,シニアサポートセンター白菊苑,048-658-5588,35.91411618,139.63662562
いきいきフライデー,大宮東公民館,さいたま市大宮区堀の内町3-140,介護予防教室,いきいき百歳体操やお口の体操を行う。最後に歌をうたい交流を図る。どなたでも参加可。,毎週金曜日14:00～16:00（会場が予約できた日に限る）,その他,シニアサポートセンター白菊苑,048-658-5588,35.91411618,139.63662562
ふれあいいきいきサロン,大宮東公民館,さいたま市大宮区堀の内町3-140,手芸,東地区在住で65歳以上の方対象に物作り、ハーブ教室、音楽やヨガ、大人の塗り絵、民謡や健康講座、介護保険制度の勉強など行い、参加者や民生委員と交流を図る。,毎月第３木曜日14:00～15:30（年10回　8月、1月は無し）,無償,シニアサポートセンター白菊苑,048-658-5588,35.91411618,139.63662562
ふれあいいきいきサロン,大宮東公民館,さいたま市大宮区堀の内町3-140,話し相手・傾聴,東地区在住で65歳以上の方対象に物作り、ハーブ教室、音楽やヨガ、大人の塗り絵、民謡や健康講座、介護保険制度の勉強など行い、参加者や民生委員と交流を図る。,毎月第３木曜日14:00～15:30（年10回　8月、1月は無し）,無償,シニアサポートセンター白菊苑,048-658-5588,35.91411618,139.63662562
みんなの体操クラブ,大宮東公民館第２会議室,さいたま市大宮区堀の内町3-140,音楽（歌唱・演奏）,ますます元気教室修了者で東地区在住の方中心に運営し、いきいき百歳体操を実施。教室未受講者でも参加可。,毎月第２、４水曜日10:00～12:00,その他,シニアサポートセンター白菊苑,048-658-5588,35.91411618,139.63662562
リリィ,大宮東公民館第２会議室,さいたま市大宮区堀の内町3-140,音楽（歌唱・演奏）,ますます元気教室修了者で東地区在住者で運営。いきいき百歳体操、ラジオ体操、スクワット、かかと落とし、スキップなどの運動、歌、脳トレを行い交流を図る。,毎週火曜日14:00～16:00（第５週目はなし）,その他,シニアサポートセンター白菊苑,048-658-5588,35.91411618,139.63662562
みんなの体操クラブ,大宮東公民館第２会議室,さいたま市大宮区堀の内町3-140,介護予防教室,ますます元気教室修了者で東地区在住の方中心に運営し、いきいき百歳体操を実施。教室未受講者でも参加可。,毎月第２、４水曜日10:00～12:00,その他,シニアサポートセンター白菊苑,048-658-5588,35.91411618,139.63662562
リリィ,大宮東公民館第２会議室,さいたま市大宮区堀の内町3-140,介護予防教室,ますます元気教室修了者で東地区在住者で運営。いきいき百歳体操、ラジオ体操、スクワット、かかと落とし、スキップなどの運動、歌、脳トレを行い交流を図る。,毎週火曜日14:00～16:00（第５週目はなし）,その他,シニアサポートセンター白菊苑,048-658-5588,35.91411618,139.63662562
ハピネスクラブ,大成公民館,さいたま市大宮区大成町2-335-1,体操教室,いきいき百歳体操,水曜日10時～12時,無償,大宮区西部圏域シニアサポートセンター 春陽苑,048-661-8611,35.9141739825359,139.611432281643
けやき台ラジオ体操友の会,大宮けやき台わかば公園,さいたま市西区指扇１９５８,運動・スポーツ,けやき台自治会員の65歳以上を対象に、自分の健康作りに前向きな人達でラジオ体操を実施している。,毎日。雨天と元日は除く,無償,西区北部圏域シニアサポートセンター三恵苑,048-620-1312,35.91418,139.57718
コスモス,大宮東公民館,さいたま市大宮区堀の内町3-140,介護予防教室,いきいき百歳体操を行い、介護予防に努める。,毎週水曜日14：00～15：30（第３水を除く）,条件付き無償,シニアサポートセンター白菊苑,048-658-5588,35.9142106542458,139.636638839314
かわせみ,大宮東公民館,さいたま市大宮区堀の内町3-140,介護予防教室,いきいき百歳体操を行い、参加メンバーと共に交流を図り介護予防に努める。,毎週木曜日14：00～15：30,条件付き無償,シニアサポートセンター白菊苑,048-658-5588,35.9142106542458,139.636638839314
かわせみ,大宮東公民館,さいたま市大宮区堀の内町3-140,住民主体の学習会,いきいき百歳体操を行い、参加メンバーと共に交流を図り介護予防に努める。,毎週木曜日14：00～15：30,条件付き無償,シニアサポートセンター白菊苑,048-658-5588,35.9142106542458,139.636638839314
きれいのエキスパート　タスカル,きれいのエキスパート　タスカル,さいたま市大宮区三橋1-350-1,安否確認,掃除、洗濯、電球交換、庭の手入れ（剪定、草取り）、移送・送迎（通院時の移動支援）、安否確認、話し相手、傾聴、ハウスクリーニング、廃品回収、荷物移動等を行います。,週１回～週５、６回,有償,きれいのエキスパート　タスカル,0120-025-005,35.91440961,139.6012783
きれいのエキスパート　タスカル,きれいのエキスパート　タスカル,さいたま市大宮区三橋1-350-1,移送・送迎（通院等移動支援）,掃除、洗濯、電球交換、庭の手入れ（剪定、草取り）、移送・送迎（通院時の移動支援）、安否確認、話し相手、傾聴、ハウスクリーニング、廃品回収、荷物移動等を行います。,週１回～週５、６回,有償,きれいのエキスパート　タスカル,0120-025-005,35.91440961,139.6012783
きれいのエキスパート　タスカル,きれいのエキスパート　タスカル,さいたま市大宮区三橋1-350-1,環境美化・清掃,掃除、洗濯、電球交換、庭の手入れ（剪定、草取り）、移送・送迎（通院時の移動支援）、安否確認、話し相手、傾聴、ハウスクリーニング、廃品回収、荷物移動等を行います。,週１回～週５、６回,有償,きれいのエキスパート　タスカル,0120-025-005,35.91440961,139.6012783
きれいのエキスパート　タスカル,きれいのエキスパート　タスカル,さいたま市大宮区三橋1-350-1,買い物・掃除・洗濯・電球交換・庭の手入れ（剪定・草取り）,掃除、洗濯、電球交換、庭の手入れ（剪定、草取り）、移送・送迎（通院時の移動支援）、安否確認、話し相手、傾聴、ハウスクリーニング、廃品回収、荷物移動等を行います。,週１回～週５、６回,有償,きれいのエキスパート　タスカル,0120-025-005,35.91440961,139.6012783
きれいのエキスパート　タスカル,きれいのエキスパート　タスカル,さいたま市大宮区三橋1-350-1,話し相手・傾聴,掃除、洗濯、電球交換、庭の手入れ（剪定、草取り）、移送・送迎（通院時の移動支援）、安否確認、話し相手、傾聴、ハウスクリーニング、廃品回収、荷物移動等を行います。,週１回～週５、６回,有償,きれいのエキスパート　タスカル,0120-025-005,35.91440961,139.6012783
"きれいのエキスパート
タスカル","きれいのエキスパート
タスカル",さいたま市大宮区三橋1-350-1,その他生活支援,特殊清掃、ウィルス除菌滅（コロナ）、遺品・生前整理、ハウスクリーニングから、草取り、ゴミ出し、清掃、話相手等、くらしの困ったことをサポートします。,随時,有償,"きれいのエキスパート
タスカル",0120-025-005,35.91440961,139.6012783
"きれいのエキスパート
タスカル","きれいのエキスパート
タスカル",さいたま市大宮区三橋1-350-1,安否確認,特殊清掃、ウィルス除菌滅（コロナ）、遺品・生前整理、ハウスクリーニングから、草取り、ゴミ出し、清掃、話相手等、くらしの困ったことをサポートします。,随時,有償,"きれいのエキスパート
タスカル",0120-025-005,35.91440961,139.6012783
"きれいのエキスパート
タスカル","きれいのエキスパート
タスカル",さいたま市大宮区三橋1-350-1,移送・送迎（車両等使用）,特殊清掃、ウィルス除菌滅（コロナ）、遺品・生前整理、ハウスクリーニングから、草取り、ゴミ出し、清掃、話相手等、くらしの困ったことをサポートします。,随時,有償,"きれいのエキスパート
タスカル",0120-025-005,35.91440961,139.6012783
"きれいのエキスパート
タスカル","きれいのエキスパート
タスカル",さいたま市大宮区三橋1-350-1,移送・送迎（通院等移動支援）,特殊清掃、ウィルス除菌滅（コロナ）、遺品・生前整理、ハウスクリーニングから、草取り、ゴミ出し、清掃、話相手等、くらしの困ったことをサポートします。,随時,有償,"きれいのエキスパート
タスカル",0120-025-005,35.91440961,139.6012783
"きれいのエキスパート
タスカル","きれいのエキスパート
タスカル",さいたま市大宮区三橋1-350-1,環境美化・清掃,特殊清掃、ウィルス除菌滅（コロナ）、遺品・生前整理、ハウスクリーニングから、草取り、ゴミ出し、清掃、話相手等、くらしの困ったことをサポートします。,随時,有償,"きれいのエキスパート
タスカル",0120-025-005,35.91440961,139.6012783
"きれいのエキスパート
タスカル","きれいのエキスパート
タスカル",さいたま市大宮区三橋1-350-1,買い物・掃除・洗濯・電球交換・庭の手入れ（剪定・草取り）,特殊清掃、ウィルス除菌滅（コロナ）、遺品・生前整理、ハウスクリーニングから、草取り、ゴミ出し、清掃、話相手等、くらしの困ったことをサポートします。,随時,有償,"きれいのエキスパート
タスカル",0120-025-005,35.91440961,139.6012783
"きれいのエキスパート
タスカル","きれいのエキスパート
タスカル",さいたま市大宮区三橋1-350-1,防犯パトロール,特殊清掃、ウィルス除菌滅（コロナ）、遺品・生前整理、ハウスクリーニングから、草取り、ゴミ出し、清掃、話相手等、くらしの困ったことをサポートします。,随時,有償,"きれいのエキスパート
タスカル",0120-025-005,35.91440961,139.6012783
"きれいのエキスパート
タスカル","きれいのエキスパート
タスカル",さいたま市大宮区三橋1-350-1,話し相手・傾聴,特殊清掃、ウィルス除菌滅（コロナ）、遺品・生前整理、ハウスクリーニングから、草取り、ゴミ出し、清掃、話相手等、くらしの困ったことをサポートします。,随時,有償,"きれいのエキスパート
タスカル",0120-025-005,35.91440961,139.6012783
西遊馬高木自治会,西遊馬高木自治会館,さいたま市西区西遊馬2243-2,サロン・茶話会,百歳体操を月1回実施,第3土曜日10：00～,無償,地域包括支援センターくるみ,048-622-8103,35.91559495,139.55984827
西遊馬高木自治会,西遊馬高木自治会館,さいたま市西区西遊馬2243-2,安否確認,百歳体操を月1回実施,第3土曜日10：00～,無償,地域包括支援センターくるみ,048-622-8103,35.91559495,139.55984827
西遊馬高木自治会,西遊馬高木自治会館,さいたま市西区西遊馬2243-2,運動・スポーツ,百歳体操を月1回実施,第3土曜日10：00～,無償,地域包括支援センターくるみ,048-622-8103,35.91559495,139.55984827
東中野うんどうサロン,東中野自治会館,さいたま市見沼区南中野９９２,運動・スポーツ,ストレッチ体操・柔軟体操・脳トレ等。片柳地区にお住まいの概ね６５歳以上の方が対象。,毎月第１火曜日,無償,片柳地区社会福祉協議会,048-686-8601,35.91562,139.66633
東中野うんどうサロン,東中野自治会館,さいたま市見沼区南中野９９２,介護予防教室,ストレッチ体操・柔軟体操・脳トレ等。片柳地区にお住まいの概ね６５歳以上の方が対象。,毎月第１火曜日,無償,片柳地区社会福祉協議会,048-686-8601,35.91562,139.66633
三橋6丁目イキイキ体操クラブ,三橋６丁目自治会館,さいたま市西区三橋６丁目530-2,体操教室,毎週金曜日にいきいき百歳体操を実施しています。ますます元気教室をきっかけに誕生したクラブです。,週１回　金曜日　午後２時,無償,西区北部圏域シニアサポートセンター三恵苑,048ｰ620-1312,35.9157459584021,139.588531299996
三橋６丁目自治会防犯推進委員会（楽しいウオーキングで町内パトロール）,三橋６丁目自治会館,さいたま市西区三橋6丁目530-2,防犯パトロール,"自治会内を歩いてパトロールしています。地域の安全を守り,ご近所との連携も強くなります。とてもやりがいのある活動です。",週２回（水土）１時間程度,無償,西区北部圏域シニアサポートセンター三恵苑,048ｰ620-1312,35.9157459584021,139.588531299996
指扇台自治会,指扇台自治会館,さいたま市西区指扇2856-214,その他生活支援,概ね月１回、自治会員に回覧している自治会広報誌にて、生活支援の要望を集約する。その後、生活支援の担い手で相談し、対応可能なものについて順次対応していく。,概ね月１回,有償,西区北部圏域シニアサポートセンター三恵苑,048ｰ620-1312,35.915834533594,139.573210035575
指扇台自治会,指扇台自治会館,さいたま市西区指扇2856-214,安否確認,概ね月１回、自治会員に回覧している自治会広報誌にて、生活支援の要望を集約する。その後、生活支援の担い手で相談し、対応可能なものについて順次対応していく。,概ね月１回,有償,西区北部圏域シニアサポートセンター三恵苑,048ｰ620-1312,35.915834533594,139.573210035575
指扇台自治会　百歳体操グループ,指扇台自治会館,さいたま市西区指扇2856-214,サロン・茶話会,毎週土曜日10時より、百歳体操を実施しています。茶話会を開催し楽しく情報交換をしています。,土曜10時～,有償,西区北部圏域シニアサポートセンター三恵苑,048-620-1312,35.9159792318256,139.57331846943
指扇台自治会　百歳体操グループ,指扇台自治会館,さいたま市西区指扇2856-214,体操教室,毎週土曜日10時より、百歳体操を実施しています。茶話会を開催し楽しく情報交換をしています。,土曜10時～,有償,西区北部圏域シニアサポートセンター三恵苑,048-620-1312,35.9159792318256,139.57331846943
ピアサポート「ほほえみ」,ニチイケアセンター大宮公園,さいたま市大宮区土手町1-81,音楽（歌唱・演奏）,グループホームの入居者と一緒にいきいき百歳体操を中心に活動を行う。会場まで来られる方ならどなたでも参加可。,毎月第１・３木曜日10:00～11:30,その他,シニアサポートセンター白菊苑,048-658-5588,35.91604605,139.62412374
ピアサポート「ほほえみ」,ニチイケアセンター大宮公園,さいたま市大宮区土手町1-81,体操教室,グループホームの入居者と一緒にいきいき百歳体操を中心に活動を行う。会場まで来られる方ならどなたでも参加可。,毎月第１・３木曜日10:00～11:30,その他,シニアサポートセンター白菊苑,048-658-5588,35.91604605,139.62412374
にこにこサロン,下郷自治会館,さいたま市西区指扇１８２７,サロン・茶話会,講話、健康体操、脳トレ、レクレーション等を通して、健康維持と交流を図る。また、地域行事として盆踊りに参加する。,毎月1回　第3水曜日、10:00～11:30,無償,西区北部圏域シニアサポートセンター三恵苑,048-620-1312,35.91606177,139.57765518
赤羽根歌謡会,赤羽根自治会館,さいたま市西区指扇2811-1,音楽（歌唱・演奏）,インストラクターを招いて歌謡教室を開催しています。現在はコロナ禍のため自主練習。歌謡曲のジャンルは主に演歌です。,週1回　火曜日,有償,西区北部圏域シニアサポートセンター三恵苑,048ｰ620-1312,35.9162040445103,139.572137900007
ほっとサロン,赤羽根自治会館,さいたま市西区指扇2881-1,介護予防教室,"2022年7月に民生委員、いきいきサポーターが立ち上げた百歳体操のグループ。赤羽根自治会のご支援で,月2回の開催です。",第2第4水曜日10時～11時,有償,ほっとサロン,090-4412-4603,35.9162040445103,139.572137900007
西遊馬団地ケア・ネットワーク委員会,西遊馬団地管理組合事務所,さいたま市西区西遊馬1813-1,サロン・茶話会,月1回の自宅訪問見守り活動、年1～2回のお茶会、サロンのお手伝い、敬老会のお手伝い,月1回第3月曜13：30～,無償,地域包括支援センターくるみ,048-622-8103,35.91651148,139.56040099
西遊馬団地ケア・ネットワーク委員会,西遊馬団地管理組合事務所,さいたま市西区西遊馬1813-1,安否確認,月1回の自宅訪問見守り活動、年1～2回のお茶会、サロンのお手伝い、敬老会のお手伝い,月1回第3月曜13：30～,無償,地域包括支援センターくるみ,048-622-8103,35.91651148,139.56040099
西遊馬団地ケア・ネットワーク委員会,西遊馬団地管理組合事務所,さいたま市西区西遊馬1813-1,話し相手・傾聴,月1回の自宅訪問見守り活動、年1～2回のお茶会、サロンのお手伝い、敬老会のお手伝い,月1回第3月曜13：30～,無償,地域包括支援センターくるみ,048-622-8103,35.91651148,139.56040099
オーベルいきいきサロン,オーベル大宮指扇集会室,さいたま市西区指扇２６１７,サロン・茶話会,オーベル自治会員を対象に茶話会、介護予防、健康体操、会食会を実施している。,月1回。第3木曜日、14時～,無償,西区北部圏域シニアサポートセンター三恵苑,048-620-1312,35.9165671,139.5668366
オーベルいきいきサロン,オーベル大宮指扇集会室,さいたま市西区指扇２６１７,音楽（歌唱・演奏）,オーベル自治会員を対象に茶話会、介護予防、健康体操、会食会を実施している。,月1回。第3木曜日、14時～,無償,西区北部圏域シニアサポートセンター三恵苑,048-620-1312,35.9165671,139.5668366
オーベルいきいきサロン,オーベル大宮指扇集会室,さいたま市西区指扇２６１７,介護予防教室,オーベル自治会員を対象に茶話会、介護予防、健康体操、会食会を実施している。,月1回。第3木曜日、14時～,無償,西区北部圏域シニアサポートセンター三恵苑,048-620-1312,35.9165671,139.5668366
オーベルいきいきサロン,オーベル大宮指扇集会室,さいたま市西区指扇２６１７,会食会,オーベル自治会員を対象に茶話会、介護予防、健康体操、会食会を実施している。,月1回。第3木曜日、14時～,無償,西区北部圏域シニアサポートセンター三恵苑,048-620-1312,35.9165671,139.5668366
オーベルいきいきサロン,オーベル大宮指扇集会室,さいたま市西区指扇２６１７,体操教室,オーベル自治会員を対象に茶話会、介護予防、健康体操、会食会を実施している。,月1回。第3木曜日、14時～,無償,西区北部圏域シニアサポートセンター三恵苑,048-620-1312,35.9165671,139.5668366
青葉百歳体操クラブ,青葉自治会会館,さいたま市見沼区南中丸１１１１,介護予防教室,いきいき百歳体操、口腔ストレッチ、唾液腺マッサージ、パタカラ体操、音読、歌、頭の体操。,毎週月曜日１０時～１１時３０分,有償,地域包括支援センター敬寿園,048-681-5151,35.9166946586499,139.660341231251
レディスマイル,シティハイツ三橋自治会集会所,さいたま市西区三橋６丁目１１８１番地,介護予防教室,社交交流を兼ねた百歳体操。,月１回　第３月曜日　,有償,西区北部圏域シニアサポートセンター三恵苑,048ｰ620-1312,35.9169554889383,139.585533706754
レディスマイル,シティハイツ三橋自治会集会所,さいたま市西区三橋６丁目１１８１番地,体操教室,社交交流を兼ねた百歳体操。,月１回　第３月曜日　,有償,西区北部圏域シニアサポートセンター三恵苑,048ｰ620-1312,35.9169554889383,139.585533706754
扇サロン,ワーク・プラザ,さいたま市西区宝来1969‐8,サロン・茶話会,参加者が自分でやりたいことを自由にやる。,月1回第3月曜13：00～,無償,地域包括支援センターくるみ,048-622-8103,35.91716,139.56177
扇サロン,ワーク・プラザ,さいたま市西区宝来1969‐8,安否確認,参加者が自分でやりたいことを自由にやる。,月1回第3月曜13：00～,無償,地域包括支援センターくるみ,048-622-8103,35.91716,139.56177
扇サロン,ワーク・プラザ,さいたま市西区宝来1969‐8,体操教室,参加者が自分でやりたいことを自由にやる。,月1回第3月曜13：00～,無償,地域包括支援センターくるみ,048-622-8103,35.91716,139.56177
ゆったりヨーガ,さいたま市西部文化センター,さいたま市西区三橋6丁目642-4,体操教室,"体を動かすと,血流がよくなります。脳の血流もよくなり,心も元気になります。「ゆったりヨーガ」では,誰かと比較することなく,今のご自分のできることをします。",概ね週1回（水曜日午前中）,有償,西区北部圏域シニアサポートセンター三恵苑,048ｰ620-1312,35.9175774166539,139.591902353374
生協大谷いきいき百歳体操,生協大谷自治会館,さいたま市見沼区大谷８４‐２,介護予防教室,いきいき百歳体操。手・足指体操,毎週木曜日,無償,生協大谷いきいき百歳体操,048-685-0297  090-4714-2022,35.91784682,139.6657982
下宝来いきいきサロン,下宝来自治会館,さいたま市西区大字宝来1565番地ー１,サロン・茶話会,60歳以上の下宝来自治会員を対象に、茶話会を中心にして、ラジオ体操、健康講話等を実施している。,第2木曜日10時～,無償,西区北部圏域シニアサポートセンター三恵苑,048-620-1312,35.91810291,139.56242305
下宝来いきいきサロン,下宝来自治会館,さいたま市西区大字宝来1565番地ー１,住民主体の学習会,60歳以上の下宝来自治会員を対象に、茶話会を中心にして、ラジオ体操、健康講話等を実施している。,第2木曜日10時～,無償,西区北部圏域シニアサポートセンター三恵苑,048-620-1312,35.91810291,139.56242305
健康体操サロン,下宝来自治会館,さいたま市西区大字宝来1565番地ー１,体操教室,65歳以上の下宝来自治会員を対象に月2回健康体操と百歳体操を実施している。,第2第4月曜日、10時～,無償,西区北部圏域シニアサポートセンター三恵苑,048-620-1312,35.91810291,139.56242305
医療生協さいたま大宮東支部,大谷第四自治会館,さいたま市見沼区大谷６６６－２,会食会,シルバーサポート｢お茶しましょ」　血圧測定をしてから手先を使って小物づくり。手作りのお昼ご飯をおしゃべりしながらいただき、その後ラジオ体操をしてから解散です。,毎月第２月曜日10時～14時,有償,さいたま市見沼区東部圏域シニアサポートセンター敬寿園七里ホーム,048-681-6614,35.91866,139.67658
医療生協さいたま大宮東支部,大谷第四自治会館,さいたま市見沼区大谷６６６－２,手芸,シルバーサポート｢お茶しましょ」　血圧測定をしてから手先を使って小物づくり。手作りのお昼ご飯をおしゃべりしながらいただき、その後ラジオ体操をしてから解散です。,毎月第２月曜日10時～14時,有償,さいたま市見沼区東部圏域シニアサポートセンター敬寿園七里ホーム,048-681-6614,35.91866,139.67658
医療生協さいたま大宮東支部,大谷第四自治会館,さいたま市見沼区大谷６６６－２,体操教室,シルバーサポート｢お茶しましょ」　血圧測定をしてから手先を使って小物づくり。手作りのお昼ご飯をおしゃべりしながらいただき、その後ラジオ体操をしてから解散です。,毎月第２月曜日10時～14時,有償,さいたま市見沼区東部圏域シニアサポートセンター敬寿園七里ホーム,048-681-6614,35.91866,139.67658
医療生協さいたま大宮東支部,大谷第四自治会館,さいたま市見沼区大谷６６６－２,料理,シルバーサポート｢お茶しましょ」　血圧測定をしてから手先を使って小物づくり。手作りのお昼ご飯をおしゃべりしながらいただき、その後ラジオ体操をしてから解散です。,毎月第２月曜日10時～14時,有償,さいたま市見沼区東部圏域シニアサポートセンター敬寿園七里ホーム,048-681-6614,35.91866,139.67658
宝来団地いきいきサロン,宝来団地集会所,さいたま市西区宝来1493,サロン・茶話会,週2回（月、金）集会所でサロンを開催しています。,週2回（月･金）,無償,西区北部圏域シニアサポートセンター三恵苑,048ｰ620-1312,35.9196169988276,139.563108596828
宝来団地いきいきサロン,宝来団地集会所,さいたま市西区宝来1493,会食会,週2回（月、金）集会所でサロンを開催しています。,週2回（月･金）,無償,西区北部圏域シニアサポートセンター三恵苑,048ｰ620-1312,35.9196169988276,139.563108596828
宝来団地いきいきサロン,宝来団地集会所,さいたま市西区宝来1493,買い物・掃除・洗濯・電球交換・庭の手入れ（剪定・草取り）,週2回（月、金）集会所でサロンを開催しています。,週2回（月･金）,無償,西区北部圏域シニアサポートセンター三恵苑,048ｰ620-1312,35.9196169988276,139.563108596828
まごころサロンはなみずき　東大成,東大成１丁目自治会館,さいたま市北区東大成町１丁目４８７番地,サロン・茶話会,地域の高齢者（植竹地区）の方の交流の場。民生委員さんが中心となって毎月内容を考え実施しています。,毎月第１木曜13：30～15：00,無償,植竹地区社会福祉協議会,048-654-2022,35.91974262,139.62255712
東大成町１丁目菜の花会,東大成１丁目自治会館,さいたま市北区東大成町１丁目４８７,運動・スポーツ,見学会、誕生会、講演会、グランドゴルフ大会に参加、講習会（年賀状作成とスマホ教室）他、地域の自治会と商工親和会の事業に参加,誕生会は年３回、グランドゴルフ週２回、講習会年２回、自治会、商工親和会の事業の協力は随時,有償,東大成町１丁目菜の花会,048-664-1406,35.91974262,139.62255712
まごころサロンはなみずき　東大成,東大成１丁目自治会館,さいたま市北区東大成町１丁目４８７番地,運動・スポーツ,地域の高齢者（植竹地区）の方の交流の場。民生委員さんが中心となって毎月内容を考え実施しています。,毎月第１木曜13：30～15：00,無償,植竹地区社会福祉協議会,048-654-2022,35.91974262,139.62255712
まごころサロンはなみずき　東大成,東大成１丁目自治会館,さいたま市北区東大成町１丁目４８７番地,音楽（歌唱・演奏）,地域の高齢者（植竹地区）の方の交流の場。民生委員さんが中心となって毎月内容を考え実施しています。,毎月第１木曜13：30～15：00,無償,植竹地区社会福祉協議会,048-654-2022,35.91974262,139.62255712
東一いきいき体操会,東大成１丁目自治会館,さいたま市北区東大成町1丁目487,介護予防教室,いきいき百歳体操の実施,毎月第4金曜日10：30～12：00,無償,植竹地区社会福祉協議会,048-654-2022,35.91974262,139.62255712
東大成町１丁目菜の花会,東大成１丁目自治会館,さいたま市北区東大成町１丁目４８７,会食会,見学会、誕生会、講演会、グランドゴルフ大会に参加、講習会（年賀状作成とスマホ教室）他、地域の自治会と商工親和会の事業に参加,誕生会は年３回、グランドゴルフ週２回、講習会年２回、自治会、商工親和会の事業の協力は随時,有償,東大成町１丁目菜の花会,048-664-1406,35.91974262,139.62255712
東大成町１丁目菜の花会,東大成１丁目自治会館,さいたま市北区東大成町１丁目４８７,写真・パソコン,見学会、誕生会、講演会、グランドゴルフ大会に参加、講習会（年賀状作成とスマホ教室）他、地域の自治会と商工親和会の事業に参加,誕生会は年３回、グランドゴルフ週２回、講習会年２回、自治会、商工親和会の事業の協力は随時,有償,東大成町１丁目菜の花会,048-664-1406,35.91974262,139.62255712
東一いきいき体操会,東大成１丁目自治会館,さいたま市北区東大成町1丁目487,体操教室,いきいき百歳体操の実施,毎月第4金曜日10：30～12：00,無償,植竹地区社会福祉協議会,048-654-2022,35.91974262,139.62255712
プリムローズ体操クラブ,プリムローズ大宮集会室,さいたま市北区櫛引町2-499-2,介護予防教室,百歳体操、プリムローズ大宮住民の方,月２回,無償,ゆめの園,048-653-0544,35.91986445,139.61127465
ベルヴィル大宮健康げんき体操,ベルヴィル大宮大宮,さいたま市北区日進町１－１６８－１,サロン・茶話会,マンション内集会所にて月に2回いきいき百歳体操を実施,第2・4水曜日10時から11時半,無償,ゆめの園,048-653-0544,35.920422072511,139.595693096516
ベルヴィル大宮健康げんき体操,ベルヴィル大宮大宮,さいたま市北区日進町１－１６８－１,安否確認,マンション内集会所にて月に2回いきいき百歳体操を実施,第2・4水曜日10時から11時半,無償,ゆめの園,048-653-0544,35.920422072511,139.595693096516
ベルヴィル大宮健康げんき体操,ベルヴィル大宮大宮,さいたま市北区日進町１－１６８－１,介護予防教室,マンション内集会所にて月に2回いきいき百歳体操を実施,第2・4水曜日10時から11時半,無償,ゆめの園,048-653-0544,35.920422072511,139.595693096516
らんらんの会(ベルヴィル大宮老人会),ベルヴィル大宮管理棟ホール,さいたま市北区日進町１－１６８－１,音楽（歌唱・演奏）,定例会月1回、手品や音楽演奏を聴き、全員でおしゃべりをし合唱を行う。,毎月第3水曜日10：00～12：00,有償,ゆめの園,048-653-0544,35.920429257491,139.595688425438
らんらんの会(ベルヴィル大宮老人会),ベルヴィル大宮管理棟ホール,さいたま市北区日進町１－１６８－１,買い物・掃除・洗濯・電球交換・庭の手入れ(剪定・草取り),定例会月1回、手品や音楽演奏を聴き、全員でおしゃべりをし合唱を行う。,毎月第3水曜日10：00～12：00,有償,ゆめの園,048-653-0544,35.920429257491,139.595688425438
たまねっこの会,ベルヴィル大宮,さいたま市北区日進町１丁目168-1,その他活動,地域の担い手養成講座修了者で活動している会。自分たちにできる社会貢献活動や見聞を広めるなど健康維持目的にウォーキングを兼ね活動。オレンジカフェ協力や子ども食堂へ学用品袋等寄付している。,月2回、第2・4（木）14時から定例会。,無償,ゆめの園,048-653-0544,35.9204481381894,139.595693096516
たまねっこの会,ベルヴィル大宮,さいたま市北区日進町１丁目168-1,交流その他,地域の担い手養成講座修了者で活動している会。自分たちにできる社会貢献活動や見聞を広めるなど健康維持目的にウォーキングを兼ね活動。オレンジカフェ協力や子ども食堂へ学用品袋等寄付している。,月2回、第2・4（木）14時から定例会。,無償,ゆめの園,048-653-0544,35.9204481381894,139.595693096516
ボンセジュール体操クラブ,ボンセジュール大宮,さいたま市北区大成町4-210,介護予防教室,百歳体操、介護予防体操,第2.4水曜日13時30分～,無償,ゆめの園,048-653-0544,35.9204766051792,139.614331147657
紙ひこうき,内野公民館,さいたま市西区三橋6-1457-1,体操教室,毎月第1第2月曜日10時から百歳体操を行っています。,毎月第1第2月曜10時～11時30分,無償,西区北部圏域シニアサポートセンター三恵苑,048-620-1312,35.9207376134295,139.591631036575
さわやかサロン,内野公民館,さいたま市西区三橋6丁目１４５７－１,サロン・茶話会,足のマッサージ。セラバンド、ボール、ラダーを使った体操。ラジオ体操。健口体操。レクレーション、脳トレ、若返りリトミック等を行っています。,不定期（月3～4回）,無償,西区北部圏域シニアサポートセンター三恵苑,048-620-1312,35.92076664,139.59172898
わかば会,内野公民館,さいたま市西区三橋6丁目1457の１,その他活動,内野地区社協のふれあい会食会の調理担当をしているボランティア団体。工夫を凝らした献立で、だいたい90食分を調理しています。,年間11回,無償,西区北部圏域シニアサポートセンター三恵苑,048-620-1312,35.92076664,139.59172898
さわやかサロン,内野公民館,さいたま市西区三橋6丁目１４５７－１,運動・スポーツ,足のマッサージ。セラバンド、ボール、ラダーを使った体操。ラジオ体操。健口体操。レクレーション、脳トレ、若返りリトミック等を行っています。,不定期（月3～4回）,無償,西区北部圏域シニアサポートセンター三恵苑,048-620-1312,35.92076664,139.59172898
さわやかサロン,内野公民館,さいたま市西区三橋6丁目１４５７－１,音楽（歌唱・演奏）,足のマッサージ。セラバンド、ボール、ラダーを使った体操。ラジオ体操。健口体操。レクレーション、脳トレ、若返りリトミック等を行っています。,不定期（月3～4回）,無償,西区北部圏域シニアサポートセンター三恵苑,048-620-1312,35.92076664,139.59172898
さわやかサロン,内野公民館,さいたま市西区三橋６－１４５７－１,介護予防教室,介護予防運動、脳トレを実施している。,月1～2回,無償,西区北部圏域シニアサポートセンター三恵苑,048-620-1312,35.92076664,139.59172898
さわやかサロン,内野公民館,さいたま市西区三橋6丁目１４５７－１,介護予防教室,足のマッサージ。セラバンド、ボール、ラダーを使った体操。ラジオ体操。健口体操。レクレーション、脳トレ、若返りリトミック等を行っています。,不定期（月3～4回）,無償,西区北部圏域シニアサポートセンター三恵苑,048-620-1312,35.92076664,139.59172898
さわやかサロン,内野公民館,さいたま市西区三橋６－１４５７－１,体操教室,介護予防運動、脳トレを実施している。,月1～2回,無償,西区北部圏域シニアサポートセンター三恵苑,048-620-1312,35.92076664,139.59172898
シャボン玉サークル,内野公民館,さいたま市西区三橋6丁目１４５７－１,体操教室,いきいき百歳体操を実施しています。,原則として週1回火曜日、9:30～11:00,無償,西区北部圏域シニアサポートセンター三恵苑,048-620-1312,35.92076664,139.59172898
ひまわりクラブ,内野公民館,さいたま市西区三橋6丁目１４５７－１,体操教室,いきいき百歳体操を月実施している。,原則として週1回木曜日、9:30～12:00,無償,西区北部圏域シニアサポートセンター三恵苑,048-620-1312,35.92076664,139.59172898
すみれ体操サークル,内野公民館,さいたま市西区三橋６－１４５７－１,体操教室,毎週１回いきいき百歳体操に取り組んでいます。テキストに添って、みんなで進めていますので、どなたでもすぐに百歳体操が身に付きます。,原則として毎週金曜日、午後2時～,無償,西区北部圏域シニアサポートセンター三恵苑,048-620-1312,35.92076664,139.59172898
さわやかサロン,内野公民館,さいたま市西区三橋6丁目１４５７－１,体操教室,足のマッサージ。セラバンド、ボール、ラダーを使った体操。ラジオ体操。健口体操。レクレーション、脳トレ、若返りリトミック等を行っています。,不定期（月3～4回）,無償,西区北部圏域シニアサポートセンター三恵苑,048-620-1312,35.92076664,139.59172898
シオンカフェ,大宮シオン・ルーテル教会,さいたま市北区東大成町1-229,サロン・茶話会,オレンジカフェ（月に２回、教会を開放し、誰でも気軽に参加でき、交流することができる集いの場です）11月から、いきいき百歳体操をサロンの中で行っています。,"毎月第２第４水曜日
１３時～１６時",有償,シニアサポートセンター諏訪の苑,048-662-7600,35.9208349003514,139.621811096516
シオンカフェ,大宮シオン・ルーテル教会,さいたま市北区東大成町1-229,介護予防教室,オレンジカフェ（月に２回、教会を開放し、誰でも気軽に参加でき、交流することができる集いの場です）11月から、いきいき百歳体操をサロンの中で行っています。,"毎月第２第４水曜日
１３時～１６時",有償,シニアサポートセンター諏訪の苑,048-662-7600,35.9208349003514,139.621811096516
南平台元気会,大谷南平台自治会館,さいたま市見沼区大谷２３４,介護予防教室,いきいき百歳体操。定員に達しているため大谷南平台自治会員のみ。,月４回,無償,南平台元気会,048-681-6614,35.92085,139.67009
さくら倶楽部,西おおみや翔裕館,さいたま市西区指扇3624,体操教室,百歳体操と脳トレを実施。,毎週木曜日2時～,無償,西区北部圏域シニアサポートセンター三恵苑,048-620-1312,35.9210026920194,139.579955010185
七里ふれあいうんどうサロンⅡ,七里コミュニティセンター,さいたま市見沼区大谷１２１０,サロン・茶話会,地域運動支援員によるストレッチ・脳トレ体操・筋肉トレーニング ・交流。七里地区在住者限定。,月１回（8月を除く）第2木曜日 午前,無償,七里地区社会福祉協議会,048-687-9997,35.92104101,139.67434729
七里ふれあいうんどうサロンⅢ,七里コミュニティセンター,さいたま市見沼区大谷１２１０,サロン・茶話会,地域運動支援員によるストレッチ・脳トレ体操・筋肉トレーニング ・交流。七里地区在住者限定。,月１回（8月を除く）第3木曜日 午前,無償,七里地区社会福祉協議会,048-687-9997,35.92104101,139.67434729
七里ふれあい歌声サロン②（世界の名曲）,七里コミュニティセンター,さいたま市見沼区大谷１２１０,サロン・茶話会,歌唱指導とピアノ伴奏により世界の名曲の合唱。発声練習と音楽にあわせたリズム体操などによる健康づくり。交流を通じた仲間づくりと情報交換。七里地区在住者限定。,月1回（8月を除く）第4水曜日,無償,七里地区社会福祉協議会,048-687-9997,35.92104101,139.67434729
七里ふれあいサロン,七里コミュニティセンター,さいたま市見沼区大谷１２１０,サロン・茶話会,音楽鑑賞や地域情報講座を通じた世代間交流。交流を通じた仲間づくり。七里地区在住者限定。,年１回（９月第４日曜日）,無償,七里地区社会福祉協議会,048-687-9997,35.92104101,139.67434729
七里ふれあいうんどうサロンⅡ,七里コミュニティセンター,さいたま市見沼区大谷１２１０,安否確認,地域運動支援員によるストレッチ・脳トレ体操・筋肉トレーニング ・交流。七里地区在住者限定。,月１回（8月を除く）第2木曜日 午前,無償,七里地区社会福祉協議会,048-687-9997,35.92104101,139.67434729
七里ふれあいうんどうサロンⅢ,七里コミュニティセンター,さいたま市見沼区大谷１２１０,安否確認,地域運動支援員によるストレッチ・脳トレ体操・筋肉トレーニング ・交流。七里地区在住者限定。,月１回（8月を除く）第3木曜日 午前,無償,七里地区社会福祉協議会,048-687-9997,35.92104101,139.67434729
七里ふれあい歌声サロン②（世界の名曲）,七里コミュニティセンター,さいたま市見沼区大谷１２１０,安否確認,歌唱指導とピアノ伴奏により世界の名曲の合唱。発声練習と音楽にあわせたリズム体操などによる健康づくり。交流を通じた仲間づくりと情報交換。七里地区在住者限定。,月1回（8月を除く）第4水曜日,無償,七里地区社会福祉協議会,048-687-9997,35.92104101,139.67434729
七里ふれあいコンサート,七里コミュニティセンター,さいたま市見沼区大谷１２１０,安否確認,音楽鑑賞を通じた世代間交流と情報交換、地域情報の提供。七里地区在住者限定。,年１回（１２月日曜日）,無償,七里地区社会福祉協議会,048-687-9997,35.92104101,139.67434729
七里ふれあいサロン,七里コミュニティセンター,さいたま市見沼区大谷１２１０,安否確認,音楽鑑賞や地域情報講座を通じた世代間交流。交流を通じた仲間づくり。七里地区在住者限定。,年１回（９月第４日曜日）,無償,七里地区社会福祉協議会,048-687-9997,35.92104101,139.67434729
友の会,七里コミュニティセンター,さいたま市見沼区大谷1210,運動・スポーツ,地域運動支援員の指導でストレッチ体操や脳トレ等,月１回第４木曜日,有償,さいたま市見沼区東部圏域シニアサポートセンター敬寿園七里ホーム,048-681-6614,35.92104101,139.67434729
七里ふれあい歌声サロン②（世界の名曲）,七里コミュニティセンター,さいたま市見沼区大谷１２１０,音楽（歌唱・演奏）,歌唱指導とピアノ伴奏により世界の名曲の合唱。発声練習と音楽にあわせたリズム体操などによる健康づくり。交流を通じた仲間づくりと情報交換。七里地区在住者限定。,月1回（8月を除く）第4水曜日,無償,七里地区社会福祉協議会,048-687-9997,35.92104101,139.67434729
七里ふれあいコンサート,七里コミュニティセンター,さいたま市見沼区大谷１２１０,音楽（歌唱・演奏）,音楽鑑賞を通じた世代間交流と情報交換、地域情報の提供。七里地区在住者限定。,年１回（１２月日曜日）,無償,七里地区社会福祉協議会,048-687-9997,35.92104101,139.67434729
七里ふれあいサロン,七里コミュニティセンター,さいたま市見沼区大谷１２１０,音楽（歌唱・演奏）,音楽鑑賞や地域情報講座を通じた世代間交流。交流を通じた仲間づくり。七里地区在住者限定。,年１回（９月第４日曜日）,無償,七里地区社会福祉協議会,048-687-9997,35.92104101,139.67434729
七コミ元気サークル,七里コミュニティセンター,さいたま市見沼区大谷1210,介護予防教室,いきいき百歳体操。口腔体操。リハビリ体操。,月４回。毎週金曜日,有償,さいたま市見沼区東部圏域シニアサポートセンター敬寿園七里ホーム,048-681-6614,35.92104101,139.67434729
七里ふれあいうんどうサロンⅡ,七里コミュニティセンター,さいたま市見沼区大谷１２１０,交流その他,地域運動支援員によるストレッチ・脳トレ体操・筋肉トレーニング ・交流。七里地区在住者限定。,月１回（8月を除く）第2木曜日 午前,無償,七里地区社会福祉協議会,048-687-9997,35.92104101,139.67434729
七里ふれあいうんどうサロンⅢ,七里コミュニティセンター,さいたま市見沼区大谷１２１０,交流その他,地域運動支援員によるストレッチ・脳トレ体操・筋肉トレーニング ・交流。七里地区在住者限定。,月１回（8月を除く）第3木曜日 午前,無償,七里地区社会福祉協議会,048-687-9997,35.92104101,139.67434729
七里ふれあい歌声サロン②（世界の名曲）,七里コミュニティセンター,さいたま市見沼区大谷１２１０,交流その他,歌唱指導とピアノ伴奏により世界の名曲の合唱。発声練習と音楽にあわせたリズム体操などによる健康づくり。交流を通じた仲間づくりと情報交換。七里地区在住者限定。,月1回（8月を除く）第4水曜日,無償,七里地区社会福祉協議会,048-687-9997,35.92104101,139.67434729
七里ふれあいコンサート,七里コミュニティセンター,さいたま市見沼区大谷１２１０,交流その他,音楽鑑賞を通じた世代間交流と情報交換、地域情報の提供。七里地区在住者限定。,年１回（１２月日曜日）,無償,七里地区社会福祉協議会,048-687-9997,35.92104101,139.67434729
七里ふれあいサロン,七里コミュニティセンター,さいたま市見沼区大谷１２１０,交流その他,音楽鑑賞や地域情報講座を通じた世代間交流。交流を通じた仲間づくり。七里地区在住者限定。,年１回（９月第４日曜日）,無償,七里地区社会福祉協議会,048-687-9997,35.92104101,139.67434729
七里ふれあいサロン,七里コミュニティセンター,さいたま市見沼区大谷１２１０,公開講座,音楽鑑賞や地域情報講座を通じた世代間交流。交流を通じた仲間づくり。七里地区在住者限定。,年１回（９月第４日曜日）,無償,七里地区社会福祉協議会,048-687-9997,35.92104101,139.67434729
七里ふれあいうんどうサロンⅡ,七里コミュニティセンター,さいたま市見沼区大谷１２１０,体操教室,地域運動支援員によるストレッチ・脳トレ体操・筋肉トレーニング ・交流。七里地区在住者限定。,月１回（8月を除く）第2木曜日 午前,無償,七里地区社会福祉協議会,048-687-9997,35.92104101,139.67434729
七里ふれあいうんどうサロンⅢ,七里コミュニティセンター,さいたま市見沼区大谷１２１０,体操教室,地域運動支援員によるストレッチ・脳トレ体操・筋肉トレーニング ・交流。七里地区在住者限定。,月１回（8月を除く）第3木曜日 午前,無償,七里地区社会福祉協議会,048-687-9997,35.92104101,139.67434729
さろんつくし,西おおみや翔裕館,さいたま市西区指扇3624,体操教室,西おおみや翔裕館の地域交流スペースで百歳体操を実施しています。百歳体操とおしゃべりを楽しんでいます。,火曜日、2時～3時30分,無償,西区北部圏域シニアサポートセンター三恵苑,048-620-1312,35.9210548229848,139.579965739021
すみれ体操会,櫛引２丁目自治会館,さいたま市北区櫛引町2-482,介護予防教室,百歳体操、お口の体操、ロコモ・サザエさん体操,第1.3金曜日　１０時から,無償,ゆめの園,048-653-0544,35.9211410493791,139.607873083922
櫛引つげの会,櫛引２丁目自治会館,さいたま市北区櫛引町2-482,介護予防教室,百歳体操、ロコモ・サザエさん体操,第2.4金曜日　１０時から,無償,ゆめの園,048-653-0544,35.921167,139.607872
櫛引町2丁目福寿会,櫛引町2丁目自治会館,さいたま市北区櫛引町2丁目４８２－７,安否確認,定例会月1回、ダーツ・室内ゴルフ・映画鑑賞・親睦会（会食）新年会・カラオケ・ビンゴ・その他ゲーム・学習会・長寿を祝う会・グラウンドゴルフ同好会、カラオケ同好会。クラッシク音楽を聞く会,定例会（月1回）グラウンドゴルフ週1回（金）クラシック音楽を聴く会月１回,有償,ゆめの園,048-653-0544,35.9211800494678,139.60787986768
櫛引町2丁目福寿会,櫛引町2丁目自治会館,さいたま市北区櫛引町2丁目４８２－７,運動・スポーツ,定例会月1回、ダーツ・室内ゴルフ・映画鑑賞・親睦会（会食）新年会・カラオケ・ビンゴ・その他ゲーム・学習会・長寿を祝う会・グラウンドゴルフ同好会、カラオケ同好会。クラッシク音楽を聞く会,定例会（月1回）グラウンドゴルフ週1回（金）クラシック音楽を聴く会月１回,有償,ゆめの園,048-653-0544,35.9211800494678,139.60787986768
櫛引町2丁目福寿会,櫛引町2丁目自治会館,さいたま市北区櫛引町2丁目４８２－７,音楽（歌唱・演奏）,定例会月1回、ダーツ・室内ゴルフ・映画鑑賞・親睦会（会食）新年会・カラオケ・ビンゴ・その他ゲーム・学習会・長寿を祝う会・グラウンドゴルフ同好会、カラオケ同好会。クラッシク音楽を聞く会,定例会（月1回）グラウンドゴルフ週1回（金）クラシック音楽を聴く会月１回,有償,ゆめの園,048-653-0544,35.9211800494678,139.60787986768
櫛引町2丁目福寿会,櫛引町2丁目自治会館,さいたま市北区櫛引町2丁目４８２－７,会食会,定例会月1回、ダーツ・室内ゴルフ・映画鑑賞・親睦会（会食）新年会・カラオケ・ビンゴ・その他ゲーム・学習会・長寿を祝う会・グラウンドゴルフ同好会、カラオケ同好会。クラッシク音楽を聞く会,定例会（月1回）グラウンドゴルフ週1回（金）クラシック音楽を聴く会月１回,有償,ゆめの園,048-653-0544,35.9211800494678,139.60787986768
櫛引町2丁目福寿会,櫛引町2丁目自治会館,さいたま市北区櫛引町2丁目４８２－７,話し相手・傾聴,定例会月1回、ダーツ・室内ゴルフ・映画鑑賞・親睦会（会食）新年会・カラオケ・ビンゴ・その他ゲーム・学習会・長寿を祝う会・グラウンドゴルフ同好会、カラオケ同好会。クラッシク音楽を聞く会,定例会（月1回）グラウンドゴルフ週1回（金）クラシック音楽を聴く会月１回,有償,ゆめの園,048-653-0544,35.9211800494678,139.60787986768
あじさいサロン,寿能町２丁目自治会館,さいたま市大宮区寿能町2-155-2,サロン・茶話会,介護予防として百歳体操を中心に茶話会をやり、地域の皆様との交流で見守り活動を図る。（参加者は寿能町２丁目自治会会員に限る。）,毎月第２，４月曜日10:00～12:00,その他,シニアサポートセンター白菊苑,048-658-5588,35.92118746,139.63889478
あじさいサロン,寿能町２丁目自治会館,さいたま市大宮区寿能町2-155-2,安否確認,介護予防として百歳体操を中心に茶話会をやり、地域の皆様との交流で見守り活動を図る。（参加者は寿能町２丁目自治会会員に限る。）,毎月第２，４月曜日10:00～12:00,その他,シニアサポートセンター白菊苑,048-658-5588,35.92118746,139.63889478
あじさいサロン,寿能町２丁目自治会館,さいたま市大宮区寿能町2-155-2,介護予防教室,介護予防として百歳体操を中心に茶話会をやり、地域の皆様との交流で見守り活動を図る。（参加者は寿能町２丁目自治会会員に限る。）,毎月第２，４月曜日10:00～12:00,その他,シニアサポートセンター白菊苑,048-658-5588,35.92118746,139.63889478
あじさいサロン,寿能町２丁目自治会館,さいたま市大宮区寿能町2-155-2,話し相手・傾聴,介護予防として百歳体操を中心に茶話会をやり、地域の皆様との交流で見守り活動を図る。（参加者は寿能町２丁目自治会会員に限る。）,毎月第２，４月曜日10:00～12:00,その他,シニアサポートセンター白菊苑,048-658-5588,35.92118746,139.63889478
笑扇会,別所自治会館,さいたま市西区指扇領別所２１３－１,サロン・茶話会,別所自治会、別所寿亀クラブの方を対象に、高齢化による運動機能の衰えをカバーし、脳トレ、手足の筋力アップ、声を出し、笑顔をモットーに楽しくレッスン。,月2回。第1、第3火曜日,無償,西区北部圏域シニアサポートセンター三恵苑,048-620-1312,35.921249,139.568785
ＳＢＫサークル,別所自治会館,さいたま市西区指扇領別所213-1,介護予防教室,令和５年３月に活動開始。百才体操サークル。別所自治会館で週１回活動。百才体操のほかにﾚｸﾚｰｼｮﾝ活動や脳トレにも取り組んでいます。,毎週月曜日午後１時３０分～３時,無償,西区北部圏域シニアサポートセンター三恵苑,048-620-1312,35.921466195494,139.56878828117
櫛引2丁目グラウンドゴルフ愛好会,櫛引町２丁目ゲートボール場,さいたま市北区櫛引町2丁目５５６,運動・スポーツ,櫛引町２丁目ゲートボール場　毎月月例競技,火・水・木,有償,ゆめの園,048-653-0544,35.9214988609537,139.611319010006
いきいき体操長山,長山団地集会所,さいたま市北区東大成町1丁目159番地,介護予防教室,毎月２回、長山団地集会所にて「いきいき百歳体操」を行っています。,毎月第1、3火曜、14時～15時,無償,植竹地区社会福祉協議会,048-654-2022,35.92187,139.62107
いきいき体操長山,長山団地集会所,さいたま市北区東大成町1丁目159番地,体操教室,毎月２回、長山団地集会所にて「いきいき百歳体操」を行っています。,毎月第1、3火曜、14時～15時,無償,植竹地区社会福祉協議会,048-654-2022,35.92187,139.62107
交遊会,日進公園,さいたま市北区日進町１－３１１－１,運動・スポーツ,日進公園でグランドゴルフ、例会、親睦会（7/15～8月末、12/20～1/5休）例会は3ゲーム。大会4ゲーム（春夏秋冬）交流会（他チームと年4回）新年会,毎週火木土、13時から15時,有償,ゆめの園,048-653-0544,35.92196808,139.60422702
イキイキ西大宮,SOMPOケア　ラヴィーレ,さいたま市西区西大宮１－１８－１,体操教室,西区在住の方を対象にいきいき百歳体操を実施している。,月2回・第1第3金曜日、2時～3時30分,無償,西区北部圏域シニアサポートセンター三恵苑,048-620-1312,35.92219123,139.57896891
パンジーサロン,指扇公民館,さいたま市西区西大宮2－１3－１,介護予防教室,"健康で長寿をめざし、介護予防のいきいき健康体操を,無理なく楽しく行っています。（筋トレ,ストレッチ,脳トレ,口腔トレ,ロコモ体操他）",不定期,無償,西区北部圏域シニアサポートセンター三恵苑,048-620-1312,35.92219123,139.57896891
子育ておしゃべりサロン,指扇公民館,さいたま市西区西大宮２－１３－１,交流その他,幼稚園･保育園に入園前のこどもとその保護者が対象の、遊んだりおしゃべりしたりできるサロンです。,年11回（第1木曜日）,無償,西区北部圏域シニアサポートセンター三恵苑,048ｰ620-1312,35.92219123,139.57896891
パンジーサロン,指扇公民館,さいたま市西区西大宮2－１3－１,体操教室,"健康で長寿をめざし、介護予防のいきいき健康体操を,無理なく楽しく行っています。（筋トレ,ストレッチ,脳トレ,口腔トレ,ロコモ体操他）",不定期,無償,西区北部圏域シニアサポートセンター三恵苑,048-620-1312,35.92219123,139.57896891
グランアージュ100,グランアージュ大宮集会場,さいたま市北区櫛引町２－５７４－２,サロン・茶話会,いきいき百歳体操,第2・4(金)１３：３０～１５：３０,有償,ゆめの園,048-653-0544,35.9225058431065,139.609837912015
グランアージュ100,グランアージュ大宮集会場,さいたま市北区櫛引町２－５７４－２,介護予防教室,いきいき百歳体操,第2・4(金)１３：３０～１５：３０,有償,ゆめの園,048-653-0544,35.9225058431065,139.609837912015
遊水地ウォーキングの会,滝沼第二遊水地公園,さいたま市西区指扇4474,運動・スポーツ,滝沼第二遊水地公園でウォーキングをしています。,毎週火曜日10時～,無償,西区北部圏域シニアサポートセンター三恵苑,048-620-1312,35.9226071974358,139.570724339021
"植竹一丁目老人会
万年青会（おもと会）",植竹１丁目自治会館,さいたま市北区植竹町１丁目２４２,サロン・茶話会,６０歳以上の自主グループです。グランドゴルフ、カラオケ、定例会、運動、歌、お茶会等仲間を通して、生きがいと健康づくり、明るい長寿社会づくりを目指す。,定例会は年６回、グランドゴルフ週２回、カラオケ週１回　（植竹１丁目にお住まいの方）,有償,"植竹一丁目老人会
万年青会（おもと会）",048-665-4460,35.92279215,139.62382919
"植竹一丁目老人会
万年青会（おもと会）",植竹１丁目自治会館,さいたま市北区植竹町１丁目２４２,運動・スポーツ,６０歳以上の自主グループです。グランドゴルフ、カラオケ、定例会、運動、歌、お茶会等仲間を通して、生きがいと健康づくり、明るい長寿社会づくりを目指す。,定例会は年６回、グランドゴルフ週２回、カラオケ週１回　（植竹１丁目にお住まいの方）,有償,"植竹一丁目老人会
万年青会（おもと会）",048-665-4460,35.92279215,139.62382919
しらゆり健康会,大宮体育館,埼玉県さいたま市見沼区大和田１丁目305,体操教室,シニア対象のストレッチを主体にした健康体操,毎週月曜日（月４回以内）,有償,シニアサポートセンター大和田,048-685-8791,35.9228822,139.64462022
植一健康体操,植竹一丁目自治会館,さいたま市北区植竹町1-242,介護予防教室,毎月第２第４月曜日、午後１時半～３時まで、町内の万年青会を中心に２０名以上の参加者と一緒に和気あいあいと「百歳体操」を行っています。,"毎月第２第４月曜日
１３：３０～１５：００
（１月と８月は休み）",無償,植竹地区社会福祉協議会,048-654-2022,35.9229578851494,139.623891696516
植一健康体操,植竹一丁目自治会館,さいたま市北区植竹町1-242,体操教室,毎月第２第４月曜日、午後１時半～３時まで、町内の万年青会を中心に２０名以上の参加者と一緒に和気あいあいと「百歳体操」を行っています。,"毎月第２第４月曜日
１３：３０～１５：００
（１月と８月は休み）",無償,植竹地区社会福祉協議会,048-654-2022,35.9229578851494,139.623891696516
ふれあいいきいきサロン,指扇住友自治会館,さいたま市西区高木７１,サロン・茶話会,指扇住友自治会員の高齢者で、体操、歌唱、茶話会等を実施している。,月1回程度不定期,無償,西区北部圏域シニアサポートセンター三恵苑,048-620-1312,35.92324095,139.56606441
住友　元気塾,指扇住友自治会館,さいたま市西区高木７１,運動・スポーツ,柔軟、ストレッチ、バランス運動、筋肉活性化運動、心肺機能を高め持久力をつける有・無酸素運動などを行っています。,第1第3木曜日１０時～１１時,有償,西区北部圏域シニアサポートセンター三恵苑,048-620-1312,35.92324095,139.56606441
ふれあいいきいきサロン,指扇住友自治会館,さいたま市西区高木７１,介護予防教室,指扇住友自治会員の高齢者で、体操、歌唱、茶話会等を実施している。,月1回程度不定期,無償,西区北部圏域シニアサポートセンター三恵苑,048-620-1312,35.92324095,139.56606441
ふれあいいきいきサロン,指扇住友自治会館,さいたま市西区高木７１,体操教室,指扇住友自治会員の高齢者で、体操、歌唱、茶話会等を実施している。,月1回程度不定期,無償,西区北部圏域シニアサポートセンター三恵苑,048-620-1312,35.92324095,139.56606441
住友　元気塾,指扇住友自治会館,さいたま市西区高木７１,体操教室,柔軟、ストレッチ、バランス運動、筋肉活性化運動、心肺機能を高め持久力をつける有・無酸素運動などを行っています。,第1第3木曜日１０時～１１時,有償,西区北部圏域シニアサポートセンター三恵苑,048-620-1312,35.92324095,139.56606441
ひざこコスモス会,ケアサポートサロン七里ホームひざこ,さいたま市見沼区膝子785-4,介護予防教室,いきいき百歳体操。,毎週火曜日１４時～,無償,さいたま市見沼区東部圏域シニアサポートセンター敬寿園七里ホーム,048-681-6614,35.9234324911943,139.682263235582
サロン華,サロン華,さいたま市北区日進町１－４９４－２４,サロン・茶話会,自宅で近所の方で話し相手など。希望者とお茶、お茶菓子を楽しみながら会話を楽しむ。希望により折り紙、手芸もできる交流の場。独居で来られる方。,第1・３(月)１３：３０～１５：００,有償,ゆめの園,048-653-0544,35.9234954702283,139.598631436631
サロン華,サロン華,さいたま市北区日進町１－４９４－２４,その他交流,自宅で近所の方で話し相手など。希望者とお茶、お茶菓子を楽しみながら会話を楽しむ。希望により折り紙、手芸もできる交流の場。独居で来られる方。,第1・３(月)１３：３０～１５：００,有償,ゆめの園,048-653-0544,35.9234954702283,139.598631436631
サロン華,サロン華,さいたま市北区日進町１－４９４－２４,安否確認,自宅で近所の方で話し相手など。希望者とお茶、お茶菓子を楽しみながら会話を楽しむ。希望により折り紙、手芸もできる交流の場。独居で来られる方。,第1・３(月)１３：３０～１５：００,有償,ゆめの園,048-653-0544,35.9234954702283,139.598631436631
サロン華,サロン華,さいたま市北区日進町１－４９４－２４,話し相手・傾聴,自宅で近所の方で話し相手など。希望者とお茶、お茶菓子を楽しみながら会話を楽しむ。希望により折り紙、手芸もできる交流の場。独居で来られる方。,第1・３(月)１３：３０～１５：００,有償,ゆめの園,048-653-0544,35.9234954702283,139.598631436631
大成町４丁目老人クラブえびす会「グランドゴルフ愛好会」,稲荷第2公園,さいたま市北区大成町4-416-15,運動・スポーツ,稲荷第2公園にてグランドゴルフの活動をしている。年に2回大会もある。（春、秋）現在は約３０名の参加者がいる。,月・水・金　８時半～１０時,有償,ゆめの園,048-653-0544,35.92361,139.61451
いなりグループ,稲荷第二公園,さいたま市北区大成町4-416-15,運動・スポーツ,ラジオ体操、ウォーキング,第2・4月曜日　10時から,無償,ゆめの園,048-653-0544,35.92361,139.61451
日進ガンバの会,日進１丁目自治会館,さいたま市北区日進町1-551,介護予防教室,百歳体操、サザエさん体操、ロコモ体操,月２回第2.4木曜日　10時～,無償,ゆめの園,048-653-0544,35.92372466,139.60435847
あじさい元気クラブ,大成４丁目自治会館,さいたま市北区大成町4-415,介護予防教室,百歳体操、ロコモ・サザエさん体操＋a,第2・4木曜日　10時から,無償,ゆめの園,048-653-0544,35.92377218,139.6143549
自由体操,大谷会館,さいたま市見沼区大谷１４７２,介護予防教室,いきいき百歳体操。ラジオ体操。脳トレ。ゲッタマン体操。,毎週火･木曜日（10時～12時）月曜日（13時～15時）,有償,さいたま市見沼区東部圏域シニアサポートセンター敬寿園七里ホーム,048-681-6614,35.92383,139.67119
大谷ふれあい体操,３号棟集会所,さいたま市見沼区大谷1822-2　3号棟,介護予防教室,いきいき百歳体操。,毎週水曜日１０時～,無償,さいたま市見沼区東部圏域シニアサポートセンター敬寿園七里ホーム,048-681-6614,35.9239405672022,139.672264195214
公益社団法人埼玉県看護協会　ラジオ体操の会,西大宮3丁目第1公園（西区役所斜め前）,さいたま市西区西大宮3-１２,体操教室,お一人でも、お友達同士でも、ベビーカーの赤ちゃんとご一緒でも、どなたでも楽しく気楽にご参加いただけるラジオ体操の会です,毎週水曜日（雨天中止）１０：１５～１０：３０,無償,埼玉県看護協会,048-624-3300,35.9239592606826,139.58207885419
椿クラブ,七里総合公園,さいたま市見沼区大谷八石　　　,運動・スポーツ,健康のためのウォーキング,月20回,有償,椿クラブ,048-684-8989,35.92414,139.68052
椿クラブ,七里総合公園,さいたま市見沼区大谷八石　　　,交流その他,健康のためのウォーキング,月20回,有償,椿クラブ,048-684-8989,35.92414,139.68052
男性高齢者のための社会活動学び体験講座,目白大学岩槻キャンパス他,さいたま市岩槻区浮谷320　他,交流その他,仕事と同じように、自分の能力を活かして人と関わりながら活き活きと暮らすには役割が必要です。講義・話し合い・体験を通して役割を見つけます。,"年１,2回開催　",無償,作業療法学科　野村健太,048-797-2209　　（不在時：048-797-2131）,35.92431745,139.71246467
男性高齢者のための社会活動学び体験講座,目白大学岩槻キャンパス他,さいたま市岩槻区浮谷320　他,公開講座,仕事と同じように、自分の能力を活かして人と関わりながら活き活きと暮らすには役割が必要です。講義・話し合い・体験を通して役割を見つけます。,"年１,2回開催　",無償,作業療法学科　野村健太,048-797-2209　　（不在時：048-797-2131）,35.92431745,139.71246467
男性高齢者のための社会活動学び体験講座,目白大学岩槻キャンパス他,さいたま市岩槻区浮谷320　他,住民主体の学習会,仕事と同じように、自分の能力を活かして人と関わりながら活き活きと暮らすには役割が必要です。講義・話し合い・体験を通して役割を見つけます。,"年１,2回開催　",無償,作業療法学科　野村健太,048-797-2209　　（不在時：048-797-2131）,35.92431745,139.71246467
和気あいあいクラブ,和気ハウス,さいたま市北区日進町2-1-1,サロン・茶話会,サービス付き高齢者向け住宅で月2回、いきいき百歳体操を実施。施設入居者と地域住民の交流の場となっており、体操の後にはマジックや大人の紙芝居などお楽しみの時間を取り入れている。,第2.4火曜日10：00～11：30,無償,ゆめの園,048-653-0544,35.9244563771568,139.612101681988
和気あいあいクラブ,和気ハウス,さいたま市北区日進町2-1-1,運動・スポーツ,サービス付き高齢者向け住宅で月2回、いきいき百歳体操を実施。施設入居者と地域住民の交流の場となっており、体操の後にはマジックや大人の紙芝居などお楽しみの時間を取り入れている。,第2.4火曜日10：00～11：30,無償,ゆめの園,048-653-0544,35.9244563771568,139.612101681988
和気あいあいクラブ,和気ハウス,さいたま市北区日進町2-1-1,介護予防教室,サービス付き高齢者向け住宅で月2回、いきいき百歳体操を実施。施設入居者と地域住民の交流の場となっており、体操の後にはマジックや大人の紙芝居などお楽しみの時間を取り入れている。,第2.4火曜日10：00～11：30,無償,ゆめの園,048-653-0544,35.9244563771568,139.612101681988
和気あいあいクラブ,和気ハウス,さいたま市北区日進町2-1-1,交流その他,サービス付き高齢者向け住宅で月2回、いきいき百歳体操を実施。施設入居者と地域住民の交流の場となっており、体操の後にはマジックや大人の紙芝居などお楽しみの時間を取り入れている。,第2.4火曜日10：00～11：30,無償,ゆめの園,048-653-0544,35.9244563771568,139.612101681988
和気あいあいクラブ,和気ハウス,さいたま市北区日進町2-1-1,場所の提供,サービス付き高齢者向け住宅で月2回、いきいき百歳体操を実施。施設入居者と地域住民の交流の場となっており、体操の後にはマジックや大人の紙芝居などお楽しみの時間を取り入れている。,第2.4火曜日10：00～11：30,無償,ゆめの園,048-653-0544,35.9244563771568,139.612101681988
内野地区社会福祉協議会,宮前町１丁目自治会館,さいたま市西区宮前町４８６,サロン・茶話会,地域にお住いの方が気軽に集まり、レクリエーションや会話を楽しむ場として、また、仲間づくりや健康づくりの場として「のびのびサロン」を開催しています。,月1回（毎月第4金曜日）,無償,内野地区社会福祉協議会,048-622-0582,35.92454095,139.59394542
宮前町吹き矢会,宮前町一丁目自治会館,さいたま市西区宮前町４８６番地,運動・スポーツ,宮前町１丁目のお住いの方を対象に、「吹き矢」を実施しています。表彰も行い、全員に参加賞も出しています。,月3回第1第2第4月曜の午前中,有償,西区北部圏域シニアサポートセンター三恵苑,048-620-1312,35.92454095,139.59394542
宮前ーカラオケサークル,宮前町一丁目自治会館,さいたま市西区宮前町４８６番地,音楽（歌唱・演奏）,第２金曜日と第４水曜日の１４時より自治会館に集まり、男女歌手の曲を全員で歌う。その後各々好きな曲を歌い、楽しんでいる。,月2回,有償,西区北部圏域シニアサポートセンター三恵苑,048-620-1312,35.92454095,139.59394542
宮前町囲碁・将棋会,宮前町一丁目自治会館,さいたま市西区宮前町４８６番地,健康麻雀・囲碁・将棋,宮前町一丁目にお住いの方を対象に、囲碁・将棋の向上及び会員の親睦を図っている。,月2回第1第3木曜日,有償,西区北部圏域シニアサポートセンター三恵苑,048-620-1312,35.92454095,139.59394542
ハイマートふれあいサロン,ハイマート大宮自治会館,さいたま市西区高木349-3,運動・スポーツ,健康づくりｳｫｰｷﾝｸﾞやお花見、手芸、ハイマート内の花壇手入れの手伝い、月1回手作りを中心にした会食などを行っています。,"第1,第2,第3水曜日",有償,西区北部圏域シニアサポートセンター三恵苑,048-620-1312,35.92477099,139.57071596
ハイマートふれあいサロン,ハイマート大宮自治会館,さいたま市西区高木349-3,会食会,健康づくりｳｫｰｷﾝｸﾞやお花見、手芸、ハイマート内の花壇手入れの手伝い、月1回手作りを中心にした会食などを行っています。,"第1,第2,第3水曜日",有償,西区北部圏域シニアサポートセンター三恵苑,048-620-1312,35.92477099,139.57071596
ハイマートふれあいサロン,ハイマート大宮自治会館,さいたま市西区高木349-3,手芸,健康づくりｳｫｰｷﾝｸﾞやお花見、手芸、ハイマート内の花壇手入れの手伝い、月1回手作りを中心にした会食などを行っています。,"第1,第2,第3水曜日",有償,西区北部圏域シニアサポートセンター三恵苑,048-620-1312,35.92477099,139.57071596
健康うんどうサロン会,大和田前原自治会館,さいたま市見沼区大和田町1丁目1230-95,体操教室,ストレッチ、脳トレ　他　大和田前原自治会とその近辺の方,月1回,無償,大砂土東地区社会福祉協議会,048‐687-7935,35.92500682,139.65214641
さしおうぎ団地自治会いきいきサロン,さしおうぎ団地自治会館,さいたま市西区中釘２３３７－１,サロン・茶話会,さしおうぎ団地自治会員を対象にサロン・茶話会を実施している。,月1回。第2木曜日,無償,西区北部圏域シニアサポートセンター三恵苑,048-620-1312,35.92504342,139.56836422
さしおうぎ団地自治会いきいきサロン,さしおうぎ団地自治会館,さいたま市西区中釘２３３７－１,音楽（歌唱・演奏）,さしおうぎ団地自治会員を対象にサロン・茶話会を実施している。,月1回。第2木曜日,無償,西区北部圏域シニアサポートセンター三恵苑,048-620-1312,35.92504342,139.56836422
さしおうぎ団地自治会いきいきサロン,さしおうぎ団地自治会館,さいたま市西区中釘２３３７－１,介護予防教室,さしおうぎ団地自治会員を対象にサロン・茶話会を実施している。,月1回。第2木曜日,無償,西区北部圏域シニアサポートセンター三恵苑,048-620-1312,35.92504342,139.56836422
子育て応援隊,指扇公民館,さいたま市西区西大宮2-13-1,サロン・茶話会,"子育ての情報交換。簡単なおやつ作り。カード,おもちゃ作り。音楽（器楽演奏鑑賞）人形劇観劇。",月1回,条件付き無償,西区北部圏域シニアサポートセンター三恵苑,048-620-1312,35.92513231,139.57205558
さしおうぎこども食堂,指扇公民館,さいたま市西区西大宮2-13-1,その他活動,地域の主に子どもたちのために、毎月1～２回、お弁当を作って配布する活動をしています。諸団体や企業から食材や製品の提供を受けて運営しています。,月１～２回　第3第4土曜日,有償,さしおうぎこども食堂,090-2762-0784,35.92513231,139.57205558
つぼみ会,指扇公民館,さいたま市西区西大宮2-13-1,その他活動,指扇地区社協のふれあい会食の調理を担当しているボランティア団体。工夫をこらした献立で、だいたい100食分を調理しています。,年10回,無償,西区北部圏域シニアサポートセンター三恵苑,048-620-1312,35.92513231,139.57205558
さしおうぎこども食堂,指扇公民館,さいたま市西区西大宮2-13-1,その他生活支援,地域の主に子どもたちのために、毎月1～２回、お弁当を作って配布する活動をしています。諸団体や企業から食材や製品の提供を受けて運営しています。,月１～２回　第3第4土曜日,有償,さしおうぎこども食堂,090-2762-0784,35.92513231,139.57205558
わらべの会,指扇公民館,さいたま市西区西大宮２－１３－１,音楽（歌唱・演奏）,先生に指導していただきながら、唱歌などを楽しく大きな声で歌います。,月2回,有償,信永和美,090-2649-8980,35.92513231,139.57205558
あじさいの会指扇,指扇公民館,さいたま市西区西大宮２－１３－１,体操教室,ますます元気教室修了者が集まって自主グループを立ち上げました。月３～４回集まっていきいき百歳体操で汗を流しています。,月3～4回　概ね金曜日　午後,無償,西区北部圏域シニアサポートセンター三恵苑,048-620-1312,35.92513231,139.57205558
フラサークル（モンステラ）,指扇公民館,さいたま市西区西大宮2丁目-13-1,運動・スポーツ,月3回小松先生のもと楽しくフラを踊っています。時々緊張の発表会もありますが、身体を動かす事でリフレッシュしています。,（木）１９：００～２０：３０（月3回）,有償,西区北部圏域シニアサポートセンターー三恵苑,048-620-1312,35.9251362725095,139.57204376768
我楽多クラブスポーツ同好会,指扇公民館,さいたま市西区西大宮2-13-1,運動・スポーツ,熟年高齢者が気軽に行える運動として卓球を楽しんでいます,週1回ほぼ金曜　午後3時～5時,有償,西区北部圏域シニアサポートセンター三恵苑,048-620-1312,35.9251362725095,139.57204376768
指扇花の会,指扇公民館,さいたま市西区西大宮2-13-1,環境美化・清掃,指扇公民館、西大宮駅前、指扇交番のプランターや花壇に花を植え、世話をしています。30年余り続いているボランティア団体です,毎週木曜日9時～（冬は10時～）,無償,西区北部圏域シニアサポートセンター三恵苑,048-620-131２,35.9251362725095,139.57204376768
指扇郷土史同好会,指扇公民館,さいたま市西区西大宮2-13-1,住民主体の学習会,指扇地区の郷土史、文化財の踏査、調査研究,月1回第3土曜日午後1時30分～,有償,西区北部圏域シニアサポートセンター三恵苑,048-620-1312,35.9251362725095,139.57204376768
piyo piyp cooking,指扇公民館,さいたま市西区西大宮2-13-1,料理,季節の食材を使って、みんなで楽しく調理する料理教室です。,第3水曜日　9時から12時,有償,西区北部圏域シニアサポートセンター三恵苑,048-620-1312,35.9251362725095,139.57204376768
百歳体操若葉の会,COCORO薬局,さいたま市北区東大成町2-80-1東和ビル１階,介護予防教室,COCORO薬局の待合室で、月２回楽しく百歳体操を行っています。,"毎月第１第３木曜日
１３：３０～１４：３０",無償,シニアサポートセンター諏訪の苑,048-662-7600,35.9251567738262,139.621918223497
百歳体操若葉の会,COCORO薬局,さいたま市北区東大成町2-80-1東和ビル１階,体操教室,COCORO薬局の待合室で、月２回楽しく百歳体操を行っています。,"毎月第１第３木曜日
１３：３０～１４：３０",無償,シニアサポートセンター諏訪の苑,048-662-7600,35.9251567738262,139.621918223497
いきいきサークル,さいたま市西区役所,さいたま市西区西大宮３－４－２,体操教室,専門講師の指導による体操教室。,月1回,有償,西区北部圏域シニアサポートセンター三恵苑,048-620-1312,35.92522401,139.57965494
手話サークル　さくら草,指扇公民館,さいたま市西区西大宮2-13-1,学習支援・通訳（外国語・手話・点字）,第２第４土曜日１０時～１２時に指扇公民館で開催。手話検定５級を目指します。,第２第４土曜日の１０時～１２時,有償,西区北部圏域シニアサポートセンター三恵苑,048-620-1312,35.9252926571286,139.57201158117
指扇ボクシングクラブ,指扇公民館,さいたま市西区西大宮2-13-1,運動・スポーツ,健康増進、体力増強、介護予防を目的に、講師を招いて、ボクシングエクササイズを実施しています。,第１第３木曜日を予定,有償,西区北部圏域シニアサポートセンター三恵苑,048-620-1312,35.9253621613045,139.57207595419
指扇ボッチャクラブ,指扇公民館,さいたま市西区西大宮2-13-1,運動・スポーツ,話題のスポーツ、ボッチャを楽しんでいます。,不定期（月２回を目指しています）,無償,西区北部圏域シニアサポートセンター三恵苑,048-620-1312,35.9253621613045,139.57207595419
しもか荘いきいき百歳体操,しもか荘,さいたま市北区日進町１－８００－１０５,介護予防教室,いきいき百歳体操,毎月第2木曜日10：00,条件付き無償,ゆめの園,048-653-0544,35.9256177954808,139.604793428528
友の会,サンパーク七里集会室,さいたま市見沼区大谷１６７６‐２,介護予防教室,いきいき百歳体操,毎週火曜日,無償,さいたま市見沼区東部圏域シニアサポートセンター敬寿園七里ホーム,048-681-6614,35.92578205,139.66931974
いなほ「憩いの場」－地域の交流ひろば－,敬寿園七里ホーム,さいたま市見沼区大谷２０２２－１,サロン・茶話会,家族の介護や以前介護経験のある方、一人暮らしでお話する人がいない方などが集まり情報交換の場として開催しています。,毎月第三水曜日　午後１時３０分～午後３時,有償,七里地区社会福祉協議会,048-687-9997,35.9259734196909,139.674806139314
"
レッツ",東宮下小体育館,さいたま市見沼区東宮下２１５-１,運動・スポーツ,"インディアカ(ユーチューブ動画参照）
体を動かして良い汗をかいて健康、ストレス解消などが主です。誰でも出来るスポーツです。",毎週木曜日１８時半～２１時００分,有償,さいたま市見沼区東部圏域シニアサポートセンター敬寿園七里ホーム,048-681-6614,35.92601973,139.67760854
まごころサロンはなみずき　盆栽,盆栽町会館,さいたま市北区盆栽町２５３－１２,サロン・茶話会,地域の高齢者（主に植竹地区）の方の交流の場。,毎月第３木曜　13：30～15：00,無償,植竹地区社会福祉協議会,048-654-2022,35.92616,139.63145
まごころサロンはなみずき　盆栽,盆栽町会館,さいたま市北区盆栽町２５３－１２,音楽（歌唱・演奏）,地域の高齢者（主に植竹地区）の方の交流の場。,毎月第３木曜　13：30～15：00,無償,植竹地区社会福祉協議会,048-654-2022,35.92616,139.63145
まごころサロンはなみずき　盆栽,盆栽町会館,さいたま市北区盆栽町２５３－１２,交流その他,地域の高齢者（主に植竹地区）の方の交流の場。,毎月第３木曜　13：30～15：00,無償,植竹地区社会福祉協議会,048-654-2022,35.92616,139.63145
みんなのサロン大和田,大和田自治会館,さいたま市見沼区大和田町1丁目396,サロン・茶話会,健康体操、歌、脳トレ　他,月1回,有償,大砂土東地区社会福祉協議会,048‐687-7935,35.92626484,139.64595805
みんなのサロン大和田,大和田自治会館,さいたま市見沼区大和田町1丁目396,安否確認,健康体操、歌、脳トレ　他,月1回,有償,大砂土東地区社会福祉協議会,048‐687-7935,35.92626484,139.64595805
大和田百歳体操,大和田自治会館,さいたま市見沼区大和田町1丁目396,介護予防教室,百歳体操、脳トレ,月2回　第2・4水曜日,有償,シニアサポートセンター大和田,048‐685-8791,35.92626484,139.64595805
みんなのサロン大和田,大和田自治会館,さいたま市見沼区大和田町1丁目396,話し相手・傾聴,健康体操、歌、脳トレ　他,月1回,有償,大砂土東地区社会福祉協議会,048‐687-7935,35.92626484,139.64595805
健康体操ひだまり,そんぽの家大和田,さいたま市見沼区大和田町１丁目1002,介護予防教室,百歳体操を施設の食堂を借りて、施設の入居者と一緒に行っています。,月２回、第1・第3金曜日,無償,シニアサポートセンター大和田,048-685-8791,35.9266172471372,139.648891071515
東楽園出前講座,健康福祉センター東楽園,さいたま市見沼区膝子９８４,公開講座,地域包括支援センター職員・在宅介護支援センター職員等による介護・健康等に関する講話や相談。,年２回,無償,さいたま市見沼区東部圏域シニアサポートセンター敬寿園七里ホーム,048-681-6614,35.9266331302706,139.686843752809
ゆりの会,タカスコミュニティ（略称「タカコミ」）,さいたま市見沼区蓮沼１４８８−３,介護予防教室,いきいき百歳体操。,毎週月曜日（毎月第一月曜を除く）,有償,さいたま市見沼区東部圏域シニアサポートセンター 敬寿園　七里ホーム,048-681-6614,35.92682071,139.66297588
百歳体操　ゆりかご,蓮沼会館,さいたま市見沼区蓮沼501-1,介護予防教室,いきいき百歳体操。口腔体操、リハビリ体操、脳トレ。,月２回（第１・３火曜日）,有償,さいたま市見沼区東部圏域シニアサポートセンター敬寿園七里ホーム,048-681-6614,35.92689231,139.66261036
カフェ　は壽ぬ萬,蓮沼会館,さいたま市見沼区蓮沼５０１−１,サロン・茶話会,"どなたでも参加でき気軽におしゃべりができる集いの場
蓮沼地区にお住まいの方限定",毎月第３金曜日１０：００～１１：３０,有償,さいたま市見沼区東部圏域シニアサポートセンター 敬寿園　七里ホーム,048-681-6614,35.92689291,139.66264813
オレンジ　スタイル　おうぎ,特別養護老人ホーム扇の森　萬び舎,さいたま市西区高木602,体操教室,"インストラクターを招いて楽しく運動しています。ご近所の高齢者の方を中心に健康体操,脳トレ等に取り組んでいます。笑顔いっぱいで,あっという間の１時間です。",毎月第２火曜日　10時～11時,有償,特別養護老人ホーム　扇の森,048ｰ625-5000,35.9269205756975,139.567164835598
ふれあいサロン　扇の森,特別養護老人ホーム扇の森　,さいたま市西区高木602,音楽（歌唱・演奏）,月1回、地域の方に参加していただける「気功教室」「ベトナム語教室」「ゴスペル教室」を開催しております,各講座月1回開催,無償,特別養護老人ホーム,048-625-5000,35.9269292360513,139.567170196516
ふれあいサロン　扇の森,特別養護老人ホーム扇の森　,さいたま市西区高木602,語学,月1回、地域の方に参加していただける「気功教室」「ベトナム語教室」「ゴスペル教室」を開催しております,各講座月1回開催,無償,特別養護老人ホーム,048-625-5000,35.9269292360513,139.567170196516
ふれあいサロン　扇の森,特別養護老人ホーム扇の森　,さいたま市西区高木602,体操教室,月1回、地域の方に参加していただける「気功教室」「ベトナム語教室」「ゴスペル教室」を開催しております,各講座月1回開催,無償,特別養護老人ホーム,048-625-5000,35.9269292360513,139.567170196516
ウエサカ薬局　健康サロン,ウエサカ薬局　大和田店,さいたま市見沼区大和田町1丁目959‐7,その他活動,健康維持、介護予防を目的とした薬と健康についての学習会　サロン（休止中）,2ヶ月に1回,条件付き無償,ウエサカ薬局大和田,048‐685-4003,35.92715644,139.64686353
七里ふれあい歌声サロン①（童謡・唱歌）,七里コミュニティセンター,さいたま市見沼区東宮下２６５－１,サロン・茶話会,歌唱指導とピアノ伴奏により童謡・唱歌の合唱。発声練習と音楽にあわせたリズム体操などによる健康づくり。交流を通じた仲間づくりと情報交換。七里地区在住者限定。,月１回（8月を除く）第2火曜日,無償,七里地区社会福祉協議会,048-687-9997,35.92722097,139.67741325
七里ふれあい歌声サロン①（童謡・唱歌）,七里コミュニティセンター,さいたま市見沼区東宮下２６５－１,安否確認,歌唱指導とピアノ伴奏により童謡・唱歌の合唱。発声練習と音楽にあわせたリズム体操などによる健康づくり。交流を通じた仲間づくりと情報交換。七里地区在住者限定。,月１回（8月を除く）第2火曜日,無償,七里地区社会福祉協議会,048-687-9997,35.92722097,139.67741325
七里ふれあい歌声サロン①（童謡・唱歌）,七里コミュニティセンター,さいたま市見沼区東宮下２６５－１,音楽（歌唱・演奏）,歌唱指導とピアノ伴奏により童謡・唱歌の合唱。発声練習と音楽にあわせたリズム体操などによる健康づくり。交流を通じた仲間づくりと情報交換。七里地区在住者限定。,月１回（8月を除く）第2火曜日,無償,七里地区社会福祉協議会,048-687-9997,35.92722097,139.67741325
七里ふれあい歌声サロン①（童謡・唱歌）,七里コミュニティセンター,さいたま市見沼区東宮下２６５－１,交流その他,歌唱指導とピアノ伴奏により童謡・唱歌の合唱。発声練習と音楽にあわせたリズム体操などによる健康づくり。交流を通じた仲間づくりと情報交換。七里地区在住者限定。,月１回（8月を除く）第2火曜日,無償,七里地区社会福祉協議会,048-687-9997,35.92722097,139.67741325
園芸サロン,七里公民館,さいたま市見沼区東宮下２６５－１,サロン・茶話会,元ＮＨＫ趣味の園芸講師による講義と実技。年に数回植物の鑑賞・グリーンウォークに各地の公園に出かける。地域の仲間作りと仲間同士の交流・安否確認が行われている。七里地区在住者限定。,月1回（8月を除く）原則第4土曜日,有償,七里地区社会福祉協議会,048-687-9997,35.92722097,139.67741325
七里ふれあいうんどうサロンⅠ,七里公民館,さいたま市見沼区東宮下２６５‐１,サロン・茶話会,地域運動支援員によるストレッチ・脳トレ体操・筋肉トレーニング ・交流・健康講話・体力測定。七里地区在住者限定。,月１回（8月を除く）第３木曜日 午後,無償,七里地区社会福祉協議会,048-687-9997,35.92722097,139.67741325
七里ふれあいウオーキング,七里公民館,さいたま市見沼区東宮下２６５－１,サロン・茶話会,七里公民館を拠点として８ｋｍから１０ｋｍのウォーキング。桜の花と秋の紅葉を楽しみながら、見沼区内の名所・旧跡にふれる。七里地区在住者限定。,年２回（４・１１月）,無償,七里地区社会福祉協議会,048-687-9997,35.92722097,139.67741325
園芸サロン,七里公民館,さいたま市見沼区東宮下２６５－１,安否確認,元ＮＨＫ趣味の園芸講師による講義と実技。年に数回植物の鑑賞・グリーンウォークに各地の公園に出かける。地域の仲間作りと仲間同士の交流・安否確認が行われている。七里地区在住者限定。,月1回（8月を除く）原則第4土曜日,有償,七里地区社会福祉協議会,048-687-9997,35.92722097,139.67741325
七里ふれあいうんどうサロンⅠ,七里公民館,さいたま市見沼区東宮下２６５‐１,安否確認,地域運動支援員によるストレッチ・脳トレ体操・筋肉トレーニング ・交流・健康講話・体力測定。七里地区在住者限定。,月１回（8月を除く）第３木曜日 午後,無償,七里地区社会福祉協議会,048-687-9997,35.92722097,139.67741325
健康講座,七里公民館,さいたま市見沼区東宮下２６５－１,安否確認,高齢者に関心のある健康講座・口腔ケア・認知症予防について他。七里地区在住者限定。,年１回から２回,無償,七里地区社会福祉協議会,048-687-9997,35.92722097,139.67741325
七里ふれあいウオーキング,七里公民館,さいたま市見沼区東宮下２６５－１,安否確認,七里公民館を拠点として８ｋｍから１０ｋｍのウォーキング。桜の花と秋の紅葉を楽しみながら、見沼区内の名所・旧跡にふれる。七里地区在住者限定。,年２回（４・１１月）,無償,七里地区社会福祉協議会,048-687-9997,35.92722097,139.67741325
福祉教養講座,七里公民館,さいたま市見沼区東宮下２６５－１,安否確認,ラジオ健康体操・生活支援講習・認知症サポーター養成講座他。七里地区在住者限定。,年２回から３回,無償,七里地区社会福祉協議会,048-687-9997,35.92722097,139.67741325
七里ふれあいウオーキング,七里公民館,さいたま市見沼区東宮下２６５－１,運動・スポーツ,七里公民館を拠点として８ｋｍから１０ｋｍのウォーキング。桜の花と秋の紅葉を楽しみながら、見沼区内の名所・旧跡にふれる。七里地区在住者限定。,年２回（４・１１月）,無償,七里地区社会福祉協議会,048-687-9997,35.92722097,139.67741325
福祉教養講座,七里公民館,さいたま市見沼区東宮下２６５－１,運動・スポーツ,ラジオ健康体操・生活支援講習・認知症サポーター養成講座他。七里地区在住者限定。,年２回から３回,無償,七里地区社会福祉協議会,048-687-9997,35.92722097,139.67741325
健康講座,七里公民館,さいたま市見沼区東宮下２６５－１,介護予防教室,高齢者に関心のある健康講座・口腔ケア・認知症予防について他。七里地区在住者限定。,年１回から２回,無償,七里地区社会福祉協議会,048-687-9997,35.92722097,139.67741325
福祉教養講座,七里公民館,さいたま市見沼区東宮下２６５－１,介護予防教室,ラジオ健康体操・生活支援講習・認知症サポーター養成講座他。七里地区在住者限定。,年２回から３回,無償,七里地区社会福祉協議会,048-687-9997,35.92722097,139.67741325
いきいき体操サークル,七里公民館,さいたま市見沼区東宮下２６５‐１,介護予防教室,いきいき百歳体操。,毎週火曜日,無償,さいたま市見沼区東部圏域シニアサポートセンター敬寿園七里ホーム,048-681-6614,35.92722097,139.67741325
健康講座,七里公民館,さいたま市見沼区東宮下２６５－１,学習支援・通訳（外国語・手話・点字）,高齢者に関心のある健康講座・口腔ケア・認知症予防について他。七里地区在住者限定。,年１回から２回,無償,七里地区社会福祉協議会,048-687-9997,35.92722097,139.67741325
福祉教養講座,七里公民館,さいたま市見沼区東宮下２６５－１,学習支援・通訳（外国語・手話・点字）,ラジオ健康体操・生活支援講習・認知症サポーター養成講座他。七里地区在住者限定。,年２回から３回,無償,七里地区社会福祉協議会,048-687-9997,35.92722097,139.67741325
七里ふれあいうんどうサロンⅠ,七里公民館,さいたま市見沼区東宮下２６５‐１,交流その他,地域運動支援員によるストレッチ・脳トレ体操・筋肉トレーニング ・交流・健康講話・体力測定。七里地区在住者限定。,月１回（8月を除く）第３木曜日 午後,無償,七里地区社会福祉協議会,048-687-9997,35.92722097,139.67741325
健康講座,七里公民館,さいたま市見沼区東宮下２６５－１,交流その他,高齢者に関心のある健康講座・口腔ケア・認知症予防について他。七里地区在住者限定。,年１回から２回,無償,七里地区社会福祉協議会,048-687-9997,35.92722097,139.67741325
七里ふれあいウオーキング,七里公民館,さいたま市見沼区東宮下２６５－１,交流その他,七里公民館を拠点として８ｋｍから１０ｋｍのウォーキング。桜の花と秋の紅葉を楽しみながら、見沼区内の名所・旧跡にふれる。七里地区在住者限定。,年２回（４・１１月）,無償,七里地区社会福祉協議会,048-687-9997,35.92722097,139.67741325
福祉教養講座,七里公民館,さいたま市見沼区東宮下２６５－１,交流その他,ラジオ健康体操・生活支援講習・認知症サポーター養成講座他。七里地区在住者限定。,年２回から３回,無償,七里地区社会福祉協議会,048-687-9997,35.92722097,139.67741325
健康講座,七里公民館,さいたま市見沼区東宮下２６５－１,公開講座,高齢者に関心のある健康講座・口腔ケア・認知症予防について他。七里地区在住者限定。,年１回から２回,無償,七里地区社会福祉協議会,048-687-9997,35.92722097,139.67741325
福祉教養講座,七里公民館,さいたま市見沼区東宮下２６５－１,公開講座,ラジオ健康体操・生活支援講習・認知症サポーター養成講座他。七里地区在住者限定。,年２回から３回,無償,七里地区社会福祉協議会,048-687-9997,35.92722097,139.67741325
園芸サロン,七里公民館,さいたま市見沼区東宮下２６５－１,住民主体の学習会,元ＮＨＫ趣味の園芸講師による講義と実技。年に数回植物の鑑賞・グリーンウォークに各地の公園に出かける。地域の仲間作りと仲間同士の交流・安否確認が行われている。七里地区在住者限定。,月1回（8月を除く）原則第4土曜日,有償,七里地区社会福祉協議会,048-687-9997,35.92722097,139.67741325
七里ふれあいうんどうサロンⅠ,七里公民館,さいたま市見沼区東宮下２６５‐１,体操教室,地域運動支援員によるストレッチ・脳トレ体操・筋肉トレーニング ・交流・健康講話・体力測定。七里地区在住者限定。,月１回（8月を除く）第３木曜日 午後,無償,七里地区社会福祉協議会,048-687-9997,35.92722097,139.67741325
すこやかスマート,やわら樹の里,さいたま市見沼区大和田町1丁目345,介護予防教室,施設のレクリエーション室を借りて活動するため、施設の入所者と合同の活動です。ＣＤによる１００歳体操にコグニ体操やリンパ体操を取り入れ、ゲーム「モルック」を月１回実施しております。,毎週火曜日　10時～,有償,シニアサポートセンター大和田,048‐685-8791,35.927231721996,139.642607882753
おしゃべりサロン『憩』,ホワイト急便隣り,さいたま市見沼区大和田町1丁目1391,サロン・茶話会,お茶を飲みながらおしゃべりを楽しむ。希望により、小物作りも可能。,毎週月・金　午後2時30分～,有償,シニアサポートセンター大和田,048‐685-8791,35.92725,139.65065
おしゃべりサロン『憩』,ホワイト急便隣り,さいたま市見沼区大和田町1丁目1391,安否確認,お茶を飲みながらおしゃべりを楽しむ。希望により、小物作りも可能。,毎週月・金　午後2時30分～,有償,シニアサポートセンター大和田,048‐685-8791,35.92725,139.65065
おしゃべりサロン『憩』,ホワイト急便隣り,さいたま市見沼区大和田町1丁目1391,話し相手・傾聴,お茶を飲みながらおしゃべりを楽しむ。希望により、小物作りも可能。,毎週月・金　午後2時30分～,有償,シニアサポートセンター大和田,048‐685-8791,35.92725,139.65065
げんき体操　百寿の会,日進２丁目自治会館,さいたま市北区日進町2-1195,介護予防教室,"百歳体操、口腔体操、手話ダンス、脳トレ
日進２丁目自治会員の方",第1，3水曜日　１０時～,無償,ゆめの園,048-653-0544,35.92729346,139.60498892
スマイル１００,日進公民館,さいたま市北区日進町２－１１９５－２,その他活動,月2回程度、公民館でいきいき百歳体操を実施するサークル。介護予防事業「ますます元気教室修了者」で立ち上げた１００歳体操サークル。体操の後健康や介護予防について情報交換をしたり、笑いや脳トレとなるような話題を取り入れながら交流している。「楽しく」がテーマのサークルでグループ名に「スマイル１００」と付けている。,月2回。基本は第2・4㈫午後14時から。公民館予約状況により変動あり,無償,ゆめの園,048-653-0544,35.9273781603059,139.604200038843
スマイル１００,日進公民館,さいたま市北区日進町２－１１９５－２,介護予防教室,月2回程度、公民館でいきいき百歳体操を実施するサークル。介護予防事業「ますます元気教室修了者」で立ち上げた１００歳体操サークル。体操の後健康や介護予防について情報交換をしたり、笑いや脳トレとなるような話題を取り入れながら交流している。「楽しく」がテーマのサークルでグループ名に「スマイル１００」と付けている。,月2回。基本は第2・4㈫午後14時から。公民館予約状況により変動あり,無償,ゆめの園,048-653-0544,35.9273781603059,139.604200038843
スマイル１００,日進公民館,さいたま市北区日進町２－１１９５－２,交流その他,月2回程度、公民館でいきいき百歳体操を実施するサークル。介護予防事業「ますます元気教室修了者」で立ち上げた１００歳体操サークル。体操の後健康や介護予防について情報交換をしたり、笑いや脳トレとなるような話題を取り入れながら交流している。「楽しく」がテーマのサークルでグループ名に「スマイル１００」と付けている。,月2回。基本は第2・4㈫午後14時から。公民館予約状況により変動あり,無償,ゆめの園,048-653-0544,35.9273781603059,139.604200038843
朝のラジオ体操,七里公民館,さいたま市見沼区東宮下２６５－１,体操教室,朝のひととき、地域の皆さんと一緒にラジオ体操をしませんか？屋外で気持ちよく体操をして一日をスタートしましょう。,月～金８時40分～8時50分（土日・祝日・年末年始12月29日～1月3日を除く）※夏季等天候状況により、雨天以外でも中止になる場合があります。,無償,七里公民館,048-686-4721,35.927393540786,139.677395981644
パリオリ百歳体操クラブ,日進公民館,さいたま市北区日進町２－１１９５－２,音楽（歌唱・演奏）,月に3回、日進公民館をお借りして、百歳体操、脳トレ運動、童謡・唱歌、おしゃべり等毎回楽しく交流をしています。,水曜の14時から16時（予約が取れない場合は水曜の前後となります）,無償,ゆめの園,048-653-0544,35.9274137041966,139.604256168712
パリオリ百歳体操クラブ,日進公民館,さいたま市北区日進町２－１１９５－２,介護予防教室,月に3回、日進公民館をお借りして、百歳体操、脳トレ運動、童謡・唱歌、おしゃべり等毎回楽しく交流をしています。,水曜の14時から16時（予約が取れない場合は水曜の前後となります）,無償,ゆめの園,048-653-0544,35.9274137041966,139.604256168712
パリオリ百歳体操クラブ,日進公民館,さいたま市北区日進町２－１１９５－２,交流その他,月に3回、日進公民館をお借りして、百歳体操、脳トレ運動、童謡・唱歌、おしゃべり等毎回楽しく交流をしています。,水曜の14時から16時（予約が取れない場合は水曜の前後となります）,無償,ゆめの園,048-653-0544,35.9274137041966,139.604256168712
パリオリ百歳体操クラブ,日進公民館,さいたま市北区日進町２－１１９５－２,体操教室,月に3回、日進公民館をお借りして、百歳体操、脳トレ運動、童謡・唱歌、おしゃべり等毎回楽しく交流をしています。,水曜の14時から16時（予約が取れない場合は水曜の前後となります）,無償,ゆめの園,048-653-0544,35.9274137041966,139.604256168712
オレンジリングの会　おしゃべりサロン,大砂土東地区社会福祉協議会事務所,さいたま市見沼区大和田町1丁目1387-1,サロン・茶話会,健康体操、折り紙、歌、脳トレ、テーマを決めて発表、情報提供　年齢に合った体の動かし方、会話中心に心を打ち明ける他,月1回,無償,シニアサポートセンター大和田,048‐685-8791,35.92745925,139.65028819
大和田和い話いサロン,大砂土東地区社会福祉協議会事務所,さいたま市見沼区大和田町1丁目1387-1,サロン・茶話会,健康体操、脳トレ他,月1回,有償,大砂土東地区社会福祉協議会,048‐687-7935,35.92745925,139.65028819
おたすけ隊,大砂土東地区社会福祉協議会事務所,埼玉県さいたま市見沼区大和田町1丁目1387-1,その他活動,高齢者の皆様の自分ではできない日常生活の困りごとをお手伝いします。まずは担当民生委員や地区社会福祉協議会にご相談ください。（有償ボランティア）,随時,有償,大砂土東地区社会福祉協議会,048-687-7935,35.92745925,139.65028819
大和田和い話いサロン,大砂土東地区社会福祉協議会事務所,さいたま市見沼区大和田町1丁目1387-1,安否確認,健康体操、脳トレ他,月1回,有償,大砂土東地区社会福祉協議会,048‐687-7935,35.92745925,139.65028819
おたすけ隊,大砂土東地区社会福祉協議会事務所,埼玉県さいたま市見沼区大和田町1丁目1387-1,安否確認,高齢者の皆様の自分ではできない日常生活の困りごとをお手伝いします。まずは担当民生委員や地区社会福祉協議会にご相談ください。（有償ボランティア）,随時,有償,大砂土東地区社会福祉協議会,048-687-7935,35.92745925,139.65028819
１００体操教室,大砂土東地区社会福祉協議会事務所,さいたま市見沼区大和田町1丁目1387-1,運動・スポーツ,100歳体操は週2回行うと体操の効果がアップすることが実証されています。当NPOは可能な範囲で参加できるように月13回、5か所の会場を用意しています。まず3ヶ月続けてみましょう。　,月1回,無償,NPO法人みぬまで暮らす会,048‐796-0295,35.92745925,139.65028819
健康ウォーキング同好会,大砂土東地区社会福祉協議会事務所,埼玉県さいたま市見沼区大和田町1丁目1387-1,運動・スポーツ,月1回（月末日曜日）にメンバーでウォーキングをして交流を深めます。（参加者は大砂土東地区住民もしくはメンバーの紹介者に限る）,月１回（８月、１２月を除く）,有償,大砂土東地区社会福祉協議会,048-687-7935,35.92745925,139.65028819
オレンジリングの会　おしゃべりサロン,大砂土東地区社会福祉協議会事務所,さいたま市見沼区大和田町1丁目1387-1,音楽（歌唱・演奏）,健康体操、折り紙、歌、脳トレ、テーマを決めて発表、情報提供　年齢に合った体の動かし方、会話中心に心を打ち明ける他,月1回,無償,シニアサポートセンター大和田,048‐685-8791,35.92745925,139.65028819
１００体操教室,大砂土東地区社会福祉協議会事務所,さいたま市見沼区大和田町1丁目1387-1,介護予防教室,100歳体操は週2回行うと体操の効果がアップすることが実証されています。当NPOは可能な範囲で参加できるように月13回、5か所の会場を用意しています。まず3ヶ月続けてみましょう。　,月1回,無償,NPO法人みぬまで暮らす会,048‐796-0295,35.92745925,139.65028819
１００体操教室,大砂土東地区社会福祉協議会事務所,さいたま市見沼区大和田町1丁目1387-1,体操教室,100歳体操は週2回行うと体操の効果がアップすることが実証されています。当NPOは可能な範囲で参加できるように月13回、5か所の会場を用意しています。まず3ヶ月続けてみましょう。　,月1回,無償,NPO法人みぬまで暮らす会,048‐796-0295,35.92745925,139.65028819
おたすけ隊,大砂土東地区社会福祉協議会事務所,埼玉県さいたま市見沼区大和田町1丁目1387-1,買い物・掃除・洗濯・電球交換・庭の手入れ（剪定・草取り）,高齢者の皆様の自分ではできない日常生活の困りごとをお手伝いします。まずは担当民生委員や地区社会福祉協議会にご相談ください。（有償ボランティア）,随時,有償,大砂土東地区社会福祉協議会,048-687-7935,35.92745925,139.65028819
オレンジリングの会　おしゃべりサロン,大砂土東地区社会福祉協議会事務所,さいたま市見沼区大和田町1丁目1387-1,話し相手・傾聴,健康体操、折り紙、歌、脳トレ、テーマを決めて発表、情報提供　年齢に合った体の動かし方、会話中心に心を打ち明ける他,月1回,無償,シニアサポートセンター大和田,048‐685-8791,35.92745925,139.65028819
大和田和い話いサロン,大砂土東地区社会福祉協議会事務所,さいたま市見沼区大和田町1丁目1387-1,話し相手・傾聴,健康体操、脳トレ他,月1回,有償,大砂土東地区社会福祉協議会,048‐687-7935,35.92745925,139.65028819
宮団いきいき体操クラブ,東宮下団地児童会館,さいたま市見沼区新堤１５２,介護予防教室,いきいき百歳体操。健康体操。脳トレ。東宮下団地住民のみ。他からの参加は要相談。,毎週水曜日,有償,さいたま市見沼区東部圏域シニアサポートセンター敬寿園七里ホーム,048-681-6614,35.92747,139.67193
"すこやか運動教室
植竹公民館",植竹公民館,さいたま市北区盆栽町４３０,介護予防教室,月１回、植竹公民館にて「いきいき百歳体操」を中心に体操を行っています。,毎月第１水曜13：30　～14：45,無償,植竹地区社会福祉協議会,048-654-2022,35.92748,139.62835
"すこやか運動教室
植竹公民館",植竹公民館,さいたま市北区盆栽町４３０,体操教室,月１回、植竹公民館にて「いきいき百歳体操」を中心に体操を行っています。,毎月第１水曜13：30　～14：45,無償,植竹地区社会福祉協議会,048-654-2022,35.92748,139.62835
西尾リズム体操日進,"日進公民館
日進2丁目公民館","日進公民館…さいたま市北区日進町2-1195-2
日進2丁目自治会館…さいたま市北区日進町2-1195",体操教室,脳トレ、筋トレ、ストレッチ、リズム体操,原則第1.3月曜日（会場の都合で変更あり）,有償,ゆめの園,048-653-0544,35.92748,139.60261
"東宮下団地第一親和会
カラオケ",東宮下団地児童集会所,さいたま市見沼区新堤１５２,音楽（歌唱・演奏）,カラオケ。東宮下団地第一・第二親和会　会員限定。,毎週木　,有償,さいたま市見沼区東部圏域シニアサポートセンター敬寿園七里ホーム,048-681-6614,35.9276226342153,139.67188914149
"東宮下団地第一親和会
食事会",東宮下団地児童集会所,さいたま市見沼区新堤１５２,会食会,食事会。東宮下団地第一・第二親和会　会員限定。,毎月１回,有償,さいたま市見沼区東部圏域シニアサポートセンター敬寿園七里ホーム,048-681-6614,35.9276226342153,139.67188914149
"東宮下団地第一親和会
麻雀",東宮下団地児童集会所,さいたま市見沼区新堤１５２,健康麻雀・囲碁・将棋,麻雀。東宮下団地第一・第二親和会　会員限定。,毎週水・金,有償,さいたま市見沼区東部圏域シニアサポートセンター敬寿園七里ホーム,048-681-6614,35.9276226342153,139.67188914149
すこやかうんどう教室　　　　　　,高齢者生きがいセンター,さいたま市北区植竹町１丁目５９３番地,運動・スポーツ,脳トレや百歳体操を行っています。,毎月第3水曜、13：30～15：00,無償,植竹地区社会福祉協議会,048-654-2022,35.92768023,139.62414296
すこやかうんどう教室　　　　　　,高齢者生きがいセンター,さいたま市北区植竹町１丁目５９３番地,介護予防教室,脳トレや百歳体操を行っています。,毎月第3水曜、13：30～15：00,無償,植竹地区社会福祉協議会,048-654-2022,35.92768023,139.62414296
すこやかうんどう教室　　　　　　,高齢者生きがいセンター,さいたま市北区植竹町１丁目５９３番地,体操教室,脳トレや百歳体操を行っています。,毎月第3水曜、13：30～15：00,無償,植竹地区社会福祉協議会,048-654-2022,35.92768023,139.62414296
まごころサロンはなみずき植竹,高齢者生きがい活動センター,さいたま市北区植竹町１丁目５９３－１,サロン・茶話会,地域の高齢者（植竹地区）の方の交流の場。民生委員さんが中心となって毎月内容を考え実施しています。,毎月第４木曜（１、８月は休み）13：30～15：00,無償,植竹地区社会福祉協議会,048-654-2022,35.92770523,139.6240874
うえたけ歌サロン,高齢者生きがい活動センター,さいたま市北区植竹町１丁目５９３－１,音楽（歌唱・演奏）,カラオケに合わせて合唱する（歌謡曲、唱歌など）,毎月第3金曜13：30～　　15：00（1、8月は休み）,無償,植竹地区社会福祉協議会,048-654-2022,35.92770523,139.6240874
まごころサロンはなみずき植竹,高齢者生きがい活動センター,さいたま市北区植竹町１丁目５９３－１,音楽（歌唱・演奏）,地域の高齢者（植竹地区）の方の交流の場。民生委員さんが中心となって毎月内容を考え実施しています。,毎月第４木曜（１、８月は休み）13：30～15：00,無償,植竹地区社会福祉協議会,048-654-2022,35.92770523,139.6240874
まごころサロンはなみずき植竹,高齢者生きがい活動センター,さいたま市北区植竹町１丁目５９３－１,手芸,地域の高齢者（植竹地区）の方の交流の場。民生委員さんが中心となって毎月内容を考え実施しています。,毎月第４木曜（１、８月は休み）13：30～15：00,無償,植竹地区社会福祉協議会,048-654-2022,35.92770523,139.6240874
穂積自治会　いきいき運動クラブ　穂積元気かい,穂積自治会館,さいたま市西区宝来343-1,体操教室,毎月第１金曜日に健康体操を実施しています。,毎月第１金曜10時～,無償,西区北部圏域シニアサポートセンター三恵苑,048-620-1312,35.92798733,139.55434584
みんなの図書館未来庵,みんなの図書館未来庵,さいたま市西区西大宮3-26-3,その他活動,２０２１年１２月開館の個人で運営している図書館です。一人２冊、２週間の貸し出しです。今後読み聞かせ等の活動も計画予定です。,毎週金曜日、土曜日の13時～17時,無償,西区北部圏域シニアサポートセンター三恵苑,048ｰ620-1312,35.9280753937875,139.580063264097
朝のラジオ体操会,太陽が丘自治会広場,さいたま市西区中釘２９４,運動・スポーツ,太陽ヶ丘自治会広場でほぼ毎日ラジオ体操を実施している。対象は太陽が丘自治会員のみ,毎日・6時30分～雨天は除く,無償,西区北部圏域シニアサポートセンター三恵苑,048-620-1312,35.9284,139.56206
たんぽぽ体操教室,グリーンヒル大和田101号,さいたま市見沼区大和田町2丁目409－3,サロン・茶話会,看護師が行う小さな体操教室です。日数を増やしました。近くで体操が出来る所を探している方、ご参加ください。,月曜日、木曜日、土曜日　各2回,有償,シニアサポートセンター大和田,048‐685-8791,35.92851172,139.64498585
たんぽぽ体操教室,グリーンヒル大和田101号,さいたま市見沼区大和田町2丁目409－3,介護予防教室,看護師が行う小さな体操教室です。日数を増やしました。近くで体操が出来る所を探している方、ご参加ください。,月曜日、木曜日、土曜日　各2回,有償,シニアサポートセンター大和田,048‐685-8791,35.92851172,139.64498585
たんぽぽ体操教室,グリーンヒル大和田101号,さいたま市見沼区大和田町2丁目409－3,体操教室,看護師が行う小さな体操教室です。日数を増やしました。近くで体操が出来る所を探している方、ご参加ください。,月曜日、木曜日、土曜日　各2回,有償,シニアサポートセンター大和田,048‐685-8791,35.92851172,139.64498585
"東宮下団地第一親和会
ゲートボール",新堤ふれあい広場,さいたま市見沼区新堤１１１,運動・スポーツ,ゲートボール。東宮下団地第一・第二親和会　会員限定。,火・木・土　９時から１２時,有償,さいたま市見沼区東部圏域シニアサポートセンター敬寿園七里ホーム,048-681-6614,35.9286641583447,139.674446092651
シャルマンコーポ実年会グランドゴルフ,新堤ふれあい広場,さいたま市見沼区新堤１１１,運動・スポーツ,グランドゴルフ。様々な大会に参加し他団体とも親睦を図ります。,毎週２回（月）午前（金）午後,有償,さいたま市見沼区東部圏域シニアサポートセンター 敬寿園　七里ホーム,048-681-6614,35.9286641583447,139.674446092651
"東宮下団地第一親和会
グランドゴルフ",新堤ふれあい広場,さいたま市見沼区新堤１１１,運動・スポーツ,グランドゴルフ。東宮下団地第一・第二親和会　会員限定。,毎週土・日,有償,さいたま市見沼区東部圏域シニアサポートセンター 敬寿園　七里ホーム,048-681-6614,35.9286641583447,139.674446092651
みぬまで暮らす会,みぬまハウス,さいたま市見沼区大和田町1丁目1352,サロン・茶話会,①どなたでも参加しておしゃべりをしたり、コーヒーを飲んだり、気兼ねなく利用できるまちのカフェです。　②歌声、麻雀、絵手紙など自由に参加できるくらぶ活動も盛んです。 活動内容：手芸、語学、場所の提供、学習支援、介護保険の訪問介護、障害者の居宅介護,コミュニティカフェ:週5日　介護者カフェ:週2日　各くらぶ活動は月１～２回程度,有償,NPO法人みぬまで暮らす会,048‐796-0295,35.92872018,139.64976598
100歳体操くらぶ,みぬまハウス,さいたま市見沼区大和田町1丁目1352,サロン・茶話会,100歳体操は週2回行うと体操の効果がアップすることが実証されています。当NPOは可能な範囲で参加できるように月13回、5か所の会場を用意しています。まず3ヶ月続けてみましょう。,月2回,有償,NPO法人みぬまで暮らす会,048‐796-0295,35.92872018,139.64976598
みぬまで暮らす会,みぬまハウス,さいたま市見沼区大和田町1丁目1352,その他生活支援,①どなたでも参加しておしゃべりをしたり、コーヒーを飲んだり、気兼ねなく利用できるまちのカフェです。　②歌声、麻雀、絵手紙など自由に参加できるくらぶ活動も盛んです。 活動内容：手芸、語学、場所の提供、学習支援、介護保険の訪問介護、障害者の居宅介護,コミュニティカフェ:週5日　介護者カフェ:週2日　各くらぶ活動は月１～２回程度,有償,NPO法人みぬまで暮らす会,048‐796-0295,35.92872018,139.64976598
みぬまで暮らす会,みぬまハウス,さいたま市見沼区大和田町1丁目1352,移送・送迎（車両等使用）,①どなたでも参加しておしゃべりをしたり、コーヒーを飲んだり、気兼ねなく利用できるまちのカフェです。　②歌声、麻雀、絵手紙など自由に参加できるくらぶ活動も盛んです。 活動内容：手芸、語学、場所の提供、学習支援、介護保険の訪問介護、障害者の居宅介護,コミュニティカフェ:週5日　介護者カフェ:週2日　各くらぶ活動は月１～２回程度,有償,NPO法人みぬまで暮らす会,048‐796-0295,35.92872018,139.64976598
みぬまで暮らす会,みぬまハウス,さいたま市見沼区大和田町1丁目1352,移送・送迎（通院等移動支援）,①どなたでも参加しておしゃべりをしたり、コーヒーを飲んだり、気兼ねなく利用できるまちのカフェです。　②歌声、麻雀、絵手紙など自由に参加できるくらぶ活動も盛んです。 活動内容：手芸、語学、場所の提供、学習支援、介護保険の訪問介護、障害者の居宅介護,コミュニティカフェ:週5日　介護者カフェ:週2日　各くらぶ活動は月１～２回程度,有償,NPO法人みぬまで暮らす会,048‐796-0295,35.92872018,139.64976598
みぬまで暮らす会,みぬまハウス,さいたま市見沼区大和田町1丁目1352,音楽（歌唱・演奏）,①どなたでも参加しておしゃべりをしたり、コーヒーを飲んだり、気兼ねなく利用できるまちのカフェです。　②歌声、麻雀、絵手紙など自由に参加できるくらぶ活動も盛んです。 活動内容：手芸、語学、場所の提供、学習支援、介護保険の訪問介護、障害者の居宅介護,コミュニティカフェ:週5日　介護者カフェ:週2日　各くらぶ活動は月１～２回程度,有償,NPO法人みぬまで暮らす会,048‐796-0295,35.92872018,139.64976598
みぬまで暮らす会,みぬまハウス,さいたま市見沼区大和田町1丁目1352,介護予防教室,①どなたでも参加しておしゃべりをしたり、コーヒーを飲んだり、気兼ねなく利用できるまちのカフェです。　②歌声、麻雀、絵手紙など自由に参加できるくらぶ活動も盛んです。 活動内容：手芸、語学、場所の提供、学習支援、介護保険の訪問介護、障害者の居宅介護,コミュニティカフェ:週5日　介護者カフェ:週2日　各くらぶ活動は月１～２回程度,有償,NPO法人みぬまで暮らす会,048‐796-0295,35.92872018,139.64976598
100歳体操くらぶ,みぬまハウス,さいたま市見沼区大和田町1丁目1352,介護予防教室,100歳体操は週2回行うと体操の効果がアップすることが実証されています。当NPOは可能な範囲で参加できるように月13回、5か所の会場を用意しています。まず3ヶ月続けてみましょう。,月2回,有償,NPO法人みぬまで暮らす会,048‐796-0295,35.92872018,139.64976598
みぬまで暮らす会,みぬまハウス,さいたま市見沼区大和田町1丁目1352,絵画・書道,①どなたでも参加しておしゃべりをしたり、コーヒーを飲んだり、気兼ねなく利用できるまちのカフェです。　②歌声、麻雀、絵手紙など自由に参加できるくらぶ活動も盛んです。 活動内容：手芸、語学、場所の提供、学習支援、介護保険の訪問介護、障害者の居宅介護,コミュニティカフェ:週5日　介護者カフェ:週2日　各くらぶ活動は月１～２回程度,有償,NPO法人みぬまで暮らす会,048‐796-0295,35.92872018,139.64976598
みぬまで暮らす会,みぬまハウス,さいたま市見沼区大和田町1丁目1352,健康麻雀・囲碁・将棋,①どなたでも参加しておしゃべりをしたり、コーヒーを飲んだり、気兼ねなく利用できるまちのカフェです。　②歌声、麻雀、絵手紙など自由に参加できるくらぶ活動も盛んです。 活動内容：手芸、語学、場所の提供、学習支援、介護保険の訪問介護、障害者の居宅介護,コミュニティカフェ:週5日　介護者カフェ:週2日　各くらぶ活動は月１～２回程度,有償,NPO法人みぬまで暮らす会,048‐796-0295,35.92872018,139.64976598
みぬまで暮らす会,みぬまハウス,さいたま市見沼区大和田町1丁目1352,公開講座,①どなたでも参加しておしゃべりをしたり、コーヒーを飲んだり、気兼ねなく利用できるまちのカフェです。　②歌声、麻雀、絵手紙など自由に参加できるくらぶ活動も盛んです。 活動内容：手芸、語学、場所の提供、学習支援、介護保険の訪問介護、障害者の居宅介護,コミュニティカフェ:週5日　介護者カフェ:週2日　各くらぶ活動は月１～２回程度,有償,NPO法人みぬまで暮らす会,048‐796-0295,35.92872018,139.64976598
みぬまで暮らす会,みぬまハウス,さいたま市見沼区大和田町1丁目1352,住民主体の学習会,①どなたでも参加しておしゃべりをしたり、コーヒーを飲んだり、気兼ねなく利用できるまちのカフェです。　②歌声、麻雀、絵手紙など自由に参加できるくらぶ活動も盛んです。 活動内容：手芸、語学、場所の提供、学習支援、介護保険の訪問介護、障害者の居宅介護,コミュニティカフェ:週5日　介護者カフェ:週2日　各くらぶ活動は月１～２回程度,有償,NPO法人みぬまで暮らす会,048‐796-0295,35.92872018,139.64976598
100歳体操くらぶ,みぬまハウス,さいたま市見沼区大和田町1丁目1352,体操教室,100歳体操は週2回行うと体操の効果がアップすることが実証されています。当NPOは可能な範囲で参加できるように月13回、5か所の会場を用意しています。まず3ヶ月続けてみましょう。,月2回,有償,NPO法人みぬまで暮らす会,048‐796-0295,35.92872018,139.64976598
みぬまで暮らす会,みぬまハウス,さいたま市見沼区大和田町1丁目1352,買い物・掃除・洗濯・電球交換・庭の手入れ（剪定・草取り）,①どなたでも参加しておしゃべりをしたり、コーヒーを飲んだり、気兼ねなく利用できるまちのカフェです。　②歌声、麻雀、絵手紙など自由に参加できるくらぶ活動も盛んです。 活動内容：手芸、語学、場所の提供、学習支援、介護保険の訪問介護、障害者の居宅介護,コミュニティカフェ:週5日　介護者カフェ:週2日　各くらぶ活動は月１～２回程度,有償,NPO法人みぬまで暮らす会,048‐796-0295,35.92872018,139.64976598
みぬまで暮らす会,みぬまハウス,さいたま市見沼区大和田町1丁目1352,話し相手・傾聴,①どなたでも参加しておしゃべりをしたり、コーヒーを飲んだり、気兼ねなく利用できるまちのカフェです。　②歌声、麻雀、絵手紙など自由に参加できるくらぶ活動も盛んです。 活動内容：手芸、語学、場所の提供、学習支援、介護保険の訪問介護、障害者の居宅介護,コミュニティカフェ:週5日　介護者カフェ:週2日　各くらぶ活動は月１～２回程度,有償,NPO法人みぬまで暮らす会,048‐796-0295,35.92872018,139.64976598
グループ　みんな元気,大宮七里サンコーポ集会所,さいたま市見沼区東門前１－３,介護予防教室,いきいき百歳体操。,毎週木曜日１０時～,有償,さいたま市見沼区東部圏域シニアサポートセンター敬寿園七里ホーム,048-681-6614,35.92904981,139.66708724
さろんエビスヤ,エビスヤ,さいたま市西区指扇領辻82-1,サロン・茶話会,毎月第2水曜日に元おそば屋さんで開催されるおしゃべりサロンです。,毎月第2水曜日午後1時30分～3時,有償,西区北部圏域シニアサポートセンター三恵苑,048-620-1312,35.92930101,139.55810392
シャルマンコーポ実年会　いきいき体操,シャルマンコーポ七里集会室,さいたま市見沼区新堤８‐１,介護予防教室,いきいき百歳体操。,"第一・第四　水　
１３：３０～",有償,さいたま市見沼区東部圏域シニアサポートセンター敬寿園七里ホーム,048-681-6614,35.929357411882,139.669763752809
シャルマンコーポ実年会　俳句の会,シャルマンコーポ集会室,さいたま市見沼区新堤８‐１,その他活動,俳句の会。,２か月に１回,有償,さいたま市見沼区東部圏域シニアサポートセンター 敬寿園　七里ホーム,048-681-6614,35.9293834746153,139.66980666815
シャルマンコーポ実年会　健康ウォーキング,シャルマンコーポ集会室,さいたま市見沼区新堤８－１,運動・スポーツ,健康ウォーキング。会員の皆様と一緒に四季折々の自然を楽しみ活動出来ることを期待しております。,毎月１回,有償,さいたま市見沼区東部圏域シニアサポートセンター敬寿園七里ホーム,048-681-6614,35.9293834746153,139.66980666815
シャルマンコーポ実年会　懇親会,シャルマンコーポ集会室,さいたま市見沼区新堤８－１,会食会,懇親会。,年3回程度,有償,さいたま市見沼区東部圏域シニアサポートセンター敬寿園七里ホーム,048-681-6614,35.9293834746153,139.66980666815
シャルマンコーポ実年会　健康マージャン,シャルマンコーポ集会室,さいたま市見沼区新堤８‐１,健康麻雀・囲碁・将棋,健康マージャン。,"毎月２回
第二・第四　木　
午後",有償,さいたま市見沼区東部圏域シニアサポートセンター 敬寿園　七里ホーム,048-681-6614,35.9293834746153,139.66980666815
"
ブルースカイ",七里小体育館,さいたま市見沼区東宮下３１２,運動・スポーツ,インディアカ（余り知られて無いスポーツです、ユーチューブ参照）日頃の運動不足解消のため、体を動かして楽しく良い汗をかいて健康な体づくり。,毎週日曜日９時～１２時,有償,さいたま市見沼区東部圏域シニアサポートセンター敬寿園七里ホーム,048-681-6614,35.92946226,139.67596021
高砂会吹き矢クラブ,宮前町二丁目自治会館,さいたま市西区宮前町１６３２－３,運動・スポーツ,５メートル離れた所より、的に向かって矢を吹きあてる。肺活量の練習になるかと思います。,月1回第3金曜日,有償,西区北部圏域シニアサポートセンター三恵苑,048-620-1312,35.929463,139.59515
カラオケクラブ,宮前町二丁目自治会館,さいたま市西区宮前町１６３２－３,音楽（歌唱・演奏）,月２回カラオケ教室をおこなっております。男歌と女歌を２月間ずつ行ない、年２回の発表会をおこないます。,月2回,有償,西区北部圏域シニアサポートセンター三恵苑,048-620-1312,35.929463,139.59515
宮前町囲碁将棋の会,宮前町二丁目自治会館,さいたま市西区宮前町１６３２－３,健康麻雀・囲碁・将棋,囲碁将棋を通じ，親睦を深める。,週1回。日曜日,無償,西区北部圏域シニアサポートセンター三恵苑,048-620-1312,35.929463,139.59515
さくらの会,宮前二丁目自治会館,さいたま市西区宮前町1634,体操教室,百歳体操を実施。,第2土曜日、第4月曜日10時～,有償,西区北部圏域シニアサポートセンター三恵苑,048-620-1312,35.9294675074762,139.595097885633
いきいき百歳体操クラブ,宮前町二丁目自治会館,さいたま市西区宮前町1632-3,体操教室,いきいき百歳体操（フレイル予防、健康維持、目標は継続です）,日曜日9時30分　月2回,無償,西区北部圏域シニアサポートセンター三恵苑,048-620-1312,35.9295389232936,139.5951093369
ハミング体操クラブ,ハミングバードカフェ,さいたま市北区日進町２丁目1559-２,サロン・茶話会,月に2回、カフェにておもりを使ったいきいき百歳体操を行っている。体操をした後はカフェでコーヒーを頂きながら茶話会。月に1回サポーターによるピアノのBGMあり。,第1.3（土）9時45分～,無償,ゆめの園,048-653-0544,35.9299681974857,139.601208696517
ハミング体操クラブ,ハミングバードカフェ,さいたま市北区日進町２丁目1559-２,介護予防教室,月に2回、カフェにておもりを使ったいきいき百歳体操を行っている。体操をした後はカフェでコーヒーを頂きながら茶話会。月に1回サポーターによるピアノのBGMあり。,第1.3（土）9時45分～,無償,ゆめの園,048-653-0544,35.9299681974857,139.601208696517
まつばら元気体操,松原自治会館,さいたま市北区日進町2-635,介護予防教室,百歳体操、松原自治会員の方,月２回,無償,ゆめの園,048-653-0544,35.9300736,139.6091913
東２いきいき元気体操,東大成２丁目自治会館,さいたま市北区東大成町２丁目４５４番地,介護予防教室,いきいき百歳体操の実施,毎月第1金曜　13：30～15：００　　　　　　,無償,東大成町２丁目自治会,048-662-7600,35.930156,139.618628
東２いきいき元気体操,東大成２丁目自治会館,さいたま市北区東大成町２丁目４５４番地,体操教室,いきいき百歳体操の実施,毎月第1金曜　13：30～15：００　　　　　　,無償,東大成町２丁目自治会,048-662-7600,35.930156,139.618628
老人クラブ　千歳会,東大成町２丁目自治会館,さいたま市北区東大成町２丁目４５４－８,運動・スポーツ,"①運動：グランドゴルフ週３回（火・木・土）
②会食会：新年会・懇親会・米寿祝賀会・誕生日会等々
➂公開講座：居宅介護に関するセミナー（随時）　（東大成２丁目地区限定）",随時,無償,ｼﾆｱｻﾎﾟｰﾄｾﾝﾀｰ諏訪の苑,048-662-7600,35.930156,139.618628
老人クラブ　千歳会,東大成町２丁目自治会館,さいたま市北区東大成町２丁目４５４－８,会食会,"①運動：グランドゴルフ週３回（火・木・土）
②会食会：新年会・懇親会・米寿祝賀会・誕生日会等々
➂公開講座：居宅介護に関するセミナー（随時）　（東大成２丁目地区限定）",随時,無償,ｼﾆｱｻﾎﾟｰﾄｾﾝﾀｰ諏訪の苑,048-662-7600,35.930156,139.618628
老人クラブ　千歳会,東大成町２丁目自治会館,さいたま市北区東大成町２丁目４５４－８,公開講座,"①運動：グランドゴルフ週３回（火・木・土）
②会食会：新年会・懇親会・米寿祝賀会・誕生日会等々
➂公開講座：居宅介護に関するセミナー（随時）　（東大成２丁目地区限定）",随時,無償,ｼﾆｱｻﾎﾟｰﾄｾﾝﾀｰ諏訪の苑,048-662-7600,35.930156,139.618628
えひなたサロン,みらい日進,さいたま市北区日進町２－７８９,サロン・茶話会,在宅介護を頑張っている人達の息抜き、交流の場。終活全般の相談、サポート。,第2㈪13時から15時,無償,えひなたサロン,048-782-5858,35.93025459,139.60669625
ひまわりひめ,大砂土東公民館,さいたま市見沼区大和田町2丁目1445,介護予防教室,CDによる歌を歌いながら百歳体操、ストレッチ、脳トレ,月２回、第2・第4金曜日,無償,シニアサポートセンター大和田,048-685-8791,35.9313823153127,139.648803140075
ハピネス,大砂土東公民館,さいたま市見沼区大和田町2丁目1445,介護予防教室,いきいき百歳体操、,月３回,無償,シニアサポートセンター大和田,048-685-8791,35.931387158436,139.648802812321
オリーブ,日進公民館,さいたま市北区日進町2-1195-2,会食会,布を持ち寄って楽しみながら手芸するサークル。作る作品は季節感のあるものを作成。年に1度シルバー作品展に展示。集まりおしゃべりを楽しんでいる。,第２．３．4㈬13時から16時,無償,ゆめの園,048-653-0544,35.9314245725074,139.603467610007
オリーブ,日進公民館,さいたま市北区日進町2-1195-2,手芸,布を持ち寄って楽しみながら手芸するサークル。作る作品は季節感のあるものを作成。年に1度シルバー作品展に展示。集まりおしゃべりを楽しんでいる。,第２．３．4㈬13時から16時,無償,ゆめの園,048-653-0544,35.9314245725074,139.603467610007
スマイル体操会,大砂土東公民館,さいたま市見沼区大和田町2丁目1445,介護予防教室,百歳体操、介護予防を取り入れた話,月２回,無償,シニアサポートセンター大和田,048‐685-8791,35.93142809,139.64884372
１００歳体操の会,大砂土東公民館,さいたま市見沼区大和田町2丁目1445,介護予防教室,百歳体操＋コグニサイズ＋指遊び＋脳トレ他,月２回,有償,シニアサポートセンター大和田,048‐685-8791,35.93142809,139.64884372
大砂土東うんどうサロン(大砂土東公民館）,大砂土東公民館,さいたま市見沼区大和田町2丁目1445,体操教室,ストレッチ、脳トレ　他　※事前申し込み必要,月1回,無償,大砂土東地区社会福祉協議会,048‐687-7935,35.93142809,139.64884372
百歳体操ｉｎみちみち大宮,特別養護老人ホームみちみち大宮,さいたま市北区植竹町2-69-7,介護予防教室,福祉施設の地域交流スペースをお借りして、百歳体操を行っています。体操の合い間には、脳トレやストレッチなども取り入れています。,毎月第1、3土曜日9：30～11：00,無償,シニアサポートセンター諏訪の苑,048-662-7600,35.93149,139.62839
子育て応援みに北会,プラザノース,さいたま市北区宮原町１丁目８５２－１,音楽（歌唱・演奏）,年２回のベビーカーコンサートを実施（お子様と一緒に楽しめます）。,ベビーカーコンサート（年2回）,有償,子育て応援みに北会,070-2169-7970,35.93150993,139.62022927
子育て応援みに北会,プラザノース,さいたま市北区宮原町１丁目８５２－１,交流その他,年２回のベビーカーコンサートを実施（お子様と一緒に楽しめます）。,ベビーカーコンサート（年2回）,有償,子育て応援みに北会,070-2169-7970,35.93150993,139.62022927
イキイキうんどう塾,敬寿園宝来ホーム,さいたま市西区宝来８６番地の１,体操教室,敬寿園宝来ホーム地域交流スペースで健康体操を実施している。,月1回第2火曜日、10時～,無償,西区北部圏域シニアサポートセンター三恵苑,048-620-1312,35.93170339,139.5540514
便利屋ななさと,便利屋ななさと,さいたま市見沼区東宮下４４１‐７,健康麻雀・囲碁・将棋,日常生活の中でちょっと困ったこと、どこに頼んだら良いか分からないこと、そんなささいなことの手助けを良心的に行います。,随時,有償,便利屋ななさと,048-684-3864,35.93176207,139.67576871
便利屋ななさと,便利屋ななさと,さいたま市見沼区東宮下４４１‐７,場所の提供,日常生活の中でちょっと困ったこと、どこに頼んだら良いか分からないこと、そんなささいなことの手助けを良心的に行います。,随時,有償,便利屋ななさと,048-684-3864,35.93176207,139.67576871
便利屋ななさと,便利屋ななさと,さいたま市見沼区東宮下４４１‐７,買い物・掃除・洗濯・電球交換・庭の手入れ（剪定・草取り）,日常生活の中でちょっと困ったこと、どこに頼んだら良いか分からないこと、そんなささいなことの手助けを良心的に行います。,随時,有償,便利屋ななさと,048-684-3864,35.93176207,139.67576871
特別養護老人ホームひかわ　と　イトーヨーカドーアリオ上尾店移動スーパーとくし丸,特別養護老人ホームひかわ,さいたま市西区高木892,配達サービス・移動販売,毎週火曜日の夕方５時に特別養護老人ホームひかわの駐車場に移動スーパーとくし丸が来ます。イトーヨーカドーアリオ上尾店の魅力的な商品を販売しています。入所されている方や職員等が一緒に買い物を楽しんでいます。,週１回　火曜１７時から,有償,西区北部圏域シニアサポートセンター三恵苑,048-620-1312,35.9319895311894,139.57284395419
宮前グランドゴルフ会,宮前広場,さいたま市西区内野本郷２６－１,運動・スポーツ,西区宮前町在住の方を対象に、グランドゴルフを実施している。体力維持と筋肉増強のため。他者と話すことにより、医療情報を得る。,週3回（火曜、木曜、土曜）,有償,西区北部圏域シニアサポートセンター三恵苑,048-620-1312,35.93207,139.59784
コスモサロン,コスモスクエア,さいたま市北区土呂町２丁目１２－２０コスモスクエア6F,サロン・茶話会,体操や健康講話の他に音楽や工作など、月ごとに内容を変えて実施している。,毎月第3火曜日13：30～15：00,無償,コスモサロン,048-653-0306,35.93223824,139.63265885
コスモサロン,コスモスクエア,さいたま市北区土呂町２丁目１２－２０コスモスクエア6F,介護予防教室,体操や健康講話の他に音楽や工作など、月ごとに内容を変えて実施している。,毎月第3火曜日13：30～15：00,無償,コスモサロン,048-653-0306,35.93223824,139.63265885
コスモサロン,コスモスクエア,さいたま市北区土呂町２丁目１２－２０コスモスクエア6F,体操教室,体操や健康講話の他に音楽や工作など、月ごとに内容を変えて実施している。,毎月第3火曜日13：30～15：00,無償,コスモサロン,048-653-0306,35.93223824,139.63265885
カッちゃんグループ,番場公園,さいたま市北区日進町2,運動・スポーツ,ストレッチ、ウォーキング、スロートレーニング,週１回火曜日,無償,ゆめの園,048-653-0544,35.93234,139.59928
年金受給者西部地区グラウンドゴルフ愛好会,番場公園,さいたま市北区日進町2丁目,運動・スポーツ,準備体操ご前半２ラウンド、後半２ラウンドの成績で順位を決定。発表、試合終了,毎週水曜８：３０～,有償,ゆめの園,048-653-0544,35.93234,139.59928
土呂こども食堂,コスモスクエア4階及び６階,さいたま市北区土呂町2-12-20,会食会,コスモプラス(株)と地域のボランティアの皆さんでお弁当（こども０円、大人５００円）の配布と様々なイベントを開催しています。,"毎月第３土曜日
１２：３０～１５：００",有償,コスモプラス(株),048-729-5848,35.9323573686224,139.632667625353
神宮台シルバークラブ　健康体操,神宮台自治会館,さいたま市見沼区東宮下623-1,体操教室,地域運動支援員によるストレッチ・脳トレ体操等,第１木曜日(祝日の場合は第２木曜日）,無償,さいたま市見沼区東部圏域シニアサポートセンター 敬寿園　七里ホーム,048-681-6614,35.93242871,139.67751568
にこにこ体操,大砂土東公民館他大和田堀崎地区の公共施設,さいたま市見沼区大和田町2丁目1445他,体操教室,ストレッチ、脳トレ、筋トレ、口腔トレーニングなどを取り入れながら地域の皆様がほっこりできるようなサークル活動,月３回、月曜日(13:15～14:45）,有償,シニアサポートセンター大和田,048-685-8791,35.9324788222095,139.646476502884
訪問介護事業所　たんとん,(株）高志訪問介護事業所たんとん,さいたま市北区土呂町２丁目１２－１８,買い物・掃除・洗濯・電球交換・庭の手入れ（剪定・草取り）,利用者様宅に訪問して、家事支援を行います。,,有償,訪問介護事業所　たんとん,048-652-1441,35.9325021,139.63280327
植2いきいき百歳体操,植竹団地集会所,さいたま市北区植竹町２丁目69,音楽（歌唱・演奏）,月２回「いきいき百歳体操」を行っている。朝のラジオ体操は他地区でも参加できる。,毎月第2第4土曜日10：00～11：00,無償,植2いきいき百歳体操,048-667-4406,35.9326438268784,139.628247615915
植2いきいき百歳体操,植竹団地集会所,さいたま市北区植竹町２丁目69,介護予防教室,月２回「いきいき百歳体操」を行っている。朝のラジオ体操は他地区でも参加できる。,毎月第2第4土曜日10：00～11：00,無償,植2いきいき百歳体操,048-667-4406,35.9326438268784,139.628247615915
植2いきいき百歳体操,植竹団地集会所,さいたま市北区植竹町２丁目69,体操教室,月２回「いきいき百歳体操」を行っている。朝のラジオ体操は他地区でも参加できる。,毎月第2第4土曜日10：00～11：00,無償,植2いきいき百歳体操,048-667-4406,35.9326438268784,139.628247615915
かがやき体操クラブ,なごやかレジデンスかがやき大宮日進,さいたま市北区日進町2-1851-1,その他活動,サービス付き高齢者向け住宅で月2回、いきいき百歳体操を実施。施設入居者と地域住民の交流。音楽を取り入れたり、体操の後お話で交流を図る、大人の紙芝居や早口言葉など取り入れている,第２・4㈭　14：00～15：30,無償,ゆめの園,048-653-0544,35.9330704981665,139.607251125353
かがやき体操クラブ,なごやかレジデンスかがやき大宮日進,さいたま市北区日進町2-1851-1,音楽（歌唱・演奏）,サービス付き高齢者向け住宅で月2回、いきいき百歳体操を実施。施設入居者と地域住民の交流。音楽を取り入れたり、体操の後お話で交流を図る、大人の紙芝居や早口言葉など取り入れている,第２・4㈭　14：00～15：30,無償,ゆめの園,048-653-0544,35.9330704981665,139.607251125353
かがやき体操クラブ,なごやかレジデンスかがやき大宮日進,さいたま市北区日進町2-1851-1,介護予防教室,サービス付き高齢者向け住宅で月2回、いきいき百歳体操を実施。施設入居者と地域住民の交流。音楽を取り入れたり、体操の後お話で交流を図る、大人の紙芝居や早口言葉など取り入れている,第２・4㈭　14：00～15：30,無償,ゆめの園,048-653-0544,35.9330704981665,139.607251125353
かがやき体操クラブ,なごやかレジデンスかがやき大宮日進,さいたま市北区日進町2-1851-1,交流その他,サービス付き高齢者向け住宅で月2回、いきいき百歳体操を実施。施設入居者と地域住民の交流。音楽を取り入れたり、体操の後お話で交流を図る、大人の紙芝居や早口言葉など取り入れている,第２・4㈭　14：00～15：30,無償,ゆめの園,048-653-0544,35.9330704981665,139.607251125353
街のステーション　　　　　お手伝い隊,いーはとーぶ街のステーション,さいたま市北区土呂町１丁目１７－２,環境美化・清掃,障がいのある方が地域住民の必要なこと、困り事のお手伝いをします。内容については個々に相談します。,月曜～金曜（10：00～　15：00、随時）,有償,社会福祉法人いーはとーぶ,048-677-7496,35.93315,139.63134
街のステーション　　　　　お手伝い隊,いーはとーぶ街のステーション,さいたま市北区土呂町１丁目１７－２,買い物・掃除・洗濯・電球交換・庭の手入れ（剪定・草取り）,障がいのある方が地域住民の必要なこと、困り事のお手伝いをします。内容については個々に相談します。,月曜～金曜（10：00～　15：00、随時）,有償,社会福祉法人いーはとーぶ,048-677-7496,35.93315,139.63134
ゆずり葉の会,東宮下第一自治会館,さいたま市見沼区東宮下２丁目１８１,介護予防教室,いきいき百歳体操。,毎週木曜日１０時～,有償,さいたま市見沼区東部圏域シニアサポートセンター敬寿園七里ホーム,048-681-6614,35.9336135798554,139.681644139314
菜の花サロン,新星館道場,さいたま市北区土呂町2-70-3,サロン・茶話会,介護予防体操、脳トレ、クイズ、ピアノの演奏による懐かしい歌、四季の歌の合唱、健康講座，悩み事相談お茶を飲みながら談笑し参加者同士交流を図っております,毎月第4木曜日13：30～15：30,有償,シニアサポートセンター諏訪の苑,048-662-7600,35.9342160577824,139.633997421794
菜の花サロン,新星館道場,さいたま市北区土呂町2-70-3,音楽（歌唱・演奏）,介護予防体操、脳トレ、クイズ、ピアノの演奏による懐かしい歌、四季の歌の合唱、健康講座，悩み事相談お茶を飲みながら談笑し参加者同士交流を図っております,毎月第4木曜日13：30～15：30,有償,シニアサポートセンター諏訪の苑,048-662-7600,35.9342160577824,139.633997421794
菜の花サロン,新星館道場,さいたま市北区土呂町2-70-3,介護予防教室,介護予防体操、脳トレ、クイズ、ピアノの演奏による懐かしい歌、四季の歌の合唱、健康講座，悩み事相談お茶を飲みながら談笑し参加者同士交流を図っております,毎月第4木曜日13：30～15：30,有償,シニアサポートセンター諏訪の苑,048-662-7600,35.9342160577824,139.633997421794
菜の花サロン,新星館道場,さいたま市北区土呂町2-70-3,交流その他,介護予防体操、脳トレ、クイズ、ピアノの演奏による懐かしい歌、四季の歌の合唱、健康講座，悩み事相談お茶を飲みながら談笑し参加者同士交流を図っております,毎月第4木曜日13：30～15：30,有償,シニアサポートセンター諏訪の苑,048-662-7600,35.9342160577824,139.633997421794
菜の花サロン,新星館道場,さいたま市北区土呂町2-70-3,場所の提供,介護予防体操、脳トレ、クイズ、ピアノの演奏による懐かしい歌、四季の歌の合唱、健康講座，悩み事相談お茶を飲みながら談笑し参加者同士交流を図っております,毎月第4木曜日13：30～15：30,有償,シニアサポートセンター諏訪の苑,048-662-7600,35.9342160577824,139.633997421794
菜の花サロン,新星館道場,さいたま市北区土呂町2-70-3,体操教室,介護予防体操、脳トレ、クイズ、ピアノの演奏による懐かしい歌、四季の歌の合唱、健康講座，悩み事相談お茶を飲みながら談笑し参加者同士交流を図っております,毎月第4木曜日13：30～15：30,有償,シニアサポートセンター諏訪の苑,048-662-7600,35.9342160577824,139.633997421794
中釘やよい会グランドゴルフ部,秋葉の森運動公園,さいたま市西区中釘１２４１番地,運動・スポーツ,中釘やよい会会員の高齢者の生きがいと親睦・健康づくりを目的として、週１回グランドゴルフを実施している。,週１回。8時30分～11時30分,有償,西区北部圏域シニアサポートセンター三恵苑,048-620-1312,35.93449731,139.56610881
三水会,アーベイン大宮集会所,さいたま市北区宮原町1-855-2,サロン・茶話会,アーベイン大宮に居住の方を中心に百歳体操や季節の歌、情報交換などを行っています。,毎月第3水曜日　13：30～,無償,シニアサポートセンター緑水苑,048-662-7350,35.9345,139.62505
三水会,アーベイン大宮集会所,さいたま市北区宮原町1-855-2,音楽（歌唱・演奏）,アーベイン大宮に居住の方を中心に百歳体操や季節の歌、情報交換などを行っています。,毎月第3水曜日　13：30～,無償,シニアサポートセンター緑水苑,048-662-7350,35.9345,139.62505
アーベイン元気会,アーベイン大宮集会所,さいたま市北区宮原町1-855-2,介護予防教室,アーベイン大宮・ガーデンアクシスに居住の方でいきいきサポーターさんを中心に百歳体操を行っています。,毎月第2.第4月曜日　10：30～12：00,無償,シニアサポートセンター緑水苑,048-662-7350,35.9345,139.62505
三水会,アーベイン大宮集会所,さいたま市北区宮原町1-855-2,介護予防教室,アーベイン大宮に居住の方を中心に百歳体操や季節の歌、情報交換などを行っています。,毎月第3水曜日　13：30～,無償,シニアサポートセンター緑水苑,048-662-7350,35.9345,139.62505
うねうねウォーキング,うねうね公園,さいたま市北区日進町２-1916-3,運動・スポーツ,うねうね公園内を起点に公園周辺をウォーキングしグループ内の懇親を深めていきます。,毎週金曜日　10時～,無償,ゆめの園,048-653-0544,35.93458407,139.60908922
土呂グラウンドゴルフクラブ,土呂公園グラウンド,さいたま市北区土呂町1-42,運動・スポーツ,月、水、金曜日９時～１１時30分、土呂公園グラウンドにて活動しています。平均年齢７７．８歳ですが、みんな生き生きプレーしています。競技はシンプルで運動音痴な方でも、すぐに慣れます。,毎週月、水、金曜日9時～11時30分、８月全休,有償,シニアサポートセンター諏訪の苑,048-662-7600,35.93464052,139.6308228
土呂町健康体操会,土呂町自治会館,さいたま市北区土呂町２丁目８４－２,介護予防教室,いきいき百歳体操の実施,毎月第２第４金曜、13：30～15：00（8月除く）,無償,大砂土地区社会福祉協議会,048-653-2800,35.93485195,139.63690287
土呂町健康体操会,土呂町自治会館,さいたま市北区土呂町２丁目８４－２,体操教室,いきいき百歳体操の実施,毎月第２第４金曜、13：30～15：00（8月除く）,無償,大砂土地区社会福祉協議会,048-653-2800,35.93485195,139.63690287
すずらんサークル,清河寺ふれあい会館,さいたま市西区清河寺７４５－２,サロン・茶話会,清河寺自治会員の高齢者を対象に、サロン・茶話会、脳トレ等を実施している。,月4回。木曜日、13時30分～,有償,西区北部圏域シニアサポートセンター三恵苑,048-620-1312,35.934871,139.583454
すずらんサークル,清河寺ふれあい会館,さいたま市西区清河寺７４５－２,介護予防教室,清河寺自治会員の高齢者を対象に、サロン・茶話会、脳トレ等を実施している。,月4回。木曜日、13時30分～,有償,西区北部圏域シニアサポートセンター三恵苑,048-620-1312,35.934871,139.583454
すずらんサークル,清河寺ふれあい会館,さいたま市西区清河寺７４５－２,健康麻雀・囲碁・将棋,清河寺自治会員の高齢者を対象に、サロン・茶話会、脳トレ等を実施している。,月4回。木曜日、13時30分～,有償,西区北部圏域シニアサポートセンター三恵苑,048-620-1312,35.934871,139.583454
清河寺体操教室の会,清河寺ふれあい会館（自治会館）,さいたま市西区清河寺745,体操教室,インストラクターを招いて体操教室を開催しています。ストレッチから始まる健康体操にじっくり取り組んでいます。活動が始まって17年が経過しました。,毎週水曜日午後2時～,有償,西区北部圏域シニアサポートセンター三恵苑,048ｰ620-1312,35.934871,139.583454
和笑（なごみ）ひろば,天神自治会館,さいたま市西区高木1429-74,会食会,「心が和み、笑顔がひろがるばを創りたい」そんな思いではじめた高木の子ども食堂＆多世代食堂です。天神自治会館で第３日曜日に開催しています。開催月の１日より受付を開始しています。電話またはメールにて申し込んでください。,毎月第３日曜日１１：３０～１３：３０,有償,和笑（なごみ）ひろば,080-6872-0141,35.9352260983374,139.573036123497
森の広場　　　　　　　　　　　ーこの絵本読んでー,見沼区役所　多目的室,さいたま市見沼区堀崎町12-36,その他活動,対面での絵本の読み語りを中心に、年齢を問わず絵本のもつ広い世界を紹介しつつ地域のふれあいの場のひとつとなる。,毎月最終水曜日10時30分～12時30分,有償,シニアサポートセンター大和田,048-685-8791,35.9353754633149,139.65439745419
ぬくぬくサロン,紅葉ヶ丘サロン,さいたま市見沼区大和田町2丁目877,サロン・茶話会,健康体操、今月の歌、塗り絵カレンダー、脳トレ　他,月1回,有償,大砂土東地区社会福祉協議会,048‐687-7935,35.93551615,139.64413283
ぬくぬくサロン,紅葉ヶ丘サロン,さいたま市見沼区大和田町2丁目877,安否確認,健康体操、今月の歌、塗り絵カレンダー、脳トレ　他,月1回,有償,大砂土東地区社会福祉協議会,048‐687-7935,35.93551615,139.64413283
ぬくぬくサロン,紅葉ヶ丘サロン,さいたま市見沼区大和田町2丁目877,話し相手・傾聴,健康体操、今月の歌、塗り絵カレンダー、脳トレ　他,月1回,有償,大砂土東地区社会福祉協議会,048‐687-7935,35.93551615,139.64413283
いきいき西本郷,コンフォール西本郷団地集会所,さいたま市北区本郷町１７－１,介護予防教室,いきいき百歳体操の実施,毎月第２第４木曜日１０：００～１１：００,無償,大砂土地区地域支援会議,048-653-2800,35.9357610626367,139.626122665824
いきいき西本郷,コンフォール西本郷団地集会所,さいたま市北区本郷町１７－１,体操教室,いきいき百歳体操の実施,毎月第２第４木曜日１０：００～１１：００,無償,大砂土地区地域支援会議,048-653-2800,35.9357610626367,139.626122665824
夢の酔民社,内野本郷自治会館,さいたま市西区内野本郷965-3,その他活動,演劇の好きな仲間が、年１回、内野本郷文化祭（11月3日）に向けて、オリジナルの劇を発表し、30年以上になります。脚本・演出・衣装・大道具等全て団員手作り。,随時（主に8月～11月）,有償,西区北部圏域シニアサポートセンター三恵苑,048-620-1312,35.935773,139.592946
法光寺サロン,法光寺,さいたま市西区西大宮4-61-4,サロン・茶話会,年齢や住んでいる地域にとらわれず、どなたでも参加できるサロン。歌を歌ったり、おしゃべりしたりして楽しくすごすサロンを実施している。,毎月1回　8月はお休み,有償,西区北部圏域シニアサポートセンター三恵苑,048-620-1312,35.9358248,139.57454694
"RESTADYおおさと
（学習支援の場、提供サービス）",大砂土ふれあいの里,さいたま市北区本郷町１７－１,場所の提供,"中高生を対象に自習する場を提供する。家庭の事情
（経済、環境等）で地域の子供が進学を断念しないよう、
地域住民が協力して学習環境を整え提供するもの。","毎週月曜日
１７時～２０時",無償,シニアサポートセンター諏訪の苑,048-662-7600,35.9358392444778,139.626133394661
NPO法人スポーツみらいLab,NPO法人スポーツみらいLab事務所,さいたま市見沼区大和田町2丁目897　３階,その他活動,総合型地域スポーツクラブとして子供からシニアまでいつでも気軽にスポーツと触れ合える機会を提供している。クラブ艇として25フィートのヨットを所有し、銚子マリーナまで車乗り合いで送迎します。,"

ヨット　　月２回",有償,"総合型地域スポーツクラブ
NPO法人スポーツみらいLab",080-2020-0901,35.9359734834852,139.645499565824
NPO法人スポーツみらいLab,NPO法人スポーツみらいLab事務所,さいたま市見沼区大和田町2丁目897　３階,運動・スポーツ,総合型地域スポーツクラブとして子供からシニアまでいつでも気軽にスポーツと触れ合える機会を提供している。クラブ艇として25フィートのヨットを所有し、銚子マリーナまで車乗り合いで送迎します。,"

ヨット　　月２回",有償,"総合型地域スポーツクラブ
NPO法人スポーツみらいLab",080-2020-0901,35.9359734834852,139.645499565824
オレンジリングの会　ご一緒しませんか　郊外サロン,堀崎中央公園の木陰,さいたま市見沼区堀崎町,安否確認,テーマは3つ、体を動かす、声を出す、笑う（川柳を読んだりして）,月1回　第2金曜日,無償,シニアサポートセンター大和田,048‐685-8791,35.93703,139.65168
オレンジリングの会　ご一緒しませんか　郊外サロン,堀崎中央公園の木陰,さいたま市見沼区堀崎町,運動・スポーツ,テーマは3つ、体を動かす、声を出す、笑う（川柳を読んだりして）,月1回　第2金曜日,無償,シニアサポートセンター大和田,048‐685-8791,35.93703,139.65168
オレンジリングの会　ご一緒しませんか　郊外サロン,堀崎中央公園の木陰,さいたま市見沼区堀崎町,音楽（歌唱・演奏）,テーマは3つ、体を動かす、声を出す、笑う（川柳を読んだりして）,月1回　第2金曜日,無償,シニアサポートセンター大和田,048‐685-8791,35.93703,139.65168
オレンジリングの会　ご一緒しませんか　郊外サロン,堀崎中央公園の木陰,さいたま市見沼区堀崎町,交流その他,テーマは3つ、体を動かす、声を出す、笑う（川柳を読んだりして）,月1回　第2金曜日,無償,シニアサポートセンター大和田,048‐685-8791,35.93703,139.65168
オレンジリングの会　ご一緒しませんか　郊外サロン,堀崎中央公園の木陰,さいたま市見沼区堀崎町,話し相手・傾聴,テーマは3つ、体を動かす、声を出す、笑う（川柳を読んだりして）,月1回　第2金曜日,無償,シニアサポートセンター大和田,048‐685-8791,35.93703,139.65168
オレンジ広場内野本郷子ども食堂,内野本郷共栄自治会館,さいたま市西区内野本郷696-122,その他活動,地域の主に子どもたちのために、毎月1回、現在はお弁当を作って配布する活動をしています。食材の配布支援も。多世代交流型で、独居の方にも配布。,"毎月1回,第2土曜日,夏冬は臨時開催あり",有償,西区北部圏域シニアサポートセンター三恵苑,048-620-1312,35.93719108,139.59551765
オレンジ広場内野本郷子ども食堂,内野本郷共栄自治会館,さいたま市西区内野本郷696-122,その他生活支援,地域の主に子どもたちのために、毎月1回、現在はお弁当を作って配布する活動をしています。食材の配布支援も。多世代交流型で、独居の方にも配布。,"毎月1回,第2土曜日,夏冬は臨時開催あり",有償,西区北部圏域シニアサポートセンター三恵苑,048-620-1312,35.93719108,139.59551765
健康体操みどり会(ラジオ体操）,内野本郷公園,さいたま市西区内野本郷６９６,運動・スポーツ,月曜～土曜日の６時３０分に、近隣住民が集まり、音楽に合わせてラジオ体操を実施している。,月曜～土曜日。6時30分～,無償,西区北部圏域シニアサポートセンター三恵苑,048-620-1312,35.93725,139.59512
百歳体操　ハート会,大宮東教会,さいたま市見沼区風渡野５３,介護予防教室,「百歳まで元気で美しく」をモットーに、転倒防止運動、口腔体操、脳トレなど楽しく行います。,第２第４木曜日　午後,有償,さいたま市見沼区東部圏域シニアサポートセンター 敬寿園　七里ホーム,048-681-6614,35.93738916,139.67387695
ゆうゆうサロンおおさと,大砂土ふれあいの里,さいたま市北区本郷町１７－７,サロン・茶話会,季節のイベント、寸劇、音楽鑑賞、介護予防体操、茶話会。,毎月第4木曜13：30～　15：00,無償,大砂土地区社会福祉協議会,048-653-2800,35.93765085,139.62620363
ゆうゆうサロンおおさと,大砂土ふれあいの里,さいたま市北区本郷町１７－７,音楽（歌唱・演奏）,季節のイベント、寸劇、音楽鑑賞、介護予防体操、茶話会。,毎月第4木曜13：30～　15：00,無償,大砂土地区社会福祉協議会,048-653-2800,35.93765085,139.62620363
いきいき大砂土,大砂土ふれあいの里,さいたま市北区本郷町１７－７,介護予防教室,いきいき百歳体操の実施,毎月第1第3木曜日13：30～15：00,無償,大砂土地区社会福祉協議会,048-653-2800,35.93765085,139.62620363
いきいき大砂土,大砂土ふれあいの里,さいたま市北区本郷町１７－７,体操教室,いきいき百歳体操の実施,毎月第1第3木曜日13：30～15：00,無償,大砂土地区社会福祉協議会,048-653-2800,35.93765085,139.62620363
はれやか百歳クラブ,日進３丁目自治会館,さいたま市北区日進町3-437,介護予防教室,百歳体操、日進３丁目自治会員の方,第2.4火曜日　13時30分から,無償,ゆめの園,048-653-0544,35.93768302,139.60249449
朗読の会,内野本郷自治会館,さいたま市西区内野本郷965,その他活動,全員で発声練習の後、好きな作品を朗読し、互いに朗読の技術を磨き、作品を味わっています。イベントや求めに応じ、地域のサロンにも参加。紙芝居やプロジェクター等も使いながら朗読会を行っています。,月1回　第4金曜日午前中,有償,西区北部圏域シニアサポートセンターー三恵苑,048-620-1312,35.9377484858488,139.59172275419
萌木の会,内野本郷自治会館,さいたま市西区内野本郷965,音楽（歌唱・演奏）,女声合唱を楽しんでいます。昔から伝わる愛唱歌の美しい言葉や表現を大切にしています。4年に1回コンサートを開催。高齢者サロン、デイサービス、保育園等でミニコンサートを開催するボランティア活動もしています,月4回　水曜日　午前中,有償,西区北部圏域シニアサポートセンター三恵苑,048-620-1312,35.9377484858488,139.59172275419
さわやか体操クラブ,内野本郷自治会館,さいたま市西区内野本郷９６５－３,サロン・茶話会,内野本郷自治会員を対象に健康体操、脳トレ、茶話会等を実施している。,月2回。第1第3金曜日、10時～11時30分,有償,西区北部圏域シニアサポートセンター三恵苑,048-620-1312,35.93776,139.59167
森と風のサロン,内野本郷自治会館,さいたま市西区内野本郷９６５－３,サロン・茶話会,原則内野本郷自治会員の６０歳以上を対象に、地域の中で交流しながら、介護予防活動をしたり、茶話会やアトラクションを楽しんだりしている。,毎月第3木曜午前中(4月8月は休み）,有償,西区北部圏域シニアサポートセンター三恵苑,048-620-1312,35.93776,139.59167
内野本郷　お玉の会,内野本郷自治会館,さいたま市西区内野本郷９６５－３,その他活動,南京玉すだれ、銭太鼓、手踊り等の演技力向上を目指して、月２回練習を行っています。どなたでも参加できます。第２、第４木曜午前中。,月2回（第2、第4木曜）午前中,有償,西区北部圏域シニアサポートセンター三恵苑,048-620-1312,35.93776,139.59167
内野本郷　お玉の会,内野本郷自治会館,さいたま市西区内野本郷９６５－３,音楽（歌唱・演奏）,南京玉すだれ、銭太鼓、手踊り等の演技力向上を目指して、月２回練習を行っています。どなたでも参加できます。第２、第４木曜午前中。,月2回（第2、第4木曜）午前中,有償,西区北部圏域シニアサポートセンター三恵苑,048-620-1312,35.93776,139.59167
森と風のサロン,内野本郷自治会館,さいたま市西区内野本郷９６５－３,音楽（歌唱・演奏）,原則内野本郷自治会員の６０歳以上を対象に、地域の中で交流しながら、介護予防活動をしたり、茶話会やアトラクションを楽しんだりしている。,毎月第3木曜午前中(4月8月は休み）,有償,西区北部圏域シニアサポートセンター三恵苑,048-620-1312,35.93776,139.59167
さわやか体操クラブ,内野本郷自治会館,さいたま市西区内野本郷９６５－３,介護予防教室,内野本郷自治会員を対象に健康体操、脳トレ、茶話会等を実施している。,月2回。第1第3金曜日、10時～11時30分,有償,西区北部圏域シニアサポートセンター三恵苑,048-620-1312,35.93776,139.59167
森と風のサロン,内野本郷自治会館,さいたま市西区内野本郷９６５－３,介護予防教室,原則内野本郷自治会員の６０歳以上を対象に、地域の中で交流しながら、介護予防活動をしたり、茶話会やアトラクションを楽しんだりしている。,毎月第3木曜午前中(4月8月は休み）,有償,西区北部圏域シニアサポートセンター三恵苑,048-620-1312,35.93776,139.59167
さわやか体操クラブ,内野本郷自治会館,さいたま市西区内野本郷９６５－３,体操教室,内野本郷自治会員を対象に健康体操、脳トレ、茶話会等を実施している。,月2回。第1第3金曜日、10時～11時30分,有償,西区北部圏域シニアサポートセンター三恵苑,048-620-1312,35.93776,139.59167
きらめきサロン,内野本郷自治会館,さいたま市西区内野本郷９６５－３,体操教室,いきいき百歳体操を月4回実施している。,月4回第1第3火曜日10時から11時30分,有償,西区北部圏域シニアサポートセンター三恵苑,048-620-1312,35.93776,139.59167
内野本郷　森と風のラジオ体操,内野本郷大空公園,さいたま市西区内野本郷９６５－３,運動・スポーツ,NHKラジオ体操放送時間に合わせて、内野本郷大空公園にて体操を行っています。,毎日6時30分～40分　但し、12月29日～1月3日、雨天を除く,無償,西区北部圏域シニアサポートセンター三恵苑,048-620-1312,35.93776,139.59167
幸齢者サロン,堀崎町自治会館,さいたま市見沼区堀崎町671-1,安否確認,さいたま市運動支援員によるストレッチ体操と脳トレ(堀崎町の住民）,月１回　第１月曜日,無償,大砂土東地区社会福祉協議会,048-687-7935,35.93798,139.65184
堀崎町長寿会,堀崎町自治会館,さいたま市見沼区堀崎町671-1,運動・スポーツ,教養・健康・娯楽・地域社会への奉仕を重点に事業を計画し福祉の向上に寄与。さわやか教室：ひも・ボールを使用し健康維持体操月2回、食事会年2回　堀崎町長寿会会員限定,グランドゴルフ：週3回　カラオケ：月2回　さわやか体操：月2回　民謡：月2回　麻雀：月4回,有償,シニアサポートセンター大和田,048‐685-8791,35.93798,139.65184
堀崎町長寿会,堀崎町自治会館,さいたま市見沼区堀崎町671-1,音楽（歌唱・演奏）,教養・健康・娯楽・地域社会への奉仕を重点に事業を計画し福祉の向上に寄与。さわやか教室：ひも・ボールを使用し健康維持体操月2回、食事会年2回　堀崎町長寿会会員限定,グランドゴルフ：週3回　カラオケ：月2回　さわやか体操：月2回　民謡：月2回　麻雀：月4回,有償,シニアサポートセンター大和田,048‐685-8791,35.93798,139.65184
百歳体操たんぽぽの会,堀崎町自治会館,さいたま市見沼区堀崎町671-1,介護予防教室,百歳体操、リハビリ体操、脳トレ、その他,月4回　毎週金曜日,有償,シニアサポートセンター大和田,048‐685-8791,35.93798,139.65184
堀崎町長寿会,堀崎町自治会館,さいたま市見沼区堀崎町671-1,健康麻雀・囲碁・将棋,教養・健康・娯楽・地域社会への奉仕を重点に事業を計画し福祉の向上に寄与。さわやか教室：ひも・ボールを使用し健康維持体操月2回、食事会年2回　堀崎町長寿会会員限定,グランドゴルフ：週3回　カラオケ：月2回　さわやか体操：月2回　民謡：月2回　麻雀：月4回,有償,シニアサポートセンター大和田,048‐685-8791,35.93798,139.65184
堀崎町長寿会,堀崎町自治会館,さいたま市見沼区堀崎町671-1,体操教室,教養・健康・娯楽・地域社会への奉仕を重点に事業を計画し福祉の向上に寄与。さわやか教室：ひも・ボールを使用し健康維持体操月2回、食事会年2回　堀崎町長寿会会員限定,グランドゴルフ：週3回　カラオケ：月2回　さわやか体操：月2回　民謡：月2回　麻雀：月4回,有償,シニアサポートセンター大和田,048‐685-8791,35.93798,139.65184
幸齢者サロン,堀崎町自治会館,さいたま市見沼区堀崎町671-1,体操教室,さいたま市運動支援員によるストレッチ体操と脳トレ(堀崎町の住民）,月１回　第１月曜日,無償,大砂土東地区社会福祉協議会,048-687-7935,35.93798,139.65184
堀崎町長寿会,堀崎町自治会館,さいたま市見沼区堀崎町671-1,防犯パトロール,教養・健康・娯楽・地域社会への奉仕を重点に事業を計画し福祉の向上に寄与。さわやか教室：ひも・ボールを使用し健康維持体操月2回、食事会年2回　堀崎町長寿会会員限定,グランドゴルフ：週3回　カラオケ：月2回　さわやか体操：月2回　民謡：月2回　麻雀：月4回,有償,シニアサポートセンター大和田,048‐685-8791,35.93798,139.65184
幸齢者サロン,堀崎町自治会館,さいたま市見沼区堀崎町671-1,話し相手・傾聴,さいたま市運動支援員によるストレッチ体操と脳トレ(堀崎町の住民）,月１回　第１月曜日,無償,大砂土東地区社会福祉協議会,048-687-7935,35.93798,139.65184
宮一ふれあいサロン,宮原1丁目自治会館,さいたま市北区宮原町1－555‐2,サロン・茶話会,宮原一丁目に在住の高齢者を対象とした仲間づくり、交流サロンです。体操や小物づくり、音楽鑑賞など、茶話とともに行います。,年7回　第3金曜日10：00～,無償,宮原地区社会福祉協議会,048-652-0871,35.93802,139.62128
活き活き体操，ほぐしヨガ,堀崎町自治会館,さいたま市見沼区堀崎町671-1,体操教室,主に地域の高齢者の方を対象に体操では足、腰の強化、脳トレバランス体操、ヨガでは肩、腰、足のほぐし、ポーズ等を行い、健康促進健康増進を目的としています。,月４回,有償,活き活き体操　ヨガ本部事務所,090-8173-8312,35.9381271317391,139.651834710007
中釘やよい会カラオケ部,中釘自治会館,さいたま市西区中釘２０６０番地,音楽（歌唱・演奏）,中釘やよい会会員の高齢者の生きがいと親睦・健康づくりを目的として、カラオケの練習を実施している。,月2回。第2日曜日、第4土曜日,有償,西区北部圏域シニアサポートセンター三恵苑,048-620-1312,35.93815771,139.57215267
中釘元気クラブ,中釘自治会館,さいたま市西区中釘２０６０,体操教室,毎週木曜日にいきいき百歳体操を実施しています。ますます元気教室をきっかけに誕生したクラブです。,週1回木曜日、午後2時～,無償,西区北部圏域シニアサポートセンター三恵苑,048-620-1312,35.93815771,139.57215267
新水会,堀崎町自治会館,さいたま市見沼区堀崎町671-1,介護予防教室,体操教室月3回、年2回会食、交流,月3回,有償,シニアサポートセンター大和田,048‐685-8791,35.9381879380242,139.651823981171
新水会,堀崎町自治会館,さいたま市見沼区堀崎町671-1,会食会,体操教室月3回、年2回会食、交流,月3回,有償,シニアサポートセンター大和田,048‐685-8791,35.9381879380242,139.651823981171
新水会,堀崎町自治会館,さいたま市見沼区堀崎町671-1,体操教室,体操教室月3回、年2回会食、交流,月3回,有償,シニアサポートセンター大和田,048‐685-8791,35.9381879380242,139.651823981171
ダスキンライフケア宮原ステーション,ダスキンライフケア宮原ステーション,さいたま市北区宮原町1-675-22階,その他活動,買い物、掃除、洗濯、調理、衣替え、書類整理、身体介護、通院介助、入退院時のお手伝いなど。要介護かどうかに関わらず、公的サービスではカバーしきれない部分を自宅や施設で支援します。（北区、西区、大宮区、浦和区）,随時,有償,ダスキンライフケア宮原ステーション,"0120-322-143
048-666-3381",35.9382636797364,139.620677090117
ダスキンライフケア宮原ステーション,ダスキンライフケア宮原ステーション,さいたま市北区宮原町1-675-22階,その他生活支援,買い物、掃除、洗濯、調理、衣替え、書類整理、身体介護、通院介助、入退院時のお手伝いなど。要介護かどうかに関わらず、公的サービスではカバーしきれない部分を自宅や施設で支援します。（北区、西区、大宮区、浦和区）,随時,有償,ダスキンライフケア宮原ステーション,"0120-322-143
048-666-3381",35.9382636797364,139.620677090117
ダスキンライフケア宮原ステーション,ダスキンライフケア宮原ステーション,さいたま市北区宮原町1-675-22階,安否確認,買い物、掃除、洗濯、調理、衣替え、書類整理、身体介護、通院介助、入退院時のお手伝いなど。要介護かどうかに関わらず、公的サービスではカバーしきれない部分を自宅や施設で支援します。（北区、西区、大宮区、浦和区）,随時,有償,ダスキンライフケア宮原ステーション,"0120-322-143
048-666-3381",35.9382636797364,139.620677090117
ダスキンライフケア宮原ステーション,ダスキンライフケア宮原ステーション,さいたま市北区宮原町1-675-22階,環境美化・清掃,買い物、掃除、洗濯、調理、衣替え、書類整理、身体介護、通院介助、入退院時のお手伝いなど。要介護かどうかに関わらず、公的サービスではカバーしきれない部分を自宅や施設で支援します。（北区、西区、大宮区、浦和区）,随時,有償,ダスキンライフケア宮原ステーション,"0120-322-143
048-666-3381",35.9382636797364,139.620677090117
ダスキンライフケア宮原ステーション,ダスキンライフケア宮原ステーション,さいたま市北区宮原町1-675-22階,買い物・掃除・洗濯・電球交換・庭の手入れ（剪定・草取り）,買い物、掃除、洗濯、調理、衣替え、書類整理、身体介護、通院介助、入退院時のお手伝いなど。要介護かどうかに関わらず、公的サービスではカバーしきれない部分を自宅や施設で支援します。（北区、西区、大宮区、浦和区）,随時,有償,ダスキンライフケア宮原ステーション,"0120-322-143
048-666-3381",35.9382636797364,139.620677090117
ダスキンライフケア宮原ステーション,ダスキンライフケア宮原ステーション,さいたま市北区宮原町1-675-22階,話し相手・傾聴,買い物、掃除、洗濯、調理、衣替え、書類整理、身体介護、通院介助、入退院時のお手伝いなど。要介護かどうかに関わらず、公的サービスではカバーしきれない部分を自宅や施設で支援します。（北区、西区、大宮区、浦和区）,随時,有償,ダスキンライフケア宮原ステーション,"0120-322-143
048-666-3381",35.9382636797364,139.620677090117
クラフト＆ギャラリー風画,クラフト＆ギャラリー風画,さいたま市西区内野本郷971-6,場所の提供,"絵画等の個展,グループ展の会場として利用されています。作品鑑賞後,ご近所の方々が喫茶コーナーで交流されています。",月火休廊,有償,クラフト＆ギャラリー風画,048ｰ625-0521,35.9383386629599,139.591497599585
いきいき運動教室,本郷第６公園,さいたま市北区本郷町５４番地,運動・スポーツ,地域運動支援員の指導による体操会（ウオーキング、ラジオ体操、ストレッチ、脳トレ体操等）高齢者運動遊具を利用しての運動。,毎月第2第3月曜（1、8月は除く）,無償,大砂土地区社会福祉協議会,048-653-2800,35.93881,139.62577
いきいき運動教室,本郷第６公園,さいたま市北区本郷町５４番地,介護予防教室,地域運動支援員の指導による体操会（ウオーキング、ラジオ体操、ストレッチ、脳トレ体操等）高齢者運動遊具を利用しての運動。,毎月第2第3月曜（1、8月は除く）,無償,大砂土地区社会福祉協議会,048-653-2800,35.93881,139.62577
いきいき運動教室,本郷第６公園,さいたま市北区本郷町５４番地,体操教室,地域運動支援員の指導による体操会（ウオーキング、ラジオ体操、ストレッチ、脳トレ体操等）高齢者運動遊具を利用しての運動。,毎月第2第3月曜（1、8月は除く）,無償,大砂土地区社会福祉協議会,048-653-2800,35.93881,139.62577
１００歳応援クラブ,応援家族大宮,さいたま市北区日進町3-590,介護予防教室,百歳体操、歌,第3水曜日　１４時～１５時,無償,ゆめの園,048-653-0544,35.9389115854152,139.602315467835
宮三茶話会,宮原町3丁目自治会館,さいたま市北区宮原町3-283,サロン・茶話会,宮原町3丁目に在住の高齢者を対象とした仲間づくり、交流サロンです。体操や楽器演奏鑑賞を行っています。,年2回　１０時～,無償,宮原地区社会福祉協議会,048-652-0871,35.93926,139.61181
劇団にしく,地域包括支援センター三恵苑,さいたま市西区中釘２１６２－４星本ビル１階,その他活動,認知症サポーター養成講座の内容を分かりやすく説明した劇を実施する団体です。構成メンバーはキャラバンメイトと介護事業所の職員、地域のボランティアです。,適宜,無償,西区北部圏域シニアサポートセンター三恵苑,048-620-1312,35.93975186,139.57222486
めいめい,特別養護老人ホームフルール宮原アネックス,さいたま市北区宮原町1-710,サロン・茶話会,編み物経験者を中心に制作した品物を近くの調剤薬局で販売し、新しい毛糸を購入し活動しています。,第2・第4水曜日　13：30～15：00,無償,シニアサポートセンター緑水苑,048-662-7350,35.9398247251849,139.620239794843
めいめい,特別養護老人ホームフルール宮原アネックス,さいたま市北区宮原町1-710,手芸,編み物経験者を中心に制作した品物を近くの調剤薬局で販売し、新しい毛糸を購入し活動しています。,第2・第4水曜日　13：30～15：00,無償,シニアサポートセンター緑水苑,048-662-7350,35.9398247251849,139.620239794843
すみれスマイル,特別養護老人ホームフルール宮原,さいたま市北区宮原町1-697-5,介護予防教室,特別養護老人ホームのロビーをお借りして地域の皆さんと百歳体操を行っています。少人数の和やかな会です。,第1・第3水曜日　14：00～15：00,無償,シニアサポートセンター緑水苑,048-662-7350,35.9400648909427,139.621662296694
編んでるシアター館「絵本の樹」,編んでるシアター館,さいたま市見沼区東大宮1丁目85-10,その他活動,"絵本を読んだり、聞いたり、編んでるシアターしたり、そんな「絵本の樹」にとまってみませんか。どうしたら語り手も聞き手も絵本を楽しめるのかを体験しながら学びます。
奇数月：「編んでるシアター作品」　偶数月：「おはなし編んでる村作品」と「手遊び歌遊び」","第3木曜日13時～15時(7,8月は休み）",有償,編んでるシアター館,048‐688-2882,35.94006549,139.64467703
本郷GG愛好会,本郷第２公園,さいたま市北区本郷町１４９３－８,運動・スポーツ,"毎週月曜日～金曜日は本郷第２公園
毎週土曜日は本郷ふれあい広場でグラウンドゴルフを行っています。","毎週月曜～金曜9：30～11：30
毎週土曜日9：30～11：30",有償,シニアサポートセンター諏訪の苑,048-662-7600,35.940649,139.631812
いきいきアドニス,そんぽの家S大宮,さいたま市北区宮原町3-374,介護予防教室,住宅型有料老人ホームの食堂を借りて、いきいきサポーターさんを中心に百歳体操を行っています。入居されている方だけでなく、地域の方も参加されています。,毎月第1・第3金曜日10：30～11：30,無償,シニアサポートセンター緑水苑,048-662-7350,35.94091,139.61013
いきいきコスモスの会,氷川神社社務所,"さいたま市
見沼区宮ヶ谷塔3-230",介護予防教室,いきいき百歳体操の開催,"毎週火曜日
10:00～11:00（５週目休み）",無償,"さいたま市見沼区北部圏
域シニアサポートセンター
さいたまやすらぎの里",048-680-3289,35.94106536641,139.675265801032
株式会社みむら商事,株式会社みむら商事　事務所,埼玉県さいたま市見沼区島町170－１,その他生活支援,家事全般はもちろん、家具の移動及び処分、ゴミ屋敷となってしまった部屋の片付け、電球交換しながら電気周りの掃除もします。植木の剪定や草むしり、介護相談、栄養相談、カビ取り、窓拭き、換気扇などの大掃除も承っております。,随時,有償,株式会社　みむら商事,048-686-6118,35.9410865431442,139.654474358904
株式会社みむら商事,株式会社みむら商事　事務所,埼玉県さいたま市見沼区島町170－１,安否確認,家事全般はもちろん、家具の移動及び処分、ゴミ屋敷となってしまった部屋の片付け、電球交換しながら電気周りの掃除もします。植木の剪定や草むしり、介護相談、栄養相談、カビ取り、窓拭き、換気扇などの大掃除も承っております。,随時,有償,株式会社　みむら商事,048-686-6118,35.9410865431442,139.654474358904
株式会社みむら商事,株式会社みむら商事　事務所,埼玉県さいたま市見沼区島町170－１,環境美化・清掃,家事全般はもちろん、家具の移動及び処分、ゴミ屋敷となってしまった部屋の片付け、電球交換しながら電気周りの掃除もします。植木の剪定や草むしり、介護相談、栄養相談、カビ取り、窓拭き、換気扇などの大掃除も承っております。,随時,有償,株式会社　みむら商事,048-686-6118,35.9410865431442,139.654474358904
株式会社みむら商事,株式会社みむら商事　事務所,埼玉県さいたま市見沼区島町170－１,買い物・掃除・洗濯・電球交換・庭の手入れ（剪定・草取り）,家事全般はもちろん、家具の移動及び処分、ゴミ屋敷となってしまった部屋の片付け、電球交換しながら電気周りの掃除もします。植木の剪定や草むしり、介護相談、栄養相談、カビ取り、窓拭き、換気扇などの大掃除も承っております。,随時,有償,株式会社　みむら商事,048-686-6118,35.9410865431442,139.654474358904
いきいき本郷,シニアサポートセンター諏訪の苑,さいたま市北区本郷町３４８－２,介護予防教室,「いきいき百歳体操」の実施,毎月第１、３火曜　10時～11時（８、1月除く）,無償,大砂土地区社会福祉協議会,048-653-2800,35.94123648,139.62845054
フレッシュ大砂土,シニアサポートセンター諏訪の苑,さいたま市北区本郷町３４８－２,介護予防教室,皆で楽しく「いきいき百歳体操」を行っています。またカラオケに合わせて手話ダンスも行っています。,毎月第1第3木曜日10：00～11：30,無償,ｼﾆｱｻﾎﾟｰﾄｾﾝﾀｰ諏訪の苑,048-662-7600,35.94123648,139.62845054
みずたちの会,シニアサポートセンター諏訪の苑,さいたま市北区本郷町348-2,絵画・書道,画材を持ち寄り、水彩画を描く。,毎月第4土曜日10：00～12：00,無償,ｼﾆｱｻﾎﾟｰﾄｾﾝﾀｰ諏訪の苑,048-662-7600,35.94123648,139.62845054
いきいき本郷,シニアサポートセンター諏訪の苑,さいたま市北区本郷町３４８－２,体操教室,「いきいき百歳体操」の実施,毎月第１、３火曜　10時～11時（８、1月除く）,無償,大砂土地区社会福祉協議会,048-653-2800,35.94123648,139.62845054
フレッシュ大砂土,シニアサポートセンター諏訪の苑,さいたま市北区本郷町３４８－２,体操教室,皆で楽しく「いきいき百歳体操」を行っています。またカラオケに合わせて手話ダンスも行っています。,毎月第1第3木曜日10：00～11：30,無償,ｼﾆｱｻﾎﾟｰﾄｾﾝﾀｰ諏訪の苑,048-662-7600,35.94123648,139.62845054
かもんち,宮原2丁目自治会館,さいたま市北区宮原町2-39,サロン・茶話会,宮原町2丁目の高齢者を対象とした仲間づくり、交流サロンです。楽器演奏の鑑賞やエコ制作、近隣保育園との交流や茶話会を行っています。,年4回第3水曜日　10:00～,無償,宮原地区社会福祉協議会,048-652-0871,35.941657,139.614221
島町ワンコインサロン,島町自治会館,さいたま市見沼区島町235－１,サロン・茶話会,健康体操、脳トレ、講話、ミニ講座、歌　他,月1回,有償,大砂土東地区社会福祉協議会,048‐687-7935,35.94198521,139.65553704
島町ワンコインサロン,島町自治会館,さいたま市見沼区島町235－１,安否確認,健康体操、脳トレ、講話、ミニ講座、歌　他,月1回,有償,大砂土東地区社会福祉協議会,048‐687-7935,35.94198521,139.65553704
ニコニコ百歳体操,島町自治会館,さいたま市見沼区島町235－１,介護予防教室,百歳体操、脳トレ、口腔体操,月2回,無償,シニアサポートセンター大和田,048‐685-8791,35.94198521,139.65553704
島町うんどうサロン,島町自治会館,さいたま市見沼区島町235－１,体操教室,地域運動支援員の指導を依頼し、高齢者の健康の為、脳トレ・筋トレ・ストレッチ等活動や参加を呼びかけ引きこもりを防止　自治区居住者主に自治会会員,月1回,無償,シニアサポートセンター大和田,048‐685-8791,35.94198521,139.65553704
島町ワンコインサロン,島町自治会館,さいたま市見沼区島町235－１,話し相手・傾聴,健康体操、脳トレ、講話、ミニ講座、歌　他,月1回,有償,大砂土東地区社会福祉協議会,048‐687-7935,35.94198521,139.65553704
オリーブサロン,色光庵,さいたま市見沼区東大宮7丁目53-3,サロン・茶話会,障害のある人もない人も一緒に楽しめるワークショップを展開しています,月1回～2回　　午前2時間、午後2時間,有償,色光庵,090-1652-3578,35.94214,139.64444
オレンジサロン,色光庵,さいたま市見沼区東大宮7丁目53-3,サロン・茶話会,高齢でお一人暮らしの方、デイサービスには行きたくないけどお茶・おしゃべりを楽しみたい、認知症が気になる等の方々に場所を提供したいと思います。スタッフは民生委員、おれんじパートナーです。,月2回　午前2時間、午後2時間,有償,色光庵,090-1652-3578,35.94214,139.64444
オリーブサロン,色光庵,さいたま市見沼区東大宮7丁目53-3,その他活動,障害のある人もない人も一緒に楽しめるワークショップを展開しています,月1回～2回　　午前2時間、午後2時間,有償,色光庵,090-1652-3578,35.94214,139.64444
色光庵,色光庵,埼玉県さいたま市見沼区東大宮7丁目53-3,語学,小さな子供と一緒に楽しく英語で身近な単語と歌で脳の活性を促します。,月2回　日曜日,有償,色光庵,090-1652-3578,35.94214,139.64444
オリーブサロン,色光庵,さいたま市見沼区東大宮7丁目53-3,手芸,障害のある人もない人も一緒に楽しめるワークショップを展開しています,月1回～2回　　午前2時間、午後2時間,有償,色光庵,090-1652-3578,35.94214,139.64444
オレンジサロン,色光庵,さいたま市見沼区東大宮7丁目53-3,手芸,高齢でお一人暮らしの方、デイサービスには行きたくないけどお茶・おしゃべりを楽しみたい、認知症が気になる等の方々に場所を提供したいと思います。スタッフは民生委員、おれんじパートナーです。,月2回　午前2時間、午後2時間,有償,色光庵,090-1652-3578,35.94214,139.64444
オレンジサロン,色光庵,さいたま市見沼区東大宮7丁目53-3,話し相手・傾聴,高齢でお一人暮らしの方、デイサービスには行きたくないけどお茶・おしゃべりを楽しみたい、認知症が気になる等の方々に場所を提供したいと思います。スタッフは民生委員、おれんじパートナーです。,月2回　午前2時間、午後2時間,有償,色光庵,090-1652-3578,35.94214,139.64444
生活サポートひなまち,,さいたま市岩槻区加倉4丁目17番38号　野呂方,サロン・茶話会,"健康づくり講座　1回100円（会場費）
介護者サロン　1回100円（茶・菓子代）
ふれあいサロン　1回200円（茶・菓子代）
サポート活動　30分　600円",健康づくり講座、介護者サロン、ふれあいサロンは月1回　有償サポート活動は随時,有償,生活サポート　ひなまち,048-757-3540,35.94241976,139.69222186
生活サポートひなまち,,さいたま市岩槻区加倉4丁目17番38号　野呂方,音楽（歌唱・演奏）,"健康づくり講座　1回100円（会場費）
介護者サロン　1回100円（茶・菓子代）
ふれあいサロン　1回200円（茶・菓子代）
サポート活動　30分　600円",健康づくり講座、介護者サロン、ふれあいサロンは月1回　有償サポート活動は随時,有償,生活サポート　ひなまち,048-757-3540,35.94241976,139.69222186
生活サポートひなまち,,さいたま市岩槻区加倉4丁目17番38号　野呂方,公開講座,"健康づくり講座　1回100円（会場費）
介護者サロン　1回100円（茶・菓子代）
ふれあいサロン　1回200円（茶・菓子代）
サポート活動　30分　600円",健康づくり講座、介護者サロン、ふれあいサロンは月1回　有償サポート活動は随時,有償,生活サポート　ひなまち,048-757-3540,35.94241976,139.69222186
生活サポートひなまち,,さいたま市岩槻区加倉4丁目17番38号　野呂方,体操教室,"健康づくり講座　1回100円（会場費）
介護者サロン　1回100円（茶・菓子代）
ふれあいサロン　1回200円（茶・菓子代）
サポート活動　30分　600円",健康づくり講座、介護者サロン、ふれあいサロンは月1回　有償サポート活動は随時,有償,生活サポート　ひなまち,048-757-3540,35.94241976,139.69222186
生活サポートひなまち,,さいたま市岩槻区加倉4丁目17番38号　野呂方,買い物・掃除・洗濯・電球交換・庭の手入れ（剪定・草取り）,"健康づくり講座　1回100円（会場費）
介護者サロン　1回100円（茶・菓子代）
ふれあいサロン　1回200円（茶・菓子代）
サポート活動　30分　600円",健康づくり講座、介護者サロン、ふれあいサロンは月1回　有償サポート活動は随時,有償,生活サポート　ひなまち,048-757-3540,35.94241976,139.69222186
奈良カルチャー,茶の間,さいたま市北区奈良町48-2,健康麻雀・囲碁・将棋,交流型サロンで、健康麻雀やフラワーアレンジメント等を行っています。ここに集まり参加されている人同士で支え合いが生まれています。,月～金曜日の午後,有償,コンパスフルネス奈良町,048-788-3964,35.94274,139.60415
奈良カルチャー,茶の間,さいたま市北区奈良町48-2,交流その他,交流型サロンで、健康麻雀やフラワーアレンジメント等を行っています。ここに集まり参加されている人同士で支え合いが生まれています。,月～金曜日の午後,有償,コンパスフルネス奈良町,048-788-3964,35.94274,139.60415
指扇ＴＢＧ（ターゲットバードゴルフ）クラブ,さいたま市西区高木第1旧埋立地跡,さいたま市西区高木１７０６の２,運動・スポーツ,芝グラウンドでＴＢＧ（ターゲットバードゴルフ）を楽しんでいます。18ホール（パー72）を仲間と楽しくラウンドしています。グラウンドの整備も自分たちで行っています。,年末年始を除き、ほぼ毎日（雨天中止）9時～11時。,有償,西区北部圏域シニアサポートセンター三恵苑,048ｰ620-1312,35.94303461,139.5753187
はつらつクラブ,春おか広場（農村広場）,さいたま市見沼区大字宮ヶ谷塔765,介護予防教室,いきいき百歳体操の開催,"毎週木曜日
10：00～11：30",有償,さいたま市見沼区北部圏域シニアサポートセンターさいたまやすらぎの里,048-680-3289,35.9432423725038,139.670541096369
つくしの会,春おか広場（農村広場）,さいたま市見沼区大字宮ヶ谷塔765,介護予防教室,いきいき百歳体操の開催,"毎週月曜日
9：30～11：00",有償,さいたま市見沼区北部圏域シニアサポートセンターさいたまやすらぎの里,048-680-3289,35.9433900352717,139.67050891048
春岡うんどうサロン　　,春おか広場,さいたま市見沼区宮ヶ谷塔765,体操教室,「うんどうサロン」概ね65歳以上の方を対象としたストレッチ運動、筋力トレーニング、レクリエーションを行います,毎月第2水曜日　13：30～14:30(8月休み),無償,春岡地区社会福祉協議会　　　　　,048-685-0006,35.94340783,139.67047708
東宮原ぼうさい広場ラジオ体操会,東宮原ぼうさい広場,さいたま市北区宮原町2-125-10,体操教室,3月～11月は朝6時～6時40分、12月～2月は朝6時40分～7時まで、雨天を除く毎日、ストレッチと筋トレ及びラジオ体操を行っています。,毎日（雨天を除く）,無償,関根　廣,048-667-5766,35.94357,139.61978
本郷TBGクラブ,本郷ふれあい広場,さいたま市北区本郷町本郷ふれあい広場,運動・スポーツ,毎週火曜日午前中、本郷ふれあい広場で活動しています。スポーツで健康を維持し、コミュニケーションを通して地域の人達との交流を高め、心身の健康に繋げることを目的として、楽しんでいます。,毎週火曜日9：30～11：30,無償,さいたま市ターゲット・バードゴルフ連盟,048-667-4061,35.943737,139.627109
本郷TBGクラブ,本郷ふれあい広場,さいたま市北区本郷町本郷ふれあい広場,健康麻雀・囲碁・将棋,毎週火曜日午前中、本郷ふれあい広場で活動しています。スポーツで健康を維持し、コミュニケーションを通して地域の人達との交流を高め、心身の健康に繋げることを目的として、楽しんでいます。,毎週火曜日9：30～11：30,無償,さいたま市ターゲット・バードゴルフ連盟,048-667-4061,35.943737,139.627109
百モニカくらぶwithオレンジ,グランパレス長島,さいたま市北区本郷町226,音楽（歌唱・演奏）,いきいき百歳体操の実施とハーモニカ演奏、歌唱,毎月第1第3水曜日13：30～13：00,無償,ｼﾆｱｻﾎﾟｰﾄｾﾝﾀｰ諏訪の苑,048-662-7600,35.94374665,139.62109551
百モニカくらぶwithオレンジ,グランパレス長島,さいたま市北区本郷町226,介護予防教室,いきいき百歳体操の実施とハーモニカ演奏、歌唱,毎月第1第3水曜日13：30～13：00,無償,ｼﾆｱｻﾎﾟｰﾄｾﾝﾀｰ諏訪の苑,048-662-7600,35.94374665,139.62109551
百モニカくらぶwithオレンジ,グランパレス長島,さいたま市北区本郷町226,体操教室,いきいき百歳体操の実施とハーモニカ演奏、歌唱,毎月第1第3水曜日13：30～13：00,無償,ｼﾆｱｻﾎﾟｰﾄｾﾝﾀｰ諏訪の苑,048-662-7600,35.94374665,139.62109551
岩槻身体障害者福祉会,さいたま市社会参加推進センター交流室,さいたま市岩槻区府内1-8-1,サロン・茶話会,週１でカラオケ、グランドゴルフ。その他は年１回程度実施し仲間作りや体力維持に努めている,グランドゴルフ、カラオケ週1回、食事会は随時、手芸・料理は年1回,条件付き無償,シニアサポートセンター白鶴ホーム,048-794-3939,35.9438256,139.71087532
岩槻身体障害者福祉会,さいたま市社会参加推進センター交流室,さいたま市岩槻区府内1-8-1,介護予防教室,週１でカラオケ、グランドゴルフ。その他は年１回程度実施し仲間作りや体力維持に努めている,グランドゴルフ、カラオケ週1回、食事会は随時、手芸・料理は年1回,条件付き無償,シニアサポートセンター白鶴ホーム,048-794-3939,35.9438256,139.71087532
岩槻身体障害者福祉会,さいたま市社会参加推進センター交流室,さいたま市岩槻区府内1-8-1,会食会,週１でカラオケ、グランドゴルフ。その他は年１回程度実施し仲間作りや体力維持に努めている,グランドゴルフ、カラオケ週1回、食事会は随時、手芸・料理は年1回,条件付き無償,シニアサポートセンター白鶴ホーム,048-794-3939,35.9438256,139.71087532
岩槻身体障害者福祉会,さいたま市社会参加推進センター交流室,さいたま市岩槻区府内1-8-1,手芸,週１でカラオケ、グランドゴルフ。その他は年１回程度実施し仲間作りや体力維持に努めている,グランドゴルフ、カラオケ週1回、食事会は随時、手芸・料理は年1回,条件付き無償,シニアサポートセンター白鶴ホーム,048-794-3939,35.9438256,139.71087532
岩槻身体障害者福祉会,さいたま市社会参加推進センター交流室,さいたま市岩槻区府内1-8-1,体操教室,週１でカラオケ、グランドゴルフ。その他は年１回程度実施し仲間作りや体力維持に努めている,グランドゴルフ、カラオケ週1回、食事会は随時、手芸・料理は年1回,条件付き無償,シニアサポートセンター白鶴ホーム,048-794-3939,35.9438256,139.71087532
岩槻地区　子育てサロン　～すくすくスマイル～,岩槻地区社会福祉協議会,さいたま市岩槻区府内1丁目8番１号　岩槻区役所府内別館　,サロン・茶話会,"ママと子供が一緒に遊び、日頃の悩み事を話したりし、子育ての不安を解消。専門の先生（保育・歯科衛生士）のご協力を受け楽しく活動。
0歳～3歳までの未就園児、お子様の着替え・上履き持参",年6回（毎月第1金曜日）　但し、祭日の場合は第2週目,無償,岩槻地区社会福祉協議会,048-798-3112,35.9438256,139.71087532
岩槻地区　高齢者福祉ふれあいの集い,岩槻地区社会福祉協議会,さいたま市岩槻区府内1丁目8番１号　岩槻区役所府内別館　,交流その他,歌手・和太鼓や民謡などの愛好会・サークル活動団体・地域包括支援センター等を招き披露してもらい、75歳以上の高齢者が集うイベント。,年1回,無償,岩槻地区社会福祉協議会,048-798-3112,35.9438256,139.71087532
岩槻地区　地域福祉講座,岩槻地区社会福祉協議会,さいたま市岩槻区府内1丁目8番１号　岩槻区役所府内別館　,公開講座,地域包括支援センター・消費者相談センター・県民生活部・防犯・交通安全課による、認知症・悪徳業者への予防・高齢者の交通安全等の講座を開催。,年2回,無償,岩槻地区社会福祉協議会,048-798-3112,35.9438256,139.71087532
岩槻地区　体操＆脳トレ教室,岩槻地区社会福祉協議会,さいたま市岩槻区府内1丁目8番１号　岩槻区役所府内別館　,体操教室,基礎的なストレッチを1時間行い、脳トレや笑いを取り入れた体操を30分間行う。　　　　　　　　　　　　　　　　　　　　　　　　　　　　　　　　　　　　概ね65歳以上の方・参加時は動きやすい服装、飲み物と中履きの運動靴を用意する。,年10回（毎月第3月曜日）　但し、祭日の場合はなし,無償,岩槻地区社会福祉協議会,048-798-3112,35.9438256,139.71087532
東大宮自治会シニアクラブ絆,東大宮自治会館,さいたま市見沼区東大宮1丁目13-1,運動・スポーツ,①グランドゴルフ　②民謡　③カラオケ　④麻雀　⑤早朝ラジオ体操　⑥百歳体操　⑦新年会と交通講話会、お花見会とグランドゴルフワンオンツーオン大会、創作展、健康友愛ゲーム大会等、会員による公園お花植え等行っている　　　　自治会員及び賛助会員限定,①週1回　②週1回　③週3回　④週1回　⑤毎日　⑥月2回　⑦各年1回,有償,シニアサポートセンター大和田,048‐685-8791,35.943853,139.641317
東大宮自治会シニアクラブ絆,東大宮自治会館,さいたま市見沼区東大宮1丁目13-1,音楽（歌唱・演奏）,①グランドゴルフ　②民謡　③カラオケ　④麻雀　⑤早朝ラジオ体操　⑥百歳体操　⑦新年会と交通講話会、お花見会とグランドゴルフワンオンツーオン大会、創作展、健康友愛ゲーム大会等、会員による公園お花植え等行っている　　　　自治会員及び賛助会員限定,①週1回　②週1回　③週3回　④週1回　⑤毎日　⑥月2回　⑦各年1回,有償,シニアサポートセンター大和田,048‐685-8791,35.943853,139.641317
東大宮自治会シニアクラブ絆,東大宮自治会館,さいたま市見沼区東大宮1丁目13-1,介護予防教室,①グランドゴルフ　②民謡　③カラオケ　④麻雀　⑤早朝ラジオ体操　⑥百歳体操　⑦新年会と交通講話会、お花見会とグランドゴルフワンオンツーオン大会、創作展、健康友愛ゲーム大会等、会員による公園お花植え等行っている　　　　自治会員及び賛助会員限定,①週1回　②週1回　③週3回　④週1回　⑤毎日　⑥月2回　⑦各年1回,有償,シニアサポートセンター大和田,048‐685-8791,35.943853,139.641317
東大宮自治会シニアクラブ絆,東大宮自治会館,さいたま市見沼区東大宮1丁目13-1,会食会,①グランドゴルフ　②民謡　③カラオケ　④麻雀　⑤早朝ラジオ体操　⑥百歳体操　⑦新年会と交通講話会、お花見会とグランドゴルフワンオンツーオン大会、創作展、健康友愛ゲーム大会等、会員による公園お花植え等行っている　　　　自治会員及び賛助会員限定,①週1回　②週1回　③週3回　④週1回　⑤毎日　⑥月2回　⑦各年1回,有償,シニアサポートセンター大和田,048‐685-8791,35.943853,139.641317
東大宮自治会シニアクラブ絆,東大宮自治会館,さいたま市見沼区東大宮1丁目13-1,絵画・書道,①グランドゴルフ　②民謡　③カラオケ　④麻雀　⑤早朝ラジオ体操　⑥百歳体操　⑦新年会と交通講話会、お花見会とグランドゴルフワンオンツーオン大会、創作展、健康友愛ゲーム大会等、会員による公園お花植え等行っている　　　　自治会員及び賛助会員限定,①週1回　②週1回　③週3回　④週1回　⑤毎日　⑥月2回　⑦各年1回,有償,シニアサポートセンター大和田,048‐685-8791,35.943853,139.641317
東大宮自治会シニアクラブ絆,東大宮自治会館,さいたま市見沼区東大宮1丁目13-1,健康麻雀・囲碁・将棋,①グランドゴルフ　②民謡　③カラオケ　④麻雀　⑤早朝ラジオ体操　⑥百歳体操　⑦新年会と交通講話会、お花見会とグランドゴルフワンオンツーオン大会、創作展、健康友愛ゲーム大会等、会員による公園お花植え等行っている　　　　自治会員及び賛助会員限定,①週1回　②週1回　③週3回　④週1回　⑤毎日　⑥月2回　⑦各年1回,有償,シニアサポートセンター大和田,048‐685-8791,35.943853,139.641317
東大宮自治会シニアクラブ絆,東大宮自治会館,さいたま市見沼区東大宮1丁目13-1,体操教室,①グランドゴルフ　②民謡　③カラオケ　④麻雀　⑤早朝ラジオ体操　⑥百歳体操　⑦新年会と交通講話会、お花見会とグランドゴルフワンオンツーオン大会、創作展、健康友愛ゲーム大会等、会員による公園お花植え等行っている　　　　自治会員及び賛助会員限定,①週1回　②週1回　③週3回　④週1回　⑤毎日　⑥月2回　⑦各年1回,有償,シニアサポートセンター大和田,048‐685-8791,35.943853,139.641317
東大宮自治会健康サロン,東大宮自治会館,さいたま市見沼区東大宮1丁目13-14,サロン・茶話会,地区社会福祉協議会で開催している健康体操は月1回なのでせめて月2回体操をしてもらいたくて教室を開催。自治会として主に東大宮自治会員中心に行うが他の自治会からの参加も受け入れている。,月1回,有償,シニアサポートセンター大和田,048‐685-8791,35.94386191,139.64131047
大砂土東うんどうサロン(東大宮自治会館）,東大宮自治会館,さいたま市見沼区東大宮1丁目13-14,体操教室,ストレッチ、脳トレ　他　※事前申し込み必要,月1回,無償,大砂土東地区社会福祉協議会,048‐687-7935,35.94386191,139.64131047
東大宮自治会健康サロン,東大宮自治会館,さいたま市見沼区東大宮1丁目13-14,体操教室,地区社会福祉協議会で開催している健康体操は月1回なのでせめて月2回体操をしてもらいたくて教室を開催。自治会として主に東大宮自治会員中心に行うが他の自治会からの参加も受け入れている。,月1回,有償,シニアサポートセンター大和田,048‐685-8791,35.94386191,139.64131047
さくらの会,東大宮7丁目自治会館,さいたま市見沼区東大宮7丁目39-1,介護予防教室,"百歳体操,健康に関する講話など",月1回 　第2火曜日,有償,シニアサポートセンター大和田,048‐685-8791,35.94462595,139.64528788
楽々体操サロン,東大宮7丁目自治会館,さいたま市見沼区東大宮7丁目39-1,体操教室,ストレッチ、脳トレ　他,月1回,無償,大砂土東地区社会福祉協議会,048‐687-7935,35.94462595,139.64528788
囲碁を楽しむ会,東大宮７丁目自治会館　２階小ホール,さいたま市見沼区東大宮７丁目39－1,安否確認,地域の方々と囲碁を通じて交流できる場,"毎週水曜日、土曜日
13時～17時（短時間参加も自由）",有償,大砂土東地区社会福祉協議会,048‐687-7935,35.94462595,139.64528788
囲碁を楽しむ会,東大宮７丁目自治会館　２階小ホール,さいたま市見沼区東大宮７丁目39－1,健康麻雀・囲碁・将棋,地域の方々と囲碁を通じて交流できる場,"毎週水曜日、土曜日
13時～17時（短時間参加も自由）",有償,大砂土東地区社会福祉協議会,048‐687-7935,35.94462595,139.64528788
鎌倉さんぽ,鎌倉街道,さいたま市北区奈良町66-15,運動・スポーツ,鎌倉街道から聖学院大学や戸崎公園をめぐるコースをおしゃべりしながらゆっくりと散歩しています。時には無人販売を巡る買い物ツアーも行っています。,毎週木曜日　10:30～11:30,無償,シニアサポートセンター緑水苑,048-662-7350,35.94513,139.60191
鎌倉さんぽ,鎌倉街道,さいたま市北区奈良町66-15,交流その他,鎌倉街道から聖学院大学や戸崎公園をめぐるコースをおしゃべりしながらゆっくりと散歩しています。時には無人販売を巡る買い物ツアーも行っています。,毎週木曜日　10:30～11:30,無償,シニアサポートセンター緑水苑,048-662-7350,35.94513,139.60191
さわやか会,加茂神社,さいたま市北区宮原町4-8-1,体操教室,宮原地区天神自治会老人会（ひまわり会）が主となり加茂神社境内でラジオ体操を行っています。,月～金曜日　7：00～15分程度,無償,シニアサポートセンター緑水苑,048-662-7350,35.94529,139.60919
川通地区社会福祉協議会,増長自治会館,さいたま市岩槻区増長166-1,サロン・茶話会,介護予防や生きがい作りを目的に、ペットボトルボーリング、輪投げ、筋膜リリース体操等を実施,年３回,無償,川通地区社会福祉協議会,048-792-1310,35.94537967,139.73901647
川通地区社会福祉協議会,増長自治会館,さいたま市岩槻区増長166-1,公開講座,介護予防講座といきいき百百歳体操の実演,年３回,無償,川通地区社会福祉協議会,048-792-1310,35.94537967,139.73901647
ハッピーサロン,県営はるさと団地集会室,さいたま市見沼区小深作355-1,サロン・茶話会,軽体操・スポーツ吹き矢・お茶会,第４日曜日　10:00～12:00,無償,さいたま市見沼区北部圏域シニアサポートセンター さいたまやすらぎの里,048-680-3289,35.9455407,139.66452207
ハッピーサロン,県営はるさと団地集会室,さいたま市見沼区小深作355-1,運動・スポーツ,軽体操・スポーツ吹き矢・お茶会,第４日曜日　10:00～12:00,無償,さいたま市見沼区北部圏域シニアサポートセンター さいたまやすらぎの里,048-680-3289,35.9455407,139.66452207
はるさと百歳体操部,県営はるさと団地集会室,さいたま市見沼区小深作355-1,介護予防教室,いきいき百歳体操の開催,毎週火曜日　10:00～11:00,無償,さいたま市見沼区北部圏域シニアサポートセンター さいたまやすらぎの里,048-680-3289,35.9455407,139.66452207
松原サロン,天神自治会館,さいたま市北区宮原町4-53-5,サロン・茶話会,地域の住民の交流会、お悩み相談、学習イベントを開催しています。地域の憩いの場となるよう活動しています。,毎月第4火曜日,無償,エムエム薬局,048-651-2015,35.94595,139.61323
松原サロン,天神自治会館,さいたま市北区宮原町4-53-5,運動・スポーツ,地域の住民の交流会、お悩み相談、学習イベントを開催しています。地域の憩いの場となるよう活動しています。,毎月第4火曜日,無償,エムエム薬局,048-651-2015,35.94595,139.61323
松原サロン,天神自治会館,さいたま市北区宮原町4-53-5,音楽（歌唱・演奏）,地域の住民の交流会、お悩み相談、学習イベントを開催しています。地域の憩いの場となるよう活動しています。,毎月第4火曜日,無償,エムエム薬局,048-651-2015,35.94595,139.61323
松原サロン,天神自治会館,さいたま市北区宮原町4-53-5,介護予防教室,地域の住民の交流会、お悩み相談、学習イベントを開催しています。地域の憩いの場となるよう活動しています。,毎月第4火曜日,無償,エムエム薬局,048-651-2015,35.94595,139.61323
松原サロン,天神自治会館,さいたま市北区宮原町4-53-5,公開講座,地域の住民の交流会、お悩み相談、学習イベントを開催しています。地域の憩いの場となるよう活動しています。,毎月第4火曜日,無償,エムエム薬局,048-651-2015,35.94595,139.61323
松原サロン,天神自治会館,さいたま市北区宮原町4-53-5,住民主体の学習会,地域の住民の交流会、お悩み相談、学習イベントを開催しています。地域の憩いの場となるよう活動しています。,毎月第4火曜日,無償,エムエム薬局,048-651-2015,35.94595,139.61323
松原サロン,天神自治会館,さいたま市北区宮原町4-53-5,体操教室,地域の住民の交流会、お悩み相談、学習イベントを開催しています。地域の憩いの場となるよう活動しています。,毎月第4火曜日,無償,エムエム薬局,048-651-2015,35.94595,139.61323
天神サロン,天神自治会館,さいたま市北区宮原町4-53-5,サロン・茶話会,宮原町4丁目天神地区の高齢者を対象とした交流サロンです。コーラスやハーモニカ、大正琴などの鑑賞や体操、茶話会を行っています。,年4回　10：00～,無償,宮原地区社会福祉協議会,048-652-0871,35.94597,139.61319
天神サロンいきいき健康講座,天神自治会館,さいたま市北区宮原町４－５３－５,運動・スポーツ,"いきサポ終了の民生委員さん2人で立ち上げ。
DVDを活用して百歳体操を行っています。",毎週月曜日9：30～60分,無償,シニアサポートセンター緑水苑,048-662-7350,35.94598021552,139.613199167681
天神サロンいきいき健康講座,天神自治会館,さいたま市北区宮原町４－５３－５,介護予防教室,"いきサポ終了の民生委員さん2人で立ち上げ。
DVDを活用して百歳体操を行っています。",毎週月曜日9：30～60分,無償,シニアサポートセンター緑水苑,048-662-7350,35.94598021552,139.613199167681
天神サロンいきいき健康講座,天神自治会館,さいたま市北区宮原町４－５３－５,体操教室,"いきサポ終了の民生委員さん2人で立ち上げ。
DVDを活用して百歳体操を行っています。",毎週月曜日9：30～60分,無償,シニアサポートセンター緑水苑,048-662-7350,35.94598021552,139.613199167681
春岡中央公園百歳体操教室,春岡中央公園,さいたま市見沼区春岡3-42-1,介護予防教室,いきいき百歳体操の開催,毎週月・木曜日　14：00～15：00,無償,さいたま市見沼区北部圏域シニアサポートセンター さいたまやすらぎの里,048-680-3289,35.94601842,139.6646137
LGひまわりサロン,ライオンズガーデン東大宮弐番館アスレチックルーム,さいたま市見沼区島町702-1,サロン・茶話会,健康体操、歌、脳トレ、ミニ講座　他,月1回,有償,大砂土東地区社会福祉協議会,048‐687-7935,35.94620955,139.65378978
LGひまわりサロン,ライオンズガーデン東大宮弐番館アスレチックルーム,さいたま市見沼区島町702-1,安否確認,健康体操、歌、脳トレ、ミニ講座　他,月1回,有償,大砂土東地区社会福祉協議会,048‐687-7935,35.94620955,139.65378978
ライオンズガーデンいきいき体操クラブ,ライオンズガーデン東大宮弐番館アスレチックルーム,さいたま市見沼区島町702-1,介護予防教室,百歳体操を毎週1回実施。偶数月に月1回お茶会。ライオンズガーデン東大宮自治会会員に限定。,週1回,無償,シニアサポートセンター大和田,048‐685-8791,35.94620955,139.65378978
ひまわり運動サロン,ライオンズガーデン東大宮弐番館アスレチックルーム,さいたま市見沼区島町702-1,体操教室,ストレッチ、脳トレ。ライオンズガーデン東大宮自治会会員に限定,月２回,無償,シニアサポートセンター大和田,048‐685-8791,35.94620955,139.65378978
LGひまわりサロン,ライオンズガーデン東大宮弐番館アスレチックルーム,さいたま市見沼区島町702-1,話し相手・傾聴,健康体操、歌、脳トレ、ミニ講座　他,月1回,有償,大砂土東地区社会福祉協議会,048‐687-7935,35.94620955,139.65378978
中道ふれあいサロン,中道自治会館集会所,さいたま市北区宮原町2-98,サロン・茶話会,宮原町4丁目中道地区の高齢者を対象とした交流サロンです。健康講座や体操、様々な楽器鑑賞を行っています。,年1～2回　10：00～,無償,宮原地区社会福祉協議会,048-652-0871,35.94622,139.61757
ハート・ポプリウオーキングの会,原殿公園,さいたま市北区宮原町２－９８,その他活動,地域老人会の主催。近隣の公園巡りなどもしている。,毎週土曜日10：00～,無償,シニアサポートセンター緑水苑,048-662-7350,35.9462466582264,139.617551067681
ハート・ポプリウオーキングの会,原殿公園,さいたま市北区宮原町２－９８,運動・スポーツ,地域老人会の主催。近隣の公園巡りなどもしている。,毎週土曜日10：00～,無償,シニアサポートセンター緑水苑,048-662-7350,35.9462466582264,139.617551067681
グラウンドゴルフ美郷会,本郷第１公園,さいたま市北区本郷町本郷第１公園,運動・スポーツ,月、火、木、金の午前中に、健康・仲間づくりのため活動。楽しくやっています。,"週４回（月、火、木、金）
9時～11時",有償,シニアサポートセンター諏訪の苑,048-662-7600,35.946777,139.623226
松原さんぽ,松原公園,さいたま市北区宮原町4-42,運動・スポーツ,松原公園内を参加者同士でおしゃべりしながら周回しています。途中ストレッチ等の体操やレクリエーションを行うこともあります。,毎週火曜日‹6～9月>9：30～10：30<10～5月>13：30～14：30,無償,シニアサポートセンター緑水苑,048-662-7350,35.9468,139.61424
松原さんぽ,松原公園,さいたま市北区宮原町4-42,交流その他,松原公園内を参加者同士でおしゃべりしながら周回しています。途中ストレッチ等の体操やレクリエーションを行うこともあります。,毎週火曜日‹6～9月>9：30～10：30<10～5月>13：30～14：30,無償,シニアサポートセンター緑水苑,048-662-7350,35.9468,139.61424
やまぶき会,コミュニティセンターいわつき,さいたま市岩槻区本町1丁目10番7号,介護予防教室,月2回、地域運動支援員を派遣し、介護予防体操・認知症予防体操など楽しく行っています。,月2回,有償,シニアサポートセンター社協岩槻,048-758-4395,35.94702196,139.69168284
百歳体操クラブ,宮原シニア憩の家,さいたま市北区宮原町4-66-13,サロン・茶話会,百歳体操終了後に茶話会や手話ダンス等、参加者が得意・やりたいことを行っています。,毎週日曜日　10:00～12:00,無償,シニアサポートセンター緑水苑,048-662-7350,35.94717593,139.6109574
百歳体操クラブ,宮原シニア憩の家,さいたま市北区宮原町4-66-13,音楽（歌唱・演奏）,百歳体操終了後に茶話会や手話ダンス等、参加者が得意・やりたいことを行っています。,毎週日曜日　10:00～12:00,無償,シニアサポートセンター緑水苑,048-662-7350,35.94717593,139.6109574
百歳体操クラブ,宮原シニア憩の家,さいたま市北区宮原町4-66-13,介護予防教室,百歳体操終了後に茶話会や手話ダンス等、参加者が得意・やりたいことを行っています。,毎週日曜日　10:00～12:00,無償,シニアサポートセンター緑水苑,048-662-7350,35.94717593,139.6109574
シルバーサークル,さいたま市宮原シニア憩いの家,さいたま市北区宮原町4-66-13,運動・スポーツ,体操やレク・脳トレ等を行っています。参加者同士で交流をしながら和気あいあいと楽しく体を動かします。利用条件はさいたま市在住の60歳以上。,毎週火曜日　10：30～11：45,無償,宮原シニア憩いの家,048-667-3808,35.9472189398846,139.610980414714
シルバーサークル,さいたま市宮原シニア憩いの家,さいたま市北区宮原町4-66-13,介護予防教室,体操やレク・脳トレ等を行っています。参加者同士で交流をしながら和気あいあいと楽しく体を動かします。利用条件はさいたま市在住の60歳以上。,毎週火曜日　10：30～11：45,無償,宮原シニア憩いの家,048-667-3808,35.9472189398846,139.610980414714
囲碁・将棋,さいたま市宮原シニア憩いの家,さいたま市北区宮原町4-66-13,健康麻雀・囲碁・将棋,囲碁・将棋が出来ます。ご友人とお誘いあわせの上ぜひお越しください。利用条件はさいたま市在住の60歳以上。,毎週木・金曜日　13：00～17：00,無償,宮原シニア憩いの家,048-667-3808,35.9472189398846,139.610980414714
ゆうゆうサークル,さいたま市宮原シニア憩いの家,さいたま市北区宮原町4-66-13,交流その他,皆で楽しくおしゃべりしながら、手作りの作品を作っています。利用条件はさいたま市在住60歳以上の方。,第2・第3月曜日　10：30～11：30,無償,宮原シニア憩いの家,048-667-3808,35.9472189398846,139.610980414714
ゆうゆうサークル,さいたま市宮原シニア憩いの家,さいたま市北区宮原町4-66-13,手芸,皆で楽しくおしゃべりしながら、手作りの作品を作っています。利用条件はさいたま市在住60歳以上の方。,第2・第3月曜日　10：30～11：30,無償,宮原シニア憩いの家,048-667-3808,35.9472189398846,139.610980414714
シルバーサークル,さいたま市宮原シニア憩いの家,さいたま市北区宮原町4-66-13,体操教室,体操やレク・脳トレ等を行っています。参加者同士で交流をしながら和気あいあいと楽しく体を動かします。利用条件はさいたま市在住の60歳以上。,毎週火曜日　10：30～11：45,無償,宮原シニア憩いの家,048-667-3808,35.9472189398846,139.610980414714
ゆったりサロン,東大宮2丁目集会所,さいたま市見沼区東大宮2丁目34-19,サロン・茶話会,"第1・第3水曜日：百歳体操
第4水曜日：健康体操、歌、脳トレ、ミニ講座、作品つくり　他　　　　　　　　　　　　　",月３回,有償,大砂土東地区社会福祉協議会,048‐687-7935,35.94745806,139.63408594
ゆったりサロン,東大宮2丁目集会所,さいたま市見沼区東大宮2丁目34-19,安否確認,"第1・第3水曜日：百歳体操
第4水曜日：健康体操、歌、脳トレ、ミニ講座、作品つくり　他　　　　　　　　　　　　　",月３回,有償,大砂土東地区社会福祉協議会,048‐687-7935,35.94745806,139.63408594
ゆったりサロン,東大宮2丁目集会所,さいたま市見沼区東大宮2丁目34-19,介護予防教室,"第1・第3水曜日：百歳体操
第4水曜日：健康体操、歌、脳トレ、ミニ講座、作品つくり　他　　　　　　　　　　　　　",月３回,有償,大砂土東地区社会福祉協議会,048‐687-7935,35.94745806,139.63408594
ゆったりサロン,東大宮2丁目集会所,さいたま市見沼区東大宮2丁目34-19,話し相手・傾聴,"第1・第3水曜日：百歳体操
第4水曜日：健康体操、歌、脳トレ、ミニ講座、作品つくり　他　　　　　　　　　　　　　",月３回,有償,大砂土東地区社会福祉協議会,048‐687-7935,35.94745806,139.63408594
ななくらぶ,前谷公園,さいたま市北区吉野町１－３３１－１３,体操教室,準備体操、みんなの体操、ラジオ体操1・2を声かけしながら行っています。雨天中止。どなたでも参加可能。,月・水・金曜日　11：00～11：30,有償,シニアサポートセンター緑水苑,048-662-7350,35.94754,139.61873
"NPO法人見沼こども・まち
ネットワーク（こまち）","コミュニティハウス
こまち",さいたま市見沼区春岡2-27-12,サロン・茶話会,多世代交流会食、学習支援、読書会、おしゃべり会、その他何でもやってみたいことを行います。,"月曜・水曜・土曜
10：00～16：00",無償,さいたま市見沼区北部圏域シニアサポートセンターさいたまやすらぎの里,048-680-3289,35.9478667725023,139.66137169637
"NPO法人見沼こども・まち
ネットワーク（こまち）","コミュニティハウス
こまち",さいたま市見沼区春岡2-27-12,会食会,多世代交流会食、学習支援、読書会、おしゃべり会、その他何でもやってみたいことを行います。,"月曜・水曜・土曜
10：00～16：00",無償,さいたま市見沼区北部圏域シニアサポートセンターさいたまやすらぎの里,048-680-3289,35.9478667725023,139.66137169637
"NPO法人見沼こども・まち
ネットワーク（こまち）","コミュニティハウス
こまち",さいたま市見沼区春岡2-27-12,学習支援,多世代交流会食、学習支援、読書会、おしゃべり会、その他何でもやってみたいことを行います。,"月曜・水曜・土曜
10：00～16：00",無償,さいたま市見沼区北部圏域シニアサポートセンターさいたまやすらぎの里,048-680-3289,35.9478667725023,139.66137169637
"NPO法人見沼こども・まち
ネットワーク（こまち）","コミュニティハウス
こまち",さいたま市見沼区春岡2-27-12,健康麻雀,多世代交流会食、学習支援、読書会、おしゃべり会、その他何でもやってみたいことを行います。,"月曜・水曜・土曜
10：00～16：00",無償,さいたま市見沼区北部圏域シニアサポートセンターさいたまやすらぎの里,048-680-3289,35.9478667725023,139.66137169637
"NPO法人見沼こども・まち
ネットワーク（こまち）","コミュニティハウス
こまち",さいたま市見沼区春岡2-27-12,交流その他,多世代交流会食、学習支援、読書会、おしゃべり会、その他何でもやってみたいことを行います。,"月曜・水曜・土曜
10：00～16：00",無償,さいたま市見沼区北部圏域シニアサポートセンターさいたまやすらぎの里,048-680-3289,35.9478667725023,139.66137169637
"NPO法人見沼こども・まち
ネットワーク（こまち）","コミュニティハウス
こまち",さいたま市見沼区春岡2-27-12,場所の提供,多世代交流会食、学習支援、読書会、おしゃべり会、その他何でもやってみたいことを行います。,"月曜・水曜・土曜
10：00～16：00",無償,さいたま市見沼区北部圏域シニアサポートセンターさいたまやすらぎの里,048-680-3289,35.9478667725023,139.66137169637
子育てサロン奈良町,奈良町自治会館,さいたま市北区奈良町94-2,サロン・茶話会,宮原地区在住の0～3歳児の親子のための子育てサロンです。子供の手形・足形取りや季節の小物制作、体操、親子の情報交換などを行っています。,年11回　第2水曜日10：00～,無償,宮原地区社会福祉協議会,048-652-0871,35.94796,139.60148
ボンジュール1・2・3,奈良町自治会館,さいたま市北区奈良町94-2,介護予防教室,百歳体操以外にも様々なストレッチやレク・脳トレをいきいきサポーターを中心に行っています。,毎週月曜日10：00～11：00,有償,シニアサポートセンター緑水苑,048-662-7350,35.94796,139.60148
ボンジュール1・2・3,奈良町自治会館,さいたま市北区奈良町94-2,体操教室,百歳体操以外にも様々なストレッチやレク・脳トレをいきいきサポーターを中心に行っています。,毎週月曜日10：00～11：00,有償,シニアサポートセンター緑水苑,048-662-7350,35.94796,139.60148
なの花薬局東大宮店,なの花薬局東大宮店,埼玉県さいたま市見沼区東大宮2丁目35-7,その他活動,管理栄養士による栄養相談会、不定期で栄養に関する講話の開催（見沼区東大宮周辺にお住まいで薬局に足が運べる方）,月１回　第１木曜日午前,無償,なの花薬局東大宮店,048-667-3560,35.9480316943529,139.634918875174
なの花クラブ,なの花薬局東大宮店,埼玉県さいたま市見沼区東大宮2丁目35-7,介護予防教室,百歳体操,月１回,無償,シニアサポートセンター大和田,048-685-8791,35.9480316943529,139.634918875174
5丁目生き活きサロン,東大宮5丁目自治会館,さいたま市見沼区東大宮5丁目42-1,サロン・茶話会,"第1火曜日：リハビリ体操、口腔体操、百歳体操、情報交換、趣味活動
第3木曜日：百歳体操　　　　　　　　　　　　　　",月２回,有償,大砂土東地区社会福祉協議会,048‐687-7935,35.94876691,139.64380725
5丁目生き活きサロン,東大宮5丁目自治会館,さいたま市見沼区東大宮5丁目42-1,安否確認,"第1火曜日：リハビリ体操、口腔体操、百歳体操、情報交換、趣味活動
第3木曜日：百歳体操　　　　　　　　　　　　　　",月２回,有償,大砂土東地区社会福祉協議会,048‐687-7935,35.94876691,139.64380725
5丁目生き活きサロン,東大宮5丁目自治会館,さいたま市見沼区東大宮5丁目42-1,介護予防教室,"第1火曜日：リハビリ体操、口腔体操、百歳体操、情報交換、趣味活動
第3木曜日：百歳体操　　　　　　　　　　　　　　",月２回,有償,大砂土東地区社会福祉協議会,048‐687-7935,35.94876691,139.64380725
5丁目生き活きサロン,東大宮5丁目自治会館,さいたま市見沼区東大宮5丁目42-1,話し相手・傾聴,"第1火曜日：リハビリ体操、口腔体操、百歳体操、情報交換、趣味活動
第3木曜日：百歳体操　　　　　　　　　　　　　　",月２回,有償,大砂土東地区社会福祉協議会,048‐687-7935,35.94876691,139.64380725
大砂土東うんどうサロン(東大宮コミュニティセンター）,東大宮コミュニティセンター,さいたま市見沼区東大宮4丁目31-1,体操教室,ストレッチ、脳トレ　他　※事前申し込み必要,月1回,無償,大砂土東地区社会福祉協議会,048‐687-7935,35.94953297,139.63735501
コミセン元気グループ,東大宮コミュニティセンター,さいたま市見沼区東大宮4丁目31-1,介護予防教室,百歳体操,毎週木曜日,有償,シニアサポートセンター大和田,048-685-8791,35.9495522481304,139.637365960788
かじサロン,鍛冶自治会館,さいたま市北区宮原町4-106-1,サロン・茶話会,宮原町4丁目鍛冶地区の高齢者を対象としたサロンです。体操や健康講座、近隣保育園児との交流など様々行っています。,年5回　10：00～,無償,宮原地区社会福祉協議会,048-652-0871,35.94967248,139.60744931
和みの会,今羽町自治会集会所,さいたま市北区今羽町４３番地,サロン・茶話会,お茶を飲みながら地域住民の親睦を図る。一度「人情芝居」の鑑賞がある。（今羽町住民限定）　　ハンドセラピーの活動もあり。,年2回,無償,和みの会,048-666-0314,35.95019,139.62134
いつでも夢を,今羽町自治会集会所,さいたま市北区今羽町４３番地,サロン・茶話会,お茶を飲みながら、地域住民同士のコミュニティーを図る。踊りの活動もあり。（今羽町住民限定）,毎月第3火曜日（１、８月は無し）,無償,いつでも夢を,048-664-0132,35.95019,139.62134
和みの会,今羽町自治会集会所,さいたま市北区今羽町４３番地,その他活動,お茶を飲みながら地域住民の親睦を図る。一度「人情芝居」の鑑賞がある。（今羽町住民限定）　　ハンドセラピーの活動もあり。,年2回,無償,和みの会,048-666-0314,35.95019,139.62134
いつでも夢を,今羽町自治会集会所,さいたま市北区今羽町４３番地,その他活動,お茶を飲みながら、地域住民同士のコミュニティーを図る。踊りの活動もあり。（今羽町住民限定）,毎月第3火曜日（１、８月は無し）,無償,いつでも夢を,048-664-0132,35.95019,139.62134
和みの会,今羽町自治会集会所,さいたま市北区今羽町４３番地,音楽（歌唱・演奏）,お茶を飲みながら地域住民の親睦を図る。一度「人情芝居」の鑑賞がある。（今羽町住民限定）　　ハンドセラピーの活動もあり。,年2回,無償,和みの会,048-666-0314,35.95019,139.62134
いつでも夢を,今羽町自治会集会所,さいたま市北区今羽町４３番地,音楽（歌唱・演奏）,お茶を飲みながら、地域住民同士のコミュニティーを図る。踊りの活動もあり。（今羽町住民限定）,毎月第3火曜日（１、８月は無し）,無償,いつでも夢を,048-664-0132,35.95019,139.62134
ふれあいサロンよしいち,吉野町1丁目自治会館,さいたま市北区吉野町1-365,サロン・茶話会,吉野町1丁目在住の高齢者を対象とした仲間づくり、交流サロンです。体操と小物づくりや楽器鑑賞を行っています。,年8回第2水曜日　９時３０分～,無償,宮原地区社会福祉協議会,048-652-0871,35.950715,139.612013
春岡うんどうサロン　　,春岡公民館,さいたま市見沼区深作1-5-1,体操教室,「うんどうサロン」概ね65歳以上の方を対象としたストレッチ運動、筋力トレーニング、レクリエーションを行います,毎月第4木曜日　13:30～14:30(8月休み),無償,春岡地区社会福祉協議会　　　　　,048-685-0006,35.95073,139.66431
ルピナス,春岡公民館,さいたま市見沼区深作1-5-1,介護予防教室,いきいき百歳体操の開催,"毎週月曜日
13：30～15：00",無償,"さいたま市見沼区北部圏
域地域包括支援センター
さいたまやすらぎの里",048-680-3289,35.9508065956445,139.664381984491
いきいき今羽,ウェルガーデン大宮,さいたま市北区今羽町660-1,介護予防教室,いきいき百歳体操の実施,"毎月第１第３水曜日
１４：００～１５：００",無償,大砂土地区社会福祉協議会,048-653-2800,35.95087,139.62597
いきいき今羽,ウェルガーデン大宮,さいたま市北区今羽町660-1,体操教室,いきいき百歳体操の実施,"毎月第１第３水曜日
１４：００～１５：００",無償,大砂土地区社会福祉協議会,048-653-2800,35.95087,139.62597
今羽の森ふれあいサロン,特別養護老人ホーム今羽の森,さいたま市北区今羽町６５０－１,運動・スポーツ,地域の皆様向けのカルチャースクール。新たな趣味、仲間づくりを提案。講座の後の交流会（茶話会）もあります。,各講座、月１回（全8講座）,有償,今羽の森ふれあいサロン,048-778-7330,35.95093457,139.62517822
今羽の森ふれあいサロン,特別養護老人ホーム今羽の森,さいたま市北区今羽町６５０－１,音楽（歌唱・演奏）,地域の皆様向けのカルチャースクール。新たな趣味、仲間づくりを提案。講座の後の交流会（茶話会）もあります。,各講座、月１回（全8講座）,有償,今羽の森ふれあいサロン,048-778-7330,35.95093457,139.62517822
今羽の森ふれあいサロン,特別養護老人ホーム今羽の森,さいたま市北区今羽町６５０－１,絵画・書道,地域の皆様向けのカルチャースクール。新たな趣味、仲間づくりを提案。講座の後の交流会（茶話会）もあります。,各講座、月１回（全8講座）,有償,今羽の森ふれあいサロン,048-778-7330,35.95093457,139.62517822
今羽の森ふれあいサロン,特別養護老人ホーム今羽の森,さいたま市北区今羽町６５０－１,交流その他,地域の皆様向けのカルチャースクール。新たな趣味、仲間づくりを提案。講座の後の交流会（茶話会）もあります。,各講座、月１回（全8講座）,有償,今羽の森ふれあいサロン,048-778-7330,35.95093457,139.62517822
今羽の森ふれあいサロン,特別養護老人ホーム今羽の森,さいたま市北区今羽町６５０－１,体操教室,地域の皆様向けのカルチャースクール。新たな趣味、仲間づくりを提案。講座の後の交流会（茶話会）もあります。,各講座、月１回（全8講座）,有償,今羽の森ふれあいサロン,048-778-7330,35.95093457,139.62517822
つくろい隊,さいたまやすらぎの里,さいたま市見沼区卸町2-21-1,手芸,高齢者施設に入所されている方の衣類などを繕うボランティアです。物を大切にする気持ちに寄り添いながら、主婦の経験をいかし活動しています。,月1回水曜日　13:30～15:30,無償,さいたま市見沼区北部圏域シニアサポートセンター さいたまやすらぎの里,048-680-3289,35.9514379905689,139.678301083492
ワンコインサロン東六,東大宮6丁目自治会館,さいたま市見沼区東大宮6丁目27-14,サロン・茶話会,健康体操、口腔体操、歌、脳トレ、ミニ講座、作品つくり　他,月1回,有償,大砂土東地区社会福祉協議会,048‐687-7935,35.95154736,139.64782898
ワンコインサロン東六,東大宮6丁目自治会館,さいたま市見沼区東大宮6丁目27-14,安否確認,健康体操、口腔体操、歌、脳トレ、ミニ講座、作品つくり　他,月1回,有償,大砂土東地区社会福祉協議会,048‐687-7935,35.95154736,139.64782898
東大宮6丁目自治会いきいき百歳体操の会,東大宮6丁目自治会館,さいたま市見沼区東大宮6丁目27-14,介護予防教室,介護予防としての実践マニュアルに基づいて百歳体操を実施　東大宮6丁目自治会員に限定,週1回,無償,シニアサポートセンター大和田,048‐685-8791,35.95154736,139.64782898
ワンコインサロン東六,東大宮6丁目自治会館,さいたま市見沼区東大宮6丁目27-14,話し相手・傾聴,健康体操、口腔体操、歌、脳トレ、ミニ講座、作品つくり　他,月1回,有償,大砂土東地区社会福祉協議会,048‐687-7935,35.95154736,139.64782898
県営大宮砂団地自治会,県営大宮砂団地大集会所,さいたま市見沼区東大宮3丁目6-4,サロン・茶話会,①地域運動支援員による運動　②いきいき百歳体操　③高齢者自ら食事の準備、提供、交流、専門家によるショートな講座　④自治会で管理運営する集会所の2ヶ所利用提供　　①②近隣の方　③砂団地住民限定　④東大宮2･3丁目、原市対象　きれいに使用する、大きな音を出さない、社会性がある、利益を得ない、砂団地の事を優先するなど条件あり　,①月1回　②月3回　③休止　,その他,シニアサポートセンター大和田,048‐685-8791,35.95168,139.62993
県営大宮砂団地自治会,県営大宮砂団地大集会所,さいたま市見沼区東大宮3丁目6-4,介護予防教室,①地域運動支援員による運動　②いきいき百歳体操　③高齢者自ら食事の準備、提供、交流、専門家によるショートな講座　④自治会で管理運営する集会所の2ヶ所利用提供　　①②近隣の方　③砂団地住民限定　④東大宮2･3丁目、原市対象　きれいに使用する、大きな音を出さない、社会性がある、利益を得ない、砂団地の事を優先するなど条件あり　,①月1回　②月3回　③休止　,その他,シニアサポートセンター大和田,048‐685-8791,35.95168,139.62993
県営大宮砂団地自治会,県営大宮砂団地大集会所,さいたま市見沼区東大宮3丁目6-4,会食会,①地域運動支援員による運動　②いきいき百歳体操　③高齢者自ら食事の準備、提供、交流、専門家によるショートな講座　④自治会で管理運営する集会所の2ヶ所利用提供　　①②近隣の方　③砂団地住民限定　④東大宮2･3丁目、原市対象　きれいに使用する、大きな音を出さない、社会性がある、利益を得ない、砂団地の事を優先するなど条件あり　,①月1回　②月3回　③休止　,その他,シニアサポートセンター大和田,048‐685-8791,35.95168,139.62993
県営大宮砂団地自治会,県営大宮砂団地大集会所,さいたま市見沼区東大宮3丁目6-4,場所の提供,①地域運動支援員による運動　②いきいき百歳体操　③高齢者自ら食事の準備、提供、交流、専門家によるショートな講座　④自治会で管理運営する集会所の2ヶ所利用提供　　①②近隣の方　③砂団地住民限定　④東大宮2･3丁目、原市対象　きれいに使用する、大きな音を出さない、社会性がある、利益を得ない、砂団地の事を優先するなど条件あり　,①月1回　②月3回　③休止　,その他,シニアサポートセンター大和田,048‐685-8791,35.95168,139.62993
県営大宮砂団地自治会,県営大宮砂団地大集会所,さいたま市見沼区東大宮3丁目6-4,体操教室,①地域運動支援員による運動　②いきいき百歳体操　③高齢者自ら食事の準備、提供、交流、専門家によるショートな講座　④自治会で管理運営する集会所の2ヶ所利用提供　　①②近隣の方　③砂団地住民限定　④東大宮2･3丁目、原市対象　きれいに使用する、大きな音を出さない、社会性がある、利益を得ない、砂団地の事を優先するなど条件あり　,①月1回　②月3回　③休止　,その他,シニアサポートセンター大和田,048‐685-8791,35.95168,139.62993
介護予防教室事業,市内全域各所,埼玉県さいたま市見沼区東大宮6-3-3,介護予防教室,地域密着を図り、介護予防運動指導員による筋力アップ・転倒予防・認知症予防・栄養改善等、介護予防を目的とした軽度な運動紹介や講義。また、イス・タオル等を使用し、自宅でも継続して行える簡易なストレッチや運動の紹介など。,随時,有償,ナーシングヴィラ与野,048-859-5375,35.9521728973699,139.645662772339
介護予防教室事業,市内全域各所,埼玉県さいたま市見沼区東大宮6-3-3,体操教室,地域密着を図り、介護予防運動指導員による筋力アップ・転倒予防・認知症予防・栄養改善等、介護予防を目的とした軽度な運動紹介や講義。また、イス・タオル等を使用し、自宅でも継続して行える簡易なストレッチや運動の紹介など。,随時,有償,ナーシングヴィラ与野,048-859-5375,35.9521728973699,139.645662772339
ワタミの宅食　さいたま北営業所,さいたま北営業所,さいたま市見沼区東大宮6丁目13-7,安否確認,管理栄養士が塩分・カロリーに配慮した日替わりの弁当を担当の「まごころスタッフ」がまごころをこめて自宅まで届ける,12/31～1/3を除く毎日,有償,ワタミの宅食　さいたま北営業所,0120-321-510,35.95219439,139.64638464
ワタミの宅食　さいたま北営業所,さいたま北営業所,さいたま市見沼区東大宮6丁目13-7,配食サービス,管理栄養士が塩分・カロリーに配慮した日替わりの弁当を担当の「まごころスタッフ」がまごころをこめて自宅まで届ける,12/31～1/3を除く毎日,有償,ワタミの宅食　さいたま北営業所,0120-321-510,35.95219439,139.64638464
東大宮千万亀会,東大宮4丁目自治会館,さいたま市見沼区東大宮4丁目40-3,サロン・茶話会,①体操を通して健康寿命を延ばし会話と脳トレ運動　②いきいき百歳体操　③高齢者向け生活実態に応じた講話、レクレーション(カラオケ・民踊り）防犯・自転車運転安全教室、認知症の講話他　③のみ老人クラブ会員限定,①月1回　②月2回　③2ヶ月に1回,その他,シニアサポートセンター大和田,048‐685-8791,35.95234357,139.6364494
ぷちさろん檸檬,東大宮4丁目自治会館,さいたま市見沼区東大宮4丁目40-3,サロン・茶話会,健康体操、口腔体操、清のズンドコ節、歌、脳トレ、ミニ講座、作品つくり　他,月1回,有償,大砂土東地区社会福祉協議会,048‐687-7935,35.95234357,139.6364494
ぷちさろん檸檬,東大宮4丁目自治会館,さいたま市見沼区東大宮4丁目40-3,安否確認,健康体操、口腔体操、清のズンドコ節、歌、脳トレ、ミニ講座、作品つくり　他,月1回,有償,大砂土東地区社会福祉協議会,048‐687-7935,35.95234357,139.6364494
東大宮千万亀会,東大宮4丁目自治会館,さいたま市見沼区東大宮4丁目40-3,運動・スポーツ,①体操を通して健康寿命を延ばし会話と脳トレ運動　②いきいき百歳体操　③高齢者向け生活実態に応じた講話、レクレーション(カラオケ・民踊り）防犯・自転車運転安全教室、認知症の講話他　③のみ老人クラブ会員限定,①月1回　②月2回　③2ヶ月に1回,その他,シニアサポートセンター大和田,048‐685-8791,35.95234357,139.6364494
東大宮千万亀会,東大宮4丁目自治会館,さいたま市見沼区東大宮4丁目40-3,介護予防教室,①体操を通して健康寿命を延ばし会話と脳トレ運動　②いきいき百歳体操　③高齢者向け生活実態に応じた講話、レクレーション(カラオケ・民踊り）防犯・自転車運転安全教室、認知症の講話他　③のみ老人クラブ会員限定,①月1回　②月2回　③2ヶ月に1回,その他,シニアサポートセンター大和田,048‐685-8791,35.95234357,139.6364494
東大宮千万亀会,東大宮4丁目自治会館,さいたま市見沼区東大宮4丁目40-3,会食会,①体操を通して健康寿命を延ばし会話と脳トレ運動　②いきいき百歳体操　③高齢者向け生活実態に応じた講話、レクレーション(カラオケ・民踊り）防犯・自転車運転安全教室、認知症の講話他　③のみ老人クラブ会員限定,①月1回　②月2回　③2ヶ月に1回,その他,シニアサポートセンター大和田,048‐685-8791,35.95234357,139.6364494
東大宮千万亀会,東大宮4丁目自治会館,さいたま市見沼区東大宮4丁目40-3,体操教室,①体操を通して健康寿命を延ばし会話と脳トレ運動　②いきいき百歳体操　③高齢者向け生活実態に応じた講話、レクレーション(カラオケ・民踊り）防犯・自転車運転安全教室、認知症の講話他　③のみ老人クラブ会員限定,①月1回　②月2回　③2ヶ月に1回,その他,シニアサポートセンター大和田,048‐685-8791,35.95234357,139.6364494
ぷちさろん檸檬,東大宮4丁目自治会館,さいたま市見沼区東大宮4丁目40-3,話し相手・傾聴,健康体操、口腔体操、清のズンドコ節、歌、脳トレ、ミニ講座、作品つくり　他,月1回,有償,大砂土東地区社会福祉協議会,048‐687-7935,35.95234357,139.6364494
3丁目ふれあいサロン,東大宮3丁目自治会館,さいたま市見沼区東大宮3丁目10－４,サロン・茶話会,健康体操、脳トレ、手芸、ミニ講座、歌　他,月1回,無償,大砂土東地区社会福祉協議会,048‐687-7935,35.95276505,139.62813622
3丁目ふれあいサロン,東大宮3丁目自治会館,さいたま市見沼区東大宮3丁目10－４,安否確認,健康体操、脳トレ、手芸、ミニ講座、歌　他,月1回,無償,大砂土東地区社会福祉協議会,048‐687-7935,35.95276505,139.62813622
3丁目ふれあいサロン,東大宮3丁目自治会館,さいたま市見沼区東大宮3丁目10－４,話し相手・傾聴,健康体操、脳トレ、手芸、ミニ講座、歌　他,月1回,無償,大砂土東地区社会福祉協議会,048‐687-7935,35.95276505,139.62813622
ブルーハイツワンコインサロン,ブルーハイツ大宮集会所,さいたま市見沼区東大宮3丁目6-2,サロン・茶話会,健康体操、歌、脳トレ、ミニ講座、作品つくり　他,月1回,有償,大砂土東地区社会福祉協議会,048‐687-7935,35.95280133,139.63038047
ブルーハイツワンコインサロン,ブルーハイツ大宮集会所,さいたま市見沼区東大宮3丁目6-2,安否確認,健康体操、歌、脳トレ、ミニ講座、作品つくり　他,月1回,有償,大砂土東地区社会福祉協議会,048‐687-7935,35.95280133,139.63038047
ブルーハイツワンコインサロン,ブルーハイツ大宮集会所,さいたま市見沼区東大宮3丁目6-2,話し相手・傾聴,健康体操、歌、脳トレ、ミニ講座、作品つくり　他,月1回,有償,大砂土東地区社会福祉協議会,048‐687-7935,35.95280133,139.63038047
おかわりサロン,包括にお問い合わせください,さいたま市北区今羽町３５０－１,交流その他,ウエルシア薬局主催で管理栄養士、他企業のためになる講座を季節に合わせて紹介している。,不定期開催,無償,シニアサポートセンター緑水苑,048-662-7350,35.9529882325805,139.623545567681
おかわりサロン,包括にお問い合わせください,さいたま市北区今羽町３５０－１,公開講座,ウエルシア薬局主催で管理栄養士、他企業のためになる講座を季節に合わせて紹介している。,不定期開催,無償,シニアサポートセンター緑水苑,048-662-7350,35.9529882325805,139.623545567681
おかわりサロン,包括にお問い合わせください,さいたま市北区今羽町３５０－１,場所の提供,ウエルシア薬局主催で管理栄養士、他企業のためになる講座を季節に合わせて紹介している。,不定期開催,無償,シニアサポートセンター緑水苑,048-662-7350,35.9529882325805,139.623545567681
百歳体操イチ・二・サン,ウェルカフェさいたま今羽店,さいたま市北区今羽町３５０－１,介護予防教室,ウェルシア薬局今羽店のウェルカフェで百歳体操を行っています。３密を避け２部制をとっています。予約制です。,"毎月第２第４月曜日
１部、10時～10時45分
２部、11時～11時45分",無償,シニアサポートセンター諏訪の苑,048-662-7600,35.95303129,139.6235255
百歳体操イチ・二・サン,ウェルカフェさいたま今羽店,さいたま市北区今羽町３５０－１,体操教室,ウェルシア薬局今羽店のウェルカフェで百歳体操を行っています。３密を避け２部制をとっています。予約制です。,"毎月第２第４月曜日
１部、10時～10時45分
２部、11時～11時45分",無償,シニアサポートセンター諏訪の苑,048-662-7600,35.95303129,139.6235255
えがおで体操,東大宮4丁目自治会館,さいたま市見沼区東大宮4丁目40-3,介護予防教室,百歳体操、口腔体操,月2回　第2、第4木曜日,無償,シニアサポートセンター大和田,048‐685-8791,35.95309354,139.6375465
ハレ認知症家族交流会,小山家住宅主屋,さいたま市見沼区深作353-1,交流その他,認知症の方を介護されている家族や、介護経験者が今抱えている悩みや不安を語り合える場です。,"毎月第2金曜日
13：30～15：30",有償,さいたま市見沼区北部圏域シニアサポートセンターさいたまやすらぎの里,048-680-3289,35.9536412091581,139.669409806523
カフェ宮団,宮原団地住宅自治会集会所,さいたま市北区吉野町2-140,サロン・茶話会,宮原団地住宅自治会地区在住の高齢者を対象とした交流サロンです。季節にまつわる小物製作や合唱グループの鑑賞、音読会等、様々行っています。,年6回（偶数月第4火曜日）14：00～,無償,宮原地区社会福祉協議会,048-652-0871,35.95381,139.60529
ふれあいサロン奈別,奈良別所団地自治会館,さいたま市北区別所町1000-43,サロン・茶話会,奈良別所団地地区の高齢者を対象とした交流サロンです。健康講座や体操を行っています。近年は年1回、地域の子供達との交流も行っています。,年3回　13：30～,無償,宮原地区社会福祉協議会,048-652-0871,35.95403501,139.59384769
西町シルバークラブ西寿会,西町会館,さいたま市岩槻区西町5丁目３-33,安否確認,ラジオ体操を通して地域住民が交流し地域の環境整備など地域の友愛を。,ラジオ体操　毎回月～金８：３０～。グランドゴルフ週1回,無償,地域包括支援センター松鶴園,048-795-2653,35.95483,139.69132
西町シルバークラブ西寿会,西町会館,さいたま市岩槻区西町5丁目３-33,運動・スポーツ,ラジオ体操を通して地域住民が交流し地域の環境整備など地域の友愛を。,ラジオ体操　毎回月～金８：３０～。グランドゴルフ週1回,無償,地域包括支援センター松鶴園,048-795-2653,35.95483,139.69132
西町シルバークラブ西寿会,西町会館,さいたま市岩槻区西町5丁目３-33,交流その他,ラジオ体操を通して地域住民が交流し地域の環境整備など地域の友愛を。,ラジオ体操　毎回月～金８：３０～。グランドゴルフ週1回,無償,地域包括支援センター松鶴園,048-795-2653,35.95483,139.69132
西町シルバークラブ西寿会,西町会館,さいたま市岩槻区西町5丁目３-33,防犯パトロール,ラジオ体操を通して地域住民が交流し地域の環境整備など地域の友愛を。,ラジオ体操　毎回月～金８：３０～。グランドゴルフ週1回,無償,地域包括支援センター松鶴園,048-795-2653,35.95483,139.69132
西町健康サロン,西町会館,さいたま市岩槻区西町5丁目3-37,サロン・茶話会,"民生委員3名が中心となり、いきいき百歳体操を実施。
西町第1・第2エリアにお住まいの方なら自治会員でなくても参加可能。",第1・第3水曜日　13:00～15:00,無償,西町健康サロン,090-7252-8044,35.95484,139.6913
西町健康サロン,西町会館,さいたま市岩槻区西町5丁目3-37,音楽（歌唱・演奏）,"民生委員3名が中心となり、いきいき百歳体操を実施。
西町第1・第2エリアにお住まいの方なら自治会員でなくても参加可能。",第1・第3水曜日　13:00～15:00,無償,西町健康サロン,090-7252-8044,35.95484,139.6913
西町健康サロン,西町会館,さいたま市岩槻区西町5丁目3-37,介護予防教室,"民生委員3名が中心となり、いきいき百歳体操を実施。
西町第1・第2エリアにお住まいの方なら自治会員でなくても参加可能。",第1・第3水曜日　13:00～15:00,無償,西町健康サロン,090-7252-8044,35.95484,139.6913
西町健康サロン,西町会館,さいたま市岩槻区西町5丁目3-37,会食会,"民生委員3名が中心となり、いきいき百歳体操を実施。
西町第1・第2エリアにお住まいの方なら自治会員でなくても参加可能。",第1・第3水曜日　13:00～15:00,無償,西町健康サロン,090-7252-8044,35.95484,139.6913
西町健康サロン,西町会館,さいたま市岩槻区西町5丁目3-37,体操教室,"民生委員3名が中心となり、いきいき百歳体操を実施。
西町第1・第2エリアにお住まいの方なら自治会員でなくても参加可能。",第1・第3水曜日　13:00～15:00,無償,西町健康サロン,090-7252-8044,35.95484,139.6913
鈴（ベル）サロン,鈴木自治会館,さいたま市北区吉野町2-25-4,サロン・茶話会,吉野町2丁目鈴木地区の高齢者を対象とした交流サロンです。健康講座や楽器演奏の鑑賞、茶話会を行っています。,年3回　第1月曜日13：30～,無償,宮原地区社会福祉協議会,048-652-0871,35.955,139.60206
お茶飲みサロン丸ヶ崎,丸ヶ崎町自治会館,さいたま市見沼区丸ヶ崎町27-10,サロン・茶話会,ふれあいいきいきサロン・食事、歌声喫茶、茶話会、花づくり。DVDによる映写会、健康体操など参加者の希望により選択実施,第2水曜日　10:00～12:00　　,有償,さいたま市見沼区北部圏域シニアサポートセンター さいたまやすらぎの里,048-680-3289,35.95510551,139.65216449
春岡うんどうサロン　　　,丸ヶ崎町自治会館,さいたま市見沼区丸ヶ崎町27-10,体操教室,「うんどうサロン」概ね65歳以上の方を対象としたストレッチ運動、筋力トレーニング、レクリエーションを行います,毎月第4火曜日　13:30～14:30(8月休み),無償,春岡地区社会福祉協議会　　　　　,048-685-0006,35.95510551,139.65216449
Let`Sステップ,さいたまCOOP東岩槻店２F,さいたま市岩槻区南平野3-14-3,運動・スポーツ,ストレッチ運動やスクエアステップを行い、体力作りをする,"毎月第2,4月曜日",有償,シニアサポートセンター白鶴ホーム,048-794-3939,35.95527,139.71672
さくらこ,丸ヶ崎町自治会館,さいたま市見沼区丸ヶ崎町27-10,介護予防教室,いきいき百歳体操の開催,"毎週月曜日
10：00～11：00（５週目休み）",無償,さいたま市見沼区北部圏域シニアサポートセンターさいたまやすらぎの里,048-680-3289,35.9553153604528,139.652092723974
南平野公園ラジオ体操,南平野公園内,さいたま市岩槻区南平野２－２６他,運動・スポーツ,毎朝のＮＨＫラジオ体操を行い健康作りをする,毎日,無償,シニアサポートセンター白鶴ホーム,048-794-3939,35.95544,139.71769
明日の会,春野老人憩いの家,"さいたま市
見沼区春野1-7-1",サロン・茶話会,おしゃべりをする会です。日々の情報交換や、みんなでやってみたいことなどを話しています。,"第2第4金曜日
10：00～11：30",無償,"さいたま市見沼区北部圏
域シニアサポートセンター
さいたまやすらぎの里",048-680-3289,35.95573188782,139.667848338698
にこにこクラブA,春野老人憩いの家,さいたま市見沼区春野1-7-1,介護予防教室,いきいき百歳体操の開催,毎週月曜日　10：00～11：00,無償,さいたま市見沼区北部圏域シニアサポートセンター さいたまやすらぎの里,048-680-3289,35.95578,139.66784
にこにこクラブB,春野老人憩いの家,さいたま市見沼区春野1-7-1,介護予防教室,いきいき百歳体操の開催,毎週木曜日　10：00～11：00か13:00～14:00,無償,さいたま市見沼区北部圏域シニアサポートセンター さいたまやすらぎの里,048-680-3289,35.95578,139.66784
介護者サロン「虹」,ウエサカ薬局東岩槻店　２F,さいたま市岩槻区南平野3-7-17,サロン・茶話会,介護者を対象に茶話会を開いて心のリフレッシュを行う,毎月第３火曜日,無償,シニアサポートセンター白鶴ホーム,048-794-3939,35.95639,139.71622
介護者サロン「虹」,ウエサカ薬局東岩槻店　２F,さいたま市岩槻区南平野3-7-17,その他生活支援,介護者を対象に茶話会を開いて心のリフレッシュを行う,毎月第３火曜日,無償,シニアサポートセンター白鶴ホーム,048-794-3939,35.95639,139.71622
西町シルバークラブ西寿会,西町児童公園,さいたま市岩槻区西町4丁目３－２５,安否確認,"ラジオ体操を通して地域住民が交流し地域の環境整備など地域の友愛を。
「新春の集い」「敬老会」「落葉拾いや花壇の清掃、花の植え替え」なども実施している。また、月例会として年に3回イベントも開催している。",ラジオ体操　毎回月～金８：３０～。グランドゴルフ週1回,無償,地域包括支援センター松鶴園,048-795-2653,35.9572330879845,139.688684596587
西町シルバークラブ西寿会,西町児童公園,さいたま市岩槻区西町4丁目３－２５,運動・スポーツ,"ラジオ体操を通して地域住民が交流し地域の環境整備など地域の友愛を。
「新春の集い」「敬老会」「落葉拾いや花壇の清掃、花の植え替え」なども実施している。また、月例会として年に3回イベントも開催している。",ラジオ体操　毎回月～金８：３０～。グランドゴルフ週1回,無償,地域包括支援センター松鶴園,048-795-2653,35.9572330879845,139.688684596587
西町シルバークラブ西寿会,西町児童公園,さいたま市岩槻区西町4丁目３－２５,交流その他,"ラジオ体操を通して地域住民が交流し地域の環境整備など地域の友愛を。
「新春の集い」「敬老会」「落葉拾いや花壇の清掃、花の植え替え」なども実施している。また、月例会として年に3回イベントも開催している。",ラジオ体操　毎回月～金８：３０～。グランドゴルフ週1回,無償,地域包括支援センター松鶴園,048-795-2653,35.9572330879845,139.688684596587
西町シルバークラブ西寿会,西町児童公園,さいたま市岩槻区西町4丁目３－２５,防犯パトロール,"ラジオ体操を通して地域住民が交流し地域の環境整備など地域の友愛を。
「新春の集い」「敬老会」「落葉拾いや花壇の清掃、花の植え替え」なども実施している。また、月例会として年に3回イベントも開催している。",ラジオ体操　毎回月～金８：３０～。グランドゴルフ週1回,無償,地域包括支援センター松鶴園,048-795-2653,35.9572330879845,139.688684596587
あじさいクラブ,市営春野団地集会所,さいたま市見沼区春野2-3-1,サロン・茶話会,いきいき百歳体操や体操後の交流会,毎週水曜日　10:30～11：30,無償,さいたま市見沼区北部圏域シニアサポートセンター さいたまやすらぎの里,048-680-3289,35.95734,139.66258
あじさいクラブ,市営春野団地集会所,さいたま市見沼区春野2-3-1,介護予防教室,いきいき百歳体操や体操後の交流会,毎週水曜日　10:30～11：30,無償,さいたま市見沼区北部圏域シニアサポートセンター さいたまやすらぎの里,048-680-3289,35.95734,139.66258
宮町いきいき百歳体操,三町公民館,さいたま市岩槻区宮町1丁目5-29,介護予防教室,いきいき百歳体操・ラジオ体操・グランドゴルフ・麻雀クラブ・手芸などを行う。,隔週月曜日　9:30～11:00,無償,宮町いきいき百歳体操,090-8000-5247,35.95771,139.69811
宮町いきいき百歳体操,三町公民館,さいたま市岩槻区宮町1丁目5-29,会食会,いきいき百歳体操・ラジオ体操・グランドゴルフ・麻雀クラブ・手芸などを行う。,隔週月曜日　9:30～11:00,無償,宮町いきいき百歳体操,090-8000-5247,35.95771,139.69811
宮町いきいき百歳体操,三町公民館,さいたま市岩槻区宮町1丁目5-29,健康麻雀・囲碁・将棋,いきいき百歳体操・ラジオ体操・グランドゴルフ・麻雀クラブ・手芸などを行う。,隔週月曜日　9:30～11:00,無償,宮町いきいき百歳体操,090-8000-5247,35.95771,139.69811
宮町いきいき百歳体操,三町公民館,さいたま市岩槻区宮町1丁目5-29,手芸,いきいき百歳体操・ラジオ体操・グランドゴルフ・麻雀クラブ・手芸などを行う。,隔週月曜日　9:30～11:00,無償,宮町いきいき百歳体操,090-8000-5247,35.95771,139.69811
宮町いきいき百歳体操,三町公民館,さいたま市岩槻区宮町1丁目5-29,体操教室,いきいき百歳体操・ラジオ体操・グランドゴルフ・麻雀クラブ・手芸などを行う。,隔週月曜日　9:30～11:00,無償,宮町いきいき百歳体操,090-8000-5247,35.95771,139.69811
日の出町自治会　日の出町寿会,三町公民館,さいたま市岩槻区宮町１－５－２９,サロン・茶話会,月１回公民館に集まり、茶話会など,月１回,有償,日の出町自治会　日の出町寿会,048-756-5537,35.95781244,139.69810117
日の出町自治会　日の出町寿会,三町公民館,さいたま市岩槻区宮町１－５－２９,安否確認,月１回公民館に集まり、茶話会など,月１回,有償,日の出町自治会　日の出町寿会,048-756-5537,35.95781244,139.69810117
日の出町自治会　日の出町寿会,三町公民館,さいたま市岩槻区宮町１－５－２９,運動・スポーツ,月１回公民館に集まり、茶話会など,月１回,有償,日の出町自治会　日の出町寿会,048-756-5537,35.95781244,139.69810117
日の出町自治会　日の出町寿会,三町公民館,さいたま市岩槻区宮町１－５－２９,介護予防教室,月１回公民館に集まり、茶話会など,月１回,有償,日の出町自治会　日の出町寿会,048-756-5537,35.95781244,139.69810117
日の出町自治会　日の出町寿会,三町公民館,さいたま市岩槻区宮町１－５－２９,会食会,月１回公民館に集まり、茶話会など,月１回,有償,日の出町自治会　日の出町寿会,048-756-5537,35.95781244,139.69810117
日の出町自治会　日の出町寿会,三町公民館,さいたま市岩槻区宮町１－５－２９,交流その他,月１回公民館に集まり、茶話会など,月１回,有償,日の出町自治会　日の出町寿会,048-756-5537,35.95781244,139.69810117
日の出町自治会　日の出町寿会,三町公民館,さいたま市岩槻区宮町１－５－２９,体操教室,月１回公民館に集まり、茶話会など,月１回,有償,日の出町自治会　日の出町寿会,048-756-5537,35.95781244,139.69810117
日の出町自治会　日の出町寿会,三町公民館,さいたま市岩槻区宮町１－５－２９,話し相手・傾聴,月１回公民館に集まり、茶話会など,月１回,有償,日の出町自治会　日の出町寿会,048-756-5537,35.95781244,139.69810117
ひまわりニコニコ体操,みやびの里,さいたま市北区別所町９２０,介護予防教室,いきサポ・ます元の修了者が立ち上げた百歳体操グループです。近隣住民の方同士のため和気あいあいと行っています。,毎週水曜日　15：30～16：30,無償,シニアサポートセンター緑水苑,048-662-7350,35.9579351258178,139.590665496518
別所ふれあいサロン,別所町自治会館,さいたま市北区別所町69-9,サロン・茶話会,別所町に在住の高齢者を対象に体操と茶話会を行っています。,年1～2回　10：00～,無償,宮原地区社会福祉協議会,048-652-0871,35.95835,139.5979
美幸町ふれあいサロン会,美幸町自治会館,さいたま市岩槻区美幸町６－３２,サロン・茶話会,コロナ禍の中、活動をラジオ体操に切りかえ実施している。,"月１回から随時　毎年
12月～3月は休止、春の彼岸から再開する",無償,美幸町ふれあいサロン会,048-757-2897,35.95967,139.69408
美幸町ふれあいサロン会,美幸町自治会館,さいたま市岩槻区美幸町６－３２,運動・スポーツ,コロナ禍の中、活動をラジオ体操に切りかえ実施している。,"月１回から随時　毎年
12月～3月は休止、春の彼岸から再開する",無償,美幸町ふれあいサロン会,048-757-2897,35.95967,139.69408
美幸町ふれあいサロン会,美幸町自治会館,さいたま市岩槻区美幸町６－３２,介護予防教室,コロナ禍の中、活動をラジオ体操に切りかえ実施している。,"月１回から随時　毎年
12月～3月は休止、春の彼岸から再開する",無償,美幸町ふれあいサロン会,048-757-2897,35.95967,139.69408
美幸町ふれあいサロン会,美幸町自治会館,さいたま市岩槻区美幸町６－３２,防犯パトロール,コロナ禍の中、活動をラジオ体操に切りかえ実施している。,"月１回から随時　毎年
12月～3月は休止、春の彼岸から再開する",無償,美幸町ふれあいサロン会,048-757-2897,35.95967,139.69408
ゆうゆうサロン,プロムナード大宮春野コミュニティセンター,さいたま市見沼区春野3丁目18-5,サロン・茶話会,年代幅広く交流　折り紙・卓球・ストレッチ(年2回)ハロウィンパーティー(10月)フラワーデザイン花見(4月),第4金曜日　10:00～12:00,その他,さいたま市見沼区北部圏域シニアサポートセンター さいたまやすらぎの里,048-680-3289,35.95972,139.6596
ゆうゆうサロン,プロムナード大宮春野コミュニティセンター,さいたま市見沼区春野3丁目18-5,運動・スポーツ,年代幅広く交流　折り紙・卓球・ストレッチ(年2回)ハロウィンパーティー(10月)フラワーデザイン花見(4月),第4金曜日　10:00～12:00,その他,さいたま市見沼区北部圏域シニアサポートセンター さいたまやすらぎの里,048-680-3289,35.95972,139.6596
はるのいきいき体操クラブ,プロムナード大宮春野コミュニティセンター,さいたま市見沼区春野3丁目18-5,介護予防教室,いきいき百歳体操の開催　体操後に脳トレや下肢筋力up体操,毎週月曜日13:00～14:00　毎週木曜日10:00～11:00　週2回開催,無償,さいたま市見沼区北部圏域シニアサポートセンター さいたまやすらぎの里,048-680-3289,35.95972,139.6596
ゆうゆうサロン,プロムナード大宮春野コミュニティセンター,さいたま市見沼区春野3丁目18-5,交流その他,年代幅広く交流　折り紙・卓球・ストレッチ(年2回)ハロウィンパーティー(10月)フラワーデザイン花見(4月),第4金曜日　10:00～12:00,その他,さいたま市見沼区北部圏域シニアサポートセンター さいたまやすらぎの里,048-680-3289,35.95972,139.6596
ゆうゆうサロン,プロムナード大宮春野コミュニティセンター,さいたま市見沼区春野3丁目18-5,手芸,年代幅広く交流　折り紙・卓球・ストレッチ(年2回)ハロウィンパーティー(10月)フラワーデザイン花見(4月),第4金曜日　10:00～12:00,その他,さいたま市見沼区北部圏域シニアサポートセンター さいたまやすらぎの里,048-680-3289,35.95972,139.6596
東宮町ふれあいサロン,東宮町自治会集会所,さいたま市岩槻区宮町2丁目13－18,サロン・茶話会,"地域住民の皆さんと一緒に、日々を楽しく過ごせるように東宮町自治会の女性有志が中心となり毎月１回ふれあい会サロンを企画。
卓球、きりたんぽ会、カレー祭り、学習会・講話・演芸鑑賞・歌の集い、小さな作品作り等多彩。","サロン・茶話会（1月・8月除く毎月第3土曜日）
体操教室（毎週月曜日）10：00～11：30
時間：10時～11時30分",有償,東宮町ふれあいサロン,048-757-4455,35.96006432,139.70536
東宮町ふれあいサロン,東宮町自治会集会所,さいたま市岩槻区宮町2丁目13－18,介護予防教室,"地域住民の皆さんと一緒に、日々を楽しく過ごせるように東宮町自治会の女性有志が中心となり毎月１回ふれあい会サロンを企画。
卓球、きりたんぽ会、カレー祭り、学習会・講話・演芸鑑賞・歌の集い、小さな作品作り等多彩。","サロン・茶話会（1月・8月除く毎月第3土曜日）
体操教室（毎週月曜日）10：00～11：30
時間：10時～11時30分",有償,東宮町ふれあいサロン,048-757-4455,35.96006432,139.70536
東宮町ふれあいサロン,東宮町自治会集会所,さいたま市岩槻区宮町2丁目13－18,体操教室,"地域住民の皆さんと一緒に、日々を楽しく過ごせるように東宮町自治会の女性有志が中心となり毎月１回ふれあい会サロンを企画。
卓球、きりたんぽ会、カレー祭り、学習会・講話・演芸鑑賞・歌の集い、小さな作品作り等多彩。","サロン・茶話会（1月・8月除く毎月第3土曜日）
体操教室（毎週月曜日）10：00～11：30
時間：10時～11時30分",有償,東宮町ふれあいサロン,048-757-4455,35.96006432,139.70536
うぐいす公園ラジオ体操,うぐいす公園,さいたま市岩槻区東岩槻5-11-9,体操教室,運動不足を解消し、転倒しない体力作りをする,毎週火金曜日,無償,シニアサポートセンター白鶴ホーム,048-794-3939,35.96059,139.71275
まごころ体操,特別養護老人ホームなごみの里,さいたま市北区別所町892,サロン・茶話会,施設の会議室を借りて活動しています。百歳体操だけでなく、ストレッチなども取り入れています。情報交換も盛んで、おしゃべり好きな方の参加をお待ちしています。,第1・第3火曜日　14：00～15：00,無償,シニアサポートセンター緑水苑,048-662-7350,35.9606237128988,139.588554368251
まごころ体操,特別養護老人ホームなごみの里,さいたま市北区別所町892,その他活動,施設の会議室を借りて活動しています。百歳体操だけでなく、ストレッチなども取り入れています。情報交換も盛んで、おしゃべり好きな方の参加をお待ちしています。,第1・第3火曜日　14：00～15：00,無償,シニアサポートセンター緑水苑,048-662-7350,35.9606237128988,139.588554368251
まごころ体操,特別養護老人ホームなごみの里,さいたま市北区別所町892,介護予防教室,施設の会議室を借りて活動しています。百歳体操だけでなく、ストレッチなども取り入れています。情報交換も盛んで、おしゃべり好きな方の参加をお待ちしています。,第1・第3火曜日　14：00～15：00,無償,シニアサポートセンター緑水苑,048-662-7350,35.9606237128988,139.588554368251
春野カトレア会,春野一区自治会集会所,さいたま市見沼区春野3丁目9,サロン・茶話会,体操・手芸・お話会・お食事会(年2回),第4火曜日　13:30～16:30,有償,さいたま市見沼区北部圏域シニアサポートセンター さいたまやすらぎの里,048-680-3289,35.96091,139.65646
春野カトレア会,春野一区自治会集会所,さいたま市見沼区春野3丁目9,運動・スポーツ,体操・手芸・お話会・お食事会(年2回),第4火曜日　13:30～16:30,有償,さいたま市見沼区北部圏域シニアサポートセンター さいたまやすらぎの里,048-680-3289,35.96091,139.65646
春野カトレア会,春野一区自治会集会所,さいたま市見沼区春野3丁目9,介護予防教室,体操・手芸・お話会・お食事会(年2回),第4火曜日　13:30～16:30,有償,さいたま市見沼区北部圏域シニアサポートセンター さいたまやすらぎの里,048-680-3289,35.96091,139.65646
春野カトレア会,春野一区自治会集会所,さいたま市見沼区春野3丁目9,手芸,体操・手芸・お話会・お食事会(年2回),第4火曜日　13:30～16:30,有償,さいたま市見沼区北部圏域シニアサポートセンター さいたまやすらぎの里,048-680-3289,35.96091,139.65646
虹色ルンルンおたすけ隊,市民会館いわつき,さいたま市岩槻区太田3ー1ー1,サロン・茶話会,"会員一人ひとりが元気でいるために100歳体操を中心とした運動を行う。会員同士の繋がりを大切にし、それぞれが出来る事で互いに助け合うおたすけ隊を組織している。
会員の特技を活かした交流の場・茶話部を立ち上げおしゃべりタイムを楽しんでいる。
どなたでも参加可能。",第2・第4火曜日　10：00～11：30,有償,虹色ルンルンおたすけ隊,048-758-1103,35.96111485,139.6985416
虹色ルンルンおたすけ隊,市民会館いわつき,さいたま市岩槻区太田3ー1ー1,安否確認,"会員一人ひとりが元気でいるために100歳体操を中心とした運動を行う。会員同士の繋がりを大切にし、それぞれが出来る事で互いに助け合うおたすけ隊を組織している。
会員の特技を活かした交流の場・茶話部を立ち上げおしゃべりタイムを楽しんでいる。
どなたでも参加可能。",第2・第4火曜日　10：00～11：30,有償,虹色ルンルンおたすけ隊,048-758-1103,35.96111485,139.6985416
虹色ルンルンおたすけ隊,市民会館いわつき,さいたま市岩槻区太田3ー1ー1,移送・送迎（車両等使用）,"会員一人ひとりが元気でいるために100歳体操を中心とした運動を行う。会員同士の繋がりを大切にし、それぞれが出来る事で互いに助け合うおたすけ隊を組織している。
会員の特技を活かした交流の場・茶話部を立ち上げおしゃべりタイムを楽しんでいる。
どなたでも参加可能。",第2・第4火曜日　10：00～11：30,有償,虹色ルンルンおたすけ隊,048-758-1103,35.96111485,139.6985416
虹色ルンルンおたすけ隊,市民会館いわつき,さいたま市岩槻区太田3ー1ー1,音楽（歌唱・演奏）,"会員一人ひとりが元気でいるために100歳体操を中心とした運動を行う。会員同士の繋がりを大切にし、それぞれが出来る事で互いに助け合うおたすけ隊を組織している。
会員の特技を活かした交流の場・茶話部を立ち上げおしゃべりタイムを楽しんでいる。
どなたでも参加可能。",第2・第4火曜日　10：00～11：30,有償,虹色ルンルンおたすけ隊,048-758-1103,35.96111485,139.6985416
虹色ルンルンおたすけ隊,市民会館いわつき,さいたま市岩槻区太田3ー1ー1,介護予防教室,"会員一人ひとりが元気でいるために100歳体操を中心とした運動を行う。会員同士の繋がりを大切にし、それぞれが出来る事で互いに助け合うおたすけ隊を組織している。
会員の特技を活かした交流の場・茶話部を立ち上げおしゃべりタイムを楽しんでいる。
どなたでも参加可能。",第2・第4火曜日　10：00～11：30,有償,虹色ルンルンおたすけ隊,048-758-1103,35.96111485,139.6985416
虹色ルンルンおたすけ隊,市民会館いわつき,さいたま市岩槻区太田3ー1ー1,交流その他,"会員一人ひとりが元気でいるために100歳体操を中心とした運動を行う。会員同士の繋がりを大切にし、それぞれが出来る事で互いに助け合うおたすけ隊を組織している。
会員の特技を活かした交流の場・茶話部を立ち上げおしゃべりタイムを楽しんでいる。
どなたでも参加可能。",第2・第4火曜日　10：00～11：30,有償,虹色ルンルンおたすけ隊,048-758-1103,35.96111485,139.6985416
虹色ルンルンおたすけ隊,市民会館いわつき,さいたま市岩槻区太田3ー1ー1,住民主体の学習会,"会員一人ひとりが元気でいるために100歳体操を中心とした運動を行う。会員同士の繋がりを大切にし、それぞれが出来る事で互いに助け合うおたすけ隊を組織している。
会員の特技を活かした交流の場・茶話部を立ち上げおしゃべりタイムを楽しんでいる。
どなたでも参加可能。",第2・第4火曜日　10：00～11：30,有償,虹色ルンルンおたすけ隊,048-758-1103,35.96111485,139.6985416
虹色ルンルンおたすけ隊,市民会館いわつき,さいたま市岩槻区太田3ー1ー1,体操教室,"会員一人ひとりが元気でいるために100歳体操を中心とした運動を行う。会員同士の繋がりを大切にし、それぞれが出来る事で互いに助け合うおたすけ隊を組織している。
会員の特技を活かした交流の場・茶話部を立ち上げおしゃべりタイムを楽しんでいる。
どなたでも参加可能。",第2・第4火曜日　10：00～11：30,有償,虹色ルンルンおたすけ隊,048-758-1103,35.96111485,139.6985416
東岩槻おせっ会,東岩槻自治会館,さいたま市岩槻区東岩槻5-2-12,サロン・茶話会,自宅訪問を行い、安否確認、見守りをする,随時,無償,シニアサポートセンター白鶴ホーム,048-794-3939,35.9611678,139.71526889
東岩槻おせっ会,東岩槻自治会館,さいたま市岩槻区東岩槻5-2-12,安否確認,自宅訪問を行い、安否確認、見守りをする,随時,無償,シニアサポートセンター白鶴ホーム,048-794-3939,35.9611678,139.71526889
福寿クラブ,東岩槻自治会館,さいたま市岩槻区東岩槻5-2-12,介護予防教室,百歳体操を中心とした運動を行い健康の維持向上を目指す,毎週金曜日,無償,シニアサポートセンター白鶴ホーム,048-794-3939,35.9611678,139.71526889
いきいきサロン,ハーウイル東岩槻,さいたま市岩槻区東岩槻5-10-5,健康麻雀・囲碁・将棋,ミニ講座や健康麻雀で他者とのつながりや心のリフレッシュを行う,毎月第1．3木曜日,無償,シニアサポートセンター白鶴ホーム,048-794-3939,35.96198443,139.71356907
みかんの会,ふれあいプラザいわつき,さいたま市岩槻区東岩槻６－６　　　　　　　　　　　　　　　　　　,その他活動,"一人暮らし高齢者の会食会、講話・演芸鑑賞等多彩
民生・児童委員協議会による推薦者が利用できる。","月2回
（一人月1回）",無償,みかんの会,048-757-1080,35.96203988,139.71635764
みかんの会,ふれあいプラザいわつき,さいたま市岩槻区東岩槻６－６　　　　　　　　　　　　　　　　　　,安否確認,"一人暮らし高齢者の会食会、講話・演芸鑑賞等多彩
民生・児童委員協議会による推薦者が利用できる。","月2回
（一人月1回）",無償,みかんの会,048-757-1080,35.96203988,139.71635764
みかんの会,ふれあいプラザいわつき,さいたま市岩槻区東岩槻６－６　　　　　　　　　　　　　　　　　　,会食会,"一人暮らし高齢者の会食会、講話・演芸鑑賞等多彩
民生・児童委員協議会による推薦者が利用できる。","月2回
（一人月1回）",無償,みかんの会,048-757-1080,35.96203988,139.71635764
神山サロン,神山自治会館,さいたま市北区吉野町2-236-3,サロン・茶話会,神山地区在住の高齢者を対象とした仲間づくり、交流サロンです。ダンス・楽器演奏の鑑賞や様々なサークル活動の方にイベントを行っていただいています。,年7回　第4金曜日10：00～,無償,宮原地区社会福祉協議会,048-652-0871,35.96220644,139.60939039
オレンジ,ふれあいプラザいわつき,さいたま市岩槻区東岩槻5-10-5,運動・スポーツ,百歳体操を中心とした運動を行い健康の維持向上を目指す,毎週木曜日,有償,シニアサポートセンター白鶴ホーム,048-794-3939,35.96231,139.71652
東岩槻地区社会福祉協議会,ふれあいプラザいわつき,さいたま市岩槻区東岩槻6-6,介護予防教室,ころばん体操と頭の体操,年２回,無償,東岩槻地区社会福祉協議会,048-794-6355,35.96231,139.71652
オレンジ,ふれあいプラザいわつき,さいたま市岩槻区東岩槻5-10-5,介護予防教室,百歳体操を中心とした運動を行い健康の維持向上を目指す,毎週木曜日,有償,シニアサポートセンター白鶴ホーム,048-794-3939,35.96231,139.71652
"ふれあい健康サロン
(ギター)",平林寺公民館,さいたま市岩槻区平林寺３０４－１,"ギター演奏
健康体操",ギター演奏で懐メロを歌う、その後健康体操を行う。,月1回第４木曜日　10:00～12:00,無償,"ふれあい健康サロン
(ギター)",080-5912－1204,35.9642692937119,139.676968255896
"ふれあい健康サロン
(ギター)",平林寺公民館,さいたま市岩槻区平林寺３０４－１,音楽（歌唱・演奏）,ギター演奏で懐メロを歌う、その後健康体操を行う。,月1回第４木曜日　10:00～12:00,無償,"ふれあい健康サロン
(ギター)",080-5912－1204,35.9642692937119,139.676968255896
"ふれあい健康サロン
(健康体操)",平林寺公民館,さいたま市岩槻区平林寺３０４－１,介護予防教室,曲に合わせて健康体操を行う・ゲームを行う。,毎月第２・４土曜日　10:00～12:00,無償,"ふれあい健康サロン
(健康体操)","090ー9820ー
0983",35.9642692937119,139.676968255896
"ふれあい健康サロン
(ギター)",平林寺公民館,さいたま市岩槻区平林寺３０４－１,体操教室,ギター演奏で懐メロを歌う、その後健康体操を行う。,月1回第４木曜日　10:00～12:00,無償,"ふれあい健康サロン
(ギター)",080-5912－1204,35.9642692937119,139.676968255896
"ふれあい健康サロン
(健康体操)",平林寺公民館,さいたま市岩槻区平林寺３０４－１,体操教室,曲に合わせて健康体操を行う・ゲームを行う。,毎月第２・４土曜日　10:00～12:00,無償,"ふれあい健康サロン
(健康体操)","090ー9820ー
0983",35.9642692937119,139.676968255896
諏訪カトレア,諏訪さくら自治会第１集会所,さいたま市岩槻区諏訪３－２－１,サロン・茶話会,茶話会、頭の体操、ゲーム、住民の交流、新聞記事を話題にした講話,月１回（第2土）,有償,諏訪さくら自治会,048-794-6094,35.96778,139.70661
諏訪カトレア,諏訪さくら自治会第１集会所,さいたま市岩槻区諏訪３－２－１,安否確認,茶話会、頭の体操、ゲーム、住民の交流、新聞記事を話題にした講話,月１回（第2土）,有償,諏訪さくら自治会,048-794-6094,35.96778,139.70661
諏訪カトレア,諏訪さくら自治会第１集会所,さいたま市岩槻区諏訪３－２－１,介護予防教室,茶話会、頭の体操、ゲーム、住民の交流、新聞記事を話題にした講話,月１回（第2土）,有償,諏訪さくら自治会,048-794-6094,35.96778,139.70661
諏訪カトレア,諏訪さくら自治会第１集会所,さいたま市岩槻区諏訪３－２－１,会食会,茶話会、頭の体操、ゲーム、住民の交流、新聞記事を話題にした講話,月１回（第2土）,有償,諏訪さくら自治会,048-794-6094,35.96778,139.70661
諏訪カトレア,諏訪さくら自治会第１集会所,さいたま市岩槻区諏訪３－２－１,体操教室,茶話会、頭の体操、ゲーム、住民の交流、新聞記事を話題にした講話,月１回（第2土）,有償,諏訪さくら自治会,048-794-6094,35.96778,139.70661
諏訪カトレア,諏訪さくら自治会第１集会所,さいたま市岩槻区諏訪３－２－１,話し相手・傾聴,茶話会、頭の体操、ゲーム、住民の交流、新聞記事を話題にした講話,月１回（第2土）,有償,諏訪さくら自治会,048-794-6094,35.96778,139.70661
もも寿会,東徳力自治会集会所,さいたま市岩槻区徳力５７９－２４,サロン・茶話会,"いきいき百歳体操を通して、いつまでも自立生活が維持できる体力作り、筋トレ、脳トレを実施。　また近所同士の助け合う環境づくり。
その他部門で、ふれあいサロンを第1金曜日に筋トレ後、20分程度の茶話会開催。
他の団体から出前講話を実施。",月２回　第１・第３金曜日　10:00～12:00　,無償,もも寿会,048-794-2526,35.968638,139.72024
もも寿会,東徳力自治会集会所,さいたま市岩槻区徳力５７９－２４,運動・スポーツ,"いきいき百歳体操を通して、いつまでも自立生活が維持できる体力作り、筋トレ、脳トレを実施。　また近所同士の助け合う環境づくり。
その他部門で、ふれあいサロンを第1金曜日に筋トレ後、20分程度の茶話会開催。
他の団体から出前講話を実施。",月２回　第１・第３金曜日　10:00～12:00　,無償,もも寿会,048-794-2526,35.968638,139.72024
もも寿会,東徳力自治会集会所,さいたま市岩槻区徳力５７９－２４,交流その他,"いきいき百歳体操を通して、いつまでも自立生活が維持できる体力作り、筋トレ、脳トレを実施。　また近所同士の助け合う環境づくり。
その他部門で、ふれあいサロンを第1金曜日に筋トレ後、20分程度の茶話会開催。
他の団体から出前講話を実施。",月２回　第１・第３金曜日　10:00～12:00　,無償,もも寿会,048-794-2526,35.968638,139.72024
もも寿会,東徳力自治会集会所,さいたま市岩槻区徳力５７９－２４,体操教室,"いきいき百歳体操を通して、いつまでも自立生活が維持できる体力作り、筋トレ、脳トレを実施。　また近所同士の助け合う環境づくり。
その他部門で、ふれあいサロンを第1金曜日に筋トレ後、20分程度の茶話会開催。
他の団体から出前講話を実施。",月２回　第１・第３金曜日　10:00～12:00　,無償,もも寿会,048-794-2526,35.968638,139.72024
虹の会,諏訪公園,さいたま市岩槻区諏訪4丁目３,運動・スポーツ,ラジオ体操と盆踊りを通して、地域住民が世代間を越えて交流することで、民生委員が中心となり、地域課題に取り組んでいる。,毎週月曜日9：00　,無償,虹の会,080-1124-1448,35.96953145,139.7048853
青空会,県営諏訪山下団地第四集会室,さいたま市岩槻区諏訪３－４,交流その他,"いきいき百歳体操, 　サロン会、勉強会、ゲームなど","第1（月）14：00～15：30
第1・第2・第3・第4（金）10：00～11：00
10：00～11：30",無償,青空会,048-794-4851,35.97051,139.70705
青空会,県営諏訪山下団地第四集会室,さいたま市岩槻区諏訪３－４,住民主体の学習会,"いきいき百歳体操, 　サロン会、勉強会、ゲームなど","第1（月）14：00～15：30
第1・第2・第3・第4（金）10：00～11：00
10：00～11：30",無償,青空会,048-794-4851,35.97051,139.70705
青空会,県営諏訪山下団地第四集会室,さいたま市岩槻区諏訪３－４,体操教室,"いきいき百歳体操, 　サロン会、勉強会、ゲームなど","第1（月）14：00～15：30
第1・第2・第3・第4（金）10：00～11：00
10：00～11：30",無償,青空会,048-794-4851,35.97051,139.70705
河合地区社協事務所サロン,"河合小学校校庭
河合地区社協事務所",さいたま市岩槻区平林寺８９８－１,運動・スポーツ,"グランドゴルフを毎年２月中旬頃開催
初心者大歓迎（クラブのない方は、クラブをお貸しします。）","(グランドゴルフ)河合小学校校庭、毎年2月中旬頃開催
(介護予防教室・体操教室・ギター・その他)事務所内、毎月第3水曜日　10:30~12:00開催",無償,河合地区社会福祉協議会,048-756-0520,35.9705198491523,139.678918994573
河合地区社協事務所サロン,"河合小学校校庭
河合地区社協事務所",さいたま市岩槻区平林寺８９８－１,音楽（歌唱・演奏）,"グランドゴルフを毎年２月中旬頃開催
初心者大歓迎（クラブのない方は、クラブをお貸しします。）","(グランドゴルフ)河合小学校校庭、毎年2月中旬頃開催
(介護予防教室・体操教室・ギター・その他)事務所内、毎月第3水曜日　10:30~12:00開催",無償,河合地区社会福祉協議会,048-756-0520,35.9705198491523,139.678918994573
河合地区社協事務所サロン,"河合小学校校庭
河合地区社協事務所",さいたま市岩槻区平林寺８９８－１,介護予防教室,"グランドゴルフを毎年２月中旬頃開催
初心者大歓迎（クラブのない方は、クラブをお貸しします。）","(グランドゴルフ)河合小学校校庭、毎年2月中旬頃開催
(介護予防教室・体操教室・ギター・その他)事務所内、毎月第3水曜日　10:30~12:00開催",無償,河合地区社会福祉協議会,048-756-0520,35.9705198491523,139.678918994573
河合地区社協事務所サロン,"河合小学校校庭
河合地区社協事務所",さいたま市岩槻区平林寺８９８－１,場所の提供,"グランドゴルフを毎年２月中旬頃開催
初心者大歓迎（クラブのない方は、クラブをお貸しします。）","(グランドゴルフ)河合小学校校庭、毎年2月中旬頃開催
(介護予防教室・体操教室・ギター・その他)事務所内、毎月第3水曜日　10:30~12:00開催",無償,河合地区社会福祉協議会,048-756-0520,35.9705198491523,139.678918994573
河合地区社協事務所サロン,"河合小学校校庭
河合地区社協事務所",さいたま市岩槻区平林寺８９８－１,体操教室,"グランドゴルフを毎年２月中旬頃開催
初心者大歓迎（クラブのない方は、クラブをお貸しします。）","(グランドゴルフ)河合小学校校庭、毎年2月中旬頃開催
(介護予防教室・体操教室・ギター・その他)事務所内、毎月第3水曜日　10:30~12:00開催",無償,河合地区社会福祉協議会,048-756-0520,35.9705198491523,139.678918994573
諏訪五丁目千笑会,諏訪五丁目集会所,さいたま市岩槻区諏訪５丁目６－１１,運動・スポーツ,いきいき百歳体操、柔軟体操、卓球、麻雀、グランドゴルフ,月２回　第２・第４水曜日　10:00∼12:00,無償,諏訪五丁目千笑会,048-795-2090,35.97109682,139.70337786
諏訪五丁目千笑会,諏訪五丁目集会所,さいたま市岩槻区諏訪５丁目６－１１,体操教室,いきいき百歳体操、柔軟体操、卓球、麻雀、グランドゴルフ,月２回　第２・第４水曜日　10:00∼12:00,無償,諏訪五丁目千笑会,048-795-2090,35.97109682,139.70337786
グリーンクレスト岩槻自治会,グリーンクレスト岩槻自治会館,さいたま市岩槻区表慈恩寺１４２０－１１,運動・スポーツ,通常活動はグランドゴルフ、パソコン教室、体操教室,健康体操・パソコン教室月１回、グランドゴルフ週２回,無償,グリーンクレスト岩槻自治会,048-794-8548,35.97723698,139.70383543
グリーンクレスト岩槻自治会,グリーンクレスト岩槻自治会館,さいたま市岩槻区表慈恩寺１４２０－１１,写真・パソコン,通常活動はグランドゴルフ、パソコン教室、体操教室,健康体操・パソコン教室月１回、グランドゴルフ週２回,無償,グリーンクレスト岩槻自治会,048-794-8548,35.97723698,139.70383543
グリーンクレスト岩槻自治会,グリーンクレスト岩槻自治会館,さいたま市岩槻区表慈恩寺１４２０－１１,体操教室,通常活動はグランドゴルフ、パソコン教室、体操教室,健康体操・パソコン教室月１回、グランドゴルフ週２回,無償,グリーンクレスト岩槻自治会,048-794-8548,35.97723698,139.70383543
健康体操サークル,グリーンクレスト岩槻自治会館,さいたま市岩槻区表慈恩寺１４２０－１１,体操教室,いきいき百歳体操,月4回　第1・第2・第3・第4水曜日　10：00～11:30　,無償,健康体操サークル,090-7638-9711,35.97741703,139.7038244
慈恩寺地区社会福祉協議会,北部公民館内体育館,さいたま市岩槻区慈恩寺256－8,体操教室,高齢者を対象に、理学療法士による健康の話と運動方法を学ぶ,年２回(５月・11月),無償,慈恩寺地区社会福祉協議会,048-794-5112,35.98010894,139.71425672
鹿室コスモス体操,鹿室南集会所,さいたま市岩槻区鹿室１１２０－２,体操教室,いきいき百歳体操 ラジオ体操、ステップダンス,月２回　　　　　　　　　　　　　　　　　　　　　　　　　　　　第１・第３水曜日　　　　　　　　　　　　　　　　　14：00～16：00,無償,鹿室コスモス体操,048-794-3293,35.99002,139.7021815
"貝塚にこにこクラブ・
にこにこ健康体操",裏慈恩寺貝塚自治会館,さいたま市岩槻区裏慈恩寺８８０－２４,サロン・茶話会,"いきいき百歳体操､脳トレ、座談会、手芸、ストレッチなど
お助け隊として、軽い作業のお手伝いの生活支援を実施。","(にこにこクラブ)毎週月曜日14:00∼15:30
(百歳体操)毎週金曜日14:00~15:30
(貝塚サロン)第3土曜日14:00~15:30",無償,貝塚にこにこクラブ・にこにこ体操,090-7005-7085,35.99127,139.7106469
"貝塚にこにこクラブ・
にこにこ健康体操",裏慈恩寺貝塚自治会館,さいたま市岩槻区裏慈恩寺８８０－２４,運動・スポーツ,"いきいき百歳体操､脳トレ、座談会、手芸、ストレッチなど
お助け隊として、軽い作業のお手伝いの生活支援を実施。","(にこにこクラブ)毎週月曜日14:00∼15:30
(百歳体操)毎週金曜日14:00~15:30
(貝塚サロン)第3土曜日14:00~15:30",無償,貝塚にこにこクラブ・にこにこ体操,090-7005-7085,35.99127,139.7106469
"貝塚にこにこクラブ・
にこにこ健康体操",裏慈恩寺貝塚自治会館,さいたま市岩槻区裏慈恩寺８８０－２４,音楽（歌唱・演奏）,"いきいき百歳体操､脳トレ、座談会、手芸、ストレッチなど
お助け隊として、軽い作業のお手伝いの生活支援を実施。","(にこにこクラブ)毎週月曜日14:00∼15:30
(百歳体操)毎週金曜日14:00~15:30
(貝塚サロン)第3土曜日14:00~15:30",無償,貝塚にこにこクラブ・にこにこ体操,090-7005-7085,35.99127,139.7106469
"貝塚にこにこクラブ・
にこにこ健康体操",裏慈恩寺貝塚自治会館,さいたま市岩槻区裏慈恩寺８８０－２４,会食会,"いきいき百歳体操､脳トレ、座談会、手芸、ストレッチなど
お助け隊として、軽い作業のお手伝いの生活支援を実施。","(にこにこクラブ)毎週月曜日14:00∼15:30
(百歳体操)毎週金曜日14:00~15:30
(貝塚サロン)第3土曜日14:00~15:30",無償,貝塚にこにこクラブ・にこにこ体操,090-7005-7085,35.99127,139.7106469
"貝塚にこにこクラブ・
にこにこ健康体操",裏慈恩寺貝塚自治会館,さいたま市岩槻区裏慈恩寺８８０－２４,健康麻雀・囲碁・将棋,"いきいき百歳体操､脳トレ、座談会、手芸、ストレッチなど
お助け隊として、軽い作業のお手伝いの生活支援を実施。","(にこにこクラブ)毎週月曜日14:00∼15:30
(百歳体操)毎週金曜日14:00~15:30
(貝塚サロン)第3土曜日14:00~15:30",無償,貝塚にこにこクラブ・にこにこ体操,090-7005-7085,35.99127,139.7106469
"貝塚にこにこクラブ・
にこにこ健康体操",裏慈恩寺貝塚自治会館,さいたま市岩槻区裏慈恩寺８８０－２４,手芸,"いきいき百歳体操､脳トレ、座談会、手芸、ストレッチなど
お助け隊として、軽い作業のお手伝いの生活支援を実施。","(にこにこクラブ)毎週月曜日14:00∼15:30
(百歳体操)毎週金曜日14:00~15:30
(貝塚サロン)第3土曜日14:00~15:30",無償,貝塚にこにこクラブ・にこにこ体操,090-7005-7085,35.99127,139.7106469
"貝塚にこにこクラブ・
にこにこ健康体操",裏慈恩寺貝塚自治会館,さいたま市岩槻区裏慈恩寺８８０－２４,体操教室,"いきいき百歳体操､脳トレ、座談会、手芸、ストレッチなど
お助け隊として、軽い作業のお手伝いの生活支援を実施。","(にこにこクラブ)毎週月曜日14:00∼15:30
(百歳体操)毎週金曜日14:00~15:30
(貝塚サロン)第3土曜日14:00~15:30",無償,貝塚にこにこクラブ・にこにこ体操,090-7005-7085,35.99127,139.7106469
プラスサンテ,本太公民館,さいたま市浦和区本太4丁目3番23号,音楽（歌唱・演奏）,前半にいきいき百歳体操、後半に懇談会を行い会員同士の親睦を図っています。,毎週水・金曜日　10:00～12:00,無償,シニアサポートセンター尚和園,048-813-8915,71.73346754,279.31594404
OIDE（おいで）サロン,上落合公民館,埼玉県さいたま市中央区上落合6-9-3,サロン・茶話会,茶話会　ゲーム　バザー　歌,"月1回
9：30～11：30
※休止中",有償,ナーシングヴィラ与野,048-859-5375,71.7870297252538,279.247129965028
一般社団法人日本ショーファー協会,スマイル・ケア（日本ショーファー協会介護事業部愛称）,埼玉県さいたま市中央区上落合7-10-36-403,配食サービス,"日常の「ちょっとお願いしたい」ことをお手伝いします。
●ケア付き介護タクシー
●介護職同行ケア旅行
●生活支援タクシー
これまでの秘書事業・役員車運行事業を活かした、あたたかく人間味のあるサービスをご提供します。",年中無休（要予約制）,有償,一般社団法人日本ショーファー協会（介護事業部）,070-8520-8383,71.7930579647424,279.24417947121
らんらんの会(ベルヴィル大宮老人会),ベルヴィル大宮管理棟ホール,さいたま市北区日進町１－１６８－１,サロン・茶話会,定例会月1回、手品や音楽演奏を聴き、全員でおしゃべりをし合唱を行う。,毎月第3水曜日10：00～12：00,有償,ゆめの園,048-653-0544,71.840858514982,279.191376850876
櫛引町2丁目福寿会,櫛引町2丁目自治会館,さいたま市北区櫛引町2丁目４８２－７,交流その他,定例会月1回、ダーツ・室内ゴルフ・映画鑑賞・親睦会（会食）新年会・カラオケ・ビンゴ・その他ゲーム・学習会・長寿を祝う会・グラウンドゴルフ同好会、カラオケ同好会。クラッシク音楽を聞く会,定例会（月1回）グラウンドゴルフ週1回（金）クラシック音楽を聴く会月１回,有償,ゆめの園,048-653-0544,71.8423600989356,279.21575973536
