公設消火栓,,
2023年5月31日時点,,
日本測地系　10進表記,,
管轄署所,北緯,東経
西区,35.87070833,139.5714333
西区,35.87081389,139.5660667
西区,35.87131944,139.5683806
西区,35.87239722,139.5641917
西区,35.87249167,139.5657861
西区,35.87308889,139.5682306
西区,35.87354444,139.5712528
西区,35.87401944,139.5651556
西区,35.87679444,139.5642861
西区,35.87738611,139.6021889
西区,35.87801944,139.6034667
西区,35.87836111,139.6022
西区,35.87866944,139.6046056
西区,35.87888333,139.5635556
西区,35.87900556,139.5623083
西区,35.87921111,139.6036917
西区,35.87926389,139.5598917
西区,35.87931944,139.5608722
西区,35.87933611,139.5950639
西区,35.87940278,139.6008833
西区,35.87940556,139.602525
西区,35.87945,139.5583528
西区,35.87948611,139.5985556
西区,35.87977778,139.5971389
西区,35.87978972,139.5963961
西区,35.88005278,139.5643944
西区,35.88011667,139.5562361
西区,35.88014444,139.5607167
西区,35.88018333,139.6029222
西区,35.880225,139.6039556
西区,35.88043333,139.602375
西区,35.88064167,139.5974694
西区,35.88066111,139.5565556
西区,35.88067222,139.5995528
西区,35.88067917,139.5624622
西区,35.88084444,139.5552
西区,35.88097222,139.5943056
西区,35.88098056,139.5599333
西区,35.88103333,139.5967639
西区,35.88120833,139.5984083
西区,35.88133333,139.5953944
西区,35.88149444,139.6038778
西区,35.88156944,139.5986167
西区,35.88157222,139.5997083
西区,35.88161667,139.5575722
西区,35.88165833,139.5631889
西区,35.88169167,139.6023361
西区,35.88173056,139.6009167
西区,35.88183056,139.5963528
西区,35.88195833,139.5586333
西区,35.88199444,139.5930667
西区,35.88215833,139.5945583
西区,35.88225833,139.5540167
西区,35.88242222,139.5641556
西区,35.88253056,139.5608861
西区,35.88260833,139.6040917
西区,35.88271667,139.5554
西区,35.88280278,139.6002806
西区,35.88288333,139.5992417
西区,35.88289444,139.595175
西区,35.882925,139.5888944
西区,35.88298611,139.5965333
西区,35.88302222,139.5927333
西区,35.88310556,139.5587778
西区,35.88316111,139.5631917
西区,35.88325,139.559775
西区,35.88336667,139.5938389
西区,35.88343611,139.555275
西区,35.88344444,139.59565
西区,35.88354722,139.5919917
西区,35.88357778,139.6038333
西区,35.88376389,139.5574
西区,35.88384722,139.59935
西区,35.88384722,139.5896389
西区,35.88396944,139.5629861
西区,35.88410278,139.5617528
西区,35.88414722,139.5555306
西区,35.88431389,139.60485
西区,35.88438333,139.5888028
西区,35.88466389,139.6029417
西区,35.88467778,139.5919494
西区,35.8847,139.5937889
西区,35.88471389,139.5908
西区,35.88475278,139.5996194
西区,35.88476389,139.6041444
西区,35.88477222,139.597825
西区,35.88499444,139.5955444
西区,35.88502778,139.6055583
西区,35.88525278,139.5840444
西区,35.88525556,139.5888306
西区,35.88531667,139.6045139
西区,35.88534722,139.603425
西区,35.88535833,139.5833372
西区,35.8855,139.5827167
西区,35.88559167,139.5995917
西区,35.88578333,139.5821472
西区,35.88587361,139.5897861
西区,35.88609167,139.5846139
西区,35.88611111,139.5846472
西区,35.88615,139.5982667
西区,35.8861625,139.5827694
西区,35.88646389,139.586375
西区,35.88647222,139.5619583
西区,35.88647222,139.5822444
西区,35.88649444,139.583975
西区,35.88650278,139.6014833
西区,35.8866625,139.5831883
西区,35.88674444,139.5883389
西区,35.88682222,139.5990083
西区,35.886855,139.5816258
西区,35.88699167,139.5951972
西区,35.88700833,139.5870111
西区,35.88705278,139.5857917
西区,35.88731944,139.5818111
西区,35.88732778,139.5924889
西区,35.88743333,139.582875
西区,35.88747222,139.5980528
西区,35.88753611,139.5992278
西区,35.88755833,139.5910556
西区,35.88763333,139.6007194
西区,35.88765833,139.5874589
西区,35.88784167,139.5811389
西区,35.88802222,139.5956028
西区,35.88812222,139.5968
西区,35.88821111,139.5897111
西区,35.88821389,139.5907444
西区,35.88823056,139.5855528
西区,35.88836111,139.5841194
西区,35.88840833,139.5812917
西区,35.88841944,139.5823889
西区,35.88849167,139.59325
西区,35.8885,139.5877528
西区,35.88855833,139.5867722
西区,35.88880556,139.5898056
西区,35.88885556,139.5939972
西区,35.88891389,139.5806194
西区,35.88905278,139.5918306
西区,35.88912222,139.5832722
西区,35.889175,139.5926694
西区,35.88919444,139.5963556
西区,35.88922222,139.5886167
西区,35.88925833,139.6001917
西区,35.88933056,139.586125
西区,35.88942778,139.5808
西区,35.88946389,139.5818722
西区,35.88956389,139.5979889
西区,35.88963333,139.5915861
西区,35.88989722,139.5609889
西区,35.88992222,139.5615444
西区,35.89001111,139.581975
西区,35.89005,139.5849444
西区,35.89013056,139.5905917
西区,35.89015,139.5991889
西区,35.89015556,139.5867417
西区,35.89030278,139.5961056
西区,35.89031111,139.59355
西区,35.890325,139.5880639
西区,35.89039028,139.5858994
西区,35.890425,139.5892667
西区,35.89056389,139.5835722
西区,35.89072222,139.5599972
西区,35.89075,139.5953278
西区,35.89079444,139.5604444
西区,35.89087222,139.582275
西区,35.89108333,139.5803833
西区,35.8911,139.5973472
西区,35.89110833,139.5867222
西区,35.89125556,139.5849
西区,35.891375,139.5886806
西区,35.89151389,139.5857806
西区,35.89166389,139.5979917
西区,35.89171111,139.5961806
西区,35.89172222,139.583975
西区,35.89173056,139.5827639
西区,35.89177222,139.5945556
西区,35.89201111,139.5909528
西区,35.89204167,139.5869889
西区,35.89205833,139.5936917
西区,35.89209722,139.5598861
西区,35.89216389,139.5888417
西区,35.89220833,139.5846444
西区,35.89231667,139.5974167
西区,35.89245278,139.5828306
西区,35.89259444,139.5902722
西区,35.89260556,139.5926944
西区,35.89260833,139.5856694
西区,35.89261389,139.5833194
西区,35.89261667,139.5809306
西区,35.89278056,139.5801944
西区,35.89278333,139.5793167
西区,35.89293611,139.5870722
西区,35.89297222,139.5962667
西区,35.893,139.5915544
西区,35.893,139.5574333
西区,35.8931,139.5823306
西区,35.89319167,139.5936
西区,35.89328056,139.5951556
西区,35.89336389,139.5844
西区,35.89358056,139.5788028
西区,35.89364722,139.5996222
西区,35.89380556,139.5929111
西区,35.89381667,139.5915556
西区,35.89383056,139.5902722
西区,35.89390833,139.5810583
西区,35.893925,139.5893056
西区,35.89393611,139.5855667
西区,35.89393611,139.5878
西区,35.89397639,139.5866656
西区,35.894125,139.5820278
西区,35.89419444,139.5793222
西区,35.89421389,139.5957583
西区,35.89429444,139.5831694
西区,35.8943375,139.5586328
西区,35.89435278,139.5939194
西区,35.89436389,139.5848978
西区,35.89460556,139.5907944
西区,35.89462222,139.5922417
西区,35.894725,139.5874278
西区,35.89493611,139.5975333
西区,35.89494722,139.5950583
西区,35.89498611,139.5817528
西区,35.89507778,139.5961556
西区,35.89527222,139.5884917
西区,35.89551944,139.5808444
西区,35.89558333,139.5958972
西区,35.89561667,139.5983389
西区,35.89561944,139.5974917
西区,35.89587222,139.5947333
西区,35.89602778,139.5779833
西区,35.89608889,139.5934361
西区,35.89609722,139.579225
西区,35.89617778,139.5920111
西区,35.896275,139.5903722
西区,35.89643333,139.5797
西区,35.89643611,139.5894806
西区,35.89644444,139.5975917
西区,35.89652222,139.5878694
西区,35.89658333,139.586375
西区,35.89663333,139.5808472
西区,35.89671111,139.5990222
西区,35.89705278,139.5900694
西区,35.89706111,139.5775083
西区,35.89708889,139.5966417
西区,35.89709722,139.5956139
西区,35.8971,139.5849167
西区,35.89713333,139.5935417
西区,35.89723889,139.5885167
西区,35.89730556,139.5983417
西区,35.89731667,139.5788083
西区,35.89745833,139.5999667
西区,35.89756667,139.5871972
西区,35.89758056,139.5838528
西区,35.897775,139.5944306
西区,35.89780556,139.5825167
西区,35.89799167,139.5907333
西区,35.89802222,139.5921194
西区,35.89802222,139.5991972
西区,35.89806944,139.5870417
西区,35.89809167,139.5780222
西区,35.89816111,139.5853583
西区,35.89818056,139.5893139
西区,35.89824722,139.5792778
西区,35.89831944,139.5932722
西区,35.89853611,139.5816139
西区,35.89864722,139.5900167
西区,35.89865,139.5841861
西区,35.89875556,139.5985944
西区,35.89876944,139.5942111
西区,35.898775,139.5917833
西区,35.89877778,139.58805
西区,35.89894167,139.5860194
西区,35.89894722,139.5823667
西区,35.89895,139.5772
西区,35.89900833,139.5893861
西区,35.89903611,139.5831528
西区,35.89913889,139.586925
西区,35.89926389,139.5847194
西区,35.89943333,139.5900667
西区,35.89966389,139.5866917
西区,35.89971111,139.5825306
西区,35.89978611,139.5885417
西区,35.8998,139.5979639
西区,35.89983889,139.5762861
西区,35.89986667,139.5796167
西区,35.89995806,139.5896564
西区,35.89996389,139.5835389
西区,35.90001667,139.5812083
西区,35.90002917,139.5909606
西区,35.90004722,139.5925444
西区,35.90016667,139.5900528
西区,35.90024444,139.5964556
西区,35.90033611,139.5740556
西区,35.90042778,139.5816333
西区,35.90042778,139.5874667
西区,35.9005,139.5865722
西区,35.90057222,139.5753667
西区,35.90060556,139.5818556
西区,35.900725,139.58505
西区,35.90076111,139.5971667
西区,35.90078333,139.5981944
西区,35.90080278,139.5916333
西区,35.90083889,139.5806806
西区,35.90084444,139.58065
西区,35.90093889,139.5930028
西区,35.90095278,139.5837889
西区,35.90102222,139.5879972
西区,35.90105278,139.5900528
西区,35.90113889,139.5860167
西区,35.90118889,139.57965
西区,35.90120556,139.5893417
西区,35.90121111,139.5818778
西区,35.90121667,139.5779528
西区,35.90122222,139.5819056
西区,35.90126389,139.5737778
西区,35.90128056,139.5717433
西区,35.90128611,139.5852667
西区,35.90135278,139.5918172
西区,35.901375,139.58055
西区,35.90144722,139.5760528
西区,35.90164722,139.5870639
西区,35.90165833,139.5927444
西区,35.90166111,139.584125
西区,35.90169167,139.599175
西区,35.90173333,139.5966222
西区,35.90174722,139.5767917
西区,35.90175278,139.5980306
西区,35.90182222,139.5909694
西区,35.90188611,139.5884583
西区,35.90189167,139.5861056
西区,35.90194167,139.5848917
西区,35.90196528,139.5916333
西区,35.90196944,139.5830111
西区,35.90201944,139.5808722
西区,35.90204722,139.5954417
西区,35.90206389,139.5819528
西区,35.90206667,139.5790417
西区,35.90207222,139.5838722
西区,35.90219167,139.5734889
西区,35.90223056,139.5702694
西区,35.90245556,139.5993417
西区,35.90251667,139.5802417
西区,35.90258889,139.5892639
西区,35.90269722,139.5918222
西区,35.90270556,139.5913056
西区,35.90271667,139.5827528
西区,35.90273333,139.5978583
西区,35.90279167,139.5879028
西区,35.90279444,139.5846917
西区,35.90283889,139.5969194
西区,35.90284306,139.5717661
西区,35.90286389,139.5842222
西区,35.90288333,139.580775
西区,35.90292222,139.5750333
西区,35.90293333,139.5815639
西区,35.902975,139.5958972
西区,35.90299722,139.5856917
西区,35.90304444,139.5782372
西区,35.90305833,139.5832306
西区,35.90306111,139.589325
西区,35.90307222,139.5904444
西区,35.903075,139.5913056
西区,35.90307778,139.5690111
西区,35.90310278,139.5870361
西区,35.903125,139.5738472
西区,35.90326111,139.5791528
西区,35.90328611,139.5710744
西区,35.90328889,139.5759278
西区,35.90346389,139.597725
西区,35.903575,139.5822083
西区,35.90357833,139.5775206
西区,35.90365,139.5738306
西区,35.90366667,139.5915
西区,35.90370833,139.5845417
西区,35.90373889,139.5795917
西区,35.90381944,139.5833389
西区,35.903825,139.5784694
西区,35.90383333,139.5871
西区,35.90384444,139.5681917
西区,35.90388333,139.5804083
西区,35.90391667,139.5897722
西区,35.90392222,139.5811333
西区,35.90403611,139.5820583
西区,35.90410278,139.5747028
西区,35.90417639,139.5700978
西区,35.90419444,139.5907
西区,35.90424167,139.5957667
西区,35.90425,139.5883194
西区,35.90427222,139.5874694
西区,35.904325,139.5760611
西区,35.90437222,139.5749861
西区,35.90438333,139.5774861
西区,35.90440556,139.5920944
西区,35.90442778,139.5828028
西区,35.90446111,139.5868444
西区,35.90450833,139.5689861
西区,35.904525,139.5834139
西区,35.90461389,139.5797
西区,35.90468611,139.5807361
西区,35.90473056,139.573
西区,35.90473333,139.5784972
西区,35.90488889,139.58215
西区,35.90494444,139.5892528
西区,35.90499167,139.5997639
西区,35.90506111,139.5902139
西区,35.90506389,139.5880278
西区,35.905075,139.5758472
西区,35.90508611,139.5725
西区,35.90514444,139.5954139
西区,35.90516944,139.5861028
西区,35.90519722,139.5788861
西区,35.90542778,139.5801528
西区,35.90545278,139.5691244
西区,35.90547778,139.5795083
西区,35.90550278,139.5812083
西区,35.90560278,139.5782222
西区,35.90565833,139.5857472
西区,35.90565833,139.5995111
西区,35.90566944,139.5843722
西区,35.90572778,139.5872028
西区,35.90585,139.5907167
西区,35.90597778,139.595125
西区,35.90601944,139.5732028
西区,35.90602222,139.5820611
西区,35.90603056,139.5742806
西区,35.90608889,139.5772139
西区,35.90610278,139.5663444
西区,35.90613056,139.578575
西区,35.90616111,139.5881278
西区,35.90622778,139.5936722
西区,35.90625556,139.5803083
西区,35.90635833,139.5716972
西区,35.90638889,139.5968722
西区,35.90641389,139.5897694
西区,35.90644167,139.5680278
西区,35.90654722,139.5810389
西区,35.90656111,139.5839306
西区,35.90661944,139.5850528
西区,35.90662778,139.5960389
西区,35.90663333,139.5862417
西区,35.90668889,139.5983417
西区,35.90669444,139.5930333
西区,35.90675,139.592225
西区,35.90676944,139.58275
西区,35.906775,139.5786972
西区,35.906775,139.577075
西区,35.90685278,139.5654583
西区,35.90687222,139.5760583
西区,35.90696944,139.5666056
西区,35.90698056,139.5728722
西区,35.90700833,139.5777278
西区,35.90704167,139.5712667
西区,35.90709167,139.5944889
西区,35.90714167,139.5835667
西区,35.90716806,139.5889778
西区,35.90717222,139.5944394
西区,35.90721111,139.5869417
西区,35.90730556,139.5800333
西区,35.907325,139.5845611
西区,35.90738611,139.5820167
西区,35.90739444,139.5964222
西区,35.90746667,139.5812778
西区,35.90746667,139.5881722
西区,35.90752778,139.5776528
西区,35.90753056,139.5762139
西区,35.90753056,139.5936194
西区,35.90753611,139.5936222
西区,35.90756667,139.5807583
西区,35.90758333,139.5739917
西区,35.90760278,139.5859583
西区,35.90766389,139.5917028
西区,35.90772778,139.5928389
西区,35.90775833,139.5768944
西区,35.90776111,139.567195
西区,35.90786389,139.5968444
西区,35.90787222,139.5729139
西区,35.9079,139.5642333
西区,35.90793472,139.5991667
西区,35.90795278,139.5856583
西区,35.90795278,139.5847389
西区,35.90796111,139.5653889
西区,35.90800556,139.59395
西区,35.908025,139.5916028
西区,35.90805278,139.5796028
西区,35.90806389,139.5707722
西区,35.90816111,139.5833583
西区,35.90816667,139.595275
西区,35.90819167,139.5868111
西区,35.90819167,139.5904944
西区,35.90821944,139.5928056
西区,35.90825833,139.5814111
西区,35.90829722,139.5971167
西区,35.90838611,139.5886583
西区,35.90852222,139.5890778
西区,35.908525,139.59045
西区,35.908525,139.5851194
西区,35.90853056,139.5978722
西区,35.90853889,139.5682528
西区,35.90857222,139.5979356
西区,35.90859444,139.5809528
西区,35.90864444,139.5878861
西区,35.908725,139.5880111
西区,35.90873333,139.5917417
西区,35.90875556,139.5724861
西区,35.90879444,139.5843222
西区,35.90883056,139.5868306
西区,35.90894167,139.5865778
西区,35.90894444,139.5769111
西区,35.90895278,139.5946417
西区,35.90896667,139.5740583
西区,35.90899444,139.5652667
西区,35.90900278,139.5886028
西区,35.90904167,139.5759
西区,35.90904306,139.5962944
西区,35.90905556,139.5906333
西区,35.90909167,139.5858333
西区,35.90913056,139.5779194
西区,35.90914167,139.57135
西区,35.90920556,139.5635778
西区,35.90925833,139.5707889
西区,35.90929167,139.5919583
西区,35.90931389,139.5813139
西区,35.90931667,139.5701444
西区,35.909325,139.5787806
西区,35.90933611,139.5799833
西区,35.90939444,139.589275
西区,35.90941389,139.5850611
西区,35.90944444,139.5929056
西区,35.90948611,139.5838972
西区,35.90949444,139.5877389
西区,35.90950833,139.5827083
西区,35.90953611,139.5676056
西区,35.90954167,139.5969361
西区,35.90963056,139.5836167
西区,35.90968333,139.5943417
西区,35.90973333,139.5894556
西区,35.90973889,139.5717611
西区,35.90975556,139.5863917
西区,35.90976389,139.5751667
西区,35.90978889,139.5959389
西区,35.90981944,139.5911556
西区,35.90993333,139.5906778
西区,35.90998889,139.5776917
西区,35.91003889,139.5829556
西区,35.91004444,139.579725
西区,35.91007083,139.571035
西区,35.91008611,139.5696972
西区,35.91009444,139.5746583
西区,35.91011389,139.5631028
西区,35.91011389,139.5886222
西区,35.91020278,139.5651028
西区,35.910225,139.590325
西区,35.91026389,139.5664444
西区,35.91026389,139.5882583
西区,35.910325,139.5779306
西区,35.91034722,139.5817528
西区,35.910375,139.5896194
西区,35.91039167,139.5931889
西区,35.91040278,139.5808639
西区,35.91041389,139.5768194
西区,35.91061111,139.5702444
西区,35.91062222,139.5914944
西区,35.91066111,139.5720556
西区,35.91066389,139.5843861
西区,35.91066667,139.5943917
西区,35.91066944,139.571175
西区,35.91071111,139.5827139
西区,35.91073056,139.5735694
西区,35.91077222,139.5819639
西区,35.91079167,139.5805333
西区,35.91079444,139.5914167
西区,35.91082222,139.5751639
西区,35.91084167,139.5679917
西区,35.91084444,139.5792833
西区,35.91092222,139.5907694
西区,35.91092778,139.5624944
西区,35.91094722,139.5924833
西区,35.91096667,139.5757528
西区,35.91098333,139.5725944
西区,35.91100833,139.595375
西区,35.91113056,139.5870778
西区,35.91113611,139.5690556
西区,35.91119444,139.5963608
西区,35.91120417,139.5703514
西区,35.91121667,139.5818861
西区,35.91122222,139.5856917
西区,35.91122833,139.5662469
西区,35.9113,139.5880278
西区,35.91130833,139.5633333
西区,35.91131389,139.580075
西区,35.911325,139.5773194
西区,35.91134167,139.5846111
西区,35.91135556,139.5766889
西区,35.91141389,139.5898111
西区,35.911425,139.5974167
西区,35.91144167,139.5748389
西区,35.91158333,139.581225
西区,35.91158889,139.5672722
西区,35.9116,139.5711611
西区,35.91160556,139.5782722
西区,35.91163611,139.5933972
西区,35.91164722,139.5987611
西区,35.91166111,139.5651944
西区,35.91171389,139.5910167
西区,35.91172778,139.5891917
西区,35.91173611,139.5997278
西区,35.91186111,139.5706417
西区,35.91190556,139.5645667
西区,35.91195833,139.5760667
西区,35.91196667,139.5829528
西区,35.91197222,139.5791139
西区,35.91197778,139.566075
西区,35.91201111,139.5920861
西区,35.91206111,139.5909278
西区,35.91213889,139.5622889
西区,35.91219722,139.5901111
西区,35.9122,139.5688833
西区,35.91221944,139.5630917
西区,35.91223056,139.5843778
西区,35.91231667,139.5726944
西区,35.91233889,139.5670028
西区,35.91235278,139.5847056
西区,35.91235556,139.5912667
西区,35.91235611,139.5649586
西区,35.91235833,139.5770222
西区,35.91236389,139.5975139
西区,35.91241944,139.5753889
西区,35.91242917,139.5963483
西区,35.91245278,139.5642778
西区,35.91246944,139.5740972
西区,35.91249167,139.5740722
西区,35.91251667,139.5967389
西区,35.91253611,139.5776722
西区,35.91253611,139.5825444
西区,35.91253611,139.5851278
西区,35.91253889,139.5851278
西区,35.91256111,139.5929222
西区,35.91256667,139.5790778
西区,35.91259722,139.566125
西区,35.91261667,139.5704917
西区,35.91263611,139.5681389
西区,35.91273333,139.5761417
西区,35.91278056,139.5891028
西区,35.91278333,139.5821472
西区,35.91280556,139.5796222
西区,35.91295833,139.5694
西区,35.913,139.562
西区,35.91300694,139.576905
西区,35.91330278,139.5936472
西区,35.91335556,139.5733139
西区,35.91341944,139.587525
西区,35.91343889,139.5775722
西区,35.91344722,139.5884417
西区,35.91345278,139.5966556
西区,35.91345833,139.5796194
西区,35.91346944,139.5665028
西区,35.913475,139.5907972
西区,35.91355833,139.5763583
西区,35.91356667,139.5687944
西区,35.91359722,139.5740083
西区,35.91365833,139.5896417
西区,35.91370833,139.5698306
西区,35.91371944,139.5917639
西区,35.91381944,139.5803389
西区,35.91386111,139.5827917
西区,35.91387778,139.5623889
西区,35.91389444,139.57695
西区,35.9139,139.5609083
西区,35.91395,139.5646194
西区,35.91396111,139.5861611
西区,35.91396667,139.5633
西区,35.91401111,139.56535
西区,35.91405556,139.5791278
西区,35.91405556,139.5914444
西区,35.914075,139.5955806
西区,35.914175,139.5709833
西区,35.91423056,139.5930833
西区,35.91431389,139.5777056
西区,35.91434167,139.5882417
西区,35.91435278,139.5689389
西区,35.914375,139.5620639
西区,35.91437778,139.5828
西区,35.9144,139.5673722
西区,35.91445556,139.5939889
西区,35.91445556,139.5941528
西区,35.91448611,139.5658278
西区,35.91450833,139.5872889
西区,35.91451944,139.5631833
西区,35.91459167,139.5742944
西区,35.91469444,139.5643056
西区,35.91471111,139.5757361
西区,35.91473333,139.5893111
西区,35.91476389,139.5724694
西区,35.9148,139.5764778
西区,35.91481389,139.5950472
西区,35.91493611,139.5669583
西区,35.91495278,139.5954778
西区,35.91497222,139.5811889
西区,35.91498611,139.59165
西区,35.91498889,139.5627667
西区,35.91500278,139.5858806
西区,35.9150125,139.5777228
西区,35.91502222,139.5604094
西区,35.915025,139.5701894
西区,35.91516389,139.5682889
西区,35.91519722,139.5960389
西区,35.91521111,139.5882444
西区,35.91531111,139.597225
西区,35.91536944,139.5617889
西区,35.91537778,139.5951472
西区,35.91541389,139.5710667
西区,35.91541667,139.5977028
西区,35.91545222,139.5865861
西区,35.91545278,139.5845639
西区,35.91546111,139.5662222
西区,35.91550556,139.5756611
西区,35.91551389,139.5938528
西区,35.91551944,139.5766361
西区,35.91564722,139.5695194
西区,35.91567778,139.5719
西区,35.91569167,139.5829139
西区,35.91571389,139.5745361
西区,35.91576944,139.5872111
西区,35.91578056,139.5965028
西区,35.91578333,139.5818028
西区,35.9158,139.5756611
西区,35.91580278,139.5807778
西区,35.91580833,139.5674333
西区,35.91583611,139.5724389
西区,35.91591667,139.5860944
西区,35.91591944,139.5798472
西区,35.91594167,139.5909972
西区,35.91602778,139.5950806
西区,35.91604417,139.5850603
西区,35.916125,139.5782333
西区,35.91615556,139.5919806
西区,35.91629167,139.5626194
西区,35.91631361,139.5851028
西区,35.91631944,139.5704444
西区,35.91632028,139.5834994
西区,35.91632222,139.5764306
西区,35.91632222,139.5704528
西区,35.916325,139.5650833
西区,35.91632778,139.5880139
西区,35.91632778,139.5764083
西区,35.91633333,139.5669667
西区,35.91635278,139.571575
西区,35.91640833,139.5741333
西区,35.91641944,139.5741278
西区,35.91645278,139.5689444
西区,35.91646111,139.5730222
西区,35.91659444,139.5943639
西区,35.91661889,139.5843194
西区,35.91665139,139.5964567
西区,35.91670556,139.5664444
西区,35.91670778,139.5841456
西区,35.91671667,139.5686139
西区,35.91678611,139.5754283
西区,35.9168,139.5900361
西区,35.91681389,139.5823028
西区,35.91686667,139.5870556
西区,35.91688722,139.5864494
西区,35.91691389,139.5582639
西区,35.916955,139.5761789
西区,35.91698056,139.5607472
西区,35.91698889,139.5703306
西区,35.91704944,139.59509
西区,35.91706944,139.574075
西区,35.91714722,139.5844222
西区,35.91715278,139.5846194
西区,35.91716944,139.5854261
西区,35.91717222,139.5769611
西区,35.91719722,139.5914972
西区,35.91727778,139.5924472
西区,35.91733139,139.5817178
西区,35.91744722,139.5863778
西区,35.91754944,139.5851089
西区,35.91756389,139.5804556
西区,35.91763889,139.5774556
西区,35.91764167,139.5892889
西区,35.91765556,139.5679194
西区,35.91766389,139.5823306
西区,35.91769167,139.5829519
西区,35.91769722,139.5658583
西区,35.91773333,139.5784278
西区,35.91779167,139.5836222
西区,35.91779444,139.5842972
西区,35.91781111,139.5766361
西区,35.91784444,139.5963667
西区,35.91791111,139.5595944
西区,35.91792417,139.5862272
西区,35.91794167,139.5897472
西区,35.91798611,139.5717667
西区,35.9180875,139.5814208
西区,35.91811667,139.5866944
西区,35.91815278,139.5694556
西区,35.91815833,139.5667278
西区,35.91818333,139.5705361
西区,35.91818694,139.5839244
西区,35.91819389,139.5806883
西区,35.91823889,139.592825
西区,35.91824444,139.5677778
西区,35.91826389,139.5828861
西区,35.91826944,139.5752944
西区,35.918275,139.5879111
西区,35.91829167,139.5799389
西区,35.91832917,139.5847311
西区,35.91838333,139.5659778
西区,35.91841944,139.5911806
西区,35.91849167,139.5763389
西区,35.91856139,139.5855544
西区,35.91857222,139.5833361
西区,35.91858611,139.5772722
西区,35.91859167,139.5819989
西区,35.91871944,139.5667
西区,35.91871944,139.5862167
西区,35.91875556,139.5689417
西区,35.91877222,139.5788917
西区,35.91878056,139.5905194
西区,35.91878194,139.5639867
西区,35.91878889,139.5797583
西区,35.91880417,139.5584922
西区,35.91881528,139.5962772
西区,35.91888333,139.5819083
西区,35.91900778,139.5782739
西区,35.91901944,139.5818639
西区,35.91904444,139.5899667
西区,35.91906389,139.5950878
西区,35.91907778,139.5702639
西区,35.91908611,139.5809972
西区,35.91912778,139.5935861
西区,35.91913889,139.5841444
西区,35.91917222,139.5617333
西区,35.91919167,139.5896389
西区,35.91920556,139.5671722
西区,35.91921667,139.5851194
西区,35.91924444,139.5716389
西区,35.91926389,139.5921194
西区,35.91928333,139.5862361
西区,35.91933333,139.5751222
西区,35.91937778,139.5687028
西区,35.91950556,139.5680083
西区,35.91953056,139.5825361
西区,35.91954444,139.5835389
西区,35.9196,139.5821778
西区,35.919625,139.5884444
西区,35.91964722,139.5875111
西区,35.91964889,139.5776439
西区,35.919725,139.5700333
西区,35.91977222,139.5874611
西区,35.919775,139.5842389
西区,35.91985,139.5834639
西区,35.91994722,139.5935472
西区,35.91995,139.5920306
西区,35.91995278,139.5633
西区,35.91998194,139.5796389
西区,35.92000278,139.5789028
西区,35.92000556,139.5659417
西区,35.92001667,139.5789056
西区,35.92004444,139.5962256
西区,35.92004944,139.5775117
西区,35.92008611,139.5712583
西区,35.92010556,139.5812056
西区,35.92016111,139.5908278
西区,35.9202125,139.5866083
西区,35.92023333,139.58095
西区,35.92023611,139.5848444
西区,35.92029167,139.5832806
西区,35.920425,139.5763136
西区,35.92048333,139.5669944
西区,35.92048889,139.5883917
西区,35.92051944,139.5919083
西区,35.92055,139.5675611
西区,35.92058056,139.5772578
西区,35.92058333,139.5797944
西区,35.92067778,139.5753083
西区,35.92071667,139.5648083
西区,35.92075417,139.5794439
西区,35.92075972,139.5897028
西区,35.92079167,139.5834083
西区,35.92082861,139.5817406
西区,35.92083278,139.5689567
西区,35.92083333,139.5854444
西区,35.92090833,139.5815861
西区,35.92093611,139.5663472
西区,35.92095833,139.5575056
西区,35.92096528,139.5942756
西区,35.9211,139.5759417
西区,35.92118333,139.5673528
西区,35.92120556,139.5910528
西区,35.921255,139.5817583
西区,35.92127778,139.5654889
西区,35.92128194,139.5860294
西区,35.92130833,139.5700583
西区,35.92133889,139.5795386
西区,35.92134167,139.5603611
西区,35.921355,139.5773261
西区,35.92141944,139.5925922
西区,35.92143056,139.5605
西区,35.921465,139.5810161
西区,35.92150278,139.5747639
西区,35.92154444,139.5833722
西区,35.9215875,139.5938278
西区,35.92161111,139.5659972
西区,35.92161111,139.5818639
西区,35.92162222,139.5832083
西区,35.92163333,139.5853889
西区,35.921675,139.5640139
西区,35.92169444,139.5747361
西区,35.92172222,139.5734028
西区,35.92172778,139.5952189
西区,35.92174861,139.5792053
西区,35.92175278,139.5717028
西区,35.92177361,139.5755925
西区,35.92178472,139.5988872
西区,35.92189167,139.5728417
西区,35.92190917,139.5879672
西区,35.92194722,139.5766694
西区,35.92195556,139.5669
西区,35.92212222,139.5650361
西区,35.92213889,139.5718556
西区,35.92214167,139.5703139
西区,35.92220556,139.576705
西区,35.92221472,139.5792611
西区,35.92221944,139.5607528
西区,35.92222333,139.5781344
西区,35.92226667,139.5591556
西区,35.92231806,139.5770972
西区,35.92234306,139.59899
西区,35.92236944,139.5962194
西区,35.922375,139.5622222
西区,35.92238056,139.5738472
西区,35.92247222,139.5840111
西区,35.92254722,139.564175
西区,35.922575,139.5727583
西区,35.92260278,139.5952417
西区,35.92261667,139.5818972
西区,35.92263056,139.5819889
西区,35.92263556,139.5752744
西区,35.92279167,139.5974972
西区,35.92285833,139.5654167
西区,35.92294444,139.5629889
西区,35.92298611,139.583125
西区,35.92300278,139.5744167
西区,35.92306917,139.5787003
西区,35.92310556,139.5714833
西区,35.92323056,139.5621889
西区,35.92326667,139.5847917
西区,35.92335,139.5728778
西区,35.92335139,139.57729
西区,35.923425,139.5897389
西区,35.92346056,139.5788478
西区,35.92353056,139.579895
西区,35.92353556,139.5815772
西区,35.92354722,139.5809211
西区,35.92361944,139.5757042
西区,35.92370028,139.5769978
西区,35.92371667,139.5573083
西区,35.92373056,139.5910583
西区,35.92374167,139.5623417
西区,35.92381944,139.5835194
西区,35.92384389,139.5828006
西区,35.92392917,139.5874044
西区,35.92403056,139.593055
西区,35.92408333,139.5739611
西区,35.92408611,139.5739056
西区,35.92409306,139.5897433
西区,35.924125,139.5672972
西区,35.92418611,139.5592056
西区,35.92427222,139.574865
西区,35.92427917,139.5813289
西区,35.92440694,139.591945
西区,35.92441389,139.5848528
西区,35.92457222,139.5975833
西区,35.924575,139.5662417
西区,35.92464861,139.5878189
西区,35.9247,139.5831278
西区,35.92474028,139.5866483
西区,35.92477917,139.5825583
西区,35.92488889,139.5658611
西区,35.92495833,139.5570583
西区,35.92496861,139.5892394
西区,35.92498611,139.5992806
西区,35.92500694,139.5905961
西区,35.92504444,139.5675472
西区,35.92506389,139.5616
西区,35.92506667,139.5783783
西区,35.92508889,139.5982778
西区,35.92513194,139.5967628
西区,35.92514444,139.5606417
西区,35.92515361,139.5776725
西区,35.92520556,139.5805694
西区,35.92522778,139.5912083
西区,35.92524444,139.5816583
西区,35.92526389,139.5870417
西区,35.92527167,139.5756867
西区,35.92528056,139.5665778
西区,35.92533333,139.5841889
西区,35.92535833,139.5854611
西区,35.92552361,139.5893661
西区,35.92565,139.5917522
西区,35.9257,139.5832389
西区,35.92573056,139.5680361
西区,35.9257625,139.5931167
西区,35.92576806,139.5758383
西区,35.92591944,139.5820028
西区,35.92595833,139.5980028
西区,35.9260125,139.5745978
西区,35.92605556,139.5867639
西区,35.92608556,139.5784667
西区,35.92609722,139.5880167
西区,35.92610556,139.6007356
西区,35.92611667,139.5994056
西区,35.92612028,139.5768789
西区,35.92619028,139.5948256
西区,35.92619111,139.5806194
西区,35.92619444,139.5624194
西区,35.92651389,139.5919639
西区,35.92652222,139.5577056
西区,35.92653889,139.5632111
西区,35.92655556,139.5858694
西区,35.92658333,139.5838083
西区,35.92668056,139.5720694
西区,35.92675278,139.5833944
西区,35.92677222,139.5712556
西区,35.926775,139.5817222
西区,35.92677722,139.5778183
西区,35.92679722,139.5661278
西区,35.92681111,139.5949311
西区,35.92681611,139.5754217
西区,35.92688056,139.5609267
西区,35.92691944,139.59865
西区,35.92696944,139.6000722
西区,35.92698611,139.5675556
西区,35.92699111,139.5789717
西区,35.92701944,139.5779717
西区,35.92717778,139.5600528
西区,35.92724167,139.5699028
西区,35.92731667,139.5833583
西区,35.92731944,139.5963944
西区,35.92732778,139.5859361
西区,35.92735,139.5872583
西区,35.92735222,139.5572372
西区,35.92738056,139.5792944
西区,35.92738139,139.5807228
西区,35.92742583,139.5776011
西区,35.9275,139.5797333
西区,35.92750278,139.5785
西区,35.92751583,139.5765492
西区,35.92755222,139.5817667
西区,35.92759861,139.5826817
西区,35.92760556,139.5685556
西区,35.92785,139.5760694
西区,35.92786944,139.583325
西区,35.92789167,139.5971694
西区,35.92789722,139.5997028
西区,35.92790361,139.5844406
西区,35.92795556,139.5670083
西区,35.927975,139.5901828
西区,35.92799444,139.5948294
西区,35.92803889,139.5941467
西区,35.928075,139.5707917
西区,35.92813056,139.5606861
西区,35.92815472,139.57656
西区,35.92825833,139.595875
西区,35.928325,139.5776333
西区,35.92834167,139.5688722
西区,35.92838056,139.5862528
西区,35.92838611,139.5794639
西区,35.92846806,139.5820611
西区,35.92854167,139.5836611
西区,35.92854722,139.5991528
西区,35.92855833,139.5770611
西区,35.92859528,139.5858517
西区,35.92867222,139.5568222
西区,35.92884944,139.5840883
西区,35.92886944,139.5973611
西区,35.92889167,139.5945606
西区,35.92895278,139.58725
西区,35.92895556,139.5984306
西区,35.92899444,139.5789389
西区,35.92914444,139.5939167
西区,35.92916389,139.59955
西区,35.92918333,139.5894028
西区,35.92921389,139.5706028
西区,35.92936389,139.5601222
西区,35.92943056,139.5952028
西区,35.92950278,139.5860361
西区,35.92952167,139.5842817
西区,35.9296,139.5776889
西区,35.92967222,139.5686667
西区,35.92968417,139.5810706
西区,35.92989111,139.5947717
西区,35.92989667,139.5803022
西区,35.92991111,139.5969806
西区,35.929925,139.5712167
西区,35.92993972,139.5833094
西区,35.92998333,139.592325
西区,35.93005556,139.5584556
西区,35.93007222,139.5764167
西区,35.9301,139.5771583
西区,35.93010833,139.5771583
西区,35.93015278,139.5725139
西区,35.93020222,139.5837717
西区,35.93023611,139.5791778
西区,35.93041111,139.5847139
西区,35.93042778,139.5937083
西区,35.93046111,139.5870417
西区,35.93052222,139.5985083
西区,35.93057778,139.5879889
西区,35.93059167,139.5962361
西区,35.93061667,139.5738778
西区,35.93065278,139.559525
西区,35.93066889,139.5809217
西区,35.93084111,139.5778444
西区,35.93093889,139.57495
西区,35.93098056,139.5966111
西区,35.93098889,139.5715194
西区,35.93098889,139.5915694
西区,35.93103056,139.5770222
西区,35.93104944,139.5966078
西区,35.93108333,139.6003194
西区,35.93109722,139.5951
西区,35.93110278,139.592225
西区,35.93116667,139.5940139
西区,35.93117778,139.5929667
西区,35.9311925,139.58217
西区,35.93139028,139.579015
西区,35.931425,139.5970139
西区,35.93147778,139.5993833
西区,35.93150556,139.5826778
西区,35.93153056,139.5962889
西区,35.93162222,139.5874389
西区,35.93170278,139.579925
西区,35.93175556,139.5929528
西区,35.93180833,139.57725
西区,35.93186667,139.597675
西区,35.93188056,139.5907333
西区,35.93191944,139.5830667
西区,35.93194722,139.5954028
西区,35.93201944,139.5868
西区,35.93201944,139.5998472
西区,35.93204167,139.5850678
西区,35.93220278,139.57155
西区,35.93220556,139.5987444
西区,35.932275,139.5921556
西区,35.9323,139.5787083
西区,35.93231944,139.59405
西区,35.93231944,139.5961972
西区,35.93233333,139.5878139
西区,35.93234167,139.5759528
西区,35.93235556,139.5772833
西区,35.93241667,139.5814694
西区,35.93242778,139.5979167
西区,35.93246667,139.57395
西区,35.932525,139.5908278
西区,35.93254722,139.5947111
西区,35.93264167,139.600025
西区,35.93275833,139.5784667
西区,35.93287222,139.5920944
西区,35.93303611,139.5927861
西区,35.93306389,139.599025
西区,35.93307222,139.5794917
西区,35.93312222,139.5963167
西区,35.93321667,139.5992306
西区,35.93330278,139.5788556
西区,35.93330556,139.59115
西区,35.93344722,139.5711444
西区,35.93353611,139.5893556
西区,35.93356944,139.5769728
西区,35.93361389,139.587625
西区,35.93367778,139.5943389
西区,35.93368889,139.5810306
西区,35.93372778,139.5984611
西区,35.93378611,139.5866528
西区,35.93379722,139.57565
西区,35.93381667,139.5778528
西区,35.93384167,139.5921472
西区,35.93390556,139.5965444
西区,35.93404444,139.5803639
西区,35.93411389,139.5980361
西区,35.93426111,139.5903167
西区,35.93426667,139.573125
西区,35.93429444,139.5890889
西区,35.93436111,139.577125
西区,35.93443333,139.5707028
西区,35.93444167,139.5915
西区,35.93447778,139.5932194
西区,35.93448333,139.5763889
西区,35.93459167,139.58205
西区,35.93475,139.5875833
西区,35.93477778,139.5812111
西区,35.93479722,139.5752167
西区,35.93480833,139.57655
西区,35.93485694,139.5719872
西区,35.93489167,139.5923806
西区,35.93499167,139.5846194
西区,35.93505,139.5957278
西区,35.93511944,139.5967
西区,35.93516111,139.5861639
西区,35.93523611,139.5803139
西区,35.93524444,139.5779917
西区,35.93532778,139.5904139
西区,35.93543333,139.5895806
西区,35.93553333,139.5750361
西区,35.93555833,139.58565
西区,35.93586667,139.5940778
西区,35.93586667,139.5940833
西区,35.93586944,139.5940806
西区,35.93591944,139.5813333
西区,35.93598333,139.5923667
西区,35.93606111,139.5872889
西区,35.9361,139.5948583
西区,35.93610833,139.5805806
西区,35.93647222,139.5796889
西区,35.93652222,139.5909611
西区,35.93666806,139.5752872
西区,35.93667222,139.5882694
西区,35.93674167,139.578925
西区,35.93677528,139.5825425
西区,35.93693056,139.588725
西区,35.93693056,139.5727528
西区,35.93704167,139.5802222
西区,35.93704722,139.5878972
西区,35.93707222,139.5767806
西区,35.93707222,139.5849056
西区,35.93720278,139.5814028
西区,35.93745556,139.5741778
西区,35.93758611,139.5825472
西区,35.93766667,139.5900972
西区,35.93771667,139.5734
西区,35.93799444,139.5755639
西区,35.93804722,139.5835333
西区,35.93811944,139.5864472
西区,35.93840278,139.5775194
西区,35.93883333,139.5789389
西区,35.93896944,139.5825944
西区,35.93919167,139.5874306
西区,35.93932583,139.5817878
西区,35.93963889,139.5852944
西区,35.93970833,139.5886417
西区,35.94009444,139.5841639
西区,35.94024722,139.5855
西区,35.94028056,139.5867472
西区,35.94029722,139.5879528
西区,35.94100556,139.5877722
西区,35.94115556,139.5868167
西区,35.94176389,139.5879444
北区,35.891075,139.6574111
北区,35.89231667,139.6560778
北区,35.89346944,139.6851361
北区,35.89385694,139.6970994
北区,35.89401111,139.6956528
北区,35.89401944,139.7004083
北区,35.89419167,139.6571972
北区,35.89453333,139.6540972
北区,35.89458333,139.6642583
北区,35.89461667,139.6593333
北区,35.89463056,139.6634333
北区,35.89463056,139.6606611
北区,35.89466667,139.6908806
北区,35.89481667,139.6841694
北区,35.89491389,139.6614472
北区,35.89495556,139.6956528
北区,35.89498611,139.6620833
北区,35.895075,139.66555
北区,35.89511389,139.6975917
北区,35.89514444,139.6582417
北区,35.89514444,139.6661583
北区,35.89520556,139.6602222
北区,35.89522778,139.6654917
北区,35.89536389,139.6956
北区,35.89543333,139.6687194
北区,35.89546944,139.6642639
北区,35.89550556,139.6544528
北区,35.89560556,139.6582333
北区,35.895775,139.6670306
北区,35.89587778,139.69915
北区,35.89592778,139.6569028
北区,35.89594167,139.6853583
北区,35.89595833,139.6839389
北区,35.89601667,139.6653389
北区,35.89601667,139.6883806
北区,35.89608889,139.6613694
北区,35.89610833,139.6653361
北区,35.89611667,139.6583083
北区,35.89618611,139.6659389
北区,35.89632222,139.6950361
北区,35.89633611,139.6685333
北区,35.89639167,139.6726333
北区,35.89641389,139.6644833
北区,35.896525,139.6574361
北区,35.89653889,139.6633444
北区,35.89654167,139.6555111
北区,35.89664722,139.6825278
北区,35.89667778,139.6591833
北区,35.89669444,139.6675556
北区,35.89677222,139.6966722
北区,35.89683333,139.6937472
北区,35.89687778,139.6609833
北区,35.89688056,139.6624667
北区,35.89689167,139.6541
北区,35.89697222,139.6909972
北区,35.89698889,139.6633472
北区,35.89699444,139.6708889
北区,35.89706111,139.6646278
北区,35.89706944,139.6843361
北区,35.89711389,139.6622389
北区,35.89715,139.68565
北区,35.89725556,139.6949861
北区,35.89726944,139.6546833
北区,35.89729167,139.6722472
北区,35.89738889,139.6621028
北区,35.89750556,139.6930778
北区,35.89755278,139.6596139
北区,35.89761667,139.6684056
北区,35.89763333,139.6662333
北区,35.89767222,139.6651417
北区,35.89771389,139.6670028
北区,35.89771667,139.6975417
北区,35.89784167,139.669725
北区,35.89786111,139.6740333
北区,35.89788333,139.663525
北区,35.897925,139.6557
北区,35.89795556,139.6687389
北区,35.89796111,139.664175
北区,35.89803333,139.6763444
北区,35.89809444,139.6591417
北区,35.89821111,139.6731
北区,35.89826667,139.666625
北区,35.89831667,139.6549556
北区,35.89831667,139.6625778
北区,35.89833611,139.6817028
北区,35.89843611,139.6648639
北区,35.89843889,139.6551361
北区,35.89847778,139.6678361
北区,35.89861389,139.6936694
北区,35.89864722,139.6745194
北区,35.89865833,139.6804417
北区,35.89874444,139.6688833
北区,35.89881389,139.6631583
北区,35.89881944,139.6585639
北区,35.8988375,139.6698128
北区,35.89885833,139.6909833
北区,35.89936111,139.6946778
北区,35.89945,139.6836417
北区,35.89945,139.690175
北区,35.89945278,139.670075
北区,35.89945667,139.6935303
北区,35.89950833,139.6593722
北区,35.89956944,139.6671
北区,35.89959444,139.6688472
北区,35.89976944,139.6791861
北区,35.89978611,139.6645722
北区,35.899975,139.6675556
北区,35.90005556,139.6677833
北区,35.90006389,139.6881806
北区,35.90009722,139.6625583
北区,35.90013611,139.654875
北区,35.90034444,139.6897917
北区,35.90034722,139.6936083
北区,35.90036944,139.6634722
北区,35.90043611,139.661625
北区,35.90049167,139.6617528
北区,35.90058056,139.6690214
北区,35.90058611,139.6708028
北区,35.90059444,139.6598167
北区,35.90060278,139.6869111
北区,35.90061944,139.6727139
北区,35.90073889,139.6671194
北区,35.90082778,139.6622667
北区,35.900975,139.6655889
北区,35.90100556,139.6795306
北区,35.90102778,139.6544694
北区,35.90107222,139.6562639
北区,35.90109528,139.6909611
北区,35.90110556,139.6607611
北区,35.901175,139.6805111
北区,35.90117778,139.6944111
北区,35.9014,139.6679
北区,35.90141389,139.6675278
北区,35.90144444,139.6630361
北区,35.90149722,139.6533194
北区,35.90156111,139.678175
北区,35.90160833,139.6946333
北区,35.90181944,139.6797694
北区,35.90183056,139.6545083
北区,35.90183611,139.6615167
北区,35.90184167,139.6612972
北区,35.90185278,139.6820083
北区,35.90196111,139.6829389
北区,35.90198056,139.658775
北区,35.90200278,139.6908583
北区,35.90201111,139.6702889
北区,35.90222778,139.693875
北区,35.90223056,139.6603944
北区,35.90223333,139.6680917
北区,35.90224167,139.6670472
北区,35.90225278,139.6545806
北区,35.90225833,139.6559972
北区,35.90228889,139.6829528
北区,35.90239722,139.6621361
北区,35.90243333,139.6595861
北区,35.90246111,139.6934389
北区,35.90251667,139.6689556
北区,35.90251944,139.6938
北区,35.90261667,139.6802583
北区,35.90263056,139.6577667
北区,35.90266944,139.6779056
北区,35.90268333,139.6827194
北区,35.90268333,139.6533194
北区,35.9027,139.6681056
北区,35.90271944,139.6832694
北区,35.90273333,139.6715028
北区,35.90273889,139.6824056
北区,35.90288333,139.6713611
北区,35.90291389,139.6760278
北区,35.90295,139.6612111
北区,35.90297917,139.6699194
北区,35.90308333,139.661375
北区,35.90310556,139.6659667
北区,35.90311111,139.65905
北区,35.90315278,139.6597194
北区,35.90316111,139.6554306
北区,35.90324167,139.6555722
北区,35.90324722,139.6736111
北区,35.90326111,139.6857917
北区,35.90327778,139.6668361
北区,35.90328056,139.6881278
北区,35.90330278,139.6682556
北区,35.90333056,139.6570611
北区,35.90336667,139.6740139
北区,35.903425,139.6748194
北区,35.90364167,139.6647167
北区,35.90365278,139.6838722
北区,35.90367222,139.6600722
北区,35.90370833,139.6897667
北区,35.90373056,139.6636694
北区,35.90374722,139.6625972
北区,35.90379861,139.6612572
北区,35.90388611,139.6793167
北区,35.90394722,139.6889722
北区,35.90406111,139.676075
北区,35.90408472,139.666155
北区,35.90410417,139.6688644
北区,35.90410556,139.6670833
北区,35.90411389,139.6548444
北区,35.90413333,139.6720639
北区,35.90415556,139.6560194
北区,35.90425556,139.676975
北区,35.90427222,139.6730006
北区,35.90441667,139.6604444
北区,35.90451389,139.6900222
北区,35.90451667,139.6663917
北区,35.90451944,139.6900333
北区,35.90466944,139.6681139
北区,35.90469167,139.6611556
北区,35.90478611,139.6878778
北区,35.90482778,139.6541917
北区,35.90486944,139.652325
北区,35.90493472,139.6535544
北区,35.90503889,139.6548139
北区,35.90504167,139.6553611
北区,35.90515556,139.6651861
北区,35.905175,139.6696861
北区,35.90522222,139.6782389
北区,35.90523611,139.6634472
北区,35.90524167,139.6707472
北区,35.90526944,139.6580111
北区,35.90527222,139.6889028
北区,35.905275,139.6756417
北区,35.90535278,139.6570833
北区,35.90547222,139.6661806
北区,35.90548333,139.6853306
北区,35.90552222,139.6894778
北区,35.905575,139.6730961
北区,35.90569167,139.65615
北区,35.90575417,139.6852558
北区,35.90582778,139.6725917
北区,35.90582778,139.6619333
北区,35.90585278,139.6791806
北区,35.90588333,139.6609583
北区,35.90590833,139.6743389
北区,35.90590833,139.6734778
北区,35.90591944,139.6871083
北区,35.90596944,139.6773778
北区,35.90605833,139.6706472
北区,35.90606944,139.674725
北区,35.90613333,139.6591083
北区,35.90621111,139.6804444
北区,35.90625417,139.6831678
北区,35.90627778,139.6760667
北区,35.90631667,139.6576194
北区,35.90635556,139.69
北区,35.90648611,139.6795972
北区,35.90655278,139.6562056
北区,35.90656944,139.6882139
北区,35.90668333,139.6552556
北区,35.90671806,139.6724844
北区,35.906825,139.6867139
北区,35.90688611,139.6848361
北区,35.90697222,139.6609056
北区,35.906975,139.6536139
北区,35.90719167,139.6524278
北区,35.907225,139.6815528
北区,35.90737778,139.6600806
北区,35.90737778,139.6883694
北区,35.90750556,139.6780167
北区,35.907525,139.6710417
北区,35.907575,139.6897389
北区,35.90787222,139.6723667
北区,35.90788611,139.6856778
北区,35.90795278,139.6577639
北区,35.908,139.6590417
北区,35.90808056,139.6810889
北区,35.90808056,139.6621611
北区,35.90809444,139.6566139
北区,35.90825278,139.6566306
北区,35.90848889,139.6565861
北区,35.90866528,139.672155
北区,35.90876389,139.6666806
北区,35.90877778,139.6830111
北区,35.90895,139.6859861
北区,35.9092,139.6605972
北区,35.90923333,139.6691833
北区,35.90925833,139.6739278
北区,35.90928889,139.6551944
北区,35.90937222,139.677425
北区,35.9094,139.671025
北区,35.90951389,139.6673778
北区,35.90952778,139.6557194
北区,35.9096,139.6583472
北区,35.90974167,139.6890056
北区,35.90977778,139.6828111
北区,35.90979444,139.6725333
北区,35.90980833,139.6514389
北区,35.90987778,139.6845194
北区,35.90988333,139.6572611
北区,35.909975,139.6807111
北区,35.910075,139.6858222
北区,35.91026944,139.6818444
北区,35.91033889,139.6597583
北区,35.91039444,139.6667417
北区,35.91040833,139.6598167
北区,35.91041944,139.6696389
北区,35.91042778,139.6681194
北区,35.9105,139.6567028
北区,35.91061389,139.6955833
北区,35.91062778,139.6578806
北区,35.91066389,139.6599778
北区,35.910725,139.6861222
北区,35.91085556,139.6545222
北区,35.91088056,139.6793917
北区,35.91103056,139.6678417
北区,35.91104722,139.6653417
北区,35.9112,139.6754506
北区,35.91124444,139.6661167
北区,35.91133333,139.6572139
北区,35.91141944,139.6716861
北区,35.91145833,139.6731083
北区,35.91153333,139.6779889
北区,35.91166667,139.6667
北区,35.91168889,139.65645
北区,35.91172222,139.6736667
北区,35.91175556,139.6706083
北区,35.91176944,139.6689444
北区,35.91183611,139.6673167
北区,35.91188056,139.6556611
北区,35.91196944,139.6861722
北区,35.91199167,139.675275
北区,35.91203056,139.6574333
北区,35.91207222,139.6511583
北区,35.91210556,139.6769
北区,35.91221944,139.6524167
北区,35.912225,139.6561167
北区,35.91223889,139.6583222
北区,35.91225,139.6753444
北区,35.91230556,139.6641833
北区,35.91250833,139.6762556
北区,35.91253611,139.6618111
北区,35.91258333,139.6548583
北区,35.91263611,139.6725028
北区,35.91266667,139.6713667
北区,35.912675,139.6557306
北区,35.91280556,139.693425
北区,35.91295556,139.6736139
北区,35.91305278,139.6570528
北区,35.91307222,139.6511333
北区,35.91319167,139.6556528
北区,35.91319722,139.6777639
北区,35.9134,139.6589361
北区,35.91342778,139.6527806
北区,35.91343333,139.6562278
北区,35.91352222,139.6505972
北区,35.91358056,139.6490611
北区,35.913625,139.6555444
北区,35.91363889,139.6586056
北区,35.91374722,139.6719611
北区,35.91374722,139.6543694
北区,35.91392778,139.6517389
北区,35.91411111,139.6616917
北区,35.91414167,139.6691472
北区,35.91416111,139.6645194
北区,35.91418333,139.6635056
北区,35.9144,139.6702
北区,35.91445278,139.6590917
北区,35.91450556,139.6789722
北区,35.914525,139.6569528
北区,35.91460833,139.6507778
北区,35.91465833,139.6544861
北区,35.91468889,139.6727111
北区,35.914725,139.6731528
北区,35.91476111,139.6929444
北区,35.91478333,139.6741833
北区,35.91479444,139.6909639
北区,35.91483611,139.6549833
北区,35.914975,139.64865
北区,35.91501111,139.69325
北区,35.91505,139.6696083
北区,35.91508611,139.6716389
北区,35.91509167,139.6551306
北区,35.91515278,139.6744361
北区,35.91535278,139.6628639
北区,35.91541111,139.6495583
北区,35.91541389,139.6586333
北区,35.91543056,139.6685194
北区,35.91544167,139.6497583
北区,35.91545833,139.6770194
北区,35.91564167,139.6644556
北区,35.91566111,139.6548778
北区,35.91568611,139.6759528
北区,35.91571111,139.6508417
北区,35.91574444,139.6747278
北区,35.91578889,139.6669278
北区,35.91585,139.6791944
北区,35.91588611,139.6544722
北区,35.91590278,139.6489917
北区,35.91593056,139.6672944
北区,35.91594722,139.6738889
北区,35.91595,139.6715333
北区,35.91602222,139.6823083
北区,35.91602778,139.6781722
北区,35.91606667,139.6763611
北区,35.916175,139.6620444
北区,35.91623333,139.6506139
北区,35.91626111,139.6836278
北区,35.91626389,139.6632556
北区,35.91629722,139.6736361
北区,35.91636111,139.6607444
北区,35.91639167,139.6517833
北区,35.91641667,139.669675
北区,35.91653056,139.6749806
北区,35.91660833,139.66365
北区,35.91668611,139.6704333
北区,35.91672222,139.6704306
北区,35.91672778,139.6542583
北区,35.91673889,139.6761972
北区,35.91685556,139.6804889
北区,35.91694444,139.6568639
北区,35.91696111,139.6612528
北区,35.917025,139.6889028
北区,35.91706389,139.6530556
北区,35.91715278,139.6500556
北区,35.91723611,139.6580806
北区,35.91724444,139.6543083
北区,35.91728056,139.6604833
北区,35.9175,139.6704639
北区,35.91751944,139.6579639
北区,35.91753333,139.6789056
北区,35.91754444,139.6717722
北区,35.91758056,139.6900361
北区,35.91758611,139.6587861
北区,35.91759722,139.6705917
北区,35.91760556,139.6647889
北区,35.91777778,139.6569
北区,35.91777778,139.6575528
北区,35.91778333,139.6713806
北区,35.917875,139.6801389
北区,35.91788333,139.6794444
北区,35.91795556,139.6538694
北区,35.91797222,139.6726778
北区,35.91798333,139.6733389
北区,35.91806944,139.6591806
北区,35.91809722,139.6628806
北区,35.91810556,139.6691083
北区,35.91821667,139.6820139
北区,35.91825,139.6495056
北区,35.91835556,139.6536139
北区,35.91836667,139.6715806
北区,35.91838333,139.6686472
北区,35.9185,139.6763194
北区,35.91863333,139.6680833
北区,35.91868333,139.6890333
北区,35.91868333,139.6564472
北区,35.91879444,139.65315
北区,35.91898333,139.6733667
北区,35.91899444,139.6710167
北区,35.919025,139.6764778
北区,35.91903333,139.6776083
北区,35.91904444,139.6694472
北区,35.91913333,139.67505
北区,35.91913889,139.6797667
北区,35.91926111,139.6496444
北区,35.91928611,139.6642528
北区,35.91932778,139.6814139
北区,35.91933056,139.6523722
北区,35.91941944,139.6866333
北区,35.91955,139.6709889
北区,35.91957222,139.6574917
北区,35.91961111,139.6486806
北区,35.91966528,139.6699478
北区,35.91970278,139.677825
北区,35.91973333,139.6522667
北区,35.91999722,139.6877
北区,35.92009167,139.6615694
北区,35.92017222,139.6802417
北区,35.92020639,139.6675739
北区,35.92025833,139.6811972
北区,35.92028056,139.6773861
北区,35.92032778,139.6726639
北区,35.92035833,139.6507611
北区,35.92038056,139.6705944
北区,35.92045278,139.658525
北区,35.92046389,139.6742139
北区,35.92046389,139.66901
北区,35.92048056,139.6737972
北区,35.92050278,139.6754889
北区,35.92050556,139.6712194
北区,35.92056111,139.6565111
北区,35.92064167,139.6483278
北区,35.92065,139.6601639
北区,35.92066667,139.6552444
北区,35.92066944,139.6664278
北区,35.92068611,139.6514417
北区,35.92075556,139.6791778
北区,35.92079167,139.6984972
北区,35.92079167,139.6574194
北区,35.92080556,139.6497861
北区,35.920825,139.6644722
北区,35.92083333,139.6633
北区,35.92093611,139.6508111
北区,35.92093611,139.6694861
北区,35.92097222,139.685175
北区,35.920975,139.6786028
北区,35.92099444,139.6865306
北区,35.92103333,139.6706611
北区,35.92111389,139.6758889
北区,35.92115556,139.6509278
北区,35.921175,139.6525444
北区,35.92129722,139.6555917
北区,35.9213,139.6742861
北区,35.92130278,139.6600917
北区,35.92133056,139.6699778
北区,35.92134444,139.6781417
北区,35.92138333,139.6468194
北区,35.92141611,139.6668122
北区,35.92145833,139.6563611
北区,35.92148611,139.666725
北区,35.92149722,139.64995
北区,35.92150833,139.6494306
北区,35.92151667,139.6697861
北区,35.92153056,139.6509556
北区,35.92155278,139.6586611
北区,35.9216,139.6478028
北区,35.92166944,139.6743639
北区,35.92176944,139.6797083
北区,35.92184167,139.6485972
北区,35.92187222,139.6535778
北区,35.92196111,139.6787833
北区,35.92205278,139.6555528
北区,35.92214306,139.6743256
北区,35.92218611,139.6861139
北区,35.92220833,139.6778222
北区,35.92228333,139.6717861
北区,35.92235278,139.650225
北区,35.922375,139.6718278
北区,35.92240278,139.668725
北区,35.92246667,139.6620278
北区,35.92252778,139.6730278
北区,35.92253611,139.6773639
北区,35.92256944,139.6806
北区,35.92261667,139.651125
北区,35.92266389,139.6749556
北区,35.92269167,139.6672556
北区,35.92273333,139.6837083
北区,35.92274722,139.6706167
北区,35.92274722,139.6909722
北区,35.9228,139.6637
北区,35.92280556,139.67085
北区,35.92281111,139.6726417
北区,35.92284444,139.6543028
北区,35.92285,139.670275
北区,35.92285556,139.6523222
北区,35.92287222,139.6710444
北区,35.92294444,139.6777444
北区,35.92296111,139.6911667
北区,35.92296667,139.6783
北区,35.92301111,139.6491333
北区,35.92306667,139.6533667
北区,35.92308056,139.649975
北区,35.92312778,139.6565444
北区,35.92313889,139.6479833
北区,35.92317222,139.6574528
北区,35.92319444,139.6543
北区,35.92320556,139.6795306
北区,35.92329722,139.6849389
北区,35.9233,139.6724667
北区,35.92334722,139.6706583
北区,35.92356111,139.6659444
北区,35.92363056,139.6668944
北区,35.923675,139.667725
北区,35.92368333,139.6798639
北区,35.92374167,139.68315
北区,35.92374722,139.6501722
北区,35.92392778,139.6652944
北区,35.92403333,139.6724361
北区,35.92408333,139.6525833
北区,35.92410833,139.6539333
北区,35.92413333,139.6874694
北区,35.92415833,139.6787639
北区,35.92419444,139.6520556
北区,35.92426389,139.6562278
北区,35.92428611,139.6768333
北区,35.92429722,139.687325
北区,35.92438056,139.6879667
北区,35.92438889,139.6871389
北区,35.92441667,139.6731167
北区,35.92443056,139.6550861
北区,35.92445833,139.6743056
北区,35.92451111,139.6680389
北区,35.92456389,139.6709278
北区,35.924625,139.6486278
北区,35.92463889,139.6753056
北区,35.92467222,139.672125
北区,35.92467778,139.6804306
北区,35.92477222,139.6668444
北区,35.92478889,139.6545611
北区,35.92483611,139.6653222
北区,35.92484444,139.6841667
北区,35.92500556,139.6566056
北区,35.92506944,139.6710944
北区,35.92518611,139.6913917
北区,35.92528333,139.6823194
北区,35.92529444,139.6576361
北区,35.92543889,139.674025
北区,35.925475,139.6856833
北区,35.92551944,139.6610694
北区,35.92555556,139.6812167
北区,35.925575,139.6710778
北区,35.92561389,139.6793528
北区,35.92566111,139.6790861
北区,35.92573056,139.6725028
北区,35.92576667,139.6703333
北区,35.92577222,139.6467444
北区,35.92584444,139.6466167
北区,35.92585833,139.6464139
北区,35.92588889,139.6727722
北区,35.92589722,139.6544139
北区,35.926025,139.6779139
北区,35.92604167,139.6948417
北区,35.92609722,139.6590722
北区,35.92611111,139.6686806
北区,35.92616944,139.6619361
北区,35.92617778,139.6639694
北区,35.92625278,139.6863806
北区,35.92629444,139.6469111
北区,35.926475,139.6797306
北区,35.92649444,139.6548067
北区,35.92656111,139.6702139
北区,35.92656944,139.67175
北区,35.9266,139.6717306
北区,35.92663056,139.6485167
北区,35.92667778,139.6574639
北区,35.92668333,139.6744722
北区,35.92674444,139.6560694
北区,35.92675278,139.6589667
北区,35.92677222,139.6764417
北区,35.92677222,139.6490056
北区,35.92682222,139.6590694
北区,35.92695556,139.6614139
北区,35.92695833,139.6604111
北区,35.92696389,139.6618333
北区,35.92697222,139.672675
北区,35.92698333,139.6606306
北区,35.92710833,139.6785667
北区,35.92714444,139.6842611
北区,35.92719167,139.6803306
北区,35.92721111,139.6709361
北区,35.92735833,139.6780528
北区,35.92736389,139.6861278
北区,35.92738611,139.6815111
北区,35.92740833,139.6521222
北区,35.92743056,139.6633333
北区,35.92748056,139.6461611
北区,35.92751667,139.69045
北区,35.92754167,139.6740139
北区,35.92756111,139.6697694
北区,35.927575,139.657825
北区,35.92760278,139.6700111
北区,35.92772222,139.6871083
北区,35.92779722,139.6678583
北区,35.9278,139.6678611
北区,35.92781389,139.6743889
北区,35.92781389,139.6753444
北区,35.92783889,139.6591694
北区,35.92786111,139.6549417
北区,35.92793056,139.6692639
北区,35.92794306,139.6646889
北区,35.92797222,139.6745194
北区,35.92801111,139.6821306
北区,35.92803333,139.6809528
北区,35.92808056,139.6773861
北区,35.9281,139.6770306
北区,35.92812222,139.6583361
北区,35.92813611,139.6602889
北区,35.92814167,139.66895
北区,35.92816667,139.6900056
北区,35.92823333,139.6515361
北区,35.92824167,139.6797972
北区,35.92826944,139.6563
北区,35.92827778,139.6766222
北区,35.92833056,139.6840444
北区,35.92835,139.6793444
北区,35.92843333,139.6573028
北区,35.92848333,139.6660167
北区,35.92848889,139.661225
北区,35.92849722,139.6692806
北区,35.92850833,139.6687417
北区,35.92854444,139.6722333
北区,35.92858889,139.6828139
北区,35.92863889,139.685025
北区,35.92864722,139.6591972
北区,35.92867222,139.6687306
北区,35.92870278,139.6597278
北区,35.92872778,139.6725361
北区,35.92874722,139.6674972
北区,35.92876111,139.6804194
北区,35.92878889,139.6706278
北区,35.92881111,139.6751278
北区,35.92886667,139.6769028
北区,35.928875,139.646775
北区,35.92888889,139.6806389
北区,35.92889167,139.6582528
北区,35.92906389,139.6697556
北区,35.92907778,139.6727417
北区,35.92917222,139.6559972
北区,35.92919167,139.6805889
北区,35.92919167,139.6735583
北区,35.92921389,139.6603111
北区,35.92923333,139.6680056
北区,35.9293,139.6493694
北区,35.92931389,139.6710222
北区,35.92933333,139.6512861
北区,35.9294,139.6743861
北区,35.92943333,139.6732333
北区,35.92944167,139.6831528
北区,35.92944167,139.6616833
北区,35.92951111,139.6779389
北区,35.92961111,139.6584639
北区,35.92963333,139.6799222
北区,35.92972778,139.6721694
北区,35.92980556,139.6814556
北区,35.92981389,139.6760583
北区,35.92989722,139.6695833
北区,35.92990833,139.6492556
北区,35.92991944,139.6749278
北区,35.92993056,139.6521
北区,35.93011389,139.6676083
北区,35.93011667,139.6742167
北区,35.93016389,139.6669306
北区,35.93016667,139.6684889
北区,35.93017222,139.6542111
北区,35.93019167,139.65615
北区,35.93021111,139.6713556
北区,35.93021944,139.6795556
北区,35.93023333,139.6747
北区,35.93030556,139.6587667
北区,35.93033333,139.6578861
北区,35.93033889,139.6699694
北区,35.93035833,139.6845806
北区,35.93039167,139.6628528
北区,35.93040833,139.6511944
北区,35.93050556,139.6755639
北区,35.93052222,139.683175
北区,35.93058611,139.6742461
北区,35.93065,139.6494278
北区,35.930675,139.6743111
北区,35.93069444,139.6570194
北区,35.93070833,139.6770056
北区,35.93071944,139.6708361
北区,35.93080833,139.6604583
北区,35.93090556,139.6791222
北区,35.93101111,139.6494472
北区,35.93103889,139.6502639
北区,35.93104444,139.6822583
北区,35.93105,139.6524167
北区,35.93111111,139.6581639
北区,35.93124167,139.667525
北区,35.93124722,139.6722972
北区,35.93135833,139.6478417
北区,35.93139444,139.6697611
北区,35.93141667,139.667325
北区,35.93146944,139.6710361
北区,35.93155278,139.6563861
北区,35.93161472,139.6793361
北区,35.93165833,139.673025
北区,35.93168889,139.6776056
北区,35.93169167,139.6528778
北区,35.93170278,139.6639278
北区,35.93176667,139.6605917
北区,35.93179722,139.6765833
北区,35.93184167,139.6665306
北区,35.93186667,139.6598056
北区,35.931875,139.6608306
北区,35.93192222,139.664825
北区,35.932025,139.6491028
北区,35.93203611,139.6597861
北区,35.93203889,139.6694361
北区,35.93214167,139.675975
北区,35.932225,139.6584694
北区,35.93223611,139.6738444
北区,35.93224722,139.6668083
北区,35.93225278,139.66835
北区,35.93226944,139.6794944
北区,35.932275,139.6662278
北区,35.93228056,139.6746806
北区,35.93232778,139.661725
北区,35.93233056,139.6758917
北区,35.93241111,139.6731583
北区,35.93241389,139.6626389
北区,35.93242222,139.6763944
北区,35.93244722,139.673125
北区,35.93245833,139.6601444
北区,35.93256667,139.6510206
北区,35.93258333,139.6478833
北区,35.93258333,139.6722
北区,35.93258889,139.6554583
北区,35.93269444,139.6492639
北区,35.93269444,139.6542417
北区,35.93271389,139.6736722
北区,35.932775,139.674125
北区,35.93288611,139.6649
北区,35.93289167,139.6641722
北区,35.93290278,139.6588833
北区,35.932925,139.6593944
北区,35.93297222,139.6767167
北区,35.93299722,139.6711917
北区,35.93300278,139.6576528
北区,35.93310556,139.675815
北区,35.93311667,139.6511722
北区,35.93312778,139.6730917
北区,35.93317361,139.6702178
北区,35.933175,139.6576556
北区,35.9331875,139.6490456
北区,35.9332,139.6524389
北区,35.93324167,139.6810333
北区,35.93326389,139.6577278
北区,35.93326667,139.6501056
北区,35.93328333,139.6787806
北区,35.93337222,139.6746194
北区,35.9334,139.6537611
北区,35.93345278,139.6735861
北区,35.93353889,139.6590139
北区,35.93368611,139.647725
北区,35.93389167,139.6823417
北区,35.93389722,139.6780333
北区,35.93394306,139.67133
北区,35.93394444,139.6767694
北区,35.93403889,139.6803111
北区,35.93409167,139.6489667
北区,35.93409444,139.6657667
北区,35.934175,139.6791611
北区,35.93421944,139.6760944
北区,35.93426111,139.6797694
北区,35.93426111,139.6619722
北区,35.93431111,139.6738722
北区,35.93435,139.6601722
北区,35.93435278,139.6748389
北区,35.93448056,139.6518917
北区,35.93450833,139.6553917
北区,35.93453056,139.6814056
北区,35.93458056,139.6645694
北区,35.93459583,139.6669367
北区,35.93463611,139.6708444
北区,35.93467778,139.6788806
北区,35.93468056,139.6590944
北区,35.93468889,139.6704778
北区,35.93469722,139.6736111
北区,35.93475556,139.671425
北区,35.93477222,139.648825
北区,35.93491111,139.6797333
北区,35.93503056,139.673575
北区,35.93504722,139.6724222
北区,35.93512778,139.6600167
北区,35.93526667,139.6796778
北区,35.93528056,139.6724194
北区,35.93542222,139.6755
北区,35.93543333,139.65195
北区,35.93552222,139.6637194
北区,35.93568611,139.6735528
北区,35.93577778,139.6767722
北区,35.93583889,139.6743306
北区,35.93585833,139.6832444
北区,35.93593056,139.6620806
北区,35.93605833,139.6505944
北区,35.93606389,139.6781972
北区,35.93609722,139.6669583
北区,35.9362,139.6570528
北区,35.936225,139.6727
北区,35.93622778,139.6798778
北区,35.93626111,139.6500694
北区,35.93631389,139.68065
北区,35.93641111,139.677375
北区,35.93641389,139.6660694
北区,35.93651944,139.6714139
北区,35.93671944,139.6789028
北区,35.93672222,139.6631722
北区,35.93673333,139.6511972
北区,35.93675556,139.6516167
北区,35.93677222,139.6701417
北区,35.93677222,139.6456667
北区,35.93684444,139.6484667
北区,35.93687222,139.6533889
北区,35.93697778,139.6470417
北区,35.93698611,139.64815
北区,35.93705,139.6731111
北区,35.93718889,139.6718778
北区,35.93730833,139.6846111
北区,35.93741667,139.6486167
北区,35.93744722,139.6444833
北区,35.93751667,139.6486167
北区,35.93752778,139.6461583
北区,35.93755278,139.6596
北区,35.93760556,139.6683083
北区,35.93762222,139.6681667
北区,35.93764167,139.6470111
北区,35.93778889,139.6609611
北区,35.93781389,139.6702694
北区,35.93794167,139.6840889
北区,35.93798056,139.6477111
北区,35.93805278,139.6649222
北区,35.93814167,139.6627778
北区,35.9382,139.67235
北区,35.93821667,139.6554917
北区,35.93823333,139.6438944
北区,35.938325,139.6612806
北区,35.93836667,139.6773278
北区,35.93837778,139.6714694
北区,35.93838611,139.6520056
北区,35.93843056,139.6439556
北区,35.93843056,139.6701556
北区,35.93844167,139.6694944
北区,35.93851111,139.6495361
北区,35.93852222,139.6710667
北区,35.93856944,139.6424528
北区,35.93858333,139.6447222
北区,35.93872778,139.6523556
北区,35.93872778,139.6529917
北区,35.93875833,139.6590722
北区,35.93876389,139.6766583
北区,35.93903889,139.6490333
北区,35.93906389,139.6837639
北区,35.93906667,139.6578028
北区,35.93909444,139.6436194
北区,35.93911667,139.6456111
北区,35.93918056,139.6546611
北区,35.93918333,139.6701861
北区,35.93924444,139.6721306
北区,35.93925278,139.6465306
北区,35.93933056,139.6655361
北区,35.93936389,139.6523167
北区,35.93941389,139.6701917
北区,35.93944444,139.6472222
北区,35.939575,139.6444361
北区,35.93965833,139.6480944
北区,35.93970278,139.6757083
北区,35.93970833,139.6513028
北区,35.93973056,139.6495889
北区,35.93984722,139.6537694
北区,35.93987778,139.6427667
北区,35.93988333,139.644775
北区,35.93991667,139.6742639
北区,35.93995556,139.6649444
北区,35.93996944,139.6661361
北区,35.93998333,139.669575
北区,35.94011944,139.6676889
北区,35.94025556,139.6412861
北区,35.94026667,139.6614694
北区,35.94030278,139.6467444
北区,35.94032778,139.6399528
北区,35.94039722,139.6418778
北区,35.94047778,139.6469389
北区,35.94048056,139.6667417
北区,35.94048333,139.6397472
北区,35.94049444,139.6601722
北区,35.94061111,139.6560728
北区,35.94066111,139.6442111
北区,35.94076667,139.683325
北区,35.94076944,139.6611861
北区,35.94079167,139.6771889
北区,35.940825,139.6689917
北区,35.94082778,139.6486972
北区,35.94083889,139.6582667
北区,35.94084444,139.6429767
北区,35.94084722,139.6779528
北区,35.94093611,139.6663583
北区,35.94098056,139.6425083
北区,35.941,139.6751528
北区,35.94100833,139.6474444
北区,35.94103333,139.6402444
北区,35.94108611,139.6502333
北区,35.94110833,139.6413333
北区,35.94124167,139.6394667
北区,35.94124722,139.6763722
北区,35.94124722,139.6766
北区,35.94136667,139.6399028
北区,35.94139444,139.6461778
北区,35.94144167,139.6669028
北区,35.94160278,139.6680472
北区,35.94161111,139.6392889
北区,35.94165556,139.6525389
北区,35.94169167,139.6464833
北区,35.94175278,139.6423056
北区,35.94193611,139.6675944
北区,35.94199167,139.6704083
北区,35.94199722,139.6601806
北区,35.94212778,139.6503306
北区,35.94214722,139.6411611
北区,35.94223889,139.6571806
北区,35.94229722,139.6748139
北区,35.942375,139.6386306
北区,35.94241944,139.6446111
北区,35.94245556,139.6635972
北区,35.94249722,139.6462083
北区,35.94250278,139.6519
北区,35.94250556,139.6714861
北区,35.942525,139.6649333
北区,35.94258056,139.64305
北区,35.94263889,139.6394972
北区,35.94265,139.6690389
北区,35.94266944,139.6492722
北区,35.94267778,139.6438
北区,35.94276944,139.66675
北区,35.94282222,139.6627472
北区,35.94288611,139.6836722
北区,35.94294167,139.6694222
北区,35.94301944,139.660975
北区,35.94312222,139.6406944
北区,35.94326111,139.6652556
北区,35.94330833,139.6676333
北区,35.94338333,139.6633361
北区,35.94341944,139.6372667
北区,35.943425,139.6595639
北区,35.94342778,139.6635417
北区,35.94344167,139.6391806
北区,35.94346667,139.6429528
北区,35.94348056,139.6585472
北区,35.94356667,139.6629972
北区,35.94362222,139.6605528
北区,35.94372778,139.6468528
北区,35.94381111,139.6632306
北区,35.94381111,139.6482667
北区,35.94394444,139.6573139
北区,35.94409167,139.6396472
北区,35.94410278,139.6371861
北区,35.94417222,139.669425
北区,35.94418056,139.6557111
北区,35.94420278,139.6608
北区,35.94420556,139.63665
北区,35.94425139,139.6541528
北区,35.94430556,139.6644556
北区,35.94434722,139.6357222
北区,35.94439167,139.63835
北区,35.94443611,139.6410833
北区,35.94447222,139.6703361
北区,35.94456111,139.6479
北区,35.94461667,139.6571583
北区,35.94463889,139.6558111
北区,35.94475,139.6491139
北区,35.94475833,139.6693722
北区,35.94476111,139.6405528
北区,35.94483333,139.6397306
北区,35.94487778,139.6376361
北区,35.94489722,139.6707861
北区,35.94490556,139.6365306
北区,35.94490833,139.6428361
北区,35.94494722,139.6785222
北区,35.94495556,139.6607972
北区,35.94497778,139.6388139
北区,35.94503889,139.6456028
北区,35.94511667,139.667075
北区,35.94517222,139.6457806
北区,35.94519722,139.6347472
北区,35.94520556,139.660325
北区,35.94524444,139.6573861
北区,35.94527778,139.6637028
北区,35.94530556,139.6704556
北区,35.94530833,139.6767583
北区,35.94533889,139.6471167
北区,35.94549444,139.6467222
北区,35.94553611,139.644125
北区,35.94558056,139.6586833
北区,35.94562778,139.6680361
北区,35.94566111,139.6680806
北区,35.94569444,139.6390278
北区,35.9457,139.6443806
北区,35.94570556,139.6490167
北区,35.94570833,139.6722944
北区,35.94571667,139.64
北区,35.94575556,139.661575
北区,35.94576944,139.6697028
北区,35.94583056,139.6370889
北区,35.945875,139.6632889
北区,35.94588056,139.6358028
北区,35.94589444,139.6704556
北区,35.9459,139.6410944
北区,35.94592778,139.645425
北区,35.94593056,139.6346611
北区,35.94594722,139.6574667
北区,35.94608889,139.6588333
北区,35.94608889,139.6416889
北区,35.94610278,139.6754194
北区,35.94612778,139.6617611
北区,35.94624167,139.6629917
北区,35.94625278,139.6716556
北区,35.94629444,139.6399944
北区,35.9463,139.6629194
北区,35.94634167,139.6357694
北区,35.94637778,139.6732611
北区,35.94638611,139.6391639
北区,35.94640278,139.6771
北区,35.94640833,139.652925
北区,35.94643611,139.6408444
北区,35.94643889,139.6809361
北区,35.94644722,139.6382583
北区,35.94655,139.6690278
北区,35.94658889,139.6600694
北区,35.9466,139.6600806
北区,35.94663056,139.6445806
北区,35.94667222,139.6416889
北区,35.94675278,139.6764444
北区,35.94677222,139.6818306
北区,35.94682778,139.6598056
北区,35.94689167,139.6656222
北区,35.94691389,139.6622472
北区,35.94697222,139.6757861
北区,35.94698056,139.6406111
北区,35.94699444,139.6699917
北区,35.94699444,139.6746389
北区,35.94705,139.6638
北区,35.94705278,139.6421861
北区,35.94708611,139.6355833
北区,35.94714444,139.6410528
北区,35.94715833,139.6487222
北区,35.94717778,139.6594417
北区,35.9472,139.64345
北区,35.94723611,139.6583472
北区,35.94726111,139.6810333
北区,35.94726944,139.6536083
北区,35.94727222,139.6732778
北区,35.94735278,139.6790833
北区,35.947375,139.6805583
北区,35.947375,139.6371194
北区,35.947375,139.6363028
北区,35.94741944,139.666625
北区,35.94741944,139.6424111
北区,35.94742222,139.6674722
北区,35.94746944,139.6443806
北区,35.94749444,139.6438528
北区,35.94750278,139.6782556
北区,35.94751389,139.6495639
北区,35.94751944,139.6380972
北区,35.94758056,139.6472306
北区,35.94761389,139.6758
北区,35.94761667,139.6701361
北区,35.94761944,139.6451056
北区,35.94763333,139.6312333
北区,35.947675,139.6594472
北区,35.94768889,139.6723083
北区,35.94772222,139.655975
北区,35.94775833,139.6764278
北区,35.94776389,139.6510083
北区,35.94779444,139.6543861
北区,35.94783611,139.6742417
北区,35.94785833,139.6427833
北区,35.94789167,139.6623778
北区,35.94792222,139.6766
北区,35.94792778,139.6410083
北区,35.94795278,139.6386889
北区,35.94800556,139.6325111
北区,35.94801111,139.6800444
北区,35.94803056,139.6486917
北区,35.94803056,139.6361139
北区,35.94808333,139.6723194
北区,35.94815,139.6777028
北区,35.948175,139.6367639
北区,35.94818333,139.6518472
北区,35.94822222,139.6658694
北区,35.94823611,139.6431306
北区,35.948275,139.673675
北区,35.94833611,139.6706806
北区,35.94836111,139.6374667
北区,35.9484,139.6600222
北区,35.94840833,139.6692833
北区,35.94845833,139.6720167
北区,35.94849444,139.6383833
北区,35.94849722,139.6573167
北区,35.94850833,139.6390639
北区,35.94855556,139.6758806
北区,35.94862778,139.64485
北区,35.94863333,139.6556528
北区,35.94865278,139.6324667
北区,35.94866944,139.641325
北区,35.94867222,139.6624639
北区,35.94868333,139.6705667
北区,35.94870833,139.6672361
北区,35.94871944,139.6518639
北区,35.94874722,139.6641639
北区,35.94886111,139.6739528
北区,35.94886111,139.6330694
北区,35.94887222,139.6658167
北区,35.94890556,139.6426861
北区,35.94895833,139.6507028
北区,35.948975,139.6372278
北区,35.94901944,139.6689944
北区,35.94904444,139.6613806
北区,35.94905833,139.6547361
北区,35.94908889,139.6313278
北区,35.94912778,139.6727667
北区,35.94916944,139.6441361
北区,35.94921111,139.6391944
北区,35.94921111,139.6368083
北区,35.94921667,139.6381444
北区,35.94925,139.662375
北区,35.94926389,139.6410694
北区,35.94931667,139.6560667
北区,35.94931667,139.66695
北区,35.94931944,139.6408611
北区,35.94933611,139.6658889
北区,35.94940556,139.6429833
北区,35.94943889,139.6698667
北区,35.94951111,139.6305556
北区,35.94951667,139.6795167
北区,35.94963333,139.6524972
北区,35.94966111,139.6713639
北区,35.94966667,139.6795639
北区,35.94973611,139.67065
北区,35.94975833,139.6698556
北区,35.94977222,139.6522278
北区,35.94979444,139.638975
北区,35.94984444,139.6337306
北区,35.94985833,139.6555417
北区,35.94992222,139.6359028
北区,35.94997778,139.6380778
北区,35.95004444,139.6442722
北区,35.95005556,139.6686694
北区,35.95011111,139.6667389
北区,35.95011667,139.6673167
北区,35.95014167,139.655975
北区,35.95014444,139.6403111
北区,35.950175,139.6714028
北区,35.950225,139.6645972
北区,35.950275,139.6385583
北区,35.95034722,139.6664611
北区,35.95037222,139.6508694
北区,35.95038889,139.6657472
北区,35.95043333,139.6723056
北区,35.95047778,139.6377806
北区,35.95051111,139.67225
北区,35.95054444,139.6393417
北区,35.95057222,139.6551472
北区,35.95059167,139.6434778
北区,35.95065278,139.6408611
北区,35.95065556,139.6713278
北区,35.95072778,139.6528806
北区,35.95079167,139.6405694
北区,35.9508,139.6675028
北区,35.95080833,139.663675
北区,35.95083333,139.6689056
北区,35.95085833,139.6399639
北区,35.95091111,139.664825
北区,35.95098889,139.667075
北区,35.95102222,139.6618972
北区,35.95105,139.6557833
北区,35.9511,139.6552944
北区,35.95115,139.6547528
北区,35.95119444,139.6713139
北区,35.95120556,139.6562306
北区,35.95125833,139.6516389
北区,35.95133611,139.6574222
北区,35.95139167,139.6703944
北区,35.95140278,139.666425
北区,35.95141389,139.6733583
北区,35.95141389,139.6672694
北区,35.95141667,139.6538361
北区,35.95143611,139.6658111
北区,35.95146389,139.6610778
北区,35.95149722,139.6633722
北区,35.95165278,139.6677722
北区,35.95165833,139.6740917
北区,35.95176111,139.6718083
北区,35.9518,139.6623639
北区,35.95187778,139.6564139
北区,35.95188333,139.6692861
北区,35.95194167,139.6521028
北区,35.95208611,139.6678639
北区,35.95211944,139.6554
北区,35.95221111,139.6668694
北区,35.95229444,139.6542917
北区,35.95235556,139.6628944
北区,35.95236111,139.6715417
北区,35.95236389,139.661525
北区,35.95239722,139.6715694
北区,35.95249167,139.6591
北区,35.95250833,139.6652611
北区,35.95256111,139.6742528
北区,35.95258056,139.6634083
北区,35.952625,139.6640889
北区,35.95263889,139.6589722
北区,35.95269167,139.6718611
北区,35.95272222,139.6637167
北区,35.95275556,139.6580583
北区,35.95277222,139.6544028
北区,35.95314722,139.6678889
北区,35.95315,139.66785
北区,35.95326667,139.6729639
北区,35.95328889,139.655375
北区,35.95330278,139.6573183
北区,35.95338333,139.6626194
北区,35.95338333,139.6700611
北区,35.95338889,139.6532306
北区,35.95341389,139.6619028
北区,35.95342778,139.6645972
北区,35.95344722,139.6672722
北区,35.95349444,139.6635222
北区,35.95351389,139.6669833
北区,35.95353889,139.6735322
北区,35.95359667,139.6578633
北区,35.95366389,139.6578056
北区,35.95376667,139.6668306
北区,35.95386667,139.6610972
北区,35.95388056,139.667525
北区,35.95395833,139.6669972
北区,35.95400278,139.6713444
北区,35.954025,139.6546972
北区,35.95426389,139.6576417
北区,35.95430278,139.6716028
北区,35.95431111,139.6657667
北区,35.95443333,139.6646056
北区,35.95443611,139.6656889
北区,35.95443611,139.6727889
北区,35.95448056,139.6564167
北区,35.95464167,139.6557556
北区,35.95464444,139.6557583
北区,35.95464444,139.6665861
北区,35.95465,139.6674111
北区,35.9547,139.6569667
北区,35.95470278,139.6687972
北区,35.9549,139.6676639
北区,35.95491667,139.6583083
北区,35.95496667,139.6561472
北区,35.95500278,139.6647944
北区,35.95515,139.6679694
北区,35.95541944,139.6663194
北区,35.95547778,139.6650361
北区,35.95555,139.6677
北区,35.95568333,139.6640056
北区,35.95573611,139.6662861
北区,35.95600833,139.6651194
北区,35.95613889,139.6660417
北区,35.95614722,139.6628389
北区,35.95616111,139.6667861
北区,35.95623889,139.6538194
北区,35.95628611,139.6666333
北区,35.95656944,139.665025
北区,35.95664444,139.6539028
北区,35.95665556,139.6673361
北区,35.956725,139.66655
北区,35.95680833,139.6581278
北区,35.95685833,139.6617361
北区,35.95694722,139.6660694
北区,35.95713056,139.6590444
北区,35.95718889,139.6576389
北区,35.95742778,139.6745111
北区,35.95742778,139.6623306
北区,35.95755,139.6605083
北区,35.95757222,139.6533389
北区,35.95760556,139.6583833
北区,35.95764444,139.6598278
北区,35.95770833,139.6639611
北区,35.95772222,139.6626194
北区,35.95791389,139.6581694
北区,35.95805833,139.6576306
北区,35.95807222,139.6588694
北区,35.95817778,139.6619611
北区,35.95870556,139.6725472
北区,35.96038056,139.6634111
北区,35.96044444,139.6670361
大宮区,35.89487361,139.6654928
大宮区,35.89490833,139.6589361
大宮区,35.89492222,139.6618167
大宮区,35.89508056,139.6599917
大宮区,35.895325,139.6591333
大宮区,35.89541667,139.6618889
大宮区,35.89564056,139.6866228
大宮区,35.89565278,139.6619417
大宮区,35.89607778,139.66455
大宮区,35.89699167,139.6921194
大宮区,35.89700278,139.6921194
大宮区,35.897775,139.6697361
大宮区,35.89819722,139.6919944
大宮区,35.89927778,139.6648453
大宮区,35.89931944,139.6622333
大宮区,35.89935806,139.6628778
大宮区,35.89982556,139.6637394
大宮区,35.90103417,139.6900644
大宮区,35.90138,139.6899544
大宮区,35.90422028,139.6973811
大宮区,35.90434167,139.6579778
大宮区,35.90477222,139.6571639
大宮区,35.90483389,139.6526094
大宮区,35.90822222,139.6873194
大宮区,35.90865333,139.6597025
大宮区,35.90873056,139.6584611
大宮区,35.91000278,139.6601556
大宮区,35.91096111,139.6606389
大宮区,35.91123056,139.6608522
大宮区,35.91158694,139.6652061
大宮区,35.91273611,139.6106611
大宮区,35.91283889,139.6084194
大宮区,35.913025,139.6116944
大宮区,35.91313056,139.6008
大宮区,35.91313611,139.6649278
大宮区,35.91321667,139.6003722
大宮区,35.91327222,139.6100444
大宮区,35.91331389,139.6051556
大宮区,35.91336944,139.6017389
大宮区,35.91344167,139.6126778
大宮区,35.91346944,139.6138667
大宮区,35.91353056,139.6106028
大宮区,35.91355,139.6110083
大宮区,35.91362778,139.6030194
大宮区,35.91374722,139.6037944
大宮区,35.91379444,139.6091861
大宮区,35.91385556,139.6001444
大宮区,35.91390556,139.6022667
大宮区,35.91393611,139.6089556
大宮区,35.914,139.6010194
大宮区,35.91404722,139.6117722
大宮区,35.914075,139.6137861
大宮区,35.91407778,139.6243722
大宮区,35.91436111,139.6011306
大宮区,35.9145,139.6095611
大宮区,35.91456111,139.6030583
大宮区,35.91465278,139.6236444
大宮区,35.91470833,139.6043139
大宮区,35.91472222,139.6000417
大宮区,35.91485833,139.6260972
大宮区,35.91486111,139.6054861
大宮区,35.91493361,139.6842742
大宮区,35.915,139.6239194
大宮区,35.91502778,139.6269306
大宮区,35.91511083,139.6824792
大宮区,35.91512222,139.6250078
大宮区,35.91517778,139.6145972
大宮区,35.9152,139.6105694
大宮区,35.91525556,139.6132972
大宮区,35.91528333,139.612875
大宮区,35.91528333,139.599175
大宮区,35.91534722,139.6093611
大宮区,35.91537222,139.6281222
大宮区,35.91546111,139.6141944
大宮区,35.91555278,139.6265861
大宮区,35.91555556,139.6266722
大宮区,35.91556111,139.6258917
大宮区,35.91563333,139.6005833
大宮区,35.91568333,139.6243361
大宮区,35.91583611,139.5998861
大宮区,35.91585556,139.6236061
大宮区,35.91595278,139.6084889
大宮区,35.91598056,139.611725
大宮区,35.91599722,139.6071472
大宮区,35.91603889,139.6131833
大宮区,35.91608889,139.6123028
大宮区,35.91611944,139.6562361
大宮区,35.91611944,139.6136611
大宮区,35.91616667,139.6267167
大宮区,35.91617778,139.6245667
大宮区,35.916225,139.6105917
大宮区,35.91628611,139.6777694
大宮区,35.91634722,139.6092194
大宮区,35.91638056,139.6265778
大宮区,35.91646111,139.6164056
大宮区,35.91648056,139.6169
大宮区,35.91650833,139.627575
大宮区,35.91675833,139.6255222
大宮区,35.91681389,139.6285694
大宮区,35.91686389,139.6279944
大宮区,35.91696667,139.60075
大宮区,35.91701111,139.6228722
大宮区,35.917025,139.6117917
大宮区,35.91703611,139.6261583
大宮区,35.91705,139.6262278
大宮区,35.91717222,139.6145306
大宮区,35.91720556,139.5996694
大宮区,35.91727222,139.6259222
大宮区,35.91733889,139.607325
大宮区,35.91737222,139.6157639
大宮区,35.91741667,139.6071417
大宮区,35.917425,139.6092611
大宮区,35.91743611,139.6091917
大宮区,35.91743611,139.6116833
大宮区,35.91745556,139.6125944
大宮区,35.91750833,139.601175
大宮区,35.91751944,139.6252889
大宮区,35.91755,139.6229806
大宮区,35.91759722,139.6136278
大宮区,35.91761389,139.6228639
大宮区,35.91765,139.6237611
大宮区,35.91768333,139.5985833
大宮区,35.91776944,139.6176333
大宮区,35.91776944,139.5993028
大宮区,35.917775,139.6268889
大宮区,35.91781111,139.6044833
大宮区,35.91801944,139.6273694
大宮区,35.91806667,139.6137694
大宮区,35.91807222,139.6105556
大宮区,35.91811111,139.6281028
大宮区,35.91823889,139.6003361
大宮区,35.91824167,139.6111333
大宮区,35.91826806,139.6656747
大宮区,35.91831944,139.6009889
大宮区,35.91835,139.6056472
大宮区,35.91836389,139.628625
大宮区,35.91839722,139.60665
大宮区,35.91848889,139.609625
大宮区,35.91854444,139.6250256
大宮区,35.91858611,139.6141528
大宮区,35.91871667,139.6193889
大宮区,35.91871944,139.6155333
大宮区,35.91875556,139.62635
大宮区,35.91879167,139.6018722
大宮区,35.91881389,139.6145
大宮区,35.91881944,139.6082917
大宮区,35.91888611,139.5998889
大宮区,35.91889167,139.6052722
大宮区,35.91889722,139.6134667
大宮区,35.9189,139.6063833
大宮区,35.91894444,139.6117306
大宮区,35.91894722,139.6155917
大宮区,35.91900556,139.6306556
大宮区,35.91901111,139.6618622
大宮区,35.91902222,139.6268389
大宮区,35.91904444,139.6195111
大宮区,35.91910278,139.6257917
大宮区,35.919125,139.6072917
大宮区,35.91913333,139.6072139
大宮区,35.91914444,139.6183139
大宮区,35.91915556,139.6097889
大宮区,35.91916111,139.6032028
大宮区,35.91916944,139.5999722
大宮区,35.91917222,139.6112056
大宮区,35.91917222,139.6228528
大宮区,35.91919444,139.6157111
大宮区,35.9192,139.6063722
大宮区,35.91926111,139.6223556
大宮区,35.91927778,139.600475
大宮区,35.919325,139.6290028
大宮区,35.91936111,139.6189167
大宮区,35.91938611,139.6117833
大宮区,35.91943056,139.6223556
大宮区,35.91943611,139.6312861
大宮区,35.91945833,139.6233833
大宮区,35.91951944,139.6232917
大宮区,35.91959444,139.6281806
大宮区,35.91971111,139.6064861
大宮区,35.91976389,139.6244972
大宮区,35.91979722,139.6001278
大宮区,35.91980833,139.6003361
大宮区,35.91981667,139.6327417
大宮区,35.91983889,139.6322889
大宮区,35.91984167,139.6178556
大宮区,35.91987222,139.6175083
大宮区,35.92001667,139.6261583
大宮区,35.92014167,139.6220167
大宮区,35.92018611,139.6185361
大宮区,35.92018611,139.6003028
大宮区,35.92020556,139.6024667
大宮区,35.920225,139.6286889
大宮区,35.92023889,139.6085556
大宮区,35.92023889,139.60155
大宮区,35.92024444,139.6254639
大宮区,35.92025,139.6053667
大宮区,35.92026389,139.63045
大宮区,35.92026389,139.6255139
大宮区,35.92028611,139.6044028
大宮区,35.92029444,139.6052722
大宮区,35.92032222,139.611725
大宮区,35.92037222,139.607525
大宮区,35.92039722,139.6075028
大宮区,35.92043056,139.6339
大宮区,35.92050278,139.6107389
大宮区,35.92054444,139.6314472
大宮区,35.920625,139.6251389
大宮区,35.92065,139.6115639
大宮区,35.92067222,139.6308722
大宮区,35.92068333,139.6184611
大宮区,35.92069722,139.6510583
大宮区,35.92078333,139.600725
大宮区,35.92083889,139.6241444
大宮区,35.92084167,139.6048361
大宮区,35.92086389,139.6014611
大宮区,35.92088611,139.6270222
大宮区,35.92090833,139.6060861
大宮区,35.92091111,139.635275
大宮区,35.92098056,139.6074472
大宮区,35.92102778,139.6251222
大宮区,35.92103056,139.6229528
大宮区,35.92103611,139.6155361
大宮区,35.92106111,139.6090833
大宮区,35.92109167,139.6137889
大宮区,35.92119722,139.6147583
大宮区,35.92122778,139.6290556
大宮区,35.92124444,139.625765
大宮区,35.921275,139.6336667
大宮区,35.921275,139.6318861
大宮区,35.92128889,139.647075
大宮区,35.92133056,139.6319139
大宮区,35.92134444,139.6023611
大宮区,35.92134722,139.618775
大宮区,35.92136667,139.6274667
大宮区,35.92137778,139.617825
大宮区,35.92146944,139.6113778
大宮区,35.92155,139.6645083
大宮区,35.92158056,139.6006444
大宮区,35.92160278,139.6158389
大宮区,35.92161389,139.6087611
大宮区,35.92161806,139.6012233
大宮区,35.92163611,139.6325472
大宮区,35.92166389,139.6052472
大宮区,35.92171111,139.6344778
大宮区,35.92171389,139.6225278
大宮区,35.92173889,139.6048278
大宮区,35.92180278,139.6179667
大宮区,35.92182778,139.636275
大宮区,35.92187222,139.633375
大宮区,35.92189722,139.6102083
大宮区,35.9219,139.6329528
大宮区,35.92190833,139.6368722
大宮区,35.921925,139.6305111
大宮区,35.92198333,139.6357667
大宮区,35.92199167,139.6279611
大宮区,35.92206944,139.6265306
大宮区,35.92207222,139.6168
大宮区,35.922075,139.6601778
大宮区,35.92209722,139.637725
大宮区,35.9221,139.6307222
大宮区,35.9221175,139.6656256
大宮区,35.92218611,139.6350139
大宮区,35.92220833,139.6289056
大宮区,35.92227778,139.6116139
大宮区,35.92227778,139.6116694
大宮区,35.92228889,139.6309917
大宮区,35.92230556,139.6093389
大宮区,35.92233333,139.6254028
大宮区,35.92233889,139.6580778
大宮区,35.9224,139.6237361
大宮区,35.92241111,139.6343639
大宮区,35.92243333,139.61275
大宮区,35.92245556,139.6314528
大宮区,35.92246389,139.629005
大宮区,35.92247222,139.6298978
大宮区,35.92250833,139.6229833
大宮区,35.92264722,139.6178611
大宮区,35.92270278,139.6504528
大宮区,35.92271667,139.6270306
大宮区,35.92272222,139.6234694
大宮区,35.92274444,139.6274194
大宮区,35.92275278,139.6338694
大宮区,35.922775,139.61865
大宮区,35.92278333,139.6065194
大宮区,35.92279444,139.6127222
大宮区,35.92282639,139.6582544
大宮区,35.92293889,139.6783556
大宮区,35.92296667,139.6324917
大宮区,35.92301944,139.6162417
大宮区,35.92303889,139.626225
大宮区,35.92304722,139.6262444
大宮区,35.92305278,139.6310556
大宮区,35.923075,139.6359667
大宮区,35.92310556,139.6051389
大宮区,35.92311944,139.6284833
大宮区,35.92312222,139.6244222
大宮区,35.92313333,139.6189333
大宮区,35.92322222,139.6165472
大宮区,35.92323333,139.6297917
大宮区,35.92325278,139.6296222
大宮区,35.923325,139.6174
大宮区,35.92335556,139.6250833
大宮区,35.92336389,139.6143694
大宮区,35.92341111,139.6259667
大宮区,35.92344722,139.6246583
大宮区,35.92350833,139.6080833
大宮区,35.923525,139.6411139
大宮区,35.92353056,139.6411222
大宮区,35.9236,139.6351556
大宮区,35.92365,139.6283278
大宮区,35.92379167,139.6182444
大宮区,35.92379444,139.6116583
大宮区,35.92382222,139.6182111
大宮区,35.923825,139.6051833
大宮区,35.92387222,139.6270333
大宮区,35.923875,139.6180972
大宮区,35.92390972,139.6192389
大宮区,35.92398056,139.6581139
大宮区,35.92400556,139.6307306
大宮区,35.92403889,139.6160083
大宮区,35.92404167,139.6041111
大宮区,35.92404444,139.6135389
大宮区,35.92405278,139.6320528
大宮区,35.92405278,139.6377556
大宮区,35.92406944,139.6028444
大宮区,35.92408611,139.6358583
大宮区,35.92408611,139.6235972
大宮区,35.9241,139.6063889
大宮区,35.92410278,139.631025
大宮区,35.92414583,139.6283189
大宮区,35.92420833,139.6380833
大宮区,35.92423611,139.6088528
大宮区,35.9243,139.6171528
大宮区,35.92433056,139.6235889
大宮区,35.92438889,139.6179611
大宮区,35.92438889,139.6095417
大宮区,35.92458889,139.6386306
大宮区,35.92465556,139.6317306
大宮区,35.92466111,139.6028944
大宮区,35.92468056,139.6326472
大宮区,35.9247,139.6401889
大宮区,35.9247,139.6204417
大宮区,35.92471389,139.6097917
大宮区,35.92471667,139.6042611
大宮区,35.92472222,139.6290611
大宮区,35.92476111,139.6350833
大宮区,35.92478056,139.6061083
大宮区,35.92481667,139.6578806
大宮区,35.92482778,139.611775
大宮区,35.92488889,139.6341917
大宮区,35.9249,139.6303306
大宮区,35.92494167,139.6203667
大宮区,35.92497944,139.6457131
大宮区,35.92499722,139.6218833
大宮区,35.92505,139.6368556
大宮区,35.925175,139.6157167
大宮区,35.92519722,139.6242722
大宮区,35.92521944,139.6167194
大宮区,35.92524444,139.6225083
大宮区,35.92531389,139.6285
大宮区,35.92532222,139.6306806
大宮区,35.92538056,139.60335
大宮区,35.92540833,139.6085167
大宮区,35.92542778,139.6068472
大宮区,35.92543056,139.6389278
大宮区,35.92545556,139.6323611
大宮区,35.9255,139.6247833
大宮区,35.92554167,139.6051139
大宮区,35.92555278,139.6211611
大宮区,35.92556389,139.6102472
大宮区,35.92556667,139.6395028
大宮区,35.92556944,139.6097472
大宮区,35.92559722,139.6094278
大宮区,35.92560278,139.6314306
大宮区,35.92562778,139.6173806
大宮区,35.92567222,139.6380556
大宮区,35.92574444,139.6358556
大宮区,35.9258,139.6328917
大宮区,35.925825,139.6572694
大宮区,35.92583889,139.6396111
大宮区,35.92586944,139.6297028
大宮区,35.92592222,139.6210194
大宮区,35.92593889,139.6346167
大宮区,35.92608611,139.610275
大宮区,35.92610278,139.6045333
大宮区,35.92613611,139.6201944
大宮区,35.92625833,139.6229639
大宮区,35.92626667,139.6155
大宮区,35.92628333,139.6349
大宮区,35.92629722,139.6027778
大宮区,35.92633611,139.6402861
大宮区,35.92636667,139.6384889
大宮区,35.92637778,139.6311972
大宮区,35.92640556,139.6378333
大宮区,35.926425,139.6161556
大宮区,35.92645833,139.6326889
大宮区,35.926475,139.6393056
大宮区,35.92650833,139.6205056
大宮区,35.92651389,139.6229722
大宮区,35.92651667,139.6329889
大宮区,35.92653194,139.6824528
大宮区,35.92653333,139.6234722
大宮区,35.92654444,139.6335417
大宮区,35.92656667,139.6082972
大宮区,35.926575,139.6332278
大宮区,35.92660139,139.6230378
大宮区,35.92663611,139.62605
大宮区,35.92675278,139.6099417
大宮区,35.92676944,139.6077611
大宮区,35.92683611,139.6037083
大宮区,35.92689167,139.6305139
大宮区,35.92690556,139.6223
大宮区,35.92692778,139.6046278
大宮区,35.92700833,139.6414056
大宮区,35.92709167,139.6322667
大宮区,35.92716472,139.6549122
大宮区,35.92718889,139.6353056
大宮区,35.92719444,139.6384917
大宮区,35.92725,139.6295889
大宮区,35.92734167,139.6279667
大宮区,35.92741667,139.6088444
大宮区,35.92746667,139.6341278
大宮区,35.92749444,139.6307722
大宮区,35.9275,139.6225611
大宮区,35.92750556,139.6047944
大宮区,35.92751111,139.6319
大宮区,35.92751944,139.6378361
大宮区,35.92752778,139.6363194
大宮区,35.92754722,139.6050333
大宮区,35.92755,139.6392917
大宮区,35.92755556,139.614225
大宮区,35.92769722,139.603175
大宮区,35.92769722,139.6031528
大宮区,35.92770417,139.6369883
大宮区,35.92779444,139.6334306
大宮区,35.92784028,139.6370183
大宮区,35.92795278,139.6294194
大宮区,35.92800278,139.6226417
大宮区,35.92800556,139.6047667
大宮区,35.92805278,139.6152806
大宮区,35.92825833,139.6074167
大宮区,35.92826389,139.6074028
大宮区,35.92826667,139.6164
大宮区,35.92828056,139.6403944
大宮区,35.9283,139.6301056
大宮区,35.92832917,139.6304978
大宮区,35.92835278,139.6338056
大宮区,35.92836111,139.6213528
大宮区,35.92836806,139.6242194
大宮区,35.92836944,139.6258306
大宮区,35.92839444,139.6832444
大宮区,35.92856944,139.6350278
大宮区,35.92857667,139.6635614
大宮区,35.92883194,139.63686
大宮区,35.92884667,139.628045
大宮区,35.92886667,139.604825
大宮区,35.92886667,139.6163278
大宮区,35.92889722,139.605425
大宮区,35.92892222,139.6379139
大宮区,35.92894722,139.637075
大宮区,35.928975,139.6260889
大宮区,35.928975,139.6234583
大宮区,35.92901667,139.6394306
大宮区,35.92909444,139.6332056
大宮区,35.92911389,139.6322611
大宮区,35.92918889,139.63865
大宮区,35.92920278,139.6212861
大宮区,35.92922222,139.6244333
大宮区,35.92926944,139.6288222
大宮区,35.92927222,139.6300944
大宮区,35.929275,139.6348861
大宮区,35.929275,139.6216361
大宮区,35.92931389,139.6076083
大宮区,35.92933889,139.6205306
大宮区,35.92933889,139.6086056
大宮区,35.92934722,139.63315
大宮区,35.92938333,139.6186694
大宮区,35.92945278,139.6318028
大宮区,35.92946111,139.6217306
大宮区,35.92952361,139.6278
大宮区,35.92959167,139.6348833
大宮区,35.92963889,139.6104861
大宮区,35.92966111,139.6342139
大宮区,35.92971944,139.6322611
大宮区,35.92974722,139.6044389
大宮区,35.92983611,139.6061583
大宮区,35.92988611,139.6350944
大宮区,35.92989722,139.6326722
大宮区,35.92995833,139.6270583
大宮区,35.93000556,139.6274333
大宮区,35.93009167,139.6231306
大宮区,35.93009444,139.6402861
大宮区,35.9301,139.6358556
大宮区,35.93013611,139.6296694
大宮区,35.93014444,139.6226278
大宮区,35.93015556,139.6204833
大宮区,35.93016111,139.6372861
大宮区,35.93016667,139.6202972
大宮区,35.93020556,139.6315139
大宮区,35.93022222,139.6801889
大宮区,35.93023889,139.6255972
大宮区,35.93039444,139.6207611
大宮区,35.9304,139.6181306
大宮区,35.93049722,139.6268
大宮区,35.93051944,139.6236306
大宮区,35.93052833,139.6790206
大宮区,35.930575,139.6189028
大宮区,35.930625,139.6660333
大宮区,35.93063611,139.6660694
大宮区,35.93066944,139.6320194
大宮区,35.93068611,139.6038583
大宮区,35.93083056,139.6249778
大宮区,35.93083889,139.6074056
大宮区,35.93085,139.6080472
大宮区,35.93088889,139.6258028
大宮区,35.93090278,139.6230417
大宮区,35.93091389,139.6280556
大宮区,35.93091667,139.6370694
大宮区,35.93099722,139.6343528
大宮区,35.931,139.6186194
大宮区,35.93101889,139.6741028
大宮区,35.93102222,139.6396694
大宮区,35.93106667,139.6186778
大宮区,35.93108611,139.6150611
大宮区,35.93109167,139.6384944
大宮区,35.93116667,139.6317361
大宮区,35.93121944,139.6262167
大宮区,35.93122778,139.6103944
大宮区,35.93125278,139.6746667
大宮区,35.93125556,139.6121083
大宮区,35.931325,139.6170389
大宮区,35.93139722,139.6355917
大宮区,35.93142306,139.6750628
大宮区,35.93143333,139.6403444
大宮区,35.93143611,139.6223722
大宮区,35.93144444,139.6248417
大宮区,35.93154444,139.6383583
大宮区,35.93155278,139.6170917
大宮区,35.93157528,139.6631819
大宮区,35.93161389,139.619175
大宮区,35.93162222,139.6334972
大宮区,35.93163333,139.6018472
大宮区,35.93164722,139.6156083
大宮区,35.93165,139.6155694
大宮区,35.93171389,139.6155139
大宮区,35.93172222,139.627775
大宮区,35.931725,139.6320583
大宮区,35.93173611,139.6285889
大宮区,35.93173889,139.6404139
大宮区,35.93175083,139.6744044
大宮区,35.93176667,139.6310222
大宮区,35.931775,139.6388472
大宮区,35.93177778,139.6744111
大宮区,35.93181111,139.610075
大宮区,35.93190556,139.6373694
大宮区,35.93191389,139.6250556
大宮区,35.93193611,139.6346306
大宮区,35.932005,139.6750928
大宮区,35.93203056,139.6235056
大宮区,35.93203056,139.6106028
大宮区,35.93204722,139.6163194
大宮区,35.93205833,139.6228639
大宮区,35.93208056,139.6319778
大宮区,35.9321,139.6818444
大宮区,35.93211667,139.606875
大宮区,35.93214167,139.6027111
大宮区,35.93215278,139.62065
大宮区,35.93216944,139.6381944
大宮区,35.93219583,139.6243889
大宮区,35.93225833,139.6153417
大宮区,35.93231944,139.6356944
大宮区,35.93238611,139.6731611
大宮区,35.93238611,139.6274972
大宮区,35.93248056,139.6337778
大宮区,35.93253056,139.637775
大宮区,35.93256111,139.6183806
大宮区,35.93258333,139.6220083
大宮区,35.93258611,139.6204028
大宮区,35.93260833,139.640275
大宮区,35.93264444,139.6363083
大宮区,35.93264722,139.6013806
大宮区,35.93265556,139.6050111
大宮区,35.93270556,139.6364056
大宮区,35.93273056,139.6101944
大宮区,35.932775,139.6039639
大宮区,35.93279444,139.6169
大宮区,35.93286111,139.6392833
大宮区,35.93299167,139.6268139
大宮区,35.93299167,139.6041028
大宮区,35.93300278,139.6769833
大宮区,35.93300556,139.6370306
大宮区,35.93302222,139.6328417
大宮区,35.93305833,139.6352944
大宮区,35.93310833,139.6039694
大宮区,35.93318333,139.6113278
大宮区,35.93318889,139.6191167
大宮区,35.93319167,139.6250389
大宮区,35.93321111,139.6107194
大宮区,35.93324444,139.6211417
大宮区,35.93327222,139.6157111
大宮区,35.93335833,139.6372083
大宮区,35.9334,139.6228583
大宮区,35.93340556,139.6110667
大宮区,35.93343611,139.6359944
大宮区,35.93345278,139.6210167
大宮区,35.93351944,139.6301083
大宮区,35.93355,139.6173472
大宮区,35.93355278,139.6024111
大宮区,35.93359167,139.6385194
大宮区,35.9336,139.6141611
大宮区,35.93363889,139.6496333
大宮区,35.93365278,139.6122389
大宮区,35.93366111,139.672875
大宮区,35.93370833,139.6342167
大宮区,35.93370833,139.6400361
大宮区,35.93371389,139.6060694
大宮区,35.933725,139.6183583
大宮区,35.93373028,139.6550039
大宮区,35.93381667,139.6325528
大宮区,35.93398333,139.6313944
大宮区,35.93402861,139.6663133
大宮区,35.93404444,139.6240361
大宮区,35.93416111,139.6209472
大宮区,35.93419167,139.6349972
大宮区,35.93422222,139.636825
大宮区,35.93424722,139.6391333
大宮区,35.93424722,139.6225389
大宮区,35.93436389,139.6108389
大宮区,35.934375,139.6358306
大宮区,35.93445833,139.6311917
大宮区,35.93447778,139.6063917
大宮区,35.9345,139.6377389
大宮区,35.93451111,139.6247
大宮区,35.93457778,139.6066222
大宮区,35.93458056,139.6123167
大宮区,35.93458806,139.6687278
大宮区,35.93461111,139.6270139
大宮区,35.93463889,139.6323944
大宮区,35.93467222,139.619925
大宮区,35.934675,139.6157333
大宮区,35.93469167,139.60335
大宮区,35.934725,139.6133611
大宮区,35.93473333,139.6256306
大宮区,35.93475,139.6310389
大宮区,35.93475833,139.6238472
大宮区,35.93476389,139.6191056
大宮区,35.93477778,139.6389361
大宮区,35.93478889,139.6397194
大宮区,35.934925,139.6153
大宮区,35.93503083,139.6531164
大宮区,35.93504944,139.6515256
大宮区,35.93506667,139.6228944
大宮区,35.93507778,139.6372333
大宮区,35.93509167,139.6728806
大宮区,35.93518056,139.6046
大宮区,35.93524111,139.6624722
大宮区,35.93528333,139.6143583
大宮区,35.93531472,139.6652683
大宮区,35.93535278,139.6024556
大宮区,35.93537222,139.6159194
大宮区,35.93538889,139.6083139
大宮区,35.93538889,139.6290306
大宮区,35.93545833,139.6323056
大宮区,35.93546667,139.6231056
大宮区,35.93546667,139.603975
大宮区,35.93548278,139.6671033
大宮区,35.93558889,139.6123417
大宮区,35.93560833,139.6029167
大宮区,35.93563889,139.6303806
大宮区,35.93569167,139.6114444
大宮区,35.93572222,139.6192278
大宮区,35.93574167,139.6042278
大宮区,35.93577222,139.6151972
大宮区,35.93581111,139.6093194
大宮区,35.93583611,139.6152139
大宮区,35.93585556,139.6081972
大宮区,35.93587222,139.6250667
大宮区,35.93588889,139.6235222
大宮区,35.93590278,139.6380917
大宮区,35.93598889,139.6138806
大宮区,35.93600556,139.608525
大宮区,35.93602222,139.6085556
大宮区,35.93606667,139.6399806
大宮区,35.93606667,139.6372867
大宮区,35.93607861,139.6627617
大宮区,35.93610917,139.66619
大宮区,35.93614722,139.6163056
大宮区,35.93618611,139.6103972
大宮区,35.93620222,139.6561122
大宮区,35.93630833,139.6180111
大宮区,35.93635,139.6154667
大宮区,35.93645833,139.6023194
大宮区,35.93650083,139.6555733
大宮区,35.93654167,139.62545
大宮区,35.93656111,139.6118028
大宮区,35.93656111,139.6346722
大宮区,35.93656111,139.6068111
大宮区,35.93656667,139.6280389
大宮区,35.93657778,139.6150056
大宮区,35.93658056,139.6068167
大宮区,35.93662222,139.6074444
大宮区,35.936675,139.619925
大宮区,35.93679722,139.6284111
大宮区,35.9368,139.6119194
大宮区,35.93687778,139.6091722
大宮区,35.93690556,139.6170444
大宮区,35.93695833,139.6164361
大宮区,35.93696944,139.6295556
大宮区,35.93696944,139.6037306
大宮区,35.93697222,139.6243861
大宮区,35.93700278,139.6305
大宮区,35.93723611,139.6198861
大宮区,35.93723889,139.6322611
大宮区,35.93728611,139.608675
大宮区,35.93730833,139.6133333
大宮区,35.93733056,139.6143528
大宮区,35.93735556,139.6286111
大宮区,35.93738056,139.625425
大宮区,35.93743611,139.6178806
大宮区,35.93747778,139.6222917
大宮区,35.937625,139.6148667
大宮区,35.93767778,139.6116694
大宮区,35.93768611,139.6116583
大宮区,35.93778056,139.6364306
大宮区,35.9378,139.6344333
大宮区,35.93780556,139.6233972
大宮区,35.93783889,139.6134194
大宮区,35.93784167,139.6343556
大宮区,35.93784722,139.6134333
大宮区,35.93785556,139.6257528
大宮区,35.93788611,139.6165722
大宮区,35.93794444,139.6218667
大宮区,35.93796111,139.620375
大宮区,35.93798333,139.6185194
大宮区,35.93801944,139.6070444
大宮区,35.93803056,139.6160444
大宮区,35.93803889,139.60705
大宮区,35.93805833,139.6203333
大宮区,35.9381,139.6102417
大宮区,35.93820833,139.6058556
大宮区,35.93821111,139.6082667
大宮区,35.93821389,139.6052972
大宮区,35.938225,139.6053694
大宮区,35.93827778,139.6142028
大宮区,35.93839528,139.6554056
大宮区,35.93842222,139.6164833
大宮区,35.93848611,139.6152472
大宮区,35.93854167,139.6121583
大宮区,35.938575,139.6133611
大宮区,35.93864167,139.6081278
大宮区,35.93867222,139.6173194
大宮区,35.93873056,139.6222833
大宮区,35.93874167,139.6125444
大宮区,35.93875833,139.6113056
大宮区,35.93884722,139.6101639
大宮区,35.93887778,139.6288028
大宮区,35.93888611,139.6238917
大宮区,35.93899444,139.6197833
大宮区,35.93910833,139.619625
大宮区,35.93911111,139.6077444
大宮区,35.93912778,139.6352806
大宮区,35.93917222,139.609275
大宮区,35.93920278,139.6181361
大宮区,35.93920556,139.6077806
大宮区,35.93922778,139.6188556
大宮区,35.93923056,139.6305167
大宮区,35.93945278,139.6296917
大宮区,35.93950278,139.6190333
大宮区,35.93953333,139.6146139
大宮区,35.93957083,139.6359511
大宮区,35.93957778,139.6088806
大宮区,35.93958333,139.6123139
大宮区,35.93959722,139.6082556
大宮区,35.93961111,139.6344
大宮区,35.93961389,139.6157806
大宮区,35.93963611,139.6087972
大宮区,35.93967778,139.6231861
大宮区,35.93970833,139.6117583
大宮区,35.93973611,139.6149139
大宮区,35.93976111,139.6148944
大宮区,35.93976389,139.6198333
大宮区,35.93978056,139.6075278
大宮区,35.93981667,139.6060139
大宮区,35.93982778,139.6060389
大宮区,35.93987167,139.6545164
大宮区,35.9398825,139.6833633
大宮区,35.93989444,139.6073583
大宮区,35.93989722,139.6307111
大宮区,35.93994583,139.6527164
大宮区,35.9400325,139.6553264
大宮区,35.94008611,139.6051639
大宮区,35.94030278,139.6239139
大宮区,35.94030556,139.6175556
大宮区,35.94036389,139.6152417
大宮区,35.94042222,139.6241222
大宮区,35.94043333,139.6326306
大宮区,35.94046111,139.6280028
大宮区,35.94053056,139.6055167
大宮区,35.94070278,139.6186889
大宮区,35.94074444,139.6070167
大宮区,35.94076667,139.6312583
大宮区,35.94081111,139.6246472
大宮区,35.94089167,139.6246778
大宮区,35.94101667,139.6188944
大宮区,35.94113611,139.6294333
大宮区,35.94123889,139.6295472
大宮区,35.94132778,139.6326028
大宮区,35.94133611,139.6122917
大宮区,35.94136389,139.6178472
大宮区,35.94149167,139.6234306
大宮区,35.94154472,139.6555947
大宮区,35.94156389,139.6251167
大宮区,35.94158611,139.6158583
大宮区,35.94165278,139.6261972
大宮区,35.94169444,139.6144139
大宮区,35.94171111,139.6276167
大宮区,35.94173889,139.6090472
大宮区,35.94174167,139.6071917
大宮区,35.94174722,139.6090639
大宮区,35.94178611,139.6211167
大宮区,35.94181389,139.6099972
大宮区,35.94181667,139.6051861
大宮区,35.94190278,139.6104722
大宮区,35.94203611,139.6043722
大宮区,35.94206944,139.6063333
大宮区,35.94209167,139.6063139
大宮区,35.94213611,139.6316361
大宮区,35.94213889,139.6083389
大宮区,35.94215,139.6196333
大宮区,35.94216389,139.6177056
大宮区,35.94233611,139.6132278
大宮区,35.94246944,139.6074278
大宮区,35.94250806,139.6656417
大宮区,35.942525,139.6150056
大宮区,35.94263333,139.6210972
大宮区,35.94264722,139.6123167
大宮区,35.942675,139.6179278
大宮区,35.942675,139.6296167
大宮区,35.94267778,139.6558694
大宮区,35.942775,139.61945
大宮区,35.94286389,139.6177944
大宮区,35.94288611,139.6148028
大宮区,35.94290278,139.6084472
大宮区,35.94311667,139.6232944
大宮区,35.9431875,139.6541314
大宮区,35.94326944,139.6308389
大宮区,35.94329444,139.6530789
大宮区,35.94337222,139.6193361
大宮区,35.94341389,139.6069306
大宮区,35.94342778,139.6212222
大宮区,35.94344444,139.6191556
大宮区,35.94375,139.6184528
大宮区,35.94381111,139.6291111
大宮区,35.94384444,139.6102639
大宮区,35.94385278,139.620225
大宮区,35.94386667,139.6266361
大宮区,35.94388333,139.6126472
大宮区,35.94393611,139.6302
大宮区,35.94398611,139.6012972
大宮区,35.94399444,139.6026833
大宮区,35.94401944,139.6041278
大宮区,35.944025,139.6041111
大宮区,35.94409444,139.6245417
大宮区,35.94413611,139.6139389
大宮区,35.94414167,139.6239833
大宮区,35.94421389,139.6038278
大宮区,35.94427222,139.61205
大宮区,35.94427222,139.6253333
大宮区,35.94435,139.6064472
大宮区,35.94446111,139.6142222
大宮区,35.94454444,139.6240333
大宮区,35.94458333,139.6048972
大宮区,35.94459722,139.6268056
大宮区,35.94470278,139.6016222
大宮区,35.94470278,139.6094222
大宮区,35.94476944,139.6227889
大宮区,35.944825,139.6171972
大宮区,35.94484167,139.6208167
大宮区,35.94493889,139.6194083
大宮区,35.94511389,139.6029806
大宮区,35.94511667,139.6029778
大宮区,35.94512222,139.6124556
大宮区,35.94514444,139.6041778
大宮区,35.94522778,139.6030111
大宮区,35.94533611,139.6066444
大宮区,35.94535,139.6044917
大宮区,35.94537222,139.6208417
大宮区,35.94542222,139.6008722
大宮区,35.94544444,139.6043889
大宮区,35.94545833,139.6479417
大宮区,35.94548333,139.6278444
大宮区,35.94556389,139.6308722
大宮区,35.94558889,139.6217167
大宮区,35.94564444,139.6311417
大宮区,35.94566111,139.611025
大宮区,35.94572083,139.6244489
大宮区,35.94573611,139.6293306
大宮区,35.94576944,139.6086
大宮区,35.94578333,139.6293139
大宮区,35.94578611,139.6293194
大宮区,35.94585833,139.6318472
大宮区,35.94591111,139.6214583
大宮区,35.94619444,139.6039556
大宮区,35.94625833,139.6108222
大宮区,35.94628611,139.6028833
大宮区,35.94628611,139.6107917
大宮区,35.94629722,139.6218111
大宮区,35.94652778,139.6008639
大宮区,35.94660278,139.6287583
大宮区,35.94664167,139.62305
大宮区,35.94665833,139.6109194
大宮区,35.94668056,139.6089028
大宮区,35.94673056,139.6078194
大宮区,35.94675556,139.6246306
大宮区,35.94677222,139.6101528
大宮区,35.94679444,139.6207806
大宮区,35.946825,139.6135278
大宮区,35.94693889,139.6692028
大宮区,35.94704444,139.622475
大宮区,35.94713889,139.6236583
大宮区,35.94725,139.6193389
大宮区,35.94727778,139.6105667
大宮区,35.94730556,139.6001222
大宮区,35.94736111,139.6096167
大宮区,35.947425,139.6032917
大宮区,35.94748056,139.6147083
大宮区,35.94751667,139.5986472
大宮区,35.94763889,139.62045
大宮区,35.94764722,139.6109361
大宮区,35.947675,139.6190611
大宮区,35.94771667,139.6043861
大宮区,35.947875,139.6046361
大宮区,35.94788333,139.6090722
大宮区,35.94795556,139.6220972
大宮区,35.94805556,139.5991
大宮区,35.94813333,139.6101028
大宮区,35.94825,139.6014028
大宮区,35.94835556,139.6084972
大宮区,35.94836667,139.6123222
大宮区,35.94840028,139.6316569
大宮区,35.94855556,139.6180194
大宮区,35.94856111,139.6001722
大宮区,35.94858611,139.6185556
大宮区,35.94859444,139.6001556
大宮区,35.9486,139.6159611
大宮区,35.94861111,139.6174472
大宮区,35.948625,139.6205722
大宮区,35.94866389,139.6199083
大宮区,35.94872222,139.618925
大宮区,35.94873333,139.6215083
大宮区,35.94881667,139.6187139
大宮区,35.94894444,139.6068361
大宮区,35.94894722,139.6308167
大宮区,35.94905,139.6099667
大宮区,35.94909722,139.5999528
大宮区,35.94914167,139.6015667
大宮区,35.94914167,139.6072056
大宮区,35.94914722,139.6191833
大宮区,35.94914722,139.6041694
大宮区,35.94918333,139.6039889
大宮区,35.9493,139.6090806
大宮区,35.94932778,139.6006667
大宮区,35.94940278,139.6256694
大宮区,35.949425,139.6200056
大宮区,35.949475,139.6120972
大宮区,35.94948611,139.6090444
大宮区,35.94949444,139.6137472
大宮区,35.94955278,139.6137944
大宮区,35.94970833,139.6168611
大宮区,35.94970833,139.6188611
大宮区,35.94975278,139.6173222
大宮区,35.94985,139.6205528
大宮区,35.94986111,139.61742
大宮区,35.94991667,139.5990139
大宮区,35.94995833,139.6092944
大宮区,35.95,139.6000222
大宮区,35.95000278,139.6103667
大宮区,35.95006667,139.5999528
大宮区,35.95008611,139.6195111
大宮区,35.950175,139.6202194
大宮区,35.95028889,139.6177361
大宮区,35.95048889,139.6220889
大宮区,35.95063528,139.6351661
大宮区,35.95072778,139.5973667
大宮区,35.95074444,139.6794806
大宮区,35.95079722,139.6179961
大宮区,35.95101667,139.6191639
大宮区,35.95108333,139.6243611
大宮区,35.95115833,139.6096833
大宮区,35.95143611,139.6155639
大宮区,35.95145,139.6178444
大宮区,35.95145,139.60325
大宮区,35.95147222,139.603275
大宮区,35.95150556,139.6133472
大宮区,35.95152667,139.6587231
大宮区,35.95170111,139.6587336
大宮区,35.95171389,139.5963778
大宮区,35.95186667,139.6212889
大宮区,35.952025,139.6223917
大宮区,35.95207222,139.62285
大宮区,35.95210556,139.6224306
大宮区,35.95210556,139.5999778
大宮区,35.95211056,139.6582367
大宮区,35.95228333,139.6043611
大宮区,35.95231111,139.6242611
大宮区,35.95245556,139.5966972
大宮区,35.95265083,139.65754
大宮区,35.95275833,139.6541944
大宮区,35.95288611,139.61585
大宮区,35.95297222,139.6137139
大宮区,35.95303889,139.6220861
大宮区,35.95304167,139.6221028
大宮区,35.95307222,139.6013694
大宮区,35.95309444,139.6044083
大宮区,35.9531,139.6201972
大宮区,35.95316111,139.6082
大宮区,35.95329444,139.6030028
大宮区,35.95331389,139.6066333
大宮区,35.95343417,139.656745
大宮区,35.95347778,139.5970444
大宮区,35.95355639,139.660585
大宮区,35.95359444,139.6241833
大宮区,35.95360278,139.5988333
大宮区,35.95364722,139.6212139
大宮区,35.95371944,139.5994444
大宮区,35.95374722,139.5994861
大宮区,35.95386611,139.677185
大宮区,35.95387222,139.6143278
大宮区,35.95390556,139.5961917
大宮区,35.95407306,139.6614483
大宮区,35.954075,139.6199028
大宮区,35.95414444,139.6073278
大宮区,35.95423972,139.6605717
大宮区,35.95424722,139.6199361
大宮区,35.95436111,139.6245917
大宮区,35.95437778,139.6198278
大宮区,35.95445361,139.655585
大宮区,35.95459861,139.659305
大宮区,35.95463889,139.6163167
大宮区,35.95466611,139.66027
大宮区,35.95469806,139.6596967
大宮区,35.95480278,139.6017639
大宮区,35.95485833,139.6122111
大宮区,35.95486667,139.6194583
大宮区,35.95488889,139.6135139
大宮区,35.95490833,139.619425
大宮区,35.95499861,139.6571733
大宮区,35.95500278,139.5939306
大宮区,35.95502306,139.662215
大宮区,35.95504444,139.6012278
大宮区,35.95516333,139.6587283
大宮区,35.95523611,139.6102861
大宮区,35.95524806,139.6591267
大宮区,35.95552861,139.6609867
大宮区,35.95554111,139.6616183
大宮区,35.95561194,139.6577283
大宮区,35.95581389,139.614075
大宮区,35.95585,139.6149694
大宮区,35.95585278,139.6040667
大宮区,35.95592167,139.6586467
大宮区,35.95594167,139.6214167
大宮区,35.95596667,139.6040611
大宮区,35.956,139.611325
大宮区,35.956,139.6185972
大宮区,35.95605139,139.6584858
大宮区,35.95607778,139.6168444
大宮区,35.95608889,139.6219306
大宮区,35.95609444,139.6235528
大宮区,35.95611944,139.6204639
大宮区,35.95613611,139.6118556
大宮区,35.95614722,139.6118278
大宮区,35.95620278,139.6220694
大宮区,35.95623833,139.6608
大宮区,35.95630472,139.6614158
大宮区,35.95635,139.592625
大宮区,35.95635833,139.5951889
大宮区,35.95640556,139.6220833
大宮区,35.95653056,139.6198972
大宮区,35.95669167,139.5960222
大宮区,35.95682778,139.6116611
大宮区,35.95683333,139.6078278
大宮区,35.95686111,139.6218889
大宮区,35.95688056,139.6132278
大宮区,35.95695,139.5989167
大宮区,35.95725,139.6221139
大宮区,35.95728056,139.5989944
大宮区,35.95731111,139.5997194
大宮区,35.95743333,139.6184139
大宮区,35.95748611,139.6094306
大宮区,35.95757778,139.6227861
大宮区,35.95761389,139.6113861
大宮区,35.95767778,139.6189639
大宮区,35.95798056,139.6224278
大宮区,35.95800278,139.6083389
大宮区,35.95810278,139.6190667
大宮区,35.95817778,139.6100222
大宮区,35.95824167,139.6083583
大宮区,35.958275,139.6136
大宮区,35.9583,139.6135917
大宮区,35.95838056,139.620775
大宮区,35.95839444,139.6109028
大宮区,35.95843889,139.613825
大宮区,35.95852778,139.6091306
大宮区,35.95869722,139.6134778
大宮区,35.95876389,139.6204722
大宮区,35.95877222,139.6204111
大宮区,35.95949722,139.6193611
大宮区,35.95951944,139.6195083
大宮区,35.95958611,139.6216
大宮区,35.95965278,139.6118667
大宮区,35.95973889,139.6158722
大宮区,35.95988889,139.6206167
大宮区,35.95992778,139.6176833
大宮区,35.96015278,139.6682667
大宮区,35.96063611,139.6130972
大宮区,35.96068889,139.6189639
大宮区,35.96078889,139.6144306
大宮区,35.96083611,139.618575
大宮区,35.96083889,139.6198139
大宮区,35.96085,139.6157806
大宮区,35.96128056,139.6164194
大宮区,35.961825,139.6175167
大宮区,35.96211389,139.6164389
見沼区,35.88576667,139.6068639
見沼区,35.88631667,139.6069833
見沼区,35.886425,139.6477639
見沼区,35.88659167,139.6404806
見沼区,35.88663056,139.6075722
見沼区,35.88680833,139.6091611
見沼区,35.88681667,139.641325
見沼区,35.88688056,139.6428167
見沼区,35.88690833,139.6400083
見沼区,35.88700278,139.6487528
見沼区,35.88700556,139.6483611
見沼区,35.88708056,139.60625
見沼区,35.88711667,139.6417444
見沼区,35.88720278,139.6493083
見沼区,35.88728056,139.6419194
見沼区,35.88728611,139.6440611
見沼区,35.88740833,139.6487028
見沼区,35.88744722,139.6085778
見沼区,35.88762222,139.6072528
見沼区,35.88766667,139.6429417
見沼区,35.88769444,139.6472417
見沼区,35.88773611,139.6410667
見沼区,35.88777222,139.6429056
見沼区,35.88777778,139.6378972
見沼区,35.88780278,139.6472417
見沼区,35.88780556,139.6057667
見沼区,35.88781389,139.6068389
見沼区,35.88796667,139.6469028
見沼区,35.88799722,139.6393444
見沼区,35.88809167,139.6470194
見沼区,35.88812222,139.641825
見沼区,35.88823611,139.6433833
見沼区,35.88834722,139.6062056
見沼区,35.88834722,139.6062056
見沼区,35.88834722,139.649325
見沼区,35.88839444,139.6066333
見沼区,35.88847778,139.6077139
見沼区,35.88854167,139.6472083
見沼区,35.88856111,139.6374111
見沼区,35.88859444,139.6431
見沼区,35.88868333,139.6051972
見沼区,35.88870639,139.6407283
見沼区,35.88870833,139.6446278
見沼区,35.88878611,139.6087861
見沼区,35.88880278,139.608925
見沼区,35.88894444,139.6487139
見沼区,35.88896944,139.60935
見沼区,35.88899444,139.6093389
見沼区,35.889075,139.6474806
見沼区,35.88918333,139.638575
見沼区,35.88923611,139.6474361
見沼区,35.88923833,139.6418778
見沼区,35.88936667,139.6078194
見沼区,35.88953333,139.6454889
見沼区,35.88953889,139.6456361
見沼区,35.88958889,139.6482639
見沼区,35.88961111,139.6380167
見沼区,35.88961111,139.6421917
見沼区,35.88968611,139.6061972
見沼区,35.88969444,139.6046361
見沼区,35.88987778,139.6466722
見沼区,35.88988611,139.6095278
見沼区,35.88997583,139.6414844
見沼区,35.89002778,139.6036778
見沼区,35.89002778,139.6258694
見沼区,35.89005,139.6031667
見沼区,35.89005278,139.6393333
見沼区,35.89009028,139.6418028
見沼区,35.89014722,139.6053417
見沼区,35.89015278,139.6074694
見沼区,35.89036389,139.6383583
見沼区,35.89039722,139.6431222
見沼区,35.89041111,139.6418833
見沼区,35.89046667,139.6047028
見沼区,35.89063056,139.6408111
見沼区,35.89066111,139.6457222
見沼区,35.89070694,139.6453194
見沼区,35.89073056,139.6471111
見沼区,35.89076111,139.6394528
見沼区,35.89076944,139.6085444
見沼区,35.89077222,139.6041111
見沼区,35.89080556,139.6454056
見沼区,35.89080833,139.6377667
見沼区,35.89081389,139.6059611
見沼区,35.890825,139.638575
見沼区,35.89086944,139.6025972
見沼区,35.89090556,139.6099694
見沼区,35.89094444,139.6065417
見沼区,35.89094722,139.6463111
見沼区,35.89095083,139.60859
見沼区,35.89113333,139.6074556
見沼区,35.89117778,139.6394444
見沼区,35.89119722,139.6405139
見沼区,35.89123889,139.6038222
見沼区,35.89125833,139.6422861
見沼区,35.89126944,139.6398639
見沼区,35.89128056,139.6441861
見沼区,35.89128889,139.6253639
見沼区,35.89139722,139.617775
見沼区,35.89147778,139.6430222
見沼区,35.89148333,139.6481472
見沼区,35.89152222,139.6218028
見沼区,35.89152222,139.6415361
見沼区,35.89153056,139.6168417
見沼区,35.89153056,139.6446778
見沼区,35.891575,139.6476111
見沼区,35.89163611,139.6207611
見沼区,35.89169444,139.6208111
見沼区,35.89170278,139.6413
見沼区,35.89171944,139.6024583
見沼区,35.89172222,139.6451528
見沼区,35.891725,139.6451444
見沼区,35.89173333,139.6024889
見沼区,35.89175,139.6198028
見沼区,35.89175278,139.6229528
見沼区,35.8918,139.6216694
見沼区,35.89183889,139.6087306
見沼区,35.89184722,139.6436861
見沼区,35.89185556,139.6150611
見沼区,35.89186111,139.6058111
見沼区,35.89186111,139.6364833
見沼区,35.89186667,139.6206833
見沼区,35.891875,139.6159417
見沼区,35.89188333,139.6448139
見沼区,35.89188889,139.6405972
見沼区,35.89194444,139.6427611
見沼区,35.89194722,139.6049278
見沼区,35.89196111,139.6036861
見沼区,35.89196111,139.6037056
見沼区,35.89197222,139.6188778
見沼区,35.891975,139.617475
見沼区,35.89197778,139.6048083
見沼区,35.89199722,139.646375
見沼区,35.89201667,139.6479139
見沼区,35.89203889,139.6389667
見沼区,35.892075,139.618825
見沼区,35.89208056,139.6060167
見沼区,35.89210833,139.6102111
見沼区,35.89211667,139.6392083
見沼区,35.8922,139.638825
見沼区,35.89220278,139.6154556
見沼区,35.89224722,139.636575
見沼区,35.89227222,139.6192389
見沼区,35.892325,139.6212
見沼区,35.89232778,139.638975
見沼区,35.89234167,139.6188556
見沼区,35.89234167,139.6385194
見沼区,35.89235278,139.6178528
見沼区,35.89238333,139.6473611
見沼区,35.89240556,139.6441194
見沼区,35.89240833,139.6167278
見沼区,35.89240833,139.6469611
見沼区,35.89241389,139.6471194
見沼区,35.89242778,139.6470833
見沼区,35.89247778,139.6200611
見沼区,35.89249167,139.624875
見沼区,35.89251111,139.6153333
見沼区,35.89251944,139.6166889
見沼区,35.89252361,139.6218789
見沼区,35.89252778,139.6070639
見沼区,35.89253333,139.6125833
見沼区,35.89253333,139.6194778
見沼区,35.89254722,139.6437667
見沼区,35.892575,139.6072194
見沼区,35.89260833,139.6155222
見沼区,35.89263333,139.6219278
見沼区,35.89268889,139.6413389
見沼区,35.89271944,139.6084667
見沼区,35.89275556,139.6036944
見沼区,35.89275556,139.6423972
見沼区,35.89278333,139.6373111
見沼区,35.89278889,139.6055528
見沼区,35.89278889,139.6037167
見沼区,35.89280278,139.6113194
見沼区,35.892875,139.6366
見沼区,35.89288611,139.6186778
見沼区,35.89296667,139.6103444
見沼区,35.89296944,139.6448167
見沼区,35.89301944,139.6466583
見沼区,35.89304444,139.6197222
見沼区,35.89305,139.6095222
見沼区,35.89305833,139.6443333
見沼区,35.89306389,139.6033389
見沼区,35.89308333,139.6443917
見沼区,35.89308889,139.6044833
見沼区,35.89309167,139.6054889
見沼区,35.89309167,139.6398833
見沼区,35.89314167,139.6217028
見沼区,35.89317222,139.6226556
見沼区,35.893175,139.6147639
見沼区,35.89317778,139.6071639
見沼区,35.89317778,139.6133806
見沼区,35.89318056,139.6142861
見沼区,35.89322778,139.6185083
見沼区,35.89325,139.6060444
見沼区,35.89325,139.6121722
見沼区,35.89325,139.6084778
見沼区,35.89326389,139.6211333
見沼区,35.89326389,139.6009917
見沼区,35.89326389,139.6009889
見沼区,35.89328056,139.6385583
見沼区,35.89328611,139.6432222
見沼区,35.89330556,139.6457111
見沼区,35.89331944,139.6354528
見沼区,35.8934,139.6475639
見沼区,35.89343889,139.6216611
見沼区,35.89345,139.6182361
見沼区,35.89345,139.6132111
見沼区,35.89347778,139.6167333
見沼区,35.89350278,139.6226722
見沼区,35.89356806,139.6023517
見沼区,35.89358889,139.6156417
見沼区,35.89358889,139.605275
見沼区,35.89365,139.6224278
見沼区,35.89370556,139.6105028
見沼区,35.89371667,139.6354444
見沼区,35.89374444,139.6411667
見沼区,35.89374583,139.6390461
見沼区,35.89378611,139.6078306
見沼区,35.89379722,139.6403417
見沼区,35.89380833,139.6078639
見沼区,35.89380833,139.6427056
見沼区,35.89383611,139.6035972
見沼区,35.89385556,139.6035889
見沼区,35.89389583,139.6376572
見沼区,35.89390556,139.6030889
見沼区,35.8939125,139.6410778
見沼区,35.89393889,139.6117556
見沼区,35.89395,139.6373722
見沼区,35.89395833,139.6241083
見沼区,35.89396389,139.60935
見沼区,35.894,139.6030278
見沼区,35.89401667,139.6204528
見沼区,35.894025,139.6062417
見沼区,35.89402778,139.6239444
見沼区,35.89406389,139.6367722
見沼区,35.89406389,139.6195611
見沼区,35.89408056,139.6456
見沼区,35.8941,139.6013472
見沼区,35.89411944,139.6013556
見沼区,35.89416389,139.6103
見沼区,35.89417778,139.6176444
見沼区,35.89419722,139.6088417
見沼区,35.89423889,139.6151306
見沼区,35.89424167,139.6047167
見沼区,35.89425278,139.6389444
見沼区,35.89426111,139.6203861
見沼区,35.89426389,139.6380111
見沼区,35.89426944,139.6175611
見沼区,35.894275,139.6212444
見沼区,35.89427778,139.608925
見沼区,35.89428611,139.6363556
見沼区,35.89430833,139.6088806
見沼区,35.89432222,139.6175056
見沼区,35.89432222,139.6147889
見沼区,35.89433056,139.6036833
見沼区,35.89434722,139.6085139
見沼区,35.89438056,139.6063944
見沼区,35.89441389,139.606275
見沼区,35.89441389,139.6165167
見沼区,35.89441667,139.6355278
見沼区,35.89451111,139.60825
見沼区,35.89451667,139.6082583
見沼区,35.89453056,139.6241917
見沼区,35.89455278,139.6207083
見沼区,35.89456944,139.6070139
見沼区,35.89463056,139.6442222
見沼区,35.89463611,139.6345222
見沼区,35.89466389,139.6083583
見沼区,35.89470278,139.6238444
見沼区,35.89473889,139.6457306
見沼区,35.89474444,139.6079861
見沼区,35.89475833,139.6054583
見沼区,35.89476944,139.6402111
見沼区,35.89477222,139.6107417
見沼区,35.89479167,139.6341944
見沼区,35.89481944,139.6193194
見沼区,35.89490556,139.6097972
見沼区,35.89491944,139.6032611
見沼区,35.89495833,139.6162167
見沼区,35.894975,139.645025
見沼区,35.89498056,139.6118472
見沼区,35.89502778,139.6208667
見沼区,35.89504444,139.6126694
見沼区,35.89505,139.6217972
見沼区,35.89506111,139.6161333
見沼区,35.89506667,139.6178333
見沼区,35.8952,139.635
見沼区,35.89521944,139.6166833
見沼区,35.895225,139.6393583
見沼区,35.89525833,139.60695
見沼区,35.89525833,139.6364861
見沼区,35.89526389,139.6401806
見沼区,35.89528889,139.6139806
見沼区,35.89531111,139.6379639
見沼区,35.895325,139.61685
見沼区,35.89534722,139.6058
見沼区,35.89541389,139.6085694
見沼区,35.89545,139.6019722
見沼区,35.89545833,139.6203556
見沼区,35.89546389,139.6165639
見沼区,35.89547222,139.61705
見沼区,35.89548333,139.6408194
見沼区,35.89550278,139.6168667
見沼区,35.89552222,139.6184778
見沼区,35.89553056,139.611175
見沼区,35.89557222,139.6153167
見沼区,35.89557222,139.6395056
見沼区,35.89560833,139.6183472
見沼区,35.89564722,139.6322139
見沼区,35.89565,139.6236139
見沼区,35.89567222,139.5996889
見沼区,35.89569167,139.6356611
見沼区,35.89571944,139.6215417
見沼区,35.89573889,139.6104444
見沼区,35.89575556,139.6123083
見沼区,35.89578611,139.6334
見沼区,35.89581111,139.6447528
見沼区,35.89583056,139.6447528
見沼区,35.89589167,139.6177833
見沼区,35.89589444,139.6175278
見沼区,35.89593056,139.6232278
見沼区,35.89593611,139.6125306
見沼区,35.89595556,139.6010167
見沼区,35.89602222,139.6138611
見沼区,35.89608333,139.622375
見沼区,35.89610278,139.6223139
見沼区,35.89614722,139.6156972
見沼区,35.89617222,139.6138722
見沼区,35.89621389,139.6157806
見沼区,35.89624167,139.6458389
見沼区,35.89624722,139.6468389
見沼区,35.89628611,139.6022139
見沼区,35.89628611,139.6358111
見沼区,35.89629722,139.6034778
見沼区,35.89629722,139.6148694
見沼区,35.89630556,139.6113556
見沼区,35.89632222,139.6297389
見沼区,35.896325,139.6159861
見沼区,35.89636944,139.6343556
見沼区,35.89640278,139.6212222
見沼区,35.89642222,139.6170889
見沼区,35.89642222,139.6330944
見沼区,35.89644444,139.61075
見沼区,35.89646944,139.6232028
見沼区,35.89654167,139.6066222
見沼区,35.89656111,139.6428861
見沼区,35.89657222,139.6170889
見沼区,35.89659444,139.6123528
見沼区,35.89659722,139.6064694
見沼区,35.89662222,139.6065389
見沼区,35.89670556,139.6078806
見沼区,35.89670556,139.6186444
見沼区,35.89670556,139.6447361
見沼区,35.89676111,139.6079028
見沼区,35.89678056,139.6357889
見沼区,35.89683611,139.6103667
見沼区,35.89683889,139.6294472
見沼区,35.89693611,139.6044861
見沼区,35.89693889,139.6337167
見沼区,35.89694444,139.6044167
見沼区,35.89696667,139.6321083
見沼区,35.89699444,139.6196306
見沼区,35.897,139.6334361
見沼区,35.89703056,139.6195278
見沼区,35.89708889,139.6055139
見沼区,35.8971,139.622625
見沼区,35.89711944,139.6344583
見沼区,35.89713889,139.644325
見沼区,35.89718611,139.6140472
見沼区,35.89718889,139.6470583
見沼区,35.89719167,139.6185194
見沼区,35.89721389,139.6032472
見沼区,35.89723611,139.6317056
見沼区,35.89723889,139.6032083
見沼区,35.89724722,139.6348806
見沼区,35.89726667,139.6094139
見沼区,35.89726667,139.6075139
見沼区,35.89728056,139.6194306
見沼区,35.89731944,139.6114361
見沼区,35.89734722,139.6203139
見沼区,35.89735278,139.6379028
見沼区,35.89735833,139.6394778
見沼区,35.89738333,139.6174694
見沼区,35.89739722,139.6318444
見沼区,35.89740833,139.6458139
見沼区,35.897425,139.6207583
見沼区,35.89748056,139.6377889
見沼区,35.89748889,139.6018917
見沼区,35.89748889,139.608625
見沼区,35.897525,139.6408417
見沼区,35.89753333,139.6226611
見沼区,35.89758611,139.61295
見沼区,35.89760556,139.6103583
見沼区,35.89760556,139.6464944
見沼区,35.89761944,139.6324917
見沼区,35.89764167,139.6338333
見沼区,35.89768056,139.6165861
見沼区,35.89768889,139.6086472
見沼区,35.89771111,139.63275
見沼区,35.89772222,139.6340944
見沼区,35.89782222,139.6437472
見沼区,35.89782778,139.6119944
見沼区,35.89783333,139.6097806
見沼区,35.89784722,139.6452139
見沼区,35.89785556,139.6202056
見沼区,35.89786944,139.6307833
見沼区,35.89788889,139.6051667
見沼区,35.89790278,139.6201167
見沼区,35.89790278,139.6342083
見沼区,35.89791389,139.6420167
見沼区,35.89793056,139.6472611
見沼区,35.89793333,139.6357083
見沼区,35.89794444,139.6463722
見沼区,35.89795278,139.6362333
見沼区,35.89795833,139.6169194
見沼区,35.89797778,139.634375
見沼区,35.89800278,139.6046444
見沼区,35.89804167,139.644875
見沼区,35.89807778,139.6122639
見沼区,35.89808611,139.6306278
見沼区,35.89809167,139.6335444
見沼区,35.8981,139.6221139
見沼区,35.89812222,139.6146444
見沼区,35.89818056,139.6431833
見沼区,35.89818333,139.6191694
見沼区,35.89824444,139.6072722
見沼区,35.89825,139.6140889
見沼区,35.89826389,139.6317528
見沼区,35.89826667,139.6212611
見沼区,35.89827778,139.6132694
見沼区,35.89831944,139.6348028
見沼区,35.89833333,139.6392528
見沼区,35.89833611,139.6353028
見沼区,35.89839444,139.6129889
見沼区,35.89841944,139.61205
見沼区,35.89841944,139.6484611
見沼区,35.89843611,139.6093917
見沼区,35.89843611,139.6318333
見沼区,35.89843611,139.6377611
見沼区,35.89847778,139.6077833
見沼区,35.89848333,139.6234
見沼区,35.89848833,139.6257489
見沼区,35.89848889,139.6032917
見沼区,35.89849167,139.6085444
見沼区,35.89849444,139.6078028
見沼区,35.89849722,139.6109861
見沼区,35.89855556,139.6422333
見沼区,35.89855833,139.6136028
見沼区,35.89857778,139.6480417
見沼区,35.89858889,139.6401528
見沼区,35.89859444,139.6233194
見沼区,35.89860556,139.6265306
見沼区,35.89861111,139.6449167
見沼区,35.89863333,139.6221139
見沼区,35.89863611,139.61995
見沼区,35.89864722,139.6052
見沼区,35.89865,139.6314167
見沼区,35.89869722,139.6277583
見沼区,35.89870556,139.6406056
見沼区,35.89870833,139.6264583
見沼区,35.89871667,139.6472972
見沼区,35.89877222,139.6307667
見沼区,35.89877778,139.6072972
見沼区,35.89877778,139.6300722
見沼区,35.89879722,139.6200833
見沼区,35.89879722,139.6440694
見沼区,35.89881111,139.6439972
見沼区,35.89882778,139.6100361
見沼区,35.89884722,139.6055028
見沼区,35.89884722,139.6125167
見沼区,35.89886528,139.6331783
見沼区,35.89888056,139.6055167
見沼区,35.89888333,139.6459694
見沼区,35.89891111,139.63395
見沼区,35.898925,139.6144611
見沼区,35.89893889,139.6061972
見沼区,35.89893889,139.6432972
見沼区,35.89895,139.6273139
見沼区,35.89895,139.6432306
見沼区,35.89896944,139.6313361
見沼区,35.89898056,139.6316556
見沼区,35.89899722,139.6361667
見沼区,35.89903333,139.6187167
見沼区,35.8990625,139.6444881
見沼区,35.89906944,139.6342056
見沼区,35.89910556,139.6230444
見沼区,35.899125,139.6228361
見沼区,35.89913333,139.6065444
見沼区,35.89913889,139.6254306
見沼区,35.89921944,139.6129806
見沼区,35.89922222,139.6314278
見沼区,35.89923333,139.6418
見沼区,35.89924167,139.6471167
見沼区,35.89926111,139.6324889
見沼区,35.89931944,139.6037667
見沼区,35.89934167,139.6115861
見沼区,35.89934444,139.6297472
見沼区,35.89935,139.6060917
見沼区,35.89936667,139.6261833
見沼区,35.89936806,139.6270967
見沼区,35.89940556,139.6194611
見沼区,35.89941111,139.6087611
見沼区,35.899425,139.6087861
見沼区,35.89942778,139.6347472
見沼区,35.89943333,139.6106389
見沼区,35.89947778,139.6435
見沼区,35.89949444,139.64035
見沼区,35.8995,139.6245972
見沼区,35.89951944,139.6473111
見沼区,35.89954167,139.617375
見沼区,35.89955,139.6388917
見沼区,35.89956111,139.6361611
見沼区,35.89956389,139.6141194
見沼区,35.89956667,139.6391556
見沼区,35.89958611,139.6221111
見沼区,35.89958611,139.6395167
見沼区,35.89958889,139.6228167
見沼区,35.89959167,139.6026833
見沼区,35.8996,139.6023167
見沼区,35.89961667,139.6069389
見沼区,35.89964444,139.6023083
見沼区,35.89965,139.6325528
見沼区,35.89968056,139.61715
見沼区,35.89969861,139.6260236
見沼区,35.89971389,139.6274222
見沼区,35.89973694,139.6443883
見沼区,35.89974722,139.631
見沼区,35.89975833,139.6421667
見沼区,35.89976111,139.6196694
見沼区,35.89976806,139.62644
見沼区,35.89978056,139.6233917
見沼区,35.89979444,139.625175
見沼区,35.89979444,139.6295056
見沼区,35.89980278,139.6295056
見沼区,35.89984167,139.62255
見沼区,35.89984167,139.6097889
見沼区,35.89986944,139.6237278
見沼区,35.89987778,139.6407
見沼区,35.89990278,139.6062222
見沼区,35.89990556,139.6463444
見沼区,35.89991667,139.6062806
見沼区,35.89992778,139.6309194
見沼区,35.89998333,139.6332194
見沼区,35.89998333,139.6333
見沼区,35.90000556,139.6021361
見沼区,35.90001667,139.6472139
見沼区,35.90002222,139.6021056
見沼区,35.90003333,139.6221194
見沼区,35.90003889,139.6388444
見沼区,35.90004167,139.63605
見沼区,35.90005,139.6182556
見沼区,35.90006667,139.6369417
見沼区,35.90008056,139.6034694
見沼区,35.90008611,139.6034528
見沼区,35.90009167,139.6248306
見沼区,35.90010556,139.6041889
見沼区,35.90012778,139.642075
見沼区,35.90013889,139.6032111
見沼区,35.90015278,139.6217167
見沼区,35.90015556,139.6041778
見沼区,35.90018611,139.60485
見沼区,35.900225,139.6452444
見沼区,35.90023333,139.6324333
見沼区,35.90024444,139.6087222
見沼区,35.90024444,139.6307
見沼区,35.90024722,139.6166806
見沼区,35.90025556,139.6316806
見沼区,35.90026111,139.6086806
見沼区,35.90026667,139.641425
見沼区,35.900275,139.6241111
見沼区,35.90028611,139.6220972
見沼区,35.90033056,139.6108917
見沼区,35.90041667,139.6130472
見沼区,35.90043056,139.6458167
見沼区,35.90043889,139.6267722
見沼区,35.90045833,139.6272139
見沼区,35.90046389,139.6442528
見沼区,35.90047778,139.615675
見沼区,35.90050278,139.6178222
見沼区,35.90053056,139.6060778
見沼区,35.90054167,139.637625
見沼区,35.90056667,139.6231889
見沼区,35.90059167,139.6196778
見沼区,35.9006,139.6395139
見沼区,35.90060833,139.6368333
見沼区,35.90062778,139.63231
見沼区,35.90067222,139.6471778
見沼区,35.900675,139.6292306
見沼区,35.90067778,139.6308389
見沼区,35.90068611,139.6044972
見沼区,35.90069722,139.6270861
見沼区,35.90070833,139.6137278
見沼区,35.90073889,139.6218111
見沼区,35.90074444,139.6229444
見沼区,35.90078889,139.6214278
見沼区,35.90078889,139.62575
見沼区,35.90085,139.6070222
見沼区,35.90085556,139.6293028
見沼区,35.90085556,139.6237556
見沼区,35.90085833,139.6049167
見沼区,35.90089444,139.6319694
見沼区,35.90090833,139.6239028
見沼区,35.90090833,139.6205861
見沼区,35.90091667,139.6209972
見沼区,35.90092778,139.6245833
見沼区,35.90093611,139.6320389
見沼区,35.90093889,139.6259556
見沼区,35.90094167,139.6266722
見沼区,35.90094444,139.6247056
見沼区,35.90096389,139.6305778
見沼区,35.90097778,139.6218444
見沼区,35.90097778,139.6305778
見沼区,35.90098333,139.6341028
見沼区,35.901,139.6022639
見沼区,35.90100278,139.60905
見沼区,35.90100556,139.6255611
見沼区,35.90101667,139.6018167
見沼区,35.90102222,139.6148944
見沼区,35.90102778,139.6448556
見沼区,35.90104444,139.6331972
見沼区,35.90105556,139.6223
見沼区,35.90105833,139.6266083
見沼区,35.90107778,139.6079833
見沼区,35.90108056,139.6266083
見沼区,35.90109444,139.6379083
見沼区,35.90109722,139.6305361
見沼区,35.90113611,139.6306528
見沼区,35.90113889,139.6035306
見沼区,35.90116111,139.6225639
見沼区,35.90116389,139.6228722
見沼区,35.90118056,139.6032694
見沼区,35.90118611,139.6245167
見沼区,35.9012,139.621525
見沼区,35.90120556,139.6257694
見沼区,35.90121667,139.6268972
見沼区,35.90124444,139.6391528
見沼区,35.90125,139.6114472
見沼区,35.90126111,139.6229222
見沼区,35.90126667,139.6185889
見沼区,35.90126667,139.6194667
見沼区,35.901275,139.6161611
見沼区,35.90129167,139.6403861
見沼区,35.90129167,139.6307111
見沼区,35.90129167,139.6105056
見沼区,35.90133611,139.6303806
見沼区,35.90134722,139.6416806
見沼区,35.90135556,139.6290778
見沼区,35.90138056,139.6212417
見沼区,35.90139167,139.6080222
見沼区,35.9014,139.61925
見沼区,35.9014,139.6476056
見沼区,35.90142222,139.6303111
見沼区,35.90145278,139.6115222
見沼区,35.90146389,139.6237306
見沼区,35.90148056,139.6171361
見沼区,35.90148333,139.6268194
見沼区,35.90148333,139.6132639
見沼区,35.9015,139.6457056
見沼区,35.90150833,139.6432583
見沼区,35.90150833,139.6263556
見沼区,35.90151667,139.6318
見沼区,35.901525,139.6044833
見沼区,35.90153056,139.6441917
見沼区,35.90156389,139.6236833
見沼区,35.90156389,139.6482333
見沼区,35.901575,139.6224972
見沼区,35.90161111,139.6245556
見沼区,35.90161944,139.6306583
見沼区,35.90163056,139.6367528
見沼区,35.90164444,139.6333111
見沼区,35.90164444,139.63035
見沼区,35.90165556,139.6359611
見沼区,35.90166111,139.6297306
見沼区,35.90166389,139.6223639
見沼区,35.90168889,139.6337861
見沼区,35.90168889,139.633325
見沼区,35.90168889,139.6333194
見沼区,35.90169167,139.6079528
見沼区,35.90171389,139.6142333
見沼区,35.90172778,139.6302028
見沼区,35.90176667,139.6385056
見沼区,35.90178611,139.6054056
見沼区,35.90182222,139.6087278
見沼区,35.90183056,139.6375417
見沼区,35.90184306,139.6319378
見沼区,35.90187778,139.6289222
見沼区,35.90188889,139.6307028
見沼区,35.90191944,139.6175139
見沼区,35.90192222,139.6411
見沼区,35.901925,139.6098389
見沼区,35.90196111,139.6210556
見沼区,35.90199722,139.626575
見沼区,35.90200833,139.6255028
見沼区,35.90202778,139.6025056
見沼区,35.90204167,139.6320861
見沼区,35.90205,139.6225389
見沼区,35.90207778,139.6104444
見沼区,35.90211667,139.629025
見沼区,35.90212222,139.6209139
見沼区,35.90212222,139.6290389
見沼区,35.90214722,139.6030528
見沼区,35.90215833,139.6035778
見沼区,35.90216944,139.6071972
見沼区,35.902175,139.6208722
見沼区,35.90218056,139.6252694
見沼区,35.90220833,139.6302056
見沼区,35.90221944,139.6301889
見沼区,35.90222583,139.6301961
見沼区,35.90223333,139.6253167
見沼区,35.90223611,139.636725
見沼区,35.90223889,139.6191694
見沼区,35.90224444,139.6210667
見沼区,35.90224722,139.6328528
見沼区,35.902275,139.63325
見沼区,35.90228056,139.6180583
見沼区,35.90229167,139.6255472
見沼区,35.90231111,139.6086472
見沼区,35.90231944,139.6391361
見沼区,35.902325,139.6165806
見沼区,35.90232778,139.6208083
見沼区,35.90234167,139.6260472
見沼区,35.90237222,139.6404417
見沼区,35.90238611,139.6423389
見沼区,35.90239667,139.6287378
見沼区,35.90241111,139.6195972
見沼区,35.90241667,139.6182778
見沼区,35.90243611,139.6261556
見沼区,35.90244722,139.6338694
見沼区,35.90246944,139.6157889
見沼区,35.90247778,139.6289194
見沼区,35.90248611,139.6416472
見沼区,35.90249722,139.6112306
見沼区,35.90252222,139.6303611
見沼区,35.90254722,139.6301917
見沼区,35.902575,139.6203333
見沼区,35.90258333,139.6154056
見沼区,35.90261667,139.6144722
見沼区,35.90261944,139.6044083
見沼区,35.902625,139.6346778
見沼区,35.90265833,139.6220833
見沼区,35.902725,139.6307222
見沼区,35.902725,139.6314806
見沼区,35.902725,139.6074972
見沼区,35.90273611,139.6300944
見沼区,35.90274722,139.6232194
見沼区,35.90276667,139.6056389
見沼区,35.90278056,139.6301056
見沼区,35.90278333,139.6419972
見沼区,35.90278333,139.6208389
見沼区,35.90279444,139.6102194
見沼区,35.90280556,139.6118972
見沼区,35.90281111,139.6172278
見沼区,35.90282778,139.6214667
見沼区,35.90282778,139.6236944
見沼区,35.90283611,139.6087694
見沼区,35.90285833,139.6374806
見沼区,35.90286111,139.6033278
見沼区,35.90286944,139.6315111
見沼区,35.90288333,139.6394667
見沼区,35.90288611,139.6406611
見沼区,35.90289167,139.6458694
見沼区,35.90290556,139.6432806
見沼区,35.90291389,139.6215361
見沼区,35.90291389,139.6240611
見沼区,35.90292778,139.6243611
見沼区,35.90293889,139.6232056
見沼区,35.90296389,139.6315167
見沼区,35.90297222,139.6162306
見沼区,35.90298889,139.6286083
見沼区,35.90301944,139.6244056
見沼区,35.90301944,139.6223528
見沼区,35.903025,139.6361
見沼区,35.90305556,139.6257306
見沼区,35.90305833,139.62505
見沼区,35.90306111,139.6102639
見沼区,35.90307222,139.61265
見沼区,35.90308056,139.6189861
見沼区,35.90309167,139.6121194
見沼区,35.90309444,139.6314
見沼区,35.90310278,139.6300583
見沼区,35.90310278,139.64155
見沼区,35.90310833,139.622
見沼区,35.90311667,139.6314389
見沼区,35.90311667,139.6499778
見沼区,35.90313611,139.6249111
見沼区,35.90316389,139.6161722
見沼区,35.90316389,139.6243111
見沼区,35.90318222,139.6243072
見沼区,35.90318333,139.6302361
見沼区,35.90320278,139.6145194
見沼区,35.90321944,139.6206583
見沼区,35.90325278,139.6206
見沼区,35.90326111,139.6109806
見沼区,35.90326389,139.60955
見沼区,35.90330278,139.621925
見沼区,35.90331111,139.6180972
見沼区,35.90334722,139.6372972
見沼区,35.90336944,139.6306278
見沼区,35.90337778,139.6454083
見沼区,35.90338333,139.6153139
見沼区,35.9034,139.6255833
見沼区,35.90340278,139.6217833
見沼区,35.90340833,139.6401417
見沼区,35.90340833,139.6313328
見沼区,35.90341389,139.6199556
見沼区,35.90341667,139.6213917
見沼区,35.90341944,139.617475
見沼区,35.90343333,139.6080417
見沼区,35.90343889,139.6376556
見沼区,35.90346389,139.6152111
見沼区,35.90346389,139.6239806
見沼区,35.90346944,139.6071972
見沼区,35.90346944,139.6281028
見沼区,35.90348056,139.6028361
見沼区,35.90349444,139.6072056
見沼区,35.90350278,139.6203389
見沼区,35.90350556,139.6421389
見沼区,35.90352222,139.6137056
見沼区,35.90353889,139.6256417
見沼区,35.90355556,139.6245278
見沼区,35.90356944,139.63395
見沼区,35.90357778,139.6285556
見沼区,35.90360556,139.6313306
見沼区,35.90360833,139.606175
見沼区,35.90363611,139.6065167
見沼区,35.90365,139.6318083
見沼区,35.90367222,139.6214361
見沼区,35.90370278,139.6071167
見沼区,35.90372778,139.6387556
見沼区,35.90373611,139.6040778
見沼区,35.903775,139.6088417
見沼区,35.90379167,139.6345083
見沼区,35.90380278,139.6126889
見沼区,35.90382222,139.6408556
見沼区,35.90384167,139.6362083
見沼区,35.90385556,139.6377917
見沼区,35.90390556,139.6108611
見沼区,35.90395556,139.6374278
見沼区,35.90400833,139.6017722
見沼区,35.90403056,139.6060861
見沼区,35.90403333,139.6231917
見沼区,35.90404167,139.6298139
見沼区,35.90406389,139.6424028
見沼区,35.90407778,139.6243694
見沼区,35.90411667,139.6172306
見沼区,35.904125,139.6237028
見沼区,35.90414167,139.6332
見沼区,35.90415,139.6049583
見沼区,35.90416667,139.6240556
見沼区,35.90418056,139.6329667
見沼区,35.90418889,139.6396083
見沼区,35.90419167,139.6046306
見沼区,35.90419444,139.6208861
見沼区,35.90420833,139.6312417
見沼区,35.90421111,139.6382194
見沼区,35.90423056,139.6040917
見沼区,35.90423333,139.6336472
見沼区,35.90430833,139.634075
見沼区,35.90431389,139.6249972
見沼区,35.90432222,139.6205194
見沼区,35.90434444,139.6371556
見沼区,35.90435556,139.6143278
見沼区,35.90435833,139.6291694
見沼区,35.90436111,139.6371444
見沼区,35.904375,139.6156861
見沼区,35.90437778,139.6170861
見沼区,35.90439722,139.6385361
見沼区,35.90441944,139.6239472
見沼区,35.90442222,139.6400944
見沼区,35.90442778,139.6507333
見沼区,35.90445833,139.6230361
見沼区,35.90446944,139.6045639
見沼区,35.90447778,139.6354778
見沼区,35.90448056,139.6200444
見沼区,35.90451111,139.6221889
見沼区,35.90451667,139.6336583
見沼区,35.90453056,139.6296611
見沼区,35.90453889,139.62835
見沼区,35.90454167,139.638975
見沼区,35.90455,139.6296889
見沼区,35.90455,139.606025
見沼区,35.90456667,139.6182444
見沼区,35.90458056,139.6280944
見沼区,35.90459722,139.6414556
見沼区,35.90459722,139.64585
見沼区,35.90460556,139.6296194
見沼区,35.90460556,139.6029778
見沼区,35.90461667,139.6167333
見沼区,35.90464444,139.6403861
見沼区,35.90468889,139.6429111
見沼区,35.90469167,139.650975
見沼区,35.90471389,139.6244806
見沼区,35.90473694,139.6492931
見沼区,35.90473889,139.6461333
見沼区,35.90476639,139.6512147
見沼区,35.90478889,139.614675
見沼区,35.90479722,139.6427444
見沼区,35.90480833,139.6251222
見沼区,35.90480833,139.6084056
見沼区,35.90484444,139.6017778
見沼区,35.90486389,139.6276639
見沼区,35.90490556,139.6300217
見沼区,35.90491944,139.6241306
見沼区,35.90491944,139.6050083
見沼区,35.90492306,139.6017747
見沼区,35.904925,139.6241389
見沼区,35.90494722,139.6281972
見沼区,35.90497222,139.6130472
見沼区,35.90500556,139.6104083
見沼区,35.90501389,139.6437472
見沼区,35.90501667,139.6366917
見沼区,35.90503333,139.6066778
見沼区,35.90506111,139.6296
見沼区,35.90506944,139.6280889
見沼区,35.90509444,139.6325472
見沼区,35.90509722,139.6297361
見沼区,35.90509722,139.6350306
見沼区,35.90510556,139.6308689
見沼区,35.90511944,139.6374778
見沼区,35.90512778,139.6182417
見沼区,35.90513333,139.6278611
見沼区,35.90515278,139.6415639
見沼区,35.90515278,139.623825
見沼区,35.90518333,139.6158083
見沼区,35.90522222,139.6135333
見沼区,35.90524167,139.6273972
見沼区,35.90524444,139.6279861
見沼区,35.90525,139.6032611
見沼区,35.90525833,139.6287639
見沼区,35.905275,139.6144528
見沼区,35.9053,139.620475
見沼区,35.90532778,139.6452444
見沼区,35.90533333,139.6119
見沼区,35.90538333,139.6461056
見沼区,35.90538611,139.6457083
見沼区,35.9054,139.6328722
見沼区,35.90540278,139.6190417
見沼区,35.90544444,139.6369722
見沼区,35.90544444,139.6242944
見沼区,35.90548333,139.6243278
見沼区,35.90548417,139.6375072
見沼区,35.90548889,139.6095889
見沼区,35.90556667,139.6195556
見沼区,35.90558056,139.6156917
見沼区,35.90561389,139.6173667
見沼区,35.90563611,139.6158111
見沼区,35.90565,139.6040306
見沼区,35.90565,139.6068917
見沼区,35.90566667,139.6406417
見沼区,35.90567778,139.6277333
見沼区,35.9057,139.6080417
見沼区,35.90574722,139.6452944
見沼区,35.90579167,139.6065639
見沼区,35.90581944,139.6392778
見沼区,35.90583333,139.6256
見沼区,35.90583611,139.639725
見沼区,35.90583889,139.6417417
見沼区,35.90583889,139.6408167
見沼区,35.90586528,139.6148089
見沼区,35.90586667,139.6101444
見沼区,35.90586944,139.6433806
見沼区,35.90588056,139.6386444
見沼区,35.90588611,139.6152861
見沼区,35.90589444,139.6320056
見沼区,35.90589444,139.6437083
見沼区,35.90590556,139.6185167
見沼区,35.90591944,139.6278833
見沼区,35.90593056,139.6111278
見沼区,35.90593611,139.6319222
見沼区,35.90593611,139.6436833
見沼区,35.90597778,139.6072278
見沼区,35.90600833,139.6460778
見沼区,35.90600833,139.6336139
見沼区,35.90602222,139.6292861
見沼区,35.90603611,139.6079944
見沼区,35.90604722,139.6052
見沼区,35.90605278,139.6225417
見沼区,35.90608056,139.6123833
見沼区,35.90608056,139.6202889
見沼区,35.90610833,139.6292639
見沼区,35.90611944,139.6041694
見沼区,35.90612778,139.6337778
見沼区,35.90612778,139.6179139
見沼区,35.90614722,139.6282306
見沼区,35.90614722,139.6295111
見沼区,35.90615,139.6307417
見沼区,35.90619722,139.6274278
見沼区,35.90619722,139.6393083
見沼区,35.90625,139.6477444
見沼区,35.90625278,139.638125
見沼区,35.90629722,139.6294417
見沼区,35.90630556,139.6292028
見沼区,35.90631944,139.6135917
見沼区,35.90632222,139.6278139
見沼区,35.90636944,139.6282167
見沼区,35.90638611,139.6146417
見沼区,35.906425,139.6316472
見沼区,35.90648333,139.6090667
見沼区,35.90654444,139.6149889
見沼区,35.90658333,139.6299583
見沼区,35.90658889,139.6327111
見沼区,35.9066,139.63995
見沼区,35.90660278,139.6112889
見沼区,35.90664167,139.6066111
見沼区,35.90664722,139.6046639
見沼区,35.90664722,139.6237833
見沼区,35.90667778,139.6058694
見沼区,35.90672222,139.642525
見沼区,35.90672778,139.6329639
見沼区,35.90673333,139.6291944
見沼区,35.90675278,139.6092611
見沼区,35.906775,139.6187306
見沼区,35.90681667,139.6099972
見沼区,35.90682222,139.6163306
見沼区,35.90683889,139.6187306
見沼区,35.90686667,139.63125
見沼区,35.90688333,139.6342056
見沼区,35.90691389,139.6325611
見沼区,35.906925,139.6299472
見沼区,35.90693333,139.6430528
見沼区,35.90694722,139.6324778
見沼区,35.90694722,139.6292028
見沼区,35.90696111,139.6074472
見沼区,35.90701111,139.6352833
見沼区,35.90703889,139.649075
見沼区,35.90704167,139.6303028
見沼区,35.90704722,139.6193861
見沼区,35.90706944,139.6338639
見沼区,35.90708611,139.6326167
見沼区,35.90708611,139.645925
見沼区,35.90711389,139.6151139
見沼区,35.90711944,139.6435
見沼区,35.90715556,139.6293417
見沼区,35.90722778,139.6492833
見沼区,35.90722778,139.6204417
見沼区,35.90723611,139.6083111
見沼区,35.90725278,139.6370417
見沼区,35.907275,139.6187694
見沼区,35.90728333,139.6344222
見沼区,35.90728333,139.625025
見沼区,35.90729167,139.6348167
見沼区,35.90733611,139.645325
見沼区,35.90735833,139.6271667
見沼区,35.90736389,139.6279306
見沼区,35.90737222,139.6272361
見沼区,35.90738889,139.6342444
見沼区,35.90743611,139.6353
見沼区,35.90744444,139.6171889
見沼区,35.90745278,139.6169222
見沼区,35.90746389,139.6493861
見沼区,35.90748611,139.6316944
見沼区,35.90749722,139.6415694
見沼区,35.90750278,139.6231222
見沼区,35.90750556,139.6109694
見沼区,35.90752778,139.6304139
見沼区,35.90753611,139.615175
見沼区,35.90756111,139.63525
見沼区,35.90756389,139.6145139
見沼区,35.90758333,139.6318972
見沼区,35.90759722,139.6140472
見沼区,35.90759722,139.6048861
見沼区,35.90760556,139.6382083
見沼区,35.90760556,139.63465
見沼区,35.90761389,139.6044111
見沼区,35.90763333,139.6350278
見沼区,35.90763611,139.6392139
見沼区,35.90764167,139.6131778
見沼区,35.90764444,139.6049361
見沼区,35.90766667,139.6490056
見沼区,35.90767222,139.6147611
見沼区,35.907675,139.6356278
見沼区,35.90768333,139.6332556
見沼区,35.90773611,139.605975
見沼区,35.90775,139.609875
見沼区,35.9078,139.6370278
見沼区,35.90785278,139.6346111
見沼区,35.907875,139.6162028
見沼区,35.90789444,139.6446667
見沼区,35.90789444,139.6498194
見沼区,35.90789722,139.6124556
見沼区,35.90790833,139.652375
見沼区,35.90791111,139.6483361
見沼区,35.90792222,139.6306417
見沼区,35.90794444,139.6123167
見沼区,35.907975,139.6428056
見沼区,35.90798056,139.6041917
見沼区,35.908,139.6355361
見沼区,35.90800556,139.6042539
見沼区,35.90803056,139.6076306
見沼区,35.90805,139.6391361
見沼区,35.90805833,139.605225
見沼区,35.90806944,139.6288444
見沼区,35.90807222,139.6363
見沼区,35.90808056,139.6522472
見沼区,35.90808889,139.6120083
見沼区,35.90811667,139.6363556
見沼区,35.90814722,139.6479556
見沼区,35.90815,139.6496306
見沼区,35.90815833,139.6471472
見沼区,35.9082,139.6150667
見沼区,35.90821111,139.6269917
見沼区,35.90821944,139.6393167
見沼区,35.90823889,139.6088889
見沼区,35.90823889,139.6469361
見沼区,35.90825,139.6469222
見沼区,35.90825556,139.6097778
見沼区,35.90827778,139.6174
見沼区,35.90828889,139.6134083
見沼区,35.90829167,139.6338667
見沼区,35.908325,139.646
見沼区,35.90833056,139.6279889
見沼区,35.90838611,139.6393889
見沼区,35.90839111,139.6139706
見沼区,35.90839444,139.6375028
見沼区,35.90841111,139.6514139
見沼区,35.90841389,139.6408639
見沼区,35.90845556,139.6051667
見沼区,35.90846389,139.6317972
見沼区,35.908475,139.6241917
見沼区,35.9085,139.6424806
見沼区,35.90851389,139.6110139
見沼区,35.908525,139.6042222
見沼区,35.90854167,139.6479111
見沼区,35.90855833,139.61075
見沼区,35.90858056,139.6127194
見沼区,35.90860278,139.6301306
見沼区,35.90860278,139.6211833
見沼区,35.90861111,139.6420833
見沼区,35.90866111,139.6329639
見沼区,35.90869722,139.6226333
見沼区,35.90870556,139.6287639
見沼区,35.90871389,139.6066806
見沼区,35.90871667,139.6066694
見沼区,35.90878611,139.6391917
見沼区,35.9088125,139.647975
見沼区,35.90882778,139.6171056
見沼区,35.90884722,139.6042417
見沼区,35.90885,139.6404806
見沼区,35.90886389,139.6381667
見沼区,35.90895278,139.6218611
見沼区,35.90896944,139.6268417
見沼区,35.90897222,139.6178556
見沼区,35.90899444,139.6386472
見沼区,35.90899444,139.6286139
見沼区,35.90901944,139.6314111
見沼区,35.90905278,139.6133389
見沼区,35.90906389,139.6432306
見沼区,35.90908611,139.6183306
見沼区,35.9091,139.6099139
見沼区,35.90913056,139.6027806
見沼区,35.90913333,139.6422972
見沼区,35.90916944,139.631775
見沼区,35.9092,139.6042
見沼区,35.90921389,139.6270972
見沼区,35.909225,139.633625
見沼区,35.90923333,139.6336944
見沼区,35.90925833,139.637375
見沼区,35.90935278,139.6192
見沼区,35.90939444,139.6119139
見沼区,35.9094,139.6292139
見沼区,35.90940278,139.6201694
見沼区,35.90941111,139.6160694
見沼区,35.90941944,139.641425
見沼区,35.90942222,139.6209139
見沼区,35.90942778,139.6116333
見沼区,35.90943611,139.6415306
見沼区,35.90945833,139.6487472
見沼区,35.90951944,139.6405
見沼区,35.90954722,139.6168333
見沼区,35.90955167,139.6059006
見沼区,35.90960833,139.6109833
見沼区,35.90961111,139.6477306
見沼区,35.90961389,139.6220778
見沼区,35.90966944,139.6395528
見沼区,35.909675,139.6218139
見沼区,35.90967778,139.6395
見沼区,35.90967778,139.6080278
見沼区,35.90968889,139.6181778
見沼区,35.90970278,139.6047917
見沼区,35.90979444,139.63005
見沼区,35.90990278,139.6125806
見沼区,35.90990833,139.6280028
見沼区,35.90993056,139.6108361
見沼区,35.90993889,139.6275139
見沼区,35.90995556,139.6262417
見沼区,35.909975,139.6388528
見沼区,35.90998194,139.6206256
見沼区,35.90999583,139.6167339
見沼区,35.91000556,139.6097056
見沼区,35.91002778,139.6284
見沼区,35.91004167,139.6483278
見沼区,35.91006667,139.6267306
見沼区,35.91009722,139.6183
見沼区,35.91009722,139.6162472
見沼区,35.91009722,139.6427333
見沼区,35.91010556,139.6335306
見沼区,35.91012222,139.6384528
見沼区,35.910125,139.6313306
見沼区,35.91013472,139.6085217
見沼区,35.91013611,139.6056722
見沼区,35.91016389,139.6069083
見沼区,35.91016667,139.6068806
見沼区,35.91017778,139.6434167
見沼区,35.91018889,139.6210889
見沼区,35.91025556,139.6181111
見沼区,35.91029444,139.6419222
見沼区,35.91030278,139.6281222
見沼区,35.910325,139.6407556
見沼区,35.91039722,139.6149361
見沼区,35.910425,139.6042194
見沼区,35.91045556,139.6189139
見沼区,35.91046667,139.6200472
見沼区,35.91048056,139.6171889
見沼区,35.91051111,139.6188528
見沼区,35.91052222,139.6181028
見沼区,35.91056389,139.6102528
見沼区,35.910575,139.6264778
見沼区,35.91058333,139.6339361
見沼区,35.91058333,139.642875
見沼区,35.9106,139.629125
見沼区,35.91062222,139.6281222
見沼区,35.91066389,139.6324333
見沼区,35.91068611,139.6179139
見沼区,35.91070833,139.637625
見沼区,35.9108,139.616625
見沼区,35.91080833,139.6145056
見沼区,35.91081111,139.6181333
見沼区,35.910825,139.6116306
見沼区,35.91085278,139.6108389
見沼区,35.91087222,139.6417333
見沼区,35.91089444,139.6300528
見沼区,35.91091389,139.6097917
見沼区,35.91093611,139.6334528
見沼区,35.91095,139.6427083
見沼区,35.91095833,139.6361361
見沼区,35.91096389,139.6070972
見沼区,35.91097778,139.6282417
見沼区,35.91101111,139.6126056
見沼区,35.91101389,139.6281417
見沼区,35.91106944,139.6215306
見沼区,35.91110556,139.6266361
見沼区,35.91111667,139.6066139
見沼区,35.91113333,139.641225
見沼区,35.91118333,139.6376278
見沼区,35.91119722,139.6080806
見沼区,35.91121667,139.6139944
見沼区,35.91124444,139.6311722
見沼区,35.91125556,139.6422722
見沼区,35.91127778,139.628325
見沼区,35.91128611,139.6415972
見沼区,35.91131944,139.6389833
見沼区,35.91134167,139.6197111
見沼区,35.91135556,139.6047806
見沼区,35.91139722,139.6269972
見沼区,35.91156111,139.6333889
見沼区,35.91156111,139.6354389
見沼区,35.91156389,139.6299111
見沼区,35.91156944,139.6287472
見沼区,35.91159444,139.6364833
見沼区,35.91159722,139.6408694
見沼区,35.91163056,139.6107278
見沼区,35.91166944,139.6303944
見沼区,35.91167222,139.6013306
見沼区,35.91171667,139.6216333
見沼区,35.91175278,139.6131278
見沼区,35.91175278,139.6389639
見沼区,35.91178333,139.6180917
見沼区,35.91180556,139.6316222
見沼区,35.91182778,139.610375
見沼区,35.91185278,139.6158389
見沼区,35.91188333,139.6180222
見沼区,35.9119,139.6170389
見沼区,35.91191111,139.6209139
見沼区,35.91192222,139.6380917
見沼区,35.91195,139.6263278
見沼区,35.91196944,139.6245361
見沼区,35.91197222,139.6417417
見沼区,35.91201667,139.6085694
見沼区,35.91203889,139.6220611
見沼区,35.91205,139.627725
見沼区,35.91205,139.6220611
見沼区,35.91205556,139.6220694
見沼区,35.91213056,139.6279306
見沼区,35.91217722,139.6255972
見沼区,35.91223889,139.635175
見沼区,35.91228889,139.6373417
見沼区,35.91230278,139.6275194
見沼区,35.912325,139.62075
見沼区,35.91235,139.6433694
見沼区,35.91236944,139.619525
見沼区,35.91238611,139.6254194
見沼区,35.91238611,139.6437556
見沼区,35.91239722,139.6218111
見沼区,35.9124,139.639125
見沼区,35.91240556,139.6296722
見沼区,35.91245556,139.6140528
見沼区,35.91248056,139.6358306
見沼区,35.91248056,139.6237056
見沼区,35.91249722,139.6021806
見沼区,35.91252778,139.6221111
見沼区,35.91255833,139.6165444
見沼区,35.91256111,139.6095889
見沼区,35.91256389,139.6126417
見沼区,35.91259444,139.6381222
見沼区,35.91263333,139.6306778
見沼区,35.91264722,139.6308083
見沼区,35.91267556,139.6318861
見沼区,35.91268333,139.6355611
見沼区,35.91269444,139.6126056
見沼区,35.91273333,139.6114361
見沼区,35.91275,139.6301556
見沼区,35.91275833,139.6118111
見沼区,35.91276667,139.62095
見沼区,35.91278333,139.6249361
見沼区,35.91281389,139.602425
見沼区,35.91283889,139.6227556
見沼区,35.91285833,139.6352806
見沼区,35.91286111,139.6281694
見沼区,35.91291389,139.6344472
見沼区,35.91299722,139.6036472
見沼区,35.91302222,139.6401833
見沼区,35.91306389,139.6279889
見沼区,35.91307222,139.6414111
見沼区,35.91308889,139.6343722
見沼区,35.91309444,139.6181889
見沼区,35.91312222,139.6157639
見沼区,35.91312778,139.6199139
見沼区,35.91313889,139.6265139
見沼区,35.91316667,139.6240028
見沼区,35.91323611,139.6215944
見沼区,35.91331111,139.6152778
見沼区,35.91331389,139.6170889
見沼区,35.91334167,139.6188278
見沼区,35.91336944,139.6206528
見沼区,35.91337222,139.6480111
見沼区,35.91337222,139.6226056
見沼区,35.913375,139.61585
見沼区,35.91346944,139.6388194
見沼区,35.91351667,139.6400028
見沼区,35.91353333,139.6165194
見沼区,35.91355278,139.6250361
見沼区,35.91355556,139.6165417
見沼区,35.91358611,139.6290028
見沼区,35.91363611,139.6159306
見沼区,35.91373056,139.6181639
見沼区,35.91386389,139.6189389
見沼区,35.913875,139.6215444
見沼区,35.91390833,139.6271194
見沼区,35.91395833,139.6196139
見沼区,35.91396111,139.6273167
見沼区,35.91406667,139.6225278
見沼区,35.914075,139.6395278
見沼区,35.91414722,139.6204917
見沼区,35.914175,139.6402333
見沼区,35.91418333,139.6402222
見沼区,35.914225,139.6152306
見沼区,35.91425556,139.6158306
見沼区,35.91438333,139.6179917
見沼区,35.91449722,139.6433
見沼区,35.91455278,139.6214583
見沼区,35.91456111,139.6284667
見沼区,35.91456667,139.6352194
見沼区,35.91457222,139.6183611
見沼区,35.91458056,139.6411472
見沼区,35.91458889,139.6195389
見沼区,35.91463056,139.6480278
見沼区,35.91466944,139.6165611
見沼区,35.91473611,139.6293833
見沼区,35.91488889,139.621075
見沼区,35.91498611,139.6178667
見沼区,35.91499444,139.6287833
見沼区,35.91507778,139.6192167
見沼区,35.91510278,139.639775
見沼区,35.91516389,139.6203167
見沼区,35.91516667,139.6181222
見沼区,35.915225,139.616625
見沼区,35.91525833,139.6211778
見沼区,35.91535556,139.6219778
見沼区,35.915375,139.6387306
見沼区,35.91538056,139.617675
見沼区,35.91543333,139.6392583
見沼区,35.91548333,139.6210889
見沼区,35.91548333,139.6163222
見沼区,35.91549722,139.6399139
見沼区,35.91551389,139.6178333
見沼区,35.91583333,139.6293
見沼区,35.91611389,139.6386556
見沼区,35.91631389,139.6385333
見沼区,35.91643333,139.6180583
見沼区,35.91645833,139.6206583
見沼区,35.91646944,139.6329167
見沼区,35.91650278,139.6387361
見沼区,35.91650556,139.5985389
見沼区,35.91664722,139.6376619
見沼区,35.91665833,139.6313333
見沼区,35.91675556,139.6199278
見沼区,35.91676389,139.6206167
見沼区,35.91678611,139.6405333
見沼区,35.91678889,139.6416139
見沼区,35.91681667,139.63735
見沼区,35.91701667,139.6394917
見沼区,35.91703056,139.6372111
見沼区,35.91721944,139.6217194
見沼区,35.91730278,139.6421889
見沼区,35.91737222,139.6300611
見沼区,35.91738611,139.6423861
見沼区,35.91746389,139.6433806
見沼区,35.91747778,139.6211722
見沼区,35.91748056,139.6242778
見沼区,35.91750278,139.6182972
見沼区,35.91750556,139.6203278
見沼区,35.917525,139.6389389
見沼区,35.917575,139.6385667
見沼区,35.91761111,139.6395528
見沼区,35.91761389,139.6183861
見沼区,35.91761944,139.6040028
見沼区,35.91765556,139.6203333
見沼区,35.91779444,139.641175
見沼区,35.91794722,139.6424528
見沼区,35.91802222,139.6396278
見沼区,35.918175,139.6313944
見沼区,35.91819722,139.6194222
見沼区,35.91826111,139.6346694
見沼区,35.91828056,139.6126306
見沼区,35.91831111,139.6409833
見沼区,35.91831111,139.6382306
見沼区,35.91834444,139.620125
見沼区,35.91854444,139.6368111
見沼区,35.91860833,139.6393472
見沼区,35.91864444,139.6401556
見沼区,35.91871944,139.6377611
見沼区,35.91872778,139.6361556
見沼区,35.91876111,139.6384889
見沼区,35.91878889,139.6084611
見沼区,35.91880556,139.6408778
見沼区,35.91881944,139.6324917
見沼区,35.91893611,139.6383306
見沼区,35.91894722,139.6205444
見沼区,35.91908056,139.6338611
見沼区,35.91909167,139.6359389
見沼区,35.91913333,139.6322167
見沼区,35.91925833,139.6347167
見沼区,35.91935278,139.6400444
見沼区,35.91951667,139.61985
見沼区,35.91951944,139.6390278
見沼区,35.91968056,139.6339583
見沼区,35.91970278,139.6353639
見沼区,35.91970833,139.6074833
見沼区,35.91973889,139.6341139
見沼区,35.91973889,139.6330972
見沼区,35.91978333,139.6360917
見沼区,35.91988333,139.6352917
見沼区,35.91989444,139.6339222
見沼区,35.91994444,139.6097306
見沼区,35.92001111,139.6359194
見沼区,35.92002778,139.6347278
見沼区,35.92012222,139.6379389
見沼区,35.92016389,139.6198889
見沼区,35.92024167,139.6106083
見沼区,35.92025,139.6410389
見沼区,35.920275,139.6359389
見沼区,35.92048056,139.6395056
見沼区,35.92055833,139.6364028
見沼区,35.92058056,139.6231278
見沼区,35.92058056,139.6405139
見沼区,35.92061667,139.6197944
見沼区,35.92074444,139.6409139
見沼区,35.92098611,139.6030028
見沼区,35.92108056,139.6107167
見沼区,35.92108056,139.6123194
見沼区,35.92110556,139.615025
見沼区,35.92112778,139.6379222
見沼区,35.92129722,139.6222028
見沼区,35.92152778,139.6368583
見沼区,35.921625,139.6117139
見沼区,35.92163611,139.6380222
見沼区,35.92167028,139.6191428
見沼区,35.92167222,139.6250583
見沼区,35.92169722,139.6115306
見沼区,35.92170278,139.6238833
見沼区,35.92226111,139.6396483
見沼区,35.92233889,139.6214194
見沼区,35.92236389,139.6153722
見沼区,35.92257778,139.62245
見沼区,35.92258611,139.6102139
見沼区,35.92266667,139.6385433
見沼区,35.92276944,139.60785
見沼区,35.92277222,139.6039861
見沼区,35.92277222,139.6020917
見沼区,35.92282222,139.6383806
見沼区,35.92287222,139.6115472
見沼区,35.92289167,139.6395167
見沼区,35.92290833,139.6393522
見沼区,35.922925,139.6052
見沼区,35.92295278,139.6087667
見沼区,35.92298333,139.6247194
見沼区,35.92326944,139.6030167
見沼区,35.92327778,139.6135333
見沼区,35.92328889,139.6063361
見沼区,35.92337361,139.6388233
見沼区,35.92341944,139.6400611
見沼区,35.92344722,139.6220722
見沼区,35.92348056,139.6386917
見沼区,35.92386944,139.6231528
見沼区,35.92400556,139.6101444
見沼区,35.92413333,139.6299444
見沼区,35.92416389,139.6115444
見沼区,35.92435278,139.6086139
見沼区,35.92453889,139.6408694
見沼区,35.92476944,139.6079
見沼区,35.92489167,139.6126861
見沼区,35.925,139.6100083
見沼区,35.92553056,139.6233917
見沼区,35.92557222,139.6132889
見沼区,35.92565556,139.6115528
見沼区,35.92592222,139.6129417
見沼区,35.92605,139.6099417
見沼区,35.92606111,139.6041194
見沼区,35.92609722,139.6136361
見沼区,35.92621111,139.6126417
見沼区,35.92642222,139.6361472
見沼区,35.92646944,139.6205889
見沼区,35.92649722,139.6069333
見沼区,35.92672778,139.6146889
見沼区,35.92684444,139.6097639
見沼区,35.92702778,139.6115111
見沼区,35.92703889,139.6215611
見沼区,35.92744167,139.6199806
見沼区,35.92755833,139.6106972
見沼区,35.92760278,139.6126056
見沼区,35.92767778,139.6079889
見沼区,35.92776667,139.6033861
見沼区,35.92795278,139.610925
見沼区,35.92795556,139.6094028
見沼区,35.92795556,139.6135222
見沼区,35.92798611,139.6317944
見沼区,35.92816111,139.6114889
見沼区,35.92825833,139.6342306
見沼区,35.92830833,139.6052333
見沼区,35.92833056,139.6078444
見沼区,35.92840278,139.6107361
見沼区,35.9285,139.6130694
見沼区,35.92873056,139.60375
見沼区,35.92879722,139.620175
見沼区,35.92891667,139.6125667
見沼区,35.929275,139.6216528
見沼区,35.92938889,139.6429167
見沼区,35.92955,139.6099528
見沼区,35.93001111,139.6340944
見沼区,35.93001111,139.6112528
見沼区,35.9301625,139.6157544
見沼区,35.93018056,139.6157611
見沼区,35.93027778,139.6126139
見沼区,35.93031111,139.6115972
見沼区,35.93039722,139.6112722
見沼区,35.93043333,139.6127694
見沼区,35.93045,139.6123278
見沼区,35.93045833,139.6352861
見沼区,35.93046944,139.6097556
見沼区,35.93060833,139.6126333
見沼区,35.93079167,139.6137639
見沼区,35.93080278,139.6140389
見沼区,35.93084972,139.6054819
見沼区,35.93091111,139.6075056
見沼区,35.93096528,139.6234489
見沼区,35.93140278,139.6148139
見沼区,35.93165833,139.6018583
見沼区,35.9321,139.6140444
見沼区,35.93215278,139.611575
見沼区,35.93230278,139.6127806
見沼区,35.93231667,139.6259194
見沼区,35.93231944,139.6116806
見沼区,35.93233611,139.6045111
見沼区,35.93234167,139.6084472
見沼区,35.93254722,139.63045
見沼区,35.93262778,139.6127361
見沼区,35.93295278,139.6196944
見沼区,35.93298889,139.6341444
見沼区,35.93309444,139.6135556
見沼区,35.93311944,139.6283478
見沼区,35.93336944,139.6372472
見沼区,35.93358889,139.6120028
見沼区,35.93360278,139.6031833
見沼区,35.93363056,139.6163667
見沼区,35.93363611,139.628275
見沼区,35.93373056,139.627975
見沼区,35.93386944,139.6331722
見沼区,35.93405278,139.6071194
見沼区,35.93413889,139.6131583
見沼区,35.93437222,139.6284694
見沼区,35.93451944,139.6043028
見沼区,35.93453056,139.6299444
見沼区,35.93458611,139.614075
見沼区,35.93461389,139.6290433
見沼区,35.93465833,139.6310806
見沼区,35.93507222,139.6111167
見沼区,35.935125,139.6359528
見沼区,35.93520833,139.6345667
見沼区,35.93539722,139.6317611
見沼区,35.93541944,139.6292472
見沼区,35.93548611,139.6103361
見沼区,35.93565278,139.6107667
見沼区,35.93586389,139.6331972
見沼区,35.93611389,139.6293
見沼区,35.93624167,139.6306556
見沼区,35.93628333,139.6340611
見沼区,35.93630556,139.6036333
見沼区,35.93643056,139.6061944
見沼区,35.93658889,139.6387722
見沼区,35.93675278,139.6079528
見沼区,35.93678333,139.604725
見沼区,35.9368,139.63625
見沼区,35.93688889,139.6039167
見沼区,35.93700278,139.6097778
見沼区,35.93706111,139.6364722
見沼区,35.93706944,139.6071306
見沼区,35.93713056,139.63405
見沼区,35.93731667,139.6104889
見沼区,35.93750833,139.6354306
見沼区,35.93750833,139.6267222
見沼区,35.93759444,139.6307167
見沼区,35.93768611,139.6273611
見沼区,35.93774444,139.6326194
見沼区,35.93798056,139.6334361
見沼区,35.93849444,139.6291194
見沼区,35.93856389,139.6092
見沼区,35.93858889,139.6163944
見沼区,35.939275,139.6138917
見沼区,35.93931667,139.6098833
見沼区,35.93943611,139.6281222
見沼区,35.93945833,139.6266667
見沼区,35.93961111,139.6335417
見沼区,35.939675,139.6235694
見沼区,35.93975556,139.6198333
見沼区,35.93985833,139.6093306
見沼区,35.94002222,139.6313056
見沼区,35.94002222,139.623425
見沼区,35.94006389,139.6051361
見沼区,35.94015556,139.6106306
見沼区,35.94041667,139.6081778
見沼区,35.94041667,139.6211444
見沼区,35.94049444,139.6254806
見沼区,35.9407,139.6303944
見沼区,35.94085,139.6270694
見沼区,35.94095278,139.6293556
見沼区,35.94103056,139.6279694
見沼区,35.94113611,139.6106139
見沼区,35.94126667,139.6347194
見沼区,35.94129444,139.6080333
見沼区,35.9413,139.6347556
見沼区,35.94133611,139.6203528
見沼区,35.941425,139.6231639
見沼区,35.94145556,139.6267278
見沼区,35.94174167,139.6254917
見沼区,35.94194722,139.6202194
見沼区,35.94195278,139.6250083
見沼区,35.94204722,139.6256806
見沼区,35.94216667,139.6031222
見沼区,35.94218611,139.6270333
見沼区,35.94223611,139.6284694
見沼区,35.94236944,139.6207944
見沼区,35.94252778,139.6021083
見沼区,35.94277222,139.6316333
見沼区,35.94279444,139.6324194
見沼区,35.94298611,139.6095222
見沼区,35.943025,139.6196
見沼区,35.94308056,139.6281611
見沼区,35.94317222,139.6327389
見沼区,35.94317778,139.6064806
見沼区,35.94326111,139.6294778
見沼区,35.94337778,139.6211167
見沼区,35.94340556,139.6021611
見沼区,35.94360278,139.61565
見沼区,35.94368611,139.605275
見沼区,35.94373333,139.6169
見沼区,35.94391111,139.6202583
見沼区,35.94395556,139.6086861
見沼区,35.94403333,139.6041139
見沼区,35.94406389,139.6138694
見沼区,35.94406667,139.6285389
見沼区,35.94411389,139.6139056
見沼区,35.9441375,139.6216667
見沼区,35.94413889,139.6239611
見沼区,35.94414722,139.6139167
見沼区,35.94416944,139.6077917
見沼区,35.94420556,139.6204694
見沼区,35.94424167,139.6192417
見沼区,35.944275,139.6267194
見沼区,35.94450278,139.6218972
見沼区,35.94451944,139.6161778
見沼区,35.94452778,139.6297111
見沼区,35.94454722,139.6179694
見沼区,35.94457778,139.6281611
見沼区,35.94484722,139.6079306
見沼区,35.94489444,139.6249783
見沼区,35.94491667,139.61645
見沼区,35.94493611,139.6188722
見沼区,35.94498056,139.6020472
見沼区,35.94509722,139.6161583
見沼区,35.94510833,139.6194278
見沼区,35.94511944,139.6294417
見沼区,35.94536389,139.6208361
見沼区,35.94538333,139.6097694
見沼区,35.94558889,139.6217528
見沼区,35.94562778,139.6144528
見沼区,35.94565,139.6056167
見沼区,35.94602778,139.6203111
見沼区,35.9462,139.6146472
見沼区,35.94628056,139.6049306
見沼区,35.94633611,139.6196389
見沼区,35.94651944,139.6172056
見沼区,35.94681389,139.6135417
見沼区,35.94683611,139.6147583
見沼区,35.94693333,139.6143444
見沼区,35.94696667,139.61435
見沼区,35.94704444,139.6179917
見沼区,35.94715278,139.6040417
見沼区,35.94743056,139.61705
見沼区,35.94745278,139.6262667
見沼区,35.94746944,139.6146861
見沼区,35.94751111,139.615125
見沼区,35.94755833,139.6247333
見沼区,35.94766667,139.6211583
見沼区,35.947725,139.6037278
見沼区,35.94778333,139.6157611
見沼区,35.94778333,139.6127417
見沼区,35.94816111,139.5975833
見沼区,35.94823889,139.6201361
見沼区,35.948425,139.6169806
見沼区,35.94845,139.6252028
見沼区,35.94866111,139.6040083
見沼区,35.94874167,139.6214694
見沼区,35.94876111,139.6042389
見沼区,35.94878056,139.6049889
見沼区,35.94891667,139.6031111
見沼区,35.94893333,139.5983083
見沼区,35.94903333,139.6149639
見沼区,35.94907222,139.61575
見沼区,35.94915278,139.6041583
見沼区,35.94922778,139.6123861
見沼区,35.94938056,139.6082889
見沼区,35.94956667,139.6206
見沼区,35.94981944,139.6027167
見沼区,35.94982222,139.60205
見沼区,35.94984167,139.6174694
見沼区,35.94996111,139.6117389
見沼区,35.94996389,139.6126222
見沼区,35.95003056,139.6043611
見沼区,35.95005556,139.6219778
見沼区,35.95009167,139.5977194
見沼区,35.95015556,139.6195139
見沼区,35.95017222,139.6161833
見沼区,35.9503,139.5983222
見沼区,35.9505,139.6054139
見沼区,35.95056389,139.626125
見沼区,35.95056667,139.6146583
見沼区,35.9506,139.6028333
見沼区,35.95073056,139.6202667
見沼区,35.95105278,139.6046917
見沼区,35.95106944,139.5987056
見沼区,35.95111389,139.6096917
見沼区,35.9512,139.5959361
見沼区,35.95121667,139.6005972
見沼区,35.95122222,139.6071639
見沼区,35.95124722,139.6003222
見沼区,35.95125278,139.6103083
見沼区,35.95129722,139.6137056
見沼区,35.95130556,139.6232556
見沼区,35.95138333,139.6179889
見沼区,35.95141667,139.6059917
見沼区,35.95184444,139.5992833
見沼区,35.9519,139.6047972
見沼区,35.95200833,139.6228194
見沼区,35.95207778,139.6035028
見沼区,35.95220833,139.61425
見沼区,35.95232222,139.6129056
見沼区,35.95232778,139.6041861
見沼区,35.95234167,139.5995472
見沼区,35.95255278,139.6065194
見沼区,35.95262222,139.6183833
見沼区,35.95270556,139.6102444
見沼区,35.95278333,139.6178556
見沼区,35.9528,139.605625
見沼区,35.95288056,139.6243528
見沼区,35.95295278,139.6147472
見沼区,35.95306667,139.6128694
見沼区,35.95307222,139.5986028
見沼区,35.95311111,139.6117833
見沼区,35.95314167,139.6054
見沼区,35.95341389,139.6024028
見沼区,35.95366667,139.60815
見沼区,35.95370833,139.624475
見沼区,35.95371667,139.5990417
見沼区,35.95381667,139.6036472
見沼区,35.95386111,139.5971722
見沼区,35.95389444,139.6210889
見沼区,35.95390278,139.6048639
見沼区,35.95392778,139.6009333
見沼区,35.95430833,139.6225528
見沼区,35.954575,139.5949472
見沼区,35.954575,139.6125056
見沼区,35.95458056,139.6020056
見沼区,35.95468056,139.6074611
見沼区,35.95503889,139.6174833
見沼区,35.9552,139.6147278
見沼区,35.95526389,139.6062972
見沼区,35.9553,139.6049806
見沼区,35.95530556,139.6189639
見沼区,35.95536667,139.5983083
見沼区,35.955375,139.6083583
見沼区,35.95558333,139.6169639
見沼区,35.95561944,139.6041611
見沼区,35.95566111,139.6101694
見沼区,35.95575278,139.6061667
見沼区,35.95580278,139.6015306
見沼区,35.95585,139.6141111
見沼区,35.9559,139.6035833
見沼区,35.95598611,139.6181861
見沼区,35.95608889,139.595275
見沼区,35.95613889,139.6027889
見沼区,35.95619444,139.6073944
見沼区,35.95623889,139.5971056
見沼区,35.95626944,139.6041056
見沼区,35.95630556,139.6157278
見沼区,35.95638611,139.5997667
見沼区,35.95645833,139.6102806
見沼区,35.95648889,139.5944389
見沼区,35.95651111,139.6052806
見沼区,35.95653333,139.6052444
見沼区,35.95658472,139.6085367
見沼区,35.95665,139.6015889
見沼区,35.95665278,139.597925
見沼区,35.95668333,139.6179417
見沼区,35.95683333,139.6169417
見沼区,35.95685278,139.5928694
見沼区,35.95688611,139.5976917
見沼区,35.95689167,139.6208417
見沼区,35.95695,139.6111333
見沼区,35.95705833,139.6067833
見沼区,35.95706944,139.6023556
見沼区,35.95711111,139.6100417
見沼区,35.95721944,139.5950278
見沼区,35.95735,139.6132528
見沼区,35.95741667,139.6094917
見沼区,35.95743611,139.5930083
見沼区,35.95753056,139.6010306
見沼区,35.95766944,139.6083278
見沼区,35.957675,139.6123306
見沼区,35.95781389,139.6181611
見沼区,35.95786944,139.6169556
見沼区,35.95794444,139.6153389
見沼区,35.957975,139.6152833
見沼区,35.95798611,139.5964306
見沼区,35.95816944,139.6100694
見沼区,35.95841667,139.6079444
見沼区,35.95870278,139.6149917
見沼区,35.95871667,139.6219472
見沼区,35.95872778,139.61855
見沼区,35.95896111,139.6129917
見沼区,35.95935833,139.6190861
見沼区,35.95940556,139.6161167
見沼区,35.95960556,139.6203167
見沼区,35.9596375,139.6138883
見沼区,35.95964444,139.6201361
見沼区,35.96095833,139.6208
見沼区,35.96098889,139.6167278
見沼区,35.96100556,139.6207889
見沼区,35.96128333,139.6164139
中央区,35.85232778,139.6423389
中央区,35.852375,139.6429111
中央区,35.85353889,139.642175
中央区,35.85376389,139.6427556
中央区,35.85508889,139.6432639
中央区,35.85575556,139.6420306
中央区,35.85576944,139.6426361
中央区,35.85693056,139.6424028
中央区,35.85710833,139.6417917
中央区,35.85713611,139.6410444
中央区,35.85745,139.6432333
中央区,35.85779167,139.6397417
中央区,35.85845278,139.6414694
中央区,35.85856667,139.6423361
中央区,35.85870556,139.6392611
中央区,35.85883333,139.6432417
中央区,35.85883611,139.638925
中央区,35.85902222,139.6406444
中央区,35.85925833,139.6422361
中央区,35.85928056,139.6396778
中央区,35.85931389,139.6413278
中央区,35.85940556,139.6381861
中央区,35.85956944,139.6391944
中央区,35.86024444,139.6390778
中央区,35.86031111,139.6412361
中央区,35.86036111,139.6423722
中央区,35.86038611,139.6402333
中央区,35.860475,139.6360694
中央区,35.86093333,139.6411333
中央区,35.86114444,139.6422056
中央区,35.861325,139.6429556
中央区,35.86141111,139.6356861
中央区,35.86153056,139.6387889
中央区,35.86183056,139.6407222
中央区,35.86184444,139.642275
中央区,35.86216667,139.6368667
中央区,35.86226944,139.6393167
中央区,35.86241111,139.6427222
中央区,35.86248056,139.6353556
中央区,35.86249167,139.6345306
中央区,35.86268889,139.641725
中央区,35.86269722,139.6408389
中央区,35.86274167,139.6441806
中央区,35.86280556,139.6368861
中央区,35.86281389,139.6305806
中央区,35.86285,139.6387028
中央区,35.86292778,139.6437528
中央区,35.86299444,139.6457611
中央区,35.86317722,139.6334294
中央区,35.86321111,139.6420944
中央区,35.86321389,139.6312
中央区,35.86324472,139.6331189
中央区,35.86327222,139.6341056
中央区,35.86339167,139.6301306
中央区,35.86339444,139.6433472
中央区,35.86341667,139.6374222
中央区,35.86344028,139.6340906
中央区,35.86366111,139.6364917
中央区,35.86391389,139.6364139
中央区,35.86395556,139.6457556
中央区,35.86399167,139.6418111
中央区,35.86400278,139.6405972
中央区,35.86404056,139.6331281
中央区,35.86404722,139.6426278
中央区,35.86412778,139.6393639
中央区,35.86421944,139.6444389
中央区,35.86427861,139.6346267
中央区,35.86435,139.6476944
中央区,35.86436667,139.6361472
中央区,35.86436667,139.6338564
中央区,35.86450278,139.6481194
中央区,35.86464722,139.6463667
中央区,35.86466667,139.6304694
中央区,35.86466667,139.6332167
中央区,35.86468889,139.6404833
中央区,35.86468889,139.6362667
中央区,35.864725,139.6418889
中央区,35.86472778,139.6294583
中央区,35.86483889,139.6312306
中央区,35.86493889,139.6459028
中央区,35.86496111,139.6443611
中央区,35.86508611,139.638025
中央区,35.86511944,139.6490611
中央区,35.86517222,139.6355944
中央区,35.86518889,139.6319611
中央区,35.86535,139.6303
中央区,35.86535556,139.6288306
中央区,35.86546389,139.6403583
中央区,35.86548889,139.6342306
中央区,35.86556111,139.6308944
中央区,35.86560278,139.6325083
中央区,35.86561111,139.6328972
中央区,35.86562222,139.6432361
中央区,35.86571944,139.6307306
中央区,35.86575278,139.6415028
中央区,35.86576944,139.63175
中央区,35.86577222,139.63305
中央区,35.86579167,139.6379028
中央区,35.8658,139.6314056
中央区,35.86580833,139.6324472
中央区,35.86588611,139.6442722
中央区,35.86589722,139.6278333
中央区,35.86606111,139.6399028
中央区,35.866125,139.6299167
中央区,35.86617222,139.6299806
中央区,35.86624167,139.6306861
中央区,35.86628611,139.6319944
中央区,35.86633333,139.631325
中央区,35.86635833,139.6287111
中央区,35.86638333,139.6362167
中央区,35.86639722,139.6400472
中央区,35.86641667,139.6330194
中央区,35.86652222,139.6378056
中央区,35.86653333,139.6312111
中央区,35.86656111,139.6390667
中央区,35.86666944,139.6299111
中央区,35.86676111,139.6361889
中央区,35.86678333,139.6401472
中央区,35.86685278,139.6329222
中央区,35.86690278,139.6413194
中央区,35.86692222,139.6277667
中央区,35.86695,139.6277583
中央区,35.867,139.631125
中央区,35.86706389,139.630925
中央区,35.86706667,139.6218083
中央区,35.86708611,139.6337361
中央区,35.86709028,139.6362961
中央区,35.86719722,139.6375967
中央区,35.86721389,139.6325389
中央区,35.86731944,139.6289833
中央区,35.86731944,139.6226278
中央区,35.86734167,139.6303333
中央区,35.86751667,139.6425056
中央区,35.86756944,139.6215139
中央区,35.86759722,139.6292472
中央区,35.86765278,139.6411972
中央区,35.86769722,139.6365639
中央区,35.8677,139.6376417
中央区,35.86775278,139.6406
中央区,35.86775278,139.6388778
中央区,35.86775556,139.6406111
中央区,35.86776667,139.6308806
中央区,35.86792222,139.6223389
中央区,35.86795833,139.6324694
中央区,35.86803333,139.6399639
中央区,35.86817222,139.6242278
中央区,35.86826111,139.6211056
中央区,35.868325,139.6314306
中央区,35.86833056,139.6332278
中央区,35.86833889,139.6341556
中央区,35.86835278,139.6299
中央区,35.86837778,139.6386833
中央区,35.86842917,139.6368044
中央区,35.86865833,139.634925
中央区,35.86870278,139.6216278
中央区,35.86875278,139.6411222
中央区,35.86894167,139.6200722
中央区,35.86896667,139.6276444
中央区,35.86896944,139.6386028
中央区,35.86902778,139.6398028
中央区,35.86904444,139.6285222
中央区,35.86908611,139.6303139
中央区,35.86911389,139.6367417
中央区,35.86913333,139.6259111
中央区,35.86925556,139.6226944
中央区,35.86926111,139.6319889
中央区,35.86948056,139.6264139
中央区,35.86951667,139.6404417
中央区,35.86955,139.63295
中央区,35.86957222,139.6284
中央区,35.86958889,139.6391639
中央区,35.86963056,139.6411611
中央区,35.86964167,139.6211972
中央区,35.869725,139.6397139
中央区,35.86974167,139.6349694
中央区,35.86980556,139.6294833
中央区,35.86986667,139.6238556
中央区,35.86989444,139.6254222
中央区,35.86991667,139.630025
中央区,35.86998056,139.6367611
中央区,35.87004722,139.6378389
中央区,35.87008889,139.6269889
中央区,35.87010556,139.6202361
中央区,35.87013056,139.6310194
中央区,35.87013333,139.638325
中央区,35.87017778,139.6244417
中央区,35.87041667,139.6412167
中央区,35.87044444,139.6326444
中央区,35.87045278,139.6405417
中央区,35.87059444,139.6395861
中央区,35.87059722,139.6314806
中央区,35.87064167,139.62815
中央区,35.87068611,139.6341306
中央区,35.87071944,139.6388694
中央区,35.87075278,139.6253806
中央区,35.87079167,139.6205583
中央区,35.87083889,139.6231806
中央区,35.8709,139.6356889
中央区,35.87091944,139.6296139
中央区,35.87103333,139.6381417
中央区,35.87107778,139.6412278
中央区,35.87111389,139.6371444
中央区,35.87121944,139.6347722
中央区,35.87125278,139.6286806
中央区,35.87127778,139.6367139
中央区,35.87137222,139.624075
中央区,35.87141389,139.6391556
中央区,35.87147222,139.6219472
中央区,35.87149167,139.6325083
中央区,35.87152222,139.6304222
中央区,35.87156111,139.6193167
中央区,35.87156667,139.6412556
中央区,35.87157222,139.625425
中央区,35.87157222,139.6185778
中央区,35.87161389,139.6405222
中央区,35.87163333,139.6273139
中央区,35.87166111,139.6380167
中央区,35.87170833,139.6310667
中央区,35.87172222,139.6200861
中央区,35.87174444,139.6279333
中央区,35.87198056,139.621075
中央区,35.87200556,139.6394444
中央区,35.87202222,139.6405639
中央区,35.87205,139.6294
中央区,35.87216944,139.6227611
中央区,35.87230833,139.6360722
中央区,35.87240556,139.6228778
中央区,35.87243611,139.6282111
中央区,35.87253889,139.6338472
中央区,35.87262778,139.6378194
中央区,35.87265,139.6260944
中央区,35.87270278,139.6194806
中央区,35.87270556,139.6248167
中央区,35.87270556,139.6294306
中央区,35.87273611,139.6235111
中央区,35.87274444,139.6210472
中央区,35.87285278,139.6398444
中央区,35.87287778,139.6399944
中央区,35.8729,139.6390111
中央区,35.87296111,139.6272
中央区,35.87296389,139.6232389
中央区,35.87299167,139.6377444
中央区,35.87309444,139.6318306
中央区,35.87310278,139.6317806
中央区,35.87310556,139.636825
中央区,35.873175,139.6181306
中央区,35.87317778,139.6397972
中央区,35.87321667,139.6240139
中央区,35.87326111,139.6409833
中央区,35.8733,139.6363389
中央区,35.87331667,139.6286361
中央区,35.87338889,139.6230194
中央区,35.87343611,139.6290917
中央区,35.87357778,139.6278444
中央区,35.87359167,139.6266889
中央区,35.87359722,139.6349667
中央区,35.87360556,139.6209722
中央区,35.87361944,139.6403111
中央区,35.87366944,139.6193111
中央区,35.87368056,139.6303528
中央区,35.87371667,139.6169611
中央区,35.87375833,139.6215028
中央区,35.87378056,139.6176611
中央区,35.87381111,139.6313167
中央区,35.87385833,139.6366806
中央区,35.873925,139.6358222
中央区,35.87401389,139.620475
中央区,35.87401667,139.6378556
中央区,35.87408611,139.6390361
中央区,35.87423333,139.6390972
中央区,35.87430556,139.6400778
中央区,35.87434167,139.6212528
中央区,35.87438056,139.6223667
中央区,35.87443889,139.6262889
中央区,35.87443889,139.6282833
中央区,35.87448611,139.6183583
中央区,35.8745,139.6408306
中央区,35.87455278,139.6151639
中央区,35.87456389,139.6216222
中央区,35.87464167,139.6290111
中央区,35.87475,139.6166694
中央区,35.87476111,139.6108
中央区,35.87476667,139.6248556
中央区,35.87481111,139.6255861
中央区,35.87481389,139.6385556
中央区,35.87481944,139.6239806
中央区,35.87482778,139.61925
中央区,35.87482778,139.6297972
中央区,35.87490556,139.6356222
中央区,35.87493611,139.6306778
中央区,35.87499722,139.6400444
中央区,35.87501111,139.607625
中央区,35.87508056,139.6407917
中央区,35.87510833,139.6209278
中央区,35.87512778,139.6365111
中央区,35.87515556,139.6378222
中央区,35.87516944,139.6384861
中央区,35.87517778,139.6097111
中央区,35.87520833,139.62715
中央区,35.87531111,139.62675
中央区,35.87539722,139.6139722
中央区,35.87540833,139.6156028
中央区,35.875425,139.6214833
中央区,35.87548611,139.6189694
中央区,35.87550833,139.6381
中央区,35.87551111,139.6177333
中央区,35.87558056,139.6278528
中央区,35.875675,139.6391278
中央区,35.875675,139.6098778
中央区,35.87567778,139.628625
中央区,35.87576667,139.6226444
中央区,35.87585833,139.6106583
中央区,35.87587222,139.6294056
中央区,35.87588889,139.6253694
中央区,35.87590833,139.6085194
中央区,35.87591111,139.6407083
中央区,35.87593889,139.63035
中央区,35.87596111,139.6199389
中央区,35.87597222,139.6354028
中央区,35.87600833,139.6163056
中央区,35.87601111,139.6264889
中央区,35.87608056,139.6321861
中央区,35.87613333,139.6235889
中央区,35.87615,139.6323
中央区,35.87625,139.6138417
中央区,35.87626389,139.6244
中央区,35.87629167,139.6155028
中央区,35.87629722,139.6336139
中央区,35.87630278,139.6397972
中央区,35.87630556,139.6390028
中央区,35.87635,139.6130472
中央区,35.87640556,139.6375056
中央区,35.87642222,139.6211806
中央区,35.87644444,139.6212056
中央区,35.876475,139.6203778
中央区,35.87651111,139.6375944
中央区,35.87655278,139.6282917
中央区,35.87656111,139.6324472
中央区,35.87656667,139.6382417
中央区,35.87673056,139.6174639
中央区,35.87675833,139.6351861
中央区,35.87676389,139.6304944
中央区,35.87677778,139.6305083
中央区,35.87681667,139.6105694
中央区,35.87684167,139.6261139
中央区,35.87685,139.6154444
中央区,35.87686111,139.60865
中央区,35.87689167,139.6371806
中央区,35.87692222,139.6250611
中央区,35.87692778,139.6232167
中央区,35.87695556,139.63615
中央区,35.87696111,139.6078361
中央区,35.87696111,139.6273333
中央区,35.87696111,139.6290028
中央区,35.876975,139.6404722
中央区,35.87711111,139.6340639
中央区,35.8772,139.6328583
中央区,35.87720278,139.6280556
中央区,35.87723889,139.6191472
中央区,35.87726667,139.6124611
中央区,35.877275,139.6318306
中央区,35.87732222,139.6384167
中央区,35.87733472,139.6239878
中央区,35.87736389,139.6138194
中央区,35.87742222,139.6197694
中央区,35.87746667,139.6369778
中央区,35.87746944,139.6158111
中央区,35.87749167,139.6395556
中央区,35.87764444,139.6317889
中央区,35.87764444,139.6366778
中央区,35.87766111,139.6377972
中央区,35.87766389,139.6335222
中央区,35.87768333,139.6220806
中央区,35.87769167,139.6296556
中央区,35.87779722,139.6104722
中央区,35.87784444,139.6359472
中央区,35.87788889,139.6325778
中央区,35.87796111,139.6390167
中央区,35.87796667,139.6386861
中央区,35.877975,139.6084111
中央区,35.87803056,139.6076639
中央区,35.87805556,139.6247528
中央区,35.878075,139.6349778
中央区,35.878075,139.6096278
中央区,35.87808056,139.6178333
中央区,35.87819167,139.6313
中央区,35.8782,139.6261389
中央区,35.87824722,139.6236083
中央区,35.87825,139.6285111
中央区,35.87827222,139.63625
中央区,35.87833611,139.6363889
中央区,35.87833889,139.6276167
中央区,35.87833889,139.6135056
中央区,35.87842778,139.6336444
中央区,35.87844722,139.6400167
中央区,35.878475,139.6267722
中央区,35.878475,139.6128972
中央区,35.87847778,139.6325444
中央区,35.87849167,139.6375
中央区,35.87853611,139.6169944
中央区,35.87854444,139.6147694
中央区,35.87855556,139.6186278
中央区,35.87866667,139.6194583
中央区,35.87868056,139.6309806
中央区,35.87880833,139.6399139
中央区,35.87881667,139.6156861
中央区,35.87885833,139.6123556
中央区,35.87894167,139.6348
中央区,35.87907778,139.6244694
中央区,35.87915556,139.6356639
中央区,35.87916944,139.6358306
中央区,35.879175,139.6230111
中央区,35.87918056,139.6252722
中央区,35.87921111,139.63165
中央区,35.87921389,139.6207667
中央区,35.87925278,139.6281306
中央区,35.87928056,139.6380333
中央区,35.87929167,139.6323389
中央区,35.87929722,139.6407972
中央区,35.87931944,139.6259139
中央区,35.87938056,139.6138083
中央区,35.87949167,139.6126333
中央区,35.87953611,139.6396278
中央区,35.87958056,139.6272444
中央区,35.87958333,139.6171861
中央区,35.87959444,139.6220111
中央区,35.87960833,139.6436361
中央区,35.87960833,139.6172722
中央区,35.87963056,139.6188639
中央区,35.87963611,139.6392972
中央区,35.87971389,139.6333167
中央区,35.87975833,139.6288556
中央区,35.87982222,139.6345833
中央区,35.87986944,139.6131806
中央区,35.87988333,139.6296861
中央区,35.87992778,139.6353306
中央区,35.87995833,139.6361556
中央区,35.87995833,139.6153444
中央区,35.87999444,139.6372417
中央区,35.88003889,139.6241361
中央区,35.88011389,139.6301972
中央区,35.88013611,139.618
中央区,35.88014167,139.6350194
中央区,35.88014167,139.6217139
中央区,35.88018611,139.6256
中央区,35.88019444,139.6433139
中央区,35.88023333,139.6416333
中央区,35.880325,139.6313361
中央区,35.88037222,139.6224556
中央区,35.880375,139.6280028
中央区,35.88043056,139.6401556
中央区,35.88044444,139.6192361
中央区,35.88046667,139.6391556
中央区,35.88054444,139.6166139
中央区,35.880625,139.6170972
中央区,35.88066667,139.6439028
中央区,35.88068889,139.6135806
中央区,35.88079167,139.6359361
中央区,35.88079444,139.6325361
中央区,35.88080278,139.6359139
中央区,35.88081944,139.6350194
中央区,35.88085,139.6198278
中央区,35.88088056,139.6370028
中央区,35.88088333,139.6151111
中央区,35.88090278,139.6237778
中央区,35.88090556,139.6144611
中央区,35.88091944,139.6253639
中央区,35.88091944,139.6370167
中央区,35.88093611,139.6345111
中央区,35.88093889,139.6170778
中央区,35.88094722,139.6333306
中央区,35.88099167,139.6382083
中央区,35.88105,139.6177333
中央区,35.88109444,139.6382472
中央区,35.88114722,139.6396667
中央区,35.88123056,139.6390861
中央区,35.88125278,139.638575
中央区,35.88126667,139.6266472
中央区,35.88136667,139.6313222
中央区,35.88138056,139.6408306
中央区,35.88143333,139.6401944
中央区,35.88143611,139.6192611
中央区,35.88146944,139.6233417
中央区,35.88148333,139.6193472
中央区,35.88148611,139.6251167
中央区,35.88155278,139.6329611
中央区,35.88156667,139.613775
中央区,35.88164444,139.6344472
中央区,35.88165278,139.6222778
中央区,35.88166944,139.6243417
中央区,35.88172778,139.6203111
中央区,35.88175833,139.6202972
中央区,35.88178333,139.6191333
中央区,35.88184167,139.623375
中央区,35.88185278,139.6349972
中央区,35.88185833,139.6393778
中央区,35.88186389,139.6151139
中央区,35.88191111,139.6294139
中央区,35.88198056,139.6363694
中央区,35.88205278,139.6216778
中央区,35.88210833,139.6159389
中央区,35.88220833,139.6378278
中央区,35.88224722,139.6403222
中央区,35.88227028,139.6241781
中央区,35.88237222,139.6263083
中央区,35.8824,139.6282694
中央区,35.88249722,139.628375
中央区,35.88252778,139.61715
中央区,35.88256667,139.6388389
中央区,35.88264444,139.6192028
中央区,35.88264722,139.6291083
中央区,35.88268611,139.6135889
中央区,35.88275833,139.6246889
中央区,35.88276111,139.6340194
中央区,35.88286944,139.6204611
中央区,35.88288611,139.6229056
中央区,35.88288889,139.6302583
中央区,35.88294167,139.6359639
中央区,35.88294722,139.6319833
中央区,35.88296111,139.6214389
中央区,35.88303611,139.636625
中央区,35.88308333,139.6341722
中央区,35.88308611,139.6190306
中央区,35.88311667,139.6260917
中央区,35.88315,139.6237278
中央区,35.88328889,139.6151361
中央区,35.8833,139.6167778
中央区,35.88338056,139.6382694
中央区,35.88339722,139.6244972
中央区,35.88340556,139.6129444
中央区,35.88345833,139.6359667
中央区,35.88346944,139.6369139
中央区,35.88355278,139.6212917
中央区,35.88356111,139.6190028
中央区,35.88363611,139.6379194
中央区,35.88365278,139.6379778
中央区,35.88368556,139.6384972
中央区,35.88370556,139.6296667
中央区,35.88377222,139.6384778
中央区,35.883775,139.6259028
中央区,35.88378611,139.62535
中央区,35.88380556,139.6109194
中央区,35.88380833,139.6225278
中央区,35.88381111,139.6310056
中央区,35.88382222,139.6109361
中央区,35.88384722,139.6328694
中央区,35.88385556,139.6201556
中央区,35.88395278,139.6337667
中央区,35.88395556,139.6286972
中央区,35.88398611,139.6355361
中央区,35.88414722,139.6257889
中央区,35.88419444,139.6126944
中央区,35.88422222,139.6200361
中央区,35.88424167,139.6181667
中央区,35.88431111,139.630075
中央区,35.88432222,139.6145667
中央区,35.88433889,139.6210361
中央区,35.88438611,139.6333472
中央区,35.8844,139.6230028
中央区,35.88443333,139.6310194
中央区,35.88451944,139.6390639
中央区,35.88453611,139.6334361
中央区,35.88457222,139.6187667
中央区,35.88458889,139.6318722
中央区,35.88465278,139.6240806
中央区,35.88469722,139.6105306
中央区,35.88469722,139.6251667
中央区,35.88473056,139.6196306
中央区,35.88478556,139.6281456
中央区,35.88481389,139.6341083
中央区,35.88484444,139.6263222
中央区,35.88486389,139.6221361
中央区,35.88507222,139.6297167
中央区,35.88507222,139.6254917
中央区,35.88510278,139.6233583
中央区,35.88521111,139.6313444
中央区,35.88521389,139.6153556
中央区,35.88528333,139.6091917
中央区,35.88533056,139.6121306
中央区,35.88540833,139.6345389
中央区,35.88541389,139.632675
中央区,35.88541667,139.6176472
中央区,35.885425,139.6345333
中央区,35.88545833,139.6161694
中央区,35.88550278,139.6246167
中央区,35.88552222,139.6246139
中央区,35.88553333,139.6205361
中央区,35.88553889,139.6138139
中央区,35.88561111,139.6101778
中央区,35.885625,139.6330028
中央区,35.88567222,139.6225556
中央区,35.88570556,139.6358583
中央区,35.88573611,139.6277722
中央区,35.88580278,139.62565
中央区,35.88586389,139.6109417
中央区,35.88586944,139.6173306
中央区,35.88588333,139.6181944
中央区,35.88589722,139.6380139
中央区,35.88590278,139.6301528
中央区,35.88599722,139.6289278
中央区,35.88600556,139.6217111
中央区,35.88602222,139.6312417
中央区,35.88603333,139.6318639
中央区,35.88603611,139.6234722
中央区,35.88605833,139.6319583
中央区,35.88607778,139.611575
中央区,35.88614722,139.6327361
中央区,35.886275,139.6242639
中央区,35.88634444,139.6293333
中央区,35.88634444,139.6324694
中央区,35.88635556,139.6095889
中央区,35.886375,139.6152028
中央区,35.88639167,139.6361778
中央区,35.88646111,139.6250694
中央区,35.88656389,139.6197583
中央区,35.88664444,139.6135444
中央区,35.88668333,139.6206111
中央区,35.88673333,139.6130694
中央区,35.88687778,139.632425
中央区,35.88693889,139.6108278
中央区,35.88694722,139.6096472
中央区,35.88695,139.6118694
中央区,35.88697778,139.627225
中央区,35.88700556,139.6220417
中央区,35.88703611,139.6213056
中央区,35.88711944,139.6343972
中央区,35.88713611,139.6146639
中央区,35.887175,139.6212833
中央区,35.88717778,139.6361917
中央区,35.88725833,139.6229389
中央区,35.88731389,139.6282444
中央区,35.88731944,139.6306722
中央区,35.88734722,139.6202861
中央区,35.88735833,139.6135083
中央区,35.88740833,139.6175194
中央区,35.88749722,139.6321639
中央区,35.88755,139.63195
中央区,35.88757222,139.6288806
中央区,35.88766944,139.6379722
中央区,35.88768611,139.6099889
中央区,35.88771944,139.623825
中央区,35.88778056,139.6222056
中央区,35.88779444,139.6326139
中央区,35.88779444,139.6146111
中央区,35.88785,139.6108833
中央区,35.887975,139.6121806
中央区,35.88801111,139.6332306
中央区,35.88811111,139.6251778
中央区,35.88814722,139.6338833
中央区,35.88816667,139.6234333
中央区,35.888175,139.6338694
中央区,35.88818889,139.6282917
中央区,35.88825556,139.6302694
中央区,35.88834722,139.62255
中央区,35.88845278,139.6317861
中央区,35.88848333,139.6315444
中央区,35.88848611,139.6201278
中央区,35.8885,139.6309389
中央区,35.88851944,139.6170139
中央区,35.88854167,139.6375083
中央区,35.88856667,139.6278056
中央区,35.88861389,139.6211139
中央区,35.88862778,139.6270278
中央区,35.88876111,139.6371194
中央区,35.88880278,139.6217861
中央区,35.88881667,139.6328833
中央区,35.88889444,139.6115111
中央区,35.8889,139.6335972
中央区,35.88892778,139.6336622
中央区,35.88893333,139.610325
中央区,35.88904167,139.6285472
中央区,35.88910278,139.6230056
中央区,35.88910833,139.6167472
中央区,35.88923889,139.6345833
中央区,35.88925278,139.6347083
中央区,35.88929722,139.6221444
中央区,35.88930278,139.6176417
中央区,35.88931111,139.6190806
中央区,35.88935833,139.6296944
中央区,35.88942222,139.6339806
中央区,35.88943611,139.6355389
中央区,35.88943611,139.6357
中央区,35.88947222,139.6186611
中央区,35.88947778,139.6151778
中央区,35.88949444,139.6313222
中央区,35.88953056,139.6310667
中央区,35.88954722,139.6367528
中央区,35.88957222,139.6346722
中央区,35.88957222,139.634675
中央区,35.88957778,139.6273444
中央区,35.88958333,139.6209778
中央区,35.88959167,139.6367333
中央区,35.88959444,139.6209861
中央区,35.88975833,139.633325
中央区,35.88983611,139.6235556
中央区,35.88992778,139.6362278
中央区,35.88993056,139.6135944
中央区,35.88994861,139.633315
中央区,35.88999444,139.6205389
中央区,35.89001111,139.6283806
中央区,35.89004444,139.6319111
中央区,35.89019167,139.6148583
中央区,35.89021389,139.63225
中央区,35.89025278,139.6114917
中央区,35.89027222,139.6187833
中央区,35.89028611,139.6335639
中央区,35.89030278,139.6107972
中央区,35.89031667,139.6293444
中央区,35.89034167,139.6270056
中央区,35.89038333,139.6216583
中央区,35.89043889,139.6179444
中央区,35.8905,139.6342972
中央区,35.89056944,139.6306222
中央区,35.89060278,139.6308556
中央区,35.89064167,139.6130583
中央区,35.89066944,139.6231861
中央区,35.89068333,139.62035
中央区,35.89071667,139.6349917
中央区,35.89071944,139.6168844
中央区,35.89075556,139.635175
中央区,35.89090556,139.6348444
中央区,35.89097778,139.6330306
中央区,35.891,139.6352172
中央区,35.89103611,139.6291
中央区,35.89103611,139.6159028
中央区,35.89109722,139.6318556
中央区,35.89113333,139.6284194
中央区,35.89123889,139.6113556
中央区,35.89136111,139.6305139
中央区,35.891425,139.630275
中央区,35.8917,139.6108389
中央区,35.89173333,139.6118389
中央区,35.89177222,139.6131167
中央区,35.89181111,139.6264389
中央区,35.89181111,139.6275778
中央区,35.89184444,139.6149028
中央区,35.89189167,139.62925
中央区,35.89195556,139.6284222
中央区,35.89208889,139.6328861
中央区,35.8922,139.6314833
中央区,35.89225556,139.6138
中央区,35.89231667,139.6300944
中央区,35.89232778,139.6307806
中央区,35.89246667,139.6328111
中央区,35.89258611,139.626175
中央区,35.89282222,139.6296417
中央区,35.89301389,139.6277833
中央区,35.89304444,139.6285361
中央区,35.89335556,139.6309278
中央区,35.89343333,139.625875
中央区,35.89396389,139.6291611
中央区,35.89406389,139.6256194
中央区,35.89421944,139.6302694
中央区,35.89424167,139.6260444
中央区,35.89425278,139.6292722
中央区,35.89425556,139.627925
中央区,35.89479722,139.628775
中央区,35.89491667,139.6280111
中央区,35.89508611,139.6251528
中央区,35.89511111,139.6296278
中央区,35.89514444,139.6288694
中央区,35.89530278,139.6273444
中央区,35.89564722,139.6284944
中央区,35.89571111,139.6259083
中央区,35.89602778,139.6293028
中央区,35.89611111,139.6276861
中央区,35.89613889,139.6245944
中央区,35.89642778,139.6274694
中央区,35.896575,139.6266833
中央区,35.89660278,139.6281639
中央区,35.89699167,139.6276528
中央区,35.89699167,139.6286472
中央区,35.89708333,139.6263194
中央区,35.89718333,139.6258806
中央区,35.89736111,139.6239417
中央区,35.89763056,139.6278194
中央区,35.89768889,139.6251694
中央区,35.89794444,139.62445
中央区,35.898025,139.6252056
中央区,35.89809444,139.6258889
中央区,35.89811667,139.62355
中央区,35.89844722,139.6237806
中央区,35.89880556,139.6250111
中央区,35.89902778,139.6253694
桜区,35.83474722,139.6286028
桜区,35.83543333,139.6268333
桜区,35.83573333,139.6301417
桜区,35.83576944,139.6290167
桜区,35.83584444,139.6295389
桜区,35.83587222,139.6277222
桜区,35.83595833,139.6331333
桜区,35.83601944,139.6285167
桜区,35.83605833,139.6279667
桜区,35.83632778,139.6351028
桜区,35.83640556,139.6283306
桜区,35.83658611,139.6248389
桜区,35.83663333,139.6269917
桜区,35.83679167,139.6250833
桜区,35.83695278,139.6291333
桜区,35.83733611,139.6326167
桜区,35.83737222,139.6263
桜区,35.83749167,139.6244028
桜区,35.83765278,139.6302444
桜区,35.83789444,139.63755
桜区,35.83800556,139.6344361
桜区,35.83803694,139.6352378
桜区,35.83809722,139.6376444
桜区,35.83815,139.6272861
桜区,35.83825556,139.6254
桜区,35.83835833,139.6387611
桜区,35.83836667,139.636325
桜区,35.83838611,139.6323361
桜区,35.838725,139.6281667
桜区,35.83895833,139.6266139
桜区,35.83913333,139.62455
桜区,35.83928056,139.6347306
桜区,35.83930833,139.6356139
桜区,35.83937778,139.6384556
桜区,35.83940833,139.6294722
桜区,35.839425,139.6335861
桜区,35.83943889,139.636075
桜区,35.83961111,139.6309861
桜区,35.83978889,139.635575
桜区,35.83993333,139.636725
桜区,35.840075,139.6237778
桜区,35.84009722,139.6265472
桜区,35.84011667,139.6288472
桜区,35.840175,139.6319
桜区,35.84036389,139.6355167
桜区,35.84050278,139.6342389
桜区,35.84078056,139.6317861
桜区,35.84105278,139.6279667
桜区,35.84108056,139.6306167
桜区,35.84111389,139.6374694
桜区,35.84119722,139.638175
桜区,35.84123056,139.63345
桜区,35.84138056,139.6247472
桜区,35.84154167,139.6345278
桜区,35.84155556,139.6337861
桜区,35.84156667,139.6228528
桜区,35.84167778,139.6350822
桜区,35.84176111,139.6312722
桜区,35.84194722,139.6293417
桜区,35.84195,139.6271306
桜区,35.84196944,139.6293528
桜区,35.84209722,139.63645
桜区,35.84218889,139.6243472
桜区,35.84219444,139.6357556
桜区,35.8422,139.6372806
桜区,35.84228333,139.6305
桜区,35.84228889,139.632875
桜区,35.84264444,139.6345972
桜区,35.84268333,139.6263
桜区,35.84277778,139.6296694
桜区,35.84281111,139.6318722
桜区,35.84301111,139.6273806
桜区,35.84310556,139.628775
桜区,35.84314167,139.6234861
桜区,35.843175,139.6330583
桜区,35.84334722,139.6359278
桜区,35.84349722,139.6301139
桜区,35.84350833,139.6341722
桜区,35.84360833,139.6255167
桜区,35.84363889,139.6245389
桜区,35.84368611,139.6311833
桜区,35.84383611,139.6301111
桜区,35.8439,139.6227806
桜区,35.84405556,139.6251639
桜区,35.84415833,139.6318639
桜区,35.84433333,139.6265528
桜区,35.84437222,139.6326722
桜区,35.84444722,139.6291139
桜区,35.8445625,139.6356289
桜区,35.84457778,139.6237194
桜区,35.84472222,139.6307972
桜区,35.84499167,139.6255333
桜区,35.84507778,139.6244028
桜区,35.84514444,139.63365
桜区,35.84516389,139.6315444
桜区,35.84518611,139.6296
桜区,35.84521944,139.6229639
桜区,35.8453,139.6262056
桜区,35.84553889,139.6348167
桜区,35.84558333,139.632325
桜区,35.84575278,139.6306278
桜区,35.84578056,139.6328306
桜区,35.84583056,139.6238694
桜区,35.84592778,139.6227028
桜区,35.84593889,139.625075
桜区,35.84612778,139.6279556
桜区,35.84616111,139.6358611
桜区,35.84619722,139.6220028
桜区,35.84619722,139.6219944
桜区,35.84622778,139.6353361
桜区,35.84636389,139.6246306
桜区,35.84636944,139.62705
桜区,35.84638333,139.6317528
桜区,35.84648333,139.6346333
桜区,35.84648611,139.6332917
桜区,35.84649167,139.6256639
桜区,35.847075,139.6232278
桜区,35.84708611,139.6232167
桜区,35.84718889,139.6358389
桜区,35.84720417,139.6325083
桜区,35.84732778,139.6265611
桜区,35.84739722,139.6242389
桜区,35.84761667,139.6320639
桜区,35.84766389,139.6253278
桜区,35.84791944,139.6274111
桜区,35.84792778,139.6274167
桜区,35.84802222,139.6228694
桜区,35.84826667,139.6285222
桜区,35.84828056,139.6315
桜区,35.84831944,139.6238111
桜区,35.84831944,139.6262861
桜区,35.84852222,139.62955
桜区,35.84853333,139.6356806
桜区,35.84854444,139.6217167
桜区,35.84854722,139.633675
桜区,35.84856944,139.62475
桜区,35.84872778,139.6303722
桜区,35.848775,139.6225944
桜区,35.84886944,139.6283833
桜区,35.84891111,139.6261611
桜区,35.84895556,139.6348167
桜区,35.84908889,139.6313222
桜区,35.84914167,139.6248944
桜区,35.84916389,139.6323278
桜区,35.84936667,139.6332389
桜区,35.84946944,139.6284389
桜区,35.84955,139.631375
桜区,35.84968611,139.635475
桜区,35.84968611,139.6293
桜区,35.84970278,139.6366917
桜区,35.849825,139.6221917
桜区,35.84985,139.6204111
桜区,35.84985556,139.6203861
桜区,35.84985833,139.63005
桜区,35.850075,139.6189028
桜区,35.85025556,139.6333611
桜区,35.85025833,139.6381
桜区,35.85030278,139.6273167
桜区,35.85036111,139.6312417
桜区,35.85046583,139.6177444
桜区,35.85070833,139.6194028
桜区,35.85071111,139.6352333
桜区,35.85076667,139.6208139
桜区,35.85088611,139.6363444
桜区,35.85088889,139.6373278
桜区,35.85090611,139.6174411
桜区,35.85096389,139.6220889
桜区,35.850975,139.6302167
桜区,35.850975,139.6216222
桜区,35.851075,139.638925
桜区,35.85112222,139.6223583
桜区,35.85123611,139.6318556
桜区,35.85129,139.6166956
桜区,35.85138611,139.6308889
桜区,35.85141667,139.6276167
桜区,35.85148611,139.6179722
桜区,35.85150556,139.6380889
桜区,35.85152778,139.6122167
桜区,35.85154167,139.6122139
桜区,35.85158333,139.6197222
桜区,35.85169444,139.6215306
桜区,35.85171667,139.6248056
桜区,35.85175278,139.620825
桜区,35.85178889,139.6400611
桜区,35.85190222,139.6161117
桜区,35.85191111,139.6297222
桜区,35.85191944,139.6284194
桜区,35.85197222,139.6346722
桜区,35.85198333,139.6259639
桜区,35.852025,139.6367056
桜区,35.8520975,139.6156692
桜区,35.85214444,139.6359056
桜区,35.85218611,139.6175722
桜区,35.85221389,139.6334694
桜区,35.85223889,139.6228111
桜区,35.85225833,139.6382056
桜区,35.85228333,139.6372972
桜区,35.85236389,139.6272139
桜区,35.85237222,139.6277083
桜区,35.85247222,139.619425
桜区,35.85250278,139.6239556
桜区,35.852525,139.6160139
桜区,35.85261944,139.6283444
桜区,35.85265833,139.6398767
桜区,35.85266667,139.614175
桜区,35.85266667,139.6289139
桜区,35.852675,139.6141806
桜区,35.85267778,139.6304194
桜区,35.85274722,139.6313111
桜区,35.85274722,139.6249139
桜区,35.852825,139.6184139
桜区,35.85283611,139.6169889
桜区,35.852875,139.6204194
桜区,35.85289444,139.6294472
桜区,35.85296389,139.6301056
桜区,35.853,139.6341556
桜区,35.85302222,139.63255
桜区,35.85311944,139.6354
桜区,35.85313056,139.6102722
桜区,35.85313056,139.6306944
桜区,35.85313889,139.6266583
桜区,35.85321944,139.6217861
桜区,35.85323333,139.6368389
桜区,35.85323889,139.6245667
桜区,35.85324167,139.6151389
桜区,35.85324167,139.6151583
桜区,35.85328889,139.6112667
桜区,35.85329167,139.6310944
桜区,35.85354722,139.6205722
桜区,35.853625,139.6232444
桜区,35.853625,139.6285222
桜区,35.85362778,139.6373944
桜区,35.85373333,139.6396194
桜区,35.85374167,139.6301778
桜区,35.85380278,139.6197028
桜区,35.85381111,139.6321306
桜区,35.85382222,139.6144
桜区,35.85383056,139.6104972
桜区,35.85385833,139.6180889
桜区,35.85390278,139.6242917
桜区,35.85390556,139.6328833
桜区,35.85405278,139.6296861
桜区,35.85409444,139.6250361
桜区,35.85411389,139.6314694
桜区,35.85418889,139.6212528
桜区,35.85421389,139.6188944
桜区,35.854225,139.6167028
桜区,35.85423889,139.6338917
桜区,35.85424722,139.6116389
桜区,35.85427778,139.6134361
桜区,35.85435556,139.6332556
桜区,35.8544,139.6225972
桜区,35.85443611,139.6152111
桜区,35.85443889,139.6351028
桜区,35.85446944,139.6266583
桜区,35.85470278,139.6332194
桜区,35.854725,139.6382889
桜区,35.85480833,139.6182889
桜区,35.85481667,139.6366833
桜区,35.85483611,139.6394306
桜区,35.85488333,139.6344222
桜区,35.85491111,139.63035
桜区,35.85491667,139.6293278
桜区,35.85493333,139.6282778
桜区,35.85500278,139.6246194
桜区,35.85510556,139.6170056
桜区,35.85510833,139.6199194
桜区,35.85510833,139.6214611
桜区,35.85518611,139.6370806
桜区,35.85520556,139.6142139
桜区,35.85531389,139.6351639
桜区,35.85533889,139.6227083
桜区,35.85547222,139.6269
桜区,35.85551944,139.6179778
桜区,35.85557389,139.63723
桜区,35.85557778,139.632725
桜区,35.85558889,139.6154556
桜区,35.85559167,139.6040333
桜区,35.85565,139.6192833
桜区,35.855675,139.6339944
桜区,35.85571111,139.6307306
桜区,35.85572222,139.6129417
桜区,35.85584722,139.6279444
桜区,35.855925,139.6317861
桜区,35.85593611,139.6242722
桜区,35.85594722,139.6242722
桜区,35.85596389,139.6053194
桜区,35.85596944,139.6166083
桜区,35.85597778,139.6053639
桜区,35.85603333,139.6289361
桜区,35.85618611,139.6355861
桜区,35.85618611,139.6223306
桜区,35.85627222,139.6343556
桜区,35.856275,139.6258694
桜区,35.85628611,139.614425
桜区,35.85628889,139.6210667
桜区,35.85637222,139.6179
桜区,35.85638889,139.6012972
桜区,35.85640556,139.6013222
桜区,35.856425,139.6163667
桜区,35.85654444,139.6367333
桜区,35.85661389,139.6270972
桜区,35.85670278,139.6025361
桜区,35.85671944,139.623325
桜区,35.85677222,139.6333722
桜区,35.8569,139.6374917
桜区,35.85691111,139.6033
桜区,35.85691667,139.6188
桜区,35.85696667,139.61505
桜区,35.85697778,139.6281861
桜区,35.85699167,139.6357778
桜区,35.85705278,139.6320167
桜区,35.85705278,139.6199611
桜区,35.85709722,139.62565
桜区,35.85714167,139.6071778
桜区,35.85715833,139.6138778
桜区,35.85720833,139.6015667
桜区,35.85721389,139.6293083
桜区,35.85722222,139.634725
桜区,35.85723889,139.6171583
桜区,35.85726389,139.6045972
桜区,35.85728056,139.6003056
桜区,35.85732222,139.6208
桜区,35.8574,139.6218028
桜区,35.85751667,139.6158361
桜区,35.85757222,139.6307306
桜区,35.85760278,139.6329639
桜区,35.85766389,139.6265889
桜区,35.85775556,139.6014611
桜区,35.85779444,139.6228833
桜区,35.85782778,139.6146556
桜区,35.85784444,139.6031639
桜区,35.85785,139.6283667
桜区,35.85785556,139.6021667
桜区,35.85786389,139.5997028
桜区,35.85789722,139.6357556
桜区,35.85790833,139.61645
桜区,35.85795,139.6323167
桜区,35.85798889,139.6233056
桜区,35.85801111,139.6203806
桜区,35.858025,139.6053056
桜区,35.85802778,139.6192611
桜区,35.85805833,139.6128556
桜区,35.85806389,139.6038139
桜区,35.85810278,139.6046528
桜区,35.85813611,139.629575
桜区,35.85815556,139.6330628
桜区,35.85818056,139.6178528
桜区,35.85828889,139.6214056
桜区,35.85831389,139.6338444
桜区,35.85831389,139.6376528
桜区,35.85832778,139.6214028
桜区,35.85835139,139.6329761
桜区,35.85835833,139.6346444
桜区,35.85840833,139.6252183
桜区,35.85844806,139.6262831
桜区,35.85846944,139.6145389
桜区,35.85847222,139.6157639
桜区,35.85856667,139.6225583
桜区,35.85858,139.6345494
桜区,35.85859167,139.6005083
桜区,35.85859722,139.6030667
桜区,35.85865,139.6005056
桜区,35.85866944,139.60125
桜区,35.85867778,139.6066056
桜区,35.858825,139.6367583
桜区,35.85887222,139.626035
桜区,35.85890278,139.6200278
桜区,35.85891667,139.6304222
桜区,35.85891667,139.6128306
桜区,35.85895833,139.6230706
桜区,35.85901389,139.6183056
桜区,35.85904444,139.5988222
桜区,35.85906111,139.6172611
桜区,35.85906389,139.6037889
桜区,35.85915278,139.6278833
桜区,35.85919167,139.5997972
桜区,35.85919444,139.6320417
桜区,35.85919722,139.6030417
桜区,35.85921389,139.6254889
桜区,35.85923472,139.627155
桜区,35.85926944,139.6078306
桜区,35.85936111,139.622225
桜区,35.85943333,139.6214389
桜区,35.85947778,139.6010583
桜区,35.85948333,139.6364611
桜区,35.85948333,139.6010389
桜区,35.85949444,139.6046611
桜区,35.85955,139.6330583
桜区,35.85955833,139.6022083
桜区,35.85959444,139.6294694
桜区,35.85962222,139.6196861
桜区,35.85963333,139.6020667
桜区,35.85965556,139.6152194
桜区,35.85971389,139.6289611
桜区,35.85973889,139.6171056
桜区,35.85976944,139.60715
桜区,35.85986389,139.6185806
桜区,35.85986389,139.6266417
桜区,35.85991111,139.6332111
桜区,35.85999722,139.6339389
桜区,35.86,139.6313861
桜区,35.86001111,139.6004417
桜区,35.86001667,139.6129417
桜区,35.860025,139.6231167
桜区,35.86002778,139.6040361
桜区,35.86006111,139.6253833
桜区,35.86006667,139.5993694
桜区,35.86008056,139.6057889
桜区,35.86008056,139.6068417
桜区,35.86008611,139.6055694
桜区,35.86011667,139.6009472
桜区,35.86013611,139.6144667
桜区,35.86020556,139.6032444
桜区,35.860225,139.6022194
桜区,35.86023333,139.6324722
桜区,35.86025278,139.6085278
桜区,35.86026389,139.6178444
桜区,35.86026944,139.6348167
桜区,35.86029139,139.6306969
桜区,35.86030278,139.6165444
桜区,35.86036111,139.6217944
桜区,35.86039444,139.6238
桜区,35.86040278,139.6319083
桜区,35.86043056,139.6271806
桜区,35.86059167,139.6284194
桜区,35.86070278,139.6325361
桜区,35.86072222,139.6325139
桜区,35.86073333,139.6245361
桜区,35.86073889,139.6335611
桜区,35.86075,139.6205194
桜区,35.86075278,139.6066056
桜区,35.86075833,139.6068222
桜区,35.86076944,139.5997611
桜区,35.86086944,139.6174222
桜区,35.86088056,139.6036083
桜区,35.86090556,139.6190889
桜区,35.86094167,139.6295167
桜区,35.86095833,139.6021694
桜区,35.86096389,139.6227833
桜区,35.86099722,139.6215083
桜区,35.861,139.6157472
桜区,35.86101389,139.6157667
桜区,35.86103056,139.6255222
桜区,35.86103056,139.5986833
桜区,35.86103333,139.620375
桜区,35.86110833,139.6058083
桜区,35.86120278,139.6342639
桜区,35.86131111,139.6146778
桜区,35.86132778,139.6017667
桜区,35.86133611,139.6078111
桜区,35.86137778,139.6076083
桜区,35.86138611,139.6310694
桜区,35.86139167,139.62595
桜区,35.86140278,139.6134306
桜区,35.86140556,139.6007917
桜区,35.86142778,139.5970833
桜区,35.86143333,139.6321444
桜区,35.86146111,139.6213444
桜区,35.86148333,139.5932139
桜区,35.86151389,139.5994194
桜区,35.86151944,139.6250056
桜区,35.86153056,139.6283333
桜区,35.86153056,139.6184417
桜区,35.86153333,139.6331306
桜区,35.86159444,139.6087361
桜区,35.86176111,139.6292417
桜区,35.86176389,139.6236694
桜区,35.861925,139.622275
桜区,35.86199167,139.6022972
桜区,35.86203889,139.6332167
桜区,35.86208889,139.6069139
桜区,35.86211111,139.6097667
桜区,35.86211111,139.6030111
桜区,35.86214444,139.6177694
桜区,35.86218056,139.6129
桜区,35.86221389,139.6165444
桜区,35.86224444,139.6301306
桜区,35.86225833,139.6192611
桜区,35.86226667,139.6006778
桜区,35.86231111,139.5984694
桜区,35.86231667,139.6316694
桜区,35.86232778,139.6055528
桜区,35.86235833,139.6076528
桜区,35.86239722,139.6246222
桜区,35.86239722,139.620375
桜区,35.86253611,139.6136889
桜区,35.86258611,139.6230528
桜区,35.86264167,139.6153833
桜区,35.86268889,139.6269222
桜区,35.86269444,139.6023833
桜区,35.86270556,139.620825
桜区,35.86275,139.603175
桜区,35.86277222,139.6011056
桜区,35.86277778,139.5996083
桜区,35.86279167,139.6293972
桜区,35.86283056,139.6256944
桜区,35.86283889,139.6184278
桜区,35.86288889,139.6244333
桜区,35.86289444,139.6324
桜区,35.86290556,139.6232417
桜区,35.86296389,139.6003028
桜区,35.86298333,139.6076944
桜区,35.86299306,139.6062194
桜区,35.86301389,139.6220972
桜区,35.86302222,139.6288111
桜区,35.86303056,139.5962444
桜区,35.86306111,139.6116056
桜区,35.86310556,139.6198889
桜区,35.86314167,139.61895
桜区,35.86321944,139.6147611
桜区,35.86322222,139.6176194
桜区,35.86326111,139.6084111
桜区,35.86328056,139.6286028
桜区,35.86328889,139.6017417
桜区,35.86339167,139.6095889
桜区,35.86340556,139.6232167
桜区,35.86345833,139.6141222
桜区,35.86346944,139.6026194
桜区,35.86352222,139.6278139
桜区,35.86359167,139.6262056
桜区,35.86371667,139.6153972
桜区,35.86376944,139.6159389
桜区,35.86380278,139.6171528
桜区,35.86381111,139.6106389
桜区,35.86384861,139.6072839
桜区,35.86385833,139.6060194
桜区,35.86389444,139.6268583
桜区,35.86391111,139.6243722
桜区,35.863925,139.6216694
桜区,35.86393889,139.6233472
桜区,35.86395,139.61925
桜区,35.86398333,139.62045
桜区,35.86406111,139.598775
桜区,35.86409167,139.5956639
桜区,35.86413611,139.6085278
桜区,35.86418611,139.5999167
桜区,35.86421111,139.6134806
桜区,35.86424167,139.6111028
桜区,35.86426389,139.5941111
桜区,35.86432222,139.6281639
桜区,35.86433333,139.6050556
桜区,35.86433333,139.6182528
桜区,35.86435278,139.6254417
桜区,35.86438889,139.6099167
桜区,35.86442778,139.6162639
桜区,35.86452778,139.6124722
桜区,35.86465556,139.6262861
桜区,35.86465833,139.6176556
桜区,35.86466667,139.6219722
桜区,35.86473611,139.6226417
桜区,35.86476111,139.6156083
桜区,35.86479722,139.5968944
桜区,35.86480833,139.6249333
桜区,35.86481111,139.5989667
桜区,35.864875,139.6202
桜区,35.86489722,139.6059694
桜区,35.86494722,139.5998806
桜区,35.86496667,139.6272833
桜区,35.86499167,139.6026806
桜区,35.86503889,139.6078861
桜区,35.86511667,139.5959833
桜区,35.86512222,139.6191528
桜区,35.86512778,139.6136583
桜区,35.86518611,139.6150167
桜区,35.86519722,139.6114833
桜区,35.865325,139.6208806
桜区,35.86533889,139.623175
桜区,35.8653625,139.6041972
桜区,35.86536389,139.6214611
桜区,35.86536667,139.5936306
桜区,35.86537222,139.6256278
桜区,35.86538611,139.624825
桜区,35.86543056,139.6266361
桜区,35.86544167,139.6224361
桜区,35.86544167,139.6182611
桜区,35.86545278,139.6141917
桜区,35.86548889,139.6200222
桜区,35.86561944,139.6066139
桜区,35.86563194,139.6082294
桜区,35.86563611,139.5978056
桜区,35.86565,139.5951444
桜区,35.86566111,139.6116889
桜区,35.86569167,139.59925
桜区,35.86569444,139.6215778
桜区,35.86572778,139.6240194
桜区,35.86577778,139.6224444
桜区,35.86582222,139.6045328
桜区,35.86582222,139.6131361
桜区,35.86583333,139.5969111
桜区,35.86586667,139.612375
桜区,35.86603333,139.6190083
桜区,35.86607778,139.6033806
桜区,35.86609306,139.6203783
桜区,35.86611667,139.611475
桜区,35.86613611,139.6018028
桜区,35.86613889,139.6147389
桜区,35.86621667,139.6128306
桜区,35.86625278,139.6174917
桜区,35.866275,139.6007278
桜区,35.86628611,139.6277
桜区,35.86640556,139.6025667
桜区,35.86643056,139.5927806
桜区,35.86645,139.5962361
桜区,35.86655,139.6099667
桜区,35.86666944,139.5937528
桜区,35.86672222,139.5983444
桜区,35.86676389,139.5992611
桜区,35.86681944,139.604075
桜区,35.866825,139.6143417
桜区,35.86682778,139.608975
桜区,35.86694722,139.6207778
桜区,35.86695833,139.6256972
桜区,35.867,139.6083
桜区,35.86701667,139.6277417
桜区,35.86706972,139.6252403
桜区,35.867075,139.6190722
桜区,35.86707778,139.591875
桜区,35.86711111,139.613225
桜区,35.86716944,139.619525
桜区,35.86718056,139.5948444
桜区,35.8672,139.6015306
桜区,35.86724167,139.6038667
桜区,35.86724722,139.5970194
桜区,35.86724722,139.5958083
桜区,35.86729167,139.6066417
桜区,35.8673,139.6025667
桜区,35.86730556,139.5939139
桜区,35.86736667,139.6179194
桜区,35.86738611,139.6276167
桜区,35.86739722,139.6071667
桜区,35.86739722,139.5927139
桜区,35.86744722,139.6071806
桜区,35.867675,139.6056611
桜区,35.867675,139.6113944
桜区,35.86769722,139.6153722
桜区,35.8677,139.6265194
桜区,35.86771111,139.6050417
桜区,35.86775556,139.6179778
桜区,35.86776667,139.6257889
桜区,35.86781111,139.6147972
桜区,35.86785278,139.6045694
桜区,35.86785556,139.6101806
桜区,35.86792222,139.59135
桜区,35.86800278,139.5976639
桜区,35.86803333,139.6137944
桜区,35.86803889,139.620025
桜区,35.86811389,139.5938194
桜区,35.86812222,139.6006889
桜区,35.86816111,139.6269472
桜区,35.86823056,139.6023389
桜区,35.86823056,139.5926889
桜区,35.868275,139.5964861
桜区,35.86828056,139.6166222
桜区,35.86834444,139.6126333
桜区,35.86834722,139.6126472
桜区,35.86835556,139.6074972
桜区,35.86845,139.6173389
桜区,35.86846111,139.6092444
桜区,35.86855556,139.5916028
桜区,35.86857222,139.61065
桜区,35.86879444,139.5983833
桜区,35.86880833,139.6189028
桜区,35.86884722,139.5992417
桜区,35.86891389,139.6167472
桜区,35.86891389,139.5952333
桜区,35.86891944,139.6070917
桜区,35.868925,139.6247583
桜区,35.86892778,139.6142556
桜区,35.86895,139.6071056
桜区,35.86895833,139.5907972
桜区,35.868975,139.5938306
桜区,35.86901944,139.6022583
桜区,35.86902222,139.5920194
桜区,35.86908889,139.5926472
桜区,35.86916389,139.6155083
桜区,35.86918056,139.6051583
桜区,35.86919167,139.6108528
桜区,35.86919167,139.6108778
桜区,35.8692,139.6051722
桜区,35.86922778,139.6131417
桜区,35.86924167,139.6131611
桜区,35.86926667,139.6062028
桜区,35.86928056,139.6062028
桜区,35.86936111,139.6184333
桜区,35.86936111,139.6088556
桜区,35.86938056,139.6088889
桜区,35.86939861,139.5972694
桜区,35.8696,139.6008833
桜区,35.86960556,139.6179389
桜区,35.86963889,139.5991111
桜区,35.86966944,139.6175444
桜区,35.86971111,139.6143778
桜区,35.86973333,139.6107056
桜区,35.86978889,139.6099639
桜区,35.86978889,139.6077472
桜区,35.86979444,139.6099722
桜区,35.86979722,139.6077583
桜区,35.86981667,139.61605
桜区,35.86999167,139.6123111
桜区,35.87,139.6123278
桜区,35.87006944,139.6154278
桜区,35.87021667,139.6002611
桜区,35.87023889,139.6073917
桜区,35.87025278,139.6073833
桜区,35.87026389,139.6170806
桜区,35.87035556,139.6068528
桜区,35.87036667,139.6068556
桜区,35.87039167,139.6092167
桜区,35.87039722,139.6139861
桜区,35.8704,139.6092139
桜区,35.87041944,139.6021306
桜区,35.870425,139.6140278
桜区,35.87044167,139.6191139
桜区,35.87048056,139.6053028
桜区,35.87048056,139.6053222
桜区,35.87056667,139.6166583
桜区,35.87064722,139.6128639
桜区,35.87065833,139.6128778
桜区,35.87078056,139.6106028
桜区,35.87078611,139.6106194
桜区,35.87086944,139.5993144
桜区,35.87088056,139.6029167
桜区,35.87091944,139.6145583
桜区,35.87092778,139.6145694
桜区,35.87099167,139.6089056
桜区,35.87099167,139.6089194
桜区,35.87103611,139.6119028
桜区,35.87104167,139.611925
桜区,35.87106111,139.6006639
桜区,35.87109167,139.6078583
桜区,35.87110278,139.6078361
桜区,35.87127778,139.6156528
桜区,35.87128333,139.6131556
桜区,35.87128611,139.6131111
桜区,35.87129167,139.601575
桜区,35.8713,139.6156944
桜区,35.87131111,139.606625
桜区,35.87132778,139.6066139
桜区,35.87156111,139.6168417
桜区,35.87156111,139.6168417
桜区,35.87174167,139.6146944
桜区,35.87177917,139.6028564
桜区,35.87178333,139.6177639
桜区,35.87179167,139.6178
桜区,35.87180833,139.6098667
桜区,35.87181111,139.6054917
桜区,35.87181389,139.6020533
桜区,35.87182778,139.6098833
桜区,35.87183889,139.6148278
桜区,35.872125,139.6160833
桜区,35.872125,139.6160667
桜区,35.87222778,139.6065333
桜区,35.87225556,139.6083556
桜区,35.87228333,139.6132889
桜区,35.87228611,139.6133278
桜区,35.872375,139.6076944
桜区,35.87241111,139.6170917
桜区,35.87241667,139.6170889
桜区,35.87242222,139.6095583
桜区,35.87243889,139.6120833
桜区,35.87246944,139.6120833
桜区,35.87247778,139.6030361
桜区,35.87255972,139.6019167
桜区,35.87260556,139.6005444
桜区,35.87276389,139.5993639
桜区,35.87280417,139.5977839
桜区,35.87281389,139.6065056
桜区,35.87284722,139.6109583
桜区,35.87285,139.6109889
桜区,35.87293333,139.6056028
桜区,35.87309722,139.6117944
桜区,35.87310833,139.6117972
桜区,35.87323611,139.6131167
桜区,35.87323889,139.6131194
桜区,35.87336389,139.6167306
桜区,35.87336944,139.6166944
桜区,35.87338889,139.6103833
桜区,35.87340278,139.6156278
桜区,35.87343889,139.614225
桜区,35.87345556,139.6142306
桜区,35.87346667,139.6155917
桜区,35.87346944,139.6035167
桜区,35.87350556,139.6068083
桜区,35.87351944,139.6078053
桜区,35.87354167,139.6116
桜区,35.87365833,139.6170056
桜区,35.87371667,139.6169694
桜区,35.873725,139.6106333
桜区,35.873825,139.608925
桜区,35.87396389,139.6093833
桜区,35.87399167,139.6005167
桜区,35.87408333,139.615975
桜区,35.8741,139.6160083
桜区,35.87411944,139.6120167
桜区,35.874125,139.6120333
桜区,35.87432222,139.6099556
桜区,35.87434167,139.6057611
桜区,35.87439167,139.6086667
桜区,35.87440556,139.6042639
桜区,35.87445278,139.6074694
桜区,35.87445556,139.5993778
桜区,35.87452361,139.6031906
桜区,35.87453333,139.6016639
桜区,35.87504167,139.6083694
桜区,35.87514167,139.6030644
桜区,35.87527222,139.6010806
桜区,35.87529444,139.6039972
桜区,35.87529722,139.6019111
桜区,35.87535556,139.6058028
桜区,35.87597778,139.6073861
桜区,35.87599028,139.6037
桜区,35.87599722,139.6018433
桜区,35.87621111,139.6006639
桜区,35.876475,139.6060167
桜区,35.87676667,139.6066028
桜区,35.87751111,139.6071667
桜区,35.87794167,139.6060306
桜区,35.87853056,139.6086667
桜区,35.87864722,139.6103944
桜区,35.87894722,139.6070639
桜区,35.87924167,139.6113139
桜区,35.87924722,139.6076861
桜区,35.8793,139.6090639
桜区,35.87954444,139.6060222
桜区,35.87983611,139.6112167
桜区,35.88009444,139.61195
桜区,35.88024444,139.6066
桜区,35.88024444,139.6103861
桜区,35.88025833,139.6093611
桜区,35.880325,139.6075417
桜区,35.88048056,139.6116694
桜区,35.88115,139.6119917
桜区,35.88120556,139.6098306
桜区,35.88123611,139.6085444
桜区,35.88126944,139.6069917
桜区,35.88136667,139.6108778
桜区,35.88186389,139.6092639
桜区,35.8819,139.6112889
桜区,35.88196389,139.612475
桜区,35.88198056,139.6085306
桜区,35.88217778,139.606975
桜区,35.88218056,139.6103306
桜区,35.88222222,139.6118167
桜区,35.88278889,139.6078444
桜区,35.88279722,139.6078639
桜区,35.88288333,139.6118
桜区,35.88291389,139.6081222
桜区,35.88295556,139.61075
桜区,35.88330833,139.6092028
桜区,35.88385556,139.6075889
桜区,35.88393056,139.6084889
桜区,35.88411528,139.6095292
桜区,35.88474167,139.6075556
桜区,35.88511389,139.608225
浦和区,35.84398333,139.6635528
浦和区,35.84400556,139.6643389
浦和区,35.84410278,139.6621444
浦和区,35.84414722,139.6629222
浦和区,35.84463611,139.6660472
浦和区,35.84495556,139.6615028
浦和区,35.84515556,139.6617944
浦和区,35.845175,139.6640722
浦和区,35.84517778,139.6649444
浦和区,35.84521111,139.6649333
浦和区,35.84526389,139.6626361
浦和区,35.8454,139.6645806
浦和区,35.84566111,139.6660611
浦和区,35.84579444,139.6674583
浦和区,35.8458,139.6674806
浦和区,35.84589444,139.6625972
浦和区,35.84594444,139.6612056
浦和区,35.846275,139.6641278
浦和区,35.84639722,139.6603278
浦和区,35.84648333,139.6658389
浦和区,35.84678056,139.6612944
浦和区,35.8469,139.6602556
浦和区,35.84690278,139.6627722
浦和区,35.84699167,139.6637833
浦和区,35.84709444,139.6648722
浦和区,35.84718333,139.6564
浦和区,35.84718889,139.655175
浦和区,35.84719167,139.6575972
浦和区,35.84719167,139.6539722
浦和区,35.84720833,139.6526028
浦和区,35.84722222,139.6663944
浦和区,35.847325,139.6675667
浦和区,35.84767778,139.6623278
浦和区,35.84769528,139.6596733
浦和区,35.847725,139.6606528
浦和区,35.84777222,139.6584778
浦和区,35.84779167,139.6561111
浦和区,35.84799722,139.6660472
浦和区,35.84801944,139.6682972
浦和区,35.84803889,139.6682694
浦和区,35.84806667,139.6632111
浦和区,35.84821111,139.667325
浦和区,35.848275,139.6673056
浦和区,35.84835833,139.6625
浦和区,35.84835833,139.6541417
浦和区,35.84838056,139.6639639
浦和区,35.84843333,139.6611594
浦和区,35.84844444,139.655325
浦和区,35.84850833,139.6682917
浦和区,35.84855833,139.6648889
浦和区,35.84862222,139.6568722
浦和区,35.84866111,139.6575167
浦和区,35.848675,139.6694694
浦和区,35.84871667,139.6597389
浦和区,35.84881111,139.6660806
浦和区,35.84888056,139.6582528
浦和区,35.849075,139.6641417
浦和区,35.84913333,139.6546778
浦和区,35.84913889,139.6587667
浦和区,35.84918333,139.6566556
浦和区,35.84943611,139.6663806
浦和区,35.84959722,139.6606972
浦和区,35.84960556,139.668
浦和区,35.84966667,139.6697167
浦和区,35.84971111,139.6653833
浦和区,35.84974722,139.6582694
浦和区,35.84976667,139.6565972
浦和区,35.84976944,139.6595667
浦和区,35.84979722,139.6633917
浦和区,35.84981667,139.6617889
浦和区,35.849925,139.6641889
浦和区,35.84992778,139.6582667
浦和区,35.85007778,139.6547028
浦和区,35.85015,139.6691806
浦和区,35.85021667,139.6671472
浦和区,35.850275,139.6650917
浦和区,35.85034444,139.6650972
浦和区,35.85036389,139.6686972
浦和区,35.85040833,139.6625861
浦和区,35.85046667,139.6702861
浦和区,35.85051111,139.660825
浦和区,35.85052778,139.6662667
浦和区,35.85054722,139.6662972
浦和区,35.85059722,139.6582417
浦和区,35.8506175,139.6613556
浦和区,35.85076944,139.6556111
浦和区,35.850775,139.6586472
浦和区,35.85078056,139.6663778
浦和区,35.8508,139.6663833
浦和区,35.85083056,139.6566528
浦和区,35.85088611,139.6642389
浦和区,35.85090278,139.6541333
浦和区,35.85101389,139.6677611
浦和区,35.85105833,139.6580611
浦和区,35.85108056,139.65345
浦和区,35.85116111,139.6625611
浦和区,35.85119722,139.6618417
浦和区,35.85122028,139.6657922
浦和区,35.851225,139.6673722
浦和区,35.85126389,139.6634639
浦和区,35.85130556,139.6602511
浦和区,35.85134722,139.6537083
浦和区,35.85141389,139.6543167
浦和区,35.851475,139.6679639
浦和区,35.85149167,139.6554722
浦和区,35.85165833,139.660975
浦和区,35.85167222,139.6640056
浦和区,35.85168333,139.6564139
浦和区,35.85178611,139.6586194
浦和区,35.85183056,139.6595028
浦和区,35.85192222,139.6663667
浦和区,35.85196111,139.6647889
浦和区,35.85196944,139.661925
浦和区,35.85200556,139.654675
浦和区,35.85204167,139.6579
浦和区,35.852125,139.66115
浦和区,35.85214167,139.6551528
浦和区,35.85219444,139.6623333
浦和区,35.85222222,139.6556389
浦和区,35.85230556,139.6494889
浦和区,35.85246944,139.64975
浦和区,35.85257222,139.6554528
浦和区,35.85258889,139.662875
浦和区,35.85261111,139.6577
浦和区,35.85261667,139.6514056
浦和区,35.85266667,139.6601556
浦和区,35.85268333,139.6637861
浦和区,35.85273333,139.6560056
浦和区,35.85275556,139.6590778
浦和区,35.85276111,139.6484194
浦和区,35.85276667,139.6544306
浦和区,35.85285556,139.66485
浦和区,35.85288611,139.66885
浦和区,35.85289444,139.6653444
浦和区,35.85290833,139.6614028
浦和区,35.85292778,139.667675
浦和区,35.85301111,139.6668528
浦和区,35.85307222,139.6562694
浦和区,35.85326667,139.6530972
浦和区,35.85331389,139.6629417
浦和区,35.85331389,139.6629417
浦和区,35.85332222,139.6514861
浦和区,35.85346806,139.6576589
浦和区,35.85351111,139.6587444
浦和区,35.85351667,139.6642056
浦和区,35.85353889,139.6600389
浦和区,35.85354722,139.647675
浦和区,35.85356944,139.6557861
浦和区,35.85358889,139.6505944
浦和区,35.85363889,139.6493306
浦和区,35.85366944,139.6619833
浦和区,35.85386944,139.6542333
浦和区,35.85393333,139.6562139
浦和区,35.85399167,139.6651889
浦和区,35.85399444,139.6679
浦和区,35.85402222,139.6574417
浦和区,35.85403611,139.655075
浦和区,35.85404444,139.663025
浦和区,35.85405556,139.6630194
浦和区,35.85408056,139.6538806
浦和区,35.85419444,139.6668167
浦和区,35.85427778,139.6635139
浦和区,35.85434167,139.6466139
浦和区,35.85440278,139.6618583
浦和区,35.85446944,139.6475361
浦和区,35.854525,139.6483944
浦和区,35.85455556,139.6503278
浦和区,35.85457778,139.658475
浦和区,35.85458056,139.6622694
浦和区,35.85458333,139.6591806
浦和区,35.85459167,139.6560444
浦和区,35.85463889,139.6606806
浦和区,35.854675,139.6595611
浦和区,35.854675,139.6509194
浦和区,35.85472778,139.6524944
浦和区,35.85480833,139.6573861
浦和区,35.855025,139.6561861
浦和区,35.855025,139.6538694
浦和区,35.85503611,139.6649417
浦和区,35.85506389,139.6634611
浦和区,35.85507222,139.6584528
浦和区,35.85509444,139.653
浦和区,35.85515278,139.6613806
浦和区,35.85515278,139.6679444
浦和区,35.85516389,139.6549806
浦和区,35.85516944,139.6535806
浦和区,35.85519722,139.6444806
浦和区,35.85524722,139.6557417
浦和区,35.85528333,139.6666333
浦和区,35.85531389,139.6462417
浦和区,35.85532222,139.6458389
浦和区,35.85535,139.6684444
浦和区,35.85540833,139.6635917
浦和区,35.85543333,139.6473028
浦和区,35.85544722,139.6592278
浦和区,35.85545278,139.6480139
浦和区,35.855525,139.6569139
浦和区,35.85552778,139.6483278
浦和区,35.85556667,139.6643778
浦和区,35.85558056,139.6492278
浦和区,35.85558333,139.6581806
浦和区,35.85559444,139.6499111
浦和区,35.855675,139.6688556
浦和区,35.85573056,139.6503361
浦和区,35.85575278,139.6513944
浦和区,35.85581389,139.6663167
浦和区,35.85582222,139.6524861
浦和区,35.85583611,139.6645472
浦和区,35.85586667,139.6589
浦和区,35.85591944,139.6535056
浦和区,35.85598889,139.6555583
浦和区,35.85602222,139.6616222
浦和区,35.85603056,139.6598361
浦和区,35.85603611,139.6653694
浦和区,35.85611111,139.6545139
浦和区,35.85612778,139.6464611
浦和区,35.85613889,139.6675361
浦和区,35.85621944,139.6696806
浦和区,35.85626111,139.6455833
浦和区,35.85634444,139.6554028
浦和区,35.85636944,139.660525
浦和区,35.85637222,139.6473083
浦和区,35.85638056,139.6656417
浦和区,35.85641667,139.6629111
浦和区,35.85645833,139.6445528
浦和区,35.85646389,139.6490417
浦和区,35.85648333,139.6681722
浦和区,35.85655278,139.6659722
浦和区,35.856625,139.6568
浦和区,35.85663333,139.6511389
浦和区,35.85666944,139.644075
浦和区,35.85666944,139.6623528
浦和区,35.85667778,139.650075
浦和区,35.85669167,139.6667056
浦和区,35.85670278,139.6527056
浦和区,35.85671389,139.6608028
浦和区,35.85678056,139.6578111
浦和区,35.85678333,139.6641417
浦和区,35.85679722,139.653425
浦和区,35.85684167,139.6436556
浦和区,35.85689167,139.6617917
浦和区,35.85690833,139.6592167
浦和区,35.85692222,139.6688917
浦和区,35.85699444,139.6708361
浦和区,35.85702778,139.6675222
浦和区,35.85703056,139.6670861
浦和区,35.85717778,139.6597583
浦和区,35.85723889,139.6656278
浦和区,35.85727778,139.6519111
浦和区,35.85728056,139.6608744
浦和区,35.85730833,139.6551083
浦和区,35.85736889,139.6678822
浦和区,35.857375,139.6698278
浦和区,35.85739722,139.6451917
浦和区,35.85741667,139.6462028
浦和区,35.85743611,139.6478972
浦和区,35.85747778,139.6631417
浦和区,35.85752778,139.6489944
浦和区,35.85752778,139.6635778
浦和区,35.85756667,139.6601333
浦和区,35.85766667,139.6662472
浦和区,35.85768889,139.6509056
浦和区,35.85773611,139.6532111
浦和区,35.85776389,139.6574889
浦和区,35.85776944,139.669125
浦和区,35.85778611,139.6445333
浦和区,35.85780278,139.6541528
浦和区,35.85781389,139.6562056
浦和区,35.85785,139.6469889
浦和区,35.85785278,139.6671806
浦和区,35.85787222,139.6622583
浦和区,35.857875,139.6555222
浦和区,35.85787778,139.6521722
浦和区,35.85794722,139.6611694
浦和区,35.85797778,139.6584194
浦和区,35.85799722,139.6652556
浦和区,35.85816111,139.6549
浦和区,35.85821111,139.6592444
浦和区,35.85824722,139.6463194
浦和区,35.85830833,139.6449333
浦和区,35.85831111,139.6683417
浦和区,35.85841944,139.6619389
浦和区,35.85843611,139.6561111
浦和区,35.85843889,139.6660167
浦和区,35.85847778,139.663275
浦和区,35.85854167,139.6648722
浦和区,35.85855,139.6604778
浦和区,35.85863333,139.6547472
浦和区,35.85863611,139.6688444
浦和区,35.85869722,139.6496639
浦和区,35.85873611,139.6666917
浦和区,35.85880556,139.6572167
浦和区,35.85884722,139.6526139
浦和区,35.85890833,139.6597778
浦和区,35.85896944,139.6487333
浦和区,35.85898333,139.6607167
浦和区,35.85898611,139.6487556
浦和区,35.85898611,139.64875
浦和区,35.85898611,139.6487861
浦和区,35.859,139.6468417
浦和区,35.85901389,139.6674889
浦和区,35.85905278,139.649975
浦和区,35.85906111,139.6632
浦和区,35.85910278,139.6691861
浦和区,35.85915278,139.6591889
浦和区,35.85915278,139.6459889
浦和区,35.85918056,139.6592694
浦和区,35.85918611,139.6653944
浦和区,35.85918889,139.6518806
浦和区,35.85919167,139.6681611
浦和区,35.85922222,139.6617389
浦和区,35.85922778,139.6557722
浦和区,35.85923611,139.6448361
浦和区,35.85930833,139.6482278
浦和区,35.85934722,139.6642972
浦和区,35.85935,139.6585278
浦和区,35.85936111,139.6585333
浦和区,35.85941667,139.6599333
浦和区,35.859425,139.6496944
浦和区,35.85951667,139.654625
浦和区,35.85956111,139.6690611
浦和区,35.859575,139.6628028
浦和区,35.85957778,139.6627833
浦和区,35.8596,139.6568611
浦和区,35.85960833,139.6660028
浦和区,35.85965556,139.6611806
浦和区,35.85966944,139.6610833
浦和区,35.85971389,139.6611167
浦和区,35.85976944,139.6521694
浦和区,35.85978611,139.6442139
浦和区,35.85985833,139.6555389
浦和区,35.85990278,139.6596167
浦和区,35.86004722,139.6469583
浦和区,35.860175,139.6485444
浦和区,35.86022778,139.6498472
浦和区,35.86028889,139.6509389
浦和区,35.86035,139.6618417
浦和区,35.86035278,139.6453972
浦和区,35.86036389,139.6618278
浦和区,35.860375,139.667875
浦和区,35.86040278,139.6530639
浦和区,35.86041111,139.6578333
浦和区,35.86041667,139.6589417
浦和区,35.86041667,139.6654917
浦和区,35.86043333,139.666425
浦和区,35.86044722,139.6561167
浦和区,35.86045278,139.6543278
浦和区,35.86046944,139.6610139
浦和区,35.86048889,139.6553889
浦和区,35.86055278,139.6635694
浦和区,35.86060278,139.6623417
浦和区,35.86075556,139.659725
浦和区,35.86079167,139.6643167
浦和区,35.86085,139.6565111
浦和区,35.86086944,139.65205
浦和区,35.86099722,139.6514333
浦和区,35.86111389,139.662775
浦和区,35.86112778,139.6672806
浦和区,35.86113611,139.6467722
浦和区,35.86117222,139.6583472
浦和区,35.86120417,139.6686194
浦和区,35.86129722,139.6549861
浦和区,35.861325,139.648125
浦和区,35.86134444,139.6615056
浦和区,35.86136667,139.6677944
浦和区,35.86136944,139.6662583
浦和区,35.86139444,139.6572222
浦和区,35.86143611,139.6494139
浦和区,35.86145278,139.6535194
浦和区,35.861475,139.6508111
浦和区,35.861575,139.6591139
浦和区,35.86164167,139.6460778
浦和区,35.86176111,139.6636611
浦和区,35.8618,139.6555222
浦和区,35.86191944,139.6521111
浦和区,35.86193056,139.6539806
浦和区,35.86196111,139.6671889
浦和区,35.86199167,139.6442056
浦和区,35.86209444,139.646625
浦和区,35.8621,139.6512361
浦和区,35.86215556,139.6580111
浦和区,35.862225,139.6596361
浦和区,35.86224167,139.6483722
浦和区,35.86226111,139.6627944
浦和区,35.86230833,139.6662639
浦和区,35.86230833,139.6546889
浦和区,35.86233611,139.6504028
浦和区,35.86234722,139.6615139
浦和区,35.86235556,139.6534167
浦和区,35.86238889,139.6565694
浦和区,35.86238889,139.6646917
浦和区,35.86240556,139.6682722
浦和区,35.862425,139.6496194
浦和区,35.86245833,139.6641056
浦和区,35.86246111,139.6646389
浦和区,35.86248889,139.6674944
浦和区,35.862575,139.6459694
浦和区,35.86266389,139.6589944
浦和区,35.86279167,139.6658111
浦和区,35.86279444,139.65225
浦和区,35.86294444,139.6571194
浦和区,35.86296667,139.6550528
浦和区,35.86296667,139.6542917
浦和区,35.86300278,139.6489806
浦和区,35.86308056,139.64975
浦和区,35.86308333,139.6460583
浦和区,35.86309167,139.6492417
浦和区,35.86311944,139.6596
浦和区,35.863125,139.66135
浦和区,35.86312778,139.6531694
浦和区,35.86312778,139.6515417
浦和区,35.86318889,139.6581139
浦和区,35.86319167,139.6479389
浦和区,35.86319722,139.6581222
浦和区,35.86320556,139.6465444
浦和区,35.86328056,139.6629417
浦和区,35.8633,139.6491361
浦和区,35.86339167,139.650625
浦和区,35.86340556,139.6671139
浦和区,35.86343056,139.6473389
浦和区,35.86344167,139.6638444
浦和区,35.86344444,139.6531583
浦和区,35.86346944,139.6517583
浦和区,35.86346944,139.6674889
浦和区,35.86348333,139.6660639
浦和区,35.86348889,139.6604972
浦和区,35.86353056,139.656275
浦和区,35.86355,139.6650806
浦和区,35.86357778,139.6620444
浦和区,35.86361667,139.6588611
浦和区,35.863875,139.6521833
浦和区,35.86388333,139.6598861
浦和区,35.86395278,139.6590611
浦和区,35.86399444,139.6577806
浦和区,35.86399722,139.6611917
浦和区,35.86404722,139.6624194
浦和区,35.86411111,139.6510528
浦和区,35.864125,139.6569222
浦和区,35.864125,139.6639944
浦和区,35.86416111,139.6606111
浦和区,35.86421111,139.6659194
浦和区,35.86424444,139.662025
浦和区,35.86427778,139.6672528
浦和区,35.86430278,139.6632111
浦和区,35.86430556,139.6548639
浦和区,35.86433333,139.6582306
浦和区,35.86434167,139.6501667
浦和区,35.86438611,139.6645806
浦和区,35.8645,139.6659083
浦和区,35.86460556,139.6535778
浦和区,35.86462778,139.6596889
浦和区,35.86483333,139.6557889
浦和区,35.86487778,139.6523194
浦和区,35.86494167,139.6459056
浦和区,35.86499167,139.6640444
浦和区,35.86506944,139.6479083
浦和区,35.86508333,139.6672833
浦和区,35.86511667,139.6611111
浦和区,35.86516389,139.665075
浦和区,35.86516667,139.6599778
浦和区,35.86516944,139.6542611
浦和区,35.86523611,139.6514722
浦和区,35.86527222,139.6505556
浦和区,35.86530556,139.6574111
浦和区,35.86533056,139.6491806
浦和区,35.86537222,139.6667361
浦和区,35.86539444,139.6624389
浦和区,35.86545556,139.6545389
浦和区,35.865475,139.6637444
浦和区,35.86559444,139.6564472
浦和区,35.86573056,139.6651333
浦和区,35.86573611,139.6489833
浦和区,35.86576944,139.6583583
浦和区,35.86596944,139.65335
浦和区,35.86601389,139.6638111
浦和区,35.86601944,139.6455278
浦和区,35.86602778,139.6666056
浦和区,35.86603889,139.6499556
浦和区,35.86607778,139.6489028
浦和区,35.86611667,139.66605
浦和区,35.86616389,139.6519167
浦和区,35.86621667,139.6508056
浦和区,35.86622222,139.6544056
浦和区,35.86623611,139.6571056
浦和区,35.86623611,139.6558722
浦和区,35.86646667,139.6630083
浦和区,35.86655278,139.6582361
浦和区,35.86668333,139.6593917
浦和区,35.86675278,139.6494861
浦和区,35.86676111,139.6657444
浦和区,35.86677778,139.6657528
浦和区,35.86683333,139.6485917
浦和区,35.86687222,139.6526222
浦和区,35.86691667,139.6542528
浦和区,35.86693333,139.6570528
浦和区,35.86701389,139.6622083
浦和区,35.86705,139.6666028
浦和区,35.86705,139.6454111
浦和区,35.86708056,139.6635972
浦和区,35.8671,139.6508833
浦和区,35.86715556,139.6517722
浦和区,35.86717222,139.66475
浦和区,35.86721111,139.6667111
浦和区,35.86725,139.6635667
浦和区,35.86725278,139.6692528
浦和区,35.86728056,139.6484861
浦和区,35.86734167,139.6440917
浦和区,35.86734167,139.6594083
浦和区,35.86735556,139.6660583
浦和区,35.86744722,139.6579167
浦和区,35.86751944,139.6554028
浦和区,35.86755,139.6518083
浦和区,35.86756111,139.6497778
浦和区,35.86769722,139.6564028
浦和区,35.86783611,139.6469389
浦和区,35.86786111,139.6500778
浦和区,35.867925,139.6529333
浦和区,35.86792778,139.6546472
浦和区,35.86796389,139.6482833
浦和区,35.86797222,139.6616528
浦和区,35.86806111,139.6658417
浦和区,35.86806389,139.6646306
浦和区,35.86806944,139.6488556
浦和区,35.86810556,139.650675
浦和区,35.86819444,139.6635889
浦和区,35.86820556,139.6425333
浦和区,35.868225,139.6576472
浦和区,35.868275,139.6502722
浦和区,35.86828889,139.6512167
浦和区,35.86830278,139.6473167
浦和区,35.86835,139.6438333
浦和区,35.86842778,139.6593472
浦和区,35.86843889,139.6491833
浦和区,35.86845278,139.645375
浦和区,35.86856667,139.6551472
浦和区,35.86857778,139.6563194
浦和区,35.86859167,139.6527
浦和区,35.86860278,139.6468889
浦和区,35.86860556,139.6608528
浦和区,35.86866389,139.6481306
浦和区,35.86870278,139.6424833
浦和区,35.86871667,139.6505694
浦和区,35.86877222,139.6539139
浦和区,35.86877778,139.6439583
浦和区,35.86882778,139.6627111
浦和区,35.86893889,139.6591417
浦和区,35.86898611,139.6556361
浦和区,35.86899167,139.6487472
浦和区,35.86901944,139.6498167
浦和区,35.869025,139.6433722
浦和区,35.86903611,139.6475389
浦和区,35.86908889,139.6514167
浦和区,35.86910278,139.6445583
浦和区,35.86910833,139.6611111
浦和区,35.86913056,139.6458306
浦和区,35.86919444,139.6643833
浦和区,35.86921389,139.6569333
浦和区,35.86928333,139.6419444
浦和区,35.8693,139.6522472
浦和区,35.86930278,139.6581194
浦和区,35.86934722,139.6502806
浦和区,35.86938889,139.6492694
浦和区,35.86941389,139.6638306
浦和区,35.86941667,139.6453944
浦和区,35.86951111,139.6593083
浦和区,35.86952222,139.6548
浦和区,35.86952778,139.6626139
浦和区,35.86963889,139.6480833
浦和区,35.86970833,139.6535194
浦和区,35.86974722,139.6502222
浦和区,35.869825,139.6460444
浦和区,35.86988333,139.6437556
浦和区,35.86989722,139.6577417
浦和区,35.86994722,139.6606
浦和区,35.86995278,139.6680694
浦和区,35.87003333,139.6632333
浦和区,35.87008611,139.6486639
浦和区,35.87009722,139.6493778
浦和区,35.87014722,139.6652083
浦和区,35.87018333,139.6517056
浦和区,35.87021944,139.6467833
浦和区,35.87025833,139.6555806
浦和区,35.87028056,139.6523444
浦和区,35.87029722,139.6688194
浦和区,35.87036944,139.6497833
浦和区,35.87040556,139.6511167
浦和区,35.87041389,139.6459028
浦和区,35.87042222,139.6426167
浦和区,35.87043889,139.6599194
浦和区,35.87044444,139.6422139
浦和区,35.87045,139.6626194
浦和区,35.870475,139.653675
浦和区,35.87048611,139.6574389
浦和区,35.87049444,139.66695
浦和区,35.87053333,139.6443583
浦和区,35.87053333,139.6503667
浦和区,35.87054167,139.6586667
浦和区,35.87059444,139.6658778
浦和区,35.87060556,139.6680667
浦和区,35.87061944,139.6615333
浦和区,35.87069167,139.6549944
浦和区,35.87069444,139.6635917
浦和区,35.87074167,139.6639556
浦和区,35.87079444,139.648075
浦和区,35.87079722,139.6665056
浦和区,35.87080556,139.6650111
浦和区,35.87086111,139.6694417
浦和区,35.87101944,139.6425778
浦和区,35.87110278,139.662225
浦和区,35.87110278,139.6524556
浦和区,35.87112778,139.6569222
浦和区,35.87119167,139.6709222
浦和区,35.87126389,139.6515528
浦和区,35.87127222,139.6461722
浦和区,35.871275,139.6493056
浦和区,35.8713,139.6453833
浦和区,35.87131111,139.6668722
浦和区,35.87136389,139.6683722
浦和区,35.8714,139.6617611
浦和区,35.87144444,139.6607028
浦和区,35.87144722,139.6475944
浦和区,35.87145556,139.6636333
浦和区,35.87145556,139.659475
浦和区,35.87145556,139.6437333
浦和区,35.87148333,139.6643333
浦和区,35.8715,139.6623722
浦和区,35.87152778,139.6655528
浦和区,35.87156667,139.6530417
浦和区,35.87156944,139.6552361
浦和区,35.87159444,139.6505333
浦和区,35.87159444,139.6552833
浦和区,35.87166111,139.6678944
浦和区,35.87168056,139.6687667
浦和区,35.87168333,139.6666056
浦和区,35.87171111,139.6542833
浦和区,35.87171389,139.6583806
浦和区,35.87171944,139.6699167
浦和区,35.87176667,139.6445583
浦和区,35.87185278,139.66725
浦和区,35.87185556,139.6615222
浦和区,35.87194167,139.6489556
浦和区,35.87197083,139.6570814
浦和区,35.87204028,139.6518544
浦和区,35.87204167,139.6628944
浦和区,35.8721,139.6495694
浦和区,35.87211944,139.6597083
浦和区,35.87215,139.6688139
浦和区,35.87218056,139.6637028
浦和区,35.87220556,139.6549222
浦和区,35.87225556,139.6649167
浦和区,35.87229167,139.6470417
浦和区,35.87232222,139.6616778
浦和区,35.87233611,139.6702167
浦和区,35.87234167,139.666375
浦和区,35.87237222,139.6417639
浦和区,35.87245833,139.6454528
浦和区,35.87249444,139.6524056
浦和区,35.87251667,139.6609083
浦和区,35.872525,139.6690611
浦和区,35.87254722,139.6680222
浦和区,35.87263611,139.6508694
浦和区,35.87265278,139.66585
浦和区,35.87266389,139.6541583
浦和区,35.87271667,139.6565556
浦和区,35.87277778,139.643025
浦和区,35.87278056,139.6586278
浦和区,35.87280833,139.6699028
浦和区,35.87283889,139.6484972
浦和区,35.87296944,139.65005
浦和区,35.87302222,139.6573917
浦和区,35.87305833,139.6443722
浦和区,35.87309722,139.6592139
浦和区,35.87313333,139.6650889
浦和区,35.87313611,139.6551056
浦和区,35.87315556,139.6636083
浦和区,35.87318611,139.6474833
浦和区,35.87323056,139.6625361
浦和区,35.87324167,139.6603639
浦和区,35.87324167,139.6694944
浦和区,35.87338056,139.6531167
浦和区,35.8734,139.6417694
浦和区,35.87354444,139.6599694
浦和区,35.87355833,139.6585389
浦和区,35.87356111,139.67045
浦和区,35.87356667,139.6673917
浦和区,35.87357083,139.6561767
浦和区,35.87358333,139.6489861
浦和区,35.87358889,139.6511528
浦和区,35.87361667,139.648125
浦和区,35.87364444,139.6622694
浦和区,35.87370833,139.6607333
浦和区,35.87372222,139.6463472
浦和区,35.87376667,139.6525528
浦和区,35.87376944,139.6631361
浦和区,35.87386111,139.6431722
浦和区,35.87386389,139.6687861
浦和区,35.87395278,139.6544944
浦和区,35.873975,139.6502444
浦和区,35.87398333,139.6470306
浦和区,35.87406389,139.6702667
浦和区,35.87409444,139.6595111
浦和区,35.87414722,139.6572833
浦和区,35.87421944,139.6658583
浦和区,35.87425833,139.6444833
浦和区,35.87437222,139.6633028
浦和区,35.87439444,139.6591667
浦和区,35.87443611,139.6648694
浦和区,35.87446389,139.6534361
浦和区,35.87448056,139.6518222
浦和区,35.87450278,139.6577833
浦和区,35.87453056,139.6670111
浦和区,35.87456389,139.6601167
浦和区,35.87456944,139.658925
浦和区,35.87461944,139.6476417
浦和区,35.87464167,139.6680417
浦和区,35.87476111,139.6485417
浦和区,35.87484722,139.6497611
浦和区,35.87485833,139.6700806
浦和区,35.87485833,139.6466472
浦和区,35.87496944,139.6504444
浦和区,35.87498611,139.6584083
浦和区,35.87503056,139.6690972
浦和区,35.87504722,139.6457444
浦和区,35.87505278,139.6588389
浦和区,35.87506667,139.6605
浦和区,35.87508889,139.6537611
浦和区,35.87509722,139.6526444
浦和区,35.87510833,139.6572889
浦和区,35.87518611,139.6623861
浦和区,35.87524722,139.6612167
浦和区,35.87526667,139.6631056
浦和区,35.87528611,139.6432639
浦和区,35.87529167,139.6596833
浦和区,35.87531111,139.6643194
浦和区,35.87536389,139.6658278
浦和区,35.87548056,139.6473778
浦和区,35.87553611,139.6514917
浦和区,35.87554722,139.644375
浦和区,35.87567222,139.6581472
浦和区,35.87571111,139.6557667
浦和区,35.87572222,139.6490889
浦和区,35.87572778,139.6580083
浦和区,35.87579444,139.6672583
浦和区,35.87579722,139.6519444
浦和区,35.87581944,139.6700472
浦和区,35.87586111,139.6635806
浦和区,35.87586389,139.6684139
浦和区,35.87602222,139.6478361
浦和区,35.87603889,139.6537944
浦和区,35.87609444,139.6547444
浦和区,35.87609444,139.6506472
浦和区,35.87610278,139.6452583
浦和区,35.87612778,139.6700861
浦和区,35.87614444,139.6602444
浦和区,35.87617222,139.6624528
浦和区,35.87642222,139.6466583
浦和区,35.87648333,139.666
浦和区,35.876525,139.6470056
浦和区,35.87660556,139.6552833
浦和区,35.87661389,139.6610778
浦和区,35.87662222,139.6647861
浦和区,35.87665278,139.6594222
浦和区,35.87666667,139.6496583
浦和区,35.876675,139.6582778
浦和区,35.87671389,139.6636056
浦和区,35.87675,139.6574278
浦和区,35.87676944,139.6559583
浦和区,35.87683889,139.6479528
浦和区,35.87684167,139.6536556
浦和区,35.87693333,139.6508278
浦和区,35.87693889,139.6508417
浦和区,35.87695556,139.6574111
浦和区,35.87697222,139.6697389
浦和区,35.87701111,139.6598778
浦和区,35.87703056,139.6448583
浦和区,35.87703333,139.6448583
浦和区,35.87709722,139.6623361
浦和区,35.8772,139.6669722
浦和区,35.87723333,139.6681194
浦和区,35.87731111,139.6607889
浦和区,35.87744444,139.6560583
浦和区,35.87745556,139.6631306
浦和区,35.87751111,139.6508722
浦和区,35.87751667,139.6653028
浦和区,35.87753333,139.6422056
浦和区,35.87757222,139.6522111
浦和区,35.87758333,139.6463194
浦和区,35.87760556,139.6706056
浦和区,35.87766389,139.6408667
浦和区,35.87772222,139.6579944
浦和区,35.87773611,139.6687333
浦和区,35.87778889,139.6567722
浦和区,35.87778889,139.6566917
浦和区,35.87784722,139.6541639
浦和区,35.877875,139.6477417
浦和区,35.87791389,139.6585083
浦和区,35.87794722,139.6641833
浦和区,35.87804722,139.6565167
浦和区,35.87806111,139.6693722
浦和区,35.87809444,139.6411611
浦和区,35.8781,139.6674861
浦和区,35.878125,139.6593722
浦和区,35.87823333,139.6488556
浦和区,35.87824722,139.6559806
浦和区,35.87828611,139.6661694
浦和区,35.87829722,139.65005
浦和区,35.87830278,139.6457083
浦和区,35.87839444,139.6431333
浦和区,35.8784,139.6442556
浦和区,35.87843056,139.6473806
浦和区,35.87843611,139.6457528
浦和区,35.87846667,139.6716806
浦和区,35.87859444,139.6687861
浦和区,35.87864722,139.6703722
浦和区,35.87865556,139.6612056
浦和区,35.87865833,139.6612306
浦和区,35.878675,139.6571306
浦和区,35.87876389,139.6464361
浦和区,35.87877778,139.6555306
浦和区,35.87882778,139.6646361
浦和区,35.87884722,139.6578278
浦和区,35.87885833,139.6624778
浦和区,35.87887778,139.6513444
浦和区,35.8789,139.6415861
浦和区,35.87890556,139.6675139
浦和区,35.87898333,139.6490083
浦和区,35.87900556,139.6657583
浦和区,35.879025,139.6551778
浦和区,35.87903611,139.6597583
浦和区,35.87911667,139.6532306
浦和区,35.87912222,139.6608389
浦和区,35.87915278,139.6588778
浦和区,35.87916389,139.6715194
浦和区,35.87921389,139.669
浦和区,35.87926944,139.6576167
浦和区,35.87928611,139.6455833
浦和区,35.87932778,139.6495611
浦和区,35.87935,139.6638083
浦和区,35.87941111,139.6700167
浦和区,35.879475,139.6604361
浦和区,35.87948056,139.6481861
浦和区,35.879525,139.6617306
浦和区,35.87968611,139.6710944
浦和区,35.87968889,139.6670222
浦和区,35.879725,139.6527917
浦和区,35.87973889,139.6469722
浦和区,35.87979444,139.6586083
浦和区,35.87981944,139.6443306
浦和区,35.87982222,139.6639778
浦和区,35.87983056,139.6651139
浦和区,35.87983611,139.6443194
浦和区,35.87985833,139.64435
浦和区,35.87989722,139.6555611
浦和区,35.87996111,139.6499417
浦和区,35.88004167,139.6590472
浦和区,35.88010556,139.6543611
浦和区,35.88010833,139.6542306
浦和区,35.88011667,139.6536306
浦和区,35.88011944,139.6660472
浦和区,35.88015,139.6457194
浦和区,35.88015833,139.6481917
浦和区,35.88016111,139.6571333
浦和区,35.88019722,139.6706528
浦和区,35.88031944,139.6512
浦和区,35.880325,139.6592944
浦和区,35.88041389,139.6670111
浦和区,35.88043333,139.6581722
浦和区,35.88045,139.6542528
浦和区,35.880475,139.6548389
浦和区,35.88048611,139.6613889
浦和区,35.88053333,139.6603833
浦和区,35.88053333,139.6564694
浦和区,35.88057222,139.6591778
浦和区,35.88058333,139.6681667
浦和区,35.88059444,139.6475
浦和区,35.88060833,139.6518278
浦和区,35.88060833,139.6463889
浦和区,35.88061667,139.669075
浦和区,35.880675,139.6530611
浦和区,35.880675,139.644975
浦和区,35.88068333,139.6626667
浦和区,35.88071944,139.653175
浦和区,35.880725,139.6659694
浦和区,35.88074722,139.6527389
浦和区,35.88076389,139.6495472
浦和区,35.88079167,139.6430028
浦和区,35.8809,139.6641722
浦和区,35.88090833,139.665025
浦和区,35.88093889,139.6416944
浦和区,35.88098889,139.6599944
浦和区,35.88100833,139.6693917
浦和区,35.88103889,139.6506806
浦和区,35.88105,139.6443028
浦和区,35.88118056,139.6611861
浦和区,35.88121111,139.6435556
浦和区,35.88123611,139.6467778
浦和区,35.8813,139.6521889
浦和区,35.88130556,139.6604833
浦和区,35.88130833,139.6678278
浦和区,35.88131667,139.6588278
浦和区,35.88133611,139.6476306
浦和区,35.88136667,139.6635556
浦和区,35.88136667,139.6665472
浦和区,35.88138333,139.6492306
浦和区,35.88141389,139.6540417
浦和区,35.88146389,139.6549667
浦和区,35.881475,139.6567056
浦和区,35.88151389,139.65605
浦和区,35.88153333,139.6459528
浦和区,35.88156389,139.6516333
浦和区,35.88161111,139.6624472
浦和区,35.881625,139.6554639
浦和区,35.88162778,139.6577083
浦和区,35.88165556,139.6701722
浦和区,35.88169722,139.6609889
浦和区,35.88178611,139.6589944
浦和区,35.88179444,139.669125
浦和区,35.88179722,139.6669583
浦和区,35.88182222,139.6517056
浦和区,35.88188694,139.6444344
浦和区,35.88189444,139.6423694
浦和区,35.88192222,139.6597694
浦和区,35.88196667,139.65257
浦和区,35.88197778,139.6643278
浦和区,35.88201667,139.6433611
浦和区,35.882175,139.6421389
浦和区,35.88218056,139.6590944
浦和区,35.88221111,139.6410806
浦和区,35.88228889,139.6509778
浦和区,35.88229722,139.6465917
浦和区,35.88231667,139.6480194
浦和区,35.88231944,139.6684694
浦和区,35.88233056,139.6515361
浦和区,35.88233333,139.6622694
浦和区,35.88233889,139.6491444
浦和区,35.88234722,139.6428528
浦和区,35.88235833,139.66955
浦和区,35.88246111,139.6453528
浦和区,35.88247778,139.6580944
浦和区,35.88248056,139.6655944
浦和区,35.88251389,139.6609083
浦和区,35.88255556,139.6544889
浦和区,35.88261389,139.6538306
浦和区,35.88267222,139.6445167
浦和区,35.88271667,139.6549778
浦和区,35.88281389,139.6563444
浦和区,35.88281667,139.6679333
浦和区,35.88285278,139.6585556
浦和区,35.88287222,139.6505722
浦和区,35.88288333,139.6428222
浦和区,35.88288333,139.6460667
浦和区,35.88294167,139.6637278
浦和区,35.88299167,139.6470333
浦和区,35.88302222,139.6503056
浦和区,35.88303333,139.6620194
浦和区,35.88305,139.6593722
浦和区,35.88311389,139.6537389
浦和区,35.88312222,139.6653528
浦和区,35.88314444,139.6571889
浦和区,35.88315278,139.6438389
浦和区,35.88316111,139.6415556
浦和区,35.88318056,139.6517833
浦和区,35.88321389,139.6555583
浦和区,35.88323056,139.6422806
浦和区,35.88325,139.6486472
浦和区,35.88325,139.6667694
浦和区,35.88328056,139.6609806
浦和区,35.88329167,139.6531417
浦和区,35.88332778,139.6600472
浦和区,35.88333056,139.6396778
浦和区,35.88340556,139.6396667
浦和区,35.883425,139.6396611
浦和区,35.88346111,139.6681861
浦和区,35.883475,139.6451667
浦和区,35.88348056,139.6684361
浦和区,35.88348611,139.6684222
浦和区,35.88348889,139.6684361
浦和区,35.88348889,139.6684111
浦和区,35.88351667,139.6499056
浦和区,35.88355833,139.6508278
浦和区,35.88358611,139.6648667
浦和区,35.88365833,139.6634167
浦和区,35.88366111,139.6579167
浦和区,35.88366944,139.6508944
浦和区,35.88368056,139.647725
浦和区,35.883725,139.6463167
浦和区,35.88373611,139.643975
浦和区,35.88374167,139.6544444
浦和区,35.88380556,139.6493611
浦和区,35.88384722,139.6624694
浦和区,35.88391667,139.6520806
浦和区,35.88395833,139.660175
浦和区,35.88400278,139.6559917
浦和区,35.88402222,139.6518472
浦和区,35.88404444,139.6532694
浦和区,35.88409167,139.6506444
浦和区,35.88409444,139.6552167
浦和区,35.88416111,139.6459556
浦和区,35.88416111,139.6660417
浦和区,35.88416111,139.657
浦和区,35.88421667,139.6433833
浦和区,35.88427222,139.6480028
浦和区,35.88429444,139.6489861
浦和区,35.88430278,139.6544417
浦和区,35.88430833,139.66725
浦和区,35.88434167,139.6599667
浦和区,35.88437222,139.6448056
浦和区,35.88438889,139.6634306
浦和区,35.88439167,139.6588611
浦和区,35.88440556,139.6365778
浦和区,35.88440833,139.6415056
浦和区,35.88441111,139.6609194
浦和区,35.88441944,139.6619167
浦和区,35.88446111,139.6577333
浦和区,35.884475,139.6365222
浦和区,35.88454722,139.6533111
浦和区,35.88455278,139.6642
浦和区,35.88456389,139.6641861
浦和区,35.88456389,139.6641917
浦和区,35.88466111,139.6389833
浦和区,35.88470833,139.6487472
浦和区,35.88475556,139.6471083
浦和区,35.88481389,139.6520806
浦和区,35.88483611,139.654475
浦和区,35.88485278,139.6656056
浦和区,35.88485556,139.6562944
浦和区,35.88488889,139.666475
浦和区,35.88490833,139.6670306
浦和区,35.88492222,139.6678917
浦和区,35.88500278,139.6427361
浦和区,35.88505,139.6643111
浦和区,35.88509444,139.6572778
浦和区,35.88509722,139.6608194
浦和区,35.88511667,139.6450111
浦和区,35.88512778,139.6499056
浦和区,35.88514167,139.6559167
浦和区,35.88516667,139.6597889
浦和区,35.8852,139.6410444
浦和区,35.88520556,139.6586278
浦和区,35.88521389,139.651225
浦和区,35.885225,139.6619556
浦和区,35.88524444,139.6483278
浦和区,35.88525,139.642775
浦和区,35.88529444,139.6631083
浦和区,35.88531667,139.64275
浦和区,35.88536111,139.6438889
浦和区,35.88537778,139.6419944
浦和区,35.88538333,139.6654056
浦和区,35.88545,139.655125
浦和区,35.88551111,139.6534194
浦和区,35.88556111,139.6517306
浦和区,35.88557222,139.661
浦和区,35.88557222,139.6627667
浦和区,35.88558889,139.6410222
浦和区,35.88559444,139.6595111
浦和区,35.88564167,139.6407194
浦和区,35.88578333,139.6464444
浦和区,35.88578889,139.6584389
浦和区,35.88583333,139.6640556
浦和区,35.88588056,139.6481583
浦和区,35.88591944,139.6618333
浦和区,35.88591944,139.6472722
浦和区,35.885925,139.652325
浦和区,35.88595556,139.6379639
浦和区,35.88606667,139.6371194
浦和区,35.88612222,139.6558556
浦和区,35.88612778,139.6503861
浦和区,35.88613333,139.6665194
浦和区,35.88615,139.6493056
浦和区,35.88621667,139.6423917
浦和区,35.88626389,139.6627583
浦和区,35.88630278,139.6546972
浦和区,35.88633333,139.645025
浦和区,35.88643889,139.6644111
浦和区,35.88647222,139.6590639
浦和区,35.88649722,139.6530444
浦和区,35.88652222,139.6608917
浦和区,35.88655833,139.6512167
浦和区,35.88656389,139.6599667
浦和区,35.88667778,139.6463861
浦和区,35.88679167,139.6522167
浦和区,35.88681944,139.6473361
浦和区,35.88714444,139.6560944
浦和区,35.88718611,139.6507
浦和区,35.88726944,139.6615972
浦和区,35.88736944,139.6551639
浦和区,35.88745833,139.6518472
浦和区,35.88765556,139.6525944
浦和区,35.88767778,139.65225
浦和区,35.88769444,139.6456111
浦和区,35.88779444,139.6510861
浦和区,35.88779722,139.6563111
浦和区,35.88799167,139.6537778
浦和区,35.88837778,139.6554917
浦和区,35.88842778,139.6531806
浦和区,35.8885,139.654775
浦和区,35.88865833,139.6509944
浦和区,35.8887,139.656475
浦和区,35.889025,139.6543444
浦和区,35.88910833,139.6550422
浦和区,35.88916111,139.6500861
浦和区,35.88921944,139.6466333
浦和区,35.88944444,139.6506417
浦和区,35.88950556,139.6571139
浦和区,35.88981944,139.6504111
浦和区,35.89005,139.6564389
浦和区,35.8904,139.657125
浦和区,35.89041667,139.6571361
浦和区,35.89069167,139.6571083
浦和区,35.89081389,139.6517639
浦和区,35.89095833,139.655325
南区,35.82573056,139.6644417
南区,35.82614722,139.6661972
南区,35.82649167,139.6644722
南区,35.82656389,139.6473972
南区,35.82673889,139.6668833
南区,35.82680278,139.6345778
南区,35.82685,139.6486139
南区,35.82699167,139.6652972
南区,35.82726111,139.6463389
南区,35.82737222,139.6472578
南区,35.82738611,139.6643361
南区,35.82742222,139.667025
南区,35.82744722,139.6661806
南区,35.82746667,139.6330917
南区,35.82758056,139.6344444
南区,35.82764722,139.636175
南区,35.82768056,139.6354722
南区,35.827725,139.6481528
南区,35.82780972,139.6639961
南区,35.82788333,139.6471333
南区,35.82801389,139.6455333
南区,35.82802222,139.6655028
南区,35.82803889,139.6391917
南区,35.82808278,139.6330483
南区,35.82811111,139.6663361
南区,35.82812222,139.6659583
南区,35.82816389,139.6322472
南区,35.828275,139.6637167
南区,35.82828889,139.6464611
南区,35.82835833,139.6403056
南区,35.82835833,139.6477333
南区,35.828425,139.6441806
南区,35.82844167,139.6390278
南区,35.82848333,139.6666944
南区,35.82858889,139.635425
南区,35.828625,139.645225
南区,35.82868333,139.6689056
南区,35.82872222,139.6401722
南区,35.82875833,139.6425111
南区,35.82884444,139.6364222
南区,35.82889444,139.6458917
南区,35.82890556,139.632675
南区,35.82895556,139.6653639
南区,35.82913333,139.6695167
南区,35.82914444,139.6338083
南区,35.82915833,139.6496694
南区,35.82928056,139.6472389
南区,35.82928611,139.6485778
南区,35.82929167,139.637475
南区,35.8293,139.6313167
南区,35.82930639,139.6629094
南区,35.82934722,139.6386778
南区,35.8294,139.6650333
南区,35.829425,139.6635528
南区,35.82943056,139.6410778
南区,35.82943889,139.6594111
南区,35.82954167,139.6357417
南区,35.82957222,139.6677944
南区,35.82957778,139.666675
南区,35.8296,139.6666806
南区,35.82963333,139.6464361
南区,35.82968611,139.6691639
南区,35.82978056,139.635075
南区,35.82978889,139.6350778
南区,35.82980556,139.6438917
南区,35.82981667,139.6421778
南区,35.82981944,139.6377639
南区,35.82985833,139.6446417
南区,35.82989722,139.6508889
南区,35.82993056,139.6496444
南区,35.82999444,139.6309528
南区,35.83000833,139.6296667
南区,35.83002778,139.6321806
南区,35.83003611,139.6590139
南区,35.83010556,139.6365528
南区,35.83011667,139.6703194
南区,35.830125,139.6383694
南区,35.83013611,139.6634278
南区,35.83014444,139.6395944
南区,35.83017778,139.6609583
南区,35.83019722,139.6333333
南区,35.830325,139.6644611
南区,35.83036111,139.6794444
南区,35.83036667,139.6627556
南区,35.83041111,139.6370167
南区,35.83042222,139.6600694
南区,35.83045278,139.658175
南区,35.83053611,139.6467778
南区,35.83056667,139.6675472
南区,35.83058056,139.6688194
南区,35.83059167,139.662
南区,35.83062222,139.6407417
南区,35.83064167,139.6524667
南区,35.83064722,139.6666083
南区,35.83065556,139.6306417
南区,35.83069167,139.645375
南区,35.8307,139.6784667
南区,35.83073056,139.6480222
南区,35.83073056,139.6393611
南区,35.83074167,139.6416944
南区,35.83075833,139.6798722
南区,35.8308,139.6780056
南区,35.83081111,139.6381889
南区,35.83086111,139.6505222
南区,35.83092778,139.6360417
南区,35.83095,139.6651278
南区,35.83105278,139.6432889
南区,35.83109722,139.6693133
南区,35.83115556,139.6370222
南区,35.83115833,139.6514583
南区,35.83116944,139.6791528
南区,35.83119444,139.642175
南区,35.83126667,139.6469611
南区,35.83127222,139.6708556
南区,35.83128611,139.6782778
南区,35.83130833,139.6291028
南区,35.83132778,139.6627583
南区,35.83133056,139.6753139
南区,35.83134444,139.6584306
南区,35.83149722,139.6522556
南区,35.83150556,139.6658972
南区,35.83150556,139.6445861
南区,35.83150833,139.6637694
南区,35.83151389,139.6646778
南区,35.83155278,139.6315639
南区,35.83163333,139.6542194
南区,35.83164722,139.6486139
南区,35.83167222,139.6463278
南区,35.83171389,139.6330306
南区,35.83172222,139.6668417
南区,35.831725,139.6384278
南区,35.83174722,139.6532167
南区,35.83176389,139.6408694
南区,35.83180556,139.6475722
南区,35.83180667,139.659365
南区,35.83185278,139.6577917
南区,35.83187222,139.6796083
南区,35.83189722,139.650075
南区,35.83194444,139.6522611
南区,35.83198056,139.6760722
南区,35.83200556,139.6699944
南区,35.83200556,139.6689139
南区,35.83202778,139.6634
南区,35.83209444,139.6396667
南区,35.83214722,139.6428417
南区,35.83215556,139.6359444
南区,35.83218889,139.637875
南区,35.83223611,139.6452333
南区,35.83225833,139.6574361
南区,35.83230278,139.6740861
南区,35.83233889,139.6298806
南区,35.83235,139.6776722
南区,35.83236667,139.6329806
南区,35.83238333,139.6488194
南区,35.83241111,139.6758222
南区,35.83241944,139.6421861
南区,35.83244444,139.6605167
南区,35.83244444,139.6615667
南区,35.83247778,139.6749778
南区,35.83247778,139.6310778
南区,35.83250556,139.6276722
南区,35.83255833,139.660875
南区,35.83257778,139.6666361
南区,35.83263333,139.6593944
南区,35.83263333,139.6499278
南区,35.83263611,139.6674861
南区,35.83264722,139.6659667
南区,35.83265,139.6517889
南区,35.83265,139.6528889
南区,35.83266389,139.6386472
南区,35.83267222,139.6715278
南区,35.83267778,139.6352028
南区,35.83268333,139.6386389
南区,35.83270556,139.6584694
南区,35.83274167,139.6632333
南区,35.83276111,139.6464833
南区,35.83276667,139.6285194
南区,35.83282222,139.6768222
南区,35.83286389,139.6537222
南区,35.83288889,139.6445306
南区,35.83289444,139.6647111
南区,35.83291389,139.6727083
南区,35.83292222,139.6759028
南区,35.83296389,139.641
南区,35.83299167,139.6691167
南区,35.83300278,139.6480722
南区,35.83301111,139.6346389
南区,35.83308056,139.6684194
南区,35.83308333,139.6273917
南区,35.83311667,139.6506972
南区,35.83313056,139.6434528
南区,35.83318056,139.6398417
南区,35.83320556,139.6784472
南区,35.83325278,139.6294722
南区,35.83326111,139.6524306
南区,35.83327778,139.6371306
南区,35.83339167,139.6305917
南区,35.83339722,139.6704917
南区,35.83342778,139.6594722
南区,35.83342778,139.6424333
南区,35.83347778,139.6714556
南区,35.83348333,139.6578222
南区,35.83348333,139.63825
南区,35.83349722,139.6533194
南区,35.83351667,139.6320167
南区,35.83351944,139.6469306
南区,35.83353056,139.6674667
南区,35.83355833,139.6618361
南区,35.83360556,139.6391139
南区,35.83362778,139.6737889
南区,35.83371667,139.6398417
南区,35.83372222,139.63465
南区,35.83379722,139.6544167
南区,35.83381667,139.6634278
南区,35.833825,139.6451056
南区,35.83383056,139.6764417
南区,35.83385556,139.6322
南区,35.83389444,139.6439167
南区,35.83390833,139.6568417
南区,35.83391667,139.63365
南区,35.83392778,139.6659083
南区,35.83393333,139.6411389
南区,35.83395,139.6363167
南区,35.83395556,139.6396639
南区,35.83395556,139.6492389
南区,35.833975,139.6683111
南区,35.833975,139.6316528
南区,35.83402778,139.6755917
南区,35.83405278,139.6699306
南区,35.83406667,139.66685
南区,35.83408889,139.6458333
南区,35.83410278,139.6381417
南区,35.83410833,139.6276139
南区,35.83415556,139.6352694
南区,35.83415833,139.6512056
南区,35.83419167,139.6651167
南区,35.83419444,139.6552028
南区,35.83420833,139.6396083
南区,35.83421111,139.6714389
南区,35.834225,139.6601694
南区,35.83423611,139.67225
南区,35.83426389,139.6290222
南区,35.83428333,139.643325
南区,35.83432222,139.6616778
南区,35.83435,139.6302444
南区,35.83439167,139.6475361
南区,35.83442222,139.6370417
南区,35.83449444,139.6660083
南区,35.83451667,139.6780139
南区,35.83454167,139.632
南区,35.83455,139.6501306
南区,35.83458056,139.6590444
南区,35.83458056,139.6735056
南区,35.83458611,139.6453139
南区,35.83461944,139.6691833
南区,35.83463889,139.6575861
南区,35.83464722,139.6626361
南区,35.83468889,139.6382917
南区,35.8347,139.6422972
南区,35.83476111,139.6761472
南区,35.83476389,139.6357222
南区,35.83478056,139.6745417
南区,35.83481944,139.6673389
南区,35.83481944,139.6715833
南区,35.83484444,139.6471111
南区,35.8349,139.6342806
南区,35.83491111,139.6343056
南区,35.83491667,139.6608972
南区,35.83493889,139.6398028
南区,35.83494722,139.670475
南区,35.83496944,139.6752056
南区,35.83498056,139.630575
南区,35.83498333,139.6559889
南区,35.83500278,139.6440278
南区,35.83508056,139.6486972
南区,35.83509444,139.6653028
南区,35.83511667,139.6740722
南区,35.83511667,139.6425806
南区,35.835125,139.6325972
南区,35.83515,139.6411389
南区,35.83515556,139.6389806
南区,35.83516667,139.6293056
南区,35.835175,139.6446361
南区,35.83518611,139.6629611
南区,35.83518889,139.6769472
南区,35.83520278,139.6685417
南区,35.83531389,139.6362361
南区,35.83531389,139.6458694
南区,35.835325,139.6641167
南区,35.83536389,139.6377444
南区,35.83539167,139.65735
南区,35.835425,139.6399806
南区,35.83542778,139.659925
南区,35.83552222,139.678575
南区,35.83552222,139.6506389
南区,35.835525,139.6673972
南区,35.83553333,139.6696083
南区,35.83555,139.658925
南区,35.83560278,139.6308083
南区,35.83563889,139.6314917
南区,35.83564167,139.6662528
南区,35.83564167,139.6749083
南区,35.83572222,139.6372889
南区,35.83574444,139.6410194
南区,35.83577778,139.66405
南区,35.83580833,139.6704528
南区,35.83583889,139.6485056
南区,35.83584167,139.6561944
南区,35.83584444,139.6724556
南区,35.83585278,139.6632917
南区,35.83593889,139.6681667
南区,35.836025,139.6570972
南区,35.83605833,139.6775472
南区,35.83606944,139.6652639
南区,35.83607222,139.6738167
南区,35.83610833,139.6694389
南区,35.83615,139.6474972
南区,35.83615278,139.6766222
南区,35.83616944,139.6434028
南区,35.83618056,139.6321806
南区,35.83619722,139.6538222
南区,35.8362,139.6419917
南区,35.83620833,139.6483694
南区,35.83623889,139.6673194
南区,35.83624722,139.6549944
南区,35.83626111,139.6598167
南区,35.83630833,139.6467278
南区,35.83631389,139.6755222
南区,35.83637222,139.658475
南区,35.836375,139.6450806
南区,35.83640556,139.6563528
南区,35.83643889,139.6380361
南区,35.83644167,139.6577222
南区,35.83653333,139.6704639
南区,35.83663333,139.6594694
南区,35.83663333,139.6657806
南区,35.83665833,139.6640917
南区,35.83666944,139.6700167
南区,35.83669444,139.6543528
南区,35.83670833,139.6634417
南区,35.83675556,139.6713639
南区,35.83677222,139.65015
南区,35.83678889,139.6687861
南区,35.83682222,139.6394889
南区,35.83682778,139.6481278
南区,35.83683889,139.6529083
南区,35.83686944,139.6472389
南区,35.83687778,139.6644722
南区,35.83689444,139.6725444
南区,35.8369,139.6444806
南区,35.83690833,139.6772778
南区,35.83691389,139.6787167
南区,35.83697222,139.6622861
南区,35.837,139.6734583
南区,35.83703056,139.6609611
南区,35.83705,139.6404972
南区,35.83709167,139.6357722
南区,35.83711944,139.6464556
南区,35.83721389,139.6571972
南区,35.83723056,139.6811667
南区,35.83723889,139.6694583
南区,35.83725833,139.6747306
南区,35.83727222,139.6674167
南区,35.83730833,139.671325
南区,35.83730833,139.6366028
南区,35.83733889,139.6635083
南区,35.83735278,139.6596083
南区,35.83735833,139.6391639
南区,35.83738056,139.6430056
南区,35.83738333,139.655125
南区,35.837425,139.6665333
南区,35.83748611,139.6653056
南区,35.83750833,139.6703333
南区,35.83753611,139.6416417
南区,35.83755361,139.6562061
南区,35.83758611,139.6604917
南区,35.83758611,139.675625
南区,35.8376,139.6377194
南区,35.83765556,139.6742028
南区,35.83766667,139.6643306
南区,35.83769444,139.6625472
南区,35.83774444,139.6588972
南区,35.83775556,139.6612667
南区,35.83777222,139.6437472
南区,35.83781389,139.6454639
南区,35.83789444,139.6635333
南区,35.83792222,139.6777333
南区,35.837925,139.6477361
南区,35.83794722,139.6520417
南区,35.83798611,139.6767167
南区,35.83799167,139.639125
南区,35.83801944,139.6607
南区,35.83804167,139.6711972
南区,35.83811389,139.6802556
南区,35.83812639,139.66751
南区,35.83814167,139.6758222
南区,35.83818333,139.6581861
南区,35.83821111,139.6533694
南区,35.83821667,139.6663889
南区,35.83821944,139.6655472
南区,35.83822222,139.6533694
南区,35.83826111,139.6785833
南区,35.83827222,139.6397778
南区,35.83829167,139.6495889
南区,35.83830278,139.6560694
南区,35.83831111,139.6460139
南区,35.83841389,139.6720028
南区,35.83842778,139.6690083
南区,35.8384675,139.6548703
南区,35.83846944,139.660225
南区,35.83856389,139.6699111
南区,35.83856944,139.6597778
南区,35.83858333,139.6526222
南区,35.83866667,139.6408694
南区,35.838675,139.6576667
南区,35.83871667,139.6502
南区,35.83873611,139.6637056
南区,35.83873889,139.6540361
南区,35.83874722,139.6709528
南区,35.83875,139.6618417
南区,35.83879167,139.6628944
南区,35.83880833,139.6737278
南区,35.83884444,139.6594694
南区,35.83885556,139.6589972
南区,35.83888611,139.6433222
南区,35.83889722,139.6728472
南区,35.83890556,139.6420806
南区,35.83891667,139.676275
南区,35.838925,139.6427333
南区,35.83894444,139.6471806
南区,35.83895556,139.6770111
南区,35.83898333,139.6749083
南区,35.83898333,139.6510972
南区,35.83902778,139.6461361
南区,35.83904444,139.6667583
南区,35.83920556,139.6677083
南区,35.83925278,139.6445611
南区,35.83927222,139.6608778
南区,35.83927222,139.6590167
南区,35.83935,139.6695861
南区,35.83938333,139.6396389
南区,35.83938889,139.6718
南区,35.83948056,139.6567139
南区,35.839525,139.6553278
南区,35.83953889,139.6623611
南区,35.83953889,139.6490861
南区,35.83954722,139.6638306
南区,35.83956944,139.6773194
南区,35.83957778,139.6522972
南区,35.83957778,139.6405639
南区,35.83961111,139.6657317
南区,35.83963333,139.6758528
南区,35.83966667,139.6541561
南区,35.83969167,139.6652333
南区,35.83969722,139.6483972
南区,35.8397,139.6428528
南区,35.83970556,139.6581611
南区,35.83970833,139.6691833
南区,35.83974167,139.6669889
南区,35.83977222,139.6735694
南区,35.83979722,139.6704639
南区,35.83987778,139.6508056
南区,35.83988056,139.6416806
南区,35.83993056,139.6532694
南区,35.83994722,139.6721
南区,35.83995833,139.6783917
南区,35.84000278,139.660025
南区,35.84000556,139.67435
南区,35.84001944,139.6627944
南区,35.84006667,139.6733444
南区,35.84009444,139.6460028
南区,35.84015278,139.6518778
南区,35.84016667,139.6752056
南区,35.84022222,139.6385972
南区,35.84023611,139.6619278
南区,35.84026111,139.6577444
南区,35.84026944,139.6468528
南区,35.84028889,139.6572472
南区,35.84030556,139.6441083
南区,35.84035278,139.6779333
南区,35.84036667,139.676375
南区,35.84036667,139.6555922
南区,35.84041389,139.6394639
南区,35.84045278,139.6611167
南区,35.84046667,139.674975
南区,35.84055278,139.6739278
南区,35.84060833,139.6475722
南区,35.84061111,139.6405806
南区,35.84064444,139.6678222
南区,35.84065278,139.659225
南区,35.84071111,139.6448167
南区,35.84072222,139.6605833
南区,35.84075,139.6714972
南区,35.84079167,139.6674778
南区,35.84081944,139.6484139
南区,35.84082222,139.6418222
南区,35.84083333,139.6429167
南区,35.84083611,139.6657333
南区,35.84090833,139.6545806
南区,35.84095278,139.651625
南区,35.84098889,139.6636361
南区,35.84099722,139.6563611
南区,35.84103889,139.6584778
南区,35.84105278,139.6558278
南区,35.84107778,139.6699056
南区,35.84112778,139.6686333
南区,35.84112778,139.6407861
南区,35.84117778,139.6732278
南区,35.84121944,139.6744028
南区,35.84124167,139.6799139
南区,35.84124722,139.652325
南区,35.84124722,139.6597056
南区,35.84125,139.6609889
南区,35.84127222,139.6623944
南区,35.84138056,139.6498111
南区,35.84140278,139.6787528
南区,35.84141389,139.6735528
南区,35.84143333,139.6398944
南区,35.84143889,139.6461583
南区,35.84155556,139.6620778
南区,35.84155556,139.6486389
南区,35.84157778,139.6763444
南区,35.84159167,139.6714667
南区,35.84161389,139.6747306
南区,35.84164444,139.642975
南区,35.84166667,139.6552361
南区,35.84168889,139.6452833
南区,35.84171667,139.6691278
南区,35.84173611,139.6588028
南区,35.84173611,139.6670194
南区,35.84175278,139.6577694
南区,35.84180556,139.6441944
南区,35.84181111,139.6686722
南区,35.84181667,139.6411389
南区,35.84184167,139.6778278
南区,35.84185,139.6699972
南区,35.84185556,139.6510083
南区,35.84186111,139.648325
南区,35.84186389,139.6677556
南区,35.84187778,139.6801528
南区,35.8419,139.6769278
南区,35.84190278,139.6563694
南区,35.84191667,139.6642083
南区,35.84195556,139.6736083
南区,35.84195639,139.6539767
南区,35.84196667,139.6630972
南区,35.84197778,139.6759972
南区,35.84205417,139.6653728
南区,35.84208056,139.6396056
南区,35.84211944,139.67235
南区,35.84212778,139.66955
南区,35.84215278,139.6796278
南区,35.84216667,139.6548611
南区,35.84216944,139.6730667
南区,35.84230556,139.6555944
南区,35.84231667,139.652125
南区,35.84236389,139.6456111
南区,35.84237778,139.6379667
南区,35.84246111,139.6702944
南区,35.84248056,139.6416472
南区,35.84253889,139.6387167
南区,35.84255556,139.6467528
南区,35.84256111,139.6633694
南区,35.84261389,139.6771861
南区,35.84261667,139.6575167
南区,35.84263056,139.6563333
南区,35.84263611,139.6786083
南区,35.84267222,139.6762056
南区,35.842675,139.6686944
南区,35.842675,139.6479139
南区,35.84267778,139.6403861
南区,35.84268611,139.6479139
南区,35.84270639,139.6429372
南区,35.84273333,139.6591722
南区,35.84275278,139.6531917
南区,35.84281111,139.673475
南区,35.842825,139.667585
南区,35.842825,139.6718444
南区,35.84283611,139.660325
南区,35.84286389,139.6660944
南区,35.84291389,139.6484056
南区,35.84293333,139.6645111
南区,35.84296667,139.6635806
南区,35.84301111,139.6746889
南区,35.84305556,139.6712444
南区,35.84306944,139.6623944
南区,35.84310556,139.6548972
南区,35.84315278,139.6570083
南区,35.84316944,139.6443944
南区,35.843175,139.6384944
南区,35.84319722,139.6498083
南区,35.84324722,139.65825
南区,35.843275,139.6744028
南区,35.84330278,139.6432972
南区,35.84332778,139.6614056
南区,35.84336389,139.6758806
南区,35.84340556,139.6456167
南区,35.84342778,139.6701056
南区,35.84344167,139.6766417
南区,35.843475,139.6793028
南区,35.84348889,139.6539806
南区,35.84349722,139.6507972
南区,35.8435,139.6778361
南区,35.84354722,139.6420972
南区,35.84356944,139.656525
南区,35.84357778,139.6727139
南区,35.84359167,139.6467389
南区,35.84363611,139.6591111
南区,35.84366944,139.6693111
南区,35.84368278,139.6372811
南区,35.84369167,139.6536722
南区,35.84369722,139.6685972
南区,35.84370833,139.652675
南区,35.84372778,139.6475167
南区,35.84373611,139.6660583
南区,35.84374722,139.6551972
南区,35.84374722,139.6654528
南区,35.84374722,139.639425
南区,35.84381389,139.6760556
南区,35.84381667,139.6754167
南区,35.843925,139.6704917
南区,35.84393056,139.6601361
南区,35.84395556,139.6564944
南区,35.84395556,139.6672167
南区,35.84398333,139.6506639
南区,35.84404444,139.6441889
南区,35.84408056,139.6575611
南区,35.8441,139.6379389
南区,35.84410556,139.6409778
南区,35.84415556,139.6735361
南区,35.84419167,139.6501528
南区,35.8442,139.6585639
南区,35.84430278,139.6609194
南区,35.84441111,139.6677806
南区,35.84441944,139.6512861
南区,35.84443056,139.6774194
南区,35.84443056,139.655025
南区,35.84444167,139.6562167
南区,35.84445,139.6527056
南区,35.84449167,139.6746278
南区,35.84449444,139.645375
南区,35.8445,139.6492278
南区,35.84451667,139.6429444
南区,35.84456111,139.6480611
南区,35.84461944,139.6699194
南区,35.84463889,139.6532972
南区,35.84464167,139.6732694
南区,35.84464722,139.6706361
南区,35.84466944,139.6597056
南区,35.844675,139.6659833
南区,35.84468056,139.6928111
南区,35.84470278,139.6462306
南区,35.84471389,139.6388556
南区,35.84475,139.6667417
南区,35.84478889,139.6515833
南区,35.84480278,139.6530528
南区,35.84483083,139.6714989
南区,35.844875,139.6920472
南区,35.84493611,139.6688694
南区,35.84493611,139.6478444
南区,35.84495833,139.6398722
南区,35.84497222,139.6792222
南区,35.84497778,139.6435083
南区,35.845,139.6757306
南区,35.84500833,139.6367972
南区,35.84501667,139.674125
南区,35.84508889,139.691225
南区,35.84509722,139.6502778
南区,35.84515278,139.6443306
南区,35.84516528,139.6421639
南区,35.84518889,139.6938444
南区,35.84519722,139.6375528
南区,35.84521111,139.6763389
南区,35.84524167,139.694925
南区,35.84531111,139.65875
南区,35.84533889,139.6966444
南区,35.84534444,139.6604833
南区,35.84536111,139.6497361
南区,35.84537222,139.6782
南区,35.845375,139.6412806
南区,35.84538611,139.6522361
南区,35.84540833,139.6645444
南区,35.84543611,139.6699778
南区,35.84546389,139.6736028
南区,35.84546389,139.6955611
南区,35.8455,139.6722194
南区,35.84551111,139.6598278
南区,35.84553611,139.6747306
南区,35.84555278,139.6509278
南区,35.845625,139.6676556
南区,35.84566111,139.6489472
南区,35.84568333,139.6526889
南区,35.8457,139.6900472
南区,35.8457,139.6381083
南区,35.84570278,139.6386833
南区,35.84571944,139.6714556
南区,35.84572222,139.6468472
南区,35.84572222,139.6980278
南区,35.84574167,139.6480556
南区,35.84576111,139.6754056
南区,35.84578056,139.6920583
南区,35.84578611,139.6571111
南区,35.84581111,139.6447333
南区,35.84585,139.6401778
南区,35.84591389,139.6685917
南区,35.84603333,139.6934667
南区,35.84604444,139.6432389
南区,35.84605278,139.6960694
南区,35.84607778,139.6778444
南区,35.84608056,139.6900806
南区,35.84608889,139.6728806
南区,35.846125,139.6392639
南区,35.84613611,139.6522778
南区,35.84616389,139.6599083
南区,35.84616389,139.6785917
南区,35.84618333,139.696575
南区,35.84619722,139.6716611
南区,35.84620833,139.6699694
南区,35.84621389,139.6421333
南区,35.84621667,139.6975667
南区,35.84623333,139.6742333
南区,35.84623611,139.6640778
南区,35.84624167,139.6954972
南区,35.84624722,139.6501167
南区,35.846275,139.69265
南区,35.84633611,139.6471111
南区,35.84635833,139.6410889
南区,35.84636944,139.6752
南区,35.846375,139.6582667
南区,35.84640556,139.6374306
南区,35.84649444,139.6966917
南区,35.8465,139.6658472
南区,35.84653889,139.676125
南区,35.84654444,139.6898472
南区,35.84658333,139.6772083
南区,35.84666667,139.6365556
南区,35.84668611,139.6673111
南区,35.84673889,139.6929333
南区,35.84676389,139.6436833
南区,35.84679167,139.6974111
南区,35.84681111,139.6385889
南区,35.84685278,139.69835
南区,35.84688056,139.6873861
南区,35.84688056,139.6965028
南区,35.84693333,139.6426417
南区,35.84696389,139.6400944
南区,35.84697222,139.6461583
南区,35.84697778,139.6746778
南区,35.847025,139.6765917
南区,35.84705833,139.658825
南区,35.84708333,139.692225
南区,35.8471,139.6518694
南区,35.84711111,139.6416528
南区,35.84714167,139.639525
南区,35.84719167,139.6507861
南区,35.8472,139.6893
南区,35.84721111,139.6761333
南区,35.84721667,139.6407111
南区,35.84721944,139.693925
南区,35.84723056,139.6735972
南区,35.84725833,139.6488556
南区,35.84726389,139.685325
南区,35.84726944,139.647625
南区,35.84727222,139.6718361
南区,35.84728889,139.6461361
南区,35.84731389,139.6779694
南区,35.84731667,139.6831861
南区,35.84737778,139.685205
南区,35.847425,139.6451056
南区,35.84742778,139.6888333
南区,35.84745833,139.6706028
南区,35.84751944,139.6901917
南区,35.84752778,139.6765278
南区,35.84752778,139.6382444
南区,35.84754722,139.6858944
南区,35.84754722,139.6877889
南区,35.84759444,139.651425
南区,35.84761389,139.6982444
南区,35.84763056,139.6985917
南区,35.84763611,139.6756528
南区,35.84771111,139.6960056
南区,35.84773333,139.691775
南区,35.84776111,139.6974694
南区,35.847775,139.6870028
南区,35.84781111,139.6692167
南区,35.84783333,139.6429639
南区,35.84785194,139.6371372
南区,35.847875,139.6457806
南区,35.84788333,139.6730361
南区,35.84788889,139.6827889
南区,35.84791667,139.6701694
南区,35.84801111,139.6486389
南区,35.84804444,139.6473861
南区,35.84805833,139.6965528
南区,35.84805833,139.6465611
南区,35.84811111,139.6890861
南区,35.84817222,139.6394139
南区,35.84818611,139.640275
南区,35.84821944,139.6931361
南区,35.84823056,139.6852833
南区,35.84823333,139.6527
南区,35.84823889,139.6412972
南区,35.84824444,139.671575
南区,35.84826111,139.6513083
南区,35.84826667,139.6821778
南区,35.84828056,139.6991722
南区,35.84828889,139.6843917
南区,35.84830278,139.6776556
南区,35.84831667,139.6879639
南区,35.84837222,139.6729083
南区,35.84837778,139.6408444
南区,35.84839444,139.6980139
南区,35.84845,139.6436806
南区,35.84847222,139.6695694
南区,35.84848056,139.6758806
南区,35.84848611,139.6777139
南区,35.84848889,139.6370028
南区,35.84854722,139.6947944
南区,35.84855278,139.63825
南区,35.84855833,139.6747806
南区,35.84858056,139.6456667
南区,35.84860556,139.687875
南区,35.84861667,139.6866528
南区,35.84861944,139.6723361
南区,35.84862778,139.6419972
南区,35.84872222,139.68115
南区,35.84873611,139.6472917
南区,35.84874444,139.6484528
南区,35.84878611,139.6860917
南区,35.8488,139.6730611
南区,35.84880556,139.639325
南区,35.84880833,139.6906611
南区,35.84885,139.6799583
南区,35.84886389,139.6767611
南区,35.84887778,139.6496306
南区,35.84889167,139.6428444
南区,35.84893889,139.6917944
南区,35.84894444,139.6949167
南区,35.84896389,139.6528444
南区,35.84900278,139.6885361
南区,35.84901667,139.6963778
南区,35.84903056,139.6975944
南区,35.84908611,139.6989139
南区,35.84909722,139.6701944
南区,35.84910833,139.6832694
南区,35.849125,139.6936833
南区,35.84913333,139.6376528
南区,35.84914167,139.6712444
南区,35.84922778,139.6521667
南区,35.84924722,139.6869444
南区,35.84925556,139.6785972
南区,35.849275,139.6950722
南区,35.84928611,139.6773167
南区,35.8493,139.65025
南区,35.84930556,139.680675
南区,35.84930833,139.6398167
南区,35.84932222,139.6866444
南区,35.84932778,139.64095
南区,35.84933333,139.6509472
南区,35.84935833,139.6937972
南区,35.84942222,139.6390639
南区,35.84945833,139.6836444
南区,35.84949167,139.698
南区,35.84951111,139.6759611
南区,35.84951111,139.6802778
南区,35.84952778,139.6817444
南区,35.84955,139.6745806
南区,35.84963056,139.6439167
南区,35.84964722,139.6894722
南区,35.84968889,139.6422583
南区,35.84969444,139.6880583
南区,35.84969722,139.6912278
南区,35.84971389,139.6494528
南区,35.84975,139.645175
南区,35.84975833,139.6924556
南区,35.84979167,139.6721028
南区,35.84979444,139.6984028
南区,35.8498,139.6856361
南区,35.84980278,139.6945583
南区,35.84981944,139.6738306
南区,35.84987222,139.6429806
南区,35.8499,139.6530361
南区,35.84991111,139.6991722
南区,35.84991389,139.6465444
南区,35.84995278,139.6510111
南区,35.84996389,139.65045
南区,35.849975,139.6846389
南区,35.85000278,139.6993111
南区,35.85001389,139.6806528
南区,35.85002778,139.6853722
南区,35.85008889,139.6700778
南区,35.85011667,139.6793722
南区,35.85011944,139.6965389
南区,35.85018333,139.6822028
南区,35.85019167,139.6791472
南区,35.85020833,139.6750028
南区,35.85024444,139.6933139
南区,35.85024444,139.6477806
南区,35.85026667,139.6416917
南区,35.85029444,139.6715917
南区,35.85040278,139.6814361
南区,35.85047222,139.6517389
南区,35.85049722,139.6834389
南区,35.85052778,139.677075
南区,35.85059722,139.6904472
南区,35.85062222,139.6728083
南区,35.85066111,139.64895
南区,35.85068333,139.6453944
南区,35.85068611,139.6985694
南区,35.85072222,139.6439167
南区,35.85073333,139.6842722
南区,35.85075556,139.6532278
南区,35.85081944,139.6909
南区,35.85082778,139.6802167
南区,35.85083611,139.6499861
南区,35.85086111,139.6886361
南区,35.85086944,139.6840917
南区,35.85088333,139.6459444
南区,35.85090833,139.6754444
南区,35.85091389,139.6943889
南区,35.850925,139.6949667
南区,35.85093889,139.687075
南区,35.85103333,139.6919083
南区,35.85103611,139.6789694
南区,35.8510625,139.6961544
南区,35.85106389,139.6924583
南区,35.85106667,139.6761667
南区,35.85111667,139.65198
南区,35.85117778,139.6735083
南区,35.85124722,139.6936472
南区,35.85125556,139.6711861
南区,35.85129444,139.6876278
南区,35.85131111,139.6449972
南区,35.85139167,139.6425972
南区,35.851425,139.6893583
南区,35.85145278,139.641575
南区,35.85145556,139.6881111
南区,35.85145833,139.6468222
南区,35.85146667,139.6804556
南区,35.85158056,139.6832611
南区,35.85159722,139.6906583
南区,35.85161667,139.6749167
南区,35.85163333,139.6809306
南区,35.85165278,139.64775
南区,35.85167222,139.6799
南区,35.85171667,139.6819694
南区,35.85174167,139.6877444
南区,35.85174167,139.6511972
南区,35.85175278,139.6979806
南区,35.85175278,139.6485139
南区,35.85183056,139.6926
南区,35.85185278,139.6739139
南区,35.85186667,139.6786
南区,35.85191944,139.6964889
南区,35.85195833,139.6915556
南区,35.85196944,139.6507667
南区,35.852,139.67215
南区,35.85201389,139.6906417
南区,35.85201944,139.6772611
南区,35.85202222,139.6706194
南区,35.852025,139.682775
南区,35.85211111,139.6900028
南区,35.85216222,139.6897514
南区,35.85220528,139.6892089
南区,35.85224722,139.6864278
南区,35.85228333,139.6840639
南区,35.85231944,139.6840694
南区,35.85232778,139.6968056
南区,35.85235833,139.6749056
南区,35.85235833,139.6457306
南区,35.85236667,139.6988889
南区,35.85237917,139.6860406
南区,35.85238611,139.694025
南区,35.85238889,139.6835283
南区,35.85240278,139.6834167
南区,35.85243611,139.6775694
南区,35.85244722,139.6797667
南区,35.85248611,139.6705361
南区,35.85248889,139.6921083
南区,35.85249167,139.6413444
南区,35.85249944,139.6878531
南区,35.85254417,139.6900556
南区,35.85256806,139.6890156
南区,35.85258056,139.6769333
南区,35.85259444,139.690675
南区,35.85260278,139.6824528
南区,35.85266111,139.681275
南区,35.85271389,139.6932806
南区,35.85274028,139.6851106
南区,35.85276667,139.6714639
南区,35.85278889,139.6504722
南区,35.85290278,139.6911611
南区,35.85292583,139.6896889
南区,35.85293611,139.6866056
南区,35.85295,139.6861472
南区,35.85295833,139.6842139
南区,35.85298611,139.6884194
南区,35.85299167,139.6878597
南区,35.85303056,139.7000361
南区,35.853075,139.6981889
南区,35.85309444,139.6740222
南区,35.85313611,139.6852778
南区,35.85317222,139.6835917
南区,35.85320833,139.6769417
南区,35.85320917,139.6831822
南区,35.85326111,139.6920722
南区,35.8533,139.6879417
南区,35.85331389,139.6706528
南区,35.85335,139.6464083
南区,35.85338056,139.6972583
南区,35.85338333,139.6907417
南区,35.85338889,139.6789139
南区,35.85340833,139.6807639
南区,35.85341944,139.6731667
南区,35.85343056,139.6802333
南区,35.85346389,139.6863467
南区,35.85348889,139.6991333
南区,35.85349167,139.6927278
南区,35.85350556,139.6891583
南区,35.85352639,139.6870744
南区,35.85355833,139.6850278
南区,35.85358889,139.6697111
南区,35.85362222,139.6854083
南区,35.85364167,139.6815833
南区,35.85364722,139.6885444
南区,35.85364722,139.6895111
南区,35.85370833,139.697675
南区,35.85374722,139.6781333
南区,35.85375278,139.6798972
南区,35.85379806,139.6858772
南区,35.85386111,139.6839844
南区,35.85386944,139.6864944
南区,35.85391667,139.6410278
南区,35.85392056,139.6836022
南区,35.85392361,139.6875408
南区,35.85400833,139.6458111
南区,35.85405556,139.6697972
南区,35.85409722,139.7002278
南区,35.85413333,139.6927472
南区,35.85416667,139.6810889
南区,35.85417222,139.68562
南区,35.85421389,139.6905306
南区,35.85421389,139.6966639
南区,35.85423056,139.6885278
南区,35.854275,139.6792361
南区,35.85433333,139.6976556
南区,35.85441528,139.68456
南区,35.85448056,139.6834139
南区,35.85451111,139.6982639
南区,35.85451389,139.6704472
南区,35.85454722,139.6809972
南区,35.85458889,139.6954194
南区,35.85464167,139.669525
南区,35.854675,139.6457694
南区,35.85470278,139.70065
南区,35.85480833,139.6770417
南区,35.85493611,139.6407861
南区,35.85494167,139.6784889
南区,35.85497222,139.6944472
南区,35.85502778,139.6801639
南区,35.85503417,139.6844278
南区,35.85507778,139.6891417
南区,35.85508611,139.6713056
南区,35.85508611,139.6433611
南区,35.855125,139.7007528
南区,35.85516667,139.6857806
南区,35.85519167,139.6819111
南区,35.85524722,139.6805528
南区,35.85528056,139.6989861
南区,35.85532222,139.6875972
南区,35.855325,139.6916611
南区,35.85551111,139.6837278
南区,35.85556111,139.6898
南区,35.85558056,139.6932194
南区,35.85558333,139.6763083
南区,35.85561111,139.6958583
南区,35.85561667,139.6405556
南区,35.85567917,139.6851081
南区,35.85569306,139.6845817
南区,35.85573056,139.6979056
南区,35.85581111,139.6771917
南区,35.85584167,139.6879556
南区,35.8559,139.6969333
南区,35.85590833,139.6791472
南区,35.856,139.6998417
南区,35.85601667,139.6922167
南区,35.85603056,139.6989528
南区,35.85603889,139.6817917
南区,35.85605,139.6911972
南区,35.85619722,139.6854361
南区,35.85620833,139.6782583
南区,35.85621667,139.6958111
南区,35.85627778,139.6703722
南区,35.85629722,139.6793444
南区,35.85633056,139.6933472
南区,35.85633611,139.6758111
南区,35.85635,139.6871083
南区,35.85642778,139.686325
南区,35.85643333,139.6974694
南区,35.85649722,139.6720306
南区,35.85652222,139.698925
南区,35.85652778,139.6814056
南区,35.85653889,139.6827972
南区,35.85655556,139.6946944
南区,35.85663056,139.6912056
南区,35.85666667,139.6837056
南区,35.85674722,139.6888139
南区,35.85675278,139.6926833
南区,35.85677778,139.6784639
南区,35.85680278,139.6738972
南区,35.85681111,139.6880833
南区,35.85682222,139.6957056
南区,35.85682222,139.6400806
南区,35.85686667,139.6850583
南区,35.85705833,139.6874194
南区,35.8571,139.6824278
南区,35.85710833,139.685625
南区,35.85713889,139.6798972
南区,35.85714722,139.6894639
南区,35.85716944,139.6816694
南区,35.8572,139.6717028
南区,35.85720278,139.6938917
南区,35.85720833,139.6735833
南区,35.85731667,139.6751056
南区,35.85732778,139.6931056
南区,35.85735,139.6761861
南区,35.85738889,139.6773194
南区,35.85741667,139.6809472
南区,35.857425,139.6902667
南区,35.85743889,139.6916222
南区,35.85745278,139.6902528
南区,35.85745833,139.6911861
南区,35.85752778,139.6960722
南区,35.85755556,139.6834694
南区,35.85773333,139.6889056
南区,35.85776667,139.6979139
南区,35.85777778,139.6843667
南区,35.85795556,139.67315
南区,35.85795556,139.6816028
南区,35.85797222,139.6925333
南区,35.85801111,139.6936611
南区,35.85801389,139.6914611
南区,35.85802361,139.6709433
南区,35.85808056,139.6744722
南区,35.85808333,139.675375
南区,35.85816111,139.689575
南区,35.8582,139.6763833
南区,35.85826389,139.6942722
南区,35.85830833,139.6963472
南区,35.858325,139.6829944
南区,35.85835,139.6865361
南区,35.85837222,139.6759972
南区,35.85838889,139.671725
南区,35.85848333,139.687725
南区,35.85849722,139.6839194
南区,35.85853056,139.6927944
南区,35.85853889,139.685125
南区,35.85861667,139.6821083
南区,35.85868611,139.695375
南区,35.85875833,139.6975778
南区,35.858775,139.6736861
南区,35.85879722,139.6924472
南区,35.8588125,139.6708294
南区,35.858875,139.6804806
南区,35.85892778,139.6974611
南区,35.858975,139.6917528
南区,35.85900556,139.6942583
南区,35.85904722,139.6886806
南区,35.85910278,139.6905633
南区,35.85910833,139.6835556
南区,35.85911667,139.6798556
南区,35.85917222,139.6721
南区,35.85918333,139.6753944
南区,35.85921389,139.6895306
南区,35.85921944,139.6743806
南区,35.859225,139.6824639
南区,35.85923333,139.6961417
南区,35.85936389,139.6735556
南区,35.85945,139.6815361
南区,35.85952222,139.6948694
南区,35.85952778,139.6880806
南区,35.859625,139.6842222
南区,35.85964167,139.6927028
南区,35.85977778,139.6877444
南区,35.85983056,139.6958722
南区,35.85986111,139.6854556
南区,35.85991111,139.6974861
南区,35.85994722,139.6799417
南区,35.86,139.6902806
南区,35.86009167,139.6834028
南区,35.86012778,139.6939806
南区,35.86013333,139.6874583
南区,35.86015833,139.6733861
南区,35.86024444,139.6883056
南区,35.86031389,139.6894778
南区,35.86031389,139.6743222
南区,35.86033611,139.6791417
南区,35.86039444,139.6946694
南区,35.86050278,139.6966056
南区,35.86052222,139.6872139
南区,35.86058056,139.6848167
南区,35.86060556,139.6881778
南区,35.86073333,139.6937444
南区,35.86083056,139.678075
南区,35.86089722,139.6823278
南区,35.8609,139.6812944
南区,35.86095,139.6843833
南区,35.86097778,139.6831417
南区,35.86110556,139.6803361
南区,35.86149167,139.6862861
南区,35.86150833,139.6830444
南区,35.86181667,139.6811222
南区,35.86192222,139.6795889
南区,35.861925,139.6784556
南区,35.86223611,139.6777611
南区,35.86231667,139.6832972
南区,35.86252778,139.6815444
南区,35.86260417,139.6914267
南区,35.86267222,139.6794333
南区,35.86275556,139.684125
南区,35.86294028,139.6850344
南区,35.86344722,139.6833167
緑区,35.85422778,139.7120611
緑区,35.85447778,139.7012728
緑区,35.85494722,139.7022944
緑区,35.85515,139.715175
緑区,35.85521667,139.7119
緑区,35.85535278,139.7135333
緑区,35.85556111,139.7014167
緑区,35.85580139,139.7023328
緑区,35.85617778,139.7135717
緑区,35.85628333,139.7018389
緑区,35.85638611,139.7156389
緑区,35.85642778,139.7000933
緑区,35.85645,139.7104528
緑区,35.85646389,139.712675
緑区,35.85674722,139.7119222
緑区,35.85680556,139.7149917
緑区,35.85684444,139.7022394
緑区,35.85705278,139.7012528
緑区,35.85705278,139.6781139
緑区,35.85722778,139.7003167
緑区,35.85729444,139.7112611
緑区,35.85740694,139.714055
緑区,35.85745556,139.6995472
緑区,35.85748611,139.7123028
緑区,35.85763056,139.6790278
緑区,35.85773611,139.7008694
緑区,35.857825,139.7094417
緑区,35.85785278,139.6768528
緑区,35.85789444,139.6999778
緑区,35.85792639,139.698835
緑区,35.858075,139.7035472
緑区,35.8581,139.7035861
緑区,35.8581375,139.7016256
緑区,35.85825833,139.69955
緑区,35.85830278,139.6795306
緑区,35.85833611,139.7106472
緑区,35.85838889,139.7134417
緑区,35.85843889,139.6699167
緑区,35.85846389,139.7008639
緑区,35.85854722,139.6773167
緑区,35.85855833,139.7095417
緑区,35.85867222,139.7140444
緑区,35.85868611,139.6764556
緑区,35.85871944,139.7051472
緑区,35.85872917,139.7019978
緑区,35.85873611,139.7051833
緑区,35.85874444,139.7019528
緑区,35.858825,139.715825
緑区,35.85883056,139.7116444
緑区,35.85891389,139.6757694
緑区,35.85901667,139.71
緑区,35.859025,139.702875
緑区,35.85905,139.7029306
緑区,35.85907222,139.718175
緑区,35.85909444,139.6985472
緑区,35.85913611,139.6700167
緑区,35.85914167,139.7009689
緑区,35.85915556,139.6783306
緑区,35.85918611,139.7194639
緑区,35.8592,139.70635
緑区,35.85926389,139.7203833
緑区,35.8593,139.7002944
緑区,35.85942917,139.70831
緑区,35.85947778,139.7082472
緑区,35.85953472,139.6997006
緑区,35.85956111,139.6766861
緑区,35.85971806,139.7076639
緑区,35.85971944,139.7045528
緑区,35.85983056,139.6788222
緑区,35.85986667,139.7092833
緑区,35.85987778,139.7022861
緑区,35.85989167,139.7092806
緑区,35.85990278,139.6723967
緑区,35.85990556,139.7022639
緑区,35.85991667,139.6711917
緑区,35.85993611,139.720225
緑区,35.86000278,139.6748006
緑区,35.86011667,139.6756028
緑区,35.86013611,139.7032833
緑区,35.86014167,139.6777389
緑区,35.86015694,139.7032783
緑区,35.86020556,139.6695028
緑区,35.86020833,139.6987444
緑区,35.86023611,139.7003833
緑区,35.86025556,139.7016028
緑区,35.86030278,139.7016417
緑区,35.86030556,139.6701194
緑区,35.86035556,139.7091111
緑区,35.86038056,139.7090972
緑区,35.86043056,139.6689389
緑区,35.86048333,139.6762694
緑区,35.86058889,139.7064639
緑区,35.86060278,139.673925
緑区,35.86065,139.7076639
緑区,35.86065556,139.7076417
緑区,35.86070556,139.7029917
緑区,35.86079444,139.7200556
緑区,35.8608,139.6925639
緑区,35.86089722,139.6745
緑区,35.86090278,139.6962056
緑区,35.86096944,139.6767806
緑区,35.86096944,139.6714917
緑区,35.86103333,139.6913333
緑区,35.86103611,139.6973194
緑区,35.86106944,139.7209611
緑区,35.86115278,139.7022306
緑区,35.86118333,139.7022472
緑区,35.86118611,139.670375
緑区,35.86119167,139.6933333
緑区,35.86122639,139.6738383
緑区,35.86122778,139.6967306
緑区,35.86124444,139.6773694
緑区,35.86125,139.6922222
緑区,35.86128333,139.6724556
緑区,35.8613,139.6995611
緑区,35.86131944,139.69955
緑区,35.86135556,139.691675
緑区,35.86135833,139.6755722
緑区,35.86138611,139.7083389
緑区,35.86140556,139.7083639
緑区,35.86145833,139.6897083
緑区,35.86148056,139.6756611
緑区,35.86152778,139.7055
緑区,35.86155278,139.6957556
緑区,35.86155278,139.7040806
緑区,35.86155278,139.7055056
緑区,35.86156667,139.7040611
緑区,35.86158889,139.6878833
緑区,35.86160833,139.6948111
緑区,35.86163889,139.6773306
緑区,35.86165833,139.7032361
緑区,35.86168056,139.6697278
緑区,35.86168056,139.6685889
緑区,35.86169306,139.7032356
緑区,35.86171667,139.709575
緑区,35.861725,139.6976861
緑区,35.86173056,139.7096056
緑区,35.86176389,139.6743833
緑区,35.86179167,139.6932194
緑区,35.86181111,139.6730694
緑区,35.86188333,139.6692278
緑区,35.86190556,139.7016778
緑区,35.86192222,139.6764056
緑区,35.86194583,139.7017094
緑区,35.86195,139.7065722
緑区,35.86204444,139.6860889
緑区,35.86207222,139.6879444
緑区,35.8622,139.6708194
緑区,35.86221389,139.6870361
緑区,35.86222778,139.6738222
緑区,35.86224722,139.7084083
緑区,35.86225278,139.708425
緑区,35.86225556,139.6730139
緑区,35.86231667,139.6968417
緑区,35.86233333,139.7084333
緑区,35.86233889,139.6946278
緑区,35.86239722,139.6773528
緑区,35.86240278,139.6774056
緑区,35.86241389,139.7009083
緑区,35.86241944,139.7053556
緑区,35.86244167,139.7053611
緑区,35.86244444,139.7008861
緑区,35.86244444,139.7074861
緑区,35.86245556,139.6938528
緑区,35.86248611,139.6758611
緑区,35.86248611,139.6954528
緑区,35.86250278,139.6716222
緑区,35.86252639,139.69867
緑区,35.86252778,139.6969722
緑区,35.86254167,139.6986417
緑区,35.86254306,139.6730061
緑区,35.86259167,139.6931472
緑区,35.86267222,139.6997417
緑区,35.86268611,139.690125
緑区,35.86271944,139.6884028
緑区,35.86273611,139.6997844
緑区,35.86279444,139.6780139
緑区,35.862825,139.7026439
緑区,35.86286111,139.7025944
緑区,35.86294444,139.6705333
緑区,35.86294722,139.6977556
緑区,35.86299444,139.7007889
緑区,35.86300556,139.7008083
緑区,35.86301111,139.6894444
緑区,35.86305278,139.6693389
緑区,35.86308333,139.6766722
緑区,35.86309444,139.6681944
緑区,35.8631,139.6962472
緑区,35.86315833,139.67235
緑区,35.8633,139.6712056
緑区,35.86334722,139.7101444
緑区,35.86336667,139.710125
緑区,35.86337778,139.6947917
緑区,35.86338056,139.706575
緑区,35.86339222,139.6908253
緑区,35.8634,139.6750944
緑区,35.86341389,139.6908194
緑区,35.86342778,139.6722472
緑区,35.86342917,139.6842106
緑区,35.86343333,139.6735444
緑区,35.86343333,139.7065639
緑区,35.86344167,139.7028361
緑区,35.86346111,139.7047083
緑区,35.86349444,139.70175
緑区,35.86350278,139.6795
緑区,35.86350556,139.7079194
緑区,35.86350833,139.7017994
緑区,35.863525,139.7078639
緑区,35.86353056,139.6776139
緑区,35.86365833,139.6935389
緑区,35.86369167,139.6803528
緑区,35.86371389,139.6826778
緑区,35.86371667,139.6978639
緑区,35.86372778,139.6955061
緑区,35.86375833,139.686
緑区,35.86379722,139.6960111
緑区,35.86380556,139.6925
緑区,35.86381111,139.6816389
緑区,35.863925,139.696825
緑区,35.86392778,139.6718222
緑区,35.86393889,139.6873083
緑区,35.863975,139.6913883
緑区,35.86401111,139.6724278
緑区,35.86404444,139.6735667
緑区,35.86404444,139.709075
緑区,35.86406944,139.7091139
緑区,35.86408333,139.7008056
緑区,35.86408333,139.7007972
緑区,35.86413611,139.6682917
緑区,35.86413889,139.6767722
緑区,35.86420278,139.7061611
緑区,35.86427222,139.7041222
緑区,35.86428333,139.6689833
緑区,35.86429444,139.6798694
緑区,35.864425,139.6783806
緑区,35.86443056,139.6679722
緑区,35.86445278,139.68575
緑区,35.86448333,139.6996828
緑区,35.86454722,139.6887361
緑区,35.86455,139.6697222
緑区,35.86455222,139.6950828
緑区,35.86461111,139.6967028
緑区,35.86463056,139.6955139
緑区,35.86464722,139.6839028
緑区,35.86465833,139.6750639
緑区,35.86465833,139.6905333
緑区,35.86469722,139.6737722
緑区,35.86470833,139.6713056
緑区,35.86473333,139.6704444
緑区,35.86476667,139.6970694
緑区,35.86476667,139.7074028
緑区,35.86478611,139.7074028
緑区,35.86483889,139.701775
緑区,35.86489444,139.6687083
緑区,35.8649325,139.6791903
緑区,35.86495833,139.708575
緑区,35.86496667,139.6919722
緑区,35.86497222,139.7085861
緑区,35.86498333,139.6775972
緑区,35.86509722,139.7034833
緑区,35.86510556,139.6746111
緑区,35.86514722,139.6960694
緑区,35.86515556,139.6726833
緑区,35.86520278,139.6697667
緑区,35.86521806,139.6788714
緑区,35.86521944,139.6952833
緑区,35.86528333,139.702475
緑区,35.86528611,139.6903639
緑区,35.86530278,139.7055222
緑区,35.86531111,139.693925
緑区,35.86535278,139.6716472
緑区,35.86537222,139.7098306
緑区,35.86538611,139.6840806
緑区,35.86541667,139.7098889
緑区,35.86542139,139.6833892
緑区,35.86544444,139.6771194
緑区,35.86545,139.6799361
緑区,35.86548056,139.704125
緑区,35.86562778,139.6947694
緑区,35.86573056,139.6860083
緑区,35.86573833,139.6844364
緑区,35.86578056,139.7068167
緑区,35.8658,139.6694722
緑区,35.86581944,139.6759889
緑区,35.86584444,139.6912417
緑区,35.86585833,139.7067806
緑区,35.86586944,139.6739972
緑区,35.86587222,139.6681528
緑区,35.86595833,139.695725
緑区,35.86602222,139.6725556
緑区,35.86602778,139.6973417
緑区,35.86604722,139.6821694
緑区,35.86608333,139.6868528
緑区,35.86611944,139.6774944
緑区,35.86615,139.6683167
緑区,35.866175,139.6963278
緑区,35.86618611,139.6702556
緑区,35.86619722,139.6938861
緑区,35.86619722,139.6836611
緑区,35.86624167,139.6903167
緑区,35.86626111,139.7003778
緑区,35.86629444,139.6896528
緑区,35.86630556,139.7087556
緑区,35.86630833,139.6793139
緑区,35.86633333,139.7087611
緑区,35.866375,139.6878556
緑区,35.86646667,139.6946778
緑区,35.86650278,139.7053694
緑区,35.86651667,139.6811
緑区,35.86656111,139.6752917
緑区,35.86656667,139.6954167
緑区,35.86657222,139.6937667
緑区,35.86659722,139.7023167
緑区,35.86660833,139.7052222
緑区,35.86666111,139.6713556
緑区,35.86666667,139.7022972
緑区,35.86668056,139.6735528
緑区,35.86668333,139.6926
緑区,35.86673611,139.6691833
緑区,35.86676111,139.6696639
緑区,35.86678056,139.6984889
緑区,35.86683056,139.7013639
緑区,35.86685278,139.6913917
緑区,35.86687222,139.703925
緑区,35.86687778,139.6834756
緑区,35.86690278,139.7039111
緑区,35.86691111,139.6764639
緑区,35.866975,139.6743028
緑区,35.86700556,139.7059528
緑区,35.86701944,139.694425
緑区,35.86703889,139.7059944
緑区,35.86704444,139.6944472
緑区,35.867075,139.7073667
緑区,35.86708056,139.6822833
緑区,35.86708333,139.6775083
緑区,35.86710833,139.7073389
緑区,35.86711111,139.6868389
緑区,35.86715,139.672425
緑区,35.86715833,139.6959111
緑区,35.86724444,139.6859694
緑区,35.8673,139.6707
緑区,35.86731944,139.6754528
緑区,35.86733611,139.6791722
緑区,35.86738056,139.6703056
緑区,35.86738333,139.6899556
緑区,35.86739722,139.6880556
緑区,35.86744444,139.7086667
緑区,35.86745278,139.7086722
緑区,35.86747778,139.6999972
緑区,35.86748056,139.6906722
緑区,35.86750278,139.6999944
緑区,35.86750556,139.699975
緑区,35.86754167,139.6907389
緑区,35.86755556,139.6980444
緑区,35.86762778,139.7102
緑区,35.86763889,139.7102028
緑区,35.867675,139.681125
緑区,35.86768333,139.6837278
緑区,35.86773056,139.6820722
緑区,35.86773611,139.6847083
緑区,35.86773972,139.6830472
緑区,35.86778056,139.6888083
緑区,35.86778611,139.6938139
緑区,35.86779167,139.6739139
緑区,35.86779444,139.6764972
緑区,35.86779722,139.7024472
緑区,35.86781944,139.6947472
緑区,35.86788889,139.6714639
緑区,35.86793333,139.6878583
緑区,35.86794167,139.6721972
緑区,35.86795833,139.6922472
緑区,35.86796111,139.7074861
緑区,35.86800278,139.7054917
緑区,35.86800278,139.7054889
緑区,35.86801944,139.6892611
緑区,35.86803056,139.7075167
緑区,35.86818889,139.7039167
緑区,35.86822222,139.6758361
緑区,35.86823056,139.7088278
緑区,35.86823333,139.6815389
緑区,35.86823889,139.7088139
緑区,35.86826944,139.6789
緑区,35.868275,139.6779944
緑区,35.86828889,139.7105722
緑区,35.86829722,139.7105306
緑区,35.86835,139.6859167
緑区,35.86840833,139.6785778
緑区,35.86840833,139.6912222
緑区,35.86842778,139.6748778
緑区,35.86845,139.6855778
緑区,35.86845833,139.6926556
緑区,35.86847222,139.7013361
緑区,35.86847639,139.7397522
緑区,35.86848611,139.6825611
緑区,35.8685,139.6831806
緑区,35.86850556,139.683175
緑区,35.86850833,139.6831806
緑区,35.86850833,139.6831806
緑区,35.86851111,139.6831806
緑区,35.86851944,139.6831639
緑区,35.86852222,139.6831639
緑区,35.86852778,139.6795861
緑区,35.86853611,139.6704639
緑区,35.86853889,139.7026056
緑区,35.86854167,139.7068333
緑区,35.86854444,139.68315
緑区,35.86857222,139.7068417
緑区,35.86863333,139.6841139
緑区,35.86863611,139.7101528
緑区,35.86863611,139.7101333
緑区,35.86863889,139.6737972
緑区,35.86865278,139.6979417
緑区,35.86867222,139.69795
緑区,35.868675,139.6959972
緑区,35.86869722,139.6993083
緑区,35.86869722,139.6981
緑区,35.86870556,139.6981056
緑区,35.86870833,139.6935583
緑区,35.86871667,139.7006528
緑区,35.86872222,139.6798694
緑区,35.86875694,139.7048811
緑区,35.86876667,139.6870722
緑区,35.86876944,139.6870833
緑区,35.86877222,139.6964028
緑区,35.86878889,139.6977222
緑区,35.86879306,139.7411083
緑区,35.86881389,139.6765556
緑区,35.86881667,139.6955722
緑区,35.86882222,139.6947694
緑区,35.86884167,139.6813833
緑区,35.86899444,139.6859028
緑区,35.869,139.6827833
緑区,35.86902222,139.6775556
緑区,35.86903056,139.6876611
緑区,35.86903056,139.704625
緑区,35.86911111,139.6710556
緑区,35.86911667,139.7388583
緑区,35.86913333,139.7032111
緑区,35.86914167,139.6847861
緑区,35.86916111,139.6761167
緑区,35.86918056,139.6957528
緑区,35.86918083,139.6966492
緑区,35.86920278,139.6950028
緑区,35.86920833,139.6739028
緑区,35.86922222,139.6808917
緑区,35.86922778,139.6842611
緑区,35.86924167,139.7009
緑区,35.86931667,139.708325
緑区,35.86931694,139.6992667
緑区,35.86932222,139.7062667
緑区,35.86932222,139.7019917
緑区,35.869325,139.7062694
緑区,35.86933889,139.6978528
緑区,35.86934167,139.6896361
緑区,35.86937222,139.694725
緑区,35.86937778,139.7402556
緑区,35.86938889,139.7072556
緑区,35.86939722,139.7418306
緑区,35.8694,139.692
緑区,35.86942222,139.7082722
緑区,35.869425,139.7072639
緑区,35.86944722,139.7422278
緑区,35.86946111,139.696425
緑区,35.86947222,139.67575
緑区,35.86948056,139.709625
緑区,35.86948611,139.7026639
緑区,35.86951944,139.7426944
緑区,35.86955556,139.709625
緑区,35.869575,139.7402833
緑区,35.86960833,139.7408472
緑区,35.86961111,139.6782389
緑区,35.86963333,139.699755
緑区,35.86965833,139.6940639
緑区,35.86966944,139.6822028
緑区,35.86968889,139.7018417
緑区,35.86969778,139.6957017
緑区,35.86970833,139.6850972
緑区,35.869725,139.6976278
緑区,35.86976111,139.6795583
緑区,35.86976944,139.6745861
緑区,35.86977778,139.6767111
緑区,35.86981667,139.6970722
緑区,35.86985833,139.7004528
緑区,35.86986389,139.6983533
緑区,35.86994722,139.6912583
緑区,35.86996389,139.6780333
緑区,35.86998056,139.6928028
緑区,35.87000278,139.7387139
緑区,35.87000833,139.7057583
緑区,35.870025,139.6949889
緑区,35.87003056,139.7058167
緑区,35.87003611,139.6965389
緑区,35.87006056,139.7045017
緑区,35.87006667,139.6942917
緑区,35.870075,139.6888389
緑区,35.870075,139.7036028
緑区,35.87008056,139.7035944
緑区,35.87008611,139.6965167
緑区,35.87008889,139.6773194
緑区,35.87010556,139.6877444
緑区,35.87011389,139.694425
緑区,35.87012778,139.6866833
緑区,35.87013056,139.7410778
緑区,35.87013889,139.6831194
緑区,35.87014306,139.6711167
緑区,35.87018056,139.7011389
緑区,35.87023,139.6991233
緑区,35.87023333,139.7077833
緑区,35.87023611,139.6732833
緑区,35.87024444,139.6783806
緑区,35.87025278,139.7077833
緑区,35.87025556,139.6974
緑区,35.87026111,139.6801556
緑区,35.87031944,139.74205
緑区,35.87036667,139.671625
緑区,35.870375,139.6958361
緑区,35.87038333,139.740025
緑区,35.87042333,139.6983958
緑区,35.87043333,139.7010917
緑区,35.87046667,139.6797556
緑区,35.87046667,139.6977194
緑区,35.87046667,139.6977528
緑区,35.87051111,139.6951417
緑区,35.87051944,139.6840278
緑区,35.87053611,139.6820278
緑区,35.87055833,139.6969111
緑区,35.870625,139.742125
緑区,35.87062778,139.7067
緑区,35.87064722,139.7067111
緑区,35.87065,139.6940722
緑区,35.87066111,139.6995722
緑区,35.87067778,139.7050278
緑区,35.87067778,139.70505
緑区,35.87069167,139.6745667
緑区,35.8707,139.6920944
緑区,35.87072778,139.6755083
緑区,35.87080278,139.6971694
緑区,35.87083056,139.6818056
緑区,35.87084167,139.6723694
緑区,35.87096389,139.7396694
緑区,35.87097778,139.7095417
緑区,35.87098556,139.7051433
緑区,35.87101111,139.6764278
緑区,35.87102222,139.7051806
緑区,35.87104722,139.7095278
緑区,35.87104722,139.7002667
緑区,35.87106111,139.7046583
緑区,35.87107222,139.6774444
緑区,35.871075,139.702775
緑区,35.87107778,139.7084917
緑区,35.87107778,139.6967139
緑区,35.87109722,139.7085056
緑区,35.87113889,139.6832639
緑区,35.87116667,139.7038667
緑区,35.87117222,139.6838361
緑区,35.87119722,139.6887833
緑区,35.8712,139.7062556
緑区,35.87121111,139.7062556
緑区,35.87121944,139.7397361
緑区,35.87123611,139.7003139
緑区,35.87124722,139.6977139
緑区,35.87125556,139.6855111
緑区,35.87126111,139.6788639
緑区,35.87130833,139.6805083
緑区,35.87143889,139.7059083
緑区,35.87146389,139.6988667
緑区,35.87151944,139.7016333
緑区,35.87151944,139.6947361
緑区,35.87156111,139.7007111
緑区,35.87156389,139.6861611
緑区,35.87163333,139.7042722
緑区,35.87163889,139.707575
緑区,35.87165556,139.7076
緑区,35.87165833,139.6741306
緑区,35.87166389,139.6835972
緑区,35.87167222,139.7086
緑区,35.871675,139.6912167
緑区,35.871675,139.6843944
緑区,35.87168333,139.7086111
緑区,35.87173889,139.6933583
緑区,35.87176111,139.7064889
緑区,35.87176389,139.7065083
緑区,35.87180556,139.6990889
緑区,35.87180833,139.6816639
緑区,35.87181944,139.6766139
緑区,35.87182222,139.7045972
緑区,35.87186389,139.7393556
緑区,35.87190278,139.6790694
緑区,35.87191111,139.6956528
緑区,35.87201806,139.7405617
緑区,35.87202222,139.7393889
緑区,35.87205,139.6746667
緑区,35.87206389,139.7394361
緑区,35.87208889,139.6994889
緑区,35.87210833,139.7069417
緑区,35.87221389,139.6771417
緑区,35.87221667,139.6978639
緑区,35.87221944,139.6755556
緑区,35.87224722,139.6902694
緑区,35.87225,139.7039389
緑区,35.87229167,139.6856222
緑区,35.87231389,139.6778528
緑区,35.87231667,139.7428972
緑区,35.87235833,139.6826083
緑区,35.87238611,139.6931583
緑区,35.87240278,139.6966139
緑区,35.87242222,139.7415778
緑区,35.87243056,139.7417028
緑区,35.87254722,139.7053639
緑区,35.87256111,139.7011806
緑区,35.87256667,139.6811694
緑区,35.87258056,139.6763167
緑区,35.87259444,139.6940556
緑区,35.87261667,139.6940972
緑区,35.87264722,139.6856889
緑区,35.87266111,139.6843444
緑区,35.872675,139.680075
緑区,35.87270278,139.6786611
緑区,35.87274444,139.6922833
緑区,35.87277778,139.6875778
緑区,35.87279167,139.695
緑区,35.87280278,139.6900278
緑区,35.87282778,139.7399667
緑区,35.87285,139.7388417
緑区,35.87286389,139.7436361
緑区,35.87288333,139.6890861
緑区,35.87290833,139.6717694
緑区,35.87291111,139.6890167
緑区,35.87294306,139.6986244
緑区,35.87294444,139.7045889
緑区,35.87295278,139.7389944
緑区,35.87295556,139.70515
緑区,35.87297222,139.6739639
緑区,35.87297222,139.7389889
緑区,35.87303056,139.703025
緑区,35.87307222,139.6912667
緑区,35.87308333,139.6993778
緑区,35.87309167,139.7422833
緑区,35.87309444,139.6872167
緑区,35.87310278,139.6756083
緑区,35.87310278,139.697425
緑区,35.87310278,139.6959861
緑区,35.87317222,139.7010222
緑区,35.873175,139.679275
緑区,35.873225,139.7059472
緑区,35.87325278,139.6770861
緑区,35.87329167,139.698025
緑区,35.8733,139.7373056
緑区,35.87330556,139.7008239
緑区,35.87333611,139.7411889
緑区,35.87338333,139.6872778
緑区,35.87339167,139.6858389
緑区,35.87339722,139.7017306
緑区,35.87343889,139.6933583
緑区,35.87351667,139.6831333
緑区,35.87352222,139.6955222
緑区,35.873525,139.7048528
緑区,35.87353056,139.6922028
緑区,35.87355833,139.6881028
緑区,35.87356944,139.7383361
緑区,35.87356944,139.6958389
緑区,35.873625,139.7264972
緑区,35.87367361,139.6979106
緑区,35.87369167,139.6941194
緑区,35.87369444,139.6941389
緑区,35.87369722,139.6941111
緑区,35.87371389,139.6914111
緑区,35.87372222,139.6941222
緑区,35.87375556,139.73925
緑区,35.87376667,139.7392944
緑区,35.87383611,139.7029028
緑区,35.87384444,139.6878583
緑区,35.87388889,139.7034333
緑区,35.87391667,139.6738167
緑区,35.87393611,139.6711722
緑区,35.87393611,139.6711722
緑区,35.87394722,139.6778028
緑区,35.873975,139.6726833
緑区,35.87398333,139.7046333
緑区,35.87400833,139.7382328
緑区,35.87401667,139.6745528
緑区,35.87401944,139.6917722
緑区,35.874025,139.72805
緑区,35.87403333,139.6970278
緑区,35.87404444,139.6764222
緑区,35.87406111,139.6861639
緑区,35.874075,139.6815028
緑区,35.87408889,139.6951056
緑区,35.87412222,139.6907639
緑区,35.874125,139.6992194
緑区,35.874125,139.6847694
緑区,35.87421667,139.6895306
緑区,35.87422778,139.7402333
緑区,35.87429444,139.6985389
緑区,35.87429444,139.7054667
緑区,35.87431667,139.6793194
緑区,35.87438278,139.7376289
緑区,35.87440278,139.6972033
緑区,35.87441111,139.6785306
緑区,35.87442222,139.6894444
緑区,35.87445889,139.7375258
緑区,35.87446389,139.7002522
緑区,35.87454444,139.6860028
緑区,35.87455833,139.6931278
緑区,35.87456111,139.6860722
緑区,35.87458889,139.6907556
緑区,35.87459722,139.6921167
緑区,35.87460833,139.6919806
緑区,35.87461111,139.7043028
緑区,35.87466389,139.6961528
緑区,35.87466944,139.7011222
緑区,35.87468056,139.6717789
緑区,35.87468889,139.6931056
緑区,35.87474722,139.70205
緑区,35.87476944,139.6754028
緑区,35.87478056,139.6705222
緑区,35.87479722,139.6870306
緑区,35.87479722,139.6943972
緑区,35.8748875,139.6883128
緑区,35.87488889,139.7383556
緑区,35.87489167,139.6823861
緑区,35.8749,139.6725017
緑区,35.87490833,139.698455
緑区,35.87491667,139.7386861
緑区,35.87491944,139.7409028
緑区,35.87495556,139.6905028
緑区,35.87499444,139.6857056
緑区,35.87505,139.7359194
緑区,35.87506667,139.6844389
緑区,35.875075,139.6738889
緑区,35.87509028,139.6996106
緑区,35.87509444,139.6782111
緑区,35.87513056,139.7287417
緑区,35.8751625,139.6713078
緑区,35.87517778,139.7420861
緑区,35.87525,139.6922483
緑区,35.87525556,139.7049111
緑区,35.87525833,139.7392389
緑区,35.87526389,139.6963456
緑区,35.87532222,139.6767917
緑区,35.87535278,139.7396222
緑区,35.87539722,139.6891639
緑区,35.87542222,139.7121278
緑区,35.87555833,139.7012639
緑区,35.87556944,139.7367972
緑区,35.87558333,139.6865194
緑区,35.87561944,139.68715
緑区,35.87562778,139.6919194
緑区,35.87564167,139.6988356
緑区,35.87565278,139.6930222
緑区,35.87571111,139.6805917
緑区,35.87572222,139.6846583
緑区,35.875735,139.7353383
緑区,35.87573611,139.6956278
緑区,35.87574722,139.740175
緑区,35.87578333,139.6771111
緑区,35.8757875,139.6910964
緑区,35.875825,139.6796583
緑区,35.87583056,139.7137306
緑区,35.87587361,139.7406894
緑区,35.87589722,139.6856611
緑区,35.87590278,139.7281083
緑区,35.87591944,139.6973083
緑区,35.875925,139.6946778
緑区,35.8759675,139.7421731
緑区,35.87598056,139.6714361
緑区,35.87601944,139.7376889
緑区,35.87604722,139.6934056
緑区,35.87605556,139.6877778
緑区,35.87610556,139.6890639
緑区,35.87612361,139.6899767
緑区,35.87613611,139.6723
緑区,35.876175,139.6929917
緑区,35.87619444,139.6851306
緑区,35.87623611,139.6731889
緑区,35.87623611,139.6761389
緑区,35.8762625,139.6916633
緑区,35.876275,139.7226306
緑区,35.87629722,139.6999333
緑区,35.87630417,139.6960806
緑区,35.876325,139.738
緑区,35.87636111,139.6953083
緑区,35.87637222,139.7397111
緑区,35.87640556,139.7254194
緑区,35.87640833,139.6740333
緑区,35.87641667,139.6833889
緑区,35.876425,139.6833944
緑区,35.876425,139.6856056
緑区,35.87642778,139.6862972
緑区,35.87643611,139.6712583
緑区,35.87644583,139.6981356
緑区,35.876485,139.734575
緑区,35.87649167,139.7359361
緑区,35.87649722,139.6791333
緑区,35.87654111,139.741935
緑区,35.87657778,139.7386361
緑区,35.87663889,139.6881111
緑区,35.87664167,139.6911778
緑区,35.87668611,139.6761417
緑区,35.87669167,139.684375
緑区,35.87676111,139.7244833
緑区,35.87677222,139.7293889
緑区,35.876775,139.7163722
緑区,35.87678333,139.7369194
緑区,35.87679722,139.6806167
緑区,35.87681389,139.6888639
緑区,35.87685556,139.6850167
緑区,35.87691111,139.6855139
緑区,35.87691111,139.6730028
緑区,35.87691944,139.6773194
緑区,35.87695,139.6862944
緑区,35.87700833,139.6870306
緑区,35.87703056,139.7309722
緑区,35.87703889,139.73095
緑区,35.87704167,139.6957083
緑区,35.87705222,139.6938356
緑区,35.87705278,139.7402444
緑区,35.87705833,139.681725
緑区,35.87706944,139.6779444
緑区,35.87707639,139.6993378
緑区,35.8770875,139.6974256
緑区,35.87712222,139.6899111
緑区,35.87719167,139.73975
緑区,35.87726667,139.6906928
緑区,35.87730833,139.6722194
緑区,35.87733611,139.6925278
緑区,35.87742222,139.685625
緑区,35.87745556,139.684675
緑区,35.87750278,139.7385667
緑区,35.87753611,139.7316389
緑区,35.87754306,139.6972872
緑区,35.87756028,139.6767386
緑区,35.87761389,139.6861028
緑区,35.87765556,139.6892639
緑区,35.87766667,139.6967833
緑区,35.87766944,139.6956194
緑区,35.87768889,139.7220417
緑区,35.87776389,139.7001311
緑区,35.87777222,139.6800278
緑区,35.877775,139.7374361
緑区,35.87778056,139.740625
緑区,35.87779722,139.6835083
緑区,35.87782222,139.7191944
緑区,35.87784722,139.6937861
緑区,35.87788333,139.6975861
緑区,35.87789167,139.7392278
緑区,35.87789306,139.7395517
緑区,35.87790278,139.6755111
緑区,35.87794167,139.6786611
緑区,35.87795,139.6986361
緑区,35.87795556,139.6819333
緑区,35.87796111,139.6864056
緑区,35.87801389,139.7233583
緑区,35.87801389,139.7303194
緑区,35.87813056,139.6902222
緑区,35.87813056,139.6726556
緑区,35.87826667,139.7118806
緑区,35.87828611,139.6887583
緑区,35.87829167,139.7334667
緑区,35.8783,139.6776944
緑区,35.8783,139.6738667
緑区,35.87835,139.6723172
緑区,35.87835278,139.74075
緑区,35.87835278,139.6783278
緑区,35.87836111,139.6796417
緑区,35.87840278,139.6844678
緑区,35.87842778,139.7262056
緑区,35.87850833,139.6765667
緑区,35.87854444,139.7249917
緑区,35.87854444,139.7414167
緑区,35.87854722,139.6829444
緑区,35.87855278,139.6847867
緑区,35.87856667,139.6919694
緑区,35.87857222,139.7389589
緑区,35.87857778,139.6967806
緑区,35.87862778,139.6852583
緑区,35.87862778,139.6834389
緑区,35.87864444,139.7455111
緑区,35.87868333,139.6806611
緑区,35.87870278,139.7385417
緑区,35.87874722,139.7216222
緑区,35.87875,139.6960861
緑区,35.87875,139.6989361
緑区,35.87875833,139.7215944
緑区,35.87879444,139.6871389
緑区,35.87879722,139.7277444
緑区,35.87885278,139.6750889
緑区,35.87886667,139.7319778
緑区,35.87886944,139.7347361
緑区,35.87888056,139.6842639
緑区,35.87889167,139.6893139
緑区,35.87894167,139.7237472
緑区,35.87895,139.7370306
緑区,35.87896389,139.7456694
緑区,35.87899167,139.7363222
緑区,35.87903611,139.6840444
緑区,35.879075,139.6785778
緑区,35.87910278,139.6981111
緑区,35.87910833,139.6951917
緑区,35.879125,139.672625
緑区,35.87914167,139.7291111
緑区,35.87914444,139.674125
緑区,35.87917222,139.6931667
緑区,35.87921667,139.737225
緑区,35.87923333,139.6822861
緑区,35.87923889,139.7183278
緑区,35.87925278,139.738325
緑区,35.87925278,139.6857306
緑区,35.87927222,139.6799778
緑区,35.87929444,139.7409083
緑区,35.87932222,139.7397139
緑区,35.87932222,139.7379806
緑区,35.879325,139.6963144
緑区,35.87933056,139.7427333
緑区,35.87935278,139.6908611
緑区,35.87937222,139.7402028
緑区,35.87937778,139.6851444
緑区,35.87940278,139.6732083
緑区,35.87941111,139.725175
緑区,35.87944444,139.6774167
緑区,35.87946111,139.6920583
緑区,35.87948056,139.6833194
緑区,35.8795,139.6897167
緑区,35.87952222,139.6872278
緑区,35.87953889,139.7447361
緑区,35.87955556,139.6993578
緑区,35.879575,139.7438111
緑区,35.87959444,139.7335556
緑区,35.87961944,139.7283472
緑区,35.87962222,139.7283361
緑区,35.87968611,139.6885389
緑区,35.87968889,139.7467167
緑区,35.87974167,139.681175
緑区,35.87977778,139.6847167
緑区,35.87983611,139.6720278
緑区,35.8798375,139.68587
緑区,35.87988611,139.7453
緑区,35.87988889,139.6747389
緑区,35.87989722,139.6943194
緑区,35.87990556,139.7150889
緑区,35.87994167,139.7266833
緑区,35.87995556,139.6973167
緑区,35.87995833,139.6834278
緑区,35.88000278,139.6901528
緑区,35.88002778,139.6760722
緑区,35.88004167,139.7376667
緑区,35.88007361,139.69516
緑区,35.88011389,139.7423917
緑区,35.88011944,139.6811556
緑区,35.88013889,139.6827139
緑区,35.88014444,139.7404639
緑区,35.88020278,139.678975
緑区,35.88020556,139.6892028
緑区,35.88024167,139.7275472
緑区,35.88027222,139.6915778
緑区,35.88031111,139.7417222
緑区,35.88031528,139.7126628
緑区,35.88034167,139.69837
緑区,35.88037778,139.6960667
緑区,35.88045,139.6871972
緑区,35.88059722,139.6731694
緑区,35.88061111,139.6954417
緑区,35.88061389,139.7438611
緑区,35.88062222,139.6717306
緑区,35.88062778,139.7306861
緑区,35.88065556,139.7389861
緑区,35.88068611,139.7343028
緑区,35.88068889,139.7259028
緑区,35.88073889,139.6882194
緑区,35.88073889,139.7455194
緑区,35.88076111,139.7359722
緑区,35.8808,139.7295167
緑区,35.88082222,139.6709194
緑区,35.88086944,139.7464528
緑区,35.88088472,139.715925
緑区,35.88089722,139.6749667
緑区,35.88090556,139.6765417
緑区,35.88093611,139.6824317
緑区,35.88094167,139.7401333
緑区,35.88094722,139.6944
緑区,35.88096944,139.6774306
緑区,35.881025,139.6894528
緑区,35.88102778,139.6853556
緑区,35.88103333,139.6783417
緑区,35.88107778,139.6794556
緑区,35.88109167,139.7266167
緑区,35.88112778,139.6835278
緑区,35.88116389,139.6799917
緑区,35.88116667,139.6928639
緑区,35.881175,139.6906278
緑区,35.88119722,139.6811306
緑区,35.881225,139.7299917
緑区,35.88125833,139.681815
緑区,35.88128611,139.6916806
緑区,35.88129444,139.6868889
緑区,35.88133611,139.6743111
緑区,35.88135,139.6805833
緑区,35.88135556,139.7327917
緑区,35.88136111,139.712125
緑区,35.88140556,139.7352194
緑区,35.88145,139.733475
緑区,35.88145,139.69455
緑区,35.88145833,139.7282806
緑区,35.88146194,139.6854403
緑区,35.88148333,139.6882889
緑区,35.88153944,139.7251686
緑区,35.88154444,139.7423444
緑区,35.88156389,139.7404639
緑区,35.88158889,139.7291472
緑区,35.88160556,139.6899167
緑区,35.88165278,139.7155744
緑区,35.88169167,139.7374361
緑区,35.88175278,139.6780083
緑区,35.88175833,139.7445306
緑区,35.88182222,139.7135667
緑区,35.88183611,139.6705917
緑区,35.88185556,139.6788778
緑区,35.88188889,139.6806583
緑区,35.88189722,139.7314333
緑区,35.8819,139.7455111
緑区,35.881925,139.7261611
緑区,35.881925,139.6727889
緑区,35.88193333,139.6769306
緑区,35.88193889,139.7293278
緑区,35.88196111,139.7347056
緑区,35.88196111,139.7301361
緑区,35.8819625,139.7387844
緑区,35.88197222,139.6956194
緑区,35.88198611,139.7334
緑区,35.88199444,139.7307889
緑区,35.88201667,139.7338333
緑区,35.88208611,139.6938667
緑区,35.88208889,139.7421778
緑区,35.88212778,139.6719111
緑区,35.88213889,139.6816722
緑区,35.8822,139.6832139
緑区,35.88225833,139.6738639
緑区,35.88228194,139.6809433
緑区,35.88228889,139.6922194
緑区,35.88238333,139.7300528
緑区,35.88238333,139.73005
緑区,35.88240278,139.7436056
緑区,35.88241667,139.6913306
緑区,35.88242361,139.6951917
緑区,35.88244722,139.6751333
緑区,35.88245833,139.6873194
緑区,35.88246667,139.7331611
緑区,35.882475,139.7285139
緑区,35.88248889,139.6703833
緑区,35.88255278,139.6962417
緑区,35.88257222,139.7301528
緑区,35.88259167,139.7244278
緑区,35.882625,139.7298111
緑区,35.882675,139.7312028
緑区,35.88269167,139.7342639
緑区,35.8827,139.7313056
緑区,35.88271111,139.6784944
緑区,35.88271111,139.7368778
緑区,35.88271389,139.684175
緑区,35.88274444,139.7322389
緑区,35.88275278,139.6869028
緑区,35.882775,139.730525
緑区,35.88280556,139.7352222
緑区,35.88283889,139.7376444
緑区,35.88288333,139.7403028
緑区,35.88289444,139.6950944
緑区,35.882925,139.6692944
緑区,35.88294444,139.6765028
緑区,35.88294444,139.6883194
緑区,35.88295,139.6883083
緑区,35.88296667,139.6735944
緑区,35.88297778,139.7430917
緑区,35.88298333,139.6899056
緑区,35.88300278,139.7431111
緑区,35.88301389,139.67135
緑区,35.88304722,139.6799056
緑区,35.8831,139.682925
緑区,35.88310833,139.7372656
緑区,35.88311389,139.732175
緑区,35.88312778,139.7307528
緑区,35.88314167,139.7112861
緑区,35.88315278,139.6944933
緑区,35.88316111,139.7358278
緑区,35.88325556,139.6842028
緑区,35.88326111,139.6842278
緑区,35.88327222,139.7280806
緑区,35.88328333,139.6788083
緑区,35.88328333,139.6744361
緑区,35.88330833,139.6969706
緑区,35.88331111,139.6926917
緑区,35.88331111,139.71325
緑区,35.88331944,139.6866861
緑区,35.88331944,139.7442861
緑区,35.88335,139.731325
緑区,35.88336944,139.6773028
緑区,35.88344444,139.7298167
緑区,35.88346111,139.7284139
緑区,35.88349722,139.7330028
緑区,35.88350556,139.6960556
緑区,35.88360556,139.7258833
緑区,35.88362778,139.741525
緑区,35.88375556,139.6728222
緑区,35.88375556,139.6938806
緑区,35.88376944,139.7120694
緑区,35.88379444,139.6755611
緑区,35.88381389,139.7321694
緑区,35.88381667,139.6697306
緑区,35.88381944,139.7090333
緑区,35.88384167,139.6911583
緑区,35.88384667,139.6805372
緑区,35.88388611,139.6925939
緑区,35.88390556,139.7294111
緑区,35.88393889,139.6717028
緑区,35.88393889,139.6884639
緑区,35.88399444,139.7325806
緑区,35.88404167,139.7267306
緑区,35.88404444,139.7323528
緑区,35.88406944,139.6768972
緑区,35.884075,139.6789167
緑区,35.88408611,139.7304667
緑区,35.88408889,139.6799556
緑区,35.88415278,139.6951639
緑区,35.88416389,139.7193167
緑区,35.884175,139.7277722
緑区,35.88418056,139.7329778
緑区,35.88420833,139.7335728
緑区,35.88422222,139.68305
緑区,35.88426667,139.6919833
緑区,35.88429722,139.7314361
緑区,35.88432222,139.6964028
緑区,35.88433056,139.7305
緑区,35.88437778,139.6863333
緑区,35.8844125,139.6946356
緑区,35.88441389,139.6721111
緑区,35.88441667,139.6934667
緑区,35.88450833,139.6848528
緑区,35.88451667,139.6710361
緑区,35.88456111,139.6779528
緑区,35.88456389,139.7330111
緑区,35.88459167,139.6817333
緑区,35.8846,139.6701472
緑区,35.8846,139.7394833
緑区,35.88460278,139.7156528
緑区,35.88460833,139.7347833
緑区,35.88461111,139.6737861
緑区,35.88463889,139.6685
緑区,35.88464444,139.7335444
緑区,35.88465,139.6899222
緑区,35.88468056,139.7360344
緑区,35.88469167,139.7298639
緑区,35.88470278,139.72905
緑区,35.88473333,139.7101472
緑区,35.88476389,139.6805111
緑区,35.88476944,139.6949856
緑区,35.88477222,139.7274
緑区,35.88478056,139.7320278
緑区,35.88482778,139.7379333
緑区,35.88485833,139.6928139
緑区,35.88486667,139.6754278
緑区,35.88487778,139.7297806
緑区,35.88489722,139.7311833
緑区,35.88490278,139.6963333
緑区,35.88497222,139.6856694
緑区,35.88499722,139.6762944
緑区,35.88500556,139.7122889
緑区,35.88501944,139.7185917
緑区,35.885025,139.6873972
緑区,35.88503611,139.69445
緑区,35.8850625,139.697425
緑区,35.88509167,139.679125
緑区,35.88509444,139.6957028
緑区,35.88510278,139.6689417
緑区,35.88511944,139.7326056
緑区,35.88512222,139.6729944
緑区,35.88521111,139.728275
緑区,35.88525556,139.6890139
緑区,35.88528889,139.7291667
緑区,35.88535972,139.6999167
緑区,35.88539444,139.7340722
緑区,35.88539722,139.7259889
緑区,35.88545278,139.6915083
緑区,35.88546111,139.73345
緑区,35.88547222,139.670725
緑区,35.88552778,139.7304583
緑区,35.88555278,139.6720806
緑区,35.885575,139.679125
緑区,35.88558611,139.7348006
緑区,35.88558889,139.6775861
緑区,35.88559167,139.6991028
緑区,35.88559444,139.674425
緑区,35.88560833,139.7289306
緑区,35.88561111,139.6845889
緑区,35.88561111,139.6963056
緑区,35.88561389,139.7391083
緑区,35.88561944,139.66795
緑区,35.88565278,139.7325167
緑区,35.88565556,139.6757639
緑区,35.88567222,139.6731417
緑区,35.88569722,139.7268917
緑区,35.88569722,139.6835444
緑区,35.88571111,139.6823139
緑区,35.88578056,139.6952528
緑区,35.88578472,139.7376239
緑区,35.88578889,139.6833556
緑区,35.8858,139.6802333
緑区,35.88581111,139.6865222
緑区,35.88582778,139.7196861
緑区,35.88590417,139.6969756
緑区,35.88596667,139.6881917
緑区,35.88598889,139.7283861
緑区,35.88600556,139.6980333
緑区,35.88601667,139.7245333
緑区,35.88602778,139.7319694
緑区,35.88603611,139.6939333
緑区,35.88606667,139.7335778
緑区,35.88607778,139.6808583
緑区,35.88609167,139.6815639
緑区,35.88611944,139.6971083
緑区,35.88614306,139.7000189
緑区,35.88614722,139.7295111
緑区,35.88615,139.7335083
緑区,35.88617778,139.6928028
緑区,35.886225,139.6721389
緑区,35.88623056,139.6964167
緑区,35.88624722,139.6778139
緑区,35.88625556,139.6684028
緑区,35.8863,139.7328722
緑区,35.88630556,139.6832556
緑区,35.88631667,139.6754056
緑区,35.88636667,139.6904778
緑区,35.886375,139.670175
緑区,35.88637778,139.737975
緑区,35.88639167,139.6764694
緑区,35.88641667,139.6688639
緑区,35.88643889,139.7319444
緑区,35.88645,139.7214028
緑区,35.88645278,139.6989139
緑区,35.88646111,139.6917222
緑区,35.88646944,139.7299222
緑区,35.886475,139.6737556
緑区,35.88655,139.6787028
緑区,35.88658333,139.7117028
緑区,35.88659167,139.6790306
緑区,35.88660833,139.6801778
緑区,35.88661389,139.6970861
緑区,35.88661944,139.7227917
緑区,35.88664167,139.6710167
緑区,35.88672917,139.7204764
緑区,35.88675,139.7338617
緑区,35.88675694,139.6954456
緑区,35.88683056,139.730325
緑区,35.88684167,139.6845222
緑区,35.88686389,139.733025
緑区,35.88686667,139.6982972
緑区,35.88688333,139.718075
緑区,35.88688889,139.6999367
緑区,35.88689167,139.7306639
緑区,35.88690278,139.7390639
緑区,35.88694167,139.6893889
緑区,35.88694444,139.7319
緑区,35.88696111,139.7319083
緑区,35.88696389,139.731315
緑区,35.88698056,139.7104028
緑区,35.88698889,139.6774583
緑区,35.88703472,139.7296517
緑区,35.88703889,139.6784028
緑区,35.88704167,139.6668722
緑区,35.88706389,139.6921139
緑区,35.88711111,139.6698972
緑区,35.88716389,139.7192256
緑区,35.88716944,139.6989611
緑区,35.88728333,139.6674167
緑区,35.88732778,139.7361289
緑区,35.88733889,139.6753861
緑区,35.88734444,139.7371417
緑区,35.8874,139.7312417
緑区,35.88741111,139.7309583
緑区,35.88741944,139.7309389
緑区,35.88744722,139.7128861
緑区,35.88749722,139.6714056
緑区,35.88752444,139.69136
緑区,35.887525,139.6688889
緑区,35.88754028,139.7324689
緑区,35.88755833,139.6834389
緑区,35.88758611,139.7091083
緑区,35.88759583,139.7320461
緑区,35.88761667,139.6702611
緑区,35.887625,139.6675778
緑区,35.88763889,139.6744222
緑区,35.887675,139.6726778
緑区,35.88769722,139.7189978
緑区,35.88771667,139.6758306
緑区,35.88773361,139.7401017
緑区,35.88775556,139.7389944
緑区,35.88780278,139.7301311
緑区,35.887825,139.7079639
緑区,35.88784722,139.6801556
緑区,35.88791944,139.7269333
緑区,35.88792222,139.6769417
緑区,35.88793889,139.6665778
緑区,35.88796111,139.6737111
緑区,35.88804444,139.7307806
緑区,35.88805,139.7161194
緑区,35.88809722,139.7304794
緑区,35.88816111,139.677725
緑区,35.88821667,139.6765806
緑区,35.88825278,139.6691917
緑区,35.88833889,139.7181417
緑区,35.88834167,139.674175
緑区,35.88835,139.7383556
緑区,35.88835278,139.6728417
緑区,35.88835556,139.7383611
緑区,35.88837778,139.6705694
緑区,35.88841389,139.7317611
緑区,35.88845833,139.6753389
緑区,35.88846111,139.7293906
緑区,35.88848889,139.7363611
緑区,35.88860444,139.6714225
緑区,35.88860833,139.6673778
緑区,35.88873889,139.7112167
緑区,35.88878611,139.7303094
緑区,35.88881667,139.6689056
緑区,35.88881667,139.6688639
緑区,35.88884444,139.6801639
緑区,35.88886111,139.7279194
緑区,35.888975,139.7350444
緑区,35.88903056,139.7321639
緑区,35.88909444,139.6754333
緑区,35.88912694,139.6719903
緑区,35.88918472,139.7258983
緑区,35.88920556,139.7134306
緑区,35.88921111,139.7302972
緑区,35.88921667,139.6740083
緑区,35.88937778,139.6683694
緑区,35.88940278,139.67085
緑区,35.88945278,139.6688444
緑区,35.88951528,139.7280933
緑区,35.88954167,139.7393222
緑区,35.88958056,139.6725944
緑区,35.88963333,139.7306972
緑区,35.88969167,139.7387222
緑区,35.88969444,139.7167611
緑区,35.88971944,139.71901
緑区,35.88975833,139.7375722
緑区,35.88979444,139.729535
緑区,35.88981667,139.735525
緑区,35.88996667,139.7132917
緑区,35.89012778,139.6685611
緑区,35.89013611,139.6695
緑区,35.890175,139.7266667
緑区,35.89020139,139.7326439
緑区,35.89025139,139.7342483
緑区,35.89030139,139.7279628
緑区,35.89031667,139.7270139
緑区,35.89042222,139.7171194
緑区,35.89051944,139.7316772
緑区,35.89059583,139.7182267
緑区,35.89061389,139.7299778
緑区,35.89082222,139.6686972
緑区,35.89086944,139.6697
緑区,35.8908825,139.7259364
緑区,35.89098611,139.7385333
緑区,35.89099444,139.7385333
緑区,35.891,139.7368083
緑区,35.89104444,139.7064111
緑区,35.891125,139.7287028
緑区,35.89120556,139.715975
緑区,35.89120556,139.7102444
緑区,35.89121389,139.7102556
緑区,35.89124028,139.730175
緑区,35.89134444,139.7338556
緑区,35.89137778,139.7246917
緑区,35.89148194,139.7353978
緑区,35.89160417,139.7319444
緑区,35.89161389,139.7150361
緑区,35.89164389,139.7268514
緑区,35.891855,139.7368344
緑区,35.89193889,139.7170556
緑区,35.89208056,139.7119611
緑区,35.89209722,139.730075
緑区,35.89215278,139.7137389
緑区,35.89218889,139.7207639
緑区,35.89230556,139.7287072
緑区,35.89251944,139.7096528
緑区,35.89252778,139.7238556
緑区,35.89252861,139.7259017
緑区,35.89258889,139.7156111
緑区,35.89259722,139.7313917
緑区,35.89259972,139.714755
緑区,35.89265972,139.7350022
緑区,35.89303611,139.7342011
緑区,35.89305,139.713775
緑区,35.89322611,139.72725
緑区,35.89323056,139.7108472
緑区,35.89328889,139.7239417
緑区,35.89334444,139.7322917
緑区,35.89334944,139.724505
緑区,35.89335833,139.7244583
緑区,35.89339861,139.7289533
緑区,35.89341778,139.7219706
緑区,35.8934875,139.7203889
緑区,35.89352361,139.73042
緑区,35.89376667,139.7155528
緑区,35.8939875,139.723005
緑区,35.89400556,139.7164556
緑区,35.89403056,139.7213806
緑区,35.89405556,139.7116194
緑区,35.89426389,139.7218667
緑区,35.89434167,139.7179639
緑区,35.89446944,139.7301306
緑区,35.89456528,139.7306211
緑区,35.89458611,139.668275
緑区,35.8946,139.732525
緑区,35.8946,139.7236556
緑区,35.89460278,139.7233389
緑区,35.89468611,139.7277194
緑区,35.89475417,139.7314133
緑区,35.89495278,139.7107306
緑区,35.89495556,139.7107306
緑区,35.89497778,139.713625
緑区,35.89498556,139.72885
緑区,35.89511667,139.7188583
緑区,35.89517778,139.7235444
緑区,35.89524167,139.7220278
緑区,35.89526389,139.7248056
緑区,35.89536389,139.7220389
緑区,35.89539444,139.7124667
緑区,35.89549722,139.7339528
緑区,35.89555833,139.7204083
緑区,35.89560694,139.7264289
緑区,35.89563056,139.72835
緑区,35.8957325,139.7317881
緑区,35.89586944,139.7155222
緑区,35.89596111,139.7177694
緑区,35.89599306,139.7254911
緑区,35.89603056,139.7095889
緑区,35.89604722,139.7070889
緑区,35.89607028,139.7307917
緑区,35.89611944,139.7335178
緑区,35.89617806,139.7283828
緑区,35.89619861,139.7296683
緑区,35.89638889,139.724125
緑区,35.89659722,139.713025
緑区,35.89689167,139.7086806
緑区,35.89690361,139.7249478
緑区,35.896925,139.7167583
緑区,35.897,139.7269611
緑区,35.897275,139.7159444
緑区,35.89730278,139.7322583
緑区,35.89737361,139.7292389
緑区,35.89757222,139.7310139
緑区,35.89769722,139.7148778
緑区,35.89770556,139.7076472
緑区,35.89814167,139.7125028
緑区,35.89824444,139.7105361
緑区,35.89825,139.7105361
緑区,35.89825056,139.7270836
緑区,35.89832472,139.7254778
緑区,35.89848611,139.7071311
緑区,35.89861528,139.7286039
緑区,35.89906944,139.7130167
緑区,35.89922583,139.7270447
緑区,35.89944806,139.7083428
緑区,35.89949167,139.7138861
緑区,35.8996,139.7064722
緑区,35.89965,139.7094556
緑区,35.9001925,139.7256686
緑区,35.90020278,139.7091694
緑区,35.90028611,139.7072889
緑区,35.90030278,139.7062361
緑区,35.90063694,139.7175244
緑区,35.90097778,139.7075944
緑区,35.90118889,139.7110972
緑区,35.90148333,139.712775
緑区,35.90161944,139.7163289
緑区,35.90164306,139.7085619
緑区,35.90168611,139.7183169
緑区,35.90177222,139.7058472
緑区,35.90183056,139.7147167
緑区,35.90185,139.7094306
緑区,35.90198056,139.7065778
緑区,35.90201806,139.7248044
緑区,35.90223333,139.7137861
緑区,35.90256389,139.7073528
緑区,35.90261472,139.7103503
緑区,35.90264667,139.7118933
緑区,35.90274722,139.7021806
緑区,35.90283889,139.7093667
緑区,35.90296389,139.70575
緑区,35.90297778,139.7173194
緑区,35.90299722,139.7173083
緑区,35.90311806,139.7105553
緑区,35.90316389,139.7220667
緑区,35.90328056,139.714875
緑区,35.90328889,139.7212306
緑区,35.90328889,139.7225028
緑区,35.90331389,139.7186833
緑区,35.90331944,139.7236972
緑区,35.90333472,139.7205028
緑区,35.90335,139.7185333
緑区,35.90336944,139.7082028
緑区,35.90342167,139.7137478
緑区,35.90383611,139.7209361
緑区,35.90399444,139.7050861
緑区,35.90402778,139.7091194
緑区,35.90405556,139.7230222
緑区,35.90415278,139.7068639
緑区,35.90417222,139.7215322
緑区,35.90434167,139.7013944
緑区,35.90435556,139.7099111
緑区,35.90437222,139.7168278
緑区,35.90447917,139.7166594
緑区,35.90456111,139.7147472
緑区,35.904625,139.7147
緑区,35.90491667,139.7181772
緑区,35.90501667,139.720075
緑区,35.90501667,139.7169667
緑区,35.90503611,139.7199944
緑区,35.90515,139.6987667
緑区,35.90526389,139.707675
緑区,35.90535139,139.7202033
緑区,35.90546389,139.7033639
緑区,35.90546667,139.7155444
緑区,35.90579167,139.7020778
緑区,35.90584028,139.714445
緑区,35.90585,139.6982639
緑区,35.90586944,139.7141333
緑区,35.90597778,139.7001722
緑区,35.90607778,139.7007444
緑区,35.90613333,139.7165367
緑区,35.906525,139.6973133
緑区,35.90660278,139.7118472
緑区,35.90664722,139.6993333
緑区,35.90675278,139.7023944
緑区,35.9068,139.7124206
緑区,35.9069,139.7041778
緑区,35.90715556,139.7096556
緑区,35.90728056,139.7028639
緑区,35.90740278,139.7089139
緑区,35.90745556,139.6983667
緑区,35.90825556,139.6976639
緑区,35.90905278,139.6985389
緑区,35.90916667,139.6968222
緑区,35.90965556,139.7078972
緑区,35.91112778,139.7054528
緑区,35.91218056,139.704525
緑区,38.08266944,155.68025
岩槻区,35.88043333,139.7510778
岩槻区,35.88098889,139.7522417
岩槻区,35.88185,139.7503694
岩槻区,35.88294444,139.7514806
岩槻区,35.88299167,139.7488833
岩槻区,35.8838,139.7469139
岩槻区,35.88444444,139.7506861
岩槻区,35.88488333,139.7454389
岩槻区,35.88522222,139.7494139
岩槻区,35.88541944,139.7439944
岩槻区,35.88583889,139.74855
岩槻区,35.88625278,139.7430806
岩槻区,35.88649444,139.7504389
岩槻区,35.88660833,139.7474917
岩槻区,35.88668889,139.7420056
岩槻区,35.88671667,139.7429139
岩槻区,35.88750278,139.7463028
岩槻区,35.88809167,139.7407556
岩槻区,35.88816389,139.7408583
岩槻区,35.88833889,139.7477667
岩槻区,35.88850833,139.7475861
岩槻区,35.88875556,139.7448278
岩槻区,35.88931944,139.7467139
岩槻区,35.88932778,139.7482861
岩槻区,35.88932778,139.7483111
岩槻区,35.8902,139.7403611
岩槻区,35.89051111,139.7455028
岩槻区,35.89122222,139.747325
岩槻区,35.89155,139.7416944
岩槻区,35.89162222,139.7446917
岩槻区,35.89190278,139.7505
岩槻区,35.89193333,139.7478917
岩槻区,35.89240556,139.7551806
岩槻区,35.89243611,139.7394069
岩槻区,35.89253889,139.7538833
岩槻区,35.89267889,139.7379961
岩槻区,35.89272222,139.7494917
岩槻区,35.89293333,139.7436972
岩槻区,35.89306667,139.7461833
岩槻区,35.89311389,139.7403806
岩槻区,35.89371667,139.7425278
岩槻区,35.89371944,139.7472778
岩槻区,35.89376667,139.7374
岩槻区,35.89391389,139.7447778
岩槻区,35.89430833,139.7403889
岩槻区,35.89433361,139.7362489
岩槻区,35.89435972,139.7386844
岩槻区,35.89486389,139.7414056
岩槻区,35.89486667,139.743225
岩槻区,35.89492778,139.7370372
岩槻区,35.89502778,139.7442639
岩槻区,35.89528583,139.7388431
岩槻区,35.89531389,139.7380417
岩槻区,35.89578111,139.7363189
岩槻区,35.89581389,139.7371439
岩槻区,35.89582722,139.7398278
岩槻区,35.89591389,139.7431778
岩槻区,35.896025,139.7408347
岩槻区,35.89635611,139.7376597
岩槻区,35.89646667,139.7348106
岩槻区,35.89653333,139.7388706
岩槻区,35.89654444,139.7389472
岩槻区,35.89656389,139.7366417
岩槻区,35.89679444,139.7413111
岩槻区,35.89681222,139.7359189
岩槻区,35.89688889,139.7403472
岩槻区,35.89728778,139.7366072
岩槻区,35.89733472,139.7330506
岩槻区,35.89749861,139.7382389
岩槻区,35.89754028,139.7402606
岩槻区,35.89758889,139.7426333
岩槻区,35.89761944,139.7404083
岩槻区,35.89762361,139.7341544
岩槻区,35.89766806,139.7393878
岩槻区,35.89803194,139.7370322
岩槻区,35.89815417,139.7318144
岩槻区,35.89820278,139.7347044
岩槻区,35.89828472,139.7341656
岩槻区,35.89849028,139.7352222
岩槻区,35.89872083,139.7389411
岩槻区,35.89881611,139.7381731
岩槻区,35.89887778,139.732455
岩槻区,35.89891389,139.7337256
岩槻区,35.89894222,139.7346047
岩槻区,35.89900139,139.7310144
岩槻区,35.89926667,139.7355956
岩槻区,35.89928333,139.732805
岩槻区,35.89928611,139.7368389
岩槻区,35.89959028,139.7378189
岩槻区,35.89978333,139.7334194
岩槻区,35.89983167,139.7357947
岩槻区,35.89992306,139.7394364
岩槻区,35.89995139,139.7313122
岩槻区,35.89997917,139.7323711
岩槻区,35.90005,139.7348306
岩槻区,35.90025278,139.7300106
岩槻区,35.90053889,139.747325
岩槻区,35.90076056,139.7378231
岩槻区,35.90077778,139.7313556
岩槻区,35.90078056,139.7306278
岩槻区,35.90088056,139.7360917
岩槻区,35.90101278,139.7351897
岩槻区,35.90107361,139.7338922
岩槻区,35.90110556,139.7551972
岩槻区,35.90111389,139.7314022
岩槻区,35.90112194,139.7298736
岩槻区,35.90114417,139.7356772
岩槻区,35.90135833,139.7445306
岩槻区,35.90139861,139.7320878
岩槻区,35.90171528,139.7301344
岩槻区,35.90180972,139.73072
岩槻区,35.90199972,139.7347856
岩槻区,35.90232389,139.7314675
岩槻区,35.90236528,139.7279383
岩槻区,35.90237778,139.7288528
岩槻区,35.90238333,139.7333167
岩槻区,35.90242222,139.7301972
岩槻区,35.902425,139.7301917
岩槻区,35.90249167,139.7468694
岩槻区,35.90279306,139.7338619
岩槻区,35.90282556,139.7297336
岩槻区,35.90285,139.7336306
岩槻区,35.90290278,139.7461417
岩槻区,35.90291944,139.7504194
岩槻区,35.90306167,139.7305178
岩槻区,35.90319667,139.7332653
岩槻区,35.90320417,139.7326028
岩槻区,35.90332583,139.7333314
岩槻区,35.90358056,139.7314361
岩槻区,35.90369722,139.7545417
岩槻区,35.90382278,139.7296803
岩槻区,35.90393889,139.72615
岩槻区,35.90420278,139.7321728
岩槻区,35.9044375,139.7477753
岩槻区,35.904575,139.7310778
岩槻区,35.90473472,139.7249017
岩槻区,35.90498611,139.727325
岩槻区,35.90533056,139.7280306
岩槻区,35.9053675,139.7227986
岩槻区,35.90538056,139.7541278
岩槻区,35.90565,139.7306222
岩槻区,35.90598333,139.733975
岩槻区,35.90598611,139.7339556
岩槻区,35.90601944,139.7213194
岩槻区,35.90621667,139.7194361
岩槻区,35.90638056,139.7301722
岩槻区,35.90649444,139.7181389
岩槻区,35.90659167,139.7369
岩槻区,35.90665833,139.7299694
岩槻区,35.90698889,139.7260361
岩槻区,35.907175,139.7356056
岩槻区,35.90731389,139.7162639
岩槻区,35.90748889,139.7379028
岩槻区,35.90783889,139.728175
岩槻区,35.90791389,139.7340778
岩槻区,35.90803333,139.7229278
岩槻区,35.90806389,139.7534833
岩槻区,35.90812778,139.7297556
岩槻区,35.908575,139.7151194
岩槻区,35.90886667,139.7319333
岩槻区,35.909075,139.7302333
岩槻区,35.909125,139.7135111
岩槻区,35.90923889,139.7155917
岩槻区,35.90925278,139.7403222
岩槻区,35.90929722,139.7403139
岩槻区,35.90932222,139.7266611
岩槻区,35.90961944,139.7350167
岩槻区,35.90966389,139.7118417
岩槻区,35.909675,139.7118361
岩槻区,35.90994444,139.7324139
岩槻区,35.91005,139.7428056
岩槻区,35.91057639,139.7467928
岩槻区,35.91059444,139.7338444
岩槻区,35.91092639,139.70824
岩槻区,35.91109167,139.7124056
岩槻区,35.91112778,139.73735
岩槻区,35.91114722,139.7248722
岩槻区,35.91122778,139.7275667
岩槻区,35.91146389,139.7314917
岩槻区,35.91164583,139.7184844
岩槻区,35.91171667,139.7414611
岩槻区,35.9119,139.7254278
岩槻区,35.91194833,139.7460478
岩槻区,35.91196111,139.70835
岩槻区,35.912,139.7119
岩槻区,35.9122,139.7304639
岩槻区,35.91247778,139.7248861
岩槻区,35.91254167,139.7189556
岩槻区,35.91271111,139.7226806
岩槻区,35.91280278,139.7326417
岩槻区,35.91298056,139.7033694
岩槻区,35.91307222,139.7126528
岩槻区,35.91315,139.7299111
岩槻区,35.91316111,139.707275
岩槻区,35.91325,139.7314056
岩槻区,35.91341667,139.7195694
岩槻区,35.91347778,139.7111028
岩槻区,35.91347778,139.7249556
岩槻区,35.91366111,139.7171667
岩槻区,35.91366111,139.7171694
岩槻区,35.91367778,139.71715
岩槻区,35.91375278,139.7408417
岩槻区,35.91386944,139.7096278
岩槻区,35.9139875,139.7449572
岩槻区,35.91400278,139.7276556
岩槻区,35.91410278,139.7488667
岩槻区,35.91424722,139.7085194
岩槻区,35.91443333,139.7354778
岩槻区,35.91446667,139.7302833
岩槻区,35.91463333,139.7254889
岩槻区,35.91466111,139.7224139
岩槻区,35.91471667,139.7126417
岩槻区,35.91475,139.708275
岩槻区,35.91478889,139.7195361
岩槻区,35.91496667,139.7109083
岩槻区,35.91547778,139.7094722
岩槻区,35.91553333,139.7282167
岩槻区,35.91553611,139.7077361
岩槻区,35.91555556,139.7170861
岩槻区,35.91557222,139.7452311
岩槻区,35.91569722,139.7477944
岩槻区,35.91571944,139.701725
岩槻区,35.91571944,139.7333139
岩槻区,35.91574167,139.7423389
岩槻区,35.91605833,139.7146444
岩槻区,35.91606944,139.7223639
岩槻区,35.91608333,139.7176389
岩槻区,35.91611389,139.7106222
岩槻区,35.91612778,139.7407667
岩槻区,35.91624722,139.7313472
岩槻区,35.91639444,139.7240278
岩槻区,35.91660556,139.7205944
岩槻区,35.91672222,139.7094194
岩槻区,35.91674167,139.7405556
岩槻区,35.91685833,139.7067417
岩槻区,35.91695278,139.7216444
岩槻区,35.91708056,139.7470056
岩槻区,35.91718056,139.729225
岩槻区,35.91723611,139.7216139
岩槻区,35.91746667,139.7167611
岩槻区,35.91748056,139.741425
岩槻区,35.91750694,139.7456094
岩槻区,35.9177,139.7270278
岩槻区,35.91778056,139.7280361
岩槻区,35.91784167,139.7362667
岩槻区,35.91794444,139.7228222
岩槻区,35.91796389,139.7088083
岩槻区,35.91797778,139.7248639
岩槻区,35.91803611,139.7188583
岩槻区,35.91808889,139.7331
岩槻区,35.91810556,139.7301361
岩槻区,35.918175,139.7059056
岩槻区,35.91819444,139.7433944
岩槻区,35.91820833,139.7433833
岩槻区,35.91821667,139.7058556
岩槻区,35.91826944,139.7267083
岩槻区,35.9183,139.7396583
岩槻区,35.91835833,139.7315694
岩槻区,35.91836667,139.7207
岩槻区,35.9186,139.7162139
岩槻区,35.91874167,139.7135306
岩槻区,35.91890556,139.7234639
岩槻区,35.918925,139.7484278
岩槻区,35.91903333,139.7310167
岩槻区,35.91915556,139.7443667
岩槻区,35.91922778,139.7416667
岩槻区,35.91923333,139.7276306
岩槻区,35.91923889,139.7051417
岩槻区,35.91931944,139.7459389
岩槻区,35.91931972,139.7120878
岩槻区,35.91939722,139.7406833
岩槻区,35.919425,139.7262444
岩槻区,35.91961944,139.7108167
岩槻区,35.91963056,139.7175806
岩槻区,35.91971944,139.7295722
岩槻区,35.91975,139.7485667
岩槻区,35.92006111,139.7444583
岩槻区,35.9200875,139.7199744
岩槻区,35.92023611,139.7462083
岩槻区,35.92030556,139.7129167
岩槻区,35.92031389,139.7391694
岩槻区,35.92036389,139.704225
岩槻区,35.92038333,139.741775
岩槻区,35.92053611,139.7265556
岩槻区,35.92088333,139.7282917
岩槻区,35.92096389,139.7236944
岩槻区,35.92097222,139.7253833
岩槻区,35.92121389,139.7442722
岩槻区,35.92130833,139.7311611
岩槻区,35.92149167,139.7032111
岩槻区,35.92150833,139.73675
岩槻区,35.92155,139.7430722
岩槻区,35.92160278,139.7105528
岩槻区,35.921625,139.7467917
岩槻区,35.92183056,139.738425
岩槻区,35.92183333,139.7407778
岩槻区,35.92186111,139.7270389
岩槻区,35.92187778,139.7233611
岩槻区,35.92192222,139.745275
岩槻区,35.92204167,139.7299444
岩槻区,35.92216667,139.7214167
岩槻区,35.92234444,139.7287306
岩槻区,35.92237222,139.7429806
岩槻区,35.92243333,139.70225
岩槻区,35.92255833,139.7189639
岩槻区,35.92257778,139.7125028
岩槻区,35.92266944,139.7367778
岩槻区,35.92268333,139.71975
岩槻区,35.92274722,139.7465361
岩槻区,35.92285833,139.7248222
岩槻区,35.92289722,139.7100417
岩槻区,35.923075,139.7212139
岩槻区,35.92315278,139.7287056
岩槻区,35.92316944,139.7433528
岩槻区,35.92326667,139.7156056
岩槻区,35.92328056,139.7442639
岩槻区,35.92329722,139.7356694
岩槻区,35.92334167,139.747425
岩槻区,35.92349722,139.7191056
岩槻区,35.92355833,139.7000139
岩槻区,35.92366667,139.72225
岩槻区,35.92372778,139.7419333
岩槻区,35.92376111,139.7207556
岩槻区,35.92388611,139.7297306
岩槻区,35.92388861,139.7398367
岩槻区,35.92393889,139.7369333
岩槻区,35.92394306,139.7271158
岩槻区,35.92395,139.7458167
岩槻区,35.92414167,139.7052694
岩槻区,35.92421667,139.72395
岩槻区,35.92424722,139.6985056
岩槻区,35.92439167,139.7361
岩槻区,35.92440278,139.7380639
岩槻区,35.92440556,139.7381056
岩槻区,35.92446111,139.7346944
岩槻区,35.9245,139.7280583
岩槻区,35.92450278,139.7280639
岩槻区,35.92451667,139.7087444
岩槻区,35.92461944,139.7125
岩槻区,35.92464167,139.7376639
岩槻区,35.92464722,139.7376861
岩槻区,35.924675,139.7174917
岩槻区,35.92479444,139.723475
岩槻区,35.92481667,139.7112861
岩槻区,35.92488889,139.6973167
岩槻区,35.92499167,139.7461361
岩槻区,35.92508333,139.7291944
岩槻区,35.92511111,139.7522444
岩槻区,35.92513333,139.7145
岩槻区,35.92519167,139.7300167
岩槻区,35.92519722,139.7291722
岩槻区,35.92521667,139.7291639
岩槻区,35.92529167,139.7414417
岩槻区,35.92557222,139.7375694
岩槻区,35.92564722,139.7246167
岩槻区,35.92567778,139.7493917
岩槻区,35.92578889,139.7129528
岩槻区,35.92588889,139.7112889
岩槻区,35.92589167,139.7293667
岩槻区,35.92615833,139.7338722
岩槻区,35.92619444,139.7361667
岩槻区,35.92625,139.7452361
岩槻区,35.92626667,139.6958944
岩槻区,35.92628889,139.7339917
岩槻区,35.92640833,139.7281611
岩槻区,35.926425,139.7435222
岩槻区,35.92651028,139.7319111
岩槻区,35.92654444,139.7423083
岩槻区,35.92663333,139.7095389
岩槻区,35.92673889,139.7166111
岩槻区,35.92676111,139.7293111
岩槻区,35.92676389,139.6997333
岩槻区,35.92682222,139.6971444
岩槻区,35.92685556,139.7492583
岩槻区,35.92688333,139.7126444
岩槻区,35.926925,139.7247722
岩槻区,35.92695833,139.714975
岩槻区,35.92709722,139.741325
岩槻区,35.92709722,139.6944472
岩槻区,35.92710833,139.7075028
岩槻区,35.9271175,139.7269514
岩槻区,35.92723611,139.7455139
岩槻区,35.92724444,139.7423694
岩槻区,35.92731389,139.7366333
岩槻区,35.92791111,139.7109583
岩槻区,35.92817778,139.6994944
岩槻区,35.92818611,139.6926944
岩槻区,35.92818889,139.7408778
岩槻区,35.92819722,139.7176306
岩槻区,35.92825278,139.7231278
岩槻区,35.9283,139.7422472
岩槻区,35.92832222,139.7069306
岩槻区,35.92843333,139.7396333
岩槻区,35.92873056,139.7003111
岩槻区,35.92876667,139.7150917
岩槻区,35.92885556,139.7250944
岩槻区,35.92914444,139.7360444
岩槻区,35.92932222,139.7398028
岩槻区,35.92936111,139.7197361
岩槻区,35.92938611,139.7060778
岩槻区,35.92946667,139.6905333
岩槻区,35.92954722,139.7149806
岩槻区,35.92956667,139.7043472
岩槻区,35.92966389,139.7433028
岩槻区,35.92966389,139.7239389
岩槻区,35.92983889,139.7019306
岩槻区,35.929875,139.7216639
岩槻区,35.93009444,139.7067694
岩槻区,35.93021667,139.7419861
岩槻区,35.93024444,139.6898472
岩槻区,35.93028333,139.7054583
岩槻区,35.93032778,139.7398306
岩槻区,35.93039444,139.7413556
岩槻区,35.93048611,139.6957417
岩槻区,35.93063611,139.7032528
岩槻区,35.930675,139.7175028
岩槻区,35.93070556,139.7078972
岩槻区,35.93075278,139.71255
岩槻区,35.93083056,139.738625
岩槻区,35.93091944,139.71425
岩槻区,35.93096389,139.7100361
岩槻区,35.93096667,139.7413222
岩槻区,35.93097222,139.7520722
岩槻区,35.93098889,139.69965
岩槻区,35.93109167,139.6896444
岩槻区,35.93121667,139.7286694
岩槻区,35.93121667,139.7345972
岩槻区,35.93123889,139.7020528
岩槻区,35.93141667,139.7044472
岩槻区,35.93145,139.7216889
岩槻区,35.93158889,139.7201944
岩槻区,35.93161944,139.7340417
岩槻区,35.93188611,139.7316833
岩槻区,35.932,139.7394917
岩槻区,35.93200833,139.74055
岩槻区,35.93205,139.7249889
岩槻区,35.93206667,139.6888472
岩槻区,35.93213333,139.7022944
岩槻区,35.9322,139.7223056
岩槻区,35.93223889,139.7329194
岩槻区,35.93240278,139.7329306
岩槻区,35.93246028,139.6911972
岩槻区,35.93256667,139.7042028
岩槻区,35.93276667,139.7107889
岩槻区,35.93283056,139.7122639
岩槻区,35.93284722,139.7094111
岩槻区,35.93285,139.7266306
岩槻区,35.93290556,139.7190389
岩槻区,35.93296389,139.7172056
岩槻区,35.93298889,139.7137333
岩槻区,35.93301944,139.6920167
岩槻区,35.933025,139.7158583
岩槻区,35.93309444,139.706075
岩槻区,35.93312778,139.7404639
岩槻区,35.93323056,139.7422556
岩槻区,35.93330833,139.7234972
岩槻区,35.933325,139.7000028
岩槻区,35.93333333,139.7076417
岩槻区,35.93341111,139.7138639
岩槻区,35.933575,139.7325861
岩槻区,35.93361667,139.7038194
岩槻区,35.93364722,139.7277944
岩槻区,35.93377778,139.7253861
岩槻区,35.93381667,139.7292833
岩槻区,35.93382222,139.6894833
岩槻区,35.93388056,139.7226611
岩槻区,35.93389722,139.7411944
岩槻区,35.93403333,139.6878028
岩槻区,35.93404444,139.730675
岩槻区,35.93405556,139.7384278
岩槻区,35.93420556,139.7153944
岩槻区,35.93425,139.6986194
岩槻区,35.93428056,139.7429528
岩槻区,35.93440278,139.7116361
岩槻区,35.93445556,139.7013861
岩槻区,35.93451944,139.7013611
岩槻区,35.93455,139.7089806
岩槻区,35.93459722,139.6889944
岩槻区,35.93464167,139.6923861
岩槻区,35.93466389,139.7165889
岩槻区,35.93471389,139.7055806
岩槻区,35.93473889,139.7260861
岩槻区,35.93479167,139.7206583
岩槻区,35.93482778,139.7411667
岩槻区,35.93486389,139.7282333
岩槻区,35.934875,139.7134528
岩槻区,35.93487778,139.697725
岩槻区,35.93503889,139.7035167
岩槻区,35.93504444,139.7271333
岩槻区,35.93523333,139.712275
岩槻区,35.93523611,139.7181667
岩槻区,35.93533611,139.6871556
岩槻区,35.93541667,139.7244667
岩槻区,35.93544722,139.7108056
岩槻区,35.93547778,139.7350361
岩槻区,35.93549167,139.7170167
岩槻区,35.93553056,139.6864611
岩槻区,35.93567778,139.7438444
岩槻区,35.93569722,139.7211028
岩槻区,35.93569722,139.6967611
岩槻区,35.93570833,139.6980833
岩槻区,35.93571944,139.6884889
岩槻区,35.93576667,139.7164028
岩槻区,35.93578889,139.6953861
岩槻区,35.93584944,139.6994989
岩槻区,35.93595,139.7138667
岩槻区,35.93600556,139.6934056
岩槻区,35.93601667,139.7006472
岩槻区,35.93603333,139.697075
岩槻区,35.93604111,139.7007778
岩槻区,35.93607778,139.6957111
岩槻区,35.93608056,139.7151306
岩槻区,35.93611667,139.7132222
岩槻区,35.93611944,139.742375
岩槻区,35.936125,139.7199194
岩槻区,35.93615833,139.701925
岩槻区,35.93619444,139.7111
岩槻区,35.93621667,139.6960639
岩槻区,35.93625556,139.7044472
岩槻区,35.93625556,139.7030583
岩槻区,35.93633056,139.7128833
岩槻区,35.93638056,139.7229056
岩槻区,35.9364,139.7215528
岩槻区,35.93649167,139.7056472
岩槻区,35.93651667,139.6999306
岩槻区,35.93662222,139.7093528
岩槻区,35.93664444,139.7184278
岩槻区,35.93664722,139.6947361
岩槻区,35.93665556,139.6979306
岩槻区,35.93670556,139.7093944
岩槻区,35.93678333,139.7266556
岩槻区,35.93679444,139.7232083
岩槻区,35.93684444,139.6939389
岩槻区,35.93687778,139.7174667
岩槻区,35.93689722,139.69235
岩槻区,35.93696667,139.7446694
岩槻区,35.93698056,139.744675
岩槻区,35.93700833,139.7446944
岩槻区,35.93703889,139.6973833
岩槻区,35.93704722,139.7042972
岩槻区,35.93705,139.7227222
岩槻区,35.93706667,139.6861167
岩槻区,35.93707222,139.7136111
岩槻区,35.93709167,139.7346306
岩槻区,35.93710556,139.7166444
岩槻区,35.93711111,139.6960861
岩槻区,35.93718056,139.7216472
岩槻区,35.93721389,139.6991917
岩槻区,35.93722222,139.7009861
岩槻区,35.93722222,139.6942833
岩槻区,35.93723056,139.7067417
岩槻区,35.93725,139.7020306
岩槻区,35.93725833,139.7127583
岩槻区,35.93728611,139.7067389
岩槻区,35.93731667,139.7200861
岩槻区,35.93731667,139.7149222
岩槻区,35.937375,139.6933944
岩槻区,35.93741111,139.7028028
岩槻区,35.93745833,139.7113083
岩槻区,35.93746667,139.7083361
岩槻区,35.93748889,139.7000806
岩槻区,35.93756111,139.7177667
岩槻区,35.93767778,139.7124806
岩槻区,35.93768611,139.7038667
岩槻区,35.93775278,139.6917611
岩槻区,35.937825,139.7187028
岩槻区,35.93782778,139.6949667
岩槻区,35.93786111,139.7158694
岩槻区,35.93786389,139.7004778
岩槻区,35.937875,139.7055833
岩槻区,35.93790556,139.7325611
岩槻区,35.93793056,139.6883694
岩槻区,35.93795556,139.7172583
岩槻区,35.93796389,139.6939278
岩槻区,35.93797222,139.6929833
岩槻区,35.93799167,139.7009556
岩槻区,35.93802222,139.7069806
岩槻区,35.93807222,139.74305
岩槻区,35.93808333,139.7135111
岩槻区,35.93809167,139.7277583
岩槻区,35.93809167,139.6870139
岩槻区,35.93815278,139.7080417
岩槻区,35.93816111,139.7262778
岩槻区,35.93817222,139.7203583
岩槻区,35.93823611,139.7216
岩槻区,35.93825556,139.7092528
岩槻区,35.93828611,139.7092833
岩槻区,35.93832222,139.7121889
岩槻区,35.93833056,139.7053278
岩槻区,35.93842778,139.7106306
岩槻区,35.93846389,139.7028167
岩槻区,35.93851111,139.7174917
岩槻区,35.938525,139.6862667
岩槻区,35.93853056,139.7118
岩槻区,35.93859722,139.7336028
岩槻区,35.93878333,139.7147139
岩槻区,35.93883889,139.7147278
岩槻区,35.93884444,139.7040083
岩槻区,35.93885556,139.7251639
岩槻区,35.93885556,139.6918333
岩槻区,35.93886944,139.7449306
岩槻区,35.93888611,139.7008139
岩槻区,35.93892361,139.7017633
岩槻区,35.93901944,139.6946417
岩槻区,35.939025,139.7164056
岩槻区,35.9391875,139.7151517
岩槻区,35.93927222,139.6860278
岩槻区,35.939275,139.7133389
岩槻区,35.93933056,139.6925472
岩槻区,35.93934167,139.7052
岩槻区,35.93935278,139.7017333
岩槻区,35.93935556,139.7236639
岩槻区,35.93936667,139.7096333
岩槻区,35.93938889,139.7176972
岩槻区,35.93939167,139.6906806
岩槻区,35.93941111,139.6962639
岩槻区,35.93941111,139.6968528
岩槻区,35.93942222,139.7076278
岩槻区,35.939425,139.7133667
岩槻区,35.93947778,139.7115194
岩槻区,35.93950833,139.7038722
岩槻区,35.93961944,139.6987722
岩槻区,35.93965556,139.7250583
岩槻区,35.93969167,139.719075
岩槻区,35.939725,139.6938806
岩槻区,35.93979167,139.7007417
岩槻区,35.93980556,139.717075
岩槻区,35.93984167,139.7124222
岩槻区,35.93985833,139.710275
岩槻区,35.93986389,139.7456611
岩槻区,35.93989722,139.6982639
岩槻区,35.9399,139.7016361
岩槻区,35.93990556,139.7016361
岩槻区,35.93990833,139.6871083
岩槻区,35.93995556,139.7025722
岩槻区,35.93996389,139.6965528
岩槻区,35.93997778,139.6878056
岩槻区,35.93999722,139.7000917
岩槻区,35.94,139.6908444
岩槻区,35.94000833,139.7434389
岩槻区,35.94003889,139.6918306
岩槻区,35.94004528,139.694925
岩槻区,35.94006111,139.7140889
岩槻区,35.94006111,139.7151389
岩槻区,35.94011944,139.7214944
岩槻区,35.94011944,139.7086611
岩槻区,35.94015278,139.6856667
岩槻区,35.940175,139.7050111
岩槻区,35.94018889,139.7111028
岩槻区,35.94021111,139.6931861
岩槻区,35.94021111,139.707525
岩槻区,35.94021389,139.7162528
岩槻区,35.94023333,139.6970694
岩槻区,35.94029444,139.6898972
岩槻区,35.94031389,139.7037528
岩槻区,35.94035,139.7137167
岩槻区,35.94035833,139.6958944
岩槻区,35.94040833,139.6995611
岩槻区,35.94043056,139.714875
岩槻区,35.94048889,139.690625
岩槻区,35.94051111,139.7062139
岩槻区,35.94051944,139.7156639
岩槻区,35.94054444,139.732325
岩槻区,35.94064722,139.6877694
岩槻区,35.94069167,139.6937861
岩槻区,35.94076667,139.70155
岩槻区,35.94078056,139.6891444
岩槻区,35.94078889,139.7004639
岩槻区,35.94086944,139.6975028
岩槻区,35.94093611,139.7206194
岩槻区,35.94094444,139.7102
岩槻区,35.940975,139.7024083
岩槻区,35.941,139.7178889
岩槻区,35.94100556,139.6864056
岩槻区,35.94100833,139.7159278
岩槻区,35.94101944,139.7055806
岩槻区,35.94103333,139.7172139
岩槻区,35.94103333,139.7428528
岩槻区,35.94105833,139.7035333
岩槻区,35.94105833,139.6966611
岩槻区,35.94106667,139.6966694
岩槻区,35.94113611,139.7450444
岩槻区,35.94119722,139.6955528
岩槻区,35.94121667,139.6999556
岩槻区,35.94128889,139.7086833
岩槻区,35.94131389,139.7364944
岩槻区,35.94139167,139.7344611
岩槻区,35.9414,139.7129056
岩槻区,35.9414,139.7048417
岩槻区,35.94142222,139.7153833
岩槻区,35.94144167,139.7072
岩槻区,35.94148611,139.6974417
岩槻区,35.94149444,139.7304778
岩槻区,35.94150833,139.6988194
岩槻区,35.94157778,139.7013583
岩槻区,35.94160278,139.6874583
岩槻区,35.94168333,139.6887056
岩槻区,35.94169722,139.7436639
岩槻区,35.9417,139.7180194
岩槻区,35.94171111,139.6998972
岩槻区,35.94177222,139.6954083
岩槻区,35.94177778,139.6897306
岩槻区,35.94188889,139.6946167
岩槻区,35.941925,139.6961944
岩槻区,35.941925,139.7167389
岩槻区,35.94194722,139.716725
岩槻区,35.94196667,139.7040056
岩槻区,35.94196667,139.7116917
岩槻区,35.94197222,139.72475
岩槻区,35.94200278,139.7157083
岩槻区,35.94203056,139.7057372
岩槻区,35.94204167,139.7222139
岩槻区,35.94205556,139.7470972
岩槻区,35.94208611,139.702225
岩槻区,35.942125,139.7036139
岩槻区,35.94214167,139.7327
岩槻区,35.94215556,139.7421444
岩槻区,35.94216944,139.7072972
岩槻区,35.94221944,139.7084639
岩槻区,35.94222778,139.7007194
岩槻区,35.94223611,139.7084306
岩槻区,35.94224722,139.6942167
岩槻区,35.94225556,139.6963333
岩槻区,35.94230556,139.7090556
岩槻区,35.94230833,139.7152694
岩槻区,35.94233889,139.6981167
岩槻区,35.94236389,139.7203972
岩槻区,35.94240833,139.6873722
岩槻区,35.94248889,139.7097972
岩槻区,35.94252222,139.7180333
岩槻区,35.94256667,139.7030222
岩槻区,35.94257222,139.6956972
岩槻区,35.94259444,139.6892167
岩槻区,35.94259722,139.7443333
岩槻区,35.94261944,139.7120861
岩槻区,35.94262222,139.6861139
岩槻区,35.94264722,139.7060222
岩槻区,35.94266389,139.7005833
岩槻区,35.942675,139.748175
岩槻区,35.94268611,139.7415111
岩槻区,35.94268889,139.7079111
岩槻区,35.94270278,139.7430472
岩槻区,35.94273333,139.7038611
岩槻区,35.94274444,139.6969
岩槻区,35.94275556,139.6859889
岩槻区,35.94279167,139.7110444
岩槻区,35.94285278,139.6868222
岩槻区,35.94287222,139.694375
岩槻区,35.94294167,139.6912083
岩槻区,35.94297778,139.7493167
岩槻区,35.94298889,139.7000333
岩槻区,35.94299167,139.7394861
岩槻区,35.94299444,139.7047833
岩槻区,35.94305,139.7116944
岩槻区,35.94307778,139.6903694
岩槻区,35.94308889,139.6971556
岩槻区,35.94309167,139.7122167
岩槻区,35.94310556,139.6987306
岩槻区,35.94312222,139.6904333
岩槻区,35.94322222,139.7012167
岩槻区,35.94328056,139.7099917
岩槻区,35.94328889,139.702225
岩槻区,35.94331111,139.7129306
岩槻区,35.94331667,139.73735
岩槻区,35.943325,139.6929306
岩槻区,35.94337222,139.7040028
岩槻区,35.94343889,139.742
岩槻区,35.94345278,139.7333472
岩槻区,35.94345556,139.7067139
岩槻区,35.94346389,139.6975139
岩槻区,35.94346389,139.7156833
岩槻区,35.9435,139.6919111
岩槻区,35.94355278,139.6908028
岩槻区,35.94357778,139.6949556
岩槻区,35.94358056,139.6976611
岩槻区,35.94360278,139.6935222
岩槻区,35.94361111,139.7457889
岩槻区,35.943625,139.7142028
岩槻区,35.94366111,139.7198639
岩槻区,35.94368611,139.7029017
岩槻区,35.94369722,139.6894139
岩槻区,35.94370556,139.7061278
岩槻区,35.94371111,139.7028806
岩槻区,35.94374722,139.6868028
岩槻区,35.94374722,139.7086778
岩槻区,35.94375278,139.7434333
岩槻区,35.9438,139.7009389
岩槻区,35.94388056,139.7112083
岩槻区,35.94388889,139.6872028
岩槻区,35.94391111,139.7502611
岩槻区,35.94396389,139.6969444
岩槻区,35.94398611,139.6928861
岩槻区,35.94401389,139.6961139
岩槻区,35.94403333,139.7049778
岩槻区,35.94408611,139.7185444
岩槻区,35.94411389,139.7166639
岩槻区,35.94414444,139.6944111
岩槻区,35.94422222,139.6996639
岩槻区,35.94422778,139.6980028
岩槻区,35.94424167,139.6882861
岩槻区,35.94424444,139.7017306
岩槻区,35.944275,139.6935083
岩槻区,35.94434167,139.6861
岩槻区,35.94440278,139.7325
岩槻区,35.94440833,139.7309778
岩槻区,35.94443889,139.7056806
岩槻区,35.94444167,139.7038083
岩槻区,35.94446667,139.7365722
岩槻区,35.94451667,139.7101417
岩槻区,35.94455,139.7288944
岩槻区,35.94458889,139.690375
岩槻区,35.94459444,139.7162417
岩槻区,35.94460833,139.7009667
岩槻区,35.94468056,139.6921444
岩槻区,35.94468889,139.6887639
岩槻区,35.94477222,139.7132528
岩槻区,35.944875,139.7339944
岩槻区,35.94488889,139.6993667
岩槻区,35.94495278,139.7146194
岩槻区,35.94495833,139.7035306
岩槻区,35.94499444,139.7242722
岩槻区,35.94505,139.7115806
岩槻区,35.94506944,139.6925028
岩槻区,35.94508611,139.7178333
岩槻区,35.94508889,139.7262528
岩槻区,35.94514167,139.7221167
岩槻区,35.94514444,139.6892889
岩槻区,35.94515556,139.6946528
岩槻区,35.94518056,139.7000472
岩槻区,35.94520833,139.6893417
岩槻区,35.94521111,139.7154889
岩槻区,35.94523056,139.6985528
岩槻区,35.94523889,139.7069194
岩槻区,35.94524444,139.7296889
岩槻区,35.94535,139.7093222
岩槻区,35.94536667,139.697875
岩槻区,35.94540833,139.7033806
岩槻区,35.94544444,139.7034389
岩槻区,35.94545556,139.6992361
岩槻区,35.94552083,139.7046461
岩槻区,35.94552222,139.69475
岩槻区,35.94554444,139.6959361
岩槻区,35.94554722,139.6867917
岩槻区,35.94555833,139.6911444
岩槻区,35.94557778,139.6879778
岩槻区,35.94557861,139.6927317
岩槻区,35.94558333,139.7144583
岩槻区,35.94558889,139.7207083
岩槻区,35.94562222,139.7127694
岩槻区,35.94569167,139.6921083
岩槻区,35.94574722,139.6979056
岩槻区,35.94575556,139.6973306
岩槻区,35.94576389,139.6992694
岩槻区,35.94577222,139.7077389
岩槻区,35.9458,139.7158583
岩槻区,35.94580556,139.695275
岩槻区,35.94595278,139.69335
岩槻区,35.94597222,139.7013667
岩槻区,35.94601944,139.73315
岩槻区,35.94609444,139.6920056
岩槻区,35.94610833,139.7043917
岩槻区,35.94615278,139.7219722
岩槻区,35.94616944,139.7279083
岩槻区,35.94624444,139.6999111
岩槻区,35.94629722,139.7083611
岩槻区,35.94630278,139.7305278
岩槻区,35.94633611,139.6900806
岩槻区,35.94634444,139.6900639
岩槻区,35.94636667,139.7037889
岩槻区,35.94638333,139.7222028
岩槻区,35.94640278,139.7143917
岩槻区,35.94641389,139.69405
岩槻区,35.94642778,139.7169389
岩槻区,35.94643611,139.694575
岩槻区,35.946475,139.6890528
岩槻区,35.94647778,139.7021444
岩槻区,35.94651944,139.6968389
岩槻区,35.94653056,139.6979028
岩槻区,35.94653611,139.7205778
岩槻区,35.94655278,139.6999556
岩槻区,35.94662222,139.6950611
岩槻区,35.94664444,139.73515
岩槻区,35.94672778,139.7227111
岩槻区,35.94676111,139.686325
岩槻区,35.94677222,139.6877083
岩槻区,35.94685556,139.7211889
岩槻区,35.946875,139.7055083
岩槻区,35.94688056,139.7255028
岩槻区,35.9469,139.6928917
岩槻区,35.94691111,139.7189194
岩槻区,35.94694722,139.6911944
岩槻区,35.94695278,139.6954111
岩槻区,35.94700833,139.7060972
岩槻区,35.94701667,139.7006917
岩槻区,35.94703056,139.6990778
岩槻区,35.94703889,139.7290333
岩槻区,35.94705278,139.6890861
岩槻区,35.94705278,139.6890833
岩槻区,35.94711944,139.7031306
岩槻区,35.94715556,139.6973639
岩槻区,35.94723889,139.6944417
岩槻区,35.94735833,139.6981583
岩槻区,35.947375,139.7072833
岩槻区,35.94745833,139.6952083
岩槻区,35.94753611,139.6935806
岩槻区,35.94753611,139.690175
岩槻区,35.94754444,139.7009972
岩槻区,35.94756667,139.6920778
岩槻区,35.94756944,139.6948528
岩槻区,35.94758333,139.6945833
岩槻区,35.94759444,139.7014611
岩槻区,35.94760556,139.6920111
岩槻区,35.94760833,139.6945056
岩槻区,35.94761389,139.6869694
岩槻区,35.94761667,139.7055694
岩槻区,35.94765278,139.7192833
岩槻区,35.94765556,139.7314333
岩槻区,35.94772778,139.7040778
岩槻区,35.94775556,139.6969917
岩槻区,35.94775639,139.6960008
岩槻区,35.94776667,139.726
岩槻区,35.94779167,139.7222389
岩槻区,35.94779444,139.7137028
岩槻区,35.94780556,139.7016
岩槻区,35.94784722,139.6997139
岩槻区,35.94784722,139.7202778
岩槻区,35.94786944,139.69785
岩槻区,35.94795278,139.6985667
岩槻区,35.94797222,139.6878056
岩槻区,35.947975,139.68545
岩槻区,35.94806667,139.702325
岩槻区,35.94806944,139.6949472
岩槻区,35.94809167,139.6972139
岩槻区,35.94810833,139.6949222
岩槻区,35.94811111,139.6925028
岩槻区,35.94815278,139.7274667
岩槻区,35.94816333,139.6959425
岩槻区,35.94816389,139.7223722
岩槻区,35.94820833,139.6935778
岩槻区,35.94822778,139.71845
岩槻区,35.94825278,139.6944222
岩槻区,35.94825833,139.7049028
岩槻区,35.94828889,139.7079
岩槻区,35.94831944,139.6975222
岩槻区,35.94839389,139.711655
岩槻区,35.94841111,139.7061389
岩槻区,35.94850833,139.6987056
岩槻区,35.94851667,139.7029306
岩槻区,35.94851944,139.7213778
岩槻区,35.94854167,139.697775
岩槻区,35.94854167,139.6970944
岩槻区,35.94857583,139.6968658
岩槻区,35.94861389,139.6897194
岩槻区,35.94864722,139.6906361
岩槻区,35.94864722,139.6906611
岩槻区,35.94867222,139.6881389
岩槻区,35.94869722,139.7009361
岩槻区,35.94870556,139.6930917
岩槻区,35.94880833,139.7038667
岩槻区,35.94883611,139.7018861
岩槻区,35.94884167,139.6925083
岩槻区,35.94885556,139.6865972
岩槻区,35.94885556,139.6999194
岩槻区,35.94885556,139.7262778
岩槻区,35.94888833,139.6962458
岩槻区,35.94892222,139.6962861
岩槻区,35.94898611,139.7025806
岩槻区,35.94904444,139.6840972
岩槻区,35.94905556,139.7179639
岩槻区,35.94906667,139.6919111
岩槻区,35.94910278,139.7071806
岩槻区,35.94911389,139.7102
岩槻区,35.94919167,139.6870611
岩槻区,35.94919167,139.6954056
岩槻区,35.94924722,139.7003972
岩槻区,35.94926111,139.687125
岩槻区,35.94934722,139.7192778
岩槻区,35.94936111,139.720525
岩槻区,35.94936944,139.7046944
岩槻区,35.949425,139.7053639
岩槻区,35.949425,139.6916333
岩槻区,35.94944444,139.6919389
岩槻区,35.94946111,139.7218444
岩槻区,35.94952778,139.7122361
岩槻区,35.94954167,139.6907333
岩槻区,35.94955278,139.7036833
岩槻区,35.94964444,139.6875389
岩槻区,35.94965556,139.6892028
岩槻区,35.94968889,139.6892333
岩槻区,35.94973611,139.7062583
岩槻区,35.94980833,139.6860333
岩槻区,35.94982778,139.6990056
岩槻区,35.94988889,139.6945333
岩槻区,35.94991389,139.7006667
岩槻区,35.94993333,139.6977944
岩槻区,35.94993889,139.7107167
岩槻区,35.94996667,139.7116583
岩槻区,35.94998333,139.7133556
岩槻区,35.95004722,139.6908694
岩槻区,35.95006667,139.718525
岩槻区,35.95006944,139.6906722
岩槻区,35.95011944,139.7027056
岩槻区,35.95013056,139.7080833
岩槻区,35.95025556,139.7176
岩槻区,35.95025833,139.7060333
岩槻区,35.95026667,139.712875
岩槻区,35.95030556,139.7217861
岩槻区,35.95033611,139.6882778
岩槻区,35.95036667,139.6933678
岩槻区,35.95040833,139.7032361
岩槻区,35.95040833,139.6916806
岩槻区,35.95045278,139.6967639
岩槻区,35.95054167,139.7198528
岩槻区,35.95056667,139.7097333
岩槻区,35.95058333,139.7140806
岩槻区,35.95059444,139.7017389
岩槻区,35.95061111,139.6899806
岩槻区,35.950675,139.6986861
岩槻区,35.95075556,139.7204778
岩槻区,35.95086111,139.6904028
岩槻区,35.95088889,139.689225
岩槻区,35.95090278,139.717325
岩槻区,35.95091111,139.6995889
岩槻区,35.95091389,139.6873778
岩槻区,35.95092222,139.7223361
岩槻区,35.95098611,139.7111306
岩槻区,35.95102778,139.7001861
岩槻区,35.95108333,139.7076194
岩槻区,35.95116944,139.6820806
岩槻区,35.951175,139.6925278
岩槻区,35.95124444,139.6959722
岩槻区,35.95124722,139.6942722
岩槻区,35.95125556,139.6976306
岩槻区,35.95126944,139.7143333
岩槻区,35.95131667,139.7132222
岩槻区,35.95134722,139.7185306
岩槻区,35.95138889,139.7055417
岩槻区,35.95143333,139.6886472
岩槻区,35.95147222,139.6894944
岩槻区,35.951475,139.7023528
岩槻区,35.95151667,139.6881167
岩槻区,35.95154167,139.7088583
岩槻区,35.95155556,139.7210861
岩槻区,35.95163889,139.6912833
岩槻区,35.95166111,139.6913028
岩槻区,35.9517,139.7013333
岩槻区,35.95173889,139.7065806
岩槻区,35.95176111,139.7127417
岩槻区,35.95178056,139.691625
岩槻区,35.95181111,139.7047444
岩槻区,35.95181389,139.6965
岩槻区,35.95182444,139.7038494
岩槻区,35.95186389,139.6868972
岩槻区,35.95191111,139.7099528
岩槻区,35.95192222,139.6852861
岩槻区,35.95194167,139.6933694
岩槻区,35.95196944,139.7027694
岩槻区,35.95200833,139.6950833
岩槻区,35.95201111,139.7169556
岩槻区,35.95201944,139.6984417
岩槻区,35.95211111,139.7080028
岩槻区,35.95212222,139.7008417
岩槻区,35.95215833,139.6885778
岩槻区,35.95217778,139.6875389
岩槻区,35.95224444,139.7142056
岩槻区,35.95233889,139.7044556
岩槻区,35.95233889,139.7059139
岩槻区,35.95234444,139.7016333
岩槻区,35.95235,139.7123639
岩槻区,35.95241111,139.7072056
岩槻区,35.95245556,139.7182528
岩槻区,35.95248889,139.7029222
岩槻区,35.95251667,139.6906611
岩槻区,35.95251944,139.6942167
岩槻区,35.952575,139.6923972
岩槻区,35.952575,139.6868972
岩槻区,35.95258333,139.7095583
岩槻区,35.95258889,139.71945
岩槻区,35.95269444,139.7051722
岩槻区,35.95279167,139.6859639
岩槻区,35.95281111,139.6875611
岩槻区,35.95286111,139.7128167
岩槻区,35.95286944,139.6974667
岩槻区,35.952875,139.6887833
岩槻区,35.95288611,139.717475
岩槻区,35.95289444,139.7081278
岩槻区,35.95289722,139.7056861
岩槻区,35.95298889,139.68655
岩槻区,35.95299444,139.7120861
岩槻区,35.95303889,139.7217722
岩槻区,35.95304444,139.6999944
岩槻区,35.95305,139.6995694
岩槻区,35.95305833,139.7073444
岩槻区,35.95316389,139.7163556
岩槻区,35.95323333,139.7003611
岩槻区,35.95325833,139.7045056
岩槻区,35.95326667,139.6914583
岩槻区,35.9533,139.706575
岩槻区,35.95331944,139.7013083
岩槻区,35.95334722,139.6932222
岩槻区,35.95336944,139.6857606
岩槻区,35.95338056,139.6981972
岩槻区,35.9534,139.7030222
岩槻区,35.95341944,139.7136389
岩槻区,35.95348889,139.7102889
岩槻区,35.95349722,139.6967139
岩槻区,35.95353333,139.7178333
岩槻区,35.95356389,139.6849111
岩槻区,35.95359972,139.6856939
岩槻区,35.95365833,139.6891111
岩槻区,35.95367222,139.7085667
岩槻区,35.95368611,139.719125
岩槻区,35.9538,139.7212778
岩槻区,35.95396389,139.6905778
岩槻区,35.95400278,139.7113333
岩槻区,35.95401944,139.69225
岩槻区,35.95401944,139.6859306
岩槻区,35.95402778,139.706125
岩槻区,35.95406389,139.6957472
岩槻区,35.95411389,139.720825
岩槻区,35.95413056,139.7125861
岩槻区,35.95421944,139.7045806
岩槻区,35.95425,139.7182111
岩槻区,35.95426111,139.7093917
岩槻区,35.95426111,139.7006
岩槻区,35.95431389,139.7231056
岩槻区,35.95432222,139.7114917
岩槻区,35.95436389,139.6876111
岩槻区,35.95438333,139.6876417
岩槻区,35.95438611,139.7035667
岩槻区,35.95441111,139.6835194
岩槻区,35.95441389,139.6835194
岩槻区,35.95453889,139.7193639
岩槻区,35.95454167,139.6991694
岩槻区,35.95455556,139.7073639
岩槻区,35.954575,139.7135139
岩槻区,35.95459167,139.7018528
岩槻区,35.95464667,139.6880039
岩槻区,35.95465556,139.7103583
岩槻区,35.95468889,139.6946889
岩槻区,35.95474444,139.7055028
岩槻区,35.95475556,139.7086167
岩槻区,35.954775,139.7170389
岩槻区,35.95479444,139.691475
岩槻区,35.95481667,139.6865139
岩槻区,35.95483056,139.70945
岩槻区,35.95488611,139.6980389
岩槻区,35.95492222,139.7202583
岩槻区,35.95495556,139.6966333
岩槻区,35.95500556,139.7156056
岩槻区,35.955075,139.722425
岩槻区,35.95510556,139.7180028
岩槻区,35.95515556,139.6905028
岩槻区,35.95517222,139.7063556
岩槻区,35.95523333,139.7047139
岩槻区,35.95524444,139.7125361
岩槻区,35.95532222,139.7087667
岩槻区,35.955325,139.7239694
岩槻区,35.95533333,139.7035389
岩槻区,35.95534722,139.7112972
岩槻区,35.9554,139.7208333
岩槻区,35.95541667,139.6938222
岩槻区,35.955425,139.7191778
岩槻区,35.95543333,139.7251889
岩槻区,35.95545833,139.6998972
岩槻区,35.95547778,139.6922167
岩槻区,35.9556,139.7184222
岩槻区,35.95560278,139.6867972
岩槻区,35.95563056,139.6956861
岩槻区,35.955675,139.7076861
岩槻区,35.95569167,139.7235444
岩槻区,35.95578333,139.6856572
岩槻区,35.9558,139.7008639
岩槻区,35.95580556,139.7201583
岩槻区,35.95580833,139.7105639
岩槻区,35.95584722,139.7161472
岩槻区,35.95585833,139.7121417
岩槻区,35.95590833,139.6997028
岩槻区,35.95591389,139.7169694
岩槻区,35.95592778,139.697675
岩槻区,35.95603333,139.6827667
岩槻区,35.95605,139.6845472
岩槻区,35.95606111,139.6847694
岩槻区,35.95606389,139.6884083
岩槻区,35.95613611,139.6963472
岩槻区,35.95615833,139.7258972
岩槻区,35.95619722,139.7224111
岩槻区,35.95621944,139.6930167
岩槻区,35.95621944,139.7024806
岩槻区,35.95623889,139.7189889
岩槻区,35.95624722,139.7050944
岩槻区,35.95626667,139.7089861
岩槻区,35.95645278,139.6997389
岩槻区,35.95646111,139.7153194
岩槻区,35.95646389,139.691275
岩槻区,35.95651111,139.7078
岩槻区,35.95661111,139.7168222
岩槻区,35.95661111,139.7144139
岩槻区,35.95663333,139.6808139
岩槻区,35.95676389,139.6954861
岩槻区,35.95676944,139.7208111
岩槻区,35.95679722,139.7253111
岩槻区,35.95680833,139.6981278
岩槻区,35.95685556,139.7267917
岩槻区,35.95693611,139.7191111
岩槻区,35.95694444,139.6971194
岩槻区,35.95697778,139.6783889
岩槻区,35.95698611,139.6898194
岩槻区,35.95698611,139.6898056
岩槻区,35.95703056,139.6897972
岩槻区,35.95703333,139.6842333
岩槻区,35.95705,139.7202139
岩槻区,35.95705,139.7051889
岩槻区,35.95706111,139.7155083
岩槻区,35.95711111,139.7180111
岩槻区,35.95711389,139.702475
岩槻区,35.95726667,139.7140611
岩槻区,35.95727222,139.7092722
岩槻区,35.95731667,139.6982806
岩槻区,35.95736389,139.682575
岩槻区,35.95741667,139.7170861
岩槻区,35.95744722,139.708
岩槻区,35.95746667,139.6945056
岩槻区,35.95749167,139.7028583
岩槻区,35.95749722,139.6960889
岩槻区,35.95751667,139.6881278
岩槻区,35.957575,139.6923889
岩槻区,35.95758333,139.7144139
岩槻区,35.95761944,139.7287028
岩槻区,35.95765,139.7102917
岩槻区,35.95766944,139.6789694
岩槻区,35.95769722,139.7159667
岩槻区,35.95771667,139.6970306
岩槻区,35.95773056,139.7136722
岩槻区,35.95774722,139.6790722
岩槻区,35.95785278,139.7013
岩槻区,35.95786111,139.6964028
岩槻区,35.95786944,139.7192861
岩槻区,35.95788333,139.690125
岩槻区,35.95788889,139.6807528
岩槻区,35.95791667,139.7047139
岩槻区,35.95791944,139.6964056
岩槻区,35.95794722,139.6867167
岩槻区,35.95797222,139.7181028
岩槻区,35.958,139.6996778
岩槻区,35.95808611,139.6772417
岩槻区,35.95810556,139.6893722
岩槻区,35.95815,139.6910694
岩槻区,35.95816528,139.6910761
岩槻区,35.95816667,139.7058167
岩槻区,35.9582,139.7134417
岩槻区,35.95824444,139.6985778
岩槻区,35.95824722,139.6931972
岩槻区,35.95829167,139.7024639
岩槻区,35.95838611,139.7172111
岩槻区,35.95845,139.6940778
岩槻区,35.95845,139.6911972
岩槻区,35.95846944,139.6798833
岩槻区,35.95848889,139.6905194
岩槻区,35.95856667,139.6875361
岩槻区,35.95860278,139.6949639
岩槻区,35.95860556,139.7158278
岩槻区,35.95860833,139.6859194
岩槻区,35.95867222,139.7071917
岩槻区,35.95869167,139.6851667
岩槻区,35.95872778,139.7122
岩槻区,35.95876667,139.688925
岩槻区,35.95883333,139.7164389
岩槻区,35.958875,139.7006833
岩槻区,35.95891944,139.7043556
岩槻区,35.95892778,139.7145861
岩槻区,35.95893333,139.699075
岩槻区,35.95893611,139.7182556
岩槻区,35.95895278,139.6980611
岩槻区,35.95900278,139.7133361
岩槻区,35.95902222,139.6931028
岩槻区,35.95903056,139.6959139
岩槻区,35.95903611,139.695925
岩槻区,35.95904722,139.6959278
岩槻区,35.959075,139.7019333
岩槻区,35.95913056,139.7189528
岩槻区,35.95918889,139.7028083
岩槻区,35.95920278,139.683625
岩槻区,35.95920833,139.6786167
岩槻区,35.95926389,139.6884111
岩槻区,35.9593,139.6967972
岩槻区,35.95939167,139.7133611
岩槻区,35.95941111,139.7051861
岩槻区,35.95953889,139.7074778
岩槻区,35.95958056,139.6774444
岩槻区,35.95958611,139.6839861
岩槻区,35.95959444,139.7063694
岩槻区,35.95966111,139.6890528
岩槻区,35.95966667,139.6881056
岩槻区,35.95968611,139.6952556
岩槻区,35.95970556,139.7000361
岩槻区,35.95973611,139.7157694
岩槻区,35.95975,139.703675
岩槻区,35.95978333,139.7100472
岩槻区,35.9598,139.7112361
岩槻区,35.95984167,139.6822583
岩槻区,35.95988333,139.6844667
岩槻区,35.95997778,139.6867833
岩槻区,35.96000556,139.6929583
岩槻区,35.960025,139.7169556
岩槻区,35.96004444,139.6991444
岩槻区,35.96005278,139.7134972
岩槻区,35.96007222,139.6958139
岩槻区,35.96007778,139.7009806
岩槻区,35.96008056,139.7172278
岩槻区,35.96009444,139.6979528
岩槻区,35.96011667,139.7187861
岩槻区,35.96013056,139.6964611
岩槻区,35.96019167,139.6756083
岩槻区,35.9602,139.7019806
岩槻区,35.96020833,139.6920917
岩槻区,35.96021389,139.7043667
岩槻区,35.96032778,139.6810083
岩槻区,35.96040278,139.6850444
岩槻区,35.96041389,139.68505
岩槻区,35.96046667,139.688475
岩槻区,35.96047222,139.7084833
岩槻区,35.96050278,139.7056583
岩槻区,35.96065278,139.6867889
岩槻区,35.96066667,139.7031583
岩槻区,35.96069444,139.7150056
岩槻区,35.96075556,139.7121722
岩槻区,35.9608,139.70945
岩槻区,35.961,139.6944306
岩槻区,35.96102778,139.6788667
岩槻区,35.96106667,139.699425
岩槻区,35.9611,139.7039722
岩槻区,35.96112778,139.7132111
岩槻区,35.96117222,139.7161944
岩槻区,35.96117778,139.7107778
岩槻区,35.96118333,139.7009222
岩槻区,35.96120278,139.6881944
岩槻区,35.96121667,139.6818833
岩槻区,35.96122222,139.7017778
岩槻区,35.96122222,139.6777139
岩槻区,35.96123889,139.6835167
岩槻区,35.96128889,139.7098806
岩槻区,35.96138056,139.6963806
岩槻区,35.961425,139.7029667
岩槻区,35.96143611,139.7087306
岩槻区,35.96145278,139.7148444
岩槻区,35.96146389,139.6753639
岩槻区,35.96149167,139.7059861
岩槻区,35.96150278,139.6747694
岩槻区,35.96160278,139.7134
岩槻区,35.96165,139.7070917
岩槻区,35.96166944,139.6797611
岩槻区,35.96175556,139.6812
岩槻区,35.96178889,139.7156083
岩槻区,35.96185,139.6769611
岩槻区,35.9619,139.6983139
岩槻区,35.96190278,139.7154833
岩槻区,35.96194167,139.706475
岩槻区,35.96196111,139.7016694
岩槻区,35.96204444,139.6955694
岩槻区,35.96205833,139.6733278
岩槻区,35.96206111,139.699525
岩槻区,35.962175,139.7116556
岩槻区,35.96226944,139.70085
岩槻区,35.96232778,139.69745
岩槻区,35.9624,139.70945
岩槻区,35.962425,139.6788056
岩槻区,35.96243333,139.7133833
岩槻区,35.96245556,139.7109389
岩槻区,35.96253333,139.6874506
岩槻区,35.96256389,139.6955083
岩槻区,35.96257778,139.6753417
岩槻区,35.96267222,139.7143056
岩槻区,35.96267222,139.7142944
岩槻区,35.96268333,139.6776
岩槻区,35.96268889,139.7072111
岩槻区,35.96269167,139.6845944
岩槻区,35.96279167,139.7056139
岩槻区,35.962825,139.7018444
岩槻区,35.962825,139.71205
岩槻区,35.96287222,139.6982083
岩槻区,35.96287778,139.6765722
岩槻区,35.96291111,139.7043444
岩槻区,35.96299167,139.6997222
岩槻区,35.96302222,139.6969306
岩槻区,35.96306389,139.7091861
岩槻区,35.96314444,139.6705361
岩槻区,35.96316944,139.6704861
岩槻区,35.96318056,139.7128333
岩槻区,35.96321111,139.6942722
岩槻区,35.96329722,139.6754111
岩槻区,35.96333056,139.6907778
岩槻区,35.96333611,139.6822667
岩槻区,35.96337222,139.7115111
岩槻区,35.96341667,139.7139361
岩槻区,35.963425,139.6824944
岩槻区,35.963425,139.7101917
岩槻区,35.96343611,139.668175
岩槻区,35.96346111,139.6787083
岩槻区,35.96346667,139.7155028
岩槻区,35.96355556,139.6883278
岩槻区,35.963575,139.6801611
岩槻区,35.96357778,139.6661056
岩槻区,35.96361944,139.7086806
岩槻区,35.96363889,139.7006417
岩槻区,35.96367222,139.6652639
岩槻区,35.96368333,139.6978556
岩槻区,35.96368611,139.6913056
岩槻区,35.96369167,139.7046361
岩槻区,35.963725,139.6775528
岩槻区,35.96374167,139.6717472
岩槻区,35.96381111,139.7037694
岩槻区,35.96384444,139.6980528
岩槻区,35.96386111,139.6980833
岩槻区,35.96386667,139.6850556
岩槻区,35.963875,139.7072
岩槻区,35.96391111,139.7120639
岩槻区,35.96393056,139.6960667
岩槻区,35.96395278,139.6960583
岩槻区,35.96400556,139.6871056
岩槻区,35.96401667,139.6828222
岩槻区,35.9641,139.6689972
岩槻区,35.96419444,139.6818639
岩槻区,35.96426111,139.694425
岩槻区,35.96433056,139.6993222
岩槻区,35.96434167,139.6776889
岩槻区,35.96438333,139.7089833
岩槻区,35.96438889,139.7089917
岩槻区,35.96440278,139.7130028
岩槻区,35.96442778,139.6680806
岩槻区,35.96445,139.6969722
岩槻区,35.96445,139.6908278
岩槻区,35.96446111,139.6969694
岩槻区,35.96448056,139.7165806
岩槻区,35.96449167,139.7034722
岩槻区,35.96458889,139.6755917
岩槻区,35.96465556,139.7064861
岩槻区,35.96469444,139.6891306
岩槻区,35.96471389,139.7113667
岩槻区,35.964725,139.6592917
岩槻区,35.96489722,139.6669694
岩槻区,35.96495556,139.6743556
岩槻区,35.96496667,139.6743389
岩槻区,35.96498333,139.6785472
岩槻区,35.96503056,139.7142861
岩槻区,35.965075,139.6741556
岩槻区,35.96508611,139.7047083
岩槻区,35.96510833,139.7211139
岩槻区,35.96511111,139.7211111
岩槻区,35.96511389,139.6900139
岩槻区,35.96514167,139.7136583
岩槻区,35.96515083,139.6610589
岩槻区,35.96515278,139.7211639
岩槻区,35.96521944,139.6868028
岩槻区,35.96523056,139.682225
岩槻区,35.965325,139.6909278
岩槻区,35.96534167,139.7097972
岩槻区,35.96535,139.7097972
岩槻区,35.96535278,139.7097972
岩槻区,35.96537222,139.6971306
岩槻区,35.96540833,139.67
岩槻区,35.96543611,139.6886889
岩槻区,35.96543611,139.6886667
岩槻区,35.96544167,139.7029167
岩槻区,35.96545278,139.7092083
岩槻区,35.96547222,139.7092222
岩槻区,35.96558056,139.7131556
岩槻区,35.96564722,139.6651139
岩槻区,35.96566389,139.7222861
岩槻区,35.96567222,139.6983694
岩槻区,35.96567778,139.6764889
岩槻区,35.96576667,139.7051167
岩槻区,35.96577778,139.6731139
岩槻区,35.96580278,139.7115472
岩槻区,35.96593889,139.7200333
岩槻区,35.96599722,139.6856111
岩槻区,35.96604444,139.7179444
岩槻区,35.96609167,139.7039972
岩槻区,35.96614444,139.7050556
岩槻区,35.966175,139.7050611
岩槻区,35.96620833,139.6622028
岩槻区,35.96622222,139.713925
岩槻区,35.96624444,139.6807778
岩槻区,35.96625833,139.7126306
岩槻区,35.96626389,139.707725
岩槻区,35.96627778,139.7214278
岩槻区,35.96628611,139.7015444
岩槻区,35.96632222,139.6978694
岩槻区,35.96633611,139.7028861
岩槻区,35.966375,139.7190417
岩槻区,35.96638611,139.7232333
岩槻区,35.96643333,139.7151444
岩槻区,35.96655556,139.6885861
岩槻区,35.96658333,139.67195
岩槻区,35.96660556,139.6977194
岩槻区,35.96661111,139.667925
岩槻区,35.96661389,139.7251722
岩槻区,35.96663333,139.708375
岩槻区,35.96665556,139.6827889
岩槻区,35.96674167,139.7114389
岩槻区,35.96679167,139.6905889
岩槻区,35.96683056,139.6635889
岩槻区,35.96691389,139.7106417
岩槻区,35.96691944,139.7202222
岩槻区,35.96692778,139.6845944
岩槻区,35.96698333,139.7096889
岩槻区,35.96705556,139.7035889
岩槻区,35.96716389,139.6696889
岩槻区,35.96718056,139.7180583
岩槻区,35.96722222,139.7139944
岩槻区,35.96722778,139.7214889
岩槻区,35.96725,139.7072778
岩槻区,35.96725833,139.6697278
岩槻区,35.96729722,139.7004889
岩槻区,35.967325,139.7023
岩槻区,35.96739444,139.706175
岩槻区,35.96741111,139.7101722
岩槻区,35.96742778,139.7048833
岩槻区,35.96747778,139.6964417
岩槻区,35.96748889,139.6862139
岩槻区,35.96756389,139.7079083
岩槻区,35.96769722,139.722725
岩槻区,35.96770556,139.7234083
岩槻区,35.967725,139.725075
岩槻区,35.96776944,139.6836472
岩槻区,35.96776944,139.6655028
岩槻区,35.96779444,139.7093806
岩槻区,35.96779444,139.6654444
岩槻区,35.96780556,139.7093806
岩槻区,35.96792222,139.7018306
岩槻区,35.96793056,139.71375
岩槻区,35.96793333,139.7137694
岩槻区,35.96806111,139.7032639
岩槻区,35.96811111,139.68835
岩槻区,35.96813611,139.7125028
岩槻区,35.96829722,139.690075
岩槻区,35.96831944,139.716625
岩槻区,35.968425,139.6723767
岩槻区,35.96844167,139.6616917
岩槻区,35.96845278,139.7282111
岩槻区,35.96846111,139.7019667
岩槻区,35.96846389,139.7091722
岩槻区,35.96852222,139.7079556
岩槻区,35.96856944,139.7001917
岩槻区,35.968575,139.7115917
岩槻区,35.96858611,139.7115806
岩槻区,35.96858611,139.6680694
岩槻区,35.96859444,139.6952944
岩槻区,35.96859722,139.706675
岩槻区,35.96863333,139.7046417
岩槻区,35.96865833,139.6862056
岩槻区,35.96870556,139.7151306
岩槻区,35.96874167,139.7151528
岩槻区,35.96876667,139.6710167
岩槻区,35.96879722,139.6871
岩槻区,35.96891389,139.7224444
岩槻区,35.96892778,139.6998556
岩槻区,35.96895278,139.7239389
岩槻区,35.96898611,139.6653111
岩槻区,35.96903611,139.69435
岩槻区,35.96918333,139.6740167
岩槻区,35.96920278,139.71005
岩槻区,35.96923333,139.7079
岩槻区,35.96923889,139.6964139
岩槻区,35.96933889,139.7036778
岩槻区,35.96935278,139.7012417
岩槻区,35.96943889,139.6671583
岩槻区,35.96944167,139.6671444
岩槻区,35.96954167,139.69315
岩槻区,35.96955556,139.6666
岩槻区,35.96964167,139.665775
岩槻区,35.96969444,139.7091083
岩槻区,35.96976389,139.6713389
岩槻区,35.96976944,139.7067333
岩槻区,35.96977778,139.7023639
岩槻区,35.96979722,139.7050444
岩槻区,35.96981111,139.7080306
岩槻区,35.96983417,139.6642081
岩槻区,35.96985556,139.7100417
岩槻区,35.96995833,139.69745
岩槻区,35.96998611,139.7223944
岩槻区,35.97001389,139.7194556
岩槻区,35.97009444,139.6994722
岩槻区,35.97010278,139.7202333
岩槻区,35.97018889,139.6958444
岩槻区,35.97030278,139.7229861
岩槻区,35.97034444,139.7117417
岩槻区,35.97040556,139.6966528
岩槻区,35.97041389,139.70055
岩槻区,35.97044444,139.698975
岩槻区,35.97051111,139.6950722
岩槻区,35.97058333,139.6944472
岩槻区,35.9706,139.7030861
岩槻区,35.97064167,139.6987722
岩槻区,35.97072778,139.7247639
岩槻区,35.97081667,139.7210833
岩槻区,35.97101944,139.7275028
岩槻区,35.97110278,139.713475
岩槻区,35.971125,139.7262333
岩槻区,35.97115,139.7014639
岩槻区,35.97116111,139.7208472
岩槻区,35.97116944,139.7041111
岩槻区,35.97124722,139.6981778
岩槻区,35.97137889,139.72323
岩槻区,35.97150556,139.6922861
岩槻区,35.97170278,139.7218306
岩槻区,35.971775,139.7080028
岩槻区,35.97183333,139.7207867
岩槻区,35.97187222,139.7054361
岩槻区,35.97194444,139.7025056
岩槻区,35.97199167,139.7024889
岩槻区,35.97205,139.7253528
岩槻区,35.972075,139.7064667
岩槻区,35.97209167,139.7192667
岩槻区,35.97215278,139.7272056
岩槻区,35.97227444,139.7106581
岩槻区,35.97229444,139.7173972
岩槻区,35.97231389,139.7121083
岩槻区,35.97231944,139.7149222
岩槻区,35.97235,139.7006361
岩槻区,35.97239167,139.6989917
岩槻区,35.97258333,139.7260028
岩槻区,35.97262222,139.7159306
岩槻区,35.97266389,139.7092
岩槻区,35.97294444,139.6952944
岩槻区,35.97294722,139.7180833
岩槻区,35.97304444,139.7032111
岩槻区,35.97323333,139.7275111
岩槻区,35.9733475,139.6996983
岩槻区,35.97380278,139.7081306
岩槻区,35.97394722,139.6971056
岩槻区,35.97405,139.7093806
岩槻区,35.97405278,139.7093917
岩槻区,35.97405278,139.6955756
岩槻区,35.97411111,139.7264111
岩槻区,35.97413056,139.6990556
岩槻区,35.97414444,139.7015889
岩槻区,35.97422778,139.7008694
岩槻区,35.97430278,139.7161833
岩槻区,35.97431389,139.7276167
岩槻区,35.97440833,139.7067806
岩槻区,35.97447111,139.6903028
岩槻区,35.97456111,139.694075
岩槻区,35.97463889,139.7041917
岩槻区,35.97464722,139.7042194
岩槻区,35.97470556,139.7003111
岩槻区,35.97480556,139.6928167
岩槻区,35.97494167,139.7024667
岩槻区,35.97495556,139.7256139
岩槻区,35.97499167,139.7078611
岩槻区,35.97500556,139.7078417
岩槻区,35.97502778,139.7078111
岩槻区,35.97503889,139.7014639
岩槻区,35.97505278,139.7054833
岩槻区,35.97521389,139.7273278
岩槻区,35.97531111,139.7060444
岩槻区,35.97538333,139.7145389
岩槻区,35.97543333,139.7273747
岩槻区,35.97546944,139.7034417
岩槻区,35.97557778,139.7007917
岩槻区,35.97560556,139.6916194
岩槻区,35.975625,139.6949778
岩槻区,35.97564722,139.7098528
岩槻区,35.97573889,139.6973417
岩槻区,35.97581111,139.7068222
岩槻区,35.97599722,139.7282222
岩槻区,35.97599722,139.7132444
岩槻区,35.97612778,139.6955139
岩槻区,35.97622778,139.7168417
岩槻区,35.97623611,139.7002833
岩槻区,35.97633611,139.7023194
岩槻区,35.9766,139.7057556
岩槻区,35.97665556,139.6936167
岩槻区,35.97666389,139.6986167
岩槻区,35.97668056,139.6963417
岩槻区,35.97669167,139.7012778
岩槻区,35.97685556,139.7272086
岩槻区,35.97690278,139.725425
岩槻区,35.97698333,139.7103194
岩槻区,35.97699722,139.6907094
岩槻区,35.97709444,139.6926333
岩槻区,35.97711111,139.728675
岩槻区,35.97718889,139.7187667
岩槻区,35.97725556,139.7201056
岩槻区,35.97726667,139.7046778
岩槻区,35.97733333,139.7128
岩槻区,35.97745556,139.7266306
岩槻区,35.97746667,139.7266389
岩槻区,35.97751389,139.700375
岩槻区,35.97755278,139.7166528
岩槻区,35.97760278,139.7217639
岩槻区,35.97760833,139.7143806
岩槻区,35.97773056,139.6930556
岩槻区,35.97775278,139.6979583
岩槻区,35.97781389,139.708175
岩槻区,35.97789444,139.7019056
岩槻区,35.97806944,139.7244944
岩槻区,35.97826944,139.7258833
岩槻区,35.97838056,139.6934306
岩槻区,35.97839444,139.7129083
岩槻区,35.9784,139.7284306
岩槻区,35.97843306,139.6914825
岩槻区,35.97845278,139.7117639
岩槻区,35.97854167,139.7022861
岩槻区,35.97854722,139.7274667
岩槻区,35.97869722,139.70565
岩槻区,35.97876389,139.715525
岩槻区,35.97879444,139.7050778
岩槻区,35.97890556,139.6996472
岩槻区,35.97903889,139.7287556
岩槻区,35.97905722,139.6923025
岩槻区,35.97909444,139.6945889
岩槻区,35.97911667,139.6945528
岩槻区,35.97925278,139.7104778
岩槻区,35.97932222,139.7275167
岩槻区,35.97955,139.7031611
岩槻区,35.97955,139.7238778
岩槻区,35.97955,139.70315
岩槻区,35.97955278,139.7127139
岩槻区,35.97958889,139.722875
岩槻区,35.97960833,139.7268722
岩槻区,35.97964722,139.7066333
岩槻区,35.97971389,139.7067028
岩槻区,35.97976111,139.7019583
岩槻区,35.97996389,139.708825
岩槻区,35.97996667,139.6961528
岩槻区,35.98015556,139.727725
岩槻区,35.98030278,139.7050028
岩槻区,35.98033333,139.7244333
岩槻区,35.98037722,139.7237311
岩槻区,35.98047778,139.6981361
岩槻区,35.98048333,139.7012833
岩槻区,35.98048333,139.7162139
岩槻区,35.98058056,139.7081083
岩槻区,35.98061389,139.7069111
岩槻区,35.98061944,139.7286694
岩槻区,35.98065278,139.7260167
岩槻区,35.98082222,139.7115611
岩槻区,35.98097222,139.7211194
岩槻区,35.98101111,139.7133528
岩槻区,35.98107778,139.7001944
岩槻区,35.98114444,139.7018806
岩槻区,35.98118889,139.7023611
岩槻区,35.9814,139.723975
岩槻区,35.98166667,139.6972472
岩槻区,35.98180556,139.7068111
岩槻区,35.98182778,139.7068444
岩槻区,35.98183333,139.7059556
岩槻区,35.98212778,139.7038472
岩槻区,35.98221389,139.7209306
岩槻区,35.98248889,139.7244278
岩槻区,35.98273611,139.7150722
岩槻区,35.98318056,139.7046389
岩槻区,35.9832,139.7021583
岩槻区,35.98327222,139.7058778
岩槻区,35.98355556,139.70025
岩槻区,35.98370278,139.7146361
岩槻区,35.983875,139.7204139
岩槻区,35.98391389,139.7075444
岩槻区,35.98393611,139.7217583
岩槻区,35.984025,139.6985083
岩槻区,35.984225,139.7035833
岩槻区,35.98430833,139.704875
岩槻区,35.98432778,139.7048778
岩槻区,35.98440556,139.7022933
岩槻区,35.98441111,139.7096528
岩槻区,35.98441111,139.7207417
岩槻区,35.98459444,139.7194806
岩槻区,35.98485278,139.7114111
岩槻区,35.98486389,139.7114722
岩槻区,35.98527222,139.7031806
岩槻区,35.98527778,139.712725
岩槻区,35.98539722,139.7070361
岩槻区,35.98548889,139.7103556
岩槻区,35.98565,139.7146111
岩槻区,35.98588056,139.7185306
岩槻区,35.98588333,139.7050639
岩槻区,35.98589306,139.7023867
岩槻区,35.98591111,139.7169556
岩槻区,35.986425,139.7080028
岩槻区,35.98668333,139.7019722
岩槻区,35.98668611,139.7175667
岩槻区,35.98681667,139.7045333
岩槻区,35.98702222,139.7034806
岩槻区,35.98714722,139.7067778
岩槻区,35.98739167,139.7138761
岩槻区,35.98743611,139.7153139
岩槻区,35.98756944,139.7052806
岩槻区,35.98760278,139.7075694
岩槻区,35.98771111,139.7133944
岩槻区,35.98821111,139.7018972
岩槻区,35.98852222,139.7053028
岩槻区,35.98866944,139.7069528
岩槻区,35.98871389,139.7038639
岩槻区,35.98893889,139.7005694
岩槻区,35.98967778,139.7037611
岩槻区,35.99030278,139.7016778
岩槻区,35.99032778,139.7062278
岩槻区,35.991425,139.7074333
岩槻区,35.99161389,139.7048028
岩槻区,35.99215694,139.7011389
岩槻区,35.99281944,139.7038889
岩槻区,35.99304167,139.7006417
岩槻区,35.99428611,139.7044778
岩槻区,35.994425,139.6997472
岩槻区,35.99474444,139.6975944
岩槻区,35.99512222,139.6993528
岩槻区,35.99657778,139.6985386
岩槻区,35.99661944,139.6974222
岩槻区,35.99684167,139.6986139
岩槻区,35.99878333,139.6963944
